2026-04-19 02:52:27,482 - INFO - Arguments:
2026-04-19 02:52:27,482 - INFO -   ablate_concept_graph: False
2026-04-19 02:52:27,482 - INFO -   ablate_module1: False
2026-04-19 02:52:27,482 - INFO -   allow_self_loop: True
2026-04-19 02:52:27,482 - INFO -   alpha_min_target: 0.04
2026-04-19 02:52:27,482 - INFO -   batch_size: 64
2026-04-19 02:52:27,482 - INFO -   data_dir: ./data/junyi
2026-04-19 02:52:27,482 - INFO -   dataset_name: junyi
2026-04-19 02:52:27,482 - INFO -   debug_graph_diag: True
2026-04-19 02:52:27,482 - INFO -   diag_batches: 1
2026-04-19 02:52:27,483 - INFO -   disable_self_loop: False
2026-04-19 02:52:27,483 - INFO -   dropout: 0.4
2026-04-19 02:52:27,483 - INFO -   early_stop_patience: 3
2026-04-19 02:52:27,483 - INFO -   enable_module1: True
2026-04-19 02:52:27,483 - INFO -   epochs: 100
2026-04-19 02:52:27,483 - INFO -   generate_diagnosis: False
2026-04-19 02:52:27,483 - INFO -   gnn_residual_weight: 0.5
2026-04-19 02:52:27,483 - INFO -   gpu_candidates: None
2026-04-19 02:52:27,483 - INFO -   gpu_ids: None
2026-04-19 02:52:27,483 - INFO -   gpu_memory_threshold: 2000
2026-04-19 02:52:27,483 - INFO -   gpus: None
2026-04-19 02:52:27,483 - INFO -   graph_dropout: 0.0
2026-04-19 02:52:27,483 - INFO -   graph_entropy_max: 0.7
2026-04-19 02:52:27,483 - INFO -   graph_entropy_min: 0.15
2026-04-19 02:52:27,483 - INFO -   graph_identity_residual: 0.05
2026-04-19 02:52:27,483 - INFO -   graph_propagation_alpha: 0.25
2026-04-19 02:52:27,483 - INFO -   graph_query_readout_2hop_scale: 0.12
2026-04-19 02:52:27,483 - INFO -   graph_query_readout_scale: 0.45
2026-04-19 02:52:27,483 - INFO -   graph_query_writeback_2hop_scale: 0.12
2026-04-19 02:52:27,483 - INFO -   graph_query_writeback_scale: 0.45
2026-04-19 02:52:27,483 - INFO -   graph_readout_1hop_scale: 0.45
2026-04-19 02:52:27,483 - INFO -   graph_readout_2hop_scale: 0.12
2026-04-19 02:52:27,483 - INFO -   graph_reg_cap_ratio: 6.0
2026-04-19 02:52:27,483 - INFO -   graph_reg_warmup_epochs: 2
2026-04-19 02:52:27,483 - INFO -   graph_tau_init: 0.55
2026-04-19 02:52:27,483 - INFO -   graph_topk: 24
2026-04-19 02:52:27,483 - INFO -   graph_uniform_margin: 0.12
2026-04-19 02:52:27,483 - INFO -   knowledge_dim: 128
2026-04-19 02:52:27,483 - INFO -   lambda_alpha: 0.0
2026-04-19 02:52:27,483 - INFO -   lambda_alpha_min: 0.05
2026-04-19 02:52:27,483 - INFO -   lambda_graph_diag: 0.12
2026-04-19 02:52:27,484 - INFO -   lambda_graph_uniform: 0.06
2026-04-19 02:52:27,484 - INFO -   lambda_personal_kl: 0.03
2026-04-19 02:52:27,484 - INFO -   lambda_personal_query_residual: 0.08
2026-04-19 02:52:27,484 - INFO -   lambda_sparse: 0.6
2026-04-19 02:52:27,484 - INFO -   lambda_sparse_personal: 0.0005
2026-04-19 02:52:27,484 - INFO -   learning_rate: 0.003
2026-04-19 02:52:27,484 - INFO -   log_dir: logs/abce_diag/remote_rerun_20260419_6ddddcc/junyi/seed42/best_full
2026-04-19 02:52:27,484 - INFO -   max_test_batches: None
2026-04-19 02:52:27,484 - INFO -   max_train_batches: None
2026-04-19 02:52:27,484 - INFO -   max_val_batches: None
2026-04-19 02:52:27,484 - INFO -   min_exer_interactions: 0
2026-04-19 02:52:27,484 - INFO -   min_poison_count: 0
2026-04-19 02:52:27,484 - INFO -   min_stu_interactions: 15
2026-04-19 02:52:27,484 - INFO -   model_variant: junyi_abce_best_full
2026-04-19 02:52:27,484 - INFO -   multi_gpu: False
2026-04-19 02:52:27,484 - INFO -   no_cuda: False
2026-04-19 02:52:27,484 - INFO -   num_gnn_layers: 2
2026-04-19 02:52:27,484 - INFO -   num_gpus: 1
2026-04-19 02:52:27,484 - INFO -   num_relation_heads: 2
2026-04-19 02:52:27,484 - INFO -   num_workers: 4
2026-04-19 02:52:27,484 - INFO -   patience: 1
2026-04-19 02:52:27,484 - INFO -   personal_alpha_base_init: 0.04
2026-04-19 02:52:27,484 - INFO -   personal_alpha_bias_scale: 0.0
2026-04-19 02:52:27,484 - INFO -   personal_alpha_budget: 0.09
2026-04-19 02:52:27,484 - INFO -   personal_alpha_temperature: 1.8
2026-04-19 02:52:27,484 - INFO -   personal_delta_scale: 4.0
2026-04-19 02:52:27,484 - INFO -   personal_disable_student_global_context: True
2026-04-19 02:52:27,484 - INFO -   personal_id_lr_mult: 0.25
2026-04-19 02:52:27,484 - INFO -   personal_include_neighbor_rows: False
2026-04-19 02:52:27,484 - INFO -   personal_local_hops: 1
2026-04-19 02:52:27,484 - INFO -   personal_max_alpha: 0.26
2026-04-19 02:52:27,485 - INFO -   personal_neighbor_row_budget: 0.2
2026-04-19 02:52:27,485 - INFO -   personal_query_correction_max_ratio: 0.2
2026-04-19 02:52:27,485 - INFO -   personal_query_correction_min_graph_anchor: 0.01
2026-04-19 02:52:27,485 - INFO -   personal_query_correction_scale: 0.6
2026-04-19 02:52:27,485 - INFO -   personal_query_message_gain: 1.0
2026-04-19 02:52:27,485 - INFO -   personal_query_residual_margin: 0.05
2026-04-19 02:52:27,485 - INFO -   personal_query_row_budget: 1.3
2026-04-19 02:52:27,485 - INFO -   personal_query_support_hops: 1
2026-04-19 02:52:27,485 - INFO -   personal_rank: 8
2026-04-19 02:52:27,485 - INFO -   personal_reg_warmup_epochs: 5
2026-04-19 02:52:27,485 - INFO -   personal_state_lr_mult: 1.5
2026-04-19 02:52:27,485 - INFO -   personal_student_dim: 64
2026-04-19 02:52:27,485 - INFO -   personal_support_only: True
2026-04-19 02:52:27,485 - INFO -   personal_warmup_epochs: 5
2026-04-19 02:52:27,485 - INFO -   prediction_l2_lambda: 1e-05
2026-04-19 02:52:27,485 - INFO -   save_dir: checkpoints/abce_diag/remote_rerun_20260419_6ddddcc/junyi/seed42/best_full
2026-04-19 02:52:27,485 - INFO -   save_interval: 10
2026-04-19 02:52:27,485 - INFO -   seed: 42
2026-04-19 02:52:27,485 - INFO -   share_concept_embeddings: True
2026-04-19 02:52:27,485 - INFO -   use_concept_graph: True
2026-04-19 02:52:27,485 - INFO -   use_exercise_graph: True
2026-04-19 02:52:27,485 - INFO -   use_personal_graph: True
2026-04-19 02:52:27,485 - INFO -   weight_decay: 0.001
2026-04-19 02:52:27,571 - INFO - Using device: cuda:0 (physical gpu 3)
2026-04-19 02:52:27,571 - INFO - [junyi|junyi_abce_best_full|lr=0.003|drop=0.40] Loading datasets...
2026-04-19 02:52:27,572 - INFO - [junyi|junyi_abce_best_full|lr=0.003|drop=0.40] Regularization: graph_entropy(lambda_sparse)=0.600000, graph_diag=0.120000, graph_uniform=0.060000, personal_sparse=0.000500, personal_kl=0.030000, personal_query_residual=0.080000, alpha_penalty=0.000000, alpha_min=0.050000, prediction_l2=0.000010
2026-04-19 02:52:27,572 - INFO - [junyi|junyi_abce_best_full|lr=0.003|drop=0.40] Graph controls: entropy_band=[0.15, 0.70], uniform_margin=0.12, warmup_epochs=2, cap_ratio=6.00, graph_dropout=0.000, graph_tau_init=0.550
2026-04-19 02:52:27,572 - INFO - [junyi|junyi_abce_best_full|lr=0.003|drop=0.40] Personal controls: personal_max_alpha=0.260, personal_delta_scale=4.000, personal_warmup_epochs=5, personal_student_dim=64, alpha_min_target=0.0400, personal_local_hops=1, include_neighbor_rows=False, personal_support_only=True, personal_alpha_temperature=1.800, personal_alpha_budget=0.090, personal_query_row_budget=1.300, personal_neighbor_row_budget=0.200, personal_query_support_hops=1, personal_query_message_gain=1.000, personal_query_correction_scale=0.600, personal_state_lr_mult=1.500, personal_id_lr_mult=0.250, graph_propagation_alpha=0.250, graph_query_readout_scale=0.450, graph_query_readout_2hop_scale=0.120
2026-04-19 02:52:27,677 - INFO - [junyi] [数据清洗] 学生交互次数 < 15 次的学生：共移除 2188 个学生（仅统计用户数）
2026-04-19 02:52:27,693 - INFO - [junyi] [数据清洗] 学生冷启动过滤：在 train/valid/test 中共删除 35779 条记录。
2026-04-19 02:52:27,693 - INFO - [junyi] [数据清洗] 跳过题目冷门过滤（min_exer_interactions <= 0）。
2026-04-19 02:52:27,694 - INFO - [junyi] [数据清洗] 跳过毒题清洗（min_poison_count <= 0）。
2026-04-19 02:52:27,694 - INFO - [junyi] 正在构建ID映射...
2026-04-19 02:52:27,913 - INFO - [junyi] 正在构建Q矩阵...
2026-04-19 02:52:33,678 - INFO - [junyi] [数据清洗] Valid train-seen 过滤：before=22111, after=22111, dropped=0, coverage=100.00%
2026-04-19 02:52:33,681 - INFO - [junyi] [数据清洗] Test train-seen 过滤：before=60499, after=60494, dropped=5, coverage=99.99%
2026-04-19 02:52:33,682 - INFO - [junyi] [统计] 开始统计清洗后每道题的概念数量分布...
2026-04-19 02:52:33,685 - INFO - [junyi] [Train] 概念数统计：题目数=697, 平均概念数=1.0000, min=1, max=1, 1概念=697 (100.00%), ≥2概念=0 (0.00%)
2026-04-19 02:52:33,685 - INFO - [junyi] [Train] 概念数直方图（概念数: 题目数量）: {1: 697}
2026-04-19 02:52:33,685 - INFO - [junyi] [Valid] 概念数统计：题目数=614, 平均概念数=1.0000, min=1, max=1, 1概念=614 (100.00%), ≥2概念=0 (0.00%)
2026-04-19 02:52:33,685 - INFO - [junyi] [Valid] 概念数直方图（概念数: 题目数量）: {1: 614}
2026-04-19 02:52:33,686 - INFO - [junyi] [Test] 概念数统计：题目数=663, 平均概念数=1.0000, min=1, max=1, 1概念=663 (100.00%), ≥2概念=0 (0.00%)
2026-04-19 02:52:33,686 - INFO - [junyi] [Test] 概念数直方图（概念数: 题目数量）: {1: 663}
2026-04-19 02:52:33,686 - INFO - [junyi] [统计] 概念数量统计完成。
2026-04-19 02:52:33,686 - INFO - [junyi] 正在加载数据集...
2026-04-19 02:52:33,768 - INFO - [junyi|junyi_abce_best_full|lr=0.003|drop=0.40] Train samples: 235446, Val samples: 22111
2026-04-19 02:52:33,768 - INFO - [junyi|junyi_abce_best_full|lr=0.003|drop=0.40] Number of students: 7812
2026-04-19 02:52:33,768 - INFO - [junyi|junyi_abce_best_full|lr=0.003|drop=0.40] Number of exercises: 697
2026-04-19 02:52:33,768 - INFO - [junyi|junyi_abce_best_full|lr=0.003|drop=0.40] Number of concepts: 697
2026-04-19 02:52:33,768 - INFO - [junyi|junyi_abce_best_full|lr=0.003|drop=0.40] Creating model...
2026-04-19 02:52:33,768 - INFO - [junyi|junyi_abce_best_full|lr=0.003|drop=0.40] Ablation switches: ablate_module1=False | enable_module1=True | use_concept_graph=True | effective(num_gnn_layers=2)
2026-04-19 02:52:33,997 - INFO - [junyi|junyi_abce_best_full|lr=0.003|drop=0.40] Ablation runtime check: args(ablate_module1=False) | expect(use_concept_graph=True,use_personal_graph=True) | model(enable_module1=True,use_concept_graph=True,use_personal_graph=True) | physical(has_knowledge_encoder=True,has_relation_learning=True,has_adaptive_gate=True,has_personal_generator=True)
2026-04-19 02:52:33,997 - INFO - [junyi|junyi_abce_best_full|lr=0.003|drop=0.40] Debug diagnostics enabled: diag_batches=1
2026-04-19 02:52:34,013 - INFO - [junyi|junyi_abce_best_full|lr=0.003|drop=0.40] [Graph Init] graph_tau_mean=1.0055, graph_tau_std=0.0000, graph_dropout=0.000, use_personal_graph=True
2026-04-19 02:52:34,014 - INFO - [junyi|junyi_abce_best_full|lr=0.003|drop=0.40] Total parameters: 8,273,998
2026-04-19 02:52:34,014 - INFO - [junyi|junyi_abce_best_full|lr=0.003|drop=0.40] Trainable parameters: 8,273,998
2026-04-19 02:52:34,864 - INFO - [junyi|junyi_abce_best_full|lr=0.003|drop=0.40] Optimizer param groups: backbone@lr=0.003, personal_state@lr=0.0045, personal_id@lr=0.00075
2026-04-19 02:52:34,864 - INFO - [junyi|junyi_abce_best_full|lr=0.003|drop=0.40] Monitor config: scheduler=val_auc(max), best_checkpoint=val_auc(max), early_stop=val_auc(max)
2026-04-19 02:52:34,864 - INFO - [junyi|junyi_abce_best_full|lr=0.003|drop=0.40] Starting training...
2026-04-19 02:55:51,152 - INFO - [junyi|junyi_abce_best_full|lr=0.003|drop=0.40] Epoch [001/100] | Train: Loss=0.5327, BCE=0.5252, Reg=0.0074, AUC=0.7821, ACC=0.7398, RMSE=0.4188 | Val: Loss=0.5202, BCE=0.5132, Reg=0.0070, AUC=0.7947, ACC=0.7541, RMSE=0.4111
2026-04-19 02:55:51,152 - INFO - [junyi|junyi_abce_best_full|lr=0.003|drop=0.40] [Reg Terms] Epoch [001] | Train: graph_entropy=0.000000, graph_diag=0.003279, graph_uniform=0.003375, graph_reg_scale=1.0000, prediction_l2=0.000000, personal_sparse=0.000237, alpha_var=0.000000, alpha_collapse=0.000327, reg_bce_ratio=0.0141 | Val: graph_entropy=0.000000, graph_diag=0.003000, graph_uniform=0.003377, graph_reg_scale=1.0000, prediction_l2=0.000000, personal_sparse=0.000244, alpha_var=0.000000, alpha_collapse=0.000232, reg_bce_ratio=0.0137
2026-04-19 02:55:51,331 - INFO - [junyi|junyi_abce_best_full|lr=0.003|drop=0.40] [Diag][AE] Epoch [001] | irt_abs_mean=1.6897, irt_std=1.0645, personal_warmup_scale=0.20, graph_row_entropy=3.2177, graph_entropy_ratio=0.4915, alpha_mean=0.1242, alpha_std=0.0168, alpha_base_mean=0.1242, alpha_delta_absmean=0.0049, alpha_saturation_ratio=0.0000, alpha_bias_std=NA, alpha_state_path=0.0985, alpha_id_path=0.0000, alpha_bias_path=0.0000, head_bias_path=0.2446, personal_row_entropy=2.4424, personal_matrix_delta=0.0430, personal_matrix_student_std=0.0455, personal_delta_pre_softmax_norm=2.7686, personal_delta_student_std=2.6892, alpha_head_std=0.0168, query_row_global_readout_delta=0.0187, query_row_personal_message_delta=0.0001, query_row_posterior_delta_abs=0.0430, query_row_posterior_kl=0.0310, query_row_delta_local_rms_raw=0.0014, query_row_message_projection_gain=0.0322, personal_to_graph_query_ratio=0.0052, query_row_global_support_mass=0.9203, query_row_personal_support_mass=0.9203, neighbor_row_personal_delta=0.0000, personal_row_budget_mean=1.3000, personal_query_row_std=0.1124, readout_query_support_mass=0.9203, personal_student_mix=0.0500, personal_student_adapter=0.0400, local_row_ratio=0.0692, support_density=1.0000, readout_query_delta=0.0188, personal_bad_rows_active=0.00, personal_fallback_rows_active=0.00, personal_bad_row_rate_active=0.0000, personal_padded_rows=0.00, personal_logits_support_absmax=6.7936, personal_query_trust_scale_mean=1.0000, personal_bad_rows_legacy=0.00, personal_fallback_rows_legacy=0.00, personal_logits_absmax_legacy=6.7936
2026-04-19 02:55:51,331 - INFO - [junyi|junyi_abce_best_full|lr=0.003|drop=0.40] [Diag][A] Epoch [001] | entropy_ratio=0.4915, diag_mass=0.0500, to_uniform_l2=0.007448, to_identity_l2=0.036726, relation_identity_delta=0.036726, knowledge_state_graph_delta=0.252845, knowledge_state_personal_delta=0.000000, share_concept_embeddings=True, tau_mean=0.6931, tau_std=0.0000, graph_reg_scale(train/val)=1.0000/1.0000
2026-04-19 02:55:51,331 - INFO - [junyi|junyi_abce_best_full|lr=0.003|drop=0.40] [Grad Norms] Epoch [001] | relation_emb=3.213654e-01, relation_tau=4.698888e-13, relation_wq=2.350358e-09, relation_wk=2.129057e-09, personal_u=1.873159e-03, personal_v=7.805410e-04, personal_alpha_bias=0.000000e+00, personal_gate_emb=4.401074e-13, personal_gate_state_proj=1.820373e-16, personal_gate_context_proj=9.831572e-16, personal_gate_state_direct=4.855711e-08, personal_gate_id_direct=1.028304e-13, personal_gate_context_direct=2.622499e-07, personal_gate_out=1.914288e-08, personal_generator_emb=1.980817e-22, personal_generator_context_proj=2.956020e-18, personal_generator_context_hidden=1.991481e-15, personal_generator_context_to_u=3.444857e-12, personal_generator_context_to_v=2.625645e-12, personal_generator_state_row=5.237381e-12, personal_generator_state_col=3.991894e-12, personal_generator_id_row=5.400197e-13, personal_generator_id_col=4.115991e-13, personal_generator_state_adapter=1.994169e-16, personal_generator_id_adapter=3.918046e-18, personal_generator_context_adapter=1.127651e-16, personal_generator_direct_scale=5.065533e-07
2026-04-19 02:55:51,562 - INFO - [junyi|junyi_abce_best_full|lr=0.003|drop=0.40] -> New best AUC=0.7947 at epoch 1
2026-04-19 02:59:07,428 - INFO - [junyi|junyi_abce_best_full|lr=0.003|drop=0.40] Epoch [002/100] | Train: Loss=0.5323, BCE=0.5187, Reg=0.0137, AUC=0.7885, ACC=0.7447, RMSE=0.4156 | Val: Loss=0.5244, BCE=0.5108, Reg=0.0136, AUC=0.7951, ACC=0.7549, RMSE=0.4111
2026-04-19 02:59:07,429 - INFO - [junyi|junyi_abce_best_full|lr=0.003|drop=0.40] [Reg Terms] Epoch [002] | Train: graph_entropy=0.000000, graph_diag=0.006007, graph_uniform=0.006753, graph_reg_scale=1.0000, prediction_l2=0.000000, personal_sparse=0.000479, alpha_var=0.000000, alpha_collapse=0.000025, reg_bce_ratio=0.0263 | Val: graph_entropy=0.000000, graph_diag=0.006000, graph_uniform=0.006753, graph_reg_scale=1.0000, prediction_l2=0.000000, personal_sparse=0.000487, alpha_var=0.000000, alpha_collapse=0.000008, reg_bce_ratio=0.0267
2026-04-19 02:59:07,609 - INFO - [junyi|junyi_abce_best_full|lr=0.003|drop=0.40] [Diag][AE] Epoch [002] | irt_abs_mean=1.6056, irt_std=0.9221, personal_warmup_scale=0.40, graph_row_entropy=3.2177, graph_entropy_ratio=0.4915, alpha_mean=0.1301, alpha_std=0.0382, alpha_base_mean=0.1300, alpha_delta_absmean=0.0283, alpha_saturation_ratio=0.0000, alpha_bias_std=NA, alpha_state_path=0.5988, alpha_id_path=0.0000, alpha_bias_path=0.0000, head_bias_path=0.4149, personal_row_entropy=2.4483, personal_matrix_delta=0.0427, personal_matrix_student_std=0.0445, personal_delta_pre_softmax_norm=2.7781, personal_delta_student_std=2.6894, alpha_head_std=0.0379, query_row_global_readout_delta=0.0226, query_row_personal_message_delta=0.0002, query_row_posterior_delta_abs=0.0427, query_row_posterior_kl=0.0307, query_row_delta_local_rms_raw=0.0019, query_row_message_projection_gain=0.0448, personal_to_graph_query_ratio=0.0087, query_row_global_support_mass=1.1124, query_row_personal_support_mass=1.1124, neighbor_row_personal_delta=0.0000, personal_row_budget_mean=1.3000, personal_query_row_std=0.1161, readout_query_support_mass=1.1124, personal_student_mix=0.0500, personal_student_adapter=0.0400, local_row_ratio=0.0690, support_density=1.0000, readout_query_delta=0.0226, personal_bad_rows_active=0.00, personal_fallback_rows_active=0.00, personal_bad_row_rate_active=0.0000, personal_padded_rows=0.00, personal_logits_support_absmax=6.7972, personal_query_trust_scale_mean=1.0000, personal_bad_rows_legacy=0.00, personal_fallback_rows_legacy=0.00, personal_logits_absmax_legacy=6.7972
2026-04-19 02:59:07,610 - INFO - [junyi|junyi_abce_best_full|lr=0.003|drop=0.40] [Diag][A] Epoch [002] | entropy_ratio=0.4915, diag_mass=0.0500, to_uniform_l2=0.007448, to_identity_l2=0.036726, relation_identity_delta=0.036726, knowledge_state_graph_delta=0.221569, knowledge_state_personal_delta=0.000000, share_concept_embeddings=True, tau_mean=0.6931, tau_std=0.0000, graph_reg_scale(train/val)=1.0000/1.0000
2026-04-19 02:59:07,610 - INFO - [junyi|junyi_abce_best_full|lr=0.003|drop=0.40] [Grad Norms] Epoch [002] | relation_emb=3.275905e-01, relation_tau=6.928090e-12, relation_wq=9.622155e-09, relation_wk=1.014813e-08, personal_u=1.660409e-03, personal_v=1.127036e-03, personal_alpha_bias=0.000000e+00, personal_gate_emb=1.541209e-12, personal_gate_state_proj=1.901658e-15, personal_gate_context_proj=6.309587e-12, personal_gate_state_direct=7.842933e-09, personal_gate_id_direct=7.901934e-13, personal_gate_context_direct=2.561496e-05, personal_gate_out=5.965920e-09, personal_generator_emb=5.056213e-21, personal_generator_context_proj=1.176237e-17, personal_generator_context_hidden=3.588060e-15, personal_generator_context_to_u=6.266441e-12, personal_generator_context_to_v=4.634345e-12, personal_generator_state_row=9.115274e-12, personal_generator_state_col=6.741198e-12, personal_generator_id_row=2.270544e-12, personal_generator_id_col=1.679180e-12, personal_generator_state_adapter=7.792723e-16, personal_generator_id_adapter=2.063969e-17, personal_generator_context_adapter=4.227607e-16, personal_generator_direct_scale=4.732776e-07
2026-04-19 02:59:08,396 - INFO - [junyi|junyi_abce_best_full|lr=0.003|drop=0.40] -> New best AUC=0.7951 at epoch 2
2026-04-19 03:02:24,967 - INFO - [junyi|junyi_abce_best_full|lr=0.003|drop=0.40] Epoch [003/100] | Train: Loss=0.5306, BCE=0.5165, Reg=0.0141, AUC=0.7910, ACC=0.7468, RMSE=0.4145 | Val: Loss=0.5250, BCE=0.5110, Reg=0.0141, AUC=0.7950, ACC=0.7557, RMSE=0.4107
2026-04-19 03:02:24,968 - INFO - [junyi|junyi_abce_best_full|lr=0.003|drop=0.40] [Reg Terms] Epoch [003] | Train: graph_entropy=0.000000, graph_diag=0.006010, graph_uniform=0.006753, graph_reg_scale=1.0000, prediction_l2=0.000000, personal_sparse=0.000720, alpha_var=0.000000, alpha_collapse=0.000006, reg_bce_ratio=0.0273 | Val: graph_entropy=0.000000, graph_diag=0.006000, graph_uniform=0.006753, graph_reg_scale=1.0000, prediction_l2=0.000000, personal_sparse=0.000725, alpha_var=0.000000, alpha_collapse=0.000005, reg_bce_ratio=0.0275
2026-04-19 03:02:25,172 - INFO - [junyi|junyi_abce_best_full|lr=0.003|drop=0.40] [Diag][AE] Epoch [003] | irt_abs_mean=1.5802, irt_std=1.0575, personal_warmup_scale=0.60, graph_row_entropy=3.2177, graph_entropy_ratio=0.4915, alpha_mean=0.1300, alpha_std=0.0388, alpha_base_mean=0.1300, alpha_delta_absmean=0.0335, alpha_saturation_ratio=0.0000, alpha_bias_std=NA, alpha_state_path=0.7322, alpha_id_path=0.0000, alpha_bias_path=0.0000, head_bias_path=0.2737, personal_row_entropy=2.4157, personal_matrix_delta=0.0439, personal_matrix_student_std=0.0468, personal_delta_pre_softmax_norm=2.7366, personal_delta_student_std=2.6689, alpha_head_std=0.0378, query_row_global_readout_delta=0.0222, query_row_personal_message_delta=0.0001, query_row_posterior_delta_abs=0.0439, query_row_posterior_kl=0.0320, query_row_delta_local_rms_raw=0.0009, query_row_message_projection_gain=0.0200, personal_to_graph_query_ratio=0.0032, query_row_global_support_mass=1.0817, query_row_personal_support_mass=1.0817, neighbor_row_personal_delta=0.0000, personal_row_budget_mean=1.3000, personal_query_row_std=0.1325, readout_query_support_mass=1.0817, personal_student_mix=0.0500, personal_student_adapter=0.0400, local_row_ratio=0.0688, support_density=1.0000, readout_query_delta=0.0221, personal_bad_rows_active=0.00, personal_fallback_rows_active=0.00, personal_bad_row_rate_active=0.0000, personal_padded_rows=0.00, personal_logits_support_absmax=6.7577, personal_query_trust_scale_mean=1.0000, personal_bad_rows_legacy=0.00, personal_fallback_rows_legacy=0.00, personal_logits_absmax_legacy=6.7577
2026-04-19 03:02:25,172 - INFO - [junyi|junyi_abce_best_full|lr=0.003|drop=0.40] [Diag][A] Epoch [003] | entropy_ratio=0.4915, diag_mass=0.0500, to_uniform_l2=0.007448, to_identity_l2=0.036726, relation_identity_delta=0.036726, knowledge_state_graph_delta=0.215708, knowledge_state_personal_delta=0.000000, share_concept_embeddings=True, tau_mean=0.6931, tau_std=0.0000, graph_reg_scale(train/val)=1.0000/1.0000
2026-04-19 03:02:25,172 - INFO - [junyi|junyi_abce_best_full|lr=0.003|drop=0.40] [Grad Norms] Epoch [003] | relation_emb=3.830254e-01, relation_tau=4.013509e-12, relation_wq=1.219339e-08, relation_wk=1.075482e-08, personal_u=3.440380e-03, personal_v=1.424124e-03, personal_alpha_bias=0.000000e+00, personal_gate_emb=2.873513e-11, personal_gate_state_proj=1.330081e-12, personal_gate_context_proj=2.712699e-09, personal_gate_state_direct=6.021385e-07, personal_gate_id_direct=2.897518e-11, personal_gate_context_direct=1.228263e-03, personal_gate_out=5.005139e-07, personal_generator_emb=1.672873e-20, personal_generator_context_proj=8.376842e-17, personal_generator_context_hidden=2.569244e-14, personal_generator_context_to_u=3.429572e-11, personal_generator_context_to_v=4.070652e-12, personal_generator_state_row=2.258289e-11, personal_generator_state_col=2.680424e-12, personal_generator_id_row=5.645723e-12, personal_generator_id_col=6.701059e-13, personal_generator_state_adapter=1.044645e-16, personal_generator_id_adapter=2.102766e-17, personal_generator_context_adapter=1.902510e-15, personal_generator_direct_scale=2.059090e-06
2026-04-19 03:02:25,172 - INFO - [junyi|junyi_abce_best_full|lr=0.003|drop=0.40] -> No improvement 1 epoch(s) (best AUC=0.7951 @ 2)
2026-04-19 03:05:38,649 - INFO - [junyi|junyi_abce_best_full|lr=0.003|drop=0.40] Epoch [004/100] | Train: Loss=0.5299, BCE=0.5154, Reg=0.0145, AUC=0.7923, ACC=0.7479, RMSE=0.4139 | Val: Loss=0.5245, BCE=0.5100, Reg=0.0145, AUC=0.7989, ACC=0.7574, RMSE=0.4101
2026-04-19 03:05:38,650 - INFO - [junyi|junyi_abce_best_full|lr=0.003|drop=0.40] [Reg Terms] Epoch [004] | Train: graph_entropy=0.000000, graph_diag=0.006009, graph_uniform=0.006753, graph_reg_scale=1.0000, prediction_l2=0.000000, personal_sparse=0.000963, alpha_var=0.000000, alpha_collapse=0.000006, reg_bce_ratio=0.0282 | Val: graph_entropy=0.000000, graph_diag=0.006000, graph_uniform=0.006753, graph_reg_scale=1.0000, prediction_l2=0.000000, personal_sparse=0.000940, alpha_var=0.000000, alpha_collapse=0.000016, reg_bce_ratio=0.0285
2026-04-19 03:05:38,846 - INFO - [junyi|junyi_abce_best_full|lr=0.003|drop=0.40] [Diag][AE] Epoch [004] | irt_abs_mean=1.7888, irt_std=0.9880, personal_warmup_scale=0.80, graph_row_entropy=3.2177, graph_entropy_ratio=0.4915, alpha_mean=0.1297, alpha_std=0.0378, alpha_base_mean=0.1300, alpha_delta_absmean=0.0291, alpha_saturation_ratio=0.0000, alpha_bias_std=NA, alpha_state_path=0.6133, alpha_id_path=0.0000, alpha_bias_path=0.0000, head_bias_path=0.2109, personal_row_entropy=2.3359, personal_matrix_delta=0.0465, personal_matrix_student_std=0.0511, personal_delta_pre_softmax_norm=2.6630, personal_delta_student_std=2.5964, alpha_head_std=0.0369, query_row_global_readout_delta=0.0207, query_row_personal_message_delta=0.0004, query_row_posterior_delta_abs=0.0465, query_row_posterior_kl=0.0354, query_row_delta_local_rms_raw=0.0051, query_row_message_projection_gain=0.1095, personal_to_graph_query_ratio=0.0186, query_row_global_support_mass=0.8074, query_row_personal_support_mass=0.8074, neighbor_row_personal_delta=0.0000, personal_row_budget_mean=1.3000, personal_query_row_std=0.1430, readout_query_support_mass=0.8074, personal_student_mix=0.0499, personal_student_adapter=0.0400, local_row_ratio=0.0693, support_density=1.0000, readout_query_delta=0.0206, personal_bad_rows_active=0.00, personal_fallback_rows_active=0.00, personal_bad_row_rate_active=0.0000, personal_padded_rows=0.00, personal_logits_support_absmax=6.7016, personal_query_trust_scale_mean=1.0000, personal_bad_rows_legacy=0.00, personal_fallback_rows_legacy=0.00, personal_logits_absmax_legacy=6.7016
2026-04-19 03:05:38,846 - INFO - [junyi|junyi_abce_best_full|lr=0.003|drop=0.40] [Diag][A] Epoch [004] | entropy_ratio=0.4915, diag_mass=0.0500, to_uniform_l2=0.007448, to_identity_l2=0.036726, relation_identity_delta=0.036726, knowledge_state_graph_delta=0.220026, knowledge_state_personal_delta=0.000000, share_concept_embeddings=True, tau_mean=0.6931, tau_std=0.0000, graph_reg_scale(train/val)=1.0000/1.0000
2026-04-19 03:05:38,847 - INFO - [junyi|junyi_abce_best_full|lr=0.003|drop=0.40] [Grad Norms] Epoch [004] | relation_emb=3.053124e-01, relation_tau=9.670099e-12, relation_wq=1.850794e-08, relation_wk=1.633022e-08, personal_u=3.625329e-03, personal_v=1.831036e-03, personal_alpha_bias=0.000000e+00, personal_gate_emb=1.512006e-11, personal_gate_state_proj=3.534736e-15, personal_gate_context_proj=7.168151e-12, personal_gate_state_direct=1.897001e-08, personal_gate_id_direct=1.162354e-11, personal_gate_context_direct=3.589939e-05, personal_gate_out=1.756405e-08, personal_generator_emb=6.108693e-19, personal_generator_context_proj=1.678295e-16, personal_generator_context_hidden=4.832667e-14, personal_generator_context_to_u=5.969718e-11, personal_generator_context_to_v=3.513111e-11, personal_generator_state_row=5.275945e-11, personal_generator_state_col=3.104833e-11, personal_generator_id_row=1.318986e-11, personal_generator_id_col=7.762081e-12, personal_generator_state_adapter=1.130408e-15, personal_generator_id_adapter=5.911326e-17, personal_generator_context_adapter=6.264864e-16, personal_generator_direct_scale=1.152421e-05
2026-04-19 03:05:39,580 - INFO - [junyi|junyi_abce_best_full|lr=0.003|drop=0.40] -> New best AUC=0.7989 at epoch 4
2026-04-19 03:08:52,815 - INFO - [junyi|junyi_abce_best_full|lr=0.003|drop=0.40] Epoch [005/100] | Train: Loss=0.5298, BCE=0.5148, Reg=0.0150, AUC=0.7928, ACC=0.7477, RMSE=0.4137 | Val: Loss=0.5184, BCE=0.5035, Reg=0.0149, AUC=0.8001, ACC=0.7601, RMSE=0.4072
2026-04-19 03:08:52,815 - INFO - [junyi|junyi_abce_best_full|lr=0.003|drop=0.40] [Reg Terms] Epoch [005] | Train: graph_entropy=0.000000, graph_diag=0.006010, graph_uniform=0.006753, graph_reg_scale=1.0000, prediction_l2=0.000000, personal_sparse=0.001199, alpha_var=0.000000, alpha_collapse=0.000005, reg_bce_ratio=0.0290 | Val: graph_entropy=0.000000, graph_diag=0.006000, graph_uniform=0.006753, graph_reg_scale=1.0000, prediction_l2=0.000000, personal_sparse=0.001192, alpha_var=0.000000, alpha_collapse=0.000017, reg_bce_ratio=0.0297
2026-04-19 03:08:53,068 - INFO - [junyi|junyi_abce_best_full|lr=0.003|drop=0.40] [Diag][AE] Epoch [005] | irt_abs_mean=1.5529, irt_std=0.9413, personal_warmup_scale=1.00, graph_row_entropy=3.2177, graph_entropy_ratio=0.4915, alpha_mean=0.1305, alpha_std=0.0398, alpha_base_mean=0.1302, alpha_delta_absmean=0.0274, alpha_saturation_ratio=0.0000, alpha_bias_std=NA, alpha_state_path=0.5775, alpha_id_path=0.0000, alpha_bias_path=0.0000, head_bias_path=0.1631, personal_row_entropy=2.3821, personal_matrix_delta=0.0442, personal_matrix_student_std=0.0470, personal_delta_pre_softmax_norm=2.7012, personal_delta_student_std=2.6028, alpha_head_std=0.0379, query_row_global_readout_delta=0.0248, query_row_personal_message_delta=0.0003, query_row_posterior_delta_abs=0.0442, query_row_posterior_kl=0.0328, query_row_delta_local_rms_raw=0.0041, query_row_message_projection_gain=0.0923, personal_to_graph_query_ratio=0.0127, query_row_global_support_mass=1.1470, query_row_personal_support_mass=1.1470, neighbor_row_personal_delta=0.0000, personal_row_budget_mean=1.3000, personal_query_row_std=0.2455, readout_query_support_mass=1.1470, personal_student_mix=0.0500, personal_student_adapter=0.0400, local_row_ratio=0.0684, support_density=1.0000, readout_query_delta=0.0246, personal_bad_rows_active=0.00, personal_fallback_rows_active=0.00, personal_bad_row_rate_active=0.0000, personal_padded_rows=0.00, personal_logits_support_absmax=6.8073, personal_query_trust_scale_mean=1.0000, personal_bad_rows_legacy=0.00, personal_fallback_rows_legacy=0.00, personal_logits_absmax_legacy=6.8073
2026-04-19 03:08:53,068 - INFO - [junyi|junyi_abce_best_full|lr=0.003|drop=0.40] [Diag][A] Epoch [005] | entropy_ratio=0.4915, diag_mass=0.0500, to_uniform_l2=0.007448, to_identity_l2=0.036726, relation_identity_delta=0.036726, knowledge_state_graph_delta=0.214127, knowledge_state_personal_delta=0.000000, share_concept_embeddings=True, tau_mean=0.6932, tau_std=0.0000, graph_reg_scale(train/val)=1.0000/1.0000
2026-04-19 03:08:53,068 - INFO - [junyi|junyi_abce_best_full|lr=0.003|drop=0.40] [Grad Norms] Epoch [005] | relation_emb=3.889921e-01, relation_tau=7.466605e-12, relation_wq=1.582198e-08, relation_wk=1.399789e-08, personal_u=1.760758e-03, personal_v=9.097308e-04, personal_alpha_bias=0.000000e+00, personal_gate_emb=4.314468e-11, personal_gate_state_proj=9.848419e-15, personal_gate_context_proj=1.163730e-11, personal_gate_state_direct=1.539700e-07, personal_gate_id_direct=3.302371e-11, personal_gate_context_direct=1.830007e-04, personal_gate_out=5.261614e-08, personal_generator_emb=4.646618e-15, personal_generator_context_proj=1.880727e-17, personal_generator_context_hidden=2.368358e-15, personal_generator_context_to_u=3.137274e-12, personal_generator_context_to_v=1.750231e-12, personal_generator_state_row=3.801099e-12, personal_generator_state_col=2.140870e-12, personal_generator_id_row=9.594743e-13, personal_generator_id_col=5.351162e-13, personal_generator_state_adapter=2.353329e-16, personal_generator_id_adapter=3.003762e-18, personal_generator_context_adapter=2.450569e-16, personal_generator_direct_scale=6.007085e-07
2026-04-19 03:08:53,794 - INFO - [junyi|junyi_abce_best_full|lr=0.003|drop=0.40] -> New best AUC=0.8001 at epoch 5
2026-04-19 03:12:03,029 - INFO - [junyi|junyi_abce_best_full|lr=0.003|drop=0.40] Epoch [006/100] | Train: Loss=0.5297, BCE=0.5148, Reg=0.0149, AUC=0.7930, ACC=0.7472, RMSE=0.4136 | Val: Loss=0.5234, BCE=0.5085, Reg=0.0149, AUC=0.7997, ACC=0.7559, RMSE=0.4101
2026-04-19 03:12:03,029 - INFO - [junyi|junyi_abce_best_full|lr=0.003|drop=0.40] [Reg Terms] Epoch [006] | Train: graph_entropy=0.000000, graph_diag=0.006010, graph_uniform=0.006753, graph_reg_scale=1.0000, prediction_l2=0.000000, personal_sparse=0.001203, alpha_var=0.000000, alpha_collapse=0.000005, reg_bce_ratio=0.0290 | Val: graph_entropy=0.000000, graph_diag=0.006000, graph_uniform=0.006753, graph_reg_scale=1.0000, prediction_l2=0.000000, personal_sparse=0.001233, alpha_var=0.000000, alpha_collapse=0.000009, reg_bce_ratio=0.0293
2026-04-19 03:12:03,233 - INFO - [junyi|junyi_abce_best_full|lr=0.003|drop=0.40] [Diag][AE] Epoch [006] | irt_abs_mean=1.5302, irt_std=0.8962, personal_warmup_scale=1.00, graph_row_entropy=3.2177, graph_entropy_ratio=0.4915, alpha_mean=0.1300, alpha_std=0.0368, alpha_base_mean=0.1300, alpha_delta_absmean=0.0234, alpha_saturation_ratio=0.0000, alpha_bias_std=NA, alpha_state_path=0.4906, alpha_id_path=0.0000, alpha_bias_path=0.0000, head_bias_path=0.1735, personal_row_entropy=2.4647, personal_matrix_delta=0.0423, personal_matrix_student_std=0.0458, personal_delta_pre_softmax_norm=2.7081, personal_delta_student_std=2.6604, alpha_head_std=0.0346, query_row_global_readout_delta=0.0258, query_row_personal_message_delta=0.0001, query_row_posterior_delta_abs=0.0423, query_row_posterior_kl=0.0302, query_row_delta_local_rms_raw=0.0012, query_row_message_projection_gain=0.0290, personal_to_graph_query_ratio=0.0036, query_row_global_support_mass=0.6828, query_row_personal_support_mass=0.6828, neighbor_row_personal_delta=0.0000, personal_row_budget_mean=1.3000, personal_query_row_std=0.1018, readout_query_support_mass=0.6828, personal_student_mix=0.0499, personal_student_adapter=0.0400, local_row_ratio=0.0686, support_density=1.0000, readout_query_delta=0.0259, personal_bad_rows_active=0.00, personal_fallback_rows_active=0.00, personal_bad_row_rate_active=0.0000, personal_padded_rows=0.00, personal_logits_support_absmax=6.7979, personal_query_trust_scale_mean=1.0000, personal_bad_rows_legacy=0.00, personal_fallback_rows_legacy=0.00, personal_logits_absmax_legacy=6.7979
2026-04-19 03:12:03,233 - INFO - [junyi|junyi_abce_best_full|lr=0.003|drop=0.40] [Diag][A] Epoch [006] | entropy_ratio=0.4915, diag_mass=0.0500, to_uniform_l2=0.007448, to_identity_l2=0.036726, relation_identity_delta=0.036726, knowledge_state_graph_delta=0.220850, knowledge_state_personal_delta=0.000000, share_concept_embeddings=True, tau_mean=0.6931, tau_std=0.0000, graph_reg_scale(train/val)=1.0000/1.0000
2026-04-19 03:12:03,233 - INFO - [junyi|junyi_abce_best_full|lr=0.003|drop=0.40] [Grad Norms] Epoch [006] | relation_emb=3.589557e-01, relation_tau=2.524510e-11, relation_wq=2.115307e-08, relation_wk=1.824411e-08, personal_u=8.013901e-05, personal_v=1.084665e-03, personal_alpha_bias=0.000000e+00, personal_gate_emb=8.325038e-12, personal_gate_state_proj=6.957159e-16, personal_gate_context_proj=5.966305e-13, personal_gate_state_direct=8.320068e-09, personal_gate_id_direct=1.007267e-11, personal_gate_context_direct=1.054820e-05, personal_gate_out=1.111472e-09, personal_generator_emb=2.603658e-15, personal_generator_context_proj=2.441400e-17, personal_generator_context_hidden=1.261354e-14, personal_generator_context_to_u=3.033552e-13, personal_generator_context_to_v=1.111708e-11, personal_generator_state_row=3.589301e-13, personal_generator_state_col=1.315332e-11, personal_generator_id_row=8.971330e-14, personal_generator_id_col=3.287734e-12, personal_generator_state_adapter=8.048169e-16, personal_generator_id_adapter=1.466587e-17, personal_generator_context_adapter=4.109319e-17, personal_generator_direct_scale=6.564484e-07
2026-04-19 03:12:03,234 - INFO - [junyi|junyi_abce_best_full|lr=0.003|drop=0.40] -> No improvement 1 epoch(s) (best AUC=0.8001 @ 5)
2026-04-19 03:14:59,340 - INFO - [junyi|junyi_abce_best_full|lr=0.003|drop=0.40] Epoch [007/100] | Train: Loss=0.5290, BCE=0.5141, Reg=0.0149, AUC=0.7935, ACC=0.7489, RMSE=0.4133 | Val: Loss=0.5205, BCE=0.5055, Reg=0.0149, AUC=0.8008, ACC=0.7613, RMSE=0.4078
2026-04-19 03:14:59,341 - INFO - [junyi|junyi_abce_best_full|lr=0.003|drop=0.40] [Reg Terms] Epoch [007] | Train: graph_entropy=0.000000, graph_diag=0.006011, graph_uniform=0.006753, graph_reg_scale=1.0000, prediction_l2=0.000000, personal_sparse=0.001202, alpha_var=0.000000, alpha_collapse=0.000005, reg_bce_ratio=0.0291 | Val: graph_entropy=0.000000, graph_diag=0.006000, graph_uniform=0.006753, graph_reg_scale=1.0000, prediction_l2=0.000000, personal_sparse=0.001202, alpha_var=0.000000, alpha_collapse=0.000007, reg_bce_ratio=0.0296
2026-04-19 03:14:59,524 - INFO - [junyi|junyi_abce_best_full|lr=0.003|drop=0.40] [Diag][AE] Epoch [007] | irt_abs_mean=1.8098, irt_std=1.0011, personal_warmup_scale=1.00, graph_row_entropy=3.2177, graph_entropy_ratio=0.4915, alpha_mean=0.1299, alpha_std=0.0371, alpha_base_mean=0.1300, alpha_delta_absmean=0.0246, alpha_saturation_ratio=0.0000, alpha_bias_std=NA, alpha_state_path=0.5131, alpha_id_path=0.0000, alpha_bias_path=0.0000, head_bias_path=0.1684, personal_row_entropy=2.3626, personal_matrix_delta=0.0454, personal_matrix_student_std=0.0504, personal_delta_pre_softmax_norm=2.6768, personal_delta_student_std=2.6096, alpha_head_std=0.0355, query_row_global_readout_delta=0.0221, query_row_personal_message_delta=0.0003, query_row_posterior_delta_abs=0.0454, query_row_posterior_kl=0.0345, query_row_delta_local_rms_raw=0.0032, query_row_message_projection_gain=0.0716, personal_to_graph_query_ratio=0.0116, query_row_global_support_mass=1.0839, query_row_personal_support_mass=1.0839, neighbor_row_personal_delta=0.0000, personal_row_budget_mean=1.3000, personal_query_row_std=0.3073, readout_query_support_mass=1.0839, personal_student_mix=0.0500, personal_student_adapter=0.0400, local_row_ratio=0.0689, support_density=1.0000, readout_query_delta=0.0219, personal_bad_rows_active=0.00, personal_fallback_rows_active=0.00, personal_bad_row_rate_active=0.0000, personal_padded_rows=0.00, personal_logits_support_absmax=6.7845, personal_query_trust_scale_mean=1.0000, personal_bad_rows_legacy=0.00, personal_fallback_rows_legacy=0.00, personal_logits_absmax_legacy=6.7845
2026-04-19 03:14:59,524 - INFO - [junyi|junyi_abce_best_full|lr=0.003|drop=0.40] [Diag][A] Epoch [007] | entropy_ratio=0.4915, diag_mass=0.0500, to_uniform_l2=0.007448, to_identity_l2=0.036726, relation_identity_delta=0.036726, knowledge_state_graph_delta=0.220551, knowledge_state_personal_delta=0.000000, share_concept_embeddings=True, tau_mean=0.6931, tau_std=0.0001, graph_reg_scale(train/val)=1.0000/1.0000
2026-04-19 03:14:59,524 - INFO - [junyi|junyi_abce_best_full|lr=0.003|drop=0.40] [Grad Norms] Epoch [007] | relation_emb=4.803840e-01, relation_tau=1.143694e-11, relation_wq=2.080378e-08, relation_wk=2.024597e-08, personal_u=9.128568e-04, personal_v=1.037803e-03, personal_alpha_bias=0.000000e+00, personal_gate_emb=3.867346e-11, personal_gate_state_proj=6.520900e-15, personal_gate_context_proj=3.369165e-11, personal_gate_state_direct=4.149350e-08, personal_gate_id_direct=4.482317e-11, personal_gate_context_direct=1.710264e-04, personal_gate_out=5.740623e-08, personal_generator_emb=1.359048e-15, personal_generator_context_proj=4.183353e-18, personal_generator_context_hidden=1.344573e-15, personal_generator_context_to_u=1.379324e-12, personal_generator_context_to_v=7.133236e-13, personal_generator_state_row=8.640003e-13, personal_generator_state_col=4.463483e-13, personal_generator_id_row=2.129157e-13, personal_generator_id_col=1.101109e-13, personal_generator_state_adapter=2.775087e-17, personal_generator_id_adapter=1.313632e-18, personal_generator_context_adapter=4.996318e-17, personal_generator_direct_scale=1.060273e-07
2026-04-19 03:15:00,268 - INFO - [junyi|junyi_abce_best_full|lr=0.003|drop=0.40] -> New best AUC=0.8008 at epoch 7
2026-04-19 03:17:59,971 - INFO - [junyi|junyi_abce_best_full|lr=0.003|drop=0.40] Epoch [008/100] | Train: Loss=0.5291, BCE=0.5141, Reg=0.0149, AUC=0.7934, ACC=0.7485, RMSE=0.4133 | Val: Loss=0.5149, BCE=0.5000, Reg=0.0149, AUC=0.8034, ACC=0.7594, RMSE=0.4064
2026-04-19 03:17:59,971 - INFO - [junyi|junyi_abce_best_full|lr=0.003|drop=0.40] [Reg Terms] Epoch [008] | Train: graph_entropy=0.000000, graph_diag=0.006010, graph_uniform=0.006753, graph_reg_scale=1.0000, prediction_l2=0.000000, personal_sparse=0.001201, alpha_var=0.000000, alpha_collapse=0.000005, reg_bce_ratio=0.0291 | Val: graph_entropy=0.000000, graph_diag=0.006000, graph_uniform=0.006753, graph_reg_scale=1.0000, prediction_l2=0.000000, personal_sparse=0.001222, alpha_var=0.000000, alpha_collapse=0.000000, reg_bce_ratio=0.0298
2026-04-19 03:18:00,209 - INFO - [junyi|junyi_abce_best_full|lr=0.003|drop=0.40] [Diag][AE] Epoch [008] | irt_abs_mean=1.4884, irt_std=0.8620, personal_warmup_scale=1.00, graph_row_entropy=3.2177, graph_entropy_ratio=0.4915, alpha_mean=0.1301, alpha_std=0.0463, alpha_base_mean=0.1301, alpha_delta_absmean=0.0334, alpha_saturation_ratio=0.0000, alpha_bias_std=NA, alpha_state_path=0.7192, alpha_id_path=0.0000, alpha_bias_path=0.0000, head_bias_path=0.1747, personal_row_entropy=2.4659, personal_matrix_delta=0.0420, personal_matrix_student_std=0.0443, personal_delta_pre_softmax_norm=2.7662, personal_delta_student_std=2.7172, alpha_head_std=0.0447, query_row_global_readout_delta=0.0273, query_row_personal_message_delta=0.0002, query_row_posterior_delta_abs=0.0420, query_row_posterior_kl=0.0297, query_row_delta_local_rms_raw=0.0025, query_row_message_projection_gain=0.0598, personal_to_graph_query_ratio=0.0074, query_row_global_support_mass=1.3143, query_row_personal_support_mass=1.3143, neighbor_row_personal_delta=0.0000, personal_row_budget_mean=1.3000, personal_query_row_std=0.1490, readout_query_support_mass=1.3143, personal_student_mix=0.0499, personal_student_adapter=0.0400, local_row_ratio=0.0689, support_density=1.0000, readout_query_delta=0.0272, personal_bad_rows_active=0.00, personal_fallback_rows_active=0.00, personal_bad_row_rate_active=0.0000, personal_padded_rows=0.00, personal_logits_support_absmax=6.7685, personal_query_trust_scale_mean=1.0000, personal_bad_rows_legacy=0.00, personal_fallback_rows_legacy=0.00, personal_logits_absmax_legacy=6.7685
2026-04-19 03:18:00,209 - INFO - [junyi|junyi_abce_best_full|lr=0.003|drop=0.40] [Diag][A] Epoch [008] | entropy_ratio=0.4915, diag_mass=0.0500, to_uniform_l2=0.007448, to_identity_l2=0.036726, relation_identity_delta=0.036726, knowledge_state_graph_delta=0.227600, knowledge_state_personal_delta=0.000000, share_concept_embeddings=True, tau_mean=0.6932, tau_std=0.0001, graph_reg_scale(train/val)=1.0000/1.0000
2026-04-19 03:18:00,209 - INFO - [junyi|junyi_abce_best_full|lr=0.003|drop=0.40] [Grad Norms] Epoch [008] | relation_emb=3.255872e-01, relation_tau=5.607772e-11, relation_wq=2.525374e-08, relation_wk=2.684407e-08, personal_u=1.986241e-03, personal_v=1.016723e-03, personal_alpha_bias=0.000000e+00, personal_gate_emb=1.914579e-11, personal_gate_state_proj=3.219546e-14, personal_gate_context_proj=3.112840e-11, personal_gate_state_direct=1.024754e-07, personal_gate_id_direct=1.601064e-11, personal_gate_context_direct=1.213827e-04, personal_gate_out=4.007194e-08, personal_generator_emb=2.264193e-14, personal_generator_context_proj=7.242933e-17, personal_generator_context_hidden=1.077453e-14, personal_generator_context_to_u=9.140978e-12, personal_generator_context_to_v=3.047950e-12, personal_generator_state_row=1.709248e-11, personal_generator_state_col=5.698556e-12, personal_generator_id_row=4.138845e-12, personal_generator_id_col=1.380051e-12, personal_generator_state_adapter=1.293249e-15, personal_generator_id_adapter=6.517786e-17, personal_generator_context_adapter=1.072663e-15, personal_generator_direct_scale=3.515436e-07
2026-04-19 03:18:00,860 - INFO - [junyi|junyi_abce_best_full|lr=0.003|drop=0.40] -> New best AUC=0.8034 at epoch 8
2026-04-19 03:20:59,475 - INFO - [junyi|junyi_abce_best_full|lr=0.003|drop=0.40] Epoch [009/100] | Train: Loss=0.5292, BCE=0.5142, Reg=0.0149, AUC=0.7932, ACC=0.7475, RMSE=0.4134 | Val: Loss=0.5211, BCE=0.5062, Reg=0.0149, AUC=0.8002, ACC=0.7606, RMSE=0.4078
2026-04-19 03:20:59,475 - INFO - [junyi|junyi_abce_best_full|lr=0.003|drop=0.40] [Reg Terms] Epoch [009] | Train: graph_entropy=0.000000, graph_diag=0.006009, graph_uniform=0.006753, graph_reg_scale=1.0000, prediction_l2=0.000000, personal_sparse=0.001206, alpha_var=0.000000, alpha_collapse=0.000005, reg_bce_ratio=0.0290 | Val: graph_entropy=0.000000, graph_diag=0.006000, graph_uniform=0.006753, graph_reg_scale=1.0000, prediction_l2=0.000000, personal_sparse=0.001199, alpha_var=0.000000, alpha_collapse=0.000000, reg_bce_ratio=0.0295
2026-04-19 03:20:59,716 - INFO - [junyi|junyi_abce_best_full|lr=0.003|drop=0.40] [Diag][AE] Epoch [009] | irt_abs_mean=1.6969, irt_std=1.0832, personal_warmup_scale=1.00, graph_row_entropy=3.2177, graph_entropy_ratio=0.4915, alpha_mean=0.1307, alpha_std=0.0439, alpha_base_mean=0.1301, alpha_delta_absmean=0.0309, alpha_saturation_ratio=0.0000, alpha_bias_std=NA, alpha_state_path=0.6577, alpha_id_path=0.0000, alpha_bias_path=0.0000, head_bias_path=0.1761, personal_row_entropy=2.4080, personal_matrix_delta=0.0438, personal_matrix_student_std=0.0469, personal_delta_pre_softmax_norm=2.7375, personal_delta_student_std=2.6749, alpha_head_std=0.0423, query_row_global_readout_delta=0.0232, query_row_personal_message_delta=0.0005, query_row_posterior_delta_abs=0.0438, query_row_posterior_kl=0.0320, query_row_delta_local_rms_raw=0.0065, query_row_message_projection_gain=0.1481, personal_to_graph_query_ratio=0.0220, query_row_global_support_mass=0.9268, query_row_personal_support_mass=0.9268, neighbor_row_personal_delta=0.0000, personal_row_budget_mean=1.3000, personal_query_row_std=0.1572, readout_query_support_mass=0.9268, personal_student_mix=0.0500, personal_student_adapter=0.0400, local_row_ratio=0.0695, support_density=1.0000, readout_query_delta=0.0230, personal_bad_rows_active=0.00, personal_fallback_rows_active=0.00, personal_bad_row_rate_active=0.0000, personal_padded_rows=0.00, personal_logits_support_absmax=6.7278, personal_query_trust_scale_mean=1.0000, personal_bad_rows_legacy=0.00, personal_fallback_rows_legacy=0.00, personal_logits_absmax_legacy=6.7278
2026-04-19 03:20:59,716 - INFO - [junyi|junyi_abce_best_full|lr=0.003|drop=0.40] [Diag][A] Epoch [009] | entropy_ratio=0.4915, diag_mass=0.0500, to_uniform_l2=0.007448, to_identity_l2=0.036726, relation_identity_delta=0.036726, knowledge_state_graph_delta=0.226200, knowledge_state_personal_delta=0.000000, share_concept_embeddings=True, tau_mean=0.6932, tau_std=0.0000, graph_reg_scale(train/val)=1.0000/1.0000
2026-04-19 03:20:59,716 - INFO - [junyi|junyi_abce_best_full|lr=0.003|drop=0.40] [Grad Norms] Epoch [009] | relation_emb=3.600270e-01, relation_tau=4.853240e-12, relation_wq=1.498472e-08, relation_wk=1.792499e-08, personal_u=2.335462e-03, personal_v=1.731638e-03, personal_alpha_bias=0.000000e+00, personal_gate_emb=3.072038e-11, personal_gate_state_proj=6.818102e-16, personal_gate_context_proj=1.752496e-11, personal_gate_state_direct=4.783322e-09, personal_gate_id_direct=3.279333e-11, personal_gate_context_direct=1.008139e-04, personal_gate_out=4.991070e-09, personal_generator_emb=3.115608e-15, personal_generator_context_proj=3.600118e-17, personal_generator_context_hidden=8.832211e-15, personal_generator_context_to_u=9.791011e-12, personal_generator_context_to_v=4.021143e-12, personal_generator_state_row=7.877662e-12, personal_generator_state_col=3.220760e-12, personal_generator_id_row=1.962268e-12, personal_generator_id_col=8.058439e-13, personal_generator_state_adapter=4.721749e-16, personal_generator_id_adapter=1.691605e-17, personal_generator_context_adapter=6.345837e-16, personal_generator_direct_scale=1.433449e-06
2026-04-19 03:20:59,716 - INFO - [junyi|junyi_abce_best_full|lr=0.003|drop=0.40] -> No improvement 1 epoch(s) (best AUC=0.8034 @ 8)
2026-04-19 03:24:02,191 - INFO - [junyi|junyi_abce_best_full|lr=0.003|drop=0.40] Epoch [010/100] | Train: Loss=0.5296, BCE=0.5146, Reg=0.0149, AUC=0.7930, ACC=0.7487, RMSE=0.4135 | Val: Loss=0.5206, BCE=0.5057, Reg=0.0149, AUC=0.7992, ACC=0.7593, RMSE=0.4079
2026-04-19 03:24:02,192 - INFO - [junyi|junyi_abce_best_full|lr=0.003|drop=0.40] [Reg Terms] Epoch [010] | Train: graph_entropy=0.000000, graph_diag=0.006011, graph_uniform=0.006753, graph_reg_scale=1.0000, prediction_l2=0.000000, personal_sparse=0.001202, alpha_var=0.000000, alpha_collapse=0.000005, reg_bce_ratio=0.0290 | Val: graph_entropy=0.000000, graph_diag=0.006000, graph_uniform=0.006753, graph_reg_scale=1.0000, prediction_l2=0.000000, personal_sparse=0.001206, alpha_var=0.000000, alpha_collapse=0.000031, reg_bce_ratio=0.0296
2026-04-19 03:24:02,444 - INFO - [junyi|junyi_abce_best_full|lr=0.003|drop=0.40] [Diag][AE] Epoch [010] | irt_abs_mean=1.5316, irt_std=0.9903, personal_warmup_scale=1.00, graph_row_entropy=3.2177, graph_entropy_ratio=0.4915, alpha_mean=0.1301, alpha_std=0.0380, alpha_base_mean=0.1301, alpha_delta_absmean=0.0260, alpha_saturation_ratio=0.0000, alpha_bias_std=NA, alpha_state_path=0.5426, alpha_id_path=0.0000, alpha_bias_path=0.0000, head_bias_path=0.1681, personal_row_entropy=2.4356, personal_matrix_delta=0.0421, personal_matrix_student_std=0.0473, personal_delta_pre_softmax_norm=2.5419, personal_delta_student_std=2.4523, alpha_head_std=0.0369, query_row_global_readout_delta=0.0191, query_row_personal_message_delta=0.0004, query_row_posterior_delta_abs=0.0421, query_row_posterior_kl=0.0309, query_row_delta_local_rms_raw=0.0047, query_row_message_projection_gain=0.1109, personal_to_graph_query_ratio=0.0216, query_row_global_support_mass=1.4872, query_row_personal_support_mass=1.4872, neighbor_row_personal_delta=0.0000, personal_row_budget_mean=1.3000, personal_query_row_std=0.2586, readout_query_support_mass=1.4872, personal_student_mix=0.0500, personal_student_adapter=0.0400, local_row_ratio=0.0695, support_density=1.0000, readout_query_delta=0.0191, personal_bad_rows_active=0.00, personal_fallback_rows_active=0.00, personal_bad_row_rate_active=0.0000, personal_padded_rows=0.00, personal_logits_support_absmax=6.8549, personal_query_trust_scale_mean=1.0000, personal_bad_rows_legacy=0.00, personal_fallback_rows_legacy=0.00, personal_logits_absmax_legacy=6.8549
2026-04-19 03:24:02,444 - INFO - [junyi|junyi_abce_best_full|lr=0.003|drop=0.40] [Diag][A] Epoch [010] | entropy_ratio=0.4915, diag_mass=0.0500, to_uniform_l2=0.007448, to_identity_l2=0.036726, relation_identity_delta=0.036726, knowledge_state_graph_delta=0.208214, knowledge_state_personal_delta=0.000000, share_concept_embeddings=True, tau_mean=0.6933, tau_std=0.0000, graph_reg_scale(train/val)=1.0000/1.0000
2026-04-19 03:24:02,444 - INFO - [junyi|junyi_abce_best_full|lr=0.003|drop=0.40] [Grad Norms] Epoch [010] | relation_emb=3.150530e-01, relation_tau=9.946989e-12, relation_wq=2.352886e-08, relation_wk=2.401232e-08, personal_u=6.536880e-04, personal_v=6.249937e-04, personal_alpha_bias=0.000000e+00, personal_gate_emb=1.482765e-10, personal_gate_state_proj=3.541768e-12, personal_gate_context_proj=3.695542e-09, personal_gate_state_direct=2.458777e-06, personal_gate_id_direct=1.367689e-10, personal_gate_context_direct=2.566600e-03, personal_gate_out=2.952051e-06, personal_generator_emb=5.651959e-15, personal_generator_context_proj=1.970357e-17, personal_generator_context_hidden=7.153275e-15, personal_generator_context_to_u=9.770407e-12, personal_generator_context_to_v=4.321749e-12, personal_generator_state_row=8.583744e-12, personal_generator_state_col=3.793495e-12, personal_generator_id_row=2.116079e-12, personal_generator_id_col=9.359928e-13, personal_generator_state_adapter=2.210252e-16, personal_generator_id_adapter=1.279627e-18, personal_generator_context_adapter=4.371723e-16, personal_generator_direct_scale=7.226623e-07
2026-04-19 03:24:02,444 - INFO - [junyi|junyi_abce_best_full|lr=0.003|drop=0.40] -> No improvement 2 epoch(s) (best AUC=0.8034 @ 8)
2026-04-19 03:24:02,565 - INFO - [junyi|junyi_abce_best_full|lr=0.003|drop=0.40] Checkpoint saved: checkpoints/abce_diag/remote_rerun_20260419_6ddddcc/junyi/seed42/best_full/checkpoint_epoch_10.pth
2026-04-19 03:24:02,909 - INFO - [junyi|junyi_abce_best_full|lr=0.003|drop=0.40] [Module Activity] Epoch 10: Graph[LIVE] Personal[WEAK]
2026-04-19 03:27:12,336 - INFO - [junyi|junyi_abce_best_full|lr=0.003|drop=0.40] Epoch [011/100] | Train: Loss=0.5171, BCE=0.5021, Reg=0.0150, AUC=0.8052, ACC=0.7576, RMSE=0.4073 | Val: Loss=0.5075, BCE=0.4925, Reg=0.0150, AUC=0.8100, ACC=0.7659, RMSE=0.4020
2026-04-19 03:27:12,337 - INFO - [junyi|junyi_abce_best_full|lr=0.003|drop=0.40] [Reg Terms] Epoch [011] | Train: graph_entropy=0.000000, graph_diag=0.006003, graph_uniform=0.006753, graph_reg_scale=1.0000, prediction_l2=0.000000, personal_sparse=0.001181, alpha_var=0.000000, alpha_collapse=0.000004, reg_bce_ratio=0.0298 | Val: graph_entropy=0.000000, graph_diag=0.006000, graph_uniform=0.006753, graph_reg_scale=1.0000, prediction_l2=0.000000, personal_sparse=0.001180, alpha_var=0.000000, alpha_collapse=0.000001, reg_bce_ratio=0.0304
2026-04-19 03:27:12,585 - INFO - [junyi|junyi_abce_best_full|lr=0.003|drop=0.40] [Diag][AE] Epoch [011] | irt_abs_mean=1.6804, irt_std=0.9835, personal_warmup_scale=1.00, graph_row_entropy=3.2177, graph_entropy_ratio=0.4915, alpha_mean=0.1300, alpha_std=0.0421, alpha_base_mean=0.1299, alpha_delta_absmean=0.0298, alpha_saturation_ratio=0.0000, alpha_bias_std=NA, alpha_state_path=0.6335, alpha_id_path=0.0000, alpha_bias_path=0.0000, head_bias_path=0.1669, personal_row_entropy=2.3658, personal_matrix_delta=0.0451, personal_matrix_student_std=0.0516, personal_delta_pre_softmax_norm=2.5322, personal_delta_student_std=2.4929, alpha_head_std=0.0407, query_row_global_readout_delta=0.0262, query_row_personal_message_delta=0.0003, query_row_posterior_delta_abs=0.0451, query_row_posterior_kl=0.0343, query_row_delta_local_rms_raw=0.0032, query_row_message_projection_gain=0.0716, personal_to_graph_query_ratio=0.0110, query_row_global_support_mass=1.4287, query_row_personal_support_mass=1.4287, neighbor_row_personal_delta=0.0000, personal_row_budget_mean=1.3000, personal_query_row_std=0.2167, readout_query_support_mass=1.4287, personal_student_mix=0.0500, personal_student_adapter=0.0400, local_row_ratio=0.0695, support_density=1.0000, readout_query_delta=0.0264, personal_bad_rows_active=0.00, personal_fallback_rows_active=0.00, personal_bad_row_rate_active=0.0000, personal_padded_rows=0.00, personal_logits_support_absmax=6.8535, personal_query_trust_scale_mean=1.0000, personal_bad_rows_legacy=0.00, personal_fallback_rows_legacy=0.00, personal_logits_absmax_legacy=6.8535
2026-04-19 03:27:12,586 - INFO - [junyi|junyi_abce_best_full|lr=0.003|drop=0.40] [Diag][A] Epoch [011] | entropy_ratio=0.4915, diag_mass=0.0500, to_uniform_l2=0.007448, to_identity_l2=0.036726, relation_identity_delta=0.036726, knowledge_state_graph_delta=0.234162, knowledge_state_personal_delta=0.000000, share_concept_embeddings=True, tau_mean=0.6931, tau_std=0.0000, graph_reg_scale(train/val)=1.0000/1.0000
2026-04-19 03:27:12,586 - INFO - [junyi|junyi_abce_best_full|lr=0.003|drop=0.40] [Grad Norms] Epoch [011] | relation_emb=5.207127e-01, relation_tau=1.546075e-12, relation_wq=1.926215e-08, relation_wk=1.565330e-08, personal_u=5.238516e-03, personal_v=1.752242e-03, personal_alpha_bias=0.000000e+00, personal_gate_emb=0.000000e+00, personal_gate_state_proj=2.664085e-13, personal_gate_context_proj=7.910342e-11, personal_gate_state_direct=3.885371e-07, personal_gate_id_direct=0.000000e+00, personal_gate_context_direct=1.140000e-04, personal_gate_out=5.430623e-08, personal_generator_emb=6.081601e-21, personal_generator_context_proj=8.736992e-18, personal_generator_context_hidden=8.326136e-15, personal_generator_context_to_u=1.323863e-11, personal_generator_context_to_v=1.156165e-11, personal_generator_state_row=6.006655e-12, personal_generator_state_col=5.244335e-12, personal_generator_id_row=1.499891e-12, personal_generator_id_col=1.309896e-12, personal_generator_state_adapter=4.897643e-16, personal_generator_id_adapter=3.928219e-23, personal_generator_context_adapter=5.274395e-17, personal_generator_direct_scale=1.431305e-05
2026-04-19 03:27:13,267 - INFO - [junyi|junyi_abce_best_full|lr=0.003|drop=0.40] -> New best AUC=0.8100 at epoch 11
2026-04-19 03:30:20,095 - INFO - [junyi|junyi_abce_best_full|lr=0.003|drop=0.40] Epoch [012/100] | Train: Loss=0.5141, BCE=0.4992, Reg=0.0150, AUC=0.8079, ACC=0.7606, RMSE=0.4057 | Val: Loss=0.5055, BCE=0.4905, Reg=0.0150, AUC=0.8128, ACC=0.7684, RMSE=0.4006
2026-04-19 03:30:20,096 - INFO - [junyi|junyi_abce_best_full|lr=0.003|drop=0.40] [Reg Terms] Epoch [012] | Train: graph_entropy=0.000000, graph_diag=0.006003, graph_uniform=0.006753, graph_reg_scale=1.0000, prediction_l2=0.000000, personal_sparse=0.001187, alpha_var=0.000000, alpha_collapse=0.000005, reg_bce_ratio=0.0300 | Val: graph_entropy=0.000000, graph_diag=0.006000, graph_uniform=0.006753, graph_reg_scale=1.0000, prediction_l2=0.000000, personal_sparse=0.001184, alpha_var=0.000000, alpha_collapse=0.000001, reg_bce_ratio=0.0305
2026-04-19 03:30:20,334 - INFO - [junyi|junyi_abce_best_full|lr=0.003|drop=0.40] [Diag][AE] Epoch [012] | irt_abs_mean=1.7615, irt_std=0.9471, personal_warmup_scale=1.00, graph_row_entropy=3.2177, graph_entropy_ratio=0.4915, alpha_mean=0.1299, alpha_std=0.0421, alpha_base_mean=0.1300, alpha_delta_absmean=0.0292, alpha_saturation_ratio=0.0000, alpha_bias_std=NA, alpha_state_path=0.6204, alpha_id_path=0.0000, alpha_bias_path=0.0000, head_bias_path=0.1719, personal_row_entropy=2.3550, personal_matrix_delta=0.0454, personal_matrix_student_std=0.0521, personal_delta_pre_softmax_norm=2.5794, personal_delta_student_std=2.5530, alpha_head_std=0.0403, query_row_global_readout_delta=0.0319, query_row_personal_message_delta=0.0003, query_row_posterior_delta_abs=0.0454, query_row_posterior_kl=0.0345, query_row_delta_local_rms_raw=0.0035, query_row_message_projection_gain=0.0771, personal_to_graph_query_ratio=0.0089, query_row_global_support_mass=1.4878, query_row_personal_support_mass=1.4878, neighbor_row_personal_delta=0.0000, personal_row_budget_mean=1.3000, personal_query_row_std=0.2099, readout_query_support_mass=1.4878, personal_student_mix=0.0501, personal_student_adapter=0.0400, local_row_ratio=0.0690, support_density=1.0000, readout_query_delta=0.0319, personal_bad_rows_active=0.00, personal_fallback_rows_active=0.00, personal_bad_row_rate_active=0.0000, personal_padded_rows=0.00, personal_logits_support_absmax=6.8315, personal_query_trust_scale_mean=1.0000, personal_bad_rows_legacy=0.00, personal_fallback_rows_legacy=0.00, personal_logits_absmax_legacy=6.8315
2026-04-19 03:30:20,334 - INFO - [junyi|junyi_abce_best_full|lr=0.003|drop=0.40] [Diag][A] Epoch [012] | entropy_ratio=0.4915, diag_mass=0.0500, to_uniform_l2=0.007448, to_identity_l2=0.036726, relation_identity_delta=0.036726, knowledge_state_graph_delta=0.246882, knowledge_state_personal_delta=0.000000, share_concept_embeddings=True, tau_mean=0.6931, tau_std=0.0000, graph_reg_scale(train/val)=1.0000/1.0000
2026-04-19 03:30:20,334 - INFO - [junyi|junyi_abce_best_full|lr=0.003|drop=0.40] [Grad Norms] Epoch [012] | relation_emb=5.348428e-01, relation_tau=3.693273e-13, relation_wq=6.172898e-09, relation_wk=5.568175e-09, personal_u=5.529246e-04, personal_v=6.402005e-04, personal_alpha_bias=0.000000e+00, personal_gate_emb=0.000000e+00, personal_gate_state_proj=2.897780e-17, personal_gate_context_proj=4.860061e-13, personal_gate_state_direct=2.406188e-10, personal_gate_id_direct=0.000000e+00, personal_gate_context_direct=3.217428e-06, personal_gate_out=1.316885e-10, personal_generator_emb=7.887817e-22, personal_generator_context_proj=2.210764e-18, personal_generator_context_hidden=7.984534e-16, personal_generator_context_to_u=1.872703e-12, personal_generator_context_to_v=1.744043e-12, personal_generator_state_row=1.619467e-12, personal_generator_state_col=1.508776e-12, personal_generator_id_row=4.045086e-13, personal_generator_id_col=3.767175e-13, personal_generator_state_adapter=5.032166e-17, personal_generator_id_adapter=5.696254e-23, personal_generator_context_adapter=3.110873e-17, personal_generator_direct_scale=1.770654e-06
2026-04-19 03:30:21,189 - INFO - [junyi|junyi_abce_best_full|lr=0.003|drop=0.40] -> New best AUC=0.8128 at epoch 12
2026-04-19 03:33:28,341 - INFO - [junyi|junyi_abce_best_full|lr=0.003|drop=0.40] Epoch [013/100] | Train: Loss=0.5132, BCE=0.4982, Reg=0.0150, AUC=0.8086, ACC=0.7606, RMSE=0.4054 | Val: Loss=0.5131, BCE=0.4981, Reg=0.0149, AUC=0.8117, ACC=0.7596, RMSE=0.4057
2026-04-19 03:33:28,341 - INFO - [junyi|junyi_abce_best_full|lr=0.003|drop=0.40] [Reg Terms] Epoch [013] | Train: graph_entropy=0.000000, graph_diag=0.006005, graph_uniform=0.006753, graph_reg_scale=1.0000, prediction_l2=0.000000, personal_sparse=0.001188, alpha_var=0.000000, alpha_collapse=0.000005, reg_bce_ratio=0.0300 | Val: graph_entropy=0.000000, graph_diag=0.006000, graph_uniform=0.006753, graph_reg_scale=1.0000, prediction_l2=0.000000, personal_sparse=0.001225, alpha_var=0.000000, alpha_collapse=0.000011, reg_bce_ratio=0.0299
2026-04-19 03:33:28,614 - INFO - [junyi|junyi_abce_best_full|lr=0.003|drop=0.40] [Diag][AE] Epoch [013] | irt_abs_mean=1.5610, irt_std=0.9293, personal_warmup_scale=1.00, graph_row_entropy=3.2177, graph_entropy_ratio=0.4915, alpha_mean=0.1301, alpha_std=0.0394, alpha_base_mean=0.1300, alpha_delta_absmean=0.0256, alpha_saturation_ratio=0.0000, alpha_bias_std=NA, alpha_state_path=0.5425, alpha_id_path=0.0000, alpha_bias_path=0.0000, head_bias_path=0.1773, personal_row_entropy=2.4504, personal_matrix_delta=0.0427, personal_matrix_student_std=0.0439, personal_delta_pre_softmax_norm=2.7845, personal_delta_student_std=2.6686, alpha_head_std=0.0371, query_row_global_readout_delta=0.0324, query_row_personal_message_delta=0.0001, query_row_posterior_delta_abs=0.0427, query_row_posterior_kl=0.0306, query_row_delta_local_rms_raw=0.0006, query_row_message_projection_gain=0.0132, personal_to_graph_query_ratio=0.0025, query_row_global_support_mass=0.7960, query_row_personal_support_mass=0.7960, neighbor_row_personal_delta=0.0000, personal_row_budget_mean=1.3000, personal_query_row_std=0.1566, readout_query_support_mass=0.7960, personal_student_mix=0.0500, personal_student_adapter=0.0400, local_row_ratio=0.0685, support_density=1.0000, readout_query_delta=0.0324, personal_bad_rows_active=0.00, personal_fallback_rows_active=0.00, personal_bad_row_rate_active=0.0000, personal_padded_rows=0.00, personal_logits_support_absmax=6.7882, personal_query_trust_scale_mean=1.0000, personal_bad_rows_legacy=0.00, personal_fallback_rows_legacy=0.00, personal_logits_absmax_legacy=6.7882
2026-04-19 03:33:28,614 - INFO - [junyi|junyi_abce_best_full|lr=0.003|drop=0.40] [Diag][A] Epoch [013] | entropy_ratio=0.4915, diag_mass=0.0500, to_uniform_l2=0.007448, to_identity_l2=0.036726, relation_identity_delta=0.036726, knowledge_state_graph_delta=0.249556, knowledge_state_personal_delta=0.000000, share_concept_embeddings=True, tau_mean=0.6932, tau_std=0.0000, graph_reg_scale(train/val)=1.0000/1.0000
2026-04-19 03:33:28,614 - INFO - [junyi|junyi_abce_best_full|lr=0.003|drop=0.40] [Grad Norms] Epoch [013] | relation_emb=5.914056e-01, relation_tau=4.055317e-12, relation_wq=6.432564e-09, relation_wk=6.398734e-09, personal_u=5.574068e-04, personal_v=1.612796e-04, personal_alpha_bias=0.000000e+00, personal_gate_emb=0.000000e+00, personal_gate_state_proj=8.143758e-16, personal_gate_context_proj=1.797021e-12, personal_gate_state_direct=1.780698e-08, personal_gate_id_direct=0.000000e+00, personal_gate_context_direct=4.931954e-05, personal_gate_out=6.161665e-09, personal_generator_emb=3.327200e-22, personal_generator_context_proj=3.474487e-18, personal_generator_context_hidden=2.233786e-15, personal_generator_context_to_u=9.996452e-12, personal_generator_context_to_v=9.897146e-13, personal_generator_state_row=7.103364e-12, personal_generator_state_col=7.033192e-13, personal_generator_id_row=1.776513e-12, personal_generator_id_col=1.758865e-13, personal_generator_state_adapter=1.851894e-16, personal_generator_id_adapter=1.421438e-23, personal_generator_context_adapter=1.967857e-16, personal_generator_direct_scale=3.750391e-07
2026-04-19 03:33:28,614 - INFO - [junyi|junyi_abce_best_full|lr=0.003|drop=0.40] -> No improvement 1 epoch(s) (best AUC=0.8128 @ 12)
2026-04-19 03:36:37,658 - INFO - [junyi|junyi_abce_best_full|lr=0.003|drop=0.40] Epoch [014/100] | Train: Loss=0.5137, BCE=0.4988, Reg=0.0149, AUC=0.8083, ACC=0.7595, RMSE=0.4056 | Val: Loss=0.5090, BCE=0.4941, Reg=0.0149, AUC=0.8111, ACC=0.7679, RMSE=0.4027
2026-04-19 03:36:37,659 - INFO - [junyi|junyi_abce_best_full|lr=0.003|drop=0.40] [Reg Terms] Epoch [014] | Train: graph_entropy=0.000000, graph_diag=0.006004, graph_uniform=0.006753, graph_reg_scale=1.0000, prediction_l2=0.000000, personal_sparse=0.001196, alpha_var=0.000000, alpha_collapse=0.000004, reg_bce_ratio=0.0300 | Val: graph_entropy=0.000000, graph_diag=0.006000, graph_uniform=0.006753, graph_reg_scale=1.0000, prediction_l2=0.000000, personal_sparse=0.001235, alpha_var=0.000000, alpha_collapse=0.000005, reg_bce_ratio=0.0301
2026-04-19 03:36:37,901 - INFO - [junyi|junyi_abce_best_full|lr=0.003|drop=0.40] [Diag][AE] Epoch [014] | irt_abs_mean=1.6674, irt_std=1.0533, personal_warmup_scale=1.00, graph_row_entropy=3.2177, graph_entropy_ratio=0.4915, alpha_mean=0.1304, alpha_std=0.0390, alpha_base_mean=0.1300, alpha_delta_absmean=0.0257, alpha_saturation_ratio=0.0000, alpha_bias_std=NA, alpha_state_path=0.5425, alpha_id_path=0.0000, alpha_bias_path=0.0000, head_bias_path=0.1739, personal_row_entropy=2.4983, personal_matrix_delta=0.0398, personal_matrix_student_std=0.0459, personal_delta_pre_softmax_norm=2.5081, personal_delta_student_std=2.4570, alpha_head_std=0.0370, query_row_global_readout_delta=0.0303, query_row_personal_message_delta=0.0001, query_row_posterior_delta_abs=0.0398, query_row_posterior_kl=0.0286, query_row_delta_local_rms_raw=0.0011, query_row_message_projection_gain=0.0276, personal_to_graph_query_ratio=0.0034, query_row_global_support_mass=0.9853, query_row_personal_support_mass=0.9853, neighbor_row_personal_delta=0.0000, personal_row_budget_mean=1.3000, personal_query_row_std=0.5724, readout_query_support_mass=0.9853, personal_student_mix=0.0503, personal_student_adapter=0.0400, local_row_ratio=0.0689, support_density=1.0000, readout_query_delta=0.0303, personal_bad_rows_active=0.00, personal_fallback_rows_active=0.00, personal_bad_row_rate_active=0.0000, personal_padded_rows=0.00, personal_logits_support_absmax=6.8707, personal_query_trust_scale_mean=1.0000, personal_bad_rows_legacy=0.00, personal_fallback_rows_legacy=0.00, personal_logits_absmax_legacy=6.8707
2026-04-19 03:36:37,901 - INFO - [junyi|junyi_abce_best_full|lr=0.003|drop=0.40] [Diag][A] Epoch [014] | entropy_ratio=0.4915, diag_mass=0.0500, to_uniform_l2=0.007448, to_identity_l2=0.036726, relation_identity_delta=0.036726, knowledge_state_graph_delta=0.247500, knowledge_state_personal_delta=0.000000, share_concept_embeddings=True, tau_mean=0.6931, tau_std=0.0000, graph_reg_scale(train/val)=1.0000/1.0000
2026-04-19 03:36:37,901 - INFO - [junyi|junyi_abce_best_full|lr=0.003|drop=0.40] [Grad Norms] Epoch [014] | relation_emb=5.238992e-01, relation_tau=3.342224e-12, relation_wq=6.337227e-09, relation_wk=6.387417e-09, personal_u=1.662856e-05, personal_v=9.935893e-05, personal_alpha_bias=0.000000e+00, personal_gate_emb=0.000000e+00, personal_gate_state_proj=3.016064e-16, personal_gate_context_proj=5.316640e-12, personal_gate_state_direct=7.940653e-09, personal_gate_id_direct=0.000000e+00, personal_gate_context_direct=1.392106e-04, personal_gate_out=9.587512e-09, personal_generator_emb=0.000000e+00, personal_generator_context_proj=1.164825e-19, personal_generator_context_hidden=6.141640e-17, personal_generator_context_to_u=1.422984e-14, personal_generator_context_to_v=1.731451e-13, personal_generator_state_row=9.415176e-15, personal_generator_state_col=1.145815e-13, personal_generator_id_row=2.353152e-15, personal_generator_id_col=2.863255e-14, personal_generator_state_adapter=3.679652e-18, personal_generator_id_adapter=1.566900e-24, personal_generator_context_adapter=6.028889e-18, personal_generator_direct_scale=2.565983e-08
2026-04-19 03:36:37,901 - INFO - [junyi|junyi_abce_best_full|lr=0.003|drop=0.40] -> No improvement 2 epoch(s) (best AUC=0.8128 @ 12)
2026-04-19 03:39:45,426 - INFO - [junyi|junyi_abce_best_full|lr=0.003|drop=0.40] Epoch [015/100] | Train: Loss=0.5019, BCE=0.4870, Reg=0.0149, AUC=0.8190, ACC=0.7687, RMSE=0.3997 | Val: Loss=0.5022, BCE=0.4872, Reg=0.0150, AUC=0.8190, ACC=0.7750, RMSE=0.3981
2026-04-19 03:39:45,427 - INFO - [junyi|junyi_abce_best_full|lr=0.003|drop=0.40] [Reg Terms] Epoch [015] | Train: graph_entropy=0.000000, graph_diag=0.006002, graph_uniform=0.006753, graph_reg_scale=1.0000, prediction_l2=0.000000, personal_sparse=0.001193, alpha_var=0.000000, alpha_collapse=0.000003, reg_bce_ratio=0.0307 | Val: graph_entropy=0.000000, graph_diag=0.006000, graph_uniform=0.006753, graph_reg_scale=1.0000, prediction_l2=0.000000, personal_sparse=0.001191, alpha_var=0.000000, alpha_collapse=0.000033, reg_bce_ratio=0.0308
2026-04-19 03:39:45,673 - INFO - [junyi|junyi_abce_best_full|lr=0.003|drop=0.40] [Diag][AE] Epoch [015] | irt_abs_mean=1.7711, irt_std=1.0872, personal_warmup_scale=1.00, graph_row_entropy=3.2177, graph_entropy_ratio=0.4915, alpha_mean=0.1302, alpha_std=0.0370, alpha_base_mean=0.1301, alpha_delta_absmean=0.0240, alpha_saturation_ratio=0.0000, alpha_bias_std=NA, alpha_state_path=0.5047, alpha_id_path=0.0000, alpha_bias_path=0.0000, head_bias_path=0.1676, personal_row_entropy=2.3673, personal_matrix_delta=0.0456, personal_matrix_student_std=0.0492, personal_delta_pre_softmax_norm=2.7192, personal_delta_student_std=2.6462, alpha_head_std=0.0349, query_row_global_readout_delta=0.0329, query_row_personal_message_delta=0.0004, query_row_posterior_delta_abs=0.0456, query_row_posterior_kl=0.0342, query_row_delta_local_rms_raw=0.0055, query_row_message_projection_gain=0.1203, personal_to_graph_query_ratio=0.0133, query_row_global_support_mass=0.7493, query_row_personal_support_mass=0.7493, neighbor_row_personal_delta=0.0000, personal_row_budget_mean=1.3000, personal_query_row_std=0.1284, readout_query_support_mass=0.7493, personal_student_mix=0.0500, personal_student_adapter=0.0400, local_row_ratio=0.0688, support_density=1.0000, readout_query_delta=0.0328, personal_bad_rows_active=0.00, personal_fallback_rows_active=0.00, personal_bad_row_rate_active=0.0000, personal_padded_rows=0.00, personal_logits_support_absmax=6.6915, personal_query_trust_scale_mean=1.0000, personal_bad_rows_legacy=0.00, personal_fallback_rows_legacy=0.00, personal_logits_absmax_legacy=6.6915
2026-04-19 03:39:45,673 - INFO - [junyi|junyi_abce_best_full|lr=0.003|drop=0.40] [Diag][A] Epoch [015] | entropy_ratio=0.4915, diag_mass=0.0500, to_uniform_l2=0.007448, to_identity_l2=0.036726, relation_identity_delta=0.036726, knowledge_state_graph_delta=0.257854, knowledge_state_personal_delta=0.000000, share_concept_embeddings=True, tau_mean=0.6932, tau_std=0.0000, graph_reg_scale(train/val)=1.0000/1.0000
2026-04-19 03:39:45,673 - INFO - [junyi|junyi_abce_best_full|lr=0.003|drop=0.40] [Grad Norms] Epoch [015] | relation_emb=5.077445e-01, relation_tau=1.747831e-13, relation_wq=1.651879e-09, relation_wk=1.943670e-09, personal_u=3.753297e-05, personal_v=2.501836e-04, personal_alpha_bias=0.000000e+00, personal_gate_emb=0.000000e+00, personal_gate_state_proj=8.089048e-20, personal_gate_context_proj=4.545898e-15, personal_gate_state_direct=4.959037e-11, personal_gate_id_direct=0.000000e+00, personal_gate_context_direct=2.553107e-05, personal_gate_out=8.433595e-11, personal_generator_emb=0.000000e+00, personal_generator_context_proj=1.284529e-20, personal_generator_context_hidden=1.979559e-17, personal_generator_context_to_u=3.088235e-14, personal_generator_context_to_v=2.585192e-13, personal_generator_state_row=2.569138e-14, personal_generator_state_col=2.150875e-13, personal_generator_id_row=6.423056e-15, personal_generator_id_col=5.376804e-14, personal_generator_state_adapter=1.963476e-18, personal_generator_id_adapter=3.368833e-25, personal_generator_context_adapter=5.134230e-18, personal_generator_direct_scale=9.976528e-08
2026-04-19 03:39:46,382 - INFO - [junyi|junyi_abce_best_full|lr=0.003|drop=0.40] -> New best AUC=0.8190 at epoch 15
2026-04-19 03:42:53,686 - INFO - [junyi|junyi_abce_best_full|lr=0.003|drop=0.40] Epoch [016/100] | Train: Loss=0.4995, BCE=0.4845, Reg=0.0150, AUC=0.8211, ACC=0.7702, RMSE=0.3984 | Val: Loss=0.4998, BCE=0.4848, Reg=0.0150, AUC=0.8201, ACC=0.7738, RMSE=0.3980
2026-04-19 03:42:53,686 - INFO - [junyi|junyi_abce_best_full|lr=0.003|drop=0.40] [Reg Terms] Epoch [016] | Train: graph_entropy=0.000000, graph_diag=0.006002, graph_uniform=0.006753, graph_reg_scale=1.0000, prediction_l2=0.000000, personal_sparse=0.001153, alpha_var=0.000000, alpha_collapse=0.000005, reg_bce_ratio=0.0310 | Val: graph_entropy=0.000000, graph_diag=0.006000, graph_uniform=0.006753, graph_reg_scale=1.0000, prediction_l2=0.000000, personal_sparse=0.001160, alpha_var=0.000000, alpha_collapse=0.000005, reg_bce_ratio=0.0309
2026-04-19 03:42:53,905 - INFO - [junyi|junyi_abce_best_full|lr=0.003|drop=0.40] [Diag][AE] Epoch [016] | irt_abs_mean=1.7642, irt_std=1.0271, personal_warmup_scale=1.00, graph_row_entropy=3.2177, graph_entropy_ratio=0.4915, alpha_mean=0.1300, alpha_std=0.0405, alpha_base_mean=0.1300, alpha_delta_absmean=0.0274, alpha_saturation_ratio=0.0000, alpha_bias_std=NA, alpha_state_path=0.5800, alpha_id_path=0.0000, alpha_bias_path=0.0000, head_bias_path=0.1719, personal_row_entropy=2.3111, personal_matrix_delta=0.0465, personal_matrix_student_std=0.0544, personal_delta_pre_softmax_norm=2.5159, personal_delta_student_std=2.4698, alpha_head_std=0.0385, query_row_global_readout_delta=0.0355, query_row_personal_message_delta=0.0002, query_row_posterior_delta_abs=0.0465, query_row_posterior_kl=0.0361, query_row_delta_local_rms_raw=0.0021, query_row_message_projection_gain=0.0460, personal_to_graph_query_ratio=0.0052, query_row_global_support_mass=0.6754, query_row_personal_support_mass=0.6754, neighbor_row_personal_delta=0.0000, personal_row_budget_mean=1.3000, personal_query_row_std=0.2204, readout_query_support_mass=0.6754, personal_student_mix=0.0500, personal_student_adapter=0.0400, local_row_ratio=0.0693, support_density=1.0000, readout_query_delta=0.0354, personal_bad_rows_active=0.00, personal_fallback_rows_active=0.00, personal_bad_row_rate_active=0.0000, personal_padded_rows=0.00, personal_logits_support_absmax=6.8297, personal_query_trust_scale_mean=1.0000, personal_bad_rows_legacy=0.00, personal_fallback_rows_legacy=0.00, personal_logits_absmax_legacy=6.8297
2026-04-19 03:42:53,905 - INFO - [junyi|junyi_abce_best_full|lr=0.003|drop=0.40] [Diag][A] Epoch [016] | entropy_ratio=0.4915, diag_mass=0.0500, to_uniform_l2=0.007448, to_identity_l2=0.036726, relation_identity_delta=0.036726, knowledge_state_graph_delta=0.274086, knowledge_state_personal_delta=0.000000, share_concept_embeddings=True, tau_mean=0.6931, tau_std=0.0000, graph_reg_scale(train/val)=1.0000/1.0000
2026-04-19 03:42:53,905 - INFO - [junyi|junyi_abce_best_full|lr=0.003|drop=0.40] [Grad Norms] Epoch [016] | relation_emb=5.749127e-01, relation_tau=4.639205e-13, relation_wq=1.904435e-09, relation_wk=1.815344e-09, personal_u=8.837794e-04, personal_v=6.836806e-04, personal_alpha_bias=0.000000e+00, personal_gate_emb=0.000000e+00, personal_gate_state_proj=2.705625e-16, personal_gate_context_proj=4.742399e-12, personal_gate_state_direct=8.894114e-09, personal_gate_id_direct=0.000000e+00, personal_gate_context_direct=1.554119e-04, personal_gate_out=1.231236e-08, personal_generator_emb=8.028681e-22, personal_generator_context_proj=1.721663e-19, personal_generator_context_hidden=2.310740e-16, personal_generator_context_to_u=1.984927e-12, personal_generator_context_to_v=6.650033e-13, personal_generator_state_row=2.189026e-12, personal_generator_state_col=7.329643e-13, personal_generator_id_row=5.464026e-13, personal_generator_id_col=1.830594e-13, personal_generator_state_adapter=1.084893e-17, personal_generator_id_adapter=9.064921e-24, personal_generator_context_adapter=3.311291e-17, personal_generator_direct_scale=2.813618e-07
2026-04-19 03:42:54,815 - INFO - [junyi|junyi_abce_best_full|lr=0.003|drop=0.40] -> New best AUC=0.8201 at epoch 16
2026-04-19 03:45:58,004 - INFO - [junyi|junyi_abce_best_full|lr=0.003|drop=0.40] Epoch [017/100] | Train: Loss=0.4988, BCE=0.4839, Reg=0.0150, AUC=0.8215, ACC=0.7707, RMSE=0.3982 | Val: Loss=0.5023, BCE=0.4874, Reg=0.0149, AUC=0.8195, ACC=0.7744, RMSE=0.3980
2026-04-19 03:45:58,004 - INFO - [junyi|junyi_abce_best_full|lr=0.003|drop=0.40] [Reg Terms] Epoch [017] | Train: graph_entropy=0.000000, graph_diag=0.006003, graph_uniform=0.006753, graph_reg_scale=1.0000, prediction_l2=0.000000, personal_sparse=0.001173, alpha_var=0.000000, alpha_collapse=0.000004, reg_bce_ratio=0.0310 | Val: graph_entropy=0.000000, graph_diag=0.006000, graph_uniform=0.006753, graph_reg_scale=1.0000, prediction_l2=0.000000, personal_sparse=0.001232, alpha_var=0.000000, alpha_collapse=0.000021, reg_bce_ratio=0.0306
2026-04-19 03:45:58,242 - INFO - [junyi|junyi_abce_best_full|lr=0.003|drop=0.40] [Diag][AE] Epoch [017] | irt_abs_mean=1.8993, irt_std=1.1312, personal_warmup_scale=1.00, graph_row_entropy=3.2177, graph_entropy_ratio=0.4915, alpha_mean=0.1300, alpha_std=0.0393, alpha_base_mean=0.1301, alpha_delta_absmean=0.0265, alpha_saturation_ratio=0.0000, alpha_bias_std=NA, alpha_state_path=0.5567, alpha_id_path=0.0000, alpha_bias_path=0.0000, head_bias_path=0.1740, personal_row_entropy=2.4819, personal_matrix_delta=0.0413, personal_matrix_student_std=0.0443, personal_delta_pre_softmax_norm=2.6993, personal_delta_student_std=2.6332, alpha_head_std=0.0378, query_row_global_readout_delta=0.0336, query_row_personal_message_delta=0.0003, query_row_posterior_delta_abs=0.0413, query_row_posterior_kl=0.0291, query_row_delta_local_rms_raw=0.0035, query_row_message_projection_gain=0.0859, personal_to_graph_query_ratio=0.0082, query_row_global_support_mass=1.2354, query_row_personal_support_mass=1.2354, neighbor_row_personal_delta=0.0000, personal_row_budget_mean=1.3000, personal_query_row_std=0.2395, readout_query_support_mass=1.2354, personal_student_mix=0.0500, personal_student_adapter=0.0400, local_row_ratio=0.0688, support_density=1.0000, readout_query_delta=0.0336, personal_bad_rows_active=0.00, personal_fallback_rows_active=0.00, personal_bad_row_rate_active=0.0000, personal_padded_rows=0.00, personal_logits_support_absmax=6.8717, personal_query_trust_scale_mean=1.0000, personal_bad_rows_legacy=0.00, personal_fallback_rows_legacy=0.00, personal_logits_absmax_legacy=6.8717
2026-04-19 03:45:58,242 - INFO - [junyi|junyi_abce_best_full|lr=0.003|drop=0.40] [Diag][A] Epoch [017] | entropy_ratio=0.4915, diag_mass=0.0500, to_uniform_l2=0.007448, to_identity_l2=0.036726, relation_identity_delta=0.036726, knowledge_state_graph_delta=0.275545, knowledge_state_personal_delta=0.000000, share_concept_embeddings=True, tau_mean=0.6931, tau_std=0.0000, graph_reg_scale(train/val)=1.0000/1.0000
2026-04-19 03:45:58,242 - INFO - [junyi|junyi_abce_best_full|lr=0.003|drop=0.40] [Grad Norms] Epoch [017] | relation_emb=7.141885e-01, relation_tau=2.259758e-13, relation_wq=2.023183e-09, relation_wk=2.018884e-09, personal_u=8.752169e-04, personal_v=1.101472e-03, personal_alpha_bias=0.000000e+00, personal_gate_emb=0.000000e+00, personal_gate_state_proj=1.883945e-17, personal_gate_context_proj=1.056554e-13, personal_gate_state_direct=1.327394e-09, personal_gate_id_direct=0.000000e+00, personal_gate_context_direct=2.626560e-05, personal_gate_out=2.053729e-09, personal_generator_emb=2.367529e-22, personal_generator_context_proj=6.474915e-20, personal_generator_context_hidden=1.215917e-16, personal_generator_context_to_u=7.397456e-13, personal_generator_context_to_v=6.412232e-13, personal_generator_state_row=5.412922e-13, personal_generator_state_col=4.692636e-13, personal_generator_id_row=1.354620e-13, personal_generator_id_col=1.174206e-13, personal_generator_state_adapter=5.657719e-19, personal_generator_id_adapter=1.749717e-24, personal_generator_context_adapter=5.599742e-18, personal_generator_direct_scale=1.160803e-07
2026-04-19 03:45:58,242 - INFO - [junyi|junyi_abce_best_full|lr=0.003|drop=0.40] -> No improvement 1 epoch(s) (best AUC=0.8201 @ 16)
2026-04-19 03:49:04,131 - INFO - [junyi|junyi_abce_best_full|lr=0.003|drop=0.40] Epoch [018/100] | Train: Loss=0.4988, BCE=0.4838, Reg=0.0150, AUC=0.8214, ACC=0.7694, RMSE=0.3983 | Val: Loss=0.4991, BCE=0.4841, Reg=0.0151, AUC=0.8202, ACC=0.7734, RMSE=0.3974
2026-04-19 03:49:04,131 - INFO - [junyi|junyi_abce_best_full|lr=0.003|drop=0.40] [Reg Terms] Epoch [018] | Train: graph_entropy=0.000000, graph_diag=0.006003, graph_uniform=0.006753, graph_reg_scale=1.0000, prediction_l2=0.000000, personal_sparse=0.001164, alpha_var=0.000000, alpha_collapse=0.000005, reg_bce_ratio=0.0310 | Val: graph_entropy=0.000000, graph_diag=0.006000, graph_uniform=0.006753, graph_reg_scale=1.0000, prediction_l2=0.000000, personal_sparse=0.001142, alpha_var=0.000000, alpha_collapse=0.000027, reg_bce_ratio=0.0311
2026-04-19 03:49:04,367 - INFO - [junyi|junyi_abce_best_full|lr=0.003|drop=0.40] [Diag][AE] Epoch [018] | irt_abs_mean=1.9016, irt_std=1.0815, personal_warmup_scale=1.00, graph_row_entropy=3.2177, graph_entropy_ratio=0.4915, alpha_mean=0.1301, alpha_std=0.0369, alpha_base_mean=0.1300, alpha_delta_absmean=0.0242, alpha_saturation_ratio=0.0000, alpha_bias_std=NA, alpha_state_path=0.5054, alpha_id_path=0.0000, alpha_bias_path=0.0000, head_bias_path=0.1731, personal_row_entropy=2.2448, personal_matrix_delta=0.0483, personal_matrix_student_std=0.0577, personal_delta_pre_softmax_norm=2.4938, personal_delta_student_std=2.4333, alpha_head_std=0.0354, query_row_global_readout_delta=0.0295, query_row_personal_message_delta=0.0006, query_row_posterior_delta_abs=0.0483, query_row_posterior_kl=0.0393, query_row_delta_local_rms_raw=0.0076, query_row_message_projection_gain=0.1580, personal_to_graph_query_ratio=0.0199, query_row_global_support_mass=0.9682, query_row_personal_support_mass=0.9682, neighbor_row_personal_delta=0.0000, personal_row_budget_mean=1.3000, personal_query_row_std=0.3269, readout_query_support_mass=0.9682, personal_student_mix=0.0500, personal_student_adapter=0.0400, local_row_ratio=0.0690, support_density=1.0000, readout_query_delta=0.0298, personal_bad_rows_active=0.00, personal_fallback_rows_active=0.00, personal_bad_row_rate_active=0.0000, personal_padded_rows=0.00, personal_logits_support_absmax=6.8352, personal_query_trust_scale_mean=1.0000, personal_bad_rows_legacy=0.00, personal_fallback_rows_legacy=0.00, personal_logits_absmax_legacy=6.8352
2026-04-19 03:49:04,367 - INFO - [junyi|junyi_abce_best_full|lr=0.003|drop=0.40] [Diag][A] Epoch [018] | entropy_ratio=0.4915, diag_mass=0.0500, to_uniform_l2=0.007448, to_identity_l2=0.036726, relation_identity_delta=0.036726, knowledge_state_graph_delta=0.273295, knowledge_state_personal_delta=0.000000, share_concept_embeddings=True, tau_mean=0.6931, tau_std=0.0000, graph_reg_scale(train/val)=1.0000/1.0000
2026-04-19 03:49:04,367 - INFO - [junyi|junyi_abce_best_full|lr=0.003|drop=0.40] [Grad Norms] Epoch [018] | relation_emb=7.834787e-01, relation_tau=4.267488e-13, relation_wq=2.995990e-09, relation_wk=2.885407e-09, personal_u=1.537735e-03, personal_v=8.070860e-04, personal_alpha_bias=0.000000e+00, personal_gate_emb=0.000000e+00, personal_gate_state_proj=2.332154e-17, personal_gate_context_proj=4.887907e-14, personal_gate_state_direct=3.983375e-09, personal_gate_id_direct=0.000000e+00, personal_gate_context_direct=1.065831e-05, personal_gate_out=1.713981e-09, personal_generator_emb=1.444484e-21, personal_generator_context_proj=6.954471e-19, personal_generator_context_hidden=1.285056e-15, personal_generator_context_to_u=1.176629e-11, personal_generator_context_to_v=4.153316e-12, personal_generator_state_row=1.155982e-11, personal_generator_state_col=4.079557e-12, personal_generator_id_row=2.886331e-12, personal_generator_id_col=1.018830e-12, personal_generator_state_adapter=1.340720e-16, personal_generator_id_adapter=1.125518e-23, personal_generator_context_adapter=2.129802e-16, personal_generator_direct_scale=7.129541e-06
2026-04-19 03:49:05,026 - INFO - [junyi|junyi_abce_best_full|lr=0.003|drop=0.40] -> New best AUC=0.8202 at epoch 18
2026-04-19 03:52:10,484 - INFO - [junyi|junyi_abce_best_full|lr=0.003|drop=0.40] Epoch [019/100] | Train: Loss=0.4992, BCE=0.4842, Reg=0.0150, AUC=0.8213, ACC=0.7691, RMSE=0.3984 | Val: Loss=0.5033, BCE=0.4883, Reg=0.0150, AUC=0.8186, ACC=0.7715, RMSE=0.3994
2026-04-19 03:52:10,484 - INFO - [junyi|junyi_abce_best_full|lr=0.003|drop=0.40] [Reg Terms] Epoch [019] | Train: graph_entropy=0.000000, graph_diag=0.006003, graph_uniform=0.006753, graph_reg_scale=1.0000, prediction_l2=0.000000, personal_sparse=0.001167, alpha_var=0.000000, alpha_collapse=0.000004, reg_bce_ratio=0.0309 | Val: graph_entropy=0.000000, graph_diag=0.006000, graph_uniform=0.006753, graph_reg_scale=1.0000, prediction_l2=0.000000, personal_sparse=0.001196, alpha_var=0.000000, alpha_collapse=0.000022, reg_bce_ratio=0.0307
2026-04-19 03:52:10,758 - INFO - [junyi|junyi_abce_best_full|lr=0.003|drop=0.40] [Diag][AE] Epoch [019] | irt_abs_mean=1.8698, irt_std=1.0911, personal_warmup_scale=1.00, graph_row_entropy=3.2177, graph_entropy_ratio=0.4915, alpha_mean=0.1299, alpha_std=0.0378, alpha_base_mean=0.1300, alpha_delta_absmean=0.0248, alpha_saturation_ratio=0.0000, alpha_bias_std=NA, alpha_state_path=0.5198, alpha_id_path=0.0000, alpha_bias_path=0.0000, head_bias_path=0.1728, personal_row_entropy=2.4268, personal_matrix_delta=0.0424, personal_matrix_student_std=0.0505, personal_delta_pre_softmax_norm=2.3867, personal_delta_student_std=2.3156, alpha_head_std=0.0360, query_row_global_readout_delta=0.0376, query_row_personal_message_delta=0.0001, query_row_posterior_delta_abs=0.0424, query_row_posterior_kl=0.0320, query_row_delta_local_rms_raw=0.0018, query_row_message_projection_gain=0.0423, personal_to_graph_query_ratio=0.0035, query_row_global_support_mass=0.9701, query_row_personal_support_mass=0.9701, neighbor_row_personal_delta=0.0000, personal_row_budget_mean=1.3000, personal_query_row_std=0.3190, readout_query_support_mass=0.9701, personal_student_mix=0.0500, personal_student_adapter=0.0400, local_row_ratio=0.0689, support_density=1.0000, readout_query_delta=0.0375, personal_bad_rows_active=0.00, personal_fallback_rows_active=0.00, personal_bad_row_rate_active=0.0000, personal_padded_rows=0.00, personal_logits_support_absmax=6.8639, personal_query_trust_scale_mean=1.0000, personal_bad_rows_legacy=0.00, personal_fallback_rows_legacy=0.00, personal_logits_absmax_legacy=6.8639
2026-04-19 03:52:10,759 - INFO - [junyi|junyi_abce_best_full|lr=0.003|drop=0.40] [Diag][A] Epoch [019] | entropy_ratio=0.4915, diag_mass=0.0500, to_uniform_l2=0.007448, to_identity_l2=0.036726, relation_identity_delta=0.036726, knowledge_state_graph_delta=0.284069, knowledge_state_personal_delta=0.000000, share_concept_embeddings=True, tau_mean=0.6931, tau_std=0.0000, graph_reg_scale(train/val)=1.0000/1.0000
2026-04-19 03:52:10,759 - INFO - [junyi|junyi_abce_best_full|lr=0.003|drop=0.40] [Grad Norms] Epoch [019] | relation_emb=7.952963e-01, relation_tau=5.775493e-13, relation_wq=2.211256e-09, relation_wk=2.192976e-09, personal_u=3.975309e-03, personal_v=2.510456e-03, personal_alpha_bias=0.000000e+00, personal_gate_emb=0.000000e+00, personal_gate_state_proj=1.485270e-17, personal_gate_context_proj=1.965875e-13, personal_gate_state_direct=2.443625e-09, personal_gate_id_direct=0.000000e+00, personal_gate_context_direct=3.370910e-05, personal_gate_out=2.256680e-09, personal_generator_emb=6.941964e-20, personal_generator_context_proj=1.164837e-18, personal_generator_context_hidden=2.602086e-15, personal_generator_context_to_u=7.102411e-12, personal_generator_context_to_v=1.348221e-11, personal_generator_state_row=6.510054e-12, personal_generator_state_col=1.235862e-11, personal_generator_id_row=1.632662e-12, personal_generator_id_col=3.099214e-12, personal_generator_state_adapter=3.346622e-16, personal_generator_id_adapter=1.856269e-22, personal_generator_context_adapter=3.436244e-17, personal_generator_direct_scale=2.698204e-05
2026-04-19 03:52:10,759 - INFO - [junyi|junyi_abce_best_full|lr=0.003|drop=0.40] -> No improvement 1 epoch(s) (best AUC=0.8202 @ 18)
2026-04-19 03:55:19,411 - INFO - [junyi|junyi_abce_best_full|lr=0.003|drop=0.40] Epoch [020/100] | Train: Loss=0.4991, BCE=0.4841, Reg=0.0150, AUC=0.8213, ACC=0.7701, RMSE=0.3984 | Val: Loss=0.4997, BCE=0.4847, Reg=0.0150, AUC=0.8203, ACC=0.7738, RMSE=0.3978
2026-04-19 03:55:19,412 - INFO - [junyi|junyi_abce_best_full|lr=0.003|drop=0.40] [Reg Terms] Epoch [020] | Train: graph_entropy=0.000000, graph_diag=0.006002, graph_uniform=0.006753, graph_reg_scale=1.0000, prediction_l2=0.000000, personal_sparse=0.001163, alpha_var=0.000000, alpha_collapse=0.000005, reg_bce_ratio=0.0310 | Val: graph_entropy=0.000000, graph_diag=0.006000, graph_uniform=0.006753, graph_reg_scale=1.0000, prediction_l2=0.000000, personal_sparse=0.001168, alpha_var=0.000000, alpha_collapse=0.000001, reg_bce_ratio=0.0309
2026-04-19 03:55:19,658 - INFO - [junyi|junyi_abce_best_full|lr=0.003|drop=0.40] [Diag][AE] Epoch [020] | irt_abs_mean=1.7703, irt_std=1.1264, personal_warmup_scale=1.00, graph_row_entropy=3.2177, graph_entropy_ratio=0.4915, alpha_mean=0.1300, alpha_std=0.0423, alpha_base_mean=0.1300, alpha_delta_absmean=0.0294, alpha_saturation_ratio=0.0000, alpha_bias_std=NA, alpha_state_path=0.6199, alpha_id_path=0.0000, alpha_bias_path=0.0000, head_bias_path=0.1811, personal_row_entropy=2.3384, personal_matrix_delta=0.0457, personal_matrix_student_std=0.0526, personal_delta_pre_softmax_norm=2.5583, personal_delta_student_std=2.4612, alpha_head_std=0.0411, query_row_global_readout_delta=0.0304, query_row_personal_message_delta=0.0005, query_row_posterior_delta_abs=0.0457, query_row_posterior_kl=0.0352, query_row_delta_local_rms_raw=0.0051, query_row_message_projection_gain=0.1108, personal_to_graph_query_ratio=0.0154, query_row_global_support_mass=1.7837, query_row_personal_support_mass=1.7837, neighbor_row_personal_delta=0.0000, personal_row_budget_mean=1.3000, personal_query_row_std=0.2685, readout_query_support_mass=1.7837, personal_student_mix=0.0501, personal_student_adapter=0.0400, local_row_ratio=0.0690, support_density=1.0000, readout_query_delta=0.0305, personal_bad_rows_active=0.00, personal_fallback_rows_active=0.00, personal_bad_row_rate_active=0.0000, personal_padded_rows=0.00, personal_logits_support_absmax=6.8094, personal_query_trust_scale_mean=1.0000, personal_bad_rows_legacy=0.00, personal_fallback_rows_legacy=0.00, personal_logits_absmax_legacy=6.8094
2026-04-19 03:55:19,658 - INFO - [junyi|junyi_abce_best_full|lr=0.003|drop=0.40] [Diag][A] Epoch [020] | entropy_ratio=0.4915, diag_mass=0.0500, to_uniform_l2=0.007448, to_identity_l2=0.036726, relation_identity_delta=0.036726, knowledge_state_graph_delta=0.278473, knowledge_state_personal_delta=0.000000, share_concept_embeddings=True, tau_mean=0.6931, tau_std=0.0000, graph_reg_scale(train/val)=1.0000/1.0000
2026-04-19 03:55:19,658 - INFO - [junyi|junyi_abce_best_full|lr=0.003|drop=0.40] [Grad Norms] Epoch [020] | relation_emb=8.003345e-01, relation_tau=6.103589e-13, relation_wq=3.912199e-09, relation_wk=3.401253e-09, personal_u=5.813580e-04, personal_v=1.057599e-03, personal_alpha_bias=0.000000e+00, personal_gate_emb=0.000000e+00, personal_gate_state_proj=6.274822e-16, personal_gate_context_proj=1.806697e-12, personal_gate_state_direct=2.561146e-08, personal_gate_id_direct=0.000000e+00, personal_gate_context_direct=7.295960e-05, personal_gate_out=4.351115e-09, personal_generator_emb=1.876183e-21, personal_generator_context_proj=3.962388e-19, personal_generator_context_hidden=5.026626e-16, personal_generator_context_to_u=1.792730e-12, personal_generator_context_to_v=2.163544e-12, personal_generator_state_row=1.197268e-12, personal_generator_state_col=1.446480e-12, personal_generator_id_row=2.984556e-13, personal_generator_id_col=3.601892e-13, personal_generator_state_adapter=9.800561e-18, personal_generator_id_adapter=6.118053e-24, personal_generator_context_adapter=1.514085e-17, personal_generator_direct_scale=5.420187e-06
2026-04-19 03:55:20,361 - INFO - [junyi|junyi_abce_best_full|lr=0.003|drop=0.40] -> New best AUC=0.8203 at epoch 20
2026-04-19 03:55:20,500 - INFO - [junyi|junyi_abce_best_full|lr=0.003|drop=0.40] Checkpoint saved: checkpoints/abce_diag/remote_rerun_20260419_6ddddcc/junyi/seed42/best_full/checkpoint_epoch_20.pth
2026-04-19 03:55:20,825 - INFO - [junyi|junyi_abce_best_full|lr=0.003|drop=0.40] [Module Activity] Epoch 20: Graph[LIVE] Personal[WEAK]
2026-04-19 03:58:28,720 - INFO - [junyi|junyi_abce_best_full|lr=0.003|drop=0.40] Epoch [021/100] | Train: Loss=0.4988, BCE=0.4839, Reg=0.0150, AUC=0.8215, ACC=0.7702, RMSE=0.3982 | Val: Loss=0.4997, BCE=0.4848, Reg=0.0149, AUC=0.8186, ACC=0.7749, RMSE=0.3975
2026-04-19 03:58:28,720 - INFO - [junyi|junyi_abce_best_full|lr=0.003|drop=0.40] [Reg Terms] Epoch [021] | Train: graph_entropy=0.000000, graph_diag=0.006003, graph_uniform=0.006753, graph_reg_scale=1.0000, prediction_l2=0.000000, personal_sparse=0.001183, alpha_var=0.000000, alpha_collapse=0.000004, reg_bce_ratio=0.0309 | Val: graph_entropy=0.000000, graph_diag=0.006000, graph_uniform=0.006753, graph_reg_scale=1.0000, prediction_l2=0.000000, personal_sparse=0.001249, alpha_var=0.000000, alpha_collapse=0.000006, reg_bce_ratio=0.0307
2026-04-19 03:58:28,970 - INFO - [junyi|junyi_abce_best_full|lr=0.003|drop=0.40] [Diag][AE] Epoch [021] | irt_abs_mean=1.8954, irt_std=1.0229, personal_warmup_scale=1.00, graph_row_entropy=3.2177, graph_entropy_ratio=0.4915, alpha_mean=0.1300, alpha_std=0.0400, alpha_base_mean=0.1300, alpha_delta_absmean=0.0267, alpha_saturation_ratio=0.0000, alpha_bias_std=NA, alpha_state_path=0.5613, alpha_id_path=0.0000, alpha_bias_path=0.0000, head_bias_path=0.1813, personal_row_entropy=2.5096, personal_matrix_delta=0.0401, personal_matrix_student_std=0.0447, personal_delta_pre_softmax_norm=2.5420, personal_delta_student_std=2.4736, alpha_head_std=0.0384, query_row_global_readout_delta=0.0377, query_row_personal_message_delta=0.0006, query_row_posterior_delta_abs=0.0401, query_row_posterior_kl=0.0281, query_row_delta_local_rms_raw=0.0072, query_row_message_projection_gain=0.1793, personal_to_graph_query_ratio=0.0149, query_row_global_support_mass=1.3928, query_row_personal_support_mass=1.3928, neighbor_row_personal_delta=0.0000, personal_row_budget_mean=1.3000, personal_query_row_std=0.3980, readout_query_support_mass=1.3928, personal_student_mix=0.0500, personal_student_adapter=0.0400, local_row_ratio=0.0685, support_density=1.0000, readout_query_delta=0.0376, personal_bad_rows_active=0.00, personal_fallback_rows_active=0.00, personal_bad_row_rate_active=0.0000, personal_padded_rows=0.00, personal_logits_support_absmax=6.8511, personal_query_trust_scale_mean=1.0000, personal_bad_rows_legacy=0.00, personal_fallback_rows_legacy=0.00, personal_logits_absmax_legacy=6.8511
2026-04-19 03:58:28,970 - INFO - [junyi|junyi_abce_best_full|lr=0.003|drop=0.40] [Diag][A] Epoch [021] | entropy_ratio=0.4915, diag_mass=0.0500, to_uniform_l2=0.007448, to_identity_l2=0.036726, relation_identity_delta=0.036726, knowledge_state_graph_delta=0.279205, knowledge_state_personal_delta=0.000000, share_concept_embeddings=True, tau_mean=0.6931, tau_std=0.0000, graph_reg_scale(train/val)=1.0000/1.0000
2026-04-19 03:58:28,971 - INFO - [junyi|junyi_abce_best_full|lr=0.003|drop=0.40] [Grad Norms] Epoch [021] | relation_emb=9.007162e-01, relation_tau=2.734232e-13, relation_wq=2.718063e-09, relation_wk=2.518843e-09, personal_u=5.690527e-05, personal_v=4.235233e-04, personal_alpha_bias=0.000000e+00, personal_gate_emb=0.000000e+00, personal_gate_state_proj=1.618748e-15, personal_gate_context_proj=2.260495e-12, personal_gate_state_direct=1.114390e-07, personal_gate_id_direct=0.000000e+00, personal_gate_context_direct=1.578774e-04, personal_gate_out=1.749752e-08, personal_generator_emb=4.168465e-22, personal_generator_context_proj=5.741624e-20, personal_generator_context_hidden=1.223585e-16, personal_generator_context_to_u=5.148742e-14, personal_generator_context_to_v=8.897635e-13, personal_generator_state_row=3.461628e-14, personal_generator_state_col=5.980962e-13, personal_generator_id_row=8.642363e-15, personal_generator_id_col=1.493503e-13, personal_generator_state_adapter=2.598359e-18, personal_generator_id_adapter=5.037895e-24, personal_generator_context_adapter=5.266343e-18, personal_generator_direct_scale=9.133593e-10
2026-04-19 03:58:28,971 - INFO - [junyi|junyi_abce_best_full|lr=0.003|drop=0.40] -> No improvement 1 epoch(s) (best AUC=0.8203 @ 20)
2026-04-19 04:01:36,154 - INFO - [junyi|junyi_abce_best_full|lr=0.003|drop=0.40] Epoch [022/100] | Train: Loss=0.4984, BCE=0.4834, Reg=0.0150, AUC=0.8218, ACC=0.7694, RMSE=0.3981 | Val: Loss=0.4992, BCE=0.4842, Reg=0.0150, AUC=0.8203, ACC=0.7708, RMSE=0.3980
2026-04-19 04:01:36,154 - INFO - [junyi|junyi_abce_best_full|lr=0.003|drop=0.40] [Reg Terms] Epoch [022] | Train: graph_entropy=0.000000, graph_diag=0.006001, graph_uniform=0.006753, graph_reg_scale=1.0000, prediction_l2=0.000000, personal_sparse=0.001180, alpha_var=0.000000, alpha_collapse=0.000004, reg_bce_ratio=0.0310 | Val: graph_entropy=0.000000, graph_diag=0.006000, graph_uniform=0.006753, graph_reg_scale=1.0000, prediction_l2=0.000000, personal_sparse=0.001178, alpha_var=0.000000, alpha_collapse=0.000013, reg_bce_ratio=0.0309
2026-04-19 04:01:36,394 - INFO - [junyi|junyi_abce_best_full|lr=0.003|drop=0.40] [Diag][AE] Epoch [022] | irt_abs_mean=1.6698, irt_std=1.0870, personal_warmup_scale=1.00, graph_row_entropy=3.2177, graph_entropy_ratio=0.4915, alpha_mean=0.1298, alpha_std=0.0396, alpha_base_mean=0.1300, alpha_delta_absmean=0.0270, alpha_saturation_ratio=0.0000, alpha_bias_std=NA, alpha_state_path=0.5654, alpha_id_path=0.0000, alpha_bias_path=0.0000, head_bias_path=0.1771, personal_row_entropy=2.3267, personal_matrix_delta=0.0460, personal_matrix_student_std=0.0549, personal_delta_pre_softmax_norm=2.4678, personal_delta_student_std=2.4284, alpha_head_std=0.0385, query_row_global_readout_delta=0.0399, query_row_personal_message_delta=0.0001, query_row_posterior_delta_abs=0.0460, query_row_posterior_kl=0.0358, query_row_delta_local_rms_raw=0.0009, query_row_message_projection_gain=0.0202, personal_to_graph_query_ratio=0.0022, query_row_global_support_mass=0.6559, query_row_personal_support_mass=0.6559, neighbor_row_personal_delta=0.0000, personal_row_budget_mean=1.3000, personal_query_row_std=0.2945, readout_query_support_mass=0.6559, personal_student_mix=0.0500, personal_student_adapter=0.0400, local_row_ratio=0.0686, support_density=1.0000, readout_query_delta=0.0399, personal_bad_rows_active=0.00, personal_fallback_rows_active=0.00, personal_bad_row_rate_active=0.0000, personal_padded_rows=0.00, personal_logits_support_absmax=6.8454, personal_query_trust_scale_mean=1.0000, personal_bad_rows_legacy=0.00, personal_fallback_rows_legacy=0.00, personal_logits_absmax_legacy=6.8454
2026-04-19 04:01:36,394 - INFO - [junyi|junyi_abce_best_full|lr=0.003|drop=0.40] [Diag][A] Epoch [022] | entropy_ratio=0.4915, diag_mass=0.0500, to_uniform_l2=0.007448, to_identity_l2=0.036726, relation_identity_delta=0.036726, knowledge_state_graph_delta=0.277227, knowledge_state_personal_delta=0.000000, share_concept_embeddings=True, tau_mean=0.6931, tau_std=0.0000, graph_reg_scale(train/val)=1.0000/1.0000
2026-04-19 04:01:36,395 - INFO - [junyi|junyi_abce_best_full|lr=0.003|drop=0.40] [Grad Norms] Epoch [022] | relation_emb=6.642360e-01, relation_tau=5.723466e-13, relation_wq=1.517643e-09, relation_wk=1.726572e-09, personal_u=1.114116e-02, personal_v=6.293750e-03, personal_alpha_bias=0.000000e+00, personal_gate_emb=0.000000e+00, personal_gate_state_proj=8.736906e-18, personal_gate_context_proj=1.798923e-13, personal_gate_state_direct=1.504165e-09, personal_gate_id_direct=0.000000e+00, personal_gate_context_direct=3.344874e-05, personal_gate_out=7.284796e-10, personal_generator_emb=1.373504e-20, personal_generator_context_proj=3.107309e-18, personal_generator_context_hidden=2.639354e-15, personal_generator_context_to_u=1.440823e-11, personal_generator_context_to_v=3.232740e-11, personal_generator_state_row=1.404328e-11, personal_generator_state_col=3.151100e-11, personal_generator_id_row=3.506637e-12, personal_generator_id_col=7.867756e-12, personal_generator_state_adapter=3.170465e-16, personal_generator_id_adapter=4.445612e-22, personal_generator_context_adapter=4.692663e-16, personal_generator_direct_scale=1.690921e-06
2026-04-19 04:01:36,395 - INFO - [junyi|junyi_abce_best_full|lr=0.003|drop=0.40] -> No improvement 2 epoch(s) (best AUC=0.8203 @ 20)
2026-04-19 04:04:41,890 - INFO - [junyi|junyi_abce_best_full|lr=0.003|drop=0.40] Epoch [023/100] | Train: Loss=0.4861, BCE=0.4711, Reg=0.0150, AUC=0.8323, ACC=0.7787, RMSE=0.3919 | Val: Loss=0.4966, BCE=0.4817, Reg=0.0149, AUC=0.8236, ACC=0.7701, RMSE=0.3969
2026-04-19 04:04:41,890 - INFO - [junyi|junyi_abce_best_full|lr=0.003|drop=0.40] [Reg Terms] Epoch [023] | Train: graph_entropy=0.000000, graph_diag=0.006001, graph_uniform=0.006753, graph_reg_scale=1.0000, prediction_l2=0.000000, personal_sparse=0.001157, alpha_var=0.000000, alpha_collapse=0.000004, reg_bce_ratio=0.0318 | Val: graph_entropy=0.000000, graph_diag=0.006000, graph_uniform=0.006753, graph_reg_scale=1.0000, prediction_l2=0.000000, personal_sparse=0.001197, alpha_var=0.000000, alpha_collapse=0.000010, reg_bce_ratio=0.0310
2026-04-19 04:04:42,135 - INFO - [junyi|junyi_abce_best_full|lr=0.003|drop=0.40] [Diag][AE] Epoch [023] | irt_abs_mean=1.7786, irt_std=1.0423, personal_warmup_scale=1.00, graph_row_entropy=3.2177, graph_entropy_ratio=0.4915, alpha_mean=0.1303, alpha_std=0.0396, alpha_base_mean=0.1300, alpha_delta_absmean=0.0258, alpha_saturation_ratio=0.0000, alpha_bias_std=NA, alpha_state_path=0.5444, alpha_id_path=0.0000, alpha_bias_path=0.0000, head_bias_path=0.1825, personal_row_entropy=2.3780, personal_matrix_delta=0.0445, personal_matrix_student_std=0.0491, personal_delta_pre_softmax_norm=2.5964, personal_delta_student_std=2.5051, alpha_head_std=0.0377, query_row_global_readout_delta=0.0376, query_row_personal_message_delta=0.0003, query_row_posterior_delta_abs=0.0445, query_row_posterior_kl=0.0335, query_row_delta_local_rms_raw=0.0038, query_row_message_projection_gain=0.0847, personal_to_graph_query_ratio=0.0080, query_row_global_support_mass=2.1990, query_row_personal_support_mass=2.1990, neighbor_row_personal_delta=0.0000, personal_row_budget_mean=1.3000, personal_query_row_std=0.2001, readout_query_support_mass=2.1990, personal_student_mix=0.0499, personal_student_adapter=0.0400, local_row_ratio=0.0460, support_density=1.0000, readout_query_delta=0.0376, personal_bad_rows_active=0.00, personal_fallback_rows_active=0.00, personal_bad_row_rate_active=0.0000, personal_padded_rows=0.00, personal_logits_support_absmax=6.8647, personal_query_trust_scale_mean=1.0000, personal_bad_rows_legacy=0.00, personal_fallback_rows_legacy=0.00, personal_logits_absmax_legacy=6.8647
2026-04-19 04:04:42,136 - INFO - [junyi|junyi_abce_best_full|lr=0.003|drop=0.40] [Diag][A] Epoch [023] | entropy_ratio=0.4915, diag_mass=0.0500, to_uniform_l2=0.007448, to_identity_l2=0.036726, relation_identity_delta=0.036726, knowledge_state_graph_delta=0.276705, knowledge_state_personal_delta=0.000000, share_concept_embeddings=True, tau_mean=0.6931, tau_std=0.0000, graph_reg_scale(train/val)=1.0000/1.0000
2026-04-19 04:04:42,136 - INFO - [junyi|junyi_abce_best_full|lr=0.003|drop=0.40] [Grad Norms] Epoch [023] | relation_emb=1.017049e+00, relation_tau=0.000000e+00, relation_wq=0.000000e+00, relation_wk=0.000000e+00, personal_u=1.716507e-02, personal_v=3.948729e-03, personal_alpha_bias=0.000000e+00, personal_gate_emb=0.000000e+00, personal_gate_state_proj=2.047163e-19, personal_gate_context_proj=5.000646e-16, personal_gate_state_direct=1.220330e-08, personal_gate_id_direct=0.000000e+00, personal_gate_context_direct=1.472668e-05, personal_gate_out=6.083409e-10, personal_generator_emb=8.650396e-22, personal_generator_context_proj=0.000000e+00, personal_generator_context_hidden=5.012847e-16, personal_generator_context_to_u=8.373994e-12, personal_generator_context_to_v=2.493541e-12, personal_generator_state_row=1.919388e-11, personal_generator_state_col=5.715716e-12, personal_generator_id_row=4.798828e-12, personal_generator_id_col=1.428957e-12, personal_generator_state_adapter=1.646411e-17, personal_generator_id_adapter=4.848190e-23, personal_generator_context_adapter=3.567887e-17, personal_generator_direct_scale=1.572160e-06
2026-04-19 04:04:42,789 - INFO - [junyi|junyi_abce_best_full|lr=0.003|drop=0.40] -> New best AUC=0.8236 at epoch 23
2026-04-19 04:07:48,735 - INFO - [junyi|junyi_abce_best_full|lr=0.003|drop=0.40] Epoch [024/100] | Train: Loss=0.4827, BCE=0.4677, Reg=0.0150, AUC=0.8352, ACC=0.7803, RMSE=0.3902 | Val: Loss=0.4973, BCE=0.4823, Reg=0.0150, AUC=0.8227, ACC=0.7742, RMSE=0.3966
2026-04-19 04:07:48,735 - INFO - [junyi|junyi_abce_best_full|lr=0.003|drop=0.40] [Reg Terms] Epoch [024] | Train: graph_entropy=0.000000, graph_diag=0.006001, graph_uniform=0.006753, graph_reg_scale=1.0000, prediction_l2=0.000000, personal_sparse=0.001148, alpha_var=0.000000, alpha_collapse=0.000004, reg_bce_ratio=0.0321 | Val: graph_entropy=0.000000, graph_diag=0.006000, graph_uniform=0.006753, graph_reg_scale=1.0000, prediction_l2=0.000000, personal_sparse=0.001178, alpha_var=0.000000, alpha_collapse=0.000015, reg_bce_ratio=0.0310
2026-04-19 04:07:49,026 - INFO - [junyi|junyi_abce_best_full|lr=0.003|drop=0.40] [Diag][AE] Epoch [024] | irt_abs_mean=1.7378, irt_std=1.0790, personal_warmup_scale=1.00, graph_row_entropy=3.2177, graph_entropy_ratio=0.4915, alpha_mean=0.1301, alpha_std=0.0384, alpha_base_mean=0.1300, alpha_delta_absmean=0.0245, alpha_saturation_ratio=0.0000, alpha_bias_std=NA, alpha_state_path=0.5140, alpha_id_path=0.0000, alpha_bias_path=0.0000, head_bias_path=0.1867, personal_row_entropy=2.3376, personal_matrix_delta=0.0457, personal_matrix_student_std=0.0524, personal_delta_pre_softmax_norm=2.5336, personal_delta_student_std=2.4753, alpha_head_std=0.0366, query_row_global_readout_delta=0.0440, query_row_personal_message_delta=0.0002, query_row_posterior_delta_abs=0.0457, query_row_posterior_kl=0.0350, query_row_delta_local_rms_raw=0.0024, query_row_message_projection_gain=0.0527, personal_to_graph_query_ratio=0.0048, query_row_global_support_mass=1.7157, query_row_personal_support_mass=1.7157, neighbor_row_personal_delta=0.0000, personal_row_budget_mean=1.3000, personal_query_row_std=0.2133, readout_query_support_mass=1.7157, personal_student_mix=0.0499, personal_student_adapter=0.0400, local_row_ratio=0.0633, support_density=1.0000, readout_query_delta=0.0439, personal_bad_rows_active=0.00, personal_fallback_rows_active=0.00, personal_bad_row_rate_active=0.0000, personal_padded_rows=0.00, personal_logits_support_absmax=6.8339, personal_query_trust_scale_mean=1.0000, personal_bad_rows_legacy=0.00, personal_fallback_rows_legacy=0.00, personal_logits_absmax_legacy=6.8339
2026-04-19 04:07:49,027 - INFO - [junyi|junyi_abce_best_full|lr=0.003|drop=0.40] [Diag][A] Epoch [024] | entropy_ratio=0.4915, diag_mass=0.0500, to_uniform_l2=0.007448, to_identity_l2=0.036726, relation_identity_delta=0.036726, knowledge_state_graph_delta=0.279936, knowledge_state_personal_delta=0.000000, share_concept_embeddings=True, tau_mean=0.6931, tau_std=0.0000, graph_reg_scale(train/val)=1.0000/1.0000
2026-04-19 04:07:49,027 - INFO - [junyi|junyi_abce_best_full|lr=0.003|drop=0.40] [Grad Norms] Epoch [024] | relation_emb=9.208068e-01, relation_tau=2.468604e-15, relation_wq=0.000000e+00, relation_wk=0.000000e+00, personal_u=1.366732e-03, personal_v=6.647360e-04, personal_alpha_bias=0.000000e+00, personal_gate_emb=0.000000e+00, personal_gate_state_proj=3.357036e-18, personal_gate_context_proj=2.328785e-14, personal_gate_state_direct=5.292233e-09, personal_gate_id_direct=0.000000e+00, personal_gate_context_direct=2.450300e-05, personal_gate_out=1.841358e-09, personal_generator_emb=5.738511e-22, personal_generator_context_proj=5.447633e-21, personal_generator_context_hidden=3.771426e-17, personal_generator_context_to_u=1.102056e-12, personal_generator_context_to_v=8.523472e-13, personal_generator_state_row=7.460127e-13, personal_generator_state_col=5.766100e-13, personal_generator_id_row=1.862842e-13, personal_generator_id_col=1.440751e-13, personal_generator_state_adapter=4.104509e-18, personal_generator_id_adapter=1.597213e-24, personal_generator_context_adapter=2.440046e-18, personal_generator_direct_scale=1.132848e-05
2026-04-19 04:07:49,027 - INFO - [junyi|junyi_abce_best_full|lr=0.003|drop=0.40] -> No improvement 1 epoch(s) (best AUC=0.8236 @ 23)
2026-04-19 04:10:58,052 - INFO - [junyi|junyi_abce_best_full|lr=0.003|drop=0.40] Epoch [025/100] | Train: Loss=0.4815, BCE=0.4665, Reg=0.0150, AUC=0.8362, ACC=0.7817, RMSE=0.3897 | Val: Loss=0.4955, BCE=0.4805, Reg=0.0150, AUC=0.8224, ACC=0.7747, RMSE=0.3960
2026-04-19 04:10:58,053 - INFO - [junyi|junyi_abce_best_full|lr=0.003|drop=0.40] [Reg Terms] Epoch [025] | Train: graph_entropy=0.000000, graph_diag=0.006002, graph_uniform=0.006753, graph_reg_scale=1.0000, prediction_l2=0.000000, personal_sparse=0.001154, alpha_var=0.000000, alpha_collapse=0.000004, reg_bce_ratio=0.0322 | Val: graph_entropy=0.000000, graph_diag=0.006000, graph_uniform=0.006753, graph_reg_scale=1.0000, prediction_l2=0.000000, personal_sparse=0.001209, alpha_var=0.000000, alpha_collapse=0.000044, reg_bce_ratio=0.0311
2026-04-19 04:10:58,338 - INFO - [junyi|junyi_abce_best_full|lr=0.003|drop=0.40] [Diag][AE] Epoch [025] | irt_abs_mean=1.7538, irt_std=1.0576, personal_warmup_scale=1.00, graph_row_entropy=3.2177, graph_entropy_ratio=0.4915, alpha_mean=0.1299, alpha_std=0.0353, alpha_base_mean=0.1300, alpha_delta_absmean=0.0218, alpha_saturation_ratio=0.0000, alpha_bias_std=NA, alpha_state_path=0.4499, alpha_id_path=0.0000, alpha_bias_path=0.0000, head_bias_path=0.1922, personal_row_entropy=2.4216, personal_matrix_delta=0.0437, personal_matrix_student_std=0.0429, personal_delta_pre_softmax_norm=2.7980, personal_delta_student_std=2.5883, alpha_head_std=0.0342, query_row_global_readout_delta=0.0403, query_row_personal_message_delta=0.0002, query_row_posterior_delta_abs=0.0437, query_row_posterior_kl=0.0316, query_row_delta_local_rms_raw=0.0021, query_row_message_projection_gain=0.0482, personal_to_graph_query_ratio=0.0041, query_row_global_support_mass=2.7043, query_row_personal_support_mass=2.7043, neighbor_row_personal_delta=0.0000, personal_row_budget_mean=1.3000, personal_query_row_std=0.0803, readout_query_support_mass=2.7043, personal_student_mix=0.0500, personal_student_adapter=0.0400, local_row_ratio=0.0652, support_density=1.0000, readout_query_delta=0.0403, personal_bad_rows_active=0.00, personal_fallback_rows_active=0.00, personal_bad_row_rate_active=0.0000, personal_padded_rows=0.00, personal_logits_support_absmax=6.7122, personal_query_trust_scale_mean=1.0000, personal_bad_rows_legacy=0.00, personal_fallback_rows_legacy=0.00, personal_logits_absmax_legacy=6.7122
2026-04-19 04:10:58,338 - INFO - [junyi|junyi_abce_best_full|lr=0.003|drop=0.40] [Diag][A] Epoch [025] | entropy_ratio=0.4915, diag_mass=0.0500, to_uniform_l2=0.007448, to_identity_l2=0.036726, relation_identity_delta=0.036726, knowledge_state_graph_delta=0.289186, knowledge_state_personal_delta=0.000000, share_concept_embeddings=True, tau_mean=0.6931, tau_std=0.0000, graph_reg_scale(train/val)=1.0000/1.0000
2026-04-19 04:10:58,338 - INFO - [junyi|junyi_abce_best_full|lr=0.003|drop=0.40] [Grad Norms] Epoch [025] | relation_emb=1.079290e+00, relation_tau=1.656802e-14, relation_wq=0.000000e+00, relation_wk=0.000000e+00, personal_u=9.508139e-04, personal_v=1.009527e-03, personal_alpha_bias=0.000000e+00, personal_gate_emb=0.000000e+00, personal_gate_state_proj=1.244546e-17, personal_gate_context_proj=5.472953e-14, personal_gate_state_direct=1.258925e-08, personal_gate_id_direct=0.000000e+00, personal_gate_context_direct=3.090280e-05, personal_gate_out=4.937693e-09, personal_generator_emb=6.841299e-22, personal_generator_context_proj=1.299469e-20, personal_generator_context_hidden=8.797064e-17, personal_generator_context_to_u=2.139469e-12, personal_generator_context_to_v=2.169158e-12, personal_generator_state_row=1.759129e-12, personal_generator_state_col=1.783545e-12, personal_generator_id_row=4.397762e-13, personal_generator_id_col=4.458790e-13, personal_generator_state_adapter=7.038102e-20, personal_generator_id_adapter=4.265867e-24, personal_generator_context_adapter=7.596843e-18, personal_generator_direct_scale=1.668703e-07
2026-04-19 04:10:58,338 - INFO - [junyi|junyi_abce_best_full|lr=0.003|drop=0.40] -> No improvement 2 epoch(s) (best AUC=0.8236 @ 23)
2026-04-19 04:14:05,644 - INFO - [junyi|junyi_abce_best_full|lr=0.003|drop=0.40] Epoch [026/100] | Train: Loss=0.4690, BCE=0.4540, Reg=0.0149, AUC=0.8460, ACC=0.7893, RMSE=0.3834 | Val: Loss=0.4990, BCE=0.4841, Reg=0.0149, AUC=0.8229, ACC=0.7744, RMSE=0.3970
2026-04-19 04:14:05,644 - INFO - [junyi|junyi_abce_best_full|lr=0.003|drop=0.40] [Reg Terms] Epoch [026] | Train: graph_entropy=0.000000, graph_diag=0.006001, graph_uniform=0.006753, graph_reg_scale=1.0000, prediction_l2=0.000000, personal_sparse=0.001209, alpha_var=0.000000, alpha_collapse=0.000004, reg_bce_ratio=0.0329 | Val: graph_entropy=0.000000, graph_diag=0.006000, graph_uniform=0.006753, graph_reg_scale=1.0000, prediction_l2=0.000000, personal_sparse=0.001232, alpha_var=0.000000, alpha_collapse=0.000027, reg_bce_ratio=0.0308
2026-04-19 04:14:05,885 - INFO - [junyi|junyi_abce_best_full|lr=0.003|drop=0.40] [Diag][AE] Epoch [026] | irt_abs_mean=1.8359, irt_std=1.0841, personal_warmup_scale=1.00, graph_row_entropy=3.2177, graph_entropy_ratio=0.4915, alpha_mean=0.1300, alpha_std=0.0364, alpha_base_mean=0.1300, alpha_delta_absmean=0.0221, alpha_saturation_ratio=0.0000, alpha_bias_std=NA, alpha_state_path=0.4600, alpha_id_path=0.0000, alpha_bias_path=0.0000, head_bias_path=0.1974, personal_row_entropy=2.4495, personal_matrix_delta=0.0428, personal_matrix_student_std=0.0434, personal_delta_pre_softmax_norm=2.8339, personal_delta_student_std=2.7069, alpha_head_std=0.0349, query_row_global_readout_delta=0.0449, query_row_personal_message_delta=0.0001, query_row_posterior_delta_abs=0.0428, query_row_posterior_kl=0.0304, query_row_delta_local_rms_raw=0.0007, query_row_message_projection_gain=0.0156, personal_to_graph_query_ratio=0.0012, query_row_global_support_mass=2.1601, query_row_personal_support_mass=2.1601, neighbor_row_personal_delta=0.0000, personal_row_budget_mean=1.3000, personal_query_row_std=0.0924, readout_query_support_mass=2.1601, personal_student_mix=0.0500, personal_student_adapter=0.0400, local_row_ratio=0.0467, support_density=1.0000, readout_query_delta=0.0449, personal_bad_rows_active=0.00, personal_fallback_rows_active=0.00, personal_bad_row_rate_active=0.0000, personal_padded_rows=0.00, personal_logits_support_absmax=6.7067, personal_query_trust_scale_mean=1.0000, personal_bad_rows_legacy=0.00, personal_fallback_rows_legacy=0.00, personal_logits_absmax_legacy=6.7067
2026-04-19 04:14:05,885 - INFO - [junyi|junyi_abce_best_full|lr=0.003|drop=0.40] [Diag][A] Epoch [026] | entropy_ratio=0.4915, diag_mass=0.0500, to_uniform_l2=0.007448, to_identity_l2=0.036726, relation_identity_delta=0.036726, knowledge_state_graph_delta=0.303599, knowledge_state_personal_delta=0.000000, share_concept_embeddings=True, tau_mean=0.6931, tau_std=0.0000, graph_reg_scale(train/val)=1.0000/1.0000
2026-04-19 04:14:05,885 - INFO - [junyi|junyi_abce_best_full|lr=0.003|drop=0.40] [Grad Norms] Epoch [026] | relation_emb=1.272838e+00, relation_tau=0.000000e+00, relation_wq=0.000000e+00, relation_wk=0.000000e+00, personal_u=4.577790e-03, personal_v=4.244088e-03, personal_alpha_bias=0.000000e+00, personal_gate_emb=0.000000e+00, personal_gate_state_proj=0.000000e+00, personal_gate_context_proj=0.000000e+00, personal_gate_state_direct=2.058270e-09, personal_gate_id_direct=0.000000e+00, personal_gate_context_direct=4.442135e-06, personal_gate_out=4.872022e-21, personal_generator_emb=0.000000e+00, personal_generator_context_proj=0.000000e+00, personal_generator_context_hidden=0.000000e+00, personal_generator_context_to_u=0.000000e+00, personal_generator_context_to_v=0.000000e+00, personal_generator_state_row=0.000000e+00, personal_generator_state_col=0.000000e+00, personal_generator_id_row=0.000000e+00, personal_generator_id_col=0.000000e+00, personal_generator_state_adapter=0.000000e+00, personal_generator_id_adapter=0.000000e+00, personal_generator_context_adapter=0.000000e+00, personal_generator_direct_scale=3.066872e-07
2026-04-19 04:14:05,885 - INFO - [junyi|junyi_abce_best_full|lr=0.003|drop=0.40] -> No improvement 3 epoch(s) (best AUC=0.8236 @ 23)
2026-04-19 04:14:05,885 - INFO - [junyi|junyi_abce_best_full|lr=0.003|drop=0.40] Early stopping at epoch 26 (best AUC=0.8236 @ 23)
2026-04-19 04:14:05,893 - INFO - Epoch-wise metrics saved to checkpoints/abce_diag/remote_rerun_20260419_6ddddcc/junyi/seed42/best_full/metrics_history.csv
2026-04-19 04:14:05,896 - INFO - [junyi|junyi_abce_best_full|lr=0.003|drop=0.40] Training completed! Best Val AUC=0.8236 @ epoch 23
2026-04-19 04:14:06,288 - INFO - 
============================================================
         MODULE ACTIVITY REPORT
============================================================
Dataset: junyi | Seed: 42 | Epoch: 26

1. Concept Graph Module (A):
   - Mean row entropy: 3.218 / 6.547
   - Entropy ratio: 49.1%
   - Query readout delta: 0.0455
   - Status: LIVE (global graph is entering queried concept readout)

2. Personal Graph Module (E):
   - Alpha mean: 0.130
   - Alpha std: 0.040
   - Alpha bias std: 0.000
   - Personal/global delta: 0.0421
   - Inter-student matrix std: 0.0420
   - Query personal message delta: 0.0001
   - Query posterior KL: 0.0297
   - Query message projection gain: 0.0174
   - Query personal std: 0.0855
   - Personal/global query ratio: 0.0013
   - Status: WEAK (posterior is moving, but message-space correction is still too small)
   -> Consider: widen message basis or improve message projection leverage before enlarging posterior amplitude

------------------------------------------------------------
SUMMARY:
   Active modules: Concept Graph (A)
   Inactive modules: Personal Graph (E)
============================================================
2026-04-19 04:14:06,288 - INFO - [junyi|junyi_abce_best_full|lr=0.003|drop=0.40] Module activity saved to checkpoints/abce_diag/remote_rerun_20260419_6ddddcc/junyi/seed42/best_full/module_activity.json
2026-04-19 04:14:06,349 - INFO - Using device: cuda:0 (physical gpu 3)
2026-04-19 04:14:06,349 - INFO - Loading model from checkpoints/abce_diag/remote_rerun_20260419_6ddddcc/junyi/seed42/best_full/best_model.pth...
2026-04-19 04:14:06,456 - INFO - [Inference Filter] before=67063, after=60494, dropped=6569, coverage=90.20% (train-only seen student/item support)
2026-04-19 04:14:06,484 - INFO - Inference switches: ablate_module1=False | enable_module1=True | use_concept_graph=True | effective(num_gnn_layers=2)
2026-04-19 04:14:06,636 - INFO - [Inference] Ablation runtime check: args(ablate_module1=False) | expect(use_concept_graph=True,use_personal_graph=True) | model(enable_module1=True,use_concept_graph=True,use_personal_graph=True) | physical(has_knowledge_encoder=True,has_relation_learning=True,has_adaptive_gate=True,has_personal_generator=True)
2026-04-19 04:14:06,637 - INFO - [Inference] [Graph Init] graph_tau_mean=1.0055, graph_tau_std=0.0000, graph_dropout=0.000, use_personal_graph=True
2026-04-19 04:14:06,639 - INFO - Model loaded from epoch 23. Start testing...
2026-04-19 04:14:10,779 - INFO - [Test] 200/946 batches done, samples=12800
2026-04-19 04:14:14,778 - INFO - [Test] 400/946 batches done, samples=25600
2026-04-19 04:14:18,851 - INFO - [Test] 600/946 batches done, samples=38400
2026-04-19 04:14:22,797 - INFO - [Test] 800/946 batches done, samples=51200
2026-04-19 04:14:25,759 - INFO - 
==================================================
2026-04-19 04:14:25,759 - INFO - Test Results:
2026-04-19 04:14:25,759 - INFO - AUC: 0.8278
2026-04-19 04:14:25,760 - INFO - ACC: 0.7668
2026-04-19 04:14:25,760 - INFO - RMSE: 0.4009
2026-04-19 04:14:25,760 - INFO - ==================================================
2026-04-19 04:14:25,778 - INFO - Summary appended to /home/zsh/ConceptSkillCDM/results/experiment_results.csv
2026-04-19 04:14:25,783 - INFO - Run completed.
2026-04-19 04:14:25,783 - INFO - Best validation AUC: 0.8236 at epoch 23
2026-04-19 04:14:25,783 - INFO - Test metrics - AUC: 0.8278, ACC: 0.7668, RMSE: 0.4009
