2026-04-08 08:39:51,580 - INFO - Arguments:
2026-04-08 08:39:51,580 - INFO -   ablate_concept_graph: False
2026-04-08 08:39:51,580 - INFO -   ablate_module1: False
2026-04-08 08:39:51,580 - INFO -   ablate_module2: False
2026-04-08 08:39:51,580 - INFO -   ablate_module3: False
2026-04-08 08:39:51,580 - INFO -   ablate_skill_encoder: True
2026-04-08 08:39:51,580 - INFO -   allow_self_loop: True
2026-04-08 08:39:51,581 - INFO -   alpha_min_target: 0.0
2026-04-08 08:39:51,581 - INFO -   batch_size: 128
2026-04-08 08:39:51,581 - INFO -   data_dir: ./data/assist_09
2026-04-08 08:39:51,581 - INFO -   dataset_name: assist_09
2026-04-08 08:39:51,581 - INFO -   debug_module3_diag: True
2026-04-08 08:39:51,581 - INFO -   delta_ratio_target: 0.15
2026-04-08 08:39:51,581 - INFO -   diag_batches: 1
2026-04-08 08:39:51,581 - INFO -   disable_q_aligned_residual: False
2026-04-08 08:39:51,581 - INFO -   disable_q_conditioning: False
2026-04-08 08:39:51,581 - INFO -   disable_self_loop: False
2026-04-08 08:39:51,581 - INFO -   dropout: 0.2
2026-04-08 08:39:51,581 - INFO -   early_stop_patience: 3
2026-04-08 08:39:51,581 - INFO -   enable_module1: True
2026-04-08 08:39:51,581 - INFO -   enable_module2: True
2026-04-08 08:39:51,581 - INFO -   enable_module3: True
2026-04-08 08:39:51,581 - INFO -   epochs: 100
2026-04-08 08:39:51,581 - INFO -   exercise_dim: 64
2026-04-08 08:39:51,581 - INFO -   exercise_l2_lambda: 1e-05
2026-04-08 08:39:51,581 - INFO -   fusion_gate_bias_init: -0.9
2026-04-08 08:39:51,581 - INFO -   fusion_gate_max: 1.0
2026-04-08 08:39:51,582 - INFO -   generate_diagnosis: True
2026-04-08 08:39:51,582 - INFO -   gnn_residual_weight: 0.5
2026-04-08 08:39:51,582 - INFO -   gpu_candidates: None
2026-04-08 08:39:51,582 - INFO -   gpu_ids: None
2026-04-08 08:39:51,582 - INFO -   gpu_memory_threshold: 2000
2026-04-08 08:39:51,582 - INFO -   gpus: None
2026-04-08 08:39:51,582 - INFO -   graph_dropout: 0.0
2026-04-08 08:39:51,582 - INFO -   graph_entropy_max: 0.8
2026-04-08 08:39:51,582 - INFO -   graph_entropy_min: 0.15
2026-04-08 08:39:51,582 - INFO -   graph_reg_cap_ratio: 6.0
2026-04-08 08:39:51,582 - INFO -   graph_reg_warmup_epochs: 0
2026-04-08 08:39:51,582 - INFO -   graph_tau_init: 0.55
2026-04-08 08:39:51,582 - INFO -   graph_topk: 12
2026-04-08 08:39:51,582 - INFO -   graph_uniform_margin: 0.1
2026-04-08 08:39:51,582 - INFO -   knowledge_dim: 64
2026-04-08 08:39:51,582 - INFO -   lambda_alpha: 0.05
2026-04-08 08:39:51,582 - INFO -   lambda_alpha_min: 0.0
2026-04-08 08:39:51,582 - INFO -   lambda_delta_ratio: 0.0
2026-04-08 08:39:51,582 - INFO -   lambda_graph_diag: 0.1
2026-04-08 08:39:51,583 - INFO -   lambda_graph_uniform: 0.04
2026-04-08 08:39:51,583 - INFO -   lambda_sparse: 1.0
2026-04-08 08:39:51,583 - INFO -   lambda_sparse_personal: 0.002
2026-04-08 08:39:51,583 - INFO -   learning_rate: 0.0003
2026-04-08 08:39:51,583 - INFO -   log_dir: logs/abce_diag/20260408_082628/assist_09/seed42/best_no_B
2026-04-08 08:39:51,583 - INFO -   mf_warmup_epochs: 0
2026-04-08 08:39:51,583 - INFO -   min_exer_interactions: 0
2026-04-08 08:39:51,583 - INFO -   min_poison_count: 0
2026-04-08 08:39:51,583 - INFO -   min_stu_interactions: 15
2026-04-08 08:39:51,583 - INFO -   model_variant: assist_09_abce_best_no_B
2026-04-08 08:39:51,583 - INFO -   multi_gpu: False
2026-04-08 08:39:51,583 - INFO -   no_cuda: False
2026-04-08 08:39:51,583 - INFO -   num_gnn_layers: 1
2026-04-08 08:39:51,583 - INFO -   num_gpus: 1
2026-04-08 08:39:51,583 - INFO -   num_relation_heads: 2
2026-04-08 08:39:51,583 - INFO -   num_workers: 4
2026-04-08 08:39:51,583 - INFO -   patience: 5
2026-04-08 08:39:51,583 - INFO -   personal_delta_scale: 1.0
2026-04-08 08:39:51,583 - INFO -   personal_max_alpha: 0.35
2026-04-08 08:39:51,583 - INFO -   personal_rank: 4
2026-04-08 08:39:51,583 - INFO -   personal_student_dim: None
2026-04-08 08:39:51,583 - INFO -   personal_warmup_epochs: 0
2026-04-08 08:39:51,584 - INFO -   residual_clip_t: 2.0
2026-04-08 08:39:51,584 - INFO -   residual_scale_init: 0.25
2026-04-08 08:39:51,584 - INFO -   save_dir: checkpoints/abce_diag/20260408_082628/assist_09/seed42/best_no_B
2026-04-08 08:39:51,584 - INFO -   save_interval: 10
2026-04-08 08:39:51,584 - INFO -   seed: 42
2026-04-08 08:39:51,584 - INFO -   skill_dim: 128
2026-04-08 08:39:51,584 - INFO -   use_concept_graph: True
2026-04-08 08:39:51,584 - INFO -   use_exercise_graph: True
2026-04-08 08:39:51,584 - INFO -   use_mf_branch: False
2026-04-08 08:39:51,584 - INFO -   use_personal_graph: True
2026-04-08 08:39:51,584 - INFO -   use_q_aligned_residual: True
2026-04-08 08:39:51,584 - INFO -   use_q_conditioning: True
2026-04-08 08:39:51,584 - INFO -   use_skill_encoder: False
2026-04-08 08:39:51,584 - INFO -   weight_decay: 1e-05
2026-04-08 08:39:51,672 - INFO - Using device: cuda:0 (physical gpu 1)
2026-04-08 08:39:51,672 - INFO - [assist_09|assist_09_abce_best_no_B|lr=0.0003|drop=0.20] Loading datasets...
2026-04-08 08:39:51,672 - INFO - [assist_09|assist_09_abce_best_no_B|lr=0.0003|drop=0.20] Regularization: graph_entropy(lambda_sparse)=1.000000, graph_diag=0.100000, graph_uniform=0.040000, personal_sparse=0.002000, alpha_penalty=0.050000, alpha_min=0.000000, delta_ratio=0.000000, mf_l2(exercise_l2_lambda)=0.000010
2026-04-08 08:39:51,672 - INFO - [assist_09|assist_09_abce_best_no_B|lr=0.0003|drop=0.20] Graph controls: entropy_band=[0.15, 0.80], uniform_margin=0.10, warmup_epochs=0, cap_ratio=6.00, graph_dropout=0.000, graph_tau_init=0.550
2026-04-08 08:39:51,672 - INFO - [assist_09|assist_09_abce_best_no_B|lr=0.0003|drop=0.20] Rescue controls: mf_warmup_epochs=0, delta_ratio_target=0.1500, personal_max_alpha=0.350, personal_delta_scale=1.000, personal_warmup_epochs=0, personal_student_dim=None, alpha_min_target=0.0000
2026-04-08 08:39:51,799 - INFO - [assist_09] [数据清洗] 学生交互次数 < 15 次的学生：共移除 0 个学生（仅统计用户数）
2026-04-08 08:39:51,811 - INFO - [assist_09] [数据清洗] 学生冷启动过滤：在 train/valid/test 中共删除 0 条记录。
2026-04-08 08:39:51,811 - INFO - [assist_09] [数据清洗] 跳过题目冷门过滤（min_exer_interactions <= 0）。
2026-04-08 08:39:51,811 - INFO - [assist_09] [数据清洗] 跳过毒题清洗（min_poison_count <= 0）。
2026-04-08 08:39:51,811 - INFO - [assist_09] 正在构建ID映射...
2026-04-08 08:39:52,064 - INFO - [assist_09] 正在构建Q矩阵...
2026-04-08 08:40:00,643 - INFO - [assist_09] [统计] 开始统计清洗后每道题的概念数量分布...
2026-04-08 08:40:00,650 - INFO - [assist_09] [Train] 概念数统计：题目数=17099, 平均概念数=1.1992, min=1, max=4, 1概念=14168 (82.86%), ≥2概念=2931 (17.14%)
2026-04-08 08:40:00,650 - INFO - [assist_09] [Train] 概念数直方图（概念数: 题目数量）: {1: 14168, 2: 2536, 3: 315, 4: 80}
2026-04-08 08:40:00,653 - INFO - [assist_09] [Valid] 概念数统计：题目数=9274, 平均概念数=1.1993, min=1, max=4, 1概念=7697 (83.00%), ≥2概念=1577 (17.00%)
2026-04-08 08:40:00,653 - INFO - [assist_09] [Valid] 概念数直方图（概念数: 题目数量）: {1: 7697, 2: 1356, 3: 171, 4: 50}
2026-04-08 08:40:00,657 - INFO - [assist_09] [Test] 概念数统计：题目数=13331, 平均概念数=1.1962, min=1, max=4, 1概念=11110 (83.34%), ≥2概念=2221 (16.66%)
2026-04-08 08:40:00,657 - INFO - [assist_09] [Test] 概念数直方图（概念数: 题目数量）: {1: 11110, 2: 1891, 3: 265, 4: 65}
2026-04-08 08:40:00,657 - INFO - [assist_09] [统计] 概念数量统计完成。
2026-04-08 08:40:00,657 - INFO - [assist_09] 正在加载数据集...
2026-04-08 08:40:00,725 - INFO - [assist_09|assist_09_abce_best_no_B|lr=0.0003|drop=0.20] Train samples: 194489, Val samples: 20385
2026-04-08 08:40:00,725 - INFO - [assist_09|assist_09_abce_best_no_B|lr=0.0003|drop=0.20] Number of students: 2493
2026-04-08 08:40:00,725 - INFO - [assist_09|assist_09_abce_best_no_B|lr=0.0003|drop=0.20] Number of exercises: 17676
2026-04-08 08:40:00,725 - INFO - [assist_09|assist_09_abce_best_no_B|lr=0.0003|drop=0.20] Number of concepts: 123
2026-04-08 08:40:00,725 - INFO - [assist_09|assist_09_abce_best_no_B|lr=0.0003|drop=0.20] Creating model...
2026-04-08 08:40:00,725 - INFO - [assist_09|assist_09_abce_best_no_B|lr=0.0003|drop=0.20] Ablation switches: ablate_module1=False, ablate_module2=False, ablate_module3=False | enable_module1=True, enable_module2=True, enable_module3=True | use_mf_branch=False, use_concept_graph=True, use_q_aligned_residual=True | effective(num_gnn_layers=1)
2026-04-08 08:40:00,840 - INFO - [assist_09|assist_09_abce_best_no_B|lr=0.0003|drop=0.20] Ablation runtime check: args(ablate_module1=False,ablate_module2=False,ablate_module3=False) | model(enable_module1=True,enable_module2=True,enable_module3=True) | physical(has_knowledge_encoder=True,has_mf_branch=False)
2026-04-08 08:40:00,840 - INFO - [assist_09|assist_09_abce_best_no_B|lr=0.0003|drop=0.20] Debug diagnostics enabled: diag_batches=1
2026-04-08 08:40:00,863 - INFO - [assist_09|assist_09_abce_best_no_B|lr=0.0003|drop=0.20] [Module3 Init] fusion_gate_bias=0.0000, fusion_gate_max=0.0000, implied_gate=0.0000, q_gate=0.0000, mf_scale=0.0000, bias_scale=0.0000, graph_tau_mean=1.0055, graph_tau_std=0.0000, graph_dropout=0.000
2026-04-08 08:40:00,863 - INFO - [assist_09|assist_09_abce_best_no_B|lr=0.0003|drop=0.20] Total parameters: 730,105
2026-04-08 08:40:00,863 - INFO - [assist_09|assist_09_abce_best_no_B|lr=0.0003|drop=0.20] Trainable parameters: 730,105
2026-04-08 08:40:01,694 - INFO - [assist_09|assist_09_abce_best_no_B|lr=0.0003|drop=0.20] Starting training...
2026-04-08 08:40:51,024 - INFO - [assist_09|assist_09_abce_best_no_B|lr=0.0003|drop=0.20] Epoch [001/100] | Train: Loss=0.6021, BCE=0.5926, Reg=0.0095, AUC=0.6827, ACC=0.6892, RMSE=0.4506 | Val: Loss=0.5745, BCE=0.5677, Reg=0.0068, AUC=0.7276, ACC=0.7098, RMSE=0.4386
2026-04-08 08:40:51,024 - INFO - [assist_09|assist_09_abce_best_no_B|lr=0.0003|drop=0.20] [Reg Terms] Epoch [001] | Train: graph_entropy=0.000000, graph_diag=0.002459, graph_uniform=0.003002, graph_reg_scale=1.0000, mf_l2=0.000000, delta_ratio=0.000000, personal_sparse=0.005299, alpha_var=-0.001274, alpha_collapse=0.000000, reg_bce_ratio=0.0160 | Val: graph_entropy=0.000000, graph_diag=0.000154, graph_uniform=0.003003, graph_reg_scale=1.0000, mf_l2=0.000000, delta_ratio=0.000000, personal_sparse=0.005181, alpha_var=-0.001574, alpha_collapse=0.000000, reg_bce_ratio=0.0119
2026-04-08 08:40:51,199 - INFO - [assist_09|assist_09_abce_best_no_B|lr=0.0003|drop=0.20] [Diag][M3] Epoch [001] | residual_abs_mean=0.0000, residual_std=0.0000, mf_abs_mean=0.0000, mf_std=0.0000, gate_mean=0.0000, gate_std=0.0000, irt_abs_mean=1.2773, irt_std=0.6828, delta_abs_mean=0.0000, delta_std=0.0000, delta_over_irt=0.0000, warmup(mf/personal)=1.00/1.00, graph_row_entropy=2.4784, graph_entropy_ratio=0.5150, alpha_mean=0.1503, alpha_std=0.1731, alpha_bias_std=0.1652, personal_row_entropy=2.5905, personal_matrix_delta=0.0000, personal_matrix_student_std=0.0000
2026-04-08 08:40:51,200 - INFO - [assist_09|assist_09_abce_best_no_B|lr=0.0003|drop=0.20] [Diag][Graph] Epoch [001] | entropy_ratio=0.5150, diag_mass=0.0015, to_uniform_l2=0.024914, to_identity_l2=0.093765, tau_mean=0.8657, tau_std=0.0005, graph_reg_scale(train/val)=1.0000/1.0000
2026-04-08 08:40:51,200 - INFO - [assist_09|assist_09_abce_best_no_B|lr=0.0003|drop=0.20] [Grad Norms] Epoch [001] | mf_u_proj=0.000000, mf_v_proj=0.000000, fusion_gate=0.000000, q_gate_raw=0.000000, skill_latent=0.000000, relation_emb=9.663083e-03, relation_tau=5.628535e-04, relation_wq=1.260046e-03, relation_wk=1.383995e-03, personal_u=1.841195e-10, personal_v=4.635604e-11, personal_alpha_bias=1.511023e-03, personal_gate_emb=1.932645e-06, personal_gate_student_proj=5.799190e-08, personal_gate_context_proj=4.259680e-04, personal_gate_student_direct=1.704410e-08, personal_gate_context_direct=1.269474e-04, personal_gate_out=1.152733e-04, personal_generator_emb=2.663097e-12, personal_generator_context_proj=7.483256e-17, personal_generator_context_hidden=1.909874e-17, personal_generator_context_to_u=7.527998e-16, personal_generator_context_to_v=6.982774e-16
2026-04-08 08:40:51,420 - INFO - [assist_09|assist_09_abce_best_no_B|lr=0.0003|drop=0.20] -> New best AUC=0.7276 at epoch 1
2026-04-08 08:41:38,355 - INFO - [assist_09|assist_09_abce_best_no_B|lr=0.0003|drop=0.20] Epoch [002/100] | Train: Loss=0.5579, BCE=0.5534, Reg=0.0044, AUC=0.7419, ACC=0.7190, RMSE=0.4318 | Val: Loss=0.5671, BCE=0.5625, Reg=0.0046, AUC=0.7346, ACC=0.7155, RMSE=0.4363
2026-04-08 08:41:38,355 - INFO - [assist_09|assist_09_abce_best_no_B|lr=0.0003|drop=0.20] [Reg Terms] Epoch [002] | Train: graph_entropy=0.000000, graph_diag=0.000249, graph_uniform=0.003002, graph_reg_scale=1.0000, mf_l2=0.000000, delta_ratio=0.000000, personal_sparse=0.005133, alpha_var=-0.003948, alpha_collapse=0.000000, reg_bce_ratio=0.0080 | Val: graph_entropy=0.000000, graph_diag=0.000154, graph_uniform=0.003000, graph_reg_scale=1.0000, mf_l2=0.000000, delta_ratio=0.000000, personal_sparse=0.005094, alpha_var=-0.003696, alpha_collapse=0.000000, reg_bce_ratio=0.0081
2026-04-08 08:41:38,549 - INFO - [assist_09|assist_09_abce_best_no_B|lr=0.0003|drop=0.20] [Diag][M3] Epoch [002] | residual_abs_mean=0.0000, residual_std=0.0000, mf_abs_mean=0.0000, mf_std=0.0000, gate_mean=0.0000, gate_std=0.0000, irt_abs_mean=1.4084, irt_std=0.7244, delta_abs_mean=0.0000, delta_std=0.0000, delta_over_irt=0.0000, warmup(mf/personal)=1.00/1.00, graph_row_entropy=2.4757, graph_entropy_ratio=0.5145, alpha_mean=0.1504, alpha_std=0.1733, alpha_bias_std=0.3143, personal_row_entropy=2.5472, personal_matrix_delta=0.0000, personal_matrix_student_std=0.0000
2026-04-08 08:41:38,550 - INFO - [assist_09|assist_09_abce_best_no_B|lr=0.0003|drop=0.20] [Diag][Graph] Epoch [002] | entropy_ratio=0.5145, diag_mass=0.0015, to_uniform_l2=0.024990, to_identity_l2=0.093785, tau_mean=0.8185, tau_std=0.0028, graph_reg_scale(train/val)=1.0000/1.0000
2026-04-08 08:41:38,550 - INFO - [assist_09|assist_09_abce_best_no_B|lr=0.0003|drop=0.20] [Grad Norms] Epoch [002] | mf_u_proj=0.000000, mf_v_proj=0.000000, fusion_gate=0.000000, q_gate_raw=0.000000, skill_latent=0.000000, relation_emb=6.962431e-03, relation_tau=2.668947e-04, relation_wq=8.204666e-04, relation_wk=7.093798e-04, personal_u=3.972231e-21, personal_v=3.613876e-21, personal_alpha_bias=2.667520e-03, personal_gate_emb=3.692626e-07, personal_gate_student_proj=2.095570e-08, personal_gate_context_proj=8.105879e-04, personal_gate_student_direct=5.154732e-09, personal_gate_context_direct=1.945629e-04, personal_gate_out=1.834190e-04, personal_generator_emb=0.000000e+00, personal_generator_context_proj=0.000000e+00, personal_generator_context_hidden=0.000000e+00, personal_generator_context_to_u=0.000000e+00, personal_generator_context_to_v=0.000000e+00
2026-04-08 08:41:38,950 - INFO - [assist_09|assist_09_abce_best_no_B|lr=0.0003|drop=0.20] -> New best AUC=0.7346 at epoch 2
2026-04-08 08:42:27,862 - INFO - [assist_09|assist_09_abce_best_no_B|lr=0.0003|drop=0.20] Epoch [003/100] | Train: Loss=0.5429, BCE=0.5422, Reg=0.0007, AUC=0.7555, ACC=0.7262, RMSE=0.4268 | Val: Loss=0.5586, BCE=0.5572, Reg=0.0014, AUC=0.7400, ACC=0.7169, RMSE=0.4337
2026-04-08 08:42:27,862 - INFO - [assist_09|assist_09_abce_best_no_B|lr=0.0003|drop=0.20] [Reg Terms] Epoch [003] | Train: graph_entropy=0.000000, graph_diag=0.000175, graph_uniform=0.002997, graph_reg_scale=1.0000, mf_l2=0.000000, delta_ratio=0.000000, personal_sparse=0.005072, alpha_var=-0.007576, alpha_collapse=0.000000, reg_bce_ratio=0.0012 | Val: graph_entropy=0.000000, graph_diag=0.000000, graph_uniform=0.002990, graph_reg_scale=1.0000, mf_l2=0.000000, delta_ratio=0.000000, personal_sparse=0.005063, alpha_var=-0.006679, alpha_collapse=0.000000, reg_bce_ratio=0.0025
2026-04-08 08:42:28,069 - INFO - [assist_09|assist_09_abce_best_no_B|lr=0.0003|drop=0.20] [Diag][M3] Epoch [003] | residual_abs_mean=0.0000, residual_std=0.0000, mf_abs_mean=0.0000, mf_std=0.0000, gate_mean=0.0000, gate_std=0.0000, irt_abs_mean=1.4041, irt_std=0.7353, delta_abs_mean=0.0000, delta_std=0.0000, delta_over_irt=0.0000, warmup(mf/personal)=1.00/1.00, graph_row_entropy=2.4670, graph_entropy_ratio=0.5127, alpha_mean=0.1508, alpha_std=0.1729, alpha_bias_std=0.4499, personal_row_entropy=2.5315, personal_matrix_delta=0.0000, personal_matrix_student_std=0.0000
2026-04-08 08:42:28,069 - INFO - [assist_09|assist_09_abce_best_no_B|lr=0.0003|drop=0.20] [Diag][Graph] Epoch [003] | entropy_ratio=0.5127, diag_mass=0.0000, to_uniform_l2=0.025251, to_identity_l2=0.093988, tau_mean=0.7802, tau_std=0.0049, graph_reg_scale(train/val)=1.0000/1.0000
2026-04-08 08:42:28,070 - INFO - [assist_09|assist_09_abce_best_no_B|lr=0.0003|drop=0.20] [Grad Norms] Epoch [003] | mf_u_proj=0.000000, mf_v_proj=0.000000, fusion_gate=0.000000, q_gate_raw=0.000000, skill_latent=0.000000, relation_emb=6.853744e-03, relation_tau=7.726003e-04, relation_wq=1.005949e-03, relation_wk=1.100631e-03, personal_u=0.000000e+00, personal_v=0.000000e+00, personal_alpha_bias=3.716202e-03, personal_gate_emb=2.625584e-09, personal_gate_student_proj=1.388051e-11, personal_gate_context_proj=4.345073e-04, personal_gate_student_direct=2.587471e-12, personal_gate_context_direct=8.983126e-05, personal_gate_out=1.104076e-04, personal_generator_emb=0.000000e+00, personal_generator_context_proj=0.000000e+00, personal_generator_context_hidden=0.000000e+00, personal_generator_context_to_u=0.000000e+00, personal_generator_context_to_v=0.000000e+00
2026-04-08 08:42:28,427 - INFO - [assist_09|assist_09_abce_best_no_B|lr=0.0003|drop=0.20] -> New best AUC=0.7400 at epoch 3
2026-04-08 08:43:16,923 - INFO - [assist_09|assist_09_abce_best_no_B|lr=0.0003|drop=0.20] Epoch [004/100] | Train: Loss=0.5288, BCE=0.5332, Reg=-0.0044, AUC=0.7660, ACC=0.7301, RMSE=0.4228 | Val: Loss=0.5513, BCE=0.5545, Reg=-0.0032, AUC=0.7433, ACC=0.7182, RMSE=0.4325
2026-04-08 08:43:16,923 - INFO - [assist_09|assist_09_abce_best_no_B|lr=0.0003|drop=0.20] [Reg Terms] Epoch [004] | Train: graph_entropy=0.000000, graph_diag=0.000074, graph_uniform=0.002956, graph_reg_scale=1.0000, mf_l2=0.000000, delta_ratio=0.000000, personal_sparse=0.005004, alpha_var=-0.012413, alpha_collapse=0.000000, reg_bce_ratio=-0.0082 | Val: graph_entropy=0.000000, graph_diag=0.000000, graph_uniform=0.002654, graph_reg_scale=1.0000, mf_l2=0.000000, delta_ratio=0.000000, personal_sparse=0.004575, alpha_var=-0.010467, alpha_collapse=0.000000, reg_bce_ratio=-0.0058
2026-04-08 08:43:17,118 - INFO - [assist_09|assist_09_abce_best_no_B|lr=0.0003|drop=0.20] [Diag][M3] Epoch [004] | residual_abs_mean=0.0000, residual_std=0.0000, mf_abs_mean=0.0000, mf_std=0.0000, gate_mean=0.0000, gate_std=0.0000, irt_abs_mean=1.4246, irt_std=0.7755, delta_abs_mean=0.0000, delta_std=0.0000, delta_over_irt=0.0000, warmup(mf/personal)=1.00/1.00, graph_row_entropy=2.2330, graph_entropy_ratio=0.4640, alpha_mean=0.1534, alpha_std=0.1703, alpha_bias_std=0.5736, personal_row_entropy=2.2875, personal_matrix_delta=0.0000, personal_matrix_student_std=0.0000
2026-04-08 08:43:17,118 - INFO - [assist_09|assist_09_abce_best_no_B|lr=0.0003|drop=0.20] [Diag][Graph] Epoch [004] | entropy_ratio=0.4640, diag_mass=0.0000, to_uniform_l2=0.033646, to_identity_l2=0.096583, tau_mean=0.7231, tau_std=0.0178, graph_reg_scale(train/val)=1.0000/1.0000
2026-04-08 08:43:17,119 - INFO - [assist_09|assist_09_abce_best_no_B|lr=0.0003|drop=0.20] [Grad Norms] Epoch [004] | mf_u_proj=0.000000, mf_v_proj=0.000000, fusion_gate=0.000000, q_gate_raw=0.000000, skill_latent=0.000000, relation_emb=1.108452e-02, relation_tau=8.116454e-04, relation_wq=7.318664e-04, relation_wk=5.212105e-04, personal_u=0.000000e+00, personal_v=0.000000e+00, personal_alpha_bias=5.128734e-03, personal_gate_emb=1.186293e-09, personal_gate_student_proj=3.076654e-11, personal_gate_context_proj=1.807480e-04, personal_gate_student_direct=6.638176e-12, personal_gate_context_direct=3.785901e-05, personal_gate_out=4.806483e-05, personal_generator_emb=0.000000e+00, personal_generator_context_proj=0.000000e+00, personal_generator_context_hidden=0.000000e+00, personal_generator_context_to_u=0.000000e+00, personal_generator_context_to_v=0.000000e+00
2026-04-08 08:43:17,530 - INFO - [assist_09|assist_09_abce_best_no_B|lr=0.0003|drop=0.20] -> New best AUC=0.7433 at epoch 4
2026-04-08 08:44:02,958 - INFO - [assist_09|assist_09_abce_best_no_B|lr=0.0003|drop=0.20] Epoch [005/100] | Train: Loss=0.5104, BCE=0.5254, Reg=-0.0150, AUC=0.7752, ACC=0.7350, RMSE=0.4193 | Val: Loss=0.5404, BCE=0.5529, Reg=-0.0125, AUC=0.7456, ACC=0.7191, RMSE=0.4318
2026-04-08 08:44:02,958 - INFO - [assist_09|assist_09_abce_best_no_B|lr=0.0003|drop=0.20] [Reg Terms] Epoch [005] | Train: graph_entropy=0.000002, graph_diag=0.000004, graph_uniform=0.001244, graph_reg_scale=1.0000, mf_l2=0.000000, delta_ratio=0.000000, personal_sparse=0.002127, alpha_var=-0.018371, alpha_collapse=0.000000, reg_bce_ratio=-0.0285 | Val: graph_entropy=0.000000, graph_diag=0.000000, graph_uniform=0.000974, graph_reg_scale=1.0000, mf_l2=0.000000, delta_ratio=0.000000, personal_sparse=0.001594, alpha_var=-0.015064, alpha_collapse=0.000000, reg_bce_ratio=-0.0226
2026-04-08 08:44:03,161 - INFO - [assist_09|assist_09_abce_best_no_B|lr=0.0003|drop=0.20] [Diag][M3] Epoch [005] | residual_abs_mean=0.0000, residual_std=0.0000, mf_abs_mean=0.0000, mf_std=0.0000, gate_mean=0.0000, gate_std=0.0000, irt_abs_mean=1.4657, irt_std=0.8011, delta_abs_mean=0.0000, delta_std=0.0000, delta_over_irt=0.0000, warmup(mf/personal)=1.00/1.00, graph_row_entropy=0.7825, graph_entropy_ratio=0.1626, alpha_mean=0.1872, alpha_std=0.1654, alpha_bias_std=0.6963, personal_row_entropy=0.7970, personal_matrix_delta=0.0000, personal_matrix_student_std=0.0000
2026-04-08 08:44:03,162 - INFO - [assist_09|assist_09_abce_best_no_B|lr=0.0003|drop=0.20] [Diag][Graph] Epoch [005] | entropy_ratio=0.1626, diag_mass=0.0000, to_uniform_l2=0.075662, to_identity_l2=0.117987, tau_mean=0.6732, tau_std=0.0211, graph_reg_scale(train/val)=1.0000/1.0000
2026-04-08 08:44:03,162 - INFO - [assist_09|assist_09_abce_best_no_B|lr=0.0003|drop=0.20] [Grad Norms] Epoch [005] | mf_u_proj=0.000000, mf_v_proj=0.000000, fusion_gate=0.000000, q_gate_raw=0.000000, skill_latent=0.000000, relation_emb=1.896049e-02, relation_tau=2.786455e-03, relation_wq=1.314938e-03, relation_wk=6.393794e-04, personal_u=0.000000e+00, personal_v=0.000000e+00, personal_alpha_bias=6.814073e-03, personal_gate_emb=0.000000e+00, personal_gate_student_proj=0.000000e+00, personal_gate_context_proj=9.520247e-05, personal_gate_student_direct=0.000000e+00, personal_gate_context_direct=1.716049e-05, personal_gate_out=1.193193e-05, personal_generator_emb=0.000000e+00, personal_generator_context_proj=0.000000e+00, personal_generator_context_hidden=0.000000e+00, personal_generator_context_to_u=0.000000e+00, personal_generator_context_to_v=0.000000e+00
2026-04-08 08:44:03,491 - INFO - [assist_09|assist_09_abce_best_no_B|lr=0.0003|drop=0.20] -> New best AUC=0.7456 at epoch 5
2026-04-08 08:44:49,810 - INFO - [assist_09|assist_09_abce_best_no_B|lr=0.0003|drop=0.20] Epoch [006/100] | Train: Loss=0.4949, BCE=0.5178, Reg=-0.0229, AUC=0.7836, ACC=0.7387, RMSE=0.4160 | Val: Loss=0.5353, BCE=0.5530, Reg=-0.0177, AUC=0.7480, ACC=0.7210, RMSE=0.4314
2026-04-08 08:44:49,811 - INFO - [assist_09|assist_09_abce_best_no_B|lr=0.0003|drop=0.20] [Reg Terms] Epoch [006] | Train: graph_entropy=0.000001, graph_diag=0.000003, graph_uniform=0.000967, graph_reg_scale=1.0000, mf_l2=0.000000, delta_ratio=0.000000, personal_sparse=0.001589, alpha_var=-0.025438, alpha_collapse=0.000000, reg_bce_ratio=-0.0442 | Val: graph_entropy=0.000000, graph_diag=0.000059, graph_uniform=0.000983, graph_reg_scale=1.0000, mf_l2=0.000000, delta_ratio=0.000000, personal_sparse=0.001644, alpha_var=-0.020401, alpha_collapse=0.000000, reg_bce_ratio=-0.0320
2026-04-08 08:44:50,002 - INFO - [assist_09|assist_09_abce_best_no_B|lr=0.0003|drop=0.20] [Diag][M3] Epoch [006] | residual_abs_mean=0.0000, residual_std=0.0000, mf_abs_mean=0.0000, mf_std=0.0000, gate_mean=0.0000, gate_std=0.0000, irt_abs_mean=1.5338, irt_std=0.8733, delta_abs_mean=0.0000, delta_std=0.0000, delta_over_irt=0.0000, warmup(mf/personal)=1.00/1.00, graph_row_entropy=0.8020, graph_entropy_ratio=0.1667, alpha_mean=0.1970, alpha_std=0.1731, alpha_bias_std=0.8155, personal_row_entropy=0.8221, personal_matrix_delta=0.0000, personal_matrix_student_std=0.0000
2026-04-08 08:44:50,003 - INFO - [assist_09|assist_09_abce_best_no_B|lr=0.0003|drop=0.20] [Diag][Graph] Epoch [006] | entropy_ratio=0.1667, diag_mass=0.0006, to_uniform_l2=0.075427, to_identity_l2=0.117796, tau_mean=0.6698, tau_std=0.0209, graph_reg_scale(train/val)=1.0000/1.0000
2026-04-08 08:44:50,003 - INFO - [assist_09|assist_09_abce_best_no_B|lr=0.0003|drop=0.20] [Grad Norms] Epoch [006] | mf_u_proj=0.000000, mf_v_proj=0.000000, fusion_gate=0.000000, q_gate_raw=0.000000, skill_latent=0.000000, relation_emb=8.491891e-03, relation_tau=2.121235e-03, relation_wq=1.023906e-03, relation_wk=3.986253e-04, personal_u=0.000000e+00, personal_v=0.000000e+00, personal_alpha_bias=6.962777e-03, personal_gate_emb=0.000000e+00, personal_gate_student_proj=0.000000e+00, personal_gate_context_proj=1.567679e-04, personal_gate_student_direct=0.000000e+00, personal_gate_context_direct=2.852206e-05, personal_gate_out=1.115961e-05, personal_generator_emb=0.000000e+00, personal_generator_context_proj=0.000000e+00, personal_generator_context_hidden=0.000000e+00, personal_generator_context_to_u=0.000000e+00, personal_generator_context_to_v=0.000000e+00
2026-04-08 08:44:50,347 - INFO - [assist_09|assist_09_abce_best_no_B|lr=0.0003|drop=0.20] -> New best AUC=0.7480 at epoch 6
2026-04-08 08:45:38,897 - INFO - [assist_09|assist_09_abce_best_no_B|lr=0.0003|drop=0.20] Epoch [007/100] | Train: Loss=0.4799, BCE=0.5109, Reg=-0.0310, AUC=0.7909, ACC=0.7424, RMSE=0.4129 | Val: Loss=0.5292, BCE=0.5532, Reg=-0.0240, AUC=0.7488, ACC=0.7204, RMSE=0.4314
2026-04-08 08:45:38,897 - INFO - [assist_09|assist_09_abce_best_no_B|lr=0.0003|drop=0.20] [Reg Terms] Epoch [007] | Train: graph_entropy=0.000001, graph_diag=0.000004, graph_uniform=0.000958, graph_reg_scale=1.0000, mf_l2=0.000000, delta_ratio=0.000000, personal_sparse=0.001586, alpha_var=-0.033577, alpha_collapse=0.000000, reg_bce_ratio=-0.0607 | Val: graph_entropy=0.000000, graph_diag=0.000000, graph_uniform=0.000959, graph_reg_scale=1.0000, mf_l2=0.000000, delta_ratio=0.000000, personal_sparse=0.001578, alpha_var=-0.026501, alpha_collapse=0.000000, reg_bce_ratio=-0.0433
2026-04-08 08:45:39,088 - INFO - [assist_09|assist_09_abce_best_no_B|lr=0.0003|drop=0.20] [Diag][M3] Epoch [007] | residual_abs_mean=0.0000, residual_std=0.0000, mf_abs_mean=0.0000, mf_std=0.0000, gate_mean=0.0000, gate_std=0.0000, irt_abs_mean=1.5403, irt_std=0.9078, delta_abs_mean=0.0000, delta_std=0.0000, delta_over_irt=0.0000, warmup(mf/personal)=1.00/1.00, graph_row_entropy=0.7757, graph_entropy_ratio=0.1612, alpha_mean=0.1980, alpha_std=0.1724, alpha_bias_std=0.9329, personal_row_entropy=0.7888, personal_matrix_delta=0.0000, personal_matrix_student_std=0.0000
2026-04-08 08:45:39,088 - INFO - [assist_09|assist_09_abce_best_no_B|lr=0.0003|drop=0.20] [Diag][Graph] Epoch [007] | entropy_ratio=0.1612, diag_mass=0.0000, to_uniform_l2=0.076013, to_identity_l2=0.118212, tau_mean=0.6662, tau_std=0.0206, graph_reg_scale(train/val)=1.0000/1.0000
2026-04-08 08:45:39,089 - INFO - [assist_09|assist_09_abce_best_no_B|lr=0.0003|drop=0.20] [Grad Norms] Epoch [007] | mf_u_proj=0.000000, mf_v_proj=0.000000, fusion_gate=0.000000, q_gate_raw=0.000000, skill_latent=0.000000, relation_emb=1.027644e-02, relation_tau=1.837888e-03, relation_wq=1.014246e-03, relation_wk=4.258971e-04, personal_u=0.000000e+00, personal_v=0.000000e+00, personal_alpha_bias=8.467131e-03, personal_gate_emb=0.000000e+00, personal_gate_student_proj=0.000000e+00, personal_gate_context_proj=1.209147e-04, personal_gate_student_direct=0.000000e+00, personal_gate_context_direct=2.192474e-05, personal_gate_out=3.481689e-05, personal_generator_emb=0.000000e+00, personal_generator_context_proj=0.000000e+00, personal_generator_context_hidden=0.000000e+00, personal_generator_context_to_u=0.000000e+00, personal_generator_context_to_v=0.000000e+00
2026-04-08 08:45:39,458 - INFO - [assist_09|assist_09_abce_best_no_B|lr=0.0003|drop=0.20] -> New best AUC=0.7488 at epoch 7
2026-04-08 08:46:27,021 - INFO - [assist_09|assist_09_abce_best_no_B|lr=0.0003|drop=0.20] Epoch [008/100] | Train: Loss=0.4646, BCE=0.5048, Reg=-0.0403, AUC=0.7973, ACC=0.7460, RMSE=0.4103 | Val: Loss=0.5229, BCE=0.5536, Reg=-0.0307, AUC=0.7498, ACC=0.7207, RMSE=0.4314
2026-04-08 08:46:27,021 - INFO - [assist_09|assist_09_abce_best_no_B|lr=0.0003|drop=0.20] [Reg Terms] Epoch [008] | Train: graph_entropy=0.000002, graph_diag=0.000003, graph_uniform=0.000953, graph_reg_scale=1.0000, mf_l2=0.000000, delta_ratio=0.000000, personal_sparse=0.001571, alpha_var=-0.042790, alpha_collapse=0.000000, reg_bce_ratio=-0.0797 | Val: graph_entropy=0.000000, graph_diag=0.000000, graph_uniform=0.000980, graph_reg_scale=1.0000, mf_l2=0.000000, delta_ratio=0.000000, personal_sparse=0.001633, alpha_var=-0.033341, alpha_collapse=0.000000, reg_bce_ratio=-0.0555
2026-04-08 08:46:27,209 - INFO - [assist_09|assist_09_abce_best_no_B|lr=0.0003|drop=0.20] [Diag][M3] Epoch [008] | residual_abs_mean=0.0000, residual_std=0.0000, mf_abs_mean=0.0000, mf_std=0.0000, gate_mean=0.0000, gate_std=0.0000, irt_abs_mean=1.5864, irt_std=0.9247, delta_abs_mean=0.0000, delta_std=0.0000, delta_over_irt=0.0000, warmup(mf/personal)=1.00/1.00, graph_row_entropy=0.8053, graph_entropy_ratio=0.1673, alpha_mean=0.1967, alpha_std=0.1730, alpha_bias_std=1.0513, personal_row_entropy=0.8167, personal_matrix_delta=0.0000, personal_matrix_student_std=0.0000
2026-04-08 08:46:27,210 - INFO - [assist_09|assist_09_abce_best_no_B|lr=0.0003|drop=0.20] [Diag][Graph] Epoch [008] | entropy_ratio=0.1673, diag_mass=0.0000, to_uniform_l2=0.075507, to_identity_l2=0.117888, tau_mean=0.6633, tau_std=0.0204, graph_reg_scale(train/val)=1.0000/1.0000
2026-04-08 08:46:27,210 - INFO - [assist_09|assist_09_abce_best_no_B|lr=0.0003|drop=0.20] [Grad Norms] Epoch [008] | mf_u_proj=0.000000, mf_v_proj=0.000000, fusion_gate=0.000000, q_gate_raw=0.000000, skill_latent=0.000000, relation_emb=1.241319e-02, relation_tau=2.834321e-03, relation_wq=1.197473e-03, relation_wk=6.006596e-04, personal_u=0.000000e+00, personal_v=0.000000e+00, personal_alpha_bias=9.642794e-03, personal_gate_emb=0.000000e+00, personal_gate_student_proj=0.000000e+00, personal_gate_context_proj=2.671791e-05, personal_gate_student_direct=0.000000e+00, personal_gate_context_direct=5.202930e-06, personal_gate_out=1.033549e-05, personal_generator_emb=0.000000e+00, personal_generator_context_proj=0.000000e+00, personal_generator_context_hidden=0.000000e+00, personal_generator_context_to_u=0.000000e+00, personal_generator_context_to_v=0.000000e+00
2026-04-08 08:46:27,505 - INFO - [assist_09|assist_09_abce_best_no_B|lr=0.0003|drop=0.20] -> New best AUC=0.7498 at epoch 8
2026-04-08 08:47:15,793 - INFO - [assist_09|assist_09_abce_best_no_B|lr=0.0003|drop=0.20] Epoch [009/100] | Train: Loss=0.4496, BCE=0.5001, Reg=-0.0505, AUC=0.8023, ACC=0.7474, RMSE=0.4082 | Val: Loss=0.5126, BCE=0.5509, Reg=-0.0383, AUC=0.7506, ACC=0.7221, RMSE=0.4302
2026-04-08 08:47:15,793 - INFO - [assist_09|assist_09_abce_best_no_B|lr=0.0003|drop=0.20] [Reg Terms] Epoch [009] | Train: graph_entropy=0.000002, graph_diag=0.000000, graph_uniform=0.000952, graph_reg_scale=1.0000, mf_l2=0.000000, delta_ratio=0.000000, personal_sparse=0.001573, alpha_var=-0.053019, alpha_collapse=0.000000, reg_bce_ratio=-0.1010 | Val: graph_entropy=0.000000, graph_diag=0.000000, graph_uniform=0.000963, graph_reg_scale=1.0000, mf_l2=0.000000, delta_ratio=0.000000, personal_sparse=0.001599, alpha_var=-0.040911, alpha_collapse=0.000000, reg_bce_ratio=-0.0696
2026-04-08 08:47:15,982 - INFO - [assist_09|assist_09_abce_best_no_B|lr=0.0003|drop=0.20] [Diag][M3] Epoch [009] | residual_abs_mean=0.0000, residual_std=0.0000, mf_abs_mean=0.0000, mf_std=0.0000, gate_mean=0.0000, gate_std=0.0000, irt_abs_mean=1.5875, irt_std=0.9521, delta_abs_mean=0.0000, delta_std=0.0000, delta_over_irt=0.0000, warmup(mf/personal)=1.00/1.00, graph_row_entropy=0.7857, graph_entropy_ratio=0.1633, alpha_mean=0.1959, alpha_std=0.1727, alpha_bias_std=1.1676, personal_row_entropy=0.7995, personal_matrix_delta=0.0000, personal_matrix_student_std=0.0000
2026-04-08 08:47:15,983 - INFO - [assist_09|assist_09_abce_best_no_B|lr=0.0003|drop=0.20] [Diag][Graph] Epoch [009] | entropy_ratio=0.1633, diag_mass=0.0000, to_uniform_l2=0.075915, to_identity_l2=0.118149, tau_mean=0.6599, tau_std=0.0199, graph_reg_scale(train/val)=1.0000/1.0000
2026-04-08 08:47:15,983 - INFO - [assist_09|assist_09_abce_best_no_B|lr=0.0003|drop=0.20] [Grad Norms] Epoch [009] | mf_u_proj=0.000000, mf_v_proj=0.000000, fusion_gate=0.000000, q_gate_raw=0.000000, skill_latent=0.000000, relation_emb=1.684922e-02, relation_tau=1.761839e-03, relation_wq=1.380661e-03, relation_wk=3.237574e-04, personal_u=0.000000e+00, personal_v=0.000000e+00, personal_alpha_bias=9.966036e-03, personal_gate_emb=0.000000e+00, personal_gate_student_proj=0.000000e+00, personal_gate_context_proj=2.075445e-04, personal_gate_student_direct=0.000000e+00, personal_gate_context_direct=3.960963e-05, personal_gate_out=4.319238e-05, personal_generator_emb=0.000000e+00, personal_generator_context_proj=0.000000e+00, personal_generator_context_hidden=0.000000e+00, personal_generator_context_to_u=0.000000e+00, personal_generator_context_to_v=0.000000e+00
2026-04-08 08:47:16,354 - INFO - [assist_09|assist_09_abce_best_no_B|lr=0.0003|drop=0.20] -> New best AUC=0.7506 at epoch 9
2026-04-08 08:48:03,826 - INFO - [assist_09|assist_09_abce_best_no_B|lr=0.0003|drop=0.20] Epoch [010/100] | Train: Loss=0.4339, BCE=0.4957, Reg=-0.0618, AUC=0.8065, ACC=0.7493, RMSE=0.4064 | Val: Loss=0.5073, BCE=0.5540, Reg=-0.0467, AUC=0.7517, ACC=0.7244, RMSE=0.4311
2026-04-08 08:48:03,826 - INFO - [assist_09|assist_09_abce_best_no_B|lr=0.0003|drop=0.20] [Reg Terms] Epoch [010] | Train: graph_entropy=0.000001, graph_diag=0.000005, graph_uniform=0.000949, graph_reg_scale=1.0000, mf_l2=0.000000, delta_ratio=0.000000, personal_sparse=0.001567, alpha_var=-0.064325, alpha_collapse=0.000000, reg_bce_ratio=-0.1247 | Val: graph_entropy=0.000000, graph_diag=0.000000, graph_uniform=0.000960, graph_reg_scale=1.0000, mf_l2=0.000000, delta_ratio=0.000000, personal_sparse=0.001593, alpha_var=-0.049229, alpha_collapse=0.000000, reg_bce_ratio=-0.0843
2026-04-08 08:48:04,020 - INFO - [assist_09|assist_09_abce_best_no_B|lr=0.0003|drop=0.20] [Diag][M3] Epoch [010] | residual_abs_mean=0.0000, residual_std=0.0000, mf_abs_mean=0.0000, mf_std=0.0000, gate_mean=0.0000, gate_std=0.0000, irt_abs_mean=1.7726, irt_std=1.0064, delta_abs_mean=0.0000, delta_std=0.0000, delta_over_irt=0.0000, warmup(mf/personal)=1.00/1.00, graph_row_entropy=0.7836, graph_entropy_ratio=0.1628, alpha_mean=0.1963, alpha_std=0.1730, alpha_bias_std=1.2836, personal_row_entropy=0.7964, personal_matrix_delta=0.0000, personal_matrix_student_std=0.0000
2026-04-08 08:48:04,020 - INFO - [assist_09|assist_09_abce_best_no_B|lr=0.0003|drop=0.20] [Diag][Graph] Epoch [010] | entropy_ratio=0.1628, diag_mass=0.0000, to_uniform_l2=0.076012, to_identity_l2=0.118212, tau_mean=0.6568, tau_std=0.0198, graph_reg_scale(train/val)=1.0000/1.0000
2026-04-08 08:48:04,020 - INFO - [assist_09|assist_09_abce_best_no_B|lr=0.0003|drop=0.20] [Grad Norms] Epoch [010] | mf_u_proj=0.000000, mf_v_proj=0.000000, fusion_gate=0.000000, q_gate_raw=0.000000, skill_latent=0.000000, relation_emb=8.028067e-03, relation_tau=2.106125e-03, relation_wq=8.278331e-04, relation_wk=4.038243e-04, personal_u=0.000000e+00, personal_v=0.000000e+00, personal_alpha_bias=1.305347e-02, personal_gate_emb=0.000000e+00, personal_gate_student_proj=0.000000e+00, personal_gate_context_proj=1.476657e-04, personal_gate_student_direct=0.000000e+00, personal_gate_context_direct=3.111127e-05, personal_gate_out=4.009000e-05, personal_generator_emb=0.000000e+00, personal_generator_context_proj=0.000000e+00, personal_generator_context_hidden=0.000000e+00, personal_generator_context_to_u=0.000000e+00, personal_generator_context_to_v=0.000000e+00
2026-04-08 08:48:04,408 - INFO - [assist_09|assist_09_abce_best_no_B|lr=0.0003|drop=0.20] -> New best AUC=0.7517 at epoch 10
2026-04-08 08:48:04,477 - INFO - [assist_09|assist_09_abce_best_no_B|lr=0.0003|drop=0.20] Checkpoint saved: checkpoints/abce_diag/20260408_082628/assist_09/seed42/best_no_B/checkpoint_epoch_10.pth
2026-04-08 08:48:04,667 - INFO - [assist_09|assist_09_abce_best_no_B|lr=0.0003|drop=0.20] [Module Activity] Epoch 10: Graph[OK] Personal[X] MF[X]
2026-04-08 08:48:50,975 - INFO - [assist_09|assist_09_abce_best_no_B|lr=0.0003|drop=0.20] Epoch [011/100] | Train: Loss=0.4179, BCE=0.4919, Reg=-0.0741, AUC=0.8104, ACC=0.7518, RMSE=0.4047 | Val: Loss=0.4985, BCE=0.5542, Reg=-0.0557, AUC=0.7534, ACC=0.7230, RMSE=0.4309
2026-04-08 08:48:50,975 - INFO - [assist_09|assist_09_abce_best_no_B|lr=0.0003|drop=0.20] [Reg Terms] Epoch [011] | Train: graph_entropy=0.000002, graph_diag=0.000001, graph_uniform=0.000948, graph_reg_scale=1.0000, mf_l2=0.000000, delta_ratio=0.000000, personal_sparse=0.001569, alpha_var=-0.076583, alpha_collapse=0.000000, reg_bce_ratio=-0.1506 | Val: graph_entropy=0.000000, graph_diag=0.000000, graph_uniform=0.000970, graph_reg_scale=1.0000, mf_l2=0.000000, delta_ratio=0.000000, personal_sparse=0.001613, alpha_var=-0.058242, alpha_collapse=0.000000, reg_bce_ratio=-0.1004
2026-04-08 08:48:51,186 - INFO - [assist_09|assist_09_abce_best_no_B|lr=0.0003|drop=0.20] [Diag][M3] Epoch [011] | residual_abs_mean=0.0000, residual_std=0.0000, mf_abs_mean=0.0000, mf_std=0.0000, gate_mean=0.0000, gate_std=0.0000, irt_abs_mean=1.7840, irt_std=1.0481, delta_abs_mean=0.0000, delta_std=0.0000, delta_over_irt=0.0000, warmup(mf/personal)=1.00/1.00, graph_row_entropy=0.7988, graph_entropy_ratio=0.1660, alpha_mean=0.1961, alpha_std=0.1726, alpha_bias_std=1.3998, personal_row_entropy=0.8067, personal_matrix_delta=0.0000, personal_matrix_student_std=0.0000
2026-04-08 08:48:51,186 - INFO - [assist_09|assist_09_abce_best_no_B|lr=0.0003|drop=0.20] [Diag][Graph] Epoch [011] | entropy_ratio=0.1660, diag_mass=0.0000, to_uniform_l2=0.075759, to_identity_l2=0.118049, tau_mean=0.6539, tau_std=0.0195, graph_reg_scale(train/val)=1.0000/1.0000
2026-04-08 08:48:51,187 - INFO - [assist_09|assist_09_abce_best_no_B|lr=0.0003|drop=0.20] [Grad Norms] Epoch [011] | mf_u_proj=0.000000, mf_v_proj=0.000000, fusion_gate=0.000000, q_gate_raw=0.000000, skill_latent=0.000000, relation_emb=1.097994e-02, relation_tau=2.524686e-03, relation_wq=1.082052e-03, relation_wk=5.367539e-04, personal_u=0.000000e+00, personal_v=0.000000e+00, personal_alpha_bias=1.235477e-02, personal_gate_emb=0.000000e+00, personal_gate_student_proj=0.000000e+00, personal_gate_context_proj=2.293179e-04, personal_gate_student_direct=0.000000e+00, personal_gate_context_direct=4.175428e-05, personal_gate_out=5.625124e-05, personal_generator_emb=0.000000e+00, personal_generator_context_proj=0.000000e+00, personal_generator_context_hidden=0.000000e+00, personal_generator_context_to_u=0.000000e+00, personal_generator_context_to_v=0.000000e+00
2026-04-08 08:48:51,540 - INFO - [assist_09|assist_09_abce_best_no_B|lr=0.0003|drop=0.20] -> New best AUC=0.7534 at epoch 11
2026-04-08 08:49:38,913 - INFO - [assist_09|assist_09_abce_best_no_B|lr=0.0003|drop=0.20] Epoch [012/100] | Train: Loss=0.4013, BCE=0.4887, Reg=-0.0874, AUC=0.8133, ACC=0.7527, RMSE=0.4033 | Val: Loss=0.4861, BCE=0.5517, Reg=-0.0655, AUC=0.7534, ACC=0.7238, RMSE=0.4300
2026-04-08 08:49:38,914 - INFO - [assist_09|assist_09_abce_best_no_B|lr=0.0003|drop=0.20] [Reg Terms] Epoch [012] | Train: graph_entropy=0.000002, graph_diag=0.000000, graph_uniform=0.000946, graph_reg_scale=1.0000, mf_l2=0.000000, delta_ratio=0.000000, personal_sparse=0.001570, alpha_var=-0.089942, alpha_collapse=0.000000, reg_bce_ratio=-0.1789 | Val: graph_entropy=0.000000, graph_diag=0.000000, graph_uniform=0.000928, graph_reg_scale=1.0000, mf_l2=0.000000, delta_ratio=0.000000, personal_sparse=0.001545, alpha_var=-0.068011, alpha_collapse=0.000000, reg_bce_ratio=-0.1188
2026-04-08 08:49:39,107 - INFO - [assist_09|assist_09_abce_best_no_B|lr=0.0003|drop=0.20] [Diag][M3] Epoch [012] | residual_abs_mean=0.0000, residual_std=0.0000, mf_abs_mean=0.0000, mf_std=0.0000, gate_mean=0.0000, gate_std=0.0000, irt_abs_mean=1.7012, irt_std=1.0614, delta_abs_mean=0.0000, delta_std=0.0000, delta_over_irt=0.0000, warmup(mf/personal)=1.00/1.00, graph_row_entropy=0.7452, graph_entropy_ratio=0.1548, alpha_mean=0.1961, alpha_std=0.1728, alpha_bias_std=1.5134, personal_row_entropy=0.7725, personal_matrix_delta=0.0000, personal_matrix_student_std=0.0000
2026-04-08 08:49:39,107 - INFO - [assist_09|assist_09_abce_best_no_B|lr=0.0003|drop=0.20] [Diag][Graph] Epoch [012] | entropy_ratio=0.1548, diag_mass=0.0000, to_uniform_l2=0.076811, to_identity_l2=0.118727, tau_mean=0.6504, tau_std=0.0195, graph_reg_scale(train/val)=1.0000/1.0000
2026-04-08 08:49:39,107 - INFO - [assist_09|assist_09_abce_best_no_B|lr=0.0003|drop=0.20] [Grad Norms] Epoch [012] | mf_u_proj=0.000000, mf_v_proj=0.000000, fusion_gate=0.000000, q_gate_raw=0.000000, skill_latent=0.000000, relation_emb=9.574085e-03, relation_tau=2.343325e-03, relation_wq=9.200364e-04, relation_wk=4.505507e-04, personal_u=0.000000e+00, personal_v=0.000000e+00, personal_alpha_bias=1.286664e-02, personal_gate_emb=0.000000e+00, personal_gate_student_proj=0.000000e+00, personal_gate_context_proj=2.389502e-04, personal_gate_student_direct=0.000000e+00, personal_gate_context_direct=4.598265e-05, personal_gate_out=5.757826e-05, personal_generator_emb=0.000000e+00, personal_generator_context_proj=0.000000e+00, personal_generator_context_hidden=0.000000e+00, personal_generator_context_to_u=0.000000e+00, personal_generator_context_to_v=0.000000e+00
2026-04-08 08:49:39,108 - INFO - [assist_09|assist_09_abce_best_no_B|lr=0.0003|drop=0.20] -> No improvement 1 epoch(s) (best AUC=0.7534 @ 11)
2026-04-08 08:50:24,020 - INFO - [assist_09|assist_09_abce_best_no_B|lr=0.0003|drop=0.20] Epoch [013/100] | Train: Loss=0.3834, BCE=0.4852, Reg=-0.1018, AUC=0.8167, ACC=0.7553, RMSE=0.4018 | Val: Loss=0.4758, BCE=0.5517, Reg=-0.0759, AUC=0.7539, ACC=0.7252, RMSE=0.4298
2026-04-08 08:50:24,021 - INFO - [assist_09|assist_09_abce_best_no_B|lr=0.0003|drop=0.20] [Reg Terms] Epoch [013] | Train: graph_entropy=0.000002, graph_diag=0.000001, graph_uniform=0.000944, graph_reg_scale=1.0000, mf_l2=0.000000, delta_ratio=0.000000, personal_sparse=0.001568, alpha_var=-0.104316, alpha_collapse=0.000000, reg_bce_ratio=-0.2098 | Val: graph_entropy=0.000000, graph_diag=0.000000, graph_uniform=0.000969, graph_reg_scale=1.0000, mf_l2=0.000000, delta_ratio=0.000000, personal_sparse=0.001625, alpha_var=-0.078489, alpha_collapse=0.000000, reg_bce_ratio=-0.1376
2026-04-08 08:50:24,213 - INFO - [assist_09|assist_09_abce_best_no_B|lr=0.0003|drop=0.20] [Diag][M3] Epoch [013] | residual_abs_mean=0.0000, residual_std=0.0000, mf_abs_mean=0.0000, mf_std=0.0000, gate_mean=0.0000, gate_std=0.0000, irt_abs_mean=1.6907, irt_std=1.0590, delta_abs_mean=0.0000, delta_std=0.0000, delta_over_irt=0.0000, warmup(mf/personal)=1.00/1.00, graph_row_entropy=0.8002, graph_entropy_ratio=0.1663, alpha_mean=0.1961, alpha_std=0.1729, alpha_bias_std=1.6263, personal_row_entropy=0.8127, personal_matrix_delta=0.0000, personal_matrix_student_std=0.0000
2026-04-08 08:50:24,213 - INFO - [assist_09|assist_09_abce_best_no_B|lr=0.0003|drop=0.20] [Diag][Graph] Epoch [013] | entropy_ratio=0.1663, diag_mass=0.0000, to_uniform_l2=0.075767, to_identity_l2=0.118054, tau_mean=0.6480, tau_std=0.0191, graph_reg_scale(train/val)=1.0000/1.0000
2026-04-08 08:50:24,213 - INFO - [assist_09|assist_09_abce_best_no_B|lr=0.0003|drop=0.20] [Grad Norms] Epoch [013] | mf_u_proj=0.000000, mf_v_proj=0.000000, fusion_gate=0.000000, q_gate_raw=0.000000, skill_latent=0.000000, relation_emb=6.375420e-03, relation_tau=2.921239e-03, relation_wq=9.345594e-04, relation_wk=4.986185e-04, personal_u=0.000000e+00, personal_v=0.000000e+00, personal_alpha_bias=1.160272e-02, personal_gate_emb=0.000000e+00, personal_gate_student_proj=0.000000e+00, personal_gate_context_proj=1.514192e-04, personal_gate_student_direct=0.000000e+00, personal_gate_context_direct=3.019779e-05, personal_gate_out=3.919732e-05, personal_generator_emb=0.000000e+00, personal_generator_context_proj=0.000000e+00, personal_generator_context_hidden=0.000000e+00, personal_generator_context_to_u=0.000000e+00, personal_generator_context_to_v=0.000000e+00
2026-04-08 08:50:24,545 - INFO - [assist_09|assist_09_abce_best_no_B|lr=0.0003|drop=0.20] -> New best AUC=0.7539 at epoch 13
2026-04-08 08:51:10,006 - INFO - [assist_09|assist_09_abce_best_no_B|lr=0.0003|drop=0.20] Epoch [014/100] | Train: Loss=0.3653, BCE=0.4826, Reg=-0.1173, AUC=0.8192, ACC=0.7559, RMSE=0.4007 | Val: Loss=0.4668, BCE=0.5540, Reg=-0.0872, AUC=0.7538, ACC=0.7229, RMSE=0.4305
2026-04-08 08:51:10,006 - INFO - [assist_09|assist_09_abce_best_no_B|lr=0.0003|drop=0.20] [Reg Terms] Epoch [014] | Train: graph_entropy=0.000002, graph_diag=0.000000, graph_uniform=0.000943, graph_reg_scale=1.0000, mf_l2=0.000000, delta_ratio=0.000000, personal_sparse=0.001567, alpha_var=-0.119770, alpha_collapse=0.000000, reg_bce_ratio=-0.2430 | Val: graph_entropy=0.000000, graph_diag=0.000000, graph_uniform=0.000954, graph_reg_scale=1.0000, mf_l2=0.000001, delta_ratio=0.000000, personal_sparse=0.001566, alpha_var=-0.089678, alpha_collapse=0.000000, reg_bce_ratio=-0.1573
2026-04-08 08:51:10,194 - INFO - [assist_09|assist_09_abce_best_no_B|lr=0.0003|drop=0.20] [Diag][M3] Epoch [014] | residual_abs_mean=0.0000, residual_std=0.0000, mf_abs_mean=0.0000, mf_std=0.0000, gate_mean=0.0000, gate_std=0.0000, irt_abs_mean=1.7732, irt_std=1.1125, delta_abs_mean=0.0000, delta_std=0.0000, delta_over_irt=0.0000, warmup(mf/personal)=1.00/1.00, graph_row_entropy=0.7806, graph_entropy_ratio=0.1622, alpha_mean=0.1964, alpha_std=0.1731, alpha_bias_std=1.7407, personal_row_entropy=0.7829, personal_matrix_delta=0.0000, personal_matrix_student_std=0.0000
2026-04-08 08:51:10,194 - INFO - [assist_09|assist_09_abce_best_no_B|lr=0.0003|drop=0.20] [Diag][Graph] Epoch [014] | entropy_ratio=0.1622, diag_mass=0.0000, to_uniform_l2=0.076154, to_identity_l2=0.118303, tau_mean=0.6448, tau_std=0.0191, graph_reg_scale(train/val)=1.0000/1.0000
2026-04-08 08:51:10,194 - INFO - [assist_09|assist_09_abce_best_no_B|lr=0.0003|drop=0.20] [Grad Norms] Epoch [014] | mf_u_proj=0.000000, mf_v_proj=0.000000, fusion_gate=0.000000, q_gate_raw=0.000000, skill_latent=0.000000, relation_emb=1.386171e-02, relation_tau=3.431924e-03, relation_wq=1.234015e-03, relation_wk=6.202533e-04, personal_u=0.000000e+00, personal_v=0.000000e+00, personal_alpha_bias=1.672388e-02, personal_gate_emb=0.000000e+00, personal_gate_student_proj=0.000000e+00, personal_gate_context_proj=1.467133e-04, personal_gate_student_direct=0.000000e+00, personal_gate_context_direct=2.688718e-05, personal_gate_out=3.895136e-05, personal_generator_emb=0.000000e+00, personal_generator_context_proj=0.000000e+00, personal_generator_context_hidden=0.000000e+00, personal_generator_context_to_u=0.000000e+00, personal_generator_context_to_v=0.000000e+00
2026-04-08 08:51:10,195 - INFO - [assist_09|assist_09_abce_best_no_B|lr=0.0003|drop=0.20] -> No improvement 1 epoch(s) (best AUC=0.7539 @ 13)
2026-04-08 08:51:54,255 - INFO - [assist_09|assist_09_abce_best_no_B|lr=0.0003|drop=0.20] Epoch [015/100] | Train: Loss=0.3463, BCE=0.4800, Reg=-0.1337, AUC=0.8215, ACC=0.7571, RMSE=0.3996 | Val: Loss=0.4560, BCE=0.5551, Reg=-0.0991, AUC=0.7543, ACC=0.7242, RMSE=0.4305
2026-04-08 08:51:54,255 - INFO - [assist_09|assist_09_abce_best_no_B|lr=0.0003|drop=0.20] [Reg Terms] Epoch [015] | Train: graph_entropy=0.000002, graph_diag=0.000000, graph_uniform=0.000945, graph_reg_scale=1.0000, mf_l2=0.000001, delta_ratio=0.000000, personal_sparse=0.001565, alpha_var=-0.136193, alpha_collapse=0.000000, reg_bce_ratio=-0.2785 | Val: graph_entropy=0.000000, graph_diag=0.000000, graph_uniform=0.000937, graph_reg_scale=1.0000, mf_l2=0.000001, delta_ratio=0.000000, personal_sparse=0.001538, alpha_var=-0.101587, alpha_collapse=0.000000, reg_bce_ratio=-0.1786
2026-04-08 08:51:54,444 - INFO - [assist_09|assist_09_abce_best_no_B|lr=0.0003|drop=0.20] [Diag][M3] Epoch [015] | residual_abs_mean=0.0000, residual_std=0.0000, mf_abs_mean=0.0000, mf_std=0.0000, gate_mean=0.0000, gate_std=0.0000, irt_abs_mean=1.8875, irt_std=1.1772, delta_abs_mean=0.0000, delta_std=0.0000, delta_over_irt=0.0000, warmup(mf/personal)=1.00/1.00, graph_row_entropy=0.7597, graph_entropy_ratio=0.1579, alpha_mean=0.1956, alpha_std=0.1722, alpha_bias_std=1.8528, personal_row_entropy=0.7691, personal_matrix_delta=0.0000, personal_matrix_student_std=0.0000
2026-04-08 08:51:54,444 - INFO - [assist_09|assist_09_abce_best_no_B|lr=0.0003|drop=0.20] [Diag][Graph] Epoch [015] | entropy_ratio=0.1579, diag_mass=0.0000, to_uniform_l2=0.076574, to_identity_l2=0.118574, tau_mean=0.6418, tau_std=0.0194, graph_reg_scale(train/val)=1.0000/1.0000
2026-04-08 08:51:54,444 - INFO - [assist_09|assist_09_abce_best_no_B|lr=0.0003|drop=0.20] [Grad Norms] Epoch [015] | mf_u_proj=0.000000, mf_v_proj=0.000000, fusion_gate=0.000000, q_gate_raw=0.000000, skill_latent=0.000000, relation_emb=1.855168e-02, relation_tau=4.754926e-03, relation_wq=1.544812e-03, relation_wk=1.007675e-03, personal_u=0.000000e+00, personal_v=0.000000e+00, personal_alpha_bias=1.954416e-02, personal_gate_emb=0.000000e+00, personal_gate_student_proj=0.000000e+00, personal_gate_context_proj=8.407776e-05, personal_gate_student_direct=0.000000e+00, personal_gate_context_direct=1.634554e-05, personal_gate_out=2.687381e-05, personal_generator_emb=0.000000e+00, personal_generator_context_proj=0.000000e+00, personal_generator_context_hidden=0.000000e+00, personal_generator_context_to_u=0.000000e+00, personal_generator_context_to_v=0.000000e+00
2026-04-08 08:51:54,768 - INFO - [assist_09|assist_09_abce_best_no_B|lr=0.0003|drop=0.20] -> New best AUC=0.7543 at epoch 15
2026-04-08 08:52:38,595 - INFO - [assist_09|assist_09_abce_best_no_B|lr=0.0003|drop=0.20] Epoch [016/100] | Train: Loss=0.3256, BCE=0.4767, Reg=-0.1511, AUC=0.8245, ACC=0.7589, RMSE=0.3981 | Val: Loss=0.4455, BCE=0.5571, Reg=-0.1117, AUC=0.7553, ACC=0.7251, RMSE=0.4311
2026-04-08 08:52:38,595 - INFO - [assist_09|assist_09_abce_best_no_B|lr=0.0003|drop=0.20] [Reg Terms] Epoch [016] | Train: graph_entropy=0.000002, graph_diag=0.000000, graph_uniform=0.000942, graph_reg_scale=1.0000, mf_l2=0.000001, delta_ratio=0.000000, personal_sparse=0.001555, alpha_var=-0.153627, alpha_collapse=0.000000, reg_bce_ratio=-0.3170 | Val: graph_entropy=0.000000, graph_diag=0.000000, graph_uniform=0.000955, graph_reg_scale=1.0000, mf_l2=0.000001, delta_ratio=0.000000, personal_sparse=0.001576, alpha_var=-0.114213, alpha_collapse=0.000000, reg_bce_ratio=-0.2005
2026-04-08 08:52:38,785 - INFO - [assist_09|assist_09_abce_best_no_B|lr=0.0003|drop=0.20] [Diag][M3] Epoch [016] | residual_abs_mean=0.0000, residual_std=0.0000, mf_abs_mean=0.0000, mf_std=0.0000, gate_mean=0.0000, gate_std=0.0000, irt_abs_mean=1.8504, irt_std=1.1848, delta_abs_mean=0.0000, delta_std=0.0000, delta_over_irt=0.0000, warmup(mf/personal)=1.00/1.00, graph_row_entropy=0.7839, graph_entropy_ratio=0.1629, alpha_mean=0.1958, alpha_std=0.1725, alpha_bias_std=1.9638, personal_row_entropy=0.7880, personal_matrix_delta=0.0000, personal_matrix_student_std=0.0000
2026-04-08 08:52:38,785 - INFO - [assist_09|assist_09_abce_best_no_B|lr=0.0003|drop=0.20] [Diag][Graph] Epoch [016] | entropy_ratio=0.1629, diag_mass=0.0000, to_uniform_l2=0.076115, to_identity_l2=0.118278, tau_mean=0.6392, tau_std=0.0189, graph_reg_scale(train/val)=1.0000/1.0000
2026-04-08 08:52:38,786 - INFO - [assist_09|assist_09_abce_best_no_B|lr=0.0003|drop=0.20] [Grad Norms] Epoch [016] | mf_u_proj=0.000000, mf_v_proj=0.000000, fusion_gate=0.000000, q_gate_raw=0.000000, skill_latent=0.000000, relation_emb=1.344912e-02, relation_tau=1.374151e-03, relation_wq=9.574720e-04, relation_wk=3.042340e-04, personal_u=0.000000e+00, personal_v=0.000000e+00, personal_alpha_bias=1.602131e-02, personal_gate_emb=0.000000e+00, personal_gate_student_proj=0.000000e+00, personal_gate_context_proj=1.546264e-04, personal_gate_student_direct=0.000000e+00, personal_gate_context_direct=2.781614e-05, personal_gate_out=3.159788e-05, personal_generator_emb=0.000000e+00, personal_generator_context_proj=0.000000e+00, personal_generator_context_hidden=0.000000e+00, personal_generator_context_to_u=0.000000e+00, personal_generator_context_to_v=0.000000e+00
2026-04-08 08:52:39,109 - INFO - [assist_09|assist_09_abce_best_no_B|lr=0.0003|drop=0.20] -> New best AUC=0.7553 at epoch 16
2026-04-08 08:53:20,748 - INFO - [assist_09|assist_09_abce_best_no_B|lr=0.0003|drop=0.20] Epoch [017/100] | Train: Loss=0.3054, BCE=0.4750, Reg=-0.1696, AUC=0.8258, ACC=0.7595, RMSE=0.3973 | Val: Loss=0.4291, BCE=0.5541, Reg=-0.1250, AUC=0.7570, ACC=0.7254, RMSE=0.4300
2026-04-08 08:53:20,749 - INFO - [assist_09|assist_09_abce_best_no_B|lr=0.0003|drop=0.20] [Reg Terms] Epoch [017] | Train: graph_entropy=0.000002, graph_diag=0.000000, graph_uniform=0.000943, graph_reg_scale=1.0000, mf_l2=0.000001, delta_ratio=0.000000, personal_sparse=0.001560, alpha_var=-0.172080, alpha_collapse=0.000000, reg_bce_ratio=-0.3570 | Val: graph_entropy=0.000000, graph_diag=0.000000, graph_uniform=0.000965, graph_reg_scale=1.0000, mf_l2=0.000001, delta_ratio=0.000000, personal_sparse=0.001598, alpha_var=-0.127542, alpha_collapse=0.000000, reg_bce_ratio=-0.2256
2026-04-08 08:53:20,916 - INFO - [assist_09|assist_09_abce_best_no_B|lr=0.0003|drop=0.20] [Diag][M3] Epoch [017] | residual_abs_mean=0.0000, residual_std=0.0000, mf_abs_mean=0.0000, mf_std=0.0000, gate_mean=0.0000, gate_std=0.0000, irt_abs_mean=1.8236, irt_std=1.1836, delta_abs_mean=0.0000, delta_std=0.0000, delta_over_irt=0.0000, warmup(mf/personal)=1.00/1.00, graph_row_entropy=0.7948, graph_entropy_ratio=0.1652, alpha_mean=0.1966, alpha_std=0.1731, alpha_bias_std=2.0778, personal_row_entropy=0.7989, personal_matrix_delta=0.0000, personal_matrix_student_std=0.0000
2026-04-08 08:53:20,916 - INFO - [assist_09|assist_09_abce_best_no_B|lr=0.0003|drop=0.20] [Diag][Graph] Epoch [017] | entropy_ratio=0.1652, diag_mass=0.0000, to_uniform_l2=0.075881, to_identity_l2=0.118128, tau_mean=0.6365, tau_std=0.0187, graph_reg_scale(train/val)=1.0000/1.0000
2026-04-08 08:53:20,916 - INFO - [assist_09|assist_09_abce_best_no_B|lr=0.0003|drop=0.20] [Grad Norms] Epoch [017] | mf_u_proj=0.000000, mf_v_proj=0.000000, fusion_gate=0.000000, q_gate_raw=0.000000, skill_latent=0.000000, relation_emb=1.691961e-02, relation_tau=3.335545e-03, relation_wq=1.626926e-03, relation_wk=7.215780e-04, personal_u=0.000000e+00, personal_v=0.000000e+00, personal_alpha_bias=2.073915e-02, personal_gate_emb=0.000000e+00, personal_gate_student_proj=0.000000e+00, personal_gate_context_proj=8.785130e-05, personal_gate_student_direct=0.000000e+00, personal_gate_context_direct=1.623838e-05, personal_gate_out=2.853357e-05, personal_generator_emb=0.000000e+00, personal_generator_context_proj=0.000000e+00, personal_generator_context_hidden=0.000000e+00, personal_generator_context_to_u=0.000000e+00, personal_generator_context_to_v=0.000000e+00
2026-04-08 08:53:21,210 - INFO - [assist_09|assist_09_abce_best_no_B|lr=0.0003|drop=0.20] -> New best AUC=0.7570 at epoch 17
2026-04-08 08:54:06,500 - INFO - [assist_09|assist_09_abce_best_no_B|lr=0.0003|drop=0.20] Epoch [018/100] | Train: Loss=0.2837, BCE=0.4727, Reg=-0.1890, AUC=0.8279, ACC=0.7606, RMSE=0.3964 | Val: Loss=0.4158, BCE=0.5550, Reg=-0.1392, AUC=0.7562, ACC=0.7245, RMSE=0.4301
2026-04-08 08:54:06,501 - INFO - [assist_09|assist_09_abce_best_no_B|lr=0.0003|drop=0.20] [Reg Terms] Epoch [018] | Train: graph_entropy=0.000002, graph_diag=0.000000, graph_uniform=0.000943, graph_reg_scale=1.0000, mf_l2=0.000001, delta_ratio=0.000000, personal_sparse=0.001554, alpha_var=-0.191512, alpha_collapse=0.000000, reg_bce_ratio=-0.3999 | Val: graph_entropy=0.000000, graph_diag=0.000000, graph_uniform=0.000913, graph_reg_scale=1.0000, mf_l2=0.000001, delta_ratio=0.000000, personal_sparse=0.001485, alpha_var=-0.141598, alpha_collapse=0.000000, reg_bce_ratio=-0.2508
2026-04-08 08:54:06,700 - INFO - [assist_09|assist_09_abce_best_no_B|lr=0.0003|drop=0.20] [Diag][M3] Epoch [018] | residual_abs_mean=0.0000, residual_std=0.0000, mf_abs_mean=0.0000, mf_std=0.0000, gate_mean=0.0000, gate_std=0.0000, irt_abs_mean=1.8091, irt_std=1.1822, delta_abs_mean=0.0000, delta_std=0.0000, delta_over_irt=0.0000, warmup(mf/personal)=1.00/1.00, graph_row_entropy=0.7264, graph_entropy_ratio=0.1510, alpha_mean=0.1948, alpha_std=0.1708, alpha_bias_std=2.1908, personal_row_entropy=0.7423, personal_matrix_delta=0.0000, personal_matrix_student_std=0.0000
2026-04-08 08:54:06,701 - INFO - [assist_09|assist_09_abce_best_no_B|lr=0.0003|drop=0.20] [Diag][Graph] Epoch [018] | entropy_ratio=0.1510, diag_mass=0.0000, to_uniform_l2=0.077175, to_identity_l2=0.118963, tau_mean=0.6331, tau_std=0.0184, graph_reg_scale(train/val)=1.0000/1.0000
2026-04-08 08:54:06,701 - INFO - [assist_09|assist_09_abce_best_no_B|lr=0.0003|drop=0.20] [Grad Norms] Epoch [018] | mf_u_proj=0.000000, mf_v_proj=0.000000, fusion_gate=0.000000, q_gate_raw=0.000000, skill_latent=0.000000, relation_emb=7.784351e-03, relation_tau=2.112758e-03, relation_wq=7.171260e-04, relation_wk=3.748545e-04, personal_u=0.000000e+00, personal_v=0.000000e+00, personal_alpha_bias=2.328789e-02, personal_gate_emb=0.000000e+00, personal_gate_student_proj=0.000000e+00, personal_gate_context_proj=5.884801e-05, personal_gate_student_direct=0.000000e+00, personal_gate_context_direct=1.168245e-05, personal_gate_out=3.189948e-05, personal_generator_emb=0.000000e+00, personal_generator_context_proj=0.000000e+00, personal_generator_context_hidden=0.000000e+00, personal_generator_context_to_u=0.000000e+00, personal_generator_context_to_v=0.000000e+00
2026-04-08 08:54:06,701 - INFO - [assist_09|assist_09_abce_best_no_B|lr=0.0003|drop=0.20] -> No improvement 1 epoch(s) (best AUC=0.7570 @ 17)
2026-04-08 08:54:50,988 - INFO - [assist_09|assist_09_abce_best_no_B|lr=0.0003|drop=0.20] Epoch [019/100] | Train: Loss=0.2609, BCE=0.4705, Reg=-0.2095, AUC=0.8299, ACC=0.7616, RMSE=0.3954 | Val: Loss=0.4024, BCE=0.5562, Reg=-0.1538, AUC=0.7572, ACC=0.7249, RMSE=0.4303
2026-04-08 08:54:50,988 - INFO - [assist_09|assist_09_abce_best_no_B|lr=0.0003|drop=0.20] [Reg Terms] Epoch [019] | Train: graph_entropy=0.000002, graph_diag=0.000000, graph_uniform=0.000943, graph_reg_scale=1.0000, mf_l2=0.000001, delta_ratio=0.000000, personal_sparse=0.001548, alpha_var=-0.212041, alpha_collapse=0.000000, reg_bce_ratio=-0.4454 | Val: graph_entropy=0.000000, graph_diag=0.000000, graph_uniform=0.000946, graph_reg_scale=1.0000, mf_l2=0.000001, delta_ratio=0.000000, personal_sparse=0.001561, alpha_var=-0.156353, alpha_collapse=0.000000, reg_bce_ratio=-0.2766
2026-04-08 08:54:51,189 - INFO - [assist_09|assist_09_abce_best_no_B|lr=0.0003|drop=0.20] [Diag][M3] Epoch [019] | residual_abs_mean=0.0000, residual_std=0.0000, mf_abs_mean=0.0000, mf_std=0.0000, gate_mean=0.0000, gate_std=0.0000, irt_abs_mean=1.9194, irt_std=1.2280, delta_abs_mean=0.0000, delta_std=0.0000, delta_over_irt=0.0000, warmup(mf/personal)=1.00/1.00, graph_row_entropy=0.7698, graph_entropy_ratio=0.1600, alpha_mean=0.1952, alpha_std=0.1720, alpha_bias_std=2.3012, personal_row_entropy=0.7806, personal_matrix_delta=0.0000, personal_matrix_student_std=0.0000
2026-04-08 08:54:51,189 - INFO - [assist_09|assist_09_abce_best_no_B|lr=0.0003|drop=0.20] [Diag][Graph] Epoch [019] | entropy_ratio=0.1600, diag_mass=0.0000, to_uniform_l2=0.076359, to_identity_l2=0.118435, tau_mean=0.6308, tau_std=0.0186, graph_reg_scale(train/val)=1.0000/1.0000
2026-04-08 08:54:51,189 - INFO - [assist_09|assist_09_abce_best_no_B|lr=0.0003|drop=0.20] [Grad Norms] Epoch [019] | mf_u_proj=0.000000, mf_v_proj=0.000000, fusion_gate=0.000000, q_gate_raw=0.000000, skill_latent=0.000000, relation_emb=7.909761e-03, relation_tau=2.965259e-03, relation_wq=8.887217e-04, relation_wk=4.990473e-04, personal_u=0.000000e+00, personal_v=0.000000e+00, personal_alpha_bias=2.268570e-02, personal_gate_emb=0.000000e+00, personal_gate_student_proj=0.000000e+00, personal_gate_context_proj=1.633867e-04, personal_gate_student_direct=0.000000e+00, personal_gate_context_direct=2.860765e-05, personal_gate_out=2.043802e-05, personal_generator_emb=0.000000e+00, personal_generator_context_proj=0.000000e+00, personal_generator_context_hidden=0.000000e+00, personal_generator_context_to_u=0.000000e+00, personal_generator_context_to_v=0.000000e+00
2026-04-08 08:54:51,619 - INFO - [assist_09|assist_09_abce_best_no_B|lr=0.0003|drop=0.20] -> New best AUC=0.7572 at epoch 19
2026-04-08 08:55:37,494 - INFO - [assist_09|assist_09_abce_best_no_B|lr=0.0003|drop=0.20] Epoch [020/100] | Train: Loss=0.2376, BCE=0.4687, Reg=-0.2311, AUC=0.8312, ACC=0.7626, RMSE=0.3946 | Val: Loss=0.3873, BCE=0.5567, Reg=-0.1694, AUC=0.7574, ACC=0.7250, RMSE=0.4302
2026-04-08 08:55:37,494 - INFO - [assist_09|assist_09_abce_best_no_B|lr=0.0003|drop=0.20] [Reg Terms] Epoch [020] | Train: graph_entropy=0.000002, graph_diag=0.000000, graph_uniform=0.000941, graph_reg_scale=1.0000, mf_l2=0.000001, delta_ratio=0.000000, personal_sparse=0.001546, alpha_var=-0.233594, alpha_collapse=0.000000, reg_bce_ratio=-0.4931 | Val: graph_entropy=0.000000, graph_diag=0.000000, graph_uniform=0.000916, graph_reg_scale=1.0000, mf_l2=0.000001, delta_ratio=0.000000, personal_sparse=0.001503, alpha_var=-0.171850, alpha_collapse=0.000000, reg_bce_ratio=-0.3043
2026-04-08 08:55:37,689 - INFO - [assist_09|assist_09_abce_best_no_B|lr=0.0003|drop=0.20] [Diag][M3] Epoch [020] | residual_abs_mean=0.0000, residual_std=0.0000, mf_abs_mean=0.0000, mf_std=0.0000, gate_mean=0.0000, gate_std=0.0000, irt_abs_mean=1.9545, irt_std=1.2379, delta_abs_mean=0.0000, delta_std=0.0000, delta_over_irt=0.0000, warmup(mf/personal)=1.00/1.00, graph_row_entropy=0.7304, graph_entropy_ratio=0.1518, alpha_mean=0.1952, alpha_std=0.1715, alpha_bias_std=2.4142, personal_row_entropy=0.7516, personal_matrix_delta=0.0000, personal_matrix_student_std=0.0000
2026-04-08 08:55:37,689 - INFO - [assist_09|assist_09_abce_best_no_B|lr=0.0003|drop=0.20] [Diag][Graph] Epoch [020] | entropy_ratio=0.1518, diag_mass=0.0000, to_uniform_l2=0.077108, to_identity_l2=0.118920, tau_mean=0.6277, tau_std=0.0185, graph_reg_scale(train/val)=1.0000/1.0000
2026-04-08 08:55:37,689 - INFO - [assist_09|assist_09_abce_best_no_B|lr=0.0003|drop=0.20] [Grad Norms] Epoch [020] | mf_u_proj=0.000000, mf_v_proj=0.000000, fusion_gate=0.000000, q_gate_raw=0.000000, skill_latent=0.000000, relation_emb=8.651523e-02, relation_tau=1.177376e-01, relation_wq=2.540798e-02, relation_wk=2.524597e-02, personal_u=0.000000e+00, personal_v=0.000000e+00, personal_alpha_bias=2.447260e-02, personal_gate_emb=0.000000e+00, personal_gate_student_proj=0.000000e+00, personal_gate_context_proj=7.425674e-05, personal_gate_student_direct=0.000000e+00, personal_gate_context_direct=1.412988e-05, personal_gate_out=2.655226e-05, personal_generator_emb=0.000000e+00, personal_generator_context_proj=0.000000e+00, personal_generator_context_hidden=0.000000e+00, personal_generator_context_to_u=0.000000e+00, personal_generator_context_to_v=0.000000e+00
2026-04-08 08:55:38,026 - INFO - [assist_09|assist_09_abce_best_no_B|lr=0.0003|drop=0.20] -> New best AUC=0.7574 at epoch 20
2026-04-08 08:55:38,085 - INFO - [assist_09|assist_09_abce_best_no_B|lr=0.0003|drop=0.20] Checkpoint saved: checkpoints/abce_diag/20260408_082628/assist_09/seed42/best_no_B/checkpoint_epoch_20.pth
2026-04-08 08:55:38,262 - INFO - [assist_09|assist_09_abce_best_no_B|lr=0.0003|drop=0.20] [Module Activity] Epoch 20: Graph[OK] Personal[X] MF[X]
2026-04-08 08:56:23,812 - INFO - [assist_09|assist_09_abce_best_no_B|lr=0.0003|drop=0.20] Epoch [021/100] | Train: Loss=0.2129, BCE=0.4665, Reg=-0.2536, AUC=0.8331, ACC=0.7638, RMSE=0.3936 | Val: Loss=0.3700, BCE=0.5557, Reg=-0.1856, AUC=0.7569, ACC=0.7254, RMSE=0.4301
2026-04-08 08:56:23,812 - INFO - [assist_09|assist_09_abce_best_no_B|lr=0.0003|drop=0.20] [Reg Terms] Epoch [021] | Train: graph_entropy=0.000001, graph_diag=0.000000, graph_uniform=0.000941, graph_reg_scale=1.0000, mf_l2=0.000001, delta_ratio=0.000000, personal_sparse=0.001545, alpha_var=-0.256136, alpha_collapse=0.000000, reg_bce_ratio=-0.5437 | Val: graph_entropy=0.000000, graph_diag=0.000000, graph_uniform=0.000922, graph_reg_scale=1.0000, mf_l2=0.000001, delta_ratio=0.000000, personal_sparse=0.001491, alpha_var=-0.188053, alpha_collapse=0.000000, reg_bce_ratio=-0.3341
2026-04-08 08:56:23,999 - INFO - [assist_09|assist_09_abce_best_no_B|lr=0.0003|drop=0.20] [Diag][M3] Epoch [021] | residual_abs_mean=0.0000, residual_std=0.0000, mf_abs_mean=0.0000, mf_std=0.0000, gate_mean=0.0000, gate_std=0.0000, irt_abs_mean=1.8819, irt_std=1.2481, delta_abs_mean=0.0000, delta_std=0.0000, delta_over_irt=0.0000, warmup(mf/personal)=1.00/1.00, graph_row_entropy=0.7378, graph_entropy_ratio=0.1533, alpha_mean=0.1961, alpha_std=0.1725, alpha_bias_std=2.5245, personal_row_entropy=0.7456, personal_matrix_delta=0.0000, personal_matrix_student_std=0.0000
2026-04-08 08:56:23,999 - INFO - [assist_09|assist_09_abce_best_no_B|lr=0.0003|drop=0.20] [Diag][Graph] Epoch [021] | entropy_ratio=0.1533, diag_mass=0.0000, to_uniform_l2=0.076958, to_identity_l2=0.118822, tau_mean=0.6249, tau_std=0.0185, graph_reg_scale(train/val)=1.0000/1.0000
2026-04-08 08:56:24,000 - INFO - [assist_09|assist_09_abce_best_no_B|lr=0.0003|drop=0.20] [Grad Norms] Epoch [021] | mf_u_proj=0.000000, mf_v_proj=0.000000, fusion_gate=0.000000, q_gate_raw=0.000000, skill_latent=0.000000, relation_emb=1.100475e-02, relation_tau=7.264906e-04, relation_wq=6.041431e-04, relation_wk=1.684115e-04, personal_u=0.000000e+00, personal_v=0.000000e+00, personal_alpha_bias=2.068119e-02, personal_gate_emb=0.000000e+00, personal_gate_student_proj=0.000000e+00, personal_gate_context_proj=2.559911e-05, personal_gate_student_direct=0.000000e+00, personal_gate_context_direct=4.590305e-06, personal_gate_out=7.352556e-06, personal_generator_emb=0.000000e+00, personal_generator_context_proj=0.000000e+00, personal_generator_context_hidden=0.000000e+00, personal_generator_context_to_u=0.000000e+00, personal_generator_context_to_v=0.000000e+00
2026-04-08 08:56:24,000 - INFO - [assist_09|assist_09_abce_best_no_B|lr=0.0003|drop=0.20] -> No improvement 1 epoch(s) (best AUC=0.7574 @ 20)
2026-04-08 08:57:08,914 - INFO - [assist_09|assist_09_abce_best_no_B|lr=0.0003|drop=0.20] Epoch [022/100] | Train: Loss=0.1873, BCE=0.4644, Reg=-0.2771, AUC=0.8352, ACC=0.7653, RMSE=0.3926 | Val: Loss=0.3556, BCE=0.5580, Reg=-0.2024, AUC=0.7572, ACC=0.7246, RMSE=0.4306
2026-04-08 08:57:08,914 - INFO - [assist_09|assist_09_abce_best_no_B|lr=0.0003|drop=0.20] [Reg Terms] Epoch [022] | Train: graph_entropy=0.000002, graph_diag=0.000000, graph_uniform=0.000939, graph_reg_scale=1.0000, mf_l2=0.000001, delta_ratio=0.000000, personal_sparse=0.001535, alpha_var=-0.279616, alpha_collapse=0.000000, reg_bce_ratio=-0.5967 | Val: graph_entropy=0.000000, graph_diag=0.000000, graph_uniform=0.000952, graph_reg_scale=1.0000, mf_l2=0.000001, delta_ratio=0.000000, personal_sparse=0.001556, alpha_var=-0.204958, alpha_collapse=0.000000, reg_bce_ratio=-0.3628
2026-04-08 08:57:09,096 - INFO - [assist_09|assist_09_abce_best_no_B|lr=0.0003|drop=0.20] [Diag][M3] Epoch [022] | residual_abs_mean=0.0000, residual_std=0.0000, mf_abs_mean=0.0000, mf_std=0.0000, gate_mean=0.0000, gate_std=0.0000, irt_abs_mean=1.9210, irt_std=1.2898, delta_abs_mean=0.0000, delta_std=0.0000, delta_over_irt=0.0000, warmup(mf/personal)=1.00/1.00, graph_row_entropy=0.7778, graph_entropy_ratio=0.1616, alpha_mean=0.1962, alpha_std=0.1724, alpha_bias_std=2.6392, personal_row_entropy=0.7779, personal_matrix_delta=0.0000, personal_matrix_student_std=0.0000
2026-04-08 08:57:09,097 - INFO - [assist_09|assist_09_abce_best_no_B|lr=0.0003|drop=0.20] [Diag][Graph] Epoch [022] | entropy_ratio=0.1616, diag_mass=0.0000, to_uniform_l2=0.076202, to_identity_l2=0.118334, tau_mean=0.6224, tau_std=0.0179, graph_reg_scale(train/val)=1.0000/1.0000
2026-04-08 08:57:09,097 - INFO - [assist_09|assist_09_abce_best_no_B|lr=0.0003|drop=0.20] [Grad Norms] Epoch [022] | mf_u_proj=0.000000, mf_v_proj=0.000000, fusion_gate=0.000000, q_gate_raw=0.000000, skill_latent=0.000000, relation_emb=1.222904e-02, relation_tau=2.291177e-03, relation_wq=7.650999e-04, relation_wk=3.748645e-04, personal_u=0.000000e+00, personal_v=0.000000e+00, personal_alpha_bias=2.202614e-02, personal_gate_emb=0.000000e+00, personal_gate_student_proj=0.000000e+00, personal_gate_context_proj=2.728370e-05, personal_gate_student_direct=0.000000e+00, personal_gate_context_direct=5.514318e-06, personal_gate_out=1.385225e-05, personal_generator_emb=0.000000e+00, personal_generator_context_proj=0.000000e+00, personal_generator_context_hidden=0.000000e+00, personal_generator_context_to_u=0.000000e+00, personal_generator_context_to_v=0.000000e+00
2026-04-08 08:57:09,097 - INFO - [assist_09|assist_09_abce_best_no_B|lr=0.0003|drop=0.20] -> No improvement 2 epoch(s) (best AUC=0.7574 @ 20)
2026-04-08 08:57:54,940 - INFO - [assist_09|assist_09_abce_best_no_B|lr=0.0003|drop=0.20] Epoch [023/100] | Train: Loss=0.1618, BCE=0.4633, Reg=-0.3015, AUC=0.8357, ACC=0.7656, RMSE=0.3922 | Val: Loss=0.3347, BCE=0.5547, Reg=-0.2201, AUC=0.7578, ACC=0.7253, RMSE=0.4296
2026-04-08 08:57:54,940 - INFO - [assist_09|assist_09_abce_best_no_B|lr=0.0003|drop=0.20] [Reg Terms] Epoch [023] | Train: graph_entropy=0.000001, graph_diag=0.000000, graph_uniform=0.000939, graph_reg_scale=1.0000, mf_l2=0.000001, delta_ratio=0.000000, personal_sparse=0.001532, alpha_var=-0.304005, alpha_collapse=0.000000, reg_bce_ratio=-0.6508 | Val: graph_entropy=0.000000, graph_diag=0.000000, graph_uniform=0.000934, graph_reg_scale=1.0000, mf_l2=0.000001, delta_ratio=0.000000, personal_sparse=0.001520, alpha_var=-0.222543, alpha_collapse=0.000000, reg_bce_ratio=-0.3967
2026-04-08 08:57:55,123 - INFO - [assist_09|assist_09_abce_best_no_B|lr=0.0003|drop=0.20] [Diag][M3] Epoch [023] | residual_abs_mean=0.0000, residual_std=0.0000, mf_abs_mean=0.0000, mf_std=0.0000, gate_mean=0.0000, gate_std=0.0000, irt_abs_mean=1.9176, irt_std=1.2793, delta_abs_mean=0.0000, delta_std=0.0000, delta_over_irt=0.0000, warmup(mf/personal)=1.00/1.00, graph_row_entropy=0.7546, graph_entropy_ratio=0.1568, alpha_mean=0.1965, alpha_std=0.1732, alpha_bias_std=2.7500, personal_row_entropy=0.7599, personal_matrix_delta=0.0000, personal_matrix_student_std=0.0000
2026-04-08 08:57:55,123 - INFO - [assist_09|assist_09_abce_best_no_B|lr=0.0003|drop=0.20] [Diag][Graph] Epoch [023] | entropy_ratio=0.1568, diag_mass=0.0000, to_uniform_l2=0.076642, to_identity_l2=0.118618, tau_mean=0.6192, tau_std=0.0176, graph_reg_scale(train/val)=1.0000/1.0000
2026-04-08 08:57:55,124 - INFO - [assist_09|assist_09_abce_best_no_B|lr=0.0003|drop=0.20] [Grad Norms] Epoch [023] | mf_u_proj=0.000000, mf_v_proj=0.000000, fusion_gate=0.000000, q_gate_raw=0.000000, skill_latent=0.000000, relation_emb=1.488176e-02, relation_tau=9.510649e-04, relation_wq=7.513488e-04, relation_wk=2.186809e-04, personal_u=0.000000e+00, personal_v=0.000000e+00, personal_alpha_bias=2.740994e-02, personal_gate_emb=0.000000e+00, personal_gate_student_proj=0.000000e+00, personal_gate_context_proj=1.409868e-04, personal_gate_student_direct=0.000000e+00, personal_gate_context_direct=2.640560e-05, personal_gate_out=4.545485e-05, personal_generator_emb=0.000000e+00, personal_generator_context_proj=0.000000e+00, personal_generator_context_hidden=0.000000e+00, personal_generator_context_to_u=0.000000e+00, personal_generator_context_to_v=0.000000e+00
2026-04-08 08:57:55,466 - INFO - [assist_09|assist_09_abce_best_no_B|lr=0.0003|drop=0.20] -> New best AUC=0.7578 at epoch 23
2026-04-08 08:58:38,774 - INFO - [assist_09|assist_09_abce_best_no_B|lr=0.0003|drop=0.20] Epoch [024/100] | Train: Loss=0.1349, BCE=0.4619, Reg=-0.3270, AUC=0.8370, ACC=0.7655, RMSE=0.3916 | Val: Loss=0.3212, BCE=0.5597, Reg=-0.2385, AUC=0.7582, ACC=0.7255, RMSE=0.4307
2026-04-08 08:58:38,775 - INFO - [assist_09|assist_09_abce_best_no_B|lr=0.0003|drop=0.20] [Reg Terms] Epoch [024] | Train: graph_entropy=0.000001, graph_diag=0.000000, graph_uniform=0.000938, graph_reg_scale=1.0000, mf_l2=0.000001, delta_ratio=0.000000, personal_sparse=0.001529, alpha_var=-0.329493, alpha_collapse=0.000000, reg_bce_ratio=-0.7080 | Val: graph_entropy=0.000000, graph_diag=0.000000, graph_uniform=0.000919, graph_reg_scale=1.0000, mf_l2=0.000001, delta_ratio=0.000000, personal_sparse=0.001468, alpha_var=-0.240865, alpha_collapse=0.000000, reg_bce_ratio=-0.4261
2026-04-08 08:58:38,969 - INFO - [assist_09|assist_09_abce_best_no_B|lr=0.0003|drop=0.20] [Diag][M3] Epoch [024] | residual_abs_mean=0.0000, residual_std=0.0000, mf_abs_mean=0.0000, mf_std=0.0000, gate_mean=0.0000, gate_std=0.0000, irt_abs_mean=2.0334, irt_std=1.3267, delta_abs_mean=0.0000, delta_std=0.0000, delta_over_irt=0.0000, warmup(mf/personal)=1.00/1.00, graph_row_entropy=0.7337, graph_entropy_ratio=0.1525, alpha_mean=0.1955, alpha_std=0.1723, alpha_bias_std=2.8615, personal_row_entropy=0.7338, personal_matrix_delta=0.0000, personal_matrix_student_std=0.0000
2026-04-08 08:58:38,970 - INFO - [assist_09|assist_09_abce_best_no_B|lr=0.0003|drop=0.20] [Diag][Graph] Epoch [024] | entropy_ratio=0.1525, diag_mass=0.0000, to_uniform_l2=0.077025, to_identity_l2=0.118866, tau_mean=0.6160, tau_std=0.0177, graph_reg_scale(train/val)=1.0000/1.0000
2026-04-08 08:58:38,970 - INFO - [assist_09|assist_09_abce_best_no_B|lr=0.0003|drop=0.20] [Grad Norms] Epoch [024] | mf_u_proj=0.000000, mf_v_proj=0.000000, fusion_gate=0.000000, q_gate_raw=0.000000, skill_latent=0.000000, relation_emb=1.170088e-02, relation_tau=9.828107e-04, relation_wq=7.267245e-04, relation_wk=1.958594e-04, personal_u=0.000000e+00, personal_v=0.000000e+00, personal_alpha_bias=2.286762e-02, personal_gate_emb=0.000000e+00, personal_gate_student_proj=0.000000e+00, personal_gate_context_proj=1.087964e-04, personal_gate_student_direct=0.000000e+00, personal_gate_context_direct=2.013610e-05, personal_gate_out=3.651236e-05, personal_generator_emb=0.000000e+00, personal_generator_context_proj=0.000000e+00, personal_generator_context_hidden=0.000000e+00, personal_generator_context_to_u=0.000000e+00, personal_generator_context_to_v=0.000000e+00
2026-04-08 08:58:39,322 - INFO - [assist_09|assist_09_abce_best_no_B|lr=0.0003|drop=0.20] -> New best AUC=0.7582 at epoch 24
2026-04-08 08:59:25,942 - INFO - [assist_09|assist_09_abce_best_no_B|lr=0.0003|drop=0.20] Epoch [025/100] | Train: Loss=0.1068, BCE=0.4603, Reg=-0.3535, AUC=0.8384, ACC=0.7664, RMSE=0.3909 | Val: Loss=0.3028, BCE=0.5602, Reg=-0.2574, AUC=0.7586, ACC=0.7260, RMSE=0.4308
2026-04-08 08:59:25,943 - INFO - [assist_09|assist_09_abce_best_no_B|lr=0.0003|drop=0.20] [Reg Terms] Epoch [025] | Train: graph_entropy=0.000001, graph_diag=0.000000, graph_uniform=0.000939, graph_reg_scale=1.0000, mf_l2=0.000001, delta_ratio=0.000000, personal_sparse=0.001531, alpha_var=-0.355968, alpha_collapse=0.000000, reg_bce_ratio=-0.7680 | Val: graph_entropy=0.000000, graph_diag=0.000000, graph_uniform=0.000928, graph_reg_scale=1.0000, mf_l2=0.000001, delta_ratio=0.000000, personal_sparse=0.001517, alpha_var=-0.259893, alpha_collapse=0.000000, reg_bce_ratio=-0.4596
2026-04-08 08:59:26,135 - INFO - [assist_09|assist_09_abce_best_no_B|lr=0.0003|drop=0.20] [Diag][M3] Epoch [025] | residual_abs_mean=0.0000, residual_std=0.0000, mf_abs_mean=0.0000, mf_std=0.0000, gate_mean=0.0000, gate_std=0.0000, irt_abs_mean=2.1139, irt_std=1.3745, delta_abs_mean=0.0000, delta_std=0.0000, delta_over_irt=0.0000, warmup(mf/personal)=1.00/1.00, graph_row_entropy=0.7459, graph_entropy_ratio=0.1550, alpha_mean=0.1956, alpha_std=0.1724, alpha_bias_std=2.9733, personal_row_entropy=0.7584, personal_matrix_delta=0.0000, personal_matrix_student_std=0.0000
2026-04-08 08:59:26,135 - INFO - [assist_09|assist_09_abce_best_no_B|lr=0.0003|drop=0.20] [Diag][Graph] Epoch [025] | entropy_ratio=0.1550, diag_mass=0.0000, to_uniform_l2=0.076812, to_identity_l2=0.118728, tau_mean=0.6133, tau_std=0.0174, graph_reg_scale(train/val)=1.0000/1.0000
2026-04-08 08:59:26,135 - INFO - [assist_09|assist_09_abce_best_no_B|lr=0.0003|drop=0.20] [Grad Norms] Epoch [025] | mf_u_proj=0.000000, mf_v_proj=0.000000, fusion_gate=0.000000, q_gate_raw=0.000000, skill_latent=0.000000, relation_emb=1.246172e-02, relation_tau=2.544474e-03, relation_wq=7.501617e-04, relation_wk=5.489850e-04, personal_u=0.000000e+00, personal_v=0.000000e+00, personal_alpha_bias=2.614173e-02, personal_gate_emb=0.000000e+00, personal_gate_student_proj=0.000000e+00, personal_gate_context_proj=9.757625e-05, personal_gate_student_direct=0.000000e+00, personal_gate_context_direct=1.631998e-05, personal_gate_out=2.281873e-05, personal_generator_emb=0.000000e+00, personal_generator_context_proj=0.000000e+00, personal_generator_context_hidden=0.000000e+00, personal_generator_context_to_u=0.000000e+00, personal_generator_context_to_v=0.000000e+00
2026-04-08 08:59:26,462 - INFO - [assist_09|assist_09_abce_best_no_B|lr=0.0003|drop=0.20] -> New best AUC=0.7586 at epoch 25
2026-04-08 09:00:11,614 - INFO - [assist_09|assist_09_abce_best_no_B|lr=0.0003|drop=0.20] Epoch [026/100] | Train: Loss=0.0777, BCE=0.4589, Reg=-0.3812, AUC=0.8395, ACC=0.7672, RMSE=0.3903 | Val: Loss=0.2844, BCE=0.5615, Reg=-0.2771, AUC=0.7586, ACC=0.7268, RMSE=0.4309
2026-04-08 09:00:11,614 - INFO - [assist_09|assist_09_abce_best_no_B|lr=0.0003|drop=0.20] [Reg Terms] Epoch [026] | Train: graph_entropy=0.000002, graph_diag=0.000000, graph_uniform=0.000938, graph_reg_scale=1.0000, mf_l2=0.000001, delta_ratio=0.000000, personal_sparse=0.001529, alpha_var=-0.383676, alpha_collapse=0.000000, reg_bce_ratio=-0.8307 | Val: graph_entropy=0.000000, graph_diag=0.000000, graph_uniform=0.000956, graph_reg_scale=1.0000, mf_l2=0.000001, delta_ratio=0.000000, personal_sparse=0.001580, alpha_var=-0.279656, alpha_collapse=0.000000, reg_bce_ratio=-0.4935
2026-04-08 09:00:11,807 - INFO - [assist_09|assist_09_abce_best_no_B|lr=0.0003|drop=0.20] [Diag][M3] Epoch [026] | residual_abs_mean=0.0000, residual_std=0.0000, mf_abs_mean=0.0000, mf_std=0.0000, gate_mean=0.0000, gate_std=0.0000, irt_abs_mean=2.0732, irt_std=1.3271, delta_abs_mean=0.0000, delta_std=0.0000, delta_over_irt=0.0000, warmup(mf/personal)=1.00/1.00, graph_row_entropy=0.7841, graph_entropy_ratio=0.1629, alpha_mean=0.1963, alpha_std=0.1720, alpha_bias_std=3.0856, personal_row_entropy=0.7898, personal_matrix_delta=0.0000, personal_matrix_student_std=0.0000
2026-04-08 09:00:11,807 - INFO - [assist_09|assist_09_abce_best_no_B|lr=0.0003|drop=0.20] [Diag][Graph] Epoch [026] | entropy_ratio=0.1629, diag_mass=0.0000, to_uniform_l2=0.076101, to_identity_l2=0.118269, tau_mean=0.6109, tau_std=0.0172, graph_reg_scale(train/val)=1.0000/1.0000
2026-04-08 09:00:11,808 - INFO - [assist_09|assist_09_abce_best_no_B|lr=0.0003|drop=0.20] [Grad Norms] Epoch [026] | mf_u_proj=0.000000, mf_v_proj=0.000000, fusion_gate=0.000000, q_gate_raw=0.000000, skill_latent=0.000000, relation_emb=1.192732e-02, relation_tau=1.715667e-03, relation_wq=5.702256e-04, relation_wk=3.487516e-04, personal_u=0.000000e+00, personal_v=0.000000e+00, personal_alpha_bias=2.749418e-02, personal_gate_emb=0.000000e+00, personal_gate_student_proj=0.000000e+00, personal_gate_context_proj=2.058685e-05, personal_gate_student_direct=0.000000e+00, personal_gate_context_direct=4.333461e-06, personal_gate_out=1.094614e-05, personal_generator_emb=0.000000e+00, personal_generator_context_proj=0.000000e+00, personal_generator_context_hidden=0.000000e+00, personal_generator_context_to_u=0.000000e+00, personal_generator_context_to_v=0.000000e+00
2026-04-08 09:00:12,150 - INFO - [assist_09|assist_09_abce_best_no_B|lr=0.0003|drop=0.20] -> New best AUC=0.7586 at epoch 26
2026-04-08 09:00:57,761 - INFO - [assist_09|assist_09_abce_best_no_B|lr=0.0003|drop=0.20] Epoch [027/100] | Train: Loss=0.0487, BCE=0.4584, Reg=-0.4097, AUC=0.8396, ACC=0.7663, RMSE=0.3902 | Val: Loss=0.2627, BCE=0.5603, Reg=-0.2976, AUC=0.7582, ACC=0.7271, RMSE=0.4307
2026-04-08 09:00:57,761 - INFO - [assist_09|assist_09_abce_best_no_B|lr=0.0003|drop=0.20] [Reg Terms] Epoch [027] | Train: graph_entropy=0.000002, graph_diag=0.000000, graph_uniform=0.000937, graph_reg_scale=1.0000, mf_l2=0.000001, delta_ratio=0.000000, personal_sparse=0.001528, alpha_var=-0.412193, alpha_collapse=0.000000, reg_bce_ratio=-0.8937 | Val: graph_entropy=0.000000, graph_diag=0.000000, graph_uniform=0.000940, graph_reg_scale=1.0000, mf_l2=0.000001, delta_ratio=0.000000, personal_sparse=0.001528, alpha_var=-0.300073, alpha_collapse=0.000000, reg_bce_ratio=-0.5311
2026-04-08 09:00:57,967 - INFO - [assist_09|assist_09_abce_best_no_B|lr=0.0003|drop=0.20] [Diag][M3] Epoch [027] | residual_abs_mean=0.0000, residual_std=0.0000, mf_abs_mean=0.0000, mf_std=0.0000, gate_mean=0.0000, gate_std=0.0000, irt_abs_mean=2.0214, irt_std=1.3468, delta_abs_mean=0.0000, delta_std=0.0000, delta_over_irt=0.0000, warmup(mf/personal)=1.00/1.00, graph_row_entropy=0.7639, graph_entropy_ratio=0.1587, alpha_mean=0.1970, alpha_std=0.1734, alpha_bias_std=3.1987, personal_row_entropy=0.7640, personal_matrix_delta=0.0000, personal_matrix_student_std=0.0000
2026-04-08 09:00:57,968 - INFO - [assist_09|assist_09_abce_best_no_B|lr=0.0003|drop=0.20] [Diag][Graph] Epoch [027] | entropy_ratio=0.1587, diag_mass=0.0000, to_uniform_l2=0.076496, to_identity_l2=0.118523, tau_mean=0.6078, tau_std=0.0172, graph_reg_scale(train/val)=1.0000/1.0000
2026-04-08 09:00:57,968 - INFO - [assist_09|assist_09_abce_best_no_B|lr=0.0003|drop=0.20] [Grad Norms] Epoch [027] | mf_u_proj=0.000000, mf_v_proj=0.000000, fusion_gate=0.000000, q_gate_raw=0.000000, skill_latent=0.000000, relation_emb=9.879492e-03, relation_tau=5.965445e-04, relation_wq=4.873279e-04, relation_wk=1.348417e-04, personal_u=0.000000e+00, personal_v=0.000000e+00, personal_alpha_bias=2.922226e-02, personal_gate_emb=0.000000e+00, personal_gate_student_proj=0.000000e+00, personal_gate_context_proj=1.262779e-04, personal_gate_student_direct=0.000000e+00, personal_gate_context_direct=2.642280e-05, personal_gate_out=4.510234e-05, personal_generator_emb=0.000000e+00, personal_generator_context_proj=0.000000e+00, personal_generator_context_hidden=0.000000e+00, personal_generator_context_to_u=0.000000e+00, personal_generator_context_to_v=0.000000e+00
2026-04-08 09:00:57,968 - INFO - [assist_09|assist_09_abce_best_no_B|lr=0.0003|drop=0.20] -> No improvement 1 epoch(s) (best AUC=0.7586 @ 26)
2026-04-08 09:01:43,921 - INFO - [assist_09|assist_09_abce_best_no_B|lr=0.0003|drop=0.20] Epoch [028/100] | Train: Loss=0.0172, BCE=0.4567, Reg=-0.4395, AUC=0.8414, ACC=0.7684, RMSE=0.3892 | Val: Loss=0.2440, BCE=0.5627, Reg=-0.3187, AUC=0.7585, ACC=0.7276, RMSE=0.4310
2026-04-08 09:01:43,922 - INFO - [assist_09|assist_09_abce_best_no_B|lr=0.0003|drop=0.20] [Reg Terms] Epoch [028] | Train: graph_entropy=0.000001, graph_diag=0.000000, graph_uniform=0.000936, graph_reg_scale=1.0000, mf_l2=0.000001, delta_ratio=0.000000, personal_sparse=0.001522, alpha_var=-0.441971, alpha_collapse=0.000000, reg_bce_ratio=-0.9623 | Val: graph_entropy=0.000000, graph_diag=0.000000, graph_uniform=0.000946, graph_reg_scale=1.0000, mf_l2=0.000001, delta_ratio=0.000000, personal_sparse=0.001553, alpha_var=-0.321233, alpha_collapse=0.000000, reg_bce_ratio=-0.5664
2026-04-08 09:01:44,115 - INFO - [assist_09|assist_09_abce_best_no_B|lr=0.0003|drop=0.20] [Diag][M3] Epoch [028] | residual_abs_mean=0.0000, residual_std=0.0000, mf_abs_mean=0.0000, mf_std=0.0000, gate_mean=0.0000, gate_std=0.0000, irt_abs_mean=2.0489, irt_std=1.3653, delta_abs_mean=0.0000, delta_std=0.0000, delta_over_irt=0.0000, warmup(mf/personal)=1.00/1.00, graph_row_entropy=0.7708, graph_entropy_ratio=0.1602, alpha_mean=0.1969, alpha_std=0.1733, alpha_bias_std=3.3119, personal_row_entropy=0.7765, personal_matrix_delta=0.0000, personal_matrix_student_std=0.0000
2026-04-08 09:01:44,115 - INFO - [assist_09|assist_09_abce_best_no_B|lr=0.0003|drop=0.20] [Diag][Graph] Epoch [028] | entropy_ratio=0.1602, diag_mass=0.0000, to_uniform_l2=0.076360, to_identity_l2=0.118436, tau_mean=0.6049, tau_std=0.0169, graph_reg_scale(train/val)=1.0000/1.0000
2026-04-08 09:01:44,115 - INFO - [assist_09|assist_09_abce_best_no_B|lr=0.0003|drop=0.20] [Grad Norms] Epoch [028] | mf_u_proj=0.000000, mf_v_proj=0.000000, fusion_gate=0.000000, q_gate_raw=0.000000, skill_latent=0.000000, relation_emb=9.450650e-03, relation_tau=2.105306e-03, relation_wq=6.557521e-04, relation_wk=4.047973e-04, personal_u=0.000000e+00, personal_v=0.000000e+00, personal_alpha_bias=2.771221e-02, personal_gate_emb=0.000000e+00, personal_gate_student_proj=0.000000e+00, personal_gate_context_proj=1.405835e-04, personal_gate_student_direct=0.000000e+00, personal_gate_context_direct=2.904821e-05, personal_gate_out=3.020685e-05, personal_generator_emb=0.000000e+00, personal_generator_context_proj=0.000000e+00, personal_generator_context_hidden=0.000000e+00, personal_generator_context_to_u=0.000000e+00, personal_generator_context_to_v=0.000000e+00
2026-04-08 09:01:44,115 - INFO - [assist_09|assist_09_abce_best_no_B|lr=0.0003|drop=0.20] -> No improvement 2 epoch(s) (best AUC=0.7586 @ 26)
2026-04-08 09:02:29,395 - INFO - [assist_09|assist_09_abce_best_no_B|lr=0.0003|drop=0.20] Epoch [029/100] | Train: Loss=-0.0138, BCE=0.4559, Reg=-0.4697, AUC=0.8418, ACC=0.7690, RMSE=0.3889 | Val: Loss=0.2187, BCE=0.5593, Reg=-0.3406, AUC=0.7587, ACC=0.7283, RMSE=0.4301
2026-04-08 09:02:29,396 - INFO - [assist_09|assist_09_abce_best_no_B|lr=0.0003|drop=0.20] [Reg Terms] Epoch [029] | Train: graph_entropy=0.000001, graph_diag=0.000000, graph_uniform=0.000935, graph_reg_scale=1.0000, mf_l2=0.000001, delta_ratio=0.000000, personal_sparse=0.001519, alpha_var=-0.472170, alpha_collapse=0.000000, reg_bce_ratio=-1.0303 | Val: graph_entropy=0.000000, graph_diag=0.000000, graph_uniform=0.000945, graph_reg_scale=1.0000, mf_l2=0.000001, delta_ratio=0.000000, personal_sparse=0.001549, alpha_var=-0.343087, alpha_collapse=0.000000, reg_bce_ratio=-0.6090
2026-04-08 09:02:29,579 - INFO - [assist_09|assist_09_abce_best_no_B|lr=0.0003|drop=0.20] [Diag][M3] Epoch [029] | residual_abs_mean=0.0000, residual_std=0.0000, mf_abs_mean=0.0000, mf_std=0.0000, gate_mean=0.0000, gate_std=0.0000, irt_abs_mean=2.0144, irt_std=1.3278, delta_abs_mean=0.0000, delta_std=0.0000, delta_over_irt=0.0000, warmup(mf/personal)=1.00/1.00, graph_row_entropy=0.7697, graph_entropy_ratio=0.1600, alpha_mean=0.1972, alpha_std=0.1731, alpha_bias_std=3.4235, personal_row_entropy=0.7746, personal_matrix_delta=0.0000, personal_matrix_student_std=0.0000
2026-04-08 09:02:29,579 - INFO - [assist_09|assist_09_abce_best_no_B|lr=0.0003|drop=0.20] [Diag][Graph] Epoch [029] | entropy_ratio=0.1600, diag_mass=0.0000, to_uniform_l2=0.076387, to_identity_l2=0.118453, tau_mean=0.6019, tau_std=0.0168, graph_reg_scale(train/val)=1.0000/1.0000
2026-04-08 09:02:29,579 - INFO - [assist_09|assist_09_abce_best_no_B|lr=0.0003|drop=0.20] [Grad Norms] Epoch [029] | mf_u_proj=0.000000, mf_v_proj=0.000000, fusion_gate=0.000000, q_gate_raw=0.000000, skill_latent=0.000000, relation_emb=1.094146e-02, relation_tau=2.962463e-03, relation_wq=7.639905e-04, relation_wk=5.436174e-04, personal_u=0.000000e+00, personal_v=0.000000e+00, personal_alpha_bias=3.106015e-02, personal_gate_emb=0.000000e+00, personal_gate_student_proj=0.000000e+00, personal_gate_context_proj=1.188715e-04, personal_gate_student_direct=0.000000e+00, personal_gate_context_direct=2.214945e-05, personal_gate_out=2.809335e-05, personal_generator_emb=0.000000e+00, personal_generator_context_proj=0.000000e+00, personal_generator_context_hidden=0.000000e+00, personal_generator_context_to_u=0.000000e+00, personal_generator_context_to_v=0.000000e+00
2026-04-08 09:02:29,945 - INFO - [assist_09|assist_09_abce_best_no_B|lr=0.0003|drop=0.20] -> New best AUC=0.7587 at epoch 29
2026-04-08 09:03:14,574 - INFO - [assist_09|assist_09_abce_best_no_B|lr=0.0003|drop=0.20] Epoch [030/100] | Train: Loss=-0.0474, BCE=0.4540, Reg=-0.5014, AUC=0.8434, ACC=0.7699, RMSE=0.3881 | Val: Loss=0.1969, BCE=0.5601, Reg=-0.3631, AUC=0.7593, ACC=0.7284, RMSE=0.4301
2026-04-08 09:03:14,574 - INFO - [assist_09|assist_09_abce_best_no_B|lr=0.0003|drop=0.20] [Reg Terms] Epoch [030] | Train: graph_entropy=0.000001, graph_diag=0.000000, graph_uniform=0.000934, graph_reg_scale=1.0000, mf_l2=0.000001, delta_ratio=0.000000, personal_sparse=0.001528, alpha_var=-0.503842, alpha_collapse=0.000000, reg_bce_ratio=-1.1044 | Val: graph_entropy=0.000000, graph_diag=0.000000, graph_uniform=0.000949, graph_reg_scale=1.0000, mf_l2=0.000001, delta_ratio=0.000000, personal_sparse=0.001566, alpha_var=-0.365651, alpha_collapse=0.000000, reg_bce_ratio=-0.6484
2026-04-08 09:03:14,759 - INFO - [assist_09|assist_09_abce_best_no_B|lr=0.0003|drop=0.20] [Diag][M3] Epoch [030] | residual_abs_mean=0.0000, residual_std=0.0000, mf_abs_mean=0.0000, mf_std=0.0000, gate_mean=0.0000, gate_std=0.0000, irt_abs_mean=2.0845, irt_std=1.3651, delta_abs_mean=0.0000, delta_std=0.0000, delta_over_irt=0.0000, warmup(mf/personal)=1.00/1.00, graph_row_entropy=0.7764, graph_entropy_ratio=0.1613, alpha_mean=0.1968, alpha_std=0.1731, alpha_bias_std=3.5341, personal_row_entropy=0.7830, personal_matrix_delta=0.0000, personal_matrix_student_std=0.0000
2026-04-08 09:03:14,759 - INFO - [assist_09|assist_09_abce_best_no_B|lr=0.0003|drop=0.20] [Diag][Graph] Epoch [030] | entropy_ratio=0.1613, diag_mass=0.0000, to_uniform_l2=0.076275, to_identity_l2=0.118381, tau_mean=0.5990, tau_std=0.0166, graph_reg_scale(train/val)=1.0000/1.0000
2026-04-08 09:03:14,759 - INFO - [assist_09|assist_09_abce_best_no_B|lr=0.0003|drop=0.20] [Grad Norms] Epoch [030] | mf_u_proj=0.000000, mf_v_proj=0.000000, fusion_gate=0.000000, q_gate_raw=0.000000, skill_latent=0.000000, relation_emb=1.069306e-02, relation_tau=2.999791e-03, relation_wq=8.086895e-04, relation_wk=6.683408e-04, personal_u=0.000000e+00, personal_v=0.000000e+00, personal_alpha_bias=3.082301e-02, personal_gate_emb=0.000000e+00, personal_gate_student_proj=0.000000e+00, personal_gate_context_proj=5.201212e-05, personal_gate_student_direct=0.000000e+00, personal_gate_context_direct=8.464944e-06, personal_gate_out=1.162203e-05, personal_generator_emb=0.000000e+00, personal_generator_context_proj=0.000000e+00, personal_generator_context_hidden=0.000000e+00, personal_generator_context_to_u=0.000000e+00, personal_generator_context_to_v=0.000000e+00
2026-04-08 09:03:15,090 - INFO - [assist_09|assist_09_abce_best_no_B|lr=0.0003|drop=0.20] -> New best AUC=0.7593 at epoch 30
2026-04-08 09:03:15,132 - INFO - [assist_09|assist_09_abce_best_no_B|lr=0.0003|drop=0.20] Checkpoint saved: checkpoints/abce_diag/20260408_082628/assist_09/seed42/best_no_B/checkpoint_epoch_30.pth
2026-04-08 09:03:15,313 - INFO - [assist_09|assist_09_abce_best_no_B|lr=0.0003|drop=0.20] [Module Activity] Epoch 30: Graph[OK] Personal[X] MF[X]
2026-04-08 09:03:59,874 - INFO - [assist_09|assist_09_abce_best_no_B|lr=0.0003|drop=0.20] Epoch [031/100] | Train: Loss=-0.0811, BCE=0.4532, Reg=-0.5342, AUC=0.8442, ACC=0.7705, RMSE=0.3876 | Val: Loss=0.1765, BCE=0.5629, Reg=-0.3864, AUC=0.7601, ACC=0.7286, RMSE=0.4305
2026-04-08 09:03:59,875 - INFO - [assist_09|assist_09_abce_best_no_B|lr=0.0003|drop=0.20] [Reg Terms] Epoch [031] | Train: graph_entropy=0.000001, graph_diag=0.000000, graph_uniform=0.000934, graph_reg_scale=1.0000, mf_l2=0.000001, delta_ratio=0.000000, personal_sparse=0.001526, alpha_var=-0.536683, alpha_collapse=0.000000, reg_bce_ratio=-1.1789 | Val: graph_entropy=0.000000, graph_diag=0.000000, graph_uniform=0.000949, graph_reg_scale=1.0000, mf_l2=0.000001, delta_ratio=0.000000, personal_sparse=0.001565, alpha_var=-0.388911, alpha_collapse=0.000000, reg_bce_ratio=-0.6865
2026-04-08 09:04:00,067 - INFO - [assist_09|assist_09_abce_best_no_B|lr=0.0003|drop=0.20] [Diag][M3] Epoch [031] | residual_abs_mean=0.0000, residual_std=0.0000, mf_abs_mean=0.0000, mf_std=0.0000, gate_mean=0.0000, gate_std=0.0000, irt_abs_mean=2.1572, irt_std=1.4191, delta_abs_mean=0.0000, delta_std=0.0000, delta_over_irt=0.0000, warmup(mf/personal)=1.00/1.00, graph_row_entropy=0.7765, graph_entropy_ratio=0.1614, alpha_mean=0.1960, alpha_std=0.1726, alpha_bias_std=3.6468, personal_row_entropy=0.7824, personal_matrix_delta=0.0000, personal_matrix_student_std=0.0000
2026-04-08 09:04:00,068 - INFO - [assist_09|assist_09_abce_best_no_B|lr=0.0003|drop=0.20] [Diag][Graph] Epoch [031] | entropy_ratio=0.1614, diag_mass=0.0000, to_uniform_l2=0.076276, to_identity_l2=0.118382, tau_mean=0.5959, tau_std=0.0169, graph_reg_scale(train/val)=1.0000/1.0000
2026-04-08 09:04:00,068 - INFO - [assist_09|assist_09_abce_best_no_B|lr=0.0003|drop=0.20] [Grad Norms] Epoch [031] | mf_u_proj=0.000000, mf_v_proj=0.000000, fusion_gate=0.000000, q_gate_raw=0.000000, skill_latent=0.000000, relation_emb=1.111825e-02, relation_tau=1.907150e-03, relation_wq=5.909706e-04, relation_wk=4.374775e-04, personal_u=0.000000e+00, personal_v=0.000000e+00, personal_alpha_bias=3.537362e-02, personal_gate_emb=0.000000e+00, personal_gate_student_proj=0.000000e+00, personal_gate_context_proj=9.244786e-05, personal_gate_student_direct=0.000000e+00, personal_gate_context_direct=1.732656e-05, personal_gate_out=3.437443e-05, personal_generator_emb=0.000000e+00, personal_generator_context_proj=0.000000e+00, personal_generator_context_hidden=0.000000e+00, personal_generator_context_to_u=0.000000e+00, personal_generator_context_to_v=0.000000e+00
2026-04-08 09:04:00,426 - INFO - [assist_09|assist_09_abce_best_no_B|lr=0.0003|drop=0.20] -> New best AUC=0.7601 at epoch 31
2026-04-08 09:04:45,677 - INFO - [assist_09|assist_09_abce_best_no_B|lr=0.0003|drop=0.20] Epoch [032/100] | Train: Loss=-0.1152, BCE=0.4524, Reg=-0.5676, AUC=0.8445, ACC=0.7712, RMSE=0.3873 | Val: Loss=0.1537, BCE=0.5641, Reg=-0.4104, AUC=0.7596, ACC=0.7276, RMSE=0.4311
2026-04-08 09:04:45,677 - INFO - [assist_09|assist_09_abce_best_no_B|lr=0.0003|drop=0.20] [Reg Terms] Epoch [032] | Train: graph_entropy=0.000001, graph_diag=0.000000, graph_uniform=0.000934, graph_reg_scale=1.0000, mf_l2=0.000001, delta_ratio=0.000000, personal_sparse=0.001520, alpha_var=-0.570103, alpha_collapse=0.000000, reg_bce_ratio=-1.2547 | Val: graph_entropy=0.000000, graph_diag=0.000000, graph_uniform=0.000954, graph_reg_scale=1.0000, mf_l2=0.000001, delta_ratio=0.000000, personal_sparse=0.001566, alpha_var=-0.412921, alpha_collapse=0.000000, reg_bce_ratio=-0.7276
2026-04-08 09:04:45,858 - INFO - [assist_09|assist_09_abce_best_no_B|lr=0.0003|drop=0.20] [Diag][M3] Epoch [032] | residual_abs_mean=0.0000, residual_std=0.0000, mf_abs_mean=0.0000, mf_std=0.0000, gate_mean=0.0000, gate_std=0.0000, irt_abs_mean=2.1542, irt_std=1.4113, delta_abs_mean=0.0000, delta_std=0.0000, delta_over_irt=0.0000, warmup(mf/personal)=1.00/1.00, graph_row_entropy=0.7825, graph_entropy_ratio=0.1626, alpha_mean=0.1889, alpha_std=0.1675, alpha_bias_std=3.7592, personal_row_entropy=0.7831, personal_matrix_delta=0.0000, personal_matrix_student_std=0.0000
2026-04-08 09:04:45,859 - INFO - [assist_09|assist_09_abce_best_no_B|lr=0.0003|drop=0.20] [Diag][Graph] Epoch [032] | entropy_ratio=0.1626, diag_mass=0.0000, to_uniform_l2=0.076153, to_identity_l2=0.118302, tau_mean=0.5930, tau_std=0.0166, graph_reg_scale(train/val)=1.0000/1.0000
2026-04-08 09:04:45,859 - INFO - [assist_09|assist_09_abce_best_no_B|lr=0.0003|drop=0.20] [Grad Norms] Epoch [032] | mf_u_proj=0.000000, mf_v_proj=0.000000, fusion_gate=0.000000, q_gate_raw=0.000000, skill_latent=0.000000, relation_emb=9.326442e-03, relation_tau=1.079174e-03, relation_wq=4.469989e-04, relation_wk=2.464658e-04, personal_u=0.000000e+00, personal_v=0.000000e+00, personal_alpha_bias=3.305271e-02, personal_gate_emb=0.000000e+00, personal_gate_student_proj=0.000000e+00, personal_gate_context_proj=1.996705e-05, personal_gate_student_direct=0.000000e+00, personal_gate_context_direct=3.862211e-06, personal_gate_out=9.904415e-06, personal_generator_emb=0.000000e+00, personal_generator_context_proj=0.000000e+00, personal_generator_context_hidden=0.000000e+00, personal_generator_context_to_u=0.000000e+00, personal_generator_context_to_v=0.000000e+00
2026-04-08 09:04:45,859 - INFO - [assist_09|assist_09_abce_best_no_B|lr=0.0003|drop=0.20] -> No improvement 1 epoch(s) (best AUC=0.7601 @ 31)
2026-04-08 09:05:31,336 - INFO - [assist_09|assist_09_abce_best_no_B|lr=0.0003|drop=0.20] Epoch [033/100] | Train: Loss=-0.1508, BCE=0.4514, Reg=-0.6022, AUC=0.8453, ACC=0.7713, RMSE=0.3869 | Val: Loss=0.1257, BCE=0.5609, Reg=-0.4352, AUC=0.7586, ACC=0.7271, RMSE=0.4305
2026-04-08 09:05:31,336 - INFO - [assist_09|assist_09_abce_best_no_B|lr=0.0003|drop=0.20] [Reg Terms] Epoch [033] | Train: graph_entropy=0.000001, graph_diag=0.000000, graph_uniform=0.000934, graph_reg_scale=1.0000, mf_l2=0.000001, delta_ratio=0.000000, personal_sparse=0.001522, alpha_var=-0.604631, alpha_collapse=0.000000, reg_bce_ratio=-1.3340 | Val: graph_entropy=0.000000, graph_diag=0.000000, graph_uniform=0.000930, graph_reg_scale=1.0000, mf_l2=0.000001, delta_ratio=0.000000, personal_sparse=0.001513, alpha_var=-0.437651, alpha_collapse=0.000000, reg_bce_ratio=-0.7759
2026-04-08 09:05:31,524 - INFO - [assist_09|assist_09_abce_best_no_B|lr=0.0003|drop=0.20] [Diag][M3] Epoch [033] | residual_abs_mean=0.0000, residual_std=0.0000, mf_abs_mean=0.0000, mf_std=0.0000, gate_mean=0.0000, gate_std=0.0000, irt_abs_mean=2.0244, irt_std=1.3712, delta_abs_mean=0.0000, delta_std=0.0000, delta_over_irt=0.0000, warmup(mf/personal)=1.00/1.00, graph_row_entropy=0.7501, graph_entropy_ratio=0.1559, alpha_mean=0.1961, alpha_std=0.1727, alpha_bias_std=3.8716, personal_row_entropy=0.7563, personal_matrix_delta=0.0000, personal_matrix_student_std=0.0000
2026-04-08 09:05:31,525 - INFO - [assist_09|assist_09_abce_best_no_B|lr=0.0003|drop=0.20] [Diag][Graph] Epoch [033] | entropy_ratio=0.1559, diag_mass=0.0000, to_uniform_l2=0.076756, to_identity_l2=0.118692, tau_mean=0.5895, tau_std=0.0162, graph_reg_scale(train/val)=1.0000/1.0000
2026-04-08 09:05:31,525 - INFO - [assist_09|assist_09_abce_best_no_B|lr=0.0003|drop=0.20] [Grad Norms] Epoch [033] | mf_u_proj=0.000000, mf_v_proj=0.000000, fusion_gate=0.000000, q_gate_raw=0.000000, skill_latent=0.000000, relation_emb=8.774995e-03, relation_tau=2.059744e-03, relation_wq=6.108226e-04, relation_wk=4.798980e-04, personal_u=0.000000e+00, personal_v=0.000000e+00, personal_alpha_bias=3.927463e-02, personal_gate_emb=0.000000e+00, personal_gate_student_proj=0.000000e+00, personal_gate_context_proj=3.705481e-05, personal_gate_student_direct=0.000000e+00, personal_gate_context_direct=7.316929e-06, personal_gate_out=1.507335e-05, personal_generator_emb=0.000000e+00, personal_generator_context_proj=0.000000e+00, personal_generator_context_hidden=0.000000e+00, personal_generator_context_to_u=0.000000e+00, personal_generator_context_to_v=0.000000e+00
2026-04-08 09:05:31,525 - INFO - [assist_09|assist_09_abce_best_no_B|lr=0.0003|drop=0.20] -> No improvement 2 epoch(s) (best AUC=0.7601 @ 31)
2026-04-08 09:06:15,900 - INFO - [assist_09|assist_09_abce_best_no_B|lr=0.0003|drop=0.20] Epoch [034/100] | Train: Loss=-0.1871, BCE=0.4503, Reg=-0.6374, AUC=0.8462, ACC=0.7725, RMSE=0.3864 | Val: Loss=0.1016, BCE=0.5622, Reg=-0.4607, AUC=0.7593, ACC=0.7262, RMSE=0.4307
2026-04-08 09:06:15,900 - INFO - [assist_09|assist_09_abce_best_no_B|lr=0.0003|drop=0.20] [Reg Terms] Epoch [034] | Train: graph_entropy=0.000001, graph_diag=0.000000, graph_uniform=0.000933, graph_reg_scale=1.0000, mf_l2=0.000001, delta_ratio=0.000000, personal_sparse=0.001520, alpha_var=-0.639887, alpha_collapse=0.000000, reg_bce_ratio=-1.4155 | Val: graph_entropy=0.000000, graph_diag=0.000000, graph_uniform=0.000910, graph_reg_scale=1.0000, mf_l2=0.000001, delta_ratio=0.000000, personal_sparse=0.001460, alpha_var=-0.463038, alpha_collapse=0.000000, reg_bce_ratio=-0.8193
2026-04-08 09:06:16,089 - INFO - [assist_09|assist_09_abce_best_no_B|lr=0.0003|drop=0.20] [Diag][M3] Epoch [034] | residual_abs_mean=0.0000, residual_std=0.0000, mf_abs_mean=0.0000, mf_std=0.0000, gate_mean=0.0000, gate_std=0.0000, irt_abs_mean=1.9852, irt_std=1.3694, delta_abs_mean=0.0000, delta_std=0.0000, delta_over_irt=0.0000, warmup(mf/personal)=1.00/1.00, graph_row_entropy=0.7228, graph_entropy_ratio=0.1502, alpha_mean=0.1967, alpha_std=0.1728, alpha_bias_std=3.9831, personal_row_entropy=0.7298, personal_matrix_delta=0.0000, personal_matrix_student_std=0.0000
2026-04-08 09:06:16,090 - INFO - [assist_09|assist_09_abce_best_no_B|lr=0.0003|drop=0.20] [Diag][Graph] Epoch [034] | entropy_ratio=0.1502, diag_mass=0.0000, to_uniform_l2=0.077243, to_identity_l2=0.119007, tau_mean=0.5862, tau_std=0.0161, graph_reg_scale(train/val)=1.0000/1.0000
2026-04-08 09:06:16,090 - INFO - [assist_09|assist_09_abce_best_no_B|lr=0.0003|drop=0.20] [Grad Norms] Epoch [034] | mf_u_proj=0.000000, mf_v_proj=0.000000, fusion_gate=0.000000, q_gate_raw=0.000000, skill_latent=0.000000, relation_emb=9.900841e-03, relation_tau=8.219432e-04, relation_wq=4.530061e-04, relation_wk=1.900923e-04, personal_u=0.000000e+00, personal_v=0.000000e+00, personal_alpha_bias=3.522788e-02, personal_gate_emb=0.000000e+00, personal_gate_student_proj=0.000000e+00, personal_gate_context_proj=1.438123e-04, personal_gate_student_direct=0.000000e+00, personal_gate_context_direct=2.669293e-05, personal_gate_out=4.388386e-05, personal_generator_emb=0.000000e+00, personal_generator_context_proj=0.000000e+00, personal_generator_context_hidden=0.000000e+00, personal_generator_context_to_u=0.000000e+00, personal_generator_context_to_v=0.000000e+00
2026-04-08 09:06:16,090 - INFO - [assist_09|assist_09_abce_best_no_B|lr=0.0003|drop=0.20] -> No improvement 3 epoch(s) (best AUC=0.7601 @ 31)
2026-04-08 09:06:16,090 - INFO - [assist_09|assist_09_abce_best_no_B|lr=0.0003|drop=0.20] Early stopping at epoch 34 (best AUC=0.7601 @ 31)
2026-04-08 09:06:16,102 - INFO - Epoch-wise metrics saved to checkpoints/abce_diag/20260408_082628/assist_09/seed42/best_no_B/metrics_history.csv
2026-04-08 09:06:16,106 - INFO - [assist_09|assist_09_abce_best_no_B|lr=0.0003|drop=0.20] Training completed! Best Val AUC=0.7601 @ epoch 31
2026-04-08 09:06:16,279 - INFO - 
============================================================
         MODULE ACTIVITY REPORT
============================================================
Dataset: assist_09 | Seed: 42 | Epoch: 34

1. Concept Graph Module:
   - Mean row entropy: 0.723 / 4.812
   - Entropy ratio: 15.0%
   - Status: ACTIVE (learning meaningful structure)

2. Personal Graph Module:
   - Gate alpha mean: 0.132
   - Gate alpha std: 0.169
   - Alpha bias std: 5.556
   - Personal/global delta: 0.0000
   - Inter-student matrix std: 0.0000
   - Status: INACTIVE (alpha or personal graph barely deviates from global)
   -> Consider: strengthen direct student-specific path or personal graph signal

3. Skill/MF Module:
   - MF logit |mean|: 0.0000
   - MF logit std: 0.0000
   - Fusion gate mean: 0.000
   - Status: INACTIVE (near-zero contribution)
   -> Consider: check skill_dim or learning_rate

------------------------------------------------------------
SUMMARY:
   Active modules: Concept Graph
   Inactive modules: Personal Graph, Skill/MF
============================================================
2026-04-08 09:06:16,280 - INFO - [assist_09|assist_09_abce_best_no_B|lr=0.0003|drop=0.20] Module activity saved to checkpoints/abce_diag/20260408_082628/assist_09/seed42/best_no_B/module_activity.json
2026-04-08 09:06:16,335 - INFO - Using device: cuda:0 (physical gpu 1)
2026-04-08 09:06:16,335 - INFO - Loading model from checkpoints/abce_diag/20260408_082628/assist_09/seed42/best_no_B/best_model.pth...
2026-04-08 09:06:16,477 - INFO - Inference switches: ablate_module1=False, ablate_module2=False, ablate_module3=False | enable_module1=True, enable_module2=True, enable_module3=True | use_mf_branch=False, use_concept_graph=True, use_q_aligned_residual=True | effective(num_gnn_layers=1)
2026-04-08 09:06:16,494 - INFO - [Inference] Ablation runtime check: args(ablate_module1=False,ablate_module2=False,ablate_module3=False) | model(enable_module1=True,enable_module2=True,enable_module3=True) | physical(has_knowledge_encoder=True,has_mf_branch=False)
2026-04-08 09:06:16,494 - INFO - [Inference] [Module3 Init] fusion_gate_bias=0.0000, fusion_gate_max=0.0000, implied_gate=0.0000, q_gate=0.0000, mf_scale=0.0000, bias_scale=0.0000, graph_tau_mean=1.0055, graph_tau_std=0.0000, graph_dropout=0.000
2026-04-08 09:06:16,496 - INFO - Model loaded from epoch 31. Start testing...
2026-04-08 09:06:17,611 - INFO - [Test] 200/411 batches done, samples=25600
2026-04-08 09:06:18,632 - INFO - [Test] 400/411 batches done, samples=51200
2026-04-08 09:06:18,759 - INFO - 
==================================================
2026-04-08 09:06:18,760 - INFO - Test Results:
2026-04-08 09:06:18,760 - INFO - AUC: 0.7622
2026-04-08 09:06:18,760 - INFO - ACC: 0.7337
2026-04-08 09:06:18,760 - INFO - RMSE: 0.4282
2026-04-08 09:06:18,760 - INFO - ==================================================
2026-04-08 09:06:18,776 - INFO - Summary appended to /home/zsh/ConceptSkillCDM/results/experiment_results.csv
2026-04-08 09:06:18,776 - INFO - 
Generating student diagnosis reports...
2026-04-08 09:06:18,797 - INFO - Student diagnosis reports saved to checkpoints/abce_diag/20260408_082628/assist_09/seed42/best_no_B/student_diagnosis.json
2026-04-08 09:06:18,802 - INFO - Run completed.
2026-04-08 09:06:18,802 - INFO - Best validation AUC: 0.7601 at epoch 31
2026-04-08 09:06:18,802 - INFO - Test metrics - AUC: 0.7622, ACC: 0.7337, RMSE: 0.4282
2026-04-08 09:06:18,982 - INFO - [数据清洗] 学生交互次数 < 15 次的学生：共移除 0 个学生（仅统计用户数）
2026-04-08 09:06:18,991 - INFO - [数据清洗] 学生冷启动过滤：在 train/valid/test 中共删除 0 条记录。
2026-04-08 09:06:18,991 - INFO - [数据清洗] 跳过题目冷门过滤（min_exer_interactions <= 0）。
2026-04-08 09:06:18,991 - INFO - [数据清洗] 跳过毒题清洗（min_poison_count <= 0）。
2026-04-08 09:06:18,991 - INFO - 正在构建ID映射...
2026-04-08 09:06:19,244 - INFO - 正在构建Q矩阵...
2026-04-08 09:06:26,972 - INFO - [统计] 开始统计清洗后每道题的概念数量分布...
2026-04-08 09:06:26,979 - INFO - [Train] 概念数统计：题目数=17099, 平均概念数=1.1992, min=1, max=4, 1概念=14168 (82.86%), ≥2概念=2931 (17.14%)
2026-04-08 09:06:26,979 - INFO - [Train] 概念数直方图（概念数: 题目数量）: {1: 14168, 2: 2536, 3: 315, 4: 80}
2026-04-08 09:06:26,982 - INFO - [Valid] 概念数统计：题目数=9274, 平均概念数=1.1993, min=1, max=4, 1概念=7697 (83.00%), ≥2概念=1577 (17.00%)
2026-04-08 09:06:26,982 - INFO - [Valid] 概念数直方图（概念数: 题目数量）: {1: 7697, 2: 1356, 3: 171, 4: 50}
2026-04-08 09:06:26,986 - INFO - [Test] 概念数统计：题目数=13331, 平均概念数=1.1962, min=1, max=4, 1概念=11110 (83.34%), ≥2概念=2221 (16.66%)
2026-04-08 09:06:26,986 - INFO - [Test] 概念数直方图（概念数: 题目数量）: {1: 11110, 2: 1891, 3: 265, 4: 65}
2026-04-08 09:06:26,986 - INFO - [统计] 概念数量统计完成。
2026-04-08 09:06:26,986 - INFO - 正在加载数据集...
2026-04-08 09:06:27,064 - INFO - [Component Analysis] Global graph: torch.Size([2, 123, 123])
2026-04-08 09:06:27,215 - WARNING - Failed to save component analysis data: not enough values to unpack (expected 4, got 3)
