2026-04-10 07:48:45,088 - INFO - Arguments:
2026-04-10 07:48:45,088 - INFO -   ablate_concept_graph: False
2026-04-10 07:48:45,088 - INFO -   ablate_module1: False
2026-04-10 07:48:45,088 - INFO -   ablate_module2: False
2026-04-10 07:48:45,088 - INFO -   ablate_module3: False
2026-04-10 07:48:45,088 - INFO -   ablate_skill_encoder: False
2026-04-10 07:48:45,088 - INFO -   allow_self_loop: True
2026-04-10 07:48:45,088 - INFO -   alpha_min_target: 0.02
2026-04-10 07:48:45,088 - INFO -   b_id_budget_target: 0.2
2026-04-10 07:48:45,088 - INFO -   batch_size: 128
2026-04-10 07:48:45,088 - INFO -   data_dir: ./data/assist_09
2026-04-10 07:48:45,088 - INFO -   dataset_name: assist_09
2026-04-10 07:48:45,088 - INFO -   debug_module3_diag: True
2026-04-10 07:48:45,088 - INFO -   delta_ratio_target: 0.12
2026-04-10 07:48:45,088 - INFO -   diag_batches: 1
2026-04-10 07:48:45,088 - INFO -   disable_b_bias: False
2026-04-10 07:48:45,088 - INFO -   disable_b_id_adapter: False
2026-04-10 07:48:45,088 - INFO -   disable_q_aligned_residual: False
2026-04-10 07:48:45,088 - INFO -   disable_q_conditioning: False
2026-04-10 07:48:45,088 - INFO -   disable_self_loop: False
2026-04-10 07:48:45,088 - INFO -   dropout: 0.2
2026-04-10 07:48:45,089 - INFO -   early_stop_patience: 3
2026-04-10 07:48:45,089 - INFO -   enable_module1: True
2026-04-10 07:48:45,089 - INFO -   enable_module2: True
2026-04-10 07:48:45,089 - INFO -   enable_module3: True
2026-04-10 07:48:45,089 - INFO -   epochs: 100
2026-04-10 07:48:45,089 - INFO -   exercise_dim: 64
2026-04-10 07:48:45,089 - INFO -   exercise_l2_lambda: 1e-05
2026-04-10 07:48:45,089 - INFO -   fusion_gate_bias_init: -2.2
2026-04-10 07:48:45,089 - INFO -   fusion_gate_max: 0.35
2026-04-10 07:48:45,089 - INFO -   generate_diagnosis: True
2026-04-10 07:48:45,089 - INFO -   gnn_residual_weight: 0.5
2026-04-10 07:48:45,089 - INFO -   gpu_candidates: None
2026-04-10 07:48:45,089 - INFO -   gpu_ids: None
2026-04-10 07:48:45,089 - INFO -   gpu_memory_threshold: 2000
2026-04-10 07:48:45,089 - INFO -   gpus: None
2026-04-10 07:48:45,089 - INFO -   graph_dropout: 0.0
2026-04-10 07:48:45,089 - INFO -   graph_entropy_max: 0.8
2026-04-10 07:48:45,089 - INFO -   graph_entropy_min: 0.15
2026-04-10 07:48:45,089 - INFO -   graph_reg_cap_ratio: 6.0
2026-04-10 07:48:45,089 - INFO -   graph_reg_warmup_epochs: 0
2026-04-10 07:48:45,089 - INFO -   graph_tau_init: 0.55
2026-04-10 07:48:45,089 - INFO -   graph_topk: 12
2026-04-10 07:48:45,089 - INFO -   graph_uniform_margin: 0.1
2026-04-10 07:48:45,089 - INFO -   knowledge_dim: 64
2026-04-10 07:48:45,089 - INFO -   lambda_alpha: 0.05
2026-04-10 07:48:45,089 - INFO -   lambda_alpha_min: 0.05
2026-04-10 07:48:45,089 - INFO -   lambda_b_id_budget: 0.06
2026-04-10 07:48:45,089 - INFO -   lambda_delta_ratio: 0.08
2026-04-10 07:48:45,089 - INFO -   lambda_graph_diag: 0.1
2026-04-10 07:48:45,089 - INFO -   lambda_graph_uniform: 0.04
2026-04-10 07:48:45,089 - INFO -   lambda_sparse: 1.0
2026-04-10 07:48:45,089 - INFO -   lambda_sparse_personal: 0.002
2026-04-10 07:48:45,089 - INFO -   learning_rate: 0.0003
2026-04-10 07:48:45,089 - INFO -   log_dir: logs/abce_diag/20260410_072301/assist_09/seed42/ae_dominant_no_E
2026-04-10 07:48:45,089 - INFO -   mf_warmup_epochs: 5
2026-04-10 07:48:45,089 - INFO -   min_exer_interactions: 0
2026-04-10 07:48:45,089 - INFO -   min_poison_count: 0
2026-04-10 07:48:45,089 - INFO -   min_stu_interactions: 15
2026-04-10 07:48:45,089 - INFO -   model_variant: assist_09_abce_ae_dominant_no_E
2026-04-10 07:48:45,089 - INFO -   multi_gpu: False
2026-04-10 07:48:45,089 - INFO -   no_cuda: False
2026-04-10 07:48:45,089 - INFO -   num_gnn_layers: 1
2026-04-10 07:48:45,089 - INFO -   num_gpus: 1
2026-04-10 07:48:45,089 - INFO -   num_relation_heads: 2
2026-04-10 07:48:45,089 - INFO -   num_workers: 4
2026-04-10 07:48:45,090 - INFO -   patience: 5
2026-04-10 07:48:45,090 - INFO -   personal_delta_scale: 1.0
2026-04-10 07:48:45,090 - INFO -   personal_max_alpha: 0.35
2026-04-10 07:48:45,090 - INFO -   personal_rank: 4
2026-04-10 07:48:45,090 - INFO -   personal_student_dim: None
2026-04-10 07:48:45,090 - INFO -   personal_warmup_epochs: 0
2026-04-10 07:48:45,090 - INFO -   residual_clip_t: 2.0
2026-04-10 07:48:45,090 - INFO -   residual_scale_init: 0.08
2026-04-10 07:48:45,090 - INFO -   save_dir: checkpoints/abce_diag/20260410_072301/assist_09/seed42/ae_dominant_no_E
2026-04-10 07:48:45,090 - INFO -   save_interval: 10
2026-04-10 07:48:45,090 - INFO -   seed: 42
2026-04-10 07:48:45,090 - INFO -   skill_dim: 128
2026-04-10 07:48:45,090 - INFO -   use_concept_graph: True
2026-04-10 07:48:45,090 - INFO -   use_exercise_graph: True
2026-04-10 07:48:45,090 - INFO -   use_mf_branch: True
2026-04-10 07:48:45,090 - INFO -   use_personal_graph: False
2026-04-10 07:48:45,090 - INFO -   use_q_aligned_residual: True
2026-04-10 07:48:45,090 - INFO -   use_q_conditioning: True
2026-04-10 07:48:45,090 - INFO -   use_skill_encoder: True
2026-04-10 07:48:45,090 - INFO -   weight_decay: 1e-05
2026-04-10 07:48:45,169 - INFO - Using device: cuda:0
2026-04-10 07:48:45,169 - INFO - [assist_09|assist_09_abce_ae_dominant_no_E|lr=0.0003|drop=0.20] Loading datasets...
2026-04-10 07:48:45,169 - INFO - [assist_09|assist_09_abce_ae_dominant_no_E|lr=0.0003|drop=0.20] Regularization: graph_entropy(lambda_sparse)=1.000000, graph_diag=0.100000, graph_uniform=0.040000, personal_sparse=0.002000, alpha_penalty=0.050000, alpha_min=0.050000, delta_ratio=0.080000, mf_l2(exercise_l2_lambda)=0.000010
2026-04-10 07:48:45,169 - INFO - [assist_09|assist_09_abce_ae_dominant_no_E|lr=0.0003|drop=0.20] Graph controls: entropy_band=[0.15, 0.80], uniform_margin=0.10, warmup_epochs=0, cap_ratio=6.00, graph_dropout=0.000, graph_tau_init=0.550
2026-04-10 07:48:45,169 - INFO - [assist_09|assist_09_abce_ae_dominant_no_E|lr=0.0003|drop=0.20] Rescue controls: mf_warmup_epochs=5, delta_ratio_target=0.1200, personal_max_alpha=0.350, personal_delta_scale=1.000, personal_warmup_epochs=0, personal_student_dim=None, alpha_min_target=0.0200
2026-04-10 07:48:45,232 - INFO - [assist_09] [数据清洗] 学生交互次数 < 15 次的学生：共移除 0 个学生（仅统计用户数）
2026-04-10 07:48:45,239 - INFO - [assist_09] [数据清洗] 学生冷启动过滤：在 train/valid/test 中共删除 0 条记录。
2026-04-10 07:48:45,240 - INFO - [assist_09] [数据清洗] 跳过题目冷门过滤（min_exer_interactions <= 0）。
2026-04-10 07:48:45,240 - INFO - [assist_09] [数据清洗] 跳过毒题清洗（min_poison_count <= 0）。
2026-04-10 07:48:45,240 - INFO - [assist_09] 正在构建ID映射...
2026-04-10 07:48:45,372 - INFO - [assist_09] 正在构建Q矩阵...
2026-04-10 07:48:52,008 - INFO - [assist_09] [统计] 开始统计清洗后每道题的概念数量分布...
2026-04-10 07:48:52,015 - INFO - [assist_09] [Train] 概念数统计：题目数=17099, 平均概念数=1.1992, min=1, max=4, 1概念=14168 (82.86%), ≥2概念=2931 (17.14%)
2026-04-10 07:48:52,015 - INFO - [assist_09] [Train] 概念数直方图（概念数: 题目数量）: {1: 14168, 2: 2536, 3: 315, 4: 80}
2026-04-10 07:48:52,018 - INFO - [assist_09] [Valid] 概念数统计：题目数=9274, 平均概念数=1.1993, min=1, max=4, 1概念=7697 (83.00%), ≥2概念=1577 (17.00%)
2026-04-10 07:48:52,018 - INFO - [assist_09] [Valid] 概念数直方图（概念数: 题目数量）: {1: 7697, 2: 1356, 3: 171, 4: 50}
2026-04-10 07:48:52,022 - INFO - [assist_09] [Test] 概念数统计：题目数=13331, 平均概念数=1.1962, min=1, max=4, 1概念=11110 (83.34%), ≥2概念=2221 (16.66%)
2026-04-10 07:48:52,022 - INFO - [assist_09] [Test] 概念数直方图（概念数: 题目数量）: {1: 11110, 2: 1891, 3: 265, 4: 65}
2026-04-10 07:48:52,022 - INFO - [assist_09] [统计] 概念数量统计完成。
2026-04-10 07:48:52,022 - INFO - [assist_09] 正在加载数据集...
2026-04-10 07:48:52,085 - INFO - [assist_09|assist_09_abce_ae_dominant_no_E|lr=0.0003|drop=0.20] Train samples: 194489, Val samples: 20385
2026-04-10 07:48:52,085 - INFO - [assist_09|assist_09_abce_ae_dominant_no_E|lr=0.0003|drop=0.20] Number of students: 2493
2026-04-10 07:48:52,085 - INFO - [assist_09|assist_09_abce_ae_dominant_no_E|lr=0.0003|drop=0.20] Number of exercises: 17676
2026-04-10 07:48:52,085 - INFO - [assist_09|assist_09_abce_ae_dominant_no_E|lr=0.0003|drop=0.20] Number of concepts: 123
2026-04-10 07:48:52,085 - INFO - [assist_09|assist_09_abce_ae_dominant_no_E|lr=0.0003|drop=0.20] Creating model...
2026-04-10 07:48:52,085 - INFO - [assist_09|assist_09_abce_ae_dominant_no_E|lr=0.0003|drop=0.20] Ablation switches: ablate_module1=False, ablate_module2=False, ablate_module3=False | enable_module1=True, enable_module2=True, enable_module3=True | use_mf_branch=True, use_concept_graph=True, use_q_aligned_residual=True | effective(num_gnn_layers=1)
2026-04-10 07:48:52,212 - INFO - [assist_09|assist_09_abce_ae_dominant_no_E|lr=0.0003|drop=0.20] Ablation runtime check: args(ablate_module1=False,ablate_module2=False,ablate_module3=False) | model(enable_module1=True,enable_module2=True,enable_module3=True) | physical(has_knowledge_encoder=True,has_mf_branch=True)
2026-04-10 07:48:52,212 - INFO - [assist_09|assist_09_abce_ae_dominant_no_E|lr=0.0003|drop=0.20] Debug diagnostics enabled: diag_batches=1
2026-04-10 07:48:52,234 - INFO - [assist_09|assist_09_abce_ae_dominant_no_E|lr=0.0003|drop=0.20] [Module3 Init] fusion_gate_bias=-2.2000, fusion_gate_max=0.3500, implied_gate=0.0349, q_gate=0.5000, mf_scale=0.0000, bias_scale=0.2536, graph_tau_mean=1.0055, graph_tau_std=0.0000, graph_dropout=0.000
2026-04-10 07:48:52,235 - INFO - [assist_09|assist_09_abce_ae_dominant_no_E|lr=0.0003|drop=0.20] Total parameters: 1,582,708
2026-04-10 07:48:52,235 - INFO - [assist_09|assist_09_abce_ae_dominant_no_E|lr=0.0003|drop=0.20] Trainable parameters: 1,582,708
2026-04-10 07:48:53,044 - INFO - [assist_09|assist_09_abce_ae_dominant_no_E|lr=0.0003|drop=0.20] Starting training...
2026-04-10 07:49:35,184 - INFO - [assist_09|assist_09_abce_ae_dominant_no_E|lr=0.0003|drop=0.20] Epoch [001/100] | Train: Loss=0.6709, BCE=0.6354, Reg=0.0355, AUC=0.5695, ACC=0.6589, RMSE=0.4712 | Val: Loss=0.6197, BCE=0.6026, Reg=0.0171, AUC=0.6781, ACC=0.6765, RMSE=0.4553
2026-04-10 07:49:35,184 - INFO - [assist_09|assist_09_abce_ae_dominant_no_E|lr=0.0003|drop=0.20] [Reg Terms] Epoch [001] | Train: graph_entropy=0.000000, graph_diag=0.015495, graph_uniform=0.002975, graph_reg_scale=1.0000, mf_l2=0.000000, delta_ratio=0.000000, personal_sparse=0.000000, alpha_var=0.000000, alpha_collapse=0.000000, reg_bce_ratio=0.0559 | Val: graph_entropy=0.000000, graph_diag=0.014096, graph_uniform=0.002987, graph_reg_scale=1.0000, mf_l2=0.000000, delta_ratio=0.000000, personal_sparse=0.000000, alpha_var=0.000000, alpha_collapse=0.000000, reg_bce_ratio=0.0284
2026-04-10 07:49:35,349 - INFO - [assist_09|assist_09_abce_ae_dominant_no_E|lr=0.0003|drop=0.20] [Diag][M3] Epoch [001] | residual_abs_mean=0.0164, residual_std=0.0051, mf_abs_mean=0.0164, mf_std=0.0051, gate_mean=0.0589, gate_std=0.0037, q_interaction_abs_mean=0.0257, id_adapter_abs_mean=0.0135, bias_abs_mean=0.0578, B_q_share=0.3131, B_id_share=0.1646, B_bias_share=0.7039, student_q_norm=5.3245, student_id_adapter_norm=0.0655, item_q_norm=0.3487, item_id_adapter_norm=0.0314, irt_abs_mean=1.0669, irt_std=0.4494, delta_abs_mean=0.0010, delta_std=0.0003, delta_over_irt=0.0009, warmup(mf/personal)=0.20/1.00, graph_row_entropy=2.4666, graph_entropy_ratio=0.5126, alpha_mean=0.0000, alpha_std=0.0000, alpha_bias_std=0.0000, personal_row_entropy=0.0000, personal_matrix_delta=0.0000, personal_matrix_student_std=0.0000
2026-04-10 07:49:35,349 - INFO - [assist_09|assist_09_abce_ae_dominant_no_E|lr=0.0003|drop=0.20] [Diag][Graph] Epoch [001] | entropy_ratio=0.5126, diag_mass=0.1410, to_uniform_l2=0.025315, to_identity_l2=0.080902, tau_mean=0.9092, tau_std=0.0062, graph_reg_scale(train/val)=1.0000/1.0000
2026-04-10 07:49:35,349 - WARNING - [assist_09|assist_09_abce_ae_dominant_no_E|lr=0.0003|drop=0.20] [Diag Warning][B] B_q_share is low: B_q_share=0.3131, B_id_share=0.1646, B_bias_share=0.7039
2026-04-10 07:49:35,349 - INFO - [assist_09|assist_09_abce_ae_dominant_no_E|lr=0.0003|drop=0.20] [Grad Norms] Epoch [001] | mf_u_proj=0.000043, mf_v_proj=0.000045, b_id_student_proj=0.000323, b_id_item_proj=0.000304, b_bias_scale=0.000001, fusion_gate=0.000027, q_gate_raw=0.000001, skill_latent=0.001913, student_q_proj=0.000043, item_id_adapter=0.003259, relation_emb=1.040273e-07, relation_tau=3.927120e-10, relation_wq=4.565265e-08, relation_wk=3.998638e-08, personal_u=0.000000e+00, personal_v=0.000000e+00, personal_alpha_bias=0.000000e+00, personal_gate_emb=0.000000e+00, personal_gate_student_proj=0.000000e+00, personal_gate_context_proj=0.000000e+00, personal_gate_student_direct=0.000000e+00, personal_gate_context_direct=0.000000e+00, personal_gate_out=0.000000e+00, personal_generator_emb=0.000000e+00, personal_generator_context_proj=0.000000e+00, personal_generator_context_hidden=0.000000e+00, personal_generator_context_to_u=0.000000e+00, personal_generator_context_to_v=0.000000e+00
2026-04-10 07:49:35,581 - INFO - [assist_09|assist_09_abce_ae_dominant_no_E|lr=0.0003|drop=0.20] -> New best AUC=0.6781 at epoch 1
2026-04-10 07:50:21,073 - INFO - [assist_09|assist_09_abce_ae_dominant_no_E|lr=0.0003|drop=0.20] Epoch [002/100] | Train: Loss=0.5784, BCE=0.5694, Reg=0.0090, AUC=0.7201, ACC=0.7091, RMSE=0.4393 | Val: Loss=0.5688, BCE=0.5637, Reg=0.0051, AUC=0.7325, ACC=0.7115, RMSE=0.4369
2026-04-10 07:50:21,073 - INFO - [assist_09|assist_09_abce_ae_dominant_no_E|lr=0.0003|drop=0.20] [Reg Terms] Epoch [002] | Train: graph_entropy=0.000000, graph_diag=0.006039, graph_uniform=0.003006, graph_reg_scale=1.0000, mf_l2=0.000000, delta_ratio=0.000000, personal_sparse=0.000000, alpha_var=0.000000, alpha_collapse=0.000000, reg_bce_ratio=0.0159 | Val: graph_entropy=0.000000, graph_diag=0.002081, graph_uniform=0.003009, graph_reg_scale=1.0000, mf_l2=0.000000, delta_ratio=0.000000, personal_sparse=0.000000, alpha_var=0.000000, alpha_collapse=0.000000, reg_bce_ratio=0.0090
2026-04-10 07:50:21,239 - INFO - [assist_09|assist_09_abce_ae_dominant_no_E|lr=0.0003|drop=0.20] [Diag][M3] Epoch [002] | residual_abs_mean=0.0362, residual_std=0.0085, mf_abs_mean=0.0362, mf_std=0.0085, gate_mean=0.0925, gate_std=0.0203, q_interaction_abs_mean=0.0286, id_adapter_abs_mean=0.0105, bias_abs_mean=0.0641, B_q_share=0.3159, B_id_share=0.1156, B_bias_share=0.7077, student_q_norm=4.0939, student_id_adapter_norm=0.0661, item_q_norm=0.2500, item_id_adapter_norm=0.0375, irt_abs_mean=1.3089, irt_std=0.6497, delta_abs_mean=0.0034, delta_std=0.0011, delta_over_irt=0.0026, warmup(mf/personal)=0.40/1.00, graph_row_entropy=2.4831, graph_entropy_ratio=0.5160, alpha_mean=0.0000, alpha_std=0.0000, alpha_bias_std=0.0000, personal_row_entropy=0.0000, personal_matrix_delta=0.0000, personal_matrix_student_std=0.0000
2026-04-10 07:50:21,240 - INFO - [assist_09|assist_09_abce_ae_dominant_no_E|lr=0.0003|drop=0.20] [Diag][Graph] Epoch [002] | entropy_ratio=0.5160, diag_mass=0.0208, to_uniform_l2=0.024774, to_identity_l2=0.092041, tau_mean=0.5470, tau_std=0.0076, graph_reg_scale(train/val)=1.0000/1.0000
2026-04-10 07:50:21,240 - WARNING - [assist_09|assist_09_abce_ae_dominant_no_E|lr=0.0003|drop=0.20] [Diag Warning][B] B_q_share is low: B_q_share=0.3159, B_id_share=0.1156, B_bias_share=0.7077
2026-04-10 07:50:21,240 - INFO - [assist_09|assist_09_abce_ae_dominant_no_E|lr=0.0003|drop=0.20] [Grad Norms] Epoch [002] | mf_u_proj=0.000192, mf_v_proj=0.000217, b_id_student_proj=0.001002, b_id_item_proj=0.001005, b_bias_scale=0.000016, fusion_gate=0.000651, q_gate_raw=0.000000, skill_latent=0.005636, student_q_proj=0.000204, item_id_adapter=0.007376, relation_emb=1.437525e-13, relation_tau=5.088377e-04, relation_wq=1.953457e-14, relation_wk=6.982325e-15, personal_u=0.000000e+00, personal_v=0.000000e+00, personal_alpha_bias=0.000000e+00, personal_gate_emb=0.000000e+00, personal_gate_student_proj=0.000000e+00, personal_gate_context_proj=0.000000e+00, personal_gate_student_direct=0.000000e+00, personal_gate_context_direct=0.000000e+00, personal_gate_out=0.000000e+00, personal_generator_emb=0.000000e+00, personal_generator_context_proj=0.000000e+00, personal_generator_context_hidden=0.000000e+00, personal_generator_context_to_u=0.000000e+00, personal_generator_context_to_v=0.000000e+00
2026-04-10 07:50:21,614 - INFO - [assist_09|assist_09_abce_ae_dominant_no_E|lr=0.0003|drop=0.20] -> New best AUC=0.7325 at epoch 2
2026-04-10 07:51:06,656 - INFO - [assist_09|assist_09_abce_ae_dominant_no_E|lr=0.0003|drop=0.20] Epoch [003/100] | Train: Loss=0.5507, BCE=0.5466, Reg=0.0041, AUC=0.7503, ACC=0.7236, RMSE=0.4287 | Val: Loss=0.5618, BCE=0.5580, Reg=0.0038, AUC=0.7377, ACC=0.7158, RMSE=0.4342
2026-04-10 07:51:06,657 - INFO - [assist_09|assist_09_abce_ae_dominant_no_E|lr=0.0003|drop=0.20] [Reg Terms] Epoch [003] | Train: graph_entropy=0.000000, graph_diag=0.001107, graph_uniform=0.003009, graph_reg_scale=1.0000, mf_l2=0.000000, delta_ratio=0.000000, personal_sparse=0.000000, alpha_var=0.000000, alpha_collapse=0.000000, reg_bce_ratio=0.0075 | Val: graph_entropy=0.000000, graph_diag=0.000755, graph_uniform=0.003010, graph_reg_scale=1.0000, mf_l2=0.000000, delta_ratio=0.000000, personal_sparse=0.000000, alpha_var=0.000000, alpha_collapse=0.000000, reg_bce_ratio=0.0067
2026-04-10 07:51:06,818 - INFO - [assist_09|assist_09_abce_ae_dominant_no_E|lr=0.0003|drop=0.20] [Diag][M3] Epoch [003] | residual_abs_mean=0.0786, residual_std=0.0194, mf_abs_mean=0.0786, mf_std=0.0194, gate_mean=0.1956, gate_std=0.0684, q_interaction_abs_mean=0.0502, id_adapter_abs_mean=0.0164, bias_abs_mean=0.0854, B_q_share=0.3835, B_id_share=0.1252, B_bias_share=0.6523, student_q_norm=2.8297, student_id_adapter_norm=0.0799, item_q_norm=0.1651, item_id_adapter_norm=0.0472, irt_abs_mean=1.3361, irt_std=0.7012, delta_abs_mean=0.0157, delta_std=0.0073, delta_over_irt=0.0118, warmup(mf/personal)=0.60/1.00, graph_row_entropy=2.4838, graph_entropy_ratio=0.5162, alpha_mean=0.0000, alpha_std=0.0000, alpha_bias_std=0.0000, personal_row_entropy=0.0000, personal_matrix_delta=0.0000, personal_matrix_student_std=0.0000
2026-04-10 07:51:06,819 - INFO - [assist_09|assist_09_abce_ae_dominant_no_E|lr=0.0003|drop=0.20] [Diag][Graph] Epoch [003] | entropy_ratio=0.5162, diag_mass=0.0075, to_uniform_l2=0.024755, to_identity_l2=0.093200, tau_mean=0.4700, tau_std=0.0128, graph_reg_scale(train/val)=1.0000/1.0000
2026-04-10 07:51:06,819 - WARNING - [assist_09|assist_09_abce_ae_dominant_no_E|lr=0.0003|drop=0.20] [Diag Warning][B] B_q_share is low: B_q_share=0.3835, B_id_share=0.1252, B_bias_share=0.6523
2026-04-10 07:51:06,819 - INFO - [assist_09|assist_09_abce_ae_dominant_no_E|lr=0.0003|drop=0.20] [Grad Norms] Epoch [003] | mf_u_proj=0.000515, mf_v_proj=0.000653, b_id_student_proj=0.002977, b_id_item_proj=0.003054, b_bias_scale=0.000108, fusion_gate=0.000171, q_gate_raw=0.000000, skill_latent=0.011114, student_q_proj=0.000538, item_id_adapter=0.024338, relation_emb=0.000000e+00, relation_tau=2.810311e-04, relation_wq=0.000000e+00, relation_wk=0.000000e+00, personal_u=0.000000e+00, personal_v=0.000000e+00, personal_alpha_bias=0.000000e+00, personal_gate_emb=0.000000e+00, personal_gate_student_proj=0.000000e+00, personal_gate_context_proj=0.000000e+00, personal_gate_student_direct=0.000000e+00, personal_gate_context_direct=0.000000e+00, personal_gate_out=0.000000e+00, personal_generator_emb=0.000000e+00, personal_generator_context_proj=0.000000e+00, personal_generator_context_hidden=0.000000e+00, personal_generator_context_to_u=0.000000e+00, personal_generator_context_to_v=0.000000e+00
2026-04-10 07:51:07,241 - INFO - [assist_09|assist_09_abce_ae_dominant_no_E|lr=0.0003|drop=0.20] -> New best AUC=0.7377 at epoch 3
2026-04-10 07:51:53,185 - INFO - [assist_09|assist_09_abce_ae_dominant_no_E|lr=0.0003|drop=0.20] Epoch [004/100] | Train: Loss=0.5385, BCE=0.5351, Reg=0.0034, AUC=0.7641, ACC=0.7293, RMSE=0.4236 | Val: Loss=0.5581, BCE=0.5548, Reg=0.0033, AUC=0.7429, ACC=0.7185, RMSE=0.4327
2026-04-10 07:51:53,185 - INFO - [assist_09|assist_09_abce_ae_dominant_no_E|lr=0.0003|drop=0.20] [Reg Terms] Epoch [004] | Train: graph_entropy=0.000000, graph_diag=0.000350, graph_uniform=0.003010, graph_reg_scale=1.0000, mf_l2=0.000000, delta_ratio=0.000000, personal_sparse=0.000000, alpha_var=0.000000, alpha_collapse=0.000000, reg_bce_ratio=0.0063 | Val: graph_entropy=0.000000, graph_diag=0.000165, graph_uniform=0.003011, graph_reg_scale=1.0000, mf_l2=0.000000, delta_ratio=0.000000, personal_sparse=0.000000, alpha_var=0.000000, alpha_collapse=0.000000, reg_bce_ratio=0.0060
2026-04-10 07:51:53,324 - INFO - [assist_09|assist_09_abce_ae_dominant_no_E|lr=0.0003|drop=0.20] [Diag][M3] Epoch [004] | residual_abs_mean=0.1936, residual_std=0.0440, mf_abs_mean=0.1936, mf_std=0.0440, gate_mean=0.2737, gate_std=0.0744, q_interaction_abs_mean=0.0739, id_adapter_abs_mean=0.0350, bias_abs_mean=0.1762, B_q_share=0.3052, B_id_share=0.1448, B_bias_share=0.7281, student_q_norm=3.3641, student_id_adapter_norm=0.1163, item_q_norm=0.1175, item_id_adapter_norm=0.0702, irt_abs_mean=1.3107, irt_std=0.7433, delta_abs_mean=0.0538, delta_std=0.0200, delta_over_irt=0.0410, warmup(mf/personal)=0.80/1.00, graph_row_entropy=2.4847, graph_entropy_ratio=0.5163, alpha_mean=0.0000, alpha_std=0.0000, alpha_bias_std=0.0000, personal_row_entropy=0.0000, personal_matrix_delta=0.0000, personal_matrix_student_std=0.0000
2026-04-10 07:51:53,324 - INFO - [assist_09|assist_09_abce_ae_dominant_no_E|lr=0.0003|drop=0.20] [Diag][Graph] Epoch [004] | entropy_ratio=0.5163, diag_mass=0.0017, to_uniform_l2=0.024732, to_identity_l2=0.093707, tau_mean=0.4562, tau_std=0.0150, graph_reg_scale(train/val)=1.0000/1.0000
2026-04-10 07:51:53,325 - WARNING - [assist_09|assist_09_abce_ae_dominant_no_E|lr=0.0003|drop=0.20] [Diag Warning][B] B_q_share is low: B_q_share=0.3052, B_id_share=0.1448, B_bias_share=0.7281
2026-04-10 07:51:53,325 - INFO - [assist_09|assist_09_abce_ae_dominant_no_E|lr=0.0003|drop=0.20] [Grad Norms] Epoch [004] | mf_u_proj=0.000480, mf_v_proj=0.000576, b_id_student_proj=0.005569, b_id_item_proj=0.005839, b_bias_scale=0.000570, fusion_gate=0.001082, q_gate_raw=0.000000, skill_latent=0.022309, student_q_proj=0.000504, item_id_adapter=0.039557, relation_emb=0.000000e+00, relation_tau=6.881372e-05, relation_wq=0.000000e+00, relation_wk=0.000000e+00, personal_u=0.000000e+00, personal_v=0.000000e+00, personal_alpha_bias=0.000000e+00, personal_gate_emb=0.000000e+00, personal_gate_student_proj=0.000000e+00, personal_gate_context_proj=0.000000e+00, personal_gate_student_direct=0.000000e+00, personal_gate_context_direct=0.000000e+00, personal_gate_out=0.000000e+00, personal_generator_emb=0.000000e+00, personal_generator_context_proj=0.000000e+00, personal_generator_context_hidden=0.000000e+00, personal_generator_context_to_u=0.000000e+00, personal_generator_context_to_v=0.000000e+00
2026-04-10 07:51:53,752 - INFO - [assist_09|assist_09_abce_ae_dominant_no_E|lr=0.0003|drop=0.20] -> New best AUC=0.7429 at epoch 4
2026-04-10 07:52:37,158 - INFO - [assist_09|assist_09_abce_ae_dominant_no_E|lr=0.0003|drop=0.20] Epoch [005/100] | Train: Loss=0.5250, BCE=0.5219, Reg=0.0031, AUC=0.7799, ACC=0.7371, RMSE=0.4176 | Val: Loss=0.5541, BCE=0.5507, Reg=0.0034, AUC=0.7493, ACC=0.7228, RMSE=0.4307
2026-04-10 07:52:37,158 - INFO - [assist_09|assist_09_abce_ae_dominant_no_E|lr=0.0003|drop=0.20] [Reg Terms] Epoch [005] | Train: graph_entropy=0.000000, graph_diag=0.000054, graph_uniform=0.003011, graph_reg_scale=1.0000, mf_l2=0.000000, delta_ratio=0.000004, personal_sparse=0.000000, alpha_var=0.000000, alpha_collapse=0.000000, reg_bce_ratio=0.0060 | Val: graph_entropy=0.000000, graph_diag=0.000000, graph_uniform=0.003011, graph_reg_scale=1.0000, mf_l2=0.000000, delta_ratio=0.000247, personal_sparse=0.000000, alpha_var=0.000000, alpha_collapse=0.000000, reg_bce_ratio=0.0062
2026-04-10 07:52:37,308 - INFO - [assist_09|assist_09_abce_ae_dominant_no_E|lr=0.0003|drop=0.20] [Diag][M3] Epoch [005] | residual_abs_mean=0.3972, residual_std=0.1023, mf_abs_mean=0.3972, mf_std=0.1023, gate_mean=0.3152, gate_std=0.0438, q_interaction_abs_mean=0.0875, id_adapter_abs_mean=0.0558, bias_abs_mean=0.3172, B_q_share=0.2203, B_id_share=0.1405, B_bias_share=0.7986, student_q_norm=3.1504, student_id_adapter_norm=0.1511, item_q_norm=0.0941, item_id_adapter_norm=0.0935, irt_abs_mean=1.3634, irt_std=0.7356, delta_abs_mean=0.1271, delta_std=0.0408, delta_over_irt=0.0932, warmup(mf/personal)=1.00/1.00, graph_row_entropy=2.4849, graph_entropy_ratio=0.5164, alpha_mean=0.0000, alpha_std=0.0000, alpha_bias_std=0.0000, personal_row_entropy=0.0000, personal_matrix_delta=0.0000, personal_matrix_student_std=0.0000
2026-04-10 07:52:37,308 - INFO - [assist_09|assist_09_abce_ae_dominant_no_E|lr=0.0003|drop=0.20] [Diag][Graph] Epoch [005] | entropy_ratio=0.5164, diag_mass=0.0000, to_uniform_l2=0.024728, to_identity_l2=0.093849, tau_mean=0.4632, tau_std=0.0154, graph_reg_scale(train/val)=1.0000/1.0000
2026-04-10 07:52:37,308 - WARNING - [assist_09|assist_09_abce_ae_dominant_no_E|lr=0.0003|drop=0.20] [Diag Warning][B] B_q_share is low: B_q_share=0.2203, B_id_share=0.1405, B_bias_share=0.7986
2026-04-10 07:52:37,309 - INFO - [assist_09|assist_09_abce_ae_dominant_no_E|lr=0.0003|drop=0.20] [Grad Norms] Epoch [005] | mf_u_proj=0.000541, mf_v_proj=0.000837, b_id_student_proj=0.016114, b_id_item_proj=0.017206, b_bias_scale=0.002368, fusion_gate=0.001934, q_gate_raw=0.000002, skill_latent=0.069008, student_q_proj=0.000660, item_id_adapter=0.112066, relation_emb=0.000000e+00, relation_tau=3.304949e-05, relation_wq=0.000000e+00, relation_wk=0.000000e+00, personal_u=0.000000e+00, personal_v=0.000000e+00, personal_alpha_bias=0.000000e+00, personal_gate_emb=0.000000e+00, personal_gate_student_proj=0.000000e+00, personal_gate_context_proj=0.000000e+00, personal_gate_student_direct=0.000000e+00, personal_gate_context_direct=0.000000e+00, personal_gate_out=0.000000e+00, personal_generator_emb=0.000000e+00, personal_generator_context_proj=0.000000e+00, personal_generator_context_hidden=0.000000e+00, personal_generator_context_to_u=0.000000e+00, personal_generator_context_to_v=0.000000e+00
2026-04-10 07:52:37,787 - INFO - [assist_09|assist_09_abce_ae_dominant_no_E|lr=0.0003|drop=0.20] -> New best AUC=0.7493 at epoch 5
2026-04-10 07:53:22,391 - INFO - [assist_09|assist_09_abce_ae_dominant_no_E|lr=0.0003|drop=0.20] Epoch [006/100] | Train: Loss=0.5128, BCE=0.5095, Reg=0.0033, AUC=0.7935, ACC=0.7445, RMSE=0.4119 | Val: Loss=0.5518, BCE=0.5482, Reg=0.0036, AUC=0.7520, ACC=0.7242, RMSE=0.4293
2026-04-10 07:53:22,391 - INFO - [assist_09|assist_09_abce_ae_dominant_no_E|lr=0.0003|drop=0.20] [Reg Terms] Epoch [006] | Train: graph_entropy=0.000000, graph_diag=0.000011, graph_uniform=0.003011, graph_reg_scale=1.0000, mf_l2=0.000000, delta_ratio=0.000151, personal_sparse=0.000000, alpha_var=0.000000, alpha_collapse=0.000000, reg_bce_ratio=0.0066 | Val: graph_entropy=0.000000, graph_diag=0.000000, graph_uniform=0.003011, graph_reg_scale=1.0000, mf_l2=0.000000, delta_ratio=0.000470, personal_sparse=0.000000, alpha_var=0.000000, alpha_collapse=0.000000, reg_bce_ratio=0.0066
2026-04-10 07:53:22,549 - INFO - [assist_09|assist_09_abce_ae_dominant_no_E|lr=0.0003|drop=0.20] [Diag][M3] Epoch [006] | residual_abs_mean=0.4314, residual_std=0.1283, mf_abs_mean=0.4314, mf_std=0.1283, gate_mean=0.3110, gate_std=0.0465, q_interaction_abs_mean=0.0846, id_adapter_abs_mean=0.0640, bias_abs_mean=0.3670, B_q_share=0.1961, B_id_share=0.1484, B_bias_share=0.8506, student_q_norm=2.8627, student_id_adapter_norm=0.1717, item_q_norm=0.0842, item_id_adapter_norm=0.1092, irt_abs_mean=1.3846, irt_std=0.7696, delta_abs_mean=0.1371, delta_std=0.0496, delta_over_irt=0.0991, warmup(mf/personal)=1.00/1.00, graph_row_entropy=2.4849, graph_entropy_ratio=0.5164, alpha_mean=0.0000, alpha_std=0.0000, alpha_bias_std=0.0000, personal_row_entropy=0.0000, personal_matrix_delta=0.0000, personal_matrix_student_std=0.0000
2026-04-10 07:53:22,549 - INFO - [assist_09|assist_09_abce_ae_dominant_no_E|lr=0.0003|drop=0.20] [Diag][Graph] Epoch [006] | entropy_ratio=0.5164, diag_mass=0.0000, to_uniform_l2=0.024727, to_identity_l2=0.093849, tau_mean=0.4805, tau_std=0.0157, graph_reg_scale(train/val)=1.0000/1.0000
2026-04-10 07:53:22,549 - WARNING - [assist_09|assist_09_abce_ae_dominant_no_E|lr=0.0003|drop=0.20] [Diag Warning][B] B_q_share is low: B_q_share=0.1961, B_id_share=0.1484, B_bias_share=0.8506
2026-04-10 07:53:22,549 - INFO - [assist_09|assist_09_abce_ae_dominant_no_E|lr=0.0003|drop=0.20] [Grad Norms] Epoch [006] | mf_u_proj=0.000707, mf_v_proj=0.001072, b_id_student_proj=0.012842, b_id_item_proj=0.013621, b_bias_scale=0.000877, fusion_gate=0.000615, q_gate_raw=0.000001, skill_latent=0.045422, student_q_proj=0.000943, item_id_adapter=0.080510, relation_emb=0.000000e+00, relation_tau=3.962435e-05, relation_wq=0.000000e+00, relation_wk=0.000000e+00, personal_u=0.000000e+00, personal_v=0.000000e+00, personal_alpha_bias=0.000000e+00, personal_gate_emb=0.000000e+00, personal_gate_student_proj=0.000000e+00, personal_gate_context_proj=0.000000e+00, personal_gate_student_direct=0.000000e+00, personal_gate_context_direct=0.000000e+00, personal_gate_out=0.000000e+00, personal_generator_emb=0.000000e+00, personal_generator_context_proj=0.000000e+00, personal_generator_context_hidden=0.000000e+00, personal_generator_context_to_u=0.000000e+00, personal_generator_context_to_v=0.000000e+00
2026-04-10 07:53:22,975 - INFO - [assist_09|assist_09_abce_ae_dominant_no_E|lr=0.0003|drop=0.20] -> New best AUC=0.7520 at epoch 6
2026-04-10 07:54:07,110 - INFO - [assist_09|assist_09_abce_ae_dominant_no_E|lr=0.0003|drop=0.20] Epoch [007/100] | Train: Loss=0.5033, BCE=0.4996, Reg=0.0037, AUC=0.8038, ACC=0.7509, RMSE=0.4074 | Val: Loss=0.5505, BCE=0.5470, Reg=0.0036, AUC=0.7550, ACC=0.7238, RMSE=0.4287
2026-04-10 07:54:07,111 - INFO - [assist_09|assist_09_abce_ae_dominant_no_E|lr=0.0003|drop=0.20] [Reg Terms] Epoch [007] | Train: graph_entropy=0.000000, graph_diag=0.000000, graph_uniform=0.003011, graph_reg_scale=1.0000, mf_l2=0.000000, delta_ratio=0.000329, personal_sparse=0.000000, alpha_var=0.000000, alpha_collapse=0.000000, reg_bce_ratio=0.0074 | Val: graph_entropy=0.000000, graph_diag=0.000000, graph_uniform=0.003011, graph_reg_scale=1.0000, mf_l2=0.000000, delta_ratio=0.000521, personal_sparse=0.000000, alpha_var=0.000000, alpha_collapse=0.000000, reg_bce_ratio=0.0065
2026-04-10 07:54:07,263 - INFO - [assist_09|assist_09_abce_ae_dominant_no_E|lr=0.0003|drop=0.20] [Diag][M3] Epoch [007] | residual_abs_mean=0.4806, residual_std=0.1521, mf_abs_mean=0.4806, mf_std=0.1521, gate_mean=0.2970, gate_std=0.0534, q_interaction_abs_mean=0.0764, id_adapter_abs_mean=0.0703, bias_abs_mean=0.4198, B_q_share=0.1589, B_id_share=0.1463, B_bias_share=0.8736, student_q_norm=3.0514, student_id_adapter_norm=0.1881, item_q_norm=0.0888, item_id_adapter_norm=0.1210, irt_abs_mean=1.4058, irt_std=0.7793, delta_abs_mean=0.1475, delta_std=0.0588, delta_over_irt=0.1049, warmup(mf/personal)=1.00/1.00, graph_row_entropy=2.4849, graph_entropy_ratio=0.5164, alpha_mean=0.0000, alpha_std=0.0000, alpha_bias_std=0.0000, personal_row_entropy=0.0000, personal_matrix_delta=0.0000, personal_matrix_student_std=0.0000
2026-04-10 07:54:07,264 - INFO - [assist_09|assist_09_abce_ae_dominant_no_E|lr=0.0003|drop=0.20] [Diag][Graph] Epoch [007] | entropy_ratio=0.5164, diag_mass=0.0000, to_uniform_l2=0.024727, to_identity_l2=0.093849, tau_mean=0.5123, tau_std=0.0169, graph_reg_scale(train/val)=1.0000/1.0000
2026-04-10 07:54:07,264 - WARNING - [assist_09|assist_09_abce_ae_dominant_no_E|lr=0.0003|drop=0.20] [Diag Warning][B] B_q_share is low: B_q_share=0.1589, B_id_share=0.1463, B_bias_share=0.8736
2026-04-10 07:54:07,264 - INFO - [assist_09|assist_09_abce_ae_dominant_no_E|lr=0.0003|drop=0.20] [Grad Norms] Epoch [007] | mf_u_proj=0.001593, mf_v_proj=0.001749, b_id_student_proj=0.012974, b_id_item_proj=0.013694, b_bias_scale=0.000533, fusion_gate=0.001320, q_gate_raw=0.000001, skill_latent=0.042957, student_q_proj=0.003197, item_id_adapter=0.093350, relation_emb=0.000000e+00, relation_tau=1.992741e-05, relation_wq=0.000000e+00, relation_wk=0.000000e+00, personal_u=0.000000e+00, personal_v=0.000000e+00, personal_alpha_bias=0.000000e+00, personal_gate_emb=0.000000e+00, personal_gate_student_proj=0.000000e+00, personal_gate_context_proj=0.000000e+00, personal_gate_student_direct=0.000000e+00, personal_gate_context_direct=0.000000e+00, personal_gate_out=0.000000e+00, personal_generator_emb=0.000000e+00, personal_generator_context_proj=0.000000e+00, personal_generator_context_hidden=0.000000e+00, personal_generator_context_to_u=0.000000e+00, personal_generator_context_to_v=0.000000e+00
2026-04-10 07:54:07,696 - INFO - [assist_09|assist_09_abce_ae_dominant_no_E|lr=0.0003|drop=0.20] -> New best AUC=0.7550 at epoch 7
2026-04-10 07:54:52,506 - INFO - [assist_09|assist_09_abce_ae_dominant_no_E|lr=0.0003|drop=0.20] Epoch [008/100] | Train: Loss=0.4950, BCE=0.4911, Reg=0.0040, AUC=0.8127, ACC=0.7553, RMSE=0.4035 | Val: Loss=0.5497, BCE=0.5461, Reg=0.0036, AUC=0.7566, ACC=0.7266, RMSE=0.4281
2026-04-10 07:54:52,507 - INFO - [assist_09|assist_09_abce_ae_dominant_no_E|lr=0.0003|drop=0.20] [Reg Terms] Epoch [008] | Train: graph_entropy=0.000000, graph_diag=0.000000, graph_uniform=0.003011, graph_reg_scale=1.0000, mf_l2=0.000000, delta_ratio=0.000532, personal_sparse=0.000000, alpha_var=0.000000, alpha_collapse=0.000000, reg_bce_ratio=0.0081 | Val: graph_entropy=0.000000, graph_diag=0.000000, graph_uniform=0.003011, graph_reg_scale=1.0000, mf_l2=0.000000, delta_ratio=0.000548, personal_sparse=0.000000, alpha_var=0.000000, alpha_collapse=0.000000, reg_bce_ratio=0.0066
2026-04-10 07:54:52,674 - INFO - [assist_09|assist_09_abce_ae_dominant_no_E|lr=0.0003|drop=0.20] [Diag][M3] Epoch [008] | residual_abs_mean=0.5274, residual_std=0.1818, mf_abs_mean=0.5274, mf_std=0.1818, gate_mean=0.2684, gate_std=0.0593, q_interaction_abs_mean=0.0601, id_adapter_abs_mean=0.0764, bias_abs_mean=0.4850, B_q_share=0.1139, B_id_share=0.1449, B_bias_share=0.9196, student_q_norm=2.5342, student_id_adapter_norm=0.2001, item_q_norm=0.0960, item_id_adapter_norm=0.1306, irt_abs_mean=1.5144, irt_std=0.8399, delta_abs_mean=0.1495, delta_std=0.0705, delta_over_irt=0.0987, warmup(mf/personal)=1.00/1.00, graph_row_entropy=2.4849, graph_entropy_ratio=0.5164, alpha_mean=0.0000, alpha_std=0.0000, alpha_bias_std=0.0000, personal_row_entropy=0.0000, personal_matrix_delta=0.0000, personal_matrix_student_std=0.0000
2026-04-10 07:54:52,675 - INFO - [assist_09|assist_09_abce_ae_dominant_no_E|lr=0.0003|drop=0.20] [Diag][Graph] Epoch [008] | entropy_ratio=0.5164, diag_mass=0.0000, to_uniform_l2=0.024727, to_identity_l2=0.093849, tau_mean=0.5637, tau_std=0.0176, graph_reg_scale(train/val)=1.0000/1.0000
2026-04-10 07:54:52,675 - WARNING - [assist_09|assist_09_abce_ae_dominant_no_E|lr=0.0003|drop=0.20] [Diag Warning][B] B_q_share is low: B_q_share=0.1139, B_id_share=0.1449, B_bias_share=0.9196
2026-04-10 07:54:52,675 - INFO - [assist_09|assist_09_abce_ae_dominant_no_E|lr=0.0003|drop=0.20] [Grad Norms] Epoch [008] | mf_u_proj=0.002073, mf_v_proj=0.003130, b_id_student_proj=0.016763, b_id_item_proj=0.016575, b_bias_scale=0.003540, fusion_gate=0.005616, q_gate_raw=0.000001, skill_latent=0.054776, student_q_proj=0.004545, item_id_adapter=0.090227, relation_emb=0.000000e+00, relation_tau=2.696185e-06, relation_wq=0.000000e+00, relation_wk=0.000000e+00, personal_u=0.000000e+00, personal_v=0.000000e+00, personal_alpha_bias=0.000000e+00, personal_gate_emb=0.000000e+00, personal_gate_student_proj=0.000000e+00, personal_gate_context_proj=0.000000e+00, personal_gate_student_direct=0.000000e+00, personal_gate_context_direct=0.000000e+00, personal_gate_out=0.000000e+00, personal_generator_emb=0.000000e+00, personal_generator_context_proj=0.000000e+00, personal_generator_context_hidden=0.000000e+00, personal_generator_context_to_u=0.000000e+00, personal_generator_context_to_v=0.000000e+00
2026-04-10 07:54:53,142 - INFO - [assist_09|assist_09_abce_ae_dominant_no_E|lr=0.0003|drop=0.20] -> New best AUC=0.7566 at epoch 8
2026-04-10 07:55:38,601 - INFO - [assist_09|assist_09_abce_ae_dominant_no_E|lr=0.0003|drop=0.20] Epoch [009/100] | Train: Loss=0.4871, BCE=0.4828, Reg=0.0043, AUC=0.8210, ACC=0.7594, RMSE=0.3998 | Val: Loss=0.5489, BCE=0.5451, Reg=0.0038, AUC=0.7592, ACC=0.7267, RMSE=0.4273
2026-04-10 07:55:38,601 - INFO - [assist_09|assist_09_abce_ae_dominant_no_E|lr=0.0003|drop=0.20] [Reg Terms] Epoch [009] | Train: graph_entropy=0.000000, graph_diag=0.000000, graph_uniform=0.003011, graph_reg_scale=1.0000, mf_l2=0.000000, delta_ratio=0.000800, personal_sparse=0.000000, alpha_var=0.000000, alpha_collapse=0.000000, reg_bce_ratio=0.0088 | Val: graph_entropy=0.000000, graph_diag=0.000000, graph_uniform=0.003011, graph_reg_scale=1.0000, mf_l2=0.000000, delta_ratio=0.000736, personal_sparse=0.000000, alpha_var=0.000000, alpha_collapse=0.000000, reg_bce_ratio=0.0070
2026-04-10 07:55:38,792 - INFO - [assist_09|assist_09_abce_ae_dominant_no_E|lr=0.0003|drop=0.20] [Diag][M3] Epoch [009] | residual_abs_mean=0.6001, residual_std=0.2049, mf_abs_mean=0.6001, mf_std=0.2049, gate_mean=0.2163, gate_std=0.0654, q_interaction_abs_mean=0.0679, id_adapter_abs_mean=0.0909, bias_abs_mean=0.5609, B_q_share=0.1132, B_id_share=0.1515, B_bias_share=0.9347, student_q_norm=2.4600, student_id_adapter_norm=0.2115, item_q_norm=0.0970, item_id_adapter_norm=0.1377, irt_abs_mean=1.5121, irt_std=0.8901, delta_abs_mean=0.1426, delta_std=0.0820, delta_over_irt=0.0943, warmup(mf/personal)=1.00/1.00, graph_row_entropy=2.4849, graph_entropy_ratio=0.5164, alpha_mean=0.0000, alpha_std=0.0000, alpha_bias_std=0.0000, personal_row_entropy=0.0000, personal_matrix_delta=0.0000, personal_matrix_student_std=0.0000
2026-04-10 07:55:38,793 - INFO - [assist_09|assist_09_abce_ae_dominant_no_E|lr=0.0003|drop=0.20] [Diag][Graph] Epoch [009] | entropy_ratio=0.5164, diag_mass=0.0000, to_uniform_l2=0.024727, to_identity_l2=0.093849, tau_mean=0.6280, tau_std=0.0147, graph_reg_scale(train/val)=1.0000/1.0000
2026-04-10 07:55:38,793 - WARNING - [assist_09|assist_09_abce_ae_dominant_no_E|lr=0.0003|drop=0.20] [Diag Warning][B] B_q_share is low: B_q_share=0.1132, B_id_share=0.1515, B_bias_share=0.9347
2026-04-10 07:55:38,793 - INFO - [assist_09|assist_09_abce_ae_dominant_no_E|lr=0.0003|drop=0.20] [Grad Norms] Epoch [009] | mf_u_proj=0.001892, mf_v_proj=0.002338, b_id_student_proj=0.019192, b_id_item_proj=0.019260, b_bias_scale=0.003528, fusion_gate=0.004362, q_gate_raw=0.000001, skill_latent=0.058369, student_q_proj=0.006552, item_id_adapter=0.092729, relation_emb=0.000000e+00, relation_tau=3.191051e-07, relation_wq=0.000000e+00, relation_wk=0.000000e+00, personal_u=0.000000e+00, personal_v=0.000000e+00, personal_alpha_bias=0.000000e+00, personal_gate_emb=0.000000e+00, personal_gate_student_proj=0.000000e+00, personal_gate_context_proj=0.000000e+00, personal_gate_student_direct=0.000000e+00, personal_gate_context_direct=0.000000e+00, personal_gate_out=0.000000e+00, personal_generator_emb=0.000000e+00, personal_generator_context_proj=0.000000e+00, personal_generator_context_hidden=0.000000e+00, personal_generator_context_to_u=0.000000e+00, personal_generator_context_to_v=0.000000e+00
2026-04-10 07:55:39,244 - INFO - [assist_09|assist_09_abce_ae_dominant_no_E|lr=0.0003|drop=0.20] -> New best AUC=0.7592 at epoch 9
2026-04-10 07:56:25,523 - INFO - [assist_09|assist_09_abce_ae_dominant_no_E|lr=0.0003|drop=0.20] Epoch [010/100] | Train: Loss=0.4804, BCE=0.4757, Reg=0.0047, AUC=0.8274, ACC=0.7633, RMSE=0.3965 | Val: Loss=0.5490, BCE=0.5452, Reg=0.0038, AUC=0.7606, ACC=0.7278, RMSE=0.4271
2026-04-10 07:56:25,524 - INFO - [assist_09|assist_09_abce_ae_dominant_no_E|lr=0.0003|drop=0.20] [Reg Terms] Epoch [010] | Train: graph_entropy=0.000000, graph_diag=0.000000, graph_uniform=0.003011, graph_reg_scale=1.0000, mf_l2=0.000000, delta_ratio=0.001129, personal_sparse=0.000000, alpha_var=0.000000, alpha_collapse=0.000000, reg_bce_ratio=0.0098 | Val: graph_entropy=0.000000, graph_diag=0.000000, graph_uniform=0.003011, graph_reg_scale=1.0000, mf_l2=0.000000, delta_ratio=0.000698, personal_sparse=0.000000, alpha_var=0.000000, alpha_collapse=0.000000, reg_bce_ratio=0.0069
2026-04-10 07:56:25,675 - INFO - [assist_09|assist_09_abce_ae_dominant_no_E|lr=0.0003|drop=0.20] [Diag][M3] Epoch [010] | residual_abs_mean=0.6703, residual_std=0.2280, mf_abs_mean=0.6703, mf_std=0.2280, gate_mean=0.1553, gate_std=0.0790, q_interaction_abs_mean=0.0906, id_adapter_abs_mean=0.1049, bias_abs_mean=0.6258, B_q_share=0.1351, B_id_share=0.1565, B_bias_share=0.9335, student_q_norm=2.5943, student_id_adapter_norm=0.2226, item_q_norm=0.0951, item_id_adapter_norm=0.1439, irt_abs_mean=1.5453, irt_std=0.9304, delta_abs_mean=0.1194, delta_std=0.0899, delta_over_irt=0.0773, warmup(mf/personal)=1.00/1.00, graph_row_entropy=2.4849, graph_entropy_ratio=0.5164, alpha_mean=0.0000, alpha_std=0.0000, alpha_bias_std=0.0000, personal_row_entropy=0.0000, personal_matrix_delta=0.0000, personal_matrix_student_std=0.0000
2026-04-10 07:56:25,676 - INFO - [assist_09|assist_09_abce_ae_dominant_no_E|lr=0.0003|drop=0.20] [Diag][Graph] Epoch [010] | entropy_ratio=0.5164, diag_mass=0.0000, to_uniform_l2=0.024727, to_identity_l2=0.093849, tau_mean=0.6772, tau_std=0.0066, graph_reg_scale(train/val)=1.0000/1.0000
2026-04-10 07:56:25,676 - WARNING - [assist_09|assist_09_abce_ae_dominant_no_E|lr=0.0003|drop=0.20] [Diag Warning][B] B_q_share is low: B_q_share=0.1351, B_id_share=0.1565, B_bias_share=0.9335
2026-04-10 07:56:25,676 - INFO - [assist_09|assist_09_abce_ae_dominant_no_E|lr=0.0003|drop=0.20] [Grad Norms] Epoch [010] | mf_u_proj=0.002891, mf_v_proj=0.002505, b_id_student_proj=0.018689, b_id_item_proj=0.019429, b_bias_scale=0.000632, fusion_gate=0.003603, q_gate_raw=0.000001, skill_latent=0.052306, student_q_proj=0.009703, item_id_adapter=0.087146, relation_emb=0.000000e+00, relation_tau=2.664448e-09, relation_wq=0.000000e+00, relation_wk=0.000000e+00, personal_u=0.000000e+00, personal_v=0.000000e+00, personal_alpha_bias=0.000000e+00, personal_gate_emb=0.000000e+00, personal_gate_student_proj=0.000000e+00, personal_gate_context_proj=0.000000e+00, personal_gate_student_direct=0.000000e+00, personal_gate_context_direct=0.000000e+00, personal_gate_out=0.000000e+00, personal_generator_emb=0.000000e+00, personal_generator_context_proj=0.000000e+00, personal_generator_context_hidden=0.000000e+00, personal_generator_context_to_u=0.000000e+00, personal_generator_context_to_v=0.000000e+00
2026-04-10 07:56:26,102 - INFO - [assist_09|assist_09_abce_ae_dominant_no_E|lr=0.0003|drop=0.20] -> New best AUC=0.7606 at epoch 10
2026-04-10 07:56:26,184 - INFO - [assist_09|assist_09_abce_ae_dominant_no_E|lr=0.0003|drop=0.20] Checkpoint saved: checkpoints/abce_diag/20260410_072301/assist_09/seed42/ae_dominant_no_E/checkpoint_epoch_10.pth
2026-04-10 07:56:26,365 - INFO - [assist_09|assist_09_abce_ae_dominant_no_E|lr=0.0003|drop=0.20] [Module Activity] Epoch 10: Graph[OK] MF[OK]
2026-04-10 07:57:11,536 - INFO - [assist_09|assist_09_abce_ae_dominant_no_E|lr=0.0003|drop=0.20] Epoch [011/100] | Train: Loss=0.4737, BCE=0.4686, Reg=0.0051, AUC=0.8342, ACC=0.7677, RMSE=0.3931 | Val: Loss=0.5495, BCE=0.5456, Reg=0.0039, AUC=0.7614, ACC=0.7286, RMSE=0.4270
2026-04-10 07:57:11,536 - INFO - [assist_09|assist_09_abce_ae_dominant_no_E|lr=0.0003|drop=0.20] [Reg Terms] Epoch [011] | Train: graph_entropy=0.000000, graph_diag=0.000000, graph_uniform=0.003011, graph_reg_scale=1.0000, mf_l2=0.000000, delta_ratio=0.001449, personal_sparse=0.000000, alpha_var=0.000000, alpha_collapse=0.000000, reg_bce_ratio=0.0108 | Val: graph_entropy=0.000000, graph_diag=0.000000, graph_uniform=0.003011, graph_reg_scale=1.0000, mf_l2=0.000000, delta_ratio=0.000739, personal_sparse=0.000000, alpha_var=0.000000, alpha_collapse=0.000000, reg_bce_ratio=0.0071
2026-04-10 07:57:11,705 - INFO - [assist_09|assist_09_abce_ae_dominant_no_E|lr=0.0003|drop=0.20] [Diag][M3] Epoch [011] | residual_abs_mean=0.7647, residual_std=0.2470, mf_abs_mean=0.7647, mf_std=0.2470, gate_mean=0.1195, gate_std=0.0861, q_interaction_abs_mean=0.1087, id_adapter_abs_mean=0.1182, bias_abs_mean=0.7173, B_q_share=0.1421, B_id_share=0.1546, B_bias_share=0.9381, student_q_norm=2.6930, student_id_adapter_norm=0.2320, item_q_norm=0.0933, item_id_adapter_norm=0.1517, irt_abs_mean=1.6332, irt_std=0.9626, delta_abs_mean=0.1059, delta_std=0.0981, delta_over_irt=0.0648, warmup(mf/personal)=1.00/1.00, graph_row_entropy=2.4849, graph_entropy_ratio=0.5164, alpha_mean=0.0000, alpha_std=0.0000, alpha_bias_std=0.0000, personal_row_entropy=0.0000, personal_matrix_delta=0.0000, personal_matrix_student_std=0.0000
2026-04-10 07:57:11,705 - INFO - [assist_09|assist_09_abce_ae_dominant_no_E|lr=0.0003|drop=0.20] [Diag][Graph] Epoch [011] | entropy_ratio=0.5164, diag_mass=0.0000, to_uniform_l2=0.024727, to_identity_l2=0.093849, tau_mean=0.6923, tau_std=0.0006, graph_reg_scale(train/val)=1.0000/1.0000
2026-04-10 07:57:11,705 - WARNING - [assist_09|assist_09_abce_ae_dominant_no_E|lr=0.0003|drop=0.20] [Diag Warning][B] B_q_share is low: B_q_share=0.1421, B_id_share=0.1546, B_bias_share=0.9381
2026-04-10 07:57:11,705 - WARNING - [assist_09|assist_09_abce_ae_dominant_no_E|lr=0.0003|drop=0.20] [Diag Warning][Graph] graph-related grad norms are near zero for 2 epoch(s): relation_emb=0.000000e+00, relation_tau=4.447495e-10, relation_wq=0.000000e+00, relation_wk=0.000000e+00, personal_u=0.000000e+00, personal_v=0.000000e+00, personal_alpha_bias=0.000000e+00, personal_gate_emb=0.000000e+00, personal_gate_student_proj=0.000000e+00, personal_gate_context_proj=0.000000e+00, personal_gate_student_direct=0.000000e+00, personal_gate_context_direct=0.000000e+00, personal_gate_out=0.000000e+00, personal_generator_emb=0.000000e+00, personal_generator_context_proj=0.000000e+00, personal_generator_context_hidden=0.000000e+00, personal_generator_context_to_u=0.000000e+00, personal_generator_context_to_v=0.000000e+00
2026-04-10 07:57:11,706 - INFO - [assist_09|assist_09_abce_ae_dominant_no_E|lr=0.0003|drop=0.20] [Grad Norms] Epoch [011] | mf_u_proj=0.001643, mf_v_proj=0.002436, b_id_student_proj=0.022399, b_id_item_proj=0.022427, b_bias_scale=0.000646, fusion_gate=0.002357, q_gate_raw=0.000001, skill_latent=0.062839, student_q_proj=0.002172, item_id_adapter=0.084212, relation_emb=0.000000e+00, relation_tau=4.447495e-10, relation_wq=0.000000e+00, relation_wk=0.000000e+00, personal_u=0.000000e+00, personal_v=0.000000e+00, personal_alpha_bias=0.000000e+00, personal_gate_emb=0.000000e+00, personal_gate_student_proj=0.000000e+00, personal_gate_context_proj=0.000000e+00, personal_gate_student_direct=0.000000e+00, personal_gate_context_direct=0.000000e+00, personal_gate_out=0.000000e+00, personal_generator_emb=0.000000e+00, personal_generator_context_proj=0.000000e+00, personal_generator_context_hidden=0.000000e+00, personal_generator_context_to_u=0.000000e+00, personal_generator_context_to_v=0.000000e+00
2026-04-10 07:57:12,159 - INFO - [assist_09|assist_09_abce_ae_dominant_no_E|lr=0.0003|drop=0.20] -> New best AUC=0.7614 at epoch 11
2026-04-10 07:57:58,171 - INFO - [assist_09|assist_09_abce_ae_dominant_no_E|lr=0.0003|drop=0.20] Epoch [012/100] | Train: Loss=0.4679, BCE=0.4624, Reg=0.0056, AUC=0.8400, ACC=0.7718, RMSE=0.3902 | Val: Loss=0.5501, BCE=0.5462, Reg=0.0038, AUC=0.7624, ACC=0.7296, RMSE=0.4269
2026-04-10 07:57:58,171 - INFO - [assist_09|assist_09_abce_ae_dominant_no_E|lr=0.0003|drop=0.20] [Reg Terms] Epoch [012] | Train: graph_entropy=0.000000, graph_diag=0.000000, graph_uniform=0.003011, graph_reg_scale=1.0000, mf_l2=0.000000, delta_ratio=0.001753, personal_sparse=0.000000, alpha_var=0.000000, alpha_collapse=0.000000, reg_bce_ratio=0.0120 | Val: graph_entropy=0.000000, graph_diag=0.000000, graph_uniform=0.003011, graph_reg_scale=1.0000, mf_l2=0.000000, delta_ratio=0.000620, personal_sparse=0.000000, alpha_var=0.000000, alpha_collapse=0.000000, reg_bce_ratio=0.0070
2026-04-10 07:57:58,331 - INFO - [assist_09|assist_09_abce_ae_dominant_no_E|lr=0.0003|drop=0.20] [Diag][M3] Epoch [012] | residual_abs_mean=0.8439, residual_std=0.2655, mf_abs_mean=0.8439, mf_std=0.2655, gate_mean=0.1016, gate_std=0.0902, q_interaction_abs_mean=0.1172, id_adapter_abs_mean=0.1447, bias_abs_mean=0.8009, B_q_share=0.1388, B_id_share=0.1715, B_bias_share=0.9491, student_q_norm=2.3782, student_id_adapter_norm=0.2419, item_q_norm=0.0864, item_id_adapter_norm=0.1579, irt_abs_mean=1.6767, irt_std=1.0116, delta_abs_mean=0.1003, delta_std=0.1065, delta_over_irt=0.0598, warmup(mf/personal)=1.00/1.00, graph_row_entropy=2.4849, graph_entropy_ratio=0.5164, alpha_mean=0.0000, alpha_std=0.0000, alpha_bias_std=0.0000, personal_row_entropy=0.0000, personal_matrix_delta=0.0000, personal_matrix_student_std=0.0000
2026-04-10 07:57:58,331 - INFO - [assist_09|assist_09_abce_ae_dominant_no_E|lr=0.0003|drop=0.20] [Diag][Graph] Epoch [012] | entropy_ratio=0.5164, diag_mass=0.0000, to_uniform_l2=0.024727, to_identity_l2=0.093849, tau_mean=0.6932, tau_std=0.0000, graph_reg_scale(train/val)=1.0000/1.0000
2026-04-10 07:57:58,331 - WARNING - [assist_09|assist_09_abce_ae_dominant_no_E|lr=0.0003|drop=0.20] [Diag Warning][B] B_q_share is low: B_q_share=0.1388, B_id_share=0.1715, B_bias_share=0.9491
2026-04-10 07:57:58,331 - WARNING - [assist_09|assist_09_abce_ae_dominant_no_E|lr=0.0003|drop=0.20] [Diag Warning][Graph] graph-related grad norms are near zero for 3 epoch(s): relation_emb=0.000000e+00, relation_tau=1.807586e-09, relation_wq=0.000000e+00, relation_wk=0.000000e+00, personal_u=0.000000e+00, personal_v=0.000000e+00, personal_alpha_bias=0.000000e+00, personal_gate_emb=0.000000e+00, personal_gate_student_proj=0.000000e+00, personal_gate_context_proj=0.000000e+00, personal_gate_student_direct=0.000000e+00, personal_gate_context_direct=0.000000e+00, personal_gate_out=0.000000e+00, personal_generator_emb=0.000000e+00, personal_generator_context_proj=0.000000e+00, personal_generator_context_hidden=0.000000e+00, personal_generator_context_to_u=0.000000e+00, personal_generator_context_to_v=0.000000e+00
2026-04-10 07:57:58,331 - INFO - [assist_09|assist_09_abce_ae_dominant_no_E|lr=0.0003|drop=0.20] [Grad Norms] Epoch [012] | mf_u_proj=0.001105, mf_v_proj=0.001817, b_id_student_proj=0.021542, b_id_item_proj=0.020822, b_bias_scale=0.001899, fusion_gate=0.001797, q_gate_raw=0.000000, skill_latent=0.054732, student_q_proj=0.002123, item_id_adapter=0.088917, relation_emb=0.000000e+00, relation_tau=1.807586e-09, relation_wq=0.000000e+00, relation_wk=0.000000e+00, personal_u=0.000000e+00, personal_v=0.000000e+00, personal_alpha_bias=0.000000e+00, personal_gate_emb=0.000000e+00, personal_gate_student_proj=0.000000e+00, personal_gate_context_proj=0.000000e+00, personal_gate_student_direct=0.000000e+00, personal_gate_context_direct=0.000000e+00, personal_gate_out=0.000000e+00, personal_generator_emb=0.000000e+00, personal_generator_context_proj=0.000000e+00, personal_generator_context_hidden=0.000000e+00, personal_generator_context_to_u=0.000000e+00, personal_generator_context_to_v=0.000000e+00
2026-04-10 07:57:58,742 - INFO - [assist_09|assist_09_abce_ae_dominant_no_E|lr=0.0003|drop=0.20] -> New best AUC=0.7624 at epoch 12
2026-04-10 07:58:44,321 - INFO - [assist_09|assist_09_abce_ae_dominant_no_E|lr=0.0003|drop=0.20] Epoch [013/100] | Train: Loss=0.4629, BCE=0.4566, Reg=0.0063, AUC=0.8455, ACC=0.7737, RMSE=0.3874 | Val: Loss=0.5507, BCE=0.5466, Reg=0.0041, AUC=0.7618, ACC=0.7293, RMSE=0.4269
2026-04-10 07:58:44,322 - INFO - [assist_09|assist_09_abce_ae_dominant_no_E|lr=0.0003|drop=0.20] [Reg Terms] Epoch [013] | Train: graph_entropy=0.000000, graph_diag=0.000000, graph_uniform=0.003011, graph_reg_scale=1.0000, mf_l2=0.000001, delta_ratio=0.002094, personal_sparse=0.000000, alpha_var=0.000000, alpha_collapse=0.000000, reg_bce_ratio=0.0137 | Val: graph_entropy=0.000000, graph_diag=0.000000, graph_uniform=0.003011, graph_reg_scale=1.0000, mf_l2=0.000001, delta_ratio=0.000757, personal_sparse=0.000000, alpha_var=0.000000, alpha_collapse=0.000000, reg_bce_ratio=0.0074
2026-04-10 07:58:44,487 - INFO - [assist_09|assist_09_abce_ae_dominant_no_E|lr=0.0003|drop=0.20] [Diag][M3] Epoch [013] | residual_abs_mean=0.9364, residual_std=0.2742, mf_abs_mean=0.9364, mf_std=0.2742, gate_mean=0.0920, gate_std=0.0913, q_interaction_abs_mean=0.1235, id_adapter_abs_mean=0.1623, bias_abs_mean=0.9072, B_q_share=0.1319, B_id_share=0.1733, B_bias_share=0.9688, student_q_norm=2.3199, student_id_adapter_norm=0.2516, item_q_norm=0.0854, item_id_adapter_norm=0.1629, irt_abs_mean=1.7373, irt_std=1.0682, delta_abs_mean=0.0988, delta_std=0.1146, delta_over_irt=0.0569, warmup(mf/personal)=1.00/1.00, graph_row_entropy=2.4849, graph_entropy_ratio=0.5164, alpha_mean=0.0000, alpha_std=0.0000, alpha_bias_std=0.0000, personal_row_entropy=0.0000, personal_matrix_delta=0.0000, personal_matrix_student_std=0.0000
2026-04-10 07:58:44,487 - INFO - [assist_09|assist_09_abce_ae_dominant_no_E|lr=0.0003|drop=0.20] [Diag][Graph] Epoch [013] | entropy_ratio=0.5164, diag_mass=0.0000, to_uniform_l2=0.024727, to_identity_l2=0.093849, tau_mean=0.6932, tau_std=0.0000, graph_reg_scale(train/val)=1.0000/1.0000
2026-04-10 07:58:44,487 - WARNING - [assist_09|assist_09_abce_ae_dominant_no_E|lr=0.0003|drop=0.20] [Diag Warning][B] B_q_share is low: B_q_share=0.1319, B_id_share=0.1733, B_bias_share=0.9688
2026-04-10 07:58:44,487 - INFO - [assist_09|assist_09_abce_ae_dominant_no_E|lr=0.0003|drop=0.20] [Grad Norms] Epoch [013] | mf_u_proj=0.002471, mf_v_proj=0.002238, b_id_student_proj=0.023222, b_id_item_proj=0.023662, b_bias_scale=0.000524, fusion_gate=0.006847, q_gate_raw=0.000000, skill_latent=0.063422, student_q_proj=0.004494, item_id_adapter=0.084630, relation_emb=0.000000e+00, relation_tau=2.467192e-08, relation_wq=0.000000e+00, relation_wk=0.000000e+00, personal_u=0.000000e+00, personal_v=0.000000e+00, personal_alpha_bias=0.000000e+00, personal_gate_emb=0.000000e+00, personal_gate_student_proj=0.000000e+00, personal_gate_context_proj=0.000000e+00, personal_gate_student_direct=0.000000e+00, personal_gate_context_direct=0.000000e+00, personal_gate_out=0.000000e+00, personal_generator_emb=0.000000e+00, personal_generator_context_proj=0.000000e+00, personal_generator_context_hidden=0.000000e+00, personal_generator_context_to_u=0.000000e+00, personal_generator_context_to_v=0.000000e+00
2026-04-10 07:58:44,487 - INFO - [assist_09|assist_09_abce_ae_dominant_no_E|lr=0.0003|drop=0.20] -> No improvement 1 epoch(s) (best AUC=0.7624 @ 12)
2026-04-10 07:59:29,530 - INFO - [assist_09|assist_09_abce_ae_dominant_no_E|lr=0.0003|drop=0.20] Epoch [014/100] | Train: Loss=0.4578, BCE=0.4510, Reg=0.0068, AUC=0.8503, ACC=0.7778, RMSE=0.3846 | Val: Loss=0.5542, BCE=0.5502, Reg=0.0040, AUC=0.7627, ACC=0.7293, RMSE=0.4276
2026-04-10 07:59:29,530 - INFO - [assist_09|assist_09_abce_ae_dominant_no_E|lr=0.0003|drop=0.20] [Reg Terms] Epoch [014] | Train: graph_entropy=0.000000, graph_diag=0.000000, graph_uniform=0.003011, graph_reg_scale=1.0000, mf_l2=0.000001, delta_ratio=0.002331, personal_sparse=0.000000, alpha_var=0.000000, alpha_collapse=0.000000, reg_bce_ratio=0.0151 | Val: graph_entropy=0.000000, graph_diag=0.000000, graph_uniform=0.003011, graph_reg_scale=1.0000, mf_l2=0.000001, delta_ratio=0.000550, personal_sparse=0.000000, alpha_var=0.000000, alpha_collapse=0.000000, reg_bce_ratio=0.0073
2026-04-10 07:59:29,701 - INFO - [assist_09|assist_09_abce_ae_dominant_no_E|lr=0.0003|drop=0.20] [Diag][M3] Epoch [014] | residual_abs_mean=1.0018, residual_std=0.2853, mf_abs_mean=1.0018, mf_std=0.2853, gate_mean=0.0822, gate_std=0.0957, q_interaction_abs_mean=0.1306, id_adapter_abs_mean=0.1833, bias_abs_mean=0.9770, B_q_share=0.1304, B_id_share=0.1830, B_bias_share=0.9753, student_q_norm=2.2161, student_id_adapter_norm=0.2598, item_q_norm=0.0829, item_id_adapter_norm=0.1687, irt_abs_mean=1.8404, irt_std=1.1566, delta_abs_mean=0.0951, delta_std=0.1250, delta_over_irt=0.0517, warmup(mf/personal)=1.00/1.00, graph_row_entropy=2.4849, graph_entropy_ratio=0.5164, alpha_mean=0.0000, alpha_std=0.0000, alpha_bias_std=0.0000, personal_row_entropy=0.0000, personal_matrix_delta=0.0000, personal_matrix_student_std=0.0000
2026-04-10 07:59:29,701 - INFO - [assist_09|assist_09_abce_ae_dominant_no_E|lr=0.0003|drop=0.20] [Diag][Graph] Epoch [014] | entropy_ratio=0.5164, diag_mass=0.0000, to_uniform_l2=0.024727, to_identity_l2=0.093849, tau_mean=0.6932, tau_std=0.0000, graph_reg_scale(train/val)=1.0000/1.0000
2026-04-10 07:59:29,701 - WARNING - [assist_09|assist_09_abce_ae_dominant_no_E|lr=0.0003|drop=0.20] [Diag Warning][B] B_q_share is low: B_q_share=0.1304, B_id_share=0.1830, B_bias_share=0.9753
2026-04-10 07:59:29,701 - INFO - [assist_09|assist_09_abce_ae_dominant_no_E|lr=0.0003|drop=0.20] [Grad Norms] Epoch [014] | mf_u_proj=0.001982, mf_v_proj=0.002075, b_id_student_proj=0.024527, b_id_item_proj=0.025114, b_bias_scale=0.001102, fusion_gate=0.007230, q_gate_raw=0.000000, skill_latent=0.067323, student_q_proj=0.003582, item_id_adapter=0.099571, relation_emb=0.000000e+00, relation_tau=8.416310e-09, relation_wq=0.000000e+00, relation_wk=0.000000e+00, personal_u=0.000000e+00, personal_v=0.000000e+00, personal_alpha_bias=0.000000e+00, personal_gate_emb=0.000000e+00, personal_gate_student_proj=0.000000e+00, personal_gate_context_proj=0.000000e+00, personal_gate_student_direct=0.000000e+00, personal_gate_context_direct=0.000000e+00, personal_gate_out=0.000000e+00, personal_generator_emb=0.000000e+00, personal_generator_context_proj=0.000000e+00, personal_generator_context_hidden=0.000000e+00, personal_generator_context_to_u=0.000000e+00, personal_generator_context_to_v=0.000000e+00
2026-04-10 07:59:30,082 - INFO - [assist_09|assist_09_abce_ae_dominant_no_E|lr=0.0003|drop=0.20] -> New best AUC=0.7627 at epoch 14
2026-04-10 08:00:15,551 - INFO - [assist_09|assist_09_abce_ae_dominant_no_E|lr=0.0003|drop=0.20] Epoch [015/100] | Train: Loss=0.4532, BCE=0.4457, Reg=0.0075, AUC=0.8548, ACC=0.7808, RMSE=0.3820 | Val: Loss=0.5515, BCE=0.5471, Reg=0.0044, AUC=0.7631, ACC=0.7303, RMSE=0.4266
2026-04-10 08:00:15,551 - INFO - [assist_09|assist_09_abce_ae_dominant_no_E|lr=0.0003|drop=0.20] [Reg Terms] Epoch [015] | Train: graph_entropy=0.000000, graph_diag=0.000000, graph_uniform=0.003011, graph_reg_scale=1.0000, mf_l2=0.000001, delta_ratio=0.002509, personal_sparse=0.000000, alpha_var=0.000000, alpha_collapse=0.000000, reg_bce_ratio=0.0168 | Val: graph_entropy=0.000000, graph_diag=0.000000, graph_uniform=0.003011, graph_reg_scale=1.0000, mf_l2=0.000001, delta_ratio=0.000742, personal_sparse=0.000000, alpha_var=0.000000, alpha_collapse=0.000000, reg_bce_ratio=0.0080
2026-04-10 08:00:15,704 - INFO - [assist_09|assist_09_abce_ae_dominant_no_E|lr=0.0003|drop=0.20] [Diag][M3] Epoch [015] | residual_abs_mean=1.0496, residual_std=0.2921, mf_abs_mean=1.0496, mf_std=0.2921, gate_mean=0.0846, gate_std=0.0981, q_interaction_abs_mean=0.1383, id_adapter_abs_mean=0.2065, bias_abs_mean=1.0380, B_q_share=0.1317, B_id_share=0.1967, B_bias_share=0.9890, student_q_norm=2.1905, student_id_adapter_norm=0.2686, item_q_norm=0.0805, item_id_adapter_norm=0.1727, irt_abs_mean=1.7643, irt_std=1.1277, delta_abs_mean=0.1022, delta_std=0.1309, delta_over_irt=0.0579, warmup(mf/personal)=1.00/1.00, graph_row_entropy=2.4849, graph_entropy_ratio=0.5164, alpha_mean=0.0000, alpha_std=0.0000, alpha_bias_std=0.0000, personal_row_entropy=0.0000, personal_matrix_delta=0.0000, personal_matrix_student_std=0.0000
2026-04-10 08:00:15,705 - INFO - [assist_09|assist_09_abce_ae_dominant_no_E|lr=0.0003|drop=0.20] [Diag][Graph] Epoch [015] | entropy_ratio=0.5164, diag_mass=0.0000, to_uniform_l2=0.024727, to_identity_l2=0.093849, tau_mean=0.6932, tau_std=0.0000, graph_reg_scale(train/val)=1.0000/1.0000
2026-04-10 08:00:15,705 - WARNING - [assist_09|assist_09_abce_ae_dominant_no_E|lr=0.0003|drop=0.20] [Diag Warning][B] B_q_share is low: B_q_share=0.1317, B_id_share=0.1967, B_bias_share=0.9890
2026-04-10 08:00:15,705 - WARNING - [assist_09|assist_09_abce_ae_dominant_no_E|lr=0.0003|drop=0.20] [Diag Warning][Graph] graph-related grad norms are near zero for 2 epoch(s): relation_emb=0.000000e+00, relation_tau=8.507619e-09, relation_wq=0.000000e+00, relation_wk=0.000000e+00, personal_u=0.000000e+00, personal_v=0.000000e+00, personal_alpha_bias=0.000000e+00, personal_gate_emb=0.000000e+00, personal_gate_student_proj=0.000000e+00, personal_gate_context_proj=0.000000e+00, personal_gate_student_direct=0.000000e+00, personal_gate_context_direct=0.000000e+00, personal_gate_out=0.000000e+00, personal_generator_emb=0.000000e+00, personal_generator_context_proj=0.000000e+00, personal_generator_context_hidden=0.000000e+00, personal_generator_context_to_u=0.000000e+00, personal_generator_context_to_v=0.000000e+00
2026-04-10 08:00:15,705 - INFO - [assist_09|assist_09_abce_ae_dominant_no_E|lr=0.0003|drop=0.20] [Grad Norms] Epoch [015] | mf_u_proj=0.002007, mf_v_proj=0.002240, b_id_student_proj=0.031533, b_id_item_proj=0.031554, b_bias_scale=0.000405, fusion_gate=0.002978, q_gate_raw=0.000000, skill_latent=0.081407, student_q_proj=0.003216, item_id_adapter=0.114406, relation_emb=0.000000e+00, relation_tau=8.507619e-09, relation_wq=0.000000e+00, relation_wk=0.000000e+00, personal_u=0.000000e+00, personal_v=0.000000e+00, personal_alpha_bias=0.000000e+00, personal_gate_emb=0.000000e+00, personal_gate_student_proj=0.000000e+00, personal_gate_context_proj=0.000000e+00, personal_gate_student_direct=0.000000e+00, personal_gate_context_direct=0.000000e+00, personal_gate_out=0.000000e+00, personal_generator_emb=0.000000e+00, personal_generator_context_proj=0.000000e+00, personal_generator_context_hidden=0.000000e+00, personal_generator_context_to_u=0.000000e+00, personal_generator_context_to_v=0.000000e+00
2026-04-10 08:00:16,128 - INFO - [assist_09|assist_09_abce_ae_dominant_no_E|lr=0.0003|drop=0.20] -> New best AUC=0.7631 at epoch 15
2026-04-10 08:01:01,767 - INFO - [assist_09|assist_09_abce_ae_dominant_no_E|lr=0.0003|drop=0.20] Epoch [016/100] | Train: Loss=0.4439, BCE=0.4357, Reg=0.0082, AUC=0.8636, ACC=0.7873, RMSE=0.3769 | Val: Loss=0.5526, BCE=0.5479, Reg=0.0047, AUC=0.7643, ACC=0.7301, RMSE=0.4264
2026-04-10 08:01:01,767 - INFO - [assist_09|assist_09_abce_ae_dominant_no_E|lr=0.0003|drop=0.20] [Reg Terms] Epoch [016] | Train: graph_entropy=0.000000, graph_diag=0.000000, graph_uniform=0.003011, graph_reg_scale=1.0000, mf_l2=0.000001, delta_ratio=0.002744, personal_sparse=0.000000, alpha_var=0.000000, alpha_collapse=0.000000, reg_bce_ratio=0.0189 | Val: graph_entropy=0.000000, graph_diag=0.000000, graph_uniform=0.003011, graph_reg_scale=1.0000, mf_l2=0.000001, delta_ratio=0.000933, personal_sparse=0.000000, alpha_var=0.000000, alpha_collapse=0.000000, reg_bce_ratio=0.0086
2026-04-10 08:01:01,949 - INFO - [assist_09|assist_09_abce_ae_dominant_no_E|lr=0.0003|drop=0.20] [Diag][M3] Epoch [016] | residual_abs_mean=1.0877, residual_std=0.3012, mf_abs_mean=1.0877, mf_std=0.3012, gate_mean=0.0872, gate_std=0.1003, q_interaction_abs_mean=0.1475, id_adapter_abs_mean=0.2181, bias_abs_mean=1.0885, B_q_share=0.1356, B_id_share=0.2005, B_bias_share=1.0007, student_q_norm=2.1861, student_id_adapter_norm=0.2681, item_q_norm=0.0769, item_id_adapter_norm=0.1702, irt_abs_mean=1.7903, irt_std=1.1764, delta_abs_mean=0.1094, delta_std=0.1399, delta_over_irt=0.0611, warmup(mf/personal)=1.00/1.00, graph_row_entropy=2.4849, graph_entropy_ratio=0.5164, alpha_mean=0.0000, alpha_std=0.0000, alpha_bias_std=0.0000, personal_row_entropy=0.0000, personal_matrix_delta=0.0000, personal_matrix_student_std=0.0000
2026-04-10 08:01:01,950 - INFO - [assist_09|assist_09_abce_ae_dominant_no_E|lr=0.0003|drop=0.20] [Diag][Graph] Epoch [016] | entropy_ratio=0.5164, diag_mass=0.0000, to_uniform_l2=0.024727, to_identity_l2=0.093849, tau_mean=0.6932, tau_std=0.0000, graph_reg_scale(train/val)=1.0000/1.0000
2026-04-10 08:01:01,950 - WARNING - [assist_09|assist_09_abce_ae_dominant_no_E|lr=0.0003|drop=0.20] [Diag Warning][B] B_q_share is low: B_q_share=0.1356, B_id_share=0.2005, B_bias_share=1.0007
2026-04-10 08:01:01,950 - WARNING - [assist_09|assist_09_abce_ae_dominant_no_E|lr=0.0003|drop=0.20] [Diag Warning][Graph] graph-related grad norms are near zero for 3 epoch(s): relation_emb=0.000000e+00, relation_tau=2.764160e-11, relation_wq=0.000000e+00, relation_wk=0.000000e+00, personal_u=0.000000e+00, personal_v=0.000000e+00, personal_alpha_bias=0.000000e+00, personal_gate_emb=0.000000e+00, personal_gate_student_proj=0.000000e+00, personal_gate_context_proj=0.000000e+00, personal_gate_student_direct=0.000000e+00, personal_gate_context_direct=0.000000e+00, personal_gate_out=0.000000e+00, personal_generator_emb=0.000000e+00, personal_generator_context_proj=0.000000e+00, personal_generator_context_hidden=0.000000e+00, personal_generator_context_to_u=0.000000e+00, personal_generator_context_to_v=0.000000e+00
2026-04-10 08:01:01,950 - INFO - [assist_09|assist_09_abce_ae_dominant_no_E|lr=0.0003|drop=0.20] [Grad Norms] Epoch [016] | mf_u_proj=0.002554, mf_v_proj=0.003499, b_id_student_proj=0.027752, b_id_item_proj=0.027726, b_bias_scale=0.000552, fusion_gate=0.008273, q_gate_raw=0.000001, skill_latent=0.071182, student_q_proj=0.004502, item_id_adapter=0.097580, relation_emb=0.000000e+00, relation_tau=2.764160e-11, relation_wq=0.000000e+00, relation_wk=0.000000e+00, personal_u=0.000000e+00, personal_v=0.000000e+00, personal_alpha_bias=0.000000e+00, personal_gate_emb=0.000000e+00, personal_gate_student_proj=0.000000e+00, personal_gate_context_proj=0.000000e+00, personal_gate_student_direct=0.000000e+00, personal_gate_context_direct=0.000000e+00, personal_gate_out=0.000000e+00, personal_generator_emb=0.000000e+00, personal_generator_context_proj=0.000000e+00, personal_generator_context_hidden=0.000000e+00, personal_generator_context_to_u=0.000000e+00, personal_generator_context_to_v=0.000000e+00
2026-04-10 08:01:02,389 - INFO - [assist_09|assist_09_abce_ae_dominant_no_E|lr=0.0003|drop=0.20] -> New best AUC=0.7643 at epoch 16
2026-04-10 08:01:47,981 - INFO - [assist_09|assist_09_abce_ae_dominant_no_E|lr=0.0003|drop=0.20] Epoch [017/100] | Train: Loss=0.4409, BCE=0.4321, Reg=0.0088, AUC=0.8663, ACC=0.7896, RMSE=0.3751 | Val: Loss=0.5548, BCE=0.5496, Reg=0.0051, AUC=0.7640, ACC=0.7308, RMSE=0.4269
2026-04-10 08:01:47,982 - INFO - [assist_09|assist_09_abce_ae_dominant_no_E|lr=0.0003|drop=0.20] [Reg Terms] Epoch [017] | Train: graph_entropy=0.000000, graph_diag=0.000000, graph_uniform=0.003011, graph_reg_scale=1.0000, mf_l2=0.000001, delta_ratio=0.003034, personal_sparse=0.000000, alpha_var=0.000000, alpha_collapse=0.000000, reg_bce_ratio=0.0203 | Val: graph_entropy=0.000000, graph_diag=0.000000, graph_uniform=0.003011, graph_reg_scale=1.0000, mf_l2=0.000001, delta_ratio=0.000967, personal_sparse=0.000000, alpha_var=0.000000, alpha_collapse=0.000000, reg_bce_ratio=0.0093
2026-04-10 08:01:48,219 - INFO - [assist_09|assist_09_abce_ae_dominant_no_E|lr=0.0003|drop=0.20] [Diag][M3] Epoch [017] | residual_abs_mean=1.1178, residual_std=0.3103, mf_abs_mean=1.1178, mf_std=0.3103, gate_mean=0.0879, gate_std=0.1010, q_interaction_abs_mean=0.1523, id_adapter_abs_mean=0.2226, bias_abs_mean=1.1323, B_q_share=0.1362, B_id_share=0.1991, B_bias_share=1.0130, student_q_norm=2.1477, student_id_adapter_norm=0.2682, item_q_norm=0.0749, item_id_adapter_norm=0.1678, irt_abs_mean=1.7976, irt_std=1.1884, delta_abs_mean=0.1124, delta_std=0.1441, delta_over_irt=0.0625, warmup(mf/personal)=1.00/1.00, graph_row_entropy=2.4849, graph_entropy_ratio=0.5164, alpha_mean=0.0000, alpha_std=0.0000, alpha_bias_std=0.0000, personal_row_entropy=0.0000, personal_matrix_delta=0.0000, personal_matrix_student_std=0.0000
2026-04-10 08:01:48,219 - INFO - [assist_09|assist_09_abce_ae_dominant_no_E|lr=0.0003|drop=0.20] [Diag][Graph] Epoch [017] | entropy_ratio=0.5164, diag_mass=0.0000, to_uniform_l2=0.024727, to_identity_l2=0.093849, tau_mean=0.6932, tau_std=0.0000, graph_reg_scale(train/val)=1.0000/1.0000
2026-04-10 08:01:48,219 - WARNING - [assist_09|assist_09_abce_ae_dominant_no_E|lr=0.0003|drop=0.20] [Diag Warning][B] B_q_share is low: B_q_share=0.1362, B_id_share=0.1991, B_bias_share=1.0130
2026-04-10 08:01:48,219 - WARNING - [assist_09|assist_09_abce_ae_dominant_no_E|lr=0.0003|drop=0.20] [Diag Warning][Graph] graph-related grad norms are near zero for 4 epoch(s): relation_emb=0.000000e+00, relation_tau=9.875550e-10, relation_wq=0.000000e+00, relation_wk=0.000000e+00, personal_u=0.000000e+00, personal_v=0.000000e+00, personal_alpha_bias=0.000000e+00, personal_gate_emb=0.000000e+00, personal_gate_student_proj=0.000000e+00, personal_gate_context_proj=0.000000e+00, personal_gate_student_direct=0.000000e+00, personal_gate_context_direct=0.000000e+00, personal_gate_out=0.000000e+00, personal_generator_emb=0.000000e+00, personal_generator_context_proj=0.000000e+00, personal_generator_context_hidden=0.000000e+00, personal_generator_context_to_u=0.000000e+00, personal_generator_context_to_v=0.000000e+00
2026-04-10 08:01:48,219 - INFO - [assist_09|assist_09_abce_ae_dominant_no_E|lr=0.0003|drop=0.20] [Grad Norms] Epoch [017] | mf_u_proj=0.001748, mf_v_proj=0.001975, b_id_student_proj=0.031796, b_id_item_proj=0.031852, b_bias_scale=0.000330, fusion_gate=0.005173, q_gate_raw=0.000000, skill_latent=0.082401, student_q_proj=0.001700, item_id_adapter=0.115878, relation_emb=0.000000e+00, relation_tau=9.875550e-10, relation_wq=0.000000e+00, relation_wk=0.000000e+00, personal_u=0.000000e+00, personal_v=0.000000e+00, personal_alpha_bias=0.000000e+00, personal_gate_emb=0.000000e+00, personal_gate_student_proj=0.000000e+00, personal_gate_context_proj=0.000000e+00, personal_gate_student_direct=0.000000e+00, personal_gate_context_direct=0.000000e+00, personal_gate_out=0.000000e+00, personal_generator_emb=0.000000e+00, personal_generator_context_proj=0.000000e+00, personal_generator_context_hidden=0.000000e+00, personal_generator_context_to_u=0.000000e+00, personal_generator_context_to_v=0.000000e+00
2026-04-10 08:01:48,219 - INFO - [assist_09|assist_09_abce_ae_dominant_no_E|lr=0.0003|drop=0.20] -> No improvement 1 epoch(s) (best AUC=0.7643 @ 16)
2026-04-10 08:02:35,207 - INFO - [assist_09|assist_09_abce_ae_dominant_no_E|lr=0.0003|drop=0.20] Epoch [018/100] | Train: Loss=0.4384, BCE=0.4289, Reg=0.0095, AUC=0.8689, ACC=0.7909, RMSE=0.3735 | Val: Loss=0.5564, BCE=0.5509, Reg=0.0055, AUC=0.7642, ACC=0.7306, RMSE=0.4270
2026-04-10 08:02:35,208 - INFO - [assist_09|assist_09_abce_ae_dominant_no_E|lr=0.0003|drop=0.20] [Reg Terms] Epoch [018] | Train: graph_entropy=0.000000, graph_diag=0.000003, graph_uniform=0.003011, graph_reg_scale=1.0000, mf_l2=0.000001, delta_ratio=0.003242, personal_sparse=0.000000, alpha_var=0.000000, alpha_collapse=0.000000, reg_bce_ratio=0.0221 | Val: graph_entropy=0.000000, graph_diag=0.000000, graph_uniform=0.003011, graph_reg_scale=1.0000, mf_l2=0.000001, delta_ratio=0.000843, personal_sparse=0.000000, alpha_var=0.000000, alpha_collapse=0.000000, reg_bce_ratio=0.0099
2026-04-10 08:02:35,376 - INFO - [assist_09|assist_09_abce_ae_dominant_no_E|lr=0.0003|drop=0.20] [Diag][M3] Epoch [018] | residual_abs_mean=1.1456, residual_std=0.3106, mf_abs_mean=1.1456, mf_std=0.3106, gate_mean=0.0860, gate_std=0.1019, q_interaction_abs_mean=0.1493, id_adapter_abs_mean=0.2408, bias_abs_mean=1.1708, B_q_share=0.1304, B_id_share=0.2102, B_bias_share=1.0220, student_q_norm=1.9528, student_id_adapter_norm=0.2678, item_q_norm=0.0734, item_id_adapter_norm=0.1664, irt_abs_mean=1.8480, irt_std=1.2065, delta_abs_mean=0.1128, delta_std=0.1472, delta_over_irt=0.0610, warmup(mf/personal)=1.00/1.00, graph_row_entropy=2.4849, graph_entropy_ratio=0.5164, alpha_mean=0.0000, alpha_std=0.0000, alpha_bias_std=0.0000, personal_row_entropy=0.0000, personal_matrix_delta=0.0000, personal_matrix_student_std=0.0000
2026-04-10 08:02:35,377 - INFO - [assist_09|assist_09_abce_ae_dominant_no_E|lr=0.0003|drop=0.20] [Diag][Graph] Epoch [018] | entropy_ratio=0.5164, diag_mass=0.0000, to_uniform_l2=0.024727, to_identity_l2=0.093849, tau_mean=0.6931, tau_std=0.0000, graph_reg_scale(train/val)=1.0000/1.0000
2026-04-10 08:02:35,377 - WARNING - [assist_09|assist_09_abce_ae_dominant_no_E|lr=0.0003|drop=0.20] [Diag Warning][B] B_q_share is low: B_q_share=0.1304, B_id_share=0.2102, B_bias_share=1.0220
2026-04-10 08:02:35,377 - WARNING - [assist_09|assist_09_abce_ae_dominant_no_E|lr=0.0003|drop=0.20] [Diag Warning][Graph] graph-related grad norms are near zero for 5 epoch(s): relation_emb=0.000000e+00, relation_tau=1.802260e-09, relation_wq=0.000000e+00, relation_wk=0.000000e+00, personal_u=0.000000e+00, personal_v=0.000000e+00, personal_alpha_bias=0.000000e+00, personal_gate_emb=0.000000e+00, personal_gate_student_proj=0.000000e+00, personal_gate_context_proj=0.000000e+00, personal_gate_student_direct=0.000000e+00, personal_gate_context_direct=0.000000e+00, personal_gate_out=0.000000e+00, personal_generator_emb=0.000000e+00, personal_generator_context_proj=0.000000e+00, personal_generator_context_hidden=0.000000e+00, personal_generator_context_to_u=0.000000e+00, personal_generator_context_to_v=0.000000e+00
2026-04-10 08:02:35,377 - INFO - [assist_09|assist_09_abce_ae_dominant_no_E|lr=0.0003|drop=0.20] [Grad Norms] Epoch [018] | mf_u_proj=0.001881, mf_v_proj=0.002008, b_id_student_proj=0.020640, b_id_item_proj=0.020860, b_bias_scale=0.001132, fusion_gate=0.003785, q_gate_raw=0.000000, skill_latent=0.052685, student_q_proj=0.002710, item_id_adapter=0.077553, relation_emb=0.000000e+00, relation_tau=1.802260e-09, relation_wq=0.000000e+00, relation_wk=0.000000e+00, personal_u=0.000000e+00, personal_v=0.000000e+00, personal_alpha_bias=0.000000e+00, personal_gate_emb=0.000000e+00, personal_gate_student_proj=0.000000e+00, personal_gate_context_proj=0.000000e+00, personal_gate_student_direct=0.000000e+00, personal_gate_context_direct=0.000000e+00, personal_gate_out=0.000000e+00, personal_generator_emb=0.000000e+00, personal_generator_context_proj=0.000000e+00, personal_generator_context_hidden=0.000000e+00, personal_generator_context_to_u=0.000000e+00, personal_generator_context_to_v=0.000000e+00
2026-04-10 08:02:35,377 - INFO - [assist_09|assist_09_abce_ae_dominant_no_E|lr=0.0003|drop=0.20] -> No improvement 2 epoch(s) (best AUC=0.7643 @ 16)
2026-04-10 08:03:23,329 - INFO - [assist_09|assist_09_abce_ae_dominant_no_E|lr=0.0003|drop=0.20] Epoch [019/100] | Train: Loss=0.4364, BCE=0.4263, Reg=0.0100, AUC=0.8709, ACC=0.7928, RMSE=0.3722 | Val: Loss=0.5560, BCE=0.5500, Reg=0.0059, AUC=0.7647, ACC=0.7319, RMSE=0.4266
2026-04-10 08:03:23,329 - INFO - [assist_09|assist_09_abce_ae_dominant_no_E|lr=0.0003|drop=0.20] [Reg Terms] Epoch [019] | Train: graph_entropy=0.000000, graph_diag=0.000000, graph_uniform=0.003011, graph_reg_scale=1.0000, mf_l2=0.000001, delta_ratio=0.003409, personal_sparse=0.000000, alpha_var=0.000000, alpha_collapse=0.000000, reg_bce_ratio=0.0235 | Val: graph_entropy=0.000000, graph_diag=0.000000, graph_uniform=0.003011, graph_reg_scale=1.0000, mf_l2=0.000001, delta_ratio=0.000969, personal_sparse=0.000000, alpha_var=0.000000, alpha_collapse=0.000000, reg_bce_ratio=0.0108
2026-04-10 08:03:23,483 - INFO - [assist_09|assist_09_abce_ae_dominant_no_E|lr=0.0003|drop=0.20] [Diag][M3] Epoch [019] | residual_abs_mean=1.1790, residual_std=0.3085, mf_abs_mean=1.1790, mf_std=0.3085, gate_mean=0.0874, gate_std=0.1031, q_interaction_abs_mean=0.1533, id_adapter_abs_mean=0.2566, bias_abs_mean=1.2183, B_q_share=0.1300, B_id_share=0.2177, B_bias_share=1.0334, student_q_norm=2.0863, student_id_adapter_norm=0.2683, item_q_norm=0.0727, item_id_adapter_norm=0.1649, irt_abs_mean=1.8520, irt_std=1.2390, delta_abs_mean=0.1171, delta_std=0.1512, delta_over_irt=0.0632, warmup(mf/personal)=1.00/1.00, graph_row_entropy=2.4849, graph_entropy_ratio=0.5164, alpha_mean=0.0000, alpha_std=0.0000, alpha_bias_std=0.0000, personal_row_entropy=0.0000, personal_matrix_delta=0.0000, personal_matrix_student_std=0.0000
2026-04-10 08:03:23,484 - INFO - [assist_09|assist_09_abce_ae_dominant_no_E|lr=0.0003|drop=0.20] [Diag][Graph] Epoch [019] | entropy_ratio=0.5164, diag_mass=0.0000, to_uniform_l2=0.024727, to_identity_l2=0.093849, tau_mean=0.6932, tau_std=0.0000, graph_reg_scale(train/val)=1.0000/1.0000
2026-04-10 08:03:23,484 - WARNING - [assist_09|assist_09_abce_ae_dominant_no_E|lr=0.0003|drop=0.20] [Diag Warning][B] B_q_share is low: B_q_share=0.1300, B_id_share=0.2177, B_bias_share=1.0334
2026-04-10 08:03:23,484 - WARNING - [assist_09|assist_09_abce_ae_dominant_no_E|lr=0.0003|drop=0.20] [Diag Warning][Graph] graph-related grad norms are near zero for 6 epoch(s): relation_emb=0.000000e+00, relation_tau=1.937859e-09, relation_wq=0.000000e+00, relation_wk=0.000000e+00, personal_u=0.000000e+00, personal_v=0.000000e+00, personal_alpha_bias=0.000000e+00, personal_gate_emb=0.000000e+00, personal_gate_student_proj=0.000000e+00, personal_gate_context_proj=0.000000e+00, personal_gate_student_direct=0.000000e+00, personal_gate_context_direct=0.000000e+00, personal_gate_out=0.000000e+00, personal_generator_emb=0.000000e+00, personal_generator_context_proj=0.000000e+00, personal_generator_context_hidden=0.000000e+00, personal_generator_context_to_u=0.000000e+00, personal_generator_context_to_v=0.000000e+00
2026-04-10 08:03:23,484 - INFO - [assist_09|assist_09_abce_ae_dominant_no_E|lr=0.0003|drop=0.20] [Grad Norms] Epoch [019] | mf_u_proj=0.002050, mf_v_proj=0.002344, b_id_student_proj=0.032210, b_id_item_proj=0.032680, b_bias_scale=0.001924, fusion_gate=0.004587, q_gate_raw=0.000000, skill_latent=0.084868, student_q_proj=0.003574, item_id_adapter=0.128544, relation_emb=0.000000e+00, relation_tau=1.937859e-09, relation_wq=0.000000e+00, relation_wk=0.000000e+00, personal_u=0.000000e+00, personal_v=0.000000e+00, personal_alpha_bias=0.000000e+00, personal_gate_emb=0.000000e+00, personal_gate_student_proj=0.000000e+00, personal_gate_context_proj=0.000000e+00, personal_gate_student_direct=0.000000e+00, personal_gate_context_direct=0.000000e+00, personal_gate_out=0.000000e+00, personal_generator_emb=0.000000e+00, personal_generator_context_proj=0.000000e+00, personal_generator_context_hidden=0.000000e+00, personal_generator_context_to_u=0.000000e+00, personal_generator_context_to_v=0.000000e+00
2026-04-10 08:03:23,884 - INFO - [assist_09|assist_09_abce_ae_dominant_no_E|lr=0.0003|drop=0.20] -> New best AUC=0.7647 at epoch 19
2026-04-10 08:04:11,731 - INFO - [assist_09|assist_09_abce_ae_dominant_no_E|lr=0.0003|drop=0.20] Epoch [020/100] | Train: Loss=0.4347, BCE=0.4241, Reg=0.0106, AUC=0.8728, ACC=0.7940, RMSE=0.3710 | Val: Loss=0.5574, BCE=0.5511, Reg=0.0063, AUC=0.7642, ACC=0.7319, RMSE=0.4269
2026-04-10 08:04:11,732 - INFO - [assist_09|assist_09_abce_ae_dominant_no_E|lr=0.0003|drop=0.20] [Reg Terms] Epoch [020] | Train: graph_entropy=0.000000, graph_diag=0.000000, graph_uniform=0.003011, graph_reg_scale=1.0000, mf_l2=0.000001, delta_ratio=0.003607, personal_sparse=0.000000, alpha_var=0.000000, alpha_collapse=0.000000, reg_bce_ratio=0.0249 | Val: graph_entropy=0.000000, graph_diag=0.000000, graph_uniform=0.003011, graph_reg_scale=1.0000, mf_l2=0.000001, delta_ratio=0.000946, personal_sparse=0.000000, alpha_var=0.000000, alpha_collapse=0.000000, reg_bce_ratio=0.0114
2026-04-10 08:04:11,951 - INFO - [assist_09|assist_09_abce_ae_dominant_no_E|lr=0.0003|drop=0.20] [Diag][M3] Epoch [020] | residual_abs_mean=1.1926, residual_std=0.3150, mf_abs_mean=1.1926, mf_std=0.3150, gate_mean=0.0849, gate_std=0.1022, q_interaction_abs_mean=0.1493, id_adapter_abs_mean=0.2612, bias_abs_mean=1.2449, B_q_share=0.1252, B_id_share=0.2190, B_bias_share=1.0439, student_q_norm=2.1331, student_id_adapter_norm=0.2685, item_q_norm=0.0729, item_id_adapter_norm=0.1645, irt_abs_mean=1.8711, irt_std=1.2484, delta_abs_mean=0.1152, delta_std=0.1530, delta_over_irt=0.0616, warmup(mf/personal)=1.00/1.00, graph_row_entropy=2.4849, graph_entropy_ratio=0.5164, alpha_mean=0.0000, alpha_std=0.0000, alpha_bias_std=0.0000, personal_row_entropy=0.0000, personal_matrix_delta=0.0000, personal_matrix_student_std=0.0000
2026-04-10 08:04:11,951 - INFO - [assist_09|assist_09_abce_ae_dominant_no_E|lr=0.0003|drop=0.20] [Diag][Graph] Epoch [020] | entropy_ratio=0.5164, diag_mass=0.0000, to_uniform_l2=0.024727, to_identity_l2=0.093849, tau_mean=0.6932, tau_std=0.0000, graph_reg_scale(train/val)=1.0000/1.0000
2026-04-10 08:04:11,951 - WARNING - [assist_09|assist_09_abce_ae_dominant_no_E|lr=0.0003|drop=0.20] [Diag Warning][B] B_q_share is low: B_q_share=0.1252, B_id_share=0.2190, B_bias_share=1.0439
2026-04-10 08:04:11,952 - WARNING - [assist_09|assist_09_abce_ae_dominant_no_E|lr=0.0003|drop=0.20] [Diag Warning][Graph] graph-related grad norms are near zero for 7 epoch(s): relation_emb=0.000000e+00, relation_tau=1.429210e-09, relation_wq=0.000000e+00, relation_wk=0.000000e+00, personal_u=0.000000e+00, personal_v=0.000000e+00, personal_alpha_bias=0.000000e+00, personal_gate_emb=0.000000e+00, personal_gate_student_proj=0.000000e+00, personal_gate_context_proj=0.000000e+00, personal_gate_student_direct=0.000000e+00, personal_gate_context_direct=0.000000e+00, personal_gate_out=0.000000e+00, personal_generator_emb=0.000000e+00, personal_generator_context_proj=0.000000e+00, personal_generator_context_hidden=0.000000e+00, personal_generator_context_to_u=0.000000e+00, personal_generator_context_to_v=0.000000e+00
2026-04-10 08:04:11,952 - INFO - [assist_09|assist_09_abce_ae_dominant_no_E|lr=0.0003|drop=0.20] [Grad Norms] Epoch [020] | mf_u_proj=0.002168, mf_v_proj=0.002742, b_id_student_proj=0.034094, b_id_item_proj=0.036943, b_bias_scale=0.000055, fusion_gate=0.003417, q_gate_raw=0.000000, skill_latent=0.080917, student_q_proj=0.003760, item_id_adapter=0.131779, relation_emb=0.000000e+00, relation_tau=1.429210e-09, relation_wq=0.000000e+00, relation_wk=0.000000e+00, personal_u=0.000000e+00, personal_v=0.000000e+00, personal_alpha_bias=0.000000e+00, personal_gate_emb=0.000000e+00, personal_gate_student_proj=0.000000e+00, personal_gate_context_proj=0.000000e+00, personal_gate_student_direct=0.000000e+00, personal_gate_context_direct=0.000000e+00, personal_gate_out=0.000000e+00, personal_generator_emb=0.000000e+00, personal_generator_context_proj=0.000000e+00, personal_generator_context_hidden=0.000000e+00, personal_generator_context_to_u=0.000000e+00, personal_generator_context_to_v=0.000000e+00
2026-04-10 08:04:11,952 - INFO - [assist_09|assist_09_abce_ae_dominant_no_E|lr=0.0003|drop=0.20] -> No improvement 1 epoch(s) (best AUC=0.7647 @ 19)
2026-04-10 08:04:12,029 - INFO - [assist_09|assist_09_abce_ae_dominant_no_E|lr=0.0003|drop=0.20] Checkpoint saved: checkpoints/abce_diag/20260410_072301/assist_09/seed42/ae_dominant_no_E/checkpoint_epoch_20.pth
2026-04-10 08:04:12,274 - INFO - [assist_09|assist_09_abce_ae_dominant_no_E|lr=0.0003|drop=0.20] [Module Activity] Epoch 20: Graph[OK] MF[OK]
2026-04-10 08:04:58,838 - INFO - [assist_09|assist_09_abce_ae_dominant_no_E|lr=0.0003|drop=0.20] Epoch [021/100] | Train: Loss=0.4328, BCE=0.4218, Reg=0.0110, AUC=0.8745, ACC=0.7955, RMSE=0.3699 | Val: Loss=0.5583, BCE=0.5517, Reg=0.0067, AUC=0.7650, ACC=0.7314, RMSE=0.4269
2026-04-10 08:04:58,838 - INFO - [assist_09|assist_09_abce_ae_dominant_no_E|lr=0.0003|drop=0.20] [Reg Terms] Epoch [021] | Train: graph_entropy=0.000000, graph_diag=0.000000, graph_uniform=0.003011, graph_reg_scale=1.0000, mf_l2=0.000001, delta_ratio=0.003670, personal_sparse=0.000000, alpha_var=0.000000, alpha_collapse=0.000000, reg_bce_ratio=0.0260 | Val: graph_entropy=0.000000, graph_diag=0.000000, graph_uniform=0.003011, graph_reg_scale=1.0000, mf_l2=0.000001, delta_ratio=0.001019, personal_sparse=0.000000, alpha_var=0.000000, alpha_collapse=0.000000, reg_bce_ratio=0.0121
2026-04-10 08:04:59,055 - INFO - [assist_09|assist_09_abce_ae_dominant_no_E|lr=0.0003|drop=0.20] [Diag][M3] Epoch [021] | residual_abs_mean=1.2109, residual_std=0.3207, mf_abs_mean=1.2109, mf_std=0.3207, gate_mean=0.0833, gate_std=0.1004, q_interaction_abs_mean=0.1505, id_adapter_abs_mean=0.2721, bias_abs_mean=1.2781, B_q_share=0.1243, B_id_share=0.2247, B_bias_share=1.0554, student_q_norm=1.8987, student_id_adapter_norm=0.2683, item_q_norm=0.0726, item_id_adapter_norm=0.1643, irt_abs_mean=1.8753, irt_std=1.2675, delta_abs_mean=0.1146, delta_std=0.1536, delta_over_irt=0.0611, warmup(mf/personal)=1.00/1.00, graph_row_entropy=2.4849, graph_entropy_ratio=0.5164, alpha_mean=0.0000, alpha_std=0.0000, alpha_bias_std=0.0000, personal_row_entropy=0.0000, personal_matrix_delta=0.0000, personal_matrix_student_std=0.0000
2026-04-10 08:04:59,056 - INFO - [assist_09|assist_09_abce_ae_dominant_no_E|lr=0.0003|drop=0.20] [Diag][Graph] Epoch [021] | entropy_ratio=0.5164, diag_mass=0.0000, to_uniform_l2=0.024727, to_identity_l2=0.093849, tau_mean=0.6931, tau_std=0.0000, graph_reg_scale(train/val)=1.0000/1.0000
2026-04-10 08:04:59,056 - WARNING - [assist_09|assist_09_abce_ae_dominant_no_E|lr=0.0003|drop=0.20] [Diag Warning][B] B_q_share is low: B_q_share=0.1243, B_id_share=0.2247, B_bias_share=1.0554
2026-04-10 08:04:59,056 - WARNING - [assist_09|assist_09_abce_ae_dominant_no_E|lr=0.0003|drop=0.20] [Diag Warning][Graph] graph-related grad norms are near zero for 8 epoch(s): relation_emb=0.000000e+00, relation_tau=7.445944e-10, relation_wq=0.000000e+00, relation_wk=0.000000e+00, personal_u=0.000000e+00, personal_v=0.000000e+00, personal_alpha_bias=0.000000e+00, personal_gate_emb=0.000000e+00, personal_gate_student_proj=0.000000e+00, personal_gate_context_proj=0.000000e+00, personal_gate_student_direct=0.000000e+00, personal_gate_context_direct=0.000000e+00, personal_gate_out=0.000000e+00, personal_generator_emb=0.000000e+00, personal_generator_context_proj=0.000000e+00, personal_generator_context_hidden=0.000000e+00, personal_generator_context_to_u=0.000000e+00, personal_generator_context_to_v=0.000000e+00
2026-04-10 08:04:59,056 - INFO - [assist_09|assist_09_abce_ae_dominant_no_E|lr=0.0003|drop=0.20] [Grad Norms] Epoch [021] | mf_u_proj=0.005187, mf_v_proj=0.005383, b_id_student_proj=0.050572, b_id_item_proj=0.054873, b_bias_scale=0.002498, fusion_gate=0.013280, q_gate_raw=0.000001, skill_latent=0.136864, student_q_proj=0.006922, item_id_adapter=0.346106, relation_emb=0.000000e+00, relation_tau=7.445944e-10, relation_wq=0.000000e+00, relation_wk=0.000000e+00, personal_u=0.000000e+00, personal_v=0.000000e+00, personal_alpha_bias=0.000000e+00, personal_gate_emb=0.000000e+00, personal_gate_student_proj=0.000000e+00, personal_gate_context_proj=0.000000e+00, personal_gate_student_direct=0.000000e+00, personal_gate_context_direct=0.000000e+00, personal_gate_out=0.000000e+00, personal_generator_emb=0.000000e+00, personal_generator_context_proj=0.000000e+00, personal_generator_context_hidden=0.000000e+00, personal_generator_context_to_u=0.000000e+00, personal_generator_context_to_v=0.000000e+00
2026-04-10 08:04:59,462 - INFO - [assist_09|assist_09_abce_ae_dominant_no_E|lr=0.0003|drop=0.20] -> New best AUC=0.7650 at epoch 21
2026-04-10 08:05:46,535 - INFO - [assist_09|assist_09_abce_ae_dominant_no_E|lr=0.0003|drop=0.20] Epoch [022/100] | Train: Loss=0.4281, BCE=0.4168, Reg=0.0113, AUC=0.8787, ACC=0.7987, RMSE=0.3674 | Val: Loss=0.5589, BCE=0.5523, Reg=0.0066, AUC=0.7653, ACC=0.7326, RMSE=0.4268
2026-04-10 08:05:46,535 - INFO - [assist_09|assist_09_abce_ae_dominant_no_E|lr=0.0003|drop=0.20] [Reg Terms] Epoch [022] | Train: graph_entropy=0.000000, graph_diag=0.000000, graph_uniform=0.003011, graph_reg_scale=1.0000, mf_l2=0.000001, delta_ratio=0.003772, personal_sparse=0.000000, alpha_var=0.000000, alpha_collapse=0.000000, reg_bce_ratio=0.0271 | Val: graph_entropy=0.000000, graph_diag=0.000000, graph_uniform=0.003011, graph_reg_scale=1.0000, mf_l2=0.000001, delta_ratio=0.000928, personal_sparse=0.000000, alpha_var=0.000000, alpha_collapse=0.000000, reg_bce_ratio=0.0120
2026-04-10 08:05:46,698 - INFO - [assist_09|assist_09_abce_ae_dominant_no_E|lr=0.0003|drop=0.20] [Diag][M3] Epoch [022] | residual_abs_mean=1.2231, residual_std=0.3206, mf_abs_mean=1.2231, mf_std=0.3206, gate_mean=0.0814, gate_std=0.1014, q_interaction_abs_mean=0.1519, id_adapter_abs_mean=0.2741, bias_abs_mean=1.2947, B_q_share=0.1242, B_id_share=0.2241, B_bias_share=1.0586, student_q_norm=1.7400, student_id_adapter_norm=0.2677, item_q_norm=0.0718, item_id_adapter_norm=0.1628, irt_abs_mean=1.9285, irt_std=1.2937, delta_abs_mean=0.1134, delta_std=0.1559, delta_over_irt=0.0588, warmup(mf/personal)=1.00/1.00, graph_row_entropy=2.4849, graph_entropy_ratio=0.5164, alpha_mean=0.0000, alpha_std=0.0000, alpha_bias_std=0.0000, personal_row_entropy=0.0000, personal_matrix_delta=0.0000, personal_matrix_student_std=0.0000
2026-04-10 08:05:46,698 - INFO - [assist_09|assist_09_abce_ae_dominant_no_E|lr=0.0003|drop=0.20] [Diag][Graph] Epoch [022] | entropy_ratio=0.5164, diag_mass=0.0000, to_uniform_l2=0.024727, to_identity_l2=0.093849, tau_mean=0.6931, tau_std=0.0000, graph_reg_scale(train/val)=1.0000/1.0000
2026-04-10 08:05:46,698 - WARNING - [assist_09|assist_09_abce_ae_dominant_no_E|lr=0.0003|drop=0.20] [Diag Warning][B] B_q_share is low: B_q_share=0.1242, B_id_share=0.2241, B_bias_share=1.0586
2026-04-10 08:05:46,698 - WARNING - [assist_09|assist_09_abce_ae_dominant_no_E|lr=0.0003|drop=0.20] [Diag Warning][Graph] graph-related grad norms are near zero for 9 epoch(s): relation_emb=0.000000e+00, relation_tau=3.493614e-16, relation_wq=0.000000e+00, relation_wk=0.000000e+00, personal_u=0.000000e+00, personal_v=0.000000e+00, personal_alpha_bias=0.000000e+00, personal_gate_emb=0.000000e+00, personal_gate_student_proj=0.000000e+00, personal_gate_context_proj=0.000000e+00, personal_gate_student_direct=0.000000e+00, personal_gate_context_direct=0.000000e+00, personal_gate_out=0.000000e+00, personal_generator_emb=0.000000e+00, personal_generator_context_proj=0.000000e+00, personal_generator_context_hidden=0.000000e+00, personal_generator_context_to_u=0.000000e+00, personal_generator_context_to_v=0.000000e+00
2026-04-10 08:05:46,698 - INFO - [assist_09|assist_09_abce_ae_dominant_no_E|lr=0.0003|drop=0.20] [Grad Norms] Epoch [022] | mf_u_proj=0.004171, mf_v_proj=0.003189, b_id_student_proj=0.031464, b_id_item_proj=0.031271, b_bias_scale=0.000586, fusion_gate=0.006294, q_gate_raw=0.000000, skill_latent=0.085709, student_q_proj=0.007957, item_id_adapter=0.115743, relation_emb=0.000000e+00, relation_tau=3.493614e-16, relation_wq=0.000000e+00, relation_wk=0.000000e+00, personal_u=0.000000e+00, personal_v=0.000000e+00, personal_alpha_bias=0.000000e+00, personal_gate_emb=0.000000e+00, personal_gate_student_proj=0.000000e+00, personal_gate_context_proj=0.000000e+00, personal_gate_student_direct=0.000000e+00, personal_gate_context_direct=0.000000e+00, personal_gate_out=0.000000e+00, personal_generator_emb=0.000000e+00, personal_generator_context_proj=0.000000e+00, personal_generator_context_hidden=0.000000e+00, personal_generator_context_to_u=0.000000e+00, personal_generator_context_to_v=0.000000e+00
2026-04-10 08:05:47,152 - INFO - [assist_09|assist_09_abce_ae_dominant_no_E|lr=0.0003|drop=0.20] -> New best AUC=0.7653 at epoch 22
2026-04-10 08:06:33,662 - INFO - [assist_09|assist_09_abce_ae_dominant_no_E|lr=0.0003|drop=0.20] Epoch [023/100] | Train: Loss=0.4268, BCE=0.4154, Reg=0.0113, AUC=0.8796, ACC=0.7993, RMSE=0.3667 | Val: Loss=0.5592, BCE=0.5522, Reg=0.0070, AUC=0.7651, ACC=0.7317, RMSE=0.4270
2026-04-10 08:06:33,663 - INFO - [assist_09|assist_09_abce_ae_dominant_no_E|lr=0.0003|drop=0.20] [Reg Terms] Epoch [023] | Train: graph_entropy=0.000000, graph_diag=0.000000, graph_uniform=0.003011, graph_reg_scale=1.0000, mf_l2=0.000001, delta_ratio=0.003867, personal_sparse=0.000000, alpha_var=0.000000, alpha_collapse=0.000000, reg_bce_ratio=0.0273 | Val: graph_entropy=0.000000, graph_diag=0.000000, graph_uniform=0.003011, graph_reg_scale=1.0000, mf_l2=0.000001, delta_ratio=0.001016, personal_sparse=0.000000, alpha_var=0.000000, alpha_collapse=0.000000, reg_bce_ratio=0.0126
2026-04-10 08:06:33,814 - INFO - [assist_09|assist_09_abce_ae_dominant_no_E|lr=0.0003|drop=0.20] [Diag][M3] Epoch [023] | residual_abs_mean=1.2279, residual_std=0.3269, mf_abs_mean=1.2279, mf_std=0.3269, gate_mean=0.0879, gate_std=0.1052, q_interaction_abs_mean=0.1511, id_adapter_abs_mean=0.2821, bias_abs_mean=1.3127, B_q_share=0.1231, B_id_share=0.2298, B_bias_share=1.0690, student_q_norm=1.8362, student_id_adapter_norm=0.2669, item_q_norm=0.0713, item_id_adapter_norm=0.1615, irt_abs_mean=1.8527, irt_std=1.3014, delta_abs_mean=0.1226, delta_std=0.1618, delta_over_irt=0.0662, warmup(mf/personal)=1.00/1.00, graph_row_entropy=2.4849, graph_entropy_ratio=0.5164, alpha_mean=0.0000, alpha_std=0.0000, alpha_bias_std=0.0000, personal_row_entropy=0.0000, personal_matrix_delta=0.0000, personal_matrix_student_std=0.0000
2026-04-10 08:06:33,814 - INFO - [assist_09|assist_09_abce_ae_dominant_no_E|lr=0.0003|drop=0.20] [Diag][Graph] Epoch [023] | entropy_ratio=0.5164, diag_mass=0.0000, to_uniform_l2=0.024727, to_identity_l2=0.093849, tau_mean=0.6931, tau_std=0.0000, graph_reg_scale(train/val)=1.0000/1.0000
2026-04-10 08:06:33,814 - WARNING - [assist_09|assist_09_abce_ae_dominant_no_E|lr=0.0003|drop=0.20] [Diag Warning][B] B_q_share is low: B_q_share=0.1231, B_id_share=0.2298, B_bias_share=1.0690
2026-04-10 08:06:33,815 - WARNING - [assist_09|assist_09_abce_ae_dominant_no_E|lr=0.0003|drop=0.20] [Diag Warning][Graph] graph-related grad norms are near zero for 10 epoch(s): relation_emb=0.000000e+00, relation_tau=7.170833e-11, relation_wq=0.000000e+00, relation_wk=0.000000e+00, personal_u=0.000000e+00, personal_v=0.000000e+00, personal_alpha_bias=0.000000e+00, personal_gate_emb=0.000000e+00, personal_gate_student_proj=0.000000e+00, personal_gate_context_proj=0.000000e+00, personal_gate_student_direct=0.000000e+00, personal_gate_context_direct=0.000000e+00, personal_gate_out=0.000000e+00, personal_generator_emb=0.000000e+00, personal_generator_context_proj=0.000000e+00, personal_generator_context_hidden=0.000000e+00, personal_generator_context_to_u=0.000000e+00, personal_generator_context_to_v=0.000000e+00
2026-04-10 08:06:33,815 - INFO - [assist_09|assist_09_abce_ae_dominant_no_E|lr=0.0003|drop=0.20] [Grad Norms] Epoch [023] | mf_u_proj=0.005641, mf_v_proj=0.004411, b_id_student_proj=0.031141, b_id_item_proj=0.032939, b_bias_scale=0.001551, fusion_gate=0.004115, q_gate_raw=0.000000, skill_latent=0.077240, student_q_proj=0.017745, item_id_adapter=0.121265, relation_emb=0.000000e+00, relation_tau=7.170833e-11, relation_wq=0.000000e+00, relation_wk=0.000000e+00, personal_u=0.000000e+00, personal_v=0.000000e+00, personal_alpha_bias=0.000000e+00, personal_gate_emb=0.000000e+00, personal_gate_student_proj=0.000000e+00, personal_gate_context_proj=0.000000e+00, personal_gate_student_direct=0.000000e+00, personal_gate_context_direct=0.000000e+00, personal_gate_out=0.000000e+00, personal_generator_emb=0.000000e+00, personal_generator_context_proj=0.000000e+00, personal_generator_context_hidden=0.000000e+00, personal_generator_context_to_u=0.000000e+00, personal_generator_context_to_v=0.000000e+00
2026-04-10 08:06:33,815 - INFO - [assist_09|assist_09_abce_ae_dominant_no_E|lr=0.0003|drop=0.20] -> No improvement 1 epoch(s) (best AUC=0.7653 @ 22)
2026-04-10 08:07:18,515 - INFO - [assist_09|assist_09_abce_ae_dominant_no_E|lr=0.0003|drop=0.20] Epoch [024/100] | Train: Loss=0.4248, BCE=0.4133, Reg=0.0115, AUC=0.8813, ACC=0.8008, RMSE=0.3655 | Val: Loss=0.5603, BCE=0.5532, Reg=0.0071, AUC=0.7651, ACC=0.7321, RMSE=0.4272
2026-04-10 08:07:18,515 - INFO - [assist_09|assist_09_abce_ae_dominant_no_E|lr=0.0003|drop=0.20] [Reg Terms] Epoch [024] | Train: graph_entropy=0.000000, graph_diag=0.000000, graph_uniform=0.003011, graph_reg_scale=1.0000, mf_l2=0.000001, delta_ratio=0.003951, personal_sparse=0.000000, alpha_var=0.000000, alpha_collapse=0.000000, reg_bce_ratio=0.0279 | Val: graph_entropy=0.000000, graph_diag=0.000000, graph_uniform=0.003011, graph_reg_scale=1.0000, mf_l2=0.000001, delta_ratio=0.001017, personal_sparse=0.000000, alpha_var=0.000000, alpha_collapse=0.000000, reg_bce_ratio=0.0129
2026-04-10 08:07:18,665 - INFO - [assist_09|assist_09_abce_ae_dominant_no_E|lr=0.0003|drop=0.20] [Diag][M3] Epoch [024] | residual_abs_mean=1.2412, residual_std=0.3272, mf_abs_mean=1.2412, mf_std=0.3272, gate_mean=0.0869, gate_std=0.1051, q_interaction_abs_mean=0.1543, id_adapter_abs_mean=0.2828, bias_abs_mean=1.3306, B_q_share=0.1243, B_id_share=0.2278, B_bias_share=1.0720, student_q_norm=1.8079, student_id_adapter_norm=0.2660, item_q_norm=0.0708, item_id_adapter_norm=0.1601, irt_abs_mean=1.8800, irt_std=1.3084, delta_abs_mean=0.1226, delta_std=0.1637, delta_over_irt=0.0652, warmup(mf/personal)=1.00/1.00, graph_row_entropy=2.4849, graph_entropy_ratio=0.5164, alpha_mean=0.0000, alpha_std=0.0000, alpha_bias_std=0.0000, personal_row_entropy=0.0000, personal_matrix_delta=0.0000, personal_matrix_student_std=0.0000
2026-04-10 08:07:18,666 - INFO - [assist_09|assist_09_abce_ae_dominant_no_E|lr=0.0003|drop=0.20] [Diag][Graph] Epoch [024] | entropy_ratio=0.5164, diag_mass=0.0000, to_uniform_l2=0.024727, to_identity_l2=0.093849, tau_mean=0.6931, tau_std=0.0000, graph_reg_scale(train/val)=1.0000/1.0000
2026-04-10 08:07:18,666 - WARNING - [assist_09|assist_09_abce_ae_dominant_no_E|lr=0.0003|drop=0.20] [Diag Warning][B] B_q_share is low: B_q_share=0.1243, B_id_share=0.2278, B_bias_share=1.0720
2026-04-10 08:07:18,666 - WARNING - [assist_09|assist_09_abce_ae_dominant_no_E|lr=0.0003|drop=0.20] [Diag Warning][Graph] graph-related grad norms are near zero for 11 epoch(s): relation_emb=0.000000e+00, relation_tau=1.861055e-11, relation_wq=0.000000e+00, relation_wk=0.000000e+00, personal_u=0.000000e+00, personal_v=0.000000e+00, personal_alpha_bias=0.000000e+00, personal_gate_emb=0.000000e+00, personal_gate_student_proj=0.000000e+00, personal_gate_context_proj=0.000000e+00, personal_gate_student_direct=0.000000e+00, personal_gate_context_direct=0.000000e+00, personal_gate_out=0.000000e+00, personal_generator_emb=0.000000e+00, personal_generator_context_proj=0.000000e+00, personal_generator_context_hidden=0.000000e+00, personal_generator_context_to_u=0.000000e+00, personal_generator_context_to_v=0.000000e+00
2026-04-10 08:07:18,666 - INFO - [assist_09|assist_09_abce_ae_dominant_no_E|lr=0.0003|drop=0.20] [Grad Norms] Epoch [024] | mf_u_proj=0.002039, mf_v_proj=0.002307, b_id_student_proj=0.028885, b_id_item_proj=0.029316, b_bias_scale=0.002259, fusion_gate=0.006144, q_gate_raw=0.000000, skill_latent=0.081356, student_q_proj=0.003189, item_id_adapter=0.123668, relation_emb=0.000000e+00, relation_tau=1.861055e-11, relation_wq=0.000000e+00, relation_wk=0.000000e+00, personal_u=0.000000e+00, personal_v=0.000000e+00, personal_alpha_bias=0.000000e+00, personal_gate_emb=0.000000e+00, personal_gate_student_proj=0.000000e+00, personal_gate_context_proj=0.000000e+00, personal_gate_student_direct=0.000000e+00, personal_gate_context_direct=0.000000e+00, personal_gate_out=0.000000e+00, personal_generator_emb=0.000000e+00, personal_generator_context_proj=0.000000e+00, personal_generator_context_hidden=0.000000e+00, personal_generator_context_to_u=0.000000e+00, personal_generator_context_to_v=0.000000e+00
2026-04-10 08:07:18,666 - INFO - [assist_09|assist_09_abce_ae_dominant_no_E|lr=0.0003|drop=0.20] -> No improvement 2 epoch(s) (best AUC=0.7653 @ 22)
2026-04-10 08:08:05,225 - INFO - [assist_09|assist_09_abce_ae_dominant_no_E|lr=0.0003|drop=0.20] Epoch [025/100] | Train: Loss=0.4246, BCE=0.4129, Reg=0.0117, AUC=0.8813, ACC=0.8003, RMSE=0.3654 | Val: Loss=0.5599, BCE=0.5525, Reg=0.0074, AUC=0.7657, ACC=0.7325, RMSE=0.4268
2026-04-10 08:08:05,225 - INFO - [assist_09|assist_09_abce_ae_dominant_no_E|lr=0.0003|drop=0.20] [Reg Terms] Epoch [025] | Train: graph_entropy=0.000000, graph_diag=0.000000, graph_uniform=0.003011, graph_reg_scale=1.0000, mf_l2=0.000001, delta_ratio=0.003986, personal_sparse=0.000000, alpha_var=0.000000, alpha_collapse=0.000000, reg_bce_ratio=0.0283 | Val: graph_entropy=0.000000, graph_diag=0.000000, graph_uniform=0.003011, graph_reg_scale=1.0000, mf_l2=0.000001, delta_ratio=0.001107, personal_sparse=0.000000, alpha_var=0.000000, alpha_collapse=0.000000, reg_bce_ratio=0.0133
2026-04-10 08:08:05,378 - INFO - [assist_09|assist_09_abce_ae_dominant_no_E|lr=0.0003|drop=0.20] [Diag][M3] Epoch [025] | residual_abs_mean=1.2515, residual_std=0.3259, mf_abs_mean=1.2515, mf_std=0.3259, gate_mean=0.0856, gate_std=0.1053, q_interaction_abs_mean=0.1575, id_adapter_abs_mean=0.2887, bias_abs_mean=1.3433, B_q_share=0.1259, B_id_share=0.2307, B_bias_share=1.0733, student_q_norm=1.8288, student_id_adapter_norm=0.2655, item_q_norm=0.0703, item_id_adapter_norm=0.1588, irt_abs_mean=1.8961, irt_std=1.3057, delta_abs_mean=0.1215, delta_std=0.1641, delta_over_irt=0.0641, warmup(mf/personal)=1.00/1.00, graph_row_entropy=2.4849, graph_entropy_ratio=0.5164, alpha_mean=0.0000, alpha_std=0.0000, alpha_bias_std=0.0000, personal_row_entropy=0.0000, personal_matrix_delta=0.0000, personal_matrix_student_std=0.0000
2026-04-10 08:08:05,379 - INFO - [assist_09|assist_09_abce_ae_dominant_no_E|lr=0.0003|drop=0.20] [Diag][Graph] Epoch [025] | entropy_ratio=0.5164, diag_mass=0.0000, to_uniform_l2=0.024727, to_identity_l2=0.093849, tau_mean=0.6932, tau_std=0.0000, graph_reg_scale(train/val)=1.0000/1.0000
2026-04-10 08:08:05,379 - WARNING - [assist_09|assist_09_abce_ae_dominant_no_E|lr=0.0003|drop=0.20] [Diag Warning][B] B_q_share is low: B_q_share=0.1259, B_id_share=0.2307, B_bias_share=1.0733
2026-04-10 08:08:05,379 - WARNING - [assist_09|assist_09_abce_ae_dominant_no_E|lr=0.0003|drop=0.20] [Diag Warning][Graph] graph-related grad norms are near zero for 12 epoch(s): relation_emb=0.000000e+00, relation_tau=3.354010e-10, relation_wq=0.000000e+00, relation_wk=0.000000e+00, personal_u=0.000000e+00, personal_v=0.000000e+00, personal_alpha_bias=0.000000e+00, personal_gate_emb=0.000000e+00, personal_gate_student_proj=0.000000e+00, personal_gate_context_proj=0.000000e+00, personal_gate_student_direct=0.000000e+00, personal_gate_context_direct=0.000000e+00, personal_gate_out=0.000000e+00, personal_generator_emb=0.000000e+00, personal_generator_context_proj=0.000000e+00, personal_generator_context_hidden=0.000000e+00, personal_generator_context_to_u=0.000000e+00, personal_generator_context_to_v=0.000000e+00
2026-04-10 08:08:05,379 - INFO - [assist_09|assist_09_abce_ae_dominant_no_E|lr=0.0003|drop=0.20] [Grad Norms] Epoch [025] | mf_u_proj=0.002800, mf_v_proj=0.004604, b_id_student_proj=0.028510, b_id_item_proj=0.030513, b_bias_scale=0.000503, fusion_gate=0.007985, q_gate_raw=0.000000, skill_latent=0.074607, student_q_proj=0.003416, item_id_adapter=0.100617, relation_emb=0.000000e+00, relation_tau=3.354010e-10, relation_wq=0.000000e+00, relation_wk=0.000000e+00, personal_u=0.000000e+00, personal_v=0.000000e+00, personal_alpha_bias=0.000000e+00, personal_gate_emb=0.000000e+00, personal_gate_student_proj=0.000000e+00, personal_gate_context_proj=0.000000e+00, personal_gate_student_direct=0.000000e+00, personal_gate_context_direct=0.000000e+00, personal_gate_out=0.000000e+00, personal_generator_emb=0.000000e+00, personal_generator_context_proj=0.000000e+00, personal_generator_context_hidden=0.000000e+00, personal_generator_context_to_u=0.000000e+00, personal_generator_context_to_v=0.000000e+00
2026-04-10 08:08:05,826 - INFO - [assist_09|assist_09_abce_ae_dominant_no_E|lr=0.0003|drop=0.20] -> New best AUC=0.7657 at epoch 25
2026-04-10 08:08:50,869 - INFO - [assist_09|assist_09_abce_ae_dominant_no_E|lr=0.0003|drop=0.20] Epoch [026/100] | Train: Loss=0.4231, BCE=0.4112, Reg=0.0119, AUC=0.8829, ACC=0.8020, RMSE=0.3645 | Val: Loss=0.5598, BCE=0.5522, Reg=0.0076, AUC=0.7655, ACC=0.7312, RMSE=0.4268
2026-04-10 08:08:50,870 - INFO - [assist_09|assist_09_abce_ae_dominant_no_E|lr=0.0003|drop=0.20] [Reg Terms] Epoch [026] | Train: graph_entropy=0.000000, graph_diag=0.000003, graph_uniform=0.003011, graph_reg_scale=1.0000, mf_l2=0.000001, delta_ratio=0.004061, personal_sparse=0.000000, alpha_var=0.000000, alpha_collapse=0.000000, reg_bce_ratio=0.0289 | Val: graph_entropy=0.000000, graph_diag=0.000000, graph_uniform=0.003011, graph_reg_scale=1.0000, mf_l2=0.000001, delta_ratio=0.001126, personal_sparse=0.000000, alpha_var=0.000000, alpha_collapse=0.000000, reg_bce_ratio=0.0138
2026-04-10 08:08:51,021 - INFO - [assist_09|assist_09_abce_ae_dominant_no_E|lr=0.0003|drop=0.20] [Diag][M3] Epoch [026] | residual_abs_mean=1.2555, residual_std=0.3300, mf_abs_mean=1.2555, mf_std=0.3300, gate_mean=0.0876, gate_std=0.1064, q_interaction_abs_mean=0.1544, id_adapter_abs_mean=0.2974, bias_abs_mean=1.3577, B_q_share=0.1229, B_id_share=0.2368, B_bias_share=1.0814, student_q_norm=1.7464, student_id_adapter_norm=0.2649, item_q_norm=0.0699, item_id_adapter_norm=0.1576, irt_abs_mean=1.8871, irt_std=1.3348, delta_abs_mean=0.1250, delta_std=0.1660, delta_over_irt=0.0662, warmup(mf/personal)=1.00/1.00, graph_row_entropy=2.4849, graph_entropy_ratio=0.5164, alpha_mean=0.0000, alpha_std=0.0000, alpha_bias_std=0.0000, personal_row_entropy=0.0000, personal_matrix_delta=0.0000, personal_matrix_student_std=0.0000
2026-04-10 08:08:51,022 - INFO - [assist_09|assist_09_abce_ae_dominant_no_E|lr=0.0003|drop=0.20] [Diag][Graph] Epoch [026] | entropy_ratio=0.5164, diag_mass=0.0000, to_uniform_l2=0.024727, to_identity_l2=0.093849, tau_mean=0.6931, tau_std=0.0000, graph_reg_scale(train/val)=1.0000/1.0000
2026-04-10 08:08:51,022 - WARNING - [assist_09|assist_09_abce_ae_dominant_no_E|lr=0.0003|drop=0.20] [Diag Warning][B] B_q_share is low: B_q_share=0.1229, B_id_share=0.2368, B_bias_share=1.0814
2026-04-10 08:08:51,022 - WARNING - [assist_09|assist_09_abce_ae_dominant_no_E|lr=0.0003|drop=0.20] [Diag Warning][Graph] graph-related grad norms are near zero for 13 epoch(s): relation_emb=0.000000e+00, relation_tau=6.202392e-10, relation_wq=0.000000e+00, relation_wk=0.000000e+00, personal_u=0.000000e+00, personal_v=0.000000e+00, personal_alpha_bias=0.000000e+00, personal_gate_emb=0.000000e+00, personal_gate_student_proj=0.000000e+00, personal_gate_context_proj=0.000000e+00, personal_gate_student_direct=0.000000e+00, personal_gate_context_direct=0.000000e+00, personal_gate_out=0.000000e+00, personal_generator_emb=0.000000e+00, personal_generator_context_proj=0.000000e+00, personal_generator_context_hidden=0.000000e+00, personal_generator_context_to_u=0.000000e+00, personal_generator_context_to_v=0.000000e+00
2026-04-10 08:08:51,022 - INFO - [assist_09|assist_09_abce_ae_dominant_no_E|lr=0.0003|drop=0.20] [Grad Norms] Epoch [026] | mf_u_proj=0.004393, mf_v_proj=0.004354, b_id_student_proj=0.036770, b_id_item_proj=0.037131, b_bias_scale=0.002148, fusion_gate=0.003803, q_gate_raw=0.000000, skill_latent=0.101318, student_q_proj=0.005242, item_id_adapter=0.161166, relation_emb=0.000000e+00, relation_tau=6.202392e-10, relation_wq=0.000000e+00, relation_wk=0.000000e+00, personal_u=0.000000e+00, personal_v=0.000000e+00, personal_alpha_bias=0.000000e+00, personal_gate_emb=0.000000e+00, personal_gate_student_proj=0.000000e+00, personal_gate_context_proj=0.000000e+00, personal_gate_student_direct=0.000000e+00, personal_gate_context_direct=0.000000e+00, personal_gate_out=0.000000e+00, personal_generator_emb=0.000000e+00, personal_generator_context_proj=0.000000e+00, personal_generator_context_hidden=0.000000e+00, personal_generator_context_to_u=0.000000e+00, personal_generator_context_to_v=0.000000e+00
2026-04-10 08:08:51,022 - INFO - [assist_09|assist_09_abce_ae_dominant_no_E|lr=0.0003|drop=0.20] -> No improvement 1 epoch(s) (best AUC=0.7657 @ 25)
2026-04-10 08:09:37,257 - INFO - [assist_09|assist_09_abce_ae_dominant_no_E|lr=0.0003|drop=0.20] Epoch [027/100] | Train: Loss=0.4227, BCE=0.4106, Reg=0.0120, AUC=0.8830, ACC=0.8026, RMSE=0.3642 | Val: Loss=0.5608, BCE=0.5532, Reg=0.0076, AUC=0.7655, ACC=0.7329, RMSE=0.4269
2026-04-10 08:09:37,257 - INFO - [assist_09|assist_09_abce_ae_dominant_no_E|lr=0.0003|drop=0.20] [Reg Terms] Epoch [027] | Train: graph_entropy=0.000000, graph_diag=0.000000, graph_uniform=0.003011, graph_reg_scale=1.0000, mf_l2=0.000001, delta_ratio=0.004092, personal_sparse=0.000000, alpha_var=0.000000, alpha_collapse=0.000000, reg_bce_ratio=0.0293 | Val: graph_entropy=0.000000, graph_diag=0.000000, graph_uniform=0.003011, graph_reg_scale=1.0000, mf_l2=0.000001, delta_ratio=0.001090, personal_sparse=0.000000, alpha_var=0.000000, alpha_collapse=0.000000, reg_bce_ratio=0.0138
2026-04-10 08:09:37,412 - INFO - [assist_09|assist_09_abce_ae_dominant_no_E|lr=0.0003|drop=0.20] [Diag][M3] Epoch [027] | residual_abs_mean=1.2677, residual_std=0.3284, mf_abs_mean=1.2677, mf_std=0.3284, gate_mean=0.0842, gate_std=0.1039, q_interaction_abs_mean=0.1516, id_adapter_abs_mean=0.3044, bias_abs_mean=1.3814, B_q_share=0.1196, B_id_share=0.2402, B_bias_share=1.0897, student_q_norm=1.7102, student_id_adapter_norm=0.2643, item_q_norm=0.0695, item_id_adapter_norm=0.1566, irt_abs_mean=1.9331, irt_std=1.3186, delta_abs_mean=0.1209, delta_std=0.1631, delta_over_irt=0.0625, warmup(mf/personal)=1.00/1.00, graph_row_entropy=2.4849, graph_entropy_ratio=0.5164, alpha_mean=0.0000, alpha_std=0.0000, alpha_bias_std=0.0000, personal_row_entropy=0.0000, personal_matrix_delta=0.0000, personal_matrix_student_std=0.0000
2026-04-10 08:09:37,412 - INFO - [assist_09|assist_09_abce_ae_dominant_no_E|lr=0.0003|drop=0.20] [Diag][Graph] Epoch [027] | entropy_ratio=0.5164, diag_mass=0.0000, to_uniform_l2=0.024727, to_identity_l2=0.093849, tau_mean=0.6932, tau_std=0.0000, graph_reg_scale(train/val)=1.0000/1.0000
2026-04-10 08:09:37,413 - WARNING - [assist_09|assist_09_abce_ae_dominant_no_E|lr=0.0003|drop=0.20] [Diag Warning][B] B_q_share is low: B_q_share=0.1196, B_id_share=0.2402, B_bias_share=1.0897
2026-04-10 08:09:37,413 - WARNING - [assist_09|assist_09_abce_ae_dominant_no_E|lr=0.0003|drop=0.20] [Diag Warning][Graph] graph-related grad norms are near zero for 14 epoch(s): relation_emb=0.000000e+00, relation_tau=9.249180e-11, relation_wq=0.000000e+00, relation_wk=0.000000e+00, personal_u=0.000000e+00, personal_v=0.000000e+00, personal_alpha_bias=0.000000e+00, personal_gate_emb=0.000000e+00, personal_gate_student_proj=0.000000e+00, personal_gate_context_proj=0.000000e+00, personal_gate_student_direct=0.000000e+00, personal_gate_context_direct=0.000000e+00, personal_gate_out=0.000000e+00, personal_generator_emb=0.000000e+00, personal_generator_context_proj=0.000000e+00, personal_generator_context_hidden=0.000000e+00, personal_generator_context_to_u=0.000000e+00, personal_generator_context_to_v=0.000000e+00
2026-04-10 08:09:37,413 - INFO - [assist_09|assist_09_abce_ae_dominant_no_E|lr=0.0003|drop=0.20] [Grad Norms] Epoch [027] | mf_u_proj=0.002891, mf_v_proj=0.002724, b_id_student_proj=0.032821, b_id_item_proj=0.034499, b_bias_scale=0.002058, fusion_gate=0.005155, q_gate_raw=0.000000, skill_latent=0.088618, student_q_proj=0.007636, item_id_adapter=0.133545, relation_emb=0.000000e+00, relation_tau=9.249180e-11, relation_wq=0.000000e+00, relation_wk=0.000000e+00, personal_u=0.000000e+00, personal_v=0.000000e+00, personal_alpha_bias=0.000000e+00, personal_gate_emb=0.000000e+00, personal_gate_student_proj=0.000000e+00, personal_gate_context_proj=0.000000e+00, personal_gate_student_direct=0.000000e+00, personal_gate_context_direct=0.000000e+00, personal_gate_out=0.000000e+00, personal_generator_emb=0.000000e+00, personal_generator_context_proj=0.000000e+00, personal_generator_context_hidden=0.000000e+00, personal_generator_context_to_u=0.000000e+00, personal_generator_context_to_v=0.000000e+00
2026-04-10 08:09:37,413 - INFO - [assist_09|assist_09_abce_ae_dominant_no_E|lr=0.0003|drop=0.20] -> No improvement 2 epoch(s) (best AUC=0.7657 @ 25)
2026-04-10 08:10:23,437 - INFO - [assist_09|assist_09_abce_ae_dominant_no_E|lr=0.0003|drop=0.20] Epoch [028/100] | Train: Loss=0.4201, BCE=0.4080, Reg=0.0122, AUC=0.8854, ACC=0.8038, RMSE=0.3628 | Val: Loss=0.5618, BCE=0.5542, Reg=0.0076, AUC=0.7653, ACC=0.7322, RMSE=0.4270
2026-04-10 08:10:23,437 - INFO - [assist_09|assist_09_abce_ae_dominant_no_E|lr=0.0003|drop=0.20] [Reg Terms] Epoch [028] | Train: graph_entropy=0.000000, graph_diag=0.000000, graph_uniform=0.003011, graph_reg_scale=1.0000, mf_l2=0.000001, delta_ratio=0.004154, personal_sparse=0.000000, alpha_var=0.000000, alpha_collapse=0.000000, reg_bce_ratio=0.0298 | Val: graph_entropy=0.000000, graph_diag=0.000000, graph_uniform=0.003011, graph_reg_scale=1.0000, mf_l2=0.000001, delta_ratio=0.001041, personal_sparse=0.000000, alpha_var=0.000000, alpha_collapse=0.000000, reg_bce_ratio=0.0137
2026-04-10 08:10:23,592 - INFO - [assist_09|assist_09_abce_ae_dominant_no_E|lr=0.0003|drop=0.20] [Diag][M3] Epoch [028] | residual_abs_mean=1.2731, residual_std=0.3304, mf_abs_mean=1.2731, mf_std=0.3304, gate_mean=0.0870, gate_std=0.1064, q_interaction_abs_mean=0.1556, id_adapter_abs_mean=0.3067, bias_abs_mean=1.3920, B_q_share=0.1222, B_id_share=0.2409, B_bias_share=1.0934, student_q_norm=1.7451, student_id_adapter_norm=0.2638, item_q_norm=0.0692, item_id_adapter_norm=0.1558, irt_abs_mean=1.9301, irt_std=1.3476, delta_abs_mean=0.1258, delta_std=0.1676, delta_over_irt=0.0652, warmup(mf/personal)=1.00/1.00, graph_row_entropy=2.4849, graph_entropy_ratio=0.5164, alpha_mean=0.0000, alpha_std=0.0000, alpha_bias_std=0.0000, personal_row_entropy=0.0000, personal_matrix_delta=0.0000, personal_matrix_student_std=0.0000
2026-04-10 08:10:23,593 - INFO - [assist_09|assist_09_abce_ae_dominant_no_E|lr=0.0003|drop=0.20] [Diag][Graph] Epoch [028] | entropy_ratio=0.5164, diag_mass=0.0000, to_uniform_l2=0.024727, to_identity_l2=0.093849, tau_mean=0.6931, tau_std=0.0000, graph_reg_scale(train/val)=1.0000/1.0000
2026-04-10 08:10:23,593 - WARNING - [assist_09|assist_09_abce_ae_dominant_no_E|lr=0.0003|drop=0.20] [Diag Warning][B] B_q_share is low: B_q_share=0.1222, B_id_share=0.2409, B_bias_share=1.0934
2026-04-10 08:10:23,593 - WARNING - [assist_09|assist_09_abce_ae_dominant_no_E|lr=0.0003|drop=0.20] [Diag Warning][Graph] graph-related grad norms are near zero for 15 epoch(s): relation_emb=0.000000e+00, relation_tau=2.794587e-16, relation_wq=0.000000e+00, relation_wk=0.000000e+00, personal_u=0.000000e+00, personal_v=0.000000e+00, personal_alpha_bias=0.000000e+00, personal_gate_emb=0.000000e+00, personal_gate_student_proj=0.000000e+00, personal_gate_context_proj=0.000000e+00, personal_gate_student_direct=0.000000e+00, personal_gate_context_direct=0.000000e+00, personal_gate_out=0.000000e+00, personal_generator_emb=0.000000e+00, personal_generator_context_proj=0.000000e+00, personal_generator_context_hidden=0.000000e+00, personal_generator_context_to_u=0.000000e+00, personal_generator_context_to_v=0.000000e+00
2026-04-10 08:10:23,593 - INFO - [assist_09|assist_09_abce_ae_dominant_no_E|lr=0.0003|drop=0.20] [Grad Norms] Epoch [028] | mf_u_proj=0.003630, mf_v_proj=0.003028, b_id_student_proj=0.035696, b_id_item_proj=0.035235, b_bias_scale=0.000701, fusion_gate=0.007480, q_gate_raw=0.000000, skill_latent=0.098502, student_q_proj=0.007163, item_id_adapter=0.136533, relation_emb=0.000000e+00, relation_tau=2.794587e-16, relation_wq=0.000000e+00, relation_wk=0.000000e+00, personal_u=0.000000e+00, personal_v=0.000000e+00, personal_alpha_bias=0.000000e+00, personal_gate_emb=0.000000e+00, personal_gate_student_proj=0.000000e+00, personal_gate_context_proj=0.000000e+00, personal_gate_student_direct=0.000000e+00, personal_gate_context_direct=0.000000e+00, personal_gate_out=0.000000e+00, personal_generator_emb=0.000000e+00, personal_generator_context_proj=0.000000e+00, personal_generator_context_hidden=0.000000e+00, personal_generator_context_to_u=0.000000e+00, personal_generator_context_to_v=0.000000e+00
2026-04-10 08:10:23,593 - INFO - [assist_09|assist_09_abce_ae_dominant_no_E|lr=0.0003|drop=0.20] -> No improvement 3 epoch(s) (best AUC=0.7657 @ 25)
2026-04-10 08:10:23,593 - INFO - [assist_09|assist_09_abce_ae_dominant_no_E|lr=0.0003|drop=0.20] Early stopping at epoch 28 (best AUC=0.7657 @ 25)
2026-04-10 08:10:23,604 - INFO - Epoch-wise metrics saved to checkpoints/abce_diag/20260410_072301/assist_09/seed42/ae_dominant_no_E/metrics_history.csv
2026-04-10 08:10:23,608 - INFO - [assist_09|assist_09_abce_ae_dominant_no_E|lr=0.0003|drop=0.20] Training completed! Best Val AUC=0.7657 @ epoch 25
2026-04-10 08:10:23,775 - INFO - 
============================================================
         MODULE ACTIVITY REPORT
============================================================
Dataset: assist_09 | Seed: 42 | Epoch: 28

1. Concept Graph Module:
   - Mean row entropy: 2.485 / 4.812
   - Entropy ratio: 51.6%
   - Status: ACTIVE (learning meaningful structure)

2. Personal Graph Module:
   - Status: DISABLED (use_personal_graph=False)

3. Skill/MF Module:
   - MF logit |mean|: 1.2302
   - MF logit std: 0.3964
   - Fusion gate mean: 0.096
   - Status: ACTIVE (contributing to predictions)

------------------------------------------------------------
SUMMARY:
   Active modules: Concept Graph, Skill/MF
   All enabled modules are functioning properly!
============================================================
2026-04-10 08:10:23,776 - INFO - [assist_09|assist_09_abce_ae_dominant_no_E|lr=0.0003|drop=0.20] Module activity saved to checkpoints/abce_diag/20260410_072301/assist_09/seed42/ae_dominant_no_E/module_activity.json
2026-04-10 08:10:23,825 - INFO - Using device: cuda:0
2026-04-10 08:10:23,826 - INFO - Loading model from checkpoints/abce_diag/20260410_072301/assist_09/seed42/ae_dominant_no_E/best_model.pth...
2026-04-10 08:10:23,961 - INFO - Inference switches: ablate_module1=False, ablate_module2=False, ablate_module3=False | enable_module1=True, enable_module2=True, enable_module3=True | use_mf_branch=True, use_concept_graph=True, use_q_aligned_residual=True | effective(num_gnn_layers=1)
2026-04-10 08:10:23,988 - INFO - [Inference] Ablation runtime check: args(ablate_module1=False,ablate_module2=False,ablate_module3=False) | model(enable_module1=True,enable_module2=True,enable_module3=True) | physical(has_knowledge_encoder=True,has_mf_branch=True)
2026-04-10 08:10:23,988 - INFO - [Inference] [Module3 Init] fusion_gate_bias=-2.2000, fusion_gate_max=0.3500, implied_gate=0.0349, q_gate=0.5000, mf_scale=0.0000, bias_scale=0.2536, graph_tau_mean=1.0055, graph_tau_std=0.0000, graph_dropout=0.000
2026-04-10 08:10:23,990 - INFO - Model loaded from epoch 25. Start testing...
2026-04-10 08:10:24,956 - INFO - [Test] 200/411 batches done, samples=25600
2026-04-10 08:10:25,809 - INFO - [Test] 400/411 batches done, samples=51200
2026-04-10 08:10:25,916 - INFO - 
==================================================
2026-04-10 08:10:25,916 - INFO - Test Results:
2026-04-10 08:10:25,916 - INFO - AUC: 0.7667
2026-04-10 08:10:25,916 - INFO - ACC: 0.7363
2026-04-10 08:10:25,916 - INFO - RMSE: 0.4254
2026-04-10 08:10:25,916 - INFO - ==================================================
2026-04-10 08:10:25,933 - INFO - Summary appended to /home/zsh/ConceptSkillCDM/results/experiment_results.csv
2026-04-10 08:10:25,933 - INFO - 
Generating student diagnosis reports...
