2026-04-14 17:09:48,561 - INFO - Arguments:
2026-04-14 17:09:48,561 - INFO -   ablate_concept_graph: False
2026-04-14 17:09:48,561 - INFO -   ablate_module1: False
2026-04-14 17:09:48,561 - INFO -   allow_self_loop: True
2026-04-14 17:09:48,561 - INFO -   alpha_min_target: 0.0
2026-04-14 17:09:48,561 - INFO -   batch_size: 128
2026-04-14 17:09:48,561 - INFO -   data_dir: ./data/assist_09
2026-04-14 17:09:48,561 - INFO -   dataset_name: assist_09
2026-04-14 17:09:48,561 - INFO -   debug_graph_diag: True
2026-04-14 17:09:48,561 - INFO -   diag_batches: 1
2026-04-14 17:09:48,561 - INFO -   disable_self_loop: False
2026-04-14 17:09:48,561 - INFO -   dropout: 0.2
2026-04-14 17:09:48,561 - INFO -   early_stop_patience: 3
2026-04-14 17:09:48,561 - INFO -   enable_module1: True
2026-04-14 17:09:48,561 - INFO -   epochs: 100
2026-04-14 17:09:48,561 - INFO -   generate_diagnosis: True
2026-04-14 17:09:48,561 - INFO -   gnn_residual_weight: 0.5
2026-04-14 17:09:48,561 - INFO -   gpu_candidates: None
2026-04-14 17:09:48,561 - INFO -   gpu_ids: None
2026-04-14 17:09:48,561 - INFO -   gpu_memory_threshold: 2000
2026-04-14 17:09:48,561 - INFO -   gpus: None
2026-04-14 17:09:48,561 - INFO -   graph_dropout: 0.0
2026-04-14 17:09:48,562 - INFO -   graph_entropy_max: 0.75
2026-04-14 17:09:48,562 - INFO -   graph_entropy_min: 0.25
2026-04-14 17:09:48,562 - INFO -   graph_identity_residual: 0.05
2026-04-14 17:09:48,562 - INFO -   graph_propagation_alpha: 0.22
2026-04-14 17:09:48,562 - INFO -   graph_readout_1hop_scale: 0.45
2026-04-14 17:09:48,562 - INFO -   graph_readout_2hop_scale: 0.18
2026-04-14 17:09:48,562 - INFO -   graph_reg_cap_ratio: 6.0
2026-04-14 17:09:48,562 - INFO -   graph_reg_warmup_epochs: 4
2026-04-14 17:09:48,562 - INFO -   graph_tau_init: 0.55
2026-04-14 17:09:48,562 - INFO -   graph_topk: 12
2026-04-14 17:09:48,562 - INFO -   graph_uniform_margin: 0.1
2026-04-14 17:09:48,562 - INFO -   knowledge_dim: 64
2026-04-14 17:09:48,562 - INFO -   lambda_alpha: 0.0
2026-04-14 17:09:48,562 - INFO -   lambda_alpha_min: 0.0
2026-04-14 17:09:48,562 - INFO -   lambda_graph_diag: 0.1
2026-04-14 17:09:48,562 - INFO -   lambda_graph_uniform: 0.04
2026-04-14 17:09:48,562 - INFO -   lambda_sparse: 0.8
2026-04-14 17:09:48,562 - INFO -   lambda_sparse_personal: 0.0
2026-04-14 17:09:48,562 - INFO -   learning_rate: 0.0003
2026-04-14 17:09:48,562 - INFO -   log_dir: logs/abce_diag/remote_ae_cleanrerun2_20260415_4118a85/assist_09/seed42/ae_dominant_no_E
2026-04-14 17:09:48,562 - INFO -   max_test_batches: None
2026-04-14 17:09:48,562 - INFO -   max_train_batches: None
2026-04-14 17:09:48,562 - INFO -   max_val_batches: None
2026-04-14 17:09:48,562 - INFO -   min_exer_interactions: 0
2026-04-14 17:09:48,562 - INFO -   min_poison_count: 0
2026-04-14 17:09:48,562 - INFO -   min_stu_interactions: 15
2026-04-14 17:09:48,562 - INFO -   model_variant: assist_09_abce_ae_dominant_no_E
2026-04-14 17:09:48,562 - INFO -   multi_gpu: False
2026-04-14 17:09:48,562 - INFO -   no_cuda: False
2026-04-14 17:09:48,562 - INFO -   num_gnn_layers: 1
2026-04-14 17:09:48,562 - INFO -   num_gpus: 1
2026-04-14 17:09:48,562 - INFO -   num_relation_heads: 2
2026-04-14 17:09:48,563 - INFO -   num_workers: 4
2026-04-14 17:09:48,563 - INFO -   patience: 5
2026-04-14 17:09:48,563 - INFO -   personal_alpha_bias_scale: 0.03
2026-04-14 17:09:48,563 - INFO -   personal_delta_scale: 7.0
2026-04-14 17:09:48,563 - INFO -   personal_disable_student_global_context: True
2026-04-14 17:09:48,563 - INFO -   personal_local_hops: 1
2026-04-14 17:09:48,563 - INFO -   personal_max_alpha: 0.45
2026-04-14 17:09:48,563 - INFO -   personal_rank: 8
2026-04-14 17:09:48,563 - INFO -   personal_reg_warmup_epochs: 6
2026-04-14 17:09:48,563 - INFO -   personal_student_dim: 32
2026-04-14 17:09:48,563 - INFO -   personal_support_only: True
2026-04-14 17:09:48,563 - INFO -   personal_warmup_epochs: 6
2026-04-14 17:09:48,563 - INFO -   prediction_l2_lambda: 1e-05
2026-04-14 17:09:48,563 - INFO -   save_dir: checkpoints/abce_diag/remote_ae_cleanrerun2_20260415_4118a85/assist_09/seed42/ae_dominant_no_E
2026-04-14 17:09:48,563 - INFO -   save_interval: 10
2026-04-14 17:09:48,563 - INFO -   seed: 42
2026-04-14 17:09:48,563 - INFO -   share_concept_embeddings: True
2026-04-14 17:09:48,563 - INFO -   use_concept_graph: True
2026-04-14 17:09:48,563 - INFO -   use_exercise_graph: True
2026-04-14 17:09:48,563 - INFO -   use_personal_graph: False
2026-04-14 17:09:48,563 - INFO -   weight_decay: 1e-05
2026-04-14 17:09:48,651 - INFO - Using device: cuda:0 (physical gpu 1)
2026-04-14 17:09:48,652 - INFO - [assist_09|assist_09_abce_ae_dominant_no_E|lr=0.0003|drop=0.20] Loading datasets...
2026-04-14 17:09:48,652 - INFO - [assist_09|assist_09_abce_ae_dominant_no_E|lr=0.0003|drop=0.20] Regularization: graph_entropy(lambda_sparse)=0.800000, graph_diag=0.100000, graph_uniform=0.040000, personal_sparse=0.000000, alpha_penalty=0.000000, alpha_min=0.000000, prediction_l2=0.000010
2026-04-14 17:09:48,652 - INFO - [assist_09|assist_09_abce_ae_dominant_no_E|lr=0.0003|drop=0.20] Graph controls: entropy_band=[0.25, 0.75], uniform_margin=0.10, warmup_epochs=4, cap_ratio=6.00, graph_dropout=0.000, graph_tau_init=0.550
2026-04-14 17:09:48,652 - INFO - [assist_09|assist_09_abce_ae_dominant_no_E|lr=0.0003|drop=0.20] Personal controls: personal_max_alpha=0.450, personal_delta_scale=7.000, personal_warmup_epochs=6, personal_student_dim=32, alpha_min_target=0.0000, personal_local_hops=1, personal_support_only=True, graph_propagation_alpha=0.220, graph_readout_1hop_scale=0.450, graph_readout_2hop_scale=0.180
2026-04-14 17:09:48,749 - INFO - [assist_09] [数据清洗] 学生交互次数 < 15 次的学生：共移除 313 个学生（仅统计用户数）
2026-04-14 17:09:48,763 - INFO - [assist_09] [数据清洗] 学生冷启动过滤：在 train/valid/test 中共删除 5118 条记录。
2026-04-14 17:09:48,764 - INFO - [assist_09] [数据清洗] 跳过题目冷门过滤（min_exer_interactions <= 0）。
2026-04-14 17:09:48,764 - INFO - [assist_09] [数据清洗] 跳过毒题清洗（min_poison_count <= 0）。
2026-04-14 17:09:48,764 - INFO - [assist_09] 正在构建ID映射...
2026-04-14 17:09:49,008 - INFO - [assist_09] 正在构建Q矩阵...
2026-04-14 17:09:56,357 - INFO - [assist_09] [数据清洗] Valid train-seen 过滤：before=20072, after=19875, dropped=197, coverage=99.02%
2026-04-14 17:09:56,366 - INFO - [assist_09] [数据清洗] Test train-seen 过滤：before=51610, after=51090, dropped=520, coverage=98.99%
2026-04-14 17:09:56,367 - INFO - [assist_09] [统计] 开始统计清洗后每道题的概念数量分布...
2026-04-14 17:09:56,374 - INFO - [assist_09] [Train] 概念数统计：题目数=17057, 平均概念数=1.1995, min=1, max=4, 1概念=14129 (82.83%), ≥2概念=2928 (17.17%)
2026-04-14 17:09:56,375 - INFO - [assist_09] [Train] 概念数直方图（概念数: 题目数量）: {1: 14129, 2: 2533, 3: 315, 4: 80}
2026-04-14 17:09:56,378 - INFO - [assist_09] [Valid] 概念数统计：题目数=9034, 平均概念数=1.1996, min=1, max=4, 1概念=7500 (83.02%), ≥2概念=1534 (16.98%)
2026-04-14 17:09:56,378 - INFO - [assist_09] [Valid] 概念数直方图（概念数: 题目数量）: {1: 7500, 2: 1314, 3: 171, 4: 49}
2026-04-14 17:09:56,381 - INFO - [assist_09] [Test] 概念数统计：题目数=12825, 平均概念数=1.1994, min=1, max=4, 1概念=10661 (83.13%), ≥2概念=2164 (16.87%)
2026-04-14 17:09:56,382 - INFO - [assist_09] [Test] 概念数直方图（概念数: 题目数量）: {1: 10661, 2: 1836, 3: 263, 4: 65}
2026-04-14 17:09:56,382 - INFO - [assist_09] [统计] 概念数量统计完成。
2026-04-14 17:09:56,382 - INFO - [assist_09] 正在加载数据集...
2026-04-14 17:09:56,458 - INFO - [assist_09|assist_09_abce_ae_dominant_no_E|lr=0.0003|drop=0.20] Train samples: 190623, Val samples: 19875
2026-04-14 17:09:56,459 - INFO - [assist_09|assist_09_abce_ae_dominant_no_E|lr=0.0003|drop=0.20] Number of students: 2180
2026-04-14 17:09:56,459 - INFO - [assist_09|assist_09_abce_ae_dominant_no_E|lr=0.0003|drop=0.20] Number of exercises: 17057
2026-04-14 17:09:56,459 - INFO - [assist_09|assist_09_abce_ae_dominant_no_E|lr=0.0003|drop=0.20] Number of concepts: 123
2026-04-14 17:09:56,459 - INFO - [assist_09|assist_09_abce_ae_dominant_no_E|lr=0.0003|drop=0.20] Creating model...
2026-04-14 17:09:56,459 - INFO - [assist_09|assist_09_abce_ae_dominant_no_E|lr=0.0003|drop=0.20] Ablation switches: ablate_module1=False | enable_module1=True | use_concept_graph=True | effective(num_gnn_layers=1)
2026-04-14 17:09:56,582 - INFO - [assist_09|assist_09_abce_ae_dominant_no_E|lr=0.0003|drop=0.20] Ablation runtime check: args(ablate_module1=False) | expect(use_concept_graph=True,use_personal_graph=False) | model(enable_module1=True,use_concept_graph=True,use_personal_graph=False) | physical(has_knowledge_encoder=True,has_relation_learning=True,has_adaptive_gate=False,has_personal_generator=False)
2026-04-14 17:09:56,582 - INFO - [assist_09|assist_09_abce_ae_dominant_no_E|lr=0.0003|drop=0.20] Debug diagnostics enabled: diag_batches=1
2026-04-14 17:09:56,604 - INFO - [assist_09|assist_09_abce_ae_dominant_no_E|lr=0.0003|drop=0.20] [Graph Init] graph_tau_mean=1.0055, graph_tau_std=0.0000, graph_dropout=0.000, use_personal_graph=False
2026-04-14 17:09:56,604 - INFO - [assist_09|assist_09_abce_ae_dominant_no_E|lr=0.0003|drop=0.20] Total parameters: 214,220
2026-04-14 17:09:56,604 - INFO - [assist_09|assist_09_abce_ae_dominant_no_E|lr=0.0003|drop=0.20] Trainable parameters: 214,220
2026-04-14 17:09:57,566 - INFO - [assist_09|assist_09_abce_ae_dominant_no_E|lr=0.0003|drop=0.20] Monitor config: scheduler=val_auc(max), best_checkpoint=val_auc(max), early_stop=val_auc(max)
2026-04-14 17:09:57,566 - INFO - [assist_09|assist_09_abce_ae_dominant_no_E|lr=0.0003|drop=0.20] Starting training...
2026-04-14 17:10:26,116 - INFO - [assist_09|assist_09_abce_ae_dominant_no_E|lr=0.0003|drop=0.20] Epoch [001/100] | Train: Loss=0.5992, BCE=0.5940, Reg=0.0052, AUC=0.6817, ACC=0.6896, RMSE=0.4511 | Val: Loss=0.5781, BCE=0.5733, Reg=0.0047, AUC=0.7270, ACC=0.7083, RMSE=0.4411
2026-04-14 17:10:26,116 - INFO - [assist_09|assist_09_abce_ae_dominant_no_E|lr=0.0003|drop=0.20] [Reg Terms] Epoch [001] | Train: graph_entropy=0.000000, graph_diag=0.004470, graph_uniform=0.000737, graph_reg_scale=1.0000, prediction_l2=0.000000, personal_sparse=0.000000, alpha_var=0.000000, alpha_collapse=0.000000, reg_bce_ratio=0.0088 | Val: graph_entropy=0.000000, graph_diag=0.003994, graph_uniform=0.000742, graph_reg_scale=1.0000, prediction_l2=0.000000, personal_sparse=0.000000, alpha_var=0.000000, alpha_collapse=0.000000, reg_bce_ratio=0.0083
2026-04-14 17:10:26,266 - INFO - [assist_09|assist_09_abce_ae_dominant_no_E|lr=0.0003|drop=0.20] [Diag][AE] Epoch [001] | irt_abs_mean=1.3125, irt_std=0.6044, personal_warmup_scale=1.00, graph_row_entropy=2.4541, graph_entropy_ratio=0.5100, alpha_mean=0.0000, alpha_std=0.0000, alpha_bias_std=0.0000, alpha_state_path=0.0000, alpha_id_path=0.0000, alpha_bias_path=0.0000, head_bias_path=0.0000, personal_row_entropy=0.0000, personal_matrix_delta=0.0000, personal_matrix_student_std=0.0000, personal_delta_pre_softmax_norm=0.0000, personal_delta_student_std=0.0000, alpha_head_std=0.0000, personal_student_mix=0.0000, personal_student_adapter=0.0000, local_row_ratio=0.0000, support_density=0.0000, readout_query_delta=0.0000, personal_bad_rows=0.00, personal_fallback_rows=0.00, personal_logits_absmax=0.0000
2026-04-14 17:10:26,267 - INFO - [assist_09|assist_09_abce_ae_dominant_no_E|lr=0.0003|drop=0.20] [Diag][A] Epoch [001] | entropy_ratio=0.5100, diag_mass=0.1598, to_uniform_l2=0.025753, to_identity_l2=0.079129, relation_identity_delta=0.000000, knowledge_state_graph_delta=0.000000, knowledge_state_personal_delta=0.000000, share_concept_embeddings=True, tau_mean=0.8424, tau_std=0.0006, graph_reg_scale(train/val)=1.0000/1.0000
2026-04-14 17:10:26,267 - INFO - [assist_09|assist_09_abce_ae_dominant_no_E|lr=0.0003|drop=0.20] [Grad Norms] Epoch [001] | relation_emb=1.560573e-01, relation_tau=4.644638e-06, relation_wq=6.558691e-05, relation_wk=5.870455e-05, personal_u=0.000000e+00, personal_v=0.000000e+00, personal_alpha_bias=0.000000e+00, personal_gate_emb=0.000000e+00, personal_gate_state_proj=0.000000e+00, personal_gate_context_proj=0.000000e+00, personal_gate_state_direct=0.000000e+00, personal_gate_id_direct=0.000000e+00, personal_gate_context_direct=0.000000e+00, personal_gate_out=0.000000e+00, personal_generator_emb=0.000000e+00, personal_generator_context_proj=0.000000e+00, personal_generator_context_hidden=0.000000e+00, personal_generator_context_to_u=0.000000e+00, personal_generator_context_to_v=0.000000e+00, personal_generator_state_row=0.000000e+00, personal_generator_state_col=0.000000e+00, personal_generator_id_row=0.000000e+00, personal_generator_id_col=0.000000e+00, personal_generator_state_adapter=0.000000e+00, personal_generator_id_adapter=0.000000e+00, personal_generator_context_adapter=0.000000e+00, personal_generator_direct_scale=0.000000e+00
2026-04-14 17:10:26,428 - INFO - [assist_09|assist_09_abce_ae_dominant_no_E|lr=0.0003|drop=0.20] -> New best AUC=0.7270 at epoch 1
2026-04-14 17:10:51,708 - INFO - [assist_09|assist_09_abce_ae_dominant_no_E|lr=0.0003|drop=0.20] Epoch [002/100] | Train: Loss=0.5651, BCE=0.5578, Reg=0.0073, AUC=0.7384, ACC=0.7181, RMSE=0.4337 | Val: Loss=0.5682, BCE=0.5638, Reg=0.0044, AUC=0.7323, ACC=0.7117, RMSE=0.4368
2026-04-14 17:10:51,709 - INFO - [assist_09|assist_09_abce_ae_dominant_no_E|lr=0.0003|drop=0.20] [Reg Terms] Epoch [002] | Train: graph_entropy=0.000000, graph_diag=0.005804, graph_uniform=0.001502, graph_reg_scale=1.0000, prediction_l2=0.000000, personal_sparse=0.000000, alpha_var=0.000000, alpha_collapse=0.000000, reg_bce_ratio=0.0131 | Val: graph_entropy=0.000000, graph_diag=0.002901, graph_uniform=0.001522, graph_reg_scale=1.0000, prediction_l2=0.000000, personal_sparse=0.000000, alpha_var=0.000000, alpha_collapse=0.000000, reg_bce_ratio=0.0078
2026-04-14 17:10:51,865 - INFO - [assist_09|assist_09_abce_ae_dominant_no_E|lr=0.0003|drop=0.20] [Diag][AE] Epoch [002] | irt_abs_mean=1.2712, irt_std=0.6220, personal_warmup_scale=1.00, graph_row_entropy=2.5504, graph_entropy_ratio=0.5300, alpha_mean=0.0000, alpha_std=0.0000, alpha_bias_std=0.0000, alpha_state_path=0.0000, alpha_id_path=0.0000, alpha_bias_path=0.0000, head_bias_path=0.0000, personal_row_entropy=0.0000, personal_matrix_delta=0.0000, personal_matrix_student_std=0.0000, personal_delta_pre_softmax_norm=0.0000, personal_delta_student_std=0.0000, alpha_head_std=0.0000, personal_student_mix=0.0000, personal_student_adapter=0.0000, local_row_ratio=0.0000, support_density=0.0000, readout_query_delta=0.0000, personal_bad_rows=0.00, personal_fallback_rows=0.00, personal_logits_absmax=0.0000
2026-04-14 17:10:51,865 - INFO - [assist_09|assist_09_abce_ae_dominant_no_E|lr=0.0003|drop=0.20] [Diag][A] Epoch [002] | entropy_ratio=0.5300, diag_mass=0.0580, to_uniform_l2=0.023923, to_identity_l2=0.088459, relation_identity_delta=0.000000, knowledge_state_graph_delta=0.000000, knowledge_state_personal_delta=0.000000, share_concept_embeddings=True, tau_mean=0.6616, tau_std=0.0758, graph_reg_scale(train/val)=1.0000/1.0000
2026-04-14 17:10:51,866 - INFO - [assist_09|assist_09_abce_ae_dominant_no_E|lr=0.0003|drop=0.20] [Grad Norms] Epoch [002] | relation_emb=1.497105e-01, relation_tau=5.302300e-05, relation_wq=1.309998e-04, relation_wk=1.241218e-04, personal_u=0.000000e+00, personal_v=0.000000e+00, personal_alpha_bias=0.000000e+00, personal_gate_emb=0.000000e+00, personal_gate_state_proj=0.000000e+00, personal_gate_context_proj=0.000000e+00, personal_gate_state_direct=0.000000e+00, personal_gate_id_direct=0.000000e+00, personal_gate_context_direct=0.000000e+00, personal_gate_out=0.000000e+00, personal_generator_emb=0.000000e+00, personal_generator_context_proj=0.000000e+00, personal_generator_context_hidden=0.000000e+00, personal_generator_context_to_u=0.000000e+00, personal_generator_context_to_v=0.000000e+00, personal_generator_state_row=0.000000e+00, personal_generator_state_col=0.000000e+00, personal_generator_id_row=0.000000e+00, personal_generator_id_col=0.000000e+00, personal_generator_state_adapter=0.000000e+00, personal_generator_id_adapter=0.000000e+00, personal_generator_context_adapter=0.000000e+00, personal_generator_direct_scale=0.000000e+00
2026-04-14 17:10:52,155 - INFO - [assist_09|assist_09_abce_ae_dominant_no_E|lr=0.0003|drop=0.20] -> New best AUC=0.7323 at epoch 2
2026-04-14 17:11:18,997 - INFO - [assist_09|assist_09_abce_ae_dominant_no_E|lr=0.0003|drop=0.20] Epoch [003/100] | Train: Loss=0.5549, BCE=0.5488, Reg=0.0061, AUC=0.7489, ACC=0.7223, RMSE=0.4298 | Val: Loss=0.5666, BCE=0.5605, Reg=0.0060, AUC=0.7353, ACC=0.7108, RMSE=0.4355
2026-04-14 17:11:18,998 - INFO - [assist_09|assist_09_abce_ae_dominant_no_E|lr=0.0003|drop=0.20] [Reg Terms] Epoch [003] | Train: graph_entropy=0.000000, graph_diag=0.003832, graph_uniform=0.002286, graph_reg_scale=1.0000, prediction_l2=0.000000, personal_sparse=0.000000, alpha_var=0.000000, alpha_collapse=0.000000, reg_bce_ratio=0.0111 | Val: graph_entropy=0.000000, graph_diag=0.003750, graph_uniform=0.002286, graph_reg_scale=1.0000, prediction_l2=0.000000, personal_sparse=0.000000, alpha_var=0.000000, alpha_collapse=0.000000, reg_bce_ratio=0.0108
2026-04-14 17:11:19,157 - INFO - [assist_09|assist_09_abce_ae_dominant_no_E|lr=0.0003|drop=0.20] [Diag][AE] Epoch [003] | irt_abs_mean=1.2663, irt_std=0.6442, personal_warmup_scale=1.00, graph_row_entropy=2.5592, graph_entropy_ratio=0.5318, alpha_mean=0.0000, alpha_std=0.0000, alpha_bias_std=0.0000, alpha_state_path=0.0000, alpha_id_path=0.0000, alpha_bias_path=0.0000, head_bias_path=0.0000, personal_row_entropy=0.0000, personal_matrix_delta=0.0000, personal_matrix_student_std=0.0000, personal_delta_pre_softmax_norm=0.0000, personal_delta_student_std=0.0000, alpha_head_std=0.0000, personal_student_mix=0.0000, personal_student_adapter=0.0000, local_row_ratio=0.0000, support_density=0.0000, readout_query_delta=0.0000, personal_bad_rows=0.00, personal_fallback_rows=0.00, personal_logits_absmax=0.0000
2026-04-14 17:11:19,157 - INFO - [assist_09|assist_09_abce_ae_dominant_no_E|lr=0.0003|drop=0.20] [Diag][A] Epoch [003] | entropy_ratio=0.5318, diag_mass=0.0500, to_uniform_l2=0.023784, to_identity_l2=0.089156, relation_identity_delta=0.000000, knowledge_state_graph_delta=0.000000, knowledge_state_personal_delta=0.000000, share_concept_embeddings=True, tau_mean=0.6495, tau_std=0.0600, graph_reg_scale(train/val)=1.0000/1.0000
2026-04-14 17:11:19,157 - INFO - [assist_09|assist_09_abce_ae_dominant_no_E|lr=0.0003|drop=0.20] [Grad Norms] Epoch [003] | relation_emb=1.899540e-01, relation_tau=1.767194e-05, relation_wq=4.029110e-05, relation_wk=3.200773e-05, personal_u=0.000000e+00, personal_v=0.000000e+00, personal_alpha_bias=0.000000e+00, personal_gate_emb=0.000000e+00, personal_gate_state_proj=0.000000e+00, personal_gate_context_proj=0.000000e+00, personal_gate_state_direct=0.000000e+00, personal_gate_id_direct=0.000000e+00, personal_gate_context_direct=0.000000e+00, personal_gate_out=0.000000e+00, personal_generator_emb=0.000000e+00, personal_generator_context_proj=0.000000e+00, personal_generator_context_hidden=0.000000e+00, personal_generator_context_to_u=0.000000e+00, personal_generator_context_to_v=0.000000e+00, personal_generator_state_row=0.000000e+00, personal_generator_state_col=0.000000e+00, personal_generator_id_row=0.000000e+00, personal_generator_id_col=0.000000e+00, personal_generator_state_adapter=0.000000e+00, personal_generator_id_adapter=0.000000e+00, personal_generator_context_adapter=0.000000e+00, personal_generator_direct_scale=0.000000e+00
2026-04-14 17:11:19,401 - INFO - [assist_09|assist_09_abce_ae_dominant_no_E|lr=0.0003|drop=0.20] -> New best AUC=0.7353 at epoch 3
2026-04-14 17:11:46,682 - INFO - [assist_09|assist_09_abce_ae_dominant_no_E|lr=0.0003|drop=0.20] Epoch [004/100] | Train: Loss=0.5507, BCE=0.5427, Reg=0.0080, AUC=0.7562, ACC=0.7240, RMSE=0.4271 | Val: Loss=0.5669, BCE=0.5589, Reg=0.0080, AUC=0.7404, ACC=0.7141, RMSE=0.4348
2026-04-14 17:11:46,683 - INFO - [assist_09|assist_09_abce_ae_dominant_no_E|lr=0.0003|drop=0.20] [Reg Terms] Epoch [004] | Train: graph_entropy=0.000000, graph_diag=0.005000, graph_uniform=0.003049, graph_reg_scale=1.0000, prediction_l2=0.000000, personal_sparse=0.000000, alpha_var=0.000000, alpha_collapse=0.000000, reg_bce_ratio=0.0148 | Val: graph_entropy=0.000000, graph_diag=0.005000, graph_uniform=0.003049, graph_reg_scale=1.0000, prediction_l2=0.000000, personal_sparse=0.000000, alpha_var=0.000000, alpha_collapse=0.000000, reg_bce_ratio=0.0144
2026-04-14 17:11:46,855 - INFO - [assist_09|assist_09_abce_ae_dominant_no_E|lr=0.0003|drop=0.20] [Diag][AE] Epoch [004] | irt_abs_mean=1.4247, irt_std=0.7220, personal_warmup_scale=1.00, graph_row_entropy=2.5592, graph_entropy_ratio=0.5318, alpha_mean=0.0000, alpha_std=0.0000, alpha_bias_std=0.0000, alpha_state_path=0.0000, alpha_id_path=0.0000, alpha_bias_path=0.0000, head_bias_path=0.0000, personal_row_entropy=0.0000, personal_matrix_delta=0.0000, personal_matrix_student_std=0.0000, personal_delta_pre_softmax_norm=0.0000, personal_delta_student_std=0.0000, alpha_head_std=0.0000, personal_student_mix=0.0000, personal_student_adapter=0.0000, local_row_ratio=0.0000, support_density=0.0000, readout_query_delta=0.0000, personal_bad_rows=0.00, personal_fallback_rows=0.00, personal_logits_absmax=0.0000
2026-04-14 17:11:46,855 - INFO - [assist_09|assist_09_abce_ae_dominant_no_E|lr=0.0003|drop=0.20] [Diag][A] Epoch [004] | entropy_ratio=0.5318, diag_mass=0.0500, to_uniform_l2=0.023784, to_identity_l2=0.089156, relation_identity_delta=0.000000, knowledge_state_graph_delta=0.000000, knowledge_state_personal_delta=0.000000, share_concept_embeddings=True, tau_mean=0.6493, tau_std=0.0458, graph_reg_scale(train/val)=1.0000/1.0000
2026-04-14 17:11:46,855 - INFO - [assist_09|assist_09_abce_ae_dominant_no_E|lr=0.0003|drop=0.20] [Grad Norms] Epoch [004] | relation_emb=2.166444e-01, relation_tau=1.333964e-06, relation_wq=5.256403e-06, relation_wk=2.569014e-06, personal_u=0.000000e+00, personal_v=0.000000e+00, personal_alpha_bias=0.000000e+00, personal_gate_emb=0.000000e+00, personal_gate_state_proj=0.000000e+00, personal_gate_context_proj=0.000000e+00, personal_gate_state_direct=0.000000e+00, personal_gate_id_direct=0.000000e+00, personal_gate_context_direct=0.000000e+00, personal_gate_out=0.000000e+00, personal_generator_emb=0.000000e+00, personal_generator_context_proj=0.000000e+00, personal_generator_context_hidden=0.000000e+00, personal_generator_context_to_u=0.000000e+00, personal_generator_context_to_v=0.000000e+00, personal_generator_state_row=0.000000e+00, personal_generator_state_col=0.000000e+00, personal_generator_id_row=0.000000e+00, personal_generator_id_col=0.000000e+00, personal_generator_state_adapter=0.000000e+00, personal_generator_id_adapter=0.000000e+00, personal_generator_context_adapter=0.000000e+00, personal_generator_direct_scale=0.000000e+00
2026-04-14 17:11:47,115 - INFO - [assist_09|assist_09_abce_ae_dominant_no_E|lr=0.0003|drop=0.20] -> New best AUC=0.7404 at epoch 4
2026-04-14 17:12:13,245 - INFO - [assist_09|assist_09_abce_ae_dominant_no_E|lr=0.0003|drop=0.20] Epoch [005/100] | Train: Loss=0.5437, BCE=0.5357, Reg=0.0080, AUC=0.7644, ACC=0.7274, RMSE=0.4241 | Val: Loss=0.5670, BCE=0.5589, Reg=0.0080, AUC=0.7438, ACC=0.7156, RMSE=0.4347
2026-04-14 17:12:13,245 - INFO - [assist_09|assist_09_abce_ae_dominant_no_E|lr=0.0003|drop=0.20] [Reg Terms] Epoch [005] | Train: graph_entropy=0.000000, graph_diag=0.005000, graph_uniform=0.003049, graph_reg_scale=1.0000, prediction_l2=0.000000, personal_sparse=0.000000, alpha_var=0.000000, alpha_collapse=0.000000, reg_bce_ratio=0.0150 | Val: graph_entropy=0.000000, graph_diag=0.005000, graph_uniform=0.003049, graph_reg_scale=1.0000, prediction_l2=0.000000, personal_sparse=0.000000, alpha_var=0.000000, alpha_collapse=0.000000, reg_bce_ratio=0.0144
2026-04-14 17:12:13,410 - INFO - [assist_09|assist_09_abce_ae_dominant_no_E|lr=0.0003|drop=0.20] [Diag][AE] Epoch [005] | irt_abs_mean=1.4936, irt_std=0.7895, personal_warmup_scale=1.00, graph_row_entropy=2.5592, graph_entropy_ratio=0.5318, alpha_mean=0.0000, alpha_std=0.0000, alpha_bias_std=0.0000, alpha_state_path=0.0000, alpha_id_path=0.0000, alpha_bias_path=0.0000, head_bias_path=0.0000, personal_row_entropy=0.0000, personal_matrix_delta=0.0000, personal_matrix_student_std=0.0000, personal_delta_pre_softmax_norm=0.0000, personal_delta_student_std=0.0000, alpha_head_std=0.0000, personal_student_mix=0.0000, personal_student_adapter=0.0000, local_row_ratio=0.0000, support_density=0.0000, readout_query_delta=0.0000, personal_bad_rows=0.00, personal_fallback_rows=0.00, personal_logits_absmax=0.0000
2026-04-14 17:12:13,411 - INFO - [assist_09|assist_09_abce_ae_dominant_no_E|lr=0.0003|drop=0.20] [Diag][A] Epoch [005] | entropy_ratio=0.5318, diag_mass=0.0500, to_uniform_l2=0.023784, to_identity_l2=0.089156, relation_identity_delta=0.000000, knowledge_state_graph_delta=0.000000, knowledge_state_personal_delta=0.000000, share_concept_embeddings=True, tau_mean=0.6604, tau_std=0.0328, graph_reg_scale(train/val)=1.0000/1.0000
2026-04-14 17:12:13,411 - INFO - [assist_09|assist_09_abce_ae_dominant_no_E|lr=0.0003|drop=0.20] [Grad Norms] Epoch [005] | relation_emb=2.161839e-01, relation_tau=1.910671e-08, relation_wq=1.528958e-06, relation_wk=5.140752e-07, personal_u=0.000000e+00, personal_v=0.000000e+00, personal_alpha_bias=0.000000e+00, personal_gate_emb=0.000000e+00, personal_gate_state_proj=0.000000e+00, personal_gate_context_proj=0.000000e+00, personal_gate_state_direct=0.000000e+00, personal_gate_id_direct=0.000000e+00, personal_gate_context_direct=0.000000e+00, personal_gate_out=0.000000e+00, personal_generator_emb=0.000000e+00, personal_generator_context_proj=0.000000e+00, personal_generator_context_hidden=0.000000e+00, personal_generator_context_to_u=0.000000e+00, personal_generator_context_to_v=0.000000e+00, personal_generator_state_row=0.000000e+00, personal_generator_state_col=0.000000e+00, personal_generator_id_row=0.000000e+00, personal_generator_id_col=0.000000e+00, personal_generator_state_adapter=0.000000e+00, personal_generator_id_adapter=0.000000e+00, personal_generator_context_adapter=0.000000e+00, personal_generator_direct_scale=0.000000e+00
2026-04-14 17:12:13,680 - INFO - [assist_09|assist_09_abce_ae_dominant_no_E|lr=0.0003|drop=0.20] -> New best AUC=0.7438 at epoch 5
2026-04-14 17:12:41,482 - INFO - [assist_09|assist_09_abce_ae_dominant_no_E|lr=0.0003|drop=0.20] Epoch [006/100] | Train: Loss=0.5363, BCE=0.5283, Reg=0.0080, AUC=0.7725, ACC=0.7317, RMSE=0.4208 | Val: Loss=0.5613, BCE=0.5532, Reg=0.0080, AUC=0.7472, ACC=0.7176, RMSE=0.4321
2026-04-14 17:12:41,482 - INFO - [assist_09|assist_09_abce_ae_dominant_no_E|lr=0.0003|drop=0.20] [Reg Terms] Epoch [006] | Train: graph_entropy=0.000000, graph_diag=0.005000, graph_uniform=0.003049, graph_reg_scale=1.0000, prediction_l2=0.000000, personal_sparse=0.000000, alpha_var=0.000000, alpha_collapse=0.000000, reg_bce_ratio=0.0152 | Val: graph_entropy=0.000000, graph_diag=0.005000, graph_uniform=0.003049, graph_reg_scale=1.0000, prediction_l2=0.000000, personal_sparse=0.000000, alpha_var=0.000000, alpha_collapse=0.000000, reg_bce_ratio=0.0145
2026-04-14 17:12:41,625 - INFO - [assist_09|assist_09_abce_ae_dominant_no_E|lr=0.0003|drop=0.20] [Diag][AE] Epoch [006] | irt_abs_mean=1.4494, irt_std=0.7817, personal_warmup_scale=1.00, graph_row_entropy=2.5592, graph_entropy_ratio=0.5318, alpha_mean=0.0000, alpha_std=0.0000, alpha_bias_std=0.0000, alpha_state_path=0.0000, alpha_id_path=0.0000, alpha_bias_path=0.0000, head_bias_path=0.0000, personal_row_entropy=0.0000, personal_matrix_delta=0.0000, personal_matrix_student_std=0.0000, personal_delta_pre_softmax_norm=0.0000, personal_delta_student_std=0.0000, alpha_head_std=0.0000, personal_student_mix=0.0000, personal_student_adapter=0.0000, local_row_ratio=0.0000, support_density=0.0000, readout_query_delta=0.0000, personal_bad_rows=0.00, personal_fallback_rows=0.00, personal_logits_absmax=0.0000
2026-04-14 17:12:41,625 - INFO - [assist_09|assist_09_abce_ae_dominant_no_E|lr=0.0003|drop=0.20] [Diag][A] Epoch [006] | entropy_ratio=0.5318, diag_mass=0.0500, to_uniform_l2=0.023784, to_identity_l2=0.089156, relation_identity_delta=0.000000, knowledge_state_graph_delta=0.000000, knowledge_state_personal_delta=0.000000, share_concept_embeddings=True, tau_mean=0.6762, tau_std=0.0169, graph_reg_scale(train/val)=1.0000/1.0000
2026-04-14 17:12:41,625 - INFO - [assist_09|assist_09_abce_ae_dominant_no_E|lr=0.0003|drop=0.20] [Grad Norms] Epoch [006] | relation_emb=2.719387e-01, relation_tau=3.197819e-10, relation_wq=1.499246e-09, relation_wk=5.015952e-10, personal_u=0.000000e+00, personal_v=0.000000e+00, personal_alpha_bias=0.000000e+00, personal_gate_emb=0.000000e+00, personal_gate_state_proj=0.000000e+00, personal_gate_context_proj=0.000000e+00, personal_gate_state_direct=0.000000e+00, personal_gate_id_direct=0.000000e+00, personal_gate_context_direct=0.000000e+00, personal_gate_out=0.000000e+00, personal_generator_emb=0.000000e+00, personal_generator_context_proj=0.000000e+00, personal_generator_context_hidden=0.000000e+00, personal_generator_context_to_u=0.000000e+00, personal_generator_context_to_v=0.000000e+00, personal_generator_state_row=0.000000e+00, personal_generator_state_col=0.000000e+00, personal_generator_id_row=0.000000e+00, personal_generator_id_col=0.000000e+00, personal_generator_state_adapter=0.000000e+00, personal_generator_id_adapter=0.000000e+00, personal_generator_context_adapter=0.000000e+00, personal_generator_direct_scale=0.000000e+00
2026-04-14 17:12:41,812 - INFO - [assist_09|assist_09_abce_ae_dominant_no_E|lr=0.0003|drop=0.20] -> New best AUC=0.7472 at epoch 6
2026-04-14 17:13:09,772 - INFO - [assist_09|assist_09_abce_ae_dominant_no_E|lr=0.0003|drop=0.20] Epoch [007/100] | Train: Loss=0.5296, BCE=0.5216, Reg=0.0080, AUC=0.7800, ACC=0.7353, RMSE=0.4178 | Val: Loss=0.5596, BCE=0.5515, Reg=0.0080, AUC=0.7490, ACC=0.7196, RMSE=0.4313
2026-04-14 17:13:09,772 - INFO - [assist_09|assist_09_abce_ae_dominant_no_E|lr=0.0003|drop=0.20] [Reg Terms] Epoch [007] | Train: graph_entropy=0.000000, graph_diag=0.005000, graph_uniform=0.003049, graph_reg_scale=1.0000, prediction_l2=0.000000, personal_sparse=0.000000, alpha_var=0.000000, alpha_collapse=0.000000, reg_bce_ratio=0.0154 | Val: graph_entropy=0.000000, graph_diag=0.005000, graph_uniform=0.003049, graph_reg_scale=1.0000, prediction_l2=0.000000, personal_sparse=0.000000, alpha_var=0.000000, alpha_collapse=0.000000, reg_bce_ratio=0.0146
2026-04-14 17:13:09,932 - INFO - [assist_09|assist_09_abce_ae_dominant_no_E|lr=0.0003|drop=0.20] [Diag][AE] Epoch [007] | irt_abs_mean=1.4894, irt_std=0.8085, personal_warmup_scale=1.00, graph_row_entropy=2.5592, graph_entropy_ratio=0.5318, alpha_mean=0.0000, alpha_std=0.0000, alpha_bias_std=0.0000, alpha_state_path=0.0000, alpha_id_path=0.0000, alpha_bias_path=0.0000, head_bias_path=0.0000, personal_row_entropy=0.0000, personal_matrix_delta=0.0000, personal_matrix_student_std=0.0000, personal_delta_pre_softmax_norm=0.0000, personal_delta_student_std=0.0000, alpha_head_std=0.0000, personal_student_mix=0.0000, personal_student_adapter=0.0000, local_row_ratio=0.0000, support_density=0.0000, readout_query_delta=0.0000, personal_bad_rows=0.00, personal_fallback_rows=0.00, personal_logits_absmax=0.0000
2026-04-14 17:13:09,932 - INFO - [assist_09|assist_09_abce_ae_dominant_no_E|lr=0.0003|drop=0.20] [Diag][A] Epoch [007] | entropy_ratio=0.5318, diag_mass=0.0500, to_uniform_l2=0.023784, to_identity_l2=0.089156, relation_identity_delta=0.000000, knowledge_state_graph_delta=0.000000, knowledge_state_personal_delta=0.000000, share_concept_embeddings=True, tau_mean=0.6890, tau_std=0.0042, graph_reg_scale(train/val)=1.0000/1.0000
2026-04-14 17:13:09,932 - INFO - [assist_09|assist_09_abce_ae_dominant_no_E|lr=0.0003|drop=0.20] [Grad Norms] Epoch [007] | relation_emb=3.133887e-01, relation_tau=2.453339e-09, relation_wq=1.472636e-13, relation_wk=7.677968e-14, personal_u=0.000000e+00, personal_v=0.000000e+00, personal_alpha_bias=0.000000e+00, personal_gate_emb=0.000000e+00, personal_gate_state_proj=0.000000e+00, personal_gate_context_proj=0.000000e+00, personal_gate_state_direct=0.000000e+00, personal_gate_id_direct=0.000000e+00, personal_gate_context_direct=0.000000e+00, personal_gate_out=0.000000e+00, personal_generator_emb=0.000000e+00, personal_generator_context_proj=0.000000e+00, personal_generator_context_hidden=0.000000e+00, personal_generator_context_to_u=0.000000e+00, personal_generator_context_to_v=0.000000e+00, personal_generator_state_row=0.000000e+00, personal_generator_state_col=0.000000e+00, personal_generator_id_row=0.000000e+00, personal_generator_id_col=0.000000e+00, personal_generator_state_adapter=0.000000e+00, personal_generator_id_adapter=0.000000e+00, personal_generator_context_adapter=0.000000e+00, personal_generator_direct_scale=0.000000e+00
2026-04-14 17:13:10,178 - INFO - [assist_09|assist_09_abce_ae_dominant_no_E|lr=0.0003|drop=0.20] -> New best AUC=0.7490 at epoch 7
2026-04-14 17:13:39,942 - INFO - [assist_09|assist_09_abce_ae_dominant_no_E|lr=0.0003|drop=0.20] Epoch [008/100] | Train: Loss=0.5240, BCE=0.5160, Reg=0.0080, AUC=0.7863, ACC=0.7379, RMSE=0.4153 | Val: Loss=0.5591, BCE=0.5510, Reg=0.0080, AUC=0.7505, ACC=0.7211, RMSE=0.4307
2026-04-14 17:13:39,942 - INFO - [assist_09|assist_09_abce_ae_dominant_no_E|lr=0.0003|drop=0.20] [Reg Terms] Epoch [008] | Train: graph_entropy=0.000000, graph_diag=0.005000, graph_uniform=0.003049, graph_reg_scale=1.0000, prediction_l2=0.000000, personal_sparse=0.000000, alpha_var=0.000000, alpha_collapse=0.000000, reg_bce_ratio=0.0156 | Val: graph_entropy=0.000000, graph_diag=0.005000, graph_uniform=0.003049, graph_reg_scale=1.0000, prediction_l2=0.000000, personal_sparse=0.000000, alpha_var=0.000000, alpha_collapse=0.000000, reg_bce_ratio=0.0146
2026-04-14 17:13:40,108 - INFO - [assist_09|assist_09_abce_ae_dominant_no_E|lr=0.0003|drop=0.20] [Diag][AE] Epoch [008] | irt_abs_mean=1.5731, irt_std=0.8358, personal_warmup_scale=1.00, graph_row_entropy=2.5592, graph_entropy_ratio=0.5318, alpha_mean=0.0000, alpha_std=0.0000, alpha_bias_std=0.0000, alpha_state_path=0.0000, alpha_id_path=0.0000, alpha_bias_path=0.0000, head_bias_path=0.0000, personal_row_entropy=0.0000, personal_matrix_delta=0.0000, personal_matrix_student_std=0.0000, personal_delta_pre_softmax_norm=0.0000, personal_delta_student_std=0.0000, alpha_head_std=0.0000, personal_student_mix=0.0000, personal_student_adapter=0.0000, local_row_ratio=0.0000, support_density=0.0000, readout_query_delta=0.0000, personal_bad_rows=0.00, personal_fallback_rows=0.00, personal_logits_absmax=0.0000
2026-04-14 17:13:40,109 - INFO - [assist_09|assist_09_abce_ae_dominant_no_E|lr=0.0003|drop=0.20] [Diag][A] Epoch [008] | entropy_ratio=0.5318, diag_mass=0.0500, to_uniform_l2=0.023784, to_identity_l2=0.089156, relation_identity_delta=0.000000, knowledge_state_graph_delta=0.000000, knowledge_state_personal_delta=0.000000, share_concept_embeddings=True, tau_mean=0.6929, tau_std=0.0002, graph_reg_scale(train/val)=1.0000/1.0000
2026-04-14 17:13:40,109 - INFO - [assist_09|assist_09_abce_ae_dominant_no_E|lr=0.0003|drop=0.20] [Grad Norms] Epoch [008] | relation_emb=3.606786e-01, relation_tau=2.527210e-09, relation_wq=3.292367e-18, relation_wk=1.551853e-18, personal_u=0.000000e+00, personal_v=0.000000e+00, personal_alpha_bias=0.000000e+00, personal_gate_emb=0.000000e+00, personal_gate_state_proj=0.000000e+00, personal_gate_context_proj=0.000000e+00, personal_gate_state_direct=0.000000e+00, personal_gate_id_direct=0.000000e+00, personal_gate_context_direct=0.000000e+00, personal_gate_out=0.000000e+00, personal_generator_emb=0.000000e+00, personal_generator_context_proj=0.000000e+00, personal_generator_context_hidden=0.000000e+00, personal_generator_context_to_u=0.000000e+00, personal_generator_context_to_v=0.000000e+00, personal_generator_state_row=0.000000e+00, personal_generator_state_col=0.000000e+00, personal_generator_id_row=0.000000e+00, personal_generator_id_col=0.000000e+00, personal_generator_state_adapter=0.000000e+00, personal_generator_id_adapter=0.000000e+00, personal_generator_context_adapter=0.000000e+00, personal_generator_direct_scale=0.000000e+00
2026-04-14 17:13:40,368 - INFO - [assist_09|assist_09_abce_ae_dominant_no_E|lr=0.0003|drop=0.20] -> New best AUC=0.7505 at epoch 8
2026-04-14 17:14:11,377 - INFO - [assist_09|assist_09_abce_ae_dominant_no_E|lr=0.0003|drop=0.20] Epoch [009/100] | Train: Loss=0.5185, BCE=0.5105, Reg=0.0080, AUC=0.7921, ACC=0.7408, RMSE=0.4129 | Val: Loss=0.5586, BCE=0.5506, Reg=0.0080, AUC=0.7526, ACC=0.7211, RMSE=0.4304
2026-04-14 17:14:11,378 - INFO - [assist_09|assist_09_abce_ae_dominant_no_E|lr=0.0003|drop=0.20] [Reg Terms] Epoch [009] | Train: graph_entropy=0.000000, graph_diag=0.005000, graph_uniform=0.003049, graph_reg_scale=1.0000, prediction_l2=0.000000, personal_sparse=0.000000, alpha_var=0.000000, alpha_collapse=0.000000, reg_bce_ratio=0.0158 | Val: graph_entropy=0.000000, graph_diag=0.005000, graph_uniform=0.003049, graph_reg_scale=1.0000, prediction_l2=0.000000, personal_sparse=0.000000, alpha_var=0.000000, alpha_collapse=0.000000, reg_bce_ratio=0.0146
2026-04-14 17:14:11,538 - INFO - [assist_09|assist_09_abce_ae_dominant_no_E|lr=0.0003|drop=0.20] [Diag][AE] Epoch [009] | irt_abs_mean=1.6038, irt_std=0.8532, personal_warmup_scale=1.00, graph_row_entropy=2.5592, graph_entropy_ratio=0.5318, alpha_mean=0.0000, alpha_std=0.0000, alpha_bias_std=0.0000, alpha_state_path=0.0000, alpha_id_path=0.0000, alpha_bias_path=0.0000, head_bias_path=0.0000, personal_row_entropy=0.0000, personal_matrix_delta=0.0000, personal_matrix_student_std=0.0000, personal_delta_pre_softmax_norm=0.0000, personal_delta_student_std=0.0000, alpha_head_std=0.0000, personal_student_mix=0.0000, personal_student_adapter=0.0000, local_row_ratio=0.0000, support_density=0.0000, readout_query_delta=0.0000, personal_bad_rows=0.00, personal_fallback_rows=0.00, personal_logits_absmax=0.0000
2026-04-14 17:14:11,538 - INFO - [assist_09|assist_09_abce_ae_dominant_no_E|lr=0.0003|drop=0.20] [Diag][A] Epoch [009] | entropy_ratio=0.5318, diag_mass=0.0500, to_uniform_l2=0.023784, to_identity_l2=0.089156, relation_identity_delta=0.000000, knowledge_state_graph_delta=0.000000, knowledge_state_personal_delta=0.000000, share_concept_embeddings=True, tau_mean=0.6932, tau_std=0.0000, graph_reg_scale(train/val)=1.0000/1.0000
2026-04-14 17:14:11,538 - INFO - [assist_09|assist_09_abce_ae_dominant_no_E|lr=0.0003|drop=0.20] [Grad Norms] Epoch [009] | relation_emb=4.517595e-01, relation_tau=1.898463e-08, relation_wq=3.388966e-07, relation_wk=2.485582e-07, personal_u=0.000000e+00, personal_v=0.000000e+00, personal_alpha_bias=0.000000e+00, personal_gate_emb=0.000000e+00, personal_gate_state_proj=0.000000e+00, personal_gate_context_proj=0.000000e+00, personal_gate_state_direct=0.000000e+00, personal_gate_id_direct=0.000000e+00, personal_gate_context_direct=0.000000e+00, personal_gate_out=0.000000e+00, personal_generator_emb=0.000000e+00, personal_generator_context_proj=0.000000e+00, personal_generator_context_hidden=0.000000e+00, personal_generator_context_to_u=0.000000e+00, personal_generator_context_to_v=0.000000e+00, personal_generator_state_row=0.000000e+00, personal_generator_state_col=0.000000e+00, personal_generator_id_row=0.000000e+00, personal_generator_id_col=0.000000e+00, personal_generator_state_adapter=0.000000e+00, personal_generator_id_adapter=0.000000e+00, personal_generator_context_adapter=0.000000e+00, personal_generator_direct_scale=0.000000e+00
2026-04-14 17:14:11,833 - INFO - [assist_09|assist_09_abce_ae_dominant_no_E|lr=0.0003|drop=0.20] -> New best AUC=0.7526 at epoch 9
2026-04-14 17:14:37,744 - INFO - [assist_09|assist_09_abce_ae_dominant_no_E|lr=0.0003|drop=0.20] Epoch [010/100] | Train: Loss=0.5143, BCE=0.5063, Reg=0.0080, AUC=0.7965, ACC=0.7437, RMSE=0.4110 | Val: Loss=0.5579, BCE=0.5499, Reg=0.0080, AUC=0.7536, ACC=0.7218, RMSE=0.4300
2026-04-14 17:14:37,744 - INFO - [assist_09|assist_09_abce_ae_dominant_no_E|lr=0.0003|drop=0.20] [Reg Terms] Epoch [010] | Train: graph_entropy=0.000000, graph_diag=0.005000, graph_uniform=0.003049, graph_reg_scale=1.0000, prediction_l2=0.000000, personal_sparse=0.000000, alpha_var=0.000000, alpha_collapse=0.000000, reg_bce_ratio=0.0159 | Val: graph_entropy=0.000000, graph_diag=0.005000, graph_uniform=0.003049, graph_reg_scale=1.0000, prediction_l2=0.000000, personal_sparse=0.000000, alpha_var=0.000000, alpha_collapse=0.000000, reg_bce_ratio=0.0146
2026-04-14 17:14:37,904 - INFO - [assist_09|assist_09_abce_ae_dominant_no_E|lr=0.0003|drop=0.20] [Diag][AE] Epoch [010] | irt_abs_mean=1.6261, irt_std=0.8855, personal_warmup_scale=1.00, graph_row_entropy=2.5592, graph_entropy_ratio=0.5318, alpha_mean=0.0000, alpha_std=0.0000, alpha_bias_std=0.0000, alpha_state_path=0.0000, alpha_id_path=0.0000, alpha_bias_path=0.0000, head_bias_path=0.0000, personal_row_entropy=0.0000, personal_matrix_delta=0.0000, personal_matrix_student_std=0.0000, personal_delta_pre_softmax_norm=0.0000, personal_delta_student_std=0.0000, alpha_head_std=0.0000, personal_student_mix=0.0000, personal_student_adapter=0.0000, local_row_ratio=0.0000, support_density=0.0000, readout_query_delta=0.0000, personal_bad_rows=0.00, personal_fallback_rows=0.00, personal_logits_absmax=0.0000
2026-04-14 17:14:37,905 - INFO - [assist_09|assist_09_abce_ae_dominant_no_E|lr=0.0003|drop=0.20] [Diag][A] Epoch [010] | entropy_ratio=0.5318, diag_mass=0.0500, to_uniform_l2=0.023784, to_identity_l2=0.089156, relation_identity_delta=0.000000, knowledge_state_graph_delta=0.000000, knowledge_state_personal_delta=0.000000, share_concept_embeddings=True, tau_mean=0.6932, tau_std=0.0000, graph_reg_scale(train/val)=1.0000/1.0000
2026-04-14 17:14:37,905 - INFO - [assist_09|assist_09_abce_ae_dominant_no_E|lr=0.0003|drop=0.20] [Grad Norms] Epoch [010] | relation_emb=3.840722e-01, relation_tau=5.760805e-09, relation_wq=5.434830e-07, relation_wk=2.392688e-07, personal_u=0.000000e+00, personal_v=0.000000e+00, personal_alpha_bias=0.000000e+00, personal_gate_emb=0.000000e+00, personal_gate_state_proj=0.000000e+00, personal_gate_context_proj=0.000000e+00, personal_gate_state_direct=0.000000e+00, personal_gate_id_direct=0.000000e+00, personal_gate_context_direct=0.000000e+00, personal_gate_out=0.000000e+00, personal_generator_emb=0.000000e+00, personal_generator_context_proj=0.000000e+00, personal_generator_context_hidden=0.000000e+00, personal_generator_context_to_u=0.000000e+00, personal_generator_context_to_v=0.000000e+00, personal_generator_state_row=0.000000e+00, personal_generator_state_col=0.000000e+00, personal_generator_id_row=0.000000e+00, personal_generator_id_col=0.000000e+00, personal_generator_state_adapter=0.000000e+00, personal_generator_id_adapter=0.000000e+00, personal_generator_context_adapter=0.000000e+00, personal_generator_direct_scale=0.000000e+00
2026-04-14 17:14:38,146 - INFO - [assist_09|assist_09_abce_ae_dominant_no_E|lr=0.0003|drop=0.20] -> New best AUC=0.7536 at epoch 10
2026-04-14 17:14:38,166 - INFO - [assist_09|assist_09_abce_ae_dominant_no_E|lr=0.0003|drop=0.20] Checkpoint saved: checkpoints/abce_diag/remote_ae_cleanrerun2_20260415_4118a85/assist_09/seed42/ae_dominant_no_E/checkpoint_epoch_10.pth
2026-04-14 17:14:38,329 - INFO - [assist_09|assist_09_abce_ae_dominant_no_E|lr=0.0003|drop=0.20] [Module Activity] Epoch 10: Graph[OK]
2026-04-14 17:15:05,948 - INFO - [assist_09|assist_09_abce_ae_dominant_no_E|lr=0.0003|drop=0.20] Epoch [011/100] | Train: Loss=0.5096, BCE=0.5016, Reg=0.0080, AUC=0.8015, ACC=0.7460, RMSE=0.4090 | Val: Loss=0.5560, BCE=0.5480, Reg=0.0080, AUC=0.7549, ACC=0.7229, RMSE=0.4291
2026-04-14 17:15:05,949 - INFO - [assist_09|assist_09_abce_ae_dominant_no_E|lr=0.0003|drop=0.20] [Reg Terms] Epoch [011] | Train: graph_entropy=0.000000, graph_diag=0.005000, graph_uniform=0.003049, graph_reg_scale=1.0000, prediction_l2=0.000000, personal_sparse=0.000000, alpha_var=0.000000, alpha_collapse=0.000000, reg_bce_ratio=0.0160 | Val: graph_entropy=0.000000, graph_diag=0.005000, graph_uniform=0.003049, graph_reg_scale=1.0000, prediction_l2=0.000000, personal_sparse=0.000000, alpha_var=0.000000, alpha_collapse=0.000000, reg_bce_ratio=0.0147
2026-04-14 17:15:06,102 - INFO - [assist_09|assist_09_abce_ae_dominant_no_E|lr=0.0003|drop=0.20] [Diag][AE] Epoch [011] | irt_abs_mean=1.6190, irt_std=0.9275, personal_warmup_scale=1.00, graph_row_entropy=2.5592, graph_entropy_ratio=0.5318, alpha_mean=0.0000, alpha_std=0.0000, alpha_bias_std=0.0000, alpha_state_path=0.0000, alpha_id_path=0.0000, alpha_bias_path=0.0000, head_bias_path=0.0000, personal_row_entropy=0.0000, personal_matrix_delta=0.0000, personal_matrix_student_std=0.0000, personal_delta_pre_softmax_norm=0.0000, personal_delta_student_std=0.0000, alpha_head_std=0.0000, personal_student_mix=0.0000, personal_student_adapter=0.0000, local_row_ratio=0.0000, support_density=0.0000, readout_query_delta=0.0000, personal_bad_rows=0.00, personal_fallback_rows=0.00, personal_logits_absmax=0.0000
2026-04-14 17:15:06,102 - INFO - [assist_09|assist_09_abce_ae_dominant_no_E|lr=0.0003|drop=0.20] [Diag][A] Epoch [011] | entropy_ratio=0.5318, diag_mass=0.0500, to_uniform_l2=0.023784, to_identity_l2=0.089156, relation_identity_delta=0.000000, knowledge_state_graph_delta=0.000000, knowledge_state_personal_delta=0.000000, share_concept_embeddings=True, tau_mean=0.6932, tau_std=0.0000, graph_reg_scale(train/val)=1.0000/1.0000
2026-04-14 17:15:06,103 - INFO - [assist_09|assist_09_abce_ae_dominant_no_E|lr=0.0003|drop=0.20] [Grad Norms] Epoch [011] | relation_emb=3.816555e-01, relation_tau=2.118690e-09, relation_wq=3.011613e-07, relation_wk=2.774016e-07, personal_u=0.000000e+00, personal_v=0.000000e+00, personal_alpha_bias=0.000000e+00, personal_gate_emb=0.000000e+00, personal_gate_state_proj=0.000000e+00, personal_gate_context_proj=0.000000e+00, personal_gate_state_direct=0.000000e+00, personal_gate_id_direct=0.000000e+00, personal_gate_context_direct=0.000000e+00, personal_gate_out=0.000000e+00, personal_generator_emb=0.000000e+00, personal_generator_context_proj=0.000000e+00, personal_generator_context_hidden=0.000000e+00, personal_generator_context_to_u=0.000000e+00, personal_generator_context_to_v=0.000000e+00, personal_generator_state_row=0.000000e+00, personal_generator_state_col=0.000000e+00, personal_generator_id_row=0.000000e+00, personal_generator_id_col=0.000000e+00, personal_generator_state_adapter=0.000000e+00, personal_generator_id_adapter=0.000000e+00, personal_generator_context_adapter=0.000000e+00, personal_generator_direct_scale=0.000000e+00
2026-04-14 17:15:06,460 - INFO - [assist_09|assist_09_abce_ae_dominant_no_E|lr=0.0003|drop=0.20] -> New best AUC=0.7549 at epoch 11
2026-04-14 17:15:33,249 - INFO - [assist_09|assist_09_abce_ae_dominant_no_E|lr=0.0003|drop=0.20] Epoch [012/100] | Train: Loss=0.5060, BCE=0.4979, Reg=0.0081, AUC=0.8052, ACC=0.7477, RMSE=0.4073 | Val: Loss=0.5607, BCE=0.5527, Reg=0.0080, AUC=0.7555, ACC=0.7232, RMSE=0.4304
2026-04-14 17:15:33,249 - INFO - [assist_09|assist_09_abce_ae_dominant_no_E|lr=0.0003|drop=0.20] [Reg Terms] Epoch [012] | Train: graph_entropy=0.000000, graph_diag=0.005003, graph_uniform=0.003049, graph_reg_scale=1.0000, prediction_l2=0.000000, personal_sparse=0.000000, alpha_var=0.000000, alpha_collapse=0.000000, reg_bce_ratio=0.0162 | Val: graph_entropy=0.000000, graph_diag=0.005000, graph_uniform=0.003049, graph_reg_scale=1.0000, prediction_l2=0.000000, personal_sparse=0.000000, alpha_var=0.000000, alpha_collapse=0.000000, reg_bce_ratio=0.0146
2026-04-14 17:15:33,408 - INFO - [assist_09|assist_09_abce_ae_dominant_no_E|lr=0.0003|drop=0.20] [Diag][AE] Epoch [012] | irt_abs_mean=1.8078, irt_std=0.9889, personal_warmup_scale=1.00, graph_row_entropy=2.5592, graph_entropy_ratio=0.5318, alpha_mean=0.0000, alpha_std=0.0000, alpha_bias_std=0.0000, alpha_state_path=0.0000, alpha_id_path=0.0000, alpha_bias_path=0.0000, head_bias_path=0.0000, personal_row_entropy=0.0000, personal_matrix_delta=0.0000, personal_matrix_student_std=0.0000, personal_delta_pre_softmax_norm=0.0000, personal_delta_student_std=0.0000, alpha_head_std=0.0000, personal_student_mix=0.0000, personal_student_adapter=0.0000, local_row_ratio=0.0000, support_density=0.0000, readout_query_delta=0.0000, personal_bad_rows=0.00, personal_fallback_rows=0.00, personal_logits_absmax=0.0000
2026-04-14 17:15:33,408 - INFO - [assist_09|assist_09_abce_ae_dominant_no_E|lr=0.0003|drop=0.20] [Diag][A] Epoch [012] | entropy_ratio=0.5318, diag_mass=0.0500, to_uniform_l2=0.023784, to_identity_l2=0.089156, relation_identity_delta=0.000000, knowledge_state_graph_delta=0.000000, knowledge_state_personal_delta=0.000000, share_concept_embeddings=True, tau_mean=0.6931, tau_std=0.0000, graph_reg_scale(train/val)=1.0000/1.0000
2026-04-14 17:15:33,408 - INFO - [assist_09|assist_09_abce_ae_dominant_no_E|lr=0.0003|drop=0.20] [Grad Norms] Epoch [012] | relation_emb=5.951154e-01, relation_tau=1.303526e-08, relation_wq=6.049248e-07, relation_wk=3.212611e-07, personal_u=0.000000e+00, personal_v=0.000000e+00, personal_alpha_bias=0.000000e+00, personal_gate_emb=0.000000e+00, personal_gate_state_proj=0.000000e+00, personal_gate_context_proj=0.000000e+00, personal_gate_state_direct=0.000000e+00, personal_gate_id_direct=0.000000e+00, personal_gate_context_direct=0.000000e+00, personal_gate_out=0.000000e+00, personal_generator_emb=0.000000e+00, personal_generator_context_proj=0.000000e+00, personal_generator_context_hidden=0.000000e+00, personal_generator_context_to_u=0.000000e+00, personal_generator_context_to_v=0.000000e+00, personal_generator_state_row=0.000000e+00, personal_generator_state_col=0.000000e+00, personal_generator_id_row=0.000000e+00, personal_generator_id_col=0.000000e+00, personal_generator_state_adapter=0.000000e+00, personal_generator_id_adapter=0.000000e+00, personal_generator_context_adapter=0.000000e+00, personal_generator_direct_scale=0.000000e+00
2026-04-14 17:15:33,679 - INFO - [assist_09|assist_09_abce_ae_dominant_no_E|lr=0.0003|drop=0.20] -> New best AUC=0.7555 at epoch 12
2026-04-14 17:16:00,421 - INFO - [assist_09|assist_09_abce_ae_dominant_no_E|lr=0.0003|drop=0.20] Epoch [013/100] | Train: Loss=0.5020, BCE=0.4939, Reg=0.0080, AUC=0.8091, ACC=0.7499, RMSE=0.4056 | Val: Loss=0.5618, BCE=0.5538, Reg=0.0080, AUC=0.7559, ACC=0.7228, RMSE=0.4307
2026-04-14 17:16:00,421 - INFO - [assist_09|assist_09_abce_ae_dominant_no_E|lr=0.0003|drop=0.20] [Reg Terms] Epoch [013] | Train: graph_entropy=0.000000, graph_diag=0.005000, graph_uniform=0.003049, graph_reg_scale=1.0000, prediction_l2=0.000000, personal_sparse=0.000000, alpha_var=0.000000, alpha_collapse=0.000000, reg_bce_ratio=0.0163 | Val: graph_entropy=0.000000, graph_diag=0.005000, graph_uniform=0.003049, graph_reg_scale=1.0000, prediction_l2=0.000000, personal_sparse=0.000000, alpha_var=0.000000, alpha_collapse=0.000000, reg_bce_ratio=0.0145
2026-04-14 17:16:00,593 - INFO - [assist_09|assist_09_abce_ae_dominant_no_E|lr=0.0003|drop=0.20] [Diag][AE] Epoch [013] | irt_abs_mean=1.8270, irt_std=1.0563, personal_warmup_scale=1.00, graph_row_entropy=2.5592, graph_entropy_ratio=0.5318, alpha_mean=0.0000, alpha_std=0.0000, alpha_bias_std=0.0000, alpha_state_path=0.0000, alpha_id_path=0.0000, alpha_bias_path=0.0000, head_bias_path=0.0000, personal_row_entropy=0.0000, personal_matrix_delta=0.0000, personal_matrix_student_std=0.0000, personal_delta_pre_softmax_norm=0.0000, personal_delta_student_std=0.0000, alpha_head_std=0.0000, personal_student_mix=0.0000, personal_student_adapter=0.0000, local_row_ratio=0.0000, support_density=0.0000, readout_query_delta=0.0000, personal_bad_rows=0.00, personal_fallback_rows=0.00, personal_logits_absmax=0.0000
2026-04-14 17:16:00,594 - INFO - [assist_09|assist_09_abce_ae_dominant_no_E|lr=0.0003|drop=0.20] [Diag][A] Epoch [013] | entropy_ratio=0.5318, diag_mass=0.0500, to_uniform_l2=0.023784, to_identity_l2=0.089156, relation_identity_delta=0.000000, knowledge_state_graph_delta=0.000000, knowledge_state_personal_delta=0.000000, share_concept_embeddings=True, tau_mean=0.6931, tau_std=0.0001, graph_reg_scale(train/val)=1.0000/1.0000
2026-04-14 17:16:00,594 - INFO - [assist_09|assist_09_abce_ae_dominant_no_E|lr=0.0003|drop=0.20] [Grad Norms] Epoch [013] | relation_emb=4.879162e-01, relation_tau=1.181111e-08, relation_wq=1.091663e-06, relation_wk=1.069208e-06, personal_u=0.000000e+00, personal_v=0.000000e+00, personal_alpha_bias=0.000000e+00, personal_gate_emb=0.000000e+00, personal_gate_state_proj=0.000000e+00, personal_gate_context_proj=0.000000e+00, personal_gate_state_direct=0.000000e+00, personal_gate_id_direct=0.000000e+00, personal_gate_context_direct=0.000000e+00, personal_gate_out=0.000000e+00, personal_generator_emb=0.000000e+00, personal_generator_context_proj=0.000000e+00, personal_generator_context_hidden=0.000000e+00, personal_generator_context_to_u=0.000000e+00, personal_generator_context_to_v=0.000000e+00, personal_generator_state_row=0.000000e+00, personal_generator_state_col=0.000000e+00, personal_generator_id_row=0.000000e+00, personal_generator_id_col=0.000000e+00, personal_generator_state_adapter=0.000000e+00, personal_generator_id_adapter=0.000000e+00, personal_generator_context_adapter=0.000000e+00, personal_generator_direct_scale=0.000000e+00
2026-04-14 17:16:00,803 - INFO - [assist_09|assist_09_abce_ae_dominant_no_E|lr=0.0003|drop=0.20] -> New best AUC=0.7559 at epoch 13
2026-04-14 17:16:28,156 - INFO - [assist_09|assist_09_abce_ae_dominant_no_E|lr=0.0003|drop=0.20] Epoch [014/100] | Train: Loss=0.4988, BCE=0.4908, Reg=0.0080, AUC=0.8120, ACC=0.7515, RMSE=0.4042 | Val: Loss=0.5572, BCE=0.5492, Reg=0.0080, AUC=0.7556, ACC=0.7242, RMSE=0.4291
2026-04-14 17:16:28,156 - INFO - [assist_09|assist_09_abce_ae_dominant_no_E|lr=0.0003|drop=0.20] [Reg Terms] Epoch [014] | Train: graph_entropy=0.000000, graph_diag=0.005000, graph_uniform=0.003049, graph_reg_scale=1.0000, prediction_l2=0.000001, personal_sparse=0.000000, alpha_var=0.000000, alpha_collapse=0.000000, reg_bce_ratio=0.0164 | Val: graph_entropy=0.000000, graph_diag=0.005000, graph_uniform=0.003049, graph_reg_scale=1.0000, prediction_l2=0.000001, personal_sparse=0.000000, alpha_var=0.000000, alpha_collapse=0.000000, reg_bce_ratio=0.0147
2026-04-14 17:16:28,311 - INFO - [assist_09|assist_09_abce_ae_dominant_no_E|lr=0.0003|drop=0.20] [Diag][AE] Epoch [014] | irt_abs_mean=1.7134, irt_std=0.9940, personal_warmup_scale=1.00, graph_row_entropy=2.5592, graph_entropy_ratio=0.5318, alpha_mean=0.0000, alpha_std=0.0000, alpha_bias_std=0.0000, alpha_state_path=0.0000, alpha_id_path=0.0000, alpha_bias_path=0.0000, head_bias_path=0.0000, personal_row_entropy=0.0000, personal_matrix_delta=0.0000, personal_matrix_student_std=0.0000, personal_delta_pre_softmax_norm=0.0000, personal_delta_student_std=0.0000, alpha_head_std=0.0000, personal_student_mix=0.0000, personal_student_adapter=0.0000, local_row_ratio=0.0000, support_density=0.0000, readout_query_delta=0.0000, personal_bad_rows=0.00, personal_fallback_rows=0.00, personal_logits_absmax=0.0000
2026-04-14 17:16:28,311 - INFO - [assist_09|assist_09_abce_ae_dominant_no_E|lr=0.0003|drop=0.20] [Diag][A] Epoch [014] | entropy_ratio=0.5318, diag_mass=0.0500, to_uniform_l2=0.023784, to_identity_l2=0.089156, relation_identity_delta=0.000000, knowledge_state_graph_delta=0.000000, knowledge_state_personal_delta=0.000000, share_concept_embeddings=True, tau_mean=0.6931, tau_std=0.0000, graph_reg_scale(train/val)=1.0000/1.0000
2026-04-14 17:16:28,311 - INFO - [assist_09|assist_09_abce_ae_dominant_no_E|lr=0.0003|drop=0.20] [Grad Norms] Epoch [014] | relation_emb=4.651570e-01, relation_tau=5.896382e-09, relation_wq=2.365364e-07, relation_wk=3.515542e-07, personal_u=0.000000e+00, personal_v=0.000000e+00, personal_alpha_bias=0.000000e+00, personal_gate_emb=0.000000e+00, personal_gate_state_proj=0.000000e+00, personal_gate_context_proj=0.000000e+00, personal_gate_state_direct=0.000000e+00, personal_gate_id_direct=0.000000e+00, personal_gate_context_direct=0.000000e+00, personal_gate_out=0.000000e+00, personal_generator_emb=0.000000e+00, personal_generator_context_proj=0.000000e+00, personal_generator_context_hidden=0.000000e+00, personal_generator_context_to_u=0.000000e+00, personal_generator_context_to_v=0.000000e+00, personal_generator_state_row=0.000000e+00, personal_generator_state_col=0.000000e+00, personal_generator_id_row=0.000000e+00, personal_generator_id_col=0.000000e+00, personal_generator_state_adapter=0.000000e+00, personal_generator_id_adapter=0.000000e+00, personal_generator_context_adapter=0.000000e+00, personal_generator_direct_scale=0.000000e+00
2026-04-14 17:16:28,311 - INFO - [assist_09|assist_09_abce_ae_dominant_no_E|lr=0.0003|drop=0.20] -> No improvement 1 epoch(s) (best AUC=0.7559 @ 13)
2026-04-14 17:16:54,767 - INFO - [assist_09|assist_09_abce_ae_dominant_no_E|lr=0.0003|drop=0.20] Epoch [015/100] | Train: Loss=0.4960, BCE=0.4880, Reg=0.0081, AUC=0.8148, ACC=0.7528, RMSE=0.4030 | Val: Loss=0.5644, BCE=0.5563, Reg=0.0080, AUC=0.7564, ACC=0.7226, RMSE=0.4314
2026-04-14 17:16:54,767 - INFO - [assist_09|assist_09_abce_ae_dominant_no_E|lr=0.0003|drop=0.20] [Reg Terms] Epoch [015] | Train: graph_entropy=0.000000, graph_diag=0.005005, graph_uniform=0.003049, graph_reg_scale=1.0000, prediction_l2=0.000001, personal_sparse=0.000000, alpha_var=0.000000, alpha_collapse=0.000000, reg_bce_ratio=0.0165 | Val: graph_entropy=0.000000, graph_diag=0.005000, graph_uniform=0.003049, graph_reg_scale=1.0000, prediction_l2=0.000001, personal_sparse=0.000000, alpha_var=0.000000, alpha_collapse=0.000000, reg_bce_ratio=0.0145
2026-04-14 17:16:54,911 - INFO - [assist_09|assist_09_abce_ae_dominant_no_E|lr=0.0003|drop=0.20] [Diag][AE] Epoch [015] | irt_abs_mean=1.8897, irt_std=1.0643, personal_warmup_scale=1.00, graph_row_entropy=2.5592, graph_entropy_ratio=0.5318, alpha_mean=0.0000, alpha_std=0.0000, alpha_bias_std=0.0000, alpha_state_path=0.0000, alpha_id_path=0.0000, alpha_bias_path=0.0000, head_bias_path=0.0000, personal_row_entropy=0.0000, personal_matrix_delta=0.0000, personal_matrix_student_std=0.0000, personal_delta_pre_softmax_norm=0.0000, personal_delta_student_std=0.0000, alpha_head_std=0.0000, personal_student_mix=0.0000, personal_student_adapter=0.0000, local_row_ratio=0.0000, support_density=0.0000, readout_query_delta=0.0000, personal_bad_rows=0.00, personal_fallback_rows=0.00, personal_logits_absmax=0.0000
2026-04-14 17:16:54,911 - INFO - [assist_09|assist_09_abce_ae_dominant_no_E|lr=0.0003|drop=0.20] [Diag][A] Epoch [015] | entropy_ratio=0.5318, diag_mass=0.0500, to_uniform_l2=0.023784, to_identity_l2=0.089156, relation_identity_delta=0.000000, knowledge_state_graph_delta=0.000000, knowledge_state_personal_delta=0.000000, share_concept_embeddings=True, tau_mean=0.6931, tau_std=0.0000, graph_reg_scale(train/val)=1.0000/1.0000
2026-04-14 17:16:54,911 - INFO - [assist_09|assist_09_abce_ae_dominant_no_E|lr=0.0003|drop=0.20] [Grad Norms] Epoch [015] | relation_emb=4.627207e-01, relation_tau=9.878196e-09, relation_wq=1.015333e-06, relation_wk=1.840894e-07, personal_u=0.000000e+00, personal_v=0.000000e+00, personal_alpha_bias=0.000000e+00, personal_gate_emb=0.000000e+00, personal_gate_state_proj=0.000000e+00, personal_gate_context_proj=0.000000e+00, personal_gate_state_direct=0.000000e+00, personal_gate_id_direct=0.000000e+00, personal_gate_context_direct=0.000000e+00, personal_gate_out=0.000000e+00, personal_generator_emb=0.000000e+00, personal_generator_context_proj=0.000000e+00, personal_generator_context_hidden=0.000000e+00, personal_generator_context_to_u=0.000000e+00, personal_generator_context_to_v=0.000000e+00, personal_generator_state_row=0.000000e+00, personal_generator_state_col=0.000000e+00, personal_generator_id_row=0.000000e+00, personal_generator_id_col=0.000000e+00, personal_generator_state_adapter=0.000000e+00, personal_generator_id_adapter=0.000000e+00, personal_generator_context_adapter=0.000000e+00, personal_generator_direct_scale=0.000000e+00
2026-04-14 17:16:55,206 - INFO - [assist_09|assist_09_abce_ae_dominant_no_E|lr=0.0003|drop=0.20] -> New best AUC=0.7564 at epoch 15
2026-04-14 17:17:21,503 - INFO - [assist_09|assist_09_abce_ae_dominant_no_E|lr=0.0003|drop=0.20] Epoch [016/100] | Train: Loss=0.4930, BCE=0.4850, Reg=0.0080, AUC=0.8176, ACC=0.7546, RMSE=0.4017 | Val: Loss=0.5584, BCE=0.5503, Reg=0.0080, AUC=0.7573, ACC=0.7254, RMSE=0.4292
2026-04-14 17:17:21,503 - INFO - [assist_09|assist_09_abce_ae_dominant_no_E|lr=0.0003|drop=0.20] [Reg Terms] Epoch [016] | Train: graph_entropy=0.000000, graph_diag=0.005000, graph_uniform=0.003049, graph_reg_scale=1.0000, prediction_l2=0.000001, personal_sparse=0.000000, alpha_var=0.000000, alpha_collapse=0.000000, reg_bce_ratio=0.0166 | Val: graph_entropy=0.000000, graph_diag=0.005000, graph_uniform=0.003049, graph_reg_scale=1.0000, prediction_l2=0.000001, personal_sparse=0.000000, alpha_var=0.000000, alpha_collapse=0.000000, reg_bce_ratio=0.0146
2026-04-14 17:17:21,655 - INFO - [assist_09|assist_09_abce_ae_dominant_no_E|lr=0.0003|drop=0.20] [Diag][AE] Epoch [016] | irt_abs_mean=1.7782, irt_std=1.0159, personal_warmup_scale=1.00, graph_row_entropy=2.5592, graph_entropy_ratio=0.5318, alpha_mean=0.0000, alpha_std=0.0000, alpha_bias_std=0.0000, alpha_state_path=0.0000, alpha_id_path=0.0000, alpha_bias_path=0.0000, head_bias_path=0.0000, personal_row_entropy=0.0000, personal_matrix_delta=0.0000, personal_matrix_student_std=0.0000, personal_delta_pre_softmax_norm=0.0000, personal_delta_student_std=0.0000, alpha_head_std=0.0000, personal_student_mix=0.0000, personal_student_adapter=0.0000, local_row_ratio=0.0000, support_density=0.0000, readout_query_delta=0.0000, personal_bad_rows=0.00, personal_fallback_rows=0.00, personal_logits_absmax=0.0000
2026-04-14 17:17:21,655 - INFO - [assist_09|assist_09_abce_ae_dominant_no_E|lr=0.0003|drop=0.20] [Diag][A] Epoch [016] | entropy_ratio=0.5318, diag_mass=0.0500, to_uniform_l2=0.023784, to_identity_l2=0.089156, relation_identity_delta=0.000000, knowledge_state_graph_delta=0.000000, knowledge_state_personal_delta=0.000000, share_concept_embeddings=True, tau_mean=0.6932, tau_std=0.0000, graph_reg_scale(train/val)=1.0000/1.0000
2026-04-14 17:17:21,655 - INFO - [assist_09|assist_09_abce_ae_dominant_no_E|lr=0.0003|drop=0.20] [Grad Norms] Epoch [016] | relation_emb=4.351760e-01, relation_tau=4.059638e-09, relation_wq=1.799105e-07, relation_wk=9.240821e-08, personal_u=0.000000e+00, personal_v=0.000000e+00, personal_alpha_bias=0.000000e+00, personal_gate_emb=0.000000e+00, personal_gate_state_proj=0.000000e+00, personal_gate_context_proj=0.000000e+00, personal_gate_state_direct=0.000000e+00, personal_gate_id_direct=0.000000e+00, personal_gate_context_direct=0.000000e+00, personal_gate_out=0.000000e+00, personal_generator_emb=0.000000e+00, personal_generator_context_proj=0.000000e+00, personal_generator_context_hidden=0.000000e+00, personal_generator_context_to_u=0.000000e+00, personal_generator_context_to_v=0.000000e+00, personal_generator_state_row=0.000000e+00, personal_generator_state_col=0.000000e+00, personal_generator_id_row=0.000000e+00, personal_generator_id_col=0.000000e+00, personal_generator_state_adapter=0.000000e+00, personal_generator_id_adapter=0.000000e+00, personal_generator_context_adapter=0.000000e+00, personal_generator_direct_scale=0.000000e+00
2026-04-14 17:17:21,874 - INFO - [assist_09|assist_09_abce_ae_dominant_no_E|lr=0.0003|drop=0.20] -> New best AUC=0.7573 at epoch 16
2026-04-14 17:17:48,888 - INFO - [assist_09|assist_09_abce_ae_dominant_no_E|lr=0.0003|drop=0.20] Epoch [017/100] | Train: Loss=0.4903, BCE=0.4822, Reg=0.0080, AUC=0.8201, ACC=0.7556, RMSE=0.4004 | Val: Loss=0.5654, BCE=0.5574, Reg=0.0080, AUC=0.7571, ACC=0.7247, RMSE=0.4310
2026-04-14 17:17:48,889 - INFO - [assist_09|assist_09_abce_ae_dominant_no_E|lr=0.0003|drop=0.20] [Reg Terms] Epoch [017] | Train: graph_entropy=0.000000, graph_diag=0.005000, graph_uniform=0.003049, graph_reg_scale=1.0000, prediction_l2=0.000001, personal_sparse=0.000000, alpha_var=0.000000, alpha_collapse=0.000000, reg_bce_ratio=0.0167 | Val: graph_entropy=0.000000, graph_diag=0.005000, graph_uniform=0.003049, graph_reg_scale=1.0000, prediction_l2=0.000001, personal_sparse=0.000000, alpha_var=0.000000, alpha_collapse=0.000000, reg_bce_ratio=0.0144
2026-04-14 17:17:49,036 - INFO - [assist_09|assist_09_abce_ae_dominant_no_E|lr=0.0003|drop=0.20] [Diag][AE] Epoch [017] | irt_abs_mean=1.9036, irt_std=1.1200, personal_warmup_scale=1.00, graph_row_entropy=2.5592, graph_entropy_ratio=0.5318, alpha_mean=0.0000, alpha_std=0.0000, alpha_bias_std=0.0000, alpha_state_path=0.0000, alpha_id_path=0.0000, alpha_bias_path=0.0000, head_bias_path=0.0000, personal_row_entropy=0.0000, personal_matrix_delta=0.0000, personal_matrix_student_std=0.0000, personal_delta_pre_softmax_norm=0.0000, personal_delta_student_std=0.0000, alpha_head_std=0.0000, personal_student_mix=0.0000, personal_student_adapter=0.0000, local_row_ratio=0.0000, support_density=0.0000, readout_query_delta=0.0000, personal_bad_rows=0.00, personal_fallback_rows=0.00, personal_logits_absmax=0.0000
2026-04-14 17:17:49,037 - INFO - [assist_09|assist_09_abce_ae_dominant_no_E|lr=0.0003|drop=0.20] [Diag][A] Epoch [017] | entropy_ratio=0.5318, diag_mass=0.0500, to_uniform_l2=0.023784, to_identity_l2=0.089156, relation_identity_delta=0.000000, knowledge_state_graph_delta=0.000000, knowledge_state_personal_delta=0.000000, share_concept_embeddings=True, tau_mean=0.6931, tau_std=0.0000, graph_reg_scale(train/val)=1.0000/1.0000
2026-04-14 17:17:49,037 - INFO - [assist_09|assist_09_abce_ae_dominant_no_E|lr=0.0003|drop=0.20] [Grad Norms] Epoch [017] | relation_emb=4.459257e-01, relation_tau=8.293743e-09, relation_wq=7.915145e-07, relation_wk=3.212150e-07, personal_u=0.000000e+00, personal_v=0.000000e+00, personal_alpha_bias=0.000000e+00, personal_gate_emb=0.000000e+00, personal_gate_state_proj=0.000000e+00, personal_gate_context_proj=0.000000e+00, personal_gate_state_direct=0.000000e+00, personal_gate_id_direct=0.000000e+00, personal_gate_context_direct=0.000000e+00, personal_gate_out=0.000000e+00, personal_generator_emb=0.000000e+00, personal_generator_context_proj=0.000000e+00, personal_generator_context_hidden=0.000000e+00, personal_generator_context_to_u=0.000000e+00, personal_generator_context_to_v=0.000000e+00, personal_generator_state_row=0.000000e+00, personal_generator_state_col=0.000000e+00, personal_generator_id_row=0.000000e+00, personal_generator_id_col=0.000000e+00, personal_generator_state_adapter=0.000000e+00, personal_generator_id_adapter=0.000000e+00, personal_generator_context_adapter=0.000000e+00, personal_generator_direct_scale=0.000000e+00
2026-04-14 17:17:49,037 - INFO - [assist_09|assist_09_abce_ae_dominant_no_E|lr=0.0003|drop=0.20] -> No improvement 1 epoch(s) (best AUC=0.7573 @ 16)
2026-04-14 17:18:20,042 - INFO - [assist_09|assist_09_abce_ae_dominant_no_E|lr=0.0003|drop=0.20] Epoch [018/100] | Train: Loss=0.4878, BCE=0.4797, Reg=0.0080, AUC=0.8222, ACC=0.7583, RMSE=0.3993 | Val: Loss=0.5592, BCE=0.5512, Reg=0.0080, AUC=0.7590, ACC=0.7258, RMSE=0.4295
2026-04-14 17:18:20,043 - INFO - [assist_09|assist_09_abce_ae_dominant_no_E|lr=0.0003|drop=0.20] [Reg Terms] Epoch [018] | Train: graph_entropy=0.000000, graph_diag=0.005000, graph_uniform=0.003049, graph_reg_scale=1.0000, prediction_l2=0.000001, personal_sparse=0.000000, alpha_var=0.000000, alpha_collapse=0.000000, reg_bce_ratio=0.0168 | Val: graph_entropy=0.000000, graph_diag=0.005000, graph_uniform=0.003049, graph_reg_scale=1.0000, prediction_l2=0.000001, personal_sparse=0.000000, alpha_var=0.000000, alpha_collapse=0.000000, reg_bce_ratio=0.0146
2026-04-14 17:18:20,204 - INFO - [assist_09|assist_09_abce_ae_dominant_no_E|lr=0.0003|drop=0.20] [Diag][AE] Epoch [018] | irt_abs_mean=1.8121, irt_std=1.0482, personal_warmup_scale=1.00, graph_row_entropy=2.5592, graph_entropy_ratio=0.5318, alpha_mean=0.0000, alpha_std=0.0000, alpha_bias_std=0.0000, alpha_state_path=0.0000, alpha_id_path=0.0000, alpha_bias_path=0.0000, head_bias_path=0.0000, personal_row_entropy=0.0000, personal_matrix_delta=0.0000, personal_matrix_student_std=0.0000, personal_delta_pre_softmax_norm=0.0000, personal_delta_student_std=0.0000, alpha_head_std=0.0000, personal_student_mix=0.0000, personal_student_adapter=0.0000, local_row_ratio=0.0000, support_density=0.0000, readout_query_delta=0.0000, personal_bad_rows=0.00, personal_fallback_rows=0.00, personal_logits_absmax=0.0000
2026-04-14 17:18:20,204 - INFO - [assist_09|assist_09_abce_ae_dominant_no_E|lr=0.0003|drop=0.20] [Diag][A] Epoch [018] | entropy_ratio=0.5318, diag_mass=0.0500, to_uniform_l2=0.023784, to_identity_l2=0.089156, relation_identity_delta=0.000000, knowledge_state_graph_delta=0.000000, knowledge_state_personal_delta=0.000000, share_concept_embeddings=True, tau_mean=0.6931, tau_std=0.0000, graph_reg_scale(train/val)=1.0000/1.0000
2026-04-14 17:18:20,205 - INFO - [assist_09|assist_09_abce_ae_dominant_no_E|lr=0.0003|drop=0.20] [Grad Norms] Epoch [018] | relation_emb=3.946094e-01, relation_tau=5.281100e-09, relation_wq=7.780775e-07, relation_wk=6.977969e-07, personal_u=0.000000e+00, personal_v=0.000000e+00, personal_alpha_bias=0.000000e+00, personal_gate_emb=0.000000e+00, personal_gate_state_proj=0.000000e+00, personal_gate_context_proj=0.000000e+00, personal_gate_state_direct=0.000000e+00, personal_gate_id_direct=0.000000e+00, personal_gate_context_direct=0.000000e+00, personal_gate_out=0.000000e+00, personal_generator_emb=0.000000e+00, personal_generator_context_proj=0.000000e+00, personal_generator_context_hidden=0.000000e+00, personal_generator_context_to_u=0.000000e+00, personal_generator_context_to_v=0.000000e+00, personal_generator_state_row=0.000000e+00, personal_generator_state_col=0.000000e+00, personal_generator_id_row=0.000000e+00, personal_generator_id_col=0.000000e+00, personal_generator_state_adapter=0.000000e+00, personal_generator_id_adapter=0.000000e+00, personal_generator_context_adapter=0.000000e+00, personal_generator_direct_scale=0.000000e+00
2026-04-14 17:18:20,450 - INFO - [assist_09|assist_09_abce_ae_dominant_no_E|lr=0.0003|drop=0.20] -> New best AUC=0.7590 at epoch 18
2026-04-14 17:18:48,483 - INFO - [assist_09|assist_09_abce_ae_dominant_no_E|lr=0.0003|drop=0.20] Epoch [019/100] | Train: Loss=0.4862, BCE=0.4781, Reg=0.0080, AUC=0.8236, ACC=0.7573, RMSE=0.3987 | Val: Loss=0.5631, BCE=0.5551, Reg=0.0080, AUC=0.7589, ACC=0.7270, RMSE=0.4302
2026-04-14 17:18:48,483 - INFO - [assist_09|assist_09_abce_ae_dominant_no_E|lr=0.0003|drop=0.20] [Reg Terms] Epoch [019] | Train: graph_entropy=0.000000, graph_diag=0.005000, graph_uniform=0.003049, graph_reg_scale=1.0000, prediction_l2=0.000001, personal_sparse=0.000000, alpha_var=0.000000, alpha_collapse=0.000000, reg_bce_ratio=0.0168 | Val: graph_entropy=0.000000, graph_diag=0.005000, graph_uniform=0.003049, graph_reg_scale=1.0000, prediction_l2=0.000001, personal_sparse=0.000000, alpha_var=0.000000, alpha_collapse=0.000000, reg_bce_ratio=0.0145
2026-04-14 17:18:48,633 - INFO - [assist_09|assist_09_abce_ae_dominant_no_E|lr=0.0003|drop=0.20] [Diag][AE] Epoch [019] | irt_abs_mean=1.8979, irt_std=1.1292, personal_warmup_scale=1.00, graph_row_entropy=2.5592, graph_entropy_ratio=0.5318, alpha_mean=0.0000, alpha_std=0.0000, alpha_bias_std=0.0000, alpha_state_path=0.0000, alpha_id_path=0.0000, alpha_bias_path=0.0000, head_bias_path=0.0000, personal_row_entropy=0.0000, personal_matrix_delta=0.0000, personal_matrix_student_std=0.0000, personal_delta_pre_softmax_norm=0.0000, personal_delta_student_std=0.0000, alpha_head_std=0.0000, personal_student_mix=0.0000, personal_student_adapter=0.0000, local_row_ratio=0.0000, support_density=0.0000, readout_query_delta=0.0000, personal_bad_rows=0.00, personal_fallback_rows=0.00, personal_logits_absmax=0.0000
2026-04-14 17:18:48,633 - INFO - [assist_09|assist_09_abce_ae_dominant_no_E|lr=0.0003|drop=0.20] [Diag][A] Epoch [019] | entropy_ratio=0.5318, diag_mass=0.0500, to_uniform_l2=0.023784, to_identity_l2=0.089156, relation_identity_delta=0.000000, knowledge_state_graph_delta=0.000000, knowledge_state_personal_delta=0.000000, share_concept_embeddings=True, tau_mean=0.6932, tau_std=0.0000, graph_reg_scale(train/val)=1.0000/1.0000
2026-04-14 17:18:48,633 - INFO - [assist_09|assist_09_abce_ae_dominant_no_E|lr=0.0003|drop=0.20] [Grad Norms] Epoch [019] | relation_emb=5.312548e-01, relation_tau=1.782697e-08, relation_wq=1.243922e-07, relation_wk=1.334210e-07, personal_u=0.000000e+00, personal_v=0.000000e+00, personal_alpha_bias=0.000000e+00, personal_gate_emb=0.000000e+00, personal_gate_state_proj=0.000000e+00, personal_gate_context_proj=0.000000e+00, personal_gate_state_direct=0.000000e+00, personal_gate_id_direct=0.000000e+00, personal_gate_context_direct=0.000000e+00, personal_gate_out=0.000000e+00, personal_generator_emb=0.000000e+00, personal_generator_context_proj=0.000000e+00, personal_generator_context_hidden=0.000000e+00, personal_generator_context_to_u=0.000000e+00, personal_generator_context_to_v=0.000000e+00, personal_generator_state_row=0.000000e+00, personal_generator_state_col=0.000000e+00, personal_generator_id_row=0.000000e+00, personal_generator_id_col=0.000000e+00, personal_generator_state_adapter=0.000000e+00, personal_generator_id_adapter=0.000000e+00, personal_generator_context_adapter=0.000000e+00, personal_generator_direct_scale=0.000000e+00
2026-04-14 17:18:48,633 - INFO - [assist_09|assist_09_abce_ae_dominant_no_E|lr=0.0003|drop=0.20] -> No improvement 1 epoch(s) (best AUC=0.7590 @ 18)
2026-04-14 17:19:15,654 - INFO - [assist_09|assist_09_abce_ae_dominant_no_E|lr=0.0003|drop=0.20] Epoch [020/100] | Train: Loss=0.4838, BCE=0.4758, Reg=0.0080, AUC=0.8259, ACC=0.7595, RMSE=0.3976 | Val: Loss=0.5613, BCE=0.5532, Reg=0.0080, AUC=0.7589, ACC=0.7266, RMSE=0.4294
2026-04-14 17:19:15,655 - INFO - [assist_09|assist_09_abce_ae_dominant_no_E|lr=0.0003|drop=0.20] [Reg Terms] Epoch [020] | Train: graph_entropy=0.000000, graph_diag=0.005000, graph_uniform=0.003049, graph_reg_scale=1.0000, prediction_l2=0.000001, personal_sparse=0.000000, alpha_var=0.000000, alpha_collapse=0.000000, reg_bce_ratio=0.0169 | Val: graph_entropy=0.000000, graph_diag=0.005000, graph_uniform=0.003049, graph_reg_scale=1.0000, prediction_l2=0.000001, personal_sparse=0.000000, alpha_var=0.000000, alpha_collapse=0.000000, reg_bce_ratio=0.0145
2026-04-14 17:19:15,807 - INFO - [assist_09|assist_09_abce_ae_dominant_no_E|lr=0.0003|drop=0.20] [Diag][AE] Epoch [020] | irt_abs_mean=1.8702, irt_std=1.1082, personal_warmup_scale=1.00, graph_row_entropy=2.5592, graph_entropy_ratio=0.5318, alpha_mean=0.0000, alpha_std=0.0000, alpha_bias_std=0.0000, alpha_state_path=0.0000, alpha_id_path=0.0000, alpha_bias_path=0.0000, head_bias_path=0.0000, personal_row_entropy=0.0000, personal_matrix_delta=0.0000, personal_matrix_student_std=0.0000, personal_delta_pre_softmax_norm=0.0000, personal_delta_student_std=0.0000, alpha_head_std=0.0000, personal_student_mix=0.0000, personal_student_adapter=0.0000, local_row_ratio=0.0000, support_density=0.0000, readout_query_delta=0.0000, personal_bad_rows=0.00, personal_fallback_rows=0.00, personal_logits_absmax=0.0000
2026-04-14 17:19:15,808 - INFO - [assist_09|assist_09_abce_ae_dominant_no_E|lr=0.0003|drop=0.20] [Diag][A] Epoch [020] | entropy_ratio=0.5318, diag_mass=0.0500, to_uniform_l2=0.023784, to_identity_l2=0.089156, relation_identity_delta=0.000000, knowledge_state_graph_delta=0.000000, knowledge_state_personal_delta=0.000000, share_concept_embeddings=True, tau_mean=0.6932, tau_std=0.0001, graph_reg_scale(train/val)=1.0000/1.0000
2026-04-14 17:19:15,808 - INFO - [assist_09|assist_09_abce_ae_dominant_no_E|lr=0.0003|drop=0.20] [Grad Norms] Epoch [020] | relation_emb=4.661193e-01, relation_tau=4.379037e-08, relation_wq=1.734036e-06, relation_wk=1.353574e-06, personal_u=0.000000e+00, personal_v=0.000000e+00, personal_alpha_bias=0.000000e+00, personal_gate_emb=0.000000e+00, personal_gate_state_proj=0.000000e+00, personal_gate_context_proj=0.000000e+00, personal_gate_state_direct=0.000000e+00, personal_gate_id_direct=0.000000e+00, personal_gate_context_direct=0.000000e+00, personal_gate_out=0.000000e+00, personal_generator_emb=0.000000e+00, personal_generator_context_proj=0.000000e+00, personal_generator_context_hidden=0.000000e+00, personal_generator_context_to_u=0.000000e+00, personal_generator_context_to_v=0.000000e+00, personal_generator_state_row=0.000000e+00, personal_generator_state_col=0.000000e+00, personal_generator_id_row=0.000000e+00, personal_generator_id_col=0.000000e+00, personal_generator_state_adapter=0.000000e+00, personal_generator_id_adapter=0.000000e+00, personal_generator_context_adapter=0.000000e+00, personal_generator_direct_scale=0.000000e+00
2026-04-14 17:19:15,808 - INFO - [assist_09|assist_09_abce_ae_dominant_no_E|lr=0.0003|drop=0.20] -> No improvement 2 epoch(s) (best AUC=0.7590 @ 18)
2026-04-14 17:19:15,834 - INFO - [assist_09|assist_09_abce_ae_dominant_no_E|lr=0.0003|drop=0.20] Checkpoint saved: checkpoints/abce_diag/remote_ae_cleanrerun2_20260415_4118a85/assist_09/seed42/ae_dominant_no_E/checkpoint_epoch_20.pth
2026-04-14 17:19:16,021 - INFO - [assist_09|assist_09_abce_ae_dominant_no_E|lr=0.0003|drop=0.20] [Module Activity] Epoch 20: Graph[OK]
2026-04-14 17:19:43,622 - INFO - [assist_09|assist_09_abce_ae_dominant_no_E|lr=0.0003|drop=0.20] Epoch [021/100] | Train: Loss=0.4814, BCE=0.4733, Reg=0.0080, AUC=0.8279, ACC=0.7606, RMSE=0.3966 | Val: Loss=0.5646, BCE=0.5566, Reg=0.0080, AUC=0.7592, ACC=0.7280, RMSE=0.4303
2026-04-14 17:19:43,622 - INFO - [assist_09|assist_09_abce_ae_dominant_no_E|lr=0.0003|drop=0.20] [Reg Terms] Epoch [021] | Train: graph_entropy=0.000000, graph_diag=0.005000, graph_uniform=0.003049, graph_reg_scale=1.0000, prediction_l2=0.000001, personal_sparse=0.000000, alpha_var=0.000000, alpha_collapse=0.000000, reg_bce_ratio=0.0170 | Val: graph_entropy=0.000000, graph_diag=0.005000, graph_uniform=0.003049, graph_reg_scale=1.0000, prediction_l2=0.000001, personal_sparse=0.000000, alpha_var=0.000000, alpha_collapse=0.000000, reg_bce_ratio=0.0145
2026-04-14 17:19:43,776 - INFO - [assist_09|assist_09_abce_ae_dominant_no_E|lr=0.0003|drop=0.20] [Diag][AE] Epoch [021] | irt_abs_mean=1.9596, irt_std=1.1877, personal_warmup_scale=1.00, graph_row_entropy=2.5592, graph_entropy_ratio=0.5318, alpha_mean=0.0000, alpha_std=0.0000, alpha_bias_std=0.0000, alpha_state_path=0.0000, alpha_id_path=0.0000, alpha_bias_path=0.0000, head_bias_path=0.0000, personal_row_entropy=0.0000, personal_matrix_delta=0.0000, personal_matrix_student_std=0.0000, personal_delta_pre_softmax_norm=0.0000, personal_delta_student_std=0.0000, alpha_head_std=0.0000, personal_student_mix=0.0000, personal_student_adapter=0.0000, local_row_ratio=0.0000, support_density=0.0000, readout_query_delta=0.0000, personal_bad_rows=0.00, personal_fallback_rows=0.00, personal_logits_absmax=0.0000
2026-04-14 17:19:43,776 - INFO - [assist_09|assist_09_abce_ae_dominant_no_E|lr=0.0003|drop=0.20] [Diag][A] Epoch [021] | entropy_ratio=0.5318, diag_mass=0.0500, to_uniform_l2=0.023784, to_identity_l2=0.089156, relation_identity_delta=0.000000, knowledge_state_graph_delta=0.000000, knowledge_state_personal_delta=0.000000, share_concept_embeddings=True, tau_mean=0.6931, tau_std=0.0000, graph_reg_scale(train/val)=1.0000/1.0000
2026-04-14 17:19:43,776 - INFO - [assist_09|assist_09_abce_ae_dominant_no_E|lr=0.0003|drop=0.20] [Grad Norms] Epoch [021] | relation_emb=3.419105e-01, relation_tau=3.506716e-09, relation_wq=9.681862e-07, relation_wk=1.056108e-06, personal_u=0.000000e+00, personal_v=0.000000e+00, personal_alpha_bias=0.000000e+00, personal_gate_emb=0.000000e+00, personal_gate_state_proj=0.000000e+00, personal_gate_context_proj=0.000000e+00, personal_gate_state_direct=0.000000e+00, personal_gate_id_direct=0.000000e+00, personal_gate_context_direct=0.000000e+00, personal_gate_out=0.000000e+00, personal_generator_emb=0.000000e+00, personal_generator_context_proj=0.000000e+00, personal_generator_context_hidden=0.000000e+00, personal_generator_context_to_u=0.000000e+00, personal_generator_context_to_v=0.000000e+00, personal_generator_state_row=0.000000e+00, personal_generator_state_col=0.000000e+00, personal_generator_id_row=0.000000e+00, personal_generator_id_col=0.000000e+00, personal_generator_state_adapter=0.000000e+00, personal_generator_id_adapter=0.000000e+00, personal_generator_context_adapter=0.000000e+00, personal_generator_direct_scale=0.000000e+00
2026-04-14 17:19:44,077 - INFO - [assist_09|assist_09_abce_ae_dominant_no_E|lr=0.0003|drop=0.20] -> New best AUC=0.7592 at epoch 21
2026-04-14 17:20:10,954 - INFO - [assist_09|assist_09_abce_ae_dominant_no_E|lr=0.0003|drop=0.20] Epoch [022/100] | Train: Loss=0.4799, BCE=0.4719, Reg=0.0080, AUC=0.8292, ACC=0.7610, RMSE=0.3959 | Val: Loss=0.5619, BCE=0.5539, Reg=0.0080, AUC=0.7593, ACC=0.7274, RMSE=0.4295
2026-04-14 17:20:10,954 - INFO - [assist_09|assist_09_abce_ae_dominant_no_E|lr=0.0003|drop=0.20] [Reg Terms] Epoch [022] | Train: graph_entropy=0.000000, graph_diag=0.005000, graph_uniform=0.003049, graph_reg_scale=1.0000, prediction_l2=0.000001, personal_sparse=0.000000, alpha_var=0.000000, alpha_collapse=0.000000, reg_bce_ratio=0.0171 | Val: graph_entropy=0.000000, graph_diag=0.005000, graph_uniform=0.003049, graph_reg_scale=1.0000, prediction_l2=0.000001, personal_sparse=0.000000, alpha_var=0.000000, alpha_collapse=0.000000, reg_bce_ratio=0.0145
2026-04-14 17:20:11,131 - INFO - [assist_09|assist_09_abce_ae_dominant_no_E|lr=0.0003|drop=0.20] [Diag][AE] Epoch [022] | irt_abs_mean=1.9423, irt_std=1.1730, personal_warmup_scale=1.00, graph_row_entropy=2.5592, graph_entropy_ratio=0.5318, alpha_mean=0.0000, alpha_std=0.0000, alpha_bias_std=0.0000, alpha_state_path=0.0000, alpha_id_path=0.0000, alpha_bias_path=0.0000, head_bias_path=0.0000, personal_row_entropy=0.0000, personal_matrix_delta=0.0000, personal_matrix_student_std=0.0000, personal_delta_pre_softmax_norm=0.0000, personal_delta_student_std=0.0000, alpha_head_std=0.0000, personal_student_mix=0.0000, personal_student_adapter=0.0000, local_row_ratio=0.0000, support_density=0.0000, readout_query_delta=0.0000, personal_bad_rows=0.00, personal_fallback_rows=0.00, personal_logits_absmax=0.0000
2026-04-14 17:20:11,131 - INFO - [assist_09|assist_09_abce_ae_dominant_no_E|lr=0.0003|drop=0.20] [Diag][A] Epoch [022] | entropy_ratio=0.5318, diag_mass=0.0500, to_uniform_l2=0.023784, to_identity_l2=0.089156, relation_identity_delta=0.000000, knowledge_state_graph_delta=0.000000, knowledge_state_personal_delta=0.000000, share_concept_embeddings=True, tau_mean=0.6929, tau_std=0.0001, graph_reg_scale(train/val)=1.0000/1.0000
2026-04-14 17:20:11,131 - INFO - [assist_09|assist_09_abce_ae_dominant_no_E|lr=0.0003|drop=0.20] [Grad Norms] Epoch [022] | relation_emb=4.404288e-01, relation_tau=3.485615e-08, relation_wq=2.697671e-07, relation_wk=2.711105e-07, personal_u=0.000000e+00, personal_v=0.000000e+00, personal_alpha_bias=0.000000e+00, personal_gate_emb=0.000000e+00, personal_gate_state_proj=0.000000e+00, personal_gate_context_proj=0.000000e+00, personal_gate_state_direct=0.000000e+00, personal_gate_id_direct=0.000000e+00, personal_gate_context_direct=0.000000e+00, personal_gate_out=0.000000e+00, personal_generator_emb=0.000000e+00, personal_generator_context_proj=0.000000e+00, personal_generator_context_hidden=0.000000e+00, personal_generator_context_to_u=0.000000e+00, personal_generator_context_to_v=0.000000e+00, personal_generator_state_row=0.000000e+00, personal_generator_state_col=0.000000e+00, personal_generator_id_row=0.000000e+00, personal_generator_id_col=0.000000e+00, personal_generator_state_adapter=0.000000e+00, personal_generator_id_adapter=0.000000e+00, personal_generator_context_adapter=0.000000e+00, personal_generator_direct_scale=0.000000e+00
2026-04-14 17:20:11,385 - INFO - [assist_09|assist_09_abce_ae_dominant_no_E|lr=0.0003|drop=0.20] -> New best AUC=0.7593 at epoch 22
2026-04-14 17:20:37,231 - INFO - [assist_09|assist_09_abce_ae_dominant_no_E|lr=0.0003|drop=0.20] Epoch [023/100] | Train: Loss=0.4782, BCE=0.4701, Reg=0.0080, AUC=0.8304, ACC=0.7620, RMSE=0.3951 | Val: Loss=0.5685, BCE=0.5605, Reg=0.0080, AUC=0.7610, ACC=0.7261, RMSE=0.4314
2026-04-14 17:20:37,231 - INFO - [assist_09|assist_09_abce_ae_dominant_no_E|lr=0.0003|drop=0.20] [Reg Terms] Epoch [023] | Train: graph_entropy=0.000000, graph_diag=0.005000, graph_uniform=0.003049, graph_reg_scale=1.0000, prediction_l2=0.000001, personal_sparse=0.000000, alpha_var=0.000000, alpha_collapse=0.000000, reg_bce_ratio=0.0171 | Val: graph_entropy=0.000000, graph_diag=0.005000, graph_uniform=0.003049, graph_reg_scale=1.0000, prediction_l2=0.000001, personal_sparse=0.000000, alpha_var=0.000000, alpha_collapse=0.000000, reg_bce_ratio=0.0144
2026-04-14 17:20:37,377 - INFO - [assist_09|assist_09_abce_ae_dominant_no_E|lr=0.0003|drop=0.20] [Diag][AE] Epoch [023] | irt_abs_mean=2.1423, irt_std=1.2387, personal_warmup_scale=1.00, graph_row_entropy=2.5592, graph_entropy_ratio=0.5318, alpha_mean=0.0000, alpha_std=0.0000, alpha_bias_std=0.0000, alpha_state_path=0.0000, alpha_id_path=0.0000, alpha_bias_path=0.0000, head_bias_path=0.0000, personal_row_entropy=0.0000, personal_matrix_delta=0.0000, personal_matrix_student_std=0.0000, personal_delta_pre_softmax_norm=0.0000, personal_delta_student_std=0.0000, alpha_head_std=0.0000, personal_student_mix=0.0000, personal_student_adapter=0.0000, local_row_ratio=0.0000, support_density=0.0000, readout_query_delta=0.0000, personal_bad_rows=0.00, personal_fallback_rows=0.00, personal_logits_absmax=0.0000
2026-04-14 17:20:37,377 - INFO - [assist_09|assist_09_abce_ae_dominant_no_E|lr=0.0003|drop=0.20] [Diag][A] Epoch [023] | entropy_ratio=0.5318, diag_mass=0.0500, to_uniform_l2=0.023784, to_identity_l2=0.089156, relation_identity_delta=0.000000, knowledge_state_graph_delta=0.000000, knowledge_state_personal_delta=0.000000, share_concept_embeddings=True, tau_mean=0.6932, tau_std=0.0000, graph_reg_scale(train/val)=1.0000/1.0000
2026-04-14 17:20:37,377 - INFO - [assist_09|assist_09_abce_ae_dominant_no_E|lr=0.0003|drop=0.20] [Grad Norms] Epoch [023] | relation_emb=4.804198e-01, relation_tau=1.608677e-09, relation_wq=1.729897e-06, relation_wk=1.046546e-06, personal_u=0.000000e+00, personal_v=0.000000e+00, personal_alpha_bias=0.000000e+00, personal_gate_emb=0.000000e+00, personal_gate_state_proj=0.000000e+00, personal_gate_context_proj=0.000000e+00, personal_gate_state_direct=0.000000e+00, personal_gate_id_direct=0.000000e+00, personal_gate_context_direct=0.000000e+00, personal_gate_out=0.000000e+00, personal_generator_emb=0.000000e+00, personal_generator_context_proj=0.000000e+00, personal_generator_context_hidden=0.000000e+00, personal_generator_context_to_u=0.000000e+00, personal_generator_context_to_v=0.000000e+00, personal_generator_state_row=0.000000e+00, personal_generator_state_col=0.000000e+00, personal_generator_id_row=0.000000e+00, personal_generator_id_col=0.000000e+00, personal_generator_state_adapter=0.000000e+00, personal_generator_id_adapter=0.000000e+00, personal_generator_context_adapter=0.000000e+00, personal_generator_direct_scale=0.000000e+00
2026-04-14 17:20:37,601 - INFO - [assist_09|assist_09_abce_ae_dominant_no_E|lr=0.0003|drop=0.20] -> New best AUC=0.7610 at epoch 23
2026-04-14 17:21:04,775 - INFO - [assist_09|assist_09_abce_ae_dominant_no_E|lr=0.0003|drop=0.20] Epoch [024/100] | Train: Loss=0.4766, BCE=0.4686, Reg=0.0080, AUC=0.8318, ACC=0.7631, RMSE=0.3945 | Val: Loss=0.5658, BCE=0.5577, Reg=0.0080, AUC=0.7611, ACC=0.7272, RMSE=0.4302
2026-04-14 17:21:04,775 - INFO - [assist_09|assist_09_abce_ae_dominant_no_E|lr=0.0003|drop=0.20] [Reg Terms] Epoch [024] | Train: graph_entropy=0.000000, graph_diag=0.005000, graph_uniform=0.003049, graph_reg_scale=1.0000, prediction_l2=0.000001, personal_sparse=0.000000, alpha_var=0.000000, alpha_collapse=0.000000, reg_bce_ratio=0.0172 | Val: graph_entropy=0.000000, graph_diag=0.005000, graph_uniform=0.003049, graph_reg_scale=1.0000, prediction_l2=0.000001, personal_sparse=0.000000, alpha_var=0.000000, alpha_collapse=0.000000, reg_bce_ratio=0.0144
2026-04-14 17:21:04,934 - INFO - [assist_09|assist_09_abce_ae_dominant_no_E|lr=0.0003|drop=0.20] [Diag][AE] Epoch [024] | irt_abs_mean=1.9973, irt_std=1.2380, personal_warmup_scale=1.00, graph_row_entropy=2.5592, graph_entropy_ratio=0.5318, alpha_mean=0.0000, alpha_std=0.0000, alpha_bias_std=0.0000, alpha_state_path=0.0000, alpha_id_path=0.0000, alpha_bias_path=0.0000, head_bias_path=0.0000, personal_row_entropy=0.0000, personal_matrix_delta=0.0000, personal_matrix_student_std=0.0000, personal_delta_pre_softmax_norm=0.0000, personal_delta_student_std=0.0000, alpha_head_std=0.0000, personal_student_mix=0.0000, personal_student_adapter=0.0000, local_row_ratio=0.0000, support_density=0.0000, readout_query_delta=0.0000, personal_bad_rows=0.00, personal_fallback_rows=0.00, personal_logits_absmax=0.0000
2026-04-14 17:21:04,934 - INFO - [assist_09|assist_09_abce_ae_dominant_no_E|lr=0.0003|drop=0.20] [Diag][A] Epoch [024] | entropy_ratio=0.5318, diag_mass=0.0500, to_uniform_l2=0.023784, to_identity_l2=0.089156, relation_identity_delta=0.000000, knowledge_state_graph_delta=0.000000, knowledge_state_personal_delta=0.000000, share_concept_embeddings=True, tau_mean=0.6934, tau_std=0.0003, graph_reg_scale(train/val)=1.0000/1.0000
2026-04-14 17:21:04,934 - INFO - [assist_09|assist_09_abce_ae_dominant_no_E|lr=0.0003|drop=0.20] [Grad Norms] Epoch [024] | relation_emb=3.101102e-01, relation_tau=1.522713e-08, relation_wq=8.151692e-07, relation_wk=7.605938e-07, personal_u=0.000000e+00, personal_v=0.000000e+00, personal_alpha_bias=0.000000e+00, personal_gate_emb=0.000000e+00, personal_gate_state_proj=0.000000e+00, personal_gate_context_proj=0.000000e+00, personal_gate_state_direct=0.000000e+00, personal_gate_id_direct=0.000000e+00, personal_gate_context_direct=0.000000e+00, personal_gate_out=0.000000e+00, personal_generator_emb=0.000000e+00, personal_generator_context_proj=0.000000e+00, personal_generator_context_hidden=0.000000e+00, personal_generator_context_to_u=0.000000e+00, personal_generator_context_to_v=0.000000e+00, personal_generator_state_row=0.000000e+00, personal_generator_state_col=0.000000e+00, personal_generator_id_row=0.000000e+00, personal_generator_id_col=0.000000e+00, personal_generator_state_adapter=0.000000e+00, personal_generator_id_adapter=0.000000e+00, personal_generator_context_adapter=0.000000e+00, personal_generator_direct_scale=0.000000e+00
2026-04-14 17:21:05,216 - INFO - [assist_09|assist_09_abce_ae_dominant_no_E|lr=0.0003|drop=0.20] -> New best AUC=0.7611 at epoch 24
2026-04-14 17:21:32,778 - INFO - [assist_09|assist_09_abce_ae_dominant_no_E|lr=0.0003|drop=0.20] Epoch [025/100] | Train: Loss=0.4747, BCE=0.4667, Reg=0.0081, AUC=0.8336, ACC=0.7637, RMSE=0.3936 | Val: Loss=0.5702, BCE=0.5622, Reg=0.0080, AUC=0.7601, ACC=0.7261, RMSE=0.4315
2026-04-14 17:21:32,778 - INFO - [assist_09|assist_09_abce_ae_dominant_no_E|lr=0.0003|drop=0.20] [Reg Terms] Epoch [025] | Train: graph_entropy=0.000000, graph_diag=0.005003, graph_uniform=0.003049, graph_reg_scale=1.0000, prediction_l2=0.000001, personal_sparse=0.000000, alpha_var=0.000000, alpha_collapse=0.000000, reg_bce_ratio=0.0173 | Val: graph_entropy=0.000000, graph_diag=0.005000, graph_uniform=0.003049, graph_reg_scale=1.0000, prediction_l2=0.000001, personal_sparse=0.000000, alpha_var=0.000000, alpha_collapse=0.000000, reg_bce_ratio=0.0143
2026-04-14 17:21:32,930 - INFO - [assist_09|assist_09_abce_ae_dominant_no_E|lr=0.0003|drop=0.20] [Diag][AE] Epoch [025] | irt_abs_mean=2.1127, irt_std=1.2973, personal_warmup_scale=1.00, graph_row_entropy=2.5592, graph_entropy_ratio=0.5318, alpha_mean=0.0000, alpha_std=0.0000, alpha_bias_std=0.0000, alpha_state_path=0.0000, alpha_id_path=0.0000, alpha_bias_path=0.0000, head_bias_path=0.0000, personal_row_entropy=0.0000, personal_matrix_delta=0.0000, personal_matrix_student_std=0.0000, personal_delta_pre_softmax_norm=0.0000, personal_delta_student_std=0.0000, alpha_head_std=0.0000, personal_student_mix=0.0000, personal_student_adapter=0.0000, local_row_ratio=0.0000, support_density=0.0000, readout_query_delta=0.0000, personal_bad_rows=0.00, personal_fallback_rows=0.00, personal_logits_absmax=0.0000
2026-04-14 17:21:32,931 - INFO - [assist_09|assist_09_abce_ae_dominant_no_E|lr=0.0003|drop=0.20] [Diag][A] Epoch [025] | entropy_ratio=0.5318, diag_mass=0.0500, to_uniform_l2=0.023784, to_identity_l2=0.089156, relation_identity_delta=0.000000, knowledge_state_graph_delta=0.000000, knowledge_state_personal_delta=0.000000, share_concept_embeddings=True, tau_mean=0.6931, tau_std=0.0000, graph_reg_scale(train/val)=1.0000/1.0000
2026-04-14 17:21:32,931 - INFO - [assist_09|assist_09_abce_ae_dominant_no_E|lr=0.0003|drop=0.20] [Grad Norms] Epoch [025] | relation_emb=5.470586e-01, relation_tau=4.358933e-09, relation_wq=1.141800e-06, relation_wk=7.474509e-07, personal_u=0.000000e+00, personal_v=0.000000e+00, personal_alpha_bias=0.000000e+00, personal_gate_emb=0.000000e+00, personal_gate_state_proj=0.000000e+00, personal_gate_context_proj=0.000000e+00, personal_gate_state_direct=0.000000e+00, personal_gate_id_direct=0.000000e+00, personal_gate_context_direct=0.000000e+00, personal_gate_out=0.000000e+00, personal_generator_emb=0.000000e+00, personal_generator_context_proj=0.000000e+00, personal_generator_context_hidden=0.000000e+00, personal_generator_context_to_u=0.000000e+00, personal_generator_context_to_v=0.000000e+00, personal_generator_state_row=0.000000e+00, personal_generator_state_col=0.000000e+00, personal_generator_id_row=0.000000e+00, personal_generator_id_col=0.000000e+00, personal_generator_state_adapter=0.000000e+00, personal_generator_id_adapter=0.000000e+00, personal_generator_context_adapter=0.000000e+00, personal_generator_direct_scale=0.000000e+00
2026-04-14 17:21:32,931 - INFO - [assist_09|assist_09_abce_ae_dominant_no_E|lr=0.0003|drop=0.20] -> No improvement 1 epoch(s) (best AUC=0.7611 @ 24)
2026-04-14 17:21:59,520 - INFO - [assist_09|assist_09_abce_ae_dominant_no_E|lr=0.0003|drop=0.20] Epoch [026/100] | Train: Loss=0.4738, BCE=0.4658, Reg=0.0081, AUC=0.8342, ACC=0.7642, RMSE=0.3932 | Val: Loss=0.5695, BCE=0.5615, Reg=0.0080, AUC=0.7601, ACC=0.7295, RMSE=0.4311
2026-04-14 17:21:59,521 - INFO - [assist_09|assist_09_abce_ae_dominant_no_E|lr=0.0003|drop=0.20] [Reg Terms] Epoch [026] | Train: graph_entropy=0.000000, graph_diag=0.005003, graph_uniform=0.003049, graph_reg_scale=1.0000, prediction_l2=0.000001, personal_sparse=0.000000, alpha_var=0.000000, alpha_collapse=0.000000, reg_bce_ratio=0.0173 | Val: graph_entropy=0.000000, graph_diag=0.005000, graph_uniform=0.003049, graph_reg_scale=1.0000, prediction_l2=0.000001, personal_sparse=0.000000, alpha_var=0.000000, alpha_collapse=0.000000, reg_bce_ratio=0.0143
2026-04-14 17:21:59,693 - INFO - [assist_09|assist_09_abce_ae_dominant_no_E|lr=0.0003|drop=0.20] [Diag][AE] Epoch [026] | irt_abs_mean=2.1036, irt_std=1.3115, personal_warmup_scale=1.00, graph_row_entropy=2.5592, graph_entropy_ratio=0.5318, alpha_mean=0.0000, alpha_std=0.0000, alpha_bias_std=0.0000, alpha_state_path=0.0000, alpha_id_path=0.0000, alpha_bias_path=0.0000, head_bias_path=0.0000, personal_row_entropy=0.0000, personal_matrix_delta=0.0000, personal_matrix_student_std=0.0000, personal_delta_pre_softmax_norm=0.0000, personal_delta_student_std=0.0000, alpha_head_std=0.0000, personal_student_mix=0.0000, personal_student_adapter=0.0000, local_row_ratio=0.0000, support_density=0.0000, readout_query_delta=0.0000, personal_bad_rows=0.00, personal_fallback_rows=0.00, personal_logits_absmax=0.0000
2026-04-14 17:21:59,694 - INFO - [assist_09|assist_09_abce_ae_dominant_no_E|lr=0.0003|drop=0.20] [Diag][A] Epoch [026] | entropy_ratio=0.5318, diag_mass=0.0500, to_uniform_l2=0.023784, to_identity_l2=0.089156, relation_identity_delta=0.000000, knowledge_state_graph_delta=0.000000, knowledge_state_personal_delta=0.000000, share_concept_embeddings=True, tau_mean=0.6931, tau_std=0.0001, graph_reg_scale(train/val)=1.0000/1.0000
2026-04-14 17:21:59,694 - INFO - [assist_09|assist_09_abce_ae_dominant_no_E|lr=0.0003|drop=0.20] [Grad Norms] Epoch [026] | relation_emb=4.601070e-01, relation_tau=3.254053e-08, relation_wq=2.170887e-06, relation_wk=1.722692e-06, personal_u=0.000000e+00, personal_v=0.000000e+00, personal_alpha_bias=0.000000e+00, personal_gate_emb=0.000000e+00, personal_gate_state_proj=0.000000e+00, personal_gate_context_proj=0.000000e+00, personal_gate_state_direct=0.000000e+00, personal_gate_id_direct=0.000000e+00, personal_gate_context_direct=0.000000e+00, personal_gate_out=0.000000e+00, personal_generator_emb=0.000000e+00, personal_generator_context_proj=0.000000e+00, personal_generator_context_hidden=0.000000e+00, personal_generator_context_to_u=0.000000e+00, personal_generator_context_to_v=0.000000e+00, personal_generator_state_row=0.000000e+00, personal_generator_state_col=0.000000e+00, personal_generator_id_row=0.000000e+00, personal_generator_id_col=0.000000e+00, personal_generator_state_adapter=0.000000e+00, personal_generator_id_adapter=0.000000e+00, personal_generator_context_adapter=0.000000e+00, personal_generator_direct_scale=0.000000e+00
2026-04-14 17:21:59,694 - INFO - [assist_09|assist_09_abce_ae_dominant_no_E|lr=0.0003|drop=0.20] -> No improvement 2 epoch(s) (best AUC=0.7611 @ 24)
2026-04-14 17:22:28,632 - INFO - [assist_09|assist_09_abce_ae_dominant_no_E|lr=0.0003|drop=0.20] Epoch [027/100] | Train: Loss=0.4728, BCE=0.4647, Reg=0.0080, AUC=0.8351, ACC=0.7647, RMSE=0.3927 | Val: Loss=0.5712, BCE=0.5632, Reg=0.0080, AUC=0.7608, ACC=0.7252, RMSE=0.4317
2026-04-14 17:22:28,632 - INFO - [assist_09|assist_09_abce_ae_dominant_no_E|lr=0.0003|drop=0.20] [Reg Terms] Epoch [027] | Train: graph_entropy=0.000000, graph_diag=0.005000, graph_uniform=0.003049, graph_reg_scale=1.0000, prediction_l2=0.000001, personal_sparse=0.000000, alpha_var=0.000000, alpha_collapse=0.000000, reg_bce_ratio=0.0173 | Val: graph_entropy=0.000000, graph_diag=0.005000, graph_uniform=0.003049, graph_reg_scale=1.0000, prediction_l2=0.000001, personal_sparse=0.000000, alpha_var=0.000000, alpha_collapse=0.000000, reg_bce_ratio=0.0143
2026-04-14 17:22:28,809 - INFO - [assist_09|assist_09_abce_ae_dominant_no_E|lr=0.0003|drop=0.20] [Diag][AE] Epoch [027] | irt_abs_mean=2.0812, irt_std=1.2879, personal_warmup_scale=1.00, graph_row_entropy=2.5592, graph_entropy_ratio=0.5318, alpha_mean=0.0000, alpha_std=0.0000, alpha_bias_std=0.0000, alpha_state_path=0.0000, alpha_id_path=0.0000, alpha_bias_path=0.0000, head_bias_path=0.0000, personal_row_entropy=0.0000, personal_matrix_delta=0.0000, personal_matrix_student_std=0.0000, personal_delta_pre_softmax_norm=0.0000, personal_delta_student_std=0.0000, alpha_head_std=0.0000, personal_student_mix=0.0000, personal_student_adapter=0.0000, local_row_ratio=0.0000, support_density=0.0000, readout_query_delta=0.0000, personal_bad_rows=0.00, personal_fallback_rows=0.00, personal_logits_absmax=0.0000
2026-04-14 17:22:28,809 - INFO - [assist_09|assist_09_abce_ae_dominant_no_E|lr=0.0003|drop=0.20] [Diag][A] Epoch [027] | entropy_ratio=0.5318, diag_mass=0.0500, to_uniform_l2=0.023784, to_identity_l2=0.089156, relation_identity_delta=0.000000, knowledge_state_graph_delta=0.000000, knowledge_state_personal_delta=0.000000, share_concept_embeddings=True, tau_mean=0.6931, tau_std=0.0000, graph_reg_scale(train/val)=1.0000/1.0000
2026-04-14 17:22:28,810 - INFO - [assist_09|assist_09_abce_ae_dominant_no_E|lr=0.0003|drop=0.20] [Grad Norms] Epoch [027] | relation_emb=4.999574e-01, relation_tau=9.980516e-09, relation_wq=1.304177e-06, relation_wk=9.068289e-07, personal_u=0.000000e+00, personal_v=0.000000e+00, personal_alpha_bias=0.000000e+00, personal_gate_emb=0.000000e+00, personal_gate_state_proj=0.000000e+00, personal_gate_context_proj=0.000000e+00, personal_gate_state_direct=0.000000e+00, personal_gate_id_direct=0.000000e+00, personal_gate_context_direct=0.000000e+00, personal_gate_out=0.000000e+00, personal_generator_emb=0.000000e+00, personal_generator_context_proj=0.000000e+00, personal_generator_context_hidden=0.000000e+00, personal_generator_context_to_u=0.000000e+00, personal_generator_context_to_v=0.000000e+00, personal_generator_state_row=0.000000e+00, personal_generator_state_col=0.000000e+00, personal_generator_id_row=0.000000e+00, personal_generator_id_col=0.000000e+00, personal_generator_state_adapter=0.000000e+00, personal_generator_id_adapter=0.000000e+00, personal_generator_context_adapter=0.000000e+00, personal_generator_direct_scale=0.000000e+00
2026-04-14 17:22:28,810 - INFO - [assist_09|assist_09_abce_ae_dominant_no_E|lr=0.0003|drop=0.20] -> No improvement 3 epoch(s) (best AUC=0.7611 @ 24)
2026-04-14 17:22:28,810 - INFO - [assist_09|assist_09_abce_ae_dominant_no_E|lr=0.0003|drop=0.20] Early stopping at epoch 27 (best AUC=0.7611 @ 24)
2026-04-14 17:22:28,818 - INFO - Epoch-wise metrics saved to checkpoints/abce_diag/remote_ae_cleanrerun2_20260415_4118a85/assist_09/seed42/ae_dominant_no_E/metrics_history.csv
2026-04-14 17:22:28,821 - INFO - [assist_09|assist_09_abce_ae_dominant_no_E|lr=0.0003|drop=0.20] Training completed! Best Val AUC=0.7611 @ epoch 24
2026-04-14 17:22:28,995 - INFO - 
============================================================
         MODULE ACTIVITY REPORT
============================================================
Dataset: assist_09 | Seed: 42 | Epoch: 27

1. Concept Graph Module (A):
   - Mean row entropy: 2.559 / 4.812
   - Entropy ratio: 53.2%
   - Status: ACTIVE (learning meaningful structure)

2. Personal Graph Module (E):
   - Status: DISABLED (use_personal_graph=False or no_E)

------------------------------------------------------------
SUMMARY:
   Active modules: Concept Graph (A)
   All enabled graph modules are functioning properly.
============================================================
2026-04-14 17:22:28,996 - INFO - [assist_09|assist_09_abce_ae_dominant_no_E|lr=0.0003|drop=0.20] Module activity saved to checkpoints/abce_diag/remote_ae_cleanrerun2_20260415_4118a85/assist_09/seed42/ae_dominant_no_E/module_activity.json
2026-04-14 17:22:29,110 - INFO - Using device: cuda:0 (physical gpu 1)
2026-04-14 17:22:29,110 - INFO - Loading model from checkpoints/abce_diag/remote_ae_cleanrerun2_20260415_4118a85/assist_09/seed42/ae_dominant_no_E/best_model.pth...
2026-04-14 17:22:29,211 - INFO - [Inference Filter] before=52549, after=51090, dropped=1459, coverage=97.22% (train-only seen student/item support)
2026-04-14 17:22:29,227 - INFO - Inference switches: ablate_module1=False | enable_module1=True | use_concept_graph=True | effective(num_gnn_layers=1)
2026-04-14 17:22:29,233 - INFO - [Inference] Ablation runtime check: args(ablate_module1=False) | expect(use_concept_graph=True,use_personal_graph=False) | model(enable_module1=True,use_concept_graph=True,use_personal_graph=False) | physical(has_knowledge_encoder=True,has_relation_learning=True,has_adaptive_gate=False,has_personal_generator=False)
2026-04-14 17:22:29,233 - INFO - [Inference] [Graph Init] graph_tau_mean=1.0055, graph_tau_std=0.0000, graph_dropout=0.000, use_personal_graph=False
2026-04-14 17:22:29,234 - INFO - Model loaded from epoch 24. Start testing...
2026-04-14 17:22:30,201 - INFO - [Test] 200/400 batches done, samples=25600
2026-04-14 17:22:31,046 - INFO - [Test] 400/400 batches done, samples=51090
2026-04-14 17:22:31,109 - INFO - 
==================================================
2026-04-14 17:22:31,109 - INFO - Test Results:
2026-04-14 17:22:31,109 - INFO - AUC: 0.7622
2026-04-14 17:22:31,109 - INFO - ACC: 0.7326
2026-04-14 17:22:31,109 - INFO - RMSE: 0.4276
2026-04-14 17:22:31,109 - INFO - ==================================================
2026-04-14 17:22:31,125 - INFO - Summary appended to /home/zsh/ConceptSkillCDM/results/experiment_results.csv
2026-04-14 17:22:31,125 - INFO - 
Generating student diagnosis reports...
2026-04-14 17:22:31,140 - INFO - Student diagnosis reports saved to checkpoints/abce_diag/remote_ae_cleanrerun2_20260415_4118a85/assist_09/seed42/ae_dominant_no_E/student_diagnosis.json
2026-04-14 17:22:31,144 - INFO - Run completed.
2026-04-14 17:22:31,145 - INFO - Best validation AUC: 0.7611 at epoch 24
2026-04-14 17:22:31,145 - INFO - Test metrics - AUC: 0.7622, ACC: 0.7326, RMSE: 0.4276
2026-04-14 17:22:31,291 - INFO - [数据清洗] 学生交互次数 < 15 次的学生：共移除 313 个学生（仅统计用户数）
2026-04-14 17:22:31,303 - INFO - [数据清洗] 学生冷启动过滤：在 train/valid/test 中共删除 5118 条记录。
2026-04-14 17:22:31,303 - INFO - [数据清洗] 跳过题目冷门过滤（min_exer_interactions <= 0）。
2026-04-14 17:22:31,303 - INFO - [数据清洗] 跳过毒题清洗（min_poison_count <= 0）。
2026-04-14 17:22:31,303 - INFO - 正在构建ID映射...
2026-04-14 17:22:31,558 - INFO - 正在构建Q矩阵...
2026-04-14 17:22:38,685 - INFO - [数据清洗] Valid train-seen 过滤：before=20072, after=19875, dropped=197, coverage=99.02%
2026-04-14 17:22:38,692 - INFO - [数据清洗] Test train-seen 过滤：before=51610, after=51090, dropped=520, coverage=98.99%
2026-04-14 17:22:38,692 - INFO - [统计] 开始统计清洗后每道题的概念数量分布...
2026-04-14 17:22:38,699 - INFO - [Train] 概念数统计：题目数=17057, 平均概念数=1.1995, min=1, max=4, 1概念=14129 (82.83%), ≥2概念=2928 (17.17%)
2026-04-14 17:22:38,699 - INFO - [Train] 概念数直方图（概念数: 题目数量）: {1: 14129, 2: 2533, 3: 315, 4: 80}
2026-04-14 17:22:38,702 - INFO - [Valid] 概念数统计：题目数=9034, 平均概念数=1.1996, min=1, max=4, 1概念=7500 (83.02%), ≥2概念=1534 (16.98%)
2026-04-14 17:22:38,702 - INFO - [Valid] 概念数直方图（概念数: 题目数量）: {1: 7500, 2: 1314, 3: 171, 4: 49}
2026-04-14 17:22:38,706 - INFO - [Test] 概念数统计：题目数=12825, 平均概念数=1.1994, min=1, max=4, 1概念=10661 (83.13%), ≥2概念=2164 (16.87%)
2026-04-14 17:22:38,706 - INFO - [Test] 概念数直方图（概念数: 题目数量）: {1: 10661, 2: 1836, 3: 263, 4: 65}
2026-04-14 17:22:38,706 - INFO - [统计] 概念数量统计完成。
2026-04-14 17:22:38,706 - INFO - 正在加载数据集...
2026-04-14 17:22:38,792 - INFO - [Component Analysis] Global graph: torch.Size([2, 123, 123])
2026-04-14 17:22:38,795 - INFO - [Component Analysis] Data saved to checkpoints/abce_diag/remote_ae_cleanrerun2_20260415_4118a85/assist_09/seed42/ae_dominant_no_E/component_analysis_data.npz
2026-04-14 17:22:39,345 - INFO - Generating component analysis visualizations...
2026-04-14 17:22:39,748 - INFO - Visualizations saved to checkpoints/abce_diag/remote_ae_cleanrerun2_20260415_4118a85/assist_09/seed42/ae_dominant_no_E
