dataset,event_id,variant,mask_type,label,pred_prob,bce,query_concepts_mapped,masked_concepts,counterfactual_scope
assist_17,219,full,original,1.0,0.4362918734550476,0.8294438250745214,35,,student_concept_state_buffers
assist_17,219,full,target_concept_mask,1.0,0.446073055267334,0.8072725393281658,35,35,student_concept_state_buffers
assist_17,219,full,random_history_mask,1.0,0.4363063871860504,0.8294105595234453,35,45,student_concept_state_buffers
assist_17,474,full,original,0.0,0.40176957845687866,0.5137792789420873,2,,student_concept_state_buffers
assist_17,474,full,target_concept_mask,0.0,0.6150511503219604,0.954644811499874,2,2,student_concept_state_buffers
assist_17,474,full,random_history_mask,0.0,0.40176957845687866,0.5137792789420873,2,67,student_concept_state_buffers
assist_17,818,full,original,1.0,0.47924354672431946,0.7355463625110077,33,,student_concept_state_buffers
assist_17,818,full,target_concept_mask,1.0,0.5293158292770386,0.6361699945063538,33,33,student_concept_state_buffers
assist_17,818,full,random_history_mask,1.0,0.47972920536994934,0.734533489755052,33,34,student_concept_state_buffers
assist_17,843,full,original,1.0,0.7100573182106018,0.3424095823311698,20,,student_concept_state_buffers
assist_17,843,full,target_concept_mask,1.0,0.7937896847724915,0.23093673346125343,20,20,student_concept_state_buffers
assist_17,843,full,random_history_mask,1.0,0.7100573182106018,0.3424095823311698,20,58,student_concept_state_buffers
assist_17,867,full,original,1.0,0.15633253753185272,1.8557698896315118,5,,student_concept_state_buffers
assist_17,867,full,target_concept_mask,1.0,0.21492493152618408,1.5374664675156822,5,5,student_concept_state_buffers
assist_17,867,full,random_history_mask,1.0,0.15627993643283844,1.8561064155470877,5,12,student_concept_state_buffers
assist_17,976,full,original,1.0,0.17035308480262756,1.7698820264237547,57,,student_concept_state_buffers
assist_17,976,full,target_concept_mask,1.0,0.3545757234096527,1.0368333495873652,57,57,student_concept_state_buffers
assist_17,976,full,random_history_mask,1.0,0.1701379418373108,1.7711457483847808,57,26,student_concept_state_buffers
assist_17,1148,full,original,1.0,0.3959381878376007,0.9264971712303645,34,,student_concept_state_buffers
assist_17,1148,full,target_concept_mask,1.0,0.3807077705860138,0.9657232044912137,34,34,student_concept_state_buffers
assist_17,1148,full,random_history_mask,1.0,0.3968002498149872,0.9243222739975571,34,24,student_concept_state_buffers
assist_17,1162,full,original,0.0,0.35860344767570496,0.44410736697249165,20,,student_concept_state_buffers
assist_17,1162,full,target_concept_mask,0.0,0.43570494651794434,0.5721780198047114,20,20,student_concept_state_buffers
assist_17,1162,full,random_history_mask,0.0,0.35860344767570496,0.44410736697249165,20,66,student_concept_state_buffers
assist_17,1251,full,original,1.0,0.729644775390625,0.3151974723262461,58,,student_concept_state_buffers
assist_17,1251,full,target_concept_mask,1.0,0.7170047163963318,0.33267286044552963,58,58,student_concept_state_buffers
assist_17,1251,full,random_history_mask,1.0,0.7296476364135742,0.3151935512163629,58,14,student_concept_state_buffers
assist_17,1294,full,original,1.0,0.7321820855140686,0.31172604525187225,32,,student_concept_state_buffers
assist_17,1294,full,target_concept_mask,1.0,0.7804908752441406,0.24783223000576388,32,32,student_concept_state_buffers
assist_17,1294,full,random_history_mask,1.0,0.7321820855140686,0.31172604525187225,32,40,student_concept_state_buffers
assist_17,1357,full,original,1.0,0.7429853677749634,0.29707892789710727,7,,student_concept_state_buffers
assist_17,1357,full,target_concept_mask,1.0,0.8052405714988708,0.21661419962687076,7,7,student_concept_state_buffers
assist_17,1357,full,random_history_mask,1.0,0.7430875897407532,0.2969413546165573,7,24,student_concept_state_buffers
assist_17,1391,full,original,0.0,0.2130415290594101,0.23957980077460464,12,,student_concept_state_buffers
assist_17,1391,full,target_concept_mask,0.0,0.2483213245868683,0.2854463396817085,12,12,student_concept_state_buffers
assist_17,1391,full,random_history_mask,0.0,0.2130415290594101,0.23957980077460464,12,1,student_concept_state_buffers
assist_17,1875,full,original,1.0,0.6407832503318787,0.44506402225269465,85,,student_concept_state_buffers
assist_17,1875,full,target_concept_mask,1.0,0.6778383851051331,0.3888463895078239,85,85,student_concept_state_buffers
assist_17,1875,full,random_history_mask,1.0,0.64077228307724,0.4450811377882341,85,58,student_concept_state_buffers
assist_17,1878,full,original,0.0,0.0815378949046135,0.0850546325592455,68,,student_concept_state_buffers
assist_17,1878,full,target_concept_mask,0.0,0.08820948749780655,0.09234501649690299,68,68,student_concept_state_buffers
assist_17,1878,full,random_history_mask,0.0,0.0815378949046135,0.0850546325592455,68,51,student_concept_state_buffers
assist_17,1936,full,original,0.0,0.10826621949672699,0.11458764329848467,32,,student_concept_state_buffers
assist_17,1936,full,target_concept_mask,0.0,0.12762121856212616,0.13653156700698985,32,32,student_concept_state_buffers
assist_17,1936,full,random_history_mask,0.0,0.10826621949672699,0.11458764329848467,32,90,student_concept_state_buffers
assist_17,2253,full,original,0.0,0.5355662703514099,0.7669364012002887,5,,student_concept_state_buffers
assist_17,2253,full,target_concept_mask,0.0,0.5212056040763855,0.7364840097870031,5,5,student_concept_state_buffers
assist_17,2253,full,random_history_mask,0.0,0.5395981073379517,0.7756554912348481,5,63,student_concept_state_buffers
assist_17,2268,full,original,0.0,0.23682482540607452,0.27026768742490026,76,,student_concept_state_buffers
assist_17,2268,full,target_concept_mask,0.0,0.2915228605270386,0.3446374864651725,76,76,student_concept_state_buffers
assist_17,2268,full,random_history_mask,0.0,0.23682482540607452,0.27026768742490026,76,45,student_concept_state_buffers
assist_17,2373,full,original,0.0,0.16728775203227997,0.1830671371086295,26,,student_concept_state_buffers
assist_17,2373,full,target_concept_mask,0.0,0.1845671385526657,0.20403618839441198,26,26,student_concept_state_buffers
assist_17,2373,full,random_history_mask,0.0,0.16728775203227997,0.1830671371086295,26,27,student_concept_state_buffers
assist_17,2424,full,original,0.0,0.1971428245306015,0.21957844452946718,24,,student_concept_state_buffers
assist_17,2424,full,target_concept_mask,0.0,0.21206903457641602,0.23834480029248142,24,24,student_concept_state_buffers
assist_17,2424,full,random_history_mask,0.0,0.1971428245306015,0.21957844452946718,24,27,student_concept_state_buffers
assist_17,2477,full,original,0.0,0.5974211692810059,0.9098643485821609,67,,student_concept_state_buffers
assist_17,2477,full,target_concept_mask,0.0,0.6131261587142944,0.9496566306089428,67,67,student_concept_state_buffers
assist_17,2477,full,random_history_mask,0.0,0.5974211692810059,0.9098643485821609,67,66,student_concept_state_buffers
assist_17,2484,full,original,0.0,0.07463952898979187,0.07757191899299362,58,,student_concept_state_buffers
assist_17,2484,full,target_concept_mask,0.0,0.10869459807872772,0.11506814714210786,58,58,student_concept_state_buffers
assist_17,2484,full,random_history_mask,0.0,0.07691973447799683,0.08003908669792206,58,24,student_concept_state_buffers
assist_17,2603,full,original,0.0,0.06759270280599594,0.0699855456027643,88,,student_concept_state_buffers
assist_17,2603,full,target_concept_mask,0.0,0.08809845894575119,0.09222325410617917,88,88,student_concept_state_buffers
assist_17,2603,full,random_history_mask,0.0,0.06759270280599594,0.0699855456027643,88,63,student_concept_state_buffers
assist_17,2789,full,original,0.0,0.33488479256629944,0.40779500907013305,20,,student_concept_state_buffers
assist_17,2789,full,target_concept_mask,0.0,0.5741832852363586,0.853746272329284,20,20,student_concept_state_buffers
assist_17,2789,full,random_history_mask,0.0,0.33488479256629944,0.40779500907013305,20,45,student_concept_state_buffers
assist_17,2869,full,original,1.0,0.6693446040153503,0.40145624831204363,3,,student_concept_state_buffers
assist_17,2869,full,target_concept_mask,1.0,0.6524172425270081,0.42707097920530057,3,3,student_concept_state_buffers
assist_17,2869,full,random_history_mask,1.0,0.6694313287734985,0.4013266900250361,3,20,student_concept_state_buffers
assist_17,2927,full,original,0.0,0.10138817131519318,0.10690411897310363,4,,student_concept_state_buffers
assist_17,2927,full,target_concept_mask,0.0,0.16476036608219147,0.18003660857618098,4,4,student_concept_state_buffers
assist_17,2927,full,random_history_mask,0.0,0.1014179065823555,0.10693720974511142,4,12,student_concept_state_buffers
assist_17,3354,full,original,0.0,0.45748427510261536,0.6115382080016455,68,,student_concept_state_buffers
assist_17,3354,full,target_concept_mask,0.0,0.4085262715816498,0.5251380117346096,68,68,student_concept_state_buffers
assist_17,3354,full,random_history_mask,0.0,0.45745936036109924,0.6114922845964939,68,36,student_concept_state_buffers
assist_17,3453,full,original,1.0,0.5984761714935303,0.5133685684884249,66,,student_concept_state_buffers
assist_17,3453,full,target_concept_mask,1.0,0.6392330527305603,0.44748617633855275,66,66,student_concept_state_buffers
assist_17,3453,full,random_history_mask,1.0,0.5984761714935303,0.5133685684884249,66,53,student_concept_state_buffers
assist_17,3535,full,original,1.0,0.29998496174812317,1.2040229330886176,20,,student_concept_state_buffers
assist_17,3535,full,target_concept_mask,1.0,0.5581537485122681,0.5831208195853917,20,20,student_concept_state_buffers
assist_17,3535,full,random_history_mask,1.0,0.2998836636543274,1.204360667353985,20,33,student_concept_state_buffers
assist_17,3693,full,original,0.0,0.10627255588769913,0.11235442264925324,57,,student_concept_state_buffers
assist_17,3693,full,target_concept_mask,0.0,0.2431831657886505,0.27863401755508865,57,57,student_concept_state_buffers
assist_17,3693,full,random_history_mask,0.0,0.1062832623720169,0.11236640230649489,57,13,student_concept_state_buffers
assist_17,3754,full,original,0.0,0.2786504328250885,0.3266314226114527,14,,student_concept_state_buffers
assist_17,3754,full,target_concept_mask,0.0,0.3024164140224457,0.36013293593947976,14,14,student_concept_state_buffers
assist_17,3754,full,random_history_mask,0.0,0.2786504328250885,0.3266314226114527,14,35,student_concept_state_buffers
assist_17,3805,full,original,0.0,0.37438204884529114,0.4690153958617041,64,,student_concept_state_buffers
assist_17,3805,full,target_concept_mask,0.0,0.5245804190635681,0.7435575365651099,64,64,student_concept_state_buffers
assist_17,3805,full,random_history_mask,0.0,0.3743910789489746,0.46902982986066016,64,34,student_concept_state_buffers
assist_17,3826,full,original,1.0,0.8630459308624268,0.14728736699465744,57,,student_concept_state_buffers
assist_17,3826,full,target_concept_mask,1.0,0.8844506740570068,0.12278853397294164,57,57,student_concept_state_buffers
assist_17,3826,full,random_history_mask,1.0,0.8630459308624268,0.14728736699465744,57,25,student_concept_state_buffers
assist_17,3827,full,original,0.0,0.5095811486244202,0.7124954542841607,79,,student_concept_state_buffers
assist_17,3827,full,target_concept_mask,0.0,0.6530380249023438,1.0585400868909423,79,79,student_concept_state_buffers
assist_17,3827,full,random_history_mask,0.0,0.509564220905304,0.712460938019279,79,7,student_concept_state_buffers
assist_17,3868,full,original,0.0,0.2949860990047455,0.3495377586404949,10,,student_concept_state_buffers
assist_17,3868,full,target_concept_mask,0.0,0.4008212983608246,0.512195392071776,10,10,student_concept_state_buffers
assist_17,3868,full,random_history_mask,0.0,0.29544341564178467,0.35018663240429265,10,11,student_concept_state_buffers
assist_17,3939,full,original,1.0,0.5134823322296143,0.666539656768999,2,,student_concept_state_buffers
assist_17,3939,full,target_concept_mask,1.0,0.6291077136993408,0.46345279099771164,2,2,student_concept_state_buffers
assist_17,3939,full,random_history_mask,1.0,0.5134823322296143,0.666539656768999,2,51,student_concept_state_buffers
assist_17,4343,full,original,1.0,0.2531839609146118,1.3736389362374388,62,,student_concept_state_buffers
assist_17,4343,full,target_concept_mask,1.0,0.2938312292098999,1.224749726779879,62,62,student_concept_state_buffers
assist_17,4343,full,random_history_mask,1.0,0.2531839609146118,1.3736389362374388,62,85,student_concept_state_buffers
assist_17,4524,full,original,0.0,0.040060222148895264,0.04088472789305125,57,,student_concept_state_buffers
assist_17,4524,full,target_concept_mask,0.0,0.17115840315818787,0.187726219496718,57,57,student_concept_state_buffers
assist_17,4524,full,random_history_mask,0.0,0.040060222148895264,0.04088472789305125,57,34,student_concept_state_buffers
assist_17,4660,full,original,0.0,0.09637164324522018,0.1013371129032915,35,,student_concept_state_buffers
assist_17,4660,full,target_concept_mask,0.0,0.19073936343193054,0.21163424252651802,35,35,student_concept_state_buffers
assist_17,4660,full,random_history_mask,0.0,0.09637164324522018,0.1013371129032915,35,71,student_concept_state_buffers
assist_17,4743,full,original,0.0,0.12423721700906754,0.13266002038996577,20,,student_concept_state_buffers
assist_17,4743,full,target_concept_mask,0.0,0.2509026527404785,0.28888633427135885,20,20,student_concept_state_buffers
assist_17,4743,full,random_history_mask,0.0,0.12423721700906754,0.13266002038996577,20,79,student_concept_state_buffers
assist_17,4836,full,original,1.0,0.6403095126152039,0.44580360607046426,20,,student_concept_state_buffers
assist_17,4836,full,target_concept_mask,1.0,0.7475237846374512,0.29098915531052827,20,20,student_concept_state_buffers
assist_17,4836,full,random_history_mask,1.0,0.6403095126152039,0.44580360607046426,20,79,student_concept_state_buffers
assist_17,4911,full,original,0.0,0.21612989902496338,0.2435119598912657,12,,student_concept_state_buffers
assist_17,4911,full,target_concept_mask,0.0,0.2981002926826477,0.3539647522320965,12,12,student_concept_state_buffers
assist_17,4911,full,random_history_mask,0.0,0.21612510085105896,0.24350583877602816,12,5,student_concept_state_buffers
assist_17,5001,full,original,0.0,0.17234456539154053,0.18915835298511874,5,,student_concept_state_buffers
assist_17,5001,full,target_concept_mask,0.0,0.2589796185493469,0.29972714873279926,5,5,student_concept_state_buffers
assist_17,5001,full,random_history_mask,0.0,0.17204758524894714,0.18879959635577134,5,57,student_concept_state_buffers
assist_17,5019,full,original,1.0,0.31905946135520935,1.1423777943348397,0,,student_concept_state_buffers
assist_17,5019,full,target_concept_mask,1.0,0.45149582624435425,0.7951891503663757,0,0,student_concept_state_buffers
assist_17,5019,full,random_history_mask,1.0,0.31905946135520935,1.1423777943348397,0,53,student_concept_state_buffers
assist_17,5141,full,original,0.0,0.11628427356481552,0.12361984449206839,13,,student_concept_state_buffers
assist_17,5141,full,target_concept_mask,0.0,0.24345646798610687,0.2789952034385398,13,13,student_concept_state_buffers
assist_17,5141,full,random_history_mask,0.0,0.11628427356481552,0.12361984449206839,13,49,student_concept_state_buffers
assist_17,5233,full,original,1.0,0.5229251980781555,0.6483168498533826,68,,student_concept_state_buffers
assist_17,5233,full,target_concept_mask,1.0,0.5723250508308411,0.5580481783236906,68,68,student_concept_state_buffers
assist_17,5233,full,random_history_mask,1.0,0.5229668021202087,0.6482372928014741,68,58,student_concept_state_buffers
assist_17,5348,full,original,1.0,0.36961984634399414,0.9952802438380646,63,,student_concept_state_buffers
assist_17,5348,full,target_concept_mask,1.0,0.4310496747493744,0.8415319408807752,63,63,student_concept_state_buffers
assist_17,5348,full,random_history_mask,1.0,0.36984091997146606,0.9946823118202239,63,34,student_concept_state_buffers
assist_17,5427,full,original,1.0,0.5194478631019592,0.6549888332444704,39,,student_concept_state_buffers
assist_17,5427,full,target_concept_mask,1.0,0.5633605122566223,0.5738355142875691,39,39,student_concept_state_buffers
assist_17,5427,full,random_history_mask,1.0,0.5194478631019592,0.6549888332444704,39,35,student_concept_state_buffers
assist_17,5475,full,original,0.0,0.8205845952033997,1.718051464612484,63,,student_concept_state_buffers
assist_17,5475,full,target_concept_mask,0.0,0.855049192905426,1.9313608555404678,63,63,student_concept_state_buffers
assist_17,5475,full,random_history_mask,0.0,0.8205845952033997,1.718051464612484,63,6,student_concept_state_buffers
assist_17,5634,full,original,1.0,0.3641115725040436,1.0102949404441492,79,,student_concept_state_buffers
assist_17,5634,full,target_concept_mask,1.0,0.5188278555870056,0.6561831356392767,79,79,student_concept_state_buffers
assist_17,5634,full,random_history_mask,1.0,0.3640976846218109,1.010333083003032,79,44,student_concept_state_buffers
assist_17,5773,full,original,0.0,0.18080997467041016,0.1994392008823637,45,,student_concept_state_buffers
assist_17,5773,full,target_concept_mask,0.0,0.22287896275520325,0.25215916565634056,45,45,student_concept_state_buffers
assist_17,5773,full,random_history_mask,0.0,0.18097519874572754,0.19964091322582006,45,57,student_concept_state_buffers
assist_17,5861,full,original,0.0,0.5338478684425354,0.7632432355641343,32,,student_concept_state_buffers
assist_17,5861,full,target_concept_mask,0.0,0.7558035850524902,1.4097823982179252,32,32,student_concept_state_buffers
assist_17,5861,full,random_history_mask,0.0,0.5327689051628113,0.76093129395257,32,34,student_concept_state_buffers
assist_17,5867,full,original,1.0,0.37580910325050354,0.9786739686386201,33,,student_concept_state_buffers
assist_17,5867,full,target_concept_mask,1.0,0.4874735176563263,0.7185193127760233,33,33,student_concept_state_buffers
assist_17,5867,full,random_history_mask,1.0,0.37580910325050354,0.9786739686386201,33,3,student_concept_state_buffers
assist_17,6029,full,original,0.0,0.17424528300762177,0.19145750235410125,20,,student_concept_state_buffers
assist_17,6029,full,target_concept_mask,0.0,0.49414700269699097,0.6815091710675528,20,20,student_concept_state_buffers
assist_17,6029,full,random_history_mask,0.0,0.17572954297065735,0.1932565783763861,20,25,student_concept_state_buffers
assist_17,6096,full,original,0.0,0.2559579014778137,0.29565766171466473,70,,student_concept_state_buffers
assist_17,6096,full,target_concept_mask,0.0,0.2982676923274994,0.35420327578222593,70,70,student_concept_state_buffers
assist_17,6096,full,random_history_mask,0.0,0.2559587359428406,0.295658783244611,70,5,student_concept_state_buffers
assist_17,6218,full,original,0.0,0.07396656274795532,0.07684493564442355,20,,student_concept_state_buffers
assist_17,6218,full,target_concept_mask,0.0,0.3546675741672516,0.4379897060656196,20,20,student_concept_state_buffers
assist_17,6218,full,random_history_mask,0.0,0.07471500337123871,0.07765348446061933,20,0,student_concept_state_buffers
assist_17,6240,full,original,0.0,0.09473630785942078,0.09952900519191624,72,,student_concept_state_buffers
assist_17,6240,full,target_concept_mask,0.0,0.10698015987873077,0.11314648097139979,72,72,student_concept_state_buffers
assist_17,6240,full,random_history_mask,0.0,0.09473630785942078,0.09952900519191624,72,65,student_concept_state_buffers
assist_17,6296,full,original,0.0,0.257701575756073,0.29800392766308886,32,,student_concept_state_buffers
assist_17,6296,full,target_concept_mask,0.0,0.2487322986125946,0.28599323083140393,32,32,student_concept_state_buffers
assist_17,6296,full,random_history_mask,0.0,0.257701575756073,0.29800392766308886,32,35,student_concept_state_buffers
assist_17,6434,full,original,0.0,0.23153206706047058,0.2633564436931643,25,,student_concept_state_buffers
assist_17,6434,full,target_concept_mask,0.0,0.21313545107841492,0.23969915602348713,25,25,student_concept_state_buffers
assist_17,6434,full,random_history_mask,0.0,0.23152466118335724,0.26334680654226944,25,24,student_concept_state_buffers
assist_17,6444,full,original,0.0,0.3529103100299835,0.43527036971464766,14,,student_concept_state_buffers
assist_17,6444,full,target_concept_mask,0.0,0.616363525390625,0.9580598554843486,14,14,student_concept_state_buffers
assist_17,6444,full,random_history_mask,0.0,0.3525105118751526,0.4346527200964463,14,57,student_concept_state_buffers
assist_17,6454,full,original,1.0,0.3803647458553314,0.9666246291163305,11,,student_concept_state_buffers
assist_17,6454,full,target_concept_mask,1.0,0.40051141381263733,0.915013013971851,11,11,student_concept_state_buffers
assist_17,6454,full,random_history_mask,1.0,0.3781742751598358,0.9724001442149314,11,62,student_concept_state_buffers
assist_17,6601,full,original,0.0,0.16576342284679413,0.1812382511975583,32,,student_concept_state_buffers
assist_17,6601,full,target_concept_mask,0.0,0.24627776443958282,0.2827313666965601,32,32,student_concept_state_buffers
assist_17,6601,full,random_history_mask,0.0,0.16576342284679413,0.1812382511975583,32,1,student_concept_state_buffers
assist_17,7193,full,original,1.0,0.7717636227607727,0.2590769639762323,68,,student_concept_state_buffers
assist_17,7193,full,target_concept_mask,1.0,0.7663236856460571,0.2661506323798961,68,68,student_concept_state_buffers
assist_17,7193,full,random_history_mask,1.0,0.7713657021522522,0.2595926960162061,68,36,student_concept_state_buffers
assist_17,7282,full,original,1.0,0.7345168590545654,0.3085423305280627,37,,student_concept_state_buffers
assist_17,7282,full,target_concept_mask,1.0,0.813774585723877,0.2060718730446339,37,37,student_concept_state_buffers
assist_17,7282,full,random_history_mask,1.0,0.734407901763916,0.3086906802512827,37,36,student_concept_state_buffers
assist_17,7310,full,original,0.0,0.7311974167823792,1.3137780601947187,37,,student_concept_state_buffers
assist_17,7310,full,target_concept_mask,0.0,0.7823346853256226,1.5247966496899936,37,37,student_concept_state_buffers
assist_17,7310,full,random_history_mask,0.0,0.7312033176422119,1.313800012828254,37,38,student_concept_state_buffers
assist_17,7514,full,original,0.0,0.20776289701461792,0.23289455951441285,35,,student_concept_state_buffers
assist_17,7514,full,target_concept_mask,0.0,0.19352366030216217,0.21508071886167235,35,35,student_concept_state_buffers
assist_17,7514,full,random_history_mask,0.0,0.21348309516906738,0.24014106296916862,35,20,student_concept_state_buffers
assist_17,7652,full,original,1.0,0.4118238389492035,0.8871595964350333,1,,student_concept_state_buffers
assist_17,7652,full,target_concept_mask,1.0,0.42441514134407043,0.8570431958191762,1,1,student_concept_state_buffers
assist_17,7652,full,random_history_mask,1.0,0.4118780493736267,0.8870279701142247,1,46,student_concept_state_buffers
assist_17,7686,full,original,0.0,0.39916568994522095,0.5094360728811812,57,,student_concept_state_buffers
assist_17,7686,full,target_concept_mask,0.0,0.4932106137275696,0.6796597733897523,57,57,student_concept_state_buffers
assist_17,7686,full,random_history_mask,0.0,0.39916568994522095,0.5094360728811812,57,39,student_concept_state_buffers
assist_17,7838,full,original,1.0,0.3705762028694153,0.9926961796334501,7,,student_concept_state_buffers
assist_17,7838,full,target_concept_mask,1.0,0.5116429924964905,0.6701281774358809,7,7,student_concept_state_buffers
assist_17,7838,full,random_history_mask,1.0,0.3705762028694153,0.9926961796334501,7,48,student_concept_state_buffers
assist_17,7971,full,original,0.0,0.25969094038009644,0.30068753183962327,10,,student_concept_state_buffers
assist_17,7971,full,target_concept_mask,0.0,0.40845149755477905,0.5250115998633539,10,10,student_concept_state_buffers
assist_17,7971,full,random_history_mask,0.0,0.259775310754776,0.30080150475626305,10,45,student_concept_state_buffers
assist_17,7993,full,original,0.0,0.23353736102581024,0.2659693242271792,57,,student_concept_state_buffers
assist_17,7993,full,target_concept_mask,0.0,0.28432872891426086,0.3345343360440404,57,57,student_concept_state_buffers
assist_17,7993,full,random_history_mask,0.0,0.23353736102581024,0.2659693242271792,57,29,student_concept_state_buffers
assist_17,8133,full,original,0.0,0.28372475504875183,0.33369076556908056,46,,student_concept_state_buffers
assist_17,8133,full,target_concept_mask,0.0,0.2801564633846283,0.32872140084375934,46,46,student_concept_state_buffers
assist_17,8133,full,random_history_mask,0.0,0.28220134973526,0.3315661806483028,46,2,student_concept_state_buffers
assist_17,8315,full,original,1.0,0.4315536618232727,0.8403634150708743,4,,student_concept_state_buffers
assist_17,8315,full,target_concept_mask,1.0,0.4889101982116699,0.7155764501107575,4,4,student_concept_state_buffers
assist_17,8315,full,random_history_mask,1.0,0.41718652844429016,0.874221846778855,4,7,student_concept_state_buffers
assist_17,8528,full,original,0.0,0.2817811071872711,0.33098089175401124,35,,student_concept_state_buffers
assist_17,8528,full,target_concept_mask,0.0,0.3445901572704315,0.4224945249333815,35,35,student_concept_state_buffers
assist_17,8528,full,random_history_mask,0.0,0.2818687856197357,0.3311029767973923,35,44,student_concept_state_buffers
assist_17,8703,full,original,1.0,0.2167283147573471,1.5291107155821537,57,,student_concept_state_buffers
assist_17,8703,full,target_concept_mask,1.0,0.39570435881614685,0.9270879151949034,57,57,student_concept_state_buffers
assist_17,8703,full,random_history_mask,1.0,0.21617721021175385,1.5316567900095641,57,20,student_concept_state_buffers
assist_17,8706,full,original,0.0,0.284706711769104,0.3350626270644898,20,,student_concept_state_buffers
assist_17,8706,full,target_concept_mask,0.0,0.5180809497833252,0.7299791246445382,20,20,student_concept_state_buffers
assist_17,8706,full,random_history_mask,0.0,0.2854229807853699,0.3360644928595177,20,59,student_concept_state_buffers
assist_17,8827,full,original,1.0,0.3713126480579376,0.9907108541241251,54,,student_concept_state_buffers
assist_17,8827,full,target_concept_mask,1.0,0.3983268141746521,0.9204824695073011,54,54,student_concept_state_buffers
assist_17,8827,full,random_history_mask,1.0,0.3713126480579376,0.9907108541241251,54,42,student_concept_state_buffers
assist_17,8840,full,original,1.0,0.45138368010520935,0.7954375692061721,71,,student_concept_state_buffers
assist_17,8840,full,target_concept_mask,1.0,0.55753093957901,0.5842372801850564,71,71,student_concept_state_buffers
assist_17,8840,full,random_history_mask,1.0,0.45138368010520935,0.7954375692061721,71,52,student_concept_state_buffers
assist_17,9022,full,original,1.0,0.5326671600341797,0.6298585151025915,14,,student_concept_state_buffers
assist_17,9022,full,target_concept_mask,1.0,0.7550925612449646,0.2809149395721434,14,14,student_concept_state_buffers
assist_17,9022,full,random_history_mask,1.0,0.5326671600341797,0.6298585151025915,14,64,student_concept_state_buffers
assist_17,9078,full,original,0.0,0.19966089725494385,0.22271976269397342,11,,student_concept_state_buffers
assist_17,9078,full,target_concept_mask,0.0,0.2613462507724762,0.30292600744384546,11,11,student_concept_state_buffers
assist_17,9078,full,random_history_mask,0.0,0.199726864695549,0.2228021904538947,11,14,student_concept_state_buffers
assist_17,9163,full,original,1.0,0.5935748815536499,0.5215919034662544,32,,student_concept_state_buffers
assist_17,9163,full,target_concept_mask,1.0,0.6825715899467468,0.38188786372911404,32,32,student_concept_state_buffers
assist_17,9163,full,random_history_mask,1.0,0.5935748815536499,0.5215919034662544,32,39,student_concept_state_buffers
assist_17,9187,full,original,0.0,0.28531885147094727,0.33591878186488167,46,,student_concept_state_buffers
assist_17,9187,full,target_concept_mask,0.0,0.3671063482761383,0.4574528777080295,46,46,student_concept_state_buffers
assist_17,9187,full,random_history_mask,0.0,0.28531885147094727,0.33591878186488167,46,0,student_concept_state_buffers
assist_17,9487,full,original,0.0,0.17872391641139984,0.19689594884920342,58,,student_concept_state_buffers
assist_17,9487,full,target_concept_mask,0.0,0.19755980372428894,0.2200979485296664,58,58,student_concept_state_buffers
assist_17,9487,full,random_history_mask,0.0,0.17872391641139984,0.19689594884920342,58,48,student_concept_state_buffers
assist_17,9640,full,original,0.0,0.5131030678749084,0.7197028166449371,14,,student_concept_state_buffers
assist_17,9640,full,target_concept_mask,0.0,0.5071516036987305,0.7075536648046236,14,14,student_concept_state_buffers
assist_17,9640,full,random_history_mask,0.0,0.5115842819213867,0.7165883544652991,14,33,student_concept_state_buffers
assist_17,9955,full,original,1.0,0.2134810984134674,1.5442069822538784,20,,student_concept_state_buffers
assist_17,9955,full,target_concept_mask,1.0,0.45357733964920044,0.7905894844981282,20,20,student_concept_state_buffers
assist_17,9955,full,random_history_mask,1.0,0.2146657407283783,1.5386731549323156,20,57,student_concept_state_buffers
assist_17,10132,full,original,0.0,0.11121485382318497,0.11789975301867288,62,,student_concept_state_buffers
assist_17,10132,full,target_concept_mask,0.0,0.1189413070678711,0.12663103445670618,62,62,student_concept_state_buffers
assist_17,10132,full,random_history_mask,0.0,0.11121485382318497,0.11789975301867288,62,48,student_concept_state_buffers
assist_17,10460,full,original,1.0,0.6427673101425171,0.4419725018218585,78,,student_concept_state_buffers
assist_17,10460,full,target_concept_mask,1.0,0.6654465794563293,0.4072969156591471,78,78,student_concept_state_buffers
assist_17,10460,full,random_history_mask,1.0,0.6427673101425171,0.4419725018218585,78,62,student_concept_state_buffers
assist_17,10780,full,original,1.0,0.8013080358505249,0.22150984173158111,14,,student_concept_state_buffers
assist_17,10780,full,target_concept_mask,1.0,0.8226990699768066,0.19516479526029612,14,14,student_concept_state_buffers
assist_17,10780,full,random_history_mask,1.0,0.8013080358505249,0.22150984173158111,14,88,student_concept_state_buffers
assist_17,10998,full,original,1.0,0.12298416346311569,2.0956996842314055,58,,student_concept_state_buffers
assist_17,10998,full,target_concept_mask,1.0,0.14096656441688538,1.9592325485192976,58,58,student_concept_state_buffers
assist_17,10998,full,random_history_mask,1.0,0.12298416346311569,2.0956996842314055,58,37,student_concept_state_buffers
assist_17,11213,full,original,0.0,0.5209077596664429,0.7358621315641161,20,,student_concept_state_buffers
assist_17,11213,full,target_concept_mask,0.0,0.6688242554664612,1.105106094256903,20,20,student_concept_state_buffers
assist_17,11213,full,random_history_mask,0.0,0.5805127024650574,0.8687220335453807,20,57,student_concept_state_buffers
assist_17,11344,full,original,0.0,0.2416972815990448,0.27667260841954017,33,,student_concept_state_buffers
assist_17,11344,full,target_concept_mask,0.0,0.3011084496974945,0.3582596985671226,33,33,student_concept_state_buffers
assist_17,11344,full,random_history_mask,0.0,0.24178233742713928,0.2767847807704703,33,13,student_concept_state_buffers
assist_17,11595,full,original,1.0,0.5183579325675964,0.6570892858332551,14,,student_concept_state_buffers
assist_17,11595,full,target_concept_mask,1.0,0.5980498194694519,0.5140812183520179,14,14,student_concept_state_buffers
assist_17,11595,full,random_history_mask,1.0,0.5183579325675964,0.6570892858332551,14,41,student_concept_state_buffers
assist_17,11790,full,original,1.0,0.18213613331317902,1.7030008862696353,64,,student_concept_state_buffers
assist_17,11790,full,target_concept_mask,1.0,0.3330055773258209,1.0995960404157625,64,64,student_concept_state_buffers
assist_17,11790,full,random_history_mask,1.0,0.18213613331317902,1.7030008862696353,64,28,student_concept_state_buffers
assist_17,11886,full,original,0.0,0.0887996256351471,0.09299245600107862,52,,student_concept_state_buffers
assist_17,11886,full,target_concept_mask,0.0,0.09308397024869919,0.09770541336086006,52,52,student_concept_state_buffers
assist_17,11886,full,random_history_mask,0.0,0.08878818899393082,0.09297990489841565,52,4,student_concept_state_buffers
assist_17,11937,full,original,1.0,0.30697664618492126,1.1809836053473781,59,,student_concept_state_buffers
assist_17,11937,full,target_concept_mask,1.0,0.3217730224132538,1.1339088813338007,59,59,student_concept_state_buffers
assist_17,11937,full,random_history_mask,1.0,0.30697664618492126,1.1809836053473781,59,67,student_concept_state_buffers
assist_17,12070,full,original,1.0,0.7385197281837463,0.30310746351003487,10,,student_concept_state_buffers
assist_17,12070,full,target_concept_mask,1.0,0.7883986234664917,0.23775144968874443,10,10,student_concept_state_buffers
assist_17,12070,full,random_history_mask,1.0,0.7382959127426147,0.3034105689710588,10,11,student_concept_state_buffers
assist_17,12187,full,original,1.0,0.8375361561775208,0.17729084465953165,32,,student_concept_state_buffers
assist_17,12187,full,target_concept_mask,1.0,0.8760414123535156,0.13234191478698432,32,32,student_concept_state_buffers
assist_17,12187,full,random_history_mask,1.0,0.8375361561775208,0.17729084465953165,32,25,student_concept_state_buffers
assist_17,12195,full,original,0.0,0.46326130628585815,0.6222439067876426,58,,student_concept_state_buffers
assist_17,12195,full,target_concept_mask,0.0,0.4812759459018707,0.656383224884458,58,58,student_concept_state_buffers
assist_17,12195,full,random_history_mask,0.0,0.46326765418052673,0.622255733645443,58,4,student_concept_state_buffers
assist_17,12266,full,original,1.0,0.7267047762870789,0.3192349688105133,71,,student_concept_state_buffers
assist_17,12266,full,target_concept_mask,1.0,0.7653758525848389,0.2673882552407044,71,71,student_concept_state_buffers
assist_17,12266,full,random_history_mask,1.0,0.7265875935554504,0.3193962339961209,71,34,student_concept_state_buffers
assist_17,12287,full,original,1.0,0.664642333984375,0.4085062266485709,14,,student_concept_state_buffers
assist_17,12287,full,target_concept_mask,1.0,0.7391420602798462,0.3022651433827174,14,14,student_concept_state_buffers
assist_17,12287,full,random_history_mask,1.0,0.664642333984375,0.4085062266485709,14,58,student_concept_state_buffers
assist_17,12434,full,original,1.0,0.6703789234161377,0.39991216912688415,51,,student_concept_state_buffers
assist_17,12434,full,target_concept_mask,1.0,0.6760963797569275,0.3914196394969011,51,51,student_concept_state_buffers
assist_17,12434,full,random_history_mask,1.0,0.6662197113037109,0.4061357659933309,51,46,student_concept_state_buffers
assist_17,12813,full,original,1.0,0.6149089932441711,0.4862810005902748,28,,student_concept_state_buffers
assist_17,12813,full,target_concept_mask,1.0,0.6308155655860901,0.46074174825272507,28,28,student_concept_state_buffers
assist_17,12813,full,random_history_mask,1.0,0.61490797996521,0.4862826484435461,28,7,student_concept_state_buffers
assist_17,13021,full,original,0.0,0.3961467146873474,0.5044240156650492,12,,student_concept_state_buffers
assist_17,13021,full,target_concept_mask,0.0,0.37677478790283203,0.47284732937554547,12,12,student_concept_state_buffers
assist_17,13021,full,random_history_mask,0.0,0.3961467146873474,0.5044240156650492,12,79,student_concept_state_buffers
assist_17,13044,full,original,0.0,0.379761666059494,0.47765146522797236,2,,student_concept_state_buffers
assist_17,13044,full,target_concept_mask,0.0,0.5000765919685364,0.6933003762308757,2,2,student_concept_state_buffers
assist_17,13044,full,random_history_mask,0.0,0.379761666059494,0.47765146522797236,2,41,student_concept_state_buffers
assist_17,13085,full,original,1.0,0.8022275567054749,0.22036297482072983,38,,student_concept_state_buffers
assist_17,13085,full,target_concept_mask,1.0,0.7679906487464905,0.26397772201993486,38,38,student_concept_state_buffers
assist_17,13085,full,random_history_mask,1.0,0.8022275567054749,0.22036297482072983,38,92,student_concept_state_buffers
assist_17,13379,full,original,1.0,0.3109818994998932,1.1680205694616184,20,,student_concept_state_buffers
assist_17,13379,full,target_concept_mask,1.0,0.5370135307312012,0.6217319878983415,20,20,student_concept_state_buffers
assist_17,13379,full,random_history_mask,1.0,0.3157115578651428,1.152926273809133,20,13,student_concept_state_buffers
assist_17,13402,full,original,0.0,0.33121052384376526,0.4022859527477765,36,,student_concept_state_buffers
assist_17,13402,full,target_concept_mask,0.0,0.3822908401489258,0.4817375474262131,36,36,student_concept_state_buffers
assist_17,13402,full,random_history_mask,0.0,0.33121052384376526,0.4022859527477765,36,3,student_concept_state_buffers
assist_17,13683,full,original,1.0,0.48876437544822693,0.7158747554333117,20,,student_concept_state_buffers
assist_17,13683,full,target_concept_mask,1.0,0.6235867738723755,0.4722673513364967,20,20,student_concept_state_buffers
assist_17,13683,full,random_history_mask,1.0,0.48845773935317993,0.7165023222893343,20,36,student_concept_state_buffers
assist_17,13726,full,original,1.0,0.9052321314811707,0.09956386929820137,14,,student_concept_state_buffers
assist_17,13726,full,target_concept_mask,1.0,0.9004266858100891,0.1048865326609731,14,14,student_concept_state_buffers
assist_17,13726,full,random_history_mask,1.0,0.9052321314811707,0.09956386929820137,14,75,student_concept_state_buffers
assist_17,13830,full,original,0.0,0.663874089717865,1.0902694562312565,51,,student_concept_state_buffers
assist_17,13830,full,target_concept_mask,0.0,0.6752814650535583,1.1247965182058164,51,51,student_concept_state_buffers
assist_17,13830,full,random_history_mask,0.0,0.6638755798339844,1.090273889449217,51,6,student_concept_state_buffers
assist_17,14113,full,original,0.0,0.41114628314971924,0.5295774846651148,3,,student_concept_state_buffers
assist_17,14113,full,target_concept_mask,0.0,0.3946296274662018,0.5019148222544291,3,3,student_concept_state_buffers
assist_17,14113,full,random_history_mask,0.0,0.41114628314971924,0.5295774846651148,3,8,student_concept_state_buffers
assist_17,14115,full,original,1.0,0.47139808535575867,0.7520523501010855,59,,student_concept_state_buffers
assist_17,14115,full,target_concept_mask,1.0,0.5768646597862244,0.5501475984165888,59,59,student_concept_state_buffers
assist_17,14115,full,random_history_mask,1.0,0.47139808535575867,0.7520523501010855,59,65,student_concept_state_buffers
assist_17,14276,full,original,0.0,0.4646913409233093,0.6249117655942785,62,,student_concept_state_buffers
assist_17,14276,full,target_concept_mask,0.0,0.5292512774467468,0.75343082509008,62,62,student_concept_state_buffers
assist_17,14276,full,random_history_mask,0.0,0.4646913409233093,0.6249117655942785,62,44,student_concept_state_buffers
assist_17,14438,full,original,0.0,0.29937314987182617,0.3557798444767032,13,,student_concept_state_buffers
assist_17,14438,full,target_concept_mask,0.0,0.44193628430366516,0.583282137283807,13,13,student_concept_state_buffers
assist_17,14438,full,random_history_mask,0.0,0.2992270886898041,0.35557139405938465,13,74,student_concept_state_buffers
assist_17,14610,full,original,1.0,0.6597803235054016,0.41584834253988323,56,,student_concept_state_buffers
assist_17,14610,full,target_concept_mask,1.0,0.6774327754974365,0.38944495550937064,56,56,student_concept_state_buffers
assist_17,14610,full,random_history_mask,1.0,0.6597803235054016,0.41584834253988323,56,23,student_concept_state_buffers
assist_17,14656,full,original,0.0,0.4048338234424591,0.5189146240982319,66,,student_concept_state_buffers
assist_17,14656,full,target_concept_mask,0.0,0.44726818799972534,0.5928823643535204,66,66,student_concept_state_buffers
assist_17,14656,full,random_history_mask,0.0,0.40476420521736145,0.518797658187803,66,7,student_concept_state_buffers
assist_17,14874,full,original,0.0,0.07313643395900726,0.07594890219732574,36,,student_concept_state_buffers
assist_17,14874,full,target_concept_mask,0.0,0.18125510215759277,0.19998272369495354,36,36,student_concept_state_buffers
assist_17,14874,full,random_history_mask,0.0,0.07313643395900726,0.07594890219732574,36,79,student_concept_state_buffers
assist_17,14942,full,original,1.0,0.8495656847953796,0.1630300191461008,14,,student_concept_state_buffers
assist_17,14942,full,target_concept_mask,1.0,0.8699609637260437,0.13930693762057347,14,14,student_concept_state_buffers
assist_17,14942,full,random_history_mask,1.0,0.8495656847953796,0.1630300191461008,14,85,student_concept_state_buffers
assist_17,15068,full,original,1.0,0.7213109135627747,0.32668500917968857,14,,student_concept_state_buffers
assist_17,15068,full,target_concept_mask,1.0,0.7313846945762634,0.3128156996872568,14,14,student_concept_state_buffers
assist_17,15068,full,random_history_mask,1.0,0.7213574051856995,0.3266205569111571,14,2,student_concept_state_buffers
assist_17,15084,full,original,1.0,0.6335926055908203,0.456349109019055,20,,student_concept_state_buffers
assist_17,15084,full,target_concept_mask,1.0,0.7568342685699463,0.27861098138966645,20,20,student_concept_state_buffers
assist_17,15084,full,random_history_mask,1.0,0.6335926055908203,0.456349109019055,20,78,student_concept_state_buffers
assist_17,15386,full,original,1.0,0.9377447962760925,0.06427743919459586,60,,student_concept_state_buffers
assist_17,15386,full,target_concept_mask,1.0,0.9342721104621887,0.06798754435959563,60,60,student_concept_state_buffers
assist_17,15386,full,random_history_mask,1.0,0.9377914071083069,0.06422773518766724,60,58,student_concept_state_buffers
assist_17,15391,full,original,1.0,0.783490002155304,0.24399697775847415,13,,student_concept_state_buffers
assist_17,15391,full,target_concept_mask,1.0,0.7535017132759094,0.28302398716115873,13,13,student_concept_state_buffers
assist_17,15391,full,random_history_mask,1.0,0.783490002155304,0.24399697775847415,13,71,student_concept_state_buffers
assist_17,15527,full,original,0.0,0.11894747614860535,0.12663803637653454,36,,student_concept_state_buffers
assist_17,15527,full,target_concept_mask,0.0,0.1690305918455124,0.1851622980961467,36,36,student_concept_state_buffers
assist_17,15527,full,random_history_mask,0.0,0.11914671212434769,0.1268641959989905,36,26,student_concept_state_buffers
assist_17,15654,full,original,1.0,0.26096707582473755,1.3433610258819264,57,,student_concept_state_buffers
assist_17,15654,full,target_concept_mask,1.0,0.3992518186569214,0.918162936714118,57,57,student_concept_state_buffers
assist_17,15654,full,random_history_mask,1.0,0.3043610751628876,1.1895405351432968,57,54,student_concept_state_buffers
assist_17,16017,full,original,1.0,0.7160819172859192,0.333960708948567,57,,student_concept_state_buffers
assist_17,16017,full,target_concept_mask,1.0,0.8031159043312073,0.21925623630904134,57,57,student_concept_state_buffers
assist_17,16017,full,random_history_mask,1.0,0.7160819172859192,0.333960708948567,57,47,student_concept_state_buffers
assist_17,16219,full,original,0.0,0.29103145003318787,0.34394411173173517,88,,student_concept_state_buffers
assist_17,16219,full,target_concept_mask,0.0,0.3175802528858185,0.3821103454827618,88,88,student_concept_state_buffers
assist_17,16219,full,random_history_mask,0.0,0.29077526926994324,0.34358283408429746,88,2,student_concept_state_buffers
assist_17,16241,full,original,0.0,0.5803770422935486,0.8683986906429592,58,,student_concept_state_buffers
assist_17,16241,full,target_concept_mask,0.0,0.6625938415527344,1.086467856377494,58,58,student_concept_state_buffers
assist_17,16241,full,random_history_mask,0.0,0.5803770422935486,0.8683986906429592,58,52,student_concept_state_buffers
assist_17,16282,full,original,1.0,0.6298440098762512,0.46228309362636405,63,,student_concept_state_buffers
assist_17,16282,full,target_concept_mask,1.0,0.6452914476394653,0.4380532074375361,63,63,student_concept_state_buffers
assist_17,16282,full,random_history_mask,1.0,0.6297765970230103,0.4623901303847913,63,78,student_concept_state_buffers
assist_17,16424,full,original,0.0,0.2730097472667694,0.3188422090581271,34,,student_concept_state_buffers
assist_17,16424,full,target_concept_mask,0.0,0.2971552908420563,0.3526193089300082,34,34,student_concept_state_buffers
assist_17,16424,full,random_history_mask,0.0,0.2729581296443939,0.3187712097705907,34,24,student_concept_state_buffers
assist_17,16614,full,original,1.0,0.46071863174438477,0.7749677656084444,20,,student_concept_state_buffers
assist_17,16614,full,target_concept_mask,1.0,0.5043537020683289,0.684477467231978,20,20,student_concept_state_buffers
assist_17,16614,full,random_history_mask,1.0,0.46071863174438477,0.7749677656084444,20,7,student_concept_state_buffers
assist_17,16616,full,original,1.0,0.7639612555503845,0.26923820373193225,14,,student_concept_state_buffers
assist_17,16616,full,target_concept_mask,1.0,0.83734530210495,0.17751874624916725,14,14,student_concept_state_buffers
assist_17,16616,full,random_history_mask,1.0,0.7636395692825317,0.2696593690879316,14,62,student_concept_state_buffers
assist_17,16984,full,original,0.0,0.23231832683086395,0.2643801198194058,13,,student_concept_state_buffers
assist_17,16984,full,target_concept_mask,0.0,0.3278709352016449,0.3973048961884469,13,13,student_concept_state_buffers
assist_17,16984,full,random_history_mask,0.0,0.23237471282482147,0.26445357222395977,13,10,student_concept_state_buffers
assist_17,17674,full,original,0.0,0.45693299174308777,0.6105225628737707,35,,student_concept_state_buffers
assist_17,17674,full,target_concept_mask,0.0,0.4810864329338074,0.656017947129864,35,35,student_concept_state_buffers
assist_17,17674,full,random_history_mask,0.0,0.45693299174308777,0.6105225628737707,35,48,student_concept_state_buffers
assist_17,17693,full,original,0.0,0.12338872253894806,0.13169162607784088,35,,student_concept_state_buffers
assist_17,17693,full,target_concept_mask,0.0,0.1640845090150833,0.1792277583457212,35,35,student_concept_state_buffers
assist_17,17693,full,random_history_mask,0.0,0.12338872253894806,0.13169162607784088,35,48,student_concept_state_buffers
assist_17,17822,full,original,0.0,0.3888005316257477,0.49233191093672896,20,,student_concept_state_buffers
assist_17,17822,full,target_concept_mask,0.0,0.5549631714820862,0.8095982395259628,20,20,student_concept_state_buffers
assist_17,17822,full,random_history_mask,0.0,0.3888005316257477,0.49233191093672896,20,60,student_concept_state_buffers
assist_17,18375,full,original,1.0,0.6207403540611267,0.47684239388313854,34,,student_concept_state_buffers
assist_17,18375,full,target_concept_mask,1.0,0.6617090702056885,0.41292929062919137,34,34,student_concept_state_buffers
assist_17,18375,full,random_history_mask,1.0,0.6207403540611267,0.47684239388313854,34,88,student_concept_state_buffers
assist_17,18469,full,original,0.0,0.009087896905839443,0.009129443748097713,57,,student_concept_state_buffers
assist_17,18469,full,target_concept_mask,0.0,0.025185396894812584,0.025507976726565223,57,57,student_concept_state_buffers
assist_17,18469,full,random_history_mask,0.0,0.009087007492780685,0.00912854617841739,57,13,student_concept_state_buffers
assist_17,18485,full,original,0.0,0.1970086395740509,0.21941132421411555,20,,student_concept_state_buffers
assist_17,18485,full,target_concept_mask,0.0,0.44197893142700195,0.5833585600143354,20,20,student_concept_state_buffers
assist_17,18485,full,random_history_mask,0.0,0.21666866540908813,0.24419951210136737,20,13,student_concept_state_buffers
assist_17,18689,full,original,0.0,0.5963259935379028,0.9071476414496675,34,,student_concept_state_buffers
assist_17,18689,full,target_concept_mask,0.0,0.6948164105415344,1.1868417508128115,34,34,student_concept_state_buffers
assist_17,18689,full,random_history_mask,0.0,0.5952788591384888,0.9045569901115637,34,5,student_concept_state_buffers
assist_17,18738,full,original,1.0,0.735410213470459,0.30732682189150107,13,,student_concept_state_buffers
assist_17,18738,full,target_concept_mask,1.0,0.7233498096466064,0.32386234306188255,13,13,student_concept_state_buffers
assist_17,18738,full,random_history_mask,1.0,0.7354037165641785,0.30733565632820026,13,36,student_concept_state_buffers
assist_17,18799,full,original,1.0,0.5759096741676331,0.5518044462643029,36,,student_concept_state_buffers
assist_17,18799,full,target_concept_mask,1.0,0.755469024181366,0.2804164985316356,36,36,student_concept_state_buffers
assist_17,18799,full,random_history_mask,1.0,0.5759096741676331,0.5518044462643029,36,67,student_concept_state_buffers
assist_17,19045,full,original,0.0,0.08477023988962173,0.08858014128216629,5,,student_concept_state_buffers
assist_17,19045,full,target_concept_mask,0.0,0.15634311735630035,0.17000940419682586,5,5,student_concept_state_buffers
assist_17,19045,full,random_history_mask,0.0,0.08477023988962173,0.08858014128216629,5,71,student_concept_state_buffers
assist_17,19172,full,original,1.0,0.7904905080795288,0.23510162989422795,41,,student_concept_state_buffers
assist_17,19172,full,target_concept_mask,1.0,0.8516127467155457,0.16062337811388072,41,41,student_concept_state_buffers
assist_17,19172,full,random_history_mask,1.0,0.7904018759727478,0.23521375910399323,41,50,student_concept_state_buffers
assist_17,19311,full,original,1.0,0.5209479928016663,0.6521050640891053,75,,student_concept_state_buffers
assist_17,19311,full,target_concept_mask,1.0,0.5413110256195068,0.613761256608691,75,75,student_concept_state_buffers
assist_17,19311,full,random_history_mask,1.0,0.5209479928016663,0.6521050640891053,75,6,student_concept_state_buffers
assist_17,19374,full,original,0.0,0.3632659316062927,0.45140318562606807,26,,student_concept_state_buffers
assist_17,19374,full,target_concept_mask,0.0,0.5197640657424927,0.7334777661382146,26,26,student_concept_state_buffers
assist_17,19374,full,random_history_mask,0.0,0.3632659316062927,0.45140318562606807,26,31,student_concept_state_buffers
assist_17,19477,full,original,1.0,0.12948039174079895,2.044225824435938,20,,student_concept_state_buffers
assist_17,19477,full,target_concept_mask,1.0,0.26660460233688354,1.321988608307451,20,20,student_concept_state_buffers
assist_17,19477,full,random_history_mask,1.0,0.1282072812318802,2.0541069402278915,20,13,student_concept_state_buffers
assist_17,19621,full,original,0.0,0.021839555352926254,0.02208156857131418,20,,student_concept_state_buffers
assist_17,19621,full,target_concept_mask,0.0,0.048775430768728256,0.05000510421745627,20,20,student_concept_state_buffers
assist_17,19621,full,random_history_mask,0.0,0.02228013426065445,0.022532085827242813,20,63,student_concept_state_buffers
assist_17,19631,full,original,1.0,0.11986018717288971,2.121429322357374,12,,student_concept_state_buffers
assist_17,19631,full,target_concept_mask,1.0,0.16214443743228912,1.8192677518910068,12,12,student_concept_state_buffers
assist_17,19631,full,random_history_mask,1.0,0.11986018717288971,2.121429322357374,12,60,student_concept_state_buffers
assist_17,19674,full,original,0.0,0.28775492310523987,0.3393332176746765,20,,student_concept_state_buffers
assist_17,19674,full,target_concept_mask,0.0,0.3701603412628174,0.46229000193069003,20,20,student_concept_state_buffers
assist_17,19674,full,random_history_mask,0.0,0.28775492310523987,0.3393332176746765,20,79,student_concept_state_buffers
assist_17,19815,full,original,0.0,0.22709687054157257,0.2576015558951988,34,,student_concept_state_buffers
assist_17,19815,full,target_concept_mask,0.0,0.27538543939590454,0.3221154060444805,34,34,student_concept_state_buffers
assist_17,19815,full,random_history_mask,0.0,0.22705906629562378,0.25755264508089715,34,12,student_concept_state_buffers
assist_17,19914,full,original,1.0,0.47238537669181824,0.7499601504898384,7,,student_concept_state_buffers
assist_17,19914,full,target_concept_mask,1.0,0.6329972743988037,0.4572891626943026,7,7,student_concept_state_buffers
assist_17,19914,full,random_history_mask,1.0,0.47238537669181824,0.7499601504898384,7,91,student_concept_state_buffers
assist_17,20003,full,original,1.0,0.19955697655677795,1.6116554866513855,4,,student_concept_state_buffers
assist_17,20003,full,target_concept_mask,1.0,0.27089324593544006,1.306030462149328,4,4,student_concept_state_buffers
assist_17,20003,full,random_history_mask,1.0,0.19967398047447205,1.6110693401164873,4,45,student_concept_state_buffers
assist_17,20086,full,original,1.0,0.7558346390724182,0.27993265811349266,20,,student_concept_state_buffers
assist_17,20086,full,target_concept_mask,1.0,0.860255777835846,0.15052551786578794,20,20,student_concept_state_buffers
assist_17,20086,full,random_history_mask,1.0,0.7558346390724182,0.27993265811349266,20,32,student_concept_state_buffers
assist_17,20182,full,original,0.0,0.37260907888412476,0.46618545397757405,2,,student_concept_state_buffers
assist_17,20182,full,target_concept_mask,0.0,0.47895416617393494,0.6519172683033989,2,2,student_concept_state_buffers
assist_17,20182,full,random_history_mask,0.0,0.37260907888412476,0.46618545397757405,2,67,student_concept_state_buffers
assist_17,20288,full,original,0.0,0.07083893567323685,0.073473181324161,20,,student_concept_state_buffers
assist_17,20288,full,target_concept_mask,0.0,0.12960632145404816,0.1388096656067958,20,20,student_concept_state_buffers
assist_17,20288,full,random_history_mask,0.0,0.07083893567323685,0.073473181324161,20,31,student_concept_state_buffers
assist_17,20293,full,original,0.0,0.16734232008457184,0.18313266975864048,20,,student_concept_state_buffers
assist_17,20293,full,target_concept_mask,0.0,0.4486672580242157,0.5954167646624979,20,20,student_concept_state_buffers
assist_17,20293,full,random_history_mask,0.0,0.16725221276283264,0.18302445908730028,20,59,student_concept_state_buffers
assist_17,20475,full,original,0.0,0.5567450523376465,0.8136101718513049,58,,student_concept_state_buffers
assist_17,20475,full,target_concept_mask,0.0,0.6290160417556763,0.9915964565431733,58,58,student_concept_state_buffers
assist_17,20475,full,random_history_mask,0.0,0.5347039699554443,0.7650814522019841,58,10,student_concept_state_buffers
assist_17,20683,full,original,0.0,0.19492517411708832,0.21682005447594435,57,,student_concept_state_buffers
assist_17,20683,full,target_concept_mask,0.0,0.38323381543159485,0.4832652822170916,57,57,student_concept_state_buffers
assist_17,20683,full,random_history_mask,0.0,0.19157032668590546,0.21266158789909595,57,11,student_concept_state_buffers
assist_17,21304,full,original,1.0,0.7769336700439453,0.25240029899724614,2,,student_concept_state_buffers
assist_17,21304,full,target_concept_mask,1.0,0.8216994404792786,0.19638059497588442,2,2,student_concept_state_buffers
assist_17,21304,full,random_history_mask,1.0,0.7769336700439453,0.25240029899724614,2,36,student_concept_state_buffers
assist_17,21377,full,original,0.0,0.5540249347686768,0.8074922360780454,7,,student_concept_state_buffers
assist_17,21377,full,target_concept_mask,0.0,0.6275672316551208,0.9876987451171355,7,7,student_concept_state_buffers
assist_17,21377,full,random_history_mask,0.0,0.5540249347686768,0.8074922360780454,7,44,student_concept_state_buffers
assist_17,21925,full,original,0.0,0.33601903915405273,0.40950180334157193,84,,student_concept_state_buffers
assist_17,21925,full,target_concept_mask,0.0,0.37545111775398254,0.4707256782667727,84,84,student_concept_state_buffers
assist_17,21925,full,random_history_mask,0.0,0.33604151010513306,0.4095356466784348,84,36,student_concept_state_buffers
assist_17,21983,full,original,0.0,0.496124267578125,0.6854256039673472,57,,student_concept_state_buffers
assist_17,21983,full,target_concept_mask,0.0,0.6922076344490051,1.178329861163084,57,57,student_concept_state_buffers
assist_17,21983,full,random_history_mask,0.0,0.4962616264820099,0.6856982458526205,57,32,student_concept_state_buffers
assist_17,22027,full,original,0.0,0.3547380864620209,0.43809897710871715,14,,student_concept_state_buffers
assist_17,22027,full,target_concept_mask,0.0,0.38504156470298767,0.4862005983424871,14,14,student_concept_state_buffers
assist_17,22027,full,random_history_mask,0.0,0.3547380864620209,0.43809897710871715,14,9,student_concept_state_buffers
assist_17,22315,full,original,0.0,0.25134482979774475,0.2894767883883877,13,,student_concept_state_buffers
assist_17,22315,full,target_concept_mask,0.0,0.2642616331577301,0.3068807032850669,13,13,student_concept_state_buffers
assist_17,22315,full,random_history_mask,0.0,0.25127434730529785,0.2893826473503549,13,59,student_concept_state_buffers
assist_17,22960,full,original,1.0,0.5136901140213013,0.6661350863479767,47,,student_concept_state_buffers
assist_17,22960,full,target_concept_mask,1.0,0.6385483741760254,0.4485578441616174,47,47,student_concept_state_buffers
assist_17,22960,full,random_history_mask,1.0,0.5136901140213013,0.6661350863479767,47,55,student_concept_state_buffers
assist_17,23149,full,original,0.0,0.06262266635894775,0.06466937381462025,5,,student_concept_state_buffers
assist_17,23149,full,target_concept_mask,0.0,0.11375005543231964,0.12075626368284789,5,5,student_concept_state_buffers
assist_17,23149,full,random_history_mask,0.0,0.06246186047792435,0.06449783980818698,5,45,student_concept_state_buffers
assist_17,23561,full,original,0.0,0.10370207577943802,0.1094824165641984,4,,student_concept_state_buffers
assist_17,23561,full,target_concept_mask,0.0,0.21613797545433044,0.2435222632195393,4,4,student_concept_state_buffers
assist_17,23561,full,random_history_mask,0.0,0.10370207577943802,0.1094824165641984,4,43,student_concept_state_buffers
assist_17,23583,full,original,0.0,0.4291185140609741,0.560573646141863,20,,student_concept_state_buffers
assist_17,23583,full,target_concept_mask,0.0,0.36984676122665405,0.46179225302550636,20,20,student_concept_state_buffers
assist_17,23583,full,random_history_mask,0.0,0.4291185140609741,0.560573646141863,20,39,student_concept_state_buffers
assist_17,23605,full,original,1.0,0.6914470791816711,0.36896866127350586,20,,student_concept_state_buffers
assist_17,23605,full,target_concept_mask,1.0,0.7427881956100464,0.29734434137724114,20,20,student_concept_state_buffers
assist_17,23605,full,random_history_mask,1.0,0.6914470791816711,0.36896866127350586,20,8,student_concept_state_buffers
assist_17,23615,full,original,1.0,0.8230804800987244,0.1947012943877418,76,,student_concept_state_buffers
assist_17,23615,full,target_concept_mask,1.0,0.8609329462051392,0.14973865655909466,76,76,student_concept_state_buffers
assist_17,23615,full,random_history_mask,1.0,0.8230804800987244,0.1947012943877418,76,12,student_concept_state_buffers
assist_17,23639,full,original,1.0,0.8572930097579956,0.15397551711814653,51,,student_concept_state_buffers
assist_17,23639,full,target_concept_mask,1.0,0.8487035632133484,0.16404531357847657,51,51,student_concept_state_buffers
assist_17,23639,full,random_history_mask,1.0,0.8572930097579956,0.15397551711814653,51,88,student_concept_state_buffers
assist_17,23683,full,original,1.0,0.41322240233421326,0.8837693265213945,36,,student_concept_state_buffers
assist_17,23683,full,target_concept_mask,1.0,0.38103026151657104,0.9648764804568778,36,36,student_concept_state_buffers
assist_17,23683,full,random_history_mask,1.0,0.41322240233421326,0.8837693265213945,36,0,student_concept_state_buffers
assist_17,23965,full,original,0.0,0.5284377336502075,0.7517041255009824,56,,student_concept_state_buffers
assist_17,23965,full,target_concept_mask,0.0,0.5584267377853394,0.8174113333734756,56,56,student_concept_state_buffers
assist_17,23965,full,random_history_mask,0.0,0.5275163054466248,0.7497520415255303,56,2,student_concept_state_buffers
assist_17,24101,full,original,1.0,0.8348900079727173,0.1804552897868237,33,,student_concept_state_buffers
assist_17,24101,full,target_concept_mask,1.0,0.8212704062461853,0.19690286170366447,33,33,student_concept_state_buffers
assist_17,24101,full,random_history_mask,1.0,0.8340449333190918,0.18146800119329232,33,34,student_concept_state_buffers
assist_17,24200,full,original,0.0,0.16736158728599548,0.18315580942912887,28,,student_concept_state_buffers
assist_17,24200,full,target_concept_mask,0.0,0.18929405510425568,0.20984987397509536,28,28,student_concept_state_buffers
assist_17,24200,full,random_history_mask,0.0,0.16738036274909973,0.18317835904311264,28,11,student_concept_state_buffers
assist_17,24231,full,original,0.0,0.335025817155838,0.4080070618706408,63,,student_concept_state_buffers
assist_17,24231,full,target_concept_mask,0.0,0.34421518445014954,0.421922568926489,63,63,student_concept_state_buffers
assist_17,24231,full,random_history_mask,0.0,0.3352774381637573,0.40838552562477026,63,2,student_concept_state_buffers
assist_17,24290,full,original,0.0,0.4129076898097992,0.5325732139534889,14,,student_concept_state_buffers
assist_17,24290,full,target_concept_mask,0.0,0.4231635630130768,0.5501965240861331,14,14,student_concept_state_buffers
assist_17,24290,full,random_history_mask,0.0,0.4129076898097992,0.5325732139534889,14,27,student_concept_state_buffers
assist_17,24347,full,original,1.0,0.36597689986228943,1.0051850627029713,51,,student_concept_state_buffers
assist_17,24347,full,target_concept_mask,1.0,0.5158261656761169,0.6619854584847399,51,51,student_concept_state_buffers
assist_17,24347,full,random_history_mask,1.0,0.36597689986228943,1.0051850627029713,51,41,student_concept_state_buffers
assist_17,24514,full,original,0.0,0.18178080022335052,0.20062500788993926,65,,student_concept_state_buffers
assist_17,24514,full,target_concept_mask,0.0,0.27886080741882324,0.32692310543227676,65,65,student_concept_state_buffers
assist_17,24514,full,random_history_mask,0.0,0.1814315766096115,0.20019828958623848,65,4,student_concept_state_buffers
assist_17,24547,full,original,1.0,0.4653525948524475,0.7649598922352077,51,,student_concept_state_buffers
assist_17,24547,full,target_concept_mask,1.0,0.5249598622322083,0.6444334722042164,51,51,student_concept_state_buffers
assist_17,24547,full,random_history_mask,1.0,0.4654563069343567,0.7647370493248331,51,24,student_concept_state_buffers
assist_17,25150,full,original,0.0,0.24208277463912964,0.2771811006735526,58,,student_concept_state_buffers
assist_17,25150,full,target_concept_mask,0.0,0.35203734040260315,0.4339222083682846,58,58,student_concept_state_buffers
assist_17,25150,full,random_history_mask,0.0,0.24208277463912964,0.2771811006735526,58,30,student_concept_state_buffers
assist_17,25330,full,original,1.0,0.8174499273300171,0.20156562905910216,56,,student_concept_state_buffers
assist_17,25330,full,target_concept_mask,1.0,0.8208134174346924,0.19745945792207972,56,56,student_concept_state_buffers
assist_17,25330,full,random_history_mask,1.0,0.8163109421730042,0.20295994001708806,56,2,student_concept_state_buffers
assist_17,25428,full,original,0.0,0.05506061390042305,0.056634495239130056,68,,student_concept_state_buffers
assist_17,25428,full,target_concept_mask,0.0,0.04804394394159317,0.04923640485867281,68,68,student_concept_state_buffers
assist_17,25428,full,random_history_mask,0.0,0.05506061390042305,0.056634495239130056,68,37,student_concept_state_buffers
assist_17,25582,full,original,0.0,0.18157358467578888,0.2003717880764904,14,,student_concept_state_buffers
assist_17,25582,full,target_concept_mask,0.0,0.4077165424823761,0.5237699453183122,14,14,student_concept_state_buffers
assist_17,25582,full,random_history_mask,0.0,0.18157358467578888,0.2003717880764904,14,36,student_concept_state_buffers
assist_17,25606,full,original,0.0,0.09927454590797424,0.10455478024755056,8,,student_concept_state_buffers
assist_17,25606,full,target_concept_mask,0.0,0.10473509132862091,0.11063561716057033,8,8,student_concept_state_buffers
assist_17,25606,full,random_history_mask,0.0,0.09930060058832169,0.10458370699439608,8,4,student_concept_state_buffers
assist_17,25649,full,original,1.0,0.20485295355319977,1.5854628569667644,7,,student_concept_state_buffers
assist_17,25649,full,target_concept_mask,1.0,0.33231571316719055,1.1016698186510945,7,7,student_concept_state_buffers
assist_17,25649,full,random_history_mask,1.0,0.20450662076473236,1.5871549286456874,7,39,student_concept_state_buffers
assist_17,25836,full,original,0.0,0.16553939878940582,0.18096974944464728,68,,student_concept_state_buffers
assist_17,25836,full,target_concept_mask,0.0,0.25526654720306396,0.2947289061022646,68,68,student_concept_state_buffers
assist_17,25836,full,random_history_mask,0.0,0.16553939878940582,0.18096974944464728,68,55,student_concept_state_buffers
assist_17,25871,full,original,0.0,0.325264573097229,0.393434625090106,88,,student_concept_state_buffers
assist_17,25871,full,target_concept_mask,0.0,0.35683053731918335,0.44134703941980447,88,88,student_concept_state_buffers
assist_17,25871,full,random_history_mask,0.0,0.325264573097229,0.393434625090106,88,74,student_concept_state_buffers
assist_17,26693,full,original,0.0,0.14222490787506104,0.15341334424686465,4,,student_concept_state_buffers
assist_17,26693,full,target_concept_mask,0.0,0.29774290323257446,0.3534557072924559,4,4,student_concept_state_buffers
assist_17,26693,full,random_history_mask,0.0,0.14222490787506104,0.15341334424686465,4,27,student_concept_state_buffers
assist_17,26695,full,original,0.0,0.1035059243440628,0.1092635942622566,57,,student_concept_state_buffers
assist_17,26695,full,target_concept_mask,0.0,0.3252255916595459,0.3933768538361649,57,57,student_concept_state_buffers
assist_17,26695,full,random_history_mask,0.0,0.10380202531814575,0.1095939365279233,57,59,student_concept_state_buffers
assist_17,26781,full,original,0.0,0.12217901647090912,0.13031259733259148,37,,student_concept_state_buffers
assist_17,26781,full,target_concept_mask,0.0,0.33723974227905273,0.4113419564209748,37,37,student_concept_state_buffers
assist_17,26781,full,random_history_mask,0.0,0.12217901647090912,0.13031259733259148,37,6,student_concept_state_buffers
assist_17,26823,full,original,0.0,0.07462240755558014,0.0775534167159288,33,,student_concept_state_buffers
assist_17,26823,full,target_concept_mask,0.0,0.13372425734996796,0.14355201157466127,33,33,student_concept_state_buffers
assist_17,26823,full,random_history_mask,0.0,0.07462240755558014,0.0775534167159288,33,54,student_concept_state_buffers
assist_17,26836,full,original,0.0,0.17614175379276276,0.1937567951736436,45,,student_concept_state_buffers
assist_17,26836,full,target_concept_mask,0.0,0.3232656717300415,0.3904765080961522,45,45,student_concept_state_buffers
assist_17,26836,full,random_history_mask,0.0,0.17607519030570984,0.19367600360724083,45,11,student_concept_state_buffers
assist_17,27071,full,original,1.0,0.6089311838150024,0.49605001631880635,5,,student_concept_state_buffers
assist_17,27071,full,target_concept_mask,1.0,0.6424410343170166,0.44248024180645557,5,5,student_concept_state_buffers
assist_17,27071,full,random_history_mask,1.0,0.6089311838150024,0.49605001631880635,5,24,student_concept_state_buffers
assist_17,27296,full,original,1.0,0.6459339261054993,0.4370580620010863,13,,student_concept_state_buffers
assist_17,27296,full,target_concept_mask,1.0,0.5952771306037903,0.5187282161510357,13,13,student_concept_state_buffers
assist_17,27296,full,random_history_mask,1.0,0.6459423899650574,0.43704495879692823,13,2,student_concept_state_buffers
assist_17,27581,full,original,1.0,0.5035455226898193,0.6860811584182898,34,,student_concept_state_buffers
assist_17,27581,full,target_concept_mask,1.0,0.5904664397239685,0.5268424786194775,34,34,student_concept_state_buffers
assist_17,27581,full,random_history_mask,1.0,0.5037446022033691,0.6856858810076967,34,0,student_concept_state_buffers
assist_17,27870,full,original,1.0,0.5016342401504517,0.6898840301302192,33,,student_concept_state_buffers
assist_17,27870,full,target_concept_mask,1.0,0.5615817308425903,0.5769979573506087,33,33,student_concept_state_buffers
assist_17,27870,full,random_history_mask,1.0,0.5016078352928162,0.6899366691857132,33,57,student_concept_state_buffers
assist_17,27961,full,original,0.0,0.6974585652351379,1.1955370364620854,32,,student_concept_state_buffers
assist_17,27961,full,target_concept_mask,0.0,0.6920847296714783,1.177930630190469,32,32,student_concept_state_buffers
assist_17,27961,full,random_history_mask,0.0,0.6974585652351379,1.1955370364620854,32,53,student_concept_state_buffers
assist_17,28050,full,original,0.0,0.4593764841556549,0.6150321465587764,38,,student_concept_state_buffers
assist_17,28050,full,target_concept_mask,0.0,0.6327365636825562,1.0016758783007649,38,38,student_concept_state_buffers
assist_17,28050,full,random_history_mask,0.0,0.4593764841556549,0.6150321465587764,38,53,student_concept_state_buffers
assist_17,28410,full,original,0.0,0.4436075985431671,0.5862814756457406,5,,student_concept_state_buffers
assist_17,28410,full,target_concept_mask,0.0,0.5764021277427673,0.8589706882674238,5,5,student_concept_state_buffers
assist_17,28410,full,random_history_mask,0.0,0.4436075985431671,0.5862814756457406,5,49,student_concept_state_buffers
assist_17,28597,full,original,1.0,0.4039945900440216,0.9063537920907915,14,,student_concept_state_buffers
assist_17,28597,full,target_concept_mask,1.0,0.6080646514892578,0.49747406798282273,14,14,student_concept_state_buffers
assist_17,28597,full,random_history_mask,1.0,0.4039945900440216,0.9063537920907915,14,46,student_concept_state_buffers
assist_17,28608,full,original,0.0,0.04705541953444481,0.04819852973077376,29,,student_concept_state_buffers
assist_17,28608,full,target_concept_mask,0.0,0.047553323209285736,0.04872115592030602,29,29,student_concept_state_buffers
assist_17,28608,full,random_history_mask,0.0,0.04541352391242981,0.04647704160940646,29,36,student_concept_state_buffers
assist_17,28632,full,original,0.0,0.1221570372581482,0.13028755926900448,0,,student_concept_state_buffers
assist_17,28632,full,target_concept_mask,0.0,0.20963741838932037,0.235263474748709,0,0,student_concept_state_buffers
assist_17,28632,full,random_history_mask,0.0,0.12215163558721542,0.13028140594256352,0,57,student_concept_state_buffers
assist_17,28636,full,original,0.0,0.1984010636806488,0.22114687559933427,28,,student_concept_state_buffers
assist_17,28636,full,target_concept_mask,0.0,0.24788643419742584,0.2848679480799341,28,28,student_concept_state_buffers
assist_17,28636,full,random_history_mask,0.0,0.19828009605407715,0.2209959790667629,28,4,student_concept_state_buffers
assist_17,28760,full,original,1.0,0.5467357635498047,0.6037896580819496,45,,student_concept_state_buffers
assist_17,28760,full,target_concept_mask,1.0,0.5926536321640015,0.5231451447923716,45,45,student_concept_state_buffers
assist_17,28760,full,random_history_mask,1.0,0.5467357635498047,0.6037896580819496,45,29,student_concept_state_buffers
assist_17,28899,full,original,1.0,0.7093992829322815,0.34333674745186415,7,,student_concept_state_buffers
assist_17,28899,full,target_concept_mask,1.0,0.7202109694480896,0.32821109676965043,7,7,student_concept_state_buffers
assist_17,28899,full,random_history_mask,1.0,0.7093992829322815,0.34333674745186415,7,9,student_concept_state_buffers
assist_17,29262,full,original,1.0,0.3865669369697571,0.9504502384472789,36,,student_concept_state_buffers
assist_17,29262,full,target_concept_mask,1.0,0.4097555875778198,0.8921944248976184,36,36,student_concept_state_buffers
assist_17,29262,full,random_history_mask,1.0,0.3985438346862793,0.919937787588591,36,20,student_concept_state_buffers
assist_17,29358,full,original,1.0,0.8701836466789246,0.13905100147277874,32,,student_concept_state_buffers
assist_17,29358,full,target_concept_mask,1.0,0.8962083458900452,0.10958236414272024,32,32,student_concept_state_buffers
assist_17,29358,full,random_history_mask,1.0,0.8701836466789246,0.13905100147277874,32,3,student_concept_state_buffers
assist_17,29436,full,original,0.0,0.6429609060287476,1.0299099962756675,8,,student_concept_state_buffers
assist_17,29436,full,target_concept_mask,0.0,0.6458580493927002,1.0380574558074327,8,8,student_concept_state_buffers
assist_17,29436,full,random_history_mask,0.0,0.6426931023597717,1.0291602092406262,8,58,student_concept_state_buffers
assist_17,29681,full,original,0.0,0.10845497250556946,0.11479933538914468,57,,student_concept_state_buffers
assist_17,29681,full,target_concept_mask,0.0,0.25741973519325256,0.29762431339791917,57,57,student_concept_state_buffers
assist_17,29681,full,random_history_mask,0.0,0.10845497250556946,0.11479933538914468,57,92,student_concept_state_buffers
assist_17,30056,full,original,1.0,0.5013255476951599,0.690499593124429,14,,student_concept_state_buffers
assist_17,30056,full,target_concept_mask,1.0,0.49698877334594727,0.6991878419817924,14,14,student_concept_state_buffers
assist_17,30056,full,random_history_mask,1.0,0.5013255476951599,0.690499593124429,14,0,student_concept_state_buffers
assist_17,30080,full,original,0.0,0.49342256784439087,0.6800780900665127,63,,student_concept_state_buffers
assist_17,30080,full,target_concept_mask,0.0,0.5495063662528992,0.7974113335605636,63,63,student_concept_state_buffers
assist_17,30080,full,random_history_mask,0.0,0.4931371510028839,0.6795148267852695,63,57,student_concept_state_buffers
assist_17,30191,full,original,1.0,0.6204696297645569,0.4772786203144286,33,,student_concept_state_buffers
assist_17,30191,full,target_concept_mask,1.0,0.7521891593933105,0.2847674449171944,33,33,student_concept_state_buffers
assist_17,30191,full,random_history_mask,1.0,0.6204439997673035,0.4773199285838312,33,70,student_concept_state_buffers
assist_17,30291,full,original,0.0,0.15631882846355438,0.16998061459809966,76,,student_concept_state_buffers
assist_17,30291,full,target_concept_mask,0.0,0.23824569582939148,0.2721312107606265,76,76,student_concept_state_buffers
assist_17,30291,full,random_history_mask,0.0,0.15631811320781708,0.16997976681879837,76,57,student_concept_state_buffers
assist_17,30411,full,original,0.0,0.4065587818622589,0.5218171125708462,2,,student_concept_state_buffers
assist_17,30411,full,target_concept_mask,0.0,0.3732512295246124,0.4672095036921482,2,2,student_concept_state_buffers
assist_17,30411,full,random_history_mask,0.0,0.40655964612960815,0.521818568937462,2,36,student_concept_state_buffers
assist_17,30655,full,original,0.0,0.09919935464859009,0.10447130517666367,57,,student_concept_state_buffers
assist_17,30655,full,target_concept_mask,0.0,0.26496267318725586,0.3078339962795599,57,57,student_concept_state_buffers
assist_17,30655,full,random_history_mask,0.0,0.09914176166057587,0.10440737188878638,57,13,student_concept_state_buffers
assist_17,30749,full,original,0.0,0.10405625402927399,0.10987765149298866,36,,student_concept_state_buffers
assist_17,30749,full,target_concept_mask,0.0,0.18974226713180542,0.2104028932007835,36,36,student_concept_state_buffers
assist_17,30749,full,random_history_mask,0.0,0.10330640524625778,0.10904106418141706,36,32,student_concept_state_buffers
assist_17,30866,full,original,1.0,0.4525158107280731,0.7929325756170523,26,,student_concept_state_buffers
assist_17,30866,full,target_concept_mask,1.0,0.5124014616012573,0.6686468565021559,26,26,student_concept_state_buffers
assist_17,30866,full,random_history_mask,1.0,0.452499121427536,0.7929694574406466,26,45,student_concept_state_buffers
assist_17,30962,full,original,0.0,0.06853765994310379,0.07099951911162422,65,,student_concept_state_buffers
assist_17,30962,full,target_concept_mask,0.0,0.1658724844455719,0.18136899196261053,65,65,student_concept_state_buffers
assist_17,30962,full,random_history_mask,0.0,0.06853765994310379,0.07099951911162422,65,56,student_concept_state_buffers
assist_17,31096,full,original,0.0,0.5058799982070923,0.7049768726850376,33,,student_concept_state_buffers
assist_17,31096,full,target_concept_mask,0.0,0.5339706540107727,0.7635066726134748,33,33,student_concept_state_buffers
assist_17,31096,full,random_history_mask,0.0,0.5058799982070923,0.7049768726850376,33,27,student_concept_state_buffers
assist_17,31110,full,original,0.0,0.5874566435813904,0.8854139722613427,13,,student_concept_state_buffers
assist_17,31110,full,target_concept_mask,0.0,0.6080981492996216,0.9367438514085784,13,13,student_concept_state_buffers
assist_17,31110,full,random_history_mask,0.0,0.5874566435813904,0.8854139722613427,13,38,student_concept_state_buffers
assist_17,31156,full,original,1.0,0.6967636346817017,0.3613090438388882,11,,student_concept_state_buffers
assist_17,31156,full,target_concept_mask,1.0,0.7460914850234985,0.2929070522175635,11,11,student_concept_state_buffers
assist_17,31156,full,random_history_mask,1.0,0.6967636346817017,0.3613090438388882,11,47,student_concept_state_buffers
assist_17,31269,full,original,1.0,0.70949786901474,0.3431977858893832,0,,student_concept_state_buffers
assist_17,31269,full,target_concept_mask,1.0,0.7187363505363464,0.3302606776090265,0,0,student_concept_state_buffers
assist_17,31269,full,random_history_mask,1.0,0.70949786901474,0.3431977858893832,0,64,student_concept_state_buffers
assist_17,31369,full,original,1.0,0.8353217244148254,0.17993832963937506,20,,student_concept_state_buffers
assist_17,31369,full,target_concept_mask,1.0,0.907008707523346,0.09760322855658309,20,20,student_concept_state_buffers
assist_17,31369,full,random_history_mask,1.0,0.8353552222251892,0.1798982287563939,20,68,student_concept_state_buffers
assist_17,31448,full,original,1.0,0.5707575082778931,0.5607908385507562,46,,student_concept_state_buffers
assist_17,31448,full,target_concept_mask,1.0,0.5325585007667542,0.6300625268379466,46,46,student_concept_state_buffers
assist_17,31448,full,random_history_mask,1.0,0.5707555413246155,0.5607942847720294,46,58,student_concept_state_buffers
assist_17,31530,full,original,0.0,0.5701616406440735,0.8443460494404202,57,,student_concept_state_buffers
assist_17,31530,full,target_concept_mask,0.0,0.653834342956543,1.0608378409195838,57,57,student_concept_state_buffers
assist_17,31530,full,random_history_mask,0.0,0.5620113015174866,0.8255621714899217,57,14,student_concept_state_buffers
assist_17,31532,full,original,1.0,0.6384207010269165,0.4487578069516545,63,,student_concept_state_buffers
assist_17,31532,full,target_concept_mask,1.0,0.6812551021575928,0.3838184436270879,63,63,student_concept_state_buffers
assist_17,31532,full,random_history_mask,1.0,0.6383692026138306,0.44883847552988654,63,7,student_concept_state_buffers
assist_17,31548,full,original,1.0,0.26534539461135864,1.3267229257610205,53,,student_concept_state_buffers
assist_17,31548,full,target_concept_mask,1.0,0.3782300055027008,0.9722527882456684,53,53,student_concept_state_buffers
assist_17,31548,full,random_history_mask,1.0,0.26534539461135864,1.3267229257610205,53,34,student_concept_state_buffers
assist_17,31586,full,original,1.0,0.34581634402275085,1.061847442469448,64,,student_concept_state_buffers
assist_17,31586,full,target_concept_mask,1.0,0.3061305582523346,1.1837436070683185,64,64,student_concept_state_buffers
assist_17,31586,full,random_history_mask,1.0,0.34581634402275085,1.061847442469448,64,6,student_concept_state_buffers
assist_17,32180,full,original,0.0,0.7260661125183105,1.2948684882715302,57,,student_concept_state_buffers
assist_17,32180,full,target_concept_mask,0.0,0.7348923683166504,1.3276193781598034,57,57,student_concept_state_buffers
assist_17,32180,full,random_history_mask,0.0,0.7260661125183105,1.2948684882715302,57,60,student_concept_state_buffers
assist_17,32446,full,original,0.0,0.2537255883216858,0.29266190234361356,59,,student_concept_state_buffers
assist_17,32446,full,target_concept_mask,0.0,0.3784222900867462,0.4754943397845685,59,59,student_concept_state_buffers
assist_17,32446,full,random_history_mask,0.0,0.2537255883216858,0.29266190234361356,59,33,student_concept_state_buffers
assist_17,32472,full,original,1.0,0.5311665534973145,0.6326796468509622,11,,student_concept_state_buffers
assist_17,32472,full,target_concept_mask,1.0,0.6426169276237488,0.44220649025121056,11,11,student_concept_state_buffers
assist_17,32472,full,random_history_mask,1.0,0.5308491587638855,0.6332773682202681,11,24,student_concept_state_buffers
assist_17,32507,full,original,0.0,0.3831638991832733,0.4831519292357868,11,,student_concept_state_buffers
assist_17,32507,full,target_concept_mask,0.0,0.48840194940567017,0.6702160196945413,11,11,student_concept_state_buffers
assist_17,32507,full,random_history_mask,0.0,0.3831638991832733,0.4831519292357868,11,3,student_concept_state_buffers
assist_17,32624,full,original,1.0,0.303825706243515,1.1913010767203964,87,,student_concept_state_buffers
assist_17,32624,full,target_concept_mask,1.0,0.28311049938201904,1.2619180003671882,87,87,student_concept_state_buffers
assist_17,32624,full,random_history_mask,1.0,0.30287712812423706,1.1944280734591144,87,62,student_concept_state_buffers
assist_17,32669,full,original,0.0,0.20156601071357727,0.22510298313950267,26,,student_concept_state_buffers
assist_17,32669,full,target_concept_mask,0.0,0.17383973300457,0.19096649644262212,26,26,student_concept_state_buffers
assist_17,32669,full,random_history_mask,0.0,0.20158235728740692,0.22512345664311773,26,5,student_concept_state_buffers
assist_17,32724,full,original,1.0,0.52149897813797,0.6510479640102096,7,,student_concept_state_buffers
assist_17,32724,full,target_concept_mask,1.0,0.5527458190917969,0.5928570231053051,7,7,student_concept_state_buffers
assist_17,32724,full,random_history_mask,1.0,0.5214506983757019,0.6511405471201904,7,34,student_concept_state_buffers
assist_17,32901,full,original,1.0,0.6310287117958069,0.4604039154225342,32,,student_concept_state_buffers
assist_17,32901,full,target_concept_mask,1.0,0.6891376376152039,0.3723142636005652,32,32,student_concept_state_buffers
assist_17,32901,full,random_history_mask,1.0,0.6317877769470215,0.45920173719727353,32,14,student_concept_state_buffers
assist_17,33068,full,original,1.0,0.8642221093177795,0.1459254722455091,38,,student_concept_state_buffers
assist_17,33068,full,target_concept_mask,1.0,0.8690505027770996,0.1403540394363681,38,38,student_concept_state_buffers
assist_17,33068,full,random_history_mask,1.0,0.8642221093177795,0.1459254722455091,38,39,student_concept_state_buffers
assist_17,33128,full,original,1.0,0.42152130603790283,0.8638849546851124,56,,student_concept_state_buffers
assist_17,33128,full,target_concept_mask,1.0,0.4701550602912903,0.7546927231748053,56,56,student_concept_state_buffers
assist_17,33128,full,random_history_mask,1.0,0.42152130603790283,0.8638849546851124,56,69,student_concept_state_buffers
assist_17,33181,full,original,0.0,0.17245101928710938,0.18928698228882315,14,,student_concept_state_buffers
assist_17,33181,full,target_concept_mask,0.0,0.3103294372558594,0.3715412407024769,14,14,student_concept_state_buffers
assist_17,33181,full,random_history_mask,0.0,0.17276228964328766,0.18966318831166504,14,24,student_concept_state_buffers
assist_17,33655,full,original,0.0,0.4884325861930847,0.6702759059758704,51,,student_concept_state_buffers
assist_17,33655,full,target_concept_mask,0.0,0.520886242389679,0.7358172199755564,51,51,student_concept_state_buffers
assist_17,33655,full,random_history_mask,0.0,0.488587349653244,0.6705784797341735,51,32,student_concept_state_buffers
assist_17,33819,full,original,1.0,0.7477689385414124,0.2906612544221503,7,,student_concept_state_buffers
assist_17,33819,full,target_concept_mask,1.0,0.761177122592926,0.272889198408887,7,7,student_concept_state_buffers
assist_17,33819,full,random_history_mask,1.0,0.7477689385414124,0.2906612544221503,7,43,student_concept_state_buffers
assist_17,34039,full,original,0.0,0.5161630511283875,0.7260073115198293,7,,student_concept_state_buffers
assist_17,34039,full,target_concept_mask,0.0,0.6534583568572998,1.0597522853434698,7,7,student_concept_state_buffers
assist_17,34039,full,random_history_mask,0.0,0.5161630511283875,0.7260073115198293,7,62,student_concept_state_buffers
assist_17,34066,full,original,1.0,0.4556336998939514,0.7860660819840588,11,,student_concept_state_buffers
assist_17,34066,full,target_concept_mask,1.0,0.6415312886238098,0.4438973219556019,11,11,student_concept_state_buffers
assist_17,34066,full,random_history_mask,1.0,0.4556336998939514,0.7860660819840588,11,66,student_concept_state_buffers
assist_17,34256,full,original,1.0,0.5547780990600586,0.589187066699043,20,,student_concept_state_buffers
assist_17,34256,full,target_concept_mask,1.0,0.733226478099823,0.3103006506028776,20,20,student_concept_state_buffers
assist_17,34256,full,random_history_mask,1.0,0.5547780990600586,0.589187066699043,20,30,student_concept_state_buffers
assist_17,34448,full,original,0.0,0.34388673305511475,0.4214218419168529,69,,student_concept_state_buffers
assist_17,34448,full,target_concept_mask,0.0,0.30987074971199036,0.3708763796749086,69,69,student_concept_state_buffers
assist_17,34448,full,random_history_mask,0.0,0.3094455897808075,0.37026051094728846,69,10,student_concept_state_buffers
assist_17,34580,full,original,0.0,0.6095475554466248,0.9404490980315455,41,,student_concept_state_buffers
assist_17,34580,full,target_concept_mask,0.0,0.6896572709083557,1.1700780144889287,41,41,student_concept_state_buffers
assist_17,34580,full,random_history_mask,0.0,0.6095475554466248,0.9404490980315455,41,31,student_concept_state_buffers
assist_17,34797,full,original,0.0,0.08643681555986404,0.09040273813387938,5,,student_concept_state_buffers
assist_17,34797,full,target_concept_mask,0.0,0.12509584426879883,0.1336409349312607,5,5,student_concept_state_buffers
assist_17,34797,full,random_history_mask,0.0,0.08643681555986404,0.09040273813387938,5,6,student_concept_state_buffers
assist_17,34811,full,original,0.0,0.2695460319519043,0.314089064084745,20,,student_concept_state_buffers
assist_17,34811,full,target_concept_mask,0.0,0.3806980550289154,0.47916233044708284,20,20,student_concept_state_buffers
assist_17,34811,full,random_history_mask,0.0,0.2695460319519043,0.314089064084745,20,7,student_concept_state_buffers
assist_17,34845,full,original,1.0,0.7590142488479614,0.27573472857700126,32,,student_concept_state_buffers
assist_17,34845,full,target_concept_mask,1.0,0.7717307209968567,0.2591195968035621,32,32,student_concept_state_buffers
assist_17,34845,full,random_history_mask,1.0,0.7578726410865784,0.277239927131351,32,63,student_concept_state_buffers
assist_17,35203,full,original,0.0,0.8125929832458496,1.6744724672205542,38,,student_concept_state_buffers
assist_17,35203,full,target_concept_mask,0.0,0.8346298933029175,1.7995692461180721,38,38,student_concept_state_buffers
assist_17,35203,full,random_history_mask,0.0,0.8126155138015747,1.6745926970313945,38,5,student_concept_state_buffers
assist_17,35319,full,original,1.0,0.866716742515564,0.14304306548421242,7,,student_concept_state_buffers
assist_17,35319,full,target_concept_mask,1.0,0.8793988227844238,0.1285167608940174,7,7,student_concept_state_buffers
assist_17,35319,full,random_history_mask,1.0,0.8667138814926147,0.14304636647925612,7,11,student_concept_state_buffers
assist_17,35364,full,original,0.0,0.18822690844535828,0.20853442177040504,0,,student_concept_state_buffers
assist_17,35364,full,target_concept_mask,0.0,0.30070146918296814,0.3576775452082683,0,0,student_concept_state_buffers
assist_17,35364,full,random_history_mask,0.0,0.188383087515831,0.20872683279987547,0,12,student_concept_state_buffers
assist_17,35434,full,original,0.0,0.10717155039310455,0.11336082226366674,5,,student_concept_state_buffers
assist_17,35434,full,target_concept_mask,0.0,0.1676354855298996,0.1834848157532655,5,5,student_concept_state_buffers
assist_17,35434,full,random_history_mask,0.0,0.10717155039310455,0.11336082226366674,5,51,student_concept_state_buffers
assist_17,36007,full,original,0.0,0.30632513761520386,0.3657519262594282,20,,student_concept_state_buffers
assist_17,36007,full,target_concept_mask,0.0,0.46628379821777344,0.627891038632103,20,20,student_concept_state_buffers
assist_17,36007,full,random_history_mask,0.0,0.30514511466026306,0.36405225329101815,20,14,student_concept_state_buffers
assist_17,36100,full,original,0.0,0.7901965379714966,1.5615840815902964,20,,student_concept_state_buffers
assist_17,36100,full,target_concept_mask,0.0,0.8014603853225708,1.6167666286029967,20,20,student_concept_state_buffers
assist_17,36100,full,random_history_mask,0.0,0.7899961471557617,1.5606294015556452,20,46,student_concept_state_buffers
assist_17,36155,full,original,0.0,0.5578336119651794,0.8160690242238294,58,,student_concept_state_buffers
assist_17,36155,full,target_concept_mask,0.0,0.6096866726875305,0.9408054590488723,58,58,student_concept_state_buffers
assist_17,36155,full,random_history_mask,0.0,0.5565018057823181,0.8130615489032906,58,14,student_concept_state_buffers
assist_17,36351,full,original,1.0,0.8504353165626526,0.1620069234627057,50,,student_concept_state_buffers
assist_17,36351,full,target_concept_mask,1.0,0.8463292121887207,0.16684685536815172,50,50,student_concept_state_buffers
assist_17,36351,full,random_history_mask,1.0,0.8500080704689026,0.16250943487355185,50,5,student_concept_state_buffers
assist_17,36477,full,original,0.0,0.2965998947620392,0.3518294093290151,0,,student_concept_state_buffers
assist_17,36477,full,target_concept_mask,0.0,0.4073762893676758,0.5231956334511914,0,0,student_concept_state_buffers
assist_17,36477,full,random_history_mask,0.0,0.2965998947620392,0.3518294093290151,0,79,student_concept_state_buffers
assist_17,36781,full,original,0.0,0.17548741400241852,0.19296287209282936,79,,student_concept_state_buffers
assist_17,36781,full,target_concept_mask,0.0,0.23184289038181305,0.26376099694066873,79,79,student_concept_state_buffers
assist_17,36781,full,random_history_mask,0.0,0.1753663718700409,0.19281607839854312,79,5,student_concept_state_buffers
assist_17,36899,full,original,1.0,0.6237794160842896,0.47195847297343585,32,,student_concept_state_buffers
assist_17,36899,full,target_concept_mask,1.0,0.7321107983589172,0.31182341259687923,32,32,student_concept_state_buffers
assist_17,36899,full,random_history_mask,1.0,0.6237794160842896,0.47195847297343585,32,28,student_concept_state_buffers
assist_17,36920,full,original,1.0,0.5103453993797302,0.6726675288108042,13,,student_concept_state_buffers
assist_17,36920,full,target_concept_mask,1.0,0.5351707935333252,0.6251693427832504,13,13,student_concept_state_buffers
assist_17,36920,full,random_history_mask,1.0,0.5102764368057251,0.6728026671581627,13,50,student_concept_state_buffers
assist_17,37714,full,original,0.0,0.2795448899269104,0.32787216933766955,63,,student_concept_state_buffers
assist_17,37714,full,target_concept_mask,0.0,0.360834538936615,0.4475919206217461,63,63,student_concept_state_buffers
assist_17,37714,full,random_history_mask,0.0,0.2795448899269104,0.32787216933766955,63,66,student_concept_state_buffers
assist_17,37853,full,original,0.0,0.0710471048951149,0.07369724640014015,43,,student_concept_state_buffers
assist_17,37853,full,target_concept_mask,0.0,0.07609016448259354,0.07914079271061772,43,43,student_concept_state_buffers
assist_17,37853,full,random_history_mask,0.0,0.0710471048951149,0.07369724640014015,43,35,student_concept_state_buffers
assist_17,38119,full,original,0.0,0.1740572303533554,0.19122979400363138,3,,student_concept_state_buffers
assist_17,38119,full,target_concept_mask,0.0,0.18421389162540436,0.20360308046798586,3,3,student_concept_state_buffers
assist_17,38119,full,random_history_mask,0.0,0.17405395209789276,0.19122582490422488,3,0,student_concept_state_buffers
assist_17,38177,full,original,1.0,0.3900178372859955,0.9415628042735751,32,,student_concept_state_buffers
assist_17,38177,full,target_concept_mask,1.0,0.4983246624469757,0.6965034817487928,32,32,student_concept_state_buffers
assist_17,38177,full,random_history_mask,1.0,0.3902365267276764,0.941002244903468,32,12,student_concept_state_buffers
assist_17,38311,full,original,1.0,0.8532291054725647,0.15872717966092134,20,,student_concept_state_buffers
assist_17,38311,full,target_concept_mask,1.0,0.8528643250465393,0.15915480035866125,20,20,student_concept_state_buffers
assist_17,38311,full,random_history_mask,1.0,0.8533668518066406,0.15856575148714944,20,36,student_concept_state_buffers
assist_17,38453,full,original,1.0,0.8921847343444824,0.11408206656158588,34,,student_concept_state_buffers
assist_17,38453,full,target_concept_mask,1.0,0.9009465575218201,0.10430933775915198,34,34,student_concept_state_buffers
assist_17,38453,full,random_history_mask,1.0,0.8921847343444824,0.11408206656158588,34,74,student_concept_state_buffers
assist_17,38625,full,original,0.0,0.33302220702171326,0.4049985275063941,56,,student_concept_state_buffers
assist_17,38625,full,target_concept_mask,0.0,0.35014694929122925,0.43100901748410797,56,56,student_concept_state_buffers
assist_17,38625,full,random_history_mask,0.0,0.33302220702171326,0.4049985275063941,56,31,student_concept_state_buffers
assist_17,38982,full,original,1.0,0.3581584095954895,1.0267799055454108,20,,student_concept_state_buffers
assist_17,38982,full,target_concept_mask,1.0,0.5547807812690735,0.5891822319686606,20,20,student_concept_state_buffers
assist_17,38982,full,random_history_mask,1.0,0.3616417646408081,1.0171011575739193,20,46,student_concept_state_buffers
assist_17,39222,full,original,1.0,0.28974470496177673,1.2387550714356357,79,,student_concept_state_buffers
assist_17,39222,full,target_concept_mask,1.0,0.4588267207145691,0.7790826549813107,79,79,student_concept_state_buffers
assist_17,39222,full,random_history_mask,1.0,0.28974470496177673,1.2387550714356357,79,28,student_concept_state_buffers
assist_17,39451,full,original,0.0,0.09318981319665909,0.09782212661902875,5,,student_concept_state_buffers
assist_17,39451,full,target_concept_mask,0.0,0.15870210528373718,0.17280946684587473,5,5,student_concept_state_buffers
assist_17,39451,full,random_history_mask,0.0,0.09310498833656311,0.09772858896998907,5,34,student_concept_state_buffers
assist_17,39601,full,original,1.0,0.5908172130584717,0.5262485935792728,0,,student_concept_state_buffers
assist_17,39601,full,target_concept_mask,1.0,0.6257782578468323,0.46875919132496796,0,0,student_concept_state_buffers
assist_17,39601,full,random_history_mask,1.0,0.5908010601997375,0.5262759338110561,0,12,student_concept_state_buffers
assist_17,39839,full,original,0.0,0.3976012170314789,0.5068356228030738,57,,student_concept_state_buffers
assist_17,39839,full,target_concept_mask,0.0,0.5804125666618347,0.8684833520548921,57,57,student_concept_state_buffers
assist_17,39839,full,random_history_mask,0.0,0.4004634618759155,0.511598358708608,57,11,student_concept_state_buffers
assist_17,40066,full,original,1.0,0.35262560844421387,1.0423483841904582,35,,student_concept_state_buffers
assist_17,40066,full,target_concept_mask,1.0,0.3726622462272644,0.9870827756497442,35,35,student_concept_state_buffers
assist_17,40066,full,random_history_mask,1.0,0.35262560844421387,1.0423483841904582,35,47,student_concept_state_buffers
assist_17,40161,full,original,0.0,0.014090927317738533,0.014191147006865782,58,,student_concept_state_buffers
assist_17,40161,full,target_concept_mask,0.0,0.027800558134913445,0.02819430846569415,58,58,student_concept_state_buffers
assist_17,40161,full,random_history_mask,0.0,0.014090927317738533,0.014191147006865782,58,91,student_concept_state_buffers
assist_17,40248,full,original,1.0,0.7190609574317932,0.329809144003889,7,,student_concept_state_buffers
assist_17,40248,full,target_concept_mask,1.0,0.704162061214447,0.3507467487274814,7,7,student_concept_state_buffers
assist_17,40248,full,random_history_mask,1.0,0.7190532684326172,0.3298198371728151,7,44,student_concept_state_buffers
assist_17,40542,full,original,0.0,0.09111868590116501,0.09554076087737887,59,,student_concept_state_buffers
assist_17,40542,full,target_concept_mask,0.0,0.16444708406925201,0.17966159850489558,59,59,student_concept_state_buffers
assist_17,40542,full,random_history_mask,0.0,0.09111868590116501,0.09554076087737887,59,37,student_concept_state_buffers
assist_17,40956,full,original,0.0,0.284958153963089,0.3354142120749549,57,,student_concept_state_buffers
assist_17,40956,full,target_concept_mask,0.0,0.37956973910331726,0.47734207244007326,57,57,student_concept_state_buffers
assist_17,40956,full,random_history_mask,0.0,0.284958153963089,0.3354142120749549,57,70,student_concept_state_buffers
assist_17,41014,full,original,1.0,0.8533115386962891,0.15863057109309125,50,,student_concept_state_buffers
assist_17,41014,full,target_concept_mask,1.0,0.8555564880371094,0.1560031585636707,50,50,student_concept_state_buffers
assist_17,41014,full,random_history_mask,1.0,0.8532732725143433,0.1586754164259465,50,12,student_concept_state_buffers
assist_17,41099,full,original,0.0,0.14697712659835815,0.15896891660772708,64,,student_concept_state_buffers
assist_17,41099,full,target_concept_mask,0.0,0.18903879821300507,0.20953506597780586,64,64,student_concept_state_buffers
assist_17,41099,full,random_history_mask,0.0,0.14697708189487457,0.15896886420176728,64,2,student_concept_state_buffers
assist_17,41114,full,original,0.0,0.2623371183872223,0.30426835872924646,20,,student_concept_state_buffers
assist_17,41114,full,target_concept_mask,0.0,0.3830236792564392,0.48292463386253964,20,20,student_concept_state_buffers
assist_17,41114,full,random_history_mask,0.0,0.2623371183872223,0.30426835872924646,20,72,student_concept_state_buffers
assist_17,41240,full,original,1.0,0.5145584940910339,0.6644460390313447,57,,student_concept_state_buffers
assist_17,41240,full,target_concept_mask,1.0,0.5061959624290466,0.680831407139497,57,57,student_concept_state_buffers
assist_17,41240,full,random_history_mask,1.0,0.5145584940910339,0.6644460390313447,57,27,student_concept_state_buffers
assist_17,41288,full,original,0.0,0.4414273500442505,0.5823705884388831,44,,student_concept_state_buffers
assist_17,41288,full,target_concept_mask,0.0,0.4805543124675751,0.6549930214878819,44,44,student_concept_state_buffers
assist_17,41288,full,random_history_mask,0.0,0.4341866672039032,0.5694910558887796,44,7,student_concept_state_buffers
assist_17,41330,full,original,0.0,0.039389487355947495,0.040186245980302675,24,,student_concept_state_buffers
assist_17,41330,full,target_concept_mask,0.0,0.07434091717004776,0.0772492732146548,24,24,student_concept_state_buffers
assist_17,41330,full,random_history_mask,0.0,0.04203979671001434,0.042949043325100904,24,14,student_concept_state_buffers
assist_17,41339,full,original,0.0,0.08629369735717773,0.09024609106677661,30,,student_concept_state_buffers
assist_17,41339,full,target_concept_mask,0.0,0.09235403686761856,0.09690088485942,30,30,student_concept_state_buffers
assist_17,41339,full,random_history_mask,0.0,0.08642216771841049,0.09038670451488685,30,26,student_concept_state_buffers
assist_17,41763,full,original,1.0,0.2794117033481598,1.27506894560575,36,,student_concept_state_buffers
assist_17,41763,full,target_concept_mask,1.0,0.43998417258262634,0.8210165241199386,36,36,student_concept_state_buffers
assist_17,41763,full,random_history_mask,1.0,0.27951493859291077,1.274699540255644,36,11,student_concept_state_buffers
assist_17,42020,full,original,0.0,0.2564258873462677,0.2962868372780611,45,,student_concept_state_buffers
assist_17,42020,full,target_concept_mask,0.0,0.30858686566352844,0.36901775494888184,45,45,student_concept_state_buffers
assist_17,42020,full,random_history_mask,0.0,0.25570735335350037,0.2953209792210343,45,33,student_concept_state_buffers
assist_17,42155,full,original,1.0,0.4572051465511322,0.7826230904513198,58,,student_concept_state_buffers
assist_17,42155,full,target_concept_mask,1.0,0.6275866627693176,0.46587350951331724,58,58,student_concept_state_buffers
assist_17,42155,full,random_history_mask,1.0,0.4572051465511322,0.7826230904513198,58,61,student_concept_state_buffers
assist_17,42241,full,original,1.0,0.7187923192977905,0.3301828095808656,71,,student_concept_state_buffers
assist_17,42241,full,target_concept_mask,1.0,0.7860920429229736,0.24068139045350917,71,71,student_concept_state_buffers
assist_17,42241,full,random_history_mask,1.0,0.720133900642395,0.32831811114845444,71,67,student_concept_state_buffers
assist_17,42456,full,original,1.0,0.96258944272995,0.03812828962605518,53,,student_concept_state_buffers
assist_17,42456,full,target_concept_mask,1.0,0.9630760550498962,0.037622893096008726,53,53,student_concept_state_buffers
assist_17,42456,full,random_history_mask,1.0,0.9615883231163025,0.03916885845680472,53,4,student_concept_state_buffers
assist_17,42604,full,original,0.0,0.0845315232872963,0.08831934832472871,20,,student_concept_state_buffers
assist_17,42604,full,target_concept_mask,0.0,0.11316139250993729,0.12009226645233477,20,20,student_concept_state_buffers
assist_17,42604,full,random_history_mask,0.0,0.08445869386196136,0.08823979722013554,20,51,student_concept_state_buffers
assist_17,42647,full,original,0.0,0.5573656558990479,0.8150112581240347,43,,student_concept_state_buffers
assist_17,42647,full,target_concept_mask,0.0,0.5871800184249878,0.88474366100804,43,43,student_concept_state_buffers
assist_17,42647,full,random_history_mask,0.0,0.5574417114257812,0.815183097617752,43,11,student_concept_state_buffers
assist_17,42814,full,original,0.0,0.28102603554725647,0.3299301326917601,57,,student_concept_state_buffers
assist_17,42814,full,target_concept_mask,0.0,0.3313424587249756,0.40248324636751437,57,57,student_concept_state_buffers
assist_17,42814,full,random_history_mask,0.0,0.28102603554725647,0.3299301326917601,57,74,student_concept_state_buffers
assist_17,42967,full,original,0.0,0.38384905457496643,0.4842633041919216,32,,student_concept_state_buffers
assist_17,42967,full,target_concept_mask,0.0,0.40653085708618164,0.52177005800464,32,32,student_concept_state_buffers
assist_17,42967,full,random_history_mask,0.0,0.38384905457496643,0.4842633041919216,32,71,student_concept_state_buffers
assist_17,43145,full,original,0.0,0.2917667329311371,0.34498176629170757,5,,student_concept_state_buffers
assist_17,43145,full,target_concept_mask,0.0,0.36227917671203613,0.44985467245722255,5,5,student_concept_state_buffers
assist_17,43145,full,random_history_mask,0.0,0.2917667329311371,0.34498176629170757,5,3,student_concept_state_buffers
assist_17,43311,full,original,0.0,0.3032566010951996,0.3613380867879583,50,,student_concept_state_buffers
assist_17,43311,full,target_concept_mask,0.0,0.38707295060157776,0.4895093560030174,50,50,student_concept_state_buffers
assist_17,43311,full,random_history_mask,0.0,0.3032519519329071,0.3613314141064681,50,26,student_concept_state_buffers
assist_17,43513,full,original,1.0,0.47283226251602173,0.7490145780862701,85,,student_concept_state_buffers
assist_17,43513,full,target_concept_mask,1.0,0.45575499534606934,0.7857999047679762,85,85,student_concept_state_buffers
assist_17,43513,full,random_history_mask,1.0,0.4728143513202667,0.7490524594586456,85,13,student_concept_state_buffers
assist_17,43802,full,original,0.0,0.07253636419773102,0.07530169195133868,44,,student_concept_state_buffers
assist_17,43802,full,target_concept_mask,0.0,0.09807518869638443,0.10322412015048803,44,44,student_concept_state_buffers
assist_17,43802,full,random_history_mask,0.0,0.0724915936589241,0.07525342110110649,44,37,student_concept_state_buffers
assist_17,43835,full,original,1.0,0.9163262844085693,0.08738277204797977,32,,student_concept_state_buffers
assist_17,43835,full,target_concept_mask,1.0,0.910081684589386,0.09422092021468438,32,32,student_concept_state_buffers
assist_17,43835,full,random_history_mask,1.0,0.9164688587188721,0.08722719076425044,32,5,student_concept_state_buffers
assist_17,44108,full,original,0.0,0.4758607745170593,0.645997932465893,4,,student_concept_state_buffers
assist_17,44108,full,target_concept_mask,0.0,0.4731380045413971,0.6408166329342333,4,4,student_concept_state_buffers
assist_17,44108,full,random_history_mask,0.0,0.4758607745170593,0.645997932465893,4,71,student_concept_state_buffers
assist_17,44292,full,original,1.0,0.3703541159629822,0.9932956608732897,20,,student_concept_state_buffers
assist_17,44292,full,target_concept_mask,1.0,0.3815751075744629,0.9634475732587926,20,20,student_concept_state_buffers
assist_17,44292,full,random_history_mask,1.0,0.37022754549980164,0.9936374745340895,20,26,student_concept_state_buffers
assist_17,44539,full,original,0.0,0.031623147428035736,0.032133956959005824,13,,student_concept_state_buffers
assist_17,44539,full,target_concept_mask,0.0,0.09822960942983627,0.10339534723327752,13,13,student_concept_state_buffers
assist_17,44539,full,random_history_mask,0.0,0.02883615344762802,0.02926008491306529,13,20,student_concept_state_buffers
assist_17,44674,full,original,1.0,0.24233107268810272,1.4174504188200634,43,,student_concept_state_buffers
assist_17,44674,full,target_concept_mask,1.0,0.43972861766815186,0.8215975203825718,43,43,student_concept_state_buffers
assist_17,44674,full,random_history_mask,1.0,0.24233107268810272,1.4174504188200634,43,77,student_concept_state_buffers
assist_17,44696,full,original,0.0,0.5292365550994873,0.7533995512568367,14,,student_concept_state_buffers
assist_17,44696,full,target_concept_mask,0.0,0.6438955664634705,1.0325312385188756,14,14,student_concept_state_buffers
assist_17,44696,full,random_history_mask,0.0,0.5292365550994873,0.7533995512568367,14,61,student_concept_state_buffers
assist_17,44960,full,original,0.0,0.6697835922241211,1.1080070583130754,24,,student_concept_state_buffers
assist_17,44960,full,target_concept_mask,0.0,0.6970053315162659,1.1940400693908289,24,24,student_concept_state_buffers
assist_17,44960,full,random_history_mask,0.0,0.6697192192077637,1.1078121354044685,24,90,student_concept_state_buffers
assist_17,45018,full,original,1.0,0.8891732692718506,0.11746315889157934,38,,student_concept_state_buffers
assist_17,45018,full,target_concept_mask,1.0,0.9009664058685303,0.10428730745345546,38,38,student_concept_state_buffers
assist_17,45018,full,random_history_mask,1.0,0.8891732692718506,0.11746315889157934,38,88,student_concept_state_buffers
assist_17,45058,full,original,1.0,0.7723599672317505,0.2583045588339348,69,,student_concept_state_buffers
assist_17,45058,full,target_concept_mask,1.0,0.7849888205528259,0.2420858026351171,69,69,student_concept_state_buffers
assist_17,45058,full,random_history_mask,1.0,0.7723599672317505,0.2583045588339348,69,3,student_concept_state_buffers
assist_17,45530,full,original,0.0,0.2666122019290924,0.31008066096503445,5,,student_concept_state_buffers
assist_17,45530,full,target_concept_mask,0.0,0.40348002314567566,0.5166425478887292,5,5,student_concept_state_buffers
assist_17,45530,full,random_history_mask,0.0,0.2669595181941986,0.31055435105457596,5,68,student_concept_state_buffers
assist_17,45549,full,original,1.0,0.4176933765411377,0.8730076645806997,10,,student_concept_state_buffers
assist_17,45549,full,target_concept_mask,1.0,0.5189933776855469,0.6558641556557533,10,10,student_concept_state_buffers
assist_17,45549,full,random_history_mask,1.0,0.4099798798561096,0.8916471940096121,10,57,student_concept_state_buffers
assist_17,45745,full,original,1.0,0.5093751549720764,0.674570490747397,59,,student_concept_state_buffers
assist_17,45745,full,target_concept_mask,1.0,0.5323620438575745,0.6304314875315872,59,59,student_concept_state_buffers
assist_17,45745,full,random_history_mask,1.0,0.5102618932723999,0.6728311688477074,59,62,student_concept_state_buffers
assist_17,46152,full,original,0.0,0.13817408680915833,0.14870198556964784,0,,student_concept_state_buffers
assist_17,46152,full,target_concept_mask,0.0,0.17575670778751373,0.19328953511316957,0,0,student_concept_state_buffers
assist_17,46152,full,random_history_mask,0.0,0.13817408680915833,0.14870198556964784,0,27,student_concept_state_buffers
assist_17,46231,full,original,1.0,0.6274781227111816,0.46604647278925687,14,,student_concept_state_buffers
assist_17,46231,full,target_concept_mask,1.0,0.6388862133026123,0.4480289104099015,14,14,student_concept_state_buffers
assist_17,46231,full,random_history_mask,1.0,0.6271899938583374,0.4665057637429428,14,56,student_concept_state_buffers
assist_17,46626,full,original,1.0,0.7769631147384644,0.25236240112035896,51,,student_concept_state_buffers
assist_17,46626,full,target_concept_mask,1.0,0.7811442613601685,0.24699543255053333,51,51,student_concept_state_buffers
assist_17,46626,full,random_history_mask,1.0,0.7765925526618958,0.2528394514010435,51,2,student_concept_state_buffers
assist_17,46666,full,original,0.0,0.10612460970878601,0.11218889798526907,5,,student_concept_state_buffers
assist_17,46666,full,target_concept_mask,0.0,0.14464542269706726,0.15623918571809658,5,5,student_concept_state_buffers
assist_17,46666,full,random_history_mask,0.0,0.10612460970878601,0.11218889798526907,5,55,student_concept_state_buffers
assist_17,46697,full,original,0.0,0.2126389592885971,0.2390683800920712,62,,student_concept_state_buffers
assist_17,46697,full,target_concept_mask,0.0,0.3425208330154419,0.4193422006267922,62,62,student_concept_state_buffers
assist_17,46697,full,random_history_mask,0.0,0.2131797969341278,0.2397555152856184,62,0,student_concept_state_buffers
assist_17,46784,full,original,1.0,0.3795241415500641,0.9688370700720778,37,,student_concept_state_buffers
assist_17,46784,full,target_concept_mask,1.0,0.5953691005706787,0.5185737286724491,37,37,student_concept_state_buffers
assist_17,46784,full,random_history_mask,1.0,0.37939655780792236,0.9691732942479411,37,10,student_concept_state_buffers
assist_17,46838,full,original,0.0,0.15860126912593842,0.17268961617714934,44,,student_concept_state_buffers
assist_17,46838,full,target_concept_mask,0.0,0.22289876639842987,0.2521846493256962,44,44,student_concept_state_buffers
assist_17,46838,full,random_history_mask,0.0,0.15860126912593842,0.17268961617714934,44,48,student_concept_state_buffers
assist_17,47537,full,original,1.0,0.472577840089798,0.7495528046858473,31,,student_concept_state_buffers
assist_17,47537,full,target_concept_mask,1.0,0.449265718460083,0.8001407657055384,31,31,student_concept_state_buffers
assist_17,47537,full,random_history_mask,1.0,0.472577840089798,0.7495528046858473,31,77,student_concept_state_buffers
assist_17,47664,full,original,0.0,0.28743240237236023,0.33888049747621773,33,,student_concept_state_buffers
assist_17,47664,full,target_concept_mask,0.0,0.43190938234329224,0.5654743348578328,33,33,student_concept_state_buffers
assist_17,47664,full,random_history_mask,0.0,0.28743240237236023,0.33888049747621773,33,58,student_concept_state_buffers
assist_17,48022,full,original,1.0,0.881301760673523,0.1263551910644671,10,,student_concept_state_buffers
assist_17,48022,full,target_concept_mask,1.0,0.8938822746276855,0.11218119634135314,10,10,student_concept_state_buffers
assist_17,48022,full,random_history_mask,1.0,0.881301760673523,0.1263551910644671,10,49,student_concept_state_buffers
assist_17,48076,full,original,1.0,0.7605675458908081,0.27369035348745874,36,,student_concept_state_buffers
assist_17,48076,full,target_concept_mask,1.0,0.8083198666572571,0.21279742422289444,36,36,student_concept_state_buffers
assist_17,48076,full,random_history_mask,1.0,0.7605675458908081,0.27369035348745874,36,47,student_concept_state_buffers
assist_17,48156,full,original,0.0,0.2539528012275696,0.29296641164783904,33,,student_concept_state_buffers
assist_17,48156,full,target_concept_mask,0.0,0.3958413302898407,0.5039184173508233,33,33,student_concept_state_buffers
assist_17,48156,full,random_history_mask,0.0,0.2539528012275696,0.29296641164783904,33,50,student_concept_state_buffers
assist_17,48247,full,original,1.0,0.8499279618263245,0.1626036838818857,20,,student_concept_state_buffers
assist_17,48247,full,target_concept_mask,1.0,0.8823249936103821,0.12519481736386848,20,20,student_concept_state_buffers
assist_17,48247,full,random_history_mask,1.0,0.8499279618263245,0.1626036838818857,20,37,student_concept_state_buffers
assist_17,48291,full,original,1.0,0.2940833568572998,1.2238920251040522,36,,student_concept_state_buffers
assist_17,48291,full,target_concept_mask,1.0,0.3935255706310272,0.9326092306920466,36,36,student_concept_state_buffers
assist_17,48291,full,random_history_mask,1.0,0.2940833568572998,1.2238920251040522,36,91,student_concept_state_buffers
assist_17,48528,full,original,1.0,0.6747826337814331,0.3933646639979848,46,,student_concept_state_buffers
assist_17,48528,full,target_concept_mask,1.0,0.708450436592102,0.3446751777082729,46,46,student_concept_state_buffers
assist_17,48528,full,random_history_mask,1.0,0.6747826337814331,0.3933646639979848,46,60,student_concept_state_buffers
assist_17,48553,full,original,1.0,0.6857773065567017,0.37720232996932024,46,,student_concept_state_buffers
assist_17,48553,full,target_concept_mask,1.0,0.7189733982086182,0.32993092026457405,46,46,student_concept_state_buffers
assist_17,48553,full,random_history_mask,1.0,0.6801781058311462,0.38540059476720767,46,45,student_concept_state_buffers
assist_17,48619,full,original,0.0,0.2526383697986603,0.29120610095082666,24,,student_concept_state_buffers
assist_17,48619,full,target_concept_mask,0.0,0.3296947777271271,0.40002211469993504,24,24,student_concept_state_buffers
assist_17,48619,full,random_history_mask,0.0,0.2526383697986603,0.29120610095082666,24,67,student_concept_state_buffers
assist_17,49015,full,original,1.0,0.5838742852210999,0.5380695843591159,25,,student_concept_state_buffers
assist_17,49015,full,target_concept_mask,1.0,0.5836172699928284,0.5385098705972058,25,25,student_concept_state_buffers
assist_17,49015,full,random_history_mask,1.0,0.5838723182678223,0.5380729531606551,25,32,student_concept_state_buffers
assist_17,49126,full,original,1.0,0.5182353854179382,0.6573257279327802,10,,student_concept_state_buffers
assist_17,49126,full,target_concept_mask,1.0,0.6221908926963806,0.4745083318864452,10,10,student_concept_state_buffers
assist_17,49126,full,random_history_mask,1.0,0.5182353854179382,0.6573257279327802,10,66,student_concept_state_buffers
assist_17,49196,full,original,1.0,0.5964993238449097,0.5166771709822611,4,,student_concept_state_buffers
assist_17,49196,full,target_concept_mask,1.0,0.663951575756073,0.4095460602432881,4,4,student_concept_state_buffers
assist_17,49196,full,random_history_mask,1.0,0.5964993238449097,0.5166771709822611,4,67,student_concept_state_buffers
assist_17,49325,full,original,1.0,0.6690013408660889,0.40196921457177837,14,,student_concept_state_buffers
assist_17,49325,full,target_concept_mask,1.0,0.7323842644691467,0.3114499512990585,14,14,student_concept_state_buffers
assist_17,49325,full,random_history_mask,1.0,0.668957531452179,0.402034701508383,14,59,student_concept_state_buffers
assist_17,49522,full,original,0.0,0.7403537631034851,1.3484352017815633,32,,student_concept_state_buffers
assist_17,49522,full,target_concept_mask,0.0,0.77542644739151,1.4935519969127278,32,32,student_concept_state_buffers
assist_17,49522,full,random_history_mask,0.0,0.7403537631034851,1.3484352017815633,32,27,student_concept_state_buffers
assist_17,49703,full,original,1.0,0.5974900126457214,0.5150177105534588,63,,student_concept_state_buffers
assist_17,49703,full,target_concept_mask,1.0,0.6188265085220337,0.4799303226066649,63,63,student_concept_state_buffers
assist_17,49703,full,random_history_mask,1.0,0.5974900126457214,0.5150177105534588,63,31,student_concept_state_buffers
assist_17,49837,full,original,0.0,0.373709499835968,0.4679409577535264,20,,student_concept_state_buffers
assist_17,49837,full,target_concept_mask,0.0,0.5679582953453064,0.8392331568450414,20,20,student_concept_state_buffers
assist_17,49837,full,random_history_mask,0.0,0.37378209829330444,0.46805688265640016,20,51,student_concept_state_buffers
assist_17,50003,full,original,0.0,0.6874002814292908,1.1628317612808052,59,,student_concept_state_buffers
assist_17,50003,full,target_concept_mask,0.0,0.6902204155921936,1.171894252435487,59,59,student_concept_state_buffers
assist_17,50003,full,random_history_mask,0.0,0.6874002814292908,1.1628317612808052,59,64,student_concept_state_buffers
assist_17,50115,full,original,1.0,0.5369865894317627,0.6217821579103152,14,,student_concept_state_buffers
assist_17,50115,full,target_concept_mask,1.0,0.5605854988098145,0.5787735078535574,14,14,student_concept_state_buffers
assist_17,50115,full,random_history_mask,1.0,0.5365318655967712,0.6226293233410674,14,62,student_concept_state_buffers
assist_17,50310,full,original,0.0,0.18717060983181,0.2072340436480268,69,,student_concept_state_buffers
assist_17,50310,full,target_concept_mask,0.0,0.22917309403419495,0.2602914365049527,69,69,student_concept_state_buffers
assist_17,50310,full,random_history_mask,0.0,0.18717060983181,0.2072340436480268,69,50,student_concept_state_buffers
assist_17,50604,full,original,1.0,0.5494521260261536,0.5988336317252211,79,,student_concept_state_buffers
assist_17,50604,full,target_concept_mask,1.0,0.5538614392280579,0.5908407332141461,79,79,student_concept_state_buffers
assist_17,50604,full,random_history_mask,1.0,0.5494517683982849,0.5988342826062862,79,4,student_concept_state_buffers
assist_17,50700,full,original,0.0,0.14792974293231964,0.16008629420552864,57,,student_concept_state_buffers
assist_17,50700,full,target_concept_mask,0.0,0.2385430783033371,0.2725216785731975,57,57,student_concept_state_buffers
assist_17,50700,full,random_history_mask,0.0,0.14834719896316528,0.160576345727945,57,51,student_concept_state_buffers
assist_17,51469,full,original,1.0,0.818448543548584,0.20034475091735462,14,,student_concept_state_buffers
assist_17,51469,full,target_concept_mask,1.0,0.8229792714118958,0.19482426524206622,14,14,student_concept_state_buffers
assist_17,51469,full,random_history_mask,1.0,0.8197202682495117,0.19879213320513917,14,56,student_concept_state_buffers
assist_17,51610,full,original,0.0,0.14778877794742584,0.15992086967097577,8,,student_concept_state_buffers
assist_17,51610,full,target_concept_mask,0.0,0.13587090373039246,0.14603310436097394,8,8,student_concept_state_buffers
assist_17,51610,full,random_history_mask,0.0,0.1478203684091568,0.15995793917491855,8,7,student_concept_state_buffers
assist_17,51707,full,original,0.0,0.2870790660381317,0.33838475677591084,57,,student_concept_state_buffers
assist_17,51707,full,target_concept_mask,0.0,0.3809904456138611,0.47963457122096137,57,57,student_concept_state_buffers
assist_17,51707,full,random_history_mask,0.0,0.2822039723396301,0.33156983433190923,57,14,student_concept_state_buffers
assist_17,51745,full,original,1.0,0.8781036138534546,0.1299906810871835,44,,student_concept_state_buffers
assist_17,51745,full,target_concept_mask,1.0,0.890849232673645,0.11558007719434309,44,44,student_concept_state_buffers
assist_17,51745,full,random_history_mask,1.0,0.8781036138534546,0.1299906810871835,44,64,student_concept_state_buffers
assist_17,51796,full,original,1.0,0.27453383803367615,1.29268075410463,34,,student_concept_state_buffers
assist_17,51796,full,target_concept_mask,1.0,0.33690160512924194,1.0879643641724253,34,34,student_concept_state_buffers
assist_17,51796,full,random_history_mask,1.0,0.27453383803367615,1.29268075410463,34,79,student_concept_state_buffers
assist_17,51891,full,original,0.0,0.6526609659194946,1.057453932571897,13,,student_concept_state_buffers
assist_17,51891,full,target_concept_mask,0.0,0.6299077868461609,0.9940030796550877,13,13,student_concept_state_buffers
assist_17,51891,full,random_history_mask,0.0,0.6526150107383728,1.057321634912266,13,59,student_concept_state_buffers
assist_17,51961,full,original,1.0,0.4160352945327759,0.8769851796929408,20,,student_concept_state_buffers
assist_17,51961,full,target_concept_mask,1.0,0.5466740131378174,0.6039026082555616,20,20,student_concept_state_buffers
assist_17,51961,full,random_history_mask,1.0,0.4160352945327759,0.8769851796929408,20,27,student_concept_state_buffers
assist_17,51999,full,original,0.0,0.5179949998855591,0.7298007913039303,65,,student_concept_state_buffers
assist_17,51999,full,target_concept_mask,0.0,0.5286630988121033,0.7521821515167987,65,65,student_concept_state_buffers
assist_17,51999,full,random_history_mask,0.0,0.5180578231811523,0.7299311372340508,65,66,student_concept_state_buffers
assist_17,52244,full,original,0.0,0.3758401572704315,0.4713487851951623,20,,student_concept_state_buffers
assist_17,52244,full,target_concept_mask,0.0,0.4994792342185974,0.6921061910148186,20,20,student_concept_state_buffers
assist_17,52244,full,random_history_mask,0.0,0.37476134300231934,0.46962185093606057,20,0,student_concept_state_buffers
assist_17,52423,full,original,0.0,0.4005409777164459,0.5117276600057905,14,,student_concept_state_buffers
assist_17,52423,full,target_concept_mask,0.0,0.43970122933387756,0.5792851184769809,14,14,student_concept_state_buffers
assist_17,52423,full,random_history_mask,0.0,0.4005409777164459,0.5117276600057905,14,85,student_concept_state_buffers
assist_17,52484,full,original,1.0,0.7828235030174255,0.2448480196168308,20,,student_concept_state_buffers
assist_17,52484,full,target_concept_mask,1.0,0.8069459199905396,0.2144986266001568,20,20,student_concept_state_buffers
assist_17,52484,full,random_history_mask,1.0,0.7827380895614624,0.24495713503771588,20,33,student_concept_state_buffers
assist_17,52621,full,original,0.0,0.13549642264842987,0.14559983580885721,57,,student_concept_state_buffers
assist_17,52621,full,target_concept_mask,0.0,0.3720644414424896,0.4653177315410168,57,57,student_concept_state_buffers
assist_17,52621,full,random_history_mask,0.0,0.1357327699661255,0.1458732639789286,57,45,student_concept_state_buffers
assist_17,52870,full,original,0.0,0.00861124787479639,0.008648538905652389,20,,student_concept_state_buffers
assist_17,52870,full,target_concept_mask,0.0,0.02335677295923233,0.0236338655440906,20,20,student_concept_state_buffers
assist_17,52870,full,random_history_mask,0.0,0.00861124787479639,0.008648538905652389,20,64,student_concept_state_buffers
assist_17,52892,full,original,0.0,0.3437376618385315,0.4211946642450883,60,,student_concept_state_buffers
assist_17,52892,full,target_concept_mask,0.0,0.5298347473144531,0.7546710446167303,60,60,student_concept_state_buffers
assist_17,52892,full,random_history_mask,0.0,0.34378930926322937,0.42127336670005283,60,34,student_concept_state_buffers
assist_17,52991,full,original,0.0,0.029238108545541763,0.02967406068545168,12,,student_concept_state_buffers
assist_17,52991,full,target_concept_mask,0.0,0.046814773231744766,0.04794603244222046,12,12,student_concept_state_buffers
assist_17,52991,full,random_history_mask,0.0,0.029250290244817734,0.029686609360688582,12,13,student_concept_state_buffers
assist_17,53072,full,original,0.0,0.14997202157974243,0.16248601425094927,57,,student_concept_state_buffers
assist_17,53072,full,target_concept_mask,0.0,0.23958848416805267,0.27389552404283957,57,57,student_concept_state_buffers
assist_17,53072,full,random_history_mask,0.0,0.14997202157974243,0.16248601425094927,57,0,student_concept_state_buffers
assist_17,53157,full,original,0.0,0.31958383321762085,0.38505065803962624,51,,student_concept_state_buffers
assist_17,53157,full,target_concept_mask,0.0,0.4129489064216614,0.5326434210708595,51,51,student_concept_state_buffers
assist_17,53157,full,random_history_mask,0.0,0.31958383321762085,0.38505065803962624,51,24,student_concept_state_buffers
assist_17,53165,full,original,0.0,0.528397262096405,0.751618304772595,48,,student_concept_state_buffers
assist_17,53165,full,target_concept_mask,0.0,0.6330757141113281,1.0025997576919279,48,48,student_concept_state_buffers
assist_17,53165,full,random_history_mask,0.0,0.5281955599784851,0.7511907012399678,48,6,student_concept_state_buffers
assist_17,53803,full,original,0.0,0.18476463854312897,0.20427842036858662,57,,student_concept_state_buffers
assist_17,53803,full,target_concept_mask,0.0,0.3485945165157318,0.42862296817686557,57,57,student_concept_state_buffers
assist_17,53803,full,random_history_mask,0.0,0.18476463854312897,0.20427842036858662,57,25,student_concept_state_buffers
assist_17,53946,full,original,1.0,0.2933207154273987,1.2264886766916052,62,,student_concept_state_buffers
assist_17,53946,full,target_concept_mask,1.0,0.374302476644516,0.9826910473570266,62,62,student_concept_state_buffers
assist_17,53946,full,random_history_mask,1.0,0.2981088161468506,1.2102967042743382,62,14,student_concept_state_buffers
assist_17,54052,full,original,0.0,0.19506394863128662,0.21699244401256523,34,,student_concept_state_buffers
assist_17,54052,full,target_concept_mask,0.0,0.2619190514087677,0.3037017739587979,34,34,student_concept_state_buffers
assist_17,54052,full,random_history_mask,0.0,0.1933889240026474,0.2149136649270658,34,39,student_concept_state_buffers
assist_17,54072,full,original,0.0,0.4968923330307007,0.6869510821469995,59,,student_concept_state_buffers
assist_17,54072,full,target_concept_mask,0.0,0.5736926794052124,0.8525947829568504,59,59,student_concept_state_buffers
assist_17,54072,full,random_history_mask,0.0,0.4968923330307007,0.6869510821469995,59,39,student_concept_state_buffers
assist_17,54106,full,original,0.0,0.6583474278450012,1.0739609291579066,37,,student_concept_state_buffers
assist_17,54106,full,target_concept_mask,0.0,0.6960131525993347,1.1907708436412685,37,37,student_concept_state_buffers
assist_17,54106,full,random_history_mask,0.0,0.6583474278450012,1.0739609291579066,37,43,student_concept_state_buffers
assist_17,54157,full,original,1.0,0.3504416346549988,1.0485611066160414,62,,student_concept_state_buffers
assist_17,54157,full,target_concept_mask,1.0,0.385580450296402,0.953005416969798,62,62,student_concept_state_buffers
assist_17,54157,full,random_history_mask,1.0,0.3504416346549988,1.0485611066160414,62,47,student_concept_state_buffers
assist_17,54280,full,original,0.0,0.17798328399658203,0.19599454836214464,51,,student_concept_state_buffers
assist_17,54280,full,target_concept_mask,0.0,0.2890678644180298,0.3411783029862659,51,51,student_concept_state_buffers
assist_17,54280,full,random_history_mask,0.0,0.17798277735710144,0.19599393202513518,51,2,student_concept_state_buffers
assist_17,54330,full,original,1.0,0.33859893679618835,1.0829389492874757,20,,student_concept_state_buffers
assist_17,54330,full,target_concept_mask,1.0,0.3891047537326813,0.943906681814444,20,20,student_concept_state_buffers
assist_17,54330,full,random_history_mask,1.0,0.3377387523651123,1.08548260435404,20,35,student_concept_state_buffers
assist_17,54497,full,original,0.0,0.3773285448551178,0.4737362586155221,59,,student_concept_state_buffers
assist_17,54497,full,target_concept_mask,0.0,0.3980673849582672,0.5076097750851454,59,59,student_concept_state_buffers
assist_17,54497,full,random_history_mask,0.0,0.3772575259208679,0.4736222098921854,59,6,student_concept_state_buffers
assist_17,54554,full,original,1.0,0.32372868061065674,1.1278495195323428,13,,student_concept_state_buffers
assist_17,54554,full,target_concept_mask,1.0,0.3186059892177582,1.1438000831337325,13,13,student_concept_state_buffers
assist_17,54554,full,random_history_mask,1.0,0.3237241804599762,1.1278634206236846,13,0,student_concept_state_buffers
assist_17,54620,full,original,0.0,0.19371476769447327,0.21531771284332854,1,,student_concept_state_buffers
assist_17,54620,full,target_concept_mask,0.0,0.3590282201766968,0.4447698482672626,1,1,student_concept_state_buffers
assist_17,54620,full,random_history_mask,0.0,0.18724237382411957,0.2073223366666529,1,14,student_concept_state_buffers
assist_17,54627,full,original,0.0,0.5621899366378784,0.8259701079489613,50,,student_concept_state_buffers
assist_17,54627,full,target_concept_mask,0.0,0.610867977142334,0.9438366025639738,50,50,student_concept_state_buffers
assist_17,54627,full,random_history_mask,0.0,0.5621899366378784,0.8259701079489613,50,52,student_concept_state_buffers
assist_17,54800,full,original,0.0,0.6253618001937866,0.9817945192480843,70,,student_concept_state_buffers
assist_17,54800,full,target_concept_mask,0.0,0.6351240277290344,1.0081977851427806,70,70,student_concept_state_buffers
assist_17,54800,full,random_history_mask,0.0,0.6253618001937866,0.9817945192480843,70,10,student_concept_state_buffers
assist_17,54831,full,original,1.0,0.9103037118911743,0.09397698582219964,63,,student_concept_state_buffers
assist_17,54831,full,target_concept_mask,1.0,0.9076915979385376,0.09685060792234297,63,63,student_concept_state_buffers
assist_17,54831,full,random_history_mask,1.0,0.9103037118911743,0.09397698582219964,63,44,student_concept_state_buffers
assist_17,54968,full,original,1.0,0.45957013964653015,0.7774637054260091,57,,student_concept_state_buffers
assist_17,54968,full,target_concept_mask,1.0,0.5703604221343994,0.5614867984492706,57,57,student_concept_state_buffers
assist_17,54968,full,random_history_mask,1.0,0.45957013964653015,0.7774637054260091,57,76,student_concept_state_buffers
assist_17,55044,full,original,0.0,0.20346511900424957,0.22748435775255635,29,,student_concept_state_buffers
assist_17,55044,full,target_concept_mask,0.0,0.2263394445180893,0.2566220603963511,29,29,student_concept_state_buffers
assist_17,55044,full,random_history_mask,0.0,0.20346511900424957,0.22748435775255635,29,31,student_concept_state_buffers
assist_17,55622,full,original,0.0,0.37360385060310364,0.46777228151968625,2,,student_concept_state_buffers
assist_17,55622,full,target_concept_mask,0.0,0.50914067029953,0.7115976897909323,2,2,student_concept_state_buffers
assist_17,55622,full,random_history_mask,0.0,0.37360385060310364,0.46777228151968625,2,9,student_concept_state_buffers
assist_17,55670,full,original,1.0,0.9196091294288635,0.08380655853379443,36,,student_concept_state_buffers
assist_17,55670,full,target_concept_mask,1.0,0.9147365689277649,0.08911915796977228,36,36,student_concept_state_buffers
assist_17,55670,full,random_history_mask,1.0,0.9196091294288635,0.08380655853379443,36,40,student_concept_state_buffers
assist_17,55871,full,original,0.0,0.04147757962346077,0.04236232566250506,36,,student_concept_state_buffers
assist_17,55871,full,target_concept_mask,0.0,0.06839331984519958,0.07084457037206911,36,36,student_concept_state_buffers
assist_17,55871,full,random_history_mask,0.0,0.04147757962346077,0.04236232566250506,36,44,student_concept_state_buffers
assist_17,55906,full,original,0.0,0.5059117674827576,0.7050411694082853,41,,student_concept_state_buffers
assist_17,55906,full,target_concept_mask,0.0,0.46022117137908936,0.616595799951177,41,41,student_concept_state_buffers
assist_17,55906,full,random_history_mask,0.0,0.5262572169303894,0.7470907563276856,41,36,student_concept_state_buffers
assist_17,56322,full,original,0.0,0.07866527140140533,0.08193186836593712,59,,student_concept_state_buffers
assist_17,56322,full,target_concept_mask,0.0,0.26341086626052856,0.3057250269949007,59,59,student_concept_state_buffers
assist_17,56322,full,random_history_mask,0.0,0.07913293689489365,0.08243959287868141,59,6,student_concept_state_buffers
assist_17,56595,full,original,1.0,0.8848796486854553,0.12230363340763745,32,,student_concept_state_buffers
assist_17,56595,full,target_concept_mask,1.0,0.9070781469345093,0.0975266727830526,32,32,student_concept_state_buffers
assist_17,56595,full,random_history_mask,1.0,0.8848796486854553,0.12230363340763745,32,3,student_concept_state_buffers
assist_17,56843,full,original,0.0,0.21958492696285248,0.2479293559179768,33,,student_concept_state_buffers
assist_17,56843,full,target_concept_mask,0.0,0.28614866733551025,0.3370805558795747,33,33,student_concept_state_buffers
assist_17,56843,full,random_history_mask,0.0,0.21969041228294373,0.24806453071581833,33,45,student_concept_state_buffers
assist_17,57152,full,original,0.0,0.3895915746688843,0.49362699614005334,2,,student_concept_state_buffers
assist_17,57152,full,target_concept_mask,0.0,0.49388110637664795,0.6809836696601598,2,2,student_concept_state_buffers
assist_17,57152,full,random_history_mask,0.0,0.3895915746688843,0.49362699614005334,2,92,student_concept_state_buffers
assist_17,57176,full,original,0.0,0.2989645004272461,0.35519675189917116,50,,student_concept_state_buffers
assist_17,57176,full,target_concept_mask,0.0,0.41932183504104614,0.5435586085527617,50,50,student_concept_state_buffers
assist_17,57176,full,random_history_mask,0.0,0.3010925352573395,0.3582369278540452,50,53,student_concept_state_buffers
assist_17,57249,full,original,1.0,0.6598889231681824,0.4156837563554288,65,,student_concept_state_buffers
assist_17,57249,full,target_concept_mask,1.0,0.6401260495185852,0.4460901696482025,65,65,student_concept_state_buffers
assist_17,57249,full,random_history_mask,1.0,0.6623119115829468,0.412018668475603,65,11,student_concept_state_buffers
assist_17,57561,full,original,0.0,0.3442766070365906,0.4220162360283603,20,,student_concept_state_buffers
assist_17,57561,full,target_concept_mask,0.0,0.511687695980072,0.7168001105667562,20,20,student_concept_state_buffers
assist_17,57561,full,random_history_mask,0.0,0.3442766070365906,0.4220162360283603,20,30,student_concept_state_buffers
assist_17,57578,full,original,1.0,0.8068215250968933,0.21465279366341156,10,,student_concept_state_buffers
assist_17,57578,full,target_concept_mask,1.0,0.8222137093544006,0.19575493066758415,10,10,student_concept_state_buffers
assist_17,57578,full,random_history_mask,1.0,0.8068215250968933,0.21465279366341156,10,39,student_concept_state_buffers
assist_17,57631,full,original,0.0,0.5490941405296326,0.7964966985843829,79,,student_concept_state_buffers
assist_17,57631,full,target_concept_mask,0.0,0.512606143951416,0.7186827434335021,79,79,student_concept_state_buffers
assist_17,57631,full,random_history_mask,0.0,0.5490941405296326,0.7964966985843829,79,42,student_concept_state_buffers
assist_17,57880,full,original,0.0,0.11667019873857498,0.12405664724994483,67,,student_concept_state_buffers
assist_17,57880,full,target_concept_mask,0.0,0.17256589233875275,0.18942580310534363,67,67,student_concept_state_buffers
assist_17,57880,full,random_history_mask,0.0,0.11667019873857498,0.12405664724994483,67,8,student_concept_state_buffers
assist_17,58080,full,original,1.0,0.607382595539093,0.49859638081610236,20,,student_concept_state_buffers
assist_17,58080,full,target_concept_mask,1.0,0.7285807728767395,0.31665678389018603,20,20,student_concept_state_buffers
assist_17,58080,full,random_history_mask,1.0,0.6073157787322998,0.4987063946405642,20,12,student_concept_state_buffers
assist_17,58370,full,original,1.0,0.3175112009048462,1.1472421828311998,58,,student_concept_state_buffers
assist_17,58370,full,target_concept_mask,1.0,0.35997018218040466,1.0217340782390034,58,58,student_concept_state_buffers
assist_17,58370,full,random_history_mask,1.0,0.31749069690704346,1.1473067621588537,58,33,student_concept_state_buffers
assist_17,58492,full,original,1.0,0.26897376775741577,1.313141421765876,53,,student_concept_state_buffers
assist_17,58492,full,target_concept_mask,1.0,0.3054545819759369,1.1859541792591857,53,53,student_concept_state_buffers
assist_17,58492,full,random_history_mask,1.0,0.26897376775741577,1.313141421765876,53,31,student_concept_state_buffers
assist_17,58494,full,original,0.0,0.16059765219688416,0.17506513108499056,32,,student_concept_state_buffers
assist_17,58494,full,target_concept_mask,0.0,0.31187060475349426,0.37377838424638216,32,32,student_concept_state_buffers
assist_17,58494,full,random_history_mask,0.0,0.16059765219688416,0.17506513108499056,32,52,student_concept_state_buffers
assist_17,58571,full,original,1.0,0.37848860025405884,0.9715693247773275,1,,student_concept_state_buffers
assist_17,58571,full,target_concept_mask,1.0,0.6481068730354309,0.4336996687050981,1,1,student_concept_state_buffers
assist_17,58571,full,random_history_mask,1.0,0.37848860025405884,0.9715693247773275,1,8,student_concept_state_buffers
assist_17,58707,full,original,1.0,0.26691603660583496,1.3208211396789011,57,,student_concept_state_buffers
assist_17,58707,full,target_concept_mask,1.0,0.5082764625549316,0.6767297618085446,57,57,student_concept_state_buffers
assist_17,58707,full,random_history_mask,1.0,0.26691603660583496,1.3208211396789011,57,47,student_concept_state_buffers
assist_17,58934,full,original,0.0,0.7173253893852234,1.2634588286632307,10,,student_concept_state_buffers
assist_17,58934,full,target_concept_mask,0.0,0.8089802265167236,1.6553783302035108,10,10,student_concept_state_buffers
assist_17,58934,full,random_history_mask,0.0,0.7173253893852234,1.2634588286632307,10,0,student_concept_state_buffers
assist_17,59225,full,original,0.0,0.28166303038597107,0.33081650301751414,26,,student_concept_state_buffers
assist_17,59225,full,target_concept_mask,0.0,0.2848066985607147,0.33520242116321897,26,26,student_concept_state_buffers
assist_17,59225,full,random_history_mask,0.0,0.2816147804260254,0.3307493362954757,26,58,student_concept_state_buffers
assist_17,59275,full,original,0.0,0.2915145456790924,0.34462575030787,72,,student_concept_state_buffers
assist_17,59275,full,target_concept_mask,0.0,0.2532878816127777,0.2920755518138075,72,72,student_concept_state_buffers
assist_17,59275,full,random_history_mask,0.0,0.29151540994644165,0.34462697018877386,72,24,student_concept_state_buffers
assist_17,59305,full,original,1.0,0.35741686820983887,1.0288524803648482,46,,student_concept_state_buffers
assist_17,59305,full,target_concept_mask,1.0,0.37353184819221497,0.984752008453573,46,46,student_concept_state_buffers
assist_17,59305,full,random_history_mask,1.0,0.3574095070362091,1.0288730760616074,46,37,student_concept_state_buffers
assist_17,59433,full,original,0.0,0.2536355257034302,0.29254122664742055,12,,student_concept_state_buffers
assist_17,59433,full,target_concept_mask,0.0,0.3355187773704529,0.40874865912193314,12,12,student_concept_state_buffers
assist_17,59433,full,random_history_mask,0.0,0.2536355257034302,0.29254122664742055,12,66,student_concept_state_buffers
assist_17,59599,full,original,0.0,0.20104347169399261,0.22444874232303555,36,,student_concept_state_buffers
assist_17,59599,full,target_concept_mask,0.0,0.3846735954284668,0.48560241282711875,36,36,student_concept_state_buffers
assist_17,59599,full,random_history_mask,0.0,0.20104347169399261,0.22444874232303555,36,2,student_concept_state_buffers
assist_17,59843,full,original,1.0,0.6500686407089233,0.43067732057720565,10,,student_concept_state_buffers
assist_17,59843,full,target_concept_mask,1.0,0.733263373374939,0.3102503327979686,10,10,student_concept_state_buffers
assist_17,59843,full,random_history_mask,1.0,0.6500686407089233,0.43067732057720565,10,66,student_concept_state_buffers
assist_17,59982,full,original,0.0,0.023896461352705956,0.02418661351602171,46,,student_concept_state_buffers
assist_17,59982,full,target_concept_mask,0.0,0.03153018280863762,0.032037961110784274,46,46,student_concept_state_buffers
assist_17,59982,full,random_history_mask,0.0,0.023896461352705956,0.02418661351602171,46,8,student_concept_state_buffers
assist_17,60127,full,original,1.0,0.5712381601333618,0.559949063232082,1,,student_concept_state_buffers
assist_17,60127,full,target_concept_mask,1.0,0.5923312306404114,0.5236892893492602,1,1,student_concept_state_buffers
assist_17,60127,full,random_history_mask,1.0,0.5707383751869202,0.5608243613890807,1,11,student_concept_state_buffers
assist_17,60162,full,original,0.0,0.0753922387957573,0.07838567334227908,68,,student_concept_state_buffers
assist_17,60162,full,target_concept_mask,0.0,0.10038535296916962,0.10578877731450391,68,68,student_concept_state_buffers
assist_17,60162,full,random_history_mask,0.0,0.0753922387957573,0.07838567334227908,68,35,student_concept_state_buffers
assist_17,60568,full,original,1.0,0.6574095487594604,0.4194480928202975,45,,student_concept_state_buffers
assist_17,60568,full,target_concept_mask,1.0,0.6534222960472107,0.42553165727642533,45,45,student_concept_state_buffers
assist_17,60568,full,random_history_mask,1.0,0.6574095487594604,0.4194480928202975,45,27,student_concept_state_buffers
assist_17,60624,full,original,0.0,0.5667297840118408,0.8363936902213387,20,,student_concept_state_buffers
assist_17,60624,full,target_concept_mask,0.0,0.6379037499427795,1.0158452183613205,20,20,student_concept_state_buffers
assist_17,60624,full,random_history_mask,0.0,0.5667297840118408,0.8363936902213387,20,44,student_concept_state_buffers
assist_17,61145,full,original,1.0,0.6403129696846008,0.44579820702516443,32,,student_concept_state_buffers
assist_17,61145,full,target_concept_mask,1.0,0.6545600891113281,0.42379188866177636,32,32,student_concept_state_buffers
assist_17,61145,full,random_history_mask,1.0,0.6403129696846008,0.44579820702516443,32,92,student_concept_state_buffers
assist_17,61502,full,original,0.0,0.0783994197845459,0.081643359466648,36,,student_concept_state_buffers
assist_17,61502,full,target_concept_mask,0.0,0.13805857300758362,0.14856796075196524,36,36,student_concept_state_buffers
assist_17,61502,full,random_history_mask,0.0,0.0783994197845459,0.081643359466648,36,91,student_concept_state_buffers
assist_17,61690,full,original,1.0,0.7243831753730774,0.3224347788457483,54,,student_concept_state_buffers
assist_17,61690,full,target_concept_mask,1.0,0.6841697096824646,0.37954927856381354,54,54,student_concept_state_buffers
assist_17,61690,full,random_history_mask,1.0,0.7243831753730774,0.3224347788457483,54,8,student_concept_state_buffers
assist_17,62416,full,original,1.0,0.8680782914161682,0.1414733709052706,62,,student_concept_state_buffers
assist_17,62416,full,target_concept_mask,1.0,0.8362852334976196,0.17878553569467798,62,62,student_concept_state_buffers
assist_17,62416,full,random_history_mask,1.0,0.8659428358078003,0.14393638205823708,62,46,student_concept_state_buffers
assist_17,62435,full,original,0.0,0.7661559581756592,1.453100873756419,14,,student_concept_state_buffers
assist_17,62435,full,target_concept_mask,0.0,0.8005378246307373,1.6121306577745829,14,14,student_concept_state_buffers
assist_17,62435,full,random_history_mask,0.0,0.7661451697349548,1.4530547396246085,14,32,student_concept_state_buffers
assist_17,62551,full,original,0.0,0.31070855259895325,0.37209109682593283,32,,student_concept_state_buffers
assist_17,62551,full,target_concept_mask,0.0,0.43318381905555725,0.5677202236824056,32,32,student_concept_state_buffers
assist_17,62551,full,random_history_mask,0.0,0.3108040988445282,0.3722297215957982,32,65,student_concept_state_buffers
assist_17,63134,full,original,1.0,0.7247859835624695,0.32187886279235706,20,,student_concept_state_buffers
assist_17,63134,full,target_concept_mask,1.0,0.7833197712898254,0.24421427390894945,20,20,student_concept_state_buffers
assist_17,63134,full,random_history_mask,1.0,0.7247859835624695,0.32187886279235706,20,30,student_concept_state_buffers
assist_17,63409,full,original,1.0,0.7905146479606628,0.23507109250977518,2,,student_concept_state_buffers
assist_17,63409,full,target_concept_mask,1.0,0.804290235042572,0.21779508608505213,2,2,student_concept_state_buffers
assist_17,63409,full,random_history_mask,1.0,0.7902401089668274,0.23541844429902983,2,53,student_concept_state_buffers
assist_17,63548,full,original,0.0,0.30802831053733826,0.3682102353824773,52,,student_concept_state_buffers
assist_17,63548,full,target_concept_mask,0.0,0.26505976915359497,0.30796610165215477,52,52,student_concept_state_buffers
assist_17,63548,full,random_history_mask,0.0,0.30802831053733826,0.3682102353824773,52,39,student_concept_state_buffers
assist_17,63561,full,original,1.0,0.5336499810218811,0.6280151211850212,34,,student_concept_state_buffers
assist_17,63561,full,target_concept_mask,1.0,0.5967893004417419,0.5161911584675377,34,34,student_concept_state_buffers
assist_17,63561,full,random_history_mask,1.0,0.5336499810218811,0.6280151211850212,34,54,student_concept_state_buffers
assist_17,64035,full,original,0.0,0.034433700144290924,0.03504051053724159,20,,student_concept_state_buffers
assist_17,64035,full,target_concept_mask,0.0,0.04709790274500847,0.04824311171217586,20,20,student_concept_state_buffers
assist_17,64035,full,random_history_mask,0.0,0.034433700144290924,0.03504051053724159,20,45,student_concept_state_buffers
assist_17,64134,full,original,1.0,0.7948716282844543,0.2295746512221441,63,,student_concept_state_buffers
assist_17,64134,full,target_concept_mask,1.0,0.811764657497406,0.20854481149770362,63,63,student_concept_state_buffers
assist_17,64134,full,random_history_mask,1.0,0.7948716282844543,0.2295746512221441,63,64,student_concept_state_buffers
assist_17,64158,full,original,1.0,0.45151758193969727,0.7951409657100904,20,,student_concept_state_buffers
assist_17,64158,full,target_concept_mask,1.0,0.6243627071380615,0.47102381804050447,20,20,student_concept_state_buffers
assist_17,64158,full,random_history_mask,1.0,0.4515112638473511,0.7951549588231028,20,33,student_concept_state_buffers
assist_17,64317,full,original,0.0,0.1674913614988327,0.18331168060339573,57,,student_concept_state_buffers
assist_17,64317,full,target_concept_mask,0.0,0.297446608543396,0.3530338785887898,57,57,student_concept_state_buffers
assist_17,64317,full,random_history_mask,0.0,0.1674913614988327,0.18331168060339573,57,1,student_concept_state_buffers
assist_17,64443,full,original,0.0,0.758213222026825,1.4196990239624843,14,,student_concept_state_buffers
assist_17,64443,full,target_concept_mask,0.0,0.7433527708053589,1.3600527860806988,14,14,student_concept_state_buffers
assist_17,64443,full,random_history_mask,0.0,0.7581886649131775,1.419597463956333,14,2,student_concept_state_buffers
assist_17,64448,full,original,0.0,0.32745322585105896,0.3966836172869849,25,,student_concept_state_buffers
assist_17,64448,full,target_concept_mask,0.0,0.34091928601264954,0.41690927248441007,25,25,student_concept_state_buffers
assist_17,64448,full,random_history_mask,0.0,0.32362544536590576,0.3910082814794889,25,2,student_concept_state_buffers
assist_17,64530,full,original,1.0,0.7445188760757446,0.29501707314893116,39,,student_concept_state_buffers
assist_17,64530,full,target_concept_mask,1.0,0.7408098578453064,0.3000112887121036,39,39,student_concept_state_buffers
assist_17,64530,full,random_history_mask,1.0,0.7445188760757446,0.29501707314893116,39,43,student_concept_state_buffers
assist_17,64997,full,original,1.0,0.9001178741455078,0.10522955296102819,20,,student_concept_state_buffers
assist_17,64997,full,target_concept_mask,1.0,0.9336069822311401,0.06869971921262842,20,20,student_concept_state_buffers
assist_17,64997,full,random_history_mask,1.0,0.8999217748641968,0.10544743625287091,20,26,student_concept_state_buffers
assist_17,65153,full,original,1.0,0.7971003651618958,0.22677467943533505,46,,student_concept_state_buffers
assist_17,65153,full,target_concept_mask,1.0,0.8143885731697083,0.2053176642645346,46,46,student_concept_state_buffers
assist_17,65153,full,random_history_mask,1.0,0.7959079742431641,0.22827171006841512,46,45,student_concept_state_buffers
assist_17,65952,full,original,0.0,0.1933932900428772,0.21491907776130034,72,,student_concept_state_buffers
assist_17,65952,full,target_concept_mask,0.0,0.2539217174053192,0.292924747829825,72,72,student_concept_state_buffers
assist_17,65952,full,random_history_mask,0.0,0.19340689480304718,0.21493594456235313,72,14,student_concept_state_buffers
assist_17,66028,full,original,0.0,0.5812637209892273,0.870513962921134,7,,student_concept_state_buffers
assist_17,66028,full,target_concept_mask,0.0,0.6345200538635254,1.006543868229219,7,7,student_concept_state_buffers
assist_17,66028,full,random_history_mask,0.0,0.5812637209892273,0.870513962921134,7,0,student_concept_state_buffers
assist_17,66067,full,original,0.0,0.4029158353805542,0.5156971962641239,51,,student_concept_state_buffers
assist_17,66067,full,target_concept_mask,0.0,0.43718627095222473,0.5748065598536238,51,51,student_concept_state_buffers
assist_17,66067,full,random_history_mask,0.0,0.40293458104133606,0.5157285920976798,51,5,student_concept_state_buffers
assist_17,66133,full,original,1.0,0.6007542610168457,0.5095693115620058,32,,student_concept_state_buffers
assist_17,66133,full,target_concept_mask,1.0,0.6814636588096619,0.3835123545650288,32,32,student_concept_state_buffers
assist_17,66133,full,random_history_mask,1.0,0.5968677401542664,0.5160597309134419,32,14,student_concept_state_buffers
assist_17,66240,full,original,1.0,0.26065829396247864,1.3445449479693525,14,,student_concept_state_buffers
assist_17,66240,full,target_concept_mask,1.0,0.3227342963218689,1.130925906297001,14,14,student_concept_state_buffers
assist_17,66240,full,random_history_mask,1.0,0.26065829396247864,1.3445449479693525,14,6,student_concept_state_buffers
assist_17,66293,full,original,0.0,0.6213177442550659,0.971057800876048,62,,student_concept_state_buffers
assist_17,66293,full,target_concept_mask,0.0,0.61923748254776,0.9655794119698756,62,62,student_concept_state_buffers
assist_17,66293,full,random_history_mask,0.0,0.6540951728820801,1.0615916078952197,62,4,student_concept_state_buffers
assist_17,66364,full,original,1.0,0.747092604637146,0.29156613280838134,13,,student_concept_state_buffers
assist_17,66364,full,target_concept_mask,1.0,0.716064989566803,0.33398434858921555,13,13,student_concept_state_buffers
assist_17,66364,full,random_history_mask,1.0,0.7470842003822327,0.29157738215301743,13,12,student_concept_state_buffers
assist_17,66497,full,original,1.0,0.8033105134963989,0.21901394800503443,14,,student_concept_state_buffers
assist_17,66497,full,target_concept_mask,1.0,0.8708259463310242,0.13831315409523595,14,14,student_concept_state_buffers
assist_17,66497,full,random_history_mask,1.0,0.8003197908401489,0.2227438926381927,14,4,student_concept_state_buffers
assist_17,66830,full,original,0.0,0.3974301815032959,0.5065517390087183,57,,student_concept_state_buffers
assist_17,66830,full,target_concept_mask,0.0,0.5460536479949951,0.7897762553129622,57,57,student_concept_state_buffers
assist_17,66830,full,random_history_mask,0.0,0.42346975207328796,0.5507274724331059,57,14,student_concept_state_buffers
assist_17,66839,full,original,0.0,0.5766902565956116,0.8596511139918651,14,,student_concept_state_buffers
assist_17,66839,full,target_concept_mask,0.0,0.80670166015625,1.6435204813005946,14,14,student_concept_state_buffers
assist_17,66839,full,random_history_mask,0.0,0.5762594938278198,0.8586340248518965,14,59,student_concept_state_buffers
assist_17,67225,full,original,1.0,0.7633149027824402,0.27008461621995,37,,student_concept_state_buffers
assist_17,67225,full,target_concept_mask,1.0,0.8072144389152527,0.21416592244755073,37,37,student_concept_state_buffers
assist_17,67225,full,random_history_mask,1.0,0.7633149027824402,0.27008461621995,37,1,student_concept_state_buffers
assist_17,67237,full,original,0.0,0.7401061058044434,1.347481830509629,26,,student_concept_state_buffers
assist_17,67237,full,target_concept_mask,0.0,0.7547346949577332,1.4054147766030278,26,26,student_concept_state_buffers
assist_17,67237,full,random_history_mask,0.0,0.7401061058044434,1.347481830509629,26,59,student_concept_state_buffers
assist_17,67771,full,original,0.0,0.25794464349746704,0.2983314341466772,4,,student_concept_state_buffers
assist_17,67771,full,target_concept_mask,0.0,0.32030296325683594,0.3861081142930657,4,4,student_concept_state_buffers
assist_17,67771,full,random_history_mask,0.0,0.25796231627464294,0.2983552504125011,4,24,student_concept_state_buffers
assist_17,67881,full,original,0.0,0.35383838415145874,0.4367056271570585,7,,student_concept_state_buffers
assist_17,67881,full,target_concept_mask,0.0,0.41267839074134827,0.5321827228880012,7,7,student_concept_state_buffers
assist_17,67881,full,random_history_mask,0.0,0.35370463132858276,0.4364986526504321,7,46,student_concept_state_buffers
assist_17,68053,full,original,0.0,0.20148316025733948,0.2249992223288301,10,,student_concept_state_buffers
assist_17,68053,full,target_concept_mask,0.0,0.2210168093442917,0.24976581144983706,10,10,student_concept_state_buffers
assist_17,68053,full,random_history_mask,0.0,0.20140792429447174,0.22490500713511893,10,33,student_concept_state_buffers
assist_17,68199,full,original,0.0,0.2976576089859009,0.35333425737378454,5,,student_concept_state_buffers
assist_17,68199,full,target_concept_mask,0.0,0.4055202305316925,0.5200685929201275,5,5,student_concept_state_buffers
assist_17,68199,full,random_history_mask,0.0,0.2976576089859009,0.35333425737378454,5,1,student_concept_state_buffers
assist_17,68283,full,original,1.0,0.4503457248210907,0.7977397138115649,53,,student_concept_state_buffers
assist_17,68283,full,target_concept_mask,1.0,0.5447002649307251,0.6075196082134727,53,53,student_concept_state_buffers
assist_17,68283,full,random_history_mask,1.0,0.4503457248210907,0.7977397138115649,53,6,student_concept_state_buffers
assist_17,68356,full,original,0.0,0.3713288903236389,0.4641470371281149,4,,student_concept_state_buffers
assist_17,68356,full,target_concept_mask,0.0,0.46255016326904297,0.6209198503477288,4,4,student_concept_state_buffers
assist_17,68356,full,random_history_mask,0.0,0.37145426869392395,0.4643464909798509,4,46,student_concept_state_buffers
assist_17,68593,full,original,0.0,0.09233062714338303,0.09687509350100118,13,,student_concept_state_buffers
assist_17,68593,full,target_concept_mask,0.0,0.15287576615810394,0.16590791994781712,13,13,student_concept_state_buffers
assist_17,68593,full,random_history_mask,0.0,0.09232889860868454,0.09687318913680834,13,32,student_concept_state_buffers
assist_17,68676,full,original,1.0,0.7319933176040649,0.3119838940186901,32,,student_concept_state_buffers
assist_17,68676,full,target_concept_mask,1.0,0.8310586810112,0.18505487168454737,32,32,student_concept_state_buffers
assist_17,68676,full,random_history_mask,1.0,0.7319933176040649,0.3119838940186901,32,33,student_concept_state_buffers
assist_17,69022,full,original,1.0,0.777899980545044,0.25115732277899383,46,,student_concept_state_buffers
assist_17,69022,full,target_concept_mask,1.0,0.7442619204521179,0.2953622624834221,46,46,student_concept_state_buffers
assist_17,69022,full,random_history_mask,1.0,0.777899980545044,0.25115732277899383,46,95,student_concept_state_buffers
assist_17,69152,full,original,0.0,0.31239184737205505,0.37453614890041503,46,,student_concept_state_buffers
assist_17,69152,full,target_concept_mask,0.0,0.30854862928390503,0.3689624546942388,46,46,student_concept_state_buffers
assist_17,69152,full,random_history_mask,0.0,0.31239184737205505,0.37453614890041503,46,28,student_concept_state_buffers
assist_17,69496,full,original,1.0,0.27695825695991516,1.2838884810463298,35,,student_concept_state_buffers
assist_17,69496,full,target_concept_mask,1.0,0.3280625343322754,1.114551035317994,35,35,student_concept_state_buffers
assist_17,69496,full,random_history_mask,1.0,0.27695825695991516,1.2838884810463298,35,60,student_concept_state_buffers
assist_17,69540,full,original,0.0,0.5846335291862488,0.8785940862196696,37,,student_concept_state_buffers
assist_17,69540,full,target_concept_mask,0.0,0.6883808970451355,1.1659736608477858,37,37,student_concept_state_buffers
assist_17,69540,full,random_history_mask,0.0,0.5846335291862488,0.8785940862196696,37,73,student_concept_state_buffers
assist_17,69583,full,original,0.0,0.2551305592060089,0.29454632321656005,57,,student_concept_state_buffers
assist_17,69583,full,target_concept_mask,0.0,0.2544988989830017,0.29369866789446636,57,57,student_concept_state_buffers
assist_17,69583,full,random_history_mask,0.0,0.2551305592060089,0.29454632321656005,57,43,student_concept_state_buffers
assist_17,69747,full,original,1.0,0.2865603268146515,1.2498062001949128,14,,student_concept_state_buffers
assist_17,69747,full,target_concept_mask,1.0,0.35379600524902344,1.0390347883065625,14,14,student_concept_state_buffers
assist_17,69747,full,random_history_mask,1.0,0.2865603268146515,1.2498062001949128,14,78,student_concept_state_buffers
assist_17,69762,full,original,0.0,0.38880306482315063,0.4923360555781818,76,,student_concept_state_buffers
assist_17,69762,full,target_concept_mask,0.0,0.4351036250591278,0.5711129718411475,76,76,student_concept_state_buffers
assist_17,69762,full,random_history_mask,0.0,0.38880306482315063,0.4923360555781818,76,56,student_concept_state_buffers
assist_17,69772,full,original,0.0,0.24080075323581696,0.2754910238310325,68,,student_concept_state_buffers
assist_17,69772,full,target_concept_mask,0.0,0.26205408573150635,0.30388474396634063,68,68,student_concept_state_buffers
assist_17,69772,full,random_history_mask,0.0,0.24080075323581696,0.2754910238310325,68,64,student_concept_state_buffers
assist_17,69895,full,original,0.0,0.3230220079421997,0.3901165146369595,72,,student_concept_state_buffers
assist_17,69895,full,target_concept_mask,0.0,0.35531800985336304,0.4389981223021727,72,72,student_concept_state_buffers
assist_17,69895,full,random_history_mask,0.0,0.3230220079421997,0.3901165146369595,72,70,student_concept_state_buffers
assist_17,69990,full,original,1.0,0.1943555772304535,1.638065925257712,59,,student_concept_state_buffers
assist_17,69990,full,target_concept_mask,1.0,0.4129183888435364,0.8845053112534073,59,59,student_concept_state_buffers
assist_17,69990,full,random_history_mask,1.0,0.1943555772304535,1.638065925257712,59,34,student_concept_state_buffers
assist_17,70282,full,original,1.0,0.8164823055267334,0.20275003793107707,20,,student_concept_state_buffers
assist_17,70282,full,target_concept_mask,1.0,0.8230215907096863,0.19477284449402932,20,20,student_concept_state_buffers
assist_17,70282,full,random_history_mask,1.0,0.8168403506278992,0.20231161248519006,20,5,student_concept_state_buffers
assist_17,70516,full,original,0.0,0.23977454006671906,0.2741402318890383,37,,student_concept_state_buffers
assist_17,70516,full,target_concept_mask,0.0,0.4153543710708618,0.5367493778128143,37,37,student_concept_state_buffers
assist_17,70516,full,random_history_mask,0.0,0.23977454006671906,0.2741402318890383,37,54,student_concept_state_buffers
assist_17,70683,full,original,0.0,0.5226300358772278,0.7394634825933878,50,,student_concept_state_buffers
assist_17,70683,full,target_concept_mask,0.0,0.5033164620399475,0.6998022002405914,50,50,student_concept_state_buffers
assist_17,70683,full,random_history_mask,0.0,0.5226300358772278,0.7394634825933878,50,61,student_concept_state_buffers
assist_17,70742,full,original,0.0,0.29346033930778503,0.34737594157228496,2,,student_concept_state_buffers
assist_17,70742,full,target_concept_mask,0.0,0.4146219491958618,0.5354973997830423,2,2,student_concept_state_buffers
assist_17,70742,full,random_history_mask,0.0,0.29346033930778503,0.34737594157228496,2,1,student_concept_state_buffers
assist_17,70968,full,original,1.0,0.07155626267194748,2.6372712482014524,5,,student_concept_state_buffers
assist_17,70968,full,target_concept_mask,1.0,0.13894352316856384,1.9736877365567915,5,5,student_concept_state_buffers
assist_17,70968,full,random_history_mask,1.0,0.07155626267194748,2.6372712482014524,5,43,student_concept_state_buffers
assist_17,71046,full,original,0.0,0.2654098570346832,0.3084425639205775,57,,student_concept_state_buffers
assist_17,71046,full,target_concept_mask,0.0,0.4288996756076813,0.5601903852983158,57,57,student_concept_state_buffers
assist_17,71046,full,random_history_mask,0.0,0.2654098570346832,0.3084425639205775,57,46,student_concept_state_buffers
assist_17,71140,full,original,0.0,0.3150496184825897,0.37840887908451365,67,,student_concept_state_buffers
assist_17,71140,full,target_concept_mask,0.0,0.3313820958137512,0.4025425267333085,67,67,student_concept_state_buffers
assist_17,71140,full,random_history_mask,0.0,0.3150496184825897,0.37840887908451365,67,91,student_concept_state_buffers
assist_17,71347,full,original,1.0,0.7515811324119568,0.2855761149884174,20,,student_concept_state_buffers
assist_17,71347,full,target_concept_mask,1.0,0.7446362376213074,0.29485945149524817,20,20,student_concept_state_buffers
assist_17,71347,full,random_history_mask,1.0,0.7515811324119568,0.2855761149884174,20,94,student_concept_state_buffers
assist_17,71416,full,original,0.0,0.11927010118961334,0.12700428483090034,57,,student_concept_state_buffers
assist_17,71416,full,target_concept_mask,0.0,0.2741158902645111,0.3203649053628341,57,57,student_concept_state_buffers
assist_17,71416,full,random_history_mask,0.0,0.11747440695762634,0.1249674899806072,57,10,student_concept_state_buffers
assist_17,71702,full,original,0.0,0.3133750259876251,0.3759670251677059,11,,student_concept_state_buffers
assist_17,71702,full,target_concept_mask,0.0,0.4630792737007141,0.6219048186494583,11,11,student_concept_state_buffers
assist_17,71702,full,random_history_mask,0.0,0.31378141045570374,0.37655905836178044,11,1,student_concept_state_buffers
assist_17,71714,full,original,1.0,0.22436454892158508,1.4944830994468734,20,,student_concept_state_buffers
assist_17,71714,full,target_concept_mask,1.0,0.4613269567489624,0.7736482536441062,20,20,student_concept_state_buffers
assist_17,71714,full,random_history_mask,1.0,0.22419026494026184,1.4952601906058922,20,59,student_concept_state_buffers
assist_17,72075,full,original,0.0,0.31795668601989746,0.3826621129206101,32,,student_concept_state_buffers
assist_17,72075,full,target_concept_mask,0.0,0.5548194646835327,0.8092753817484357,32,32,student_concept_state_buffers
assist_17,72075,full,random_history_mask,0.0,0.31795668601989746,0.3826621129206101,32,35,student_concept_state_buffers
assist_17,72499,full,original,1.0,0.3459990918636322,1.0613191285994406,20,,student_concept_state_buffers
assist_17,72499,full,target_concept_mask,1.0,0.5402148962020874,0.6157882626574849,20,20,student_concept_state_buffers
assist_17,72499,full,random_history_mask,1.0,0.3453967571258545,1.063061502063331,20,2,student_concept_state_buffers
assist_17,72547,full,original,1.0,0.622104823589325,0.4746466737710413,74,,student_concept_state_buffers
assist_17,72547,full,target_concept_mask,1.0,0.6048638224601746,0.5027519331298276,74,74,student_concept_state_buffers
assist_17,72547,full,random_history_mask,1.0,0.621964693069458,0.47487195140799515,74,57,student_concept_state_buffers
assist_17,72572,full,original,0.0,0.3102557361125946,0.3714343821391035,20,,student_concept_state_buffers
assist_17,72572,full,target_concept_mask,0.0,0.6030178070068359,0.9238638532224149,20,20,student_concept_state_buffers
assist_17,72572,full,random_history_mask,0.0,0.310195654630661,0.37134727903658366,20,36,student_concept_state_buffers
assist_17,72861,full,original,1.0,0.7291282415390015,0.3159056481249705,37,,student_concept_state_buffers
assist_17,72861,full,target_concept_mask,1.0,0.7170405387878418,0.33262290052775445,37,37,student_concept_state_buffers
assist_17,72861,full,random_history_mask,1.0,0.729078471660614,0.31597390988505747,37,46,student_concept_state_buffers
assist_17,72874,full,original,1.0,0.4686099886894226,0.7579844371103954,56,,student_concept_state_buffers
assist_17,72874,full,target_concept_mask,1.0,0.4283468723297119,0.8478219622686097,56,56,student_concept_state_buffers
assist_17,72874,full,random_history_mask,1.0,0.4686433970928192,0.7579131470965794,56,57,student_concept_state_buffers
assist_17,72880,full,original,0.0,0.35201388597488403,0.4338860118330526,78,,student_concept_state_buffers
assist_17,72880,full,target_concept_mask,0.0,0.4365527033805847,0.5736814785020856,78,78,student_concept_state_buffers
assist_17,72880,full,random_history_mask,0.0,0.35141900181770325,0.4329683822042843,78,33,student_concept_state_buffers
assist_17,73223,full,original,0.0,0.33543193340301514,0.4086179732726342,46,,student_concept_state_buffers
assist_17,73223,full,target_concept_mask,0.0,0.3675133287906647,0.45809613178932607,46,46,student_concept_state_buffers
assist_17,73223,full,random_history_mask,0.0,0.33543193340301514,0.4086179732726342,46,27,student_concept_state_buffers
assist_17,73289,full,original,0.0,0.35214972496032715,0.4340956663651941,20,,student_concept_state_buffers
assist_17,73289,full,target_concept_mask,0.0,0.6454827785491943,1.0369983546389703,20,20,student_concept_state_buffers
assist_17,73289,full,random_history_mask,0.0,0.3521985113620758,0.43417097425754514,20,33,student_concept_state_buffers
assist_17,73402,full,original,1.0,0.515827476978302,0.6619829163482498,32,,student_concept_state_buffers
assist_17,73402,full,target_concept_mask,1.0,0.7557327747344971,0.2800674378621759,32,32,student_concept_state_buffers
assist_17,73402,full,random_history_mask,1.0,0.5171658396720886,0.6593916828502538,32,8,student_concept_state_buffers
assist_17,73429,full,original,0.0,0.02857060730457306,0.02898669145184663,5,,student_concept_state_buffers
assist_17,73429,full,target_concept_mask,0.0,0.08167067170143127,0.08519920727212264,5,5,student_concept_state_buffers
assist_17,73429,full,random_history_mask,0.0,0.02857060730457306,0.02898669145184663,5,92,student_concept_state_buffers
assist_17,73889,full,original,1.0,0.47866466641426086,0.7367549968510991,13,,student_concept_state_buffers
assist_17,73889,full,target_concept_mask,1.0,0.3990156948566437,0.9187545273855834,13,13,student_concept_state_buffers
assist_17,73889,full,random_history_mask,1.0,0.47866466641426086,0.7367549968510991,13,29,student_concept_state_buffers
assist_17,74078,full,original,1.0,0.49120262265205383,0.7108985628881044,10,,student_concept_state_buffers
assist_17,74078,full,target_concept_mask,1.0,0.5408906936645508,0.6145380655318388,10,10,student_concept_state_buffers
assist_17,74078,full,random_history_mask,1.0,0.49120262265205383,0.7108985628881044,10,88,student_concept_state_buffers
assist_17,74099,full,original,1.0,0.35762104392051697,1.0282813897617809,12,,student_concept_state_buffers
assist_17,74099,full,target_concept_mask,1.0,0.29773440957069397,1.211553432921317,12,12,student_concept_state_buffers
assist_17,74099,full,random_history_mask,1.0,0.35762104392051697,1.0282813897617809,12,64,student_concept_state_buffers
assist_17,74228,full,original,1.0,0.6802797913551331,0.3852511075623681,44,,student_concept_state_buffers
assist_17,74228,full,target_concept_mask,1.0,0.7325752377510071,0.3111892297123488,44,44,student_concept_state_buffers
assist_17,74228,full,random_history_mask,1.0,0.6802782416343689,0.3852533856287593,44,68,student_concept_state_buffers
assist_17,74498,full,original,1.0,0.40824124217033386,0.8958969994857683,32,,student_concept_state_buffers
assist_17,74498,full,target_concept_mask,1.0,0.515943169593811,0.6617586560121407,32,32,student_concept_state_buffers
assist_17,74498,full,random_history_mask,1.0,0.4082314670085907,0.8959209443442645,32,7,student_concept_state_buffers
assist_17,74630,full,original,0.0,0.5256342887878418,0.745776712131395,57,,student_concept_state_buffers
assist_17,74630,full,target_concept_mask,0.0,0.5705910325050354,0.8453455099759093,57,57,student_concept_state_buffers
assist_17,74630,full,random_history_mask,0.0,0.5256342887878418,0.745776712131395,57,68,student_concept_state_buffers
assist_17,74747,full,original,1.0,0.8396058082580566,0.17482277317243106,2,,student_concept_state_buffers
assist_17,74747,full,target_concept_mask,1.0,0.831332266330719,0.18472572489458625,2,2,student_concept_state_buffers
assist_17,74747,full,random_history_mask,1.0,0.8396058082580566,0.17482277317243106,2,90,student_concept_state_buffers
assist_17,74929,full,original,0.0,0.8184217214584351,1.7060684315242358,20,,student_concept_state_buffers
assist_17,74929,full,target_concept_mask,0.0,0.9189392924308777,2.5125569288647016,20,20,student_concept_state_buffers
assist_17,74929,full,random_history_mask,0.0,0.8184571266174316,1.706263436188223,20,6,student_concept_state_buffers
assist_17,75042,full,original,0.0,0.1155504658818245,0.12278982284025712,20,,student_concept_state_buffers
assist_17,75042,full,target_concept_mask,0.0,0.42209312319755554,0.5483425360883597,20,20,student_concept_state_buffers
assist_17,75042,full,random_history_mask,0.0,0.11532363295555115,0.12253338780941245,20,5,student_concept_state_buffers
assist_17,75148,full,original,1.0,0.8521602153778076,0.1599807236132111,10,,student_concept_state_buffers
assist_17,75148,full,target_concept_mask,1.0,0.8565600514411926,0.15483085107656175,10,10,student_concept_state_buffers
assist_17,75148,full,random_history_mask,1.0,0.8529175519943237,0.15909239267510203,10,58,student_concept_state_buffers
assist_17,75347,full,original,0.0,0.5997045040130615,0.9155522646408671,5,,student_concept_state_buffers
assist_17,75347,full,target_concept_mask,0.0,0.6658223867416382,1.0960826511256656,5,5,student_concept_state_buffers
assist_17,75347,full,random_history_mask,0.0,0.5997045040130615,0.9155522646408671,5,87,student_concept_state_buffers
assist_17,75457,full,original,0.0,0.45025572180747986,0.5983020576186742,0,,student_concept_state_buffers
assist_17,75457,full,target_concept_mask,0.0,0.4277902841567993,0.558249718707415,0,0,student_concept_state_buffers
assist_17,75457,full,random_history_mask,0.0,0.45025572180747986,0.5983020576186742,0,66,student_concept_state_buffers
assist_17,75499,full,original,0.0,0.03453482687473297,0.035145249099972915,57,,student_concept_state_buffers
assist_17,75499,full,target_concept_mask,0.0,0.07567938417196274,0.07869628069957965,57,57,student_concept_state_buffers
assist_17,75499,full,random_history_mask,0.0,0.03460153564810753,0.035214346442847176,57,58,student_concept_state_buffers
assist_17,75540,full,original,1.0,0.39274296164512634,0.9345999227068534,46,,student_concept_state_buffers
assist_17,75540,full,target_concept_mask,1.0,0.41606318950653076,0.876918132403947,46,46,student_concept_state_buffers
assist_17,75540,full,random_history_mask,1.0,0.3947018086910248,0.9296247138788774,46,35,student_concept_state_buffers
assist_17,75566,full,original,0.0,0.3537098467350006,0.43650672237785726,48,,student_concept_state_buffers
assist_17,75566,full,target_concept_mask,0.0,0.36650925874710083,0.4565098945560038,48,48,student_concept_state_buffers
assist_17,75566,full,random_history_mask,0.0,0.3537098467350006,0.43650672237785726,48,1,student_concept_state_buffers
assist_17,75756,full,original,0.0,0.19284948706626892,0.21424511889130626,57,,student_concept_state_buffers
assist_17,75756,full,target_concept_mask,0.0,0.39622822403907776,0.504559006821606,57,57,student_concept_state_buffers
assist_17,75756,full,random_history_mask,0.0,0.19284948706626892,0.21424511889130626,57,50,student_concept_state_buffers
assist_17,76086,full,original,0.0,0.04245173931121826,0.04337915638938771,58,,student_concept_state_buffers
assist_17,76086,full,target_concept_mask,0.0,0.08009905368089676,0.08348928178001636,58,58,student_concept_state_buffers
assist_17,76086,full,random_history_mask,0.0,0.04246804118156433,0.04339618112827897,58,32,student_concept_state_buffers
assist_17,76191,full,original,0.0,0.8000071048736572,1.6094734374333919,57,,student_concept_state_buffers
assist_17,76191,full,target_concept_mask,0.0,0.7719369530677795,1.4781331666202104,57,57,student_concept_state_buffers
assist_17,76191,full,random_history_mask,0.0,0.8000071048736572,1.6094734374333919,57,0,student_concept_state_buffers
assist_17,76258,full,original,0.0,0.07388848811388016,0.07676062838309636,62,,student_concept_state_buffers
assist_17,76258,full,target_concept_mask,0.0,0.09444643557071686,0.09920884887561406,62,62,student_concept_state_buffers
assist_17,76258,full,random_history_mask,0.0,0.07388848811388016,0.07676062838309636,62,56,student_concept_state_buffers
assist_17,76610,full,original,0.0,0.4485992193222046,0.5952933645831502,20,,student_concept_state_buffers
assist_17,76610,full,target_concept_mask,0.0,0.6800823211669922,1.139691569930611,20,20,student_concept_state_buffers
assist_17,76610,full,random_history_mask,0.0,0.44977453351020813,0.5974271456853367,20,51,student_concept_state_buffers
assist_17,76736,full,original,1.0,0.2750442326068878,1.2908233484066431,63,,student_concept_state_buffers
assist_17,76736,full,target_concept_mask,1.0,0.28002703189849854,1.2728691379781765,63,63,student_concept_state_buffers
assist_17,76736,full,random_history_mask,1.0,0.2750442326068878,1.2908233484066431,63,62,student_concept_state_buffers
assist_17,76823,full,original,1.0,0.6509909629821777,0.42925951861772704,10,,student_concept_state_buffers
assist_17,76823,full,target_concept_mask,1.0,0.7387018203735352,0.30286093015708054,10,10,student_concept_state_buffers
assist_17,76823,full,random_history_mask,1.0,0.6483462452888489,0.43333039618339286,10,28,student_concept_state_buffers
assist_17,76848,full,original,1.0,0.7190450429916382,0.32983127650337235,33,,student_concept_state_buffers
assist_17,76848,full,target_concept_mask,1.0,0.6949635148048401,0.3638959314790274,33,33,student_concept_state_buffers
assist_17,76848,full,random_history_mask,1.0,0.7190450429916382,0.32983127650337235,33,69,student_concept_state_buffers
assist_17,76874,full,original,0.0,0.21799254417419434,0.24589100417817786,20,,student_concept_state_buffers
assist_17,76874,full,target_concept_mask,0.0,0.44617369771003723,0.5909041751694731,20,20,student_concept_state_buffers
assist_17,76874,full,random_history_mask,0.0,0.2178068608045578,0.24565358786328864,20,6,student_concept_state_buffers
assist_17,219,no_CRG,original,1.0,0.5885776281356812,0.5300464525091175,35,,student_concept_state_buffers
assist_17,219,no_CRG,target_concept_mask,1.0,0.5885776281356812,0.5300464525091175,35,35,student_concept_state_buffers
assist_17,219,no_CRG,random_history_mask,1.0,0.5885776281356812,0.5300464525091175,35,45,student_concept_state_buffers
assist_17,474,no_CRG,original,0.0,0.5552660822868347,0.8102791133751734,2,,student_concept_state_buffers
assist_17,474,no_CRG,target_concept_mask,0.0,0.5552660822868347,0.8102791133751734,2,2,student_concept_state_buffers
assist_17,474,no_CRG,random_history_mask,0.0,0.5552660822868347,0.8102791133751734,2,67,student_concept_state_buffers
assist_17,818,no_CRG,original,1.0,0.30323150753974915,1.1932587139250583,33,,student_concept_state_buffers
assist_17,818,no_CRG,target_concept_mask,1.0,0.30323150753974915,1.1932587139250583,33,33,student_concept_state_buffers
assist_17,818,no_CRG,random_history_mask,1.0,0.30323150753974915,1.1932587139250583,33,34,student_concept_state_buffers
assist_17,843,no_CRG,original,1.0,0.6392005085945129,0.4475370888568703,20,,student_concept_state_buffers
assist_17,843,no_CRG,target_concept_mask,1.0,0.6392005085945129,0.4475370888568703,20,20,student_concept_state_buffers
assist_17,843,no_CRG,random_history_mask,1.0,0.6392005085945129,0.4475370888568703,20,58,student_concept_state_buffers
assist_17,867,no_CRG,original,1.0,0.07168260961771011,2.6355071044810905,5,,student_concept_state_buffers
assist_17,867,no_CRG,target_concept_mask,1.0,0.07168260961771011,2.6355071044810905,5,5,student_concept_state_buffers
assist_17,867,no_CRG,random_history_mask,1.0,0.07168260961771011,2.6355071044810905,5,12,student_concept_state_buffers
assist_17,976,no_CRG,original,1.0,0.24281945824623108,1.4154370819608357,57,,student_concept_state_buffers
assist_17,976,no_CRG,target_concept_mask,1.0,0.24281945824623108,1.4154370819608357,57,57,student_concept_state_buffers
assist_17,976,no_CRG,random_history_mask,1.0,0.24281945824623108,1.4154370819608357,57,26,student_concept_state_buffers
assist_17,1148,no_CRG,original,1.0,0.31763386726379395,1.146855920332692,34,,student_concept_state_buffers
assist_17,1148,no_CRG,target_concept_mask,1.0,0.31763386726379395,1.146855920332692,34,34,student_concept_state_buffers
assist_17,1148,no_CRG,random_history_mask,1.0,0.31763386726379395,1.146855920332692,34,24,student_concept_state_buffers
assist_17,1162,no_CRG,original,0.0,0.45758992433547974,0.6117329664508291,20,,student_concept_state_buffers
assist_17,1162,no_CRG,target_concept_mask,0.0,0.45758992433547974,0.6117329664508291,20,20,student_concept_state_buffers
assist_17,1162,no_CRG,random_history_mask,0.0,0.45758992433547974,0.6117329664508291,20,66,student_concept_state_buffers
assist_17,1251,no_CRG,original,1.0,0.8543640971183777,0.15739783282206793,58,,student_concept_state_buffers
assist_17,1251,no_CRG,target_concept_mask,1.0,0.8543640971183777,0.15739783282206793,58,58,student_concept_state_buffers
assist_17,1251,no_CRG,random_history_mask,1.0,0.8543640971183777,0.15739783282206793,58,14,student_concept_state_buffers
assist_17,1294,no_CRG,original,1.0,0.6872149705886841,0.3751081236415152,32,,student_concept_state_buffers
assist_17,1294,no_CRG,target_concept_mask,1.0,0.6872149705886841,0.3751081236415152,32,32,student_concept_state_buffers
assist_17,1294,no_CRG,random_history_mask,1.0,0.6872149705886841,0.3751081236415152,32,40,student_concept_state_buffers
assist_17,1357,no_CRG,original,1.0,0.7268810868263245,0.318992381778561,7,,student_concept_state_buffers
assist_17,1357,no_CRG,target_concept_mask,1.0,0.7268810868263245,0.318992381778561,7,7,student_concept_state_buffers
assist_17,1357,no_CRG,random_history_mask,1.0,0.7268810868263245,0.318992381778561,7,24,student_concept_state_buffers
assist_17,1391,no_CRG,original,0.0,0.3195776343345642,0.3850415476523042,12,,student_concept_state_buffers
assist_17,1391,no_CRG,target_concept_mask,0.0,0.3195776343345642,0.3850415476523042,12,12,student_concept_state_buffers
assist_17,1391,no_CRG,random_history_mask,0.0,0.3195776343345642,0.3850415476523042,12,1,student_concept_state_buffers
assist_17,1875,no_CRG,original,1.0,0.4647558033466339,0.7662431654297479,85,,student_concept_state_buffers
assist_17,1875,no_CRG,target_concept_mask,1.0,0.4647558033466339,0.7662431654297479,85,85,student_concept_state_buffers
assist_17,1875,no_CRG,random_history_mask,1.0,0.4647558033466339,0.7662431654297479,85,58,student_concept_state_buffers
assist_17,1878,no_CRG,original,0.0,0.031055955216288567,0.0315484140799433,68,,student_concept_state_buffers
assist_17,1878,no_CRG,target_concept_mask,0.0,0.031055955216288567,0.0315484140799433,68,68,student_concept_state_buffers
assist_17,1878,no_CRG,random_history_mask,0.0,0.031055955216288567,0.0315484140799433,68,51,student_concept_state_buffers
assist_17,1936,no_CRG,original,0.0,0.47108834981918335,0.6369338739627493,32,,student_concept_state_buffers
assist_17,1936,no_CRG,target_concept_mask,0.0,0.47108834981918335,0.6369338739627493,32,32,student_concept_state_buffers
assist_17,1936,no_CRG,random_history_mask,0.0,0.47108834981918335,0.6369338739627493,32,90,student_concept_state_buffers
assist_17,2253,no_CRG,original,0.0,0.6132038235664368,0.9498574005770802,5,,student_concept_state_buffers
assist_17,2253,no_CRG,target_concept_mask,0.0,0.6132038235664368,0.9498574005770802,5,5,student_concept_state_buffers
assist_17,2253,no_CRG,random_history_mask,0.0,0.6132038235664368,0.9498574005770802,5,63,student_concept_state_buffers
assist_17,2268,no_CRG,original,0.0,0.4172927737236023,0.5400704035432677,76,,student_concept_state_buffers
assist_17,2268,no_CRG,target_concept_mask,0.0,0.4172927737236023,0.5400704035432677,76,76,student_concept_state_buffers
assist_17,2268,no_CRG,random_history_mask,0.0,0.4172927737236023,0.5400704035432677,76,45,student_concept_state_buffers
assist_17,2373,no_CRG,original,0.0,0.2620593309402466,0.30389185184143014,26,,student_concept_state_buffers
assist_17,2373,no_CRG,target_concept_mask,0.0,0.2620593309402466,0.30389185184143014,26,26,student_concept_state_buffers
assist_17,2373,no_CRG,random_history_mask,0.0,0.2620593309402466,0.30389185184143014,26,27,student_concept_state_buffers
assist_17,2424,no_CRG,original,0.0,0.20893067121505737,0.2343696680452167,24,,student_concept_state_buffers
assist_17,2424,no_CRG,target_concept_mask,0.0,0.20893067121505737,0.2343696680452167,24,24,student_concept_state_buffers
assist_17,2424,no_CRG,random_history_mask,0.0,0.20893067121505737,0.2343696680452167,24,27,student_concept_state_buffers
assist_17,2477,no_CRG,original,0.0,0.5899143815040588,0.8913893154849576,67,,student_concept_state_buffers
assist_17,2477,no_CRG,target_concept_mask,0.0,0.5899143815040588,0.8913893154849576,67,67,student_concept_state_buffers
assist_17,2477,no_CRG,random_history_mask,0.0,0.5899143815040588,0.8913893154849576,67,66,student_concept_state_buffers
assist_17,2484,no_CRG,original,0.0,0.2357877641916275,0.268909732832962,58,,student_concept_state_buffers
assist_17,2484,no_CRG,target_concept_mask,0.0,0.2357877641916275,0.268909732832962,58,58,student_concept_state_buffers
assist_17,2484,no_CRG,random_history_mask,0.0,0.2357877641916275,0.268909732832962,58,24,student_concept_state_buffers
assist_17,2603,no_CRG,original,0.0,0.12318339943885803,0.13145742984587486,88,,student_concept_state_buffers
assist_17,2603,no_CRG,target_concept_mask,0.0,0.12318339943885803,0.13145742984587486,88,88,student_concept_state_buffers
assist_17,2603,no_CRG,random_history_mask,0.0,0.12318339943885803,0.13145742984587486,88,63,student_concept_state_buffers
assist_17,2789,no_CRG,original,0.0,0.3414131999015808,0.4176589516057116,20,,student_concept_state_buffers
assist_17,2789,no_CRG,target_concept_mask,0.0,0.3414131999015808,0.4176589516057116,20,20,student_concept_state_buffers
assist_17,2789,no_CRG,random_history_mask,0.0,0.3414131999015808,0.4176589516057116,20,45,student_concept_state_buffers
assist_17,2869,no_CRG,original,1.0,0.5436257123947144,0.609494297612741,3,,student_concept_state_buffers
assist_17,2869,no_CRG,target_concept_mask,1.0,0.5436257123947144,0.609494297612741,3,3,student_concept_state_buffers
assist_17,2869,no_CRG,random_history_mask,1.0,0.5436257123947144,0.609494297612741,3,20,student_concept_state_buffers
assist_17,2927,no_CRG,original,0.0,0.15488547086715698,0.16828312337401433,4,,student_concept_state_buffers
assist_17,2927,no_CRG,target_concept_mask,0.0,0.15488547086715698,0.16828312337401433,4,4,student_concept_state_buffers
assist_17,2927,no_CRG,random_history_mask,0.0,0.15488547086715698,0.16828312337401433,4,12,student_concept_state_buffers
assist_17,3354,no_CRG,original,0.0,0.7178487777709961,1.2653121027351373,68,,student_concept_state_buffers
assist_17,3354,no_CRG,target_concept_mask,0.0,0.7178487777709961,1.2653121027351373,68,68,student_concept_state_buffers
assist_17,3354,no_CRG,random_history_mask,0.0,0.7178487777709961,1.2653121027351373,68,36,student_concept_state_buffers
assist_17,3453,no_CRG,original,1.0,0.4254484474658966,0.8546114958508347,66,,student_concept_state_buffers
assist_17,3453,no_CRG,target_concept_mask,1.0,0.4254484474658966,0.8546114958508347,66,66,student_concept_state_buffers
assist_17,3453,no_CRG,random_history_mask,1.0,0.4254484474658966,0.8546114958508347,66,53,student_concept_state_buffers
assist_17,3535,no_CRG,original,1.0,0.33670806884765625,1.0885389886007488,20,,student_concept_state_buffers
assist_17,3535,no_CRG,target_concept_mask,1.0,0.33670806884765625,1.0885389886007488,20,20,student_concept_state_buffers
assist_17,3535,no_CRG,random_history_mask,1.0,0.33670806884765625,1.0885389886007488,20,33,student_concept_state_buffers
assist_17,3693,no_CRG,original,0.0,0.20275574922561646,0.22659418443890803,57,,student_concept_state_buffers
assist_17,3693,no_CRG,target_concept_mask,0.0,0.20275574922561646,0.22659418443890803,57,57,student_concept_state_buffers
assist_17,3693,no_CRG,random_history_mask,0.0,0.20275574922561646,0.22659418443890803,57,13,student_concept_state_buffers
assist_17,3754,no_CRG,original,0.0,0.4051056206226349,0.5193714028454075,14,,student_concept_state_buffers
assist_17,3754,no_CRG,target_concept_mask,0.0,0.4051056206226349,0.5193714028454075,14,14,student_concept_state_buffers
assist_17,3754,no_CRG,random_history_mask,0.0,0.4051056206226349,0.5193714028454075,14,35,student_concept_state_buffers
assist_17,3805,no_CRG,original,0.0,0.2898884117603302,0.34233315476139564,64,,student_concept_state_buffers
assist_17,3805,no_CRG,target_concept_mask,0.0,0.2898884117603302,0.34233315476139564,64,64,student_concept_state_buffers
assist_17,3805,no_CRG,random_history_mask,0.0,0.2898884117603302,0.34233315476139564,64,34,student_concept_state_buffers
assist_17,3826,no_CRG,original,1.0,0.7283125519752502,0.31702499328471656,57,,student_concept_state_buffers
assist_17,3826,no_CRG,target_concept_mask,1.0,0.7283125519752502,0.31702499328471656,57,57,student_concept_state_buffers
assist_17,3826,no_CRG,random_history_mask,1.0,0.7283125519752502,0.31702499328471656,57,25,student_concept_state_buffers
assist_17,3827,no_CRG,original,0.0,0.35525083541870117,0.43889392994653387,79,,student_concept_state_buffers
assist_17,3827,no_CRG,target_concept_mask,0.0,0.35525083541870117,0.43889392994653387,79,79,student_concept_state_buffers
assist_17,3827,no_CRG,random_history_mask,0.0,0.35525083541870117,0.43889392994653387,79,7,student_concept_state_buffers
assist_17,3868,no_CRG,original,0.0,0.317852646112442,0.382509583057875,10,,student_concept_state_buffers
assist_17,3868,no_CRG,target_concept_mask,0.0,0.317852646112442,0.382509583057875,10,10,student_concept_state_buffers
assist_17,3868,no_CRG,random_history_mask,0.0,0.317852646112442,0.382509583057875,10,11,student_concept_state_buffers
assist_17,3939,no_CRG,original,1.0,0.5043455362319946,0.6844936580568034,2,,student_concept_state_buffers
assist_17,3939,no_CRG,target_concept_mask,1.0,0.5043455362319946,0.6844936580568034,2,2,student_concept_state_buffers
assist_17,3939,no_CRG,random_history_mask,1.0,0.5043455362319946,0.6844936580568034,2,51,student_concept_state_buffers
assist_17,4343,no_CRG,original,1.0,0.17973394691944122,1.716277594188682,62,,student_concept_state_buffers
assist_17,4343,no_CRG,target_concept_mask,1.0,0.17973394691944122,1.716277594188682,62,62,student_concept_state_buffers
assist_17,4343,no_CRG,random_history_mask,1.0,0.17973394691944122,1.716277594188682,62,85,student_concept_state_buffers
assist_17,4524,no_CRG,original,0.0,0.03688604757189751,0.0375835435219127,57,,student_concept_state_buffers
assist_17,4524,no_CRG,target_concept_mask,0.0,0.03688604757189751,0.0375835435219127,57,57,student_concept_state_buffers
assist_17,4524,no_CRG,random_history_mask,0.0,0.03688604757189751,0.0375835435219127,57,34,student_concept_state_buffers
assist_17,4660,no_CRG,original,0.0,0.10007202625274658,0.1054405480300496,35,,student_concept_state_buffers
assist_17,4660,no_CRG,target_concept_mask,0.0,0.10007202625274658,0.1054405480300496,35,35,student_concept_state_buffers
assist_17,4660,no_CRG,random_history_mask,0.0,0.10007202625274658,0.1054405480300496,35,71,student_concept_state_buffers
assist_17,4743,no_CRG,original,0.0,0.10555723309516907,0.11155436141763306,20,,student_concept_state_buffers
assist_17,4743,no_CRG,target_concept_mask,0.0,0.10555723309516907,0.11155436141763306,20,20,student_concept_state_buffers
assist_17,4743,no_CRG,random_history_mask,0.0,0.10555723309516907,0.11155436141763306,20,79,student_concept_state_buffers
assist_17,4836,no_CRG,original,1.0,0.5811541676521301,0.5427392085301448,20,,student_concept_state_buffers
assist_17,4836,no_CRG,target_concept_mask,1.0,0.5811541676521301,0.5427392085301448,20,20,student_concept_state_buffers
assist_17,4836,no_CRG,random_history_mask,1.0,0.5811541676521301,0.5427392085301448,20,79,student_concept_state_buffers
assist_17,4911,no_CRG,original,0.0,0.15548671782016754,0.1689948149955216,12,,student_concept_state_buffers
assist_17,4911,no_CRG,target_concept_mask,0.0,0.15548671782016754,0.1689948149955216,12,12,student_concept_state_buffers
assist_17,4911,no_CRG,random_history_mask,0.0,0.15548671782016754,0.1689948149955216,12,5,student_concept_state_buffers
assist_17,5001,no_CRG,original,0.0,0.1905435472726822,0.21139230258346253,5,,student_concept_state_buffers
assist_17,5001,no_CRG,target_concept_mask,0.0,0.1905435472726822,0.21139230258346253,5,5,student_concept_state_buffers
assist_17,5001,no_CRG,random_history_mask,0.0,0.1905435472726822,0.21139230258346253,5,57,student_concept_state_buffers
assist_17,5019,no_CRG,original,1.0,0.15851756930351257,1.841889844467141,0,,student_concept_state_buffers
assist_17,5019,no_CRG,target_concept_mask,1.0,0.15851756930351257,1.841889844467141,0,0,student_concept_state_buffers
assist_17,5019,no_CRG,random_history_mask,1.0,0.15851756930351257,1.841889844467141,0,53,student_concept_state_buffers
assist_17,5141,no_CRG,original,0.0,0.06476891040802002,0.0669616255872986,13,,student_concept_state_buffers
assist_17,5141,no_CRG,target_concept_mask,0.0,0.06476891040802002,0.0669616255872986,13,13,student_concept_state_buffers
assist_17,5141,no_CRG,random_history_mask,0.0,0.06476891040802002,0.0669616255872986,13,49,student_concept_state_buffers
assist_17,5233,no_CRG,original,1.0,0.588336169719696,0.5304567772411631,68,,student_concept_state_buffers
assist_17,5233,no_CRG,target_concept_mask,1.0,0.588336169719696,0.5304567772411631,68,68,student_concept_state_buffers
assist_17,5233,no_CRG,random_history_mask,1.0,0.588336169719696,0.5304567772411631,68,58,student_concept_state_buffers
assist_17,5348,no_CRG,original,1.0,0.5114451050758362,0.6705150208046811,63,,student_concept_state_buffers
assist_17,5348,no_CRG,target_concept_mask,1.0,0.5114451050758362,0.6705150208046811,63,63,student_concept_state_buffers
assist_17,5348,no_CRG,random_history_mask,1.0,0.5114451050758362,0.6705150208046811,63,34,student_concept_state_buffers
assist_17,5427,no_CRG,original,1.0,0.3475567698478699,1.0568272608514484,39,,student_concept_state_buffers
assist_17,5427,no_CRG,target_concept_mask,1.0,0.3475567698478699,1.0568272608514484,39,39,student_concept_state_buffers
assist_17,5427,no_CRG,random_history_mask,1.0,0.3475567698478699,1.0568272608514484,39,35,student_concept_state_buffers
assist_17,5475,no_CRG,original,0.0,0.5936753749847412,0.9006028698623104,63,,student_concept_state_buffers
assist_17,5475,no_CRG,target_concept_mask,0.0,0.5936753749847412,0.9006028698623104,63,63,student_concept_state_buffers
assist_17,5475,no_CRG,random_history_mask,0.0,0.5936753749847412,0.9006028698623104,63,6,student_concept_state_buffers
assist_17,5634,no_CRG,original,1.0,0.4256633520126343,0.854106498619128,79,,student_concept_state_buffers
assist_17,5634,no_CRG,target_concept_mask,1.0,0.4256633520126343,0.854106498619128,79,79,student_concept_state_buffers
assist_17,5634,no_CRG,random_history_mask,1.0,0.4256633520126343,0.854106498619128,79,44,student_concept_state_buffers
assist_17,5773,no_CRG,original,0.0,0.12974657118320465,0.13897081226181482,45,,student_concept_state_buffers
assist_17,5773,no_CRG,target_concept_mask,0.0,0.12974657118320465,0.13897081226181482,45,45,student_concept_state_buffers
assist_17,5773,no_CRG,random_history_mask,0.0,0.12974657118320465,0.13897081226181482,45,57,student_concept_state_buffers
assist_17,5861,no_CRG,original,0.0,0.38920772075653076,0.4929983461178953,32,,student_concept_state_buffers
assist_17,5861,no_CRG,target_concept_mask,0.0,0.38920772075653076,0.4929983461178953,32,32,student_concept_state_buffers
assist_17,5861,no_CRG,random_history_mask,0.0,0.38920772075653076,0.4929983461178953,32,34,student_concept_state_buffers
assist_17,5867,no_CRG,original,1.0,0.3702254295349121,0.993643189859602,33,,student_concept_state_buffers
assist_17,5867,no_CRG,target_concept_mask,1.0,0.3702254295349121,0.993643189859602,33,33,student_concept_state_buffers
assist_17,5867,no_CRG,random_history_mask,1.0,0.3702254295349121,0.993643189859602,33,3,student_concept_state_buffers
assist_17,6029,no_CRG,original,0.0,0.16162636876106262,0.1762914171993969,20,,student_concept_state_buffers
assist_17,6029,no_CRG,target_concept_mask,0.0,0.16162636876106262,0.1762914171993969,20,20,student_concept_state_buffers
assist_17,6029,no_CRG,random_history_mask,0.0,0.16162636876106262,0.1762914171993969,20,25,student_concept_state_buffers
assist_17,6096,no_CRG,original,0.0,0.27376458048820496,0.3198810474212743,70,,student_concept_state_buffers
assist_17,6096,no_CRG,target_concept_mask,0.0,0.27376458048820496,0.3198810474212743,70,70,student_concept_state_buffers
assist_17,6096,no_CRG,random_history_mask,0.0,0.27376458048820496,0.3198810474212743,70,5,student_concept_state_buffers
assist_17,6218,no_CRG,original,0.0,0.10267839580774307,0.10834094807923922,20,,student_concept_state_buffers
assist_17,6218,no_CRG,target_concept_mask,0.0,0.10267839580774307,0.10834094807923922,20,20,student_concept_state_buffers
assist_17,6218,no_CRG,random_history_mask,0.0,0.10267839580774307,0.10834094807923922,20,0,student_concept_state_buffers
assist_17,6240,no_CRG,original,0.0,0.08033716678619385,0.08374816174849169,72,,student_concept_state_buffers
assist_17,6240,no_CRG,target_concept_mask,0.0,0.08033716678619385,0.08374816174849169,72,72,student_concept_state_buffers
assist_17,6240,no_CRG,random_history_mask,0.0,0.08033716678619385,0.08374816174849169,72,65,student_concept_state_buffers
assist_17,6296,no_CRG,original,0.0,0.3198208212852478,0.38539901741158483,32,,student_concept_state_buffers
assist_17,6296,no_CRG,target_concept_mask,0.0,0.3198208212852478,0.38539901741158483,32,32,student_concept_state_buffers
assist_17,6296,no_CRG,random_history_mask,0.0,0.3198208212852478,0.38539901741158483,32,35,student_concept_state_buffers
assist_17,6434,no_CRG,original,0.0,0.3461574614048004,0.4248887231878939,25,,student_concept_state_buffers
assist_17,6434,no_CRG,target_concept_mask,0.0,0.3461574614048004,0.4248887231878939,25,25,student_concept_state_buffers
assist_17,6434,no_CRG,random_history_mask,0.0,0.3461574614048004,0.4248887231878939,25,24,student_concept_state_buffers
assist_17,6444,no_CRG,original,0.0,0.12677501142024994,0.13556203746919213,14,,student_concept_state_buffers
assist_17,6444,no_CRG,target_concept_mask,0.0,0.12677501142024994,0.13556203746919213,14,14,student_concept_state_buffers
assist_17,6444,no_CRG,random_history_mask,0.0,0.12677501142024994,0.13556203746919213,14,57,student_concept_state_buffers
assist_17,6454,no_CRG,original,1.0,0.38199761509895325,0.9623409135915082,11,,student_concept_state_buffers
assist_17,6454,no_CRG,target_concept_mask,1.0,0.38199761509895325,0.9623409135915082,11,11,student_concept_state_buffers
assist_17,6454,no_CRG,random_history_mask,1.0,0.38199761509895325,0.9623409135915082,11,62,student_concept_state_buffers
assist_17,6601,no_CRG,original,0.0,0.25337493419647217,0.2921921397950279,32,,student_concept_state_buffers
assist_17,6601,no_CRG,target_concept_mask,0.0,0.25337493419647217,0.2921921397950279,32,32,student_concept_state_buffers
assist_17,6601,no_CRG,random_history_mask,0.0,0.25337493419647217,0.2921921397950279,32,1,student_concept_state_buffers
assist_17,7193,no_CRG,original,1.0,0.688534677028656,0.37318959602706187,68,,student_concept_state_buffers
assist_17,7193,no_CRG,target_concept_mask,1.0,0.688534677028656,0.37318959602706187,68,68,student_concept_state_buffers
assist_17,7193,no_CRG,random_history_mask,1.0,0.688534677028656,0.37318959602706187,68,36,student_concept_state_buffers
assist_17,7282,no_CRG,original,1.0,0.6610289216041565,0.4139576857697058,37,,student_concept_state_buffers
assist_17,7282,no_CRG,target_concept_mask,1.0,0.6610289216041565,0.4139576857697058,37,37,student_concept_state_buffers
assist_17,7282,no_CRG,random_history_mask,1.0,0.6610289216041565,0.4139576857697058,37,36,student_concept_state_buffers
assist_17,7310,no_CRG,original,0.0,0.5942624807357788,0.902048832729727,37,,student_concept_state_buffers
assist_17,7310,no_CRG,target_concept_mask,0.0,0.5942624807357788,0.902048832729727,37,37,student_concept_state_buffers
assist_17,7310,no_CRG,random_history_mask,0.0,0.5942624807357788,0.902048832729727,37,38,student_concept_state_buffers
assist_17,7514,no_CRG,original,0.0,0.1264626532793045,0.13520439506076323,35,,student_concept_state_buffers
assist_17,7514,no_CRG,target_concept_mask,0.0,0.1264626532793045,0.13520439506076323,35,35,student_concept_state_buffers
assist_17,7514,no_CRG,random_history_mask,0.0,0.1264626532793045,0.13520439506076323,35,20,student_concept_state_buffers
assist_17,7652,no_CRG,original,1.0,0.33737149834632874,1.0865705868120852,1,,student_concept_state_buffers
assist_17,7652,no_CRG,target_concept_mask,1.0,0.33737149834632874,1.0865705868120852,1,1,student_concept_state_buffers
assist_17,7652,no_CRG,random_history_mask,1.0,0.33737149834632874,1.0865705868120852,1,46,student_concept_state_buffers
assist_17,7686,no_CRG,original,0.0,0.49992430210113525,0.6929957962214031,57,,student_concept_state_buffers
assist_17,7686,no_CRG,target_concept_mask,0.0,0.49992430210113525,0.6929957962214031,57,57,student_concept_state_buffers
assist_17,7686,no_CRG,random_history_mask,0.0,0.49992430210113525,0.6929957962214031,57,39,student_concept_state_buffers
assist_17,7838,no_CRG,original,1.0,0.4044950604438782,0.9051157540689597,7,,student_concept_state_buffers
assist_17,7838,no_CRG,target_concept_mask,1.0,0.4044950604438782,0.9051157540689597,7,7,student_concept_state_buffers
assist_17,7838,no_CRG,random_history_mask,1.0,0.4044950604438782,0.9051157540689597,7,48,student_concept_state_buffers
assist_17,7971,no_CRG,original,0.0,0.3114740252494812,0.37320223494478283,10,,student_concept_state_buffers
assist_17,7971,no_CRG,target_concept_mask,0.0,0.3114740252494812,0.37320223494478283,10,10,student_concept_state_buffers
assist_17,7971,no_CRG,random_history_mask,0.0,0.3114740252494812,0.37320223494478283,10,45,student_concept_state_buffers
assist_17,7993,no_CRG,original,0.0,0.23874877393245697,0.2727918493615696,57,,student_concept_state_buffers
assist_17,7993,no_CRG,target_concept_mask,0.0,0.23874877393245697,0.2727918493615696,57,57,student_concept_state_buffers
assist_17,7993,no_CRG,random_history_mask,0.0,0.23874877393245697,0.2727918493615696,57,29,student_concept_state_buffers
assist_17,8133,no_CRG,original,0.0,0.24620245397090912,0.28263145362124786,46,,student_concept_state_buffers
assist_17,8133,no_CRG,target_concept_mask,0.0,0.24620245397090912,0.28263145362124786,46,46,student_concept_state_buffers
assist_17,8133,no_CRG,random_history_mask,0.0,0.24620245397090912,0.28263145362124786,46,2,student_concept_state_buffers
assist_17,8315,no_CRG,original,1.0,0.4380527138710022,0.82541602454367,4,,student_concept_state_buffers
assist_17,8315,no_CRG,target_concept_mask,1.0,0.4380527138710022,0.82541602454367,4,4,student_concept_state_buffers
assist_17,8315,no_CRG,random_history_mask,1.0,0.4380527138710022,0.82541602454367,4,7,student_concept_state_buffers
assist_17,8528,no_CRG,original,0.0,0.33812522888183594,0.41267890843477667,35,,student_concept_state_buffers
assist_17,8528,no_CRG,target_concept_mask,0.0,0.33812522888183594,0.41267890843477667,35,35,student_concept_state_buffers
assist_17,8528,no_CRG,random_history_mask,0.0,0.33812522888183594,0.41267890843477667,35,44,student_concept_state_buffers
assist_17,8703,no_CRG,original,1.0,0.17739222943782806,1.729392012558529,57,,student_concept_state_buffers
assist_17,8703,no_CRG,target_concept_mask,1.0,0.17739222943782806,1.729392012558529,57,57,student_concept_state_buffers
assist_17,8703,no_CRG,random_history_mask,1.0,0.17739222943782806,1.729392012558529,57,20,student_concept_state_buffers
assist_17,8706,no_CRG,original,0.0,0.32657817006111145,0.3953833552889315,20,,student_concept_state_buffers
assist_17,8706,no_CRG,target_concept_mask,0.0,0.32657817006111145,0.3953833552889315,20,20,student_concept_state_buffers
assist_17,8706,no_CRG,random_history_mask,0.0,0.32657817006111145,0.3953833552889315,20,59,student_concept_state_buffers
assist_17,8827,no_CRG,original,1.0,0.4670361280441284,0.7613486623266615,54,,student_concept_state_buffers
assist_17,8827,no_CRG,target_concept_mask,1.0,0.4670361280441284,0.7613486623266615,54,54,student_concept_state_buffers
assist_17,8827,no_CRG,random_history_mask,1.0,0.4670361280441284,0.7613486623266615,54,42,student_concept_state_buffers
assist_17,8840,no_CRG,original,1.0,0.4267747700214386,0.8514988755908952,71,,student_concept_state_buffers
assist_17,8840,no_CRG,target_concept_mask,1.0,0.4267747700214386,0.8514988755908952,71,71,student_concept_state_buffers
assist_17,8840,no_CRG,random_history_mask,1.0,0.4267747700214386,0.8514988755908952,71,52,student_concept_state_buffers
assist_17,9022,no_CRG,original,1.0,0.3044520318508148,1.189241735109079,14,,student_concept_state_buffers
assist_17,9022,no_CRG,target_concept_mask,1.0,0.3044520318508148,1.189241735109079,14,14,student_concept_state_buffers
assist_17,9022,no_CRG,random_history_mask,1.0,0.3044520318508148,1.189241735109079,14,64,student_concept_state_buffers
assist_17,9078,no_CRG,original,0.0,0.1315077394247055,0.14099660459538124,11,,student_concept_state_buffers
assist_17,9078,no_CRG,target_concept_mask,0.0,0.1315077394247055,0.14099660459538124,11,11,student_concept_state_buffers
assist_17,9078,no_CRG,random_history_mask,0.0,0.1315077394247055,0.14099660459538124,11,14,student_concept_state_buffers
assist_17,9163,no_CRG,original,1.0,0.6571877002716064,0.4197856083447268,32,,student_concept_state_buffers
assist_17,9163,no_CRG,target_concept_mask,1.0,0.6571877002716064,0.4197856083447268,32,32,student_concept_state_buffers
assist_17,9163,no_CRG,random_history_mask,1.0,0.6571877002716064,0.4197856083447268,32,39,student_concept_state_buffers
assist_17,9187,no_CRG,original,0.0,0.39882296323776245,0.5088658175043851,46,,student_concept_state_buffers
assist_17,9187,no_CRG,target_concept_mask,0.0,0.39882296323776245,0.5088658175043851,46,46,student_concept_state_buffers
assist_17,9187,no_CRG,random_history_mask,0.0,0.39882296323776245,0.5088658175043851,46,0,student_concept_state_buffers
assist_17,9487,no_CRG,original,0.0,0.1143210232257843,0.12140072273123208,58,,student_concept_state_buffers
assist_17,9487,no_CRG,target_concept_mask,0.0,0.1143210232257843,0.12140072273123208,58,58,student_concept_state_buffers
assist_17,9487,no_CRG,random_history_mask,0.0,0.1143210232257843,0.12140072273123208,58,48,student_concept_state_buffers
assist_17,9640,no_CRG,original,0.0,0.5186852812767029,0.7312339219578361,14,,student_concept_state_buffers
assist_17,9640,no_CRG,target_concept_mask,0.0,0.5186852812767029,0.7312339219578361,14,14,student_concept_state_buffers
assist_17,9640,no_CRG,random_history_mask,0.0,0.5186852812767029,0.7312339219578361,14,33,student_concept_state_buffers
assist_17,9955,no_CRG,original,1.0,0.3354435861110687,1.0923014854092206,20,,student_concept_state_buffers
assist_17,9955,no_CRG,target_concept_mask,1.0,0.3354435861110687,1.0923014854092206,20,20,student_concept_state_buffers
assist_17,9955,no_CRG,random_history_mask,1.0,0.3354435861110687,1.0923014854092206,20,57,student_concept_state_buffers
assist_17,10132,no_CRG,original,0.0,0.22853964567184448,0.25946999627876716,62,,student_concept_state_buffers
assist_17,10132,no_CRG,target_concept_mask,0.0,0.22853964567184448,0.25946999627876716,62,62,student_concept_state_buffers
assist_17,10132,no_CRG,random_history_mask,0.0,0.22853964567184448,0.25946999627876716,62,48,student_concept_state_buffers
assist_17,10460,no_CRG,original,1.0,0.46102312207221985,0.7743070809044039,78,,student_concept_state_buffers
assist_17,10460,no_CRG,target_concept_mask,1.0,0.46102312207221985,0.7743070809044039,78,78,student_concept_state_buffers
assist_17,10460,no_CRG,random_history_mask,1.0,0.46102312207221985,0.7743070809044039,78,62,student_concept_state_buffers
assist_17,10780,no_CRG,original,1.0,0.7968294024467468,0.22711467273148336,14,,student_concept_state_buffers
assist_17,10780,no_CRG,target_concept_mask,1.0,0.7968294024467468,0.22711467273148336,14,14,student_concept_state_buffers
assist_17,10780,no_CRG,random_history_mask,1.0,0.7968294024467468,0.22711467273148336,14,88,student_concept_state_buffers
assist_17,10998,no_CRG,original,1.0,0.2674240171909332,1.3189198008796787,58,,student_concept_state_buffers
assist_17,10998,no_CRG,target_concept_mask,1.0,0.2674240171909332,1.3189198008796787,58,58,student_concept_state_buffers
assist_17,10998,no_CRG,random_history_mask,1.0,0.2674240171909332,1.3189198008796787,58,37,student_concept_state_buffers
assist_17,11213,no_CRG,original,0.0,0.49713757634162903,0.6874386579070976,20,,student_concept_state_buffers
assist_17,11213,no_CRG,target_concept_mask,0.0,0.49713757634162903,0.6874386579070976,20,20,student_concept_state_buffers
assist_17,11213,no_CRG,random_history_mask,0.0,0.49713757634162903,0.6874386579070976,20,57,student_concept_state_buffers
assist_17,11344,no_CRG,original,0.0,0.27410346269607544,0.32034778491359633,33,,student_concept_state_buffers
assist_17,11344,no_CRG,target_concept_mask,0.0,0.27410346269607544,0.32034778491359633,33,33,student_concept_state_buffers
assist_17,11344,no_CRG,random_history_mask,0.0,0.27410346269607544,0.32034778491359633,33,13,student_concept_state_buffers
assist_17,11595,no_CRG,original,1.0,0.5078816413879395,0.6775068479437205,14,,student_concept_state_buffers
assist_17,11595,no_CRG,target_concept_mask,1.0,0.5078816413879395,0.6775068479437205,14,14,student_concept_state_buffers
assist_17,11595,no_CRG,random_history_mask,1.0,0.5078816413879395,0.6775068479437205,14,41,student_concept_state_buffers
assist_17,11790,no_CRG,original,1.0,0.202328160405159,1.5978643432841684,64,,student_concept_state_buffers
assist_17,11790,no_CRG,target_concept_mask,1.0,0.202328160405159,1.5978643432841684,64,64,student_concept_state_buffers
assist_17,11790,no_CRG,random_history_mask,1.0,0.202328160405159,1.5978643432841684,64,28,student_concept_state_buffers
assist_17,11886,no_CRG,original,0.0,0.09728774428367615,0.10235143003780592,52,,student_concept_state_buffers
assist_17,11886,no_CRG,target_concept_mask,0.0,0.09728774428367615,0.10235143003780592,52,52,student_concept_state_buffers
assist_17,11886,no_CRG,random_history_mask,0.0,0.09728774428367615,0.10235143003780592,52,4,student_concept_state_buffers
assist_17,11937,no_CRG,original,1.0,0.29115259647369385,1.2339077627456636,59,,student_concept_state_buffers
assist_17,11937,no_CRG,target_concept_mask,1.0,0.29115259647369385,1.2339077627456636,59,59,student_concept_state_buffers
assist_17,11937,no_CRG,random_history_mask,1.0,0.29115259647369385,1.2339077627456636,59,67,student_concept_state_buffers
assist_17,12070,no_CRG,original,1.0,0.6706163287162781,0.39955809583356994,10,,student_concept_state_buffers
assist_17,12070,no_CRG,target_concept_mask,1.0,0.6706163287162781,0.39955809583356994,10,10,student_concept_state_buffers
assist_17,12070,no_CRG,random_history_mask,1.0,0.6706163287162781,0.39955809583356994,10,11,student_concept_state_buffers
assist_17,12187,no_CRG,original,1.0,0.8299474716186523,0.18639286740065616,32,,student_concept_state_buffers
assist_17,12187,no_CRG,target_concept_mask,1.0,0.8299474716186523,0.18639286740065616,32,32,student_concept_state_buffers
assist_17,12187,no_CRG,random_history_mask,1.0,0.8299474716186523,0.18639286740065616,32,25,student_concept_state_buffers
assist_17,12195,no_CRG,original,0.0,0.331432044506073,0.40261723391329163,58,,student_concept_state_buffers
assist_17,12195,no_CRG,target_concept_mask,0.0,0.331432044506073,0.40261723391329163,58,58,student_concept_state_buffers
assist_17,12195,no_CRG,random_history_mask,0.0,0.331432044506073,0.40261723391329163,58,4,student_concept_state_buffers
assist_17,12266,no_CRG,original,1.0,0.7982136607170105,0.22537897211028188,71,,student_concept_state_buffers
assist_17,12266,no_CRG,target_concept_mask,1.0,0.7982136607170105,0.22537897211028188,71,71,student_concept_state_buffers
assist_17,12266,no_CRG,random_history_mask,1.0,0.7982136607170105,0.22537897211028188,71,34,student_concept_state_buffers
assist_17,12287,no_CRG,original,1.0,0.7713149189949036,0.2596585335676355,14,,student_concept_state_buffers
assist_17,12287,no_CRG,target_concept_mask,1.0,0.7713149189949036,0.2596585335676355,14,14,student_concept_state_buffers
assist_17,12287,no_CRG,random_history_mask,1.0,0.7713149189949036,0.2596585335676355,14,58,student_concept_state_buffers
assist_17,12434,no_CRG,original,1.0,0.7289893627166748,0.31609613868943703,51,,student_concept_state_buffers
assist_17,12434,no_CRG,target_concept_mask,1.0,0.7289893627166748,0.31609613868943703,51,51,student_concept_state_buffers
assist_17,12434,no_CRG,random_history_mask,1.0,0.7289893627166748,0.31609613868943703,51,46,student_concept_state_buffers
assist_17,12813,no_CRG,original,1.0,0.455980509519577,0.7853052126628577,28,,student_concept_state_buffers
assist_17,12813,no_CRG,target_concept_mask,1.0,0.455980509519577,0.7853052126628577,28,28,student_concept_state_buffers
assist_17,12813,no_CRG,random_history_mask,1.0,0.455980509519577,0.7853052126628577,28,7,student_concept_state_buffers
assist_17,13021,no_CRG,original,0.0,0.3690798878669739,0.46057602963349054,12,,student_concept_state_buffers
assist_17,13021,no_CRG,target_concept_mask,0.0,0.3690798878669739,0.46057602963349054,12,12,student_concept_state_buffers
assist_17,13021,no_CRG,random_history_mask,0.0,0.3690798878669739,0.46057602963349054,12,79,student_concept_state_buffers
assist_17,13044,no_CRG,original,0.0,0.31491950154304504,0.37821893162882075,2,,student_concept_state_buffers
assist_17,13044,no_CRG,target_concept_mask,0.0,0.31491950154304504,0.37821893162882075,2,2,student_concept_state_buffers
assist_17,13044,no_CRG,random_history_mask,0.0,0.31491950154304504,0.37821893162882075,2,41,student_concept_state_buffers
assist_17,13085,no_CRG,original,1.0,0.6443244218826294,0.4395529190352879,38,,student_concept_state_buffers
assist_17,13085,no_CRG,target_concept_mask,1.0,0.6443244218826294,0.4395529190352879,38,38,student_concept_state_buffers
assist_17,13085,no_CRG,random_history_mask,1.0,0.6443244218826294,0.4395529190352879,38,92,student_concept_state_buffers
assist_17,13379,no_CRG,original,1.0,0.3923324644565582,0.9356456750316112,20,,student_concept_state_buffers
assist_17,13379,no_CRG,target_concept_mask,1.0,0.3923324644565582,0.9356456750316112,20,20,student_concept_state_buffers
assist_17,13379,no_CRG,random_history_mask,1.0,0.3923324644565582,0.9356456750316112,20,13,student_concept_state_buffers
assist_17,13402,no_CRG,original,0.0,0.2280917763710022,0.2588896173338922,36,,student_concept_state_buffers
assist_17,13402,no_CRG,target_concept_mask,0.0,0.2280917763710022,0.2588896173338922,36,36,student_concept_state_buffers
assist_17,13402,no_CRG,random_history_mask,0.0,0.2280917763710022,0.2588896173338922,36,3,student_concept_state_buffers
assist_17,13683,no_CRG,original,1.0,0.49657800793647766,0.7000146921555516,20,,student_concept_state_buffers
assist_17,13683,no_CRG,target_concept_mask,1.0,0.49657800793647766,0.7000146921555516,20,20,student_concept_state_buffers
assist_17,13683,no_CRG,random_history_mask,1.0,0.49657800793647766,0.7000146921555516,20,36,student_concept_state_buffers
assist_17,13726,no_CRG,original,1.0,0.9473843574523926,0.05405039965645663,14,,student_concept_state_buffers
assist_17,13726,no_CRG,target_concept_mask,1.0,0.9473843574523926,0.05405039965645663,14,14,student_concept_state_buffers
assist_17,13726,no_CRG,random_history_mask,1.0,0.9473843574523926,0.05405039965645663,14,75,student_concept_state_buffers
assist_17,13830,no_CRG,original,0.0,0.5505651831626892,0.7997644481835567,51,,student_concept_state_buffers
assist_17,13830,no_CRG,target_concept_mask,0.0,0.5505651831626892,0.7997644481835567,51,51,student_concept_state_buffers
assist_17,13830,no_CRG,random_history_mask,0.0,0.5505651831626892,0.7997644481835567,51,6,student_concept_state_buffers
assist_17,14113,no_CRG,original,0.0,0.42648202180862427,0.5559659947063652,3,,student_concept_state_buffers
assist_17,14113,no_CRG,target_concept_mask,0.0,0.42648202180862427,0.5559659947063652,3,3,student_concept_state_buffers
assist_17,14113,no_CRG,random_history_mask,0.0,0.42648202180862427,0.5559659947063652,3,8,student_concept_state_buffers
assist_17,14115,no_CRG,original,1.0,0.5537389516830444,0.591061909635747,59,,student_concept_state_buffers
assist_17,14115,no_CRG,target_concept_mask,1.0,0.5537389516830444,0.591061909635747,59,59,student_concept_state_buffers
assist_17,14115,no_CRG,random_history_mask,1.0,0.5537389516830444,0.591061909635747,59,65,student_concept_state_buffers
assist_17,14276,no_CRG,original,0.0,0.5322589874267578,0.7598405281798395,62,,student_concept_state_buffers
assist_17,14276,no_CRG,target_concept_mask,0.0,0.5322589874267578,0.7598405281798395,62,62,student_concept_state_buffers
assist_17,14276,no_CRG,random_history_mask,0.0,0.5322589874267578,0.7598405281798395,62,44,student_concept_state_buffers
assist_17,14438,no_CRG,original,0.0,0.25188758969306946,0.2902020311397439,13,,student_concept_state_buffers
assist_17,14438,no_CRG,target_concept_mask,0.0,0.25188758969306946,0.2902020311397439,13,13,student_concept_state_buffers
assist_17,14438,no_CRG,random_history_mask,0.0,0.25188758969306946,0.2902020311397439,13,74,student_concept_state_buffers
assist_17,14610,no_CRG,original,1.0,0.6139562129974365,0.4878316677144054,56,,student_concept_state_buffers
assist_17,14610,no_CRG,target_concept_mask,1.0,0.6139562129974365,0.4878316677144054,56,56,student_concept_state_buffers
assist_17,14610,no_CRG,random_history_mask,1.0,0.6139562129974365,0.4878316677144054,56,23,student_concept_state_buffers
assist_17,14656,no_CRG,original,0.0,0.22311945259571075,0.2524686760774405,66,,student_concept_state_buffers
assist_17,14656,no_CRG,target_concept_mask,0.0,0.22311945259571075,0.2524686760774405,66,66,student_concept_state_buffers
assist_17,14656,no_CRG,random_history_mask,0.0,0.22311945259571075,0.2524686760774405,66,7,student_concept_state_buffers
assist_17,14874,no_CRG,original,0.0,0.15199121832847595,0.16486428749913257,36,,student_concept_state_buffers
assist_17,14874,no_CRG,target_concept_mask,0.0,0.15199121832847595,0.16486428749913257,36,36,student_concept_state_buffers
assist_17,14874,no_CRG,random_history_mask,0.0,0.15199121832847595,0.16486428749913257,36,79,student_concept_state_buffers
assist_17,14942,no_CRG,original,1.0,0.8977425694465637,0.1078719227728396,14,,student_concept_state_buffers
assist_17,14942,no_CRG,target_concept_mask,1.0,0.8977425694465637,0.1078719227728396,14,14,student_concept_state_buffers
assist_17,14942,no_CRG,random_history_mask,1.0,0.8977425694465637,0.1078719227728396,14,85,student_concept_state_buffers
assist_17,15068,no_CRG,original,1.0,0.8168972134590149,0.20224200175652882,14,,student_concept_state_buffers
assist_17,15068,no_CRG,target_concept_mask,1.0,0.8168972134590149,0.20224200175652882,14,14,student_concept_state_buffers
assist_17,15068,no_CRG,random_history_mask,1.0,0.8168972134590149,0.20224200175652882,14,2,student_concept_state_buffers
assist_17,15084,no_CRG,original,1.0,0.6244332194328308,0.4709108895894359,20,,student_concept_state_buffers
assist_17,15084,no_CRG,target_concept_mask,1.0,0.6244332194328308,0.4709108895894359,20,20,student_concept_state_buffers
assist_17,15084,no_CRG,random_history_mask,1.0,0.6244332194328308,0.4709108895894359,20,78,student_concept_state_buffers
assist_17,15386,no_CRG,original,1.0,0.9512509107589722,0.049977412372826296,60,,student_concept_state_buffers
assist_17,15386,no_CRG,target_concept_mask,1.0,0.9512509107589722,0.049977412372826296,60,60,student_concept_state_buffers
assist_17,15386,no_CRG,random_history_mask,1.0,0.9512509107589722,0.049977412372826296,60,58,student_concept_state_buffers
assist_17,15391,no_CRG,original,1.0,0.7839981913566589,0.24334856557742726,13,,student_concept_state_buffers
assist_17,15391,no_CRG,target_concept_mask,1.0,0.7839981913566589,0.24334856557742726,13,13,student_concept_state_buffers
assist_17,15391,no_CRG,random_history_mask,1.0,0.7839981913566589,0.24334856557742726,13,71,student_concept_state_buffers
assist_17,15527,no_CRG,original,0.0,0.05299519747495651,0.05445111450475364,36,,student_concept_state_buffers
assist_17,15527,no_CRG,target_concept_mask,0.0,0.05299519747495651,0.05445111450475364,36,36,student_concept_state_buffers
assist_17,15527,no_CRG,random_history_mask,0.0,0.05299519747495651,0.05445111450475364,36,26,student_concept_state_buffers
assist_17,15654,no_CRG,original,1.0,0.16378745436668396,1.8091857016644068,57,,student_concept_state_buffers
assist_17,15654,no_CRG,target_concept_mask,1.0,0.16378745436668396,1.8091857016644068,57,57,student_concept_state_buffers
assist_17,15654,no_CRG,random_history_mask,1.0,0.16378745436668396,1.8091857016644068,57,54,student_concept_state_buffers
assist_17,16017,no_CRG,original,1.0,0.5910796523094177,0.5258044951761898,57,,student_concept_state_buffers
assist_17,16017,no_CRG,target_concept_mask,1.0,0.5910796523094177,0.5258044951761898,57,57,student_concept_state_buffers
assist_17,16017,no_CRG,random_history_mask,1.0,0.5910796523094177,0.5258044951761898,57,47,student_concept_state_buffers
assist_17,16219,no_CRG,original,0.0,0.308501660823822,0.3688945296500161,88,,student_concept_state_buffers
assist_17,16219,no_CRG,target_concept_mask,0.0,0.308501660823822,0.3688945296500161,88,88,student_concept_state_buffers
assist_17,16219,no_CRG,random_history_mask,0.0,0.308501660823822,0.3688945296500161,88,2,student_concept_state_buffers
assist_17,16241,no_CRG,original,0.0,0.614306628704071,0.9527126000812365,58,,student_concept_state_buffers
assist_17,16241,no_CRG,target_concept_mask,0.0,0.614306628704071,0.9527126000812365,58,58,student_concept_state_buffers
assist_17,16241,no_CRG,random_history_mask,0.0,0.614306628704071,0.9527126000812365,58,52,student_concept_state_buffers
assist_17,16282,no_CRG,original,1.0,0.6439973711967468,0.4400606348787439,63,,student_concept_state_buffers
assist_17,16282,no_CRG,target_concept_mask,1.0,0.6439973711967468,0.4400606348787439,63,63,student_concept_state_buffers
assist_17,16282,no_CRG,random_history_mask,1.0,0.6439973711967468,0.4400606348787439,63,78,student_concept_state_buffers
assist_17,16424,no_CRG,original,0.0,0.31534817814826965,0.3788448592102387,34,,student_concept_state_buffers
assist_17,16424,no_CRG,target_concept_mask,0.0,0.31534817814826965,0.3788448592102387,34,34,student_concept_state_buffers
assist_17,16424,no_CRG,random_history_mask,0.0,0.31534817814826965,0.3788448592102387,34,24,student_concept_state_buffers
assist_17,16614,no_CRG,original,1.0,0.5505454540252686,0.5968457576080786,20,,student_concept_state_buffers
assist_17,16614,no_CRG,target_concept_mask,1.0,0.5505454540252686,0.5968457576080786,20,20,student_concept_state_buffers
assist_17,16614,no_CRG,random_history_mask,1.0,0.5505454540252686,0.5968457576080786,20,7,student_concept_state_buffers
assist_17,16616,no_CRG,original,1.0,0.7771512866020203,0.25212024151574663,14,,student_concept_state_buffers
assist_17,16616,no_CRG,target_concept_mask,1.0,0.7771512866020203,0.25212024151574663,14,14,student_concept_state_buffers
assist_17,16616,no_CRG,random_history_mask,1.0,0.7771512866020203,0.25212024151574663,14,62,student_concept_state_buffers
assist_17,16984,no_CRG,original,0.0,0.42879974842071533,0.5600154275169352,13,,student_concept_state_buffers
assist_17,16984,no_CRG,target_concept_mask,0.0,0.42879974842071533,0.5600154275169352,13,13,student_concept_state_buffers
assist_17,16984,no_CRG,random_history_mask,0.0,0.42879974842071533,0.5600154275169352,13,10,student_concept_state_buffers
assist_17,17674,no_CRG,original,0.0,0.5431349277496338,0.783367178398748,35,,student_concept_state_buffers
assist_17,17674,no_CRG,target_concept_mask,0.0,0.5431349277496338,0.783367178398748,35,35,student_concept_state_buffers
assist_17,17674,no_CRG,random_history_mask,0.0,0.5431349277496338,0.783367178398748,35,48,student_concept_state_buffers
assist_17,17693,no_CRG,original,0.0,0.05928335338830948,0.06111330417729054,35,,student_concept_state_buffers
assist_17,17693,no_CRG,target_concept_mask,0.0,0.05928335338830948,0.06111330417729054,35,35,student_concept_state_buffers
assist_17,17693,no_CRG,random_history_mask,0.0,0.05928335338830948,0.06111330417729054,35,48,student_concept_state_buffers
assist_17,17822,no_CRG,original,0.0,0.41749638319015503,0.5404198844459442,20,,student_concept_state_buffers
assist_17,17822,no_CRG,target_concept_mask,0.0,0.41749638319015503,0.5404198844459442,20,20,student_concept_state_buffers
assist_17,17822,no_CRG,random_history_mask,0.0,0.41749638319015503,0.5404198844459442,20,60,student_concept_state_buffers
assist_17,18375,no_CRG,original,1.0,0.6674621105194092,0.40427265358563036,34,,student_concept_state_buffers
assist_17,18375,no_CRG,target_concept_mask,1.0,0.6674621105194092,0.40427265358563036,34,34,student_concept_state_buffers
assist_17,18375,no_CRG,random_history_mask,1.0,0.6674621105194092,0.40427265358563036,34,88,student_concept_state_buffers
assist_17,18469,no_CRG,original,0.0,0.0071486011147499084,0.00717427479077899,57,,student_concept_state_buffers
assist_17,18469,no_CRG,target_concept_mask,0.0,0.0071486011147499084,0.00717427479077899,57,57,student_concept_state_buffers
assist_17,18469,no_CRG,random_history_mask,0.0,0.0071486011147499084,0.00717427479077899,57,13,student_concept_state_buffers
assist_17,18485,no_CRG,original,0.0,0.21843235194683075,0.2464535710585849,20,,student_concept_state_buffers
assist_17,18485,no_CRG,target_concept_mask,0.0,0.21843235194683075,0.2464535710585849,20,20,student_concept_state_buffers
assist_17,18485,no_CRG,random_history_mask,0.0,0.21843235194683075,0.2464535710585849,20,13,student_concept_state_buffers
assist_17,18689,no_CRG,original,0.0,0.4944489896297455,0.6821063348901946,34,,student_concept_state_buffers
assist_17,18689,no_CRG,target_concept_mask,0.0,0.4944489896297455,0.6821063348901946,34,34,student_concept_state_buffers
assist_17,18689,no_CRG,random_history_mask,0.0,0.4944489896297455,0.6821063348901946,34,5,student_concept_state_buffers
assist_17,18738,no_CRG,original,1.0,0.531765878200531,0.6315519650739164,13,,student_concept_state_buffers
assist_17,18738,no_CRG,target_concept_mask,1.0,0.531765878200531,0.6315519650739164,13,13,student_concept_state_buffers
assist_17,18738,no_CRG,random_history_mask,1.0,0.531765878200531,0.6315519650739164,13,36,student_concept_state_buffers
assist_17,18799,no_CRG,original,1.0,0.39114469289779663,0.9386777288894136,36,,student_concept_state_buffers
assist_17,18799,no_CRG,target_concept_mask,1.0,0.39114469289779663,0.9386777288894136,36,36,student_concept_state_buffers
assist_17,18799,no_CRG,random_history_mask,1.0,0.39114469289779663,0.9386777288894136,36,67,student_concept_state_buffers
assist_17,19045,no_CRG,original,0.0,0.07466563582420349,0.07760013200133731,5,,student_concept_state_buffers
assist_17,19045,no_CRG,target_concept_mask,0.0,0.07466563582420349,0.07760013200133731,5,5,student_concept_state_buffers
assist_17,19045,no_CRG,random_history_mask,0.0,0.07466563582420349,0.07760013200133731,5,71,student_concept_state_buffers
assist_17,19172,no_CRG,original,1.0,0.5710534453392029,0.5602724741630283,41,,student_concept_state_buffers
assist_17,19172,no_CRG,target_concept_mask,1.0,0.5710534453392029,0.5602724741630283,41,41,student_concept_state_buffers
assist_17,19172,no_CRG,random_history_mask,1.0,0.5710534453392029,0.5602724741630283,41,50,student_concept_state_buffers
assist_17,19311,no_CRG,original,1.0,0.5977013111114502,0.5146641295598051,75,,student_concept_state_buffers
assist_17,19311,no_CRG,target_concept_mask,1.0,0.5977013111114502,0.5146641295598051,75,75,student_concept_state_buffers
assist_17,19311,no_CRG,random_history_mask,1.0,0.5977013111114502,0.5146641295598051,75,6,student_concept_state_buffers
assist_17,19374,no_CRG,original,0.0,0.11787638813257217,0.1254230832858154,26,,student_concept_state_buffers
assist_17,19374,no_CRG,target_concept_mask,0.0,0.11787638813257217,0.1254230832858154,26,26,student_concept_state_buffers
assist_17,19374,no_CRG,random_history_mask,0.0,0.11787638813257217,0.1254230832858154,26,31,student_concept_state_buffers
assist_17,19477,no_CRG,original,1.0,0.2816523611545563,1.2670817303832596,20,,student_concept_state_buffers
assist_17,19477,no_CRG,target_concept_mask,1.0,0.2816523611545563,1.2670817303832596,20,20,student_concept_state_buffers
assist_17,19477,no_CRG,random_history_mask,1.0,0.2816523611545563,1.2670817303832596,20,13,student_concept_state_buffers
assist_17,19621,no_CRG,original,0.0,0.010637380182743073,0.010694361559950709,20,,student_concept_state_buffers
assist_17,19621,no_CRG,target_concept_mask,0.0,0.010637380182743073,0.010694361559950709,20,20,student_concept_state_buffers
assist_17,19621,no_CRG,random_history_mask,0.0,0.010637380182743073,0.010694361559950709,20,63,student_concept_state_buffers
assist_17,19631,no_CRG,original,1.0,0.12138813734054565,2.10876212061271,12,,student_concept_state_buffers
assist_17,19631,no_CRG,target_concept_mask,1.0,0.12138813734054565,2.10876212061271,12,12,student_concept_state_buffers
assist_17,19631,no_CRG,random_history_mask,1.0,0.12138813734054565,2.10876212061271,12,60,student_concept_state_buffers
assist_17,19674,no_CRG,original,0.0,0.24494609236717224,0.2809661314438484,20,,student_concept_state_buffers
assist_17,19674,no_CRG,target_concept_mask,0.0,0.24494609236717224,0.2809661314438484,20,20,student_concept_state_buffers
assist_17,19674,no_CRG,random_history_mask,0.0,0.24494609236717224,0.2809661314438484,20,79,student_concept_state_buffers
assist_17,19815,no_CRG,original,0.0,0.2735426723957062,0.3195755346489894,34,,student_concept_state_buffers
assist_17,19815,no_CRG,target_concept_mask,0.0,0.2735426723957062,0.3195755346489894,34,34,student_concept_state_buffers
assist_17,19815,no_CRG,random_history_mask,0.0,0.2735426723957062,0.3195755346489894,34,12,student_concept_state_buffers
assist_17,19914,no_CRG,original,1.0,0.4074728786945343,0.8977809038669614,7,,student_concept_state_buffers
assist_17,19914,no_CRG,target_concept_mask,1.0,0.4074728786945343,0.8977809038669614,7,7,student_concept_state_buffers
assist_17,19914,no_CRG,random_history_mask,1.0,0.4074728786945343,0.8977809038669614,7,91,student_concept_state_buffers
assist_17,20003,no_CRG,original,1.0,0.1304512321949005,2.0367558217184407,4,,student_concept_state_buffers
assist_17,20003,no_CRG,target_concept_mask,1.0,0.1304512321949005,2.0367558217184407,4,4,student_concept_state_buffers
assist_17,20003,no_CRG,random_history_mask,1.0,0.1304512321949005,2.0367558217184407,4,45,student_concept_state_buffers
assist_17,20086,no_CRG,original,1.0,0.6173892021179199,0.48225565634800227,20,,student_concept_state_buffers
assist_17,20086,no_CRG,target_concept_mask,1.0,0.6173892021179199,0.48225565634800227,20,20,student_concept_state_buffers
assist_17,20086,no_CRG,random_history_mask,1.0,0.6173892021179199,0.48225565634800227,20,32,student_concept_state_buffers
assist_17,20182,no_CRG,original,0.0,0.5420387983322144,0.7809708109720118,2,,student_concept_state_buffers
assist_17,20182,no_CRG,target_concept_mask,0.0,0.5420387983322144,0.7809708109720118,2,2,student_concept_state_buffers
assist_17,20182,no_CRG,random_history_mask,0.0,0.5420387983322144,0.7809708109720118,2,67,student_concept_state_buffers
assist_17,20288,no_CRG,original,0.0,0.04339693859219551,0.04436674744019959,20,,student_concept_state_buffers
assist_17,20288,no_CRG,target_concept_mask,0.0,0.04339693859219551,0.04436674744019959,20,20,student_concept_state_buffers
assist_17,20288,no_CRG,random_history_mask,0.0,0.04339693859219551,0.04436674744019959,20,31,student_concept_state_buffers
assist_17,20293,no_CRG,original,0.0,0.254027783870697,0.29306692326644357,20,,student_concept_state_buffers
assist_17,20293,no_CRG,target_concept_mask,0.0,0.254027783870697,0.29306692326644357,20,20,student_concept_state_buffers
assist_17,20293,no_CRG,random_history_mask,0.0,0.254027783870697,0.29306692326644357,20,59,student_concept_state_buffers
assist_17,20475,no_CRG,original,0.0,0.42279064655303955,0.5495502473506548,58,,student_concept_state_buffers
assist_17,20475,no_CRG,target_concept_mask,0.0,0.42279064655303955,0.5495502473506548,58,58,student_concept_state_buffers
assist_17,20475,no_CRG,random_history_mask,0.0,0.42279064655303955,0.5495502473506548,58,10,student_concept_state_buffers
assist_17,20683,no_CRG,original,0.0,0.16164635121822357,0.176315252270729,57,,student_concept_state_buffers
assist_17,20683,no_CRG,target_concept_mask,0.0,0.16164635121822357,0.176315252270729,57,57,student_concept_state_buffers
assist_17,20683,no_CRG,random_history_mask,0.0,0.16164635121822357,0.176315252270729,57,11,student_concept_state_buffers
assist_17,21304,no_CRG,original,1.0,0.6639396548271179,0.40956401492011835,2,,student_concept_state_buffers
assist_17,21304,no_CRG,target_concept_mask,1.0,0.6639396548271179,0.40956401492011835,2,2,student_concept_state_buffers
assist_17,21304,no_CRG,random_history_mask,1.0,0.6639396548271179,0.40956401492011835,2,36,student_concept_state_buffers
assist_17,21377,no_CRG,original,0.0,0.6678861379623413,1.1022774109175266,7,,student_concept_state_buffers
assist_17,21377,no_CRG,target_concept_mask,0.0,0.6678861379623413,1.1022774109175266,7,7,student_concept_state_buffers
assist_17,21377,no_CRG,random_history_mask,0.0,0.6678861379623413,1.1022774109175266,7,44,student_concept_state_buffers
assist_17,21925,no_CRG,original,0.0,0.44415876269340515,0.587272569919722,84,,student_concept_state_buffers
assist_17,21925,no_CRG,target_concept_mask,0.0,0.44415876269340515,0.587272569919722,84,84,student_concept_state_buffers
assist_17,21925,no_CRG,random_history_mask,0.0,0.44415876269340515,0.587272569919722,84,36,student_concept_state_buffers
assist_17,21983,no_CRG,original,0.0,0.4049921929836273,0.5191807524866668,57,,student_concept_state_buffers
assist_17,21983,no_CRG,target_concept_mask,0.0,0.4049921929836273,0.5191807524866668,57,57,student_concept_state_buffers
assist_17,21983,no_CRG,random_history_mask,0.0,0.4049921929836273,0.5191807524866668,57,32,student_concept_state_buffers
assist_17,22027,no_CRG,original,0.0,0.2599513828754425,0.3010393961250248,14,,student_concept_state_buffers
assist_17,22027,no_CRG,target_concept_mask,0.0,0.2599513828754425,0.3010393961250248,14,14,student_concept_state_buffers
assist_17,22027,no_CRG,random_history_mask,0.0,0.2599513828754425,0.3010393961250248,14,9,student_concept_state_buffers
assist_17,22315,no_CRG,original,0.0,0.4216119945049286,0.5475103457401023,13,,student_concept_state_buffers
assist_17,22315,no_CRG,target_concept_mask,0.0,0.4216119945049286,0.5475103457401023,13,13,student_concept_state_buffers
assist_17,22315,no_CRG,random_history_mask,0.0,0.4216119945049286,0.5475103457401023,13,59,student_concept_state_buffers
assist_17,22960,no_CRG,original,1.0,0.2955189347267151,1.2190223672794642,47,,student_concept_state_buffers
assist_17,22960,no_CRG,target_concept_mask,1.0,0.2955189347267151,1.2190223672794642,47,47,student_concept_state_buffers
assist_17,22960,no_CRG,random_history_mask,1.0,0.2955189347267151,1.2190223672794642,47,55,student_concept_state_buffers
assist_17,23149,no_CRG,original,0.0,0.026276057586073875,0.026627442192281553,5,,student_concept_state_buffers
assist_17,23149,no_CRG,target_concept_mask,0.0,0.026276057586073875,0.026627442192281553,5,5,student_concept_state_buffers
assist_17,23149,no_CRG,random_history_mask,0.0,0.026276057586073875,0.026627442192281553,5,45,student_concept_state_buffers
assist_17,23561,no_CRG,original,0.0,0.10742959380149841,0.11364988194279843,4,,student_concept_state_buffers
assist_17,23561,no_CRG,target_concept_mask,0.0,0.10742959380149841,0.11364988194279843,4,4,student_concept_state_buffers
assist_17,23561,no_CRG,random_history_mask,0.0,0.10742959380149841,0.11364988194279843,4,43,student_concept_state_buffers
assist_17,23583,no_CRG,original,0.0,0.5611814856529236,0.8236693583374469,20,,student_concept_state_buffers
assist_17,23583,no_CRG,target_concept_mask,0.0,0.5611814856529236,0.8236693583374469,20,20,student_concept_state_buffers
assist_17,23583,no_CRG,random_history_mask,0.0,0.5611814856529236,0.8236693583374469,20,39,student_concept_state_buffers
assist_17,23605,no_CRG,original,1.0,0.6111837029457092,0.49235770551393493,20,,student_concept_state_buffers
assist_17,23605,no_CRG,target_concept_mask,1.0,0.6111837029457092,0.49235770551393493,20,20,student_concept_state_buffers
assist_17,23605,no_CRG,random_history_mask,1.0,0.6111837029457092,0.49235770551393493,20,8,student_concept_state_buffers
assist_17,23615,no_CRG,original,1.0,0.852340579032898,0.15976909137888778,76,,student_concept_state_buffers
assist_17,23615,no_CRG,target_concept_mask,1.0,0.852340579032898,0.15976909137888778,76,76,student_concept_state_buffers
assist_17,23615,no_CRG,random_history_mask,1.0,0.852340579032898,0.15976909137888778,76,12,student_concept_state_buffers
assist_17,23639,no_CRG,original,1.0,0.7520529627799988,0.2849485282835971,51,,student_concept_state_buffers
assist_17,23639,no_CRG,target_concept_mask,1.0,0.7520529627799988,0.2849485282835971,51,51,student_concept_state_buffers
assist_17,23639,no_CRG,random_history_mask,1.0,0.7520529627799988,0.2849485282835971,51,88,student_concept_state_buffers
assist_17,23683,no_CRG,original,1.0,0.39792630076408386,0.9214884648041021,36,,student_concept_state_buffers
assist_17,23683,no_CRG,target_concept_mask,1.0,0.39792630076408386,0.9214884648041021,36,36,student_concept_state_buffers
assist_17,23683,no_CRG,random_history_mask,1.0,0.39792630076408386,0.9214884648041021,36,0,student_concept_state_buffers
assist_17,23965,no_CRG,original,0.0,0.5674967169761658,0.8381653618324599,56,,student_concept_state_buffers
assist_17,23965,no_CRG,target_concept_mask,0.0,0.5674967169761658,0.8381653618324599,56,56,student_concept_state_buffers
assist_17,23965,no_CRG,random_history_mask,0.0,0.5674967169761658,0.8381653618324599,56,2,student_concept_state_buffers
assist_17,24101,no_CRG,original,1.0,0.7935765385627747,0.2312052867514324,33,,student_concept_state_buffers
assist_17,24101,no_CRG,target_concept_mask,1.0,0.7935765385627747,0.2312052867514324,33,33,student_concept_state_buffers
assist_17,24101,no_CRG,random_history_mask,1.0,0.7935765385627747,0.2312052867514324,33,34,student_concept_state_buffers
assist_17,24200,no_CRG,original,0.0,0.17152726650238037,0.18817135334191637,28,,student_concept_state_buffers
assist_17,24200,no_CRG,target_concept_mask,0.0,0.17152726650238037,0.18817135334191637,28,28,student_concept_state_buffers
assist_17,24200,no_CRG,random_history_mask,0.0,0.17152726650238037,0.18817135334191637,28,11,student_concept_state_buffers
assist_17,24231,no_CRG,original,0.0,0.4571375846862793,0.6108993699501266,63,,student_concept_state_buffers
assist_17,24231,no_CRG,target_concept_mask,0.0,0.4571375846862793,0.6108993699501266,63,63,student_concept_state_buffers
assist_17,24231,no_CRG,random_history_mask,0.0,0.4571375846862793,0.6108993699501266,63,2,student_concept_state_buffers
assist_17,24290,no_CRG,original,0.0,0.5217101573944092,0.7375383649721647,14,,student_concept_state_buffers
assist_17,24290,no_CRG,target_concept_mask,0.0,0.5217101573944092,0.7375383649721647,14,14,student_concept_state_buffers
assist_17,24290,no_CRG,random_history_mask,0.0,0.5217101573944092,0.7375383649721647,14,27,student_concept_state_buffers
assist_17,24347,no_CRG,original,1.0,0.24028921127319336,1.425912034154837,51,,student_concept_state_buffers
assist_17,24347,no_CRG,target_concept_mask,1.0,0.24028921127319336,1.425912034154837,51,51,student_concept_state_buffers
assist_17,24347,no_CRG,random_history_mask,1.0,0.24028921127319336,1.425912034154837,51,41,student_concept_state_buffers
assist_17,24514,no_CRG,original,0.0,0.025459349155426025,0.025789046338542707,65,,student_concept_state_buffers
assist_17,24514,no_CRG,target_concept_mask,0.0,0.025459349155426025,0.025789046338542707,65,65,student_concept_state_buffers
assist_17,24514,no_CRG,random_history_mask,0.0,0.025459349155426025,0.025789046338542707,65,4,student_concept_state_buffers
assist_17,24547,no_CRG,original,1.0,0.45360687375068665,0.7905243729120569,51,,student_concept_state_buffers
assist_17,24547,no_CRG,target_concept_mask,1.0,0.45360687375068665,0.7905243729120569,51,51,student_concept_state_buffers
assist_17,24547,no_CRG,random_history_mask,1.0,0.45360687375068665,0.7905243729120569,51,24,student_concept_state_buffers
assist_17,25150,no_CRG,original,0.0,0.1546815186738968,0.16804182165665799,58,,student_concept_state_buffers
assist_17,25150,no_CRG,target_concept_mask,0.0,0.1546815186738968,0.16804182165665799,58,58,student_concept_state_buffers
assist_17,25150,no_CRG,random_history_mask,0.0,0.1546815186738968,0.16804182165665799,58,30,student_concept_state_buffers
assist_17,25330,no_CRG,original,1.0,0.7726448774337769,0.257935744190745,56,,student_concept_state_buffers
assist_17,25330,no_CRG,target_concept_mask,1.0,0.7726448774337769,0.257935744190745,56,56,student_concept_state_buffers
assist_17,25330,no_CRG,random_history_mask,1.0,0.7726448774337769,0.257935744190745,56,2,student_concept_state_buffers
assist_17,25428,no_CRG,original,0.0,0.24957390129566193,0.28711410217165767,68,,student_concept_state_buffers
assist_17,25428,no_CRG,target_concept_mask,0.0,0.24957390129566193,0.28711410217165767,68,68,student_concept_state_buffers
assist_17,25428,no_CRG,random_history_mask,0.0,0.24957390129566193,0.28711410217165767,68,37,student_concept_state_buffers
assist_17,25582,no_CRG,original,0.0,0.18996106088161469,0.21067295948546066,14,,student_concept_state_buffers
assist_17,25582,no_CRG,target_concept_mask,0.0,0.18996106088161469,0.21067295948546066,14,14,student_concept_state_buffers
assist_17,25582,no_CRG,random_history_mask,0.0,0.18996106088161469,0.21067295948546066,14,36,student_concept_state_buffers
assist_17,25606,no_CRG,original,0.0,0.24202598631381989,0.277106176663342,8,,student_concept_state_buffers
assist_17,25606,no_CRG,target_concept_mask,0.0,0.24202598631381989,0.277106176663342,8,8,student_concept_state_buffers
assist_17,25606,no_CRG,random_history_mask,0.0,0.24202598631381989,0.277106176663342,8,4,student_concept_state_buffers
assist_17,25649,no_CRG,original,1.0,0.12457483261823654,2.0828486784379954,7,,student_concept_state_buffers
assist_17,25649,no_CRG,target_concept_mask,1.0,0.12457483261823654,2.0828486784379954,7,7,student_concept_state_buffers
assist_17,25649,no_CRG,random_history_mask,1.0,0.12457483261823654,2.0828486784379954,7,39,student_concept_state_buffers
assist_17,25836,no_CRG,original,0.0,0.3284344971179962,0.3981437206697707,68,,student_concept_state_buffers
assist_17,25836,no_CRG,target_concept_mask,0.0,0.3284344971179962,0.3981437206697707,68,68,student_concept_state_buffers
assist_17,25836,no_CRG,random_history_mask,0.0,0.3284344971179962,0.3981437206697707,68,55,student_concept_state_buffers
assist_17,25871,no_CRG,original,0.0,0.181599959731102,0.2004040151403007,88,,student_concept_state_buffers
assist_17,25871,no_CRG,target_concept_mask,0.0,0.181599959731102,0.2004040151403007,88,88,student_concept_state_buffers
assist_17,25871,no_CRG,random_history_mask,0.0,0.181599959731102,0.2004040151403007,88,74,student_concept_state_buffers
assist_17,26693,no_CRG,original,0.0,0.10816454887390137,0.11447363525087682,4,,student_concept_state_buffers
assist_17,26693,no_CRG,target_concept_mask,0.0,0.10816454887390137,0.11447363525087682,4,4,student_concept_state_buffers
assist_17,26693,no_CRG,random_history_mask,0.0,0.10816454887390137,0.11447363525087682,4,27,student_concept_state_buffers
assist_17,26695,no_CRG,original,0.0,0.07211606204509735,0.07484862087638934,57,,student_concept_state_buffers
assist_17,26695,no_CRG,target_concept_mask,0.0,0.07211606204509735,0.07484862087638934,57,57,student_concept_state_buffers
assist_17,26695,no_CRG,random_history_mask,0.0,0.07211606204509735,0.07484862087638934,57,59,student_concept_state_buffers
assist_17,26781,no_CRG,original,0.0,0.07575997710227966,0.07878347603272658,37,,student_concept_state_buffers
assist_17,26781,no_CRG,target_concept_mask,0.0,0.07575997710227966,0.07878347603272658,37,37,student_concept_state_buffers
assist_17,26781,no_CRG,random_history_mask,0.0,0.07575997710227966,0.07878347603272658,37,6,student_concept_state_buffers
assist_17,26823,no_CRG,original,0.0,0.14509187638759613,0.15676127358264624,33,,student_concept_state_buffers
assist_17,26823,no_CRG,target_concept_mask,0.0,0.14509187638759613,0.15676127358264624,33,33,student_concept_state_buffers
assist_17,26823,no_CRG,random_history_mask,0.0,0.14509187638759613,0.15676127358264624,33,54,student_concept_state_buffers
assist_17,26836,no_CRG,original,0.0,0.16451860964298248,0.1797472048548131,45,,student_concept_state_buffers
assist_17,26836,no_CRG,target_concept_mask,0.0,0.16451860964298248,0.1797472048548131,45,45,student_concept_state_buffers
assist_17,26836,no_CRG,random_history_mask,0.0,0.16451860964298248,0.1797472048548131,45,11,student_concept_state_buffers
assist_17,27071,no_CRG,original,1.0,0.5669543743133545,0.5674764470753042,5,,student_concept_state_buffers
assist_17,27071,no_CRG,target_concept_mask,1.0,0.5669543743133545,0.5674764470753042,5,5,student_concept_state_buffers
assist_17,27071,no_CRG,random_history_mask,1.0,0.5669543743133545,0.5674764470753042,5,24,student_concept_state_buffers
assist_17,27296,no_CRG,original,1.0,0.681989848613739,0.3827405059800416,13,,student_concept_state_buffers
assist_17,27296,no_CRG,target_concept_mask,1.0,0.681989848613739,0.3827405059800416,13,13,student_concept_state_buffers
assist_17,27296,no_CRG,random_history_mask,1.0,0.681989848613739,0.3827405059800416,13,2,student_concept_state_buffers
assist_17,27581,no_CRG,original,1.0,0.3686375319957733,0.997941415827014,34,,student_concept_state_buffers
assist_17,27581,no_CRG,target_concept_mask,1.0,0.3686375319957733,0.997941415827014,34,34,student_concept_state_buffers
assist_17,27581,no_CRG,random_history_mask,1.0,0.3686375319957733,0.997941415827014,34,0,student_concept_state_buffers
assist_17,27870,no_CRG,original,1.0,0.42164120078086853,0.8636005617174362,33,,student_concept_state_buffers
assist_17,27870,no_CRG,target_concept_mask,1.0,0.42164120078086853,0.8636005617174362,33,33,student_concept_state_buffers
assist_17,27870,no_CRG,random_history_mask,1.0,0.42164120078086853,0.8636005617174362,33,57,student_concept_state_buffers
assist_17,27961,no_CRG,original,0.0,0.7502174973487854,1.3871647291754423,32,,student_concept_state_buffers
assist_17,27961,no_CRG,target_concept_mask,0.0,0.7502174973487854,1.3871647291754423,32,32,student_concept_state_buffers
assist_17,27961,no_CRG,random_history_mask,0.0,0.7502174973487854,1.3871647291754423,32,53,student_concept_state_buffers
assist_17,28050,no_CRG,original,0.0,0.3903011977672577,0.49479021058933464,38,,student_concept_state_buffers
assist_17,28050,no_CRG,target_concept_mask,0.0,0.3903011977672577,0.49479021058933464,38,38,student_concept_state_buffers
assist_17,28050,no_CRG,random_history_mask,0.0,0.3903011977672577,0.49479021058933464,38,53,student_concept_state_buffers
assist_17,28410,no_CRG,original,0.0,0.4064878523349762,0.5216975972985353,5,,student_concept_state_buffers
assist_17,28410,no_CRG,target_concept_mask,0.0,0.4064878523349762,0.5216975972985353,5,5,student_concept_state_buffers
assist_17,28410,no_CRG,random_history_mask,0.0,0.4064878523349762,0.5216975972985353,5,49,student_concept_state_buffers
assist_17,28597,no_CRG,original,1.0,0.25563448667526245,1.3640066411856242,14,,student_concept_state_buffers
assist_17,28597,no_CRG,target_concept_mask,1.0,0.25563448667526245,1.3640066411856242,14,14,student_concept_state_buffers
assist_17,28597,no_CRG,random_history_mask,1.0,0.25563448667526245,1.3640066411856242,14,46,student_concept_state_buffers
assist_17,28608,no_CRG,original,0.0,0.009290019050240517,0.009333440409953174,29,,student_concept_state_buffers
assist_17,28608,no_CRG,target_concept_mask,0.0,0.009290019050240517,0.009333440409953174,29,29,student_concept_state_buffers
assist_17,28608,no_CRG,random_history_mask,0.0,0.009290019050240517,0.009333440409953174,29,36,student_concept_state_buffers
assist_17,28632,no_CRG,original,0.0,0.037196822464466095,0.03790627277171363,0,,student_concept_state_buffers
assist_17,28632,no_CRG,target_concept_mask,0.0,0.037196822464466095,0.03790627277171363,0,0,student_concept_state_buffers
assist_17,28632,no_CRG,random_history_mask,0.0,0.037196822464466095,0.03790627277171363,0,57,student_concept_state_buffers
assist_17,28636,no_CRG,original,0.0,0.16935007274150848,0.18554683972144448,28,,student_concept_state_buffers
assist_17,28636,no_CRG,target_concept_mask,0.0,0.16935007274150848,0.18554683972144448,28,28,student_concept_state_buffers
assist_17,28636,no_CRG,random_history_mask,0.0,0.16935007274150848,0.18554683972144448,28,4,student_concept_state_buffers
assist_17,28760,no_CRG,original,1.0,0.4614574611186981,0.7733654045450559,45,,student_concept_state_buffers
assist_17,28760,no_CRG,target_concept_mask,1.0,0.4614574611186981,0.7733654045450559,45,45,student_concept_state_buffers
assist_17,28760,no_CRG,random_history_mask,1.0,0.4614574611186981,0.7733654045450559,45,29,student_concept_state_buffers
assist_17,28899,no_CRG,original,1.0,0.6631985902786255,0.4106808007986767,7,,student_concept_state_buffers
assist_17,28899,no_CRG,target_concept_mask,1.0,0.6631985902786255,0.4106808007986767,7,7,student_concept_state_buffers
assist_17,28899,no_CRG,random_history_mask,1.0,0.6631985902786255,0.4106808007986767,7,9,student_concept_state_buffers
assist_17,29262,no_CRG,original,1.0,0.4642650783061981,0.7672996004265639,36,,student_concept_state_buffers
assist_17,29262,no_CRG,target_concept_mask,1.0,0.4642650783061981,0.7672996004265639,36,36,student_concept_state_buffers
assist_17,29262,no_CRG,random_history_mask,1.0,0.4642650783061981,0.7672996004265639,36,20,student_concept_state_buffers
assist_17,29358,no_CRG,original,1.0,0.8885170221328735,0.11820147328971779,32,,student_concept_state_buffers
assist_17,29358,no_CRG,target_concept_mask,1.0,0.8885170221328735,0.11820147328971779,32,32,student_concept_state_buffers
assist_17,29358,no_CRG,random_history_mask,1.0,0.8885170221328735,0.11820147328971779,32,3,student_concept_state_buffers
assist_17,29436,no_CRG,original,0.0,0.5732659101486206,0.8515942001317466,8,,student_concept_state_buffers
assist_17,29436,no_CRG,target_concept_mask,0.0,0.5732659101486206,0.8515942001317466,8,8,student_concept_state_buffers
assist_17,29436,no_CRG,random_history_mask,0.0,0.5732659101486206,0.8515942001317466,8,58,student_concept_state_buffers
assist_17,29681,no_CRG,original,0.0,0.12365180999040604,0.1319917898389721,57,,student_concept_state_buffers
assist_17,29681,no_CRG,target_concept_mask,0.0,0.12365180999040604,0.1319917898389721,57,57,student_concept_state_buffers
assist_17,29681,no_CRG,random_history_mask,0.0,0.12365180999040604,0.1319917898389721,57,92,student_concept_state_buffers
assist_17,30056,no_CRG,original,1.0,0.4237445294857025,0.8586245301390625,14,,student_concept_state_buffers
assist_17,30056,no_CRG,target_concept_mask,1.0,0.4237445294857025,0.8586245301390625,14,14,student_concept_state_buffers
assist_17,30056,no_CRG,random_history_mask,1.0,0.4237445294857025,0.8586245301390625,14,0,student_concept_state_buffers
assist_17,30080,no_CRG,original,0.0,0.5028629302978516,0.6988894967404164,63,,student_concept_state_buffers
assist_17,30080,no_CRG,target_concept_mask,0.0,0.5028629302978516,0.6988894967404164,63,63,student_concept_state_buffers
assist_17,30080,no_CRG,random_history_mask,0.0,0.5028629302978516,0.6988894967404164,63,57,student_concept_state_buffers
assist_17,30191,no_CRG,original,1.0,0.3377743661403656,1.0853771622114354,33,,student_concept_state_buffers
assist_17,30191,no_CRG,target_concept_mask,1.0,0.3377743661403656,1.0853771622114354,33,33,student_concept_state_buffers
assist_17,30191,no_CRG,random_history_mask,1.0,0.3377743661403656,1.0853771622114354,33,70,student_concept_state_buffers
assist_17,30291,no_CRG,original,0.0,0.21177120506763458,0.23796688236840133,76,,student_concept_state_buffers
assist_17,30291,no_CRG,target_concept_mask,0.0,0.21177120506763458,0.23796688236840133,76,76,student_concept_state_buffers
assist_17,30291,no_CRG,random_history_mask,0.0,0.21177120506763458,0.23796688236840133,76,57,student_concept_state_buffers
assist_17,30411,no_CRG,original,0.0,0.49938586354255676,0.6919196613551243,2,,student_concept_state_buffers
assist_17,30411,no_CRG,target_concept_mask,0.0,0.49938586354255676,0.6919196613551243,2,2,student_concept_state_buffers
assist_17,30411,no_CRG,random_history_mask,0.0,0.49938586354255676,0.6919196613551243,2,36,student_concept_state_buffers
assist_17,30655,no_CRG,original,0.0,0.21211597323417664,0.2384043741104831,57,,student_concept_state_buffers
assist_17,30655,no_CRG,target_concept_mask,0.0,0.21211597323417664,0.2384043741104831,57,57,student_concept_state_buffers
assist_17,30655,no_CRG,random_history_mask,0.0,0.21211597323417664,0.2384043741104831,57,13,student_concept_state_buffers
assist_17,30749,no_CRG,original,0.0,0.08831615746021271,0.0924620128914318,36,,student_concept_state_buffers
assist_17,30749,no_CRG,target_concept_mask,0.0,0.08831615746021271,0.0924620128914318,36,36,student_concept_state_buffers
assist_17,30749,no_CRG,random_history_mask,0.0,0.08831615746021271,0.0924620128914318,36,32,student_concept_state_buffers
assist_17,30866,no_CRG,original,1.0,0.44970574975013733,0.799161799540854,26,,student_concept_state_buffers
assist_17,30866,no_CRG,target_concept_mask,1.0,0.44970574975013733,0.799161799540854,26,26,student_concept_state_buffers
assist_17,30866,no_CRG,random_history_mask,1.0,0.44970574975013733,0.799161799540854,26,45,student_concept_state_buffers
assist_17,30962,no_CRG,original,0.0,0.0662354975938797,0.06853101129709079,65,,student_concept_state_buffers
assist_17,30962,no_CRG,target_concept_mask,0.0,0.0662354975938797,0.06853101129709079,65,65,student_concept_state_buffers
assist_17,30962,no_CRG,random_history_mask,0.0,0.0662354975938797,0.06853101129709079,65,56,student_concept_state_buffers
assist_17,31096,no_CRG,original,0.0,0.45429086685180664,0.6056691683564426,33,,student_concept_state_buffers
assist_17,31096,no_CRG,target_concept_mask,0.0,0.45429086685180664,0.6056691683564426,33,33,student_concept_state_buffers
assist_17,31096,no_CRG,random_history_mask,0.0,0.45429086685180664,0.6056691683564426,33,27,student_concept_state_buffers
assist_17,31110,no_CRG,original,0.0,0.4363330602645874,0.5732917343010222,13,,student_concept_state_buffers
assist_17,31110,no_CRG,target_concept_mask,0.0,0.4363330602645874,0.5732917343010222,13,13,student_concept_state_buffers
assist_17,31110,no_CRG,random_history_mask,0.0,0.4363330602645874,0.5732917343010222,13,38,student_concept_state_buffers
assist_17,31156,no_CRG,original,1.0,0.7309304475784302,0.3134369707106488,11,,student_concept_state_buffers
assist_17,31156,no_CRG,target_concept_mask,1.0,0.7309304475784302,0.3134369707106488,11,11,student_concept_state_buffers
assist_17,31156,no_CRG,random_history_mask,1.0,0.7309304475784302,0.3134369707106488,11,47,student_concept_state_buffers
assist_17,31269,no_CRG,original,1.0,0.5752232074737549,0.5529971265989546,0,,student_concept_state_buffers
assist_17,31269,no_CRG,target_concept_mask,1.0,0.5752232074737549,0.5529971265989546,0,0,student_concept_state_buffers
assist_17,31269,no_CRG,random_history_mask,1.0,0.5752232074737549,0.5529971265989546,0,64,student_concept_state_buffers
assist_17,31369,no_CRG,original,1.0,0.6197249293327332,0.4784795617568263,20,,student_concept_state_buffers
assist_17,31369,no_CRG,target_concept_mask,1.0,0.6197249293327332,0.4784795617568263,20,20,student_concept_state_buffers
assist_17,31369,no_CRG,random_history_mask,1.0,0.6197249293327332,0.4784795617568263,20,68,student_concept_state_buffers
assist_17,31448,no_CRG,original,1.0,0.608585000038147,0.49661868849052104,46,,student_concept_state_buffers
assist_17,31448,no_CRG,target_concept_mask,1.0,0.608585000038147,0.49661868849052104,46,46,student_concept_state_buffers
assist_17,31448,no_CRG,random_history_mask,1.0,0.608585000038147,0.49661868849052104,46,58,student_concept_state_buffers
assist_17,31530,no_CRG,original,0.0,0.5799391865730286,0.8673557843126027,57,,student_concept_state_buffers
assist_17,31530,no_CRG,target_concept_mask,0.0,0.5799391865730286,0.8673557843126027,57,57,student_concept_state_buffers
assist_17,31530,no_CRG,random_history_mask,0.0,0.5799391865730286,0.8673557843126027,57,14,student_concept_state_buffers
assist_17,31532,no_CRG,original,1.0,0.6615422368049622,0.4131814474201598,63,,student_concept_state_buffers
assist_17,31532,no_CRG,target_concept_mask,1.0,0.6615422368049622,0.4131814474201598,63,63,student_concept_state_buffers
assist_17,31532,no_CRG,random_history_mask,1.0,0.6615422368049622,0.4131814474201598,63,7,student_concept_state_buffers
assist_17,31548,no_CRG,original,1.0,0.23572707176208496,1.4450806187748195,53,,student_concept_state_buffers
assist_17,31548,no_CRG,target_concept_mask,1.0,0.23572707176208496,1.4450806187748195,53,53,student_concept_state_buffers
assist_17,31548,no_CRG,random_history_mask,1.0,0.23572707176208496,1.4450806187748195,53,34,student_concept_state_buffers
assist_17,31586,no_CRG,original,1.0,0.5881276726722717,0.5308112242578827,64,,student_concept_state_buffers
assist_17,31586,no_CRG,target_concept_mask,1.0,0.5881276726722717,0.5308112242578827,64,64,student_concept_state_buffers
assist_17,31586,no_CRG,random_history_mask,1.0,0.5881276726722717,0.5308112242578827,64,6,student_concept_state_buffers
assist_17,32180,no_CRG,original,0.0,0.7161509990692139,1.2593128690799416,57,,student_concept_state_buffers
assist_17,32180,no_CRG,target_concept_mask,0.0,0.7161509990692139,1.2593128690799416,57,57,student_concept_state_buffers
assist_17,32180,no_CRG,random_history_mask,0.0,0.7161509990692139,1.2593128690799416,57,60,student_concept_state_buffers
assist_17,32446,no_CRG,original,0.0,0.360645055770874,0.4472955105428081,59,,student_concept_state_buffers
assist_17,32446,no_CRG,target_concept_mask,0.0,0.360645055770874,0.4472955105428081,59,59,student_concept_state_buffers
assist_17,32446,no_CRG,random_history_mask,0.0,0.360645055770874,0.4472955105428081,59,33,student_concept_state_buffers
assist_17,32472,no_CRG,original,1.0,0.5300371646881104,0.6348081528413674,11,,student_concept_state_buffers
assist_17,32472,no_CRG,target_concept_mask,1.0,0.5300371646881104,0.6348081528413674,11,11,student_concept_state_buffers
assist_17,32472,no_CRG,random_history_mask,1.0,0.5300371646881104,0.6348081528413674,11,24,student_concept_state_buffers
assist_17,32507,no_CRG,original,0.0,0.36914268136024475,0.46067556143964156,11,,student_concept_state_buffers
assist_17,32507,no_CRG,target_concept_mask,0.0,0.36914268136024475,0.46067556143964156,11,11,student_concept_state_buffers
assist_17,32507,no_CRG,random_history_mask,0.0,0.36914268136024475,0.46067556143964156,11,3,student_concept_state_buffers
assist_17,32624,no_CRG,original,1.0,0.3104410469532013,1.1697612605202425,87,,student_concept_state_buffers
assist_17,32624,no_CRG,target_concept_mask,1.0,0.3104410469532013,1.1697612605202425,87,87,student_concept_state_buffers
assist_17,32624,no_CRG,random_history_mask,1.0,0.3104410469532013,1.1697612605202425,87,62,student_concept_state_buffers
assist_17,32669,no_CRG,original,0.0,0.3761593699455261,0.4718603437867128,26,,student_concept_state_buffers
assist_17,32669,no_CRG,target_concept_mask,0.0,0.3761593699455261,0.4718603437867128,26,26,student_concept_state_buffers
assist_17,32669,no_CRG,random_history_mask,0.0,0.3761593699455261,0.4718603437867128,26,5,student_concept_state_buffers
assist_17,32724,no_CRG,original,1.0,0.6021027565002441,0.5073271563786435,7,,student_concept_state_buffers
assist_17,32724,no_CRG,target_concept_mask,1.0,0.6021027565002441,0.5073271563786435,7,7,student_concept_state_buffers
assist_17,32724,no_CRG,random_history_mask,1.0,0.6021027565002441,0.5073271563786435,7,34,student_concept_state_buffers
assist_17,32901,no_CRG,original,1.0,0.6436988115310669,0.4405243462340069,32,,student_concept_state_buffers
assist_17,32901,no_CRG,target_concept_mask,1.0,0.6436988115310669,0.4405243462340069,32,32,student_concept_state_buffers
assist_17,32901,no_CRG,random_history_mask,1.0,0.6436988115310669,0.4405243462340069,32,14,student_concept_state_buffers
assist_17,33068,no_CRG,original,1.0,0.8782292008399963,0.12984767062162125,38,,student_concept_state_buffers
assist_17,33068,no_CRG,target_concept_mask,1.0,0.8782292008399963,0.12984767062162125,38,38,student_concept_state_buffers
assist_17,33068,no_CRG,random_history_mask,1.0,0.8782292008399963,0.12984767062162125,38,39,student_concept_state_buffers
assist_17,33128,no_CRG,original,1.0,0.3632095754146576,1.0127752685753828,56,,student_concept_state_buffers
assist_17,33128,no_CRG,target_concept_mask,1.0,0.3632095754146576,1.0127752685753828,56,56,student_concept_state_buffers
assist_17,33128,no_CRG,random_history_mask,1.0,0.3632095754146576,1.0127752685753828,56,69,student_concept_state_buffers
assist_17,33181,no_CRG,original,0.0,0.24468927085399628,0.2806260526186464,14,,student_concept_state_buffers
assist_17,33181,no_CRG,target_concept_mask,0.0,0.24468927085399628,0.2806260526186464,14,14,student_concept_state_buffers
assist_17,33181,no_CRG,random_history_mask,0.0,0.24468927085399628,0.2806260526186464,14,24,student_concept_state_buffers
assist_17,33655,no_CRG,original,0.0,0.49085402488708496,0.6750205155063533,51,,student_concept_state_buffers
assist_17,33655,no_CRG,target_concept_mask,0.0,0.49085402488708496,0.6750205155063533,51,51,student_concept_state_buffers
assist_17,33655,no_CRG,random_history_mask,0.0,0.49085402488708496,0.6750205155063533,51,32,student_concept_state_buffers
assist_17,33819,no_CRG,original,1.0,0.7772061228752136,0.2520496833894344,7,,student_concept_state_buffers
assist_17,33819,no_CRG,target_concept_mask,1.0,0.7772061228752136,0.2520496833894344,7,7,student_concept_state_buffers
assist_17,33819,no_CRG,random_history_mask,1.0,0.7772061228752136,0.2520496833894344,7,43,student_concept_state_buffers
assist_17,34039,no_CRG,original,0.0,0.5452917218208313,0.7880992125126981,7,,student_concept_state_buffers
assist_17,34039,no_CRG,target_concept_mask,0.0,0.5452917218208313,0.7880992125126981,7,7,student_concept_state_buffers
assist_17,34039,no_CRG,random_history_mask,0.0,0.5452917218208313,0.7880992125126981,7,62,student_concept_state_buffers
assist_17,34066,no_CRG,original,1.0,0.5612344741821289,0.5776165032354633,11,,student_concept_state_buffers
assist_17,34066,no_CRG,target_concept_mask,1.0,0.5612344741821289,0.5776165032354633,11,11,student_concept_state_buffers
assist_17,34066,no_CRG,random_history_mask,1.0,0.5612344741821289,0.5776165032354633,11,66,student_concept_state_buffers
assist_17,34256,no_CRG,original,1.0,0.5263325572013855,0.6418220279972394,20,,student_concept_state_buffers
assist_17,34256,no_CRG,target_concept_mask,1.0,0.5263325572013855,0.6418220279972394,20,20,student_concept_state_buffers
assist_17,34256,no_CRG,random_history_mask,1.0,0.5263325572013855,0.6418220279972394,20,30,student_concept_state_buffers
assist_17,34448,no_CRG,original,0.0,0.3278905153274536,0.3973340281097384,69,,student_concept_state_buffers
assist_17,34448,no_CRG,target_concept_mask,0.0,0.3278905153274536,0.3973340281097384,69,69,student_concept_state_buffers
assist_17,34448,no_CRG,random_history_mask,0.0,0.3278905153274536,0.3973340281097384,69,10,student_concept_state_buffers
assist_17,34580,no_CRG,original,0.0,0.48741888999938965,0.668296317076082,41,,student_concept_state_buffers
assist_17,34580,no_CRG,target_concept_mask,0.0,0.48741888999938965,0.668296317076082,41,41,student_concept_state_buffers
assist_17,34580,no_CRG,random_history_mask,0.0,0.48741888999938965,0.668296317076082,41,31,student_concept_state_buffers
assist_17,34797,no_CRG,original,0.0,0.18991048634052277,0.2106105267307965,5,,student_concept_state_buffers
assist_17,34797,no_CRG,target_concept_mask,0.0,0.18991048634052277,0.2106105267307965,5,5,student_concept_state_buffers
assist_17,34797,no_CRG,random_history_mask,0.0,0.18991048634052277,0.2106105267307965,5,6,student_concept_state_buffers
assist_17,34811,no_CRG,original,0.0,0.4237384498119354,0.551193641161844,20,,student_concept_state_buffers
assist_17,34811,no_CRG,target_concept_mask,0.0,0.4237384498119354,0.551193641161844,20,20,student_concept_state_buffers
assist_17,34811,no_CRG,random_history_mask,0.0,0.4237384498119354,0.551193641161844,20,7,student_concept_state_buffers
assist_17,34845,no_CRG,original,1.0,0.6818237900733948,0.38298402684895555,32,,student_concept_state_buffers
assist_17,34845,no_CRG,target_concept_mask,1.0,0.6818237900733948,0.38298402684895555,32,32,student_concept_state_buffers
assist_17,34845,no_CRG,random_history_mask,1.0,0.6818237900733948,0.38298402684895555,32,63,student_concept_state_buffers
assist_17,35203,no_CRG,original,0.0,0.7233822345733643,1.2851186339519765,38,,student_concept_state_buffers
assist_17,35203,no_CRG,target_concept_mask,0.0,0.7233822345733643,1.2851186339519765,38,38,student_concept_state_buffers
assist_17,35203,no_CRG,random_history_mask,0.0,0.7233822345733643,1.2851186339519765,38,5,student_concept_state_buffers
assist_17,35319,no_CRG,original,1.0,0.7928909063339233,0.2320696376383583,7,,student_concept_state_buffers
assist_17,35319,no_CRG,target_concept_mask,1.0,0.7928909063339233,0.2320696376383583,7,7,student_concept_state_buffers
assist_17,35319,no_CRG,random_history_mask,1.0,0.7928909063339233,0.2320696376383583,7,11,student_concept_state_buffers
assist_17,35364,no_CRG,original,0.0,0.21296997368335724,0.23948887841243127,0,,student_concept_state_buffers
assist_17,35364,no_CRG,target_concept_mask,0.0,0.21296997368335724,0.23948887841243127,0,0,student_concept_state_buffers
assist_17,35364,no_CRG,random_history_mask,0.0,0.21296997368335724,0.23948887841243127,0,12,student_concept_state_buffers
assist_17,35434,no_CRG,original,0.0,0.04489604011178017,0.04593508590436955,5,,student_concept_state_buffers
assist_17,35434,no_CRG,target_concept_mask,0.0,0.04489604011178017,0.04593508590436955,5,5,student_concept_state_buffers
assist_17,35434,no_CRG,random_history_mask,0.0,0.04489604011178017,0.04593508590436955,5,51,student_concept_state_buffers
assist_17,36007,no_CRG,original,0.0,0.45574507117271423,0.6083375227260605,20,,student_concept_state_buffers
assist_17,36007,no_CRG,target_concept_mask,0.0,0.45574507117271423,0.6083375227260605,20,20,student_concept_state_buffers
assist_17,36007,no_CRG,random_history_mask,0.0,0.45574507117271423,0.6083375227260605,20,14,student_concept_state_buffers
assist_17,36100,no_CRG,original,0.0,0.7130060791969299,1.2482942453176908,20,,student_concept_state_buffers
assist_17,36100,no_CRG,target_concept_mask,0.0,0.7130060791969299,1.2482942453176908,20,20,student_concept_state_buffers
assist_17,36100,no_CRG,random_history_mask,0.0,0.7130060791969299,1.2482942453176908,20,46,student_concept_state_buffers
assist_17,36155,no_CRG,original,0.0,0.19854451715946198,0.2213258507825614,58,,student_concept_state_buffers
assist_17,36155,no_CRG,target_concept_mask,0.0,0.19854451715946198,0.2213258507825614,58,58,student_concept_state_buffers
assist_17,36155,no_CRG,random_history_mask,0.0,0.19854451715946198,0.2213258507825614,58,14,student_concept_state_buffers
assist_17,36351,no_CRG,original,1.0,0.8325282335281372,0.1832881435546973,50,,student_concept_state_buffers
assist_17,36351,no_CRG,target_concept_mask,1.0,0.8325282335281372,0.1832881435546973,50,50,student_concept_state_buffers
assist_17,36351,no_CRG,random_history_mask,1.0,0.8325282335281372,0.1832881435546973,50,5,student_concept_state_buffers
assist_17,36477,no_CRG,original,0.0,0.4820747673511505,0.6579243856561946,0,,student_concept_state_buffers
assist_17,36477,no_CRG,target_concept_mask,0.0,0.4820747673511505,0.6579243856561946,0,0,student_concept_state_buffers
assist_17,36477,no_CRG,random_history_mask,0.0,0.4820747673511505,0.6579243856561946,0,79,student_concept_state_buffers
assist_17,36781,no_CRG,original,0.0,0.22796057164669037,0.2587196572650269,79,,student_concept_state_buffers
assist_17,36781,no_CRG,target_concept_mask,0.0,0.22796057164669037,0.2587196572650269,79,79,student_concept_state_buffers
assist_17,36781,no_CRG,random_history_mask,0.0,0.22796057164669037,0.2587196572650269,79,5,student_concept_state_buffers
assist_17,36899,no_CRG,original,1.0,0.6551951766014099,0.4228221081898348,32,,student_concept_state_buffers
assist_17,36899,no_CRG,target_concept_mask,1.0,0.6551951766014099,0.4228221081898348,32,32,student_concept_state_buffers
assist_17,36899,no_CRG,random_history_mask,1.0,0.6551951766014099,0.4228221081898348,32,28,student_concept_state_buffers
assist_17,36920,no_CRG,original,1.0,0.4991266429424286,0.6948954219589327,13,,student_concept_state_buffers
assist_17,36920,no_CRG,target_concept_mask,1.0,0.4991266429424286,0.6948954219589327,13,13,student_concept_state_buffers
assist_17,36920,no_CRG,random_history_mask,1.0,0.4991266429424286,0.6948954219589327,13,50,student_concept_state_buffers
assist_17,37714,no_CRG,original,0.0,0.3955928385257721,0.5035071997552923,63,,student_concept_state_buffers
assist_17,37714,no_CRG,target_concept_mask,0.0,0.3955928385257721,0.5035071997552923,63,63,student_concept_state_buffers
assist_17,37714,no_CRG,random_history_mask,0.0,0.3955928385257721,0.5035071997552923,63,66,student_concept_state_buffers
assist_17,37853,no_CRG,original,0.0,0.05830726400017738,0.0600762402053079,43,,student_concept_state_buffers
assist_17,37853,no_CRG,target_concept_mask,0.0,0.05830726400017738,0.0600762402053079,43,43,student_concept_state_buffers
assist_17,37853,no_CRG,random_history_mask,0.0,0.05830726400017738,0.0600762402053079,43,35,student_concept_state_buffers
assist_17,38119,no_CRG,original,0.0,0.16967985033988953,0.18594393008122526,3,,student_concept_state_buffers
assist_17,38119,no_CRG,target_concept_mask,0.0,0.16967985033988953,0.18594393008122526,3,3,student_concept_state_buffers
assist_17,38119,no_CRG,random_history_mask,0.0,0.16967985033988953,0.18594393008122526,3,0,student_concept_state_buffers
assist_17,38177,no_CRG,original,1.0,0.436256468296051,0.8295249785357611,32,,student_concept_state_buffers
assist_17,38177,no_CRG,target_concept_mask,1.0,0.436256468296051,0.8295249785357611,32,32,student_concept_state_buffers
assist_17,38177,no_CRG,random_history_mask,1.0,0.436256468296051,0.8295249785357611,32,12,student_concept_state_buffers
assist_17,38311,no_CRG,original,1.0,0.7539039850234985,0.2824902599003525,20,,student_concept_state_buffers
assist_17,38311,no_CRG,target_concept_mask,1.0,0.7539039850234985,0.2824902599003525,20,20,student_concept_state_buffers
assist_17,38311,no_CRG,random_history_mask,1.0,0.7539039850234985,0.2824902599003525,20,36,student_concept_state_buffers
assist_17,38453,no_CRG,original,1.0,0.7268714308738708,0.31900566595497504,34,,student_concept_state_buffers
assist_17,38453,no_CRG,target_concept_mask,1.0,0.7268714308738708,0.31900566595497504,34,34,student_concept_state_buffers
assist_17,38453,no_CRG,random_history_mask,1.0,0.7268714308738708,0.31900566595497504,34,74,student_concept_state_buffers
assist_17,38625,no_CRG,original,0.0,0.4133245348930359,0.5332834823890922,56,,student_concept_state_buffers
assist_17,38625,no_CRG,target_concept_mask,0.0,0.4133245348930359,0.5332834823890922,56,56,student_concept_state_buffers
assist_17,38625,no_CRG,random_history_mask,0.0,0.4133245348930359,0.5332834823890922,56,31,student_concept_state_buffers
assist_17,38982,no_CRG,original,1.0,0.3824503719806671,0.9611563805891183,20,,student_concept_state_buffers
assist_17,38982,no_CRG,target_concept_mask,1.0,0.3824503719806671,0.9611563805891183,20,20,student_concept_state_buffers
assist_17,38982,no_CRG,random_history_mask,1.0,0.3824503719806671,0.9611563805891183,20,46,student_concept_state_buffers
assist_17,39222,no_CRG,original,1.0,0.26239779591560364,1.3378936216593573,79,,student_concept_state_buffers
assist_17,39222,no_CRG,target_concept_mask,1.0,0.26239779591560364,1.3378936216593573,79,79,student_concept_state_buffers
assist_17,39222,no_CRG,random_history_mask,1.0,0.26239779591560364,1.3378936216593573,79,28,student_concept_state_buffers
assist_17,39451,no_CRG,original,0.0,0.20903272926807404,0.2344986891477492,5,,student_concept_state_buffers
assist_17,39451,no_CRG,target_concept_mask,0.0,0.20903272926807404,0.2344986891477492,5,5,student_concept_state_buffers
assist_17,39451,no_CRG,random_history_mask,0.0,0.20903272926807404,0.2344986891477492,5,34,student_concept_state_buffers
assist_17,39601,no_CRG,original,1.0,0.5947862863540649,0.5195531205562374,0,,student_concept_state_buffers
assist_17,39601,no_CRG,target_concept_mask,1.0,0.5947862863540649,0.5195531205562374,0,0,student_concept_state_buffers
assist_17,39601,no_CRG,random_history_mask,1.0,0.5947862863540649,0.5195531205562374,0,12,student_concept_state_buffers
assist_17,39839,no_CRG,original,0.0,0.20454449951648712,0.22884037182172345,57,,student_concept_state_buffers
assist_17,39839,no_CRG,target_concept_mask,0.0,0.20454449951648712,0.22884037182172345,57,57,student_concept_state_buffers
assist_17,39839,no_CRG,random_history_mask,0.0,0.20454449951648712,0.22884037182172345,57,11,student_concept_state_buffers
assist_17,40066,no_CRG,original,1.0,0.390813410282135,0.9395250444530854,35,,student_concept_state_buffers
assist_17,40066,no_CRG,target_concept_mask,1.0,0.390813410282135,0.9395250444530854,35,35,student_concept_state_buffers
assist_17,40066,no_CRG,random_history_mask,1.0,0.390813410282135,0.9395250444530854,35,47,student_concept_state_buffers
assist_17,40161,no_CRG,original,0.0,0.007431389763951302,0.0074591401087616225,58,,student_concept_state_buffers
assist_17,40161,no_CRG,target_concept_mask,0.0,0.007431389763951302,0.0074591401087616225,58,58,student_concept_state_buffers
assist_17,40161,no_CRG,random_history_mask,0.0,0.007431389763951302,0.0074591401087616225,58,91,student_concept_state_buffers
assist_17,40248,no_CRG,original,1.0,0.6170687079429626,0.4827749031842794,7,,student_concept_state_buffers
assist_17,40248,no_CRG,target_concept_mask,1.0,0.6170687079429626,0.4827749031842794,7,7,student_concept_state_buffers
assist_17,40248,no_CRG,random_history_mask,1.0,0.6170687079429626,0.4827749031842794,7,44,student_concept_state_buffers
assist_17,40542,no_CRG,original,0.0,0.20478148758411407,0.22913834370968866,59,,student_concept_state_buffers
assist_17,40542,no_CRG,target_concept_mask,0.0,0.20478148758411407,0.22913834370968866,59,59,student_concept_state_buffers
assist_17,40542,no_CRG,random_history_mask,0.0,0.20478148758411407,0.22913834370968866,59,37,student_concept_state_buffers
assist_17,40956,no_CRG,original,0.0,0.3390502631664276,0.41407748312070447,57,,student_concept_state_buffers
assist_17,40956,no_CRG,target_concept_mask,0.0,0.3390502631664276,0.41407748312070447,57,57,student_concept_state_buffers
assist_17,40956,no_CRG,random_history_mask,0.0,0.3390502631664276,0.41407748312070447,57,70,student_concept_state_buffers
assist_17,41014,no_CRG,original,1.0,0.8830437064170837,0.12438058196205341,50,,student_concept_state_buffers
assist_17,41014,no_CRG,target_concept_mask,1.0,0.8830437064170837,0.12438058196205341,50,50,student_concept_state_buffers
assist_17,41014,no_CRG,random_history_mask,1.0,0.8830437064170837,0.12438058196205341,50,12,student_concept_state_buffers
assist_17,41099,no_CRG,original,0.0,0.14937986433506012,0.16178962413507647,64,,student_concept_state_buffers
assist_17,41099,no_CRG,target_concept_mask,0.0,0.14937986433506012,0.16178962413507647,64,64,student_concept_state_buffers
assist_17,41099,no_CRG,random_history_mask,0.0,0.14937986433506012,0.16178962413507647,64,2,student_concept_state_buffers
assist_17,41114,no_CRG,original,0.0,0.3869589567184448,0.4893233905049884,20,,student_concept_state_buffers
assist_17,41114,no_CRG,target_concept_mask,0.0,0.3869589567184448,0.4893233905049884,20,20,student_concept_state_buffers
assist_17,41114,no_CRG,random_history_mask,0.0,0.3869589567184448,0.4893233905049884,20,72,student_concept_state_buffers
assist_17,41240,no_CRG,original,1.0,0.38510775566101074,0.954232099021012,57,,student_concept_state_buffers
assist_17,41240,no_CRG,target_concept_mask,1.0,0.38510775566101074,0.954232099021012,57,57,student_concept_state_buffers
assist_17,41240,no_CRG,random_history_mask,1.0,0.38510775566101074,0.954232099021012,57,27,student_concept_state_buffers
assist_17,41288,no_CRG,original,0.0,0.25370797514915466,0.2926383011529384,44,,student_concept_state_buffers
assist_17,41288,no_CRG,target_concept_mask,0.0,0.25370797514915466,0.2926383011529384,44,44,student_concept_state_buffers
assist_17,41288,no_CRG,random_history_mask,0.0,0.25370797514915466,0.2926383011529384,44,7,student_concept_state_buffers
assist_17,41330,no_CRG,original,0.0,0.01132019329816103,0.011384754378006706,24,,student_concept_state_buffers
assist_17,41330,no_CRG,target_concept_mask,0.0,0.01132019329816103,0.011384754378006706,24,24,student_concept_state_buffers
assist_17,41330,no_CRG,random_history_mask,0.0,0.01132019329816103,0.011384754378006706,24,14,student_concept_state_buffers
assist_17,41339,no_CRG,original,0.0,0.03855306655168533,0.03931590689781477,30,,student_concept_state_buffers
assist_17,41339,no_CRG,target_concept_mask,0.0,0.03855306655168533,0.03931590689781477,30,30,student_concept_state_buffers
assist_17,41339,no_CRG,random_history_mask,0.0,0.03855306655168533,0.03931590689781477,30,26,student_concept_state_buffers
assist_17,41763,no_CRG,original,1.0,0.30398306250572205,1.190783294569782,36,,student_concept_state_buffers
assist_17,41763,no_CRG,target_concept_mask,1.0,0.30398306250572205,1.190783294569782,36,36,student_concept_state_buffers
assist_17,41763,no_CRG,random_history_mask,1.0,0.30398306250572205,1.190783294569782,36,11,student_concept_state_buffers
assist_17,42020,no_CRG,original,0.0,0.24452827870845795,0.28041292842448984,45,,student_concept_state_buffers
assist_17,42020,no_CRG,target_concept_mask,0.0,0.24452827870845795,0.28041292842448984,45,45,student_concept_state_buffers
assist_17,42020,no_CRG,random_history_mask,0.0,0.24452827870845795,0.28041292842448984,45,33,student_concept_state_buffers
assist_17,42155,no_CRG,original,1.0,0.2082829773426056,1.5688576558856075,58,,student_concept_state_buffers
assist_17,42155,no_CRG,target_concept_mask,1.0,0.2082829773426056,1.5688576558856075,58,58,student_concept_state_buffers
assist_17,42155,no_CRG,random_history_mask,1.0,0.2082829773426056,1.5688576558856075,58,61,student_concept_state_buffers
assist_17,42241,no_CRG,original,1.0,0.5931962728500366,0.5222299518634587,71,,student_concept_state_buffers
assist_17,42241,no_CRG,target_concept_mask,1.0,0.5931962728500366,0.5222299518634587,71,71,student_concept_state_buffers
assist_17,42241,no_CRG,random_history_mask,1.0,0.5931962728500366,0.5222299518634587,71,67,student_concept_state_buffers
assist_17,42456,no_CRG,original,1.0,0.9313004612922668,0.07117332413384135,53,,student_concept_state_buffers
assist_17,42456,no_CRG,target_concept_mask,1.0,0.9313004612922668,0.07117332413384135,53,53,student_concept_state_buffers
assist_17,42456,no_CRG,random_history_mask,1.0,0.9313004612922668,0.07117332413384135,53,4,student_concept_state_buffers
assist_17,42604,no_CRG,original,0.0,0.23119404911994934,0.2629166808772777,20,,student_concept_state_buffers
assist_17,42604,no_CRG,target_concept_mask,0.0,0.23119404911994934,0.2629166808772777,20,20,student_concept_state_buffers
assist_17,42604,no_CRG,random_history_mask,0.0,0.23119404911994934,0.2629166808772777,20,51,student_concept_state_buffers
assist_17,42647,no_CRG,original,0.0,0.5422623157501221,0.7814590007596907,43,,student_concept_state_buffers
assist_17,42647,no_CRG,target_concept_mask,0.0,0.5422623157501221,0.7814590007596907,43,43,student_concept_state_buffers
assist_17,42647,no_CRG,random_history_mask,0.0,0.5422623157501221,0.7814590007596907,43,11,student_concept_state_buffers
assist_17,42814,no_CRG,original,0.0,0.4785166382789612,0.651077909707918,57,,student_concept_state_buffers
assist_17,42814,no_CRG,target_concept_mask,0.0,0.4785166382789612,0.651077909707918,57,57,student_concept_state_buffers
assist_17,42814,no_CRG,random_history_mask,0.0,0.4785166382789612,0.651077909707918,57,74,student_concept_state_buffers
assist_17,42967,no_CRG,original,0.0,0.28174495697021484,0.3309305598737566,32,,student_concept_state_buffers
assist_17,42967,no_CRG,target_concept_mask,0.0,0.28174495697021484,0.3309305598737566,32,32,student_concept_state_buffers
assist_17,42967,no_CRG,random_history_mask,0.0,0.28174495697021484,0.3309305598737566,32,71,student_concept_state_buffers
assist_17,43145,no_CRG,original,0.0,0.3694455027580261,0.4611556923529342,5,,student_concept_state_buffers
assist_17,43145,no_CRG,target_concept_mask,0.0,0.3694455027580261,0.4611556923529342,5,5,student_concept_state_buffers
assist_17,43145,no_CRG,random_history_mask,0.0,0.3694455027580261,0.4611556923529342,5,3,student_concept_state_buffers
assist_17,43311,no_CRG,original,0.0,0.3483019173145294,0.4281738876682765,50,,student_concept_state_buffers
assist_17,43311,no_CRG,target_concept_mask,0.0,0.3483019173145294,0.4281738876682765,50,50,student_concept_state_buffers
assist_17,43311,no_CRG,random_history_mask,0.0,0.3483019173145294,0.4281738876682765,50,26,student_concept_state_buffers
assist_17,43513,no_CRG,original,1.0,0.4657523036003113,0.7641013235109287,85,,student_concept_state_buffers
assist_17,43513,no_CRG,target_concept_mask,1.0,0.4657523036003113,0.7641013235109287,85,85,student_concept_state_buffers
assist_17,43513,no_CRG,random_history_mask,1.0,0.4657523036003113,0.7641013235109287,85,13,student_concept_state_buffers
assist_17,43802,no_CRG,original,0.0,0.0648709163069725,0.06707070179680157,44,,student_concept_state_buffers
assist_17,43802,no_CRG,target_concept_mask,0.0,0.0648709163069725,0.06707070179680157,44,44,student_concept_state_buffers
assist_17,43802,no_CRG,random_history_mask,0.0,0.0648709163069725,0.06707070179680157,44,37,student_concept_state_buffers
assist_17,43835,no_CRG,original,1.0,0.8946253657341003,0.1113502341107159,32,,student_concept_state_buffers
assist_17,43835,no_CRG,target_concept_mask,1.0,0.8946253657341003,0.1113502341107159,32,32,student_concept_state_buffers
assist_17,43835,no_CRG,random_history_mask,1.0,0.8946253657341003,0.1113502341107159,32,5,student_concept_state_buffers
assist_17,44108,no_CRG,original,0.0,0.4414619207382202,0.5824324814868623,4,,student_concept_state_buffers
assist_17,44108,no_CRG,target_concept_mask,0.0,0.4414619207382202,0.5824324814868623,4,4,student_concept_state_buffers
assist_17,44108,no_CRG,random_history_mask,0.0,0.4414619207382202,0.5824324814868623,4,71,student_concept_state_buffers
assist_17,44292,no_CRG,original,1.0,0.3979690372943878,0.9213810724666893,20,,student_concept_state_buffers
assist_17,44292,no_CRG,target_concept_mask,1.0,0.3979690372943878,0.9213810724666893,20,20,student_concept_state_buffers
assist_17,44292,no_CRG,random_history_mask,1.0,0.3979690372943878,0.9213810724666893,20,26,student_concept_state_buffers
assist_17,44539,no_CRG,original,0.0,0.1260426938533783,0.13472375332223552,13,,student_concept_state_buffers
assist_17,44539,no_CRG,target_concept_mask,0.0,0.1260426938533783,0.13472375332223552,13,13,student_concept_state_buffers
assist_17,44539,no_CRG,random_history_mask,0.0,0.1260426938533783,0.13472375332223552,13,20,student_concept_state_buffers
assist_17,44674,no_CRG,original,1.0,0.24756525456905365,1.396081076899758,43,,student_concept_state_buffers
assist_17,44674,no_CRG,target_concept_mask,1.0,0.24756525456905365,1.396081076899758,43,43,student_concept_state_buffers
assist_17,44674,no_CRG,random_history_mask,1.0,0.24756525456905365,1.396081076899758,43,77,student_concept_state_buffers
assist_17,44696,no_CRG,original,0.0,0.5479528307914734,0.7939687479386506,14,,student_concept_state_buffers
assist_17,44696,no_CRG,target_concept_mask,0.0,0.5479528307914734,0.7939687479386506,14,14,student_concept_state_buffers
assist_17,44696,no_CRG,random_history_mask,0.0,0.5479528307914734,0.7939687479386506,14,61,student_concept_state_buffers
assist_17,44960,no_CRG,original,0.0,0.6551274061203003,1.064580223258587,24,,student_concept_state_buffers
assist_17,44960,no_CRG,target_concept_mask,0.0,0.6551274061203003,1.064580223258587,24,24,student_concept_state_buffers
assist_17,44960,no_CRG,random_history_mask,0.0,0.6551274061203003,1.064580223258587,24,90,student_concept_state_buffers
assist_17,45018,no_CRG,original,1.0,0.8813066482543945,0.1263496452145247,38,,student_concept_state_buffers
assist_17,45018,no_CRG,target_concept_mask,1.0,0.8813066482543945,0.1263496452145247,38,38,student_concept_state_buffers
assist_17,45018,no_CRG,random_history_mask,1.0,0.8813066482543945,0.1263496452145247,38,88,student_concept_state_buffers
assist_17,45058,no_CRG,original,1.0,0.6389354467391968,0.44795185202507615,69,,student_concept_state_buffers
assist_17,45058,no_CRG,target_concept_mask,1.0,0.6389354467391968,0.44795185202507615,69,69,student_concept_state_buffers
assist_17,45058,no_CRG,random_history_mask,1.0,0.6389354467391968,0.44795185202507615,69,3,student_concept_state_buffers
assist_17,45530,no_CRG,original,0.0,0.37304461002349854,0.46687988924321777,5,,student_concept_state_buffers
assist_17,45530,no_CRG,target_concept_mask,0.0,0.37304461002349854,0.46687988924321777,5,5,student_concept_state_buffers
assist_17,45530,no_CRG,random_history_mask,0.0,0.37304461002349854,0.46687988924321777,5,68,student_concept_state_buffers
assist_17,45549,no_CRG,original,1.0,0.3213910460472107,1.1350966852851863,10,,student_concept_state_buffers
assist_17,45549,no_CRG,target_concept_mask,1.0,0.3213910460472107,1.1350966852851863,10,10,student_concept_state_buffers
assist_17,45549,no_CRG,random_history_mask,1.0,0.3213910460472107,1.1350966852851863,10,57,student_concept_state_buffers
assist_17,45745,no_CRG,original,1.0,0.6507989168167114,0.42955456802599123,59,,student_concept_state_buffers
assist_17,45745,no_CRG,target_concept_mask,1.0,0.6507989168167114,0.42955456802599123,59,59,student_concept_state_buffers
assist_17,45745,no_CRG,random_history_mask,1.0,0.6507989168167114,0.42955456802599123,59,62,student_concept_state_buffers
assist_17,46152,no_CRG,original,0.0,0.1706385314464569,0.1870991892618655,0,,student_concept_state_buffers
assist_17,46152,no_CRG,target_concept_mask,0.0,0.1706385314464569,0.1870991892618655,0,0,student_concept_state_buffers
assist_17,46152,no_CRG,random_history_mask,0.0,0.1706385314464569,0.1870991892618655,0,27,student_concept_state_buffers
assist_17,46231,no_CRG,original,1.0,0.5876759886741638,0.5315795226314549,14,,student_concept_state_buffers
assist_17,46231,no_CRG,target_concept_mask,1.0,0.5876759886741638,0.5315795226314549,14,14,student_concept_state_buffers
assist_17,46231,no_CRG,random_history_mask,1.0,0.5876759886741638,0.5315795226314549,14,56,student_concept_state_buffers
assist_17,46626,no_CRG,original,1.0,0.7352442741394043,0.30755248921602485,51,,student_concept_state_buffers
assist_17,46626,no_CRG,target_concept_mask,1.0,0.7352442741394043,0.30755248921602485,51,51,student_concept_state_buffers
assist_17,46626,no_CRG,random_history_mask,1.0,0.7352442741394043,0.30755248921602485,51,2,student_concept_state_buffers
assist_17,46666,no_CRG,original,0.0,0.058424562215805054,0.060200808992071454,5,,student_concept_state_buffers
assist_17,46666,no_CRG,target_concept_mask,0.0,0.058424562215805054,0.060200808992071454,5,5,student_concept_state_buffers
assist_17,46666,no_CRG,random_history_mask,0.0,0.058424562215805054,0.060200808992071454,5,55,student_concept_state_buffers
assist_17,46697,no_CRG,original,0.0,0.18599534034729004,0.20578918860690243,62,,student_concept_state_buffers
assist_17,46697,no_CRG,target_concept_mask,0.0,0.18599534034729004,0.20578918860690243,62,62,student_concept_state_buffers
assist_17,46697,no_CRG,random_history_mask,0.0,0.18599534034729004,0.20578918860690243,62,0,student_concept_state_buffers
assist_17,46784,no_CRG,original,1.0,0.3731928765773773,0.9856598976043593,37,,student_concept_state_buffers
assist_17,46784,no_CRG,target_concept_mask,1.0,0.3731928765773773,0.9856598976043593,37,37,student_concept_state_buffers
assist_17,46784,no_CRG,random_history_mask,1.0,0.3731928765773773,0.9856598976043593,37,10,student_concept_state_buffers
assist_17,46838,no_CRG,original,0.0,0.17107796669006348,0.1876291773530438,44,,student_concept_state_buffers
assist_17,46838,no_CRG,target_concept_mask,0.0,0.17107796669006348,0.1876291773530438,44,44,student_concept_state_buffers
assist_17,46838,no_CRG,random_history_mask,0.0,0.17107796669006348,0.1876291773530438,44,48,student_concept_state_buffers
assist_17,47537,no_CRG,original,1.0,0.46089884638786316,0.7745766822141916,31,,student_concept_state_buffers
assist_17,47537,no_CRG,target_concept_mask,1.0,0.46089884638786316,0.7745766822141916,31,31,student_concept_state_buffers
assist_17,47537,no_CRG,random_history_mask,1.0,0.46089884638786316,0.7745766822141916,31,77,student_concept_state_buffers
assist_17,47664,no_CRG,original,0.0,0.29896748065948486,0.3552010030941183,33,,student_concept_state_buffers
assist_17,47664,no_CRG,target_concept_mask,0.0,0.29896748065948486,0.3552010030941183,33,33,student_concept_state_buffers
assist_17,47664,no_CRG,random_history_mask,0.0,0.29896748065948486,0.3552010030941183,33,58,student_concept_state_buffers
assist_17,48022,no_CRG,original,1.0,0.9303364157676697,0.07220902086143811,10,,student_concept_state_buffers
assist_17,48022,no_CRG,target_concept_mask,1.0,0.9303364157676697,0.07220902086143811,10,10,student_concept_state_buffers
assist_17,48022,no_CRG,random_history_mask,1.0,0.9303364157676697,0.07220902086143811,10,49,student_concept_state_buffers
assist_17,48076,no_CRG,original,1.0,0.7804877758026123,0.24783620115748495,36,,student_concept_state_buffers
assist_17,48076,no_CRG,target_concept_mask,1.0,0.7804877758026123,0.24783620115748495,36,36,student_concept_state_buffers
assist_17,48076,no_CRG,random_history_mask,1.0,0.7804877758026123,0.24783620115748495,36,47,student_concept_state_buffers
assist_17,48156,no_CRG,original,0.0,0.23021122813224792,0.26163912401731104,33,,student_concept_state_buffers
assist_17,48156,no_CRG,target_concept_mask,0.0,0.23021122813224792,0.26163912401731104,33,33,student_concept_state_buffers
assist_17,48156,no_CRG,random_history_mask,0.0,0.23021122813224792,0.26163912401731104,33,50,student_concept_state_buffers
assist_17,48247,no_CRG,original,1.0,0.7832624912261963,0.24428740133420535,20,,student_concept_state_buffers
assist_17,48247,no_CRG,target_concept_mask,1.0,0.7832624912261963,0.24428740133420535,20,20,student_concept_state_buffers
assist_17,48247,no_CRG,random_history_mask,1.0,0.7832624912261963,0.24428740133420535,20,37,student_concept_state_buffers
assist_17,48291,no_CRG,original,1.0,0.32603976130485535,1.120735937860015,36,,student_concept_state_buffers
assist_17,48291,no_CRG,target_concept_mask,1.0,0.32603976130485535,1.120735937860015,36,36,student_concept_state_buffers
assist_17,48291,no_CRG,random_history_mask,1.0,0.32603976130485535,1.120735937860015,36,91,student_concept_state_buffers
assist_17,48528,no_CRG,original,1.0,0.547828197479248,0.6017935494376538,46,,student_concept_state_buffers
assist_17,48528,no_CRG,target_concept_mask,1.0,0.547828197479248,0.6017935494376538,46,46,student_concept_state_buffers
assist_17,48528,no_CRG,random_history_mask,1.0,0.547828197479248,0.6017935494376538,46,60,student_concept_state_buffers
assist_17,48553,no_CRG,original,1.0,0.5558221340179443,0.5873069387568092,46,,student_concept_state_buffers
assist_17,48553,no_CRG,target_concept_mask,1.0,0.5558221340179443,0.5873069387568092,46,46,student_concept_state_buffers
assist_17,48553,no_CRG,random_history_mask,1.0,0.5558221340179443,0.5873069387568092,46,45,student_concept_state_buffers
assist_17,48619,no_CRG,original,0.0,0.15406058728694916,0.16730753811890162,24,,student_concept_state_buffers
assist_17,48619,no_CRG,target_concept_mask,0.0,0.15406058728694916,0.16730753811890162,24,24,student_concept_state_buffers
assist_17,48619,no_CRG,random_history_mask,0.0,0.15406058728694916,0.16730753811890162,24,67,student_concept_state_buffers
assist_17,49015,no_CRG,original,1.0,0.5555761456489563,0.5877496034207829,25,,student_concept_state_buffers
assist_17,49015,no_CRG,target_concept_mask,1.0,0.5555761456489563,0.5877496034207829,25,25,student_concept_state_buffers
assist_17,49015,no_CRG,random_history_mask,1.0,0.5555761456489563,0.5877496034207829,25,32,student_concept_state_buffers
assist_17,49126,no_CRG,original,1.0,0.4372389316558838,0.8272754789409625,10,,student_concept_state_buffers
assist_17,49126,no_CRG,target_concept_mask,1.0,0.4372389316558838,0.8272754789409625,10,10,student_concept_state_buffers
assist_17,49126,no_CRG,random_history_mask,1.0,0.4372389316558838,0.8272754789409625,10,66,student_concept_state_buffers
assist_17,49196,no_CRG,original,1.0,0.4676614999771118,0.7600105354125656,4,,student_concept_state_buffers
assist_17,49196,no_CRG,target_concept_mask,1.0,0.4676614999771118,0.7600105354125656,4,4,student_concept_state_buffers
assist_17,49196,no_CRG,random_history_mask,1.0,0.4676614999771118,0.7600105354125656,4,67,student_concept_state_buffers
assist_17,49325,no_CRG,original,1.0,0.6003350019454956,0.5102674430020363,14,,student_concept_state_buffers
assist_17,49325,no_CRG,target_concept_mask,1.0,0.6003350019454956,0.5102674430020363,14,14,student_concept_state_buffers
assist_17,49325,no_CRG,random_history_mask,1.0,0.6003350019454956,0.5102674430020363,14,59,student_concept_state_buffers
assist_17,49522,no_CRG,original,0.0,0.7693122625350952,1.4666902688132903,32,,student_concept_state_buffers
assist_17,49522,no_CRG,target_concept_mask,0.0,0.7693122625350952,1.4666902688132903,32,32,student_concept_state_buffers
assist_17,49522,no_CRG,random_history_mask,0.0,0.7693122625350952,1.4666902688132903,32,27,student_concept_state_buffers
assist_17,49703,no_CRG,original,1.0,0.5844910740852356,0.5370137692127326,63,,student_concept_state_buffers
assist_17,49703,no_CRG,target_concept_mask,1.0,0.5844910740852356,0.5370137692127326,63,63,student_concept_state_buffers
assist_17,49703,no_CRG,random_history_mask,1.0,0.5844910740852356,0.5370137692127326,63,31,student_concept_state_buffers
assist_17,49837,no_CRG,original,0.0,0.44755083322525024,0.5933938556605829,20,,student_concept_state_buffers
assist_17,49837,no_CRG,target_concept_mask,0.0,0.44755083322525024,0.5933938556605829,20,20,student_concept_state_buffers
assist_17,49837,no_CRG,random_history_mask,0.0,0.44755083322525024,0.5933938556605829,20,51,student_concept_state_buffers
assist_17,50003,no_CRG,original,0.0,0.7529528141021729,1.3981759245756258,59,,student_concept_state_buffers
assist_17,50003,no_CRG,target_concept_mask,0.0,0.7529528141021729,1.3981759245756258,59,59,student_concept_state_buffers
assist_17,50003,no_CRG,random_history_mask,0.0,0.7529528141021729,1.3981759245756258,59,64,student_concept_state_buffers
assist_17,50115,no_CRG,original,1.0,0.5425137281417847,0.6115418885572182,14,,student_concept_state_buffers
assist_17,50115,no_CRG,target_concept_mask,1.0,0.5425137281417847,0.6115418885572182,14,14,student_concept_state_buffers
assist_17,50115,no_CRG,random_history_mask,1.0,0.5425137281417847,0.6115418885572182,14,62,student_concept_state_buffers
assist_17,50310,no_CRG,original,0.0,0.15704746544361115,0.17084462795530111,69,,student_concept_state_buffers
assist_17,50310,no_CRG,target_concept_mask,0.0,0.15704746544361115,0.17084462795530111,69,69,student_concept_state_buffers
assist_17,50310,no_CRG,random_history_mask,0.0,0.15704746544361115,0.17084462795530111,69,50,student_concept_state_buffers
assist_17,50604,no_CRG,original,1.0,0.5087667107582092,0.6757656960655906,79,,student_concept_state_buffers
assist_17,50604,no_CRG,target_concept_mask,1.0,0.5087667107582092,0.6757656960655906,79,79,student_concept_state_buffers
assist_17,50604,no_CRG,random_history_mask,1.0,0.5087667107582092,0.6757656960655906,79,4,student_concept_state_buffers
assist_17,50700,no_CRG,original,0.0,0.18091413378715515,0.1995663578739584,57,,student_concept_state_buffers
assist_17,50700,no_CRG,target_concept_mask,0.0,0.18091413378715515,0.1995663578739584,57,57,student_concept_state_buffers
assist_17,50700,no_CRG,random_history_mask,0.0,0.18091413378715515,0.1995663578739584,57,51,student_concept_state_buffers
assist_17,51469,no_CRG,original,1.0,0.8096924424171448,0.21110080413979787,14,,student_concept_state_buffers
assist_17,51469,no_CRG,target_concept_mask,1.0,0.8096924424171448,0.21110080413979787,14,14,student_concept_state_buffers
assist_17,51469,no_CRG,random_history_mask,1.0,0.8096924424171448,0.21110080413979787,14,56,student_concept_state_buffers
assist_17,51610,no_CRG,original,0.0,0.11587017774581909,0.12315136937343954,8,,student_concept_state_buffers
assist_17,51610,no_CRG,target_concept_mask,0.0,0.11587017774581909,0.12315136937343954,8,8,student_concept_state_buffers
assist_17,51610,no_CRG,random_history_mask,0.0,0.11587017774581909,0.12315136937343954,8,7,student_concept_state_buffers
assist_17,51707,no_CRG,original,0.0,0.32868579030036926,0.3985179808256907,57,,student_concept_state_buffers
assist_17,51707,no_CRG,target_concept_mask,0.0,0.32868579030036926,0.3985179808256907,57,57,student_concept_state_buffers
assist_17,51707,no_CRG,random_history_mask,0.0,0.32868579030036926,0.3985179808256907,57,14,student_concept_state_buffers
assist_17,51745,no_CRG,original,1.0,0.6539626717567444,0.42470500597843214,44,,student_concept_state_buffers
assist_17,51745,no_CRG,target_concept_mask,1.0,0.6539626717567444,0.42470500597843214,44,44,student_concept_state_buffers
assist_17,51745,no_CRG,random_history_mask,1.0,0.6539626717567444,0.42470500597843214,44,64,student_concept_state_buffers
assist_17,51796,no_CRG,original,1.0,0.40745726227760315,0.8978192296476581,34,,student_concept_state_buffers
assist_17,51796,no_CRG,target_concept_mask,1.0,0.40745726227760315,0.8978192296476581,34,34,student_concept_state_buffers
assist_17,51796,no_CRG,random_history_mask,1.0,0.40745726227760315,0.8978192296476581,34,79,student_concept_state_buffers
assist_17,51891,no_CRG,original,0.0,0.7473993897438049,1.3759456531692384,13,,student_concept_state_buffers
assist_17,51891,no_CRG,target_concept_mask,0.0,0.7473993897438049,1.3759456531692384,13,13,student_concept_state_buffers
assist_17,51891,no_CRG,random_history_mask,0.0,0.7473993897438049,1.3759456531692384,13,59,student_concept_state_buffers
assist_17,51961,no_CRG,original,1.0,0.5138341784477234,0.665854675600665,20,,student_concept_state_buffers
assist_17,51961,no_CRG,target_concept_mask,1.0,0.5138341784477234,0.665854675600665,20,20,student_concept_state_buffers
assist_17,51961,no_CRG,random_history_mask,1.0,0.5138341784477234,0.665854675600665,20,27,student_concept_state_buffers
assist_17,51999,no_CRG,original,0.0,0.49940574169158936,0.6919593696698749,65,,student_concept_state_buffers
assist_17,51999,no_CRG,target_concept_mask,0.0,0.49940574169158936,0.6919593696698749,65,65,student_concept_state_buffers
assist_17,51999,no_CRG,random_history_mask,0.0,0.49940574169158936,0.6919593696698749,65,66,student_concept_state_buffers
assist_17,52244,no_CRG,original,0.0,0.5193774700164795,0.7326730779114644,20,,student_concept_state_buffers
assist_17,52244,no_CRG,target_concept_mask,0.0,0.5193774700164795,0.7326730779114644,20,20,student_concept_state_buffers
assist_17,52244,no_CRG,random_history_mask,0.0,0.5193774700164795,0.7326730779114644,20,0,student_concept_state_buffers
assist_17,52423,no_CRG,original,0.0,0.5065584182739258,0.7063508025439458,14,,student_concept_state_buffers
assist_17,52423,no_CRG,target_concept_mask,0.0,0.5065584182739258,0.7063508025439458,14,14,student_concept_state_buffers
assist_17,52423,no_CRG,random_history_mask,0.0,0.5065584182739258,0.7063508025439458,14,85,student_concept_state_buffers
assist_17,52484,no_CRG,original,1.0,0.7386326193809509,0.302954613741207,20,,student_concept_state_buffers
assist_17,52484,no_CRG,target_concept_mask,1.0,0.7386326193809509,0.302954613741207,20,20,student_concept_state_buffers
assist_17,52484,no_CRG,random_history_mask,1.0,0.7386326193809509,0.302954613741207,20,33,student_concept_state_buffers
assist_17,52621,no_CRG,original,0.0,0.09969810396432877,0.10502513186562362,57,,student_concept_state_buffers
assist_17,52621,no_CRG,target_concept_mask,0.0,0.09969810396432877,0.10502513186562362,57,57,student_concept_state_buffers
assist_17,52621,no_CRG,random_history_mask,0.0,0.09969810396432877,0.10502513186562362,57,45,student_concept_state_buffers
assist_17,52870,no_CRG,original,0.0,0.013036597520112991,0.013122319790438278,20,,student_concept_state_buffers
assist_17,52870,no_CRG,target_concept_mask,0.0,0.013036597520112991,0.013122319790438278,20,20,student_concept_state_buffers
assist_17,52870,no_CRG,random_history_mask,0.0,0.013036597520112991,0.013122319790438278,20,64,student_concept_state_buffers
assist_17,52892,no_CRG,original,0.0,0.16595575213432312,0.18146882303594036,60,,student_concept_state_buffers
assist_17,52892,no_CRG,target_concept_mask,0.0,0.16595575213432312,0.18146882303594036,60,60,student_concept_state_buffers
assist_17,52892,no_CRG,random_history_mask,0.0,0.16595575213432312,0.18146882303594036,60,34,student_concept_state_buffers
assist_17,52991,no_CRG,original,0.0,0.04665588587522507,0.04777935537779814,12,,student_concept_state_buffers
assist_17,52991,no_CRG,target_concept_mask,0.0,0.04665588587522507,0.04777935537779814,12,12,student_concept_state_buffers
assist_17,52991,no_CRG,random_history_mask,0.0,0.04665588587522507,0.04777935537779814,12,13,student_concept_state_buffers
assist_17,53072,no_CRG,original,0.0,0.16993360221385956,0.1862495840584101,57,,student_concept_state_buffers
assist_17,53072,no_CRG,target_concept_mask,0.0,0.16993360221385956,0.1862495840584101,57,57,student_concept_state_buffers
assist_17,53072,no_CRG,random_history_mask,0.0,0.16993360221385956,0.1862495840584101,57,0,student_concept_state_buffers
assist_17,53157,no_CRG,original,0.0,0.2239951640367508,0.25359652690693296,51,,student_concept_state_buffers
assist_17,53157,no_CRG,target_concept_mask,0.0,0.2239951640367508,0.25359652690693296,51,51,student_concept_state_buffers
assist_17,53157,no_CRG,random_history_mask,0.0,0.2239951640367508,0.25359652690693296,51,24,student_concept_state_buffers
assist_17,53165,no_CRG,original,0.0,0.4522969722747803,0.6020220591354027,48,,student_concept_state_buffers
assist_17,53165,no_CRG,target_concept_mask,0.0,0.4522969722747803,0.6020220591354027,48,48,student_concept_state_buffers
assist_17,53165,no_CRG,random_history_mask,0.0,0.4522969722747803,0.6020220591354027,48,6,student_concept_state_buffers
assist_17,53803,no_CRG,original,0.0,0.23488999903202057,0.26773566337769067,57,,student_concept_state_buffers
assist_17,53803,no_CRG,target_concept_mask,0.0,0.23488999903202057,0.26773566337769067,57,57,student_concept_state_buffers
assist_17,53803,no_CRG,random_history_mask,0.0,0.23488999903202057,0.26773566337769067,57,25,student_concept_state_buffers
assist_17,53946,no_CRG,original,1.0,0.3693869709968567,0.9959104825567914,62,,student_concept_state_buffers
assist_17,53946,no_CRG,target_concept_mask,1.0,0.3693869709968567,0.9959104825567914,62,62,student_concept_state_buffers
assist_17,53946,no_CRG,random_history_mask,1.0,0.3693869709968567,0.9959104825567914,62,14,student_concept_state_buffers
assist_17,54052,no_CRG,original,0.0,0.18500995635986328,0.20457938220836536,34,,student_concept_state_buffers
assist_17,54052,no_CRG,target_concept_mask,0.0,0.18500995635986328,0.20457938220836536,34,34,student_concept_state_buffers
assist_17,54052,no_CRG,random_history_mask,0.0,0.18500995635986328,0.20457938220836536,34,39,student_concept_state_buffers
assist_17,54072,no_CRG,original,0.0,0.6179062128067017,0.9620891842969121,59,,student_concept_state_buffers
assist_17,54072,no_CRG,target_concept_mask,0.0,0.6179062128067017,0.9620891842969121,59,59,student_concept_state_buffers
assist_17,54072,no_CRG,random_history_mask,0.0,0.6179062128067017,0.9620891842969121,59,39,student_concept_state_buffers
assist_17,54106,no_CRG,original,0.0,0.5179775357246399,0.7297645596371652,37,,student_concept_state_buffers
assist_17,54106,no_CRG,target_concept_mask,0.0,0.5179775357246399,0.7297645596371652,37,37,student_concept_state_buffers
assist_17,54106,no_CRG,random_history_mask,0.0,0.5179775357246399,0.7297645596371652,37,43,student_concept_state_buffers
assist_17,54157,no_CRG,original,1.0,0.5885928869247437,0.5300205279911855,62,,student_concept_state_buffers
assist_17,54157,no_CRG,target_concept_mask,1.0,0.5885928869247437,0.5300205279911855,62,62,student_concept_state_buffers
assist_17,54157,no_CRG,random_history_mask,1.0,0.5885928869247437,0.5300205279911855,62,47,student_concept_state_buffers
assist_17,54280,no_CRG,original,0.0,0.1029190793633461,0.10860920846531881,51,,student_concept_state_buffers
assist_17,54280,no_CRG,target_concept_mask,0.0,0.1029190793633461,0.10860920846531881,51,51,student_concept_state_buffers
assist_17,54280,no_CRG,random_history_mask,0.0,0.1029190793633461,0.10860920846531881,51,2,student_concept_state_buffers
assist_17,54330,no_CRG,original,1.0,0.4302283227443695,0.843439228089746,20,,student_concept_state_buffers
assist_17,54330,no_CRG,target_concept_mask,1.0,0.4302283227443695,0.843439228089746,20,20,student_concept_state_buffers
assist_17,54330,no_CRG,random_history_mask,1.0,0.4302283227443695,0.843439228089746,20,35,student_concept_state_buffers
assist_17,54497,no_CRG,original,0.0,0.378347247838974,0.4753736184056246,59,,student_concept_state_buffers
assist_17,54497,no_CRG,target_concept_mask,0.0,0.378347247838974,0.4753736184056246,59,59,student_concept_state_buffers
assist_17,54497,no_CRG,random_history_mask,0.0,0.378347247838974,0.4753736184056246,59,6,student_concept_state_buffers
assist_17,54554,no_CRG,original,1.0,0.33874350786209106,1.082512071954634,13,,student_concept_state_buffers
assist_17,54554,no_CRG,target_concept_mask,1.0,0.33874350786209106,1.082512071954634,13,13,student_concept_state_buffers
assist_17,54554,no_CRG,random_history_mask,1.0,0.33874350786209106,1.082512071954634,13,0,student_concept_state_buffers
assist_17,54620,no_CRG,original,0.0,0.2202940285205841,0.24883839000742008,1,,student_concept_state_buffers
assist_17,54620,no_CRG,target_concept_mask,0.0,0.2202940285205841,0.24883839000742008,1,1,student_concept_state_buffers
assist_17,54620,no_CRG,random_history_mask,0.0,0.2202940285205841,0.24883839000742008,1,14,student_concept_state_buffers
assist_17,54627,no_CRG,original,0.0,0.5419079065322876,0.7806850376408909,50,,student_concept_state_buffers
assist_17,54627,no_CRG,target_concept_mask,0.0,0.5419079065322876,0.7806850376408909,50,50,student_concept_state_buffers
assist_17,54627,no_CRG,random_history_mask,0.0,0.5419079065322876,0.7806850376408909,50,52,student_concept_state_buffers
assist_17,54800,no_CRG,original,0.0,0.8030277490615845,1.6246924183462257,70,,student_concept_state_buffers
assist_17,54800,no_CRG,target_concept_mask,0.0,0.8030277490615845,1.6246924183462257,70,70,student_concept_state_buffers
assist_17,54800,no_CRG,random_history_mask,0.0,0.8030277490615845,1.6246924183462257,70,10,student_concept_state_buffers
assist_17,54831,no_CRG,original,1.0,0.9567289352416992,0.044235171911962204,63,,student_concept_state_buffers
assist_17,54831,no_CRG,target_concept_mask,1.0,0.9567289352416992,0.044235171911962204,63,63,student_concept_state_buffers
assist_17,54831,no_CRG,random_history_mask,1.0,0.9567289352416992,0.044235171911962204,63,44,student_concept_state_buffers
assist_17,54968,no_CRG,original,1.0,0.23918990790843964,1.4304974488139555,57,,student_concept_state_buffers
assist_17,54968,no_CRG,target_concept_mask,1.0,0.23918990790843964,1.4304974488139555,57,57,student_concept_state_buffers
assist_17,54968,no_CRG,random_history_mask,1.0,0.23918990790843964,1.4304974488139555,57,76,student_concept_state_buffers
assist_17,55044,no_CRG,original,0.0,0.19061420857906342,0.21147960115338993,29,,student_concept_state_buffers
assist_17,55044,no_CRG,target_concept_mask,0.0,0.19061420857906342,0.21147960115338993,29,29,student_concept_state_buffers
assist_17,55044,no_CRG,random_history_mask,0.0,0.19061420857906342,0.21147960115338993,29,31,student_concept_state_buffers
assist_17,55622,no_CRG,original,0.0,0.48580169677734375,0.6651462839950452,2,,student_concept_state_buffers
assist_17,55622,no_CRG,target_concept_mask,0.0,0.48580169677734375,0.6651462839950452,2,2,student_concept_state_buffers
assist_17,55622,no_CRG,random_history_mask,0.0,0.48580169677734375,0.6651462839950452,2,9,student_concept_state_buffers
assist_17,55670,no_CRG,original,1.0,0.9067785143852234,0.09785705451431173,36,,student_concept_state_buffers
assist_17,55670,no_CRG,target_concept_mask,1.0,0.9067785143852234,0.09785705451431173,36,36,student_concept_state_buffers
assist_17,55670,no_CRG,random_history_mask,1.0,0.9067785143852234,0.09785705451431173,36,40,student_concept_state_buffers
assist_17,55871,no_CRG,original,0.0,0.0925675481557846,0.09713614884293623,36,,student_concept_state_buffers
assist_17,55871,no_CRG,target_concept_mask,0.0,0.0925675481557846,0.09713614884293623,36,36,student_concept_state_buffers
assist_17,55871,no_CRG,random_history_mask,0.0,0.0925675481557846,0.09713614884293623,36,44,student_concept_state_buffers
assist_17,55906,no_CRG,original,0.0,0.4850621223449707,0.6637090115068559,41,,student_concept_state_buffers
assist_17,55906,no_CRG,target_concept_mask,0.0,0.4850621223449707,0.6637090115068559,41,41,student_concept_state_buffers
assist_17,55906,no_CRG,random_history_mask,0.0,0.4850621223449707,0.6637090115068559,41,36,student_concept_state_buffers
assist_17,56322,no_CRG,original,0.0,0.152048259973526,0.16493155515582833,59,,student_concept_state_buffers
assist_17,56322,no_CRG,target_concept_mask,0.0,0.152048259973526,0.16493155515582833,59,59,student_concept_state_buffers
assist_17,56322,no_CRG,random_history_mask,0.0,0.152048259973526,0.16493155515582833,59,6,student_concept_state_buffers
assist_17,56595,no_CRG,original,1.0,0.8372204899787903,0.17766781429651518,32,,student_concept_state_buffers
assist_17,56595,no_CRG,target_concept_mask,1.0,0.8372204899787903,0.17766781429651518,32,32,student_concept_state_buffers
assist_17,56595,no_CRG,random_history_mask,1.0,0.8372204899787903,0.17766781429651518,32,3,student_concept_state_buffers
assist_17,56843,no_CRG,original,0.0,0.38573160767555237,0.4873233252949798,33,,student_concept_state_buffers
assist_17,56843,no_CRG,target_concept_mask,0.0,0.38573160767555237,0.4873233252949798,33,33,student_concept_state_buffers
assist_17,56843,no_CRG,random_history_mask,0.0,0.38573160767555237,0.4873233252949798,33,45,student_concept_state_buffers
assist_17,57152,no_CRG,original,0.0,0.47651299834251404,0.6472430786694234,2,,student_concept_state_buffers
assist_17,57152,no_CRG,target_concept_mask,0.0,0.47651299834251404,0.6472430786694234,2,2,student_concept_state_buffers
assist_17,57152,no_CRG,random_history_mask,0.0,0.47651299834251404,0.6472430786694234,2,92,student_concept_state_buffers
assist_17,57176,no_CRG,original,0.0,0.3581642210483551,0.44342280403903456,50,,student_concept_state_buffers
assist_17,57176,no_CRG,target_concept_mask,0.0,0.3581642210483551,0.44342280403903456,50,50,student_concept_state_buffers
assist_17,57176,no_CRG,random_history_mask,0.0,0.3581642210483551,0.44342280403903456,50,53,student_concept_state_buffers
assist_17,57249,no_CRG,original,1.0,0.5863247513771057,0.5338814596705631,65,,student_concept_state_buffers
assist_17,57249,no_CRG,target_concept_mask,1.0,0.5863247513771057,0.5338814596705631,65,65,student_concept_state_buffers
assist_17,57249,no_CRG,random_history_mask,1.0,0.5863247513771057,0.5338814596705631,65,11,student_concept_state_buffers
assist_17,57561,no_CRG,original,0.0,0.4241641163825989,0.5519325831602243,20,,student_concept_state_buffers
assist_17,57561,no_CRG,target_concept_mask,0.0,0.4241641163825989,0.5519325831602243,20,20,student_concept_state_buffers
assist_17,57561,no_CRG,random_history_mask,0.0,0.4241641163825989,0.5519325831602243,20,30,student_concept_state_buffers
assist_17,57578,no_CRG,original,1.0,0.792862057685852,0.23210602243312653,10,,student_concept_state_buffers
assist_17,57578,no_CRG,target_concept_mask,1.0,0.792862057685852,0.23210602243312653,10,10,student_concept_state_buffers
assist_17,57578,no_CRG,random_history_mask,1.0,0.792862057685852,0.23210602243312653,10,39,student_concept_state_buffers
assist_17,57631,no_CRG,original,0.0,0.6240541338920593,0.9783101190745457,79,,student_concept_state_buffers
assist_17,57631,no_CRG,target_concept_mask,0.0,0.6240541338920593,0.9783101190745457,79,79,student_concept_state_buffers
assist_17,57631,no_CRG,random_history_mask,0.0,0.6240541338920593,0.9783101190745457,79,42,student_concept_state_buffers
assist_17,57880,no_CRG,original,0.0,0.08225381374359131,0.08583441215029325,67,,student_concept_state_buffers
assist_17,57880,no_CRG,target_concept_mask,0.0,0.08225381374359131,0.08583441215029325,67,67,student_concept_state_buffers
assist_17,57880,no_CRG,random_history_mask,0.0,0.08225381374359131,0.08583441215029325,67,8,student_concept_state_buffers
assist_17,58080,no_CRG,original,1.0,0.531451404094696,0.6321435169988936,20,,student_concept_state_buffers
assist_17,58080,no_CRG,target_concept_mask,1.0,0.531451404094696,0.6321435169988936,20,20,student_concept_state_buffers
assist_17,58080,no_CRG,random_history_mask,1.0,0.531451404094696,0.6321435169988936,20,12,student_concept_state_buffers
assist_17,58370,no_CRG,original,1.0,0.3620664179325104,1.0159276090341502,58,,student_concept_state_buffers
assist_17,58370,no_CRG,target_concept_mask,1.0,0.3620664179325104,1.0159276090341502,58,58,student_concept_state_buffers
assist_17,58370,no_CRG,random_history_mask,1.0,0.3620664179325104,1.0159276090341502,58,33,student_concept_state_buffers
assist_17,58492,no_CRG,original,1.0,0.12157095968723297,2.1072571563332874,53,,student_concept_state_buffers
assist_17,58492,no_CRG,target_concept_mask,1.0,0.12157095968723297,2.1072571563332874,53,53,student_concept_state_buffers
assist_17,58492,no_CRG,random_history_mask,1.0,0.12157095968723297,2.1072571563332874,53,31,student_concept_state_buffers
assist_17,58494,no_CRG,original,0.0,0.1456964761018753,0.15746873393768962,32,,student_concept_state_buffers
assist_17,58494,no_CRG,target_concept_mask,0.0,0.1456964761018753,0.15746873393768962,32,32,student_concept_state_buffers
assist_17,58494,no_CRG,random_history_mask,0.0,0.1456964761018753,0.15746873393768962,32,52,student_concept_state_buffers
assist_17,58571,no_CRG,original,1.0,0.16582760214805603,1.7968065715600268,1,,student_concept_state_buffers
assist_17,58571,no_CRG,target_concept_mask,1.0,0.16582760214805603,1.7968065715600268,1,1,student_concept_state_buffers
assist_17,58571,no_CRG,random_history_mask,1.0,0.16582760214805603,1.7968065715600268,1,8,student_concept_state_buffers
assist_17,58707,no_CRG,original,1.0,0.1708286702632904,1.7670941530299902,57,,student_concept_state_buffers
assist_17,58707,no_CRG,target_concept_mask,1.0,0.1708286702632904,1.7670941530299902,57,57,student_concept_state_buffers
assist_17,58707,no_CRG,random_history_mask,1.0,0.1708286702632904,1.7670941530299902,57,47,student_concept_state_buffers
assist_17,58934,no_CRG,original,0.0,0.5374544262886047,0.7710101891298147,10,,student_concept_state_buffers
assist_17,58934,no_CRG,target_concept_mask,0.0,0.5374544262886047,0.7710101891298147,10,10,student_concept_state_buffers
assist_17,58934,no_CRG,random_history_mask,0.0,0.5374544262886047,0.7710101891298147,10,0,student_concept_state_buffers
assist_17,59225,no_CRG,original,0.0,0.2519913911819458,0.29034079195884344,26,,student_concept_state_buffers
assist_17,59225,no_CRG,target_concept_mask,0.0,0.2519913911819458,0.29034079195884344,26,26,student_concept_state_buffers
assist_17,59225,no_CRG,random_history_mask,0.0,0.2519913911819458,0.29034079195884344,26,58,student_concept_state_buffers
assist_17,59275,no_CRG,original,0.0,0.6816684007644653,1.1446616746119935,72,,student_concept_state_buffers
assist_17,59275,no_CRG,target_concept_mask,0.0,0.6816684007644653,1.1446616746119935,72,72,student_concept_state_buffers
assist_17,59275,no_CRG,random_history_mask,0.0,0.6816684007644653,1.1446616746119935,72,24,student_concept_state_buffers
assist_17,59305,no_CRG,original,1.0,0.2708244025707245,1.3062846291135244,46,,student_concept_state_buffers
assist_17,59305,no_CRG,target_concept_mask,1.0,0.2708244025707245,1.3062846291135244,46,46,student_concept_state_buffers
assist_17,59305,no_CRG,random_history_mask,1.0,0.2708244025707245,1.3062846291135244,46,37,student_concept_state_buffers
assist_17,59433,no_CRG,original,0.0,0.27128344774246216,0.31647043978751127,12,,student_concept_state_buffers
assist_17,59433,no_CRG,target_concept_mask,0.0,0.27128344774246216,0.31647043978751127,12,12,student_concept_state_buffers
assist_17,59433,no_CRG,random_history_mask,0.0,0.27128344774246216,0.31647043978751127,12,66,student_concept_state_buffers
assist_17,59599,no_CRG,original,0.0,0.18898922204971313,0.2094739352506087,36,,student_concept_state_buffers
assist_17,59599,no_CRG,target_concept_mask,0.0,0.18898922204971313,0.2094739352506087,36,36,student_concept_state_buffers
assist_17,59599,no_CRG,random_history_mask,0.0,0.18898922204971313,0.2094739352506087,36,2,student_concept_state_buffers
assist_17,59843,no_CRG,original,1.0,0.5509113669395447,0.5961813413172673,10,,student_concept_state_buffers
assist_17,59843,no_CRG,target_concept_mask,1.0,0.5509113669395447,0.5961813413172673,10,10,student_concept_state_buffers
assist_17,59843,no_CRG,random_history_mask,1.0,0.5509113669395447,0.5961813413172673,10,66,student_concept_state_buffers
assist_17,59982,no_CRG,original,0.0,0.0245978944003582,0.024905477004760673,46,,student_concept_state_buffers
assist_17,59982,no_CRG,target_concept_mask,0.0,0.0245978944003582,0.024905477004760673,46,46,student_concept_state_buffers
assist_17,59982,no_CRG,random_history_mask,0.0,0.0245978944003582,0.024905477004760673,46,8,student_concept_state_buffers
assist_17,60127,no_CRG,original,1.0,0.4318705201148987,0.8396294576198824,1,,student_concept_state_buffers
assist_17,60127,no_CRG,target_concept_mask,1.0,0.4318705201148987,0.8396294576198824,1,1,student_concept_state_buffers
assist_17,60127,no_CRG,random_history_mask,1.0,0.4318705201148987,0.8396294576198824,1,11,student_concept_state_buffers
assist_17,60162,no_CRG,original,0.0,0.024742277339100838,0.025053511979300606,68,,student_concept_state_buffers
assist_17,60162,no_CRG,target_concept_mask,0.0,0.024742277339100838,0.025053511979300606,68,68,student_concept_state_buffers
assist_17,60162,no_CRG,random_history_mask,0.0,0.024742277339100838,0.025053511979300606,68,35,student_concept_state_buffers
assist_17,60568,no_CRG,original,1.0,0.7641844749450684,0.2689460596100505,45,,student_concept_state_buffers
assist_17,60568,no_CRG,target_concept_mask,1.0,0.7641844749450684,0.2689460596100505,45,45,student_concept_state_buffers
assist_17,60568,no_CRG,random_history_mask,1.0,0.7641844749450684,0.2689460596100505,45,27,student_concept_state_buffers
assist_17,60624,no_CRG,original,0.0,0.6812281608581543,1.1432796699017334,20,,student_concept_state_buffers
assist_17,60624,no_CRG,target_concept_mask,0.0,0.6812281608581543,1.1432796699017334,20,20,student_concept_state_buffers
assist_17,60624,no_CRG,random_history_mask,0.0,0.6812281608581543,1.1432796699017334,20,44,student_concept_state_buffers
assist_17,61145,no_CRG,original,1.0,0.5292730927467346,0.6362507369540368,32,,student_concept_state_buffers
assist_17,61145,no_CRG,target_concept_mask,1.0,0.5292730927467346,0.6362507369540368,32,32,student_concept_state_buffers
assist_17,61145,no_CRG,random_history_mask,1.0,0.5292730927467346,0.6362507369540368,32,92,student_concept_state_buffers
assist_17,61502,no_CRG,original,0.0,0.06680912524461746,0.06914551732739654,36,,student_concept_state_buffers
assist_17,61502,no_CRG,target_concept_mask,0.0,0.06680912524461746,0.06914551732739654,36,36,student_concept_state_buffers
assist_17,61502,no_CRG,random_history_mask,0.0,0.06680912524461746,0.06914551732739654,36,91,student_concept_state_buffers
assist_17,61690,no_CRG,original,1.0,0.6696157455444336,0.4010512452320366,54,,student_concept_state_buffers
assist_17,61690,no_CRG,target_concept_mask,1.0,0.6696157455444336,0.4010512452320366,54,54,student_concept_state_buffers
assist_17,61690,no_CRG,random_history_mask,1.0,0.6696157455444336,0.4010512452320366,54,8,student_concept_state_buffers
assist_17,62416,no_CRG,original,1.0,0.8618404865264893,0.14868507587569507,62,,student_concept_state_buffers
assist_17,62416,no_CRG,target_concept_mask,1.0,0.8618404865264893,0.14868507587569507,62,62,student_concept_state_buffers
assist_17,62416,no_CRG,random_history_mask,1.0,0.8618404865264893,0.14868507587569507,62,46,student_concept_state_buffers
assist_17,62435,no_CRG,original,0.0,0.7270905375480652,1.2986151781718769,14,,student_concept_state_buffers
assist_17,62435,no_CRG,target_concept_mask,0.0,0.7270905375480652,1.2986151781718769,14,14,student_concept_state_buffers
assist_17,62435,no_CRG,random_history_mask,0.0,0.7270905375480652,1.2986151781718769,14,32,student_concept_state_buffers
assist_17,62551,no_CRG,original,0.0,0.39509841799736023,0.502689508560009,32,,student_concept_state_buffers
assist_17,62551,no_CRG,target_concept_mask,0.0,0.39509841799736023,0.502689508560009,32,32,student_concept_state_buffers
assist_17,62551,no_CRG,random_history_mask,0.0,0.39509841799736023,0.502689508560009,32,65,student_concept_state_buffers
assist_17,63134,no_CRG,original,1.0,0.6428868174552917,0.4417865928583923,20,,student_concept_state_buffers
assist_17,63134,no_CRG,target_concept_mask,1.0,0.6428868174552917,0.4417865928583923,20,20,student_concept_state_buffers
assist_17,63134,no_CRG,random_history_mask,1.0,0.6428868174552917,0.4417865928583923,20,30,student_concept_state_buffers
assist_17,63409,no_CRG,original,1.0,0.712723433971405,0.33866182446006693,2,,student_concept_state_buffers
assist_17,63409,no_CRG,target_concept_mask,1.0,0.712723433971405,0.33866182446006693,2,2,student_concept_state_buffers
assist_17,63409,no_CRG,random_history_mask,1.0,0.712723433971405,0.33866182446006693,2,53,student_concept_state_buffers
assist_17,63548,no_CRG,original,0.0,0.3572789430618286,0.442044463895651,52,,student_concept_state_buffers
assist_17,63548,no_CRG,target_concept_mask,0.0,0.3572789430618286,0.442044463895651,52,52,student_concept_state_buffers
assist_17,63548,no_CRG,random_history_mask,0.0,0.3572789430618286,0.442044463895651,52,39,student_concept_state_buffers
assist_17,63561,no_CRG,original,1.0,0.4884847104549408,0.7164471069554668,34,,student_concept_state_buffers
assist_17,63561,no_CRG,target_concept_mask,1.0,0.4884847104549408,0.7164471069554668,34,34,student_concept_state_buffers
assist_17,63561,no_CRG,random_history_mask,1.0,0.4884847104549408,0.7164471069554668,34,54,student_concept_state_buffers
assist_17,64035,no_CRG,original,0.0,0.1524031162261963,0.1653501291240062,20,,student_concept_state_buffers
assist_17,64035,no_CRG,target_concept_mask,0.0,0.1524031162261963,0.1653501291240062,20,20,student_concept_state_buffers
assist_17,64035,no_CRG,random_history_mask,0.0,0.1524031162261963,0.1653501291240062,20,45,student_concept_state_buffers
assist_17,64134,no_CRG,original,1.0,0.7438243627548218,0.2959503435844233,63,,student_concept_state_buffers
assist_17,64134,no_CRG,target_concept_mask,1.0,0.7438243627548218,0.2959503435844233,63,63,student_concept_state_buffers
assist_17,64134,no_CRG,random_history_mask,1.0,0.7438243627548218,0.2959503435844233,63,64,student_concept_state_buffers
assist_17,64158,no_CRG,original,1.0,0.5042580962181091,0.6846670463161579,20,,student_concept_state_buffers
assist_17,64158,no_CRG,target_concept_mask,1.0,0.5042580962181091,0.6846670463161579,20,20,student_concept_state_buffers
assist_17,64158,no_CRG,random_history_mask,1.0,0.5042580962181091,0.6846670463161579,20,33,student_concept_state_buffers
assist_17,64317,no_CRG,original,0.0,0.2515062987804413,0.2896924903621924,57,,student_concept_state_buffers
assist_17,64317,no_CRG,target_concept_mask,0.0,0.2515062987804413,0.2896924903621924,57,57,student_concept_state_buffers
assist_17,64317,no_CRG,random_history_mask,0.0,0.2515062987804413,0.2896924903621924,57,1,student_concept_state_buffers
assist_17,64443,no_CRG,original,0.0,0.8960028290748596,2.263391582853644,14,,student_concept_state_buffers
assist_17,64443,no_CRG,target_concept_mask,0.0,0.8960028290748596,2.263391582853644,14,14,student_concept_state_buffers
assist_17,64443,no_CRG,random_history_mask,0.0,0.8960028290748596,2.263391582853644,14,2,student_concept_state_buffers
assist_17,64448,no_CRG,original,0.0,0.40103408694267273,0.5125505889010656,25,,student_concept_state_buffers
assist_17,64448,no_CRG,target_concept_mask,0.0,0.40103408694267273,0.5125505889010656,25,25,student_concept_state_buffers
assist_17,64448,no_CRG,random_history_mask,0.0,0.40103408694267273,0.5125505889010656,25,2,student_concept_state_buffers
assist_17,64530,no_CRG,original,1.0,0.8079474568367004,0.2132582512429471,39,,student_concept_state_buffers
assist_17,64530,no_CRG,target_concept_mask,1.0,0.8079474568367004,0.2132582512429471,39,39,student_concept_state_buffers
assist_17,64530,no_CRG,random_history_mask,1.0,0.8079474568367004,0.2132582512429471,39,43,student_concept_state_buffers
assist_17,64997,no_CRG,original,1.0,0.7302747964859009,0.3143343821307007,20,,student_concept_state_buffers
assist_17,64997,no_CRG,target_concept_mask,1.0,0.7302747964859009,0.3143343821307007,20,20,student_concept_state_buffers
assist_17,64997,no_CRG,random_history_mask,1.0,0.7302747964859009,0.3143343821307007,20,26,student_concept_state_buffers
assist_17,65153,no_CRG,original,1.0,0.6921299695968628,0.3679815236634284,46,,student_concept_state_buffers
assist_17,65153,no_CRG,target_concept_mask,1.0,0.6921299695968628,0.3679815236634284,46,46,student_concept_state_buffers
assist_17,65153,no_CRG,random_history_mask,1.0,0.6921299695968628,0.3679815236634284,46,45,student_concept_state_buffers
assist_17,65952,no_CRG,original,0.0,0.1159735769033432,0.12326832641036867,72,,student_concept_state_buffers
assist_17,65952,no_CRG,target_concept_mask,0.0,0.1159735769033432,0.12326832641036867,72,72,student_concept_state_buffers
assist_17,65952,no_CRG,random_history_mask,0.0,0.1159735769033432,0.12326832641036867,72,14,student_concept_state_buffers
assist_17,66028,no_CRG,original,0.0,0.33265674114227295,0.40445073447251156,7,,student_concept_state_buffers
assist_17,66028,no_CRG,target_concept_mask,0.0,0.33265674114227295,0.40445073447251156,7,7,student_concept_state_buffers
assist_17,66028,no_CRG,random_history_mask,0.0,0.33265674114227295,0.40445073447251156,7,0,student_concept_state_buffers
assist_17,66067,no_CRG,original,0.0,0.5368156433105469,0.7696301255530316,51,,student_concept_state_buffers
assist_17,66067,no_CRG,target_concept_mask,0.0,0.5368156433105469,0.7696301255530316,51,51,student_concept_state_buffers
assist_17,66067,no_CRG,random_history_mask,0.0,0.5368156433105469,0.7696301255530316,51,5,student_concept_state_buffers
assist_17,66133,no_CRG,original,1.0,0.5699924826622009,0.562132106552436,32,,student_concept_state_buffers
assist_17,66133,no_CRG,target_concept_mask,1.0,0.5699924826622009,0.562132106552436,32,32,student_concept_state_buffers
assist_17,66133,no_CRG,random_history_mask,1.0,0.5699924826622009,0.562132106552436,32,14,student_concept_state_buffers
assist_17,66240,no_CRG,original,1.0,0.2875481843948364,1.2463648348926069,14,,student_concept_state_buffers
assist_17,66240,no_CRG,target_concept_mask,1.0,0.2875481843948364,1.2463648348926069,14,14,student_concept_state_buffers
assist_17,66240,no_CRG,random_history_mask,1.0,0.2875481843948364,1.2463648348926069,14,6,student_concept_state_buffers
assist_17,66293,no_CRG,original,0.0,0.5065523386001587,0.7063384816603016,62,,student_concept_state_buffers
assist_17,66293,no_CRG,target_concept_mask,0.0,0.5065523386001587,0.7063384816603016,62,62,student_concept_state_buffers
assist_17,66293,no_CRG,random_history_mask,0.0,0.5065523386001587,0.7063384816603016,62,4,student_concept_state_buffers
assist_17,66364,no_CRG,original,1.0,0.6876242160797119,0.3745127878275764,13,,student_concept_state_buffers
assist_17,66364,no_CRG,target_concept_mask,1.0,0.6876242160797119,0.3745127878275764,13,13,student_concept_state_buffers
assist_17,66364,no_CRG,random_history_mask,1.0,0.6876242160797119,0.3745127878275764,13,12,student_concept_state_buffers
assist_17,66497,no_CRG,original,1.0,0.8372023105621338,0.17768952854533135,14,,student_concept_state_buffers
assist_17,66497,no_CRG,target_concept_mask,1.0,0.8372023105621338,0.17768952854533135,14,14,student_concept_state_buffers
assist_17,66497,no_CRG,random_history_mask,1.0,0.8372023105621338,0.17768952854533135,14,4,student_concept_state_buffers
assist_17,66830,no_CRG,original,0.0,0.4202251434326172,0.5451154291344823,57,,student_concept_state_buffers
assist_17,66830,no_CRG,target_concept_mask,0.0,0.4202251434326172,0.5451154291344823,57,57,student_concept_state_buffers
assist_17,66830,no_CRG,random_history_mask,0.0,0.4202251434326172,0.5451154291344823,57,14,student_concept_state_buffers
assist_17,66839,no_CRG,original,0.0,0.25923195481300354,0.3000677321272429,14,,student_concept_state_buffers
assist_17,66839,no_CRG,target_concept_mask,0.0,0.25923195481300354,0.3000677321272429,14,14,student_concept_state_buffers
assist_17,66839,no_CRG,random_history_mask,0.0,0.25923195481300354,0.3000677321272429,14,59,student_concept_state_buffers
assist_17,67225,no_CRG,original,1.0,0.687488853931427,0.37470966203621303,37,,student_concept_state_buffers
assist_17,67225,no_CRG,target_concept_mask,1.0,0.687488853931427,0.37470966203621303,37,37,student_concept_state_buffers
assist_17,67225,no_CRG,random_history_mask,1.0,0.687488853931427,0.37470966203621303,37,1,student_concept_state_buffers
assist_17,67237,no_CRG,original,0.0,0.47807079553604126,0.6502233239294777,26,,student_concept_state_buffers
assist_17,67237,no_CRG,target_concept_mask,0.0,0.47807079553604126,0.6502233239294777,26,26,student_concept_state_buffers
assist_17,67237,no_CRG,random_history_mask,0.0,0.47807079553604126,0.6502233239294777,26,59,student_concept_state_buffers
assist_17,67771,no_CRG,original,0.0,0.310270220041275,0.3714553813434677,4,,student_concept_state_buffers
assist_17,67771,no_CRG,target_concept_mask,0.0,0.310270220041275,0.3714553813434677,4,4,student_concept_state_buffers
assist_17,67771,no_CRG,random_history_mask,0.0,0.310270220041275,0.3714553813434677,4,24,student_concept_state_buffers
assist_17,67881,no_CRG,original,0.0,0.3263818919658661,0.3950919339418706,7,,student_concept_state_buffers
assist_17,67881,no_CRG,target_concept_mask,0.0,0.3263818919658661,0.3950919339418706,7,7,student_concept_state_buffers
assist_17,67881,no_CRG,random_history_mask,0.0,0.3263818919658661,0.3950919339418706,7,46,student_concept_state_buffers
assist_17,68053,no_CRG,original,0.0,0.12473656982183456,0.13323037487415143,10,,student_concept_state_buffers
assist_17,68053,no_CRG,target_concept_mask,0.0,0.12473656982183456,0.13323037487415143,10,10,student_concept_state_buffers
assist_17,68053,no_CRG,random_history_mask,0.0,0.12473656982183456,0.13323037487415143,10,33,student_concept_state_buffers
assist_17,68199,no_CRG,original,0.0,0.13386034965515137,0.1437091243618296,5,,student_concept_state_buffers
assist_17,68199,no_CRG,target_concept_mask,0.0,0.13386034965515137,0.1437091243618296,5,5,student_concept_state_buffers
assist_17,68199,no_CRG,random_history_mask,0.0,0.13386034965515137,0.1437091243618296,5,1,student_concept_state_buffers
assist_17,68283,no_CRG,original,1.0,0.458552747964859,0.7796799492683731,53,,student_concept_state_buffers
assist_17,68283,no_CRG,target_concept_mask,1.0,0.458552747964859,0.7796799492683731,53,53,student_concept_state_buffers
assist_17,68283,no_CRG,random_history_mask,1.0,0.458552747964859,0.7796799492683731,53,6,student_concept_state_buffers
assist_17,68356,no_CRG,original,0.0,0.23139271140098572,0.26317511794161497,4,,student_concept_state_buffers
assist_17,68356,no_CRG,target_concept_mask,0.0,0.23139271140098572,0.26317511794161497,4,4,student_concept_state_buffers
assist_17,68356,no_CRG,random_history_mask,0.0,0.23139271140098572,0.26317511794161497,4,46,student_concept_state_buffers
assist_17,68593,no_CRG,original,0.0,0.22323523461818695,0.2526177217080457,13,,student_concept_state_buffers
assist_17,68593,no_CRG,target_concept_mask,0.0,0.22323523461818695,0.2526177217080457,13,13,student_concept_state_buffers
assist_17,68593,no_CRG,random_history_mask,0.0,0.22323523461818695,0.2526177217080457,13,32,student_concept_state_buffers
assist_17,68676,no_CRG,original,1.0,0.705298900604248,0.3491335935325134,32,,student_concept_state_buffers
assist_17,68676,no_CRG,target_concept_mask,1.0,0.705298900604248,0.3491335935325134,32,32,student_concept_state_buffers
assist_17,68676,no_CRG,random_history_mask,1.0,0.705298900604248,0.3491335935325134,32,33,student_concept_state_buffers
assist_17,69022,no_CRG,original,1.0,0.6283280253410339,0.4646929155369204,46,,student_concept_state_buffers
assist_17,69022,no_CRG,target_concept_mask,1.0,0.6283280253410339,0.4646929155369204,46,46,student_concept_state_buffers
assist_17,69022,no_CRG,random_history_mask,1.0,0.6283280253410339,0.4646929155369204,46,95,student_concept_state_buffers
assist_17,69152,no_CRG,original,0.0,0.442663311958313,0.584585754810162,46,,student_concept_state_buffers
assist_17,69152,no_CRG,target_concept_mask,0.0,0.442663311958313,0.584585754810162,46,46,student_concept_state_buffers
assist_17,69152,no_CRG,random_history_mask,0.0,0.442663311958313,0.584585754810162,46,28,student_concept_state_buffers
assist_17,69496,no_CRG,original,1.0,0.17416612803936005,1.7477456764130386,35,,student_concept_state_buffers
assist_17,69496,no_CRG,target_concept_mask,1.0,0.17416612803936005,1.7477456764130386,35,35,student_concept_state_buffers
assist_17,69496,no_CRG,random_history_mask,1.0,0.17416612803936005,1.7477456764130386,35,60,student_concept_state_buffers
assist_17,69540,no_CRG,original,0.0,0.43335461616516113,0.568021596249776,37,,student_concept_state_buffers
assist_17,69540,no_CRG,target_concept_mask,0.0,0.43335461616516113,0.568021596249776,37,37,student_concept_state_buffers
assist_17,69540,no_CRG,random_history_mask,0.0,0.43335461616516113,0.568021596249776,37,73,student_concept_state_buffers
assist_17,69583,no_CRG,original,0.0,0.2975339889526367,0.3531582617954525,57,,student_concept_state_buffers
assist_17,69583,no_CRG,target_concept_mask,0.0,0.2975339889526367,0.3531582617954525,57,57,student_concept_state_buffers
assist_17,69583,no_CRG,random_history_mask,0.0,0.2975339889526367,0.3531582617954525,57,43,student_concept_state_buffers
assist_17,69747,no_CRG,original,1.0,0.2554329037666321,1.3647955113927808,14,,student_concept_state_buffers
assist_17,69747,no_CRG,target_concept_mask,1.0,0.2554329037666321,1.3647955113927808,14,14,student_concept_state_buffers
assist_17,69747,no_CRG,random_history_mask,1.0,0.2554329037666321,1.3647955113927808,14,78,student_concept_state_buffers
assist_17,69762,no_CRG,original,0.0,0.580497682094574,0.8686862276898407,76,,student_concept_state_buffers
assist_17,69762,no_CRG,target_concept_mask,0.0,0.580497682094574,0.8686862276898407,76,76,student_concept_state_buffers
assist_17,69762,no_CRG,random_history_mask,0.0,0.580497682094574,0.8686862276898407,76,56,student_concept_state_buffers
assist_17,69772,no_CRG,original,0.0,0.1965339630842209,0.2188203636266391,68,,student_concept_state_buffers
assist_17,69772,no_CRG,target_concept_mask,0.0,0.1965339630842209,0.2188203636266391,68,68,student_concept_state_buffers
assist_17,69772,no_CRG,random_history_mask,0.0,0.1965339630842209,0.2188203636266391,68,64,student_concept_state_buffers
assist_17,69895,no_CRG,original,0.0,0.20647014677524567,0.2312641175119603,72,,student_concept_state_buffers
assist_17,69895,no_CRG,target_concept_mask,0.0,0.20647014677524567,0.2312641175119603,72,72,student_concept_state_buffers
assist_17,69895,no_CRG,random_history_mask,0.0,0.20647014677524567,0.2312641175119603,72,70,student_concept_state_buffers
assist_17,69990,no_CRG,original,1.0,0.24481363594532013,1.407258027504273,59,,student_concept_state_buffers
assist_17,69990,no_CRG,target_concept_mask,1.0,0.24481363594532013,1.407258027504273,59,59,student_concept_state_buffers
assist_17,69990,no_CRG,random_history_mask,1.0,0.24481363594532013,1.407258027504273,59,34,student_concept_state_buffers
assist_17,70282,no_CRG,original,1.0,0.7483474016189575,0.28988796815978846,20,,student_concept_state_buffers
assist_17,70282,no_CRG,target_concept_mask,1.0,0.7483474016189575,0.28988796815978846,20,20,student_concept_state_buffers
assist_17,70282,no_CRG,random_history_mask,1.0,0.7483474016189575,0.28988796815978846,20,5,student_concept_state_buffers
assist_17,70516,no_CRG,original,0.0,0.2205798178911209,0.24920499199543733,37,,student_concept_state_buffers
assist_17,70516,no_CRG,target_concept_mask,0.0,0.2205798178911209,0.24920499199543733,37,37,student_concept_state_buffers
assist_17,70516,no_CRG,random_history_mask,0.0,0.2205798178911209,0.24920499199543733,37,54,student_concept_state_buffers
assist_17,70683,no_CRG,original,0.0,0.5383022427558899,0.7728448070852586,50,,student_concept_state_buffers
assist_17,70683,no_CRG,target_concept_mask,0.0,0.5383022427558899,0.7728448070852586,50,50,student_concept_state_buffers
assist_17,70683,no_CRG,random_history_mask,0.0,0.5383022427558899,0.7728448070852586,50,61,student_concept_state_buffers
assist_17,70742,no_CRG,original,0.0,0.30865639448165894,0.36911832045861337,2,,student_concept_state_buffers
assist_17,70742,no_CRG,target_concept_mask,0.0,0.30865639448165894,0.36911832045861337,2,2,student_concept_state_buffers
assist_17,70742,no_CRG,random_history_mask,0.0,0.30865639448165894,0.36911832045861337,2,1,student_concept_state_buffers
assist_17,70968,no_CRG,original,1.0,0.04683847352862358,3.0610503298395138,5,,student_concept_state_buffers
assist_17,70968,no_CRG,target_concept_mask,1.0,0.04683847352862358,3.0610503298395138,5,5,student_concept_state_buffers
assist_17,70968,no_CRG,random_history_mask,1.0,0.04683847352862358,3.0610503298395138,5,43,student_concept_state_buffers
assist_17,71046,no_CRG,original,0.0,0.17693255841732025,0.1947171356324722,57,,student_concept_state_buffers
assist_17,71046,no_CRG,target_concept_mask,0.0,0.17693255841732025,0.1947171356324722,57,57,student_concept_state_buffers
assist_17,71046,no_CRG,random_history_mask,0.0,0.17693255841732025,0.1947171356324722,57,46,student_concept_state_buffers
assist_17,71140,no_CRG,original,0.0,0.2178274244070053,0.24567987788262913,67,,student_concept_state_buffers
assist_17,71140,no_CRG,target_concept_mask,0.0,0.2178274244070053,0.24567987788262913,67,67,student_concept_state_buffers
assist_17,71140,no_CRG,random_history_mask,0.0,0.2178274244070053,0.24567987788262913,67,91,student_concept_state_buffers
assist_17,71347,no_CRG,original,1.0,0.7393484711647034,0.30198592497474214,20,,student_concept_state_buffers
assist_17,71347,no_CRG,target_concept_mask,1.0,0.7393484711647034,0.30198592497474214,20,20,student_concept_state_buffers
assist_17,71347,no_CRG,random_history_mask,1.0,0.7393484711647034,0.30198592497474214,20,94,student_concept_state_buffers
assist_17,71416,no_CRG,original,0.0,0.12309073656797409,0.1313517544117917,57,,student_concept_state_buffers
assist_17,71416,no_CRG,target_concept_mask,0.0,0.12309073656797409,0.1313517544117917,57,57,student_concept_state_buffers
assist_17,71416,no_CRG,random_history_mask,0.0,0.12309073656797409,0.1313517544117917,57,10,student_concept_state_buffers
assist_17,71702,no_CRG,original,0.0,0.38914597034454346,0.492897252353538,11,,student_concept_state_buffers
assist_17,71702,no_CRG,target_concept_mask,0.0,0.38914597034454346,0.492897252353538,11,11,student_concept_state_buffers
assist_17,71702,no_CRG,random_history_mask,0.0,0.38914597034454346,0.492897252353538,11,1,student_concept_state_buffers
assist_17,71714,no_CRG,original,1.0,0.2722214460372925,1.3011394040752273,20,,student_concept_state_buffers
assist_17,71714,no_CRG,target_concept_mask,1.0,0.2722214460372925,1.3011394040752273,20,20,student_concept_state_buffers
assist_17,71714,no_CRG,random_history_mask,1.0,0.2722214460372925,1.3011394040752273,20,59,student_concept_state_buffers
assist_17,72075,no_CRG,original,0.0,0.31479349732398987,0.37803502239038217,32,,student_concept_state_buffers
assist_17,72075,no_CRG,target_concept_mask,0.0,0.31479349732398987,0.37803502239038217,32,32,student_concept_state_buffers
assist_17,72075,no_CRG,random_history_mask,0.0,0.31479349732398987,0.37803502239038217,32,35,student_concept_state_buffers
assist_17,72499,no_CRG,original,1.0,0.4282101094722748,0.8481412938752743,20,,student_concept_state_buffers
assist_17,72499,no_CRG,target_concept_mask,1.0,0.4282101094722748,0.8481412938752743,20,20,student_concept_state_buffers
assist_17,72499,no_CRG,random_history_mask,1.0,0.4282101094722748,0.8481412938752743,20,2,student_concept_state_buffers
assist_17,72547,no_CRG,original,1.0,0.62623131275177,0.468035466945615,74,,student_concept_state_buffers
assist_17,72547,no_CRG,target_concept_mask,1.0,0.62623131275177,0.468035466945615,74,74,student_concept_state_buffers
assist_17,72547,no_CRG,random_history_mask,1.0,0.62623131275177,0.468035466945615,74,57,student_concept_state_buffers
assist_17,72572,no_CRG,original,0.0,0.31150466203689575,0.3732467321317715,20,,student_concept_state_buffers
assist_17,72572,no_CRG,target_concept_mask,0.0,0.31150466203689575,0.3732467321317715,20,20,student_concept_state_buffers
assist_17,72572,no_CRG,random_history_mask,0.0,0.31150466203689575,0.3732467321317715,20,36,student_concept_state_buffers
assist_17,72861,no_CRG,original,1.0,0.645692765712738,0.43743148320256997,37,,student_concept_state_buffers
assist_17,72861,no_CRG,target_concept_mask,1.0,0.645692765712738,0.43743148320256997,37,37,student_concept_state_buffers
assist_17,72861,no_CRG,random_history_mask,1.0,0.645692765712738,0.43743148320256997,37,46,student_concept_state_buffers
assist_17,72874,no_CRG,original,1.0,0.6118820309638977,0.4912157749132934,56,,student_concept_state_buffers
assist_17,72874,no_CRG,target_concept_mask,1.0,0.6118820309638977,0.4912157749132934,56,56,student_concept_state_buffers
assist_17,72874,no_CRG,random_history_mask,1.0,0.6118820309638977,0.4912157749132934,56,57,student_concept_state_buffers
assist_17,72880,no_CRG,original,0.0,0.32269930839538574,0.3896399516417439,78,,student_concept_state_buffers
assist_17,72880,no_CRG,target_concept_mask,0.0,0.32269930839538574,0.3896399516417439,78,78,student_concept_state_buffers
assist_17,72880,no_CRG,random_history_mask,0.0,0.32269930839538574,0.3896399516417439,78,33,student_concept_state_buffers
assist_17,73223,no_CRG,original,0.0,0.41587507724761963,0.5376404102065709,46,,student_concept_state_buffers
assist_17,73223,no_CRG,target_concept_mask,0.0,0.41587507724761963,0.5376404102065709,46,46,student_concept_state_buffers
assist_17,73223,no_CRG,random_history_mask,0.0,0.41587507724761963,0.5376404102065709,46,27,student_concept_state_buffers
assist_17,73289,no_CRG,original,0.0,0.3622611463069916,0.4498263996621336,20,,student_concept_state_buffers
assist_17,73289,no_CRG,target_concept_mask,0.0,0.3622611463069916,0.4498263996621336,20,20,student_concept_state_buffers
assist_17,73289,no_CRG,random_history_mask,0.0,0.3622611463069916,0.4498263996621336,20,33,student_concept_state_buffers
assist_17,73402,no_CRG,original,1.0,0.5831691026687622,0.5392780786541512,32,,student_concept_state_buffers
assist_17,73402,no_CRG,target_concept_mask,1.0,0.5831691026687622,0.5392780786541512,32,32,student_concept_state_buffers
assist_17,73402,no_CRG,random_history_mask,1.0,0.5831691026687622,0.5392780786541512,32,8,student_concept_state_buffers
assist_17,73429,no_CRG,original,0.0,0.006407803390175104,0.0064284214873207065,5,,student_concept_state_buffers
assist_17,73429,no_CRG,target_concept_mask,0.0,0.006407803390175104,0.0064284214873207065,5,5,student_concept_state_buffers
assist_17,73429,no_CRG,random_history_mask,0.0,0.006407803390175104,0.0064284214873207065,5,92,student_concept_state_buffers
assist_17,73889,no_CRG,original,1.0,0.6350034475326538,0.4541248509189018,13,,student_concept_state_buffers
assist_17,73889,no_CRG,target_concept_mask,1.0,0.6350034475326538,0.4541248509189018,13,13,student_concept_state_buffers
assist_17,73889,no_CRG,random_history_mask,1.0,0.6350034475326538,0.4541248509189018,13,29,student_concept_state_buffers
assist_17,74078,no_CRG,original,1.0,0.5383487939834595,0.6192486129319675,10,,student_concept_state_buffers
assist_17,74078,no_CRG,target_concept_mask,1.0,0.5383487939834595,0.6192486129319675,10,10,student_concept_state_buffers
assist_17,74078,no_CRG,random_history_mask,1.0,0.5383487939834595,0.6192486129319675,10,88,student_concept_state_buffers
assist_17,74099,no_CRG,original,1.0,0.3782752752304077,0.9721331070513294,12,,student_concept_state_buffers
assist_17,74099,no_CRG,target_concept_mask,1.0,0.3782752752304077,0.9721331070513294,12,12,student_concept_state_buffers
assist_17,74099,no_CRG,random_history_mask,1.0,0.3782752752304077,0.9721331070513294,12,64,student_concept_state_buffers
assist_17,74228,no_CRG,original,1.0,0.6140484809875488,0.4876813946890043,44,,student_concept_state_buffers
assist_17,74228,no_CRG,target_concept_mask,1.0,0.6140484809875488,0.4876813946890043,44,44,student_concept_state_buffers
assist_17,74228,no_CRG,random_history_mask,1.0,0.6140484809875488,0.4876813946890043,44,68,student_concept_state_buffers
assist_17,74498,no_CRG,original,1.0,0.5585098266601562,0.5824830658914877,32,,student_concept_state_buffers
assist_17,74498,no_CRG,target_concept_mask,1.0,0.5585098266601562,0.5824830658914877,32,32,student_concept_state_buffers
assist_17,74498,no_CRG,random_history_mask,1.0,0.5585098266601562,0.5824830658914877,32,7,student_concept_state_buffers
assist_17,74630,no_CRG,original,0.0,0.392214834690094,0.4979338059873244,57,,student_concept_state_buffers
assist_17,74630,no_CRG,target_concept_mask,0.0,0.392214834690094,0.4979338059873244,57,57,student_concept_state_buffers
assist_17,74630,no_CRG,random_history_mask,0.0,0.392214834690094,0.4979338059873244,57,68,student_concept_state_buffers
assist_17,74747,no_CRG,original,1.0,0.8427355885505676,0.17110202551781006,2,,student_concept_state_buffers
assist_17,74747,no_CRG,target_concept_mask,1.0,0.8427355885505676,0.17110202551781006,2,2,student_concept_state_buffers
assist_17,74747,no_CRG,random_history_mask,1.0,0.8427355885505676,0.17110202551781006,2,90,student_concept_state_buffers
assist_17,74929,no_CRG,original,0.0,0.7922673225402832,1.5715032303850365,20,,student_concept_state_buffers
assist_17,74929,no_CRG,target_concept_mask,0.0,0.7922673225402832,1.5715032303850365,20,20,student_concept_state_buffers
assist_17,74929,no_CRG,random_history_mask,0.0,0.7922673225402832,1.5715032303850365,20,6,student_concept_state_buffers
assist_17,75042,no_CRG,original,0.0,0.17431451380252838,0.19154134528684985,20,,student_concept_state_buffers
assist_17,75042,no_CRG,target_concept_mask,0.0,0.17431451380252838,0.19154134528684985,20,20,student_concept_state_buffers
assist_17,75042,no_CRG,random_history_mask,0.0,0.17431451380252838,0.19154134528684985,20,5,student_concept_state_buffers
assist_17,75148,no_CRG,original,1.0,0.8032323718070984,0.21911122731214414,10,,student_concept_state_buffers
assist_17,75148,no_CRG,target_concept_mask,1.0,0.8032323718070984,0.21911122731214414,10,10,student_concept_state_buffers
assist_17,75148,no_CRG,random_history_mask,1.0,0.8032323718070984,0.21911122731214414,10,58,student_concept_state_buffers
assist_17,75347,no_CRG,original,0.0,0.42839476466178894,0.5593066738742278,5,,student_concept_state_buffers
assist_17,75347,no_CRG,target_concept_mask,0.0,0.42839476466178894,0.5593066738742278,5,5,student_concept_state_buffers
assist_17,75347,no_CRG,random_history_mask,0.0,0.42839476466178894,0.5593066738742278,5,87,student_concept_state_buffers
assist_17,75457,no_CRG,original,0.0,0.7008503675460815,1.2068113877815878,0,,student_concept_state_buffers
assist_17,75457,no_CRG,target_concept_mask,0.0,0.7008503675460815,1.2068113877815878,0,0,student_concept_state_buffers
assist_17,75457,no_CRG,random_history_mask,0.0,0.7008503675460815,1.2068113877815878,0,66,student_concept_state_buffers
assist_17,75499,no_CRG,original,0.0,0.019239570945501328,0.019427060194744734,57,,student_concept_state_buffers
assist_17,75499,no_CRG,target_concept_mask,0.0,0.019239570945501328,0.019427060194744734,57,57,student_concept_state_buffers
assist_17,75499,no_CRG,random_history_mask,0.0,0.019239570945501328,0.019427060194744734,57,58,student_concept_state_buffers
assist_17,75540,no_CRG,original,1.0,0.5741847157478333,0.5548041299917793,46,,student_concept_state_buffers
assist_17,75540,no_CRG,target_concept_mask,1.0,0.5741847157478333,0.5548041299917793,46,46,student_concept_state_buffers
assist_17,75540,no_CRG,random_history_mask,1.0,0.5741847157478333,0.5548041299917793,46,35,student_concept_state_buffers
assist_17,75566,no_CRG,original,0.0,0.4117667078971863,0.5306316544931787,48,,student_concept_state_buffers
assist_17,75566,no_CRG,target_concept_mask,0.0,0.4117667078971863,0.5306316544931787,48,48,student_concept_state_buffers
assist_17,75566,no_CRG,random_history_mask,0.0,0.4117667078971863,0.5306316544931787,48,1,student_concept_state_buffers
assist_17,75756,no_CRG,original,0.0,0.2888434827327728,0.34086273660203315,57,,student_concept_state_buffers
assist_17,75756,no_CRG,target_concept_mask,0.0,0.2888434827327728,0.34086273660203315,57,57,student_concept_state_buffers
assist_17,75756,no_CRG,random_history_mask,0.0,0.2888434827327728,0.34086273660203315,57,50,student_concept_state_buffers
assist_17,76086,no_CRG,original,0.0,0.030029047280550003,0.030489153583140024,58,,student_concept_state_buffers
assist_17,76086,no_CRG,target_concept_mask,0.0,0.030029047280550003,0.030489153583140024,58,58,student_concept_state_buffers
assist_17,76086,no_CRG,random_history_mask,0.0,0.030029047280550003,0.030489153583140024,58,32,student_concept_state_buffers
assist_17,76191,no_CRG,original,0.0,0.78079754114151,1.5177595065510727,57,,student_concept_state_buffers
assist_17,76191,no_CRG,target_concept_mask,0.0,0.78079754114151,1.5177595065510727,57,57,student_concept_state_buffers
assist_17,76191,no_CRG,random_history_mask,0.0,0.78079754114151,1.5177595065510727,57,0,student_concept_state_buffers
assist_17,76258,no_CRG,original,0.0,0.02587090991437435,0.02621144809952166,62,,student_concept_state_buffers
assist_17,76258,no_CRG,target_concept_mask,0.0,0.02587090991437435,0.02621144809952166,62,62,student_concept_state_buffers
assist_17,76258,no_CRG,random_history_mask,0.0,0.02587090991437435,0.02621144809952166,62,56,student_concept_state_buffers
assist_17,76610,no_CRG,original,0.0,0.4319615066051483,0.5655660924959139,20,,student_concept_state_buffers
assist_17,76610,no_CRG,target_concept_mask,0.0,0.4319615066051483,0.5655660924959139,20,20,student_concept_state_buffers
assist_17,76610,no_CRG,random_history_mask,0.0,0.4319615066051483,0.5655660924959139,20,51,student_concept_state_buffers
assist_17,76736,no_CRG,original,1.0,0.39800453186035156,0.9212918871787281,63,,student_concept_state_buffers
assist_17,76736,no_CRG,target_concept_mask,1.0,0.39800453186035156,0.9212918871787281,63,63,student_concept_state_buffers
assist_17,76736,no_CRG,random_history_mask,1.0,0.39800453186035156,0.9212918871787281,63,62,student_concept_state_buffers
assist_17,76823,no_CRG,original,1.0,0.5811805725097656,0.5426937743591996,10,,student_concept_state_buffers
assist_17,76823,no_CRG,target_concept_mask,1.0,0.5811805725097656,0.5426937743591996,10,10,student_concept_state_buffers
assist_17,76823,no_CRG,random_history_mask,1.0,0.5811805725097656,0.5426937743591996,10,28,student_concept_state_buffers
assist_17,76848,no_CRG,original,1.0,0.7411324381828308,0.29957594066449905,33,,student_concept_state_buffers
assist_17,76848,no_CRG,target_concept_mask,1.0,0.7411324381828308,0.29957594066449905,33,33,student_concept_state_buffers
assist_17,76848,no_CRG,random_history_mask,1.0,0.7411324381828308,0.29957594066449905,33,69,student_concept_state_buffers
assist_17,76874,no_CRG,original,0.0,0.22101938724517822,0.2497691207704784,20,,student_concept_state_buffers
assist_17,76874,no_CRG,target_concept_mask,0.0,0.22101938724517822,0.2497691207704784,20,20,student_concept_state_buffers
assist_17,76874,no_CRG,random_history_mask,0.0,0.22101938724517822,0.2497691207704784,20,6,student_concept_state_buffers
assist_17,219,no_LCRF,original,1.0,0.6327111721038818,0.45774124516335013,35,,student_concept_state_buffers
assist_17,219,no_LCRF,target_concept_mask,1.0,0.6327111721038818,0.45774124516335013,35,35,student_concept_state_buffers
assist_17,219,no_LCRF,random_history_mask,1.0,0.6327111721038818,0.45774124516335013,35,45,student_concept_state_buffers
assist_17,474,no_LCRF,original,0.0,0.34671613574028015,0.4257435362622506,2,,student_concept_state_buffers
assist_17,474,no_LCRF,target_concept_mask,0.0,0.34671613574028015,0.4257435362622506,2,2,student_concept_state_buffers
assist_17,474,no_LCRF,random_history_mask,0.0,0.34671613574028015,0.4257435362622506,2,67,student_concept_state_buffers
assist_17,818,no_LCRF,original,1.0,0.27095121145248413,1.3058165058507083,33,,student_concept_state_buffers
assist_17,818,no_LCRF,target_concept_mask,1.0,0.27095121145248413,1.3058165058507083,33,33,student_concept_state_buffers
assist_17,818,no_LCRF,random_history_mask,1.0,0.27095121145248413,1.3058165058507083,33,34,student_concept_state_buffers
assist_17,843,no_LCRF,original,1.0,0.6382210850715637,0.4490705273390853,20,,student_concept_state_buffers
assist_17,843,no_LCRF,target_concept_mask,1.0,0.6382210850715637,0.4490705273390853,20,20,student_concept_state_buffers
assist_17,843,no_LCRF,random_history_mask,1.0,0.6382210850715637,0.4490705273390853,20,58,student_concept_state_buffers
assist_17,867,no_LCRF,original,1.0,0.08953635394573212,2.413110546836095,5,,student_concept_state_buffers
assist_17,867,no_LCRF,target_concept_mask,1.0,0.08953635394573212,2.413110546836095,5,5,student_concept_state_buffers
assist_17,867,no_LCRF,random_history_mask,1.0,0.08953635394573212,2.413110546836095,5,12,student_concept_state_buffers
assist_17,976,no_LCRF,original,1.0,0.12890782952308655,2.0486576298181483,57,,student_concept_state_buffers
assist_17,976,no_LCRF,target_concept_mask,1.0,0.12890782952308655,2.0486576298181483,57,57,student_concept_state_buffers
assist_17,976,no_LCRF,random_history_mask,1.0,0.12890782952308655,2.0486576298181483,57,26,student_concept_state_buffers
assist_17,1148,no_LCRF,original,1.0,0.2294531762599945,1.4720562953083882,34,,student_concept_state_buffers
assist_17,1148,no_LCRF,target_concept_mask,1.0,0.2294531762599945,1.4720562953083882,34,34,student_concept_state_buffers
assist_17,1148,no_LCRF,random_history_mask,1.0,0.2294531762599945,1.4720562953083882,34,24,student_concept_state_buffers
assist_17,1162,no_LCRF,original,0.0,0.3345228135585785,0.4072509220629971,20,,student_concept_state_buffers
assist_17,1162,no_LCRF,target_concept_mask,0.0,0.3345228135585785,0.4072509220629971,20,20,student_concept_state_buffers
assist_17,1162,no_LCRF,random_history_mask,0.0,0.3345228135585785,0.4072509220629971,20,66,student_concept_state_buffers
assist_17,1251,no_LCRF,original,1.0,0.7292645573616028,0.3157187083333025,58,,student_concept_state_buffers
assist_17,1251,no_LCRF,target_concept_mask,1.0,0.7292645573616028,0.3157187083333025,58,58,student_concept_state_buffers
assist_17,1251,no_LCRF,random_history_mask,1.0,0.7292645573616028,0.3157187083333025,58,14,student_concept_state_buffers
assist_17,1294,no_LCRF,original,1.0,0.6850256323814392,0.3782990218850573,32,,student_concept_state_buffers
assist_17,1294,no_LCRF,target_concept_mask,1.0,0.6850256323814392,0.3782990218850573,32,32,student_concept_state_buffers
assist_17,1294,no_LCRF,random_history_mask,1.0,0.6850256323814392,0.3782990218850573,32,40,student_concept_state_buffers
assist_17,1357,no_LCRF,original,1.0,0.8209441900253296,0.19730014988498637,7,,student_concept_state_buffers
assist_17,1357,no_LCRF,target_concept_mask,1.0,0.8209441900253296,0.19730014988498637,7,7,student_concept_state_buffers
assist_17,1357,no_LCRF,random_history_mask,1.0,0.8209441900253296,0.19730014988498637,7,24,student_concept_state_buffers
assist_17,1391,no_LCRF,original,0.0,0.21114571392536163,0.23717365697323636,12,,student_concept_state_buffers
assist_17,1391,no_LCRF,target_concept_mask,0.0,0.21114571392536163,0.23717365697323636,12,12,student_concept_state_buffers
assist_17,1391,no_LCRF,random_history_mask,0.0,0.21114571392536163,0.23717365697323636,12,1,student_concept_state_buffers
assist_17,1875,no_LCRF,original,1.0,0.6590785384178162,0.4169125734050391,85,,student_concept_state_buffers
assist_17,1875,no_LCRF,target_concept_mask,1.0,0.6590785384178162,0.4169125734050391,85,85,student_concept_state_buffers
assist_17,1875,no_LCRF,random_history_mask,1.0,0.6590785384178162,0.4169125734050391,85,58,student_concept_state_buffers
assist_17,1878,no_LCRF,original,0.0,0.011849875561892986,0.011920644965319532,68,,student_concept_state_buffers
assist_17,1878,no_LCRF,target_concept_mask,0.0,0.011849875561892986,0.011920644965319532,68,68,student_concept_state_buffers
assist_17,1878,no_LCRF,random_history_mask,0.0,0.011849875561892986,0.011920644965319532,68,51,student_concept_state_buffers
assist_17,1936,no_LCRF,original,0.0,0.07224655151367188,0.07498926200567793,32,,student_concept_state_buffers
assist_17,1936,no_LCRF,target_concept_mask,0.0,0.07224655151367188,0.07498926200567793,32,32,student_concept_state_buffers
assist_17,1936,no_LCRF,random_history_mask,0.0,0.07224655151367188,0.07498926200567793,32,90,student_concept_state_buffers
assist_17,2253,no_LCRF,original,0.0,0.6291455030441284,0.9919454847955075,5,,student_concept_state_buffers
assist_17,2253,no_LCRF,target_concept_mask,0.0,0.6291455030441284,0.9919454847955075,5,5,student_concept_state_buffers
assist_17,2253,no_LCRF,random_history_mask,0.0,0.6291455030441284,0.9919454847955075,5,63,student_concept_state_buffers
assist_17,2268,no_LCRF,original,0.0,0.3552762567996979,0.43893335905100994,76,,student_concept_state_buffers
assist_17,2268,no_LCRF,target_concept_mask,0.0,0.3552762567996979,0.43893335905100994,76,76,student_concept_state_buffers
assist_17,2268,no_LCRF,random_history_mask,0.0,0.3552762567996979,0.43893335905100994,76,45,student_concept_state_buffers
assist_17,2373,no_LCRF,original,0.0,0.04618363454937935,0.04728411510771557,26,,student_concept_state_buffers
assist_17,2373,no_LCRF,target_concept_mask,0.0,0.04618363454937935,0.04728411510771557,26,26,student_concept_state_buffers
assist_17,2373,no_LCRF,random_history_mask,0.0,0.04618363454937935,0.04728411510771557,26,27,student_concept_state_buffers
assist_17,2424,no_LCRF,original,0.0,0.11001792550086975,0.11655395747099764,24,,student_concept_state_buffers
assist_17,2424,no_LCRF,target_concept_mask,0.0,0.11001792550086975,0.11655395747099764,24,24,student_concept_state_buffers
assist_17,2424,no_LCRF,random_history_mask,0.0,0.11001792550086975,0.11655395747099764,24,27,student_concept_state_buffers
assist_17,2477,no_LCRF,original,0.0,0.5248780250549316,0.7441837185542012,67,,student_concept_state_buffers
assist_17,2477,no_LCRF,target_concept_mask,0.0,0.5248780250549316,0.7441837185542012,67,67,student_concept_state_buffers
assist_17,2477,no_LCRF,random_history_mask,0.0,0.5248780250549316,0.7441837185542012,67,66,student_concept_state_buffers
assist_17,2484,no_LCRF,original,0.0,0.026384785771369934,0.026739110655413064,58,,student_concept_state_buffers
assist_17,2484,no_LCRF,target_concept_mask,0.0,0.026384785771369934,0.026739110655413064,58,58,student_concept_state_buffers
assist_17,2484,no_LCRF,random_history_mask,0.0,0.026384785771369934,0.026739110655413064,58,24,student_concept_state_buffers
assist_17,2603,no_LCRF,original,0.0,0.01922474429011345,0.01941194279922313,88,,student_concept_state_buffers
assist_17,2603,no_LCRF,target_concept_mask,0.0,0.01922474429011345,0.01941194279922313,88,88,student_concept_state_buffers
assist_17,2603,no_LCRF,random_history_mask,0.0,0.01922474429011345,0.01941194279922313,88,63,student_concept_state_buffers
assist_17,2789,no_LCRF,original,0.0,0.2630620300769806,0.30525155597533454,20,,student_concept_state_buffers
assist_17,2789,no_LCRF,target_concept_mask,0.0,0.2630620300769806,0.30525155597533454,20,20,student_concept_state_buffers
assist_17,2789,no_LCRF,random_history_mask,0.0,0.2630620300769806,0.30525155597533454,20,45,student_concept_state_buffers
assist_17,2869,no_LCRF,original,1.0,0.670299768447876,0.40003025106379275,3,,student_concept_state_buffers
assist_17,2869,no_LCRF,target_concept_mask,1.0,0.670299768447876,0.40003025106379275,3,3,student_concept_state_buffers
assist_17,2869,no_LCRF,random_history_mask,1.0,0.670299768447876,0.40003025106379275,3,20,student_concept_state_buffers
assist_17,2927,no_LCRF,original,0.0,0.010404606349766254,0.01045911267395492,4,,student_concept_state_buffers
assist_17,2927,no_LCRF,target_concept_mask,0.0,0.010404606349766254,0.01045911267395492,4,4,student_concept_state_buffers
assist_17,2927,no_LCRF,random_history_mask,0.0,0.010404606349766254,0.01045911267395492,4,12,student_concept_state_buffers
assist_17,3354,no_LCRF,original,0.0,0.5375684499740601,0.7712567329266432,68,,student_concept_state_buffers
assist_17,3354,no_LCRF,target_concept_mask,0.0,0.5375684499740601,0.7712567329266432,68,68,student_concept_state_buffers
assist_17,3354,no_LCRF,random_history_mask,0.0,0.5375684499740601,0.7712567329266432,68,36,student_concept_state_buffers
assist_17,3453,no_LCRF,original,1.0,0.5532810091972351,0.5918892524626402,66,,student_concept_state_buffers
assist_17,3453,no_LCRF,target_concept_mask,1.0,0.5532810091972351,0.5918892524626402,66,66,student_concept_state_buffers
assist_17,3453,no_LCRF,random_history_mask,1.0,0.5532810091972351,0.5918892524626402,66,53,student_concept_state_buffers
assist_17,3535,no_LCRF,original,1.0,0.24821706116199493,1.3934516690011818,20,,student_concept_state_buffers
assist_17,3535,no_LCRF,target_concept_mask,1.0,0.24821706116199493,1.3934516690011818,20,20,student_concept_state_buffers
assist_17,3535,no_LCRF,random_history_mask,1.0,0.24821706116199493,1.3934516690011818,20,33,student_concept_state_buffers
assist_17,3693,no_LCRF,original,0.0,0.05566325783729553,0.057272458052820274,57,,student_concept_state_buffers
assist_17,3693,no_LCRF,target_concept_mask,0.0,0.05566325783729553,0.057272458052820274,57,57,student_concept_state_buffers
assist_17,3693,no_LCRF,random_history_mask,0.0,0.05566325783729553,0.057272458052820274,57,13,student_concept_state_buffers
assist_17,3754,no_LCRF,original,0.0,0.2758016884326935,0.32269001309862405,14,,student_concept_state_buffers
assist_17,3754,no_LCRF,target_concept_mask,0.0,0.2758016884326935,0.32269001309862405,14,14,student_concept_state_buffers
assist_17,3754,no_LCRF,random_history_mask,0.0,0.2758016884326935,0.32269001309862405,14,35,student_concept_state_buffers
assist_17,3805,no_LCRF,original,0.0,0.3386097550392151,0.41341122761974053,64,,student_concept_state_buffers
assist_17,3805,no_LCRF,target_concept_mask,0.0,0.3386097550392151,0.41341122761974053,64,64,student_concept_state_buffers
assist_17,3805,no_LCRF,random_history_mask,0.0,0.3386097550392151,0.41341122761974053,64,34,student_concept_state_buffers
assist_17,3826,no_LCRF,original,1.0,0.8269448280334473,0.19001729956544552,57,,student_concept_state_buffers
assist_17,3826,no_LCRF,target_concept_mask,1.0,0.8269448280334473,0.19001729956544552,57,57,student_concept_state_buffers
assist_17,3826,no_LCRF,random_history_mask,1.0,0.8269448280334473,0.19001729956544552,57,25,student_concept_state_buffers
assist_17,3827,no_LCRF,original,0.0,0.44264766573905945,0.5845576820132805,79,,student_concept_state_buffers
assist_17,3827,no_LCRF,target_concept_mask,0.0,0.44264766573905945,0.5845576820132805,79,79,student_concept_state_buffers
assist_17,3827,no_LCRF,random_history_mask,0.0,0.44264766573905945,0.5845576820132805,79,7,student_concept_state_buffers
assist_17,3868,no_LCRF,original,0.0,0.2775019407272339,0.32504054512681685,10,,student_concept_state_buffers
assist_17,3868,no_LCRF,target_concept_mask,0.0,0.2775019407272339,0.32504054512681685,10,10,student_concept_state_buffers
assist_17,3868,no_LCRF,random_history_mask,0.0,0.2775019407272339,0.32504054512681685,10,11,student_concept_state_buffers
assist_17,3939,no_LCRF,original,1.0,0.4843756854534149,0.7248944637458961,2,,student_concept_state_buffers
assist_17,3939,no_LCRF,target_concept_mask,1.0,0.4843756854534149,0.7248944637458961,2,2,student_concept_state_buffers
assist_17,3939,no_LCRF,random_history_mask,1.0,0.4843756854534149,0.7248944637458961,2,51,student_concept_state_buffers
assist_17,4343,no_LCRF,original,1.0,0.19330467283725739,1.6434877190442219,62,,student_concept_state_buffers
assist_17,4343,no_LCRF,target_concept_mask,1.0,0.19330467283725739,1.6434877190442219,62,62,student_concept_state_buffers
assist_17,4343,no_LCRF,random_history_mask,1.0,0.19330467283725739,1.6434877190442219,62,85,student_concept_state_buffers
assist_17,4524,no_LCRF,original,0.0,0.019142964854836464,0.019328563833954652,57,,student_concept_state_buffers
assist_17,4524,no_LCRF,target_concept_mask,0.0,0.019142964854836464,0.019328563833954652,57,57,student_concept_state_buffers
assist_17,4524,no_LCRF,random_history_mask,0.0,0.019142964854836464,0.019328563833954652,57,34,student_concept_state_buffers
assist_17,4660,no_LCRF,original,0.0,0.058827225118875504,0.06062854851294953,35,,student_concept_state_buffers
assist_17,4660,no_LCRF,target_concept_mask,0.0,0.058827225118875504,0.06062854851294953,35,35,student_concept_state_buffers
assist_17,4660,no_LCRF,random_history_mask,0.0,0.058827225118875504,0.06062854851294953,35,71,student_concept_state_buffers
assist_17,4743,no_LCRF,original,0.0,0.07180257886648178,0.07451083053108865,20,,student_concept_state_buffers
assist_17,4743,no_LCRF,target_concept_mask,0.0,0.07180257886648178,0.07451083053108865,20,20,student_concept_state_buffers
assist_17,4743,no_LCRF,random_history_mask,0.0,0.07180257886648178,0.07451083053108865,20,79,student_concept_state_buffers
assist_17,4836,no_LCRF,original,1.0,0.6143293380737305,0.48722411340841204,20,,student_concept_state_buffers
assist_17,4836,no_LCRF,target_concept_mask,1.0,0.6143293380737305,0.48722411340841204,20,20,student_concept_state_buffers
assist_17,4836,no_LCRF,random_history_mask,1.0,0.6143293380737305,0.48722411340841204,20,79,student_concept_state_buffers
assist_17,4911,no_LCRF,original,0.0,0.21660351753234863,0.24411634784517974,12,,student_concept_state_buffers
assist_17,4911,no_LCRF,target_concept_mask,0.0,0.21660351753234863,0.24411634784517974,12,12,student_concept_state_buffers
assist_17,4911,no_LCRF,random_history_mask,0.0,0.21660351753234863,0.24411634784517974,12,5,student_concept_state_buffers
assist_17,5001,no_LCRF,original,0.0,0.18173791468143463,0.2005725959958146,5,,student_concept_state_buffers
assist_17,5001,no_LCRF,target_concept_mask,0.0,0.18173791468143463,0.2005725959958146,5,5,student_concept_state_buffers
assist_17,5001,no_LCRF,random_history_mask,0.0,0.18173791468143463,0.2005725959958146,5,57,student_concept_state_buffers
assist_17,5019,no_LCRF,original,1.0,0.2938951551914215,1.2245321902408692,0,,student_concept_state_buffers
assist_17,5019,no_LCRF,target_concept_mask,1.0,0.2938951551914215,1.2245321902408692,0,0,student_concept_state_buffers
assist_17,5019,no_LCRF,random_history_mask,1.0,0.2938951551914215,1.2245321902408692,0,53,student_concept_state_buffers
assist_17,5141,no_LCRF,original,0.0,0.05866185575723648,0.06045285831069417,13,,student_concept_state_buffers
assist_17,5141,no_LCRF,target_concept_mask,0.0,0.05866185575723648,0.06045285831069417,13,13,student_concept_state_buffers
assist_17,5141,no_LCRF,random_history_mask,0.0,0.05866185575723648,0.06045285831069417,13,49,student_concept_state_buffers
assist_17,5233,no_LCRF,original,1.0,0.48471054434776306,0.7242033819878898,68,,student_concept_state_buffers
assist_17,5233,no_LCRF,target_concept_mask,1.0,0.48471054434776306,0.7242033819878898,68,68,student_concept_state_buffers
assist_17,5233,no_LCRF,random_history_mask,1.0,0.48471054434776306,0.7242033819878898,68,58,student_concept_state_buffers
assist_17,5348,no_LCRF,original,1.0,0.355581134557724,1.0340018291745654,63,,student_concept_state_buffers
assist_17,5348,no_LCRF,target_concept_mask,1.0,0.355581134557724,1.0340018291745654,63,63,student_concept_state_buffers
assist_17,5348,no_LCRF,random_history_mask,1.0,0.355581134557724,1.0340018291745654,63,34,student_concept_state_buffers
assist_17,5427,no_LCRF,original,1.0,0.438681960105896,0.823980592909412,39,,student_concept_state_buffers
assist_17,5427,no_LCRF,target_concept_mask,1.0,0.438681960105896,0.823980592909412,39,39,student_concept_state_buffers
assist_17,5427,no_LCRF,random_history_mask,1.0,0.438681960105896,0.823980592909412,39,35,student_concept_state_buffers
assist_17,5475,no_LCRF,original,0.0,0.8117225766181946,1.6698387475767995,63,,student_concept_state_buffers
assist_17,5475,no_LCRF,target_concept_mask,0.0,0.8117225766181946,1.6698387475767995,63,63,student_concept_state_buffers
assist_17,5475,no_LCRF,random_history_mask,0.0,0.8117225766181946,1.6698387475767995,63,6,student_concept_state_buffers
assist_17,5634,no_LCRF,original,1.0,0.5270102024078369,0.6405353712205054,79,,student_concept_state_buffers
assist_17,5634,no_LCRF,target_concept_mask,1.0,0.5270102024078369,0.6405353712205054,79,79,student_concept_state_buffers
assist_17,5634,no_LCRF,random_history_mask,1.0,0.5270102024078369,0.6405353712205054,79,44,student_concept_state_buffers
assist_17,5773,no_LCRF,original,0.0,0.015913283452391624,0.01604125924002918,45,,student_concept_state_buffers
assist_17,5773,no_LCRF,target_concept_mask,0.0,0.015913283452391624,0.01604125924002918,45,45,student_concept_state_buffers
assist_17,5773,no_LCRF,random_history_mask,0.0,0.015913283452391624,0.01604125924002918,45,57,student_concept_state_buffers
assist_17,5861,no_LCRF,original,0.0,0.3925784230232239,0.4985322034966983,32,,student_concept_state_buffers
assist_17,5861,no_LCRF,target_concept_mask,0.0,0.3925784230232239,0.4985322034966983,32,32,student_concept_state_buffers
assist_17,5861,no_LCRF,random_history_mask,0.0,0.3925784230232239,0.4985322034966983,32,34,student_concept_state_buffers
assist_17,5867,no_LCRF,original,1.0,0.33155742287635803,1.1039542630108252,33,,student_concept_state_buffers
assist_17,5867,no_LCRF,target_concept_mask,1.0,0.33155742287635803,1.1039542630108252,33,33,student_concept_state_buffers
assist_17,5867,no_LCRF,random_history_mask,1.0,0.33155742287635803,1.1039542630108252,33,3,student_concept_state_buffers
assist_17,6029,no_LCRF,original,0.0,0.1449635922908783,0.1566112288360376,20,,student_concept_state_buffers
assist_17,6029,no_LCRF,target_concept_mask,0.0,0.1449635922908783,0.1566112288360376,20,20,student_concept_state_buffers
assist_17,6029,no_LCRF,random_history_mask,0.0,0.1449635922908783,0.1566112288360376,20,25,student_concept_state_buffers
assist_17,6096,no_LCRF,original,0.0,0.2436181753873825,0.27920897129057975,70,,student_concept_state_buffers
assist_17,6096,no_LCRF,target_concept_mask,0.0,0.2436181753873825,0.27920897129057975,70,70,student_concept_state_buffers
assist_17,6096,no_LCRF,random_history_mask,0.0,0.2436181753873825,0.27920897129057975,70,5,student_concept_state_buffers
assist_17,6218,no_LCRF,original,0.0,0.03786669671535492,0.038602269013256724,20,,student_concept_state_buffers
assist_17,6218,no_LCRF,target_concept_mask,0.0,0.03786669671535492,0.038602269013256724,20,20,student_concept_state_buffers
assist_17,6218,no_LCRF,random_history_mask,0.0,0.03786669671535492,0.038602269013256724,20,0,student_concept_state_buffers
assist_17,6240,no_LCRF,original,0.0,0.001574463676661253,0.001575704447132195,72,,student_concept_state_buffers
assist_17,6240,no_LCRF,target_concept_mask,0.0,0.001574463676661253,0.001575704447132195,72,72,student_concept_state_buffers
assist_17,6240,no_LCRF,random_history_mask,0.0,0.001574463676661253,0.001575704447132195,72,65,student_concept_state_buffers
assist_17,6296,no_LCRF,original,0.0,0.1477670818567276,0.15989541141137342,32,,student_concept_state_buffers
assist_17,6296,no_LCRF,target_concept_mask,0.0,0.1477670818567276,0.15989541141137342,32,32,student_concept_state_buffers
assist_17,6296,no_LCRF,random_history_mask,0.0,0.1477670818567276,0.15989541141137342,32,35,student_concept_state_buffers
assist_17,6434,no_LCRF,original,0.0,0.14440102875232697,0.15595350414993306,25,,student_concept_state_buffers
assist_17,6434,no_LCRF,target_concept_mask,0.0,0.14440102875232697,0.15595350414993306,25,25,student_concept_state_buffers
assist_17,6434,no_LCRF,random_history_mask,0.0,0.14440102875232697,0.15595350414993306,25,24,student_concept_state_buffers
assist_17,6444,no_LCRF,original,0.0,0.27180251479148865,0.31718299668193417,14,,student_concept_state_buffers
assist_17,6444,no_LCRF,target_concept_mask,0.0,0.27180251479148865,0.31718299668193417,14,14,student_concept_state_buffers
assist_17,6444,no_LCRF,random_history_mask,0.0,0.27180251479148865,0.31718299668193417,14,57,student_concept_state_buffers
assist_17,6454,no_LCRF,original,1.0,0.2336803823709488,1.4538009846024291,11,,student_concept_state_buffers
assist_17,6454,no_LCRF,target_concept_mask,1.0,0.2336803823709488,1.4538009846024291,11,11,student_concept_state_buffers
assist_17,6454,no_LCRF,random_history_mask,1.0,0.2336803823709488,1.4538009846024291,11,62,student_concept_state_buffers
assist_17,6601,no_LCRF,original,0.0,0.03238024562597275,0.03291608460717965,32,,student_concept_state_buffers
assist_17,6601,no_LCRF,target_concept_mask,0.0,0.03238024562597275,0.03291608460717965,32,32,student_concept_state_buffers
assist_17,6601,no_LCRF,random_history_mask,0.0,0.03238024562597275,0.03291608460717965,32,1,student_concept_state_buffers
assist_17,7193,no_LCRF,original,1.0,0.6816281080245972,0.3832710660183082,68,,student_concept_state_buffers
assist_17,7193,no_LCRF,target_concept_mask,1.0,0.6816281080245972,0.3832710660183082,68,68,student_concept_state_buffers
assist_17,7193,no_LCRF,random_history_mask,1.0,0.6816281080245972,0.3832710660183082,68,36,student_concept_state_buffers
assist_17,7282,no_LCRF,original,1.0,0.7580866813659668,0.2769575445137693,37,,student_concept_state_buffers
assist_17,7282,no_LCRF,target_concept_mask,1.0,0.7580866813659668,0.2769575445137693,37,37,student_concept_state_buffers
assist_17,7282,no_LCRF,random_history_mask,1.0,0.7580866813659668,0.2769575445137693,37,36,student_concept_state_buffers
assist_17,7310,no_LCRF,original,0.0,0.5761649012565613,0.8584108174563494,37,,student_concept_state_buffers
assist_17,7310,no_LCRF,target_concept_mask,0.0,0.5761649012565613,0.8584108174563494,37,37,student_concept_state_buffers
assist_17,7310,no_LCRF,random_history_mask,0.0,0.5761649012565613,0.8584108174563494,37,38,student_concept_state_buffers
assist_17,7514,no_LCRF,original,0.0,0.0881943553686142,0.09232842057555987,35,,student_concept_state_buffers
assist_17,7514,no_LCRF,target_concept_mask,0.0,0.0881943553686142,0.09232842057555987,35,35,student_concept_state_buffers
assist_17,7514,no_LCRF,random_history_mask,0.0,0.0881943553686142,0.09232842057555987,35,20,student_concept_state_buffers
assist_17,7652,no_LCRF,original,1.0,0.2829229533672333,1.2625806679912939,1,,student_concept_state_buffers
assist_17,7652,no_LCRF,target_concept_mask,1.0,0.2829229533672333,1.2625806679912939,1,1,student_concept_state_buffers
assist_17,7652,no_LCRF,random_history_mask,1.0,0.2829229533672333,1.2625806679912939,1,46,student_concept_state_buffers
assist_17,7686,no_LCRF,original,0.0,0.4609859883785248,0.6180137128238667,57,,student_concept_state_buffers
assist_17,7686,no_LCRF,target_concept_mask,0.0,0.4609859883785248,0.6180137128238667,57,57,student_concept_state_buffers
assist_17,7686,no_LCRF,random_history_mask,0.0,0.4609859883785248,0.6180137128238667,57,39,student_concept_state_buffers
assist_17,7838,no_LCRF,original,1.0,0.23841890692710876,1.433726039355468,7,,student_concept_state_buffers
assist_17,7838,no_LCRF,target_concept_mask,1.0,0.23841890692710876,1.433726039355468,7,7,student_concept_state_buffers
assist_17,7838,no_LCRF,random_history_mask,1.0,0.23841890692710876,1.433726039355468,7,48,student_concept_state_buffers
assist_17,7971,no_LCRF,original,0.0,0.2570176124572754,0.2970829390638747,10,,student_concept_state_buffers
assist_17,7971,no_LCRF,target_concept_mask,0.0,0.2570176124572754,0.2970829390638747,10,10,student_concept_state_buffers
assist_17,7971,no_LCRF,random_history_mask,0.0,0.2570176124572754,0.2970829390638747,10,45,student_concept_state_buffers
assist_17,7993,no_LCRF,original,0.0,0.16025570034980774,0.17465783866378107,57,,student_concept_state_buffers
assist_17,7993,no_LCRF,target_concept_mask,0.0,0.16025570034980774,0.17465783866378107,57,57,student_concept_state_buffers
assist_17,7993,no_LCRF,random_history_mask,0.0,0.16025570034980774,0.17465783866378107,57,29,student_concept_state_buffers
assist_17,8133,no_LCRF,original,0.0,0.12660017609596252,0.13536183955190417,46,,student_concept_state_buffers
assist_17,8133,no_LCRF,target_concept_mask,0.0,0.12660017609596252,0.13536183955190417,46,46,student_concept_state_buffers
assist_17,8133,no_LCRF,random_history_mask,0.0,0.12660017609596252,0.13536183955190417,46,2,student_concept_state_buffers
assist_17,8315,no_LCRF,original,1.0,0.3869287073612213,0.9495148216275595,4,,student_concept_state_buffers
assist_17,8315,no_LCRF,target_concept_mask,1.0,0.3869287073612213,0.9495148216275595,4,4,student_concept_state_buffers
assist_17,8315,no_LCRF,random_history_mask,1.0,0.3869287073612213,0.9495148216275595,4,7,student_concept_state_buffers
assist_17,8528,no_LCRF,original,0.0,0.42167049646377563,0.5476114974187795,35,,student_concept_state_buffers
assist_17,8528,no_LCRF,target_concept_mask,0.0,0.42167049646377563,0.5476114974187795,35,35,student_concept_state_buffers
assist_17,8528,no_LCRF,random_history_mask,0.0,0.42167049646377563,0.5476114974187795,35,44,student_concept_state_buffers
assist_17,8703,no_LCRF,original,1.0,0.2143097221851349,1.5403330103588468,57,,student_concept_state_buffers
assist_17,8703,no_LCRF,target_concept_mask,1.0,0.2143097221851349,1.5403330103588468,57,57,student_concept_state_buffers
assist_17,8703,no_LCRF,random_history_mask,1.0,0.2143097221851349,1.5403330103588468,57,20,student_concept_state_buffers
assist_17,8706,no_LCRF,original,0.0,0.15289928019046783,0.1659356778111572,20,,student_concept_state_buffers
assist_17,8706,no_LCRF,target_concept_mask,0.0,0.15289928019046783,0.1659356778111572,20,20,student_concept_state_buffers
assist_17,8706,no_LCRF,random_history_mask,0.0,0.15289928019046783,0.1659356778111572,20,59,student_concept_state_buffers
assist_17,8827,no_LCRF,original,1.0,0.161828875541687,1.8212158258697033,54,,student_concept_state_buffers
assist_17,8827,no_LCRF,target_concept_mask,1.0,0.161828875541687,1.8212158258697033,54,54,student_concept_state_buffers
assist_17,8827,no_LCRF,random_history_mask,1.0,0.161828875541687,1.8212158258697033,54,42,student_concept_state_buffers
assist_17,8840,no_LCRF,original,1.0,0.4401823580265045,0.8205661878702963,71,,student_concept_state_buffers
assist_17,8840,no_LCRF,target_concept_mask,1.0,0.4401823580265045,0.8205661878702963,71,71,student_concept_state_buffers
assist_17,8840,no_LCRF,random_history_mask,1.0,0.4401823580265045,0.8205661878702963,71,52,student_concept_state_buffers
assist_17,9022,no_LCRF,original,1.0,0.505433976650238,0.6823378590414764,14,,student_concept_state_buffers
assist_17,9022,no_LCRF,target_concept_mask,1.0,0.505433976650238,0.6823378590414764,14,14,student_concept_state_buffers
assist_17,9022,no_LCRF,random_history_mask,1.0,0.505433976650238,0.6823378590414764,14,64,student_concept_state_buffers
assist_17,9078,no_LCRF,original,0.0,0.08183959871530533,0.08538317455669746,11,,student_concept_state_buffers
assist_17,9078,no_LCRF,target_concept_mask,0.0,0.08183959871530533,0.08538317455669746,11,11,student_concept_state_buffers
assist_17,9078,no_LCRF,random_history_mask,0.0,0.08183959871530533,0.08538317455669746,11,14,student_concept_state_buffers
assist_17,9163,no_LCRF,original,1.0,0.5904356241226196,0.5268946685551196,32,,student_concept_state_buffers
assist_17,9163,no_LCRF,target_concept_mask,1.0,0.5904356241226196,0.5268946685551196,32,32,student_concept_state_buffers
assist_17,9163,no_LCRF,random_history_mask,1.0,0.5904356241226196,0.5268946685551196,32,39,student_concept_state_buffers
assist_17,9187,no_LCRF,original,0.0,0.22319740056991577,0.2525690156794105,46,,student_concept_state_buffers
assist_17,9187,no_LCRF,target_concept_mask,0.0,0.22319740056991577,0.2525690156794105,46,46,student_concept_state_buffers
assist_17,9187,no_LCRF,random_history_mask,0.0,0.22319740056991577,0.2525690156794105,46,0,student_concept_state_buffers
assist_17,9487,no_LCRF,original,0.0,0.07720674574375153,0.08035006279134602,58,,student_concept_state_buffers
assist_17,9487,no_LCRF,target_concept_mask,0.0,0.07720674574375153,0.08035006279134602,58,58,student_concept_state_buffers
assist_17,9487,no_LCRF,random_history_mask,0.0,0.07720674574375153,0.08035006279134602,58,48,student_concept_state_buffers
assist_17,9640,no_LCRF,original,0.0,0.47498825192451477,0.6443346393542425,14,,student_concept_state_buffers
assist_17,9640,no_LCRF,target_concept_mask,0.0,0.47498825192451477,0.6443346393542425,14,14,student_concept_state_buffers
assist_17,9640,no_LCRF,random_history_mask,0.0,0.47498825192451477,0.6443346393542425,14,33,student_concept_state_buffers
assist_17,9955,no_LCRF,original,1.0,0.19074319303035736,1.656827294747321,20,,student_concept_state_buffers
assist_17,9955,no_LCRF,target_concept_mask,1.0,0.19074319303035736,1.656827294747321,20,20,student_concept_state_buffers
assist_17,9955,no_LCRF,random_history_mask,1.0,0.19074319303035736,1.656827294747321,20,57,student_concept_state_buffers
assist_17,10132,no_LCRF,original,0.0,0.04674038290977478,0.047867991556592555,62,,student_concept_state_buffers
assist_17,10132,no_LCRF,target_concept_mask,0.0,0.04674038290977478,0.047867991556592555,62,62,student_concept_state_buffers
assist_17,10132,no_LCRF,random_history_mask,0.0,0.04674038290977478,0.047867991556592555,62,48,student_concept_state_buffers
assist_17,10460,no_LCRF,original,1.0,0.49819236993789673,0.6967689915304762,78,,student_concept_state_buffers
assist_17,10460,no_LCRF,target_concept_mask,1.0,0.49819236993789673,0.6967689915304762,78,78,student_concept_state_buffers
assist_17,10460,no_LCRF,random_history_mask,1.0,0.49819236993789673,0.6967689915304762,78,62,student_concept_state_buffers
assist_17,10780,no_LCRF,original,1.0,0.7380827069282532,0.30369939165245363,14,,student_concept_state_buffers
assist_17,10780,no_LCRF,target_concept_mask,1.0,0.7380827069282532,0.30369939165245363,14,14,student_concept_state_buffers
assist_17,10780,no_LCRF,random_history_mask,1.0,0.7380827069282532,0.30369939165245363,14,88,student_concept_state_buffers
assist_17,10998,no_LCRF,original,1.0,0.057238444685935974,2.8605294964671004,58,,student_concept_state_buffers
assist_17,10998,no_LCRF,target_concept_mask,1.0,0.057238444685935974,2.8605294964671004,58,58,student_concept_state_buffers
assist_17,10998,no_LCRF,random_history_mask,1.0,0.057238444685935974,2.8605294964671004,58,37,student_concept_state_buffers
assist_17,11213,no_LCRF,original,0.0,0.5004316568374634,0.6940108671047406,20,,student_concept_state_buffers
assist_17,11213,no_LCRF,target_concept_mask,0.0,0.5004316568374634,0.6940108671047406,20,20,student_concept_state_buffers
assist_17,11213,no_LCRF,random_history_mask,0.0,0.5004316568374634,0.6940108671047406,20,57,student_concept_state_buffers
assist_17,11344,no_LCRF,original,0.0,0.16877245903015137,0.1848517057592132,33,,student_concept_state_buffers
assist_17,11344,no_LCRF,target_concept_mask,0.0,0.16877245903015137,0.1848517057592132,33,33,student_concept_state_buffers
assist_17,11344,no_LCRF,random_history_mask,0.0,0.16877245903015137,0.1848517057592132,33,13,student_concept_state_buffers
assist_17,11595,no_LCRF,original,1.0,0.45168742537498474,0.7947648751527663,14,,student_concept_state_buffers
assist_17,11595,no_LCRF,target_concept_mask,1.0,0.45168742537498474,0.7947648751527663,14,14,student_concept_state_buffers
assist_17,11595,no_LCRF,random_history_mask,1.0,0.45168742537498474,0.7947648751527663,14,41,student_concept_state_buffers
assist_17,11790,no_LCRF,original,1.0,0.13305751979351044,2.016973764602298,64,,student_concept_state_buffers
assist_17,11790,no_LCRF,target_concept_mask,1.0,0.13305751979351044,2.016973764602298,64,64,student_concept_state_buffers
assist_17,11790,no_LCRF,random_history_mask,1.0,0.13305751979351044,2.016973764602298,64,28,student_concept_state_buffers
assist_17,11886,no_LCRF,original,0.0,0.04153233394026756,0.042419450962431327,52,,student_concept_state_buffers
assist_17,11886,no_LCRF,target_concept_mask,0.0,0.04153233394026756,0.042419450962431327,52,52,student_concept_state_buffers
assist_17,11886,no_LCRF,random_history_mask,0.0,0.04153233394026756,0.042419450962431327,52,4,student_concept_state_buffers
assist_17,11937,no_LCRF,original,1.0,0.2639998197555542,1.3318068585801668,59,,student_concept_state_buffers
assist_17,11937,no_LCRF,target_concept_mask,1.0,0.2639998197555542,1.3318068585801668,59,59,student_concept_state_buffers
assist_17,11937,no_LCRF,random_history_mask,1.0,0.2639998197555542,1.3318068585801668,59,67,student_concept_state_buffers
assist_17,12070,no_LCRF,original,1.0,0.7165138721466064,0.3333576709151402,10,,student_concept_state_buffers
assist_17,12070,no_LCRF,target_concept_mask,1.0,0.7165138721466064,0.3333576709151402,10,10,student_concept_state_buffers
assist_17,12070,no_LCRF,random_history_mask,1.0,0.7165138721466064,0.3333576709151402,10,11,student_concept_state_buffers
assist_17,12187,no_LCRF,original,1.0,0.8734797835350037,0.13527029388306527,32,,student_concept_state_buffers
assist_17,12187,no_LCRF,target_concept_mask,1.0,0.8734797835350037,0.13527029388306527,32,32,student_concept_state_buffers
assist_17,12187,no_LCRF,random_history_mask,1.0,0.8734797835350037,0.13527029388306527,32,25,student_concept_state_buffers
assist_17,12195,no_LCRF,original,0.0,0.38845518231391907,0.49176703514880066,58,,student_concept_state_buffers
assist_17,12195,no_LCRF,target_concept_mask,0.0,0.38845518231391907,0.49176703514880066,58,58,student_concept_state_buffers
assist_17,12195,no_LCRF,random_history_mask,0.0,0.38845518231391907,0.49176703514880066,58,4,student_concept_state_buffers
assist_17,12266,no_LCRF,original,1.0,0.7321171760559082,0.3118147012526044,71,,student_concept_state_buffers
assist_17,12266,no_LCRF,target_concept_mask,1.0,0.7321171760559082,0.3118147012526044,71,71,student_concept_state_buffers
assist_17,12266,no_LCRF,random_history_mask,1.0,0.7321171760559082,0.3118147012526044,71,34,student_concept_state_buffers
assist_17,12287,no_LCRF,original,1.0,0.6109281778335571,0.49277587527383077,14,,student_concept_state_buffers
assist_17,12287,no_LCRF,target_concept_mask,1.0,0.6109281778335571,0.49277587527383077,14,14,student_concept_state_buffers
assist_17,12287,no_LCRF,random_history_mask,1.0,0.6109281778335571,0.49277587527383077,14,58,student_concept_state_buffers
assist_17,12434,no_LCRF,original,1.0,0.6502379775047302,0.43041686385970185,51,,student_concept_state_buffers
assist_17,12434,no_LCRF,target_concept_mask,1.0,0.6502379775047302,0.43041686385970185,51,51,student_concept_state_buffers
assist_17,12434,no_LCRF,random_history_mask,1.0,0.6502379775047302,0.43041686385970185,51,46,student_concept_state_buffers
assist_17,12813,no_LCRF,original,1.0,0.6402084827423096,0.4459614013899681,28,,student_concept_state_buffers
assist_17,12813,no_LCRF,target_concept_mask,1.0,0.6402084827423096,0.4459614013899681,28,28,student_concept_state_buffers
assist_17,12813,no_LCRF,random_history_mask,1.0,0.6402084827423096,0.4459614013899681,28,7,student_concept_state_buffers
assist_17,13021,no_LCRF,original,0.0,0.3739206790924072,0.4682782051941587,12,,student_concept_state_buffers
assist_17,13021,no_LCRF,target_concept_mask,0.0,0.3739206790924072,0.4682782051941587,12,12,student_concept_state_buffers
assist_17,13021,no_LCRF,random_history_mask,0.0,0.3739206790924072,0.4682782051941587,12,79,student_concept_state_buffers
assist_17,13044,no_LCRF,original,0.0,0.3331039845943451,0.4051211441620632,2,,student_concept_state_buffers
assist_17,13044,no_LCRF,target_concept_mask,0.0,0.3331039845943451,0.4051211441620632,2,2,student_concept_state_buffers
assist_17,13044,no_LCRF,random_history_mask,0.0,0.3331039845943451,0.4051211441620632,2,41,student_concept_state_buffers
assist_17,13085,no_LCRF,original,1.0,0.7442835569381714,0.295333191841801,38,,student_concept_state_buffers
assist_17,13085,no_LCRF,target_concept_mask,1.0,0.7442835569381714,0.295333191841801,38,38,student_concept_state_buffers
assist_17,13085,no_LCRF,random_history_mask,1.0,0.7442835569381714,0.295333191841801,38,92,student_concept_state_buffers
assist_17,13379,no_LCRF,original,1.0,0.268824964761734,1.3136947997881037,20,,student_concept_state_buffers
assist_17,13379,no_LCRF,target_concept_mask,1.0,0.268824964761734,1.3136947997881037,20,20,student_concept_state_buffers
assist_17,13379,no_LCRF,random_history_mask,1.0,0.268824964761734,1.3136947997881037,20,13,student_concept_state_buffers
assist_17,13402,no_LCRF,original,0.0,0.26180851459503174,0.3035520227185836,36,,student_concept_state_buffers
assist_17,13402,no_LCRF,target_concept_mask,0.0,0.26180851459503174,0.3035520227185836,36,36,student_concept_state_buffers
assist_17,13402,no_LCRF,random_history_mask,0.0,0.26180851459503174,0.3035520227185836,36,3,student_concept_state_buffers
assist_17,13683,no_LCRF,original,1.0,0.3578042685985565,1.0277691778541524,20,,student_concept_state_buffers
assist_17,13683,no_LCRF,target_concept_mask,1.0,0.3578042685985565,1.0277691778541524,20,20,student_concept_state_buffers
assist_17,13683,no_LCRF,random_history_mask,1.0,0.3578042685985565,1.0277691778541524,20,36,student_concept_state_buffers
assist_17,13726,no_LCRF,original,1.0,0.903304934501648,0.10169509209173275,14,,student_concept_state_buffers
assist_17,13726,no_LCRF,target_concept_mask,1.0,0.903304934501648,0.10169509209173275,14,14,student_concept_state_buffers
assist_17,13726,no_LCRF,random_history_mask,1.0,0.903304934501648,0.10169509209173275,14,75,student_concept_state_buffers
assist_17,13830,no_LCRF,original,0.0,0.6196290850639343,0.9666084103926599,51,,student_concept_state_buffers
assist_17,13830,no_LCRF,target_concept_mask,0.0,0.6196290850639343,0.9666084103926599,51,51,student_concept_state_buffers
assist_17,13830,no_LCRF,random_history_mask,0.0,0.6196290850639343,0.9666084103926599,51,6,student_concept_state_buffers
assist_17,14113,no_LCRF,original,0.0,0.2662930488586426,0.3096455792149897,3,,student_concept_state_buffers
assist_17,14113,no_LCRF,target_concept_mask,0.0,0.2662930488586426,0.3096455792149897,3,3,student_concept_state_buffers
assist_17,14113,no_LCRF,random_history_mask,0.0,0.2662930488586426,0.3096455792149897,3,8,student_concept_state_buffers
assist_17,14115,no_LCRF,original,1.0,0.5659013390541077,0.569335528598417,59,,student_concept_state_buffers
assist_17,14115,no_LCRF,target_concept_mask,1.0,0.5659013390541077,0.569335528598417,59,59,student_concept_state_buffers
assist_17,14115,no_LCRF,random_history_mask,1.0,0.5659013390541077,0.569335528598417,59,65,student_concept_state_buffers
assist_17,14276,no_LCRF,original,0.0,0.5085757374763489,0.7104474458289238,62,,student_concept_state_buffers
assist_17,14276,no_LCRF,target_concept_mask,0.0,0.5085757374763489,0.7104474458289238,62,62,student_concept_state_buffers
assist_17,14276,no_LCRF,random_history_mask,0.0,0.5085757374763489,0.7104474458289238,62,44,student_concept_state_buffers
assist_17,14438,no_LCRF,original,0.0,0.26927709579467773,0.3137209551098902,13,,student_concept_state_buffers
assist_17,14438,no_LCRF,target_concept_mask,0.0,0.26927709579467773,0.3137209551098902,13,13,student_concept_state_buffers
assist_17,14438,no_LCRF,random_history_mask,0.0,0.26927709579467773,0.3137209551098902,13,74,student_concept_state_buffers
assist_17,14610,no_LCRF,original,1.0,0.619297206401825,0.4791699819447517,56,,student_concept_state_buffers
assist_17,14610,no_LCRF,target_concept_mask,1.0,0.619297206401825,0.4791699819447517,56,56,student_concept_state_buffers
assist_17,14610,no_LCRF,random_history_mask,1.0,0.619297206401825,0.4791699819447517,56,23,student_concept_state_buffers
assist_17,14656,no_LCRF,original,0.0,0.2541256844997406,0.2931981708540586,66,,student_concept_state_buffers
assist_17,14656,no_LCRF,target_concept_mask,0.0,0.2541256844997406,0.2931981708540586,66,66,student_concept_state_buffers
assist_17,14656,no_LCRF,random_history_mask,0.0,0.2541256844997406,0.2931981708540586,66,7,student_concept_state_buffers
assist_17,14874,no_LCRF,original,0.0,0.008580624125897884,0.008617649634553989,36,,student_concept_state_buffers
assist_17,14874,no_LCRF,target_concept_mask,0.0,0.008580624125897884,0.008617649634553989,36,36,student_concept_state_buffers
assist_17,14874,no_LCRF,random_history_mask,0.0,0.008580624125897884,0.008617649634553989,36,79,student_concept_state_buffers
assist_17,14942,no_LCRF,original,1.0,0.8005776405334473,0.22242176120056922,14,,student_concept_state_buffers
assist_17,14942,no_LCRF,target_concept_mask,1.0,0.8005776405334473,0.22242176120056922,14,14,student_concept_state_buffers
assist_17,14942,no_LCRF,random_history_mask,1.0,0.8005776405334473,0.22242176120056922,14,85,student_concept_state_buffers
assist_17,15068,no_LCRF,original,1.0,0.589597225189209,0.5283156443779066,14,,student_concept_state_buffers
assist_17,15068,no_LCRF,target_concept_mask,1.0,0.589597225189209,0.5283156443779066,14,14,student_concept_state_buffers
assist_17,15068,no_LCRF,random_history_mask,1.0,0.589597225189209,0.5283156443779066,14,2,student_concept_state_buffers
assist_17,15084,no_LCRF,original,1.0,0.6074069142341614,0.49855634310606955,20,,student_concept_state_buffers
assist_17,15084,no_LCRF,target_concept_mask,1.0,0.6074069142341614,0.49855634310606955,20,20,student_concept_state_buffers
assist_17,15084,no_LCRF,random_history_mask,1.0,0.6074069142341614,0.49855634310606955,20,78,student_concept_state_buffers
assist_17,15386,no_LCRF,original,1.0,0.9250105619430542,0.07795012321808499,60,,student_concept_state_buffers
assist_17,15386,no_LCRF,target_concept_mask,1.0,0.9250105619430542,0.07795012321808499,60,60,student_concept_state_buffers
assist_17,15386,no_LCRF,random_history_mask,1.0,0.9250105619430542,0.07795012321808499,60,58,student_concept_state_buffers
assist_17,15391,no_LCRF,original,1.0,0.7347193956375122,0.3082666273066333,13,,student_concept_state_buffers
assist_17,15391,no_LCRF,target_concept_mask,1.0,0.7347193956375122,0.3082666273066333,13,13,student_concept_state_buffers
assist_17,15391,no_LCRF,random_history_mask,1.0,0.7347193956375122,0.3082666273066333,13,71,student_concept_state_buffers
assist_17,15527,no_LCRF,original,0.0,0.007868616841733456,0.007899737767158846,36,,student_concept_state_buffers
assist_17,15527,no_LCRF,target_concept_mask,0.0,0.007868616841733456,0.007899737767158846,36,36,student_concept_state_buffers
assist_17,15527,no_LCRF,random_history_mask,0.0,0.007868616841733456,0.007899737767158846,36,26,student_concept_state_buffers
assist_17,15654,no_LCRF,original,1.0,0.18964849412441254,1.662582951166586,57,,student_concept_state_buffers
assist_17,15654,no_LCRF,target_concept_mask,1.0,0.18964849412441254,1.662582951166586,57,57,student_concept_state_buffers
assist_17,15654,no_LCRF,random_history_mask,1.0,0.18964849412441254,1.662582951166586,57,54,student_concept_state_buffers
assist_17,16017,no_LCRF,original,1.0,0.6927944421768188,0.36702194402818766,57,,student_concept_state_buffers
assist_17,16017,no_LCRF,target_concept_mask,1.0,0.6927944421768188,0.36702194402818766,57,57,student_concept_state_buffers
assist_17,16017,no_LCRF,random_history_mask,1.0,0.6927944421768188,0.36702194402818766,57,47,student_concept_state_buffers
assist_17,16219,no_LCRF,original,0.0,0.3123478591442108,0.37447217813347344,88,,student_concept_state_buffers
assist_17,16219,no_LCRF,target_concept_mask,0.0,0.3123478591442108,0.37447217813347344,88,88,student_concept_state_buffers
assist_17,16219,no_LCRF,random_history_mask,0.0,0.3123478591442108,0.37447217813347344,88,2,student_concept_state_buffers
assist_17,16241,no_LCRF,original,0.0,0.4324025511741638,0.5663428283754199,58,,student_concept_state_buffers
assist_17,16241,no_LCRF,target_concept_mask,0.0,0.4324025511741638,0.5663428283754199,58,58,student_concept_state_buffers
assist_17,16241,no_LCRF,random_history_mask,0.0,0.4324025511741638,0.5663428283754199,58,52,student_concept_state_buffers
assist_17,16282,no_LCRF,original,1.0,0.45420458912849426,0.7892075456001755,63,,student_concept_state_buffers
assist_17,16282,no_LCRF,target_concept_mask,1.0,0.45420458912849426,0.7892075456001755,63,63,student_concept_state_buffers
assist_17,16282,no_LCRF,random_history_mask,1.0,0.45420458912849426,0.7892075456001755,63,78,student_concept_state_buffers
assist_17,16424,no_LCRF,original,0.0,0.13576413691043854,0.14590955774599362,34,,student_concept_state_buffers
assist_17,16424,no_LCRF,target_concept_mask,0.0,0.13576413691043854,0.14590955774599362,34,34,student_concept_state_buffers
assist_17,16424,no_LCRF,random_history_mask,0.0,0.13576413691043854,0.14590955774599362,34,24,student_concept_state_buffers
assist_17,16614,no_LCRF,original,1.0,0.4040622115135193,0.9061864239812101,20,,student_concept_state_buffers
assist_17,16614,no_LCRF,target_concept_mask,1.0,0.4040622115135193,0.9061864239812101,20,20,student_concept_state_buffers
assist_17,16614,no_LCRF,random_history_mask,1.0,0.4040622115135193,0.9061864239812101,20,7,student_concept_state_buffers
assist_17,16616,no_LCRF,original,1.0,0.77242112159729,0.2582253833882827,14,,student_concept_state_buffers
assist_17,16616,no_LCRF,target_concept_mask,1.0,0.77242112159729,0.2582253833882827,14,14,student_concept_state_buffers
assist_17,16616,no_LCRF,random_history_mask,1.0,0.77242112159729,0.2582253833882827,14,62,student_concept_state_buffers
assist_17,16984,no_LCRF,original,0.0,0.19138787686824799,0.21243592914515066,13,,student_concept_state_buffers
assist_17,16984,no_LCRF,target_concept_mask,0.0,0.19138787686824799,0.21243592914515066,13,13,student_concept_state_buffers
assist_17,16984,no_LCRF,random_history_mask,0.0,0.19138787686824799,0.21243592914515066,13,10,student_concept_state_buffers
assist_17,17674,no_LCRF,original,0.0,0.44888779520988464,0.5958168521031592,35,,student_concept_state_buffers
assist_17,17674,no_LCRF,target_concept_mask,0.0,0.44888779520988464,0.5958168521031592,35,35,student_concept_state_buffers
assist_17,17674,no_LCRF,random_history_mask,0.0,0.44888779520988464,0.5958168521031592,35,48,student_concept_state_buffers
assist_17,17693,no_LCRF,original,0.0,0.07009370625019073,0.07267145732021292,35,,student_concept_state_buffers
assist_17,17693,no_LCRF,target_concept_mask,0.0,0.07009370625019073,0.07267145732021292,35,35,student_concept_state_buffers
assist_17,17693,no_LCRF,random_history_mask,0.0,0.07009370625019073,0.07267145732021292,35,48,student_concept_state_buffers
assist_17,17822,no_LCRF,original,0.0,0.28048810362815857,0.32918221857063684,20,,student_concept_state_buffers
assist_17,17822,no_LCRF,target_concept_mask,0.0,0.28048810362815857,0.32918221857063684,20,20,student_concept_state_buffers
assist_17,17822,no_LCRF,random_history_mask,0.0,0.28048810362815857,0.32918221857063684,20,60,student_concept_state_buffers
assist_17,18375,no_LCRF,original,1.0,0.5413110852241516,0.613761146497057,34,,student_concept_state_buffers
assist_17,18375,no_LCRF,target_concept_mask,1.0,0.5413110852241516,0.613761146497057,34,34,student_concept_state_buffers
assist_17,18375,no_LCRF,random_history_mask,1.0,0.5413110852241516,0.613761146497057,34,88,student_concept_state_buffers
assist_17,18469,no_LCRF,original,0.0,0.0021504180040210485,0.002152733472896569,57,,student_concept_state_buffers
assist_17,18469,no_LCRF,target_concept_mask,0.0,0.0021504180040210485,0.002152733472896569,57,57,student_concept_state_buffers
assist_17,18469,no_LCRF,random_history_mask,0.0,0.0021504180040210485,0.002152733472896569,57,13,student_concept_state_buffers
assist_17,18485,no_LCRF,original,0.0,0.12869985401630402,0.1377687621979158,20,,student_concept_state_buffers
assist_17,18485,no_LCRF,target_concept_mask,0.0,0.12869985401630402,0.1377687621979158,20,20,student_concept_state_buffers
assist_17,18485,no_LCRF,random_history_mask,0.0,0.12869985401630402,0.1377687621979158,20,13,student_concept_state_buffers
assist_17,18689,no_LCRF,original,0.0,0.5704218149185181,0.844951516682299,34,,student_concept_state_buffers
assist_17,18689,no_LCRF,target_concept_mask,0.0,0.5704218149185181,0.844951516682299,34,34,student_concept_state_buffers
assist_17,18689,no_LCRF,random_history_mask,0.0,0.5704218149185181,0.844951516682299,34,5,student_concept_state_buffers
assist_17,18738,no_LCRF,original,1.0,0.5807878971099854,0.5433696539979251,13,,student_concept_state_buffers
assist_17,18738,no_LCRF,target_concept_mask,1.0,0.5807878971099854,0.5433696539979251,13,13,student_concept_state_buffers
assist_17,18738,no_LCRF,random_history_mask,1.0,0.5807878971099854,0.5433696539979251,13,36,student_concept_state_buffers
assist_17,18799,no_LCRF,original,1.0,0.6188175678253174,0.4799447705354149,36,,student_concept_state_buffers
assist_17,18799,no_LCRF,target_concept_mask,1.0,0.6188175678253174,0.4799447705354149,36,36,student_concept_state_buffers
assist_17,18799,no_LCRF,random_history_mask,1.0,0.6188175678253174,0.4799447705354149,36,67,student_concept_state_buffers
assist_17,19045,no_LCRF,original,0.0,0.030471524223685265,0.03094543312033492,5,,student_concept_state_buffers
assist_17,19045,no_LCRF,target_concept_mask,0.0,0.030471524223685265,0.03094543312033492,5,5,student_concept_state_buffers
assist_17,19045,no_LCRF,random_history_mask,0.0,0.030471524223685265,0.03094543312033492,5,71,student_concept_state_buffers
assist_17,19172,no_LCRF,original,1.0,0.8231284022331238,0.19464307318030297,41,,student_concept_state_buffers
assist_17,19172,no_LCRF,target_concept_mask,1.0,0.8231284022331238,0.19464307318030297,41,41,student_concept_state_buffers
assist_17,19172,no_LCRF,random_history_mask,1.0,0.8231284022331238,0.19464307318030297,41,50,student_concept_state_buffers
assist_17,19311,no_LCRF,original,1.0,0.6871728301048279,0.375169446193779,75,,student_concept_state_buffers
assist_17,19311,no_LCRF,target_concept_mask,1.0,0.6871728301048279,0.375169446193779,75,75,student_concept_state_buffers
assist_17,19311,no_LCRF,random_history_mask,1.0,0.6871728301048279,0.375169446193779,75,6,student_concept_state_buffers
assist_17,19374,no_LCRF,original,0.0,0.26800376176834106,0.3119799040618187,26,,student_concept_state_buffers
assist_17,19374,no_LCRF,target_concept_mask,0.0,0.26800376176834106,0.3119799040618187,26,26,student_concept_state_buffers
assist_17,19374,no_LCRF,random_history_mask,0.0,0.26800376176834106,0.3119799040618187,26,31,student_concept_state_buffers
assist_17,19477,no_LCRF,original,1.0,0.06727831810712814,2.6989172620376367,20,,student_concept_state_buffers
assist_17,19477,no_LCRF,target_concept_mask,1.0,0.06727831810712814,2.6989172620376367,20,20,student_concept_state_buffers
assist_17,19477,no_LCRF,random_history_mask,1.0,0.06727831810712814,2.6989172620376367,20,13,student_concept_state_buffers
assist_17,19621,no_LCRF,original,0.0,0.00021349389862734824,0.00021351669169390194,20,,student_concept_state_buffers
assist_17,19621,no_LCRF,target_concept_mask,0.0,0.00021349389862734824,0.00021351669169390194,20,20,student_concept_state_buffers
assist_17,19621,no_LCRF,random_history_mask,0.0,0.00021349389862734824,0.00021351669169390194,20,63,student_concept_state_buffers
assist_17,19631,no_LCRF,original,1.0,0.047044046223163605,3.0566709624420993,12,,student_concept_state_buffers
assist_17,19631,no_LCRF,target_concept_mask,1.0,0.047044046223163605,3.0566709624420993,12,12,student_concept_state_buffers
assist_17,19631,no_LCRF,random_history_mask,1.0,0.047044046223163605,3.0566709624420993,12,60,student_concept_state_buffers
assist_17,19674,no_LCRF,original,0.0,0.15799055993556976,0.17196405332471282,20,,student_concept_state_buffers
assist_17,19674,no_LCRF,target_concept_mask,0.0,0.15799055993556976,0.17196405332471282,20,20,student_concept_state_buffers
assist_17,19674,no_LCRF,random_history_mask,0.0,0.15799055993556976,0.17196405332471282,20,79,student_concept_state_buffers
assist_17,19815,no_LCRF,original,0.0,0.1597006767988205,0.17399711347351854,34,,student_concept_state_buffers
assist_17,19815,no_LCRF,target_concept_mask,0.0,0.1597006767988205,0.17399711347351854,34,34,student_concept_state_buffers
assist_17,19815,no_LCRF,random_history_mask,0.0,0.1597006767988205,0.17399711347351854,34,12,student_concept_state_buffers
assist_17,19914,no_LCRF,original,1.0,0.5292747020721436,0.6362476963253249,7,,student_concept_state_buffers
assist_17,19914,no_LCRF,target_concept_mask,1.0,0.5292747020721436,0.6362476963253249,7,7,student_concept_state_buffers
assist_17,19914,no_LCRF,random_history_mask,1.0,0.5292747020721436,0.6362476963253249,7,91,student_concept_state_buffers
assist_17,20003,no_LCRF,original,1.0,0.07010400295257568,2.6577753831115096,4,,student_concept_state_buffers
assist_17,20003,no_LCRF,target_concept_mask,1.0,0.07010400295257568,2.6577753831115096,4,4,student_concept_state_buffers
assist_17,20003,no_LCRF,random_history_mask,1.0,0.07010400295257568,2.6577753831115096,4,45,student_concept_state_buffers
assist_17,20086,no_LCRF,original,1.0,0.6930223107337952,0.36669308588940225,20,,student_concept_state_buffers
assist_17,20086,no_LCRF,target_concept_mask,1.0,0.6930223107337952,0.36669308588940225,20,20,student_concept_state_buffers
assist_17,20086,no_LCRF,random_history_mask,1.0,0.6930223107337952,0.36669308588940225,20,32,student_concept_state_buffers
assist_17,20182,no_LCRF,original,0.0,0.26073580980300903,0.3020999250371061,2,,student_concept_state_buffers
assist_17,20182,no_LCRF,target_concept_mask,0.0,0.26073580980300903,0.3020999250371061,2,2,student_concept_state_buffers
assist_17,20182,no_LCRF,random_history_mask,0.0,0.26073580980300903,0.3020999250371061,2,67,student_concept_state_buffers
assist_17,20288,no_LCRF,original,0.0,0.021406443789601326,0.02163888485102214,20,,student_concept_state_buffers
assist_17,20288,no_LCRF,target_concept_mask,0.0,0.021406443789601326,0.02163888485102214,20,20,student_concept_state_buffers
assist_17,20288,no_LCRF,random_history_mask,0.0,0.021406443789601326,0.02163888485102214,20,31,student_concept_state_buffers
assist_17,20293,no_LCRF,original,0.0,0.13072611391544342,0.14009702951334346,20,,student_concept_state_buffers
assist_17,20293,no_LCRF,target_concept_mask,0.0,0.13072611391544342,0.14009702951334346,20,20,student_concept_state_buffers
assist_17,20293,no_LCRF,random_history_mask,0.0,0.13072611391544342,0.14009702951334346,20,59,student_concept_state_buffers
assist_17,20475,no_LCRF,original,0.0,0.5479028820991516,0.7938582596170747,58,,student_concept_state_buffers
assist_17,20475,no_LCRF,target_concept_mask,0.0,0.5479028820991516,0.7938582596170747,58,58,student_concept_state_buffers
assist_17,20475,no_LCRF,random_history_mask,0.0,0.5479028820991516,0.7938582596170747,58,10,student_concept_state_buffers
assist_17,20683,no_LCRF,original,0.0,0.16635800898075104,0.1819512361480112,57,,student_concept_state_buffers
assist_17,20683,no_LCRF,target_concept_mask,0.0,0.16635800898075104,0.1819512361480112,57,57,student_concept_state_buffers
assist_17,20683,no_LCRF,random_history_mask,0.0,0.16635800898075104,0.1819512361480112,57,11,student_concept_state_buffers
assist_17,21304,no_LCRF,original,1.0,0.7666312456130981,0.26574936817454187,2,,student_concept_state_buffers
assist_17,21304,no_LCRF,target_concept_mask,1.0,0.7666312456130981,0.26574936817454187,2,2,student_concept_state_buffers
assist_17,21304,no_LCRF,random_history_mask,1.0,0.7666312456130981,0.26574936817454187,2,36,student_concept_state_buffers
assist_17,21377,no_LCRF,original,0.0,0.6182677745819092,0.9630358967582382,7,,student_concept_state_buffers
assist_17,21377,no_LCRF,target_concept_mask,0.0,0.6182677745819092,0.9630358967582382,7,7,student_concept_state_buffers
assist_17,21377,no_LCRF,random_history_mask,0.0,0.6182677745819092,0.9630358967582382,7,44,student_concept_state_buffers
assist_17,21925,no_LCRF,original,0.0,0.3431130051612854,0.42024327705908465,84,,student_concept_state_buffers
assist_17,21925,no_LCRF,target_concept_mask,0.0,0.3431130051612854,0.42024327705908465,84,84,student_concept_state_buffers
assist_17,21925,no_LCRF,random_history_mask,0.0,0.3431130051612854,0.42024327705908465,84,36,student_concept_state_buffers
assist_17,21983,no_LCRF,original,0.0,0.36705300211906433,0.45736859196934315,57,,student_concept_state_buffers
assist_17,21983,no_LCRF,target_concept_mask,0.0,0.36705300211906433,0.45736859196934315,57,57,student_concept_state_buffers
assist_17,21983,no_LCRF,random_history_mask,0.0,0.36705300211906433,0.45736859196934315,57,32,student_concept_state_buffers
assist_17,22027,no_LCRF,original,0.0,0.1812034249305725,0.19991960806961853,14,,student_concept_state_buffers
assist_17,22027,no_LCRF,target_concept_mask,0.0,0.1812034249305725,0.19991960806961853,14,14,student_concept_state_buffers
assist_17,22027,no_LCRF,random_history_mask,0.0,0.1812034249305725,0.19991960806961853,14,9,student_concept_state_buffers
assist_17,22315,no_LCRF,original,0.0,0.24164807796478271,0.2766077239917113,13,,student_concept_state_buffers
assist_17,22315,no_LCRF,target_concept_mask,0.0,0.24164807796478271,0.2766077239917113,13,13,student_concept_state_buffers
assist_17,22315,no_LCRF,random_history_mask,0.0,0.24164807796478271,0.2766077239917113,13,59,student_concept_state_buffers
assist_17,22960,no_LCRF,original,1.0,0.4749370515346527,0.7445730068143974,47,,student_concept_state_buffers
assist_17,22960,no_LCRF,target_concept_mask,1.0,0.4749370515346527,0.7445730068143974,47,47,student_concept_state_buffers
assist_17,22960,no_LCRF,random_history_mask,1.0,0.4749370515346527,0.7445730068143974,47,55,student_concept_state_buffers
assist_17,23149,no_LCRF,original,0.0,0.04680435359477997,0.04793510111458124,5,,student_concept_state_buffers
assist_17,23149,no_LCRF,target_concept_mask,0.0,0.04680435359477997,0.04793510111458124,5,5,student_concept_state_buffers
assist_17,23149,no_LCRF,random_history_mask,0.0,0.04680435359477997,0.04793510111458124,5,45,student_concept_state_buffers
assist_17,23561,no_LCRF,original,0.0,0.027771510183811188,0.028164430319396076,4,,student_concept_state_buffers
assist_17,23561,no_LCRF,target_concept_mask,0.0,0.027771510183811188,0.028164430319396076,4,4,student_concept_state_buffers
assist_17,23561,no_LCRF,random_history_mask,0.0,0.027771510183811188,0.028164430319396076,4,43,student_concept_state_buffers
assist_17,23583,no_LCRF,original,0.0,0.3814166486263275,0.4803233324886315,20,,student_concept_state_buffers
assist_17,23583,no_LCRF,target_concept_mask,0.0,0.3814166486263275,0.4803233324886315,20,20,student_concept_state_buffers
assist_17,23583,no_LCRF,random_history_mask,0.0,0.3814166486263275,0.4803233324886315,20,39,student_concept_state_buffers
assist_17,23605,no_LCRF,original,1.0,0.6805737018585205,0.38481915730552857,20,,student_concept_state_buffers
assist_17,23605,no_LCRF,target_concept_mask,1.0,0.6805737018585205,0.38481915730552857,20,20,student_concept_state_buffers
assist_17,23605,no_LCRF,random_history_mask,1.0,0.6805737018585205,0.38481915730552857,20,8,student_concept_state_buffers
assist_17,23615,no_LCRF,original,1.0,0.8170270323753357,0.20208309730679688,76,,student_concept_state_buffers
assist_17,23615,no_LCRF,target_concept_mask,1.0,0.8170270323753357,0.20208309730679688,76,76,student_concept_state_buffers
assist_17,23615,no_LCRF,random_history_mask,1.0,0.8170270323753357,0.20208309730679688,76,12,student_concept_state_buffers
assist_17,23639,no_LCRF,original,1.0,0.8395410776138306,0.1748998726147762,51,,student_concept_state_buffers
assist_17,23639,no_LCRF,target_concept_mask,1.0,0.8395410776138306,0.1748998726147762,51,51,student_concept_state_buffers
assist_17,23639,no_LCRF,random_history_mask,1.0,0.8395410776138306,0.1748998726147762,51,88,student_concept_state_buffers
assist_17,23683,no_LCRF,original,1.0,0.40469351410865784,0.9046252536466861,36,,student_concept_state_buffers
assist_17,23683,no_LCRF,target_concept_mask,1.0,0.40469351410865784,0.9046252536466861,36,36,student_concept_state_buffers
assist_17,23683,no_LCRF,random_history_mask,1.0,0.40469351410865784,0.9046252536466861,36,0,student_concept_state_buffers
assist_17,23965,no_LCRF,original,0.0,0.4356333613395691,0.5720511701402466,56,,student_concept_state_buffers
assist_17,23965,no_LCRF,target_concept_mask,0.0,0.4356333613395691,0.5720511701402466,56,56,student_concept_state_buffers
assist_17,23965,no_LCRF,random_history_mask,0.0,0.4356333613395691,0.5720511701402466,56,2,student_concept_state_buffers
assist_17,24101,no_LCRF,original,1.0,0.7758274674415588,0.25382511929036716,33,,student_concept_state_buffers
assist_17,24101,no_LCRF,target_concept_mask,1.0,0.7758274674415588,0.25382511929036716,33,33,student_concept_state_buffers
assist_17,24101,no_LCRF,random_history_mask,1.0,0.7758274674415588,0.25382511929036716,33,34,student_concept_state_buffers
assist_17,24200,no_LCRF,original,0.0,0.10281139612197876,0.10848917829145098,28,,student_concept_state_buffers
assist_17,24200,no_LCRF,target_concept_mask,0.0,0.10281139612197876,0.10848917829145098,28,28,student_concept_state_buffers
assist_17,24200,no_LCRF,random_history_mask,0.0,0.10281139612197876,0.10848917829145098,28,11,student_concept_state_buffers
assist_17,24231,no_LCRF,original,0.0,0.29043734073638916,0.3431064716041575,63,,student_concept_state_buffers
assist_17,24231,no_LCRF,target_concept_mask,0.0,0.29043734073638916,0.3431064716041575,63,63,student_concept_state_buffers
assist_17,24231,no_LCRF,random_history_mask,0.0,0.29043734073638916,0.3431064716041575,63,2,student_concept_state_buffers
assist_17,24290,no_LCRF,original,0.0,0.43247202038764954,0.5664652275602713,14,,student_concept_state_buffers
assist_17,24290,no_LCRF,target_concept_mask,0.0,0.43247202038764954,0.5664652275602713,14,14,student_concept_state_buffers
assist_17,24290,no_LCRF,random_history_mask,0.0,0.43247202038764954,0.5664652275602713,14,27,student_concept_state_buffers
assist_17,24347,no_LCRF,original,1.0,0.43545642495155334,0.8313605452121918,51,,student_concept_state_buffers
assist_17,24347,no_LCRF,target_concept_mask,1.0,0.43545642495155334,0.8313605452121918,51,51,student_concept_state_buffers
assist_17,24347,no_LCRF,random_history_mask,1.0,0.43545642495155334,0.8313605452121918,51,41,student_concept_state_buffers
assist_17,24514,no_LCRF,original,0.0,0.08128228783607483,0.08477637229556674,65,,student_concept_state_buffers
assist_17,24514,no_LCRF,target_concept_mask,0.0,0.08128228783607483,0.08477637229556674,65,65,student_concept_state_buffers
assist_17,24514,no_LCRF,random_history_mask,0.0,0.08128228783607483,0.08477637229556674,65,4,student_concept_state_buffers
assist_17,24547,no_LCRF,original,1.0,0.4226255416870117,0.8612687362346796,51,,student_concept_state_buffers
assist_17,24547,no_LCRF,target_concept_mask,1.0,0.4226255416870117,0.8612687362346796,51,51,student_concept_state_buffers
assist_17,24547,no_LCRF,random_history_mask,1.0,0.4226255416870117,0.8612687362346796,51,24,student_concept_state_buffers
assist_17,25150,no_LCRF,original,0.0,0.20244942605495453,0.2262100307287492,58,,student_concept_state_buffers
assist_17,25150,no_LCRF,target_concept_mask,0.0,0.20244942605495453,0.2262100307287492,58,58,student_concept_state_buffers
assist_17,25150,no_LCRF,random_history_mask,0.0,0.20244942605495453,0.2262100307287492,58,30,student_concept_state_buffers
assist_17,25330,no_LCRF,original,1.0,0.7018012404441833,0.3541050483165118,56,,student_concept_state_buffers
assist_17,25330,no_LCRF,target_concept_mask,1.0,0.7018012404441833,0.3541050483165118,56,56,student_concept_state_buffers
assist_17,25330,no_LCRF,random_history_mask,1.0,0.7018012404441833,0.3541050483165118,56,2,student_concept_state_buffers
assist_17,25428,no_LCRF,original,0.0,0.0649738684296608,0.06718080188042248,68,,student_concept_state_buffers
assist_17,25428,no_LCRF,target_concept_mask,0.0,0.0649738684296608,0.06718080188042248,68,68,student_concept_state_buffers
assist_17,25428,no_LCRF,random_history_mask,0.0,0.0649738684296608,0.06718080188042248,68,37,student_concept_state_buffers
assist_17,25582,no_LCRF,original,0.0,0.10122281312942505,0.10672012075702067,14,,student_concept_state_buffers
assist_17,25582,no_LCRF,target_concept_mask,0.0,0.10122281312942505,0.10672012075702067,14,14,student_concept_state_buffers
assist_17,25582,no_LCRF,random_history_mask,0.0,0.10122281312942505,0.10672012075702067,14,36,student_concept_state_buffers
assist_17,25606,no_LCRF,original,0.0,0.05058777332305908,0.051912194627914895,8,,student_concept_state_buffers
assist_17,25606,no_LCRF,target_concept_mask,0.0,0.05058777332305908,0.051912194627914895,8,8,student_concept_state_buffers
assist_17,25606,no_LCRF,random_history_mask,0.0,0.05058777332305908,0.051912194627914895,8,4,student_concept_state_buffers
assist_17,25649,no_LCRF,original,1.0,0.13947544991970062,1.9698666794468171,7,,student_concept_state_buffers
assist_17,25649,no_LCRF,target_concept_mask,1.0,0.13947544991970062,1.9698666794468171,7,7,student_concept_state_buffers
assist_17,25649,no_LCRF,random_history_mask,1.0,0.13947544991970062,1.9698666794468171,7,39,student_concept_state_buffers
assist_17,25836,no_LCRF,original,0.0,0.2815631926059723,0.3306775280699516,68,,student_concept_state_buffers
assist_17,25836,no_LCRF,target_concept_mask,0.0,0.2815631926059723,0.3306775280699516,68,68,student_concept_state_buffers
assist_17,25836,no_LCRF,random_history_mask,0.0,0.2815631926059723,0.3306775280699516,68,55,student_concept_state_buffers
assist_17,25871,no_LCRF,original,0.0,0.23088108003139496,0.2625096790804969,88,,student_concept_state_buffers
assist_17,25871,no_LCRF,target_concept_mask,0.0,0.23088108003139496,0.2625096790804969,88,88,student_concept_state_buffers
assist_17,25871,no_LCRF,random_history_mask,0.0,0.23088108003139496,0.2625096790804969,88,74,student_concept_state_buffers
assist_17,26693,no_LCRF,original,0.0,0.0455697625875473,0.046640726583311046,4,,student_concept_state_buffers
assist_17,26693,no_LCRF,target_concept_mask,0.0,0.0455697625875473,0.046640726583311046,4,4,student_concept_state_buffers
assist_17,26693,no_LCRF,random_history_mask,0.0,0.0455697625875473,0.046640726583311046,4,27,student_concept_state_buffers
assist_17,26695,no_LCRF,original,0.0,0.06291191279888153,0.06497799134259746,57,,student_concept_state_buffers
assist_17,26695,no_LCRF,target_concept_mask,0.0,0.06291191279888153,0.06497799134259746,57,57,student_concept_state_buffers
assist_17,26695,no_LCRF,random_history_mask,0.0,0.06291191279888153,0.06497799134259746,57,59,student_concept_state_buffers
assist_17,26781,no_LCRF,original,0.0,0.11016795039176941,0.11672254236896301,37,,student_concept_state_buffers
assist_17,26781,no_LCRF,target_concept_mask,0.0,0.11016795039176941,0.11672254236896301,37,37,student_concept_state_buffers
assist_17,26781,no_LCRF,random_history_mask,0.0,0.11016795039176941,0.11672254236896301,37,6,student_concept_state_buffers
assist_17,26823,no_LCRF,original,0.0,0.03659609705209732,0.03728253357157108,33,,student_concept_state_buffers
assist_17,26823,no_LCRF,target_concept_mask,0.0,0.03659609705209732,0.03728253357157108,33,33,student_concept_state_buffers
assist_17,26823,no_LCRF,random_history_mask,0.0,0.03659609705209732,0.03728253357157108,33,54,student_concept_state_buffers
assist_17,26836,no_LCRF,original,0.0,0.08468551188707352,0.08848756990325429,45,,student_concept_state_buffers
assist_17,26836,no_LCRF,target_concept_mask,0.0,0.08468551188707352,0.08848756990325429,45,45,student_concept_state_buffers
assist_17,26836,no_LCRF,random_history_mask,0.0,0.08468551188707352,0.08848756990325429,45,11,student_concept_state_buffers
assist_17,27071,no_LCRF,original,1.0,0.5140511989593506,0.6654324096172741,5,,student_concept_state_buffers
assist_17,27071,no_LCRF,target_concept_mask,1.0,0.5140511989593506,0.6654324096172741,5,5,student_concept_state_buffers
assist_17,27071,no_LCRF,random_history_mask,1.0,0.5140511989593506,0.6654324096172741,5,24,student_concept_state_buffers
assist_17,27296,no_LCRF,original,1.0,0.6045362949371338,0.5032935694771976,13,,student_concept_state_buffers
assist_17,27296,no_LCRF,target_concept_mask,1.0,0.6045362949371338,0.5032935694771976,13,13,student_concept_state_buffers
assist_17,27296,no_LCRF,random_history_mask,1.0,0.6045362949371338,0.5032935694771976,13,2,student_concept_state_buffers
assist_17,27581,no_LCRF,original,1.0,0.3887706398963928,0.9447657239170009,34,,student_concept_state_buffers
assist_17,27581,no_LCRF,target_concept_mask,1.0,0.3887706398963928,0.9447657239170009,34,34,student_concept_state_buffers
assist_17,27581,no_LCRF,random_history_mask,1.0,0.3887706398963928,0.9447657239170009,34,0,student_concept_state_buffers
assist_17,27870,no_LCRF,original,1.0,0.43159064650535583,0.8402777175073293,33,,student_concept_state_buffers
assist_17,27870,no_LCRF,target_concept_mask,1.0,0.43159064650535583,0.8402777175073293,33,33,student_concept_state_buffers
assist_17,27870,no_LCRF,random_history_mask,1.0,0.43159064650535583,0.8402777175073293,33,57,student_concept_state_buffers
assist_17,27961,no_LCRF,original,0.0,0.7455852031707764,1.3687892855707233,32,,student_concept_state_buffers
assist_17,27961,no_LCRF,target_concept_mask,0.0,0.7455852031707764,1.3687892855707233,32,32,student_concept_state_buffers
assist_17,27961,no_LCRF,random_history_mask,0.0,0.7455852031707764,1.3687892855707233,32,53,student_concept_state_buffers
assist_17,28050,no_LCRF,original,0.0,0.3058287501335144,0.3650365911823263,38,,student_concept_state_buffers
assist_17,28050,no_LCRF,target_concept_mask,0.0,0.3058287501335144,0.3650365911823263,38,38,student_concept_state_buffers
assist_17,28050,no_LCRF,random_history_mask,0.0,0.3058287501335144,0.3650365911823263,38,53,student_concept_state_buffers
assist_17,28410,no_LCRF,original,0.0,0.3592497408390045,0.44511550927296545,5,,student_concept_state_buffers
assist_17,28410,no_LCRF,target_concept_mask,0.0,0.3592497408390045,0.44511550927296545,5,5,student_concept_state_buffers
assist_17,28410,no_LCRF,random_history_mask,0.0,0.3592497408390045,0.44511550927296545,5,49,student_concept_state_buffers
assist_17,28597,no_LCRF,original,1.0,0.21787388622760773,1.5238388871338697,14,,student_concept_state_buffers
assist_17,28597,no_LCRF,target_concept_mask,1.0,0.21787388622760773,1.5238388871338697,14,14,student_concept_state_buffers
assist_17,28597,no_LCRF,random_history_mask,1.0,0.21787388622760773,1.5238388871338697,14,46,student_concept_state_buffers
assist_17,28608,no_LCRF,original,0.0,0.0049951267428696156,0.0050076440896785175,29,,student_concept_state_buffers
assist_17,28608,no_LCRF,target_concept_mask,0.0,0.0049951267428696156,0.0050076440896785175,29,29,student_concept_state_buffers
assist_17,28608,no_LCRF,random_history_mask,0.0,0.0049951267428696156,0.0050076440896785175,29,36,student_concept_state_buffers
assist_17,28632,no_LCRF,original,0.0,0.054930731654167175,0.05649705433783594,0,,student_concept_state_buffers
assist_17,28632,no_LCRF,target_concept_mask,0.0,0.054930731654167175,0.05649705433783594,0,0,student_concept_state_buffers
assist_17,28632,no_LCRF,random_history_mask,0.0,0.054930731654167175,0.05649705433783594,0,57,student_concept_state_buffers
assist_17,28636,no_LCRF,original,0.0,0.1484915316104889,0.16074583366811843,28,,student_concept_state_buffers
assist_17,28636,no_LCRF,target_concept_mask,0.0,0.1484915316104889,0.16074583366811843,28,28,student_concept_state_buffers
assist_17,28636,no_LCRF,random_history_mask,0.0,0.1484915316104889,0.16074583366811843,28,4,student_concept_state_buffers
assist_17,28760,no_LCRF,original,1.0,0.43688055872917175,0.8280954422314121,45,,student_concept_state_buffers
assist_17,28760,no_LCRF,target_concept_mask,1.0,0.43688055872917175,0.8280954422314121,45,45,student_concept_state_buffers
assist_17,28760,no_LCRF,random_history_mask,1.0,0.43688055872917175,0.8280954422314121,45,29,student_concept_state_buffers
assist_17,28899,no_LCRF,original,1.0,0.5318442583084106,0.6314045800400002,7,,student_concept_state_buffers
assist_17,28899,no_LCRF,target_concept_mask,1.0,0.5318442583084106,0.6314045800400002,7,7,student_concept_state_buffers
assist_17,28899,no_LCRF,random_history_mask,1.0,0.5318442583084106,0.6314045800400002,7,9,student_concept_state_buffers
assist_17,29262,no_LCRF,original,1.0,0.39750704169273376,0.9225426300943848,36,,student_concept_state_buffers
assist_17,29262,no_LCRF,target_concept_mask,1.0,0.39750704169273376,0.9225426300943848,36,36,student_concept_state_buffers
assist_17,29262,no_LCRF,random_history_mask,1.0,0.39750704169273376,0.9225426300943848,36,20,student_concept_state_buffers
assist_17,29358,no_LCRF,original,1.0,0.8832242488861084,0.12417614812276943,32,,student_concept_state_buffers
assist_17,29358,no_LCRF,target_concept_mask,1.0,0.8832242488861084,0.12417614812276943,32,32,student_concept_state_buffers
assist_17,29358,no_LCRF,random_history_mask,1.0,0.8832242488861084,0.12417614812276943,32,3,student_concept_state_buffers
assist_17,29436,no_LCRF,original,0.0,0.6923801302909851,1.1788904475037973,8,,student_concept_state_buffers
assist_17,29436,no_LCRF,target_concept_mask,0.0,0.6923801302909851,1.1788904475037973,8,8,student_concept_state_buffers
assist_17,29436,no_LCRF,random_history_mask,0.0,0.6923801302909851,1.1788904475037973,8,58,student_concept_state_buffers
assist_17,29681,no_LCRF,original,0.0,0.09433367103338242,0.09908433109851664,57,,student_concept_state_buffers
assist_17,29681,no_LCRF,target_concept_mask,0.0,0.09433367103338242,0.09908433109851664,57,57,student_concept_state_buffers
assist_17,29681,no_LCRF,random_history_mask,0.0,0.09433367103338242,0.09908433109851664,57,92,student_concept_state_buffers
assist_17,30056,no_LCRF,original,1.0,0.4833429455757141,0.7270288450353491,14,,student_concept_state_buffers
assist_17,30056,no_LCRF,target_concept_mask,1.0,0.4833429455757141,0.7270288450353491,14,14,student_concept_state_buffers
assist_17,30056,no_LCRF,random_history_mask,1.0,0.4833429455757141,0.7270288450353491,14,0,student_concept_state_buffers
assist_17,30080,no_LCRF,original,0.0,0.4211421012878418,0.5466982568984783,63,,student_concept_state_buffers
assist_17,30080,no_LCRF,target_concept_mask,0.0,0.4211421012878418,0.5466982568984783,63,63,student_concept_state_buffers
assist_17,30080,no_LCRF,random_history_mask,0.0,0.4211421012878418,0.5466982568984783,63,57,student_concept_state_buffers
assist_17,30191,no_LCRF,original,1.0,0.6539619565010071,0.42470609970466355,33,,student_concept_state_buffers
assist_17,30191,no_LCRF,target_concept_mask,1.0,0.6539619565010071,0.42470609970466355,33,33,student_concept_state_buffers
assist_17,30191,no_LCRF,random_history_mask,1.0,0.6539619565010071,0.42470609970466355,33,70,student_concept_state_buffers
assist_17,30291,no_LCRF,original,0.0,0.16206228733062744,0.17681150981939273,76,,student_concept_state_buffers
assist_17,30291,no_LCRF,target_concept_mask,0.0,0.16206228733062744,0.17681150981939273,76,76,student_concept_state_buffers
assist_17,30291,no_LCRF,random_history_mask,0.0,0.16206228733062744,0.17681150981939273,76,57,student_concept_state_buffers
assist_17,30411,no_LCRF,original,0.0,0.2635077238082886,0.30585653031473975,2,,student_concept_state_buffers
assist_17,30411,no_LCRF,target_concept_mask,0.0,0.2635077238082886,0.30585653031473975,2,2,student_concept_state_buffers
assist_17,30411,no_LCRF,random_history_mask,0.0,0.2635077238082886,0.30585653031473975,2,36,student_concept_state_buffers
assist_17,30655,no_LCRF,original,0.0,0.08432633429765701,0.08809523793401107,57,,student_concept_state_buffers
assist_17,30655,no_LCRF,target_concept_mask,0.0,0.08432633429765701,0.08809523793401107,57,57,student_concept_state_buffers
assist_17,30655,no_LCRF,random_history_mask,0.0,0.08432633429765701,0.08809523793401107,57,13,student_concept_state_buffers
assist_17,30749,no_LCRF,original,0.0,0.03755970299243927,0.03828324382713468,36,,student_concept_state_buffers
assist_17,30749,no_LCRF,target_concept_mask,0.0,0.03755970299243927,0.03828324382713468,36,36,student_concept_state_buffers
assist_17,30749,no_LCRF,random_history_mask,0.0,0.03755970299243927,0.03828324382713468,36,32,student_concept_state_buffers
assist_17,30866,no_LCRF,original,1.0,0.4673502445220947,0.7606763141438928,26,,student_concept_state_buffers
assist_17,30866,no_LCRF,target_concept_mask,1.0,0.4673502445220947,0.7606763141438928,26,26,student_concept_state_buffers
assist_17,30866,no_LCRF,random_history_mask,1.0,0.4673502445220947,0.7606763141438928,26,45,student_concept_state_buffers
assist_17,30962,no_LCRF,original,0.0,0.04673150181770325,0.047858675048747266,65,,student_concept_state_buffers
assist_17,30962,no_LCRF,target_concept_mask,0.0,0.04673150181770325,0.047858675048747266,65,65,student_concept_state_buffers
assist_17,30962,no_LCRF,random_history_mask,0.0,0.04673150181770325,0.047858675048747266,65,56,student_concept_state_buffers
assist_17,31096,no_LCRF,original,0.0,0.3744657039642334,0.4691491207848775,33,,student_concept_state_buffers
assist_17,31096,no_LCRF,target_concept_mask,0.0,0.3744657039642334,0.4691491207848775,33,33,student_concept_state_buffers
assist_17,31096,no_LCRF,random_history_mask,0.0,0.3744657039642334,0.4691491207848775,33,27,student_concept_state_buffers
assist_17,31110,no_LCRF,original,0.0,0.4848039746284485,0.6632078189508832,13,,student_concept_state_buffers
assist_17,31110,no_LCRF,target_concept_mask,0.0,0.4848039746284485,0.6632078189508832,13,13,student_concept_state_buffers
assist_17,31110,no_LCRF,random_history_mask,0.0,0.4848039746284485,0.6632078189508832,13,38,student_concept_state_buffers
assist_17,31156,no_LCRF,original,1.0,0.7589306831359863,0.27584483232358487,11,,student_concept_state_buffers
assist_17,31156,no_LCRF,target_concept_mask,1.0,0.7589306831359863,0.27584483232358487,11,11,student_concept_state_buffers
assist_17,31156,no_LCRF,random_history_mask,1.0,0.7589306831359863,0.27584483232358487,11,47,student_concept_state_buffers
assist_17,31269,no_LCRF,original,1.0,0.6047741770744324,0.502900151664531,0,,student_concept_state_buffers
assist_17,31269,no_LCRF,target_concept_mask,1.0,0.6047741770744324,0.502900151664531,0,0,student_concept_state_buffers
assist_17,31269,no_LCRF,random_history_mask,1.0,0.6047741770744324,0.502900151664531,0,64,student_concept_state_buffers
assist_17,31369,no_LCRF,original,1.0,0.8595659136772156,0.15132776870264478,20,,student_concept_state_buffers
assist_17,31369,no_LCRF,target_concept_mask,1.0,0.8595659136772156,0.15132776870264478,20,20,student_concept_state_buffers
assist_17,31369,no_LCRF,random_history_mask,1.0,0.8595659136772156,0.15132776870264478,20,68,student_concept_state_buffers
assist_17,31448,no_LCRF,original,1.0,0.44275975227355957,0.8147279759698853,46,,student_concept_state_buffers
assist_17,31448,no_LCRF,target_concept_mask,1.0,0.44275975227355957,0.8147279759698853,46,46,student_concept_state_buffers
assist_17,31448,no_LCRF,random_history_mask,1.0,0.44275975227355957,0.8147279759698853,46,58,student_concept_state_buffers
assist_17,31530,no_LCRF,original,0.0,0.5181624293327332,0.7301482120424071,57,,student_concept_state_buffers
assist_17,31530,no_LCRF,target_concept_mask,0.0,0.5181624293327332,0.7301482120424071,57,57,student_concept_state_buffers
assist_17,31530,no_LCRF,random_history_mask,0.0,0.5181624293327332,0.7301482120424071,57,14,student_concept_state_buffers
assist_17,31532,no_LCRF,original,1.0,0.6078106760978699,0.4978918335042036,63,,student_concept_state_buffers
assist_17,31532,no_LCRF,target_concept_mask,1.0,0.6078106760978699,0.4978918335042036,63,63,student_concept_state_buffers
assist_17,31532,no_LCRF,random_history_mask,1.0,0.6078106760978699,0.4978918335042036,63,7,student_concept_state_buffers
assist_17,31548,no_LCRF,original,1.0,0.1341746598482132,2.008612896057817,53,,student_concept_state_buffers
assist_17,31548,no_LCRF,target_concept_mask,1.0,0.1341746598482132,2.008612896057817,53,53,student_concept_state_buffers
assist_17,31548,no_LCRF,random_history_mask,1.0,0.1341746598482132,2.008612896057817,53,34,student_concept_state_buffers
assist_17,31586,no_LCRF,original,1.0,0.4678727388381958,0.7595589456023597,64,,student_concept_state_buffers
assist_17,31586,no_LCRF,target_concept_mask,1.0,0.4678727388381958,0.7595589456023597,64,64,student_concept_state_buffers
assist_17,31586,no_LCRF,random_history_mask,1.0,0.4678727388381958,0.7595589456023597,64,6,student_concept_state_buffers
assist_17,32180,no_LCRF,original,0.0,0.6975696682929993,1.1959043364429038,57,,student_concept_state_buffers
assist_17,32180,no_LCRF,target_concept_mask,0.0,0.6975696682929993,1.1959043364429038,57,57,student_concept_state_buffers
assist_17,32180,no_LCRF,random_history_mask,0.0,0.6975696682929993,1.1959043364429038,57,60,student_concept_state_buffers
assist_17,32446,no_LCRF,original,0.0,0.3385080397129059,0.4132574492619909,59,,student_concept_state_buffers
assist_17,32446,no_LCRF,target_concept_mask,0.0,0.3385080397129059,0.4132574492619909,59,59,student_concept_state_buffers
assist_17,32446,no_LCRF,random_history_mask,0.0,0.3385080397129059,0.4132574492619909,59,33,student_concept_state_buffers
assist_17,32472,no_LCRF,original,1.0,0.5289210677146912,0.6369160686260161,11,,student_concept_state_buffers
assist_17,32472,no_LCRF,target_concept_mask,1.0,0.5289210677146912,0.6369160686260161,11,11,student_concept_state_buffers
assist_17,32472,no_LCRF,random_history_mask,1.0,0.5289210677146912,0.6369160686260161,11,24,student_concept_state_buffers
assist_17,32507,no_LCRF,original,0.0,0.32385098934173584,0.39134179726244234,11,,student_concept_state_buffers
assist_17,32507,no_LCRF,target_concept_mask,0.0,0.32385098934173584,0.39134179726244234,11,11,student_concept_state_buffers
assist_17,32507,no_LCRF,random_history_mask,0.0,0.32385098934173584,0.39134179726244234,11,3,student_concept_state_buffers
assist_17,32624,no_LCRF,original,1.0,0.1950157731771469,1.6346748356017224,87,,student_concept_state_buffers
assist_17,32624,no_LCRF,target_concept_mask,1.0,0.1950157731771469,1.6346748356017224,87,87,student_concept_state_buffers
assist_17,32624,no_LCRF,random_history_mask,1.0,0.1950157731771469,1.6346748356017224,87,62,student_concept_state_buffers
assist_17,32669,no_LCRF,original,0.0,0.15327733755111694,0.16638207307395367,26,,student_concept_state_buffers
assist_17,32669,no_LCRF,target_concept_mask,0.0,0.15327733755111694,0.16638207307395367,26,26,student_concept_state_buffers
assist_17,32669,no_LCRF,random_history_mask,0.0,0.15327733755111694,0.16638207307395367,26,5,student_concept_state_buffers
assist_17,32724,no_LCRF,original,1.0,0.32046908140182495,1.1379694771600326,7,,student_concept_state_buffers
assist_17,32724,no_LCRF,target_concept_mask,1.0,0.32046908140182495,1.1379694771600326,7,7,student_concept_state_buffers
assist_17,32724,no_LCRF,random_history_mask,1.0,0.32046908140182495,1.1379694771600326,7,34,student_concept_state_buffers
assist_17,32901,no_LCRF,original,1.0,0.6983965039253235,0.3589682803035758,32,,student_concept_state_buffers
assist_17,32901,no_LCRF,target_concept_mask,1.0,0.6983965039253235,0.3589682803035758,32,32,student_concept_state_buffers
assist_17,32901,no_LCRF,random_history_mask,1.0,0.6983965039253235,0.3589682803035758,32,14,student_concept_state_buffers
assist_17,33068,no_LCRF,original,1.0,0.8168805837631226,0.2022623591098007,38,,student_concept_state_buffers
assist_17,33068,no_LCRF,target_concept_mask,1.0,0.8168805837631226,0.2022623591098007,38,38,student_concept_state_buffers
assist_17,33068,no_LCRF,random_history_mask,1.0,0.8168805837631226,0.2022623591098007,38,39,student_concept_state_buffers
assist_17,33128,no_LCRF,original,1.0,0.3297864496707916,1.1093099562052857,56,,student_concept_state_buffers
assist_17,33128,no_LCRF,target_concept_mask,1.0,0.3297864496707916,1.1093099562052857,56,56,student_concept_state_buffers
assist_17,33128,no_LCRF,random_history_mask,1.0,0.3297864496707916,1.1093099562052857,56,69,student_concept_state_buffers
assist_17,33181,no_LCRF,original,0.0,0.09791489690542221,0.10304641404133116,14,,student_concept_state_buffers
assist_17,33181,no_LCRF,target_concept_mask,0.0,0.09791489690542221,0.10304641404133116,14,14,student_concept_state_buffers
assist_17,33181,no_LCRF,random_history_mask,0.0,0.09791489690542221,0.10304641404133116,14,24,student_concept_state_buffers
assist_17,33655,no_LCRF,original,0.0,0.47535398602485657,0.6450315029003719,51,,student_concept_state_buffers
assist_17,33655,no_LCRF,target_concept_mask,0.0,0.47535398602485657,0.6450315029003719,51,51,student_concept_state_buffers
assist_17,33655,no_LCRF,random_history_mask,0.0,0.47535398602485657,0.6450315029003719,51,32,student_concept_state_buffers
assist_17,33819,no_LCRF,original,1.0,0.7692440152168274,0.26234704483387417,7,,student_concept_state_buffers
assist_17,33819,no_LCRF,target_concept_mask,1.0,0.7692440152168274,0.26234704483387417,7,7,student_concept_state_buffers
assist_17,33819,no_LCRF,random_history_mask,1.0,0.7692440152168274,0.26234704483387417,7,43,student_concept_state_buffers
assist_17,34039,no_LCRF,original,0.0,0.538438081741333,0.7731390666311427,7,,student_concept_state_buffers
assist_17,34039,no_LCRF,target_concept_mask,0.0,0.538438081741333,0.7731390666311427,7,7,student_concept_state_buffers
assist_17,34039,no_LCRF,random_history_mask,0.0,0.538438081741333,0.7731390666311427,7,62,student_concept_state_buffers
assist_17,34066,no_LCRF,original,1.0,0.5492310523986816,0.5992360655383473,11,,student_concept_state_buffers
assist_17,34066,no_LCRF,target_concept_mask,1.0,0.5492310523986816,0.5992360655383473,11,11,student_concept_state_buffers
assist_17,34066,no_LCRF,random_history_mask,1.0,0.5492310523986816,0.5992360655383473,11,66,student_concept_state_buffers
assist_17,34256,no_LCRF,original,1.0,0.5521031618118286,0.594020362826036,20,,student_concept_state_buffers
assist_17,34256,no_LCRF,target_concept_mask,1.0,0.5521031618118286,0.594020362826036,20,20,student_concept_state_buffers
assist_17,34256,no_LCRF,random_history_mask,1.0,0.5521031618118286,0.594020362826036,20,30,student_concept_state_buffers
assist_17,34448,no_LCRF,original,0.0,0.05413408949971199,0.05565446363404116,69,,student_concept_state_buffers
assist_17,34448,no_LCRF,target_concept_mask,0.0,0.05413408949971199,0.05565446363404116,69,69,student_concept_state_buffers
assist_17,34448,no_LCRF,random_history_mask,0.0,0.05413408949971199,0.05565446363404116,69,10,student_concept_state_buffers
assist_17,34580,no_LCRF,original,0.0,0.5781379342079163,0.8630768766885443,41,,student_concept_state_buffers
assist_17,34580,no_LCRF,target_concept_mask,0.0,0.5781379342079163,0.8630768766885443,41,41,student_concept_state_buffers
assist_17,34580,no_LCRF,random_history_mask,0.0,0.5781379342079163,0.8630768766885443,41,31,student_concept_state_buffers
assist_17,34797,no_LCRF,original,0.0,0.07829488813877106,0.08152994187526724,5,,student_concept_state_buffers
assist_17,34797,no_LCRF,target_concept_mask,0.0,0.07829488813877106,0.08152994187526724,5,5,student_concept_state_buffers
assist_17,34797,no_LCRF,random_history_mask,0.0,0.07829488813877106,0.08152994187526724,5,6,student_concept_state_buffers
assist_17,34811,no_LCRF,original,0.0,0.2953261137008667,0.3500201558149323,20,,student_concept_state_buffers
assist_17,34811,no_LCRF,target_concept_mask,0.0,0.2953261137008667,0.3500201558149323,20,20,student_concept_state_buffers
assist_17,34811,no_LCRF,random_history_mask,0.0,0.2953261137008667,0.3500201558149323,20,7,student_concept_state_buffers
assist_17,34845,no_LCRF,original,1.0,0.6628519296646118,0.41120364757818806,32,,student_concept_state_buffers
assist_17,34845,no_LCRF,target_concept_mask,1.0,0.6628519296646118,0.41120364757818806,32,32,student_concept_state_buffers
assist_17,34845,no_LCRF,random_history_mask,1.0,0.6628519296646118,0.41120364757818806,32,63,student_concept_state_buffers
assist_17,35203,no_LCRF,original,0.0,0.7245402336120605,1.2893136995731067,38,,student_concept_state_buffers
assist_17,35203,no_LCRF,target_concept_mask,0.0,0.7245402336120605,1.2893136995731067,38,38,student_concept_state_buffers
assist_17,35203,no_LCRF,random_history_mask,0.0,0.7245402336120605,1.2893136995731067,38,5,student_concept_state_buffers
assist_17,35319,no_LCRF,original,1.0,0.8234981298446655,0.19419400035103343,7,,student_concept_state_buffers
assist_17,35319,no_LCRF,target_concept_mask,1.0,0.8234981298446655,0.19419400035103343,7,7,student_concept_state_buffers
assist_17,35319,no_LCRF,random_history_mask,1.0,0.8234981298446655,0.19419400035103343,7,11,student_concept_state_buffers
assist_17,35364,no_LCRF,original,0.0,0.11283750087022781,0.11972711262903697,0,,student_concept_state_buffers
assist_17,35364,no_LCRF,target_concept_mask,0.0,0.11283750087022781,0.11972711262903697,0,0,student_concept_state_buffers
assist_17,35364,no_LCRF,random_history_mask,0.0,0.11283750087022781,0.11972711262903697,0,12,student_concept_state_buffers
assist_17,35434,no_LCRF,original,0.0,0.029329685494303703,0.02976840026480832,5,,student_concept_state_buffers
assist_17,35434,no_LCRF,target_concept_mask,0.0,0.029329685494303703,0.02976840026480832,5,5,student_concept_state_buffers
assist_17,35434,no_LCRF,random_history_mask,0.0,0.029329685494303703,0.02976840026480832,5,51,student_concept_state_buffers
assist_17,36007,no_LCRF,original,0.0,0.35962221026420593,0.44569698032266536,20,,student_concept_state_buffers
assist_17,36007,no_LCRF,target_concept_mask,0.0,0.35962221026420593,0.44569698032266536,20,20,student_concept_state_buffers
assist_17,36007,no_LCRF,random_history_mask,0.0,0.35962221026420593,0.44569698032266536,20,14,student_concept_state_buffers
assist_17,36100,no_LCRF,original,0.0,0.6999234557151794,1.2037176892544847,20,,student_concept_state_buffers
assist_17,36100,no_LCRF,target_concept_mask,0.0,0.6999234557151794,1.2037176892544847,20,20,student_concept_state_buffers
assist_17,36100,no_LCRF,random_history_mask,0.0,0.6999234557151794,1.2037176892544847,20,46,student_concept_state_buffers
assist_17,36155,no_LCRF,original,0.0,0.5547205805778503,0.8090532850543337,58,,student_concept_state_buffers
assist_17,36155,no_LCRF,target_concept_mask,0.0,0.5547205805778503,0.8090532850543337,58,58,student_concept_state_buffers
assist_17,36155,no_LCRF,random_history_mask,0.0,0.5547205805778503,0.8090532850543337,58,14,student_concept_state_buffers
assist_17,36351,no_LCRF,original,1.0,0.7283791303634644,0.31693358287980017,50,,student_concept_state_buffers
assist_17,36351,no_LCRF,target_concept_mask,1.0,0.7283791303634644,0.31693358287980017,50,50,student_concept_state_buffers
assist_17,36351,no_LCRF,random_history_mask,1.0,0.7283791303634644,0.31693358287980017,50,5,student_concept_state_buffers
assist_17,36477,no_LCRF,original,0.0,0.20551669597625732,0.23006330767080138,0,,student_concept_state_buffers
assist_17,36477,no_LCRF,target_concept_mask,0.0,0.20551669597625732,0.23006330767080138,0,0,student_concept_state_buffers
assist_17,36477,no_LCRF,random_history_mask,0.0,0.20551669597625732,0.23006330767080138,0,79,student_concept_state_buffers
assist_17,36781,no_LCRF,original,0.0,0.11273737996816635,0.11961426379581597,79,,student_concept_state_buffers
assist_17,36781,no_LCRF,target_concept_mask,0.0,0.11273737996816635,0.11961426379581597,79,79,student_concept_state_buffers
assist_17,36781,no_LCRF,random_history_mask,0.0,0.11273737996816635,0.11961426379581597,79,5,student_concept_state_buffers
assist_17,36899,no_LCRF,original,1.0,0.5920515656471252,0.5241615437578186,32,,student_concept_state_buffers
assist_17,36899,no_LCRF,target_concept_mask,1.0,0.5920515656471252,0.5241615437578186,32,32,student_concept_state_buffers
assist_17,36899,no_LCRF,random_history_mask,1.0,0.5920515656471252,0.5241615437578186,32,28,student_concept_state_buffers
assist_17,36920,no_LCRF,original,1.0,0.41938912868499756,0.8689560819637766,13,,student_concept_state_buffers
assist_17,36920,no_LCRF,target_concept_mask,1.0,0.41938912868499756,0.8689560819637766,13,13,student_concept_state_buffers
assist_17,36920,no_LCRF,random_history_mask,1.0,0.41938912868499756,0.8689560819637766,13,50,student_concept_state_buffers
assist_17,37714,no_LCRF,original,0.0,0.13494665920734406,0.1449641082952565,63,,student_concept_state_buffers
assist_17,37714,no_LCRF,target_concept_mask,0.0,0.13494665920734406,0.1449641082952565,63,63,student_concept_state_buffers
assist_17,37714,no_LCRF,random_history_mask,0.0,0.13494665920734406,0.1449641082952565,63,66,student_concept_state_buffers
assist_17,37853,no_LCRF,original,0.0,0.025012366473674774,0.025330491627470295,43,,student_concept_state_buffers
assist_17,37853,no_LCRF,target_concept_mask,0.0,0.025012366473674774,0.025330491627470295,43,43,student_concept_state_buffers
assist_17,37853,no_LCRF,random_history_mask,0.0,0.025012366473674774,0.025330491627470295,43,35,student_concept_state_buffers
assist_17,38119,no_LCRF,original,0.0,0.06346174329519272,0.06556490720645997,3,,student_concept_state_buffers
assist_17,38119,no_LCRF,target_concept_mask,0.0,0.06346174329519272,0.06556490720645997,3,3,student_concept_state_buffers
assist_17,38119,no_LCRF,random_history_mask,0.0,0.06346174329519272,0.06556490720645997,3,0,student_concept_state_buffers
assist_17,38177,no_LCRF,original,1.0,0.4345323145389557,0.8334849652608782,32,,student_concept_state_buffers
assist_17,38177,no_LCRF,target_concept_mask,1.0,0.4345323145389557,0.8334849652608782,32,32,student_concept_state_buffers
assist_17,38177,no_LCRF,random_history_mask,1.0,0.4345323145389557,0.8334849652608782,32,12,student_concept_state_buffers
assist_17,38311,no_LCRF,original,1.0,0.7509298920631409,0.28644298435441795,20,,student_concept_state_buffers
assist_17,38311,no_LCRF,target_concept_mask,1.0,0.7509298920631409,0.28644298435441795,20,20,student_concept_state_buffers
assist_17,38311,no_LCRF,random_history_mask,1.0,0.7509298920631409,0.28644298435441795,20,36,student_concept_state_buffers
assist_17,38453,no_LCRF,original,1.0,0.8455416560173035,0.1677778439478371,34,,student_concept_state_buffers
assist_17,38453,no_LCRF,target_concept_mask,1.0,0.8455416560173035,0.1677778439478371,34,34,student_concept_state_buffers
assist_17,38453,no_LCRF,random_history_mask,1.0,0.8455416560173035,0.1677778439478371,34,74,student_concept_state_buffers
assist_17,38625,no_LCRF,original,0.0,0.42413824796676636,0.5518876609253666,56,,student_concept_state_buffers
assist_17,38625,no_LCRF,target_concept_mask,0.0,0.42413824796676636,0.5518876609253666,56,56,student_concept_state_buffers
assist_17,38625,no_LCRF,random_history_mask,0.0,0.42413824796676636,0.5518876609253666,56,31,student_concept_state_buffers
assist_17,38982,no_LCRF,original,1.0,0.22510169446468353,1.4912030034892376,20,,student_concept_state_buffers
assist_17,38982,no_LCRF,target_concept_mask,1.0,0.22510169446468353,1.4912030034892376,20,20,student_concept_state_buffers
assist_17,38982,no_LCRF,random_history_mask,1.0,0.22510169446468353,1.4912030034892376,20,46,student_concept_state_buffers
assist_17,39222,no_LCRF,original,1.0,0.3104657530784607,1.1696816797352643,79,,student_concept_state_buffers
assist_17,39222,no_LCRF,target_concept_mask,1.0,0.3104657530784607,1.1696816797352643,79,79,student_concept_state_buffers
assist_17,39222,no_LCRF,random_history_mask,1.0,0.3104657530784607,1.1696816797352643,79,28,student_concept_state_buffers
assist_17,39451,no_LCRF,original,0.0,0.030095573514699936,0.03055774173564628,5,,student_concept_state_buffers
assist_17,39451,no_LCRF,target_concept_mask,0.0,0.030095573514699936,0.03055774173564628,5,5,student_concept_state_buffers
assist_17,39451,no_LCRF,random_history_mask,0.0,0.030095573514699936,0.03055774173564628,5,34,student_concept_state_buffers
assist_17,39601,no_LCRF,original,1.0,0.4917868375778198,0.7097099133283924,0,,student_concept_state_buffers
assist_17,39601,no_LCRF,target_concept_mask,1.0,0.4917868375778198,0.7097099133283924,0,0,student_concept_state_buffers
assist_17,39601,no_LCRF,random_history_mask,1.0,0.4917868375778198,0.7097099133283924,0,12,student_concept_state_buffers
assist_17,39839,no_LCRF,original,0.0,0.5336157083511353,0.7627453245111843,57,,student_concept_state_buffers
assist_17,39839,no_LCRF,target_concept_mask,0.0,0.5336157083511353,0.7627453245111843,57,57,student_concept_state_buffers
assist_17,39839,no_LCRF,random_history_mask,0.0,0.5336157083511353,0.7627453245111843,57,11,student_concept_state_buffers
assist_17,40066,no_LCRF,original,1.0,0.5603248476982117,0.5792385782619318,35,,student_concept_state_buffers
assist_17,40066,no_LCRF,target_concept_mask,1.0,0.5603248476982117,0.5792385782619318,35,35,student_concept_state_buffers
assist_17,40066,no_LCRF,random_history_mask,1.0,0.5603248476982117,0.5792385782619318,35,47,student_concept_state_buffers
assist_17,40161,no_LCRF,original,0.0,0.0023136595264077187,0.0023163401721423304,58,,student_concept_state_buffers
assist_17,40161,no_LCRF,target_concept_mask,0.0,0.0023136595264077187,0.0023163401721423304,58,58,student_concept_state_buffers
assist_17,40161,no_LCRF,random_history_mask,0.0,0.0023136595264077187,0.0023163401721423304,58,91,student_concept_state_buffers
assist_17,40248,no_LCRF,original,1.0,0.7148450016975403,0.33568954063109363,7,,student_concept_state_buffers
assist_17,40248,no_LCRF,target_concept_mask,1.0,0.7148450016975403,0.33568954063109363,7,7,student_concept_state_buffers
assist_17,40248,no_LCRF,random_history_mask,1.0,0.7148450016975403,0.33568954063109363,7,44,student_concept_state_buffers
assist_17,40542,no_LCRF,original,0.0,0.07696781307458878,0.08009117301209981,59,,student_concept_state_buffers
assist_17,40542,no_LCRF,target_concept_mask,0.0,0.07696781307458878,0.08009117301209981,59,59,student_concept_state_buffers
assist_17,40542,no_LCRF,random_history_mask,0.0,0.07696781307458878,0.08009117301209981,59,37,student_concept_state_buffers
assist_17,40956,no_LCRF,original,0.0,0.23287077248096466,0.26510000742733353,57,,student_concept_state_buffers
assist_17,40956,no_LCRF,target_concept_mask,0.0,0.23287077248096466,0.26510000742733353,57,57,student_concept_state_buffers
assist_17,40956,no_LCRF,random_history_mask,0.0,0.23287077248096466,0.26510000742733353,57,70,student_concept_state_buffers
assist_17,41014,no_LCRF,original,1.0,0.9177090525627136,0.08587487480273474,50,,student_concept_state_buffers
assist_17,41014,no_LCRF,target_concept_mask,1.0,0.9177090525627136,0.08587487480273474,50,50,student_concept_state_buffers
assist_17,41014,no_LCRF,random_history_mask,1.0,0.9177090525627136,0.08587487480273474,50,12,student_concept_state_buffers
assist_17,41099,no_LCRF,original,0.0,0.07480008155107498,0.0777454367691229,64,,student_concept_state_buffers
assist_17,41099,no_LCRF,target_concept_mask,0.0,0.07480008155107498,0.0777454367691229,64,64,student_concept_state_buffers
assist_17,41099,no_LCRF,random_history_mask,0.0,0.07480008155107498,0.0777454367691229,64,2,student_concept_state_buffers
assist_17,41114,no_LCRF,original,0.0,0.3125797510147095,0.37480945764604334,20,,student_concept_state_buffers
assist_17,41114,no_LCRF,target_concept_mask,0.0,0.3125797510147095,0.37480945764604334,20,20,student_concept_state_buffers
assist_17,41114,no_LCRF,random_history_mask,0.0,0.3125797510147095,0.37480945764604334,20,72,student_concept_state_buffers
assist_17,41240,no_LCRF,original,1.0,0.39233988523483276,0.9356267606955124,57,,student_concept_state_buffers
assist_17,41240,no_LCRF,target_concept_mask,1.0,0.39233988523483276,0.9356267606955124,57,57,student_concept_state_buffers
assist_17,41240,no_LCRF,random_history_mask,1.0,0.39233988523483276,0.9356267606955124,57,27,student_concept_state_buffers
assist_17,41288,no_LCRF,original,0.0,0.37276196479797363,0.4664291689242692,44,,student_concept_state_buffers
assist_17,41288,no_LCRF,target_concept_mask,0.0,0.37276196479797363,0.4664291689242692,44,44,student_concept_state_buffers
assist_17,41288,no_LCRF,random_history_mask,0.0,0.37276196479797363,0.4664291689242692,44,7,student_concept_state_buffers
assist_17,41330,no_LCRF,original,0.0,0.004542403854429722,0.004552751919435831,24,,student_concept_state_buffers
assist_17,41330,no_LCRF,target_concept_mask,0.0,0.004542403854429722,0.004552751919435831,24,24,student_concept_state_buffers
assist_17,41330,no_LCRF,random_history_mask,0.0,0.004542403854429722,0.004552751919435831,24,14,student_concept_state_buffers
assist_17,41339,no_LCRF,original,0.0,0.017792070284485817,0.017952251987149233,30,,student_concept_state_buffers
assist_17,41339,no_LCRF,target_concept_mask,0.0,0.017792070284485817,0.017952251987149233,30,30,student_concept_state_buffers
assist_17,41339,no_LCRF,random_history_mask,0.0,0.017792070284485817,0.017952251987149233,30,26,student_concept_state_buffers
assist_17,41763,no_LCRF,original,1.0,0.33418628573417664,1.0960566997664485,36,,student_concept_state_buffers
assist_17,41763,no_LCRF,target_concept_mask,1.0,0.33418628573417664,1.0960566997664485,36,36,student_concept_state_buffers
assist_17,41763,no_LCRF,random_history_mask,1.0,0.33418628573417664,1.0960566997664485,36,11,student_concept_state_buffers
assist_17,42020,no_LCRF,original,0.0,0.146898552775383,0.15887680863871123,45,,student_concept_state_buffers
assist_17,42020,no_LCRF,target_concept_mask,0.0,0.146898552775383,0.15887680863871123,45,45,student_concept_state_buffers
assist_17,42020,no_LCRF,random_history_mask,0.0,0.146898552775383,0.15887680863871123,45,33,student_concept_state_buffers
assist_17,42155,no_LCRF,original,1.0,0.3509102463722229,1.0472247965564687,58,,student_concept_state_buffers
assist_17,42155,no_LCRF,target_concept_mask,1.0,0.3509102463722229,1.0472247965564687,58,58,student_concept_state_buffers
assist_17,42155,no_LCRF,random_history_mask,1.0,0.3509102463722229,1.0472247965564687,58,61,student_concept_state_buffers
assist_17,42241,no_LCRF,original,1.0,0.6705425381660461,0.39966813581783805,71,,student_concept_state_buffers
assist_17,42241,no_LCRF,target_concept_mask,1.0,0.6705425381660461,0.39966813581783805,71,71,student_concept_state_buffers
assist_17,42241,no_LCRF,random_history_mask,1.0,0.6705425381660461,0.39966813581783805,71,67,student_concept_state_buffers
assist_17,42456,no_LCRF,original,1.0,0.9431188106536865,0.05856301207539563,53,,student_concept_state_buffers
assist_17,42456,no_LCRF,target_concept_mask,1.0,0.9431188106536865,0.05856301207539563,53,53,student_concept_state_buffers
assist_17,42456,no_LCRF,random_history_mask,1.0,0.9431188106536865,0.05856301207539563,53,4,student_concept_state_buffers
assist_17,42604,no_LCRF,original,0.0,0.05152691900730133,0.052901870618451884,20,,student_concept_state_buffers
assist_17,42604,no_LCRF,target_concept_mask,0.0,0.05152691900730133,0.052901870618451884,20,20,student_concept_state_buffers
assist_17,42604,no_LCRF,random_history_mask,0.0,0.05152691900730133,0.052901870618451884,20,51,student_concept_state_buffers
assist_17,42647,no_LCRF,original,0.0,0.5401936173439026,0.7769497853746787,43,,student_concept_state_buffers
assist_17,42647,no_LCRF,target_concept_mask,0.0,0.5401936173439026,0.7769497853746787,43,43,student_concept_state_buffers
assist_17,42647,no_LCRF,random_history_mask,0.0,0.5401936173439026,0.7769497853746787,43,11,student_concept_state_buffers
assist_17,42814,no_LCRF,original,0.0,0.2044050097465515,0.22866502883782056,57,,student_concept_state_buffers
assist_17,42814,no_LCRF,target_concept_mask,0.0,0.2044050097465515,0.22866502883782056,57,57,student_concept_state_buffers
assist_17,42814,no_LCRF,random_history_mask,0.0,0.2044050097465515,0.22866502883782056,57,74,student_concept_state_buffers
assist_17,42967,no_LCRF,original,0.0,0.14093616604804993,0.15191204782412693,32,,student_concept_state_buffers
assist_17,42967,no_LCRF,target_concept_mask,0.0,0.14093616604804993,0.15191204782412693,32,32,student_concept_state_buffers
assist_17,42967,no_LCRF,random_history_mask,0.0,0.14093616604804993,0.15191204782412693,32,71,student_concept_state_buffers
assist_17,43145,no_LCRF,original,0.0,0.2948817014694214,0.3493896909124479,5,,student_concept_state_buffers
assist_17,43145,no_LCRF,target_concept_mask,0.0,0.2948817014694214,0.3493896909124479,5,5,student_concept_state_buffers
assist_17,43145,no_LCRF,random_history_mask,0.0,0.2948817014694214,0.3493896909124479,5,3,student_concept_state_buffers
assist_17,43311,no_LCRF,original,0.0,0.22293858230113983,0.25223588708087624,50,,student_concept_state_buffers
assist_17,43311,no_LCRF,target_concept_mask,0.0,0.22293858230113983,0.25223588708087624,50,50,student_concept_state_buffers
assist_17,43311,no_LCRF,random_history_mask,0.0,0.22293858230113983,0.25223588708087624,50,26,student_concept_state_buffers
assist_17,43513,no_LCRF,original,1.0,0.240585058927536,1.4246815765903436,85,,student_concept_state_buffers
assist_17,43513,no_LCRF,target_concept_mask,1.0,0.240585058927536,1.4246815765903436,85,85,student_concept_state_buffers
assist_17,43513,no_LCRF,random_history_mask,1.0,0.240585058927536,1.4246815765903436,85,13,student_concept_state_buffers
assist_17,43802,no_LCRF,original,0.0,0.032266631722450256,0.032798675642042224,44,,student_concept_state_buffers
assist_17,43802,no_LCRF,target_concept_mask,0.0,0.032266631722450256,0.032798675642042224,44,44,student_concept_state_buffers
assist_17,43802,no_LCRF,random_history_mask,0.0,0.032266631722450256,0.032798675642042224,44,37,student_concept_state_buffers
assist_17,43835,no_LCRF,original,1.0,0.8498998880386353,0.162636715212316,32,,student_concept_state_buffers
assist_17,43835,no_LCRF,target_concept_mask,1.0,0.8498998880386353,0.162636715212316,32,32,student_concept_state_buffers
assist_17,43835,no_LCRF,random_history_mask,1.0,0.8498998880386353,0.162636715212316,32,5,student_concept_state_buffers
assist_17,44108,no_LCRF,original,0.0,0.3002628982067108,0.35705058334911216,4,,student_concept_state_buffers
assist_17,44108,no_LCRF,target_concept_mask,0.0,0.3002628982067108,0.35705058334911216,4,4,student_concept_state_buffers
assist_17,44108,no_LCRF,random_history_mask,0.0,0.3002628982067108,0.35705058334911216,4,71,student_concept_state_buffers
assist_17,44292,no_LCRF,original,1.0,0.2369256615638733,1.440008851337392,20,,student_concept_state_buffers
assist_17,44292,no_LCRF,target_concept_mask,1.0,0.2369256615638733,1.440008851337392,20,20,student_concept_state_buffers
assist_17,44292,no_LCRF,random_history_mask,1.0,0.2369256615638733,1.440008851337392,20,26,student_concept_state_buffers
assist_17,44539,no_LCRF,original,0.0,0.04237270727753639,0.04329662397236102,13,,student_concept_state_buffers
assist_17,44539,no_LCRF,target_concept_mask,0.0,0.04237270727753639,0.04329662397236102,13,13,student_concept_state_buffers
assist_17,44539,no_LCRF,random_history_mask,0.0,0.04237270727753639,0.04329662397236102,13,20,student_concept_state_buffers
assist_17,44674,no_LCRF,original,1.0,0.4272729456424713,0.8503322530043639,43,,student_concept_state_buffers
assist_17,44674,no_LCRF,target_concept_mask,1.0,0.4272729456424713,0.8503322530043639,43,43,student_concept_state_buffers
assist_17,44674,no_LCRF,random_history_mask,1.0,0.4272729456424713,0.8503322530043639,43,77,student_concept_state_buffers
assist_17,44696,no_LCRF,original,0.0,0.37087735533714294,0.4634290577227709,14,,student_concept_state_buffers
assist_17,44696,no_LCRF,target_concept_mask,0.0,0.37087735533714294,0.4634290577227709,14,14,student_concept_state_buffers
assist_17,44696,no_LCRF,random_history_mask,0.0,0.37087735533714294,0.4634290577227709,14,61,student_concept_state_buffers
assist_17,44960,no_LCRF,original,0.0,0.7747620940208435,1.4905980754816075,24,,student_concept_state_buffers
assist_17,44960,no_LCRF,target_concept_mask,0.0,0.7747620940208435,1.4905980754816075,24,24,student_concept_state_buffers
assist_17,44960,no_LCRF,random_history_mask,0.0,0.7747620940208435,1.4905980754816075,24,90,student_concept_state_buffers
assist_17,45018,no_LCRF,original,1.0,0.8780546188354492,0.13004647904104222,38,,student_concept_state_buffers
assist_17,45018,no_LCRF,target_concept_mask,1.0,0.8780546188354492,0.13004647904104222,38,38,student_concept_state_buffers
assist_17,45018,no_LCRF,random_history_mask,1.0,0.8780546188354492,0.13004647904104222,38,88,student_concept_state_buffers
assist_17,45058,no_LCRF,original,1.0,0.7857003211975098,0.2411798299961813,69,,student_concept_state_buffers
assist_17,45058,no_LCRF,target_concept_mask,1.0,0.7857003211975098,0.2411798299961813,69,69,student_concept_state_buffers
assist_17,45058,no_LCRF,random_history_mask,1.0,0.7857003211975098,0.2411798299961813,69,3,student_concept_state_buffers
assist_17,45530,no_LCRF,original,0.0,0.20042231678962708,0.22367158668738657,5,,student_concept_state_buffers
assist_17,45530,no_LCRF,target_concept_mask,0.0,0.20042231678962708,0.22367158668738657,5,5,student_concept_state_buffers
assist_17,45530,no_LCRF,random_history_mask,0.0,0.20042231678962708,0.22367158668738657,5,68,student_concept_state_buffers
assist_17,45549,no_LCRF,original,1.0,0.29233479499816895,1.2298555752968272,10,,student_concept_state_buffers
assist_17,45549,no_LCRF,target_concept_mask,1.0,0.29233479499816895,1.2298555752968272,10,10,student_concept_state_buffers
assist_17,45549,no_LCRF,random_history_mask,1.0,0.29233479499816895,1.2298555752968272,10,57,student_concept_state_buffers
assist_17,45745,no_LCRF,original,1.0,0.596099853515625,0.5173470864942079,59,,student_concept_state_buffers
assist_17,45745,no_LCRF,target_concept_mask,1.0,0.596099853515625,0.5173470864942079,59,59,student_concept_state_buffers
assist_17,45745,no_LCRF,random_history_mask,1.0,0.596099853515625,0.5173470864942079,59,62,student_concept_state_buffers
assist_17,46152,no_LCRF,original,0.0,0.0421554297208786,0.043069758141766966,0,,student_concept_state_buffers
assist_17,46152,no_LCRF,target_concept_mask,0.0,0.0421554297208786,0.043069758141766966,0,0,student_concept_state_buffers
assist_17,46152,no_LCRF,random_history_mask,0.0,0.0421554297208786,0.043069758141766966,0,27,student_concept_state_buffers
assist_17,46231,no_LCRF,original,1.0,0.5150873064994812,0.6634188655030514,14,,student_concept_state_buffers
assist_17,46231,no_LCRF,target_concept_mask,1.0,0.5150873064994812,0.6634188655030514,14,14,student_concept_state_buffers
assist_17,46231,no_LCRF,random_history_mask,1.0,0.5150873064994812,0.6634188655030514,14,56,student_concept_state_buffers
assist_17,46626,no_LCRF,original,1.0,0.7845775485038757,0.24260986082911357,51,,student_concept_state_buffers
assist_17,46626,no_LCRF,target_concept_mask,1.0,0.7845775485038757,0.24260986082911357,51,51,student_concept_state_buffers
assist_17,46626,no_LCRF,random_history_mask,1.0,0.7845775485038757,0.24260986082911357,51,2,student_concept_state_buffers
assist_17,46666,no_LCRF,original,0.0,0.035781171172857285,0.03643700927435594,5,,student_concept_state_buffers
assist_17,46666,no_LCRF,target_concept_mask,0.0,0.035781171172857285,0.03643700927435594,5,5,student_concept_state_buffers
assist_17,46666,no_LCRF,random_history_mask,0.0,0.035781171172857285,0.03643700927435594,5,55,student_concept_state_buffers
assist_17,46697,no_LCRF,original,0.0,0.16563230752944946,0.18108109551960466,62,,student_concept_state_buffers
assist_17,46697,no_LCRF,target_concept_mask,0.0,0.16563230752944946,0.18108109551960466,62,62,student_concept_state_buffers
assist_17,46697,no_LCRF,random_history_mask,0.0,0.16563230752944946,0.18108109551960466,62,0,student_concept_state_buffers
assist_17,46784,no_LCRF,original,1.0,0.3377169370651245,1.0855471986726215,37,,student_concept_state_buffers
assist_17,46784,no_LCRF,target_concept_mask,1.0,0.3377169370651245,1.0855471986726215,37,37,student_concept_state_buffers
assist_17,46784,no_LCRF,random_history_mask,1.0,0.3377169370651245,1.0855471986726215,37,10,student_concept_state_buffers
assist_17,46838,no_LCRF,original,0.0,0.10763925313949585,0.11388480342826005,44,,student_concept_state_buffers
assist_17,46838,no_LCRF,target_concept_mask,0.0,0.10763925313949585,0.11388480342826005,44,44,student_concept_state_buffers
assist_17,46838,no_LCRF,random_history_mask,0.0,0.10763925313949585,0.11388480342826005,44,48,student_concept_state_buffers
assist_17,47537,no_LCRF,original,1.0,0.3364214301109314,1.0893906486587133,31,,student_concept_state_buffers
assist_17,47537,no_LCRF,target_concept_mask,1.0,0.3364214301109314,1.0893906486587133,31,31,student_concept_state_buffers
assist_17,47537,no_LCRF,random_history_mask,1.0,0.3364214301109314,1.0893906486587133,31,77,student_concept_state_buffers
assist_17,47664,no_LCRF,original,0.0,0.35610896348953247,0.4402257651584865,33,,student_concept_state_buffers
assist_17,47664,no_LCRF,target_concept_mask,0.0,0.35610896348953247,0.4402257651584865,33,33,student_concept_state_buffers
assist_17,47664,no_LCRF,random_history_mask,0.0,0.35610896348953247,0.4402257651584865,33,58,student_concept_state_buffers
assist_17,48022,no_LCRF,original,1.0,0.7738034129142761,0.2564374261357947,10,,student_concept_state_buffers
assist_17,48022,no_LCRF,target_concept_mask,1.0,0.7738034129142761,0.2564374261357947,10,10,student_concept_state_buffers
assist_17,48022,no_LCRF,random_history_mask,1.0,0.7738034129142761,0.2564374261357947,10,49,student_concept_state_buffers
assist_17,48076,no_LCRF,original,1.0,0.7163168787956238,0.33363264177557755,36,,student_concept_state_buffers
assist_17,48076,no_LCRF,target_concept_mask,1.0,0.7163168787956238,0.33363264177557755,36,36,student_concept_state_buffers
assist_17,48076,no_LCRF,random_history_mask,1.0,0.7163168787956238,0.33363264177557755,36,47,student_concept_state_buffers
assist_17,48156,no_LCRF,original,0.0,0.33212098479270935,0.4036482368079319,33,,student_concept_state_buffers
assist_17,48156,no_LCRF,target_concept_mask,0.0,0.33212098479270935,0.4036482368079319,33,33,student_concept_state_buffers
assist_17,48156,no_LCRF,random_history_mask,0.0,0.33212098479270935,0.4036482368079319,33,50,student_concept_state_buffers
assist_17,48247,no_LCRF,original,1.0,0.71877121925354,0.3302121648666476,20,,student_concept_state_buffers
assist_17,48247,no_LCRF,target_concept_mask,1.0,0.71877121925354,0.3302121648666476,20,20,student_concept_state_buffers
assist_17,48247,no_LCRF,random_history_mask,1.0,0.71877121925354,0.3302121648666476,20,37,student_concept_state_buffers
assist_17,48291,no_LCRF,original,1.0,0.29674816131591797,1.2148714415825985,36,,student_concept_state_buffers
assist_17,48291,no_LCRF,target_concept_mask,1.0,0.29674816131591797,1.2148714415825985,36,36,student_concept_state_buffers
assist_17,48291,no_LCRF,random_history_mask,1.0,0.29674816131591797,1.2148714415825985,36,91,student_concept_state_buffers
assist_17,48528,no_LCRF,original,1.0,0.5962285995483398,0.5171311291665364,46,,student_concept_state_buffers
assist_17,48528,no_LCRF,target_concept_mask,1.0,0.5962285995483398,0.5171311291665364,46,46,student_concept_state_buffers
assist_17,48528,no_LCRF,random_history_mask,1.0,0.5962285995483398,0.5171311291665364,46,60,student_concept_state_buffers
assist_17,48553,no_LCRF,original,1.0,0.697323203086853,0.36050626969305655,46,,student_concept_state_buffers
assist_17,48553,no_LCRF,target_concept_mask,1.0,0.697323203086853,0.36050626969305655,46,46,student_concept_state_buffers
assist_17,48553,no_LCRF,random_history_mask,1.0,0.697323203086853,0.36050626969305655,46,45,student_concept_state_buffers
assist_17,48619,no_LCRF,original,0.0,0.15895217657089233,0.17310675566861755,24,,student_concept_state_buffers
assist_17,48619,no_LCRF,target_concept_mask,0.0,0.15895217657089233,0.17310675566861755,24,24,student_concept_state_buffers
assist_17,48619,no_LCRF,random_history_mask,0.0,0.15895217657089233,0.17310675566861755,24,67,student_concept_state_buffers
assist_17,49015,no_LCRF,original,1.0,0.5328459739685059,0.629522876000081,25,,student_concept_state_buffers
assist_17,49015,no_LCRF,target_concept_mask,1.0,0.5328459739685059,0.629522876000081,25,25,student_concept_state_buffers
assist_17,49015,no_LCRF,random_history_mask,1.0,0.5328459739685059,0.629522876000081,25,32,student_concept_state_buffers
assist_17,49126,no_LCRF,original,1.0,0.4951614737510681,0.7028713600101122,10,,student_concept_state_buffers
assist_17,49126,no_LCRF,target_concept_mask,1.0,0.4951614737510681,0.7028713600101122,10,10,student_concept_state_buffers
assist_17,49126,no_LCRF,random_history_mask,1.0,0.4951614737510681,0.7028713600101122,10,66,student_concept_state_buffers
assist_17,49196,no_LCRF,original,1.0,0.506248414516449,0.6807277923856524,4,,student_concept_state_buffers
assist_17,49196,no_LCRF,target_concept_mask,1.0,0.506248414516449,0.6807277923856524,4,4,student_concept_state_buffers
assist_17,49196,no_LCRF,random_history_mask,1.0,0.506248414516449,0.6807277923856524,4,67,student_concept_state_buffers
assist_17,49325,no_LCRF,original,1.0,0.5989421010017395,0.5125903449679947,14,,student_concept_state_buffers
assist_17,49325,no_LCRF,target_concept_mask,1.0,0.5989421010017395,0.5125903449679947,14,14,student_concept_state_buffers
assist_17,49325,no_LCRF,random_history_mask,1.0,0.5989421010017395,0.5125903449679947,14,59,student_concept_state_buffers
assist_17,49522,no_LCRF,original,0.0,0.7293144464492798,1.3067974507947422,32,,student_concept_state_buffers
assist_17,49522,no_LCRF,target_concept_mask,0.0,0.7293144464492798,1.3067974507947422,32,32,student_concept_state_buffers
assist_17,49522,no_LCRF,random_history_mask,0.0,0.7293144464492798,1.3067974507947422,32,27,student_concept_state_buffers
assist_17,49703,no_LCRF,original,1.0,0.4421882927417755,0.8160194859391671,63,,student_concept_state_buffers
assist_17,49703,no_LCRF,target_concept_mask,1.0,0.4421882927417755,0.8160194859391671,63,63,student_concept_state_buffers
assist_17,49703,no_LCRF,random_history_mask,1.0,0.4421882927417755,0.8160194859391671,63,31,student_concept_state_buffers
assist_17,49837,no_LCRF,original,0.0,0.40967857837677,0.5270881080101831,20,,student_concept_state_buffers
assist_17,49837,no_LCRF,target_concept_mask,0.0,0.40967857837677,0.5270881080101831,20,20,student_concept_state_buffers
assist_17,49837,no_LCRF,random_history_mask,0.0,0.40967857837677,0.5270881080101831,20,51,student_concept_state_buffers
assist_17,50003,no_LCRF,original,0.0,0.771806538105011,1.4775614927315222,59,,student_concept_state_buffers
assist_17,50003,no_LCRF,target_concept_mask,0.0,0.771806538105011,1.4775614927315222,59,59,student_concept_state_buffers
assist_17,50003,no_LCRF,random_history_mask,0.0,0.771806538105011,1.4775614927315222,59,64,student_concept_state_buffers
assist_17,50115,no_LCRF,original,1.0,0.5183529853820801,0.6570988298352151,14,,student_concept_state_buffers
assist_17,50115,no_LCRF,target_concept_mask,1.0,0.5183529853820801,0.6570988298352151,14,14,student_concept_state_buffers
assist_17,50115,no_LCRF,random_history_mask,1.0,0.5183529853820801,0.6570988298352151,14,62,student_concept_state_buffers
assist_17,50310,no_LCRF,original,0.0,0.09460856765508652,0.09938790686477623,69,,student_concept_state_buffers
assist_17,50310,no_LCRF,target_concept_mask,0.0,0.09460856765508652,0.09938790686477623,69,69,student_concept_state_buffers
assist_17,50310,no_LCRF,random_history_mask,0.0,0.09460856765508652,0.09938790686477623,69,50,student_concept_state_buffers
assist_17,50604,no_LCRF,original,1.0,0.41731777787208557,0.8739072901543194,79,,student_concept_state_buffers
assist_17,50604,no_LCRF,target_concept_mask,1.0,0.41731777787208557,0.8739072901543194,79,79,student_concept_state_buffers
assist_17,50604,no_LCRF,random_history_mask,1.0,0.41731777787208557,0.8739072901543194,79,4,student_concept_state_buffers
assist_17,50700,no_LCRF,original,0.0,0.09521879255771637,0.10006212424308925,57,,student_concept_state_buffers
assist_17,50700,no_LCRF,target_concept_mask,0.0,0.09521879255771637,0.10006212424308925,57,57,student_concept_state_buffers
assist_17,50700,no_LCRF,random_history_mask,0.0,0.09521879255771637,0.10006212424308925,57,51,student_concept_state_buffers
assist_17,51469,no_LCRF,original,1.0,0.8095083236694336,0.21132822343499708,14,,student_concept_state_buffers
assist_17,51469,no_LCRF,target_concept_mask,1.0,0.8095083236694336,0.21132822343499708,14,14,student_concept_state_buffers
assist_17,51469,no_LCRF,random_history_mask,1.0,0.8095083236694336,0.21132822343499708,14,56,student_concept_state_buffers
assist_17,51610,no_LCRF,original,0.0,0.04353020712733269,0.04450607149683922,8,,student_concept_state_buffers
assist_17,51610,no_LCRF,target_concept_mask,0.0,0.04353020712733269,0.04450607149683922,8,8,student_concept_state_buffers
assist_17,51610,no_LCRF,random_history_mask,0.0,0.04353020712733269,0.04450607149683922,8,7,student_concept_state_buffers
assist_17,51707,no_LCRF,original,0.0,0.18001620471477509,0.1984707007663928,57,,student_concept_state_buffers
assist_17,51707,no_LCRF,target_concept_mask,0.0,0.18001620471477509,0.1984707007663928,57,57,student_concept_state_buffers
assist_17,51707,no_LCRF,random_history_mask,0.0,0.18001620471477509,0.1984707007663928,57,14,student_concept_state_buffers
assist_17,51745,no_LCRF,original,1.0,0.8627594709396362,0.1476193394466178,44,,student_concept_state_buffers
assist_17,51745,no_LCRF,target_concept_mask,1.0,0.8627594709396362,0.1476193394466178,44,44,student_concept_state_buffers
assist_17,51745,no_LCRF,random_history_mask,1.0,0.8627594709396362,0.1476193394466178,44,64,student_concept_state_buffers
assist_17,51796,no_LCRF,original,1.0,0.22762955725193024,1.4800357202586452,34,,student_concept_state_buffers
assist_17,51796,no_LCRF,target_concept_mask,1.0,0.22762955725193024,1.4800357202586452,34,34,student_concept_state_buffers
assist_17,51796,no_LCRF,random_history_mask,1.0,0.22762955725193024,1.4800357202586452,34,79,student_concept_state_buffers
assist_17,51891,no_LCRF,original,0.0,0.6018162369728088,0.9208416641070803,13,,student_concept_state_buffers
assist_17,51891,no_LCRF,target_concept_mask,0.0,0.6018162369728088,0.9208416641070803,13,13,student_concept_state_buffers
assist_17,51891,no_LCRF,random_history_mask,0.0,0.6018162369728088,0.9208416641070803,13,59,student_concept_state_buffers
assist_17,51961,no_LCRF,original,1.0,0.4674745202064514,0.7604104339708855,20,,student_concept_state_buffers
assist_17,51961,no_LCRF,target_concept_mask,1.0,0.4674745202064514,0.7604104339708855,20,20,student_concept_state_buffers
assist_17,51961,no_LCRF,random_history_mask,1.0,0.4674745202064514,0.7604104339708855,20,27,student_concept_state_buffers
assist_17,51999,no_LCRF,original,0.0,0.3503919839859009,0.43138615028762295,65,,student_concept_state_buffers
assist_17,51999,no_LCRF,target_concept_mask,0.0,0.3503919839859009,0.43138615028762295,65,65,student_concept_state_buffers
assist_17,51999,no_LCRF,random_history_mask,0.0,0.3503919839859009,0.43138615028762295,65,66,student_concept_state_buffers
assist_17,52244,no_LCRF,original,0.0,0.37967854738235474,0.47751746333920525,20,,student_concept_state_buffers
assist_17,52244,no_LCRF,target_concept_mask,0.0,0.37967854738235474,0.47751746333920525,20,20,student_concept_state_buffers
assist_17,52244,no_LCRF,random_history_mask,0.0,0.37967854738235474,0.47751746333920525,20,0,student_concept_state_buffers
assist_17,52423,no_LCRF,original,0.0,0.3991459608078003,0.5094032371839144,14,,student_concept_state_buffers
assist_17,52423,no_LCRF,target_concept_mask,0.0,0.3991459608078003,0.5094032371839144,14,14,student_concept_state_buffers
assist_17,52423,no_LCRF,random_history_mask,0.0,0.3991459608078003,0.5094032371839144,14,85,student_concept_state_buffers
assist_17,52484,no_LCRF,original,1.0,0.6440958380699158,0.4399077470711655,20,,student_concept_state_buffers
assist_17,52484,no_LCRF,target_concept_mask,1.0,0.6440958380699158,0.4399077470711655,20,20,student_concept_state_buffers
assist_17,52484,no_LCRF,random_history_mask,1.0,0.6440958380699158,0.4399077470711655,20,33,student_concept_state_buffers
assist_17,52621,no_LCRF,original,0.0,0.07613535970449448,0.07918971125831015,57,,student_concept_state_buffers
assist_17,52621,no_LCRF,target_concept_mask,0.0,0.07613535970449448,0.07918971125831015,57,57,student_concept_state_buffers
assist_17,52621,no_LCRF,random_history_mask,0.0,0.07613535970449448,0.07918971125831015,57,45,student_concept_state_buffers
assist_17,52870,no_LCRF,original,0.0,0.0003355387889314443,0.0003355950946664074,20,,student_concept_state_buffers
assist_17,52870,no_LCRF,target_concept_mask,0.0,0.0003355387889314443,0.0003355950946664074,20,20,student_concept_state_buffers
assist_17,52870,no_LCRF,random_history_mask,0.0,0.0003355387889314443,0.0003355950946664074,20,64,student_concept_state_buffers
assist_17,52892,no_LCRF,original,0.0,0.20300449430942535,0.22690623924097744,60,,student_concept_state_buffers
assist_17,52892,no_LCRF,target_concept_mask,0.0,0.20300449430942535,0.22690623924097744,60,60,student_concept_state_buffers
assist_17,52892,no_LCRF,random_history_mask,0.0,0.20300449430942535,0.22690623924097744,60,34,student_concept_state_buffers
assist_17,52991,no_LCRF,original,0.0,0.012222517281770706,0.01229782652090482,12,,student_concept_state_buffers
assist_17,52991,no_LCRF,target_concept_mask,0.0,0.012222517281770706,0.01229782652090482,12,12,student_concept_state_buffers
assist_17,52991,no_LCRF,random_history_mask,0.0,0.012222517281770706,0.01229782652090482,12,13,student_concept_state_buffers
assist_17,53072,no_LCRF,original,0.0,0.09532051533460617,0.10017455860260935,57,,student_concept_state_buffers
assist_17,53072,no_LCRF,target_concept_mask,0.0,0.09532051533460617,0.10017455860260935,57,57,student_concept_state_buffers
assist_17,53072,no_LCRF,random_history_mask,0.0,0.09532051533460617,0.10017455860260935,57,0,student_concept_state_buffers
assist_17,53157,no_LCRF,original,0.0,0.3134230077266693,0.3760369081714326,51,,student_concept_state_buffers
assist_17,53157,no_LCRF,target_concept_mask,0.0,0.3134230077266693,0.3760369081714326,51,51,student_concept_state_buffers
assist_17,53157,no_LCRF,random_history_mask,0.0,0.3134230077266693,0.3760369081714326,51,24,student_concept_state_buffers
assist_17,53165,no_LCRF,original,0.0,0.6401063799858093,1.0219467911612792,48,,student_concept_state_buffers
assist_17,53165,no_LCRF,target_concept_mask,0.0,0.6401063799858093,1.0219467911612792,48,48,student_concept_state_buffers
assist_17,53165,no_LCRF,random_history_mask,0.0,0.6401063799858093,1.0219467911612792,48,6,student_concept_state_buffers
assist_17,53803,no_LCRF,original,0.0,0.16561150550842285,0.18105616435088126,57,,student_concept_state_buffers
assist_17,53803,no_LCRF,target_concept_mask,0.0,0.16561150550842285,0.18105616435088126,57,57,student_concept_state_buffers
assist_17,53803,no_LCRF,random_history_mask,0.0,0.16561150550842285,0.18105616435088126,57,25,student_concept_state_buffers
assist_17,53946,no_LCRF,original,1.0,0.18280956149101257,1.6993103155804636,62,,student_concept_state_buffers
assist_17,53946,no_LCRF,target_concept_mask,1.0,0.18280956149101257,1.6993103155804636,62,62,student_concept_state_buffers
assist_17,53946,no_LCRF,random_history_mask,1.0,0.18280956149101257,1.6993103155804636,62,14,student_concept_state_buffers
assist_17,54052,no_LCRF,original,0.0,0.09231797605752945,0.09686115560900288,34,,student_concept_state_buffers
assist_17,54052,no_LCRF,target_concept_mask,0.0,0.09231797605752945,0.09686115560900288,34,34,student_concept_state_buffers
assist_17,54052,no_LCRF,random_history_mask,0.0,0.09231797605752945,0.09686115560900288,34,39,student_concept_state_buffers
assist_17,54072,no_LCRF,original,0.0,0.4738399088382721,0.6421497567304889,59,,student_concept_state_buffers
assist_17,54072,no_LCRF,target_concept_mask,0.0,0.4738399088382721,0.6421497567304889,59,59,student_concept_state_buffers
assist_17,54072,no_LCRF,random_history_mask,0.0,0.4738399088382721,0.6421497567304889,59,39,student_concept_state_buffers
assist_17,54106,no_LCRF,original,0.0,0.5515971779823303,0.8020632942765731,37,,student_concept_state_buffers
assist_17,54106,no_LCRF,target_concept_mask,0.0,0.5515971779823303,0.8020632942765731,37,37,student_concept_state_buffers
assist_17,54106,no_LCRF,random_history_mask,0.0,0.5515971779823303,0.8020632942765731,37,43,student_concept_state_buffers
assist_17,54157,no_LCRF,original,1.0,0.2761988043785095,1.2866343668414069,62,,student_concept_state_buffers
assist_17,54157,no_LCRF,target_concept_mask,1.0,0.2761988043785095,1.2866343668414069,62,62,student_concept_state_buffers
assist_17,54157,no_LCRF,random_history_mask,1.0,0.2761988043785095,1.2866343668414069,62,47,student_concept_state_buffers
assist_17,54280,no_LCRF,original,0.0,0.06792332977056503,0.07034020348538646,51,,student_concept_state_buffers
assist_17,54280,no_LCRF,target_concept_mask,0.0,0.06792332977056503,0.07034020348538646,51,51,student_concept_state_buffers
assist_17,54280,no_LCRF,random_history_mask,0.0,0.06792332977056503,0.07034020348538646,51,2,student_concept_state_buffers
assist_17,54330,no_LCRF,original,1.0,0.24097871780395508,1.4230466572582576,20,,student_concept_state_buffers
assist_17,54330,no_LCRF,target_concept_mask,1.0,0.24097871780395508,1.4230466572582576,20,20,student_concept_state_buffers
assist_17,54330,no_LCRF,random_history_mask,1.0,0.24097871780395508,1.4230466572582576,20,35,student_concept_state_buffers
assist_17,54497,no_LCRF,original,0.0,0.34752723574638367,0.4269858812639365,59,,student_concept_state_buffers
assist_17,54497,no_LCRF,target_concept_mask,0.0,0.34752723574638367,0.4269858812639365,59,59,student_concept_state_buffers
assist_17,54497,no_LCRF,random_history_mask,0.0,0.34752723574638367,0.4269858812639365,59,6,student_concept_state_buffers
assist_17,54554,no_LCRF,original,1.0,0.1501283198595047,1.8962648848581087,13,,student_concept_state_buffers
assist_17,54554,no_LCRF,target_concept_mask,1.0,0.1501283198595047,1.8962648848581087,13,13,student_concept_state_buffers
assist_17,54554,no_LCRF,random_history_mask,1.0,0.1501283198595047,1.8962648848581087,13,0,student_concept_state_buffers
assist_17,54620,no_LCRF,original,0.0,0.14214538037776947,0.15332063485065406,1,,student_concept_state_buffers
assist_17,54620,no_LCRF,target_concept_mask,0.0,0.14214538037776947,0.15332063485065406,1,1,student_concept_state_buffers
assist_17,54620,no_LCRF,random_history_mask,0.0,0.14214538037776947,0.15332063485065406,1,14,student_concept_state_buffers
assist_17,54627,no_LCRF,original,0.0,0.6083800196647644,0.9374633473208493,50,,student_concept_state_buffers
assist_17,54627,no_LCRF,target_concept_mask,0.0,0.6083800196647644,0.9374633473208493,50,50,student_concept_state_buffers
assist_17,54627,no_LCRF,random_history_mask,0.0,0.6083800196647644,0.9374633473208493,50,52,student_concept_state_buffers
assist_17,54800,no_LCRF,original,0.0,0.6741992831230164,1.1214693824575472,70,,student_concept_state_buffers
assist_17,54800,no_LCRF,target_concept_mask,0.0,0.6741992831230164,1.1214693824575472,70,70,student_concept_state_buffers
assist_17,54800,no_LCRF,random_history_mask,0.0,0.6741992831230164,1.1214693824575472,70,10,student_concept_state_buffers
assist_17,54831,no_LCRF,original,1.0,0.8952965140342712,0.11060031497825516,63,,student_concept_state_buffers
assist_17,54831,no_LCRF,target_concept_mask,1.0,0.8952965140342712,0.11060031497825516,63,63,student_concept_state_buffers
assist_17,54831,no_LCRF,random_history_mask,1.0,0.8952965140342712,0.11060031497825516,63,44,student_concept_state_buffers
assist_17,54968,no_LCRF,original,1.0,0.21216872334480286,1.5503734560086322,57,,student_concept_state_buffers
assist_17,54968,no_LCRF,target_concept_mask,1.0,0.21216872334480286,1.5503734560086322,57,57,student_concept_state_buffers
assist_17,54968,no_LCRF,random_history_mask,1.0,0.21216872334480286,1.5503734560086322,57,76,student_concept_state_buffers
assist_17,55044,no_LCRF,original,0.0,0.12745530903339386,0.13634140447911272,29,,student_concept_state_buffers
assist_17,55044,no_LCRF,target_concept_mask,0.0,0.12745530903339386,0.13634140447911272,29,29,student_concept_state_buffers
assist_17,55044,no_LCRF,random_history_mask,0.0,0.12745530903339386,0.13634140447911272,29,31,student_concept_state_buffers
assist_17,55622,no_LCRF,original,0.0,0.3790361285209656,0.47648237671363153,2,,student_concept_state_buffers
assist_17,55622,no_LCRF,target_concept_mask,0.0,0.3790361285209656,0.47648237671363153,2,2,student_concept_state_buffers
assist_17,55622,no_LCRF,random_history_mask,0.0,0.3790361285209656,0.47648237671363153,2,9,student_concept_state_buffers
assist_17,55670,no_LCRF,original,1.0,0.95947265625,0.041371461856036795,36,,student_concept_state_buffers
assist_17,55670,no_LCRF,target_concept_mask,1.0,0.95947265625,0.041371461856036795,36,36,student_concept_state_buffers
assist_17,55670,no_LCRF,random_history_mask,1.0,0.95947265625,0.041371461856036795,36,40,student_concept_state_buffers
assist_17,55871,no_LCRF,original,0.0,0.022357182577252388,0.022610893014575667,36,,student_concept_state_buffers
assist_17,55871,no_LCRF,target_concept_mask,0.0,0.022357182577252388,0.022610893014575667,36,36,student_concept_state_buffers
assist_17,55871,no_LCRF,random_history_mask,0.0,0.022357182577252388,0.022610893014575667,36,44,student_concept_state_buffers
assist_17,55906,no_LCRF,original,0.0,0.3262331187725067,0.39487110144759513,41,,student_concept_state_buffers
assist_17,55906,no_LCRF,target_concept_mask,0.0,0.3262331187725067,0.39487110144759513,41,41,student_concept_state_buffers
assist_17,55906,no_LCRF,random_history_mask,0.0,0.3262331187725067,0.39487110144759513,41,36,student_concept_state_buffers
assist_17,56322,no_LCRF,original,0.0,0.07742421329021454,0.08058575282693463,59,,student_concept_state_buffers
assist_17,56322,no_LCRF,target_concept_mask,0.0,0.07742421329021454,0.08058575282693463,59,59,student_concept_state_buffers
assist_17,56322,no_LCRF,random_history_mask,0.0,0.07742421329021454,0.08058575282693463,59,6,student_concept_state_buffers
assist_17,56595,no_LCRF,original,1.0,0.8415781855583191,0.1724763575362429,32,,student_concept_state_buffers
assist_17,56595,no_LCRF,target_concept_mask,1.0,0.8415781855583191,0.1724763575362429,32,32,student_concept_state_buffers
assist_17,56595,no_LCRF,random_history_mask,1.0,0.8415781855583191,0.1724763575362429,32,3,student_concept_state_buffers
assist_17,56843,no_LCRF,original,0.0,0.06615857779979706,0.06844863867970648,33,,student_concept_state_buffers
assist_17,56843,no_LCRF,target_concept_mask,0.0,0.06615857779979706,0.06844863867970648,33,33,student_concept_state_buffers
assist_17,56843,no_LCRF,random_history_mask,0.0,0.06615857779979706,0.06844863867970648,33,45,student_concept_state_buffers
assist_17,57152,no_LCRF,original,0.0,0.2900281846523285,0.3425300064281309,2,,student_concept_state_buffers
assist_17,57152,no_LCRF,target_concept_mask,0.0,0.2900281846523285,0.3425300064281309,2,2,student_concept_state_buffers
assist_17,57152,no_LCRF,random_history_mask,0.0,0.2900281846523285,0.3425300064281309,2,92,student_concept_state_buffers
assist_17,57176,no_LCRF,original,0.0,0.2798951268196106,0.32835842038403,50,,student_concept_state_buffers
assist_17,57176,no_LCRF,target_concept_mask,0.0,0.2798951268196106,0.32835842038403,50,50,student_concept_state_buffers
assist_17,57176,no_LCRF,random_history_mask,0.0,0.2798951268196106,0.32835842038403,50,53,student_concept_state_buffers
assist_17,57249,no_LCRF,original,1.0,0.6414633989334106,0.4440031519970213,65,,student_concept_state_buffers
assist_17,57249,no_LCRF,target_concept_mask,1.0,0.6414633989334106,0.4440031519970213,65,65,student_concept_state_buffers
assist_17,57249,no_LCRF,random_history_mask,1.0,0.6414633989334106,0.4440031519970213,65,11,student_concept_state_buffers
assist_17,57561,no_LCRF,original,0.0,0.3740735352039337,0.46852238315887956,20,,student_concept_state_buffers
assist_17,57561,no_LCRF,target_concept_mask,0.0,0.3740735352039337,0.46852238315887956,20,20,student_concept_state_buffers
assist_17,57561,no_LCRF,random_history_mask,0.0,0.3740735352039337,0.46852238315887956,20,30,student_concept_state_buffers
assist_17,57578,no_LCRF,original,1.0,0.781049907207489,0.24711622950995443,10,,student_concept_state_buffers
assist_17,57578,no_LCRF,target_concept_mask,1.0,0.781049907207489,0.24711622950995443,10,10,student_concept_state_buffers
assist_17,57578,no_LCRF,random_history_mask,1.0,0.781049907207489,0.24711622950995443,10,39,student_concept_state_buffers
assist_17,57631,no_LCRF,original,0.0,0.4019692838191986,0.5141131614997957,79,,student_concept_state_buffers
assist_17,57631,no_LCRF,target_concept_mask,0.0,0.4019692838191986,0.5141131614997957,79,79,student_concept_state_buffers
assist_17,57631,no_LCRF,random_history_mask,0.0,0.4019692838191986,0.5141131614997957,79,42,student_concept_state_buffers
assist_17,57880,no_LCRF,original,0.0,0.0952821895480156,0.10013219556083877,67,,student_concept_state_buffers
assist_17,57880,no_LCRF,target_concept_mask,0.0,0.0952821895480156,0.10013219556083877,67,67,student_concept_state_buffers
assist_17,57880,no_LCRF,random_history_mask,0.0,0.0952821895480156,0.10013219556083877,67,8,student_concept_state_buffers
assist_17,58080,no_LCRF,original,1.0,0.5084158182144165,0.6764556264324952,20,,student_concept_state_buffers
assist_17,58080,no_LCRF,target_concept_mask,1.0,0.5084158182144165,0.6764556264324952,20,20,student_concept_state_buffers
assist_17,58080,no_LCRF,random_history_mask,1.0,0.5084158182144165,0.6764556264324952,20,12,student_concept_state_buffers
assist_17,58370,no_LCRF,original,1.0,0.257973849773407,1.3548970566649496,58,,student_concept_state_buffers
assist_17,58370,no_LCRF,target_concept_mask,1.0,0.257973849773407,1.3548970566649496,58,58,student_concept_state_buffers
assist_17,58370,no_LCRF,random_history_mask,1.0,0.257973849773407,1.3548970566649496,58,33,student_concept_state_buffers
assist_17,58492,no_LCRF,original,1.0,0.09312868118286133,2.3737730735832927,53,,student_concept_state_buffers
assist_17,58492,no_LCRF,target_concept_mask,1.0,0.09312868118286133,2.3737730735832927,53,53,student_concept_state_buffers
assist_17,58492,no_LCRF,random_history_mask,1.0,0.09312868118286133,2.3737730735832927,53,31,student_concept_state_buffers
assist_17,58494,no_LCRF,original,0.0,0.04332198202610016,0.04428839348903009,32,,student_concept_state_buffers
assist_17,58494,no_LCRF,target_concept_mask,0.0,0.04332198202610016,0.04428839348903009,32,32,student_concept_state_buffers
assist_17,58494,no_LCRF,random_history_mask,0.0,0.04332198202610016,0.04428839348903009,32,52,student_concept_state_buffers
assist_17,58571,no_LCRF,original,1.0,0.34761977195739746,1.0566460058581872,1,,student_concept_state_buffers
assist_17,58571,no_LCRF,target_concept_mask,1.0,0.34761977195739746,1.0566460058581872,1,1,student_concept_state_buffers
assist_17,58571,no_LCRF,random_history_mask,1.0,0.34761977195739746,1.0566460058581872,1,8,student_concept_state_buffers
assist_17,58707,no_LCRF,original,1.0,0.14181603491306305,1.9532245900850418,57,,student_concept_state_buffers
assist_17,58707,no_LCRF,target_concept_mask,1.0,0.14181603491306305,1.9532245900850418,57,57,student_concept_state_buffers
assist_17,58707,no_LCRF,random_history_mask,1.0,0.14181603491306305,1.9532245900850418,57,47,student_concept_state_buffers
assist_17,58934,no_LCRF,original,0.0,0.6138175129890442,0.95144525695804,10,,student_concept_state_buffers
assist_17,58934,no_LCRF,target_concept_mask,0.0,0.6138175129890442,0.95144525695804,10,10,student_concept_state_buffers
assist_17,58934,no_LCRF,random_history_mask,0.0,0.6138175129890442,0.95144525695804,10,0,student_concept_state_buffers
assist_17,59225,no_LCRF,original,0.0,0.1259060502052307,0.13456741505931394,26,,student_concept_state_buffers
assist_17,59225,no_LCRF,target_concept_mask,0.0,0.1259060502052307,0.13456741505931394,26,26,student_concept_state_buffers
assist_17,59225,no_LCRF,random_history_mask,0.0,0.1259060502052307,0.13456741505931394,26,58,student_concept_state_buffers
assist_17,59275,no_LCRF,original,0.0,0.16252630949020386,0.17736543009301686,72,,student_concept_state_buffers
assist_17,59275,no_LCRF,target_concept_mask,0.0,0.16252630949020386,0.17736543009301686,72,72,student_concept_state_buffers
assist_17,59275,no_LCRF,random_history_mask,0.0,0.16252630949020386,0.17736543009301686,72,24,student_concept_state_buffers
assist_17,59305,no_LCRF,original,1.0,0.34333086013793945,1.0690606899342403,46,,student_concept_state_buffers
assist_17,59305,no_LCRF,target_concept_mask,1.0,0.34333086013793945,1.0690606899342403,46,46,student_concept_state_buffers
assist_17,59305,no_LCRF,random_history_mask,1.0,0.34333086013793945,1.0690606899342403,46,37,student_concept_state_buffers
assist_17,59433,no_LCRF,original,0.0,0.2710414528846741,0.316138411257813,12,,student_concept_state_buffers
assist_17,59433,no_LCRF,target_concept_mask,0.0,0.2710414528846741,0.316138411257813,12,12,student_concept_state_buffers
assist_17,59433,no_LCRF,random_history_mask,0.0,0.2710414528846741,0.316138411257813,12,66,student_concept_state_buffers
assist_17,59599,no_LCRF,original,0.0,0.11783867329359055,0.12538032960338827,36,,student_concept_state_buffers
assist_17,59599,no_LCRF,target_concept_mask,0.0,0.11783867329359055,0.12538032960338827,36,36,student_concept_state_buffers
assist_17,59599,no_LCRF,random_history_mask,0.0,0.11783867329359055,0.12538032960338827,36,2,student_concept_state_buffers
assist_17,59843,no_LCRF,original,1.0,0.5656933784484863,0.5697030817598907,10,,student_concept_state_buffers
assist_17,59843,no_LCRF,target_concept_mask,1.0,0.5656933784484863,0.5697030817598907,10,10,student_concept_state_buffers
assist_17,59843,no_LCRF,random_history_mask,1.0,0.5656933784484863,0.5697030817598907,10,66,student_concept_state_buffers
assist_17,59982,no_LCRF,original,0.0,0.0049315388314425945,0.004943738995983051,46,,student_concept_state_buffers
assist_17,59982,no_LCRF,target_concept_mask,0.0,0.0049315388314425945,0.004943738995983051,46,46,student_concept_state_buffers
assist_17,59982,no_LCRF,random_history_mask,0.0,0.0049315388314425945,0.004943738995983051,46,8,student_concept_state_buffers
assist_17,60127,no_LCRF,original,1.0,0.4155823588371277,0.8780744681143654,1,,student_concept_state_buffers
assist_17,60127,no_LCRF,target_concept_mask,1.0,0.4155823588371277,0.8780744681143654,1,1,student_concept_state_buffers
assist_17,60127,no_LCRF,random_history_mask,1.0,0.4155823588371277,0.8780744681143654,1,11,student_concept_state_buffers
assist_17,60162,no_LCRF,original,0.0,0.0233124028891325,0.02358843537982057,68,,student_concept_state_buffers
assist_17,60162,no_LCRF,target_concept_mask,0.0,0.0233124028891325,0.02358843537982057,68,68,student_concept_state_buffers
assist_17,60162,no_LCRF,random_history_mask,0.0,0.0233124028891325,0.02358843537982057,68,35,student_concept_state_buffers
assist_17,60568,no_LCRF,original,1.0,0.7638531923294067,0.2693796649169707,45,,student_concept_state_buffers
assist_17,60568,no_LCRF,target_concept_mask,1.0,0.7638531923294067,0.2693796649169707,45,45,student_concept_state_buffers
assist_17,60568,no_LCRF,random_history_mask,1.0,0.7638531923294067,0.2693796649169707,45,27,student_concept_state_buffers
assist_17,60624,no_LCRF,original,0.0,0.5877588391304016,0.8861467589618677,20,,student_concept_state_buffers
assist_17,60624,no_LCRF,target_concept_mask,0.0,0.5877588391304016,0.8861467589618677,20,20,student_concept_state_buffers
assist_17,60624,no_LCRF,random_history_mask,0.0,0.5877588391304016,0.8861467589618677,20,44,student_concept_state_buffers
assist_17,61145,no_LCRF,original,1.0,0.41579484939575195,0.8775632908505505,32,,student_concept_state_buffers
assist_17,61145,no_LCRF,target_concept_mask,1.0,0.41579484939575195,0.8775632908505505,32,32,student_concept_state_buffers
assist_17,61145,no_LCRF,random_history_mask,1.0,0.41579484939575195,0.8775632908505505,32,92,student_concept_state_buffers
assist_17,61502,no_LCRF,original,0.0,0.02160283736884594,0.021839594622420716,36,,student_concept_state_buffers
assist_17,61502,no_LCRF,target_concept_mask,0.0,0.02160283736884594,0.021839594622420716,36,36,student_concept_state_buffers
assist_17,61502,no_LCRF,random_history_mask,0.0,0.02160283736884594,0.021839594622420716,36,91,student_concept_state_buffers
assist_17,61690,no_LCRF,original,1.0,0.6350607872009277,0.45403455679558935,54,,student_concept_state_buffers
assist_17,61690,no_LCRF,target_concept_mask,1.0,0.6350607872009277,0.45403455679558935,54,54,student_concept_state_buffers
assist_17,61690,no_LCRF,random_history_mask,1.0,0.6350607872009277,0.45403455679558935,54,8,student_concept_state_buffers
assist_17,62416,no_LCRF,original,1.0,0.8284164667129517,0.1882392719265537,62,,student_concept_state_buffers
assist_17,62416,no_LCRF,target_concept_mask,1.0,0.8284164667129517,0.1882392719265537,62,62,student_concept_state_buffers
assist_17,62416,no_LCRF,random_history_mask,1.0,0.8284164667129517,0.1882392719265537,62,46,student_concept_state_buffers
assist_17,62435,no_LCRF,original,0.0,0.7479050755500793,1.377949578073361,14,,student_concept_state_buffers
assist_17,62435,no_LCRF,target_concept_mask,0.0,0.7479050755500793,1.377949578073361,14,14,student_concept_state_buffers
assist_17,62435,no_LCRF,random_history_mask,0.0,0.7479050755500793,1.377949578073361,14,32,student_concept_state_buffers
assist_17,62551,no_LCRF,original,0.0,0.16061531007289886,0.1750861675543205,32,,student_concept_state_buffers
assist_17,62551,no_LCRF,target_concept_mask,0.0,0.16061531007289886,0.1750861675543205,32,32,student_concept_state_buffers
assist_17,62551,no_LCRF,random_history_mask,0.0,0.16061531007289886,0.1750861675543205,32,65,student_concept_state_buffers
assist_17,63134,no_LCRF,original,1.0,0.6719324588775635,0.39759745113289047,20,,student_concept_state_buffers
assist_17,63134,no_LCRF,target_concept_mask,1.0,0.6719324588775635,0.39759745113289047,20,20,student_concept_state_buffers
assist_17,63134,no_LCRF,random_history_mask,1.0,0.6719324588775635,0.39759745113289047,20,30,student_concept_state_buffers
assist_17,63409,no_LCRF,original,1.0,0.679327130317688,0.3866524849430901,2,,student_concept_state_buffers
assist_17,63409,no_LCRF,target_concept_mask,1.0,0.679327130317688,0.3866524849430901,2,2,student_concept_state_buffers
assist_17,63409,no_LCRF,random_history_mask,1.0,0.679327130317688,0.3866524849430901,2,53,student_concept_state_buffers
assist_17,63548,no_LCRF,original,0.0,0.2500157058238983,0.2877030137695799,52,,student_concept_state_buffers
assist_17,63548,no_LCRF,target_concept_mask,0.0,0.2500157058238983,0.2877030137695799,52,52,student_concept_state_buffers
assist_17,63548,no_LCRF,random_history_mask,0.0,0.2500157058238983,0.2877030137695799,52,39,student_concept_state_buffers
assist_17,63561,no_LCRF,original,1.0,0.5087095499038696,0.6758780541747862,34,,student_concept_state_buffers
assist_17,63561,no_LCRF,target_concept_mask,1.0,0.5087095499038696,0.6758780541747862,34,34,student_concept_state_buffers
assist_17,63561,no_LCRF,random_history_mask,1.0,0.5087095499038696,0.6758780541747862,34,54,student_concept_state_buffers
assist_17,64035,no_LCRF,original,0.0,0.02736809104681015,0.027749573661260397,20,,student_concept_state_buffers
assist_17,64035,no_LCRF,target_concept_mask,0.0,0.02736809104681015,0.027749573661260397,20,20,student_concept_state_buffers
assist_17,64035,no_LCRF,random_history_mask,0.0,0.02736809104681015,0.027749573661260397,20,45,student_concept_state_buffers
assist_17,64134,no_LCRF,original,1.0,0.8011005520820618,0.2217688066063143,63,,student_concept_state_buffers
assist_17,64134,no_LCRF,target_concept_mask,1.0,0.8011005520820618,0.2217688066063143,63,63,student_concept_state_buffers
assist_17,64134,no_LCRF,random_history_mask,1.0,0.8011005520820618,0.2217688066063143,63,64,student_concept_state_buffers
assist_17,64158,no_LCRF,original,1.0,0.44704538583755493,0.8050951552106241,20,,student_concept_state_buffers
assist_17,64158,no_LCRF,target_concept_mask,1.0,0.44704538583755493,0.8050951552106241,20,20,student_concept_state_buffers
assist_17,64158,no_LCRF,random_history_mask,1.0,0.44704538583755493,0.8050951552106241,20,33,student_concept_state_buffers
assist_17,64317,no_LCRF,original,0.0,0.11511329561471939,0.12229565981291622,57,,student_concept_state_buffers
assist_17,64317,no_LCRF,target_concept_mask,0.0,0.11511329561471939,0.12229565981291622,57,57,student_concept_state_buffers
assist_17,64317,no_LCRF,random_history_mask,0.0,0.11511329561471939,0.12229565981291622,57,1,student_concept_state_buffers
assist_17,64443,no_LCRF,original,0.0,0.7331643104553223,1.3211222049788436,14,,student_concept_state_buffers
assist_17,64443,no_LCRF,target_concept_mask,0.0,0.7331643104553223,1.3211222049788436,14,14,student_concept_state_buffers
assist_17,64443,no_LCRF,random_history_mask,0.0,0.7331643104553223,1.3211222049788436,14,2,student_concept_state_buffers
assist_17,64448,no_LCRF,original,0.0,0.29544079303741455,0.35018291006382035,25,,student_concept_state_buffers
assist_17,64448,no_LCRF,target_concept_mask,0.0,0.29544079303741455,0.35018291006382035,25,25,student_concept_state_buffers
assist_17,64448,no_LCRF,random_history_mask,0.0,0.29544079303741455,0.35018291006382035,25,2,student_concept_state_buffers
assist_17,64530,no_LCRF,original,1.0,0.8418164849281311,0.17219323988643487,39,,student_concept_state_buffers
assist_17,64530,no_LCRF,target_concept_mask,1.0,0.8418164849281311,0.17219323988643487,39,39,student_concept_state_buffers
assist_17,64530,no_LCRF,random_history_mask,1.0,0.8418164849281311,0.17219323988643487,39,43,student_concept_state_buffers
assist_17,64997,no_LCRF,original,1.0,0.9005184769630432,0.104784596016892,20,,student_concept_state_buffers
assist_17,64997,no_LCRF,target_concept_mask,1.0,0.9005184769630432,0.104784596016892,20,20,student_concept_state_buffers
assist_17,64997,no_LCRF,random_history_mask,1.0,0.9005184769630432,0.104784596016892,20,26,student_concept_state_buffers
assist_17,65153,no_LCRF,original,1.0,0.6863017082214355,0.3764379400404322,46,,student_concept_state_buffers
assist_17,65153,no_LCRF,target_concept_mask,1.0,0.6863017082214355,0.3764379400404322,46,46,student_concept_state_buffers
assist_17,65153,no_LCRF,random_history_mask,1.0,0.6863017082214355,0.3764379400404322,46,45,student_concept_state_buffers
assist_17,65952,no_LCRF,original,0.0,0.10667102783918381,0.11280037606679505,72,,student_concept_state_buffers
assist_17,65952,no_LCRF,target_concept_mask,0.0,0.10667102783918381,0.11280037606679505,72,72,student_concept_state_buffers
assist_17,65952,no_LCRF,random_history_mask,0.0,0.10667102783918381,0.11280037606679505,72,14,student_concept_state_buffers
assist_17,66028,no_LCRF,original,0.0,0.5430585145950317,0.7831999369751885,7,,student_concept_state_buffers
assist_17,66028,no_LCRF,target_concept_mask,0.0,0.5430585145950317,0.7831999369751885,7,7,student_concept_state_buffers
assist_17,66028,no_LCRF,random_history_mask,0.0,0.5430585145950317,0.7831999369751885,7,0,student_concept_state_buffers
assist_17,66067,no_LCRF,original,0.0,0.34055227041244507,0.41635256760409944,51,,student_concept_state_buffers
assist_17,66067,no_LCRF,target_concept_mask,0.0,0.34055227041244507,0.41635256760409944,51,51,student_concept_state_buffers
assist_17,66067,no_LCRF,random_history_mask,0.0,0.34055227041244507,0.41635256760409944,51,5,student_concept_state_buffers
assist_17,66133,no_LCRF,original,1.0,0.6669232249259949,0.4050803447500874,32,,student_concept_state_buffers
assist_17,66133,no_LCRF,target_concept_mask,1.0,0.6669232249259949,0.4050803447500874,32,32,student_concept_state_buffers
assist_17,66133,no_LCRF,random_history_mask,1.0,0.6669232249259949,0.4050803447500874,32,14,student_concept_state_buffers
assist_17,66240,no_LCRF,original,1.0,0.2201312631368637,1.513531259932881,14,,student_concept_state_buffers
assist_17,66240,no_LCRF,target_concept_mask,1.0,0.2201312631368637,1.513531259932881,14,14,student_concept_state_buffers
assist_17,66240,no_LCRF,random_history_mask,1.0,0.2201312631368637,1.513531259932881,14,6,student_concept_state_buffers
assist_17,66293,no_LCRF,original,0.0,0.5572344064712524,0.8147147832245488,62,,student_concept_state_buffers
assist_17,66293,no_LCRF,target_concept_mask,0.0,0.5572344064712524,0.8147147832245488,62,62,student_concept_state_buffers
assist_17,66293,no_LCRF,random_history_mask,0.0,0.5572344064712524,0.8147147832245488,62,4,student_concept_state_buffers
assist_17,66364,no_LCRF,original,1.0,0.615831732749939,0.4847815138841406,13,,student_concept_state_buffers
assist_17,66364,no_LCRF,target_concept_mask,1.0,0.615831732749939,0.4847815138841406,13,13,student_concept_state_buffers
assist_17,66364,no_LCRF,random_history_mask,1.0,0.615831732749939,0.4847815138841406,13,12,student_concept_state_buffers
assist_17,66497,no_LCRF,original,1.0,0.8147879838943481,0.2048273420451163,14,,student_concept_state_buffers
assist_17,66497,no_LCRF,target_concept_mask,1.0,0.8147879838943481,0.2048273420451163,14,14,student_concept_state_buffers
assist_17,66497,no_LCRF,random_history_mask,1.0,0.8147879838943481,0.2048273420451163,14,4,student_concept_state_buffers
assist_17,66830,no_LCRF,original,0.0,0.36499446630477905,0.4541215656467534,57,,student_concept_state_buffers
assist_17,66830,no_LCRF,target_concept_mask,0.0,0.36499446630477905,0.4541215656467534,57,57,student_concept_state_buffers
assist_17,66830,no_LCRF,random_history_mask,0.0,0.36499446630477905,0.4541215656467534,57,14,student_concept_state_buffers
assist_17,66839,no_LCRF,original,0.0,0.49119624495506287,0.6756928867850754,14,,student_concept_state_buffers
assist_17,66839,no_LCRF,target_concept_mask,0.0,0.49119624495506287,0.6756928867850754,14,14,student_concept_state_buffers
assist_17,66839,no_LCRF,random_history_mask,0.0,0.49119624495506287,0.6756928867850754,14,59,student_concept_state_buffers
assist_17,67225,no_LCRF,original,1.0,0.8323057293891907,0.1835554424508364,37,,student_concept_state_buffers
assist_17,67225,no_LCRF,target_concept_mask,1.0,0.8323057293891907,0.1835554424508364,37,37,student_concept_state_buffers
assist_17,67225,no_LCRF,random_history_mask,1.0,0.8323057293891907,0.1835554424508364,37,1,student_concept_state_buffers
assist_17,67237,no_LCRF,original,0.0,0.6318621039390564,0.9992976934453843,26,,student_concept_state_buffers
assist_17,67237,no_LCRF,target_concept_mask,0.0,0.6318621039390564,0.9992976934453843,26,26,student_concept_state_buffers
assist_17,67237,no_LCRF,random_history_mask,0.0,0.6318621039390564,0.9992976934453843,26,59,student_concept_state_buffers
assist_17,67771,no_LCRF,original,0.0,0.1295394003391266,0.1387327825318684,4,,student_concept_state_buffers
assist_17,67771,no_LCRF,target_concept_mask,0.0,0.1295394003391266,0.1387327825318684,4,4,student_concept_state_buffers
assist_17,67771,no_LCRF,random_history_mask,0.0,0.1295394003391266,0.1387327825318684,4,24,student_concept_state_buffers
assist_17,67881,no_LCRF,original,0.0,0.18798063695430756,0.2082310929893884,7,,student_concept_state_buffers
assist_17,67881,no_LCRF,target_concept_mask,0.0,0.18798063695430756,0.2082310929893884,7,7,student_concept_state_buffers
assist_17,67881,no_LCRF,random_history_mask,0.0,0.18798063695430756,0.2082310929893884,7,46,student_concept_state_buffers
assist_17,68053,no_LCRF,original,0.0,0.0751013457775116,0.07807111047489132,10,,student_concept_state_buffers
assist_17,68053,no_LCRF,target_concept_mask,0.0,0.0751013457775116,0.07807111047489132,10,10,student_concept_state_buffers
assist_17,68053,no_LCRF,random_history_mask,0.0,0.0751013457775116,0.07807111047489132,10,33,student_concept_state_buffers
assist_17,68199,no_LCRF,original,0.0,0.14840060472488403,0.16063905606743775,5,,student_concept_state_buffers
assist_17,68199,no_LCRF,target_concept_mask,0.0,0.14840060472488403,0.16063905606743775,5,5,student_concept_state_buffers
assist_17,68199,no_LCRF,random_history_mask,0.0,0.14840060472488403,0.16063905606743775,5,1,student_concept_state_buffers
assist_17,68283,no_LCRF,original,1.0,0.48173147439956665,0.7303684272281732,53,,student_concept_state_buffers
assist_17,68283,no_LCRF,target_concept_mask,1.0,0.48173147439956665,0.7303684272281732,53,53,student_concept_state_buffers
assist_17,68283,no_LCRF,random_history_mask,1.0,0.48173147439956665,0.7303684272281732,53,6,student_concept_state_buffers
assist_17,68356,no_LCRF,original,0.0,0.2506764233112335,0.28858437715457247,4,,student_concept_state_buffers
assist_17,68356,no_LCRF,target_concept_mask,0.0,0.2506764233112335,0.28858437715457247,4,4,student_concept_state_buffers
assist_17,68356,no_LCRF,random_history_mask,0.0,0.2506764233112335,0.28858437715457247,4,46,student_concept_state_buffers
assist_17,68593,no_LCRF,original,0.0,0.07221902906894684,0.07495959675728475,13,,student_concept_state_buffers
assist_17,68593,no_LCRF,target_concept_mask,0.0,0.07221902906894684,0.07495959675728475,13,13,student_concept_state_buffers
assist_17,68593,no_LCRF,random_history_mask,0.0,0.07221902906894684,0.07495959675728475,13,32,student_concept_state_buffers
assist_17,68676,no_LCRF,original,1.0,0.648999035358429,0.43232404862980045,32,,student_concept_state_buffers
assist_17,68676,no_LCRF,target_concept_mask,1.0,0.648999035358429,0.43232404862980045,32,32,student_concept_state_buffers
assist_17,68676,no_LCRF,random_history_mask,1.0,0.648999035358429,0.43232404862980045,32,33,student_concept_state_buffers
assist_17,69022,no_LCRF,original,1.0,0.6309695839881897,0.46049762047405135,46,,student_concept_state_buffers
assist_17,69022,no_LCRF,target_concept_mask,1.0,0.6309695839881897,0.46049762047405135,46,46,student_concept_state_buffers
assist_17,69022,no_LCRF,random_history_mask,1.0,0.6309695839881897,0.46049762047405135,46,95,student_concept_state_buffers
assist_17,69152,no_LCRF,original,0.0,0.2908526360988617,0.3436919265139752,46,,student_concept_state_buffers
assist_17,69152,no_LCRF,target_concept_mask,0.0,0.2908526360988617,0.3436919265139752,46,46,student_concept_state_buffers
assist_17,69152,no_LCRF,random_history_mask,0.0,0.2908526360988617,0.3436919265139752,46,28,student_concept_state_buffers
assist_17,69496,no_LCRF,original,1.0,0.2784610986709595,1.278476910983537,35,,student_concept_state_buffers
assist_17,69496,no_LCRF,target_concept_mask,1.0,0.2784610986709595,1.278476910983537,35,35,student_concept_state_buffers
assist_17,69496,no_LCRF,random_history_mask,1.0,0.2784610986709595,1.278476910983537,35,60,student_concept_state_buffers
assist_17,69540,no_LCRF,original,0.0,0.5502805113792419,0.7991312492070727,37,,student_concept_state_buffers
assist_17,69540,no_LCRF,target_concept_mask,0.0,0.5502805113792419,0.7991312492070727,37,37,student_concept_state_buffers
assist_17,69540,no_LCRF,random_history_mask,0.0,0.5502805113792419,0.7991312492070727,37,73,student_concept_state_buffers
assist_17,69583,no_LCRF,original,0.0,0.13940958678722382,0.15013659829483622,57,,student_concept_state_buffers
assist_17,69583,no_LCRF,target_concept_mask,0.0,0.13940958678722382,0.15013659829483622,57,57,student_concept_state_buffers
assist_17,69583,no_LCRF,random_history_mask,0.0,0.13940958678722382,0.15013659829483622,57,43,student_concept_state_buffers
assist_17,69747,no_LCRF,original,1.0,0.23696719110012054,1.4398335816066075,14,,student_concept_state_buffers
assist_17,69747,no_LCRF,target_concept_mask,1.0,0.23696719110012054,1.4398335816066075,14,14,student_concept_state_buffers
assist_17,69747,no_LCRF,random_history_mask,1.0,0.23696719110012054,1.4398335816066075,14,78,student_concept_state_buffers
assist_17,69762,no_LCRF,original,0.0,0.4312382638454437,0.5642936739328535,76,,student_concept_state_buffers
assist_17,69762,no_LCRF,target_concept_mask,0.0,0.4312382638454437,0.5642936739328535,76,76,student_concept_state_buffers
assist_17,69762,no_LCRF,random_history_mask,0.0,0.4312382638454437,0.5642936739328535,76,56,student_concept_state_buffers
assist_17,69772,no_LCRF,original,0.0,0.1395515352487564,0.15030155501216777,68,,student_concept_state_buffers
assist_17,69772,no_LCRF,target_concept_mask,0.0,0.1395515352487564,0.15030155501216777,68,68,student_concept_state_buffers
assist_17,69772,no_LCRF,random_history_mask,0.0,0.1395515352487564,0.15030155501216777,68,64,student_concept_state_buffers
assist_17,69895,no_LCRF,original,0.0,0.16251422464847565,0.17735100008205273,72,,student_concept_state_buffers
assist_17,69895,no_LCRF,target_concept_mask,0.0,0.16251422464847565,0.17735100008205273,72,72,student_concept_state_buffers
assist_17,69895,no_LCRF,random_history_mask,0.0,0.16251422464847565,0.17735100008205273,72,70,student_concept_state_buffers
assist_17,69990,no_LCRF,original,1.0,0.2576562464237213,1.356128960668203,59,,student_concept_state_buffers
assist_17,69990,no_LCRF,target_concept_mask,1.0,0.2576562464237213,1.356128960668203,59,59,student_concept_state_buffers
assist_17,69990,no_LCRF,random_history_mask,1.0,0.2576562464237213,1.356128960668203,59,34,student_concept_state_buffers
assist_17,70282,no_LCRF,original,1.0,0.7461371421813965,0.2928458589699876,20,,student_concept_state_buffers
assist_17,70282,no_LCRF,target_concept_mask,1.0,0.7461371421813965,0.2928458589699876,20,20,student_concept_state_buffers
assist_17,70282,no_LCRF,random_history_mask,1.0,0.7461371421813965,0.2928458589699876,20,5,student_concept_state_buffers
assist_17,70516,no_LCRF,original,0.0,0.13372598588466644,0.14355400693980647,37,,student_concept_state_buffers
assist_17,70516,no_LCRF,target_concept_mask,0.0,0.13372598588466644,0.14355400693980647,37,37,student_concept_state_buffers
assist_17,70516,no_LCRF,random_history_mask,0.0,0.13372598588466644,0.14355400693980647,37,54,student_concept_state_buffers
assist_17,70683,no_LCRF,original,0.0,0.5083895325660706,0.7100686089336835,50,,student_concept_state_buffers
assist_17,70683,no_LCRF,target_concept_mask,0.0,0.5083895325660706,0.7100686089336835,50,50,student_concept_state_buffers
assist_17,70683,no_LCRF,random_history_mask,0.0,0.5083895325660706,0.7100686089336835,50,61,student_concept_state_buffers
assist_17,70742,no_LCRF,original,0.0,0.1609979271888733,0.17554210194453015,2,,student_concept_state_buffers
assist_17,70742,no_LCRF,target_concept_mask,0.0,0.1609979271888733,0.17554210194453015,2,2,student_concept_state_buffers
assist_17,70742,no_LCRF,random_history_mask,0.0,0.1609979271888733,0.17554210194453015,2,1,student_concept_state_buffers
assist_17,70968,no_LCRF,original,1.0,0.019882382825016975,3.9179212245230657,5,,student_concept_state_buffers
assist_17,70968,no_LCRF,target_concept_mask,1.0,0.019882382825016975,3.9179212245230657,5,5,student_concept_state_buffers
assist_17,70968,no_LCRF,random_history_mask,1.0,0.019882382825016975,3.9179212245230657,5,43,student_concept_state_buffers
assist_17,71046,no_LCRF,original,0.0,0.1615421026945114,0.17619091089904687,57,,student_concept_state_buffers
assist_17,71046,no_LCRF,target_concept_mask,0.0,0.1615421026945114,0.17619091089904687,57,57,student_concept_state_buffers
assist_17,71046,no_LCRF,random_history_mask,0.0,0.1615421026945114,0.17619091089904687,57,46,student_concept_state_buffers
assist_17,71140,no_LCRF,original,0.0,0.16332726180553436,0.17832227874461343,67,,student_concept_state_buffers
assist_17,71140,no_LCRF,target_concept_mask,0.0,0.16332726180553436,0.17832227874461343,67,67,student_concept_state_buffers
assist_17,71140,no_LCRF,random_history_mask,0.0,0.16332726180553436,0.17832227874461343,67,91,student_concept_state_buffers
assist_17,71347,no_LCRF,original,1.0,0.7819692492485046,0.24593986242163463,20,,student_concept_state_buffers
assist_17,71347,no_LCRF,target_concept_mask,1.0,0.7819692492485046,0.24593986242163463,20,20,student_concept_state_buffers
assist_17,71347,no_LCRF,random_history_mask,1.0,0.7819692492485046,0.24593986242163463,20,94,student_concept_state_buffers
assist_17,71416,no_LCRF,original,0.0,0.0795581042766571,0.08290140281805217,57,,student_concept_state_buffers
assist_17,71416,no_LCRF,target_concept_mask,0.0,0.0795581042766571,0.08290140281805217,57,57,student_concept_state_buffers
assist_17,71416,no_LCRF,random_history_mask,0.0,0.0795581042766571,0.08290140281805217,57,10,student_concept_state_buffers
assist_17,71702,no_LCRF,original,0.0,0.37581780552864075,0.47131297491059754,11,,student_concept_state_buffers
assist_17,71702,no_LCRF,target_concept_mask,0.0,0.37581780552864075,0.47131297491059754,11,11,student_concept_state_buffers
assist_17,71702,no_LCRF,random_history_mask,0.0,0.37581780552864075,0.47131297491059754,11,1,student_concept_state_buffers
assist_17,71714,no_LCRF,original,1.0,0.1793435513973236,1.7184520310596596,20,,student_concept_state_buffers
assist_17,71714,no_LCRF,target_concept_mask,1.0,0.1793435513973236,1.7184520310596596,20,20,student_concept_state_buffers
assist_17,71714,no_LCRF,random_history_mask,1.0,0.1793435513973236,1.7184520310596596,20,59,student_concept_state_buffers
assist_17,72075,no_LCRF,original,0.0,0.33711668848991394,0.41115630502515715,32,,student_concept_state_buffers
assist_17,72075,no_LCRF,target_concept_mask,0.0,0.33711668848991394,0.41115630502515715,32,32,student_concept_state_buffers
assist_17,72075,no_LCRF,random_history_mask,0.0,0.33711668848991394,0.41115630502515715,32,35,student_concept_state_buffers
assist_17,72499,no_LCRF,original,1.0,0.3125157356262207,1.163100457069495,20,,student_concept_state_buffers
assist_17,72499,no_LCRF,target_concept_mask,1.0,0.3125157356262207,1.163100457069495,20,20,student_concept_state_buffers
assist_17,72499,no_LCRF,random_history_mask,1.0,0.3125157356262207,1.163100457069495,20,2,student_concept_state_buffers
assist_17,72547,no_LCRF,original,1.0,0.7381063103675842,0.30366741276755943,74,,student_concept_state_buffers
assist_17,72547,no_LCRF,target_concept_mask,1.0,0.7381063103675842,0.30366741276755943,74,74,student_concept_state_buffers
assist_17,72547,no_LCRF,random_history_mask,1.0,0.7381063103675842,0.30366741276755943,74,57,student_concept_state_buffers
assist_17,72572,no_LCRF,original,0.0,0.24312527477741241,0.2785575277168445,20,,student_concept_state_buffers
assist_17,72572,no_LCRF,target_concept_mask,0.0,0.24312527477741241,0.2785575277168445,20,20,student_concept_state_buffers
assist_17,72572,no_LCRF,random_history_mask,0.0,0.24312527477741241,0.2785575277168445,20,36,student_concept_state_buffers
assist_17,72861,no_LCRF,original,1.0,0.692764401435852,0.3670653066628531,37,,student_concept_state_buffers
assist_17,72861,no_LCRF,target_concept_mask,1.0,0.692764401435852,0.3670653066628531,37,37,student_concept_state_buffers
assist_17,72861,no_LCRF,random_history_mask,1.0,0.692764401435852,0.3670653066628531,37,46,student_concept_state_buffers
assist_17,72874,no_LCRF,original,1.0,0.41207608580589294,0.8865472723966596,56,,student_concept_state_buffers
assist_17,72874,no_LCRF,target_concept_mask,1.0,0.41207608580589294,0.8865472723966596,56,56,student_concept_state_buffers
assist_17,72874,no_LCRF,random_history_mask,1.0,0.41207608580589294,0.8865472723966596,56,57,student_concept_state_buffers
assist_17,72880,no_LCRF,original,0.0,0.29796844720840454,0.3537769289698372,78,,student_concept_state_buffers
assist_17,72880,no_LCRF,target_concept_mask,0.0,0.29796844720840454,0.3537769289698372,78,78,student_concept_state_buffers
assist_17,72880,no_LCRF,random_history_mask,0.0,0.29796844720840454,0.3537769289698372,78,33,student_concept_state_buffers
assist_17,73223,no_LCRF,original,0.0,0.28820642828941345,0.33996733697999904,46,,student_concept_state_buffers
assist_17,73223,no_LCRF,target_concept_mask,0.0,0.28820642828941345,0.33996733697999904,46,46,student_concept_state_buffers
assist_17,73223,no_LCRF,random_history_mask,0.0,0.28820642828941345,0.33996733697999904,46,27,student_concept_state_buffers
assist_17,73289,no_LCRF,original,0.0,0.2883418798446655,0.3401576512090451,20,,student_concept_state_buffers
assist_17,73289,no_LCRF,target_concept_mask,0.0,0.2883418798446655,0.3401576512090451,20,20,student_concept_state_buffers
assist_17,73289,no_LCRF,random_history_mask,0.0,0.2883418798446655,0.3401576512090451,20,33,student_concept_state_buffers
assist_17,73402,no_LCRF,original,1.0,0.5632256269454956,0.5740749727844875,32,,student_concept_state_buffers
assist_17,73402,no_LCRF,target_concept_mask,1.0,0.5632256269454956,0.5740749727844875,32,32,student_concept_state_buffers
assist_17,73402,no_LCRF,random_history_mask,1.0,0.5632256269454956,0.5740749727844875,32,8,student_concept_state_buffers
assist_17,73429,no_LCRF,original,0.0,0.0038462202064692974,0.0038536359325250843,5,,student_concept_state_buffers
assist_17,73429,no_LCRF,target_concept_mask,0.0,0.0038462202064692974,0.0038536359325250843,5,5,student_concept_state_buffers
assist_17,73429,no_LCRF,random_history_mask,0.0,0.0038462202064692974,0.0038536359325250843,5,92,student_concept_state_buffers
assist_17,73889,no_LCRF,original,1.0,0.4445454478263855,0.8107029844260603,13,,student_concept_state_buffers
assist_17,73889,no_LCRF,target_concept_mask,1.0,0.4445454478263855,0.8107029844260603,13,13,student_concept_state_buffers
assist_17,73889,no_LCRF,random_history_mask,1.0,0.4445454478263855,0.8107029844260603,13,29,student_concept_state_buffers
assist_17,74078,no_LCRF,original,1.0,0.44687414169311523,0.8054782862224447,10,,student_concept_state_buffers
assist_17,74078,no_LCRF,target_concept_mask,1.0,0.44687414169311523,0.8054782862224447,10,10,student_concept_state_buffers
assist_17,74078,no_LCRF,random_history_mask,1.0,0.44687414169311523,0.8054782862224447,10,88,student_concept_state_buffers
assist_17,74099,no_LCRF,original,1.0,0.19865842163562775,1.6161684032802104,12,,student_concept_state_buffers
assist_17,74099,no_LCRF,target_concept_mask,1.0,0.19865842163562775,1.6161684032802104,12,12,student_concept_state_buffers
assist_17,74099,no_LCRF,random_history_mask,1.0,0.19865842163562775,1.6161684032802104,12,64,student_concept_state_buffers
assist_17,74228,no_LCRF,original,1.0,0.6802573204040527,0.38528414003298306,44,,student_concept_state_buffers
assist_17,74228,no_LCRF,target_concept_mask,1.0,0.6802573204040527,0.38528414003298306,44,44,student_concept_state_buffers
assist_17,74228,no_LCRF,random_history_mask,1.0,0.6802573204040527,0.38528414003298306,44,68,student_concept_state_buffers
assist_17,74498,no_LCRF,original,1.0,0.5411851406097412,0.6139938394376383,32,,student_concept_state_buffers
assist_17,74498,no_LCRF,target_concept_mask,1.0,0.5411851406097412,0.6139938394376383,32,32,student_concept_state_buffers
assist_17,74498,no_LCRF,random_history_mask,1.0,0.5411851406097412,0.6139938394376383,32,7,student_concept_state_buffers
assist_17,74630,no_LCRF,original,0.0,0.4419448971748352,0.5832975708936113,57,,student_concept_state_buffers
assist_17,74630,no_LCRF,target_concept_mask,0.0,0.4419448971748352,0.5832975708936113,57,57,student_concept_state_buffers
assist_17,74630,no_LCRF,random_history_mask,0.0,0.4419448971748352,0.5832975708936113,57,68,student_concept_state_buffers
assist_17,74747,no_LCRF,original,1.0,0.7767332196235657,0.2526583342592768,2,,student_concept_state_buffers
assist_17,74747,no_LCRF,target_concept_mask,1.0,0.7767332196235657,0.2526583342592768,2,2,student_concept_state_buffers
assist_17,74747,no_LCRF,random_history_mask,1.0,0.7767332196235657,0.2526583342592768,2,90,student_concept_state_buffers
assist_17,74929,no_LCRF,original,0.0,0.8095227479934692,1.658222503584775,20,,student_concept_state_buffers
assist_17,74929,no_LCRF,target_concept_mask,0.0,0.8095227479934692,1.658222503584775,20,20,student_concept_state_buffers
assist_17,74929,no_LCRF,random_history_mask,0.0,0.8095227479934692,1.658222503584775,20,6,student_concept_state_buffers
assist_17,75042,no_LCRF,original,0.0,0.09248309582471848,0.0970430858262223,20,,student_concept_state_buffers
assist_17,75042,no_LCRF,target_concept_mask,0.0,0.09248309582471848,0.0970430858262223,20,20,student_concept_state_buffers
assist_17,75042,no_LCRF,random_history_mask,0.0,0.09248309582471848,0.0970430858262223,20,5,student_concept_state_buffers
assist_17,75148,no_LCRF,original,1.0,0.8517295122146606,0.16048627648479152,10,,student_concept_state_buffers
assist_17,75148,no_LCRF,target_concept_mask,1.0,0.8517295122146606,0.16048627648479152,10,10,student_concept_state_buffers
assist_17,75148,no_LCRF,random_history_mask,1.0,0.8517295122146606,0.16048627648479152,10,58,student_concept_state_buffers
assist_17,75347,no_LCRF,original,0.0,0.42454832792282104,0.5526000298855626,5,,student_concept_state_buffers
assist_17,75347,no_LCRF,target_concept_mask,0.0,0.42454832792282104,0.5526000298855626,5,5,student_concept_state_buffers
assist_17,75347,no_LCRF,random_history_mask,0.0,0.42454832792282104,0.5526000298855626,5,87,student_concept_state_buffers
assist_17,75457,no_LCRF,original,0.0,0.36515164375305176,0.45436911766879357,0,,student_concept_state_buffers
assist_17,75457,no_LCRF,target_concept_mask,0.0,0.36515164375305176,0.45436911766879357,0,0,student_concept_state_buffers
assist_17,75457,no_LCRF,random_history_mask,0.0,0.36515164375305176,0.45436911766879357,0,66,student_concept_state_buffers
assist_17,75499,no_LCRF,original,0.0,0.00437682680785656,0.004386433154768219,57,,student_concept_state_buffers
assist_17,75499,no_LCRF,target_concept_mask,0.0,0.00437682680785656,0.004386433154768219,57,57,student_concept_state_buffers
assist_17,75499,no_LCRF,random_history_mask,0.0,0.00437682680785656,0.004386433154768219,57,58,student_concept_state_buffers
assist_17,75540,no_LCRF,original,1.0,0.38039761781692505,0.9665382106414327,46,,student_concept_state_buffers
assist_17,75540,no_LCRF,target_concept_mask,1.0,0.38039761781692505,0.9665382106414327,46,46,student_concept_state_buffers
assist_17,75540,no_LCRF,random_history_mask,1.0,0.38039761781692505,0.9665382106414327,46,35,student_concept_state_buffers
assist_17,75566,no_LCRF,original,0.0,0.3504464626312256,0.4314700176791953,48,,student_concept_state_buffers
assist_17,75566,no_LCRF,target_concept_mask,0.0,0.3504464626312256,0.4314700176791953,48,48,student_concept_state_buffers
assist_17,75566,no_LCRF,random_history_mask,0.0,0.3504464626312256,0.4314700176791953,48,1,student_concept_state_buffers
assist_17,75756,no_LCRF,original,0.0,0.1764248162508011,0.19410043571859886,57,,student_concept_state_buffers
assist_17,75756,no_LCRF,target_concept_mask,0.0,0.1764248162508011,0.19410043571859886,57,57,student_concept_state_buffers
assist_17,75756,no_LCRF,random_history_mask,0.0,0.1764248162508011,0.19410043571859886,57,50,student_concept_state_buffers
assist_17,76086,no_LCRF,original,0.0,0.013790772296488285,0.013886748408151706,58,,student_concept_state_buffers
assist_17,76086,no_LCRF,target_concept_mask,0.0,0.013790772296488285,0.013886748408151706,58,58,student_concept_state_buffers
assist_17,76086,no_LCRF,random_history_mask,0.0,0.013790772296488285,0.013886748408151706,58,32,student_concept_state_buffers
assist_17,76191,no_LCRF,original,0.0,0.7660645842552185,1.4527102028104237,57,,student_concept_state_buffers
assist_17,76191,no_LCRF,target_concept_mask,0.0,0.7660645842552185,1.4527102028104237,57,57,student_concept_state_buffers
assist_17,76191,no_LCRF,random_history_mask,0.0,0.7660645842552185,1.4527102028104237,57,0,student_concept_state_buffers
assist_17,76258,no_LCRF,original,0.0,0.005885327234864235,0.005902714024722711,62,,student_concept_state_buffers
assist_17,76258,no_LCRF,target_concept_mask,0.0,0.005885327234864235,0.005902714024722711,62,62,student_concept_state_buffers
assist_17,76258,no_LCRF,random_history_mask,0.0,0.005885327234864235,0.005902714024722711,62,56,student_concept_state_buffers
assist_17,76610,no_LCRF,original,0.0,0.38761815428733826,0.4903992601307294,20,,student_concept_state_buffers
assist_17,76610,no_LCRF,target_concept_mask,0.0,0.38761815428733826,0.4903992601307294,20,20,student_concept_state_buffers
assist_17,76610,no_LCRF,random_history_mask,0.0,0.38761815428733826,0.4903992601307294,20,51,student_concept_state_buffers
assist_17,76736,no_LCRF,original,1.0,0.10376214981079102,2.265654020117739,63,,student_concept_state_buffers
assist_17,76736,no_LCRF,target_concept_mask,1.0,0.10376214981079102,2.265654020117739,63,63,student_concept_state_buffers
assist_17,76736,no_LCRF,random_history_mask,1.0,0.10376214981079102,2.265654020117739,63,62,student_concept_state_buffers
assist_17,76823,no_LCRF,original,1.0,0.6235890984535217,0.47226362358454477,10,,student_concept_state_buffers
assist_17,76823,no_LCRF,target_concept_mask,1.0,0.6235890984535217,0.47226362358454477,10,10,student_concept_state_buffers
assist_17,76823,no_LCRF,random_history_mask,1.0,0.6235890984535217,0.47226362358454477,10,28,student_concept_state_buffers
assist_17,76848,no_LCRF,original,1.0,0.7043733596801758,0.35044672295009693,33,,student_concept_state_buffers
assist_17,76848,no_LCRF,target_concept_mask,1.0,0.7043733596801758,0.35044672295009693,33,33,student_concept_state_buffers
assist_17,76848,no_LCRF,random_history_mask,1.0,0.7043733596801758,0.35044672295009693,33,69,student_concept_state_buffers
assist_17,76874,no_LCRF,original,0.0,0.08246738463640213,0.08606715160501409,20,,student_concept_state_buffers
assist_17,76874,no_LCRF,target_concept_mask,0.0,0.08246738463640213,0.08606715160501409,20,20,student_concept_state_buffers
assist_17,76874,no_LCRF,random_history_mask,0.0,0.08246738463640213,0.08606715160501409,20,6,student_concept_state_buffers
assist_17,219,self_only,original,1.0,0.277192085981369,1.2830445619247048,35,,student_concept_state_buffers
assist_17,219,self_only,target_concept_mask,1.0,0.28598663210868835,1.2518102101333854,35,35,student_concept_state_buffers
assist_17,219,self_only,random_history_mask,1.0,0.277192085981369,1.2830445619247048,35,45,student_concept_state_buffers
assist_17,474,self_only,original,0.0,0.27098339796066284,0.3160587735162842,2,,student_concept_state_buffers
assist_17,474,self_only,target_concept_mask,0.0,0.4939626455307007,0.6811447893576033,2,2,student_concept_state_buffers
assist_17,474,self_only,random_history_mask,0.0,0.27098339796066284,0.3160587735162842,2,67,student_concept_state_buffers
assist_17,818,self_only,original,1.0,0.35079431533813477,1.0475552234667924,33,,student_concept_state_buffers
assist_17,818,self_only,target_concept_mask,1.0,0.38386857509613037,0.9574550373299411,33,33,student_concept_state_buffers
assist_17,818,self_only,random_history_mask,1.0,0.35079431533813477,1.0475552234667924,33,34,student_concept_state_buffers
assist_17,843,self_only,original,1.0,0.7518100142478943,0.28527162757911695,20,,student_concept_state_buffers
assist_17,843,self_only,target_concept_mask,1.0,0.7723355293273926,0.25833619989771006,20,20,student_concept_state_buffers
assist_17,843,self_only,random_history_mask,1.0,0.7518100142478943,0.28527162757911695,20,58,student_concept_state_buffers
assist_17,867,self_only,original,1.0,0.10254618525505066,2.2774419940337447,5,,student_concept_state_buffers
assist_17,867,self_only,target_concept_mask,1.0,0.1510602831840515,1.8900762954524153,5,5,student_concept_state_buffers
assist_17,867,self_only,random_history_mask,1.0,0.10254618525505066,2.2774419940337447,5,12,student_concept_state_buffers
assist_17,976,self_only,original,1.0,0.13322176039218903,2.015740167910945,57,,student_concept_state_buffers
assist_17,976,self_only,target_concept_mask,1.0,0.26718828082084656,1.319801697484908,57,57,student_concept_state_buffers
assist_17,976,self_only,random_history_mask,1.0,0.13322176039218903,2.015740167910945,57,26,student_concept_state_buffers
assist_17,1148,self_only,original,1.0,0.2257276475429535,1.4884261057934585,34,,student_concept_state_buffers
assist_17,1148,self_only,target_concept_mask,1.0,0.20681679248809814,1.5759219380579852,34,34,student_concept_state_buffers
assist_17,1148,self_only,random_history_mask,1.0,0.2257276475429535,1.4884261057934585,34,24,student_concept_state_buffers
assist_17,1162,self_only,original,0.0,0.45560044050216675,0.608071817356819,20,,student_concept_state_buffers
assist_17,1162,self_only,target_concept_mask,0.0,0.43316516280174255,0.5676873101075615,20,20,student_concept_state_buffers
assist_17,1162,self_only,random_history_mask,0.0,0.45560044050216675,0.608071817356819,20,66,student_concept_state_buffers
assist_17,1251,self_only,original,1.0,0.6636067628860474,0.4100655295091469,58,,student_concept_state_buffers
assist_17,1251,self_only,target_concept_mask,1.0,0.6050207018852234,0.502492603544613,58,58,student_concept_state_buffers
assist_17,1251,self_only,random_history_mask,1.0,0.6636067628860474,0.4100655295091469,58,14,student_concept_state_buffers
assist_17,1294,self_only,original,1.0,0.7160080075263977,0.3340639283879423,32,,student_concept_state_buffers
assist_17,1294,self_only,target_concept_mask,1.0,0.7619703412055969,0.27184764635534947,32,32,student_concept_state_buffers
assist_17,1294,self_only,random_history_mask,1.0,0.7160080075263977,0.3340639283879423,32,40,student_concept_state_buffers
assist_17,1357,self_only,original,1.0,0.711388349533081,0.340536796417907,7,,student_concept_state_buffers
assist_17,1357,self_only,target_concept_mask,1.0,0.7165691256523132,0.33328055953245117,7,7,student_concept_state_buffers
assist_17,1357,self_only,random_history_mask,1.0,0.711388349533081,0.340536796417907,7,24,student_concept_state_buffers
assist_17,1391,self_only,original,0.0,0.1577136069536209,0.17163518831299643,12,,student_concept_state_buffers
assist_17,1391,self_only,target_concept_mask,0.0,0.17894504964351654,0.19716524076280972,12,12,student_concept_state_buffers
assist_17,1391,self_only,random_history_mask,0.0,0.1577136069536209,0.17163518831299643,12,1,student_concept_state_buffers
assist_17,1875,self_only,original,1.0,0.5486403703689575,0.6003121152003926,85,,student_concept_state_buffers
assist_17,1875,self_only,target_concept_mask,1.0,0.6068199276924133,0.4995231914200843,85,85,student_concept_state_buffers
assist_17,1875,self_only,random_history_mask,1.0,0.5486403703689575,0.6003121152003926,85,58,student_concept_state_buffers
assist_17,1878,self_only,original,0.0,0.07399614155292511,0.07687687755514098,68,,student_concept_state_buffers
assist_17,1878,self_only,target_concept_mask,0.0,0.06744977831840515,0.06983227188320337,68,68,student_concept_state_buffers
assist_17,1878,self_only,random_history_mask,0.0,0.07399614155292511,0.07687687755514098,68,51,student_concept_state_buffers
assist_17,1936,self_only,original,0.0,0.0959181860089302,0.10083542048252697,32,,student_concept_state_buffers
assist_17,1936,self_only,target_concept_mask,0.0,0.07824777066707611,0.08147882328342101,32,32,student_concept_state_buffers
assist_17,1936,self_only,random_history_mask,0.0,0.0959181860089302,0.10083542048252697,32,90,student_concept_state_buffers
assist_17,2253,self_only,original,0.0,0.47378191351890564,0.6420395390907521,5,,student_concept_state_buffers
assist_17,2253,self_only,target_concept_mask,0.0,0.39706358313560486,0.5059435324839597,5,5,student_concept_state_buffers
assist_17,2253,self_only,random_history_mask,0.0,0.47378191351890564,0.6420395390907521,5,63,student_concept_state_buffers
assist_17,2268,self_only,original,0.0,0.09909139573574066,0.10435146462747222,76,,student_concept_state_buffers
assist_17,2268,self_only,target_concept_mask,0.0,0.1296781450510025,0.1388921875302383,76,76,student_concept_state_buffers
assist_17,2268,self_only,random_history_mask,0.0,0.09909139573574066,0.10435146462747222,76,45,student_concept_state_buffers
assist_17,2373,self_only,original,0.0,0.1303185075521469,0.13962823499935723,26,,student_concept_state_buffers
assist_17,2373,self_only,target_concept_mask,0.0,0.12130779772996902,0.12932061068606213,26,26,student_concept_state_buffers
assist_17,2373,self_only,random_history_mask,0.0,0.1303185075521469,0.13962823499935723,26,27,student_concept_state_buffers
assist_17,2424,self_only,original,0.0,0.13669909536838531,0.14699197586490342,24,,student_concept_state_buffers
assist_17,2424,self_only,target_concept_mask,0.0,0.1430997997522354,0.15443381961848746,24,24,student_concept_state_buffers
assist_17,2424,self_only,random_history_mask,0.0,0.13669909536838531,0.14699197586490342,24,27,student_concept_state_buffers
assist_17,2477,self_only,original,0.0,0.42500123381614685,0.5533873839543006,67,,student_concept_state_buffers
assist_17,2477,self_only,target_concept_mask,0.0,0.4588544964790344,0.614067083393186,67,67,student_concept_state_buffers
assist_17,2477,self_only,random_history_mask,0.0,0.42500123381614685,0.5533873839543006,67,66,student_concept_state_buffers
assist_17,2484,self_only,original,0.0,0.03868180885910988,0.0394498206098647,58,,student_concept_state_buffers
assist_17,2484,self_only,target_concept_mask,0.0,0.04695438966155052,0.04809251672663937,58,58,student_concept_state_buffers
assist_17,2484,self_only,random_history_mask,0.0,0.03868180885910988,0.0394498206098647,58,24,student_concept_state_buffers
assist_17,2603,self_only,original,0.0,0.030161049216985703,0.030625251389838622,88,,student_concept_state_buffers
assist_17,2603,self_only,target_concept_mask,0.0,0.04109169542789459,0.04195982434054863,88,88,student_concept_state_buffers
assist_17,2603,self_only,random_history_mask,0.0,0.030161049216985703,0.030625251389838622,88,63,student_concept_state_buffers
assist_17,2789,self_only,original,0.0,0.3247377574443817,0.392654156069296,20,,student_concept_state_buffers
assist_17,2789,self_only,target_concept_mask,0.0,0.5112727284431458,0.7159506719723516,20,20,student_concept_state_buffers
assist_17,2789,self_only,random_history_mask,0.0,0.3247377574443817,0.392654156069296,20,45,student_concept_state_buffers
assist_17,2869,self_only,original,1.0,0.5435847640037537,0.6095696250527702,3,,student_concept_state_buffers
assist_17,2869,self_only,target_concept_mask,1.0,0.4935499429702759,0.7061312236682905,3,3,student_concept_state_buffers
assist_17,2869,self_only,random_history_mask,1.0,0.5435847640037537,0.6095696250527702,3,20,student_concept_state_buffers
assist_17,2927,self_only,original,0.0,0.08799172192811966,0.09210621211579774,4,,student_concept_state_buffers
assist_17,2927,self_only,target_concept_mask,0.0,0.11690467596054077,0.1243221294602967,4,4,student_concept_state_buffers
assist_17,2927,self_only,random_history_mask,0.0,0.08799172192811966,0.09210621211579774,4,12,student_concept_state_buffers
assist_17,3354,self_only,original,0.0,0.46212756633758545,0.6201338590875292,68,,student_concept_state_buffers
assist_17,3354,self_only,target_concept_mask,0.0,0.35708966851234436,0.44175001783194145,68,68,student_concept_state_buffers
assist_17,3354,self_only,random_history_mask,0.0,0.46212756633758545,0.6201338590875292,68,36,student_concept_state_buffers
assist_17,3453,self_only,original,1.0,0.4118097722530365,0.8871937540895463,66,,student_concept_state_buffers
assist_17,3453,self_only,target_concept_mask,1.0,0.4457070529460907,0.8080933747301275,66,66,student_concept_state_buffers
assist_17,3453,self_only,random_history_mask,1.0,0.4118097722530365,0.8871937540895463,66,53,student_concept_state_buffers
assist_17,3535,self_only,original,1.0,0.2681615650653839,1.3161656253936067,20,,student_concept_state_buffers
assist_17,3535,self_only,target_concept_mask,1.0,0.5181904435157776,0.6574124527150738,20,20,student_concept_state_buffers
assist_17,3535,self_only,random_history_mask,1.0,0.2681615650653839,1.3161656253936067,20,33,student_concept_state_buffers
assist_17,3693,self_only,original,0.0,0.0791095569729805,0.08241420417051917,57,,student_concept_state_buffers
assist_17,3693,self_only,target_concept_mask,0.0,0.1649993360042572,0.18032275892711536,57,57,student_concept_state_buffers
assist_17,3693,self_only,random_history_mask,0.0,0.0791095569729805,0.08241420417051917,57,13,student_concept_state_buffers
assist_17,3754,self_only,original,0.0,0.20800679922103882,0.23320247207961045,14,,student_concept_state_buffers
assist_17,3754,self_only,target_concept_mask,0.0,0.21893253922462463,0.24709375543950765,14,14,student_concept_state_buffers
assist_17,3754,self_only,random_history_mask,0.0,0.20800679922103882,0.23320247207961045,14,35,student_concept_state_buffers
assist_17,3805,self_only,original,0.0,0.17766427993774414,0.19560654873889702,64,,student_concept_state_buffers
assist_17,3805,self_only,target_concept_mask,0.0,0.2868552803993225,0.3380709063720573,64,64,student_concept_state_buffers
assist_17,3805,self_only,random_history_mask,0.0,0.17766427993774414,0.19560654873889702,64,34,student_concept_state_buffers
assist_17,3826,self_only,original,1.0,0.8133662343025208,0.20657379816986374,57,,student_concept_state_buffers
assist_17,3826,self_only,target_concept_mask,1.0,0.83038729429245,0.1858630673951205,57,57,student_concept_state_buffers
assist_17,3826,self_only,random_history_mask,1.0,0.8133662343025208,0.20657379816986374,57,25,student_concept_state_buffers
assist_17,3827,self_only,original,0.0,0.3485630750656128,0.42857470224704636,79,,student_concept_state_buffers
assist_17,3827,self_only,target_concept_mask,0.0,0.5255961418151855,0.7456962985643767,79,79,student_concept_state_buffers
assist_17,3827,self_only,random_history_mask,0.0,0.3485630750656128,0.42857470224704636,79,7,student_concept_state_buffers
assist_17,3868,self_only,original,0.0,0.19035886228084564,0.21116416933970097,10,,student_concept_state_buffers
assist_17,3868,self_only,target_concept_mask,0.0,0.2728284001350403,0.31859279097258836,10,10,student_concept_state_buffers
assist_17,3868,self_only,random_history_mask,0.0,0.19035886228084564,0.21116416933970097,10,11,student_concept_state_buffers
assist_17,3939,self_only,original,1.0,0.3558186888694763,1.033333978796314,2,,student_concept_state_buffers
assist_17,3939,self_only,target_concept_mask,1.0,0.507218062877655,0.6788142635641156,2,2,student_concept_state_buffers
assist_17,3939,self_only,random_history_mask,1.0,0.3558186888694763,1.033333978796314,2,51,student_concept_state_buffers
assist_17,4343,self_only,original,1.0,0.16891659796237946,1.7783501890530236,62,,student_concept_state_buffers
assist_17,4343,self_only,target_concept_mask,1.0,0.20546077191829681,1.5825001541763675,62,62,student_concept_state_buffers
assist_17,4343,self_only,random_history_mask,1.0,0.16891659796237946,1.7783501890530236,62,85,student_concept_state_buffers
assist_17,4524,self_only,original,0.0,0.02573193609714508,0.026068793592784714,57,,student_concept_state_buffers
assist_17,4524,self_only,target_concept_mask,0.0,0.14922837913036346,0.16161155203085342,57,57,student_concept_state_buffers
assist_17,4524,self_only,random_history_mask,0.0,0.02573193609714508,0.026068793592784714,57,34,student_concept_state_buffers
assist_17,4660,self_only,original,0.0,0.06145487353205681,0.06342434050159781,35,,student_concept_state_buffers
assist_17,4660,self_only,target_concept_mask,0.0,0.1348317265510559,0.14483125519076265,35,35,student_concept_state_buffers
assist_17,4660,self_only,random_history_mask,0.0,0.06145487353205681,0.06342434050159781,35,71,student_concept_state_buffers
assist_17,4743,self_only,original,0.0,0.08635595440864563,0.09031423021869364,20,,student_concept_state_buffers
assist_17,4743,self_only,target_concept_mask,0.0,0.19322910904884338,0.21471555318712984,20,20,student_concept_state_buffers
assist_17,4743,self_only,random_history_mask,0.0,0.08635595440864563,0.09031423021869364,20,79,student_concept_state_buffers
assist_17,4836,self_only,original,1.0,0.6690673232078552,0.4018705913193379,20,,student_concept_state_buffers
assist_17,4836,self_only,target_concept_mask,1.0,0.6908057928085327,0.3698965470925831,20,20,student_concept_state_buffers
assist_17,4836,self_only,random_history_mask,1.0,0.6690673232078552,0.4018705913193379,20,79,student_concept_state_buffers
assist_17,4911,self_only,original,0.0,0.10876210778951645,0.11514389252348878,12,,student_concept_state_buffers
assist_17,4911,self_only,target_concept_mask,0.0,0.17348629236221313,0.19053877669490402,12,12,student_concept_state_buffers
assist_17,4911,self_only,random_history_mask,0.0,0.10876210778951645,0.11514389252348878,12,5,student_concept_state_buffers
assist_17,5001,self_only,original,0.0,0.11789446324110031,0.12544357394434788,5,,student_concept_state_buffers
assist_17,5001,self_only,target_concept_mask,0.0,0.1908925622701645,0.21182356761408563,5,5,student_concept_state_buffers
assist_17,5001,self_only,random_history_mask,0.0,0.11789446324110031,0.12544357394434788,5,57,student_concept_state_buffers
assist_17,5019,self_only,original,1.0,0.19285115599632263,1.6458366000688494,0,,student_concept_state_buffers
assist_17,5019,self_only,target_concept_mask,1.0,0.3153567910194397,1.1540506112401037,0,0,student_concept_state_buffers
assist_17,5019,self_only,random_history_mask,1.0,0.19285115599632263,1.6458366000688494,0,53,student_concept_state_buffers
assist_17,5141,self_only,original,0.0,0.07141359895467758,0.07409184808106052,13,,student_concept_state_buffers
assist_17,5141,self_only,target_concept_mask,0.0,0.19492335617542267,0.21681779637575957,13,13,student_concept_state_buffers
assist_17,5141,self_only,random_history_mask,0.0,0.07141359895467758,0.07409184808106052,13,49,student_concept_state_buffers
assist_17,5233,self_only,original,1.0,0.4564875066280365,0.7841939470586676,68,,student_concept_state_buffers
assist_17,5233,self_only,target_concept_mask,1.0,0.49807965755462646,0.6969952598199409,68,68,student_concept_state_buffers
assist_17,5233,self_only,random_history_mask,1.0,0.4564875066280365,0.7841939470586676,68,58,student_concept_state_buffers
assist_17,5348,self_only,original,1.0,0.338439404964447,1.0834102130988545,63,,student_concept_state_buffers
assist_17,5348,self_only,target_concept_mask,1.0,0.39050549268722534,0.9403132440209719,63,63,student_concept_state_buffers
assist_17,5348,self_only,random_history_mask,1.0,0.338439404964447,1.0834102130988545,63,34,student_concept_state_buffers
assist_17,5427,self_only,original,1.0,0.4028460383415222,0.9092008288856729,39,,student_concept_state_buffers
assist_17,5427,self_only,target_concept_mask,1.0,0.44615045189857483,0.8070990477516419,39,39,student_concept_state_buffers
assist_17,5427,self_only,random_history_mask,1.0,0.4028460383415222,0.9092008288856729,39,35,student_concept_state_buffers
assist_17,5475,self_only,original,0.0,0.731542706489563,1.3150634335109874,63,,student_concept_state_buffers
assist_17,5475,self_only,target_concept_mask,0.0,0.7854039072990417,1.5389976563093646,63,63,student_concept_state_buffers
assist_17,5475,self_only,random_history_mask,0.0,0.731542706489563,1.3150634335109874,63,6,student_concept_state_buffers
assist_17,5634,self_only,original,1.0,0.22737392783164978,1.481159357573771,79,,student_concept_state_buffers
assist_17,5634,self_only,target_concept_mask,1.0,0.4043695032596588,0.9054262069948561,79,79,student_concept_state_buffers
assist_17,5634,self_only,random_history_mask,1.0,0.22737392783164978,1.481159357573771,79,44,student_concept_state_buffers
assist_17,5773,self_only,original,0.0,0.15240231156349182,0.1653491797784648,45,,student_concept_state_buffers
assist_17,5773,self_only,target_concept_mask,0.0,0.17592217028141022,0.1934902999911424,45,45,student_concept_state_buffers
assist_17,5773,self_only,random_history_mask,0.0,0.15240231156349182,0.1653491797784648,45,57,student_concept_state_buffers
assist_17,5861,self_only,original,0.0,0.4636767506599426,0.6230182225622924,32,,student_concept_state_buffers
assist_17,5861,self_only,target_concept_mask,0.0,0.7024784088134766,1.2122684812130353,32,32,student_concept_state_buffers
assist_17,5861,self_only,random_history_mask,0.0,0.4636767506599426,0.6230182225622924,32,34,student_concept_state_buffers
assist_17,5867,self_only,original,1.0,0.3040233552455902,1.19065075406116,33,,student_concept_state_buffers
assist_17,5867,self_only,target_concept_mask,1.0,0.3749215304851532,0.9810385269475803,33,33,student_concept_state_buffers
assist_17,5867,self_only,random_history_mask,1.0,0.3040233552455902,1.19065075406116,33,3,student_concept_state_buffers
assist_17,6029,self_only,original,0.0,0.1434498131275177,0.15484236763689724,20,,student_concept_state_buffers
assist_17,6029,self_only,target_concept_mask,0.0,0.467009037733078,0.6292508113072913,20,20,student_concept_state_buffers
assist_17,6029,self_only,random_history_mask,0.0,0.1434498131275177,0.15484236763689724,20,25,student_concept_state_buffers
assist_17,6096,self_only,original,0.0,0.14193937182426453,0.1530805197811492,70,,student_concept_state_buffers
assist_17,6096,self_only,target_concept_mask,0.0,0.16790761053562164,0.1838117992966704,70,70,student_concept_state_buffers
assist_17,6096,self_only,random_history_mask,0.0,0.14193937182426453,0.1530805197811492,70,5,student_concept_state_buffers
assist_17,6218,self_only,original,0.0,0.0498829148709774,0.051170054477665886,20,,student_concept_state_buffers
assist_17,6218,self_only,target_concept_mask,0.0,0.3551504909992218,0.4387383087882038,20,20,student_concept_state_buffers
assist_17,6218,self_only,random_history_mask,0.0,0.0498829148709774,0.051170054477665886,20,0,student_concept_state_buffers
assist_17,6240,self_only,original,0.0,0.040206149220466614,0.041036756351245735,72,,student_concept_state_buffers
assist_17,6240,self_only,target_concept_mask,0.0,0.048538438975811005,0.04975599135498849,72,72,student_concept_state_buffers
assist_17,6240,self_only,random_history_mask,0.0,0.040206149220466614,0.041036756351245735,72,65,student_concept_state_buffers
assist_17,6296,self_only,original,0.0,0.26076263189315796,0.3021362078397873,32,,student_concept_state_buffers
assist_17,6296,self_only,target_concept_mask,0.0,0.22293958067893982,0.2522371718936576,32,32,student_concept_state_buffers
assist_17,6296,self_only,random_history_mask,0.0,0.26076263189315796,0.3021362078397873,32,35,student_concept_state_buffers
assist_17,6434,self_only,original,0.0,0.1644120067358017,0.17961961840224538,25,,student_concept_state_buffers
assist_17,6434,self_only,target_concept_mask,0.0,0.14279992878437042,0.154083932303356,25,25,student_concept_state_buffers
assist_17,6434,self_only,random_history_mask,0.0,0.1644120067358017,0.17961961840224538,25,24,student_concept_state_buffers
assist_17,6444,self_only,original,0.0,0.27163180708885193,0.3169485991453415,14,,student_concept_state_buffers
assist_17,6444,self_only,target_concept_mask,0.0,0.5918242931365967,0.8960575432058586,14,14,student_concept_state_buffers
assist_17,6444,self_only,random_history_mask,0.0,0.27163180708885193,0.3169485991453415,14,57,student_concept_state_buffers
assist_17,6454,self_only,original,1.0,0.29009929299354553,1.237532024970656,11,,student_concept_state_buffers
assist_17,6454,self_only,target_concept_mask,1.0,0.2832450568675995,1.261442830708738,11,11,student_concept_state_buffers
assist_17,6454,self_only,random_history_mask,1.0,0.29009929299354553,1.237532024970656,11,62,student_concept_state_buffers
assist_17,6601,self_only,original,0.0,0.11830227822065353,0.12590600078798395,32,,student_concept_state_buffers
assist_17,6601,self_only,target_concept_mask,0.0,0.1918783187866211,0.21304263623830236,32,32,student_concept_state_buffers
assist_17,6601,self_only,random_history_mask,0.0,0.11830227822065353,0.12590600078798395,32,1,student_concept_state_buffers
assist_17,7193,self_only,original,1.0,0.7264522910118103,0.31958246776088983,68,,student_concept_state_buffers
assist_17,7193,self_only,target_concept_mask,1.0,0.6829198598861694,0.3813777617478574,68,68,student_concept_state_buffers
assist_17,7193,self_only,random_history_mask,1.0,0.7264522910118103,0.31958246776088983,68,36,student_concept_state_buffers
assist_17,7282,self_only,original,1.0,0.6276102662086487,0.4658359003720121,37,,student_concept_state_buffers
assist_17,7282,self_only,target_concept_mask,1.0,0.7110820412635803,0.3409674672792718,37,37,student_concept_state_buffers
assist_17,7282,self_only,random_history_mask,1.0,0.6276102662086487,0.4658359003720121,37,36,student_concept_state_buffers
assist_17,7310,self_only,original,0.0,0.6799304485321045,1.1392169584679193,37,,student_concept_state_buffers
assist_17,7310,self_only,target_concept_mask,0.0,0.7405974864959717,1.349374317462743,37,37,student_concept_state_buffers
assist_17,7310,self_only,random_history_mask,0.0,0.6799304485321045,1.1392169584679193,37,38,student_concept_state_buffers
assist_17,7514,self_only,original,0.0,0.15419884026050568,0.16747098277006806,35,,student_concept_state_buffers
assist_17,7514,self_only,target_concept_mask,0.0,0.1374955028295517,0.14791491597955095,35,35,student_concept_state_buffers
assist_17,7514,self_only,random_history_mask,0.0,0.15419884026050568,0.16747098277006806,35,20,student_concept_state_buffers
assist_17,7652,self_only,original,1.0,0.3062206506729126,1.1834493562530513,1,,student_concept_state_buffers
assist_17,7652,self_only,target_concept_mask,1.0,0.3086961805820465,1.1753977201386874,1,1,student_concept_state_buffers
assist_17,7652,self_only,random_history_mask,1.0,0.3062206506729126,1.1834493562530513,1,46,student_concept_state_buffers
assist_17,7686,self_only,original,0.0,0.3770204186439514,0.47324153544117875,57,,student_concept_state_buffers
assist_17,7686,self_only,target_concept_mask,0.0,0.3752000331878662,0.47032373357424584,57,57,student_concept_state_buffers
assist_17,7686,self_only,random_history_mask,0.0,0.3770204186439514,0.47324153544117875,57,39,student_concept_state_buffers
assist_17,7838,self_only,original,1.0,0.26685789227485657,1.3210390009421153,7,,student_concept_state_buffers
assist_17,7838,self_only,target_concept_mask,1.0,0.3964747488498688,0.9251429250553469,7,7,student_concept_state_buffers
assist_17,7838,self_only,random_history_mask,1.0,0.26685789227485657,1.3210390009421153,7,48,student_concept_state_buffers
assist_17,7971,self_only,original,0.0,0.18487772345542908,0.2044171444250091,10,,student_concept_state_buffers
assist_17,7971,self_only,target_concept_mask,0.0,0.33578139543533325,0.40914395994597963,10,10,student_concept_state_buffers
assist_17,7971,self_only,random_history_mask,0.0,0.18487772345542908,0.2044171444250091,10,45,student_concept_state_buffers
assist_17,7993,self_only,original,0.0,0.17022065818309784,0.18659546676937666,57,,student_concept_state_buffers
assist_17,7993,self_only,target_concept_mask,0.0,0.2096160352230072,0.2352364202327737,57,57,student_concept_state_buffers
assist_17,7993,self_only,random_history_mask,0.0,0.17022065818309784,0.18659546676937666,57,29,student_concept_state_buffers
assist_17,8133,self_only,original,0.0,0.22545090317726135,0.2554742294975308,46,,student_concept_state_buffers
assist_17,8133,self_only,target_concept_mask,0.0,0.1869499832391739,0.20696265009565135,46,46,student_concept_state_buffers
assist_17,8133,self_only,random_history_mask,0.0,0.22545090317726135,0.2554742294975308,46,2,student_concept_state_buffers
assist_17,8315,self_only,original,1.0,0.3904125988483429,0.9405511533236952,4,,student_concept_state_buffers
assist_17,8315,self_only,target_concept_mask,1.0,0.4638752043247223,0.7681397191278053,4,4,student_concept_state_buffers
assist_17,8315,self_only,random_history_mask,1.0,0.3904125988483429,0.9405511533236952,4,7,student_concept_state_buffers
assist_17,8528,self_only,original,0.0,0.1827789545059204,0.20184566319592642,35,,student_concept_state_buffers
assist_17,8528,self_only,target_concept_mask,0.0,0.21477675437927246,0.2417872123049401,35,35,student_concept_state_buffers
assist_17,8528,self_only,random_history_mask,0.0,0.1827789545059204,0.20184566319592642,35,44,student_concept_state_buffers
assist_17,8703,self_only,original,1.0,0.13935226202011108,1.970750292533534,57,,student_concept_state_buffers
assist_17,8703,self_only,target_concept_mask,1.0,0.3168712556362152,1.1492597212391593,57,57,student_concept_state_buffers
assist_17,8703,self_only,random_history_mask,1.0,0.13935226202011108,1.970750292533534,57,20,student_concept_state_buffers
assist_17,8706,self_only,original,0.0,0.27883708477020264,0.32689020989881773,20,,student_concept_state_buffers
assist_17,8706,self_only,target_concept_mask,0.0,0.49454179406166077,0.6822899225977622,20,20,student_concept_state_buffers
assist_17,8706,self_only,random_history_mask,0.0,0.27883708477020264,0.32689020989881773,20,59,student_concept_state_buffers
assist_17,8827,self_only,original,1.0,0.23422826826572418,1.4514591337115519,54,,student_concept_state_buffers
assist_17,8827,self_only,target_concept_mask,1.0,0.23941662907600403,1.4295500268002412,54,54,student_concept_state_buffers
assist_17,8827,self_only,random_history_mask,1.0,0.23422826826572418,1.4514591337115519,54,42,student_concept_state_buffers
assist_17,8840,self_only,original,1.0,0.36376523971557617,1.0112465652487577,71,,student_concept_state_buffers
assist_17,8840,self_only,target_concept_mask,1.0,0.46901950240135193,0.7571109284550911,71,71,student_concept_state_buffers
assist_17,8840,self_only,random_history_mask,1.0,0.36376523971557617,1.0112465652487577,71,52,student_concept_state_buffers
assist_17,9022,self_only,original,1.0,0.5064167380332947,0.6803953557100699,14,,student_concept_state_buffers
assist_17,9022,self_only,target_concept_mask,1.0,0.7139244079589844,0.3369781934532086,14,14,student_concept_state_buffers
assist_17,9022,self_only,random_history_mask,1.0,0.5064167380332947,0.6803953557100699,14,64,student_concept_state_buffers
assist_17,9078,self_only,original,0.0,0.14523272216320038,0.15692603676026873,11,,student_concept_state_buffers
assist_17,9078,self_only,target_concept_mask,0.0,0.18246984481811523,0.20146748981839802,11,11,student_concept_state_buffers
assist_17,9078,self_only,random_history_mask,0.0,0.14523272216320038,0.15692603676026873,11,14,student_concept_state_buffers
assist_17,9163,self_only,original,1.0,0.5956076979637146,0.5181730535349963,32,,student_concept_state_buffers
assist_17,9163,self_only,target_concept_mask,1.0,0.6635733842849731,0.4101158295398585,32,32,student_concept_state_buffers
assist_17,9163,self_only,random_history_mask,1.0,0.5956076979637146,0.5181730535349963,32,39,student_concept_state_buffers
assist_17,9187,self_only,original,0.0,0.19864390790462494,0.22144987128109608,46,,student_concept_state_buffers
assist_17,9187,self_only,target_concept_mask,0.0,0.25002792477607727,0.28771930617971725,46,46,student_concept_state_buffers
assist_17,9187,self_only,random_history_mask,0.0,0.19864390790462494,0.22144987128109608,46,0,student_concept_state_buffers
assist_17,9487,self_only,original,0.0,0.11349164694547653,0.1204647310029333,58,,student_concept_state_buffers
assist_17,9487,self_only,target_concept_mask,0.0,0.13506682217121124,0.145103026099259,58,58,student_concept_state_buffers
assist_17,9487,self_only,random_history_mask,0.0,0.11349164694547653,0.1204647310029333,58,48,student_concept_state_buffers
assist_17,9640,self_only,original,0.0,0.46785101294517517,0.6308317779924797,14,,student_concept_state_buffers
assist_17,9640,self_only,target_concept_mask,0.0,0.4286527931690216,0.5597581861193507,14,14,student_concept_state_buffers
assist_17,9640,self_only,random_history_mask,0.0,0.46785101294517517,0.6308317779924797,14,33,student_concept_state_buffers
assist_17,9955,self_only,original,1.0,0.1808241307735443,1.7102303732621107,20,,student_concept_state_buffers
assist_17,9955,self_only,target_concept_mask,1.0,0.39971083402633667,0.917013908237316,20,20,student_concept_state_buffers
assist_17,9955,self_only,random_history_mask,1.0,0.1808241307735443,1.7102303732621107,20,57,student_concept_state_buffers
assist_17,10132,self_only,original,0.0,0.083563894033432,0.08726292939002603,62,,student_concept_state_buffers
assist_17,10132,self_only,target_concept_mask,0.0,0.09093233942985535,0.09533575350417002,62,62,student_concept_state_buffers
assist_17,10132,self_only,random_history_mask,0.0,0.083563894033432,0.08726292939002603,62,48,student_concept_state_buffers
assist_17,10460,self_only,original,1.0,0.3881206214427948,0.9464391076648372,78,,student_concept_state_buffers
assist_17,10460,self_only,target_concept_mask,1.0,0.3928549885749817,0.9343147210191879,78,78,student_concept_state_buffers
assist_17,10460,self_only,random_history_mask,1.0,0.3881206214427948,0.9464391076648372,78,62,student_concept_state_buffers
assist_17,10780,self_only,original,1.0,0.7822161316871643,0.24562419339196748,14,,student_concept_state_buffers
assist_17,10780,self_only,target_concept_mask,1.0,0.7818331718444824,0.2461138964332594,14,14,student_concept_state_buffers
assist_17,10780,self_only,random_history_mask,1.0,0.7822161316871643,0.24562419339196748,14,88,student_concept_state_buffers
assist_17,10998,self_only,original,1.0,0.10211792588233948,2.2816269974071703,58,,student_concept_state_buffers
assist_17,10998,self_only,target_concept_mask,1.0,0.09626130759716034,2.340688831185719,58,58,student_concept_state_buffers
assist_17,10998,self_only,random_history_mask,1.0,0.10211792588233948,2.2816269974071703,58,37,student_concept_state_buffers
assist_17,11213,self_only,original,0.0,0.5976389646530151,0.9104054955336435,20,,student_concept_state_buffers
assist_17,11213,self_only,target_concept_mask,0.0,0.641559362411499,1.0259922181804528,20,20,student_concept_state_buffers
assist_17,11213,self_only,random_history_mask,0.0,0.5976389646530151,0.9104054955336435,20,57,student_concept_state_buffers
assist_17,11344,self_only,original,0.0,0.15631349384784698,0.1699742915947875,33,,student_concept_state_buffers
assist_17,11344,self_only,target_concept_mask,0.0,0.19033515453338623,0.21113488797137742,33,33,student_concept_state_buffers
assist_17,11344,self_only,random_history_mask,0.0,0.15631349384784698,0.1699742915947875,33,13,student_concept_state_buffers
assist_17,11595,self_only,original,1.0,0.44285255670547485,0.8145183934441818,14,,student_concept_state_buffers
assist_17,11595,self_only,target_concept_mask,1.0,0.5420100092887878,0.612470810390523,14,14,student_concept_state_buffers
assist_17,11595,self_only,random_history_mask,1.0,0.44285255670547485,0.8145183934441818,14,41,student_concept_state_buffers
assist_17,11790,self_only,original,1.0,0.07040313631296158,2.653517466910435,64,,student_concept_state_buffers
assist_17,11790,self_only,target_concept_mask,1.0,0.1558440625667572,1.8588993705958372,64,64,student_concept_state_buffers
assist_17,11790,self_only,random_history_mask,1.0,0.07040313631296158,2.653517466910435,64,28,student_concept_state_buffers
assist_17,11886,self_only,original,0.0,0.05646863207221031,0.0581256683798207,52,,student_concept_state_buffers
assist_17,11886,self_only,target_concept_mask,0.0,0.061623603105545044,0.06360413445871595,52,52,student_concept_state_buffers
assist_17,11886,self_only,random_history_mask,0.0,0.05646863207221031,0.0581256683798207,52,4,student_concept_state_buffers
assist_17,11937,self_only,original,1.0,0.2583693265914917,1.353365219260989,59,,student_concept_state_buffers
assist_17,11937,self_only,target_concept_mask,1.0,0.254568874835968,1.3681838515655549,59,59,student_concept_state_buffers
assist_17,11937,self_only,random_history_mask,1.0,0.2583693265914917,1.353365219260989,59,67,student_concept_state_buffers
assist_17,12070,self_only,original,1.0,0.6884965300559998,0.3732450006866945,10,,student_concept_state_buffers
assist_17,12070,self_only,target_concept_mask,1.0,0.7508304119110107,0.2865754690818573,10,10,student_concept_state_buffers
assist_17,12070,self_only,random_history_mask,1.0,0.6884965300559998,0.3732450006866945,10,11,student_concept_state_buffers
assist_17,12187,self_only,original,1.0,0.7797266244888306,0.24881190215604482,32,,student_concept_state_buffers
assist_17,12187,self_only,target_concept_mask,1.0,0.8232933282852173,0.1944427283359802,32,32,student_concept_state_buffers
assist_17,12187,self_only,random_history_mask,1.0,0.7797266244888306,0.24881190215604482,32,25,student_concept_state_buffers
assist_17,12195,self_only,original,0.0,0.2864404022693634,0.33748931684910777,58,,student_concept_state_buffers
assist_17,12195,self_only,target_concept_mask,0.0,0.309353768825531,0.37012755277646237,58,58,student_concept_state_buffers
assist_17,12195,self_only,random_history_mask,0.0,0.2864404022693634,0.33748931684910777,58,4,student_concept_state_buffers
assist_17,12266,self_only,original,1.0,0.6488558053970337,0.432544766629193,71,,student_concept_state_buffers
assist_17,12266,self_only,target_concept_mask,1.0,0.6903977990150452,0.370487327203161,71,71,student_concept_state_buffers
assist_17,12266,self_only,random_history_mask,1.0,0.6488558053970337,0.432544766629193,71,34,student_concept_state_buffers
assist_17,12287,self_only,original,1.0,0.7163301110267639,0.333614169351827,14,,student_concept_state_buffers
assist_17,12287,self_only,target_concept_mask,1.0,0.7123120427131653,0.3392392013414137,14,14,student_concept_state_buffers
assist_17,12287,self_only,random_history_mask,1.0,0.7163301110267639,0.333614169351827,14,58,student_concept_state_buffers
assist_17,12434,self_only,original,1.0,0.6008477807044983,0.5094136532248954,51,,student_concept_state_buffers
assist_17,12434,self_only,target_concept_mask,1.0,0.5651645660400391,0.5706383229182864,51,51,student_concept_state_buffers
assist_17,12434,self_only,random_history_mask,1.0,0.6008477807044983,0.5094136532248954,51,46,student_concept_state_buffers
assist_17,12813,self_only,original,1.0,0.43155670166015625,0.840356371158503,28,,student_concept_state_buffers
assist_17,12813,self_only,target_concept_mask,1.0,0.4569746255874634,0.7831274135080759,28,28,student_concept_state_buffers
assist_17,12813,self_only,random_history_mask,1.0,0.43155670166015625,0.840356371158503,28,7,student_concept_state_buffers
assist_17,13021,self_only,original,0.0,0.2917803227901459,0.34500095486985854,12,,student_concept_state_buffers
assist_17,13021,self_only,target_concept_mask,0.0,0.2683641314506531,0.3124723361257568,12,12,student_concept_state_buffers
assist_17,13021,self_only,random_history_mask,0.0,0.2917803227901459,0.34500095486985854,12,79,student_concept_state_buffers
assist_17,13044,self_only,original,0.0,0.27836909890174866,0.32624148812087544,2,,student_concept_state_buffers
assist_17,13044,self_only,target_concept_mask,0.0,0.347320556640625,0.4266691686134415,2,2,student_concept_state_buffers
assist_17,13044,self_only,random_history_mask,0.0,0.27836909890174866,0.32624148812087544,2,41,student_concept_state_buffers
assist_17,13085,self_only,original,1.0,0.7406764626502991,0.3001913716376391,38,,student_concept_state_buffers
assist_17,13085,self_only,target_concept_mask,1.0,0.7059838771820068,0.3481628786023414,38,38,student_concept_state_buffers
assist_17,13085,self_only,random_history_mask,1.0,0.7406764626502991,0.3001913716376391,38,92,student_concept_state_buffers
assist_17,13379,self_only,original,1.0,0.28099870681762695,1.269405211731483,20,,student_concept_state_buffers
assist_17,13379,self_only,target_concept_mask,1.0,0.5247655510902405,0.6448036854842247,20,20,student_concept_state_buffers
assist_17,13379,self_only,random_history_mask,1.0,0.28099870681762695,1.269405211731483,20,13,student_concept_state_buffers
assist_17,13402,self_only,original,0.0,0.271134614944458,0.31626622101296226,36,,student_concept_state_buffers
assist_17,13402,self_only,target_concept_mask,0.0,0.31256982684135437,0.3747950209143154,36,36,student_concept_state_buffers
assist_17,13402,self_only,random_history_mask,0.0,0.271134614944458,0.31626622101296226,36,3,student_concept_state_buffers
assist_17,13683,self_only,original,1.0,0.540828287601471,0.6146534486659612,20,,student_concept_state_buffers
assist_17,13683,self_only,target_concept_mask,1.0,0.5601670742034912,0.5795201929575476,20,20,student_concept_state_buffers
assist_17,13683,self_only,random_history_mask,1.0,0.540828287601471,0.6146534486659612,20,36,student_concept_state_buffers
assist_17,13726,self_only,original,1.0,0.8558887243270874,0.15561490623546148,14,,student_concept_state_buffers
assist_17,13726,self_only,target_concept_mask,1.0,0.8479640483856201,0.1649170398606345,14,14,student_concept_state_buffers
assist_17,13726,self_only,random_history_mask,1.0,0.8558887243270874,0.15561490623546148,14,75,student_concept_state_buffers
assist_17,13830,self_only,original,0.0,0.6120193600654602,0.9467998376796924,51,,student_concept_state_buffers
assist_17,13830,self_only,target_concept_mask,0.0,0.6248076558113098,0.9803164666726096,51,51,student_concept_state_buffers
assist_17,13830,self_only,random_history_mask,0.0,0.6120193600654602,0.9467998376796924,51,6,student_concept_state_buffers
assist_17,14113,self_only,original,0.0,0.28002530336380005,0.32853921115041884,3,,student_concept_state_buffers
assist_17,14113,self_only,target_concept_mask,0.0,0.25262343883514404,0.2911861229190844,3,3,student_concept_state_buffers
assist_17,14113,self_only,random_history_mask,0.0,0.28002530336380005,0.32853921115041884,3,8,student_concept_state_buffers
assist_17,14115,self_only,original,1.0,0.4403780400753021,0.8201217389660744,59,,student_concept_state_buffers
assist_17,14115,self_only,target_concept_mask,1.0,0.4642576277256012,0.7673156486729852,59,59,student_concept_state_buffers
assist_17,14115,self_only,random_history_mask,1.0,0.4403780400753021,0.8201217389660744,59,65,student_concept_state_buffers
assist_17,14276,self_only,original,0.0,0.41427311301231384,0.5349016612072617,62,,student_concept_state_buffers
assist_17,14276,self_only,target_concept_mask,0.0,0.4626322090625763,0.621072519584966,62,62,student_concept_state_buffers
assist_17,14276,self_only,random_history_mask,0.0,0.41427311301231384,0.5349016612072617,62,44,student_concept_state_buffers
assist_17,14438,self_only,original,0.0,0.20461586117744446,0.22893008754069602,13,,student_concept_state_buffers
assist_17,14438,self_only,target_concept_mask,0.0,0.3239399790763855,0.3914734185320829,13,13,student_concept_state_buffers
assist_17,14438,self_only,random_history_mask,0.0,0.20461586117744446,0.22893008754069602,13,74,student_concept_state_buffers
assist_17,14610,self_only,original,1.0,0.5883894562721252,0.5303662097353851,56,,student_concept_state_buffers
assist_17,14610,self_only,target_concept_mask,1.0,0.5804189443588257,0.5440051183276198,56,56,student_concept_state_buffers
assist_17,14610,self_only,random_history_mask,1.0,0.5883894562721252,0.5303662097353851,56,23,student_concept_state_buffers
assist_17,14656,self_only,original,0.0,0.2051495909690857,0.22960134677399935,66,,student_concept_state_buffers
assist_17,14656,self_only,target_concept_mask,0.0,0.22868308424949646,0.2596559448027015,66,66,student_concept_state_buffers
assist_17,14656,self_only,random_history_mask,0.0,0.2051495909690857,0.22960134677399935,66,7,student_concept_state_buffers
assist_17,14874,self_only,original,0.0,0.06755155324935913,0.06994141397834552,36,,student_concept_state_buffers
assist_17,14874,self_only,target_concept_mask,0.0,0.1528991013765335,0.16593546672183657,36,36,student_concept_state_buffers
assist_17,14874,self_only,random_history_mask,0.0,0.06755155324935913,0.06994141397834552,36,79,student_concept_state_buffers
assist_17,14942,self_only,original,1.0,0.8719285130500793,0.13704783888089467,14,,student_concept_state_buffers
assist_17,14942,self_only,target_concept_mask,1.0,0.8495299816131592,0.16307204524613927,14,14,student_concept_state_buffers
assist_17,14942,self_only,random_history_mask,1.0,0.8719285130500793,0.13704783888089467,14,85,student_concept_state_buffers
assist_17,15068,self_only,original,1.0,0.7679480910301208,0.2640331379232888,14,,student_concept_state_buffers
assist_17,15068,self_only,target_concept_mask,1.0,0.6773769855499268,0.38952731385833644,14,14,student_concept_state_buffers
assist_17,15068,self_only,random_history_mask,1.0,0.7679480910301208,0.2640331379232888,14,2,student_concept_state_buffers
assist_17,15084,self_only,original,1.0,0.6574721336364746,0.41935289813031235,20,,student_concept_state_buffers
assist_17,15084,self_only,target_concept_mask,1.0,0.7093528509140015,0.3434022021809728,20,20,student_concept_state_buffers
assist_17,15084,self_only,random_history_mask,1.0,0.6574721336364746,0.41935289813031235,20,78,student_concept_state_buffers
assist_17,15386,self_only,original,1.0,0.9001494646072388,0.10519445766039791,60,,student_concept_state_buffers
assist_17,15386,self_only,target_concept_mask,1.0,0.8644493818283081,0.14566252753565292,60,60,student_concept_state_buffers
assist_17,15386,self_only,random_history_mask,1.0,0.9001494646072388,0.10519445766039791,60,58,student_concept_state_buffers
assist_17,15391,self_only,original,1.0,0.7368343472480774,0.30539217834136145,13,,student_concept_state_buffers
assist_17,15391,self_only,target_concept_mask,1.0,0.6026285886764526,0.5064542112001097,13,13,student_concept_state_buffers
assist_17,15391,self_only,random_history_mask,1.0,0.7368343472480774,0.30539217834136145,13,71,student_concept_state_buffers
assist_17,15527,self_only,original,0.0,0.08360345661640167,0.08730610036146179,36,,student_concept_state_buffers
assist_17,15527,self_only,target_concept_mask,0.0,0.12459546327590942,0.13306917178036273,36,36,student_concept_state_buffers
assist_17,15527,self_only,random_history_mask,0.0,0.08360345661640167,0.08730610036146179,36,26,student_concept_state_buffers
assist_17,15654,self_only,original,1.0,0.16251429915428162,1.8169892862880805,57,,student_concept_state_buffers
assist_17,15654,self_only,target_concept_mask,1.0,0.260063499212265,1.346829450045868,57,57,student_concept_state_buffers
assist_17,15654,self_only,random_history_mask,1.0,0.20063593983650208,1.606263257804424,57,54,student_concept_state_buffers
assist_17,16017,self_only,original,1.0,0.6940822005271912,0.36516488092566,57,,student_concept_state_buffers
assist_17,16017,self_only,target_concept_mask,1.0,0.727013885974884,0.31880970125292024,57,57,student_concept_state_buffers
assist_17,16017,self_only,random_history_mask,1.0,0.6940822005271912,0.36516488092566,57,47,student_concept_state_buffers
assist_17,16219,self_only,original,0.0,0.10035006701946259,0.10574955467865195,88,,student_concept_state_buffers
assist_17,16219,self_only,target_concept_mask,0.0,0.11762551963329315,0.12513873216968388,88,88,student_concept_state_buffers
assist_17,16219,self_only,random_history_mask,0.0,0.10035006701946259,0.10574955467865195,88,2,student_concept_state_buffers
assist_17,16241,self_only,original,0.0,0.39054757356643677,0.4951943865385359,58,,student_concept_state_buffers
assist_17,16241,self_only,target_concept_mask,0.0,0.4691098928451538,0.6332002336688856,58,58,student_concept_state_buffers
assist_17,16241,self_only,random_history_mask,0.0,0.39054757356643677,0.4951943865385359,58,52,student_concept_state_buffers
assist_17,16282,self_only,original,1.0,0.5529640316963196,0.5924623217156049,63,,student_concept_state_buffers
assist_17,16282,self_only,target_concept_mask,1.0,0.5223069787025452,0.6494997821461971,63,63,student_concept_state_buffers
assist_17,16282,self_only,random_history_mask,1.0,0.5529640316963196,0.5924623217156049,63,78,student_concept_state_buffers
assist_17,16424,self_only,original,0.0,0.23785248398780823,0.27161515146454573,34,,student_concept_state_buffers
assist_17,16424,self_only,target_concept_mask,0.0,0.25053486227989197,0.28839547657051867,34,34,student_concept_state_buffers
assist_17,16424,self_only,random_history_mask,0.0,0.23785248398780823,0.27161515146454573,34,24,student_concept_state_buffers
assist_17,16614,self_only,original,1.0,0.5560427904129028,0.5869100265186282,20,,student_concept_state_buffers
assist_17,16614,self_only,target_concept_mask,1.0,0.4851732850074768,0.7232491631818435,20,20,student_concept_state_buffers
assist_17,16614,self_only,random_history_mask,1.0,0.5560427904129028,0.5869100265186282,20,7,student_concept_state_buffers
assist_17,16616,self_only,original,1.0,0.7788106799125671,0.24998729228514607,14,,student_concept_state_buffers
assist_17,16616,self_only,target_concept_mask,1.0,0.8301454186439514,0.18615439035229547,14,14,student_concept_state_buffers
assist_17,16616,self_only,random_history_mask,1.0,0.7788106799125671,0.24998729228514607,14,62,student_concept_state_buffers
assist_17,16984,self_only,original,0.0,0.17577752470970154,0.1933147912302201,13,,student_concept_state_buffers
assist_17,16984,self_only,target_concept_mask,0.0,0.25852662324905396,0.2991160226327595,13,13,student_concept_state_buffers
assist_17,16984,self_only,random_history_mask,0.0,0.17577752470970154,0.1933147912302201,13,10,student_concept_state_buffers
assist_17,17674,self_only,original,0.0,0.33049091696739197,0.40121054705330816,35,,student_concept_state_buffers
assist_17,17674,self_only,target_concept_mask,0.0,0.32712745666503906,0.39619935310532367,35,35,student_concept_state_buffers
assist_17,17674,self_only,random_history_mask,0.0,0.33049091696739197,0.40121054705330816,35,48,student_concept_state_buffers
assist_17,17693,self_only,original,0.0,0.07343126833438873,0.07626705180358133,35,,student_concept_state_buffers
assist_17,17693,self_only,target_concept_mask,0.0,0.10788821429014206,0.11416383395152947,35,35,student_concept_state_buffers
assist_17,17693,self_only,random_history_mask,0.0,0.07343126833438873,0.07626705180358133,35,48,student_concept_state_buffers
assist_17,17822,self_only,original,0.0,0.32853227853775024,0.39828933347838097,20,,student_concept_state_buffers
assist_17,17822,self_only,target_concept_mask,0.0,0.41049739718437195,0.5284761437207726,20,20,student_concept_state_buffers
assist_17,17822,self_only,random_history_mask,0.0,0.32853227853775024,0.39828933347838097,20,60,student_concept_state_buffers
assist_17,18375,self_only,original,1.0,0.4976724684238434,0.6978131122610387,34,,student_concept_state_buffers
assist_17,18375,self_only,target_concept_mask,1.0,0.5467122197151184,0.603832721556482,34,34,student_concept_state_buffers
assist_17,18375,self_only,random_history_mask,1.0,0.4976724684238434,0.6978131122610387,34,88,student_concept_state_buffers
assist_17,18469,self_only,original,0.0,0.008228451013565063,0.008262491579300753,57,,student_concept_state_buffers
assist_17,18469,self_only,target_concept_mask,0.0,0.027120523154735565,0.02749507204773296,57,57,student_concept_state_buffers
assist_17,18469,self_only,random_history_mask,0.0,0.008228451013565063,0.008262491579300753,57,13,student_concept_state_buffers
assist_17,18485,self_only,original,0.0,0.16942943632602692,0.18564238824737708,20,,student_concept_state_buffers
assist_17,18485,self_only,target_concept_mask,0.0,0.4095408022403717,0.5268547435142523,20,20,student_concept_state_buffers
assist_17,18485,self_only,random_history_mask,0.0,0.16942943632602692,0.18564238824737708,20,13,student_concept_state_buffers
assist_17,18689,self_only,original,0.0,0.4503822326660156,0.5985322108418258,34,,student_concept_state_buffers
assist_17,18689,self_only,target_concept_mask,0.0,0.5251444578170776,0.7447446429220479,34,34,student_concept_state_buffers
assist_17,18689,self_only,random_history_mask,0.0,0.4503822326660156,0.5985322108418258,34,5,student_concept_state_buffers
assist_17,18738,self_only,original,1.0,0.6627812385559082,0.41131030017328796,13,,student_concept_state_buffers
assist_17,18738,self_only,target_concept_mask,1.0,0.6295373439788818,0.462770104018398,13,13,student_concept_state_buffers
assist_17,18738,self_only,random_history_mask,1.0,0.6627812385559082,0.41131030017328796,13,36,student_concept_state_buffers
assist_17,18799,self_only,original,1.0,0.4619579613208771,0.7722813848524497,36,,student_concept_state_buffers
assist_17,18799,self_only,target_concept_mask,1.0,0.6388903260231018,0.4480224731020266,36,36,student_concept_state_buffers
assist_17,18799,self_only,random_history_mask,1.0,0.4619579613208771,0.7722813848524497,36,67,student_concept_state_buffers
assist_17,19045,self_only,original,0.0,0.06401335448026657,0.06615407021345068,5,,student_concept_state_buffers
assist_17,19045,self_only,target_concept_mask,0.0,0.1333104372024536,0.1430744253770852,5,5,student_concept_state_buffers
assist_17,19045,self_only,random_history_mask,0.0,0.06401335448026657,0.06615407021345068,5,71,student_concept_state_buffers
assist_17,19172,self_only,original,1.0,0.5049800872802734,0.683236281612376,41,,student_concept_state_buffers
assist_17,19172,self_only,target_concept_mask,1.0,0.6471109390258789,0.43523753237028506,41,41,student_concept_state_buffers
assist_17,19172,self_only,random_history_mask,1.0,0.5049800872802734,0.683236281612376,41,50,student_concept_state_buffers
assist_17,19311,self_only,original,1.0,0.34989026188850403,1.0501357111232412,75,,student_concept_state_buffers
assist_17,19311,self_only,target_concept_mask,1.0,0.36371153593063354,1.01139420923366,75,75,student_concept_state_buffers
assist_17,19311,self_only,random_history_mask,1.0,0.34989026188850403,1.0501357111232412,75,6,student_concept_state_buffers
assist_17,19374,self_only,original,0.0,0.23552459478378296,0.2685654252015246,26,,student_concept_state_buffers
assist_17,19374,self_only,target_concept_mask,0.0,0.41716867685317993,0.5398574601430641,26,26,student_concept_state_buffers
assist_17,19374,self_only,random_history_mask,0.0,0.23552459478378296,0.2685654252015246,26,31,student_concept_state_buffers
assist_17,19477,self_only,original,1.0,0.13532941043376923,2.0000433954112355,20,,student_concept_state_buffers
assist_17,19477,self_only,target_concept_mask,1.0,0.24433133006095886,1.4092300647291622,20,20,student_concept_state_buffers
assist_17,19477,self_only,random_history_mask,1.0,0.13532941043376923,2.0000433954112355,20,13,student_concept_state_buffers
assist_17,19621,self_only,original,0.0,0.015917234122753143,0.016045273803202528,20,,student_concept_state_buffers
assist_17,19621,self_only,target_concept_mask,0.0,0.03126423805952072,0.03176339577435076,20,20,student_concept_state_buffers
assist_17,19621,self_only,random_history_mask,0.0,0.015917234122753143,0.016045273803202528,20,63,student_concept_state_buffers
assist_17,19631,self_only,original,1.0,0.08138689398765564,2.5085410264594032,12,,student_concept_state_buffers
assist_17,19631,self_only,target_concept_mask,1.0,0.1175452172756195,2.140932191547567,12,12,student_concept_state_buffers
assist_17,19631,self_only,random_history_mask,1.0,0.08138689398765564,2.5085410264594032,12,60,student_concept_state_buffers
assist_17,19674,self_only,original,0.0,0.22159747779369354,0.2505115078711072,20,,student_concept_state_buffers
assist_17,19674,self_only,target_concept_mask,0.0,0.26365554332733154,0.3060572579531003,20,20,student_concept_state_buffers
assist_17,19674,self_only,random_history_mask,0.0,0.22159747779369354,0.2505115078711072,20,79,student_concept_state_buffers
assist_17,19815,self_only,original,0.0,0.14052961766719818,0.15143891393527756,34,,student_concept_state_buffers
assist_17,19815,self_only,target_concept_mask,0.0,0.14652852714061737,0.15844316102106823,34,34,student_concept_state_buffers
assist_17,19815,self_only,random_history_mask,0.0,0.14052961766719818,0.15143891393527756,34,12,student_concept_state_buffers
assist_17,19914,self_only,original,1.0,0.40839675068855286,0.8955161489217277,7,,student_concept_state_buffers
assist_17,19914,self_only,target_concept_mask,1.0,0.5990613102912903,0.5123913316950433,7,7,student_concept_state_buffers
assist_17,19914,self_only,random_history_mask,1.0,0.40839675068855286,0.8955161489217277,7,91,student_concept_state_buffers
assist_17,20003,self_only,original,1.0,0.164220929145813,1.806542628784161,4,,student_concept_state_buffers
assist_17,20003,self_only,target_concept_mask,1.0,0.2162756621837616,1.531201471152907,4,4,student_concept_state_buffers
assist_17,20003,self_only,random_history_mask,1.0,0.164220929145813,1.806542628784161,4,45,student_concept_state_buffers
assist_17,20086,self_only,original,1.0,0.7716008424758911,0.25928790609541635,20,,student_concept_state_buffers
assist_17,20086,self_only,target_concept_mask,1.0,0.8273593187332153,0.18951619375699832,20,20,student_concept_state_buffers
assist_17,20086,self_only,random_history_mask,1.0,0.7716008424758911,0.25928790609541635,20,32,student_concept_state_buffers
assist_17,20182,self_only,original,0.0,0.306918203830719,0.3666072547671566,2,,student_concept_state_buffers
assist_17,20182,self_only,target_concept_mask,0.0,0.37666699290275574,0.4726743811751563,2,2,student_concept_state_buffers
assist_17,20182,self_only,random_history_mask,0.0,0.306918203830719,0.3666072547671566,2,67,student_concept_state_buffers
assist_17,20288,self_only,original,0.0,0.04618232324719429,0.047282740313435274,20,,student_concept_state_buffers
assist_17,20288,self_only,target_concept_mask,0.0,0.0875682532787323,0.09164199443668812,20,20,student_concept_state_buffers
assist_17,20288,self_only,random_history_mask,0.0,0.04618232324719429,0.047282740313435274,20,31,student_concept_state_buffers
assist_17,20293,self_only,original,0.0,0.13592278957366943,0.14609315025143452,20,,student_concept_state_buffers
assist_17,20293,self_only,target_concept_mask,0.0,0.41421353816986084,0.5347999554220659,20,20,student_concept_state_buffers
assist_17,20293,self_only,random_history_mask,0.0,0.13592278957366943,0.14609315025143452,20,59,student_concept_state_buffers
assist_17,20475,self_only,original,0.0,0.4167909324169159,0.5392095504265887,58,,student_concept_state_buffers
assist_17,20475,self_only,target_concept_mask,0.0,0.5142800807952881,0.7221231191378159,58,58,student_concept_state_buffers
assist_17,20475,self_only,random_history_mask,0.0,0.4167909324169159,0.5392095504265887,58,10,student_concept_state_buffers
assist_17,20683,self_only,original,0.0,0.13576994836330414,0.14591628215150965,57,,student_concept_state_buffers
assist_17,20683,self_only,target_concept_mask,0.0,0.2767772376537323,0.3240379959162573,57,57,student_concept_state_buffers
assist_17,20683,self_only,random_history_mask,0.0,0.13576994836330414,0.14591628215150965,57,11,student_concept_state_buffers
assist_17,21304,self_only,original,1.0,0.7124313712120056,0.3390716925844641,2,,student_concept_state_buffers
assist_17,21304,self_only,target_concept_mask,1.0,0.7121608257293701,0.33945151424355907,2,2,student_concept_state_buffers
assist_17,21304,self_only,random_history_mask,1.0,0.7124313712120056,0.3390716925844641,2,36,student_concept_state_buffers
assist_17,21377,self_only,original,0.0,0.4800693392753601,0.6540598210581748,7,,student_concept_state_buffers
assist_17,21377,self_only,target_concept_mask,0.0,0.5561738610267639,0.8123223721260534,7,7,student_concept_state_buffers
assist_17,21377,self_only,random_history_mask,0.0,0.4800693392753601,0.6540598210581748,7,44,student_concept_state_buffers
assist_17,21925,self_only,original,0.0,0.18160612881183624,0.20041155314577727,84,,student_concept_state_buffers
assist_17,21925,self_only,target_concept_mask,0.0,0.21567849814891815,0.24293626379941202,84,84,student_concept_state_buffers
assist_17,21925,self_only,random_history_mask,0.0,0.18160612881183624,0.20041155314577727,84,36,student_concept_state_buffers
assist_17,21983,self_only,original,0.0,0.41202014684677124,0.531062595015361,57,,student_concept_state_buffers
assist_17,21983,self_only,target_concept_mask,0.0,0.5730457305908203,0.8510783688912383,57,57,student_concept_state_buffers
assist_17,21983,self_only,random_history_mask,0.0,0.41202014684677124,0.531062595015361,57,32,student_concept_state_buffers
assist_17,22027,self_only,original,0.0,0.3797757029533386,0.4776740969356829,14,,student_concept_state_buffers
assist_17,22027,self_only,target_concept_mask,0.0,0.38641422986984253,0.4884352199897915,14,14,student_concept_state_buffers
assist_17,22027,self_only,random_history_mask,0.0,0.3797757029533386,0.4776740969356829,14,9,student_concept_state_buffers
assist_17,22315,self_only,original,0.0,0.19242243468761444,0.21371617238400922,13,,student_concept_state_buffers
assist_17,22315,self_only,target_concept_mask,0.0,0.18370933830738068,0.20298478438859652,13,13,student_concept_state_buffers
assist_17,22315,self_only,random_history_mask,0.0,0.19242243468761444,0.21371617238400922,13,59,student_concept_state_buffers
assist_17,22960,self_only,original,1.0,0.38190436363220215,0.9625850587038672,47,,student_concept_state_buffers
assist_17,22960,self_only,target_concept_mask,1.0,0.5300756692886353,0.6347355103842481,47,47,student_concept_state_buffers
assist_17,22960,self_only,random_history_mask,1.0,0.38190436363220215,0.9625850587038672,47,55,student_concept_state_buffers
assist_17,23149,self_only,original,0.0,0.04947816953063011,0.05074414996403755,5,,student_concept_state_buffers
assist_17,23149,self_only,target_concept_mask,0.0,0.07466413825750351,0.07759851359663288,5,5,student_concept_state_buffers
assist_17,23149,self_only,random_history_mask,0.0,0.04947816953063011,0.05074414996403755,5,45,student_concept_state_buffers
assist_17,23561,self_only,original,0.0,0.07049417495727539,0.0731022049841969,4,,student_concept_state_buffers
assist_17,23561,self_only,target_concept_mask,0.0,0.16577699780464172,0.18125452364193265,4,4,student_concept_state_buffers
assist_17,23561,self_only,random_history_mask,0.0,0.07049417495727539,0.0731022049841969,4,43,student_concept_state_buffers
assist_17,23583,self_only,original,0.0,0.5789973139762878,0.865116065216279,20,,student_concept_state_buffers
assist_17,23583,self_only,target_concept_mask,0.0,0.3391033113002777,0.4141577468077015,20,20,student_concept_state_buffers
assist_17,23583,self_only,random_history_mask,0.0,0.5789973139762878,0.865116065216279,20,39,student_concept_state_buffers
assist_17,23605,self_only,original,1.0,0.7281017303466797,0.31731450106090636,20,,student_concept_state_buffers
assist_17,23605,self_only,target_concept_mask,1.0,0.6880257725715637,0.37392898161731986,20,20,student_concept_state_buffers
assist_17,23605,self_only,random_history_mask,1.0,0.7281017303466797,0.31731450106090636,20,8,student_concept_state_buffers
assist_17,23615,self_only,original,1.0,0.6350937485694885,0.45398265544399796,76,,student_concept_state_buffers
assist_17,23615,self_only,target_concept_mask,1.0,0.7329670190811157,0.31065457254007683,76,76,student_concept_state_buffers
assist_17,23615,self_only,random_history_mask,1.0,0.6350937485694885,0.45398265544399796,76,12,student_concept_state_buffers
assist_17,23639,self_only,original,1.0,0.8149850964546204,0.2045854524672235,51,,student_concept_state_buffers
assist_17,23639,self_only,target_concept_mask,1.0,0.753885805606842,0.28251437389392153,51,51,student_concept_state_buffers
assist_17,23639,self_only,random_history_mask,1.0,0.8149850964546204,0.2045854524672235,51,88,student_concept_state_buffers
assist_17,23683,self_only,original,1.0,0.261715292930603,1.340498034276817,36,,student_concept_state_buffers
assist_17,23683,self_only,target_concept_mask,1.0,0.2354777306318283,1.4461389320698552,36,36,student_concept_state_buffers
assist_17,23683,self_only,random_history_mask,1.0,0.261715292930603,1.340498034276817,36,0,student_concept_state_buffers
assist_17,23965,self_only,original,0.0,0.44487521052360535,0.5885623446063405,56,,student_concept_state_buffers
assist_17,23965,self_only,target_concept_mask,0.0,0.441125750541687,0.5818307873797991,56,56,student_concept_state_buffers
assist_17,23965,self_only,random_history_mask,0.0,0.44487521052360535,0.5885623446063405,56,2,student_concept_state_buffers
assist_17,24101,self_only,original,1.0,0.8106163144111633,0.20996043865051112,33,,student_concept_state_buffers
assist_17,24101,self_only,target_concept_mask,1.0,0.686771810054779,0.37575319614951236,33,33,student_concept_state_buffers
assist_17,24101,self_only,random_history_mask,1.0,0.8106163144111633,0.20996043865051112,33,34,student_concept_state_buffers
assist_17,24200,self_only,original,0.0,0.112300805747509,0.11912233858824492,28,,student_concept_state_buffers
assist_17,24200,self_only,target_concept_mask,0.0,0.13486818969249725,0.14487340180080913,28,28,student_concept_state_buffers
assist_17,24200,self_only,random_history_mask,0.0,0.112300805747509,0.11912233858824492,28,11,student_concept_state_buffers
assist_17,24231,self_only,original,0.0,0.24809907376766205,0.2851507107431652,63,,student_concept_state_buffers
assist_17,24231,self_only,target_concept_mask,0.0,0.25381332635879517,0.29277947731836296,63,63,student_concept_state_buffers
assist_17,24231,self_only,random_history_mask,0.0,0.24809907376766205,0.2851507107431652,63,2,student_concept_state_buffers
assist_17,24290,self_only,original,0.0,0.4781811237335205,0.6504347316435172,14,,student_concept_state_buffers
assist_17,24290,self_only,target_concept_mask,0.0,0.3980289399623871,0.5075459078560821,14,14,student_concept_state_buffers
assist_17,24290,self_only,random_history_mask,0.0,0.4781811237335205,0.6504347316435172,14,27,student_concept_state_buffers
assist_17,24347,self_only,original,1.0,0.262348473072052,1.3380816090605523,51,,student_concept_state_buffers
assist_17,24347,self_only,target_concept_mask,1.0,0.4293389320373535,0.8455086206112995,51,51,student_concept_state_buffers
assist_17,24347,self_only,random_history_mask,1.0,0.262348473072052,1.3380816090605523,51,41,student_concept_state_buffers
assist_17,24514,self_only,original,0.0,0.09710051119327545,0.10214403983707232,65,,student_concept_state_buffers
assist_17,24514,self_only,target_concept_mask,0.0,0.15727628767490387,0.17111611808648322,65,65,student_concept_state_buffers
assist_17,24514,self_only,random_history_mask,0.0,0.09710051119327545,0.10214403983707232,65,4,student_concept_state_buffers
assist_17,24547,self_only,original,1.0,0.43909740447998047,0.8230340124317521,51,,student_concept_state_buffers
assist_17,24547,self_only,target_concept_mask,1.0,0.4940672516822815,0.7050836340513492,51,51,student_concept_state_buffers
assist_17,24547,self_only,random_history_mask,1.0,0.43909740447998047,0.8230340124317521,51,24,student_concept_state_buffers
assist_17,25150,self_only,original,0.0,0.16706587374210358,0.18280072006486545,58,,student_concept_state_buffers
assist_17,25150,self_only,target_concept_mask,0.0,0.250722736120224,0.2886461852194707,58,58,student_concept_state_buffers
assist_17,25150,self_only,random_history_mask,0.0,0.16706587374210358,0.18280072006486545,58,30,student_concept_state_buffers
assist_17,25330,self_only,original,1.0,0.7465905547142029,0.2922383636475739,56,,student_concept_state_buffers
assist_17,25330,self_only,target_concept_mask,1.0,0.7357772588729858,0.30682784345803504,56,56,student_concept_state_buffers
assist_17,25330,self_only,random_history_mask,1.0,0.7465905547142029,0.2922383636475739,56,2,student_concept_state_buffers
assist_17,25428,self_only,original,0.0,0.050150904804468155,0.051452154167695316,68,,student_concept_state_buffers
assist_17,25428,self_only,target_concept_mask,0.0,0.029216110706329346,0.029651400556155238,68,68,student_concept_state_buffers
assist_17,25428,self_only,random_history_mask,0.0,0.050150904804468155,0.051452154167695316,68,37,student_concept_state_buffers
assist_17,25582,self_only,original,0.0,0.1513136923313141,0.16406564543618243,14,,student_concept_state_buffers
assist_17,25582,self_only,target_concept_mask,0.0,0.3891315162181854,0.49287359047254664,14,14,student_concept_state_buffers
assist_17,25582,self_only,random_history_mask,0.0,0.1513136923313141,0.16406564543618243,14,36,student_concept_state_buffers
assist_17,25606,self_only,original,0.0,0.050353042781353,0.051664987437225904,8,,student_concept_state_buffers
assist_17,25606,self_only,target_concept_mask,0.0,0.05529549717903137,0.05688309581534994,8,8,student_concept_state_buffers
assist_17,25606,self_only,random_history_mask,0.0,0.050353042781353,0.051664987437225904,8,4,student_concept_state_buffers
assist_17,25649,self_only,original,1.0,0.1601640284061432,1.8315568113455336,7,,student_concept_state_buffers
assist_17,25649,self_only,target_concept_mask,1.0,0.26008689403533936,1.3467394959733772,7,7,student_concept_state_buffers
assist_17,25649,self_only,random_history_mask,1.0,0.1601640284061432,1.8315568113455336,7,39,student_concept_state_buffers
assist_17,25836,self_only,original,0.0,0.11177540570497513,0.118530646465812,68,,student_concept_state_buffers
assist_17,25836,self_only,target_concept_mask,0.0,0.17513462901115417,0.19253509264403795,68,68,student_concept_state_buffers
assist_17,25836,self_only,random_history_mask,0.0,0.11177540570497513,0.118530646465812,68,55,student_concept_state_buffers
assist_17,25871,self_only,original,0.0,0.10221459716558456,0.10782421158312706,88,,student_concept_state_buffers
assist_17,25871,self_only,target_concept_mask,0.0,0.11939048022031784,0.1271409751582971,88,88,student_concept_state_buffers
assist_17,25871,self_only,random_history_mask,0.0,0.10221459716558456,0.10782421158312706,88,74,student_concept_state_buffers
assist_17,26693,self_only,original,0.0,0.1173110082745552,0.12478235817289633,4,,student_concept_state_buffers
assist_17,26693,self_only,target_concept_mask,0.0,0.22471554577350616,0.2545252792590485,4,4,student_concept_state_buffers
assist_17,26693,self_only,random_history_mask,0.0,0.1173110082745552,0.12478235817289633,4,27,student_concept_state_buffers
assist_17,26695,self_only,original,0.0,0.07392559945583344,0.07680070140353042,57,,student_concept_state_buffers
assist_17,26695,self_only,target_concept_mask,0.0,0.2661360502243042,0.30943162207692,57,57,student_concept_state_buffers
assist_17,26695,self_only,random_history_mask,0.0,0.07392559945583344,0.07680070140353042,57,59,student_concept_state_buffers
assist_17,26781,self_only,original,0.0,0.08676455914974213,0.09076155556329626,37,,student_concept_state_buffers
assist_17,26781,self_only,target_concept_mask,0.0,0.3153342306613922,0.37882448776833555,37,37,student_concept_state_buffers
assist_17,26781,self_only,random_history_mask,0.0,0.08676455914974213,0.09076155556329626,37,6,student_concept_state_buffers
assist_17,26823,self_only,original,0.0,0.05250200256705284,0.05393045555502169,33,,student_concept_state_buffers
assist_17,26823,self_only,target_concept_mask,0.0,0.11422225087881088,0.12128920733756549,33,33,student_concept_state_buffers
assist_17,26823,self_only,random_history_mask,0.0,0.05250200256705284,0.05393045555502169,33,54,student_concept_state_buffers
assist_17,26836,self_only,original,0.0,0.10738415271043777,0.11359897286708528,45,,student_concept_state_buffers
assist_17,26836,self_only,target_concept_mask,0.0,0.22224171459674835,0.2513394902193446,45,45,student_concept_state_buffers
assist_17,26836,self_only,random_history_mask,0.0,0.10738415271043777,0.11359897286708528,45,11,student_concept_state_buffers
assist_17,27071,self_only,original,1.0,0.5798395872116089,0.5450037874683396,5,,student_concept_state_buffers
assist_17,27071,self_only,target_concept_mask,1.0,0.5213993787765503,0.6512389689361684,5,5,student_concept_state_buffers
assist_17,27071,self_only,random_history_mask,1.0,0.5798395872116089,0.5450037874683396,5,24,student_concept_state_buffers
assist_17,27296,self_only,original,1.0,0.5933157801628113,0.5220285087969928,13,,student_concept_state_buffers
assist_17,27296,self_only,target_concept_mask,1.0,0.43072310090065,0.8422898526495958,13,13,student_concept_state_buffers
assist_17,27296,self_only,random_history_mask,1.0,0.5933157801628113,0.5220285087969928,13,2,student_concept_state_buffers
assist_17,27581,self_only,original,1.0,0.39644545316696167,0.9252168181983036,34,,student_concept_state_buffers
assist_17,27581,self_only,target_concept_mask,1.0,0.48105740547180176,0.7317686699023326,34,34,student_concept_state_buffers
assist_17,27581,self_only,random_history_mask,1.0,0.39644545316696167,0.9252168181983036,34,0,student_concept_state_buffers
assist_17,27870,self_only,original,1.0,0.42974743247032166,0.8445576092098083,33,,student_concept_state_buffers
assist_17,27870,self_only,target_concept_mask,1.0,0.4458440840244293,0.8077859754711612,33,33,student_concept_state_buffers
assist_17,27870,self_only,random_history_mask,1.0,0.42974743247032166,0.8445576092098083,33,57,student_concept_state_buffers
assist_17,27961,self_only,original,0.0,0.6859651803970337,1.158251408766469,32,,student_concept_state_buffers
assist_17,27961,self_only,target_concept_mask,0.0,0.5942808985710144,0.9020942272333125,32,32,student_concept_state_buffers
assist_17,27961,self_only,random_history_mask,0.0,0.6859651803970337,1.158251408766469,32,53,student_concept_state_buffers
assist_17,28050,self_only,original,0.0,0.3742149770259857,0.4687483806415838,38,,student_concept_state_buffers
assist_17,28050,self_only,target_concept_mask,0.0,0.542508065700531,0.7819960243684863,38,38,student_concept_state_buffers
assist_17,28050,self_only,random_history_mask,0.0,0.3742149770259857,0.4687483806415838,38,53,student_concept_state_buffers
assist_17,28410,self_only,original,0.0,0.3537701368331909,0.43660001315473895,5,,student_concept_state_buffers
assist_17,28410,self_only,target_concept_mask,0.0,0.4373238682746887,0.5750510708491383,5,5,student_concept_state_buffers
assist_17,28410,self_only,random_history_mask,0.0,0.3537701368331909,0.43660001315473895,5,49,student_concept_state_buffers
assist_17,28597,self_only,original,1.0,0.389371395111084,0.9432216476249546,14,,student_concept_state_buffers
assist_17,28597,self_only,target_concept_mask,1.0,0.5694898366928101,0.5630143422720351,14,14,student_concept_state_buffers
assist_17,28597,self_only,random_history_mask,1.0,0.389371395111084,0.9432216476249546,14,46,student_concept_state_buffers
assist_17,28608,self_only,original,0.0,0.03035156801342964,0.03082171443337199,29,,student_concept_state_buffers
assist_17,28608,self_only,target_concept_mask,0.0,0.02832951955497265,0.028738543887050706,29,29,student_concept_state_buffers
assist_17,28608,self_only,random_history_mask,0.0,0.03035156801342964,0.03082171443337199,29,36,student_concept_state_buffers
assist_17,28632,self_only,original,0.0,0.07378029823303223,0.07664381354979492,0,,student_concept_state_buffers
assist_17,28632,self_only,target_concept_mask,0.0,0.13338831067085266,0.14316428104222811,0,0,student_concept_state_buffers
assist_17,28632,self_only,random_history_mask,0.0,0.07378029823303223,0.07664381354979492,0,57,student_concept_state_buffers
assist_17,28636,self_only,original,0.0,0.11722152680158615,0.12468098958375665,28,,student_concept_state_buffers
assist_17,28636,self_only,target_concept_mask,0.0,0.14087732136249542,0.1518435515518697,28,28,student_concept_state_buffers
assist_17,28636,self_only,random_history_mask,0.0,0.11722152680158615,0.12468098958375665,28,4,student_concept_state_buffers
assist_17,28760,self_only,original,1.0,0.5111144185066223,0.6711618028708892,45,,student_concept_state_buffers
assist_17,28760,self_only,target_concept_mask,1.0,0.47914204001426697,0.735758191052331,45,45,student_concept_state_buffers
assist_17,28760,self_only,random_history_mask,1.0,0.5111144185066223,0.6711618028708892,45,29,student_concept_state_buffers
assist_17,28899,self_only,original,1.0,0.6831278204917908,0.3810732912521126,7,,student_concept_state_buffers
assist_17,28899,self_only,target_concept_mask,1.0,0.6641690731048584,0.4092185337479863,7,7,student_concept_state_buffers
assist_17,28899,self_only,random_history_mask,1.0,0.6831278204917908,0.3810732912521126,7,9,student_concept_state_buffers
assist_17,29262,self_only,original,1.0,0.41017666459083557,0.8911673228439558,36,,student_concept_state_buffers
assist_17,29262,self_only,target_concept_mask,1.0,0.3381887376308441,1.0841511439862663,36,36,student_concept_state_buffers
assist_17,29262,self_only,random_history_mask,1.0,0.41017666459083557,0.8911673228439558,36,20,student_concept_state_buffers
assist_17,29358,self_only,original,1.0,0.8336783051490784,0.1819076762754197,32,,student_concept_state_buffers
assist_17,29358,self_only,target_concept_mask,1.0,0.8609145283699036,0.1497600496679597,32,32,student_concept_state_buffers
assist_17,29358,self_only,random_history_mask,1.0,0.8336783051490784,0.1819076762754197,32,3,student_concept_state_buffers
assist_17,29436,self_only,original,0.0,0.40629637241363525,0.5213750275904959,8,,student_concept_state_buffers
assist_17,29436,self_only,target_concept_mask,0.0,0.38577067852020264,0.48738693281207063,8,8,student_concept_state_buffers
assist_17,29436,self_only,random_history_mask,0.0,0.40629637241363525,0.5213750275904959,8,58,student_concept_state_buffers
assist_17,29681,self_only,original,0.0,0.07527485489845276,0.07825872605543643,57,,student_concept_state_buffers
assist_17,29681,self_only,target_concept_mask,0.0,0.20096182823181152,0.2243465599287531,57,57,student_concept_state_buffers
assist_17,29681,self_only,random_history_mask,0.0,0.07527485489845276,0.07825872605543643,57,92,student_concept_state_buffers
assist_17,30056,self_only,original,1.0,0.35495784878730774,1.0357562323667764,14,,student_concept_state_buffers
assist_17,30056,self_only,target_concept_mask,1.0,0.34929054975509644,1.051851182344682,14,14,student_concept_state_buffers
assist_17,30056,self_only,random_history_mask,1.0,0.35495784878730774,1.0357562323667764,14,0,student_concept_state_buffers
assist_17,30080,self_only,original,0.0,0.35472801327705383,0.43808336622865396,63,,student_concept_state_buffers
assist_17,30080,self_only,target_concept_mask,0.0,0.3986293375492096,0.5085437917080647,63,63,student_concept_state_buffers
assist_17,30080,self_only,random_history_mask,0.0,0.35472801327705383,0.43808336622865396,63,57,student_concept_state_buffers
assist_17,30191,self_only,original,1.0,0.47944676876068115,0.7351224048760485,33,,student_concept_state_buffers
assist_17,30191,self_only,target_concept_mask,1.0,0.652342677116394,0.42718527672405876,33,33,student_concept_state_buffers
assist_17,30191,self_only,random_history_mask,1.0,0.47944676876068115,0.7351224048760485,33,70,student_concept_state_buffers
assist_17,30291,self_only,original,0.0,0.08480102568864822,0.08861377908346438,76,,student_concept_state_buffers
assist_17,30291,self_only,target_concept_mask,0.0,0.15830877423286438,0.17234204723721902,76,76,student_concept_state_buffers
assist_17,30291,self_only,random_history_mask,0.0,0.08480102568864822,0.08861377908346438,76,57,student_concept_state_buffers
assist_17,30411,self_only,original,0.0,0.3001137673854828,0.3568374819837288,2,,student_concept_state_buffers
assist_17,30411,self_only,target_concept_mask,0.0,0.2334793359041214,0.2658936220044605,2,2,student_concept_state_buffers
assist_17,30411,self_only,random_history_mask,0.0,0.3001137673854828,0.3568374819837288,2,36,student_concept_state_buffers
assist_17,30655,self_only,original,0.0,0.06996820867061615,0.07253650919395882,57,,student_concept_state_buffers
assist_17,30655,self_only,target_concept_mask,0.0,0.19617460668087006,0.21837320587717474,57,57,student_concept_state_buffers
assist_17,30655,self_only,random_history_mask,0.0,0.06996820867061615,0.07253650919395882,57,13,student_concept_state_buffers
assist_17,30749,self_only,original,0.0,0.060652825981378555,0.06257014071682979,36,,student_concept_state_buffers
assist_17,30749,self_only,target_concept_mask,0.0,0.1285523921251297,0.13759953301233832,36,36,student_concept_state_buffers
assist_17,30749,self_only,random_history_mask,0.0,0.060652825981378555,0.06257014071682979,36,32,student_concept_state_buffers
assist_17,30866,self_only,original,1.0,0.35292816162109375,1.0414907509149767,26,,student_concept_state_buffers
assist_17,30866,self_only,target_concept_mask,1.0,0.41332411766052246,0.8835232052823303,26,26,student_concept_state_buffers
assist_17,30866,self_only,random_history_mask,1.0,0.35292816162109375,1.0414907509149767,26,45,student_concept_state_buffers
assist_17,30962,self_only,original,0.0,0.038934752345085144,0.03971297673400758,65,,student_concept_state_buffers
assist_17,30962,self_only,target_concept_mask,0.0,0.09493283182382584,0.09974611905710512,65,65,student_concept_state_buffers
assist_17,30962,self_only,random_history_mask,0.0,0.038934752345085144,0.03971297673400758,65,56,student_concept_state_buffers
assist_17,31096,self_only,original,0.0,0.41794800758361816,0.5411955011919817,33,,student_concept_state_buffers
assist_17,31096,self_only,target_concept_mask,0.0,0.3880130648612976,0.4910443445102566,33,33,student_concept_state_buffers
assist_17,31096,self_only,random_history_mask,0.0,0.41794800758361816,0.5411955011919817,33,27,student_concept_state_buffers
assist_17,31110,self_only,original,0.0,0.5214636921882629,0.7370231925733131,13,,student_concept_state_buffers
assist_17,31110,self_only,target_concept_mask,0.0,0.5122406482696533,0.7179331264585238,13,13,student_concept_state_buffers
assist_17,31110,self_only,random_history_mask,0.0,0.5214636921882629,0.7370231925733131,13,38,student_concept_state_buffers
assist_17,31156,self_only,original,1.0,0.56640625,0.5684437020589881,11,,student_concept_state_buffers
assist_17,31156,self_only,target_concept_mask,1.0,0.5664926171302795,0.5682912310256899,11,11,student_concept_state_buffers
assist_17,31156,self_only,random_history_mask,1.0,0.56640625,0.5684437020589881,11,47,student_concept_state_buffers
assist_17,31269,self_only,original,1.0,0.7000007629394531,0.35667385402582186,0,,student_concept_state_buffers
assist_17,31269,self_only,target_concept_mask,1.0,0.6829054951667786,0.38139879623713274,0,0,student_concept_state_buffers
assist_17,31269,self_only,random_history_mask,1.0,0.7000007629394531,0.35667385402582186,0,64,student_concept_state_buffers
assist_17,31369,self_only,original,1.0,0.8530234694480896,0.15896821786182225,20,,student_concept_state_buffers
assist_17,31369,self_only,target_concept_mask,1.0,0.9029457569122314,0.10209279723405669,20,20,student_concept_state_buffers
assist_17,31369,self_only,random_history_mask,1.0,0.8530234694480896,0.15896821786182225,20,68,student_concept_state_buffers
assist_17,31448,self_only,original,1.0,0.4597450792789459,0.777083118591535,46,,student_concept_state_buffers
assist_17,31448,self_only,target_concept_mask,1.0,0.38874202966690063,0.9448393181634358,46,46,student_concept_state_buffers
assist_17,31448,self_only,random_history_mask,1.0,0.4597450792789459,0.777083118591535,46,58,student_concept_state_buffers
assist_17,31530,self_only,original,0.0,0.5314744710922241,0.7581646880565808,57,,student_concept_state_buffers
assist_17,31530,self_only,target_concept_mask,0.0,0.5484073162078857,0.7949746474753413,57,57,student_concept_state_buffers
assist_17,31530,self_only,random_history_mask,0.0,0.5314744710922241,0.7581646880565808,57,14,student_concept_state_buffers
assist_17,31532,self_only,original,1.0,0.6099053025245667,0.49445157562903536,63,,student_concept_state_buffers
assist_17,31532,self_only,target_concept_mask,1.0,0.6511619687080383,0.4289968678603821,63,63,student_concept_state_buffers
assist_17,31532,self_only,random_history_mask,1.0,0.6099053025245667,0.49445157562903536,63,7,student_concept_state_buffers
assist_17,31548,self_only,original,1.0,0.11527612060308456,2.160424979808146,53,,student_concept_state_buffers
assist_17,31548,self_only,target_concept_mask,1.0,0.19950681924819946,1.6119068615411642,53,53,student_concept_state_buffers
assist_17,31548,self_only,random_history_mask,1.0,0.11527612060308456,2.160424979808146,53,34,student_concept_state_buffers
assist_17,31586,self_only,original,1.0,0.14868231117725372,1.9059433890327016,64,,student_concept_state_buffers
assist_17,31586,self_only,target_concept_mask,1.0,0.10733863711357117,2.23176660922508,64,64,student_concept_state_buffers
assist_17,31586,self_only,random_history_mask,1.0,0.14868231117725372,1.9059433890327016,64,6,student_concept_state_buffers
assist_17,32180,self_only,original,0.0,0.7117698788642883,1.2439960861808699,57,,student_concept_state_buffers
assist_17,32180,self_only,target_concept_mask,0.0,0.598687469959259,0.9130147785716423,57,57,student_concept_state_buffers
assist_17,32180,self_only,random_history_mask,0.0,0.7117698788642883,1.2439960861808699,57,60,student_concept_state_buffers
assist_17,32446,self_only,original,0.0,0.19245538115501404,0.21375696987627,59,,student_concept_state_buffers
assist_17,32446,self_only,target_concept_mask,0.0,0.25343623757362366,0.29227425047791933,59,59,student_concept_state_buffers
assist_17,32446,self_only,random_history_mask,0.0,0.19245538115501404,0.21375696987627,59,33,student_concept_state_buffers
assist_17,32472,self_only,original,1.0,0.3587739169597626,1.0250628466468255,11,,student_concept_state_buffers
assist_17,32472,self_only,target_concept_mask,1.0,0.4529600441455841,0.791951360158326,11,11,student_concept_state_buffers
assist_17,32472,self_only,random_history_mask,1.0,0.3587739169597626,1.0250628466468255,11,24,student_concept_state_buffers
assist_17,32507,self_only,original,0.0,0.2939096689224243,0.3480121019715555,11,,student_concept_state_buffers
assist_17,32507,self_only,target_concept_mask,0.0,0.36327534914016724,0.45141797610766327,11,11,student_concept_state_buffers
assist_17,32507,self_only,random_history_mask,0.0,0.2939096689224243,0.3480121019715555,11,3,student_concept_state_buffers
assist_17,32624,self_only,original,1.0,0.20573298633098602,1.5811761338234571,87,,student_concept_state_buffers
assist_17,32624,self_only,target_concept_mask,1.0,0.18100763857364655,1.7092160465424477,87,87,student_concept_state_buffers
assist_17,32624,self_only,random_history_mask,1.0,0.20573298633098602,1.5811761338234571,87,62,student_concept_state_buffers
assist_17,32669,self_only,original,0.0,0.1483420580625534,0.16057030936536923,26,,student_concept_state_buffers
assist_17,32669,self_only,target_concept_mask,0.0,0.10280859470367432,0.10848605585552311,26,26,student_concept_state_buffers
assist_17,32669,self_only,random_history_mask,0.0,0.1483420580625534,0.16057030936536923,26,5,student_concept_state_buffers
assist_17,32724,self_only,original,1.0,0.49838897585868835,0.6963744308171507,7,,student_concept_state_buffers
assist_17,32724,self_only,target_concept_mask,1.0,0.5220093131065369,0.6500698500583885,7,7,student_concept_state_buffers
assist_17,32724,self_only,random_history_mask,1.0,0.49838897585868835,0.6963744308171507,7,34,student_concept_state_buffers
assist_17,32901,self_only,original,1.0,0.6287747025489807,0.4639822699916756,32,,student_concept_state_buffers
assist_17,32901,self_only,target_concept_mask,1.0,0.658875048160553,0.41722137071164,32,32,student_concept_state_buffers
assist_17,32901,self_only,random_history_mask,1.0,0.6287747025489807,0.4639822699916756,32,14,student_concept_state_buffers
assist_17,33068,self_only,original,1.0,0.8033917546272278,0.2189128202074208,38,,student_concept_state_buffers
assist_17,33068,self_only,target_concept_mask,1.0,0.8078296184539795,0.21340411094690243,38,38,student_concept_state_buffers
assist_17,33068,self_only,random_history_mask,1.0,0.8033917546272278,0.2189128202074208,38,39,student_concept_state_buffers
assist_17,33128,self_only,original,1.0,0.2819112241268158,1.26616306566742,56,,student_concept_state_buffers
assist_17,33128,self_only,target_concept_mask,1.0,0.3424667418003082,1.071580730227455,56,56,student_concept_state_buffers
assist_17,33128,self_only,random_history_mask,1.0,0.2819112241268158,1.26616306566742,56,69,student_concept_state_buffers
assist_17,33181,self_only,original,0.0,0.19637100398540497,0.21861756404598545,14,,student_concept_state_buffers
assist_17,33181,self_only,target_concept_mask,0.0,0.28824061155319214,0.34001536225863915,14,14,student_concept_state_buffers
assist_17,33181,self_only,random_history_mask,0.0,0.19637100398540497,0.21861756404598545,14,24,student_concept_state_buffers
assist_17,33655,self_only,original,0.0,0.4184938073158264,0.5421336575802549,51,,student_concept_state_buffers
assist_17,33655,self_only,target_concept_mask,0.0,0.3989359438419342,0.5090537675007205,51,51,student_concept_state_buffers
assist_17,33655,self_only,random_history_mask,0.0,0.4184938073158264,0.5421336575802549,51,32,student_concept_state_buffers
assist_17,33819,self_only,original,1.0,0.7293234467506409,0.3156379598437989,7,,student_concept_state_buffers
assist_17,33819,self_only,target_concept_mask,1.0,0.7015644907951355,0.35444245095649896,7,7,student_concept_state_buffers
assist_17,33819,self_only,random_history_mask,1.0,0.7293234467506409,0.3156379598437989,7,43,student_concept_state_buffers
assist_17,34039,self_only,original,0.0,0.4379630386829376,0.5761876637829486,7,,student_concept_state_buffers
assist_17,34039,self_only,target_concept_mask,0.0,0.5641187429428101,0.8303854189251694,7,7,student_concept_state_buffers
assist_17,34039,self_only,random_history_mask,0.0,0.4379630386829376,0.5761876637829486,7,62,student_concept_state_buffers
assist_17,34066,self_only,original,1.0,0.32748302817344666,1.1163190476208111,11,,student_concept_state_buffers
assist_17,34066,self_only,target_concept_mask,1.0,0.48560136556625366,0.7223672271191929,11,11,student_concept_state_buffers
assist_17,34066,self_only,random_history_mask,1.0,0.32748302817344666,1.1163190476208111,11,66,student_concept_state_buffers
assist_17,34256,self_only,original,1.0,0.542946994304657,0.6107435801948379,20,,student_concept_state_buffers
assist_17,34256,self_only,target_concept_mask,1.0,0.6884714961051941,0.3732813616628868,20,20,student_concept_state_buffers
assist_17,34256,self_only,random_history_mask,1.0,0.542946994304657,0.6107435801948379,20,30,student_concept_state_buffers
assist_17,34448,self_only,original,0.0,0.18712429702281952,0.20717706798965152,69,,student_concept_state_buffers
assist_17,34448,self_only,target_concept_mask,0.0,0.1506386697292328,0.16327058807435466,69,69,student_concept_state_buffers
assist_17,34448,self_only,random_history_mask,0.0,0.18712429702281952,0.20717706798965152,69,10,student_concept_state_buffers
assist_17,34580,self_only,original,0.0,0.40331700444221497,0.5163693023332887,41,,student_concept_state_buffers
assist_17,34580,self_only,target_concept_mask,0.0,0.4768454432487488,0.6478783389736678,41,41,student_concept_state_buffers
assist_17,34580,self_only,random_history_mask,0.0,0.40331700444221497,0.5163693023332887,41,31,student_concept_state_buffers
assist_17,34797,self_only,original,0.0,0.06340015679597855,0.06549914964246684,5,,student_concept_state_buffers
assist_17,34797,self_only,target_concept_mask,0.0,0.10199742019176483,0.10758233784638568,5,5,student_concept_state_buffers
assist_17,34797,self_only,random_history_mask,0.0,0.06340015679597855,0.06549914964246684,5,6,student_concept_state_buffers
assist_17,34811,self_only,original,0.0,0.2994420826435089,0.35587823659933826,20,,student_concept_state_buffers
assist_17,34811,self_only,target_concept_mask,0.0,0.34703442454338074,0.42623086861964316,20,20,student_concept_state_buffers
assist_17,34811,self_only,random_history_mask,0.0,0.2994420826435089,0.35587823659933826,20,7,student_concept_state_buffers
assist_17,34845,self_only,original,1.0,0.7142149806022644,0.3365712686815554,32,,student_concept_state_buffers
assist_17,34845,self_only,target_concept_mask,1.0,0.7092284560203552,0.3435775814748589,32,32,student_concept_state_buffers
assist_17,34845,self_only,random_history_mask,1.0,0.7142149806022644,0.3365712686815554,32,63,student_concept_state_buffers
assist_17,35203,self_only,original,0.0,0.7742294669151306,1.488236135849459,38,,student_concept_state_buffers
assist_17,35203,self_only,target_concept_mask,0.0,0.7594848275184631,1.42497210418492,38,38,student_concept_state_buffers
assist_17,35203,self_only,random_history_mask,0.0,0.7742294669151306,1.488236135849459,38,5,student_concept_state_buffers
assist_17,35319,self_only,original,1.0,0.8528923988342285,0.1591218838386221,7,,student_concept_state_buffers
assist_17,35319,self_only,target_concept_mask,1.0,0.8497950434684753,0.16276008390436703,7,7,student_concept_state_buffers
assist_17,35319,self_only,random_history_mask,1.0,0.8528923988342285,0.1591218838386221,7,11,student_concept_state_buffers
assist_17,35364,self_only,original,0.0,0.13354675471782684,0.14334712941017017,0,,student_concept_state_buffers
assist_17,35364,self_only,target_concept_mask,0.0,0.22736240923404694,0.25794517504623427,0,0,student_concept_state_buffers
assist_17,35364,self_only,random_history_mask,0.0,0.13354675471782684,0.14334712941017017,0,12,student_concept_state_buffers
assist_17,35434,self_only,original,0.0,0.09519071877002716,0.10003109646319408,5,,student_concept_state_buffers
assist_17,35434,self_only,target_concept_mask,0.0,0.1242205798625946,0.13264102324968138,5,5,student_concept_state_buffers
assist_17,35434,self_only,random_history_mask,0.0,0.09519071877002716,0.10003109646319408,5,51,student_concept_state_buffers
assist_17,36007,self_only,original,0.0,0.3455190360546112,0.42391277893615076,20,,student_concept_state_buffers
assist_17,36007,self_only,target_concept_mask,0.0,0.4091911315917969,0.52626271759092,20,20,student_concept_state_buffers
assist_17,36007,self_only,random_history_mask,0.0,0.3455190360546112,0.42391277893615076,20,14,student_concept_state_buffers
assist_17,36100,self_only,original,0.0,0.8313090205192566,1.7796867616319467,20,,student_concept_state_buffers
assist_17,36100,self_only,target_concept_mask,0.0,0.7556467652320862,1.4091404170973518,20,20,student_concept_state_buffers
assist_17,36100,self_only,random_history_mask,0.0,0.8313090205192566,1.7796867616319467,20,46,student_concept_state_buffers
assist_17,36155,self_only,original,0.0,0.3985676169395447,0.5084411637508952,58,,student_concept_state_buffers
assist_17,36155,self_only,target_concept_mask,0.0,0.4160480499267578,0.5379365768107159,58,58,student_concept_state_buffers
assist_17,36155,self_only,random_history_mask,0.0,0.3985676169395447,0.5084411637508952,58,14,student_concept_state_buffers
assist_17,36351,self_only,original,1.0,0.8422386646270752,0.1716918552282189,50,,student_concept_state_buffers
assist_17,36351,self_only,target_concept_mask,1.0,0.8120604753494263,0.20818046456242237,50,50,student_concept_state_buffers
assist_17,36351,self_only,random_history_mask,1.0,0.8422386646270752,0.1716918552282189,50,5,student_concept_state_buffers
assist_17,36477,self_only,original,0.0,0.26324042677879333,0.3054936635957402,0,,student_concept_state_buffers
assist_17,36477,self_only,target_concept_mask,0.0,0.3224973678588867,0.389341841156694,0,0,student_concept_state_buffers
assist_17,36477,self_only,random_history_mask,0.0,0.26324042677879333,0.3054936635957402,0,79,student_concept_state_buffers
assist_17,36781,self_only,original,0.0,0.08354911208152771,0.08724679969741111,79,,student_concept_state_buffers
assist_17,36781,self_only,target_concept_mask,0.0,0.12682309746742249,0.13561710617637734,79,79,student_concept_state_buffers
assist_17,36781,self_only,random_history_mask,0.0,0.08354911208152771,0.08724679969741111,79,5,student_concept_state_buffers
assist_17,36899,self_only,original,1.0,0.6253395676612854,0.46946046852617374,32,,student_concept_state_buffers
assist_17,36899,self_only,target_concept_mask,1.0,0.6908214688301086,0.3698738549787086,32,32,student_concept_state_buffers
assist_17,36899,self_only,random_history_mask,1.0,0.6253395676612854,0.46946046852617374,32,28,student_concept_state_buffers
assist_17,36920,self_only,original,1.0,0.4317573308944702,0.8398915826102802,13,,student_concept_state_buffers
assist_17,36920,self_only,target_concept_mask,1.0,0.4582573175430298,0.7803244239380336,13,13,student_concept_state_buffers
assist_17,36920,self_only,random_history_mask,1.0,0.4317573308944702,0.8398915826102802,13,50,student_concept_state_buffers
assist_17,37714,self_only,original,0.0,0.22272610664367676,0.2519624896263176,63,,student_concept_state_buffers
assist_17,37714,self_only,target_concept_mask,0.0,0.29169949889183044,0.3448868387426896,63,63,student_concept_state_buffers
assist_17,37714,self_only,random_history_mask,0.0,0.22272610664367676,0.2519624896263176,63,66,student_concept_state_buffers
assist_17,37853,self_only,original,0.0,0.044703975319862366,0.04573401304620755,43,,student_concept_state_buffers
assist_17,37853,self_only,target_concept_mask,0.0,0.048605091869831085,0.04982604697413559,43,43,student_concept_state_buffers
assist_17,37853,self_only,random_history_mask,0.0,0.044703975319862366,0.04573401304620755,43,35,student_concept_state_buffers
assist_17,38119,self_only,original,0.0,0.09972268342971802,0.10505243359744268,3,,student_concept_state_buffers
assist_17,38119,self_only,target_concept_mask,0.0,0.10913683474063873,0.11556443764922604,3,3,student_concept_state_buffers
assist_17,38119,self_only,random_history_mask,0.0,0.09972268342971802,0.10505243359744268,3,0,student_concept_state_buffers
assist_17,38177,self_only,original,1.0,0.31592506170272827,1.1522502400292585,32,,student_concept_state_buffers
assist_17,38177,self_only,target_concept_mask,1.0,0.4082522988319397,0.8958699162057391,32,32,student_concept_state_buffers
assist_17,38177,self_only,random_history_mask,1.0,0.31592506170272827,1.1522502400292585,32,12,student_concept_state_buffers
assist_17,38311,self_only,original,1.0,0.8796945214271545,0.1281805665169664,20,,student_concept_state_buffers
assist_17,38311,self_only,target_concept_mask,1.0,0.8099743723869324,0.21075267084465577,20,20,student_concept_state_buffers
assist_17,38311,self_only,random_history_mask,1.0,0.8796945214271545,0.1281805665169664,20,36,student_concept_state_buffers
assist_17,38453,self_only,original,1.0,0.8840160965919495,0.1232800076958496,34,,student_concept_state_buffers
assist_17,38453,self_only,target_concept_mask,1.0,0.8784397840499878,0.12960791775661196,34,34,student_concept_state_buffers
assist_17,38453,self_only,random_history_mask,1.0,0.8840160965919495,0.1232800076958496,34,74,student_concept_state_buffers
assist_17,38625,self_only,original,0.0,0.21928364038467407,0.24754337101546658,56,,student_concept_state_buffers
assist_17,38625,self_only,target_concept_mask,0.0,0.23909243941307068,0.2732433994750876,56,56,student_concept_state_buffers
assist_17,38625,self_only,random_history_mask,0.0,0.21928364038467407,0.24754337101546658,56,31,student_concept_state_buffers
assist_17,38982,self_only,original,1.0,0.35623255372047424,1.0321715206111488,20,,student_concept_state_buffers
assist_17,38982,self_only,target_concept_mask,1.0,0.46963703632354736,0.7557951457682135,20,20,student_concept_state_buffers
assist_17,38982,self_only,random_history_mask,1.0,0.35623255372047424,1.0321715206111488,20,46,student_concept_state_buffers
assist_17,39222,self_only,original,1.0,0.1761474460363388,1.736433873100233,79,,student_concept_state_buffers
assist_17,39222,self_only,target_concept_mask,1.0,0.36390605568885803,1.0108595334229074,79,79,student_concept_state_buffers
assist_17,39222,self_only,random_history_mask,1.0,0.1761474460363388,1.736433873100233,79,28,student_concept_state_buffers
assist_17,39451,self_only,original,0.0,0.07551488280296326,0.07851832650299197,5,,student_concept_state_buffers
assist_17,39451,self_only,target_concept_mask,0.0,0.12565818428993225,0.1342838862939465,5,5,student_concept_state_buffers
assist_17,39451,self_only,random_history_mask,0.0,0.07551488280296326,0.07851832650299197,5,34,student_concept_state_buffers
assist_17,39601,self_only,original,1.0,0.40313127636909485,0.9084930222656231,0,,student_concept_state_buffers
assist_17,39601,self_only,target_concept_mask,1.0,0.452933669090271,0.7920095900697057,0,0,student_concept_state_buffers
assist_17,39601,self_only,random_history_mask,1.0,0.40313127636909485,0.9084930222656231,0,12,student_concept_state_buffers
assist_17,39839,self_only,original,0.0,0.29690513014793396,0.3522634462734658,57,,student_concept_state_buffers
assist_17,39839,self_only,target_concept_mask,0.0,0.5151340365409851,0.7238827902422532,57,57,student_concept_state_buffers
assist_17,39839,self_only,random_history_mask,0.0,0.29690513014793396,0.3522634462734658,57,11,student_concept_state_buffers
assist_17,40066,self_only,original,1.0,0.29991093277931213,1.2042697391423416,35,,student_concept_state_buffers
assist_17,40066,self_only,target_concept_mask,1.0,0.29815658926963806,1.2101364631385765,35,35,student_concept_state_buffers
assist_17,40066,self_only,random_history_mask,1.0,0.29991093277931213,1.2042697391423416,35,47,student_concept_state_buffers
assist_17,40161,self_only,original,0.0,0.009241286665201187,0.00928425226462469,58,,student_concept_state_buffers
assist_17,40161,self_only,target_concept_mask,0.0,0.01897205412387848,0.01915433269090225,58,58,student_concept_state_buffers
assist_17,40161,self_only,random_history_mask,0.0,0.009241286665201187,0.00928425226462469,58,91,student_concept_state_buffers
assist_17,40248,self_only,original,1.0,0.6940460205078125,0.3652170087029627,7,,student_concept_state_buffers
assist_17,40248,self_only,target_concept_mask,1.0,0.6666983366012573,0.4054176043346005,7,7,student_concept_state_buffers
assist_17,40248,self_only,random_history_mask,1.0,0.6940460205078125,0.3652170087029627,7,44,student_concept_state_buffers
assist_17,40542,self_only,original,0.0,0.08957838267087936,0.0938474710225548,59,,student_concept_state_buffers
assist_17,40542,self_only,target_concept_mask,0.0,0.130514994263649,0.1398541900330394,59,59,student_concept_state_buffers
assist_17,40542,self_only,random_history_mask,0.0,0.08957838267087936,0.0938474710225548,59,37,student_concept_state_buffers
assist_17,40956,self_only,original,0.0,0.234186053276062,0.2668160281382888,57,,student_concept_state_buffers
assist_17,40956,self_only,target_concept_mask,0.0,0.24607214331626892,0.28245859634268744,57,57,student_concept_state_buffers
assist_17,40956,self_only,random_history_mask,0.0,0.234186053276062,0.2668160281382888,57,70,student_concept_state_buffers
assist_17,41014,self_only,original,1.0,0.7415542006492615,0.2990070241223783,50,,student_concept_state_buffers
assist_17,41014,self_only,target_concept_mask,1.0,0.7398249506950378,0.30134167388183647,50,50,student_concept_state_buffers
assist_17,41014,self_only,random_history_mask,1.0,0.7415542006492615,0.2990070241223783,50,12,student_concept_state_buffers
assist_17,41099,self_only,original,0.0,0.06927047669887543,0.07178656668499125,64,,student_concept_state_buffers
assist_17,41099,self_only,target_concept_mask,0.0,0.09812353551387787,0.10327772563148409,64,64,student_concept_state_buffers
assist_17,41099,self_only,random_history_mask,0.0,0.06927047669887543,0.07178656668499125,64,2,student_concept_state_buffers
assist_17,41114,self_only,original,0.0,0.2866077721118927,0.33772390058247836,20,,student_concept_state_buffers
assist_17,41114,self_only,target_concept_mask,0.0,0.3374442756175995,0.41165061238367734,20,20,student_concept_state_buffers
assist_17,41114,self_only,random_history_mask,0.0,0.2866077721118927,0.33772390058247836,20,72,student_concept_state_buffers
assist_17,41240,self_only,original,1.0,0.45350632071495056,0.7907460718946346,57,,student_concept_state_buffers
assist_17,41240,self_only,target_concept_mask,1.0,0.3975529074668884,0.9224272531992109,57,57,student_concept_state_buffers
assist_17,41240,self_only,random_history_mask,1.0,0.45350632071495056,0.7907460718946346,57,27,student_concept_state_buffers
assist_17,41288,self_only,original,0.0,0.3013582229614258,0.35861714731156996,44,,student_concept_state_buffers
assist_17,41288,self_only,target_concept_mask,0.0,0.34612488746643066,0.4248389051888046,44,44,student_concept_state_buffers
assist_17,41288,self_only,random_history_mask,0.0,0.3013582229614258,0.35861714731156996,44,7,student_concept_state_buffers
assist_17,41330,self_only,original,0.0,0.029093153774738312,0.029524751209267844,24,,student_concept_state_buffers
assist_17,41330,self_only,target_concept_mask,0.0,0.057856485247612,0.059597664892842135,24,24,student_concept_state_buffers
assist_17,41330,self_only,random_history_mask,0.0,0.029093153774738312,0.029524751209267844,24,14,student_concept_state_buffers
assist_17,41339,self_only,original,0.0,0.058269280940294266,0.060035906142581606,30,,student_concept_state_buffers
assist_17,41339,self_only,target_concept_mask,0.0,0.06304854899644852,0.065123811316001,30,30,student_concept_state_buffers
assist_17,41339,self_only,random_history_mask,0.0,0.058269280940294266,0.060035906142581606,30,26,student_concept_state_buffers
assist_17,41763,self_only,original,1.0,0.2302452027797699,1.468610438896473,36,,student_concept_state_buffers
assist_17,41763,self_only,target_concept_mask,1.0,0.30346766114234924,1.1924802272327504,36,36,student_concept_state_buffers
assist_17,41763,self_only,random_history_mask,1.0,0.2302452027797699,1.468610438896473,36,11,student_concept_state_buffers
assist_17,42020,self_only,original,0.0,0.16709004342556,0.18282973800682914,45,,student_concept_state_buffers
assist_17,42020,self_only,target_concept_mask,0.0,0.1960107684135437,0.21816940344204877,45,45,student_concept_state_buffers
assist_17,42020,self_only,random_history_mask,0.0,0.16709004342556,0.18282973800682914,45,33,student_concept_state_buffers
assist_17,42155,self_only,original,1.0,0.3022794723510742,1.1964032843946117,58,,student_concept_state_buffers
assist_17,42155,self_only,target_concept_mask,1.0,0.4998020827770233,0.6935430933690329,58,58,student_concept_state_buffers
assist_17,42155,self_only,random_history_mask,1.0,0.3022794723510742,1.1964032843946117,58,61,student_concept_state_buffers
assist_17,42241,self_only,original,1.0,0.5796900391578674,0.5452617335374519,71,,student_concept_state_buffers
assist_17,42241,self_only,target_concept_mask,1.0,0.684870183467865,0.3785259718654032,71,71,student_concept_state_buffers
assist_17,42241,self_only,random_history_mask,1.0,0.5796900391578674,0.5452617335374519,71,67,student_concept_state_buffers
assist_17,42456,self_only,original,1.0,0.9545864462852478,0.046477072829545864,53,,student_concept_state_buffers
assist_17,42456,self_only,target_concept_mask,1.0,0.9533010721206665,0.04782450484181614,53,53,student_concept_state_buffers
assist_17,42456,self_only,random_history_mask,1.0,0.9545864462852478,0.046477072829545864,53,4,student_concept_state_buffers
assist_17,42604,self_only,original,0.0,0.0707409679889679,0.07336775017374161,20,,student_concept_state_buffers
assist_17,42604,self_only,target_concept_mask,0.0,0.08746080845594406,0.09152424481047818,20,20,student_concept_state_buffers
assist_17,42604,self_only,random_history_mask,0.0,0.0707409679889679,0.07336775017374161,20,51,student_concept_state_buffers
assist_17,42647,self_only,original,0.0,0.3699234426021576,0.46191394730036184,43,,student_concept_state_buffers
assist_17,42647,self_only,target_concept_mask,0.0,0.4186260402202606,0.5423610806809483,43,43,student_concept_state_buffers
assist_17,42647,self_only,random_history_mask,0.0,0.3699234426021576,0.46191394730036184,43,11,student_concept_state_buffers
assist_17,42814,self_only,original,0.0,0.2681877315044403,0.31223126171717097,57,,student_concept_state_buffers
assist_17,42814,self_only,target_concept_mask,0.0,0.22149796783924103,0.2503836773572727,57,57,student_concept_state_buffers
assist_17,42814,self_only,random_history_mask,0.0,0.2681877315044403,0.31223126171717097,57,74,student_concept_state_buffers
assist_17,42967,self_only,original,0.0,0.3149988055229187,0.37833469695926963,32,,student_concept_state_buffers
assist_17,42967,self_only,target_concept_mask,0.0,0.3341953158378601,0.4067589184767449,32,32,student_concept_state_buffers
assist_17,42967,self_only,random_history_mask,0.0,0.3149988055229187,0.37833469695926963,32,71,student_concept_state_buffers
assist_17,43145,self_only,original,0.0,0.3068024516105652,0.36644025780384304,5,,student_concept_state_buffers
assist_17,43145,self_only,target_concept_mask,0.0,0.36504051089286804,0.4541940788062222,5,5,student_concept_state_buffers
assist_17,43145,self_only,random_history_mask,0.0,0.3068024516105652,0.36644025780384304,5,3,student_concept_state_buffers
assist_17,43311,self_only,original,0.0,0.13927756249904633,0.14998319876797897,50,,student_concept_state_buffers
assist_17,43311,self_only,target_concept_mask,0.0,0.195593923330307,0.21765106682364424,50,50,student_concept_state_buffers
assist_17,43311,self_only,random_history_mask,0.0,0.13927756249904633,0.14998319876797897,50,26,student_concept_state_buffers
assist_17,43513,self_only,original,1.0,0.3537949025630951,1.039037905039455,85,,student_concept_state_buffers
assist_17,43513,self_only,target_concept_mask,1.0,0.3157074451446533,1.1529393007230204,85,85,student_concept_state_buffers
assist_17,43513,self_only,random_history_mask,1.0,0.3537949025630951,1.039037905039455,85,13,student_concept_state_buffers
assist_17,43802,self_only,original,0.0,0.049494918435811996,0.050761770866799415,44,,student_concept_state_buffers
assist_17,43802,self_only,target_concept_mask,0.0,0.07289814949035645,0.07569184835173001,44,44,student_concept_state_buffers
assist_17,43802,self_only,random_history_mask,0.0,0.049494918435811996,0.050761770866799415,44,37,student_concept_state_buffers
assist_17,43835,self_only,original,1.0,0.9219514727592468,0.08126268939284798,32,,student_concept_state_buffers
assist_17,43835,self_only,target_concept_mask,1.0,0.8661214709281921,0.1437301135954202,32,32,student_concept_state_buffers
assist_17,43835,self_only,random_history_mask,1.0,0.9219514727592468,0.08126268939284798,32,5,student_concept_state_buffers
assist_17,44108,self_only,original,0.0,0.4764901399612427,0.6471994140088858,4,,student_concept_state_buffers
assist_17,44108,self_only,target_concept_mask,0.0,0.45529064536094666,0.6075029208111125,4,4,student_concept_state_buffers
assist_17,44108,self_only,random_history_mask,0.0,0.4764901399612427,0.6471994140088858,4,71,student_concept_state_buffers
assist_17,44292,self_only,original,1.0,0.3236266076564789,1.1281648732704639,20,,student_concept_state_buffers
assist_17,44292,self_only,target_concept_mask,1.0,0.32081860303878784,1.136879415148699,20,20,student_concept_state_buffers
assist_17,44292,self_only,random_history_mask,1.0,0.3236266076564789,1.1281648732704639,20,26,student_concept_state_buffers
assist_17,44539,self_only,original,0.0,0.020526912063360214,0.020740517282151705,13,,student_concept_state_buffers
assist_17,44539,self_only,target_concept_mask,0.0,0.0826558992266655,0.08627263090427027,13,13,student_concept_state_buffers
assist_17,44539,self_only,random_history_mask,0.0,0.020526912063360214,0.020740517282151705,13,20,student_concept_state_buffers
assist_17,44674,self_only,original,1.0,0.11886853724718094,2.1297371255487785,43,,student_concept_state_buffers
assist_17,44674,self_only,target_concept_mask,1.0,0.30057042837142944,1.2020731818469805,43,43,student_concept_state_buffers
assist_17,44674,self_only,random_history_mask,1.0,0.11886853724718094,2.1297371255487785,43,77,student_concept_state_buffers
assist_17,44696,self_only,original,0.0,0.5803337097167969,0.8682954304692014,14,,student_concept_state_buffers
assist_17,44696,self_only,target_concept_mask,0.0,0.5899636149406433,0.8915093791740921,14,14,student_concept_state_buffers
assist_17,44696,self_only,random_history_mask,0.0,0.5803337097167969,0.8682954304692014,14,61,student_concept_state_buffers
assist_17,44960,self_only,original,0.0,0.5834673643112183,0.8757904634491142,24,,student_concept_state_buffers
assist_17,44960,self_only,target_concept_mask,0.0,0.5803224444389343,0.8682685874109745,24,24,student_concept_state_buffers
assist_17,44960,self_only,random_history_mask,0.0,0.5834673643112183,0.8757904634491142,24,90,student_concept_state_buffers
assist_17,45018,self_only,original,1.0,0.842709481716156,0.1711330046756293,38,,student_concept_state_buffers
assist_17,45018,self_only,target_concept_mask,1.0,0.8234302997589111,0.19427637197638584,38,38,student_concept_state_buffers
assist_17,45018,self_only,random_history_mask,1.0,0.842709481716156,0.1711330046756293,38,88,student_concept_state_buffers
assist_17,45058,self_only,original,1.0,0.6522837281227112,0.42727564588029576,69,,student_concept_state_buffers
assist_17,45058,self_only,target_concept_mask,1.0,0.6645195484161377,0.4086909830280795,69,69,student_concept_state_buffers
assist_17,45058,self_only,random_history_mask,1.0,0.6522837281227112,0.42727564588029576,69,3,student_concept_state_buffers
assist_17,45530,self_only,original,0.0,0.2192898839712143,0.2475513683008177,5,,student_concept_state_buffers
assist_17,45530,self_only,target_concept_mask,0.0,0.3027331233024597,0.36058704810982556,5,5,student_concept_state_buffers
assist_17,45530,self_only,random_history_mask,0.0,0.2192898839712143,0.2475513683008177,5,68,student_concept_state_buffers
assist_17,45549,self_only,original,1.0,0.3232390880584717,1.1293630188729684,10,,student_concept_state_buffers
assist_17,45549,self_only,target_concept_mask,1.0,0.4279061555862427,0.848851370090875,10,10,student_concept_state_buffers
assist_17,45549,self_only,random_history_mask,1.0,0.3232390880584717,1.1293630188729684,10,57,student_concept_state_buffers
assist_17,45745,self_only,original,1.0,0.4904402792453766,0.7124517622408668,59,,student_concept_state_buffers
assist_17,45745,self_only,target_concept_mask,1.0,0.39949873089790344,0.9175446905070026,59,59,student_concept_state_buffers
assist_17,45745,self_only,random_history_mask,1.0,0.4904402792453766,0.7124517622408668,59,62,student_concept_state_buffers
assist_17,46152,self_only,original,0.0,0.10038861632347107,0.10579240482349472,0,,student_concept_state_buffers
assist_17,46152,self_only,target_concept_mask,0.0,0.11430121213197708,0.12137835472571289,0,0,student_concept_state_buffers
assist_17,46152,self_only,random_history_mask,0.0,0.10038861632347107,0.10579240482349472,0,27,student_concept_state_buffers
assist_17,46231,self_only,original,1.0,0.640095591545105,0.44613775199255445,14,,student_concept_state_buffers
assist_17,46231,self_only,target_concept_mask,1.0,0.614227831363678,0.4873893588081519,14,14,student_concept_state_buffers
assist_17,46231,self_only,random_history_mask,1.0,0.640095591545105,0.44613775199255445,14,56,student_concept_state_buffers
assist_17,46626,self_only,original,1.0,0.7720744609832764,0.25867428155768474,51,,student_concept_state_buffers
assist_17,46626,self_only,target_concept_mask,1.0,0.7641879916191101,0.26894145775530803,51,51,student_concept_state_buffers
assist_17,46626,self_only,random_history_mask,1.0,0.7720744609832764,0.25867428155768474,51,2,student_concept_state_buffers
assist_17,46666,self_only,original,0.0,0.05113404989242554,0.05248774418764447,5,,student_concept_state_buffers
assist_17,46666,self_only,target_concept_mask,0.0,0.06817156821489334,0.07060656730994781,5,5,student_concept_state_buffers
assist_17,46666,self_only,random_history_mask,0.0,0.05113404989242554,0.05248774418764447,5,55,student_concept_state_buffers
assist_17,46697,self_only,original,0.0,0.1452334076166153,0.15692683867876459,62,,student_concept_state_buffers
assist_17,46697,self_only,target_concept_mask,0.0,0.2658635377883911,0.3090603518281951,62,62,student_concept_state_buffers
assist_17,46697,self_only,random_history_mask,0.0,0.1452334076166153,0.15692683867876459,62,0,student_concept_state_buffers
assist_17,46784,self_only,original,1.0,0.276762992143631,1.284593763080185,37,,student_concept_state_buffers
assist_17,46784,self_only,target_concept_mask,1.0,0.48635849356651306,0.720809285921754,37,37,student_concept_state_buffers
assist_17,46784,self_only,random_history_mask,1.0,0.276762992143631,1.284593763080185,37,10,student_concept_state_buffers
assist_17,46838,self_only,original,0.0,0.09218312799930573,0.09671260354017702,44,,student_concept_state_buffers
assist_17,46838,self_only,target_concept_mask,0.0,0.1435638815164566,0.15497554837366184,44,44,student_concept_state_buffers
assist_17,46838,self_only,random_history_mask,0.0,0.09218312799930573,0.09671260354017702,44,48,student_concept_state_buffers
assist_17,47537,self_only,original,1.0,0.3331187069416046,1.0992563752225148,31,,student_concept_state_buffers
assist_17,47537,self_only,target_concept_mask,1.0,0.30410221219062805,1.190391409775366,31,31,student_concept_state_buffers
assist_17,47537,self_only,random_history_mask,1.0,0.3331187069416046,1.0992563752225148,31,77,student_concept_state_buffers
assist_17,47664,self_only,original,0.0,0.22860732674598694,0.2595577312385798,33,,student_concept_state_buffers
assist_17,47664,self_only,target_concept_mask,0.0,0.3139706552028656,0.37683487549894,33,33,student_concept_state_buffers
assist_17,47664,self_only,random_history_mask,0.0,0.22860732674598694,0.2595577312385798,33,58,student_concept_state_buffers
assist_17,48022,self_only,original,1.0,0.8555067181587219,0.15606133277748266,10,,student_concept_state_buffers
assist_17,48022,self_only,target_concept_mask,1.0,0.8215619921684265,0.1965478821870875,10,10,student_concept_state_buffers
assist_17,48022,self_only,random_history_mask,1.0,0.8555067181587219,0.15606133277748266,10,49,student_concept_state_buffers
assist_17,48076,self_only,original,1.0,0.7382516860961914,0.303470474451209,36,,student_concept_state_buffers
assist_17,48076,self_only,target_concept_mask,1.0,0.6796572208404541,0.38616669490588124,36,36,student_concept_state_buffers
assist_17,48076,self_only,random_history_mask,1.0,0.7382516860961914,0.303470474451209,36,47,student_concept_state_buffers
assist_17,48156,self_only,original,0.0,0.19492045044898987,0.21681418712785583,33,,student_concept_state_buffers
assist_17,48156,self_only,target_concept_mask,0.0,0.32851728796958923,0.3982670086512127,33,33,student_concept_state_buffers
assist_17,48156,self_only,random_history_mask,0.0,0.19492045044898987,0.21681418712785583,33,50,student_concept_state_buffers
assist_17,48247,self_only,original,1.0,0.8685199618339539,0.1409647093003403,20,,student_concept_state_buffers
assist_17,48247,self_only,target_concept_mask,1.0,0.8495889902114868,0.16300258736905138,20,20,student_concept_state_buffers
assist_17,48247,self_only,random_history_mask,1.0,0.8685199618339539,0.1409647093003403,20,37,student_concept_state_buffers
assist_17,48291,self_only,original,1.0,0.2201230376958847,1.5135686267046053,36,,student_concept_state_buffers
assist_17,48291,self_only,target_concept_mask,1.0,0.32444679737091064,1.1256337089117108,36,36,student_concept_state_buffers
assist_17,48291,self_only,random_history_mask,1.0,0.2201230376958847,1.5135686267046053,36,91,student_concept_state_buffers
assist_17,48528,self_only,original,1.0,0.5857118368148804,0.534927356401557,46,,student_concept_state_buffers
assist_17,48528,self_only,target_concept_mask,1.0,0.5925290584564209,0.5233553633671537,46,46,student_concept_state_buffers
assist_17,48528,self_only,random_history_mask,1.0,0.5857118368148804,0.534927356401557,46,60,student_concept_state_buffers
assist_17,48553,self_only,original,1.0,0.5467265248298645,0.6038065561863261,46,,student_concept_state_buffers
assist_17,48553,self_only,target_concept_mask,1.0,0.5538568496704102,0.5908490197210923,46,46,student_concept_state_buffers
assist_17,48553,self_only,random_history_mask,1.0,0.5467265248298645,0.6038065561863261,46,45,student_concept_state_buffers
assist_17,48619,self_only,original,0.0,0.1569611132144928,0.17074219299851454,24,,student_concept_state_buffers
assist_17,48619,self_only,target_concept_mask,0.0,0.23504295945167542,0.26793560287839757,24,24,student_concept_state_buffers
assist_17,48619,self_only,random_history_mask,0.0,0.1569611132144928,0.17074219299851454,24,67,student_concept_state_buffers
assist_17,49015,self_only,original,1.0,0.5200326442718506,0.6538636919312188,25,,student_concept_state_buffers
assist_17,49015,self_only,target_concept_mask,1.0,0.5116585493087769,0.6700977722978996,25,25,student_concept_state_buffers
assist_17,49015,self_only,random_history_mask,1.0,0.5200326442718506,0.6538636919312188,25,32,student_concept_state_buffers
assist_17,49126,self_only,original,1.0,0.41103535890579224,0.8890760367854368,10,,student_concept_state_buffers
assist_17,49126,self_only,target_concept_mask,1.0,0.5148020386695862,0.6639728431483755,10,10,student_concept_state_buffers
assist_17,49126,self_only,random_history_mask,1.0,0.41103535890579224,0.8890760367854368,10,66,student_concept_state_buffers
assist_17,49196,self_only,original,1.0,0.506788432598114,0.6796616551876737,4,,student_concept_state_buffers
assist_17,49196,self_only,target_concept_mask,1.0,0.5640518665313721,0.5726090697772608,4,4,student_concept_state_buffers
assist_17,49196,self_only,random_history_mask,1.0,0.506788432598114,0.6796616551876737,4,67,student_concept_state_buffers
assist_17,49325,self_only,original,1.0,0.5979447960853577,0.5142568435312592,14,,student_concept_state_buffers
assist_17,49325,self_only,target_concept_mask,1.0,0.6624927520751953,0.41174566144546104,14,14,student_concept_state_buffers
assist_17,49325,self_only,random_history_mask,1.0,0.5979447960853577,0.5142568435312592,14,59,student_concept_state_buffers
assist_17,49522,self_only,original,0.0,0.7539742588996887,1.402319109904861,32,,student_concept_state_buffers
assist_17,49522,self_only,target_concept_mask,0.0,0.7600871920585632,1.4274797218936808,32,32,student_concept_state_buffers
assist_17,49522,self_only,random_history_mask,0.0,0.7539742588996887,1.402319109904861,32,27,student_concept_state_buffers
assist_17,49703,self_only,original,1.0,0.5975853800773621,0.5148581098580989,63,,student_concept_state_buffers
assist_17,49703,self_only,target_concept_mask,1.0,0.5977199077606201,0.5146330164276676,63,63,student_concept_state_buffers
assist_17,49703,self_only,random_history_mask,1.0,0.5975853800773621,0.5148581098580989,63,31,student_concept_state_buffers
assist_17,49837,self_only,original,0.0,0.4039890766143799,0.5174962842565182,20,,student_concept_state_buffers
assist_17,49837,self_only,target_concept_mask,0.0,0.5356674790382385,0.7671543434159166,20,20,student_concept_state_buffers
assist_17,49837,self_only,random_history_mask,0.0,0.4039890766143799,0.5174962842565182,20,51,student_concept_state_buffers
assist_17,50003,self_only,original,0.0,0.6945475935935974,1.1859613016839596,59,,student_concept_state_buffers
assist_17,50003,self_only,target_concept_mask,0.0,0.6350725889205933,1.008056818932703,59,59,student_concept_state_buffers
assist_17,50003,self_only,random_history_mask,0.0,0.6945475935935974,1.1859613016839596,59,64,student_concept_state_buffers
assist_17,50115,self_only,original,1.0,0.5590667724609375,0.5814863631199267,14,,student_concept_state_buffers
assist_17,50115,self_only,target_concept_mask,1.0,0.503302276134491,0.6865643427890455,14,14,student_concept_state_buffers
assist_17,50115,self_only,random_history_mask,1.0,0.5590667724609375,0.5814863631199267,14,62,student_concept_state_buffers
assist_17,50310,self_only,original,0.0,0.1104419156908989,0.11703047405417605,69,,student_concept_state_buffers
assist_17,50310,self_only,target_concept_mask,0.0,0.13743512332439423,0.1478449135714188,69,69,student_concept_state_buffers
assist_17,50310,self_only,random_history_mask,0.0,0.1104419156908989,0.11703047405417605,69,50,student_concept_state_buffers
assist_17,50604,self_only,original,1.0,0.4108201861381531,0.8895996635318965,79,,student_concept_state_buffers
assist_17,50604,self_only,target_concept_mask,1.0,0.41028955578804016,0.890892134920034,79,79,student_concept_state_buffers
assist_17,50604,self_only,random_history_mask,1.0,0.4108201861381531,0.8895996635318965,79,4,student_concept_state_buffers
assist_17,50700,self_only,original,0.0,0.12714698910713196,0.13598810972097206,57,,student_concept_state_buffers
assist_17,50700,self_only,target_concept_mask,0.0,0.2292424887418747,0.2603814668749425,57,57,student_concept_state_buffers
assist_17,50700,self_only,random_history_mask,0.0,0.12714698910713196,0.13598810972097206,57,51,student_concept_state_buffers
assist_17,51469,self_only,original,1.0,0.8295291066169739,0.18689708061586974,14,,student_concept_state_buffers
assist_17,51469,self_only,target_concept_mask,1.0,0.8089761137962341,0.21198588795133383,14,14,student_concept_state_buffers
assist_17,51469,self_only,random_history_mask,1.0,0.8295291066169739,0.18689708061586974,14,56,student_concept_state_buffers
assist_17,51610,self_only,original,0.0,0.08440779149532318,0.08818420065522725,8,,student_concept_state_buffers
assist_17,51610,self_only,target_concept_mask,0.0,0.0751558318734169,0.07813002255203279,8,8,student_concept_state_buffers
assist_17,51610,self_only,random_history_mask,0.0,0.08440779149532318,0.08818420065522725,8,7,student_concept_state_buffers
assist_17,51707,self_only,original,0.0,0.2136230319738388,0.24031899843901242,57,,student_concept_state_buffers
assist_17,51707,self_only,target_concept_mask,0.0,0.286396324634552,0.33742754727353597,57,57,student_concept_state_buffers
assist_17,51707,self_only,random_history_mask,0.0,0.2136230319738388,0.24031899843901242,57,14,student_concept_state_buffers
assist_17,51745,self_only,original,1.0,0.8685969710350037,0.14087604606801193,44,,student_concept_state_buffers
assist_17,51745,self_only,target_concept_mask,1.0,0.8433597683906555,0.1703616405021805,44,44,student_concept_state_buffers
assist_17,51745,self_only,random_history_mask,1.0,0.8685969710350037,0.14087604606801193,44,64,student_concept_state_buffers
assist_17,51796,self_only,original,1.0,0.20044472813606262,1.607216740383838,34,,student_concept_state_buffers
assist_17,51796,self_only,target_concept_mask,1.0,0.20838360488414764,1.5683746435789299,34,34,student_concept_state_buffers
assist_17,51796,self_only,random_history_mask,1.0,0.20044472813606262,1.607216740383838,34,79,student_concept_state_buffers
assist_17,51891,self_only,original,0.0,0.5868535041809082,0.8839530374899572,13,,student_concept_state_buffers
assist_17,51891,self_only,target_concept_mask,0.0,0.4877051115036011,0.6688548656460014,13,13,student_concept_state_buffers
assist_17,51891,self_only,random_history_mask,0.0,0.5868535041809082,0.8839530374899572,13,59,student_concept_state_buffers
assist_17,51961,self_only,original,1.0,0.45100468397140503,0.796277553787481,20,,student_concept_state_buffers
assist_17,51961,self_only,target_concept_mask,1.0,0.47239235043525696,0.7499453877721355,20,20,student_concept_state_buffers
assist_17,51961,self_only,random_history_mask,1.0,0.45100468397140503,0.796277553787481,20,27,student_concept_state_buffers
assist_17,51999,self_only,original,0.0,0.4665178060531616,0.6283295847170205,65,,student_concept_state_buffers
assist_17,51999,self_only,target_concept_mask,0.0,0.43588918447494507,0.5725045653566234,65,65,student_concept_state_buffers
assist_17,51999,self_only,random_history_mask,0.0,0.4665178060531616,0.6283295847170205,65,66,student_concept_state_buffers
assist_17,52244,self_only,original,0.0,0.4107135832309723,0.528842937176484,20,,student_concept_state_buffers
assist_17,52244,self_only,target_concept_mask,0.0,0.39967647194862366,0.5102865556703479,20,20,student_concept_state_buffers
assist_17,52244,self_only,random_history_mask,0.0,0.4107135832309723,0.528842937176484,20,0,student_concept_state_buffers
assist_17,52423,self_only,original,0.0,0.4077140688896179,0.5237657689605878,14,,student_concept_state_buffers
assist_17,52423,self_only,target_concept_mask,0.0,0.42397499084472656,0.5516042005564593,14,14,student_concept_state_buffers
assist_17,52423,self_only,random_history_mask,0.0,0.4077140688896179,0.5237657689605878,14,85,student_concept_state_buffers
assist_17,52484,self_only,original,1.0,0.8422294855117798,0.17170275376054764,20,,student_concept_state_buffers
assist_17,52484,self_only,target_concept_mask,1.0,0.7871822714805603,0.23929545448275516,20,20,student_concept_state_buffers
assist_17,52484,self_only,random_history_mask,1.0,0.8422294855117798,0.17170275376054764,20,33,student_concept_state_buffers
assist_17,52621,self_only,original,0.0,0.09856519848108292,0.10376756117386884,57,,student_concept_state_buffers
assist_17,52621,self_only,target_concept_mask,0.0,0.2873679995536804,0.3387901202142389,57,57,student_concept_state_buffers
assist_17,52621,self_only,random_history_mask,0.0,0.09856519848108292,0.10376756117386884,57,45,student_concept_state_buffers
assist_17,52870,self_only,original,0.0,0.008510502055287361,0.00854692316641861,20,,student_concept_state_buffers
assist_17,52870,self_only,target_concept_mask,0.0,0.017411597073078156,0.01756496175269355,20,20,student_concept_state_buffers
assist_17,52870,self_only,random_history_mask,0.0,0.008510502055287361,0.00854692316641861,20,64,student_concept_state_buffers
assist_17,52892,self_only,original,0.0,0.1699790358543396,0.18630432050365175,60,,student_concept_state_buffers
assist_17,52892,self_only,target_concept_mask,0.0,0.34264808893203735,0.4195357706132597,60,60,student_concept_state_buffers
assist_17,52892,self_only,random_history_mask,0.0,0.1699790358543396,0.18630432050365175,60,34,student_concept_state_buffers
assist_17,52991,self_only,original,0.0,0.021238122135400772,0.021466896001490564,12,,student_concept_state_buffers
assist_17,52991,self_only,target_concept_mask,0.0,0.03564930334687233,0.03630025731965768,12,12,student_concept_state_buffers
assist_17,52991,self_only,random_history_mask,0.0,0.021238122135400772,0.021466896001490564,12,13,student_concept_state_buffers
assist_17,53072,self_only,original,0.0,0.10183154046535492,0.10739763413694141,57,,student_concept_state_buffers
assist_17,53072,self_only,target_concept_mask,0.0,0.17724166810512543,0.1950927643246716,57,57,student_concept_state_buffers
assist_17,53072,self_only,random_history_mask,0.0,0.10183154046535492,0.10739763413694141,57,0,student_concept_state_buffers
assist_17,53157,self_only,original,0.0,0.21542897820472717,0.24261817961896748,51,,student_concept_state_buffers
assist_17,53157,self_only,target_concept_mask,0.0,0.29889440536499023,0.35509676900500475,51,51,student_concept_state_buffers
assist_17,53157,self_only,random_history_mask,0.0,0.21542897820472717,0.24261817961896748,51,24,student_concept_state_buffers
assist_17,53165,self_only,original,0.0,0.44792476296424866,0.5940709430150931,48,,student_concept_state_buffers
assist_17,53165,self_only,target_concept_mask,0.0,0.5755961537361145,0.8570698094561248,48,48,student_concept_state_buffers
assist_17,53165,self_only,random_history_mask,0.0,0.44792476296424866,0.5940709430150931,48,6,student_concept_state_buffers
assist_17,53803,self_only,original,0.0,0.14026708900928497,0.15113350658645114,57,,student_concept_state_buffers
assist_17,53803,self_only,target_concept_mask,0.0,0.23886366188526154,0.2729427806430983,57,57,student_concept_state_buffers
assist_17,53803,self_only,random_history_mask,0.0,0.14026708900928497,0.15113350658645114,57,25,student_concept_state_buffers
assist_17,53946,self_only,original,1.0,0.2082703709602356,1.5689181829821979,62,,student_concept_state_buffers
assist_17,53946,self_only,target_concept_mask,1.0,0.28807297348976135,1.2445414507687431,62,62,student_concept_state_buffers
assist_17,53946,self_only,random_history_mask,1.0,0.2082703709602356,1.5689181829821979,62,14,student_concept_state_buffers
assist_17,54052,self_only,original,0.0,0.1222190335392952,0.13035818519308942,34,,student_concept_state_buffers
assist_17,54052,self_only,target_concept_mask,0.0,0.14535748958587646,0.15707201395515225,34,34,student_concept_state_buffers
assist_17,54052,self_only,random_history_mask,0.0,0.1222190335392952,0.13035818519308942,34,39,student_concept_state_buffers
assist_17,54072,self_only,original,0.0,0.4664587676525116,0.6282189247272669,59,,student_concept_state_buffers
assist_17,54072,self_only,target_concept_mask,0.0,0.43973562121391296,0.5793465016842781,59,59,student_concept_state_buffers
assist_17,54072,self_only,random_history_mask,0.0,0.4664587676525116,0.6282189247272669,59,39,student_concept_state_buffers
assist_17,54106,self_only,original,0.0,0.5704443454742432,0.845003966148707,37,,student_concept_state_buffers
assist_17,54106,self_only,target_concept_mask,0.0,0.5404430627822876,0.777492433616378,37,37,student_concept_state_buffers
assist_17,54106,self_only,random_history_mask,0.0,0.5704443454742432,0.845003966148707,37,43,student_concept_state_buffers
assist_17,54157,self_only,original,1.0,0.2809978723526001,1.2694081813759888,62,,student_concept_state_buffers
assist_17,54157,self_only,target_concept_mask,1.0,0.2596428394317627,1.3484482868430718,62,62,student_concept_state_buffers
assist_17,54157,self_only,random_history_mask,1.0,0.2809978723526001,1.2694081813759888,62,47,student_concept_state_buffers
assist_17,54280,self_only,original,0.0,0.1416240930557251,0.15271315545903852,51,,student_concept_state_buffers
assist_17,54280,self_only,target_concept_mask,0.0,0.24531996250152588,0.28146141095081306,51,51,student_concept_state_buffers
assist_17,54280,self_only,random_history_mask,0.0,0.1416240930557251,0.15271315545903852,51,2,student_concept_state_buffers
assist_17,54330,self_only,original,1.0,0.29951900243759155,1.2055774162353432,20,,student_concept_state_buffers
assist_17,54330,self_only,target_concept_mask,1.0,0.3125612139701843,1.1629549442839948,20,20,student_concept_state_buffers
assist_17,54330,self_only,random_history_mask,1.0,0.29951900243759155,1.2055774162353432,20,35,student_concept_state_buffers
assist_17,54497,self_only,original,0.0,0.311021089553833,0.3725446173684842,59,,student_concept_state_buffers
assist_17,54497,self_only,target_concept_mask,0.0,0.3337791860103607,0.40613411085614853,59,59,student_concept_state_buffers
assist_17,54497,self_only,random_history_mask,0.0,0.311021089553833,0.3725446173684842,59,6,student_concept_state_buffers
assist_17,54554,self_only,original,1.0,0.23582682013511658,1.4446575563158583,13,,student_concept_state_buffers
assist_17,54554,self_only,target_concept_mask,1.0,0.21697023510932922,1.5279951002445067,13,13,student_concept_state_buffers
assist_17,54554,self_only,random_history_mask,1.0,0.23582682013511658,1.4446575563158583,13,0,student_concept_state_buffers
assist_17,54620,self_only,original,0.0,0.10261894762516022,0.10827469957574805,1,,student_concept_state_buffers
assist_17,54620,self_only,target_concept_mask,0.0,0.19877982139587402,0.2216194900306806,1,1,student_concept_state_buffers
assist_17,54620,self_only,random_history_mask,0.0,0.10261894762516022,0.10827469957574805,1,14,student_concept_state_buffers
assist_17,54627,self_only,original,0.0,0.4614919424057007,0.6189528194627284,50,,student_concept_state_buffers
assist_17,54627,self_only,target_concept_mask,0.0,0.5059825778007507,0.7051844948062858,50,50,student_concept_state_buffers
assist_17,54627,self_only,random_history_mask,0.0,0.4614919424057007,0.6189528194627284,50,52,student_concept_state_buffers
assist_17,54800,self_only,original,0.0,0.367144912481308,0.45751381271667063,70,,student_concept_state_buffers
assist_17,54800,self_only,target_concept_mask,0.0,0.3629288375377655,0.45087391463827375,70,70,student_concept_state_buffers
assist_17,54800,self_only,random_history_mask,0.0,0.367144912481308,0.45751381271667063,70,10,student_concept_state_buffers
assist_17,54831,self_only,original,1.0,0.8856406211853027,0.12144403009254975,63,,student_concept_state_buffers
assist_17,54831,self_only,target_concept_mask,1.0,0.8672104477882385,0.14247360064303874,63,63,student_concept_state_buffers
assist_17,54831,self_only,random_history_mask,1.0,0.8856406211853027,0.12144403009254975,63,44,student_concept_state_buffers
assist_17,54968,self_only,original,1.0,0.31137815117836,1.166747185247517,57,,student_concept_state_buffers
assist_17,54968,self_only,target_concept_mask,1.0,0.446867436170578,0.8054932917289656,57,57,student_concept_state_buffers
assist_17,54968,self_only,random_history_mask,1.0,0.31137815117836,1.166747185247517,57,76,student_concept_state_buffers
assist_17,55044,self_only,original,0.0,0.11555089056491852,0.12279030300693662,29,,student_concept_state_buffers
assist_17,55044,self_only,target_concept_mask,0.0,0.13649433851242065,0.14675482497499864,29,29,student_concept_state_buffers
assist_17,55044,self_only,random_history_mask,0.0,0.11555089056491852,0.12279030300693662,29,31,student_concept_state_buffers
assist_17,55622,self_only,original,0.0,0.25148630142211914,0.28966577391666776,2,,student_concept_state_buffers
assist_17,55622,self_only,target_concept_mask,0.0,0.4107523560523987,0.5289087355657419,2,2,student_concept_state_buffers
assist_17,55622,self_only,random_history_mask,0.0,0.25148630142211914,0.28966577391666776,2,9,student_concept_state_buffers
assist_17,55670,self_only,original,1.0,0.9124522805213928,0.09161949021195992,36,,student_concept_state_buffers
assist_17,55670,self_only,target_concept_mask,1.0,0.8944289684295654,0.1115697884323186,36,36,student_concept_state_buffers
assist_17,55670,self_only,random_history_mask,1.0,0.9124522805213928,0.09161949021195992,36,40,student_concept_state_buffers
assist_17,55871,self_only,original,0.0,0.03006063774228096,0.030521722575108216,36,,student_concept_state_buffers
assist_17,55871,self_only,target_concept_mask,0.0,0.04156746342778206,0.0424561033530672,36,36,student_concept_state_buffers
assist_17,55871,self_only,random_history_mask,0.0,0.03006063774228096,0.030521722575108216,36,44,student_concept_state_buffers
assist_17,55906,self_only,original,0.0,0.379668653011322,0.47750151307328703,41,,student_concept_state_buffers
assist_17,55906,self_only,target_concept_mask,0.0,0.27474746108055115,0.3212353552360462,41,41,student_concept_state_buffers
assist_17,55906,self_only,random_history_mask,0.0,0.379668653011322,0.47750151307328703,41,36,student_concept_state_buffers
assist_17,56322,self_only,original,0.0,0.07104222476482391,0.07369199304714648,59,,student_concept_state_buffers
assist_17,56322,self_only,target_concept_mask,0.0,0.24463529884815216,0.28055459847994185,59,59,student_concept_state_buffers
assist_17,56322,self_only,random_history_mask,0.0,0.07104222476482391,0.07369199304714648,59,6,student_concept_state_buffers
assist_17,56595,self_only,original,1.0,0.862926185131073,0.14742612442930692,32,,student_concept_state_buffers
assist_17,56595,self_only,target_concept_mask,1.0,0.873073935508728,0.135735035424256,32,32,student_concept_state_buffers
assist_17,56595,self_only,random_history_mask,1.0,0.862926185131073,0.14742612442930692,32,3,student_concept_state_buffers
assist_17,56843,self_only,original,0.0,0.21281446516513824,0.2392913088767686,33,,student_concept_state_buffers
assist_17,56843,self_only,target_concept_mask,0.0,0.21205638349056244,0.23832874433726914,33,33,student_concept_state_buffers
assist_17,56843,self_only,random_history_mask,0.0,0.21281446516513824,0.2392913088767686,33,45,student_concept_state_buffers
assist_17,57152,self_only,original,0.0,0.27065587043762207,0.31560960134447485,2,,student_concept_state_buffers
assist_17,57152,self_only,target_concept_mask,0.0,0.35576876997947693,0.4396975644949251,2,2,student_concept_state_buffers
assist_17,57152,self_only,random_history_mask,0.0,0.27065587043762207,0.31560960134447485,2,92,student_concept_state_buffers
assist_17,57176,self_only,original,0.0,0.2087429016828537,0.2341323345470599,50,,student_concept_state_buffers
assist_17,57176,self_only,target_concept_mask,0.0,0.3055238723754883,0.36459749084934534,50,50,student_concept_state_buffers
assist_17,57176,self_only,random_history_mask,0.0,0.2087429016828537,0.2341323345470599,50,53,student_concept_state_buffers
assist_17,57249,self_only,original,1.0,0.5301156640052795,0.6346600622733133,65,,student_concept_state_buffers
assist_17,57249,self_only,target_concept_mask,1.0,0.47717833518981934,0.7398649896426701,65,65,student_concept_state_buffers
assist_17,57249,self_only,random_history_mask,1.0,0.5301156640052795,0.6346600622733133,65,11,student_concept_state_buffers
assist_17,57561,self_only,original,0.0,0.3866702914237976,0.48885262699478393,20,,student_concept_state_buffers
assist_17,57561,self_only,target_concept_mask,0.0,0.46018311381340027,0.6165252965855506,20,20,student_concept_state_buffers
assist_17,57561,self_only,random_history_mask,0.0,0.3866702914237976,0.48885262699478393,20,30,student_concept_state_buffers
assist_17,57578,self_only,original,1.0,0.8038693070411682,0.21831857644779445,10,,student_concept_state_buffers
assist_17,57578,self_only,target_concept_mask,1.0,0.8060354590415955,0.21562754359507638,10,10,student_concept_state_buffers
assist_17,57578,self_only,random_history_mask,1.0,0.8038693070411682,0.21831857644779445,10,39,student_concept_state_buffers
assist_17,57631,self_only,original,0.0,0.4057422876358032,0.5204421945101965,79,,student_concept_state_buffers
assist_17,57631,self_only,target_concept_mask,0.0,0.3434806764125824,0.4208031514189732,79,79,student_concept_state_buffers
assist_17,57631,self_only,random_history_mask,0.0,0.4057422876358032,0.5204421945101965,79,42,student_concept_state_buffers
assist_17,57880,self_only,original,0.0,0.08199261128902435,0.08554983968927074,67,,student_concept_state_buffers
assist_17,57880,self_only,target_concept_mask,0.0,0.1185436025261879,0.12617974237915416,67,67,student_concept_state_buffers
assist_17,57880,self_only,random_history_mask,0.0,0.08199261128902435,0.08554983968927074,67,8,student_concept_state_buffers
assist_17,58080,self_only,original,1.0,0.6639447808265686,0.4095562943695748,20,,student_concept_state_buffers
assist_17,58080,self_only,target_concept_mask,1.0,0.6998092532157898,0.3569474764783661,20,20,student_concept_state_buffers
assist_17,58080,self_only,random_history_mask,1.0,0.6639447808265686,0.4095562943695748,20,12,student_concept_state_buffers
assist_17,58370,self_only,original,1.0,0.22995677590370178,1.4698639185736277,58,,student_concept_state_buffers
assist_17,58370,self_only,target_concept_mask,1.0,0.25755882263183594,1.3565071475610093,58,58,student_concept_state_buffers
assist_17,58370,self_only,random_history_mask,1.0,0.22995677590370178,1.4698639185736277,58,33,student_concept_state_buffers
assist_17,58492,self_only,original,1.0,0.17828330397605896,1.7243813985645187,53,,student_concept_state_buffers
assist_17,58492,self_only,target_concept_mask,1.0,0.19785621762275696,1.6202146857018198,53,53,student_concept_state_buffers
assist_17,58492,self_only,random_history_mask,1.0,0.17828330397605896,1.7243813985645187,53,31,student_concept_state_buffers
assist_17,58494,self_only,original,0.0,0.13404250144958496,0.14391944951041755,32,,student_concept_state_buffers
assist_17,58494,self_only,target_concept_mask,0.0,0.3068011403083801,0.3664383661339319,32,32,student_concept_state_buffers
assist_17,58494,self_only,random_history_mask,0.0,0.13404250144958496,0.14391944951041755,32,52,student_concept_state_buffers
assist_17,58571,self_only,original,1.0,0.18536460399627686,1.6854305610337799,1,,student_concept_state_buffers
assist_17,58571,self_only,target_concept_mask,1.0,0.485666424036026,0.7222332610378174,1,1,student_concept_state_buffers
assist_17,58571,self_only,random_history_mask,1.0,0.18536460399627686,1.6854305610337799,1,8,student_concept_state_buffers
assist_17,58707,self_only,original,1.0,0.18986545503139496,1.6614395890788383,57,,student_concept_state_buffers
assist_17,58707,self_only,target_concept_mask,1.0,0.40777847170829773,0.8970312135342186,57,57,student_concept_state_buffers
assist_17,58707,self_only,random_history_mask,1.0,0.18986545503139496,1.6614395890788383,57,47,student_concept_state_buffers
assist_17,58934,self_only,original,0.0,0.6742674708366394,1.1216786970682333,10,,student_concept_state_buffers
assist_17,58934,self_only,target_concept_mask,0.0,0.7516244649887085,1.392813424066008,10,10,student_concept_state_buffers
assist_17,58934,self_only,random_history_mask,0.0,0.6742674708366394,1.1216786970682333,10,0,student_concept_state_buffers
assist_17,59225,self_only,original,0.0,0.22537042200565338,0.25537032776819685,26,,student_concept_state_buffers
assist_17,59225,self_only,target_concept_mask,0.0,0.2000827044248581,0.2232469371894178,26,26,student_concept_state_buffers
assist_17,59225,self_only,random_history_mask,0.0,0.22537042200565338,0.25537032776819685,26,58,student_concept_state_buffers
assist_17,59275,self_only,original,0.0,0.22249285876750946,0.25166245010598887,72,,student_concept_state_buffers
assist_17,59275,self_only,target_concept_mask,0.0,0.16120384633541107,0.17578756548635813,72,72,student_concept_state_buffers
assist_17,59275,self_only,random_history_mask,0.0,0.22249285876750946,0.25166245010598887,72,24,student_concept_state_buffers
assist_17,59305,self_only,original,1.0,0.2755591571331024,1.288952947003646,46,,student_concept_state_buffers
assist_17,59305,self_only,target_concept_mask,1.0,0.2771126329898834,1.2833312381492088,46,46,student_concept_state_buffers
assist_17,59305,self_only,random_history_mask,1.0,0.2755591571331024,1.288952947003646,46,37,student_concept_state_buffers
assist_17,59433,self_only,original,0.0,0.17688332498073578,0.19465732040754974,12,,student_concept_state_buffers
assist_17,59433,self_only,target_concept_mask,0.0,0.24879862368106842,0.2860815189293103,12,12,student_concept_state_buffers
assist_17,59433,self_only,random_history_mask,0.0,0.17688332498073578,0.19465732040754974,12,66,student_concept_state_buffers
assist_17,59599,self_only,original,0.0,0.1649813950061798,0.18030127294978415,36,,student_concept_state_buffers
assist_17,59599,self_only,target_concept_mask,0.0,0.31306231021881104,0.37551168988165007,36,36,student_concept_state_buffers
assist_17,59599,self_only,random_history_mask,0.0,0.1649813950061798,0.18030127294978415,36,2,student_concept_state_buffers
assist_17,59843,self_only,original,1.0,0.6038733124732971,0.5043908506081844,10,,student_concept_state_buffers
assist_17,59843,self_only,target_concept_mask,1.0,0.629416286945343,0.4629624177477338,10,10,student_concept_state_buffers
assist_17,59843,self_only,random_history_mask,1.0,0.6038733124732971,0.5043908506081844,10,66,student_concept_state_buffers
assist_17,59982,self_only,original,0.0,0.019288046285510063,0.019476487696701374,46,,student_concept_state_buffers
assist_17,59982,self_only,target_concept_mask,0.0,0.02601839043200016,0.02636285686487958,46,46,student_concept_state_buffers
assist_17,59982,self_only,random_history_mask,0.0,0.019288046285510063,0.019476487696701374,46,8,student_concept_state_buffers
assist_17,60127,self_only,original,1.0,0.4334156811237335,0.8360580088922088,1,,student_concept_state_buffers
assist_17,60127,self_only,target_concept_mask,1.0,0.4355897307395935,0.8310544631792022,1,1,student_concept_state_buffers
assist_17,60127,self_only,random_history_mask,1.0,0.4334156811237335,0.8360580088922088,1,11,student_concept_state_buffers
assist_17,60162,self_only,original,0.0,0.05834921449422836,0.06012078916154333,68,,student_concept_state_buffers
assist_17,60162,self_only,target_concept_mask,0.0,0.08532003313302994,0.08918103787487361,68,68,student_concept_state_buffers
assist_17,60162,self_only,random_history_mask,0.0,0.05834921449422836,0.06012078916154333,68,35,student_concept_state_buffers
assist_17,60568,self_only,original,1.0,0.6025890111923218,0.5065198881104856,45,,student_concept_state_buffers
assist_17,60568,self_only,target_concept_mask,1.0,0.5480033755302429,0.6014738323263719,45,45,student_concept_state_buffers
assist_17,60568,self_only,random_history_mask,1.0,0.6025890111923218,0.5065198881104856,45,27,student_concept_state_buffers
assist_17,60624,self_only,original,0.0,0.6388454437255859,1.01844927854821,20,,student_concept_state_buffers
assist_17,60624,self_only,target_concept_mask,0.0,0.5641000866889954,0.8303426186113941,20,20,student_concept_state_buffers
assist_17,60624,self_only,random_history_mask,0.0,0.6388454437255859,1.01844927854821,20,44,student_concept_state_buffers
assist_17,61145,self_only,original,1.0,0.6588104963302612,0.4173193483066941,32,,student_concept_state_buffers
assist_17,61145,self_only,target_concept_mask,1.0,0.5734560489654541,0.55607398185257,32,32,student_concept_state_buffers
assist_17,61145,self_only,random_history_mask,1.0,0.6588104963302612,0.4173193483066941,32,92,student_concept_state_buffers
assist_17,61502,self_only,original,0.0,0.0594567209482193,0.06129761423252063,36,,student_concept_state_buffers
assist_17,61502,self_only,target_concept_mask,0.0,0.11566333472728729,0.12291744577812815,36,36,student_concept_state_buffers
assist_17,61502,self_only,random_history_mask,0.0,0.0594567209482193,0.06129761423252063,36,91,student_concept_state_buffers
assist_17,61690,self_only,original,1.0,0.5582191944122314,0.5830035722077065,54,,student_concept_state_buffers
assist_17,61690,self_only,target_concept_mask,1.0,0.4287468194961548,0.8468886986142717,54,54,student_concept_state_buffers
assist_17,61690,self_only,random_history_mask,1.0,0.5582191944122314,0.5830035722077065,54,8,student_concept_state_buffers
assist_17,62416,self_only,original,1.0,0.8488548994064331,0.16386701492565484,62,,student_concept_state_buffers
assist_17,62416,self_only,target_concept_mask,1.0,0.733680248260498,0.30968197435442285,62,62,student_concept_state_buffers
assist_17,62416,self_only,random_history_mask,1.0,0.8488548994064331,0.16386701492565484,62,46,student_concept_state_buffers
assist_17,62435,self_only,original,0.0,0.7938551902770996,1.5791763973331765,14,,student_concept_state_buffers
assist_17,62435,self_only,target_concept_mask,0.0,0.7559629678726196,1.4104352941911364,14,14,student_concept_state_buffers
assist_17,62435,self_only,random_history_mask,0.0,0.7938551902770996,1.5791763973331765,14,32,student_concept_state_buffers
assist_17,62551,self_only,original,0.0,0.2634117305278778,0.305726200332677,32,,student_concept_state_buffers
assist_17,62551,self_only,target_concept_mask,0.0,0.3022844195365906,0.35994373710753963,32,32,student_concept_state_buffers
assist_17,62551,self_only,random_history_mask,0.0,0.2634117305278778,0.305726200332677,32,65,student_concept_state_buffers
assist_17,63134,self_only,original,1.0,0.781194806098938,0.24693072862058632,20,,student_concept_state_buffers
assist_17,63134,self_only,target_concept_mask,1.0,0.7578648924827576,0.27725015133395764,20,20,student_concept_state_buffers
assist_17,63134,self_only,random_history_mask,1.0,0.781194806098938,0.24693072862058632,20,30,student_concept_state_buffers
assist_17,63409,self_only,original,1.0,0.6951539516448975,0.3636219447896362,2,,student_concept_state_buffers
assist_17,63409,self_only,target_concept_mask,1.0,0.6581994891166687,0.4182472186557136,2,2,student_concept_state_buffers
assist_17,63409,self_only,random_history_mask,1.0,0.6951539516448975,0.3636219447896362,2,53,student_concept_state_buffers
assist_17,63548,self_only,original,0.0,0.1296541839838028,0.1388646566378102,52,,student_concept_state_buffers
assist_17,63548,self_only,target_concept_mask,0.0,0.09478770196437836,0.09958577932783437,52,52,student_concept_state_buffers
assist_17,63548,self_only,random_history_mask,0.0,0.1296541839838028,0.1388646566378102,52,39,student_concept_state_buffers
assist_17,63561,self_only,original,1.0,0.3779658079147339,0.9729515427058991,34,,student_concept_state_buffers
assist_17,63561,self_only,target_concept_mask,1.0,0.3892790973186493,0.9434587187981301,34,34,student_concept_state_buffers
assist_17,63561,self_only,random_history_mask,1.0,0.3779658079147339,0.9729515427058991,34,54,student_concept_state_buffers
assist_17,64035,self_only,original,0.0,0.04210291802883148,0.04301493687502822,20,,student_concept_state_buffers
assist_17,64035,self_only,target_concept_mask,0.0,0.02782018668949604,0.028214498513012352,20,20,student_concept_state_buffers
assist_17,64035,self_only,random_history_mask,0.0,0.04210291802883148,0.04301493687502822,20,45,student_concept_state_buffers
assist_17,64134,self_only,original,1.0,0.7356409430503845,0.30701312840668266,63,,student_concept_state_buffers
assist_17,64134,self_only,target_concept_mask,1.0,0.7309942841529846,0.3133496384790921,63,63,student_concept_state_buffers
assist_17,64134,self_only,random_history_mask,1.0,0.7356409430503845,0.30701312840668266,63,64,student_concept_state_buffers
assist_17,64158,self_only,original,1.0,0.5153713226318359,0.6628676233056113,20,,student_concept_state_buffers
assist_17,64158,self_only,target_concept_mask,1.0,0.6137263178825378,0.48820618655262826,20,20,student_concept_state_buffers
assist_17,64158,self_only,random_history_mask,1.0,0.5153713226318359,0.6628676233056113,20,33,student_concept_state_buffers
assist_17,64317,self_only,original,0.0,0.1320289522409439,0.14159691999437596,57,,student_concept_state_buffers
assist_17,64317,self_only,target_concept_mask,0.0,0.19843171536922455,0.22118511451562312,57,57,student_concept_state_buffers
assist_17,64317,self_only,random_history_mask,0.0,0.1320289522409439,0.14159691999437596,57,1,student_concept_state_buffers
assist_17,64443,self_only,original,0.0,0.7124167680740356,1.246242958291271,14,,student_concept_state_buffers
assist_17,64443,self_only,target_concept_mask,0.0,0.6657542586326599,1.095878803941863,14,14,student_concept_state_buffers
assist_17,64443,self_only,random_history_mask,0.0,0.7124167680740356,1.246242958291271,14,2,student_concept_state_buffers
assist_17,64448,self_only,original,0.0,0.26369425654411316,0.3061098342088699,25,,student_concept_state_buffers
assist_17,64448,self_only,target_concept_mask,0.0,0.2799069881439209,0.3283748921820153,25,25,student_concept_state_buffers
assist_17,64448,self_only,random_history_mask,0.0,0.26369425654411316,0.3061098342088699,25,2,student_concept_state_buffers
assist_17,64530,self_only,original,1.0,0.6688643097877502,0.40217406485513957,39,,student_concept_state_buffers
assist_17,64530,self_only,target_concept_mask,1.0,0.6604343056678772,0.4148576214836002,39,39,student_concept_state_buffers
assist_17,64530,self_only,random_history_mask,1.0,0.6688643097877502,0.40217406485513957,39,43,student_concept_state_buffers
assist_17,64997,self_only,original,1.0,0.898198127746582,0.10736460278114832,20,,student_concept_state_buffers
assist_17,64997,self_only,target_concept_mask,1.0,0.9251510500907898,0.0777982574058318,20,20,student_concept_state_buffers
assist_17,64997,self_only,random_history_mask,1.0,0.898198127746582,0.10736460278114832,20,26,student_concept_state_buffers
assist_17,65153,self_only,original,1.0,0.7215003967285156,0.32642235090209015,46,,student_concept_state_buffers
assist_17,65153,self_only,target_concept_mask,1.0,0.7511005997657776,0.2862156817739439,46,46,student_concept_state_buffers
assist_17,65153,self_only,random_history_mask,1.0,0.7215003967285156,0.32642235090209015,46,45,student_concept_state_buffers
assist_17,65952,self_only,original,0.0,0.10588691383600235,0.11192301721778762,72,,student_concept_state_buffers
assist_17,65952,self_only,target_concept_mask,0.0,0.159201979637146,0.17340381389070456,72,72,student_concept_state_buffers
assist_17,65952,self_only,random_history_mask,0.0,0.10588691383600235,0.11192301721778762,72,14,student_concept_state_buffers
assist_17,66028,self_only,original,0.0,0.4596002995967865,0.6154462272944455,7,,student_concept_state_buffers
assist_17,66028,self_only,target_concept_mask,0.0,0.5174025893211365,0.7285724911622848,7,7,student_concept_state_buffers
assist_17,66028,self_only,random_history_mask,0.0,0.4596002995967865,0.6154462272944455,7,0,student_concept_state_buffers
assist_17,66067,self_only,original,0.0,0.42357581853866577,0.5509114631667784,51,,student_concept_state_buffers
assist_17,66067,self_only,target_concept_mask,0.0,0.35570764541625977,0.4396026891445732,51,51,student_concept_state_buffers
assist_17,66067,self_only,random_history_mask,0.0,0.42357581853866577,0.5509114631667784,51,5,student_concept_state_buffers
assist_17,66133,self_only,original,1.0,0.5574079155921936,0.5844579631162236,32,,student_concept_state_buffers
assist_17,66133,self_only,target_concept_mask,1.0,0.6013081669807434,0.508647718822393,32,32,student_concept_state_buffers
assist_17,66133,self_only,random_history_mask,1.0,0.5574079155921936,0.5844579631162236,32,14,student_concept_state_buffers
assist_17,66240,self_only,original,1.0,0.24082502722740173,1.4236846372795888,14,,student_concept_state_buffers
assist_17,66240,self_only,target_concept_mask,1.0,0.27683189511299133,1.2843448338674979,14,14,student_concept_state_buffers
assist_17,66240,self_only,random_history_mask,1.0,0.24082502722740173,1.4236846372795888,14,6,student_concept_state_buffers
assist_17,66293,self_only,original,0.0,0.5133096575737,0.7201272053100156,62,,student_concept_state_buffers
assist_17,66293,self_only,target_concept_mask,0.0,0.4720936119556427,0.6388363063650931,62,62,student_concept_state_buffers
assist_17,66293,self_only,random_history_mask,0.0,0.5270177721977234,0.7486974645528094,62,4,student_concept_state_buffers
assist_17,66364,self_only,original,1.0,0.7263961434364319,0.3196597608550283,13,,student_concept_state_buffers
assist_17,66364,self_only,target_concept_mask,1.0,0.6675042510032654,0.40420952018379375,13,13,student_concept_state_buffers
assist_17,66364,self_only,random_history_mask,1.0,0.7263961434364319,0.3196597608550283,13,12,student_concept_state_buffers
assist_17,66497,self_only,original,1.0,0.7926586866378784,0.23236255776994508,14,,student_concept_state_buffers
assist_17,66497,self_only,target_concept_mask,1.0,0.8434550166130066,0.1702487078633406,14,14,student_concept_state_buffers
assist_17,66497,self_only,random_history_mask,1.0,0.7926586866378784,0.23236255776994508,14,4,student_concept_state_buffers
assist_17,66830,self_only,original,0.0,0.40780264139175415,0.5239153236281295,57,,student_concept_state_buffers
assist_17,66830,self_only,target_concept_mask,0.0,0.4665987193584442,0.6284812663343011,57,57,student_concept_state_buffers
assist_17,66830,self_only,random_history_mask,0.0,0.40780264139175415,0.5239153236281295,57,14,student_concept_state_buffers
assist_17,66839,self_only,original,0.0,0.46276143193244934,0.6213130222944709,14,,student_concept_state_buffers
assist_17,66839,self_only,target_concept_mask,0.0,0.7800536751747131,1.5143717404641437,14,14,student_concept_state_buffers
assist_17,66839,self_only,random_history_mask,0.0,0.46276143193244934,0.6213130222944709,14,59,student_concept_state_buffers
assist_17,67225,self_only,original,1.0,0.6977480053901672,0.3598972652008667,37,,student_concept_state_buffers
assist_17,67225,self_only,target_concept_mask,1.0,0.7224209904670715,0.32514722073024466,37,37,student_concept_state_buffers
assist_17,67225,self_only,random_history_mask,1.0,0.6977480053901672,0.3598972652008667,37,1,student_concept_state_buffers
assist_17,67237,self_only,original,0.0,0.6174329519271851,0.9608513519976274,26,,student_concept_state_buffers
assist_17,67237,self_only,target_concept_mask,0.0,0.6222319602966309,0.9734749233021304,26,26,student_concept_state_buffers
assist_17,67237,self_only,random_history_mask,0.0,0.6174329519271851,0.9608513519976274,26,59,student_concept_state_buffers
assist_17,67771,self_only,original,0.0,0.21795517206192017,0.24584321535082312,4,,student_concept_state_buffers
assist_17,67771,self_only,target_concept_mask,0.0,0.2995707094669342,0.35606185972317883,4,4,student_concept_state_buffers
assist_17,67771,self_only,random_history_mask,0.0,0.21795517206192017,0.24584321535082312,4,24,student_concept_state_buffers
assist_17,67881,self_only,original,0.0,0.3053683340549469,0.3643735509623022,7,,student_concept_state_buffers
assist_17,67881,self_only,target_concept_mask,0.0,0.34100738167762756,0.4170429458741218,7,7,student_concept_state_buffers
assist_17,67881,self_only,random_history_mask,0.0,0.3053683340549469,0.3643735509623022,7,46,student_concept_state_buffers
assist_17,68053,self_only,original,0.0,0.1508311927318573,0.16349728173046835,10,,student_concept_state_buffers
assist_17,68053,self_only,target_concept_mask,0.0,0.15830901265144348,0.17234233049859274,10,10,student_concept_state_buffers
assist_17,68053,self_only,random_history_mask,0.0,0.1508311927318573,0.16349728173046835,10,33,student_concept_state_buffers
assist_17,68199,self_only,original,0.0,0.24636638164520264,0.28284894637158076,5,,student_concept_state_buffers
assist_17,68199,self_only,target_concept_mask,0.0,0.3980666399002075,0.5076085373093878,5,5,student_concept_state_buffers
assist_17,68199,self_only,random_history_mask,0.0,0.24636638164520264,0.28284894637158076,5,1,student_concept_state_buffers
assist_17,68283,self_only,original,1.0,0.3076545000076294,1.1787778788665988,53,,student_concept_state_buffers
assist_17,68283,self_only,target_concept_mask,1.0,0.39540958404541016,0.9278331296789567,53,53,student_concept_state_buffers
assist_17,68283,self_only,random_history_mask,1.0,0.3076545000076294,1.1787778788665988,53,6,student_concept_state_buffers
assist_17,68356,self_only,original,0.0,0.28325355052948,0.3330331278821026,4,,student_concept_state_buffers
assist_17,68356,self_only,target_concept_mask,0.0,0.3757092356681824,0.47113905066183187,4,4,student_concept_state_buffers
assist_17,68356,self_only,random_history_mask,0.0,0.28325355052948,0.3330331278821026,4,46,student_concept_state_buffers
assist_17,68593,self_only,original,0.0,0.07151304930448532,0.07419895246636612,13,,student_concept_state_buffers
assist_17,68593,self_only,target_concept_mask,0.0,0.11291629076004028,0.11981592768693884,13,13,student_concept_state_buffers
assist_17,68593,self_only,random_history_mask,0.0,0.07151304930448532,0.07419895246636612,13,32,student_concept_state_buffers
assist_17,68676,self_only,original,1.0,0.6872236728668213,0.37509546061260696,32,,student_concept_state_buffers
assist_17,68676,self_only,target_concept_mask,1.0,0.787354588508606,0.2390765748450504,32,32,student_concept_state_buffers
assist_17,68676,self_only,random_history_mask,1.0,0.6872236728668213,0.37509546061260696,32,33,student_concept_state_buffers
assist_17,69022,self_only,original,1.0,0.689296543598175,0.37208370346814706,46,,student_concept_state_buffers
assist_17,69022,self_only,target_concept_mask,1.0,0.5867435336112976,0.5331674649997638,46,46,student_concept_state_buffers
assist_17,69022,self_only,random_history_mask,1.0,0.689296543598175,0.37208370346814706,46,95,student_concept_state_buffers
assist_17,69152,self_only,original,0.0,0.24997955560684204,0.2876548136324286,46,,student_concept_state_buffers
assist_17,69152,self_only,target_concept_mask,0.0,0.20870402455329895,0.23408320238181743,46,46,student_concept_state_buffers
assist_17,69152,self_only,random_history_mask,0.0,0.24997955560684204,0.2876548136324286,46,28,student_concept_state_buffers
assist_17,69496,self_only,original,1.0,0.2019081562757492,1.5999423568777749,35,,student_concept_state_buffers
assist_17,69496,self_only,target_concept_mask,1.0,0.23834490776062012,1.4340364621048596,35,35,student_concept_state_buffers
assist_17,69496,self_only,random_history_mask,1.0,0.2019081562757492,1.5999423568777749,35,60,student_concept_state_buffers
assist_17,69540,self_only,original,0.0,0.5989276170730591,0.9136133619126033,37,,student_concept_state_buffers
assist_17,69540,self_only,target_concept_mask,0.0,0.6483591198921204,1.0451448511360655,37,37,student_concept_state_buffers
assist_17,69540,self_only,random_history_mask,0.0,0.5989276170730591,0.9136133619126033,37,73,student_concept_state_buffers
assist_17,69583,self_only,original,0.0,0.16851799190044403,0.18454561846713444,57,,student_concept_state_buffers
assist_17,69583,self_only,target_concept_mask,0.0,0.17070803046226501,0.18718299099434646,57,57,student_concept_state_buffers
assist_17,69583,self_only,random_history_mask,0.0,0.16851799190044403,0.18454561846713444,57,43,student_concept_state_buffers
assist_17,69747,self_only,original,1.0,0.2212495058774948,1.5084642284186494,14,,student_concept_state_buffers
assist_17,69747,self_only,target_concept_mask,1.0,0.2948756217956543,1.2212016325811357,14,14,student_concept_state_buffers
assist_17,69747,self_only,random_history_mask,1.0,0.2212495058774948,1.5084642284186494,14,78,student_concept_state_buffers
assist_17,69762,self_only,original,0.0,0.2777887284755707,0.32543756305421623,76,,student_concept_state_buffers
assist_17,69762,self_only,target_concept_mask,0.0,0.30554866790771484,0.36463319542420375,76,76,student_concept_state_buffers
assist_17,69762,self_only,random_history_mask,0.0,0.2777887284755707,0.32543756305421623,76,56,student_concept_state_buffers
assist_17,69772,self_only,original,0.0,0.19514617323875427,0.21709459971456863,68,,student_concept_state_buffers
assist_17,69772,self_only,target_concept_mask,0.0,0.2269858717918396,0.2574579534489835,68,68,student_concept_state_buffers
assist_17,69772,self_only,random_history_mask,0.0,0.19514617323875427,0.21709459971456863,68,64,student_concept_state_buffers
assist_17,69895,self_only,original,0.0,0.1800844371318817,0.19855391613788104,72,,student_concept_state_buffers
assist_17,69895,self_only,target_concept_mask,0.0,0.21748872101306915,0.24524694263090385,72,72,student_concept_state_buffers
assist_17,69895,self_only,random_history_mask,0.0,0.1800844371318817,0.19855391613788104,72,70,student_concept_state_buffers
assist_17,69990,self_only,original,1.0,0.14726488292217255,1.9155223890813657,59,,student_concept_state_buffers
assist_17,69990,self_only,target_concept_mask,1.0,0.3485640585422516,1.0539332535000576,59,59,student_concept_state_buffers
assist_17,69990,self_only,random_history_mask,1.0,0.14726488292217255,1.9155223890813657,59,34,student_concept_state_buffers
assist_17,70282,self_only,original,1.0,0.8686157464981079,0.14085443045017138,20,,student_concept_state_buffers
assist_17,70282,self_only,target_concept_mask,1.0,0.8104407787322998,0.2101770080487045,20,20,student_concept_state_buffers
assist_17,70282,self_only,random_history_mask,1.0,0.8686157464981079,0.14085443045017138,20,5,student_concept_state_buffers
assist_17,70516,self_only,original,0.0,0.16062608361244202,0.1750990026808274,37,,student_concept_state_buffers
assist_17,70516,self_only,target_concept_mask,0.0,0.3094232678413391,0.3702281868054522,37,37,student_concept_state_buffers
assist_17,70516,self_only,random_history_mask,0.0,0.16062608361244202,0.1750990026808274,37,54,student_concept_state_buffers
assist_17,70683,self_only,original,0.0,0.3895485997200012,0.4935565950211054,50,,student_concept_state_buffers
assist_17,70683,self_only,target_concept_mask,0.0,0.33854246139526367,0.41330948704936576,50,50,student_concept_state_buffers
assist_17,70683,self_only,random_history_mask,0.0,0.3895485997200012,0.4935565950211054,50,61,student_concept_state_buffers
assist_17,70742,self_only,original,0.0,0.2281130850315094,0.2589172228885099,2,,student_concept_state_buffers
assist_17,70742,self_only,target_concept_mask,0.0,0.28453144431114197,0.3348176282764894,2,2,student_concept_state_buffers
assist_17,70742,self_only,random_history_mask,0.0,0.2281130850315094,0.2589172228885099,2,1,student_concept_state_buffers
assist_17,70968,self_only,original,1.0,0.05945871025323868,2.822473152645779,5,,student_concept_state_buffers
assist_17,70968,self_only,target_concept_mask,1.0,0.13082988560199738,2.03385738286165,5,5,student_concept_state_buffers
assist_17,70968,self_only,random_history_mask,1.0,0.05945871025323868,2.822473152645779,5,43,student_concept_state_buffers
assist_17,71046,self_only,original,0.0,0.18783234059810638,0.2080484830379928,57,,student_concept_state_buffers
assist_17,71046,self_only,target_concept_mask,0.0,0.36860260367393494,0.45981982651884645,57,57,student_concept_state_buffers
assist_17,71046,self_only,random_history_mask,0.0,0.18783234059810638,0.2080484830379928,57,46,student_concept_state_buffers
assist_17,71140,self_only,original,0.0,0.20846743881702423,0.23378426193114754,67,,student_concept_state_buffers
assist_17,71140,self_only,target_concept_mask,0.0,0.2255912721157074,0.25565547257154003,67,67,student_concept_state_buffers
assist_17,71140,self_only,random_history_mask,0.0,0.20846743881702423,0.23378426193114754,67,91,student_concept_state_buffers
assist_17,71347,self_only,original,1.0,0.8054161071777344,0.21639623178570086,20,,student_concept_state_buffers
assist_17,71347,self_only,target_concept_mask,1.0,0.6912097930908203,0.36931189334783876,20,20,student_concept_state_buffers
assist_17,71347,self_only,random_history_mask,1.0,0.8054161071777344,0.21639623178570086,20,94,student_concept_state_buffers
assist_17,71416,self_only,original,0.0,0.0923244059085846,0.09686823944856297,57,,student_concept_state_buffers
assist_17,71416,self_only,target_concept_mask,0.0,0.20641209185123444,0.2311909598352585,57,57,student_concept_state_buffers
assist_17,71416,self_only,random_history_mask,0.0,0.0923244059085846,0.09686823944856297,57,10,student_concept_state_buffers
assist_17,71702,self_only,original,0.0,0.17826475203037262,0.19633701856776045,11,,student_concept_state_buffers
assist_17,71702,self_only,target_concept_mask,0.0,0.32388168573379517,0.3913871971497262,11,11,student_concept_state_buffers
assist_17,71702,self_only,random_history_mask,0.0,0.17826475203037262,0.19633701856776045,11,1,student_concept_state_buffers
assist_17,71714,self_only,original,1.0,0.2142491340637207,1.5406157632220039,20,,student_concept_state_buffers
assist_17,71714,self_only,target_concept_mask,1.0,0.42222586274147034,0.8622148883586213,20,20,student_concept_state_buffers
assist_17,71714,self_only,random_history_mask,1.0,0.2142491340637207,1.5406157632220039,20,59,student_concept_state_buffers
assist_17,72075,self_only,original,0.0,0.2693069875240326,0.31376186301162823,32,,student_concept_state_buffers
assist_17,72075,self_only,target_concept_mask,0.0,0.5187631249427795,0.7313956663604205,32,32,student_concept_state_buffers
assist_17,72075,self_only,random_history_mask,0.0,0.2693069875240326,0.31376186301162823,32,35,student_concept_state_buffers
assist_17,72499,self_only,original,1.0,0.3621954619884491,1.0155712626327125,20,,student_concept_state_buffers
assist_17,72499,self_only,target_concept_mask,1.0,0.4619864821434021,0.7722196477583293,20,20,student_concept_state_buffers
assist_17,72499,self_only,random_history_mask,1.0,0.3621954619884491,1.0155712626327125,20,2,student_concept_state_buffers
assist_17,72547,self_only,original,1.0,0.5138057470321655,0.6659100090202027,74,,student_concept_state_buffers
assist_17,72547,self_only,target_concept_mask,1.0,0.48165780305862427,0.7305213692274455,74,74,student_concept_state_buffers
assist_17,72547,self_only,random_history_mask,1.0,0.5138057470321655,0.6659100090202027,74,57,student_concept_state_buffers
assist_17,72572,self_only,original,0.0,0.27821457386016846,0.3260273779722585,20,,student_concept_state_buffers
assist_17,72572,self_only,target_concept_mask,0.0,0.574459969997406,0.8543962578318115,20,20,student_concept_state_buffers
assist_17,72572,self_only,random_history_mask,0.0,0.27821457386016846,0.3260273779722585,20,36,student_concept_state_buffers
assist_17,72861,self_only,original,1.0,0.694227397441864,0.36495571012483197,37,,student_concept_state_buffers
assist_17,72861,self_only,target_concept_mask,1.0,0.6565170884132385,0.4208065560072369,37,37,student_concept_state_buffers
assist_17,72861,self_only,random_history_mask,1.0,0.694227397441864,0.36495571012483197,37,46,student_concept_state_buffers
assist_17,72874,self_only,original,1.0,0.37556156516075134,0.9793328660619951,56,,student_concept_state_buffers
assist_17,72874,self_only,target_concept_mask,1.0,0.2863915264606476,1.2503954307137526,56,56,student_concept_state_buffers
assist_17,72874,self_only,random_history_mask,1.0,0.37556156516075134,0.9793328660619951,56,57,student_concept_state_buffers
assist_17,72880,self_only,original,0.0,0.1658453494310379,0.18133646147695598,78,,student_concept_state_buffers
assist_17,72880,self_only,target_concept_mask,0.0,0.2414478212594986,0.27634369054840385,78,78,student_concept_state_buffers
assist_17,72880,self_only,random_history_mask,0.0,0.1658453494310379,0.18133646147695598,78,33,student_concept_state_buffers
assist_17,73223,self_only,original,0.0,0.2501140832901001,0.28783419507530733,46,,student_concept_state_buffers
assist_17,73223,self_only,target_concept_mask,0.0,0.26955971121788025,0.3141077913347323,46,46,student_concept_state_buffers
assist_17,73223,self_only,random_history_mask,0.0,0.2501140832901001,0.28783419507530733,46,27,student_concept_state_buffers
assist_17,73289,self_only,original,0.0,0.2857201099395752,0.33648039056986156,20,,student_concept_state_buffers
assist_17,73289,self_only,target_concept_mask,0.0,0.5718868970870972,0.848367859168341,20,20,student_concept_state_buffers
assist_17,73289,self_only,random_history_mask,0.0,0.2857201099395752,0.33648039056986156,20,33,student_concept_state_buffers
assist_17,73402,self_only,original,1.0,0.4772850275039673,0.7396414246138538,32,,student_concept_state_buffers
assist_17,73402,self_only,target_concept_mask,1.0,0.7215898633003235,0.3262983578652018,32,32,student_concept_state_buffers
assist_17,73402,self_only,random_history_mask,1.0,0.4772850275039673,0.7396414246138538,32,8,student_concept_state_buffers
assist_17,73429,self_only,original,0.0,0.024408074095845222,0.02471088870562003,5,,student_concept_state_buffers
assist_17,73429,self_only,target_concept_mask,0.0,0.07633990794420242,0.07941114076013163,5,5,student_concept_state_buffers
assist_17,73429,self_only,random_history_mask,0.0,0.024408074095845222,0.02471088870562003,5,92,student_concept_state_buffers
assist_17,73889,self_only,original,1.0,0.4367784857749939,0.8283291099425961,13,,student_concept_state_buffers
assist_17,73889,self_only,target_concept_mask,1.0,0.2642614245414734,1.3308164213291709,13,13,student_concept_state_buffers
assist_17,73889,self_only,random_history_mask,1.0,0.4367784857749939,0.8283291099425961,13,29,student_concept_state_buffers
assist_17,74078,self_only,original,1.0,0.36863434314727783,0.9979500662275054,10,,student_concept_state_buffers
assist_17,74078,self_only,target_concept_mask,1.0,0.3979409635066986,0.9214516175978539,10,10,student_concept_state_buffers
assist_17,74078,self_only,random_history_mask,1.0,0.36863434314727783,0.9979500662275054,10,88,student_concept_state_buffers
assist_17,74099,self_only,original,1.0,0.1980242133140564,1.6193659662994175,12,,student_concept_state_buffers
assist_17,74099,self_only,target_concept_mask,1.0,0.11280877143144608,2.1820611820243268,12,12,student_concept_state_buffers
assist_17,74099,self_only,random_history_mask,1.0,0.1980242133140564,1.6193659662994175,12,64,student_concept_state_buffers
assist_17,74228,self_only,original,1.0,0.6378095149993896,0.4497156060486763,44,,student_concept_state_buffers
assist_17,74228,self_only,target_concept_mask,1.0,0.607867419719696,0.49779848046598957,44,44,student_concept_state_buffers
assist_17,74228,self_only,random_history_mask,1.0,0.6378095149993896,0.4497156060486763,44,68,student_concept_state_buffers
assist_17,74498,self_only,original,1.0,0.37831375002861023,0.97203140111336,32,,student_concept_state_buffers
assist_17,74498,self_only,target_concept_mask,1.0,0.4739639461040497,0.7466240232516278,32,32,student_concept_state_buffers
assist_17,74498,self_only,random_history_mask,1.0,0.37831375002861023,0.97203140111336,32,7,student_concept_state_buffers
assist_17,74630,self_only,original,0.0,0.47115448117256165,0.6370589146722847,57,,student_concept_state_buffers
assist_17,74630,self_only,target_concept_mask,0.0,0.46382755041122437,0.6232994353493015,57,57,student_concept_state_buffers
assist_17,74630,self_only,random_history_mask,0.0,0.47115448117256165,0.6370589146722847,57,68,student_concept_state_buffers
assist_17,74747,self_only,original,1.0,0.8075637221336365,0.21373331413978877,2,,student_concept_state_buffers
assist_17,74747,self_only,target_concept_mask,1.0,0.7491747140884399,0.2887830595310989,2,2,student_concept_state_buffers
assist_17,74747,self_only,random_history_mask,1.0,0.8075637221336365,0.21373331413978877,2,90,student_concept_state_buffers
assist_17,74929,self_only,original,0.0,0.8235049247741699,1.734462305401294,20,,student_concept_state_buffers
assist_17,74929,self_only,target_concept_mask,0.0,0.9038752913475037,2.3421088820842373,20,20,student_concept_state_buffers
assist_17,74929,self_only,random_history_mask,0.0,0.8235049247741699,1.734462305401294,20,6,student_concept_state_buffers
assist_17,75042,self_only,original,0.0,0.07836664468050003,0.08160779685745612,20,,student_concept_state_buffers
assist_17,75042,self_only,target_concept_mask,0.0,0.3825625777244568,0.482177556059759,20,20,student_concept_state_buffers
assist_17,75042,self_only,random_history_mask,0.0,0.07836664468050003,0.08160779685745612,20,5,student_concept_state_buffers
assist_17,75148,self_only,original,1.0,0.8274998664855957,0.18934633307764423,10,,student_concept_state_buffers
assist_17,75148,self_only,target_concept_mask,1.0,0.8255038261413574,0.1917613806946491,10,10,student_concept_state_buffers
assist_17,75148,self_only,random_history_mask,1.0,0.8274998664855957,0.18934633307764423,10,58,student_concept_state_buffers
assist_17,75347,self_only,original,0.0,0.48863568902015686,0.6706730054592859,5,,student_concept_state_buffers
assist_17,75347,self_only,target_concept_mask,0.0,0.548203706741333,0.7945238793673108,5,5,student_concept_state_buffers
assist_17,75347,self_only,random_history_mask,0.0,0.48863568902015686,0.6706730054592859,5,87,student_concept_state_buffers
assist_17,75457,self_only,original,0.0,0.3432852029800415,0.42050545364990494,0,,student_concept_state_buffers
assist_17,75457,self_only,target_concept_mask,0.0,0.3103819787502289,0.37161742707131173,0,0,student_concept_state_buffers
assist_17,75457,self_only,random_history_mask,0.0,0.3432852029800415,0.42050545364990494,0,66,student_concept_state_buffers
assist_17,75499,self_only,original,0.0,0.029197681695222855,0.029632417097130936,57,,student_concept_state_buffers
assist_17,75499,self_only,target_concept_mask,0.0,0.0628146380186081,0.06487419135503086,57,57,student_concept_state_buffers
assist_17,75499,self_only,random_history_mask,0.0,0.029197681695222855,0.029632417097130936,57,58,student_concept_state_buffers
assist_17,75540,self_only,original,1.0,0.2876732051372528,1.2459301474951627,46,,student_concept_state_buffers
assist_17,75540,self_only,target_concept_mask,1.0,0.29130181670188904,1.233395378503792,46,46,student_concept_state_buffers
assist_17,75540,self_only,random_history_mask,1.0,0.2876732051372528,1.2459301474951627,46,35,student_concept_state_buffers
assist_17,75566,self_only,original,0.0,0.30141299962997437,0.3586955548987344,48,,student_concept_state_buffers
assist_17,75566,self_only,target_concept_mask,0.0,0.30959635972976685,0.3704788665294945,48,48,student_concept_state_buffers
assist_17,75566,self_only,random_history_mask,0.0,0.30141299962997437,0.3586955548987344,48,1,student_concept_state_buffers
assist_17,75756,self_only,original,0.0,0.15897037088871002,0.17312838881968431,57,,student_concept_state_buffers
assist_17,75756,self_only,target_concept_mask,0.0,0.30126404762268066,0.3584823586471949,57,57,student_concept_state_buffers
assist_17,75756,self_only,random_history_mask,0.0,0.15897037088871002,0.17312838881968431,57,50,student_concept_state_buffers
assist_17,76086,self_only,original,0.0,0.024528056383132935,0.0248338803609044,58,,student_concept_state_buffers
assist_17,76086,self_only,target_concept_mask,0.0,0.053900983184576035,0.055408046469589564,58,58,student_concept_state_buffers
assist_17,76086,self_only,random_history_mask,0.0,0.024528056383132935,0.0248338803609044,58,32,student_concept_state_buffers
assist_17,76191,self_only,original,0.0,0.8225435018539429,1.7290297809711739,57,,student_concept_state_buffers
assist_17,76191,self_only,target_concept_mask,0.0,0.6573297381401062,1.0709866298811463,57,57,student_concept_state_buffers
assist_17,76191,self_only,random_history_mask,0.0,0.8225435018539429,1.7290297809711739,57,0,student_concept_state_buffers
assist_17,76258,self_only,original,0.0,0.052745379507541656,0.05418735129911495,62,,student_concept_state_buffers
assist_17,76258,self_only,target_concept_mask,0.0,0.06434503942728043,0.06650850233272654,62,62,student_concept_state_buffers
assist_17,76258,self_only,random_history_mask,0.0,0.052745379507541656,0.05418735129911495,62,56,student_concept_state_buffers
assist_17,76610,self_only,original,0.0,0.4425972104072571,0.5844671592953181,20,,student_concept_state_buffers
assist_17,76610,self_only,target_concept_mask,0.0,0.6451110243797302,1.0359502831531882,20,20,student_concept_state_buffers
assist_17,76610,self_only,random_history_mask,0.0,0.4425972104072571,0.5844671592953181,20,51,student_concept_state_buffers
assist_17,76736,self_only,original,1.0,0.22375430166721344,1.4972066966836484,63,,student_concept_state_buffers
assist_17,76736,self_only,target_concept_mask,1.0,0.2128141075372696,1.5473362288940558,63,63,student_concept_state_buffers
assist_17,76736,self_only,random_history_mask,1.0,0.22375430166721344,1.4972066966836484,63,62,student_concept_state_buffers
assist_17,76823,self_only,original,1.0,0.6010599732398987,0.509060560340839,10,,student_concept_state_buffers
assist_17,76823,self_only,target_concept_mask,1.0,0.6373366713523865,0.45045723657502185,10,10,student_concept_state_buffers
assist_17,76823,self_only,random_history_mask,1.0,0.6010599732398987,0.509060560340839,10,28,student_concept_state_buffers
assist_17,76848,self_only,original,1.0,0.690127432346344,0.37087901388300704,33,,student_concept_state_buffers
assist_17,76848,self_only,target_concept_mask,1.0,0.5557767152786255,0.5873886566164,33,33,student_concept_state_buffers
assist_17,76848,self_only,random_history_mask,1.0,0.690127432346344,0.37087901388300704,33,69,student_concept_state_buffers
assist_17,76874,self_only,original,0.0,0.16998744010925293,0.18631444590749657,20,,student_concept_state_buffers
assist_17,76874,self_only,target_concept_mask,0.0,0.3588796854019165,0.44453814139364395,20,20,student_concept_state_buffers
assist_17,76874,self_only,random_history_mask,0.0,0.16998744010925293,0.18631444590749657,20,6,student_concept_state_buffers
