2026-04-12 06:58:13,437 - INFO - Arguments:
2026-04-12 06:58:13,437 - INFO -   ablate_concept_graph: False
2026-04-12 06:58:13,437 - INFO -   ablate_module1: False
2026-04-12 06:58:13,437 - INFO -   allow_self_loop: True
2026-04-12 06:58:13,437 - INFO -   alpha_min_target: 0.0
2026-04-12 06:58:13,437 - INFO -   batch_size: 128
2026-04-12 06:58:13,437 - INFO -   data_dir: ./data/assist_09
2026-04-12 06:58:13,437 - INFO -   dataset_name: assist_09
2026-04-12 06:58:13,437 - INFO -   debug_graph_diag: True
2026-04-12 06:58:13,438 - INFO -   diag_batches: 1
2026-04-12 06:58:13,438 - INFO -   disable_self_loop: False
2026-04-12 06:58:13,438 - INFO -   dropout: 0.2
2026-04-12 06:58:13,438 - INFO -   early_stop_patience: 3
2026-04-12 06:58:13,438 - INFO -   enable_module1: True
2026-04-12 06:58:13,438 - INFO -   epochs: 100
2026-04-12 06:58:13,438 - INFO -   generate_diagnosis: False
2026-04-12 06:58:13,438 - INFO -   gnn_residual_weight: 0.5
2026-04-12 06:58:13,438 - INFO -   gpu_candidates: None
2026-04-12 06:58:13,438 - INFO -   gpu_ids: None
2026-04-12 06:58:13,438 - INFO -   gpu_memory_threshold: 2000
2026-04-12 06:58:13,438 - INFO -   gpus: None
2026-04-12 06:58:13,438 - INFO -   graph_dropout: 0.0
2026-04-12 06:58:13,438 - INFO -   graph_entropy_max: 0.8
2026-04-12 06:58:13,438 - INFO -   graph_entropy_min: 0.15
2026-04-12 06:58:13,438 - INFO -   graph_identity_residual: 0.2
2026-04-12 06:58:13,438 - INFO -   graph_reg_cap_ratio: 6.0
2026-04-12 06:58:13,438 - INFO -   graph_reg_warmup_epochs: 0
2026-04-12 06:58:13,438 - INFO -   graph_tau_init: 0.55
2026-04-12 06:58:13,438 - INFO -   graph_topk: 12
2026-04-12 06:58:13,438 - INFO -   graph_uniform_margin: 0.1
2026-04-12 06:58:13,438 - INFO -   knowledge_dim: 64
2026-04-12 06:58:13,438 - INFO -   lambda_alpha: 0.05
2026-04-12 06:58:13,438 - INFO -   lambda_alpha_min: 0.0
2026-04-12 06:58:13,438 - INFO -   lambda_graph_diag: 0.1
2026-04-12 06:58:13,438 - INFO -   lambda_graph_uniform: 0.04
2026-04-12 06:58:13,439 - INFO -   lambda_sparse: 1.0
2026-04-12 06:58:13,439 - INFO -   lambda_sparse_personal: 0.002
2026-04-12 06:58:13,439 - INFO -   learning_rate: 0.0003
2026-04-12 06:58:13,439 - INFO -   log_dir: logs/abce_diag/ae_fix_20260412_fdafa52/assist_09/seed42/best_full
2026-04-12 06:58:13,439 - INFO -   min_exer_interactions: 0
2026-04-12 06:58:13,439 - INFO -   min_poison_count: 0
2026-04-12 06:58:13,439 - INFO -   min_stu_interactions: 15
2026-04-12 06:58:13,439 - INFO -   model_variant: assist_09_abce_best_full
2026-04-12 06:58:13,439 - INFO -   multi_gpu: False
2026-04-12 06:58:13,439 - INFO -   no_cuda: False
2026-04-12 06:58:13,439 - INFO -   num_gnn_layers: 1
2026-04-12 06:58:13,439 - INFO -   num_gpus: 1
2026-04-12 06:58:13,439 - INFO -   num_relation_heads: 2
2026-04-12 06:58:13,439 - INFO -   num_workers: 4
2026-04-12 06:58:13,439 - INFO -   patience: 5
2026-04-12 06:58:13,439 - INFO -   personal_delta_scale: 1.0
2026-04-12 06:58:13,439 - INFO -   personal_max_alpha: 0.35
2026-04-12 06:58:13,439 - INFO -   personal_rank: 4
2026-04-12 06:58:13,439 - INFO -   personal_student_dim: None
2026-04-12 06:58:13,439 - INFO -   personal_warmup_epochs: 0
2026-04-12 06:58:13,439 - INFO -   prediction_l2_lambda: 1e-05
2026-04-12 06:58:13,439 - INFO -   save_dir: checkpoints/abce_diag/ae_fix_20260412_fdafa52/assist_09/seed42/best_full
2026-04-12 06:58:13,439 - INFO -   save_interval: 10
2026-04-12 06:58:13,439 - INFO -   seed: 42
2026-04-12 06:58:13,439 - INFO -   use_concept_graph: True
2026-04-12 06:58:13,439 - INFO -   use_exercise_graph: True
2026-04-12 06:58:13,440 - INFO -   use_personal_graph: True
2026-04-12 06:58:13,440 - INFO -   weight_decay: 1e-05
2026-04-12 06:58:13,541 - INFO - Using device: cuda:0 (physical gpu 1)
2026-04-12 06:58:13,541 - INFO - [assist_09|assist_09_abce_best_full|lr=0.0003|drop=0.20] Loading datasets...
2026-04-12 06:58:13,542 - INFO - [assist_09|assist_09_abce_best_full|lr=0.0003|drop=0.20] Regularization: graph_entropy(lambda_sparse)=1.000000, graph_diag=0.100000, graph_uniform=0.040000, personal_sparse=0.002000, alpha_penalty=0.050000, alpha_min=0.000000, prediction_l2=0.000010
2026-04-12 06:58:13,542 - INFO - [assist_09|assist_09_abce_best_full|lr=0.0003|drop=0.20] Graph controls: entropy_band=[0.15, 0.80], uniform_margin=0.10, warmup_epochs=0, cap_ratio=6.00, graph_dropout=0.000, graph_tau_init=0.550
2026-04-12 06:58:13,542 - INFO - [assist_09|assist_09_abce_best_full|lr=0.0003|drop=0.20] Personal controls: personal_max_alpha=0.350, personal_delta_scale=1.000, personal_warmup_epochs=0, personal_student_dim=None, alpha_min_target=0.0000
2026-04-12 06:58:13,639 - INFO - [assist_09] [数据清洗] 学生交互次数 < 15 次的学生：共移除 0 个学生（仅统计用户数）
2026-04-12 06:58:13,651 - INFO - [assist_09] [数据清洗] 学生冷启动过滤：在 train/valid/test 中共删除 0 条记录。
2026-04-12 06:58:13,652 - INFO - [assist_09] [数据清洗] 跳过题目冷门过滤（min_exer_interactions <= 0）。
2026-04-12 06:58:13,652 - INFO - [assist_09] [数据清洗] 跳过毒题清洗（min_poison_count <= 0）。
2026-04-12 06:58:13,652 - INFO - [assist_09] 正在构建ID映射...
2026-04-12 06:58:13,871 - INFO - [assist_09] 正在构建Q矩阵...
2026-04-12 06:58:22,165 - INFO - [assist_09] [统计] 开始统计清洗后每道题的概念数量分布...
2026-04-12 06:58:22,171 - INFO - [assist_09] [Train] 概念数统计：题目数=17099, 平均概念数=1.1992, min=1, max=4, 1概念=14168 (82.86%), ≥2概念=2931 (17.14%)
2026-04-12 06:58:22,171 - INFO - [assist_09] [Train] 概念数直方图（概念数: 题目数量）: {1: 14168, 2: 2536, 3: 315, 4: 80}
2026-04-12 06:58:22,174 - INFO - [assist_09] [Valid] 概念数统计：题目数=9274, 平均概念数=1.1993, min=1, max=4, 1概念=7697 (83.00%), ≥2概念=1577 (17.00%)
2026-04-12 06:58:22,174 - INFO - [assist_09] [Valid] 概念数直方图（概念数: 题目数量）: {1: 7697, 2: 1356, 3: 171, 4: 50}
2026-04-12 06:58:22,178 - INFO - [assist_09] [Test] 概念数统计：题目数=13331, 平均概念数=1.1962, min=1, max=4, 1概念=11110 (83.34%), ≥2概念=2221 (16.66%)
2026-04-12 06:58:22,178 - INFO - [assist_09] [Test] 概念数直方图（概念数: 题目数量）: {1: 11110, 2: 1891, 3: 265, 4: 65}
2026-04-12 06:58:22,179 - INFO - [assist_09] [统计] 概念数量统计完成。
2026-04-12 06:58:22,179 - INFO - [assist_09] 正在加载数据集...
2026-04-12 06:58:22,254 - INFO - [assist_09|assist_09_abce_best_full|lr=0.0003|drop=0.20] Train samples: 194489, Val samples: 20385
2026-04-12 06:58:22,254 - INFO - [assist_09|assist_09_abce_best_full|lr=0.0003|drop=0.20] Number of students: 2493
2026-04-12 06:58:22,254 - INFO - [assist_09|assist_09_abce_best_full|lr=0.0003|drop=0.20] Number of exercises: 17676
2026-04-12 06:58:22,254 - INFO - [assist_09|assist_09_abce_best_full|lr=0.0003|drop=0.20] Number of concepts: 123
2026-04-12 06:58:22,254 - INFO - [assist_09|assist_09_abce_best_full|lr=0.0003|drop=0.20] Creating model...
2026-04-12 06:58:22,254 - INFO - [assist_09|assist_09_abce_best_full|lr=0.0003|drop=0.20] Ablation switches: ablate_module1=False | enable_module1=True | use_concept_graph=True | effective(num_gnn_layers=1)
2026-04-12 06:58:22,379 - INFO - [assist_09|assist_09_abce_best_full|lr=0.0003|drop=0.20] Ablation runtime check: args(ablate_module1=False) | model(enable_module1=True) | physical(has_knowledge_encoder=True)
2026-04-12 06:58:22,379 - INFO - [assist_09|assist_09_abce_best_full|lr=0.0003|drop=0.20] Debug diagnostics enabled: diag_batches=1
2026-04-12 06:58:22,398 - INFO - [assist_09|assist_09_abce_best_full|lr=0.0003|drop=0.20] [Graph Init] graph_tau_mean=1.0055, graph_tau_std=0.0000, graph_dropout=0.000, use_personal_graph=True
2026-04-12 06:58:22,399 - INFO - [assist_09|assist_09_abce_best_full|lr=0.0003|drop=0.20] Total parameters: 859,856
2026-04-12 06:58:22,399 - INFO - [assist_09|assist_09_abce_best_full|lr=0.0003|drop=0.20] Trainable parameters: 859,856
2026-04-12 06:58:23,202 - INFO - [assist_09|assist_09_abce_best_full|lr=0.0003|drop=0.20] Starting training...
2026-04-12 06:59:07,879 - INFO - [assist_09|assist_09_abce_best_full|lr=0.0003|drop=0.20] Epoch [001/100] | Train: Loss=0.6193, BCE=0.5912, Reg=0.0281, AUC=0.6851, ACC=0.6903, RMSE=0.4499 | Val: Loss=0.5929, BCE=0.5672, Reg=0.0257, AUC=0.7282, ACC=0.7109, RMSE=0.4383
2026-04-12 06:59:07,879 - INFO - [assist_09|assist_09_abce_best_full|lr=0.0003|drop=0.20] [Reg Terms] Epoch [001] | Train: graph_entropy=0.000000, graph_diag=0.022118, graph_uniform=0.002893, graph_reg_scale=1.0000, prediction_l2=0.000000, personal_sparse=0.004881, alpha_var=-0.001815, alpha_collapse=0.000000, reg_bce_ratio=0.0475 | Val: graph_entropy=0.000000, graph_diag=0.020300, graph_uniform=0.002931, graph_reg_scale=1.0000, prediction_l2=0.000000, personal_sparse=0.004943, alpha_var=-0.002487, alpha_collapse=0.000000, reg_bce_ratio=0.0453
2026-04-12 06:59:08,158 - INFO - [assist_09|assist_09_abce_best_full|lr=0.0003|drop=0.20] [Diag][AE] Epoch [001] | irt_abs_mean=1.2587, irt_std=0.6442, personal_warmup_scale=1.00, graph_row_entropy=2.4716, graph_entropy_ratio=0.5136, alpha_mean=0.1749, alpha_std=0.1748, alpha_bias_std=0.1760, personal_row_entropy=2.4716, personal_matrix_delta=0.0000, personal_matrix_student_std=0.0000, personal_delta_pre_softmax_norm=0.0000, personal_delta_student_std=0.0000, alpha_head_std=0.1748
2026-04-12 06:59:08,158 - INFO - [assist_09|assist_09_abce_best_full|lr=0.0003|drop=0.20] [Diag][Graph] Epoch [001] | entropy_ratio=0.5136, diag_mass=0.2030, to_uniform_l2=0.026722, to_identity_l2=0.074896, tau_mean=0.8635, tau_std=0.0019, graph_reg_scale(train/val)=1.0000/1.0000
2026-04-12 06:59:08,158 - WARNING - [assist_09|assist_09_abce_best_full|lr=0.0003|drop=0.20] [Diag Warning][E] personal_delta_student_std is near zero: personal_delta_student_std=0.000000, personal_delta_pre_softmax_norm=0.000009
2026-04-12 06:59:08,158 - INFO - [assist_09|assist_09_abce_best_full|lr=0.0003|drop=0.20] [Grad Norms] Epoch [001] | relation_emb=5.125888e-03, relation_tau=2.267349e-04, relation_wq=3.772769e-04, relation_wk=4.990274e-04, personal_u=8.187021e-10, personal_v=5.610823e-10, personal_alpha_bias=1.054177e-03, personal_gate_emb=2.440458e-08, personal_gate_student_proj=1.243430e-10, personal_gate_context_proj=1.174708e-05, personal_gate_student_direct=1.067596e-10, personal_gate_context_direct=1.005480e-05, personal_gate_out=1.245333e-05, personal_generator_emb=3.491664e-11, personal_generator_context_proj=2.971740e-14, personal_generator_context_hidden=6.950872e-15, personal_generator_context_to_u=1.355166e-11, personal_generator_context_to_v=9.459233e-12
2026-04-12 06:59:08,417 - INFO - [assist_09|assist_09_abce_best_full|lr=0.0003|drop=0.20] -> New best AUC=0.7282 at epoch 1
2026-04-12 06:59:53,686 - INFO - [assist_09|assist_09_abce_best_full|lr=0.0003|drop=0.20] Epoch [002/100] | Train: Loss=0.5783, BCE=0.5537, Reg=0.0246, AUC=0.7418, ACC=0.7186, RMSE=0.4320 | Val: Loss=0.5862, BCE=0.5632, Reg=0.0230, AUC=0.7350, ACC=0.7129, RMSE=0.4365
2026-04-12 06:59:53,687 - INFO - [assist_09|assist_09_abce_best_full|lr=0.0003|drop=0.20] [Reg Terms] Epoch [002] | Train: graph_entropy=0.000000, graph_diag=0.020186, graph_uniform=0.002932, graph_reg_scale=1.0000, prediction_l2=0.000000, personal_sparse=0.004943, alpha_var=-0.003504, alpha_collapse=0.000000, reg_bce_ratio=0.0443 | Val: graph_entropy=0.000000, graph_diag=0.020000, graph_uniform=0.002933, graph_reg_scale=1.0000, prediction_l2=0.000000, personal_sparse=0.004945, alpha_var=-0.004925, alpha_collapse=0.000000, reg_bce_ratio=0.0408
2026-04-12 06:59:53,933 - INFO - [assist_09|assist_09_abce_best_full|lr=0.0003|drop=0.20] [Diag][AE] Epoch [002] | irt_abs_mean=1.3800, irt_std=0.6480, personal_warmup_scale=1.00, graph_row_entropy=2.4723, graph_entropy_ratio=0.5138, alpha_mean=0.1750, alpha_std=0.1748, alpha_bias_std=0.3317, personal_row_entropy=2.4723, personal_matrix_delta=0.0000, personal_matrix_student_std=0.0000, personal_delta_pre_softmax_norm=0.0000, personal_delta_student_std=0.0000, alpha_head_std=0.1748
2026-04-12 06:59:53,934 - INFO - [assist_09|assist_09_abce_best_full|lr=0.0003|drop=0.20] [Diag][Graph] Epoch [002] | entropy_ratio=0.5138, diag_mass=0.2000, to_uniform_l2=0.026674, to_identity_l2=0.075204, tau_mean=0.8119, tau_std=0.0080, graph_reg_scale(train/val)=1.0000/1.0000
2026-04-12 06:59:53,934 - WARNING - [assist_09|assist_09_abce_best_full|lr=0.0003|drop=0.20] [Diag Warning][E] personal_delta_student_std is near zero: personal_delta_student_std=0.000000, personal_delta_pre_softmax_norm=0.000001
2026-04-12 06:59:53,934 - INFO - [assist_09|assist_09_abce_best_full|lr=0.0003|drop=0.20] [Grad Norms] Epoch [002] | relation_emb=6.289643e-03, relation_tau=7.948640e-04, relation_wq=3.719569e-04, relation_wk=7.123572e-04, personal_u=2.181920e-18, personal_v=8.244945e-19, personal_alpha_bias=1.913232e-03, personal_gate_emb=2.481976e-09, personal_gate_student_proj=6.919502e-12, personal_gate_context_proj=1.191148e-05, personal_gate_student_direct=3.865553e-12, personal_gate_context_direct=6.635164e-06, personal_gate_out=1.159002e-05, personal_generator_emb=1.635275e-19, personal_generator_context_proj=0.000000e+00, personal_generator_context_hidden=0.000000e+00, personal_generator_context_to_u=0.000000e+00, personal_generator_context_to_v=0.000000e+00
2026-04-12 06:59:54,311 - INFO - [assist_09|assist_09_abce_best_full|lr=0.0003|drop=0.20] -> New best AUC=0.7350 at epoch 2
2026-04-12 07:00:39,657 - INFO - [assist_09|assist_09_abce_best_full|lr=0.0003|drop=0.20] Epoch [003/100] | Train: Loss=0.5642, BCE=0.5425, Reg=0.0216, AUC=0.7553, ACC=0.7253, RMSE=0.4270 | Val: Loss=0.5778, BCE=0.5581, Reg=0.0196, AUC=0.7394, ACC=0.7157, RMSE=0.4342
2026-04-12 07:00:39,657 - INFO - [assist_09|assist_09_abce_best_full|lr=0.0003|drop=0.20] [Reg Terms] Epoch [003] | Train: graph_entropy=0.000000, graph_diag=0.020148, graph_uniform=0.002929, graph_reg_scale=1.0000, prediction_l2=0.000000, personal_sparse=0.004935, alpha_var=-0.006366, alpha_collapse=0.000000, reg_bce_ratio=0.0399 | Val: graph_entropy=0.000000, graph_diag=0.020255, graph_uniform=0.002924, graph_reg_scale=1.0000, prediction_l2=0.000000, personal_sparse=0.004926, alpha_var=-0.008458, alpha_collapse=0.000000, reg_bce_ratio=0.0352
2026-04-12 07:00:39,926 - INFO - [assist_09|assist_09_abce_best_full|lr=0.0003|drop=0.20] [Diag][AE] Epoch [003] | irt_abs_mean=1.3316, irt_std=0.7509, personal_warmup_scale=1.00, graph_row_entropy=2.4631, graph_entropy_ratio=0.5119, alpha_mean=0.1750, alpha_std=0.1748, alpha_bias_std=0.4737, personal_row_entropy=2.4632, personal_matrix_delta=0.0000, personal_matrix_student_std=0.0000, personal_delta_pre_softmax_norm=0.0000, personal_delta_student_std=0.0000, alpha_head_std=0.1748
2026-04-12 07:00:39,927 - INFO - [assist_09|assist_09_abce_best_full|lr=0.0003|drop=0.20] [Diag][Graph] Epoch [003] | entropy_ratio=0.5119, diag_mass=0.2025, to_uniform_l2=0.026893, to_identity_l2=0.075006, tau_mean=0.7703, tau_std=0.0097, graph_reg_scale(train/val)=1.0000/1.0000
2026-04-12 07:00:39,927 - WARNING - [assist_09|assist_09_abce_best_full|lr=0.0003|drop=0.20] [Diag Warning][E] personal_delta_student_std is near zero: personal_delta_student_std=0.000000, personal_delta_pre_softmax_norm=0.000002
2026-04-12 07:00:39,927 - INFO - [assist_09|assist_09_abce_best_full|lr=0.0003|drop=0.20] [Grad Norms] Epoch [003] | relation_emb=6.219061e-03, relation_tau=9.884037e-04, relation_wq=5.305562e-04, relation_wk=5.722795e-04, personal_u=0.000000e+00, personal_v=0.000000e+00, personal_alpha_bias=2.861595e-03, personal_gate_emb=9.904300e-12, personal_gate_student_proj=3.321879e-14, personal_gate_context_proj=1.449377e-05, personal_gate_student_direct=1.391980e-14, personal_gate_context_direct=6.084701e-06, personal_gate_out=1.445235e-05, personal_generator_emb=0.000000e+00, personal_generator_context_proj=0.000000e+00, personal_generator_context_hidden=0.000000e+00, personal_generator_context_to_u=0.000000e+00, personal_generator_context_to_v=0.000000e+00
2026-04-12 07:00:40,266 - INFO - [assist_09|assist_09_abce_best_full|lr=0.0003|drop=0.20] -> New best AUC=0.7394 at epoch 3
2026-04-12 07:01:27,643 - INFO - [assist_09|assist_09_abce_best_full|lr=0.0003|drop=0.20] Epoch [004/100] | Train: Loss=0.5506, BCE=0.5328, Reg=0.0178, AUC=0.7668, ACC=0.7305, RMSE=0.4227 | Val: Loss=0.5713, BCE=0.5564, Reg=0.0149, AUC=0.7430, ACC=0.7182, RMSE=0.4332
2026-04-12 07:01:27,644 - INFO - [assist_09|assist_09_abce_best_full|lr=0.0003|drop=0.20] [Reg Terms] Epoch [004] | Train: graph_entropy=0.000000, graph_diag=0.020102, graph_uniform=0.002926, graph_reg_scale=1.0000, prediction_l2=0.000000, personal_sparse=0.004930, alpha_var=-0.010196, alpha_collapse=0.000000, reg_bce_ratio=0.0333 | Val: graph_entropy=0.000000, graph_diag=0.020000, graph_uniform=0.002923, graph_reg_scale=1.0000, prediction_l2=0.000000, personal_sparse=0.004922, alpha_var=-0.012954, alpha_collapse=0.000000, reg_bce_ratio=0.0268
2026-04-12 07:01:27,897 - INFO - [assist_09|assist_09_abce_best_full|lr=0.0003|drop=0.20] [Diag][AE] Epoch [004] | irt_abs_mean=1.4338, irt_std=0.7905, personal_warmup_scale=1.00, graph_row_entropy=2.4608, graph_entropy_ratio=0.5114, alpha_mean=0.1750, alpha_std=0.1748, alpha_bias_std=0.6079, personal_row_entropy=2.4608, personal_matrix_delta=0.0000, personal_matrix_student_std=0.0000, personal_delta_pre_softmax_norm=0.0000, personal_delta_student_std=0.0000, alpha_head_std=0.1748
2026-04-12 07:01:27,897 - INFO - [assist_09|assist_09_abce_best_full|lr=0.0003|drop=0.20] [Diag][Graph] Epoch [004] | entropy_ratio=0.5114, diag_mass=0.2000, to_uniform_l2=0.026936, to_identity_l2=0.075297, tau_mean=0.7330, tau_std=0.0100, graph_reg_scale(train/val)=1.0000/1.0000
2026-04-12 07:01:27,897 - WARNING - [assist_09|assist_09_abce_best_full|lr=0.0003|drop=0.20] [Diag Warning][E] personal_delta_student_std is near zero: personal_delta_student_std=0.000000, personal_delta_pre_softmax_norm=0.000001
2026-04-12 07:01:27,897 - INFO - [assist_09|assist_09_abce_best_full|lr=0.0003|drop=0.20] [Grad Norms] Epoch [004] | relation_emb=3.135847e-03, relation_tau=3.805470e-04, relation_wq=2.166528e-04, relation_wk=2.811450e-04, personal_u=0.000000e+00, personal_v=0.000000e+00, personal_alpha_bias=2.989859e-03, personal_gate_emb=5.074518e-18, personal_gate_student_proj=2.579865e-20, personal_gate_context_proj=1.738787e-05, personal_gate_student_direct=1.023597e-20, personal_gate_context_direct=6.943275e-06, personal_gate_out=1.790591e-05, personal_generator_emb=0.000000e+00, personal_generator_context_proj=0.000000e+00, personal_generator_context_hidden=0.000000e+00, personal_generator_context_to_u=0.000000e+00, personal_generator_context_to_v=0.000000e+00
2026-04-12 07:01:28,229 - INFO - [assist_09|assist_09_abce_best_full|lr=0.0003|drop=0.20] -> New best AUC=0.7430 at epoch 4
2026-04-12 07:02:14,729 - INFO - [assist_09|assist_09_abce_best_full|lr=0.0003|drop=0.20] Epoch [005/100] | Train: Loss=0.5372, BCE=0.5250, Reg=0.0122, AUC=0.7755, ACC=0.7342, RMSE=0.4192 | Val: Loss=0.5596, BCE=0.5551, Reg=0.0046, AUC=0.7448, ACC=0.7195, RMSE=0.4326
2026-04-12 07:02:14,730 - INFO - [assist_09|assist_09_abce_best_full|lr=0.0003|drop=0.20] [Reg Terms] Epoch [005] | Train: graph_entropy=0.000000, graph_diag=0.020028, graph_uniform=0.002670, graph_reg_scale=1.0000, prediction_l2=0.000000, personal_sparse=0.004446, alpha_var=-0.014915, alpha_collapse=0.000000, reg_bce_ratio=0.0233 | Val: graph_entropy=0.000000, graph_diag=0.020024, graph_uniform=0.001260, graph_reg_scale=1.0000, prediction_l2=0.000000, personal_sparse=0.001651, alpha_var=-0.018364, alpha_collapse=0.000000, reg_bce_ratio=0.0082
2026-04-12 07:02:14,988 - INFO - [assist_09|assist_09_abce_best_full|lr=0.0003|drop=0.20] [Diag][AE] Epoch [005] | irt_abs_mean=1.4826, irt_std=0.8060, personal_warmup_scale=1.00, graph_row_entropy=0.8253, graph_entropy_ratio=0.1715, alpha_mean=0.1750, alpha_std=0.1748, alpha_bias_std=0.7387, personal_row_entropy=0.8253, personal_matrix_delta=0.0000, personal_matrix_student_std=0.0000, personal_delta_pre_softmax_norm=0.0000, personal_delta_student_std=0.0000, alpha_head_std=0.1748
2026-04-12 07:02:14,988 - INFO - [assist_09|assist_09_abce_best_full|lr=0.0003|drop=0.20] [Diag][Graph] Epoch [005] | entropy_ratio=0.1715, diag_mass=0.2002, to_uniform_l2=0.068502, to_identity_l2=0.098147, tau_mean=0.6332, tau_std=0.0248, graph_reg_scale(train/val)=1.0000/1.0000
2026-04-12 07:02:14,988 - WARNING - [assist_09|assist_09_abce_best_full|lr=0.0003|drop=0.20] [Diag Warning][E] personal_delta_student_std is near zero: personal_delta_student_std=0.000000, personal_delta_pre_softmax_norm=0.000000
2026-04-12 07:02:14,988 - INFO - [assist_09|assist_09_abce_best_full|lr=0.0003|drop=0.20] [Grad Norms] Epoch [005] | relation_emb=1.300433e-02, relation_tau=2.591773e-03, relation_wq=8.225079e-04, relation_wk=4.049754e-04, personal_u=0.000000e+00, personal_v=0.000000e+00, personal_alpha_bias=3.436501e-03, personal_gate_emb=0.000000e+00, personal_gate_student_proj=0.000000e+00, personal_gate_context_proj=1.453267e-05, personal_gate_student_direct=0.000000e+00, personal_gate_context_direct=5.820100e-06, personal_gate_out=1.518572e-05, personal_generator_emb=0.000000e+00, personal_generator_context_proj=0.000000e+00, personal_generator_context_hidden=0.000000e+00, personal_generator_context_to_u=0.000000e+00, personal_generator_context_to_v=0.000000e+00
2026-04-12 07:02:15,293 - INFO - [assist_09|assist_09_abce_best_full|lr=0.0003|drop=0.20] -> New best AUC=0.7448 at epoch 5
2026-04-12 07:03:02,220 - INFO - [assist_09|assist_09_abce_best_full|lr=0.0003|drop=0.20] Epoch [006/100] | Train: Loss=0.5201, BCE=0.5179, Reg=0.0022, AUC=0.7832, ACC=0.7393, RMSE=0.4160 | Val: Loss=0.5515, BCE=0.5533, Reg=-0.0019, AUC=0.7455, ACC=0.7197, RMSE=0.4317
2026-04-12 07:03:02,220 - INFO - [assist_09|assist_09_abce_best_full|lr=0.0003|drop=0.20] [Reg Terms] Epoch [006] | Train: graph_entropy=0.000001, graph_diag=0.020010, graph_uniform=0.001210, graph_reg_scale=1.0000, prediction_l2=0.000000, personal_sparse=0.001526, alpha_var=-0.020498, alpha_collapse=0.000000, reg_bce_ratio=0.0043 | Val: graph_entropy=0.000000, graph_diag=0.020000, graph_uniform=0.001222, graph_reg_scale=1.0000, prediction_l2=0.000000, personal_sparse=0.001570, alpha_var=-0.024658, alpha_collapse=0.000000, reg_bce_ratio=-0.0034
2026-04-12 07:03:02,483 - INFO - [assist_09|assist_09_abce_best_full|lr=0.0003|drop=0.20] [Diag][AE] Epoch [006] | irt_abs_mean=1.4292, irt_std=0.8277, personal_warmup_scale=1.00, graph_row_entropy=0.7849, graph_entropy_ratio=0.1631, alpha_mean=0.1750, alpha_std=0.1748, alpha_bias_std=0.8649, personal_row_entropy=0.7849, personal_matrix_delta=0.0000, personal_matrix_student_std=0.0000, personal_delta_pre_softmax_norm=0.0000, personal_delta_student_std=0.0000, alpha_head_std=0.1748
2026-04-12 07:03:02,484 - INFO - [assist_09|assist_09_abce_best_full|lr=0.0003|drop=0.20] [Diag][Graph] Epoch [006] | entropy_ratio=0.1631, diag_mass=0.2000, to_uniform_l2=0.069461, to_identity_l2=0.098838, tau_mean=0.6162, tau_std=0.0237, graph_reg_scale(train/val)=1.0000/1.0000
2026-04-12 07:03:02,484 - WARNING - [assist_09|assist_09_abce_best_full|lr=0.0003|drop=0.20] [Diag Warning][E] personal_delta_student_std is near zero: personal_delta_student_std=0.000000, personal_delta_pre_softmax_norm=0.000000
2026-04-12 07:03:02,484 - INFO - [assist_09|assist_09_abce_best_full|lr=0.0003|drop=0.20] [Grad Norms] Epoch [006] | relation_emb=1.087533e-02, relation_tau=1.836845e-03, relation_wq=5.984776e-04, relation_wk=3.070893e-04, personal_u=0.000000e+00, personal_v=0.000000e+00, personal_alpha_bias=4.956765e-03, personal_gate_emb=0.000000e+00, personal_gate_student_proj=0.000000e+00, personal_gate_context_proj=1.325523e-05, personal_gate_student_direct=0.000000e+00, personal_gate_context_direct=5.308809e-06, personal_gate_out=1.381033e-05, personal_generator_emb=0.000000e+00, personal_generator_context_proj=0.000000e+00, personal_generator_context_hidden=0.000000e+00, personal_generator_context_to_u=0.000000e+00, personal_generator_context_to_v=0.000000e+00
2026-04-12 07:03:02,848 - INFO - [assist_09|assist_09_abce_best_full|lr=0.0003|drop=0.20] -> New best AUC=0.7455 at epoch 6
2026-04-12 07:03:51,229 - INFO - [assist_09|assist_09_abce_best_full|lr=0.0003|drop=0.20] Epoch [007/100] | Train: Loss=0.5070, BCE=0.5112, Reg=-0.0042, AUC=0.7907, ACC=0.7425, RMSE=0.4131 | Val: Loss=0.5484, BCE=0.5576, Reg=-0.0091, AUC=0.7488, ACC=0.7213, RMSE=0.4329
2026-04-12 07:03:51,229 - INFO - [assist_09|assist_09_abce_best_full|lr=0.0003|drop=0.20] [Reg Terms] Epoch [007] | Train: graph_entropy=0.000001, graph_diag=0.020008, graph_uniform=0.001198, graph_reg_scale=1.0000, prediction_l2=0.000000, personal_sparse=0.001504, alpha_var=-0.026916, alpha_collapse=0.000000, reg_bce_ratio=-0.0082 | Val: graph_entropy=0.000000, graph_diag=0.020000, graph_uniform=0.001192, graph_reg_scale=1.0000, prediction_l2=0.000000, personal_sparse=0.001489, alpha_var=-0.031830, alpha_collapse=0.000000, reg_bce_ratio=-0.0164
2026-04-12 07:03:51,535 - INFO - [assist_09|assist_09_abce_best_full|lr=0.0003|drop=0.20] [Diag][AE] Epoch [007] | irt_abs_mean=1.6243, irt_std=0.9424, personal_warmup_scale=1.00, graph_row_entropy=0.7443, graph_entropy_ratio=0.1547, alpha_mean=0.1750, alpha_std=0.1748, alpha_bias_std=0.9901, personal_row_entropy=0.7443, personal_matrix_delta=0.0000, personal_matrix_student_std=0.0000, personal_delta_pre_softmax_norm=0.0000, personal_delta_student_std=0.0000, alpha_head_std=0.1748
2026-04-12 07:03:51,536 - INFO - [assist_09|assist_09_abce_best_full|lr=0.0003|drop=0.20] [Diag][Graph] Epoch [007] | entropy_ratio=0.1547, diag_mass=0.2000, to_uniform_l2=0.070193, to_identity_l2=0.099354, tau_mean=0.6065, tau_std=0.0240, graph_reg_scale(train/val)=1.0000/1.0000
2026-04-12 07:03:51,536 - WARNING - [assist_09|assist_09_abce_best_full|lr=0.0003|drop=0.20] [Diag Warning][E] personal_delta_student_std is near zero: personal_delta_student_std=0.000000, personal_delta_pre_softmax_norm=0.000000
2026-04-12 07:03:51,536 - INFO - [assist_09|assist_09_abce_best_full|lr=0.0003|drop=0.20] [Grad Norms] Epoch [007] | relation_emb=9.633328e-03, relation_tau=1.973195e-03, relation_wq=6.940782e-04, relation_wk=3.100278e-04, personal_u=0.000000e+00, personal_v=0.000000e+00, personal_alpha_bias=5.172536e-03, personal_gate_emb=0.000000e+00, personal_gate_student_proj=0.000000e+00, personal_gate_context_proj=1.474646e-05, personal_gate_student_direct=0.000000e+00, personal_gate_context_direct=5.922475e-06, personal_gate_out=1.535846e-05, personal_generator_emb=0.000000e+00, personal_generator_context_proj=0.000000e+00, personal_generator_context_hidden=0.000000e+00, personal_generator_context_to_u=0.000000e+00, personal_generator_context_to_v=0.000000e+00
2026-04-12 07:03:51,847 - INFO - [assist_09|assist_09_abce_best_full|lr=0.0003|drop=0.20] -> New best AUC=0.7488 at epoch 7
2026-04-12 07:04:38,709 - INFO - [assist_09|assist_09_abce_best_full|lr=0.0003|drop=0.20] Epoch [008/100] | Train: Loss=0.4939, BCE=0.5054, Reg=-0.0115, AUC=0.7965, ACC=0.7449, RMSE=0.4106 | Val: Loss=0.5358, BCE=0.5529, Reg=-0.0171, AUC=0.7482, ACC=0.7196, RMSE=0.4312
2026-04-12 07:04:38,709 - INFO - [assist_09|assist_09_abce_best_full|lr=0.0003|drop=0.20] [Reg Terms] Epoch [008] | Train: graph_entropy=0.000001, graph_diag=0.020002, graph_uniform=0.001197, graph_reg_scale=1.0000, prediction_l2=0.000000, personal_sparse=0.001504, alpha_var=-0.034169, alpha_collapse=0.000000, reg_bce_ratio=-0.0227 | Val: graph_entropy=0.000000, graph_diag=0.020000, graph_uniform=0.001208, graph_reg_scale=1.0000, prediction_l2=0.000000, personal_sparse=0.001540, alpha_var=-0.039867, alpha_collapse=0.000000, reg_bce_ratio=-0.0310
2026-04-12 07:04:38,979 - INFO - [assist_09|assist_09_abce_best_full|lr=0.0003|drop=0.20] [Diag][AE] Epoch [008] | irt_abs_mean=1.5645, irt_std=0.9185, personal_warmup_scale=1.00, graph_row_entropy=0.7700, graph_entropy_ratio=0.1600, alpha_mean=0.1750, alpha_std=0.1748, alpha_bias_std=1.1134, personal_row_entropy=0.7700, personal_matrix_delta=0.0000, personal_matrix_student_std=0.0000, personal_delta_pre_softmax_norm=0.0000, personal_delta_student_std=0.0000, alpha_head_std=0.1748
2026-04-12 07:04:38,980 - INFO - [assist_09|assist_09_abce_best_full|lr=0.0003|drop=0.20] [Diag][Graph] Epoch [008] | entropy_ratio=0.1600, diag_mass=0.2000, to_uniform_l2=0.069811, to_identity_l2=0.099085, tau_mean=0.5994, tau_std=0.0238, graph_reg_scale(train/val)=1.0000/1.0000
2026-04-12 07:04:38,980 - WARNING - [assist_09|assist_09_abce_best_full|lr=0.0003|drop=0.20] [Diag Warning][E] personal_delta_student_std is near zero: personal_delta_student_std=0.000000, personal_delta_pre_softmax_norm=0.000000
2026-04-12 07:04:38,980 - INFO - [assist_09|assist_09_abce_best_full|lr=0.0003|drop=0.20] [Grad Norms] Epoch [008] | relation_emb=5.997399e-03, relation_tau=6.575562e-04, relation_wq=6.036750e-04, relation_wk=1.320054e-04, personal_u=0.000000e+00, personal_v=0.000000e+00, personal_alpha_bias=7.050046e-03, personal_gate_emb=0.000000e+00, personal_gate_student_proj=0.000000e+00, personal_gate_context_proj=1.233405e-05, personal_gate_student_direct=0.000000e+00, personal_gate_context_direct=4.966894e-06, personal_gate_out=1.289838e-05, personal_generator_emb=0.000000e+00, personal_generator_context_proj=0.000000e+00, personal_generator_context_hidden=0.000000e+00, personal_generator_context_to_u=0.000000e+00, personal_generator_context_to_v=0.000000e+00
2026-04-12 07:04:38,980 - INFO - [assist_09|assist_09_abce_best_full|lr=0.0003|drop=0.20] -> No improvement 1 epoch(s) (best AUC=0.7488 @ 7)
2026-04-12 07:05:23,226 - INFO - [assist_09|assist_09_abce_best_full|lr=0.0003|drop=0.20] Epoch [009/100] | Train: Loss=0.4808, BCE=0.5004, Reg=-0.0195, AUC=0.8019, ACC=0.7479, RMSE=0.4084 | Val: Loss=0.5287, BCE=0.5548, Reg=-0.0261, AUC=0.7494, ACC=0.7235, RMSE=0.4316
2026-04-12 07:05:23,226 - INFO - [assist_09|assist_09_abce_best_full|lr=0.0003|drop=0.20] [Reg Terms] Epoch [009] | Train: graph_entropy=0.000001, graph_diag=0.020000, graph_uniform=0.001196, graph_reg_scale=1.0000, prediction_l2=0.000000, personal_sparse=0.001505, alpha_var=-0.042247, alpha_collapse=0.000000, reg_bce_ratio=-0.0391 | Val: graph_entropy=0.000000, graph_diag=0.020000, graph_uniform=0.001190, graph_reg_scale=1.0000, prediction_l2=0.000000, personal_sparse=0.001487, alpha_var=-0.048783, alpha_collapse=0.000000, reg_bce_ratio=-0.0471
2026-04-12 07:05:23,497 - INFO - [assist_09|assist_09_abce_best_full|lr=0.0003|drop=0.20] [Diag][AE] Epoch [009] | irt_abs_mean=1.6537, irt_std=0.9867, personal_warmup_scale=1.00, graph_row_entropy=0.7435, graph_entropy_ratio=0.1545, alpha_mean=0.1750, alpha_std=0.1748, alpha_bias_std=1.2366, personal_row_entropy=0.7435, personal_matrix_delta=0.0000, personal_matrix_student_std=0.0000, personal_delta_pre_softmax_norm=0.0000, personal_delta_student_std=0.0000, alpha_head_std=0.1748
2026-04-12 07:05:23,498 - INFO - [assist_09|assist_09_abce_best_full|lr=0.0003|drop=0.20] [Diag][Graph] Epoch [009] | entropy_ratio=0.1545, diag_mass=0.2000, to_uniform_l2=0.070260, to_identity_l2=0.099401, tau_mean=0.5924, tau_std=0.0242, graph_reg_scale(train/val)=1.0000/1.0000
2026-04-12 07:05:23,498 - WARNING - [assist_09|assist_09_abce_best_full|lr=0.0003|drop=0.20] [Diag Warning][E] personal_delta_student_std is near zero: personal_delta_student_std=0.000000, personal_delta_pre_softmax_norm=0.000000
2026-04-12 07:05:23,498 - INFO - [assist_09|assist_09_abce_best_full|lr=0.0003|drop=0.20] [Grad Norms] Epoch [009] | relation_emb=1.557295e-02, relation_tau=2.741625e-03, relation_wq=8.694612e-04, relation_wk=5.352834e-04, personal_u=0.000000e+00, personal_v=0.000000e+00, personal_alpha_bias=6.957796e-03, personal_gate_emb=0.000000e+00, personal_gate_student_proj=0.000000e+00, personal_gate_context_proj=1.478620e-05, personal_gate_student_direct=0.000000e+00, personal_gate_context_direct=5.976357e-06, personal_gate_out=1.548732e-05, personal_generator_emb=0.000000e+00, personal_generator_context_proj=0.000000e+00, personal_generator_context_hidden=0.000000e+00, personal_generator_context_to_u=0.000000e+00, personal_generator_context_to_v=0.000000e+00
2026-04-12 07:05:23,869 - INFO - [assist_09|assist_09_abce_best_full|lr=0.0003|drop=0.20] -> New best AUC=0.7494 at epoch 9
2026-04-12 07:06:10,881 - INFO - [assist_09|assist_09_abce_best_full|lr=0.0003|drop=0.20] Epoch [010/100] | Train: Loss=0.4680, BCE=0.4965, Reg=-0.0284, AUC=0.8059, ACC=0.7499, RMSE=0.4067 | Val: Loss=0.5188, BCE=0.5547, Reg=-0.0359, AUC=0.7505, ACC=0.7237, RMSE=0.4313
2026-04-12 07:06:10,882 - INFO - [assist_09|assist_09_abce_best_full|lr=0.0003|drop=0.20] [Reg Terms] Epoch [010] | Train: graph_entropy=0.000001, graph_diag=0.020005, graph_uniform=0.001194, graph_reg_scale=1.0000, prediction_l2=0.000000, personal_sparse=0.001498, alpha_var=-0.051145, alpha_collapse=0.000000, reg_bce_ratio=-0.0573 | Val: graph_entropy=0.000000, graph_diag=0.020000, graph_uniform=0.001191, graph_reg_scale=1.0000, prediction_l2=0.000000, personal_sparse=0.001491, alpha_var=-0.058553, alpha_collapse=0.000000, reg_bce_ratio=-0.0647
2026-04-12 07:06:11,138 - INFO - [assist_09|assist_09_abce_best_full|lr=0.0003|drop=0.20] [Diag][AE] Epoch [010] | irt_abs_mean=1.6578, irt_std=1.0110, personal_warmup_scale=1.00, graph_row_entropy=0.7454, graph_entropy_ratio=0.1549, alpha_mean=0.1750, alpha_std=0.1748, alpha_bias_std=1.3572, personal_row_entropy=0.7454, personal_matrix_delta=0.0000, personal_matrix_student_std=0.0000, personal_delta_pre_softmax_norm=0.0000, personal_delta_student_std=0.0000, alpha_head_std=0.1748
2026-04-12 07:06:11,138 - INFO - [assist_09|assist_09_abce_best_full|lr=0.0003|drop=0.20] [Diag][Graph] Epoch [010] | entropy_ratio=0.1549, diag_mass=0.2000, to_uniform_l2=0.070224, to_identity_l2=0.099376, tau_mean=0.5859, tau_std=0.0241, graph_reg_scale(train/val)=1.0000/1.0000
2026-04-12 07:06:11,138 - WARNING - [assist_09|assist_09_abce_best_full|lr=0.0003|drop=0.20] [Diag Warning][E] personal_delta_student_std is near zero: personal_delta_student_std=0.000000, personal_delta_pre_softmax_norm=0.000000
2026-04-12 07:06:11,138 - INFO - [assist_09|assist_09_abce_best_full|lr=0.0003|drop=0.20] [Grad Norms] Epoch [010] | relation_emb=7.537413e-03, relation_tau=1.796772e-03, relation_wq=6.136340e-04, relation_wk=3.499733e-04, personal_u=0.000000e+00, personal_v=0.000000e+00, personal_alpha_bias=6.012974e-03, personal_gate_emb=0.000000e+00, personal_gate_student_proj=0.000000e+00, personal_gate_context_proj=1.710550e-05, personal_gate_student_direct=0.000000e+00, personal_gate_context_direct=7.042860e-06, personal_gate_out=1.822640e-05, personal_generator_emb=0.000000e+00, personal_generator_context_proj=0.000000e+00, personal_generator_context_hidden=0.000000e+00, personal_generator_context_to_u=0.000000e+00, personal_generator_context_to_v=0.000000e+00
2026-04-12 07:06:11,445 - INFO - [assist_09|assist_09_abce_best_full|lr=0.0003|drop=0.20] -> New best AUC=0.7505 at epoch 10
2026-04-12 07:06:11,496 - INFO - [assist_09|assist_09_abce_best_full|lr=0.0003|drop=0.20] Checkpoint saved: checkpoints/abce_diag/ae_fix_20260412_fdafa52/assist_09/seed42/best_full/checkpoint_epoch_10.pth
2026-04-12 07:06:11,763 - INFO - [assist_09|assist_09_abce_best_full|lr=0.0003|drop=0.20] [Module Activity] Epoch 10: Graph[OK] Personal[X]
2026-04-12 07:06:59,288 - INFO - [assist_09|assist_09_abce_best_full|lr=0.0003|drop=0.20] Epoch [011/100] | Train: Loss=0.4537, BCE=0.4918, Reg=-0.0382, AUC=0.8105, ACC=0.7520, RMSE=0.4046 | Val: Loss=0.5076, BCE=0.5540, Reg=-0.0465, AUC=0.7514, ACC=0.7247, RMSE=0.4309
2026-04-12 07:06:59,289 - INFO - [assist_09|assist_09_abce_best_full|lr=0.0003|drop=0.20] [Reg Terms] Epoch [011] | Train: graph_entropy=0.000000, graph_diag=0.020005, graph_uniform=0.001194, graph_reg_scale=1.0000, prediction_l2=0.000000, personal_sparse=0.001500, alpha_var=-0.060863, alpha_collapse=0.000000, reg_bce_ratio=-0.0776 | Val: graph_entropy=0.000000, graph_diag=0.020000, graph_uniform=0.001191, graph_reg_scale=1.0000, prediction_l2=0.000000, personal_sparse=0.001490, alpha_var=-0.069148, alpha_collapse=0.000000, reg_bce_ratio=-0.0839
2026-04-12 07:06:59,555 - INFO - [assist_09|assist_09_abce_best_full|lr=0.0003|drop=0.20] [Diag][AE] Epoch [011] | irt_abs_mean=1.6977, irt_std=1.0296, personal_warmup_scale=1.00, graph_row_entropy=0.7448, graph_entropy_ratio=0.1548, alpha_mean=0.1750, alpha_std=0.1748, alpha_bias_std=1.4790, personal_row_entropy=0.7449, personal_matrix_delta=0.0000, personal_matrix_student_std=0.0000, personal_delta_pre_softmax_norm=0.0000, personal_delta_student_std=0.0000, alpha_head_std=0.1748
2026-04-12 07:06:59,555 - INFO - [assist_09|assist_09_abce_best_full|lr=0.0003|drop=0.20] [Diag][Graph] Epoch [011] | entropy_ratio=0.1548, diag_mass=0.2000, to_uniform_l2=0.070237, to_identity_l2=0.099385, tau_mean=0.5795, tau_std=0.0245, graph_reg_scale(train/val)=1.0000/1.0000
2026-04-12 07:06:59,555 - WARNING - [assist_09|assist_09_abce_best_full|lr=0.0003|drop=0.20] [Diag Warning][E] personal_delta_student_std is near zero: personal_delta_student_std=0.000000, personal_delta_pre_softmax_norm=0.000000
2026-04-12 07:06:59,555 - INFO - [assist_09|assist_09_abce_best_full|lr=0.0003|drop=0.20] [Grad Norms] Epoch [011] | relation_emb=4.128307e-03, relation_tau=1.001927e-03, relation_wq=3.984941e-04, relation_wk=1.660350e-04, personal_u=0.000000e+00, personal_v=0.000000e+00, personal_alpha_bias=7.993162e-03, personal_gate_emb=0.000000e+00, personal_gate_student_proj=0.000000e+00, personal_gate_context_proj=1.391903e-05, personal_gate_student_direct=0.000000e+00, personal_gate_context_direct=5.701853e-06, personal_gate_out=1.477638e-05, personal_generator_emb=0.000000e+00, personal_generator_context_proj=0.000000e+00, personal_generator_context_hidden=0.000000e+00, personal_generator_context_to_u=0.000000e+00, personal_generator_context_to_v=0.000000e+00
2026-04-12 07:06:59,909 - INFO - [assist_09|assist_09_abce_best_full|lr=0.0003|drop=0.20] -> New best AUC=0.7514 at epoch 11
2026-04-12 07:07:45,890 - INFO - [assist_09|assist_09_abce_best_full|lr=0.0003|drop=0.20] Epoch [012/100] | Train: Loss=0.4398, BCE=0.4885, Reg=-0.0487, AUC=0.8134, ACC=0.7537, RMSE=0.4032 | Val: Loss=0.4973, BCE=0.5552, Reg=-0.0579, AUC=0.7514, ACC=0.7241, RMSE=0.4312
2026-04-12 07:07:45,890 - INFO - [assist_09|assist_09_abce_best_full|lr=0.0003|drop=0.20] [Reg Terms] Epoch [012] | Train: graph_entropy=0.000001, graph_diag=0.020002, graph_uniform=0.001194, graph_reg_scale=1.0000, prediction_l2=0.000000, personal_sparse=0.001500, alpha_var=-0.071374, alpha_collapse=0.000000, reg_bce_ratio=-0.0996 | Val: graph_entropy=0.000000, graph_diag=0.020000, graph_uniform=0.001185, graph_reg_scale=1.0000, prediction_l2=0.000000, personal_sparse=0.001473, alpha_var=-0.080597, alpha_collapse=0.000000, reg_bce_ratio=-0.1044
2026-04-12 07:07:46,110 - INFO - [assist_09|assist_09_abce_best_full|lr=0.0003|drop=0.20] [Diag][AE] Epoch [012] | irt_abs_mean=1.6757, irt_std=1.0560, personal_warmup_scale=1.00, graph_row_entropy=0.7363, graph_entropy_ratio=0.1530, alpha_mean=0.1750, alpha_std=0.1748, alpha_bias_std=1.5981, personal_row_entropy=0.7363, personal_matrix_delta=0.0000, personal_matrix_student_std=0.0000, personal_delta_pre_softmax_norm=0.0000, personal_delta_student_std=0.0000, alpha_head_std=0.1748
2026-04-12 07:07:46,110 - INFO - [assist_09|assist_09_abce_best_full|lr=0.0003|drop=0.20] [Diag][Graph] Epoch [012] | entropy_ratio=0.1530, diag_mass=0.2000, to_uniform_l2=0.070365, to_identity_l2=0.099475, tau_mean=0.5733, tau_std=0.0252, graph_reg_scale(train/val)=1.0000/1.0000
2026-04-12 07:07:46,110 - WARNING - [assist_09|assist_09_abce_best_full|lr=0.0003|drop=0.20] [Diag Warning][E] personal_delta_student_std is near zero: personal_delta_student_std=0.000000, personal_delta_pre_softmax_norm=0.000000
2026-04-12 07:07:46,110 - INFO - [assist_09|assist_09_abce_best_full|lr=0.0003|drop=0.20] [Grad Norms] Epoch [012] | relation_emb=1.104524e-02, relation_tau=1.726056e-03, relation_wq=8.082560e-04, relation_wk=2.769346e-04, personal_u=0.000000e+00, personal_v=0.000000e+00, personal_alpha_bias=9.260023e-03, personal_gate_emb=0.000000e+00, personal_gate_student_proj=0.000000e+00, personal_gate_context_proj=1.201465e-05, personal_gate_student_direct=0.000000e+00, personal_gate_context_direct=4.919775e-06, personal_gate_out=1.279417e-05, personal_generator_emb=0.000000e+00, personal_generator_context_proj=0.000000e+00, personal_generator_context_hidden=0.000000e+00, personal_generator_context_to_u=0.000000e+00, personal_generator_context_to_v=0.000000e+00
2026-04-12 07:07:46,407 - INFO - [assist_09|assist_09_abce_best_full|lr=0.0003|drop=0.20] -> New best AUC=0.7514 at epoch 12
2026-04-12 07:08:34,607 - INFO - [assist_09|assist_09_abce_best_full|lr=0.0003|drop=0.20] Epoch [013/100] | Train: Loss=0.4249, BCE=0.4849, Reg=-0.0600, AUC=0.8168, ACC=0.7553, RMSE=0.4016 | Val: Loss=0.4849, BCE=0.5550, Reg=-0.0701, AUC=0.7521, ACC=0.7235, RMSE=0.4308
2026-04-12 07:08:34,608 - INFO - [assist_09|assist_09_abce_best_full|lr=0.0003|drop=0.20] [Reg Terms] Epoch [013] | Train: graph_entropy=0.000001, graph_diag=0.020000, graph_uniform=0.001192, graph_reg_scale=1.0000, prediction_l2=0.000000, personal_sparse=0.001496, alpha_var=-0.082696, alpha_collapse=0.000000, reg_bce_ratio=-0.1237 | Val: graph_entropy=0.000000, graph_diag=0.020000, graph_uniform=0.001210, graph_reg_scale=1.0000, prediction_l2=0.000000, personal_sparse=0.001554, alpha_var=-0.092908, alpha_collapse=0.000000, reg_bce_ratio=-0.1264
2026-04-12 07:08:34,850 - INFO - [assist_09|assist_09_abce_best_full|lr=0.0003|drop=0.20] [Diag][AE] Epoch [013] | irt_abs_mean=1.7262, irt_std=1.0832, personal_warmup_scale=1.00, graph_row_entropy=0.7770, graph_entropy_ratio=0.1615, alpha_mean=0.1750, alpha_std=0.1748, alpha_bias_std=1.7200, personal_row_entropy=0.7770, personal_matrix_delta=0.0000, personal_matrix_student_std=0.0000, personal_delta_pre_softmax_norm=0.0000, personal_delta_student_std=0.0000, alpha_head_std=0.1748
2026-04-12 07:08:34,850 - INFO - [assist_09|assist_09_abce_best_full|lr=0.0003|drop=0.20] [Diag][Graph] Epoch [013] | entropy_ratio=0.1615, diag_mass=0.2000, to_uniform_l2=0.069762, to_identity_l2=0.099050, tau_mean=0.5680, tau_std=0.0251, graph_reg_scale(train/val)=1.0000/1.0000
2026-04-12 07:08:34,850 - WARNING - [assist_09|assist_09_abce_best_full|lr=0.0003|drop=0.20] [Diag Warning][E] personal_delta_student_std is near zero: personal_delta_student_std=0.000000, personal_delta_pre_softmax_norm=0.000000
2026-04-12 07:08:34,850 - INFO - [assist_09|assist_09_abce_best_full|lr=0.0003|drop=0.20] [Grad Norms] Epoch [013] | relation_emb=9.734353e-03, relation_tau=1.847115e-03, relation_wq=6.365069e-04, relation_wk=3.661984e-04, personal_u=0.000000e+00, personal_v=0.000000e+00, personal_alpha_bias=9.036580e-03, personal_gate_emb=0.000000e+00, personal_gate_student_proj=0.000000e+00, personal_gate_context_proj=1.440867e-05, personal_gate_student_direct=0.000000e+00, personal_gate_context_direct=5.911970e-06, personal_gate_out=1.533280e-05, personal_generator_emb=0.000000e+00, personal_generator_context_proj=0.000000e+00, personal_generator_context_hidden=0.000000e+00, personal_generator_context_to_u=0.000000e+00, personal_generator_context_to_v=0.000000e+00
2026-04-12 07:08:35,180 - INFO - [assist_09|assist_09_abce_best_full|lr=0.0003|drop=0.20] -> New best AUC=0.7521 at epoch 13
2026-04-12 07:09:22,182 - INFO - [assist_09|assist_09_abce_best_full|lr=0.0003|drop=0.20] Epoch [014/100] | Train: Loss=0.4102, BCE=0.4823, Reg=-0.0721, AUC=0.8193, ACC=0.7565, RMSE=0.4005 | Val: Loss=0.4726, BCE=0.5560, Reg=-0.0834, AUC=0.7530, ACC=0.7255, RMSE=0.4309
2026-04-12 07:09:22,182 - INFO - [assist_09|assist_09_abce_best_full|lr=0.0003|drop=0.20] [Reg Terms] Epoch [014] | Train: graph_entropy=0.000001, graph_diag=0.020000, graph_uniform=0.001193, graph_reg_scale=1.0000, prediction_l2=0.000000, personal_sparse=0.001503, alpha_var=-0.094837, alpha_collapse=0.000000, reg_bce_ratio=-0.1496 | Val: graph_entropy=0.000000, graph_diag=0.020000, graph_uniform=0.001191, graph_reg_scale=1.0000, prediction_l2=0.000001, personal_sparse=0.001498, alpha_var=-0.106084, alpha_collapse=0.000000, reg_bce_ratio=-0.1500
2026-04-12 07:09:22,472 - INFO - [assist_09|assist_09_abce_best_full|lr=0.0003|drop=0.20] [Diag][AE] Epoch [014] | irt_abs_mean=1.7952, irt_std=1.1237, personal_warmup_scale=1.00, graph_row_entropy=0.7492, graph_entropy_ratio=0.1557, alpha_mean=0.1750, alpha_std=0.1748, alpha_bias_std=1.8403, personal_row_entropy=0.7492, personal_matrix_delta=0.0000, personal_matrix_student_std=0.0000, personal_delta_pre_softmax_norm=0.0000, personal_delta_student_std=0.0000, alpha_head_std=0.1748
2026-04-12 07:09:22,473 - INFO - [assist_09|assist_09_abce_best_full|lr=0.0003|drop=0.20] [Diag][Graph] Epoch [014] | entropy_ratio=0.1557, diag_mass=0.2000, to_uniform_l2=0.070215, to_identity_l2=0.099370, tau_mean=0.5619, tau_std=0.0251, graph_reg_scale(train/val)=1.0000/1.0000
2026-04-12 07:09:22,473 - WARNING - [assist_09|assist_09_abce_best_full|lr=0.0003|drop=0.20] [Diag Warning][E] personal_delta_student_std is near zero: personal_delta_student_std=0.000000, personal_delta_pre_softmax_norm=0.000000
2026-04-12 07:09:22,473 - INFO - [assist_09|assist_09_abce_best_full|lr=0.0003|drop=0.20] [Grad Norms] Epoch [014] | relation_emb=1.182437e-02, relation_tau=2.177185e-03, relation_wq=6.639340e-04, relation_wk=4.011026e-04, personal_u=0.000000e+00, personal_v=0.000000e+00, personal_alpha_bias=9.270073e-03, personal_gate_emb=0.000000e+00, personal_gate_student_proj=0.000000e+00, personal_gate_context_proj=1.321933e-05, personal_gate_student_direct=0.000000e+00, personal_gate_context_direct=5.430694e-06, personal_gate_out=1.406187e-05, personal_generator_emb=0.000000e+00, personal_generator_context_proj=0.000000e+00, personal_generator_context_hidden=0.000000e+00, personal_generator_context_to_u=0.000000e+00, personal_generator_context_to_v=0.000000e+00
2026-04-12 07:09:22,794 - INFO - [assist_09|assist_09_abce_best_full|lr=0.0003|drop=0.20] -> New best AUC=0.7530 at epoch 14
2026-04-12 07:10:09,040 - INFO - [assist_09|assist_09_abce_best_full|lr=0.0003|drop=0.20] Epoch [015/100] | Train: Loss=0.3946, BCE=0.4797, Reg=-0.0851, AUC=0.8215, ACC=0.7582, RMSE=0.3994 | Val: Loss=0.4594, BCE=0.5568, Reg=-0.0974, AUC=0.7533, ACC=0.7249, RMSE=0.4311
2026-04-12 07:10:09,040 - INFO - [assist_09|assist_09_abce_best_full|lr=0.0003|drop=0.20] [Reg Terms] Epoch [015] | Train: graph_entropy=0.000001, graph_diag=0.020000, graph_uniform=0.001193, graph_reg_scale=1.0000, prediction_l2=0.000001, personal_sparse=0.001501, alpha_var=-0.107795, alpha_collapse=0.000000, reg_bce_ratio=-0.1774 | Val: graph_entropy=0.000000, graph_diag=0.020000, graph_uniform=0.001198, graph_reg_scale=1.0000, prediction_l2=0.000001, personal_sparse=0.001518, alpha_var=-0.120085, alpha_collapse=0.000000, reg_bce_ratio=-0.1749
2026-04-12 07:10:09,266 - INFO - [assist_09|assist_09_abce_best_full|lr=0.0003|drop=0.20] [Diag][AE] Epoch [015] | irt_abs_mean=1.8227, irt_std=1.1475, personal_warmup_scale=1.00, graph_row_entropy=0.7592, graph_entropy_ratio=0.1578, alpha_mean=0.1750, alpha_std=0.1748, alpha_bias_std=1.9610, personal_row_entropy=0.7592, personal_matrix_delta=0.0000, personal_matrix_student_std=0.0000, personal_delta_pre_softmax_norm=0.0000, personal_delta_student_std=0.0000, alpha_head_std=0.1748
2026-04-12 07:10:09,267 - INFO - [assist_09|assist_09_abce_best_full|lr=0.0003|drop=0.20] [Diag][Graph] Epoch [015] | entropy_ratio=0.1578, diag_mass=0.2000, to_uniform_l2=0.070043, to_identity_l2=0.099248, tau_mean=0.5569, tau_std=0.0254, graph_reg_scale(train/val)=1.0000/1.0000
2026-04-12 07:10:09,267 - WARNING - [assist_09|assist_09_abce_best_full|lr=0.0003|drop=0.20] [Diag Warning][E] personal_delta_student_std is near zero: personal_delta_student_std=0.000000, personal_delta_pre_softmax_norm=0.000000
2026-04-12 07:10:09,267 - INFO - [assist_09|assist_09_abce_best_full|lr=0.0003|drop=0.20] [Grad Norms] Epoch [015] | relation_emb=8.315814e-03, relation_tau=5.004205e-04, relation_wq=5.722553e-04, relation_wk=9.520003e-05, personal_u=0.000000e+00, personal_v=0.000000e+00, personal_alpha_bias=1.050056e-02, personal_gate_emb=0.000000e+00, personal_gate_student_proj=0.000000e+00, personal_gate_context_proj=1.331326e-05, personal_gate_student_direct=0.000000e+00, personal_gate_context_direct=5.475974e-06, personal_gate_out=1.416425e-05, personal_generator_emb=0.000000e+00, personal_generator_context_proj=0.000000e+00, personal_generator_context_hidden=0.000000e+00, personal_generator_context_to_u=0.000000e+00, personal_generator_context_to_v=0.000000e+00
2026-04-12 07:10:09,654 - INFO - [assist_09|assist_09_abce_best_full|lr=0.0003|drop=0.20] -> New best AUC=0.7533 at epoch 15
2026-04-12 07:10:56,089 - INFO - [assist_09|assist_09_abce_best_full|lr=0.0003|drop=0.20] Epoch [016/100] | Train: Loss=0.3780, BCE=0.4769, Reg=-0.0989, AUC=0.8243, ACC=0.7589, RMSE=0.3981 | Val: Loss=0.4444, BCE=0.5566, Reg=-0.1122, AUC=0.7544, ACC=0.7259, RMSE=0.4309
2026-04-12 07:10:56,090 - INFO - [assist_09|assist_09_abce_best_full|lr=0.0003|drop=0.20] [Reg Terms] Epoch [016] | Train: graph_entropy=0.000000, graph_diag=0.020000, graph_uniform=0.001192, graph_reg_scale=1.0000, prediction_l2=0.000001, personal_sparse=0.001497, alpha_var=-0.121545, alpha_collapse=0.000000, reg_bce_ratio=-0.2073 | Val: graph_entropy=0.000000, graph_diag=0.020000, graph_uniform=0.001190, graph_reg_scale=1.0000, prediction_l2=0.000001, personal_sparse=0.001492, alpha_var=-0.134928, alpha_collapse=0.000000, reg_bce_ratio=-0.2016
2026-04-12 07:10:56,361 - INFO - [assist_09|assist_09_abce_best_full|lr=0.0003|drop=0.20] [Diag][AE] Epoch [016] | irt_abs_mean=1.8162, irt_std=1.1710, personal_warmup_scale=1.00, graph_row_entropy=0.7461, graph_entropy_ratio=0.1551, alpha_mean=0.1750, alpha_std=0.1748, alpha_bias_std=2.0793, personal_row_entropy=0.7462, personal_matrix_delta=0.0000, personal_matrix_student_std=0.0000, personal_delta_pre_softmax_norm=0.0000, personal_delta_student_std=0.0000, alpha_head_std=0.1748
2026-04-12 07:10:56,362 - INFO - [assist_09|assist_09_abce_best_full|lr=0.0003|drop=0.20] [Diag][Graph] Epoch [016] | entropy_ratio=0.1551, diag_mass=0.2000, to_uniform_l2=0.070247, to_identity_l2=0.099392, tau_mean=0.5513, tau_std=0.0253, graph_reg_scale(train/val)=1.0000/1.0000
2026-04-12 07:10:56,362 - WARNING - [assist_09|assist_09_abce_best_full|lr=0.0003|drop=0.20] [Diag Warning][E] personal_delta_student_std is near zero: personal_delta_student_std=0.000000, personal_delta_pre_softmax_norm=0.000001
2026-04-12 07:10:56,362 - INFO - [assist_09|assist_09_abce_best_full|lr=0.0003|drop=0.20] [Grad Norms] Epoch [016] | relation_emb=5.343005e-03, relation_tau=1.480692e-03, relation_wq=3.898776e-04, relation_wk=3.187374e-04, personal_u=0.000000e+00, personal_v=0.000000e+00, personal_alpha_bias=1.055241e-02, personal_gate_emb=0.000000e+00, personal_gate_student_proj=0.000000e+00, personal_gate_context_proj=1.349517e-05, personal_gate_student_direct=0.000000e+00, personal_gate_context_direct=5.541313e-06, personal_gate_out=1.439950e-05, personal_generator_emb=0.000000e+00, personal_generator_context_proj=0.000000e+00, personal_generator_context_hidden=0.000000e+00, personal_generator_context_to_u=0.000000e+00, personal_generator_context_to_v=0.000000e+00
2026-04-12 07:10:56,709 - INFO - [assist_09|assist_09_abce_best_full|lr=0.0003|drop=0.20] -> New best AUC=0.7544 at epoch 16
2026-04-12 07:11:44,020 - INFO - [assist_09|assist_09_abce_best_full|lr=0.0003|drop=0.20] Epoch [017/100] | Train: Loss=0.3617, BCE=0.4751, Reg=-0.1134, AUC=0.8259, ACC=0.7596, RMSE=0.3973 | Val: Loss=0.4300, BCE=0.5580, Reg=-0.1280, AUC=0.7544, ACC=0.7255, RMSE=0.4313
2026-04-12 07:11:44,021 - INFO - [assist_09|assist_09_abce_best_full|lr=0.0003|drop=0.20] [Reg Terms] Epoch [017] | Train: graph_entropy=0.000001, graph_diag=0.020000, graph_uniform=0.001193, graph_reg_scale=1.0000, prediction_l2=0.000001, personal_sparse=0.001501, alpha_var=-0.136093, alpha_collapse=0.000000, reg_bce_ratio=-0.2387 | Val: graph_entropy=0.000000, graph_diag=0.020000, graph_uniform=0.001183, graph_reg_scale=1.0000, prediction_l2=0.000001, personal_sparse=0.001467, alpha_var=-0.150607, alpha_collapse=0.000000, reg_bce_ratio=-0.2293
2026-04-12 07:11:44,282 - INFO - [assist_09|assist_09_abce_best_full|lr=0.0003|drop=0.20] [Diag][AE] Epoch [017] | irt_abs_mean=1.9162, irt_std=1.1958, personal_warmup_scale=1.00, graph_row_entropy=0.7336, graph_entropy_ratio=0.1525, alpha_mean=0.1750, alpha_std=0.1748, alpha_bias_std=2.1963, personal_row_entropy=0.7337, personal_matrix_delta=0.0000, personal_matrix_student_std=0.0000, personal_delta_pre_softmax_norm=0.0000, personal_delta_student_std=0.0000, alpha_head_std=0.1748
2026-04-12 07:11:44,282 - INFO - [assist_09|assist_09_abce_best_full|lr=0.0003|drop=0.20] [Diag][Graph] Epoch [017] | entropy_ratio=0.1525, diag_mass=0.2000, to_uniform_l2=0.070421, to_identity_l2=0.099515, tau_mean=0.5459, tau_std=0.0258, graph_reg_scale(train/val)=1.0000/1.0000
2026-04-12 07:11:44,282 - WARNING - [assist_09|assist_09_abce_best_full|lr=0.0003|drop=0.20] [Diag Warning][E] personal_delta_student_std is near zero: personal_delta_student_std=0.000000, personal_delta_pre_softmax_norm=0.000000
2026-04-12 07:11:44,282 - INFO - [assist_09|assist_09_abce_best_full|lr=0.0003|drop=0.20] [Grad Norms] Epoch [017] | relation_emb=1.349836e-02, relation_tau=2.735813e-03, relation_wq=8.377526e-04, relation_wk=5.816771e-04, personal_u=0.000000e+00, personal_v=0.000000e+00, personal_alpha_bias=1.125365e-02, personal_gate_emb=0.000000e+00, personal_gate_student_proj=0.000000e+00, personal_gate_context_proj=1.375780e-05, personal_gate_student_direct=0.000000e+00, personal_gate_context_direct=5.681032e-06, personal_gate_out=1.467040e-05, personal_generator_emb=0.000000e+00, personal_generator_context_proj=0.000000e+00, personal_generator_context_hidden=0.000000e+00, personal_generator_context_to_u=0.000000e+00, personal_generator_context_to_v=0.000000e+00
2026-04-12 07:11:44,282 - INFO - [assist_09|assist_09_abce_best_full|lr=0.0003|drop=0.20] -> No improvement 1 epoch(s) (best AUC=0.7544 @ 16)
2026-04-12 07:12:33,176 - INFO - [assist_09|assist_09_abce_best_full|lr=0.0003|drop=0.20] Epoch [018/100] | Train: Loss=0.3437, BCE=0.4725, Reg=-0.1287, AUC=0.8281, ACC=0.7610, RMSE=0.3962 | Val: Loss=0.4121, BCE=0.5565, Reg=-0.1444, AUC=0.7556, ACC=0.7272, RMSE=0.4306
2026-04-12 07:12:33,176 - INFO - [assist_09|assist_09_abce_best_full|lr=0.0003|drop=0.20] [Reg Terms] Epoch [018] | Train: graph_entropy=0.000001, graph_diag=0.020000, graph_uniform=0.001193, graph_reg_scale=1.0000, prediction_l2=0.000001, personal_sparse=0.001499, alpha_var=-0.151438, alpha_collapse=0.000000, reg_bce_ratio=-0.2725 | Val: graph_entropy=0.000000, graph_diag=0.020000, graph_uniform=0.001187, graph_reg_scale=1.0000, prediction_l2=0.000001, personal_sparse=0.001479, alpha_var=-0.167114, alpha_collapse=0.000000, reg_bce_ratio=-0.2595
2026-04-12 07:12:33,445 - INFO - [assist_09|assist_09_abce_best_full|lr=0.0003|drop=0.20] [Diag][AE] Epoch [018] | irt_abs_mean=1.8418, irt_std=1.2277, personal_warmup_scale=1.00, graph_row_entropy=0.7393, graph_entropy_ratio=0.1536, alpha_mean=0.1750, alpha_std=0.1748, alpha_bias_std=2.3157, personal_row_entropy=0.7393, personal_matrix_delta=0.0000, personal_matrix_student_std=0.0000, personal_delta_pre_softmax_norm=0.0000, personal_delta_student_std=0.0000, alpha_head_std=0.1748
2026-04-12 07:12:33,446 - INFO - [assist_09|assist_09_abce_best_full|lr=0.0003|drop=0.20] [Diag][Graph] Epoch [018] | entropy_ratio=0.1536, diag_mass=0.2000, to_uniform_l2=0.070325, to_identity_l2=0.099447, tau_mean=0.5409, tau_std=0.0255, graph_reg_scale(train/val)=1.0000/1.0000
2026-04-12 07:12:33,446 - WARNING - [assist_09|assist_09_abce_best_full|lr=0.0003|drop=0.20] [Diag Warning][E] personal_delta_student_std is near zero: personal_delta_student_std=0.000000, personal_delta_pre_softmax_norm=0.000000
2026-04-12 07:12:33,446 - INFO - [assist_09|assist_09_abce_best_full|lr=0.0003|drop=0.20] [Grad Norms] Epoch [018] | relation_emb=8.229239e-03, relation_tau=1.080208e-03, relation_wq=5.041879e-04, relation_wk=2.211417e-04, personal_u=0.000000e+00, personal_v=0.000000e+00, personal_alpha_bias=1.245270e-02, personal_gate_emb=0.000000e+00, personal_gate_student_proj=0.000000e+00, personal_gate_context_proj=1.441311e-05, personal_gate_student_direct=0.000000e+00, personal_gate_context_direct=5.915131e-06, personal_gate_out=1.537436e-05, personal_generator_emb=0.000000e+00, personal_generator_context_proj=0.000000e+00, personal_generator_context_hidden=0.000000e+00, personal_generator_context_to_u=0.000000e+00, personal_generator_context_to_v=0.000000e+00
2026-04-12 07:12:33,775 - INFO - [assist_09|assist_09_abce_best_full|lr=0.0003|drop=0.20] -> New best AUC=0.7556 at epoch 18
2026-04-12 07:13:21,561 - INFO - [assist_09|assist_09_abce_best_full|lr=0.0003|drop=0.20] Epoch [019/100] | Train: Loss=0.3257, BCE=0.4706, Reg=-0.1449, AUC=0.8298, ACC=0.7618, RMSE=0.3954 | Val: Loss=0.3933, BCE=0.5551, Reg=-0.1618, AUC=0.7550, ACC=0.7255, RMSE=0.4302
2026-04-12 07:13:21,561 - INFO - [assist_09|assist_09_abce_best_full|lr=0.0003|drop=0.20] [Reg Terms] Epoch [019] | Train: graph_entropy=0.000001, graph_diag=0.020000, graph_uniform=0.001193, graph_reg_scale=1.0000, prediction_l2=0.000001, personal_sparse=0.001497, alpha_var=-0.167567, alpha_collapse=0.000000, reg_bce_ratio=-0.3078 | Val: graph_entropy=0.000000, graph_diag=0.020000, graph_uniform=0.001199, graph_reg_scale=1.0000, prediction_l2=0.000001, personal_sparse=0.001518, alpha_var=-0.184482, alpha_collapse=0.000000, reg_bce_ratio=-0.2914
2026-04-12 07:13:21,828 - INFO - [assist_09|assist_09_abce_best_full|lr=0.0003|drop=0.20] [Diag][AE] Epoch [019] | irt_abs_mean=1.7849, irt_std=1.1882, personal_warmup_scale=1.00, graph_row_entropy=0.7589, graph_entropy_ratio=0.1577, alpha_mean=0.1750, alpha_std=0.1748, alpha_bias_std=2.4333, personal_row_entropy=0.7590, personal_matrix_delta=0.0000, personal_matrix_student_std=0.0000, personal_delta_pre_softmax_norm=0.0000, personal_delta_student_std=0.0000, alpha_head_std=0.1748
2026-04-12 07:13:21,828 - INFO - [assist_09|assist_09_abce_best_full|lr=0.0003|drop=0.20] [Diag][Graph] Epoch [019] | entropy_ratio=0.1577, diag_mass=0.2000, to_uniform_l2=0.070025, to_identity_l2=0.099235, tau_mean=0.5361, tau_std=0.0259, graph_reg_scale(train/val)=1.0000/1.0000
2026-04-12 07:13:21,828 - WARNING - [assist_09|assist_09_abce_best_full|lr=0.0003|drop=0.20] [Diag Warning][E] personal_delta_student_std is near zero: personal_delta_student_std=0.000000, personal_delta_pre_softmax_norm=0.000000
2026-04-12 07:13:21,828 - INFO - [assist_09|assist_09_abce_best_full|lr=0.0003|drop=0.20] [Grad Norms] Epoch [019] | relation_emb=8.541975e-03, relation_tau=8.110585e-04, relation_wq=4.315802e-04, relation_wk=1.769070e-04, personal_u=0.000000e+00, personal_v=0.000000e+00, personal_alpha_bias=1.161185e-02, personal_gate_emb=0.000000e+00, personal_gate_student_proj=0.000000e+00, personal_gate_context_proj=1.507641e-05, personal_gate_student_direct=0.000000e+00, personal_gate_context_direct=6.212926e-06, personal_gate_out=1.608727e-05, personal_generator_emb=0.000000e+00, personal_generator_context_proj=0.000000e+00, personal_generator_context_hidden=0.000000e+00, personal_generator_context_to_u=0.000000e+00, personal_generator_context_to_v=0.000000e+00
2026-04-12 07:13:21,828 - INFO - [assist_09|assist_09_abce_best_full|lr=0.0003|drop=0.20] -> No improvement 1 epoch(s) (best AUC=0.7556 @ 18)
2026-04-12 07:14:10,018 - INFO - [assist_09|assist_09_abce_best_full|lr=0.0003|drop=0.20] Epoch [020/100] | Train: Loss=0.3063, BCE=0.4682, Reg=-0.1619, AUC=0.8319, ACC=0.7634, RMSE=0.3943 | Val: Loss=0.3822, BCE=0.5622, Reg=-0.1800, AUC=0.7557, ACC=0.7272, RMSE=0.4317
2026-04-12 07:14:10,018 - INFO - [assist_09|assist_09_abce_best_full|lr=0.0003|drop=0.20] [Reg Terms] Epoch [020] | Train: graph_entropy=0.000001, graph_diag=0.020000, graph_uniform=0.001194, graph_reg_scale=1.0000, prediction_l2=0.000001, personal_sparse=0.001500, alpha_var=-0.184576, alpha_collapse=0.000000, reg_bce_ratio=-0.3458 | Val: graph_entropy=0.000000, graph_diag=0.020000, graph_uniform=0.001208, graph_reg_scale=1.0000, prediction_l2=0.000001, personal_sparse=0.001541, alpha_var=-0.202705, alpha_collapse=0.000000, reg_bce_ratio=-0.3201
2026-04-12 07:14:10,280 - INFO - [assist_09|assist_09_abce_best_full|lr=0.0003|drop=0.20] [Diag][AE] Epoch [020] | irt_abs_mean=1.9990, irt_std=1.2936, personal_warmup_scale=1.00, graph_row_entropy=0.7706, graph_entropy_ratio=0.1601, alpha_mean=0.1750, alpha_std=0.1748, alpha_bias_std=2.5511, personal_row_entropy=0.7706, personal_matrix_delta=0.0000, personal_matrix_student_std=0.0000, personal_delta_pre_softmax_norm=0.0000, personal_delta_student_std=0.0000, alpha_head_std=0.1748
2026-04-12 07:14:10,280 - INFO - [assist_09|assist_09_abce_best_full|lr=0.0003|drop=0.20] [Diag][Graph] Epoch [020] | entropy_ratio=0.1601, diag_mass=0.2000, to_uniform_l2=0.069809, to_identity_l2=0.099083, tau_mean=0.5313, tau_std=0.0262, graph_reg_scale(train/val)=1.0000/1.0000
2026-04-12 07:14:10,281 - WARNING - [assist_09|assist_09_abce_best_full|lr=0.0003|drop=0.20] [Diag Warning][E] personal_delta_student_std is near zero: personal_delta_student_std=0.000000, personal_delta_pre_softmax_norm=0.000001
2026-04-12 07:14:10,281 - INFO - [assist_09|assist_09_abce_best_full|lr=0.0003|drop=0.20] [Grad Norms] Epoch [020] | relation_emb=7.682742e-03, relation_tau=3.806286e-03, relation_wq=8.844203e-04, relation_wk=8.157529e-04, personal_u=0.000000e+00, personal_v=0.000000e+00, personal_alpha_bias=1.833764e-02, personal_gate_emb=0.000000e+00, personal_gate_student_proj=0.000000e+00, personal_gate_context_proj=1.234672e-05, personal_gate_student_direct=0.000000e+00, personal_gate_context_direct=5.088054e-06, personal_gate_out=1.322734e-05, personal_generator_emb=0.000000e+00, personal_generator_context_proj=0.000000e+00, personal_generator_context_hidden=0.000000e+00, personal_generator_context_to_u=0.000000e+00, personal_generator_context_to_v=0.000000e+00
2026-04-12 07:14:10,669 - INFO - [assist_09|assist_09_abce_best_full|lr=0.0003|drop=0.20] -> New best AUC=0.7557 at epoch 20
2026-04-12 07:14:10,729 - INFO - [assist_09|assist_09_abce_best_full|lr=0.0003|drop=0.20] Checkpoint saved: checkpoints/abce_diag/ae_fix_20260412_fdafa52/assist_09/seed42/best_full/checkpoint_epoch_20.pth
2026-04-12 07:14:10,960 - INFO - [assist_09|assist_09_abce_best_full|lr=0.0003|drop=0.20] [Module Activity] Epoch 20: Graph[OK] Personal[X]
2026-04-12 07:14:58,313 - INFO - [assist_09|assist_09_abce_best_full|lr=0.0003|drop=0.20] Epoch [021/100] | Train: Loss=0.2873, BCE=0.4669, Reg=-0.1796, AUC=0.8329, ACC=0.7636, RMSE=0.3938 | Val: Loss=0.3582, BCE=0.5572, Reg=-0.1990, AUC=0.7552, ACC=0.7250, RMSE=0.4306
2026-04-12 07:14:58,313 - INFO - [assist_09|assist_09_abce_best_full|lr=0.0003|drop=0.20] [Reg Terms] Epoch [021] | Train: graph_entropy=0.000001, graph_diag=0.020000, graph_uniform=0.001195, graph_reg_scale=1.0000, prediction_l2=0.000001, personal_sparse=0.001503, alpha_var=-0.202304, alpha_collapse=0.000000, reg_bce_ratio=-0.3847 | Val: graph_entropy=0.000000, graph_diag=0.020000, graph_uniform=0.001200, graph_reg_scale=1.0000, prediction_l2=0.000001, personal_sparse=0.001519, alpha_var=-0.221748, alpha_collapse=0.000000, reg_bce_ratio=-0.3572
2026-04-12 07:14:58,495 - INFO - [assist_09|assist_09_abce_best_full|lr=0.0003|drop=0.20] [Diag][AE] Epoch [021] | irt_abs_mean=1.9232, irt_std=1.2684, personal_warmup_scale=1.00, graph_row_entropy=0.7597, graph_entropy_ratio=0.1579, alpha_mean=0.1750, alpha_std=0.1748, alpha_bias_std=2.6683, personal_row_entropy=0.7597, personal_matrix_delta=0.0000, personal_matrix_student_std=0.0000, personal_delta_pre_softmax_norm=0.0000, personal_delta_student_std=0.0000, alpha_head_std=0.1748
2026-04-12 07:14:58,495 - INFO - [assist_09|assist_09_abce_best_full|lr=0.0003|drop=0.20] [Diag][Graph] Epoch [021] | entropy_ratio=0.1579, diag_mass=0.2000, to_uniform_l2=0.070008, to_identity_l2=0.099223, tau_mean=0.5263, tau_std=0.0259, graph_reg_scale(train/val)=1.0000/1.0000
2026-04-12 07:14:58,495 - WARNING - [assist_09|assist_09_abce_best_full|lr=0.0003|drop=0.20] [Diag Warning][E] personal_delta_student_std is near zero: personal_delta_student_std=0.000000, personal_delta_pre_softmax_norm=0.000000
2026-04-12 07:14:58,496 - INFO - [assist_09|assist_09_abce_best_full|lr=0.0003|drop=0.20] [Grad Norms] Epoch [021] | relation_emb=9.998098e-03, relation_tau=3.534562e-03, relation_wq=8.334095e-04, relation_wk=6.973842e-04, personal_u=0.000000e+00, personal_v=0.000000e+00, personal_alpha_bias=1.288878e-02, personal_gate_emb=0.000000e+00, personal_gate_student_proj=0.000000e+00, personal_gate_context_proj=1.362632e-05, personal_gate_student_direct=0.000000e+00, personal_gate_context_direct=5.609671e-06, personal_gate_out=1.456758e-05, personal_generator_emb=0.000000e+00, personal_generator_context_proj=0.000000e+00, personal_generator_context_hidden=0.000000e+00, personal_generator_context_to_u=0.000000e+00, personal_generator_context_to_v=0.000000e+00
2026-04-12 07:14:58,496 - INFO - [assist_09|assist_09_abce_best_full|lr=0.0003|drop=0.20] -> No improvement 1 epoch(s) (best AUC=0.7557 @ 20)
2026-04-12 07:15:46,214 - INFO - [assist_09|assist_09_abce_best_full|lr=0.0003|drop=0.20] Epoch [022/100] | Train: Loss=0.2666, BCE=0.4648, Reg=-0.1982, AUC=0.8346, ACC=0.7654, RMSE=0.3928 | Val: Loss=0.3399, BCE=0.5589, Reg=-0.2190, AUC=0.7563, ACC=0.7264, RMSE=0.4306
2026-04-12 07:15:46,214 - INFO - [assist_09|assist_09_abce_best_full|lr=0.0003|drop=0.20] [Reg Terms] Epoch [022] | Train: graph_entropy=0.000001, graph_diag=0.020000, graph_uniform=0.001194, graph_reg_scale=1.0000, prediction_l2=0.000001, personal_sparse=0.001498, alpha_var=-0.220870, alpha_collapse=0.000000, reg_bce_ratio=-0.4264 | Val: graph_entropy=0.000000, graph_diag=0.020000, graph_uniform=0.001188, graph_reg_scale=1.0000, prediction_l2=0.000001, personal_sparse=0.001477, alpha_var=-0.241627, alpha_collapse=0.000000, reg_bce_ratio=-0.3918
2026-04-12 07:15:46,484 - INFO - [assist_09|assist_09_abce_best_full|lr=0.0003|drop=0.20] [Diag][AE] Epoch [022] | irt_abs_mean=1.9251, irt_std=1.2754, personal_warmup_scale=1.00, graph_row_entropy=0.7385, graph_entropy_ratio=0.1535, alpha_mean=0.1750, alpha_std=0.1748, alpha_bias_std=2.7847, personal_row_entropy=0.7385, personal_matrix_delta=0.0000, personal_matrix_student_std=0.0000, personal_delta_pre_softmax_norm=0.0000, personal_delta_student_std=0.0000, alpha_head_std=0.1748
2026-04-12 07:15:46,484 - INFO - [assist_09|assist_09_abce_best_full|lr=0.0003|drop=0.20] [Diag][Graph] Epoch [022] | entropy_ratio=0.1535, diag_mass=0.2000, to_uniform_l2=0.070302, to_identity_l2=0.099431, tau_mean=0.5212, tau_std=0.0262, graph_reg_scale(train/val)=1.0000/1.0000
2026-04-12 07:15:46,484 - WARNING - [assist_09|assist_09_abce_best_full|lr=0.0003|drop=0.20] [Diag Warning][E] personal_delta_student_std is near zero: personal_delta_student_std=0.000000, personal_delta_pre_softmax_norm=0.000006
2026-04-12 07:15:46,484 - INFO - [assist_09|assist_09_abce_best_full|lr=0.0003|drop=0.20] [Grad Norms] Epoch [022] | relation_emb=1.004294e-02, relation_tau=1.316011e-03, relation_wq=4.994816e-04, relation_wk=2.258566e-04, personal_u=0.000000e+00, personal_v=0.000000e+00, personal_alpha_bias=1.700159e-02, personal_gate_emb=0.000000e+00, personal_gate_student_proj=0.000000e+00, personal_gate_context_proj=1.159591e-05, personal_gate_student_direct=0.000000e+00, personal_gate_context_direct=4.780877e-06, personal_gate_out=1.239874e-05, personal_generator_emb=0.000000e+00, personal_generator_context_proj=0.000000e+00, personal_generator_context_hidden=0.000000e+00, personal_generator_context_to_u=0.000000e+00, personal_generator_context_to_v=0.000000e+00
2026-04-12 07:15:46,815 - INFO - [assist_09|assist_09_abce_best_full|lr=0.0003|drop=0.20] -> New best AUC=0.7563 at epoch 22
2026-04-12 07:16:34,131 - INFO - [assist_09|assist_09_abce_best_full|lr=0.0003|drop=0.20] Epoch [023/100] | Train: Loss=0.2460, BCE=0.4635, Reg=-0.2175, AUC=0.8358, ACC=0.7650, RMSE=0.3922 | Val: Loss=0.3220, BCE=0.5616, Reg=-0.2397, AUC=0.7563, ACC=0.7260, RMSE=0.4314
2026-04-12 07:16:34,131 - INFO - [assist_09|assist_09_abce_best_full|lr=0.0003|drop=0.20] [Reg Terms] Epoch [023] | Train: graph_entropy=0.000001, graph_diag=0.020000, graph_uniform=0.001193, graph_reg_scale=1.0000, prediction_l2=0.000001, personal_sparse=0.001493, alpha_var=-0.240208, alpha_collapse=0.000000, reg_bce_ratio=-0.4693 | Val: graph_entropy=0.000000, graph_diag=0.020000, graph_uniform=0.001203, graph_reg_scale=1.0000, prediction_l2=0.000001, personal_sparse=0.001526, alpha_var=-0.262380, alpha_collapse=0.000000, reg_bce_ratio=-0.4267
2026-04-12 07:16:34,432 - INFO - [assist_09|assist_09_abce_best_full|lr=0.0003|drop=0.20] [Diag][AE] Epoch [023] | irt_abs_mean=2.0309, irt_std=1.3258, personal_warmup_scale=1.00, graph_row_entropy=0.7628, graph_entropy_ratio=0.1585, alpha_mean=0.1750, alpha_std=0.1748, alpha_bias_std=2.9027, personal_row_entropy=0.7629, personal_matrix_delta=0.0000, personal_matrix_student_std=0.0000, personal_delta_pre_softmax_norm=0.0000, personal_delta_student_std=0.0000, alpha_head_std=0.1748
2026-04-12 07:16:34,433 - INFO - [assist_09|assist_09_abce_best_full|lr=0.0003|drop=0.20] [Diag][Graph] Epoch [023] | entropy_ratio=0.1585, diag_mass=0.2000, to_uniform_l2=0.069934, to_identity_l2=0.099171, tau_mean=0.5167, tau_std=0.0259, graph_reg_scale(train/val)=1.0000/1.0000
2026-04-12 07:16:34,433 - WARNING - [assist_09|assist_09_abce_best_full|lr=0.0003|drop=0.20] [Diag Warning][E] personal_delta_student_std is near zero: personal_delta_student_std=0.000000, personal_delta_pre_softmax_norm=0.000000
2026-04-12 07:16:34,433 - INFO - [assist_09|assist_09_abce_best_full|lr=0.0003|drop=0.20] [Grad Norms] Epoch [023] | relation_emb=7.110452e-03, relation_tau=1.544934e-03, relation_wq=6.444020e-04, relation_wk=3.450793e-04, personal_u=0.000000e+00, personal_v=0.000000e+00, personal_alpha_bias=1.280894e-02, personal_gate_emb=0.000000e+00, personal_gate_student_proj=0.000000e+00, personal_gate_context_proj=1.813617e-05, personal_gate_student_direct=0.000000e+00, personal_gate_context_direct=7.471153e-06, personal_gate_out=1.941993e-05, personal_generator_emb=0.000000e+00, personal_generator_context_proj=0.000000e+00, personal_generator_context_hidden=0.000000e+00, personal_generator_context_to_u=0.000000e+00, personal_generator_context_to_v=0.000000e+00
2026-04-12 07:16:34,433 - INFO - [assist_09|assist_09_abce_best_full|lr=0.0003|drop=0.20] -> No improvement 1 epoch(s) (best AUC=0.7563 @ 22)
2026-04-12 07:17:20,780 - INFO - [assist_09|assist_09_abce_best_full|lr=0.0003|drop=0.20] Epoch [024/100] | Train: Loss=0.2242, BCE=0.4619, Reg=-0.2377, AUC=0.8371, ACC=0.7658, RMSE=0.3915 | Val: Loss=0.3005, BCE=0.5617, Reg=-0.2612, AUC=0.7569, ACC=0.7278, RMSE=0.4311
2026-04-12 07:17:20,780 - INFO - [assist_09|assist_09_abce_best_full|lr=0.0003|drop=0.20] [Reg Terms] Epoch [024] | Train: graph_entropy=0.000001, graph_diag=0.020000, graph_uniform=0.001193, graph_reg_scale=1.0000, prediction_l2=0.000001, personal_sparse=0.001494, alpha_var=-0.260392, alpha_collapse=0.000000, reg_bce_ratio=-0.5147 | Val: graph_entropy=0.000000, graph_diag=0.020000, graph_uniform=0.001205, graph_reg_scale=1.0000, prediction_l2=0.000001, personal_sparse=0.001533, alpha_var=-0.283925, alpha_collapse=0.000000, reg_bce_ratio=-0.4650
2026-04-12 07:17:21,047 - INFO - [assist_09|assist_09_abce_best_full|lr=0.0003|drop=0.20] [Diag][AE] Epoch [024] | irt_abs_mean=2.0836, irt_std=1.3432, personal_warmup_scale=1.00, graph_row_entropy=0.7666, graph_entropy_ratio=0.1593, alpha_mean=0.1750, alpha_std=0.1749, alpha_bias_std=3.0197, personal_row_entropy=0.7666, personal_matrix_delta=0.0000, personal_matrix_student_std=0.0000, personal_delta_pre_softmax_norm=0.0000, personal_delta_student_std=0.0000, alpha_head_std=0.1749
2026-04-12 07:17:21,048 - INFO - [assist_09|assist_09_abce_best_full|lr=0.0003|drop=0.20] [Diag][Graph] Epoch [024] | entropy_ratio=0.1593, diag_mass=0.2000, to_uniform_l2=0.069880, to_identity_l2=0.099133, tau_mean=0.5117, tau_std=0.0256, graph_reg_scale(train/val)=1.0000/1.0000
2026-04-12 07:17:21,048 - WARNING - [assist_09|assist_09_abce_best_full|lr=0.0003|drop=0.20] [Diag Warning][E] personal_delta_student_std is near zero: personal_delta_student_std=0.000000, personal_delta_pre_softmax_norm=0.000000
2026-04-12 07:17:21,048 - INFO - [assist_09|assist_09_abce_best_full|lr=0.0003|drop=0.20] [Grad Norms] Epoch [024] | relation_emb=8.077415e-03, relation_tau=2.155272e-03, relation_wq=6.669255e-04, relation_wk=3.448183e-04, personal_u=0.000000e+00, personal_v=0.000000e+00, personal_alpha_bias=1.612453e-02, personal_gate_emb=0.000000e+00, personal_gate_student_proj=0.000000e+00, personal_gate_context_proj=1.371298e-05, personal_gate_student_direct=0.000000e+00, personal_gate_context_direct=5.627402e-06, personal_gate_out=1.465357e-05, personal_generator_emb=0.000000e+00, personal_generator_context_proj=0.000000e+00, personal_generator_context_hidden=0.000000e+00, personal_generator_context_to_u=0.000000e+00, personal_generator_context_to_v=0.000000e+00
2026-04-12 07:17:21,372 - INFO - [assist_09|assist_09_abce_best_full|lr=0.0003|drop=0.20] -> New best AUC=0.7569 at epoch 24
2026-04-12 07:18:08,818 - INFO - [assist_09|assist_09_abce_best_full|lr=0.0003|drop=0.20] Epoch [025/100] | Train: Loss=0.2017, BCE=0.4604, Reg=-0.2587, AUC=0.8381, ACC=0.7661, RMSE=0.3910 | Val: Loss=0.2819, BCE=0.5656, Reg=-0.2837, AUC=0.7570, ACC=0.7268, RMSE=0.4321
2026-04-12 07:18:08,818 - INFO - [assist_09|assist_09_abce_best_full|lr=0.0003|drop=0.20] [Reg Terms] Epoch [025] | Train: graph_entropy=0.000000, graph_diag=0.020000, graph_uniform=0.001195, graph_reg_scale=1.0000, prediction_l2=0.000001, personal_sparse=0.001497, alpha_var=-0.281347, alpha_collapse=0.000000, reg_bce_ratio=-0.5618 | Val: graph_entropy=0.000000, graph_diag=0.020000, graph_uniform=0.001180, graph_reg_scale=1.0000, prediction_l2=0.000001, personal_sparse=0.001448, alpha_var=-0.306298, alpha_collapse=0.000000, reg_bce_ratio=-0.5015
2026-04-12 07:18:09,083 - INFO - [assist_09|assist_09_abce_best_full|lr=0.0003|drop=0.20] [Diag][AE] Epoch [025] | irt_abs_mean=2.1016, irt_std=1.3791, personal_warmup_scale=1.00, graph_row_entropy=0.7239, graph_entropy_ratio=0.1504, alpha_mean=0.1750, alpha_std=0.1749, alpha_bias_std=3.1371, personal_row_entropy=0.7239, personal_matrix_delta=0.0000, personal_matrix_student_std=0.0000, personal_delta_pre_softmax_norm=0.0000, personal_delta_student_std=0.0000, alpha_head_std=0.1749
2026-04-12 07:18:09,084 - INFO - [assist_09|assist_09_abce_best_full|lr=0.0003|drop=0.20] [Diag][Graph] Epoch [025] | entropy_ratio=0.1504, diag_mass=0.2000, to_uniform_l2=0.070508, to_identity_l2=0.099577, tau_mean=0.5062, tau_std=0.0255, graph_reg_scale(train/val)=1.0000/1.0000
2026-04-12 07:18:09,084 - WARNING - [assist_09|assist_09_abce_best_full|lr=0.0003|drop=0.20] [Diag Warning][E] personal_delta_student_std is near zero: personal_delta_student_std=0.000000, personal_delta_pre_softmax_norm=0.000000
2026-04-12 07:18:09,084 - INFO - [assist_09|assist_09_abce_best_full|lr=0.0003|drop=0.20] [Grad Norms] Epoch [025] | relation_emb=1.066565e-02, relation_tau=2.022884e-03, relation_wq=8.004148e-04, relation_wk=4.399073e-04, personal_u=0.000000e+00, personal_v=0.000000e+00, personal_alpha_bias=2.090121e-02, personal_gate_emb=0.000000e+00, personal_gate_student_proj=0.000000e+00, personal_gate_context_proj=1.230302e-05, personal_gate_student_direct=0.000000e+00, personal_gate_context_direct=5.065097e-06, personal_gate_out=1.318967e-05, personal_generator_emb=0.000000e+00, personal_generator_context_proj=0.000000e+00, personal_generator_context_hidden=0.000000e+00, personal_generator_context_to_u=0.000000e+00, personal_generator_context_to_v=0.000000e+00
2026-04-12 07:18:09,425 - INFO - [assist_09|assist_09_abce_best_full|lr=0.0003|drop=0.20] -> New best AUC=0.7570 at epoch 25
2026-04-12 07:18:55,840 - INFO - [assist_09|assist_09_abce_best_full|lr=0.0003|drop=0.20] Epoch [026/100] | Train: Loss=0.1789, BCE=0.4592, Reg=-0.2804, AUC=0.8392, ACC=0.7674, RMSE=0.3903 | Val: Loss=0.2529, BCE=0.5598, Reg=-0.3069, AUC=0.7566, ACC=0.7262, RMSE=0.4308
2026-04-12 07:18:55,841 - INFO - [assist_09|assist_09_abce_best_full|lr=0.0003|drop=0.20] [Reg Terms] Epoch [026] | Train: graph_entropy=0.000001, graph_diag=0.020000, graph_uniform=0.001194, graph_reg_scale=1.0000, prediction_l2=0.000001, personal_sparse=0.001494, alpha_var=-0.303052, alpha_collapse=0.000000, reg_bce_ratio=-0.6105 | Val: graph_entropy=0.000000, graph_diag=0.020000, graph_uniform=0.001182, graph_reg_scale=1.0000, prediction_l2=0.000001, personal_sparse=0.001453, alpha_var=-0.329505, alpha_collapse=0.000000, reg_bce_ratio=-0.5482
2026-04-12 07:18:56,115 - INFO - [assist_09|assist_09_abce_best_full|lr=0.0003|drop=0.20] [Diag][AE] Epoch [026] | irt_abs_mean=2.0168, irt_std=1.3885, personal_warmup_scale=1.00, graph_row_entropy=0.7263, graph_entropy_ratio=0.1509, alpha_mean=0.1750, alpha_std=0.1749, alpha_bias_std=3.2551, personal_row_entropy=0.7263, personal_matrix_delta=0.0000, personal_matrix_student_std=0.0000, personal_delta_pre_softmax_norm=0.0000, personal_delta_student_std=0.0000, alpha_head_std=0.1749
2026-04-12 07:18:56,116 - INFO - [assist_09|assist_09_abce_best_full|lr=0.0003|drop=0.20] [Diag][Graph] Epoch [026] | entropy_ratio=0.1509, diag_mass=0.2000, to_uniform_l2=0.070446, to_identity_l2=0.099533, tau_mean=0.5013, tau_std=0.0252, graph_reg_scale(train/val)=1.0000/1.0000
2026-04-12 07:18:56,116 - WARNING - [assist_09|assist_09_abce_best_full|lr=0.0003|drop=0.20] [Diag Warning][E] personal_delta_student_std is near zero: personal_delta_student_std=0.000000, personal_delta_pre_softmax_norm=0.000000
2026-04-12 07:18:56,116 - INFO - [assist_09|assist_09_abce_best_full|lr=0.0003|drop=0.20] [Grad Norms] Epoch [026] | relation_emb=5.638133e-03, relation_tau=1.166076e-03, relation_wq=3.972434e-04, relation_wk=2.460541e-04, personal_u=0.000000e+00, personal_v=0.000000e+00, personal_alpha_bias=1.717588e-02, personal_gate_emb=0.000000e+00, personal_gate_student_proj=0.000000e+00, personal_gate_context_proj=1.675962e-05, personal_gate_student_direct=0.000000e+00, personal_gate_context_direct=7.116522e-06, personal_gate_out=1.846627e-05, personal_generator_emb=0.000000e+00, personal_generator_context_proj=0.000000e+00, personal_generator_context_hidden=0.000000e+00, personal_generator_context_to_u=0.000000e+00, personal_generator_context_to_v=0.000000e+00
2026-04-12 07:18:56,116 - INFO - [assist_09|assist_09_abce_best_full|lr=0.0003|drop=0.20] -> No improvement 1 epoch(s) (best AUC=0.7570 @ 25)
2026-04-12 07:19:42,342 - INFO - [assist_09|assist_09_abce_best_full|lr=0.0003|drop=0.20] Epoch [027/100] | Train: Loss=0.1546, BCE=0.4575, Reg=-0.3029, AUC=0.8406, ACC=0.7686, RMSE=0.3895 | Val: Loss=0.2336, BCE=0.5645, Reg=-0.3309, AUC=0.7579, ACC=0.7275, RMSE=0.4317
2026-04-12 07:19:42,342 - INFO - [assist_09|assist_09_abce_best_full|lr=0.0003|drop=0.20] [Reg Terms] Epoch [027] | Train: graph_entropy=0.000001, graph_diag=0.020000, graph_uniform=0.001195, graph_reg_scale=1.0000, prediction_l2=0.000001, personal_sparse=0.001497, alpha_var=-0.325591, alpha_collapse=0.000000, reg_bce_ratio=-0.6621 | Val: graph_entropy=0.000000, graph_diag=0.020000, graph_uniform=0.001185, graph_reg_scale=1.0000, prediction_l2=0.000001, personal_sparse=0.001466, alpha_var=-0.353567, alpha_collapse=0.000000, reg_bce_ratio=-0.5862
2026-04-12 07:19:42,642 - INFO - [assist_09|assist_09_abce_best_full|lr=0.0003|drop=0.20] [Diag][AE] Epoch [027] | irt_abs_mean=2.0245, irt_std=1.4112, personal_warmup_scale=1.00, graph_row_entropy=0.7332, graph_entropy_ratio=0.1524, alpha_mean=0.1750, alpha_std=0.1749, alpha_bias_std=3.3715, personal_row_entropy=0.7332, personal_matrix_delta=0.0000, personal_matrix_student_std=0.0000, personal_delta_pre_softmax_norm=0.0000, personal_delta_student_std=0.0000, alpha_head_std=0.1749
2026-04-12 07:19:42,643 - INFO - [assist_09|assist_09_abce_best_full|lr=0.0003|drop=0.20] [Diag][Graph] Epoch [027] | entropy_ratio=0.1524, diag_mass=0.2000, to_uniform_l2=0.070379, to_identity_l2=0.099486, tau_mean=0.4968, tau_std=0.0250, graph_reg_scale(train/val)=1.0000/1.0000
2026-04-12 07:19:42,643 - WARNING - [assist_09|assist_09_abce_best_full|lr=0.0003|drop=0.20] [Diag Warning][E] personal_delta_student_std is near zero: personal_delta_student_std=0.000000, personal_delta_pre_softmax_norm=0.000000
2026-04-12 07:19:42,643 - INFO - [assist_09|assist_09_abce_best_full|lr=0.0003|drop=0.20] [Grad Norms] Epoch [027] | relation_emb=1.394658e-02, relation_tau=2.095877e-03, relation_wq=7.831814e-04, relation_wk=4.579736e-04, personal_u=0.000000e+00, personal_v=0.000000e+00, personal_alpha_bias=1.807487e-02, personal_gate_emb=0.000000e+00, personal_gate_student_proj=0.000000e+00, personal_gate_context_proj=1.171373e-05, personal_gate_student_direct=0.000000e+00, personal_gate_context_direct=4.843193e-06, personal_gate_out=1.255041e-05, personal_generator_emb=0.000000e+00, personal_generator_context_proj=0.000000e+00, personal_generator_context_hidden=0.000000e+00, personal_generator_context_to_u=0.000000e+00, personal_generator_context_to_v=0.000000e+00
2026-04-12 07:19:42,975 - INFO - [assist_09|assist_09_abce_best_full|lr=0.0003|drop=0.20] -> New best AUC=0.7579 at epoch 27
2026-04-12 07:20:29,330 - INFO - [assist_09|assist_09_abce_best_full|lr=0.0003|drop=0.20] Epoch [028/100] | Train: Loss=0.1301, BCE=0.4563, Reg=-0.3262, AUC=0.8414, ACC=0.7694, RMSE=0.3890 | Val: Loss=0.2076, BCE=0.5634, Reg=-0.3557, AUC=0.7575, ACC=0.7278, RMSE=0.4312
2026-04-12 07:20:29,330 - INFO - [assist_09|assist_09_abce_best_full|lr=0.0003|drop=0.20] [Reg Terms] Epoch [028] | Train: graph_entropy=0.000001, graph_diag=0.020000, graph_uniform=0.001194, graph_reg_scale=1.0000, prediction_l2=0.000001, personal_sparse=0.001493, alpha_var=-0.348885, alpha_collapse=0.000000, reg_bce_ratio=-0.7149 | Val: graph_entropy=0.000000, graph_diag=0.020000, graph_uniform=0.001190, graph_reg_scale=1.0000, prediction_l2=0.000001, personal_sparse=0.001483, alpha_var=-0.378410, alpha_collapse=0.000000, reg_bce_ratio=-0.6314
2026-04-12 07:20:29,608 - INFO - [assist_09|assist_09_abce_best_full|lr=0.0003|drop=0.20] [Diag][AE] Epoch [028] | irt_abs_mean=2.0828, irt_std=1.4387, personal_warmup_scale=1.00, graph_row_entropy=0.7412, graph_entropy_ratio=0.1540, alpha_mean=0.1750, alpha_std=0.1749, alpha_bias_std=3.4875, personal_row_entropy=0.7413, personal_matrix_delta=0.0000, personal_matrix_student_std=0.0000, personal_delta_pre_softmax_norm=0.0000, personal_delta_student_std=0.0000, alpha_head_std=0.1749
2026-04-12 07:20:29,609 - INFO - [assist_09|assist_09_abce_best_full|lr=0.0003|drop=0.20] [Diag][Graph] Epoch [028] | entropy_ratio=0.1540, diag_mass=0.2000, to_uniform_l2=0.070243, to_identity_l2=0.099389, tau_mean=0.4924, tau_std=0.0247, graph_reg_scale(train/val)=1.0000/1.0000
2026-04-12 07:20:29,609 - WARNING - [assist_09|assist_09_abce_best_full|lr=0.0003|drop=0.20] [Diag Warning][E] personal_delta_student_std is near zero: personal_delta_student_std=0.000000, personal_delta_pre_softmax_norm=0.000002
2026-04-12 07:20:29,609 - INFO - [assist_09|assist_09_abce_best_full|lr=0.0003|drop=0.20] [Grad Norms] Epoch [028] | relation_emb=1.628748e-02, relation_tau=5.077649e-03, relation_wq=1.430575e-03, relation_wk=8.107352e-04, personal_u=0.000000e+00, personal_v=0.000000e+00, personal_alpha_bias=1.876854e-02, personal_gate_emb=0.000000e+00, personal_gate_student_proj=0.000000e+00, personal_gate_context_proj=1.810414e-05, personal_gate_student_direct=0.000000e+00, personal_gate_context_direct=7.549016e-06, personal_gate_out=1.964588e-05, personal_generator_emb=0.000000e+00, personal_generator_context_proj=0.000000e+00, personal_generator_context_hidden=0.000000e+00, personal_generator_context_to_u=0.000000e+00, personal_generator_context_to_v=0.000000e+00
2026-04-12 07:20:29,609 - INFO - [assist_09|assist_09_abce_best_full|lr=0.0003|drop=0.20] -> No improvement 1 epoch(s) (best AUC=0.7579 @ 27)
2026-04-12 07:21:16,626 - INFO - [assist_09|assist_09_abce_best_full|lr=0.0003|drop=0.20] Epoch [029/100] | Train: Loss=0.1049, BCE=0.4552, Reg=-0.3503, AUC=0.8425, ACC=0.7693, RMSE=0.3886 | Val: Loss=0.1787, BCE=0.5601, Reg=-0.3814, AUC=0.7571, ACC=0.7281, RMSE=0.4303
2026-04-12 07:21:16,626 - INFO - [assist_09|assist_09_abce_best_full|lr=0.0003|drop=0.20] [Reg Terms] Epoch [029] | Train: graph_entropy=0.000000, graph_diag=0.020000, graph_uniform=0.001195, graph_reg_scale=1.0000, prediction_l2=0.000001, personal_sparse=0.001495, alpha_var=-0.372971, alpha_collapse=0.000000, reg_bce_ratio=-0.7695 | Val: graph_entropy=0.000000, graph_diag=0.020000, graph_uniform=0.001191, graph_reg_scale=1.0000, prediction_l2=0.000001, personal_sparse=0.001478, alpha_var=-0.404085, alpha_collapse=0.000000, reg_bce_ratio=-0.6809
2026-04-12 07:21:16,900 - INFO - [assist_09|assist_09_abce_best_full|lr=0.0003|drop=0.20] [Diag][AE] Epoch [029] | irt_abs_mean=2.0440, irt_std=1.4222, personal_warmup_scale=1.00, graph_row_entropy=0.7389, graph_entropy_ratio=0.1536, alpha_mean=0.1750, alpha_std=0.1749, alpha_bias_std=3.6055, personal_row_entropy=0.7390, personal_matrix_delta=0.0000, personal_matrix_student_std=0.0000, personal_delta_pre_softmax_norm=0.0000, personal_delta_student_std=0.0000, alpha_head_std=0.1749
2026-04-12 07:21:16,901 - INFO - [assist_09|assist_09_abce_best_full|lr=0.0003|drop=0.20] [Diag][Graph] Epoch [029] | entropy_ratio=0.1536, diag_mass=0.2000, to_uniform_l2=0.070231, to_identity_l2=0.099381, tau_mean=0.4878, tau_std=0.0247, graph_reg_scale(train/val)=1.0000/1.0000
2026-04-12 07:21:16,901 - WARNING - [assist_09|assist_09_abce_best_full|lr=0.0003|drop=0.20] [Diag Warning][E] personal_delta_student_std is near zero: personal_delta_student_std=0.000000, personal_delta_pre_softmax_norm=0.000000
2026-04-12 07:21:16,901 - INFO - [assist_09|assist_09_abce_best_full|lr=0.0003|drop=0.20] [Grad Norms] Epoch [029] | relation_emb=6.651565e-03, relation_tau=7.966023e-04, relation_wq=3.894604e-04, relation_wk=1.529899e-04, personal_u=0.000000e+00, personal_v=0.000000e+00, personal_alpha_bias=1.864412e-02, personal_gate_emb=0.000000e+00, personal_gate_student_proj=0.000000e+00, personal_gate_context_proj=1.581011e-05, personal_gate_student_direct=0.000000e+00, personal_gate_context_direct=6.511726e-06, personal_gate_out=1.688444e-05, personal_generator_emb=0.000000e+00, personal_generator_context_proj=0.000000e+00, personal_generator_context_hidden=0.000000e+00, personal_generator_context_to_u=0.000000e+00, personal_generator_context_to_v=0.000000e+00
2026-04-12 07:21:16,901 - INFO - [assist_09|assist_09_abce_best_full|lr=0.0003|drop=0.20] -> No improvement 2 epoch(s) (best AUC=0.7579 @ 27)
2026-04-12 07:22:04,010 - INFO - [assist_09|assist_09_abce_best_full|lr=0.0003|drop=0.20] Epoch [030/100] | Train: Loss=0.0787, BCE=0.4538, Reg=-0.3752, AUC=0.8436, ACC=0.7704, RMSE=0.3879 | Val: Loss=0.1556, BCE=0.5635, Reg=-0.4079, AUC=0.7582, ACC=0.7272, RMSE=0.4311
2026-04-12 07:22:04,010 - INFO - [assist_09|assist_09_abce_best_full|lr=0.0003|drop=0.20] [Reg Terms] Epoch [030] | Train: graph_entropy=0.000001, graph_diag=0.020000, graph_uniform=0.001195, graph_reg_scale=1.0000, prediction_l2=0.000001, personal_sparse=0.001493, alpha_var=-0.397867, alpha_collapse=0.000000, reg_bce_ratio=-0.8267 | Val: graph_entropy=0.000000, graph_diag=0.020000, graph_uniform=0.001197, graph_reg_scale=1.0000, prediction_l2=0.000001, personal_sparse=0.001501, alpha_var=-0.430610, alpha_collapse=0.000000, reg_bce_ratio=-0.7239
2026-04-12 07:22:04,267 - INFO - [assist_09|assist_09_abce_best_full|lr=0.0003|drop=0.20] [Diag][AE] Epoch [030] | irt_abs_mean=2.0562, irt_std=1.4016, personal_warmup_scale=1.00, graph_row_entropy=0.7504, graph_entropy_ratio=0.1559, alpha_mean=0.1750, alpha_std=0.1749, alpha_bias_std=3.7223, personal_row_entropy=0.7504, personal_matrix_delta=0.0000, personal_matrix_student_std=0.0000, personal_delta_pre_softmax_norm=0.0000, personal_delta_student_std=0.0000, alpha_head_std=0.1749
2026-04-12 07:22:04,267 - INFO - [assist_09|assist_09_abce_best_full|lr=0.0003|drop=0.20] [Diag][Graph] Epoch [030] | entropy_ratio=0.1559, diag_mass=0.2000, to_uniform_l2=0.070082, to_identity_l2=0.099275, tau_mean=0.4831, tau_std=0.0246, graph_reg_scale(train/val)=1.0000/1.0000
2026-04-12 07:22:04,267 - WARNING - [assist_09|assist_09_abce_best_full|lr=0.0003|drop=0.20] [Diag Warning][E] personal_delta_student_std is near zero: personal_delta_student_std=0.000000, personal_delta_pre_softmax_norm=0.000000
2026-04-12 07:22:04,267 - INFO - [assist_09|assist_09_abce_best_full|lr=0.0003|drop=0.20] [Grad Norms] Epoch [030] | relation_emb=1.718284e-02, relation_tau=1.207576e-03, relation_wq=6.782928e-04, relation_wk=2.699296e-04, personal_u=0.000000e+00, personal_v=0.000000e+00, personal_alpha_bias=1.981454e-02, personal_gate_emb=0.000000e+00, personal_gate_student_proj=0.000000e+00, personal_gate_context_proj=1.283378e-05, personal_gate_student_direct=0.000000e+00, personal_gate_context_direct=5.222255e-06, personal_gate_out=1.371344e-05, personal_generator_emb=0.000000e+00, personal_generator_context_proj=0.000000e+00, personal_generator_context_hidden=0.000000e+00, personal_generator_context_to_u=0.000000e+00, personal_generator_context_to_v=0.000000e+00
2026-04-12 07:22:04,600 - INFO - [assist_09|assist_09_abce_best_full|lr=0.0003|drop=0.20] -> New best AUC=0.7582 at epoch 30
2026-04-12 07:22:04,651 - INFO - [assist_09|assist_09_abce_best_full|lr=0.0003|drop=0.20] Checkpoint saved: checkpoints/abce_diag/ae_fix_20260412_fdafa52/assist_09/seed42/best_full/checkpoint_epoch_30.pth
2026-04-12 07:22:04,907 - INFO - [assist_09|assist_09_abce_best_full|lr=0.0003|drop=0.20] [Module Activity] Epoch 30: Graph[OK] Personal[X]
2026-04-12 07:22:52,230 - INFO - [assist_09|assist_09_abce_best_full|lr=0.0003|drop=0.20] Epoch [031/100] | Train: Loss=0.0524, BCE=0.4533, Reg=-0.4008, AUC=0.8438, ACC=0.7703, RMSE=0.3877 | Val: Loss=0.1297, BCE=0.5649, Reg=-0.4352, AUC=0.7579, ACC=0.7282, RMSE=0.4313
2026-04-12 07:22:52,230 - INFO - [assist_09|assist_09_abce_best_full|lr=0.0003|drop=0.20] [Reg Terms] Epoch [031] | Train: graph_entropy=0.000001, graph_diag=0.020000, graph_uniform=0.001196, graph_reg_scale=1.0000, prediction_l2=0.000001, personal_sparse=0.001497, alpha_var=-0.423522, alpha_collapse=0.000000, reg_bce_ratio=-0.8843 | Val: graph_entropy=0.000000, graph_diag=0.020000, graph_uniform=0.001207, graph_reg_scale=1.0000, prediction_l2=0.000001, personal_sparse=0.001533, alpha_var=-0.457937, alpha_collapse=0.000000, reg_bce_ratio=-0.7703
2026-04-12 07:22:52,493 - INFO - [assist_09|assist_09_abce_best_full|lr=0.0003|drop=0.20] [Diag][AE] Epoch [031] | irt_abs_mean=2.0884, irt_std=1.4177, personal_warmup_scale=1.00, graph_row_entropy=0.7666, graph_entropy_ratio=0.1593, alpha_mean=0.1750, alpha_std=0.1749, alpha_bias_std=3.8401, personal_row_entropy=0.7667, personal_matrix_delta=0.0000, personal_matrix_student_std=0.0000, personal_delta_pre_softmax_norm=0.0000, personal_delta_student_std=0.0000, alpha_head_std=0.1749
2026-04-12 07:22:52,494 - INFO - [assist_09|assist_09_abce_best_full|lr=0.0003|drop=0.20] [Diag][Graph] Epoch [031] | entropy_ratio=0.1593, diag_mass=0.2000, to_uniform_l2=0.069837, to_identity_l2=0.099103, tau_mean=0.4788, tau_std=0.0247, graph_reg_scale(train/val)=1.0000/1.0000
2026-04-12 07:22:52,494 - WARNING - [assist_09|assist_09_abce_best_full|lr=0.0003|drop=0.20] [Diag Warning][E] personal_delta_student_std is near zero: personal_delta_student_std=0.000000, personal_delta_pre_softmax_norm=0.000000
2026-04-12 07:22:52,494 - INFO - [assist_09|assist_09_abce_best_full|lr=0.0003|drop=0.20] [Grad Norms] Epoch [031] | relation_emb=1.390299e-02, relation_tau=1.558768e-03, relation_wq=6.272671e-04, relation_wk=3.522615e-04, personal_u=0.000000e+00, personal_v=0.000000e+00, personal_alpha_bias=2.122933e-02, personal_gate_emb=0.000000e+00, personal_gate_student_proj=0.000000e+00, personal_gate_context_proj=1.307265e-05, personal_gate_student_direct=0.000000e+00, personal_gate_context_direct=5.356796e-06, personal_gate_out=1.404601e-05, personal_generator_emb=0.000000e+00, personal_generator_context_proj=0.000000e+00, personal_generator_context_hidden=0.000000e+00, personal_generator_context_to_u=0.000000e+00, personal_generator_context_to_v=0.000000e+00
2026-04-12 07:22:52,494 - INFO - [assist_09|assist_09_abce_best_full|lr=0.0003|drop=0.20] -> No improvement 1 epoch(s) (best AUC=0.7582 @ 30)
2026-04-12 07:23:39,462 - INFO - [assist_09|assist_09_abce_best_full|lr=0.0003|drop=0.20] Epoch [032/100] | Train: Loss=0.0244, BCE=0.4517, Reg=-0.4273, AUC=0.8452, ACC=0.7715, RMSE=0.3870 | Val: Loss=0.1071, BCE=0.5705, Reg=-0.4634, AUC=0.7587, ACC=0.7277, RMSE=0.4325
2026-04-12 07:23:39,462 - INFO - [assist_09|assist_09_abce_best_full|lr=0.0003|drop=0.20] [Reg Terms] Epoch [032] | Train: graph_entropy=0.000001, graph_diag=0.020000, graph_uniform=0.001195, graph_reg_scale=1.0000, prediction_l2=0.000001, personal_sparse=0.001494, alpha_var=-0.450014, alpha_collapse=0.000000, reg_bce_ratio=-0.9460 | Val: graph_entropy=0.000000, graph_diag=0.020000, graph_uniform=0.001196, graph_reg_scale=1.0000, prediction_l2=0.000001, personal_sparse=0.001499, alpha_var=-0.486124, alpha_collapse=0.000000, reg_bce_ratio=-0.8123
2026-04-12 07:23:39,728 - INFO - [assist_09|assist_09_abce_best_full|lr=0.0003|drop=0.20] [Diag][AE] Epoch [032] | irt_abs_mean=2.2147, irt_std=1.4897, personal_warmup_scale=1.00, graph_row_entropy=0.7496, graph_entropy_ratio=0.1558, alpha_mean=0.1750, alpha_std=0.1749, alpha_bias_std=3.9560, personal_row_entropy=0.7496, personal_matrix_delta=0.0000, personal_matrix_student_std=0.0000, personal_delta_pre_softmax_norm=0.0000, personal_delta_student_std=0.0000, alpha_head_std=0.1749
2026-04-12 07:23:39,728 - INFO - [assist_09|assist_09_abce_best_full|lr=0.0003|drop=0.20] [Diag][Graph] Epoch [032] | entropy_ratio=0.1558, diag_mass=0.2000, to_uniform_l2=0.070097, to_identity_l2=0.099286, tau_mean=0.4743, tau_std=0.0246, graph_reg_scale(train/val)=1.0000/1.0000
2026-04-12 07:23:39,728 - WARNING - [assist_09|assist_09_abce_best_full|lr=0.0003|drop=0.20] [Diag Warning][E] personal_delta_student_std is near zero: personal_delta_student_std=0.000000, personal_delta_pre_softmax_norm=0.000000
2026-04-12 07:23:39,728 - INFO - [assist_09|assist_09_abce_best_full|lr=0.0003|drop=0.20] [Grad Norms] Epoch [032] | relation_emb=1.834978e-02, relation_tau=5.530290e-03, relation_wq=1.367905e-03, relation_wk=1.257946e-03, personal_u=0.000000e+00, personal_v=0.000000e+00, personal_alpha_bias=2.255633e-02, personal_gate_emb=0.000000e+00, personal_gate_student_proj=0.000000e+00, personal_gate_context_proj=1.054111e-05, personal_gate_student_direct=0.000000e+00, personal_gate_context_direct=4.350498e-06, personal_gate_out=1.139063e-05, personal_generator_emb=0.000000e+00, personal_generator_context_proj=0.000000e+00, personal_generator_context_hidden=0.000000e+00, personal_generator_context_to_u=0.000000e+00, personal_generator_context_to_v=0.000000e+00
2026-04-12 07:23:40,075 - INFO - [assist_09|assist_09_abce_best_full|lr=0.0003|drop=0.20] -> New best AUC=0.7587 at epoch 32
2026-04-12 07:24:24,578 - INFO - [assist_09|assist_09_abce_best_full|lr=0.0003|drop=0.20] Epoch [033/100] | Train: Loss=-0.0036, BCE=0.4509, Reg=-0.4545, AUC=0.8457, ACC=0.7715, RMSE=0.3867 | Val: Loss=0.0723, BCE=0.5647, Reg=-0.4924, AUC=0.7585, ACC=0.7276, RMSE=0.4312
2026-04-12 07:24:24,578 - INFO - [assist_09|assist_09_abce_best_full|lr=0.0003|drop=0.20] [Reg Terms] Epoch [033] | Train: graph_entropy=0.000001, graph_diag=0.020000, graph_uniform=0.001194, graph_reg_scale=1.0000, prediction_l2=0.000001, personal_sparse=0.001495, alpha_var=-0.477203, alpha_collapse=0.000000, reg_bce_ratio=-1.0080 | Val: graph_entropy=0.000000, graph_diag=0.020000, graph_uniform=0.001207, graph_reg_scale=1.0000, prediction_l2=0.000001, personal_sparse=0.001536, alpha_var=-0.515139, alpha_collapse=0.000000, reg_bce_ratio=-0.8720
2026-04-12 07:24:24,771 - INFO - [assist_09|assist_09_abce_best_full|lr=0.0003|drop=0.20] [Diag][AE] Epoch [033] | irt_abs_mean=2.1082, irt_std=1.4411, personal_warmup_scale=1.00, graph_row_entropy=0.7680, graph_entropy_ratio=0.1596, alpha_mean=0.1750, alpha_std=0.1749, alpha_bias_std=4.0720, personal_row_entropy=0.7680, personal_matrix_delta=0.0000, personal_matrix_student_std=0.0000, personal_delta_pre_softmax_norm=0.0000, personal_delta_student_std=0.0000, alpha_head_std=0.1749
2026-04-12 07:24:24,771 - INFO - [assist_09|assist_09_abce_best_full|lr=0.0003|drop=0.20] [Diag][Graph] Epoch [033] | entropy_ratio=0.1596, diag_mass=0.2000, to_uniform_l2=0.069825, to_identity_l2=0.099094, tau_mean=0.4704, tau_std=0.0244, graph_reg_scale(train/val)=1.0000/1.0000
2026-04-12 07:24:24,771 - WARNING - [assist_09|assist_09_abce_best_full|lr=0.0003|drop=0.20] [Diag Warning][E] personal_delta_student_std is near zero: personal_delta_student_std=0.000000, personal_delta_pre_softmax_norm=0.000000
2026-04-12 07:24:24,771 - INFO - [assist_09|assist_09_abce_best_full|lr=0.0003|drop=0.20] [Grad Norms] Epoch [033] | relation_emb=1.055280e-02, relation_tau=1.927270e-03, relation_wq=6.398762e-04, relation_wk=3.952433e-04, personal_u=0.000000e+00, personal_v=0.000000e+00, personal_alpha_bias=1.766347e-02, personal_gate_emb=0.000000e+00, personal_gate_student_proj=0.000000e+00, personal_gate_context_proj=2.333738e-05, personal_gate_student_direct=0.000000e+00, personal_gate_context_direct=9.627880e-06, personal_gate_out=2.521694e-05, personal_generator_emb=0.000000e+00, personal_generator_context_proj=0.000000e+00, personal_generator_context_hidden=0.000000e+00, personal_generator_context_to_u=0.000000e+00, personal_generator_context_to_v=0.000000e+00
2026-04-12 07:24:24,772 - INFO - [assist_09|assist_09_abce_best_full|lr=0.0003|drop=0.20] -> No improvement 1 epoch(s) (best AUC=0.7587 @ 32)
2026-04-12 07:25:06,481 - INFO - [assist_09|assist_09_abce_best_full|lr=0.0003|drop=0.20] Epoch [034/100] | Train: Loss=-0.0325, BCE=0.4501, Reg=-0.4826, AUC=0.8462, ACC=0.7715, RMSE=0.3862 | Val: Loss=0.0427, BCE=0.5649, Reg=-0.5222, AUC=0.7583, ACC=0.7271, RMSE=0.4313
2026-04-12 07:25:06,481 - INFO - [assist_09|assist_09_abce_best_full|lr=0.0003|drop=0.20] [Reg Terms] Epoch [034] | Train: graph_entropy=0.000001, graph_diag=0.020000, graph_uniform=0.001194, graph_reg_scale=1.0000, prediction_l2=0.000001, personal_sparse=0.001495, alpha_var=-0.505279, alpha_collapse=0.000000, reg_bce_ratio=-1.0721 | Val: graph_entropy=0.000000, graph_diag=0.020000, graph_uniform=0.001206, graph_reg_scale=1.0000, prediction_l2=0.000001, personal_sparse=0.001531, alpha_var=-0.544979, alpha_collapse=0.000000, reg_bce_ratio=-0.9244
2026-04-12 07:25:06,772 - INFO - [assist_09|assist_09_abce_best_full|lr=0.0003|drop=0.20] [Diag][AE] Epoch [034] | irt_abs_mean=2.1034, irt_std=1.4850, personal_warmup_scale=1.00, graph_row_entropy=0.7653, graph_entropy_ratio=0.1590, alpha_mean=0.1750, alpha_std=0.1749, alpha_bias_std=4.1869, personal_row_entropy=0.7654, personal_matrix_delta=0.0000, personal_matrix_student_std=0.0000, personal_delta_pre_softmax_norm=0.0000, personal_delta_student_std=0.0000, alpha_head_std=0.1749
2026-04-12 07:25:06,773 - INFO - [assist_09|assist_09_abce_best_full|lr=0.0003|drop=0.20] [Diag][Graph] Epoch [034] | entropy_ratio=0.1590, diag_mass=0.2000, to_uniform_l2=0.069854, to_identity_l2=0.099114, tau_mean=0.4664, tau_std=0.0240, graph_reg_scale(train/val)=1.0000/1.0000
2026-04-12 07:25:06,773 - WARNING - [assist_09|assist_09_abce_best_full|lr=0.0003|drop=0.20] [Diag Warning][E] personal_delta_student_std is near zero: personal_delta_student_std=0.000000, personal_delta_pre_softmax_norm=0.000000
2026-04-12 07:25:06,773 - INFO - [assist_09|assist_09_abce_best_full|lr=0.0003|drop=0.20] [Grad Norms] Epoch [034] | relation_emb=9.214026e-03, relation_tau=9.121654e-04, relation_wq=3.938849e-04, relation_wk=2.130611e-04, personal_u=0.000000e+00, personal_v=0.000000e+00, personal_alpha_bias=2.088638e-02, personal_gate_emb=0.000000e+00, personal_gate_student_proj=0.000000e+00, personal_gate_context_proj=1.418458e-05, personal_gate_student_direct=0.000000e+00, personal_gate_context_direct=5.878313e-06, personal_gate_out=1.541072e-05, personal_generator_emb=0.000000e+00, personal_generator_context_proj=0.000000e+00, personal_generator_context_hidden=0.000000e+00, personal_generator_context_to_u=0.000000e+00, personal_generator_context_to_v=0.000000e+00
2026-04-12 07:25:06,773 - INFO - [assist_09|assist_09_abce_best_full|lr=0.0003|drop=0.20] -> No improvement 2 epoch(s) (best AUC=0.7587 @ 32)
2026-04-12 07:25:51,752 - INFO - [assist_09|assist_09_abce_best_full|lr=0.0003|drop=0.20] Epoch [035/100] | Train: Loss=-0.0621, BCE=0.4493, Reg=-0.5115, AUC=0.8470, ACC=0.7722, RMSE=0.3859 | Val: Loss=0.0153, BCE=0.5682, Reg=-0.5529, AUC=0.7593, ACC=0.7284, RMSE=0.4317
2026-04-12 07:25:51,753 - INFO - [assist_09|assist_09_abce_best_full|lr=0.0003|drop=0.20] [Reg Terms] Epoch [035] | Train: graph_entropy=0.000001, graph_diag=0.020000, graph_uniform=0.001193, graph_reg_scale=1.0000, prediction_l2=0.000001, personal_sparse=0.001490, alpha_var=-0.534158, alpha_collapse=0.000000, reg_bce_ratio=-1.1383 | Val: graph_entropy=0.000000, graph_diag=0.020000, graph_uniform=0.001203, graph_reg_scale=1.0000, prediction_l2=0.000001, personal_sparse=0.001522, alpha_var=-0.575651, alpha_collapse=0.000000, reg_bce_ratio=-0.9731
2026-04-12 07:25:52,029 - INFO - [assist_09|assist_09_abce_best_full|lr=0.0003|drop=0.20] [Diag][AE] Epoch [035] | irt_abs_mean=2.2458, irt_std=1.5277, personal_warmup_scale=1.00, graph_row_entropy=0.7608, graph_entropy_ratio=0.1581, alpha_mean=0.1750, alpha_std=0.1749, alpha_bias_std=4.3031, personal_row_entropy=0.7609, personal_matrix_delta=0.0000, personal_matrix_student_std=0.0000, personal_delta_pre_softmax_norm=0.0000, personal_delta_student_std=0.0000, alpha_head_std=0.1749
2026-04-12 07:25:52,030 - INFO - [assist_09|assist_09_abce_best_full|lr=0.0003|drop=0.20] [Diag][Graph] Epoch [035] | entropy_ratio=0.1581, diag_mass=0.2000, to_uniform_l2=0.069934, to_identity_l2=0.099171, tau_mean=0.4622, tau_std=0.0241, graph_reg_scale(train/val)=1.0000/1.0000
2026-04-12 07:25:52,030 - WARNING - [assist_09|assist_09_abce_best_full|lr=0.0003|drop=0.20] [Diag Warning][E] personal_delta_student_std is near zero: personal_delta_student_std=0.000000, personal_delta_pre_softmax_norm=0.000000
2026-04-12 07:25:52,030 - INFO - [assist_09|assist_09_abce_best_full|lr=0.0003|drop=0.20] [Grad Norms] Epoch [035] | relation_emb=1.029565e-02, relation_tau=4.254879e-04, relation_wq=4.854438e-04, relation_wk=8.584390e-05, personal_u=0.000000e+00, personal_v=0.000000e+00, personal_alpha_bias=2.368427e-02, personal_gate_emb=0.000000e+00, personal_gate_student_proj=0.000000e+00, personal_gate_context_proj=1.197103e-05, personal_gate_student_direct=0.000000e+00, personal_gate_context_direct=4.914416e-06, personal_gate_out=1.290406e-05, personal_generator_emb=0.000000e+00, personal_generator_context_proj=0.000000e+00, personal_generator_context_hidden=0.000000e+00, personal_generator_context_to_u=0.000000e+00, personal_generator_context_to_v=0.000000e+00
2026-04-12 07:25:52,384 - INFO - [assist_09|assist_09_abce_best_full|lr=0.0003|drop=0.20] -> New best AUC=0.7593 at epoch 35
2026-04-12 07:26:34,438 - INFO - [assist_09|assist_09_abce_best_full|lr=0.0003|drop=0.20] Epoch [036/100] | Train: Loss=-0.0927, BCE=0.4484, Reg=-0.5411, AUC=0.8476, ACC=0.7730, RMSE=0.3855 | Val: Loss=-0.0186, BCE=0.5658, Reg=-0.5844, AUC=0.7588, ACC=0.7275, RMSE=0.4314
2026-04-12 07:26:34,438 - INFO - [assist_09|assist_09_abce_best_full|lr=0.0003|drop=0.20] [Reg Terms] Epoch [036] | Train: graph_entropy=0.000001, graph_diag=0.020000, graph_uniform=0.001194, graph_reg_scale=1.0000, prediction_l2=0.000001, personal_sparse=0.001493, alpha_var=-0.563758, alpha_collapse=0.000000, reg_bce_ratio=-1.2067 | Val: graph_entropy=0.000000, graph_diag=0.020000, graph_uniform=0.001201, graph_reg_scale=1.0000, prediction_l2=0.000001, personal_sparse=0.001516, alpha_var=-0.607151, alpha_collapse=0.000000, reg_bce_ratio=-1.0329
2026-04-12 07:26:34,644 - INFO - [assist_09|assist_09_abce_best_full|lr=0.0003|drop=0.20] [Diag][AE] Epoch [036] | irt_abs_mean=2.1607, irt_std=1.4929, personal_warmup_scale=1.00, graph_row_entropy=0.7582, graph_entropy_ratio=0.1576, alpha_mean=0.1750, alpha_std=0.1749, alpha_bias_std=4.4189, personal_row_entropy=0.7582, personal_matrix_delta=0.0000, personal_matrix_student_std=0.0000, personal_delta_pre_softmax_norm=0.0000, personal_delta_student_std=0.0000, alpha_head_std=0.1749
2026-04-12 07:26:34,645 - INFO - [assist_09|assist_09_abce_best_full|lr=0.0003|drop=0.20] [Diag][Graph] Epoch [036] | entropy_ratio=0.1576, diag_mass=0.2000, to_uniform_l2=0.069968, to_identity_l2=0.099195, tau_mean=0.4578, tau_std=0.0245, graph_reg_scale(train/val)=1.0000/1.0000
2026-04-12 07:26:34,645 - WARNING - [assist_09|assist_09_abce_best_full|lr=0.0003|drop=0.20] [Diag Warning][E] personal_delta_student_std is near zero: personal_delta_student_std=0.000000, personal_delta_pre_softmax_norm=0.000000
2026-04-12 07:26:34,645 - INFO - [assist_09|assist_09_abce_best_full|lr=0.0003|drop=0.20] [Grad Norms] Epoch [036] | relation_emb=9.501780e-03, relation_tau=2.504342e-03, relation_wq=6.779748e-04, relation_wk=5.602291e-04, personal_u=0.000000e+00, personal_v=0.000000e+00, personal_alpha_bias=2.049301e-02, personal_gate_emb=0.000000e+00, personal_gate_student_proj=0.000000e+00, personal_gate_context_proj=1.127063e-05, personal_gate_student_direct=0.000000e+00, personal_gate_context_direct=4.658904e-06, personal_gate_out=1.223254e-05, personal_generator_emb=0.000000e+00, personal_generator_context_proj=0.000000e+00, personal_generator_context_hidden=0.000000e+00, personal_generator_context_to_u=0.000000e+00, personal_generator_context_to_v=0.000000e+00
2026-04-12 07:26:34,645 - INFO - [assist_09|assist_09_abce_best_full|lr=0.0003|drop=0.20] -> No improvement 1 epoch(s) (best AUC=0.7593 @ 35)
2026-04-12 07:27:18,363 - INFO - [assist_09|assist_09_abce_best_full|lr=0.0003|drop=0.20] Epoch [037/100] | Train: Loss=-0.1242, BCE=0.4473, Reg=-0.5715, AUC=0.8485, ACC=0.7731, RMSE=0.3850 | Val: Loss=-0.0496, BCE=0.5673, Reg=-0.6169, AUC=0.7589, ACC=0.7295, RMSE=0.4314
2026-04-12 07:27:18,364 - INFO - [assist_09|assist_09_abce_best_full|lr=0.0003|drop=0.20] [Reg Terms] Epoch [037] | Train: graph_entropy=0.000001, graph_diag=0.020000, graph_uniform=0.001193, graph_reg_scale=1.0000, prediction_l2=0.000001, personal_sparse=0.001490, alpha_var=-0.594233, alpha_collapse=0.000000, reg_bce_ratio=-1.2777 | Val: graph_entropy=0.000000, graph_diag=0.020000, graph_uniform=0.001184, graph_reg_scale=1.0000, prediction_l2=0.000001, personal_sparse=0.001460, alpha_var=-0.639498, alpha_collapse=0.000000, reg_bce_ratio=-1.0874
2026-04-12 07:27:18,632 - INFO - [assist_09|assist_09_abce_best_full|lr=0.0003|drop=0.20] [Diag][AE] Epoch [037] | irt_abs_mean=2.2168, irt_std=1.5247, personal_warmup_scale=1.00, graph_row_entropy=0.7297, graph_entropy_ratio=0.1516, alpha_mean=0.1750, alpha_std=0.1749, alpha_bias_std=4.5339, personal_row_entropy=0.7298, personal_matrix_delta=0.0000, personal_matrix_student_std=0.0000, personal_delta_pre_softmax_norm=0.0000, personal_delta_student_std=0.0000, alpha_head_std=0.1749
2026-04-12 07:27:18,633 - INFO - [assist_09|assist_09_abce_best_full|lr=0.0003|drop=0.20] [Diag][Graph] Epoch [037] | entropy_ratio=0.1516, diag_mass=0.2000, to_uniform_l2=0.070391, to_identity_l2=0.099494, tau_mean=0.4530, tau_std=0.0243, graph_reg_scale(train/val)=1.0000/1.0000
2026-04-12 07:27:18,633 - WARNING - [assist_09|assist_09_abce_best_full|lr=0.0003|drop=0.20] [Diag Warning][E] personal_delta_student_std is near zero: personal_delta_student_std=0.000000, personal_delta_pre_softmax_norm=0.000001
2026-04-12 07:27:18,633 - INFO - [assist_09|assist_09_abce_best_full|lr=0.0003|drop=0.20] [Grad Norms] Epoch [037] | relation_emb=1.208044e-02, relation_tau=1.009716e-03, relation_wq=1.087876e-03, relation_wk=2.260445e-04, personal_u=0.000000e+00, personal_v=0.000000e+00, personal_alpha_bias=2.485475e-02, personal_gate_emb=0.000000e+00, personal_gate_student_proj=0.000000e+00, personal_gate_context_proj=9.251387e-06, personal_gate_student_direct=0.000000e+00, personal_gate_context_direct=3.904581e-06, personal_gate_out=1.027749e-05, personal_generator_emb=0.000000e+00, personal_generator_context_proj=0.000000e+00, personal_generator_context_hidden=0.000000e+00, personal_generator_context_to_u=0.000000e+00, personal_generator_context_to_v=0.000000e+00
2026-04-12 07:27:18,633 - INFO - [assist_09|assist_09_abce_best_full|lr=0.0003|drop=0.20] -> No improvement 2 epoch(s) (best AUC=0.7593 @ 35)
2026-04-12 07:28:02,529 - INFO - [assist_09|assist_09_abce_best_full|lr=0.0003|drop=0.20] Epoch [038/100] | Train: Loss=-0.1557, BCE=0.4470, Reg=-0.6027, AUC=0.8484, ACC=0.7737, RMSE=0.3849 | Val: Loss=-0.0780, BCE=0.5719, Reg=-0.6500, AUC=0.7599, ACC=0.7295, RMSE=0.4322
2026-04-12 07:28:02,529 - INFO - [assist_09|assist_09_abce_best_full|lr=0.0003|drop=0.20] [Reg Terms] Epoch [038] | Train: graph_entropy=0.000001, graph_diag=0.020000, graph_uniform=0.001195, graph_reg_scale=1.0000, prediction_l2=0.000001, personal_sparse=0.001497, alpha_var=-0.625371, alpha_collapse=0.000000, reg_bce_ratio=-1.3484 | Val: graph_entropy=0.000000, graph_diag=0.020000, graph_uniform=0.001184, graph_reg_scale=1.0000, prediction_l2=0.000002, personal_sparse=0.001461, alpha_var=-0.672616, alpha_collapse=0.000000, reg_bce_ratio=-1.1364
2026-04-12 07:28:02,743 - INFO - [assist_09|assist_09_abce_best_full|lr=0.0003|drop=0.20] [Diag][AE] Epoch [038] | irt_abs_mean=2.2936, irt_std=1.5424, personal_warmup_scale=1.00, graph_row_entropy=0.7303, graph_entropy_ratio=0.1518, alpha_mean=0.1750, alpha_std=0.1749, alpha_bias_std=4.6522, personal_row_entropy=0.7303, personal_matrix_delta=0.0000, personal_matrix_student_std=0.0000, personal_delta_pre_softmax_norm=0.0000, personal_delta_student_std=0.0000, alpha_head_std=0.1749
2026-04-12 07:28:02,743 - INFO - [assist_09|assist_09_abce_best_full|lr=0.0003|drop=0.20] [Diag][Graph] Epoch [038] | entropy_ratio=0.1518, diag_mass=0.2000, to_uniform_l2=0.070389, to_identity_l2=0.099493, tau_mean=0.4491, tau_std=0.0247, graph_reg_scale(train/val)=1.0000/1.0000
2026-04-12 07:28:02,744 - WARNING - [assist_09|assist_09_abce_best_full|lr=0.0003|drop=0.20] [Diag Warning][E] personal_delta_student_std is near zero: personal_delta_student_std=0.000000, personal_delta_pre_softmax_norm=0.000000
2026-04-12 07:28:02,744 - INFO - [assist_09|assist_09_abce_best_full|lr=0.0003|drop=0.20] [Grad Norms] Epoch [038] | relation_emb=8.490459e-03, relation_tau=1.430483e-03, relation_wq=5.501375e-04, relation_wk=3.162916e-04, personal_u=0.000000e+00, personal_v=0.000000e+00, personal_alpha_bias=2.096241e-02, personal_gate_emb=0.000000e+00, personal_gate_student_proj=0.000000e+00, personal_gate_context_proj=1.915893e-05, personal_gate_student_direct=0.000000e+00, personal_gate_context_direct=7.800715e-06, personal_gate_out=2.048316e-05, personal_generator_emb=0.000000e+00, personal_generator_context_proj=0.000000e+00, personal_generator_context_hidden=0.000000e+00, personal_generator_context_to_u=0.000000e+00, personal_generator_context_to_v=0.000000e+00
2026-04-12 07:28:03,052 - INFO - [assist_09|assist_09_abce_best_full|lr=0.0003|drop=0.20] -> New best AUC=0.7599 at epoch 38
2026-04-12 07:28:43,787 - INFO - [assist_09|assist_09_abce_best_full|lr=0.0003|drop=0.20] Epoch [039/100] | Train: Loss=-0.1883, BCE=0.4464, Reg=-0.6347, AUC=0.8489, ACC=0.7732, RMSE=0.3846 | Val: Loss=-0.1177, BCE=0.5662, Reg=-0.6839, AUC=0.7591, ACC=0.7293, RMSE=0.4312
2026-04-12 07:28:43,788 - INFO - [assist_09|assist_09_abce_best_full|lr=0.0003|drop=0.20] [Reg Terms] Epoch [039] | Train: graph_entropy=0.000001, graph_diag=0.020000, graph_uniform=0.001193, graph_reg_scale=1.0000, prediction_l2=0.000002, personal_sparse=0.001489, alpha_var=-0.657409, alpha_collapse=0.000000, reg_bce_ratio=-1.4219 | Val: graph_entropy=0.000000, graph_diag=0.020000, graph_uniform=0.001193, graph_reg_scale=1.0000, prediction_l2=0.000002, personal_sparse=0.001492, alpha_var=-0.706571, alpha_collapse=0.000000, reg_bce_ratio=-1.2079
2026-04-12 07:28:44,065 - INFO - [assist_09|assist_09_abce_best_full|lr=0.0003|drop=0.20] [Diag][AE] Epoch [039] | irt_abs_mean=2.2005, irt_std=1.5276, personal_warmup_scale=1.00, graph_row_entropy=0.7459, graph_entropy_ratio=0.1550, alpha_mean=0.1750, alpha_std=0.1749, alpha_bias_std=4.7692, personal_row_entropy=0.7459, personal_matrix_delta=0.0000, personal_matrix_student_std=0.0000, personal_delta_pre_softmax_norm=0.0000, personal_delta_student_std=0.0000, alpha_head_std=0.1749
2026-04-12 07:28:44,065 - INFO - [assist_09|assist_09_abce_best_full|lr=0.0003|drop=0.20] [Diag][Graph] Epoch [039] | entropy_ratio=0.1550, diag_mass=0.2000, to_uniform_l2=0.070165, to_identity_l2=0.099334, tau_mean=0.4454, tau_std=0.0242, graph_reg_scale(train/val)=1.0000/1.0000
2026-04-12 07:28:44,065 - WARNING - [assist_09|assist_09_abce_best_full|lr=0.0003|drop=0.20] [Diag Warning][E] personal_delta_student_std is near zero: personal_delta_student_std=0.000000, personal_delta_pre_softmax_norm=0.000000
2026-04-12 07:28:44,066 - INFO - [assist_09|assist_09_abce_best_full|lr=0.0003|drop=0.20] [Grad Norms] Epoch [039] | relation_emb=6.223058e-03, relation_tau=2.460992e-03, relation_wq=6.046667e-04, relation_wk=5.673722e-04, personal_u=0.000000e+00, personal_v=0.000000e+00, personal_alpha_bias=2.521228e-02, personal_gate_emb=0.000000e+00, personal_gate_student_proj=0.000000e+00, personal_gate_context_proj=1.079669e-05, personal_gate_student_direct=0.000000e+00, personal_gate_context_direct=4.388474e-06, personal_gate_out=1.153308e-05, personal_generator_emb=0.000000e+00, personal_generator_context_proj=0.000000e+00, personal_generator_context_hidden=0.000000e+00, personal_generator_context_to_u=0.000000e+00, personal_generator_context_to_v=0.000000e+00
2026-04-12 07:28:44,066 - INFO - [assist_09|assist_09_abce_best_full|lr=0.0003|drop=0.20] -> No improvement 1 epoch(s) (best AUC=0.7599 @ 38)
2026-04-12 07:29:28,686 - INFO - [assist_09|assist_09_abce_best_full|lr=0.0003|drop=0.20] Epoch [040/100] | Train: Loss=-0.2220, BCE=0.4455, Reg=-0.6675, AUC=0.8497, ACC=0.7748, RMSE=0.3842 | Val: Loss=-0.1509, BCE=0.5678, Reg=-0.7187, AUC=0.7591, ACC=0.7289, RMSE=0.4314
2026-04-12 07:29:28,686 - INFO - [assist_09|assist_09_abce_best_full|lr=0.0003|drop=0.20] [Reg Terms] Epoch [040] | Train: graph_entropy=0.000001, graph_diag=0.020000, graph_uniform=0.001194, graph_reg_scale=1.0000, prediction_l2=0.000002, personal_sparse=0.001494, alpha_var=-0.690177, alpha_collapse=0.000000, reg_bce_ratio=-1.4984 | Val: graph_entropy=0.000000, graph_diag=0.020000, graph_uniform=0.001192, graph_reg_scale=1.0000, prediction_l2=0.000002, personal_sparse=0.001484, alpha_var=-0.741375, alpha_collapse=0.000000, reg_bce_ratio=-1.2657
2026-04-12 07:29:28,949 - INFO - [assist_09|assist_09_abce_best_full|lr=0.0003|drop=0.20] [Diag][AE] Epoch [040] | irt_abs_mean=2.2480, irt_std=1.5771, personal_warmup_scale=1.00, graph_row_entropy=0.7422, graph_entropy_ratio=0.1542, alpha_mean=0.1750, alpha_std=0.1749, alpha_bias_std=4.8844, personal_row_entropy=0.7422, personal_matrix_delta=0.0000, personal_matrix_student_std=0.0000, personal_delta_pre_softmax_norm=0.0000, personal_delta_student_std=0.0000, alpha_head_std=0.1749
2026-04-12 07:29:28,950 - INFO - [assist_09|assist_09_abce_best_full|lr=0.0003|drop=0.20] [Diag][Graph] Epoch [040] | entropy_ratio=0.1542, diag_mass=0.2000, to_uniform_l2=0.070210, to_identity_l2=0.099366, tau_mean=0.4415, tau_std=0.0239, graph_reg_scale(train/val)=1.0000/1.0000
2026-04-12 07:29:28,950 - WARNING - [assist_09|assist_09_abce_best_full|lr=0.0003|drop=0.20] [Diag Warning][E] personal_delta_student_std is near zero: personal_delta_student_std=0.000000, personal_delta_pre_softmax_norm=0.000000
2026-04-12 07:29:28,950 - INFO - [assist_09|assist_09_abce_best_full|lr=0.0003|drop=0.20] [Grad Norms] Epoch [040] | relation_emb=1.439787e-02, relation_tau=2.239779e-03, relation_wq=6.843467e-04, relation_wk=5.149800e-04, personal_u=0.000000e+00, personal_v=0.000000e+00, personal_alpha_bias=2.779205e-02, personal_gate_emb=0.000000e+00, personal_gate_student_proj=0.000000e+00, personal_gate_context_proj=1.749800e-05, personal_gate_student_direct=0.000000e+00, personal_gate_context_direct=7.395130e-06, personal_gate_out=1.958608e-05, personal_generator_emb=0.000000e+00, personal_generator_context_proj=0.000000e+00, personal_generator_context_hidden=0.000000e+00, personal_generator_context_to_u=0.000000e+00, personal_generator_context_to_v=0.000000e+00
2026-04-12 07:29:28,950 - INFO - [assist_09|assist_09_abce_best_full|lr=0.0003|drop=0.20] -> No improvement 2 epoch(s) (best AUC=0.7599 @ 38)
2026-04-12 07:29:28,999 - INFO - [assist_09|assist_09_abce_best_full|lr=0.0003|drop=0.20] Checkpoint saved: checkpoints/abce_diag/ae_fix_20260412_fdafa52/assist_09/seed42/best_full/checkpoint_epoch_40.pth
2026-04-12 07:29:29,255 - INFO - [assist_09|assist_09_abce_best_full|lr=0.0003|drop=0.20] [Module Activity] Epoch 40: Graph[OK] Personal[X]
2026-04-12 07:30:13,987 - INFO - [assist_09|assist_09_abce_best_full|lr=0.0003|drop=0.20] Epoch [041/100] | Train: Loss=-0.2567, BCE=0.4444, Reg=-0.7011, AUC=0.8507, ACC=0.7754, RMSE=0.3835 | Val: Loss=-0.1861, BCE=0.5682, Reg=-0.7543, AUC=0.7598, ACC=0.7294, RMSE=0.4314
2026-04-12 07:30:13,988 - INFO - [assist_09|assist_09_abce_best_full|lr=0.0003|drop=0.20] [Reg Terms] Epoch [041] | Train: graph_entropy=0.000001, graph_diag=0.020000, graph_uniform=0.001195, graph_reg_scale=1.0000, prediction_l2=0.000002, personal_sparse=0.001494, alpha_var=-0.723758, alpha_collapse=0.000000, reg_bce_ratio=-1.5777 | Val: graph_entropy=0.000000, graph_diag=0.020000, graph_uniform=0.001195, graph_reg_scale=1.0000, prediction_l2=0.000002, personal_sparse=0.001490, alpha_var=-0.776985, alpha_collapse=0.000000, reg_bce_ratio=-1.3275
2026-04-12 07:30:14,260 - INFO - [assist_09|assist_09_abce_best_full|lr=0.0003|drop=0.20] [Diag][AE] Epoch [041] | irt_abs_mean=2.2223, irt_std=1.5756, personal_warmup_scale=1.00, graph_row_entropy=0.7447, graph_entropy_ratio=0.1548, alpha_mean=0.1750, alpha_std=0.1749, alpha_bias_std=5.0011, personal_row_entropy=0.7448, personal_matrix_delta=0.0000, personal_matrix_student_std=0.0000, personal_delta_pre_softmax_norm=0.0000, personal_delta_student_std=0.0000, alpha_head_std=0.1749
2026-04-12 07:30:14,260 - INFO - [assist_09|assist_09_abce_best_full|lr=0.0003|drop=0.20] [Diag][Graph] Epoch [041] | entropy_ratio=0.1548, diag_mass=0.2000, to_uniform_l2=0.070133, to_identity_l2=0.099312, tau_mean=0.4379, tau_std=0.0237, graph_reg_scale(train/val)=1.0000/1.0000
2026-04-12 07:30:14,261 - WARNING - [assist_09|assist_09_abce_best_full|lr=0.0003|drop=0.20] [Diag Warning][E] personal_delta_student_std is near zero: personal_delta_student_std=0.000000, personal_delta_pre_softmax_norm=0.000000
2026-04-12 07:30:14,261 - INFO - [assist_09|assist_09_abce_best_full|lr=0.0003|drop=0.20] [Grad Norms] Epoch [041] | relation_emb=7.985241e-03, relation_tau=9.632139e-04, relation_wq=3.365477e-04, relation_wk=1.696237e-04, personal_u=0.000000e+00, personal_v=0.000000e+00, personal_alpha_bias=2.782923e-02, personal_gate_emb=0.000000e+00, personal_gate_student_proj=0.000000e+00, personal_gate_context_proj=1.256516e-05, personal_gate_student_direct=0.000000e+00, personal_gate_context_direct=5.144753e-06, personal_gate_out=1.361090e-05, personal_generator_emb=0.000000e+00, personal_generator_context_proj=0.000000e+00, personal_generator_context_hidden=0.000000e+00, personal_generator_context_to_u=0.000000e+00, personal_generator_context_to_v=0.000000e+00
2026-04-12 07:30:14,261 - INFO - [assist_09|assist_09_abce_best_full|lr=0.0003|drop=0.20] -> No improvement 3 epoch(s) (best AUC=0.7599 @ 38)
2026-04-12 07:30:14,261 - INFO - [assist_09|assist_09_abce_best_full|lr=0.0003|drop=0.20] Early stopping at epoch 41 (best AUC=0.7599 @ 38)
2026-04-12 07:30:14,270 - INFO - Epoch-wise metrics saved to checkpoints/abce_diag/ae_fix_20260412_fdafa52/assist_09/seed42/best_full/metrics_history.csv
2026-04-12 07:30:14,274 - INFO - [assist_09|assist_09_abce_best_full|lr=0.0003|drop=0.20] Training completed! Best Val AUC=0.7599 @ epoch 38
2026-04-12 07:30:14,521 - INFO - 
============================================================
         MODULE ACTIVITY REPORT
============================================================
Dataset: assist_09 | Seed: 42 | Epoch: 41

1. Concept Graph Module (A):
   - Mean row entropy: 0.745 / 4.812
   - Entropy ratio: 15.5%
   - Status: ACTIVE (learning meaningful structure)

2. Personal Graph Module (E):
   - Alpha mean: 0.175
   - Alpha std: 0.175
   - Alpha bias std: 5.816
   - Personal/global delta: 0.0000
   - Inter-student matrix std: 0.0000
   - Status: INACTIVE (personal graph barely deviates from global graph)
   -> Consider: strengthen personal delta or alpha anti-collapse regularization

------------------------------------------------------------
SUMMARY:
   Active modules: Concept Graph (A)
   Inactive modules: Personal Graph (E)
============================================================
2026-04-12 07:30:14,522 - INFO - [assist_09|assist_09_abce_best_full|lr=0.0003|drop=0.20] Module activity saved to checkpoints/abce_diag/ae_fix_20260412_fdafa52/assist_09/seed42/best_full/module_activity.json
2026-04-12 07:30:14,580 - INFO - Using device: cuda:0 (physical gpu 1)
2026-04-12 07:30:14,581 - INFO - Loading model from checkpoints/abce_diag/ae_fix_20260412_fdafa52/assist_09/seed42/best_full/best_model.pth...
2026-04-12 07:30:14,736 - INFO - Inference switches: ablate_module1=False | enable_module1=True | use_concept_graph=True | effective(num_gnn_layers=1)
2026-04-12 07:30:14,760 - INFO - [Inference] Ablation runtime check: args(ablate_module1=False) | model(enable_module1=True) | physical(has_knowledge_encoder=True)
2026-04-12 07:30:14,761 - INFO - [Inference] [Graph Init] graph_tau_mean=1.0055, graph_tau_std=0.0000, graph_dropout=0.000, use_personal_graph=True
2026-04-12 07:30:14,763 - INFO - Model loaded from epoch 38. Start testing...
2026-04-12 07:30:16,236 - INFO - [Test] 200/411 batches done, samples=25600
2026-04-12 07:30:17,462 - INFO - [Test] 400/411 batches done, samples=51200
2026-04-12 07:30:17,599 - INFO - 
==================================================
2026-04-12 07:30:17,599 - INFO - Test Results:
2026-04-12 07:30:17,599 - INFO - AUC: 0.7630
2026-04-12 07:30:17,599 - INFO - ACC: 0.7335
2026-04-12 07:30:17,599 - INFO - RMSE: 0.4292
2026-04-12 07:30:17,599 - INFO - ==================================================
2026-04-12 07:30:17,617 - INFO - Summary appended to /home/zsh/ConceptSkillCDM/results/experiment_results.csv
2026-04-12 07:30:17,623 - INFO - Run completed.
2026-04-12 07:30:17,624 - INFO - Best validation AUC: 0.7599 at epoch 38
2026-04-12 07:30:17,624 - INFO - Test metrics - AUC: 0.7630, ACC: 0.7335, RMSE: 0.4292
