2026-05-07 17:29:51,857 - INFO - Arguments:
2026-05-07 17:29:51,857 - INFO -   ablate_concept_graph: False
2026-05-07 17:29:51,858 - INFO -   ablate_module1: False
2026-05-07 17:29:51,858 - INFO -   ae_interaction_logit_scale: 0.25
2026-05-07 17:29:51,858 - INFO -   ae_irt_logit_scale: 1.0
2026-05-07 17:29:51,858 - INFO -   ae_logit_dim: 64
2026-05-07 17:29:51,858 - INFO -   ae_logit_residual_clip: 6.0
2026-05-07 17:29:51,858 - INFO -   ae_logit_residual_scale: 0.5
2026-05-07 17:29:51,858 - INFO -   ae_lr_mult: 1.0
2026-05-07 17:29:51,858 - INFO -   ae_posterior_prior_scale: 1.0
2026-05-07 17:29:51,858 - INFO -   ae_query_residual_scale: 0.0
2026-05-07 17:29:51,858 - INFO -   ae_stat_prior_scale: 1.0
2026-05-07 17:29:51,858 - INFO -   allow_self_loop: True
2026-05-07 17:29:51,858 - INFO -   alpha_min_target: 0.04
2026-05-07 17:29:51,858 - INFO -   batch_size: 64
2026-05-07 17:29:51,858 - INFO -   data_dir: ./data/junyi
2026-05-07 17:29:51,858 - INFO -   dataset_name: junyi
2026-05-07 17:29:51,858 - INFO -   debug_graph_diag: True
2026-05-07 17:29:51,858 - INFO -   diag_batches: 1
2026-05-07 17:29:51,858 - INFO -   disable_self_loop: False
2026-05-07 17:29:51,858 - INFO -   dropout: 0.4
2026-05-07 17:29:51,858 - INFO -   early_stop_patience: 3
2026-05-07 17:29:51,858 - INFO -   enable_module1: True
2026-05-07 17:29:51,858 - INFO -   epochs: 100
2026-05-07 17:29:51,858 - INFO -   generate_diagnosis: True
2026-05-07 17:29:51,858 - INFO -   gnn_residual_weight: 0.5
2026-05-07 17:29:51,858 - INFO -   gpu_candidates: None
2026-05-07 17:29:51,858 - INFO -   gpu_ids: None
2026-05-07 17:29:51,858 - INFO -   gpu_memory_threshold: 2000
2026-05-07 17:29:51,859 - INFO -   gpus: None
2026-05-07 17:29:51,859 - INFO -   graph_dropout: 0.0
2026-05-07 17:29:51,859 - INFO -   graph_edge_bias_rank: 8
2026-05-07 17:29:51,859 - INFO -   graph_entropy_max: 0.7
2026-05-07 17:29:51,859 - INFO -   graph_entropy_min: 0.15
2026-05-07 17:29:51,859 - INFO -   graph_headwise_query_gate: True
2026-05-07 17:29:51,859 - INFO -   graph_identity_residual: 0.05
2026-05-07 17:29:51,859 - INFO -   graph_prior_logit_scale: 0.45
2026-05-07 17:29:51,859 - INFO -   graph_propagation_alpha: 0.25
2026-05-07 17:29:51,859 - INFO -   graph_query_adapter_enable: True
2026-05-07 17:29:51,859 - INFO -   graph_query_readout_2hop_scale: 0.12
2026-05-07 17:29:51,859 - INFO -   graph_query_readout_scale: 0.45
2026-05-07 17:29:51,859 - INFO -   graph_reg_cap_ratio: 6.0
2026-05-07 17:29:51,859 - INFO -   graph_reg_warmup_epochs: 2
2026-05-07 17:29:51,859 - INFO -   graph_tau_init: 0.55
2026-05-07 17:29:51,859 - INFO -   graph_topk: 24
2026-05-07 17:29:51,859 - INFO -   graph_uniform_margin: 0.12
2026-05-07 17:29:51,859 - INFO -   knowledge_dim: 128
2026-05-07 17:29:51,859 - INFO -   lambda_alpha: 0.0
2026-05-07 17:29:51,859 - INFO -   lambda_alpha_min: 0.05
2026-05-07 17:29:51,859 - INFO -   lambda_graph_diag: 0.12
2026-05-07 17:29:51,859 - INFO -   lambda_graph_uniform: 0.06
2026-05-07 17:29:51,859 - INFO -   lambda_personal_kl: 0.03
2026-05-07 17:29:51,859 - INFO -   lambda_personal_query_residual: 0.06
2026-05-07 17:29:51,859 - INFO -   lambda_sparse: 0.6
2026-05-07 17:29:51,859 - INFO -   lambda_sparse_personal: 0.0005
2026-05-07 17:29:51,859 - INFO -   learning_rate: 0.003
2026-05-07 17:29:51,860 - INFO -   log_dir: logs/abce_diag/ae_reliability_gpu23_20260507_170717/junyi/seed42/best_full
2026-05-07 17:29:51,860 - INFO -   max_test_batches: None
2026-05-07 17:29:51,860 - INFO -   max_train_batches: None
2026-05-07 17:29:51,860 - INFO -   max_val_batches: None
2026-05-07 17:29:51,860 - INFO -   min_exer_interactions: 0
2026-05-07 17:29:51,860 - INFO -   min_poison_count: 0
2026-05-07 17:29:51,860 - INFO -   min_stu_interactions: 15
2026-05-07 17:29:51,860 - INFO -   model_variant: junyi_abce_best_full
2026-05-07 17:29:51,860 - INFO -   multi_gpu: False
2026-05-07 17:29:51,860 - INFO -   no_cuda: False
2026-05-07 17:29:51,860 - INFO -   num_gnn_layers: 2
2026-05-07 17:29:51,860 - INFO -   num_gpus: 1
2026-05-07 17:29:51,860 - INFO -   num_relation_heads: 2
2026-05-07 17:29:51,860 - INFO -   num_workers: 4
2026-05-07 17:29:51,860 - INFO -   patience: 1
2026-05-07 17:29:51,860 - INFO -   personal_alpha_base_init: 0.04
2026-05-07 17:29:51,860 - INFO -   personal_alpha_bias_scale: 0.0
2026-05-07 17:29:51,860 - INFO -   personal_alpha_budget: 0.09
2026-05-07 17:29:51,860 - INFO -   personal_alpha_temperature: 1.8
2026-05-07 17:29:51,860 - INFO -   personal_delta_scale: 4.0
2026-05-07 17:29:51,860 - INFO -   personal_disable_student_global_context: True
2026-05-07 17:29:51,860 - INFO -   personal_id_lr_mult: 0.25
2026-05-07 17:29:51,860 - INFO -   personal_include_neighbor_rows: False
2026-05-07 17:29:51,860 - INFO -   personal_local_hops: 1
2026-05-07 17:29:51,860 - INFO -   personal_max_alpha: 0.26
2026-05-07 17:29:51,860 - INFO -   personal_message_alignment_gate: True
2026-05-07 17:29:51,860 - INFO -   personal_neighbor_row_budget: 0.2
2026-05-07 17:29:51,861 - INFO -   personal_projection_hidden_factor: 2
2026-05-07 17:29:51,861 - INFO -   personal_query_correction_max_ratio: 0.2
2026-05-07 17:29:51,861 - INFO -   personal_query_correction_min_graph_anchor: 0.01
2026-05-07 17:29:51,861 - INFO -   personal_query_correction_scale: 0.6
2026-05-07 17:29:51,861 - INFO -   personal_query_message_gain: 1.0
2026-05-07 17:29:51,861 - INFO -   personal_query_residual_margin: 0.12
2026-05-07 17:29:51,861 - INFO -   personal_query_row_budget: 1.3
2026-05-07 17:29:51,861 - INFO -   personal_query_support_hops: 1
2026-05-07 17:29:51,861 - INFO -   personal_rank: 8
2026-05-07 17:29:51,861 - INFO -   personal_reg_warmup_epochs: 5
2026-05-07 17:29:51,861 - INFO -   personal_state_lr_mult: 1.5
2026-05-07 17:29:51,861 - INFO -   personal_student_dim: 64
2026-05-07 17:29:51,861 - INFO -   personal_support_include_graph: True
2026-05-07 17:29:51,861 - INFO -   personal_support_include_neighbors: False
2026-05-07 17:29:51,861 - INFO -   personal_support_include_query_self: True
2026-05-07 17:29:51,861 - INFO -   personal_support_only: True
2026-05-07 17:29:51,861 - INFO -   personal_value_use_global_basis: True
2026-05-07 17:29:51,861 - INFO -   personal_warmup_epochs: 5
2026-05-07 17:29:51,861 - INFO -   prediction_l2_lambda: 1e-05
2026-05-07 17:29:51,861 - INFO -   relation_theta_delta_clip: 2.0
2026-05-07 17:29:51,861 - INFO -   relation_theta_scale: 0.0
2026-05-07 17:29:51,861 - INFO -   save_dir: checkpoints/abce_diag/ae_reliability_gpu23_20260507_170717/junyi/seed42/best_full
2026-05-07 17:29:51,861 - INFO -   save_interval: 10
2026-05-07 17:29:51,861 - INFO -   seed: 42
2026-05-07 17:29:51,861 - INFO -   share_concept_embeddings: True
2026-05-07 17:29:51,861 - INFO -   use_concept_graph: True
2026-05-07 17:29:51,861 - INFO -   use_exercise_graph: True
2026-05-07 17:29:51,861 - INFO -   use_personal_graph: True
2026-05-07 17:29:51,862 - INFO -   weight_decay: 0.001
2026-05-07 17:29:51,957 - INFO - Using device: cuda:0 (physical gpu 3)
2026-05-07 17:29:51,957 - INFO - [junyi|junyi_abce_best_full|lr=0.003|drop=0.40] Loading datasets...
2026-05-07 17:29:51,958 - INFO - [junyi|junyi_abce_best_full|lr=0.003|drop=0.40] Regularization: graph_entropy(lambda_sparse)=0.600000, graph_diag=0.120000, graph_uniform=0.060000, personal_sparse=0.000500, personal_kl=0.030000, personal_query_residual=0.060000, alpha_penalty=0.000000, alpha_min=0.050000, prediction_l2=0.000010
2026-05-07 17:29:51,958 - INFO - [junyi|junyi_abce_best_full|lr=0.003|drop=0.40] Graph controls: entropy_band=[0.15, 0.70], uniform_margin=0.12, warmup_epochs=2, cap_ratio=6.00, graph_dropout=0.000, graph_tau_init=0.550
2026-05-07 17:29:51,958 - INFO - [junyi|junyi_abce_best_full|lr=0.003|drop=0.40] Personal controls: personal_max_alpha=0.260, personal_delta_scale=4.000, personal_warmup_epochs=5, personal_student_dim=64, alpha_min_target=0.0400, personal_local_hops=1, include_neighbor_rows=False, personal_support_only=True, personal_alpha_temperature=1.800, personal_alpha_budget=0.090, personal_query_row_budget=1.300, personal_neighbor_row_budget=0.200, personal_query_support_hops=1, personal_query_message_gain=1.000, personal_query_correction_scale=0.600, personal_state_lr_mult=1.500, personal_id_lr_mult=0.250, graph_propagation_alpha=0.250, graph_query_readout_scale=0.450, graph_query_readout_2hop_scale=0.120
2026-05-07 17:29:52,088 - INFO - [junyi] [数据清洗] 学生交互次数 < 15 次的学生：共移除 2188 个学生（仅统计用户数）
2026-05-07 17:29:52,109 - INFO - [junyi] [数据清洗] 学生冷启动过滤：在 train/valid/test 中共删除 35779 条记录。
2026-05-07 17:29:52,109 - INFO - [junyi] [数据清洗] 跳过题目冷门过滤（min_exer_interactions <= 0）。
2026-05-07 17:29:52,109 - INFO - [junyi] [数据清洗] 跳过毒题清洗（min_poison_count <= 0）。
2026-05-07 17:29:52,109 - INFO - [junyi] 正在构建ID映射...
2026-05-07 17:29:52,338 - INFO - [junyi] 正在构建Q矩阵...
2026-05-07 17:30:29,277 - INFO - [junyi] [A Prior] train-only evidence: item_edges=0, item_density=0.0000, item_entropy=0.0000, seq_raw_mass=485394.3, seq_weighted_mass=7091.1, seq_students=7812, seq_edges=122199, seq_density=0.2519, seq_entropy=4.2597
2026-05-07 17:30:29,282 - INFO - [junyi] [数据清洗] Valid train-seen 过滤：before=22111, after=22111, dropped=0, coverage=100.00%
2026-05-07 17:30:29,287 - INFO - [junyi] [数据清洗] Test train-seen 过滤：before=60499, after=60494, dropped=5, coverage=99.99%
2026-05-07 17:30:29,288 - INFO - [junyi] [统计] 开始统计清洗后每道题的概念数量分布...
2026-05-07 17:30:29,291 - INFO - [junyi] [Train] 概念数统计：题目数=697, 平均概念数=1.0000, min=1, max=1, 1概念=697 (100.00%), ≥2概念=0 (0.00%)
2026-05-07 17:30:29,291 - INFO - [junyi] [Train] 概念数直方图（概念数: 题目数量）: {1: 697}
2026-05-07 17:30:29,292 - INFO - [junyi] [Valid] 概念数统计：题目数=614, 平均概念数=1.0000, min=1, max=1, 1概念=614 (100.00%), ≥2概念=0 (0.00%)
2026-05-07 17:30:29,292 - INFO - [junyi] [Valid] 概念数直方图（概念数: 题目数量）: {1: 614}
2026-05-07 17:30:29,292 - INFO - [junyi] [Test] 概念数统计：题目数=663, 平均概念数=1.0000, min=1, max=1, 1概念=663 (100.00%), ≥2概念=0 (0.00%)
2026-05-07 17:30:29,292 - INFO - [junyi] [Test] 概念数直方图（概念数: 题目数量）: {1: 663}
2026-05-07 17:30:29,292 - INFO - [junyi] [统计] 概念数量统计完成。
2026-05-07 17:30:29,292 - INFO - [junyi] 正在加载数据集...
2026-05-07 17:30:29,387 - INFO - [junyi|junyi_abce_best_full|lr=0.003|drop=0.40] Train samples: 235446, Val samples: 22111
2026-05-07 17:30:29,387 - INFO - [junyi|junyi_abce_best_full|lr=0.003|drop=0.40] Number of students: 7812
2026-05-07 17:30:29,387 - INFO - [junyi|junyi_abce_best_full|lr=0.003|drop=0.40] Number of exercises: 697
2026-05-07 17:30:29,387 - INFO - [junyi|junyi_abce_best_full|lr=0.003|drop=0.40] Number of concepts: 697
2026-05-07 17:30:29,387 - INFO - [junyi|junyi_abce_best_full|lr=0.003|drop=0.40] [A Prior] item_edges=0 item_density=0.0000 item_entropy=0.0000 | seq_raw_mass=485394.3 seq_weighted_mass=7091.1 seq_students=7812 seq_edges=122199 seq_density=0.2519 seq_entropy=4.2597
2026-05-07 17:30:29,387 - INFO - [junyi|junyi_abce_best_full|lr=0.003|drop=0.40] Creating model...
2026-05-07 17:30:29,387 - INFO - [junyi|junyi_abce_best_full|lr=0.003|drop=0.40] Ablation switches: ablate_module1=False | enable_module1=True | use_concept_graph=True | effective(num_gnn_layers=2)
2026-05-07 17:30:47,142 - INFO - [junyi|junyi_abce_best_full|lr=0.003|drop=0.40] AE stat priors initialized: scale=1.000, train_global_rate=0.6550, student_absmean=0.4537, exercise_absmean=1.0534, concept_absmean=0.8177, student_concept_absmean=0.0091, reliability_absmean=0.7172
2026-05-07 17:30:47,151 - INFO - [junyi|junyi_abce_best_full|lr=0.003|drop=0.40] Ablation runtime check: args(ablate_module1=False) | expect(use_concept_graph=True,use_personal_graph=True) | model(enable_module1=True,use_concept_graph=True,use_personal_graph=True) | physical(has_knowledge_encoder=True,has_relation_learning=True,has_adaptive_gate=True,has_personal_generator=True)
2026-05-07 17:30:47,151 - INFO - [junyi|junyi_abce_best_full|lr=0.003|drop=0.40] Debug diagnostics enabled: diag_batches=1
2026-05-07 17:30:47,163 - INFO - [junyi|junyi_abce_best_full|lr=0.003|drop=0.40] [Graph Init] graph_tau_mean=1.0055, graph_tau_std=0.0000, graph_dropout=0.000, item_beta=0.4725±0.1800, seq_beta=0.4725±0.1800, self_loop_logit=0.7500, use_personal_graph=True
2026-05-07 17:30:47,164 - INFO - [junyi|junyi_abce_best_full|lr=0.003|drop=0.40] Total parameters: 1,168,000
2026-05-07 17:30:47,164 - INFO - [junyi|junyi_abce_best_full|lr=0.003|drop=0.40] Trainable parameters: 1,167,999
2026-05-07 17:30:48,146 - INFO - [junyi|junyi_abce_best_full|lr=0.003|drop=0.40] Optimizer param groups: backbone@lr=0.003, ae_joint@lr=0.003, personal_state@lr=0.0045
2026-05-07 17:30:48,146 - INFO - [junyi|junyi_abce_best_full|lr=0.003|drop=0.40] Monitor config: scheduler=val_auc(max), best_checkpoint=val_auc(max), early_stop=val_auc(max)
2026-05-07 17:30:48,146 - INFO - [junyi|junyi_abce_best_full|lr=0.003|drop=0.40] Starting training...
2026-05-07 17:35:47,279 - INFO - [junyi|junyi_abce_best_full|lr=0.003|drop=0.40] Epoch [001/100] | Train: Loss=0.4695, BCE=0.4625, Reg=0.0070, AUC=0.8509, ACC=0.7851, RMSE=0.3870 | Val: Loss=0.4964, BCE=0.4895, Reg=0.0070, AUC=0.8137, ACC=0.7692, RMSE=0.4008
2026-05-07 17:35:47,280 - INFO - [junyi|junyi_abce_best_full|lr=0.003|drop=0.40] [Reg Terms] Epoch [001] | Train: graph_entropy=0.000000, graph_diag=0.003052, graph_uniform=0.003342, graph_reg_scale=1.0000, prediction_l2=0.000000, personal_sparse=0.000271, alpha_var=0.000000, alpha_collapse=0.000222, reg_bce_ratio=0.0151 | Val: graph_entropy=0.000000, graph_diag=0.003022, graph_uniform=0.003342, graph_reg_scale=1.0000, prediction_l2=0.000000, personal_sparse=0.000270, alpha_var=0.000000, alpha_collapse=0.000196, reg_bce_ratio=0.0142
2026-05-07 17:35:47,365 - INFO - [junyi|junyi_abce_best_full|lr=0.003|drop=0.40] [Diag][AE] Epoch [001] | irt_abs_mean=0.5013, irt_std=0.2684, personal_warmup_scale=0.20, relation_theta_delta=0.0000, relation_theta_logit=0.0000, relation_theta_neighbor_mass=0.0000, relation_theta_personal_mass=0.0000, ae_posterior_prior_scale=1.0000, ae_posterior_prior_logit=0.0274, ae_posterior_prior_delta=0.0274, graph_row_entropy=3.0547, graph_entropy_ratio=0.4666, alpha_mean=0.1305, alpha_std=0.0204, alpha_base_mean=0.1305, alpha_delta_absmean=0.0001, alpha_saturation_ratio=0.0000, alpha_bias_std=NA, alpha_state_path=0.0005, alpha_id_path=0.0000, alpha_bias_path=0.0000, head_bias_path=0.3160, personal_row_entropy=2.7047, personal_matrix_delta=0.0361, personal_matrix_student_std=0.0403, personal_delta_pre_softmax_norm=1.1984, personal_delta_student_std=1.1781, alpha_head_std=0.0204, query_row_global_readout_delta=0.0237, query_row_personal_message_delta=0.0046, ae_query_state_residual_delta=0.0000, ae_logit_residual_abs_mean=0.9638, query_row_posterior_delta_abs=0.0361, query_row_posterior_kl=0.0200, query_row_delta_local_rms_raw=0.0156, query_row_message_projection_gain=0.4330, personal_to_graph_query_ratio=0.1925, query_row_global_support_mass=0.9498, query_row_personal_support_mass=5.6727, neighbor_row_personal_delta=0.0000, personal_row_budget_mean=1.3000, personal_query_row_std=0.1118, readout_query_support_mass=0.9498, personal_student_mix=0.0000, personal_student_adapter=0.0000, local_row_ratio=0.0344, support_density=1.0000, readout_query_delta=0.0272, personal_bad_rows_active=0.00, personal_fallback_rows_active=0.00, personal_bad_row_rate_active=0.0000, personal_padded_rows=0.00, personal_logits_support_absmax=5.3782, personal_query_trust_scale_mean=0.6660, personal_bad_rows_all=0.00, personal_fallback_rows_all=0.00, personal_logits_absmax_all=5.3782
2026-05-07 17:35:47,366 - INFO - [junyi|junyi_abce_best_full|lr=0.003|drop=0.40] [Diag][A] Epoch [001] | entropy_ratio=0.4666, diag_mass=0.0504, to_uniform_l2=0.008610, to_identity_l2=0.036965, relation_identity_delta=0.036965, knowledge_state_graph_delta=0.106803, knowledge_state_personal_delta=0.000000, share_concept_embeddings=True, tau_mean=0.6540, tau_std=0.0002, graph_reg_scale(train/val)=1.0000/1.0000
2026-05-07 17:35:47,366 - INFO - [junyi|junyi_abce_best_full|lr=0.003|drop=0.40] [Diag][A Support] Epoch [001] | candidate_size=23.35, final_size=22.47, item_survival=0.0000, seq_survival=0.9610, item_seq_overlap=0.0000, self_retention=1.0000
2026-05-07 17:35:47,366 - INFO - [junyi|junyi_abce_best_full|lr=0.003|drop=0.40] [Diag][AE Components] Epoch [001] | student_prior=0.4761, exercise_prior=0.8328, concept_prior=0.7991, query_student_concept=0.0000, graph_student_concept=0.0187, posterior_prior=0.0274, reliability=0.6447, interpretable_bias=0.0917, explicit_feature=0.0052, interaction=0.0000, raw_before_clip=2.1378, raw_after_clip=1.9277
2026-05-07 17:35:47,366 - INFO - [junyi|junyi_abce_best_full|lr=0.003|drop=0.40] [Grad Norms] Epoch [001] | relation_emb=8.285538e-02, relation_tau=4.579494e-05, prior_strength=4.667663e-17, receiver_bias=2.111354e-03, self_loop=1.684653e-05, gate_head_bias=4.484853e-04, gate_query_weight=2.922751e-07, gate_context_weight=2.021923e-07, generator_state_mix=4.768149e-04
2026-05-07 17:35:47,590 - INFO - [junyi|junyi_abce_best_full|lr=0.003|drop=0.40] -> New best AUC=0.8137 at epoch 1
2026-05-07 17:40:57,619 - INFO - [junyi|junyi_abce_best_full|lr=0.003|drop=0.40] Epoch [002/100] | Train: Loss=0.4731, BCE=0.4595, Reg=0.0135, AUC=0.8529, ACC=0.7877, RMSE=0.3856 | Val: Loss=0.5005, BCE=0.4869, Reg=0.0135, AUC=0.8163, ACC=0.7723, RMSE=0.3994
2026-05-07 17:40:57,620 - INFO - [junyi|junyi_abce_best_full|lr=0.003|drop=0.40] [Reg Terms] Epoch [002] | Train: graph_entropy=0.000000, graph_diag=0.006039, graph_uniform=0.006683, graph_reg_scale=1.0000, prediction_l2=0.000000, personal_sparse=0.000539, alpha_var=0.000000, alpha_collapse=0.000050, reg_bce_ratio=0.0295 | Val: graph_entropy=0.000000, graph_diag=0.006040, graph_uniform=0.006684, graph_reg_scale=1.0000, prediction_l2=0.000000, personal_sparse=0.000544, alpha_var=0.000000, alpha_collapse=0.000048, reg_bce_ratio=0.0278
2026-05-07 17:40:57,702 - INFO - [junyi|junyi_abce_best_full|lr=0.003|drop=0.40] [Diag][AE] Epoch [002] | irt_abs_mean=0.5010, irt_std=0.1999, personal_warmup_scale=0.40, relation_theta_delta=0.0000, relation_theta_logit=0.0000, relation_theta_neighbor_mass=0.0000, relation_theta_personal_mass=0.0000, ae_posterior_prior_scale=1.0000, ae_posterior_prior_logit=0.0266, ae_posterior_prior_delta=0.0266, graph_row_entropy=3.0556, graph_entropy_ratio=0.4667, alpha_mean=0.1296, alpha_std=0.0376, alpha_base_mean=0.1296, alpha_delta_absmean=0.0001, alpha_saturation_ratio=0.0000, alpha_bias_std=NA, alpha_state_path=0.0014, alpha_id_path=0.0000, alpha_bias_path=0.0000, head_bias_path=0.5955, personal_row_entropy=2.7310, personal_matrix_delta=0.0347, personal_matrix_student_std=0.0381, personal_delta_pre_softmax_norm=1.2079, personal_delta_student_std=1.1914, alpha_head_std=0.0376, query_row_global_readout_delta=0.0244, query_row_personal_message_delta=0.0046, ae_query_state_residual_delta=0.0000, ae_logit_residual_abs_mean=0.9851, query_row_posterior_delta_abs=0.0347, query_row_posterior_kl=0.0185, query_row_delta_local_rms_raw=0.0101, query_row_message_projection_gain=0.2904, personal_to_graph_query_ratio=0.1903, query_row_global_support_mass=0.9499, query_row_personal_support_mass=5.4341, neighbor_row_personal_delta=0.0000, personal_row_budget_mean=1.3000, personal_query_row_std=0.0990, readout_query_support_mass=0.9499, personal_student_mix=0.0000, personal_student_adapter=0.0000, local_row_ratio=0.0344, support_density=1.0000, readout_query_delta=0.0282, personal_bad_rows_active=0.00, personal_fallback_rows_active=0.00, personal_bad_row_rate_active=0.0000, personal_padded_rows=0.00, personal_logits_support_absmax=5.3456, personal_query_trust_scale_mean=0.8921, personal_bad_rows_all=0.00, personal_fallback_rows_all=0.00, personal_logits_absmax_all=5.3456
2026-05-07 17:40:57,702 - INFO - [junyi|junyi_abce_best_full|lr=0.003|drop=0.40] [Diag][A] Epoch [002] | entropy_ratio=0.4667, diag_mass=0.0503, to_uniform_l2=0.008603, to_identity_l2=0.036965, relation_identity_delta=0.036965, knowledge_state_graph_delta=0.085747, knowledge_state_personal_delta=0.000000, share_concept_embeddings=True, tau_mean=0.6480, tau_std=0.0000, graph_reg_scale(train/val)=1.0000/1.0000
2026-05-07 17:40:57,702 - INFO - [junyi|junyi_abce_best_full|lr=0.003|drop=0.40] [Diag][A Support] Epoch [002] | candidate_size=23.35, final_size=22.47, item_survival=0.0000, seq_survival=0.9610, item_seq_overlap=0.0000, self_retention=1.0000
2026-05-07 17:40:57,702 - INFO - [junyi|junyi_abce_best_full|lr=0.003|drop=0.40] [Diag][AE Components] Epoch [002] | student_prior=0.4761, exercise_prior=0.8328, concept_prior=0.7991, query_student_concept=0.0000, graph_student_concept=0.0185, posterior_prior=0.0266, reliability=0.6423, interpretable_bias=0.1659, explicit_feature=0.0058, interaction=0.0000, raw_before_clip=2.1984, raw_after_clip=1.9701
2026-05-07 17:40:57,702 - INFO - [junyi|junyi_abce_best_full|lr=0.003|drop=0.40] [Grad Norms] Epoch [002] | relation_emb=1.004965e-01, relation_tau=2.416455e-04, prior_strength=1.804699e-16, receiver_bias=3.567888e-03, self_loop=2.849004e-05, gate_head_bias=8.424694e-04, gate_query_weight=5.104471e-05, gate_context_weight=4.757466e-05, generator_state_mix=3.311602e-04
2026-05-07 17:40:58,132 - INFO - [junyi|junyi_abce_best_full|lr=0.003|drop=0.40] -> New best AUC=0.8163 at epoch 2
2026-05-07 17:46:10,826 - INFO - [junyi|junyi_abce_best_full|lr=0.003|drop=0.40] Epoch [003/100] | Train: Loss=0.4716, BCE=0.4577, Reg=0.0139, AUC=0.8545, ACC=0.7886, RMSE=0.3846 | Val: Loss=0.5007, BCE=0.4868, Reg=0.0139, AUC=0.8169, ACC=0.7720, RMSE=0.3994
2026-05-07 17:46:10,827 - INFO - [junyi|junyi_abce_best_full|lr=0.003|drop=0.40] [Reg Terms] Epoch [003] | Train: graph_entropy=0.000000, graph_diag=0.006039, graph_uniform=0.006683, graph_reg_scale=1.0000, prediction_l2=0.000000, personal_sparse=0.000808, alpha_var=0.000000, alpha_collapse=0.000002, reg_bce_ratio=0.0303 | Val: graph_entropy=0.000000, graph_diag=0.006041, graph_uniform=0.006684, graph_reg_scale=1.0000, prediction_l2=0.000000, personal_sparse=0.000806, alpha_var=0.000000, alpha_collapse=0.000000, reg_bce_ratio=0.0285
2026-05-07 17:46:10,872 - INFO - [junyi|junyi_abce_best_full|lr=0.003|drop=0.40] [Diag][AE] Epoch [003] | irt_abs_mean=0.4890, irt_std=0.1913, personal_warmup_scale=0.60, relation_theta_delta=0.0000, relation_theta_logit=0.0000, relation_theta_neighbor_mass=0.0000, relation_theta_personal_mass=0.0000, ae_posterior_prior_scale=1.0000, ae_posterior_prior_logit=0.0364, ae_posterior_prior_delta=0.0364, graph_row_entropy=3.0556, graph_entropy_ratio=0.4667, alpha_mean=0.1300, alpha_std=0.0400, alpha_base_mean=0.1300, alpha_delta_absmean=0.0001, alpha_saturation_ratio=0.0000, alpha_bias_std=NA, alpha_state_path=0.0013, alpha_id_path=0.0000, alpha_bias_path=0.0000, head_bias_path=0.6359, personal_row_entropy=2.6976, personal_matrix_delta=0.0358, personal_matrix_student_std=0.0393, personal_delta_pre_softmax_norm=1.2403, personal_delta_student_std=1.2259, alpha_head_std=0.0400, query_row_global_readout_delta=0.0239, query_row_personal_message_delta=0.0044, ae_query_state_residual_delta=0.0000, ae_logit_residual_abs_mean=1.0224, query_row_posterior_delta_abs=0.0358, query_row_posterior_kl=0.0194, query_row_delta_local_rms_raw=0.0131, query_row_message_projection_gain=0.3673, personal_to_graph_query_ratio=0.1833, query_row_global_support_mass=0.9499, query_row_personal_support_mass=5.5196, neighbor_row_personal_delta=0.0000, personal_row_budget_mean=1.3000, personal_query_row_std=0.1205, readout_query_support_mass=0.9499, personal_student_mix=0.0000, personal_student_adapter=0.0000, local_row_ratio=0.0344, support_density=1.0000, readout_query_delta=0.0272, personal_bad_rows_active=0.00, personal_fallback_rows_active=0.00, personal_bad_row_rate_active=0.0000, personal_padded_rows=0.00, personal_logits_support_absmax=5.4715, personal_query_trust_scale_mean=0.7673, personal_bad_rows_all=0.00, personal_fallback_rows_all=0.00, personal_logits_absmax_all=5.4715
2026-05-07 17:46:10,872 - INFO - [junyi|junyi_abce_best_full|lr=0.003|drop=0.40] [Diag][A] Epoch [003] | entropy_ratio=0.4667, diag_mass=0.0503, to_uniform_l2=0.008603, to_identity_l2=0.036964, relation_identity_delta=0.036964, knowledge_state_graph_delta=0.086535, knowledge_state_personal_delta=0.000000, share_concept_embeddings=True, tau_mean=0.6505, tau_std=0.0000, graph_reg_scale(train/val)=1.0000/1.0000
2026-05-07 17:46:10,873 - INFO - [junyi|junyi_abce_best_full|lr=0.003|drop=0.40] [Diag][A Support] Epoch [003] | candidate_size=23.35, final_size=22.47, item_survival=0.0000, seq_survival=0.9610, item_seq_overlap=0.0000, self_retention=1.0000
2026-05-07 17:46:10,873 - INFO - [junyi|junyi_abce_best_full|lr=0.003|drop=0.40] [Diag][AE Components] Epoch [003] | student_prior=0.4761, exercise_prior=0.8328, concept_prior=0.7991, query_student_concept=0.0000, graph_student_concept=0.0184, posterior_prior=0.0364, reliability=0.6868, interpretable_bias=0.2361, explicit_feature=0.0054, interaction=0.0000, raw_before_clip=2.2957, raw_after_clip=2.0448
2026-05-07 17:46:10,873 - INFO - [junyi|junyi_abce_best_full|lr=0.003|drop=0.40] [Grad Norms] Epoch [003] | relation_emb=5.519253e-02, relation_tau=3.286102e-04, prior_strength=1.986997e-16, receiver_bias=3.161960e-03, self_loop=3.149531e-05, gate_head_bias=1.319779e-05, gate_query_weight=4.450863e-05, gate_context_weight=1.319310e-05, generator_state_mix=1.831602e-04
2026-05-07 17:46:11,239 - INFO - [junyi|junyi_abce_best_full|lr=0.003|drop=0.40] -> New best AUC=0.8169 at epoch 3
2026-05-07 17:51:00,020 - INFO - [junyi|junyi_abce_best_full|lr=0.003|drop=0.40] Epoch [004/100] | Train: Loss=0.4703, BCE=0.4560, Reg=0.0143, AUC=0.8557, ACC=0.7902, RMSE=0.3837 | Val: Loss=0.4996, BCE=0.4853, Reg=0.0143, AUC=0.8183, ACC=0.7728, RMSE=0.3986
2026-05-07 17:51:00,020 - INFO - [junyi|junyi_abce_best_full|lr=0.003|drop=0.40] [Reg Terms] Epoch [004] | Train: graph_entropy=0.000000, graph_diag=0.006039, graph_uniform=0.006683, graph_reg_scale=1.0000, prediction_l2=0.000000, personal_sparse=0.001080, alpha_var=0.000000, alpha_collapse=0.000001, reg_bce_ratio=0.0313 | Val: graph_entropy=0.000000, graph_diag=0.006038, graph_uniform=0.006683, graph_reg_scale=1.0000, prediction_l2=0.000000, personal_sparse=0.001072, alpha_var=0.000000, alpha_collapse=0.000000, reg_bce_ratio=0.0294
2026-05-07 17:51:00,082 - INFO - [junyi|junyi_abce_best_full|lr=0.003|drop=0.40] [Diag][AE] Epoch [004] | irt_abs_mean=0.5162, irt_std=0.1447, personal_warmup_scale=0.80, relation_theta_delta=0.0000, relation_theta_logit=0.0000, relation_theta_neighbor_mass=0.0000, relation_theta_personal_mass=0.0000, ae_posterior_prior_scale=1.0000, ae_posterior_prior_logit=0.0246, ae_posterior_prior_delta=0.0246, graph_row_entropy=3.0534, graph_entropy_ratio=0.4664, alpha_mean=0.1299, alpha_std=0.0400, alpha_base_mean=0.1299, alpha_delta_absmean=0.0013, alpha_saturation_ratio=0.0000, alpha_bias_std=NA, alpha_state_path=0.0164, alpha_id_path=0.0000, alpha_bias_path=0.0000, head_bias_path=0.6354, personal_row_entropy=2.6743, personal_matrix_delta=0.0365, personal_matrix_student_std=0.0397, personal_delta_pre_softmax_norm=1.2953, personal_delta_student_std=1.2821, alpha_head_std=0.0400, query_row_global_readout_delta=0.0232, query_row_personal_message_delta=0.0044, ae_query_state_residual_delta=0.0000, ae_logit_residual_abs_mean=1.0230, query_row_posterior_delta_abs=0.0365, query_row_posterior_kl=0.0202, query_row_delta_local_rms_raw=0.0112, query_row_message_projection_gain=0.3054, personal_to_graph_query_ratio=0.1913, query_row_global_support_mass=0.9499, query_row_personal_support_mass=5.5052, neighbor_row_personal_delta=0.0000, personal_row_budget_mean=1.3000, personal_query_row_std=0.1045, readout_query_support_mass=0.9499, personal_student_mix=0.0000, personal_student_adapter=0.0000, local_row_ratio=0.0344, support_density=1.0000, readout_query_delta=0.0268, personal_bad_rows_active=0.00, personal_fallback_rows_active=0.00, personal_bad_row_rate_active=0.0000, personal_padded_rows=0.00, personal_logits_support_absmax=5.4369, personal_query_trust_scale_mean=0.8032, personal_bad_rows_all=0.00, personal_fallback_rows_all=0.00, personal_logits_absmax_all=5.4369
2026-05-07 17:51:00,082 - INFO - [junyi|junyi_abce_best_full|lr=0.003|drop=0.40] [Diag][A] Epoch [004] | entropy_ratio=0.4664, diag_mass=0.0503, to_uniform_l2=0.008619, to_identity_l2=0.036969, relation_identity_delta=0.036969, knowledge_state_graph_delta=0.081630, knowledge_state_personal_delta=0.000000, share_concept_embeddings=True, tau_mean=0.6413, tau_std=0.0001, graph_reg_scale(train/val)=1.0000/1.0000
2026-05-07 17:51:00,083 - INFO - [junyi|junyi_abce_best_full|lr=0.003|drop=0.40] [Diag][A Support] Epoch [004] | candidate_size=23.35, final_size=22.47, item_survival=0.0000, seq_survival=0.9610, item_seq_overlap=0.0000, self_retention=1.0000
2026-05-07 17:51:00,083 - INFO - [junyi|junyi_abce_best_full|lr=0.003|drop=0.40] [Diag][AE Components] Epoch [004] | student_prior=0.4761, exercise_prior=0.8328, concept_prior=0.7991, query_student_concept=0.0000, graph_student_concept=0.0183, posterior_prior=0.0246, reliability=0.6187, interpretable_bias=0.3034, explicit_feature=0.0074, interaction=0.0000, raw_before_clip=2.3106, raw_after_clip=2.0460
2026-05-07 17:51:00,083 - INFO - [junyi|junyi_abce_best_full|lr=0.003|drop=0.40] [Grad Norms] Epoch [004] | relation_emb=8.335837e-02, relation_tau=3.547146e-04, prior_strength=1.144392e-16, receiver_bias=3.642266e-03, self_loop=3.104645e-05, gate_head_bias=1.664209e-03, gate_query_weight=7.053707e-06, gate_context_weight=1.092428e-06, generator_state_mix=8.493097e-04
2026-05-07 17:51:00,497 - INFO - [junyi|junyi_abce_best_full|lr=0.003|drop=0.40] -> New best AUC=0.8183 at epoch 4
2026-05-07 17:56:15,360 - INFO - [junyi|junyi_abce_best_full|lr=0.003|drop=0.40] Epoch [005/100] | Train: Loss=0.4691, BCE=0.4544, Reg=0.0147, AUC=0.8570, ACC=0.7913, RMSE=0.3828 | Val: Loss=0.4986, BCE=0.4839, Reg=0.0147, AUC=0.8192, ACC=0.7763, RMSE=0.3978
2026-05-07 17:56:15,361 - INFO - [junyi|junyi_abce_best_full|lr=0.003|drop=0.40] [Reg Terms] Epoch [005] | Train: graph_entropy=0.000000, graph_diag=0.006039, graph_uniform=0.006683, graph_reg_scale=1.0000, prediction_l2=0.000000, personal_sparse=0.001342, alpha_var=0.000000, alpha_collapse=0.000003, reg_bce_ratio=0.0323 | Val: graph_entropy=0.000000, graph_diag=0.006040, graph_uniform=0.006684, graph_reg_scale=1.0000, prediction_l2=0.000000, personal_sparse=0.001334, alpha_var=0.000000, alpha_collapse=0.000001, reg_bce_ratio=0.0303
2026-05-07 17:56:15,436 - INFO - [junyi|junyi_abce_best_full|lr=0.003|drop=0.40] [Diag][AE] Epoch [005] | irt_abs_mean=0.4365, irt_std=0.1009, personal_warmup_scale=1.00, relation_theta_delta=0.0000, relation_theta_logit=0.0000, relation_theta_neighbor_mass=0.0000, relation_theta_personal_mass=0.0000, ae_posterior_prior_scale=1.0000, ae_posterior_prior_logit=0.0294, ae_posterior_prior_delta=0.0294, graph_row_entropy=3.0551, graph_entropy_ratio=0.4667, alpha_mean=0.1301, alpha_std=0.0402, alpha_base_mean=0.1302, alpha_delta_absmean=0.0177, alpha_saturation_ratio=0.0000, alpha_bias_std=NA, alpha_state_path=0.1976, alpha_id_path=0.0000, alpha_bias_path=0.0000, head_bias_path=0.5383, personal_row_entropy=2.6861, personal_matrix_delta=0.0361, personal_matrix_student_std=0.0383, personal_delta_pre_softmax_norm=1.3130, personal_delta_student_std=1.2883, alpha_head_std=0.0342, query_row_global_readout_delta=0.0253, query_row_personal_message_delta=0.0033, ae_query_state_residual_delta=0.0000, ae_logit_residual_abs_mean=1.0506, query_row_posterior_delta_abs=0.0361, query_row_posterior_kl=0.0196, query_row_delta_local_rms_raw=0.0061, query_row_message_projection_gain=0.1685, personal_to_graph_query_ratio=0.1299, query_row_global_support_mass=0.9499, query_row_personal_support_mass=5.5772, neighbor_row_personal_delta=0.0000, personal_row_budget_mean=1.3000, personal_query_row_std=0.0984, readout_query_support_mass=0.9499, personal_student_mix=0.0000, personal_student_adapter=0.0000, local_row_ratio=0.0344, support_density=1.0000, readout_query_delta=0.0279, personal_bad_rows_active=0.00, personal_fallback_rows_active=0.00, personal_bad_row_rate_active=0.0000, personal_padded_rows=0.00, personal_logits_support_absmax=5.3819, personal_query_trust_scale_mean=1.0000, personal_bad_rows_all=0.00, personal_fallback_rows_all=0.00, personal_logits_absmax_all=5.3819
2026-05-07 17:56:15,436 - INFO - [junyi|junyi_abce_best_full|lr=0.003|drop=0.40] [Diag][A] Epoch [005] | entropy_ratio=0.4667, diag_mass=0.0503, to_uniform_l2=0.008607, to_identity_l2=0.036965, relation_identity_delta=0.036965, knowledge_state_graph_delta=0.047755, knowledge_state_personal_delta=0.000000, share_concept_embeddings=True, tau_mean=0.6476, tau_std=0.0001, graph_reg_scale(train/val)=1.0000/1.0000
2026-05-07 17:56:15,436 - INFO - [junyi|junyi_abce_best_full|lr=0.003|drop=0.40] [Diag][A Support] Epoch [005] | candidate_size=23.35, final_size=22.47, item_survival=0.0000, seq_survival=0.9610, item_seq_overlap=0.0000, self_retention=1.0000
2026-05-07 17:56:15,436 - INFO - [junyi|junyi_abce_best_full|lr=0.003|drop=0.40] [Diag][AE Components] Epoch [005] | student_prior=0.4761, exercise_prior=0.8328, concept_prior=0.7991, query_student_concept=0.0000, graph_student_concept=0.0185, posterior_prior=0.0294, reliability=0.6442, interpretable_bias=0.3653, explicit_feature=0.0081, interaction=0.0000, raw_before_clip=2.3894, raw_after_clip=2.1013
2026-05-07 17:56:15,436 - INFO - [junyi|junyi_abce_best_full|lr=0.003|drop=0.40] [Grad Norms] Epoch [005] | relation_emb=4.542748e-02, relation_tau=5.234778e-04, prior_strength=1.462765e-16, receiver_bias=3.111512e-03, self_loop=3.074391e-05, gate_head_bias=2.416000e-05, gate_query_weight=2.059509e-05, gate_context_weight=4.017266e-05, generator_state_mix=1.767038e-04
2026-05-07 17:56:15,877 - INFO - [junyi|junyi_abce_best_full|lr=0.003|drop=0.40] -> New best AUC=0.8192 at epoch 5
2026-05-07 18:01:29,540 - INFO - [junyi|junyi_abce_best_full|lr=0.003|drop=0.40] Epoch [006/100] | Train: Loss=0.4676, BCE=0.4529, Reg=0.0147, AUC=0.8581, ACC=0.7922, RMSE=0.3820 | Val: Loss=0.4972, BCE=0.4825, Reg=0.0147, AUC=0.8203, ACC=0.7757, RMSE=0.3971
2026-05-07 18:01:29,541 - INFO - [junyi|junyi_abce_best_full|lr=0.003|drop=0.40] [Reg Terms] Epoch [006] | Train: graph_entropy=0.000000, graph_diag=0.006039, graph_uniform=0.006683, graph_reg_scale=1.0000, prediction_l2=0.000000, personal_sparse=0.001341, alpha_var=0.000000, alpha_collapse=0.000003, reg_bce_ratio=0.0324 | Val: graph_entropy=0.000000, graph_diag=0.006035, graph_uniform=0.006683, graph_reg_scale=1.0000, prediction_l2=0.000000, personal_sparse=0.001323, alpha_var=0.000000, alpha_collapse=0.000012, reg_bce_ratio=0.0304
2026-05-07 18:01:29,613 - INFO - [junyi|junyi_abce_best_full|lr=0.003|drop=0.40] [Diag][AE] Epoch [006] | irt_abs_mean=0.4593, irt_std=0.1119, personal_warmup_scale=1.00, relation_theta_delta=0.0000, relation_theta_logit=0.0000, relation_theta_neighbor_mass=0.0000, relation_theta_personal_mass=0.0000, ae_posterior_prior_scale=1.0000, ae_posterior_prior_logit=0.0230, ae_posterior_prior_delta=0.0230, graph_row_entropy=3.0537, graph_entropy_ratio=0.4664, alpha_mean=0.1297, alpha_std=0.0394, alpha_base_mean=0.1299, alpha_delta_absmean=0.0175, alpha_saturation_ratio=0.0000, alpha_bias_std=NA, alpha_state_path=0.2004, alpha_id_path=0.0000, alpha_bias_path=0.0000, head_bias_path=0.5236, personal_row_entropy=2.6606, personal_matrix_delta=0.0371, personal_matrix_student_std=0.0413, personal_delta_pre_softmax_norm=1.2617, personal_delta_student_std=1.2325, alpha_head_std=0.0333, query_row_global_readout_delta=0.0250, query_row_personal_message_delta=0.0038, ae_query_state_residual_delta=0.0000, ae_logit_residual_abs_mean=1.0388, query_row_posterior_delta_abs=0.0371, query_row_posterior_kl=0.0209, query_row_delta_local_rms_raw=0.0076, query_row_message_projection_gain=0.2059, personal_to_graph_query_ratio=0.1519, query_row_global_support_mass=0.9499, query_row_personal_support_mass=5.6315, neighbor_row_personal_delta=0.0000, personal_row_budget_mean=1.3000, personal_query_row_std=0.1005, readout_query_support_mass=0.9499, personal_student_mix=0.0000, personal_student_adapter=0.0000, local_row_ratio=0.0344, support_density=1.0000, readout_query_delta=0.0279, personal_bad_rows_active=0.00, personal_fallback_rows_active=0.00, personal_bad_row_rate_active=0.0000, personal_padded_rows=0.00, personal_logits_support_absmax=5.4921, personal_query_trust_scale_mean=0.9812, personal_bad_rows_all=0.00, personal_fallback_rows_all=0.00, personal_logits_absmax_all=5.4921
2026-05-07 18:01:29,613 - INFO - [junyi|junyi_abce_best_full|lr=0.003|drop=0.40] [Diag][A] Epoch [006] | entropy_ratio=0.4664, diag_mass=0.0503, to_uniform_l2=0.008617, to_identity_l2=0.036969, relation_identity_delta=0.036969, knowledge_state_graph_delta=0.063105, knowledge_state_personal_delta=0.000000, share_concept_embeddings=True, tau_mean=0.6369, tau_std=0.0001, graph_reg_scale(train/val)=1.0000/1.0000
2026-05-07 18:01:29,614 - INFO - [junyi|junyi_abce_best_full|lr=0.003|drop=0.40] [Diag][A Support] Epoch [006] | candidate_size=23.35, final_size=22.47, item_survival=0.0000, seq_survival=0.9610, item_seq_overlap=0.0000, self_retention=1.0000
2026-05-07 18:01:29,614 - INFO - [junyi|junyi_abce_best_full|lr=0.003|drop=0.40] [Diag][AE Components] Epoch [006] | student_prior=0.4761, exercise_prior=0.8328, concept_prior=0.7991, query_student_concept=0.0000, graph_student_concept=0.0187, posterior_prior=0.0230, reliability=0.5279, interpretable_bias=0.4276, explicit_feature=0.0015, interaction=0.0000, raw_before_clip=2.3655, raw_after_clip=2.0776
2026-05-07 18:01:29,614 - INFO - [junyi|junyi_abce_best_full|lr=0.003|drop=0.40] [Grad Norms] Epoch [006] | relation_emb=3.283987e-02, relation_tau=1.177223e-03, prior_strength=1.993794e-16, receiver_bias=4.424272e-03, self_loop=2.852149e-05, gate_head_bias=3.424782e-05, gate_query_weight=7.384016e-05, gate_context_weight=7.993185e-05, generator_state_mix=1.443216e-04
2026-05-07 18:01:30,031 - INFO - [junyi|junyi_abce_best_full|lr=0.003|drop=0.40] -> New best AUC=0.8203 at epoch 6
2026-05-07 18:06:50,061 - INFO - [junyi|junyi_abce_best_full|lr=0.003|drop=0.40] Epoch [007/100] | Train: Loss=0.4661, BCE=0.4515, Reg=0.0147, AUC=0.8589, ACC=0.7929, RMSE=0.3813 | Val: Loss=0.4975, BCE=0.4829, Reg=0.0147, AUC=0.8203, ACC=0.7740, RMSE=0.3974
2026-05-07 18:06:50,061 - INFO - [junyi|junyi_abce_best_full|lr=0.003|drop=0.40] [Reg Terms] Epoch [007] | Train: graph_entropy=0.000000, graph_diag=0.006039, graph_uniform=0.006683, graph_reg_scale=1.0000, prediction_l2=0.000000, personal_sparse=0.001345, alpha_var=0.000000, alpha_collapse=0.000003, reg_bce_ratio=0.0325 | Val: graph_entropy=0.000000, graph_diag=0.006037, graph_uniform=0.006683, graph_reg_scale=1.0000, prediction_l2=0.000000, personal_sparse=0.001331, alpha_var=0.000000, alpha_collapse=0.000000, reg_bce_ratio=0.0304
2026-05-07 18:06:50,153 - INFO - [junyi|junyi_abce_best_full|lr=0.003|drop=0.40] [Diag][AE] Epoch [007] | irt_abs_mean=0.4271, irt_std=0.0835, personal_warmup_scale=1.00, relation_theta_delta=0.0000, relation_theta_logit=0.0000, relation_theta_neighbor_mass=0.0000, relation_theta_personal_mass=0.0000, ae_posterior_prior_scale=1.0000, ae_posterior_prior_logit=0.0237, ae_posterior_prior_delta=0.0237, graph_row_entropy=3.0544, graph_entropy_ratio=0.4666, alpha_mean=0.1302, alpha_std=0.0402, alpha_base_mean=0.1301, alpha_delta_absmean=0.0172, alpha_saturation_ratio=0.0000, alpha_bias_std=NA, alpha_state_path=0.1892, alpha_id_path=0.0000, alpha_bias_path=0.0000, head_bias_path=0.5476, personal_row_entropy=2.6476, personal_matrix_delta=0.0380, personal_matrix_student_std=0.0398, personal_delta_pre_softmax_norm=1.3686, personal_delta_student_std=1.3567, alpha_head_std=0.0348, query_row_global_readout_delta=0.0249, query_row_personal_message_delta=0.0039, ae_query_state_residual_delta=0.0000, ae_logit_residual_abs_mean=1.1317, query_row_posterior_delta_abs=0.0380, query_row_posterior_kl=0.0210, query_row_delta_local_rms_raw=0.0069, query_row_message_projection_gain=0.1809, personal_to_graph_query_ratio=0.1579, query_row_global_support_mass=0.9499, query_row_personal_support_mass=5.4652, neighbor_row_personal_delta=0.0000, personal_row_budget_mean=1.3000, personal_query_row_std=0.0871, readout_query_support_mass=0.9499, personal_student_mix=0.0000, personal_student_adapter=0.0000, local_row_ratio=0.0344, support_density=1.0000, readout_query_delta=0.0285, personal_bad_rows_active=0.00, personal_fallback_rows_active=0.00, personal_bad_row_rate_active=0.0000, personal_padded_rows=0.00, personal_logits_support_absmax=5.3009, personal_query_trust_scale_mean=0.9954, personal_bad_rows_all=0.00, personal_fallback_rows_all=0.00, personal_logits_absmax_all=5.3009
2026-05-07 18:06:50,153 - INFO - [junyi|junyi_abce_best_full|lr=0.003|drop=0.40] [Diag][A] Epoch [007] | entropy_ratio=0.4666, diag_mass=0.0503, to_uniform_l2=0.008612, to_identity_l2=0.036967, relation_identity_delta=0.036967, knowledge_state_graph_delta=0.047212, knowledge_state_personal_delta=0.000000, share_concept_embeddings=True, tau_mean=0.6435, tau_std=0.0000, graph_reg_scale(train/val)=1.0000/1.0000
2026-05-07 18:06:50,153 - INFO - [junyi|junyi_abce_best_full|lr=0.003|drop=0.40] [Diag][A Support] Epoch [007] | candidate_size=23.35, final_size=22.47, item_survival=0.0000, seq_survival=0.9610, item_seq_overlap=0.0000, self_retention=1.0000
2026-05-07 18:06:50,153 - INFO - [junyi|junyi_abce_best_full|lr=0.003|drop=0.40] [Diag][AE Components] Epoch [007] | student_prior=0.4761, exercise_prior=0.8328, concept_prior=0.7991, query_student_concept=0.0000, graph_student_concept=0.0184, posterior_prior=0.0237, reliability=0.8103, interpretable_bias=0.4868, explicit_feature=0.0018, interaction=0.0000, raw_before_clip=2.6087, raw_after_clip=2.2634
2026-05-07 18:06:50,153 - INFO - [junyi|junyi_abce_best_full|lr=0.003|drop=0.40] [Grad Norms] Epoch [007] | relation_emb=2.883025e-02, relation_tau=2.147485e-05, prior_strength=1.055191e-16, receiver_bias=2.568121e-03, self_loop=2.990161e-05, gate_head_bias=9.280448e-06, gate_query_weight=4.720581e-05, gate_context_weight=2.057278e-05, generator_state_mix=3.449801e-04
2026-05-07 18:06:50,153 - INFO - [junyi|junyi_abce_best_full|lr=0.003|drop=0.40] -> No improvement 1 epoch(s) (best AUC=0.8203 @ 6)
2026-05-07 18:12:09,389 - INFO - [junyi|junyi_abce_best_full|lr=0.003|drop=0.40] Epoch [008/100] | Train: Loss=0.4647, BCE=0.4500, Reg=0.0147, AUC=0.8596, ACC=0.7938, RMSE=0.3806 | Val: Loss=0.4959, BCE=0.4813, Reg=0.0146, AUC=0.8210, ACC=0.7766, RMSE=0.3964
2026-05-07 18:12:09,389 - INFO - [junyi|junyi_abce_best_full|lr=0.003|drop=0.40] [Reg Terms] Epoch [008] | Train: graph_entropy=0.000000, graph_diag=0.006040, graph_uniform=0.006683, graph_reg_scale=1.0000, prediction_l2=0.000000, personal_sparse=0.001344, alpha_var=0.000000, alpha_collapse=0.000003, reg_bce_ratio=0.0326 | Val: graph_entropy=0.000000, graph_diag=0.006036, graph_uniform=0.006684, graph_reg_scale=1.0000, prediction_l2=0.000000, personal_sparse=0.001363, alpha_var=0.000000, alpha_collapse=0.000012, reg_bce_ratio=0.0304
2026-05-07 18:12:09,471 - INFO - [junyi|junyi_abce_best_full|lr=0.003|drop=0.40] [Diag][AE] Epoch [008] | irt_abs_mean=0.4159, irt_std=0.0799, personal_warmup_scale=1.00, relation_theta_delta=0.0000, relation_theta_logit=0.0000, relation_theta_neighbor_mass=0.0000, relation_theta_personal_mass=0.0000, ae_posterior_prior_scale=1.0000, ae_posterior_prior_logit=0.0238, ae_posterior_prior_delta=0.0238, graph_row_entropy=3.0549, graph_entropy_ratio=0.4666, alpha_mean=0.1299, alpha_std=0.0398, alpha_base_mean=0.1301, alpha_delta_absmean=0.0166, alpha_saturation_ratio=0.0000, alpha_bias_std=NA, alpha_state_path=0.1759, alpha_id_path=0.0000, alpha_bias_path=0.0000, head_bias_path=0.5298, personal_row_entropy=2.7404, personal_matrix_delta=0.0332, personal_matrix_student_std=0.0367, personal_delta_pre_softmax_norm=1.2293, personal_delta_student_std=1.2078, alpha_head_std=0.0336, query_row_global_readout_delta=0.0242, query_row_personal_message_delta=0.0020, ae_query_state_residual_delta=0.0000, ae_logit_residual_abs_mean=1.0940, query_row_posterior_delta_abs=0.0332, query_row_posterior_kl=0.0175, query_row_delta_local_rms_raw=0.0038, query_row_message_projection_gain=0.1157, personal_to_graph_query_ratio=0.0837, query_row_global_support_mass=0.9499, query_row_personal_support_mass=5.3517, neighbor_row_personal_delta=0.0000, personal_row_budget_mean=1.3000, personal_query_row_std=0.0949, readout_query_support_mass=0.9499, personal_student_mix=0.0000, personal_student_adapter=0.0000, local_row_ratio=0.0344, support_density=1.0000, readout_query_delta=0.0257, personal_bad_rows_active=0.00, personal_fallback_rows_active=0.00, personal_bad_row_rate_active=0.0000, personal_padded_rows=0.00, personal_logits_support_absmax=5.4495, personal_query_trust_scale_mean=1.0000, personal_bad_rows_all=0.00, personal_fallback_rows_all=0.00, personal_logits_absmax_all=5.4495
2026-05-07 18:12:09,471 - INFO - [junyi|junyi_abce_best_full|lr=0.003|drop=0.40] [Diag][A] Epoch [008] | entropy_ratio=0.4666, diag_mass=0.0503, to_uniform_l2=0.008608, to_identity_l2=0.036967, relation_identity_delta=0.036967, knowledge_state_graph_delta=0.033170, knowledge_state_personal_delta=0.000000, share_concept_embeddings=True, tau_mean=0.6416, tau_std=0.0002, graph_reg_scale(train/val)=1.0000/1.0000
2026-05-07 18:12:09,471 - INFO - [junyi|junyi_abce_best_full|lr=0.003|drop=0.40] [Diag][A Support] Epoch [008] | candidate_size=23.35, final_size=22.47, item_survival=0.0000, seq_survival=0.9610, item_seq_overlap=0.0000, self_retention=1.0000
2026-05-07 18:12:09,471 - INFO - [junyi|junyi_abce_best_full|lr=0.003|drop=0.40] [Diag][AE Components] Epoch [008] | student_prior=0.4761, exercise_prior=0.8328, concept_prior=0.7991, query_student_concept=0.0000, graph_student_concept=0.0185, posterior_prior=0.0238, reliability=0.6046, interpretable_bias=0.5405, explicit_feature=0.0012, interaction=0.0000, raw_before_clip=2.5160, raw_after_clip=2.1879
2026-05-07 18:12:09,471 - INFO - [junyi|junyi_abce_best_full|lr=0.003|drop=0.40] [Grad Norms] Epoch [008] | relation_emb=1.800436e-02, relation_tau=6.593406e-04, prior_strength=8.086828e-17, receiver_bias=2.855865e-03, self_loop=2.588884e-05, gate_head_bias=2.454801e-06, gate_query_weight=7.990206e-06, gate_context_weight=7.950846e-06, generator_state_mix=3.607995e-04
2026-05-07 18:12:09,931 - INFO - [junyi|junyi_abce_best_full|lr=0.003|drop=0.40] -> New best AUC=0.8210 at epoch 8
2026-05-07 18:17:17,929 - INFO - [junyi|junyi_abce_best_full|lr=0.003|drop=0.40] Epoch [009/100] | Train: Loss=0.4635, BCE=0.4488, Reg=0.0147, AUC=0.8605, ACC=0.7944, RMSE=0.3799 | Val: Loss=0.4954, BCE=0.4807, Reg=0.0147, AUC=0.8215, ACC=0.7753, RMSE=0.3964
2026-05-07 18:17:17,930 - INFO - [junyi|junyi_abce_best_full|lr=0.003|drop=0.40] [Reg Terms] Epoch [009] | Train: graph_entropy=0.000000, graph_diag=0.006039, graph_uniform=0.006684, graph_reg_scale=1.0000, prediction_l2=0.000000, personal_sparse=0.001338, alpha_var=0.000000, alpha_collapse=0.000003, reg_bce_ratio=0.0327 | Val: graph_entropy=0.000000, graph_diag=0.006034, graph_uniform=0.006683, graph_reg_scale=1.0000, prediction_l2=0.000000, personal_sparse=0.001338, alpha_var=0.000000, alpha_collapse=0.000017, reg_bce_ratio=0.0306
2026-05-07 18:17:17,985 - INFO - [junyi|junyi_abce_best_full|lr=0.003|drop=0.40] [Diag][AE] Epoch [009] | irt_abs_mean=0.4299, irt_std=0.0854, personal_warmup_scale=1.00, relation_theta_delta=0.0000, relation_theta_logit=0.0000, relation_theta_neighbor_mass=0.0000, relation_theta_personal_mass=0.0000, ae_posterior_prior_scale=1.0000, ae_posterior_prior_logit=0.0265, ae_posterior_prior_delta=0.0265, graph_row_entropy=3.0544, graph_entropy_ratio=0.4666, alpha_mean=0.1303, alpha_std=0.0398, alpha_base_mean=0.1300, alpha_delta_absmean=0.0160, alpha_saturation_ratio=0.0000, alpha_bias_std=NA, alpha_state_path=0.1688, alpha_id_path=0.0000, alpha_bias_path=0.0000, head_bias_path=0.5402, personal_row_entropy=2.6930, personal_matrix_delta=0.0365, personal_matrix_student_std=0.0393, personal_delta_pre_softmax_norm=1.2967, personal_delta_student_std=1.2770, alpha_head_std=0.0344, query_row_global_readout_delta=0.0246, query_row_personal_message_delta=0.0019, ae_query_state_residual_delta=0.0000, ae_logit_residual_abs_mean=1.1457, query_row_posterior_delta_abs=0.0365, query_row_posterior_kl=0.0201, query_row_delta_local_rms_raw=0.0037, query_row_message_projection_gain=0.1000, personal_to_graph_query_ratio=0.0788, query_row_global_support_mass=0.9499, query_row_personal_support_mass=5.4652, neighbor_row_personal_delta=0.0000, personal_row_budget_mean=1.3000, personal_query_row_std=0.1100, readout_query_support_mass=0.9499, personal_student_mix=0.0000, personal_student_adapter=0.0000, local_row_ratio=0.0344, support_density=1.0000, readout_query_delta=0.0261, personal_bad_rows_active=0.00, personal_fallback_rows_active=0.00, personal_bad_row_rate_active=0.0000, personal_padded_rows=0.00, personal_logits_support_absmax=5.3921, personal_query_trust_scale_mean=1.0000, personal_bad_rows_all=0.00, personal_fallback_rows_all=0.00, personal_logits_absmax_all=5.3921
2026-05-07 18:17:17,985 - INFO - [junyi|junyi_abce_best_full|lr=0.003|drop=0.40] [Diag][A] Epoch [009] | entropy_ratio=0.4666, diag_mass=0.0503, to_uniform_l2=0.008612, to_identity_l2=0.036968, relation_identity_delta=0.036968, knowledge_state_graph_delta=0.032765, knowledge_state_personal_delta=0.000000, share_concept_embeddings=True, tau_mean=0.6373, tau_std=0.0000, graph_reg_scale(train/val)=1.0000/1.0000
2026-05-07 18:17:17,985 - INFO - [junyi|junyi_abce_best_full|lr=0.003|drop=0.40] [Diag][A Support] Epoch [009] | candidate_size=23.35, final_size=22.47, item_survival=0.0000, seq_survival=0.9610, item_seq_overlap=0.0000, self_retention=1.0000
2026-05-07 18:17:17,986 - INFO - [junyi|junyi_abce_best_full|lr=0.003|drop=0.40] [Diag][AE Components] Epoch [009] | student_prior=0.4761, exercise_prior=0.8328, concept_prior=0.7991, query_student_concept=0.0000, graph_student_concept=0.0183, posterior_prior=0.0265, reliability=0.7762, interpretable_bias=0.5903, explicit_feature=0.0092, interaction=0.0000, raw_before_clip=2.6618, raw_after_clip=2.2915
2026-05-07 18:17:17,986 - INFO - [junyi|junyi_abce_best_full|lr=0.003|drop=0.40] [Grad Norms] Epoch [009] | relation_emb=1.565120e-02, relation_tau=9.373336e-04, prior_strength=1.387779e-16, receiver_bias=4.972688e-03, self_loop=2.572647e-05, gate_head_bias=1.864435e-03, gate_query_weight=7.346223e-04, gate_context_weight=7.197391e-04, generator_state_mix=4.299419e-04
2026-05-07 18:17:18,386 - INFO - [junyi|junyi_abce_best_full|lr=0.003|drop=0.40] -> New best AUC=0.8215 at epoch 9
2026-05-07 18:22:27,837 - INFO - [junyi|junyi_abce_best_full|lr=0.003|drop=0.40] Epoch [010/100] | Train: Loss=0.4624, BCE=0.4477, Reg=0.0147, AUC=0.8609, ACC=0.7949, RMSE=0.3794 | Val: Loss=0.4957, BCE=0.4810, Reg=0.0147, AUC=0.8221, ACC=0.7746, RMSE=0.3965
2026-05-07 18:22:27,838 - INFO - [junyi|junyi_abce_best_full|lr=0.003|drop=0.40] [Reg Terms] Epoch [010] | Train: graph_entropy=0.000000, graph_diag=0.006039, graph_uniform=0.006684, graph_reg_scale=1.0000, prediction_l2=0.000000, personal_sparse=0.001331, alpha_var=0.000000, alpha_collapse=0.000003, reg_bce_ratio=0.0328 | Val: graph_entropy=0.000000, graph_diag=0.006046, graph_uniform=0.006684, graph_reg_scale=1.0000, prediction_l2=0.000000, personal_sparse=0.001323, alpha_var=0.000000, alpha_collapse=0.000045, reg_bce_ratio=0.0306
2026-05-07 18:22:27,909 - INFO - [junyi|junyi_abce_best_full|lr=0.003|drop=0.40] [Diag][AE] Epoch [010] | irt_abs_mean=0.4812, irt_std=0.0913, personal_warmup_scale=1.00, relation_theta_delta=0.0000, relation_theta_logit=0.0000, relation_theta_neighbor_mass=0.0000, relation_theta_personal_mass=0.0000, ae_posterior_prior_scale=1.0000, ae_posterior_prior_logit=0.0334, ae_posterior_prior_delta=0.0334, graph_row_entropy=3.0558, graph_entropy_ratio=0.4668, alpha_mean=0.1296, alpha_std=0.0402, alpha_base_mean=0.1300, alpha_delta_absmean=0.0164, alpha_saturation_ratio=0.0000, alpha_bias_std=NA, alpha_state_path=0.1866, alpha_id_path=0.0000, alpha_bias_path=0.0000, head_bias_path=0.5499, personal_row_entropy=2.6324, personal_matrix_delta=0.0385, personal_matrix_student_std=0.0398, personal_delta_pre_softmax_norm=1.3349, personal_delta_student_std=1.3143, alpha_head_std=0.0349, query_row_global_readout_delta=0.0210, query_row_personal_message_delta=0.0032, ae_query_state_residual_delta=0.0000, ae_logit_residual_abs_mean=1.1481, query_row_posterior_delta_abs=0.0385, query_row_posterior_kl=0.0212, query_row_delta_local_rms_raw=0.0070, query_row_message_projection_gain=0.1824, personal_to_graph_query_ratio=0.1537, query_row_global_support_mass=0.9498, query_row_personal_support_mass=5.6061, neighbor_row_personal_delta=0.0000, personal_row_budget_mean=1.3000, personal_query_row_std=0.0808, readout_query_support_mass=0.9498, personal_student_mix=0.0000, personal_student_adapter=0.0000, local_row_ratio=0.0344, support_density=1.0000, readout_query_delta=0.0240, personal_bad_rows_active=0.00, personal_fallback_rows_active=0.00, personal_bad_row_rate_active=0.0000, personal_padded_rows=0.00, personal_logits_support_absmax=5.2871, personal_query_trust_scale_mean=0.8913, personal_bad_rows_all=0.00, personal_fallback_rows_all=0.00, personal_logits_absmax_all=5.2871
2026-05-07 18:22:27,909 - INFO - [junyi|junyi_abce_best_full|lr=0.003|drop=0.40] [Diag][A] Epoch [010] | entropy_ratio=0.4668, diag_mass=0.0504, to_uniform_l2=0.008601, to_identity_l2=0.036962, relation_identity_delta=0.036962, knowledge_state_graph_delta=0.095973, knowledge_state_personal_delta=0.000000, share_concept_embeddings=True, tau_mean=0.6580, tau_std=0.0000, graph_reg_scale(train/val)=1.0000/1.0000
2026-05-07 18:22:27,909 - INFO - [junyi|junyi_abce_best_full|lr=0.003|drop=0.40] [Diag][A Support] Epoch [010] | candidate_size=23.35, final_size=22.47, item_survival=0.0000, seq_survival=0.9610, item_seq_overlap=0.0000, self_retention=1.0000
2026-05-07 18:22:27,909 - INFO - [junyi|junyi_abce_best_full|lr=0.003|drop=0.40] [Diag][AE Components] Epoch [010] | student_prior=0.4761, exercise_prior=0.8328, concept_prior=0.7991, query_student_concept=0.0000, graph_student_concept=0.0182, posterior_prior=0.0334, reliability=0.7255, interpretable_bias=0.6357, explicit_feature=0.0108, interaction=0.0000, raw_before_clip=2.6778, raw_after_clip=2.2962
2026-05-07 18:22:27,909 - INFO - [junyi|junyi_abce_best_full|lr=0.003|drop=0.40] [Grad Norms] Epoch [010] | relation_emb=3.754002e-02, relation_tau=5.898786e-04, prior_strength=2.662772e-17, receiver_bias=3.117123e-03, self_loop=2.899029e-05, gate_head_bias=3.851012e-06, gate_query_weight=1.071652e-05, gate_context_weight=3.617509e-06, generator_state_mix=1.034309e-03
2026-05-07 18:22:28,335 - INFO - [junyi|junyi_abce_best_full|lr=0.003|drop=0.40] -> New best AUC=0.8221 at epoch 10
2026-05-07 18:22:28,425 - INFO - [junyi|junyi_abce_best_full|lr=0.003|drop=0.40] Checkpoint saved: checkpoints/abce_diag/ae_reliability_gpu23_20260507_170717/junyi/seed42/best_full/checkpoint_epoch_10.pth
2026-05-07 18:22:28,642 - INFO - [junyi|junyi_abce_best_full|lr=0.003|drop=0.40] [Module Activity] Epoch 10: Graph[LIVE_BUT_COLLAPSED] Personal[TRUST_CLIPPED]
2026-05-07 18:27:49,638 - INFO - [junyi|junyi_abce_best_full|lr=0.003|drop=0.40] Epoch [011/100] | Train: Loss=0.4612, BCE=0.4466, Reg=0.0147, AUC=0.8615, ACC=0.7961, RMSE=0.3788 | Val: Loss=0.4934, BCE=0.4787, Reg=0.0147, AUC=0.8222, ACC=0.7776, RMSE=0.3953
2026-05-07 18:27:49,639 - INFO - [junyi|junyi_abce_best_full|lr=0.003|drop=0.40] [Reg Terms] Epoch [011] | Train: graph_entropy=0.000000, graph_diag=0.006040, graph_uniform=0.006684, graph_reg_scale=1.0000, prediction_l2=0.000000, personal_sparse=0.001345, alpha_var=0.000000, alpha_collapse=0.000003, reg_bce_ratio=0.0328 | Val: graph_entropy=0.000000, graph_diag=0.006039, graph_uniform=0.006684, graph_reg_scale=1.0000, prediction_l2=0.000000, personal_sparse=0.001325, alpha_var=0.000000, alpha_collapse=0.000001, reg_bce_ratio=0.0307
2026-05-07 18:27:49,718 - INFO - [junyi|junyi_abce_best_full|lr=0.003|drop=0.40] [Diag][AE] Epoch [011] | irt_abs_mean=0.3958, irt_std=0.0946, personal_warmup_scale=1.00, relation_theta_delta=0.0000, relation_theta_logit=0.0000, relation_theta_neighbor_mass=0.0000, relation_theta_personal_mass=0.0000, ae_posterior_prior_scale=1.0000, ae_posterior_prior_logit=0.0265, ae_posterior_prior_delta=0.0265, graph_row_entropy=3.0555, graph_entropy_ratio=0.4667, alpha_mean=0.1303, alpha_std=0.0400, alpha_base_mean=0.1300, alpha_delta_absmean=0.0176, alpha_saturation_ratio=0.0000, alpha_bias_std=NA, alpha_state_path=0.1898, alpha_id_path=0.0000, alpha_bias_path=0.0000, head_bias_path=0.5370, personal_row_entropy=2.6585, personal_matrix_delta=0.0372, personal_matrix_student_std=0.0419, personal_delta_pre_softmax_norm=1.2577, personal_delta_student_std=1.2385, alpha_head_std=0.0342, query_row_global_readout_delta=0.0232, query_row_personal_message_delta=0.0044, ae_query_state_residual_delta=0.0000, ae_logit_residual_abs_mean=1.1367, query_row_posterior_delta_abs=0.0372, query_row_posterior_kl=0.0211, query_row_delta_local_rms_raw=0.0150, query_row_message_projection_gain=0.4048, personal_to_graph_query_ratio=0.1919, query_row_global_support_mass=0.9499, query_row_personal_support_mass=5.4659, neighbor_row_personal_delta=0.0000, personal_row_budget_mean=1.3000, personal_query_row_std=0.1433, readout_query_support_mass=0.9499, personal_student_mix=0.0000, personal_student_adapter=0.0000, local_row_ratio=0.0344, support_density=1.0000, readout_query_delta=0.0269, personal_bad_rows_active=0.00, personal_fallback_rows_active=0.00, personal_bad_row_rate_active=0.0000, personal_padded_rows=0.00, personal_logits_support_absmax=5.3891, personal_query_trust_scale_mean=0.6688, personal_bad_rows_all=0.00, personal_fallback_rows_all=0.00, personal_logits_absmax_all=5.3891
2026-05-07 18:27:49,718 - INFO - [junyi|junyi_abce_best_full|lr=0.003|drop=0.40] [Diag][A] Epoch [011] | entropy_ratio=0.4667, diag_mass=0.0503, to_uniform_l2=0.008604, to_identity_l2=0.036965, relation_identity_delta=0.036965, knowledge_state_graph_delta=0.098201, knowledge_state_personal_delta=0.000000, share_concept_embeddings=True, tau_mean=0.6460, tau_std=0.0001, graph_reg_scale(train/val)=1.0000/1.0000
2026-05-07 18:27:49,718 - INFO - [junyi|junyi_abce_best_full|lr=0.003|drop=0.40] [Diag][A Support] Epoch [011] | candidate_size=23.35, final_size=22.47, item_survival=0.0000, seq_survival=0.9610, item_seq_overlap=0.0000, self_retention=1.0000
2026-05-07 18:27:49,718 - INFO - [junyi|junyi_abce_best_full|lr=0.003|drop=0.40] [Diag][AE Components] Epoch [011] | student_prior=0.4761, exercise_prior=0.8328, concept_prior=0.7991, query_student_concept=0.0000, graph_student_concept=0.0184, posterior_prior=0.0265, reliability=0.6468, interpretable_bias=0.6790, explicit_feature=0.0003, interaction=0.0000, raw_before_clip=2.6592, raw_after_clip=2.2734
2026-05-07 18:27:49,718 - INFO - [junyi|junyi_abce_best_full|lr=0.003|drop=0.40] [Grad Norms] Epoch [011] | relation_emb=4.410368e-02, relation_tau=2.466147e-04, prior_strength=1.448884e-16, receiver_bias=3.981371e-03, self_loop=3.129676e-05, gate_head_bias=1.752544e-05, gate_query_weight=4.546497e-06, gate_context_weight=9.650386e-06, generator_state_mix=5.337940e-04
2026-05-07 18:27:50,215 - INFO - [junyi|junyi_abce_best_full|lr=0.003|drop=0.40] -> New best AUC=0.8222 at epoch 11
2026-05-07 18:33:09,899 - INFO - [junyi|junyi_abce_best_full|lr=0.003|drop=0.40] Epoch [012/100] | Train: Loss=0.4603, BCE=0.4457, Reg=0.0147, AUC=0.8618, ACC=0.7965, RMSE=0.3784 | Val: Loss=0.4944, BCE=0.4797, Reg=0.0147, AUC=0.8227, ACC=0.7764, RMSE=0.3959
2026-05-07 18:33:09,899 - INFO - [junyi|junyi_abce_best_full|lr=0.003|drop=0.40] [Reg Terms] Epoch [012] | Train: graph_entropy=0.000000, graph_diag=0.006040, graph_uniform=0.006684, graph_reg_scale=1.0000, prediction_l2=0.000000, personal_sparse=0.001338, alpha_var=0.000000, alpha_collapse=0.000003, reg_bce_ratio=0.0329 | Val: graph_entropy=0.000000, graph_diag=0.006034, graph_uniform=0.006683, graph_reg_scale=1.0000, prediction_l2=0.000000, personal_sparse=0.001321, alpha_var=0.000000, alpha_collapse=0.000018, reg_bce_ratio=0.0306
2026-05-07 18:33:09,981 - INFO - [junyi|junyi_abce_best_full|lr=0.003|drop=0.40] [Diag][AE] Epoch [012] | irt_abs_mean=0.4511, irt_std=0.0745, personal_warmup_scale=1.00, relation_theta_delta=0.0000, relation_theta_logit=0.0000, relation_theta_neighbor_mass=0.0000, relation_theta_personal_mass=0.0000, ae_posterior_prior_scale=1.0000, ae_posterior_prior_logit=0.0290, ae_posterior_prior_delta=0.0290, graph_row_entropy=3.0532, graph_entropy_ratio=0.4664, alpha_mean=0.1301, alpha_std=0.0395, alpha_base_mean=0.1300, alpha_delta_absmean=0.0165, alpha_saturation_ratio=0.0000, alpha_bias_std=NA, alpha_state_path=0.2056, alpha_id_path=0.0000, alpha_bias_path=0.0000, head_bias_path=0.5296, personal_row_entropy=2.6346, personal_matrix_delta=0.0384, personal_matrix_student_std=0.0401, personal_delta_pre_softmax_norm=1.3837, personal_delta_student_std=1.3601, alpha_head_std=0.0337, query_row_global_readout_delta=0.0241, query_row_personal_message_delta=0.0041, ae_query_state_residual_delta=0.0000, ae_logit_residual_abs_mean=1.1766, query_row_posterior_delta_abs=0.0384, query_row_posterior_kl=0.0216, query_row_delta_local_rms_raw=0.0089, query_row_message_projection_gain=0.2309, personal_to_graph_query_ratio=0.1717, query_row_global_support_mass=0.9499, query_row_personal_support_mass=5.5465, neighbor_row_personal_delta=0.0000, personal_row_budget_mean=1.3000, personal_query_row_std=0.1353, readout_query_support_mass=0.9499, personal_student_mix=0.0000, personal_student_adapter=0.0000, local_row_ratio=0.0345, support_density=1.0000, readout_query_delta=0.0276, personal_bad_rows_active=0.00, personal_fallback_rows_active=0.00, personal_bad_row_rate_active=0.0000, personal_padded_rows=0.00, personal_logits_support_absmax=5.3904, personal_query_trust_scale_mean=0.9218, personal_bad_rows_all=0.00, personal_fallback_rows_all=0.00, personal_logits_absmax_all=5.3904
2026-05-07 18:33:09,981 - INFO - [junyi|junyi_abce_best_full|lr=0.003|drop=0.40] [Diag][A] Epoch [012] | entropy_ratio=0.4664, diag_mass=0.0503, to_uniform_l2=0.008621, to_identity_l2=0.036970, relation_identity_delta=0.036970, knowledge_state_graph_delta=0.073619, knowledge_state_personal_delta=0.000000, share_concept_embeddings=True, tau_mean=0.6369, tau_std=0.0000, graph_reg_scale(train/val)=1.0000/1.0000
2026-05-07 18:33:09,981 - INFO - [junyi|junyi_abce_best_full|lr=0.003|drop=0.40] [Diag][A Support] Epoch [012] | candidate_size=23.35, final_size=22.47, item_survival=0.0000, seq_survival=0.9610, item_seq_overlap=0.0000, self_retention=1.0000
2026-05-07 18:33:09,981 - INFO - [junyi|junyi_abce_best_full|lr=0.003|drop=0.40] [Diag][AE Components] Epoch [012] | student_prior=0.4761, exercise_prior=0.8328, concept_prior=0.7991, query_student_concept=0.0000, graph_student_concept=0.0187, posterior_prior=0.0290, reliability=0.7609, interpretable_bias=0.7213, explicit_feature=0.0164, interaction=0.0000, raw_before_clip=2.7638, raw_after_clip=2.3532
2026-05-07 18:33:09,981 - INFO - [junyi|junyi_abce_best_full|lr=0.003|drop=0.40] [Grad Norms] Epoch [012] | relation_emb=2.162297e-02, relation_tau=5.983671e-04, prior_strength=7.371686e-17, receiver_bias=3.413748e-03, self_loop=2.494474e-05, gate_head_bias=6.036014e-06, gate_query_weight=9.433284e-06, gate_context_weight=1.466251e-05, generator_state_mix=2.473709e-05
2026-05-07 18:33:10,431 - INFO - [junyi|junyi_abce_best_full|lr=0.003|drop=0.40] -> New best AUC=0.8227 at epoch 12
2026-05-07 18:38:15,405 - INFO - [junyi|junyi_abce_best_full|lr=0.003|drop=0.40] Epoch [013/100] | Train: Loss=0.4594, BCE=0.4447, Reg=0.0147, AUC=0.8624, ACC=0.7967, RMSE=0.3779 | Val: Loss=0.4927, BCE=0.4780, Reg=0.0147, AUC=0.8230, ACC=0.7771, RMSE=0.3950
2026-05-07 18:38:15,406 - INFO - [junyi|junyi_abce_best_full|lr=0.003|drop=0.40] [Reg Terms] Epoch [013] | Train: graph_entropy=0.000000, graph_diag=0.006039, graph_uniform=0.006684, graph_reg_scale=1.0000, prediction_l2=0.000000, personal_sparse=0.001336, alpha_var=0.000000, alpha_collapse=0.000003, reg_bce_ratio=0.0330 | Val: graph_entropy=0.000000, graph_diag=0.006039, graph_uniform=0.006684, graph_reg_scale=1.0000, prediction_l2=0.000000, personal_sparse=0.001326, alpha_var=0.000000, alpha_collapse=0.000001, reg_bce_ratio=0.0307
2026-05-07 18:38:15,453 - INFO - [junyi|junyi_abce_best_full|lr=0.003|drop=0.40] [Diag][AE] Epoch [013] | irt_abs_mean=0.4315, irt_std=0.0799, personal_warmup_scale=1.00, relation_theta_delta=0.0000, relation_theta_logit=0.0000, relation_theta_neighbor_mass=0.0000, relation_theta_personal_mass=0.0000, ae_posterior_prior_scale=1.0000, ae_posterior_prior_logit=0.0203, ae_posterior_prior_delta=0.0203, graph_row_entropy=3.0554, graph_entropy_ratio=0.4667, alpha_mean=0.1303, alpha_std=0.0401, alpha_base_mean=0.1300, alpha_delta_absmean=0.0160, alpha_saturation_ratio=0.0000, alpha_bias_std=NA, alpha_state_path=0.1769, alpha_id_path=0.0000, alpha_bias_path=0.0000, head_bias_path=0.5532, personal_row_entropy=2.6535, personal_matrix_delta=0.0382, personal_matrix_student_std=0.0398, personal_delta_pre_softmax_norm=1.3807, personal_delta_student_std=1.3580, alpha_head_std=0.0352, query_row_global_readout_delta=0.0213, query_row_personal_message_delta=0.0025, ae_query_state_residual_delta=0.0000, ae_logit_residual_abs_mean=1.1736, query_row_posterior_delta_abs=0.0382, query_row_posterior_kl=0.0214, query_row_delta_local_rms_raw=0.0046, query_row_message_projection_gain=0.1202, personal_to_graph_query_ratio=0.1149, query_row_global_support_mass=0.9499, query_row_personal_support_mass=5.4997, neighbor_row_personal_delta=0.0000, personal_row_budget_mean=1.3000, personal_query_row_std=0.1085, readout_query_support_mass=0.9499, personal_student_mix=0.0000, personal_student_adapter=0.0000, local_row_ratio=0.0344, support_density=1.0000, readout_query_delta=0.0235, personal_bad_rows_active=0.00, personal_fallback_rows_active=0.00, personal_bad_row_rate_active=0.0000, personal_padded_rows=0.00, personal_logits_support_absmax=5.2975, personal_query_trust_scale_mean=0.9891, personal_bad_rows_all=0.00, personal_fallback_rows_all=0.00, personal_logits_absmax_all=5.2975
2026-05-07 18:38:15,453 - INFO - [junyi|junyi_abce_best_full|lr=0.003|drop=0.40] [Diag][A] Epoch [013] | entropy_ratio=0.4667, diag_mass=0.0503, to_uniform_l2=0.008605, to_identity_l2=0.036965, relation_identity_delta=0.036965, knowledge_state_graph_delta=0.025409, knowledge_state_personal_delta=0.000000, share_concept_embeddings=True, tau_mean=0.6478, tau_std=0.0001, graph_reg_scale(train/val)=1.0000/1.0000
2026-05-07 18:38:15,453 - INFO - [junyi|junyi_abce_best_full|lr=0.003|drop=0.40] [Diag][A Support] Epoch [013] | candidate_size=23.35, final_size=22.47, item_survival=0.0000, seq_survival=0.9610, item_seq_overlap=0.0000, self_retention=1.0000
2026-05-07 18:38:15,453 - INFO - [junyi|junyi_abce_best_full|lr=0.003|drop=0.40] [Diag][AE Components] Epoch [013] | student_prior=0.4761, exercise_prior=0.8328, concept_prior=0.7991, query_student_concept=0.0000, graph_student_concept=0.0184, posterior_prior=0.0203, reliability=0.7170, interpretable_bias=0.7585, explicit_feature=0.0059, interaction=0.0000, raw_before_clip=2.7657, raw_after_clip=2.3471
2026-05-07 18:38:15,453 - INFO - [junyi|junyi_abce_best_full|lr=0.003|drop=0.40] [Grad Norms] Epoch [013] | relation_emb=2.769813e-02, relation_tau=6.618190e-04, prior_strength=8.240968e-17, receiver_bias=3.754495e-03, self_loop=2.954823e-05, gate_head_bias=9.140217e-06, gate_query_weight=1.154017e-05, gate_context_weight=9.871507e-06, generator_state_mix=1.627077e-04
2026-05-07 18:38:15,755 - INFO - [junyi|junyi_abce_best_full|lr=0.003|drop=0.40] -> New best AUC=0.8230 at epoch 13
2026-05-07 18:43:34,080 - INFO - [junyi|junyi_abce_best_full|lr=0.003|drop=0.40] Epoch [014/100] | Train: Loss=0.4585, BCE=0.4438, Reg=0.0147, AUC=0.8628, ACC=0.7975, RMSE=0.3775 | Val: Loss=0.4938, BCE=0.4791, Reg=0.0147, AUC=0.8231, ACC=0.7766, RMSE=0.3956
2026-05-07 18:43:34,081 - INFO - [junyi|junyi_abce_best_full|lr=0.003|drop=0.40] [Reg Terms] Epoch [014] | Train: graph_entropy=0.000000, graph_diag=0.006040, graph_uniform=0.006684, graph_reg_scale=1.0000, prediction_l2=0.000000, personal_sparse=0.001328, alpha_var=0.000000, alpha_collapse=0.000003, reg_bce_ratio=0.0331 | Val: graph_entropy=0.000000, graph_diag=0.006040, graph_uniform=0.006684, graph_reg_scale=1.0000, prediction_l2=0.000000, personal_sparse=0.001344, alpha_var=0.000000, alpha_collapse=0.000014, reg_bce_ratio=0.0306
2026-05-07 18:43:34,175 - INFO - [junyi|junyi_abce_best_full|lr=0.003|drop=0.40] [Diag][AE] Epoch [014] | irt_abs_mean=0.4442, irt_std=0.0825, personal_warmup_scale=1.00, relation_theta_delta=0.0000, relation_theta_logit=0.0000, relation_theta_neighbor_mass=0.0000, relation_theta_personal_mass=0.0000, ae_posterior_prior_scale=1.0000, ae_posterior_prior_logit=0.0231, ae_posterior_prior_delta=0.0231, graph_row_entropy=3.0551, graph_entropy_ratio=0.4667, alpha_mean=0.1297, alpha_std=0.0396, alpha_base_mean=0.1299, alpha_delta_absmean=0.0159, alpha_saturation_ratio=0.0000, alpha_bias_std=NA, alpha_state_path=0.1778, alpha_id_path=0.0000, alpha_bias_path=0.0000, head_bias_path=0.5378, personal_row_entropy=2.6880, personal_matrix_delta=0.0368, personal_matrix_student_std=0.0385, personal_delta_pre_softmax_norm=1.2906, personal_delta_student_std=1.2809, alpha_head_std=0.0342, query_row_global_readout_delta=0.0125, query_row_personal_message_delta=0.0010, ae_query_state_residual_delta=0.0000, ae_logit_residual_abs_mean=1.2113, query_row_posterior_delta_abs=0.0368, query_row_posterior_kl=0.0197, query_row_delta_local_rms_raw=0.0020, query_row_message_projection_gain=0.0538, personal_to_graph_query_ratio=0.0838, query_row_global_support_mass=0.9499, query_row_personal_support_mass=5.5602, neighbor_row_personal_delta=0.0000, personal_row_budget_mean=1.3000, personal_query_row_std=0.0913, readout_query_support_mass=0.9499, personal_student_mix=0.0000, personal_student_adapter=0.0000, local_row_ratio=0.0344, support_density=1.0000, readout_query_delta=0.0133, personal_bad_rows_active=0.00, personal_fallback_rows_active=0.00, personal_bad_row_rate_active=0.0000, personal_padded_rows=0.00, personal_logits_support_absmax=5.2418, personal_query_trust_scale_mean=0.9999, personal_bad_rows_all=0.00, personal_fallback_rows_all=0.00, personal_logits_absmax_all=5.2418
2026-05-07 18:43:34,176 - INFO - [junyi|junyi_abce_best_full|lr=0.003|drop=0.40] [Diag][A] Epoch [014] | entropy_ratio=0.4667, diag_mass=0.0503, to_uniform_l2=0.008607, to_identity_l2=0.036965, relation_identity_delta=0.036965, knowledge_state_graph_delta=0.083315, knowledge_state_personal_delta=0.000000, share_concept_embeddings=True, tau_mean=0.6484, tau_std=0.0000, graph_reg_scale(train/val)=1.0000/1.0000
2026-05-07 18:43:34,176 - INFO - [junyi|junyi_abce_best_full|lr=0.003|drop=0.40] [Diag][A Support] Epoch [014] | candidate_size=23.35, final_size=22.47, item_survival=0.0000, seq_survival=0.9610, item_seq_overlap=0.0000, self_retention=1.0000
2026-05-07 18:43:34,176 - INFO - [junyi|junyi_abce_best_full|lr=0.003|drop=0.40] [Diag][AE Components] Epoch [014] | student_prior=0.4761, exercise_prior=0.8328, concept_prior=0.7991, query_student_concept=0.0000, graph_student_concept=0.0186, posterior_prior=0.0231, reliability=0.8334, interpretable_bias=0.7940, explicit_feature=0.0062, interaction=0.0000, raw_before_clip=2.8744, raw_after_clip=2.4226
2026-05-07 18:43:34,176 - INFO - [junyi|junyi_abce_best_full|lr=0.003|drop=0.40] [Grad Norms] Epoch [014] | relation_emb=5.803749e-03, relation_tau=1.645836e-04, prior_strength=9.938109e-17, receiver_bias=3.106568e-03, self_loop=3.135570e-05, gate_head_bias=1.841807e-03, gate_query_weight=7.912220e-04, gate_context_weight=7.679457e-04, generator_state_mix=4.869218e-04
2026-05-07 18:43:34,639 - INFO - [junyi|junyi_abce_best_full|lr=0.003|drop=0.40] -> New best AUC=0.8231 at epoch 14
2026-05-07 18:48:44,250 - INFO - [junyi|junyi_abce_best_full|lr=0.003|drop=0.40] Epoch [015/100] | Train: Loss=0.4576, BCE=0.4430, Reg=0.0147, AUC=0.8632, ACC=0.7984, RMSE=0.3770 | Val: Loss=0.4952, BCE=0.4805, Reg=0.0147, AUC=0.8232, ACC=0.7750, RMSE=0.3964
2026-05-07 18:48:44,250 - INFO - [junyi|junyi_abce_best_full|lr=0.003|drop=0.40] [Reg Terms] Epoch [015] | Train: graph_entropy=0.000000, graph_diag=0.006040, graph_uniform=0.006684, graph_reg_scale=1.0000, prediction_l2=0.000000, personal_sparse=0.001330, alpha_var=0.000000, alpha_collapse=0.000004, reg_bce_ratio=0.0331 | Val: graph_entropy=0.000000, graph_diag=0.006042, graph_uniform=0.006684, graph_reg_scale=1.0000, prediction_l2=0.000000, personal_sparse=0.001350, alpha_var=0.000000, alpha_collapse=0.000000, reg_bce_ratio=0.0305
2026-05-07 18:48:44,320 - INFO - [junyi|junyi_abce_best_full|lr=0.003|drop=0.40] [Diag][AE] Epoch [015] | irt_abs_mean=0.4333, irt_std=0.0806, personal_warmup_scale=1.00, relation_theta_delta=0.0000, relation_theta_logit=0.0000, relation_theta_neighbor_mass=0.0000, relation_theta_personal_mass=0.0000, ae_posterior_prior_scale=1.0000, ae_posterior_prior_logit=0.0220, ae_posterior_prior_delta=0.0220, graph_row_entropy=3.0558, graph_entropy_ratio=0.4668, alpha_mean=0.1302, alpha_std=0.0407, alpha_base_mean=0.1300, alpha_delta_absmean=0.0180, alpha_saturation_ratio=0.0000, alpha_bias_std=NA, alpha_state_path=0.1914, alpha_id_path=0.0000, alpha_bias_path=0.0000, head_bias_path=0.5445, personal_row_entropy=2.7013, personal_matrix_delta=0.0354, personal_matrix_student_std=0.0392, personal_delta_pre_softmax_norm=1.2429, personal_delta_student_std=1.2255, alpha_head_std=0.0347, query_row_global_readout_delta=0.0209, query_row_personal_message_delta=0.0013, ae_query_state_residual_delta=0.0000, ae_logit_residual_abs_mean=1.2606, query_row_posterior_delta_abs=0.0354, query_row_posterior_kl=0.0192, query_row_delta_local_rms_raw=0.0025, query_row_message_projection_gain=0.0698, personal_to_graph_query_ratio=0.0609, query_row_global_support_mass=0.9498, query_row_personal_support_mass=5.5811, neighbor_row_personal_delta=0.0000, personal_row_budget_mean=1.3000, personal_query_row_std=0.1136, readout_query_support_mass=0.9498, personal_student_mix=0.0000, personal_student_adapter=0.0000, local_row_ratio=0.0344, support_density=1.0000, readout_query_delta=0.0219, personal_bad_rows_active=0.00, personal_fallback_rows_active=0.00, personal_bad_row_rate_active=0.0000, personal_padded_rows=0.00, personal_logits_support_absmax=5.3729, personal_query_trust_scale_mean=1.0000, personal_bad_rows_all=0.00, personal_fallback_rows_all=0.00, personal_logits_absmax_all=5.3729
2026-05-07 18:48:44,321 - INFO - [junyi|junyi_abce_best_full|lr=0.003|drop=0.40] [Diag][A] Epoch [015] | entropy_ratio=0.4668, diag_mass=0.0503, to_uniform_l2=0.008602, to_identity_l2=0.036963, relation_identity_delta=0.036963, knowledge_state_graph_delta=0.022496, knowledge_state_personal_delta=0.000000, share_concept_embeddings=True, tau_mean=0.6536, tau_std=0.0000, graph_reg_scale(train/val)=1.0000/1.0000
2026-05-07 18:48:44,321 - INFO - [junyi|junyi_abce_best_full|lr=0.003|drop=0.40] [Diag][A Support] Epoch [015] | candidate_size=23.35, final_size=22.47, item_survival=0.0000, seq_survival=0.9610, item_seq_overlap=0.0000, self_retention=1.0000
2026-05-07 18:48:44,321 - INFO - [junyi|junyi_abce_best_full|lr=0.003|drop=0.40] [Diag][AE Components] Epoch [015] | student_prior=0.4761, exercise_prior=0.8328, concept_prior=0.7991, query_student_concept=0.0000, graph_student_concept=0.0185, posterior_prior=0.0220, reliability=0.9824, interpretable_bias=0.8280, explicit_feature=0.0025, interaction=0.0000, raw_before_clip=3.0117, raw_after_clip=2.5212
2026-05-07 18:48:44,321 - INFO - [junyi|junyi_abce_best_full|lr=0.003|drop=0.40] [Grad Norms] Epoch [015] | relation_emb=8.928002e-02, relation_tau=3.799953e-04, prior_strength=1.591419e-16, receiver_bias=3.030173e-03, self_loop=3.146842e-05, gate_head_bias=1.795851e-05, gate_query_weight=9.619593e-06, gate_context_weight=1.002680e-05, generator_state_mix=4.917358e-04
2026-05-07 18:48:44,749 - INFO - [junyi|junyi_abce_best_full|lr=0.003|drop=0.40] -> New best AUC=0.8232 at epoch 15
2026-05-07 18:54:05,088 - INFO - [junyi|junyi_abce_best_full|lr=0.003|drop=0.40] Epoch [016/100] | Train: Loss=0.4570, BCE=0.4423, Reg=0.0147, AUC=0.8634, ACC=0.7986, RMSE=0.3767 | Val: Loss=0.4930, BCE=0.4783, Reg=0.0147, AUC=0.8236, ACC=0.7780, RMSE=0.3952
2026-05-07 18:54:05,089 - INFO - [junyi|junyi_abce_best_full|lr=0.003|drop=0.40] [Reg Terms] Epoch [016] | Train: graph_entropy=0.000000, graph_diag=0.006040, graph_uniform=0.006684, graph_reg_scale=1.0000, prediction_l2=0.000000, personal_sparse=0.001337, alpha_var=0.000000, alpha_collapse=0.000003, reg_bce_ratio=0.0332 | Val: graph_entropy=0.000000, graph_diag=0.006035, graph_uniform=0.006683, graph_reg_scale=1.0000, prediction_l2=0.000000, personal_sparse=0.001314, alpha_var=0.000000, alpha_collapse=0.000000, reg_bce_ratio=0.0307
2026-05-07 18:54:05,172 - INFO - [junyi|junyi_abce_best_full|lr=0.003|drop=0.40] [Diag][AE] Epoch [016] | irt_abs_mean=0.4093, irt_std=0.0737, personal_warmup_scale=1.00, relation_theta_delta=0.0000, relation_theta_logit=0.0000, relation_theta_neighbor_mass=0.0000, relation_theta_personal_mass=0.0000, ae_posterior_prior_scale=1.0000, ae_posterior_prior_logit=0.0321, ae_posterior_prior_delta=0.0321, graph_row_entropy=3.0536, graph_entropy_ratio=0.4664, alpha_mean=0.1302, alpha_std=0.0402, alpha_base_mean=0.1300, alpha_delta_absmean=0.0169, alpha_saturation_ratio=0.0000, alpha_bias_std=NA, alpha_state_path=0.1876, alpha_id_path=0.0000, alpha_bias_path=0.0000, head_bias_path=0.5479, personal_row_entropy=2.6346, personal_matrix_delta=0.0390, personal_matrix_student_std=0.0414, personal_delta_pre_softmax_norm=1.3709, personal_delta_student_std=1.3513, alpha_head_std=0.0349, query_row_global_readout_delta=0.0232, query_row_personal_message_delta=0.0030, ae_query_state_residual_delta=0.0000, ae_logit_residual_abs_mean=1.2424, query_row_posterior_delta_abs=0.0390, query_row_posterior_kl=0.0225, query_row_delta_local_rms_raw=0.0058, query_row_message_projection_gain=0.1491, personal_to_graph_query_ratio=0.1302, query_row_global_support_mass=0.9499, query_row_personal_support_mass=5.4992, neighbor_row_personal_delta=0.0000, personal_row_budget_mean=1.3000, personal_query_row_std=0.1330, readout_query_support_mass=0.9499, personal_student_mix=0.0000, personal_student_adapter=0.0000, local_row_ratio=0.0344, support_density=1.0000, readout_query_delta=0.0257, personal_bad_rows_active=0.00, personal_fallback_rows_active=0.00, personal_bad_row_rate_active=0.0000, personal_padded_rows=0.00, personal_logits_support_absmax=5.4738, personal_query_trust_scale_mean=0.9913, personal_bad_rows_all=0.00, personal_fallback_rows_all=0.00, personal_logits_absmax_all=5.4738
2026-05-07 18:54:05,172 - INFO - [junyi|junyi_abce_best_full|lr=0.003|drop=0.40] [Diag][A] Epoch [016] | entropy_ratio=0.4664, diag_mass=0.0503, to_uniform_l2=0.008618, to_identity_l2=0.036969, relation_identity_delta=0.036969, knowledge_state_graph_delta=0.033574, knowledge_state_personal_delta=0.000000, share_concept_embeddings=True, tau_mean=0.6381, tau_std=0.0000, graph_reg_scale(train/val)=1.0000/1.0000
2026-05-07 18:54:05,172 - INFO - [junyi|junyi_abce_best_full|lr=0.003|drop=0.40] [Diag][A Support] Epoch [016] | candidate_size=23.35, final_size=22.47, item_survival=0.0000, seq_survival=0.9610, item_seq_overlap=0.0000, self_retention=1.0000
2026-05-07 18:54:05,172 - INFO - [junyi|junyi_abce_best_full|lr=0.003|drop=0.40] [Diag][AE Components] Epoch [016] | student_prior=0.4761, exercise_prior=0.8328, concept_prior=0.7991, query_student_concept=0.0000, graph_student_concept=0.0187, posterior_prior=0.0321, reliability=0.8896, interpretable_bias=0.8626, explicit_feature=0.0065, interaction=0.0000, raw_before_clip=2.9722, raw_after_clip=2.4848
2026-05-07 18:54:05,172 - INFO - [junyi|junyi_abce_best_full|lr=0.003|drop=0.40] [Grad Norms] Epoch [016] | relation_emb=2.998115e-02, relation_tau=1.439835e-03, prior_strength=1.494683e-16, receiver_bias=4.145529e-03, self_loop=2.454204e-05, gate_head_bias=6.057299e-06, gate_query_weight=1.176626e-05, gate_context_weight=9.869942e-06, generator_state_mix=8.211830e-05
2026-05-07 18:54:05,632 - INFO - [junyi|junyi_abce_best_full|lr=0.003|drop=0.40] -> New best AUC=0.8236 at epoch 16
2026-05-07 18:59:18,460 - INFO - [junyi|junyi_abce_best_full|lr=0.003|drop=0.40] Epoch [017/100] | Train: Loss=0.4563, BCE=0.4416, Reg=0.0147, AUC=0.8638, ACC=0.7988, RMSE=0.3764 | Val: Loss=0.4920, BCE=0.4773, Reg=0.0147, AUC=0.8238, ACC=0.7785, RMSE=0.3947
2026-05-07 18:59:18,461 - INFO - [junyi|junyi_abce_best_full|lr=0.003|drop=0.40] [Reg Terms] Epoch [017] | Train: graph_entropy=0.000000, graph_diag=0.006039, graph_uniform=0.006684, graph_reg_scale=1.0000, prediction_l2=0.000000, personal_sparse=0.001337, alpha_var=0.000000, alpha_collapse=0.000003, reg_bce_ratio=0.0332 | Val: graph_entropy=0.000000, graph_diag=0.006047, graph_uniform=0.006684, graph_reg_scale=1.0000, prediction_l2=0.000000, personal_sparse=0.001337, alpha_var=0.000000, alpha_collapse=0.000003, reg_bce_ratio=0.0308
2026-05-07 18:59:18,529 - INFO - [junyi|junyi_abce_best_full|lr=0.003|drop=0.40] [Diag][AE] Epoch [017] | irt_abs_mean=0.4262, irt_std=0.0769, personal_warmup_scale=1.00, relation_theta_delta=0.0000, relation_theta_logit=0.0000, relation_theta_neighbor_mass=0.0000, relation_theta_personal_mass=0.0000, ae_posterior_prior_scale=1.0000, ae_posterior_prior_logit=0.0195, ae_posterior_prior_delta=0.0195, graph_row_entropy=3.0568, graph_entropy_ratio=0.4669, alpha_mean=0.1302, alpha_std=0.0398, alpha_base_mean=0.1300, alpha_delta_absmean=0.0169, alpha_saturation_ratio=0.0000, alpha_bias_std=NA, alpha_state_path=0.1773, alpha_id_path=0.0000, alpha_bias_path=0.0000, head_bias_path=0.5313, personal_row_entropy=2.6852, personal_matrix_delta=0.0369, personal_matrix_student_std=0.0386, personal_delta_pre_softmax_norm=1.3202, personal_delta_student_std=1.2856, alpha_head_std=0.0338, query_row_global_readout_delta=0.0243, query_row_personal_message_delta=0.0025, ae_query_state_residual_delta=0.0000, ae_logit_residual_abs_mean=1.2352, query_row_posterior_delta_abs=0.0369, query_row_posterior_kl=0.0203, query_row_delta_local_rms_raw=0.0046, query_row_message_projection_gain=0.1258, personal_to_graph_query_ratio=0.1042, query_row_global_support_mass=0.9498, query_row_personal_support_mass=5.5526, neighbor_row_personal_delta=0.0000, personal_row_budget_mean=1.3000, personal_query_row_std=0.0939, readout_query_support_mass=0.9498, personal_student_mix=0.0000, personal_student_adapter=0.0000, local_row_ratio=0.0344, support_density=1.0000, readout_query_delta=0.0263, personal_bad_rows_active=0.00, personal_fallback_rows_active=0.00, personal_bad_row_rate_active=0.0000, personal_padded_rows=0.00, personal_logits_support_absmax=5.3593, personal_query_trust_scale_mean=1.0000, personal_bad_rows_all=0.00, personal_fallback_rows_all=0.00, personal_logits_absmax_all=5.3593
2026-05-07 18:59:18,529 - INFO - [junyi|junyi_abce_best_full|lr=0.003|drop=0.40] [Diag][A] Epoch [017] | entropy_ratio=0.4669, diag_mass=0.0504, to_uniform_l2=0.008594, to_identity_l2=0.036960, relation_identity_delta=0.036960, knowledge_state_graph_delta=0.031550, knowledge_state_personal_delta=0.000000, share_concept_embeddings=True, tau_mean=0.6600, tau_std=0.0000, graph_reg_scale(train/val)=1.0000/1.0000
2026-05-07 18:59:18,530 - INFO - [junyi|junyi_abce_best_full|lr=0.003|drop=0.40] [Diag][A Support] Epoch [017] | candidate_size=23.35, final_size=22.47, item_survival=0.0000, seq_survival=0.9610, item_seq_overlap=0.0000, self_retention=1.0000
2026-05-07 18:59:18,530 - INFO - [junyi|junyi_abce_best_full|lr=0.003|drop=0.40] [Diag][AE Components] Epoch [017] | student_prior=0.4761, exercise_prior=0.8328, concept_prior=0.7991, query_student_concept=0.0000, graph_student_concept=0.0185, posterior_prior=0.0195, reliability=0.8189, interpretable_bias=0.8907, explicit_feature=0.0110, interaction=0.0000, raw_before_clip=2.9527, raw_after_clip=2.4705
2026-05-07 18:59:18,530 - INFO - [junyi|junyi_abce_best_full|lr=0.003|drop=0.40] [Grad Norms] Epoch [017] | relation_emb=1.415861e-02, relation_tau=8.575676e-05, prior_strength=9.218549e-17, receiver_bias=3.092270e-03, self_loop=3.648118e-05, gate_head_bias=2.573209e-06, gate_query_weight=8.712794e-06, gate_context_weight=4.311175e-06, generator_state_mix=3.154291e-04
2026-05-07 18:59:19,079 - INFO - [junyi|junyi_abce_best_full|lr=0.003|drop=0.40] -> New best AUC=0.8238 at epoch 17
2026-05-07 19:04:41,739 - INFO - [junyi|junyi_abce_best_full|lr=0.003|drop=0.40] Epoch [018/100] | Train: Loss=0.4555, BCE=0.4409, Reg=0.0147, AUC=0.8642, ACC=0.7992, RMSE=0.3760 | Val: Loss=0.4928, BCE=0.4781, Reg=0.0147, AUC=0.8244, ACC=0.7770, RMSE=0.3952
2026-05-07 19:04:41,739 - INFO - [junyi|junyi_abce_best_full|lr=0.003|drop=0.40] [Reg Terms] Epoch [018] | Train: graph_entropy=0.000000, graph_diag=0.006041, graph_uniform=0.006684, graph_reg_scale=1.0000, prediction_l2=0.000000, personal_sparse=0.001332, alpha_var=0.000000, alpha_collapse=0.000003, reg_bce_ratio=0.0333 | Val: graph_entropy=0.000000, graph_diag=0.006038, graph_uniform=0.006684, graph_reg_scale=1.0000, prediction_l2=0.000000, personal_sparse=0.001332, alpha_var=0.000000, alpha_collapse=0.000038, reg_bce_ratio=0.0307
2026-05-07 19:04:41,816 - INFO - [junyi|junyi_abce_best_full|lr=0.003|drop=0.40] [Diag][AE] Epoch [018] | irt_abs_mean=0.4438, irt_std=0.0795, personal_warmup_scale=1.00, relation_theta_delta=0.0000, relation_theta_logit=0.0000, relation_theta_neighbor_mass=0.0000, relation_theta_personal_mass=0.0000, ae_posterior_prior_scale=1.0000, ae_posterior_prior_logit=0.0219, ae_posterior_prior_delta=0.0219, graph_row_entropy=3.0555, graph_entropy_ratio=0.4667, alpha_mean=0.1299, alpha_std=0.0394, alpha_base_mean=0.1300, alpha_delta_absmean=0.0174, alpha_saturation_ratio=0.0000, alpha_bias_std=NA, alpha_state_path=0.1967, alpha_id_path=0.0000, alpha_bias_path=0.0000, head_bias_path=0.5317, personal_row_entropy=2.6715, personal_matrix_delta=0.0369, personal_matrix_student_std=0.0391, personal_delta_pre_softmax_norm=1.3217, personal_delta_student_std=1.3072, alpha_head_std=0.0337, query_row_global_readout_delta=0.0253, query_row_personal_message_delta=0.0040, ae_query_state_residual_delta=0.0000, ae_logit_residual_abs_mean=1.2598, query_row_posterior_delta_abs=0.0369, query_row_posterior_kl=0.0201, query_row_delta_local_rms_raw=0.0075, query_row_message_projection_gain=0.2031, personal_to_graph_query_ratio=0.1601, query_row_global_support_mass=0.9499, query_row_personal_support_mass=5.3547, neighbor_row_personal_delta=0.0000, personal_row_budget_mean=1.3000, personal_query_row_std=0.1175, readout_query_support_mass=0.9499, personal_student_mix=0.0000, personal_student_adapter=0.0000, local_row_ratio=0.0344, support_density=1.0000, readout_query_delta=0.0287, personal_bad_rows_active=0.00, personal_fallback_rows_active=0.00, personal_bad_row_rate_active=0.0000, personal_padded_rows=0.00, personal_logits_support_absmax=5.3872, personal_query_trust_scale_mean=0.9920, personal_bad_rows_all=0.00, personal_fallback_rows_all=0.00, personal_logits_absmax_all=5.3872
2026-05-07 19:04:41,816 - INFO - [junyi|junyi_abce_best_full|lr=0.003|drop=0.40] [Diag][A] Epoch [018] | entropy_ratio=0.4667, diag_mass=0.0503, to_uniform_l2=0.008604, to_identity_l2=0.036965, relation_identity_delta=0.036965, knowledge_state_graph_delta=0.068670, knowledge_state_personal_delta=0.000000, share_concept_embeddings=True, tau_mean=0.6445, tau_std=0.0001, graph_reg_scale(train/val)=1.0000/1.0000
2026-05-07 19:04:41,816 - INFO - [junyi|junyi_abce_best_full|lr=0.003|drop=0.40] [Diag][A Support] Epoch [018] | candidate_size=23.35, final_size=22.47, item_survival=0.0000, seq_survival=0.9610, item_seq_overlap=0.0000, self_retention=1.0000
2026-05-07 19:04:41,816 - INFO - [junyi|junyi_abce_best_full|lr=0.003|drop=0.40] [Diag][AE Components] Epoch [018] | student_prior=0.4761, exercise_prior=0.8328, concept_prior=0.7991, query_student_concept=0.0000, graph_student_concept=0.0185, posterior_prior=0.0219, reliability=0.8883, interpretable_bias=0.9231, explicit_feature=0.0067, interaction=0.0000, raw_before_clip=3.0214, raw_after_clip=2.5195
2026-05-07 19:04:41,816 - INFO - [junyi|junyi_abce_best_full|lr=0.003|drop=0.40] [Grad Norms] Epoch [018] | relation_emb=1.576750e-02, relation_tau=9.569320e-06, prior_strength=1.279469e-16, receiver_bias=3.171959e-03, self_loop=3.042715e-05, gate_head_bias=2.085241e-05, gate_query_weight=3.048435e-06, gate_context_weight=3.838570e-06, generator_state_mix=3.129385e-04
2026-05-07 19:04:42,257 - INFO - [junyi|junyi_abce_best_full|lr=0.003|drop=0.40] -> New best AUC=0.8244 at epoch 18
2026-05-07 19:09:54,400 - INFO - [junyi|junyi_abce_best_full|lr=0.003|drop=0.40] Epoch [019/100] | Train: Loss=0.4549, BCE=0.4402, Reg=0.0147, AUC=0.8644, ACC=0.7998, RMSE=0.3757 | Val: Loss=0.4913, BCE=0.4766, Reg=0.0146, AUC=0.8244, ACC=0.7786, RMSE=0.3944
2026-05-07 19:09:54,400 - INFO - [junyi|junyi_abce_best_full|lr=0.003|drop=0.40] [Reg Terms] Epoch [019] | Train: graph_entropy=0.000000, graph_diag=0.006040, graph_uniform=0.006684, graph_reg_scale=1.0000, prediction_l2=0.000000, personal_sparse=0.001335, alpha_var=0.000000, alpha_collapse=0.000003, reg_bce_ratio=0.0333 | Val: graph_entropy=0.000000, graph_diag=0.006038, graph_uniform=0.006683, graph_reg_scale=1.0000, prediction_l2=0.000000, personal_sparse=0.001361, alpha_var=0.000000, alpha_collapse=0.000027, reg_bce_ratio=0.0307
2026-05-07 19:09:54,474 - INFO - [junyi|junyi_abce_best_full|lr=0.003|drop=0.40] [Diag][AE] Epoch [019] | irt_abs_mean=0.4233, irt_std=0.0580, personal_warmup_scale=1.00, relation_theta_delta=0.0000, relation_theta_logit=0.0000, relation_theta_neighbor_mass=0.0000, relation_theta_personal_mass=0.0000, ae_posterior_prior_scale=1.0000, ae_posterior_prior_logit=0.0382, ae_posterior_prior_delta=0.0382, graph_row_entropy=3.0544, graph_entropy_ratio=0.4665, alpha_mean=0.1299, alpha_std=0.0391, alpha_base_mean=0.1300, alpha_delta_absmean=0.0095, alpha_saturation_ratio=0.0000, alpha_bias_std=NA, alpha_state_path=0.1103, alpha_id_path=0.0000, alpha_bias_path=0.0000, head_bias_path=0.5851, personal_row_entropy=2.7123, personal_matrix_delta=0.0352, personal_matrix_student_std=0.0397, personal_delta_pre_softmax_norm=1.0430, personal_delta_student_std=1.0194, alpha_head_std=0.0371, query_row_global_readout_delta=0.0082, query_row_personal_message_delta=0.0008, ae_query_state_residual_delta=0.0000, ae_logit_residual_abs_mean=1.2447, query_row_posterior_delta_abs=0.0352, query_row_posterior_kl=0.0182, query_row_delta_local_rms_raw=0.0015, query_row_message_projection_gain=0.0422, personal_to_graph_query_ratio=0.0945, query_row_global_support_mass=0.9499, query_row_personal_support_mass=5.4789, neighbor_row_personal_delta=0.0000, personal_row_budget_mean=1.3000, personal_query_row_std=0.1682, readout_query_support_mass=0.9499, personal_student_mix=0.0000, personal_student_adapter=0.0000, local_row_ratio=0.0344, support_density=1.0000, readout_query_delta=0.0088, personal_bad_rows_active=0.00, personal_fallback_rows_active=0.00, personal_bad_row_rate_active=0.0000, personal_padded_rows=0.00, personal_logits_support_absmax=5.4100, personal_query_trust_scale_mean=1.0000, personal_bad_rows_all=0.00, personal_fallback_rows_all=0.00, personal_logits_absmax_all=5.4100
2026-05-07 19:09:54,474 - INFO - [junyi|junyi_abce_best_full|lr=0.003|drop=0.40] [Diag][A] Epoch [019] | entropy_ratio=0.4665, diag_mass=0.0503, to_uniform_l2=0.008612, to_identity_l2=0.036967, relation_identity_delta=0.036967, knowledge_state_graph_delta=0.076392, knowledge_state_personal_delta=0.000000, share_concept_embeddings=True, tau_mean=0.6434, tau_std=0.0000, graph_reg_scale(train/val)=1.0000/1.0000
2026-05-07 19:09:54,474 - INFO - [junyi|junyi_abce_best_full|lr=0.003|drop=0.40] [Diag][A Support] Epoch [019] | candidate_size=23.35, final_size=22.47, item_survival=0.0000, seq_survival=0.9610, item_seq_overlap=0.0000, self_retention=1.0000
2026-05-07 19:09:54,474 - INFO - [junyi|junyi_abce_best_full|lr=0.003|drop=0.40] [Diag][AE Components] Epoch [019] | student_prior=0.4761, exercise_prior=0.8328, concept_prior=0.7991, query_student_concept=0.0000, graph_student_concept=0.0186, posterior_prior=0.0382, reliability=0.8019, interpretable_bias=0.9510, explicit_feature=0.0073, interaction=0.0000, raw_before_clip=2.9870, raw_after_clip=2.4894
2026-05-07 19:09:54,474 - WARNING - [junyi|junyi_abce_best_full|lr=0.003|drop=0.40] [Diag Warning][A] A-readout-washed-out: knowledge_state_graph_delta=0.076392, query_row_global_readout_delta=0.008221
2026-05-07 19:09:54,474 - INFO - [junyi|junyi_abce_best_full|lr=0.003|drop=0.40] [Grad Norms] Epoch [019] | relation_emb=2.580529e-02, relation_tau=4.366279e-04, prior_strength=8.281000e-17, receiver_bias=3.918873e-03, self_loop=3.147098e-05, gate_head_bias=1.969940e-03, gate_query_weight=5.476568e-04, gate_context_weight=5.359377e-04, generator_state_mix=9.579613e-04
2026-05-07 19:09:54,474 - INFO - [junyi|junyi_abce_best_full|lr=0.003|drop=0.40] -> No improvement 1 epoch(s) (best AUC=0.8244 @ 18)
2026-05-07 19:15:05,710 - INFO - [junyi|junyi_abce_best_full|lr=0.003|drop=0.40] Epoch [020/100] | Train: Loss=0.4541, BCE=0.4394, Reg=0.0147, AUC=0.8650, ACC=0.7999, RMSE=0.3753 | Val: Loss=0.4909, BCE=0.4762, Reg=0.0147, AUC=0.8248, ACC=0.7789, RMSE=0.3943
2026-05-07 19:15:05,710 - INFO - [junyi|junyi_abce_best_full|lr=0.003|drop=0.40] [Reg Terms] Epoch [020] | Train: graph_entropy=0.000000, graph_diag=0.006040, graph_uniform=0.006684, graph_reg_scale=1.0000, prediction_l2=0.000000, personal_sparse=0.001346, alpha_var=0.000000, alpha_collapse=0.000003, reg_bce_ratio=0.0334 | Val: graph_entropy=0.000000, graph_diag=0.006036, graph_uniform=0.006683, graph_reg_scale=1.0000, prediction_l2=0.000000, personal_sparse=0.001320, alpha_var=0.000000, alpha_collapse=0.000010, reg_bce_ratio=0.0309
2026-05-07 19:15:05,780 - INFO - [junyi|junyi_abce_best_full|lr=0.003|drop=0.40] [Diag][AE] Epoch [020] | irt_abs_mean=0.4100, irt_std=0.0875, personal_warmup_scale=1.00, relation_theta_delta=0.0000, relation_theta_logit=0.0000, relation_theta_neighbor_mass=0.0000, relation_theta_personal_mass=0.0000, ae_posterior_prior_scale=1.0000, ae_posterior_prior_logit=0.0341, ae_posterior_prior_delta=0.0341, graph_row_entropy=3.0545, graph_entropy_ratio=0.4666, alpha_mean=0.1304, alpha_std=0.0399, alpha_base_mean=0.1300, alpha_delta_absmean=0.0153, alpha_saturation_ratio=0.0000, alpha_bias_std=NA, alpha_state_path=0.1595, alpha_id_path=0.0000, alpha_bias_path=0.0000, head_bias_path=0.5424, personal_row_entropy=2.6346, personal_matrix_delta=0.0384, personal_matrix_student_std=0.0409, personal_delta_pre_softmax_norm=1.3735, personal_delta_student_std=1.3548, alpha_head_std=0.0345, query_row_global_readout_delta=0.0227, query_row_personal_message_delta=0.0034, ae_query_state_residual_delta=0.0000, ae_logit_residual_abs_mean=1.2768, query_row_posterior_delta_abs=0.0384, query_row_posterior_kl=0.0217, query_row_delta_local_rms_raw=0.0062, query_row_message_projection_gain=0.1603, personal_to_graph_query_ratio=0.1478, query_row_global_support_mass=0.9499, query_row_personal_support_mass=5.5698, neighbor_row_personal_delta=0.0000, personal_row_budget_mean=1.3000, personal_query_row_std=0.1217, readout_query_support_mass=0.9499, personal_student_mix=0.0000, personal_student_adapter=0.0000, local_row_ratio=0.0344, support_density=1.0000, readout_query_delta=0.0256, personal_bad_rows_active=0.00, personal_fallback_rows_active=0.00, personal_bad_row_rate_active=0.0000, personal_padded_rows=0.00, personal_logits_support_absmax=5.4100, personal_query_trust_scale_mean=0.9994, personal_bad_rows_all=0.00, personal_fallback_rows_all=0.00, personal_logits_absmax_all=5.4100
2026-05-07 19:15:05,780 - INFO - [junyi|junyi_abce_best_full|lr=0.003|drop=0.40] [Diag][A] Epoch [020] | entropy_ratio=0.4666, diag_mass=0.0503, to_uniform_l2=0.008611, to_identity_l2=0.036968, relation_identity_delta=0.036968, knowledge_state_graph_delta=0.041999, knowledge_state_personal_delta=0.000000, share_concept_embeddings=True, tau_mean=0.6429, tau_std=0.0001, graph_reg_scale(train/val)=1.0000/1.0000
2026-05-07 19:15:05,780 - INFO - [junyi|junyi_abce_best_full|lr=0.003|drop=0.40] [Diag][A Support] Epoch [020] | candidate_size=23.35, final_size=22.47, item_survival=0.0000, seq_survival=0.9610, item_seq_overlap=0.0000, self_retention=1.0000
2026-05-07 19:15:05,780 - INFO - [junyi|junyi_abce_best_full|lr=0.003|drop=0.40] [Diag][AE Components] Epoch [020] | student_prior=0.4761, exercise_prior=0.8328, concept_prior=0.7991, query_student_concept=0.0000, graph_student_concept=0.0185, posterior_prior=0.0341, reliability=0.8964, interpretable_bias=0.9810, explicit_feature=0.0290, interaction=0.0000, raw_before_clip=3.0811, raw_after_clip=2.5536
2026-05-07 19:15:05,781 - INFO - [junyi|junyi_abce_best_full|lr=0.003|drop=0.40] [Grad Norms] Epoch [020] | relation_emb=1.825924e-02, relation_tau=3.350153e-04, prior_strength=5.485149e-17, receiver_bias=3.175157e-03, self_loop=2.848745e-05, gate_head_bias=5.514878e-06, gate_query_weight=1.722414e-05, gate_context_weight=2.075531e-05, generator_state_mix=3.388939e-04
2026-05-07 19:15:06,275 - INFO - [junyi|junyi_abce_best_full|lr=0.003|drop=0.40] -> New best AUC=0.8248 at epoch 20
2026-05-07 19:15:06,390 - INFO - [junyi|junyi_abce_best_full|lr=0.003|drop=0.40] Checkpoint saved: checkpoints/abce_diag/ae_reliability_gpu23_20260507_170717/junyi/seed42/best_full/checkpoint_epoch_20.pth
2026-05-07 19:15:06,631 - INFO - [junyi|junyi_abce_best_full|lr=0.003|drop=0.40] [Module Activity] Epoch 20: Graph[LIVE_BUT_COLLAPSED] Personal[LIVE]
2026-05-07 19:20:22,141 - INFO - [junyi|junyi_abce_best_full|lr=0.003|drop=0.40] Epoch [021/100] | Train: Loss=0.4538, BCE=0.4391, Reg=0.0147, AUC=0.8648, ACC=0.8006, RMSE=0.3752 | Val: Loss=0.4908, BCE=0.4761, Reg=0.0147, AUC=0.8247, ACC=0.7786, RMSE=0.3942
2026-05-07 19:20:22,142 - INFO - [junyi|junyi_abce_best_full|lr=0.003|drop=0.40] [Reg Terms] Epoch [021] | Train: graph_entropy=0.000000, graph_diag=0.006039, graph_uniform=0.006684, graph_reg_scale=1.0000, prediction_l2=0.000000, personal_sparse=0.001331, alpha_var=0.000000, alpha_collapse=0.000004, reg_bce_ratio=0.0334 | Val: graph_entropy=0.000000, graph_diag=0.006043, graph_uniform=0.006684, graph_reg_scale=1.0000, prediction_l2=0.000000, personal_sparse=0.001347, alpha_var=0.000000, alpha_collapse=0.000003, reg_bce_ratio=0.0308
2026-05-07 19:20:22,229 - INFO - [junyi|junyi_abce_best_full|lr=0.003|drop=0.40] [Diag][AE] Epoch [021] | irt_abs_mean=0.3915, irt_std=0.0642, personal_warmup_scale=1.00, relation_theta_delta=0.0000, relation_theta_logit=0.0000, relation_theta_neighbor_mass=0.0000, relation_theta_personal_mass=0.0000, ae_posterior_prior_scale=1.0000, ae_posterior_prior_logit=0.0260, ae_posterior_prior_delta=0.0260, graph_row_entropy=3.0555, graph_entropy_ratio=0.4667, alpha_mean=0.1304, alpha_std=0.0399, alpha_base_mean=0.1300, alpha_delta_absmean=0.0127, alpha_saturation_ratio=0.0000, alpha_bias_std=NA, alpha_state_path=0.1409, alpha_id_path=0.0000, alpha_bias_path=0.0000, head_bias_path=0.5607, personal_row_entropy=2.6981, personal_matrix_delta=0.0356, personal_matrix_student_std=0.0380, personal_delta_pre_softmax_norm=1.2943, personal_delta_student_std=1.2788, alpha_head_std=0.0357, query_row_global_readout_delta=0.0234, query_row_personal_message_delta=0.0021, ae_query_state_residual_delta=0.0000, ae_logit_residual_abs_mean=1.2838, query_row_posterior_delta_abs=0.0356, query_row_posterior_kl=0.0191, query_row_delta_local_rms_raw=0.0038, query_row_message_projection_gain=0.1067, personal_to_graph_query_ratio=0.0913, query_row_global_support_mass=0.9498, query_row_personal_support_mass=5.3877, neighbor_row_personal_delta=0.0000, personal_row_budget_mean=1.3000, personal_query_row_std=0.0811, readout_query_support_mass=0.9498, personal_student_mix=0.0000, personal_student_adapter=0.0000, local_row_ratio=0.0345, support_density=1.0000, readout_query_delta=0.0251, personal_bad_rows_active=0.00, personal_fallback_rows_active=0.00, personal_bad_row_rate_active=0.0000, personal_padded_rows=0.00, personal_logits_support_absmax=5.3394, personal_query_trust_scale_mean=1.0000, personal_bad_rows_all=0.00, personal_fallback_rows_all=0.00, personal_logits_absmax_all=5.3394
2026-05-07 19:20:22,229 - INFO - [junyi|junyi_abce_best_full|lr=0.003|drop=0.40] [Diag][A] Epoch [021] | entropy_ratio=0.4667, diag_mass=0.0504, to_uniform_l2=0.008604, to_identity_l2=0.036964, relation_identity_delta=0.036964, knowledge_state_graph_delta=0.026209, knowledge_state_personal_delta=0.000000, share_concept_embeddings=True, tau_mean=0.6520, tau_std=0.0001, graph_reg_scale(train/val)=1.0000/1.0000
2026-05-07 19:20:22,230 - INFO - [junyi|junyi_abce_best_full|lr=0.003|drop=0.40] [Diag][A Support] Epoch [021] | candidate_size=23.35, final_size=22.47, item_survival=0.0000, seq_survival=0.9610, item_seq_overlap=0.0000, self_retention=1.0000
2026-05-07 19:20:22,230 - INFO - [junyi|junyi_abce_best_full|lr=0.003|drop=0.40] [Diag][AE Components] Epoch [021] | student_prior=0.4761, exercise_prior=0.8328, concept_prior=0.7991, query_student_concept=0.0000, graph_student_concept=0.0187, posterior_prior=0.0260, reliability=0.8798, interpretable_bias=1.0071, explicit_feature=0.0101, interaction=0.0000, raw_before_clip=3.0943, raw_after_clip=2.5675
2026-05-07 19:20:22,230 - INFO - [junyi|junyi_abce_best_full|lr=0.003|drop=0.40] [Grad Norms] Epoch [021] | relation_emb=2.101975e-02, relation_tau=9.307874e-04, prior_strength=1.815420e-16, receiver_bias=3.884224e-03, self_loop=3.411820e-05, gate_head_bias=1.919245e-03, gate_query_weight=5.944947e-04, gate_context_weight=5.871317e-04, generator_state_mix=1.042058e-04
2026-05-07 19:20:22,230 - INFO - [junyi|junyi_abce_best_full|lr=0.003|drop=0.40] -> No improvement 1 epoch(s) (best AUC=0.8248 @ 20)
2026-05-07 19:25:57,071 - INFO - [junyi|junyi_abce_best_full|lr=0.003|drop=0.40] Epoch [022/100] | Train: Loss=0.4534, BCE=0.4387, Reg=0.0147, AUC=0.8651, ACC=0.8004, RMSE=0.3750 | Val: Loss=0.4923, BCE=0.4776, Reg=0.0147, AUC=0.8247, ACC=0.7779, RMSE=0.3949
2026-05-07 19:25:57,072 - INFO - [junyi|junyi_abce_best_full|lr=0.003|drop=0.40] [Reg Terms] Epoch [022] | Train: graph_entropy=0.000000, graph_diag=0.006040, graph_uniform=0.006684, graph_reg_scale=1.0000, prediction_l2=0.000000, personal_sparse=0.001328, alpha_var=0.000000, alpha_collapse=0.000003, reg_bce_ratio=0.0335 | Val: graph_entropy=0.000000, graph_diag=0.006039, graph_uniform=0.006684, graph_reg_scale=1.0000, prediction_l2=0.000000, personal_sparse=0.001322, alpha_var=0.000000, alpha_collapse=0.000007, reg_bce_ratio=0.0307
2026-05-07 19:25:57,144 - INFO - [junyi|junyi_abce_best_full|lr=0.003|drop=0.40] [Diag][AE] Epoch [022] | irt_abs_mean=0.4135, irt_std=0.0702, personal_warmup_scale=1.00, relation_theta_delta=0.0000, relation_theta_logit=0.0000, relation_theta_neighbor_mass=0.0000, relation_theta_personal_mass=0.0000, ae_posterior_prior_scale=1.0000, ae_posterior_prior_logit=0.0256, ae_posterior_prior_delta=0.0256, graph_row_entropy=3.0555, graph_entropy_ratio=0.4667, alpha_mean=0.1302, alpha_std=0.0400, alpha_base_mean=0.1300, alpha_delta_absmean=0.0181, alpha_saturation_ratio=0.0000, alpha_bias_std=NA, alpha_state_path=0.2037, alpha_id_path=0.0000, alpha_bias_path=0.0000, head_bias_path=0.5301, personal_row_entropy=2.6620, personal_matrix_delta=0.0356, personal_matrix_student_std=0.0418, personal_delta_pre_softmax_norm=1.1777, personal_delta_student_std=1.1636, alpha_head_std=0.0337, query_row_global_readout_delta=0.0239, query_row_personal_message_delta=0.0027, ae_query_state_residual_delta=0.0000, ae_logit_residual_abs_mean=1.3072, query_row_posterior_delta_abs=0.0356, query_row_posterior_kl=0.0202, query_row_delta_local_rms_raw=0.0057, query_row_message_projection_gain=0.1595, personal_to_graph_query_ratio=0.1145, query_row_global_support_mass=0.9499, query_row_personal_support_mass=5.4303, neighbor_row_personal_delta=0.0000, personal_row_budget_mean=1.3000, personal_query_row_std=0.1716, readout_query_support_mass=0.9499, personal_student_mix=0.0000, personal_student_adapter=0.0000, local_row_ratio=0.0344, support_density=1.0000, readout_query_delta=0.0262, personal_bad_rows_active=0.00, personal_fallback_rows_active=0.00, personal_bad_row_rate_active=0.0000, personal_padded_rows=0.00, personal_logits_support_absmax=5.4717, personal_query_trust_scale_mean=0.9880, personal_bad_rows_all=0.00, personal_fallback_rows_all=0.00, personal_logits_absmax_all=5.4717
2026-05-07 19:25:57,144 - INFO - [junyi|junyi_abce_best_full|lr=0.003|drop=0.40] [Diag][A] Epoch [022] | entropy_ratio=0.4667, diag_mass=0.0503, to_uniform_l2=0.008604, to_identity_l2=0.036965, relation_identity_delta=0.036965, knowledge_state_graph_delta=0.039950, knowledge_state_personal_delta=0.000000, share_concept_embeddings=True, tau_mean=0.6470, tau_std=0.0000, graph_reg_scale(train/val)=1.0000/1.0000
2026-05-07 19:25:57,144 - INFO - [junyi|junyi_abce_best_full|lr=0.003|drop=0.40] [Diag][A Support] Epoch [022] | candidate_size=23.35, final_size=22.47, item_survival=0.0000, seq_survival=0.9610, item_seq_overlap=0.0000, self_retention=1.0000
2026-05-07 19:25:57,144 - INFO - [junyi|junyi_abce_best_full|lr=0.003|drop=0.40] [Diag][AE Components] Epoch [022] | student_prior=0.4761, exercise_prior=0.8328, concept_prior=0.7991, query_student_concept=0.0000, graph_student_concept=0.0186, posterior_prior=0.0256, reliability=0.9751, interpretable_bias=1.0319, explicit_feature=0.0110, interaction=0.0000, raw_before_clip=3.1797, raw_after_clip=2.6144
2026-05-07 19:25:57,144 - INFO - [junyi|junyi_abce_best_full|lr=0.003|drop=0.40] [Grad Norms] Epoch [022] | relation_emb=1.004800e-02, relation_tau=4.358038e-05, prior_strength=1.039584e-16, receiver_bias=2.779868e-03, self_loop=2.794527e-05, gate_head_bias=3.284074e-05, gate_query_weight=2.307802e-05, gate_context_weight=1.758316e-05, generator_state_mix=1.817672e-04
2026-05-07 19:25:57,144 - INFO - [junyi|junyi_abce_best_full|lr=0.003|drop=0.40] -> No improvement 2 epoch(s) (best AUC=0.8248 @ 20)
2026-05-07 19:31:03,375 - INFO - [junyi|junyi_abce_best_full|lr=0.003|drop=0.40] Epoch [023/100] | Train: Loss=0.4523, BCE=0.4376, Reg=0.0147, AUC=0.8658, ACC=0.8011, RMSE=0.3744 | Val: Loss=0.4907, BCE=0.4760, Reg=0.0147, AUC=0.8247, ACC=0.7794, RMSE=0.3941
2026-05-07 19:31:03,376 - INFO - [junyi|junyi_abce_best_full|lr=0.003|drop=0.40] [Reg Terms] Epoch [023] | Train: graph_entropy=0.000000, graph_diag=0.006040, graph_uniform=0.006684, graph_reg_scale=1.0000, prediction_l2=0.000000, personal_sparse=0.001334, alpha_var=0.000000, alpha_collapse=0.000003, reg_bce_ratio=0.0335 | Val: graph_entropy=0.000000, graph_diag=0.006040, graph_uniform=0.006684, graph_reg_scale=1.0000, prediction_l2=0.000000, personal_sparse=0.001335, alpha_var=0.000000, alpha_collapse=0.000047, reg_bce_ratio=0.0309
2026-05-07 19:31:03,466 - INFO - [junyi|junyi_abce_best_full|lr=0.003|drop=0.40] [Diag][AE] Epoch [023] | irt_abs_mean=0.4027, irt_std=0.0553, personal_warmup_scale=1.00, relation_theta_delta=0.0000, relation_theta_logit=0.0000, relation_theta_neighbor_mass=0.0000, relation_theta_personal_mass=0.0000, ae_posterior_prior_scale=1.0000, ae_posterior_prior_logit=0.0282, ae_posterior_prior_delta=0.0282, graph_row_entropy=3.0560, graph_entropy_ratio=0.4668, alpha_mean=0.1299, alpha_std=0.0392, alpha_base_mean=0.1300, alpha_delta_absmean=0.0136, alpha_saturation_ratio=0.0000, alpha_bias_std=NA, alpha_state_path=0.1877, alpha_id_path=0.0000, alpha_bias_path=0.0000, head_bias_path=0.5580, personal_row_entropy=2.6702, personal_matrix_delta=0.0371, personal_matrix_student_std=0.0400, personal_delta_pre_softmax_norm=1.2619, personal_delta_student_std=1.2467, alpha_head_std=0.0353, query_row_global_readout_delta=0.0229, query_row_personal_message_delta=0.0038, ae_query_state_residual_delta=0.0000, ae_logit_residual_abs_mean=1.2769, query_row_posterior_delta_abs=0.0371, query_row_posterior_kl=0.0200, query_row_delta_local_rms_raw=0.0067, query_row_message_projection_gain=0.1804, personal_to_graph_query_ratio=0.1647, query_row_global_support_mass=0.9499, query_row_personal_support_mass=5.5303, neighbor_row_personal_delta=0.0000, personal_row_budget_mean=1.3000, personal_query_row_std=0.0990, readout_query_support_mass=0.9499, personal_student_mix=0.0000, personal_student_adapter=0.0000, local_row_ratio=0.0344, support_density=1.0000, readout_query_delta=0.0266, personal_bad_rows_active=0.00, personal_fallback_rows_active=0.00, personal_bad_row_rate_active=0.0000, personal_padded_rows=0.00, personal_logits_support_absmax=5.4368, personal_query_trust_scale_mean=0.9537, personal_bad_rows_all=0.00, personal_fallback_rows_all=0.00, personal_logits_absmax_all=5.4368
2026-05-07 19:31:03,466 - INFO - [junyi|junyi_abce_best_full|lr=0.003|drop=0.40] [Diag][A] Epoch [023] | entropy_ratio=0.4668, diag_mass=0.0503, to_uniform_l2=0.008600, to_identity_l2=0.036964, relation_identity_delta=0.036964, knowledge_state_graph_delta=0.063058, knowledge_state_personal_delta=0.000000, share_concept_embeddings=True, tau_mean=0.6498, tau_std=0.0000, graph_reg_scale(train/val)=1.0000/1.0000
2026-05-07 19:31:03,466 - INFO - [junyi|junyi_abce_best_full|lr=0.003|drop=0.40] [Diag][A Support] Epoch [023] | candidate_size=23.35, final_size=22.47, item_survival=0.0000, seq_survival=0.9610, item_seq_overlap=0.0000, self_retention=1.0000
2026-05-07 19:31:03,466 - INFO - [junyi|junyi_abce_best_full|lr=0.003|drop=0.40] [Diag][AE Components] Epoch [023] | student_prior=0.4761, exercise_prior=0.8328, concept_prior=0.7991, query_student_concept=0.0000, graph_student_concept=0.0185, posterior_prior=0.0282, reliability=0.8487, interpretable_bias=1.0423, explicit_feature=0.0262, interaction=0.0000, raw_before_clip=3.0938, raw_after_clip=2.5538
2026-05-07 19:31:03,466 - INFO - [junyi|junyi_abce_best_full|lr=0.003|drop=0.40] [Grad Norms] Epoch [023] | relation_emb=4.326114e-02, relation_tau=3.963670e-04, prior_strength=1.387778e-16, receiver_bias=4.017580e-03, self_loop=2.789035e-05, gate_head_bias=1.883282e-03, gate_query_weight=6.823539e-04, gate_context_weight=6.683244e-04, generator_state_mix=5.712298e-04
2026-05-07 19:31:03,466 - INFO - [junyi|junyi_abce_best_full|lr=0.003|drop=0.40] -> No improvement 3 epoch(s) (best AUC=0.8248 @ 20)
2026-05-07 19:31:03,466 - INFO - [junyi|junyi_abce_best_full|lr=0.003|drop=0.40] Early stopping at epoch 23 (best AUC=0.8248 @ 20)
2026-05-07 19:31:03,476 - INFO - Epoch-wise metrics saved to checkpoints/abce_diag/ae_reliability_gpu23_20260507_170717/junyi/seed42/best_full/metrics_history.csv
2026-05-07 19:31:03,479 - INFO - [junyi|junyi_abce_best_full|lr=0.003|drop=0.40] Training completed! Best Val AUC=0.8248 @ epoch 20
2026-05-07 19:31:03,853 - INFO - 
============================================================
         MODULE ACTIVITY REPORT
============================================================
Dataset: junyi | Seed: 42 | Epoch: 23

1. Concept Graph Module (A):
   - Mean row entropy: 3.056 / 6.547
   - Entropy ratio: 46.7%
   - Query readout delta: 0.0219
   - Query head var: 0.0000
   - Status: LIVE_BUT_COLLAPSED (graph enters query rows but head diversity is washed out)
   -> Consider: strengthen head-wise query gating or graph query adapter leverage

2. Personal Graph Module (E):
   - Alpha mean: 0.130
   - Alpha std: 0.039
   - Alpha bias std: 0.000
   - Personal/global delta: 0.0364
   - Inter-student matrix std: 0.0388
   - Query personal message delta: 0.0034
   - Query posterior KL: 0.0195
   - Query message projection gain: 0.1720
   - Query message alignment: 0.8226
   - Query self support mass: 0.0003
   - Query graph support mass: 0.0414
   - Query personal std: 0.0995
   - Personal/global query ratio: 0.1573
   - Status: TRUST_CLIPPED (personal writeback exists but is repeatedly capped for safety)
   -> Consider: improve alignment before relaxing trust-region

------------------------------------------------------------
SUMMARY:
   Active modules: Concept Graph (A), Personal Graph (E)
   All enabled graph modules are functioning properly.
============================================================
2026-05-07 19:31:03,854 - INFO - [junyi|junyi_abce_best_full|lr=0.003|drop=0.40] Module activity saved to checkpoints/abce_diag/ae_reliability_gpu23_20260507_170717/junyi/seed42/best_full/module_activity.json
2026-05-07 19:31:04,033 - INFO - Using device: cuda:0 (physical gpu 3)
2026-05-07 19:31:04,034 - INFO - Loading model from checkpoints/abce_diag/ae_reliability_gpu23_20260507_170717/junyi/seed42/best_full/best_model.pth...
2026-05-07 19:31:04,165 - INFO - [Inference Filter] before=67063, after=60494, dropped=6569, coverage=90.20% (train-only seen student/item support)
2026-05-07 19:31:04,192 - INFO - Inference switches: ablate_module1=False | enable_module1=True | use_concept_graph=True | effective(num_gnn_layers=2)
2026-05-07 19:31:04,391 - INFO - [Inference] Ablation runtime check: args(ablate_module1=False) | expect(use_concept_graph=True,use_personal_graph=True) | model(enable_module1=True,use_concept_graph=True,use_personal_graph=True) | physical(has_knowledge_encoder=True,has_relation_learning=True,has_adaptive_gate=True,has_personal_generator=True)
2026-05-07 19:31:04,392 - INFO - [Inference] [Graph Init] graph_tau_mean=1.0055, graph_tau_std=0.0000, graph_dropout=0.000, item_beta=0.4725±0.1800, seq_beta=0.4725±0.1800, self_loop_logit=0.7500, use_personal_graph=True
2026-05-07 19:31:04,394 - INFO - Model loaded from epoch 20. Start testing...
2026-05-07 19:31:12,180 - INFO - [Test] 200/946 batches done, samples=12800
2026-05-07 19:31:20,121 - INFO - [Test] 400/946 batches done, samples=25600
2026-05-07 19:31:27,906 - INFO - [Test] 600/946 batches done, samples=38400
2026-05-07 19:31:35,718 - INFO - [Test] 800/946 batches done, samples=51200
2026-05-07 19:31:41,426 - INFO - 
==================================================
2026-05-07 19:31:41,426 - INFO - Test Results:
2026-05-07 19:31:41,426 - INFO - AUC: 0.8291
2026-05-07 19:31:41,426 - INFO - ACC: 0.7667
2026-05-07 19:31:41,426 - INFO - RMSE: 0.3994
2026-05-07 19:31:41,427 - INFO - ==================================================
2026-05-07 19:31:41,453 - INFO - Summary appended to /home/zsh/ConceptSkillCDM/results/experiment_results.csv
2026-05-07 19:31:41,453 - INFO - 
Generating student diagnosis reports...
2026-05-07 19:31:41,492 - INFO - Student diagnosis reports saved to checkpoints/abce_diag/ae_reliability_gpu23_20260507_170717/junyi/seed42/best_full/student_diagnosis.json
2026-05-07 19:31:41,564 - INFO - Run completed.
2026-05-07 19:31:41,565 - INFO - Best validation AUC: 0.8248 at epoch 20
2026-05-07 19:31:41,565 - INFO - Test metrics - AUC: 0.8291, ACC: 0.7667, RMSE: 0.3994
2026-05-07 19:31:41,945 - INFO - [数据清洗] 学生交互次数 < 15 次的学生：共移除 2188 个学生（仅统计用户数）
2026-05-07 19:31:41,964 - INFO - [数据清洗] 学生冷启动过滤：在 train/valid/test 中共删除 35779 条记录。
2026-05-07 19:31:41,965 - INFO - [数据清洗] 跳过题目冷门过滤（min_exer_interactions <= 0）。
2026-05-07 19:31:41,965 - INFO - [数据清洗] 跳过毒题清洗（min_poison_count <= 0）。
2026-05-07 19:31:41,965 - INFO - 正在构建ID映射...
2026-05-07 19:31:42,196 - INFO - 正在构建Q矩阵...
2026-05-07 19:32:14,960 - INFO - [A Prior] train-only evidence: item_edges=0, item_density=0.0000, item_entropy=0.0000, seq_raw_mass=485394.3, seq_weighted_mass=7091.1, seq_students=7812, seq_edges=122199, seq_density=0.2519, seq_entropy=4.2597
2026-05-07 19:32:14,963 - INFO - [数据清洗] Valid train-seen 过滤：before=22111, after=22111, dropped=0, coverage=100.00%
2026-05-07 19:32:14,969 - INFO - [数据清洗] Test train-seen 过滤：before=60499, after=60494, dropped=5, coverage=99.99%
2026-05-07 19:32:14,970 - INFO - [统计] 开始统计清洗后每道题的概念数量分布...
2026-05-07 19:32:14,973 - INFO - [Train] 概念数统计：题目数=697, 平均概念数=1.0000, min=1, max=1, 1概念=697 (100.00%), ≥2概念=0 (0.00%)
2026-05-07 19:32:14,973 - INFO - [Train] 概念数直方图（概念数: 题目数量）: {1: 697}
2026-05-07 19:32:14,973 - INFO - [Valid] 概念数统计：题目数=614, 平均概念数=1.0000, min=1, max=1, 1概念=614 (100.00%), ≥2概念=0 (0.00%)
2026-05-07 19:32:14,973 - INFO - [Valid] 概念数直方图（概念数: 题目数量）: {1: 614}
2026-05-07 19:32:14,974 - INFO - [Test] 概念数统计：题目数=663, 平均概念数=1.0000, min=1, max=1, 1概念=663 (100.00%), ≥2概念=0 (0.00%)
2026-05-07 19:32:14,974 - INFO - [Test] 概念数直方图（概念数: 题目数量）: {1: 663}
2026-05-07 19:32:14,974 - INFO - [统计] 概念数量统计完成。
2026-05-07 19:32:14,974 - INFO - 正在加载数据集...
2026-05-07 19:32:15,079 - INFO - [Component Analysis] Global graph: torch.Size([2, 697, 697])
2026-05-07 19:32:15,334 - INFO - [Component Analysis] Gate alpha samples: 200
2026-05-07 19:32:15,369 - INFO - [Component Analysis] Data saved to checkpoints/abce_diag/ae_reliability_gpu23_20260507_170717/junyi/seed42/best_full/component_analysis_data.npz
2026-05-07 19:32:15,641 - INFO - Generating component analysis visualizations...
2026-05-07 19:32:16,258 - INFO - Visualizations saved to checkpoints/abce_diag/ae_reliability_gpu23_20260507_170717/junyi/seed42/best_full
