2026-04-14 06:33:42,561 - INFO - Arguments:
2026-04-14 06:33:42,561 - INFO -   ablate_concept_graph: False
2026-04-14 06:33:42,561 - INFO -   ablate_module1: False
2026-04-14 06:33:42,561 - INFO -   allow_self_loop: True
2026-04-14 06:33:42,561 - INFO -   alpha_min_target: 0.05
2026-04-14 06:33:42,561 - INFO -   batch_size: 128
2026-04-14 06:33:42,561 - INFO -   data_dir: ./data/assist_09
2026-04-14 06:33:42,561 - INFO -   dataset_name: assist_09
2026-04-14 06:33:42,561 - INFO -   debug_graph_diag: True
2026-04-14 06:33:42,561 - INFO -   diag_batches: 1
2026-04-14 06:33:42,561 - INFO -   disable_self_loop: False
2026-04-14 06:33:42,561 - INFO -   dropout: 0.2
2026-04-14 06:33:42,561 - INFO -   early_stop_patience: 3
2026-04-14 06:33:42,561 - INFO -   enable_module1: True
2026-04-14 06:33:42,561 - INFO -   epochs: 100
2026-04-14 06:33:42,561 - INFO -   generate_diagnosis: True
2026-04-14 06:33:42,562 - INFO -   gnn_residual_weight: 0.5
2026-04-14 06:33:42,562 - INFO -   gpu_candidates: None
2026-04-14 06:33:42,562 - INFO -   gpu_ids: None
2026-04-14 06:33:42,562 - INFO -   gpu_memory_threshold: 2000
2026-04-14 06:33:42,562 - INFO -   gpus: None
2026-04-14 06:33:42,562 - INFO -   graph_dropout: 0.0
2026-04-14 06:33:42,562 - INFO -   graph_entropy_max: 0.75
2026-04-14 06:33:42,562 - INFO -   graph_entropy_min: 0.25
2026-04-14 06:33:42,562 - INFO -   graph_identity_residual: 0.05
2026-04-14 06:33:42,562 - INFO -   graph_reg_cap_ratio: 6.0
2026-04-14 06:33:42,562 - INFO -   graph_reg_warmup_epochs: 4
2026-04-14 06:33:42,562 - INFO -   graph_tau_init: 0.55
2026-04-14 06:33:42,562 - INFO -   graph_topk: 12
2026-04-14 06:33:42,562 - INFO -   graph_uniform_margin: 0.1
2026-04-14 06:33:42,562 - INFO -   knowledge_dim: 64
2026-04-14 06:33:42,562 - INFO -   lambda_alpha: 0.0
2026-04-14 06:33:42,562 - INFO -   lambda_alpha_min: 0.1
2026-04-14 06:33:42,562 - INFO -   lambda_graph_diag: 0.1
2026-04-14 06:33:42,562 - INFO -   lambda_graph_uniform: 0.04
2026-04-14 06:33:42,562 - INFO -   lambda_sparse: 0.8
2026-04-14 06:33:42,562 - INFO -   lambda_sparse_personal: 0.0
2026-04-14 06:33:42,562 - INFO -   learning_rate: 0.0003
2026-04-14 06:33:42,562 - INFO -   log_dir: logs/abce_diag/ae_clean_20260414_6d13d5e/assist_09/seed42/ae_dominant_no_E
2026-04-14 06:33:42,562 - INFO -   min_exer_interactions: 0
2026-04-14 06:33:42,562 - INFO -   min_poison_count: 0
2026-04-14 06:33:42,562 - INFO -   min_stu_interactions: 15
2026-04-14 06:33:42,562 - INFO -   model_variant: assist_09_abce_ae_dominant_no_E
2026-04-14 06:33:42,562 - INFO -   multi_gpu: False
2026-04-14 06:33:42,562 - INFO -   no_cuda: False
2026-04-14 06:33:42,562 - INFO -   num_gnn_layers: 1
2026-04-14 06:33:42,562 - INFO -   num_gpus: 1
2026-04-14 06:33:42,562 - INFO -   num_relation_heads: 2
2026-04-14 06:33:42,563 - INFO -   num_workers: 4
2026-04-14 06:33:42,563 - INFO -   patience: 5
2026-04-14 06:33:42,563 - INFO -   personal_alpha_bias_scale: 0.08
2026-04-14 06:33:42,563 - INFO -   personal_delta_scale: 7.0
2026-04-14 06:33:42,563 - INFO -   personal_direct_bias_scale: 0.08
2026-04-14 06:33:42,563 - INFO -   personal_disable_direct_bias: False
2026-04-14 06:33:42,563 - INFO -   personal_disable_student_global_context: True
2026-04-14 06:33:42,563 - INFO -   personal_max_alpha: 0.45
2026-04-14 06:33:42,563 - INFO -   personal_rank: 8
2026-04-14 06:33:42,563 - INFO -   personal_reg_warmup_epochs: 6
2026-04-14 06:33:42,563 - INFO -   personal_student_dim: 32
2026-04-14 06:33:42,563 - INFO -   personal_warmup_epochs: 6
2026-04-14 06:33:42,563 - INFO -   prediction_l2_lambda: 1e-05
2026-04-14 06:33:42,563 - INFO -   save_dir: checkpoints/abce_diag/ae_clean_20260414_6d13d5e/assist_09/seed42/ae_dominant_no_E
2026-04-14 06:33:42,563 - INFO -   save_interval: 10
2026-04-14 06:33:42,563 - INFO -   seed: 42
2026-04-14 06:33:42,563 - INFO -   share_concept_embeddings: False
2026-04-14 06:33:42,563 - INFO -   use_concept_graph: True
2026-04-14 06:33:42,563 - INFO -   use_exercise_graph: True
2026-04-14 06:33:42,563 - INFO -   use_personal_graph: False
2026-04-14 06:33:42,563 - INFO -   weight_decay: 1e-05
2026-04-14 06:33:42,648 - INFO - Using device: cuda:0 (physical gpu 1)
2026-04-14 06:33:42,648 - INFO - [assist_09|assist_09_abce_ae_dominant_no_E|lr=0.0003|drop=0.20] Loading datasets...
2026-04-14 06:33:42,648 - INFO - [assist_09|assist_09_abce_ae_dominant_no_E|lr=0.0003|drop=0.20] Regularization: graph_entropy(lambda_sparse)=0.800000, graph_diag=0.100000, graph_uniform=0.040000, personal_sparse=0.000000, alpha_penalty=0.000000, alpha_min=0.100000, prediction_l2=0.000010
2026-04-14 06:33:42,648 - INFO - [assist_09|assist_09_abce_ae_dominant_no_E|lr=0.0003|drop=0.20] Graph controls: entropy_band=[0.25, 0.75], uniform_margin=0.10, warmup_epochs=4, cap_ratio=6.00, graph_dropout=0.000, graph_tau_init=0.550
2026-04-14 06:33:42,648 - INFO - [assist_09|assist_09_abce_ae_dominant_no_E|lr=0.0003|drop=0.20] Personal controls: personal_max_alpha=0.450, personal_delta_scale=7.000, personal_warmup_epochs=6, personal_student_dim=32, alpha_min_target=0.0500
2026-04-14 06:33:42,745 - INFO - [assist_09] [数据清洗] 学生交互次数 < 15 次的学生：共移除 313 个学生（仅统计用户数）
2026-04-14 06:33:42,760 - INFO - [assist_09] [数据清洗] 学生冷启动过滤：在 train/valid/test 中共删除 5118 条记录。
2026-04-14 06:33:42,760 - INFO - [assist_09] [数据清洗] 跳过题目冷门过滤（min_exer_interactions <= 0）。
2026-04-14 06:33:42,760 - INFO - [assist_09] [数据清洗] 跳过毒题清洗（min_poison_count <= 0）。
2026-04-14 06:33:42,760 - INFO - [assist_09] 正在构建ID映射...
2026-04-14 06:33:43,019 - INFO - [assist_09] 正在构建Q矩阵...
2026-04-14 06:33:50,079 - INFO - [assist_09] [数据清洗] Valid train-seen 过滤：before=20072, after=19875, dropped=197, coverage=99.02%
2026-04-14 06:33:50,084 - INFO - [assist_09] [数据清洗] Test train-seen 过滤：before=51610, after=51090, dropped=520, coverage=98.99%
2026-04-14 06:33:50,085 - INFO - [assist_09] [统计] 开始统计清洗后每道题的概念数量分布...
2026-04-14 06:33:50,091 - INFO - [assist_09] [Train] 概念数统计：题目数=17057, 平均概念数=1.1995, min=1, max=4, 1概念=14129 (82.83%), ≥2概念=2928 (17.17%)
2026-04-14 06:33:50,091 - INFO - [assist_09] [Train] 概念数直方图（概念数: 题目数量）: {1: 14129, 2: 2533, 3: 315, 4: 80}
2026-04-14 06:33:50,094 - INFO - [assist_09] [Valid] 概念数统计：题目数=9034, 平均概念数=1.1996, min=1, max=4, 1概念=7500 (83.02%), ≥2概念=1534 (16.98%)
2026-04-14 06:33:50,094 - INFO - [assist_09] [Valid] 概念数直方图（概念数: 题目数量）: {1: 7500, 2: 1314, 3: 171, 4: 49}
2026-04-14 06:33:50,098 - INFO - [assist_09] [Test] 概念数统计：题目数=12825, 平均概念数=1.1994, min=1, max=4, 1概念=10661 (83.13%), ≥2概念=2164 (16.87%)
2026-04-14 06:33:50,098 - INFO - [assist_09] [Test] 概念数直方图（概念数: 题目数量）: {1: 10661, 2: 1836, 3: 263, 4: 65}
2026-04-14 06:33:50,098 - INFO - [assist_09] [统计] 概念数量统计完成。
2026-04-14 06:33:50,098 - INFO - [assist_09] 正在加载数据集...
2026-04-14 06:33:50,175 - INFO - [assist_09|assist_09_abce_ae_dominant_no_E|lr=0.0003|drop=0.20] Train samples: 190623, Val samples: 19875
2026-04-14 06:33:50,175 - INFO - [assist_09|assist_09_abce_ae_dominant_no_E|lr=0.0003|drop=0.20] Number of students: 2180
2026-04-14 06:33:50,175 - INFO - [assist_09|assist_09_abce_ae_dominant_no_E|lr=0.0003|drop=0.20] Number of exercises: 17057
2026-04-14 06:33:50,175 - INFO - [assist_09|assist_09_abce_ae_dominant_no_E|lr=0.0003|drop=0.20] Number of concepts: 123
2026-04-14 06:33:50,175 - INFO - [assist_09|assist_09_abce_ae_dominant_no_E|lr=0.0003|drop=0.20] Creating model...
2026-04-14 06:33:50,175 - INFO - [assist_09|assist_09_abce_ae_dominant_no_E|lr=0.0003|drop=0.20] Ablation switches: ablate_module1=False | enable_module1=True | use_concept_graph=True | effective(num_gnn_layers=1)
2026-04-14 06:33:50,293 - INFO - [assist_09|assist_09_abce_ae_dominant_no_E|lr=0.0003|drop=0.20] Ablation runtime check: args(ablate_module1=False) | expect(use_concept_graph=True,use_personal_graph=False) | model(enable_module1=True,use_concept_graph=True,use_personal_graph=False) | physical(has_knowledge_encoder=True,has_relation_learning=True,has_adaptive_gate=False,has_personal_generator=False)
2026-04-14 06:33:50,293 - INFO - [assist_09|assist_09_abce_ae_dominant_no_E|lr=0.0003|drop=0.20] Debug diagnostics enabled: diag_batches=1
2026-04-14 06:33:50,315 - INFO - [assist_09|assist_09_abce_ae_dominant_no_E|lr=0.0003|drop=0.20] [Graph Init] graph_tau_mean=1.0055, graph_tau_std=0.0000, graph_dropout=0.000, use_personal_graph=False
2026-04-14 06:33:50,316 - INFO - [assist_09|assist_09_abce_ae_dominant_no_E|lr=0.0003|drop=0.20] Total parameters: 222,090
2026-04-14 06:33:50,316 - INFO - [assist_09|assist_09_abce_ae_dominant_no_E|lr=0.0003|drop=0.20] Trainable parameters: 222,090
2026-04-14 06:33:51,242 - INFO - [assist_09|assist_09_abce_ae_dominant_no_E|lr=0.0003|drop=0.20] Starting training...
2026-04-14 06:34:11,283 - INFO - [assist_09|assist_09_abce_ae_dominant_no_E|lr=0.0003|drop=0.20] Epoch [001/100] | Train: Loss=0.5966, BCE=0.5914, Reg=0.0052, AUC=0.6838, ACC=0.6902, RMSE=0.4500 | Val: Loss=0.5751, BCE=0.5703, Reg=0.0047, AUC=0.7287, ACC=0.7107, RMSE=0.4397
2026-04-14 06:34:11,284 - INFO - [assist_09|assist_09_abce_ae_dominant_no_E|lr=0.0003|drop=0.20] [Reg Terms] Epoch [001] | Train: graph_entropy=0.000000, graph_diag=0.004470, graph_uniform=0.000737, graph_reg_scale=1.0000, prediction_l2=0.000000, personal_sparse=0.000000, alpha_var=0.000000, alpha_collapse=0.000000, reg_bce_ratio=0.0088 | Val: graph_entropy=0.000000, graph_diag=0.003999, graph_uniform=0.000742, graph_reg_scale=1.0000, prediction_l2=0.000000, personal_sparse=0.000000, alpha_var=0.000000, alpha_collapse=0.000000, reg_bce_ratio=0.0083
2026-04-14 06:34:11,428 - INFO - [assist_09|assist_09_abce_ae_dominant_no_E|lr=0.0003|drop=0.20] [Diag][AE] Epoch [001] | irt_abs_mean=1.3546, irt_std=0.6339, personal_warmup_scale=1.00, graph_row_entropy=2.4539, graph_entropy_ratio=0.5099, alpha_mean=0.0000, alpha_std=0.0000, alpha_bias_std=0.0000, personal_row_entropy=0.0000, personal_matrix_delta=0.0000, personal_matrix_student_std=0.0000, personal_delta_pre_softmax_norm=0.0000, personal_delta_student_std=0.0000, alpha_head_std=0.0000
2026-04-14 06:34:11,429 - INFO - [assist_09|assist_09_abce_ae_dominant_no_E|lr=0.0003|drop=0.20] [Diag][Graph] Epoch [001] | entropy_ratio=0.5099, diag_mass=0.1600, to_uniform_l2=0.025758, to_identity_l2=0.079112, tau_mean=0.8657, tau_std=0.0002, graph_reg_scale(train/val)=1.0000/1.0000
2026-04-14 06:34:11,429 - INFO - [assist_09|assist_09_abce_ae_dominant_no_E|lr=0.0003|drop=0.20] [Grad Norms] Epoch [001] | relation_emb=6.943598e-06, relation_tau=1.891580e-06, relation_wq=2.740567e-06, relation_wk=2.702651e-06, personal_u=0.000000e+00, personal_v=0.000000e+00, personal_alpha_bias=0.000000e+00, personal_gate_emb=0.000000e+00, personal_gate_student_proj=0.000000e+00, personal_gate_context_proj=0.000000e+00, personal_gate_student_direct=0.000000e+00, personal_gate_context_direct=0.000000e+00, personal_gate_out=0.000000e+00, personal_generator_emb=0.000000e+00, personal_generator_context_proj=0.000000e+00, personal_generator_context_hidden=0.000000e+00, personal_generator_context_to_u=0.000000e+00, personal_generator_context_to_v=0.000000e+00, personal_generator_student_row=0.000000e+00, personal_generator_student_col=0.000000e+00, personal_generator_low_rank_scale=0.000000e+00, personal_generator_direct_scale=0.000000e+00
2026-04-14 06:34:11,627 - INFO - [assist_09|assist_09_abce_ae_dominant_no_E|lr=0.0003|drop=0.20] -> New best AUC=0.7287 at epoch 1
2026-04-14 06:34:31,345 - INFO - [assist_09|assist_09_abce_ae_dominant_no_E|lr=0.0003|drop=0.20] Epoch [002/100] | Train: Loss=0.5619, BCE=0.5543, Reg=0.0075, AUC=0.7410, ACC=0.7189, RMSE=0.4322 | Val: Loss=0.5642, BCE=0.5600, Reg=0.0042, AUC=0.7358, ACC=0.7139, RMSE=0.4352
2026-04-14 06:34:31,345 - INFO - [assist_09|assist_09_abce_ae_dominant_no_E|lr=0.0003|drop=0.20] [Reg Terms] Epoch [002] | Train: graph_entropy=0.000000, graph_diag=0.006047, graph_uniform=0.001500, graph_reg_scale=1.0000, prediction_l2=0.000000, personal_sparse=0.000000, alpha_var=0.000000, alpha_collapse=0.000000, reg_bce_ratio=0.0136 | Val: graph_entropy=0.000000, graph_diag=0.002645, graph_uniform=0.001523, graph_reg_scale=1.0000, prediction_l2=0.000000, personal_sparse=0.000000, alpha_var=0.000000, alpha_collapse=0.000000, reg_bce_ratio=0.0074
2026-04-14 06:34:31,488 - INFO - [assist_09|assist_09_abce_ae_dominant_no_E|lr=0.0003|drop=0.20] [Diag][AE] Epoch [002] | irt_abs_mean=1.3050, irt_std=0.6480, personal_warmup_scale=1.00, graph_row_entropy=2.5560, graph_entropy_ratio=0.5312, alpha_mean=0.0000, alpha_std=0.0000, alpha_bias_std=0.0000, personal_row_entropy=0.0000, personal_matrix_delta=0.0000, personal_matrix_student_std=0.0000, personal_delta_pre_softmax_norm=0.0000, personal_delta_student_std=0.0000, alpha_head_std=0.0000
2026-04-14 06:34:31,488 - INFO - [assist_09|assist_09_abce_ae_dominant_no_E|lr=0.0003|drop=0.20] [Diag][Graph] Epoch [002] | entropy_ratio=0.5312, diag_mass=0.0529, to_uniform_l2=0.023833, to_identity_l2=0.088905, tau_mean=0.6596, tau_std=0.0080, graph_reg_scale(train/val)=1.0000/1.0000
2026-04-14 06:34:31,489 - INFO - [assist_09|assist_09_abce_ae_dominant_no_E|lr=0.0003|drop=0.20] [Grad Norms] Epoch [002] | relation_emb=1.049403e-10, relation_tau=2.935664e-05, relation_wq=2.067356e-10, relation_wk=1.521681e-10, personal_u=0.000000e+00, personal_v=0.000000e+00, personal_alpha_bias=0.000000e+00, personal_gate_emb=0.000000e+00, personal_gate_student_proj=0.000000e+00, personal_gate_context_proj=0.000000e+00, personal_gate_student_direct=0.000000e+00, personal_gate_context_direct=0.000000e+00, personal_gate_out=0.000000e+00, personal_generator_emb=0.000000e+00, personal_generator_context_proj=0.000000e+00, personal_generator_context_hidden=0.000000e+00, personal_generator_context_to_u=0.000000e+00, personal_generator_context_to_v=0.000000e+00, personal_generator_student_row=0.000000e+00, personal_generator_student_col=0.000000e+00, personal_generator_low_rank_scale=0.000000e+00, personal_generator_direct_scale=0.000000e+00
2026-04-14 06:34:31,728 - INFO - [assist_09|assist_09_abce_ae_dominant_no_E|lr=0.0003|drop=0.20] -> New best AUC=0.7358 at epoch 2
2026-04-14 06:34:51,872 - INFO - [assist_09|assist_09_abce_ae_dominant_no_E|lr=0.0003|drop=0.20] Epoch [003/100] | Train: Loss=0.5496, BCE=0.5435, Reg=0.0061, AUC=0.7540, ACC=0.7247, RMSE=0.4274 | Val: Loss=0.5632, BCE=0.5571, Reg=0.0060, AUC=0.7398, ACC=0.7139, RMSE=0.4339
2026-04-14 06:34:51,872 - INFO - [assist_09|assist_09_abce_ae_dominant_no_E|lr=0.0003|drop=0.20] [Reg Terms] Epoch [003] | Train: graph_entropy=0.000000, graph_diag=0.003764, graph_uniform=0.002286, graph_reg_scale=1.0000, prediction_l2=0.000000, personal_sparse=0.000000, alpha_var=0.000000, alpha_collapse=0.000000, reg_bce_ratio=0.0111 | Val: graph_entropy=0.000000, graph_diag=0.003750, graph_uniform=0.002286, graph_reg_scale=1.0000, prediction_l2=0.000000, personal_sparse=0.000000, alpha_var=0.000000, alpha_collapse=0.000000, reg_bce_ratio=0.0108
2026-04-14 06:34:52,001 - INFO - [assist_09|assist_09_abce_ae_dominant_no_E|lr=0.0003|drop=0.20] [Diag][AE] Epoch [003] | irt_abs_mean=1.3525, irt_std=0.6897, personal_warmup_scale=1.00, graph_row_entropy=2.5592, graph_entropy_ratio=0.5318, alpha_mean=0.0000, alpha_std=0.0000, alpha_bias_std=0.0000, personal_row_entropy=0.0000, personal_matrix_delta=0.0000, personal_matrix_student_std=0.0000, personal_delta_pre_softmax_norm=0.0000, personal_delta_student_std=0.0000, alpha_head_std=0.0000
2026-04-14 06:34:52,001 - INFO - [assist_09|assist_09_abce_ae_dominant_no_E|lr=0.0003|drop=0.20] [Diag][Graph] Epoch [003] | entropy_ratio=0.5318, diag_mass=0.0500, to_uniform_l2=0.023784, to_identity_l2=0.089156, tau_mean=0.6709, tau_std=0.0061, graph_reg_scale(train/val)=1.0000/1.0000
2026-04-14 06:34:52,001 - INFO - [assist_09|assist_09_abce_ae_dominant_no_E|lr=0.0003|drop=0.20] [Grad Norms] Epoch [003] | relation_emb=1.858516e-19, relation_tau=1.520928e-06, relation_wq=5.311046e-17, relation_wk=1.244170e-17, personal_u=0.000000e+00, personal_v=0.000000e+00, personal_alpha_bias=0.000000e+00, personal_gate_emb=0.000000e+00, personal_gate_student_proj=0.000000e+00, personal_gate_context_proj=0.000000e+00, personal_gate_student_direct=0.000000e+00, personal_gate_context_direct=0.000000e+00, personal_gate_out=0.000000e+00, personal_generator_emb=0.000000e+00, personal_generator_context_proj=0.000000e+00, personal_generator_context_hidden=0.000000e+00, personal_generator_context_to_u=0.000000e+00, personal_generator_context_to_v=0.000000e+00, personal_generator_student_row=0.000000e+00, personal_generator_student_col=0.000000e+00, personal_generator_low_rank_scale=0.000000e+00, personal_generator_direct_scale=0.000000e+00
2026-04-14 06:34:52,241 - INFO - [assist_09|assist_09_abce_ae_dominant_no_E|lr=0.0003|drop=0.20] -> New best AUC=0.7398 at epoch 3
2026-04-14 06:35:12,070 - INFO - [assist_09|assist_09_abce_ae_dominant_no_E|lr=0.0003|drop=0.20] Epoch [004/100] | Train: Loss=0.5429, BCE=0.5348, Reg=0.0080, AUC=0.7641, ACC=0.7286, RMSE=0.4236 | Val: Loss=0.5629, BCE=0.5548, Reg=0.0080, AUC=0.7437, ACC=0.7175, RMSE=0.4328
2026-04-14 06:35:12,070 - INFO - [assist_09|assist_09_abce_ae_dominant_no_E|lr=0.0003|drop=0.20] [Reg Terms] Epoch [004] | Train: graph_entropy=0.000000, graph_diag=0.005000, graph_uniform=0.003049, graph_reg_scale=1.0000, prediction_l2=0.000000, personal_sparse=0.000000, alpha_var=0.000000, alpha_collapse=0.000000, reg_bce_ratio=0.0150 | Val: graph_entropy=0.000000, graph_diag=0.005000, graph_uniform=0.003049, graph_reg_scale=1.0000, prediction_l2=0.000000, personal_sparse=0.000000, alpha_var=0.000000, alpha_collapse=0.000000, reg_bce_ratio=0.0145
2026-04-14 06:35:12,249 - INFO - [assist_09|assist_09_abce_ae_dominant_no_E|lr=0.0003|drop=0.20] [Diag][AE] Epoch [004] | irt_abs_mean=1.4672, irt_std=0.7178, personal_warmup_scale=1.00, graph_row_entropy=2.5592, graph_entropy_ratio=0.5318, alpha_mean=0.0000, alpha_std=0.0000, alpha_bias_std=0.0000, personal_row_entropy=0.0000, personal_matrix_delta=0.0000, personal_matrix_student_std=0.0000, personal_delta_pre_softmax_norm=0.0000, personal_delta_student_std=0.0000, alpha_head_std=0.0000
2026-04-14 06:35:12,249 - INFO - [assist_09|assist_09_abce_ae_dominant_no_E|lr=0.0003|drop=0.20] [Diag][Graph] Epoch [004] | entropy_ratio=0.5318, diag_mass=0.0500, to_uniform_l2=0.023784, to_identity_l2=0.089156, tau_mean=0.6826, tau_std=0.0033, graph_reg_scale(train/val)=1.0000/1.0000
2026-04-14 06:35:12,249 - INFO - [assist_09|assist_09_abce_ae_dominant_no_E|lr=0.0003|drop=0.20] [Grad Norms] Epoch [004] | relation_emb=0.000000e+00, relation_tau=4.085501e-07, relation_wq=0.000000e+00, relation_wk=0.000000e+00, personal_u=0.000000e+00, personal_v=0.000000e+00, personal_alpha_bias=0.000000e+00, personal_gate_emb=0.000000e+00, personal_gate_student_proj=0.000000e+00, personal_gate_context_proj=0.000000e+00, personal_gate_student_direct=0.000000e+00, personal_gate_context_direct=0.000000e+00, personal_gate_out=0.000000e+00, personal_generator_emb=0.000000e+00, personal_generator_context_proj=0.000000e+00, personal_generator_context_hidden=0.000000e+00, personal_generator_context_to_u=0.000000e+00, personal_generator_context_to_v=0.000000e+00, personal_generator_student_row=0.000000e+00, personal_generator_student_col=0.000000e+00, personal_generator_low_rank_scale=0.000000e+00, personal_generator_direct_scale=0.000000e+00
2026-04-14 06:35:12,558 - INFO - [assist_09|assist_09_abce_ae_dominant_no_E|lr=0.0003|drop=0.20] -> New best AUC=0.7437 at epoch 4
2026-04-14 06:35:32,122 - INFO - [assist_09|assist_09_abce_ae_dominant_no_E|lr=0.0003|drop=0.20] Epoch [005/100] | Train: Loss=0.5346, BCE=0.5266, Reg=0.0080, AUC=0.7736, ACC=0.7336, RMSE=0.4199 | Val: Loss=0.5630, BCE=0.5549, Reg=0.0080, AUC=0.7457, ACC=0.7180, RMSE=0.4326
2026-04-14 06:35:32,123 - INFO - [assist_09|assist_09_abce_ae_dominant_no_E|lr=0.0003|drop=0.20] [Reg Terms] Epoch [005] | Train: graph_entropy=0.000000, graph_diag=0.005000, graph_uniform=0.003049, graph_reg_scale=1.0000, prediction_l2=0.000000, personal_sparse=0.000000, alpha_var=0.000000, alpha_collapse=0.000000, reg_bce_ratio=0.0153 | Val: graph_entropy=0.000000, graph_diag=0.005000, graph_uniform=0.003049, graph_reg_scale=1.0000, prediction_l2=0.000000, personal_sparse=0.000000, alpha_var=0.000000, alpha_collapse=0.000000, reg_bce_ratio=0.0145
2026-04-14 06:35:32,278 - INFO - [assist_09|assist_09_abce_ae_dominant_no_E|lr=0.0003|drop=0.20] [Diag][AE] Epoch [005] | irt_abs_mean=1.5197, irt_std=0.8065, personal_warmup_scale=1.00, graph_row_entropy=2.5592, graph_entropy_ratio=0.5318, alpha_mean=0.0000, alpha_std=0.0000, alpha_bias_std=0.0000, personal_row_entropy=0.0000, personal_matrix_delta=0.0000, personal_matrix_student_std=0.0000, personal_delta_pre_softmax_norm=0.0000, personal_delta_student_std=0.0000, alpha_head_std=0.0000
2026-04-14 06:35:32,278 - INFO - [assist_09|assist_09_abce_ae_dominant_no_E|lr=0.0003|drop=0.20] [Diag][Graph] Epoch [005] | entropy_ratio=0.5318, diag_mass=0.0500, to_uniform_l2=0.023784, to_identity_l2=0.089156, tau_mean=0.6910, tau_std=0.0008, graph_reg_scale(train/val)=1.0000/1.0000
2026-04-14 06:35:32,278 - INFO - [assist_09|assist_09_abce_ae_dominant_no_E|lr=0.0003|drop=0.20] [Grad Norms] Epoch [005] | relation_emb=0.000000e+00, relation_tau=4.309029e-09, relation_wq=0.000000e+00, relation_wk=0.000000e+00, personal_u=0.000000e+00, personal_v=0.000000e+00, personal_alpha_bias=0.000000e+00, personal_gate_emb=0.000000e+00, personal_gate_student_proj=0.000000e+00, personal_gate_context_proj=0.000000e+00, personal_gate_student_direct=0.000000e+00, personal_gate_context_direct=0.000000e+00, personal_gate_out=0.000000e+00, personal_generator_emb=0.000000e+00, personal_generator_context_proj=0.000000e+00, personal_generator_context_hidden=0.000000e+00, personal_generator_context_to_u=0.000000e+00, personal_generator_context_to_v=0.000000e+00, personal_generator_student_row=0.000000e+00, personal_generator_student_col=0.000000e+00, personal_generator_low_rank_scale=0.000000e+00, personal_generator_direct_scale=0.000000e+00
2026-04-14 06:35:32,550 - INFO - [assist_09|assist_09_abce_ae_dominant_no_E|lr=0.0003|drop=0.20] -> New best AUC=0.7457 at epoch 5
2026-04-14 06:35:51,651 - INFO - [assist_09|assist_09_abce_ae_dominant_no_E|lr=0.0003|drop=0.20] Epoch [006/100] | Train: Loss=0.5269, BCE=0.5189, Reg=0.0080, AUC=0.7820, ACC=0.7382, RMSE=0.4166 | Val: Loss=0.5603, BCE=0.5522, Reg=0.0080, AUC=0.7477, ACC=0.7196, RMSE=0.4313
2026-04-14 06:35:51,651 - INFO - [assist_09|assist_09_abce_ae_dominant_no_E|lr=0.0003|drop=0.20] [Reg Terms] Epoch [006] | Train: graph_entropy=0.000000, graph_diag=0.005000, graph_uniform=0.003049, graph_reg_scale=1.0000, prediction_l2=0.000000, personal_sparse=0.000000, alpha_var=0.000000, alpha_collapse=0.000000, reg_bce_ratio=0.0155 | Val: graph_entropy=0.000000, graph_diag=0.005000, graph_uniform=0.003049, graph_reg_scale=1.0000, prediction_l2=0.000000, personal_sparse=0.000000, alpha_var=0.000000, alpha_collapse=0.000000, reg_bce_ratio=0.0146
2026-04-14 06:35:51,798 - INFO - [assist_09|assist_09_abce_ae_dominant_no_E|lr=0.0003|drop=0.20] [Diag][AE] Epoch [006] | irt_abs_mean=1.5003, irt_std=0.7579, personal_warmup_scale=1.00, graph_row_entropy=2.5592, graph_entropy_ratio=0.5318, alpha_mean=0.0000, alpha_std=0.0000, alpha_bias_std=0.0000, personal_row_entropy=0.0000, personal_matrix_delta=0.0000, personal_matrix_student_std=0.0000, personal_delta_pre_softmax_norm=0.0000, personal_delta_student_std=0.0000, alpha_head_std=0.0000
2026-04-14 06:35:51,798 - INFO - [assist_09|assist_09_abce_ae_dominant_no_E|lr=0.0003|drop=0.20] [Diag][Graph] Epoch [006] | entropy_ratio=0.5318, diag_mass=0.0500, to_uniform_l2=0.023784, to_identity_l2=0.089156, tau_mean=0.6931, tau_std=0.0000, graph_reg_scale(train/val)=1.0000/1.0000
2026-04-14 06:35:51,798 - WARNING - [assist_09|assist_09_abce_ae_dominant_no_E|lr=0.0003|drop=0.20] [Diag Warning][Graph] graph-related grad norms are near zero for 2 epoch(s): relation_emb=0.000000e+00, relation_tau=4.167717e-10, relation_wq=0.000000e+00, relation_wk=0.000000e+00, personal_u=0.000000e+00, personal_v=0.000000e+00, personal_alpha_bias=0.000000e+00, personal_gate_emb=0.000000e+00, personal_gate_student_proj=0.000000e+00, personal_gate_context_proj=0.000000e+00, personal_gate_student_direct=0.000000e+00, personal_gate_context_direct=0.000000e+00, personal_gate_out=0.000000e+00, personal_generator_emb=0.000000e+00, personal_generator_context_proj=0.000000e+00, personal_generator_context_hidden=0.000000e+00, personal_generator_context_to_u=0.000000e+00, personal_generator_context_to_v=0.000000e+00, personal_generator_student_row=0.000000e+00, personal_generator_student_col=0.000000e+00, personal_generator_low_rank_scale=0.000000e+00, personal_generator_direct_scale=0.000000e+00
2026-04-14 06:35:51,798 - INFO - [assist_09|assist_09_abce_ae_dominant_no_E|lr=0.0003|drop=0.20] [Grad Norms] Epoch [006] | relation_emb=0.000000e+00, relation_tau=4.167717e-10, relation_wq=0.000000e+00, relation_wk=0.000000e+00, personal_u=0.000000e+00, personal_v=0.000000e+00, personal_alpha_bias=0.000000e+00, personal_gate_emb=0.000000e+00, personal_gate_student_proj=0.000000e+00, personal_gate_context_proj=0.000000e+00, personal_gate_student_direct=0.000000e+00, personal_gate_context_direct=0.000000e+00, personal_gate_out=0.000000e+00, personal_generator_emb=0.000000e+00, personal_generator_context_proj=0.000000e+00, personal_generator_context_hidden=0.000000e+00, personal_generator_context_to_u=0.000000e+00, personal_generator_context_to_v=0.000000e+00, personal_generator_student_row=0.000000e+00, personal_generator_student_col=0.000000e+00, personal_generator_low_rank_scale=0.000000e+00, personal_generator_direct_scale=0.000000e+00
2026-04-14 06:35:52,101 - INFO - [assist_09|assist_09_abce_ae_dominant_no_E|lr=0.0003|drop=0.20] -> New best AUC=0.7477 at epoch 6
2026-04-14 06:36:12,666 - INFO - [assist_09|assist_09_abce_ae_dominant_no_E|lr=0.0003|drop=0.20] Epoch [007/100] | Train: Loss=0.5207, BCE=0.5126, Reg=0.0080, AUC=0.7889, ACC=0.7407, RMSE=0.4138 | Val: Loss=0.5593, BCE=0.5513, Reg=0.0080, AUC=0.7490, ACC=0.7195, RMSE=0.4309
2026-04-14 06:36:12,666 - INFO - [assist_09|assist_09_abce_ae_dominant_no_E|lr=0.0003|drop=0.20] [Reg Terms] Epoch [007] | Train: graph_entropy=0.000000, graph_diag=0.005000, graph_uniform=0.003049, graph_reg_scale=1.0000, prediction_l2=0.000000, personal_sparse=0.000000, alpha_var=0.000000, alpha_collapse=0.000000, reg_bce_ratio=0.0157 | Val: graph_entropy=0.000000, graph_diag=0.005000, graph_uniform=0.003049, graph_reg_scale=1.0000, prediction_l2=0.000000, personal_sparse=0.000000, alpha_var=0.000000, alpha_collapse=0.000000, reg_bce_ratio=0.0146
2026-04-14 06:36:12,819 - INFO - [assist_09|assist_09_abce_ae_dominant_no_E|lr=0.0003|drop=0.20] [Diag][AE] Epoch [007] | irt_abs_mean=1.5436, irt_std=0.7966, personal_warmup_scale=1.00, graph_row_entropy=2.5592, graph_entropy_ratio=0.5318, alpha_mean=0.0000, alpha_std=0.0000, alpha_bias_std=0.0000, personal_row_entropy=0.0000, personal_matrix_delta=0.0000, personal_matrix_student_std=0.0000, personal_delta_pre_softmax_norm=0.0000, personal_delta_student_std=0.0000, alpha_head_std=0.0000
2026-04-14 06:36:12,819 - INFO - [assist_09|assist_09_abce_ae_dominant_no_E|lr=0.0003|drop=0.20] [Diag][Graph] Epoch [007] | entropy_ratio=0.5318, diag_mass=0.0500, to_uniform_l2=0.023784, to_identity_l2=0.089156, tau_mean=0.6931, tau_std=0.0000, graph_reg_scale(train/val)=1.0000/1.0000
2026-04-14 06:36:12,819 - INFO - [assist_09|assist_09_abce_ae_dominant_no_E|lr=0.0003|drop=0.20] [Grad Norms] Epoch [007] | relation_emb=0.000000e+00, relation_tau=1.133786e-08, relation_wq=0.000000e+00, relation_wk=0.000000e+00, personal_u=0.000000e+00, personal_v=0.000000e+00, personal_alpha_bias=0.000000e+00, personal_gate_emb=0.000000e+00, personal_gate_student_proj=0.000000e+00, personal_gate_context_proj=0.000000e+00, personal_gate_student_direct=0.000000e+00, personal_gate_context_direct=0.000000e+00, personal_gate_out=0.000000e+00, personal_generator_emb=0.000000e+00, personal_generator_context_proj=0.000000e+00, personal_generator_context_hidden=0.000000e+00, personal_generator_context_to_u=0.000000e+00, personal_generator_context_to_v=0.000000e+00, personal_generator_student_row=0.000000e+00, personal_generator_student_col=0.000000e+00, personal_generator_low_rank_scale=0.000000e+00, personal_generator_direct_scale=0.000000e+00
2026-04-14 06:36:13,085 - INFO - [assist_09|assist_09_abce_ae_dominant_no_E|lr=0.0003|drop=0.20] -> New best AUC=0.7490 at epoch 7
2026-04-14 06:36:32,584 - INFO - [assist_09|assist_09_abce_ae_dominant_no_E|lr=0.0003|drop=0.20] Epoch [008/100] | Train: Loss=0.5147, BCE=0.5066, Reg=0.0080, AUC=0.7954, ACC=0.7440, RMSE=0.4111 | Val: Loss=0.5599, BCE=0.5518, Reg=0.0080, AUC=0.7489, ACC=0.7215, RMSE=0.4309
2026-04-14 06:36:32,585 - INFO - [assist_09|assist_09_abce_ae_dominant_no_E|lr=0.0003|drop=0.20] [Reg Terms] Epoch [008] | Train: graph_entropy=0.000000, graph_diag=0.005000, graph_uniform=0.003049, graph_reg_scale=1.0000, prediction_l2=0.000000, personal_sparse=0.000000, alpha_var=0.000000, alpha_collapse=0.000000, reg_bce_ratio=0.0159 | Val: graph_entropy=0.000000, graph_diag=0.005000, graph_uniform=0.003049, graph_reg_scale=1.0000, prediction_l2=0.000000, personal_sparse=0.000000, alpha_var=0.000000, alpha_collapse=0.000000, reg_bce_ratio=0.0146
2026-04-14 06:36:32,725 - INFO - [assist_09|assist_09_abce_ae_dominant_no_E|lr=0.0003|drop=0.20] [Diag][AE] Epoch [008] | irt_abs_mean=1.5727, irt_std=0.8018, personal_warmup_scale=1.00, graph_row_entropy=2.5592, graph_entropy_ratio=0.5318, alpha_mean=0.0000, alpha_std=0.0000, alpha_bias_std=0.0000, personal_row_entropy=0.0000, personal_matrix_delta=0.0000, personal_matrix_student_std=0.0000, personal_delta_pre_softmax_norm=0.0000, personal_delta_student_std=0.0000, alpha_head_std=0.0000
2026-04-14 06:36:32,725 - INFO - [assist_09|assist_09_abce_ae_dominant_no_E|lr=0.0003|drop=0.20] [Diag][Graph] Epoch [008] | entropy_ratio=0.5318, diag_mass=0.0500, to_uniform_l2=0.023784, to_identity_l2=0.089156, tau_mean=0.6932, tau_std=0.0000, graph_reg_scale(train/val)=1.0000/1.0000
2026-04-14 06:36:32,725 - INFO - [assist_09|assist_09_abce_ae_dominant_no_E|lr=0.0003|drop=0.20] [Grad Norms] Epoch [008] | relation_emb=0.000000e+00, relation_tau=2.478184e-09, relation_wq=0.000000e+00, relation_wk=0.000000e+00, personal_u=0.000000e+00, personal_v=0.000000e+00, personal_alpha_bias=0.000000e+00, personal_gate_emb=0.000000e+00, personal_gate_student_proj=0.000000e+00, personal_gate_context_proj=0.000000e+00, personal_gate_student_direct=0.000000e+00, personal_gate_context_direct=0.000000e+00, personal_gate_out=0.000000e+00, personal_generator_emb=0.000000e+00, personal_generator_context_proj=0.000000e+00, personal_generator_context_hidden=0.000000e+00, personal_generator_context_to_u=0.000000e+00, personal_generator_context_to_v=0.000000e+00, personal_generator_student_row=0.000000e+00, personal_generator_student_col=0.000000e+00, personal_generator_low_rank_scale=0.000000e+00, personal_generator_direct_scale=0.000000e+00
2026-04-14 06:36:32,725 - INFO - [assist_09|assist_09_abce_ae_dominant_no_E|lr=0.0003|drop=0.20] -> No improvement 1 epoch(s) (best AUC=0.7490 @ 7)
2026-04-14 06:36:51,816 - INFO - [assist_09|assist_09_abce_ae_dominant_no_E|lr=0.0003|drop=0.20] Epoch [009/100] | Train: Loss=0.5099, BCE=0.5019, Reg=0.0080, AUC=0.8000, ACC=0.7463, RMSE=0.4091 | Val: Loss=0.5613, BCE=0.5532, Reg=0.0080, AUC=0.7509, ACC=0.7210, RMSE=0.4312
2026-04-14 06:36:51,817 - INFO - [assist_09|assist_09_abce_ae_dominant_no_E|lr=0.0003|drop=0.20] [Reg Terms] Epoch [009] | Train: graph_entropy=0.000000, graph_diag=0.005000, graph_uniform=0.003049, graph_reg_scale=1.0000, prediction_l2=0.000000, personal_sparse=0.000000, alpha_var=0.000000, alpha_collapse=0.000000, reg_bce_ratio=0.0160 | Val: graph_entropy=0.000000, graph_diag=0.005000, graph_uniform=0.003049, graph_reg_scale=1.0000, prediction_l2=0.000000, personal_sparse=0.000000, alpha_var=0.000000, alpha_collapse=0.000000, reg_bce_ratio=0.0145
2026-04-14 06:36:51,958 - INFO - [assist_09|assist_09_abce_ae_dominant_no_E|lr=0.0003|drop=0.20] [Diag][AE] Epoch [009] | irt_abs_mean=1.6733, irt_std=0.8466, personal_warmup_scale=1.00, graph_row_entropy=2.5592, graph_entropy_ratio=0.5318, alpha_mean=0.0000, alpha_std=0.0000, alpha_bias_std=0.0000, personal_row_entropy=0.0000, personal_matrix_delta=0.0000, personal_matrix_student_std=0.0000, personal_delta_pre_softmax_norm=0.0000, personal_delta_student_std=0.0000, alpha_head_std=0.0000
2026-04-14 06:36:51,958 - INFO - [assist_09|assist_09_abce_ae_dominant_no_E|lr=0.0003|drop=0.20] [Diag][Graph] Epoch [009] | entropy_ratio=0.5318, diag_mass=0.0500, to_uniform_l2=0.023784, to_identity_l2=0.089156, tau_mean=0.6932, tau_std=0.0000, graph_reg_scale(train/val)=1.0000/1.0000
2026-04-14 06:36:51,958 - WARNING - [assist_09|assist_09_abce_ae_dominant_no_E|lr=0.0003|drop=0.20] [Diag Warning][Graph] graph-related grad norms are near zero for 2 epoch(s): relation_emb=0.000000e+00, relation_tau=9.127331e-09, relation_wq=0.000000e+00, relation_wk=0.000000e+00, personal_u=0.000000e+00, personal_v=0.000000e+00, personal_alpha_bias=0.000000e+00, personal_gate_emb=0.000000e+00, personal_gate_student_proj=0.000000e+00, personal_gate_context_proj=0.000000e+00, personal_gate_student_direct=0.000000e+00, personal_gate_context_direct=0.000000e+00, personal_gate_out=0.000000e+00, personal_generator_emb=0.000000e+00, personal_generator_context_proj=0.000000e+00, personal_generator_context_hidden=0.000000e+00, personal_generator_context_to_u=0.000000e+00, personal_generator_context_to_v=0.000000e+00, personal_generator_student_row=0.000000e+00, personal_generator_student_col=0.000000e+00, personal_generator_low_rank_scale=0.000000e+00, personal_generator_direct_scale=0.000000e+00
2026-04-14 06:36:51,958 - INFO - [assist_09|assist_09_abce_ae_dominant_no_E|lr=0.0003|drop=0.20] [Grad Norms] Epoch [009] | relation_emb=0.000000e+00, relation_tau=9.127331e-09, relation_wq=0.000000e+00, relation_wk=0.000000e+00, personal_u=0.000000e+00, personal_v=0.000000e+00, personal_alpha_bias=0.000000e+00, personal_gate_emb=0.000000e+00, personal_gate_student_proj=0.000000e+00, personal_gate_context_proj=0.000000e+00, personal_gate_student_direct=0.000000e+00, personal_gate_context_direct=0.000000e+00, personal_gate_out=0.000000e+00, personal_generator_emb=0.000000e+00, personal_generator_context_proj=0.000000e+00, personal_generator_context_hidden=0.000000e+00, personal_generator_context_to_u=0.000000e+00, personal_generator_context_to_v=0.000000e+00, personal_generator_student_row=0.000000e+00, personal_generator_student_col=0.000000e+00, personal_generator_low_rank_scale=0.000000e+00, personal_generator_direct_scale=0.000000e+00
2026-04-14 06:36:52,227 - INFO - [assist_09|assist_09_abce_ae_dominant_no_E|lr=0.0003|drop=0.20] -> New best AUC=0.7509 at epoch 9
2026-04-14 06:37:12,934 - INFO - [assist_09|assist_09_abce_ae_dominant_no_E|lr=0.0003|drop=0.20] Epoch [010/100] | Train: Loss=0.5054, BCE=0.4974, Reg=0.0080, AUC=0.8046, ACC=0.7484, RMSE=0.4071 | Val: Loss=0.5602, BCE=0.5522, Reg=0.0080, AUC=0.7518, ACC=0.7226, RMSE=0.4306
2026-04-14 06:37:12,934 - INFO - [assist_09|assist_09_abce_ae_dominant_no_E|lr=0.0003|drop=0.20] [Reg Terms] Epoch [010] | Train: graph_entropy=0.000000, graph_diag=0.005000, graph_uniform=0.003049, graph_reg_scale=1.0000, prediction_l2=0.000000, personal_sparse=0.000000, alpha_var=0.000000, alpha_collapse=0.000000, reg_bce_ratio=0.0162 | Val: graph_entropy=0.000000, graph_diag=0.005000, graph_uniform=0.003049, graph_reg_scale=1.0000, prediction_l2=0.000000, personal_sparse=0.000000, alpha_var=0.000000, alpha_collapse=0.000000, reg_bce_ratio=0.0146
2026-04-14 06:37:13,073 - INFO - [assist_09|assist_09_abce_ae_dominant_no_E|lr=0.0003|drop=0.20] [Diag][AE] Epoch [010] | irt_abs_mean=1.6716, irt_std=0.8707, personal_warmup_scale=1.00, graph_row_entropy=2.5592, graph_entropy_ratio=0.5318, alpha_mean=0.0000, alpha_std=0.0000, alpha_bias_std=0.0000, personal_row_entropy=0.0000, personal_matrix_delta=0.0000, personal_matrix_student_std=0.0000, personal_delta_pre_softmax_norm=0.0000, personal_delta_student_std=0.0000, alpha_head_std=0.0000
2026-04-14 06:37:13,073 - INFO - [assist_09|assist_09_abce_ae_dominant_no_E|lr=0.0003|drop=0.20] [Diag][Graph] Epoch [010] | entropy_ratio=0.5318, diag_mass=0.0500, to_uniform_l2=0.023784, to_identity_l2=0.089156, tau_mean=0.6932, tau_std=0.0000, graph_reg_scale(train/val)=1.0000/1.0000
2026-04-14 06:37:13,073 - WARNING - [assist_09|assist_09_abce_ae_dominant_no_E|lr=0.0003|drop=0.20] [Diag Warning][Graph] graph-related grad norms are near zero for 3 epoch(s): relation_emb=0.000000e+00, relation_tau=1.043166e-09, relation_wq=0.000000e+00, relation_wk=0.000000e+00, personal_u=0.000000e+00, personal_v=0.000000e+00, personal_alpha_bias=0.000000e+00, personal_gate_emb=0.000000e+00, personal_gate_student_proj=0.000000e+00, personal_gate_context_proj=0.000000e+00, personal_gate_student_direct=0.000000e+00, personal_gate_context_direct=0.000000e+00, personal_gate_out=0.000000e+00, personal_generator_emb=0.000000e+00, personal_generator_context_proj=0.000000e+00, personal_generator_context_hidden=0.000000e+00, personal_generator_context_to_u=0.000000e+00, personal_generator_context_to_v=0.000000e+00, personal_generator_student_row=0.000000e+00, personal_generator_student_col=0.000000e+00, personal_generator_low_rank_scale=0.000000e+00, personal_generator_direct_scale=0.000000e+00
2026-04-14 06:37:13,073 - INFO - [assist_09|assist_09_abce_ae_dominant_no_E|lr=0.0003|drop=0.20] [Grad Norms] Epoch [010] | relation_emb=0.000000e+00, relation_tau=1.043166e-09, relation_wq=0.000000e+00, relation_wk=0.000000e+00, personal_u=0.000000e+00, personal_v=0.000000e+00, personal_alpha_bias=0.000000e+00, personal_gate_emb=0.000000e+00, personal_gate_student_proj=0.000000e+00, personal_gate_context_proj=0.000000e+00, personal_gate_student_direct=0.000000e+00, personal_gate_context_direct=0.000000e+00, personal_gate_out=0.000000e+00, personal_generator_emb=0.000000e+00, personal_generator_context_proj=0.000000e+00, personal_generator_context_hidden=0.000000e+00, personal_generator_context_to_u=0.000000e+00, personal_generator_context_to_v=0.000000e+00, personal_generator_student_row=0.000000e+00, personal_generator_student_col=0.000000e+00, personal_generator_low_rank_scale=0.000000e+00, personal_generator_direct_scale=0.000000e+00
2026-04-14 06:37:13,310 - INFO - [assist_09|assist_09_abce_ae_dominant_no_E|lr=0.0003|drop=0.20] -> New best AUC=0.7518 at epoch 10
2026-04-14 06:37:13,330 - INFO - [assist_09|assist_09_abce_ae_dominant_no_E|lr=0.0003|drop=0.20] Checkpoint saved: checkpoints/abce_diag/ae_clean_20260414_6d13d5e/assist_09/seed42/ae_dominant_no_E/checkpoint_epoch_10.pth
2026-04-14 06:37:13,492 - INFO - [assist_09|assist_09_abce_ae_dominant_no_E|lr=0.0003|drop=0.20] [Module Activity] Epoch 10: Graph[OK]
2026-04-14 06:37:36,265 - INFO - [assist_09|assist_09_abce_ae_dominant_no_E|lr=0.0003|drop=0.20] Epoch [011/100] | Train: Loss=0.5016, BCE=0.4935, Reg=0.0080, AUC=0.8086, ACC=0.7508, RMSE=0.4055 | Val: Loss=0.5590, BCE=0.5510, Reg=0.0080, AUC=0.7530, ACC=0.7229, RMSE=0.4299
2026-04-14 06:37:36,266 - INFO - [assist_09|assist_09_abce_ae_dominant_no_E|lr=0.0003|drop=0.20] [Reg Terms] Epoch [011] | Train: graph_entropy=0.000000, graph_diag=0.005000, graph_uniform=0.003049, graph_reg_scale=1.0000, prediction_l2=0.000000, personal_sparse=0.000000, alpha_var=0.000000, alpha_collapse=0.000000, reg_bce_ratio=0.0163 | Val: graph_entropy=0.000000, graph_diag=0.005000, graph_uniform=0.003049, graph_reg_scale=1.0000, prediction_l2=0.000000, personal_sparse=0.000000, alpha_var=0.000000, alpha_collapse=0.000000, reg_bce_ratio=0.0146
2026-04-14 06:37:36,410 - INFO - [assist_09|assist_09_abce_ae_dominant_no_E|lr=0.0003|drop=0.20] [Diag][AE] Epoch [011] | irt_abs_mean=1.6975, irt_std=0.9130, personal_warmup_scale=1.00, graph_row_entropy=2.5592, graph_entropy_ratio=0.5318, alpha_mean=0.0000, alpha_std=0.0000, alpha_bias_std=0.0000, personal_row_entropy=0.0000, personal_matrix_delta=0.0000, personal_matrix_student_std=0.0000, personal_delta_pre_softmax_norm=0.0000, personal_delta_student_std=0.0000, alpha_head_std=0.0000
2026-04-14 06:37:36,410 - INFO - [assist_09|assist_09_abce_ae_dominant_no_E|lr=0.0003|drop=0.20] [Diag][Graph] Epoch [011] | entropy_ratio=0.5318, diag_mass=0.0500, to_uniform_l2=0.023784, to_identity_l2=0.089156, tau_mean=0.6932, tau_std=0.0000, graph_reg_scale(train/val)=1.0000/1.0000
2026-04-14 06:37:36,410 - WARNING - [assist_09|assist_09_abce_ae_dominant_no_E|lr=0.0003|drop=0.20] [Diag Warning][Graph] graph-related grad norms are near zero for 4 epoch(s): relation_emb=0.000000e+00, relation_tau=6.089540e-09, relation_wq=0.000000e+00, relation_wk=0.000000e+00, personal_u=0.000000e+00, personal_v=0.000000e+00, personal_alpha_bias=0.000000e+00, personal_gate_emb=0.000000e+00, personal_gate_student_proj=0.000000e+00, personal_gate_context_proj=0.000000e+00, personal_gate_student_direct=0.000000e+00, personal_gate_context_direct=0.000000e+00, personal_gate_out=0.000000e+00, personal_generator_emb=0.000000e+00, personal_generator_context_proj=0.000000e+00, personal_generator_context_hidden=0.000000e+00, personal_generator_context_to_u=0.000000e+00, personal_generator_context_to_v=0.000000e+00, personal_generator_student_row=0.000000e+00, personal_generator_student_col=0.000000e+00, personal_generator_low_rank_scale=0.000000e+00, personal_generator_direct_scale=0.000000e+00
2026-04-14 06:37:36,410 - INFO - [assist_09|assist_09_abce_ae_dominant_no_E|lr=0.0003|drop=0.20] [Grad Norms] Epoch [011] | relation_emb=0.000000e+00, relation_tau=6.089540e-09, relation_wq=0.000000e+00, relation_wk=0.000000e+00, personal_u=0.000000e+00, personal_v=0.000000e+00, personal_alpha_bias=0.000000e+00, personal_gate_emb=0.000000e+00, personal_gate_student_proj=0.000000e+00, personal_gate_context_proj=0.000000e+00, personal_gate_student_direct=0.000000e+00, personal_gate_context_direct=0.000000e+00, personal_gate_out=0.000000e+00, personal_generator_emb=0.000000e+00, personal_generator_context_proj=0.000000e+00, personal_generator_context_hidden=0.000000e+00, personal_generator_context_to_u=0.000000e+00, personal_generator_context_to_v=0.000000e+00, personal_generator_student_row=0.000000e+00, personal_generator_student_col=0.000000e+00, personal_generator_low_rank_scale=0.000000e+00, personal_generator_direct_scale=0.000000e+00
2026-04-14 06:37:36,654 - INFO - [assist_09|assist_09_abce_ae_dominant_no_E|lr=0.0003|drop=0.20] -> New best AUC=0.7530 at epoch 11
2026-04-14 06:37:57,990 - INFO - [assist_09|assist_09_abce_ae_dominant_no_E|lr=0.0003|drop=0.20] Epoch [012/100] | Train: Loss=0.4981, BCE=0.4900, Reg=0.0081, AUC=0.8118, ACC=0.7524, RMSE=0.4039 | Val: Loss=0.5624, BCE=0.5543, Reg=0.0080, AUC=0.7546, ACC=0.7249, RMSE=0.4308
2026-04-14 06:37:57,991 - INFO - [assist_09|assist_09_abce_ae_dominant_no_E|lr=0.0003|drop=0.20] [Reg Terms] Epoch [012] | Train: graph_entropy=0.000000, graph_diag=0.005003, graph_uniform=0.003049, graph_reg_scale=1.0000, prediction_l2=0.000000, personal_sparse=0.000000, alpha_var=0.000000, alpha_collapse=0.000000, reg_bce_ratio=0.0164 | Val: graph_entropy=0.000000, graph_diag=0.005000, graph_uniform=0.003049, graph_reg_scale=1.0000, prediction_l2=0.000000, personal_sparse=0.000000, alpha_var=0.000000, alpha_collapse=0.000000, reg_bce_ratio=0.0145
2026-04-14 06:37:58,144 - INFO - [assist_09|assist_09_abce_ae_dominant_no_E|lr=0.0003|drop=0.20] [Diag][AE] Epoch [012] | irt_abs_mean=1.8306, irt_std=0.9551, personal_warmup_scale=1.00, graph_row_entropy=2.5592, graph_entropy_ratio=0.5318, alpha_mean=0.0000, alpha_std=0.0000, alpha_bias_std=0.0000, personal_row_entropy=0.0000, personal_matrix_delta=0.0000, personal_matrix_student_std=0.0000, personal_delta_pre_softmax_norm=0.0000, personal_delta_student_std=0.0000, alpha_head_std=0.0000
2026-04-14 06:37:58,145 - INFO - [assist_09|assist_09_abce_ae_dominant_no_E|lr=0.0003|drop=0.20] [Diag][Graph] Epoch [012] | entropy_ratio=0.5318, diag_mass=0.0500, to_uniform_l2=0.023784, to_identity_l2=0.089156, tau_mean=0.6930, tau_std=0.0001, graph_reg_scale(train/val)=1.0000/1.0000
2026-04-14 06:37:58,145 - INFO - [assist_09|assist_09_abce_ae_dominant_no_E|lr=0.0003|drop=0.20] [Grad Norms] Epoch [012] | relation_emb=0.000000e+00, relation_tau=7.523773e-08, relation_wq=0.000000e+00, relation_wk=0.000000e+00, personal_u=0.000000e+00, personal_v=0.000000e+00, personal_alpha_bias=0.000000e+00, personal_gate_emb=0.000000e+00, personal_gate_student_proj=0.000000e+00, personal_gate_context_proj=0.000000e+00, personal_gate_student_direct=0.000000e+00, personal_gate_context_direct=0.000000e+00, personal_gate_out=0.000000e+00, personal_generator_emb=0.000000e+00, personal_generator_context_proj=0.000000e+00, personal_generator_context_hidden=0.000000e+00, personal_generator_context_to_u=0.000000e+00, personal_generator_context_to_v=0.000000e+00, personal_generator_student_row=0.000000e+00, personal_generator_student_col=0.000000e+00, personal_generator_low_rank_scale=0.000000e+00, personal_generator_direct_scale=0.000000e+00
2026-04-14 06:37:58,380 - INFO - [assist_09|assist_09_abce_ae_dominant_no_E|lr=0.0003|drop=0.20] -> New best AUC=0.7546 at epoch 12
2026-04-14 06:38:18,384 - INFO - [assist_09|assist_09_abce_ae_dominant_no_E|lr=0.0003|drop=0.20] Epoch [013/100] | Train: Loss=0.4949, BCE=0.4869, Reg=0.0080, AUC=0.8149, ACC=0.7541, RMSE=0.4025 | Val: Loss=0.5618, BCE=0.5537, Reg=0.0080, AUC=0.7538, ACC=0.7235, RMSE=0.4306
2026-04-14 06:38:18,384 - INFO - [assist_09|assist_09_abce_ae_dominant_no_E|lr=0.0003|drop=0.20] [Reg Terms] Epoch [013] | Train: graph_entropy=0.000000, graph_diag=0.005000, graph_uniform=0.003049, graph_reg_scale=1.0000, prediction_l2=0.000000, personal_sparse=0.000000, alpha_var=0.000000, alpha_collapse=0.000000, reg_bce_ratio=0.0165 | Val: graph_entropy=0.000000, graph_diag=0.005000, graph_uniform=0.003049, graph_reg_scale=1.0000, prediction_l2=0.000000, personal_sparse=0.000000, alpha_var=0.000000, alpha_collapse=0.000000, reg_bce_ratio=0.0145
2026-04-14 06:38:18,530 - INFO - [assist_09|assist_09_abce_ae_dominant_no_E|lr=0.0003|drop=0.20] [Diag][AE] Epoch [013] | irt_abs_mean=1.7685, irt_std=0.9681, personal_warmup_scale=1.00, graph_row_entropy=2.5592, graph_entropy_ratio=0.5318, alpha_mean=0.0000, alpha_std=0.0000, alpha_bias_std=0.0000, personal_row_entropy=0.0000, personal_matrix_delta=0.0000, personal_matrix_student_std=0.0000, personal_delta_pre_softmax_norm=0.0000, personal_delta_student_std=0.0000, alpha_head_std=0.0000
2026-04-14 06:38:18,530 - INFO - [assist_09|assist_09_abce_ae_dominant_no_E|lr=0.0003|drop=0.20] [Diag][Graph] Epoch [013] | entropy_ratio=0.5318, diag_mass=0.0500, to_uniform_l2=0.023784, to_identity_l2=0.089156, tau_mean=0.6932, tau_std=0.0000, graph_reg_scale(train/val)=1.0000/1.0000
2026-04-14 06:38:18,531 - INFO - [assist_09|assist_09_abce_ae_dominant_no_E|lr=0.0003|drop=0.20] [Grad Norms] Epoch [013] | relation_emb=0.000000e+00, relation_tau=4.523814e-09, relation_wq=0.000000e+00, relation_wk=0.000000e+00, personal_u=0.000000e+00, personal_v=0.000000e+00, personal_alpha_bias=0.000000e+00, personal_gate_emb=0.000000e+00, personal_gate_student_proj=0.000000e+00, personal_gate_context_proj=0.000000e+00, personal_gate_student_direct=0.000000e+00, personal_gate_context_direct=0.000000e+00, personal_gate_out=0.000000e+00, personal_generator_emb=0.000000e+00, personal_generator_context_proj=0.000000e+00, personal_generator_context_hidden=0.000000e+00, personal_generator_context_to_u=0.000000e+00, personal_generator_context_to_v=0.000000e+00, personal_generator_student_row=0.000000e+00, personal_generator_student_col=0.000000e+00, personal_generator_low_rank_scale=0.000000e+00, personal_generator_direct_scale=0.000000e+00
2026-04-14 06:38:18,531 - INFO - [assist_09|assist_09_abce_ae_dominant_no_E|lr=0.0003|drop=0.20] -> No improvement 1 epoch(s) (best AUC=0.7546 @ 12)
2026-04-14 06:38:39,512 - INFO - [assist_09|assist_09_abce_ae_dominant_no_E|lr=0.0003|drop=0.20] Epoch [014/100] | Train: Loss=0.4918, BCE=0.4838, Reg=0.0080, AUC=0.8178, ACC=0.7546, RMSE=0.4012 | Val: Loss=0.5605, BCE=0.5524, Reg=0.0080, AUC=0.7531, ACC=0.7225, RMSE=0.4301
2026-04-14 06:38:39,513 - INFO - [assist_09|assist_09_abce_ae_dominant_no_E|lr=0.0003|drop=0.20] [Reg Terms] Epoch [014] | Train: graph_entropy=0.000000, graph_diag=0.005000, graph_uniform=0.003049, graph_reg_scale=1.0000, prediction_l2=0.000001, personal_sparse=0.000000, alpha_var=0.000000, alpha_collapse=0.000000, reg_bce_ratio=0.0166 | Val: graph_entropy=0.000000, graph_diag=0.005000, graph_uniform=0.003049, graph_reg_scale=1.0000, prediction_l2=0.000001, personal_sparse=0.000000, alpha_var=0.000000, alpha_collapse=0.000000, reg_bce_ratio=0.0146
2026-04-14 06:38:39,668 - INFO - [assist_09|assist_09_abce_ae_dominant_no_E|lr=0.0003|drop=0.20] [Diag][AE] Epoch [014] | irt_abs_mean=1.7106, irt_std=0.9843, personal_warmup_scale=1.00, graph_row_entropy=2.5592, graph_entropy_ratio=0.5318, alpha_mean=0.0000, alpha_std=0.0000, alpha_bias_std=0.0000, personal_row_entropy=0.0000, personal_matrix_delta=0.0000, personal_matrix_student_std=0.0000, personal_delta_pre_softmax_norm=0.0000, personal_delta_student_std=0.0000, alpha_head_std=0.0000
2026-04-14 06:38:39,668 - INFO - [assist_09|assist_09_abce_ae_dominant_no_E|lr=0.0003|drop=0.20] [Diag][Graph] Epoch [014] | entropy_ratio=0.5318, diag_mass=0.0500, to_uniform_l2=0.023784, to_identity_l2=0.089156, tau_mean=0.6931, tau_std=0.0000, graph_reg_scale(train/val)=1.0000/1.0000
2026-04-14 06:38:39,668 - WARNING - [assist_09|assist_09_abce_ae_dominant_no_E|lr=0.0003|drop=0.20] [Diag Warning][Graph] graph-related grad norms are near zero for 2 epoch(s): relation_emb=0.000000e+00, relation_tau=6.047045e-09, relation_wq=0.000000e+00, relation_wk=0.000000e+00, personal_u=0.000000e+00, personal_v=0.000000e+00, personal_alpha_bias=0.000000e+00, personal_gate_emb=0.000000e+00, personal_gate_student_proj=0.000000e+00, personal_gate_context_proj=0.000000e+00, personal_gate_student_direct=0.000000e+00, personal_gate_context_direct=0.000000e+00, personal_gate_out=0.000000e+00, personal_generator_emb=0.000000e+00, personal_generator_context_proj=0.000000e+00, personal_generator_context_hidden=0.000000e+00, personal_generator_context_to_u=0.000000e+00, personal_generator_context_to_v=0.000000e+00, personal_generator_student_row=0.000000e+00, personal_generator_student_col=0.000000e+00, personal_generator_low_rank_scale=0.000000e+00, personal_generator_direct_scale=0.000000e+00
2026-04-14 06:38:39,668 - INFO - [assist_09|assist_09_abce_ae_dominant_no_E|lr=0.0003|drop=0.20] [Grad Norms] Epoch [014] | relation_emb=0.000000e+00, relation_tau=6.047045e-09, relation_wq=0.000000e+00, relation_wk=0.000000e+00, personal_u=0.000000e+00, personal_v=0.000000e+00, personal_alpha_bias=0.000000e+00, personal_gate_emb=0.000000e+00, personal_gate_student_proj=0.000000e+00, personal_gate_context_proj=0.000000e+00, personal_gate_student_direct=0.000000e+00, personal_gate_context_direct=0.000000e+00, personal_gate_out=0.000000e+00, personal_generator_emb=0.000000e+00, personal_generator_context_proj=0.000000e+00, personal_generator_context_hidden=0.000000e+00, personal_generator_context_to_u=0.000000e+00, personal_generator_context_to_v=0.000000e+00, personal_generator_student_row=0.000000e+00, personal_generator_student_col=0.000000e+00, personal_generator_low_rank_scale=0.000000e+00, personal_generator_direct_scale=0.000000e+00
2026-04-14 06:38:39,668 - INFO - [assist_09|assist_09_abce_ae_dominant_no_E|lr=0.0003|drop=0.20] -> No improvement 2 epoch(s) (best AUC=0.7546 @ 12)
2026-04-14 06:39:02,370 - INFO - [assist_09|assist_09_abce_ae_dominant_no_E|lr=0.0003|drop=0.20] Epoch [015/100] | Train: Loss=0.4890, BCE=0.4810, Reg=0.0080, AUC=0.8205, ACC=0.7566, RMSE=0.3999 | Val: Loss=0.5635, BCE=0.5555, Reg=0.0080, AUC=0.7548, ACC=0.7252, RMSE=0.4310
2026-04-14 06:39:02,370 - INFO - [assist_09|assist_09_abce_ae_dominant_no_E|lr=0.0003|drop=0.20] [Reg Terms] Epoch [015] | Train: graph_entropy=0.000000, graph_diag=0.005000, graph_uniform=0.003049, graph_reg_scale=1.0000, prediction_l2=0.000001, personal_sparse=0.000000, alpha_var=0.000000, alpha_collapse=0.000000, reg_bce_ratio=0.0167 | Val: graph_entropy=0.000000, graph_diag=0.005000, graph_uniform=0.003049, graph_reg_scale=1.0000, prediction_l2=0.000001, personal_sparse=0.000000, alpha_var=0.000000, alpha_collapse=0.000000, reg_bce_ratio=0.0145
2026-04-14 06:39:02,515 - INFO - [assist_09|assist_09_abce_ae_dominant_no_E|lr=0.0003|drop=0.20] [Diag][AE] Epoch [015] | irt_abs_mean=1.8322, irt_std=1.0221, personal_warmup_scale=1.00, graph_row_entropy=2.5592, graph_entropy_ratio=0.5318, alpha_mean=0.0000, alpha_std=0.0000, alpha_bias_std=0.0000, personal_row_entropy=0.0000, personal_matrix_delta=0.0000, personal_matrix_student_std=0.0000, personal_delta_pre_softmax_norm=0.0000, personal_delta_student_std=0.0000, alpha_head_std=0.0000
2026-04-14 06:39:02,515 - INFO - [assist_09|assist_09_abce_ae_dominant_no_E|lr=0.0003|drop=0.20] [Diag][Graph] Epoch [015] | entropy_ratio=0.5318, diag_mass=0.0500, to_uniform_l2=0.023784, to_identity_l2=0.089156, tau_mean=0.6934, tau_std=0.0002, graph_reg_scale(train/val)=1.0000/1.0000
2026-04-14 06:39:02,515 - INFO - [assist_09|assist_09_abce_ae_dominant_no_E|lr=0.0003|drop=0.20] [Grad Norms] Epoch [015] | relation_emb=0.000000e+00, relation_tau=3.892381e-08, relation_wq=0.000000e+00, relation_wk=0.000000e+00, personal_u=0.000000e+00, personal_v=0.000000e+00, personal_alpha_bias=0.000000e+00, personal_gate_emb=0.000000e+00, personal_gate_student_proj=0.000000e+00, personal_gate_context_proj=0.000000e+00, personal_gate_student_direct=0.000000e+00, personal_gate_context_direct=0.000000e+00, personal_gate_out=0.000000e+00, personal_generator_emb=0.000000e+00, personal_generator_context_proj=0.000000e+00, personal_generator_context_hidden=0.000000e+00, personal_generator_context_to_u=0.000000e+00, personal_generator_context_to_v=0.000000e+00, personal_generator_student_row=0.000000e+00, personal_generator_student_col=0.000000e+00, personal_generator_low_rank_scale=0.000000e+00, personal_generator_direct_scale=0.000000e+00
2026-04-14 06:39:02,783 - INFO - [assist_09|assist_09_abce_ae_dominant_no_E|lr=0.0003|drop=0.20] -> New best AUC=0.7548 at epoch 15
2026-04-14 06:39:23,881 - INFO - [assist_09|assist_09_abce_ae_dominant_no_E|lr=0.0003|drop=0.20] Epoch [016/100] | Train: Loss=0.4869, BCE=0.4788, Reg=0.0081, AUC=0.8224, ACC=0.7570, RMSE=0.3991 | Val: Loss=0.5602, BCE=0.5522, Reg=0.0080, AUC=0.7555, ACC=0.7246, RMSE=0.4297
2026-04-14 06:39:23,881 - INFO - [assist_09|assist_09_abce_ae_dominant_no_E|lr=0.0003|drop=0.20] [Reg Terms] Epoch [016] | Train: graph_entropy=0.000000, graph_diag=0.005003, graph_uniform=0.003049, graph_reg_scale=1.0000, prediction_l2=0.000001, personal_sparse=0.000000, alpha_var=0.000000, alpha_collapse=0.000000, reg_bce_ratio=0.0168 | Val: graph_entropy=0.000000, graph_diag=0.005000, graph_uniform=0.003049, graph_reg_scale=1.0000, prediction_l2=0.000001, personal_sparse=0.000000, alpha_var=0.000000, alpha_collapse=0.000000, reg_bce_ratio=0.0146
2026-04-14 06:39:24,025 - INFO - [assist_09|assist_09_abce_ae_dominant_no_E|lr=0.0003|drop=0.20] [Diag][AE] Epoch [016] | irt_abs_mean=1.8116, irt_std=1.0115, personal_warmup_scale=1.00, graph_row_entropy=2.5592, graph_entropy_ratio=0.5318, alpha_mean=0.0000, alpha_std=0.0000, alpha_bias_std=0.0000, personal_row_entropy=0.0000, personal_matrix_delta=0.0000, personal_matrix_student_std=0.0000, personal_delta_pre_softmax_norm=0.0000, personal_delta_student_std=0.0000, alpha_head_std=0.0000
2026-04-14 06:39:24,026 - INFO - [assist_09|assist_09_abce_ae_dominant_no_E|lr=0.0003|drop=0.20] [Diag][Graph] Epoch [016] | entropy_ratio=0.5318, diag_mass=0.0500, to_uniform_l2=0.023784, to_identity_l2=0.089156, tau_mean=0.6931, tau_std=0.0000, graph_reg_scale(train/val)=1.0000/1.0000
2026-04-14 06:39:24,026 - INFO - [assist_09|assist_09_abce_ae_dominant_no_E|lr=0.0003|drop=0.20] [Grad Norms] Epoch [016] | relation_emb=0.000000e+00, relation_tau=2.351745e-08, relation_wq=0.000000e+00, relation_wk=0.000000e+00, personal_u=0.000000e+00, personal_v=0.000000e+00, personal_alpha_bias=0.000000e+00, personal_gate_emb=0.000000e+00, personal_gate_student_proj=0.000000e+00, personal_gate_context_proj=0.000000e+00, personal_gate_student_direct=0.000000e+00, personal_gate_context_direct=0.000000e+00, personal_gate_out=0.000000e+00, personal_generator_emb=0.000000e+00, personal_generator_context_proj=0.000000e+00, personal_generator_context_hidden=0.000000e+00, personal_generator_context_to_u=0.000000e+00, personal_generator_context_to_v=0.000000e+00, personal_generator_student_row=0.000000e+00, personal_generator_student_col=0.000000e+00, personal_generator_low_rank_scale=0.000000e+00, personal_generator_direct_scale=0.000000e+00
2026-04-14 06:39:24,308 - INFO - [assist_09|assist_09_abce_ae_dominant_no_E|lr=0.0003|drop=0.20] -> New best AUC=0.7555 at epoch 16
2026-04-14 06:39:44,944 - INFO - [assist_09|assist_09_abce_ae_dominant_no_E|lr=0.0003|drop=0.20] Epoch [017/100] | Train: Loss=0.4848, BCE=0.4768, Reg=0.0080, AUC=0.8245, ACC=0.7579, RMSE=0.3982 | Val: Loss=0.5630, BCE=0.5550, Reg=0.0080, AUC=0.7554, ACC=0.7240, RMSE=0.4304
2026-04-14 06:39:44,944 - INFO - [assist_09|assist_09_abce_ae_dominant_no_E|lr=0.0003|drop=0.20] [Reg Terms] Epoch [017] | Train: graph_entropy=0.000000, graph_diag=0.005000, graph_uniform=0.003049, graph_reg_scale=1.0000, prediction_l2=0.000001, personal_sparse=0.000000, alpha_var=0.000000, alpha_collapse=0.000000, reg_bce_ratio=0.0169 | Val: graph_entropy=0.000000, graph_diag=0.005000, graph_uniform=0.003049, graph_reg_scale=1.0000, prediction_l2=0.000001, personal_sparse=0.000000, alpha_var=0.000000, alpha_collapse=0.000000, reg_bce_ratio=0.0145
2026-04-14 06:39:45,092 - INFO - [assist_09|assist_09_abce_ae_dominant_no_E|lr=0.0003|drop=0.20] [Diag][AE] Epoch [017] | irt_abs_mean=1.8194, irt_std=1.0407, personal_warmup_scale=1.00, graph_row_entropy=2.5592, graph_entropy_ratio=0.5318, alpha_mean=0.0000, alpha_std=0.0000, alpha_bias_std=0.0000, personal_row_entropy=0.0000, personal_matrix_delta=0.0000, personal_matrix_student_std=0.0000, personal_delta_pre_softmax_norm=0.0000, personal_delta_student_std=0.0000, alpha_head_std=0.0000
2026-04-14 06:39:45,092 - INFO - [assist_09|assist_09_abce_ae_dominant_no_E|lr=0.0003|drop=0.20] [Diag][Graph] Epoch [017] | entropy_ratio=0.5318, diag_mass=0.0500, to_uniform_l2=0.023784, to_identity_l2=0.089156, tau_mean=0.6931, tau_std=0.0000, graph_reg_scale(train/val)=1.0000/1.0000
2026-04-14 06:39:45,092 - INFO - [assist_09|assist_09_abce_ae_dominant_no_E|lr=0.0003|drop=0.20] [Grad Norms] Epoch [017] | relation_emb=0.000000e+00, relation_tau=3.913608e-09, relation_wq=0.000000e+00, relation_wk=0.000000e+00, personal_u=0.000000e+00, personal_v=0.000000e+00, personal_alpha_bias=0.000000e+00, personal_gate_emb=0.000000e+00, personal_gate_student_proj=0.000000e+00, personal_gate_context_proj=0.000000e+00, personal_gate_student_direct=0.000000e+00, personal_gate_context_direct=0.000000e+00, personal_gate_out=0.000000e+00, personal_generator_emb=0.000000e+00, personal_generator_context_proj=0.000000e+00, personal_generator_context_hidden=0.000000e+00, personal_generator_context_to_u=0.000000e+00, personal_generator_context_to_v=0.000000e+00, personal_generator_student_row=0.000000e+00, personal_generator_student_col=0.000000e+00, personal_generator_low_rank_scale=0.000000e+00, personal_generator_direct_scale=0.000000e+00
2026-04-14 06:39:45,092 - INFO - [assist_09|assist_09_abce_ae_dominant_no_E|lr=0.0003|drop=0.20] -> No improvement 1 epoch(s) (best AUC=0.7555 @ 16)
2026-04-14 06:40:07,954 - INFO - [assist_09|assist_09_abce_ae_dominant_no_E|lr=0.0003|drop=0.20] Epoch [018/100] | Train: Loss=0.4779, BCE=0.4698, Reg=0.0080, AUC=0.8310, ACC=0.7625, RMSE=0.3949 | Val: Loss=0.5632, BCE=0.5552, Reg=0.0080, AUC=0.7557, ACC=0.7242, RMSE=0.4305
2026-04-14 06:40:07,955 - INFO - [assist_09|assist_09_abce_ae_dominant_no_E|lr=0.0003|drop=0.20] [Reg Terms] Epoch [018] | Train: graph_entropy=0.000000, graph_diag=0.005000, graph_uniform=0.003049, graph_reg_scale=1.0000, prediction_l2=0.000001, personal_sparse=0.000000, alpha_var=0.000000, alpha_collapse=0.000000, reg_bce_ratio=0.0171 | Val: graph_entropy=0.000000, graph_diag=0.005000, graph_uniform=0.003049, graph_reg_scale=1.0000, prediction_l2=0.000001, personal_sparse=0.000000, alpha_var=0.000000, alpha_collapse=0.000000, reg_bce_ratio=0.0145
2026-04-14 06:40:08,106 - INFO - [assist_09|assist_09_abce_ae_dominant_no_E|lr=0.0003|drop=0.20] [Diag][AE] Epoch [018] | irt_abs_mean=1.8332, irt_std=1.0708, personal_warmup_scale=1.00, graph_row_entropy=2.5592, graph_entropy_ratio=0.5318, alpha_mean=0.0000, alpha_std=0.0000, alpha_bias_std=0.0000, personal_row_entropy=0.0000, personal_matrix_delta=0.0000, personal_matrix_student_std=0.0000, personal_delta_pre_softmax_norm=0.0000, personal_delta_student_std=0.0000, alpha_head_std=0.0000
2026-04-14 06:40:08,106 - INFO - [assist_09|assist_09_abce_ae_dominant_no_E|lr=0.0003|drop=0.20] [Diag][Graph] Epoch [018] | entropy_ratio=0.5318, diag_mass=0.0500, to_uniform_l2=0.023784, to_identity_l2=0.089156, tau_mean=0.6931, tau_std=0.0000, graph_reg_scale(train/val)=1.0000/1.0000
2026-04-14 06:40:08,106 - WARNING - [assist_09|assist_09_abce_ae_dominant_no_E|lr=0.0003|drop=0.20] [Diag Warning][Graph] graph-related grad norms are near zero for 2 epoch(s): relation_emb=0.000000e+00, relation_tau=1.150643e-12, relation_wq=0.000000e+00, relation_wk=0.000000e+00, personal_u=0.000000e+00, personal_v=0.000000e+00, personal_alpha_bias=0.000000e+00, personal_gate_emb=0.000000e+00, personal_gate_student_proj=0.000000e+00, personal_gate_context_proj=0.000000e+00, personal_gate_student_direct=0.000000e+00, personal_gate_context_direct=0.000000e+00, personal_gate_out=0.000000e+00, personal_generator_emb=0.000000e+00, personal_generator_context_proj=0.000000e+00, personal_generator_context_hidden=0.000000e+00, personal_generator_context_to_u=0.000000e+00, personal_generator_context_to_v=0.000000e+00, personal_generator_student_row=0.000000e+00, personal_generator_student_col=0.000000e+00, personal_generator_low_rank_scale=0.000000e+00, personal_generator_direct_scale=0.000000e+00
2026-04-14 06:40:08,106 - INFO - [assist_09|assist_09_abce_ae_dominant_no_E|lr=0.0003|drop=0.20] [Grad Norms] Epoch [018] | relation_emb=0.000000e+00, relation_tau=1.150643e-12, relation_wq=0.000000e+00, relation_wk=0.000000e+00, personal_u=0.000000e+00, personal_v=0.000000e+00, personal_alpha_bias=0.000000e+00, personal_gate_emb=0.000000e+00, personal_gate_student_proj=0.000000e+00, personal_gate_context_proj=0.000000e+00, personal_gate_student_direct=0.000000e+00, personal_gate_context_direct=0.000000e+00, personal_gate_out=0.000000e+00, personal_generator_emb=0.000000e+00, personal_generator_context_proj=0.000000e+00, personal_generator_context_hidden=0.000000e+00, personal_generator_context_to_u=0.000000e+00, personal_generator_context_to_v=0.000000e+00, personal_generator_student_row=0.000000e+00, personal_generator_student_col=0.000000e+00, personal_generator_low_rank_scale=0.000000e+00, personal_generator_direct_scale=0.000000e+00
2026-04-14 06:40:08,360 - INFO - [assist_09|assist_09_abce_ae_dominant_no_E|lr=0.0003|drop=0.20] -> New best AUC=0.7557 at epoch 18
2026-04-14 06:40:28,924 - INFO - [assist_09|assist_09_abce_ae_dominant_no_E|lr=0.0003|drop=0.20] Epoch [019/100] | Train: Loss=0.4765, BCE=0.4684, Reg=0.0080, AUC=0.8320, ACC=0.7620, RMSE=0.3943 | Val: Loss=0.5644, BCE=0.5564, Reg=0.0080, AUC=0.7558, ACC=0.7253, RMSE=0.4305
2026-04-14 06:40:28,924 - INFO - [assist_09|assist_09_abce_ae_dominant_no_E|lr=0.0003|drop=0.20] [Reg Terms] Epoch [019] | Train: graph_entropy=0.000000, graph_diag=0.005000, graph_uniform=0.003049, graph_reg_scale=1.0000, prediction_l2=0.000001, personal_sparse=0.000000, alpha_var=0.000000, alpha_collapse=0.000000, reg_bce_ratio=0.0172 | Val: graph_entropy=0.000000, graph_diag=0.005000, graph_uniform=0.003049, graph_reg_scale=1.0000, prediction_l2=0.000001, personal_sparse=0.000000, alpha_var=0.000000, alpha_collapse=0.000000, reg_bce_ratio=0.0145
2026-04-14 06:40:29,101 - INFO - [assist_09|assist_09_abce_ae_dominant_no_E|lr=0.0003|drop=0.20] [Diag][AE] Epoch [019] | irt_abs_mean=1.8881, irt_std=1.0918, personal_warmup_scale=1.00, graph_row_entropy=2.5592, graph_entropy_ratio=0.5318, alpha_mean=0.0000, alpha_std=0.0000, alpha_bias_std=0.0000, personal_row_entropy=0.0000, personal_matrix_delta=0.0000, personal_matrix_student_std=0.0000, personal_delta_pre_softmax_norm=0.0000, personal_delta_student_std=0.0000, alpha_head_std=0.0000
2026-04-14 06:40:29,101 - INFO - [assist_09|assist_09_abce_ae_dominant_no_E|lr=0.0003|drop=0.20] [Diag][Graph] Epoch [019] | entropy_ratio=0.5318, diag_mass=0.0500, to_uniform_l2=0.023784, to_identity_l2=0.089156, tau_mean=0.6931, tau_std=0.0000, graph_reg_scale(train/val)=1.0000/1.0000
2026-04-14 06:40:29,101 - WARNING - [assist_09|assist_09_abce_ae_dominant_no_E|lr=0.0003|drop=0.20] [Diag Warning][Graph] graph-related grad norms are near zero for 3 epoch(s): relation_emb=0.000000e+00, relation_tau=7.386412e-10, relation_wq=0.000000e+00, relation_wk=0.000000e+00, personal_u=0.000000e+00, personal_v=0.000000e+00, personal_alpha_bias=0.000000e+00, personal_gate_emb=0.000000e+00, personal_gate_student_proj=0.000000e+00, personal_gate_context_proj=0.000000e+00, personal_gate_student_direct=0.000000e+00, personal_gate_context_direct=0.000000e+00, personal_gate_out=0.000000e+00, personal_generator_emb=0.000000e+00, personal_generator_context_proj=0.000000e+00, personal_generator_context_hidden=0.000000e+00, personal_generator_context_to_u=0.000000e+00, personal_generator_context_to_v=0.000000e+00, personal_generator_student_row=0.000000e+00, personal_generator_student_col=0.000000e+00, personal_generator_low_rank_scale=0.000000e+00, personal_generator_direct_scale=0.000000e+00
2026-04-14 06:40:29,102 - INFO - [assist_09|assist_09_abce_ae_dominant_no_E|lr=0.0003|drop=0.20] [Grad Norms] Epoch [019] | relation_emb=0.000000e+00, relation_tau=7.386412e-10, relation_wq=0.000000e+00, relation_wk=0.000000e+00, personal_u=0.000000e+00, personal_v=0.000000e+00, personal_alpha_bias=0.000000e+00, personal_gate_emb=0.000000e+00, personal_gate_student_proj=0.000000e+00, personal_gate_context_proj=0.000000e+00, personal_gate_student_direct=0.000000e+00, personal_gate_context_direct=0.000000e+00, personal_gate_out=0.000000e+00, personal_generator_emb=0.000000e+00, personal_generator_context_proj=0.000000e+00, personal_generator_context_hidden=0.000000e+00, personal_generator_context_to_u=0.000000e+00, personal_generator_context_to_v=0.000000e+00, personal_generator_student_row=0.000000e+00, personal_generator_student_col=0.000000e+00, personal_generator_low_rank_scale=0.000000e+00, personal_generator_direct_scale=0.000000e+00
2026-04-14 06:40:29,368 - INFO - [assist_09|assist_09_abce_ae_dominant_no_E|lr=0.0003|drop=0.20] -> New best AUC=0.7558 at epoch 19
2026-04-14 06:40:50,353 - INFO - [assist_09|assist_09_abce_ae_dominant_no_E|lr=0.0003|drop=0.20] Epoch [020/100] | Train: Loss=0.4755, BCE=0.4674, Reg=0.0080, AUC=0.8328, ACC=0.7630, RMSE=0.3939 | Val: Loss=0.5655, BCE=0.5574, Reg=0.0080, AUC=0.7557, ACC=0.7264, RMSE=0.4307
2026-04-14 06:40:50,353 - INFO - [assist_09|assist_09_abce_ae_dominant_no_E|lr=0.0003|drop=0.20] [Reg Terms] Epoch [020] | Train: graph_entropy=0.000000, graph_diag=0.005000, graph_uniform=0.003049, graph_reg_scale=1.0000, prediction_l2=0.000001, personal_sparse=0.000000, alpha_var=0.000000, alpha_collapse=0.000000, reg_bce_ratio=0.0172 | Val: graph_entropy=0.000000, graph_diag=0.005000, graph_uniform=0.003049, graph_reg_scale=1.0000, prediction_l2=0.000001, personal_sparse=0.000000, alpha_var=0.000000, alpha_collapse=0.000000, reg_bce_ratio=0.0144
2026-04-14 06:40:50,505 - INFO - [assist_09|assist_09_abce_ae_dominant_no_E|lr=0.0003|drop=0.20] [Diag][AE] Epoch [020] | irt_abs_mean=1.9181, irt_std=1.1218, personal_warmup_scale=1.00, graph_row_entropy=2.5592, graph_entropy_ratio=0.5318, alpha_mean=0.0000, alpha_std=0.0000, alpha_bias_std=0.0000, personal_row_entropy=0.0000, personal_matrix_delta=0.0000, personal_matrix_student_std=0.0000, personal_delta_pre_softmax_norm=0.0000, personal_delta_student_std=0.0000, alpha_head_std=0.0000
2026-04-14 06:40:50,506 - INFO - [assist_09|assist_09_abce_ae_dominant_no_E|lr=0.0003|drop=0.20] [Diag][Graph] Epoch [020] | entropy_ratio=0.5318, diag_mass=0.0500, to_uniform_l2=0.023784, to_identity_l2=0.089156, tau_mean=0.6931, tau_std=0.0000, graph_reg_scale(train/val)=1.0000/1.0000
2026-04-14 06:40:50,506 - WARNING - [assist_09|assist_09_abce_ae_dominant_no_E|lr=0.0003|drop=0.20] [Diag Warning][Graph] graph-related grad norms are near zero for 4 epoch(s): relation_emb=0.000000e+00, relation_tau=9.298135e-09, relation_wq=0.000000e+00, relation_wk=0.000000e+00, personal_u=0.000000e+00, personal_v=0.000000e+00, personal_alpha_bias=0.000000e+00, personal_gate_emb=0.000000e+00, personal_gate_student_proj=0.000000e+00, personal_gate_context_proj=0.000000e+00, personal_gate_student_direct=0.000000e+00, personal_gate_context_direct=0.000000e+00, personal_gate_out=0.000000e+00, personal_generator_emb=0.000000e+00, personal_generator_context_proj=0.000000e+00, personal_generator_context_hidden=0.000000e+00, personal_generator_context_to_u=0.000000e+00, personal_generator_context_to_v=0.000000e+00, personal_generator_student_row=0.000000e+00, personal_generator_student_col=0.000000e+00, personal_generator_low_rank_scale=0.000000e+00, personal_generator_direct_scale=0.000000e+00
2026-04-14 06:40:50,506 - INFO - [assist_09|assist_09_abce_ae_dominant_no_E|lr=0.0003|drop=0.20] [Grad Norms] Epoch [020] | relation_emb=0.000000e+00, relation_tau=9.298135e-09, relation_wq=0.000000e+00, relation_wk=0.000000e+00, personal_u=0.000000e+00, personal_v=0.000000e+00, personal_alpha_bias=0.000000e+00, personal_gate_emb=0.000000e+00, personal_gate_student_proj=0.000000e+00, personal_gate_context_proj=0.000000e+00, personal_gate_student_direct=0.000000e+00, personal_gate_context_direct=0.000000e+00, personal_gate_out=0.000000e+00, personal_generator_emb=0.000000e+00, personal_generator_context_proj=0.000000e+00, personal_generator_context_hidden=0.000000e+00, personal_generator_context_to_u=0.000000e+00, personal_generator_context_to_v=0.000000e+00, personal_generator_student_row=0.000000e+00, personal_generator_student_col=0.000000e+00, personal_generator_low_rank_scale=0.000000e+00, personal_generator_direct_scale=0.000000e+00
2026-04-14 06:40:50,506 - INFO - [assist_09|assist_09_abce_ae_dominant_no_E|lr=0.0003|drop=0.20] -> No improvement 1 epoch(s) (best AUC=0.7558 @ 19)
2026-04-14 06:40:50,523 - INFO - [assist_09|assist_09_abce_ae_dominant_no_E|lr=0.0003|drop=0.20] Checkpoint saved: checkpoints/abce_diag/ae_clean_20260414_6d13d5e/assist_09/seed42/ae_dominant_no_E/checkpoint_epoch_20.pth
2026-04-14 06:40:50,679 - INFO - [assist_09|assist_09_abce_ae_dominant_no_E|lr=0.0003|drop=0.20] [Module Activity] Epoch 20: Graph[OK]
2026-04-14 06:41:14,076 - INFO - [assist_09|assist_09_abce_ae_dominant_no_E|lr=0.0003|drop=0.20] Epoch [021/100] | Train: Loss=0.4739, BCE=0.4658, Reg=0.0080, AUC=0.8341, ACC=0.7647, RMSE=0.3932 | Val: Loss=0.5667, BCE=0.5587, Reg=0.0080, AUC=0.7558, ACC=0.7255, RMSE=0.4311
2026-04-14 06:41:14,076 - INFO - [assist_09|assist_09_abce_ae_dominant_no_E|lr=0.0003|drop=0.20] [Reg Terms] Epoch [021] | Train: graph_entropy=0.000000, graph_diag=0.005000, graph_uniform=0.003049, graph_reg_scale=1.0000, prediction_l2=0.000001, personal_sparse=0.000000, alpha_var=0.000000, alpha_collapse=0.000000, reg_bce_ratio=0.0173 | Val: graph_entropy=0.000000, graph_diag=0.005000, graph_uniform=0.003049, graph_reg_scale=1.0000, prediction_l2=0.000001, personal_sparse=0.000000, alpha_var=0.000000, alpha_collapse=0.000000, reg_bce_ratio=0.0144
2026-04-14 06:41:14,236 - INFO - [assist_09|assist_09_abce_ae_dominant_no_E|lr=0.0003|drop=0.20] [Diag][AE] Epoch [021] | irt_abs_mean=1.9480, irt_std=1.1387, personal_warmup_scale=1.00, graph_row_entropy=2.5592, graph_entropy_ratio=0.5318, alpha_mean=0.0000, alpha_std=0.0000, alpha_bias_std=0.0000, personal_row_entropy=0.0000, personal_matrix_delta=0.0000, personal_matrix_student_std=0.0000, personal_delta_pre_softmax_norm=0.0000, personal_delta_student_std=0.0000, alpha_head_std=0.0000
2026-04-14 06:41:14,236 - INFO - [assist_09|assist_09_abce_ae_dominant_no_E|lr=0.0003|drop=0.20] [Diag][Graph] Epoch [021] | entropy_ratio=0.5318, diag_mass=0.0500, to_uniform_l2=0.023784, to_identity_l2=0.089156, tau_mean=0.6931, tau_std=0.0000, graph_reg_scale(train/val)=1.0000/1.0000
2026-04-14 06:41:14,236 - WARNING - [assist_09|assist_09_abce_ae_dominant_no_E|lr=0.0003|drop=0.20] [Diag Warning][Graph] graph-related grad norms are near zero for 5 epoch(s): relation_emb=0.000000e+00, relation_tau=1.844789e-09, relation_wq=0.000000e+00, relation_wk=0.000000e+00, personal_u=0.000000e+00, personal_v=0.000000e+00, personal_alpha_bias=0.000000e+00, personal_gate_emb=0.000000e+00, personal_gate_student_proj=0.000000e+00, personal_gate_context_proj=0.000000e+00, personal_gate_student_direct=0.000000e+00, personal_gate_context_direct=0.000000e+00, personal_gate_out=0.000000e+00, personal_generator_emb=0.000000e+00, personal_generator_context_proj=0.000000e+00, personal_generator_context_hidden=0.000000e+00, personal_generator_context_to_u=0.000000e+00, personal_generator_context_to_v=0.000000e+00, personal_generator_student_row=0.000000e+00, personal_generator_student_col=0.000000e+00, personal_generator_low_rank_scale=0.000000e+00, personal_generator_direct_scale=0.000000e+00
2026-04-14 06:41:14,236 - INFO - [assist_09|assist_09_abce_ae_dominant_no_E|lr=0.0003|drop=0.20] [Grad Norms] Epoch [021] | relation_emb=0.000000e+00, relation_tau=1.844789e-09, relation_wq=0.000000e+00, relation_wk=0.000000e+00, personal_u=0.000000e+00, personal_v=0.000000e+00, personal_alpha_bias=0.000000e+00, personal_gate_emb=0.000000e+00, personal_gate_student_proj=0.000000e+00, personal_gate_context_proj=0.000000e+00, personal_gate_student_direct=0.000000e+00, personal_gate_context_direct=0.000000e+00, personal_gate_out=0.000000e+00, personal_generator_emb=0.000000e+00, personal_generator_context_proj=0.000000e+00, personal_generator_context_hidden=0.000000e+00, personal_generator_context_to_u=0.000000e+00, personal_generator_context_to_v=0.000000e+00, personal_generator_student_row=0.000000e+00, personal_generator_student_col=0.000000e+00, personal_generator_low_rank_scale=0.000000e+00, personal_generator_direct_scale=0.000000e+00
2026-04-14 06:41:14,478 - INFO - [assist_09|assist_09_abce_ae_dominant_no_E|lr=0.0003|drop=0.20] -> New best AUC=0.7558 at epoch 21
2026-04-14 06:41:36,221 - INFO - [assist_09|assist_09_abce_ae_dominant_no_E|lr=0.0003|drop=0.20] Epoch [022/100] | Train: Loss=0.4732, BCE=0.4652, Reg=0.0080, AUC=0.8345, ACC=0.7641, RMSE=0.3930 | Val: Loss=0.5674, BCE=0.5594, Reg=0.0080, AUC=0.7558, ACC=0.7245, RMSE=0.4312
2026-04-14 06:41:36,221 - INFO - [assist_09|assist_09_abce_ae_dominant_no_E|lr=0.0003|drop=0.20] [Reg Terms] Epoch [022] | Train: graph_entropy=0.000000, graph_diag=0.005000, graph_uniform=0.003049, graph_reg_scale=1.0000, prediction_l2=0.000001, personal_sparse=0.000000, alpha_var=0.000000, alpha_collapse=0.000000, reg_bce_ratio=0.0173 | Val: graph_entropy=0.000000, graph_diag=0.005000, graph_uniform=0.003049, graph_reg_scale=1.0000, prediction_l2=0.000001, personal_sparse=0.000000, alpha_var=0.000000, alpha_collapse=0.000000, reg_bce_ratio=0.0144
2026-04-14 06:41:36,390 - INFO - [assist_09|assist_09_abce_ae_dominant_no_E|lr=0.0003|drop=0.20] [Diag][AE] Epoch [022] | irt_abs_mean=1.9408, irt_std=1.1433, personal_warmup_scale=1.00, graph_row_entropy=2.5592, graph_entropy_ratio=0.5318, alpha_mean=0.0000, alpha_std=0.0000, alpha_bias_std=0.0000, personal_row_entropy=0.0000, personal_matrix_delta=0.0000, personal_matrix_student_std=0.0000, personal_delta_pre_softmax_norm=0.0000, personal_delta_student_std=0.0000, alpha_head_std=0.0000
2026-04-14 06:41:36,390 - INFO - [assist_09|assist_09_abce_ae_dominant_no_E|lr=0.0003|drop=0.20] [Diag][Graph] Epoch [022] | entropy_ratio=0.5318, diag_mass=0.0500, to_uniform_l2=0.023784, to_identity_l2=0.089156, tau_mean=0.6932, tau_std=0.0000, graph_reg_scale(train/val)=1.0000/1.0000
2026-04-14 06:41:36,390 - WARNING - [assist_09|assist_09_abce_ae_dominant_no_E|lr=0.0003|drop=0.20] [Diag Warning][Graph] graph-related grad norms are near zero for 6 epoch(s): relation_emb=0.000000e+00, relation_tau=3.006245e-09, relation_wq=0.000000e+00, relation_wk=0.000000e+00, personal_u=0.000000e+00, personal_v=0.000000e+00, personal_alpha_bias=0.000000e+00, personal_gate_emb=0.000000e+00, personal_gate_student_proj=0.000000e+00, personal_gate_context_proj=0.000000e+00, personal_gate_student_direct=0.000000e+00, personal_gate_context_direct=0.000000e+00, personal_gate_out=0.000000e+00, personal_generator_emb=0.000000e+00, personal_generator_context_proj=0.000000e+00, personal_generator_context_hidden=0.000000e+00, personal_generator_context_to_u=0.000000e+00, personal_generator_context_to_v=0.000000e+00, personal_generator_student_row=0.000000e+00, personal_generator_student_col=0.000000e+00, personal_generator_low_rank_scale=0.000000e+00, personal_generator_direct_scale=0.000000e+00
2026-04-14 06:41:36,390 - INFO - [assist_09|assist_09_abce_ae_dominant_no_E|lr=0.0003|drop=0.20] [Grad Norms] Epoch [022] | relation_emb=0.000000e+00, relation_tau=3.006245e-09, relation_wq=0.000000e+00, relation_wk=0.000000e+00, personal_u=0.000000e+00, personal_v=0.000000e+00, personal_alpha_bias=0.000000e+00, personal_gate_emb=0.000000e+00, personal_gate_student_proj=0.000000e+00, personal_gate_context_proj=0.000000e+00, personal_gate_student_direct=0.000000e+00, personal_gate_context_direct=0.000000e+00, personal_gate_out=0.000000e+00, personal_generator_emb=0.000000e+00, personal_generator_context_proj=0.000000e+00, personal_generator_context_hidden=0.000000e+00, personal_generator_context_to_u=0.000000e+00, personal_generator_context_to_v=0.000000e+00, personal_generator_student_row=0.000000e+00, personal_generator_student_col=0.000000e+00, personal_generator_low_rank_scale=0.000000e+00, personal_generator_direct_scale=0.000000e+00
2026-04-14 06:41:36,629 - INFO - [assist_09|assist_09_abce_ae_dominant_no_E|lr=0.0003|drop=0.20] -> New best AUC=0.7558 at epoch 22
2026-04-14 06:41:59,685 - INFO - [assist_09|assist_09_abce_ae_dominant_no_E|lr=0.0003|drop=0.20] Epoch [023/100] | Train: Loss=0.4729, BCE=0.4648, Reg=0.0081, AUC=0.8348, ACC=0.7643, RMSE=0.3928 | Val: Loss=0.5683, BCE=0.5603, Reg=0.0080, AUC=0.7564, ACC=0.7250, RMSE=0.4315
2026-04-14 06:41:59,685 - INFO - [assist_09|assist_09_abce_ae_dominant_no_E|lr=0.0003|drop=0.20] [Reg Terms] Epoch [023] | Train: graph_entropy=0.000000, graph_diag=0.005003, graph_uniform=0.003049, graph_reg_scale=1.0000, prediction_l2=0.000001, personal_sparse=0.000000, alpha_var=0.000000, alpha_collapse=0.000000, reg_bce_ratio=0.0173 | Val: graph_entropy=0.000000, graph_diag=0.005000, graph_uniform=0.003049, graph_reg_scale=1.0000, prediction_l2=0.000001, personal_sparse=0.000000, alpha_var=0.000000, alpha_collapse=0.000000, reg_bce_ratio=0.0144
2026-04-14 06:41:59,861 - INFO - [assist_09|assist_09_abce_ae_dominant_no_E|lr=0.0003|drop=0.20] [Diag][AE] Epoch [023] | irt_abs_mean=1.9836, irt_std=1.1591, personal_warmup_scale=1.00, graph_row_entropy=2.5592, graph_entropy_ratio=0.5318, alpha_mean=0.0000, alpha_std=0.0000, alpha_bias_std=0.0000, personal_row_entropy=0.0000, personal_matrix_delta=0.0000, personal_matrix_student_std=0.0000, personal_delta_pre_softmax_norm=0.0000, personal_delta_student_std=0.0000, alpha_head_std=0.0000
2026-04-14 06:41:59,861 - INFO - [assist_09|assist_09_abce_ae_dominant_no_E|lr=0.0003|drop=0.20] [Diag][Graph] Epoch [023] | entropy_ratio=0.5318, diag_mass=0.0500, to_uniform_l2=0.023784, to_identity_l2=0.089156, tau_mean=0.6932, tau_std=0.0000, graph_reg_scale(train/val)=1.0000/1.0000
2026-04-14 06:41:59,861 - WARNING - [assist_09|assist_09_abce_ae_dominant_no_E|lr=0.0003|drop=0.20] [Diag Warning][Graph] graph-related grad norms are near zero for 7 epoch(s): relation_emb=0.000000e+00, relation_tau=2.379131e-09, relation_wq=0.000000e+00, relation_wk=0.000000e+00, personal_u=0.000000e+00, personal_v=0.000000e+00, personal_alpha_bias=0.000000e+00, personal_gate_emb=0.000000e+00, personal_gate_student_proj=0.000000e+00, personal_gate_context_proj=0.000000e+00, personal_gate_student_direct=0.000000e+00, personal_gate_context_direct=0.000000e+00, personal_gate_out=0.000000e+00, personal_generator_emb=0.000000e+00, personal_generator_context_proj=0.000000e+00, personal_generator_context_hidden=0.000000e+00, personal_generator_context_to_u=0.000000e+00, personal_generator_context_to_v=0.000000e+00, personal_generator_student_row=0.000000e+00, personal_generator_student_col=0.000000e+00, personal_generator_low_rank_scale=0.000000e+00, personal_generator_direct_scale=0.000000e+00
2026-04-14 06:41:59,861 - INFO - [assist_09|assist_09_abce_ae_dominant_no_E|lr=0.0003|drop=0.20] [Grad Norms] Epoch [023] | relation_emb=0.000000e+00, relation_tau=2.379131e-09, relation_wq=0.000000e+00, relation_wk=0.000000e+00, personal_u=0.000000e+00, personal_v=0.000000e+00, personal_alpha_bias=0.000000e+00, personal_gate_emb=0.000000e+00, personal_gate_student_proj=0.000000e+00, personal_gate_context_proj=0.000000e+00, personal_gate_student_direct=0.000000e+00, personal_gate_context_direct=0.000000e+00, personal_gate_out=0.000000e+00, personal_generator_emb=0.000000e+00, personal_generator_context_proj=0.000000e+00, personal_generator_context_hidden=0.000000e+00, personal_generator_context_to_u=0.000000e+00, personal_generator_context_to_v=0.000000e+00, personal_generator_student_row=0.000000e+00, personal_generator_student_col=0.000000e+00, personal_generator_low_rank_scale=0.000000e+00, personal_generator_direct_scale=0.000000e+00
2026-04-14 06:42:00,140 - INFO - [assist_09|assist_09_abce_ae_dominant_no_E|lr=0.0003|drop=0.20] -> New best AUC=0.7564 at epoch 23
2026-04-14 06:42:24,434 - INFO - [assist_09|assist_09_abce_ae_dominant_no_E|lr=0.0003|drop=0.20] Epoch [024/100] | Train: Loss=0.4686, BCE=0.4606, Reg=0.0080, AUC=0.8388, ACC=0.7663, RMSE=0.3908 | Val: Loss=0.5693, BCE=0.5613, Reg=0.0080, AUC=0.7565, ACC=0.7258, RMSE=0.4315
2026-04-14 06:42:24,434 - INFO - [assist_09|assist_09_abce_ae_dominant_no_E|lr=0.0003|drop=0.20] [Reg Terms] Epoch [024] | Train: graph_entropy=0.000000, graph_diag=0.005000, graph_uniform=0.003049, graph_reg_scale=1.0000, prediction_l2=0.000001, personal_sparse=0.000000, alpha_var=0.000000, alpha_collapse=0.000000, reg_bce_ratio=0.0175 | Val: graph_entropy=0.000000, graph_diag=0.005000, graph_uniform=0.003049, graph_reg_scale=1.0000, prediction_l2=0.000001, personal_sparse=0.000000, alpha_var=0.000000, alpha_collapse=0.000000, reg_bce_ratio=0.0143
2026-04-14 06:42:24,605 - INFO - [assist_09|assist_09_abce_ae_dominant_no_E|lr=0.0003|drop=0.20] [Diag][AE] Epoch [024] | irt_abs_mean=1.9921, irt_std=1.1800, personal_warmup_scale=1.00, graph_row_entropy=2.5592, graph_entropy_ratio=0.5318, alpha_mean=0.0000, alpha_std=0.0000, alpha_bias_std=0.0000, personal_row_entropy=0.0000, personal_matrix_delta=0.0000, personal_matrix_student_std=0.0000, personal_delta_pre_softmax_norm=0.0000, personal_delta_student_std=0.0000, alpha_head_std=0.0000
2026-04-14 06:42:24,605 - INFO - [assist_09|assist_09_abce_ae_dominant_no_E|lr=0.0003|drop=0.20] [Diag][Graph] Epoch [024] | entropy_ratio=0.5318, diag_mass=0.0500, to_uniform_l2=0.023784, to_identity_l2=0.089156, tau_mean=0.6931, tau_std=0.0000, graph_reg_scale(train/val)=1.0000/1.0000
2026-04-14 06:42:24,605 - WARNING - [assist_09|assist_09_abce_ae_dominant_no_E|lr=0.0003|drop=0.20] [Diag Warning][Graph] graph-related grad norms are near zero for 8 epoch(s): relation_emb=0.000000e+00, relation_tau=1.388239e-15, relation_wq=0.000000e+00, relation_wk=0.000000e+00, personal_u=0.000000e+00, personal_v=0.000000e+00, personal_alpha_bias=0.000000e+00, personal_gate_emb=0.000000e+00, personal_gate_student_proj=0.000000e+00, personal_gate_context_proj=0.000000e+00, personal_gate_student_direct=0.000000e+00, personal_gate_context_direct=0.000000e+00, personal_gate_out=0.000000e+00, personal_generator_emb=0.000000e+00, personal_generator_context_proj=0.000000e+00, personal_generator_context_hidden=0.000000e+00, personal_generator_context_to_u=0.000000e+00, personal_generator_context_to_v=0.000000e+00, personal_generator_student_row=0.000000e+00, personal_generator_student_col=0.000000e+00, personal_generator_low_rank_scale=0.000000e+00, personal_generator_direct_scale=0.000000e+00
2026-04-14 06:42:24,605 - INFO - [assist_09|assist_09_abce_ae_dominant_no_E|lr=0.0003|drop=0.20] [Grad Norms] Epoch [024] | relation_emb=0.000000e+00, relation_tau=1.388239e-15, relation_wq=0.000000e+00, relation_wk=0.000000e+00, personal_u=0.000000e+00, personal_v=0.000000e+00, personal_alpha_bias=0.000000e+00, personal_gate_emb=0.000000e+00, personal_gate_student_proj=0.000000e+00, personal_gate_context_proj=0.000000e+00, personal_gate_student_direct=0.000000e+00, personal_gate_context_direct=0.000000e+00, personal_gate_out=0.000000e+00, personal_generator_emb=0.000000e+00, personal_generator_context_proj=0.000000e+00, personal_generator_context_hidden=0.000000e+00, personal_generator_context_to_u=0.000000e+00, personal_generator_context_to_v=0.000000e+00, personal_generator_student_row=0.000000e+00, personal_generator_student_col=0.000000e+00, personal_generator_low_rank_scale=0.000000e+00, personal_generator_direct_scale=0.000000e+00
2026-04-14 06:42:24,845 - INFO - [assist_09|assist_09_abce_ae_dominant_no_E|lr=0.0003|drop=0.20] -> New best AUC=0.7565 at epoch 24
2026-04-14 06:42:45,712 - INFO - [assist_09|assist_09_abce_ae_dominant_no_E|lr=0.0003|drop=0.20] Epoch [025/100] | Train: Loss=0.4684, BCE=0.4604, Reg=0.0080, AUC=0.8387, ACC=0.7669, RMSE=0.3908 | Val: Loss=0.5689, BCE=0.5609, Reg=0.0080, AUC=0.7562, ACC=0.7259, RMSE=0.4314
2026-04-14 06:42:45,713 - INFO - [assist_09|assist_09_abce_ae_dominant_no_E|lr=0.0003|drop=0.20] [Reg Terms] Epoch [025] | Train: graph_entropy=0.000000, graph_diag=0.005000, graph_uniform=0.003049, graph_reg_scale=1.0000, prediction_l2=0.000001, personal_sparse=0.000000, alpha_var=0.000000, alpha_collapse=0.000000, reg_bce_ratio=0.0175 | Val: graph_entropy=0.000000, graph_diag=0.005000, graph_uniform=0.003049, graph_reg_scale=1.0000, prediction_l2=0.000001, personal_sparse=0.000000, alpha_var=0.000000, alpha_collapse=0.000000, reg_bce_ratio=0.0144
2026-04-14 06:42:45,878 - INFO - [assist_09|assist_09_abce_ae_dominant_no_E|lr=0.0003|drop=0.20] [Diag][AE] Epoch [025] | irt_abs_mean=1.9872, irt_std=1.1738, personal_warmup_scale=1.00, graph_row_entropy=2.5592, graph_entropy_ratio=0.5318, alpha_mean=0.0000, alpha_std=0.0000, alpha_bias_std=0.0000, personal_row_entropy=0.0000, personal_matrix_delta=0.0000, personal_matrix_student_std=0.0000, personal_delta_pre_softmax_norm=0.0000, personal_delta_student_std=0.0000, alpha_head_std=0.0000
2026-04-14 06:42:45,878 - INFO - [assist_09|assist_09_abce_ae_dominant_no_E|lr=0.0003|drop=0.20] [Diag][Graph] Epoch [025] | entropy_ratio=0.5318, diag_mass=0.0500, to_uniform_l2=0.023784, to_identity_l2=0.089156, tau_mean=0.6931, tau_std=0.0000, graph_reg_scale(train/val)=1.0000/1.0000
2026-04-14 06:42:45,879 - WARNING - [assist_09|assist_09_abce_ae_dominant_no_E|lr=0.0003|drop=0.20] [Diag Warning][Graph] graph-related grad norms are near zero for 9 epoch(s): relation_emb=0.000000e+00, relation_tau=4.204539e-10, relation_wq=0.000000e+00, relation_wk=0.000000e+00, personal_u=0.000000e+00, personal_v=0.000000e+00, personal_alpha_bias=0.000000e+00, personal_gate_emb=0.000000e+00, personal_gate_student_proj=0.000000e+00, personal_gate_context_proj=0.000000e+00, personal_gate_student_direct=0.000000e+00, personal_gate_context_direct=0.000000e+00, personal_gate_out=0.000000e+00, personal_generator_emb=0.000000e+00, personal_generator_context_proj=0.000000e+00, personal_generator_context_hidden=0.000000e+00, personal_generator_context_to_u=0.000000e+00, personal_generator_context_to_v=0.000000e+00, personal_generator_student_row=0.000000e+00, personal_generator_student_col=0.000000e+00, personal_generator_low_rank_scale=0.000000e+00, personal_generator_direct_scale=0.000000e+00
2026-04-14 06:42:45,879 - INFO - [assist_09|assist_09_abce_ae_dominant_no_E|lr=0.0003|drop=0.20] [Grad Norms] Epoch [025] | relation_emb=0.000000e+00, relation_tau=4.204539e-10, relation_wq=0.000000e+00, relation_wk=0.000000e+00, personal_u=0.000000e+00, personal_v=0.000000e+00, personal_alpha_bias=0.000000e+00, personal_gate_emb=0.000000e+00, personal_gate_student_proj=0.000000e+00, personal_gate_context_proj=0.000000e+00, personal_gate_student_direct=0.000000e+00, personal_gate_context_direct=0.000000e+00, personal_gate_out=0.000000e+00, personal_generator_emb=0.000000e+00, personal_generator_context_proj=0.000000e+00, personal_generator_context_hidden=0.000000e+00, personal_generator_context_to_u=0.000000e+00, personal_generator_context_to_v=0.000000e+00, personal_generator_student_row=0.000000e+00, personal_generator_student_col=0.000000e+00, personal_generator_low_rank_scale=0.000000e+00, personal_generator_direct_scale=0.000000e+00
2026-04-14 06:42:45,879 - INFO - [assist_09|assist_09_abce_ae_dominant_no_E|lr=0.0003|drop=0.20] -> No improvement 1 epoch(s) (best AUC=0.7565 @ 24)
2026-04-14 06:43:06,699 - INFO - [assist_09|assist_09_abce_ae_dominant_no_E|lr=0.0003|drop=0.20] Epoch [026/100] | Train: Loss=0.4677, BCE=0.4597, Reg=0.0080, AUC=0.8391, ACC=0.7679, RMSE=0.3904 | Val: Loss=0.5699, BCE=0.5619, Reg=0.0080, AUC=0.7560, ACC=0.7250, RMSE=0.4317
2026-04-14 06:43:06,699 - INFO - [assist_09|assist_09_abce_ae_dominant_no_E|lr=0.0003|drop=0.20] [Reg Terms] Epoch [026] | Train: graph_entropy=0.000000, graph_diag=0.005000, graph_uniform=0.003049, graph_reg_scale=1.0000, prediction_l2=0.000001, personal_sparse=0.000000, alpha_var=0.000000, alpha_collapse=0.000000, reg_bce_ratio=0.0175 | Val: graph_entropy=0.000000, graph_diag=0.005000, graph_uniform=0.003049, graph_reg_scale=1.0000, prediction_l2=0.000001, personal_sparse=0.000000, alpha_var=0.000000, alpha_collapse=0.000000, reg_bce_ratio=0.0143
2026-04-14 06:43:06,870 - INFO - [assist_09|assist_09_abce_ae_dominant_no_E|lr=0.0003|drop=0.20] [Diag][AE] Epoch [026] | irt_abs_mean=1.9900, irt_std=1.1783, personal_warmup_scale=1.00, graph_row_entropy=2.5592, graph_entropy_ratio=0.5318, alpha_mean=0.0000, alpha_std=0.0000, alpha_bias_std=0.0000, personal_row_entropy=0.0000, personal_matrix_delta=0.0000, personal_matrix_student_std=0.0000, personal_delta_pre_softmax_norm=0.0000, personal_delta_student_std=0.0000, alpha_head_std=0.0000
2026-04-14 06:43:06,870 - INFO - [assist_09|assist_09_abce_ae_dominant_no_E|lr=0.0003|drop=0.20] [Diag][Graph] Epoch [026] | entropy_ratio=0.5318, diag_mass=0.0500, to_uniform_l2=0.023784, to_identity_l2=0.089156, tau_mean=0.6931, tau_std=0.0000, graph_reg_scale(train/val)=1.0000/1.0000
2026-04-14 06:43:06,870 - WARNING - [assist_09|assist_09_abce_ae_dominant_no_E|lr=0.0003|drop=0.20] [Diag Warning][Graph] graph-related grad norms are near zero for 10 epoch(s): relation_emb=0.000000e+00, relation_tau=6.996156e-10, relation_wq=0.000000e+00, relation_wk=0.000000e+00, personal_u=0.000000e+00, personal_v=0.000000e+00, personal_alpha_bias=0.000000e+00, personal_gate_emb=0.000000e+00, personal_gate_student_proj=0.000000e+00, personal_gate_context_proj=0.000000e+00, personal_gate_student_direct=0.000000e+00, personal_gate_context_direct=0.000000e+00, personal_gate_out=0.000000e+00, personal_generator_emb=0.000000e+00, personal_generator_context_proj=0.000000e+00, personal_generator_context_hidden=0.000000e+00, personal_generator_context_to_u=0.000000e+00, personal_generator_context_to_v=0.000000e+00, personal_generator_student_row=0.000000e+00, personal_generator_student_col=0.000000e+00, personal_generator_low_rank_scale=0.000000e+00, personal_generator_direct_scale=0.000000e+00
2026-04-14 06:43:06,871 - INFO - [assist_09|assist_09_abce_ae_dominant_no_E|lr=0.0003|drop=0.20] [Grad Norms] Epoch [026] | relation_emb=0.000000e+00, relation_tau=6.996156e-10, relation_wq=0.000000e+00, relation_wk=0.000000e+00, personal_u=0.000000e+00, personal_v=0.000000e+00, personal_alpha_bias=0.000000e+00, personal_gate_emb=0.000000e+00, personal_gate_student_proj=0.000000e+00, personal_gate_context_proj=0.000000e+00, personal_gate_student_direct=0.000000e+00, personal_gate_context_direct=0.000000e+00, personal_gate_out=0.000000e+00, personal_generator_emb=0.000000e+00, personal_generator_context_proj=0.000000e+00, personal_generator_context_hidden=0.000000e+00, personal_generator_context_to_u=0.000000e+00, personal_generator_context_to_v=0.000000e+00, personal_generator_student_row=0.000000e+00, personal_generator_student_col=0.000000e+00, personal_generator_low_rank_scale=0.000000e+00, personal_generator_direct_scale=0.000000e+00
2026-04-14 06:43:06,871 - INFO - [assist_09|assist_09_abce_ae_dominant_no_E|lr=0.0003|drop=0.20] -> No improvement 2 epoch(s) (best AUC=0.7565 @ 24)
2026-04-14 06:43:29,448 - INFO - [assist_09|assist_09_abce_ae_dominant_no_E|lr=0.0003|drop=0.20] Epoch [027/100] | Train: Loss=0.4671, BCE=0.4591, Reg=0.0080, AUC=0.8398, ACC=0.7673, RMSE=0.3901 | Val: Loss=0.5685, BCE=0.5605, Reg=0.0080, AUC=0.7558, ACC=0.7260, RMSE=0.4314
2026-04-14 06:43:29,449 - INFO - [assist_09|assist_09_abce_ae_dominant_no_E|lr=0.0003|drop=0.20] [Reg Terms] Epoch [027] | Train: graph_entropy=0.000000, graph_diag=0.005000, graph_uniform=0.003049, graph_reg_scale=1.0000, prediction_l2=0.000001, personal_sparse=0.000000, alpha_var=0.000000, alpha_collapse=0.000000, reg_bce_ratio=0.0175 | Val: graph_entropy=0.000000, graph_diag=0.005000, graph_uniform=0.003049, graph_reg_scale=1.0000, prediction_l2=0.000001, personal_sparse=0.000000, alpha_var=0.000000, alpha_collapse=0.000000, reg_bce_ratio=0.0144
2026-04-14 06:43:29,609 - INFO - [assist_09|assist_09_abce_ae_dominant_no_E|lr=0.0003|drop=0.20] [Diag][AE] Epoch [027] | irt_abs_mean=1.9754, irt_std=1.1595, personal_warmup_scale=1.00, graph_row_entropy=2.5592, graph_entropy_ratio=0.5318, alpha_mean=0.0000, alpha_std=0.0000, alpha_bias_std=0.0000, personal_row_entropy=0.0000, personal_matrix_delta=0.0000, personal_matrix_student_std=0.0000, personal_delta_pre_softmax_norm=0.0000, personal_delta_student_std=0.0000, alpha_head_std=0.0000
2026-04-14 06:43:29,610 - INFO - [assist_09|assist_09_abce_ae_dominant_no_E|lr=0.0003|drop=0.20] [Diag][Graph] Epoch [027] | entropy_ratio=0.5318, diag_mass=0.0500, to_uniform_l2=0.023784, to_identity_l2=0.089156, tau_mean=0.6931, tau_std=0.0000, graph_reg_scale(train/val)=1.0000/1.0000
2026-04-14 06:43:29,610 - WARNING - [assist_09|assist_09_abce_ae_dominant_no_E|lr=0.0003|drop=0.20] [Diag Warning][Graph] graph-related grad norms are near zero for 11 epoch(s): relation_emb=0.000000e+00, relation_tau=7.050528e-11, relation_wq=0.000000e+00, relation_wk=0.000000e+00, personal_u=0.000000e+00, personal_v=0.000000e+00, personal_alpha_bias=0.000000e+00, personal_gate_emb=0.000000e+00, personal_gate_student_proj=0.000000e+00, personal_gate_context_proj=0.000000e+00, personal_gate_student_direct=0.000000e+00, personal_gate_context_direct=0.000000e+00, personal_gate_out=0.000000e+00, personal_generator_emb=0.000000e+00, personal_generator_context_proj=0.000000e+00, personal_generator_context_hidden=0.000000e+00, personal_generator_context_to_u=0.000000e+00, personal_generator_context_to_v=0.000000e+00, personal_generator_student_row=0.000000e+00, personal_generator_student_col=0.000000e+00, personal_generator_low_rank_scale=0.000000e+00, personal_generator_direct_scale=0.000000e+00
2026-04-14 06:43:29,610 - INFO - [assist_09|assist_09_abce_ae_dominant_no_E|lr=0.0003|drop=0.20] [Grad Norms] Epoch [027] | relation_emb=0.000000e+00, relation_tau=7.050528e-11, relation_wq=0.000000e+00, relation_wk=0.000000e+00, personal_u=0.000000e+00, personal_v=0.000000e+00, personal_alpha_bias=0.000000e+00, personal_gate_emb=0.000000e+00, personal_gate_student_proj=0.000000e+00, personal_gate_context_proj=0.000000e+00, personal_gate_student_direct=0.000000e+00, personal_gate_context_direct=0.000000e+00, personal_gate_out=0.000000e+00, personal_generator_emb=0.000000e+00, personal_generator_context_proj=0.000000e+00, personal_generator_context_hidden=0.000000e+00, personal_generator_context_to_u=0.000000e+00, personal_generator_context_to_v=0.000000e+00, personal_generator_student_row=0.000000e+00, personal_generator_student_col=0.000000e+00, personal_generator_low_rank_scale=0.000000e+00, personal_generator_direct_scale=0.000000e+00
2026-04-14 06:43:29,610 - INFO - [assist_09|assist_09_abce_ae_dominant_no_E|lr=0.0003|drop=0.20] -> No improvement 3 epoch(s) (best AUC=0.7565 @ 24)
2026-04-14 06:43:29,610 - INFO - [assist_09|assist_09_abce_ae_dominant_no_E|lr=0.0003|drop=0.20] Early stopping at epoch 27 (best AUC=0.7565 @ 24)
2026-04-14 06:43:29,615 - INFO - Epoch-wise metrics saved to checkpoints/abce_diag/ae_clean_20260414_6d13d5e/assist_09/seed42/ae_dominant_no_E/metrics_history.csv
2026-04-14 06:43:29,617 - INFO - [assist_09|assist_09_abce_ae_dominant_no_E|lr=0.0003|drop=0.20] Training completed! Best Val AUC=0.7565 @ epoch 24
2026-04-14 06:43:29,785 - INFO - 
============================================================
         MODULE ACTIVITY REPORT
============================================================
Dataset: assist_09 | Seed: 42 | Epoch: 27

1. Concept Graph Module (A):
   - Mean row entropy: 2.559 / 4.812
   - Entropy ratio: 53.2%
   - Status: ACTIVE (learning meaningful structure)

2. Personal Graph Module (E):
   - Status: DISABLED (use_personal_graph=False or no_E)

------------------------------------------------------------
SUMMARY:
   Active modules: Concept Graph (A)
   All enabled graph modules are functioning properly.
============================================================
2026-04-14 06:43:29,785 - INFO - [assist_09|assist_09_abce_ae_dominant_no_E|lr=0.0003|drop=0.20] Module activity saved to checkpoints/abce_diag/ae_clean_20260414_6d13d5e/assist_09/seed42/ae_dominant_no_E/module_activity.json
2026-04-14 06:43:29,838 - INFO - Using device: cuda:0 (physical gpu 1)
2026-04-14 06:43:29,838 - INFO - Loading model from checkpoints/abce_diag/ae_clean_20260414_6d13d5e/assist_09/seed42/ae_dominant_no_E/best_model.pth...
2026-04-14 06:43:29,970 - INFO - [Inference Filter] before=52549, after=51090, dropped=1459, coverage=97.22% (train-only seen student/item support)
2026-04-14 06:43:29,997 - INFO - Inference switches: ablate_module1=False | enable_module1=True | use_concept_graph=True | effective(num_gnn_layers=1)
2026-04-14 06:43:30,005 - INFO - [Inference] Ablation runtime check: args(ablate_module1=False) | expect(use_concept_graph=True,use_personal_graph=False) | model(enable_module1=True,use_concept_graph=True,use_personal_graph=False) | physical(has_knowledge_encoder=True,has_relation_learning=True,has_adaptive_gate=False,has_personal_generator=False)
2026-04-14 06:43:30,005 - INFO - [Inference] [Graph Init] graph_tau_mean=1.0055, graph_tau_std=0.0000, graph_dropout=0.000, use_personal_graph=False
2026-04-14 06:43:30,007 - INFO - Model loaded from epoch 24. Start testing...
2026-04-14 06:43:30,740 - INFO - [Test] 200/400 batches done, samples=25600
2026-04-14 06:43:31,325 - INFO - [Test] 400/400 batches done, samples=51090
2026-04-14 06:43:31,385 - INFO - 
==================================================
2026-04-14 06:43:31,385 - INFO - Test Results:
2026-04-14 06:43:31,385 - INFO - AUC: 0.7582
2026-04-14 06:43:31,385 - INFO - ACC: 0.7310
2026-04-14 06:43:31,385 - INFO - RMSE: 0.4290
2026-04-14 06:43:31,385 - INFO - ==================================================
2026-04-14 06:43:31,400 - INFO - Summary appended to /home/zsh/ConceptSkillCDM/results/experiment_results.csv
2026-04-14 06:43:31,400 - INFO - 
Generating student diagnosis reports...
2026-04-14 06:43:31,415 - INFO - Student diagnosis reports saved to checkpoints/abce_diag/ae_clean_20260414_6d13d5e/assist_09/seed42/ae_dominant_no_E/student_diagnosis.json
2026-04-14 06:43:31,419 - INFO - Run completed.
2026-04-14 06:43:31,419 - INFO - Best validation AUC: 0.7565 at epoch 24
2026-04-14 06:43:31,419 - INFO - Test metrics - AUC: 0.7582, ACC: 0.7310, RMSE: 0.4290
2026-04-14 06:43:31,530 - INFO - [数据清洗] 学生交互次数 < 15 次的学生：共移除 313 个学生（仅统计用户数）
2026-04-14 06:43:31,539 - INFO - [数据清洗] 学生冷启动过滤：在 train/valid/test 中共删除 5118 条记录。
2026-04-14 06:43:31,539 - INFO - [数据清洗] 跳过题目冷门过滤（min_exer_interactions <= 0）。
2026-04-14 06:43:31,539 - INFO - [数据清洗] 跳过毒题清洗（min_poison_count <= 0）。
2026-04-14 06:43:31,540 - INFO - 正在构建ID映射...
2026-04-14 06:43:31,714 - INFO - 正在构建Q矩阵...
2026-04-14 06:43:38,065 - INFO - [数据清洗] Valid train-seen 过滤：before=20072, after=19875, dropped=197, coverage=99.02%
2026-04-14 06:43:38,072 - INFO - [数据清洗] Test train-seen 过滤：before=51610, after=51090, dropped=520, coverage=98.99%
2026-04-14 06:43:38,073 - INFO - [统计] 开始统计清洗后每道题的概念数量分布...
2026-04-14 06:43:38,080 - INFO - [Train] 概念数统计：题目数=17057, 平均概念数=1.1995, min=1, max=4, 1概念=14129 (82.83%), ≥2概念=2928 (17.17%)
2026-04-14 06:43:38,080 - INFO - [Train] 概念数直方图（概念数: 题目数量）: {1: 14129, 2: 2533, 3: 315, 4: 80}
2026-04-14 06:43:38,083 - INFO - [Valid] 概念数统计：题目数=9034, 平均概念数=1.1996, min=1, max=4, 1概念=7500 (83.02%), ≥2概念=1534 (16.98%)
2026-04-14 06:43:38,083 - INFO - [Valid] 概念数直方图（概念数: 题目数量）: {1: 7500, 2: 1314, 3: 171, 4: 49}
2026-04-14 06:43:38,087 - INFO - [Test] 概念数统计：题目数=12825, 平均概念数=1.1994, min=1, max=4, 1概念=10661 (83.13%), ≥2概念=2164 (16.87%)
2026-04-14 06:43:38,087 - INFO - [Test] 概念数直方图（概念数: 题目数量）: {1: 10661, 2: 1836, 3: 263, 4: 65}
2026-04-14 06:43:38,087 - INFO - [统计] 概念数量统计完成。
2026-04-14 06:43:38,087 - INFO - 正在加载数据集...
2026-04-14 06:43:38,169 - INFO - [Component Analysis] Global graph: torch.Size([2, 123, 123])
2026-04-14 06:43:38,171 - INFO - [Component Analysis] Data saved to checkpoints/abce_diag/ae_clean_20260414_6d13d5e/assist_09/seed42/ae_dominant_no_E/component_analysis_data.npz
2026-04-14 06:43:38,661 - INFO - Generating component analysis visualizations...
2026-04-14 06:43:38,953 - INFO - Visualizations saved to checkpoints/abce_diag/ae_clean_20260414_6d13d5e/assist_09/seed42/ae_dominant_no_E
