2026-04-11 03:05:55,736 - INFO - Arguments:
2026-04-11 03:05:55,736 - INFO -   ablate_concept_graph: True
2026-04-11 03:05:55,737 - INFO -   ablate_module1: False
2026-04-11 03:05:55,737 - INFO -   ablate_module2: False
2026-04-11 03:05:55,737 - INFO -   ablate_module3: False
2026-04-11 03:05:55,737 - INFO -   ablate_skill_encoder: False
2026-04-11 03:05:55,737 - INFO -   allow_self_loop: True
2026-04-11 03:05:55,737 - INFO -   alpha_min_target: 0.0
2026-04-11 03:05:55,737 - INFO -   b_id_budget_target: 0.2
2026-04-11 03:05:55,737 - INFO -   batch_size: 128
2026-04-11 03:05:55,737 - INFO -   data_dir: ./data/assist_09
2026-04-11 03:05:55,737 - INFO -   dataset_name: assist_09
2026-04-11 03:05:55,737 - INFO -   debug_module3_diag: True
2026-04-11 03:05:55,737 - INFO -   delta_ratio_target: 0.12
2026-04-11 03:05:55,737 - INFO -   diag_batches: 1
2026-04-11 03:05:55,737 - INFO -   disable_b_bias: False
2026-04-11 03:05:55,737 - INFO -   disable_b_id_adapter: False
2026-04-11 03:05:55,737 - INFO -   disable_q_aligned_residual: False
2026-04-11 03:05:55,737 - INFO -   disable_q_conditioning: False
2026-04-11 03:05:55,737 - INFO -   disable_self_loop: False
2026-04-11 03:05:55,737 - INFO -   dropout: 0.2
2026-04-11 03:05:55,737 - INFO -   early_stop_patience: 3
2026-04-11 03:05:55,737 - INFO -   enable_module1: True
2026-04-11 03:05:55,737 - INFO -   enable_module2: True
2026-04-11 03:05:55,737 - INFO -   enable_module3: True
2026-04-11 03:05:55,737 - INFO -   epochs: 100
2026-04-11 03:05:55,737 - INFO -   exercise_dim: 64
2026-04-11 03:05:55,737 - INFO -   exercise_l2_lambda: 1e-05
2026-04-11 03:05:55,737 - INFO -   fusion_gate_bias_init: -0.9
2026-04-11 03:05:55,737 - INFO -   fusion_gate_max: 1.0
2026-04-11 03:05:55,737 - INFO -   generate_diagnosis: False
2026-04-11 03:05:55,737 - INFO -   gnn_residual_weight: 0.5
2026-04-11 03:05:55,737 - INFO -   gpu_candidates: None
2026-04-11 03:05:55,738 - INFO -   gpu_ids: None
2026-04-11 03:05:55,738 - INFO -   gpu_memory_threshold: 2000
2026-04-11 03:05:55,738 - INFO -   gpus: None
2026-04-11 03:05:55,738 - INFO -   graph_dropout: 0.0
2026-04-11 03:05:55,738 - INFO -   graph_entropy_max: 0.8
2026-04-11 03:05:55,738 - INFO -   graph_entropy_min: 0.15
2026-04-11 03:05:55,738 - INFO -   graph_identity_residual: 0.2
2026-04-11 03:05:55,738 - INFO -   graph_reg_cap_ratio: 6.0
2026-04-11 03:05:55,738 - INFO -   graph_reg_warmup_epochs: 0
2026-04-11 03:05:55,738 - INFO -   graph_tau_init: 0.55
2026-04-11 03:05:55,738 - INFO -   graph_topk: 12
2026-04-11 03:05:55,738 - INFO -   graph_uniform_margin: 0.1
2026-04-11 03:05:55,738 - INFO -   knowledge_dim: 64
2026-04-11 03:05:55,738 - INFO -   lambda_alpha: 0.05
2026-04-11 03:05:55,738 - INFO -   lambda_alpha_min: 0.0
2026-04-11 03:05:55,738 - INFO -   lambda_b_id_budget: 0.06
2026-04-11 03:05:55,738 - INFO -   lambda_delta_ratio: 0.08
2026-04-11 03:05:55,738 - INFO -   lambda_graph_diag: 0.1
2026-04-11 03:05:55,738 - INFO -   lambda_graph_uniform: 0.04
2026-04-11 03:05:55,738 - INFO -   lambda_sparse: 1.0
2026-04-11 03:05:55,738 - INFO -   lambda_sparse_personal: 0.002
2026-04-11 03:05:55,738 - INFO -   learning_rate: 0.0003
2026-04-11 03:05:55,738 - INFO -   log_dir: logs/abce_diag/20260411_master_best_ae/assist_09/seed42/best_no_AE
2026-04-11 03:05:55,738 - INFO -   mf_warmup_epochs: 0
2026-04-11 03:05:55,738 - INFO -   min_exer_interactions: 0
2026-04-11 03:05:55,738 - INFO -   min_poison_count: 0
2026-04-11 03:05:55,738 - INFO -   min_stu_interactions: 15
2026-04-11 03:05:55,738 - INFO -   model_variant: assist_09_abce_best_no_AE
2026-04-11 03:05:55,738 - INFO -   multi_gpu: False
2026-04-11 03:05:55,738 - INFO -   no_cuda: False
2026-04-11 03:05:55,738 - INFO -   num_gnn_layers: 0
2026-04-11 03:05:55,738 - INFO -   num_gpus: 1
2026-04-11 03:05:55,739 - INFO -   num_relation_heads: 2
2026-04-11 03:05:55,739 - INFO -   num_workers: 4
2026-04-11 03:05:55,739 - INFO -   patience: 5
2026-04-11 03:05:55,739 - INFO -   personal_delta_scale: 1.0
2026-04-11 03:05:55,739 - INFO -   personal_max_alpha: 0.35
2026-04-11 03:05:55,739 - INFO -   personal_rank: 4
2026-04-11 03:05:55,739 - INFO -   personal_student_dim: None
2026-04-11 03:05:55,739 - INFO -   personal_warmup_epochs: 0
2026-04-11 03:05:55,739 - INFO -   residual_clip_t: 2.0
2026-04-11 03:05:55,739 - INFO -   residual_scale_init: 0.25
2026-04-11 03:05:55,739 - INFO -   save_dir: checkpoints/abce_diag/20260411_master_best_ae/assist_09/seed42/best_no_AE
2026-04-11 03:05:55,739 - INFO -   save_interval: 10
2026-04-11 03:05:55,739 - INFO -   seed: 42
2026-04-11 03:05:55,739 - INFO -   skill_dim: 128
2026-04-11 03:05:55,739 - INFO -   use_concept_graph: False
2026-04-11 03:05:55,739 - INFO -   use_exercise_graph: False
2026-04-11 03:05:55,739 - INFO -   use_mf_branch: True
2026-04-11 03:05:55,739 - INFO -   use_personal_graph: False
2026-04-11 03:05:55,739 - INFO -   use_q_aligned_residual: True
2026-04-11 03:05:55,739 - INFO -   use_q_conditioning: True
2026-04-11 03:05:55,739 - INFO -   use_skill_encoder: True
2026-04-11 03:05:55,739 - INFO -   weight_decay: 1e-05
2026-04-11 03:05:55,824 - INFO - Using device: cuda:0
2026-04-11 03:05:55,825 - INFO - [assist_09|assist_09_abce_best_no_AE|lr=0.0003|drop=0.20] Loading datasets...
2026-04-11 03:05:55,825 - INFO - [assist_09|assist_09_abce_best_no_AE|lr=0.0003|drop=0.20] Regularization: graph_entropy(lambda_sparse)=1.000000, graph_diag=0.100000, graph_uniform=0.040000, personal_sparse=0.002000, alpha_penalty=0.050000, alpha_min=0.000000, delta_ratio=0.080000, mf_l2(exercise_l2_lambda)=0.000010
2026-04-11 03:05:55,825 - INFO - [assist_09|assist_09_abce_best_no_AE|lr=0.0003|drop=0.20] Graph controls: entropy_band=[0.15, 0.80], uniform_margin=0.10, warmup_epochs=0, cap_ratio=6.00, graph_dropout=0.000, graph_tau_init=0.550
2026-04-11 03:05:55,825 - INFO - [assist_09|assist_09_abce_best_no_AE|lr=0.0003|drop=0.20] Rescue controls: mf_warmup_epochs=0, delta_ratio_target=0.1200, personal_max_alpha=0.350, personal_delta_scale=1.000, personal_warmup_epochs=0, personal_student_dim=None, alpha_min_target=0.0000
2026-04-11 03:05:55,934 - INFO - [assist_09] [数据清洗] 学生交互次数 < 15 次的学生：共移除 0 个学生（仅统计用户数）
2026-04-11 03:05:55,945 - INFO - [assist_09] [数据清洗] 学生冷启动过滤：在 train/valid/test 中共删除 0 条记录。
2026-04-11 03:05:55,946 - INFO - [assist_09] [数据清洗] 跳过题目冷门过滤（min_exer_interactions <= 0）。
2026-04-11 03:05:55,946 - INFO - [assist_09] [数据清洗] 跳过毒题清洗（min_poison_count <= 0）。
2026-04-11 03:05:55,946 - INFO - [assist_09] 正在构建ID映射...
2026-04-11 03:05:56,204 - INFO - [assist_09] 正在构建Q矩阵...
2026-04-11 03:06:03,930 - INFO - [assist_09] [统计] 开始统计清洗后每道题的概念数量分布...
2026-04-11 03:06:03,936 - INFO - [assist_09] [Train] 概念数统计：题目数=17099, 平均概念数=1.1992, min=1, max=4, 1概念=14168 (82.86%), ≥2概念=2931 (17.14%)
2026-04-11 03:06:03,936 - INFO - [assist_09] [Train] 概念数直方图（概念数: 题目数量）: {1: 14168, 2: 2536, 3: 315, 4: 80}
2026-04-11 03:06:03,940 - INFO - [assist_09] [Valid] 概念数统计：题目数=9274, 平均概念数=1.1993, min=1, max=4, 1概念=7697 (83.00%), ≥2概念=1577 (17.00%)
2026-04-11 03:06:03,940 - INFO - [assist_09] [Valid] 概念数直方图（概念数: 题目数量）: {1: 7697, 2: 1356, 3: 171, 4: 50}
2026-04-11 03:06:03,944 - INFO - [assist_09] [Test] 概念数统计：题目数=13331, 平均概念数=1.1962, min=1, max=4, 1概念=11110 (83.34%), ≥2概念=2221 (16.66%)
2026-04-11 03:06:03,944 - INFO - [assist_09] [Test] 概念数直方图（概念数: 题目数量）: {1: 11110, 2: 1891, 3: 265, 4: 65}
2026-04-11 03:06:03,944 - INFO - [assist_09] [统计] 概念数量统计完成。
2026-04-11 03:06:03,944 - INFO - [assist_09] 正在加载数据集...
2026-04-11 03:06:04,015 - INFO - [assist_09|assist_09_abce_best_no_AE|lr=0.0003|drop=0.20] Train samples: 194489, Val samples: 20385
2026-04-11 03:06:04,015 - INFO - [assist_09|assist_09_abce_best_no_AE|lr=0.0003|drop=0.20] Number of students: 2493
2026-04-11 03:06:04,015 - INFO - [assist_09|assist_09_abce_best_no_AE|lr=0.0003|drop=0.20] Number of exercises: 17676
2026-04-11 03:06:04,015 - INFO - [assist_09|assist_09_abce_best_no_AE|lr=0.0003|drop=0.20] Number of concepts: 123
2026-04-11 03:06:04,015 - INFO - [assist_09|assist_09_abce_best_no_AE|lr=0.0003|drop=0.20] Creating model...
2026-04-11 03:06:04,015 - INFO - [assist_09|assist_09_abce_best_no_AE|lr=0.0003|drop=0.20] Ablation switches: ablate_module1=False, ablate_module2=False, ablate_module3=False | enable_module1=True, enable_module2=True, enable_module3=True | use_mf_branch=True, use_concept_graph=False, use_q_aligned_residual=True | effective(num_gnn_layers=0)
2026-04-11 03:06:04,142 - INFO - [assist_09|assist_09_abce_best_no_AE|lr=0.0003|drop=0.20] Ablation runtime check: args(ablate_module1=False,ablate_module2=False,ablate_module3=False) | model(enable_module1=True,enable_module2=True,enable_module3=True) | physical(has_knowledge_encoder=True,has_mf_branch=True)
2026-04-11 03:06:04,143 - INFO - [assist_09|assist_09_abce_best_no_AE|lr=0.0003|drop=0.20] Debug diagnostics enabled: diag_batches=1
2026-04-11 03:06:04,159 - INFO - [assist_09|assist_09_abce_best_no_AE|lr=0.0003|drop=0.20] [Module3 Init] fusion_gate_bias=-0.9000, fusion_gate_max=1.0000, implied_gate=0.2891, q_gate=0.5000, mf_scale=0.0000, bias_scale=0.4272, graph_tau_mean=0.0000, graph_tau_std=0.0000, graph_dropout=0.000
2026-04-11 03:06:04,159 - INFO - [assist_09|assist_09_abce_best_no_AE|lr=0.0003|drop=0.20] Total parameters: 1,542,190
2026-04-11 03:06:04,159 - INFO - [assist_09|assist_09_abce_best_no_AE|lr=0.0003|drop=0.20] Trainable parameters: 1,542,190
2026-04-11 03:06:05,024 - INFO - [assist_09|assist_09_abce_best_no_AE|lr=0.0003|drop=0.20] Starting training...
2026-04-11 03:06:37,353 - INFO - [assist_09|assist_09_abce_best_no_AE|lr=0.0003|drop=0.20] Epoch [001/100] | Train: Loss=0.6836, BCE=0.6673, Reg=0.0163, AUC=0.5419, ACC=0.6556, RMSE=0.4870 | Val: Loss=0.6337, BCE=0.6337, Reg=0.0000, AUC=0.6537, ACC=0.6597, RMSE=0.4700
2026-04-11 03:06:37,353 - INFO - [assist_09|assist_09_abce_best_no_AE|lr=0.0003|drop=0.20] [Reg Terms] Epoch [001] | Train: graph_entropy=0.000000, graph_diag=0.000000, graph_uniform=0.000000, graph_reg_scale=1.0000, mf_l2=0.000000, delta_ratio=0.000855, personal_sparse=0.000000, alpha_var=0.000000, alpha_collapse=0.000000, reg_bce_ratio=0.0244 | Val: graph_entropy=0.000000, graph_diag=0.000000, graph_uniform=0.000000, graph_reg_scale=1.0000, mf_l2=0.000000, delta_ratio=0.000013, personal_sparse=0.000000, alpha_var=0.000000, alpha_collapse=0.000000, reg_bce_ratio=0.0001
2026-04-11 03:06:37,500 - INFO - [assist_09|assist_09_abce_best_no_AE|lr=0.0003|drop=0.20] [Diag][M3] Epoch [001] | residual_abs_mean=0.1100, residual_std=0.0551, mf_abs_mean=0.1100, mf_std=0.0551, gate_mean=0.2646, gate_std=0.0069, q_interaction_abs_mean=0.1056, id_adapter_abs_mean=0.0153, bias_abs_mean=0.0176, B_q_share=0.9598, B_id_share=0.1395, B_bias_share=0.1597, student_q_norm=0.8556, student_id_adapter_norm=0.0679, item_q_norm=0.3474, item_id_adapter_norm=0.0382, irt_abs_mean=0.4432, irt_std=0.1373, delta_abs_mean=0.0292, delta_std=0.0148, delta_over_irt=0.0659, warmup(mf/personal)=1.00/1.00, graph_row_entropy=0.0000, graph_entropy_ratio=0.0000, alpha_mean=0.0000, alpha_std=0.0000, alpha_bias_std=0.0000, personal_row_entropy=0.0000, personal_matrix_delta=0.0000, personal_matrix_student_std=0.0000, personal_delta_pre_softmax_norm=0.0000, personal_delta_student_std=0.0000, alpha_head_std=0.0000
2026-04-11 03:06:37,501 - INFO - [assist_09|assist_09_abce_best_no_AE|lr=0.0003|drop=0.20] [Diag][Graph] Epoch [001] | entropy_ratio=0.0000, diag_mass=1.0000, to_uniform_l2=0.089800, to_identity_l2=0.000000, tau_mean=0.0000, tau_std=0.0000, graph_reg_scale(train/val)=1.0000/1.0000
2026-04-11 03:06:37,501 - INFO - [assist_09|assist_09_abce_best_no_AE|lr=0.0003|drop=0.20] [Grad Norms] Epoch [001] | mf_u_proj=0.000000, mf_v_proj=0.000000, b_id_student_proj=0.000000, b_id_item_proj=0.000000, b_bias_scale=0.000000, fusion_gate=0.000000, q_gate_raw=0.000000, skill_latent=0.000000, student_q_proj=0.000000, item_id_adapter=5.000000, relation_emb=0.000000e+00, relation_tau=0.000000e+00, relation_wq=0.000000e+00, relation_wk=0.000000e+00, personal_u=0.000000e+00, personal_v=0.000000e+00, personal_alpha_bias=0.000000e+00, personal_gate_emb=0.000000e+00, personal_gate_student_proj=0.000000e+00, personal_gate_context_proj=0.000000e+00, personal_gate_student_direct=0.000000e+00, personal_gate_context_direct=0.000000e+00, personal_gate_out=0.000000e+00, personal_generator_emb=0.000000e+00, personal_generator_context_proj=0.000000e+00, personal_generator_context_hidden=0.000000e+00, personal_generator_context_to_u=0.000000e+00, personal_generator_context_to_v=0.000000e+00
2026-04-11 03:06:37,741 - INFO - [assist_09|assist_09_abce_best_no_AE|lr=0.0003|drop=0.20] -> New best AUC=0.6537 at epoch 1
2026-04-11 03:07:07,209 - INFO - [assist_09|assist_09_abce_best_no_AE|lr=0.0003|drop=0.20] Epoch [002/100] | Train: Loss=0.5914, BCE=0.5914, Reg=0.0001, AUC=0.7014, ACC=0.6871, RMSE=0.4499 | Val: Loss=0.5756, BCE=0.5743, Reg=0.0013, AUC=0.7279, ACC=0.7010, RMSE=0.4419
2026-04-11 03:07:07,209 - INFO - [assist_09|assist_09_abce_best_no_AE|lr=0.0003|drop=0.20] [Reg Terms] Epoch [002] | Train: graph_entropy=0.000000, graph_diag=0.000000, graph_uniform=0.000000, graph_reg_scale=1.0000, mf_l2=0.000000, delta_ratio=0.000028, personal_sparse=0.000000, alpha_var=0.000000, alpha_collapse=0.000000, reg_bce_ratio=0.0001 | Val: graph_entropy=0.000000, graph_diag=0.000000, graph_uniform=0.000000, graph_reg_scale=1.0000, mf_l2=0.000000, delta_ratio=0.001013, personal_sparse=0.000000, alpha_var=0.000000, alpha_collapse=0.000000, reg_bce_ratio=0.0022
2026-04-11 03:07:07,348 - INFO - [assist_09|assist_09_abce_best_no_AE|lr=0.0003|drop=0.20] [Diag][M3] Epoch [002] | residual_abs_mean=0.1737, residual_std=0.0876, mf_abs_mean=0.1737, mf_std=0.0876, gate_mean=0.6040, gate_std=0.1110, q_interaction_abs_mean=0.1508, id_adapter_abs_mean=0.0276, bias_abs_mean=0.0463, B_q_share=0.8681, B_id_share=0.1590, B_bias_share=0.2667, student_q_norm=1.5582, student_id_adapter_norm=0.0965, item_q_norm=0.3395, item_id_adapter_norm=0.0608, irt_abs_mean=1.0091, irt_std=0.4999, delta_abs_mean=0.1083, delta_std=0.0642, delta_over_irt=0.1073, warmup(mf/personal)=1.00/1.00, graph_row_entropy=0.0000, graph_entropy_ratio=0.0000, alpha_mean=0.0000, alpha_std=0.0000, alpha_bias_std=0.0000, personal_row_entropy=0.0000, personal_matrix_delta=0.0000, personal_matrix_student_std=0.0000, personal_delta_pre_softmax_norm=0.0000, personal_delta_student_std=0.0000, alpha_head_std=0.0000
2026-04-11 03:07:07,348 - INFO - [assist_09|assist_09_abce_best_no_AE|lr=0.0003|drop=0.20] [Diag][Graph] Epoch [002] | entropy_ratio=0.0000, diag_mass=1.0000, to_uniform_l2=0.089800, to_identity_l2=0.000000, tau_mean=0.0000, tau_std=0.0000, graph_reg_scale(train/val)=1.0000/1.0000
2026-04-11 03:07:07,348 - INFO - [assist_09|assist_09_abce_best_no_AE|lr=0.0003|drop=0.20] [Grad Norms] Epoch [002] | mf_u_proj=0.004310, mf_v_proj=0.004895, b_id_student_proj=0.022384, b_id_item_proj=0.022849, b_bias_scale=0.001396, fusion_gate=0.002709, q_gate_raw=0.000023, skill_latent=0.061744, student_q_proj=0.008263, item_id_adapter=0.125021, relation_emb=0.000000e+00, relation_tau=0.000000e+00, relation_wq=0.000000e+00, relation_wk=0.000000e+00, personal_u=0.000000e+00, personal_v=0.000000e+00, personal_alpha_bias=0.000000e+00, personal_gate_emb=0.000000e+00, personal_gate_student_proj=0.000000e+00, personal_gate_context_proj=0.000000e+00, personal_gate_student_direct=0.000000e+00, personal_gate_context_direct=0.000000e+00, personal_gate_out=0.000000e+00, personal_generator_emb=0.000000e+00, personal_generator_context_proj=0.000000e+00, personal_generator_context_hidden=0.000000e+00, personal_generator_context_to_u=0.000000e+00, personal_generator_context_to_v=0.000000e+00
2026-04-11 03:07:07,765 - INFO - [assist_09|assist_09_abce_best_no_AE|lr=0.0003|drop=0.20] -> New best AUC=0.7279 at epoch 2
2026-04-11 03:07:39,769 - INFO - [assist_09|assist_09_abce_best_no_AE|lr=0.0003|drop=0.20] Epoch [003/100] | Train: Loss=0.5534, BCE=0.5524, Reg=0.0010, AUC=0.7537, ACC=0.7186, RMSE=0.4315 | Val: Loss=0.5620, BCE=0.5574, Reg=0.0047, AUC=0.7448, ACC=0.7140, RMSE=0.4341
2026-04-11 03:07:39,770 - INFO - [assist_09|assist_09_abce_best_no_AE|lr=0.0003|drop=0.20] [Reg Terms] Epoch [003] | Train: graph_entropy=0.000000, graph_diag=0.000000, graph_uniform=0.000000, graph_reg_scale=1.0000, mf_l2=0.000000, delta_ratio=0.000685, personal_sparse=0.000000, alpha_var=0.000000, alpha_collapse=0.000000, reg_bce_ratio=0.0017 | Val: graph_entropy=0.000000, graph_diag=0.000000, graph_uniform=0.000000, graph_reg_scale=1.0000, mf_l2=0.000000, delta_ratio=0.003303, personal_sparse=0.000000, alpha_var=0.000000, alpha_collapse=0.000000, reg_bce_ratio=0.0084
2026-04-11 03:07:39,974 - INFO - [assist_09|assist_09_abce_best_no_AE|lr=0.0003|drop=0.20] [Diag][M3] Epoch [003] | residual_abs_mean=0.1388, residual_std=0.1178, mf_abs_mean=0.1388, mf_std=0.1178, gate_mean=0.8264, gate_std=0.1157, q_interaction_abs_mean=0.1146, id_adapter_abs_mean=0.0229, bias_abs_mean=0.0852, B_q_share=0.8261, B_id_share=0.1647, B_bias_share=0.6141, student_q_norm=1.4887, student_id_adapter_norm=0.1301, item_q_norm=0.3256, item_id_adapter_norm=0.0826, irt_abs_mean=1.2640, irt_std=0.6672, delta_abs_mean=0.1083, delta_std=0.0815, delta_over_irt=0.0857, warmup(mf/personal)=1.00/1.00, graph_row_entropy=0.0000, graph_entropy_ratio=0.0000, alpha_mean=0.0000, alpha_std=0.0000, alpha_bias_std=0.0000, personal_row_entropy=0.0000, personal_matrix_delta=0.0000, personal_matrix_student_std=0.0000, personal_delta_pre_softmax_norm=0.0000, personal_delta_student_std=0.0000, alpha_head_std=0.0000
2026-04-11 03:07:39,974 - INFO - [assist_09|assist_09_abce_best_no_AE|lr=0.0003|drop=0.20] [Diag][Graph] Epoch [003] | entropy_ratio=0.0000, diag_mass=1.0000, to_uniform_l2=0.089800, to_identity_l2=0.000000, tau_mean=0.0000, tau_std=0.0000, graph_reg_scale(train/val)=1.0000/1.0000
2026-04-11 03:07:39,974 - INFO - [assist_09|assist_09_abce_best_no_AE|lr=0.0003|drop=0.20] [Grad Norms] Epoch [003] | mf_u_proj=0.007421, mf_v_proj=0.008893, b_id_student_proj=0.041406, b_id_item_proj=0.040245, b_bias_scale=0.001418, fusion_gate=0.002650, q_gate_raw=0.000012, skill_latent=0.109008, student_q_proj=0.015124, item_id_adapter=0.168305, relation_emb=0.000000e+00, relation_tau=0.000000e+00, relation_wq=0.000000e+00, relation_wk=0.000000e+00, personal_u=0.000000e+00, personal_v=0.000000e+00, personal_alpha_bias=0.000000e+00, personal_gate_emb=0.000000e+00, personal_gate_student_proj=0.000000e+00, personal_gate_context_proj=0.000000e+00, personal_gate_student_direct=0.000000e+00, personal_gate_context_direct=0.000000e+00, personal_gate_out=0.000000e+00, personal_generator_emb=0.000000e+00, personal_generator_context_proj=0.000000e+00, personal_generator_context_hidden=0.000000e+00, personal_generator_context_to_u=0.000000e+00, personal_generator_context_to_v=0.000000e+00
2026-04-11 03:07:40,342 - INFO - [assist_09|assist_09_abce_best_no_AE|lr=0.0003|drop=0.20] -> New best AUC=0.7448 at epoch 3
2026-04-11 03:08:11,904 - INFO - [assist_09|assist_09_abce_best_no_AE|lr=0.0003|drop=0.20] Epoch [004/100] | Train: Loss=0.5335, BCE=0.5298, Reg=0.0037, AUC=0.7781, ACC=0.7337, RMSE=0.4210 | Val: Loss=0.5551, BCE=0.5472, Reg=0.0079, AUC=0.7564, ACC=0.7205, RMSE=0.4294
2026-04-11 03:08:11,904 - INFO - [assist_09|assist_09_abce_best_no_AE|lr=0.0003|drop=0.20] [Reg Terms] Epoch [004] | Train: graph_entropy=0.000000, graph_diag=0.000000, graph_uniform=0.000000, graph_reg_scale=1.0000, mf_l2=0.000000, delta_ratio=0.002851, personal_sparse=0.000000, alpha_var=0.000000, alpha_collapse=0.000000, reg_bce_ratio=0.0070 | Val: graph_entropy=0.000000, graph_diag=0.000000, graph_uniform=0.000000, graph_reg_scale=1.0000, mf_l2=0.000000, delta_ratio=0.005892, personal_sparse=0.000000, alpha_var=0.000000, alpha_collapse=0.000000, reg_bce_ratio=0.0144
2026-04-11 03:08:12,051 - INFO - [assist_09|assist_09_abce_best_no_AE|lr=0.0003|drop=0.20] [Diag][M3] Epoch [004] | residual_abs_mean=0.1615, residual_std=0.1359, mf_abs_mean=0.1615, mf_std=0.1359, gate_mean=0.9179, gate_std=0.0871, q_interaction_abs_mean=0.0983, id_adapter_abs_mean=0.0314, bias_abs_mean=0.1259, B_q_share=0.6085, B_id_share=0.1941, B_bias_share=0.7792, student_q_norm=1.5100, student_id_adapter_norm=0.1573, item_q_norm=0.3107, item_id_adapter_norm=0.1021, irt_abs_mean=1.3897, irt_std=0.7358, delta_abs_mean=0.1420, delta_std=0.1099, delta_over_irt=0.1022, warmup(mf/personal)=1.00/1.00, graph_row_entropy=0.0000, graph_entropy_ratio=0.0000, alpha_mean=0.0000, alpha_std=0.0000, alpha_bias_std=0.0000, personal_row_entropy=0.0000, personal_matrix_delta=0.0000, personal_matrix_student_std=0.0000, personal_delta_pre_softmax_norm=0.0000, personal_delta_student_std=0.0000, alpha_head_std=0.0000
2026-04-11 03:08:12,051 - INFO - [assist_09|assist_09_abce_best_no_AE|lr=0.0003|drop=0.20] [Diag][Graph] Epoch [004] | entropy_ratio=0.0000, diag_mass=1.0000, to_uniform_l2=0.089800, to_identity_l2=0.000000, tau_mean=0.0000, tau_std=0.0000, graph_reg_scale(train/val)=1.0000/1.0000
2026-04-11 03:08:12,051 - WARNING - [assist_09|assist_09_abce_best_no_AE|lr=0.0003|drop=0.20] [Diag Warning][M3] gate_mean has stayed high for 2 epoch(s): gate_mean=0.9179, gate_std=0.0871
2026-04-11 03:08:12,051 - INFO - [assist_09|assist_09_abce_best_no_AE|lr=0.0003|drop=0.20] [Grad Norms] Epoch [004] | mf_u_proj=0.007638, mf_v_proj=0.008681, b_id_student_proj=0.044043, b_id_item_proj=0.043356, b_bias_scale=0.004572, fusion_gate=0.001216, q_gate_raw=0.000034, skill_latent=0.114949, student_q_proj=0.014192, item_id_adapter=0.154355, relation_emb=0.000000e+00, relation_tau=0.000000e+00, relation_wq=0.000000e+00, relation_wk=0.000000e+00, personal_u=0.000000e+00, personal_v=0.000000e+00, personal_alpha_bias=0.000000e+00, personal_gate_emb=0.000000e+00, personal_gate_student_proj=0.000000e+00, personal_gate_context_proj=0.000000e+00, personal_gate_student_direct=0.000000e+00, personal_gate_context_direct=0.000000e+00, personal_gate_out=0.000000e+00, personal_generator_emb=0.000000e+00, personal_generator_context_proj=0.000000e+00, personal_generator_context_hidden=0.000000e+00, personal_generator_context_to_u=0.000000e+00, personal_generator_context_to_v=0.000000e+00
2026-04-11 03:08:12,461 - INFO - [assist_09|assist_09_abce_best_no_AE|lr=0.0003|drop=0.20] -> New best AUC=0.7564 at epoch 4
2026-04-11 03:08:43,815 - INFO - [assist_09|assist_09_abce_best_no_AE|lr=0.0003|drop=0.20] Epoch [005/100] | Train: Loss=0.5188, BCE=0.5112, Reg=0.0075, AUC=0.7985, ACC=0.7456, RMSE=0.4122 | Val: Loss=0.5501, BCE=0.5394, Reg=0.0107, AUC=0.7653, ACC=0.7257, RMSE=0.4258
2026-04-11 03:08:43,815 - INFO - [assist_09|assist_09_abce_best_no_AE|lr=0.0003|drop=0.20] [Reg Terms] Epoch [005] | Train: graph_entropy=0.000000, graph_diag=0.000000, graph_uniform=0.000000, graph_reg_scale=1.0000, mf_l2=0.000000, delta_ratio=0.005728, personal_sparse=0.000000, alpha_var=0.000000, alpha_collapse=0.000000, reg_bce_ratio=0.0147 | Val: graph_entropy=0.000000, graph_diag=0.000000, graph_uniform=0.000000, graph_reg_scale=1.0000, mf_l2=0.000000, delta_ratio=0.008604, personal_sparse=0.000000, alpha_var=0.000000, alpha_collapse=0.000000, reg_bce_ratio=0.0198
2026-04-11 03:08:43,967 - INFO - [assist_09|assist_09_abce_best_no_AE|lr=0.0003|drop=0.20] [Diag][M3] Epoch [005] | residual_abs_mean=0.1969, residual_std=0.1560, mf_abs_mean=0.1969, mf_std=0.1560, gate_mean=0.9530, gate_std=0.0674, q_interaction_abs_mean=0.0827, id_adapter_abs_mean=0.0448, bias_abs_mean=0.1581, B_q_share=0.4200, B_id_share=0.2273, B_bias_share=0.8027, student_q_norm=1.3380, student_id_adapter_norm=0.1800, item_q_norm=0.3011, item_id_adapter_norm=0.1196, irt_abs_mean=1.4913, irt_std=0.7785, delta_abs_mean=0.1838, delta_std=0.1415, delta_over_irt=0.1233, warmup(mf/personal)=1.00/1.00, graph_row_entropy=0.0000, graph_entropy_ratio=0.0000, alpha_mean=0.0000, alpha_std=0.0000, alpha_bias_std=0.0000, personal_row_entropy=0.0000, personal_matrix_delta=0.0000, personal_matrix_student_std=0.0000, personal_delta_pre_softmax_norm=0.0000, personal_delta_student_std=0.0000, alpha_head_std=0.0000
2026-04-11 03:08:43,968 - INFO - [assist_09|assist_09_abce_best_no_AE|lr=0.0003|drop=0.20] [Diag][Graph] Epoch [005] | entropy_ratio=0.0000, diag_mass=1.0000, to_uniform_l2=0.089800, to_identity_l2=0.000000, tau_mean=0.0000, tau_std=0.0000, graph_reg_scale(train/val)=1.0000/1.0000
2026-04-11 03:08:43,968 - WARNING - [assist_09|assist_09_abce_best_no_AE|lr=0.0003|drop=0.20] [Diag Warning][M3] gate_mean has stayed high for 3 epoch(s): gate_mean=0.9530, gate_std=0.0674
2026-04-11 03:08:43,968 - WARNING - [assist_09|assist_09_abce_best_no_AE|lr=0.0003|drop=0.20] [Diag Warning][B] B_q_share is low: B_q_share=0.4200, B_id_share=0.2273, B_bias_share=0.8027
2026-04-11 03:08:43,968 - INFO - [assist_09|assist_09_abce_best_no_AE|lr=0.0003|drop=0.20] [Grad Norms] Epoch [005] | mf_u_proj=0.007053, mf_v_proj=0.007507, b_id_student_proj=0.033987, b_id_item_proj=0.034631, b_bias_scale=0.010129, fusion_gate=0.002513, q_gate_raw=0.000010, skill_latent=0.088619, student_q_proj=0.013134, item_id_adapter=0.129102, relation_emb=0.000000e+00, relation_tau=0.000000e+00, relation_wq=0.000000e+00, relation_wk=0.000000e+00, personal_u=0.000000e+00, personal_v=0.000000e+00, personal_alpha_bias=0.000000e+00, personal_gate_emb=0.000000e+00, personal_gate_student_proj=0.000000e+00, personal_gate_context_proj=0.000000e+00, personal_gate_student_direct=0.000000e+00, personal_gate_context_direct=0.000000e+00, personal_gate_out=0.000000e+00, personal_generator_emb=0.000000e+00, personal_generator_context_proj=0.000000e+00, personal_generator_context_hidden=0.000000e+00, personal_generator_context_to_u=0.000000e+00, personal_generator_context_to_v=0.000000e+00
2026-04-11 03:08:44,390 - INFO - [assist_09|assist_09_abce_best_no_AE|lr=0.0003|drop=0.20] -> New best AUC=0.7653 at epoch 5
2026-04-11 03:09:15,194 - INFO - [assist_09|assist_09_abce_best_no_AE|lr=0.0003|drop=0.20] Epoch [006/100] | Train: Loss=0.5054, BCE=0.4925, Reg=0.0128, AUC=0.8182, ACC=0.7586, RMSE=0.4033 | Val: Loss=0.5481, BCE=0.5330, Reg=0.0151, AUC=0.7729, ACC=0.7279, RMSE=0.4229
2026-04-11 03:09:15,194 - INFO - [assist_09|assist_09_abce_best_no_AE|lr=0.0003|drop=0.20] [Reg Terms] Epoch [006] | Train: graph_entropy=0.000000, graph_diag=0.000000, graph_uniform=0.000000, graph_reg_scale=1.0000, mf_l2=0.000000, delta_ratio=0.008558, personal_sparse=0.000000, alpha_var=0.000000, alpha_collapse=0.000000, reg_bce_ratio=0.0261 | Val: graph_entropy=0.000000, graph_diag=0.000000, graph_uniform=0.000000, graph_reg_scale=1.0000, mf_l2=0.000000, delta_ratio=0.011202, personal_sparse=0.000000, alpha_var=0.000000, alpha_collapse=0.000000, reg_bce_ratio=0.0282
2026-04-11 03:09:15,395 - INFO - [assist_09|assist_09_abce_best_no_AE|lr=0.0003|drop=0.20] [Diag][M3] Epoch [006] | residual_abs_mean=0.2435, residual_std=0.1853, mf_abs_mean=0.2435, mf_std=0.1853, gate_mean=0.9696, gate_std=0.0587, q_interaction_abs_mean=0.0943, id_adapter_abs_mean=0.0660, bias_abs_mean=0.1971, B_q_share=0.3873, B_id_share=0.2713, B_bias_share=0.8094, student_q_norm=1.1677, student_id_adapter_norm=0.2014, item_q_norm=0.2977, item_id_adapter_norm=0.1368, irt_abs_mean=1.5845, irt_std=0.8228, delta_abs_mean=0.2342, delta_std=0.1785, delta_over_irt=0.1478, warmup(mf/personal)=1.00/1.00, graph_row_entropy=0.0000, graph_entropy_ratio=0.0000, alpha_mean=0.0000, alpha_std=0.0000, alpha_bias_std=0.0000, personal_row_entropy=0.0000, personal_matrix_delta=0.0000, personal_matrix_student_std=0.0000, personal_delta_pre_softmax_norm=0.0000, personal_delta_student_std=0.0000, alpha_head_std=0.0000
2026-04-11 03:09:15,396 - INFO - [assist_09|assist_09_abce_best_no_AE|lr=0.0003|drop=0.20] [Diag][Graph] Epoch [006] | entropy_ratio=0.0000, diag_mass=1.0000, to_uniform_l2=0.089800, to_identity_l2=0.000000, tau_mean=0.0000, tau_std=0.0000, graph_reg_scale(train/val)=1.0000/1.0000
2026-04-11 03:09:15,396 - WARNING - [assist_09|assist_09_abce_best_no_AE|lr=0.0003|drop=0.20] [Diag Warning][M3] gate_mean has stayed high for 4 epoch(s): gate_mean=0.9696, gate_std=0.0587
2026-04-11 03:09:15,396 - WARNING - [assist_09|assist_09_abce_best_no_AE|lr=0.0003|drop=0.20] [Diag Warning][B] B_q_share is low: B_q_share=0.3873, B_id_share=0.2713, B_bias_share=0.8094
2026-04-11 03:09:15,396 - INFO - [assist_09|assist_09_abce_best_no_AE|lr=0.0003|drop=0.20] [Grad Norms] Epoch [006] | mf_u_proj=0.008091, mf_v_proj=0.011399, b_id_student_proj=0.048867, b_id_item_proj=0.049788, b_bias_scale=0.004356, fusion_gate=0.001108, q_gate_raw=0.000003, skill_latent=0.132403, student_q_proj=0.014997, item_id_adapter=0.179228, relation_emb=0.000000e+00, relation_tau=0.000000e+00, relation_wq=0.000000e+00, relation_wk=0.000000e+00, personal_u=0.000000e+00, personal_v=0.000000e+00, personal_alpha_bias=0.000000e+00, personal_gate_emb=0.000000e+00, personal_gate_student_proj=0.000000e+00, personal_gate_context_proj=0.000000e+00, personal_gate_student_direct=0.000000e+00, personal_gate_context_direct=0.000000e+00, personal_gate_out=0.000000e+00, personal_generator_emb=0.000000e+00, personal_generator_context_proj=0.000000e+00, personal_generator_context_hidden=0.000000e+00, personal_generator_context_to_u=0.000000e+00, personal_generator_context_to_v=0.000000e+00
2026-04-11 03:09:15,829 - INFO - [assist_09|assist_09_abce_best_no_AE|lr=0.0003|drop=0.20] -> New best AUC=0.7729 at epoch 6
2026-04-11 03:09:47,115 - INFO - [assist_09|assist_09_abce_best_no_AE|lr=0.0003|drop=0.20] Epoch [007/100] | Train: Loss=0.4918, BCE=0.4717, Reg=0.0201, AUC=0.8393, ACC=0.7724, RMSE=0.3930 | Val: Loss=0.5474, BCE=0.5262, Reg=0.0212, AUC=0.7805, ACC=0.7342, RMSE=0.4196
2026-04-11 03:09:47,115 - INFO - [assist_09|assist_09_abce_best_no_AE|lr=0.0003|drop=0.20] [Reg Terms] Epoch [007] | Train: graph_entropy=0.000000, graph_diag=0.000000, graph_uniform=0.000000, graph_reg_scale=1.0000, mf_l2=0.000000, delta_ratio=0.011462, personal_sparse=0.000000, alpha_var=0.000000, alpha_collapse=0.000000, reg_bce_ratio=0.0426 | Val: graph_entropy=0.000000, graph_diag=0.000000, graph_uniform=0.000000, graph_reg_scale=1.0000, mf_l2=0.000000, delta_ratio=0.014029, personal_sparse=0.000000, alpha_var=0.000000, alpha_collapse=0.000000, reg_bce_ratio=0.0403
2026-04-11 03:09:47,259 - INFO - [assist_09|assist_09_abce_best_no_AE|lr=0.0003|drop=0.20] [Diag][M3] Epoch [007] | residual_abs_mean=0.2891, residual_std=0.2136, mf_abs_mean=0.2891, mf_std=0.2136, gate_mean=0.9780, gate_std=0.0526, q_interaction_abs_mean=0.1154, id_adapter_abs_mean=0.0965, bias_abs_mean=0.2315, B_q_share=0.3991, B_id_share=0.3338, B_bias_share=0.8010, student_q_norm=1.0479, student_id_adapter_norm=0.2228, item_q_norm=0.2993, item_id_adapter_norm=0.1539, irt_abs_mean=1.6327, irt_std=0.8466, delta_abs_mean=0.2826, delta_std=0.2113, delta_over_irt=0.1731, warmup(mf/personal)=1.00/1.00, graph_row_entropy=0.0000, graph_entropy_ratio=0.0000, alpha_mean=0.0000, alpha_std=0.0000, alpha_bias_std=0.0000, personal_row_entropy=0.0000, personal_matrix_delta=0.0000, personal_matrix_student_std=0.0000, personal_delta_pre_softmax_norm=0.0000, personal_delta_student_std=0.0000, alpha_head_std=0.0000
2026-04-11 03:09:47,259 - INFO - [assist_09|assist_09_abce_best_no_AE|lr=0.0003|drop=0.20] [Diag][Graph] Epoch [007] | entropy_ratio=0.0000, diag_mass=1.0000, to_uniform_l2=0.089800, to_identity_l2=0.000000, tau_mean=0.0000, tau_std=0.0000, graph_reg_scale(train/val)=1.0000/1.0000
2026-04-11 03:09:47,259 - WARNING - [assist_09|assist_09_abce_best_no_AE|lr=0.0003|drop=0.20] [Diag Warning][M3] gate_mean has stayed high for 5 epoch(s): gate_mean=0.9780, gate_std=0.0526
2026-04-11 03:09:47,259 - WARNING - [assist_09|assist_09_abce_best_no_AE|lr=0.0003|drop=0.20] [Diag Warning][B] B_q_share is low: B_q_share=0.3991, B_id_share=0.3338, B_bias_share=0.8010
2026-04-11 03:09:47,260 - INFO - [assist_09|assist_09_abce_best_no_AE|lr=0.0003|drop=0.20] [Grad Norms] Epoch [007] | mf_u_proj=0.008700, mf_v_proj=0.009482, b_id_student_proj=0.058524, b_id_item_proj=0.057194, b_bias_scale=0.002493, fusion_gate=0.001116, q_gate_raw=0.000001, skill_latent=0.153719, student_q_proj=0.017929, item_id_adapter=0.192199, relation_emb=0.000000e+00, relation_tau=0.000000e+00, relation_wq=0.000000e+00, relation_wk=0.000000e+00, personal_u=0.000000e+00, personal_v=0.000000e+00, personal_alpha_bias=0.000000e+00, personal_gate_emb=0.000000e+00, personal_gate_student_proj=0.000000e+00, personal_gate_context_proj=0.000000e+00, personal_gate_student_direct=0.000000e+00, personal_gate_context_direct=0.000000e+00, personal_gate_out=0.000000e+00, personal_generator_emb=0.000000e+00, personal_generator_context_proj=0.000000e+00, personal_generator_context_hidden=0.000000e+00, personal_generator_context_to_u=0.000000e+00, personal_generator_context_to_v=0.000000e+00
2026-04-11 03:09:47,752 - INFO - [assist_09|assist_09_abce_best_no_AE|lr=0.0003|drop=0.20] -> New best AUC=0.7805 at epoch 7
2026-04-11 03:10:18,639 - INFO - [assist_09|assist_09_abce_best_no_AE|lr=0.0003|drop=0.20] Epoch [008/100] | Train: Loss=0.4759, BCE=0.4478, Reg=0.0280, AUC=0.8619, ACC=0.7890, RMSE=0.3810 | Val: Loss=0.5485, BCE=0.5206, Reg=0.0280, AUC=0.7866, ACC=0.7379, RMSE=0.4170
2026-04-11 03:10:18,639 - INFO - [assist_09|assist_09_abce_best_no_AE|lr=0.0003|drop=0.20] [Reg Terms] Epoch [008] | Train: graph_entropy=0.000000, graph_diag=0.000000, graph_uniform=0.000000, graph_reg_scale=1.0000, mf_l2=0.000000, delta_ratio=0.014723, personal_sparse=0.000000, alpha_var=0.000000, alpha_collapse=0.000000, reg_bce_ratio=0.0626 | Val: graph_entropy=0.000000, graph_diag=0.000000, graph_uniform=0.000000, graph_reg_scale=1.0000, mf_l2=0.000001, delta_ratio=0.016886, personal_sparse=0.000000, alpha_var=0.000000, alpha_collapse=0.000000, reg_bce_ratio=0.0537
2026-04-11 03:10:18,793 - INFO - [assist_09|assist_09_abce_best_no_AE|lr=0.0003|drop=0.20] [Diag][M3] Epoch [008] | residual_abs_mean=0.3425, residual_std=0.2327, mf_abs_mean=0.3425, mf_std=0.2327, gate_mean=0.9843, gate_std=0.0462, q_interaction_abs_mean=0.1332, id_adapter_abs_mean=0.1302, bias_abs_mean=0.2545, B_q_share=0.3890, B_id_share=0.3801, B_bias_share=0.7429, student_q_norm=0.9648, student_id_adapter_norm=0.2428, item_q_norm=0.3019, item_id_adapter_norm=0.1699, irt_abs_mean=1.6818, irt_std=0.8830, delta_abs_mean=0.3378, delta_std=0.2324, delta_over_irt=0.2008, warmup(mf/personal)=1.00/1.00, graph_row_entropy=0.0000, graph_entropy_ratio=0.0000, alpha_mean=0.0000, alpha_std=0.0000, alpha_bias_std=0.0000, personal_row_entropy=0.0000, personal_matrix_delta=0.0000, personal_matrix_student_std=0.0000, personal_delta_pre_softmax_norm=0.0000, personal_delta_student_std=0.0000, alpha_head_std=0.0000
2026-04-11 03:10:18,793 - INFO - [assist_09|assist_09_abce_best_no_AE|lr=0.0003|drop=0.20] [Diag][Graph] Epoch [008] | entropy_ratio=0.0000, diag_mass=1.0000, to_uniform_l2=0.089800, to_identity_l2=0.000000, tau_mean=0.0000, tau_std=0.0000, graph_reg_scale(train/val)=1.0000/1.0000
2026-04-11 03:10:18,793 - WARNING - [assist_09|assist_09_abce_best_no_AE|lr=0.0003|drop=0.20] [Diag Warning][M3] gate_mean has stayed high for 6 epoch(s): gate_mean=0.9843, gate_std=0.0462
2026-04-11 03:10:18,793 - WARNING - [assist_09|assist_09_abce_best_no_AE|lr=0.0003|drop=0.20] [Diag Warning][M3] delta_over_irt has stayed high for 2 epoch(s): delta_over_irt=0.2008, delta_abs_mean=0.3378
2026-04-11 03:10:18,793 - WARNING - [assist_09|assist_09_abce_best_no_AE|lr=0.0003|drop=0.20] [Diag Warning][B] B_q_share is low: B_q_share=0.3890, B_id_share=0.3801, B_bias_share=0.7429
2026-04-11 03:10:18,793 - WARNING - [assist_09|assist_09_abce_best_no_AE|lr=0.0003|drop=0.20] [Diag Warning][B] B_id_share is high: B_id_share=0.3801, B_q_share=0.3890
2026-04-11 03:10:18,794 - INFO - [assist_09|assist_09_abce_best_no_AE|lr=0.0003|drop=0.20] [Grad Norms] Epoch [008] | mf_u_proj=0.011590, mf_v_proj=0.011728, b_id_student_proj=0.075219, b_id_item_proj=0.077053, b_bias_scale=0.002079, fusion_gate=0.000607, q_gate_raw=0.000004, skill_latent=0.175459, student_q_proj=0.031760, item_id_adapter=0.237834, relation_emb=0.000000e+00, relation_tau=0.000000e+00, relation_wq=0.000000e+00, relation_wk=0.000000e+00, personal_u=0.000000e+00, personal_v=0.000000e+00, personal_alpha_bias=0.000000e+00, personal_gate_emb=0.000000e+00, personal_gate_student_proj=0.000000e+00, personal_gate_context_proj=0.000000e+00, personal_gate_student_direct=0.000000e+00, personal_gate_context_direct=0.000000e+00, personal_gate_out=0.000000e+00, personal_generator_emb=0.000000e+00, personal_generator_context_proj=0.000000e+00, personal_generator_context_hidden=0.000000e+00, personal_generator_context_to_u=0.000000e+00, personal_generator_context_to_v=0.000000e+00
2026-04-11 03:10:19,302 - INFO - [assist_09|assist_09_abce_best_no_AE|lr=0.0003|drop=0.20] -> New best AUC=0.7866 at epoch 8
2026-04-11 03:10:51,346 - INFO - [assist_09|assist_09_abce_best_no_AE|lr=0.0003|drop=0.20] Epoch [009/100] | Train: Loss=0.4607, BCE=0.4248, Reg=0.0359, AUC=0.8810, ACC=0.8049, RMSE=0.3690 | Val: Loss=0.5509, BCE=0.5173, Reg=0.0337, AUC=0.7909, ACC=0.7425, RMSE=0.4150
2026-04-11 03:10:51,346 - INFO - [assist_09|assist_09_abce_best_no_AE|lr=0.0003|drop=0.20] [Reg Terms] Epoch [009] | Train: graph_entropy=0.000000, graph_diag=0.000000, graph_uniform=0.000000, graph_reg_scale=1.0000, mf_l2=0.000001, delta_ratio=0.018215, personal_sparse=0.000000, alpha_var=0.000000, alpha_collapse=0.000000, reg_bce_ratio=0.0846 | Val: graph_entropy=0.000000, graph_diag=0.000000, graph_uniform=0.000000, graph_reg_scale=1.0000, mf_l2=0.000001, delta_ratio=0.018982, personal_sparse=0.000000, alpha_var=0.000000, alpha_collapse=0.000000, reg_bce_ratio=0.0651
2026-04-11 03:10:51,488 - INFO - [assist_09|assist_09_abce_best_no_AE|lr=0.0003|drop=0.20] [Diag][M3] Epoch [009] | residual_abs_mean=0.3740, residual_std=0.2778, mf_abs_mean=0.3740, mf_std=0.2778, gate_mean=0.9858, gate_std=0.0481, q_interaction_abs_mean=0.1470, id_adapter_abs_mean=0.1723, bias_abs_mean=0.2800, B_q_share=0.3930, B_id_share=0.4607, B_bias_share=0.7487, student_q_norm=0.9050, student_id_adapter_norm=0.2581, item_q_norm=0.2996, item_id_adapter_norm=0.1828, irt_abs_mean=1.7370, irt_std=0.9149, delta_abs_mean=0.3709, delta_std=0.2783, delta_over_irt=0.2135, warmup(mf/personal)=1.00/1.00, graph_row_entropy=0.0000, graph_entropy_ratio=0.0000, alpha_mean=0.0000, alpha_std=0.0000, alpha_bias_std=0.0000, personal_row_entropy=0.0000, personal_matrix_delta=0.0000, personal_matrix_student_std=0.0000, personal_delta_pre_softmax_norm=0.0000, personal_delta_student_std=0.0000, alpha_head_std=0.0000
2026-04-11 03:10:51,488 - INFO - [assist_09|assist_09_abce_best_no_AE|lr=0.0003|drop=0.20] [Diag][Graph] Epoch [009] | entropy_ratio=0.0000, diag_mass=1.0000, to_uniform_l2=0.089800, to_identity_l2=0.000000, tau_mean=0.0000, tau_std=0.0000, graph_reg_scale(train/val)=1.0000/1.0000
2026-04-11 03:10:51,488 - WARNING - [assist_09|assist_09_abce_best_no_AE|lr=0.0003|drop=0.20] [Diag Warning][M3] gate_mean has stayed high for 7 epoch(s): gate_mean=0.9858, gate_std=0.0481
2026-04-11 03:10:51,488 - WARNING - [assist_09|assist_09_abce_best_no_AE|lr=0.0003|drop=0.20] [Diag Warning][M3] delta_over_irt has stayed high for 3 epoch(s): delta_over_irt=0.2135, delta_abs_mean=0.3709
2026-04-11 03:10:51,488 - WARNING - [assist_09|assist_09_abce_best_no_AE|lr=0.0003|drop=0.20] [Diag Warning][B] B_q_share is low: B_q_share=0.3930, B_id_share=0.4607, B_bias_share=0.7487
2026-04-11 03:10:51,488 - WARNING - [assist_09|assist_09_abce_best_no_AE|lr=0.0003|drop=0.20] [Diag Warning][B] B_id_share is high: B_id_share=0.4607, B_q_share=0.3930
2026-04-11 03:10:51,489 - INFO - [assist_09|assist_09_abce_best_no_AE|lr=0.0003|drop=0.20] [Grad Norms] Epoch [009] | mf_u_proj=0.011471, mf_v_proj=0.009463, b_id_student_proj=0.090343, b_id_item_proj=0.091455, b_bias_scale=0.004565, fusion_gate=0.000265, q_gate_raw=0.000002, skill_latent=0.224333, student_q_proj=0.026447, item_id_adapter=0.290603, relation_emb=0.000000e+00, relation_tau=0.000000e+00, relation_wq=0.000000e+00, relation_wk=0.000000e+00, personal_u=0.000000e+00, personal_v=0.000000e+00, personal_alpha_bias=0.000000e+00, personal_gate_emb=0.000000e+00, personal_gate_student_proj=0.000000e+00, personal_gate_context_proj=0.000000e+00, personal_gate_student_direct=0.000000e+00, personal_gate_context_direct=0.000000e+00, personal_gate_out=0.000000e+00, personal_generator_emb=0.000000e+00, personal_generator_context_proj=0.000000e+00, personal_generator_context_hidden=0.000000e+00, personal_generator_context_to_u=0.000000e+00, personal_generator_context_to_v=0.000000e+00
2026-04-11 03:10:51,988 - INFO - [assist_09|assist_09_abce_best_no_AE|lr=0.0003|drop=0.20] -> New best AUC=0.7909 at epoch 9
2026-04-11 03:11:24,817 - INFO - [assist_09|assist_09_abce_best_no_AE|lr=0.0003|drop=0.20] Epoch [010/100] | Train: Loss=0.4453, BCE=0.4024, Reg=0.0429, AUC=0.8980, ACC=0.8210, RMSE=0.3571 | Val: Loss=0.5540, BCE=0.5145, Reg=0.0395, AUC=0.7948, ACC=0.7461, RMSE=0.4134
2026-04-11 03:11:24,818 - INFO - [assist_09|assist_09_abce_best_no_AE|lr=0.0003|drop=0.20] [Reg Terms] Epoch [010] | Train: graph_entropy=0.000000, graph_diag=0.000000, graph_uniform=0.000000, graph_reg_scale=1.0000, mf_l2=0.000001, delta_ratio=0.021606, personal_sparse=0.000000, alpha_var=0.000000, alpha_collapse=0.000000, reg_bce_ratio=0.1066 | Val: graph_entropy=0.000000, graph_diag=0.000000, graph_uniform=0.000000, graph_reg_scale=1.0000, mf_l2=0.000001, delta_ratio=0.021238, personal_sparse=0.000000, alpha_var=0.000000, alpha_collapse=0.000000, reg_bce_ratio=0.0767
2026-04-11 03:11:24,967 - INFO - [assist_09|assist_09_abce_best_no_AE|lr=0.0003|drop=0.20] [Diag][M3] Epoch [010] | residual_abs_mean=0.4125, residual_std=0.3159, mf_abs_mean=0.4125, mf_std=0.3159, gate_mean=0.9908, gate_std=0.0304, q_interaction_abs_mean=0.1608, id_adapter_abs_mean=0.2242, bias_abs_mean=0.2989, B_q_share=0.3898, B_id_share=0.5435, B_bias_share=0.7246, student_q_norm=0.8486, student_id_adapter_norm=0.2721, item_q_norm=0.2996, item_id_adapter_norm=0.1950, irt_abs_mean=1.7231, irt_std=0.9228, delta_abs_mean=0.4101, delta_std=0.3166, delta_over_irt=0.2380, warmup(mf/personal)=1.00/1.00, graph_row_entropy=0.0000, graph_entropy_ratio=0.0000, alpha_mean=0.0000, alpha_std=0.0000, alpha_bias_std=0.0000, personal_row_entropy=0.0000, personal_matrix_delta=0.0000, personal_matrix_student_std=0.0000, personal_delta_pre_softmax_norm=0.0000, personal_delta_student_std=0.0000, alpha_head_std=0.0000
2026-04-11 03:11:24,968 - INFO - [assist_09|assist_09_abce_best_no_AE|lr=0.0003|drop=0.20] [Diag][Graph] Epoch [010] | entropy_ratio=0.0000, diag_mass=1.0000, to_uniform_l2=0.089800, to_identity_l2=0.000000, tau_mean=0.0000, tau_std=0.0000, graph_reg_scale(train/val)=1.0000/1.0000
2026-04-11 03:11:24,968 - WARNING - [assist_09|assist_09_abce_best_no_AE|lr=0.0003|drop=0.20] [Diag Warning][M3] gate_mean has stayed high for 8 epoch(s): gate_mean=0.9908, gate_std=0.0304
2026-04-11 03:11:24,968 - WARNING - [assist_09|assist_09_abce_best_no_AE|lr=0.0003|drop=0.20] [Diag Warning][M3] delta_over_irt has stayed high for 4 epoch(s): delta_over_irt=0.2380, delta_abs_mean=0.4101
2026-04-11 03:11:24,968 - WARNING - [assist_09|assist_09_abce_best_no_AE|lr=0.0003|drop=0.20] [Diag Warning][B] B_q_share is low: B_q_share=0.3898, B_id_share=0.5435, B_bias_share=0.7246
2026-04-11 03:11:24,968 - WARNING - [assist_09|assist_09_abce_best_no_AE|lr=0.0003|drop=0.20] [Diag Warning][B] B_id_share is high: B_id_share=0.5435, B_q_share=0.3898
2026-04-11 03:11:24,968 - INFO - [assist_09|assist_09_abce_best_no_AE|lr=0.0003|drop=0.20] [Grad Norms] Epoch [010] | mf_u_proj=0.016398, mf_v_proj=0.015669, b_id_student_proj=0.125341, b_id_item_proj=0.126564, b_bias_scale=0.000361, fusion_gate=0.000184, q_gate_raw=0.000016, skill_latent=0.288158, student_q_proj=0.046595, item_id_adapter=0.372855, relation_emb=0.000000e+00, relation_tau=0.000000e+00, relation_wq=0.000000e+00, relation_wk=0.000000e+00, personal_u=0.000000e+00, personal_v=0.000000e+00, personal_alpha_bias=0.000000e+00, personal_gate_emb=0.000000e+00, personal_gate_student_proj=0.000000e+00, personal_gate_context_proj=0.000000e+00, personal_gate_student_direct=0.000000e+00, personal_gate_context_direct=0.000000e+00, personal_gate_out=0.000000e+00, personal_generator_emb=0.000000e+00, personal_generator_context_proj=0.000000e+00, personal_generator_context_hidden=0.000000e+00, personal_generator_context_to_u=0.000000e+00, personal_generator_context_to_v=0.000000e+00
2026-04-11 03:11:25,438 - INFO - [assist_09|assist_09_abce_best_no_AE|lr=0.0003|drop=0.20] -> New best AUC=0.7948 at epoch 10
2026-04-11 03:11:25,510 - INFO - [assist_09|assist_09_abce_best_no_AE|lr=0.0003|drop=0.20] Checkpoint saved: checkpoints/abce_diag/20260411_master_best_ae/assist_09/seed42/best_no_AE/checkpoint_epoch_10.pth
2026-04-11 03:11:25,683 - INFO - [assist_09|assist_09_abce_best_no_AE|lr=0.0003|drop=0.20] [Module Activity] Epoch 10: MF[OK]
2026-04-11 03:11:55,326 - INFO - [assist_09|assist_09_abce_best_no_AE|lr=0.0003|drop=0.20] Epoch [011/100] | Train: Loss=0.4324, BCE=0.3831, Reg=0.0493, AUC=0.9114, ACC=0.8335, RMSE=0.3467 | Val: Loss=0.5581, BCE=0.5137, Reg=0.0444, AUC=0.7965, ACC=0.7480, RMSE=0.4127
2026-04-11 03:11:55,326 - INFO - [assist_09|assist_09_abce_best_no_AE|lr=0.0003|drop=0.20] [Reg Terms] Epoch [011] | Train: graph_entropy=0.000000, graph_diag=0.000000, graph_uniform=0.000000, graph_reg_scale=1.0000, mf_l2=0.000001, delta_ratio=0.024848, personal_sparse=0.000000, alpha_var=0.000000, alpha_collapse=0.000000, reg_bce_ratio=0.1288 | Val: graph_entropy=0.000000, graph_diag=0.000000, graph_uniform=0.000000, graph_reg_scale=1.0000, mf_l2=0.000001, delta_ratio=0.023372, personal_sparse=0.000000, alpha_var=0.000000, alpha_collapse=0.000000, reg_bce_ratio=0.0864
2026-04-11 03:11:55,472 - INFO - [assist_09|assist_09_abce_best_no_AE|lr=0.0003|drop=0.20] [Diag][M3] Epoch [011] | residual_abs_mean=0.4429, residual_std=0.3422, mf_abs_mean=0.4429, mf_std=0.3422, gate_mean=0.9930, gate_std=0.0253, q_interaction_abs_mean=0.1739, id_adapter_abs_mean=0.2482, bias_abs_mean=0.3300, B_q_share=0.3927, B_id_share=0.5603, B_bias_share=0.7451, student_q_norm=0.8429, student_id_adapter_norm=0.2885, item_q_norm=0.2983, item_id_adapter_norm=0.2054, irt_abs_mean=1.7579, irt_std=0.9480, delta_abs_mean=0.4413, delta_std=0.3426, delta_over_irt=0.2510, warmup(mf/personal)=1.00/1.00, graph_row_entropy=0.0000, graph_entropy_ratio=0.0000, alpha_mean=0.0000, alpha_std=0.0000, alpha_bias_std=0.0000, personal_row_entropy=0.0000, personal_matrix_delta=0.0000, personal_matrix_student_std=0.0000, personal_delta_pre_softmax_norm=0.0000, personal_delta_student_std=0.0000, alpha_head_std=0.0000
2026-04-11 03:11:55,473 - INFO - [assist_09|assist_09_abce_best_no_AE|lr=0.0003|drop=0.20] [Diag][Graph] Epoch [011] | entropy_ratio=0.0000, diag_mass=1.0000, to_uniform_l2=0.089800, to_identity_l2=0.000000, tau_mean=0.0000, tau_std=0.0000, graph_reg_scale(train/val)=1.0000/1.0000
2026-04-11 03:11:55,473 - WARNING - [assist_09|assist_09_abce_best_no_AE|lr=0.0003|drop=0.20] [Diag Warning][M3] gate_mean has stayed high for 9 epoch(s): gate_mean=0.9930, gate_std=0.0253
2026-04-11 03:11:55,473 - WARNING - [assist_09|assist_09_abce_best_no_AE|lr=0.0003|drop=0.20] [Diag Warning][M3] delta_over_irt has stayed high for 5 epoch(s): delta_over_irt=0.2510, delta_abs_mean=0.4413
2026-04-11 03:11:55,473 - WARNING - [assist_09|assist_09_abce_best_no_AE|lr=0.0003|drop=0.20] [Diag Warning][B] B_q_share is low: B_q_share=0.3927, B_id_share=0.5603, B_bias_share=0.7451
2026-04-11 03:11:55,473 - WARNING - [assist_09|assist_09_abce_best_no_AE|lr=0.0003|drop=0.20] [Diag Warning][B] B_id_share is high: B_id_share=0.5603, B_q_share=0.3927
2026-04-11 03:11:55,473 - INFO - [assist_09|assist_09_abce_best_no_AE|lr=0.0003|drop=0.20] [Grad Norms] Epoch [011] | mf_u_proj=0.012146, mf_v_proj=0.011999, b_id_student_proj=0.122733, b_id_item_proj=0.123341, b_bias_scale=0.000532, fusion_gate=0.000184, q_gate_raw=0.000017, skill_latent=0.275456, student_q_proj=0.030104, item_id_adapter=0.351291, relation_emb=0.000000e+00, relation_tau=0.000000e+00, relation_wq=0.000000e+00, relation_wk=0.000000e+00, personal_u=0.000000e+00, personal_v=0.000000e+00, personal_alpha_bias=0.000000e+00, personal_gate_emb=0.000000e+00, personal_gate_student_proj=0.000000e+00, personal_gate_context_proj=0.000000e+00, personal_gate_student_direct=0.000000e+00, personal_gate_context_direct=0.000000e+00, personal_gate_out=0.000000e+00, personal_generator_emb=0.000000e+00, personal_generator_context_proj=0.000000e+00, personal_generator_context_hidden=0.000000e+00, personal_generator_context_to_u=0.000000e+00, personal_generator_context_to_v=0.000000e+00
2026-04-11 03:11:55,829 - INFO - [assist_09|assist_09_abce_best_no_AE|lr=0.0003|drop=0.20] -> New best AUC=0.7965 at epoch 11
2026-04-11 03:12:26,795 - INFO - [assist_09|assist_09_abce_best_no_AE|lr=0.0003|drop=0.20] Epoch [012/100] | Train: Loss=0.4193, BCE=0.3646, Reg=0.0547, AUC=0.9229, ACC=0.8450, RMSE=0.3365 | Val: Loss=0.5610, BCE=0.5120, Reg=0.0490, AUC=0.7993, ACC=0.7504, RMSE=0.4115
2026-04-11 03:12:26,795 - INFO - [assist_09|assist_09_abce_best_no_AE|lr=0.0003|drop=0.20] [Reg Terms] Epoch [012] | Train: graph_entropy=0.000000, graph_diag=0.000000, graph_uniform=0.000000, graph_reg_scale=1.0000, mf_l2=0.000001, delta_ratio=0.027797, personal_sparse=0.000000, alpha_var=0.000000, alpha_collapse=0.000000, reg_bce_ratio=0.1500 | Val: graph_entropy=0.000000, graph_diag=0.000000, graph_uniform=0.000000, graph_reg_scale=1.0000, mf_l2=0.000001, delta_ratio=0.025389, personal_sparse=0.000000, alpha_var=0.000000, alpha_collapse=0.000000, reg_bce_ratio=0.0957
2026-04-11 03:12:26,951 - INFO - [assist_09|assist_09_abce_best_no_AE|lr=0.0003|drop=0.20] [Diag][M3] Epoch [012] | residual_abs_mean=0.4929, residual_std=0.3592, mf_abs_mean=0.4929, mf_std=0.3592, gate_mean=0.9943, gate_std=0.0196, q_interaction_abs_mean=0.2023, id_adapter_abs_mean=0.2768, bias_abs_mean=0.3604, B_q_share=0.4103, B_id_share=0.5615, B_bias_share=0.7311, student_q_norm=0.8831, student_id_adapter_norm=0.3005, item_q_norm=0.2980, item_id_adapter_norm=0.2144, irt_abs_mean=1.7712, irt_std=0.9803, delta_abs_mean=0.4916, delta_std=0.3596, delta_over_irt=0.2775, warmup(mf/personal)=1.00/1.00, graph_row_entropy=0.0000, graph_entropy_ratio=0.0000, alpha_mean=0.0000, alpha_std=0.0000, alpha_bias_std=0.0000, personal_row_entropy=0.0000, personal_matrix_delta=0.0000, personal_matrix_student_std=0.0000, personal_delta_pre_softmax_norm=0.0000, personal_delta_student_std=0.0000, alpha_head_std=0.0000
2026-04-11 03:12:26,952 - INFO - [assist_09|assist_09_abce_best_no_AE|lr=0.0003|drop=0.20] [Diag][Graph] Epoch [012] | entropy_ratio=0.0000, diag_mass=1.0000, to_uniform_l2=0.089800, to_identity_l2=0.000000, tau_mean=0.0000, tau_std=0.0000, graph_reg_scale(train/val)=1.0000/1.0000
2026-04-11 03:12:26,952 - WARNING - [assist_09|assist_09_abce_best_no_AE|lr=0.0003|drop=0.20] [Diag Warning][M3] gate_mean has stayed high for 10 epoch(s): gate_mean=0.9943, gate_std=0.0196
2026-04-11 03:12:26,952 - WARNING - [assist_09|assist_09_abce_best_no_AE|lr=0.0003|drop=0.20] [Diag Warning][M3] delta_over_irt has stayed high for 6 epoch(s): delta_over_irt=0.2775, delta_abs_mean=0.4916
2026-04-11 03:12:26,952 - WARNING - [assist_09|assist_09_abce_best_no_AE|lr=0.0003|drop=0.20] [Diag Warning][B] B_q_share is low: B_q_share=0.4103, B_id_share=0.5615, B_bias_share=0.7311
2026-04-11 03:12:26,952 - WARNING - [assist_09|assist_09_abce_best_no_AE|lr=0.0003|drop=0.20] [Diag Warning][B] B_id_share is high: B_id_share=0.5615, B_q_share=0.4103
2026-04-11 03:12:26,952 - INFO - [assist_09|assist_09_abce_best_no_AE|lr=0.0003|drop=0.20] [Grad Norms] Epoch [012] | mf_u_proj=0.009736, mf_v_proj=0.012812, b_id_student_proj=0.105531, b_id_item_proj=0.108842, b_bias_scale=0.001851, fusion_gate=0.000107, q_gate_raw=0.000004, skill_latent=0.246434, student_q_proj=0.023938, item_id_adapter=0.331437, relation_emb=0.000000e+00, relation_tau=0.000000e+00, relation_wq=0.000000e+00, relation_wk=0.000000e+00, personal_u=0.000000e+00, personal_v=0.000000e+00, personal_alpha_bias=0.000000e+00, personal_gate_emb=0.000000e+00, personal_gate_student_proj=0.000000e+00, personal_gate_context_proj=0.000000e+00, personal_gate_student_direct=0.000000e+00, personal_gate_context_direct=0.000000e+00, personal_gate_out=0.000000e+00, personal_generator_emb=0.000000e+00, personal_generator_context_proj=0.000000e+00, personal_generator_context_hidden=0.000000e+00, personal_generator_context_to_u=0.000000e+00, personal_generator_context_to_v=0.000000e+00
2026-04-11 03:12:27,362 - INFO - [assist_09|assist_09_abce_best_no_AE|lr=0.0003|drop=0.20] -> New best AUC=0.7993 at epoch 12
2026-04-11 03:12:59,070 - INFO - [assist_09|assist_09_abce_best_no_AE|lr=0.0003|drop=0.20] Epoch [013/100] | Train: Loss=0.4079, BCE=0.3486, Reg=0.0594, AUC=0.9318, ACC=0.8560, RMSE=0.3273 | Val: Loss=0.5645, BCE=0.5112, Reg=0.0533, AUC=0.8007, ACC=0.7529, RMSE=0.4107
2026-04-11 03:12:59,070 - INFO - [assist_09|assist_09_abce_best_no_AE|lr=0.0003|drop=0.20] [Reg Terms] Epoch [013] | Train: graph_entropy=0.000000, graph_diag=0.000000, graph_uniform=0.000000, graph_reg_scale=1.0000, mf_l2=0.000001, delta_ratio=0.030273, personal_sparse=0.000000, alpha_var=0.000000, alpha_collapse=0.000000, reg_bce_ratio=0.1703 | Val: graph_entropy=0.000000, graph_diag=0.000000, graph_uniform=0.000000, graph_reg_scale=1.0000, mf_l2=0.000001, delta_ratio=0.027468, personal_sparse=0.000000, alpha_var=0.000000, alpha_collapse=0.000000, reg_bce_ratio=0.1043
2026-04-11 03:12:59,226 - INFO - [assist_09|assist_09_abce_best_no_AE|lr=0.0003|drop=0.20] [Diag][M3] Epoch [013] | residual_abs_mean=0.5244, residual_std=0.3930, mf_abs_mean=0.5244, mf_std=0.3930, gate_mean=0.9942, gate_std=0.0236, q_interaction_abs_mean=0.2159, id_adapter_abs_mean=0.3170, bias_abs_mean=0.3838, B_q_share=0.4116, B_id_share=0.6044, B_bias_share=0.7318, student_q_norm=0.8829, student_id_adapter_norm=0.3130, item_q_norm=0.2978, item_id_adapter_norm=0.2226, irt_abs_mean=1.7745, irt_std=0.9919, delta_abs_mean=0.5234, delta_std=0.3935, delta_over_irt=0.2950, warmup(mf/personal)=1.00/1.00, graph_row_entropy=0.0000, graph_entropy_ratio=0.0000, alpha_mean=0.0000, alpha_std=0.0000, alpha_bias_std=0.0000, personal_row_entropy=0.0000, personal_matrix_delta=0.0000, personal_matrix_student_std=0.0000, personal_delta_pre_softmax_norm=0.0000, personal_delta_student_std=0.0000, alpha_head_std=0.0000
2026-04-11 03:12:59,226 - INFO - [assist_09|assist_09_abce_best_no_AE|lr=0.0003|drop=0.20] [Diag][Graph] Epoch [013] | entropy_ratio=0.0000, diag_mass=1.0000, to_uniform_l2=0.089800, to_identity_l2=0.000000, tau_mean=0.0000, tau_std=0.0000, graph_reg_scale(train/val)=1.0000/1.0000
2026-04-11 03:12:59,226 - WARNING - [assist_09|assist_09_abce_best_no_AE|lr=0.0003|drop=0.20] [Diag Warning][M3] gate_mean has stayed high for 11 epoch(s): gate_mean=0.9942, gate_std=0.0236
2026-04-11 03:12:59,226 - WARNING - [assist_09|assist_09_abce_best_no_AE|lr=0.0003|drop=0.20] [Diag Warning][M3] delta_over_irt has stayed high for 7 epoch(s): delta_over_irt=0.2950, delta_abs_mean=0.5234
2026-04-11 03:12:59,226 - WARNING - [assist_09|assist_09_abce_best_no_AE|lr=0.0003|drop=0.20] [Diag Warning][B] B_q_share is low: B_q_share=0.4116, B_id_share=0.6044, B_bias_share=0.7318
2026-04-11 03:12:59,227 - WARNING - [assist_09|assist_09_abce_best_no_AE|lr=0.0003|drop=0.20] [Diag Warning][B] B_id_share is high: B_id_share=0.6044, B_q_share=0.4116
2026-04-11 03:12:59,227 - INFO - [assist_09|assist_09_abce_best_no_AE|lr=0.0003|drop=0.20] [Grad Norms] Epoch [013] | mf_u_proj=0.011437, mf_v_proj=0.010134, b_id_student_proj=0.111208, b_id_item_proj=0.115691, b_bias_scale=0.001425, fusion_gate=0.000039, q_gate_raw=0.000008, skill_latent=0.233796, student_q_proj=0.030245, item_id_adapter=0.318390, relation_emb=0.000000e+00, relation_tau=0.000000e+00, relation_wq=0.000000e+00, relation_wk=0.000000e+00, personal_u=0.000000e+00, personal_v=0.000000e+00, personal_alpha_bias=0.000000e+00, personal_gate_emb=0.000000e+00, personal_gate_student_proj=0.000000e+00, personal_gate_context_proj=0.000000e+00, personal_gate_student_direct=0.000000e+00, personal_gate_context_direct=0.000000e+00, personal_gate_out=0.000000e+00, personal_generator_emb=0.000000e+00, personal_generator_context_proj=0.000000e+00, personal_generator_context_hidden=0.000000e+00, personal_generator_context_to_u=0.000000e+00, personal_generator_context_to_v=0.000000e+00
2026-04-11 03:12:59,621 - INFO - [assist_09|assist_09_abce_best_no_AE|lr=0.0003|drop=0.20] -> New best AUC=0.8007 at epoch 13
2026-04-11 03:13:31,653 - INFO - [assist_09|assist_09_abce_best_no_AE|lr=0.0003|drop=0.20] Epoch [014/100] | Train: Loss=0.3927, BCE=0.3289, Reg=0.0638, AUC=0.9433, ACC=0.8691, RMSE=0.3154 | Val: Loss=0.5664, BCE=0.5116, Reg=0.0548, AUC=0.8022, ACC=0.7539, RMSE=0.4104
2026-04-11 03:13:31,653 - INFO - [assist_09|assist_09_abce_best_no_AE|lr=0.0003|drop=0.20] [Reg Terms] Epoch [014] | Train: graph_entropy=0.000000, graph_diag=0.000000, graph_uniform=0.000000, graph_reg_scale=1.0000, mf_l2=0.000001, delta_ratio=0.032843, personal_sparse=0.000000, alpha_var=0.000000, alpha_collapse=0.000000, reg_bce_ratio=0.1940 | Val: graph_entropy=0.000000, graph_diag=0.000000, graph_uniform=0.000000, graph_reg_scale=1.0000, mf_l2=0.000001, delta_ratio=0.028249, personal_sparse=0.000000, alpha_var=0.000000, alpha_collapse=0.000000, reg_bce_ratio=0.1072
2026-04-11 03:13:31,792 - INFO - [assist_09|assist_09_abce_best_no_AE|lr=0.0003|drop=0.20] [Diag][M3] Epoch [014] | residual_abs_mean=0.5450, residual_std=0.4007, mf_abs_mean=0.5450, mf_std=0.4007, gate_mean=0.9952, gate_std=0.0175, q_interaction_abs_mean=0.2206, id_adapter_abs_mean=0.3395, bias_abs_mean=0.3985, B_q_share=0.4048, B_id_share=0.6230, B_bias_share=0.7313, student_q_norm=0.8632, student_id_adapter_norm=0.3150, item_q_norm=0.2968, item_id_adapter_norm=0.2228, irt_abs_mean=1.8083, irt_std=1.0133, delta_abs_mean=0.5441, delta_std=0.4012, delta_over_irt=0.3009, warmup(mf/personal)=1.00/1.00, graph_row_entropy=0.0000, graph_entropy_ratio=0.0000, alpha_mean=0.0000, alpha_std=0.0000, alpha_bias_std=0.0000, personal_row_entropy=0.0000, personal_matrix_delta=0.0000, personal_matrix_student_std=0.0000, personal_delta_pre_softmax_norm=0.0000, personal_delta_student_std=0.0000, alpha_head_std=0.0000
2026-04-11 03:13:31,792 - INFO - [assist_09|assist_09_abce_best_no_AE|lr=0.0003|drop=0.20] [Diag][Graph] Epoch [014] | entropy_ratio=0.0000, diag_mass=1.0000, to_uniform_l2=0.089800, to_identity_l2=0.000000, tau_mean=0.0000, tau_std=0.0000, graph_reg_scale(train/val)=1.0000/1.0000
2026-04-11 03:13:31,792 - WARNING - [assist_09|assist_09_abce_best_no_AE|lr=0.0003|drop=0.20] [Diag Warning][M3] gate_mean has stayed high for 12 epoch(s): gate_mean=0.9952, gate_std=0.0175
2026-04-11 03:13:31,792 - WARNING - [assist_09|assist_09_abce_best_no_AE|lr=0.0003|drop=0.20] [Diag Warning][M3] delta_over_irt has stayed high for 8 epoch(s): delta_over_irt=0.3009, delta_abs_mean=0.5441
2026-04-11 03:13:31,792 - WARNING - [assist_09|assist_09_abce_best_no_AE|lr=0.0003|drop=0.20] [Diag Warning][B] B_q_share is low: B_q_share=0.4048, B_id_share=0.6230, B_bias_share=0.7313
2026-04-11 03:13:31,792 - WARNING - [assist_09|assist_09_abce_best_no_AE|lr=0.0003|drop=0.20] [Diag Warning][B] B_id_share is high: B_id_share=0.6230, B_q_share=0.4048
2026-04-11 03:13:31,792 - INFO - [assist_09|assist_09_abce_best_no_AE|lr=0.0003|drop=0.20] [Grad Norms] Epoch [014] | mf_u_proj=0.010281, mf_v_proj=0.012650, b_id_student_proj=0.110366, b_id_item_proj=0.110236, b_bias_scale=0.002564, fusion_gate=0.000028, q_gate_raw=0.000003, skill_latent=0.250160, student_q_proj=0.026013, item_id_adapter=0.291918, relation_emb=0.000000e+00, relation_tau=0.000000e+00, relation_wq=0.000000e+00, relation_wk=0.000000e+00, personal_u=0.000000e+00, personal_v=0.000000e+00, personal_alpha_bias=0.000000e+00, personal_gate_emb=0.000000e+00, personal_gate_student_proj=0.000000e+00, personal_gate_context_proj=0.000000e+00, personal_gate_student_direct=0.000000e+00, personal_gate_context_direct=0.000000e+00, personal_gate_out=0.000000e+00, personal_generator_emb=0.000000e+00, personal_generator_context_proj=0.000000e+00, personal_generator_context_hidden=0.000000e+00, personal_generator_context_to_u=0.000000e+00, personal_generator_context_to_v=0.000000e+00
2026-04-11 03:13:32,188 - INFO - [assist_09|assist_09_abce_best_no_AE|lr=0.0003|drop=0.20] -> New best AUC=0.8022 at epoch 14
2026-04-11 03:14:04,109 - INFO - [assist_09|assist_09_abce_best_no_AE|lr=0.0003|drop=0.20] Epoch [015/100] | Train: Loss=0.3855, BCE=0.3197, Reg=0.0657, AUC=0.9476, ACC=0.8757, RMSE=0.3098 | Val: Loss=0.5682, BCE=0.5116, Reg=0.0565, AUC=0.8031, ACC=0.7545, RMSE=0.4100
2026-04-11 03:14:04,109 - INFO - [assist_09|assist_09_abce_best_no_AE|lr=0.0003|drop=0.20] [Reg Terms] Epoch [015] | Train: graph_entropy=0.000000, graph_diag=0.000000, graph_uniform=0.000000, graph_reg_scale=1.0000, mf_l2=0.000001, delta_ratio=0.034083, personal_sparse=0.000000, alpha_var=0.000000, alpha_collapse=0.000000, reg_bce_ratio=0.2056 | Val: graph_entropy=0.000000, graph_diag=0.000000, graph_uniform=0.000000, graph_reg_scale=1.0000, mf_l2=0.000001, delta_ratio=0.029065, personal_sparse=0.000000, alpha_var=0.000000, alpha_collapse=0.000000, reg_bce_ratio=0.1105
2026-04-11 03:14:04,295 - INFO - [assist_09|assist_09_abce_best_no_AE|lr=0.0003|drop=0.20] [Diag][M3] Epoch [015] | residual_abs_mean=0.5843, residual_std=0.4032, mf_abs_mean=0.5843, mf_std=0.4032, gate_mean=0.9959, gate_std=0.0153, q_interaction_abs_mean=0.2219, id_adapter_abs_mean=0.3614, bias_abs_mean=0.4111, B_q_share=0.3798, B_id_share=0.6186, B_bias_share=0.7036, student_q_norm=0.8576, student_id_adapter_norm=0.3165, item_q_norm=0.2951, item_id_adapter_norm=0.2228, irt_abs_mean=1.8302, irt_std=1.0276, delta_abs_mean=0.5835, delta_std=0.4037, delta_over_irt=0.3188, warmup(mf/personal)=1.00/1.00, graph_row_entropy=0.0000, graph_entropy_ratio=0.0000, alpha_mean=0.0000, alpha_std=0.0000, alpha_bias_std=0.0000, personal_row_entropy=0.0000, personal_matrix_delta=0.0000, personal_matrix_student_std=0.0000, personal_delta_pre_softmax_norm=0.0000, personal_delta_student_std=0.0000, alpha_head_std=0.0000
2026-04-11 03:14:04,295 - INFO - [assist_09|assist_09_abce_best_no_AE|lr=0.0003|drop=0.20] [Diag][Graph] Epoch [015] | entropy_ratio=0.0000, diag_mass=1.0000, to_uniform_l2=0.089800, to_identity_l2=0.000000, tau_mean=0.0000, tau_std=0.0000, graph_reg_scale(train/val)=1.0000/1.0000
2026-04-11 03:14:04,295 - WARNING - [assist_09|assist_09_abce_best_no_AE|lr=0.0003|drop=0.20] [Diag Warning][M3] gate_mean has stayed high for 13 epoch(s): gate_mean=0.9959, gate_std=0.0153
2026-04-11 03:14:04,295 - WARNING - [assist_09|assist_09_abce_best_no_AE|lr=0.0003|drop=0.20] [Diag Warning][M3] delta_over_irt has stayed high for 9 epoch(s): delta_over_irt=0.3188, delta_abs_mean=0.5835
2026-04-11 03:14:04,295 - WARNING - [assist_09|assist_09_abce_best_no_AE|lr=0.0003|drop=0.20] [Diag Warning][B] B_q_share is low: B_q_share=0.3798, B_id_share=0.6186, B_bias_share=0.7036
2026-04-11 03:14:04,295 - WARNING - [assist_09|assist_09_abce_best_no_AE|lr=0.0003|drop=0.20] [Diag Warning][B] B_id_share is high: B_id_share=0.6186, B_q_share=0.3798
2026-04-11 03:14:04,295 - INFO - [assist_09|assist_09_abce_best_no_AE|lr=0.0003|drop=0.20] [Grad Norms] Epoch [015] | mf_u_proj=0.014502, mf_v_proj=0.015415, b_id_student_proj=0.150374, b_id_item_proj=0.150540, b_bias_scale=0.003521, fusion_gate=0.000057, q_gate_raw=0.000004, skill_latent=0.328842, student_q_proj=0.029716, item_id_adapter=0.394658, relation_emb=0.000000e+00, relation_tau=0.000000e+00, relation_wq=0.000000e+00, relation_wk=0.000000e+00, personal_u=0.000000e+00, personal_v=0.000000e+00, personal_alpha_bias=0.000000e+00, personal_gate_emb=0.000000e+00, personal_gate_student_proj=0.000000e+00, personal_gate_context_proj=0.000000e+00, personal_gate_student_direct=0.000000e+00, personal_gate_context_direct=0.000000e+00, personal_gate_out=0.000000e+00, personal_generator_emb=0.000000e+00, personal_generator_context_proj=0.000000e+00, personal_generator_context_hidden=0.000000e+00, personal_generator_context_to_u=0.000000e+00, personal_generator_context_to_v=0.000000e+00
2026-04-11 03:14:04,699 - INFO - [assist_09|assist_09_abce_best_no_AE|lr=0.0003|drop=0.20] -> New best AUC=0.8031 at epoch 15
2026-04-11 03:14:36,902 - INFO - [assist_09|assist_09_abce_best_no_AE|lr=0.0003|drop=0.20] Epoch [016/100] | Train: Loss=0.3801, BCE=0.3128, Reg=0.0674, AUC=0.9507, ACC=0.8789, RMSE=0.3057 | Val: Loss=0.5701, BCE=0.5119, Reg=0.0582, AUC=0.8041, ACC=0.7537, RMSE=0.4097
2026-04-11 03:14:36,902 - INFO - [assist_09|assist_09_abce_best_no_AE|lr=0.0003|drop=0.20] [Reg Terms] Epoch [016] | Train: graph_entropy=0.000000, graph_diag=0.000000, graph_uniform=0.000000, graph_reg_scale=1.0000, mf_l2=0.000001, delta_ratio=0.035101, personal_sparse=0.000000, alpha_var=0.000000, alpha_collapse=0.000000, reg_bce_ratio=0.2153 | Val: graph_entropy=0.000000, graph_diag=0.000000, graph_uniform=0.000000, graph_reg_scale=1.0000, mf_l2=0.000001, delta_ratio=0.030060, personal_sparse=0.000000, alpha_var=0.000000, alpha_collapse=0.000000, reg_bce_ratio=0.1138
2026-04-11 03:14:37,044 - INFO - [assist_09|assist_09_abce_best_no_AE|lr=0.0003|drop=0.20] [Diag][M3] Epoch [016] | residual_abs_mean=0.5944, residual_std=0.4153, mf_abs_mean=0.5944, mf_std=0.4153, gate_mean=0.9961, gate_std=0.0151, q_interaction_abs_mean=0.2319, id_adapter_abs_mean=0.3814, bias_abs_mean=0.4261, B_q_share=0.3902, B_id_share=0.6417, B_bias_share=0.7168, student_q_norm=0.8347, student_id_adapter_norm=0.3187, item_q_norm=0.2938, item_id_adapter_norm=0.2231, irt_abs_mean=1.8447, irt_std=1.0414, delta_abs_mean=0.5937, delta_std=0.4159, delta_over_irt=0.3218, warmup(mf/personal)=1.00/1.00, graph_row_entropy=0.0000, graph_entropy_ratio=0.0000, alpha_mean=0.0000, alpha_std=0.0000, alpha_bias_std=0.0000, personal_row_entropy=0.0000, personal_matrix_delta=0.0000, personal_matrix_student_std=0.0000, personal_delta_pre_softmax_norm=0.0000, personal_delta_student_std=0.0000, alpha_head_std=0.0000
2026-04-11 03:14:37,045 - INFO - [assist_09|assist_09_abce_best_no_AE|lr=0.0003|drop=0.20] [Diag][Graph] Epoch [016] | entropy_ratio=0.0000, diag_mass=1.0000, to_uniform_l2=0.089800, to_identity_l2=0.000000, tau_mean=0.0000, tau_std=0.0000, graph_reg_scale(train/val)=1.0000/1.0000
2026-04-11 03:14:37,045 - WARNING - [assist_09|assist_09_abce_best_no_AE|lr=0.0003|drop=0.20] [Diag Warning][M3] gate_mean has stayed high for 14 epoch(s): gate_mean=0.9961, gate_std=0.0151
2026-04-11 03:14:37,045 - WARNING - [assist_09|assist_09_abce_best_no_AE|lr=0.0003|drop=0.20] [Diag Warning][M3] delta_over_irt has stayed high for 10 epoch(s): delta_over_irt=0.3218, delta_abs_mean=0.5937
2026-04-11 03:14:37,045 - WARNING - [assist_09|assist_09_abce_best_no_AE|lr=0.0003|drop=0.20] [Diag Warning][B] B_q_share is low: B_q_share=0.3902, B_id_share=0.6417, B_bias_share=0.7168
2026-04-11 03:14:37,045 - WARNING - [assist_09|assist_09_abce_best_no_AE|lr=0.0003|drop=0.20] [Diag Warning][B] B_id_share is high: B_id_share=0.6417, B_q_share=0.3902
2026-04-11 03:14:37,045 - INFO - [assist_09|assist_09_abce_best_no_AE|lr=0.0003|drop=0.20] [Grad Norms] Epoch [016] | mf_u_proj=0.011764, mf_v_proj=0.012485, b_id_student_proj=0.097419, b_id_item_proj=0.098033, b_bias_scale=0.001344, fusion_gate=0.000039, q_gate_raw=0.000002, skill_latent=0.201913, student_q_proj=0.022984, item_id_adapter=0.258716, relation_emb=0.000000e+00, relation_tau=0.000000e+00, relation_wq=0.000000e+00, relation_wk=0.000000e+00, personal_u=0.000000e+00, personal_v=0.000000e+00, personal_alpha_bias=0.000000e+00, personal_gate_emb=0.000000e+00, personal_gate_student_proj=0.000000e+00, personal_gate_context_proj=0.000000e+00, personal_gate_student_direct=0.000000e+00, personal_gate_context_direct=0.000000e+00, personal_gate_out=0.000000e+00, personal_generator_emb=0.000000e+00, personal_generator_context_proj=0.000000e+00, personal_generator_context_hidden=0.000000e+00, personal_generator_context_to_u=0.000000e+00, personal_generator_context_to_v=0.000000e+00
2026-04-11 03:14:37,436 - INFO - [assist_09|assist_09_abce_best_no_AE|lr=0.0003|drop=0.20] -> New best AUC=0.8041 at epoch 16
2026-04-11 03:15:06,831 - INFO - [assist_09|assist_09_abce_best_no_AE|lr=0.0003|drop=0.20] Epoch [017/100] | Train: Loss=0.3752, BCE=0.3060, Reg=0.0693, AUC=0.9537, ACC=0.8836, RMSE=0.3015 | Val: Loss=0.5721, BCE=0.5119, Reg=0.0602, AUC=0.8043, ACC=0.7541, RMSE=0.4095
2026-04-11 03:15:06,832 - INFO - [assist_09|assist_09_abce_best_no_AE|lr=0.0003|drop=0.20] [Reg Terms] Epoch [017] | Train: graph_entropy=0.000000, graph_diag=0.000000, graph_uniform=0.000000, graph_reg_scale=1.0000, mf_l2=0.000001, delta_ratio=0.036243, personal_sparse=0.000000, alpha_var=0.000000, alpha_collapse=0.000000, reg_bce_ratio=0.2264 | Val: graph_entropy=0.000000, graph_diag=0.000000, graph_uniform=0.000000, graph_reg_scale=1.0000, mf_l2=0.000001, delta_ratio=0.031089, personal_sparse=0.000000, alpha_var=0.000000, alpha_collapse=0.000000, reg_bce_ratio=0.1177
2026-04-11 03:15:06,966 - INFO - [assist_09|assist_09_abce_best_no_AE|lr=0.0003|drop=0.20] [Diag][M3] Epoch [017] | residual_abs_mean=0.6216, residual_std=0.4118, mf_abs_mean=0.6216, mf_std=0.4118, gate_mean=0.9969, gate_std=0.0106, q_interaction_abs_mean=0.2353, id_adapter_abs_mean=0.4089, bias_abs_mean=0.4384, B_q_share=0.3786, B_id_share=0.6579, B_bias_share=0.7053, student_q_norm=0.8409, student_id_adapter_norm=0.3206, item_q_norm=0.2919, item_id_adapter_norm=0.2235, irt_abs_mean=1.8261, irt_std=1.0486, delta_abs_mean=0.6208, delta_std=0.4123, delta_over_irt=0.3399, warmup(mf/personal)=1.00/1.00, graph_row_entropy=0.0000, graph_entropy_ratio=0.0000, alpha_mean=0.0000, alpha_std=0.0000, alpha_bias_std=0.0000, personal_row_entropy=0.0000, personal_matrix_delta=0.0000, personal_matrix_student_std=0.0000, personal_delta_pre_softmax_norm=0.0000, personal_delta_student_std=0.0000, alpha_head_std=0.0000
2026-04-11 03:15:06,966 - INFO - [assist_09|assist_09_abce_best_no_AE|lr=0.0003|drop=0.20] [Diag][Graph] Epoch [017] | entropy_ratio=0.0000, diag_mass=1.0000, to_uniform_l2=0.089800, to_identity_l2=0.000000, tau_mean=0.0000, tau_std=0.0000, graph_reg_scale(train/val)=1.0000/1.0000
2026-04-11 03:15:06,966 - WARNING - [assist_09|assist_09_abce_best_no_AE|lr=0.0003|drop=0.20] [Diag Warning][M3] gate_mean has stayed high for 15 epoch(s): gate_mean=0.9969, gate_std=0.0106
2026-04-11 03:15:06,966 - WARNING - [assist_09|assist_09_abce_best_no_AE|lr=0.0003|drop=0.20] [Diag Warning][M3] delta_over_irt has stayed high for 11 epoch(s): delta_over_irt=0.3399, delta_abs_mean=0.6208
2026-04-11 03:15:06,966 - WARNING - [assist_09|assist_09_abce_best_no_AE|lr=0.0003|drop=0.20] [Diag Warning][B] B_q_share is low: B_q_share=0.3786, B_id_share=0.6579, B_bias_share=0.7053
2026-04-11 03:15:06,966 - WARNING - [assist_09|assist_09_abce_best_no_AE|lr=0.0003|drop=0.20] [Diag Warning][B] B_id_share is high: B_id_share=0.6579, B_q_share=0.3786
2026-04-11 03:15:06,966 - INFO - [assist_09|assist_09_abce_best_no_AE|lr=0.0003|drop=0.20] [Grad Norms] Epoch [017] | mf_u_proj=0.012193, mf_v_proj=0.017623, b_id_student_proj=0.153646, b_id_item_proj=0.158193, b_bias_scale=0.002287, fusion_gate=0.000076, q_gate_raw=0.000001, skill_latent=0.328813, student_q_proj=0.032549, item_id_adapter=0.389996, relation_emb=0.000000e+00, relation_tau=0.000000e+00, relation_wq=0.000000e+00, relation_wk=0.000000e+00, personal_u=0.000000e+00, personal_v=0.000000e+00, personal_alpha_bias=0.000000e+00, personal_gate_emb=0.000000e+00, personal_gate_student_proj=0.000000e+00, personal_gate_context_proj=0.000000e+00, personal_gate_student_direct=0.000000e+00, personal_gate_context_direct=0.000000e+00, personal_gate_out=0.000000e+00, personal_generator_emb=0.000000e+00, personal_generator_context_proj=0.000000e+00, personal_generator_context_hidden=0.000000e+00, personal_generator_context_to_u=0.000000e+00, personal_generator_context_to_v=0.000000e+00
2026-04-11 03:15:07,468 - INFO - [assist_09|assist_09_abce_best_no_AE|lr=0.0003|drop=0.20] -> New best AUC=0.8043 at epoch 17
2026-04-11 03:15:38,666 - INFO - [assist_09|assist_09_abce_best_no_AE|lr=0.0003|drop=0.20] Epoch [018/100] | Train: Loss=0.3718, BCE=0.3006, Reg=0.0712, AUC=0.9557, ACC=0.8865, RMSE=0.2983 | Val: Loss=0.5751, BCE=0.5132, Reg=0.0619, AUC=0.8044, ACC=0.7557, RMSE=0.4097
2026-04-11 03:15:38,666 - INFO - [assist_09|assist_09_abce_best_no_AE|lr=0.0003|drop=0.20] [Reg Terms] Epoch [018] | Train: graph_entropy=0.000000, graph_diag=0.000000, graph_uniform=0.000000, graph_reg_scale=1.0000, mf_l2=0.000001, delta_ratio=0.037447, personal_sparse=0.000000, alpha_var=0.000000, alpha_collapse=0.000000, reg_bce_ratio=0.2369 | Val: graph_entropy=0.000000, graph_diag=0.000000, graph_uniform=0.000000, graph_reg_scale=1.0000, mf_l2=0.000001, delta_ratio=0.032140, personal_sparse=0.000000, alpha_var=0.000000, alpha_collapse=0.000000, reg_bce_ratio=0.1207
2026-04-11 03:15:38,795 - INFO - [assist_09|assist_09_abce_best_no_AE|lr=0.0003|drop=0.20] [Diag][M3] Epoch [018] | residual_abs_mean=0.6180, residual_std=0.4384, mf_abs_mean=0.6180, mf_std=0.4384, gate_mean=0.9973, gate_std=0.0087, q_interaction_abs_mean=0.2411, id_adapter_abs_mean=0.4217, bias_abs_mean=0.4557, B_q_share=0.3901, B_id_share=0.6824, B_bias_share=0.7373, student_q_norm=0.8189, student_id_adapter_norm=0.3227, item_q_norm=0.2902, item_id_adapter_norm=0.2237, irt_abs_mean=1.8456, irt_std=1.0506, delta_abs_mean=0.6172, delta_std=0.4388, delta_over_irt=0.3344, warmup(mf/personal)=1.00/1.00, graph_row_entropy=0.0000, graph_entropy_ratio=0.0000, alpha_mean=0.0000, alpha_std=0.0000, alpha_bias_std=0.0000, personal_row_entropy=0.0000, personal_matrix_delta=0.0000, personal_matrix_student_std=0.0000, personal_delta_pre_softmax_norm=0.0000, personal_delta_student_std=0.0000, alpha_head_std=0.0000
2026-04-11 03:15:38,796 - INFO - [assist_09|assist_09_abce_best_no_AE|lr=0.0003|drop=0.20] [Diag][Graph] Epoch [018] | entropy_ratio=0.0000, diag_mass=1.0000, to_uniform_l2=0.089800, to_identity_l2=0.000000, tau_mean=0.0000, tau_std=0.0000, graph_reg_scale(train/val)=1.0000/1.0000
2026-04-11 03:15:38,796 - WARNING - [assist_09|assist_09_abce_best_no_AE|lr=0.0003|drop=0.20] [Diag Warning][M3] gate_mean has stayed high for 16 epoch(s): gate_mean=0.9973, gate_std=0.0087
2026-04-11 03:15:38,796 - WARNING - [assist_09|assist_09_abce_best_no_AE|lr=0.0003|drop=0.20] [Diag Warning][M3] delta_over_irt has stayed high for 12 epoch(s): delta_over_irt=0.3344, delta_abs_mean=0.6172
2026-04-11 03:15:38,796 - WARNING - [assist_09|assist_09_abce_best_no_AE|lr=0.0003|drop=0.20] [Diag Warning][B] B_q_share is low: B_q_share=0.3901, B_id_share=0.6824, B_bias_share=0.7373
2026-04-11 03:15:38,796 - WARNING - [assist_09|assist_09_abce_best_no_AE|lr=0.0003|drop=0.20] [Diag Warning][B] B_id_share is high: B_id_share=0.6824, B_q_share=0.3901
2026-04-11 03:15:38,796 - INFO - [assist_09|assist_09_abce_best_no_AE|lr=0.0003|drop=0.20] [Grad Norms] Epoch [018] | mf_u_proj=0.011698, mf_v_proj=0.011368, b_id_student_proj=0.112292, b_id_item_proj=0.116301, b_bias_scale=0.004549, fusion_gate=0.000019, q_gate_raw=0.000001, skill_latent=0.232644, student_q_proj=0.026876, item_id_adapter=0.303668, relation_emb=0.000000e+00, relation_tau=0.000000e+00, relation_wq=0.000000e+00, relation_wk=0.000000e+00, personal_u=0.000000e+00, personal_v=0.000000e+00, personal_alpha_bias=0.000000e+00, personal_gate_emb=0.000000e+00, personal_gate_student_proj=0.000000e+00, personal_gate_context_proj=0.000000e+00, personal_gate_student_direct=0.000000e+00, personal_gate_context_direct=0.000000e+00, personal_gate_out=0.000000e+00, personal_generator_emb=0.000000e+00, personal_generator_context_proj=0.000000e+00, personal_generator_context_hidden=0.000000e+00, personal_generator_context_to_u=0.000000e+00, personal_generator_context_to_v=0.000000e+00
2026-04-11 03:15:39,184 - INFO - [assist_09|assist_09_abce_best_no_AE|lr=0.0003|drop=0.20] -> New best AUC=0.8044 at epoch 18
2026-04-11 03:16:10,615 - INFO - [assist_09|assist_09_abce_best_no_AE|lr=0.0003|drop=0.20] Epoch [019/100] | Train: Loss=0.3677, BCE=0.2950, Reg=0.0728, AUC=0.9578, ACC=0.8900, RMSE=0.2949 | Val: Loss=0.5770, BCE=0.5134, Reg=0.0635, AUC=0.8047, ACC=0.7564, RMSE=0.4094
2026-04-11 03:16:10,615 - INFO - [assist_09|assist_09_abce_best_no_AE|lr=0.0003|drop=0.20] [Reg Terms] Epoch [019] | Train: graph_entropy=0.000000, graph_diag=0.000000, graph_uniform=0.000000, graph_reg_scale=1.0000, mf_l2=0.000001, delta_ratio=0.038300, personal_sparse=0.000000, alpha_var=0.000000, alpha_collapse=0.000000, reg_bce_ratio=0.2466 | Val: graph_entropy=0.000000, graph_diag=0.000000, graph_uniform=0.000000, graph_reg_scale=1.0000, mf_l2=0.000001, delta_ratio=0.032805, personal_sparse=0.000000, alpha_var=0.000000, alpha_collapse=0.000000, reg_bce_ratio=0.1237
2026-04-11 03:16:10,747 - INFO - [assist_09|assist_09_abce_best_no_AE|lr=0.0003|drop=0.20] [Diag][M3] Epoch [019] | residual_abs_mean=0.6273, residual_std=0.4593, mf_abs_mean=0.6273, mf_std=0.4593, gate_mean=0.9973, gate_std=0.0088, q_interaction_abs_mean=0.2482, id_adapter_abs_mean=0.4364, bias_abs_mean=0.4700, B_q_share=0.3957, B_id_share=0.6957, B_bias_share=0.7492, student_q_norm=0.8354, student_id_adapter_norm=0.3247, item_q_norm=0.2882, item_id_adapter_norm=0.2241, irt_abs_mean=1.8574, irt_std=1.0627, delta_abs_mean=0.6267, delta_std=0.4596, delta_over_irt=0.3374, warmup(mf/personal)=1.00/1.00, graph_row_entropy=0.0000, graph_entropy_ratio=0.0000, alpha_mean=0.0000, alpha_std=0.0000, alpha_bias_std=0.0000, personal_row_entropy=0.0000, personal_matrix_delta=0.0000, personal_matrix_student_std=0.0000, personal_delta_pre_softmax_norm=0.0000, personal_delta_student_std=0.0000, alpha_head_std=0.0000
2026-04-11 03:16:10,748 - INFO - [assist_09|assist_09_abce_best_no_AE|lr=0.0003|drop=0.20] [Diag][Graph] Epoch [019] | entropy_ratio=0.0000, diag_mass=1.0000, to_uniform_l2=0.089800, to_identity_l2=0.000000, tau_mean=0.0000, tau_std=0.0000, graph_reg_scale(train/val)=1.0000/1.0000
2026-04-11 03:16:10,748 - WARNING - [assist_09|assist_09_abce_best_no_AE|lr=0.0003|drop=0.20] [Diag Warning][M3] gate_mean has stayed high for 17 epoch(s): gate_mean=0.9973, gate_std=0.0088
2026-04-11 03:16:10,748 - WARNING - [assist_09|assist_09_abce_best_no_AE|lr=0.0003|drop=0.20] [Diag Warning][M3] delta_over_irt has stayed high for 13 epoch(s): delta_over_irt=0.3374, delta_abs_mean=0.6267
2026-04-11 03:16:10,748 - WARNING - [assist_09|assist_09_abce_best_no_AE|lr=0.0003|drop=0.20] [Diag Warning][B] B_q_share is low: B_q_share=0.3957, B_id_share=0.6957, B_bias_share=0.7492
2026-04-11 03:16:10,748 - WARNING - [assist_09|assist_09_abce_best_no_AE|lr=0.0003|drop=0.20] [Diag Warning][B] B_id_share is high: B_id_share=0.6957, B_q_share=0.3957
2026-04-11 03:16:10,748 - INFO - [assist_09|assist_09_abce_best_no_AE|lr=0.0003|drop=0.20] [Grad Norms] Epoch [019] | mf_u_proj=0.010798, mf_v_proj=0.011978, b_id_student_proj=0.107805, b_id_item_proj=0.114930, b_bias_scale=0.002946, fusion_gate=0.000063, q_gate_raw=0.000018, skill_latent=0.226469, student_q_proj=0.024615, item_id_adapter=0.316014, relation_emb=0.000000e+00, relation_tau=0.000000e+00, relation_wq=0.000000e+00, relation_wk=0.000000e+00, personal_u=0.000000e+00, personal_v=0.000000e+00, personal_alpha_bias=0.000000e+00, personal_gate_emb=0.000000e+00, personal_gate_student_proj=0.000000e+00, personal_gate_context_proj=0.000000e+00, personal_gate_student_direct=0.000000e+00, personal_gate_context_direct=0.000000e+00, personal_gate_out=0.000000e+00, personal_generator_emb=0.000000e+00, personal_generator_context_proj=0.000000e+00, personal_generator_context_hidden=0.000000e+00, personal_generator_context_to_u=0.000000e+00, personal_generator_context_to_v=0.000000e+00
2026-04-11 03:16:11,215 - INFO - [assist_09|assist_09_abce_best_no_AE|lr=0.0003|drop=0.20] -> New best AUC=0.8047 at epoch 19
2026-04-11 03:16:42,291 - INFO - [assist_09|assist_09_abce_best_no_AE|lr=0.0003|drop=0.20] Epoch [020/100] | Train: Loss=0.3621, BCE=0.2877, Reg=0.0744, AUC=0.9606, ACC=0.8944, RMSE=0.2901 | Val: Loss=0.5782, BCE=0.5140, Reg=0.0642, AUC=0.8054, ACC=0.7571, RMSE=0.4093
2026-04-11 03:16:42,292 - INFO - [assist_09|assist_09_abce_best_no_AE|lr=0.0003|drop=0.20] [Reg Terms] Epoch [020] | Train: graph_entropy=0.000000, graph_diag=0.000000, graph_uniform=0.000000, graph_reg_scale=1.0000, mf_l2=0.000001, delta_ratio=0.039443, personal_sparse=0.000000, alpha_var=0.000000, alpha_collapse=0.000000, reg_bce_ratio=0.2585 | Val: graph_entropy=0.000000, graph_diag=0.000000, graph_uniform=0.000000, graph_reg_scale=1.0000, mf_l2=0.000001, delta_ratio=0.033390, personal_sparse=0.000000, alpha_var=0.000000, alpha_collapse=0.000000, reg_bce_ratio=0.1249
2026-04-11 03:16:42,495 - INFO - [assist_09|assist_09_abce_best_no_AE|lr=0.0003|drop=0.20] [Diag][M3] Epoch [020] | residual_abs_mean=0.6412, residual_std=0.4604, mf_abs_mean=0.6412, mf_std=0.4604, gate_mean=0.9973, gate_std=0.0093, q_interaction_abs_mean=0.2551, id_adapter_abs_mean=0.4406, bias_abs_mean=0.4776, B_q_share=0.3978, B_id_share=0.6872, B_bias_share=0.7449, student_q_norm=0.7955, student_id_adapter_norm=0.3249, item_q_norm=0.2870, item_id_adapter_norm=0.2234, irt_abs_mean=1.8655, irt_std=1.0680, delta_abs_mean=0.6406, delta_std=0.4607, delta_over_irt=0.3434, warmup(mf/personal)=1.00/1.00, graph_row_entropy=0.0000, graph_entropy_ratio=0.0000, alpha_mean=0.0000, alpha_std=0.0000, alpha_bias_std=0.0000, personal_row_entropy=0.0000, personal_matrix_delta=0.0000, personal_matrix_student_std=0.0000, personal_delta_pre_softmax_norm=0.0000, personal_delta_student_std=0.0000, alpha_head_std=0.0000
2026-04-11 03:16:42,496 - INFO - [assist_09|assist_09_abce_best_no_AE|lr=0.0003|drop=0.20] [Diag][Graph] Epoch [020] | entropy_ratio=0.0000, diag_mass=1.0000, to_uniform_l2=0.089800, to_identity_l2=0.000000, tau_mean=0.0000, tau_std=0.0000, graph_reg_scale(train/val)=1.0000/1.0000
2026-04-11 03:16:42,496 - WARNING - [assist_09|assist_09_abce_best_no_AE|lr=0.0003|drop=0.20] [Diag Warning][M3] gate_mean has stayed high for 18 epoch(s): gate_mean=0.9973, gate_std=0.0093
2026-04-11 03:16:42,496 - WARNING - [assist_09|assist_09_abce_best_no_AE|lr=0.0003|drop=0.20] [Diag Warning][M3] delta_over_irt has stayed high for 14 epoch(s): delta_over_irt=0.3434, delta_abs_mean=0.6406
2026-04-11 03:16:42,496 - WARNING - [assist_09|assist_09_abce_best_no_AE|lr=0.0003|drop=0.20] [Diag Warning][B] B_q_share is low: B_q_share=0.3978, B_id_share=0.6872, B_bias_share=0.7449
2026-04-11 03:16:42,496 - WARNING - [assist_09|assist_09_abce_best_no_AE|lr=0.0003|drop=0.20] [Diag Warning][B] B_id_share is high: B_id_share=0.6872, B_q_share=0.3978
2026-04-11 03:16:42,496 - INFO - [assist_09|assist_09_abce_best_no_AE|lr=0.0003|drop=0.20] [Grad Norms] Epoch [020] | mf_u_proj=0.014335, mf_v_proj=0.014544, b_id_student_proj=0.155254, b_id_item_proj=0.156083, b_bias_scale=0.001735, fusion_gate=0.000012, q_gate_raw=0.000009, skill_latent=0.383449, student_q_proj=0.034584, item_id_adapter=0.406492, relation_emb=0.000000e+00, relation_tau=0.000000e+00, relation_wq=0.000000e+00, relation_wk=0.000000e+00, personal_u=0.000000e+00, personal_v=0.000000e+00, personal_alpha_bias=0.000000e+00, personal_gate_emb=0.000000e+00, personal_gate_student_proj=0.000000e+00, personal_gate_context_proj=0.000000e+00, personal_gate_student_direct=0.000000e+00, personal_gate_context_direct=0.000000e+00, personal_gate_out=0.000000e+00, personal_generator_emb=0.000000e+00, personal_generator_context_proj=0.000000e+00, personal_generator_context_hidden=0.000000e+00, personal_generator_context_to_u=0.000000e+00, personal_generator_context_to_v=0.000000e+00
2026-04-11 03:16:42,962 - INFO - [assist_09|assist_09_abce_best_no_AE|lr=0.0003|drop=0.20] -> New best AUC=0.8054 at epoch 20
2026-04-11 03:16:43,044 - INFO - [assist_09|assist_09_abce_best_no_AE|lr=0.0003|drop=0.20] Checkpoint saved: checkpoints/abce_diag/20260411_master_best_ae/assist_09/seed42/best_no_AE/checkpoint_epoch_20.pth
2026-04-11 03:16:43,246 - INFO - [assist_09|assist_09_abce_best_no_AE|lr=0.0003|drop=0.20] [Module Activity] Epoch 20: MF[OK]
2026-04-11 03:17:13,865 - INFO - [assist_09|assist_09_abce_best_no_AE|lr=0.0003|drop=0.20] Epoch [021/100] | Train: Loss=0.3599, BCE=0.2847, Reg=0.0751, AUC=0.9618, ACC=0.8967, RMSE=0.2883 | Val: Loss=0.5794, BCE=0.5145, Reg=0.0649, AUC=0.8053, ACC=0.7574, RMSE=0.4093
2026-04-11 03:17:13,866 - INFO - [assist_09|assist_09_abce_best_no_AE|lr=0.0003|drop=0.20] [Reg Terms] Epoch [021] | Train: graph_entropy=0.000000, graph_diag=0.000000, graph_uniform=0.000000, graph_reg_scale=1.0000, mf_l2=0.000001, delta_ratio=0.039979, personal_sparse=0.000000, alpha_var=0.000000, alpha_collapse=0.000000, reg_bce_ratio=0.2638 | Val: graph_entropy=0.000000, graph_diag=0.000000, graph_uniform=0.000000, graph_reg_scale=1.0000, mf_l2=0.000001, delta_ratio=0.033795, personal_sparse=0.000000, alpha_var=0.000000, alpha_collapse=0.000000, reg_bce_ratio=0.1262
2026-04-11 03:17:14,005 - INFO - [assist_09|assist_09_abce_best_no_AE|lr=0.0003|drop=0.20] [Diag][M3] Epoch [021] | residual_abs_mean=0.6451, residual_std=0.4695, mf_abs_mean=0.6451, mf_std=0.4695, gate_mean=0.9971, gate_std=0.0105, q_interaction_abs_mean=0.2566, id_adapter_abs_mean=0.4532, bias_abs_mean=0.4860, B_q_share=0.3978, B_id_share=0.7025, B_bias_share=0.7534, student_q_norm=0.8046, student_id_adapter_norm=0.3249, item_q_norm=0.2858, item_id_adapter_norm=0.2226, irt_abs_mean=1.8613, irt_std=1.0743, delta_abs_mean=0.6445, delta_std=0.4698, delta_over_irt=0.3462, warmup(mf/personal)=1.00/1.00, graph_row_entropy=0.0000, graph_entropy_ratio=0.0000, alpha_mean=0.0000, alpha_std=0.0000, alpha_bias_std=0.0000, personal_row_entropy=0.0000, personal_matrix_delta=0.0000, personal_matrix_student_std=0.0000, personal_delta_pre_softmax_norm=0.0000, personal_delta_student_std=0.0000, alpha_head_std=0.0000
2026-04-11 03:17:14,005 - INFO - [assist_09|assist_09_abce_best_no_AE|lr=0.0003|drop=0.20] [Diag][Graph] Epoch [021] | entropy_ratio=0.0000, diag_mass=1.0000, to_uniform_l2=0.089800, to_identity_l2=0.000000, tau_mean=0.0000, tau_std=0.0000, graph_reg_scale(train/val)=1.0000/1.0000
2026-04-11 03:17:14,005 - WARNING - [assist_09|assist_09_abce_best_no_AE|lr=0.0003|drop=0.20] [Diag Warning][M3] gate_mean has stayed high for 19 epoch(s): gate_mean=0.9971, gate_std=0.0105
2026-04-11 03:17:14,005 - WARNING - [assist_09|assist_09_abce_best_no_AE|lr=0.0003|drop=0.20] [Diag Warning][M3] delta_over_irt has stayed high for 15 epoch(s): delta_over_irt=0.3462, delta_abs_mean=0.6445
2026-04-11 03:17:14,005 - WARNING - [assist_09|assist_09_abce_best_no_AE|lr=0.0003|drop=0.20] [Diag Warning][B] B_q_share is low: B_q_share=0.3978, B_id_share=0.7025, B_bias_share=0.7534
2026-04-11 03:17:14,006 - WARNING - [assist_09|assist_09_abce_best_no_AE|lr=0.0003|drop=0.20] [Diag Warning][B] B_id_share is high: B_id_share=0.7025, B_q_share=0.3978
2026-04-11 03:17:14,006 - INFO - [assist_09|assist_09_abce_best_no_AE|lr=0.0003|drop=0.20] [Grad Norms] Epoch [021] | mf_u_proj=0.012105, mf_v_proj=0.013437, b_id_student_proj=0.116582, b_id_item_proj=0.117884, b_bias_scale=0.004207, fusion_gate=0.000070, q_gate_raw=0.000004, skill_latent=0.249057, student_q_proj=0.027099, item_id_adapter=0.314944, relation_emb=0.000000e+00, relation_tau=0.000000e+00, relation_wq=0.000000e+00, relation_wk=0.000000e+00, personal_u=0.000000e+00, personal_v=0.000000e+00, personal_alpha_bias=0.000000e+00, personal_gate_emb=0.000000e+00, personal_gate_student_proj=0.000000e+00, personal_gate_context_proj=0.000000e+00, personal_gate_student_direct=0.000000e+00, personal_gate_context_direct=0.000000e+00, personal_gate_out=0.000000e+00, personal_generator_emb=0.000000e+00, personal_generator_context_proj=0.000000e+00, personal_generator_context_hidden=0.000000e+00, personal_generator_context_to_u=0.000000e+00, personal_generator_context_to_v=0.000000e+00
2026-04-11 03:17:14,006 - INFO - [assist_09|assist_09_abce_best_no_AE|lr=0.0003|drop=0.20] -> No improvement 1 epoch(s) (best AUC=0.8054 @ 20)
2026-04-11 03:17:44,794 - INFO - [assist_09|assist_09_abce_best_no_AE|lr=0.0003|drop=0.20] Epoch [022/100] | Train: Loss=0.3575, BCE=0.2817, Reg=0.0758, AUC=0.9629, ACC=0.8983, RMSE=0.2864 | Val: Loss=0.5803, BCE=0.5147, Reg=0.0656, AUC=0.8058, ACC=0.7577, RMSE=0.4092
2026-04-11 03:17:44,794 - INFO - [assist_09|assist_09_abce_best_no_AE|lr=0.0003|drop=0.20] [Reg Terms] Epoch [022] | Train: graph_entropy=0.000000, graph_diag=0.000000, graph_uniform=0.000000, graph_reg_scale=1.0000, mf_l2=0.000001, delta_ratio=0.040621, personal_sparse=0.000000, alpha_var=0.000000, alpha_collapse=0.000000, reg_bce_ratio=0.2690 | Val: graph_entropy=0.000000, graph_diag=0.000000, graph_uniform=0.000000, graph_reg_scale=1.0000, mf_l2=0.000001, delta_ratio=0.034148, personal_sparse=0.000000, alpha_var=0.000000, alpha_collapse=0.000000, reg_bce_ratio=0.1275
2026-04-11 03:17:44,946 - INFO - [assist_09|assist_09_abce_best_no_AE|lr=0.0003|drop=0.20] [Diag][M3] Epoch [022] | residual_abs_mean=0.6504, residual_std=0.4779, mf_abs_mean=0.6504, mf_std=0.4779, gate_mean=0.9972, gate_std=0.0097, q_interaction_abs_mean=0.2605, id_adapter_abs_mean=0.4618, bias_abs_mean=0.4918, B_q_share=0.4005, B_id_share=0.7099, B_bias_share=0.7560, student_q_norm=0.7977, student_id_adapter_norm=0.3248, item_q_norm=0.2850, item_id_adapter_norm=0.2219, irt_abs_mean=1.8672, irt_std=1.0798, delta_abs_mean=0.6499, delta_std=0.4782, delta_over_irt=0.3481, warmup(mf/personal)=1.00/1.00, graph_row_entropy=0.0000, graph_entropy_ratio=0.0000, alpha_mean=0.0000, alpha_std=0.0000, alpha_bias_std=0.0000, personal_row_entropy=0.0000, personal_matrix_delta=0.0000, personal_matrix_student_std=0.0000, personal_delta_pre_softmax_norm=0.0000, personal_delta_student_std=0.0000, alpha_head_std=0.0000
2026-04-11 03:17:44,946 - INFO - [assist_09|assist_09_abce_best_no_AE|lr=0.0003|drop=0.20] [Diag][Graph] Epoch [022] | entropy_ratio=0.0000, diag_mass=1.0000, to_uniform_l2=0.089800, to_identity_l2=0.000000, tau_mean=0.0000, tau_std=0.0000, graph_reg_scale(train/val)=1.0000/1.0000
2026-04-11 03:17:44,946 - WARNING - [assist_09|assist_09_abce_best_no_AE|lr=0.0003|drop=0.20] [Diag Warning][M3] gate_mean has stayed high for 20 epoch(s): gate_mean=0.9972, gate_std=0.0097
2026-04-11 03:17:44,946 - WARNING - [assist_09|assist_09_abce_best_no_AE|lr=0.0003|drop=0.20] [Diag Warning][M3] delta_over_irt has stayed high for 16 epoch(s): delta_over_irt=0.3481, delta_abs_mean=0.6499
2026-04-11 03:17:44,947 - WARNING - [assist_09|assist_09_abce_best_no_AE|lr=0.0003|drop=0.20] [Diag Warning][B] B_q_share is low: B_q_share=0.4005, B_id_share=0.7099, B_bias_share=0.7560
2026-04-11 03:17:44,947 - WARNING - [assist_09|assist_09_abce_best_no_AE|lr=0.0003|drop=0.20] [Diag Warning][B] B_id_share is high: B_id_share=0.7099, B_q_share=0.4005
2026-04-11 03:17:44,947 - INFO - [assist_09|assist_09_abce_best_no_AE|lr=0.0003|drop=0.20] [Grad Norms] Epoch [022] | mf_u_proj=0.008230, mf_v_proj=0.008351, b_id_student_proj=0.123517, b_id_item_proj=0.125261, b_bias_scale=0.002404, fusion_gate=0.000009, q_gate_raw=0.000005, skill_latent=0.244240, student_q_proj=0.017381, item_id_adapter=0.310668, relation_emb=0.000000e+00, relation_tau=0.000000e+00, relation_wq=0.000000e+00, relation_wk=0.000000e+00, personal_u=0.000000e+00, personal_v=0.000000e+00, personal_alpha_bias=0.000000e+00, personal_gate_emb=0.000000e+00, personal_gate_student_proj=0.000000e+00, personal_gate_context_proj=0.000000e+00, personal_gate_student_direct=0.000000e+00, personal_gate_context_direct=0.000000e+00, personal_gate_out=0.000000e+00, personal_generator_emb=0.000000e+00, personal_generator_context_proj=0.000000e+00, personal_generator_context_hidden=0.000000e+00, personal_generator_context_to_u=0.000000e+00, personal_generator_context_to_v=0.000000e+00
2026-04-11 03:17:45,361 - INFO - [assist_09|assist_09_abce_best_no_AE|lr=0.0003|drop=0.20] -> New best AUC=0.8058 at epoch 22
2026-04-11 03:18:16,589 - INFO - [assist_09|assist_09_abce_best_no_AE|lr=0.0003|drop=0.20] Epoch [023/100] | Train: Loss=0.3554, BCE=0.2790, Reg=0.0764, AUC=0.9638, ACC=0.8994, RMSE=0.2847 | Val: Loss=0.5811, BCE=0.5146, Reg=0.0665, AUC=0.8062, ACC=0.7585, RMSE=0.4091
2026-04-11 03:18:16,590 - INFO - [assist_09|assist_09_abce_best_no_AE|lr=0.0003|drop=0.20] [Reg Terms] Epoch [023] | Train: graph_entropy=0.000000, graph_diag=0.000000, graph_uniform=0.000000, graph_reg_scale=1.0000, mf_l2=0.000001, delta_ratio=0.040869, personal_sparse=0.000000, alpha_var=0.000000, alpha_collapse=0.000000, reg_bce_ratio=0.2738 | Val: graph_entropy=0.000000, graph_diag=0.000000, graph_uniform=0.000000, graph_reg_scale=1.0000, mf_l2=0.000001, delta_ratio=0.034693, personal_sparse=0.000000, alpha_var=0.000000, alpha_collapse=0.000000, reg_bce_ratio=0.1292
2026-04-11 03:18:16,729 - INFO - [assist_09|assist_09_abce_best_no_AE|lr=0.0003|drop=0.20] [Diag][M3] Epoch [023] | residual_abs_mean=0.6526, residual_std=0.4857, mf_abs_mean=0.6526, mf_std=0.4857, gate_mean=0.9973, gate_std=0.0084, q_interaction_abs_mean=0.2666, id_adapter_abs_mean=0.4661, bias_abs_mean=0.5014, B_q_share=0.4085, B_id_share=0.7142, B_bias_share=0.7682, student_q_norm=0.7944, student_id_adapter_norm=0.3250, item_q_norm=0.2837, item_id_adapter_norm=0.2212, irt_abs_mean=1.8568, irt_std=1.0883, delta_abs_mean=0.6520, delta_std=0.4860, delta_over_irt=0.3512, warmup(mf/personal)=1.00/1.00, graph_row_entropy=0.0000, graph_entropy_ratio=0.0000, alpha_mean=0.0000, alpha_std=0.0000, alpha_bias_std=0.0000, personal_row_entropy=0.0000, personal_matrix_delta=0.0000, personal_matrix_student_std=0.0000, personal_delta_pre_softmax_norm=0.0000, personal_delta_student_std=0.0000, alpha_head_std=0.0000
2026-04-11 03:18:16,729 - INFO - [assist_09|assist_09_abce_best_no_AE|lr=0.0003|drop=0.20] [Diag][Graph] Epoch [023] | entropy_ratio=0.0000, diag_mass=1.0000, to_uniform_l2=0.089800, to_identity_l2=0.000000, tau_mean=0.0000, tau_std=0.0000, graph_reg_scale(train/val)=1.0000/1.0000
2026-04-11 03:18:16,729 - WARNING - [assist_09|assist_09_abce_best_no_AE|lr=0.0003|drop=0.20] [Diag Warning][M3] gate_mean has stayed high for 21 epoch(s): gate_mean=0.9973, gate_std=0.0084
2026-04-11 03:18:16,729 - WARNING - [assist_09|assist_09_abce_best_no_AE|lr=0.0003|drop=0.20] [Diag Warning][M3] delta_over_irt has stayed high for 17 epoch(s): delta_over_irt=0.3512, delta_abs_mean=0.6520
2026-04-11 03:18:16,729 - WARNING - [assist_09|assist_09_abce_best_no_AE|lr=0.0003|drop=0.20] [Diag Warning][B] B_q_share is low: B_q_share=0.4085, B_id_share=0.7142, B_bias_share=0.7682
2026-04-11 03:18:16,729 - WARNING - [assist_09|assist_09_abce_best_no_AE|lr=0.0003|drop=0.20] [Diag Warning][B] B_id_share is high: B_id_share=0.7142, B_q_share=0.4085
2026-04-11 03:18:16,729 - INFO - [assist_09|assist_09_abce_best_no_AE|lr=0.0003|drop=0.20] [Grad Norms] Epoch [023] | mf_u_proj=0.007612, mf_v_proj=0.009517, b_id_student_proj=0.089094, b_id_item_proj=0.090795, b_bias_scale=0.004155, fusion_gate=0.000035, q_gate_raw=0.000000, skill_latent=0.190694, student_q_proj=0.015920, item_id_adapter=0.250759, relation_emb=0.000000e+00, relation_tau=0.000000e+00, relation_wq=0.000000e+00, relation_wk=0.000000e+00, personal_u=0.000000e+00, personal_v=0.000000e+00, personal_alpha_bias=0.000000e+00, personal_gate_emb=0.000000e+00, personal_gate_student_proj=0.000000e+00, personal_gate_context_proj=0.000000e+00, personal_gate_student_direct=0.000000e+00, personal_gate_context_direct=0.000000e+00, personal_gate_out=0.000000e+00, personal_generator_emb=0.000000e+00, personal_generator_context_proj=0.000000e+00, personal_generator_context_hidden=0.000000e+00, personal_generator_context_to_u=0.000000e+00, personal_generator_context_to_v=0.000000e+00
2026-04-11 03:18:17,142 - INFO - [assist_09|assist_09_abce_best_no_AE|lr=0.0003|drop=0.20] -> New best AUC=0.8062 at epoch 23
2026-04-11 03:18:47,525 - INFO - [assist_09|assist_09_abce_best_no_AE|lr=0.0003|drop=0.20] Epoch [024/100] | Train: Loss=0.3537, BCE=0.2765, Reg=0.0772, AUC=0.9646, ACC=0.9012, RMSE=0.2830 | Val: Loss=0.5820, BCE=0.5148, Reg=0.0671, AUC=0.8065, ACC=0.7578, RMSE=0.4090
2026-04-11 03:18:47,525 - INFO - [assist_09|assist_09_abce_best_no_AE|lr=0.0003|drop=0.20] [Reg Terms] Epoch [024] | Train: graph_entropy=0.000000, graph_diag=0.000000, graph_uniform=0.000000, graph_reg_scale=1.0000, mf_l2=0.000001, delta_ratio=0.041481, personal_sparse=0.000000, alpha_var=0.000000, alpha_collapse=0.000000, reg_bce_ratio=0.2793 | Val: graph_entropy=0.000000, graph_diag=0.000000, graph_uniform=0.000000, graph_reg_scale=1.0000, mf_l2=0.000001, delta_ratio=0.034982, personal_sparse=0.000000, alpha_var=0.000000, alpha_collapse=0.000000, reg_bce_ratio=0.1304
2026-04-11 03:18:47,660 - INFO - [assist_09|assist_09_abce_best_no_AE|lr=0.0003|drop=0.20] [Diag][M3] Epoch [024] | residual_abs_mean=0.6662, residual_std=0.4840, mf_abs_mean=0.6662, mf_std=0.4840, gate_mean=0.9973, gate_std=0.0089, q_interaction_abs_mean=0.2734, id_adapter_abs_mean=0.4700, bias_abs_mean=0.5106, B_q_share=0.4104, B_id_share=0.7056, B_bias_share=0.7665, student_q_norm=0.7954, student_id_adapter_norm=0.3252, item_q_norm=0.2820, item_id_adapter_norm=0.2206, irt_abs_mean=1.8613, irt_std=1.0957, delta_abs_mean=0.6656, delta_std=0.4843, delta_over_irt=0.3576, warmup(mf/personal)=1.00/1.00, graph_row_entropy=0.0000, graph_entropy_ratio=0.0000, alpha_mean=0.0000, alpha_std=0.0000, alpha_bias_std=0.0000, personal_row_entropy=0.0000, personal_matrix_delta=0.0000, personal_matrix_student_std=0.0000, personal_delta_pre_softmax_norm=0.0000, personal_delta_student_std=0.0000, alpha_head_std=0.0000
2026-04-11 03:18:47,660 - INFO - [assist_09|assist_09_abce_best_no_AE|lr=0.0003|drop=0.20] [Diag][Graph] Epoch [024] | entropy_ratio=0.0000, diag_mass=1.0000, to_uniform_l2=0.089800, to_identity_l2=0.000000, tau_mean=0.0000, tau_std=0.0000, graph_reg_scale(train/val)=1.0000/1.0000
2026-04-11 03:18:47,660 - WARNING - [assist_09|assist_09_abce_best_no_AE|lr=0.0003|drop=0.20] [Diag Warning][M3] gate_mean has stayed high for 22 epoch(s): gate_mean=0.9973, gate_std=0.0089
2026-04-11 03:18:47,660 - WARNING - [assist_09|assist_09_abce_best_no_AE|lr=0.0003|drop=0.20] [Diag Warning][M3] delta_over_irt has stayed high for 18 epoch(s): delta_over_irt=0.3576, delta_abs_mean=0.6656
2026-04-11 03:18:47,660 - WARNING - [assist_09|assist_09_abce_best_no_AE|lr=0.0003|drop=0.20] [Diag Warning][B] B_q_share is low: B_q_share=0.4104, B_id_share=0.7056, B_bias_share=0.7665
2026-04-11 03:18:47,660 - WARNING - [assist_09|assist_09_abce_best_no_AE|lr=0.0003|drop=0.20] [Diag Warning][B] B_id_share is high: B_id_share=0.7056, B_q_share=0.4104
2026-04-11 03:18:47,660 - INFO - [assist_09|assist_09_abce_best_no_AE|lr=0.0003|drop=0.20] [Grad Norms] Epoch [024] | mf_u_proj=0.011784, mf_v_proj=0.010477, b_id_student_proj=0.113419, b_id_item_proj=0.115802, b_bias_scale=0.000455, fusion_gate=0.000020, q_gate_raw=0.000015, skill_latent=0.231231, student_q_proj=0.035568, item_id_adapter=0.282381, relation_emb=0.000000e+00, relation_tau=0.000000e+00, relation_wq=0.000000e+00, relation_wk=0.000000e+00, personal_u=0.000000e+00, personal_v=0.000000e+00, personal_alpha_bias=0.000000e+00, personal_gate_emb=0.000000e+00, personal_gate_student_proj=0.000000e+00, personal_gate_context_proj=0.000000e+00, personal_gate_student_direct=0.000000e+00, personal_gate_context_direct=0.000000e+00, personal_gate_out=0.000000e+00, personal_generator_emb=0.000000e+00, personal_generator_context_proj=0.000000e+00, personal_generator_context_hidden=0.000000e+00, personal_generator_context_to_u=0.000000e+00, personal_generator_context_to_v=0.000000e+00
2026-04-11 03:18:48,083 - INFO - [assist_09|assist_09_abce_best_no_AE|lr=0.0003|drop=0.20] -> New best AUC=0.8065 at epoch 24
2026-04-11 03:19:19,108 - INFO - [assist_09|assist_09_abce_best_no_AE|lr=0.0003|drop=0.20] Epoch [025/100] | Train: Loss=0.3522, BCE=0.2743, Reg=0.0779, AUC=0.9653, ACC=0.9018, RMSE=0.2818 | Val: Loss=0.5831, BCE=0.5151, Reg=0.0680, AUC=0.8065, ACC=0.7579, RMSE=0.4090
2026-04-11 03:19:19,108 - INFO - [assist_09|assist_09_abce_best_no_AE|lr=0.0003|drop=0.20] [Reg Terms] Epoch [025] | Train: graph_entropy=0.000000, graph_diag=0.000000, graph_uniform=0.000000, graph_reg_scale=1.0000, mf_l2=0.000001, delta_ratio=0.041852, personal_sparse=0.000000, alpha_var=0.000000, alpha_collapse=0.000000, reg_bce_ratio=0.2838 | Val: graph_entropy=0.000000, graph_diag=0.000000, graph_uniform=0.000000, graph_reg_scale=1.0000, mf_l2=0.000001, delta_ratio=0.035451, personal_sparse=0.000000, alpha_var=0.000000, alpha_collapse=0.000000, reg_bce_ratio=0.1320
2026-04-11 03:19:19,244 - INFO - [assist_09|assist_09_abce_best_no_AE|lr=0.0003|drop=0.20] [Diag][M3] Epoch [025] | residual_abs_mean=0.6866, residual_std=0.4861, mf_abs_mean=0.6866, mf_std=0.4861, gate_mean=0.9977, gate_std=0.0069, q_interaction_abs_mean=0.2786, id_adapter_abs_mean=0.4995, bias_abs_mean=0.5185, B_q_share=0.4058, B_id_share=0.7276, B_bias_share=0.7552, student_q_norm=0.7994, student_id_adapter_norm=0.3251, item_q_norm=0.2803, item_id_adapter_norm=0.2199, irt_abs_mean=1.8663, irt_std=1.1003, delta_abs_mean=0.6859, delta_std=0.4864, delta_over_irt=0.3675, warmup(mf/personal)=1.00/1.00, graph_row_entropy=0.0000, graph_entropy_ratio=0.0000, alpha_mean=0.0000, alpha_std=0.0000, alpha_bias_std=0.0000, personal_row_entropy=0.0000, personal_matrix_delta=0.0000, personal_matrix_student_std=0.0000, personal_delta_pre_softmax_norm=0.0000, personal_delta_student_std=0.0000, alpha_head_std=0.0000
2026-04-11 03:19:19,244 - INFO - [assist_09|assist_09_abce_best_no_AE|lr=0.0003|drop=0.20] [Diag][Graph] Epoch [025] | entropy_ratio=0.0000, diag_mass=1.0000, to_uniform_l2=0.089800, to_identity_l2=0.000000, tau_mean=0.0000, tau_std=0.0000, graph_reg_scale(train/val)=1.0000/1.0000
2026-04-11 03:19:19,244 - WARNING - [assist_09|assist_09_abce_best_no_AE|lr=0.0003|drop=0.20] [Diag Warning][M3] gate_mean has stayed high for 23 epoch(s): gate_mean=0.9977, gate_std=0.0069
2026-04-11 03:19:19,244 - WARNING - [assist_09|assist_09_abce_best_no_AE|lr=0.0003|drop=0.20] [Diag Warning][M3] delta_over_irt has stayed high for 19 epoch(s): delta_over_irt=0.3675, delta_abs_mean=0.6859
2026-04-11 03:19:19,244 - WARNING - [assist_09|assist_09_abce_best_no_AE|lr=0.0003|drop=0.20] [Diag Warning][B] B_q_share is low: B_q_share=0.4058, B_id_share=0.7276, B_bias_share=0.7552
2026-04-11 03:19:19,244 - WARNING - [assist_09|assist_09_abce_best_no_AE|lr=0.0003|drop=0.20] [Diag Warning][B] B_id_share is high: B_id_share=0.7276, B_q_share=0.4058
2026-04-11 03:19:19,244 - INFO - [assist_09|assist_09_abce_best_no_AE|lr=0.0003|drop=0.20] [Grad Norms] Epoch [025] | mf_u_proj=0.014269, mf_v_proj=0.015812, b_id_student_proj=0.126947, b_id_item_proj=0.129750, b_bias_scale=0.000122, fusion_gate=0.000033, q_gate_raw=0.000002, skill_latent=0.272573, student_q_proj=0.039490, item_id_adapter=0.334688, relation_emb=0.000000e+00, relation_tau=0.000000e+00, relation_wq=0.000000e+00, relation_wk=0.000000e+00, personal_u=0.000000e+00, personal_v=0.000000e+00, personal_alpha_bias=0.000000e+00, personal_gate_emb=0.000000e+00, personal_gate_student_proj=0.000000e+00, personal_gate_context_proj=0.000000e+00, personal_gate_student_direct=0.000000e+00, personal_gate_context_direct=0.000000e+00, personal_gate_out=0.000000e+00, personal_generator_emb=0.000000e+00, personal_generator_context_proj=0.000000e+00, personal_generator_context_hidden=0.000000e+00, personal_generator_context_to_u=0.000000e+00, personal_generator_context_to_v=0.000000e+00
2026-04-11 03:19:19,244 - INFO - [assist_09|assist_09_abce_best_no_AE|lr=0.0003|drop=0.20] -> No improvement 1 epoch(s) (best AUC=0.8065 @ 24)
2026-04-11 03:19:50,307 - INFO - [assist_09|assist_09_abce_best_no_AE|lr=0.0003|drop=0.20] Epoch [026/100] | Train: Loss=0.3487, BCE=0.2700, Reg=0.0787, AUC=0.9672, ACC=0.9051, RMSE=0.2788 | Val: Loss=0.5841, BCE=0.5160, Reg=0.0681, AUC=0.8065, ACC=0.7587, RMSE=0.4092
2026-04-11 03:19:50,307 - INFO - [assist_09|assist_09_abce_best_no_AE|lr=0.0003|drop=0.20] [Reg Terms] Epoch [026] | Train: graph_entropy=0.000000, graph_diag=0.000000, graph_uniform=0.000000, graph_reg_scale=1.0000, mf_l2=0.000001, delta_ratio=0.042372, personal_sparse=0.000000, alpha_var=0.000000, alpha_collapse=0.000000, reg_bce_ratio=0.2915 | Val: graph_entropy=0.000000, graph_diag=0.000000, graph_uniform=0.000000, graph_reg_scale=1.0000, mf_l2=0.000001, delta_ratio=0.035541, personal_sparse=0.000000, alpha_var=0.000000, alpha_collapse=0.000000, reg_bce_ratio=0.1320
2026-04-11 03:19:50,501 - INFO - [assist_09|assist_09_abce_best_no_AE|lr=0.0003|drop=0.20] [Diag][M3] Epoch [026] | residual_abs_mean=0.6861, residual_std=0.4854, mf_abs_mean=0.6861, mf_std=0.4854, gate_mean=0.9978, gate_std=0.0065, q_interaction_abs_mean=0.2788, id_adapter_abs_mean=0.4996, bias_abs_mean=0.5237, B_q_share=0.4063, B_id_share=0.7281, B_bias_share=0.7632, student_q_norm=0.7951, student_id_adapter_norm=0.3249, item_q_norm=0.2799, item_id_adapter_norm=0.2194, irt_abs_mean=1.8754, irt_std=1.1061, delta_abs_mean=0.6855, delta_std=0.4857, delta_over_irt=0.3655, warmup(mf/personal)=1.00/1.00, graph_row_entropy=0.0000, graph_entropy_ratio=0.0000, alpha_mean=0.0000, alpha_std=0.0000, alpha_bias_std=0.0000, personal_row_entropy=0.0000, personal_matrix_delta=0.0000, personal_matrix_student_std=0.0000, personal_delta_pre_softmax_norm=0.0000, personal_delta_student_std=0.0000, alpha_head_std=0.0000
2026-04-11 03:19:50,501 - INFO - [assist_09|assist_09_abce_best_no_AE|lr=0.0003|drop=0.20] [Diag][Graph] Epoch [026] | entropy_ratio=0.0000, diag_mass=1.0000, to_uniform_l2=0.089800, to_identity_l2=0.000000, tau_mean=0.0000, tau_std=0.0000, graph_reg_scale(train/val)=1.0000/1.0000
2026-04-11 03:19:50,501 - WARNING - [assist_09|assist_09_abce_best_no_AE|lr=0.0003|drop=0.20] [Diag Warning][M3] gate_mean has stayed high for 24 epoch(s): gate_mean=0.9978, gate_std=0.0065
2026-04-11 03:19:50,502 - WARNING - [assist_09|assist_09_abce_best_no_AE|lr=0.0003|drop=0.20] [Diag Warning][M3] delta_over_irt has stayed high for 20 epoch(s): delta_over_irt=0.3655, delta_abs_mean=0.6855
2026-04-11 03:19:50,502 - WARNING - [assist_09|assist_09_abce_best_no_AE|lr=0.0003|drop=0.20] [Diag Warning][B] B_q_share is low: B_q_share=0.4063, B_id_share=0.7281, B_bias_share=0.7632
2026-04-11 03:19:50,502 - WARNING - [assist_09|assist_09_abce_best_no_AE|lr=0.0003|drop=0.20] [Diag Warning][B] B_id_share is high: B_id_share=0.7281, B_q_share=0.4063
2026-04-11 03:19:50,502 - INFO - [assist_09|assist_09_abce_best_no_AE|lr=0.0003|drop=0.20] [Grad Norms] Epoch [026] | mf_u_proj=0.010573, mf_v_proj=0.010005, b_id_student_proj=0.091110, b_id_item_proj=0.095049, b_bias_scale=0.000135, fusion_gate=0.000055, q_gate_raw=0.000011, skill_latent=0.183086, student_q_proj=0.020782, item_id_adapter=0.270813, relation_emb=0.000000e+00, relation_tau=0.000000e+00, relation_wq=0.000000e+00, relation_wk=0.000000e+00, personal_u=0.000000e+00, personal_v=0.000000e+00, personal_alpha_bias=0.000000e+00, personal_gate_emb=0.000000e+00, personal_gate_student_proj=0.000000e+00, personal_gate_context_proj=0.000000e+00, personal_gate_student_direct=0.000000e+00, personal_gate_context_direct=0.000000e+00, personal_gate_out=0.000000e+00, personal_generator_emb=0.000000e+00, personal_generator_context_proj=0.000000e+00, personal_generator_context_hidden=0.000000e+00, personal_generator_context_to_u=0.000000e+00, personal_generator_context_to_v=0.000000e+00
2026-04-11 03:19:50,964 - INFO - [assist_09|assist_09_abce_best_no_AE|lr=0.0003|drop=0.20] -> New best AUC=0.8065 at epoch 26
2026-04-11 03:20:24,618 - INFO - [assist_09|assist_09_abce_best_no_AE|lr=0.0003|drop=0.20] Epoch [027/100] | Train: Loss=0.3477, BCE=0.2687, Reg=0.0790, AUC=0.9673, ACC=0.9057, RMSE=0.2780 | Val: Loss=0.5848, BCE=0.5165, Reg=0.0683, AUC=0.8066, ACC=0.7580, RMSE=0.4092
2026-04-11 03:20:24,618 - INFO - [assist_09|assist_09_abce_best_no_AE|lr=0.0003|drop=0.20] [Reg Terms] Epoch [027] | Train: graph_entropy=0.000000, graph_diag=0.000000, graph_uniform=0.000000, graph_reg_scale=1.0000, mf_l2=0.000001, delta_ratio=0.042745, personal_sparse=0.000000, alpha_var=0.000000, alpha_collapse=0.000000, reg_bce_ratio=0.2939 | Val: graph_entropy=0.000000, graph_diag=0.000000, graph_uniform=0.000000, graph_reg_scale=1.0000, mf_l2=0.000001, delta_ratio=0.035688, personal_sparse=0.000000, alpha_var=0.000000, alpha_collapse=0.000000, reg_bce_ratio=0.1323
2026-04-11 03:20:24,818 - INFO - [assist_09|assist_09_abce_best_no_AE|lr=0.0003|drop=0.20] [Diag][M3] Epoch [027] | residual_abs_mean=0.6921, residual_std=0.4899, mf_abs_mean=0.6921, mf_std=0.4899, gate_mean=0.9976, gate_std=0.0078, q_interaction_abs_mean=0.2759, id_adapter_abs_mean=0.5053, bias_abs_mean=0.5268, B_q_share=0.3986, B_id_share=0.7302, B_bias_share=0.7611, student_q_norm=0.7849, student_id_adapter_norm=0.3248, item_q_norm=0.2795, item_id_adapter_norm=0.2189, irt_abs_mean=1.8783, irt_std=1.1109, delta_abs_mean=0.6915, delta_std=0.4903, delta_over_irt=0.3681, warmup(mf/personal)=1.00/1.00, graph_row_entropy=0.0000, graph_entropy_ratio=0.0000, alpha_mean=0.0000, alpha_std=0.0000, alpha_bias_std=0.0000, personal_row_entropy=0.0000, personal_matrix_delta=0.0000, personal_matrix_student_std=0.0000, personal_delta_pre_softmax_norm=0.0000, personal_delta_student_std=0.0000, alpha_head_std=0.0000
2026-04-11 03:20:24,818 - INFO - [assist_09|assist_09_abce_best_no_AE|lr=0.0003|drop=0.20] [Diag][Graph] Epoch [027] | entropy_ratio=0.0000, diag_mass=1.0000, to_uniform_l2=0.089800, to_identity_l2=0.000000, tau_mean=0.0000, tau_std=0.0000, graph_reg_scale(train/val)=1.0000/1.0000
2026-04-11 03:20:24,818 - WARNING - [assist_09|assist_09_abce_best_no_AE|lr=0.0003|drop=0.20] [Diag Warning][M3] gate_mean has stayed high for 25 epoch(s): gate_mean=0.9976, gate_std=0.0078
2026-04-11 03:20:24,818 - WARNING - [assist_09|assist_09_abce_best_no_AE|lr=0.0003|drop=0.20] [Diag Warning][M3] delta_over_irt has stayed high for 21 epoch(s): delta_over_irt=0.3681, delta_abs_mean=0.6915
2026-04-11 03:20:24,818 - WARNING - [assist_09|assist_09_abce_best_no_AE|lr=0.0003|drop=0.20] [Diag Warning][B] B_q_share is low: B_q_share=0.3986, B_id_share=0.7302, B_bias_share=0.7611
2026-04-11 03:20:24,818 - WARNING - [assist_09|assist_09_abce_best_no_AE|lr=0.0003|drop=0.20] [Diag Warning][B] B_id_share is high: B_id_share=0.7302, B_q_share=0.3986
2026-04-11 03:20:24,818 - INFO - [assist_09|assist_09_abce_best_no_AE|lr=0.0003|drop=0.20] [Grad Norms] Epoch [027] | mf_u_proj=0.012112, mf_v_proj=0.010793, b_id_student_proj=0.110631, b_id_item_proj=0.114377, b_bias_scale=0.001884, fusion_gate=0.000012, q_gate_raw=0.000008, skill_latent=0.248568, student_q_proj=0.029008, item_id_adapter=0.326617, relation_emb=0.000000e+00, relation_tau=0.000000e+00, relation_wq=0.000000e+00, relation_wk=0.000000e+00, personal_u=0.000000e+00, personal_v=0.000000e+00, personal_alpha_bias=0.000000e+00, personal_gate_emb=0.000000e+00, personal_gate_student_proj=0.000000e+00, personal_gate_context_proj=0.000000e+00, personal_gate_student_direct=0.000000e+00, personal_gate_context_direct=0.000000e+00, personal_gate_out=0.000000e+00, personal_generator_emb=0.000000e+00, personal_generator_context_proj=0.000000e+00, personal_generator_context_hidden=0.000000e+00, personal_generator_context_to_u=0.000000e+00, personal_generator_context_to_v=0.000000e+00
2026-04-11 03:20:25,245 - INFO - [assist_09|assist_09_abce_best_no_AE|lr=0.0003|drop=0.20] -> New best AUC=0.8066 at epoch 27
2026-04-11 03:20:55,247 - INFO - [assist_09|assist_09_abce_best_no_AE|lr=0.0003|drop=0.20] Epoch [028/100] | Train: Loss=0.3468, BCE=0.2677, Reg=0.0791, AUC=0.9676, ACC=0.9062, RMSE=0.2774 | Val: Loss=0.5855, BCE=0.5167, Reg=0.0688, AUC=0.8066, ACC=0.7587, RMSE=0.4092
2026-04-11 03:20:55,248 - INFO - [assist_09|assist_09_abce_best_no_AE|lr=0.0003|drop=0.20] [Reg Terms] Epoch [028] | Train: graph_entropy=0.000000, graph_diag=0.000000, graph_uniform=0.000000, graph_reg_scale=1.0000, mf_l2=0.000001, delta_ratio=0.042724, personal_sparse=0.000000, alpha_var=0.000000, alpha_collapse=0.000000, reg_bce_ratio=0.2953 | Val: graph_entropy=0.000000, graph_diag=0.000000, graph_uniform=0.000000, graph_reg_scale=1.0000, mf_l2=0.000001, delta_ratio=0.036007, personal_sparse=0.000000, alpha_var=0.000000, alpha_collapse=0.000000, reg_bce_ratio=0.1331
2026-04-11 03:20:55,447 - INFO - [assist_09|assist_09_abce_best_no_AE|lr=0.0003|drop=0.20] [Diag][M3] Epoch [028] | residual_abs_mean=0.6946, residual_std=0.4887, mf_abs_mean=0.6946, mf_std=0.4887, gate_mean=0.9978, gate_std=0.0062, q_interaction_abs_mean=0.2812, id_adapter_abs_mean=0.5092, bias_abs_mean=0.5300, B_q_share=0.4048, B_id_share=0.7331, B_bias_share=0.7630, student_q_norm=0.7760, student_id_adapter_norm=0.3247, item_q_norm=0.2787, item_id_adapter_norm=0.2184, irt_abs_mean=1.8828, irt_std=1.1128, delta_abs_mean=0.6940, delta_std=0.4890, delta_over_irt=0.3686, warmup(mf/personal)=1.00/1.00, graph_row_entropy=0.0000, graph_entropy_ratio=0.0000, alpha_mean=0.0000, alpha_std=0.0000, alpha_bias_std=0.0000, personal_row_entropy=0.0000, personal_matrix_delta=0.0000, personal_matrix_student_std=0.0000, personal_delta_pre_softmax_norm=0.0000, personal_delta_student_std=0.0000, alpha_head_std=0.0000
2026-04-11 03:20:55,447 - INFO - [assist_09|assist_09_abce_best_no_AE|lr=0.0003|drop=0.20] [Diag][Graph] Epoch [028] | entropy_ratio=0.0000, diag_mass=1.0000, to_uniform_l2=0.089800, to_identity_l2=0.000000, tau_mean=0.0000, tau_std=0.0000, graph_reg_scale(train/val)=1.0000/1.0000
2026-04-11 03:20:55,447 - WARNING - [assist_09|assist_09_abce_best_no_AE|lr=0.0003|drop=0.20] [Diag Warning][M3] gate_mean has stayed high for 26 epoch(s): gate_mean=0.9978, gate_std=0.0062
2026-04-11 03:20:55,447 - WARNING - [assist_09|assist_09_abce_best_no_AE|lr=0.0003|drop=0.20] [Diag Warning][M3] delta_over_irt has stayed high for 22 epoch(s): delta_over_irt=0.3686, delta_abs_mean=0.6940
2026-04-11 03:20:55,447 - WARNING - [assist_09|assist_09_abce_best_no_AE|lr=0.0003|drop=0.20] [Diag Warning][B] B_q_share is low: B_q_share=0.4048, B_id_share=0.7331, B_bias_share=0.7630
2026-04-11 03:20:55,448 - WARNING - [assist_09|assist_09_abce_best_no_AE|lr=0.0003|drop=0.20] [Diag Warning][B] B_id_share is high: B_id_share=0.7331, B_q_share=0.4048
2026-04-11 03:20:55,448 - INFO - [assist_09|assist_09_abce_best_no_AE|lr=0.0003|drop=0.20] [Grad Norms] Epoch [028] | mf_u_proj=0.014576, mf_v_proj=0.015097, b_id_student_proj=0.134602, b_id_item_proj=0.137119, b_bias_scale=0.000483, fusion_gate=0.000090, q_gate_raw=0.000003, skill_latent=0.289472, student_q_proj=0.027686, item_id_adapter=0.329859, relation_emb=0.000000e+00, relation_tau=0.000000e+00, relation_wq=0.000000e+00, relation_wk=0.000000e+00, personal_u=0.000000e+00, personal_v=0.000000e+00, personal_alpha_bias=0.000000e+00, personal_gate_emb=0.000000e+00, personal_gate_student_proj=0.000000e+00, personal_gate_context_proj=0.000000e+00, personal_gate_student_direct=0.000000e+00, personal_gate_context_direct=0.000000e+00, personal_gate_out=0.000000e+00, personal_generator_emb=0.000000e+00, personal_generator_context_proj=0.000000e+00, personal_generator_context_hidden=0.000000e+00, personal_generator_context_to_u=0.000000e+00, personal_generator_context_to_v=0.000000e+00
2026-04-11 03:20:55,919 - INFO - [assist_09|assist_09_abce_best_no_AE|lr=0.0003|drop=0.20] -> New best AUC=0.8066 at epoch 28
2026-04-11 03:21:26,872 - INFO - [assist_09|assist_09_abce_best_no_AE|lr=0.0003|drop=0.20] Epoch [029/100] | Train: Loss=0.3461, BCE=0.2666, Reg=0.0795, AUC=0.9678, ACC=0.9062, RMSE=0.2768 | Val: Loss=0.5861, BCE=0.5171, Reg=0.0691, AUC=0.8068, ACC=0.7597, RMSE=0.4092
2026-04-11 03:21:26,872 - INFO - [assist_09|assist_09_abce_best_no_AE|lr=0.0003|drop=0.20] [Reg Terms] Epoch [029] | Train: graph_entropy=0.000000, graph_diag=0.000000, graph_uniform=0.000000, graph_reg_scale=1.0000, mf_l2=0.000001, delta_ratio=0.043030, personal_sparse=0.000000, alpha_var=0.000000, alpha_collapse=0.000000, reg_bce_ratio=0.2981 | Val: graph_entropy=0.000000, graph_diag=0.000000, graph_uniform=0.000000, graph_reg_scale=1.0000, mf_l2=0.000001, delta_ratio=0.036228, personal_sparse=0.000000, alpha_var=0.000000, alpha_collapse=0.000000, reg_bce_ratio=0.1336
2026-04-11 03:21:27,042 - INFO - [assist_09|assist_09_abce_best_no_AE|lr=0.0003|drop=0.20] [Diag][M3] Epoch [029] | residual_abs_mean=0.7013, residual_std=0.4858, mf_abs_mean=0.7013, mf_std=0.4858, gate_mean=0.9979, gate_std=0.0056, q_interaction_abs_mean=0.2832, id_adapter_abs_mean=0.5140, bias_abs_mean=0.5330, B_q_share=0.4039, B_id_share=0.7329, B_bias_share=0.7601, student_q_norm=0.7792, student_id_adapter_norm=0.3245, item_q_norm=0.2780, item_id_adapter_norm=0.2178, irt_abs_mean=1.8859, irt_std=1.1144, delta_abs_mean=0.7007, delta_std=0.4862, delta_over_irt=0.3715, warmup(mf/personal)=1.00/1.00, graph_row_entropy=0.0000, graph_entropy_ratio=0.0000, alpha_mean=0.0000, alpha_std=0.0000, alpha_bias_std=0.0000, personal_row_entropy=0.0000, personal_matrix_delta=0.0000, personal_matrix_student_std=0.0000, personal_delta_pre_softmax_norm=0.0000, personal_delta_student_std=0.0000, alpha_head_std=0.0000
2026-04-11 03:21:27,042 - INFO - [assist_09|assist_09_abce_best_no_AE|lr=0.0003|drop=0.20] [Diag][Graph] Epoch [029] | entropy_ratio=0.0000, diag_mass=1.0000, to_uniform_l2=0.089800, to_identity_l2=0.000000, tau_mean=0.0000, tau_std=0.0000, graph_reg_scale(train/val)=1.0000/1.0000
2026-04-11 03:21:27,042 - WARNING - [assist_09|assist_09_abce_best_no_AE|lr=0.0003|drop=0.20] [Diag Warning][M3] gate_mean has stayed high for 27 epoch(s): gate_mean=0.9979, gate_std=0.0056
2026-04-11 03:21:27,042 - WARNING - [assist_09|assist_09_abce_best_no_AE|lr=0.0003|drop=0.20] [Diag Warning][M3] delta_over_irt has stayed high for 23 epoch(s): delta_over_irt=0.3715, delta_abs_mean=0.7007
2026-04-11 03:21:27,042 - WARNING - [assist_09|assist_09_abce_best_no_AE|lr=0.0003|drop=0.20] [Diag Warning][B] B_q_share is low: B_q_share=0.4039, B_id_share=0.7329, B_bias_share=0.7601
2026-04-11 03:21:27,042 - WARNING - [assist_09|assist_09_abce_best_no_AE|lr=0.0003|drop=0.20] [Diag Warning][B] B_id_share is high: B_id_share=0.7329, B_q_share=0.4039
2026-04-11 03:21:27,043 - INFO - [assist_09|assist_09_abce_best_no_AE|lr=0.0003|drop=0.20] [Grad Norms] Epoch [029] | mf_u_proj=0.012355, mf_v_proj=0.010194, b_id_student_proj=0.127245, b_id_item_proj=0.123024, b_bias_scale=0.002224, fusion_gate=0.000058, q_gate_raw=0.000009, skill_latent=0.269566, student_q_proj=0.030066, item_id_adapter=0.298312, relation_emb=0.000000e+00, relation_tau=0.000000e+00, relation_wq=0.000000e+00, relation_wk=0.000000e+00, personal_u=0.000000e+00, personal_v=0.000000e+00, personal_alpha_bias=0.000000e+00, personal_gate_emb=0.000000e+00, personal_gate_student_proj=0.000000e+00, personal_gate_context_proj=0.000000e+00, personal_gate_student_direct=0.000000e+00, personal_gate_context_direct=0.000000e+00, personal_gate_out=0.000000e+00, personal_generator_emb=0.000000e+00, personal_generator_context_proj=0.000000e+00, personal_generator_context_hidden=0.000000e+00, personal_generator_context_to_u=0.000000e+00, personal_generator_context_to_v=0.000000e+00
2026-04-11 03:21:27,493 - INFO - [assist_09|assist_09_abce_best_no_AE|lr=0.0003|drop=0.20] -> New best AUC=0.8068 at epoch 29
2026-04-11 03:21:58,446 - INFO - [assist_09|assist_09_abce_best_no_AE|lr=0.0003|drop=0.20] Epoch [030/100] | Train: Loss=0.3456, BCE=0.2659, Reg=0.0797, AUC=0.9681, ACC=0.9068, RMSE=0.2764 | Val: Loss=0.5865, BCE=0.5170, Reg=0.0695, AUC=0.8068, ACC=0.7597, RMSE=0.4091
2026-04-11 03:21:58,446 - INFO - [assist_09|assist_09_abce_best_no_AE|lr=0.0003|drop=0.20] [Reg Terms] Epoch [030] | Train: graph_entropy=0.000000, graph_diag=0.000000, graph_uniform=0.000000, graph_reg_scale=1.0000, mf_l2=0.000001, delta_ratio=0.043199, personal_sparse=0.000000, alpha_var=0.000000, alpha_collapse=0.000000, reg_bce_ratio=0.2999 | Val: graph_entropy=0.000000, graph_diag=0.000000, graph_uniform=0.000000, graph_reg_scale=1.0000, mf_l2=0.000001, delta_ratio=0.036434, personal_sparse=0.000000, alpha_var=0.000000, alpha_collapse=0.000000, reg_bce_ratio=0.1343
2026-04-11 03:21:58,604 - INFO - [assist_09|assist_09_abce_best_no_AE|lr=0.0003|drop=0.20] [Diag][M3] Epoch [030] | residual_abs_mean=0.6997, residual_std=0.4895, mf_abs_mean=0.6997, mf_std=0.4895, gate_mean=0.9979, gate_std=0.0060, q_interaction_abs_mean=0.2906, id_adapter_abs_mean=0.5085, bias_abs_mean=0.5351, B_q_share=0.4154, B_id_share=0.7267, B_bias_share=0.7648, student_q_norm=0.7760, student_id_adapter_norm=0.3244, item_q_norm=0.2773, item_id_adapter_norm=0.2174, irt_abs_mean=1.8895, irt_std=1.1167, delta_abs_mean=0.6990, delta_std=0.4898, delta_over_irt=0.3700, warmup(mf/personal)=1.00/1.00, graph_row_entropy=0.0000, graph_entropy_ratio=0.0000, alpha_mean=0.0000, alpha_std=0.0000, alpha_bias_std=0.0000, personal_row_entropy=0.0000, personal_matrix_delta=0.0000, personal_matrix_student_std=0.0000, personal_delta_pre_softmax_norm=0.0000, personal_delta_student_std=0.0000, alpha_head_std=0.0000
2026-04-11 03:21:58,604 - INFO - [assist_09|assist_09_abce_best_no_AE|lr=0.0003|drop=0.20] [Diag][Graph] Epoch [030] | entropy_ratio=0.0000, diag_mass=1.0000, to_uniform_l2=0.089800, to_identity_l2=0.000000, tau_mean=0.0000, tau_std=0.0000, graph_reg_scale(train/val)=1.0000/1.0000
2026-04-11 03:21:58,604 - WARNING - [assist_09|assist_09_abce_best_no_AE|lr=0.0003|drop=0.20] [Diag Warning][M3] gate_mean has stayed high for 28 epoch(s): gate_mean=0.9979, gate_std=0.0060
2026-04-11 03:21:58,605 - WARNING - [assist_09|assist_09_abce_best_no_AE|lr=0.0003|drop=0.20] [Diag Warning][M3] delta_over_irt has stayed high for 24 epoch(s): delta_over_irt=0.3700, delta_abs_mean=0.6990
2026-04-11 03:21:58,605 - WARNING - [assist_09|assist_09_abce_best_no_AE|lr=0.0003|drop=0.20] [Diag Warning][B] B_q_share is low: B_q_share=0.4154, B_id_share=0.7267, B_bias_share=0.7648
2026-04-11 03:21:58,605 - WARNING - [assist_09|assist_09_abce_best_no_AE|lr=0.0003|drop=0.20] [Diag Warning][B] B_id_share is high: B_id_share=0.7267, B_q_share=0.4154
2026-04-11 03:21:58,605 - INFO - [assist_09|assist_09_abce_best_no_AE|lr=0.0003|drop=0.20] [Grad Norms] Epoch [030] | mf_u_proj=0.011620, mf_v_proj=0.011444, b_id_student_proj=0.132666, b_id_item_proj=0.135823, b_bias_scale=0.001580, fusion_gate=0.000042, q_gate_raw=0.000017, skill_latent=0.260748, student_q_proj=0.027297, item_id_adapter=0.343986, relation_emb=0.000000e+00, relation_tau=0.000000e+00, relation_wq=0.000000e+00, relation_wk=0.000000e+00, personal_u=0.000000e+00, personal_v=0.000000e+00, personal_alpha_bias=0.000000e+00, personal_gate_emb=0.000000e+00, personal_gate_student_proj=0.000000e+00, personal_gate_context_proj=0.000000e+00, personal_gate_student_direct=0.000000e+00, personal_gate_context_direct=0.000000e+00, personal_gate_out=0.000000e+00, personal_generator_emb=0.000000e+00, personal_generator_context_proj=0.000000e+00, personal_generator_context_hidden=0.000000e+00, personal_generator_context_to_u=0.000000e+00, personal_generator_context_to_v=0.000000e+00
2026-04-11 03:21:59,042 - INFO - [assist_09|assist_09_abce_best_no_AE|lr=0.0003|drop=0.20] -> New best AUC=0.8068 at epoch 30
2026-04-11 03:21:59,119 - INFO - [assist_09|assist_09_abce_best_no_AE|lr=0.0003|drop=0.20] Checkpoint saved: checkpoints/abce_diag/20260411_master_best_ae/assist_09/seed42/best_no_AE/checkpoint_epoch_30.pth
2026-04-11 03:21:59,280 - INFO - [assist_09|assist_09_abce_best_no_AE|lr=0.0003|drop=0.20] [Module Activity] Epoch 30: MF[OK]
2026-04-11 03:22:30,973 - INFO - [assist_09|assist_09_abce_best_no_AE|lr=0.0003|drop=0.20] Epoch [031/100] | Train: Loss=0.3450, BCE=0.2649, Reg=0.0801, AUC=0.9681, ACC=0.9072, RMSE=0.2758 | Val: Loss=0.5872, BCE=0.5174, Reg=0.0698, AUC=0.8069, ACC=0.7597, RMSE=0.4092
2026-04-11 03:22:30,974 - INFO - [assist_09|assist_09_abce_best_no_AE|lr=0.0003|drop=0.20] [Reg Terms] Epoch [031] | Train: graph_entropy=0.000000, graph_diag=0.000000, graph_uniform=0.000000, graph_reg_scale=1.0000, mf_l2=0.000001, delta_ratio=0.043424, personal_sparse=0.000000, alpha_var=0.000000, alpha_collapse=0.000000, reg_bce_ratio=0.3024 | Val: graph_entropy=0.000000, graph_diag=0.000000, graph_uniform=0.000000, graph_reg_scale=1.0000, mf_l2=0.000001, delta_ratio=0.036639, personal_sparse=0.000000, alpha_var=0.000000, alpha_collapse=0.000000, reg_bce_ratio=0.1349
2026-04-11 03:22:31,112 - INFO - [assist_09|assist_09_abce_best_no_AE|lr=0.0003|drop=0.20] [Diag][M3] Epoch [031] | residual_abs_mean=0.7112, residual_std=0.4863, mf_abs_mean=0.7112, mf_std=0.4863, gate_mean=0.9979, gate_std=0.0057, q_interaction_abs_mean=0.2896, id_adapter_abs_mean=0.5211, bias_abs_mean=0.5389, B_q_share=0.4072, B_id_share=0.7327, B_bias_share=0.7577, student_q_norm=0.7838, student_id_adapter_norm=0.3243, item_q_norm=0.2766, item_id_adapter_norm=0.2168, irt_abs_mean=1.8896, irt_std=1.1197, delta_abs_mean=0.7106, delta_std=0.4866, delta_over_irt=0.3760, warmup(mf/personal)=1.00/1.00, graph_row_entropy=0.0000, graph_entropy_ratio=0.0000, alpha_mean=0.0000, alpha_std=0.0000, alpha_bias_std=0.0000, personal_row_entropy=0.0000, personal_matrix_delta=0.0000, personal_matrix_student_std=0.0000, personal_delta_pre_softmax_norm=0.0000, personal_delta_student_std=0.0000, alpha_head_std=0.0000
2026-04-11 03:22:31,113 - INFO - [assist_09|assist_09_abce_best_no_AE|lr=0.0003|drop=0.20] [Diag][Graph] Epoch [031] | entropy_ratio=0.0000, diag_mass=1.0000, to_uniform_l2=0.089800, to_identity_l2=0.000000, tau_mean=0.0000, tau_std=0.0000, graph_reg_scale(train/val)=1.0000/1.0000
2026-04-11 03:22:31,113 - WARNING - [assist_09|assist_09_abce_best_no_AE|lr=0.0003|drop=0.20] [Diag Warning][M3] gate_mean has stayed high for 29 epoch(s): gate_mean=0.9979, gate_std=0.0057
2026-04-11 03:22:31,113 - WARNING - [assist_09|assist_09_abce_best_no_AE|lr=0.0003|drop=0.20] [Diag Warning][M3] delta_over_irt has stayed high for 25 epoch(s): delta_over_irt=0.3760, delta_abs_mean=0.7106
2026-04-11 03:22:31,113 - WARNING - [assist_09|assist_09_abce_best_no_AE|lr=0.0003|drop=0.20] [Diag Warning][B] B_q_share is low: B_q_share=0.4072, B_id_share=0.7327, B_bias_share=0.7577
2026-04-11 03:22:31,113 - WARNING - [assist_09|assist_09_abce_best_no_AE|lr=0.0003|drop=0.20] [Diag Warning][B] B_id_share is high: B_id_share=0.7327, B_q_share=0.4072
2026-04-11 03:22:31,113 - INFO - [assist_09|assist_09_abce_best_no_AE|lr=0.0003|drop=0.20] [Grad Norms] Epoch [031] | mf_u_proj=0.007766, mf_v_proj=0.007276, b_id_student_proj=0.088452, b_id_item_proj=0.089486, b_bias_scale=0.000375, fusion_gate=0.000038, q_gate_raw=0.000017, skill_latent=0.204057, student_q_proj=0.021630, item_id_adapter=0.258517, relation_emb=0.000000e+00, relation_tau=0.000000e+00, relation_wq=0.000000e+00, relation_wk=0.000000e+00, personal_u=0.000000e+00, personal_v=0.000000e+00, personal_alpha_bias=0.000000e+00, personal_gate_emb=0.000000e+00, personal_gate_student_proj=0.000000e+00, personal_gate_context_proj=0.000000e+00, personal_gate_student_direct=0.000000e+00, personal_gate_context_direct=0.000000e+00, personal_gate_out=0.000000e+00, personal_generator_emb=0.000000e+00, personal_generator_context_proj=0.000000e+00, personal_generator_context_hidden=0.000000e+00, personal_generator_context_to_u=0.000000e+00, personal_generator_context_to_v=0.000000e+00
2026-04-11 03:22:31,555 - INFO - [assist_09|assist_09_abce_best_no_AE|lr=0.0003|drop=0.20] -> New best AUC=0.8069 at epoch 31
2026-04-11 03:23:02,878 - INFO - [assist_09|assist_09_abce_best_no_AE|lr=0.0003|drop=0.20] Epoch [032/100] | Train: Loss=0.3423, BCE=0.2618, Reg=0.0805, AUC=0.9696, ACC=0.9097, RMSE=0.2735 | Val: Loss=0.5874, BCE=0.5174, Reg=0.0699, AUC=0.8070, ACC=0.7594, RMSE=0.4091
2026-04-11 03:23:02,879 - INFO - [assist_09|assist_09_abce_best_no_AE|lr=0.0003|drop=0.20] [Reg Terms] Epoch [032] | Train: graph_entropy=0.000000, graph_diag=0.000000, graph_uniform=0.000000, graph_reg_scale=1.0000, mf_l2=0.000001, delta_ratio=0.043758, personal_sparse=0.000000, alpha_var=0.000000, alpha_collapse=0.000000, reg_bce_ratio=0.3075 | Val: graph_entropy=0.000000, graph_diag=0.000000, graph_uniform=0.000000, graph_reg_scale=1.0000, mf_l2=0.000001, delta_ratio=0.036742, personal_sparse=0.000000, alpha_var=0.000000, alpha_collapse=0.000000, reg_bce_ratio=0.1352
2026-04-11 03:23:03,021 - INFO - [assist_09|assist_09_abce_best_no_AE|lr=0.0003|drop=0.20] [Diag][M3] Epoch [032] | residual_abs_mean=0.7143, residual_std=0.4872, mf_abs_mean=0.7143, mf_std=0.4872, gate_mean=0.9979, gate_std=0.0058, q_interaction_abs_mean=0.2911, id_adapter_abs_mean=0.5244, bias_abs_mean=0.5407, B_q_share=0.4075, B_id_share=0.7342, B_bias_share=0.7569, student_q_norm=0.7778, student_id_adapter_norm=0.3242, item_q_norm=0.2764, item_id_adapter_norm=0.2165, irt_abs_mean=1.8919, irt_std=1.1215, delta_abs_mean=0.7136, delta_std=0.4876, delta_over_irt=0.3772, warmup(mf/personal)=1.00/1.00, graph_row_entropy=0.0000, graph_entropy_ratio=0.0000, alpha_mean=0.0000, alpha_std=0.0000, alpha_bias_std=0.0000, personal_row_entropy=0.0000, personal_matrix_delta=0.0000, personal_matrix_student_std=0.0000, personal_delta_pre_softmax_norm=0.0000, personal_delta_student_std=0.0000, alpha_head_std=0.0000
2026-04-11 03:23:03,021 - INFO - [assist_09|assist_09_abce_best_no_AE|lr=0.0003|drop=0.20] [Diag][Graph] Epoch [032] | entropy_ratio=0.0000, diag_mass=1.0000, to_uniform_l2=0.089800, to_identity_l2=0.000000, tau_mean=0.0000, tau_std=0.0000, graph_reg_scale(train/val)=1.0000/1.0000
2026-04-11 03:23:03,021 - WARNING - [assist_09|assist_09_abce_best_no_AE|lr=0.0003|drop=0.20] [Diag Warning][M3] gate_mean has stayed high for 30 epoch(s): gate_mean=0.9979, gate_std=0.0058
2026-04-11 03:23:03,022 - WARNING - [assist_09|assist_09_abce_best_no_AE|lr=0.0003|drop=0.20] [Diag Warning][M3] delta_over_irt has stayed high for 26 epoch(s): delta_over_irt=0.3772, delta_abs_mean=0.7136
2026-04-11 03:23:03,022 - WARNING - [assist_09|assist_09_abce_best_no_AE|lr=0.0003|drop=0.20] [Diag Warning][B] B_q_share is low: B_q_share=0.4075, B_id_share=0.7342, B_bias_share=0.7569
2026-04-11 03:23:03,022 - WARNING - [assist_09|assist_09_abce_best_no_AE|lr=0.0003|drop=0.20] [Diag Warning][B] B_id_share is high: B_id_share=0.7342, B_q_share=0.4075
2026-04-11 03:23:03,022 - INFO - [assist_09|assist_09_abce_best_no_AE|lr=0.0003|drop=0.20] [Grad Norms] Epoch [032] | mf_u_proj=0.013845, mf_v_proj=0.014999, b_id_student_proj=0.106568, b_id_item_proj=0.114120, b_bias_scale=0.003339, fusion_gate=0.000023, q_gate_raw=0.000002, skill_latent=0.214950, student_q_proj=0.023276, item_id_adapter=0.335169, relation_emb=0.000000e+00, relation_tau=0.000000e+00, relation_wq=0.000000e+00, relation_wk=0.000000e+00, personal_u=0.000000e+00, personal_v=0.000000e+00, personal_alpha_bias=0.000000e+00, personal_gate_emb=0.000000e+00, personal_gate_student_proj=0.000000e+00, personal_gate_context_proj=0.000000e+00, personal_gate_student_direct=0.000000e+00, personal_gate_context_direct=0.000000e+00, personal_gate_out=0.000000e+00, personal_generator_emb=0.000000e+00, personal_generator_context_proj=0.000000e+00, personal_generator_context_hidden=0.000000e+00, personal_generator_context_to_u=0.000000e+00, personal_generator_context_to_v=0.000000e+00
2026-04-11 03:23:03,475 - INFO - [assist_09|assist_09_abce_best_no_AE|lr=0.0003|drop=0.20] -> New best AUC=0.8070 at epoch 32
2026-04-11 03:23:32,958 - INFO - [assist_09|assist_09_abce_best_no_AE|lr=0.0003|drop=0.20] Epoch [033/100] | Train: Loss=0.3438, BCE=0.2632, Reg=0.0806, AUC=0.9687, ACC=0.9082, RMSE=0.2747 | Val: Loss=0.5877, BCE=0.5176, Reg=0.0701, AUC=0.8071, ACC=0.7593, RMSE=0.4091
2026-04-11 03:23:32,958 - INFO - [assist_09|assist_09_abce_best_no_AE|lr=0.0003|drop=0.20] [Reg Terms] Epoch [033] | Train: graph_entropy=0.000000, graph_diag=0.000000, graph_uniform=0.000000, graph_reg_scale=1.0000, mf_l2=0.000001, delta_ratio=0.043686, personal_sparse=0.000000, alpha_var=0.000000, alpha_collapse=0.000000, reg_bce_ratio=0.3062 | Val: graph_entropy=0.000000, graph_diag=0.000000, graph_uniform=0.000000, graph_reg_scale=1.0000, mf_l2=0.000001, delta_ratio=0.036848, personal_sparse=0.000000, alpha_var=0.000000, alpha_collapse=0.000000, reg_bce_ratio=0.1354
2026-04-11 03:23:33,090 - INFO - [assist_09|assist_09_abce_best_no_AE|lr=0.0003|drop=0.20] [Diag][M3] Epoch [033] | residual_abs_mean=0.7165, residual_std=0.4864, mf_abs_mean=0.7165, mf_std=0.4864, gate_mean=0.9980, gate_std=0.0057, q_interaction_abs_mean=0.2906, id_adapter_abs_mean=0.5298, bias_abs_mean=0.5427, B_q_share=0.4056, B_id_share=0.7394, B_bias_share=0.7574, student_q_norm=0.7744, student_id_adapter_norm=0.3241, item_q_norm=0.2758, item_id_adapter_norm=0.2161, irt_abs_mean=1.8936, irt_std=1.1224, delta_abs_mean=0.7159, delta_std=0.4867, delta_over_irt=0.3781, warmup(mf/personal)=1.00/1.00, graph_row_entropy=0.0000, graph_entropy_ratio=0.0000, alpha_mean=0.0000, alpha_std=0.0000, alpha_bias_std=0.0000, personal_row_entropy=0.0000, personal_matrix_delta=0.0000, personal_matrix_student_std=0.0000, personal_delta_pre_softmax_norm=0.0000, personal_delta_student_std=0.0000, alpha_head_std=0.0000
2026-04-11 03:23:33,090 - INFO - [assist_09|assist_09_abce_best_no_AE|lr=0.0003|drop=0.20] [Diag][Graph] Epoch [033] | entropy_ratio=0.0000, diag_mass=1.0000, to_uniform_l2=0.089800, to_identity_l2=0.000000, tau_mean=0.0000, tau_std=0.0000, graph_reg_scale(train/val)=1.0000/1.0000
2026-04-11 03:23:33,090 - WARNING - [assist_09|assist_09_abce_best_no_AE|lr=0.0003|drop=0.20] [Diag Warning][M3] gate_mean has stayed high for 31 epoch(s): gate_mean=0.9980, gate_std=0.0057
2026-04-11 03:23:33,090 - WARNING - [assist_09|assist_09_abce_best_no_AE|lr=0.0003|drop=0.20] [Diag Warning][M3] delta_over_irt has stayed high for 27 epoch(s): delta_over_irt=0.3781, delta_abs_mean=0.7159
2026-04-11 03:23:33,090 - WARNING - [assist_09|assist_09_abce_best_no_AE|lr=0.0003|drop=0.20] [Diag Warning][B] B_q_share is low: B_q_share=0.4056, B_id_share=0.7394, B_bias_share=0.7574
2026-04-11 03:23:33,090 - WARNING - [assist_09|assist_09_abce_best_no_AE|lr=0.0003|drop=0.20] [Diag Warning][B] B_id_share is high: B_id_share=0.7394, B_q_share=0.4056
2026-04-11 03:23:33,090 - INFO - [assist_09|assist_09_abce_best_no_AE|lr=0.0003|drop=0.20] [Grad Norms] Epoch [033] | mf_u_proj=0.012133, mf_v_proj=0.010100, b_id_student_proj=0.097064, b_id_item_proj=0.101137, b_bias_scale=0.003945, fusion_gate=0.000033, q_gate_raw=0.000004, skill_latent=0.201361, student_q_proj=0.037508, item_id_adapter=0.269705, relation_emb=0.000000e+00, relation_tau=0.000000e+00, relation_wq=0.000000e+00, relation_wk=0.000000e+00, personal_u=0.000000e+00, personal_v=0.000000e+00, personal_alpha_bias=0.000000e+00, personal_gate_emb=0.000000e+00, personal_gate_student_proj=0.000000e+00, personal_gate_context_proj=0.000000e+00, personal_gate_student_direct=0.000000e+00, personal_gate_context_direct=0.000000e+00, personal_gate_out=0.000000e+00, personal_generator_emb=0.000000e+00, personal_generator_context_proj=0.000000e+00, personal_generator_context_hidden=0.000000e+00, personal_generator_context_to_u=0.000000e+00, personal_generator_context_to_v=0.000000e+00
2026-04-11 03:23:33,537 - INFO - [assist_09|assist_09_abce_best_no_AE|lr=0.0003|drop=0.20] -> New best AUC=0.8071 at epoch 33
2026-04-11 03:24:04,023 - INFO - [assist_09|assist_09_abce_best_no_AE|lr=0.0003|drop=0.20] Epoch [034/100] | Train: Loss=0.3417, BCE=0.2610, Reg=0.0807, AUC=0.9698, ACC=0.9095, RMSE=0.2731 | Val: Loss=0.5880, BCE=0.5178, Reg=0.0702, AUC=0.8070, ACC=0.7598, RMSE=0.4092
2026-04-11 03:24:04,023 - INFO - [assist_09|assist_09_abce_best_no_AE|lr=0.0003|drop=0.20] [Reg Terms] Epoch [034] | Train: graph_entropy=0.000000, graph_diag=0.000000, graph_uniform=0.000000, graph_reg_scale=1.0000, mf_l2=0.000001, delta_ratio=0.044071, personal_sparse=0.000000, alpha_var=0.000000, alpha_collapse=0.000000, reg_bce_ratio=0.3092 | Val: graph_entropy=0.000000, graph_diag=0.000000, graph_uniform=0.000000, graph_reg_scale=1.0000, mf_l2=0.000001, delta_ratio=0.036910, personal_sparse=0.000000, alpha_var=0.000000, alpha_collapse=0.000000, reg_bce_ratio=0.1356
2026-04-11 03:24:04,173 - INFO - [assist_09|assist_09_abce_best_no_AE|lr=0.0003|drop=0.20] [Diag][M3] Epoch [034] | residual_abs_mean=0.7171, residual_std=0.4879, mf_abs_mean=0.7171, mf_std=0.4879, gate_mean=0.9980, gate_std=0.0058, q_interaction_abs_mean=0.2916, id_adapter_abs_mean=0.5299, bias_abs_mean=0.5444, B_q_share=0.4066, B_id_share=0.7389, B_bias_share=0.7591, student_q_norm=0.7708, student_id_adapter_norm=0.3240, item_q_norm=0.2755, item_id_adapter_norm=0.2158, irt_abs_mean=1.8944, irt_std=1.1228, delta_abs_mean=0.7165, delta_std=0.4882, delta_over_irt=0.3782, warmup(mf/personal)=1.00/1.00, graph_row_entropy=0.0000, graph_entropy_ratio=0.0000, alpha_mean=0.0000, alpha_std=0.0000, alpha_bias_std=0.0000, personal_row_entropy=0.0000, personal_matrix_delta=0.0000, personal_matrix_student_std=0.0000, personal_delta_pre_softmax_norm=0.0000, personal_delta_student_std=0.0000, alpha_head_std=0.0000
2026-04-11 03:24:04,173 - INFO - [assist_09|assist_09_abce_best_no_AE|lr=0.0003|drop=0.20] [Diag][Graph] Epoch [034] | entropy_ratio=0.0000, diag_mass=1.0000, to_uniform_l2=0.089800, to_identity_l2=0.000000, tau_mean=0.0000, tau_std=0.0000, graph_reg_scale(train/val)=1.0000/1.0000
2026-04-11 03:24:04,173 - WARNING - [assist_09|assist_09_abce_best_no_AE|lr=0.0003|drop=0.20] [Diag Warning][M3] gate_mean has stayed high for 32 epoch(s): gate_mean=0.9980, gate_std=0.0058
2026-04-11 03:24:04,174 - WARNING - [assist_09|assist_09_abce_best_no_AE|lr=0.0003|drop=0.20] [Diag Warning][M3] delta_over_irt has stayed high for 28 epoch(s): delta_over_irt=0.3782, delta_abs_mean=0.7165
2026-04-11 03:24:04,174 - WARNING - [assist_09|assist_09_abce_best_no_AE|lr=0.0003|drop=0.20] [Diag Warning][B] B_q_share is low: B_q_share=0.4066, B_id_share=0.7389, B_bias_share=0.7591
2026-04-11 03:24:04,174 - WARNING - [assist_09|assist_09_abce_best_no_AE|lr=0.0003|drop=0.20] [Diag Warning][B] B_id_share is high: B_id_share=0.7389, B_q_share=0.4066
2026-04-11 03:24:04,174 - INFO - [assist_09|assist_09_abce_best_no_AE|lr=0.0003|drop=0.20] [Grad Norms] Epoch [034] | mf_u_proj=0.009737, mf_v_proj=0.011164, b_id_student_proj=0.141930, b_id_item_proj=0.143717, b_bias_scale=0.001403, fusion_gate=0.000051, q_gate_raw=0.000018, skill_latent=0.330388, student_q_proj=0.019906, item_id_adapter=0.379388, relation_emb=0.000000e+00, relation_tau=0.000000e+00, relation_wq=0.000000e+00, relation_wk=0.000000e+00, personal_u=0.000000e+00, personal_v=0.000000e+00, personal_alpha_bias=0.000000e+00, personal_gate_emb=0.000000e+00, personal_gate_student_proj=0.000000e+00, personal_gate_context_proj=0.000000e+00, personal_gate_student_direct=0.000000e+00, personal_gate_context_direct=0.000000e+00, personal_gate_out=0.000000e+00, personal_generator_emb=0.000000e+00, personal_generator_context_proj=0.000000e+00, personal_generator_context_hidden=0.000000e+00, personal_generator_context_to_u=0.000000e+00, personal_generator_context_to_v=0.000000e+00
2026-04-11 03:24:04,174 - INFO - [assist_09|assist_09_abce_best_no_AE|lr=0.0003|drop=0.20] -> No improvement 1 epoch(s) (best AUC=0.8071 @ 33)
2026-04-11 03:24:32,596 - INFO - [assist_09|assist_09_abce_best_no_AE|lr=0.0003|drop=0.20] Epoch [035/100] | Train: Loss=0.3415, BCE=0.2608, Reg=0.0808, AUC=0.9697, ACC=0.9097, RMSE=0.2728 | Val: Loss=0.5884, BCE=0.5181, Reg=0.0703, AUC=0.8070, ACC=0.7597, RMSE=0.4093
2026-04-11 03:24:32,597 - INFO - [assist_09|assist_09_abce_best_no_AE|lr=0.0003|drop=0.20] [Reg Terms] Epoch [035] | Train: graph_entropy=0.000000, graph_diag=0.000000, graph_uniform=0.000000, graph_reg_scale=1.0000, mf_l2=0.000001, delta_ratio=0.043949, personal_sparse=0.000000, alpha_var=0.000000, alpha_collapse=0.000000, reg_bce_ratio=0.3097 | Val: graph_entropy=0.000000, graph_diag=0.000000, graph_uniform=0.000000, graph_reg_scale=1.0000, mf_l2=0.000001, delta_ratio=0.036966, personal_sparse=0.000000, alpha_var=0.000000, alpha_collapse=0.000000, reg_bce_ratio=0.1358
2026-04-11 03:24:32,743 - INFO - [assist_09|assist_09_abce_best_no_AE|lr=0.0003|drop=0.20] [Diag][M3] Epoch [035] | residual_abs_mean=0.7200, residual_std=0.4879, mf_abs_mean=0.7200, mf_std=0.4879, gate_mean=0.9980, gate_std=0.0059, q_interaction_abs_mean=0.2932, id_adapter_abs_mean=0.5330, bias_abs_mean=0.5469, B_q_share=0.4072, B_id_share=0.7402, B_bias_share=0.7596, student_q_norm=0.7706, student_id_adapter_norm=0.3238, item_q_norm=0.2753, item_id_adapter_norm=0.2155, irt_abs_mean=1.8951, irt_std=1.1237, delta_abs_mean=0.7194, delta_std=0.4882, delta_over_irt=0.3796, warmup(mf/personal)=1.00/1.00, graph_row_entropy=0.0000, graph_entropy_ratio=0.0000, alpha_mean=0.0000, alpha_std=0.0000, alpha_bias_std=0.0000, personal_row_entropy=0.0000, personal_matrix_delta=0.0000, personal_matrix_student_std=0.0000, personal_delta_pre_softmax_norm=0.0000, personal_delta_student_std=0.0000, alpha_head_std=0.0000
2026-04-11 03:24:32,743 - INFO - [assist_09|assist_09_abce_best_no_AE|lr=0.0003|drop=0.20] [Diag][Graph] Epoch [035] | entropy_ratio=0.0000, diag_mass=1.0000, to_uniform_l2=0.089800, to_identity_l2=0.000000, tau_mean=0.0000, tau_std=0.0000, graph_reg_scale(train/val)=1.0000/1.0000
2026-04-11 03:24:32,743 - WARNING - [assist_09|assist_09_abce_best_no_AE|lr=0.0003|drop=0.20] [Diag Warning][M3] gate_mean has stayed high for 33 epoch(s): gate_mean=0.9980, gate_std=0.0059
2026-04-11 03:24:32,743 - WARNING - [assist_09|assist_09_abce_best_no_AE|lr=0.0003|drop=0.20] [Diag Warning][M3] delta_over_irt has stayed high for 29 epoch(s): delta_over_irt=0.3796, delta_abs_mean=0.7194
2026-04-11 03:24:32,743 - WARNING - [assist_09|assist_09_abce_best_no_AE|lr=0.0003|drop=0.20] [Diag Warning][B] B_q_share is low: B_q_share=0.4072, B_id_share=0.7402, B_bias_share=0.7596
2026-04-11 03:24:32,743 - WARNING - [assist_09|assist_09_abce_best_no_AE|lr=0.0003|drop=0.20] [Diag Warning][B] B_id_share is high: B_id_share=0.7402, B_q_share=0.4072
2026-04-11 03:24:32,744 - INFO - [assist_09|assist_09_abce_best_no_AE|lr=0.0003|drop=0.20] [Grad Norms] Epoch [035] | mf_u_proj=0.012727, mf_v_proj=0.013091, b_id_student_proj=0.131084, b_id_item_proj=0.131632, b_bias_scale=0.000135, fusion_gate=0.000035, q_gate_raw=0.000005, skill_latent=0.276906, student_q_proj=0.024067, item_id_adapter=0.338629, relation_emb=0.000000e+00, relation_tau=0.000000e+00, relation_wq=0.000000e+00, relation_wk=0.000000e+00, personal_u=0.000000e+00, personal_v=0.000000e+00, personal_alpha_bias=0.000000e+00, personal_gate_emb=0.000000e+00, personal_gate_student_proj=0.000000e+00, personal_gate_context_proj=0.000000e+00, personal_gate_student_direct=0.000000e+00, personal_gate_context_direct=0.000000e+00, personal_gate_out=0.000000e+00, personal_generator_emb=0.000000e+00, personal_generator_context_proj=0.000000e+00, personal_generator_context_hidden=0.000000e+00, personal_generator_context_to_u=0.000000e+00, personal_generator_context_to_v=0.000000e+00
2026-04-11 03:24:32,744 - INFO - [assist_09|assist_09_abce_best_no_AE|lr=0.0003|drop=0.20] -> No improvement 2 epoch(s) (best AUC=0.8071 @ 33)
2026-04-11 03:25:04,514 - INFO - [assist_09|assist_09_abce_best_no_AE|lr=0.0003|drop=0.20] Epoch [036/100] | Train: Loss=0.3416, BCE=0.2607, Reg=0.0809, AUC=0.9698, ACC=0.9094, RMSE=0.2730 | Val: Loss=0.5887, BCE=0.5182, Reg=0.0705, AUC=0.8071, ACC=0.7600, RMSE=0.4093
2026-04-11 03:25:04,514 - INFO - [assist_09|assist_09_abce_best_no_AE|lr=0.0003|drop=0.20] [Reg Terms] Epoch [036] | Train: graph_entropy=0.000000, graph_diag=0.000000, graph_uniform=0.000000, graph_reg_scale=1.0000, mf_l2=0.000001, delta_ratio=0.044102, personal_sparse=0.000000, alpha_var=0.000000, alpha_collapse=0.000000, reg_bce_ratio=0.3105 | Val: graph_entropy=0.000000, graph_diag=0.000000, graph_uniform=0.000000, graph_reg_scale=1.0000, mf_l2=0.000001, delta_ratio=0.037084, personal_sparse=0.000000, alpha_var=0.000000, alpha_collapse=0.000000, reg_bce_ratio=0.1360
2026-04-11 03:25:04,719 - INFO - [assist_09|assist_09_abce_best_no_AE|lr=0.0003|drop=0.20] [Diag][M3] Epoch [036] | residual_abs_mean=0.7231, residual_std=0.4876, mf_abs_mean=0.7231, mf_std=0.4876, gate_mean=0.9980, gate_std=0.0057, q_interaction_abs_mean=0.2947, id_adapter_abs_mean=0.5313, bias_abs_mean=0.5494, B_q_share=0.4075, B_id_share=0.7347, B_bias_share=0.7598, student_q_norm=0.7664, student_id_adapter_norm=0.3237, item_q_norm=0.2748, item_id_adapter_norm=0.2152, irt_abs_mean=1.8968, irt_std=1.1259, delta_abs_mean=0.7225, delta_std=0.4879, delta_over_irt=0.3809, warmup(mf/personal)=1.00/1.00, graph_row_entropy=0.0000, graph_entropy_ratio=0.0000, alpha_mean=0.0000, alpha_std=0.0000, alpha_bias_std=0.0000, personal_row_entropy=0.0000, personal_matrix_delta=0.0000, personal_matrix_student_std=0.0000, personal_delta_pre_softmax_norm=0.0000, personal_delta_student_std=0.0000, alpha_head_std=0.0000
2026-04-11 03:25:04,720 - INFO - [assist_09|assist_09_abce_best_no_AE|lr=0.0003|drop=0.20] [Diag][Graph] Epoch [036] | entropy_ratio=0.0000, diag_mass=1.0000, to_uniform_l2=0.089800, to_identity_l2=0.000000, tau_mean=0.0000, tau_std=0.0000, graph_reg_scale(train/val)=1.0000/1.0000
2026-04-11 03:25:04,720 - WARNING - [assist_09|assist_09_abce_best_no_AE|lr=0.0003|drop=0.20] [Diag Warning][M3] gate_mean has stayed high for 34 epoch(s): gate_mean=0.9980, gate_std=0.0057
2026-04-11 03:25:04,720 - WARNING - [assist_09|assist_09_abce_best_no_AE|lr=0.0003|drop=0.20] [Diag Warning][M3] delta_over_irt has stayed high for 30 epoch(s): delta_over_irt=0.3809, delta_abs_mean=0.7225
2026-04-11 03:25:04,720 - WARNING - [assist_09|assist_09_abce_best_no_AE|lr=0.0003|drop=0.20] [Diag Warning][B] B_q_share is low: B_q_share=0.4075, B_id_share=0.7347, B_bias_share=0.7598
2026-04-11 03:25:04,720 - WARNING - [assist_09|assist_09_abce_best_no_AE|lr=0.0003|drop=0.20] [Diag Warning][B] B_id_share is high: B_id_share=0.7347, B_q_share=0.4075
2026-04-11 03:25:04,720 - INFO - [assist_09|assist_09_abce_best_no_AE|lr=0.0003|drop=0.20] [Grad Norms] Epoch [036] | mf_u_proj=0.011549, mf_v_proj=0.010203, b_id_student_proj=0.115941, b_id_item_proj=0.121593, b_bias_scale=0.004673, fusion_gate=0.000038, q_gate_raw=0.000009, skill_latent=0.232574, student_q_proj=0.026555, item_id_adapter=0.304736, relation_emb=0.000000e+00, relation_tau=0.000000e+00, relation_wq=0.000000e+00, relation_wk=0.000000e+00, personal_u=0.000000e+00, personal_v=0.000000e+00, personal_alpha_bias=0.000000e+00, personal_gate_emb=0.000000e+00, personal_gate_student_proj=0.000000e+00, personal_gate_context_proj=0.000000e+00, personal_gate_student_direct=0.000000e+00, personal_gate_context_direct=0.000000e+00, personal_gate_out=0.000000e+00, personal_generator_emb=0.000000e+00, personal_generator_context_proj=0.000000e+00, personal_generator_context_hidden=0.000000e+00, personal_generator_context_to_u=0.000000e+00, personal_generator_context_to_v=0.000000e+00
2026-04-11 03:25:05,301 - INFO - [assist_09|assist_09_abce_best_no_AE|lr=0.0003|drop=0.20] -> New best AUC=0.8071 at epoch 36
2026-04-11 03:25:35,799 - INFO - [assist_09|assist_09_abce_best_no_AE|lr=0.0003|drop=0.20] Epoch [037/100] | Train: Loss=0.3418, BCE=0.2607, Reg=0.0811, AUC=0.9694, ACC=0.9097, RMSE=0.2730 | Val: Loss=0.5889, BCE=0.5182, Reg=0.0707, AUC=0.8071, ACC=0.7597, RMSE=0.4092
2026-04-11 03:25:35,800 - INFO - [assist_09|assist_09_abce_best_no_AE|lr=0.0003|drop=0.20] [Reg Terms] Epoch [037] | Train: graph_entropy=0.000000, graph_diag=0.000000, graph_uniform=0.000000, graph_reg_scale=1.0000, mf_l2=0.000001, delta_ratio=0.044118, personal_sparse=0.000000, alpha_var=0.000000, alpha_collapse=0.000000, reg_bce_ratio=0.3110 | Val: graph_entropy=0.000000, graph_diag=0.000000, graph_uniform=0.000000, graph_reg_scale=1.0000, mf_l2=0.000001, delta_ratio=0.037230, personal_sparse=0.000000, alpha_var=0.000000, alpha_collapse=0.000000, reg_bce_ratio=0.1364
2026-04-11 03:25:35,950 - INFO - [assist_09|assist_09_abce_best_no_AE|lr=0.0003|drop=0.20] [Diag][M3] Epoch [037] | residual_abs_mean=0.7265, residual_std=0.4883, mf_abs_mean=0.7265, mf_std=0.4883, gate_mean=0.9980, gate_std=0.0054, q_interaction_abs_mean=0.2938, id_adapter_abs_mean=0.5363, bias_abs_mean=0.5509, B_q_share=0.4044, B_id_share=0.7382, B_bias_share=0.7583, student_q_norm=0.7651, student_id_adapter_norm=0.3236, item_q_norm=0.2743, item_id_adapter_norm=0.2149, irt_abs_mean=1.8954, irt_std=1.1266, delta_abs_mean=0.7259, delta_std=0.4887, delta_over_irt=0.3830, warmup(mf/personal)=1.00/1.00, graph_row_entropy=0.0000, graph_entropy_ratio=0.0000, alpha_mean=0.0000, alpha_std=0.0000, alpha_bias_std=0.0000, personal_row_entropy=0.0000, personal_matrix_delta=0.0000, personal_matrix_student_std=0.0000, personal_delta_pre_softmax_norm=0.0000, personal_delta_student_std=0.0000, alpha_head_std=0.0000
2026-04-11 03:25:35,951 - INFO - [assist_09|assist_09_abce_best_no_AE|lr=0.0003|drop=0.20] [Diag][Graph] Epoch [037] | entropy_ratio=0.0000, diag_mass=1.0000, to_uniform_l2=0.089800, to_identity_l2=0.000000, tau_mean=0.0000, tau_std=0.0000, graph_reg_scale(train/val)=1.0000/1.0000
2026-04-11 03:25:35,951 - WARNING - [assist_09|assist_09_abce_best_no_AE|lr=0.0003|drop=0.20] [Diag Warning][M3] gate_mean has stayed high for 35 epoch(s): gate_mean=0.9980, gate_std=0.0054
2026-04-11 03:25:35,951 - WARNING - [assist_09|assist_09_abce_best_no_AE|lr=0.0003|drop=0.20] [Diag Warning][M3] delta_over_irt has stayed high for 31 epoch(s): delta_over_irt=0.3830, delta_abs_mean=0.7259
2026-04-11 03:25:35,951 - WARNING - [assist_09|assist_09_abce_best_no_AE|lr=0.0003|drop=0.20] [Diag Warning][B] B_q_share is low: B_q_share=0.4044, B_id_share=0.7382, B_bias_share=0.7583
2026-04-11 03:25:35,951 - WARNING - [assist_09|assist_09_abce_best_no_AE|lr=0.0003|drop=0.20] [Diag Warning][B] B_id_share is high: B_id_share=0.7382, B_q_share=0.4044
2026-04-11 03:25:35,951 - INFO - [assist_09|assist_09_abce_best_no_AE|lr=0.0003|drop=0.20] [Grad Norms] Epoch [037] | mf_u_proj=0.010362, mf_v_proj=0.010680, b_id_student_proj=0.089606, b_id_item_proj=0.091761, b_bias_scale=0.002978, fusion_gate=0.000027, q_gate_raw=0.000005, skill_latent=0.196989, student_q_proj=0.025832, item_id_adapter=0.258803, relation_emb=0.000000e+00, relation_tau=0.000000e+00, relation_wq=0.000000e+00, relation_wk=0.000000e+00, personal_u=0.000000e+00, personal_v=0.000000e+00, personal_alpha_bias=0.000000e+00, personal_gate_emb=0.000000e+00, personal_gate_student_proj=0.000000e+00, personal_gate_context_proj=0.000000e+00, personal_gate_student_direct=0.000000e+00, personal_gate_context_direct=0.000000e+00, personal_gate_out=0.000000e+00, personal_generator_emb=0.000000e+00, personal_generator_context_proj=0.000000e+00, personal_generator_context_hidden=0.000000e+00, personal_generator_context_to_u=0.000000e+00, personal_generator_context_to_v=0.000000e+00
2026-04-11 03:25:36,402 - INFO - [assist_09|assist_09_abce_best_no_AE|lr=0.0003|drop=0.20] -> New best AUC=0.8071 at epoch 37
2026-04-11 03:26:06,271 - INFO - [assist_09|assist_09_abce_best_no_AE|lr=0.0003|drop=0.20] Epoch [038/100] | Train: Loss=0.3405, BCE=0.2593, Reg=0.0813, AUC=0.9702, ACC=0.9104, RMSE=0.2721 | Val: Loss=0.5890, BCE=0.5183, Reg=0.0708, AUC=0.8072, ACC=0.7598, RMSE=0.4092
2026-04-11 03:26:06,271 - INFO - [assist_09|assist_09_abce_best_no_AE|lr=0.0003|drop=0.20] [Reg Terms] Epoch [038] | Train: graph_entropy=0.000000, graph_diag=0.000000, graph_uniform=0.000000, graph_reg_scale=1.0000, mf_l2=0.000001, delta_ratio=0.044352, personal_sparse=0.000000, alpha_var=0.000000, alpha_collapse=0.000000, reg_bce_ratio=0.3135 | Val: graph_entropy=0.000000, graph_diag=0.000000, graph_uniform=0.000000, graph_reg_scale=1.0000, mf_l2=0.000001, delta_ratio=0.037266, personal_sparse=0.000000, alpha_var=0.000000, alpha_collapse=0.000000, reg_bce_ratio=0.1365
2026-04-11 03:26:06,421 - INFO - [assist_09|assist_09_abce_best_no_AE|lr=0.0003|drop=0.20] [Diag][M3] Epoch [038] | residual_abs_mean=0.7268, residual_std=0.4895, mf_abs_mean=0.7268, mf_std=0.4895, gate_mean=0.9980, gate_std=0.0055, q_interaction_abs_mean=0.2953, id_adapter_abs_mean=0.5365, bias_abs_mean=0.5519, B_q_share=0.4063, B_id_share=0.7382, B_bias_share=0.7593, student_q_norm=0.7655, student_id_adapter_norm=0.3235, item_q_norm=0.2742, item_id_adapter_norm=0.2147, irt_abs_mean=1.8968, irt_std=1.1278, delta_abs_mean=0.7262, delta_std=0.4898, delta_over_irt=0.3829, warmup(mf/personal)=1.00/1.00, graph_row_entropy=0.0000, graph_entropy_ratio=0.0000, alpha_mean=0.0000, alpha_std=0.0000, alpha_bias_std=0.0000, personal_row_entropy=0.0000, personal_matrix_delta=0.0000, personal_matrix_student_std=0.0000, personal_delta_pre_softmax_norm=0.0000, personal_delta_student_std=0.0000, alpha_head_std=0.0000
2026-04-11 03:26:06,421 - INFO - [assist_09|assist_09_abce_best_no_AE|lr=0.0003|drop=0.20] [Diag][Graph] Epoch [038] | entropy_ratio=0.0000, diag_mass=1.0000, to_uniform_l2=0.089800, to_identity_l2=0.000000, tau_mean=0.0000, tau_std=0.0000, graph_reg_scale(train/val)=1.0000/1.0000
2026-04-11 03:26:06,421 - WARNING - [assist_09|assist_09_abce_best_no_AE|lr=0.0003|drop=0.20] [Diag Warning][M3] gate_mean has stayed high for 36 epoch(s): gate_mean=0.9980, gate_std=0.0055
2026-04-11 03:26:06,421 - WARNING - [assist_09|assist_09_abce_best_no_AE|lr=0.0003|drop=0.20] [Diag Warning][M3] delta_over_irt has stayed high for 32 epoch(s): delta_over_irt=0.3829, delta_abs_mean=0.7262
2026-04-11 03:26:06,421 - WARNING - [assist_09|assist_09_abce_best_no_AE|lr=0.0003|drop=0.20] [Diag Warning][B] B_q_share is low: B_q_share=0.4063, B_id_share=0.7382, B_bias_share=0.7593
2026-04-11 03:26:06,421 - WARNING - [assist_09|assist_09_abce_best_no_AE|lr=0.0003|drop=0.20] [Diag Warning][B] B_id_share is high: B_id_share=0.7382, B_q_share=0.4063
2026-04-11 03:26:06,421 - INFO - [assist_09|assist_09_abce_best_no_AE|lr=0.0003|drop=0.20] [Grad Norms] Epoch [038] | mf_u_proj=0.010440, mf_v_proj=0.012817, b_id_student_proj=0.139881, b_id_item_proj=0.143362, b_bias_scale=0.004816, fusion_gate=0.000051, q_gate_raw=0.000007, skill_latent=0.288763, student_q_proj=0.024583, item_id_adapter=0.384134, relation_emb=0.000000e+00, relation_tau=0.000000e+00, relation_wq=0.000000e+00, relation_wk=0.000000e+00, personal_u=0.000000e+00, personal_v=0.000000e+00, personal_alpha_bias=0.000000e+00, personal_gate_emb=0.000000e+00, personal_gate_student_proj=0.000000e+00, personal_gate_context_proj=0.000000e+00, personal_gate_student_direct=0.000000e+00, personal_gate_context_direct=0.000000e+00, personal_gate_out=0.000000e+00, personal_generator_emb=0.000000e+00, personal_generator_context_proj=0.000000e+00, personal_generator_context_hidden=0.000000e+00, personal_generator_context_to_u=0.000000e+00, personal_generator_context_to_v=0.000000e+00
2026-04-11 03:26:06,873 - INFO - [assist_09|assist_09_abce_best_no_AE|lr=0.0003|drop=0.20] -> New best AUC=0.8072 at epoch 38
2026-04-11 03:26:36,096 - INFO - [assist_09|assist_09_abce_best_no_AE|lr=0.0003|drop=0.20] Epoch [039/100] | Train: Loss=0.3403, BCE=0.2590, Reg=0.0813, AUC=0.9703, ACC=0.9107, RMSE=0.2718 | Val: Loss=0.5892, BCE=0.5184, Reg=0.0708, AUC=0.8072, ACC=0.7601, RMSE=0.4092
2026-04-11 03:26:36,096 - INFO - [assist_09|assist_09_abce_best_no_AE|lr=0.0003|drop=0.20] [Reg Terms] Epoch [039] | Train: graph_entropy=0.000000, graph_diag=0.000000, graph_uniform=0.000000, graph_reg_scale=1.0000, mf_l2=0.000001, delta_ratio=0.044301, personal_sparse=0.000000, alpha_var=0.000000, alpha_collapse=0.000000, reg_bce_ratio=0.3140 | Val: graph_entropy=0.000000, graph_diag=0.000000, graph_uniform=0.000000, graph_reg_scale=1.0000, mf_l2=0.000001, delta_ratio=0.037286, personal_sparse=0.000000, alpha_var=0.000000, alpha_collapse=0.000000, reg_bce_ratio=0.1366
2026-04-11 03:26:36,236 - INFO - [assist_09|assist_09_abce_best_no_AE|lr=0.0003|drop=0.20] [Diag][M3] Epoch [039] | residual_abs_mean=0.7267, residual_std=0.4893, mf_abs_mean=0.7267, mf_std=0.4893, gate_mean=0.9980, gate_std=0.0056, q_interaction_abs_mean=0.2977, id_adapter_abs_mean=0.5353, bias_abs_mean=0.5527, B_q_share=0.4096, B_id_share=0.7366, B_bias_share=0.7605, student_q_norm=0.7626, student_id_adapter_norm=0.3234, item_q_norm=0.2740, item_id_adapter_norm=0.2145, irt_abs_mean=1.8975, irt_std=1.1282, delta_abs_mean=0.7261, delta_std=0.4896, delta_over_irt=0.3827, warmup(mf/personal)=1.00/1.00, graph_row_entropy=0.0000, graph_entropy_ratio=0.0000, alpha_mean=0.0000, alpha_std=0.0000, alpha_bias_std=0.0000, personal_row_entropy=0.0000, personal_matrix_delta=0.0000, personal_matrix_student_std=0.0000, personal_delta_pre_softmax_norm=0.0000, personal_delta_student_std=0.0000, alpha_head_std=0.0000
2026-04-11 03:26:36,237 - INFO - [assist_09|assist_09_abce_best_no_AE|lr=0.0003|drop=0.20] [Diag][Graph] Epoch [039] | entropy_ratio=0.0000, diag_mass=1.0000, to_uniform_l2=0.089800, to_identity_l2=0.000000, tau_mean=0.0000, tau_std=0.0000, graph_reg_scale(train/val)=1.0000/1.0000
2026-04-11 03:26:36,237 - WARNING - [assist_09|assist_09_abce_best_no_AE|lr=0.0003|drop=0.20] [Diag Warning][M3] gate_mean has stayed high for 37 epoch(s): gate_mean=0.9980, gate_std=0.0056
2026-04-11 03:26:36,237 - WARNING - [assist_09|assist_09_abce_best_no_AE|lr=0.0003|drop=0.20] [Diag Warning][M3] delta_over_irt has stayed high for 33 epoch(s): delta_over_irt=0.3827, delta_abs_mean=0.7261
2026-04-11 03:26:36,237 - WARNING - [assist_09|assist_09_abce_best_no_AE|lr=0.0003|drop=0.20] [Diag Warning][B] B_q_share is low: B_q_share=0.4096, B_id_share=0.7366, B_bias_share=0.7605
2026-04-11 03:26:36,237 - WARNING - [assist_09|assist_09_abce_best_no_AE|lr=0.0003|drop=0.20] [Diag Warning][B] B_id_share is high: B_id_share=0.7366, B_q_share=0.4096
2026-04-11 03:26:36,237 - INFO - [assist_09|assist_09_abce_best_no_AE|lr=0.0003|drop=0.20] [Grad Norms] Epoch [039] | mf_u_proj=0.013892, mf_v_proj=0.014700, b_id_student_proj=0.139974, b_id_item_proj=0.147509, b_bias_scale=0.002004, fusion_gate=0.000037, q_gate_raw=0.000007, skill_latent=0.264871, student_q_proj=0.020880, item_id_adapter=0.398383, relation_emb=0.000000e+00, relation_tau=0.000000e+00, relation_wq=0.000000e+00, relation_wk=0.000000e+00, personal_u=0.000000e+00, personal_v=0.000000e+00, personal_alpha_bias=0.000000e+00, personal_gate_emb=0.000000e+00, personal_gate_student_proj=0.000000e+00, personal_gate_context_proj=0.000000e+00, personal_gate_student_direct=0.000000e+00, personal_gate_context_direct=0.000000e+00, personal_gate_out=0.000000e+00, personal_generator_emb=0.000000e+00, personal_generator_context_proj=0.000000e+00, personal_generator_context_hidden=0.000000e+00, personal_generator_context_to_u=0.000000e+00, personal_generator_context_to_v=0.000000e+00
2026-04-11 03:26:36,611 - INFO - [assist_09|assist_09_abce_best_no_AE|lr=0.0003|drop=0.20] -> New best AUC=0.8072 at epoch 39
2026-04-11 03:27:07,050 - INFO - [assist_09|assist_09_abce_best_no_AE|lr=0.0003|drop=0.20] Epoch [040/100] | Train: Loss=0.3400, BCE=0.2585, Reg=0.0815, AUC=0.9703, ACC=0.9109, RMSE=0.2715 | Val: Loss=0.5894, BCE=0.5185, Reg=0.0709, AUC=0.8072, ACC=0.7596, RMSE=0.4092
2026-04-11 03:27:07,051 - INFO - [assist_09|assist_09_abce_best_no_AE|lr=0.0003|drop=0.20] [Reg Terms] Epoch [040] | Train: graph_entropy=0.000000, graph_diag=0.000000, graph_uniform=0.000000, graph_reg_scale=1.0000, mf_l2=0.000001, delta_ratio=0.044412, personal_sparse=0.000000, alpha_var=0.000000, alpha_collapse=0.000000, reg_bce_ratio=0.3152 | Val: graph_entropy=0.000000, graph_diag=0.000000, graph_uniform=0.000000, graph_reg_scale=1.0000, mf_l2=0.000001, delta_ratio=0.037334, personal_sparse=0.000000, alpha_var=0.000000, alpha_collapse=0.000000, reg_bce_ratio=0.1367
2026-04-11 03:27:07,195 - INFO - [assist_09|assist_09_abce_best_no_AE|lr=0.0003|drop=0.20] [Diag][M3] Epoch [040] | residual_abs_mean=0.7269, residual_std=0.4905, mf_abs_mean=0.7269, mf_std=0.4905, gate_mean=0.9980, gate_std=0.0056, q_interaction_abs_mean=0.2975, id_adapter_abs_mean=0.5349, bias_abs_mean=0.5536, B_q_share=0.4092, B_id_share=0.7358, B_bias_share=0.7616, student_q_norm=0.7631, student_id_adapter_norm=0.3234, item_q_norm=0.2738, item_id_adapter_norm=0.2144, irt_abs_mean=1.8990, irt_std=1.1289, delta_abs_mean=0.7263, delta_std=0.4908, delta_over_irt=0.3825, warmup(mf/personal)=1.00/1.00, graph_row_entropy=0.0000, graph_entropy_ratio=0.0000, alpha_mean=0.0000, alpha_std=0.0000, alpha_bias_std=0.0000, personal_row_entropy=0.0000, personal_matrix_delta=0.0000, personal_matrix_student_std=0.0000, personal_delta_pre_softmax_norm=0.0000, personal_delta_student_std=0.0000, alpha_head_std=0.0000
2026-04-11 03:27:07,195 - INFO - [assist_09|assist_09_abce_best_no_AE|lr=0.0003|drop=0.20] [Diag][Graph] Epoch [040] | entropy_ratio=0.0000, diag_mass=1.0000, to_uniform_l2=0.089800, to_identity_l2=0.000000, tau_mean=0.0000, tau_std=0.0000, graph_reg_scale(train/val)=1.0000/1.0000
2026-04-11 03:27:07,195 - WARNING - [assist_09|assist_09_abce_best_no_AE|lr=0.0003|drop=0.20] [Diag Warning][M3] gate_mean has stayed high for 38 epoch(s): gate_mean=0.9980, gate_std=0.0056
2026-04-11 03:27:07,195 - WARNING - [assist_09|assist_09_abce_best_no_AE|lr=0.0003|drop=0.20] [Diag Warning][M3] delta_over_irt has stayed high for 34 epoch(s): delta_over_irt=0.3825, delta_abs_mean=0.7263
2026-04-11 03:27:07,195 - WARNING - [assist_09|assist_09_abce_best_no_AE|lr=0.0003|drop=0.20] [Diag Warning][B] B_q_share is low: B_q_share=0.4092, B_id_share=0.7358, B_bias_share=0.7616
2026-04-11 03:27:07,195 - WARNING - [assist_09|assist_09_abce_best_no_AE|lr=0.0003|drop=0.20] [Diag Warning][B] B_id_share is high: B_id_share=0.7358, B_q_share=0.4092
2026-04-11 03:27:07,196 - INFO - [assist_09|assist_09_abce_best_no_AE|lr=0.0003|drop=0.20] [Grad Norms] Epoch [040] | mf_u_proj=0.009937, mf_v_proj=0.008865, b_id_student_proj=0.128900, b_id_item_proj=0.129857, b_bias_scale=0.002133, fusion_gate=0.000026, q_gate_raw=0.000004, skill_latent=0.262799, student_q_proj=0.018985, item_id_adapter=0.340447, relation_emb=0.000000e+00, relation_tau=0.000000e+00, relation_wq=0.000000e+00, relation_wk=0.000000e+00, personal_u=0.000000e+00, personal_v=0.000000e+00, personal_alpha_bias=0.000000e+00, personal_gate_emb=0.000000e+00, personal_gate_student_proj=0.000000e+00, personal_gate_context_proj=0.000000e+00, personal_gate_student_direct=0.000000e+00, personal_gate_context_direct=0.000000e+00, personal_gate_out=0.000000e+00, personal_generator_emb=0.000000e+00, personal_generator_context_proj=0.000000e+00, personal_generator_context_hidden=0.000000e+00, personal_generator_context_to_u=0.000000e+00, personal_generator_context_to_v=0.000000e+00
2026-04-11 03:27:07,196 - INFO - [assist_09|assist_09_abce_best_no_AE|lr=0.0003|drop=0.20] -> No improvement 1 epoch(s) (best AUC=0.8072 @ 39)
2026-04-11 03:27:07,252 - INFO - [assist_09|assist_09_abce_best_no_AE|lr=0.0003|drop=0.20] Checkpoint saved: checkpoints/abce_diag/20260411_master_best_ae/assist_09/seed42/best_no_AE/checkpoint_epoch_40.pth
2026-04-11 03:27:07,414 - INFO - [assist_09|assist_09_abce_best_no_AE|lr=0.0003|drop=0.20] [Module Activity] Epoch 40: MF[OK]
2026-04-11 03:27:37,634 - INFO - [assist_09|assist_09_abce_best_no_AE|lr=0.0003|drop=0.20] Epoch [041/100] | Train: Loss=0.3397, BCE=0.2582, Reg=0.0815, AUC=0.9705, ACC=0.9111, RMSE=0.2714 | Val: Loss=0.5896, BCE=0.5186, Reg=0.0710, AUC=0.8072, ACC=0.7596, RMSE=0.4093
2026-04-11 03:27:37,634 - INFO - [assist_09|assist_09_abce_best_no_AE|lr=0.0003|drop=0.20] [Reg Terms] Epoch [041] | Train: graph_entropy=0.000000, graph_diag=0.000000, graph_uniform=0.000000, graph_reg_scale=1.0000, mf_l2=0.000001, delta_ratio=0.044483, personal_sparse=0.000000, alpha_var=0.000000, alpha_collapse=0.000000, reg_bce_ratio=0.3157 | Val: graph_entropy=0.000000, graph_diag=0.000000, graph_uniform=0.000000, graph_reg_scale=1.0000, mf_l2=0.000001, delta_ratio=0.037397, personal_sparse=0.000000, alpha_var=0.000000, alpha_collapse=0.000000, reg_bce_ratio=0.1368
2026-04-11 03:27:37,773 - INFO - [assist_09|assist_09_abce_best_no_AE|lr=0.0003|drop=0.20] [Diag][M3] Epoch [041] | residual_abs_mean=0.7278, residual_std=0.4907, mf_abs_mean=0.7278, mf_std=0.4907, gate_mean=0.9980, gate_std=0.0055, q_interaction_abs_mean=0.2988, id_adapter_abs_mean=0.5347, bias_abs_mean=0.5550, B_q_share=0.4105, B_id_share=0.7346, B_bias_share=0.7625, student_q_norm=0.7593, student_id_adapter_norm=0.3233, item_q_norm=0.2737, item_id_adapter_norm=0.2142, irt_abs_mean=1.8998, irt_std=1.1292, delta_abs_mean=0.7272, delta_std=0.4910, delta_over_irt=0.3828, warmup(mf/personal)=1.00/1.00, graph_row_entropy=0.0000, graph_entropy_ratio=0.0000, alpha_mean=0.0000, alpha_std=0.0000, alpha_bias_std=0.0000, personal_row_entropy=0.0000, personal_matrix_delta=0.0000, personal_matrix_student_std=0.0000, personal_delta_pre_softmax_norm=0.0000, personal_delta_student_std=0.0000, alpha_head_std=0.0000
2026-04-11 03:27:37,773 - INFO - [assist_09|assist_09_abce_best_no_AE|lr=0.0003|drop=0.20] [Diag][Graph] Epoch [041] | entropy_ratio=0.0000, diag_mass=1.0000, to_uniform_l2=0.089800, to_identity_l2=0.000000, tau_mean=0.0000, tau_std=0.0000, graph_reg_scale(train/val)=1.0000/1.0000
2026-04-11 03:27:37,773 - WARNING - [assist_09|assist_09_abce_best_no_AE|lr=0.0003|drop=0.20] [Diag Warning][M3] gate_mean has stayed high for 39 epoch(s): gate_mean=0.9980, gate_std=0.0055
2026-04-11 03:27:37,773 - WARNING - [assist_09|assist_09_abce_best_no_AE|lr=0.0003|drop=0.20] [Diag Warning][M3] delta_over_irt has stayed high for 35 epoch(s): delta_over_irt=0.3828, delta_abs_mean=0.7272
2026-04-11 03:27:37,773 - WARNING - [assist_09|assist_09_abce_best_no_AE|lr=0.0003|drop=0.20] [Diag Warning][B] B_q_share is low: B_q_share=0.4105, B_id_share=0.7346, B_bias_share=0.7625
2026-04-11 03:27:37,773 - WARNING - [assist_09|assist_09_abce_best_no_AE|lr=0.0003|drop=0.20] [Diag Warning][B] B_id_share is high: B_id_share=0.7346, B_q_share=0.4105
2026-04-11 03:27:37,773 - INFO - [assist_09|assist_09_abce_best_no_AE|lr=0.0003|drop=0.20] [Grad Norms] Epoch [041] | mf_u_proj=0.015778, mf_v_proj=0.015119, b_id_student_proj=0.138935, b_id_item_proj=0.148321, b_bias_scale=0.003680, fusion_gate=0.000019, q_gate_raw=0.000011, skill_latent=0.287468, student_q_proj=0.040477, item_id_adapter=0.379758, relation_emb=0.000000e+00, relation_tau=0.000000e+00, relation_wq=0.000000e+00, relation_wk=0.000000e+00, personal_u=0.000000e+00, personal_v=0.000000e+00, personal_alpha_bias=0.000000e+00, personal_gate_emb=0.000000e+00, personal_gate_student_proj=0.000000e+00, personal_gate_context_proj=0.000000e+00, personal_gate_student_direct=0.000000e+00, personal_gate_context_direct=0.000000e+00, personal_gate_out=0.000000e+00, personal_generator_emb=0.000000e+00, personal_generator_context_proj=0.000000e+00, personal_generator_context_hidden=0.000000e+00, personal_generator_context_to_u=0.000000e+00, personal_generator_context_to_v=0.000000e+00
2026-04-11 03:27:37,773 - INFO - [assist_09|assist_09_abce_best_no_AE|lr=0.0003|drop=0.20] -> No improvement 2 epoch(s) (best AUC=0.8072 @ 39)
2026-04-11 03:28:07,071 - INFO - [assist_09|assist_09_abce_best_no_AE|lr=0.0003|drop=0.20] Epoch [042/100] | Train: Loss=0.3389, BCE=0.2573, Reg=0.0816, AUC=0.9709, ACC=0.9116, RMSE=0.2707 | Val: Loss=0.5898, BCE=0.5187, Reg=0.0710, AUC=0.8072, ACC=0.7597, RMSE=0.4093
2026-04-11 03:28:07,072 - INFO - [assist_09|assist_09_abce_best_no_AE|lr=0.0003|drop=0.20] [Reg Terms] Epoch [042] | Train: graph_entropy=0.000000, graph_diag=0.000000, graph_uniform=0.000000, graph_reg_scale=1.0000, mf_l2=0.000001, delta_ratio=0.044610, personal_sparse=0.000000, alpha_var=0.000000, alpha_collapse=0.000000, reg_bce_ratio=0.3169 | Val: graph_entropy=0.000000, graph_diag=0.000000, graph_uniform=0.000000, graph_reg_scale=1.0000, mf_l2=0.000001, delta_ratio=0.037422, personal_sparse=0.000000, alpha_var=0.000000, alpha_collapse=0.000000, reg_bce_ratio=0.1369
2026-04-11 03:28:07,207 - INFO - [assist_09|assist_09_abce_best_no_AE|lr=0.0003|drop=0.20] [Diag][M3] Epoch [042] | residual_abs_mean=0.7278, residual_std=0.4907, mf_abs_mean=0.7278, mf_std=0.4907, gate_mean=0.9980, gate_std=0.0056, q_interaction_abs_mean=0.2983, id_adapter_abs_mean=0.5346, bias_abs_mean=0.5561, B_q_share=0.4099, B_id_share=0.7346, B_bias_share=0.7642, student_q_norm=0.7582, student_id_adapter_norm=0.3233, item_q_norm=0.2735, item_id_adapter_norm=0.2141, irt_abs_mean=1.9011, irt_std=1.1301, delta_abs_mean=0.7271, delta_std=0.4910, delta_over_irt=0.3825, warmup(mf/personal)=1.00/1.00, graph_row_entropy=0.0000, graph_entropy_ratio=0.0000, alpha_mean=0.0000, alpha_std=0.0000, alpha_bias_std=0.0000, personal_row_entropy=0.0000, personal_matrix_delta=0.0000, personal_matrix_student_std=0.0000, personal_delta_pre_softmax_norm=0.0000, personal_delta_student_std=0.0000, alpha_head_std=0.0000
2026-04-11 03:28:07,207 - INFO - [assist_09|assist_09_abce_best_no_AE|lr=0.0003|drop=0.20] [Diag][Graph] Epoch [042] | entropy_ratio=0.0000, diag_mass=1.0000, to_uniform_l2=0.089800, to_identity_l2=0.000000, tau_mean=0.0000, tau_std=0.0000, graph_reg_scale(train/val)=1.0000/1.0000
2026-04-11 03:28:07,207 - WARNING - [assist_09|assist_09_abce_best_no_AE|lr=0.0003|drop=0.20] [Diag Warning][M3] gate_mean has stayed high for 40 epoch(s): gate_mean=0.9980, gate_std=0.0056
2026-04-11 03:28:07,207 - WARNING - [assist_09|assist_09_abce_best_no_AE|lr=0.0003|drop=0.20] [Diag Warning][M3] delta_over_irt has stayed high for 36 epoch(s): delta_over_irt=0.3825, delta_abs_mean=0.7271
2026-04-11 03:28:07,207 - WARNING - [assist_09|assist_09_abce_best_no_AE|lr=0.0003|drop=0.20] [Diag Warning][B] B_q_share is low: B_q_share=0.4099, B_id_share=0.7346, B_bias_share=0.7642
2026-04-11 03:28:07,207 - WARNING - [assist_09|assist_09_abce_best_no_AE|lr=0.0003|drop=0.20] [Diag Warning][B] B_id_share is high: B_id_share=0.7346, B_q_share=0.4099
2026-04-11 03:28:07,207 - INFO - [assist_09|assist_09_abce_best_no_AE|lr=0.0003|drop=0.20] [Grad Norms] Epoch [042] | mf_u_proj=0.011255, mf_v_proj=0.011637, b_id_student_proj=0.119761, b_id_item_proj=0.122719, b_bias_scale=0.001946, fusion_gate=0.000059, q_gate_raw=0.000000, skill_latent=0.260665, student_q_proj=0.021432, item_id_adapter=0.332772, relation_emb=0.000000e+00, relation_tau=0.000000e+00, relation_wq=0.000000e+00, relation_wk=0.000000e+00, personal_u=0.000000e+00, personal_v=0.000000e+00, personal_alpha_bias=0.000000e+00, personal_gate_emb=0.000000e+00, personal_gate_student_proj=0.000000e+00, personal_gate_context_proj=0.000000e+00, personal_gate_student_direct=0.000000e+00, personal_gate_context_direct=0.000000e+00, personal_gate_out=0.000000e+00, personal_generator_emb=0.000000e+00, personal_generator_context_proj=0.000000e+00, personal_generator_context_hidden=0.000000e+00, personal_generator_context_to_u=0.000000e+00, personal_generator_context_to_v=0.000000e+00
2026-04-11 03:28:07,207 - INFO - [assist_09|assist_09_abce_best_no_AE|lr=0.0003|drop=0.20] -> No improvement 3 epoch(s) (best AUC=0.8072 @ 39)
2026-04-11 03:28:07,208 - INFO - [assist_09|assist_09_abce_best_no_AE|lr=0.0003|drop=0.20] Early stopping at epoch 42 (best AUC=0.8072 @ 39)
2026-04-11 03:28:07,218 - INFO - Epoch-wise metrics saved to checkpoints/abce_diag/20260411_master_best_ae/assist_09/seed42/best_no_AE/metrics_history.csv
2026-04-11 03:28:07,222 - INFO - [assist_09|assist_09_abce_best_no_AE|lr=0.0003|drop=0.20] Training completed! Best Val AUC=0.8072 @ epoch 39
2026-04-11 03:28:07,368 - INFO - 
============================================================
         MODULE ACTIVITY REPORT
============================================================
Dataset: assist_09 | Seed: 42 | Epoch: 42

1. Concept Graph Module:
   - Status: DISABLED (use_concept_graph=False or ablate_concept_graph=True)

2. Personal Graph Module:
   - Status: DISABLED (use_personal_graph=False)

3. Skill/MF Module:
   - MF logit |mean|: 0.7270
   - MF logit std: 0.8517
   - Fusion gate mean: 0.998
   - Status: ACTIVE (contributing to predictions)

------------------------------------------------------------
SUMMARY:
   Active modules: Skill/MF
   All enabled modules are functioning properly!
============================================================
2026-04-11 03:28:07,369 - INFO - [assist_09|assist_09_abce_best_no_AE|lr=0.0003|drop=0.20] Module activity saved to checkpoints/abce_diag/20260411_master_best_ae/assist_09/seed42/best_no_AE/module_activity.json
2026-04-11 03:28:07,419 - INFO - Using device: cuda:0
2026-04-11 03:28:07,419 - INFO - Loading model from checkpoints/abce_diag/20260411_master_best_ae/assist_09/seed42/best_no_AE/best_model.pth...
2026-04-11 03:28:07,557 - INFO - Inference switches: ablate_module1=False, ablate_module2=False, ablate_module3=False | enable_module1=True, enable_module2=True, enable_module3=True | use_mf_branch=True, use_concept_graph=False, use_q_aligned_residual=True | effective(num_gnn_layers=0)
2026-04-11 03:28:07,584 - INFO - [Inference] Ablation runtime check: args(ablate_module1=False,ablate_module2=False,ablate_module3=False) | model(enable_module1=True,enable_module2=True,enable_module3=True) | physical(has_knowledge_encoder=True,has_mf_branch=True)
2026-04-11 03:28:07,585 - INFO - [Inference] [Module3 Init] fusion_gate_bias=-0.9000, fusion_gate_max=1.0000, implied_gate=0.2891, q_gate=0.5000, mf_scale=0.0000, bias_scale=0.4272, graph_tau_mean=0.0000, graph_tau_std=0.0000, graph_dropout=0.000
2026-04-11 03:28:07,586 - INFO - Model loaded from epoch 39. Start testing...
2026-04-11 03:28:08,414 - INFO - [Test] 200/411 batches done, samples=25600
2026-04-11 03:28:09,135 - INFO - [Test] 400/411 batches done, samples=51200
2026-04-11 03:28:09,230 - INFO - 
==================================================
2026-04-11 03:28:09,230 - INFO - Test Results:
2026-04-11 03:28:09,230 - INFO - AUC: 0.8078
2026-04-11 03:28:09,230 - INFO - ACC: 0.7600
2026-04-11 03:28:09,230 - INFO - RMSE: 0.4079
2026-04-11 03:28:09,230 - INFO - ==================================================
2026-04-11 03:28:09,248 - INFO - Summary appended to /home/zsh/ConceptSkillCDM/results/experiment_results.csv
2026-04-11 03:28:09,253 - INFO - Run completed.
2026-04-11 03:28:09,253 - INFO - Best validation AUC: 0.8072 at epoch 39
2026-04-11 03:28:09,253 - INFO - Test metrics - AUC: 0.8078, ACC: 0.7600, RMSE: 0.4079
