2026-04-11 04:26:00,031 - INFO - Arguments:
2026-04-11 04:26:00,031 - INFO -   ablate_concept_graph: False
2026-04-11 04:26:00,031 - INFO -   ablate_module1: False
2026-04-11 04:26:00,031 - INFO -   ablate_module2: False
2026-04-11 04:26:00,031 - INFO -   ablate_module3: False
2026-04-11 04:26:00,031 - INFO -   ablate_skill_encoder: False
2026-04-11 04:26:00,031 - INFO -   allow_self_loop: True
2026-04-11 04:26:00,031 - INFO -   alpha_min_target: 0.02
2026-04-11 04:26:00,031 - INFO -   b_id_budget_target: 0.2
2026-04-11 04:26:00,031 - INFO -   batch_size: 128
2026-04-11 04:26:00,031 - INFO -   data_dir: ./data/assist_09
2026-04-11 04:26:00,031 - INFO -   dataset_name: assist_09
2026-04-11 04:26:00,031 - INFO -   debug_module3_diag: True
2026-04-11 04:26:00,031 - INFO -   delta_ratio_target: 0.12
2026-04-11 04:26:00,031 - INFO -   diag_batches: 1
2026-04-11 04:26:00,031 - INFO -   disable_b_bias: False
2026-04-11 04:26:00,031 - INFO -   disable_b_id_adapter: False
2026-04-11 04:26:00,031 - INFO -   disable_q_aligned_residual: False
2026-04-11 04:26:00,031 - INFO -   disable_q_conditioning: True
2026-04-11 04:26:00,031 - INFO -   disable_self_loop: False
2026-04-11 04:26:00,031 - INFO -   dropout: 0.2
2026-04-11 04:26:00,031 - INFO -   early_stop_patience: 3
2026-04-11 04:26:00,031 - INFO -   enable_module1: True
2026-04-11 04:26:00,031 - INFO -   enable_module2: True
2026-04-11 04:26:00,031 - INFO -   enable_module3: True
2026-04-11 04:26:00,032 - INFO -   epochs: 100
2026-04-11 04:26:00,032 - INFO -   exercise_dim: 64
2026-04-11 04:26:00,032 - INFO -   exercise_l2_lambda: 1e-05
2026-04-11 04:26:00,032 - INFO -   fusion_gate_bias_init: -2.2
2026-04-11 04:26:00,032 - INFO -   fusion_gate_max: 0.35
2026-04-11 04:26:00,032 - INFO -   generate_diagnosis: False
2026-04-11 04:26:00,032 - INFO -   gnn_residual_weight: 0.5
2026-04-11 04:26:00,032 - INFO -   gpu_candidates: None
2026-04-11 04:26:00,032 - INFO -   gpu_ids: None
2026-04-11 04:26:00,032 - INFO -   gpu_memory_threshold: 2000
2026-04-11 04:26:00,032 - INFO -   gpus: None
2026-04-11 04:26:00,032 - INFO -   graph_dropout: 0.0
2026-04-11 04:26:00,032 - INFO -   graph_entropy_max: 0.8
2026-04-11 04:26:00,032 - INFO -   graph_entropy_min: 0.15
2026-04-11 04:26:00,032 - INFO -   graph_identity_residual: 0.25
2026-04-11 04:26:00,032 - INFO -   graph_reg_cap_ratio: 6.0
2026-04-11 04:26:00,032 - INFO -   graph_reg_warmup_epochs: 0
2026-04-11 04:26:00,032 - INFO -   graph_tau_init: 0.55
2026-04-11 04:26:00,032 - INFO -   graph_topk: 12
2026-04-11 04:26:00,032 - INFO -   graph_uniform_margin: 0.1
2026-04-11 04:26:00,032 - INFO -   knowledge_dim: 64
2026-04-11 04:26:00,032 - INFO -   lambda_alpha: 0.05
2026-04-11 04:26:00,032 - INFO -   lambda_alpha_min: 0.05
2026-04-11 04:26:00,032 - INFO -   lambda_b_id_budget: 0.06
2026-04-11 04:26:00,032 - INFO -   lambda_delta_ratio: 0.08
2026-04-11 04:26:00,032 - INFO -   lambda_graph_diag: 0.1
2026-04-11 04:26:00,032 - INFO -   lambda_graph_uniform: 0.04
2026-04-11 04:26:00,032 - INFO -   lambda_sparse: 1.0
2026-04-11 04:26:00,032 - INFO -   lambda_sparse_personal: 0.002
2026-04-11 04:26:00,032 - INFO -   learning_rate: 0.0003
2026-04-11 04:26:00,032 - INFO -   log_dir: logs/abce_diag/20260411_master_best_ae/assist_09/seed42/ae_dominant_B_no_q
2026-04-11 04:26:00,032 - INFO -   mf_warmup_epochs: 5
2026-04-11 04:26:00,033 - INFO -   min_exer_interactions: 0
2026-04-11 04:26:00,033 - INFO -   min_poison_count: 0
2026-04-11 04:26:00,033 - INFO -   min_stu_interactions: 15
2026-04-11 04:26:00,033 - INFO -   model_variant: assist_09_abce_ae_dominant_B_no_q
2026-04-11 04:26:00,033 - INFO -   multi_gpu: False
2026-04-11 04:26:00,033 - INFO -   no_cuda: False
2026-04-11 04:26:00,033 - INFO -   num_gnn_layers: 1
2026-04-11 04:26:00,033 - INFO -   num_gpus: 1
2026-04-11 04:26:00,033 - INFO -   num_relation_heads: 2
2026-04-11 04:26:00,033 - INFO -   num_workers: 4
2026-04-11 04:26:00,033 - INFO -   patience: 5
2026-04-11 04:26:00,033 - INFO -   personal_delta_scale: 1.1
2026-04-11 04:26:00,033 - INFO -   personal_max_alpha: 0.45
2026-04-11 04:26:00,033 - INFO -   personal_rank: 4
2026-04-11 04:26:00,033 - INFO -   personal_student_dim: None
2026-04-11 04:26:00,033 - INFO -   personal_warmup_epochs: 8
2026-04-11 04:26:00,033 - INFO -   residual_clip_t: 2.0
2026-04-11 04:26:00,033 - INFO -   residual_scale_init: 0.08
2026-04-11 04:26:00,033 - INFO -   save_dir: checkpoints/abce_diag/20260411_master_best_ae/assist_09/seed42/ae_dominant_B_no_q
2026-04-11 04:26:00,033 - INFO -   save_interval: 10
2026-04-11 04:26:00,033 - INFO -   seed: 42
2026-04-11 04:26:00,033 - INFO -   skill_dim: 128
2026-04-11 04:26:00,033 - INFO -   use_concept_graph: True
2026-04-11 04:26:00,033 - INFO -   use_exercise_graph: True
2026-04-11 04:26:00,033 - INFO -   use_mf_branch: True
2026-04-11 04:26:00,033 - INFO -   use_personal_graph: True
2026-04-11 04:26:00,033 - INFO -   use_q_aligned_residual: True
2026-04-11 04:26:00,033 - INFO -   use_q_conditioning: False
2026-04-11 04:26:00,033 - INFO -   use_skill_encoder: True
2026-04-11 04:26:00,033 - INFO -   weight_decay: 1e-05
2026-04-11 04:26:00,122 - INFO - Using device: cuda:0
2026-04-11 04:26:00,122 - INFO - [assist_09|assist_09_abce_ae_dominant_B_no_q|lr=0.0003|drop=0.20] Loading datasets...
2026-04-11 04:26:00,123 - INFO - [assist_09|assist_09_abce_ae_dominant_B_no_q|lr=0.0003|drop=0.20] Regularization: graph_entropy(lambda_sparse)=1.000000, graph_diag=0.100000, graph_uniform=0.040000, personal_sparse=0.002000, alpha_penalty=0.050000, alpha_min=0.050000, delta_ratio=0.080000, mf_l2(exercise_l2_lambda)=0.000010
2026-04-11 04:26:00,123 - INFO - [assist_09|assist_09_abce_ae_dominant_B_no_q|lr=0.0003|drop=0.20] Graph controls: entropy_band=[0.15, 0.80], uniform_margin=0.10, warmup_epochs=0, cap_ratio=6.00, graph_dropout=0.000, graph_tau_init=0.550
2026-04-11 04:26:00,123 - INFO - [assist_09|assist_09_abce_ae_dominant_B_no_q|lr=0.0003|drop=0.20] Rescue controls: mf_warmup_epochs=5, delta_ratio_target=0.1200, personal_max_alpha=0.450, personal_delta_scale=1.100, personal_warmup_epochs=8, personal_student_dim=None, alpha_min_target=0.0200
2026-04-11 04:26:00,235 - INFO - [assist_09] [数据清洗] 学生交互次数 < 15 次的学生：共移除 0 个学生（仅统计用户数）
2026-04-11 04:26:00,249 - INFO - [assist_09] [数据清洗] 学生冷启动过滤：在 train/valid/test 中共删除 0 条记录。
2026-04-11 04:26:00,249 - INFO - [assist_09] [数据清洗] 跳过题目冷门过滤（min_exer_interactions <= 0）。
2026-04-11 04:26:00,249 - INFO - [assist_09] [数据清洗] 跳过毒题清洗（min_poison_count <= 0）。
2026-04-11 04:26:00,249 - INFO - [assist_09] 正在构建ID映射...
2026-04-11 04:26:00,500 - INFO - [assist_09] 正在构建Q矩阵...
2026-04-11 04:26:09,953 - INFO - [assist_09] [统计] 开始统计清洗后每道题的概念数量分布...
2026-04-11 04:26:09,961 - INFO - [assist_09] [Train] 概念数统计：题目数=17099, 平均概念数=1.1992, min=1, max=4, 1概念=14168 (82.86%), ≥2概念=2931 (17.14%)
2026-04-11 04:26:09,961 - INFO - [assist_09] [Train] 概念数直方图（概念数: 题目数量）: {1: 14168, 2: 2536, 3: 315, 4: 80}
2026-04-11 04:26:09,964 - INFO - [assist_09] [Valid] 概念数统计：题目数=9274, 平均概念数=1.1993, min=1, max=4, 1概念=7697 (83.00%), ≥2概念=1577 (17.00%)
2026-04-11 04:26:09,964 - INFO - [assist_09] [Valid] 概念数直方图（概念数: 题目数量）: {1: 7697, 2: 1356, 3: 171, 4: 50}
2026-04-11 04:26:09,967 - INFO - [assist_09] [Test] 概念数统计：题目数=13331, 平均概念数=1.1962, min=1, max=4, 1概念=11110 (83.34%), ≥2概念=2221 (16.66%)
2026-04-11 04:26:09,967 - INFO - [assist_09] [Test] 概念数直方图（概念数: 题目数量）: {1: 11110, 2: 1891, 3: 265, 4: 65}
2026-04-11 04:26:09,967 - INFO - [assist_09] [统计] 概念数量统计完成。
2026-04-11 04:26:09,967 - INFO - [assist_09] 正在加载数据集...
2026-04-11 04:26:10,043 - INFO - [assist_09|assist_09_abce_ae_dominant_B_no_q|lr=0.0003|drop=0.20] Train samples: 194489, Val samples: 20385
2026-04-11 04:26:10,043 - INFO - [assist_09|assist_09_abce_ae_dominant_B_no_q|lr=0.0003|drop=0.20] Number of students: 2493
2026-04-11 04:26:10,043 - INFO - [assist_09|assist_09_abce_ae_dominant_B_no_q|lr=0.0003|drop=0.20] Number of exercises: 17676
2026-04-11 04:26:10,044 - INFO - [assist_09|assist_09_abce_ae_dominant_B_no_q|lr=0.0003|drop=0.20] Number of concepts: 123
2026-04-11 04:26:10,044 - INFO - [assist_09|assist_09_abce_ae_dominant_B_no_q|lr=0.0003|drop=0.20] Creating model...
2026-04-11 04:26:10,044 - INFO - [assist_09|assist_09_abce_ae_dominant_B_no_q|lr=0.0003|drop=0.20] Ablation switches: ablate_module1=False, ablate_module2=False, ablate_module3=False | enable_module1=True, enable_module2=True, enable_module3=True | use_mf_branch=True, use_concept_graph=True, use_q_aligned_residual=True | effective(num_gnn_layers=1)
2026-04-11 04:26:10,195 - INFO - [assist_09|assist_09_abce_ae_dominant_B_no_q|lr=0.0003|drop=0.20] Ablation runtime check: args(ablate_module1=False,ablate_module2=False,ablate_module3=False) | model(enable_module1=True,enable_module2=True,enable_module3=True) | physical(has_knowledge_encoder=True,has_mf_branch=True)
2026-04-11 04:26:10,195 - INFO - [assist_09|assist_09_abce_ae_dominant_B_no_q|lr=0.0003|drop=0.20] Debug diagnostics enabled: diag_batches=1
2026-04-11 04:26:10,219 - INFO - [assist_09|assist_09_abce_ae_dominant_B_no_q|lr=0.0003|drop=0.20] [Module3 Init] fusion_gate_bias=-2.2000, fusion_gate_max=0.3500, implied_gate=0.0349, q_gate=0.5000, mf_scale=0.0000, bias_scale=0.2536, graph_tau_mean=1.0055, graph_tau_std=0.0000, graph_dropout=0.000
2026-04-11 04:26:10,220 - INFO - [assist_09|assist_09_abce_ae_dominant_B_no_q|lr=0.0003|drop=0.20] Total parameters: 2,199,204
2026-04-11 04:26:10,220 - INFO - [assist_09|assist_09_abce_ae_dominant_B_no_q|lr=0.0003|drop=0.20] Trainable parameters: 2,199,204
2026-04-11 04:26:11,164 - INFO - [assist_09|assist_09_abce_ae_dominant_B_no_q|lr=0.0003|drop=0.20] Starting training...
2026-04-11 04:27:02,954 - INFO - [assist_09|assist_09_abce_ae_dominant_B_no_q|lr=0.0003|drop=0.20] Epoch [001/100] | Train: Loss=0.7049, BCE=0.6386, Reg=0.0662, AUC=0.5689, ACC=0.6533, RMSE=0.4728 | Val: Loss=0.6425, BCE=0.6017, Reg=0.0408, AUC=0.6795, ACC=0.6784, RMSE=0.4551
2026-04-11 04:27:02,955 - INFO - [assist_09|assist_09_abce_ae_dominant_B_no_q|lr=0.0003|drop=0.20] [Reg Terms] Epoch [001] | Train: graph_entropy=0.000000, graph_diag=0.036678, graph_uniform=0.002545, graph_reg_scale=1.0000, mf_l2=0.000000, delta_ratio=0.000000, personal_sparse=0.004351, alpha_var=-0.002272, alpha_collapse=0.000974, reg_bce_ratio=0.1037 | Val: graph_entropy=0.000000, graph_diag=0.035554, graph_uniform=0.002575, graph_reg_scale=1.0000, mf_l2=0.000000, delta_ratio=0.000000, personal_sparse=0.004392, alpha_var=-0.002543, alpha_collapse=0.000835, reg_bce_ratio=0.0678
2026-04-11 04:27:03,155 - INFO - [assist_09|assist_09_abce_ae_dominant_B_no_q|lr=0.0003|drop=0.20] [Diag][M3] Epoch [001] | residual_abs_mean=0.0147, residual_std=0.0032, mf_abs_mean=0.0147, mf_std=0.0032, gate_mean=0.0585, gate_std=0.0030, q_interaction_abs_mean=0.0000, id_adapter_abs_mean=0.0119, bias_abs_mean=0.0730, B_q_share=0.0000, B_id_share=0.1614, B_bias_share=0.9916, student_q_norm=0.3032, student_id_adapter_norm=0.0697, item_q_norm=0.0000, item_id_adapter_norm=0.0339, irt_abs_mean=1.2032, irt_std=0.4630, delta_abs_mean=0.0009, delta_std=0.0002, delta_over_irt=0.0007, warmup(mf/personal)=0.20/0.12, graph_row_entropy=2.1962, graph_entropy_ratio=0.4564, alpha_mean=0.0281, alpha_std=0.0281, alpha_bias_std=0.0210, personal_row_entropy=2.1962, personal_matrix_delta=0.0000, personal_matrix_student_std=0.0000, personal_delta_pre_softmax_norm=0.0027, personal_delta_student_std=0.0000, alpha_head_std=0.0281
2026-04-11 04:27:03,156 - INFO - [assist_09|assist_09_abce_ae_dominant_B_no_q|lr=0.0003|drop=0.20] [Diag][Graph] Epoch [001] | entropy_ratio=0.4564, diag_mass=0.3555, to_uniform_l2=0.035617, to_identity_l2=0.060693, tau_mean=0.8896, tau_std=0.0065, graph_reg_scale(train/val)=1.0000/1.0000
2026-04-11 04:27:03,156 - WARNING - [assist_09|assist_09_abce_ae_dominant_B_no_q|lr=0.0003|drop=0.20] [Diag Warning][B] B_q_share is low: B_q_share=0.0000, B_id_share=0.1614, B_bias_share=0.9916
2026-04-11 04:27:03,156 - WARNING - [assist_09|assist_09_abce_ae_dominant_B_no_q|lr=0.0003|drop=0.20] [Diag Warning][E] personal_delta_student_std is near zero: personal_delta_student_std=0.000000, personal_delta_pre_softmax_norm=0.002714
2026-04-11 04:27:03,156 - INFO - [assist_09|assist_09_abce_ae_dominant_B_no_q|lr=0.0003|drop=0.20] [Grad Norms] Epoch [001] | mf_u_proj=0.000000, mf_v_proj=0.000000, b_id_student_proj=0.000000, b_id_item_proj=0.000000, b_bias_scale=0.000000, fusion_gate=0.000000, q_gate_raw=0.000000, skill_latent=0.000000, student_q_proj=0.000000, item_id_adapter=5.000000, relation_emb=3.511223e-16, relation_tau=4.028889e-19, relation_wq=1.299426e-16, relation_wk=1.162392e-16, personal_u=2.436978e-18, personal_v=2.148619e-18, personal_alpha_bias=6.134511e-13, personal_gate_emb=2.649138e-16, personal_gate_student_proj=9.162089e-19, personal_gate_context_proj=1.761216e-13, personal_gate_student_direct=1.031232e-18, personal_gate_context_direct=1.985989e-13, personal_gate_out=2.531471e-13, personal_generator_emb=2.128867e-19, personal_generator_context_proj=5.429293e-18, personal_generator_context_hidden=6.319069e-19, personal_generator_context_to_u=5.524702e-17, personal_generator_context_to_v=4.955200e-17
2026-04-11 04:27:03,407 - INFO - [assist_09|assist_09_abce_ae_dominant_B_no_q|lr=0.0003|drop=0.20] -> New best AUC=0.6795 at epoch 1
2026-04-11 04:27:55,726 - INFO - [assist_09|assist_09_abce_ae_dominant_B_no_q|lr=0.0003|drop=0.20] Epoch [002/100] | Train: Loss=0.6052, BCE=0.5697, Reg=0.0354, AUC=0.7200, ACC=0.7091, RMSE=0.4394 | Val: Loss=0.5954, BCE=0.5636, Reg=0.0318, AUC=0.7317, ACC=0.7124, RMSE=0.4367
2026-04-11 04:27:55,727 - INFO - [assist_09|assist_09_abce_ae_dominant_B_no_q|lr=0.0003|drop=0.20] [Reg Terms] Epoch [002] | Train: graph_entropy=0.000000, graph_diag=0.030552, graph_uniform=0.002705, graph_reg_scale=1.0000, mf_l2=0.000000, delta_ratio=0.000000, personal_sparse=0.004588, alpha_var=-0.002661, alpha_collapse=0.000262, reg_bce_ratio=0.0622 | Val: graph_entropy=0.000000, graph_diag=0.026849, graph_uniform=0.002800, graph_reg_scale=1.0000, mf_l2=0.000000, delta_ratio=0.000000, personal_sparse=0.004751, alpha_var=-0.002871, alpha_collapse=0.000293, reg_bce_ratio=0.0565
2026-04-11 04:27:56,003 - INFO - [assist_09|assist_09_abce_ae_dominant_B_no_q|lr=0.0003|drop=0.20] [Diag][M3] Epoch [002] | residual_abs_mean=0.0316, residual_std=0.0062, mf_abs_mean=0.0316, mf_std=0.0062, gate_mean=0.0854, gate_std=0.0156, q_interaction_abs_mean=0.0000, id_adapter_abs_mean=0.0116, bias_abs_mean=0.0788, B_q_share=0.0000, B_id_share=0.1468, B_bias_share=0.9984, student_q_norm=0.0120, student_id_adapter_norm=0.0691, item_q_norm=0.0000, item_id_adapter_norm=0.0383, irt_abs_mean=1.3123, irt_std=0.6380, delta_abs_mean=0.0027, delta_std=0.0008, delta_over_irt=0.0021, warmup(mf/personal)=0.40/0.25, graph_row_entropy=2.3755, graph_entropy_ratio=0.4936, alpha_mean=0.0562, alpha_std=0.0562, alpha_bias_std=0.0773, personal_row_entropy=2.3755, personal_matrix_delta=0.0000, personal_matrix_student_std=0.0000, personal_delta_pre_softmax_norm=0.0200, personal_delta_student_std=0.0000, alpha_head_std=0.0562
2026-04-11 04:27:56,004 - INFO - [assist_09|assist_09_abce_ae_dominant_B_no_q|lr=0.0003|drop=0.20] [Diag][Graph] Epoch [002] | entropy_ratio=0.4936, diag_mass=0.2685, to_uniform_l2=0.029997, to_identity_l2=0.068777, tau_mean=0.5149, tau_std=0.0056, graph_reg_scale(train/val)=1.0000/1.0000
2026-04-11 04:27:56,004 - WARNING - [assist_09|assist_09_abce_ae_dominant_B_no_q|lr=0.0003|drop=0.20] [Diag Warning][B] B_q_share is low: B_q_share=0.0000, B_id_share=0.1468, B_bias_share=0.9984
2026-04-11 04:27:56,004 - WARNING - [assist_09|assist_09_abce_ae_dominant_B_no_q|lr=0.0003|drop=0.20] [Diag Warning][E] personal_delta_student_std is near zero: personal_delta_student_std=0.000000, personal_delta_pre_softmax_norm=0.020002
2026-04-11 04:27:56,004 - INFO - [assist_09|assist_09_abce_ae_dominant_B_no_q|lr=0.0003|drop=0.20] [Grad Norms] Epoch [002] | mf_u_proj=0.000000, mf_v_proj=0.000000, b_id_student_proj=0.000824, b_id_item_proj=0.000791, b_bias_scale=0.000005, fusion_gate=0.000113, q_gate_raw=0.000000, skill_latent=0.003582, student_q_proj=0.000000, item_id_adapter=0.004833, relation_emb=3.069026e-14, relation_tau=2.387908e-04, relation_wq=6.249805e-14, relation_wk=4.558331e-15, personal_u=7.919836e-15, personal_v=7.932792e-15, personal_alpha_bias=4.996193e-04, personal_gate_emb=4.300420e-09, personal_gate_student_proj=1.433581e-11, personal_gate_context_proj=1.986481e-05, personal_gate_student_direct=7.945833e-12, personal_gate_context_direct=1.042597e-05, personal_gate_out=1.947238e-05, personal_generator_emb=2.754453e-18, personal_generator_context_proj=1.038704e-15, personal_generator_context_hidden=1.040160e-17, personal_generator_context_to_u=2.781749e-13, personal_generator_context_to_v=2.786300e-13
2026-04-11 04:27:56,619 - INFO - [assist_09|assist_09_abce_ae_dominant_B_no_q|lr=0.0003|drop=0.20] -> New best AUC=0.7317 at epoch 2
2026-04-11 04:28:49,614 - INFO - [assist_09|assist_09_abce_ae_dominant_B_no_q|lr=0.0003|drop=0.20] Epoch [003/100] | Train: Loss=0.5774, BCE=0.5474, Reg=0.0300, AUC=0.7499, ACC=0.7230, RMSE=0.4291 | Val: Loss=0.5877, BCE=0.5586, Reg=0.0291, AUC=0.7375, ACC=0.7143, RMSE=0.4345
2026-04-11 04:28:49,614 - INFO - [assist_09|assist_09_abce_ae_dominant_B_no_q|lr=0.0003|drop=0.20] [Reg Terms] Epoch [003] | Train: graph_entropy=0.000000, graph_diag=0.025973, graph_uniform=0.002825, graph_reg_scale=1.0000, mf_l2=0.000000, delta_ratio=0.000000, personal_sparse=0.004799, alpha_var=-0.003845, alpha_collapse=0.000250, reg_bce_ratio=0.0548 | Val: graph_entropy=0.000000, graph_diag=0.025593, graph_uniform=0.002835, graph_reg_scale=1.0000, mf_l2=0.000000, delta_ratio=0.000000, personal_sparse=0.004820, alpha_var=-0.004442, alpha_collapse=0.000266, reg_bce_ratio=0.0521
2026-04-11 04:28:49,906 - INFO - [assist_09|assist_09_abce_ae_dominant_B_no_q|lr=0.0003|drop=0.20] [Diag][M3] Epoch [003] | residual_abs_mean=0.0607, residual_std=0.0117, mf_abs_mean=0.0607, mf_std=0.0117, gate_mean=0.1799, gate_std=0.0617, q_interaction_abs_mean=0.0000, id_adapter_abs_mean=0.0138, bias_abs_mean=0.1008, B_q_share=0.0000, B_id_share=0.1367, B_bias_share=0.9971, student_q_norm=0.0000, student_id_adapter_norm=0.0802, item_q_norm=0.0000, item_id_adapter_norm=0.0469, irt_abs_mean=1.2835, irt_std=0.6713, delta_abs_mean=0.0109, delta_std=0.0045, delta_over_irt=0.0085, warmup(mf/personal)=0.60/0.38, graph_row_entropy=2.4102, graph_entropy_ratio=0.5008, alpha_mean=0.0844, alpha_std=0.0843, alpha_bias_std=0.2042, personal_row_entropy=2.4102, personal_matrix_delta=0.0000, personal_matrix_student_std=0.0000, personal_delta_pre_softmax_norm=0.0200, personal_delta_student_std=0.0000, alpha_head_std=0.0843
2026-04-11 04:28:49,907 - INFO - [assist_09|assist_09_abce_ae_dominant_B_no_q|lr=0.0003|drop=0.20] [Diag][Graph] Epoch [003] | entropy_ratio=0.5008, diag_mass=0.2559, to_uniform_l2=0.029115, to_identity_l2=0.069874, tau_mean=0.4469, tau_std=0.0066, graph_reg_scale(train/val)=1.0000/1.0000
2026-04-11 04:28:49,907 - WARNING - [assist_09|assist_09_abce_ae_dominant_B_no_q|lr=0.0003|drop=0.20] [Diag Warning][B] B_q_share is low: B_q_share=0.0000, B_id_share=0.1367, B_bias_share=0.9971
2026-04-11 04:28:49,907 - WARNING - [assist_09|assist_09_abce_ae_dominant_B_no_q|lr=0.0003|drop=0.20] [Diag Warning][E] personal_delta_student_std is near zero: personal_delta_student_std=0.000000, personal_delta_pre_softmax_norm=0.020019
2026-04-11 04:28:49,907 - INFO - [assist_09|assist_09_abce_ae_dominant_B_no_q|lr=0.0003|drop=0.20] [Grad Norms] Epoch [003] | mf_u_proj=0.000000, mf_v_proj=0.000000, b_id_student_proj=0.002777, b_id_item_proj=0.002910, b_bias_scale=0.000103, fusion_gate=0.000544, q_gate_raw=0.000000, skill_latent=0.010326, student_q_proj=0.000000, item_id_adapter=0.015873, relation_emb=0.000000e+00, relation_tau=2.199356e-04, relation_wq=0.000000e+00, relation_wk=0.000000e+00, personal_u=0.000000e+00, personal_v=0.000000e+00, personal_alpha_bias=1.604921e-03, personal_gate_emb=3.084940e-12, personal_gate_student_proj=9.257271e-15, personal_gate_context_proj=1.622800e-05, personal_gate_student_direct=3.654413e-15, personal_gate_context_direct=6.412308e-06, personal_gate_out=1.581513e-05, personal_generator_emb=0.000000e+00, personal_generator_context_proj=0.000000e+00, personal_generator_context_hidden=0.000000e+00, personal_generator_context_to_u=0.000000e+00, personal_generator_context_to_v=0.000000e+00
2026-04-11 04:28:50,357 - INFO - [assist_09|assist_09_abce_ae_dominant_B_no_q|lr=0.0003|drop=0.20] -> New best AUC=0.7375 at epoch 3
2026-04-11 04:29:43,610 - INFO - [assist_09|assist_09_abce_ae_dominant_B_no_q|lr=0.0003|drop=0.20] Epoch [004/100] | Train: Loss=0.5628, BCE=0.5361, Reg=0.0267, AUC=0.7633, ACC=0.7281, RMSE=0.4241 | Val: Loss=0.5818, BCE=0.5556, Reg=0.0262, AUC=0.7419, ACC=0.7169, RMSE=0.4331
2026-04-11 04:29:43,610 - INFO - [assist_09|assist_09_abce_ae_dominant_B_no_q|lr=0.0003|drop=0.20] [Reg Terms] Epoch [004] | Train: graph_entropy=0.000000, graph_diag=0.025184, graph_uniform=0.002847, graph_reg_scale=1.0000, mf_l2=0.000000, delta_ratio=0.000000, personal_sparse=0.004842, alpha_var=-0.006455, alpha_collapse=0.000250, reg_bce_ratio=0.0498 | Val: graph_entropy=0.000000, graph_diag=0.025051, graph_uniform=0.002851, graph_reg_scale=1.0000, mf_l2=0.000000, delta_ratio=0.000000, personal_sparse=0.004849, alpha_var=-0.006892, alpha_collapse=0.000262, reg_bce_ratio=0.0472
2026-04-11 04:29:43,807 - INFO - [assist_09|assist_09_abce_ae_dominant_B_no_q|lr=0.0003|drop=0.20] [Diag][M3] Epoch [004] | residual_abs_mean=0.1449, residual_std=0.0343, mf_abs_mean=0.1449, mf_std=0.0343, gate_mean=0.2686, gate_std=0.0736, q_interaction_abs_mean=0.0000, id_adapter_abs_mean=0.0287, bias_abs_mean=0.1832, B_q_share=0.0000, B_id_share=0.1582, B_bias_share=1.0117, student_q_norm=0.0000, student_id_adapter_norm=0.1134, item_q_norm=0.0000, item_id_adapter_norm=0.0665, irt_abs_mean=1.3325, irt_std=0.7300, delta_abs_mean=0.0389, delta_std=0.0144, delta_over_irt=0.0292, warmup(mf/personal)=0.80/0.50, graph_row_entropy=2.4247, graph_entropy_ratio=0.5039, alpha_mean=0.1125, alpha_std=0.1124, alpha_bias_std=0.3290, personal_row_entropy=2.4247, personal_matrix_delta=0.0000, personal_matrix_student_std=0.0000, personal_delta_pre_softmax_norm=0.0200, personal_delta_student_std=0.0000, alpha_head_std=0.1124
2026-04-11 04:29:43,808 - INFO - [assist_09|assist_09_abce_ae_dominant_B_no_q|lr=0.0003|drop=0.20] [Diag][Graph] Epoch [004] | entropy_ratio=0.5039, diag_mass=0.2505, to_uniform_l2=0.028727, to_identity_l2=0.070343, tau_mean=0.4477, tau_std=0.0065, graph_reg_scale(train/val)=1.0000/1.0000
2026-04-11 04:29:43,808 - WARNING - [assist_09|assist_09_abce_ae_dominant_B_no_q|lr=0.0003|drop=0.20] [Diag Warning][B] B_q_share is low: B_q_share=0.0000, B_id_share=0.1582, B_bias_share=1.0117
2026-04-11 04:29:43,808 - WARNING - [assist_09|assist_09_abce_ae_dominant_B_no_q|lr=0.0003|drop=0.20] [Diag Warning][E] personal_delta_student_std is near zero: personal_delta_student_std=0.000000, personal_delta_pre_softmax_norm=0.019997
2026-04-11 04:29:43,808 - INFO - [assist_09|assist_09_abce_ae_dominant_B_no_q|lr=0.0003|drop=0.20] [Grad Norms] Epoch [004] | mf_u_proj=0.000000, mf_v_proj=0.000000, b_id_student_proj=0.004115, b_id_item_proj=0.004023, b_bias_scale=0.000246, fusion_gate=0.000617, q_gate_raw=0.000000, skill_latent=0.016409, student_q_proj=0.000000, item_id_adapter=0.028386, relation_emb=0.000000e+00, relation_tau=1.568650e-05, relation_wq=0.000000e+00, relation_wk=0.000000e+00, personal_u=0.000000e+00, personal_v=0.000000e+00, personal_alpha_bias=2.513679e-03, personal_gate_emb=1.804611e-19, personal_gate_student_proj=1.656848e-21, personal_gate_context_proj=1.539479e-05, personal_gate_student_direct=6.241482e-22, personal_gate_context_direct=5.868661e-06, personal_gate_out=1.593480e-05, personal_generator_emb=0.000000e+00, personal_generator_context_proj=0.000000e+00, personal_generator_context_hidden=0.000000e+00, personal_generator_context_to_u=0.000000e+00, personal_generator_context_to_v=0.000000e+00
2026-04-11 04:29:44,343 - INFO - [assist_09|assist_09_abce_ae_dominant_B_no_q|lr=0.0003|drop=0.20] -> New best AUC=0.7419 at epoch 4
2026-04-11 04:30:37,238 - INFO - [assist_09|assist_09_abce_ae_dominant_B_no_q|lr=0.0003|drop=0.20] Epoch [005/100] | Train: Loss=0.5468, BCE=0.5238, Reg=0.0230, AUC=0.7779, ACC=0.7351, RMSE=0.4186 | Val: Loss=0.5744, BCE=0.5513, Reg=0.0231, AUC=0.7479, ACC=0.7209, RMSE=0.4310
2026-04-11 04:30:37,238 - INFO - [assist_09|assist_09_abce_ae_dominant_B_no_q|lr=0.0003|drop=0.20] [Reg Terms] Epoch [005] | Train: graph_entropy=0.000000, graph_diag=0.025019, graph_uniform=0.002852, graph_reg_scale=1.0000, mf_l2=0.000000, delta_ratio=0.000000, personal_sparse=0.004851, alpha_var=-0.010044, alpha_collapse=0.000250, reg_bce_ratio=0.0438 | Val: graph_entropy=0.000000, graph_diag=0.025000, graph_uniform=0.002852, graph_reg_scale=1.0000, mf_l2=0.000000, delta_ratio=0.000049, personal_sparse=0.004852, alpha_var=-0.010039, alpha_collapse=0.000260, reg_bce_ratio=0.0419
2026-04-11 04:30:37,452 - INFO - [assist_09|assist_09_abce_ae_dominant_B_no_q|lr=0.0003|drop=0.20] [Diag][M3] Epoch [005] | residual_abs_mean=0.3398, residual_std=0.0897, mf_abs_mean=0.3398, mf_std=0.0897, gate_mean=0.3131, gate_std=0.0448, q_interaction_abs_mean=0.0000, id_adapter_abs_mean=0.0530, bias_abs_mean=0.3372, B_q_share=0.0000, B_id_share=0.1560, B_bias_share=0.9922, student_q_norm=0.0000, student_id_adapter_norm=0.1481, item_q_norm=0.0000, item_id_adapter_norm=0.0894, irt_abs_mean=1.3363, irt_std=0.7489, delta_abs_mean=0.1075, delta_std=0.0345, delta_over_irt=0.0804, warmup(mf/personal)=1.00/0.62, graph_row_entropy=2.4260, graph_entropy_ratio=0.5041, alpha_mean=0.1406, alpha_std=0.1406, alpha_bias_std=0.4454, personal_row_entropy=2.4260, personal_matrix_delta=0.0000, personal_matrix_student_std=0.0000, personal_delta_pre_softmax_norm=0.0200, personal_delta_student_std=0.0000, alpha_head_std=0.1406
2026-04-11 04:30:37,452 - INFO - [assist_09|assist_09_abce_ae_dominant_B_no_q|lr=0.0003|drop=0.20] [Diag][Graph] Epoch [005] | entropy_ratio=0.5041, diag_mass=0.2500, to_uniform_l2=0.028690, to_identity_l2=0.070387, tau_mean=0.4634, tau_std=0.0049, graph_reg_scale(train/val)=1.0000/1.0000
2026-04-11 04:30:37,452 - WARNING - [assist_09|assist_09_abce_ae_dominant_B_no_q|lr=0.0003|drop=0.20] [Diag Warning][B] B_q_share is low: B_q_share=0.0000, B_id_share=0.1560, B_bias_share=0.9922
2026-04-11 04:30:37,453 - WARNING - [assist_09|assist_09_abce_ae_dominant_B_no_q|lr=0.0003|drop=0.20] [Diag Warning][E] personal_delta_student_std is near zero: personal_delta_student_std=0.000000, personal_delta_pre_softmax_norm=0.020037
2026-04-11 04:30:37,453 - INFO - [assist_09|assist_09_abce_ae_dominant_B_no_q|lr=0.0003|drop=0.20] [Grad Norms] Epoch [005] | mf_u_proj=0.000000, mf_v_proj=0.000000, b_id_student_proj=0.015329, b_id_item_proj=0.015665, b_bias_scale=0.001320, fusion_gate=0.001496, q_gate_raw=0.000000, skill_latent=0.058741, student_q_proj=0.000000, item_id_adapter=0.104342, relation_emb=0.000000e+00, relation_tau=2.659712e-05, relation_wq=0.000000e+00, relation_wk=0.000000e+00, personal_u=0.000000e+00, personal_v=0.000000e+00, personal_alpha_bias=3.227575e-03, personal_gate_emb=0.000000e+00, personal_gate_student_proj=0.000000e+00, personal_gate_context_proj=1.522145e-05, personal_gate_student_direct=0.000000e+00, personal_gate_context_direct=5.782614e-06, personal_gate_out=1.618993e-05, personal_generator_emb=0.000000e+00, personal_generator_context_proj=0.000000e+00, personal_generator_context_hidden=0.000000e+00, personal_generator_context_to_u=0.000000e+00, personal_generator_context_to_v=0.000000e+00
2026-04-11 04:30:37,944 - INFO - [assist_09|assist_09_abce_ae_dominant_B_no_q|lr=0.0003|drop=0.20] -> New best AUC=0.7479 at epoch 5
2026-04-11 04:31:31,921 - INFO - [assist_09|assist_09_abce_ae_dominant_B_no_q|lr=0.0003|drop=0.20] Epoch [006/100] | Train: Loss=0.5301, BCE=0.5115, Reg=0.0186, AUC=0.7915, ACC=0.7430, RMSE=0.4129 | Val: Loss=0.5683, BCE=0.5487, Reg=0.0196, AUC=0.7519, ACC=0.7225, RMSE=0.4296
2026-04-11 04:31:31,922 - INFO - [assist_09|assist_09_abce_ae_dominant_B_no_q|lr=0.0003|drop=0.20] [Reg Terms] Epoch [006] | Train: graph_entropy=0.000000, graph_diag=0.025001, graph_uniform=0.002852, graph_reg_scale=1.0000, mf_l2=0.000000, delta_ratio=0.000059, personal_sparse=0.004852, alpha_var=-0.014504, alpha_collapse=0.000250, reg_bce_ratio=0.0364 | Val: graph_entropy=0.000000, graph_diag=0.025000, graph_uniform=0.002852, graph_reg_scale=1.0000, mf_l2=0.000000, delta_ratio=0.000421, personal_sparse=0.004852, alpha_var=-0.013858, alpha_collapse=0.000258, reg_bce_ratio=0.0357
2026-04-11 04:31:32,108 - INFO - [assist_09|assist_09_abce_ae_dominant_B_no_q|lr=0.0003|drop=0.20] [Diag][M3] Epoch [006] | residual_abs_mean=0.4232, residual_std=0.1152, mf_abs_mean=0.4232, mf_std=0.1152, gate_mean=0.3170, gate_std=0.0418, q_interaction_abs_mean=0.0000, id_adapter_abs_mean=0.0553, bias_abs_mean=0.4216, B_q_share=0.0000, B_id_share=0.1308, B_bias_share=0.9961, student_q_norm=0.0000, student_id_adapter_norm=0.1704, item_q_norm=0.0000, item_id_adapter_norm=0.1074, irt_abs_mean=1.3955, irt_std=0.7892, delta_abs_mean=0.1363, delta_std=0.0450, delta_over_irt=0.0977, warmup(mf/personal)=1.00/0.75, graph_row_entropy=2.4260, graph_entropy_ratio=0.5041, alpha_mean=0.1687, alpha_std=0.1687, alpha_bias_std=0.5577, personal_row_entropy=2.4260, personal_matrix_delta=0.0000, personal_matrix_student_std=0.0000, personal_delta_pre_softmax_norm=0.0200, personal_delta_student_std=0.0000, alpha_head_std=0.1687
2026-04-11 04:31:32,108 - INFO - [assist_09|assist_09_abce_ae_dominant_B_no_q|lr=0.0003|drop=0.20] [Diag][Graph] Epoch [006] | entropy_ratio=0.5041, diag_mass=0.2500, to_uniform_l2=0.028690, to_identity_l2=0.070387, tau_mean=0.4921, tau_std=0.0021, graph_reg_scale(train/val)=1.0000/1.0000
2026-04-11 04:31:32,108 - WARNING - [assist_09|assist_09_abce_ae_dominant_B_no_q|lr=0.0003|drop=0.20] [Diag Warning][B] B_q_share is low: B_q_share=0.0000, B_id_share=0.1308, B_bias_share=0.9961
2026-04-11 04:31:32,108 - WARNING - [assist_09|assist_09_abce_ae_dominant_B_no_q|lr=0.0003|drop=0.20] [Diag Warning][E] personal_delta_student_std is near zero: personal_delta_student_std=0.000000, personal_delta_pre_softmax_norm=0.020000
2026-04-11 04:31:32,108 - INFO - [assist_09|assist_09_abce_ae_dominant_B_no_q|lr=0.0003|drop=0.20] [Grad Norms] Epoch [006] | mf_u_proj=0.000000, mf_v_proj=0.000000, b_id_student_proj=0.010817, b_id_item_proj=0.011299, b_bias_scale=0.001054, fusion_gate=0.000901, q_gate_raw=0.000000, skill_latent=0.036618, student_q_proj=0.000000, item_id_adapter=0.067028, relation_emb=0.000000e+00, relation_tau=2.113127e-06, relation_wq=0.000000e+00, relation_wk=0.000000e+00, personal_u=0.000000e+00, personal_v=0.000000e+00, personal_alpha_bias=3.527672e-03, personal_gate_emb=0.000000e+00, personal_gate_student_proj=0.000000e+00, personal_gate_context_proj=1.311896e-05, personal_gate_student_direct=0.000000e+00, personal_gate_context_direct=4.940905e-06, personal_gate_out=1.404265e-05, personal_generator_emb=0.000000e+00, personal_generator_context_proj=0.000000e+00, personal_generator_context_hidden=0.000000e+00, personal_generator_context_to_u=0.000000e+00, personal_generator_context_to_v=0.000000e+00
2026-04-11 04:31:32,597 - INFO - [assist_09|assist_09_abce_ae_dominant_B_no_q|lr=0.0003|drop=0.20] -> New best AUC=0.7519 at epoch 6
2026-04-11 04:32:26,226 - INFO - [assist_09|assist_09_abce_ae_dominant_B_no_q|lr=0.0003|drop=0.20] Epoch [007/100] | Train: Loss=0.5144, BCE=0.5007, Reg=0.0137, AUC=0.8029, ACC=0.7493, RMSE=0.4079 | Val: Loss=0.5641, BCE=0.5488, Reg=0.0152, AUC=0.7537, ACC=0.7235, RMSE=0.4294
2026-04-11 04:32:26,226 - INFO - [assist_09|assist_09_abce_ae_dominant_B_no_q|lr=0.0003|drop=0.20] [Reg Terms] Epoch [007] | Train: graph_entropy=0.000000, graph_diag=0.025000, graph_uniform=0.002852, graph_reg_scale=1.0000, mf_l2=0.000000, delta_ratio=0.000279, personal_sparse=0.004852, alpha_var=-0.019808, alpha_collapse=0.000250, reg_bce_ratio=0.0275 | Val: graph_entropy=0.000000, graph_diag=0.025000, graph_uniform=0.002852, graph_reg_scale=1.0000, mf_l2=0.000000, delta_ratio=0.000590, personal_sparse=0.004852, alpha_var=-0.018324, alpha_collapse=0.000257, reg_bce_ratio=0.0278
2026-04-11 04:32:26,431 - INFO - [assist_09|assist_09_abce_ae_dominant_B_no_q|lr=0.0003|drop=0.20] [Diag][M3] Epoch [007] | residual_abs_mean=0.4750, residual_std=0.1457, mf_abs_mean=0.4750, mf_std=0.1457, gate_mean=0.3073, gate_std=0.0494, q_interaction_abs_mean=0.0000, id_adapter_abs_mean=0.0625, bias_abs_mean=0.4774, B_q_share=0.0000, B_id_share=0.1316, B_bias_share=1.0051, student_q_norm=0.0000, student_id_adapter_norm=0.1858, item_q_norm=0.0000, item_id_adapter_norm=0.1189, irt_abs_mean=1.4845, irt_std=0.8518, delta_abs_mean=0.1499, delta_std=0.0578, delta_over_irt=0.1010, warmup(mf/personal)=1.00/0.88, graph_row_entropy=2.4260, graph_entropy_ratio=0.5041, alpha_mean=0.1968, alpha_std=0.1968, alpha_bias_std=0.6666, personal_row_entropy=2.4260, personal_matrix_delta=0.0000, personal_matrix_student_std=0.0000, personal_delta_pre_softmax_norm=0.0200, personal_delta_student_std=0.0000, alpha_head_std=0.1968
2026-04-11 04:32:26,432 - INFO - [assist_09|assist_09_abce_ae_dominant_B_no_q|lr=0.0003|drop=0.20] [Diag][Graph] Epoch [007] | entropy_ratio=0.5041, diag_mass=0.2500, to_uniform_l2=0.028690, to_identity_l2=0.070387, tau_mean=0.5410, tau_std=0.0014, graph_reg_scale(train/val)=1.0000/1.0000
2026-04-11 04:32:26,432 - WARNING - [assist_09|assist_09_abce_ae_dominant_B_no_q|lr=0.0003|drop=0.20] [Diag Warning][B] B_q_share is low: B_q_share=0.0000, B_id_share=0.1316, B_bias_share=1.0051
2026-04-11 04:32:26,432 - WARNING - [assist_09|assist_09_abce_ae_dominant_B_no_q|lr=0.0003|drop=0.20] [Diag Warning][E] personal_delta_student_std is near zero: personal_delta_student_std=0.000000, personal_delta_pre_softmax_norm=0.019978
2026-04-11 04:32:26,432 - INFO - [assist_09|assist_09_abce_ae_dominant_B_no_q|lr=0.0003|drop=0.20] [Grad Norms] Epoch [007] | mf_u_proj=0.000000, mf_v_proj=0.000000, b_id_student_proj=0.013880, b_id_item_proj=0.014043, b_bias_scale=0.002694, fusion_gate=0.000756, q_gate_raw=0.000000, skill_latent=0.045503, student_q_proj=0.000000, item_id_adapter=0.072102, relation_emb=0.000000e+00, relation_tau=9.656410e-07, relation_wq=0.000000e+00, relation_wk=0.000000e+00, personal_u=0.000000e+00, personal_v=0.000000e+00, personal_alpha_bias=4.679494e-03, personal_gate_emb=0.000000e+00, personal_gate_student_proj=0.000000e+00, personal_gate_context_proj=1.400297e-05, personal_gate_student_direct=0.000000e+00, personal_gate_context_direct=5.198068e-06, personal_gate_out=1.497849e-05, personal_generator_emb=0.000000e+00, personal_generator_context_proj=0.000000e+00, personal_generator_context_hidden=0.000000e+00, personal_generator_context_to_u=0.000000e+00, personal_generator_context_to_v=0.000000e+00
2026-04-11 04:32:26,894 - INFO - [assist_09|assist_09_abce_ae_dominant_B_no_q|lr=0.0003|drop=0.20] -> New best AUC=0.7537 at epoch 7
2026-04-11 04:33:21,079 - INFO - [assist_09|assist_09_abce_ae_dominant_B_no_q|lr=0.0003|drop=0.20] Epoch [008/100] | Train: Loss=0.5002, BCE=0.4923, Reg=0.0079, AUC=0.8115, ACC=0.7540, RMSE=0.4041 | Val: Loss=0.5577, BCE=0.5476, Reg=0.0101, AUC=0.7562, ACC=0.7251, RMSE=0.4286
2026-04-11 04:33:21,079 - INFO - [assist_09|assist_09_abce_ae_dominant_B_no_q|lr=0.0003|drop=0.20] [Reg Terms] Epoch [008] | Train: graph_entropy=0.000000, graph_diag=0.025000, graph_uniform=0.002852, graph_reg_scale=1.0000, mf_l2=0.000000, delta_ratio=0.000474, personal_sparse=0.004852, alpha_var=-0.025944, alpha_collapse=0.000250, reg_bce_ratio=0.0160 | Val: graph_entropy=0.000000, graph_diag=0.025000, graph_uniform=0.002852, graph_reg_scale=1.0000, mf_l2=0.000000, delta_ratio=0.000587, personal_sparse=0.004852, alpha_var=-0.023440, alpha_collapse=0.000257, reg_bce_ratio=0.0185
2026-04-11 04:33:21,383 - INFO - [assist_09|assist_09_abce_ae_dominant_B_no_q|lr=0.0003|drop=0.20] [Diag][M3] Epoch [008] | residual_abs_mean=0.5210, residual_std=0.1863, mf_abs_mean=0.5210, mf_std=0.1863, gate_mean=0.2768, gate_std=0.0619, q_interaction_abs_mean=0.0000, id_adapter_abs_mean=0.0765, bias_abs_mean=0.5231, B_q_share=0.0000, B_id_share=0.1468, B_bias_share=1.0041, student_q_norm=0.0000, student_id_adapter_norm=0.1985, item_q_norm=0.0000, item_id_adapter_norm=0.1283, irt_abs_mean=1.4301, irt_std=0.8963, delta_abs_mean=0.1531, delta_std=0.0743, delta_over_irt=0.1070, warmup(mf/personal)=1.00/1.00, graph_row_entropy=2.4260, graph_entropy_ratio=0.5041, alpha_mean=0.2250, alpha_std=0.2249, alpha_bias_std=0.7694, personal_row_entropy=2.4260, personal_matrix_delta=0.0000, personal_matrix_student_std=0.0000, personal_delta_pre_softmax_norm=0.0200, personal_delta_student_std=0.0000, alpha_head_std=0.2249
2026-04-11 04:33:21,383 - INFO - [assist_09|assist_09_abce_ae_dominant_B_no_q|lr=0.0003|drop=0.20] [Diag][Graph] Epoch [008] | entropy_ratio=0.5041, diag_mass=0.2500, to_uniform_l2=0.028690, to_identity_l2=0.070387, tau_mean=0.6080, tau_std=0.0037, graph_reg_scale(train/val)=1.0000/1.0000
2026-04-11 04:33:21,383 - WARNING - [assist_09|assist_09_abce_ae_dominant_B_no_q|lr=0.0003|drop=0.20] [Diag Warning][B] B_q_share is low: B_q_share=0.0000, B_id_share=0.1468, B_bias_share=1.0041
2026-04-11 04:33:21,383 - WARNING - [assist_09|assist_09_abce_ae_dominant_B_no_q|lr=0.0003|drop=0.20] [Diag Warning][E] personal_delta_student_std is near zero: personal_delta_student_std=0.000000, personal_delta_pre_softmax_norm=0.020009
2026-04-11 04:33:21,383 - INFO - [assist_09|assist_09_abce_ae_dominant_B_no_q|lr=0.0003|drop=0.20] [Grad Norms] Epoch [008] | mf_u_proj=0.000000, mf_v_proj=0.000000, b_id_student_proj=0.015439, b_id_item_proj=0.016025, b_bias_scale=0.001858, fusion_gate=0.001764, q_gate_raw=0.000000, skill_latent=0.051320, student_q_proj=0.000000, item_id_adapter=0.070304, relation_emb=0.000000e+00, relation_tau=3.321099e-08, relation_wq=0.000000e+00, relation_wk=0.000000e+00, personal_u=0.000000e+00, personal_v=0.000000e+00, personal_alpha_bias=5.086422e-03, personal_gate_emb=0.000000e+00, personal_gate_student_proj=0.000000e+00, personal_gate_context_proj=1.428901e-05, personal_gate_student_direct=0.000000e+00, personal_gate_context_direct=5.289462e-06, personal_gate_out=1.550079e-05, personal_generator_emb=0.000000e+00, personal_generator_context_proj=0.000000e+00, personal_generator_context_hidden=0.000000e+00, personal_generator_context_to_u=0.000000e+00, personal_generator_context_to_v=0.000000e+00
2026-04-11 04:33:21,904 - INFO - [assist_09|assist_09_abce_ae_dominant_B_no_q|lr=0.0003|drop=0.20] -> New best AUC=0.7562 at epoch 8
2026-04-11 04:34:17,265 - INFO - [assist_09|assist_09_abce_ae_dominant_B_no_q|lr=0.0003|drop=0.20] Epoch [009/100] | Train: Loss=0.4852, BCE=0.4839, Reg=0.0012, AUC=0.8196, ACC=0.7591, RMSE=0.4004 | Val: Loss=0.5513, BCE=0.5469, Reg=0.0044, AUC=0.7576, ACC=0.7277, RMSE=0.4280
2026-04-11 04:34:17,265 - INFO - [assist_09|assist_09_abce_ae_dominant_B_no_q|lr=0.0003|drop=0.20] [Reg Terms] Epoch [009] | Train: graph_entropy=0.000000, graph_diag=0.025000, graph_uniform=0.002852, graph_reg_scale=1.0000, mf_l2=0.000000, delta_ratio=0.000736, personal_sparse=0.004852, alpha_var=-0.032917, alpha_collapse=0.000250, reg_bce_ratio=0.0026 | Val: graph_entropy=0.000000, graph_diag=0.025000, graph_uniform=0.002852, graph_reg_scale=1.0000, mf_l2=0.000000, delta_ratio=0.000631, personal_sparse=0.004852, alpha_var=-0.029205, alpha_collapse=0.000256, reg_bce_ratio=0.0081
2026-04-11 04:34:17,495 - INFO - [assist_09|assist_09_abce_ae_dominant_B_no_q|lr=0.0003|drop=0.20] [Diag][M3] Epoch [009] | residual_abs_mean=0.5806, residual_std=0.2144, mf_abs_mean=0.5806, mf_std=0.2144, gate_mean=0.2219, gate_std=0.0715, q_interaction_abs_mean=0.0000, id_adapter_abs_mean=0.0877, bias_abs_mean=0.5911, B_q_share=0.0000, B_id_share=0.1510, B_bias_share=1.0181, student_q_norm=0.0000, student_id_adapter_norm=0.2126, item_q_norm=0.0000, item_id_adapter_norm=0.1365, irt_abs_mean=1.5071, irt_std=0.9125, delta_abs_mean=0.1436, delta_std=0.0843, delta_over_irt=0.0953, warmup(mf/personal)=1.00/1.00, graph_row_entropy=2.4260, graph_entropy_ratio=0.5041, alpha_mean=0.2250, alpha_std=0.2249, alpha_bias_std=0.8728, personal_row_entropy=2.4260, personal_matrix_delta=0.0000, personal_matrix_student_std=0.0000, personal_delta_pre_softmax_norm=0.0200, personal_delta_student_std=0.0000, alpha_head_std=0.2249
2026-04-11 04:34:17,495 - INFO - [assist_09|assist_09_abce_ae_dominant_B_no_q|lr=0.0003|drop=0.20] [Diag][Graph] Epoch [009] | entropy_ratio=0.5041, diag_mass=0.2500, to_uniform_l2=0.028690, to_identity_l2=0.070387, tau_mean=0.6674, tau_std=0.0029, graph_reg_scale(train/val)=1.0000/1.0000
2026-04-11 04:34:17,495 - WARNING - [assist_09|assist_09_abce_ae_dominant_B_no_q|lr=0.0003|drop=0.20] [Diag Warning][B] B_q_share is low: B_q_share=0.0000, B_id_share=0.1510, B_bias_share=1.0181
2026-04-11 04:34:17,495 - WARNING - [assist_09|assist_09_abce_ae_dominant_B_no_q|lr=0.0003|drop=0.20] [Diag Warning][E] personal_delta_student_std is near zero: personal_delta_student_std=0.000000, personal_delta_pre_softmax_norm=0.019999
2026-04-11 04:34:17,495 - INFO - [assist_09|assist_09_abce_ae_dominant_B_no_q|lr=0.0003|drop=0.20] [Grad Norms] Epoch [009] | mf_u_proj=0.000000, mf_v_proj=0.000000, b_id_student_proj=0.019515, b_id_item_proj=0.019838, b_bias_scale=0.004677, fusion_gate=0.002704, q_gate_raw=0.000000, skill_latent=0.057428, student_q_proj=0.000000, item_id_adapter=0.087634, relation_emb=0.000000e+00, relation_tau=6.540384e-10, relation_wq=0.000000e+00, relation_wk=0.000000e+00, personal_u=0.000000e+00, personal_v=0.000000e+00, personal_alpha_bias=6.054785e-03, personal_gate_emb=0.000000e+00, personal_gate_student_proj=0.000000e+00, personal_gate_context_proj=1.397100e-05, personal_gate_student_direct=0.000000e+00, personal_gate_context_direct=5.053243e-06, personal_gate_out=1.501977e-05, personal_generator_emb=0.000000e+00, personal_generator_context_proj=0.000000e+00, personal_generator_context_hidden=0.000000e+00, personal_generator_context_to_u=0.000000e+00, personal_generator_context_to_v=0.000000e+00
2026-04-11 04:34:18,088 - INFO - [assist_09|assist_09_abce_ae_dominant_B_no_q|lr=0.0003|drop=0.20] -> New best AUC=0.7576 at epoch 9
2026-04-11 04:35:13,186 - INFO - [assist_09|assist_09_abce_ae_dominant_B_no_q|lr=0.0003|drop=0.20] Epoch [010/100] | Train: Loss=0.4703, BCE=0.4766, Reg=-0.0063, AUC=0.8267, ACC=0.7633, RMSE=0.3969 | Val: Loss=0.5468, BCE=0.5489, Reg=-0.0020, AUC=0.7586, ACC=0.7253, RMSE=0.4284
2026-04-11 04:35:13,186 - INFO - [assist_09|assist_09_abce_ae_dominant_B_no_q|lr=0.0003|drop=0.20] [Reg Terms] Epoch [010] | Train: graph_entropy=0.000000, graph_diag=0.025000, graph_uniform=0.002852, graph_reg_scale=1.0000, mf_l2=0.000000, delta_ratio=0.001003, personal_sparse=0.004852, alpha_var=-0.040708, alpha_collapse=0.000250, reg_bce_ratio=-0.0132 | Val: graph_entropy=0.000000, graph_diag=0.025000, graph_uniform=0.002852, graph_reg_scale=1.0000, mf_l2=0.000000, delta_ratio=0.000523, personal_sparse=0.004852, alpha_var=-0.035598, alpha_collapse=0.000257, reg_bce_ratio=-0.0037
2026-04-11 04:35:13,406 - INFO - [assist_09|assist_09_abce_ae_dominant_B_no_q|lr=0.0003|drop=0.20] [Diag][M3] Epoch [010] | residual_abs_mean=0.6623, residual_std=0.2439, mf_abs_mean=0.6623, mf_std=0.2439, gate_mean=0.1644, gate_std=0.0845, q_interaction_abs_mean=0.0000, id_adapter_abs_mean=0.1036, bias_abs_mean=0.6851, B_q_share=0.0000, B_id_share=0.1564, B_bias_share=1.0344, student_q_norm=0.0000, student_id_adapter_norm=0.2217, item_q_norm=0.0000, item_id_adapter_norm=0.1434, irt_abs_mean=1.6197, irt_std=1.0046, delta_abs_mean=0.1265, delta_std=0.0956, delta_over_irt=0.0781, warmup(mf/personal)=1.00/1.00, graph_row_entropy=2.4260, graph_entropy_ratio=0.5041, alpha_mean=0.2250, alpha_std=0.2249, alpha_bias_std=0.9751, personal_row_entropy=2.4260, personal_matrix_delta=0.0000, personal_matrix_student_std=0.0000, personal_delta_pre_softmax_norm=0.0200, personal_delta_student_std=0.0000, alpha_head_std=0.2249
2026-04-11 04:35:13,406 - INFO - [assist_09|assist_09_abce_ae_dominant_B_no_q|lr=0.0003|drop=0.20] [Diag][Graph] Epoch [010] | entropy_ratio=0.5041, diag_mass=0.2500, to_uniform_l2=0.028690, to_identity_l2=0.070387, tau_mean=0.6911, tau_std=0.0005, graph_reg_scale(train/val)=1.0000/1.0000
2026-04-11 04:35:13,406 - WARNING - [assist_09|assist_09_abce_ae_dominant_B_no_q|lr=0.0003|drop=0.20] [Diag Warning][B] B_q_share is low: B_q_share=0.0000, B_id_share=0.1564, B_bias_share=1.0344
2026-04-11 04:35:13,406 - WARNING - [assist_09|assist_09_abce_ae_dominant_B_no_q|lr=0.0003|drop=0.20] [Diag Warning][E] personal_delta_student_std is near zero: personal_delta_student_std=0.000000, personal_delta_pre_softmax_norm=0.020022
2026-04-11 04:35:13,406 - INFO - [assist_09|assist_09_abce_ae_dominant_B_no_q|lr=0.0003|drop=0.20] [Grad Norms] Epoch [010] | mf_u_proj=0.000000, mf_v_proj=0.000000, b_id_student_proj=0.016665, b_id_item_proj=0.017200, b_bias_scale=0.001276, fusion_gate=0.004799, q_gate_raw=0.000000, skill_latent=0.045513, student_q_proj=0.000000, item_id_adapter=0.066042, relation_emb=0.000000e+00, relation_tau=2.131548e-10, relation_wq=0.000000e+00, relation_wk=0.000000e+00, personal_u=0.000000e+00, personal_v=0.000000e+00, personal_alpha_bias=6.571075e-03, personal_gate_emb=0.000000e+00, personal_gate_student_proj=0.000000e+00, personal_gate_context_proj=1.631076e-05, personal_gate_student_direct=0.000000e+00, personal_gate_context_direct=5.877730e-06, personal_gate_out=1.770283e-05, personal_generator_emb=0.000000e+00, personal_generator_context_proj=0.000000e+00, personal_generator_context_hidden=0.000000e+00, personal_generator_context_to_u=0.000000e+00, personal_generator_context_to_v=0.000000e+00
2026-04-11 04:35:13,927 - INFO - [assist_09|assist_09_abce_ae_dominant_B_no_q|lr=0.0003|drop=0.20] -> New best AUC=0.7586 at epoch 10
2026-04-11 04:35:14,024 - INFO - [assist_09|assist_09_abce_ae_dominant_B_no_q|lr=0.0003|drop=0.20] Checkpoint saved: checkpoints/abce_diag/20260411_master_best_ae/assist_09/seed42/ae_dominant_B_no_q/checkpoint_epoch_10.pth
2026-04-11 04:35:14,220 - INFO - [assist_09|assist_09_abce_ae_dominant_B_no_q|lr=0.0003|drop=0.20] [Module Activity] Epoch 10: Graph[OK] Personal[X] MF[OK]
2026-04-11 04:36:09,169 - INFO - [assist_09|assist_09_abce_ae_dominant_B_no_q|lr=0.0003|drop=0.20] Epoch [011/100] | Train: Loss=0.4550, BCE=0.4694, Reg=-0.0144, AUC=0.8337, ACC=0.7669, RMSE=0.3935 | Val: Loss=0.5392, BCE=0.5481, Reg=-0.0089, AUC=0.7593, ACC=0.7282, RMSE=0.4282
2026-04-11 04:36:09,169 - INFO - [assist_09|assist_09_abce_ae_dominant_B_no_q|lr=0.0003|drop=0.20] [Reg Terms] Epoch [011] | Train: graph_entropy=0.000000, graph_diag=0.025000, graph_uniform=0.002852, graph_reg_scale=1.0000, mf_l2=0.000000, delta_ratio=0.001337, personal_sparse=0.004852, alpha_var=-0.049301, alpha_collapse=0.000250, reg_bce_ratio=-0.0307 | Val: graph_entropy=0.000000, graph_diag=0.025000, graph_uniform=0.002852, graph_reg_scale=1.0000, mf_l2=0.000000, delta_ratio=0.000629, personal_sparse=0.004852, alpha_var=-0.042628, alpha_collapse=0.000258, reg_bce_ratio=-0.0162
2026-04-11 04:36:09,393 - INFO - [assist_09|assist_09_abce_ae_dominant_B_no_q|lr=0.0003|drop=0.20] [Diag][M3] Epoch [011] | residual_abs_mean=0.7227, residual_std=0.2614, mf_abs_mean=0.7227, mf_std=0.2614, gate_mean=0.1233, gate_std=0.0908, q_interaction_abs_mean=0.0000, id_adapter_abs_mean=0.1111, bias_abs_mean=0.7675, B_q_share=0.0000, B_id_share=0.1538, B_bias_share=1.0619, student_q_norm=0.0000, student_id_adapter_norm=0.2327, item_q_norm=0.0000, item_id_adapter_norm=0.1493, irt_abs_mean=1.6221, irt_std=1.0185, delta_abs_mean=0.1051, delta_std=0.0992, delta_over_irt=0.0648, warmup(mf/personal)=1.00/1.00, graph_row_entropy=2.4260, graph_entropy_ratio=0.5041, alpha_mean=0.2250, alpha_std=0.2249, alpha_bias_std=1.0755, personal_row_entropy=2.4260, personal_matrix_delta=0.0000, personal_matrix_student_std=0.0000, personal_delta_pre_softmax_norm=0.0200, personal_delta_student_std=0.0000, alpha_head_std=0.2249
2026-04-11 04:36:09,393 - INFO - [assist_09|assist_09_abce_ae_dominant_B_no_q|lr=0.0003|drop=0.20] [Diag][Graph] Epoch [011] | entropy_ratio=0.5041, diag_mass=0.2500, to_uniform_l2=0.028690, to_identity_l2=0.070387, tau_mean=0.6931, tau_std=0.0000, graph_reg_scale(train/val)=1.0000/1.0000
2026-04-11 04:36:09,393 - WARNING - [assist_09|assist_09_abce_ae_dominant_B_no_q|lr=0.0003|drop=0.20] [Diag Warning][B] B_q_share is low: B_q_share=0.0000, B_id_share=0.1538, B_bias_share=1.0619
2026-04-11 04:36:09,393 - WARNING - [assist_09|assist_09_abce_ae_dominant_B_no_q|lr=0.0003|drop=0.20] [Diag Warning][E] personal_delta_student_std is near zero: personal_delta_student_std=0.000000, personal_delta_pre_softmax_norm=0.020017
2026-04-11 04:36:09,393 - INFO - [assist_09|assist_09_abce_ae_dominant_B_no_q|lr=0.0003|drop=0.20] [Grad Norms] Epoch [011] | mf_u_proj=0.000000, mf_v_proj=0.000000, b_id_student_proj=0.022567, b_id_item_proj=0.022791, b_bias_scale=0.002821, fusion_gate=0.005439, q_gate_raw=0.000000, skill_latent=0.059741, student_q_proj=0.000000, item_id_adapter=0.101097, relation_emb=0.000000e+00, relation_tau=2.637809e-09, relation_wq=0.000000e+00, relation_wk=0.000000e+00, personal_u=0.000000e+00, personal_v=0.000000e+00, personal_alpha_bias=6.593138e-03, personal_gate_emb=0.000000e+00, personal_gate_student_proj=0.000000e+00, personal_gate_context_proj=1.537061e-05, personal_gate_student_direct=0.000000e+00, personal_gate_context_direct=5.471128e-06, personal_gate_out=1.653193e-05, personal_generator_emb=0.000000e+00, personal_generator_context_proj=0.000000e+00, personal_generator_context_hidden=0.000000e+00, personal_generator_context_to_u=0.000000e+00, personal_generator_context_to_v=0.000000e+00
2026-04-11 04:36:09,876 - INFO - [assist_09|assist_09_abce_ae_dominant_B_no_q|lr=0.0003|drop=0.20] -> New best AUC=0.7593 at epoch 11
2026-04-11 04:37:04,319 - INFO - [assist_09|assist_09_abce_ae_dominant_B_no_q|lr=0.0003|drop=0.20] Epoch [012/100] | Train: Loss=0.4396, BCE=0.4630, Reg=-0.0233, AUC=0.8396, ACC=0.7700, RMSE=0.3905 | Val: Loss=0.5311, BCE=0.5475, Reg=-0.0164, AUC=0.7605, ACC=0.7305, RMSE=0.4274
2026-04-11 04:37:04,320 - INFO - [assist_09|assist_09_abce_ae_dominant_B_no_q|lr=0.0003|drop=0.20] [Reg Terms] Epoch [012] | Train: graph_entropy=0.000000, graph_diag=0.025000, graph_uniform=0.002852, graph_reg_scale=1.0000, mf_l2=0.000000, delta_ratio=0.001630, personal_sparse=0.004852, alpha_var=-0.058713, alpha_collapse=0.000250, reg_bce_ratio=-0.0504 | Val: graph_entropy=0.000000, graph_diag=0.025000, graph_uniform=0.002852, graph_reg_scale=1.0000, mf_l2=0.000000, delta_ratio=0.000734, personal_sparse=0.004852, alpha_var=-0.050299, alpha_collapse=0.000257, reg_bce_ratio=-0.0300
2026-04-11 04:37:04,548 - INFO - [assist_09|assist_09_abce_ae_dominant_B_no_q|lr=0.0003|drop=0.20] [Diag][M3] Epoch [012] | residual_abs_mean=0.8092, residual_std=0.2730, mf_abs_mean=0.8092, mf_std=0.2730, gate_mean=0.1039, gate_std=0.0943, q_interaction_abs_mean=0.0000, id_adapter_abs_mean=0.1156, bias_abs_mean=0.8659, B_q_share=0.0000, B_id_share=0.1429, B_bias_share=1.0702, student_q_norm=0.0000, student_id_adapter_norm=0.2419, item_q_norm=0.0000, item_id_adapter_norm=0.1555, irt_abs_mean=1.6554, irt_std=1.0925, delta_abs_mean=0.0985, delta_std=0.1080, delta_over_irt=0.0595, warmup(mf/personal)=1.00/1.00, graph_row_entropy=2.4260, graph_entropy_ratio=0.5041, alpha_mean=0.2250, alpha_std=0.2249, alpha_bias_std=1.1765, personal_row_entropy=2.4260, personal_matrix_delta=0.0000, personal_matrix_student_std=0.0000, personal_delta_pre_softmax_norm=0.0201, personal_delta_student_std=0.0000, alpha_head_std=0.2249
2026-04-11 04:37:04,548 - INFO - [assist_09|assist_09_abce_ae_dominant_B_no_q|lr=0.0003|drop=0.20] [Diag][Graph] Epoch [012] | entropy_ratio=0.5041, diag_mass=0.2500, to_uniform_l2=0.028690, to_identity_l2=0.070387, tau_mean=0.6932, tau_std=0.0000, graph_reg_scale(train/val)=1.0000/1.0000
2026-04-11 04:37:04,548 - WARNING - [assist_09|assist_09_abce_ae_dominant_B_no_q|lr=0.0003|drop=0.20] [Diag Warning][B] B_q_share is low: B_q_share=0.0000, B_id_share=0.1429, B_bias_share=1.0702
2026-04-11 04:37:04,548 - WARNING - [assist_09|assist_09_abce_ae_dominant_B_no_q|lr=0.0003|drop=0.20] [Diag Warning][E] personal_delta_student_std is near zero: personal_delta_student_std=0.000000, personal_delta_pre_softmax_norm=0.020053
2026-04-11 04:37:04,548 - INFO - [assist_09|assist_09_abce_ae_dominant_B_no_q|lr=0.0003|drop=0.20] [Grad Norms] Epoch [012] | mf_u_proj=0.000000, mf_v_proj=0.000000, b_id_student_proj=0.018330, b_id_item_proj=0.018686, b_bias_scale=0.002739, fusion_gate=0.005816, q_gate_raw=0.000000, skill_latent=0.052634, student_q_proj=0.000000, item_id_adapter=0.081057, relation_emb=0.000000e+00, relation_tau=1.631625e-08, relation_wq=0.000000e+00, relation_wk=0.000000e+00, personal_u=0.000000e+00, personal_v=0.000000e+00, personal_alpha_bias=7.648881e-03, personal_gate_emb=0.000000e+00, personal_gate_student_proj=0.000000e+00, personal_gate_context_proj=1.221343e-05, personal_gate_student_direct=0.000000e+00, personal_gate_context_direct=4.392411e-06, personal_gate_out=1.335792e-05, personal_generator_emb=0.000000e+00, personal_generator_context_proj=0.000000e+00, personal_generator_context_hidden=0.000000e+00, personal_generator_context_to_u=0.000000e+00, personal_generator_context_to_v=0.000000e+00
2026-04-11 04:37:05,015 - INFO - [assist_09|assist_09_abce_ae_dominant_B_no_q|lr=0.0003|drop=0.20] -> New best AUC=0.7605 at epoch 12
2026-04-11 04:38:00,160 - INFO - [assist_09|assist_09_abce_ae_dominant_B_no_q|lr=0.0003|drop=0.20] Epoch [013/100] | Train: Loss=0.4242, BCE=0.4573, Reg=-0.0330, AUC=0.8448, ACC=0.7741, RMSE=0.3877 | Val: Loss=0.5239, BCE=0.5486, Reg=-0.0247, AUC=0.7606, ACC=0.7305, RMSE=0.4278
2026-04-11 04:38:00,160 - INFO - [assist_09|assist_09_abce_ae_dominant_B_no_q|lr=0.0003|drop=0.20] [Reg Terms] Epoch [013] | Train: graph_entropy=0.000000, graph_diag=0.025002, graph_uniform=0.002852, graph_reg_scale=1.0000, mf_l2=0.000001, delta_ratio=0.001900, personal_sparse=0.004852, alpha_var=-0.068956, alpha_collapse=0.000250, reg_bce_ratio=-0.0723 | Val: graph_entropy=0.000000, graph_diag=0.025000, graph_uniform=0.002852, graph_reg_scale=1.0000, mf_l2=0.000001, delta_ratio=0.000677, personal_sparse=0.004852, alpha_var=-0.058596, alpha_collapse=0.000257, reg_bce_ratio=-0.0450
2026-04-11 04:38:00,385 - INFO - [assist_09|assist_09_abce_ae_dominant_B_no_q|lr=0.0003|drop=0.20] [Diag][M3] Epoch [013] | residual_abs_mean=0.8962, residual_std=0.2891, mf_abs_mean=0.8962, mf_std=0.2891, gate_mean=0.0993, gate_std=0.0984, q_interaction_abs_mean=0.0000, id_adapter_abs_mean=0.1410, bias_abs_mean=0.9774, B_q_share=0.0000, B_id_share=0.1573, B_bias_share=1.0907, student_q_norm=0.0000, student_id_adapter_norm=0.2508, item_q_norm=0.0000, item_id_adapter_norm=0.1614, irt_abs_mean=1.6105, irt_std=1.1161, delta_abs_mean=0.1040, delta_std=0.1199, delta_over_irt=0.0646, warmup(mf/personal)=1.00/1.00, graph_row_entropy=2.4260, graph_entropy_ratio=0.5041, alpha_mean=0.2250, alpha_std=0.2249, alpha_bias_std=1.2768, personal_row_entropy=2.4260, personal_matrix_delta=0.0000, personal_matrix_student_std=0.0000, personal_delta_pre_softmax_norm=0.0200, personal_delta_student_std=0.0000, alpha_head_std=0.2249
2026-04-11 04:38:00,385 - INFO - [assist_09|assist_09_abce_ae_dominant_B_no_q|lr=0.0003|drop=0.20] [Diag][Graph] Epoch [013] | entropy_ratio=0.5041, diag_mass=0.2500, to_uniform_l2=0.028690, to_identity_l2=0.070387, tau_mean=0.6932, tau_std=0.0000, graph_reg_scale(train/val)=1.0000/1.0000
2026-04-11 04:38:00,385 - WARNING - [assist_09|assist_09_abce_ae_dominant_B_no_q|lr=0.0003|drop=0.20] [Diag Warning][B] B_q_share is low: B_q_share=0.0000, B_id_share=0.1573, B_bias_share=1.0907
2026-04-11 04:38:00,385 - WARNING - [assist_09|assist_09_abce_ae_dominant_B_no_q|lr=0.0003|drop=0.20] [Diag Warning][E] personal_delta_student_std is near zero: personal_delta_student_std=0.000000, personal_delta_pre_softmax_norm=0.020040
2026-04-11 04:38:00,385 - INFO - [assist_09|assist_09_abce_ae_dominant_B_no_q|lr=0.0003|drop=0.20] [Grad Norms] Epoch [013] | mf_u_proj=0.000000, mf_v_proj=0.000000, b_id_student_proj=0.033561, b_id_item_proj=0.035221, b_bias_scale=0.002565, fusion_gate=0.008078, q_gate_raw=0.000000, skill_latent=0.085656, student_q_proj=0.000000, item_id_adapter=0.138890, relation_emb=0.000000e+00, relation_tau=4.475425e-09, relation_wq=0.000000e+00, relation_wk=0.000000e+00, personal_u=0.000000e+00, personal_v=0.000000e+00, personal_alpha_bias=9.125300e-03, personal_gate_emb=0.000000e+00, personal_gate_student_proj=0.000000e+00, personal_gate_context_proj=1.806385e-05, personal_gate_student_direct=0.000000e+00, personal_gate_context_direct=6.316661e-06, personal_gate_out=1.966869e-05, personal_generator_emb=0.000000e+00, personal_generator_context_proj=0.000000e+00, personal_generator_context_hidden=0.000000e+00, personal_generator_context_to_u=0.000000e+00, personal_generator_context_to_v=0.000000e+00
2026-04-11 04:38:00,836 - INFO - [assist_09|assist_09_abce_ae_dominant_B_no_q|lr=0.0003|drop=0.20] -> New best AUC=0.7606 at epoch 13
2026-04-11 04:38:55,300 - INFO - [assist_09|assist_09_abce_ae_dominant_B_no_q|lr=0.0003|drop=0.20] Epoch [014/100] | Train: Loss=0.4082, BCE=0.4517, Reg=-0.0435, AUC=0.8499, ACC=0.7768, RMSE=0.3849 | Val: Loss=0.5152, BCE=0.5486, Reg=-0.0334, AUC=0.7619, ACC=0.7308, RMSE=0.4273
2026-04-11 04:38:55,300 - INFO - [assist_09|assist_09_abce_ae_dominant_B_no_q|lr=0.0003|drop=0.20] [Reg Terms] Epoch [014] | Train: graph_entropy=0.000000, graph_diag=0.025000, graph_uniform=0.002852, graph_reg_scale=1.0000, mf_l2=0.000001, delta_ratio=0.002144, personal_sparse=0.004852, alpha_var=-0.079983, alpha_collapse=0.000250, reg_bce_ratio=-0.0963 | Val: graph_entropy=0.000000, graph_diag=0.025000, graph_uniform=0.002852, graph_reg_scale=1.0000, mf_l2=0.000001, delta_ratio=0.000705, personal_sparse=0.004852, alpha_var=-0.067512, alpha_collapse=0.000258, reg_bce_ratio=-0.0609
2026-04-11 04:38:55,519 - INFO - [assist_09|assist_09_abce_ae_dominant_B_no_q|lr=0.0003|drop=0.20] [Diag][M3] Epoch [014] | residual_abs_mean=0.9539, residual_std=0.3039, mf_abs_mean=0.9539, mf_std=0.3039, gate_mean=0.0861, gate_std=0.0980, q_interaction_abs_mean=0.0000, id_adapter_abs_mean=0.1611, bias_abs_mean=1.0744, B_q_share=0.0000, B_id_share=0.1689, B_bias_share=1.1264, student_q_norm=0.0000, student_id_adapter_norm=0.2586, item_q_norm=0.0000, item_id_adapter_norm=0.1671, irt_abs_mean=1.6929, irt_std=1.1619, delta_abs_mean=0.0954, delta_std=0.1262, delta_over_irt=0.0563, warmup(mf/personal)=1.00/1.00, graph_row_entropy=2.4260, graph_entropy_ratio=0.5041, alpha_mean=0.2250, alpha_std=0.2249, alpha_bias_std=1.3748, personal_row_entropy=2.4260, personal_matrix_delta=0.0000, personal_matrix_student_std=0.0000, personal_delta_pre_softmax_norm=0.0200, personal_delta_student_std=0.0000, alpha_head_std=0.2249
2026-04-11 04:38:55,519 - INFO - [assist_09|assist_09_abce_ae_dominant_B_no_q|lr=0.0003|drop=0.20] [Diag][Graph] Epoch [014] | entropy_ratio=0.5041, diag_mass=0.2500, to_uniform_l2=0.028690, to_identity_l2=0.070387, tau_mean=0.6932, tau_std=0.0000, graph_reg_scale(train/val)=1.0000/1.0000
2026-04-11 04:38:55,519 - WARNING - [assist_09|assist_09_abce_ae_dominant_B_no_q|lr=0.0003|drop=0.20] [Diag Warning][B] B_q_share is low: B_q_share=0.0000, B_id_share=0.1689, B_bias_share=1.1264
2026-04-11 04:38:55,519 - WARNING - [assist_09|assist_09_abce_ae_dominant_B_no_q|lr=0.0003|drop=0.20] [Diag Warning][E] personal_delta_student_std is near zero: personal_delta_student_std=0.000000, personal_delta_pre_softmax_norm=0.020009
2026-04-11 04:38:55,520 - INFO - [assist_09|assist_09_abce_ae_dominant_B_no_q|lr=0.0003|drop=0.20] [Grad Norms] Epoch [014] | mf_u_proj=0.000000, mf_v_proj=0.000000, b_id_student_proj=0.022287, b_id_item_proj=0.024748, b_bias_scale=0.001521, fusion_gate=0.000420, q_gate_raw=0.000000, skill_latent=0.063171, student_q_proj=0.000000, item_id_adapter=0.107740, relation_emb=0.000000e+00, relation_tau=1.002104e-09, relation_wq=0.000000e+00, relation_wk=0.000000e+00, personal_u=0.000000e+00, personal_v=0.000000e+00, personal_alpha_bias=8.121367e-03, personal_gate_emb=0.000000e+00, personal_gate_student_proj=0.000000e+00, personal_gate_context_proj=1.396946e-05, personal_gate_student_direct=0.000000e+00, personal_gate_context_direct=5.031214e-06, personal_gate_out=1.562658e-05, personal_generator_emb=0.000000e+00, personal_generator_context_proj=0.000000e+00, personal_generator_context_hidden=0.000000e+00, personal_generator_context_to_u=0.000000e+00, personal_generator_context_to_v=0.000000e+00
2026-04-11 04:38:56,052 - INFO - [assist_09|assist_09_abce_ae_dominant_B_no_q|lr=0.0003|drop=0.20] -> New best AUC=0.7619 at epoch 14
2026-04-11 04:39:51,639 - INFO - [assist_09|assist_09_abce_ae_dominant_B_no_q|lr=0.0003|drop=0.20] Epoch [015/100] | Train: Loss=0.3921, BCE=0.4467, Reg=-0.0546, AUC=0.8542, ACC=0.7804, RMSE=0.3824 | Val: Loss=0.5095, BCE=0.5524, Reg=-0.0429, AUC=0.7616, ACC=0.7315, RMSE=0.4280
2026-04-11 04:39:51,640 - INFO - [assist_09|assist_09_abce_ae_dominant_B_no_q|lr=0.0003|drop=0.20] [Reg Terms] Epoch [015] | Train: graph_entropy=0.000000, graph_diag=0.025004, graph_uniform=0.002852, graph_reg_scale=1.0000, mf_l2=0.000001, delta_ratio=0.002416, personal_sparse=0.004852, alpha_var=-0.091790, alpha_collapse=0.000250, reg_bce_ratio=-0.1223 | Val: graph_entropy=0.000000, graph_diag=0.025000, graph_uniform=0.002852, graph_reg_scale=1.0000, mf_l2=0.000001, delta_ratio=0.000568, personal_sparse=0.004852, alpha_var=-0.077040, alpha_collapse=0.000257, reg_bce_ratio=-0.0776
2026-04-11 04:39:51,849 - INFO - [assist_09|assist_09_abce_ae_dominant_B_no_q|lr=0.0003|drop=0.20] [Diag][M3] Epoch [015] | residual_abs_mean=1.0130, residual_std=0.3113, mf_abs_mean=1.0130, mf_std=0.3113, gate_mean=0.0799, gate_std=0.0977, q_interaction_abs_mean=0.0000, id_adapter_abs_mean=0.1765, bias_abs_mean=1.1510, B_q_share=0.0000, B_id_share=0.1742, B_bias_share=1.1363, student_q_norm=0.0000, student_id_adapter_norm=0.2662, item_q_norm=0.0000, item_id_adapter_norm=0.1719, irt_abs_mean=1.7600, irt_std=1.2349, delta_abs_mean=0.0936, delta_std=0.1297, delta_over_irt=0.0532, warmup(mf/personal)=1.00/1.00, graph_row_entropy=2.4260, graph_entropy_ratio=0.5041, alpha_mean=0.2249, alpha_std=0.2249, alpha_bias_std=1.4761, personal_row_entropy=2.4260, personal_matrix_delta=0.0000, personal_matrix_student_std=0.0000, personal_delta_pre_softmax_norm=0.0200, personal_delta_student_std=0.0000, alpha_head_std=0.2249
2026-04-11 04:39:51,850 - INFO - [assist_09|assist_09_abce_ae_dominant_B_no_q|lr=0.0003|drop=0.20] [Diag][Graph] Epoch [015] | entropy_ratio=0.5041, diag_mass=0.2500, to_uniform_l2=0.028690, to_identity_l2=0.070387, tau_mean=0.6932, tau_std=0.0000, graph_reg_scale(train/val)=1.0000/1.0000
2026-04-11 04:39:51,850 - WARNING - [assist_09|assist_09_abce_ae_dominant_B_no_q|lr=0.0003|drop=0.20] [Diag Warning][B] B_q_share is low: B_q_share=0.0000, B_id_share=0.1742, B_bias_share=1.1363
2026-04-11 04:39:51,850 - WARNING - [assist_09|assist_09_abce_ae_dominant_B_no_q|lr=0.0003|drop=0.20] [Diag Warning][E] personal_delta_student_std is near zero: personal_delta_student_std=0.000000, personal_delta_pre_softmax_norm=0.020026
2026-04-11 04:39:51,850 - INFO - [assist_09|assist_09_abce_ae_dominant_B_no_q|lr=0.0003|drop=0.20] [Grad Norms] Epoch [015] | mf_u_proj=0.000000, mf_v_proj=0.000000, b_id_student_proj=0.026650, b_id_item_proj=0.027342, b_bias_scale=0.003902, fusion_gate=0.015436, q_gate_raw=0.000000, skill_latent=0.070622, student_q_proj=0.000000, item_id_adapter=0.106192, relation_emb=0.000000e+00, relation_tau=4.932865e-09, relation_wq=0.000000e+00, relation_wk=0.000000e+00, personal_u=0.000000e+00, personal_v=0.000000e+00, personal_alpha_bias=9.230832e-03, personal_gate_emb=0.000000e+00, personal_gate_student_proj=0.000000e+00, personal_gate_context_proj=1.548336e-05, personal_gate_student_direct=0.000000e+00, personal_gate_context_direct=5.589750e-06, personal_gate_out=1.775787e-05, personal_generator_emb=0.000000e+00, personal_generator_context_proj=0.000000e+00, personal_generator_context_hidden=0.000000e+00, personal_generator_context_to_u=0.000000e+00, personal_generator_context_to_v=0.000000e+00
2026-04-11 04:39:51,850 - INFO - [assist_09|assist_09_abce_ae_dominant_B_no_q|lr=0.0003|drop=0.20] -> No improvement 1 epoch(s) (best AUC=0.7619 @ 14)
2026-04-11 04:40:46,186 - INFO - [assist_09|assist_09_abce_ae_dominant_B_no_q|lr=0.0003|drop=0.20] Epoch [016/100] | Train: Loss=0.3747, BCE=0.4412, Reg=-0.0665, AUC=0.8587, ACC=0.7836, RMSE=0.3797 | Val: Loss=0.4987, BCE=0.5514, Reg=-0.0527, AUC=0.7620, ACC=0.7313, RMSE=0.4277
2026-04-11 04:40:46,186 - INFO - [assist_09|assist_09_abce_ae_dominant_B_no_q|lr=0.0003|drop=0.20] [Reg Terms] Epoch [016] | Train: graph_entropy=0.000000, graph_diag=0.025000, graph_uniform=0.002852, graph_reg_scale=1.0000, mf_l2=0.000001, delta_ratio=0.002628, personal_sparse=0.004852, alpha_var=-0.104439, alpha_collapse=0.000250, reg_bce_ratio=-0.1508 | Val: graph_entropy=0.000000, graph_diag=0.025000, graph_uniform=0.002852, graph_reg_scale=1.0000, mf_l2=0.000001, delta_ratio=0.000602, personal_sparse=0.004852, alpha_var=-0.087196, alpha_collapse=0.000257, reg_bce_ratio=-0.0955
2026-04-11 04:40:46,397 - INFO - [assist_09|assist_09_abce_ae_dominant_B_no_q|lr=0.0003|drop=0.20] [Diag][M3] Epoch [016] | residual_abs_mean=1.0625, residual_std=0.3198, mf_abs_mean=1.0625, mf_std=0.3198, gate_mean=0.0788, gate_std=0.1016, q_interaction_abs_mean=0.0000, id_adapter_abs_mean=0.1838, bias_abs_mean=1.2290, B_q_share=0.0000, B_id_share=0.1729, B_bias_share=1.1567, student_q_norm=0.0000, student_id_adapter_norm=0.2756, item_q_norm=0.0000, item_id_adapter_norm=0.1765, irt_abs_mean=1.7975, irt_std=1.2773, delta_abs_mean=0.0966, delta_std=0.1368, delta_over_irt=0.0538, warmup(mf/personal)=1.00/1.00, graph_row_entropy=2.4260, graph_entropy_ratio=0.5041, alpha_mean=0.2249, alpha_std=0.2249, alpha_bias_std=1.5774, personal_row_entropy=2.4260, personal_matrix_delta=0.0000, personal_matrix_student_std=0.0000, personal_delta_pre_softmax_norm=0.0200, personal_delta_student_std=0.0000, alpha_head_std=0.2249
2026-04-11 04:40:46,397 - INFO - [assist_09|assist_09_abce_ae_dominant_B_no_q|lr=0.0003|drop=0.20] [Diag][Graph] Epoch [016] | entropy_ratio=0.5041, diag_mass=0.2500, to_uniform_l2=0.028690, to_identity_l2=0.070387, tau_mean=0.6932, tau_std=0.0000, graph_reg_scale(train/val)=1.0000/1.0000
2026-04-11 04:40:46,397 - WARNING - [assist_09|assist_09_abce_ae_dominant_B_no_q|lr=0.0003|drop=0.20] [Diag Warning][B] B_q_share is low: B_q_share=0.0000, B_id_share=0.1729, B_bias_share=1.1567
2026-04-11 04:40:46,397 - WARNING - [assist_09|assist_09_abce_ae_dominant_B_no_q|lr=0.0003|drop=0.20] [Diag Warning][E] personal_delta_student_std is near zero: personal_delta_student_std=0.000000, personal_delta_pre_softmax_norm=0.020019
2026-04-11 04:40:46,397 - INFO - [assist_09|assist_09_abce_ae_dominant_B_no_q|lr=0.0003|drop=0.20] [Grad Norms] Epoch [016] | mf_u_proj=0.000000, mf_v_proj=0.000000, b_id_student_proj=0.028017, b_id_item_proj=0.029186, b_bias_scale=0.002249, fusion_gate=0.012032, q_gate_raw=0.000000, skill_latent=0.069093, student_q_proj=0.000000, item_id_adapter=0.096783, relation_emb=0.000000e+00, relation_tau=1.364475e-09, relation_wq=0.000000e+00, relation_wk=0.000000e+00, personal_u=0.000000e+00, personal_v=0.000000e+00, personal_alpha_bias=9.850236e-03, personal_gate_emb=0.000000e+00, personal_gate_student_proj=0.000000e+00, personal_gate_context_proj=1.349097e-05, personal_gate_student_direct=0.000000e+00, personal_gate_context_direct=4.535252e-06, personal_gate_out=1.457023e-05, personal_generator_emb=0.000000e+00, personal_generator_context_proj=0.000000e+00, personal_generator_context_hidden=0.000000e+00, personal_generator_context_to_u=0.000000e+00, personal_generator_context_to_v=0.000000e+00
2026-04-11 04:40:46,828 - INFO - [assist_09|assist_09_abce_ae_dominant_B_no_q|lr=0.0003|drop=0.20] -> New best AUC=0.7620 at epoch 16
2026-04-11 04:41:42,085 - INFO - [assist_09|assist_09_abce_ae_dominant_B_no_q|lr=0.0003|drop=0.20] Epoch [017/100] | Train: Loss=0.3581, BCE=0.4373, Reg=-0.0792, AUC=0.8620, ACC=0.7858, RMSE=0.3777 | Val: Loss=0.4886, BCE=0.5517, Reg=-0.0631, AUC=0.7625, ACC=0.7314, RMSE=0.4276
2026-04-11 04:41:42,085 - INFO - [assist_09|assist_09_abce_ae_dominant_B_no_q|lr=0.0003|drop=0.20] [Reg Terms] Epoch [017] | Train: graph_entropy=0.000000, graph_diag=0.025000, graph_uniform=0.002852, graph_reg_scale=1.0000, mf_l2=0.000001, delta_ratio=0.002838, personal_sparse=0.004852, alpha_var=-0.117806, alpha_collapse=0.000250, reg_bce_ratio=-0.1811 | Val: graph_entropy=0.000000, graph_diag=0.025000, graph_uniform=0.002852, graph_reg_scale=1.0000, mf_l2=0.000001, delta_ratio=0.000609, personal_sparse=0.004852, alpha_var=-0.097963, alpha_collapse=0.000257, reg_bce_ratio=-0.1144
2026-04-11 04:41:42,295 - INFO - [assist_09|assist_09_abce_ae_dominant_B_no_q|lr=0.0003|drop=0.20] [Diag][M3] Epoch [017] | residual_abs_mean=1.1047, residual_std=0.3431, mf_abs_mean=1.1047, mf_std=0.3431, gate_mean=0.0772, gate_std=0.1016, q_interaction_abs_mean=0.0000, id_adapter_abs_mean=0.2030, bias_abs_mean=1.2938, B_q_share=0.0000, B_id_share=0.1838, B_bias_share=1.1711, student_q_norm=0.0000, student_id_adapter_norm=0.2813, item_q_norm=0.0000, item_id_adapter_norm=0.1813, irt_abs_mean=1.8177, irt_std=1.2905, delta_abs_mean=0.0992, delta_std=0.1431, delta_over_irt=0.0546, warmup(mf/personal)=1.00/1.00, graph_row_entropy=2.4260, graph_entropy_ratio=0.5041, alpha_mean=0.2249, alpha_std=0.2249, alpha_bias_std=1.6751, personal_row_entropy=2.4260, personal_matrix_delta=0.0000, personal_matrix_student_std=0.0000, personal_delta_pre_softmax_norm=0.0200, personal_delta_student_std=0.0000, alpha_head_std=0.2249
2026-04-11 04:41:42,295 - INFO - [assist_09|assist_09_abce_ae_dominant_B_no_q|lr=0.0003|drop=0.20] [Diag][Graph] Epoch [017] | entropy_ratio=0.5041, diag_mass=0.2500, to_uniform_l2=0.028690, to_identity_l2=0.070387, tau_mean=0.6932, tau_std=0.0000, graph_reg_scale(train/val)=1.0000/1.0000
2026-04-11 04:41:42,296 - WARNING - [assist_09|assist_09_abce_ae_dominant_B_no_q|lr=0.0003|drop=0.20] [Diag Warning][B] B_q_share is low: B_q_share=0.0000, B_id_share=0.1838, B_bias_share=1.1711
2026-04-11 04:41:42,296 - WARNING - [assist_09|assist_09_abce_ae_dominant_B_no_q|lr=0.0003|drop=0.20] [Diag Warning][E] personal_delta_student_std is near zero: personal_delta_student_std=0.000000, personal_delta_pre_softmax_norm=0.020015
2026-04-11 04:41:42,296 - INFO - [assist_09|assist_09_abce_ae_dominant_B_no_q|lr=0.0003|drop=0.20] [Grad Norms] Epoch [017] | mf_u_proj=0.000000, mf_v_proj=0.000000, b_id_student_proj=0.023593, b_id_item_proj=0.024459, b_bias_scale=0.001166, fusion_gate=0.005179, q_gate_raw=0.000000, skill_latent=0.055105, student_q_proj=0.000000, item_id_adapter=0.103126, relation_emb=0.000000e+00, relation_tau=1.125083e-08, relation_wq=0.000000e+00, relation_wk=0.000000e+00, personal_u=0.000000e+00, personal_v=0.000000e+00, personal_alpha_bias=1.288661e-02, personal_gate_emb=0.000000e+00, personal_gate_student_proj=0.000000e+00, personal_gate_context_proj=2.147719e-05, personal_gate_student_direct=0.000000e+00, personal_gate_context_direct=7.196299e-06, personal_gate_out=2.342184e-05, personal_generator_emb=0.000000e+00, personal_generator_context_proj=0.000000e+00, personal_generator_context_hidden=0.000000e+00, personal_generator_context_to_u=0.000000e+00, personal_generator_context_to_v=0.000000e+00
2026-04-11 04:41:42,869 - INFO - [assist_09|assist_09_abce_ae_dominant_B_no_q|lr=0.0003|drop=0.20] -> New best AUC=0.7625 at epoch 17
2026-04-11 04:42:37,773 - INFO - [assist_09|assist_09_abce_ae_dominant_B_no_q|lr=0.0003|drop=0.20] Epoch [018/100] | Train: Loss=0.3406, BCE=0.4334, Reg=-0.0928, AUC=0.8649, ACC=0.7884, RMSE=0.3758 | Val: Loss=0.4768, BCE=0.5508, Reg=-0.0740, AUC=0.7624, ACC=0.7293, RMSE=0.4275
2026-04-11 04:42:37,774 - INFO - [assist_09|assist_09_abce_ae_dominant_B_no_q|lr=0.0003|drop=0.20] [Reg Terms] Epoch [018] | Train: graph_entropy=0.000000, graph_diag=0.025000, graph_uniform=0.002852, graph_reg_scale=1.0000, mf_l2=0.000001, delta_ratio=0.003019, personal_sparse=0.004852, alpha_var=-0.132087, alpha_collapse=0.000250, reg_bce_ratio=-0.2141 | Val: graph_entropy=0.000000, graph_diag=0.025000, graph_uniform=0.002852, graph_reg_scale=1.0000, mf_l2=0.000001, delta_ratio=0.000822, personal_sparse=0.004852, alpha_var=-0.109355, alpha_collapse=0.000256, reg_bce_ratio=-0.1344
2026-04-11 04:42:37,984 - INFO - [assist_09|assist_09_abce_ae_dominant_B_no_q|lr=0.0003|drop=0.20] [Diag][M3] Epoch [018] | residual_abs_mean=1.1371, residual_std=0.3433, mf_abs_mean=1.1371, mf_std=0.3433, gate_mean=0.0796, gate_std=0.1008, q_interaction_abs_mean=0.0000, id_adapter_abs_mean=0.2177, bias_abs_mean=1.3495, B_q_share=0.0000, B_id_share=0.1915, B_bias_share=1.1867, student_q_norm=0.0000, student_id_adapter_norm=0.2903, item_q_norm=0.0000, item_id_adapter_norm=0.1844, irt_abs_mean=1.7236, irt_std=1.2428, delta_abs_mean=0.1051, delta_std=0.1458, delta_over_irt=0.0610, warmup(mf/personal)=1.00/1.00, graph_row_entropy=2.4260, graph_entropy_ratio=0.5041, alpha_mean=0.2249, alpha_std=0.2249, alpha_bias_std=1.7725, personal_row_entropy=2.4260, personal_matrix_delta=0.0000, personal_matrix_student_std=0.0000, personal_delta_pre_softmax_norm=0.0201, personal_delta_student_std=0.0000, alpha_head_std=0.2249
2026-04-11 04:42:37,984 - INFO - [assist_09|assist_09_abce_ae_dominant_B_no_q|lr=0.0003|drop=0.20] [Diag][Graph] Epoch [018] | entropy_ratio=0.5041, diag_mass=0.2500, to_uniform_l2=0.028690, to_identity_l2=0.070387, tau_mean=0.6932, tau_std=0.0000, graph_reg_scale(train/val)=1.0000/1.0000
2026-04-11 04:42:37,984 - WARNING - [assist_09|assist_09_abce_ae_dominant_B_no_q|lr=0.0003|drop=0.20] [Diag Warning][B] B_q_share is low: B_q_share=0.0000, B_id_share=0.1915, B_bias_share=1.1867
2026-04-11 04:42:37,984 - WARNING - [assist_09|assist_09_abce_ae_dominant_B_no_q|lr=0.0003|drop=0.20] [Diag Warning][E] personal_delta_student_std is near zero: personal_delta_student_std=0.000000, personal_delta_pre_softmax_norm=0.020061
2026-04-11 04:42:37,984 - INFO - [assist_09|assist_09_abce_ae_dominant_B_no_q|lr=0.0003|drop=0.20] [Grad Norms] Epoch [018] | mf_u_proj=0.000000, mf_v_proj=0.000000, b_id_student_proj=0.039807, b_id_item_proj=0.039790, b_bias_scale=0.002519, fusion_gate=0.003815, q_gate_raw=0.000000, skill_latent=0.093767, student_q_proj=0.000000, item_id_adapter=0.142078, relation_emb=0.000000e+00, relation_tau=1.936899e-09, relation_wq=0.000000e+00, relation_wk=0.000000e+00, personal_u=0.000000e+00, personal_v=0.000000e+00, personal_alpha_bias=1.438259e-02, personal_gate_emb=0.000000e+00, personal_gate_student_proj=0.000000e+00, personal_gate_context_proj=1.949057e-05, personal_gate_student_direct=0.000000e+00, personal_gate_context_direct=6.449699e-06, personal_gate_out=2.104956e-05, personal_generator_emb=0.000000e+00, personal_generator_context_proj=0.000000e+00, personal_generator_context_hidden=0.000000e+00, personal_generator_context_to_u=0.000000e+00, personal_generator_context_to_v=0.000000e+00
2026-04-11 04:42:37,984 - INFO - [assist_09|assist_09_abce_ae_dominant_B_no_q|lr=0.0003|drop=0.20] -> No improvement 1 epoch(s) (best AUC=0.7625 @ 17)
2026-04-11 04:43:32,425 - INFO - [assist_09|assist_09_abce_ae_dominant_B_no_q|lr=0.0003|drop=0.20] Epoch [019/100] | Train: Loss=0.3221, BCE=0.4293, Reg=-0.1072, AUC=0.8686, ACC=0.7915, RMSE=0.3737 | Val: Loss=0.4667, BCE=0.5523, Reg=-0.0857, AUC=0.7626, ACC=0.7319, RMSE=0.4275
2026-04-11 04:43:32,425 - INFO - [assist_09|assist_09_abce_ae_dominant_B_no_q|lr=0.0003|drop=0.20] [Reg Terms] Epoch [019] | Train: graph_entropy=0.000000, graph_diag=0.025000, graph_uniform=0.002852, graph_reg_scale=1.0000, mf_l2=0.000001, delta_ratio=0.003181, personal_sparse=0.004852, alpha_var=-0.146968, alpha_collapse=0.000250, reg_bce_ratio=-0.2496 | Val: graph_entropy=0.000000, graph_diag=0.025000, graph_uniform=0.002852, graph_reg_scale=1.0000, mf_l2=0.000001, delta_ratio=0.000724, personal_sparse=0.004852, alpha_var=-0.121355, alpha_collapse=0.000256, reg_bce_ratio=-0.1551
2026-04-11 04:43:32,646 - INFO - [assist_09|assist_09_abce_ae_dominant_B_no_q|lr=0.0003|drop=0.20] [Diag][M3] Epoch [019] | residual_abs_mean=1.1664, residual_std=0.3309, mf_abs_mean=1.1664, mf_std=0.3309, gate_mean=0.0713, gate_std=0.1003, q_interaction_abs_mean=0.0000, id_adapter_abs_mean=0.2165, bias_abs_mean=1.3991, B_q_share=0.0000, B_id_share=0.1856, B_bias_share=1.1995, student_q_norm=0.0000, student_id_adapter_norm=0.2970, item_q_norm=0.0000, item_id_adapter_norm=0.1880, irt_abs_mean=1.8558, irt_std=1.3214, delta_abs_mean=0.0955, delta_std=0.1471, delta_over_irt=0.0515, warmup(mf/personal)=1.00/1.00, graph_row_entropy=2.4260, graph_entropy_ratio=0.5041, alpha_mean=0.2249, alpha_std=0.2249, alpha_bias_std=1.8691, personal_row_entropy=2.4260, personal_matrix_delta=0.0000, personal_matrix_student_std=0.0000, personal_delta_pre_softmax_norm=0.0200, personal_delta_student_std=0.0000, alpha_head_std=0.2249
2026-04-11 04:43:32,646 - INFO - [assist_09|assist_09_abce_ae_dominant_B_no_q|lr=0.0003|drop=0.20] [Diag][Graph] Epoch [019] | entropy_ratio=0.5041, diag_mass=0.2500, to_uniform_l2=0.028690, to_identity_l2=0.070387, tau_mean=0.6932, tau_std=0.0000, graph_reg_scale(train/val)=1.0000/1.0000
2026-04-11 04:43:32,646 - WARNING - [assist_09|assist_09_abce_ae_dominant_B_no_q|lr=0.0003|drop=0.20] [Diag Warning][B] B_q_share is low: B_q_share=0.0000, B_id_share=0.1856, B_bias_share=1.1995
2026-04-11 04:43:32,646 - WARNING - [assist_09|assist_09_abce_ae_dominant_B_no_q|lr=0.0003|drop=0.20] [Diag Warning][E] personal_delta_student_std is near zero: personal_delta_student_std=0.000000, personal_delta_pre_softmax_norm=0.020021
2026-04-11 04:43:32,646 - INFO - [assist_09|assist_09_abce_ae_dominant_B_no_q|lr=0.0003|drop=0.20] [Grad Norms] Epoch [019] | mf_u_proj=0.000000, mf_v_proj=0.000000, b_id_student_proj=0.030957, b_id_item_proj=0.031585, b_bias_scale=0.000262, fusion_gate=0.008319, q_gate_raw=0.000000, skill_latent=0.070823, student_q_proj=0.000000, item_id_adapter=0.119581, relation_emb=0.000000e+00, relation_tau=7.336390e-09, relation_wq=0.000000e+00, relation_wk=0.000000e+00, personal_u=0.000000e+00, personal_v=0.000000e+00, personal_alpha_bias=1.195225e-02, personal_gate_emb=0.000000e+00, personal_gate_student_proj=0.000000e+00, personal_gate_context_proj=1.647743e-05, personal_gate_student_direct=0.000000e+00, personal_gate_context_direct=5.382413e-06, personal_gate_out=1.780459e-05, personal_generator_emb=0.000000e+00, personal_generator_context_proj=0.000000e+00, personal_generator_context_hidden=0.000000e+00, personal_generator_context_to_u=0.000000e+00, personal_generator_context_to_v=0.000000e+00
2026-04-11 04:43:33,132 - INFO - [assist_09|assist_09_abce_ae_dominant_B_no_q|lr=0.0003|drop=0.20] -> New best AUC=0.7626 at epoch 19
2026-04-11 04:44:28,923 - INFO - [assist_09|assist_09_abce_ae_dominant_B_no_q|lr=0.0003|drop=0.20] Epoch [020/100] | Train: Loss=0.3037, BCE=0.4262, Reg=-0.1225, AUC=0.8710, ACC=0.7926, RMSE=0.3721 | Val: Loss=0.4562, BCE=0.5544, Reg=-0.0982, AUC=0.7626, ACC=0.7323, RMSE=0.4278
2026-04-11 04:44:28,923 - INFO - [assist_09|assist_09_abce_ae_dominant_B_no_q|lr=0.0003|drop=0.20] [Reg Terms] Epoch [020] | Train: graph_entropy=0.000000, graph_diag=0.025000, graph_uniform=0.002852, graph_reg_scale=1.0000, mf_l2=0.000001, delta_ratio=0.003318, personal_sparse=0.004852, alpha_var=-0.162792, alpha_collapse=0.000250, reg_bce_ratio=-0.2875 | Val: graph_entropy=0.000000, graph_diag=0.025000, graph_uniform=0.002852, graph_reg_scale=1.0000, mf_l2=0.000001, delta_ratio=0.000602, personal_sparse=0.004852, alpha_var=-0.133991, alpha_collapse=0.000256, reg_bce_ratio=-0.1771
2026-04-11 04:44:29,146 - INFO - [assist_09|assist_09_abce_ae_dominant_B_no_q|lr=0.0003|drop=0.20] [Diag][M3] Epoch [020] | residual_abs_mean=1.1906, residual_std=0.3422, mf_abs_mean=1.1906, mf_std=0.3422, gate_mean=0.0679, gate_std=0.0971, q_interaction_abs_mean=0.0000, id_adapter_abs_mean=0.2317, bias_abs_mean=1.4429, B_q_share=0.0000, B_id_share=0.1946, B_bias_share=1.2120, student_q_norm=0.0000, student_id_adapter_norm=0.3022, item_q_norm=0.0000, item_id_adapter_norm=0.1906, irt_abs_mean=1.8907, irt_std=1.3390, delta_abs_mean=0.0933, delta_std=0.1476, delta_over_irt=0.0494, warmup(mf/personal)=1.00/1.00, graph_row_entropy=2.4260, graph_entropy_ratio=0.5041, alpha_mean=0.2249, alpha_std=0.2249, alpha_bias_std=1.9659, personal_row_entropy=2.4260, personal_matrix_delta=0.0000, personal_matrix_student_std=0.0000, personal_delta_pre_softmax_norm=0.0200, personal_delta_student_std=0.0000, alpha_head_std=0.2249
2026-04-11 04:44:29,146 - INFO - [assist_09|assist_09_abce_ae_dominant_B_no_q|lr=0.0003|drop=0.20] [Diag][Graph] Epoch [020] | entropy_ratio=0.5041, diag_mass=0.2500, to_uniform_l2=0.028690, to_identity_l2=0.070387, tau_mean=0.6932, tau_std=0.0000, graph_reg_scale(train/val)=1.0000/1.0000
2026-04-11 04:44:29,146 - WARNING - [assist_09|assist_09_abce_ae_dominant_B_no_q|lr=0.0003|drop=0.20] [Diag Warning][B] B_q_share is low: B_q_share=0.0000, B_id_share=0.1946, B_bias_share=1.2120
2026-04-11 04:44:29,147 - WARNING - [assist_09|assist_09_abce_ae_dominant_B_no_q|lr=0.0003|drop=0.20] [Diag Warning][E] personal_delta_student_std is near zero: personal_delta_student_std=0.000000, personal_delta_pre_softmax_norm=0.020028
2026-04-11 04:44:29,147 - INFO - [assist_09|assist_09_abce_ae_dominant_B_no_q|lr=0.0003|drop=0.20] [Grad Norms] Epoch [020] | mf_u_proj=0.000000, mf_v_proj=0.000000, b_id_student_proj=0.041709, b_id_item_proj=0.043692, b_bias_scale=0.000830, fusion_gate=0.012142, q_gate_raw=0.000000, skill_latent=0.096968, student_q_proj=0.000000, item_id_adapter=0.179657, relation_emb=0.000000e+00, relation_tau=5.368214e-09, relation_wq=0.000000e+00, relation_wk=0.000000e+00, personal_u=0.000000e+00, personal_v=0.000000e+00, personal_alpha_bias=1.366101e-02, personal_gate_emb=0.000000e+00, personal_gate_student_proj=0.000000e+00, personal_gate_context_proj=1.621695e-05, personal_gate_student_direct=0.000000e+00, personal_gate_context_direct=5.491151e-06, personal_gate_out=1.833641e-05, personal_generator_emb=0.000000e+00, personal_generator_context_proj=0.000000e+00, personal_generator_context_hidden=0.000000e+00, personal_generator_context_to_u=0.000000e+00, personal_generator_context_to_v=0.000000e+00
2026-04-11 04:44:29,147 - INFO - [assist_09|assist_09_abce_ae_dominant_B_no_q|lr=0.0003|drop=0.20] -> No improvement 1 epoch(s) (best AUC=0.7626 @ 19)
2026-04-11 04:44:29,220 - INFO - [assist_09|assist_09_abce_ae_dominant_B_no_q|lr=0.0003|drop=0.20] Checkpoint saved: checkpoints/abce_diag/20260411_master_best_ae/assist_09/seed42/ae_dominant_B_no_q/checkpoint_epoch_20.pth
2026-04-11 04:44:29,407 - INFO - [assist_09|assist_09_abce_ae_dominant_B_no_q|lr=0.0003|drop=0.20] [Module Activity] Epoch 20: Graph[OK] Personal[X] MF[OK]
2026-04-11 04:45:24,506 - INFO - [assist_09|assist_09_abce_ae_dominant_B_no_q|lr=0.0003|drop=0.20] Epoch [021/100] | Train: Loss=0.2838, BCE=0.4227, Reg=-0.1389, AUC=0.8735, ACC=0.7951, RMSE=0.3704 | Val: Loss=0.4438, BCE=0.5551, Reg=-0.1113, AUC=0.7627, ACC=0.7310, RMSE=0.4279
2026-04-11 04:45:24,507 - INFO - [assist_09|assist_09_abce_ae_dominant_B_no_q|lr=0.0003|drop=0.20] [Reg Terms] Epoch [021] | Train: graph_entropy=0.000000, graph_diag=0.025000, graph_uniform=0.002852, graph_reg_scale=1.0000, mf_l2=0.000001, delta_ratio=0.003269, personal_sparse=0.004852, alpha_var=-0.179337, alpha_collapse=0.000250, reg_bce_ratio=-0.3286 | Val: graph_entropy=0.000000, graph_diag=0.025000, graph_uniform=0.002852, graph_reg_scale=1.0000, mf_l2=0.000001, delta_ratio=0.000644, personal_sparse=0.004852, alpha_var=-0.147237, alpha_collapse=0.000256, reg_bce_ratio=-0.2005
2026-04-11 04:45:24,710 - INFO - [assist_09|assist_09_abce_ae_dominant_B_no_q|lr=0.0003|drop=0.20] [Diag][M3] Epoch [021] | residual_abs_mean=1.2097, residual_std=0.3576, mf_abs_mean=1.2097, mf_std=0.3576, gate_mean=0.0688, gate_std=0.0976, q_interaction_abs_mean=0.0000, id_adapter_abs_mean=0.2563, bias_abs_mean=1.4825, B_q_share=0.0000, B_id_share=0.2119, B_bias_share=1.2256, student_q_norm=0.0000, student_id_adapter_norm=0.3074, item_q_norm=0.0000, item_id_adapter_norm=0.1930, irt_abs_mean=1.8726, irt_std=1.3659, delta_abs_mean=0.0962, delta_std=0.1479, delta_over_irt=0.0514, warmup(mf/personal)=1.00/1.00, graph_row_entropy=2.4260, graph_entropy_ratio=0.5041, alpha_mean=0.2249, alpha_std=0.2249, alpha_bias_std=2.0614, personal_row_entropy=2.4260, personal_matrix_delta=0.0000, personal_matrix_student_std=0.0000, personal_delta_pre_softmax_norm=0.0200, personal_delta_student_std=0.0000, alpha_head_std=0.2249
2026-04-11 04:45:24,710 - INFO - [assist_09|assist_09_abce_ae_dominant_B_no_q|lr=0.0003|drop=0.20] [Diag][Graph] Epoch [021] | entropy_ratio=0.5041, diag_mass=0.2500, to_uniform_l2=0.028690, to_identity_l2=0.070387, tau_mean=0.6932, tau_std=0.0000, graph_reg_scale(train/val)=1.0000/1.0000
2026-04-11 04:45:24,710 - WARNING - [assist_09|assist_09_abce_ae_dominant_B_no_q|lr=0.0003|drop=0.20] [Diag Warning][B] B_q_share is low: B_q_share=0.0000, B_id_share=0.2119, B_bias_share=1.2256
2026-04-11 04:45:24,711 - WARNING - [assist_09|assist_09_abce_ae_dominant_B_no_q|lr=0.0003|drop=0.20] [Diag Warning][E] personal_delta_student_std is near zero: personal_delta_student_std=0.000000, personal_delta_pre_softmax_norm=0.019991
2026-04-11 04:45:24,711 - INFO - [assist_09|assist_09_abce_ae_dominant_B_no_q|lr=0.0003|drop=0.20] [Grad Norms] Epoch [021] | mf_u_proj=0.000000, mf_v_proj=0.000000, b_id_student_proj=0.043563, b_id_item_proj=0.039770, b_bias_scale=0.002084, fusion_gate=0.004451, q_gate_raw=0.000000, skill_latent=0.096090, student_q_proj=0.000000, item_id_adapter=0.160822, relation_emb=0.000000e+00, relation_tau=2.977443e-09, relation_wq=0.000000e+00, relation_wk=0.000000e+00, personal_u=0.000000e+00, personal_v=0.000000e+00, personal_alpha_bias=1.372515e-02, personal_gate_emb=0.000000e+00, personal_gate_student_proj=0.000000e+00, personal_gate_context_proj=1.455341e-05, personal_gate_student_direct=0.000000e+00, personal_gate_context_direct=4.669158e-06, personal_gate_out=1.569803e-05, personal_generator_emb=0.000000e+00, personal_generator_context_proj=0.000000e+00, personal_generator_context_hidden=0.000000e+00, personal_generator_context_to_u=0.000000e+00, personal_generator_context_to_v=0.000000e+00
2026-04-11 04:45:25,170 - INFO - [assist_09|assist_09_abce_ae_dominant_B_no_q|lr=0.0003|drop=0.20] -> New best AUC=0.7627 at epoch 21
2026-04-11 04:46:20,762 - INFO - [assist_09|assist_09_abce_ae_dominant_B_no_q|lr=0.0003|drop=0.20] Epoch [022/100] | Train: Loss=0.2642, BCE=0.4203, Reg=-0.1561, AUC=0.8754, ACC=0.7964, RMSE=0.3692 | Val: Loss=0.4272, BCE=0.5523, Reg=-0.1250, AUC=0.7638, ACC=0.7328, RMSE=0.4268
2026-04-11 04:46:20,763 - INFO - [assist_09|assist_09_abce_ae_dominant_B_no_q|lr=0.0003|drop=0.20] [Reg Terms] Epoch [022] | Train: graph_entropy=0.000000, graph_diag=0.025002, graph_uniform=0.002852, graph_reg_scale=1.0000, mf_l2=0.000001, delta_ratio=0.003422, personal_sparse=0.004852, alpha_var=-0.196714, alpha_collapse=0.000250, reg_bce_ratio=-0.3714 | Val: graph_entropy=0.000000, graph_diag=0.025000, graph_uniform=0.002852, graph_reg_scale=1.0000, mf_l2=0.000001, delta_ratio=0.000620, personal_sparse=0.004852, alpha_var=-0.161115, alpha_collapse=0.000256, reg_bce_ratio=-0.2264
2026-04-11 04:46:20,967 - INFO - [assist_09|assist_09_abce_ae_dominant_B_no_q|lr=0.0003|drop=0.20] [Diag][M3] Epoch [022] | residual_abs_mean=1.2253, residual_std=0.3422, mf_abs_mean=1.2253, mf_std=0.3422, gate_mean=0.0685, gate_std=0.0981, q_interaction_abs_mean=0.0000, id_adapter_abs_mean=0.2507, bias_abs_mean=1.5146, B_q_share=0.0000, B_id_share=0.2046, B_bias_share=1.2361, student_q_norm=0.0000, student_id_adapter_norm=0.3143, item_q_norm=0.0000, item_id_adapter_norm=0.1963, irt_abs_mean=1.8629, irt_std=1.3874, delta_abs_mean=0.0964, delta_std=0.1497, delta_over_irt=0.0517, warmup(mf/personal)=1.00/1.00, graph_row_entropy=2.4260, graph_entropy_ratio=0.5041, alpha_mean=0.2250, alpha_std=0.2249, alpha_bias_std=2.1593, personal_row_entropy=2.4260, personal_matrix_delta=0.0000, personal_matrix_student_std=0.0000, personal_delta_pre_softmax_norm=0.0200, personal_delta_student_std=0.0000, alpha_head_std=0.2249
2026-04-11 04:46:20,968 - INFO - [assist_09|assist_09_abce_ae_dominant_B_no_q|lr=0.0003|drop=0.20] [Diag][Graph] Epoch [022] | entropy_ratio=0.5041, diag_mass=0.2500, to_uniform_l2=0.028690, to_identity_l2=0.070387, tau_mean=0.6932, tau_std=0.0000, graph_reg_scale(train/val)=1.0000/1.0000
2026-04-11 04:46:20,968 - WARNING - [assist_09|assist_09_abce_ae_dominant_B_no_q|lr=0.0003|drop=0.20] [Diag Warning][B] B_q_share is low: B_q_share=0.0000, B_id_share=0.2046, B_bias_share=1.2361
2026-04-11 04:46:20,968 - WARNING - [assist_09|assist_09_abce_ae_dominant_B_no_q|lr=0.0003|drop=0.20] [Diag Warning][E] personal_delta_student_std is near zero: personal_delta_student_std=0.000000, personal_delta_pre_softmax_norm=0.020006
2026-04-11 04:46:20,968 - INFO - [assist_09|assist_09_abce_ae_dominant_B_no_q|lr=0.0003|drop=0.20] [Grad Norms] Epoch [022] | mf_u_proj=0.000000, mf_v_proj=0.000000, b_id_student_proj=0.050436, b_id_item_proj=0.053186, b_bias_scale=0.000253, fusion_gate=0.001247, q_gate_raw=0.000000, skill_latent=0.123488, student_q_proj=0.000000, item_id_adapter=0.296562, relation_emb=0.000000e+00, relation_tau=2.108422e-08, relation_wq=0.000000e+00, relation_wk=0.000000e+00, personal_u=0.000000e+00, personal_v=0.000000e+00, personal_alpha_bias=1.371324e-02, personal_gate_emb=0.000000e+00, personal_gate_student_proj=0.000000e+00, personal_gate_context_proj=1.117874e-05, personal_gate_student_direct=0.000000e+00, personal_gate_context_direct=3.554414e-06, personal_gate_out=1.210242e-05, personal_generator_emb=0.000000e+00, personal_generator_context_proj=0.000000e+00, personal_generator_context_hidden=0.000000e+00, personal_generator_context_to_u=0.000000e+00, personal_generator_context_to_v=0.000000e+00
2026-04-11 04:46:21,414 - INFO - [assist_09|assist_09_abce_ae_dominant_B_no_q|lr=0.0003|drop=0.20] -> New best AUC=0.7638 at epoch 22
2026-04-11 04:47:16,776 - INFO - [assist_09|assist_09_abce_ae_dominant_B_no_q|lr=0.0003|drop=0.20] Epoch [023/100] | Train: Loss=0.2439, BCE=0.4182, Reg=-0.1742, AUC=0.8769, ACC=0.7981, RMSE=0.3681 | Val: Loss=0.4158, BCE=0.5554, Reg=-0.1397, AUC=0.7633, ACC=0.7318, RMSE=0.4278
2026-04-11 04:47:16,777 - INFO - [assist_09|assist_09_abce_ae_dominant_B_no_q|lr=0.0003|drop=0.20] [Reg Terms] Epoch [023] | Train: graph_entropy=0.000000, graph_diag=0.025000, graph_uniform=0.002852, graph_reg_scale=1.0000, mf_l2=0.000001, delta_ratio=0.003337, personal_sparse=0.004852, alpha_var=-0.214941, alpha_collapse=0.000250, reg_bce_ratio=-0.4167 | Val: graph_entropy=0.000000, graph_diag=0.025000, graph_uniform=0.002852, graph_reg_scale=1.0000, mf_l2=0.000001, delta_ratio=0.000500, personal_sparse=0.004852, alpha_var=-0.175590, alpha_collapse=0.000256, reg_bce_ratio=-0.2515
2026-04-11 04:47:16,990 - INFO - [assist_09|assist_09_abce_ae_dominant_B_no_q|lr=0.0003|drop=0.20] [Diag][M3] Epoch [023] | residual_abs_mean=1.2269, residual_std=0.3588, mf_abs_mean=1.2269, mf_std=0.3588, gate_mean=0.0653, gate_std=0.0996, q_interaction_abs_mean=0.0000, id_adapter_abs_mean=0.2537, bias_abs_mean=1.5301, B_q_share=0.0000, B_id_share=0.2068, B_bias_share=1.2472, student_q_norm=0.0000, student_id_adapter_norm=0.3189, item_q_norm=0.0000, item_id_adapter_norm=0.1987, irt_abs_mean=1.8851, irt_std=1.3997, delta_abs_mean=0.0936, delta_std=0.1546, delta_over_irt=0.0497, warmup(mf/personal)=1.00/1.00, graph_row_entropy=2.4260, graph_entropy_ratio=0.5041, alpha_mean=0.2250, alpha_std=0.2249, alpha_bias_std=2.2545, personal_row_entropy=2.4260, personal_matrix_delta=0.0000, personal_matrix_student_std=0.0000, personal_delta_pre_softmax_norm=0.0200, personal_delta_student_std=0.0000, alpha_head_std=0.2249
2026-04-11 04:47:16,990 - INFO - [assist_09|assist_09_abce_ae_dominant_B_no_q|lr=0.0003|drop=0.20] [Diag][Graph] Epoch [023] | entropy_ratio=0.5041, diag_mass=0.2500, to_uniform_l2=0.028690, to_identity_l2=0.070387, tau_mean=0.6932, tau_std=0.0000, graph_reg_scale(train/val)=1.0000/1.0000
2026-04-11 04:47:16,990 - WARNING - [assist_09|assist_09_abce_ae_dominant_B_no_q|lr=0.0003|drop=0.20] [Diag Warning][B] B_q_share is low: B_q_share=0.0000, B_id_share=0.2068, B_bias_share=1.2472
2026-04-11 04:47:16,990 - WARNING - [assist_09|assist_09_abce_ae_dominant_B_no_q|lr=0.0003|drop=0.20] [Diag Warning][E] personal_delta_student_std is near zero: personal_delta_student_std=0.000000, personal_delta_pre_softmax_norm=0.020025
2026-04-11 04:47:16,990 - INFO - [assist_09|assist_09_abce_ae_dominant_B_no_q|lr=0.0003|drop=0.20] [Grad Norms] Epoch [023] | mf_u_proj=0.000000, mf_v_proj=0.000000, b_id_student_proj=0.042014, b_id_item_proj=0.044048, b_bias_scale=0.002292, fusion_gate=0.005208, q_gate_raw=0.000000, skill_latent=0.094761, student_q_proj=0.000000, item_id_adapter=0.156366, relation_emb=0.000000e+00, relation_tau=1.209745e-09, relation_wq=0.000000e+00, relation_wk=0.000000e+00, personal_u=0.000000e+00, personal_v=0.000000e+00, personal_alpha_bias=1.554388e-02, personal_gate_emb=0.000000e+00, personal_gate_student_proj=0.000000e+00, personal_gate_context_proj=2.338511e-05, personal_gate_student_direct=0.000000e+00, personal_gate_context_direct=7.360145e-06, personal_gate_out=2.553986e-05, personal_generator_emb=0.000000e+00, personal_generator_context_proj=0.000000e+00, personal_generator_context_hidden=0.000000e+00, personal_generator_context_to_u=0.000000e+00, personal_generator_context_to_v=0.000000e+00
2026-04-11 04:47:16,990 - INFO - [assist_09|assist_09_abce_ae_dominant_B_no_q|lr=0.0003|drop=0.20] -> No improvement 1 epoch(s) (best AUC=0.7638 @ 22)
2026-04-11 04:48:12,191 - INFO - [assist_09|assist_09_abce_ae_dominant_B_no_q|lr=0.0003|drop=0.20] Epoch [024/100] | Train: Loss=0.2227, BCE=0.4157, Reg=-0.1930, AUC=0.8789, ACC=0.7995, RMSE=0.3668 | Val: Loss=0.4019, BCE=0.5565, Reg=-0.1546, AUC=0.7632, ACC=0.7321, RMSE=0.4278
2026-04-11 04:48:12,191 - INFO - [assist_09|assist_09_abce_ae_dominant_B_no_q|lr=0.0003|drop=0.20] [Reg Terms] Epoch [024] | Train: graph_entropy=0.000000, graph_diag=0.025000, graph_uniform=0.002852, graph_reg_scale=1.0000, mf_l2=0.000001, delta_ratio=0.003415, personal_sparse=0.004852, alpha_var=-0.233801, alpha_collapse=0.000250, reg_bce_ratio=-0.4644 | Val: graph_entropy=0.000000, graph_diag=0.025000, graph_uniform=0.002852, graph_reg_scale=1.0000, mf_l2=0.000001, delta_ratio=0.000561, personal_sparse=0.004852, alpha_var=-0.190678, alpha_collapse=0.000256, reg_bce_ratio=-0.2778
2026-04-11 04:48:12,403 - INFO - [assist_09|assist_09_abce_ae_dominant_B_no_q|lr=0.0003|drop=0.20] [Diag][M3] Epoch [024] | residual_abs_mean=1.2660, residual_std=0.3426, mf_abs_mean=1.2660, mf_std=0.3426, gate_mean=0.0675, gate_std=0.0988, q_interaction_abs_mean=0.0000, id_adapter_abs_mean=0.2602, bias_abs_mean=1.5856, B_q_share=0.0000, B_id_share=0.2055, B_bias_share=1.2524, student_q_norm=0.0000, student_id_adapter_norm=0.3225, item_q_norm=0.0000, item_id_adapter_norm=0.2001, irt_abs_mean=1.9120, irt_std=1.4162, delta_abs_mean=0.0989, delta_std=0.1559, delta_over_irt=0.0517, warmup(mf/personal)=1.00/1.00, graph_row_entropy=2.4260, graph_entropy_ratio=0.5041, alpha_mean=0.2250, alpha_std=0.2249, alpha_bias_std=2.3517, personal_row_entropy=2.4260, personal_matrix_delta=0.0000, personal_matrix_student_std=0.0000, personal_delta_pre_softmax_norm=0.0200, personal_delta_student_std=0.0000, alpha_head_std=0.2249
2026-04-11 04:48:12,404 - INFO - [assist_09|assist_09_abce_ae_dominant_B_no_q|lr=0.0003|drop=0.20] [Diag][Graph] Epoch [024] | entropy_ratio=0.5041, diag_mass=0.2500, to_uniform_l2=0.028690, to_identity_l2=0.070387, tau_mean=0.6932, tau_std=0.0000, graph_reg_scale(train/val)=1.0000/1.0000
2026-04-11 04:48:12,404 - WARNING - [assist_09|assist_09_abce_ae_dominant_B_no_q|lr=0.0003|drop=0.20] [Diag Warning][B] B_q_share is low: B_q_share=0.0000, B_id_share=0.2055, B_bias_share=1.2524
2026-04-11 04:48:12,404 - WARNING - [assist_09|assist_09_abce_ae_dominant_B_no_q|lr=0.0003|drop=0.20] [Diag Warning][E] personal_delta_student_std is near zero: personal_delta_student_std=0.000000, personal_delta_pre_softmax_norm=0.020024
2026-04-11 04:48:12,404 - INFO - [assist_09|assist_09_abce_ae_dominant_B_no_q|lr=0.0003|drop=0.20] [Grad Norms] Epoch [024] | mf_u_proj=0.000000, mf_v_proj=0.000000, b_id_student_proj=0.035497, b_id_item_proj=0.037798, b_bias_scale=0.001984, fusion_gate=0.006440, q_gate_raw=0.000000, skill_latent=0.069995, student_q_proj=0.000000, item_id_adapter=0.119247, relation_emb=0.000000e+00, relation_tau=2.562658e-09, relation_wq=0.000000e+00, relation_wk=0.000000e+00, personal_u=0.000000e+00, personal_v=0.000000e+00, personal_alpha_bias=1.684757e-02, personal_gate_emb=0.000000e+00, personal_gate_student_proj=0.000000e+00, personal_gate_context_proj=1.194259e-05, personal_gate_student_direct=0.000000e+00, personal_gate_context_direct=3.712785e-06, personal_gate_out=1.292329e-05, personal_generator_emb=0.000000e+00, personal_generator_context_proj=0.000000e+00, personal_generator_context_hidden=0.000000e+00, personal_generator_context_to_u=0.000000e+00, personal_generator_context_to_v=0.000000e+00
2026-04-11 04:48:12,404 - INFO - [assist_09|assist_09_abce_ae_dominant_B_no_q|lr=0.0003|drop=0.20] -> No improvement 2 epoch(s) (best AUC=0.7638 @ 22)
2026-04-11 04:49:07,672 - INFO - [assist_09|assist_09_abce_ae_dominant_B_no_q|lr=0.0003|drop=0.20] Epoch [025/100] | Train: Loss=0.2007, BCE=0.4135, Reg=-0.2128, AUC=0.8802, ACC=0.8009, RMSE=0.3658 | Val: Loss=0.3878, BCE=0.5582, Reg=-0.1704, AUC=0.7631, ACC=0.7339, RMSE=0.4281
2026-04-11 04:49:07,672 - INFO - [assist_09|assist_09_abce_ae_dominant_B_no_q|lr=0.0003|drop=0.20] [Reg Terms] Epoch [025] | Train: graph_entropy=0.000000, graph_diag=0.025000, graph_uniform=0.002852, graph_reg_scale=1.0000, mf_l2=0.000001, delta_ratio=0.003395, personal_sparse=0.004852, alpha_var=-0.253598, alpha_collapse=0.000250, reg_bce_ratio=-0.5145 | Val: graph_entropy=0.000000, graph_diag=0.025000, graph_uniform=0.002852, graph_reg_scale=1.0000, mf_l2=0.000001, delta_ratio=0.000385, personal_sparse=0.004852, alpha_var=-0.206376, alpha_collapse=0.000256, reg_bce_ratio=-0.3053
2026-04-11 04:49:07,880 - INFO - [assist_09|assist_09_abce_ae_dominant_B_no_q|lr=0.0003|drop=0.20] [Diag][M3] Epoch [025] | residual_abs_mean=1.2831, residual_std=0.3567, mf_abs_mean=1.2831, mf_std=0.3567, gate_mean=0.0676, gate_std=0.1019, q_interaction_abs_mean=0.0000, id_adapter_abs_mean=0.2731, bias_abs_mean=1.6316, B_q_share=0.0000, B_id_share=0.2129, B_bias_share=1.2716, student_q_norm=0.0000, student_id_adapter_norm=0.3255, item_q_norm=0.0000, item_id_adapter_norm=0.2016, irt_abs_mean=1.9617, irt_std=1.4712, delta_abs_mean=0.1011, delta_std=0.1630, delta_over_irt=0.0516, warmup(mf/personal)=1.00/1.00, graph_row_entropy=2.4260, graph_entropy_ratio=0.5041, alpha_mean=0.2249, alpha_std=0.2249, alpha_bias_std=2.4502, personal_row_entropy=2.4260, personal_matrix_delta=0.0000, personal_matrix_student_std=0.0000, personal_delta_pre_softmax_norm=0.0200, personal_delta_student_std=0.0000, alpha_head_std=0.2249
2026-04-11 04:49:07,881 - INFO - [assist_09|assist_09_abce_ae_dominant_B_no_q|lr=0.0003|drop=0.20] [Diag][Graph] Epoch [025] | entropy_ratio=0.5041, diag_mass=0.2500, to_uniform_l2=0.028690, to_identity_l2=0.070387, tau_mean=0.6933, tau_std=0.0002, graph_reg_scale(train/val)=1.0000/1.0000
2026-04-11 04:49:07,881 - WARNING - [assist_09|assist_09_abce_ae_dominant_B_no_q|lr=0.0003|drop=0.20] [Diag Warning][B] B_q_share is low: B_q_share=0.0000, B_id_share=0.2129, B_bias_share=1.2716
2026-04-11 04:49:07,881 - WARNING - [assist_09|assist_09_abce_ae_dominant_B_no_q|lr=0.0003|drop=0.20] [Diag Warning][E] personal_delta_student_std is near zero: personal_delta_student_std=0.000000, personal_delta_pre_softmax_norm=0.020003
2026-04-11 04:49:07,881 - INFO - [assist_09|assist_09_abce_ae_dominant_B_no_q|lr=0.0003|drop=0.20] [Grad Norms] Epoch [025] | mf_u_proj=0.000000, mf_v_proj=0.000000, b_id_student_proj=0.048102, b_id_item_proj=0.047539, b_bias_scale=0.000175, fusion_gate=0.004065, q_gate_raw=0.000000, skill_latent=0.099042, student_q_proj=0.000000, item_id_adapter=0.163018, relation_emb=0.000000e+00, relation_tau=1.605937e-09, relation_wq=0.000000e+00, relation_wk=0.000000e+00, personal_u=0.000000e+00, personal_v=0.000000e+00, personal_alpha_bias=1.433952e-02, personal_gate_emb=0.000000e+00, personal_gate_student_proj=0.000000e+00, personal_gate_context_proj=1.497435e-05, personal_gate_student_direct=0.000000e+00, personal_gate_context_direct=4.623366e-06, personal_gate_out=1.634577e-05, personal_generator_emb=0.000000e+00, personal_generator_context_proj=0.000000e+00, personal_generator_context_hidden=0.000000e+00, personal_generator_context_to_u=0.000000e+00, personal_generator_context_to_v=0.000000e+00
2026-04-11 04:49:07,881 - INFO - [assist_09|assist_09_abce_ae_dominant_B_no_q|lr=0.0003|drop=0.20] -> No improvement 3 epoch(s) (best AUC=0.7638 @ 22)
2026-04-11 04:49:07,881 - INFO - [assist_09|assist_09_abce_ae_dominant_B_no_q|lr=0.0003|drop=0.20] Early stopping at epoch 25 (best AUC=0.7638 @ 22)
2026-04-11 04:49:07,888 - INFO - Epoch-wise metrics saved to checkpoints/abce_diag/20260411_master_best_ae/assist_09/seed42/ae_dominant_B_no_q/metrics_history.csv
2026-04-11 04:49:07,891 - INFO - [assist_09|assist_09_abce_ae_dominant_B_no_q|lr=0.0003|drop=0.20] Training completed! Best Val AUC=0.7638 @ epoch 22
2026-04-11 04:49:08,094 - INFO - 
============================================================
         MODULE ACTIVITY REPORT
============================================================
Dataset: assist_09 | Seed: 42 | Epoch: 25

1. Concept Graph Module:
   - Mean row entropy: 2.426 / 4.812
   - Entropy ratio: 50.4%
   - Status: ACTIVE (learning meaningful structure)

2. Personal Graph Module:
   - Gate alpha mean: 0.225
   - Gate alpha std: 0.225
   - Alpha bias std: 3.466
   - Personal/global delta: 0.0054
   - Inter-student matrix std: 0.0000
   - Status: MARGINAL (some gate movement, but personalization is weak)

3. Skill/MF Module:
   - MF logit |mean|: 1.2498
   - MF logit std: 0.4117
   - Fusion gate mean: 0.072
   - Status: ACTIVE (contributing to predictions)

------------------------------------------------------------
SUMMARY:
   Active modules: Concept Graph, Skill/MF
   Inactive modules: Personal Graph
============================================================
2026-04-11 04:49:08,094 - INFO - [assist_09|assist_09_abce_ae_dominant_B_no_q|lr=0.0003|drop=0.20] Module activity saved to checkpoints/abce_diag/20260411_master_best_ae/assist_09/seed42/ae_dominant_B_no_q/module_activity.json
2026-04-11 04:49:08,146 - INFO - Using device: cuda:0
2026-04-11 04:49:08,146 - INFO - Loading model from checkpoints/abce_diag/20260411_master_best_ae/assist_09/seed42/ae_dominant_B_no_q/best_model.pth...
2026-04-11 04:49:08,302 - INFO - Inference switches: ablate_module1=False, ablate_module2=False, ablate_module3=False | enable_module1=True, enable_module2=True, enable_module3=True | use_mf_branch=True, use_concept_graph=True, use_q_aligned_residual=True | effective(num_gnn_layers=1)
2026-04-11 04:49:08,342 - INFO - [Inference] Ablation runtime check: args(ablate_module1=False,ablate_module2=False,ablate_module3=False) | model(enable_module1=True,enable_module2=True,enable_module3=True) | physical(has_knowledge_encoder=True,has_mf_branch=True)
2026-04-11 04:49:08,342 - INFO - [Inference] [Module3 Init] fusion_gate_bias=-2.2000, fusion_gate_max=0.3500, implied_gate=0.0349, q_gate=0.5000, mf_scale=0.0000, bias_scale=0.2536, graph_tau_mean=1.0055, graph_tau_std=0.0000, graph_dropout=0.000
2026-04-11 04:49:08,344 - INFO - Model loaded from epoch 22. Start testing...
2026-04-11 04:49:09,780 - INFO - [Test] 200/411 batches done, samples=25600
2026-04-11 04:49:11,027 - INFO - [Test] 400/411 batches done, samples=51200
2026-04-11 04:49:11,202 - INFO - 
==================================================
2026-04-11 04:49:11,202 - INFO - Test Results:
2026-04-11 04:49:11,202 - INFO - AUC: 0.7666
2026-04-11 04:49:11,203 - INFO - ACC: 0.7352
2026-04-11 04:49:11,203 - INFO - RMSE: 0.4248
2026-04-11 04:49:11,203 - INFO - ==================================================
2026-04-11 04:49:11,219 - INFO - Summary appended to /home/zsh/ConceptSkillCDM/results/experiment_results.csv
2026-04-11 04:49:11,225 - INFO - Run completed.
2026-04-11 04:49:11,225 - INFO - Best validation AUC: 0.7638 at epoch 22
2026-04-11 04:49:11,225 - INFO - Test metrics - AUC: 0.7666, ACC: 0.7352, RMSE: 0.4248
