2026-04-19 02:32:36,028 - INFO - Arguments:
2026-04-19 02:32:36,028 - INFO -   ablate_concept_graph: False
2026-04-19 02:32:36,028 - INFO -   ablate_module1: False
2026-04-19 02:32:36,028 - INFO -   allow_self_loop: True
2026-04-19 02:32:36,028 - INFO -   alpha_min_target: 0.0
2026-04-19 02:32:36,028 - INFO -   batch_size: 128
2026-04-19 02:32:36,028 - INFO -   data_dir: ./data/assist_09
2026-04-19 02:32:36,028 - INFO -   dataset_name: assist_09
2026-04-19 02:32:36,028 - INFO -   debug_graph_diag: True
2026-04-19 02:32:36,028 - INFO -   diag_batches: 1
2026-04-19 02:32:36,028 - INFO -   disable_self_loop: False
2026-04-19 02:32:36,028 - INFO -   dropout: 0.2
2026-04-19 02:32:36,028 - INFO -   early_stop_patience: 3
2026-04-19 02:32:36,028 - INFO -   enable_module1: True
2026-04-19 02:32:36,028 - INFO -   epochs: 100
2026-04-19 02:32:36,028 - INFO -   generate_diagnosis: False
2026-04-19 02:32:36,029 - INFO -   gnn_residual_weight: 0.5
2026-04-19 02:32:36,029 - INFO -   gpu_candidates: None
2026-04-19 02:32:36,029 - INFO -   gpu_ids: None
2026-04-19 02:32:36,029 - INFO -   gpu_memory_threshold: 2000
2026-04-19 02:32:36,029 - INFO -   gpus: None
2026-04-19 02:32:36,029 - INFO -   graph_dropout: 0.0
2026-04-19 02:32:36,029 - INFO -   graph_entropy_max: 0.75
2026-04-19 02:32:36,029 - INFO -   graph_entropy_min: 0.25
2026-04-19 02:32:36,029 - INFO -   graph_identity_residual: 0.05
2026-04-19 02:32:36,029 - INFO -   graph_propagation_alpha: 0.24
2026-04-19 02:32:36,029 - INFO -   graph_query_readout_2hop_scale: 0.24
2026-04-19 02:32:36,029 - INFO -   graph_query_readout_scale: 0.7
2026-04-19 02:32:36,029 - INFO -   graph_query_writeback_2hop_scale: 0.24
2026-04-19 02:32:36,029 - INFO -   graph_query_writeback_scale: 0.7
2026-04-19 02:32:36,029 - INFO -   graph_readout_1hop_scale: 0.7
2026-04-19 02:32:36,029 - INFO -   graph_readout_2hop_scale: 0.24
2026-04-19 02:32:36,029 - INFO -   graph_reg_cap_ratio: 6.0
2026-04-19 02:32:36,029 - INFO -   graph_reg_warmup_epochs: 4
2026-04-19 02:32:36,029 - INFO -   graph_tau_init: 0.55
2026-04-19 02:32:36,029 - INFO -   graph_topk: 12
2026-04-19 02:32:36,029 - INFO -   graph_uniform_margin: 0.1
2026-04-19 02:32:36,029 - INFO -   knowledge_dim: 64
2026-04-19 02:32:36,029 - INFO -   lambda_alpha: 0.0
2026-04-19 02:32:36,029 - INFO -   lambda_alpha_min: 0.0
2026-04-19 02:32:36,029 - INFO -   lambda_graph_diag: 0.1
2026-04-19 02:32:36,029 - INFO -   lambda_graph_uniform: 0.04
2026-04-19 02:32:36,029 - INFO -   lambda_personal_kl: 0.04
2026-04-19 02:32:36,029 - INFO -   lambda_personal_query_residual: 0.08
2026-04-19 02:32:36,029 - INFO -   lambda_sparse: 0.8
2026-04-19 02:32:36,029 - INFO -   lambda_sparse_personal: 0.0
2026-04-19 02:32:36,029 - INFO -   learning_rate: 0.0003
2026-04-19 02:32:36,030 - INFO -   log_dir: logs/abce_diag/remote_rerun_20260419_6ddddcc/assist_09/seed42/best_no_E
2026-04-19 02:32:36,030 - INFO -   max_test_batches: None
2026-04-19 02:32:36,030 - INFO -   max_train_batches: None
2026-04-19 02:32:36,030 - INFO -   max_val_batches: None
2026-04-19 02:32:36,030 - INFO -   min_exer_interactions: 0
2026-04-19 02:32:36,030 - INFO -   min_poison_count: 0
2026-04-19 02:32:36,030 - INFO -   min_stu_interactions: 15
2026-04-19 02:32:36,030 - INFO -   model_variant: assist_09_abce_best_no_E
2026-04-19 02:32:36,030 - INFO -   multi_gpu: False
2026-04-19 02:32:36,030 - INFO -   no_cuda: False
2026-04-19 02:32:36,030 - INFO -   num_gnn_layers: 2
2026-04-19 02:32:36,030 - INFO -   num_gpus: 1
2026-04-19 02:32:36,030 - INFO -   num_relation_heads: 2
2026-04-19 02:32:36,030 - INFO -   num_workers: 4
2026-04-19 02:32:36,030 - INFO -   patience: 5
2026-04-19 02:32:36,030 - INFO -   personal_alpha_base_init: 0.05
2026-04-19 02:32:36,030 - INFO -   personal_alpha_bias_scale: 0.0
2026-04-19 02:32:36,030 - INFO -   personal_alpha_budget: 0.1
2026-04-19 02:32:36,030 - INFO -   personal_alpha_temperature: 2.2
2026-04-19 02:32:36,030 - INFO -   personal_delta_scale: 4.0
2026-04-19 02:32:36,030 - INFO -   personal_disable_student_global_context: True
2026-04-19 02:32:36,030 - INFO -   personal_id_lr_mult: 0.5
2026-04-19 02:32:36,030 - INFO -   personal_include_neighbor_rows: False
2026-04-19 02:32:36,030 - INFO -   personal_local_hops: 1
2026-04-19 02:32:36,030 - INFO -   personal_max_alpha: 0.28
2026-04-19 02:32:36,030 - INFO -   personal_neighbor_row_budget: 0.35
2026-04-19 02:32:36,030 - INFO -   personal_query_correction_max_ratio: 0.15
2026-04-19 02:32:36,030 - INFO -   personal_query_correction_min_graph_anchor: 0.02
2026-04-19 02:32:36,030 - INFO -   personal_query_correction_scale: 1.2
2026-04-19 02:32:36,030 - INFO -   personal_query_message_gain: 1.0
2026-04-19 02:32:36,030 - INFO -   personal_query_residual_margin: 0.08
2026-04-19 02:32:36,030 - INFO -   personal_query_row_budget: 1.0
2026-04-19 02:32:36,031 - INFO -   personal_query_support_hops: 1
2026-04-19 02:32:36,031 - INFO -   personal_rank: 8
2026-04-19 02:32:36,031 - INFO -   personal_reg_warmup_epochs: 8
2026-04-19 02:32:36,031 - INFO -   personal_state_lr_mult: 1.0
2026-04-19 02:32:36,031 - INFO -   personal_student_dim: 32
2026-04-19 02:32:36,031 - INFO -   personal_support_only: True
2026-04-19 02:32:36,031 - INFO -   personal_warmup_epochs: 8
2026-04-19 02:32:36,031 - INFO -   prediction_l2_lambda: 1e-05
2026-04-19 02:32:36,031 - INFO -   save_dir: checkpoints/abce_diag/remote_rerun_20260419_6ddddcc/assist_09/seed42/best_no_E
2026-04-19 02:32:36,031 - INFO -   save_interval: 10
2026-04-19 02:32:36,031 - INFO -   seed: 42
2026-04-19 02:32:36,031 - INFO -   share_concept_embeddings: True
2026-04-19 02:32:36,031 - INFO -   use_concept_graph: True
2026-04-19 02:32:36,031 - INFO -   use_exercise_graph: True
2026-04-19 02:32:36,031 - INFO -   use_personal_graph: False
2026-04-19 02:32:36,031 - INFO -   weight_decay: 1e-05
2026-04-19 02:32:36,040 - INFO - Arguments:
2026-04-19 02:32:36,040 - INFO -   ablate_concept_graph: True
2026-04-19 02:32:36,040 - INFO -   ablate_module1: False
2026-04-19 02:32:36,040 - INFO -   allow_self_loop: True
2026-04-19 02:32:36,040 - INFO -   alpha_min_target: 0.05
2026-04-19 02:32:36,040 - INFO -   batch_size: 128
2026-04-19 02:32:36,040 - INFO -   data_dir: ./data/assist_09
2026-04-19 02:32:36,040 - INFO -   dataset_name: assist_09
2026-04-19 02:32:36,040 - INFO -   debug_graph_diag: True
2026-04-19 02:32:36,040 - INFO -   diag_batches: 1
2026-04-19 02:32:36,040 - INFO -   disable_self_loop: False
2026-04-19 02:32:36,040 - INFO -   dropout: 0.2
2026-04-19 02:32:36,040 - INFO -   early_stop_patience: 3
2026-04-19 02:32:36,040 - INFO -   enable_module1: True
2026-04-19 02:32:36,040 - INFO -   epochs: 100
2026-04-19 02:32:36,040 - INFO -   generate_diagnosis: False
2026-04-19 02:32:36,040 - INFO -   gnn_residual_weight: 0.5
2026-04-19 02:32:36,040 - INFO -   gpu_candidates: None
2026-04-19 02:32:36,040 - INFO -   gpu_ids: None
2026-04-19 02:32:36,040 - INFO -   gpu_memory_threshold: 2000
2026-04-19 02:32:36,040 - INFO -   gpus: None
2026-04-19 02:32:36,040 - INFO -   graph_dropout: 0.0
2026-04-19 02:32:36,040 - INFO -   graph_entropy_max: 0.75
2026-04-19 02:32:36,040 - INFO -   graph_entropy_min: 0.25
2026-04-19 02:32:36,040 - INFO -   graph_identity_residual: 0.05
2026-04-19 02:32:36,040 - INFO -   graph_propagation_alpha: 0.24
2026-04-19 02:32:36,040 - INFO -   graph_query_readout_2hop_scale: 0.24
2026-04-19 02:32:36,040 - INFO -   graph_query_readout_scale: 0.7
2026-04-19 02:32:36,040 - INFO -   graph_query_writeback_2hop_scale: 0.24
2026-04-19 02:32:36,040 - INFO -   graph_query_writeback_scale: 0.7
2026-04-19 02:32:36,040 - INFO -   graph_readout_1hop_scale: 0.7
2026-04-19 02:32:36,040 - INFO -   graph_readout_2hop_scale: 0.24
2026-04-19 02:32:36,040 - INFO -   graph_reg_cap_ratio: 6.0
2026-04-19 02:32:36,040 - INFO -   graph_reg_warmup_epochs: 4
2026-04-19 02:32:36,040 - INFO -   graph_tau_init: 0.55
2026-04-19 02:32:36,040 - INFO -   graph_topk: 12
2026-04-19 02:32:36,040 - INFO -   graph_uniform_margin: 0.1
2026-04-19 02:32:36,041 - INFO -   knowledge_dim: 64
2026-04-19 02:32:36,041 - INFO -   lambda_alpha: 0.0
2026-04-19 02:32:36,041 - INFO -   lambda_alpha_min: 0.08
2026-04-19 02:32:36,041 - INFO -   lambda_graph_diag: 0.1
2026-04-19 02:32:36,041 - INFO -   lambda_graph_uniform: 0.04
2026-04-19 02:32:36,041 - INFO -   lambda_personal_kl: 0.04
2026-04-19 02:32:36,041 - INFO -   lambda_personal_query_residual: 0.08
2026-04-19 02:32:36,041 - INFO -   lambda_sparse: 0.8
2026-04-19 02:32:36,041 - INFO -   lambda_sparse_personal: 0.0005
2026-04-19 02:32:36,041 - INFO -   learning_rate: 0.0003
2026-04-19 02:32:36,041 - INFO -   log_dir: logs/abce_diag/remote_rerun_20260419_6ddddcc/assist_09/seed42/best_no_A
2026-04-19 02:32:36,041 - INFO -   max_test_batches: None
2026-04-19 02:32:36,041 - INFO -   max_train_batches: None
2026-04-19 02:32:36,041 - INFO -   max_val_batches: None
2026-04-19 02:32:36,041 - INFO -   min_exer_interactions: 0
2026-04-19 02:32:36,041 - INFO -   min_poison_count: 0
2026-04-19 02:32:36,041 - INFO -   min_stu_interactions: 15
2026-04-19 02:32:36,041 - INFO -   model_variant: assist_09_abce_best_no_A
2026-04-19 02:32:36,041 - INFO -   multi_gpu: False
2026-04-19 02:32:36,041 - INFO -   no_cuda: False
2026-04-19 02:32:36,041 - INFO -   num_gnn_layers: 2
2026-04-19 02:32:36,041 - INFO -   num_gpus: 1
2026-04-19 02:32:36,041 - INFO -   num_relation_heads: 2
2026-04-19 02:32:36,041 - INFO -   num_workers: 4
2026-04-19 02:32:36,041 - INFO -   patience: 5
2026-04-19 02:32:36,041 - INFO -   personal_alpha_base_init: 0.05
2026-04-19 02:32:36,041 - INFO -   personal_alpha_bias_scale: 0.0
2026-04-19 02:32:36,041 - INFO -   personal_alpha_budget: 0.1
2026-04-19 02:32:36,041 - INFO -   personal_alpha_temperature: 2.2
2026-04-19 02:32:36,041 - INFO -   personal_delta_scale: 4.0
2026-04-19 02:32:36,041 - INFO -   personal_disable_student_global_context: True
2026-04-19 02:32:36,041 - INFO -   personal_id_lr_mult: 0.5
2026-04-19 02:32:36,041 - INFO -   personal_include_neighbor_rows: False
2026-04-19 02:32:36,041 - INFO -   personal_local_hops: 1
2026-04-19 02:32:36,041 - INFO -   personal_max_alpha: 0.28
2026-04-19 02:32:36,041 - INFO -   personal_neighbor_row_budget: 0.35
2026-04-19 02:32:36,041 - INFO -   personal_query_correction_max_ratio: 0.15
2026-04-19 02:32:36,041 - INFO -   personal_query_correction_min_graph_anchor: 0.02
2026-04-19 02:32:36,041 - INFO -   personal_query_correction_scale: 1.2
2026-04-19 02:32:36,041 - INFO -   personal_query_message_gain: 1.0
2026-04-19 02:32:36,041 - INFO -   personal_query_residual_margin: 0.08
2026-04-19 02:32:36,041 - INFO -   personal_query_row_budget: 1.0
2026-04-19 02:32:36,041 - INFO -   personal_query_support_hops: 1
2026-04-19 02:32:36,041 - INFO -   personal_rank: 8
2026-04-19 02:32:36,041 - INFO -   personal_reg_warmup_epochs: 8
2026-04-19 02:32:36,041 - INFO -   personal_state_lr_mult: 1.0
2026-04-19 02:32:36,041 - INFO -   personal_student_dim: 32
2026-04-19 02:32:36,041 - INFO -   personal_support_only: True
2026-04-19 02:32:36,041 - INFO -   personal_warmup_epochs: 8
2026-04-19 02:32:36,041 - INFO -   prediction_l2_lambda: 1e-05
2026-04-19 02:32:36,041 - INFO -   save_dir: checkpoints/abce_diag/remote_rerun_20260419_6ddddcc/assist_09/seed42/best_no_A
2026-04-19 02:32:36,041 - INFO -   save_interval: 10
2026-04-19 02:32:36,041 - INFO -   seed: 42
2026-04-19 02:32:36,041 - INFO -   share_concept_embeddings: True
2026-04-19 02:32:36,041 - INFO -   use_concept_graph: False
2026-04-19 02:32:36,042 - INFO -   use_exercise_graph: False
2026-04-19 02:32:36,042 - INFO -   use_personal_graph: True
2026-04-19 02:32:36,042 - INFO -   weight_decay: 1e-05
2026-04-19 02:32:36,117 - INFO - Using device: cuda:0 (physical gpu 3)
2026-04-19 02:32:36,117 - INFO - [assist_09|assist_09_abce_best_no_E|lr=0.0003|drop=0.20] Loading datasets...
2026-04-19 02:32:36,117 - INFO - [assist_09|assist_09_abce_best_no_E|lr=0.0003|drop=0.20] Regularization: graph_entropy(lambda_sparse)=0.800000, graph_diag=0.100000, graph_uniform=0.040000, personal_sparse=0.000000, personal_kl=0.040000, personal_query_residual=0.080000, alpha_penalty=0.000000, alpha_min=0.000000, prediction_l2=0.000010
2026-04-19 02:32:36,117 - INFO - [assist_09|assist_09_abce_best_no_E|lr=0.0003|drop=0.20] Graph controls: entropy_band=[0.25, 0.75], uniform_margin=0.10, warmup_epochs=4, cap_ratio=6.00, graph_dropout=0.000, graph_tau_init=0.550
2026-04-19 02:32:36,117 - INFO - [assist_09|assist_09_abce_best_no_E|lr=0.0003|drop=0.20] Personal controls: personal_max_alpha=0.280, personal_delta_scale=4.000, personal_warmup_epochs=8, personal_student_dim=32, alpha_min_target=0.0000, personal_local_hops=1, include_neighbor_rows=False, personal_support_only=True, personal_alpha_temperature=2.200, personal_alpha_budget=0.100, personal_query_row_budget=1.000, personal_neighbor_row_budget=0.350, personal_query_support_hops=1, personal_query_message_gain=1.000, personal_query_correction_scale=1.200, personal_state_lr_mult=1.000, personal_id_lr_mult=0.500, graph_propagation_alpha=0.240, graph_query_readout_scale=0.700, graph_query_readout_2hop_scale=0.240
2026-04-19 02:32:36,124 - INFO - Using device: cuda:0 (physical gpu 2)
2026-04-19 02:32:36,124 - INFO - [assist_09|assist_09_abce_best_no_A|lr=0.0003|drop=0.20] Loading datasets...
2026-04-19 02:32:36,124 - INFO - [assist_09|assist_09_abce_best_no_A|lr=0.0003|drop=0.20] Regularization: graph_entropy(lambda_sparse)=0.800000, graph_diag=0.100000, graph_uniform=0.040000, personal_sparse=0.000500, personal_kl=0.040000, personal_query_residual=0.080000, alpha_penalty=0.000000, alpha_min=0.080000, prediction_l2=0.000010
2026-04-19 02:32:36,125 - INFO - [assist_09|assist_09_abce_best_no_A|lr=0.0003|drop=0.20] Graph controls: entropy_band=[0.25, 0.75], uniform_margin=0.10, warmup_epochs=4, cap_ratio=6.00, graph_dropout=0.000, graph_tau_init=0.550
2026-04-19 02:32:36,125 - INFO - [assist_09|assist_09_abce_best_no_A|lr=0.0003|drop=0.20] Personal controls: personal_max_alpha=0.280, personal_delta_scale=4.000, personal_warmup_epochs=8, personal_student_dim=32, alpha_min_target=0.0500, personal_local_hops=1, include_neighbor_rows=False, personal_support_only=True, personal_alpha_temperature=2.200, personal_alpha_budget=0.100, personal_query_row_budget=1.000, personal_neighbor_row_budget=0.350, personal_query_support_hops=1, personal_query_message_gain=1.000, personal_query_correction_scale=1.200, personal_state_lr_mult=1.000, personal_id_lr_mult=0.500, graph_propagation_alpha=0.240, graph_query_readout_scale=0.700, graph_query_readout_2hop_scale=0.240
2026-04-19 02:32:36,191 - INFO - [assist_09] [数据清洗] 学生交互次数 < 15 次的学生：共移除 313 个学生（仅统计用户数）
2026-04-19 02:32:36,201 - INFO - [assist_09] [数据清洗] 学生冷启动过滤：在 train/valid/test 中共删除 5118 条记录。
2026-04-19 02:32:36,201 - INFO - [assist_09] [数据清洗] 跳过题目冷门过滤（min_exer_interactions <= 0）。
2026-04-19 02:32:36,201 - INFO - [assist_09] [数据清洗] 跳过毒题清洗（min_poison_count <= 0）。
2026-04-19 02:32:36,201 - INFO - [assist_09] 正在构建ID映射...
2026-04-19 02:32:36,213 - INFO - [assist_09] [数据清洗] 学生交互次数 < 15 次的学生：共移除 313 个学生（仅统计用户数）
2026-04-19 02:32:36,228 - INFO - [assist_09] [数据清洗] 学生冷启动过滤：在 train/valid/test 中共删除 5118 条记录。
2026-04-19 02:32:36,229 - INFO - [assist_09] [数据清洗] 跳过题目冷门过滤（min_exer_interactions <= 0）。
2026-04-19 02:32:36,229 - INFO - [assist_09] [数据清洗] 跳过毒题清洗（min_poison_count <= 0）。
2026-04-19 02:32:36,229 - INFO - [assist_09] 正在构建ID映射...
2026-04-19 02:32:36,359 - INFO - [assist_09] 正在构建Q矩阵...
2026-04-19 02:32:36,409 - INFO - Arguments:
2026-04-19 02:32:36,409 - INFO -   ablate_concept_graph: False
2026-04-19 02:32:36,410 - INFO -   ablate_module1: False
2026-04-19 02:32:36,410 - INFO -   allow_self_loop: True
2026-04-19 02:32:36,410 - INFO -   alpha_min_target: 0.05
2026-04-19 02:32:36,410 - INFO -   batch_size: 128
2026-04-19 02:32:36,410 - INFO -   data_dir: ./data/assist_09
2026-04-19 02:32:36,410 - INFO -   dataset_name: assist_09
2026-04-19 02:32:36,410 - INFO -   debug_graph_diag: True
2026-04-19 02:32:36,410 - INFO -   diag_batches: 1
2026-04-19 02:32:36,410 - INFO -   disable_self_loop: False
2026-04-19 02:32:36,410 - INFO -   dropout: 0.2
2026-04-19 02:32:36,410 - INFO -   early_stop_patience: 3
2026-04-19 02:32:36,410 - INFO -   enable_module1: True
2026-04-19 02:32:36,410 - INFO -   epochs: 100
2026-04-19 02:32:36,410 - INFO -   generate_diagnosis: False
2026-04-19 02:32:36,410 - INFO -   gnn_residual_weight: 0.5
2026-04-19 02:32:36,410 - INFO -   gpu_candidates: None
2026-04-19 02:32:36,410 - INFO -   gpu_ids: None
2026-04-19 02:32:36,410 - INFO -   gpu_memory_threshold: 2000
2026-04-19 02:32:36,410 - INFO -   gpus: None
2026-04-19 02:32:36,410 - INFO -   graph_dropout: 0.0
2026-04-19 02:32:36,410 - INFO -   graph_entropy_max: 0.75
2026-04-19 02:32:36,410 - INFO -   graph_entropy_min: 0.25
2026-04-19 02:32:36,410 - INFO -   graph_identity_residual: 0.05
2026-04-19 02:32:36,410 - INFO -   graph_propagation_alpha: 0.24
2026-04-19 02:32:36,410 - INFO -   graph_query_readout_2hop_scale: 0.24
2026-04-19 02:32:36,410 - INFO -   graph_query_readout_scale: 0.7
2026-04-19 02:32:36,410 - INFO -   graph_query_writeback_2hop_scale: 0.24
2026-04-19 02:32:36,410 - INFO -   graph_query_writeback_scale: 0.7
2026-04-19 02:32:36,410 - INFO -   graph_readout_1hop_scale: 0.7
2026-04-19 02:32:36,410 - INFO -   graph_readout_2hop_scale: 0.24
2026-04-19 02:32:36,410 - INFO -   graph_reg_cap_ratio: 6.0
2026-04-19 02:32:36,410 - INFO -   graph_reg_warmup_epochs: 4
2026-04-19 02:32:36,411 - INFO -   graph_tau_init: 0.55
2026-04-19 02:32:36,411 - INFO -   graph_topk: 12
2026-04-19 02:32:36,411 - INFO -   graph_uniform_margin: 0.1
2026-04-19 02:32:36,411 - INFO -   knowledge_dim: 64
2026-04-19 02:32:36,411 - INFO -   lambda_alpha: 0.0
2026-04-19 02:32:36,411 - INFO -   lambda_alpha_min: 0.08
2026-04-19 02:32:36,411 - INFO -   lambda_graph_diag: 0.1
2026-04-19 02:32:36,411 - INFO -   lambda_graph_uniform: 0.04
2026-04-19 02:32:36,411 - INFO -   lambda_personal_kl: 0.04
2026-04-19 02:32:36,411 - INFO -   lambda_personal_query_residual: 0.08
2026-04-19 02:32:36,411 - INFO -   lambda_sparse: 0.8
2026-04-19 02:32:36,411 - INFO -   lambda_sparse_personal: 0.0005
2026-04-19 02:32:36,411 - INFO -   learning_rate: 0.0003
2026-04-19 02:32:36,411 - INFO -   log_dir: logs/abce_diag/remote_rerun_20260419_6ddddcc/assist_09/seed42/best_full
2026-04-19 02:32:36,411 - INFO -   max_test_batches: None
2026-04-19 02:32:36,411 - INFO -   max_train_batches: None
2026-04-19 02:32:36,411 - INFO -   max_val_batches: None
2026-04-19 02:32:36,411 - INFO -   min_exer_interactions: 0
2026-04-19 02:32:36,411 - INFO -   min_poison_count: 0
2026-04-19 02:32:36,411 - INFO -   min_stu_interactions: 15
2026-04-19 02:32:36,411 - INFO -   model_variant: assist_09_abce_best_full
2026-04-19 02:32:36,411 - INFO -   multi_gpu: False
2026-04-19 02:32:36,411 - INFO -   no_cuda: False
2026-04-19 02:32:36,411 - INFO -   num_gnn_layers: 2
2026-04-19 02:32:36,411 - INFO -   num_gpus: 1
2026-04-19 02:32:36,411 - INFO -   num_relation_heads: 2
2026-04-19 02:32:36,411 - INFO -   num_workers: 4
2026-04-19 02:32:36,411 - INFO -   patience: 5
2026-04-19 02:32:36,411 - INFO -   personal_alpha_base_init: 0.05
2026-04-19 02:32:36,411 - INFO -   personal_alpha_bias_scale: 0.0
2026-04-19 02:32:36,411 - INFO -   personal_alpha_budget: 0.1
2026-04-19 02:32:36,411 - INFO -   personal_alpha_temperature: 2.2
2026-04-19 02:32:36,412 - INFO -   personal_delta_scale: 4.0
2026-04-19 02:32:36,412 - INFO -   personal_disable_student_global_context: True
2026-04-19 02:32:36,412 - INFO -   personal_id_lr_mult: 0.5
2026-04-19 02:32:36,412 - INFO -   personal_include_neighbor_rows: False
2026-04-19 02:32:36,412 - INFO -   personal_local_hops: 1
2026-04-19 02:32:36,412 - INFO -   personal_max_alpha: 0.28
2026-04-19 02:32:36,412 - INFO -   personal_neighbor_row_budget: 0.35
2026-04-19 02:32:36,412 - INFO -   personal_query_correction_max_ratio: 0.15
2026-04-19 02:32:36,412 - INFO -   personal_query_correction_min_graph_anchor: 0.02
2026-04-19 02:32:36,412 - INFO -   personal_query_correction_scale: 1.2
2026-04-19 02:32:36,412 - INFO -   personal_query_message_gain: 1.0
2026-04-19 02:32:36,412 - INFO -   personal_query_residual_margin: 0.08
2026-04-19 02:32:36,412 - INFO -   personal_query_row_budget: 1.0
2026-04-19 02:32:36,412 - INFO -   personal_query_support_hops: 1
2026-04-19 02:32:36,412 - INFO -   personal_rank: 8
2026-04-19 02:32:36,412 - INFO -   personal_reg_warmup_epochs: 8
2026-04-19 02:32:36,412 - INFO -   personal_state_lr_mult: 1.0
2026-04-19 02:32:36,412 - INFO -   personal_student_dim: 32
2026-04-19 02:32:36,412 - INFO -   personal_support_only: True
2026-04-19 02:32:36,412 - INFO -   personal_warmup_epochs: 8
2026-04-19 02:32:36,412 - INFO -   prediction_l2_lambda: 1e-05
2026-04-19 02:32:36,412 - INFO -   save_dir: checkpoints/abce_diag/remote_rerun_20260419_6ddddcc/assist_09/seed42/best_full
2026-04-19 02:32:36,412 - INFO -   save_interval: 10
2026-04-19 02:32:36,412 - INFO -   seed: 42
2026-04-19 02:32:36,412 - INFO -   share_concept_embeddings: True
2026-04-19 02:32:36,412 - INFO -   use_concept_graph: True
2026-04-19 02:32:36,412 - INFO -   use_exercise_graph: True
2026-04-19 02:32:36,412 - INFO -   use_personal_graph: True
2026-04-19 02:32:36,412 - INFO -   weight_decay: 1e-05
2026-04-19 02:32:36,470 - INFO - [assist_09] 正在构建Q矩阵...
2026-04-19 02:32:36,499 - INFO - Using device: cuda:0 (physical gpu 1)
2026-04-19 02:32:36,499 - INFO - [assist_09|assist_09_abce_best_full|lr=0.0003|drop=0.20] Loading datasets...
2026-04-19 02:32:36,500 - INFO - [assist_09|assist_09_abce_best_full|lr=0.0003|drop=0.20] Regularization: graph_entropy(lambda_sparse)=0.800000, graph_diag=0.100000, graph_uniform=0.040000, personal_sparse=0.000500, personal_kl=0.040000, personal_query_residual=0.080000, alpha_penalty=0.000000, alpha_min=0.080000, prediction_l2=0.000010
2026-04-19 02:32:36,500 - INFO - [assist_09|assist_09_abce_best_full|lr=0.0003|drop=0.20] Graph controls: entropy_band=[0.25, 0.75], uniform_margin=0.10, warmup_epochs=4, cap_ratio=6.00, graph_dropout=0.000, graph_tau_init=0.550
2026-04-19 02:32:36,500 - INFO - [assist_09|assist_09_abce_best_full|lr=0.0003|drop=0.20] Personal controls: personal_max_alpha=0.280, personal_delta_scale=4.000, personal_warmup_epochs=8, personal_student_dim=32, alpha_min_target=0.0500, personal_local_hops=1, include_neighbor_rows=False, personal_support_only=True, personal_alpha_temperature=2.200, personal_alpha_budget=0.100, personal_query_row_budget=1.000, personal_neighbor_row_budget=0.350, personal_query_support_hops=1, personal_query_message_gain=1.000, personal_query_correction_scale=1.200, personal_state_lr_mult=1.000, personal_id_lr_mult=0.500, graph_propagation_alpha=0.240, graph_query_readout_scale=0.700, graph_query_readout_2hop_scale=0.240
2026-04-19 02:32:36,595 - INFO - [assist_09] [数据清洗] 学生交互次数 < 15 次的学生：共移除 313 个学生（仅统计用户数）
2026-04-19 02:32:36,609 - INFO - [assist_09] [数据清洗] 学生冷启动过滤：在 train/valid/test 中共删除 5118 条记录。
2026-04-19 02:32:36,609 - INFO - [assist_09] [数据清洗] 跳过题目冷门过滤（min_exer_interactions <= 0）。
2026-04-19 02:32:36,609 - INFO - [assist_09] [数据清洗] 跳过毒题清洗（min_poison_count <= 0）。
2026-04-19 02:32:36,609 - INFO - [assist_09] 正在构建ID映射...
2026-04-19 02:32:36,857 - INFO - [assist_09] 正在构建Q矩阵...
2026-04-19 02:32:41,675 - INFO - [assist_09] [数据清洗] Valid train-seen 过滤：before=20072, after=19875, dropped=197, coverage=99.02%
2026-04-19 02:32:41,681 - INFO - [assist_09] [数据清洗] Test train-seen 过滤：before=51610, after=51090, dropped=520, coverage=98.99%
2026-04-19 02:32:41,682 - INFO - [assist_09] [统计] 开始统计清洗后每道题的概念数量分布...
2026-04-19 02:32:41,688 - INFO - [assist_09] [Train] 概念数统计：题目数=17057, 平均概念数=1.1995, min=1, max=4, 1概念=14129 (82.83%), ≥2概念=2928 (17.17%)
2026-04-19 02:32:41,689 - INFO - [assist_09] [Train] 概念数直方图（概念数: 题目数量）: {1: 14129, 2: 2533, 3: 315, 4: 80}
2026-04-19 02:32:41,691 - INFO - [assist_09] [Valid] 概念数统计：题目数=9034, 平均概念数=1.1996, min=1, max=4, 1概念=7500 (83.02%), ≥2概念=1534 (16.98%)
2026-04-19 02:32:41,692 - INFO - [assist_09] [Valid] 概念数直方图（概念数: 题目数量）: {1: 7500, 2: 1314, 3: 171, 4: 49}
2026-04-19 02:32:41,695 - INFO - [assist_09] [Test] 概念数统计：题目数=12825, 平均概念数=1.1994, min=1, max=4, 1概念=10661 (83.13%), ≥2概念=2164 (16.87%)
2026-04-19 02:32:41,695 - INFO - [assist_09] [Test] 概念数直方图（概念数: 题目数量）: {1: 10661, 2: 1836, 3: 263, 4: 65}
2026-04-19 02:32:41,696 - INFO - [assist_09] [统计] 概念数量统计完成。
2026-04-19 02:32:41,696 - INFO - [assist_09] 正在加载数据集...
2026-04-19 02:32:41,762 - INFO - [assist_09|assist_09_abce_best_no_A|lr=0.0003|drop=0.20] Train samples: 190623, Val samples: 19875
2026-04-19 02:32:41,762 - INFO - [assist_09|assist_09_abce_best_no_A|lr=0.0003|drop=0.20] Number of students: 2180
2026-04-19 02:32:41,763 - INFO - [assist_09|assist_09_abce_best_no_A|lr=0.0003|drop=0.20] Number of exercises: 17057
2026-04-19 02:32:41,763 - INFO - [assist_09|assist_09_abce_best_no_A|lr=0.0003|drop=0.20] Number of concepts: 123
2026-04-19 02:32:41,763 - INFO - [assist_09|assist_09_abce_best_no_A|lr=0.0003|drop=0.20] Creating model...
2026-04-19 02:32:41,763 - INFO - [assist_09|assist_09_abce_best_no_A|lr=0.0003|drop=0.20] Ablation switches: ablate_module1=False | enable_module1=True | use_concept_graph=False | effective(num_gnn_layers=2)
2026-04-19 02:32:41,895 - INFO - [assist_09|assist_09_abce_best_no_A|lr=0.0003|drop=0.20] Ablation runtime check: args(ablate_module1=False) | expect(use_concept_graph=False,use_personal_graph=True) | model(enable_module1=True,use_concept_graph=False,use_personal_graph=True) | physical(has_knowledge_encoder=True,has_relation_learning=False,has_adaptive_gate=True,has_personal_generator=True)
2026-04-19 02:32:41,895 - INFO - [assist_09|assist_09_abce_best_no_A|lr=0.0003|drop=0.20] Debug diagnostics enabled: diag_batches=1
2026-04-19 02:32:41,895 - INFO - [assist_09|assist_09_abce_best_no_A|lr=0.0003|drop=0.20] [Graph Init] graph_tau_mean=0.0000, graph_tau_std=0.0000, graph_dropout=0.000, use_personal_graph=True
2026-04-19 02:32:41,896 - INFO - [assist_09|assist_09_abce_best_no_A|lr=0.0003|drop=0.20] Total parameters: 918,554
2026-04-19 02:32:41,896 - INFO - [assist_09|assist_09_abce_best_no_A|lr=0.0003|drop=0.20] Trainable parameters: 918,554
2026-04-19 02:32:42,774 - INFO - [assist_09|assist_09_abce_best_no_A|lr=0.0003|drop=0.20] Optimizer param groups: backbone@lr=0.0003, personal_state@lr=0.0003, personal_id@lr=0.00015
2026-04-19 02:32:42,774 - INFO - [assist_09|assist_09_abce_best_no_A|lr=0.0003|drop=0.20] Monitor config: scheduler=val_auc(max), best_checkpoint=val_auc(max), early_stop=val_auc(max)
2026-04-19 02:32:42,774 - INFO - [assist_09|assist_09_abce_best_no_A|lr=0.0003|drop=0.20] Starting training...
[GPU] Status: [GPU 2: 24088MiB free]
2026-04-19 02:32:42,977 - INFO - [assist_09] [数据清洗] Valid train-seen 过滤：before=20072, after=19875, dropped=197, coverage=99.02%
2026-04-19 02:32:42,986 - INFO - [assist_09] [数据清洗] Test train-seen 过滤：before=51610, after=51090, dropped=520, coverage=98.99%
2026-04-19 02:32:42,987 - INFO - [assist_09] [统计] 开始统计清洗后每道题的概念数量分布...
2026-04-19 02:32:42,993 - INFO - [assist_09] [Train] 概念数统计：题目数=17057, 平均概念数=1.1995, min=1, max=4, 1概念=14129 (82.83%), ≥2概念=2928 (17.17%)
2026-04-19 02:32:42,993 - INFO - [assist_09] [Train] 概念数直方图（概念数: 题目数量）: {1: 14129, 2: 2533, 3: 315, 4: 80}
2026-04-19 02:32:42,996 - INFO - [assist_09] [Valid] 概念数统计：题目数=9034, 平均概念数=1.1996, min=1, max=4, 1概念=7500 (83.02%), ≥2概念=1534 (16.98%)
2026-04-19 02:32:42,996 - INFO - [assist_09] [Valid] 概念数直方图（概念数: 题目数量）: {1: 7500, 2: 1314, 3: 171, 4: 49}
2026-04-19 02:32:42,999 - INFO - [assist_09] [Test] 概念数统计：题目数=12825, 平均概念数=1.1994, min=1, max=4, 1概念=10661 (83.13%), ≥2概念=2164 (16.87%)
2026-04-19 02:32:42,999 - INFO - [assist_09] [Test] 概念数直方图（概念数: 题目数量）: {1: 10661, 2: 1836, 3: 263, 4: 65}
2026-04-19 02:32:42,999 - INFO - [assist_09] [统计] 概念数量统计完成。
2026-04-19 02:32:42,999 - INFO - [assist_09] 正在加载数据集...
2026-04-19 02:32:43,020 - INFO - [assist_09] [数据清洗] Valid train-seen 过滤：before=20072, after=19875, dropped=197, coverage=99.02%
2026-04-19 02:32:43,028 - INFO - [assist_09] [数据清洗] Test train-seen 过滤：before=51610, after=51090, dropped=520, coverage=98.99%
2026-04-19 02:32:43,028 - INFO - [assist_09] [统计] 开始统计清洗后每道题的概念数量分布...
2026-04-19 02:32:43,035 - INFO - [assist_09] [Train] 概念数统计：题目数=17057, 平均概念数=1.1995, min=1, max=4, 1概念=14129 (82.83%), ≥2概念=2928 (17.17%)
2026-04-19 02:32:43,035 - INFO - [assist_09] [Train] 概念数直方图（概念数: 题目数量）: {1: 14129, 2: 2533, 3: 315, 4: 80}
2026-04-19 02:32:43,038 - INFO - [assist_09] [Valid] 概念数统计：题目数=9034, 平均概念数=1.1996, min=1, max=4, 1概念=7500 (83.02%), ≥2概念=1534 (16.98%)
2026-04-19 02:32:43,038 - INFO - [assist_09] [Valid] 概念数直方图（概念数: 题目数量）: {1: 7500, 2: 1314, 3: 171, 4: 49}
2026-04-19 02:32:43,042 - INFO - [assist_09] [Test] 概念数统计：题目数=12825, 平均概念数=1.1994, min=1, max=4, 1概念=10661 (83.13%), ≥2概念=2164 (16.87%)
2026-04-19 02:32:43,042 - INFO - [assist_09] [Test] 概念数直方图（概念数: 题目数量）: {1: 10661, 2: 1836, 3: 263, 4: 65}
2026-04-19 02:32:43,042 - INFO - [assist_09] [统计] 概念数量统计完成。
2026-04-19 02:32:43,042 - INFO - [assist_09] 正在加载数据集...
2026-04-19 02:32:43,072 - INFO - [assist_09|assist_09_abce_best_full|lr=0.0003|drop=0.20] Train samples: 190623, Val samples: 19875
2026-04-19 02:32:43,072 - INFO - [assist_09|assist_09_abce_best_full|lr=0.0003|drop=0.20] Number of students: 2180
2026-04-19 02:32:43,072 - INFO - [assist_09|assist_09_abce_best_full|lr=0.0003|drop=0.20] Number of exercises: 17057
2026-04-19 02:32:43,072 - INFO - [assist_09|assist_09_abce_best_full|lr=0.0003|drop=0.20] Number of concepts: 123
2026-04-19 02:32:43,072 - INFO - [assist_09|assist_09_abce_best_full|lr=0.0003|drop=0.20] Creating model...
2026-04-19 02:32:43,072 - INFO - [assist_09|assist_09_abce_best_full|lr=0.0003|drop=0.20] Ablation switches: ablate_module1=False | enable_module1=True | use_concept_graph=True | effective(num_gnn_layers=2)
2026-04-19 02:32:43,117 - INFO - [assist_09|assist_09_abce_best_no_E|lr=0.0003|drop=0.20] Train samples: 190623, Val samples: 19875
2026-04-19 02:32:43,117 - INFO - [assist_09|assist_09_abce_best_no_E|lr=0.0003|drop=0.20] Number of students: 2180
2026-04-19 02:32:43,117 - INFO - [assist_09|assist_09_abce_best_no_E|lr=0.0003|drop=0.20] Number of exercises: 17057
2026-04-19 02:32:43,117 - INFO - [assist_09|assist_09_abce_best_no_E|lr=0.0003|drop=0.20] Number of concepts: 123
2026-04-19 02:32:43,117 - INFO - [assist_09|assist_09_abce_best_no_E|lr=0.0003|drop=0.20] Creating model...
2026-04-19 02:32:43,118 - INFO - [assist_09|assist_09_abce_best_no_E|lr=0.0003|drop=0.20] Ablation switches: ablate_module1=False | enable_module1=True | use_concept_graph=True | effective(num_gnn_layers=2)
2026-04-19 02:32:43,283 - INFO - [assist_09|assist_09_abce_best_no_E|lr=0.0003|drop=0.20] Ablation runtime check: args(ablate_module1=False) | expect(use_concept_graph=True,use_personal_graph=False) | model(enable_module1=True,use_concept_graph=True,use_personal_graph=False) | physical(has_knowledge_encoder=True,has_relation_learning=True,has_adaptive_gate=False,has_personal_generator=False)
2026-04-19 02:32:43,283 - INFO - [assist_09|assist_09_abce_best_full|lr=0.0003|drop=0.20] Ablation runtime check: args(ablate_module1=False) | expect(use_concept_graph=True,use_personal_graph=True) | model(enable_module1=True,use_concept_graph=True,use_personal_graph=True) | physical(has_knowledge_encoder=True,has_relation_learning=True,has_adaptive_gate=True,has_personal_generator=True)
2026-04-19 02:32:43,283 - INFO - [assist_09|assist_09_abce_best_no_E|lr=0.0003|drop=0.20] Debug diagnostics enabled: diag_batches=1
2026-04-19 02:32:43,283 - INFO - [assist_09|assist_09_abce_best_full|lr=0.0003|drop=0.20] Debug diagnostics enabled: diag_batches=1
2026-04-19 02:32:43,307 - INFO - [assist_09|assist_09_abce_best_full|lr=0.0003|drop=0.20] [Graph Init] graph_tau_mean=1.0055, graph_tau_std=0.0000, graph_dropout=0.000, use_personal_graph=True
2026-04-19 02:32:43,307 - INFO - [assist_09|assist_09_abce_best_no_E|lr=0.0003|drop=0.20] [Graph Init] graph_tau_mean=1.0055, graph_tau_std=0.0000, graph_dropout=0.000, use_personal_graph=False
2026-04-19 02:32:43,307 - INFO - [assist_09|assist_09_abce_best_no_E|lr=0.0003|drop=0.20] Total parameters: 222,672
2026-04-19 02:32:43,307 - INFO - [assist_09|assist_09_abce_best_no_E|lr=0.0003|drop=0.20] Trainable parameters: 222,672
2026-04-19 02:32:43,307 - INFO - [assist_09|assist_09_abce_best_full|lr=0.0003|drop=0.20] Total parameters: 942,814
2026-04-19 02:32:43,307 - INFO - [assist_09|assist_09_abce_best_full|lr=0.0003|drop=0.20] Trainable parameters: 942,814
2026-04-19 02:32:44,228 - INFO - [assist_09|assist_09_abce_best_no_E|lr=0.0003|drop=0.20] Optimizer param groups: backbone@lr=0.0003
2026-04-19 02:32:44,228 - INFO - [assist_09|assist_09_abce_best_no_E|lr=0.0003|drop=0.20] Monitor config: scheduler=val_auc(max), best_checkpoint=val_auc(max), early_stop=val_auc(max)
2026-04-19 02:32:44,228 - INFO - [assist_09|assist_09_abce_best_no_E|lr=0.0003|drop=0.20] Starting training...
[GPU] Status: [GPU 3: 24086MiB free]
2026-04-19 02:32:44,235 - INFO - [assist_09|assist_09_abce_best_full|lr=0.0003|drop=0.20] Optimizer param groups: backbone@lr=0.0003, personal_state@lr=0.0003, personal_id@lr=0.00015
2026-04-19 02:32:44,235 - INFO - [assist_09|assist_09_abce_best_full|lr=0.0003|drop=0.20] Monitor config: scheduler=val_auc(max), best_checkpoint=val_auc(max), early_stop=val_auc(max)
2026-04-19 02:32:44,236 - INFO - [assist_09|assist_09_abce_best_full|lr=0.0003|drop=0.20] Starting training...
[GPU] Status: [GPU 1: 24088MiB free]
2026-04-19 02:33:25,353 - INFO - [assist_09|assist_09_abce_best_no_E|lr=0.0003|drop=0.20] Epoch [001/100] | Train: Loss=0.5962, BCE=0.5910, Reg=0.0052, AUC=0.6855, ACC=0.6928, RMSE=0.4497 | Val: Loss=0.5764, BCE=0.5716, Reg=0.0048, AUC=0.7270, ACC=0.7088, RMSE=0.4403
2026-04-19 02:33:25,354 - INFO - [assist_09|assist_09_abce_best_no_E|lr=0.0003|drop=0.20] [Reg Terms] Epoch [001] | Train: graph_entropy=0.000000, graph_diag=0.004483, graph_uniform=0.000737, graph_reg_scale=1.0000, prediction_l2=0.000000, personal_sparse=0.000000, alpha_var=0.000000, alpha_collapse=0.000000, reg_bce_ratio=0.0088 | Val: graph_entropy=0.000000, graph_diag=0.004025, graph_uniform=0.000742, graph_reg_scale=1.0000, prediction_l2=0.000000, personal_sparse=0.000000, alpha_var=0.000000, alpha_collapse=0.000000, reg_bce_ratio=0.0083
2026-04-19 02:33:25,522 - INFO - [assist_09|assist_09_abce_best_no_E|lr=0.0003|drop=0.20] [Diag][AE] Epoch [001] | irt_abs_mean=1.3175, irt_std=0.5666, personal_warmup_scale=1.00, graph_row_entropy=2.4532, graph_entropy_ratio=0.5098, alpha_mean=0.0000, alpha_std=0.0000, alpha_base_mean=0.0000, alpha_delta_absmean=0.0000, alpha_saturation_ratio=0.0000, alpha_bias_std=NA, alpha_state_path=0.0000, alpha_id_path=0.0000, alpha_bias_path=0.0000, head_bias_path=0.0000, personal_row_entropy=0.0000, personal_matrix_delta=0.0000, personal_matrix_student_std=0.0000, personal_delta_pre_softmax_norm=0.0000, personal_delta_student_std=0.0000, alpha_head_std=0.0000, query_row_global_readout_delta=0.1151, query_row_personal_message_delta=0.0000, query_row_posterior_delta_abs=0.0000, query_row_posterior_kl=0.0000, query_row_delta_local_rms_raw=0.0000, query_row_message_projection_gain=0.0000, personal_to_graph_query_ratio=0.0000, query_row_global_support_mass=0.8411, query_row_personal_support_mass=0.0000, neighbor_row_personal_delta=0.0000, personal_row_budget_mean=0.0000, personal_query_row_std=0.0000, readout_query_support_mass=0.8411, personal_student_mix=0.0000, personal_student_adapter=0.0000, local_row_ratio=0.0000, support_density=0.0000, readout_query_delta=0.1151, personal_bad_rows_active=0.00, personal_fallback_rows_active=0.00, personal_bad_row_rate_active=0.0000, personal_padded_rows=0.00, personal_logits_support_absmax=0.0000, personal_query_trust_scale_mean=1.0000, personal_bad_rows_legacy=0.00, personal_fallback_rows_legacy=0.00, personal_logits_absmax_legacy=0.0000
2026-04-19 02:33:25,522 - INFO - [assist_09|assist_09_abce_best_no_E|lr=0.0003|drop=0.20] [Diag][A] Epoch [001] | entropy_ratio=0.5098, diag_mass=0.1610, to_uniform_l2=0.025786, to_identity_l2=0.079015, relation_identity_delta=0.079015, knowledge_state_graph_delta=0.590632, knowledge_state_personal_delta=0.000000, share_concept_embeddings=True, tau_mean=0.8374, tau_std=0.0023, graph_reg_scale(train/val)=1.0000/1.0000
2026-04-19 02:33:25,522 - INFO - [assist_09|assist_09_abce_best_no_E|lr=0.0003|drop=0.20] [Grad Norms] Epoch [001] | relation_emb=2.012485e-01, relation_tau=6.447269e-06, relation_wq=1.217456e-04, relation_wk=1.069415e-04, personal_u=0.000000e+00, personal_v=0.000000e+00, personal_alpha_bias=0.000000e+00, personal_gate_emb=0.000000e+00, personal_gate_state_proj=0.000000e+00, personal_gate_context_proj=0.000000e+00, personal_gate_state_direct=0.000000e+00, personal_gate_id_direct=0.000000e+00, personal_gate_context_direct=0.000000e+00, personal_gate_out=0.000000e+00, personal_generator_emb=0.000000e+00, personal_generator_context_proj=0.000000e+00, personal_generator_context_hidden=0.000000e+00, personal_generator_context_to_u=0.000000e+00, personal_generator_context_to_v=0.000000e+00, personal_generator_state_row=0.000000e+00, personal_generator_state_col=0.000000e+00, personal_generator_id_row=0.000000e+00, personal_generator_id_col=0.000000e+00, personal_generator_state_adapter=0.000000e+00, personal_generator_id_adapter=0.000000e+00, personal_generator_context_adapter=0.000000e+00, personal_generator_direct_scale=0.000000e+00
2026-04-19 02:33:25,714 - INFO - [assist_09|assist_09_abce_best_no_E|lr=0.0003|drop=0.20] -> New best AUC=0.7270 at epoch 1
2026-04-19 02:34:06,154 - INFO - [assist_09|assist_09_abce_best_full|lr=0.0003|drop=0.20] Epoch [001/100] | Train: Loss=0.5960, BCE=0.5901, Reg=0.0059, AUC=0.6883, ACC=0.6933, RMSE=0.4492 | Val: Loss=0.5780, BCE=0.5726, Reg=0.0054, AUC=0.7263, ACC=0.7082, RMSE=0.4408
2026-04-19 02:34:06,155 - INFO - [assist_09|assist_09_abce_best_full|lr=0.0003|drop=0.20] [Reg Terms] Epoch [001] | Train: graph_entropy=0.000000, graph_diag=0.004468, graph_uniform=0.000737, graph_reg_scale=1.0000, prediction_l2=0.000000, personal_sparse=0.000038, alpha_var=0.000000, alpha_collapse=0.000335, reg_bce_ratio=0.0100 | Val: graph_entropy=0.000000, graph_diag=0.004000, graph_uniform=0.000742, graph_reg_scale=1.0000, prediction_l2=0.000000, personal_sparse=0.000045, alpha_var=0.000000, alpha_collapse=0.000294, reg_bce_ratio=0.0094
2026-04-19 02:34:06,336 - INFO - [assist_09|assist_09_abce_best_full|lr=0.0003|drop=0.20] [Diag][AE] Epoch [001] | irt_abs_mean=1.3742, irt_std=0.5642, personal_warmup_scale=0.12, graph_row_entropy=2.4539, graph_entropy_ratio=0.5099, alpha_mean=0.0511, alpha_std=0.0207, alpha_base_mean=0.0511, alpha_delta_absmean=0.0985, alpha_saturation_ratio=0.0000, alpha_bias_std=NA, alpha_state_path=5.4552, alpha_id_path=0.0000, alpha_bias_path=0.0000, head_bias_path=1.5116, personal_row_entropy=1.6969, personal_matrix_delta=0.0842, personal_matrix_student_std=0.0511, personal_delta_pre_softmax_norm=2.3434, personal_delta_student_std=1.2023, alpha_head_std=0.0207, query_row_global_readout_delta=0.1042, query_row_personal_message_delta=0.0038, query_row_posterior_delta_abs=0.0842, query_row_posterior_kl=0.0580, query_row_delta_local_rms_raw=0.0630, query_row_message_projection_gain=0.7491, personal_to_graph_query_ratio=0.0364, query_row_global_support_mass=0.7197, query_row_personal_support_mass=0.7197, neighbor_row_personal_delta=0.0000, personal_row_budget_mean=1.0000, personal_query_row_std=0.0955, readout_query_support_mass=0.7197, personal_student_mix=0.0075, personal_student_adapter=0.0170, local_row_ratio=0.1867, support_density=0.4010, readout_query_delta=0.1031, personal_bad_rows_active=0.00, personal_fallback_rows_active=0.00, personal_bad_row_rate_active=0.0000, personal_padded_rows=460.00, personal_logits_support_absmax=5.6684, personal_query_trust_scale_mean=1.0000, personal_bad_rows_legacy=460.00, personal_fallback_rows_legacy=460.00, personal_logits_absmax_legacy=30.0000
2026-04-19 02:34:06,336 - INFO - [assist_09|assist_09_abce_best_full|lr=0.0003|drop=0.20] [Diag][A] Epoch [001] | entropy_ratio=0.5099, diag_mass=0.1600, to_uniform_l2=0.025759, to_identity_l2=0.079110, relation_identity_delta=0.079110, knowledge_state_graph_delta=0.601698, knowledge_state_personal_delta=0.000000, share_concept_embeddings=True, tau_mean=0.8356, tau_std=0.0024, graph_reg_scale(train/val)=1.0000/1.0000
2026-04-19 02:34:06,336 - INFO - [assist_09|assist_09_abce_best_full|lr=0.0003|drop=0.20] [Grad Norms] Epoch [001] | relation_emb=2.052941e-01, relation_tau=1.397795e-05, relation_wq=1.010967e-04, relation_wk=1.131557e-04, personal_u=4.430721e-03, personal_v=3.273090e-03, personal_alpha_bias=0.000000e+00, personal_gate_emb=8.169135e-13, personal_gate_state_proj=2.314010e-08, personal_gate_context_proj=7.862237e-08, personal_gate_state_direct=1.680235e-05, personal_gate_id_direct=3.374855e-12, personal_gate_context_direct=5.662368e-05, personal_gate_out=2.870457e-08, personal_generator_emb=3.631495e-14, personal_generator_context_proj=5.423169e-15, personal_generator_context_hidden=2.859668e-16, personal_generator_context_to_u=1.859920e-11, personal_generator_context_to_v=1.182935e-11, personal_generator_state_row=8.728360e-08, personal_generator_state_col=5.723888e-08, personal_generator_id_row=2.247998e-10, personal_generator_id_col=1.662271e-10, personal_generator_state_adapter=1.842163e-11, personal_generator_id_adapter=3.021054e-17, personal_generator_context_adapter=7.410115e-19, personal_generator_direct_scale=9.155125e-08
2026-04-19 02:34:06,548 - INFO - [assist_09|assist_09_abce_best_full|lr=0.0003|drop=0.20] -> New best AUC=0.7263 at epoch 1
2026-04-19 02:34:06,696 - INFO - [assist_09|assist_09_abce_best_no_E|lr=0.0003|drop=0.20] Epoch [002/100] | Train: Loss=0.5645, BCE=0.5571, Reg=0.0075, AUC=0.7386, ACC=0.7172, RMSE=0.4334 | Val: Loss=0.5686, BCE=0.5637, Reg=0.0049, AUC=0.7340, ACC=0.7119, RMSE=0.4368
2026-04-19 02:34:06,696 - INFO - [assist_09|assist_09_abce_best_no_E|lr=0.0003|drop=0.20] [Reg Terms] Epoch [002] | Train: graph_entropy=0.000000, graph_diag=0.005957, graph_uniform=0.001501, graph_reg_scale=1.0000, prediction_l2=0.000000, personal_sparse=0.000000, alpha_var=0.000000, alpha_collapse=0.000000, reg_bce_ratio=0.0134 | Val: graph_entropy=0.000000, graph_diag=0.003386, graph_uniform=0.001518, graph_reg_scale=1.0000, prediction_l2=0.000000, personal_sparse=0.000000, alpha_var=0.000000, alpha_collapse=0.000000, reg_bce_ratio=0.0087
2026-04-19 02:34:06,866 - INFO - [assist_09|assist_09_abce_best_no_E|lr=0.0003|drop=0.20] [Diag][AE] Epoch [002] | irt_abs_mean=1.3829, irt_std=0.6214, personal_warmup_scale=1.00, graph_row_entropy=2.5398, graph_entropy_ratio=0.5278, alpha_mean=0.0000, alpha_std=0.0000, alpha_base_mean=0.0000, alpha_delta_absmean=0.0000, alpha_saturation_ratio=0.0000, alpha_bias_std=NA, alpha_state_path=0.0000, alpha_id_path=0.0000, alpha_bias_path=0.0000, head_bias_path=0.0000, personal_row_entropy=0.0000, personal_matrix_delta=0.0000, personal_matrix_student_std=0.0000, personal_delta_pre_softmax_norm=0.0000, personal_delta_student_std=0.0000, alpha_head_std=0.0000, query_row_global_readout_delta=0.0716, query_row_personal_message_delta=0.0000, query_row_posterior_delta_abs=0.0000, query_row_posterior_kl=0.0000, query_row_delta_local_rms_raw=0.0000, query_row_message_projection_gain=0.0000, personal_to_graph_query_ratio=0.0000, query_row_global_support_mass=0.8017, query_row_personal_support_mass=0.0000, neighbor_row_personal_delta=0.0000, personal_row_budget_mean=0.0000, personal_query_row_std=0.0000, readout_query_support_mass=0.8017, personal_student_mix=0.0000, personal_student_adapter=0.0000, local_row_ratio=0.0000, support_density=0.0000, readout_query_delta=0.0716, personal_bad_rows_active=0.00, personal_fallback_rows_active=0.00, personal_bad_row_rate_active=0.0000, personal_padded_rows=0.00, personal_logits_support_absmax=0.0000, personal_query_trust_scale_mean=1.0000, personal_bad_rows_legacy=0.00, personal_fallback_rows_legacy=0.00, personal_logits_absmax_legacy=0.0000
2026-04-19 02:34:06,866 - INFO - [assist_09|assist_09_abce_best_no_E|lr=0.0003|drop=0.20] [Diag][A] Epoch [002] | entropy_ratio=0.5278, diag_mass=0.0677, to_uniform_l2=0.024087, to_identity_l2=0.087607, relation_identity_delta=0.087607, knowledge_state_graph_delta=0.626634, knowledge_state_personal_delta=0.000000, share_concept_embeddings=True, tau_mean=0.6020, tau_std=0.0054, graph_reg_scale(train/val)=1.0000/1.0000
2026-04-19 02:34:06,867 - INFO - [assist_09|assist_09_abce_best_no_E|lr=0.0003|drop=0.20] [Grad Norms] Epoch [002] | relation_emb=2.033903e-01, relation_tau=6.013171e-05, relation_wq=1.944198e-04, relation_wk=2.336551e-04, personal_u=0.000000e+00, personal_v=0.000000e+00, personal_alpha_bias=0.000000e+00, personal_gate_emb=0.000000e+00, personal_gate_state_proj=0.000000e+00, personal_gate_context_proj=0.000000e+00, personal_gate_state_direct=0.000000e+00, personal_gate_id_direct=0.000000e+00, personal_gate_context_direct=0.000000e+00, personal_gate_out=0.000000e+00, personal_generator_emb=0.000000e+00, personal_generator_context_proj=0.000000e+00, personal_generator_context_hidden=0.000000e+00, personal_generator_context_to_u=0.000000e+00, personal_generator_context_to_v=0.000000e+00, personal_generator_state_row=0.000000e+00, personal_generator_state_col=0.000000e+00, personal_generator_id_row=0.000000e+00, personal_generator_id_col=0.000000e+00, personal_generator_state_adapter=0.000000e+00, personal_generator_id_adapter=0.000000e+00, personal_generator_context_adapter=0.000000e+00, personal_generator_direct_scale=0.000000e+00
2026-04-19 02:34:07,135 - INFO - [assist_09|assist_09_abce_best_no_E|lr=0.0003|drop=0.20] -> New best AUC=0.7340 at epoch 2
2026-04-19 02:34:21,803 - INFO - [assist_09|assist_09_abce_best_no_A|lr=0.0003|drop=0.20] Epoch [001/100] | Train: Loss=0.5985, BCE=0.5979, Reg=0.0006, AUC=0.6736, ACC=0.6830, RMSE=0.4532 | Val: Loss=0.5685, BCE=0.5679, Reg=0.0005, AUC=0.7278, ACC=0.7093, RMSE=0.4387
2026-04-19 02:34:21,803 - INFO - [assist_09|assist_09_abce_best_no_A|lr=0.0003|drop=0.20] [Reg Terms] Epoch [001] | Train: graph_entropy=0.000000, graph_diag=0.000000, graph_uniform=0.000000, graph_reg_scale=1.0000, prediction_l2=0.000000, personal_sparse=0.000001, alpha_var=0.000000, alpha_collapse=0.000331, reg_bce_ratio=0.0010 | Val: graph_entropy=0.000000, graph_diag=0.000000, graph_uniform=0.000000, graph_reg_scale=1.0000, prediction_l2=0.000000, personal_sparse=0.000001, alpha_var=0.000000, alpha_collapse=0.000286, reg_bce_ratio=0.0010
2026-04-19 02:34:21,973 - INFO - [assist_09|assist_09_abce_best_no_A|lr=0.0003|drop=0.20] [Diag][AE] Epoch [001] | irt_abs_mean=1.2777, irt_std=0.5824, personal_warmup_scale=0.12, graph_row_entropy=0.0000, graph_entropy_ratio=0.0000, alpha_mean=0.0510, alpha_std=0.0219, alpha_base_mean=0.0510, alpha_delta_absmean=0.0983, alpha_saturation_ratio=0.0000, alpha_bias_std=NA, alpha_state_path=5.4811, alpha_id_path=0.0000, alpha_bias_path=0.0000, head_bias_path=1.5194, personal_row_entropy=0.0244, personal_matrix_delta=0.0863, personal_matrix_student_std=0.1637, personal_delta_pre_softmax_norm=1.7725, personal_delta_student_std=0.6433, alpha_head_std=0.0219, query_row_global_readout_delta=0.0000, query_row_personal_message_delta=0.0017, query_row_posterior_delta_abs=0.0863, query_row_posterior_kl=0.0579, query_row_delta_local_rms_raw=0.0526, query_row_message_projection_gain=0.6091, personal_to_graph_query_ratio=0.0000, query_row_global_support_mass=0.0000, query_row_personal_support_mass=0.0000, neighbor_row_personal_delta=0.0000, personal_row_budget_mean=1.0000, personal_query_row_std=0.9623, readout_query_support_mass=0.0000, personal_student_mix=0.0075, personal_student_adapter=0.0170, local_row_ratio=0.0098, support_density=0.1840, readout_query_delta=0.0017, personal_bad_rows_active=0.00, personal_fallback_rows_active=0.00, personal_bad_row_rate_active=0.0000, personal_padded_rows=460.00, personal_logits_support_absmax=4.1174, personal_query_trust_scale_mean=0.9180, personal_bad_rows_legacy=460.00, personal_fallback_rows_legacy=460.00, personal_logits_absmax_legacy=30.0000
2026-04-19 02:34:21,973 - INFO - [assist_09|assist_09_abce_best_no_A|lr=0.0003|drop=0.20] [Diag][A] Epoch [001] | entropy_ratio=0.0000, diag_mass=1.0000, to_uniform_l2=0.089800, to_identity_l2=0.000000, relation_identity_delta=0.000000, knowledge_state_graph_delta=0.000000, knowledge_state_personal_delta=0.000000, share_concept_embeddings=True, tau_mean=0.0000, tau_std=0.0000, graph_reg_scale(train/val)=1.0000/1.0000
2026-04-19 02:34:21,973 - INFO - [assist_09|assist_09_abce_best_no_A|lr=0.0003|drop=0.20] [Grad Norms] Epoch [001] | relation_emb=0.000000e+00, relation_tau=0.000000e+00, relation_wq=0.000000e+00, relation_wk=0.000000e+00, personal_u=5.270193e-04, personal_v=2.966357e-04, personal_alpha_bias=0.000000e+00, personal_gate_emb=8.748738e-15, personal_gate_state_proj=1.507709e-09, personal_gate_context_proj=2.382767e-09, personal_gate_state_direct=7.748905e-06, personal_gate_id_direct=3.765153e-13, personal_gate_context_direct=1.231909e-05, personal_gate_out=1.256435e-08, personal_generator_emb=1.131090e-17, personal_generator_context_proj=3.738923e-17, personal_generator_context_hidden=2.002608e-18, personal_generator_context_to_u=9.732360e-13, personal_generator_context_to_v=6.866353e-13, personal_generator_state_row=4.704080e-09, personal_generator_state_col=3.318812e-09, personal_generator_id_row=2.217151e-11, personal_generator_id_col=1.564239e-11, personal_generator_state_adapter=4.563126e-15, personal_generator_id_adapter=2.376964e-21, personal_generator_context_adapter=3.526560e-21, personal_generator_direct_scale=9.839668e-11
2026-04-19 02:34:22,115 - INFO - [assist_09|assist_09_abce_best_no_A|lr=0.0003|drop=0.20] -> New best AUC=0.7278 at epoch 1
2026-04-19 02:34:48,157 - INFO - [assist_09|assist_09_abce_best_no_E|lr=0.0003|drop=0.20] Epoch [003/100] | Train: Loss=0.5532, BCE=0.5470, Reg=0.0062, AUC=0.7508, ACC=0.7223, RMSE=0.4289 | Val: Loss=0.5665, BCE=0.5604, Reg=0.0060, AUC=0.7385, ACC=0.7138, RMSE=0.4355
2026-04-19 02:34:48,157 - INFO - [assist_09|assist_09_abce_best_no_E|lr=0.0003|drop=0.20] [Reg Terms] Epoch [003] | Train: graph_entropy=0.000000, graph_diag=0.003907, graph_uniform=0.002285, graph_reg_scale=1.0000, prediction_l2=0.000000, personal_sparse=0.000000, alpha_var=0.000000, alpha_collapse=0.000000, reg_bce_ratio=0.0113 | Val: graph_entropy=0.000000, graph_diag=0.003750, graph_uniform=0.002286, graph_reg_scale=1.0000, prediction_l2=0.000000, personal_sparse=0.000000, alpha_var=0.000000, alpha_collapse=0.000000, reg_bce_ratio=0.0108
2026-04-19 02:34:48,312 - INFO - [assist_09|assist_09_abce_best_no_E|lr=0.0003|drop=0.20] [Diag][AE] Epoch [003] | irt_abs_mean=1.3962, irt_std=0.6519, personal_warmup_scale=1.00, graph_row_entropy=2.5592, graph_entropy_ratio=0.5318, alpha_mean=0.0000, alpha_std=0.0000, alpha_base_mean=0.0000, alpha_delta_absmean=0.0000, alpha_saturation_ratio=0.0000, alpha_bias_std=NA, alpha_state_path=0.0000, alpha_id_path=0.0000, alpha_bias_path=0.0000, head_bias_path=0.0000, personal_row_entropy=0.0000, personal_matrix_delta=0.0000, personal_matrix_student_std=0.0000, personal_delta_pre_softmax_norm=0.0000, personal_delta_student_std=0.0000, alpha_head_std=0.0000, query_row_global_readout_delta=0.0692, query_row_personal_message_delta=0.0000, query_row_posterior_delta_abs=0.0000, query_row_posterior_kl=0.0000, query_row_delta_local_rms_raw=0.0000, query_row_message_projection_gain=0.0000, personal_to_graph_query_ratio=0.0000, query_row_global_support_mass=0.8732, query_row_personal_support_mass=0.0000, neighbor_row_personal_delta=0.0000, personal_row_budget_mean=0.0000, personal_query_row_std=0.0000, readout_query_support_mass=0.8732, personal_student_mix=0.0000, personal_student_adapter=0.0000, local_row_ratio=0.0000, support_density=0.0000, readout_query_delta=0.0692, personal_bad_rows_active=0.00, personal_fallback_rows_active=0.00, personal_bad_row_rate_active=0.0000, personal_padded_rows=0.00, personal_logits_support_absmax=0.0000, personal_query_trust_scale_mean=1.0000, personal_bad_rows_legacy=0.00, personal_fallback_rows_legacy=0.00, personal_logits_absmax_legacy=0.0000
2026-04-19 02:34:48,312 - INFO - [assist_09|assist_09_abce_best_no_E|lr=0.0003|drop=0.20] [Diag][A] Epoch [003] | entropy_ratio=0.5318, diag_mass=0.0500, to_uniform_l2=0.023784, to_identity_l2=0.089156, relation_identity_delta=0.089156, knowledge_state_graph_delta=0.642931, knowledge_state_personal_delta=0.000000, share_concept_embeddings=True, tau_mean=0.6103, tau_std=0.0119, graph_reg_scale(train/val)=1.0000/1.0000
2026-04-19 02:34:48,312 - INFO - [assist_09|assist_09_abce_best_no_E|lr=0.0003|drop=0.20] [Grad Norms] Epoch [003] | relation_emb=2.835390e-01, relation_tau=7.208047e-06, relation_wq=3.820559e-05, relation_wk=4.910482e-05, personal_u=0.000000e+00, personal_v=0.000000e+00, personal_alpha_bias=0.000000e+00, personal_gate_emb=0.000000e+00, personal_gate_state_proj=0.000000e+00, personal_gate_context_proj=0.000000e+00, personal_gate_state_direct=0.000000e+00, personal_gate_id_direct=0.000000e+00, personal_gate_context_direct=0.000000e+00, personal_gate_out=0.000000e+00, personal_generator_emb=0.000000e+00, personal_generator_context_proj=0.000000e+00, personal_generator_context_hidden=0.000000e+00, personal_generator_context_to_u=0.000000e+00, personal_generator_context_to_v=0.000000e+00, personal_generator_state_row=0.000000e+00, personal_generator_state_col=0.000000e+00, personal_generator_id_row=0.000000e+00, personal_generator_id_col=0.000000e+00, personal_generator_state_adapter=0.000000e+00, personal_generator_id_adapter=0.000000e+00, personal_generator_context_adapter=0.000000e+00, personal_generator_direct_scale=0.000000e+00
2026-04-19 02:34:48,559 - INFO - [assist_09|assist_09_abce_best_no_E|lr=0.0003|drop=0.20] -> New best AUC=0.7385 at epoch 3
2026-04-19 02:35:29,528 - INFO - [assist_09|assist_09_abce_best_full|lr=0.0003|drop=0.20] Epoch [002/100] | Train: Loss=0.5651, BCE=0.5568, Reg=0.0082, AUC=0.7392, ACC=0.7177, RMSE=0.4333 | Val: Loss=0.5686, BCE=0.5633, Reg=0.0054, AUC=0.7341, ACC=0.7122, RMSE=0.4367
2026-04-19 02:35:29,528 - INFO - [assist_09|assist_09_abce_best_full|lr=0.0003|drop=0.20] [Reg Terms] Epoch [002] | Train: graph_entropy=0.000000, graph_diag=0.005826, graph_uniform=0.001502, graph_reg_scale=1.0000, prediction_l2=0.000000, personal_sparse=0.000076, alpha_var=0.000000, alpha_collapse=0.000227, reg_bce_ratio=0.0148 | Val: graph_entropy=0.000000, graph_diag=0.003000, graph_uniform=0.001521, graph_reg_scale=1.0000, prediction_l2=0.000000, personal_sparse=0.000095, alpha_var=0.000000, alpha_collapse=0.000130, reg_bce_ratio=0.0095
2026-04-19 02:35:29,698 - INFO - [assist_09|assist_09_abce_best_full|lr=0.0003|drop=0.20] [Diag][AE] Epoch [002] | irt_abs_mean=1.3942, irt_std=0.6246, personal_warmup_scale=0.25, graph_row_entropy=2.5483, graph_entropy_ratio=0.5295, alpha_mean=0.0540, alpha_std=0.0436, alpha_base_mean=0.0540, alpha_delta_absmean=0.0990, alpha_saturation_ratio=0.0000, alpha_bias_std=NA, alpha_state_path=5.8975, alpha_id_path=0.0000, alpha_bias_path=0.0000, head_bias_path=1.4919, personal_row_entropy=1.7961, personal_matrix_delta=0.0839, personal_matrix_student_std=0.0489, personal_delta_pre_softmax_norm=2.3476, personal_delta_student_std=1.1718, alpha_head_std=0.0436, query_row_global_readout_delta=0.0666, query_row_personal_message_delta=0.0027, query_row_posterior_delta_abs=0.0839, query_row_posterior_kl=0.0599, query_row_delta_local_rms_raw=0.0405, query_row_message_projection_gain=0.4822, personal_to_graph_query_ratio=0.0410, query_row_global_support_mass=0.7622, query_row_personal_support_mass=0.7622, neighbor_row_personal_delta=0.0000, personal_row_budget_mean=1.0000, personal_query_row_std=0.0870, readout_query_support_mass=0.7622, personal_student_mix=0.0109, personal_student_adapter=0.0226, local_row_ratio=0.1937, support_density=0.3974, readout_query_delta=0.0658, personal_bad_rows_active=0.00, personal_fallback_rows_active=0.00, personal_bad_row_rate_active=0.0000, personal_padded_rows=460.00, personal_logits_support_absmax=5.9364, personal_query_trust_scale_mean=1.0000, personal_bad_rows_legacy=460.00, personal_fallback_rows_legacy=460.00, personal_logits_absmax_legacy=30.0000
2026-04-19 02:35:29,699 - INFO - [assist_09|assist_09_abce_best_full|lr=0.0003|drop=0.20] [Diag][A] Epoch [002] | entropy_ratio=0.5295, diag_mass=0.0600, to_uniform_l2=0.023956, to_identity_l2=0.088285, relation_identity_delta=0.088285, knowledge_state_graph_delta=0.635444, knowledge_state_personal_delta=0.000000, share_concept_embeddings=True, tau_mean=0.6140, tau_std=0.0234, graph_reg_scale(train/val)=1.0000/1.0000
2026-04-19 02:35:29,699 - INFO - [assist_09|assist_09_abce_best_full|lr=0.0003|drop=0.20] [Grad Norms] Epoch [002] | relation_emb=2.271761e-01, relation_tau=2.151333e-04, relation_wq=1.754756e-04, relation_wk=3.559002e-04, personal_u=3.552476e-03, personal_v=2.921162e-03, personal_alpha_bias=0.000000e+00, personal_gate_emb=1.010569e-16, personal_gate_state_proj=1.295693e-11, personal_gate_context_proj=2.787119e-11, personal_gate_state_direct=1.208107e-05, personal_gate_id_direct=1.990632e-14, personal_gate_context_direct=3.265858e-05, personal_gate_out=2.140076e-09, personal_generator_emb=7.545497e-16, personal_generator_context_proj=0.000000e+00, personal_generator_context_hidden=0.000000e+00, personal_generator_context_to_u=1.902863e-17, personal_generator_context_to_v=1.855483e-17, personal_generator_state_row=6.523702e-08, personal_generator_state_col=5.571700e-08, personal_generator_id_row=2.083060e-12, personal_generator_id_col=1.812028e-12, personal_generator_state_adapter=2.272641e-12, personal_generator_id_adapter=8.189486e-21, personal_generator_context_adapter=1.847669e-30, personal_generator_direct_scale=4.533686e-07
2026-04-19 02:35:30,013 - INFO - [assist_09|assist_09_abce_best_full|lr=0.0003|drop=0.20] -> New best AUC=0.7341 at epoch 2
2026-04-19 02:35:30,653 - INFO - [assist_09|assist_09_abce_best_no_E|lr=0.0003|drop=0.20] Epoch [004/100] | Train: Loss=0.5458, BCE=0.5377, Reg=0.0080, AUC=0.7615, ACC=0.7281, RMSE=0.4248 | Val: Loss=0.5630, BCE=0.5550, Reg=0.0080, AUC=0.7432, ACC=0.7155, RMSE=0.4329
2026-04-19 02:35:30,653 - INFO - [assist_09|assist_09_abce_best_no_E|lr=0.0003|drop=0.20] [Reg Terms] Epoch [004] | Train: graph_entropy=0.000000, graph_diag=0.005000, graph_uniform=0.003049, graph_reg_scale=1.0000, prediction_l2=0.000000, personal_sparse=0.000000, alpha_var=0.000000, alpha_collapse=0.000000, reg_bce_ratio=0.0150 | Val: graph_entropy=0.000000, graph_diag=0.005000, graph_uniform=0.003049, graph_reg_scale=1.0000, prediction_l2=0.000000, personal_sparse=0.000000, alpha_var=0.000000, alpha_collapse=0.000000, reg_bce_ratio=0.0145
2026-04-19 02:35:30,805 - INFO - [assist_09|assist_09_abce_best_no_E|lr=0.0003|drop=0.20] [Diag][AE] Epoch [004] | irt_abs_mean=1.3933, irt_std=0.7051, personal_warmup_scale=1.00, graph_row_entropy=2.5592, graph_entropy_ratio=0.5318, alpha_mean=0.0000, alpha_std=0.0000, alpha_base_mean=0.0000, alpha_delta_absmean=0.0000, alpha_saturation_ratio=0.0000, alpha_bias_std=NA, alpha_state_path=0.0000, alpha_id_path=0.0000, alpha_bias_path=0.0000, head_bias_path=0.0000, personal_row_entropy=0.0000, personal_matrix_delta=0.0000, personal_matrix_student_std=0.0000, personal_delta_pre_softmax_norm=0.0000, personal_delta_student_std=0.0000, alpha_head_std=0.0000, query_row_global_readout_delta=0.0512, query_row_personal_message_delta=0.0000, query_row_posterior_delta_abs=0.0000, query_row_posterior_kl=0.0000, query_row_delta_local_rms_raw=0.0000, query_row_message_projection_gain=0.0000, personal_to_graph_query_ratio=0.0000, query_row_global_support_mass=1.0269, query_row_personal_support_mass=0.0000, neighbor_row_personal_delta=0.0000, personal_row_budget_mean=0.0000, personal_query_row_std=0.0000, readout_query_support_mass=1.0269, personal_student_mix=0.0000, personal_student_adapter=0.0000, local_row_ratio=0.0000, support_density=0.0000, readout_query_delta=0.0512, personal_bad_rows_active=0.00, personal_fallback_rows_active=0.00, personal_bad_row_rate_active=0.0000, personal_padded_rows=0.00, personal_logits_support_absmax=0.0000, personal_query_trust_scale_mean=1.0000, personal_bad_rows_legacy=0.00, personal_fallback_rows_legacy=0.00, personal_logits_absmax_legacy=0.0000
2026-04-19 02:35:30,806 - INFO - [assist_09|assist_09_abce_best_no_E|lr=0.0003|drop=0.20] [Diag][A] Epoch [004] | entropy_ratio=0.5318, diag_mass=0.0500, to_uniform_l2=0.023784, to_identity_l2=0.089156, relation_identity_delta=0.089156, knowledge_state_graph_delta=0.666462, knowledge_state_personal_delta=0.000000, share_concept_embeddings=True, tau_mean=0.6298, tau_std=0.0160, graph_reg_scale(train/val)=1.0000/1.0000
2026-04-19 02:35:30,806 - INFO - [assist_09|assist_09_abce_best_no_E|lr=0.0003|drop=0.20] [Grad Norms] Epoch [004] | relation_emb=3.092986e-01, relation_tau=7.456983e-09, relation_wq=2.871848e-06, relation_wk=3.755153e-06, personal_u=0.000000e+00, personal_v=0.000000e+00, personal_alpha_bias=0.000000e+00, personal_gate_emb=0.000000e+00, personal_gate_state_proj=0.000000e+00, personal_gate_context_proj=0.000000e+00, personal_gate_state_direct=0.000000e+00, personal_gate_id_direct=0.000000e+00, personal_gate_context_direct=0.000000e+00, personal_gate_out=0.000000e+00, personal_generator_emb=0.000000e+00, personal_generator_context_proj=0.000000e+00, personal_generator_context_hidden=0.000000e+00, personal_generator_context_to_u=0.000000e+00, personal_generator_context_to_v=0.000000e+00, personal_generator_state_row=0.000000e+00, personal_generator_state_col=0.000000e+00, personal_generator_id_row=0.000000e+00, personal_generator_id_col=0.000000e+00, personal_generator_state_adapter=0.000000e+00, personal_generator_id_adapter=0.000000e+00, personal_generator_context_adapter=0.000000e+00, personal_generator_direct_scale=0.000000e+00
2026-04-19 02:35:31,050 - INFO - [assist_09|assist_09_abce_best_no_E|lr=0.0003|drop=0.20] -> New best AUC=0.7432 at epoch 4
2026-04-19 02:35:52,879 - INFO - [assist_09|assist_09_abce_best_no_A|lr=0.0003|drop=0.20] Epoch [002/100] | Train: Loss=0.5573, BCE=0.5566, Reg=0.0007, AUC=0.7392, ACC=0.7177, RMSE=0.4332 | Val: Loss=0.5622, BCE=0.5616, Reg=0.0006, AUC=0.7354, ACC=0.7150, RMSE=0.4359
2026-04-19 02:35:52,880 - INFO - [assist_09|assist_09_abce_best_no_A|lr=0.0003|drop=0.20] [Reg Terms] Epoch [002] | Train: graph_entropy=0.000000, graph_diag=0.000000, graph_uniform=0.000000, graph_reg_scale=1.0000, prediction_l2=0.000000, personal_sparse=0.000001, alpha_var=0.000000, alpha_collapse=0.000184, reg_bce_ratio=0.0013 | Val: graph_entropy=0.000000, graph_diag=0.000000, graph_uniform=0.000000, graph_reg_scale=1.0000, prediction_l2=0.000000, personal_sparse=0.000001, alpha_var=0.000000, alpha_collapse=0.000083, reg_bce_ratio=0.0011
2026-04-19 02:35:53,071 - INFO - [assist_09|assist_09_abce_best_no_A|lr=0.0003|drop=0.20] [Diag][AE] Epoch [002] | irt_abs_mean=1.3443, irt_std=0.6419, personal_warmup_scale=0.25, graph_row_entropy=0.0000, graph_entropy_ratio=0.0000, alpha_mean=0.0543, alpha_std=0.0464, alpha_base_mean=0.0543, alpha_delta_absmean=0.0992, alpha_saturation_ratio=0.0000, alpha_bias_std=NA, alpha_state_path=6.1736, alpha_id_path=0.0000, alpha_bias_path=0.0000, head_bias_path=1.5057, personal_row_entropy=0.0328, personal_matrix_delta=0.0848, personal_matrix_student_std=0.1559, personal_delta_pre_softmax_norm=1.7777, personal_delta_student_std=0.6493, alpha_head_std=0.0464, query_row_global_readout_delta=0.0000, query_row_personal_message_delta=0.0017, query_row_posterior_delta_abs=0.0848, query_row_posterior_kl=0.0568, query_row_delta_local_rms_raw=0.0464, query_row_message_projection_gain=0.5468, personal_to_graph_query_ratio=0.0000, query_row_global_support_mass=0.0000, query_row_personal_support_mass=0.0000, neighbor_row_personal_delta=0.0000, personal_row_budget_mean=1.0000, personal_query_row_std=0.9678, readout_query_support_mass=0.0000, personal_student_mix=0.0109, personal_student_adapter=0.0226, local_row_ratio=0.0098, support_density=0.1840, readout_query_delta=0.0017, personal_bad_rows_active=0.00, personal_fallback_rows_active=0.00, personal_bad_row_rate_active=0.0000, personal_padded_rows=460.00, personal_logits_support_absmax=4.1355, personal_query_trust_scale_mean=0.9061, personal_bad_rows_legacy=460.00, personal_fallback_rows_legacy=460.00, personal_logits_absmax_legacy=30.0000
2026-04-19 02:35:53,071 - INFO - [assist_09|assist_09_abce_best_no_A|lr=0.0003|drop=0.20] [Diag][A] Epoch [002] | entropy_ratio=0.0000, diag_mass=1.0000, to_uniform_l2=0.089800, to_identity_l2=0.000000, relation_identity_delta=0.000000, knowledge_state_graph_delta=0.000000, knowledge_state_personal_delta=0.000000, share_concept_embeddings=True, tau_mean=0.0000, tau_std=0.0000, graph_reg_scale(train/val)=1.0000/1.0000
2026-04-19 02:35:53,071 - INFO - [assist_09|assist_09_abce_best_no_A|lr=0.0003|drop=0.20] [Grad Norms] Epoch [002] | relation_emb=0.000000e+00, relation_tau=0.000000e+00, relation_wq=0.000000e+00, relation_wk=0.000000e+00, personal_u=0.000000e+00, personal_v=0.000000e+00, personal_alpha_bias=0.000000e+00, personal_gate_emb=7.315569e-20, personal_gate_state_proj=2.893110e-14, personal_gate_context_proj=1.809159e-14, personal_gate_state_direct=1.552202e-05, personal_gate_id_direct=6.602802e-15, personal_gate_context_direct=9.708318e-06, personal_gate_out=2.605413e-11, personal_generator_emb=0.000000e+00, personal_generator_context_proj=0.000000e+00, personal_generator_context_hidden=0.000000e+00, personal_generator_context_to_u=0.000000e+00, personal_generator_context_to_v=0.000000e+00, personal_generator_state_row=0.000000e+00, personal_generator_state_col=0.000000e+00, personal_generator_id_row=0.000000e+00, personal_generator_id_col=0.000000e+00, personal_generator_state_adapter=0.000000e+00, personal_generator_id_adapter=0.000000e+00, personal_generator_context_adapter=0.000000e+00, personal_generator_direct_scale=0.000000e+00
2026-04-19 02:35:53,325 - INFO - [assist_09|assist_09_abce_best_no_A|lr=0.0003|drop=0.20] -> New best AUC=0.7354 at epoch 2
2026-04-19 02:36:09,029 - INFO - [assist_09|assist_09_abce_best_no_E|lr=0.0003|drop=0.20] Epoch [005/100] | Train: Loss=0.5371, BCE=0.5290, Reg=0.0080, AUC=0.7709, ACC=0.7323, RMSE=0.4209 | Val: Loss=0.5607, BCE=0.5527, Reg=0.0080, AUC=0.7460, ACC=0.7161, RMSE=0.4319
2026-04-19 02:36:09,030 - INFO - [assist_09|assist_09_abce_best_no_E|lr=0.0003|drop=0.20] [Reg Terms] Epoch [005] | Train: graph_entropy=0.000000, graph_diag=0.005000, graph_uniform=0.003049, graph_reg_scale=1.0000, prediction_l2=0.000000, personal_sparse=0.000000, alpha_var=0.000000, alpha_collapse=0.000000, reg_bce_ratio=0.0152 | Val: graph_entropy=0.000000, graph_diag=0.005000, graph_uniform=0.003049, graph_reg_scale=1.0000, prediction_l2=0.000000, personal_sparse=0.000000, alpha_var=0.000000, alpha_collapse=0.000000, reg_bce_ratio=0.0146
2026-04-19 02:36:09,212 - INFO - [assist_09|assist_09_abce_best_no_E|lr=0.0003|drop=0.20] [Diag][AE] Epoch [005] | irt_abs_mean=1.4136, irt_std=0.7404, personal_warmup_scale=1.00, graph_row_entropy=2.5592, graph_entropy_ratio=0.5318, alpha_mean=0.0000, alpha_std=0.0000, alpha_base_mean=0.0000, alpha_delta_absmean=0.0000, alpha_saturation_ratio=0.0000, alpha_bias_std=NA, alpha_state_path=0.0000, alpha_id_path=0.0000, alpha_bias_path=0.0000, head_bias_path=0.0000, personal_row_entropy=0.0000, personal_matrix_delta=0.0000, personal_matrix_student_std=0.0000, personal_delta_pre_softmax_norm=0.0000, personal_delta_student_std=0.0000, alpha_head_std=0.0000, query_row_global_readout_delta=0.0419, query_row_personal_message_delta=0.0000, query_row_posterior_delta_abs=0.0000, query_row_posterior_kl=0.0000, query_row_delta_local_rms_raw=0.0000, query_row_message_projection_gain=0.0000, personal_to_graph_query_ratio=0.0000, query_row_global_support_mass=1.0690, query_row_personal_support_mass=0.0000, neighbor_row_personal_delta=0.0000, personal_row_budget_mean=0.0000, personal_query_row_std=0.0000, readout_query_support_mass=1.0690, personal_student_mix=0.0000, personal_student_adapter=0.0000, local_row_ratio=0.0000, support_density=0.0000, readout_query_delta=0.0419, personal_bad_rows_active=0.00, personal_fallback_rows_active=0.00, personal_bad_row_rate_active=0.0000, personal_padded_rows=0.00, personal_logits_support_absmax=0.0000, personal_query_trust_scale_mean=1.0000, personal_bad_rows_legacy=0.00, personal_fallback_rows_legacy=0.00, personal_logits_absmax_legacy=0.0000
2026-04-19 02:36:09,212 - INFO - [assist_09|assist_09_abce_best_no_E|lr=0.0003|drop=0.20] [Diag][A] Epoch [005] | entropy_ratio=0.5318, diag_mass=0.0500, to_uniform_l2=0.023784, to_identity_l2=0.089156, relation_identity_delta=0.089156, knowledge_state_graph_delta=0.685937, knowledge_state_personal_delta=0.000000, share_concept_embeddings=True, tau_mean=0.6559, tau_std=0.0172, graph_reg_scale(train/val)=1.0000/1.0000
2026-04-19 02:36:09,212 - INFO - [assist_09|assist_09_abce_best_no_E|lr=0.0003|drop=0.20] [Grad Norms] Epoch [005] | relation_emb=4.226114e-01, relation_tau=4.239668e-08, relation_wq=6.236781e-07, relation_wk=2.962189e-07, personal_u=0.000000e+00, personal_v=0.000000e+00, personal_alpha_bias=0.000000e+00, personal_gate_emb=0.000000e+00, personal_gate_state_proj=0.000000e+00, personal_gate_context_proj=0.000000e+00, personal_gate_state_direct=0.000000e+00, personal_gate_id_direct=0.000000e+00, personal_gate_context_direct=0.000000e+00, personal_gate_out=0.000000e+00, personal_generator_emb=0.000000e+00, personal_generator_context_proj=0.000000e+00, personal_generator_context_hidden=0.000000e+00, personal_generator_context_to_u=0.000000e+00, personal_generator_context_to_v=0.000000e+00, personal_generator_state_row=0.000000e+00, personal_generator_state_col=0.000000e+00, personal_generator_id_row=0.000000e+00, personal_generator_id_col=0.000000e+00, personal_generator_state_adapter=0.000000e+00, personal_generator_id_adapter=0.000000e+00, personal_generator_context_adapter=0.000000e+00, personal_generator_direct_scale=0.000000e+00
2026-04-19 02:36:09,460 - INFO - [assist_09|assist_09_abce_best_no_E|lr=0.0003|drop=0.20] -> New best AUC=0.7460 at epoch 5
2026-04-19 02:36:52,120 - INFO - [assist_09|assist_09_abce_best_full|lr=0.0003|drop=0.20] Epoch [003/100] | Train: Loss=0.5536, BCE=0.5464, Reg=0.0071, AUC=0.7514, ACC=0.7226, RMSE=0.4287 | Val: Loss=0.5657, BCE=0.5586, Reg=0.0071, AUC=0.7391, ACC=0.7154, RMSE=0.4346
2026-04-19 02:36:52,120 - INFO - [assist_09|assist_09_abce_best_full|lr=0.0003|drop=0.20] [Reg Terms] Epoch [003] | Train: graph_entropy=0.000000, graph_diag=0.003845, graph_uniform=0.002286, graph_reg_scale=1.0000, prediction_l2=0.000000, personal_sparse=0.000119, alpha_var=0.000000, alpha_collapse=0.000000, reg_bce_ratio=0.0131 | Val: graph_entropy=0.000000, graph_diag=0.003750, graph_uniform=0.002286, graph_reg_scale=1.0000, prediction_l2=0.000000, personal_sparse=0.000143, alpha_var=0.000000, alpha_collapse=0.000003, reg_bce_ratio=0.0127
2026-04-19 02:36:52,315 - INFO - [assist_09|assist_09_abce_best_full|lr=0.0003|drop=0.20] [Diag][AE] Epoch [003] | irt_abs_mean=1.3294, irt_std=0.6767, personal_warmup_scale=0.38, graph_row_entropy=2.5592, graph_entropy_ratio=0.5318, alpha_mean=0.0554, alpha_std=0.0507, alpha_base_mean=0.0549, alpha_delta_absmean=0.0828, alpha_saturation_ratio=0.0000, alpha_bias_std=NA, alpha_state_path=2.6094, alpha_id_path=0.0000, alpha_bias_path=0.0000, head_bias_path=1.4749, personal_row_entropy=1.7860, personal_matrix_delta=0.0850, personal_matrix_student_std=0.0498, personal_delta_pre_softmax_norm=2.3344, personal_delta_student_std=1.1844, alpha_head_std=0.0507, query_row_global_readout_delta=0.0639, query_row_personal_message_delta=0.0031, query_row_posterior_delta_abs=0.0850, query_row_posterior_kl=0.0614, query_row_delta_local_rms_raw=0.0369, query_row_message_projection_gain=0.4347, personal_to_graph_query_ratio=0.0484, query_row_global_support_mass=0.8659, query_row_personal_support_mass=0.8659, neighbor_row_personal_delta=0.0000, personal_row_budget_mean=1.0000, personal_query_row_std=0.0847, readout_query_support_mass=0.8659, personal_student_mix=0.0153, personal_student_adapter=0.0284, local_row_ratio=0.2078, support_density=0.4010, readout_query_delta=0.0631, personal_bad_rows_active=0.00, personal_fallback_rows_active=0.00, personal_bad_row_rate_active=0.0000, personal_padded_rows=460.00, personal_logits_support_absmax=5.9666, personal_query_trust_scale_mean=0.9954, personal_bad_rows_legacy=460.00, personal_fallback_rows_legacy=460.00, personal_logits_absmax_legacy=30.0000
2026-04-19 02:36:52,315 - INFO - [assist_09|assist_09_abce_best_full|lr=0.0003|drop=0.20] [Diag][A] Epoch [003] | entropy_ratio=0.5318, diag_mass=0.0500, to_uniform_l2=0.023784, to_identity_l2=0.089156, relation_identity_delta=0.089156, knowledge_state_graph_delta=0.652022, knowledge_state_personal_delta=0.000000, share_concept_embeddings=True, tau_mean=0.6254, tau_std=0.0291, graph_reg_scale(train/val)=1.0000/1.0000
2026-04-19 02:36:52,316 - INFO - [assist_09|assist_09_abce_best_full|lr=0.0003|drop=0.20] [Grad Norms] Epoch [003] | relation_emb=2.950724e-01, relation_tau=3.993105e-06, relation_wq=2.381873e-05, relation_wk=5.217325e-05, personal_u=4.808313e-03, personal_v=3.192237e-03, personal_alpha_bias=0.000000e+00, personal_gate_emb=4.561514e-19, personal_gate_state_proj=9.574099e-18, personal_gate_context_proj=9.560454e-18, personal_gate_state_direct=3.092225e-04, personal_gate_id_direct=5.489203e-15, personal_gate_context_direct=2.493138e-04, personal_gate_out=5.657024e-11, personal_generator_emb=3.362690e-19, personal_generator_context_proj=0.000000e+00, personal_generator_context_hidden=0.000000e+00, personal_generator_context_to_u=0.000000e+00, personal_generator_context_to_v=0.000000e+00, personal_generator_state_row=5.016558e-09, personal_generator_state_col=3.378933e-09, personal_generator_id_row=5.826909e-15, personal_generator_id_col=5.601086e-15, personal_generator_state_adapter=1.958579e-14, personal_generator_id_adapter=2.166285e-26, personal_generator_context_adapter=0.000000e+00, personal_generator_direct_scale=3.604896e-07
2026-04-19 02:36:52,552 - INFO - [assist_09|assist_09_abce_best_no_E|lr=0.0003|drop=0.20] Epoch [006/100] | Train: Loss=0.5284, BCE=0.5204, Reg=0.0080, AUC=0.7802, ACC=0.7374, RMSE=0.4171 | Val: Loss=0.5613, BCE=0.5532, Reg=0.0080, AUC=0.7483, ACC=0.7196, RMSE=0.4318
2026-04-19 02:36:52,552 - INFO - [assist_09|assist_09_abce_best_no_E|lr=0.0003|drop=0.20] [Reg Terms] Epoch [006] | Train: graph_entropy=0.000000, graph_diag=0.005000, graph_uniform=0.003049, graph_reg_scale=1.0000, prediction_l2=0.000000, personal_sparse=0.000000, alpha_var=0.000000, alpha_collapse=0.000000, reg_bce_ratio=0.0155 | Val: graph_entropy=0.000000, graph_diag=0.005000, graph_uniform=0.003049, graph_reg_scale=1.0000, prediction_l2=0.000000, personal_sparse=0.000000, alpha_var=0.000000, alpha_collapse=0.000000, reg_bce_ratio=0.0145
2026-04-19 02:36:52,684 - INFO - [assist_09|assist_09_abce_best_full|lr=0.0003|drop=0.20] -> New best AUC=0.7391 at epoch 3
2026-04-19 02:36:52,732 - INFO - [assist_09|assist_09_abce_best_no_E|lr=0.0003|drop=0.20] [Diag][AE] Epoch [006] | irt_abs_mean=1.5029, irt_std=0.7741, personal_warmup_scale=1.00, graph_row_entropy=2.5592, graph_entropy_ratio=0.5318, alpha_mean=0.0000, alpha_std=0.0000, alpha_base_mean=0.0000, alpha_delta_absmean=0.0000, alpha_saturation_ratio=0.0000, alpha_bias_std=NA, alpha_state_path=0.0000, alpha_id_path=0.0000, alpha_bias_path=0.0000, head_bias_path=0.0000, personal_row_entropy=0.0000, personal_matrix_delta=0.0000, personal_matrix_student_std=0.0000, personal_delta_pre_softmax_norm=0.0000, personal_delta_student_std=0.0000, alpha_head_std=0.0000, query_row_global_readout_delta=0.0366, query_row_personal_message_delta=0.0000, query_row_posterior_delta_abs=0.0000, query_row_posterior_kl=0.0000, query_row_delta_local_rms_raw=0.0000, query_row_message_projection_gain=0.0000, personal_to_graph_query_ratio=0.0000, query_row_global_support_mass=0.9876, query_row_personal_support_mass=0.0000, neighbor_row_personal_delta=0.0000, personal_row_budget_mean=0.0000, personal_query_row_std=0.0000, readout_query_support_mass=0.9876, personal_student_mix=0.0000, personal_student_adapter=0.0000, local_row_ratio=0.0000, support_density=0.0000, readout_query_delta=0.0366, personal_bad_rows_active=0.00, personal_fallback_rows_active=0.00, personal_bad_row_rate_active=0.0000, personal_padded_rows=0.00, personal_logits_support_absmax=0.0000, personal_query_trust_scale_mean=1.0000, personal_bad_rows_legacy=0.00, personal_fallback_rows_legacy=0.00, personal_logits_absmax_legacy=0.0000
2026-04-19 02:36:52,732 - INFO - [assist_09|assist_09_abce_best_no_E|lr=0.0003|drop=0.20] [Diag][A] Epoch [006] | entropy_ratio=0.5318, diag_mass=0.0500, to_uniform_l2=0.023784, to_identity_l2=0.089156, relation_identity_delta=0.089156, knowledge_state_graph_delta=0.710562, knowledge_state_personal_delta=0.000000, share_concept_embeddings=True, tau_mean=0.6792, tau_std=0.0106, graph_reg_scale(train/val)=1.0000/1.0000
2026-04-19 02:36:52,732 - INFO - [assist_09|assist_09_abce_best_no_E|lr=0.0003|drop=0.20] [Grad Norms] Epoch [006] | relation_emb=3.358151e-01, relation_tau=8.850032e-11, relation_wq=5.094333e-09, relation_wk=9.389973e-10, personal_u=0.000000e+00, personal_v=0.000000e+00, personal_alpha_bias=0.000000e+00, personal_gate_emb=0.000000e+00, personal_gate_state_proj=0.000000e+00, personal_gate_context_proj=0.000000e+00, personal_gate_state_direct=0.000000e+00, personal_gate_id_direct=0.000000e+00, personal_gate_context_direct=0.000000e+00, personal_gate_out=0.000000e+00, personal_generator_emb=0.000000e+00, personal_generator_context_proj=0.000000e+00, personal_generator_context_hidden=0.000000e+00, personal_generator_context_to_u=0.000000e+00, personal_generator_context_to_v=0.000000e+00, personal_generator_state_row=0.000000e+00, personal_generator_state_col=0.000000e+00, personal_generator_id_row=0.000000e+00, personal_generator_id_col=0.000000e+00, personal_generator_state_adapter=0.000000e+00, personal_generator_id_adapter=0.000000e+00, personal_generator_context_adapter=0.000000e+00, personal_generator_direct_scale=0.000000e+00
2026-04-19 02:36:52,977 - INFO - [assist_09|assist_09_abce_best_no_E|lr=0.0003|drop=0.20] -> New best AUC=0.7483 at epoch 6
2026-04-19 02:37:31,816 - INFO - [assist_09|assist_09_abce_best_no_A|lr=0.0003|drop=0.20] Epoch [003/100] | Train: Loss=0.5438, BCE=0.5431, Reg=0.0008, AUC=0.7555, ACC=0.7263, RMSE=0.4270 | Val: Loss=0.5595, BCE=0.5587, Reg=0.0008, AUC=0.7404, ACC=0.7150, RMSE=0.4346
2026-04-19 02:37:31,816 - INFO - [assist_09|assist_09_abce_best_no_A|lr=0.0003|drop=0.20] [Reg Terms] Epoch [003] | Train: graph_entropy=0.000000, graph_diag=0.000000, graph_uniform=0.000000, graph_reg_scale=1.0000, prediction_l2=0.000000, personal_sparse=0.000002, alpha_var=0.000000, alpha_collapse=0.000000, reg_bce_ratio=0.0015 | Val: graph_entropy=0.000000, graph_diag=0.000000, graph_uniform=0.000000, graph_reg_scale=1.0000, prediction_l2=0.000000, personal_sparse=0.000002, alpha_var=0.000000, alpha_collapse=0.000015, reg_bce_ratio=0.0014
2026-04-19 02:37:32,007 - INFO - [assist_09|assist_09_abce_best_no_A|lr=0.0003|drop=0.20] [Diag][AE] Epoch [003] | irt_abs_mean=1.3994, irt_std=0.6987, personal_warmup_scale=0.38, graph_row_entropy=0.0000, graph_entropy_ratio=0.0000, alpha_mean=0.0542, alpha_std=0.0502, alpha_base_mean=0.0549, alpha_delta_absmean=0.0763, alpha_saturation_ratio=0.0000, alpha_bias_std=NA, alpha_state_path=2.2118, alpha_id_path=0.0000, alpha_bias_path=0.0000, head_bias_path=1.4909, personal_row_entropy=0.0302, personal_matrix_delta=0.0854, personal_matrix_student_std=0.1470, personal_delta_pre_softmax_norm=1.7770, personal_delta_student_std=0.6476, alpha_head_std=0.0502, query_row_global_readout_delta=0.0000, query_row_personal_message_delta=0.0017, query_row_posterior_delta_abs=0.0854, query_row_posterior_kl=0.0571, query_row_delta_local_rms_raw=0.0315, query_row_message_projection_gain=0.3691, personal_to_graph_query_ratio=0.0000, query_row_global_support_mass=0.0000, query_row_personal_support_mass=0.0000, neighbor_row_personal_delta=0.0000, personal_row_budget_mean=1.0000, personal_query_row_std=0.9677, readout_query_support_mass=0.0000, personal_student_mix=0.0153, personal_student_adapter=0.0284, local_row_ratio=0.0098, support_density=0.1840, readout_query_delta=0.0017, personal_bad_rows_active=0.00, personal_fallback_rows_active=0.00, personal_bad_row_rate_active=0.0000, personal_padded_rows=460.00, personal_logits_support_absmax=4.1391, personal_query_trust_scale_mean=0.9336, personal_bad_rows_legacy=460.00, personal_fallback_rows_legacy=460.00, personal_logits_absmax_legacy=30.0000
2026-04-19 02:37:32,008 - INFO - [assist_09|assist_09_abce_best_no_A|lr=0.0003|drop=0.20] [Diag][A] Epoch [003] | entropy_ratio=0.0000, diag_mass=1.0000, to_uniform_l2=0.089800, to_identity_l2=0.000000, relation_identity_delta=0.000000, knowledge_state_graph_delta=0.000000, knowledge_state_personal_delta=0.000000, share_concept_embeddings=True, tau_mean=0.0000, tau_std=0.0000, graph_reg_scale(train/val)=1.0000/1.0000
2026-04-19 02:37:32,008 - INFO - [assist_09|assist_09_abce_best_no_A|lr=0.0003|drop=0.20] [Grad Norms] Epoch [003] | relation_emb=0.000000e+00, relation_tau=0.000000e+00, relation_wq=0.000000e+00, relation_wk=0.000000e+00, personal_u=3.292297e-05, personal_v=2.877012e-05, personal_alpha_bias=0.000000e+00, personal_gate_emb=2.483085e-22, personal_gate_state_proj=0.000000e+00, personal_gate_context_proj=0.000000e+00, personal_gate_state_direct=4.044321e-06, personal_gate_id_direct=3.743392e-23, personal_gate_context_direct=1.433553e-06, personal_gate_out=4.181134e-18, personal_generator_emb=0.000000e+00, personal_generator_context_proj=0.000000e+00, personal_generator_context_hidden=0.000000e+00, personal_generator_context_to_u=0.000000e+00, personal_generator_context_to_v=0.000000e+00, personal_generator_state_row=5.237970e-13, personal_generator_state_col=6.450749e-13, personal_generator_id_row=0.000000e+00, personal_generator_id_col=0.000000e+00, personal_generator_state_adapter=1.928468e-20, personal_generator_id_adapter=5.088759e-40, personal_generator_context_adapter=0.000000e+00, personal_generator_direct_scale=2.842139e-10
2026-04-19 02:37:32,274 - INFO - [assist_09|assist_09_abce_best_no_A|lr=0.0003|drop=0.20] -> New best AUC=0.7404 at epoch 3
2026-04-19 02:37:35,633 - INFO - [assist_09|assist_09_abce_best_no_E|lr=0.0003|drop=0.20] Epoch [007/100] | Train: Loss=0.5212, BCE=0.5132, Reg=0.0080, AUC=0.7880, ACC=0.7410, RMSE=0.4140 | Val: Loss=0.5602, BCE=0.5521, Reg=0.0080, AUC=0.7495, ACC=0.7202, RMSE=0.4312
2026-04-19 02:37:35,633 - INFO - [assist_09|assist_09_abce_best_no_E|lr=0.0003|drop=0.20] [Reg Terms] Epoch [007] | Train: graph_entropy=0.000000, graph_diag=0.005000, graph_uniform=0.003049, graph_reg_scale=1.0000, prediction_l2=0.000000, personal_sparse=0.000000, alpha_var=0.000000, alpha_collapse=0.000000, reg_bce_ratio=0.0157 | Val: graph_entropy=0.000000, graph_diag=0.005000, graph_uniform=0.003049, graph_reg_scale=1.0000, prediction_l2=0.000000, personal_sparse=0.000000, alpha_var=0.000000, alpha_collapse=0.000000, reg_bce_ratio=0.0146
2026-04-19 02:37:35,814 - INFO - [assist_09|assist_09_abce_best_no_E|lr=0.0003|drop=0.20] [Diag][AE] Epoch [007] | irt_abs_mean=1.5388, irt_std=0.8178, personal_warmup_scale=1.00, graph_row_entropy=2.5592, graph_entropy_ratio=0.5318, alpha_mean=0.0000, alpha_std=0.0000, alpha_base_mean=0.0000, alpha_delta_absmean=0.0000, alpha_saturation_ratio=0.0000, alpha_bias_std=NA, alpha_state_path=0.0000, alpha_id_path=0.0000, alpha_bias_path=0.0000, head_bias_path=0.0000, personal_row_entropy=0.0000, personal_matrix_delta=0.0000, personal_matrix_student_std=0.0000, personal_delta_pre_softmax_norm=0.0000, personal_delta_student_std=0.0000, alpha_head_std=0.0000, query_row_global_readout_delta=0.0320, query_row_personal_message_delta=0.0000, query_row_posterior_delta_abs=0.0000, query_row_posterior_kl=0.0000, query_row_delta_local_rms_raw=0.0000, query_row_message_projection_gain=0.0000, personal_to_graph_query_ratio=0.0000, query_row_global_support_mass=1.1668, query_row_personal_support_mass=0.0000, neighbor_row_personal_delta=0.0000, personal_row_budget_mean=0.0000, personal_query_row_std=0.0000, readout_query_support_mass=1.1668, personal_student_mix=0.0000, personal_student_adapter=0.0000, local_row_ratio=0.0000, support_density=0.0000, readout_query_delta=0.0320, personal_bad_rows_active=0.00, personal_fallback_rows_active=0.00, personal_bad_row_rate_active=0.0000, personal_padded_rows=0.00, personal_logits_support_absmax=0.0000, personal_query_trust_scale_mean=1.0000, personal_bad_rows_legacy=0.00, personal_fallback_rows_legacy=0.00, personal_logits_absmax_legacy=0.0000
2026-04-19 02:37:35,814 - INFO - [assist_09|assist_09_abce_best_no_E|lr=0.0003|drop=0.20] [Diag][A] Epoch [007] | entropy_ratio=0.5318, diag_mass=0.0500, to_uniform_l2=0.023784, to_identity_l2=0.089156, relation_identity_delta=0.089156, knowledge_state_graph_delta=0.728509, knowledge_state_personal_delta=0.000000, share_concept_embeddings=True, tau_mean=0.6909, tau_std=0.0022, graph_reg_scale(train/val)=1.0000/1.0000
2026-04-19 02:37:35,814 - INFO - [assist_09|assist_09_abce_best_no_E|lr=0.0003|drop=0.20] [Grad Norms] Epoch [007] | relation_emb=4.151453e-01, relation_tau=7.782341e-10, relation_wq=3.160226e-12, relation_wk=7.771999e-13, personal_u=0.000000e+00, personal_v=0.000000e+00, personal_alpha_bias=0.000000e+00, personal_gate_emb=0.000000e+00, personal_gate_state_proj=0.000000e+00, personal_gate_context_proj=0.000000e+00, personal_gate_state_direct=0.000000e+00, personal_gate_id_direct=0.000000e+00, personal_gate_context_direct=0.000000e+00, personal_gate_out=0.000000e+00, personal_generator_emb=0.000000e+00, personal_generator_context_proj=0.000000e+00, personal_generator_context_hidden=0.000000e+00, personal_generator_context_to_u=0.000000e+00, personal_generator_context_to_v=0.000000e+00, personal_generator_state_row=0.000000e+00, personal_generator_state_col=0.000000e+00, personal_generator_id_row=0.000000e+00, personal_generator_id_col=0.000000e+00, personal_generator_state_adapter=0.000000e+00, personal_generator_id_adapter=0.000000e+00, personal_generator_context_adapter=0.000000e+00, personal_generator_direct_scale=0.000000e+00
2026-04-19 02:37:36,057 - INFO - [assist_09|assist_09_abce_best_no_E|lr=0.0003|drop=0.20] -> New best AUC=0.7495 at epoch 7
2026-04-19 02:38:16,850 - INFO - [assist_09|assist_09_abce_best_full|lr=0.0003|drop=0.20] Epoch [004/100] | Train: Loss=0.5465, BCE=0.5371, Reg=0.0094, AUC=0.7619, ACC=0.7275, RMSE=0.4246 | Val: Loss=0.5668, BCE=0.5574, Reg=0.0094, AUC=0.7424, ACC=0.7162, RMSE=0.4339
2026-04-19 02:38:16,850 - INFO - [assist_09|assist_09_abce_best_full|lr=0.0003|drop=0.20] [Reg Terms] Epoch [004] | Train: graph_entropy=0.000000, graph_diag=0.005000, graph_uniform=0.003049, graph_reg_scale=1.0000, prediction_l2=0.000000, personal_sparse=0.000158, alpha_var=0.000000, alpha_collapse=0.000000, reg_bce_ratio=0.0175 | Val: graph_entropy=0.000000, graph_diag=0.005000, graph_uniform=0.003049, graph_reg_scale=1.0000, prediction_l2=0.000000, personal_sparse=0.000190, alpha_var=0.000000, alpha_collapse=0.000002, reg_bce_ratio=0.0169
2026-04-19 02:38:17,006 - INFO - [assist_09|assist_09_abce_best_no_E|lr=0.0003|drop=0.20] Epoch [008/100] | Train: Loss=0.5149, BCE=0.5068, Reg=0.0080, AUC=0.7946, ACC=0.7439, RMSE=0.4112 | Val: Loss=0.5593, BCE=0.5513, Reg=0.0080, AUC=0.7500, ACC=0.7228, RMSE=0.4305
2026-04-19 02:38:17,006 - INFO - [assist_09|assist_09_abce_best_no_E|lr=0.0003|drop=0.20] [Reg Terms] Epoch [008] | Train: graph_entropy=0.000000, graph_diag=0.005000, graph_uniform=0.003049, graph_reg_scale=1.0000, prediction_l2=0.000000, personal_sparse=0.000000, alpha_var=0.000000, alpha_collapse=0.000000, reg_bce_ratio=0.0159 | Val: graph_entropy=0.000000, graph_diag=0.005000, graph_uniform=0.003049, graph_reg_scale=1.0000, prediction_l2=0.000000, personal_sparse=0.000000, alpha_var=0.000000, alpha_collapse=0.000000, reg_bce_ratio=0.0146
2026-04-19 02:38:17,053 - INFO - [assist_09|assist_09_abce_best_full|lr=0.0003|drop=0.20] [Diag][AE] Epoch [004] | irt_abs_mean=1.4626, irt_std=0.7141, personal_warmup_scale=0.50, graph_row_entropy=2.5592, graph_entropy_ratio=0.5318, alpha_mean=0.0627, alpha_std=0.0511, alpha_base_mean=0.0563, alpha_delta_absmean=0.0621, alpha_saturation_ratio=0.0000, alpha_bias_std=NA, alpha_state_path=1.6617, alpha_id_path=0.0000, alpha_bias_path=0.0000, head_bias_path=1.4425, personal_row_entropy=1.7870, personal_matrix_delta=0.0848, personal_matrix_student_std=0.0501, personal_delta_pre_softmax_norm=2.3390, personal_delta_student_std=1.1996, alpha_head_std=0.0511, query_row_global_readout_delta=0.0474, query_row_personal_message_delta=0.0030, query_row_posterior_delta_abs=0.0848, query_row_posterior_kl=0.0608, query_row_delta_local_rms_raw=0.0373, query_row_message_projection_gain=0.4407, personal_to_graph_query_ratio=0.0635, query_row_global_support_mass=0.8186, query_row_personal_support_mass=0.8186, neighbor_row_personal_delta=0.0000, personal_row_budget_mean=1.0000, personal_query_row_std=0.0954, readout_query_support_mass=0.8186, personal_student_mix=0.0209, personal_student_adapter=0.0339, local_row_ratio=0.2066, support_density=0.4010, readout_query_delta=0.0468, personal_bad_rows_active=0.00, personal_fallback_rows_active=0.00, personal_bad_row_rate_active=0.0000, personal_padded_rows=460.00, personal_logits_support_absmax=6.0220, personal_query_trust_scale_mean=0.9656, personal_bad_rows_legacy=460.00, personal_fallback_rows_legacy=460.00, personal_logits_absmax_legacy=30.0000
2026-04-19 02:38:17,054 - INFO - [assist_09|assist_09_abce_best_full|lr=0.0003|drop=0.20] [Diag][A] Epoch [004] | entropy_ratio=0.5318, diag_mass=0.0500, to_uniform_l2=0.023784, to_identity_l2=0.089156, relation_identity_delta=0.089156, knowledge_state_graph_delta=0.673194, knowledge_state_personal_delta=0.000000, share_concept_embeddings=True, tau_mean=0.6435, tau_std=0.0320, graph_reg_scale(train/val)=1.0000/1.0000
2026-04-19 02:38:17,054 - INFO - [assist_09|assist_09_abce_best_full|lr=0.0003|drop=0.20] [Grad Norms] Epoch [004] | relation_emb=2.605010e-01, relation_tau=1.077218e-08, relation_wq=9.427286e-07, relation_wk=4.173777e-07, personal_u=3.394323e-03, personal_v=2.303949e-03, personal_alpha_bias=0.000000e+00, personal_gate_emb=0.000000e+00, personal_gate_state_proj=0.000000e+00, personal_gate_context_proj=0.000000e+00, personal_gate_state_direct=1.494385e-04, personal_gate_id_direct=0.000000e+00, personal_gate_context_direct=9.992415e-05, personal_gate_out=1.941490e-15, personal_generator_emb=0.000000e+00, personal_generator_context_proj=0.000000e+00, personal_generator_context_hidden=0.000000e+00, personal_generator_context_to_u=0.000000e+00, personal_generator_context_to_v=0.000000e+00, personal_generator_state_row=4.926676e-14, personal_generator_state_col=3.947471e-14, personal_generator_id_row=4.275504e-21, personal_generator_id_col=2.859961e-21, personal_generator_state_adapter=1.897296e-23, personal_generator_id_adapter=3.663816e-38, personal_generator_context_adapter=0.000000e+00, personal_generator_direct_scale=7.308709e-07
2026-04-19 02:38:17,200 - INFO - [assist_09|assist_09_abce_best_no_E|lr=0.0003|drop=0.20] [Diag][AE] Epoch [008] | irt_abs_mean=1.5522, irt_std=0.8576, personal_warmup_scale=1.00, graph_row_entropy=2.5592, graph_entropy_ratio=0.5318, alpha_mean=0.0000, alpha_std=0.0000, alpha_base_mean=0.0000, alpha_delta_absmean=0.0000, alpha_saturation_ratio=0.0000, alpha_bias_std=NA, alpha_state_path=0.0000, alpha_id_path=0.0000, alpha_bias_path=0.0000, head_bias_path=0.0000, personal_row_entropy=0.0000, personal_matrix_delta=0.0000, personal_matrix_student_std=0.0000, personal_delta_pre_softmax_norm=0.0000, personal_delta_student_std=0.0000, alpha_head_std=0.0000, query_row_global_readout_delta=0.0278, query_row_personal_message_delta=0.0000, query_row_posterior_delta_abs=0.0000, query_row_posterior_kl=0.0000, query_row_delta_local_rms_raw=0.0000, query_row_message_projection_gain=0.0000, personal_to_graph_query_ratio=0.0000, query_row_global_support_mass=0.9388, query_row_personal_support_mass=0.0000, neighbor_row_personal_delta=0.0000, personal_row_budget_mean=0.0000, personal_query_row_std=0.0000, readout_query_support_mass=0.9388, personal_student_mix=0.0000, personal_student_adapter=0.0000, local_row_ratio=0.0000, support_density=0.0000, readout_query_delta=0.0278, personal_bad_rows_active=0.00, personal_fallback_rows_active=0.00, personal_bad_row_rate_active=0.0000, personal_padded_rows=0.00, personal_logits_support_absmax=0.0000, personal_query_trust_scale_mean=1.0000, personal_bad_rows_legacy=0.00, personal_fallback_rows_legacy=0.00, personal_logits_absmax_legacy=0.0000
2026-04-19 02:38:17,201 - INFO - [assist_09|assist_09_abce_best_no_E|lr=0.0003|drop=0.20] [Diag][A] Epoch [008] | entropy_ratio=0.5318, diag_mass=0.0500, to_uniform_l2=0.023784, to_identity_l2=0.089156, relation_identity_delta=0.089156, knowledge_state_graph_delta=0.749372, knowledge_state_personal_delta=0.000000, share_concept_embeddings=True, tau_mean=0.6931, tau_std=0.0001, graph_reg_scale(train/val)=1.0000/1.0000
2026-04-19 02:38:17,201 - INFO - [assist_09|assist_09_abce_best_no_E|lr=0.0003|drop=0.20] [Grad Norms] Epoch [008] | relation_emb=3.400200e-01, relation_tau=1.735476e-09, relation_wq=5.712010e-18, relation_wk=1.274225e-18, personal_u=0.000000e+00, personal_v=0.000000e+00, personal_alpha_bias=0.000000e+00, personal_gate_emb=0.000000e+00, personal_gate_state_proj=0.000000e+00, personal_gate_context_proj=0.000000e+00, personal_gate_state_direct=0.000000e+00, personal_gate_id_direct=0.000000e+00, personal_gate_context_direct=0.000000e+00, personal_gate_out=0.000000e+00, personal_generator_emb=0.000000e+00, personal_generator_context_proj=0.000000e+00, personal_generator_context_hidden=0.000000e+00, personal_generator_context_to_u=0.000000e+00, personal_generator_context_to_v=0.000000e+00, personal_generator_state_row=0.000000e+00, personal_generator_state_col=0.000000e+00, personal_generator_id_row=0.000000e+00, personal_generator_id_col=0.000000e+00, personal_generator_state_adapter=0.000000e+00, personal_generator_id_adapter=0.000000e+00, personal_generator_context_adapter=0.000000e+00, personal_generator_direct_scale=0.000000e+00
2026-04-19 02:38:17,437 - INFO - [assist_09|assist_09_abce_best_full|lr=0.0003|drop=0.20] -> New best AUC=0.7424 at epoch 4
2026-04-19 02:38:17,525 - INFO - [assist_09|assist_09_abce_best_no_E|lr=0.0003|drop=0.20] -> New best AUC=0.7500 at epoch 8
2026-04-19 02:39:00,481 - INFO - [assist_09|assist_09_abce_best_no_E|lr=0.0003|drop=0.20] Epoch [009/100] | Train: Loss=0.5099, BCE=0.5018, Reg=0.0081, AUC=0.7998, ACC=0.7466, RMSE=0.4091 | Val: Loss=0.5589, BCE=0.5508, Reg=0.0080, AUC=0.7503, ACC=0.7208, RMSE=0.4304
2026-04-19 02:39:00,481 - INFO - [assist_09|assist_09_abce_best_no_E|lr=0.0003|drop=0.20] [Reg Terms] Epoch [009] | Train: graph_entropy=0.000000, graph_diag=0.005003, graph_uniform=0.003049, graph_reg_scale=1.0000, prediction_l2=0.000000, personal_sparse=0.000000, alpha_var=0.000000, alpha_collapse=0.000000, reg_bce_ratio=0.0160 | Val: graph_entropy=0.000000, graph_diag=0.005000, graph_uniform=0.003049, graph_reg_scale=1.0000, prediction_l2=0.000000, personal_sparse=0.000000, alpha_var=0.000000, alpha_collapse=0.000000, reg_bce_ratio=0.0146
2026-04-19 02:39:00,662 - INFO - [assist_09|assist_09_abce_best_no_E|lr=0.0003|drop=0.20] [Diag][AE] Epoch [009] | irt_abs_mean=1.5323, irt_std=0.8836, personal_warmup_scale=1.00, graph_row_entropy=2.5592, graph_entropy_ratio=0.5318, alpha_mean=0.0000, alpha_std=0.0000, alpha_base_mean=0.0000, alpha_delta_absmean=0.0000, alpha_saturation_ratio=0.0000, alpha_bias_std=NA, alpha_state_path=0.0000, alpha_id_path=0.0000, alpha_bias_path=0.0000, head_bias_path=0.0000, personal_row_entropy=0.0000, personal_matrix_delta=0.0000, personal_matrix_student_std=0.0000, personal_delta_pre_softmax_norm=0.0000, personal_delta_student_std=0.0000, alpha_head_std=0.0000, query_row_global_readout_delta=0.0267, query_row_personal_message_delta=0.0000, query_row_posterior_delta_abs=0.0000, query_row_posterior_kl=0.0000, query_row_delta_local_rms_raw=0.0000, query_row_message_projection_gain=0.0000, personal_to_graph_query_ratio=0.0000, query_row_global_support_mass=1.2592, query_row_personal_support_mass=0.0000, neighbor_row_personal_delta=0.0000, personal_row_budget_mean=0.0000, personal_query_row_std=0.0000, readout_query_support_mass=1.2592, personal_student_mix=0.0000, personal_student_adapter=0.0000, local_row_ratio=0.0000, support_density=0.0000, readout_query_delta=0.0267, personal_bad_rows_active=0.00, personal_fallback_rows_active=0.00, personal_bad_row_rate_active=0.0000, personal_padded_rows=0.00, personal_logits_support_absmax=0.0000, personal_query_trust_scale_mean=1.0000, personal_bad_rows_legacy=0.00, personal_fallback_rows_legacy=0.00, personal_logits_absmax_legacy=0.0000
2026-04-19 02:39:00,662 - INFO - [assist_09|assist_09_abce_best_no_E|lr=0.0003|drop=0.20] [Diag][A] Epoch [009] | entropy_ratio=0.5318, diag_mass=0.0500, to_uniform_l2=0.023784, to_identity_l2=0.089156, relation_identity_delta=0.089156, knowledge_state_graph_delta=0.766396, knowledge_state_personal_delta=0.000000, share_concept_embeddings=True, tau_mean=0.6932, tau_std=0.0000, graph_reg_scale(train/val)=1.0000/1.0000
2026-04-19 02:39:00,663 - INFO - [assist_09|assist_09_abce_best_no_E|lr=0.0003|drop=0.20] [Grad Norms] Epoch [009] | relation_emb=4.168706e-01, relation_tau=2.942403e-09, relation_wq=0.000000e+00, relation_wk=0.000000e+00, personal_u=0.000000e+00, personal_v=0.000000e+00, personal_alpha_bias=0.000000e+00, personal_gate_emb=0.000000e+00, personal_gate_state_proj=0.000000e+00, personal_gate_context_proj=0.000000e+00, personal_gate_state_direct=0.000000e+00, personal_gate_id_direct=0.000000e+00, personal_gate_context_direct=0.000000e+00, personal_gate_out=0.000000e+00, personal_generator_emb=0.000000e+00, personal_generator_context_proj=0.000000e+00, personal_generator_context_hidden=0.000000e+00, personal_generator_context_to_u=0.000000e+00, personal_generator_context_to_v=0.000000e+00, personal_generator_state_row=0.000000e+00, personal_generator_state_col=0.000000e+00, personal_generator_id_row=0.000000e+00, personal_generator_id_col=0.000000e+00, personal_generator_state_adapter=0.000000e+00, personal_generator_id_adapter=0.000000e+00, personal_generator_context_adapter=0.000000e+00, personal_generator_direct_scale=0.000000e+00
2026-04-19 02:39:00,909 - INFO - [assist_09|assist_09_abce_best_no_E|lr=0.0003|drop=0.20] -> New best AUC=0.7503 at epoch 9
2026-04-19 02:39:12,465 - INFO - [assist_09|assist_09_abce_best_no_A|lr=0.0003|drop=0.20] Epoch [004/100] | Train: Loss=0.5345, BCE=0.5334, Reg=0.0011, AUC=0.7663, ACC=0.7309, RMSE=0.4227 | Val: Loss=0.5546, BCE=0.5535, Reg=0.0011, AUC=0.7441, ACC=0.7173, RMSE=0.4322
2026-04-19 02:39:12,466 - INFO - [assist_09|assist_09_abce_best_no_A|lr=0.0003|drop=0.20] [Reg Terms] Epoch [004] | Train: graph_entropy=0.000000, graph_diag=0.000000, graph_uniform=0.000000, graph_reg_scale=1.0000, prediction_l2=0.000000, personal_sparse=0.000003, alpha_var=0.000000, alpha_collapse=0.000000, reg_bce_ratio=0.0020 | Val: graph_entropy=0.000000, graph_diag=0.000000, graph_uniform=0.000000, graph_reg_scale=1.0000, prediction_l2=0.000000, personal_sparse=0.000003, alpha_var=0.000000, alpha_collapse=0.000019, reg_bce_ratio=0.0019
2026-04-19 02:39:12,630 - INFO - [assist_09|assist_09_abce_best_no_A|lr=0.0003|drop=0.20] [Diag][AE] Epoch [004] | irt_abs_mean=1.3993, irt_std=0.7098, personal_warmup_scale=0.50, graph_row_entropy=0.0000, graph_entropy_ratio=0.0000, alpha_mean=0.0559, alpha_std=0.0548, alpha_base_mean=0.0560, alpha_delta_absmean=0.0667, alpha_saturation_ratio=0.0000, alpha_bias_std=NA, alpha_state_path=1.7716, alpha_id_path=0.0000, alpha_bias_path=0.0000, head_bias_path=1.4605, personal_row_entropy=0.0243, personal_matrix_delta=0.0863, personal_matrix_student_std=0.1398, personal_delta_pre_softmax_norm=1.7760, personal_delta_student_std=0.6553, alpha_head_std=0.0548, query_row_global_readout_delta=0.0000, query_row_personal_message_delta=0.0016, query_row_posterior_delta_abs=0.0863, query_row_posterior_kl=0.0579, query_row_delta_local_rms_raw=0.0358, query_row_message_projection_gain=0.4152, personal_to_graph_query_ratio=0.0000, query_row_global_support_mass=0.0000, query_row_personal_support_mass=0.0000, neighbor_row_personal_delta=0.0000, personal_row_budget_mean=1.0000, personal_query_row_std=0.9664, readout_query_support_mass=0.0000, personal_student_mix=0.0209, personal_student_adapter=0.0339, local_row_ratio=0.0098, support_density=0.1840, readout_query_delta=0.0016, personal_bad_rows_active=0.00, personal_fallback_rows_active=0.00, personal_bad_row_rate_active=0.0000, personal_padded_rows=460.00, personal_logits_support_absmax=4.1416, personal_query_trust_scale_mean=0.9402, personal_bad_rows_legacy=460.00, personal_fallback_rows_legacy=460.00, personal_logits_absmax_legacy=30.0000
2026-04-19 02:39:12,630 - INFO - [assist_09|assist_09_abce_best_no_A|lr=0.0003|drop=0.20] [Diag][A] Epoch [004] | entropy_ratio=0.0000, diag_mass=1.0000, to_uniform_l2=0.089800, to_identity_l2=0.000000, relation_identity_delta=0.000000, knowledge_state_graph_delta=0.000000, knowledge_state_personal_delta=0.000000, share_concept_embeddings=True, tau_mean=0.0000, tau_std=0.0000, graph_reg_scale(train/val)=1.0000/1.0000
2026-04-19 02:39:12,630 - INFO - [assist_09|assist_09_abce_best_no_A|lr=0.0003|drop=0.20] [Grad Norms] Epoch [004] | relation_emb=0.000000e+00, relation_tau=0.000000e+00, relation_wq=0.000000e+00, relation_wk=0.000000e+00, personal_u=5.031749e-05, personal_v=8.029891e-05, personal_alpha_bias=0.000000e+00, personal_gate_emb=0.000000e+00, personal_gate_state_proj=0.000000e+00, personal_gate_context_proj=0.000000e+00, personal_gate_state_direct=2.266788e-06, personal_gate_id_direct=0.000000e+00, personal_gate_context_direct=5.117265e-07, personal_gate_out=0.000000e+00, personal_generator_emb=0.000000e+00, personal_generator_context_proj=0.000000e+00, personal_generator_context_hidden=0.000000e+00, personal_generator_context_to_u=0.000000e+00, personal_generator_context_to_v=0.000000e+00, personal_generator_state_row=1.196028e-19, personal_generator_state_col=3.499791e-19, personal_generator_id_row=0.000000e+00, personal_generator_id_col=0.000000e+00, personal_generator_state_adapter=2.501190e-32, personal_generator_id_adapter=0.000000e+00, personal_generator_context_adapter=0.000000e+00, personal_generator_direct_scale=7.343820e-10
2026-04-19 02:39:12,863 - INFO - [assist_09|assist_09_abce_best_no_A|lr=0.0003|drop=0.20] -> New best AUC=0.7441 at epoch 4
2026-04-19 02:39:40,437 - INFO - [assist_09|assist_09_abce_best_full|lr=0.0003|drop=0.20] Epoch [005/100] | Train: Loss=0.5383, BCE=0.5286, Reg=0.0098, AUC=0.7713, ACC=0.7321, RMSE=0.4208 | Val: Loss=0.5636, BCE=0.5538, Reg=0.0098, AUC=0.7462, ACC=0.7170, RMSE=0.4322
2026-04-19 02:39:40,437 - INFO - [assist_09|assist_09_abce_best_full|lr=0.0003|drop=0.20] [Reg Terms] Epoch [005] | Train: graph_entropy=0.000000, graph_diag=0.005000, graph_uniform=0.003049, graph_reg_scale=1.0000, prediction_l2=0.000000, personal_sparse=0.000199, alpha_var=0.000000, alpha_collapse=0.000000, reg_bce_ratio=0.0185 | Val: graph_entropy=0.000000, graph_diag=0.005000, graph_uniform=0.003049, graph_reg_scale=1.0000, prediction_l2=0.000000, personal_sparse=0.000238, alpha_var=0.000000, alpha_collapse=0.000000, reg_bce_ratio=0.0177
2026-04-19 02:39:40,633 - INFO - [assist_09|assist_09_abce_best_full|lr=0.0003|drop=0.20] [Diag][AE] Epoch [005] | irt_abs_mean=1.4504, irt_std=0.7431, personal_warmup_scale=0.62, graph_row_entropy=2.5592, graph_entropy_ratio=0.5318, alpha_mean=0.0670, alpha_std=0.0526, alpha_base_mean=0.0576, alpha_delta_absmean=0.0517, alpha_saturation_ratio=0.0000, alpha_bias_std=NA, alpha_state_path=1.3130, alpha_id_path=0.0000, alpha_bias_path=0.0000, head_bias_path=1.4129, personal_row_entropy=1.7764, personal_matrix_delta=0.0859, personal_matrix_student_std=0.0503, personal_delta_pre_softmax_norm=2.3442, personal_delta_student_std=1.1965, alpha_head_std=0.0526, query_row_global_readout_delta=0.0456, query_row_personal_message_delta=0.0034, query_row_posterior_delta_abs=0.0859, query_row_posterior_kl=0.0620, query_row_delta_local_rms_raw=0.0490, query_row_message_projection_gain=0.5710, personal_to_graph_query_ratio=0.0741, query_row_global_support_mass=0.7365, query_row_personal_support_mass=0.7365, neighbor_row_personal_delta=0.0000, personal_row_budget_mean=1.0000, personal_query_row_std=0.0944, readout_query_support_mass=0.7365, personal_student_mix=0.0275, personal_student_adapter=0.0380, local_row_ratio=0.2154, support_density=0.4010, readout_query_delta=0.0451, personal_bad_rows_active=0.00, personal_fallback_rows_active=0.00, personal_bad_row_rate_active=0.0000, personal_padded_rows=460.00, personal_logits_support_absmax=5.8865, personal_query_trust_scale_mean=0.9369, personal_bad_rows_legacy=460.00, personal_fallback_rows_legacy=460.00, personal_logits_absmax_legacy=30.0000
2026-04-19 02:39:40,633 - INFO - [assist_09|assist_09_abce_best_full|lr=0.0003|drop=0.20] [Diag][A] Epoch [005] | entropy_ratio=0.5318, diag_mass=0.0500, to_uniform_l2=0.023784, to_identity_l2=0.089156, relation_identity_delta=0.089156, knowledge_state_graph_delta=0.684230, knowledge_state_personal_delta=0.000000, share_concept_embeddings=True, tau_mean=0.6631, tau_std=0.0267, graph_reg_scale(train/val)=1.0000/1.0000
2026-04-19 02:39:40,634 - INFO - [assist_09|assist_09_abce_best_full|lr=0.0003|drop=0.20] [Grad Norms] Epoch [005] | relation_emb=2.808199e-01, relation_tau=2.050263e-10, relation_wq=5.294416e-08, relation_wk=2.879601e-08, personal_u=3.440233e-03, personal_v=2.571164e-03, personal_alpha_bias=0.000000e+00, personal_gate_emb=0.000000e+00, personal_gate_state_proj=0.000000e+00, personal_gate_context_proj=0.000000e+00, personal_gate_state_direct=3.370591e-04, personal_gate_id_direct=0.000000e+00, personal_gate_context_direct=1.345593e-04, personal_gate_out=4.019388e-07, personal_generator_emb=0.000000e+00, personal_generator_context_proj=0.000000e+00, personal_generator_context_hidden=0.000000e+00, personal_generator_context_to_u=0.000000e+00, personal_generator_context_to_v=0.000000e+00, personal_generator_state_row=0.000000e+00, personal_generator_state_col=0.000000e+00, personal_generator_id_row=0.000000e+00, personal_generator_id_col=0.000000e+00, personal_generator_state_adapter=9.388700e-44, personal_generator_id_adapter=0.000000e+00, personal_generator_context_adapter=0.000000e+00, personal_generator_direct_scale=1.661732e-07
2026-04-19 02:39:40,936 - INFO - [assist_09|assist_09_abce_best_full|lr=0.0003|drop=0.20] -> New best AUC=0.7462 at epoch 5
2026-04-19 02:39:44,075 - INFO - [assist_09|assist_09_abce_best_no_E|lr=0.0003|drop=0.20] Epoch [010/100] | Train: Loss=0.5051, BCE=0.4971, Reg=0.0080, AUC=0.8045, ACC=0.7484, RMSE=0.4070 | Val: Loss=0.5578, BCE=0.5498, Reg=0.0080, AUC=0.7521, ACC=0.7244, RMSE=0.4297
2026-04-19 02:39:44,076 - INFO - [assist_09|assist_09_abce_best_no_E|lr=0.0003|drop=0.20] [Reg Terms] Epoch [010] | Train: graph_entropy=0.000000, graph_diag=0.005000, graph_uniform=0.003049, graph_reg_scale=1.0000, prediction_l2=0.000000, personal_sparse=0.000000, alpha_var=0.000000, alpha_collapse=0.000000, reg_bce_ratio=0.0162 | Val: graph_entropy=0.000000, graph_diag=0.005000, graph_uniform=0.003049, graph_reg_scale=1.0000, prediction_l2=0.000000, personal_sparse=0.000000, alpha_var=0.000000, alpha_collapse=0.000000, reg_bce_ratio=0.0146
2026-04-19 02:39:44,262 - INFO - [assist_09|assist_09_abce_best_no_E|lr=0.0003|drop=0.20] [Diag][AE] Epoch [010] | irt_abs_mean=1.5604, irt_std=0.9036, personal_warmup_scale=1.00, graph_row_entropy=2.5592, graph_entropy_ratio=0.5318, alpha_mean=0.0000, alpha_std=0.0000, alpha_base_mean=0.0000, alpha_delta_absmean=0.0000, alpha_saturation_ratio=0.0000, alpha_bias_std=NA, alpha_state_path=0.0000, alpha_id_path=0.0000, alpha_bias_path=0.0000, head_bias_path=0.0000, personal_row_entropy=0.0000, personal_matrix_delta=0.0000, personal_matrix_student_std=0.0000, personal_delta_pre_softmax_norm=0.0000, personal_delta_student_std=0.0000, alpha_head_std=0.0000, query_row_global_readout_delta=0.0257, query_row_personal_message_delta=0.0000, query_row_posterior_delta_abs=0.0000, query_row_posterior_kl=0.0000, query_row_delta_local_rms_raw=0.0000, query_row_message_projection_gain=0.0000, personal_to_graph_query_ratio=0.0000, query_row_global_support_mass=1.0974, query_row_personal_support_mass=0.0000, neighbor_row_personal_delta=0.0000, personal_row_budget_mean=0.0000, personal_query_row_std=0.0000, readout_query_support_mass=1.0974, personal_student_mix=0.0000, personal_student_adapter=0.0000, local_row_ratio=0.0000, support_density=0.0000, readout_query_delta=0.0257, personal_bad_rows_active=0.00, personal_fallback_rows_active=0.00, personal_bad_row_rate_active=0.0000, personal_padded_rows=0.00, personal_logits_support_absmax=0.0000, personal_query_trust_scale_mean=1.0000, personal_bad_rows_legacy=0.00, personal_fallback_rows_legacy=0.00, personal_logits_absmax_legacy=0.0000
2026-04-19 02:39:44,262 - INFO - [assist_09|assist_09_abce_best_no_E|lr=0.0003|drop=0.20] [Diag][A] Epoch [010] | entropy_ratio=0.5318, diag_mass=0.0500, to_uniform_l2=0.023784, to_identity_l2=0.089156, relation_identity_delta=0.089156, knowledge_state_graph_delta=0.782777, knowledge_state_personal_delta=0.000000, share_concept_embeddings=True, tau_mean=0.6932, tau_std=0.0000, graph_reg_scale(train/val)=1.0000/1.0000
2026-04-19 02:39:44,262 - INFO - [assist_09|assist_09_abce_best_no_E|lr=0.0003|drop=0.20] [Grad Norms] Epoch [010] | relation_emb=4.989710e-01, relation_tau=1.425720e-09, relation_wq=0.000000e+00, relation_wk=0.000000e+00, personal_u=0.000000e+00, personal_v=0.000000e+00, personal_alpha_bias=0.000000e+00, personal_gate_emb=0.000000e+00, personal_gate_state_proj=0.000000e+00, personal_gate_context_proj=0.000000e+00, personal_gate_state_direct=0.000000e+00, personal_gate_id_direct=0.000000e+00, personal_gate_context_direct=0.000000e+00, personal_gate_out=0.000000e+00, personal_generator_emb=0.000000e+00, personal_generator_context_proj=0.000000e+00, personal_generator_context_hidden=0.000000e+00, personal_generator_context_to_u=0.000000e+00, personal_generator_context_to_v=0.000000e+00, personal_generator_state_row=0.000000e+00, personal_generator_state_col=0.000000e+00, personal_generator_id_row=0.000000e+00, personal_generator_id_col=0.000000e+00, personal_generator_state_adapter=0.000000e+00, personal_generator_id_adapter=0.000000e+00, personal_generator_context_adapter=0.000000e+00, personal_generator_direct_scale=0.000000e+00
2026-04-19 02:39:44,536 - INFO - [assist_09|assist_09_abce_best_no_E|lr=0.0003|drop=0.20] -> New best AUC=0.7521 at epoch 10
2026-04-19 02:39:44,559 - INFO - [assist_09|assist_09_abce_best_no_E|lr=0.0003|drop=0.20] Checkpoint saved: checkpoints/abce_diag/remote_rerun_20260419_6ddddcc/assist_09/seed42/best_no_E/checkpoint_epoch_10.pth
2026-04-19 02:39:44,768 - INFO - [assist_09|assist_09_abce_best_no_E|lr=0.0003|drop=0.20] [Module Activity] Epoch 10: Graph[LIVE]
2026-04-19 02:40:26,668 - INFO - [assist_09|assist_09_abce_best_no_E|lr=0.0003|drop=0.20] Epoch [011/100] | Train: Loss=0.5007, BCE=0.4927, Reg=0.0080, AUC=0.8091, ACC=0.7515, RMSE=0.4051 | Val: Loss=0.5573, BCE=0.5493, Reg=0.0080, AUC=0.7528, ACC=0.7236, RMSE=0.4295
2026-04-19 02:40:26,668 - INFO - [assist_09|assist_09_abce_best_no_E|lr=0.0003|drop=0.20] [Reg Terms] Epoch [011] | Train: graph_entropy=0.000000, graph_diag=0.005000, graph_uniform=0.003049, graph_reg_scale=1.0000, prediction_l2=0.000000, personal_sparse=0.000000, alpha_var=0.000000, alpha_collapse=0.000000, reg_bce_ratio=0.0163 | Val: graph_entropy=0.000000, graph_diag=0.005000, graph_uniform=0.003049, graph_reg_scale=1.0000, prediction_l2=0.000000, personal_sparse=0.000000, alpha_var=0.000000, alpha_collapse=0.000000, reg_bce_ratio=0.0147
2026-04-19 02:40:26,871 - INFO - [assist_09|assist_09_abce_best_no_E|lr=0.0003|drop=0.20] [Diag][AE] Epoch [011] | irt_abs_mean=1.5909, irt_std=0.9007, personal_warmup_scale=1.00, graph_row_entropy=2.5592, graph_entropy_ratio=0.5318, alpha_mean=0.0000, alpha_std=0.0000, alpha_base_mean=0.0000, alpha_delta_absmean=0.0000, alpha_saturation_ratio=0.0000, alpha_bias_std=NA, alpha_state_path=0.0000, alpha_id_path=0.0000, alpha_bias_path=0.0000, head_bias_path=0.0000, personal_row_entropy=0.0000, personal_matrix_delta=0.0000, personal_matrix_student_std=0.0000, personal_delta_pre_softmax_norm=0.0000, personal_delta_student_std=0.0000, alpha_head_std=0.0000, query_row_global_readout_delta=0.0269, query_row_personal_message_delta=0.0000, query_row_posterior_delta_abs=0.0000, query_row_posterior_kl=0.0000, query_row_delta_local_rms_raw=0.0000, query_row_message_projection_gain=0.0000, personal_to_graph_query_ratio=0.0000, query_row_global_support_mass=0.9545, query_row_personal_support_mass=0.0000, neighbor_row_personal_delta=0.0000, personal_row_budget_mean=0.0000, personal_query_row_std=0.0000, readout_query_support_mass=0.9545, personal_student_mix=0.0000, personal_student_adapter=0.0000, local_row_ratio=0.0000, support_density=0.0000, readout_query_delta=0.0269, personal_bad_rows_active=0.00, personal_fallback_rows_active=0.00, personal_bad_row_rate_active=0.0000, personal_padded_rows=0.00, personal_logits_support_absmax=0.0000, personal_query_trust_scale_mean=1.0000, personal_bad_rows_legacy=0.00, personal_fallback_rows_legacy=0.00, personal_logits_absmax_legacy=0.0000
2026-04-19 02:40:26,871 - INFO - [assist_09|assist_09_abce_best_no_E|lr=0.0003|drop=0.20] [Diag][A] Epoch [011] | entropy_ratio=0.5318, diag_mass=0.0500, to_uniform_l2=0.023784, to_identity_l2=0.089156, relation_identity_delta=0.089156, knowledge_state_graph_delta=0.794321, knowledge_state_personal_delta=0.000000, share_concept_embeddings=True, tau_mean=0.6932, tau_std=0.0000, graph_reg_scale(train/val)=1.0000/1.0000
2026-04-19 02:40:26,871 - INFO - [assist_09|assist_09_abce_best_no_E|lr=0.0003|drop=0.20] [Grad Norms] Epoch [011] | relation_emb=4.670274e-01, relation_tau=4.060227e-10, relation_wq=0.000000e+00, relation_wk=0.000000e+00, personal_u=0.000000e+00, personal_v=0.000000e+00, personal_alpha_bias=0.000000e+00, personal_gate_emb=0.000000e+00, personal_gate_state_proj=0.000000e+00, personal_gate_context_proj=0.000000e+00, personal_gate_state_direct=0.000000e+00, personal_gate_id_direct=0.000000e+00, personal_gate_context_direct=0.000000e+00, personal_gate_out=0.000000e+00, personal_generator_emb=0.000000e+00, personal_generator_context_proj=0.000000e+00, personal_generator_context_hidden=0.000000e+00, personal_generator_context_to_u=0.000000e+00, personal_generator_context_to_v=0.000000e+00, personal_generator_state_row=0.000000e+00, personal_generator_state_col=0.000000e+00, personal_generator_id_row=0.000000e+00, personal_generator_id_col=0.000000e+00, personal_generator_state_adapter=0.000000e+00, personal_generator_id_adapter=0.000000e+00, personal_generator_context_adapter=0.000000e+00, personal_generator_direct_scale=0.000000e+00
2026-04-19 02:40:27,148 - INFO - [assist_09|assist_09_abce_best_no_E|lr=0.0003|drop=0.20] -> New best AUC=0.7528 at epoch 11
2026-04-19 02:40:49,048 - INFO - [assist_09|assist_09_abce_best_no_A|lr=0.0003|drop=0.20] Epoch [005/100] | Train: Loss=0.5244, BCE=0.5231, Reg=0.0013, AUC=0.7779, ACC=0.7366, RMSE=0.4181 | Val: Loss=0.5536, BCE=0.5523, Reg=0.0013, AUC=0.7469, ACC=0.7184, RMSE=0.4315
2026-04-19 02:40:49,048 - INFO - [assist_09|assist_09_abce_best_no_A|lr=0.0003|drop=0.20] [Reg Terms] Epoch [005] | Train: graph_entropy=0.000000, graph_diag=0.000000, graph_uniform=0.000000, graph_reg_scale=1.0000, prediction_l2=0.000000, personal_sparse=0.000003, alpha_var=0.000000, alpha_collapse=0.000000, reg_bce_ratio=0.0025 | Val: graph_entropy=0.000000, graph_diag=0.000000, graph_uniform=0.000000, graph_reg_scale=1.0000, prediction_l2=0.000000, personal_sparse=0.000003, alpha_var=0.000000, alpha_collapse=0.000024, reg_bce_ratio=0.0024
2026-04-19 02:40:49,238 - INFO - [assist_09|assist_09_abce_best_no_A|lr=0.0003|drop=0.20] [Diag][AE] Epoch [005] | irt_abs_mean=1.4793, irt_std=0.7766, personal_warmup_scale=0.62, graph_row_entropy=0.0000, graph_entropy_ratio=0.0000, alpha_mean=0.0583, alpha_std=0.0566, alpha_base_mean=0.0580, alpha_delta_absmean=0.0569, alpha_saturation_ratio=0.0000, alpha_bias_std=NA, alpha_state_path=1.4241, alpha_id_path=0.0000, alpha_bias_path=0.0000, head_bias_path=1.4072, personal_row_entropy=0.0225, personal_matrix_delta=0.0866, personal_matrix_student_std=0.1478, personal_delta_pre_softmax_norm=1.7742, personal_delta_student_std=0.6608, alpha_head_std=0.0566, query_row_global_readout_delta=0.0000, query_row_personal_message_delta=0.0015, query_row_posterior_delta_abs=0.0866, query_row_posterior_kl=0.0582, query_row_delta_local_rms_raw=0.0335, query_row_message_projection_gain=0.3872, personal_to_graph_query_ratio=0.0000, query_row_global_support_mass=0.0000, query_row_personal_support_mass=0.0000, neighbor_row_personal_delta=0.0000, personal_row_budget_mean=1.0000, personal_query_row_std=0.9643, readout_query_support_mass=0.0000, personal_student_mix=0.0276, personal_student_adapter=0.0380, local_row_ratio=0.0098, support_density=0.1840, readout_query_delta=0.0015, personal_bad_rows_active=0.00, personal_fallback_rows_active=0.00, personal_bad_row_rate_active=0.0000, personal_padded_rows=460.00, personal_logits_support_absmax=4.0325, personal_query_trust_scale_mean=0.9404, personal_bad_rows_legacy=460.00, personal_fallback_rows_legacy=460.00, personal_logits_absmax_legacy=30.0000
2026-04-19 02:40:49,239 - INFO - [assist_09|assist_09_abce_best_no_A|lr=0.0003|drop=0.20] [Diag][A] Epoch [005] | entropy_ratio=0.0000, diag_mass=1.0000, to_uniform_l2=0.089800, to_identity_l2=0.000000, relation_identity_delta=0.000000, knowledge_state_graph_delta=0.000000, knowledge_state_personal_delta=0.000000, share_concept_embeddings=True, tau_mean=0.0000, tau_std=0.0000, graph_reg_scale(train/val)=1.0000/1.0000
2026-04-19 02:40:49,239 - INFO - [assist_09|assist_09_abce_best_no_A|lr=0.0003|drop=0.20] [Grad Norms] Epoch [005] | relation_emb=0.000000e+00, relation_tau=0.000000e+00, relation_wq=0.000000e+00, relation_wk=0.000000e+00, personal_u=1.297289e-21, personal_v=4.866410e-22, personal_alpha_bias=0.000000e+00, personal_gate_emb=0.000000e+00, personal_gate_state_proj=0.000000e+00, personal_gate_context_proj=0.000000e+00, personal_gate_state_direct=9.177357e-05, personal_gate_id_direct=0.000000e+00, personal_gate_context_direct=2.262684e-08, personal_gate_out=0.000000e+00, personal_generator_emb=0.000000e+00, personal_generator_context_proj=0.000000e+00, personal_generator_context_hidden=0.000000e+00, personal_generator_context_to_u=0.000000e+00, personal_generator_context_to_v=0.000000e+00, personal_generator_state_row=0.000000e+00, personal_generator_state_col=0.000000e+00, personal_generator_id_row=0.000000e+00, personal_generator_id_col=0.000000e+00, personal_generator_state_adapter=0.000000e+00, personal_generator_id_adapter=0.000000e+00, personal_generator_context_adapter=0.000000e+00, personal_generator_direct_scale=4.538083e-24
2026-04-19 02:40:49,489 - INFO - [assist_09|assist_09_abce_best_no_A|lr=0.0003|drop=0.20] -> New best AUC=0.7469 at epoch 5
2026-04-19 02:41:03,977 - INFO - [assist_09|assist_09_abce_best_full|lr=0.0003|drop=0.20] Epoch [006/100] | Train: Loss=0.5303, BCE=0.5202, Reg=0.0101, AUC=0.7806, ACC=0.7364, RMSE=0.4171 | Val: Loss=0.5624, BCE=0.5523, Reg=0.0101, AUC=0.7477, ACC=0.7189, RMSE=0.4314
2026-04-19 02:41:03,977 - INFO - [assist_09|assist_09_abce_best_full|lr=0.0003|drop=0.20] [Reg Terms] Epoch [006] | Train: graph_entropy=0.000000, graph_diag=0.005000, graph_uniform=0.003049, graph_reg_scale=1.0000, prediction_l2=0.000000, personal_sparse=0.000239, alpha_var=0.000000, alpha_collapse=0.000000, reg_bce_ratio=0.0194 | Val: graph_entropy=0.000000, graph_diag=0.005000, graph_uniform=0.003049, graph_reg_scale=1.0000, prediction_l2=0.000000, personal_sparse=0.000286, alpha_var=0.000000, alpha_collapse=0.000000, reg_bce_ratio=0.0183
2026-04-19 02:41:04,173 - INFO - [assist_09|assist_09_abce_best_full|lr=0.0003|drop=0.20] [Diag][AE] Epoch [006] | irt_abs_mean=1.5116, irt_std=0.7874, personal_warmup_scale=0.75, graph_row_entropy=2.5592, graph_entropy_ratio=0.5318, alpha_mean=0.0726, alpha_std=0.0519, alpha_base_mean=0.0588, alpha_delta_absmean=0.0420, alpha_saturation_ratio=0.0000, alpha_bias_std=NA, alpha_state_path=1.0381, alpha_id_path=0.0000, alpha_bias_path=0.0000, head_bias_path=1.3845, personal_row_entropy=1.7986, personal_matrix_delta=0.0837, personal_matrix_student_std=0.0504, personal_delta_pre_softmax_norm=2.3389, personal_delta_student_std=1.1890, alpha_head_std=0.0518, query_row_global_readout_delta=0.0392, query_row_personal_message_delta=0.0029, query_row_posterior_delta_abs=0.0837, query_row_posterior_kl=0.0597, query_row_delta_local_rms_raw=0.0361, query_row_message_projection_gain=0.4315, personal_to_graph_query_ratio=0.0752, query_row_global_support_mass=1.0968, query_row_personal_support_mass=1.0968, neighbor_row_personal_delta=0.0000, personal_row_budget_mean=1.0000, personal_query_row_std=0.0945, readout_query_support_mass=1.0968, personal_student_mix=0.0347, personal_student_adapter=0.0398, local_row_ratio=0.2128, support_density=0.4010, readout_query_delta=0.0389, personal_bad_rows_active=0.00, personal_fallback_rows_active=0.00, personal_bad_row_rate_active=0.0000, personal_padded_rows=460.00, personal_logits_support_absmax=5.9462, personal_query_trust_scale_mean=0.9513, personal_bad_rows_legacy=460.00, personal_fallback_rows_legacy=460.00, personal_logits_absmax_legacy=30.0000
2026-04-19 02:41:04,173 - INFO - [assist_09|assist_09_abce_best_full|lr=0.0003|drop=0.20] [Diag][A] Epoch [006] | entropy_ratio=0.5318, diag_mass=0.0500, to_uniform_l2=0.023784, to_identity_l2=0.089156, relation_identity_delta=0.089156, knowledge_state_graph_delta=0.706178, knowledge_state_personal_delta=0.000000, share_concept_embeddings=True, tau_mean=0.6799, tau_std=0.0131, graph_reg_scale(train/val)=1.0000/1.0000
2026-04-19 02:41:04,173 - INFO - [assist_09|assist_09_abce_best_full|lr=0.0003|drop=0.20] [Grad Norms] Epoch [006] | relation_emb=3.964600e-01, relation_tau=6.367701e-11, relation_wq=1.946312e-10, relation_wk=5.862496e-11, personal_u=4.555918e-03, personal_v=4.359332e-03, personal_alpha_bias=0.000000e+00, personal_gate_emb=0.000000e+00, personal_gate_state_proj=0.000000e+00, personal_gate_context_proj=0.000000e+00, personal_gate_state_direct=5.458809e-04, personal_gate_id_direct=0.000000e+00, personal_gate_context_direct=2.120693e-04, personal_gate_out=5.055169e-08, personal_generator_emb=0.000000e+00, personal_generator_context_proj=0.000000e+00, personal_generator_context_hidden=0.000000e+00, personal_generator_context_to_u=0.000000e+00, personal_generator_context_to_v=0.000000e+00, personal_generator_state_row=0.000000e+00, personal_generator_state_col=0.000000e+00, personal_generator_id_row=0.000000e+00, personal_generator_id_col=0.000000e+00, personal_generator_state_adapter=0.000000e+00, personal_generator_id_adapter=0.000000e+00, personal_generator_context_adapter=0.000000e+00, personal_generator_direct_scale=9.051222e-07
2026-04-19 02:41:04,493 - INFO - [assist_09|assist_09_abce_best_full|lr=0.0003|drop=0.20] -> New best AUC=0.7477 at epoch 6
2026-04-19 02:41:10,685 - INFO - [assist_09|assist_09_abce_best_no_E|lr=0.0003|drop=0.20] Epoch [012/100] | Train: Loss=0.4971, BCE=0.4890, Reg=0.0080, AUC=0.8125, ACC=0.7532, RMSE=0.4035 | Val: Loss=0.5567, BCE=0.5487, Reg=0.0080, AUC=0.7531, ACC=0.7235, RMSE=0.4291
2026-04-19 02:41:10,686 - INFO - [assist_09|assist_09_abce_best_no_E|lr=0.0003|drop=0.20] [Reg Terms] Epoch [012] | Train: graph_entropy=0.000000, graph_diag=0.005000, graph_uniform=0.003049, graph_reg_scale=1.0000, prediction_l2=0.000000, personal_sparse=0.000000, alpha_var=0.000000, alpha_collapse=0.000000, reg_bce_ratio=0.0165 | Val: graph_entropy=0.000000, graph_diag=0.005000, graph_uniform=0.003049, graph_reg_scale=1.0000, prediction_l2=0.000000, personal_sparse=0.000000, alpha_var=0.000000, alpha_collapse=0.000000, reg_bce_ratio=0.0147
2026-04-19 02:41:10,863 - INFO - [assist_09|assist_09_abce_best_no_E|lr=0.0003|drop=0.20] [Diag][AE] Epoch [012] | irt_abs_mean=1.5566, irt_std=0.9525, personal_warmup_scale=1.00, graph_row_entropy=2.5592, graph_entropy_ratio=0.5318, alpha_mean=0.0000, alpha_std=0.0000, alpha_base_mean=0.0000, alpha_delta_absmean=0.0000, alpha_saturation_ratio=0.0000, alpha_bias_std=NA, alpha_state_path=0.0000, alpha_id_path=0.0000, alpha_bias_path=0.0000, head_bias_path=0.0000, personal_row_entropy=0.0000, personal_matrix_delta=0.0000, personal_matrix_student_std=0.0000, personal_delta_pre_softmax_norm=0.0000, personal_delta_student_std=0.0000, alpha_head_std=0.0000, query_row_global_readout_delta=0.0306, query_row_personal_message_delta=0.0000, query_row_posterior_delta_abs=0.0000, query_row_posterior_kl=0.0000, query_row_delta_local_rms_raw=0.0000, query_row_message_projection_gain=0.0000, personal_to_graph_query_ratio=0.0000, query_row_global_support_mass=0.9525, query_row_personal_support_mass=0.0000, neighbor_row_personal_delta=0.0000, personal_row_budget_mean=0.0000, personal_query_row_std=0.0000, readout_query_support_mass=0.9525, personal_student_mix=0.0000, personal_student_adapter=0.0000, local_row_ratio=0.0000, support_density=0.0000, readout_query_delta=0.0306, personal_bad_rows_active=0.00, personal_fallback_rows_active=0.00, personal_bad_row_rate_active=0.0000, personal_padded_rows=0.00, personal_logits_support_absmax=0.0000, personal_query_trust_scale_mean=1.0000, personal_bad_rows_legacy=0.00, personal_fallback_rows_legacy=0.00, personal_logits_absmax_legacy=0.0000
2026-04-19 02:41:10,863 - INFO - [assist_09|assist_09_abce_best_no_E|lr=0.0003|drop=0.20] [Diag][A] Epoch [012] | entropy_ratio=0.5318, diag_mass=0.0500, to_uniform_l2=0.023784, to_identity_l2=0.089156, relation_identity_delta=0.089156, knowledge_state_graph_delta=0.802888, knowledge_state_personal_delta=0.000000, share_concept_embeddings=True, tau_mean=0.6931, tau_std=0.0000, graph_reg_scale(train/val)=1.0000/1.0000
2026-04-19 02:41:10,863 - INFO - [assist_09|assist_09_abce_best_no_E|lr=0.0003|drop=0.20] [Grad Norms] Epoch [012] | relation_emb=4.348997e-01, relation_tau=1.107867e-08, relation_wq=0.000000e+00, relation_wk=0.000000e+00, personal_u=0.000000e+00, personal_v=0.000000e+00, personal_alpha_bias=0.000000e+00, personal_gate_emb=0.000000e+00, personal_gate_state_proj=0.000000e+00, personal_gate_context_proj=0.000000e+00, personal_gate_state_direct=0.000000e+00, personal_gate_id_direct=0.000000e+00, personal_gate_context_direct=0.000000e+00, personal_gate_out=0.000000e+00, personal_generator_emb=0.000000e+00, personal_generator_context_proj=0.000000e+00, personal_generator_context_hidden=0.000000e+00, personal_generator_context_to_u=0.000000e+00, personal_generator_context_to_v=0.000000e+00, personal_generator_state_row=0.000000e+00, personal_generator_state_col=0.000000e+00, personal_generator_id_row=0.000000e+00, personal_generator_id_col=0.000000e+00, personal_generator_state_adapter=0.000000e+00, personal_generator_id_adapter=0.000000e+00, personal_generator_context_adapter=0.000000e+00, personal_generator_direct_scale=0.000000e+00
2026-04-19 02:41:11,069 - INFO - [assist_09|assist_09_abce_best_no_E|lr=0.0003|drop=0.20] -> New best AUC=0.7531 at epoch 12
2026-04-19 02:41:53,676 - INFO - [assist_09|assist_09_abce_best_no_E|lr=0.0003|drop=0.20] Epoch [013/100] | Train: Loss=0.4934, BCE=0.4854, Reg=0.0081, AUC=0.8157, ACC=0.7540, RMSE=0.4020 | Val: Loss=0.5565, BCE=0.5484, Reg=0.0080, AUC=0.7536, ACC=0.7239, RMSE=0.4289
2026-04-19 02:41:53,676 - INFO - [assist_09|assist_09_abce_best_no_E|lr=0.0003|drop=0.20] [Reg Terms] Epoch [013] | Train: graph_entropy=0.000000, graph_diag=0.005003, graph_uniform=0.003049, graph_reg_scale=1.0000, prediction_l2=0.000000, personal_sparse=0.000000, alpha_var=0.000000, alpha_collapse=0.000000, reg_bce_ratio=0.0166 | Val: graph_entropy=0.000000, graph_diag=0.005000, graph_uniform=0.003049, graph_reg_scale=1.0000, prediction_l2=0.000000, personal_sparse=0.000000, alpha_var=0.000000, alpha_collapse=0.000000, reg_bce_ratio=0.0147
2026-04-19 02:41:53,858 - INFO - [assist_09|assist_09_abce_best_no_E|lr=0.0003|drop=0.20] [Diag][AE] Epoch [013] | irt_abs_mean=1.5711, irt_std=0.9687, personal_warmup_scale=1.00, graph_row_entropy=2.5592, graph_entropy_ratio=0.5318, alpha_mean=0.0000, alpha_std=0.0000, alpha_base_mean=0.0000, alpha_delta_absmean=0.0000, alpha_saturation_ratio=0.0000, alpha_bias_std=NA, alpha_state_path=0.0000, alpha_id_path=0.0000, alpha_bias_path=0.0000, head_bias_path=0.0000, personal_row_entropy=0.0000, personal_matrix_delta=0.0000, personal_matrix_student_std=0.0000, personal_delta_pre_softmax_norm=0.0000, personal_delta_student_std=0.0000, alpha_head_std=0.0000, query_row_global_readout_delta=0.0289, query_row_personal_message_delta=0.0000, query_row_posterior_delta_abs=0.0000, query_row_posterior_kl=0.0000, query_row_delta_local_rms_raw=0.0000, query_row_message_projection_gain=0.0000, personal_to_graph_query_ratio=0.0000, query_row_global_support_mass=1.2095, query_row_personal_support_mass=0.0000, neighbor_row_personal_delta=0.0000, personal_row_budget_mean=0.0000, personal_query_row_std=0.0000, readout_query_support_mass=1.2095, personal_student_mix=0.0000, personal_student_adapter=0.0000, local_row_ratio=0.0000, support_density=0.0000, readout_query_delta=0.0289, personal_bad_rows_active=0.00, personal_fallback_rows_active=0.00, personal_bad_row_rate_active=0.0000, personal_padded_rows=0.00, personal_logits_support_absmax=0.0000, personal_query_trust_scale_mean=1.0000, personal_bad_rows_legacy=0.00, personal_fallback_rows_legacy=0.00, personal_logits_absmax_legacy=0.0000
2026-04-19 02:41:53,858 - INFO - [assist_09|assist_09_abce_best_no_E|lr=0.0003|drop=0.20] [Diag][A] Epoch [013] | entropy_ratio=0.5318, diag_mass=0.0500, to_uniform_l2=0.023784, to_identity_l2=0.089156, relation_identity_delta=0.089156, knowledge_state_graph_delta=0.811855, knowledge_state_personal_delta=0.000000, share_concept_embeddings=True, tau_mean=0.6931, tau_std=0.0000, graph_reg_scale(train/val)=1.0000/1.0000
2026-04-19 02:41:53,858 - INFO - [assist_09|assist_09_abce_best_no_E|lr=0.0003|drop=0.20] [Grad Norms] Epoch [013] | relation_emb=4.470795e-01, relation_tau=1.773711e-08, relation_wq=0.000000e+00, relation_wk=0.000000e+00, personal_u=0.000000e+00, personal_v=0.000000e+00, personal_alpha_bias=0.000000e+00, personal_gate_emb=0.000000e+00, personal_gate_state_proj=0.000000e+00, personal_gate_context_proj=0.000000e+00, personal_gate_state_direct=0.000000e+00, personal_gate_id_direct=0.000000e+00, personal_gate_context_direct=0.000000e+00, personal_gate_out=0.000000e+00, personal_generator_emb=0.000000e+00, personal_generator_context_proj=0.000000e+00, personal_generator_context_hidden=0.000000e+00, personal_generator_context_to_u=0.000000e+00, personal_generator_context_to_v=0.000000e+00, personal_generator_state_row=0.000000e+00, personal_generator_state_col=0.000000e+00, personal_generator_id_row=0.000000e+00, personal_generator_id_col=0.000000e+00, personal_generator_state_adapter=0.000000e+00, personal_generator_id_adapter=0.000000e+00, personal_generator_context_adapter=0.000000e+00, personal_generator_direct_scale=0.000000e+00
2026-04-19 02:41:54,136 - INFO - [assist_09|assist_09_abce_best_no_E|lr=0.0003|drop=0.20] -> New best AUC=0.7536 at epoch 13
2026-04-19 02:42:22,379 - INFO - [assist_09|assist_09_abce_best_no_A|lr=0.0003|drop=0.20] Epoch [006/100] | Train: Loss=0.5166, BCE=0.5150, Reg=0.0016, AUC=0.7866, ACC=0.7415, RMSE=0.4146 | Val: Loss=0.5542, BCE=0.5526, Reg=0.0016, AUC=0.7467, ACC=0.7185, RMSE=0.4314
2026-04-19 02:42:22,380 - INFO - [assist_09|assist_09_abce_best_no_A|lr=0.0003|drop=0.20] [Reg Terms] Epoch [006] | Train: graph_entropy=0.000000, graph_diag=0.000000, graph_uniform=0.000000, graph_reg_scale=1.0000, prediction_l2=0.000000, personal_sparse=0.000004, alpha_var=0.000000, alpha_collapse=0.000000, reg_bce_ratio=0.0031 | Val: graph_entropy=0.000000, graph_diag=0.000000, graph_uniform=0.000000, graph_reg_scale=1.0000, prediction_l2=0.000000, personal_sparse=0.000004, alpha_var=0.000000, alpha_collapse=0.000029, reg_bce_ratio=0.0029
2026-04-19 02:42:22,574 - INFO - [assist_09|assist_09_abce_best_no_A|lr=0.0003|drop=0.20] [Diag][AE] Epoch [006] | irt_abs_mean=1.4782, irt_std=0.8571, personal_warmup_scale=0.75, graph_row_entropy=0.0000, graph_entropy_ratio=0.0000, alpha_mean=0.0615, alpha_std=0.0577, alpha_base_mean=0.0607, alpha_delta_absmean=0.0490, alpha_saturation_ratio=0.0000, alpha_bias_std=NA, alpha_state_path=1.1869, alpha_id_path=0.0000, alpha_bias_path=0.0000, head_bias_path=1.3419, personal_row_entropy=0.0224, personal_matrix_delta=0.0866, personal_matrix_student_std=0.1497, personal_delta_pre_softmax_norm=1.7731, personal_delta_student_std=0.6453, alpha_head_std=0.0574, query_row_global_readout_delta=0.0000, query_row_personal_message_delta=0.0016, query_row_posterior_delta_abs=0.0866, query_row_posterior_kl=0.0582, query_row_delta_local_rms_raw=0.0433, query_row_message_projection_gain=0.5002, personal_to_graph_query_ratio=0.0000, query_row_global_support_mass=0.0000, query_row_personal_support_mass=0.0000, neighbor_row_personal_delta=0.0000, personal_row_budget_mean=1.0000, personal_query_row_std=0.9631, readout_query_support_mass=0.0000, personal_student_mix=0.0347, personal_student_adapter=0.0398, local_row_ratio=0.0098, support_density=0.1840, readout_query_delta=0.0016, personal_bad_rows_active=0.00, personal_fallback_rows_active=0.00, personal_bad_row_rate_active=0.0000, personal_padded_rows=460.00, personal_logits_support_absmax=4.1312, personal_query_trust_scale_mean=0.9377, personal_bad_rows_legacy=460.00, personal_fallback_rows_legacy=460.00, personal_logits_absmax_legacy=30.0000
2026-04-19 02:42:22,574 - INFO - [assist_09|assist_09_abce_best_no_A|lr=0.0003|drop=0.20] [Diag][A] Epoch [006] | entropy_ratio=0.0000, diag_mass=1.0000, to_uniform_l2=0.089800, to_identity_l2=0.000000, relation_identity_delta=0.000000, knowledge_state_graph_delta=0.000000, knowledge_state_personal_delta=0.000000, share_concept_embeddings=True, tau_mean=0.0000, tau_std=0.0000, graph_reg_scale(train/val)=1.0000/1.0000
2026-04-19 02:42:22,574 - INFO - [assist_09|assist_09_abce_best_no_A|lr=0.0003|drop=0.20] [Grad Norms] Epoch [006] | relation_emb=0.000000e+00, relation_tau=0.000000e+00, relation_wq=0.000000e+00, relation_wk=0.000000e+00, personal_u=0.000000e+00, personal_v=0.000000e+00, personal_alpha_bias=0.000000e+00, personal_gate_emb=0.000000e+00, personal_gate_state_proj=0.000000e+00, personal_gate_context_proj=0.000000e+00, personal_gate_state_direct=4.209325e-05, personal_gate_id_direct=0.000000e+00, personal_gate_context_direct=3.193165e-13, personal_gate_out=0.000000e+00, personal_generator_emb=0.000000e+00, personal_generator_context_proj=0.000000e+00, personal_generator_context_hidden=0.000000e+00, personal_generator_context_to_u=0.000000e+00, personal_generator_context_to_v=0.000000e+00, personal_generator_state_row=0.000000e+00, personal_generator_state_col=0.000000e+00, personal_generator_id_row=0.000000e+00, personal_generator_id_col=0.000000e+00, personal_generator_state_adapter=0.000000e+00, personal_generator_id_adapter=0.000000e+00, personal_generator_context_adapter=0.000000e+00, personal_generator_direct_scale=2.549099e-24
2026-04-19 02:42:22,574 - INFO - [assist_09|assist_09_abce_best_no_A|lr=0.0003|drop=0.20] -> No improvement 1 epoch(s) (best AUC=0.7469 @ 5)
2026-04-19 02:42:26,153 - INFO - [assist_09|assist_09_abce_best_full|lr=0.0003|drop=0.20] Epoch [007/100] | Train: Loss=0.5241, BCE=0.5137, Reg=0.0104, AUC=0.7874, ACC=0.7408, RMSE=0.4142 | Val: Loss=0.5609, BCE=0.5504, Reg=0.0105, AUC=0.7496, ACC=0.7213, RMSE=0.4304
2026-04-19 02:42:26,153 - INFO - [assist_09|assist_09_abce_best_full|lr=0.0003|drop=0.20] [Reg Terms] Epoch [007] | Train: graph_entropy=0.000000, graph_diag=0.005000, graph_uniform=0.003049, graph_reg_scale=1.0000, prediction_l2=0.000000, personal_sparse=0.000278, alpha_var=0.000000, alpha_collapse=0.000000, reg_bce_ratio=0.0203 | Val: graph_entropy=0.000000, graph_diag=0.005000, graph_uniform=0.003049, graph_reg_scale=1.0000, prediction_l2=0.000000, personal_sparse=0.000331, alpha_var=0.000000, alpha_collapse=0.000000, reg_bce_ratio=0.0191
2026-04-19 02:42:26,334 - INFO - [assist_09|assist_09_abce_best_full|lr=0.0003|drop=0.20] [Diag][AE] Epoch [007] | irt_abs_mean=1.5061, irt_std=0.7947, personal_warmup_scale=0.88, graph_row_entropy=2.5592, graph_entropy_ratio=0.5318, alpha_mean=0.0787, alpha_std=0.0536, alpha_base_mean=0.0599, alpha_delta_absmean=0.0378, alpha_saturation_ratio=0.0000, alpha_bias_std=NA, alpha_state_path=0.9347, alpha_id_path=0.0000, alpha_bias_path=0.0000, head_bias_path=1.3582, personal_row_entropy=1.7814, personal_matrix_delta=0.0851, personal_matrix_student_std=0.0512, personal_delta_pre_softmax_norm=2.3166, personal_delta_student_std=1.1885, alpha_head_std=0.0534, query_row_global_readout_delta=0.0359, query_row_personal_message_delta=0.0030, query_row_posterior_delta_abs=0.0851, query_row_posterior_kl=0.0615, query_row_delta_local_rms_raw=0.0349, query_row_message_projection_gain=0.4104, personal_to_graph_query_ratio=0.0839, query_row_global_support_mass=0.7671, query_row_personal_support_mass=0.7671, neighbor_row_personal_delta=0.0000, personal_row_budget_mean=1.0000, personal_query_row_std=0.1066, readout_query_support_mass=0.7671, personal_student_mix=0.0415, personal_student_adapter=0.0400, local_row_ratio=0.2102, support_density=0.4010, readout_query_delta=0.0357, personal_bad_rows_active=0.00, personal_fallback_rows_active=0.00, personal_bad_row_rate_active=0.0000, personal_padded_rows=460.00, personal_logits_support_absmax=6.0494, personal_query_trust_scale_mean=0.9092, personal_bad_rows_legacy=460.00, personal_fallback_rows_legacy=460.00, personal_logits_absmax_legacy=30.0000
2026-04-19 02:42:26,335 - INFO - [assist_09|assist_09_abce_best_full|lr=0.0003|drop=0.20] [Diag][A] Epoch [007] | entropy_ratio=0.5318, diag_mass=0.0500, to_uniform_l2=0.023784, to_identity_l2=0.089156, relation_identity_delta=0.089156, knowledge_state_graph_delta=0.717211, knowledge_state_personal_delta=0.000000, share_concept_embeddings=True, tau_mean=0.6906, tau_std=0.0026, graph_reg_scale(train/val)=1.0000/1.0000
2026-04-19 02:42:26,335 - INFO - [assist_09|assist_09_abce_best_full|lr=0.0003|drop=0.20] [Grad Norms] Epoch [007] | relation_emb=5.007567e-01, relation_tau=2.474906e-09, relation_wq=8.101202e-15, relation_wk=1.604461e-15, personal_u=3.924869e-03, personal_v=3.421148e-03, personal_alpha_bias=0.000000e+00, personal_gate_emb=0.000000e+00, personal_gate_state_proj=0.000000e+00, personal_gate_context_proj=0.000000e+00, personal_gate_state_direct=1.384375e-03, personal_gate_id_direct=0.000000e+00, personal_gate_context_direct=4.474598e-04, personal_gate_out=4.383225e-07, personal_generator_emb=0.000000e+00, personal_generator_context_proj=0.000000e+00, personal_generator_context_hidden=0.000000e+00, personal_generator_context_to_u=0.000000e+00, personal_generator_context_to_v=0.000000e+00, personal_generator_state_row=0.000000e+00, personal_generator_state_col=0.000000e+00, personal_generator_id_row=0.000000e+00, personal_generator_id_col=0.000000e+00, personal_generator_state_adapter=0.000000e+00, personal_generator_id_adapter=0.000000e+00, personal_generator_context_adapter=0.000000e+00, personal_generator_direct_scale=1.396702e-06
2026-04-19 02:42:26,661 - INFO - [assist_09|assist_09_abce_best_full|lr=0.0003|drop=0.20] -> New best AUC=0.7496 at epoch 7
2026-04-19 02:42:34,572 - INFO - [assist_09|assist_09_abce_best_no_E|lr=0.0003|drop=0.20] Epoch [014/100] | Train: Loss=0.4902, BCE=0.4821, Reg=0.0080, AUC=0.8188, ACC=0.7564, RMSE=0.4005 | Val: Loss=0.5592, BCE=0.5512, Reg=0.0080, AUC=0.7533, ACC=0.7241, RMSE=0.4295
2026-04-19 02:42:34,573 - INFO - [assist_09|assist_09_abce_best_no_E|lr=0.0003|drop=0.20] [Reg Terms] Epoch [014] | Train: graph_entropy=0.000000, graph_diag=0.005000, graph_uniform=0.003049, graph_reg_scale=1.0000, prediction_l2=0.000001, personal_sparse=0.000000, alpha_var=0.000000, alpha_collapse=0.000000, reg_bce_ratio=0.0167 | Val: graph_entropy=0.000000, graph_diag=0.005000, graph_uniform=0.003049, graph_reg_scale=1.0000, prediction_l2=0.000001, personal_sparse=0.000000, alpha_var=0.000000, alpha_collapse=0.000000, reg_bce_ratio=0.0146
2026-04-19 02:42:34,752 - INFO - [assist_09|assist_09_abce_best_no_E|lr=0.0003|drop=0.20] [Diag][AE] Epoch [014] | irt_abs_mean=1.6698, irt_std=0.9953, personal_warmup_scale=1.00, graph_row_entropy=2.5592, graph_entropy_ratio=0.5318, alpha_mean=0.0000, alpha_std=0.0000, alpha_base_mean=0.0000, alpha_delta_absmean=0.0000, alpha_saturation_ratio=0.0000, alpha_bias_std=NA, alpha_state_path=0.0000, alpha_id_path=0.0000, alpha_bias_path=0.0000, head_bias_path=0.0000, personal_row_entropy=0.0000, personal_matrix_delta=0.0000, personal_matrix_student_std=0.0000, personal_delta_pre_softmax_norm=0.0000, personal_delta_student_std=0.0000, alpha_head_std=0.0000, query_row_global_readout_delta=0.0253, query_row_personal_message_delta=0.0000, query_row_posterior_delta_abs=0.0000, query_row_posterior_kl=0.0000, query_row_delta_local_rms_raw=0.0000, query_row_message_projection_gain=0.0000, personal_to_graph_query_ratio=0.0000, query_row_global_support_mass=0.9394, query_row_personal_support_mass=0.0000, neighbor_row_personal_delta=0.0000, personal_row_budget_mean=0.0000, personal_query_row_std=0.0000, readout_query_support_mass=0.9394, personal_student_mix=0.0000, personal_student_adapter=0.0000, local_row_ratio=0.0000, support_density=0.0000, readout_query_delta=0.0253, personal_bad_rows_active=0.00, personal_fallback_rows_active=0.00, personal_bad_row_rate_active=0.0000, personal_padded_rows=0.00, personal_logits_support_absmax=0.0000, personal_query_trust_scale_mean=1.0000, personal_bad_rows_legacy=0.00, personal_fallback_rows_legacy=0.00, personal_logits_absmax_legacy=0.0000
2026-04-19 02:42:34,752 - INFO - [assist_09|assist_09_abce_best_no_E|lr=0.0003|drop=0.20] [Diag][A] Epoch [014] | entropy_ratio=0.5318, diag_mass=0.0500, to_uniform_l2=0.023784, to_identity_l2=0.089156, relation_identity_delta=0.089156, knowledge_state_graph_delta=0.840414, knowledge_state_personal_delta=0.000000, share_concept_embeddings=True, tau_mean=0.6931, tau_std=0.0000, graph_reg_scale(train/val)=1.0000/1.0000
2026-04-19 02:42:34,752 - INFO - [assist_09|assist_09_abce_best_no_E|lr=0.0003|drop=0.20] [Grad Norms] Epoch [014] | relation_emb=4.977943e-01, relation_tau=1.359035e-08, relation_wq=1.557742e-19, relation_wk=5.898534e-20, personal_u=0.000000e+00, personal_v=0.000000e+00, personal_alpha_bias=0.000000e+00, personal_gate_emb=0.000000e+00, personal_gate_state_proj=0.000000e+00, personal_gate_context_proj=0.000000e+00, personal_gate_state_direct=0.000000e+00, personal_gate_id_direct=0.000000e+00, personal_gate_context_direct=0.000000e+00, personal_gate_out=0.000000e+00, personal_generator_emb=0.000000e+00, personal_generator_context_proj=0.000000e+00, personal_generator_context_hidden=0.000000e+00, personal_generator_context_to_u=0.000000e+00, personal_generator_context_to_v=0.000000e+00, personal_generator_state_row=0.000000e+00, personal_generator_state_col=0.000000e+00, personal_generator_id_row=0.000000e+00, personal_generator_id_col=0.000000e+00, personal_generator_state_adapter=0.000000e+00, personal_generator_id_adapter=0.000000e+00, personal_generator_context_adapter=0.000000e+00, personal_generator_direct_scale=0.000000e+00
2026-04-19 02:42:34,753 - INFO - [assist_09|assist_09_abce_best_no_E|lr=0.0003|drop=0.20] -> No improvement 1 epoch(s) (best AUC=0.7536 @ 13)
2026-04-19 02:43:16,732 - INFO - [assist_09|assist_09_abce_best_no_E|lr=0.0003|drop=0.20] Epoch [015/100] | Train: Loss=0.4875, BCE=0.4794, Reg=0.0080, AUC=0.8213, ACC=0.7575, RMSE=0.3993 | Val: Loss=0.5570, BCE=0.5490, Reg=0.0080, AUC=0.7552, ACC=0.7262, RMSE=0.4286
2026-04-19 02:43:16,732 - INFO - [assist_09|assist_09_abce_best_no_E|lr=0.0003|drop=0.20] [Reg Terms] Epoch [015] | Train: graph_entropy=0.000000, graph_diag=0.005000, graph_uniform=0.003049, graph_reg_scale=1.0000, prediction_l2=0.000001, personal_sparse=0.000000, alpha_var=0.000000, alpha_collapse=0.000000, reg_bce_ratio=0.0168 | Val: graph_entropy=0.000000, graph_diag=0.005000, graph_uniform=0.003049, graph_reg_scale=1.0000, prediction_l2=0.000001, personal_sparse=0.000000, alpha_var=0.000000, alpha_collapse=0.000000, reg_bce_ratio=0.0147
2026-04-19 02:43:16,917 - INFO - [assist_09|assist_09_abce_best_no_E|lr=0.0003|drop=0.20] [Diag][AE] Epoch [015] | irt_abs_mean=1.6095, irt_std=0.9911, personal_warmup_scale=1.00, graph_row_entropy=2.5592, graph_entropy_ratio=0.5318, alpha_mean=0.0000, alpha_std=0.0000, alpha_base_mean=0.0000, alpha_delta_absmean=0.0000, alpha_saturation_ratio=0.0000, alpha_bias_std=NA, alpha_state_path=0.0000, alpha_id_path=0.0000, alpha_bias_path=0.0000, head_bias_path=0.0000, personal_row_entropy=0.0000, personal_matrix_delta=0.0000, personal_matrix_student_std=0.0000, personal_delta_pre_softmax_norm=0.0000, personal_delta_student_std=0.0000, alpha_head_std=0.0000, query_row_global_readout_delta=0.0278, query_row_personal_message_delta=0.0000, query_row_posterior_delta_abs=0.0000, query_row_posterior_kl=0.0000, query_row_delta_local_rms_raw=0.0000, query_row_message_projection_gain=0.0000, personal_to_graph_query_ratio=0.0000, query_row_global_support_mass=0.8848, query_row_personal_support_mass=0.0000, neighbor_row_personal_delta=0.0000, personal_row_budget_mean=0.0000, personal_query_row_std=0.0000, readout_query_support_mass=0.8848, personal_student_mix=0.0000, personal_student_adapter=0.0000, local_row_ratio=0.0000, support_density=0.0000, readout_query_delta=0.0278, personal_bad_rows_active=0.00, personal_fallback_rows_active=0.00, personal_bad_row_rate_active=0.0000, personal_padded_rows=0.00, personal_logits_support_absmax=0.0000, personal_query_trust_scale_mean=1.0000, personal_bad_rows_legacy=0.00, personal_fallback_rows_legacy=0.00, personal_logits_absmax_legacy=0.0000
2026-04-19 02:43:16,917 - INFO - [assist_09|assist_09_abce_best_no_E|lr=0.0003|drop=0.20] [Diag][A] Epoch [015] | entropy_ratio=0.5318, diag_mass=0.0500, to_uniform_l2=0.023784, to_identity_l2=0.089156, relation_identity_delta=0.089156, knowledge_state_graph_delta=0.850258, knowledge_state_personal_delta=0.000000, share_concept_embeddings=True, tau_mean=0.6932, tau_std=0.0000, graph_reg_scale(train/val)=1.0000/1.0000
2026-04-19 02:43:16,917 - INFO - [assist_09|assist_09_abce_best_no_E|lr=0.0003|drop=0.20] [Grad Norms] Epoch [015] | relation_emb=6.452893e-01, relation_tau=6.693158e-09, relation_wq=2.640534e-10, relation_wk=1.422282e-10, personal_u=0.000000e+00, personal_v=0.000000e+00, personal_alpha_bias=0.000000e+00, personal_gate_emb=0.000000e+00, personal_gate_state_proj=0.000000e+00, personal_gate_context_proj=0.000000e+00, personal_gate_state_direct=0.000000e+00, personal_gate_id_direct=0.000000e+00, personal_gate_context_direct=0.000000e+00, personal_gate_out=0.000000e+00, personal_generator_emb=0.000000e+00, personal_generator_context_proj=0.000000e+00, personal_generator_context_hidden=0.000000e+00, personal_generator_context_to_u=0.000000e+00, personal_generator_context_to_v=0.000000e+00, personal_generator_state_row=0.000000e+00, personal_generator_state_col=0.000000e+00, personal_generator_id_row=0.000000e+00, personal_generator_id_col=0.000000e+00, personal_generator_state_adapter=0.000000e+00, personal_generator_id_adapter=0.000000e+00, personal_generator_context_adapter=0.000000e+00, personal_generator_direct_scale=0.000000e+00
2026-04-19 02:43:17,198 - INFO - [assist_09|assist_09_abce_best_no_E|lr=0.0003|drop=0.20] -> New best AUC=0.7552 at epoch 15
2026-04-19 02:43:47,738 - INFO - [assist_09|assist_09_abce_best_full|lr=0.0003|drop=0.20] Epoch [008/100] | Train: Loss=0.5182, BCE=0.5074, Reg=0.0108, AUC=0.7942, ACC=0.7440, RMSE=0.4115 | Val: Loss=0.5611, BCE=0.5502, Reg=0.0109, AUC=0.7500, ACC=0.7219, RMSE=0.4302
2026-04-19 02:43:47,738 - INFO - [assist_09|assist_09_abce_best_full|lr=0.0003|drop=0.20] [Reg Terms] Epoch [008] | Train: graph_entropy=0.000000, graph_diag=0.005000, graph_uniform=0.003049, graph_reg_scale=1.0000, prediction_l2=0.000000, personal_sparse=0.000318, alpha_var=0.000000, alpha_collapse=0.000000, reg_bce_ratio=0.0212 | Val: graph_entropy=0.000000, graph_diag=0.005000, graph_uniform=0.003049, graph_reg_scale=1.0000, prediction_l2=0.000000, personal_sparse=0.000380, alpha_var=0.000000, alpha_collapse=0.000000, reg_bce_ratio=0.0197
2026-04-19 02:43:47,943 - INFO - [assist_09|assist_09_abce_best_full|lr=0.0003|drop=0.20] [Diag][AE] Epoch [008] | irt_abs_mean=1.5451, irt_std=0.8050, personal_warmup_scale=1.00, graph_row_entropy=2.5592, graph_entropy_ratio=0.5318, alpha_mean=0.0875, alpha_std=0.0569, alpha_base_mean=0.0611, alpha_delta_absmean=0.0363, alpha_saturation_ratio=0.0000, alpha_bias_std=NA, alpha_state_path=0.9243, alpha_id_path=0.0000, alpha_bias_path=0.0000, head_bias_path=1.3314, personal_row_entropy=1.7922, personal_matrix_delta=0.0850, personal_matrix_student_std=0.0507, personal_delta_pre_softmax_norm=2.3317, personal_delta_student_std=1.1994, alpha_head_std=0.0568, query_row_global_readout_delta=0.0288, query_row_personal_message_delta=0.0028, query_row_posterior_delta_abs=0.0850, query_row_posterior_kl=0.0609, query_row_delta_local_rms_raw=0.0277, query_row_message_projection_gain=0.3259, personal_to_graph_query_ratio=0.0962, query_row_global_support_mass=0.7413, query_row_personal_support_mass=0.7413, neighbor_row_personal_delta=0.0000, personal_row_budget_mean=1.0000, personal_query_row_std=0.1005, readout_query_support_mass=0.7413, personal_student_mix=0.0468, personal_student_adapter=0.0400, local_row_ratio=0.2088, support_density=0.4010, readout_query_delta=0.0287, personal_bad_rows_active=0.00, personal_fallback_rows_active=0.00, personal_bad_row_rate_active=0.0000, personal_padded_rows=460.00, personal_logits_support_absmax=6.0506, personal_query_trust_scale_mean=0.9170, personal_bad_rows_legacy=460.00, personal_fallback_rows_legacy=460.00, personal_logits_absmax_legacy=30.0000
2026-04-19 02:43:47,943 - INFO - [assist_09|assist_09_abce_best_full|lr=0.0003|drop=0.20] [Diag][A] Epoch [008] | entropy_ratio=0.5318, diag_mass=0.0500, to_uniform_l2=0.023784, to_identity_l2=0.089156, relation_identity_delta=0.089156, knowledge_state_graph_delta=0.737519, knowledge_state_personal_delta=0.000000, share_concept_embeddings=True, tau_mean=0.6931, tau_std=0.0001, graph_reg_scale(train/val)=1.0000/1.0000
2026-04-19 02:43:47,943 - INFO - [assist_09|assist_09_abce_best_full|lr=0.0003|drop=0.20] [Grad Norms] Epoch [008] | relation_emb=4.737560e-01, relation_tau=5.468943e-09, relation_wq=0.000000e+00, relation_wk=0.000000e+00, personal_u=2.771147e-03, personal_v=2.400532e-03, personal_alpha_bias=0.000000e+00, personal_gate_emb=0.000000e+00, personal_gate_state_proj=0.000000e+00, personal_gate_context_proj=0.000000e+00, personal_gate_state_direct=4.452179e-04, personal_gate_id_direct=0.000000e+00, personal_gate_context_direct=2.131806e-04, personal_gate_out=9.089134e-08, personal_generator_emb=0.000000e+00, personal_generator_context_proj=0.000000e+00, personal_generator_context_hidden=0.000000e+00, personal_generator_context_to_u=0.000000e+00, personal_generator_context_to_v=0.000000e+00, personal_generator_state_row=0.000000e+00, personal_generator_state_col=0.000000e+00, personal_generator_id_row=0.000000e+00, personal_generator_id_col=0.000000e+00, personal_generator_state_adapter=0.000000e+00, personal_generator_id_adapter=0.000000e+00, personal_generator_context_adapter=0.000000e+00, personal_generator_direct_scale=2.315843e-06
2026-04-19 02:43:48,248 - INFO - [assist_09|assist_09_abce_best_full|lr=0.0003|drop=0.20] -> New best AUC=0.7500 at epoch 8
2026-04-19 02:43:59,070 - INFO - [assist_09|assist_09_abce_best_no_E|lr=0.0003|drop=0.20] Epoch [016/100] | Train: Loss=0.4849, BCE=0.4768, Reg=0.0080, AUC=0.8238, ACC=0.7587, RMSE=0.3982 | Val: Loss=0.5584, BCE=0.5504, Reg=0.0080, AUC=0.7537, ACC=0.7253, RMSE=0.4291
2026-04-19 02:43:59,071 - INFO - [assist_09|assist_09_abce_best_no_E|lr=0.0003|drop=0.20] [Reg Terms] Epoch [016] | Train: graph_entropy=0.000000, graph_diag=0.005000, graph_uniform=0.003049, graph_reg_scale=1.0000, prediction_l2=0.000001, personal_sparse=0.000000, alpha_var=0.000000, alpha_collapse=0.000000, reg_bce_ratio=0.0169 | Val: graph_entropy=0.000000, graph_diag=0.005000, graph_uniform=0.003049, graph_reg_scale=1.0000, prediction_l2=0.000001, personal_sparse=0.000000, alpha_var=0.000000, alpha_collapse=0.000000, reg_bce_ratio=0.0146
2026-04-19 02:43:59,223 - INFO - [assist_09|assist_09_abce_best_no_E|lr=0.0003|drop=0.20] [Diag][AE] Epoch [016] | irt_abs_mean=1.7201, irt_std=1.0443, personal_warmup_scale=1.00, graph_row_entropy=2.5592, graph_entropy_ratio=0.5318, alpha_mean=0.0000, alpha_std=0.0000, alpha_base_mean=0.0000, alpha_delta_absmean=0.0000, alpha_saturation_ratio=0.0000, alpha_bias_std=NA, alpha_state_path=0.0000, alpha_id_path=0.0000, alpha_bias_path=0.0000, head_bias_path=0.0000, personal_row_entropy=0.0000, personal_matrix_delta=0.0000, personal_matrix_student_std=0.0000, personal_delta_pre_softmax_norm=0.0000, personal_delta_student_std=0.0000, alpha_head_std=0.0000, query_row_global_readout_delta=0.0266, query_row_personal_message_delta=0.0000, query_row_posterior_delta_abs=0.0000, query_row_posterior_kl=0.0000, query_row_delta_local_rms_raw=0.0000, query_row_message_projection_gain=0.0000, personal_to_graph_query_ratio=0.0000, query_row_global_support_mass=1.0390, query_row_personal_support_mass=0.0000, neighbor_row_personal_delta=0.0000, personal_row_budget_mean=0.0000, personal_query_row_std=0.0000, readout_query_support_mass=1.0390, personal_student_mix=0.0000, personal_student_adapter=0.0000, local_row_ratio=0.0000, support_density=0.0000, readout_query_delta=0.0266, personal_bad_rows_active=0.00, personal_fallback_rows_active=0.00, personal_bad_row_rate_active=0.0000, personal_padded_rows=0.00, personal_logits_support_absmax=0.0000, personal_query_trust_scale_mean=1.0000, personal_bad_rows_legacy=0.00, personal_fallback_rows_legacy=0.00, personal_logits_absmax_legacy=0.0000
2026-04-19 02:43:59,224 - INFO - [assist_09|assist_09_abce_best_no_E|lr=0.0003|drop=0.20] [Diag][A] Epoch [016] | entropy_ratio=0.5318, diag_mass=0.0500, to_uniform_l2=0.023784, to_identity_l2=0.089156, relation_identity_delta=0.089156, knowledge_state_graph_delta=0.857276, knowledge_state_personal_delta=0.000000, share_concept_embeddings=True, tau_mean=0.6931, tau_std=0.0001, graph_reg_scale(train/val)=1.0000/1.0000
2026-04-19 02:43:59,224 - INFO - [assist_09|assist_09_abce_best_no_E|lr=0.0003|drop=0.20] [Grad Norms] Epoch [016] | relation_emb=6.347585e-01, relation_tau=3.872048e-08, relation_wq=2.709330e-07, relation_wk=1.673242e-07, personal_u=0.000000e+00, personal_v=0.000000e+00, personal_alpha_bias=0.000000e+00, personal_gate_emb=0.000000e+00, personal_gate_state_proj=0.000000e+00, personal_gate_context_proj=0.000000e+00, personal_gate_state_direct=0.000000e+00, personal_gate_id_direct=0.000000e+00, personal_gate_context_direct=0.000000e+00, personal_gate_out=0.000000e+00, personal_generator_emb=0.000000e+00, personal_generator_context_proj=0.000000e+00, personal_generator_context_hidden=0.000000e+00, personal_generator_context_to_u=0.000000e+00, personal_generator_context_to_v=0.000000e+00, personal_generator_state_row=0.000000e+00, personal_generator_state_col=0.000000e+00, personal_generator_id_row=0.000000e+00, personal_generator_id_col=0.000000e+00, personal_generator_state_adapter=0.000000e+00, personal_generator_id_adapter=0.000000e+00, personal_generator_context_adapter=0.000000e+00, personal_generator_direct_scale=0.000000e+00
2026-04-19 02:43:59,224 - INFO - [assist_09|assist_09_abce_best_no_E|lr=0.0003|drop=0.20] -> No improvement 1 epoch(s) (best AUC=0.7552 @ 15)
2026-04-19 02:44:00,250 - INFO - [assist_09|assist_09_abce_best_no_A|lr=0.0003|drop=0.20] Epoch [007/100] | Train: Loss=0.5107, BCE=0.5089, Reg=0.0018, AUC=0.7928, ACC=0.7441, RMSE=0.4119 | Val: Loss=0.5540, BCE=0.5521, Reg=0.0019, AUC=0.7478, ACC=0.7212, RMSE=0.4311
2026-04-19 02:44:00,250 - INFO - [assist_09|assist_09_abce_best_no_A|lr=0.0003|drop=0.20] [Reg Terms] Epoch [007] | Train: graph_entropy=0.000000, graph_diag=0.000000, graph_uniform=0.000000, graph_reg_scale=1.0000, prediction_l2=0.000000, personal_sparse=0.000005, alpha_var=0.000000, alpha_collapse=0.000000, reg_bce_ratio=0.0036 | Val: graph_entropy=0.000000, graph_diag=0.000000, graph_uniform=0.000000, graph_reg_scale=1.0000, prediction_l2=0.000000, personal_sparse=0.000005, alpha_var=0.000000, alpha_collapse=0.000042, reg_bce_ratio=0.0034
2026-04-19 02:44:00,439 - INFO - [assist_09|assist_09_abce_best_no_A|lr=0.0003|drop=0.20] [Diag][AE] Epoch [007] | irt_abs_mean=1.5077, irt_std=0.8873, personal_warmup_scale=0.88, graph_row_entropy=0.0000, graph_entropy_ratio=0.0000, alpha_mean=0.0661, alpha_std=0.0560, alpha_base_mean=0.0632, alpha_delta_absmean=0.0408, alpha_saturation_ratio=0.0000, alpha_bias_std=NA, alpha_state_path=0.9626, alpha_id_path=0.0000, alpha_bias_path=0.0000, head_bias_path=1.2821, personal_row_entropy=0.0257, personal_matrix_delta=0.0861, personal_matrix_student_std=0.1470, personal_delta_pre_softmax_norm=1.7752, personal_delta_student_std=0.6527, alpha_head_std=0.0550, query_row_global_readout_delta=0.0000, query_row_personal_message_delta=0.0016, query_row_posterior_delta_abs=0.0861, query_row_posterior_kl=0.0577, query_row_delta_local_rms_raw=0.0316, query_row_message_projection_gain=0.3677, personal_to_graph_query_ratio=0.0000, query_row_global_support_mass=0.0000, query_row_personal_support_mass=0.0000, neighbor_row_personal_delta=0.0000, personal_row_budget_mean=1.0000, personal_query_row_std=0.9654, readout_query_support_mass=0.0000, personal_student_mix=0.0416, personal_student_adapter=0.0400, local_row_ratio=0.0098, support_density=0.1840, readout_query_delta=0.0016, personal_bad_rows_active=0.00, personal_fallback_rows_active=0.00, personal_bad_row_rate_active=0.0000, personal_padded_rows=460.00, personal_logits_support_absmax=4.1419, personal_query_trust_scale_mean=0.9409, personal_bad_rows_legacy=460.00, personal_fallback_rows_legacy=460.00, personal_logits_absmax_legacy=30.0000
2026-04-19 02:44:00,440 - INFO - [assist_09|assist_09_abce_best_no_A|lr=0.0003|drop=0.20] [Diag][A] Epoch [007] | entropy_ratio=0.0000, diag_mass=1.0000, to_uniform_l2=0.089800, to_identity_l2=0.000000, relation_identity_delta=0.000000, knowledge_state_graph_delta=0.000000, knowledge_state_personal_delta=0.000000, share_concept_embeddings=True, tau_mean=0.0000, tau_std=0.0000, graph_reg_scale(train/val)=1.0000/1.0000
2026-04-19 02:44:00,440 - INFO - [assist_09|assist_09_abce_best_no_A|lr=0.0003|drop=0.20] [Grad Norms] Epoch [007] | relation_emb=0.000000e+00, relation_tau=0.000000e+00, relation_wq=0.000000e+00, relation_wk=0.000000e+00, personal_u=8.022328e-18, personal_v=1.300356e-17, personal_alpha_bias=0.000000e+00, personal_gate_emb=0.000000e+00, personal_gate_state_proj=0.000000e+00, personal_gate_context_proj=0.000000e+00, personal_gate_state_direct=8.335035e-05, personal_gate_id_direct=0.000000e+00, personal_gate_context_direct=1.147827e-14, personal_gate_out=0.000000e+00, personal_generator_emb=0.000000e+00, personal_generator_context_proj=0.000000e+00, personal_generator_context_hidden=0.000000e+00, personal_generator_context_to_u=0.000000e+00, personal_generator_context_to_v=0.000000e+00, personal_generator_state_row=0.000000e+00, personal_generator_state_col=0.000000e+00, personal_generator_id_row=0.000000e+00, personal_generator_id_col=0.000000e+00, personal_generator_state_adapter=0.000000e+00, personal_generator_id_adapter=0.000000e+00, personal_generator_context_adapter=0.000000e+00, personal_generator_direct_scale=3.139579e-20
2026-04-19 02:44:00,897 - INFO - [assist_09|assist_09_abce_best_no_A|lr=0.0003|drop=0.20] -> New best AUC=0.7478 at epoch 7
2026-04-19 02:44:40,454 - INFO - [assist_09|assist_09_abce_best_no_E|lr=0.0003|drop=0.20] Epoch [017/100] | Train: Loss=0.4822, BCE=0.4742, Reg=0.0080, AUC=0.8259, ACC=0.7599, RMSE=0.3971 | Val: Loss=0.5601, BCE=0.5521, Reg=0.0080, AUC=0.7545, ACC=0.7252, RMSE=0.4296
2026-04-19 02:44:40,455 - INFO - [assist_09|assist_09_abce_best_no_E|lr=0.0003|drop=0.20] [Reg Terms] Epoch [017] | Train: graph_entropy=0.000000, graph_diag=0.005000, graph_uniform=0.003049, graph_reg_scale=1.0000, prediction_l2=0.000001, personal_sparse=0.000000, alpha_var=0.000000, alpha_collapse=0.000000, reg_bce_ratio=0.0170 | Val: graph_entropy=0.000000, graph_diag=0.005000, graph_uniform=0.003049, graph_reg_scale=1.0000, prediction_l2=0.000001, personal_sparse=0.000000, alpha_var=0.000000, alpha_collapse=0.000000, reg_bce_ratio=0.0146
2026-04-19 02:44:40,639 - INFO - [assist_09|assist_09_abce_best_no_E|lr=0.0003|drop=0.20] [Diag][AE] Epoch [017] | irt_abs_mean=1.6950, irt_std=1.0537, personal_warmup_scale=1.00, graph_row_entropy=2.5592, graph_entropy_ratio=0.5318, alpha_mean=0.0000, alpha_std=0.0000, alpha_base_mean=0.0000, alpha_delta_absmean=0.0000, alpha_saturation_ratio=0.0000, alpha_bias_std=NA, alpha_state_path=0.0000, alpha_id_path=0.0000, alpha_bias_path=0.0000, head_bias_path=0.0000, personal_row_entropy=0.0000, personal_matrix_delta=0.0000, personal_matrix_student_std=0.0000, personal_delta_pre_softmax_norm=0.0000, personal_delta_student_std=0.0000, alpha_head_std=0.0000, query_row_global_readout_delta=0.0266, query_row_personal_message_delta=0.0000, query_row_posterior_delta_abs=0.0000, query_row_posterior_kl=0.0000, query_row_delta_local_rms_raw=0.0000, query_row_message_projection_gain=0.0000, personal_to_graph_query_ratio=0.0000, query_row_global_support_mass=1.0153, query_row_personal_support_mass=0.0000, neighbor_row_personal_delta=0.0000, personal_row_budget_mean=0.0000, personal_query_row_std=0.0000, readout_query_support_mass=1.0153, personal_student_mix=0.0000, personal_student_adapter=0.0000, local_row_ratio=0.0000, support_density=0.0000, readout_query_delta=0.0266, personal_bad_rows_active=0.00, personal_fallback_rows_active=0.00, personal_bad_row_rate_active=0.0000, personal_padded_rows=0.00, personal_logits_support_absmax=0.0000, personal_query_trust_scale_mean=1.0000, personal_bad_rows_legacy=0.00, personal_fallback_rows_legacy=0.00, personal_logits_absmax_legacy=0.0000
2026-04-19 02:44:40,639 - INFO - [assist_09|assist_09_abce_best_no_E|lr=0.0003|drop=0.20] [Diag][A] Epoch [017] | entropy_ratio=0.5318, diag_mass=0.0500, to_uniform_l2=0.023784, to_identity_l2=0.089156, relation_identity_delta=0.089156, knowledge_state_graph_delta=0.864402, knowledge_state_personal_delta=0.000000, share_concept_embeddings=True, tau_mean=0.6932, tau_std=0.0000, graph_reg_scale(train/val)=1.0000/1.0000
2026-04-19 02:44:40,639 - INFO - [assist_09|assist_09_abce_best_no_E|lr=0.0003|drop=0.20] [Grad Norms] Epoch [017] | relation_emb=5.149043e-01, relation_tau=9.225146e-09, relation_wq=3.830861e-07, relation_wk=1.816413e-07, personal_u=0.000000e+00, personal_v=0.000000e+00, personal_alpha_bias=0.000000e+00, personal_gate_emb=0.000000e+00, personal_gate_state_proj=0.000000e+00, personal_gate_context_proj=0.000000e+00, personal_gate_state_direct=0.000000e+00, personal_gate_id_direct=0.000000e+00, personal_gate_context_direct=0.000000e+00, personal_gate_out=0.000000e+00, personal_generator_emb=0.000000e+00, personal_generator_context_proj=0.000000e+00, personal_generator_context_hidden=0.000000e+00, personal_generator_context_to_u=0.000000e+00, personal_generator_context_to_v=0.000000e+00, personal_generator_state_row=0.000000e+00, personal_generator_state_col=0.000000e+00, personal_generator_id_row=0.000000e+00, personal_generator_id_col=0.000000e+00, personal_generator_state_adapter=0.000000e+00, personal_generator_id_adapter=0.000000e+00, personal_generator_context_adapter=0.000000e+00, personal_generator_direct_scale=0.000000e+00
2026-04-19 02:44:40,639 - INFO - [assist_09|assist_09_abce_best_no_E|lr=0.0003|drop=0.20] -> No improvement 2 epoch(s) (best AUC=0.7552 @ 15)
2026-04-19 02:45:11,437 - INFO - [assist_09|assist_09_abce_best_full|lr=0.0003|drop=0.20] Epoch [009/100] | Train: Loss=0.5133, BCE=0.5025, Reg=0.0108, AUC=0.7992, ACC=0.7461, RMSE=0.4094 | Val: Loss=0.5621, BCE=0.5512, Reg=0.0109, AUC=0.7505, ACC=0.7222, RMSE=0.4304
2026-04-19 02:45:11,438 - INFO - [assist_09|assist_09_abce_best_full|lr=0.0003|drop=0.20] [Reg Terms] Epoch [009] | Train: graph_entropy=0.000000, graph_diag=0.005000, graph_uniform=0.003049, graph_reg_scale=1.0000, prediction_l2=0.000000, personal_sparse=0.000320, alpha_var=0.000000, alpha_collapse=0.000000, reg_bce_ratio=0.0214 | Val: graph_entropy=0.000000, graph_diag=0.005000, graph_uniform=0.003049, graph_reg_scale=1.0000, prediction_l2=0.000000, personal_sparse=0.000379, alpha_var=0.000000, alpha_collapse=0.000002, reg_bce_ratio=0.0197
2026-04-19 02:45:11,622 - INFO - [assist_09|assist_09_abce_best_full|lr=0.0003|drop=0.20] [Diag][AE] Epoch [009] | irt_abs_mean=1.6198, irt_std=0.8820, personal_warmup_scale=1.00, graph_row_entropy=2.5592, graph_entropy_ratio=0.5318, alpha_mean=0.0862, alpha_std=0.0537, alpha_base_mean=0.0619, alpha_delta_absmean=0.0329, alpha_saturation_ratio=0.0000, alpha_bias_std=NA, alpha_state_path=0.8194, alpha_id_path=0.0000, alpha_bias_path=0.0000, head_bias_path=1.3129, personal_row_entropy=1.7899, personal_matrix_delta=0.0839, personal_matrix_student_std=0.0509, personal_delta_pre_softmax_norm=2.3203, personal_delta_student_std=1.1852, alpha_head_std=0.0533, query_row_global_readout_delta=0.0271, query_row_personal_message_delta=0.0034, query_row_posterior_delta_abs=0.0839, query_row_posterior_kl=0.0604, query_row_delta_local_rms_raw=0.0377, query_row_message_projection_gain=0.4497, personal_to_graph_query_ratio=0.1258, query_row_global_support_mass=0.8174, query_row_personal_support_mass=0.8174, neighbor_row_personal_delta=0.0000, personal_row_budget_mean=1.0000, personal_query_row_std=0.0969, readout_query_support_mass=0.8174, personal_student_mix=0.0495, personal_student_adapter=0.0400, local_row_ratio=0.2113, support_density=0.4010, readout_query_delta=0.0269, personal_bad_rows_active=0.00, personal_fallback_rows_active=0.00, personal_bad_row_rate_active=0.0000, personal_padded_rows=460.00, personal_logits_support_absmax=6.0077, personal_query_trust_scale_mean=0.8340, personal_bad_rows_legacy=460.00, personal_fallback_rows_legacy=460.00, personal_logits_absmax_legacy=30.0000
2026-04-19 02:45:11,622 - INFO - [assist_09|assist_09_abce_best_full|lr=0.0003|drop=0.20] [Diag][A] Epoch [009] | entropy_ratio=0.5318, diag_mass=0.0500, to_uniform_l2=0.023784, to_identity_l2=0.089156, relation_identity_delta=0.089156, knowledge_state_graph_delta=0.756131, knowledge_state_personal_delta=0.000000, share_concept_embeddings=True, tau_mean=0.6932, tau_std=0.0000, graph_reg_scale(train/val)=1.0000/1.0000
2026-04-19 02:45:11,622 - INFO - [assist_09|assist_09_abce_best_full|lr=0.0003|drop=0.20] [Grad Norms] Epoch [009] | relation_emb=4.199910e-01, relation_tau=1.397338e-08, relation_wq=0.000000e+00, relation_wk=0.000000e+00, personal_u=1.531709e-03, personal_v=1.068877e-03, personal_alpha_bias=0.000000e+00, personal_gate_emb=0.000000e+00, personal_gate_state_proj=0.000000e+00, personal_gate_context_proj=0.000000e+00, personal_gate_state_direct=6.397184e-04, personal_gate_id_direct=0.000000e+00, personal_gate_context_direct=2.003298e-04, personal_gate_out=2.782838e-06, personal_generator_emb=0.000000e+00, personal_generator_context_proj=0.000000e+00, personal_generator_context_hidden=0.000000e+00, personal_generator_context_to_u=0.000000e+00, personal_generator_context_to_v=0.000000e+00, personal_generator_state_row=0.000000e+00, personal_generator_state_col=0.000000e+00, personal_generator_id_row=0.000000e+00, personal_generator_id_col=0.000000e+00, personal_generator_state_adapter=0.000000e+00, personal_generator_id_adapter=0.000000e+00, personal_generator_context_adapter=0.000000e+00, personal_generator_direct_scale=2.681505e-07
2026-04-19 02:45:11,928 - INFO - [assist_09|assist_09_abce_best_full|lr=0.0003|drop=0.20] -> New best AUC=0.7505 at epoch 9
2026-04-19 02:45:21,587 - INFO - [assist_09|assist_09_abce_best_no_E|lr=0.0003|drop=0.20] Epoch [018/100] | Train: Loss=0.4801, BCE=0.4720, Reg=0.0080, AUC=0.8278, ACC=0.7610, RMSE=0.3961 | Val: Loss=0.5591, BCE=0.5511, Reg=0.0080, AUC=0.7553, ACC=0.7254, RMSE=0.4291
2026-04-19 02:45:21,587 - INFO - [assist_09|assist_09_abce_best_no_E|lr=0.0003|drop=0.20] [Reg Terms] Epoch [018] | Train: graph_entropy=0.000000, graph_diag=0.005000, graph_uniform=0.003049, graph_reg_scale=1.0000, prediction_l2=0.000001, personal_sparse=0.000000, alpha_var=0.000000, alpha_collapse=0.000000, reg_bce_ratio=0.0171 | Val: graph_entropy=0.000000, graph_diag=0.005000, graph_uniform=0.003049, graph_reg_scale=1.0000, prediction_l2=0.000001, personal_sparse=0.000000, alpha_var=0.000000, alpha_collapse=0.000000, reg_bce_ratio=0.0146
2026-04-19 02:45:21,774 - INFO - [assist_09|assist_09_abce_best_no_E|lr=0.0003|drop=0.20] [Diag][AE] Epoch [018] | irt_abs_mean=1.6993, irt_std=1.0829, personal_warmup_scale=1.00, graph_row_entropy=2.5592, graph_entropy_ratio=0.5318, alpha_mean=0.0000, alpha_std=0.0000, alpha_base_mean=0.0000, alpha_delta_absmean=0.0000, alpha_saturation_ratio=0.0000, alpha_bias_std=NA, alpha_state_path=0.0000, alpha_id_path=0.0000, alpha_bias_path=0.0000, head_bias_path=0.0000, personal_row_entropy=0.0000, personal_matrix_delta=0.0000, personal_matrix_student_std=0.0000, personal_delta_pre_softmax_norm=0.0000, personal_delta_student_std=0.0000, alpha_head_std=0.0000, query_row_global_readout_delta=0.0277, query_row_personal_message_delta=0.0000, query_row_posterior_delta_abs=0.0000, query_row_posterior_kl=0.0000, query_row_delta_local_rms_raw=0.0000, query_row_message_projection_gain=0.0000, personal_to_graph_query_ratio=0.0000, query_row_global_support_mass=1.3900, query_row_personal_support_mass=0.0000, neighbor_row_personal_delta=0.0000, personal_row_budget_mean=0.0000, personal_query_row_std=0.0000, readout_query_support_mass=1.3900, personal_student_mix=0.0000, personal_student_adapter=0.0000, local_row_ratio=0.0000, support_density=0.0000, readout_query_delta=0.0277, personal_bad_rows_active=0.00, personal_fallback_rows_active=0.00, personal_bad_row_rate_active=0.0000, personal_padded_rows=0.00, personal_logits_support_absmax=0.0000, personal_query_trust_scale_mean=1.0000, personal_bad_rows_legacy=0.00, personal_fallback_rows_legacy=0.00, personal_logits_absmax_legacy=0.0000
2026-04-19 02:45:21,775 - INFO - [assist_09|assist_09_abce_best_no_E|lr=0.0003|drop=0.20] [Diag][A] Epoch [018] | entropy_ratio=0.5318, diag_mass=0.0500, to_uniform_l2=0.023784, to_identity_l2=0.089156, relation_identity_delta=0.089156, knowledge_state_graph_delta=0.872513, knowledge_state_personal_delta=0.000000, share_concept_embeddings=True, tau_mean=0.6932, tau_std=0.0000, graph_reg_scale(train/val)=1.0000/1.0000
2026-04-19 02:45:21,775 - INFO - [assist_09|assist_09_abce_best_no_E|lr=0.0003|drop=0.20] [Grad Norms] Epoch [018] | relation_emb=5.222685e-01, relation_tau=4.520912e-09, relation_wq=3.129502e-07, relation_wk=1.987838e-07, personal_u=0.000000e+00, personal_v=0.000000e+00, personal_alpha_bias=0.000000e+00, personal_gate_emb=0.000000e+00, personal_gate_state_proj=0.000000e+00, personal_gate_context_proj=0.000000e+00, personal_gate_state_direct=0.000000e+00, personal_gate_id_direct=0.000000e+00, personal_gate_context_direct=0.000000e+00, personal_gate_out=0.000000e+00, personal_generator_emb=0.000000e+00, personal_generator_context_proj=0.000000e+00, personal_generator_context_hidden=0.000000e+00, personal_generator_context_to_u=0.000000e+00, personal_generator_context_to_v=0.000000e+00, personal_generator_state_row=0.000000e+00, personal_generator_state_col=0.000000e+00, personal_generator_id_row=0.000000e+00, personal_generator_id_col=0.000000e+00, personal_generator_state_adapter=0.000000e+00, personal_generator_id_adapter=0.000000e+00, personal_generator_context_adapter=0.000000e+00, personal_generator_direct_scale=0.000000e+00
2026-04-19 02:45:22,083 - INFO - [assist_09|assist_09_abce_best_no_E|lr=0.0003|drop=0.20] -> New best AUC=0.7553 at epoch 18
2026-04-19 02:45:39,507 - INFO - [assist_09|assist_09_abce_best_no_A|lr=0.0003|drop=0.20] Epoch [008/100] | Train: Loss=0.5047, BCE=0.5026, Reg=0.0021, AUC=0.7994, ACC=0.7481, RMSE=0.4092 | Val: Loss=0.5553, BCE=0.5531, Reg=0.0021, AUC=0.7498, ACC=0.7210, RMSE=0.4312
2026-04-19 02:45:39,507 - INFO - [assist_09|assist_09_abce_best_no_A|lr=0.0003|drop=0.20] [Reg Terms] Epoch [008] | Train: graph_entropy=0.000000, graph_diag=0.000000, graph_uniform=0.000000, graph_reg_scale=1.0000, prediction_l2=0.000000, personal_sparse=0.000006, alpha_var=0.000000, alpha_collapse=0.000000, reg_bce_ratio=0.0042 | Val: graph_entropy=0.000000, graph_diag=0.000000, graph_uniform=0.000000, graph_reg_scale=1.0000, prediction_l2=0.000000, personal_sparse=0.000005, alpha_var=0.000000, alpha_collapse=0.000038, reg_bce_ratio=0.0038
2026-04-19 02:45:39,679 - INFO - [assist_09|assist_09_abce_best_no_A|lr=0.0003|drop=0.20] [Diag][AE] Epoch [008] | irt_abs_mean=1.6197, irt_std=0.9471, personal_warmup_scale=1.00, graph_row_entropy=0.0000, graph_entropy_ratio=0.0000, alpha_mean=0.0705, alpha_std=0.0646, alpha_base_mean=0.0653, alpha_delta_absmean=0.0442, alpha_saturation_ratio=0.0000, alpha_bias_std=NA, alpha_state_path=1.0552, alpha_id_path=0.0000, alpha_bias_path=0.0000, head_bias_path=1.2345, personal_row_entropy=0.0258, personal_matrix_delta=0.0860, personal_matrix_student_std=0.1393, personal_delta_pre_softmax_norm=1.7765, personal_delta_student_std=0.6564, alpha_head_std=0.0642, query_row_global_readout_delta=0.0000, query_row_personal_message_delta=0.0015, query_row_posterior_delta_abs=0.0860, query_row_posterior_kl=0.0577, query_row_delta_local_rms_raw=0.0289, query_row_message_projection_gain=0.3356, personal_to_graph_query_ratio=0.0000, query_row_global_support_mass=0.0000, query_row_personal_support_mass=0.0000, neighbor_row_personal_delta=0.0000, personal_row_budget_mean=1.0000, personal_query_row_std=0.9672, readout_query_support_mass=0.0000, personal_student_mix=0.0470, personal_student_adapter=0.0400, local_row_ratio=0.0098, support_density=0.1840, readout_query_delta=0.0015, personal_bad_rows_active=0.00, personal_fallback_rows_active=0.00, personal_bad_row_rate_active=0.0000, personal_padded_rows=460.00, personal_logits_support_absmax=4.1411, personal_query_trust_scale_mean=0.9476, personal_bad_rows_legacy=460.00, personal_fallback_rows_legacy=460.00, personal_logits_absmax_legacy=30.0000
2026-04-19 02:45:39,680 - INFO - [assist_09|assist_09_abce_best_no_A|lr=0.0003|drop=0.20] [Diag][A] Epoch [008] | entropy_ratio=0.0000, diag_mass=1.0000, to_uniform_l2=0.089800, to_identity_l2=0.000000, relation_identity_delta=0.000000, knowledge_state_graph_delta=0.000000, knowledge_state_personal_delta=0.000000, share_concept_embeddings=True, tau_mean=0.0000, tau_std=0.0000, graph_reg_scale(train/val)=1.0000/1.0000
2026-04-19 02:45:39,680 - INFO - [assist_09|assist_09_abce_best_no_A|lr=0.0003|drop=0.20] [Grad Norms] Epoch [008] | relation_emb=0.000000e+00, relation_tau=0.000000e+00, relation_wq=0.000000e+00, relation_wk=0.000000e+00, personal_u=1.029145e-18, personal_v=1.062435e-18, personal_alpha_bias=0.000000e+00, personal_gate_emb=0.000000e+00, personal_gate_state_proj=0.000000e+00, personal_gate_context_proj=0.000000e+00, personal_gate_state_direct=2.080080e-04, personal_gate_id_direct=0.000000e+00, personal_gate_context_direct=3.784947e-08, personal_gate_out=0.000000e+00, personal_generator_emb=0.000000e+00, personal_generator_context_proj=0.000000e+00, personal_generator_context_hidden=0.000000e+00, personal_generator_context_to_u=0.000000e+00, personal_generator_context_to_v=0.000000e+00, personal_generator_state_row=0.000000e+00, personal_generator_state_col=0.000000e+00, personal_generator_id_row=0.000000e+00, personal_generator_id_col=0.000000e+00, personal_generator_state_adapter=0.000000e+00, personal_generator_id_adapter=0.000000e+00, personal_generator_context_adapter=0.000000e+00, personal_generator_direct_scale=3.987917e-20
2026-04-19 02:45:39,891 - INFO - [assist_09|assist_09_abce_best_no_A|lr=0.0003|drop=0.20] -> New best AUC=0.7498 at epoch 8
2026-04-19 02:46:04,856 - INFO - [assist_09|assist_09_abce_best_no_E|lr=0.0003|drop=0.20] Epoch [019/100] | Train: Loss=0.4778, BCE=0.4697, Reg=0.0080, AUC=0.8297, ACC=0.7620, RMSE=0.3951 | Val: Loss=0.5569, BCE=0.5488, Reg=0.0080, AUC=0.7552, ACC=0.7246, RMSE=0.4285
2026-04-19 02:46:04,856 - INFO - [assist_09|assist_09_abce_best_no_E|lr=0.0003|drop=0.20] [Reg Terms] Epoch [019] | Train: graph_entropy=0.000000, graph_diag=0.005000, graph_uniform=0.003049, graph_reg_scale=1.0000, prediction_l2=0.000001, personal_sparse=0.000000, alpha_var=0.000000, alpha_collapse=0.000000, reg_bce_ratio=0.0171 | Val: graph_entropy=0.000000, graph_diag=0.005000, graph_uniform=0.003049, graph_reg_scale=1.0000, prediction_l2=0.000001, personal_sparse=0.000000, alpha_var=0.000000, alpha_collapse=0.000000, reg_bce_ratio=0.0147
2026-04-19 02:46:05,045 - INFO - [assist_09|assist_09_abce_best_no_E|lr=0.0003|drop=0.20] [Diag][AE] Epoch [019] | irt_abs_mean=1.6450, irt_std=1.0580, personal_warmup_scale=1.00, graph_row_entropy=2.5592, graph_entropy_ratio=0.5318, alpha_mean=0.0000, alpha_std=0.0000, alpha_base_mean=0.0000, alpha_delta_absmean=0.0000, alpha_saturation_ratio=0.0000, alpha_bias_std=NA, alpha_state_path=0.0000, alpha_id_path=0.0000, alpha_bias_path=0.0000, head_bias_path=0.0000, personal_row_entropy=0.0000, personal_matrix_delta=0.0000, personal_matrix_student_std=0.0000, personal_delta_pre_softmax_norm=0.0000, personal_delta_student_std=0.0000, alpha_head_std=0.0000, query_row_global_readout_delta=0.0316, query_row_personal_message_delta=0.0000, query_row_posterior_delta_abs=0.0000, query_row_posterior_kl=0.0000, query_row_delta_local_rms_raw=0.0000, query_row_message_projection_gain=0.0000, personal_to_graph_query_ratio=0.0000, query_row_global_support_mass=1.3860, query_row_personal_support_mass=0.0000, neighbor_row_personal_delta=0.0000, personal_row_budget_mean=0.0000, personal_query_row_std=0.0000, readout_query_support_mass=1.3860, personal_student_mix=0.0000, personal_student_adapter=0.0000, local_row_ratio=0.0000, support_density=0.0000, readout_query_delta=0.0316, personal_bad_rows_active=0.00, personal_fallback_rows_active=0.00, personal_bad_row_rate_active=0.0000, personal_padded_rows=0.00, personal_logits_support_absmax=0.0000, personal_query_trust_scale_mean=1.0000, personal_bad_rows_legacy=0.00, personal_fallback_rows_legacy=0.00, personal_logits_absmax_legacy=0.0000
2026-04-19 02:46:05,046 - INFO - [assist_09|assist_09_abce_best_no_E|lr=0.0003|drop=0.20] [Diag][A] Epoch [019] | entropy_ratio=0.5318, diag_mass=0.0500, to_uniform_l2=0.023784, to_identity_l2=0.089156, relation_identity_delta=0.089156, knowledge_state_graph_delta=0.865856, knowledge_state_personal_delta=0.000000, share_concept_embeddings=True, tau_mean=0.6931, tau_std=0.0000, graph_reg_scale(train/val)=1.0000/1.0000
2026-04-19 02:46:05,046 - INFO - [assist_09|assist_09_abce_best_no_E|lr=0.0003|drop=0.20] [Grad Norms] Epoch [019] | relation_emb=6.126187e-01, relation_tau=4.122291e-09, relation_wq=4.082358e-07, relation_wk=3.941792e-07, personal_u=0.000000e+00, personal_v=0.000000e+00, personal_alpha_bias=0.000000e+00, personal_gate_emb=0.000000e+00, personal_gate_state_proj=0.000000e+00, personal_gate_context_proj=0.000000e+00, personal_gate_state_direct=0.000000e+00, personal_gate_id_direct=0.000000e+00, personal_gate_context_direct=0.000000e+00, personal_gate_out=0.000000e+00, personal_generator_emb=0.000000e+00, personal_generator_context_proj=0.000000e+00, personal_generator_context_hidden=0.000000e+00, personal_generator_context_to_u=0.000000e+00, personal_generator_context_to_v=0.000000e+00, personal_generator_state_row=0.000000e+00, personal_generator_state_col=0.000000e+00, personal_generator_id_row=0.000000e+00, personal_generator_id_col=0.000000e+00, personal_generator_state_adapter=0.000000e+00, personal_generator_id_adapter=0.000000e+00, personal_generator_context_adapter=0.000000e+00, personal_generator_direct_scale=0.000000e+00
2026-04-19 02:46:05,046 - INFO - [assist_09|assist_09_abce_best_no_E|lr=0.0003|drop=0.20] -> No improvement 1 epoch(s) (best AUC=0.7553 @ 18)
2026-04-19 02:46:33,915 - INFO - [assist_09|assist_09_abce_best_full|lr=0.0003|drop=0.20] Epoch [010/100] | Train: Loss=0.5082, BCE=0.4974, Reg=0.0108, AUC=0.8042, ACC=0.7484, RMSE=0.4072 | Val: Loss=0.5584, BCE=0.5475, Reg=0.0108, AUC=0.7512, ACC=0.7234, RMSE=0.4288
2026-04-19 02:46:33,916 - INFO - [assist_09|assist_09_abce_best_full|lr=0.0003|drop=0.20] [Reg Terms] Epoch [010] | Train: graph_entropy=0.000000, graph_diag=0.005000, graph_uniform=0.003049, graph_reg_scale=1.0000, prediction_l2=0.000000, personal_sparse=0.000317, alpha_var=0.000000, alpha_collapse=0.000000, reg_bce_ratio=0.0217 | Val: graph_entropy=0.000000, graph_diag=0.005000, graph_uniform=0.003049, graph_reg_scale=1.0000, prediction_l2=0.000000, personal_sparse=0.000382, alpha_var=0.000000, alpha_collapse=0.000001, reg_bce_ratio=0.0198
2026-04-19 02:46:34,131 - INFO - [assist_09|assist_09_abce_best_full|lr=0.0003|drop=0.20] [Diag][AE] Epoch [010] | irt_abs_mean=1.4595, irt_std=0.8574, personal_warmup_scale=1.00, graph_row_entropy=2.5592, graph_entropy_ratio=0.5318, alpha_mean=0.0828, alpha_std=0.0540, alpha_base_mean=0.0626, alpha_delta_absmean=0.0330, alpha_saturation_ratio=0.0000, alpha_bias_std=NA, alpha_state_path=0.8022, alpha_id_path=0.0000, alpha_bias_path=0.0000, head_bias_path=1.2961, personal_row_entropy=1.7965, personal_matrix_delta=0.0837, personal_matrix_student_std=0.0506, personal_delta_pre_softmax_norm=2.3360, personal_delta_student_std=1.1950, alpha_head_std=0.0534, query_row_global_readout_delta=0.0344, query_row_personal_message_delta=0.0029, query_row_posterior_delta_abs=0.0837, query_row_posterior_kl=0.0601, query_row_delta_local_rms_raw=0.0375, query_row_message_projection_gain=0.4478, personal_to_graph_query_ratio=0.0838, query_row_global_support_mass=0.9650, query_row_personal_support_mass=0.9650, neighbor_row_personal_delta=0.0000, personal_row_budget_mean=1.0000, personal_query_row_std=0.0946, readout_query_support_mass=0.9650, personal_student_mix=0.0500, personal_student_adapter=0.0400, local_row_ratio=0.2130, support_density=0.4010, readout_query_delta=0.0343, personal_bad_rows_active=0.00, personal_fallback_rows_active=0.00, personal_bad_row_rate_active=0.0000, personal_padded_rows=460.00, personal_logits_support_absmax=5.9191, personal_query_trust_scale_mean=0.9046, personal_bad_rows_legacy=460.00, personal_fallback_rows_legacy=460.00, personal_logits_absmax_legacy=30.0000
2026-04-19 02:46:34,131 - INFO - [assist_09|assist_09_abce_best_full|lr=0.0003|drop=0.20] [Diag][A] Epoch [010] | entropy_ratio=0.5318, diag_mass=0.0500, to_uniform_l2=0.023784, to_identity_l2=0.089156, relation_identity_delta=0.089156, knowledge_state_graph_delta=0.749080, knowledge_state_personal_delta=0.000000, share_concept_embeddings=True, tau_mean=0.6931, tau_std=0.0000, graph_reg_scale(train/val)=1.0000/1.0000
2026-04-19 02:46:34,132 - INFO - [assist_09|assist_09_abce_best_full|lr=0.0003|drop=0.20] [Grad Norms] Epoch [010] | relation_emb=4.496726e-01, relation_tau=2.753804e-09, relation_wq=0.000000e+00, relation_wk=0.000000e+00, personal_u=4.966299e-03, personal_v=4.378549e-03, personal_alpha_bias=0.000000e+00, personal_gate_emb=0.000000e+00, personal_gate_state_proj=0.000000e+00, personal_gate_context_proj=0.000000e+00, personal_gate_state_direct=4.067866e-04, personal_gate_id_direct=0.000000e+00, personal_gate_context_direct=1.400501e-04, personal_gate_out=3.547168e-08, personal_generator_emb=0.000000e+00, personal_generator_context_proj=0.000000e+00, personal_generator_context_hidden=0.000000e+00, personal_generator_context_to_u=0.000000e+00, personal_generator_context_to_v=0.000000e+00, personal_generator_state_row=0.000000e+00, personal_generator_state_col=0.000000e+00, personal_generator_id_row=0.000000e+00, personal_generator_id_col=0.000000e+00, personal_generator_state_adapter=0.000000e+00, personal_generator_id_adapter=0.000000e+00, personal_generator_context_adapter=0.000000e+00, personal_generator_direct_scale=9.462944e-07
2026-04-19 02:46:34,440 - INFO - [assist_09|assist_09_abce_best_full|lr=0.0003|drop=0.20] -> New best AUC=0.7512 at epoch 10
2026-04-19 02:46:34,491 - INFO - [assist_09|assist_09_abce_best_full|lr=0.0003|drop=0.20] Checkpoint saved: checkpoints/abce_diag/remote_rerun_20260419_6ddddcc/assist_09/seed42/best_full/checkpoint_epoch_10.pth
2026-04-19 02:46:34,765 - INFO - [assist_09|assist_09_abce_best_full|lr=0.0003|drop=0.20] [Module Activity] Epoch 10: Graph[LIVE] Personal[RISK]
2026-04-19 02:46:46,815 - INFO - [assist_09|assist_09_abce_best_no_E|lr=0.0003|drop=0.20] Epoch [020/100] | Train: Loss=0.4761, BCE=0.4680, Reg=0.0080, AUC=0.8313, ACC=0.7621, RMSE=0.3944 | Val: Loss=0.5587, BCE=0.5506, Reg=0.0080, AUC=0.7553, ACC=0.7269, RMSE=0.4285
2026-04-19 02:46:46,816 - INFO - [assist_09|assist_09_abce_best_no_E|lr=0.0003|drop=0.20] [Reg Terms] Epoch [020] | Train: graph_entropy=0.000000, graph_diag=0.005000, graph_uniform=0.003049, graph_reg_scale=1.0000, prediction_l2=0.000001, personal_sparse=0.000000, alpha_var=0.000000, alpha_collapse=0.000000, reg_bce_ratio=0.0172 | Val: graph_entropy=0.000000, graph_diag=0.005000, graph_uniform=0.003049, graph_reg_scale=1.0000, prediction_l2=0.000001, personal_sparse=0.000000, alpha_var=0.000000, alpha_collapse=0.000000, reg_bce_ratio=0.0146
2026-04-19 02:46:46,999 - INFO - [assist_09|assist_09_abce_best_no_E|lr=0.0003|drop=0.20] [Diag][AE] Epoch [020] | irt_abs_mean=1.6947, irt_std=1.0905, personal_warmup_scale=1.00, graph_row_entropy=2.5592, graph_entropy_ratio=0.5318, alpha_mean=0.0000, alpha_std=0.0000, alpha_base_mean=0.0000, alpha_delta_absmean=0.0000, alpha_saturation_ratio=0.0000, alpha_bias_std=NA, alpha_state_path=0.0000, alpha_id_path=0.0000, alpha_bias_path=0.0000, head_bias_path=0.0000, personal_row_entropy=0.0000, personal_matrix_delta=0.0000, personal_matrix_student_std=0.0000, personal_delta_pre_softmax_norm=0.0000, personal_delta_student_std=0.0000, alpha_head_std=0.0000, query_row_global_readout_delta=0.0312, query_row_personal_message_delta=0.0000, query_row_posterior_delta_abs=0.0000, query_row_posterior_kl=0.0000, query_row_delta_local_rms_raw=0.0000, query_row_message_projection_gain=0.0000, personal_to_graph_query_ratio=0.0000, query_row_global_support_mass=1.1186, query_row_personal_support_mass=0.0000, neighbor_row_personal_delta=0.0000, personal_row_budget_mean=0.0000, personal_query_row_std=0.0000, readout_query_support_mass=1.1186, personal_student_mix=0.0000, personal_student_adapter=0.0000, local_row_ratio=0.0000, support_density=0.0000, readout_query_delta=0.0312, personal_bad_rows_active=0.00, personal_fallback_rows_active=0.00, personal_bad_row_rate_active=0.0000, personal_padded_rows=0.00, personal_logits_support_absmax=0.0000, personal_query_trust_scale_mean=1.0000, personal_bad_rows_legacy=0.00, personal_fallback_rows_legacy=0.00, personal_logits_absmax_legacy=0.0000
2026-04-19 02:46:46,999 - INFO - [assist_09|assist_09_abce_best_no_E|lr=0.0003|drop=0.20] [Diag][A] Epoch [020] | entropy_ratio=0.5318, diag_mass=0.0500, to_uniform_l2=0.023784, to_identity_l2=0.089156, relation_identity_delta=0.089156, knowledge_state_graph_delta=0.882413, knowledge_state_personal_delta=0.000000, share_concept_embeddings=True, tau_mean=0.6932, tau_std=0.0000, graph_reg_scale(train/val)=1.0000/1.0000
2026-04-19 02:46:46,999 - INFO - [assist_09|assist_09_abce_best_no_E|lr=0.0003|drop=0.20] [Grad Norms] Epoch [020] | relation_emb=5.287943e-01, relation_tau=9.265097e-09, relation_wq=9.209066e-07, relation_wk=1.046974e-06, personal_u=0.000000e+00, personal_v=0.000000e+00, personal_alpha_bias=0.000000e+00, personal_gate_emb=0.000000e+00, personal_gate_state_proj=0.000000e+00, personal_gate_context_proj=0.000000e+00, personal_gate_state_direct=0.000000e+00, personal_gate_id_direct=0.000000e+00, personal_gate_context_direct=0.000000e+00, personal_gate_out=0.000000e+00, personal_generator_emb=0.000000e+00, personal_generator_context_proj=0.000000e+00, personal_generator_context_hidden=0.000000e+00, personal_generator_context_to_u=0.000000e+00, personal_generator_context_to_v=0.000000e+00, personal_generator_state_row=0.000000e+00, personal_generator_state_col=0.000000e+00, personal_generator_id_row=0.000000e+00, personal_generator_id_col=0.000000e+00, personal_generator_state_adapter=0.000000e+00, personal_generator_id_adapter=0.000000e+00, personal_generator_context_adapter=0.000000e+00, personal_generator_direct_scale=0.000000e+00
2026-04-19 02:46:46,999 - INFO - [assist_09|assist_09_abce_best_no_E|lr=0.0003|drop=0.20] -> No improvement 2 epoch(s) (best AUC=0.7553 @ 18)
2026-04-19 02:46:47,031 - INFO - [assist_09|assist_09_abce_best_no_E|lr=0.0003|drop=0.20] Checkpoint saved: checkpoints/abce_diag/remote_rerun_20260419_6ddddcc/assist_09/seed42/best_no_E/checkpoint_epoch_20.pth
2026-04-19 02:46:47,235 - INFO - [assist_09|assist_09_abce_best_no_E|lr=0.0003|drop=0.20] [Module Activity] Epoch 20: Graph[LIVE]
2026-04-19 02:47:14,302 - INFO - [assist_09|assist_09_abce_best_no_A|lr=0.0003|drop=0.20] Epoch [009/100] | Train: Loss=0.5001, BCE=0.4980, Reg=0.0021, AUC=0.8040, ACC=0.7501, RMSE=0.4072 | Val: Loss=0.5564, BCE=0.5542, Reg=0.0021, AUC=0.7501, ACC=0.7235, RMSE=0.4315
2026-04-19 02:47:14,302 - INFO - [assist_09|assist_09_abce_best_no_A|lr=0.0003|drop=0.20] [Reg Terms] Epoch [009] | Train: graph_entropy=0.000000, graph_diag=0.000000, graph_uniform=0.000000, graph_reg_scale=1.0000, prediction_l2=0.000000, personal_sparse=0.000006, alpha_var=0.000000, alpha_collapse=0.000000, reg_bce_ratio=0.0042 | Val: graph_entropy=0.000000, graph_diag=0.000000, graph_uniform=0.000000, graph_reg_scale=1.0000, prediction_l2=0.000000, personal_sparse=0.000005, alpha_var=0.000000, alpha_collapse=0.000038, reg_bce_ratio=0.0038
2026-04-19 02:47:14,504 - INFO - [assist_09|assist_09_abce_best_no_A|lr=0.0003|drop=0.20] [Diag][AE] Epoch [009] | irt_abs_mean=1.6457, irt_std=0.9434, personal_warmup_scale=1.00, graph_row_entropy=0.0000, graph_entropy_ratio=0.0000, alpha_mean=0.0745, alpha_std=0.0548, alpha_base_mean=0.0678, alpha_delta_absmean=0.0349, alpha_saturation_ratio=0.0000, alpha_bias_std=NA, alpha_state_path=0.8080, alpha_id_path=0.0000, alpha_bias_path=0.0000, head_bias_path=1.1810, personal_row_entropy=0.0292, personal_matrix_delta=0.0856, personal_matrix_student_std=0.1572, personal_delta_pre_softmax_norm=1.7759, personal_delta_student_std=0.6585, alpha_head_std=0.0546, query_row_global_readout_delta=0.0000, query_row_personal_message_delta=0.0016, query_row_posterior_delta_abs=0.0856, query_row_posterior_kl=0.0573, query_row_delta_local_rms_raw=0.0258, query_row_message_projection_gain=0.3017, personal_to_graph_query_ratio=0.0000, query_row_global_support_mass=0.0000, query_row_personal_support_mass=0.0000, neighbor_row_personal_delta=0.0000, personal_row_budget_mean=1.0000, personal_query_row_std=0.9660, readout_query_support_mass=0.0000, personal_student_mix=0.0496, personal_student_adapter=0.0400, local_row_ratio=0.0098, support_density=0.1840, readout_query_delta=0.0016, personal_bad_rows_active=0.00, personal_fallback_rows_active=0.00, personal_bad_row_rate_active=0.0000, personal_padded_rows=460.00, personal_logits_support_absmax=4.1406, personal_query_trust_scale_mean=0.9468, personal_bad_rows_legacy=460.00, personal_fallback_rows_legacy=460.00, personal_logits_absmax_legacy=30.0000
2026-04-19 02:47:14,504 - INFO - [assist_09|assist_09_abce_best_no_A|lr=0.0003|drop=0.20] [Diag][A] Epoch [009] | entropy_ratio=0.0000, diag_mass=1.0000, to_uniform_l2=0.089800, to_identity_l2=0.000000, relation_identity_delta=0.000000, knowledge_state_graph_delta=0.000000, knowledge_state_personal_delta=0.000000, share_concept_embeddings=True, tau_mean=0.0000, tau_std=0.0000, graph_reg_scale(train/val)=1.0000/1.0000
2026-04-19 02:47:14,504 - INFO - [assist_09|assist_09_abce_best_no_A|lr=0.0003|drop=0.20] [Grad Norms] Epoch [009] | relation_emb=0.000000e+00, relation_tau=0.000000e+00, relation_wq=0.000000e+00, relation_wk=0.000000e+00, personal_u=0.000000e+00, personal_v=0.000000e+00, personal_alpha_bias=0.000000e+00, personal_gate_emb=0.000000e+00, personal_gate_state_proj=0.000000e+00, personal_gate_context_proj=0.000000e+00, personal_gate_state_direct=1.364749e-05, personal_gate_id_direct=0.000000e+00, personal_gate_context_direct=1.898064e-07, personal_gate_out=0.000000e+00, personal_generator_emb=0.000000e+00, personal_generator_context_proj=0.000000e+00, personal_generator_context_hidden=0.000000e+00, personal_generator_context_to_u=0.000000e+00, personal_generator_context_to_v=0.000000e+00, personal_generator_state_row=0.000000e+00, personal_generator_state_col=0.000000e+00, personal_generator_id_row=0.000000e+00, personal_generator_id_col=0.000000e+00, personal_generator_state_adapter=0.000000e+00, personal_generator_id_adapter=0.000000e+00, personal_generator_context_adapter=0.000000e+00, personal_generator_direct_scale=5.742612e-20
2026-04-19 02:47:14,815 - INFO - [assist_09|assist_09_abce_best_no_A|lr=0.0003|drop=0.20] -> New best AUC=0.7501 at epoch 9
2026-04-19 02:47:30,223 - INFO - [assist_09|assist_09_abce_best_no_E|lr=0.0003|drop=0.20] Epoch [021/100] | Train: Loss=0.4737, BCE=0.4656, Reg=0.0081, AUC=0.8333, ACC=0.7642, RMSE=0.3933 | Val: Loss=0.5587, BCE=0.5506, Reg=0.0080, AUC=0.7556, ACC=0.7271, RMSE=0.4286
2026-04-19 02:47:30,223 - INFO - [assist_09|assist_09_abce_best_no_E|lr=0.0003|drop=0.20] [Reg Terms] Epoch [021] | Train: graph_entropy=0.000000, graph_diag=0.005003, graph_uniform=0.003049, graph_reg_scale=1.0000, prediction_l2=0.000001, personal_sparse=0.000000, alpha_var=0.000000, alpha_collapse=0.000000, reg_bce_ratio=0.0173 | Val: graph_entropy=0.000000, graph_diag=0.005000, graph_uniform=0.003049, graph_reg_scale=1.0000, prediction_l2=0.000001, personal_sparse=0.000000, alpha_var=0.000000, alpha_collapse=0.000000, reg_bce_ratio=0.0146
2026-04-19 02:47:30,405 - INFO - [assist_09|assist_09_abce_best_no_E|lr=0.0003|drop=0.20] [Diag][AE] Epoch [021] | irt_abs_mean=1.7172, irt_std=1.1192, personal_warmup_scale=1.00, graph_row_entropy=2.5592, graph_entropy_ratio=0.5318, alpha_mean=0.0000, alpha_std=0.0000, alpha_base_mean=0.0000, alpha_delta_absmean=0.0000, alpha_saturation_ratio=0.0000, alpha_bias_std=NA, alpha_state_path=0.0000, alpha_id_path=0.0000, alpha_bias_path=0.0000, head_bias_path=0.0000, personal_row_entropy=0.0000, personal_matrix_delta=0.0000, personal_matrix_student_std=0.0000, personal_delta_pre_softmax_norm=0.0000, personal_delta_student_std=0.0000, alpha_head_std=0.0000, query_row_global_readout_delta=0.0328, query_row_personal_message_delta=0.0000, query_row_posterior_delta_abs=0.0000, query_row_posterior_kl=0.0000, query_row_delta_local_rms_raw=0.0000, query_row_message_projection_gain=0.0000, personal_to_graph_query_ratio=0.0000, query_row_global_support_mass=1.1280, query_row_personal_support_mass=0.0000, neighbor_row_personal_delta=0.0000, personal_row_budget_mean=0.0000, personal_query_row_std=0.0000, readout_query_support_mass=1.1280, personal_student_mix=0.0000, personal_student_adapter=0.0000, local_row_ratio=0.0000, support_density=0.0000, readout_query_delta=0.0328, personal_bad_rows_active=0.00, personal_fallback_rows_active=0.00, personal_bad_row_rate_active=0.0000, personal_padded_rows=0.00, personal_logits_support_absmax=0.0000, personal_query_trust_scale_mean=1.0000, personal_bad_rows_legacy=0.00, personal_fallback_rows_legacy=0.00, personal_logits_absmax_legacy=0.0000
2026-04-19 02:47:30,406 - INFO - [assist_09|assist_09_abce_best_no_E|lr=0.0003|drop=0.20] [Diag][A] Epoch [021] | entropy_ratio=0.5318, diag_mass=0.0500, to_uniform_l2=0.023784, to_identity_l2=0.089156, relation_identity_delta=0.089156, knowledge_state_graph_delta=0.884760, knowledge_state_personal_delta=0.000000, share_concept_embeddings=True, tau_mean=0.6932, tau_std=0.0000, graph_reg_scale(train/val)=1.0000/1.0000
2026-04-19 02:47:30,406 - INFO - [assist_09|assist_09_abce_best_no_E|lr=0.0003|drop=0.20] [Grad Norms] Epoch [021] | relation_emb=4.682691e-01, relation_tau=1.207824e-09, relation_wq=3.243216e-07, relation_wk=1.602453e-07, personal_u=0.000000e+00, personal_v=0.000000e+00, personal_alpha_bias=0.000000e+00, personal_gate_emb=0.000000e+00, personal_gate_state_proj=0.000000e+00, personal_gate_context_proj=0.000000e+00, personal_gate_state_direct=0.000000e+00, personal_gate_id_direct=0.000000e+00, personal_gate_context_direct=0.000000e+00, personal_gate_out=0.000000e+00, personal_generator_emb=0.000000e+00, personal_generator_context_proj=0.000000e+00, personal_generator_context_hidden=0.000000e+00, personal_generator_context_to_u=0.000000e+00, personal_generator_context_to_v=0.000000e+00, personal_generator_state_row=0.000000e+00, personal_generator_state_col=0.000000e+00, personal_generator_id_row=0.000000e+00, personal_generator_id_col=0.000000e+00, personal_generator_state_adapter=0.000000e+00, personal_generator_id_adapter=0.000000e+00, personal_generator_context_adapter=0.000000e+00, personal_generator_direct_scale=0.000000e+00
2026-04-19 02:47:30,661 - INFO - [assist_09|assist_09_abce_best_no_E|lr=0.0003|drop=0.20] -> New best AUC=0.7556 at epoch 21
2026-04-19 02:47:59,161 - INFO - [assist_09|assist_09_abce_best_full|lr=0.0003|drop=0.20] Epoch [011/100] | Train: Loss=0.5036, BCE=0.4929, Reg=0.0108, AUC=0.8086, ACC=0.7506, RMSE=0.4052 | Val: Loss=0.5627, BCE=0.5519, Reg=0.0108, AUC=0.7514, ACC=0.7224, RMSE=0.4303
2026-04-19 02:47:59,162 - INFO - [assist_09|assist_09_abce_best_full|lr=0.0003|drop=0.20] [Reg Terms] Epoch [011] | Train: graph_entropy=0.000000, graph_diag=0.005000, graph_uniform=0.003049, graph_reg_scale=1.0000, prediction_l2=0.000000, personal_sparse=0.000317, alpha_var=0.000000, alpha_collapse=0.000000, reg_bce_ratio=0.0218 | Val: graph_entropy=0.000000, graph_diag=0.005000, graph_uniform=0.003049, graph_reg_scale=1.0000, prediction_l2=0.000000, personal_sparse=0.000381, alpha_var=0.000000, alpha_collapse=0.000001, reg_bce_ratio=0.0196
2026-04-19 02:47:59,362 - INFO - [assist_09|assist_09_abce_best_full|lr=0.0003|drop=0.20] [Diag][AE] Epoch [011] | irt_abs_mean=1.5994, irt_std=0.9240, personal_warmup_scale=1.00, graph_row_entropy=2.5592, graph_entropy_ratio=0.5318, alpha_mean=0.0832, alpha_std=0.0536, alpha_base_mean=0.0634, alpha_delta_absmean=0.0328, alpha_saturation_ratio=0.0000, alpha_bias_std=NA, alpha_state_path=0.7923, alpha_id_path=0.0000, alpha_bias_path=0.0000, head_bias_path=1.2785, personal_row_entropy=1.7992, personal_matrix_delta=0.0830, personal_matrix_student_std=0.0510, personal_delta_pre_softmax_norm=2.3225, personal_delta_student_std=1.1930, alpha_head_std=0.0532, query_row_global_readout_delta=0.0283, query_row_personal_message_delta=0.0029, query_row_posterior_delta_abs=0.0830, query_row_posterior_kl=0.0595, query_row_delta_local_rms_raw=0.0367, query_row_message_projection_gain=0.4417, personal_to_graph_query_ratio=0.1023, query_row_global_support_mass=0.7765, query_row_personal_support_mass=0.7765, neighbor_row_personal_delta=0.0000, personal_row_budget_mean=1.0000, personal_query_row_std=0.1103, readout_query_support_mass=0.7765, personal_student_mix=0.0502, personal_student_adapter=0.0400, local_row_ratio=0.2092, support_density=0.4010, readout_query_delta=0.0282, personal_bad_rows_active=0.00, personal_fallback_rows_active=0.00, personal_bad_row_rate_active=0.0000, personal_padded_rows=460.00, personal_logits_support_absmax=5.9456, personal_query_trust_scale_mean=0.8592, personal_bad_rows_legacy=460.00, personal_fallback_rows_legacy=460.00, personal_logits_absmax_legacy=30.0000
2026-04-19 02:47:59,363 - INFO - [assist_09|assist_09_abce_best_full|lr=0.0003|drop=0.20] [Diag][A] Epoch [011] | entropy_ratio=0.5318, diag_mass=0.0500, to_uniform_l2=0.023784, to_identity_l2=0.089156, relation_identity_delta=0.089156, knowledge_state_graph_delta=0.780082, knowledge_state_personal_delta=0.000000, share_concept_embeddings=True, tau_mean=0.6932, tau_std=0.0000, graph_reg_scale(train/val)=1.0000/1.0000
2026-04-19 02:47:59,363 - INFO - [assist_09|assist_09_abce_best_full|lr=0.0003|drop=0.20] [Grad Norms] Epoch [011] | relation_emb=4.903192e-01, relation_tau=6.400226e-09, relation_wq=0.000000e+00, relation_wk=0.000000e+00, personal_u=4.493765e-03, personal_v=2.826631e-03, personal_alpha_bias=0.000000e+00, personal_gate_emb=0.000000e+00, personal_gate_state_proj=0.000000e+00, personal_gate_context_proj=0.000000e+00, personal_gate_state_direct=9.307321e-04, personal_gate_id_direct=0.000000e+00, personal_gate_context_direct=1.916067e-04, personal_gate_out=1.151675e-07, personal_generator_emb=0.000000e+00, personal_generator_context_proj=0.000000e+00, personal_generator_context_hidden=0.000000e+00, personal_generator_context_to_u=0.000000e+00, personal_generator_context_to_v=0.000000e+00, personal_generator_state_row=0.000000e+00, personal_generator_state_col=0.000000e+00, personal_generator_id_row=0.000000e+00, personal_generator_id_col=0.000000e+00, personal_generator_state_adapter=0.000000e+00, personal_generator_id_adapter=0.000000e+00, personal_generator_context_adapter=0.000000e+00, personal_generator_direct_scale=2.127057e-06
2026-04-19 02:47:59,687 - INFO - [assist_09|assist_09_abce_best_full|lr=0.0003|drop=0.20] -> New best AUC=0.7514 at epoch 11
2026-04-19 02:48:12,533 - INFO - [assist_09|assist_09_abce_best_no_E|lr=0.0003|drop=0.20] Epoch [022/100] | Train: Loss=0.4723, BCE=0.4643, Reg=0.0080, AUC=0.8347, ACC=0.7644, RMSE=0.3927 | Val: Loss=0.5606, BCE=0.5525, Reg=0.0080, AUC=0.7558, ACC=0.7274, RMSE=0.4289
2026-04-19 02:48:12,533 - INFO - [assist_09|assist_09_abce_best_no_E|lr=0.0003|drop=0.20] [Reg Terms] Epoch [022] | Train: graph_entropy=0.000000, graph_diag=0.005000, graph_uniform=0.003049, graph_reg_scale=1.0000, prediction_l2=0.000001, personal_sparse=0.000000, alpha_var=0.000000, alpha_collapse=0.000000, reg_bce_ratio=0.0173 | Val: graph_entropy=0.000000, graph_diag=0.005000, graph_uniform=0.003049, graph_reg_scale=1.0000, prediction_l2=0.000001, personal_sparse=0.000000, alpha_var=0.000000, alpha_collapse=0.000000, reg_bce_ratio=0.0146
2026-04-19 02:48:12,718 - INFO - [assist_09|assist_09_abce_best_no_E|lr=0.0003|drop=0.20] [Diag][AE] Epoch [022] | irt_abs_mean=1.7375, irt_std=1.1224, personal_warmup_scale=1.00, graph_row_entropy=2.5592, graph_entropy_ratio=0.5318, alpha_mean=0.0000, alpha_std=0.0000, alpha_base_mean=0.0000, alpha_delta_absmean=0.0000, alpha_saturation_ratio=0.0000, alpha_bias_std=NA, alpha_state_path=0.0000, alpha_id_path=0.0000, alpha_bias_path=0.0000, head_bias_path=0.0000, personal_row_entropy=0.0000, personal_matrix_delta=0.0000, personal_matrix_student_std=0.0000, personal_delta_pre_softmax_norm=0.0000, personal_delta_student_std=0.0000, alpha_head_std=0.0000, query_row_global_readout_delta=0.0307, query_row_personal_message_delta=0.0000, query_row_posterior_delta_abs=0.0000, query_row_posterior_kl=0.0000, query_row_delta_local_rms_raw=0.0000, query_row_message_projection_gain=0.0000, personal_to_graph_query_ratio=0.0000, query_row_global_support_mass=1.1091, query_row_personal_support_mass=0.0000, neighbor_row_personal_delta=0.0000, personal_row_budget_mean=0.0000, personal_query_row_std=0.0000, readout_query_support_mass=1.1091, personal_student_mix=0.0000, personal_student_adapter=0.0000, local_row_ratio=0.0000, support_density=0.0000, readout_query_delta=0.0307, personal_bad_rows_active=0.00, personal_fallback_rows_active=0.00, personal_bad_row_rate_active=0.0000, personal_padded_rows=0.00, personal_logits_support_absmax=0.0000, personal_query_trust_scale_mean=1.0000, personal_bad_rows_legacy=0.00, personal_fallback_rows_legacy=0.00, personal_logits_absmax_legacy=0.0000
2026-04-19 02:48:12,718 - INFO - [assist_09|assist_09_abce_best_no_E|lr=0.0003|drop=0.20] [Diag][A] Epoch [022] | entropy_ratio=0.5318, diag_mass=0.0500, to_uniform_l2=0.023784, to_identity_l2=0.089156, relation_identity_delta=0.089156, knowledge_state_graph_delta=0.893066, knowledge_state_personal_delta=0.000000, share_concept_embeddings=True, tau_mean=0.6932, tau_std=0.0000, graph_reg_scale(train/val)=1.0000/1.0000
2026-04-19 02:48:12,719 - INFO - [assist_09|assist_09_abce_best_no_E|lr=0.0003|drop=0.20] [Grad Norms] Epoch [022] | relation_emb=5.135141e-01, relation_tau=6.427997e-09, relation_wq=7.976278e-07, relation_wk=2.939139e-07, personal_u=0.000000e+00, personal_v=0.000000e+00, personal_alpha_bias=0.000000e+00, personal_gate_emb=0.000000e+00, personal_gate_state_proj=0.000000e+00, personal_gate_context_proj=0.000000e+00, personal_gate_state_direct=0.000000e+00, personal_gate_id_direct=0.000000e+00, personal_gate_context_direct=0.000000e+00, personal_gate_out=0.000000e+00, personal_generator_emb=0.000000e+00, personal_generator_context_proj=0.000000e+00, personal_generator_context_hidden=0.000000e+00, personal_generator_context_to_u=0.000000e+00, personal_generator_context_to_v=0.000000e+00, personal_generator_state_row=0.000000e+00, personal_generator_state_col=0.000000e+00, personal_generator_id_row=0.000000e+00, personal_generator_id_col=0.000000e+00, personal_generator_state_adapter=0.000000e+00, personal_generator_id_adapter=0.000000e+00, personal_generator_context_adapter=0.000000e+00, personal_generator_direct_scale=0.000000e+00
2026-04-19 02:48:13,020 - INFO - [assist_09|assist_09_abce_best_no_E|lr=0.0003|drop=0.20] -> New best AUC=0.7558 at epoch 22
2026-04-19 02:48:52,279 - INFO - [assist_09|assist_09_abce_best_no_A|lr=0.0003|drop=0.20] Epoch [010/100] | Train: Loss=0.4952, BCE=0.4930, Reg=0.0021, AUC=0.8089, ACC=0.7517, RMSE=0.4051 | Val: Loss=0.5543, BCE=0.5522, Reg=0.0021, AUC=0.7509, ACC=0.7228, RMSE=0.4306
2026-04-19 02:48:52,279 - INFO - [assist_09|assist_09_abce_best_no_A|lr=0.0003|drop=0.20] [Reg Terms] Epoch [010] | Train: graph_entropy=0.000000, graph_diag=0.000000, graph_uniform=0.000000, graph_reg_scale=1.0000, prediction_l2=0.000000, personal_sparse=0.000006, alpha_var=0.000000, alpha_collapse=0.000000, reg_bce_ratio=0.0043 | Val: graph_entropy=0.000000, graph_diag=0.000000, graph_uniform=0.000000, graph_reg_scale=1.0000, prediction_l2=0.000000, personal_sparse=0.000005, alpha_var=0.000000, alpha_collapse=0.000038, reg_bce_ratio=0.0039
2026-04-19 02:48:52,466 - INFO - [assist_09|assist_09_abce_best_no_A|lr=0.0003|drop=0.20] [Diag][AE] Epoch [010] | irt_abs_mean=1.6303, irt_std=0.9881, personal_warmup_scale=1.00, graph_row_entropy=0.0000, graph_entropy_ratio=0.0000, alpha_mean=0.0755, alpha_std=0.0592, alpha_base_mean=0.0699, alpha_delta_absmean=0.0392, alpha_saturation_ratio=0.0000, alpha_bias_std=NA, alpha_state_path=0.9221, alpha_id_path=0.0000, alpha_bias_path=0.0000, head_bias_path=1.1370, personal_row_entropy=0.0269, personal_matrix_delta=0.0860, personal_matrix_student_std=0.1539, personal_delta_pre_softmax_norm=1.7757, personal_delta_student_std=0.6615, alpha_head_std=0.0587, query_row_global_readout_delta=0.0000, query_row_personal_message_delta=0.0017, query_row_posterior_delta_abs=0.0860, query_row_posterior_kl=0.0576, query_row_delta_local_rms_raw=0.0263, query_row_message_projection_gain=0.3059, personal_to_graph_query_ratio=0.0000, query_row_global_support_mass=0.0000, query_row_personal_support_mass=0.0000, neighbor_row_personal_delta=0.0000, personal_row_budget_mean=1.0000, personal_query_row_std=0.9654, readout_query_support_mass=0.0000, personal_student_mix=0.0500, personal_student_adapter=0.0400, local_row_ratio=0.0098, support_density=0.1840, readout_query_delta=0.0017, personal_bad_rows_active=0.00, personal_fallback_rows_active=0.00, personal_bad_row_rate_active=0.0000, personal_padded_rows=460.00, personal_logits_support_absmax=4.1417, personal_query_trust_scale_mean=0.9283, personal_bad_rows_legacy=460.00, personal_fallback_rows_legacy=460.00, personal_logits_absmax_legacy=30.0000
2026-04-19 02:48:52,467 - INFO - [assist_09|assist_09_abce_best_no_A|lr=0.0003|drop=0.20] [Diag][A] Epoch [010] | entropy_ratio=0.0000, diag_mass=1.0000, to_uniform_l2=0.089800, to_identity_l2=0.000000, relation_identity_delta=0.000000, knowledge_state_graph_delta=0.000000, knowledge_state_personal_delta=0.000000, share_concept_embeddings=True, tau_mean=0.0000, tau_std=0.0000, graph_reg_scale(train/val)=1.0000/1.0000
2026-04-19 02:48:52,467 - INFO - [assist_09|assist_09_abce_best_no_A|lr=0.0003|drop=0.20] [Grad Norms] Epoch [010] | relation_emb=0.000000e+00, relation_tau=0.000000e+00, relation_wq=0.000000e+00, relation_wk=0.000000e+00, personal_u=6.927142e-05, personal_v=6.598844e-05, personal_alpha_bias=0.000000e+00, personal_gate_emb=0.000000e+00, personal_gate_state_proj=0.000000e+00, personal_gate_context_proj=0.000000e+00, personal_gate_state_direct=1.635452e-05, personal_gate_id_direct=0.000000e+00, personal_gate_context_direct=2.200829e-07, personal_gate_out=0.000000e+00, personal_generator_emb=0.000000e+00, personal_generator_context_proj=0.000000e+00, personal_generator_context_hidden=0.000000e+00, personal_generator_context_to_u=0.000000e+00, personal_generator_context_to_v=0.000000e+00, personal_generator_state_row=0.000000e+00, personal_generator_state_col=0.000000e+00, personal_generator_id_row=0.000000e+00, personal_generator_id_col=0.000000e+00, personal_generator_state_adapter=0.000000e+00, personal_generator_id_adapter=0.000000e+00, personal_generator_context_adapter=0.000000e+00, personal_generator_direct_scale=2.839857e-09
2026-04-19 02:48:52,781 - INFO - [assist_09|assist_09_abce_best_no_A|lr=0.0003|drop=0.20] -> New best AUC=0.7509 at epoch 10
2026-04-19 02:48:52,837 - INFO - [assist_09|assist_09_abce_best_no_A|lr=0.0003|drop=0.20] Checkpoint saved: checkpoints/abce_diag/remote_rerun_20260419_6ddddcc/assist_09/seed42/best_no_A/checkpoint_epoch_10.pth
2026-04-19 02:48:53,139 - INFO - [assist_09|assist_09_abce_best_no_A|lr=0.0003|drop=0.20] [Module Activity] Epoch 10: Personal[WEAK]
2026-04-19 02:48:55,060 - INFO - [assist_09|assist_09_abce_best_no_E|lr=0.0003|drop=0.20] Epoch [023/100] | Train: Loss=0.4704, BCE=0.4624, Reg=0.0080, AUC=0.8360, ACC=0.7657, RMSE=0.3919 | Val: Loss=0.5611, BCE=0.5531, Reg=0.0080, AUC=0.7565, ACC=0.7273, RMSE=0.4289
2026-04-19 02:48:55,060 - INFO - [assist_09|assist_09_abce_best_no_E|lr=0.0003|drop=0.20] [Reg Terms] Epoch [023] | Train: graph_entropy=0.000000, graph_diag=0.005000, graph_uniform=0.003049, graph_reg_scale=1.0000, prediction_l2=0.000001, personal_sparse=0.000000, alpha_var=0.000000, alpha_collapse=0.000000, reg_bce_ratio=0.0174 | Val: graph_entropy=0.000000, graph_diag=0.005000, graph_uniform=0.003049, graph_reg_scale=1.0000, prediction_l2=0.000001, personal_sparse=0.000000, alpha_var=0.000000, alpha_collapse=0.000000, reg_bce_ratio=0.0146
2026-04-19 02:48:55,244 - INFO - [assist_09|assist_09_abce_best_no_E|lr=0.0003|drop=0.20] [Diag][AE] Epoch [023] | irt_abs_mean=1.7604, irt_std=1.1531, personal_warmup_scale=1.00, graph_row_entropy=2.5592, graph_entropy_ratio=0.5318, alpha_mean=0.0000, alpha_std=0.0000, alpha_base_mean=0.0000, alpha_delta_absmean=0.0000, alpha_saturation_ratio=0.0000, alpha_bias_std=NA, alpha_state_path=0.0000, alpha_id_path=0.0000, alpha_bias_path=0.0000, head_bias_path=0.0000, personal_row_entropy=0.0000, personal_matrix_delta=0.0000, personal_matrix_student_std=0.0000, personal_delta_pre_softmax_norm=0.0000, personal_delta_student_std=0.0000, alpha_head_std=0.0000, query_row_global_readout_delta=0.0322, query_row_personal_message_delta=0.0000, query_row_posterior_delta_abs=0.0000, query_row_posterior_kl=0.0000, query_row_delta_local_rms_raw=0.0000, query_row_message_projection_gain=0.0000, personal_to_graph_query_ratio=0.0000, query_row_global_support_mass=1.3684, query_row_personal_support_mass=0.0000, neighbor_row_personal_delta=0.0000, personal_row_budget_mean=0.0000, personal_query_row_std=0.0000, readout_query_support_mass=1.3684, personal_student_mix=0.0000, personal_student_adapter=0.0000, local_row_ratio=0.0000, support_density=0.0000, readout_query_delta=0.0322, personal_bad_rows_active=0.00, personal_fallback_rows_active=0.00, personal_bad_row_rate_active=0.0000, personal_padded_rows=0.00, personal_logits_support_absmax=0.0000, personal_query_trust_scale_mean=1.0000, personal_bad_rows_legacy=0.00, personal_fallback_rows_legacy=0.00, personal_logits_absmax_legacy=0.0000
2026-04-19 02:48:55,245 - INFO - [assist_09|assist_09_abce_best_no_E|lr=0.0003|drop=0.20] [Diag][A] Epoch [023] | entropy_ratio=0.5318, diag_mass=0.0500, to_uniform_l2=0.023784, to_identity_l2=0.089156, relation_identity_delta=0.089156, knowledge_state_graph_delta=0.897014, knowledge_state_personal_delta=0.000000, share_concept_embeddings=True, tau_mean=0.6932, tau_std=0.0000, graph_reg_scale(train/val)=1.0000/1.0000
2026-04-19 02:48:55,245 - INFO - [assist_09|assist_09_abce_best_no_E|lr=0.0003|drop=0.20] [Grad Norms] Epoch [023] | relation_emb=6.674991e-01, relation_tau=6.044418e-09, relation_wq=1.389490e-06, relation_wk=1.254074e-06, personal_u=0.000000e+00, personal_v=0.000000e+00, personal_alpha_bias=0.000000e+00, personal_gate_emb=0.000000e+00, personal_gate_state_proj=0.000000e+00, personal_gate_context_proj=0.000000e+00, personal_gate_state_direct=0.000000e+00, personal_gate_id_direct=0.000000e+00, personal_gate_context_direct=0.000000e+00, personal_gate_out=0.000000e+00, personal_generator_emb=0.000000e+00, personal_generator_context_proj=0.000000e+00, personal_generator_context_hidden=0.000000e+00, personal_generator_context_to_u=0.000000e+00, personal_generator_context_to_v=0.000000e+00, personal_generator_state_row=0.000000e+00, personal_generator_state_col=0.000000e+00, personal_generator_id_row=0.000000e+00, personal_generator_id_col=0.000000e+00, personal_generator_state_adapter=0.000000e+00, personal_generator_id_adapter=0.000000e+00, personal_generator_context_adapter=0.000000e+00, personal_generator_direct_scale=0.000000e+00
2026-04-19 02:48:55,497 - INFO - [assist_09|assist_09_abce_best_no_E|lr=0.0003|drop=0.20] -> New best AUC=0.7565 at epoch 23
2026-04-19 02:49:23,581 - INFO - [assist_09|assist_09_abce_best_full|lr=0.0003|drop=0.20] Epoch [012/100] | Train: Loss=0.4997, BCE=0.4890, Reg=0.0108, AUC=0.8126, ACC=0.7529, RMSE=0.4035 | Val: Loss=0.5608, BCE=0.5500, Reg=0.0108, AUC=0.7519, ACC=0.7233, RMSE=0.4298
2026-04-19 02:49:23,582 - INFO - [assist_09|assist_09_abce_best_full|lr=0.0003|drop=0.20] [Reg Terms] Epoch [012] | Train: graph_entropy=0.000000, graph_diag=0.005000, graph_uniform=0.003049, graph_reg_scale=1.0000, prediction_l2=0.000000, personal_sparse=0.000318, alpha_var=0.000000, alpha_collapse=0.000000, reg_bce_ratio=0.0220 | Val: graph_entropy=0.000000, graph_diag=0.005000, graph_uniform=0.003049, graph_reg_scale=1.0000, prediction_l2=0.000000, personal_sparse=0.000382, alpha_var=0.000000, alpha_collapse=0.000000, reg_bce_ratio=0.0197
2026-04-19 02:49:23,783 - INFO - [assist_09|assist_09_abce_best_full|lr=0.0003|drop=0.20] [Diag][AE] Epoch [012] | irt_abs_mean=1.5772, irt_std=0.9048, personal_warmup_scale=1.00, graph_row_entropy=2.5592, graph_entropy_ratio=0.5318, alpha_mean=0.0902, alpha_std=0.0554, alpha_base_mean=0.0646, alpha_delta_absmean=0.0345, alpha_saturation_ratio=0.0000, alpha_bias_std=NA, alpha_state_path=0.8690, alpha_id_path=0.0000, alpha_bias_path=0.0000, head_bias_path=1.2527, personal_row_entropy=1.7997, personal_matrix_delta=0.0831, personal_matrix_student_std=0.0506, personal_delta_pre_softmax_norm=2.3335, personal_delta_student_std=1.2017, alpha_head_std=0.0549, query_row_global_readout_delta=0.0322, query_row_personal_message_delta=0.0028, query_row_posterior_delta_abs=0.0831, query_row_posterior_kl=0.0593, query_row_delta_local_rms_raw=0.0298, query_row_message_projection_gain=0.3583, personal_to_graph_query_ratio=0.0878, query_row_global_support_mass=1.3269, query_row_personal_support_mass=1.3269, neighbor_row_personal_delta=0.0000, personal_row_budget_mean=1.0000, personal_query_row_std=0.0906, readout_query_support_mass=1.3269, personal_student_mix=0.0500, personal_student_adapter=0.0400, local_row_ratio=0.2195, support_density=0.4010, readout_query_delta=0.0321, personal_bad_rows_active=0.00, personal_fallback_rows_active=0.00, personal_bad_row_rate_active=0.0000, personal_padded_rows=460.00, personal_logits_support_absmax=5.9674, personal_query_trust_scale_mean=0.8702, personal_bad_rows_legacy=460.00, personal_fallback_rows_legacy=460.00, personal_logits_absmax_legacy=30.0000
2026-04-19 02:49:23,783 - INFO - [assist_09|assist_09_abce_best_full|lr=0.0003|drop=0.20] [Diag][A] Epoch [012] | entropy_ratio=0.5318, diag_mass=0.0500, to_uniform_l2=0.023784, to_identity_l2=0.089156, relation_identity_delta=0.089156, knowledge_state_graph_delta=0.775955, knowledge_state_personal_delta=0.000000, share_concept_embeddings=True, tau_mean=0.6931, tau_std=0.0000, graph_reg_scale(train/val)=1.0000/1.0000
2026-04-19 02:49:23,783 - INFO - [assist_09|assist_09_abce_best_full|lr=0.0003|drop=0.20] [Grad Norms] Epoch [012] | relation_emb=5.177896e-01, relation_tau=5.699873e-09, relation_wq=0.000000e+00, relation_wk=0.000000e+00, personal_u=5.269929e-03, personal_v=3.158046e-03, personal_alpha_bias=0.000000e+00, personal_gate_emb=0.000000e+00, personal_gate_state_proj=0.000000e+00, personal_gate_context_proj=0.000000e+00, personal_gate_state_direct=3.803547e-04, personal_gate_id_direct=0.000000e+00, personal_gate_context_direct=9.018048e-05, personal_gate_out=1.463672e-07, personal_generator_emb=0.000000e+00, personal_generator_context_proj=0.000000e+00, personal_generator_context_hidden=0.000000e+00, personal_generator_context_to_u=0.000000e+00, personal_generator_context_to_v=0.000000e+00, personal_generator_state_row=0.000000e+00, personal_generator_state_col=0.000000e+00, personal_generator_id_row=0.000000e+00, personal_generator_id_col=0.000000e+00, personal_generator_state_adapter=0.000000e+00, personal_generator_id_adapter=0.000000e+00, personal_generator_context_adapter=0.000000e+00, personal_generator_direct_scale=3.063011e-07
2026-04-19 02:49:24,281 - INFO - [assist_09|assist_09_abce_best_full|lr=0.0003|drop=0.20] -> New best AUC=0.7519 at epoch 12
2026-04-19 02:49:32,742 - INFO - [assist_09|assist_09_abce_best_no_E|lr=0.0003|drop=0.20] Epoch [024/100] | Train: Loss=0.4691, BCE=0.4611, Reg=0.0080, AUC=0.8368, ACC=0.7663, RMSE=0.3914 | Val: Loss=0.5587, BCE=0.5507, Reg=0.0080, AUC=0.7561, ACC=0.7276, RMSE=0.4283
2026-04-19 02:49:32,743 - INFO - [assist_09|assist_09_abce_best_no_E|lr=0.0003|drop=0.20] [Reg Terms] Epoch [024] | Train: graph_entropy=0.000000, graph_diag=0.005000, graph_uniform=0.003049, graph_reg_scale=1.0000, prediction_l2=0.000001, personal_sparse=0.000000, alpha_var=0.000000, alpha_collapse=0.000000, reg_bce_ratio=0.0175 | Val: graph_entropy=0.000000, graph_diag=0.005000, graph_uniform=0.003049, graph_reg_scale=1.0000, prediction_l2=0.000001, personal_sparse=0.000000, alpha_var=0.000000, alpha_collapse=0.000000, reg_bce_ratio=0.0146
2026-04-19 02:49:32,926 - INFO - [assist_09|assist_09_abce_best_no_E|lr=0.0003|drop=0.20] [Diag][AE] Epoch [024] | irt_abs_mean=1.6882, irt_std=1.1083, personal_warmup_scale=1.00, graph_row_entropy=2.5592, graph_entropy_ratio=0.5318, alpha_mean=0.0000, alpha_std=0.0000, alpha_base_mean=0.0000, alpha_delta_absmean=0.0000, alpha_saturation_ratio=0.0000, alpha_bias_std=NA, alpha_state_path=0.0000, alpha_id_path=0.0000, alpha_bias_path=0.0000, head_bias_path=0.0000, personal_row_entropy=0.0000, personal_matrix_delta=0.0000, personal_matrix_student_std=0.0000, personal_delta_pre_softmax_norm=0.0000, personal_delta_student_std=0.0000, alpha_head_std=0.0000, query_row_global_readout_delta=0.0352, query_row_personal_message_delta=0.0000, query_row_posterior_delta_abs=0.0000, query_row_posterior_kl=0.0000, query_row_delta_local_rms_raw=0.0000, query_row_message_projection_gain=0.0000, personal_to_graph_query_ratio=0.0000, query_row_global_support_mass=1.1849, query_row_personal_support_mass=0.0000, neighbor_row_personal_delta=0.0000, personal_row_budget_mean=0.0000, personal_query_row_std=0.0000, readout_query_support_mass=1.1849, personal_student_mix=0.0000, personal_student_adapter=0.0000, local_row_ratio=0.0000, support_density=0.0000, readout_query_delta=0.0352, personal_bad_rows_active=0.00, personal_fallback_rows_active=0.00, personal_bad_row_rate_active=0.0000, personal_padded_rows=0.00, personal_logits_support_absmax=0.0000, personal_query_trust_scale_mean=1.0000, personal_bad_rows_legacy=0.00, personal_fallback_rows_legacy=0.00, personal_logits_absmax_legacy=0.0000
2026-04-19 02:49:32,927 - INFO - [assist_09|assist_09_abce_best_no_E|lr=0.0003|drop=0.20] [Diag][A] Epoch [024] | entropy_ratio=0.5318, diag_mass=0.0500, to_uniform_l2=0.023784, to_identity_l2=0.089156, relation_identity_delta=0.089156, knowledge_state_graph_delta=0.892705, knowledge_state_personal_delta=0.000000, share_concept_embeddings=True, tau_mean=0.6931, tau_std=0.0001, graph_reg_scale(train/val)=1.0000/1.0000
2026-04-19 02:49:32,927 - INFO - [assist_09|assist_09_abce_best_no_E|lr=0.0003|drop=0.20] [Grad Norms] Epoch [024] | relation_emb=5.146447e-01, relation_tau=1.006783e-08, relation_wq=1.237777e-06, relation_wk=1.750893e-06, personal_u=0.000000e+00, personal_v=0.000000e+00, personal_alpha_bias=0.000000e+00, personal_gate_emb=0.000000e+00, personal_gate_state_proj=0.000000e+00, personal_gate_context_proj=0.000000e+00, personal_gate_state_direct=0.000000e+00, personal_gate_id_direct=0.000000e+00, personal_gate_context_direct=0.000000e+00, personal_gate_out=0.000000e+00, personal_generator_emb=0.000000e+00, personal_generator_context_proj=0.000000e+00, personal_generator_context_hidden=0.000000e+00, personal_generator_context_to_u=0.000000e+00, personal_generator_context_to_v=0.000000e+00, personal_generator_state_row=0.000000e+00, personal_generator_state_col=0.000000e+00, personal_generator_id_row=0.000000e+00, personal_generator_id_col=0.000000e+00, personal_generator_state_adapter=0.000000e+00, personal_generator_id_adapter=0.000000e+00, personal_generator_context_adapter=0.000000e+00, personal_generator_direct_scale=0.000000e+00
2026-04-19 02:49:32,927 - INFO - [assist_09|assist_09_abce_best_no_E|lr=0.0003|drop=0.20] -> No improvement 1 epoch(s) (best AUC=0.7565 @ 23)
2026-04-19 02:50:15,823 - INFO - [assist_09|assist_09_abce_best_no_E|lr=0.0003|drop=0.20] Epoch [025/100] | Train: Loss=0.4674, BCE=0.4594, Reg=0.0080, AUC=0.8385, ACC=0.7669, RMSE=0.3906 | Val: Loss=0.5597, BCE=0.5517, Reg=0.0080, AUC=0.7569, ACC=0.7277, RMSE=0.4286
2026-04-19 02:50:15,823 - INFO - [assist_09|assist_09_abce_best_no_E|lr=0.0003|drop=0.20] [Reg Terms] Epoch [025] | Train: graph_entropy=0.000000, graph_diag=0.005000, graph_uniform=0.003049, graph_reg_scale=1.0000, prediction_l2=0.000001, personal_sparse=0.000000, alpha_var=0.000000, alpha_collapse=0.000000, reg_bce_ratio=0.0175 | Val: graph_entropy=0.000000, graph_diag=0.005000, graph_uniform=0.003049, graph_reg_scale=1.0000, prediction_l2=0.000001, personal_sparse=0.000000, alpha_var=0.000000, alpha_collapse=0.000000, reg_bce_ratio=0.0146
2026-04-19 02:50:16,011 - INFO - [assist_09|assist_09_abce_best_no_E|lr=0.0003|drop=0.20] [Diag][AE] Epoch [025] | irt_abs_mean=1.7347, irt_std=1.1717, personal_warmup_scale=1.00, graph_row_entropy=2.5592, graph_entropy_ratio=0.5318, alpha_mean=0.0000, alpha_std=0.0000, alpha_base_mean=0.0000, alpha_delta_absmean=0.0000, alpha_saturation_ratio=0.0000, alpha_bias_std=NA, alpha_state_path=0.0000, alpha_id_path=0.0000, alpha_bias_path=0.0000, head_bias_path=0.0000, personal_row_entropy=0.0000, personal_matrix_delta=0.0000, personal_matrix_student_std=0.0000, personal_delta_pre_softmax_norm=0.0000, personal_delta_student_std=0.0000, alpha_head_std=0.0000, query_row_global_readout_delta=0.0403, query_row_personal_message_delta=0.0000, query_row_posterior_delta_abs=0.0000, query_row_posterior_kl=0.0000, query_row_delta_local_rms_raw=0.0000, query_row_message_projection_gain=0.0000, personal_to_graph_query_ratio=0.0000, query_row_global_support_mass=1.1274, query_row_personal_support_mass=0.0000, neighbor_row_personal_delta=0.0000, personal_row_budget_mean=0.0000, personal_query_row_std=0.0000, readout_query_support_mass=1.1274, personal_student_mix=0.0000, personal_student_adapter=0.0000, local_row_ratio=0.0000, support_density=0.0000, readout_query_delta=0.0403, personal_bad_rows_active=0.00, personal_fallback_rows_active=0.00, personal_bad_row_rate_active=0.0000, personal_padded_rows=0.00, personal_logits_support_absmax=0.0000, personal_query_trust_scale_mean=1.0000, personal_bad_rows_legacy=0.00, personal_fallback_rows_legacy=0.00, personal_logits_absmax_legacy=0.0000
2026-04-19 02:50:16,011 - INFO - [assist_09|assist_09_abce_best_no_E|lr=0.0003|drop=0.20] [Diag][A] Epoch [025] | entropy_ratio=0.5318, diag_mass=0.0500, to_uniform_l2=0.023784, to_identity_l2=0.089156, relation_identity_delta=0.089156, knowledge_state_graph_delta=0.898569, knowledge_state_personal_delta=0.000000, share_concept_embeddings=True, tau_mean=0.6931, tau_std=0.0000, graph_reg_scale(train/val)=1.0000/1.0000
2026-04-19 02:50:16,011 - INFO - [assist_09|assist_09_abce_best_no_E|lr=0.0003|drop=0.20] [Grad Norms] Epoch [025] | relation_emb=5.157086e-01, relation_tau=1.674285e-09, relation_wq=8.257524e-07, relation_wk=6.206763e-07, personal_u=0.000000e+00, personal_v=0.000000e+00, personal_alpha_bias=0.000000e+00, personal_gate_emb=0.000000e+00, personal_gate_state_proj=0.000000e+00, personal_gate_context_proj=0.000000e+00, personal_gate_state_direct=0.000000e+00, personal_gate_id_direct=0.000000e+00, personal_gate_context_direct=0.000000e+00, personal_gate_out=0.000000e+00, personal_generator_emb=0.000000e+00, personal_generator_context_proj=0.000000e+00, personal_generator_context_hidden=0.000000e+00, personal_generator_context_to_u=0.000000e+00, personal_generator_context_to_v=0.000000e+00, personal_generator_state_row=0.000000e+00, personal_generator_state_col=0.000000e+00, personal_generator_id_row=0.000000e+00, personal_generator_id_col=0.000000e+00, personal_generator_state_adapter=0.000000e+00, personal_generator_id_adapter=0.000000e+00, personal_generator_context_adapter=0.000000e+00, personal_generator_direct_scale=0.000000e+00
2026-04-19 02:50:16,265 - INFO - [assist_09|assist_09_abce_best_no_E|lr=0.0003|drop=0.20] -> New best AUC=0.7569 at epoch 25
2026-04-19 02:50:30,248 - INFO - [assist_09|assist_09_abce_best_no_A|lr=0.0003|drop=0.20] Epoch [011/100] | Train: Loss=0.4908, BCE=0.4887, Reg=0.0021, AUC=0.8133, ACC=0.7548, RMSE=0.4031 | Val: Loss=0.5558, BCE=0.5537, Reg=0.0021, AUC=0.7502, ACC=0.7206, RMSE=0.4309
2026-04-19 02:50:30,248 - INFO - [assist_09|assist_09_abce_best_no_A|lr=0.0003|drop=0.20] [Reg Terms] Epoch [011] | Train: graph_entropy=0.000000, graph_diag=0.000000, graph_uniform=0.000000, graph_reg_scale=1.0000, prediction_l2=0.000000, personal_sparse=0.000006, alpha_var=0.000000, alpha_collapse=0.000000, reg_bce_ratio=0.0043 | Val: graph_entropy=0.000000, graph_diag=0.000000, graph_uniform=0.000000, graph_reg_scale=1.0000, prediction_l2=0.000000, personal_sparse=0.000006, alpha_var=0.000000, alpha_collapse=0.000038, reg_bce_ratio=0.0038
2026-04-19 02:50:30,430 - INFO - [assist_09|assist_09_abce_best_no_A|lr=0.0003|drop=0.20] [Diag][AE] Epoch [011] | irt_abs_mean=1.7030, irt_std=1.0207, personal_warmup_scale=1.00, graph_row_entropy=0.0000, graph_entropy_ratio=0.0000, alpha_mean=0.0781, alpha_std=0.0576, alpha_base_mean=0.0729, alpha_delta_absmean=0.0378, alpha_saturation_ratio=0.0000, alpha_bias_std=NA, alpha_state_path=0.8803, alpha_id_path=0.0000, alpha_bias_path=0.0000, head_bias_path=1.0768, personal_row_entropy=0.0220, personal_matrix_delta=0.0867, personal_matrix_student_std=0.1535, personal_delta_pre_softmax_norm=1.7728, personal_delta_student_std=0.6608, alpha_head_std=0.0574, query_row_global_readout_delta=0.0000, query_row_personal_message_delta=0.0016, query_row_posterior_delta_abs=0.0867, query_row_posterior_kl=0.0582, query_row_delta_local_rms_raw=0.0328, query_row_message_projection_gain=0.3781, personal_to_graph_query_ratio=0.0000, query_row_global_support_mass=0.0000, query_row_personal_support_mass=0.0000, neighbor_row_personal_delta=0.0000, personal_row_budget_mean=1.0000, personal_query_row_std=0.9629, readout_query_support_mass=0.0000, personal_student_mix=0.0500, personal_student_adapter=0.0400, local_row_ratio=0.0098, support_density=0.1840, readout_query_delta=0.0016, personal_bad_rows_active=0.00, personal_fallback_rows_active=0.00, personal_bad_row_rate_active=0.0000, personal_padded_rows=460.00, personal_logits_support_absmax=4.0693, personal_query_trust_scale_mean=0.9285, personal_bad_rows_legacy=460.00, personal_fallback_rows_legacy=460.00, personal_logits_absmax_legacy=30.0000
2026-04-19 02:50:30,430 - INFO - [assist_09|assist_09_abce_best_no_A|lr=0.0003|drop=0.20] [Diag][A] Epoch [011] | entropy_ratio=0.0000, diag_mass=1.0000, to_uniform_l2=0.089800, to_identity_l2=0.000000, relation_identity_delta=0.000000, knowledge_state_graph_delta=0.000000, knowledge_state_personal_delta=0.000000, share_concept_embeddings=True, tau_mean=0.0000, tau_std=0.0000, graph_reg_scale(train/val)=1.0000/1.0000
2026-04-19 02:50:30,430 - INFO - [assist_09|assist_09_abce_best_no_A|lr=0.0003|drop=0.20] [Grad Norms] Epoch [011] | relation_emb=0.000000e+00, relation_tau=0.000000e+00, relation_wq=0.000000e+00, relation_wk=0.000000e+00, personal_u=1.256593e-04, personal_v=2.465039e-04, personal_alpha_bias=0.000000e+00, personal_gate_emb=0.000000e+00, personal_gate_state_proj=0.000000e+00, personal_gate_context_proj=0.000000e+00, personal_gate_state_direct=5.340464e-05, personal_gate_id_direct=0.000000e+00, personal_gate_context_direct=6.676492e-08, personal_gate_out=0.000000e+00, personal_generator_emb=0.000000e+00, personal_generator_context_proj=0.000000e+00, personal_generator_context_hidden=0.000000e+00, personal_generator_context_to_u=0.000000e+00, personal_generator_context_to_v=0.000000e+00, personal_generator_state_row=0.000000e+00, personal_generator_state_col=0.000000e+00, personal_generator_id_row=0.000000e+00, personal_generator_id_col=0.000000e+00, personal_generator_state_adapter=0.000000e+00, personal_generator_id_adapter=0.000000e+00, personal_generator_context_adapter=0.000000e+00, personal_generator_direct_scale=8.974872e-08
2026-04-19 02:50:30,430 - INFO - [assist_09|assist_09_abce_best_no_A|lr=0.0003|drop=0.20] -> No improvement 1 epoch(s) (best AUC=0.7509 @ 10)
2026-04-19 02:50:48,041 - INFO - [assist_09|assist_09_abce_best_full|lr=0.0003|drop=0.20] Epoch [013/100] | Train: Loss=0.4965, BCE=0.4858, Reg=0.0107, AUC=0.8153, ACC=0.7544, RMSE=0.4021 | Val: Loss=0.5600, BCE=0.5492, Reg=0.0108, AUC=0.7521, ACC=0.7233, RMSE=0.4294
2026-04-19 02:50:48,041 - INFO - [assist_09|assist_09_abce_best_full|lr=0.0003|drop=0.20] [Reg Terms] Epoch [013] | Train: graph_entropy=0.000000, graph_diag=0.005000, graph_uniform=0.003049, graph_reg_scale=1.0000, prediction_l2=0.000000, personal_sparse=0.000318, alpha_var=0.000000, alpha_collapse=0.000000, reg_bce_ratio=0.0221 | Val: graph_entropy=0.000000, graph_diag=0.005000, graph_uniform=0.003049, graph_reg_scale=1.0000, prediction_l2=0.000000, personal_sparse=0.000383, alpha_var=0.000000, alpha_collapse=0.000000, reg_bce_ratio=0.0197
2026-04-19 02:50:48,215 - INFO - [assist_09|assist_09_abce_best_full|lr=0.0003|drop=0.20] [Diag][AE] Epoch [013] | irt_abs_mean=1.5385, irt_std=0.9088, personal_warmup_scale=1.00, graph_row_entropy=2.5592, graph_entropy_ratio=0.5318, alpha_mean=0.0876, alpha_std=0.0569, alpha_base_mean=0.0653, alpha_delta_absmean=0.0358, alpha_saturation_ratio=0.0000, alpha_bias_std=NA, alpha_state_path=0.8906, alpha_id_path=0.0000, alpha_bias_path=0.0000, head_bias_path=1.2382, personal_row_entropy=1.8077, personal_matrix_delta=0.0825, personal_matrix_student_std=0.0500, personal_delta_pre_softmax_norm=2.3315, personal_delta_student_std=1.1946, alpha_head_std=0.0563, query_row_global_readout_delta=0.0332, query_row_personal_message_delta=0.0025, query_row_posterior_delta_abs=0.0825, query_row_posterior_kl=0.0590, query_row_delta_local_rms_raw=0.0271, query_row_message_projection_gain=0.3286, personal_to_graph_query_ratio=0.0752, query_row_global_support_mass=0.7397, query_row_personal_support_mass=0.7397, neighbor_row_personal_delta=0.0000, personal_row_budget_mean=1.0000, personal_query_row_std=0.1046, readout_query_support_mass=0.7397, personal_student_mix=0.0498, personal_student_adapter=0.0400, local_row_ratio=0.2145, support_density=0.4010, readout_query_delta=0.0332, personal_bad_rows_active=0.00, personal_fallback_rows_active=0.00, personal_bad_row_rate_active=0.0000, personal_padded_rows=460.00, personal_logits_support_absmax=6.0220, personal_query_trust_scale_mean=0.9067, personal_bad_rows_legacy=460.00, personal_fallback_rows_legacy=460.00, personal_logits_absmax_legacy=30.0000
2026-04-19 02:50:48,215 - INFO - [assist_09|assist_09_abce_best_full|lr=0.0003|drop=0.20] [Diag][A] Epoch [013] | entropy_ratio=0.5318, diag_mass=0.0500, to_uniform_l2=0.023784, to_identity_l2=0.089156, relation_identity_delta=0.089156, knowledge_state_graph_delta=0.789504, knowledge_state_personal_delta=0.000000, share_concept_embeddings=True, tau_mean=0.6933, tau_std=0.0001, graph_reg_scale(train/val)=1.0000/1.0000
2026-04-19 02:50:48,215 - INFO - [assist_09|assist_09_abce_best_full|lr=0.0003|drop=0.20] [Grad Norms] Epoch [013] | relation_emb=4.622463e-01, relation_tau=2.615707e-08, relation_wq=0.000000e+00, relation_wk=0.000000e+00, personal_u=4.434537e-03, personal_v=3.380156e-03, personal_alpha_bias=0.000000e+00, personal_gate_emb=0.000000e+00, personal_gate_state_proj=0.000000e+00, personal_gate_context_proj=0.000000e+00, personal_gate_state_direct=4.566205e-04, personal_gate_id_direct=0.000000e+00, personal_gate_context_direct=1.693308e-04, personal_gate_out=4.456903e-07, personal_generator_emb=0.000000e+00, personal_generator_context_proj=0.000000e+00, personal_generator_context_hidden=0.000000e+00, personal_generator_context_to_u=0.000000e+00, personal_generator_context_to_v=0.000000e+00, personal_generator_state_row=0.000000e+00, personal_generator_state_col=0.000000e+00, personal_generator_id_row=0.000000e+00, personal_generator_id_col=0.000000e+00, personal_generator_state_adapter=0.000000e+00, personal_generator_id_adapter=0.000000e+00, personal_generator_context_adapter=0.000000e+00, personal_generator_direct_scale=5.969571e-07
2026-04-19 02:50:48,486 - INFO - [assist_09|assist_09_abce_best_full|lr=0.0003|drop=0.20] -> New best AUC=0.7521 at epoch 13
2026-04-19 02:50:57,476 - INFO - [assist_09|assist_09_abce_best_no_E|lr=0.0003|drop=0.20] Epoch [026/100] | Train: Loss=0.4658, BCE=0.4578, Reg=0.0080, AUC=0.8396, ACC=0.7678, RMSE=0.3899 | Val: Loss=0.5589, BCE=0.5508, Reg=0.0080, AUC=0.7567, ACC=0.7265, RMSE=0.4283
2026-04-19 02:50:57,477 - INFO - [assist_09|assist_09_abce_best_no_E|lr=0.0003|drop=0.20] [Reg Terms] Epoch [026] | Train: graph_entropy=0.000000, graph_diag=0.005000, graph_uniform=0.003049, graph_reg_scale=1.0000, prediction_l2=0.000001, personal_sparse=0.000000, alpha_var=0.000000, alpha_collapse=0.000000, reg_bce_ratio=0.0176 | Val: graph_entropy=0.000000, graph_diag=0.005000, graph_uniform=0.003049, graph_reg_scale=1.0000, prediction_l2=0.000001, personal_sparse=0.000000, alpha_var=0.000000, alpha_collapse=0.000000, reg_bce_ratio=0.0146
2026-04-19 02:50:57,651 - INFO - [assist_09|assist_09_abce_best_no_E|lr=0.0003|drop=0.20] [Diag][AE] Epoch [026] | irt_abs_mean=1.7055, irt_std=1.1490, personal_warmup_scale=1.00, graph_row_entropy=2.5592, graph_entropy_ratio=0.5318, alpha_mean=0.0000, alpha_std=0.0000, alpha_base_mean=0.0000, alpha_delta_absmean=0.0000, alpha_saturation_ratio=0.0000, alpha_bias_std=NA, alpha_state_path=0.0000, alpha_id_path=0.0000, alpha_bias_path=0.0000, head_bias_path=0.0000, personal_row_entropy=0.0000, personal_matrix_delta=0.0000, personal_matrix_student_std=0.0000, personal_delta_pre_softmax_norm=0.0000, personal_delta_student_std=0.0000, alpha_head_std=0.0000, query_row_global_readout_delta=0.0366, query_row_personal_message_delta=0.0000, query_row_posterior_delta_abs=0.0000, query_row_posterior_kl=0.0000, query_row_delta_local_rms_raw=0.0000, query_row_message_projection_gain=0.0000, personal_to_graph_query_ratio=0.0000, query_row_global_support_mass=1.2672, query_row_personal_support_mass=0.0000, neighbor_row_personal_delta=0.0000, personal_row_budget_mean=0.0000, personal_query_row_std=0.0000, readout_query_support_mass=1.2672, personal_student_mix=0.0000, personal_student_adapter=0.0000, local_row_ratio=0.0000, support_density=0.0000, readout_query_delta=0.0366, personal_bad_rows_active=0.00, personal_fallback_rows_active=0.00, personal_bad_row_rate_active=0.0000, personal_padded_rows=0.00, personal_logits_support_absmax=0.0000, personal_query_trust_scale_mean=1.0000, personal_bad_rows_legacy=0.00, personal_fallback_rows_legacy=0.00, personal_logits_absmax_legacy=0.0000
2026-04-19 02:50:57,651 - INFO - [assist_09|assist_09_abce_best_no_E|lr=0.0003|drop=0.20] [Diag][A] Epoch [026] | entropy_ratio=0.5318, diag_mass=0.0500, to_uniform_l2=0.023784, to_identity_l2=0.089156, relation_identity_delta=0.089156, knowledge_state_graph_delta=0.890519, knowledge_state_personal_delta=0.000000, share_concept_embeddings=True, tau_mean=0.6932, tau_std=0.0000, graph_reg_scale(train/val)=1.0000/1.0000
2026-04-19 02:50:57,651 - INFO - [assist_09|assist_09_abce_best_no_E|lr=0.0003|drop=0.20] [Grad Norms] Epoch [026] | relation_emb=4.095366e-01, relation_tau=2.661186e-08, relation_wq=1.177503e-06, relation_wk=1.210271e-06, personal_u=0.000000e+00, personal_v=0.000000e+00, personal_alpha_bias=0.000000e+00, personal_gate_emb=0.000000e+00, personal_gate_state_proj=0.000000e+00, personal_gate_context_proj=0.000000e+00, personal_gate_state_direct=0.000000e+00, personal_gate_id_direct=0.000000e+00, personal_gate_context_direct=0.000000e+00, personal_gate_out=0.000000e+00, personal_generator_emb=0.000000e+00, personal_generator_context_proj=0.000000e+00, personal_generator_context_hidden=0.000000e+00, personal_generator_context_to_u=0.000000e+00, personal_generator_context_to_v=0.000000e+00, personal_generator_state_row=0.000000e+00, personal_generator_state_col=0.000000e+00, personal_generator_id_row=0.000000e+00, personal_generator_id_col=0.000000e+00, personal_generator_state_adapter=0.000000e+00, personal_generator_id_adapter=0.000000e+00, personal_generator_context_adapter=0.000000e+00, personal_generator_direct_scale=0.000000e+00
2026-04-19 02:50:57,652 - INFO - [assist_09|assist_09_abce_best_no_E|lr=0.0003|drop=0.20] -> No improvement 1 epoch(s) (best AUC=0.7569 @ 25)
2026-04-19 02:51:38,564 - INFO - [assist_09|assist_09_abce_best_no_E|lr=0.0003|drop=0.20] Epoch [027/100] | Train: Loss=0.4646, BCE=0.4566, Reg=0.0080, AUC=0.8407, ACC=0.7683, RMSE=0.3894 | Val: Loss=0.5596, BCE=0.5515, Reg=0.0080, AUC=0.7567, ACC=0.7271, RMSE=0.4283
2026-04-19 02:51:38,564 - INFO - [assist_09|assist_09_abce_best_no_E|lr=0.0003|drop=0.20] [Reg Terms] Epoch [027] | Train: graph_entropy=0.000000, graph_diag=0.005000, graph_uniform=0.003049, graph_reg_scale=1.0000, prediction_l2=0.000001, personal_sparse=0.000000, alpha_var=0.000000, alpha_collapse=0.000000, reg_bce_ratio=0.0176 | Val: graph_entropy=0.000000, graph_diag=0.005000, graph_uniform=0.003049, graph_reg_scale=1.0000, prediction_l2=0.000001, personal_sparse=0.000000, alpha_var=0.000000, alpha_collapse=0.000000, reg_bce_ratio=0.0146
2026-04-19 02:51:38,745 - INFO - [assist_09|assist_09_abce_best_no_E|lr=0.0003|drop=0.20] [Diag][AE] Epoch [027] | irt_abs_mean=1.7797, irt_std=1.1255, personal_warmup_scale=1.00, graph_row_entropy=2.5592, graph_entropy_ratio=0.5318, alpha_mean=0.0000, alpha_std=0.0000, alpha_base_mean=0.0000, alpha_delta_absmean=0.0000, alpha_saturation_ratio=0.0000, alpha_bias_std=NA, alpha_state_path=0.0000, alpha_id_path=0.0000, alpha_bias_path=0.0000, head_bias_path=0.0000, personal_row_entropy=0.0000, personal_matrix_delta=0.0000, personal_matrix_student_std=0.0000, personal_delta_pre_softmax_norm=0.0000, personal_delta_student_std=0.0000, alpha_head_std=0.0000, query_row_global_readout_delta=0.0451, query_row_personal_message_delta=0.0000, query_row_posterior_delta_abs=0.0000, query_row_posterior_kl=0.0000, query_row_delta_local_rms_raw=0.0000, query_row_message_projection_gain=0.0000, personal_to_graph_query_ratio=0.0000, query_row_global_support_mass=1.1733, query_row_personal_support_mass=0.0000, neighbor_row_personal_delta=0.0000, personal_row_budget_mean=0.0000, personal_query_row_std=0.0000, readout_query_support_mass=1.1733, personal_student_mix=0.0000, personal_student_adapter=0.0000, local_row_ratio=0.0000, support_density=0.0000, readout_query_delta=0.0451, personal_bad_rows_active=0.00, personal_fallback_rows_active=0.00, personal_bad_row_rate_active=0.0000, personal_padded_rows=0.00, personal_logits_support_absmax=0.0000, personal_query_trust_scale_mean=1.0000, personal_bad_rows_legacy=0.00, personal_fallback_rows_legacy=0.00, personal_logits_absmax_legacy=0.0000
2026-04-19 02:51:38,745 - INFO - [assist_09|assist_09_abce_best_no_E|lr=0.0003|drop=0.20] [Diag][A] Epoch [027] | entropy_ratio=0.5318, diag_mass=0.0500, to_uniform_l2=0.023784, to_identity_l2=0.089156, relation_identity_delta=0.089156, knowledge_state_graph_delta=0.909106, knowledge_state_personal_delta=0.000000, share_concept_embeddings=True, tau_mean=0.6932, tau_std=0.0000, graph_reg_scale(train/val)=1.0000/1.0000
2026-04-19 02:51:38,745 - INFO - [assist_09|assist_09_abce_best_no_E|lr=0.0003|drop=0.20] [Grad Norms] Epoch [027] | relation_emb=6.110097e-01, relation_tau=1.349735e-08, relation_wq=1.037272e-06, relation_wk=1.023296e-06, personal_u=0.000000e+00, personal_v=0.000000e+00, personal_alpha_bias=0.000000e+00, personal_gate_emb=0.000000e+00, personal_gate_state_proj=0.000000e+00, personal_gate_context_proj=0.000000e+00, personal_gate_state_direct=0.000000e+00, personal_gate_id_direct=0.000000e+00, personal_gate_context_direct=0.000000e+00, personal_gate_out=0.000000e+00, personal_generator_emb=0.000000e+00, personal_generator_context_proj=0.000000e+00, personal_generator_context_hidden=0.000000e+00, personal_generator_context_to_u=0.000000e+00, personal_generator_context_to_v=0.000000e+00, personal_generator_state_row=0.000000e+00, personal_generator_state_col=0.000000e+00, personal_generator_id_row=0.000000e+00, personal_generator_id_col=0.000000e+00, personal_generator_state_adapter=0.000000e+00, personal_generator_id_adapter=0.000000e+00, personal_generator_context_adapter=0.000000e+00, personal_generator_direct_scale=0.000000e+00
2026-04-19 02:51:38,746 - INFO - [assist_09|assist_09_abce_best_no_E|lr=0.0003|drop=0.20] -> No improvement 2 epoch(s) (best AUC=0.7569 @ 25)
2026-04-19 02:52:12,025 - INFO - [assist_09|assist_09_abce_best_no_A|lr=0.0003|drop=0.20] Epoch [012/100] | Train: Loss=0.4878, BCE=0.4857, Reg=0.0021, AUC=0.8161, ACC=0.7558, RMSE=0.4019 | Val: Loss=0.5578, BCE=0.5557, Reg=0.0021, AUC=0.7519, ACC=0.7224, RMSE=0.4315
2026-04-19 02:52:12,026 - INFO - [assist_09|assist_09_abce_best_no_A|lr=0.0003|drop=0.20] [Reg Terms] Epoch [012] | Train: graph_entropy=0.000000, graph_diag=0.000000, graph_uniform=0.000000, graph_reg_scale=1.0000, prediction_l2=0.000000, personal_sparse=0.000006, alpha_var=0.000000, alpha_collapse=0.000000, reg_bce_ratio=0.0043 | Val: graph_entropy=0.000000, graph_diag=0.000000, graph_uniform=0.000000, graph_reg_scale=1.0000, prediction_l2=0.000000, personal_sparse=0.000006, alpha_var=0.000000, alpha_collapse=0.000038, reg_bce_ratio=0.0038
2026-04-19 02:52:12,222 - INFO - [assist_09|assist_09_abce_best_no_A|lr=0.0003|drop=0.20] [Diag][AE] Epoch [012] | irt_abs_mean=1.7095, irt_std=1.0517, personal_warmup_scale=1.00, graph_row_entropy=0.0000, graph_entropy_ratio=0.0000, alpha_mean=0.0806, alpha_std=0.0592, alpha_base_mean=0.0748, alpha_delta_absmean=0.0396, alpha_saturation_ratio=0.0000, alpha_bias_std=NA, alpha_state_path=0.9278, alpha_id_path=0.0000, alpha_bias_path=0.0000, head_bias_path=1.0398, personal_row_entropy=0.0287, personal_matrix_delta=0.0857, personal_matrix_student_std=0.1511, personal_delta_pre_softmax_norm=1.7752, personal_delta_student_std=0.6707, alpha_head_std=0.0591, query_row_global_readout_delta=0.0000, query_row_personal_message_delta=0.0016, query_row_posterior_delta_abs=0.0857, query_row_posterior_kl=0.0573, query_row_delta_local_rms_raw=0.0359, query_row_message_projection_gain=0.4187, personal_to_graph_query_ratio=0.0000, query_row_global_support_mass=0.0000, query_row_personal_support_mass=0.0000, neighbor_row_personal_delta=0.0000, personal_row_budget_mean=1.0000, personal_query_row_std=0.9660, readout_query_support_mass=0.0000, personal_student_mix=0.0499, personal_student_adapter=0.0400, local_row_ratio=0.0098, support_density=0.1840, readout_query_delta=0.0016, personal_bad_rows_active=0.00, personal_fallback_rows_active=0.00, personal_bad_row_rate_active=0.0000, personal_padded_rows=460.00, personal_logits_support_absmax=4.1411, personal_query_trust_scale_mean=0.9226, personal_bad_rows_legacy=460.00, personal_fallback_rows_legacy=460.00, personal_logits_absmax_legacy=30.0000
2026-04-19 02:52:12,222 - INFO - [assist_09|assist_09_abce_best_no_A|lr=0.0003|drop=0.20] [Diag][A] Epoch [012] | entropy_ratio=0.0000, diag_mass=1.0000, to_uniform_l2=0.089800, to_identity_l2=0.000000, relation_identity_delta=0.000000, knowledge_state_graph_delta=0.000000, knowledge_state_personal_delta=0.000000, share_concept_embeddings=True, tau_mean=0.0000, tau_std=0.0000, graph_reg_scale(train/val)=1.0000/1.0000
2026-04-19 02:52:12,223 - INFO - [assist_09|assist_09_abce_best_no_A|lr=0.0003|drop=0.20] [Grad Norms] Epoch [012] | relation_emb=0.000000e+00, relation_tau=0.000000e+00, relation_wq=0.000000e+00, relation_wk=0.000000e+00, personal_u=2.879950e-04, personal_v=3.654118e-04, personal_alpha_bias=0.000000e+00, personal_gate_emb=0.000000e+00, personal_gate_state_proj=0.000000e+00, personal_gate_context_proj=0.000000e+00, personal_gate_state_direct=3.508276e-04, personal_gate_id_direct=0.000000e+00, personal_gate_context_direct=2.928807e-07, personal_gate_out=0.000000e+00, personal_generator_emb=0.000000e+00, personal_generator_context_proj=0.000000e+00, personal_generator_context_hidden=0.000000e+00, personal_generator_context_to_u=0.000000e+00, personal_generator_context_to_v=0.000000e+00, personal_generator_state_row=0.000000e+00, personal_generator_state_col=0.000000e+00, personal_generator_id_row=0.000000e+00, personal_generator_id_col=0.000000e+00, personal_generator_state_adapter=0.000000e+00, personal_generator_id_adapter=0.000000e+00, personal_generator_context_adapter=0.000000e+00, personal_generator_direct_scale=1.656376e-08
2026-04-19 02:52:12,504 - INFO - [assist_09|assist_09_abce_best_no_A|lr=0.0003|drop=0.20] -> New best AUC=0.7519 at epoch 12
2026-04-19 02:52:12,653 - INFO - [assist_09|assist_09_abce_best_full|lr=0.0003|drop=0.20] Epoch [014/100] | Train: Loss=0.4934, BCE=0.4827, Reg=0.0107, AUC=0.8183, ACC=0.7560, RMSE=0.4008 | Val: Loss=0.5634, BCE=0.5526, Reg=0.0108, AUC=0.7525, ACC=0.7242, RMSE=0.4301
2026-04-19 02:52:12,653 - INFO - [assist_09|assist_09_abce_best_full|lr=0.0003|drop=0.20] [Reg Terms] Epoch [014] | Train: graph_entropy=0.000000, graph_diag=0.005000, graph_uniform=0.003049, graph_reg_scale=1.0000, prediction_l2=0.000001, personal_sparse=0.000320, alpha_var=0.000000, alpha_collapse=0.000000, reg_bce_ratio=0.0222 | Val: graph_entropy=0.000000, graph_diag=0.005000, graph_uniform=0.003049, graph_reg_scale=1.0000, prediction_l2=0.000001, personal_sparse=0.000384, alpha_var=0.000000, alpha_collapse=0.000001, reg_bce_ratio=0.0195
2026-04-19 02:52:12,856 - INFO - [assist_09|assist_09_abce_best_full|lr=0.0003|drop=0.20] [Diag][AE] Epoch [014] | irt_abs_mean=1.6928, irt_std=0.9940, personal_warmup_scale=1.00, graph_row_entropy=2.5592, graph_entropy_ratio=0.5318, alpha_mean=0.0871, alpha_std=0.0552, alpha_base_mean=0.0659, alpha_delta_absmean=0.0343, alpha_saturation_ratio=0.0000, alpha_bias_std=NA, alpha_state_path=0.8421, alpha_id_path=0.0000, alpha_bias_path=0.0000, head_bias_path=1.2240, personal_row_entropy=1.7984, personal_matrix_delta=0.0834, personal_matrix_student_std=0.0509, personal_delta_pre_softmax_norm=2.3343, personal_delta_student_std=1.2019, alpha_head_std=0.0545, query_row_global_readout_delta=0.0329, query_row_personal_message_delta=0.0030, query_row_posterior_delta_abs=0.0834, query_row_posterior_kl=0.0599, query_row_delta_local_rms_raw=0.0336, query_row_message_projection_gain=0.4024, personal_to_graph_query_ratio=0.0904, query_row_global_support_mass=1.0907, query_row_personal_support_mass=1.0907, neighbor_row_personal_delta=0.0000, personal_row_budget_mean=1.0000, personal_query_row_std=0.0927, readout_query_support_mass=1.0907, personal_student_mix=0.0500, personal_student_adapter=0.0400, local_row_ratio=0.2145, support_density=0.4010, readout_query_delta=0.0329, personal_bad_rows_active=0.00, personal_fallback_rows_active=0.00, personal_bad_row_rate_active=0.0000, personal_padded_rows=460.00, personal_logits_support_absmax=5.9921, personal_query_trust_scale_mean=0.8192, personal_bad_rows_legacy=460.00, personal_fallback_rows_legacy=460.00, personal_logits_absmax_legacy=30.0000
2026-04-19 02:52:12,856 - INFO - [assist_09|assist_09_abce_best_full|lr=0.0003|drop=0.20] [Diag][A] Epoch [014] | entropy_ratio=0.5318, diag_mass=0.0500, to_uniform_l2=0.023784, to_identity_l2=0.089156, relation_identity_delta=0.089156, knowledge_state_graph_delta=0.807469, knowledge_state_personal_delta=0.000000, share_concept_embeddings=True, tau_mean=0.6931, tau_std=0.0000, graph_reg_scale(train/val)=1.0000/1.0000
2026-04-19 02:52:12,857 - INFO - [assist_09|assist_09_abce_best_full|lr=0.0003|drop=0.20] [Grad Norms] Epoch [014] | relation_emb=5.346262e-01, relation_tau=2.400430e-09, relation_wq=0.000000e+00, relation_wk=0.000000e+00, personal_u=5.943095e-03, personal_v=4.092154e-03, personal_alpha_bias=0.000000e+00, personal_gate_emb=0.000000e+00, personal_gate_state_proj=0.000000e+00, personal_gate_context_proj=0.000000e+00, personal_gate_state_direct=5.258754e-04, personal_gate_id_direct=0.000000e+00, personal_gate_context_direct=7.578550e-05, personal_gate_out=2.412571e-07, personal_generator_emb=0.000000e+00, personal_generator_context_proj=0.000000e+00, personal_generator_context_hidden=0.000000e+00, personal_generator_context_to_u=0.000000e+00, personal_generator_context_to_v=0.000000e+00, personal_generator_state_row=0.000000e+00, personal_generator_state_col=0.000000e+00, personal_generator_id_row=0.000000e+00, personal_generator_id_col=0.000000e+00, personal_generator_state_adapter=0.000000e+00, personal_generator_id_adapter=0.000000e+00, personal_generator_context_adapter=0.000000e+00, personal_generator_direct_scale=1.110873e-06
2026-04-19 02:52:13,186 - INFO - [assist_09|assist_09_abce_best_full|lr=0.0003|drop=0.20] -> New best AUC=0.7525 at epoch 14
2026-04-19 02:52:18,615 - INFO - [assist_09|assist_09_abce_best_no_E|lr=0.0003|drop=0.20] Epoch [028/100] | Train: Loss=0.4630, BCE=0.4550, Reg=0.0080, AUC=0.8420, ACC=0.7691, RMSE=0.3886 | Val: Loss=0.5605, BCE=0.5524, Reg=0.0080, AUC=0.7555, ACC=0.7271, RMSE=0.4287
2026-04-19 02:52:18,615 - INFO - [assist_09|assist_09_abce_best_no_E|lr=0.0003|drop=0.20] [Reg Terms] Epoch [028] | Train: graph_entropy=0.000000, graph_diag=0.005000, graph_uniform=0.003049, graph_reg_scale=1.0000, prediction_l2=0.000001, personal_sparse=0.000000, alpha_var=0.000000, alpha_collapse=0.000000, reg_bce_ratio=0.0177 | Val: graph_entropy=0.000000, graph_diag=0.005000, graph_uniform=0.003049, graph_reg_scale=1.0000, prediction_l2=0.000001, personal_sparse=0.000000, alpha_var=0.000000, alpha_collapse=0.000000, reg_bce_ratio=0.0146
2026-04-19 02:52:18,801 - INFO - [assist_09|assist_09_abce_best_no_E|lr=0.0003|drop=0.20] [Diag][AE] Epoch [028] | irt_abs_mean=1.7683, irt_std=1.1806, personal_warmup_scale=1.00, graph_row_entropy=2.5592, graph_entropy_ratio=0.5318, alpha_mean=0.0000, alpha_std=0.0000, alpha_base_mean=0.0000, alpha_delta_absmean=0.0000, alpha_saturation_ratio=0.0000, alpha_bias_std=NA, alpha_state_path=0.0000, alpha_id_path=0.0000, alpha_bias_path=0.0000, head_bias_path=0.0000, personal_row_entropy=0.0000, personal_matrix_delta=0.0000, personal_matrix_student_std=0.0000, personal_delta_pre_softmax_norm=0.0000, personal_delta_student_std=0.0000, alpha_head_std=0.0000, query_row_global_readout_delta=0.0378, query_row_personal_message_delta=0.0000, query_row_posterior_delta_abs=0.0000, query_row_posterior_kl=0.0000, query_row_delta_local_rms_raw=0.0000, query_row_message_projection_gain=0.0000, personal_to_graph_query_ratio=0.0000, query_row_global_support_mass=1.0528, query_row_personal_support_mass=0.0000, neighbor_row_personal_delta=0.0000, personal_row_budget_mean=0.0000, personal_query_row_std=0.0000, readout_query_support_mass=1.0528, personal_student_mix=0.0000, personal_student_adapter=0.0000, local_row_ratio=0.0000, support_density=0.0000, readout_query_delta=0.0378, personal_bad_rows_active=0.00, personal_fallback_rows_active=0.00, personal_bad_row_rate_active=0.0000, personal_padded_rows=0.00, personal_logits_support_absmax=0.0000, personal_query_trust_scale_mean=1.0000, personal_bad_rows_legacy=0.00, personal_fallback_rows_legacy=0.00, personal_logits_absmax_legacy=0.0000
2026-04-19 02:52:18,802 - INFO - [assist_09|assist_09_abce_best_no_E|lr=0.0003|drop=0.20] [Diag][A] Epoch [028] | entropy_ratio=0.5318, diag_mass=0.0500, to_uniform_l2=0.023784, to_identity_l2=0.089156, relation_identity_delta=0.089156, knowledge_state_graph_delta=0.912323, knowledge_state_personal_delta=0.000000, share_concept_embeddings=True, tau_mean=0.6932, tau_std=0.0000, graph_reg_scale(train/val)=1.0000/1.0000
2026-04-19 02:52:18,802 - INFO - [assist_09|assist_09_abce_best_no_E|lr=0.0003|drop=0.20] [Grad Norms] Epoch [028] | relation_emb=5.352100e-01, relation_tau=9.897225e-10, relation_wq=6.393332e-07, relation_wk=6.200336e-07, personal_u=0.000000e+00, personal_v=0.000000e+00, personal_alpha_bias=0.000000e+00, personal_gate_emb=0.000000e+00, personal_gate_state_proj=0.000000e+00, personal_gate_context_proj=0.000000e+00, personal_gate_state_direct=0.000000e+00, personal_gate_id_direct=0.000000e+00, personal_gate_context_direct=0.000000e+00, personal_gate_out=0.000000e+00, personal_generator_emb=0.000000e+00, personal_generator_context_proj=0.000000e+00, personal_generator_context_hidden=0.000000e+00, personal_generator_context_to_u=0.000000e+00, personal_generator_context_to_v=0.000000e+00, personal_generator_state_row=0.000000e+00, personal_generator_state_col=0.000000e+00, personal_generator_id_row=0.000000e+00, personal_generator_id_col=0.000000e+00, personal_generator_state_adapter=0.000000e+00, personal_generator_id_adapter=0.000000e+00, personal_generator_context_adapter=0.000000e+00, personal_generator_direct_scale=0.000000e+00
2026-04-19 02:52:18,802 - INFO - [assist_09|assist_09_abce_best_no_E|lr=0.0003|drop=0.20] -> No improvement 3 epoch(s) (best AUC=0.7569 @ 25)
2026-04-19 02:52:18,802 - INFO - [assist_09|assist_09_abce_best_no_E|lr=0.0003|drop=0.20] Early stopping at epoch 28 (best AUC=0.7569 @ 25)
2026-04-19 02:52:18,816 - INFO - Epoch-wise metrics saved to checkpoints/abce_diag/remote_rerun_20260419_6ddddcc/assist_09/seed42/best_no_E/metrics_history.csv
2026-04-19 02:52:18,820 - INFO - [assist_09|assist_09_abce_best_no_E|lr=0.0003|drop=0.20] Training completed! Best Val AUC=0.7569 @ epoch 25
2026-04-19 02:52:19,026 - INFO - 
============================================================
         MODULE ACTIVITY REPORT
============================================================
Dataset: assist_09 | Seed: 42 | Epoch: 28

1. Concept Graph Module (A):
   - Mean row entropy: 2.559 / 4.812
   - Entropy ratio: 53.2%
   - Query readout delta: 0.0460
   - Status: LIVE (global graph is entering queried concept readout)

2. Personal Graph Module (E):
   - Status: DISABLED (use_personal_graph=False or no_E)

------------------------------------------------------------
SUMMARY:
   Active modules: Concept Graph (A)
   All enabled graph modules are functioning properly.
============================================================
2026-04-19 02:52:19,027 - INFO - [assist_09|assist_09_abce_best_no_E|lr=0.0003|drop=0.20] Module activity saved to checkpoints/abce_diag/remote_rerun_20260419_6ddddcc/assist_09/seed42/best_no_E/module_activity.json
2026-04-19 02:52:19,079 - INFO - Using device: cuda:0 (physical gpu 3)
2026-04-19 02:52:19,079 - INFO - Loading model from checkpoints/abce_diag/remote_rerun_20260419_6ddddcc/assist_09/seed42/best_no_E/best_model.pth...
2026-04-19 02:52:19,186 - INFO - [Inference Filter] before=52549, after=51090, dropped=1459, coverage=97.22% (train-only seen student/item support)
2026-04-19 02:52:19,205 - INFO - Inference switches: ablate_module1=False | enable_module1=True | use_concept_graph=True | effective(num_gnn_layers=2)
2026-04-19 02:52:19,214 - INFO - [Inference] Ablation runtime check: args(ablate_module1=False) | expect(use_concept_graph=True,use_personal_graph=False) | model(enable_module1=True,use_concept_graph=True,use_personal_graph=False) | physical(has_knowledge_encoder=True,has_relation_learning=True,has_adaptive_gate=False,has_personal_generator=False)
2026-04-19 02:52:19,215 - INFO - [Inference] [Graph Init] graph_tau_mean=1.0055, graph_tau_std=0.0000, graph_dropout=0.000, use_personal_graph=False
2026-04-19 02:52:19,216 - INFO - Model loaded from epoch 25. Start testing...
[GPU] Status: [GPU 3: 23447MiB free]
2026-04-19 02:52:20,668 - INFO - [Test] 200/400 batches done, samples=25600
2026-04-19 02:52:21,824 - INFO - [Test] 400/400 batches done, samples=51090
2026-04-19 02:52:21,909 - INFO - 
==================================================
2026-04-19 02:52:21,909 - INFO - Test Results:
2026-04-19 02:52:21,909 - INFO - AUC: 0.7597
2026-04-19 02:52:21,909 - INFO - ACC: 0.7322
2026-04-19 02:52:21,909 - INFO - RMSE: 0.4259
2026-04-19 02:52:21,909 - INFO - ==================================================
2026-04-19 02:52:21,926 - INFO - Summary appended to /home/zsh/ConceptSkillCDM/results/experiment_results.csv
2026-04-19 02:52:21,931 - INFO - Run completed.
2026-04-19 02:52:21,931 - INFO - Best validation AUC: 0.7569 at epoch 25
2026-04-19 02:52:21,931 - INFO - Test metrics - AUC: 0.7597, ACC: 0.7322, RMSE: 0.4259
Run ID: remote_rerun_20260419_6ddddcc
Jobs: 7
Diagnosis CSV: results/abce_ablation_diagnosis.csv
Summary CSV:   results/abce_ablation_summary.csv
Mean CSV:      results/abce_ablation_summary_mean.csv
[PLAN] dataset=assist_09 seed=42 profile=best ablation=full gpu=1
       CMD: /home/zsh/anaconda3/envs/xph_env/bin/python main.py --dataset_name assist_09 --model_variant assist_09_abce_best_full --save_dir checkpoints/abce_diag/remote_rerun_20260419_6ddddcc/assist_09/seed42/best_full --log_dir logs/abce_diag/remote_rerun_20260419_6ddddcc/assist_09/seed42/best_full --seed 42 --generate_diagnosis False --alpha_min_target 0.05 --batch_size 128 --debug_graph_diag --diag_batches 1 --dropout 0.2 --early_stop_patience 3 --epochs 100 --graph_dropout 0.0 --graph_entropy_max 0.75 --graph_entropy_min 0.25 --graph_identity_residual 0.05 --graph_propagation_alpha 0.24 --graph_query_readout_2hop_scale 0.24 --graph_query_readout_scale 0.7 --graph_reg_cap_ratio 6.0 --graph_reg_warmup_epochs 4 --graph_tau_init 0.55 --graph_topk 12 --graph_uniform_margin 0.1 --knowledge_dim 64 --lambda_alpha 0.0 --lambda_alpha_min 0.08 --lambda_graph_diag 0.1 --lambda_graph_uniform 0.04 --lambda_personal_kl 0.04 --lambda_personal_query_residual 0.08 --lambda_sparse 0.8 --lambda_sparse_personal 0.0005 --learning_rate 0.0003 --min_exer_interactions 0 --min_poison_count 0 --min_stu_interactions 15 --num_gnn_layers 2 --num_relation_heads 2 --num_workers 4 --patience 5 --personal_alpha_base_init 0.05 --personal_alpha_bias_scale 0.0 --personal_alpha_budget 0.1 --personal_alpha_temperature 2.2 --personal_delta_scale 4.0 --personal_disable_student_global_context --personal_id_lr_mult 0.5 --no-personal_include_neighbor_rows --personal_local_hops 1 --personal_max_alpha 0.28 --personal_neighbor_row_budget 0.35 --personal_query_correction_max_ratio 0.15 --personal_query_correction_min_graph_anchor 0.02 --personal_query_correction_scale 1.2 --personal_query_message_gain 1.0 --personal_query_residual_margin 0.08 --personal_query_row_budget 1.0 --personal_query_support_hops 1 --personal_rank 8 --personal_reg_warmup_epochs 8 --personal_state_lr_mult 1.0 --personal_student_dim 32 --personal_support_only --personal_warmup_epochs 8 --prediction_l2_lambda 1e-05 --save_interval 10 --share_concept_embeddings --use_personal_graph --weight_decay 1e-05
[PLAN] dataset=assist_09 seed=42 profile=best ablation=no_A gpu=2
       CMD: /home/zsh/anaconda3/envs/xph_env/bin/python main.py --dataset_name assist_09 --model_variant assist_09_abce_best_no_A --save_dir checkpoints/abce_diag/remote_rerun_20260419_6ddddcc/assist_09/seed42/best_no_A --log_dir logs/abce_diag/remote_rerun_20260419_6ddddcc/assist_09/seed42/best_no_A --seed 42 --generate_diagnosis False --alpha_min_target 0.05 --batch_size 128 --debug_graph_diag --diag_batches 1 --dropout 0.2 --early_stop_patience 3 --epochs 100 --graph_dropout 0.0 --graph_entropy_max 0.75 --graph_entropy_min 0.25 --graph_identity_residual 0.05 --graph_propagation_alpha 0.24 --graph_query_readout_2hop_scale 0.24 --graph_query_readout_scale 0.7 --graph_reg_cap_ratio 6.0 --graph_reg_warmup_epochs 4 --graph_tau_init 0.55 --graph_topk 12 --graph_uniform_margin 0.1 --knowledge_dim 64 --lambda_alpha 0.0 --lambda_alpha_min 0.08 --lambda_graph_diag 0.1 --lambda_graph_uniform 0.04 --lambda_personal_kl 0.04 --lambda_personal_query_residual 0.08 --lambda_sparse 0.8 --lambda_sparse_personal 0.0005 --learning_rate 0.0003 --min_exer_interactions 0 --min_poison_count 0 --min_stu_interactions 15 --num_gnn_layers 2 --num_relation_heads 2 --num_workers 4 --patience 5 --personal_alpha_base_init 0.05 --personal_alpha_bias_scale 0.0 --personal_alpha_budget 0.1 --personal_alpha_temperature 2.2 --personal_delta_scale 4.0 --personal_disable_student_global_context --personal_id_lr_mult 0.5 --no-personal_include_neighbor_rows --personal_local_hops 1 --personal_max_alpha 0.28 --personal_neighbor_row_budget 0.35 --personal_query_correction_max_ratio 0.15 --personal_query_correction_min_graph_anchor 0.02 --personal_query_correction_scale 1.2 --personal_query_message_gain 1.0 --personal_query_residual_margin 0.08 --personal_query_row_budget 1.0 --personal_query_support_hops 1 --personal_rank 8 --personal_reg_warmup_epochs 8 --personal_state_lr_mult 1.0 --personal_student_dim 32 --personal_support_only --personal_warmup_epochs 8 --prediction_l2_lambda 1e-05 --save_interval 10 --share_concept_embeddings --use_personal_graph --weight_decay 1e-05 --ablate_concept_graph
[PLAN] dataset=assist_09 seed=42 profile=best ablation=no_E gpu=3
       CMD: /home/zsh/anaconda3/envs/xph_env/bin/python main.py --dataset_name assist_09 --model_variant assist_09_abce_best_no_E --save_dir checkpoints/abce_diag/remote_rerun_20260419_6ddddcc/assist_09/seed42/best_no_E --log_dir logs/abce_diag/remote_rerun_20260419_6ddddcc/assist_09/seed42/best_no_E --seed 42 --generate_diagnosis False --alpha_min_target 0.0 --batch_size 128 --debug_graph_diag --diag_batches 1 --dropout 0.2 --early_stop_patience 3 --epochs 100 --graph_dropout 0.0 --graph_entropy_max 0.75 --graph_entropy_min 0.25 --graph_identity_residual 0.05 --graph_propagation_alpha 0.24 --graph_query_readout_2hop_scale 0.24 --graph_query_readout_scale 0.7 --graph_reg_cap_ratio 6.0 --graph_reg_warmup_epochs 4 --graph_tau_init 0.55 --graph_topk 12 --graph_uniform_margin 0.1 --knowledge_dim 64 --lambda_alpha 0.0 --lambda_alpha_min 0.0 --lambda_graph_diag 0.1 --lambda_graph_uniform 0.04 --lambda_personal_kl 0.04 --lambda_personal_query_residual 0.08 --lambda_sparse 0.8 --lambda_sparse_personal 0.0 --learning_rate 0.0003 --min_exer_interactions 0 --min_poison_count 0 --min_stu_interactions 15 --num_gnn_layers 2 --num_relation_heads 2 --num_workers 4 --patience 5 --personal_alpha_base_init 0.05 --personal_alpha_bias_scale 0.0 --personal_alpha_budget 0.1 --personal_alpha_temperature 2.2 --personal_delta_scale 4.0 --personal_disable_student_global_context --personal_id_lr_mult 0.5 --no-personal_include_neighbor_rows --personal_local_hops 1 --personal_max_alpha 0.28 --personal_neighbor_row_budget 0.35 --personal_query_correction_max_ratio 0.15 --personal_query_correction_min_graph_anchor 0.02 --personal_query_correction_scale 1.2 --personal_query_message_gain 1.0 --personal_query_residual_margin 0.08 --personal_query_row_budget 1.0 --personal_query_support_hops 1 --personal_rank 8 --personal_reg_warmup_epochs 8 --personal_state_lr_mult 1.0 --personal_student_dim 32 --personal_support_only --personal_warmup_epochs 8 --prediction_l2_lambda 1e-05 --save_interval 10 --share_concept_embeddings --no-use_personal_graph --weight_decay 1e-05
[DONE] dataset=assist_09 seed=42 profile=best ablation=no_E exit=0 auc=0.7596512886752378
[PLAN] dataset=junyi seed=42 profile=best ablation=full gpu=3
       CMD: 2026-04-19 02:52:27,482 - INFO - Arguments:
2026-04-19 02:52:27,482 - INFO -   ablate_concept_graph: False
2026-04-19 02:52:27,482 - INFO -   ablate_module1: False
2026-04-19 02:52:27,482 - INFO -   allow_self_loop: True
2026-04-19 02:52:27,482 - INFO -   alpha_min_target: 0.04
2026-04-19 02:52:27,482 - INFO -   batch_size: 64
2026-04-19 02:52:27,482 - INFO -   data_dir: ./data/junyi
2026-04-19 02:52:27,482 - INFO -   dataset_name: junyi
2026-04-19 02:52:27,482 - INFO -   debug_graph_diag: True
2026-04-19 02:52:27,482 - INFO -   diag_batches: 1
2026-04-19 02:52:27,483 - INFO -   disable_self_loop: False
2026-04-19 02:52:27,483 - INFO -   dropout: 0.4
2026-04-19 02:52:27,483 - INFO -   early_stop_patience: 3
2026-04-19 02:52:27,483 - INFO -   enable_module1: True
2026-04-19 02:52:27,483 - INFO -   epochs: 100
2026-04-19 02:52:27,483 - INFO -   generate_diagnosis: False
2026-04-19 02:52:27,483 - INFO -   gnn_residual_weight: 0.5
2026-04-19 02:52:27,483 - INFO -   gpu_candidates: None
2026-04-19 02:52:27,483 - INFO -   gpu_ids: None
2026-04-19 02:52:27,483 - INFO -   gpu_memory_threshold: 2000
2026-04-19 02:52:27,483 - INFO -   gpus: None
2026-04-19 02:52:27,483 - INFO -   graph_dropout: 0.0
2026-04-19 02:52:27,483 - INFO -   graph_entropy_max: 0.7
2026-04-19 02:52:27,483 - INFO -   graph_entropy_min: 0.15
2026-04-19 02:52:27,483 - INFO -   graph_identity_residual: 0.05
2026-04-19 02:52:27,483 - INFO -   graph_propagation_alpha: 0.25
2026-04-19 02:52:27,483 - INFO -   graph_query_readout_2hop_scale: 0.12
2026-04-19 02:52:27,483 - INFO -   graph_query_readout_scale: 0.45
2026-04-19 02:52:27,483 - INFO -   graph_query_writeback_2hop_scale: 0.12
2026-04-19 02:52:27,483 - INFO -   graph_query_writeback_scale: 0.45
2026-04-19 02:52:27,483 - INFO -   graph_readout_1hop_scale: 0.45
2026-04-19 02:52:27,483 - INFO -   graph_readout_2hop_scale: 0.12
2026-04-19 02:52:27,483 - INFO -   graph_reg_cap_ratio: 6.0
2026-04-19 02:52:27,483 - INFO -   graph_reg_warmup_epochs: 2
2026-04-19 02:52:27,483 - INFO -   graph_tau_init: 0.55
2026-04-19 02:52:27,483 - INFO -   graph_topk: 24
2026-04-19 02:52:27,483 - INFO -   graph_uniform_margin: 0.12
2026-04-19 02:52:27,483 - INFO -   knowledge_dim: 128
2026-04-19 02:52:27,483 - INFO -   lambda_alpha: 0.0
2026-04-19 02:52:27,483 - INFO -   lambda_alpha_min: 0.05
2026-04-19 02:52:27,483 - INFO -   lambda_graph_diag: 0.12
2026-04-19 02:52:27,484 - INFO -   lambda_graph_uniform: 0.06
2026-04-19 02:52:27,484 - INFO -   lambda_personal_kl: 0.03
2026-04-19 02:52:27,484 - INFO -   lambda_personal_query_residual: 0.08
2026-04-19 02:52:27,484 - INFO -   lambda_sparse: 0.6
2026-04-19 02:52:27,484 - INFO -   lambda_sparse_personal: 0.0005
2026-04-19 02:52:27,484 - INFO -   learning_rate: 0.003
2026-04-19 02:52:27,484 - INFO -   log_dir: logs/abce_diag/remote_rerun_20260419_6ddddcc/junyi/seed42/best_full
2026-04-19 02:52:27,484 - INFO -   max_test_batches: None
2026-04-19 02:52:27,484 - INFO -   max_train_batches: None
2026-04-19 02:52:27,484 - INFO -   max_val_batches: None
2026-04-19 02:52:27,484 - INFO -   min_exer_interactions: 0
2026-04-19 02:52:27,484 - INFO -   min_poison_count: 0
2026-04-19 02:52:27,484 - INFO -   min_stu_interactions: 15
2026-04-19 02:52:27,484 - INFO -   model_variant: junyi_abce_best_full
2026-04-19 02:52:27,484 - INFO -   multi_gpu: False
2026-04-19 02:52:27,484 - INFO -   no_cuda: False
2026-04-19 02:52:27,484 - INFO -   num_gnn_layers: 2
2026-04-19 02:52:27,484 - INFO -   num_gpus: 1
2026-04-19 02:52:27,484 - INFO -   num_relation_heads: 2
2026-04-19 02:52:27,484 - INFO -   num_workers: 4
2026-04-19 02:52:27,484 - INFO -   patience: 1
2026-04-19 02:52:27,484 - INFO -   personal_alpha_base_init: 0.04
2026-04-19 02:52:27,484 - INFO -   personal_alpha_bias_scale: 0.0
2026-04-19 02:52:27,484 - INFO -   personal_alpha_budget: 0.09
2026-04-19 02:52:27,484 - INFO -   personal_alpha_temperature: 1.8
2026-04-19 02:52:27,484 - INFO -   personal_delta_scale: 4.0
2026-04-19 02:52:27,484 - INFO -   personal_disable_student_global_context: True
2026-04-19 02:52:27,484 - INFO -   personal_id_lr_mult: 0.25
2026-04-19 02:52:27,484 - INFO -   personal_include_neighbor_rows: False
2026-04-19 02:52:27,484 - INFO -   personal_local_hops: 1
2026-04-19 02:52:27,484 - INFO -   personal_max_alpha: 0.26
2026-04-19 02:52:27,485 - INFO -   personal_neighbor_row_budget: 0.2
2026-04-19 02:52:27,485 - INFO -   personal_query_correction_max_ratio: 0.2
2026-04-19 02:52:27,485 - INFO -   personal_query_correction_min_graph_anchor: 0.01
2026-04-19 02:52:27,485 - INFO -   personal_query_correction_scale: 0.6
2026-04-19 02:52:27,485 - INFO -   personal_query_message_gain: 1.0
2026-04-19 02:52:27,485 - INFO -   personal_query_residual_margin: 0.05
2026-04-19 02:52:27,485 - INFO -   personal_query_row_budget: 1.3
2026-04-19 02:52:27,485 - INFO -   personal_query_support_hops: 1
2026-04-19 02:52:27,485 - INFO -   personal_rank: 8
2026-04-19 02:52:27,485 - INFO -   personal_reg_warmup_epochs: 5
2026-04-19 02:52:27,485 - INFO -   personal_state_lr_mult: 1.5
2026-04-19 02:52:27,485 - INFO -   personal_student_dim: 64
2026-04-19 02:52:27,485 - INFO -   personal_support_only: True
2026-04-19 02:52:27,485 - INFO -   personal_warmup_epochs: 5
2026-04-19 02:52:27,485 - INFO -   prediction_l2_lambda: 1e-05
2026-04-19 02:52:27,485 - INFO -   save_dir: checkpoints/abce_diag/remote_rerun_20260419_6ddddcc/junyi/seed42/best_full
2026-04-19 02:52:27,485 - INFO -   save_interval: 10
2026-04-19 02:52:27,485 - INFO -   seed: 42
2026-04-19 02:52:27,485 - INFO -   share_concept_embeddings: True
2026-04-19 02:52:27,485 - INFO -   use_concept_graph: True
2026-04-19 02:52:27,485 - INFO -   use_exercise_graph: True
2026-04-19 02:52:27,485 - INFO -   use_personal_graph: True
2026-04-19 02:52:27,485 - INFO -   weight_decay: 0.001
2026-04-19 02:52:27,571 - INFO - Using device: cuda:0 (physical gpu 3)
2026-04-19 02:52:27,571 - INFO - [junyi|junyi_abce_best_full|lr=0.003|drop=0.40] Loading datasets...
2026-04-19 02:52:27,572 - INFO - [junyi|junyi_abce_best_full|lr=0.003|drop=0.40] Regularization: graph_entropy(lambda_sparse)=0.600000, graph_diag=0.120000, graph_uniform=0.060000, personal_sparse=0.000500, personal_kl=0.030000, personal_query_residual=0.080000, alpha_penalty=0.000000, alpha_min=0.050000, prediction_l2=0.000010
2026-04-19 02:52:27,572 - INFO - [junyi|junyi_abce_best_full|lr=0.003|drop=0.40] Graph controls: entropy_band=[0.15, 0.70], uniform_margin=0.12, warmup_epochs=2, cap_ratio=6.00, graph_dropout=0.000, graph_tau_init=0.550
2026-04-19 02:52:27,572 - INFO - [junyi|junyi_abce_best_full|lr=0.003|drop=0.40] Personal controls: personal_max_alpha=0.260, personal_delta_scale=4.000, personal_warmup_epochs=5, personal_student_dim=64, alpha_min_target=0.0400, personal_local_hops=1, include_neighbor_rows=False, personal_support_only=True, personal_alpha_temperature=1.800, personal_alpha_budget=0.090, personal_query_row_budget=1.300, personal_neighbor_row_budget=0.200, personal_query_support_hops=1, personal_query_message_gain=1.000, personal_query_correction_scale=0.600, personal_state_lr_mult=1.500, personal_id_lr_mult=0.250, graph_propagation_alpha=0.250, graph_query_readout_scale=0.450, graph_query_readout_2hop_scale=0.120
2026-04-19 02:52:27,677 - INFO - [junyi] [数据清洗] 学生交互次数 < 15 次的学生：共移除 2188 个学生（仅统计用户数）
2026-04-19 02:52:27,693 - INFO - [junyi] [数据清洗] 学生冷启动过滤：在 train/valid/test 中共删除 35779 条记录。
2026-04-19 02:52:27,693 - INFO - [junyi] [数据清洗] 跳过题目冷门过滤（min_exer_interactions <= 0）。
2026-04-19 02:52:27,694 - INFO - [junyi] [数据清洗] 跳过毒题清洗（min_poison_count <= 0）。
2026-04-19 02:52:27,694 - INFO - [junyi] 正在构建ID映射...
2026-04-19 02:52:27,913 - INFO - [junyi] 正在构建Q矩阵...
2026-04-19 02:52:33,678 - INFO - [junyi] [数据清洗] Valid train-seen 过滤：before=22111, after=22111, dropped=0, coverage=100.00%
2026-04-19 02:52:33,681 - INFO - [junyi] [数据清洗] Test train-seen 过滤：before=60499, after=60494, dropped=5, coverage=99.99%
2026-04-19 02:52:33,682 - INFO - [junyi] [统计] 开始统计清洗后每道题的概念数量分布...
2026-04-19 02:52:33,685 - INFO - [junyi] [Train] 概念数统计：题目数=697, 平均概念数=1.0000, min=1, max=1, 1概念=697 (100.00%), ≥2概念=0 (0.00%)
2026-04-19 02:52:33,685 - INFO - [junyi] [Train] 概念数直方图（概念数: 题目数量）: {1: 697}
2026-04-19 02:52:33,685 - INFO - [junyi] [Valid] 概念数统计：题目数=614, 平均概念数=1.0000, min=1, max=1, 1概念=614 (100.00%), ≥2概念=0 (0.00%)
2026-04-19 02:52:33,685 - INFO - [junyi] [Valid] 概念数直方图（概念数: 题目数量）: {1: 614}
2026-04-19 02:52:33,686 - INFO - [junyi] [Test] 概念数统计：题目数=663, 平均概念数=1.0000, min=1, max=1, 1概念=663 (100.00%), ≥2概念=0 (0.00%)
2026-04-19 02:52:33,686 - INFO - [junyi] [Test] 概念数直方图（概念数: 题目数量）: {1: 663}
2026-04-19 02:52:33,686 - INFO - [junyi] [统计] 概念数量统计完成。
2026-04-19 02:52:33,686 - INFO - [junyi] 正在加载数据集...
2026-04-19 02:52:33,768 - INFO - [junyi|junyi_abce_best_full|lr=0.003|drop=0.40] Train samples: 235446, Val samples: 22111
2026-04-19 02:52:33,768 - INFO - [junyi|junyi_abce_best_full|lr=0.003|drop=0.40] Number of students: 7812
2026-04-19 02:52:33,768 - INFO - [junyi|junyi_abce_best_full|lr=0.003|drop=0.40] Number of exercises: 697
2026-04-19 02:52:33,768 - INFO - [junyi|junyi_abce_best_full|lr=0.003|drop=0.40] Number of concepts: 697
2026-04-19 02:52:33,768 - INFO - [junyi|junyi_abce_best_full|lr=0.003|drop=0.40] Creating model...
2026-04-19 02:52:33,768 - INFO - [junyi|junyi_abce_best_full|lr=0.003|drop=0.40] Ablation switches: ablate_module1=False | enable_module1=True | use_concept_graph=True | effective(num_gnn_layers=2)
2026-04-19 02:52:33,997 - INFO - [junyi|junyi_abce_best_full|lr=0.003|drop=0.40] Ablation runtime check: args(ablate_module1=False) | expect(use_concept_graph=True,use_personal_graph=True) | model(enable_module1=True,use_concept_graph=True,use_personal_graph=True) | physical(has_knowledge_encoder=True,has_relation_learning=True,has_adaptive_gate=True,has_personal_generator=True)
2026-04-19 02:52:33,997 - INFO - [junyi|junyi_abce_best_full|lr=0.003|drop=0.40] Debug diagnostics enabled: diag_batches=1
2026-04-19 02:52:34,013 - INFO - [junyi|junyi_abce_best_full|lr=0.003|drop=0.40] [Graph Init] graph_tau_mean=1.0055, graph_tau_std=0.0000, graph_dropout=0.000, use_personal_graph=True
2026-04-19 02:52:34,014 - INFO - [junyi|junyi_abce_best_full|lr=0.003|drop=0.40] Total parameters: 8,273,998
2026-04-19 02:52:34,014 - INFO - [junyi|junyi_abce_best_full|lr=0.003|drop=0.40] Trainable parameters: 8,273,998
2026-04-19 02:52:34,864 - INFO - [junyi|junyi_abce_best_full|lr=0.003|drop=0.40] Optimizer param groups: backbone@lr=0.003, personal_state@lr=0.0045, personal_id@lr=0.00075
2026-04-19 02:52:34,864 - INFO - [junyi|junyi_abce_best_full|lr=0.003|drop=0.40] Monitor config: scheduler=val_auc(max), best_checkpoint=val_auc(max), early_stop=val_auc(max)
2026-04-19 02:52:34,864 - INFO - [junyi|junyi_abce_best_full|lr=0.003|drop=0.40] Starting training...
[GPU] Status: [GPU 3: 24086MiB free]
2026-04-19 02:53:35,482 - INFO - [assist_09|assist_09_abce_best_full|lr=0.0003|drop=0.20] Epoch [015/100] | Train: Loss=0.4904, BCE=0.4797, Reg=0.0107, AUC=0.8209, ACC=0.7576, RMSE=0.3995 | Val: Loss=0.5615, BCE=0.5506, Reg=0.0108, AUC=0.7540, ACC=0.7248, RMSE=0.4293
2026-04-19 02:53:35,483 - INFO - [assist_09|assist_09_abce_best_full|lr=0.0003|drop=0.20] [Reg Terms] Epoch [015] | Train: graph_entropy=0.000000, graph_diag=0.005003, graph_uniform=0.003049, graph_reg_scale=1.0000, prediction_l2=0.000001, personal_sparse=0.000317, alpha_var=0.000000, alpha_collapse=0.000000, reg_bce_ratio=0.0224 | Val: graph_entropy=0.000000, graph_diag=0.005000, graph_uniform=0.003049, graph_reg_scale=1.0000, prediction_l2=0.000001, personal_sparse=0.000383, alpha_var=0.000000, alpha_collapse=0.000003, reg_bce_ratio=0.0196
2026-04-19 02:53:35,691 - INFO - [assist_09|assist_09_abce_best_full|lr=0.0003|drop=0.20] [Diag][AE] Epoch [015] | irt_abs_mean=1.7139, irt_std=0.9996, personal_warmup_scale=1.00, graph_row_entropy=2.5592, graph_entropy_ratio=0.5318, alpha_mean=0.0864, alpha_std=0.0534, alpha_base_mean=0.0666, alpha_delta_absmean=0.0323, alpha_saturation_ratio=0.0000, alpha_bias_std=NA, alpha_state_path=0.7880, alpha_id_path=0.0000, alpha_bias_path=0.0000, head_bias_path=1.2082, personal_row_entropy=1.7922, personal_matrix_delta=0.0841, personal_matrix_student_std=0.0506, personal_delta_pre_softmax_norm=2.3340, personal_delta_student_std=1.1973, alpha_head_std=0.0522, query_row_global_readout_delta=0.0337, query_row_personal_message_delta=0.0029, query_row_posterior_delta_abs=0.0841, query_row_posterior_kl=0.0603, query_row_delta_local_rms_raw=0.0319, query_row_message_projection_gain=0.3790, personal_to_graph_query_ratio=0.0851, query_row_global_support_mass=0.9904, query_row_personal_support_mass=0.9904, neighbor_row_personal_delta=0.0000, personal_row_budget_mean=1.0000, personal_query_row_std=0.1033, readout_query_support_mass=0.9904, personal_student_mix=0.0501, personal_student_adapter=0.0400, local_row_ratio=0.2137, support_density=0.4010, readout_query_delta=0.0337, personal_bad_rows_active=0.00, personal_fallback_rows_active=0.00, personal_bad_row_rate_active=0.0000, personal_padded_rows=460.00, personal_logits_support_absmax=6.0584, personal_query_trust_scale_mean=0.8866, personal_bad_rows_legacy=460.00, personal_fallback_rows_legacy=460.00, personal_logits_absmax_legacy=30.0000
2026-04-19 02:53:35,691 - INFO - [assist_09|assist_09_abce_best_full|lr=0.0003|drop=0.20] [Diag][A] Epoch [015] | entropy_ratio=0.5318, diag_mass=0.0500, to_uniform_l2=0.023784, to_identity_l2=0.089156, relation_identity_delta=0.089156, knowledge_state_graph_delta=0.812500, knowledge_state_personal_delta=0.000000, share_concept_embeddings=True, tau_mean=0.6933, tau_std=0.0001, graph_reg_scale(train/val)=1.0000/1.0000
2026-04-19 02:53:35,691 - INFO - [assist_09|assist_09_abce_best_full|lr=0.0003|drop=0.20] [Grad Norms] Epoch [015] | relation_emb=4.683452e-01, relation_tau=2.329665e-09, relation_wq=0.000000e+00, relation_wk=0.000000e+00, personal_u=1.700722e-03, personal_v=1.817781e-03, personal_alpha_bias=0.000000e+00, personal_gate_emb=0.000000e+00, personal_gate_state_proj=0.000000e+00, personal_gate_context_proj=0.000000e+00, personal_gate_state_direct=5.384974e-04, personal_gate_id_direct=0.000000e+00, personal_gate_context_direct=4.443623e-05, personal_gate_out=4.544708e-08, personal_generator_emb=0.000000e+00, personal_generator_context_proj=0.000000e+00, personal_generator_context_hidden=0.000000e+00, personal_generator_context_to_u=0.000000e+00, personal_generator_context_to_v=0.000000e+00, personal_generator_state_row=0.000000e+00, personal_generator_state_col=0.000000e+00, personal_generator_id_row=0.000000e+00, personal_generator_id_col=0.000000e+00, personal_generator_state_adapter=0.000000e+00, personal_generator_id_adapter=0.000000e+00, personal_generator_context_adapter=0.000000e+00, personal_generator_direct_scale=1.959696e-06
2026-04-19 02:53:36,021 - INFO - [assist_09|assist_09_abce_best_full|lr=0.0003|drop=0.20] -> New best AUC=0.7540 at epoch 15
2026-04-19 02:53:51,916 - INFO - [assist_09|assist_09_abce_best_no_A|lr=0.0003|drop=0.20] Epoch [013/100] | Train: Loss=0.4842, BCE=0.4821, Reg=0.0021, AUC=0.8193, ACC=0.7573, RMSE=0.4004 | Val: Loss=0.5555, BCE=0.5534, Reg=0.0021, AUC=0.7520, ACC=0.7227, RMSE=0.4304
2026-04-19 02:53:51,916 - INFO - [assist_09|assist_09_abce_best_no_A|lr=0.0003|drop=0.20] [Reg Terms] Epoch [013] | Train: graph_entropy=0.000000, graph_diag=0.000000, graph_uniform=0.000000, graph_reg_scale=1.0000, prediction_l2=0.000000, personal_sparse=0.000006, alpha_var=0.000000, alpha_collapse=0.000000, reg_bce_ratio=0.0044 | Val: graph_entropy=0.000000, graph_diag=0.000000, graph_uniform=0.000000, graph_reg_scale=1.0000, prediction_l2=0.000000, personal_sparse=0.000006, alpha_var=0.000000, alpha_collapse=0.000061, reg_bce_ratio=0.0039
2026-04-19 02:53:52,126 - INFO - [assist_09|assist_09_abce_best_no_A|lr=0.0003|drop=0.20] [Diag][AE] Epoch [013] | irt_abs_mean=1.6853, irt_std=1.0790, personal_warmup_scale=1.00, graph_row_entropy=0.0000, graph_entropy_ratio=0.0000, alpha_mean=0.0823, alpha_std=0.0532, alpha_base_mean=0.0765, alpha_delta_absmean=0.0338, alpha_saturation_ratio=0.0000, alpha_bias_std=NA, alpha_state_path=0.7803, alpha_id_path=0.0000, alpha_bias_path=0.0000, head_bias_path=1.0058, personal_row_entropy=0.0313, personal_matrix_delta=0.0852, personal_matrix_student_std=0.1288, personal_delta_pre_softmax_norm=1.7764, personal_delta_student_std=0.6632, alpha_head_std=0.0529, query_row_global_readout_delta=0.0000, query_row_personal_message_delta=0.0016, query_row_posterior_delta_abs=0.0852, query_row_posterior_kl=0.0570, query_row_delta_local_rms_raw=0.0368, query_row_message_projection_gain=0.4325, personal_to_graph_query_ratio=0.0000, query_row_global_support_mass=0.0000, query_row_personal_support_mass=0.0000, neighbor_row_personal_delta=0.0000, personal_row_budget_mean=1.0000, personal_query_row_std=0.9666, readout_query_support_mass=0.0000, personal_student_mix=0.0499, personal_student_adapter=0.0400, local_row_ratio=0.0098, support_density=0.1840, readout_query_delta=0.0016, personal_bad_rows_active=0.00, personal_fallback_rows_active=0.00, personal_bad_row_rate_active=0.0000, personal_padded_rows=460.00, personal_logits_support_absmax=4.1417, personal_query_trust_scale_mean=0.9321, personal_bad_rows_legacy=460.00, personal_fallback_rows_legacy=460.00, personal_logits_absmax_legacy=30.0000
2026-04-19 02:53:52,127 - INFO - [assist_09|assist_09_abce_best_no_A|lr=0.0003|drop=0.20] [Diag][A] Epoch [013] | entropy_ratio=0.0000, diag_mass=1.0000, to_uniform_l2=0.089800, to_identity_l2=0.000000, relation_identity_delta=0.000000, knowledge_state_graph_delta=0.000000, knowledge_state_personal_delta=0.000000, share_concept_embeddings=True, tau_mean=0.0000, tau_std=0.0000, graph_reg_scale(train/val)=1.0000/1.0000
2026-04-19 02:53:52,127 - INFO - [assist_09|assist_09_abce_best_no_A|lr=0.0003|drop=0.20] [Grad Norms] Epoch [013] | relation_emb=0.000000e+00, relation_tau=0.000000e+00, relation_wq=0.000000e+00, relation_wk=0.000000e+00, personal_u=0.000000e+00, personal_v=0.000000e+00, personal_alpha_bias=0.000000e+00, personal_gate_emb=0.000000e+00, personal_gate_state_proj=0.000000e+00, personal_gate_context_proj=0.000000e+00, personal_gate_state_direct=4.952113e-05, personal_gate_id_direct=0.000000e+00, personal_gate_context_direct=3.086766e-07, personal_gate_out=0.000000e+00, personal_generator_emb=0.000000e+00, personal_generator_context_proj=0.000000e+00, personal_generator_context_hidden=0.000000e+00, personal_generator_context_to_u=0.000000e+00, personal_generator_context_to_v=0.000000e+00, personal_generator_state_row=0.000000e+00, personal_generator_state_col=0.000000e+00, personal_generator_id_row=0.000000e+00, personal_generator_id_col=0.000000e+00, personal_generator_state_adapter=0.000000e+00, personal_generator_id_adapter=0.000000e+00, personal_generator_context_adapter=0.000000e+00, personal_generator_direct_scale=0.000000e+00
2026-04-19 02:53:52,397 - INFO - [assist_09|assist_09_abce_best_no_A|lr=0.0003|drop=0.20] -> New best AUC=0.7520 at epoch 13
2026-04-19 02:54:59,704 - INFO - [assist_09|assist_09_abce_best_full|lr=0.0003|drop=0.20] Epoch [016/100] | Train: Loss=0.4877, BCE=0.4770, Reg=0.0107, AUC=0.8234, ACC=0.7587, RMSE=0.3983 | Val: Loss=0.5616, BCE=0.5508, Reg=0.0108, AUC=0.7532, ACC=0.7261, RMSE=0.4292
2026-04-19 02:54:59,704 - INFO - [assist_09|assist_09_abce_best_full|lr=0.0003|drop=0.20] [Reg Terms] Epoch [016] | Train: graph_entropy=0.000000, graph_diag=0.005000, graph_uniform=0.003049, graph_reg_scale=1.0000, prediction_l2=0.000001, personal_sparse=0.000319, alpha_var=0.000000, alpha_collapse=0.000000, reg_bce_ratio=0.0225 | Val: graph_entropy=0.000000, graph_diag=0.005000, graph_uniform=0.003049, graph_reg_scale=1.0000, prediction_l2=0.000001, personal_sparse=0.000382, alpha_var=0.000000, alpha_collapse=0.000002, reg_bce_ratio=0.0196
2026-04-19 02:54:59,893 - INFO - [assist_09|assist_09_abce_best_full|lr=0.0003|drop=0.20] [Diag][AE] Epoch [016] | irt_abs_mean=1.6486, irt_std=1.0271, personal_warmup_scale=1.00, graph_row_entropy=2.5592, graph_entropy_ratio=0.5318, alpha_mean=0.0880, alpha_std=0.0552, alpha_base_mean=0.0673, alpha_delta_absmean=0.0336, alpha_saturation_ratio=0.0000, alpha_bias_std=NA, alpha_state_path=0.8427, alpha_id_path=0.0000, alpha_bias_path=0.0000, head_bias_path=1.1952, personal_row_entropy=1.7953, personal_matrix_delta=0.0837, personal_matrix_student_std=0.0512, personal_delta_pre_softmax_norm=2.3305, personal_delta_student_std=1.2014, alpha_head_std=0.0526, query_row_global_readout_delta=0.0355, query_row_personal_message_delta=0.0030, query_row_posterior_delta_abs=0.0837, query_row_posterior_kl=0.0601, query_row_delta_local_rms_raw=0.0428, query_row_message_projection_gain=0.5112, personal_to_graph_query_ratio=0.0832, query_row_global_support_mass=0.9970, query_row_personal_support_mass=0.9970, neighbor_row_personal_delta=0.0000, personal_row_budget_mean=1.0000, personal_query_row_std=0.0993, readout_query_support_mass=0.9970, personal_student_mix=0.0500, personal_student_adapter=0.0400, local_row_ratio=0.2137, support_density=0.4010, readout_query_delta=0.0355, personal_bad_rows_active=0.00, personal_fallback_rows_active=0.00, personal_bad_row_rate_active=0.0000, personal_padded_rows=460.00, personal_logits_support_absmax=5.9114, personal_query_trust_scale_mean=0.7726, personal_bad_rows_legacy=460.00, personal_fallback_rows_legacy=460.00, personal_logits_absmax_legacy=30.0000
2026-04-19 02:54:59,893 - INFO - [assist_09|assist_09_abce_best_full|lr=0.0003|drop=0.20] [Diag][A] Epoch [016] | entropy_ratio=0.5318, diag_mass=0.0500, to_uniform_l2=0.023784, to_identity_l2=0.089156, relation_identity_delta=0.089156, knowledge_state_graph_delta=0.826358, knowledge_state_personal_delta=0.000000, share_concept_embeddings=True, tau_mean=0.6931, tau_std=0.0000, graph_reg_scale(train/val)=1.0000/1.0000
2026-04-19 02:54:59,893 - INFO - [assist_09|assist_09_abce_best_full|lr=0.0003|drop=0.20] [Grad Norms] Epoch [016] | relation_emb=4.131896e-01, relation_tau=7.906094e-09, relation_wq=1.421517e-19, relation_wk=4.778585e-20, personal_u=2.914109e-03, personal_v=1.665278e-03, personal_alpha_bias=0.000000e+00, personal_gate_emb=0.000000e+00, personal_gate_state_proj=0.000000e+00, personal_gate_context_proj=0.000000e+00, personal_gate_state_direct=8.998637e-04, personal_gate_id_direct=0.000000e+00, personal_gate_context_direct=1.228945e-04, personal_gate_out=1.587323e-06, personal_generator_emb=0.000000e+00, personal_generator_context_proj=0.000000e+00, personal_generator_context_hidden=0.000000e+00, personal_generator_context_to_u=0.000000e+00, personal_generator_context_to_v=0.000000e+00, personal_generator_state_row=0.000000e+00, personal_generator_state_col=0.000000e+00, personal_generator_id_row=0.000000e+00, personal_generator_id_col=0.000000e+00, personal_generator_state_adapter=0.000000e+00, personal_generator_id_adapter=0.000000e+00, personal_generator_context_adapter=0.000000e+00, personal_generator_direct_scale=1.311572e-07
2026-04-19 02:54:59,893 - INFO - [assist_09|assist_09_abce_best_full|lr=0.0003|drop=0.20] -> No improvement 1 epoch(s) (best AUC=0.7540 @ 15)
2026-04-19 02:55:32,160 - INFO - [assist_09|assist_09_abce_best_no_A|lr=0.0003|drop=0.20] Epoch [014/100] | Train: Loss=0.4813, BCE=0.4792, Reg=0.0021, AUC=0.8221, ACC=0.7582, RMSE=0.3991 | Val: Loss=0.5536, BCE=0.5515, Reg=0.0021, AUC=0.7526, ACC=0.7226, RMSE=0.4298
2026-04-19 02:55:32,160 - INFO - [assist_09|assist_09_abce_best_no_A|lr=0.0003|drop=0.20] [Reg Terms] Epoch [014] | Train: graph_entropy=0.000000, graph_diag=0.000000, graph_uniform=0.000000, graph_reg_scale=1.0000, prediction_l2=0.000001, personal_sparse=0.000006, alpha_var=0.000000, alpha_collapse=0.000000, reg_bce_ratio=0.0044 | Val: graph_entropy=0.000000, graph_diag=0.000000, graph_uniform=0.000000, graph_reg_scale=1.0000, prediction_l2=0.000001, personal_sparse=0.000006, alpha_var=0.000000, alpha_collapse=0.000041, reg_bce_ratio=0.0038
2026-04-19 02:55:32,361 - INFO - [assist_09|assist_09_abce_best_no_A|lr=0.0003|drop=0.20] [Diag][AE] Epoch [014] | irt_abs_mean=1.6540, irt_std=1.0852, personal_warmup_scale=1.00, graph_row_entropy=0.0000, graph_entropy_ratio=0.0000, alpha_mean=0.0840, alpha_std=0.0568, alpha_base_mean=0.0779, alpha_delta_absmean=0.0375, alpha_saturation_ratio=0.0000, alpha_bias_std=NA, alpha_state_path=0.8746, alpha_id_path=0.0000, alpha_bias_path=0.0000, head_bias_path=0.9796, personal_row_entropy=0.0302, personal_matrix_delta=0.0855, personal_matrix_student_std=0.1476, personal_delta_pre_softmax_norm=1.7748, personal_delta_student_std=0.6709, alpha_head_std=0.0566, query_row_global_readout_delta=0.0000, query_row_personal_message_delta=0.0016, query_row_posterior_delta_abs=0.0855, query_row_posterior_kl=0.0571, query_row_delta_local_rms_raw=0.0241, query_row_message_projection_gain=0.2817, personal_to_graph_query_ratio=0.0000, query_row_global_support_mass=0.0000, query_row_personal_support_mass=0.0000, neighbor_row_personal_delta=0.0000, personal_row_budget_mean=1.0000, personal_query_row_std=0.9651, readout_query_support_mass=0.0000, personal_student_mix=0.0499, personal_student_adapter=0.0400, local_row_ratio=0.0098, support_density=0.1840, readout_query_delta=0.0016, personal_bad_rows_active=0.00, personal_fallback_rows_active=0.00, personal_bad_row_rate_active=0.0000, personal_padded_rows=460.00, personal_logits_support_absmax=4.1355, personal_query_trust_scale_mean=0.9470, personal_bad_rows_legacy=460.00, personal_fallback_rows_legacy=460.00, personal_logits_absmax_legacy=30.0000
2026-04-19 02:55:32,362 - INFO - [assist_09|assist_09_abce_best_no_A|lr=0.0003|drop=0.20] [Diag][A] Epoch [014] | entropy_ratio=0.0000, diag_mass=1.0000, to_uniform_l2=0.089800, to_identity_l2=0.000000, relation_identity_delta=0.000000, knowledge_state_graph_delta=0.000000, knowledge_state_personal_delta=0.000000, share_concept_embeddings=True, tau_mean=0.0000, tau_std=0.0000, graph_reg_scale(train/val)=1.0000/1.0000
2026-04-19 02:55:32,362 - INFO - [assist_09|assist_09_abce_best_no_A|lr=0.0003|drop=0.20] [Grad Norms] Epoch [014] | relation_emb=0.000000e+00, relation_tau=0.000000e+00, relation_wq=0.000000e+00, relation_wk=0.000000e+00, personal_u=4.023774e-20, personal_v=2.180142e-19, personal_alpha_bias=0.000000e+00, personal_gate_emb=0.000000e+00, personal_gate_state_proj=0.000000e+00, personal_gate_context_proj=0.000000e+00, personal_gate_state_direct=2.962928e-04, personal_gate_id_direct=0.000000e+00, personal_gate_context_direct=2.752734e-06, personal_gate_out=0.000000e+00, personal_generator_emb=0.000000e+00, personal_generator_context_proj=0.000000e+00, personal_generator_context_hidden=0.000000e+00, personal_generator_context_to_u=0.000000e+00, personal_generator_context_to_v=0.000000e+00, personal_generator_state_row=0.000000e+00, personal_generator_state_col=0.000000e+00, personal_generator_id_row=0.000000e+00, personal_generator_id_col=0.000000e+00, personal_generator_state_adapter=0.000000e+00, personal_generator_id_adapter=0.000000e+00, personal_generator_context_adapter=0.000000e+00, personal_generator_direct_scale=3.238672e-20
2026-04-19 02:55:32,807 - INFO - [assist_09|assist_09_abce_best_no_A|lr=0.0003|drop=0.20] -> New best AUC=0.7526 at epoch 14
2026-04-19 02:55:51,152 - INFO - [junyi|junyi_abce_best_full|lr=0.003|drop=0.40] Epoch [001/100] | Train: Loss=0.5327, BCE=0.5252, Reg=0.0074, AUC=0.7821, ACC=0.7398, RMSE=0.4188 | Val: Loss=0.5202, BCE=0.5132, Reg=0.0070, AUC=0.7947, ACC=0.7541, RMSE=0.4111
2026-04-19 02:55:51,152 - INFO - [junyi|junyi_abce_best_full|lr=0.003|drop=0.40] [Reg Terms] Epoch [001] | Train: graph_entropy=0.000000, graph_diag=0.003279, graph_uniform=0.003375, graph_reg_scale=1.0000, prediction_l2=0.000000, personal_sparse=0.000237, alpha_var=0.000000, alpha_collapse=0.000327, reg_bce_ratio=0.0141 | Val: graph_entropy=0.000000, graph_diag=0.003000, graph_uniform=0.003377, graph_reg_scale=1.0000, prediction_l2=0.000000, personal_sparse=0.000244, alpha_var=0.000000, alpha_collapse=0.000232, reg_bce_ratio=0.0137
2026-04-19 02:55:51,331 - INFO - [junyi|junyi_abce_best_full|lr=0.003|drop=0.40] [Diag][AE] Epoch [001] | irt_abs_mean=1.6897, irt_std=1.0645, personal_warmup_scale=0.20, graph_row_entropy=3.2177, graph_entropy_ratio=0.4915, alpha_mean=0.1242, alpha_std=0.0168, alpha_base_mean=0.1242, alpha_delta_absmean=0.0049, alpha_saturation_ratio=0.0000, alpha_bias_std=NA, alpha_state_path=0.0985, alpha_id_path=0.0000, alpha_bias_path=0.0000, head_bias_path=0.2446, personal_row_entropy=2.4424, personal_matrix_delta=0.0430, personal_matrix_student_std=0.0455, personal_delta_pre_softmax_norm=2.7686, personal_delta_student_std=2.6892, alpha_head_std=0.0168, query_row_global_readout_delta=0.0187, query_row_personal_message_delta=0.0001, query_row_posterior_delta_abs=0.0430, query_row_posterior_kl=0.0310, query_row_delta_local_rms_raw=0.0014, query_row_message_projection_gain=0.0322, personal_to_graph_query_ratio=0.0052, query_row_global_support_mass=0.9203, query_row_personal_support_mass=0.9203, neighbor_row_personal_delta=0.0000, personal_row_budget_mean=1.3000, personal_query_row_std=0.1124, readout_query_support_mass=0.9203, personal_student_mix=0.0500, personal_student_adapter=0.0400, local_row_ratio=0.0692, support_density=1.0000, readout_query_delta=0.0188, personal_bad_rows_active=0.00, personal_fallback_rows_active=0.00, personal_bad_row_rate_active=0.0000, personal_padded_rows=0.00, personal_logits_support_absmax=6.7936, personal_query_trust_scale_mean=1.0000, personal_bad_rows_legacy=0.00, personal_fallback_rows_legacy=0.00, personal_logits_absmax_legacy=6.7936
2026-04-19 02:55:51,331 - INFO - [junyi|junyi_abce_best_full|lr=0.003|drop=0.40] [Diag][A] Epoch [001] | entropy_ratio=0.4915, diag_mass=0.0500, to_uniform_l2=0.007448, to_identity_l2=0.036726, relation_identity_delta=0.036726, knowledge_state_graph_delta=0.252845, knowledge_state_personal_delta=0.000000, share_concept_embeddings=True, tau_mean=0.6931, tau_std=0.0000, graph_reg_scale(train/val)=1.0000/1.0000
2026-04-19 02:55:51,331 - INFO - [junyi|junyi_abce_best_full|lr=0.003|drop=0.40] [Grad Norms] Epoch [001] | relation_emb=3.213654e-01, relation_tau=4.698888e-13, relation_wq=2.350358e-09, relation_wk=2.129057e-09, personal_u=1.873159e-03, personal_v=7.805410e-04, personal_alpha_bias=0.000000e+00, personal_gate_emb=4.401074e-13, personal_gate_state_proj=1.820373e-16, personal_gate_context_proj=9.831572e-16, personal_gate_state_direct=4.855711e-08, personal_gate_id_direct=1.028304e-13, personal_gate_context_direct=2.622499e-07, personal_gate_out=1.914288e-08, personal_generator_emb=1.980817e-22, personal_generator_context_proj=2.956020e-18, personal_generator_context_hidden=1.991481e-15, personal_generator_context_to_u=3.444857e-12, personal_generator_context_to_v=2.625645e-12, personal_generator_state_row=5.237381e-12, personal_generator_state_col=3.991894e-12, personal_generator_id_row=5.400197e-13, personal_generator_id_col=4.115991e-13, personal_generator_state_adapter=1.994169e-16, personal_generator_id_adapter=3.918046e-18, personal_generator_context_adapter=1.127651e-16, personal_generator_direct_scale=5.065533e-07
2026-04-19 02:55:51,562 - INFO - [junyi|junyi_abce_best_full|lr=0.003|drop=0.40] -> New best AUC=0.7947 at epoch 1
2026-04-19 02:56:24,715 - INFO - [assist_09|assist_09_abce_best_full|lr=0.0003|drop=0.20] Epoch [017/100] | Train: Loss=0.4849, BCE=0.4742, Reg=0.0107, AUC=0.8257, ACC=0.7598, RMSE=0.3971 | Val: Loss=0.5619, BCE=0.5511, Reg=0.0108, AUC=0.7551, ACC=0.7261, RMSE=0.4293
2026-04-19 02:56:24,715 - INFO - [assist_09|assist_09_abce_best_full|lr=0.0003|drop=0.20] [Reg Terms] Epoch [017] | Train: graph_entropy=0.000000, graph_diag=0.005000, graph_uniform=0.003049, graph_reg_scale=1.0000, prediction_l2=0.000001, personal_sparse=0.000318, alpha_var=0.000000, alpha_collapse=0.000000, reg_bce_ratio=0.0227 | Val: graph_entropy=0.000000, graph_diag=0.005000, graph_uniform=0.003049, graph_reg_scale=1.0000, prediction_l2=0.000001, personal_sparse=0.000382, alpha_var=0.000000, alpha_collapse=0.000015, reg_bce_ratio=0.0197
2026-04-19 02:56:24,920 - INFO - [assist_09|assist_09_abce_best_full|lr=0.0003|drop=0.20] [Diag][AE] Epoch [017] | irt_abs_mean=1.6678, irt_std=1.0283, personal_warmup_scale=1.00, graph_row_entropy=2.5592, graph_entropy_ratio=0.5318, alpha_mean=0.0892, alpha_std=0.0534, alpha_base_mean=0.0679, alpha_delta_absmean=0.0320, alpha_saturation_ratio=0.0000, alpha_bias_std=NA, alpha_state_path=0.8159, alpha_id_path=0.0000, alpha_bias_path=0.0000, head_bias_path=1.1814, personal_row_entropy=1.7989, personal_matrix_delta=0.0831, personal_matrix_student_std=0.0508, personal_delta_pre_softmax_norm=2.3261, personal_delta_student_std=1.1969, alpha_head_std=0.0489, query_row_global_readout_delta=0.0373, query_row_personal_message_delta=0.0027, query_row_posterior_delta_abs=0.0831, query_row_posterior_kl=0.0594, query_row_delta_local_rms_raw=0.0289, query_row_message_projection_gain=0.3480, personal_to_graph_query_ratio=0.0723, query_row_global_support_mass=1.1399, query_row_personal_support_mass=1.1399, neighbor_row_personal_delta=0.0000, personal_row_budget_mean=1.0000, personal_query_row_std=0.0854, readout_query_support_mass=1.1399, personal_student_mix=0.0500, personal_student_adapter=0.0400, local_row_ratio=0.2156, support_density=0.4010, readout_query_delta=0.0373, personal_bad_rows_active=0.00, personal_fallback_rows_active=0.00, personal_bad_row_rate_active=0.0000, personal_padded_rows=460.00, personal_logits_support_absmax=6.1014, personal_query_trust_scale_mean=0.8968, personal_bad_rows_legacy=460.00, personal_fallback_rows_legacy=460.00, personal_logits_absmax_legacy=30.0000
2026-04-19 02:56:24,921 - INFO - [assist_09|assist_09_abce_best_full|lr=0.0003|drop=0.20] [Diag][A] Epoch [017] | entropy_ratio=0.5318, diag_mass=0.0500, to_uniform_l2=0.023784, to_identity_l2=0.089156, relation_identity_delta=0.089156, knowledge_state_graph_delta=0.816886, knowledge_state_personal_delta=0.000000, share_concept_embeddings=True, tau_mean=0.6931, tau_std=0.0000, graph_reg_scale(train/val)=1.0000/1.0000
2026-04-19 02:56:24,921 - INFO - [assist_09|assist_09_abce_best_full|lr=0.0003|drop=0.20] [Grad Norms] Epoch [017] | relation_emb=5.625503e-01, relation_tau=5.482323e-09, relation_wq=3.510379e-07, relation_wk=3.462200e-07, personal_u=6.238608e-03, personal_v=2.756026e-03, personal_alpha_bias=0.000000e+00, personal_gate_emb=0.000000e+00, personal_gate_state_proj=0.000000e+00, personal_gate_context_proj=0.000000e+00, personal_gate_state_direct=1.703464e-03, personal_gate_id_direct=0.000000e+00, personal_gate_context_direct=1.388400e-04, personal_gate_out=3.668016e-06, personal_generator_emb=0.000000e+00, personal_generator_context_proj=0.000000e+00, personal_generator_context_hidden=0.000000e+00, personal_generator_context_to_u=0.000000e+00, personal_generator_context_to_v=0.000000e+00, personal_generator_state_row=0.000000e+00, personal_generator_state_col=0.000000e+00, personal_generator_id_row=0.000000e+00, personal_generator_id_col=0.000000e+00, personal_generator_state_adapter=0.000000e+00, personal_generator_id_adapter=0.000000e+00, personal_generator_context_adapter=0.000000e+00, personal_generator_direct_scale=8.818900e-07
2026-04-19 02:56:25,211 - INFO - [assist_09|assist_09_abce_best_full|lr=0.0003|drop=0.20] -> New best AUC=0.7551 at epoch 17
2026-04-19 02:57:07,193 - INFO - [assist_09|assist_09_abce_best_no_A|lr=0.0003|drop=0.20] Epoch [015/100] | Train: Loss=0.4780, BCE=0.4759, Reg=0.0021, AUC=0.8249, ACC=0.7602, RMSE=0.3976 | Val: Loss=0.5582, BCE=0.5561, Reg=0.0021, AUC=0.7524, ACC=0.7237, RMSE=0.4310
2026-04-19 02:57:07,193 - INFO - [assist_09|assist_09_abce_best_no_A|lr=0.0003|drop=0.20] [Reg Terms] Epoch [015] | Train: graph_entropy=0.000000, graph_diag=0.000000, graph_uniform=0.000000, graph_reg_scale=1.0000, prediction_l2=0.000001, personal_sparse=0.000006, alpha_var=0.000000, alpha_collapse=0.000000, reg_bce_ratio=0.0044 | Val: graph_entropy=0.000000, graph_diag=0.000000, graph_uniform=0.000000, graph_reg_scale=1.0000, prediction_l2=0.000001, personal_sparse=0.000006, alpha_var=0.000000, alpha_collapse=0.000038, reg_bce_ratio=0.0038
2026-04-19 02:57:07,360 - INFO - [assist_09|assist_09_abce_best_no_A|lr=0.0003|drop=0.20] [Diag][AE] Epoch [015] | irt_abs_mean=1.8004, irt_std=1.1272, personal_warmup_scale=1.00, graph_row_entropy=0.0000, graph_entropy_ratio=0.0000, alpha_mean=0.0856, alpha_std=0.0565, alpha_base_mean=0.0798, alpha_delta_absmean=0.0374, alpha_saturation_ratio=0.0000, alpha_bias_std=NA, alpha_state_path=0.8708, alpha_id_path=0.0000, alpha_bias_path=0.0000, head_bias_path=0.9434, personal_row_entropy=0.0261, personal_matrix_delta=0.0860, personal_matrix_student_std=0.1286, personal_delta_pre_softmax_norm=1.7744, personal_delta_student_std=0.6572, alpha_head_std=0.0564, query_row_global_readout_delta=0.0000, query_row_personal_message_delta=0.0017, query_row_posterior_delta_abs=0.0860, query_row_posterior_kl=0.0577, query_row_delta_local_rms_raw=0.0237, query_row_message_projection_gain=0.2756, personal_to_graph_query_ratio=0.0000, query_row_global_support_mass=0.0000, query_row_personal_support_mass=0.0000, neighbor_row_personal_delta=0.0000, personal_row_budget_mean=1.0000, personal_query_row_std=0.9644, readout_query_support_mass=0.0000, personal_student_mix=0.0500, personal_student_adapter=0.0400, local_row_ratio=0.0098, support_density=0.1840, readout_query_delta=0.0017, personal_bad_rows_active=0.00, personal_fallback_rows_active=0.00, personal_bad_row_rate_active=0.0000, personal_padded_rows=460.00, personal_logits_support_absmax=4.1418, personal_query_trust_scale_mean=0.9454, personal_bad_rows_legacy=460.00, personal_fallback_rows_legacy=460.00, personal_logits_absmax_legacy=30.0000
2026-04-19 02:57:07,360 - INFO - [assist_09|assist_09_abce_best_no_A|lr=0.0003|drop=0.20] [Diag][A] Epoch [015] | entropy_ratio=0.0000, diag_mass=1.0000, to_uniform_l2=0.089800, to_identity_l2=0.000000, relation_identity_delta=0.000000, knowledge_state_graph_delta=0.000000, knowledge_state_personal_delta=0.000000, share_concept_embeddings=True, tau_mean=0.0000, tau_std=0.0000, graph_reg_scale(train/val)=1.0000/1.0000
2026-04-19 02:57:07,361 - INFO - [assist_09|assist_09_abce_best_no_A|lr=0.0003|drop=0.20] [Grad Norms] Epoch [015] | relation_emb=0.000000e+00, relation_tau=0.000000e+00, relation_wq=0.000000e+00, relation_wk=0.000000e+00, personal_u=3.876810e-03, personal_v=4.646731e-03, personal_alpha_bias=0.000000e+00, personal_gate_emb=0.000000e+00, personal_gate_state_proj=0.000000e+00, personal_gate_context_proj=0.000000e+00, personal_gate_state_direct=3.583914e-04, personal_gate_id_direct=0.000000e+00, personal_gate_context_direct=3.300075e-07, personal_gate_out=0.000000e+00, personal_generator_emb=0.000000e+00, personal_generator_context_proj=0.000000e+00, personal_generator_context_hidden=0.000000e+00, personal_generator_context_to_u=0.000000e+00, personal_generator_context_to_v=0.000000e+00, personal_generator_state_row=0.000000e+00, personal_generator_state_col=0.000000e+00, personal_generator_id_row=0.000000e+00, personal_generator_id_col=0.000000e+00, personal_generator_state_adapter=0.000000e+00, personal_generator_id_adapter=0.000000e+00, personal_generator_context_adapter=0.000000e+00, personal_generator_direct_scale=2.417218e-08
2026-04-19 02:57:07,361 - INFO - [assist_09|assist_09_abce_best_no_A|lr=0.0003|drop=0.20] -> No improvement 1 epoch(s) (best AUC=0.7526 @ 14)
2026-04-19 02:57:48,391 - INFO - [assist_09|assist_09_abce_best_full|lr=0.0003|drop=0.20] Epoch [018/100] | Train: Loss=0.4831, BCE=0.4724, Reg=0.0107, AUC=0.8275, ACC=0.7609, RMSE=0.3964 | Val: Loss=0.5614, BCE=0.5506, Reg=0.0108, AUC=0.7542, ACC=0.7253, RMSE=0.4290
2026-04-19 02:57:48,391 - INFO - [assist_09|assist_09_abce_best_full|lr=0.0003|drop=0.20] [Reg Terms] Epoch [018] | Train: graph_entropy=0.000000, graph_diag=0.005000, graph_uniform=0.003049, graph_reg_scale=1.0000, prediction_l2=0.000001, personal_sparse=0.000318, alpha_var=0.000000, alpha_collapse=0.000000, reg_bce_ratio=0.0227 | Val: graph_entropy=0.000000, graph_diag=0.005000, graph_uniform=0.003049, graph_reg_scale=1.0000, prediction_l2=0.000001, personal_sparse=0.000382, alpha_var=0.000000, alpha_collapse=0.000006, reg_bce_ratio=0.0196
2026-04-19 02:57:48,578 - INFO - [assist_09|assist_09_abce_best_full|lr=0.0003|drop=0.20] [Diag][AE] Epoch [018] | irt_abs_mean=1.5995, irt_std=1.0509, personal_warmup_scale=1.00, graph_row_entropy=2.5592, graph_entropy_ratio=0.5318, alpha_mean=0.0978, alpha_std=0.0529, alpha_base_mean=0.0687, alpha_delta_absmean=0.0354, alpha_saturation_ratio=0.0000, alpha_bias_std=NA, alpha_state_path=0.9158, alpha_id_path=0.0000, alpha_bias_path=0.0000, head_bias_path=1.1647, personal_row_entropy=1.7816, personal_matrix_delta=0.0848, personal_matrix_student_std=0.0514, personal_delta_pre_softmax_norm=2.3385, personal_delta_student_std=1.2127, alpha_head_std=0.0505, query_row_global_readout_delta=0.0389, query_row_personal_message_delta=0.0031, query_row_posterior_delta_abs=0.0848, query_row_posterior_kl=0.0609, query_row_delta_local_rms_raw=0.0391, query_row_message_projection_gain=0.4607, personal_to_graph_query_ratio=0.0799, query_row_global_support_mass=1.4145, query_row_personal_support_mass=1.4145, neighbor_row_personal_delta=0.0000, personal_row_budget_mean=1.0000, personal_query_row_std=0.0884, readout_query_support_mass=1.4145, personal_student_mix=0.0499, personal_student_adapter=0.0400, local_row_ratio=0.2080, support_density=0.4010, readout_query_delta=0.0389, personal_bad_rows_active=0.00, personal_fallback_rows_active=0.00, personal_bad_row_rate_active=0.0000, personal_padded_rows=460.00, personal_logits_support_absmax=5.8989, personal_query_trust_scale_mean=0.7777, personal_bad_rows_legacy=460.00, personal_fallback_rows_legacy=460.00, personal_logits_absmax_legacy=30.0000
2026-04-19 02:57:48,578 - INFO - [assist_09|assist_09_abce_best_full|lr=0.0003|drop=0.20] [Diag][A] Epoch [018] | entropy_ratio=0.5318, diag_mass=0.0500, to_uniform_l2=0.023784, to_identity_l2=0.089156, relation_identity_delta=0.089156, knowledge_state_graph_delta=0.832541, knowledge_state_personal_delta=0.000000, share_concept_embeddings=True, tau_mean=0.6932, tau_std=0.0000, graph_reg_scale(train/val)=1.0000/1.0000
2026-04-19 02:57:48,578 - INFO - [assist_09|assist_09_abce_best_full|lr=0.0003|drop=0.20] [Grad Norms] Epoch [018] | relation_emb=5.120420e-01, relation_tau=3.516075e-09, relation_wq=2.175313e-08, relation_wk=1.272161e-08, personal_u=5.936848e-03, personal_v=3.198566e-03, personal_alpha_bias=0.000000e+00, personal_gate_emb=0.000000e+00, personal_gate_state_proj=0.000000e+00, personal_gate_context_proj=0.000000e+00, personal_gate_state_direct=3.009311e-04, personal_gate_id_direct=0.000000e+00, personal_gate_context_direct=7.231795e-05, personal_gate_out=1.159589e-06, personal_generator_emb=0.000000e+00, personal_generator_context_proj=0.000000e+00, personal_generator_context_hidden=0.000000e+00, personal_generator_context_to_u=0.000000e+00, personal_generator_context_to_v=0.000000e+00, personal_generator_state_row=0.000000e+00, personal_generator_state_col=0.000000e+00, personal_generator_id_row=0.000000e+00, personal_generator_id_col=0.000000e+00, personal_generator_state_adapter=0.000000e+00, personal_generator_id_adapter=0.000000e+00, personal_generator_context_adapter=0.000000e+00, personal_generator_direct_scale=1.024942e-06
2026-04-19 02:57:48,579 - INFO - [assist_09|assist_09_abce_best_full|lr=0.0003|drop=0.20] -> No improvement 1 epoch(s) (best AUC=0.7551 @ 17)
2026-04-19 02:58:47,831 - INFO - [assist_09|assist_09_abce_best_no_A|lr=0.0003|drop=0.20] Epoch [016/100] | Train: Loss=0.4759, BCE=0.4738, Reg=0.0021, AUC=0.8268, ACC=0.7603, RMSE=0.3967 | Val: Loss=0.5589, BCE=0.5567, Reg=0.0021, AUC=0.7531, ACC=0.7244, RMSE=0.4309
2026-04-19 02:58:47,831 - INFO - [assist_09|assist_09_abce_best_no_A|lr=0.0003|drop=0.20] [Reg Terms] Epoch [016] | Train: graph_entropy=0.000000, graph_diag=0.000000, graph_uniform=0.000000, graph_reg_scale=1.0000, prediction_l2=0.000001, personal_sparse=0.000006, alpha_var=0.000000, alpha_collapse=0.000000, reg_bce_ratio=0.0044 | Val: graph_entropy=0.000000, graph_diag=0.000000, graph_uniform=0.000000, graph_reg_scale=1.0000, prediction_l2=0.000001, personal_sparse=0.000006, alpha_var=0.000000, alpha_collapse=0.000038, reg_bce_ratio=0.0038
2026-04-19 02:58:48,019 - INFO - [assist_09|assist_09_abce_best_no_A|lr=0.0003|drop=0.20] [Diag][AE] Epoch [016] | irt_abs_mean=1.8270, irt_std=1.1662, personal_warmup_scale=1.00, graph_row_entropy=0.0000, graph_entropy_ratio=0.0000, alpha_mean=0.0866, alpha_std=0.0631, alpha_base_mean=0.0822, alpha_delta_absmean=0.0437, alpha_saturation_ratio=0.0000, alpha_bias_std=NA, alpha_state_path=1.0333, alpha_id_path=0.0000, alpha_bias_path=0.0000, head_bias_path=0.9024, personal_row_entropy=0.0274, personal_matrix_delta=0.0858, personal_matrix_student_std=0.1413, personal_delta_pre_softmax_norm=1.7766, personal_delta_student_std=0.6588, alpha_head_std=0.0631, query_row_global_readout_delta=0.0000, query_row_personal_message_delta=0.0017, query_row_posterior_delta_abs=0.0858, query_row_posterior_kl=0.0575, query_row_delta_local_rms_raw=0.0286, query_row_message_projection_gain=0.3332, personal_to_graph_query_ratio=0.0000, query_row_global_support_mass=0.0000, query_row_personal_support_mass=0.0000, neighbor_row_personal_delta=0.0000, personal_row_budget_mean=1.0000, personal_query_row_std=0.9674, readout_query_support_mass=0.0000, personal_student_mix=0.0500, personal_student_adapter=0.0400, local_row_ratio=0.0098, support_density=0.1840, readout_query_delta=0.0017, personal_bad_rows_active=0.00, personal_fallback_rows_active=0.00, personal_bad_row_rate_active=0.0000, personal_padded_rows=460.00, personal_logits_support_absmax=4.1367, personal_query_trust_scale_mean=0.9272, personal_bad_rows_legacy=460.00, personal_fallback_rows_legacy=460.00, personal_logits_absmax_legacy=30.0000
2026-04-19 02:58:48,019 - INFO - [assist_09|assist_09_abce_best_no_A|lr=0.0003|drop=0.20] [Diag][A] Epoch [016] | entropy_ratio=0.0000, diag_mass=1.0000, to_uniform_l2=0.089800, to_identity_l2=0.000000, relation_identity_delta=0.000000, knowledge_state_graph_delta=0.000000, knowledge_state_personal_delta=0.000000, share_concept_embeddings=True, tau_mean=0.0000, tau_std=0.0000, graph_reg_scale(train/val)=1.0000/1.0000
2026-04-19 02:58:48,019 - INFO - [assist_09|assist_09_abce_best_no_A|lr=0.0003|drop=0.20] [Grad Norms] Epoch [016] | relation_emb=0.000000e+00, relation_tau=0.000000e+00, relation_wq=0.000000e+00, relation_wk=0.000000e+00, personal_u=1.155748e-03, personal_v=1.786915e-03, personal_alpha_bias=0.000000e+00, personal_gate_emb=0.000000e+00, personal_gate_state_proj=0.000000e+00, personal_gate_context_proj=0.000000e+00, personal_gate_state_direct=2.085571e-04, personal_gate_id_direct=0.000000e+00, personal_gate_context_direct=8.498481e-07, personal_gate_out=0.000000e+00, personal_generator_emb=0.000000e+00, personal_generator_context_proj=0.000000e+00, personal_generator_context_hidden=0.000000e+00, personal_generator_context_to_u=0.000000e+00, personal_generator_context_to_v=0.000000e+00, personal_generator_state_row=0.000000e+00, personal_generator_state_col=0.000000e+00, personal_generator_id_row=0.000000e+00, personal_generator_id_col=0.000000e+00, personal_generator_state_adapter=0.000000e+00, personal_generator_id_adapter=0.000000e+00, personal_generator_context_adapter=0.000000e+00, personal_generator_direct_scale=7.131517e-08
2026-04-19 02:58:48,304 - INFO - [assist_09|assist_09_abce_best_no_A|lr=0.0003|drop=0.20] -> New best AUC=0.7531 at epoch 16
2026-04-19 02:59:07,428 - INFO - [junyi|junyi_abce_best_full|lr=0.003|drop=0.40] Epoch [002/100] | Train: Loss=0.5323, BCE=0.5187, Reg=0.0137, AUC=0.7885, ACC=0.7447, RMSE=0.4156 | Val: Loss=0.5244, BCE=0.5108, Reg=0.0136, AUC=0.7951, ACC=0.7549, RMSE=0.4111
2026-04-19 02:59:07,429 - INFO - [junyi|junyi_abce_best_full|lr=0.003|drop=0.40] [Reg Terms] Epoch [002] | Train: graph_entropy=0.000000, graph_diag=0.006007, graph_uniform=0.006753, graph_reg_scale=1.0000, prediction_l2=0.000000, personal_sparse=0.000479, alpha_var=0.000000, alpha_collapse=0.000025, reg_bce_ratio=0.0263 | Val: graph_entropy=0.000000, graph_diag=0.006000, graph_uniform=0.006753, graph_reg_scale=1.0000, prediction_l2=0.000000, personal_sparse=0.000487, alpha_var=0.000000, alpha_collapse=0.000008, reg_bce_ratio=0.0267
2026-04-19 02:59:07,609 - INFO - [junyi|junyi_abce_best_full|lr=0.003|drop=0.40] [Diag][AE] Epoch [002] | irt_abs_mean=1.6056, irt_std=0.9221, personal_warmup_scale=0.40, graph_row_entropy=3.2177, graph_entropy_ratio=0.4915, alpha_mean=0.1301, alpha_std=0.0382, alpha_base_mean=0.1300, alpha_delta_absmean=0.0283, alpha_saturation_ratio=0.0000, alpha_bias_std=NA, alpha_state_path=0.5988, alpha_id_path=0.0000, alpha_bias_path=0.0000, head_bias_path=0.4149, personal_row_entropy=2.4483, personal_matrix_delta=0.0427, personal_matrix_student_std=0.0445, personal_delta_pre_softmax_norm=2.7781, personal_delta_student_std=2.6894, alpha_head_std=0.0379, query_row_global_readout_delta=0.0226, query_row_personal_message_delta=0.0002, query_row_posterior_delta_abs=0.0427, query_row_posterior_kl=0.0307, query_row_delta_local_rms_raw=0.0019, query_row_message_projection_gain=0.0448, personal_to_graph_query_ratio=0.0087, query_row_global_support_mass=1.1124, query_row_personal_support_mass=1.1124, neighbor_row_personal_delta=0.0000, personal_row_budget_mean=1.3000, personal_query_row_std=0.1161, readout_query_support_mass=1.1124, personal_student_mix=0.0500, personal_student_adapter=0.0400, local_row_ratio=0.0690, support_density=1.0000, readout_query_delta=0.0226, personal_bad_rows_active=0.00, personal_fallback_rows_active=0.00, personal_bad_row_rate_active=0.0000, personal_padded_rows=0.00, personal_logits_support_absmax=6.7972, personal_query_trust_scale_mean=1.0000, personal_bad_rows_legacy=0.00, personal_fallback_rows_legacy=0.00, personal_logits_absmax_legacy=6.7972
2026-04-19 02:59:07,610 - INFO - [junyi|junyi_abce_best_full|lr=0.003|drop=0.40] [Diag][A] Epoch [002] | entropy_ratio=0.4915, diag_mass=0.0500, to_uniform_l2=0.007448, to_identity_l2=0.036726, relation_identity_delta=0.036726, knowledge_state_graph_delta=0.221569, knowledge_state_personal_delta=0.000000, share_concept_embeddings=True, tau_mean=0.6931, tau_std=0.0000, graph_reg_scale(train/val)=1.0000/1.0000
2026-04-19 02:59:07,610 - INFO - [junyi|junyi_abce_best_full|lr=0.003|drop=0.40] [Grad Norms] Epoch [002] | relation_emb=3.275905e-01, relation_tau=6.928090e-12, relation_wq=9.622155e-09, relation_wk=1.014813e-08, personal_u=1.660409e-03, personal_v=1.127036e-03, personal_alpha_bias=0.000000e+00, personal_gate_emb=1.541209e-12, personal_gate_state_proj=1.901658e-15, personal_gate_context_proj=6.309587e-12, personal_gate_state_direct=7.842933e-09, personal_gate_id_direct=7.901934e-13, personal_gate_context_direct=2.561496e-05, personal_gate_out=5.965920e-09, personal_generator_emb=5.056213e-21, personal_generator_context_proj=1.176237e-17, personal_generator_context_hidden=3.588060e-15, personal_generator_context_to_u=6.266441e-12, personal_generator_context_to_v=4.634345e-12, personal_generator_state_row=9.115274e-12, personal_generator_state_col=6.741198e-12, personal_generator_id_row=2.270544e-12, personal_generator_id_col=1.679180e-12, personal_generator_state_adapter=7.792723e-16, personal_generator_id_adapter=2.063969e-17, personal_generator_context_adapter=4.227607e-16, personal_generator_direct_scale=4.732776e-07
2026-04-19 02:59:08,396 - INFO - [junyi|junyi_abce_best_full|lr=0.003|drop=0.40] -> New best AUC=0.7951 at epoch 2
2026-04-19 02:59:08,454 - INFO - [assist_09|assist_09_abce_best_full|lr=0.0003|drop=0.20] Epoch [019/100] | Train: Loss=0.4806, BCE=0.4698, Reg=0.0107, AUC=0.8296, ACC=0.7618, RMSE=0.3952 | Val: Loss=0.5600, BCE=0.5492, Reg=0.0108, AUC=0.7560, ACC=0.7276, RMSE=0.4281
2026-04-19 02:59:08,454 - INFO - [assist_09|assist_09_abce_best_full|lr=0.0003|drop=0.20] [Reg Terms] Epoch [019] | Train: graph_entropy=0.000000, graph_diag=0.005000, graph_uniform=0.003049, graph_reg_scale=1.0000, prediction_l2=0.000001, personal_sparse=0.000319, alpha_var=0.000000, alpha_collapse=0.000000, reg_bce_ratio=0.0229 | Val: graph_entropy=0.000000, graph_diag=0.005000, graph_uniform=0.003049, graph_reg_scale=1.0000, prediction_l2=0.000001, personal_sparse=0.000383, alpha_var=0.000000, alpha_collapse=0.000004, reg_bce_ratio=0.0197
2026-04-19 02:59:08,640 - INFO - [assist_09|assist_09_abce_best_full|lr=0.0003|drop=0.20] [Diag][AE] Epoch [019] | irt_abs_mean=1.6399, irt_std=1.0469, personal_warmup_scale=1.00, graph_row_entropy=2.5592, graph_entropy_ratio=0.5318, alpha_mean=0.1040, alpha_std=0.0519, alpha_base_mean=0.0693, alpha_delta_absmean=0.0392, alpha_saturation_ratio=0.0000, alpha_bias_std=NA, alpha_state_path=1.0288, alpha_id_path=0.0000, alpha_bias_path=0.0000, head_bias_path=1.1514, personal_row_entropy=1.8020, personal_matrix_delta=0.0838, personal_matrix_student_std=0.0505, personal_delta_pre_softmax_norm=2.3153, personal_delta_student_std=1.1852, alpha_head_std=0.0495, query_row_global_readout_delta=0.0396, query_row_personal_message_delta=0.0032, query_row_posterior_delta_abs=0.0838, query_row_posterior_kl=0.0597, query_row_delta_local_rms_raw=0.0372, query_row_message_projection_gain=0.4437, personal_to_graph_query_ratio=0.0798, query_row_global_support_mass=1.1565, query_row_personal_support_mass=1.1565, neighbor_row_personal_delta=0.0000, personal_row_budget_mean=1.0000, personal_query_row_std=0.1030, readout_query_support_mass=1.1565, personal_student_mix=0.0500, personal_student_adapter=0.0400, local_row_ratio=0.2117, support_density=0.4010, readout_query_delta=0.0396, personal_bad_rows_active=0.00, personal_fallback_rows_active=0.00, personal_bad_row_rate_active=0.0000, personal_padded_rows=460.00, personal_logits_support_absmax=6.1039, personal_query_trust_scale_mean=0.8045, personal_bad_rows_legacy=460.00, personal_fallback_rows_legacy=460.00, personal_logits_absmax_legacy=30.0000
2026-04-19 02:59:08,640 - INFO - [assist_09|assist_09_abce_best_full|lr=0.0003|drop=0.20] [Diag][A] Epoch [019] | entropy_ratio=0.5318, diag_mass=0.0500, to_uniform_l2=0.023784, to_identity_l2=0.089156, relation_identity_delta=0.089156, knowledge_state_graph_delta=0.831062, knowledge_state_personal_delta=0.000000, share_concept_embeddings=True, tau_mean=0.6931, tau_std=0.0001, graph_reg_scale(train/val)=1.0000/1.0000
2026-04-19 02:59:08,640 - INFO - [assist_09|assist_09_abce_best_full|lr=0.0003|drop=0.20] [Grad Norms] Epoch [019] | relation_emb=4.462316e-01, relation_tau=5.734619e-09, relation_wq=2.786189e-08, relation_wk=2.301019e-08, personal_u=6.180746e-03, personal_v=4.453762e-03, personal_alpha_bias=0.000000e+00, personal_gate_emb=0.000000e+00, personal_gate_state_proj=0.000000e+00, personal_gate_context_proj=0.000000e+00, personal_gate_state_direct=7.533780e-04, personal_gate_id_direct=0.000000e+00, personal_gate_context_direct=1.131290e-04, personal_gate_out=6.781007e-07, personal_generator_emb=0.000000e+00, personal_generator_context_proj=0.000000e+00, personal_generator_context_hidden=0.000000e+00, personal_generator_context_to_u=0.000000e+00, personal_generator_context_to_v=0.000000e+00, personal_generator_state_row=0.000000e+00, personal_generator_state_col=0.000000e+00, personal_generator_id_row=0.000000e+00, personal_generator_id_col=0.000000e+00, personal_generator_state_adapter=0.000000e+00, personal_generator_id_adapter=0.000000e+00, personal_generator_context_adapter=0.000000e+00, personal_generator_direct_scale=1.134289e-06
2026-04-19 02:59:08,956 - INFO - [assist_09|assist_09_abce_best_full|lr=0.0003|drop=0.20] -> New best AUC=0.7560 at epoch 19
2026-04-19 03:00:22,596 - INFO - [assist_09|assist_09_abce_best_no_A|lr=0.0003|drop=0.20] Epoch [017/100] | Train: Loss=0.4732, BCE=0.4711, Reg=0.0021, AUC=0.8287, ACC=0.7625, RMSE=0.3957 | Val: Loss=0.5555, BCE=0.5533, Reg=0.0021, AUC=0.7527, ACC=0.7228, RMSE=0.4302
2026-04-19 03:00:22,596 - INFO - [assist_09|assist_09_abce_best_no_A|lr=0.0003|drop=0.20] [Reg Terms] Epoch [017] | Train: graph_entropy=0.000000, graph_diag=0.000000, graph_uniform=0.000000, graph_reg_scale=1.0000, prediction_l2=0.000001, personal_sparse=0.000006, alpha_var=0.000000, alpha_collapse=0.000000, reg_bce_ratio=0.0045 | Val: graph_entropy=0.000000, graph_diag=0.000000, graph_uniform=0.000000, graph_reg_scale=1.0000, prediction_l2=0.000001, personal_sparse=0.000006, alpha_var=0.000000, alpha_collapse=0.000038, reg_bce_ratio=0.0038
2026-04-19 03:00:22,777 - INFO - [assist_09|assist_09_abce_best_no_A|lr=0.0003|drop=0.20] [Diag][AE] Epoch [017] | irt_abs_mean=1.6979, irt_std=1.1294, personal_warmup_scale=1.00, graph_row_entropy=0.0000, graph_entropy_ratio=0.0000, alpha_mean=0.0891, alpha_std=0.0569, alpha_base_mean=0.0842, alpha_delta_absmean=0.0371, alpha_saturation_ratio=0.0000, alpha_bias_std=NA, alpha_state_path=0.8657, alpha_id_path=0.0000, alpha_bias_path=0.0000, head_bias_path=0.8661, personal_row_entropy=0.0271, personal_matrix_delta=0.0860, personal_matrix_student_std=0.1441, personal_delta_pre_softmax_norm=1.7736, personal_delta_student_std=0.6467, alpha_head_std=0.0565, query_row_global_readout_delta=0.0000, query_row_personal_message_delta=0.0017, query_row_posterior_delta_abs=0.0860, query_row_posterior_kl=0.0576, query_row_delta_local_rms_raw=0.0314, query_row_message_projection_gain=0.3649, personal_to_graph_query_ratio=0.0000, query_row_global_support_mass=0.0000, query_row_personal_support_mass=0.0000, neighbor_row_personal_delta=0.0000, personal_row_budget_mean=1.0000, personal_query_row_std=0.9630, readout_query_support_mass=0.0000, personal_student_mix=0.0500, personal_student_adapter=0.0400, local_row_ratio=0.0098, support_density=0.1840, readout_query_delta=0.0017, personal_bad_rows_active=0.00, personal_fallback_rows_active=0.00, personal_bad_row_rate_active=0.0000, personal_padded_rows=460.00, personal_logits_support_absmax=4.1419, personal_query_trust_scale_mean=0.9251, personal_bad_rows_legacy=460.00, personal_fallback_rows_legacy=460.00, personal_logits_absmax_legacy=30.0000
2026-04-19 03:00:22,777 - INFO - [assist_09|assist_09_abce_best_no_A|lr=0.0003|drop=0.20] [Diag][A] Epoch [017] | entropy_ratio=0.0000, diag_mass=1.0000, to_uniform_l2=0.089800, to_identity_l2=0.000000, relation_identity_delta=0.000000, knowledge_state_graph_delta=0.000000, knowledge_state_personal_delta=0.000000, share_concept_embeddings=True, tau_mean=0.0000, tau_std=0.0000, graph_reg_scale(train/val)=1.0000/1.0000
2026-04-19 03:00:22,777 - INFO - [assist_09|assist_09_abce_best_no_A|lr=0.0003|drop=0.20] [Grad Norms] Epoch [017] | relation_emb=0.000000e+00, relation_tau=0.000000e+00, relation_wq=0.000000e+00, relation_wk=0.000000e+00, personal_u=2.978251e-19, personal_v=3.914181e-19, personal_alpha_bias=0.000000e+00, personal_gate_emb=0.000000e+00, personal_gate_state_proj=0.000000e+00, personal_gate_context_proj=0.000000e+00, personal_gate_state_direct=4.640826e-05, personal_gate_id_direct=0.000000e+00, personal_gate_context_direct=1.996973e-07, personal_gate_out=0.000000e+00, personal_generator_emb=0.000000e+00, personal_generator_context_proj=0.000000e+00, personal_generator_context_hidden=0.000000e+00, personal_generator_context_to_u=0.000000e+00, personal_generator_context_to_v=0.000000e+00, personal_generator_state_row=0.000000e+00, personal_generator_state_col=0.000000e+00, personal_generator_id_row=0.000000e+00, personal_generator_id_col=0.000000e+00, personal_generator_state_adapter=0.000000e+00, personal_generator_id_adapter=0.000000e+00, personal_generator_context_adapter=0.000000e+00, personal_generator_direct_scale=1.146988e-21
2026-04-19 03:00:22,777 - INFO - [assist_09|assist_09_abce_best_no_A|lr=0.0003|drop=0.20] -> No improvement 1 epoch(s) (best AUC=0.7531 @ 16)
2026-04-19 03:00:31,974 - INFO - [assist_09|assist_09_abce_best_full|lr=0.0003|drop=0.20] Epoch [020/100] | Train: Loss=0.4784, BCE=0.4676, Reg=0.0108, AUC=0.8314, ACC=0.7626, RMSE=0.3942 | Val: Loss=0.5619, BCE=0.5511, Reg=0.0108, AUC=0.7550, ACC=0.7267, RMSE=0.4289
2026-04-19 03:00:31,974 - INFO - [assist_09|assist_09_abce_best_full|lr=0.0003|drop=0.20] [Reg Terms] Epoch [020] | Train: graph_entropy=0.000000, graph_diag=0.005000, graph_uniform=0.003049, graph_reg_scale=1.0000, prediction_l2=0.000001, personal_sparse=0.000318, alpha_var=0.000000, alpha_collapse=0.000000, reg_bce_ratio=0.0230 | Val: graph_entropy=0.000000, graph_diag=0.005000, graph_uniform=0.003049, graph_reg_scale=1.0000, prediction_l2=0.000001, personal_sparse=0.000381, alpha_var=0.000000, alpha_collapse=0.000004, reg_bce_ratio=0.0197
2026-04-19 03:00:32,166 - INFO - [assist_09|assist_09_abce_best_full|lr=0.0003|drop=0.20] [Diag][AE] Epoch [020] | irt_abs_mean=1.6604, irt_std=1.0599, personal_warmup_scale=1.00, graph_row_entropy=2.5592, graph_entropy_ratio=0.5318, alpha_mean=0.0946, alpha_std=0.0541, alpha_base_mean=0.0696, alpha_delta_absmean=0.0342, alpha_saturation_ratio=0.0000, alpha_bias_std=NA, alpha_state_path=0.8885, alpha_id_path=0.0000, alpha_bias_path=0.0000, head_bias_path=1.1442, personal_row_entropy=1.7942, personal_matrix_delta=0.0837, personal_matrix_student_std=0.0504, personal_delta_pre_softmax_norm=2.3290, personal_delta_student_std=1.1974, alpha_head_std=0.0494, query_row_global_readout_delta=0.0385, query_row_personal_message_delta=0.0030, query_row_posterior_delta_abs=0.0837, query_row_posterior_kl=0.0599, query_row_delta_local_rms_raw=0.0375, query_row_message_projection_gain=0.4485, personal_to_graph_query_ratio=0.0773, query_row_global_support_mass=1.1733, query_row_personal_support_mass=1.1733, neighbor_row_personal_delta=0.0000, personal_row_budget_mean=1.0000, personal_query_row_std=0.0959, readout_query_support_mass=1.1733, personal_student_mix=0.0500, personal_student_adapter=0.0400, local_row_ratio=0.2187, support_density=0.4010, readout_query_delta=0.0385, personal_bad_rows_active=0.00, personal_fallback_rows_active=0.00, personal_bad_row_rate_active=0.0000, personal_padded_rows=460.00, personal_logits_support_absmax=5.9445, personal_query_trust_scale_mean=0.7546, personal_bad_rows_legacy=460.00, personal_fallback_rows_legacy=460.00, personal_logits_absmax_legacy=30.0000
2026-04-19 03:00:32,167 - INFO - [assist_09|assist_09_abce_best_full|lr=0.0003|drop=0.20] [Diag][A] Epoch [020] | entropy_ratio=0.5318, diag_mass=0.0500, to_uniform_l2=0.023784, to_identity_l2=0.089156, relation_identity_delta=0.089156, knowledge_state_graph_delta=0.841733, knowledge_state_personal_delta=0.000000, share_concept_embeddings=True, tau_mean=0.6932, tau_std=0.0000, graph_reg_scale(train/val)=1.0000/1.0000
2026-04-19 03:00:32,167 - INFO - [assist_09|assist_09_abce_best_full|lr=0.0003|drop=0.20] [Grad Norms] Epoch [020] | relation_emb=6.185294e-01, relation_tau=1.638463e-08, relation_wq=5.462026e-07, relation_wk=4.668883e-07, personal_u=3.150677e-03, personal_v=2.430871e-03, personal_alpha_bias=0.000000e+00, personal_gate_emb=0.000000e+00, personal_gate_state_proj=0.000000e+00, personal_gate_context_proj=0.000000e+00, personal_gate_state_direct=6.613526e-04, personal_gate_id_direct=0.000000e+00, personal_gate_context_direct=8.006416e-05, personal_gate_out=8.888698e-08, personal_generator_emb=0.000000e+00, personal_generator_context_proj=0.000000e+00, personal_generator_context_hidden=0.000000e+00, personal_generator_context_to_u=0.000000e+00, personal_generator_context_to_v=0.000000e+00, personal_generator_state_row=0.000000e+00, personal_generator_state_col=0.000000e+00, personal_generator_id_row=0.000000e+00, personal_generator_id_col=0.000000e+00, personal_generator_state_adapter=0.000000e+00, personal_generator_id_adapter=0.000000e+00, personal_generator_context_adapter=0.000000e+00, personal_generator_direct_scale=3.435958e-07
2026-04-19 03:00:32,167 - INFO - [assist_09|assist_09_abce_best_full|lr=0.0003|drop=0.20] -> No improvement 1 epoch(s) (best AUC=0.7560 @ 19)
2026-04-19 03:00:32,213 - INFO - [assist_09|assist_09_abce_best_full|lr=0.0003|drop=0.20] Checkpoint saved: checkpoints/abce_diag/remote_rerun_20260419_6ddddcc/assist_09/seed42/best_full/checkpoint_epoch_20.pth
2026-04-19 03:00:32,449 - INFO - [assist_09|assist_09_abce_best_full|lr=0.0003|drop=0.20] [Module Activity] Epoch 20: Graph[LIVE] Personal[RISK]
2026-04-19 03:01:53,681 - INFO - [assist_09|assist_09_abce_best_full|lr=0.0003|drop=0.20] Epoch [021/100] | Train: Loss=0.4771, BCE=0.4663, Reg=0.0107, AUC=0.8326, ACC=0.7632, RMSE=0.3937 | Val: Loss=0.5585, BCE=0.5477, Reg=0.0108, AUC=0.7557, ACC=0.7255, RMSE=0.4278
2026-04-19 03:01:53,681 - INFO - [assist_09|assist_09_abce_best_full|lr=0.0003|drop=0.20] [Reg Terms] Epoch [021] | Train: graph_entropy=0.000000, graph_diag=0.005000, graph_uniform=0.003049, graph_reg_scale=1.0000, prediction_l2=0.000001, personal_sparse=0.000320, alpha_var=0.000000, alpha_collapse=0.000000, reg_bce_ratio=0.0230 | Val: graph_entropy=0.000000, graph_diag=0.005000, graph_uniform=0.003049, graph_reg_scale=1.0000, prediction_l2=0.000001, personal_sparse=0.000383, alpha_var=0.000000, alpha_collapse=0.000013, reg_bce_ratio=0.0197
2026-04-19 03:01:53,881 - INFO - [assist_09|assist_09_abce_best_full|lr=0.0003|drop=0.20] [Diag][AE] Epoch [021] | irt_abs_mean=1.5269, irt_std=1.0349, personal_warmup_scale=1.00, graph_row_entropy=2.5592, graph_entropy_ratio=0.5318, alpha_mean=0.0894, alpha_std=0.0546, alpha_base_mean=0.0700, alpha_delta_absmean=0.0333, alpha_saturation_ratio=0.0000, alpha_bias_std=NA, alpha_state_path=0.8446, alpha_id_path=0.0000, alpha_bias_path=0.0000, head_bias_path=1.1370, personal_row_entropy=1.8063, personal_matrix_delta=0.0831, personal_matrix_student_std=0.0499, personal_delta_pre_softmax_norm=2.3482, personal_delta_student_std=1.1971, alpha_head_std=0.0493, query_row_global_readout_delta=0.0376, query_row_personal_message_delta=0.0029, query_row_posterior_delta_abs=0.0831, query_row_posterior_kl=0.0592, query_row_delta_local_rms_raw=0.0328, query_row_message_projection_gain=0.3943, personal_to_graph_query_ratio=0.0770, query_row_global_support_mass=1.4572, query_row_personal_support_mass=1.4572, neighbor_row_personal_delta=0.0000, personal_row_budget_mean=1.0000, personal_query_row_std=0.0931, readout_query_support_mass=1.4572, personal_student_mix=0.0500, personal_student_adapter=0.0400, local_row_ratio=0.2095, support_density=0.4010, readout_query_delta=0.0376, personal_bad_rows_active=0.00, personal_fallback_rows_active=0.00, personal_bad_row_rate_active=0.0000, personal_padded_rows=460.00, personal_logits_support_absmax=5.9392, personal_query_trust_scale_mean=0.8359, personal_bad_rows_legacy=460.00, personal_fallback_rows_legacy=460.00, personal_logits_absmax_legacy=30.0000
2026-04-19 03:01:53,881 - INFO - [assist_09|assist_09_abce_best_full|lr=0.0003|drop=0.20] [Diag][A] Epoch [021] | entropy_ratio=0.5318, diag_mass=0.0500, to_uniform_l2=0.023784, to_identity_l2=0.089156, relation_identity_delta=0.089156, knowledge_state_graph_delta=0.826642, knowledge_state_personal_delta=0.000000, share_concept_embeddings=True, tau_mean=0.6931, tau_std=0.0000, graph_reg_scale(train/val)=1.0000/1.0000
2026-04-19 03:01:53,881 - INFO - [assist_09|assist_09_abce_best_full|lr=0.0003|drop=0.20] [Grad Norms] Epoch [021] | relation_emb=5.695031e-01, relation_tau=2.890712e-09, relation_wq=1.534526e-07, relation_wk=1.242957e-07, personal_u=2.220406e-03, personal_v=1.940471e-03, personal_alpha_bias=0.000000e+00, personal_gate_emb=0.000000e+00, personal_gate_state_proj=0.000000e+00, personal_gate_context_proj=0.000000e+00, personal_gate_state_direct=1.639092e-03, personal_gate_id_direct=0.000000e+00, personal_gate_context_direct=1.207241e-04, personal_gate_out=1.787414e-06, personal_generator_emb=0.000000e+00, personal_generator_context_proj=0.000000e+00, personal_generator_context_hidden=0.000000e+00, personal_generator_context_to_u=0.000000e+00, personal_generator_context_to_v=0.000000e+00, personal_generator_state_row=0.000000e+00, personal_generator_state_col=0.000000e+00, personal_generator_id_row=0.000000e+00, personal_generator_id_col=0.000000e+00, personal_generator_state_adapter=0.000000e+00, personal_generator_id_adapter=0.000000e+00, personal_generator_context_adapter=0.000000e+00, personal_generator_direct_scale=2.970363e-09
2026-04-19 03:01:53,881 - INFO - [assist_09|assist_09_abce_best_full|lr=0.0003|drop=0.20] -> No improvement 2 epoch(s) (best AUC=0.7560 @ 19)
2026-04-19 03:01:59,143 - INFO - [assist_09|assist_09_abce_best_no_A|lr=0.0003|drop=0.20] Epoch [018/100] | Train: Loss=0.4721, BCE=0.4700, Reg=0.0021, AUC=0.8299, ACC=0.7628, RMSE=0.3951 | Val: Loss=0.5623, BCE=0.5602, Reg=0.0021, AUC=0.7553, ACC=0.7253, RMSE=0.4314
2026-04-19 03:01:59,144 - INFO - [assist_09|assist_09_abce_best_no_A|lr=0.0003|drop=0.20] [Reg Terms] Epoch [018] | Train: graph_entropy=0.000000, graph_diag=0.000000, graph_uniform=0.000000, graph_reg_scale=1.0000, prediction_l2=0.000001, personal_sparse=0.000006, alpha_var=0.000000, alpha_collapse=0.000000, reg_bce_ratio=0.0045 | Val: graph_entropy=0.000000, graph_diag=0.000000, graph_uniform=0.000000, graph_reg_scale=1.0000, prediction_l2=0.000001, personal_sparse=0.000006, alpha_var=0.000000, alpha_collapse=0.000058, reg_bce_ratio=0.0038
2026-04-19 03:01:59,350 - INFO - [assist_09|assist_09_abce_best_no_A|lr=0.0003|drop=0.20] [Diag][AE] Epoch [018] | irt_abs_mean=1.9344, irt_std=1.2254, personal_warmup_scale=1.00, graph_row_entropy=0.0000, graph_entropy_ratio=0.0000, alpha_mean=0.0890, alpha_std=0.0500, alpha_base_mean=0.0853, alpha_delta_absmean=0.0308, alpha_saturation_ratio=0.0000, alpha_bias_std=NA, alpha_state_path=0.7061, alpha_id_path=0.0000, alpha_bias_path=0.0000, head_bias_path=0.8455, personal_row_entropy=0.0330, personal_matrix_delta=0.0851, personal_matrix_student_std=0.1439, personal_delta_pre_softmax_norm=1.7760, personal_delta_student_std=0.6556, alpha_head_std=0.0493, query_row_global_readout_delta=0.0000, query_row_personal_message_delta=0.0016, query_row_posterior_delta_abs=0.0851, query_row_posterior_kl=0.0568, query_row_delta_local_rms_raw=0.0301, query_row_message_projection_gain=0.3540, personal_to_graph_query_ratio=0.0000, query_row_global_support_mass=0.0000, query_row_personal_support_mass=0.0000, neighbor_row_personal_delta=0.0000, personal_row_budget_mean=1.0000, personal_query_row_std=0.9666, readout_query_support_mass=0.0000, personal_student_mix=0.0500, personal_student_adapter=0.0400, local_row_ratio=0.0098, support_density=0.1840, readout_query_delta=0.0016, personal_bad_rows_active=0.00, personal_fallback_rows_active=0.00, personal_bad_row_rate_active=0.0000, personal_padded_rows=460.00, personal_logits_support_absmax=4.1406, personal_query_trust_scale_mean=0.9326, personal_bad_rows_legacy=460.00, personal_fallback_rows_legacy=460.00, personal_logits_absmax_legacy=30.0000
2026-04-19 03:01:59,351 - INFO - [assist_09|assist_09_abce_best_no_A|lr=0.0003|drop=0.20] [Diag][A] Epoch [018] | entropy_ratio=0.0000, diag_mass=1.0000, to_uniform_l2=0.089800, to_identity_l2=0.000000, relation_identity_delta=0.000000, knowledge_state_graph_delta=0.000000, knowledge_state_personal_delta=0.000000, share_concept_embeddings=True, tau_mean=0.0000, tau_std=0.0000, graph_reg_scale(train/val)=1.0000/1.0000
2026-04-19 03:01:59,351 - INFO - [assist_09|assist_09_abce_best_no_A|lr=0.0003|drop=0.20] [Grad Norms] Epoch [018] | relation_emb=0.000000e+00, relation_tau=0.000000e+00, relation_wq=0.000000e+00, relation_wk=0.000000e+00, personal_u=4.771027e-19, personal_v=4.915090e-19, personal_alpha_bias=0.000000e+00, personal_gate_emb=0.000000e+00, personal_gate_state_proj=0.000000e+00, personal_gate_context_proj=0.000000e+00, personal_gate_state_direct=1.602383e-05, personal_gate_id_direct=0.000000e+00, personal_gate_context_direct=5.186654e-07, personal_gate_out=0.000000e+00, personal_generator_emb=0.000000e+00, personal_generator_context_proj=0.000000e+00, personal_generator_context_hidden=0.000000e+00, personal_generator_context_to_u=0.000000e+00, personal_generator_context_to_v=0.000000e+00, personal_generator_state_row=0.000000e+00, personal_generator_state_col=0.000000e+00, personal_generator_id_row=0.000000e+00, personal_generator_id_col=0.000000e+00, personal_generator_state_adapter=0.000000e+00, personal_generator_id_adapter=0.000000e+00, personal_generator_context_adapter=0.000000e+00, personal_generator_direct_scale=2.350281e-20
2026-04-19 03:01:59,663 - INFO - [assist_09|assist_09_abce_best_no_A|lr=0.0003|drop=0.20] -> New best AUC=0.7553 at epoch 18
2026-04-19 03:02:24,967 - INFO - [junyi|junyi_abce_best_full|lr=0.003|drop=0.40] Epoch [003/100] | Train: Loss=0.5306, BCE=0.5165, Reg=0.0141, AUC=0.7910, ACC=0.7468, RMSE=0.4145 | Val: Loss=0.5250, BCE=0.5110, Reg=0.0141, AUC=0.7950, ACC=0.7557, RMSE=0.4107
2026-04-19 03:02:24,968 - INFO - [junyi|junyi_abce_best_full|lr=0.003|drop=0.40] [Reg Terms] Epoch [003] | Train: graph_entropy=0.000000, graph_diag=0.006010, graph_uniform=0.006753, graph_reg_scale=1.0000, prediction_l2=0.000000, personal_sparse=0.000720, alpha_var=0.000000, alpha_collapse=0.000006, reg_bce_ratio=0.0273 | Val: graph_entropy=0.000000, graph_diag=0.006000, graph_uniform=0.006753, graph_reg_scale=1.0000, prediction_l2=0.000000, personal_sparse=0.000725, alpha_var=0.000000, alpha_collapse=0.000005, reg_bce_ratio=0.0275
2026-04-19 03:02:25,172 - INFO - [junyi|junyi_abce_best_full|lr=0.003|drop=0.40] [Diag][AE] Epoch [003] | irt_abs_mean=1.5802, irt_std=1.0575, personal_warmup_scale=0.60, graph_row_entropy=3.2177, graph_entropy_ratio=0.4915, alpha_mean=0.1300, alpha_std=0.0388, alpha_base_mean=0.1300, alpha_delta_absmean=0.0335, alpha_saturation_ratio=0.0000, alpha_bias_std=NA, alpha_state_path=0.7322, alpha_id_path=0.0000, alpha_bias_path=0.0000, head_bias_path=0.2737, personal_row_entropy=2.4157, personal_matrix_delta=0.0439, personal_matrix_student_std=0.0468, personal_delta_pre_softmax_norm=2.7366, personal_delta_student_std=2.6689, alpha_head_std=0.0378, query_row_global_readout_delta=0.0222, query_row_personal_message_delta=0.0001, query_row_posterior_delta_abs=0.0439, query_row_posterior_kl=0.0320, query_row_delta_local_rms_raw=0.0009, query_row_message_projection_gain=0.0200, personal_to_graph_query_ratio=0.0032, query_row_global_support_mass=1.0817, query_row_personal_support_mass=1.0817, neighbor_row_personal_delta=0.0000, personal_row_budget_mean=1.3000, personal_query_row_std=0.1325, readout_query_support_mass=1.0817, personal_student_mix=0.0500, personal_student_adapter=0.0400, local_row_ratio=0.0688, support_density=1.0000, readout_query_delta=0.0221, personal_bad_rows_active=0.00, personal_fallback_rows_active=0.00, personal_bad_row_rate_active=0.0000, personal_padded_rows=0.00, personal_logits_support_absmax=6.7577, personal_query_trust_scale_mean=1.0000, personal_bad_rows_legacy=0.00, personal_fallback_rows_legacy=0.00, personal_logits_absmax_legacy=6.7577
2026-04-19 03:02:25,172 - INFO - [junyi|junyi_abce_best_full|lr=0.003|drop=0.40] [Diag][A] Epoch [003] | entropy_ratio=0.4915, diag_mass=0.0500, to_uniform_l2=0.007448, to_identity_l2=0.036726, relation_identity_delta=0.036726, knowledge_state_graph_delta=0.215708, knowledge_state_personal_delta=0.000000, share_concept_embeddings=True, tau_mean=0.6931, tau_std=0.0000, graph_reg_scale(train/val)=1.0000/1.0000
2026-04-19 03:02:25,172 - INFO - [junyi|junyi_abce_best_full|lr=0.003|drop=0.40] [Grad Norms] Epoch [003] | relation_emb=3.830254e-01, relation_tau=4.013509e-12, relation_wq=1.219339e-08, relation_wk=1.075482e-08, personal_u=3.440380e-03, personal_v=1.424124e-03, personal_alpha_bias=0.000000e+00, personal_gate_emb=2.873513e-11, personal_gate_state_proj=1.330081e-12, personal_gate_context_proj=2.712699e-09, personal_gate_state_direct=6.021385e-07, personal_gate_id_direct=2.897518e-11, personal_gate_context_direct=1.228263e-03, personal_gate_out=5.005139e-07, personal_generator_emb=1.672873e-20, personal_generator_context_proj=8.376842e-17, personal_generator_context_hidden=2.569244e-14, personal_generator_context_to_u=3.429572e-11, personal_generator_context_to_v=4.070652e-12, personal_generator_state_row=2.258289e-11, personal_generator_state_col=2.680424e-12, personal_generator_id_row=5.645723e-12, personal_generator_id_col=6.701059e-13, personal_generator_state_adapter=1.044645e-16, personal_generator_id_adapter=2.102766e-17, personal_generator_context_adapter=1.902510e-15, personal_generator_direct_scale=2.059090e-06
2026-04-19 03:02:25,172 - INFO - [junyi|junyi_abce_best_full|lr=0.003|drop=0.40] -> No improvement 1 epoch(s) (best AUC=0.7951 @ 2)
2026-04-19 03:03:17,391 - INFO - [assist_09|assist_09_abce_best_full|lr=0.0003|drop=0.20] Epoch [022/100] | Train: Loss=0.4751, BCE=0.4643, Reg=0.0107, AUC=0.8343, ACC=0.7646, RMSE=0.3928 | Val: Loss=0.5612, BCE=0.5504, Reg=0.0108, AUC=0.7552, ACC=0.7265, RMSE=0.4283
2026-04-19 03:03:17,392 - INFO - [assist_09|assist_09_abce_best_full|lr=0.0003|drop=0.20] [Reg Terms] Epoch [022] | Train: graph_entropy=0.000000, graph_diag=0.005000, graph_uniform=0.003049, graph_reg_scale=1.0000, prediction_l2=0.000001, personal_sparse=0.000320, alpha_var=0.000000, alpha_collapse=0.000000, reg_bce_ratio=0.0231 | Val: graph_entropy=0.000000, graph_diag=0.005000, graph_uniform=0.003049, graph_reg_scale=1.0000, prediction_l2=0.000001, personal_sparse=0.000385, alpha_var=0.000000, alpha_collapse=0.000010, reg_bce_ratio=0.0196
2026-04-19 03:03:17,595 - INFO - [assist_09|assist_09_abce_best_full|lr=0.0003|drop=0.20] [Diag][AE] Epoch [022] | irt_abs_mean=1.5961, irt_std=1.0943, personal_warmup_scale=1.00, graph_row_entropy=2.5592, graph_entropy_ratio=0.5318, alpha_mean=0.0880, alpha_std=0.0539, alpha_base_mean=0.0703, alpha_delta_absmean=0.0346, alpha_saturation_ratio=0.0000, alpha_bias_std=NA, alpha_state_path=0.8816, alpha_id_path=0.0000, alpha_bias_path=0.0000, head_bias_path=1.1297, personal_row_entropy=1.7999, personal_matrix_delta=0.0836, personal_matrix_student_std=0.0506, personal_delta_pre_softmax_norm=2.3441, personal_delta_student_std=1.2122, alpha_head_std=0.0446, query_row_global_readout_delta=0.0434, query_row_personal_message_delta=0.0033, query_row_posterior_delta_abs=0.0836, query_row_posterior_kl=0.0598, query_row_delta_local_rms_raw=0.0403, query_row_message_projection_gain=0.4824, personal_to_graph_query_ratio=0.0762, query_row_global_support_mass=0.9182, query_row_personal_support_mass=0.9182, neighbor_row_personal_delta=0.0000, personal_row_budget_mean=1.0000, personal_query_row_std=0.0991, readout_query_support_mass=0.9182, personal_student_mix=0.0500, personal_student_adapter=0.0400, local_row_ratio=0.2130, support_density=0.4010, readout_query_delta=0.0433, personal_bad_rows_active=0.00, personal_fallback_rows_active=0.00, personal_bad_row_rate_active=0.0000, personal_padded_rows=460.00, personal_logits_support_absmax=5.8855, personal_query_trust_scale_mean=0.7501, personal_bad_rows_legacy=460.00, personal_fallback_rows_legacy=460.00, personal_logits_absmax_legacy=30.0000
2026-04-19 03:03:17,595 - INFO - [assist_09|assist_09_abce_best_full|lr=0.0003|drop=0.20] [Diag][A] Epoch [022] | entropy_ratio=0.5318, diag_mass=0.0500, to_uniform_l2=0.023784, to_identity_l2=0.089156, relation_identity_delta=0.089156, knowledge_state_graph_delta=0.830619, knowledge_state_personal_delta=0.000000, share_concept_embeddings=True, tau_mean=0.6932, tau_std=0.0000, graph_reg_scale(train/val)=1.0000/1.0000
2026-04-19 03:03:17,595 - INFO - [assist_09|assist_09_abce_best_full|lr=0.0003|drop=0.20] [Grad Norms] Epoch [022] | relation_emb=5.028766e-01, relation_tau=5.003431e-09, relation_wq=2.303004e-07, relation_wk=8.842990e-08, personal_u=3.822221e-03, personal_v=2.793638e-03, personal_alpha_bias=0.000000e+00, personal_gate_emb=0.000000e+00, personal_gate_state_proj=0.000000e+00, personal_gate_context_proj=0.000000e+00, personal_gate_state_direct=1.169221e-03, personal_gate_id_direct=0.000000e+00, personal_gate_context_direct=1.300012e-04, personal_gate_out=1.264789e-06, personal_generator_emb=0.000000e+00, personal_generator_context_proj=0.000000e+00, personal_generator_context_hidden=0.000000e+00, personal_generator_context_to_u=0.000000e+00, personal_generator_context_to_v=0.000000e+00, personal_generator_state_row=0.000000e+00, personal_generator_state_col=0.000000e+00, personal_generator_id_row=0.000000e+00, personal_generator_id_col=0.000000e+00, personal_generator_state_adapter=0.000000e+00, personal_generator_id_adapter=0.000000e+00, personal_generator_context_adapter=0.000000e+00, personal_generator_direct_scale=4.602297e-07
2026-04-19 03:03:17,596 - INFO - [assist_09|assist_09_abce_best_full|lr=0.0003|drop=0.20] -> No improvement 3 epoch(s) (best AUC=0.7560 @ 19)
2026-04-19 03:03:17,596 - INFO - [assist_09|assist_09_abce_best_full|lr=0.0003|drop=0.20] Early stopping at epoch 22 (best AUC=0.7560 @ 19)
2026-04-19 03:03:17,605 - INFO - Epoch-wise metrics saved to checkpoints/abce_diag/remote_rerun_20260419_6ddddcc/assist_09/seed42/best_full/metrics_history.csv
2026-04-19 03:03:17,608 - INFO - [assist_09|assist_09_abce_best_full|lr=0.0003|drop=0.20] Training completed! Best Val AUC=0.7560 @ epoch 19
2026-04-19 03:03:17,868 - INFO - 
============================================================
         MODULE ACTIVITY REPORT
============================================================
Dataset: assist_09 | Seed: 42 | Epoch: 22

1. Concept Graph Module (A):
   - Mean row entropy: 2.559 / 4.812
   - Entropy ratio: 53.2%
   - Query readout delta: 0.0466
   - Status: LIVE (global graph is entering queried concept readout)

2. Personal Graph Module (E):
   - Alpha mean: 0.082
   - Alpha std: 0.054
   - Alpha bias std: 0.000
   - Personal/global delta: 0.0825
   - Inter-student matrix std: 0.0509
   - Query personal message delta: 0.0032
   - Query posterior KL: 0.0587
   - Query message projection gain: 0.4609
   - Query personal std: 0.1016
   - Personal/global query ratio: 0.0724
   - Status: RISK (personal correction is active but may be overriding global query readout)
   -> Consider: increase lambda_personal_kl / lambda_personal_query_residual or reduce personal_query_correction_scale

------------------------------------------------------------
SUMMARY:
   Active modules: Concept Graph (A), Personal Graph (E)
   All enabled graph modules are functioning properly.
============================================================
2026-04-19 03:03:17,868 - INFO - [assist_09|assist_09_abce_best_full|lr=0.0003|drop=0.20] Module activity saved to checkpoints/abce_diag/remote_rerun_20260419_6ddddcc/assist_09/seed42/best_full/module_activity.json
2026-04-19 03:03:17,919 - INFO - Using device: cuda:0 (physical gpu 1)
2026-04-19 03:03:17,919 - INFO - Loading model from checkpoints/abce_diag/remote_rerun_20260419_6ddddcc/assist_09/seed42/best_full/best_model.pth...
2026-04-19 03:03:18,044 - INFO - [Inference Filter] before=52549, after=51090, dropped=1459, coverage=97.22% (train-only seen student/item support)
2026-04-19 03:03:18,064 - INFO - Inference switches: ablate_module1=False | enable_module1=True | use_concept_graph=True | effective(num_gnn_layers=2)
2026-04-19 03:03:18,085 - INFO - [Inference] Ablation runtime check: args(ablate_module1=False) | expect(use_concept_graph=True,use_personal_graph=True) | model(enable_module1=True,use_concept_graph=True,use_personal_graph=True) | physical(has_knowledge_encoder=True,has_relation_learning=True,has_adaptive_gate=True,has_personal_generator=True)
2026-04-19 03:03:18,086 - INFO - [Inference] [Graph Init] graph_tau_mean=1.0055, graph_tau_std=0.0000, graph_dropout=0.000, use_personal_graph=True
2026-04-19 03:03:18,088 - INFO - Model loaded from epoch 19. Start testing...
[GPU] Status: [GPU 1: 23381MiB free]
2026-04-19 03:03:22,735 - INFO - [Test] 200/400 batches done, samples=25600
2026-04-19 03:03:26,919 - INFO - [Test] 400/400 batches done, samples=51090
2026-04-19 03:03:26,977 - INFO - 
==================================================
2026-04-19 03:03:26,977 - INFO - Test Results:
2026-04-19 03:03:26,977 - INFO - AUC: 0.7579
2026-04-19 03:03:26,977 - INFO - ACC: 0.7328
2026-04-19 03:03:26,977 - INFO - RMSE: 0.4259
2026-04-19 03:03:26,977 - INFO - ==================================================
2026-04-19 03:03:26,991 - INFO - Summary appended to /home/zsh/ConceptSkillCDM/results/experiment_results.csv
2026-04-19 03:03:26,995 - INFO - Run completed.
2026-04-19 03:03:26,995 - INFO - Best validation AUC: 0.7560 at epoch 19
2026-04-19 03:03:26,995 - INFO - Test metrics - AUC: 0.7579, ACC: 0.7328, RMSE: 0.4259
2026-04-19 03:03:31,060 - INFO - [assist_09|assist_09_abce_best_no_A|lr=0.0003|drop=0.20] Epoch [019/100] | Train: Loss=0.4691, BCE=0.4670, Reg=0.0021, AUC=0.8324, ACC=0.7640, RMSE=0.3939 | Val: Loss=0.5571, BCE=0.5549, Reg=0.0021, AUC=0.7541, ACC=0.7250, RMSE=0.4301
2026-04-19 03:03:31,060 - INFO - [assist_09|assist_09_abce_best_no_A|lr=0.0003|drop=0.20] [Reg Terms] Epoch [019] | Train: graph_entropy=0.000000, graph_diag=0.000000, graph_uniform=0.000000, graph_reg_scale=1.0000, prediction_l2=0.000001, personal_sparse=0.000006, alpha_var=0.000000, alpha_collapse=0.000000, reg_bce_ratio=0.0045 | Val: graph_entropy=0.000000, graph_diag=0.000000, graph_uniform=0.000000, graph_reg_scale=1.0000, prediction_l2=0.000001, personal_sparse=0.000006, alpha_var=0.000000, alpha_collapse=0.000041, reg_bce_ratio=0.0038
2026-04-19 03:03:31,233 - INFO - [assist_09|assist_09_abce_best_no_A|lr=0.0003|drop=0.20] [Diag][AE] Epoch [019] | irt_abs_mean=1.7588, irt_std=1.2042, personal_warmup_scale=1.00, graph_row_entropy=0.0000, graph_entropy_ratio=0.0000, alpha_mean=0.0907, alpha_std=0.0574, alpha_base_mean=0.0865, alpha_delta_absmean=0.0382, alpha_saturation_ratio=0.0000, alpha_bias_std=NA, alpha_state_path=0.8909, alpha_id_path=0.0000, alpha_bias_path=0.0000, head_bias_path=0.8241, personal_row_entropy=0.0257, personal_matrix_delta=0.0862, personal_matrix_student_std=0.1517, personal_delta_pre_softmax_norm=1.7735, personal_delta_student_std=0.6525, alpha_head_std=0.0570, query_row_global_readout_delta=0.0000, query_row_personal_message_delta=0.0017, query_row_posterior_delta_abs=0.0862, query_row_posterior_kl=0.0577, query_row_delta_local_rms_raw=0.0287, query_row_message_projection_gain=0.3330, personal_to_graph_query_ratio=0.0000, query_row_global_support_mass=0.0000, query_row_personal_support_mass=0.0000, neighbor_row_personal_delta=0.0000, personal_row_budget_mean=1.0000, personal_query_row_std=0.9630, readout_query_support_mass=0.0000, personal_student_mix=0.0500, personal_student_adapter=0.0400, local_row_ratio=0.0098, support_density=0.1840, readout_query_delta=0.0017, personal_bad_rows_active=0.00, personal_fallback_rows_active=0.00, personal_bad_row_rate_active=0.0000, personal_padded_rows=460.00, personal_logits_support_absmax=4.1002, personal_query_trust_scale_mean=0.9210, personal_bad_rows_legacy=460.00, personal_fallback_rows_legacy=460.00, personal_logits_absmax_legacy=30.0000
2026-04-19 03:03:31,233 - INFO - [assist_09|assist_09_abce_best_no_A|lr=0.0003|drop=0.20] [Diag][A] Epoch [019] | entropy_ratio=0.0000, diag_mass=1.0000, to_uniform_l2=0.089800, to_identity_l2=0.000000, relation_identity_delta=0.000000, knowledge_state_graph_delta=0.000000, knowledge_state_personal_delta=0.000000, share_concept_embeddings=True, tau_mean=0.0000, tau_std=0.0000, graph_reg_scale(train/val)=1.0000/1.0000
2026-04-19 03:03:31,233 - INFO - [assist_09|assist_09_abce_best_no_A|lr=0.0003|drop=0.20] [Grad Norms] Epoch [019] | relation_emb=0.000000e+00, relation_tau=0.000000e+00, relation_wq=0.000000e+00, relation_wk=0.000000e+00, personal_u=2.559185e-04, personal_v=7.114764e-04, personal_alpha_bias=0.000000e+00, personal_gate_emb=0.000000e+00, personal_gate_state_proj=0.000000e+00, personal_gate_context_proj=0.000000e+00, personal_gate_state_direct=1.292555e-04, personal_gate_id_direct=0.000000e+00, personal_gate_context_direct=6.147060e-07, personal_gate_out=0.000000e+00, personal_generator_emb=0.000000e+00, personal_generator_context_proj=0.000000e+00, personal_generator_context_hidden=0.000000e+00, personal_generator_context_to_u=0.000000e+00, personal_generator_context_to_v=0.000000e+00, personal_generator_state_row=0.000000e+00, personal_generator_state_col=0.000000e+00, personal_generator_id_row=0.000000e+00, personal_generator_id_col=0.000000e+00, personal_generator_state_adapter=0.000000e+00, personal_generator_id_adapter=0.000000e+00, personal_generator_context_adapter=0.000000e+00, personal_generator_direct_scale=1.027457e-08
2026-04-19 03:03:31,233 - INFO - [assist_09|assist_09_abce_best_no_A|lr=0.0003|drop=0.20] -> No improvement 1 epoch(s) (best AUC=0.7553 @ 18)
2026-04-19 03:03:38,132 - INFO - Arguments:
2026-04-19 03:03:38,132 - INFO -   ablate_concept_graph: True
2026-04-19 03:03:38,133 - INFO -   ablate_module1: False
2026-04-19 03:03:38,133 - INFO -   allow_self_loop: True
2026-04-19 03:03:38,133 - INFO -   alpha_min_target: 0.04
2026-04-19 03:03:38,133 - INFO -   batch_size: 64
2026-04-19 03:03:38,133 - INFO -   data_dir: ./data/junyi
2026-04-19 03:03:38,133 - INFO -   dataset_name: junyi
2026-04-19 03:03:38,133 - INFO -   debug_graph_diag: True
2026-04-19 03:03:38,133 - INFO -   diag_batches: 1
2026-04-19 03:03:38,133 - INFO -   disable_self_loop: False
2026-04-19 03:03:38,133 - INFO -   dropout: 0.4
2026-04-19 03:03:38,133 - INFO -   early_stop_patience: 3
2026-04-19 03:03:38,133 - INFO -   enable_module1: True
2026-04-19 03:03:38,133 - INFO -   epochs: 100
2026-04-19 03:03:38,133 - INFO -   generate_diagnosis: False
2026-04-19 03:03:38,133 - INFO -   gnn_residual_weight: 0.5
2026-04-19 03:03:38,133 - INFO -   gpu_candidates: None
2026-04-19 03:03:38,133 - INFO -   gpu_ids: None
2026-04-19 03:03:38,133 - INFO -   gpu_memory_threshold: 2000
2026-04-19 03:03:38,133 - INFO -   gpus: None
2026-04-19 03:03:38,133 - INFO -   graph_dropout: 0.0
2026-04-19 03:03:38,133 - INFO -   graph_entropy_max: 0.7
2026-04-19 03:03:38,133 - INFO -   graph_entropy_min: 0.15
2026-04-19 03:03:38,133 - INFO -   graph_identity_residual: 0.05
2026-04-19 03:03:38,133 - INFO -   graph_propagation_alpha: 0.25
2026-04-19 03:03:38,133 - INFO -   graph_query_readout_2hop_scale: 0.12
2026-04-19 03:03:38,133 - INFO -   graph_query_readout_scale: 0.45
2026-04-19 03:03:38,133 - INFO -   graph_query_writeback_2hop_scale: 0.12
2026-04-19 03:03:38,133 - INFO -   graph_query_writeback_scale: 0.45
2026-04-19 03:03:38,133 - INFO -   graph_readout_1hop_scale: 0.45
2026-04-19 03:03:38,134 - INFO -   graph_readout_2hop_scale: 0.12
2026-04-19 03:03:38,134 - INFO -   graph_reg_cap_ratio: 6.0
2026-04-19 03:03:38,134 - INFO -   graph_reg_warmup_epochs: 2
2026-04-19 03:03:38,134 - INFO -   graph_tau_init: 0.55
2026-04-19 03:03:38,134 - INFO -   graph_topk: 24
2026-04-19 03:03:38,134 - INFO -   graph_uniform_margin: 0.12
2026-04-19 03:03:38,134 - INFO -   knowledge_dim: 128
2026-04-19 03:03:38,134 - INFO -   lambda_alpha: 0.0
2026-04-19 03:03:38,134 - INFO -   lambda_alpha_min: 0.05
2026-04-19 03:03:38,134 - INFO -   lambda_graph_diag: 0.12
2026-04-19 03:03:38,134 - INFO -   lambda_graph_uniform: 0.06
2026-04-19 03:03:38,134 - INFO -   lambda_personal_kl: 0.03
2026-04-19 03:03:38,134 - INFO -   lambda_personal_query_residual: 0.08
2026-04-19 03:03:38,134 - INFO -   lambda_sparse: 0.6
2026-04-19 03:03:38,134 - INFO -   lambda_sparse_personal: 0.0005
2026-04-19 03:03:38,134 - INFO -   learning_rate: 0.003
2026-04-19 03:03:38,134 - INFO -   log_dir: logs/abce_diag/remote_rerun_20260419_6ddddcc/junyi/seed42/best_no_A
2026-04-19 03:03:38,134 - INFO -   max_test_batches: None
2026-04-19 03:03:38,134 - INFO -   max_train_batches: None
2026-04-19 03:03:38,134 - INFO -   max_val_batches: None
2026-04-19 03:03:38,134 - INFO -   min_exer_interactions: 0
2026-04-19 03:03:38,134 - INFO -   min_poison_count: 0
2026-04-19 03:03:38,134 - INFO -   min_stu_interactions: 15
2026-04-19 03:03:38,134 - INFO -   model_variant: junyi_abce_best_no_A
2026-04-19 03:03:38,134 - INFO -   multi_gpu: False
2026-04-19 03:03:38,134 - INFO -   no_cuda: False
2026-04-19 03:03:38,134 - INFO -   num_gnn_layers: 2
2026-04-19 03:03:38,134 - INFO -   num_gpus: 1
2026-04-19 03:03:38,134 - INFO -   num_relation_heads: 2
2026-04-19 03:03:38,134 - INFO -   num_workers: 4
2026-04-19 03:03:38,134 - INFO -   patience: 1
2026-04-19 03:03:38,135 - INFO -   personal_alpha_base_init: 0.04
2026-04-19 03:03:38,135 - INFO -   personal_alpha_bias_scale: 0.0
2026-04-19 03:03:38,135 - INFO -   personal_alpha_budget: 0.09
2026-04-19 03:03:38,135 - INFO -   personal_alpha_temperature: 1.8
2026-04-19 03:03:38,135 - INFO -   personal_delta_scale: 4.0
2026-04-19 03:03:38,135 - INFO -   personal_disable_student_global_context: True
2026-04-19 03:03:38,135 - INFO -   personal_id_lr_mult: 0.25
2026-04-19 03:03:38,135 - INFO -   personal_include_neighbor_rows: False
2026-04-19 03:03:38,135 - INFO -   personal_local_hops: 1
2026-04-19 03:03:38,135 - INFO -   personal_max_alpha: 0.26
2026-04-19 03:03:38,135 - INFO -   personal_neighbor_row_budget: 0.2
2026-04-19 03:03:38,135 - INFO -   personal_query_correction_max_ratio: 0.2
2026-04-19 03:03:38,135 - INFO -   personal_query_correction_min_graph_anchor: 0.01
2026-04-19 03:03:38,135 - INFO -   personal_query_correction_scale: 0.6
2026-04-19 03:03:38,135 - INFO -   personal_query_message_gain: 1.0
2026-04-19 03:03:38,135 - INFO -   personal_query_residual_margin: 0.05
2026-04-19 03:03:38,135 - INFO -   personal_query_row_budget: 1.3
2026-04-19 03:03:38,135 - INFO -   personal_query_support_hops: 1
2026-04-19 03:03:38,135 - INFO -   personal_rank: 8
2026-04-19 03:03:38,135 - INFO -   personal_reg_warmup_epochs: 5
2026-04-19 03:03:38,135 - INFO -   personal_state_lr_mult: 1.5
2026-04-19 03:03:38,135 - INFO -   personal_student_dim: 64
2026-04-19 03:03:38,135 - INFO -   personal_support_only: True
2026-04-19 03:03:38,135 - INFO -   personal_warmup_epochs: 5
2026-04-19 03:03:38,135 - INFO -   prediction_l2_lambda: 1e-05
2026-04-19 03:03:38,135 - INFO -   save_dir: checkpoints/abce_diag/remote_rerun_20260419_6ddddcc/junyi/seed42/best_no_A
2026-04-19 03:03:38,135 - INFO -   save_interval: 10
2026-04-19 03:03:38,135 - INFO -   seed: 42
2026-04-19 03:03:38,135 - INFO -   share_concept_embeddings: True
2026-04-19 03:03:38,135 - INFO -   use_concept_graph: False
2026-04-19 03:03:38,135 - INFO -   use_exercise_graph: False
2026-04-19 03:03:38,135 - INFO -   use_personal_graph: True
2026-04-19 03:03:38,136 - INFO -   weight_decay: 0.001
2026-04-19 03:03:38,221 - INFO - Using device: cuda:0 (physical gpu 1)
2026-04-19 03:03:38,221 - INFO - [junyi|junyi_abce_best_no_A|lr=0.003|drop=0.40] Loading datasets...
2026-04-19 03:03:38,221 - INFO - [junyi|junyi_abce_best_no_A|lr=0.003|drop=0.40] Regularization: graph_entropy(lambda_sparse)=0.600000, graph_diag=0.120000, graph_uniform=0.060000, personal_sparse=0.000500, personal_kl=0.030000, personal_query_residual=0.080000, alpha_penalty=0.000000, alpha_min=0.050000, prediction_l2=0.000010
2026-04-19 03:03:38,221 - INFO - [junyi|junyi_abce_best_no_A|lr=0.003|drop=0.40] Graph controls: entropy_band=[0.15, 0.70], uniform_margin=0.12, warmup_epochs=2, cap_ratio=6.00, graph_dropout=0.000, graph_tau_init=0.550
2026-04-19 03:03:38,222 - INFO - [junyi|junyi_abce_best_no_A|lr=0.003|drop=0.40] Personal controls: personal_max_alpha=0.260, personal_delta_scale=4.000, personal_warmup_epochs=5, personal_student_dim=64, alpha_min_target=0.0400, personal_local_hops=1, include_neighbor_rows=False, personal_support_only=True, personal_alpha_temperature=1.800, personal_alpha_budget=0.090, personal_query_row_budget=1.300, personal_neighbor_row_budget=0.200, personal_query_support_hops=1, personal_query_message_gain=1.000, personal_query_correction_scale=0.600, personal_state_lr_mult=1.500, personal_id_lr_mult=0.250, graph_propagation_alpha=0.250, graph_query_readout_scale=0.450, graph_query_readout_2hop_scale=0.120
2026-04-19 03:03:38,330 - INFO - [junyi] [数据清洗] 学生交互次数 < 15 次的学生：共移除 2188 个学生（仅统计用户数）
2026-04-19 03:03:38,347 - INFO - [junyi] [数据清洗] 学生冷启动过滤：在 train/valid/test 中共删除 35779 条记录。
2026-04-19 03:03:38,347 - INFO - [junyi] [数据清洗] 跳过题目冷门过滤（min_exer_interactions <= 0）。
2026-04-19 03:03:38,347 - INFO - [junyi] [数据清洗] 跳过毒题清洗（min_poison_count <= 0）。
2026-04-19 03:03:38,347 - INFO - [junyi] 正在构建ID映射...
2026-04-19 03:03:38,568 - INFO - [junyi] 正在构建Q矩阵...
2026-04-19 03:03:44,409 - INFO - [junyi] [数据清洗] Valid train-seen 过滤：before=22111, after=22111, dropped=0, coverage=100.00%
2026-04-19 03:03:44,420 - INFO - [junyi] [数据清洗] Test train-seen 过滤：before=60499, after=60494, dropped=5, coverage=99.99%
2026-04-19 03:03:44,421 - INFO - [junyi] [统计] 开始统计清洗后每道题的概念数量分布...
2026-04-19 03:03:44,425 - INFO - [junyi] [Train] 概念数统计：题目数=697, 平均概念数=1.0000, min=1, max=1, 1概念=697 (100.00%), ≥2概念=0 (0.00%)
2026-04-19 03:03:44,425 - INFO - [junyi] [Train] 概念数直方图（概念数: 题目数量）: {1: 697}
2026-04-19 03:03:44,426 - INFO - [junyi] [Valid] 概念数统计：题目数=614, 平均概念数=1.0000, min=1, max=1, 1概念=614 (100.00%), ≥2概念=0 (0.00%)
2026-04-19 03:03:44,426 - INFO - [junyi] [Valid] 概念数直方图（概念数: 题目数量）: {1: 614}
2026-04-19 03:03:44,427 - INFO - [junyi] [Test] 概念数统计：题目数=663, 平均概念数=1.0000, min=1, max=1, 1概念=663 (100.00%), ≥2概念=0 (0.00%)
2026-04-19 03:03:44,427 - INFO - [junyi] [Test] 概念数直方图（概念数: 题目数量）: {1: 663}
2026-04-19 03:03:44,427 - INFO - [junyi] [统计] 概念数量统计完成。
2026-04-19 03:03:44,427 - INFO - [junyi] 正在加载数据集...
2026-04-19 03:03:44,544 - INFO - [junyi|junyi_abce_best_no_A|lr=0.003|drop=0.40] Train samples: 235446, Val samples: 22111
2026-04-19 03:03:44,544 - INFO - [junyi|junyi_abce_best_no_A|lr=0.003|drop=0.40] Number of students: 7812
2026-04-19 03:03:44,544 - INFO - [junyi|junyi_abce_best_no_A|lr=0.003|drop=0.40] Number of exercises: 697
2026-04-19 03:03:44,544 - INFO - [junyi|junyi_abce_best_no_A|lr=0.003|drop=0.40] Number of concepts: 697
2026-04-19 03:03:44,544 - INFO - [junyi|junyi_abce_best_no_A|lr=0.003|drop=0.40] Creating model...
2026-04-19 03:03:44,545 - INFO - [junyi|junyi_abce_best_no_A|lr=0.003|drop=0.40] Ablation switches: ablate_module1=False | enable_module1=True | use_concept_graph=False | effective(num_gnn_layers=2)
2026-04-19 03:03:44,809 - INFO - [junyi|junyi_abce_best_no_A|lr=0.003|drop=0.40] Ablation runtime check: args(ablate_module1=False) | expect(use_concept_graph=False,use_personal_graph=True) | model(enable_module1=True,use_concept_graph=False,use_personal_graph=True) | physical(has_knowledge_encoder=True,has_relation_learning=False,has_adaptive_gate=True,has_personal_generator=True)
2026-04-19 03:03:44,809 - INFO - [junyi|junyi_abce_best_no_A|lr=0.003|drop=0.40] Debug diagnostics enabled: diag_batches=1
2026-04-19 03:03:44,809 - INFO - [junyi|junyi_abce_best_no_A|lr=0.003|drop=0.40] [Graph Init] graph_tau_mean=0.0000, graph_tau_std=0.0000, graph_dropout=0.000, use_personal_graph=True
2026-04-19 03:03:44,809 - INFO - [junyi|junyi_abce_best_no_A|lr=0.003|drop=0.40] Total parameters: 8,163,850
2026-04-19 03:03:44,809 - INFO - [junyi|junyi_abce_best_no_A|lr=0.003|drop=0.40] Trainable parameters: 8,163,850
2026-04-19 03:03:45,846 - INFO - [junyi|junyi_abce_best_no_A|lr=0.003|drop=0.40] Optimizer param groups: backbone@lr=0.003, personal_state@lr=0.0045, personal_id@lr=0.00075
2026-04-19 03:03:45,846 - INFO - [junyi|junyi_abce_best_no_A|lr=0.003|drop=0.40] Monitor config: scheduler=val_auc(max), best_checkpoint=val_auc(max), early_stop=val_auc(max)
2026-04-19 03:03:45,846 - INFO - [junyi|junyi_abce_best_no_A|lr=0.003|drop=0.40] Starting training...
[GPU] Status: [GPU 1: 24088MiB free]
2026-04-19 03:05:07,521 - INFO - [assist_09|assist_09_abce_best_no_A|lr=0.0003|drop=0.20] Epoch [020/100] | Train: Loss=0.4672, BCE=0.4651, Reg=0.0021, AUC=0.8340, ACC=0.7649, RMSE=0.3930 | Val: Loss=0.5585, BCE=0.5563, Reg=0.0021, AUC=0.7545, ACC=0.7250, RMSE=0.4302
2026-04-19 03:05:07,521 - INFO - [assist_09|assist_09_abce_best_no_A|lr=0.0003|drop=0.20] [Reg Terms] Epoch [020] | Train: graph_entropy=0.000000, graph_diag=0.000000, graph_uniform=0.000000, graph_reg_scale=1.0000, prediction_l2=0.000001, personal_sparse=0.000006, alpha_var=0.000000, alpha_collapse=0.000000, reg_bce_ratio=0.0045 | Val: graph_entropy=0.000000, graph_diag=0.000000, graph_uniform=0.000000, graph_reg_scale=1.0000, prediction_l2=0.000001, personal_sparse=0.000006, alpha_var=0.000000, alpha_collapse=0.000045, reg_bce_ratio=0.0038
2026-04-19 03:05:07,706 - INFO - [assist_09|assist_09_abce_best_no_A|lr=0.0003|drop=0.20] [Diag][AE] Epoch [020] | irt_abs_mean=1.8641, irt_std=1.2402, personal_warmup_scale=1.00, graph_row_entropy=0.0000, graph_entropy_ratio=0.0000, alpha_mean=0.0917, alpha_std=0.0552, alpha_base_mean=0.0876, alpha_delta_absmean=0.0364, alpha_saturation_ratio=0.0000, alpha_bias_std=NA, alpha_state_path=0.8491, alpha_id_path=0.0000, alpha_bias_path=0.0000, head_bias_path=0.8052, personal_row_entropy=0.0306, personal_matrix_delta=0.0856, personal_matrix_student_std=0.1555, personal_delta_pre_softmax_norm=1.7735, personal_delta_student_std=0.6597, alpha_head_std=0.0537, query_row_global_readout_delta=0.0000, query_row_personal_message_delta=0.0016, query_row_posterior_delta_abs=0.0856, query_row_posterior_kl=0.0571, query_row_delta_local_rms_raw=0.0309, query_row_message_projection_gain=0.3607, personal_to_graph_query_ratio=0.0000, query_row_global_support_mass=0.0000, query_row_personal_support_mass=0.0000, neighbor_row_personal_delta=0.0000, personal_row_budget_mean=1.0000, personal_query_row_std=0.9636, readout_query_support_mass=0.0000, personal_student_mix=0.0500, personal_student_adapter=0.0400, local_row_ratio=0.0098, support_density=0.1840, readout_query_delta=0.0016, personal_bad_rows_active=0.00, personal_fallback_rows_active=0.00, personal_bad_row_rate_active=0.0000, personal_padded_rows=460.00, personal_logits_support_absmax=4.1387, personal_query_trust_scale_mean=0.9120, personal_bad_rows_legacy=460.00, personal_fallback_rows_legacy=460.00, personal_logits_absmax_legacy=30.0000
2026-04-19 03:05:07,707 - INFO - [assist_09|assist_09_abce_best_no_A|lr=0.0003|drop=0.20] [Diag][A] Epoch [020] | entropy_ratio=0.0000, diag_mass=1.0000, to_uniform_l2=0.089800, to_identity_l2=0.000000, relation_identity_delta=0.000000, knowledge_state_graph_delta=0.000000, knowledge_state_personal_delta=0.000000, share_concept_embeddings=True, tau_mean=0.0000, tau_std=0.0000, graph_reg_scale(train/val)=1.0000/1.0000
2026-04-19 03:05:07,707 - INFO - [assist_09|assist_09_abce_best_no_A|lr=0.0003|drop=0.20] [Grad Norms] Epoch [020] | relation_emb=0.000000e+00, relation_tau=0.000000e+00, relation_wq=0.000000e+00, relation_wk=0.000000e+00, personal_u=2.968400e-04, personal_v=3.481483e-04, personal_alpha_bias=0.000000e+00, personal_gate_emb=0.000000e+00, personal_gate_state_proj=0.000000e+00, personal_gate_context_proj=0.000000e+00, personal_gate_state_direct=1.759011e-04, personal_gate_id_direct=0.000000e+00, personal_gate_context_direct=1.629901e-06, personal_gate_out=0.000000e+00, personal_generator_emb=0.000000e+00, personal_generator_context_proj=0.000000e+00, personal_generator_context_hidden=0.000000e+00, personal_generator_context_to_u=0.000000e+00, personal_generator_context_to_v=0.000000e+00, personal_generator_state_row=0.000000e+00, personal_generator_state_col=0.000000e+00, personal_generator_id_row=0.000000e+00, personal_generator_id_col=0.000000e+00, personal_generator_state_adapter=0.000000e+00, personal_generator_id_adapter=0.000000e+00, personal_generator_context_adapter=0.000000e+00, personal_generator_direct_scale=2.493384e-09
2026-04-19 03:05:07,707 - INFO - [assist_09|assist_09_abce_best_no_A|lr=0.0003|drop=0.20] -> No improvement 2 epoch(s) (best AUC=0.7553 @ 18)
2026-04-19 03:05:07,741 - INFO - [assist_09|assist_09_abce_best_no_A|lr=0.0003|drop=0.20] Checkpoint saved: checkpoints/abce_diag/remote_rerun_20260419_6ddddcc/assist_09/seed42/best_no_A/checkpoint_epoch_20.pth
2026-04-19 03:05:07,996 - INFO - [assist_09|assist_09_abce_best_no_A|lr=0.0003|drop=0.20] [Module Activity] Epoch 20: Personal[WEAK]
2026-04-19 03:05:38,649 - INFO - [junyi|junyi_abce_best_full|lr=0.003|drop=0.40] Epoch [004/100] | Train: Loss=0.5299, BCE=0.5154, Reg=0.0145, AUC=0.7923, ACC=0.7479, RMSE=0.4139 | Val: Loss=0.5245, BCE=0.5100, Reg=0.0145, AUC=0.7989, ACC=0.7574, RMSE=0.4101
2026-04-19 03:05:38,650 - INFO - [junyi|junyi_abce_best_full|lr=0.003|drop=0.40] [Reg Terms] Epoch [004] | Train: graph_entropy=0.000000, graph_diag=0.006009, graph_uniform=0.006753, graph_reg_scale=1.0000, prediction_l2=0.000000, personal_sparse=0.000963, alpha_var=0.000000, alpha_collapse=0.000006, reg_bce_ratio=0.0282 | Val: graph_entropy=0.000000, graph_diag=0.006000, graph_uniform=0.006753, graph_reg_scale=1.0000, prediction_l2=0.000000, personal_sparse=0.000940, alpha_var=0.000000, alpha_collapse=0.000016, reg_bce_ratio=0.0285
2026-04-19 03:05:38,846 - INFO - [junyi|junyi_abce_best_full|lr=0.003|drop=0.40] [Diag][AE] Epoch [004] | irt_abs_mean=1.7888, irt_std=0.9880, personal_warmup_scale=0.80, graph_row_entropy=3.2177, graph_entropy_ratio=0.4915, alpha_mean=0.1297, alpha_std=0.0378, alpha_base_mean=0.1300, alpha_delta_absmean=0.0291, alpha_saturation_ratio=0.0000, alpha_bias_std=NA, alpha_state_path=0.6133, alpha_id_path=0.0000, alpha_bias_path=0.0000, head_bias_path=0.2109, personal_row_entropy=2.3359, personal_matrix_delta=0.0465, personal_matrix_student_std=0.0511, personal_delta_pre_softmax_norm=2.6630, personal_delta_student_std=2.5964, alpha_head_std=0.0369, query_row_global_readout_delta=0.0207, query_row_personal_message_delta=0.0004, query_row_posterior_delta_abs=0.0465, query_row_posterior_kl=0.0354, query_row_delta_local_rms_raw=0.0051, query_row_message_projection_gain=0.1095, personal_to_graph_query_ratio=0.0186, query_row_global_support_mass=0.8074, query_row_personal_support_mass=0.8074, neighbor_row_personal_delta=0.0000, personal_row_budget_mean=1.3000, personal_query_row_std=0.1430, readout_query_support_mass=0.8074, personal_student_mix=0.0499, personal_student_adapter=0.0400, local_row_ratio=0.0693, support_density=1.0000, readout_query_delta=0.0206, personal_bad_rows_active=0.00, personal_fallback_rows_active=0.00, personal_bad_row_rate_active=0.0000, personal_padded_rows=0.00, personal_logits_support_absmax=6.7016, personal_query_trust_scale_mean=1.0000, personal_bad_rows_legacy=0.00, personal_fallback_rows_legacy=0.00, personal_logits_absmax_legacy=6.7016
2026-04-19 03:05:38,846 - INFO - [junyi|junyi_abce_best_full|lr=0.003|drop=0.40] [Diag][A] Epoch [004] | entropy_ratio=0.4915, diag_mass=0.0500, to_uniform_l2=0.007448, to_identity_l2=0.036726, relation_identity_delta=0.036726, knowledge_state_graph_delta=0.220026, knowledge_state_personal_delta=0.000000, share_concept_embeddings=True, tau_mean=0.6931, tau_std=0.0000, graph_reg_scale(train/val)=1.0000/1.0000
2026-04-19 03:05:38,847 - INFO - [junyi|junyi_abce_best_full|lr=0.003|drop=0.40] [Grad Norms] Epoch [004] | relation_emb=3.053124e-01, relation_tau=9.670099e-12, relation_wq=1.850794e-08, relation_wk=1.633022e-08, personal_u=3.625329e-03, personal_v=1.831036e-03, personal_alpha_bias=0.000000e+00, personal_gate_emb=1.512006e-11, personal_gate_state_proj=3.534736e-15, personal_gate_context_proj=7.168151e-12, personal_gate_state_direct=1.897001e-08, personal_gate_id_direct=1.162354e-11, personal_gate_context_direct=3.589939e-05, personal_gate_out=1.756405e-08, personal_generator_emb=6.108693e-19, personal_generator_context_proj=1.678295e-16, personal_generator_context_hidden=4.832667e-14, personal_generator_context_to_u=5.969718e-11, personal_generator_context_to_v=3.513111e-11, personal_generator_state_row=5.275945e-11, personal_generator_state_col=3.104833e-11, personal_generator_id_row=1.318986e-11, personal_generator_id_col=7.762081e-12, personal_generator_state_adapter=1.130408e-15, personal_generator_id_adapter=5.911326e-17, personal_generator_context_adapter=6.264864e-16, personal_generator_direct_scale=1.152421e-05
2026-04-19 03:05:39,580 - INFO - [junyi|junyi_abce_best_full|lr=0.003|drop=0.40] -> New best AUC=0.7989 at epoch 4
2026-04-19 03:06:45,378 - INFO - [assist_09|assist_09_abce_best_no_A|lr=0.0003|drop=0.20] Epoch [021/100] | Train: Loss=0.4649, BCE=0.4628, Reg=0.0021, AUC=0.8357, ACC=0.7658, RMSE=0.3920 | Val: Loss=0.5600, BCE=0.5578, Reg=0.0021, AUC=0.7542, ACC=0.7245, RMSE=0.4304
2026-04-19 03:06:45,378 - INFO - [assist_09|assist_09_abce_best_no_A|lr=0.0003|drop=0.20] [Reg Terms] Epoch [021] | Train: graph_entropy=0.000000, graph_diag=0.000000, graph_uniform=0.000000, graph_reg_scale=1.0000, prediction_l2=0.000001, personal_sparse=0.000006, alpha_var=0.000000, alpha_collapse=0.000000, reg_bce_ratio=0.0045 | Val: graph_entropy=0.000000, graph_diag=0.000000, graph_uniform=0.000000, graph_reg_scale=1.0000, prediction_l2=0.000001, personal_sparse=0.000006, alpha_var=0.000000, alpha_collapse=0.000039, reg_bce_ratio=0.0038
2026-04-19 03:06:45,554 - INFO - [assist_09|assist_09_abce_best_no_A|lr=0.0003|drop=0.20] [Diag][AE] Epoch [021] | irt_abs_mean=1.8542, irt_std=1.2661, personal_warmup_scale=1.00, graph_row_entropy=0.0000, graph_entropy_ratio=0.0000, alpha_mean=0.0930, alpha_std=0.0581, alpha_base_mean=0.0885, alpha_delta_absmean=0.0398, alpha_saturation_ratio=0.0000, alpha_bias_std=NA, alpha_state_path=0.9363, alpha_id_path=0.0000, alpha_bias_path=0.0000, head_bias_path=0.7892, personal_row_entropy=0.0348, personal_matrix_delta=0.0850, personal_matrix_student_std=0.1604, personal_delta_pre_softmax_norm=1.7737, personal_delta_student_std=0.6606, alpha_head_std=0.0573, query_row_global_readout_delta=0.0000, query_row_personal_message_delta=0.0016, query_row_posterior_delta_abs=0.0850, query_row_posterior_kl=0.0565, query_row_delta_local_rms_raw=0.0312, query_row_message_projection_gain=0.3671, personal_to_graph_query_ratio=0.0000, query_row_global_support_mass=0.0000, query_row_personal_support_mass=0.0000, neighbor_row_personal_delta=0.0000, personal_row_budget_mean=1.0000, personal_query_row_std=0.9634, readout_query_support_mass=0.0000, personal_student_mix=0.0502, personal_student_adapter=0.0400, local_row_ratio=0.0098, support_density=0.1840, readout_query_delta=0.0016, personal_bad_rows_active=0.00, personal_fallback_rows_active=0.00, personal_bad_row_rate_active=0.0000, personal_padded_rows=460.00, personal_logits_support_absmax=4.1371, personal_query_trust_scale_mean=0.9145, personal_bad_rows_legacy=460.00, personal_fallback_rows_legacy=460.00, personal_logits_absmax_legacy=30.0000
2026-04-19 03:06:45,554 - INFO - [assist_09|assist_09_abce_best_no_A|lr=0.0003|drop=0.20] [Diag][A] Epoch [021] | entropy_ratio=0.0000, diag_mass=1.0000, to_uniform_l2=0.089800, to_identity_l2=0.000000, relation_identity_delta=0.000000, knowledge_state_graph_delta=0.000000, knowledge_state_personal_delta=0.000000, share_concept_embeddings=True, tau_mean=0.0000, tau_std=0.0000, graph_reg_scale(train/val)=1.0000/1.0000
2026-04-19 03:06:45,554 - INFO - [assist_09|assist_09_abce_best_no_A|lr=0.0003|drop=0.20] [Grad Norms] Epoch [021] | relation_emb=0.000000e+00, relation_tau=0.000000e+00, relation_wq=0.000000e+00, relation_wk=0.000000e+00, personal_u=0.000000e+00, personal_v=0.000000e+00, personal_alpha_bias=0.000000e+00, personal_gate_emb=0.000000e+00, personal_gate_state_proj=0.000000e+00, personal_gate_context_proj=0.000000e+00, personal_gate_state_direct=6.537836e-05, personal_gate_id_direct=0.000000e+00, personal_gate_context_direct=1.462594e-07, personal_gate_out=0.000000e+00, personal_generator_emb=0.000000e+00, personal_generator_context_proj=0.000000e+00, personal_generator_context_hidden=0.000000e+00, personal_generator_context_to_u=0.000000e+00, personal_generator_context_to_v=0.000000e+00, personal_generator_state_row=0.000000e+00, personal_generator_state_col=0.000000e+00, personal_generator_id_row=0.000000e+00, personal_generator_id_col=0.000000e+00, personal_generator_state_adapter=0.000000e+00, personal_generator_id_adapter=0.000000e+00, personal_generator_context_adapter=0.000000e+00, personal_generator_direct_scale=0.000000e+00
2026-04-19 03:06:45,554 - INFO - [assist_09|assist_09_abce_best_no_A|lr=0.0003|drop=0.20] -> No improvement 3 epoch(s) (best AUC=0.7553 @ 18)
2026-04-19 03:06:45,554 - INFO - [assist_09|assist_09_abce_best_no_A|lr=0.0003|drop=0.20] Early stopping at epoch 21 (best AUC=0.7553 @ 18)
2026-04-19 03:06:45,560 - INFO - Epoch-wise metrics saved to checkpoints/abce_diag/remote_rerun_20260419_6ddddcc/assist_09/seed42/best_no_A/metrics_history.csv
2026-04-19 03:06:45,561 - INFO - [assist_09|assist_09_abce_best_no_A|lr=0.0003|drop=0.20] Training completed! Best Val AUC=0.7553 @ epoch 18
2026-04-19 03:06:45,828 - INFO - 
============================================================
         MODULE ACTIVITY REPORT
============================================================
Dataset: assist_09 | Seed: 42 | Epoch: 21

1. Concept Graph Module (A):
   - Status: DISABLED (use_concept_graph=False or no_A)

2. Personal Graph Module (E):
   - Alpha mean: 0.093
   - Alpha std: 0.058
   - Alpha bias std: 0.000
   - Personal/global delta: 0.0716
   - Inter-student matrix std: 0.1502
   - Query personal message delta: 0.0015
   - Query posterior KL: 0.0480
   - Query message projection gain: 0.5001
   - Query personal std: 0.8910
   - Personal/global query ratio: 0.0000
   - Status: WEAK (posterior is moving, but message-space correction is still too small)
   -> Consider: widen message basis or improve message projection leverage before enlarging posterior amplitude

------------------------------------------------------------
SUMMARY:
   Inactive modules: Personal Graph (E)
============================================================
2026-04-19 03:06:45,829 - INFO - [assist_09|assist_09_abce_best_no_A|lr=0.0003|drop=0.20] Module activity saved to checkpoints/abce_diag/remote_rerun_20260419_6ddddcc/assist_09/seed42/best_no_A/module_activity.json
2026-04-19 03:06:45,875 - INFO - Using device: cuda:0 (physical gpu 2)
2026-04-19 03:06:45,876 - INFO - Loading model from checkpoints/abce_diag/remote_rerun_20260419_6ddddcc/assist_09/seed42/best_no_A/best_model.pth...
2026-04-19 03:06:45,966 - INFO - [Inference Filter] before=52549, after=51090, dropped=1459, coverage=97.22% (train-only seen student/item support)
2026-04-19 03:06:45,980 - INFO - Inference switches: ablate_module1=False | enable_module1=True | use_concept_graph=False | effective(num_gnn_layers=2)
2026-04-19 03:06:45,995 - INFO - [Inference] Ablation runtime check: args(ablate_module1=False) | expect(use_concept_graph=False,use_personal_graph=True) | model(enable_module1=True,use_concept_graph=False,use_personal_graph=True) | physical(has_knowledge_encoder=True,has_relation_learning=False,has_adaptive_gate=True,has_personal_generator=True)
2026-04-19 03:06:45,995 - INFO - [Inference] [Graph Init] graph_tau_mean=0.0000, graph_tau_std=0.0000, graph_dropout=0.000, use_personal_graph=True
2026-04-19 03:06:45,996 - INFO - Model loaded from epoch 18. Start testing...
[GPU] Status: [GPU 2: 23433MiB free]
2026-04-19 03:06:52,217 - INFO - [Test] 200/400 batches done, samples=25600
2026-04-19 03:06:55,506 - INFO - [junyi|junyi_abce_best_no_A|lr=0.003|drop=0.40] Epoch [001/100] | Train: Loss=0.5263, BCE=0.5257, Reg=0.0006, AUC=0.7816, ACC=0.7391, RMSE=0.4191 | Val: Loss=0.5117, BCE=0.5111, Reg=0.0005, AUC=0.7919, ACC=0.7553, RMSE=0.4108
2026-04-19 03:06:55,506 - INFO - [junyi|junyi_abce_best_no_A|lr=0.003|drop=0.40] [Reg Terms] Epoch [001] | Train: graph_entropy=0.000000, graph_diag=0.000000, graph_uniform=0.000000, graph_reg_scale=1.0000, prediction_l2=0.000000, personal_sparse=0.000000, alpha_var=0.000000, alpha_collapse=0.000626, reg_bce_ratio=0.0012 | Val: graph_entropy=0.000000, graph_diag=0.000000, graph_uniform=0.000000, graph_reg_scale=1.0000, prediction_l2=0.000000, personal_sparse=0.000000, alpha_var=0.000000, alpha_collapse=0.000530, reg_bce_ratio=0.0010
2026-04-19 03:06:55,664 - INFO - [junyi|junyi_abce_best_no_A|lr=0.003|drop=0.40] [Diag][AE] Epoch [001] | irt_abs_mean=1.5245, irt_std=0.9516, personal_warmup_scale=0.20, graph_row_entropy=0.0000, graph_entropy_ratio=0.0000, alpha_mean=0.1245, alpha_std=0.0170, alpha_base_mean=0.1245, alpha_delta_absmean=0.0050, alpha_saturation_ratio=0.0000, alpha_bias_std=NA, alpha_state_path=0.0997, alpha_id_path=0.0000, alpha_bias_path=0.0000, head_bias_path=0.2478, personal_row_entropy=0.0000, personal_matrix_delta=0.0000, personal_matrix_student_std=0.0000, personal_delta_pre_softmax_norm=0.0000, personal_delta_student_std=0.0000, alpha_head_std=0.0170, query_row_global_readout_delta=0.0000, query_row_personal_message_delta=0.0000, query_row_posterior_delta_abs=0.0000, query_row_posterior_kl=0.0000, query_row_delta_local_rms_raw=0.0000, query_row_message_projection_gain=0.0000, personal_to_graph_query_ratio=0.0000, query_row_global_support_mass=0.0000, query_row_personal_support_mass=0.0000, neighbor_row_personal_delta=0.0000, personal_row_budget_mean=1.3000, personal_query_row_std=0.0000, readout_query_support_mass=0.0000, personal_student_mix=0.0500, personal_student_adapter=0.0400, local_row_ratio=0.0014, support_density=1.0000, readout_query_delta=0.0000, personal_bad_rows_active=0.00, personal_fallback_rows_active=0.00, personal_bad_row_rate_active=0.0000, personal_padded_rows=0.00, personal_logits_support_absmax=0.0000, personal_query_trust_scale_mean=1.0000, personal_bad_rows_legacy=0.00, personal_fallback_rows_legacy=0.00, personal_logits_absmax_legacy=0.0000
2026-04-19 03:06:55,664 - INFO - [junyi|junyi_abce_best_no_A|lr=0.003|drop=0.40] [Diag][A] Epoch [001] | entropy_ratio=0.0000, diag_mass=1.0000, to_uniform_l2=0.037851, to_identity_l2=0.000000, relation_identity_delta=0.000000, knowledge_state_graph_delta=0.000000, knowledge_state_personal_delta=0.000000, share_concept_embeddings=True, tau_mean=0.0000, tau_std=0.0000, graph_reg_scale(train/val)=1.0000/1.0000
2026-04-19 03:06:55,664 - WARNING - [junyi|junyi_abce_best_no_A|lr=0.003|drop=0.40] [Diag Warning][E] personal_delta_student_std is near zero: personal_delta_student_std=0.000000, personal_delta_pre_softmax_norm=0.000000
2026-04-19 03:06:55,664 - WARNING - [junyi|junyi_abce_best_no_A|lr=0.003|drop=0.40] [Diag Warning][E] E-flat-at-query: personal_message=0.000000, posterior_delta=0.000000, posterior_kl=0.000000
2026-04-19 03:06:55,664 - INFO - [junyi|junyi_abce_best_no_A|lr=0.003|drop=0.40] [Grad Norms] Epoch [001] | relation_emb=0.000000e+00, relation_tau=0.000000e+00, relation_wq=0.000000e+00, relation_wk=0.000000e+00, personal_u=0.000000e+00, personal_v=0.000000e+00, personal_alpha_bias=0.000000e+00, personal_gate_emb=6.176407e-15, personal_gate_state_proj=1.177065e-15, personal_gate_context_proj=4.533962e-15, personal_gate_state_direct=7.212571e-08, personal_gate_id_direct=2.322726e-13, personal_gate_context_direct=2.778226e-07, personal_gate_out=4.293381e-08, personal_generator_emb=0.000000e+00, personal_generator_context_proj=0.000000e+00, personal_generator_context_hidden=0.000000e+00, personal_generator_context_to_u=0.000000e+00, personal_generator_context_to_v=0.000000e+00, personal_generator_state_row=0.000000e+00, personal_generator_state_col=0.000000e+00, personal_generator_id_row=0.000000e+00, personal_generator_id_col=0.000000e+00, personal_generator_state_adapter=0.000000e+00, personal_generator_id_adapter=0.000000e+00, personal_generator_context_adapter=0.000000e+00, personal_generator_direct_scale=0.000000e+00
2026-04-19 03:06:55,820 - INFO - [junyi|junyi_abce_best_no_A|lr=0.003|drop=0.40] -> New best AUC=0.7919 at epoch 1
2026-04-19 03:06:57,980 - INFO - [Test] 400/400 batches done, samples=51090
2026-04-19 03:06:58,042 - INFO - 
==================================================
2026-04-19 03:06:58,043 - INFO - Test Results:
2026-04-19 03:06:58,043 - INFO - AUC: 0.7571
2026-04-19 03:06:58,043 - INFO - ACC: 0.7309
2026-04-19 03:06:58,043 - INFO - RMSE: 0.4287
2026-04-19 03:06:58,043 - INFO - ==================================================
2026-04-19 03:06:58,056 - INFO - Summary appended to /home/zsh/ConceptSkillCDM/results/experiment_results.csv
2026-04-19 03:06:58,060 - INFO - Run completed.
2026-04-19 03:06:58,060 - INFO - Best validation AUC: 0.7553 at epoch 18
2026-04-19 03:06:58,061 - INFO - Test metrics - AUC: 0.7571, ACC: 0.7309, RMSE: 0.4287
2026-04-19 03:07:08,090 - INFO - Arguments:
2026-04-19 03:07:08,091 - INFO -   ablate_concept_graph: False
2026-04-19 03:07:08,091 - INFO -   ablate_module1: False
2026-04-19 03:07:08,091 - INFO -   allow_self_loop: True
2026-04-19 03:07:08,091 - INFO -   alpha_min_target: 0.0
2026-04-19 03:07:08,091 - INFO -   batch_size: 256
2026-04-19 03:07:08,091 - INFO -   data_dir: ./data/junyi
2026-04-19 03:07:08,091 - INFO -   dataset_name: junyi
2026-04-19 03:07:08,091 - INFO -   debug_graph_diag: True
2026-04-19 03:07:08,091 - INFO -   diag_batches: 1
2026-04-19 03:07:08,091 - INFO -   disable_self_loop: False
2026-04-19 03:07:08,091 - INFO -   dropout: 0.4
2026-04-19 03:07:08,091 - INFO -   early_stop_patience: 3
2026-04-19 03:07:08,091 - INFO -   enable_module1: True
2026-04-19 03:07:08,091 - INFO -   epochs: 100
2026-04-19 03:07:08,091 - INFO -   generate_diagnosis: False
2026-04-19 03:07:08,091 - INFO -   gnn_residual_weight: 0.5
2026-04-19 03:07:08,091 - INFO -   gpu_candidates: None
2026-04-19 03:07:08,091 - INFO -   gpu_ids: None
2026-04-19 03:07:08,091 - INFO -   gpu_memory_threshold: 2000
2026-04-19 03:07:08,091 - INFO -   gpus: None
2026-04-19 03:07:08,091 - INFO -   graph_dropout: 0.0
2026-04-19 03:07:08,091 - INFO -   graph_entropy_max: 0.7
2026-04-19 03:07:08,091 - INFO -   graph_entropy_min: 0.15
2026-04-19 03:07:08,091 - INFO -   graph_identity_residual: 0.05
2026-04-19 03:07:08,091 - INFO -   graph_propagation_alpha: 0.25
2026-04-19 03:07:08,091 - INFO -   graph_query_readout_2hop_scale: 0.12
2026-04-19 03:07:08,092 - INFO -   graph_query_readout_scale: 0.45
2026-04-19 03:07:08,092 - INFO -   graph_query_writeback_2hop_scale: 0.12
2026-04-19 03:07:08,092 - INFO -   graph_query_writeback_scale: 0.45
2026-04-19 03:07:08,092 - INFO -   graph_readout_1hop_scale: 0.45
2026-04-19 03:07:08,092 - INFO -   graph_readout_2hop_scale: 0.12
2026-04-19 03:07:08,092 - INFO -   graph_reg_cap_ratio: 6.0
2026-04-19 03:07:08,092 - INFO -   graph_reg_warmup_epochs: 2
2026-04-19 03:07:08,092 - INFO -   graph_tau_init: 0.55
2026-04-19 03:07:08,092 - INFO -   graph_topk: 24
2026-04-19 03:07:08,092 - INFO -   graph_uniform_margin: 0.12
2026-04-19 03:07:08,092 - INFO -   knowledge_dim: 128
2026-04-19 03:07:08,092 - INFO -   lambda_alpha: 0.0
2026-04-19 03:07:08,092 - INFO -   lambda_alpha_min: 0.0
2026-04-19 03:07:08,092 - INFO -   lambda_graph_diag: 0.12
2026-04-19 03:07:08,092 - INFO -   lambda_graph_uniform: 0.06
2026-04-19 03:07:08,092 - INFO -   lambda_personal_kl: 0.03
2026-04-19 03:07:08,092 - INFO -   lambda_personal_query_residual: 0.08
2026-04-19 03:07:08,092 - INFO -   lambda_sparse: 0.6
2026-04-19 03:07:08,092 - INFO -   lambda_sparse_personal: 0.0
2026-04-19 03:07:08,092 - INFO -   learning_rate: 0.003
2026-04-19 03:07:08,092 - INFO -   log_dir: logs/abce_diag/remote_rerun_20260419_6ddddcc/junyi/seed42/best_no_E
2026-04-19 03:07:08,092 - INFO -   max_test_batches: None
2026-04-19 03:07:08,092 - INFO -   max_train_batches: None
2026-04-19 03:07:08,092 - INFO -   max_val_batches: None
2026-04-19 03:07:08,092 - INFO -   min_exer_interactions: 0
2026-04-19 03:07:08,092 - INFO -   min_poison_count: 0
2026-04-19 03:07:08,092 - INFO -   min_stu_interactions: 15
2026-04-19 03:07:08,092 - INFO -   model_variant: junyi_abce_best_no_E
2026-04-19 03:07:08,092 - INFO -   multi_gpu: False
2026-04-19 03:07:08,092 - INFO -   no_cuda: False
2026-04-19 03:07:08,092 - INFO -   num_gnn_layers: 2
2026-04-19 03:07:08,092 - INFO -   num_gpus: 1
2026-04-19 03:07:08,093 - INFO -   num_relation_heads: 2
2026-04-19 03:07:08,093 - INFO -   num_workers: 4
2026-04-19 03:07:08,093 - INFO -   patience: 1
2026-04-19 03:07:08,093 - INFO -   personal_alpha_base_init: 0.04
2026-04-19 03:07:08,093 - INFO -   personal_alpha_bias_scale: 0.0
2026-04-19 03:07:08,093 - INFO -   personal_alpha_budget: 0.09
2026-04-19 03:07:08,093 - INFO -   personal_alpha_temperature: 1.8
2026-04-19 03:07:08,093 - INFO -   personal_delta_scale: 4.0
2026-04-19 03:07:08,093 - INFO -   personal_disable_student_global_context: True
2026-04-19 03:07:08,093 - INFO -   personal_id_lr_mult: 0.25
2026-04-19 03:07:08,093 - INFO -   personal_include_neighbor_rows: False
2026-04-19 03:07:08,093 - INFO -   personal_local_hops: 1
2026-04-19 03:07:08,093 - INFO -   personal_max_alpha: 0.26
2026-04-19 03:07:08,093 - INFO -   personal_neighbor_row_budget: 0.2
2026-04-19 03:07:08,093 - INFO -   personal_query_correction_max_ratio: 0.2
2026-04-19 03:07:08,093 - INFO -   personal_query_correction_min_graph_anchor: 0.01
2026-04-19 03:07:08,093 - INFO -   personal_query_correction_scale: 0.6
2026-04-19 03:07:08,093 - INFO -   personal_query_message_gain: 1.0
2026-04-19 03:07:08,093 - INFO -   personal_query_residual_margin: 0.05
2026-04-19 03:07:08,093 - INFO -   personal_query_row_budget: 1.3
2026-04-19 03:07:08,093 - INFO -   personal_query_support_hops: 1
2026-04-19 03:07:08,093 - INFO -   personal_rank: 8
2026-04-19 03:07:08,093 - INFO -   personal_reg_warmup_epochs: 5
2026-04-19 03:07:08,093 - INFO -   personal_state_lr_mult: 1.5
2026-04-19 03:07:08,093 - INFO -   personal_student_dim: 64
2026-04-19 03:07:08,093 - INFO -   personal_support_only: True
2026-04-19 03:07:08,093 - INFO -   personal_warmup_epochs: 5
2026-04-19 03:07:08,093 - INFO -   prediction_l2_lambda: 1e-05
2026-04-19 03:07:08,093 - INFO -   save_dir: checkpoints/abce_diag/remote_rerun_20260419_6ddddcc/junyi/seed42/best_no_E
2026-04-19 03:07:08,093 - INFO -   save_interval: 10
2026-04-19 03:07:08,093 - INFO -   seed: 42
2026-04-19 03:07:08,093 - INFO -   share_concept_embeddings: True
2026-04-19 03:07:08,094 - INFO -   use_concept_graph: True
2026-04-19 03:07:08,094 - INFO -   use_exercise_graph: True
2026-04-19 03:07:08,094 - INFO -   use_personal_graph: False
2026-04-19 03:07:08,094 - INFO -   weight_decay: 0.001
2026-04-19 03:07:08,179 - INFO - Using device: cuda:0 (physical gpu 2)
2026-04-19 03:07:08,179 - INFO - [junyi|junyi_abce_best_no_E|lr=0.003|drop=0.40] Loading datasets...
2026-04-19 03:07:08,180 - INFO - [junyi|junyi_abce_best_no_E|lr=0.003|drop=0.40] Regularization: graph_entropy(lambda_sparse)=0.600000, graph_diag=0.120000, graph_uniform=0.060000, personal_sparse=0.000000, personal_kl=0.030000, personal_query_residual=0.080000, alpha_penalty=0.000000, alpha_min=0.000000, prediction_l2=0.000010
2026-04-19 03:07:08,180 - INFO - [junyi|junyi_abce_best_no_E|lr=0.003|drop=0.40] Graph controls: entropy_band=[0.15, 0.70], uniform_margin=0.12, warmup_epochs=2, cap_ratio=6.00, graph_dropout=0.000, graph_tau_init=0.550
2026-04-19 03:07:08,180 - INFO - [junyi|junyi_abce_best_no_E|lr=0.003|drop=0.40] Personal controls: personal_max_alpha=0.260, personal_delta_scale=4.000, personal_warmup_epochs=5, personal_student_dim=64, alpha_min_target=0.0000, personal_local_hops=1, include_neighbor_rows=False, personal_support_only=True, personal_alpha_temperature=1.800, personal_alpha_budget=0.090, personal_query_row_budget=1.300, personal_neighbor_row_budget=0.200, personal_query_support_hops=1, personal_query_message_gain=1.000, personal_query_correction_scale=0.600, personal_state_lr_mult=1.500, personal_id_lr_mult=0.250, graph_propagation_alpha=0.250, graph_query_readout_scale=0.450, graph_query_readout_2hop_scale=0.120
2026-04-19 03:07:08,284 - INFO - [junyi] [数据清洗] 学生交互次数 < 15 次的学生：共移除 2188 个学生（仅统计用户数）
2026-04-19 03:07:08,300 - INFO - [junyi] [数据清洗] 学生冷启动过滤：在 train/valid/test 中共删除 35779 条记录。
2026-04-19 03:07:08,300 - INFO - [junyi] [数据清洗] 跳过题目冷门过滤（min_exer_interactions <= 0）。
2026-04-19 03:07:08,300 - INFO - [junyi] [数据清洗] 跳过毒题清洗（min_poison_count <= 0）。
2026-04-19 03:07:08,300 - INFO - [junyi] 正在构建ID映射...
2026-04-19 03:07:08,501 - INFO - [junyi] 正在构建Q矩阵...
2026-04-19 03:07:14,946 - INFO - [junyi] [数据清洗] Valid train-seen 过滤：before=22111, after=22111, dropped=0, coverage=100.00%
2026-04-19 03:07:14,951 - INFO - [junyi] [数据清洗] Test train-seen 过滤：before=60499, after=60494, dropped=5, coverage=99.99%
2026-04-19 03:07:14,952 - INFO - [junyi] [统计] 开始统计清洗后每道题的概念数量分布...
2026-04-19 03:07:14,954 - INFO - [junyi] [Train] 概念数统计：题目数=697, 平均概念数=1.0000, min=1, max=1, 1概念=697 (100.00%), ≥2概念=0 (0.00%)
2026-04-19 03:07:14,954 - INFO - [junyi] [Train] 概念数直方图（概念数: 题目数量）: {1: 697}
2026-04-19 03:07:14,955 - INFO - [junyi] [Valid] 概念数统计：题目数=614, 平均概念数=1.0000, min=1, max=1, 1概念=614 (100.00%), ≥2概念=0 (0.00%)
2026-04-19 03:07:14,955 - INFO - [junyi] [Valid] 概念数直方图（概念数: 题目数量）: {1: 614}
2026-04-19 03:07:14,956 - INFO - [junyi] [Test] 概念数统计：题目数=663, 平均概念数=1.0000, min=1, max=1, 1概念=663 (100.00%), ≥2概念=0 (0.00%)
2026-04-19 03:07:14,956 - INFO - [junyi] [Test] 概念数直方图（概念数: 题目数量）: {1: 663}
2026-04-19 03:07:14,956 - INFO - [junyi] [统计] 概念数量统计完成。
2026-04-19 03:07:14,956 - INFO - [junyi] 正在加载数据集...
2026-04-19 03:07:15,041 - INFO - [junyi|junyi_abce_best_no_E|lr=0.003|drop=0.40] Train samples: 235446, Val samples: 22111
2026-04-19 03:07:15,041 - INFO - [junyi|junyi_abce_best_no_E|lr=0.003|drop=0.40] Number of students: 7812
2026-04-19 03:07:15,041 - INFO - [junyi|junyi_abce_best_no_E|lr=0.003|drop=0.40] Number of exercises: 697
2026-04-19 03:07:15,041 - INFO - [junyi|junyi_abce_best_no_E|lr=0.003|drop=0.40] Number of concepts: 697
2026-04-19 03:07:15,041 - INFO - [junyi|junyi_abce_best_no_E|lr=0.003|drop=0.40] Creating model...
2026-04-19 03:07:15,042 - INFO - [junyi|junyi_abce_best_no_E|lr=0.003|drop=0.40] Ablation switches: ablate_module1=False | enable_module1=True | use_concept_graph=True | effective(num_gnn_layers=2)
2026-04-19 03:07:15,178 - INFO - [junyi|junyi_abce_best_no_E|lr=0.003|drop=0.40] Ablation runtime check: args(ablate_module1=False) | expect(use_concept_graph=True,use_personal_graph=False) | model(enable_module1=True,use_concept_graph=True,use_personal_graph=False) | physical(has_knowledge_encoder=True,has_relation_learning=True,has_adaptive_gate=False,has_personal_generator=False)
2026-04-19 03:07:15,178 - INFO - [junyi|junyi_abce_best_no_E|lr=0.003|drop=0.40] Debug diagnostics enabled: diag_batches=1
2026-04-19 03:07:15,199 - INFO - [junyi|junyi_abce_best_no_E|lr=0.003|drop=0.40] [Graph Init] graph_tau_mean=1.0055, graph_tau_std=0.0000, graph_dropout=0.000, use_personal_graph=False
2026-04-19 03:07:15,200 - INFO - [junyi|junyi_abce_best_no_E|lr=0.003|drop=0.40] Total parameters: 1,267,264
2026-04-19 03:07:15,200 - INFO - [junyi|junyi_abce_best_no_E|lr=0.003|drop=0.40] Trainable parameters: 1,267,264
2026-04-19 03:07:16,040 - INFO - [junyi|junyi_abce_best_no_E|lr=0.003|drop=0.40] Optimizer param groups: backbone@lr=0.003
2026-04-19 03:07:16,040 - INFO - [junyi|junyi_abce_best_no_E|lr=0.003|drop=0.40] Monitor config: scheduler=val_auc(max), best_checkpoint=val_auc(max), early_stop=val_auc(max)
2026-04-19 03:07:16,040 - INFO - [junyi|junyi_abce_best_no_E|lr=0.003|drop=0.40] Starting training...
[GPU] Status: [GPU 2: 24088MiB free]
2026-04-19 03:08:18,753 - INFO - [junyi|junyi_abce_best_no_E|lr=0.003|drop=0.40] Epoch [001/100] | Train: Loss=0.5268, BCE=0.5193, Reg=0.0075, AUC=0.7885, ACC=0.7448, RMSE=0.4158 | Val: Loss=0.5102, BCE=0.5038, Reg=0.0064, AUC=0.8026, ACC=0.7603, RMSE=0.4079
2026-04-19 03:08:18,753 - INFO - [junyi|junyi_abce_best_no_E|lr=0.003|drop=0.40] [Reg Terms] Epoch [001] | Train: graph_entropy=0.000000, graph_diag=0.004108, graph_uniform=0.003371, graph_reg_scale=1.0000, prediction_l2=0.000000, personal_sparse=0.000000, alpha_var=0.000000, alpha_collapse=0.000000, reg_bce_ratio=0.0144 | Val: graph_entropy=0.000000, graph_diag=0.003000, graph_uniform=0.003377, graph_reg_scale=1.0000, prediction_l2=0.000000, personal_sparse=0.000000, alpha_var=0.000000, alpha_collapse=0.000000, reg_bce_ratio=0.0127
2026-04-19 03:08:18,937 - INFO - [junyi|junyi_abce_best_no_E|lr=0.003|drop=0.40] [Diag][AE] Epoch [001] | irt_abs_mean=1.7270, irt_std=1.0079, personal_warmup_scale=1.00, graph_row_entropy=3.2177, graph_entropy_ratio=0.4915, alpha_mean=0.0000, alpha_std=0.0000, alpha_base_mean=0.0000, alpha_delta_absmean=0.0000, alpha_saturation_ratio=0.0000, alpha_bias_std=NA, alpha_state_path=0.0000, alpha_id_path=0.0000, alpha_bias_path=0.0000, head_bias_path=0.0000, personal_row_entropy=0.0000, personal_matrix_delta=0.0000, personal_matrix_student_std=0.0000, personal_delta_pre_softmax_norm=0.0000, personal_delta_student_std=0.0000, alpha_head_std=0.0000, query_row_global_readout_delta=0.0166, query_row_personal_message_delta=0.0000, query_row_posterior_delta_abs=0.0000, query_row_posterior_kl=0.0000, query_row_delta_local_rms_raw=0.0000, query_row_message_projection_gain=0.0000, personal_to_graph_query_ratio=0.0000, query_row_global_support_mass=2.4924, query_row_personal_support_mass=0.0000, neighbor_row_personal_delta=0.0000, personal_row_budget_mean=0.0000, personal_query_row_std=0.0000, readout_query_support_mass=2.4924, personal_student_mix=0.0000, personal_student_adapter=0.0000, local_row_ratio=0.0000, support_density=0.0000, readout_query_delta=0.0166, personal_bad_rows_active=0.00, personal_fallback_rows_active=0.00, personal_bad_row_rate_active=0.0000, personal_padded_rows=0.00, personal_logits_support_absmax=0.0000, personal_query_trust_scale_mean=1.0000, personal_bad_rows_legacy=0.00, personal_fallback_rows_legacy=0.00, personal_logits_absmax_legacy=0.0000
2026-04-19 03:08:18,938 - INFO - [junyi|junyi_abce_best_no_E|lr=0.003|drop=0.40] [Diag][A] Epoch [001] | entropy_ratio=0.4915, diag_mass=0.0500, to_uniform_l2=0.007448, to_identity_l2=0.036726, relation_identity_delta=0.036726, knowledge_state_graph_delta=0.317116, knowledge_state_personal_delta=0.000000, share_concept_embeddings=True, tau_mean=0.6931, tau_std=0.0000, graph_reg_scale(train/val)=1.0000/1.0000
2026-04-19 03:08:18,938 - INFO - [junyi|junyi_abce_best_no_E|lr=0.003|drop=0.40] [Grad Norms] Epoch [001] | relation_emb=2.104426e-01, relation_tau=0.000000e+00, relation_wq=3.481556e-22, relation_wk=0.000000e+00, personal_u=0.000000e+00, personal_v=0.000000e+00, personal_alpha_bias=0.000000e+00, personal_gate_emb=0.000000e+00, personal_gate_state_proj=0.000000e+00, personal_gate_context_proj=0.000000e+00, personal_gate_state_direct=0.000000e+00, personal_gate_id_direct=0.000000e+00, personal_gate_context_direct=0.000000e+00, personal_gate_out=0.000000e+00, personal_generator_emb=0.000000e+00, personal_generator_context_proj=0.000000e+00, personal_generator_context_hidden=0.000000e+00, personal_generator_context_to_u=0.000000e+00, personal_generator_context_to_v=0.000000e+00, personal_generator_state_row=0.000000e+00, personal_generator_state_col=0.000000e+00, personal_generator_id_row=0.000000e+00, personal_generator_id_col=0.000000e+00, personal_generator_state_adapter=0.000000e+00, personal_generator_id_adapter=0.000000e+00, personal_generator_context_adapter=0.000000e+00, personal_generator_direct_scale=0.000000e+00
2026-04-19 03:08:19,220 - INFO - [junyi|junyi_abce_best_no_E|lr=0.003|drop=0.40] -> New best AUC=0.8026 at epoch 1
2026-04-19 03:08:52,815 - INFO - [junyi|junyi_abce_best_full|lr=0.003|drop=0.40] Epoch [005/100] | Train: Loss=0.5298, BCE=0.5148, Reg=0.0150, AUC=0.7928, ACC=0.7477, RMSE=0.4137 | Val: Loss=0.5184, BCE=0.5035, Reg=0.0149, AUC=0.8001, ACC=0.7601, RMSE=0.4072
2026-04-19 03:08:52,815 - INFO - [junyi|junyi_abce_best_full|lr=0.003|drop=0.40] [Reg Terms] Epoch [005] | Train: graph_entropy=0.000000, graph_diag=0.006010, graph_uniform=0.006753, graph_reg_scale=1.0000, prediction_l2=0.000000, personal_sparse=0.001199, alpha_var=0.000000, alpha_collapse=0.000005, reg_bce_ratio=0.0290 | Val: graph_entropy=0.000000, graph_diag=0.006000, graph_uniform=0.006753, graph_reg_scale=1.0000, prediction_l2=0.000000, personal_sparse=0.001192, alpha_var=0.000000, alpha_collapse=0.000017, reg_bce_ratio=0.0297
2026-04-19 03:08:53,068 - INFO - [junyi|junyi_abce_best_full|lr=0.003|drop=0.40] [Diag][AE] Epoch [005] | irt_abs_mean=1.5529, irt_std=0.9413, personal_warmup_scale=1.00, graph_row_entropy=3.2177, graph_entropy_ratio=0.4915, alpha_mean=0.1305, alpha_std=0.0398, alpha_base_mean=0.1302, alpha_delta_absmean=0.0274, alpha_saturation_ratio=0.0000, alpha_bias_std=NA, alpha_state_path=0.5775, alpha_id_path=0.0000, alpha_bias_path=0.0000, head_bias_path=0.1631, personal_row_entropy=2.3821, personal_matrix_delta=0.0442, personal_matrix_student_std=0.0470, personal_delta_pre_softmax_norm=2.7012, personal_delta_student_std=2.6028, alpha_head_std=0.0379, query_row_global_readout_delta=0.0248, query_row_personal_message_delta=0.0003, query_row_posterior_delta_abs=0.0442, query_row_posterior_kl=0.0328, query_row_delta_local_rms_raw=0.0041, query_row_message_projection_gain=0.0923, personal_to_graph_query_ratio=0.0127, query_row_global_support_mass=1.1470, query_row_personal_support_mass=1.1470, neighbor_row_personal_delta=0.0000, personal_row_budget_mean=1.3000, personal_query_row_std=0.2455, readout_query_support_mass=1.1470, personal_student_mix=0.0500, personal_student_adapter=0.0400, local_row_ratio=0.0684, support_density=1.0000, readout_query_delta=0.0246, personal_bad_rows_active=0.00, personal_fallback_rows_active=0.00, personal_bad_row_rate_active=0.0000, personal_padded_rows=0.00, personal_logits_support_absmax=6.8073, personal_query_trust_scale_mean=1.0000, personal_bad_rows_legacy=0.00, personal_fallback_rows_legacy=0.00, personal_logits_absmax_legacy=6.8073
2026-04-19 03:08:53,068 - INFO - [junyi|junyi_abce_best_full|lr=0.003|drop=0.40] [Diag][A] Epoch [005] | entropy_ratio=0.4915, diag_mass=0.0500, to_uniform_l2=0.007448, to_identity_l2=0.036726, relation_identity_delta=0.036726, knowledge_state_graph_delta=0.214127, knowledge_state_personal_delta=0.000000, share_concept_embeddings=True, tau_mean=0.6932, tau_std=0.0000, graph_reg_scale(train/val)=1.0000/1.0000
2026-04-19 03:08:53,068 - INFO - [junyi|junyi_abce_best_full|lr=0.003|drop=0.40] [Grad Norms] Epoch [005] | relation_emb=3.889921e-01, relation_tau=7.466605e-12, relation_wq=1.582198e-08, relation_wk=1.399789e-08, personal_u=1.760758e-03, personal_v=9.097308e-04, personal_alpha_bias=0.000000e+00, personal_gate_emb=4.314468e-11, personal_gate_state_proj=9.848419e-15, personal_gate_context_proj=1.163730e-11, personal_gate_state_direct=1.539700e-07, personal_gate_id_direct=3.302371e-11, personal_gate_context_direct=1.830007e-04, personal_gate_out=5.261614e-08, personal_generator_emb=4.646618e-15, personal_generator_context_proj=1.880727e-17, personal_generator_context_hidden=2.368358e-15, personal_generator_context_to_u=3.137274e-12, personal_generator_context_to_v=1.750231e-12, personal_generator_state_row=3.801099e-12, personal_generator_state_col=2.140870e-12, personal_generator_id_row=9.594743e-13, personal_generator_id_col=5.351162e-13, personal_generator_state_adapter=2.353329e-16, personal_generator_id_adapter=3.003762e-18, personal_generator_context_adapter=2.450569e-16, personal_generator_direct_scale=6.007085e-07
2026-04-19 03:08:53,794 - INFO - [junyi|junyi_abce_best_full|lr=0.003|drop=0.40] -> New best AUC=0.8001 at epoch 5
2026-04-19 03:09:21,726 - INFO - [junyi|junyi_abce_best_no_E|lr=0.003|drop=0.40] Epoch [002/100] | Train: Loss=0.5220, BCE=0.5092, Reg=0.0128, AUC=0.7982, ACC=0.7525, RMSE=0.4108 | Val: Loss=0.5156, BCE=0.5028, Reg=0.0128, AUC=0.8055, ACC=0.7655, RMSE=0.4061
2026-04-19 03:09:21,726 - INFO - [junyi|junyi_abce_best_no_E|lr=0.003|drop=0.40] [Reg Terms] Epoch [002] | Train: graph_entropy=0.000000, graph_diag=0.006000, graph_uniform=0.006753, graph_reg_scale=1.0000, prediction_l2=0.000000, personal_sparse=0.000000, alpha_var=0.000000, alpha_collapse=0.000000, reg_bce_ratio=0.0250 | Val: graph_entropy=0.000000, graph_diag=0.006000, graph_uniform=0.006753, graph_reg_scale=1.0000, prediction_l2=0.000000, personal_sparse=0.000000, alpha_var=0.000000, alpha_collapse=0.000000, reg_bce_ratio=0.0254
2026-04-19 03:09:21,895 - INFO - [junyi|junyi_abce_best_no_E|lr=0.003|drop=0.40] [Diag][AE] Epoch [002] | irt_abs_mean=1.8102, irt_std=1.0793, personal_warmup_scale=1.00, graph_row_entropy=3.2177, graph_entropy_ratio=0.4915, alpha_mean=0.0000, alpha_std=0.0000, alpha_base_mean=0.0000, alpha_delta_absmean=0.0000, alpha_saturation_ratio=0.0000, alpha_bias_std=NA, alpha_state_path=0.0000, alpha_id_path=0.0000, alpha_bias_path=0.0000, head_bias_path=0.0000, personal_row_entropy=0.0000, personal_matrix_delta=0.0000, personal_matrix_student_std=0.0000, personal_delta_pre_softmax_norm=0.0000, personal_delta_student_std=0.0000, alpha_head_std=0.0000, query_row_global_readout_delta=0.0201, query_row_personal_message_delta=0.0000, query_row_posterior_delta_abs=0.0000, query_row_posterior_kl=0.0000, query_row_delta_local_rms_raw=0.0000, query_row_message_projection_gain=0.0000, personal_to_graph_query_ratio=0.0000, query_row_global_support_mass=1.3098, query_row_personal_support_mass=0.0000, neighbor_row_personal_delta=0.0000, personal_row_budget_mean=0.0000, personal_query_row_std=0.0000, readout_query_support_mass=1.3098, personal_student_mix=0.0000, personal_student_adapter=0.0000, local_row_ratio=0.0000, support_density=0.0000, readout_query_delta=0.0201, personal_bad_rows_active=0.00, personal_fallback_rows_active=0.00, personal_bad_row_rate_active=0.0000, personal_padded_rows=0.00, personal_logits_support_absmax=0.0000, personal_query_trust_scale_mean=1.0000, personal_bad_rows_legacy=0.00, personal_fallback_rows_legacy=0.00, personal_logits_absmax_legacy=0.0000
2026-04-19 03:09:21,896 - INFO - [junyi|junyi_abce_best_no_E|lr=0.003|drop=0.40] [Diag][A] Epoch [002] | entropy_ratio=0.4915, diag_mass=0.0500, to_uniform_l2=0.007448, to_identity_l2=0.036726, relation_identity_delta=0.036726, knowledge_state_graph_delta=0.280237, knowledge_state_personal_delta=0.000000, share_concept_embeddings=True, tau_mean=0.6931, tau_std=0.0000, graph_reg_scale(train/val)=1.0000/1.0000
2026-04-19 03:09:21,896 - INFO - [junyi|junyi_abce_best_no_E|lr=0.003|drop=0.40] [Grad Norms] Epoch [002] | relation_emb=2.650723e-01, relation_tau=4.091954e-13, relation_wq=4.362114e-10, relation_wk=4.949540e-10, personal_u=0.000000e+00, personal_v=0.000000e+00, personal_alpha_bias=0.000000e+00, personal_gate_emb=0.000000e+00, personal_gate_state_proj=0.000000e+00, personal_gate_context_proj=0.000000e+00, personal_gate_state_direct=0.000000e+00, personal_gate_id_direct=0.000000e+00, personal_gate_context_direct=0.000000e+00, personal_gate_out=0.000000e+00, personal_generator_emb=0.000000e+00, personal_generator_context_proj=0.000000e+00, personal_generator_context_hidden=0.000000e+00, personal_generator_context_to_u=0.000000e+00, personal_generator_context_to_v=0.000000e+00, personal_generator_state_row=0.000000e+00, personal_generator_state_col=0.000000e+00, personal_generator_id_row=0.000000e+00, personal_generator_id_col=0.000000e+00, personal_generator_state_adapter=0.000000e+00, personal_generator_id_adapter=0.000000e+00, personal_generator_context_adapter=0.000000e+00, personal_generator_direct_scale=0.000000e+00
2026-04-19 03:09:22,079 - INFO - [junyi|junyi_abce_best_no_E|lr=0.003|drop=0.40] -> New best AUC=0.8055 at epoch 2
2026-04-19 03:10:05,260 - INFO - [junyi|junyi_abce_best_no_A|lr=0.003|drop=0.40] Epoch [002/100] | Train: Loss=0.5211, BCE=0.5205, Reg=0.0006, AUC=0.7871, ACC=0.7441, RMSE=0.4164 | Val: Loss=0.5132, BCE=0.5126, Reg=0.0006, AUC=0.7932, ACC=0.7527, RMSE=0.4121
2026-04-19 03:10:05,261 - INFO - [junyi|junyi_abce_best_no_A|lr=0.003|drop=0.40] [Reg Terms] Epoch [002] | Train: graph_entropy=0.000000, graph_diag=0.000000, graph_uniform=0.000000, graph_reg_scale=1.0000, prediction_l2=0.000000, personal_sparse=0.000000, alpha_var=0.000000, alpha_collapse=0.000628, reg_bce_ratio=0.0012 | Val: graph_entropy=0.000000, graph_diag=0.000000, graph_uniform=0.000000, graph_reg_scale=1.0000, prediction_l2=0.000000, personal_sparse=0.000000, alpha_var=0.000000, alpha_collapse=0.000606, reg_bce_ratio=0.0012
2026-04-19 03:10:05,446 - INFO - [junyi|junyi_abce_best_no_A|lr=0.003|drop=0.40] [Diag][AE] Epoch [002] | irt_abs_mean=1.4523, irt_std=0.9581, personal_warmup_scale=0.40, graph_row_entropy=0.0000, graph_entropy_ratio=0.0000, alpha_mean=0.1300, alpha_std=0.0399, alpha_base_mean=0.1300, alpha_delta_absmean=0.0191, alpha_saturation_ratio=0.0000, alpha_bias_std=NA, alpha_state_path=0.3891, alpha_id_path=0.0000, alpha_bias_path=0.0000, head_bias_path=0.5065, personal_row_entropy=0.0000, personal_matrix_delta=0.0000, personal_matrix_student_std=0.0000, personal_delta_pre_softmax_norm=0.0000, personal_delta_student_std=0.0000, alpha_head_std=0.0399, query_row_global_readout_delta=0.0000, query_row_personal_message_delta=0.0000, query_row_posterior_delta_abs=0.0000, query_row_posterior_kl=0.0000, query_row_delta_local_rms_raw=0.0000, query_row_message_projection_gain=0.0000, personal_to_graph_query_ratio=0.0000, query_row_global_support_mass=0.0000, query_row_personal_support_mass=0.0000, neighbor_row_personal_delta=0.0000, personal_row_budget_mean=1.3000, personal_query_row_std=0.0000, readout_query_support_mass=0.0000, personal_student_mix=0.0500, personal_student_adapter=0.0400, local_row_ratio=0.0014, support_density=1.0000, readout_query_delta=0.0000, personal_bad_rows_active=0.00, personal_fallback_rows_active=0.00, personal_bad_row_rate_active=0.0000, personal_padded_rows=0.00, personal_logits_support_absmax=0.0000, personal_query_trust_scale_mean=1.0000, personal_bad_rows_legacy=0.00, personal_fallback_rows_legacy=0.00, personal_logits_absmax_legacy=0.0000
2026-04-19 03:10:05,446 - INFO - [junyi|junyi_abce_best_no_A|lr=0.003|drop=0.40] [Diag][A] Epoch [002] | entropy_ratio=0.0000, diag_mass=1.0000, to_uniform_l2=0.037851, to_identity_l2=0.000000, relation_identity_delta=0.000000, knowledge_state_graph_delta=0.000000, knowledge_state_personal_delta=0.000000, share_concept_embeddings=True, tau_mean=0.0000, tau_std=0.0000, graph_reg_scale(train/val)=1.0000/1.0000
2026-04-19 03:10:05,446 - WARNING - [junyi|junyi_abce_best_no_A|lr=0.003|drop=0.40] [Diag Warning][E] personal_delta_student_std is near zero: personal_delta_student_std=0.000000, personal_delta_pre_softmax_norm=0.000000
2026-04-19 03:10:05,446 - WARNING - [junyi|junyi_abce_best_no_A|lr=0.003|drop=0.40] [Diag Warning][E] E-flat-at-query: personal_message=0.000000, posterior_delta=0.000000, posterior_kl=0.000000
2026-04-19 03:10:05,446 - INFO - [junyi|junyi_abce_best_no_A|lr=0.003|drop=0.40] [Grad Norms] Epoch [002] | relation_emb=0.000000e+00, relation_tau=0.000000e+00, relation_wq=0.000000e+00, relation_wk=0.000000e+00, personal_u=0.000000e+00, personal_v=0.000000e+00, personal_alpha_bias=0.000000e+00, personal_gate_emb=3.790624e-12, personal_gate_state_proj=7.673726e-14, personal_gate_context_proj=6.206040e-11, personal_gate_state_direct=1.992000e-07, personal_gate_id_direct=5.771145e-12, personal_gate_context_direct=1.611011e-04, personal_gate_out=1.727636e-07, personal_generator_emb=0.000000e+00, personal_generator_context_proj=0.000000e+00, personal_generator_context_hidden=0.000000e+00, personal_generator_context_to_u=0.000000e+00, personal_generator_context_to_v=0.000000e+00, personal_generator_state_row=0.000000e+00, personal_generator_state_col=0.000000e+00, personal_generator_id_row=0.000000e+00, personal_generator_id_col=0.000000e+00, personal_generator_state_adapter=0.000000e+00, personal_generator_id_adapter=0.000000e+00, personal_generator_context_adapter=0.000000e+00, personal_generator_direct_scale=0.000000e+00
2026-04-19 03:10:06,284 - INFO - [junyi|junyi_abce_best_no_A|lr=0.003|drop=0.40] -> New best AUC=0.7932 at epoch 2
2026-04-19 03:10:24,819 - INFO - [junyi|junyi_abce_best_no_E|lr=0.003|drop=0.40] Epoch [003/100] | Train: Loss=0.5186, BCE=0.5059, Reg=0.0128, AUC=0.8015, ACC=0.7547, RMSE=0.4092 | Val: Loss=0.5132, BCE=0.5004, Reg=0.0128, AUC=0.8060, ACC=0.7646, RMSE=0.4057
2026-04-19 03:10:24,820 - INFO - [junyi|junyi_abce_best_no_E|lr=0.003|drop=0.40] [Reg Terms] Epoch [003] | Train: graph_entropy=0.000000, graph_diag=0.006000, graph_uniform=0.006753, graph_reg_scale=1.0000, prediction_l2=0.000000, personal_sparse=0.000000, alpha_var=0.000000, alpha_collapse=0.000000, reg_bce_ratio=0.0252 | Val: graph_entropy=0.000000, graph_diag=0.006000, graph_uniform=0.006753, graph_reg_scale=1.0000, prediction_l2=0.000000, personal_sparse=0.000000, alpha_var=0.000000, alpha_collapse=0.000000, reg_bce_ratio=0.0255
2026-04-19 03:10:24,994 - INFO - [junyi|junyi_abce_best_no_E|lr=0.003|drop=0.40] [Diag][AE] Epoch [003] | irt_abs_mean=1.7876, irt_std=1.0632, personal_warmup_scale=1.00, graph_row_entropy=3.2177, graph_entropy_ratio=0.4915, alpha_mean=0.0000, alpha_std=0.0000, alpha_base_mean=0.0000, alpha_delta_absmean=0.0000, alpha_saturation_ratio=0.0000, alpha_bias_std=NA, alpha_state_path=0.0000, alpha_id_path=0.0000, alpha_bias_path=0.0000, head_bias_path=0.0000, personal_row_entropy=0.0000, personal_matrix_delta=0.0000, personal_matrix_student_std=0.0000, personal_delta_pre_softmax_norm=0.0000, personal_delta_student_std=0.0000, alpha_head_std=0.0000, query_row_global_readout_delta=0.0256, query_row_personal_message_delta=0.0000, query_row_posterior_delta_abs=0.0000, query_row_posterior_kl=0.0000, query_row_delta_local_rms_raw=0.0000, query_row_message_projection_gain=0.0000, personal_to_graph_query_ratio=0.0000, query_row_global_support_mass=0.8281, query_row_personal_support_mass=0.0000, neighbor_row_personal_delta=0.0000, personal_row_budget_mean=0.0000, personal_query_row_std=0.0000, readout_query_support_mass=0.8281, personal_student_mix=0.0000, personal_student_adapter=0.0000, local_row_ratio=0.0000, support_density=0.0000, readout_query_delta=0.0256, personal_bad_rows_active=0.00, personal_fallback_rows_active=0.00, personal_bad_row_rate_active=0.0000, personal_padded_rows=0.00, personal_logits_support_absmax=0.0000, personal_query_trust_scale_mean=1.0000, personal_bad_rows_legacy=0.00, personal_fallback_rows_legacy=0.00, personal_logits_absmax_legacy=0.0000
2026-04-19 03:10:24,994 - INFO - [junyi|junyi_abce_best_no_E|lr=0.003|drop=0.40] [Diag][A] Epoch [003] | entropy_ratio=0.4915, diag_mass=0.0500, to_uniform_l2=0.007448, to_identity_l2=0.036726, relation_identity_delta=0.036726, knowledge_state_graph_delta=0.256346, knowledge_state_personal_delta=0.000000, share_concept_embeddings=True, tau_mean=0.6931, tau_std=0.0000, graph_reg_scale(train/val)=1.0000/1.0000
2026-04-19 03:10:24,995 - INFO - [junyi|junyi_abce_best_no_E|lr=0.003|drop=0.40] [Grad Norms] Epoch [003] | relation_emb=2.266844e-01, relation_tau=1.317954e-12, relation_wq=1.676504e-09, relation_wk=1.485705e-09, personal_u=0.000000e+00, personal_v=0.000000e+00, personal_alpha_bias=0.000000e+00, personal_gate_emb=0.000000e+00, personal_gate_state_proj=0.000000e+00, personal_gate_context_proj=0.000000e+00, personal_gate_state_direct=0.000000e+00, personal_gate_id_direct=0.000000e+00, personal_gate_context_direct=0.000000e+00, personal_gate_out=0.000000e+00, personal_generator_emb=0.000000e+00, personal_generator_context_proj=0.000000e+00, personal_generator_context_hidden=0.000000e+00, personal_generator_context_to_u=0.000000e+00, personal_generator_context_to_v=0.000000e+00, personal_generator_state_row=0.000000e+00, personal_generator_state_col=0.000000e+00, personal_generator_id_row=0.000000e+00, personal_generator_id_col=0.000000e+00, personal_generator_state_adapter=0.000000e+00, personal_generator_id_adapter=0.000000e+00, personal_generator_context_adapter=0.000000e+00, personal_generator_direct_scale=0.000000e+00
2026-04-19 03:10:25,145 - INFO - [junyi|junyi_abce_best_no_E|lr=0.003|drop=0.40] -> New best AUC=0.8060 at epoch 3
2026-04-19 03:11:27,729 - INFO - [junyi|junyi_abce_best_no_E|lr=0.003|drop=0.40] Epoch [004/100] | Train: Loss=0.5158, BCE=0.5031, Reg=0.0128, AUC=0.8042, ACC=0.7562, RMSE=0.4078 | Val: Loss=0.5151, BCE=0.5023, Reg=0.0128, AUC=0.8059, ACC=0.7661, RMSE=0.4059
2026-04-19 03:11:27,729 - INFO - [junyi|junyi_abce_best_no_E|lr=0.003|drop=0.40] [Reg Terms] Epoch [004] | Train: graph_entropy=0.000000, graph_diag=0.006000, graph_uniform=0.006753, graph_reg_scale=1.0000, prediction_l2=0.000000, personal_sparse=0.000000, alpha_var=0.000000, alpha_collapse=0.000000, reg_bce_ratio=0.0254 | Val: graph_entropy=0.000000, graph_diag=0.006000, graph_uniform=0.006753, graph_reg_scale=1.0000, prediction_l2=0.000000, personal_sparse=0.000000, alpha_var=0.000000, alpha_collapse=0.000000, reg_bce_ratio=0.0254
2026-04-19 03:11:27,941 - INFO - [junyi|junyi_abce_best_no_E|lr=0.003|drop=0.40] [Diag][AE] Epoch [004] | irt_abs_mean=1.7843, irt_std=1.0619, personal_warmup_scale=1.00, graph_row_entropy=3.2177, graph_entropy_ratio=0.4915, alpha_mean=0.0000, alpha_std=0.0000, alpha_base_mean=0.0000, alpha_delta_absmean=0.0000, alpha_saturation_ratio=0.0000, alpha_bias_std=NA, alpha_state_path=0.0000, alpha_id_path=0.0000, alpha_bias_path=0.0000, head_bias_path=0.0000, personal_row_entropy=0.0000, personal_matrix_delta=0.0000, personal_matrix_student_std=0.0000, personal_delta_pre_softmax_norm=0.0000, personal_delta_student_std=0.0000, alpha_head_std=0.0000, query_row_global_readout_delta=0.0267, query_row_personal_message_delta=0.0000, query_row_posterior_delta_abs=0.0000, query_row_posterior_kl=0.0000, query_row_delta_local_rms_raw=0.0000, query_row_message_projection_gain=0.0000, personal_to_graph_query_ratio=0.0000, query_row_global_support_mass=1.0497, query_row_personal_support_mass=0.0000, neighbor_row_personal_delta=0.0000, personal_row_budget_mean=0.0000, personal_query_row_std=0.0000, readout_query_support_mass=1.0497, personal_student_mix=0.0000, personal_student_adapter=0.0000, local_row_ratio=0.0000, support_density=0.0000, readout_query_delta=0.0267, personal_bad_rows_active=0.00, personal_fallback_rows_active=0.00, personal_bad_row_rate_active=0.0000, personal_padded_rows=0.00, personal_logits_support_absmax=0.0000, personal_query_trust_scale_mean=1.0000, personal_bad_rows_legacy=0.00, personal_fallback_rows_legacy=0.00, personal_logits_absmax_legacy=0.0000
2026-04-19 03:11:27,941 - INFO - [junyi|junyi_abce_best_no_E|lr=0.003|drop=0.40] [Diag][A] Epoch [004] | entropy_ratio=0.4915, diag_mass=0.0500, to_uniform_l2=0.007448, to_identity_l2=0.036726, relation_identity_delta=0.036726, knowledge_state_graph_delta=0.256738, knowledge_state_personal_delta=0.000000, share_concept_embeddings=True, tau_mean=0.6931, tau_std=0.0000, graph_reg_scale(train/val)=1.0000/1.0000
2026-04-19 03:11:27,941 - INFO - [junyi|junyi_abce_best_no_E|lr=0.003|drop=0.40] [Grad Norms] Epoch [004] | relation_emb=2.356747e-01, relation_tau=7.689735e-13, relation_wq=2.359812e-09, relation_wk=2.747280e-09, personal_u=0.000000e+00, personal_v=0.000000e+00, personal_alpha_bias=0.000000e+00, personal_gate_emb=0.000000e+00, personal_gate_state_proj=0.000000e+00, personal_gate_context_proj=0.000000e+00, personal_gate_state_direct=0.000000e+00, personal_gate_id_direct=0.000000e+00, personal_gate_context_direct=0.000000e+00, personal_gate_out=0.000000e+00, personal_generator_emb=0.000000e+00, personal_generator_context_proj=0.000000e+00, personal_generator_context_hidden=0.000000e+00, personal_generator_context_to_u=0.000000e+00, personal_generator_context_to_v=0.000000e+00, personal_generator_state_row=0.000000e+00, personal_generator_state_col=0.000000e+00, personal_generator_id_row=0.000000e+00, personal_generator_id_col=0.000000e+00, personal_generator_state_adapter=0.000000e+00, personal_generator_id_adapter=0.000000e+00, personal_generator_context_adapter=0.000000e+00, personal_generator_direct_scale=0.000000e+00
2026-04-19 03:11:27,941 - INFO - [junyi|junyi_abce_best_no_E|lr=0.003|drop=0.40] -> No improvement 1 epoch(s) (best AUC=0.8060 @ 3)
2026-04-19 03:12:03,029 - INFO - [junyi|junyi_abce_best_full|lr=0.003|drop=0.40] Epoch [006/100] | Train: Loss=0.5297, BCE=0.5148, Reg=0.0149, AUC=0.7930, ACC=0.7472, RMSE=0.4136 | Val: Loss=0.5234, BCE=0.5085, Reg=0.0149, AUC=0.7997, ACC=0.7559, RMSE=0.4101
2026-04-19 03:12:03,029 - INFO - [junyi|junyi_abce_best_full|lr=0.003|drop=0.40] [Reg Terms] Epoch [006] | Train: graph_entropy=0.000000, graph_diag=0.006010, graph_uniform=0.006753, graph_reg_scale=1.0000, prediction_l2=0.000000, personal_sparse=0.001203, alpha_var=0.000000, alpha_collapse=0.000005, reg_bce_ratio=0.0290 | Val: graph_entropy=0.000000, graph_diag=0.006000, graph_uniform=0.006753, graph_reg_scale=1.0000, prediction_l2=0.000000, personal_sparse=0.001233, alpha_var=0.000000, alpha_collapse=0.000009, reg_bce_ratio=0.0293
2026-04-19 03:12:03,233 - INFO - [junyi|junyi_abce_best_full|lr=0.003|drop=0.40] [Diag][AE] Epoch [006] | irt_abs_mean=1.5302, irt_std=0.8962, personal_warmup_scale=1.00, graph_row_entropy=3.2177, graph_entropy_ratio=0.4915, alpha_mean=0.1300, alpha_std=0.0368, alpha_base_mean=0.1300, alpha_delta_absmean=0.0234, alpha_saturation_ratio=0.0000, alpha_bias_std=NA, alpha_state_path=0.4906, alpha_id_path=0.0000, alpha_bias_path=0.0000, head_bias_path=0.1735, personal_row_entropy=2.4647, personal_matrix_delta=0.0423, personal_matrix_student_std=0.0458, personal_delta_pre_softmax_norm=2.7081, personal_delta_student_std=2.6604, alpha_head_std=0.0346, query_row_global_readout_delta=0.0258, query_row_personal_message_delta=0.0001, query_row_posterior_delta_abs=0.0423, query_row_posterior_kl=0.0302, query_row_delta_local_rms_raw=0.0012, query_row_message_projection_gain=0.0290, personal_to_graph_query_ratio=0.0036, query_row_global_support_mass=0.6828, query_row_personal_support_mass=0.6828, neighbor_row_personal_delta=0.0000, personal_row_budget_mean=1.3000, personal_query_row_std=0.1018, readout_query_support_mass=0.6828, personal_student_mix=0.0499, personal_student_adapter=0.0400, local_row_ratio=0.0686, support_density=1.0000, readout_query_delta=0.0259, personal_bad_rows_active=0.00, personal_fallback_rows_active=0.00, personal_bad_row_rate_active=0.0000, personal_padded_rows=0.00, personal_logits_support_absmax=6.7979, personal_query_trust_scale_mean=1.0000, personal_bad_rows_legacy=0.00, personal_fallback_rows_legacy=0.00, personal_logits_absmax_legacy=6.7979
2026-04-19 03:12:03,233 - INFO - [junyi|junyi_abce_best_full|lr=0.003|drop=0.40] [Diag][A] Epoch [006] | entropy_ratio=0.4915, diag_mass=0.0500, to_uniform_l2=0.007448, to_identity_l2=0.036726, relation_identity_delta=0.036726, knowledge_state_graph_delta=0.220850, knowledge_state_personal_delta=0.000000, share_concept_embeddings=True, tau_mean=0.6931, tau_std=0.0000, graph_reg_scale(train/val)=1.0000/1.0000
2026-04-19 03:12:03,233 - INFO - [junyi|junyi_abce_best_full|lr=0.003|drop=0.40] [Grad Norms] Epoch [006] | relation_emb=3.589557e-01, relation_tau=2.524510e-11, relation_wq=2.115307e-08, relation_wk=1.824411e-08, personal_u=8.013901e-05, personal_v=1.084665e-03, personal_alpha_bias=0.000000e+00, personal_gate_emb=8.325038e-12, personal_gate_state_proj=6.957159e-16, personal_gate_context_proj=5.966305e-13, personal_gate_state_direct=8.320068e-09, personal_gate_id_direct=1.007267e-11, personal_gate_context_direct=1.054820e-05, personal_gate_out=1.111472e-09, personal_generator_emb=2.603658e-15, personal_generator_context_proj=2.441400e-17, personal_generator_context_hidden=1.261354e-14, personal_generator_context_to_u=3.033552e-13, personal_generator_context_to_v=1.111708e-11, personal_generator_state_row=3.589301e-13, personal_generator_state_col=1.315332e-11, personal_generator_id_row=8.971330e-14, personal_generator_id_col=3.287734e-12, personal_generator_state_adapter=8.048169e-16, personal_generator_id_adapter=1.466587e-17, personal_generator_context_adapter=4.109319e-17, personal_generator_direct_scale=6.564484e-07
2026-04-19 03:12:03,234 - INFO - [junyi|junyi_abce_best_full|lr=0.003|drop=0.40] -> No improvement 1 epoch(s) (best AUC=0.8001 @ 5)
2026-04-19 03:12:31,841 - INFO - [junyi|junyi_abce_best_no_E|lr=0.003|drop=0.40] Epoch [005/100] | Train: Loss=0.5142, BCE=0.5015, Reg=0.0128, AUC=0.8058, ACC=0.7567, RMSE=0.4071 | Val: Loss=0.5068, BCE=0.4940, Reg=0.0128, AUC=0.8096, ACC=0.7650, RMSE=0.4030
2026-04-19 03:12:31,841 - INFO - [junyi|junyi_abce_best_no_E|lr=0.003|drop=0.40] [Reg Terms] Epoch [005] | Train: graph_entropy=0.000000, graph_diag=0.006000, graph_uniform=0.006753, graph_reg_scale=1.0000, prediction_l2=0.000000, personal_sparse=0.000000, alpha_var=0.000000, alpha_collapse=0.000000, reg_bce_ratio=0.0254 | Val: graph_entropy=0.000000, graph_diag=0.006000, graph_uniform=0.006753, graph_reg_scale=1.0000, prediction_l2=0.000000, personal_sparse=0.000000, alpha_var=0.000000, alpha_collapse=0.000000, reg_bce_ratio=0.0258
2026-04-19 03:12:32,058 - INFO - [junyi|junyi_abce_best_no_E|lr=0.003|drop=0.40] [Diag][AE] Epoch [005] | irt_abs_mean=1.7584, irt_std=1.0249, personal_warmup_scale=1.00, graph_row_entropy=3.2177, graph_entropy_ratio=0.4915, alpha_mean=0.0000, alpha_std=0.0000, alpha_base_mean=0.0000, alpha_delta_absmean=0.0000, alpha_saturation_ratio=0.0000, alpha_bias_std=NA, alpha_state_path=0.0000, alpha_id_path=0.0000, alpha_bias_path=0.0000, head_bias_path=0.0000, personal_row_entropy=0.0000, personal_matrix_delta=0.0000, personal_matrix_student_std=0.0000, personal_delta_pre_softmax_norm=0.0000, personal_delta_student_std=0.0000, alpha_head_std=0.0000, query_row_global_readout_delta=0.0287, query_row_personal_message_delta=0.0000, query_row_posterior_delta_abs=0.0000, query_row_posterior_kl=0.0000, query_row_delta_local_rms_raw=0.0000, query_row_message_projection_gain=0.0000, personal_to_graph_query_ratio=0.0000, query_row_global_support_mass=1.0055, query_row_personal_support_mass=0.0000, neighbor_row_personal_delta=0.0000, personal_row_budget_mean=0.0000, personal_query_row_std=0.0000, readout_query_support_mass=1.0055, personal_student_mix=0.0000, personal_student_adapter=0.0000, local_row_ratio=0.0000, support_density=0.0000, readout_query_delta=0.0287, personal_bad_rows_active=0.00, personal_fallback_rows_active=0.00, personal_bad_row_rate_active=0.0000, personal_padded_rows=0.00, personal_logits_support_absmax=0.0000, personal_query_trust_scale_mean=1.0000, personal_bad_rows_legacy=0.00, personal_fallback_rows_legacy=0.00, personal_logits_absmax_legacy=0.0000
2026-04-19 03:12:32,058 - INFO - [junyi|junyi_abce_best_no_E|lr=0.003|drop=0.40] [Diag][A] Epoch [005] | entropy_ratio=0.4915, diag_mass=0.0500, to_uniform_l2=0.007448, to_identity_l2=0.036726, relation_identity_delta=0.036726, knowledge_state_graph_delta=0.246598, knowledge_state_personal_delta=0.000000, share_concept_embeddings=True, tau_mean=0.6931, tau_std=0.0000, graph_reg_scale(train/val)=1.0000/1.0000
2026-04-19 03:12:32,059 - INFO - [junyi|junyi_abce_best_no_E|lr=0.003|drop=0.40] [Grad Norms] Epoch [005] | relation_emb=2.351492e-01, relation_tau=2.153214e-12, relation_wq=5.847460e-09, relation_wk=5.919802e-09, personal_u=0.000000e+00, personal_v=0.000000e+00, personal_alpha_bias=0.000000e+00, personal_gate_emb=0.000000e+00, personal_gate_state_proj=0.000000e+00, personal_gate_context_proj=0.000000e+00, personal_gate_state_direct=0.000000e+00, personal_gate_id_direct=0.000000e+00, personal_gate_context_direct=0.000000e+00, personal_gate_out=0.000000e+00, personal_generator_emb=0.000000e+00, personal_generator_context_proj=0.000000e+00, personal_generator_context_hidden=0.000000e+00, personal_generator_context_to_u=0.000000e+00, personal_generator_context_to_v=0.000000e+00, personal_generator_state_row=0.000000e+00, personal_generator_state_col=0.000000e+00, personal_generator_id_row=0.000000e+00, personal_generator_id_col=0.000000e+00, personal_generator_state_adapter=0.000000e+00, personal_generator_id_adapter=0.000000e+00, personal_generator_context_adapter=0.000000e+00, personal_generator_direct_scale=0.000000e+00
2026-04-19 03:12:32,278 - INFO - [junyi|junyi_abce_best_no_E|lr=0.003|drop=0.40] -> New best AUC=0.8096 at epoch 5
2026-04-19 03:13:19,746 - INFO - [junyi|junyi_abce_best_no_A|lr=0.003|drop=0.40] Epoch [003/100] | Train: Loss=0.5201, BCE=0.5192, Reg=0.0009, AUC=0.7881, ACC=0.7451, RMSE=0.4158 | Val: Loss=0.5135, BCE=0.5126, Reg=0.0009, AUC=0.7925, ACC=0.7564, RMSE=0.4118
2026-04-19 03:13:19,747 - INFO - [junyi|junyi_abce_best_no_A|lr=0.003|drop=0.40] [Reg Terms] Epoch [003] | Train: graph_entropy=0.000000, graph_diag=0.000000, graph_uniform=0.000000, graph_reg_scale=1.0000, prediction_l2=0.000000, personal_sparse=0.000000, alpha_var=0.000000, alpha_collapse=0.000906, reg_bce_ratio=0.0017 | Val: graph_entropy=0.000000, graph_diag=0.000000, graph_uniform=0.000000, graph_reg_scale=1.0000, prediction_l2=0.000000, personal_sparse=0.000000, alpha_var=0.000000, alpha_collapse=0.000902, reg_bce_ratio=0.0018
2026-04-19 03:13:19,931 - INFO - [junyi|junyi_abce_best_no_A|lr=0.003|drop=0.40] [Diag][AE] Epoch [003] | irt_abs_mean=1.5901, irt_std=0.9383, personal_warmup_scale=0.60, graph_row_entropy=0.0000, graph_entropy_ratio=0.0000, alpha_mean=0.1300, alpha_std=0.0413, alpha_base_mean=0.1300, alpha_delta_absmean=0.0304, alpha_saturation_ratio=0.0000, alpha_bias_std=NA, alpha_state_path=0.6416, alpha_id_path=0.0000, alpha_bias_path=0.0000, head_bias_path=0.3527, personal_row_entropy=0.0000, personal_matrix_delta=0.0000, personal_matrix_student_std=0.0000, personal_delta_pre_softmax_norm=0.0000, personal_delta_student_std=0.0000, alpha_head_std=0.0410, query_row_global_readout_delta=0.0000, query_row_personal_message_delta=0.0000, query_row_posterior_delta_abs=0.0000, query_row_posterior_kl=0.0000, query_row_delta_local_rms_raw=0.0000, query_row_message_projection_gain=0.0000, personal_to_graph_query_ratio=0.0000, query_row_global_support_mass=0.0000, query_row_personal_support_mass=0.0000, neighbor_row_personal_delta=0.0000, personal_row_budget_mean=1.3000, personal_query_row_std=0.0000, readout_query_support_mass=0.0000, personal_student_mix=0.0500, personal_student_adapter=0.0400, local_row_ratio=0.0014, support_density=1.0000, readout_query_delta=0.0000, personal_bad_rows_active=0.00, personal_fallback_rows_active=0.00, personal_bad_row_rate_active=0.0000, personal_padded_rows=0.00, personal_logits_support_absmax=0.0000, personal_query_trust_scale_mean=1.0000, personal_bad_rows_legacy=0.00, personal_fallback_rows_legacy=0.00, personal_logits_absmax_legacy=0.0000
2026-04-19 03:13:19,931 - INFO - [junyi|junyi_abce_best_no_A|lr=0.003|drop=0.40] [Diag][A] Epoch [003] | entropy_ratio=0.0000, diag_mass=1.0000, to_uniform_l2=0.037851, to_identity_l2=0.000000, relation_identity_delta=0.000000, knowledge_state_graph_delta=0.000000, knowledge_state_personal_delta=0.000000, share_concept_embeddings=True, tau_mean=0.0000, tau_std=0.0000, graph_reg_scale(train/val)=1.0000/1.0000
2026-04-19 03:13:19,931 - WARNING - [junyi|junyi_abce_best_no_A|lr=0.003|drop=0.40] [Diag Warning][E] personal_delta_student_std is near zero: personal_delta_student_std=0.000000, personal_delta_pre_softmax_norm=0.000000
2026-04-19 03:13:19,931 - WARNING - [junyi|junyi_abce_best_no_A|lr=0.003|drop=0.40] [Diag Warning][E] E-flat-at-query: personal_message=0.000000, posterior_delta=0.000000, posterior_kl=0.000000
2026-04-19 03:13:19,931 - INFO - [junyi|junyi_abce_best_no_A|lr=0.003|drop=0.40] [Grad Norms] Epoch [003] | relation_emb=0.000000e+00, relation_tau=0.000000e+00, relation_wq=0.000000e+00, relation_wk=0.000000e+00, personal_u=0.000000e+00, personal_v=0.000000e+00, personal_alpha_bias=0.000000e+00, personal_gate_emb=3.235692e-11, personal_gate_state_proj=6.788503e-13, personal_gate_context_proj=5.167885e-10, personal_gate_state_direct=1.045144e-06, personal_gate_id_direct=2.330786e-11, personal_gate_context_direct=7.956337e-04, personal_gate_out=4.654482e-07, personal_generator_emb=0.000000e+00, personal_generator_context_proj=0.000000e+00, personal_generator_context_hidden=0.000000e+00, personal_generator_context_to_u=0.000000e+00, personal_generator_context_to_v=0.000000e+00, personal_generator_state_row=0.000000e+00, personal_generator_state_col=0.000000e+00, personal_generator_id_row=0.000000e+00, personal_generator_id_col=0.000000e+00, personal_generator_state_adapter=0.000000e+00, personal_generator_id_adapter=0.000000e+00, personal_generator_context_adapter=0.000000e+00, personal_generator_direct_scale=0.000000e+00
2026-04-19 03:13:19,932 - INFO - [junyi|junyi_abce_best_no_A|lr=0.003|drop=0.40] -> No improvement 1 epoch(s) (best AUC=0.7932 @ 2)
2026-04-19 03:13:36,108 - INFO - [junyi|junyi_abce_best_no_E|lr=0.003|drop=0.40] Epoch [006/100] | Train: Loss=0.5121, BCE=0.4994, Reg=0.0128, AUC=0.8078, ACC=0.7588, RMSE=0.4060 | Val: Loss=0.5091, BCE=0.4963, Reg=0.0128, AUC=0.8103, ACC=0.7669, RMSE=0.4033
2026-04-19 03:13:36,108 - INFO - [junyi|junyi_abce_best_no_E|lr=0.003|drop=0.40] [Reg Terms] Epoch [006] | Train: graph_entropy=0.000000, graph_diag=0.006008, graph_uniform=0.006753, graph_reg_scale=1.0000, prediction_l2=0.000000, personal_sparse=0.000000, alpha_var=0.000000, alpha_collapse=0.000000, reg_bce_ratio=0.0256 | Val: graph_entropy=0.000000, graph_diag=0.006000, graph_uniform=0.006753, graph_reg_scale=1.0000, prediction_l2=0.000000, personal_sparse=0.000000, alpha_var=0.000000, alpha_collapse=0.000000, reg_bce_ratio=0.0257
2026-04-19 03:13:36,324 - INFO - [junyi|junyi_abce_best_no_E|lr=0.003|drop=0.40] [Diag][AE] Epoch [006] | irt_abs_mean=1.8464, irt_std=1.1076, personal_warmup_scale=1.00, graph_row_entropy=3.2177, graph_entropy_ratio=0.4915, alpha_mean=0.0000, alpha_std=0.0000, alpha_base_mean=0.0000, alpha_delta_absmean=0.0000, alpha_saturation_ratio=0.0000, alpha_bias_std=NA, alpha_state_path=0.0000, alpha_id_path=0.0000, alpha_bias_path=0.0000, head_bias_path=0.0000, personal_row_entropy=0.0000, personal_matrix_delta=0.0000, personal_matrix_student_std=0.0000, personal_delta_pre_softmax_norm=0.0000, personal_delta_student_std=0.0000, alpha_head_std=0.0000, query_row_global_readout_delta=0.0269, query_row_personal_message_delta=0.0000, query_row_posterior_delta_abs=0.0000, query_row_posterior_kl=0.0000, query_row_delta_local_rms_raw=0.0000, query_row_message_projection_gain=0.0000, personal_to_graph_query_ratio=0.0000, query_row_global_support_mass=0.8506, query_row_personal_support_mass=0.0000, neighbor_row_personal_delta=0.0000, personal_row_budget_mean=0.0000, personal_query_row_std=0.0000, readout_query_support_mass=0.8506, personal_student_mix=0.0000, personal_student_adapter=0.0000, local_row_ratio=0.0000, support_density=0.0000, readout_query_delta=0.0269, personal_bad_rows_active=0.00, personal_fallback_rows_active=0.00, personal_bad_row_rate_active=0.0000, personal_padded_rows=0.00, personal_logits_support_absmax=0.0000, personal_query_trust_scale_mean=1.0000, personal_bad_rows_legacy=0.00, personal_fallback_rows_legacy=0.00, personal_logits_absmax_legacy=0.0000
2026-04-19 03:13:36,325 - INFO - [junyi|junyi_abce_best_no_E|lr=0.003|drop=0.40] [Diag][A] Epoch [006] | entropy_ratio=0.4915, diag_mass=0.0500, to_uniform_l2=0.007448, to_identity_l2=0.036726, relation_identity_delta=0.036726, knowledge_state_graph_delta=0.247054, knowledge_state_personal_delta=0.000000, share_concept_embeddings=True, tau_mean=0.6931, tau_std=0.0000, graph_reg_scale(train/val)=1.0000/1.0000
2026-04-19 03:13:36,325 - INFO - [junyi|junyi_abce_best_no_E|lr=0.003|drop=0.40] [Grad Norms] Epoch [006] | relation_emb=2.402207e-01, relation_tau=4.576825e-12, relation_wq=4.643131e-09, relation_wk=5.616564e-09, personal_u=0.000000e+00, personal_v=0.000000e+00, personal_alpha_bias=0.000000e+00, personal_gate_emb=0.000000e+00, personal_gate_state_proj=0.000000e+00, personal_gate_context_proj=0.000000e+00, personal_gate_state_direct=0.000000e+00, personal_gate_id_direct=0.000000e+00, personal_gate_context_direct=0.000000e+00, personal_gate_out=0.000000e+00, personal_generator_emb=0.000000e+00, personal_generator_context_proj=0.000000e+00, personal_generator_context_hidden=0.000000e+00, personal_generator_context_to_u=0.000000e+00, personal_generator_context_to_v=0.000000e+00, personal_generator_state_row=0.000000e+00, personal_generator_state_col=0.000000e+00, personal_generator_id_row=0.000000e+00, personal_generator_id_col=0.000000e+00, personal_generator_state_adapter=0.000000e+00, personal_generator_id_adapter=0.000000e+00, personal_generator_context_adapter=0.000000e+00, personal_generator_direct_scale=0.000000e+00
2026-04-19 03:13:36,496 - INFO - [junyi|junyi_abce_best_no_E|lr=0.003|drop=0.40] -> New best AUC=0.8103 at epoch 6
2026-04-19 03:14:39,294 - INFO - [junyi|junyi_abce_best_no_E|lr=0.003|drop=0.40] Epoch [007/100] | Train: Loss=0.5110, BCE=0.4982, Reg=0.0128, AUC=0.8088, ACC=0.7598, RMSE=0.4054 | Val: Loss=0.5043, BCE=0.4916, Reg=0.0128, AUC=0.8112, ACC=0.7688, RMSE=0.4018
2026-04-19 03:14:39,294 - INFO - [junyi|junyi_abce_best_no_E|lr=0.003|drop=0.40] [Reg Terms] Epoch [007] | Train: graph_entropy=0.000000, graph_diag=0.006010, graph_uniform=0.006753, graph_reg_scale=1.0000, prediction_l2=0.000000, personal_sparse=0.000000, alpha_var=0.000000, alpha_collapse=0.000000, reg_bce_ratio=0.0256 | Val: graph_entropy=0.000000, graph_diag=0.006000, graph_uniform=0.006753, graph_reg_scale=1.0000, prediction_l2=0.000000, personal_sparse=0.000000, alpha_var=0.000000, alpha_collapse=0.000000, reg_bce_ratio=0.0259
2026-04-19 03:14:39,495 - INFO - [junyi|junyi_abce_best_no_E|lr=0.003|drop=0.40] [Diag][AE] Epoch [007] | irt_abs_mean=1.6847, irt_std=1.0519, personal_warmup_scale=1.00, graph_row_entropy=3.2177, graph_entropy_ratio=0.4915, alpha_mean=0.0000, alpha_std=0.0000, alpha_base_mean=0.0000, alpha_delta_absmean=0.0000, alpha_saturation_ratio=0.0000, alpha_bias_std=NA, alpha_state_path=0.0000, alpha_id_path=0.0000, alpha_bias_path=0.0000, head_bias_path=0.0000, personal_row_entropy=0.0000, personal_matrix_delta=0.0000, personal_matrix_student_std=0.0000, personal_delta_pre_softmax_norm=0.0000, personal_delta_student_std=0.0000, alpha_head_std=0.0000, query_row_global_readout_delta=0.0294, query_row_personal_message_delta=0.0000, query_row_posterior_delta_abs=0.0000, query_row_posterior_kl=0.0000, query_row_delta_local_rms_raw=0.0000, query_row_message_projection_gain=0.0000, personal_to_graph_query_ratio=0.0000, query_row_global_support_mass=0.9491, query_row_personal_support_mass=0.0000, neighbor_row_personal_delta=0.0000, personal_row_budget_mean=0.0000, personal_query_row_std=0.0000, readout_query_support_mass=0.9491, personal_student_mix=0.0000, personal_student_adapter=0.0000, local_row_ratio=0.0000, support_density=0.0000, readout_query_delta=0.0294, personal_bad_rows_active=0.00, personal_fallback_rows_active=0.00, personal_bad_row_rate_active=0.0000, personal_padded_rows=0.00, personal_logits_support_absmax=0.0000, personal_query_trust_scale_mean=1.0000, personal_bad_rows_legacy=0.00, personal_fallback_rows_legacy=0.00, personal_logits_absmax_legacy=0.0000
2026-04-19 03:14:39,495 - INFO - [junyi|junyi_abce_best_no_E|lr=0.003|drop=0.40] [Diag][A] Epoch [007] | entropy_ratio=0.4915, diag_mass=0.0500, to_uniform_l2=0.007448, to_identity_l2=0.036726, relation_identity_delta=0.036726, knowledge_state_graph_delta=0.237935, knowledge_state_personal_delta=0.000000, share_concept_embeddings=True, tau_mean=0.6931, tau_std=0.0000, graph_reg_scale(train/val)=1.0000/1.0000
2026-04-19 03:14:39,495 - INFO - [junyi|junyi_abce_best_no_E|lr=0.003|drop=0.40] [Grad Norms] Epoch [007] | relation_emb=2.261361e-01, relation_tau=7.010292e-12, relation_wq=6.235386e-09, relation_wk=5.974166e-09, personal_u=0.000000e+00, personal_v=0.000000e+00, personal_alpha_bias=0.000000e+00, personal_gate_emb=0.000000e+00, personal_gate_state_proj=0.000000e+00, personal_gate_context_proj=0.000000e+00, personal_gate_state_direct=0.000000e+00, personal_gate_id_direct=0.000000e+00, personal_gate_context_direct=0.000000e+00, personal_gate_out=0.000000e+00, personal_generator_emb=0.000000e+00, personal_generator_context_proj=0.000000e+00, personal_generator_context_hidden=0.000000e+00, personal_generator_context_to_u=0.000000e+00, personal_generator_context_to_v=0.000000e+00, personal_generator_state_row=0.000000e+00, personal_generator_state_col=0.000000e+00, personal_generator_id_row=0.000000e+00, personal_generator_id_col=0.000000e+00, personal_generator_state_adapter=0.000000e+00, personal_generator_id_adapter=0.000000e+00, personal_generator_context_adapter=0.000000e+00, personal_generator_direct_scale=0.000000e+00
2026-04-19 03:14:39,668 - INFO - [junyi|junyi_abce_best_no_E|lr=0.003|drop=0.40] -> New best AUC=0.8112 at epoch 7
2026-04-19 03:14:59,340 - INFO - [junyi|junyi_abce_best_full|lr=0.003|drop=0.40] Epoch [007/100] | Train: Loss=0.5290, BCE=0.5141, Reg=0.0149, AUC=0.7935, ACC=0.7489, RMSE=0.4133 | Val: Loss=0.5205, BCE=0.5055, Reg=0.0149, AUC=0.8008, ACC=0.7613, RMSE=0.4078
2026-04-19 03:14:59,341 - INFO - [junyi|junyi_abce_best_full|lr=0.003|drop=0.40] [Reg Terms] Epoch [007] | Train: graph_entropy=0.000000, graph_diag=0.006011, graph_uniform=0.006753, graph_reg_scale=1.0000, prediction_l2=0.000000, personal_sparse=0.001202, alpha_var=0.000000, alpha_collapse=0.000005, reg_bce_ratio=0.0291 | Val: graph_entropy=0.000000, graph_diag=0.006000, graph_uniform=0.006753, graph_reg_scale=1.0000, prediction_l2=0.000000, personal_sparse=0.001202, alpha_var=0.000000, alpha_collapse=0.000007, reg_bce_ratio=0.0296
2026-04-19 03:14:59,524 - INFO - [junyi|junyi_abce_best_full|lr=0.003|drop=0.40] [Diag][AE] Epoch [007] | irt_abs_mean=1.8098, irt_std=1.0011, personal_warmup_scale=1.00, graph_row_entropy=3.2177, graph_entropy_ratio=0.4915, alpha_mean=0.1299, alpha_std=0.0371, alpha_base_mean=0.1300, alpha_delta_absmean=0.0246, alpha_saturation_ratio=0.0000, alpha_bias_std=NA, alpha_state_path=0.5131, alpha_id_path=0.0000, alpha_bias_path=0.0000, head_bias_path=0.1684, personal_row_entropy=2.3626, personal_matrix_delta=0.0454, personal_matrix_student_std=0.0504, personal_delta_pre_softmax_norm=2.6768, personal_delta_student_std=2.6096, alpha_head_std=0.0355, query_row_global_readout_delta=0.0221, query_row_personal_message_delta=0.0003, query_row_posterior_delta_abs=0.0454, query_row_posterior_kl=0.0345, query_row_delta_local_rms_raw=0.0032, query_row_message_projection_gain=0.0716, personal_to_graph_query_ratio=0.0116, query_row_global_support_mass=1.0839, query_row_personal_support_mass=1.0839, neighbor_row_personal_delta=0.0000, personal_row_budget_mean=1.3000, personal_query_row_std=0.3073, readout_query_support_mass=1.0839, personal_student_mix=0.0500, personal_student_adapter=0.0400, local_row_ratio=0.0689, support_density=1.0000, readout_query_delta=0.0219, personal_bad_rows_active=0.00, personal_fallback_rows_active=0.00, personal_bad_row_rate_active=0.0000, personal_padded_rows=0.00, personal_logits_support_absmax=6.7845, personal_query_trust_scale_mean=1.0000, personal_bad_rows_legacy=0.00, personal_fallback_rows_legacy=0.00, personal_logits_absmax_legacy=6.7845
2026-04-19 03:14:59,524 - INFO - [junyi|junyi_abce_best_full|lr=0.003|drop=0.40] [Diag][A] Epoch [007] | entropy_ratio=0.4915, diag_mass=0.0500, to_uniform_l2=0.007448, to_identity_l2=0.036726, relation_identity_delta=0.036726, knowledge_state_graph_delta=0.220551, knowledge_state_personal_delta=0.000000, share_concept_embeddings=True, tau_mean=0.6931, tau_std=0.0001, graph_reg_scale(train/val)=1.0000/1.0000
2026-04-19 03:14:59,524 - INFO - [junyi|junyi_abce_best_full|lr=0.003|drop=0.40] [Grad Norms] Epoch [007] | relation_emb=4.803840e-01, relation_tau=1.143694e-11, relation_wq=2.080378e-08, relation_wk=2.024597e-08, personal_u=9.128568e-04, personal_v=1.037803e-03, personal_alpha_bias=0.000000e+00, personal_gate_emb=3.867346e-11, personal_gate_state_proj=6.520900e-15, personal_gate_context_proj=3.369165e-11, personal_gate_state_direct=4.149350e-08, personal_gate_id_direct=4.482317e-11, personal_gate_context_direct=1.710264e-04, personal_gate_out=5.740623e-08, personal_generator_emb=1.359048e-15, personal_generator_context_proj=4.183353e-18, personal_generator_context_hidden=1.344573e-15, personal_generator_context_to_u=1.379324e-12, personal_generator_context_to_v=7.133236e-13, personal_generator_state_row=8.640003e-13, personal_generator_state_col=4.463483e-13, personal_generator_id_row=2.129157e-13, personal_generator_id_col=1.101109e-13, personal_generator_state_adapter=2.775087e-17, personal_generator_id_adapter=1.313632e-18, personal_generator_context_adapter=4.996318e-17, personal_generator_direct_scale=1.060273e-07
2026-04-19 03:15:00,268 - INFO - [junyi|junyi_abce_best_full|lr=0.003|drop=0.40] -> New best AUC=0.8008 at epoch 7
2026-04-19 03:15:42,812 - INFO - [junyi|junyi_abce_best_no_E|lr=0.003|drop=0.40] Epoch [008/100] | Train: Loss=0.5106, BCE=0.4979, Reg=0.0128, AUC=0.8089, ACC=0.7598, RMSE=0.4053 | Val: Loss=0.5047, BCE=0.4919, Reg=0.0128, AUC=0.8129, ACC=0.7660, RMSE=0.4021
2026-04-19 03:15:42,813 - INFO - [junyi|junyi_abce_best_no_E|lr=0.003|drop=0.40] [Reg Terms] Epoch [008] | Train: graph_entropy=0.000000, graph_diag=0.006009, graph_uniform=0.006753, graph_reg_scale=1.0000, prediction_l2=0.000000, personal_sparse=0.000000, alpha_var=0.000000, alpha_collapse=0.000000, reg_bce_ratio=0.0256 | Val: graph_entropy=0.000000, graph_diag=0.006000, graph_uniform=0.006753, graph_reg_scale=1.0000, prediction_l2=0.000000, personal_sparse=0.000000, alpha_var=0.000000, alpha_collapse=0.000000, reg_bce_ratio=0.0259
2026-04-19 03:15:43,015 - INFO - [junyi|junyi_abce_best_no_E|lr=0.003|drop=0.40] [Diag][AE] Epoch [008] | irt_abs_mean=1.7115, irt_std=1.0685, personal_warmup_scale=1.00, graph_row_entropy=3.2177, graph_entropy_ratio=0.4915, alpha_mean=0.0000, alpha_std=0.0000, alpha_base_mean=0.0000, alpha_delta_absmean=0.0000, alpha_saturation_ratio=0.0000, alpha_bias_std=NA, alpha_state_path=0.0000, alpha_id_path=0.0000, alpha_bias_path=0.0000, head_bias_path=0.0000, personal_row_entropy=0.0000, personal_matrix_delta=0.0000, personal_matrix_student_std=0.0000, personal_delta_pre_softmax_norm=0.0000, personal_delta_student_std=0.0000, alpha_head_std=0.0000, query_row_global_readout_delta=0.0285, query_row_personal_message_delta=0.0000, query_row_posterior_delta_abs=0.0000, query_row_posterior_kl=0.0000, query_row_delta_local_rms_raw=0.0000, query_row_message_projection_gain=0.0000, personal_to_graph_query_ratio=0.0000, query_row_global_support_mass=1.1146, query_row_personal_support_mass=0.0000, neighbor_row_personal_delta=0.0000, personal_row_budget_mean=0.0000, personal_query_row_std=0.0000, readout_query_support_mass=1.1146, personal_student_mix=0.0000, personal_student_adapter=0.0000, local_row_ratio=0.0000, support_density=0.0000, readout_query_delta=0.0285, personal_bad_rows_active=0.00, personal_fallback_rows_active=0.00, personal_bad_row_rate_active=0.0000, personal_padded_rows=0.00, personal_logits_support_absmax=0.0000, personal_query_trust_scale_mean=1.0000, personal_bad_rows_legacy=0.00, personal_fallback_rows_legacy=0.00, personal_logits_absmax_legacy=0.0000
2026-04-19 03:15:43,015 - INFO - [junyi|junyi_abce_best_no_E|lr=0.003|drop=0.40] [Diag][A] Epoch [008] | entropy_ratio=0.4915, diag_mass=0.0500, to_uniform_l2=0.007448, to_identity_l2=0.036726, relation_identity_delta=0.036726, knowledge_state_graph_delta=0.244428, knowledge_state_personal_delta=0.000000, share_concept_embeddings=True, tau_mean=0.6931, tau_std=0.0000, graph_reg_scale(train/val)=1.0000/1.0000
2026-04-19 03:15:43,016 - INFO - [junyi|junyi_abce_best_no_E|lr=0.003|drop=0.40] [Grad Norms] Epoch [008] | relation_emb=2.567491e-01, relation_tau=5.816505e-12, relation_wq=5.860929e-09, relation_wk=5.769701e-09, personal_u=0.000000e+00, personal_v=0.000000e+00, personal_alpha_bias=0.000000e+00, personal_gate_emb=0.000000e+00, personal_gate_state_proj=0.000000e+00, personal_gate_context_proj=0.000000e+00, personal_gate_state_direct=0.000000e+00, personal_gate_id_direct=0.000000e+00, personal_gate_context_direct=0.000000e+00, personal_gate_out=0.000000e+00, personal_generator_emb=0.000000e+00, personal_generator_context_proj=0.000000e+00, personal_generator_context_hidden=0.000000e+00, personal_generator_context_to_u=0.000000e+00, personal_generator_context_to_v=0.000000e+00, personal_generator_state_row=0.000000e+00, personal_generator_state_col=0.000000e+00, personal_generator_id_row=0.000000e+00, personal_generator_id_col=0.000000e+00, personal_generator_state_adapter=0.000000e+00, personal_generator_id_adapter=0.000000e+00, personal_generator_context_adapter=0.000000e+00, personal_generator_direct_scale=0.000000e+00
2026-04-19 03:15:43,167 - INFO - [junyi|junyi_abce_best_no_E|lr=0.003|drop=0.40] -> New best AUC=0.8129 at epoch 8
2026-04-19 03:16:37,948 - INFO - [junyi|junyi_abce_best_no_A|lr=0.003|drop=0.40] Epoch [004/100] | Train: Loss=0.5207, BCE=0.5195, Reg=0.0012, AUC=0.7878, ACC=0.7447, RMSE=0.4160 | Val: Loss=0.5122, BCE=0.5110, Reg=0.0012, AUC=0.7953, ACC=0.7555, RMSE=0.4108
2026-04-19 03:16:37,948 - INFO - [junyi|junyi_abce_best_no_A|lr=0.003|drop=0.40] [Reg Terms] Epoch [004] | Train: graph_entropy=0.000000, graph_diag=0.000000, graph_uniform=0.000000, graph_reg_scale=1.0000, prediction_l2=0.000000, personal_sparse=0.000000, alpha_var=0.000000, alpha_collapse=0.001205, reg_bce_ratio=0.0023 | Val: graph_entropy=0.000000, graph_diag=0.000000, graph_uniform=0.000000, graph_reg_scale=1.0000, prediction_l2=0.000000, personal_sparse=0.000000, alpha_var=0.000000, alpha_collapse=0.001203, reg_bce_ratio=0.0024
2026-04-19 03:16:38,142 - INFO - [junyi|junyi_abce_best_no_A|lr=0.003|drop=0.40] [Diag][AE] Epoch [004] | irt_abs_mean=1.5061, irt_std=0.9635, personal_warmup_scale=0.80, graph_row_entropy=0.0000, graph_entropy_ratio=0.0000, alpha_mean=0.1300, alpha_std=0.0406, alpha_base_mean=0.1300, alpha_delta_absmean=0.0276, alpha_saturation_ratio=0.0000, alpha_bias_std=NA, alpha_state_path=0.5756, alpha_id_path=0.0000, alpha_bias_path=0.0000, head_bias_path=0.2795, personal_row_entropy=0.0000, personal_matrix_delta=0.0000, personal_matrix_student_std=0.0000, personal_delta_pre_softmax_norm=0.0000, personal_delta_student_std=0.0000, alpha_head_std=0.0401, query_row_global_readout_delta=0.0000, query_row_personal_message_delta=0.0000, query_row_posterior_delta_abs=0.0000, query_row_posterior_kl=0.0000, query_row_delta_local_rms_raw=0.0000, query_row_message_projection_gain=0.0000, personal_to_graph_query_ratio=0.0000, query_row_global_support_mass=0.0000, query_row_personal_support_mass=0.0000, neighbor_row_personal_delta=0.0000, personal_row_budget_mean=1.3000, personal_query_row_std=0.0000, readout_query_support_mass=0.0000, personal_student_mix=0.0500, personal_student_adapter=0.0400, local_row_ratio=0.0014, support_density=1.0000, readout_query_delta=0.0000, personal_bad_rows_active=0.00, personal_fallback_rows_active=0.00, personal_bad_row_rate_active=0.0000, personal_padded_rows=0.00, personal_logits_support_absmax=0.0000, personal_query_trust_scale_mean=1.0000, personal_bad_rows_legacy=0.00, personal_fallback_rows_legacy=0.00, personal_logits_absmax_legacy=0.0000
2026-04-19 03:16:38,142 - INFO - [junyi|junyi_abce_best_no_A|lr=0.003|drop=0.40] [Diag][A] Epoch [004] | entropy_ratio=0.0000, diag_mass=1.0000, to_uniform_l2=0.037851, to_identity_l2=0.000000, relation_identity_delta=0.000000, knowledge_state_graph_delta=0.000000, knowledge_state_personal_delta=0.000000, share_concept_embeddings=True, tau_mean=0.0000, tau_std=0.0000, graph_reg_scale(train/val)=1.0000/1.0000
2026-04-19 03:16:38,143 - WARNING - [junyi|junyi_abce_best_no_A|lr=0.003|drop=0.40] [Diag Warning][E] personal_delta_student_std is near zero: personal_delta_student_std=0.000000, personal_delta_pre_softmax_norm=0.000000
2026-04-19 03:16:38,143 - WARNING - [junyi|junyi_abce_best_no_A|lr=0.003|drop=0.40] [Diag Warning][E] E-flat-at-query: personal_message=0.000000, posterior_delta=0.000000, posterior_kl=0.000000
2026-04-19 03:16:38,143 - INFO - [junyi|junyi_abce_best_no_A|lr=0.003|drop=0.40] [Grad Norms] Epoch [004] | relation_emb=0.000000e+00, relation_tau=0.000000e+00, relation_wq=0.000000e+00, relation_wk=0.000000e+00, personal_u=0.000000e+00, personal_v=0.000000e+00, personal_alpha_bias=0.000000e+00, personal_gate_emb=0.000000e+00, personal_gate_state_proj=0.000000e+00, personal_gate_context_proj=0.000000e+00, personal_gate_state_direct=0.000000e+00, personal_gate_id_direct=0.000000e+00, personal_gate_context_direct=0.000000e+00, personal_gate_out=0.000000e+00, personal_generator_emb=0.000000e+00, personal_generator_context_proj=0.000000e+00, personal_generator_context_hidden=0.000000e+00, personal_generator_context_to_u=0.000000e+00, personal_generator_context_to_v=0.000000e+00, personal_generator_state_row=0.000000e+00, personal_generator_state_col=0.000000e+00, personal_generator_id_row=0.000000e+00, personal_generator_id_col=0.000000e+00, personal_generator_state_adapter=0.000000e+00, personal_generator_id_adapter=0.000000e+00, personal_generator_context_adapter=0.000000e+00, personal_generator_direct_scale=0.000000e+00
2026-04-19 03:16:38,772 - INFO - [junyi|junyi_abce_best_no_A|lr=0.003|drop=0.40] -> New best AUC=0.7953 at epoch 4
2026-04-19 03:16:46,767 - INFO - [junyi|junyi_abce_best_no_E|lr=0.003|drop=0.40] Epoch [009/100] | Train: Loss=0.5101, BCE=0.4974, Reg=0.0128, AUC=0.8094, ACC=0.7609, RMSE=0.4050 | Val: Loss=0.5041, BCE=0.4913, Reg=0.0128, AUC=0.8128, ACC=0.7696, RMSE=0.4012
2026-04-19 03:16:46,768 - INFO - [junyi|junyi_abce_best_no_E|lr=0.003|drop=0.40] [Reg Terms] Epoch [009] | Train: graph_entropy=0.000000, graph_diag=0.006009, graph_uniform=0.006753, graph_reg_scale=1.0000, prediction_l2=0.000000, personal_sparse=0.000000, alpha_var=0.000000, alpha_collapse=0.000000, reg_bce_ratio=0.0257 | Val: graph_entropy=0.000000, graph_diag=0.006000, graph_uniform=0.006753, graph_reg_scale=1.0000, prediction_l2=0.000000, personal_sparse=0.000000, alpha_var=0.000000, alpha_collapse=0.000000, reg_bce_ratio=0.0260
2026-04-19 03:16:46,981 - INFO - [junyi|junyi_abce_best_no_E|lr=0.003|drop=0.40] [Diag][AE] Epoch [009] | irt_abs_mean=1.7920, irt_std=1.0632, personal_warmup_scale=1.00, graph_row_entropy=3.2177, graph_entropy_ratio=0.4915, alpha_mean=0.0000, alpha_std=0.0000, alpha_base_mean=0.0000, alpha_delta_absmean=0.0000, alpha_saturation_ratio=0.0000, alpha_bias_std=NA, alpha_state_path=0.0000, alpha_id_path=0.0000, alpha_bias_path=0.0000, head_bias_path=0.0000, personal_row_entropy=0.0000, personal_matrix_delta=0.0000, personal_matrix_student_std=0.0000, personal_delta_pre_softmax_norm=0.0000, personal_delta_student_std=0.0000, alpha_head_std=0.0000, query_row_global_readout_delta=0.0303, query_row_personal_message_delta=0.0000, query_row_posterior_delta_abs=0.0000, query_row_posterior_kl=0.0000, query_row_delta_local_rms_raw=0.0000, query_row_message_projection_gain=0.0000, personal_to_graph_query_ratio=0.0000, query_row_global_support_mass=0.9519, query_row_personal_support_mass=0.0000, neighbor_row_personal_delta=0.0000, personal_row_budget_mean=0.0000, personal_query_row_std=0.0000, readout_query_support_mass=0.9519, personal_student_mix=0.0000, personal_student_adapter=0.0000, local_row_ratio=0.0000, support_density=0.0000, readout_query_delta=0.0303, personal_bad_rows_active=0.00, personal_fallback_rows_active=0.00, personal_bad_row_rate_active=0.0000, personal_padded_rows=0.00, personal_logits_support_absmax=0.0000, personal_query_trust_scale_mean=1.0000, personal_bad_rows_legacy=0.00, personal_fallback_rows_legacy=0.00, personal_logits_absmax_legacy=0.0000
2026-04-19 03:16:46,982 - INFO - [junyi|junyi_abce_best_no_E|lr=0.003|drop=0.40] [Diag][A] Epoch [009] | entropy_ratio=0.4915, diag_mass=0.0500, to_uniform_l2=0.007448, to_identity_l2=0.036726, relation_identity_delta=0.036726, knowledge_state_graph_delta=0.237638, knowledge_state_personal_delta=0.000000, share_concept_embeddings=True, tau_mean=0.6931, tau_std=0.0000, graph_reg_scale(train/val)=1.0000/1.0000
2026-04-19 03:16:46,982 - INFO - [junyi|junyi_abce_best_no_E|lr=0.003|drop=0.40] [Grad Norms] Epoch [009] | relation_emb=2.613163e-01, relation_tau=9.654309e-12, relation_wq=8.321399e-09, relation_wk=8.201369e-09, personal_u=0.000000e+00, personal_v=0.000000e+00, personal_alpha_bias=0.000000e+00, personal_gate_emb=0.000000e+00, personal_gate_state_proj=0.000000e+00, personal_gate_context_proj=0.000000e+00, personal_gate_state_direct=0.000000e+00, personal_gate_id_direct=0.000000e+00, personal_gate_context_direct=0.000000e+00, personal_gate_out=0.000000e+00, personal_generator_emb=0.000000e+00, personal_generator_context_proj=0.000000e+00, personal_generator_context_hidden=0.000000e+00, personal_generator_context_to_u=0.000000e+00, personal_generator_context_to_v=0.000000e+00, personal_generator_state_row=0.000000e+00, personal_generator_state_col=0.000000e+00, personal_generator_id_row=0.000000e+00, personal_generator_id_col=0.000000e+00, personal_generator_state_adapter=0.000000e+00, personal_generator_id_adapter=0.000000e+00, personal_generator_context_adapter=0.000000e+00, personal_generator_direct_scale=0.000000e+00
2026-04-19 03:16:46,982 - INFO - [junyi|junyi_abce_best_no_E|lr=0.003|drop=0.40] -> No improvement 1 epoch(s) (best AUC=0.8129 @ 8)
2026-04-19 03:17:49,876 - INFO - [junyi|junyi_abce_best_no_E|lr=0.003|drop=0.40] Epoch [010/100] | Train: Loss=0.5099, BCE=0.4972, Reg=0.0128, AUC=0.8096, ACC=0.7605, RMSE=0.4050 | Val: Loss=0.5082, BCE=0.4954, Reg=0.0128, AUC=0.8118, ACC=0.7694, RMSE=0.4024
2026-04-19 03:17:49,876 - INFO - [junyi|junyi_abce_best_no_E|lr=0.003|drop=0.40] [Reg Terms] Epoch [010] | Train: graph_entropy=0.000000, graph_diag=0.006011, graph_uniform=0.006753, graph_reg_scale=1.0000, prediction_l2=0.000000, personal_sparse=0.000000, alpha_var=0.000000, alpha_collapse=0.000000, reg_bce_ratio=0.0257 | Val: graph_entropy=0.000000, graph_diag=0.006000, graph_uniform=0.006753, graph_reg_scale=1.0000, prediction_l2=0.000000, personal_sparse=0.000000, alpha_var=0.000000, alpha_collapse=0.000000, reg_bce_ratio=0.0257
2026-04-19 03:17:50,090 - INFO - [junyi|junyi_abce_best_no_E|lr=0.003|drop=0.40] [Diag][AE] Epoch [010] | irt_abs_mean=1.9412, irt_std=1.1539, personal_warmup_scale=1.00, graph_row_entropy=3.2177, graph_entropy_ratio=0.4915, alpha_mean=0.0000, alpha_std=0.0000, alpha_base_mean=0.0000, alpha_delta_absmean=0.0000, alpha_saturation_ratio=0.0000, alpha_bias_std=NA, alpha_state_path=0.0000, alpha_id_path=0.0000, alpha_bias_path=0.0000, head_bias_path=0.0000, personal_row_entropy=0.0000, personal_matrix_delta=0.0000, personal_matrix_student_std=0.0000, personal_delta_pre_softmax_norm=0.0000, personal_delta_student_std=0.0000, alpha_head_std=0.0000, query_row_global_readout_delta=0.0287, query_row_personal_message_delta=0.0000, query_row_posterior_delta_abs=0.0000, query_row_posterior_kl=0.0000, query_row_delta_local_rms_raw=0.0000, query_row_message_projection_gain=0.0000, personal_to_graph_query_ratio=0.0000, query_row_global_support_mass=1.0783, query_row_personal_support_mass=0.0000, neighbor_row_personal_delta=0.0000, personal_row_budget_mean=0.0000, personal_query_row_std=0.0000, readout_query_support_mass=1.0783, personal_student_mix=0.0000, personal_student_adapter=0.0000, local_row_ratio=0.0000, support_density=0.0000, readout_query_delta=0.0287, personal_bad_rows_active=0.00, personal_fallback_rows_active=0.00, personal_bad_row_rate_active=0.0000, personal_padded_rows=0.00, personal_logits_support_absmax=0.0000, personal_query_trust_scale_mean=1.0000, personal_bad_rows_legacy=0.00, personal_fallback_rows_legacy=0.00, personal_logits_absmax_legacy=0.0000
2026-04-19 03:17:50,091 - INFO - [junyi|junyi_abce_best_no_E|lr=0.003|drop=0.40] [Diag][A] Epoch [010] | entropy_ratio=0.4915, diag_mass=0.0500, to_uniform_l2=0.007448, to_identity_l2=0.036726, relation_identity_delta=0.036726, knowledge_state_graph_delta=0.238323, knowledge_state_personal_delta=0.000000, share_concept_embeddings=True, tau_mean=0.6931, tau_std=0.0000, graph_reg_scale(train/val)=1.0000/1.0000
2026-04-19 03:17:50,091 - INFO - [junyi|junyi_abce_best_no_E|lr=0.003|drop=0.40] [Grad Norms] Epoch [010] | relation_emb=2.032730e-01, relation_tau=2.034759e-12, relation_wq=6.995162e-09, relation_wk=6.408170e-09, personal_u=0.000000e+00, personal_v=0.000000e+00, personal_alpha_bias=0.000000e+00, personal_gate_emb=0.000000e+00, personal_gate_state_proj=0.000000e+00, personal_gate_context_proj=0.000000e+00, personal_gate_state_direct=0.000000e+00, personal_gate_id_direct=0.000000e+00, personal_gate_context_direct=0.000000e+00, personal_gate_out=0.000000e+00, personal_generator_emb=0.000000e+00, personal_generator_context_proj=0.000000e+00, personal_generator_context_hidden=0.000000e+00, personal_generator_context_to_u=0.000000e+00, personal_generator_context_to_v=0.000000e+00, personal_generator_state_row=0.000000e+00, personal_generator_state_col=0.000000e+00, personal_generator_id_row=0.000000e+00, personal_generator_id_col=0.000000e+00, personal_generator_state_adapter=0.000000e+00, personal_generator_id_adapter=0.000000e+00, personal_generator_context_adapter=0.000000e+00, personal_generator_direct_scale=0.000000e+00
2026-04-19 03:17:50,091 - INFO - [junyi|junyi_abce_best_no_E|lr=0.003|drop=0.40] -> No improvement 2 epoch(s) (best AUC=0.8129 @ 8)
2026-04-19 03:17:50,119 - INFO - [junyi|junyi_abce_best_no_E|lr=0.003|drop=0.40] Checkpoint saved: checkpoints/abce_diag/remote_rerun_20260419_6ddddcc/junyi/seed42/best_no_E/checkpoint_epoch_10.pth
2026-04-19 03:17:50,367 - INFO - [junyi|junyi_abce_best_no_E|lr=0.003|drop=0.40] [Module Activity] Epoch 10: Graph[LIVE]
2026-04-19 03:17:59,971 - INFO - [junyi|junyi_abce_best_full|lr=0.003|drop=0.40] Epoch [008/100] | Train: Loss=0.5291, BCE=0.5141, Reg=0.0149, AUC=0.7934, ACC=0.7485, RMSE=0.4133 | Val: Loss=0.5149, BCE=0.5000, Reg=0.0149, AUC=0.8034, ACC=0.7594, RMSE=0.4064
2026-04-19 03:17:59,971 - INFO - [junyi|junyi_abce_best_full|lr=0.003|drop=0.40] [Reg Terms] Epoch [008] | Train: graph_entropy=0.000000, graph_diag=0.006010, graph_uniform=0.006753, graph_reg_scale=1.0000, prediction_l2=0.000000, personal_sparse=0.001201, alpha_var=0.000000, alpha_collapse=0.000005, reg_bce_ratio=0.0291 | Val: graph_entropy=0.000000, graph_diag=0.006000, graph_uniform=0.006753, graph_reg_scale=1.0000, prediction_l2=0.000000, personal_sparse=0.001222, alpha_var=0.000000, alpha_collapse=0.000000, reg_bce_ratio=0.0298
2026-04-19 03:18:00,209 - INFO - [junyi|junyi_abce_best_full|lr=0.003|drop=0.40] [Diag][AE] Epoch [008] | irt_abs_mean=1.4884, irt_std=0.8620, personal_warmup_scale=1.00, graph_row_entropy=3.2177, graph_entropy_ratio=0.4915, alpha_mean=0.1301, alpha_std=0.0463, alpha_base_mean=0.1301, alpha_delta_absmean=0.0334, alpha_saturation_ratio=0.0000, alpha_bias_std=NA, alpha_state_path=0.7192, alpha_id_path=0.0000, alpha_bias_path=0.0000, head_bias_path=0.1747, personal_row_entropy=2.4659, personal_matrix_delta=0.0420, personal_matrix_student_std=0.0443, personal_delta_pre_softmax_norm=2.7662, personal_delta_student_std=2.7172, alpha_head_std=0.0447, query_row_global_readout_delta=0.0273, query_row_personal_message_delta=0.0002, query_row_posterior_delta_abs=0.0420, query_row_posterior_kl=0.0297, query_row_delta_local_rms_raw=0.0025, query_row_message_projection_gain=0.0598, personal_to_graph_query_ratio=0.0074, query_row_global_support_mass=1.3143, query_row_personal_support_mass=1.3143, neighbor_row_personal_delta=0.0000, personal_row_budget_mean=1.3000, personal_query_row_std=0.1490, readout_query_support_mass=1.3143, personal_student_mix=0.0499, personal_student_adapter=0.0400, local_row_ratio=0.0689, support_density=1.0000, readout_query_delta=0.0272, personal_bad_rows_active=0.00, personal_fallback_rows_active=0.00, personal_bad_row_rate_active=0.0000, personal_padded_rows=0.00, personal_logits_support_absmax=6.7685, personal_query_trust_scale_mean=1.0000, personal_bad_rows_legacy=0.00, personal_fallback_rows_legacy=0.00, personal_logits_absmax_legacy=6.7685
2026-04-19 03:18:00,209 - INFO - [junyi|junyi_abce_best_full|lr=0.003|drop=0.40] [Diag][A] Epoch [008] | entropy_ratio=0.4915, diag_mass=0.0500, to_uniform_l2=0.007448, to_identity_l2=0.036726, relation_identity_delta=0.036726, knowledge_state_graph_delta=0.227600, knowledge_state_personal_delta=0.000000, share_concept_embeddings=True, tau_mean=0.6932, tau_std=0.0001, graph_reg_scale(train/val)=1.0000/1.0000
2026-04-19 03:18:00,209 - INFO - [junyi|junyi_abce_best_full|lr=0.003|drop=0.40] [Grad Norms] Epoch [008] | relation_emb=3.255872e-01, relation_tau=5.607772e-11, relation_wq=2.525374e-08, relation_wk=2.684407e-08, personal_u=1.986241e-03, personal_v=1.016723e-03, personal_alpha_bias=0.000000e+00, personal_gate_emb=1.914579e-11, personal_gate_state_proj=3.219546e-14, personal_gate_context_proj=3.112840e-11, personal_gate_state_direct=1.024754e-07, personal_gate_id_direct=1.601064e-11, personal_gate_context_direct=1.213827e-04, personal_gate_out=4.007194e-08, personal_generator_emb=2.264193e-14, personal_generator_context_proj=7.242933e-17, personal_generator_context_hidden=1.077453e-14, personal_generator_context_to_u=9.140978e-12, personal_generator_context_to_v=3.047950e-12, personal_generator_state_row=1.709248e-11, personal_generator_state_col=5.698556e-12, personal_generator_id_row=4.138845e-12, personal_generator_id_col=1.380051e-12, personal_generator_state_adapter=1.293249e-15, personal_generator_id_adapter=6.517786e-17, personal_generator_context_adapter=1.072663e-15, personal_generator_direct_scale=3.515436e-07
2026-04-19 03:18:00,860 - INFO - [junyi|junyi_abce_best_full|lr=0.003|drop=0.40] -> New best AUC=0.8034 at epoch 8
2026-04-19 03:18:53,286 - INFO - [junyi|junyi_abce_best_no_E|lr=0.003|drop=0.40] Epoch [011/100] | Train: Loss=0.4985, BCE=0.4857, Reg=0.0128, AUC=0.8200, ACC=0.7683, RMSE=0.3992 | Val: Loss=0.4966, BCE=0.4839, Reg=0.0128, AUC=0.8186, ACC=0.7723, RMSE=0.3981
2026-04-19 03:18:53,286 - INFO - [junyi|junyi_abce_best_no_E|lr=0.003|drop=0.40] [Reg Terms] Epoch [011] | Train: graph_entropy=0.000000, graph_diag=0.006000, graph_uniform=0.006753, graph_reg_scale=1.0000, prediction_l2=0.000000, personal_sparse=0.000000, alpha_var=0.000000, alpha_collapse=0.000000, reg_bce_ratio=0.0263 | Val: graph_entropy=0.000000, graph_diag=0.006000, graph_uniform=0.006753, graph_reg_scale=1.0000, prediction_l2=0.000000, personal_sparse=0.000000, alpha_var=0.000000, alpha_collapse=0.000000, reg_bce_ratio=0.0264
2026-04-19 03:18:53,485 - INFO - [junyi|junyi_abce_best_no_E|lr=0.003|drop=0.40] [Diag][AE] Epoch [011] | irt_abs_mean=1.7996, irt_std=1.0599, personal_warmup_scale=1.00, graph_row_entropy=3.2177, graph_entropy_ratio=0.4915, alpha_mean=0.0000, alpha_std=0.0000, alpha_base_mean=0.0000, alpha_delta_absmean=0.0000, alpha_saturation_ratio=0.0000, alpha_bias_std=NA, alpha_state_path=0.0000, alpha_id_path=0.0000, alpha_bias_path=0.0000, head_bias_path=0.0000, personal_row_entropy=0.0000, personal_matrix_delta=0.0000, personal_matrix_student_std=0.0000, personal_delta_pre_softmax_norm=0.0000, personal_delta_student_std=0.0000, alpha_head_std=0.0000, query_row_global_readout_delta=0.0307, query_row_personal_message_delta=0.0000, query_row_posterior_delta_abs=0.0000, query_row_posterior_kl=0.0000, query_row_delta_local_rms_raw=0.0000, query_row_message_projection_gain=0.0000, personal_to_graph_query_ratio=0.0000, query_row_global_support_mass=2.3198, query_row_personal_support_mass=0.0000, neighbor_row_personal_delta=0.0000, personal_row_budget_mean=0.0000, personal_query_row_std=0.0000, readout_query_support_mass=2.3198, personal_student_mix=0.0000, personal_student_adapter=0.0000, local_row_ratio=0.0000, support_density=0.0000, readout_query_delta=0.0307, personal_bad_rows_active=0.00, personal_fallback_rows_active=0.00, personal_bad_row_rate_active=0.0000, personal_padded_rows=0.00, personal_logits_support_absmax=0.0000, personal_query_trust_scale_mean=1.0000, personal_bad_rows_legacy=0.00, personal_fallback_rows_legacy=0.00, personal_logits_absmax_legacy=0.0000
2026-04-19 03:18:53,485 - INFO - [junyi|junyi_abce_best_no_E|lr=0.003|drop=0.40] [Diag][A] Epoch [011] | entropy_ratio=0.4915, diag_mass=0.0500, to_uniform_l2=0.007448, to_identity_l2=0.036726, relation_identity_delta=0.036726, knowledge_state_graph_delta=0.246293, knowledge_state_personal_delta=0.000000, share_concept_embeddings=True, tau_mean=0.6931, tau_std=0.0000, graph_reg_scale(train/val)=1.0000/1.0000
2026-04-19 03:18:53,485 - INFO - [junyi|junyi_abce_best_no_E|lr=0.003|drop=0.40] [Grad Norms] Epoch [011] | relation_emb=3.019698e-01, relation_tau=0.000000e+00, relation_wq=0.000000e+00, relation_wk=0.000000e+00, personal_u=0.000000e+00, personal_v=0.000000e+00, personal_alpha_bias=0.000000e+00, personal_gate_emb=0.000000e+00, personal_gate_state_proj=0.000000e+00, personal_gate_context_proj=0.000000e+00, personal_gate_state_direct=0.000000e+00, personal_gate_id_direct=0.000000e+00, personal_gate_context_direct=0.000000e+00, personal_gate_out=0.000000e+00, personal_generator_emb=0.000000e+00, personal_generator_context_proj=0.000000e+00, personal_generator_context_hidden=0.000000e+00, personal_generator_context_to_u=0.000000e+00, personal_generator_context_to_v=0.000000e+00, personal_generator_state_row=0.000000e+00, personal_generator_state_col=0.000000e+00, personal_generator_id_row=0.000000e+00, personal_generator_id_col=0.000000e+00, personal_generator_state_adapter=0.000000e+00, personal_generator_id_adapter=0.000000e+00, personal_generator_context_adapter=0.000000e+00, personal_generator_direct_scale=0.000000e+00
2026-04-19 03:18:53,660 - INFO - [junyi|junyi_abce_best_no_E|lr=0.003|drop=0.40] -> New best AUC=0.8186 at epoch 11
2026-04-19 03:19:52,352 - INFO - [junyi|junyi_abce_best_no_A|lr=0.003|drop=0.40] Epoch [005/100] | Train: Loss=0.5206, BCE=0.5191, Reg=0.0015, AUC=0.7883, ACC=0.7459, RMSE=0.4157 | Val: Loss=0.5148, BCE=0.5133, Reg=0.0015, AUC=0.7950, ACC=0.7561, RMSE=0.4115
2026-04-19 03:19:52,352 - INFO - [junyi|junyi_abce_best_no_A|lr=0.003|drop=0.40] [Reg Terms] Epoch [005] | Train: graph_entropy=0.000000, graph_diag=0.000000, graph_uniform=0.000000, graph_reg_scale=1.0000, prediction_l2=0.000000, personal_sparse=0.000000, alpha_var=0.000000, alpha_collapse=0.001504, reg_bce_ratio=0.0029 | Val: graph_entropy=0.000000, graph_diag=0.000000, graph_uniform=0.000000, graph_reg_scale=1.0000, prediction_l2=0.000000, personal_sparse=0.000000, alpha_var=0.000000, alpha_collapse=0.001501, reg_bce_ratio=0.0029
2026-04-19 03:19:52,524 - INFO - [junyi|junyi_abce_best_no_A|lr=0.003|drop=0.40] [Diag][AE] Epoch [005] | irt_abs_mean=1.7000, irt_std=0.8744, personal_warmup_scale=1.00, graph_row_entropy=0.0000, graph_entropy_ratio=0.0000, alpha_mean=0.1300, alpha_std=0.0427, alpha_base_mean=0.1300, alpha_delta_absmean=0.0285, alpha_saturation_ratio=0.0000, alpha_bias_std=NA, alpha_state_path=0.5948, alpha_id_path=0.0000, alpha_bias_path=0.0000, head_bias_path=0.2100, personal_row_entropy=0.0000, personal_matrix_delta=0.0000, personal_matrix_student_std=0.0000, personal_delta_pre_softmax_norm=0.0000, personal_delta_student_std=0.0000, alpha_head_std=0.0421, query_row_global_readout_delta=0.0000, query_row_personal_message_delta=0.0000, query_row_posterior_delta_abs=0.0000, query_row_posterior_kl=0.0000, query_row_delta_local_rms_raw=0.0000, query_row_message_projection_gain=0.0000, personal_to_graph_query_ratio=0.0000, query_row_global_support_mass=0.0000, query_row_personal_support_mass=0.0000, neighbor_row_personal_delta=0.0000, personal_row_budget_mean=1.3000, personal_query_row_std=0.0000, readout_query_support_mass=0.0000, personal_student_mix=0.0500, personal_student_adapter=0.0400, local_row_ratio=0.0014, support_density=1.0000, readout_query_delta=0.0000, personal_bad_rows_active=0.00, personal_fallback_rows_active=0.00, personal_bad_row_rate_active=0.0000, personal_padded_rows=0.00, personal_logits_support_absmax=0.0000, personal_query_trust_scale_mean=1.0000, personal_bad_rows_legacy=0.00, personal_fallback_rows_legacy=0.00, personal_logits_absmax_legacy=0.0000
2026-04-19 03:19:52,524 - INFO - [junyi|junyi_abce_best_no_A|lr=0.003|drop=0.40] [Diag][A] Epoch [005] | entropy_ratio=0.0000, diag_mass=1.0000, to_uniform_l2=0.037851, to_identity_l2=0.000000, relation_identity_delta=0.000000, knowledge_state_graph_delta=0.000000, knowledge_state_personal_delta=0.000000, share_concept_embeddings=True, tau_mean=0.0000, tau_std=0.0000, graph_reg_scale(train/val)=1.0000/1.0000
2026-04-19 03:19:52,524 - WARNING - [junyi|junyi_abce_best_no_A|lr=0.003|drop=0.40] [Diag Warning][E] personal_delta_student_std is near zero: personal_delta_student_std=0.000000, personal_delta_pre_softmax_norm=0.000000
2026-04-19 03:19:52,524 - WARNING - [junyi|junyi_abce_best_no_A|lr=0.003|drop=0.40] [Diag Warning][E] E-flat-at-query: personal_message=0.000000, posterior_delta=0.000000, posterior_kl=0.000000
2026-04-19 03:19:52,524 - INFO - [junyi|junyi_abce_best_no_A|lr=0.003|drop=0.40] [Grad Norms] Epoch [005] | relation_emb=0.000000e+00, relation_tau=0.000000e+00, relation_wq=0.000000e+00, relation_wk=0.000000e+00, personal_u=0.000000e+00, personal_v=0.000000e+00, personal_alpha_bias=0.000000e+00, personal_gate_emb=1.172250e-10, personal_gate_state_proj=1.519540e-10, personal_gate_context_proj=1.995362e-09, personal_gate_state_direct=1.517741e-04, personal_gate_id_direct=1.416803e-10, personal_gate_context_direct=1.993001e-03, personal_gate_out=2.814135e-06, personal_generator_emb=0.000000e+00, personal_generator_context_proj=0.000000e+00, personal_generator_context_hidden=0.000000e+00, personal_generator_context_to_u=0.000000e+00, personal_generator_context_to_v=0.000000e+00, personal_generator_state_row=0.000000e+00, personal_generator_state_col=0.000000e+00, personal_generator_id_row=0.000000e+00, personal_generator_id_col=0.000000e+00, personal_generator_state_adapter=0.000000e+00, personal_generator_id_adapter=0.000000e+00, personal_generator_context_adapter=0.000000e+00, personal_generator_direct_scale=0.000000e+00
2026-04-19 03:19:52,525 - INFO - [junyi|junyi_abce_best_no_A|lr=0.003|drop=0.40] -> No improvement 1 epoch(s) (best AUC=0.7953 @ 4)
2026-04-19 03:19:56,091 - INFO - [junyi|junyi_abce_best_no_E|lr=0.003|drop=0.40] Epoch [012/100] | Train: Loss=0.4968, BCE=0.4840, Reg=0.0128, AUC=0.8215, ACC=0.7706, RMSE=0.3984 | Val: Loss=0.4960, BCE=0.4832, Reg=0.0128, AUC=0.8188, ACC=0.7740, RMSE=0.3974
2026-04-19 03:19:56,092 - INFO - [junyi|junyi_abce_best_no_E|lr=0.003|drop=0.40] [Reg Terms] Epoch [012] | Train: graph_entropy=0.000000, graph_diag=0.006005, graph_uniform=0.006753, graph_reg_scale=1.0000, prediction_l2=0.000000, personal_sparse=0.000000, alpha_var=0.000000, alpha_collapse=0.000000, reg_bce_ratio=0.0264 | Val: graph_entropy=0.000000, graph_diag=0.006000, graph_uniform=0.006753, graph_reg_scale=1.0000, prediction_l2=0.000000, personal_sparse=0.000000, alpha_var=0.000000, alpha_collapse=0.000000, reg_bce_ratio=0.0264
2026-04-19 03:19:56,309 - INFO - [junyi|junyi_abce_best_no_E|lr=0.003|drop=0.40] [Diag][AE] Epoch [012] | irt_abs_mean=1.8093, irt_std=1.0586, personal_warmup_scale=1.00, graph_row_entropy=3.2177, graph_entropy_ratio=0.4915, alpha_mean=0.0000, alpha_std=0.0000, alpha_base_mean=0.0000, alpha_delta_absmean=0.0000, alpha_saturation_ratio=0.0000, alpha_bias_std=NA, alpha_state_path=0.0000, alpha_id_path=0.0000, alpha_bias_path=0.0000, head_bias_path=0.0000, personal_row_entropy=0.0000, personal_matrix_delta=0.0000, personal_matrix_student_std=0.0000, personal_delta_pre_softmax_norm=0.0000, personal_delta_student_std=0.0000, alpha_head_std=0.0000, query_row_global_readout_delta=0.0376, query_row_personal_message_delta=0.0000, query_row_posterior_delta_abs=0.0000, query_row_posterior_kl=0.0000, query_row_delta_local_rms_raw=0.0000, query_row_message_projection_gain=0.0000, personal_to_graph_query_ratio=0.0000, query_row_global_support_mass=1.2288, query_row_personal_support_mass=0.0000, neighbor_row_personal_delta=0.0000, personal_row_budget_mean=0.0000, personal_query_row_std=0.0000, readout_query_support_mass=1.2288, personal_student_mix=0.0000, personal_student_adapter=0.0000, local_row_ratio=0.0000, support_density=0.0000, readout_query_delta=0.0376, personal_bad_rows_active=0.00, personal_fallback_rows_active=0.00, personal_bad_row_rate_active=0.0000, personal_padded_rows=0.00, personal_logits_support_absmax=0.0000, personal_query_trust_scale_mean=1.0000, personal_bad_rows_legacy=0.00, personal_fallback_rows_legacy=0.00, personal_logits_absmax_legacy=0.0000
2026-04-19 03:19:56,309 - INFO - [junyi|junyi_abce_best_no_E|lr=0.003|drop=0.40] [Diag][A] Epoch [012] | entropy_ratio=0.4915, diag_mass=0.0500, to_uniform_l2=0.007448, to_identity_l2=0.036726, relation_identity_delta=0.036726, knowledge_state_graph_delta=0.253958, knowledge_state_personal_delta=0.000000, share_concept_embeddings=True, tau_mean=0.6931, tau_std=0.0000, graph_reg_scale(train/val)=1.0000/1.0000
2026-04-19 03:19:56,309 - INFO - [junyi|junyi_abce_best_no_E|lr=0.003|drop=0.40] [Grad Norms] Epoch [012] | relation_emb=3.381907e-01, relation_tau=0.000000e+00, relation_wq=4.324938e-20, relation_wk=1.451360e-19, personal_u=0.000000e+00, personal_v=0.000000e+00, personal_alpha_bias=0.000000e+00, personal_gate_emb=0.000000e+00, personal_gate_state_proj=0.000000e+00, personal_gate_context_proj=0.000000e+00, personal_gate_state_direct=0.000000e+00, personal_gate_id_direct=0.000000e+00, personal_gate_context_direct=0.000000e+00, personal_gate_out=0.000000e+00, personal_generator_emb=0.000000e+00, personal_generator_context_proj=0.000000e+00, personal_generator_context_hidden=0.000000e+00, personal_generator_context_to_u=0.000000e+00, personal_generator_context_to_v=0.000000e+00, personal_generator_state_row=0.000000e+00, personal_generator_state_col=0.000000e+00, personal_generator_id_row=0.000000e+00, personal_generator_id_col=0.000000e+00, personal_generator_state_adapter=0.000000e+00, personal_generator_id_adapter=0.000000e+00, personal_generator_context_adapter=0.000000e+00, personal_generator_direct_scale=0.000000e+00
2026-04-19 03:19:56,788 - INFO - [junyi|junyi_abce_best_no_E|lr=0.003|drop=0.40] -> New best AUC=0.8188 at epoch 12
2026-04-19 03:20:59,475 - INFO - [junyi|junyi_abce_best_full|lr=0.003|drop=0.40] Epoch [009/100] | Train: Loss=0.5292, BCE=0.5142, Reg=0.0149, AUC=0.7932, ACC=0.7475, RMSE=0.4134 | Val: Loss=0.5211, BCE=0.5062, Reg=0.0149, AUC=0.8002, ACC=0.7606, RMSE=0.4078
2026-04-19 03:20:59,475 - INFO - [junyi|junyi_abce_best_full|lr=0.003|drop=0.40] [Reg Terms] Epoch [009] | Train: graph_entropy=0.000000, graph_diag=0.006009, graph_uniform=0.006753, graph_reg_scale=1.0000, prediction_l2=0.000000, personal_sparse=0.001206, alpha_var=0.000000, alpha_collapse=0.000005, reg_bce_ratio=0.0290 | Val: graph_entropy=0.000000, graph_diag=0.006000, graph_uniform=0.006753, graph_reg_scale=1.0000, prediction_l2=0.000000, personal_sparse=0.001199, alpha_var=0.000000, alpha_collapse=0.000000, reg_bce_ratio=0.0295
2026-04-19 03:20:59,716 - INFO - [junyi|junyi_abce_best_full|lr=0.003|drop=0.40] [Diag][AE] Epoch [009] | irt_abs_mean=1.6969, irt_std=1.0832, personal_warmup_scale=1.00, graph_row_entropy=3.2177, graph_entropy_ratio=0.4915, alpha_mean=0.1307, alpha_std=0.0439, alpha_base_mean=0.1301, alpha_delta_absmean=0.0309, alpha_saturation_ratio=0.0000, alpha_bias_std=NA, alpha_state_path=0.6577, alpha_id_path=0.0000, alpha_bias_path=0.0000, head_bias_path=0.1761, personal_row_entropy=2.4080, personal_matrix_delta=0.0438, personal_matrix_student_std=0.0469, personal_delta_pre_softmax_norm=2.7375, personal_delta_student_std=2.6749, alpha_head_std=0.0423, query_row_global_readout_delta=0.0232, query_row_personal_message_delta=0.0005, query_row_posterior_delta_abs=0.0438, query_row_posterior_kl=0.0320, query_row_delta_local_rms_raw=0.0065, query_row_message_projection_gain=0.1481, personal_to_graph_query_ratio=0.0220, query_row_global_support_mass=0.9268, query_row_personal_support_mass=0.9268, neighbor_row_personal_delta=0.0000, personal_row_budget_mean=1.3000, personal_query_row_std=0.1572, readout_query_support_mass=0.9268, personal_student_mix=0.0500, personal_student_adapter=0.0400, local_row_ratio=0.0695, support_density=1.0000, readout_query_delta=0.0230, personal_bad_rows_active=0.00, personal_fallback_rows_active=0.00, personal_bad_row_rate_active=0.0000, personal_padded_rows=0.00, personal_logits_support_absmax=6.7278, personal_query_trust_scale_mean=1.0000, personal_bad_rows_legacy=0.00, personal_fallback_rows_legacy=0.00, personal_logits_absmax_legacy=6.7278
2026-04-19 03:20:59,716 - INFO - [junyi|junyi_abce_best_full|lr=0.003|drop=0.40] [Diag][A] Epoch [009] | entropy_ratio=0.4915, diag_mass=0.0500, to_uniform_l2=0.007448, to_identity_l2=0.036726, relation_identity_delta=0.036726, knowledge_state_graph_delta=0.226200, knowledge_state_personal_delta=0.000000, share_concept_embeddings=True, tau_mean=0.6932, tau_std=0.0000, graph_reg_scale(train/val)=1.0000/1.0000
2026-04-19 03:20:59,716 - INFO - [junyi|junyi_abce_best_full|lr=0.003|drop=0.40] [Grad Norms] Epoch [009] | relation_emb=3.600270e-01, relation_tau=4.853240e-12, relation_wq=1.498472e-08, relation_wk=1.792499e-08, personal_u=2.335462e-03, personal_v=1.731638e-03, personal_alpha_bias=0.000000e+00, personal_gate_emb=3.072038e-11, personal_gate_state_proj=6.818102e-16, personal_gate_context_proj=1.752496e-11, personal_gate_state_direct=4.783322e-09, personal_gate_id_direct=3.279333e-11, personal_gate_context_direct=1.008139e-04, personal_gate_out=4.991070e-09, personal_generator_emb=3.115608e-15, personal_generator_context_proj=3.600118e-17, personal_generator_context_hidden=8.832211e-15, personal_generator_context_to_u=9.791011e-12, personal_generator_context_to_v=4.021143e-12, personal_generator_state_row=7.877662e-12, personal_generator_state_col=3.220760e-12, personal_generator_id_row=1.962268e-12, personal_generator_id_col=8.058439e-13, personal_generator_state_adapter=4.721749e-16, personal_generator_id_adapter=1.691605e-17, personal_generator_context_adapter=6.345837e-16, personal_generator_direct_scale=1.433449e-06
2026-04-19 03:20:59,716 - INFO - [junyi|junyi_abce_best_full|lr=0.003|drop=0.40] -> No improvement 1 epoch(s) (best AUC=0.8034 @ 8)
2026-04-19 03:21:00,409 - INFO - [junyi|junyi_abce_best_no_E|lr=0.003|drop=0.40] Epoch [013/100] | Train: Loss=0.4958, BCE=0.4831, Reg=0.0128, AUC=0.8221, ACC=0.7707, RMSE=0.3979 | Val: Loss=0.4962, BCE=0.4834, Reg=0.0128, AUC=0.8194, ACC=0.7726, RMSE=0.3975
2026-04-19 03:21:00,409 - INFO - [junyi|junyi_abce_best_no_E|lr=0.003|drop=0.40] [Reg Terms] Epoch [013] | Train: graph_entropy=0.000000, graph_diag=0.006003, graph_uniform=0.006753, graph_reg_scale=1.0000, prediction_l2=0.000000, personal_sparse=0.000000, alpha_var=0.000000, alpha_collapse=0.000000, reg_bce_ratio=0.0264 | Val: graph_entropy=0.000000, graph_diag=0.006000, graph_uniform=0.006753, graph_reg_scale=1.0000, prediction_l2=0.000000, personal_sparse=0.000000, alpha_var=0.000000, alpha_collapse=0.000000, reg_bce_ratio=0.0264
2026-04-19 03:21:00,635 - INFO - [junyi|junyi_abce_best_no_E|lr=0.003|drop=0.40] [Diag][AE] Epoch [013] | irt_abs_mean=1.8561, irt_std=1.0909, personal_warmup_scale=1.00, graph_row_entropy=3.2177, graph_entropy_ratio=0.4915, alpha_mean=0.0000, alpha_std=0.0000, alpha_base_mean=0.0000, alpha_delta_absmean=0.0000, alpha_saturation_ratio=0.0000, alpha_bias_std=NA, alpha_state_path=0.0000, alpha_id_path=0.0000, alpha_bias_path=0.0000, head_bias_path=0.0000, personal_row_entropy=0.0000, personal_matrix_delta=0.0000, personal_matrix_student_std=0.0000, personal_delta_pre_softmax_norm=0.0000, personal_delta_student_std=0.0000, alpha_head_std=0.0000, query_row_global_readout_delta=0.0327, query_row_personal_message_delta=0.0000, query_row_posterior_delta_abs=0.0000, query_row_posterior_kl=0.0000, query_row_delta_local_rms_raw=0.0000, query_row_message_projection_gain=0.0000, personal_to_graph_query_ratio=0.0000, query_row_global_support_mass=1.1576, query_row_personal_support_mass=0.0000, neighbor_row_personal_delta=0.0000, personal_row_budget_mean=0.0000, personal_query_row_std=0.0000, readout_query_support_mass=1.1576, personal_student_mix=0.0000, personal_student_adapter=0.0000, local_row_ratio=0.0000, support_density=0.0000, readout_query_delta=0.0327, personal_bad_rows_active=0.00, personal_fallback_rows_active=0.00, personal_bad_row_rate_active=0.0000, personal_padded_rows=0.00, personal_logits_support_absmax=0.0000, personal_query_trust_scale_mean=1.0000, personal_bad_rows_legacy=0.00, personal_fallback_rows_legacy=0.00, personal_logits_absmax_legacy=0.0000
2026-04-19 03:21:00,635 - INFO - [junyi|junyi_abce_best_no_E|lr=0.003|drop=0.40] [Diag][A] Epoch [013] | entropy_ratio=0.4915, diag_mass=0.0500, to_uniform_l2=0.007448, to_identity_l2=0.036726, relation_identity_delta=0.036726, knowledge_state_graph_delta=0.256349, knowledge_state_personal_delta=0.000000, share_concept_embeddings=True, tau_mean=0.6931, tau_std=0.0000, graph_reg_scale(train/val)=1.0000/1.0000
2026-04-19 03:21:00,635 - INFO - [junyi|junyi_abce_best_no_E|lr=0.003|drop=0.40] [Grad Norms] Epoch [013] | relation_emb=3.066390e-01, relation_tau=1.493427e-12, relation_wq=3.389692e-09, relation_wk=3.190014e-09, personal_u=0.000000e+00, personal_v=0.000000e+00, personal_alpha_bias=0.000000e+00, personal_gate_emb=0.000000e+00, personal_gate_state_proj=0.000000e+00, personal_gate_context_proj=0.000000e+00, personal_gate_state_direct=0.000000e+00, personal_gate_id_direct=0.000000e+00, personal_gate_context_direct=0.000000e+00, personal_gate_out=0.000000e+00, personal_generator_emb=0.000000e+00, personal_generator_context_proj=0.000000e+00, personal_generator_context_hidden=0.000000e+00, personal_generator_context_to_u=0.000000e+00, personal_generator_context_to_v=0.000000e+00, personal_generator_state_row=0.000000e+00, personal_generator_state_col=0.000000e+00, personal_generator_id_row=0.000000e+00, personal_generator_id_col=0.000000e+00, personal_generator_state_adapter=0.000000e+00, personal_generator_id_adapter=0.000000e+00, personal_generator_context_adapter=0.000000e+00, personal_generator_direct_scale=0.000000e+00
2026-04-19 03:21:00,806 - INFO - [junyi|junyi_abce_best_no_E|lr=0.003|drop=0.40] -> New best AUC=0.8194 at epoch 13
2026-04-19 03:22:04,742 - INFO - [junyi|junyi_abce_best_no_E|lr=0.003|drop=0.40] Epoch [014/100] | Train: Loss=0.4954, BCE=0.4826, Reg=0.0128, AUC=0.8224, ACC=0.7711, RMSE=0.3976 | Val: Loss=0.4952, BCE=0.4825, Reg=0.0128, AUC=0.8203, ACC=0.7723, RMSE=0.3970
2026-04-19 03:22:04,742 - INFO - [junyi|junyi_abce_best_no_E|lr=0.003|drop=0.40] [Reg Terms] Epoch [014] | Train: graph_entropy=0.000000, graph_diag=0.006007, graph_uniform=0.006753, graph_reg_scale=1.0000, prediction_l2=0.000000, personal_sparse=0.000000, alpha_var=0.000000, alpha_collapse=0.000000, reg_bce_ratio=0.0264 | Val: graph_entropy=0.000000, graph_diag=0.006000, graph_uniform=0.006753, graph_reg_scale=1.0000, prediction_l2=0.000000, personal_sparse=0.000000, alpha_var=0.000000, alpha_collapse=0.000000, reg_bce_ratio=0.0264
2026-04-19 03:22:04,971 - INFO - [junyi|junyi_abce_best_no_E|lr=0.003|drop=0.40] [Diag][AE] Epoch [014] | irt_abs_mean=1.8843, irt_std=1.0785, personal_warmup_scale=1.00, graph_row_entropy=3.2177, graph_entropy_ratio=0.4915, alpha_mean=0.0000, alpha_std=0.0000, alpha_base_mean=0.0000, alpha_delta_absmean=0.0000, alpha_saturation_ratio=0.0000, alpha_bias_std=NA, alpha_state_path=0.0000, alpha_id_path=0.0000, alpha_bias_path=0.0000, head_bias_path=0.0000, personal_row_entropy=0.0000, personal_matrix_delta=0.0000, personal_matrix_student_std=0.0000, personal_delta_pre_softmax_norm=0.0000, personal_delta_student_std=0.0000, alpha_head_std=0.0000, query_row_global_readout_delta=0.0354, query_row_personal_message_delta=0.0000, query_row_posterior_delta_abs=0.0000, query_row_posterior_kl=0.0000, query_row_delta_local_rms_raw=0.0000, query_row_message_projection_gain=0.0000, personal_to_graph_query_ratio=0.0000, query_row_global_support_mass=0.8097, query_row_personal_support_mass=0.0000, neighbor_row_personal_delta=0.0000, personal_row_budget_mean=0.0000, personal_query_row_std=0.0000, readout_query_support_mass=0.8097, personal_student_mix=0.0000, personal_student_adapter=0.0000, local_row_ratio=0.0000, support_density=0.0000, readout_query_delta=0.0354, personal_bad_rows_active=0.00, personal_fallback_rows_active=0.00, personal_bad_row_rate_active=0.0000, personal_padded_rows=0.00, personal_logits_support_absmax=0.0000, personal_query_trust_scale_mean=1.0000, personal_bad_rows_legacy=0.00, personal_fallback_rows_legacy=0.00, personal_logits_absmax_legacy=0.0000
2026-04-19 03:22:04,971 - INFO - [junyi|junyi_abce_best_no_E|lr=0.003|drop=0.40] [Diag][A] Epoch [014] | entropy_ratio=0.4915, diag_mass=0.0500, to_uniform_l2=0.007448, to_identity_l2=0.036726, relation_identity_delta=0.036726, knowledge_state_graph_delta=0.256644, knowledge_state_personal_delta=0.000000, share_concept_embeddings=True, tau_mean=0.6931, tau_std=0.0000, graph_reg_scale(train/val)=1.0000/1.0000
2026-04-19 03:22:04,971 - INFO - [junyi|junyi_abce_best_no_E|lr=0.003|drop=0.40] [Grad Norms] Epoch [014] | relation_emb=3.556042e-01, relation_tau=4.800176e-13, relation_wq=5.503886e-09, relation_wk=4.650270e-09, personal_u=0.000000e+00, personal_v=0.000000e+00, personal_alpha_bias=0.000000e+00, personal_gate_emb=0.000000e+00, personal_gate_state_proj=0.000000e+00, personal_gate_context_proj=0.000000e+00, personal_gate_state_direct=0.000000e+00, personal_gate_id_direct=0.000000e+00, personal_gate_context_direct=0.000000e+00, personal_gate_out=0.000000e+00, personal_generator_emb=0.000000e+00, personal_generator_context_proj=0.000000e+00, personal_generator_context_hidden=0.000000e+00, personal_generator_context_to_u=0.000000e+00, personal_generator_context_to_v=0.000000e+00, personal_generator_state_row=0.000000e+00, personal_generator_state_col=0.000000e+00, personal_generator_id_row=0.000000e+00, personal_generator_id_col=0.000000e+00, personal_generator_state_adapter=0.000000e+00, personal_generator_id_adapter=0.000000e+00, personal_generator_context_adapter=0.000000e+00, personal_generator_direct_scale=0.000000e+00
2026-04-19 03:22:05,138 - INFO - [junyi|junyi_abce_best_no_E|lr=0.003|drop=0.40] -> New best AUC=0.8203 at epoch 14
2026-04-19 03:22:53,274 - INFO - [junyi|junyi_abce_best_no_A|lr=0.003|drop=0.40] Epoch [006/100] | Train: Loss=0.5204, BCE=0.5189, Reg=0.0015, AUC=0.7887, ACC=0.7454, RMSE=0.4156 | Val: Loss=0.5126, BCE=0.5110, Reg=0.0015, AUC=0.7913, ACC=0.7553, RMSE=0.4114
2026-04-19 03:22:53,275 - INFO - [junyi|junyi_abce_best_no_A|lr=0.003|drop=0.40] [Reg Terms] Epoch [006] | Train: graph_entropy=0.000000, graph_diag=0.000000, graph_uniform=0.000000, graph_reg_scale=1.0000, prediction_l2=0.000000, personal_sparse=0.000000, alpha_var=0.000000, alpha_collapse=0.001504, reg_bce_ratio=0.0029 | Val: graph_entropy=0.000000, graph_diag=0.000000, graph_uniform=0.000000, graph_reg_scale=1.0000, prediction_l2=0.000000, personal_sparse=0.000000, alpha_var=0.000000, alpha_collapse=0.001504, reg_bce_ratio=0.0029
2026-04-19 03:22:53,488 - INFO - [junyi|junyi_abce_best_no_A|lr=0.003|drop=0.40] [Diag][AE] Epoch [006] | irt_abs_mean=1.4868, irt_std=0.8277, personal_warmup_scale=1.00, graph_row_entropy=0.0000, graph_entropy_ratio=0.0000, alpha_mean=0.1300, alpha_std=0.0443, alpha_base_mean=0.1300, alpha_delta_absmean=0.0299, alpha_saturation_ratio=0.0000, alpha_bias_std=NA, alpha_state_path=0.6309, alpha_id_path=0.0000, alpha_bias_path=0.0000, head_bias_path=0.2051, personal_row_entropy=0.0000, personal_matrix_delta=0.0000, personal_matrix_student_std=0.0000, personal_delta_pre_softmax_norm=0.0000, personal_delta_student_std=0.0000, alpha_head_std=0.0432, query_row_global_readout_delta=0.0000, query_row_personal_message_delta=0.0000, query_row_posterior_delta_abs=0.0000, query_row_posterior_kl=0.0000, query_row_delta_local_rms_raw=0.0000, query_row_message_projection_gain=0.0000, personal_to_graph_query_ratio=0.0000, query_row_global_support_mass=0.0000, query_row_personal_support_mass=0.0000, neighbor_row_personal_delta=0.0000, personal_row_budget_mean=1.3000, personal_query_row_std=0.0000, readout_query_support_mass=0.0000, personal_student_mix=0.0500, personal_student_adapter=0.0400, local_row_ratio=0.0014, support_density=1.0000, readout_query_delta=0.0000, personal_bad_rows_active=0.00, personal_fallback_rows_active=0.00, personal_bad_row_rate_active=0.0000, personal_padded_rows=0.00, personal_logits_support_absmax=0.0000, personal_query_trust_scale_mean=1.0000, personal_bad_rows_legacy=0.00, personal_fallback_rows_legacy=0.00, personal_logits_absmax_legacy=0.0000
2026-04-19 03:22:53,488 - INFO - [junyi|junyi_abce_best_no_A|lr=0.003|drop=0.40] [Diag][A] Epoch [006] | entropy_ratio=0.0000, diag_mass=1.0000, to_uniform_l2=0.037851, to_identity_l2=0.000000, relation_identity_delta=0.000000, knowledge_state_graph_delta=0.000000, knowledge_state_personal_delta=0.000000, share_concept_embeddings=True, tau_mean=0.0000, tau_std=0.0000, graph_reg_scale(train/val)=1.0000/1.0000
2026-04-19 03:22:53,488 - WARNING - [junyi|junyi_abce_best_no_A|lr=0.003|drop=0.40] [Diag Warning][E] personal_delta_student_std is near zero: personal_delta_student_std=0.000000, personal_delta_pre_softmax_norm=0.000000
2026-04-19 03:22:53,488 - WARNING - [junyi|junyi_abce_best_no_A|lr=0.003|drop=0.40] [Diag Warning][E] E-flat-at-query: personal_message=0.000000, posterior_delta=0.000000, posterior_kl=0.000000
2026-04-19 03:22:53,488 - INFO - [junyi|junyi_abce_best_no_A|lr=0.003|drop=0.40] [Grad Norms] Epoch [006] | relation_emb=0.000000e+00, relation_tau=0.000000e+00, relation_wq=0.000000e+00, relation_wk=0.000000e+00, personal_u=0.000000e+00, personal_v=0.000000e+00, personal_alpha_bias=0.000000e+00, personal_gate_emb=0.000000e+00, personal_gate_state_proj=0.000000e+00, personal_gate_context_proj=0.000000e+00, personal_gate_state_direct=0.000000e+00, personal_gate_id_direct=0.000000e+00, personal_gate_context_direct=0.000000e+00, personal_gate_out=0.000000e+00, personal_generator_emb=0.000000e+00, personal_generator_context_proj=0.000000e+00, personal_generator_context_hidden=0.000000e+00, personal_generator_context_to_u=0.000000e+00, personal_generator_context_to_v=0.000000e+00, personal_generator_state_row=0.000000e+00, personal_generator_state_col=0.000000e+00, personal_generator_id_row=0.000000e+00, personal_generator_id_col=0.000000e+00, personal_generator_state_adapter=0.000000e+00, personal_generator_id_adapter=0.000000e+00, personal_generator_context_adapter=0.000000e+00, personal_generator_direct_scale=0.000000e+00
2026-04-19 03:22:53,489 - INFO - [junyi|junyi_abce_best_no_A|lr=0.003|drop=0.40] -> No improvement 2 epoch(s) (best AUC=0.7953 @ 4)
2026-04-19 03:23:08,585 - INFO - [junyi|junyi_abce_best_no_E|lr=0.003|drop=0.40] Epoch [015/100] | Train: Loss=0.4951, BCE=0.4824, Reg=0.0128, AUC=0.8226, ACC=0.7712, RMSE=0.3976 | Val: Loss=0.4977, BCE=0.4849, Reg=0.0128, AUC=0.8186, ACC=0.7717, RMSE=0.3981
2026-04-19 03:23:08,586 - INFO - [junyi|junyi_abce_best_no_E|lr=0.003|drop=0.40] [Reg Terms] Epoch [015] | Train: graph_entropy=0.000000, graph_diag=0.006000, graph_uniform=0.006753, graph_reg_scale=1.0000, prediction_l2=0.000000, personal_sparse=0.000000, alpha_var=0.000000, alpha_collapse=0.000000, reg_bce_ratio=0.0264 | Val: graph_entropy=0.000000, graph_diag=0.006000, graph_uniform=0.006753, graph_reg_scale=1.0000, prediction_l2=0.000000, personal_sparse=0.000000, alpha_var=0.000000, alpha_collapse=0.000000, reg_bce_ratio=0.0263
2026-04-19 03:23:08,790 - INFO - [junyi|junyi_abce_best_no_E|lr=0.003|drop=0.40] [Diag][AE] Epoch [015] | irt_abs_mean=1.8467, irt_std=1.0830, personal_warmup_scale=1.00, graph_row_entropy=3.2177, graph_entropy_ratio=0.4915, alpha_mean=0.0000, alpha_std=0.0000, alpha_base_mean=0.0000, alpha_delta_absmean=0.0000, alpha_saturation_ratio=0.0000, alpha_bias_std=NA, alpha_state_path=0.0000, alpha_id_path=0.0000, alpha_bias_path=0.0000, head_bias_path=0.0000, personal_row_entropy=0.0000, personal_matrix_delta=0.0000, personal_matrix_student_std=0.0000, personal_delta_pre_softmax_norm=0.0000, personal_delta_student_std=0.0000, alpha_head_std=0.0000, query_row_global_readout_delta=0.0352, query_row_personal_message_delta=0.0000, query_row_posterior_delta_abs=0.0000, query_row_posterior_kl=0.0000, query_row_delta_local_rms_raw=0.0000, query_row_message_projection_gain=0.0000, personal_to_graph_query_ratio=0.0000, query_row_global_support_mass=1.0065, query_row_personal_support_mass=0.0000, neighbor_row_personal_delta=0.0000, personal_row_budget_mean=0.0000, personal_query_row_std=0.0000, readout_query_support_mass=1.0065, personal_student_mix=0.0000, personal_student_adapter=0.0000, local_row_ratio=0.0000, support_density=0.0000, readout_query_delta=0.0352, personal_bad_rows_active=0.00, personal_fallback_rows_active=0.00, personal_bad_row_rate_active=0.0000, personal_padded_rows=0.00, personal_logits_support_absmax=0.0000, personal_query_trust_scale_mean=1.0000, personal_bad_rows_legacy=0.00, personal_fallback_rows_legacy=0.00, personal_logits_absmax_legacy=0.0000
2026-04-19 03:23:08,790 - INFO - [junyi|junyi_abce_best_no_E|lr=0.003|drop=0.40] [Diag][A] Epoch [015] | entropy_ratio=0.4915, diag_mass=0.0500, to_uniform_l2=0.007448, to_identity_l2=0.036726, relation_identity_delta=0.036726, knowledge_state_graph_delta=0.260366, knowledge_state_personal_delta=0.000000, share_concept_embeddings=True, tau_mean=0.6931, tau_std=0.0000, graph_reg_scale(train/val)=1.0000/1.0000
2026-04-19 03:23:08,791 - INFO - [junyi|junyi_abce_best_no_E|lr=0.003|drop=0.40] [Grad Norms] Epoch [015] | relation_emb=3.559904e-01, relation_tau=2.117149e-12, relation_wq=4.336565e-09, relation_wk=4.325254e-09, personal_u=0.000000e+00, personal_v=0.000000e+00, personal_alpha_bias=0.000000e+00, personal_gate_emb=0.000000e+00, personal_gate_state_proj=0.000000e+00, personal_gate_context_proj=0.000000e+00, personal_gate_state_direct=0.000000e+00, personal_gate_id_direct=0.000000e+00, personal_gate_context_direct=0.000000e+00, personal_gate_out=0.000000e+00, personal_generator_emb=0.000000e+00, personal_generator_context_proj=0.000000e+00, personal_generator_context_hidden=0.000000e+00, personal_generator_context_to_u=0.000000e+00, personal_generator_context_to_v=0.000000e+00, personal_generator_state_row=0.000000e+00, personal_generator_state_col=0.000000e+00, personal_generator_id_row=0.000000e+00, personal_generator_id_col=0.000000e+00, personal_generator_state_adapter=0.000000e+00, personal_generator_id_adapter=0.000000e+00, personal_generator_context_adapter=0.000000e+00, personal_generator_direct_scale=0.000000e+00
2026-04-19 03:23:08,791 - INFO - [junyi|junyi_abce_best_no_E|lr=0.003|drop=0.40] -> No improvement 1 epoch(s) (best AUC=0.8203 @ 14)
2026-04-19 03:24:02,191 - INFO - [junyi|junyi_abce_best_full|lr=0.003|drop=0.40] Epoch [010/100] | Train: Loss=0.5296, BCE=0.5146, Reg=0.0149, AUC=0.7930, ACC=0.7487, RMSE=0.4135 | Val: Loss=0.5206, BCE=0.5057, Reg=0.0149, AUC=0.7992, ACC=0.7593, RMSE=0.4079
2026-04-19 03:24:02,192 - INFO - [junyi|junyi_abce_best_full|lr=0.003|drop=0.40] [Reg Terms] Epoch [010] | Train: graph_entropy=0.000000, graph_diag=0.006011, graph_uniform=0.006753, graph_reg_scale=1.0000, prediction_l2=0.000000, personal_sparse=0.001202, alpha_var=0.000000, alpha_collapse=0.000005, reg_bce_ratio=0.0290 | Val: graph_entropy=0.000000, graph_diag=0.006000, graph_uniform=0.006753, graph_reg_scale=1.0000, prediction_l2=0.000000, personal_sparse=0.001206, alpha_var=0.000000, alpha_collapse=0.000031, reg_bce_ratio=0.0296
2026-04-19 03:24:02,444 - INFO - [junyi|junyi_abce_best_full|lr=0.003|drop=0.40] [Diag][AE] Epoch [010] | irt_abs_mean=1.5316, irt_std=0.9903, personal_warmup_scale=1.00, graph_row_entropy=3.2177, graph_entropy_ratio=0.4915, alpha_mean=0.1301, alpha_std=0.0380, alpha_base_mean=0.1301, alpha_delta_absmean=0.0260, alpha_saturation_ratio=0.0000, alpha_bias_std=NA, alpha_state_path=0.5426, alpha_id_path=0.0000, alpha_bias_path=0.0000, head_bias_path=0.1681, personal_row_entropy=2.4356, personal_matrix_delta=0.0421, personal_matrix_student_std=0.0473, personal_delta_pre_softmax_norm=2.5419, personal_delta_student_std=2.4523, alpha_head_std=0.0369, query_row_global_readout_delta=0.0191, query_row_personal_message_delta=0.0004, query_row_posterior_delta_abs=0.0421, query_row_posterior_kl=0.0309, query_row_delta_local_rms_raw=0.0047, query_row_message_projection_gain=0.1109, personal_to_graph_query_ratio=0.0216, query_row_global_support_mass=1.4872, query_row_personal_support_mass=1.4872, neighbor_row_personal_delta=0.0000, personal_row_budget_mean=1.3000, personal_query_row_std=0.2586, readout_query_support_mass=1.4872, personal_student_mix=0.0500, personal_student_adapter=0.0400, local_row_ratio=0.0695, support_density=1.0000, readout_query_delta=0.0191, personal_bad_rows_active=0.00, personal_fallback_rows_active=0.00, personal_bad_row_rate_active=0.0000, personal_padded_rows=0.00, personal_logits_support_absmax=6.8549, personal_query_trust_scale_mean=1.0000, personal_bad_rows_legacy=0.00, personal_fallback_rows_legacy=0.00, personal_logits_absmax_legacy=6.8549
2026-04-19 03:24:02,444 - INFO - [junyi|junyi_abce_best_full|lr=0.003|drop=0.40] [Diag][A] Epoch [010] | entropy_ratio=0.4915, diag_mass=0.0500, to_uniform_l2=0.007448, to_identity_l2=0.036726, relation_identity_delta=0.036726, knowledge_state_graph_delta=0.208214, knowledge_state_personal_delta=0.000000, share_concept_embeddings=True, tau_mean=0.6933, tau_std=0.0000, graph_reg_scale(train/val)=1.0000/1.0000
2026-04-19 03:24:02,444 - INFO - [junyi|junyi_abce_best_full|lr=0.003|drop=0.40] [Grad Norms] Epoch [010] | relation_emb=3.150530e-01, relation_tau=9.946989e-12, relation_wq=2.352886e-08, relation_wk=2.401232e-08, personal_u=6.536880e-04, personal_v=6.249937e-04, personal_alpha_bias=0.000000e+00, personal_gate_emb=1.482765e-10, personal_gate_state_proj=3.541768e-12, personal_gate_context_proj=3.695542e-09, personal_gate_state_direct=2.458777e-06, personal_gate_id_direct=1.367689e-10, personal_gate_context_direct=2.566600e-03, personal_gate_out=2.952051e-06, personal_generator_emb=5.651959e-15, personal_generator_context_proj=1.970357e-17, personal_generator_context_hidden=7.153275e-15, personal_generator_context_to_u=9.770407e-12, personal_generator_context_to_v=4.321749e-12, personal_generator_state_row=8.583744e-12, personal_generator_state_col=3.793495e-12, personal_generator_id_row=2.116079e-12, personal_generator_id_col=9.359928e-13, personal_generator_state_adapter=2.210252e-16, personal_generator_id_adapter=1.279627e-18, personal_generator_context_adapter=4.371723e-16, personal_generator_direct_scale=7.226623e-07
2026-04-19 03:24:02,444 - INFO - [junyi|junyi_abce_best_full|lr=0.003|drop=0.40] -> No improvement 2 epoch(s) (best AUC=0.8034 @ 8)
2026-04-19 03:24:02,565 - INFO - [junyi|junyi_abce_best_full|lr=0.003|drop=0.40] Checkpoint saved: checkpoints/abce_diag/remote_rerun_20260419_6ddddcc/junyi/seed42/best_full/checkpoint_epoch_10.pth
2026-04-19 03:24:02,909 - INFO - [junyi|junyi_abce_best_full|lr=0.003|drop=0.40] [Module Activity] Epoch 10: Graph[LIVE] Personal[WEAK]
2026-04-19 03:24:11,615 - INFO - [junyi|junyi_abce_best_no_E|lr=0.003|drop=0.40] Epoch [016/100] | Train: Loss=0.4946, BCE=0.4818, Reg=0.0128, AUC=0.8233, ACC=0.7709, RMSE=0.3973 | Val: Loss=0.4984, BCE=0.4856, Reg=0.0128, AUC=0.8204, ACC=0.7708, RMSE=0.3986
2026-04-19 03:24:11,615 - INFO - [junyi|junyi_abce_best_no_E|lr=0.003|drop=0.40] [Reg Terms] Epoch [016] | Train: graph_entropy=0.000000, graph_diag=0.006006, graph_uniform=0.006753, graph_reg_scale=1.0000, prediction_l2=0.000000, personal_sparse=0.000000, alpha_var=0.000000, alpha_collapse=0.000000, reg_bce_ratio=0.0265 | Val: graph_entropy=0.000000, graph_diag=0.006000, graph_uniform=0.006753, graph_reg_scale=1.0000, prediction_l2=0.000000, personal_sparse=0.000000, alpha_var=0.000000, alpha_collapse=0.000000, reg_bce_ratio=0.0263
2026-04-19 03:24:11,853 - INFO - [junyi|junyi_abce_best_no_E|lr=0.003|drop=0.40] [Diag][AE] Epoch [016] | irt_abs_mean=1.8138, irt_std=1.1175, personal_warmup_scale=1.00, graph_row_entropy=3.2177, graph_entropy_ratio=0.4915, alpha_mean=0.0000, alpha_std=0.0000, alpha_base_mean=0.0000, alpha_delta_absmean=0.0000, alpha_saturation_ratio=0.0000, alpha_bias_std=NA, alpha_state_path=0.0000, alpha_id_path=0.0000, alpha_bias_path=0.0000, head_bias_path=0.0000, personal_row_entropy=0.0000, personal_matrix_delta=0.0000, personal_matrix_student_std=0.0000, personal_delta_pre_softmax_norm=0.0000, personal_delta_student_std=0.0000, alpha_head_std=0.0000, query_row_global_readout_delta=0.0351, query_row_personal_message_delta=0.0000, query_row_posterior_delta_abs=0.0000, query_row_posterior_kl=0.0000, query_row_delta_local_rms_raw=0.0000, query_row_message_projection_gain=0.0000, personal_to_graph_query_ratio=0.0000, query_row_global_support_mass=1.0776, query_row_personal_support_mass=0.0000, neighbor_row_personal_delta=0.0000, personal_row_budget_mean=0.0000, personal_query_row_std=0.0000, readout_query_support_mass=1.0776, personal_student_mix=0.0000, personal_student_adapter=0.0000, local_row_ratio=0.0000, support_density=0.0000, readout_query_delta=0.0351, personal_bad_rows_active=0.00, personal_fallback_rows_active=0.00, personal_bad_row_rate_active=0.0000, personal_padded_rows=0.00, personal_logits_support_absmax=0.0000, personal_query_trust_scale_mean=1.0000, personal_bad_rows_legacy=0.00, personal_fallback_rows_legacy=0.00, personal_logits_absmax_legacy=0.0000
2026-04-19 03:24:11,854 - INFO - [junyi|junyi_abce_best_no_E|lr=0.003|drop=0.40] [Diag][A] Epoch [016] | entropy_ratio=0.4915, diag_mass=0.0500, to_uniform_l2=0.007448, to_identity_l2=0.036726, relation_identity_delta=0.036726, knowledge_state_graph_delta=0.263023, knowledge_state_personal_delta=0.000000, share_concept_embeddings=True, tau_mean=0.6931, tau_std=0.0000, graph_reg_scale(train/val)=1.0000/1.0000
2026-04-19 03:24:11,854 - INFO - [junyi|junyi_abce_best_no_E|lr=0.003|drop=0.40] [Grad Norms] Epoch [016] | relation_emb=3.580507e-01, relation_tau=1.520911e-12, relation_wq=4.959754e-09, relation_wk=4.330960e-09, personal_u=0.000000e+00, personal_v=0.000000e+00, personal_alpha_bias=0.000000e+00, personal_gate_emb=0.000000e+00, personal_gate_state_proj=0.000000e+00, personal_gate_context_proj=0.000000e+00, personal_gate_state_direct=0.000000e+00, personal_gate_id_direct=0.000000e+00, personal_gate_context_direct=0.000000e+00, personal_gate_out=0.000000e+00, personal_generator_emb=0.000000e+00, personal_generator_context_proj=0.000000e+00, personal_generator_context_hidden=0.000000e+00, personal_generator_context_to_u=0.000000e+00, personal_generator_context_to_v=0.000000e+00, personal_generator_state_row=0.000000e+00, personal_generator_state_col=0.000000e+00, personal_generator_id_row=0.000000e+00, personal_generator_id_col=0.000000e+00, personal_generator_state_adapter=0.000000e+00, personal_generator_id_adapter=0.000000e+00, personal_generator_context_adapter=0.000000e+00, personal_generator_direct_scale=0.000000e+00
2026-04-19 03:24:12,030 - INFO - [junyi|junyi_abce_best_no_E|lr=0.003|drop=0.40] -> New best AUC=0.8204 at epoch 16
2026-04-19 03:25:15,813 - INFO - [junyi|junyi_abce_best_no_E|lr=0.003|drop=0.40] Epoch [017/100] | Train: Loss=0.4950, BCE=0.4822, Reg=0.0128, AUC=0.8227, ACC=0.7712, RMSE=0.3974 | Val: Loss=0.4977, BCE=0.4849, Reg=0.0128, AUC=0.8193, ACC=0.7766, RMSE=0.3973
2026-04-19 03:25:15,813 - INFO - [junyi|junyi_abce_best_no_E|lr=0.003|drop=0.40] [Reg Terms] Epoch [017] | Train: graph_entropy=0.000000, graph_diag=0.006002, graph_uniform=0.006753, graph_reg_scale=1.0000, prediction_l2=0.000000, personal_sparse=0.000000, alpha_var=0.000000, alpha_collapse=0.000000, reg_bce_ratio=0.0265 | Val: graph_entropy=0.000000, graph_diag=0.006000, graph_uniform=0.006753, graph_reg_scale=1.0000, prediction_l2=0.000000, personal_sparse=0.000000, alpha_var=0.000000, alpha_collapse=0.000000, reg_bce_ratio=0.0263
2026-04-19 03:25:16,037 - INFO - [junyi|junyi_abce_best_no_E|lr=0.003|drop=0.40] [Diag][AE] Epoch [017] | irt_abs_mean=1.9011, irt_std=1.1273, personal_warmup_scale=1.00, graph_row_entropy=3.2177, graph_entropy_ratio=0.4915, alpha_mean=0.0000, alpha_std=0.0000, alpha_base_mean=0.0000, alpha_delta_absmean=0.0000, alpha_saturation_ratio=0.0000, alpha_bias_std=NA, alpha_state_path=0.0000, alpha_id_path=0.0000, alpha_bias_path=0.0000, head_bias_path=0.0000, personal_row_entropy=0.0000, personal_matrix_delta=0.0000, personal_matrix_student_std=0.0000, personal_delta_pre_softmax_norm=0.0000, personal_delta_student_std=0.0000, alpha_head_std=0.0000, query_row_global_readout_delta=0.0350, query_row_personal_message_delta=0.0000, query_row_posterior_delta_abs=0.0000, query_row_posterior_kl=0.0000, query_row_delta_local_rms_raw=0.0000, query_row_message_projection_gain=0.0000, personal_to_graph_query_ratio=0.0000, query_row_global_support_mass=1.0265, query_row_personal_support_mass=0.0000, neighbor_row_personal_delta=0.0000, personal_row_budget_mean=0.0000, personal_query_row_std=0.0000, readout_query_support_mass=1.0265, personal_student_mix=0.0000, personal_student_adapter=0.0000, local_row_ratio=0.0000, support_density=0.0000, readout_query_delta=0.0350, personal_bad_rows_active=0.00, personal_fallback_rows_active=0.00, personal_bad_row_rate_active=0.0000, personal_padded_rows=0.00, personal_logits_support_absmax=0.0000, personal_query_trust_scale_mean=1.0000, personal_bad_rows_legacy=0.00, personal_fallback_rows_legacy=0.00, personal_logits_absmax_legacy=0.0000
2026-04-19 03:25:16,038 - INFO - [junyi|junyi_abce_best_no_E|lr=0.003|drop=0.40] [Diag][A] Epoch [017] | entropy_ratio=0.4915, diag_mass=0.0500, to_uniform_l2=0.007448, to_identity_l2=0.036726, relation_identity_delta=0.036726, knowledge_state_graph_delta=0.263636, knowledge_state_personal_delta=0.000000, share_concept_embeddings=True, tau_mean=0.6931, tau_std=0.0000, graph_reg_scale(train/val)=1.0000/1.0000
2026-04-19 03:25:16,038 - INFO - [junyi|junyi_abce_best_no_E|lr=0.003|drop=0.40] [Grad Norms] Epoch [017] | relation_emb=3.519626e-01, relation_tau=1.938685e-12, relation_wq=4.322615e-09, relation_wk=4.087676e-09, personal_u=0.000000e+00, personal_v=0.000000e+00, personal_alpha_bias=0.000000e+00, personal_gate_emb=0.000000e+00, personal_gate_state_proj=0.000000e+00, personal_gate_context_proj=0.000000e+00, personal_gate_state_direct=0.000000e+00, personal_gate_id_direct=0.000000e+00, personal_gate_context_direct=0.000000e+00, personal_gate_out=0.000000e+00, personal_generator_emb=0.000000e+00, personal_generator_context_proj=0.000000e+00, personal_generator_context_hidden=0.000000e+00, personal_generator_context_to_u=0.000000e+00, personal_generator_context_to_v=0.000000e+00, personal_generator_state_row=0.000000e+00, personal_generator_state_col=0.000000e+00, personal_generator_id_row=0.000000e+00, personal_generator_id_col=0.000000e+00, personal_generator_state_adapter=0.000000e+00, personal_generator_id_adapter=0.000000e+00, personal_generator_context_adapter=0.000000e+00, personal_generator_direct_scale=0.000000e+00
2026-04-19 03:25:16,038 - INFO - [junyi|junyi_abce_best_no_E|lr=0.003|drop=0.40] -> No improvement 1 epoch(s) (best AUC=0.8204 @ 16)
2026-04-19 03:25:58,721 - INFO - [junyi|junyi_abce_best_no_A|lr=0.003|drop=0.40] Epoch [007/100] | Train: Loss=0.5108, BCE=0.5093, Reg=0.0015, AUC=0.7980, ACC=0.7531, RMSE=0.4108 | Val: Loss=0.4985, BCE=0.4970, Reg=0.0015, AUC=0.8067, ACC=0.7650, RMSE=0.4039
2026-04-19 03:25:58,721 - INFO - [junyi|junyi_abce_best_no_A|lr=0.003|drop=0.40] [Reg Terms] Epoch [007] | Train: graph_entropy=0.000000, graph_diag=0.000000, graph_uniform=0.000000, graph_reg_scale=1.0000, prediction_l2=0.000000, personal_sparse=0.000000, alpha_var=0.000000, alpha_collapse=0.001504, reg_bce_ratio=0.0030 | Val: graph_entropy=0.000000, graph_diag=0.000000, graph_uniform=0.000000, graph_reg_scale=1.0000, prediction_l2=0.000000, personal_sparse=0.000000, alpha_var=0.000000, alpha_collapse=0.001502, reg_bce_ratio=0.0030
2026-04-19 03:25:58,944 - INFO - [junyi|junyi_abce_best_no_A|lr=0.003|drop=0.40] [Diag][AE] Epoch [007] | irt_abs_mean=1.6271, irt_std=0.9781, personal_warmup_scale=1.00, graph_row_entropy=0.0000, graph_entropy_ratio=0.0000, alpha_mean=0.1300, alpha_std=0.0407, alpha_base_mean=0.1300, alpha_delta_absmean=0.0267, alpha_saturation_ratio=0.0000, alpha_bias_std=NA, alpha_state_path=0.5574, alpha_id_path=0.0000, alpha_bias_path=0.0000, head_bias_path=0.1985, personal_row_entropy=0.0000, personal_matrix_delta=0.0000, personal_matrix_student_std=0.0000, personal_delta_pre_softmax_norm=0.0000, personal_delta_student_std=0.0000, alpha_head_std=0.0395, query_row_global_readout_delta=0.0000, query_row_personal_message_delta=0.0000, query_row_posterior_delta_abs=0.0000, query_row_posterior_kl=0.0000, query_row_delta_local_rms_raw=0.0000, query_row_message_projection_gain=0.0000, personal_to_graph_query_ratio=0.0000, query_row_global_support_mass=0.0000, query_row_personal_support_mass=0.0000, neighbor_row_personal_delta=0.0000, personal_row_budget_mean=1.3000, personal_query_row_std=0.0000, readout_query_support_mass=0.0000, personal_student_mix=0.0500, personal_student_adapter=0.0400, local_row_ratio=0.0014, support_density=1.0000, readout_query_delta=0.0000, personal_bad_rows_active=0.00, personal_fallback_rows_active=0.00, personal_bad_row_rate_active=0.0000, personal_padded_rows=0.00, personal_logits_support_absmax=0.0000, personal_query_trust_scale_mean=1.0000, personal_bad_rows_legacy=0.00, personal_fallback_rows_legacy=0.00, personal_logits_absmax_legacy=0.0000
2026-04-19 03:25:58,944 - INFO - [junyi|junyi_abce_best_no_A|lr=0.003|drop=0.40] [Diag][A] Epoch [007] | entropy_ratio=0.0000, diag_mass=1.0000, to_uniform_l2=0.037851, to_identity_l2=0.000000, relation_identity_delta=0.000000, knowledge_state_graph_delta=0.000000, knowledge_state_personal_delta=0.000000, share_concept_embeddings=True, tau_mean=0.0000, tau_std=0.0000, graph_reg_scale(train/val)=1.0000/1.0000
2026-04-19 03:25:58,945 - WARNING - [junyi|junyi_abce_best_no_A|lr=0.003|drop=0.40] [Diag Warning][E] personal_delta_student_std is near zero: personal_delta_student_std=0.000000, personal_delta_pre_softmax_norm=0.000000
2026-04-19 03:25:58,945 - WARNING - [junyi|junyi_abce_best_no_A|lr=0.003|drop=0.40] [Diag Warning][E] E-flat-at-query: personal_message=0.000000, posterior_delta=0.000000, posterior_kl=0.000000
2026-04-19 03:25:58,945 - INFO - [junyi|junyi_abce_best_no_A|lr=0.003|drop=0.40] [Grad Norms] Epoch [007] | relation_emb=0.000000e+00, relation_tau=0.000000e+00, relation_wq=0.000000e+00, relation_wk=0.000000e+00, personal_u=0.000000e+00, personal_v=0.000000e+00, personal_alpha_bias=0.000000e+00, personal_gate_emb=0.000000e+00, personal_gate_state_proj=0.000000e+00, personal_gate_context_proj=0.000000e+00, personal_gate_state_direct=0.000000e+00, personal_gate_id_direct=0.000000e+00, personal_gate_context_direct=0.000000e+00, personal_gate_out=0.000000e+00, personal_generator_emb=0.000000e+00, personal_generator_context_proj=0.000000e+00, personal_generator_context_hidden=0.000000e+00, personal_generator_context_to_u=0.000000e+00, personal_generator_context_to_v=0.000000e+00, personal_generator_state_row=0.000000e+00, personal_generator_state_col=0.000000e+00, personal_generator_id_row=0.000000e+00, personal_generator_id_col=0.000000e+00, personal_generator_state_adapter=0.000000e+00, personal_generator_id_adapter=0.000000e+00, personal_generator_context_adapter=0.000000e+00, personal_generator_direct_scale=0.000000e+00
2026-04-19 03:25:59,556 - INFO - [junyi|junyi_abce_best_no_A|lr=0.003|drop=0.40] -> New best AUC=0.8067 at epoch 7
2026-04-19 03:26:19,810 - INFO - [junyi|junyi_abce_best_no_E|lr=0.003|drop=0.40] Epoch [018/100] | Train: Loss=0.4949, BCE=0.4822, Reg=0.0128, AUC=0.8229, ACC=0.7707, RMSE=0.3975 | Val: Loss=0.4949, BCE=0.4821, Reg=0.0128, AUC=0.8211, ACC=0.7762, RMSE=0.3965
2026-04-19 03:26:19,810 - INFO - [junyi|junyi_abce_best_no_E|lr=0.003|drop=0.40] [Reg Terms] Epoch [018] | Train: graph_entropy=0.000000, graph_diag=0.006005, graph_uniform=0.006753, graph_reg_scale=1.0000, prediction_l2=0.000000, personal_sparse=0.000000, alpha_var=0.000000, alpha_collapse=0.000000, reg_bce_ratio=0.0265 | Val: graph_entropy=0.000000, graph_diag=0.006000, graph_uniform=0.006753, graph_reg_scale=1.0000, prediction_l2=0.000000, personal_sparse=0.000000, alpha_var=0.000000, alpha_collapse=0.000000, reg_bce_ratio=0.0265
2026-04-19 03:26:20,060 - INFO - [junyi|junyi_abce_best_no_E|lr=0.003|drop=0.40] [Diag][AE] Epoch [018] | irt_abs_mean=1.8758, irt_std=1.0161, personal_warmup_scale=1.00, graph_row_entropy=3.2177, graph_entropy_ratio=0.4915, alpha_mean=0.0000, alpha_std=0.0000, alpha_base_mean=0.0000, alpha_delta_absmean=0.0000, alpha_saturation_ratio=0.0000, alpha_bias_std=NA, alpha_state_path=0.0000, alpha_id_path=0.0000, alpha_bias_path=0.0000, head_bias_path=0.0000, personal_row_entropy=0.0000, personal_matrix_delta=0.0000, personal_matrix_student_std=0.0000, personal_delta_pre_softmax_norm=0.0000, personal_delta_student_std=0.0000, alpha_head_std=0.0000, query_row_global_readout_delta=0.0358, query_row_personal_message_delta=0.0000, query_row_posterior_delta_abs=0.0000, query_row_posterior_kl=0.0000, query_row_delta_local_rms_raw=0.0000, query_row_message_projection_gain=0.0000, personal_to_graph_query_ratio=0.0000, query_row_global_support_mass=0.9062, query_row_personal_support_mass=0.0000, neighbor_row_personal_delta=0.0000, personal_row_budget_mean=0.0000, personal_query_row_std=0.0000, readout_query_support_mass=0.9062, personal_student_mix=0.0000, personal_student_adapter=0.0000, local_row_ratio=0.0000, support_density=0.0000, readout_query_delta=0.0358, personal_bad_rows_active=0.00, personal_fallback_rows_active=0.00, personal_bad_row_rate_active=0.0000, personal_padded_rows=0.00, personal_logits_support_absmax=0.0000, personal_query_trust_scale_mean=1.0000, personal_bad_rows_legacy=0.00, personal_fallback_rows_legacy=0.00, personal_logits_absmax_legacy=0.0000
2026-04-19 03:26:20,061 - INFO - [junyi|junyi_abce_best_no_E|lr=0.003|drop=0.40] [Diag][A] Epoch [018] | entropy_ratio=0.4915, diag_mass=0.0500, to_uniform_l2=0.007448, to_identity_l2=0.036726, relation_identity_delta=0.036726, knowledge_state_graph_delta=0.266229, knowledge_state_personal_delta=0.000000, share_concept_embeddings=True, tau_mean=0.6931, tau_std=0.0000, graph_reg_scale(train/val)=1.0000/1.0000
2026-04-19 03:26:20,061 - INFO - [junyi|junyi_abce_best_no_E|lr=0.003|drop=0.40] [Grad Norms] Epoch [018] | relation_emb=3.694710e-01, relation_tau=4.918647e-13, relation_wq=3.878367e-09, relation_wk=3.830237e-09, personal_u=0.000000e+00, personal_v=0.000000e+00, personal_alpha_bias=0.000000e+00, personal_gate_emb=0.000000e+00, personal_gate_state_proj=0.000000e+00, personal_gate_context_proj=0.000000e+00, personal_gate_state_direct=0.000000e+00, personal_gate_id_direct=0.000000e+00, personal_gate_context_direct=0.000000e+00, personal_gate_out=0.000000e+00, personal_generator_emb=0.000000e+00, personal_generator_context_proj=0.000000e+00, personal_generator_context_hidden=0.000000e+00, personal_generator_context_to_u=0.000000e+00, personal_generator_context_to_v=0.000000e+00, personal_generator_state_row=0.000000e+00, personal_generator_state_col=0.000000e+00, personal_generator_id_row=0.000000e+00, personal_generator_id_col=0.000000e+00, personal_generator_state_adapter=0.000000e+00, personal_generator_id_adapter=0.000000e+00, personal_generator_context_adapter=0.000000e+00, personal_generator_direct_scale=0.000000e+00
2026-04-19 03:26:20,227 - INFO - [junyi|junyi_abce_best_no_E|lr=0.003|drop=0.40] -> New best AUC=0.8211 at epoch 18
2026-04-19 03:27:12,336 - INFO - [junyi|junyi_abce_best_full|lr=0.003|drop=0.40] Epoch [011/100] | Train: Loss=0.5171, BCE=0.5021, Reg=0.0150, AUC=0.8052, ACC=0.7576, RMSE=0.4073 | Val: Loss=0.5075, BCE=0.4925, Reg=0.0150, AUC=0.8100, ACC=0.7659, RMSE=0.4020
2026-04-19 03:27:12,337 - INFO - [junyi|junyi_abce_best_full|lr=0.003|drop=0.40] [Reg Terms] Epoch [011] | Train: graph_entropy=0.000000, graph_diag=0.006003, graph_uniform=0.006753, graph_reg_scale=1.0000, prediction_l2=0.000000, personal_sparse=0.001181, alpha_var=0.000000, alpha_collapse=0.000004, reg_bce_ratio=0.0298 | Val: graph_entropy=0.000000, graph_diag=0.006000, graph_uniform=0.006753, graph_reg_scale=1.0000, prediction_l2=0.000000, personal_sparse=0.001180, alpha_var=0.000000, alpha_collapse=0.000001, reg_bce_ratio=0.0304
2026-04-19 03:27:12,585 - INFO - [junyi|junyi_abce_best_full|lr=0.003|drop=0.40] [Diag][AE] Epoch [011] | irt_abs_mean=1.6804, irt_std=0.9835, personal_warmup_scale=1.00, graph_row_entropy=3.2177, graph_entropy_ratio=0.4915, alpha_mean=0.1300, alpha_std=0.0421, alpha_base_mean=0.1299, alpha_delta_absmean=0.0298, alpha_saturation_ratio=0.0000, alpha_bias_std=NA, alpha_state_path=0.6335, alpha_id_path=0.0000, alpha_bias_path=0.0000, head_bias_path=0.1669, personal_row_entropy=2.3658, personal_matrix_delta=0.0451, personal_matrix_student_std=0.0516, personal_delta_pre_softmax_norm=2.5322, personal_delta_student_std=2.4929, alpha_head_std=0.0407, query_row_global_readout_delta=0.0262, query_row_personal_message_delta=0.0003, query_row_posterior_delta_abs=0.0451, query_row_posterior_kl=0.0343, query_row_delta_local_rms_raw=0.0032, query_row_message_projection_gain=0.0716, personal_to_graph_query_ratio=0.0110, query_row_global_support_mass=1.4287, query_row_personal_support_mass=1.4287, neighbor_row_personal_delta=0.0000, personal_row_budget_mean=1.3000, personal_query_row_std=0.2167, readout_query_support_mass=1.4287, personal_student_mix=0.0500, personal_student_adapter=0.0400, local_row_ratio=0.0695, support_density=1.0000, readout_query_delta=0.0264, personal_bad_rows_active=0.00, personal_fallback_rows_active=0.00, personal_bad_row_rate_active=0.0000, personal_padded_rows=0.00, personal_logits_support_absmax=6.8535, personal_query_trust_scale_mean=1.0000, personal_bad_rows_legacy=0.00, personal_fallback_rows_legacy=0.00, personal_logits_absmax_legacy=6.8535
2026-04-19 03:27:12,586 - INFO - [junyi|junyi_abce_best_full|lr=0.003|drop=0.40] [Diag][A] Epoch [011] | entropy_ratio=0.4915, diag_mass=0.0500, to_uniform_l2=0.007448, to_identity_l2=0.036726, relation_identity_delta=0.036726, knowledge_state_graph_delta=0.234162, knowledge_state_personal_delta=0.000000, share_concept_embeddings=True, tau_mean=0.6931, tau_std=0.0000, graph_reg_scale(train/val)=1.0000/1.0000
2026-04-19 03:27:12,586 - INFO - [junyi|junyi_abce_best_full|lr=0.003|drop=0.40] [Grad Norms] Epoch [011] | relation_emb=5.207127e-01, relation_tau=1.546075e-12, relation_wq=1.926215e-08, relation_wk=1.565330e-08, personal_u=5.238516e-03, personal_v=1.752242e-03, personal_alpha_bias=0.000000e+00, personal_gate_emb=0.000000e+00, personal_gate_state_proj=2.664085e-13, personal_gate_context_proj=7.910342e-11, personal_gate_state_direct=3.885371e-07, personal_gate_id_direct=0.000000e+00, personal_gate_context_direct=1.140000e-04, personal_gate_out=5.430623e-08, personal_generator_emb=6.081601e-21, personal_generator_context_proj=8.736992e-18, personal_generator_context_hidden=8.326136e-15, personal_generator_context_to_u=1.323863e-11, personal_generator_context_to_v=1.156165e-11, personal_generator_state_row=6.006655e-12, personal_generator_state_col=5.244335e-12, personal_generator_id_row=1.499891e-12, personal_generator_id_col=1.309896e-12, personal_generator_state_adapter=4.897643e-16, personal_generator_id_adapter=3.928219e-23, personal_generator_context_adapter=5.274395e-17, personal_generator_direct_scale=1.431305e-05
2026-04-19 03:27:13,267 - INFO - [junyi|junyi_abce_best_full|lr=0.003|drop=0.40] -> New best AUC=0.8100 at epoch 11
2026-04-19 03:27:24,044 - INFO - [junyi|junyi_abce_best_no_E|lr=0.003|drop=0.40] Epoch [019/100] | Train: Loss=0.4940, BCE=0.4812, Reg=0.0128, AUC=0.8239, ACC=0.7716, RMSE=0.3970 | Val: Loss=0.4958, BCE=0.4830, Reg=0.0128, AUC=0.8207, ACC=0.7712, RMSE=0.3976
2026-04-19 03:27:24,044 - INFO - [junyi|junyi_abce_best_no_E|lr=0.003|drop=0.40] [Reg Terms] Epoch [019] | Train: graph_entropy=0.000000, graph_diag=0.006005, graph_uniform=0.006753, graph_reg_scale=1.0000, prediction_l2=0.000000, personal_sparse=0.000000, alpha_var=0.000000, alpha_collapse=0.000000, reg_bce_ratio=0.0265 | Val: graph_entropy=0.000000, graph_diag=0.006000, graph_uniform=0.006753, graph_reg_scale=1.0000, prediction_l2=0.000000, personal_sparse=0.000000, alpha_var=0.000000, alpha_collapse=0.000000, reg_bce_ratio=0.0264
2026-04-19 03:27:24,268 - INFO - [junyi|junyi_abce_best_no_E|lr=0.003|drop=0.40] [Diag][AE] Epoch [019] | irt_abs_mean=1.8022, irt_std=1.0800, personal_warmup_scale=1.00, graph_row_entropy=3.2177, graph_entropy_ratio=0.4915, alpha_mean=0.0000, alpha_std=0.0000, alpha_base_mean=0.0000, alpha_delta_absmean=0.0000, alpha_saturation_ratio=0.0000, alpha_bias_std=NA, alpha_state_path=0.0000, alpha_id_path=0.0000, alpha_bias_path=0.0000, head_bias_path=0.0000, personal_row_entropy=0.0000, personal_matrix_delta=0.0000, personal_matrix_student_std=0.0000, personal_delta_pre_softmax_norm=0.0000, personal_delta_student_std=0.0000, alpha_head_std=0.0000, query_row_global_readout_delta=0.0366, query_row_personal_message_delta=0.0000, query_row_posterior_delta_abs=0.0000, query_row_posterior_kl=0.0000, query_row_delta_local_rms_raw=0.0000, query_row_message_projection_gain=0.0000, personal_to_graph_query_ratio=0.0000, query_row_global_support_mass=0.6767, query_row_personal_support_mass=0.0000, neighbor_row_personal_delta=0.0000, personal_row_budget_mean=0.0000, personal_query_row_std=0.0000, readout_query_support_mass=0.6767, personal_student_mix=0.0000, personal_student_adapter=0.0000, local_row_ratio=0.0000, support_density=0.0000, readout_query_delta=0.0366, personal_bad_rows_active=0.00, personal_fallback_rows_active=0.00, personal_bad_row_rate_active=0.0000, personal_padded_rows=0.00, personal_logits_support_absmax=0.0000, personal_query_trust_scale_mean=1.0000, personal_bad_rows_legacy=0.00, personal_fallback_rows_legacy=0.00, personal_logits_absmax_legacy=0.0000
2026-04-19 03:27:24,268 - INFO - [junyi|junyi_abce_best_no_E|lr=0.003|drop=0.40] [Diag][A] Epoch [019] | entropy_ratio=0.4915, diag_mass=0.0500, to_uniform_l2=0.007448, to_identity_l2=0.036726, relation_identity_delta=0.036726, knowledge_state_graph_delta=0.267670, knowledge_state_personal_delta=0.000000, share_concept_embeddings=True, tau_mean=0.6931, tau_std=0.0000, graph_reg_scale(train/val)=1.0000/1.0000
2026-04-19 03:27:24,268 - INFO - [junyi|junyi_abce_best_no_E|lr=0.003|drop=0.40] [Grad Norms] Epoch [019] | relation_emb=3.386250e-01, relation_tau=1.397232e-12, relation_wq=2.706740e-09, relation_wk=2.609169e-09, personal_u=0.000000e+00, personal_v=0.000000e+00, personal_alpha_bias=0.000000e+00, personal_gate_emb=0.000000e+00, personal_gate_state_proj=0.000000e+00, personal_gate_context_proj=0.000000e+00, personal_gate_state_direct=0.000000e+00, personal_gate_id_direct=0.000000e+00, personal_gate_context_direct=0.000000e+00, personal_gate_out=0.000000e+00, personal_generator_emb=0.000000e+00, personal_generator_context_proj=0.000000e+00, personal_generator_context_hidden=0.000000e+00, personal_generator_context_to_u=0.000000e+00, personal_generator_context_to_v=0.000000e+00, personal_generator_state_row=0.000000e+00, personal_generator_state_col=0.000000e+00, personal_generator_id_row=0.000000e+00, personal_generator_id_col=0.000000e+00, personal_generator_state_adapter=0.000000e+00, personal_generator_id_adapter=0.000000e+00, personal_generator_context_adapter=0.000000e+00, personal_generator_direct_scale=0.000000e+00
2026-04-19 03:27:24,268 - INFO - [junyi|junyi_abce_best_no_E|lr=0.003|drop=0.40] -> No improvement 1 epoch(s) (best AUC=0.8211 @ 18)
2026-04-19 03:28:27,729 - INFO - [junyi|junyi_abce_best_no_E|lr=0.003|drop=0.40] Epoch [020/100] | Train: Loss=0.4944, BCE=0.4816, Reg=0.0128, AUC=0.8234, ACC=0.7711, RMSE=0.3971 | Val: Loss=0.4955, BCE=0.4827, Reg=0.0128, AUC=0.8204, ACC=0.7721, RMSE=0.3980
2026-04-19 03:28:27,730 - INFO - [junyi|junyi_abce_best_no_E|lr=0.003|drop=0.40] [Reg Terms] Epoch [020] | Train: graph_entropy=0.000000, graph_diag=0.006003, graph_uniform=0.006753, graph_reg_scale=1.0000, prediction_l2=0.000000, personal_sparse=0.000000, alpha_var=0.000000, alpha_collapse=0.000000, reg_bce_ratio=0.0265 | Val: graph_entropy=0.000000, graph_diag=0.006000, graph_uniform=0.006753, graph_reg_scale=1.0000, prediction_l2=0.000000, personal_sparse=0.000000, alpha_var=0.000000, alpha_collapse=0.000000, reg_bce_ratio=0.0264
2026-04-19 03:28:27,959 - INFO - [junyi|junyi_abce_best_no_E|lr=0.003|drop=0.40] [Diag][AE] Epoch [020] | irt_abs_mean=1.7440, irt_std=1.0308, personal_warmup_scale=1.00, graph_row_entropy=3.2177, graph_entropy_ratio=0.4915, alpha_mean=0.0000, alpha_std=0.0000, alpha_base_mean=0.0000, alpha_delta_absmean=0.0000, alpha_saturation_ratio=0.0000, alpha_bias_std=NA, alpha_state_path=0.0000, alpha_id_path=0.0000, alpha_bias_path=0.0000, head_bias_path=0.0000, personal_row_entropy=0.0000, personal_matrix_delta=0.0000, personal_matrix_student_std=0.0000, personal_delta_pre_softmax_norm=0.0000, personal_delta_student_std=0.0000, alpha_head_std=0.0000, query_row_global_readout_delta=0.0362, query_row_personal_message_delta=0.0000, query_row_posterior_delta_abs=0.0000, query_row_posterior_kl=0.0000, query_row_delta_local_rms_raw=0.0000, query_row_message_projection_gain=0.0000, personal_to_graph_query_ratio=0.0000, query_row_global_support_mass=0.7808, query_row_personal_support_mass=0.0000, neighbor_row_personal_delta=0.0000, personal_row_budget_mean=0.0000, personal_query_row_std=0.0000, readout_query_support_mass=0.7808, personal_student_mix=0.0000, personal_student_adapter=0.0000, local_row_ratio=0.0000, support_density=0.0000, readout_query_delta=0.0362, personal_bad_rows_active=0.00, personal_fallback_rows_active=0.00, personal_bad_row_rate_active=0.0000, personal_padded_rows=0.00, personal_logits_support_absmax=0.0000, personal_query_trust_scale_mean=1.0000, personal_bad_rows_legacy=0.00, personal_fallback_rows_legacy=0.00, personal_logits_absmax_legacy=0.0000
2026-04-19 03:28:27,959 - INFO - [junyi|junyi_abce_best_no_E|lr=0.003|drop=0.40] [Diag][A] Epoch [020] | entropy_ratio=0.4915, diag_mass=0.0500, to_uniform_l2=0.007448, to_identity_l2=0.036726, relation_identity_delta=0.036726, knowledge_state_graph_delta=0.262669, knowledge_state_personal_delta=0.000000, share_concept_embeddings=True, tau_mean=0.6931, tau_std=0.0000, graph_reg_scale(train/val)=1.0000/1.0000
2026-04-19 03:28:27,959 - INFO - [junyi|junyi_abce_best_no_E|lr=0.003|drop=0.40] [Grad Norms] Epoch [020] | relation_emb=3.728657e-01, relation_tau=2.936021e-12, relation_wq=2.838655e-09, relation_wk=2.987572e-09, personal_u=0.000000e+00, personal_v=0.000000e+00, personal_alpha_bias=0.000000e+00, personal_gate_emb=0.000000e+00, personal_gate_state_proj=0.000000e+00, personal_gate_context_proj=0.000000e+00, personal_gate_state_direct=0.000000e+00, personal_gate_id_direct=0.000000e+00, personal_gate_context_direct=0.000000e+00, personal_gate_out=0.000000e+00, personal_generator_emb=0.000000e+00, personal_generator_context_proj=0.000000e+00, personal_generator_context_hidden=0.000000e+00, personal_generator_context_to_u=0.000000e+00, personal_generator_context_to_v=0.000000e+00, personal_generator_state_row=0.000000e+00, personal_generator_state_col=0.000000e+00, personal_generator_id_row=0.000000e+00, personal_generator_id_col=0.000000e+00, personal_generator_state_adapter=0.000000e+00, personal_generator_id_adapter=0.000000e+00, personal_generator_context_adapter=0.000000e+00, personal_generator_direct_scale=0.000000e+00
2026-04-19 03:28:27,959 - INFO - [junyi|junyi_abce_best_no_E|lr=0.003|drop=0.40] -> No improvement 2 epoch(s) (best AUC=0.8211 @ 18)
2026-04-19 03:28:27,988 - INFO - [junyi|junyi_abce_best_no_E|lr=0.003|drop=0.40] Checkpoint saved: checkpoints/abce_diag/remote_rerun_20260419_6ddddcc/junyi/seed42/best_no_E/checkpoint_epoch_20.pth
2026-04-19 03:28:28,236 - INFO - [junyi|junyi_abce_best_no_E|lr=0.003|drop=0.40] [Module Activity] Epoch 20: Graph[LIVE]
2026-04-19 03:28:59,308 - INFO - [junyi|junyi_abce_best_no_A|lr=0.003|drop=0.40] Epoch [008/100] | Train: Loss=0.5076, BCE=0.5061, Reg=0.0015, AUC=0.8011, ACC=0.7556, RMSE=0.4091 | Val: Loss=0.4986, BCE=0.4971, Reg=0.0015, AUC=0.8081, ACC=0.7657, RMSE=0.4042
2026-04-19 03:28:59,308 - INFO - [junyi|junyi_abce_best_no_A|lr=0.003|drop=0.40] [Reg Terms] Epoch [008] | Train: graph_entropy=0.000000, graph_diag=0.000000, graph_uniform=0.000000, graph_reg_scale=1.0000, prediction_l2=0.000000, personal_sparse=0.000000, alpha_var=0.000000, alpha_collapse=0.001504, reg_bce_ratio=0.0030 | Val: graph_entropy=0.000000, graph_diag=0.000000, graph_uniform=0.000000, graph_reg_scale=1.0000, prediction_l2=0.000000, personal_sparse=0.000000, alpha_var=0.000000, alpha_collapse=0.001513, reg_bce_ratio=0.0030
2026-04-19 03:28:59,514 - INFO - [junyi|junyi_abce_best_no_A|lr=0.003|drop=0.40] [Diag][AE] Epoch [008] | irt_abs_mean=1.6330, irt_std=0.9321, personal_warmup_scale=1.00, graph_row_entropy=0.0000, graph_entropy_ratio=0.0000, alpha_mean=0.1300, alpha_std=0.0408, alpha_base_mean=0.1300, alpha_delta_absmean=0.0271, alpha_saturation_ratio=0.0000, alpha_bias_std=NA, alpha_state_path=0.5642, alpha_id_path=0.0000, alpha_bias_path=0.0000, head_bias_path=0.2002, personal_row_entropy=0.0000, personal_matrix_delta=0.0000, personal_matrix_student_std=0.0000, personal_delta_pre_softmax_norm=0.0000, personal_delta_student_std=0.0000, alpha_head_std=0.0401, query_row_global_readout_delta=0.0000, query_row_personal_message_delta=0.0000, query_row_posterior_delta_abs=0.0000, query_row_posterior_kl=0.0000, query_row_delta_local_rms_raw=0.0000, query_row_message_projection_gain=0.0000, personal_to_graph_query_ratio=0.0000, query_row_global_support_mass=0.0000, query_row_personal_support_mass=0.0000, neighbor_row_personal_delta=0.0000, personal_row_budget_mean=1.3000, personal_query_row_std=0.0000, readout_query_support_mass=0.0000, personal_student_mix=0.0500, personal_student_adapter=0.0400, local_row_ratio=0.0014, support_density=1.0000, readout_query_delta=0.0000, personal_bad_rows_active=0.00, personal_fallback_rows_active=0.00, personal_bad_row_rate_active=0.0000, personal_padded_rows=0.00, personal_logits_support_absmax=0.0000, personal_query_trust_scale_mean=1.0000, personal_bad_rows_legacy=0.00, personal_fallback_rows_legacy=0.00, personal_logits_absmax_legacy=0.0000
2026-04-19 03:28:59,514 - INFO - [junyi|junyi_abce_best_no_A|lr=0.003|drop=0.40] [Diag][A] Epoch [008] | entropy_ratio=0.0000, diag_mass=1.0000, to_uniform_l2=0.037851, to_identity_l2=0.000000, relation_identity_delta=0.000000, knowledge_state_graph_delta=0.000000, knowledge_state_personal_delta=0.000000, share_concept_embeddings=True, tau_mean=0.0000, tau_std=0.0000, graph_reg_scale(train/val)=1.0000/1.0000
2026-04-19 03:28:59,514 - WARNING - [junyi|junyi_abce_best_no_A|lr=0.003|drop=0.40] [Diag Warning][E] personal_delta_student_std is near zero: personal_delta_student_std=0.000000, personal_delta_pre_softmax_norm=0.000000
2026-04-19 03:28:59,514 - WARNING - [junyi|junyi_abce_best_no_A|lr=0.003|drop=0.40] [Diag Warning][E] E-flat-at-query: personal_message=0.000000, posterior_delta=0.000000, posterior_kl=0.000000
2026-04-19 03:28:59,514 - INFO - [junyi|junyi_abce_best_no_A|lr=0.003|drop=0.40] [Grad Norms] Epoch [008] | relation_emb=0.000000e+00, relation_tau=0.000000e+00, relation_wq=0.000000e+00, relation_wk=0.000000e+00, personal_u=0.000000e+00, personal_v=0.000000e+00, personal_alpha_bias=0.000000e+00, personal_gate_emb=0.000000e+00, personal_gate_state_proj=3.687061e-14, personal_gate_context_proj=9.044238e-11, personal_gate_state_direct=9.506379e-07, personal_gate_id_direct=0.000000e+00, personal_gate_context_direct=2.331923e-03, personal_gate_out=1.719464e-07, personal_generator_emb=0.000000e+00, personal_generator_context_proj=0.000000e+00, personal_generator_context_hidden=0.000000e+00, personal_generator_context_to_u=0.000000e+00, personal_generator_context_to_v=0.000000e+00, personal_generator_state_row=0.000000e+00, personal_generator_state_col=0.000000e+00, personal_generator_id_row=0.000000e+00, personal_generator_id_col=0.000000e+00, personal_generator_state_adapter=0.000000e+00, personal_generator_id_adapter=0.000000e+00, personal_generator_context_adapter=0.000000e+00, personal_generator_direct_scale=0.000000e+00
2026-04-19 03:29:00,190 - INFO - [junyi|junyi_abce_best_no_A|lr=0.003|drop=0.40] -> New best AUC=0.8081 at epoch 8
2026-04-19 03:29:31,920 - INFO - [junyi|junyi_abce_best_no_E|lr=0.003|drop=0.40] Epoch [021/100] | Train: Loss=0.4820, BCE=0.4693, Reg=0.0128, AUC=0.8338, ACC=0.7804, RMSE=0.3909 | Val: Loss=0.4917, BCE=0.4790, Reg=0.0128, AUC=0.8231, ACC=0.7775, RMSE=0.3951
2026-04-19 03:29:31,920 - INFO - [junyi|junyi_abce_best_no_E|lr=0.003|drop=0.40] [Reg Terms] Epoch [021] | Train: graph_entropy=0.000000, graph_diag=0.006000, graph_uniform=0.006753, graph_reg_scale=1.0000, prediction_l2=0.000000, personal_sparse=0.000000, alpha_var=0.000000, alpha_collapse=0.000000, reg_bce_ratio=0.0272 | Val: graph_entropy=0.000000, graph_diag=0.006000, graph_uniform=0.006753, graph_reg_scale=1.0000, prediction_l2=0.000000, personal_sparse=0.000000, alpha_var=0.000000, alpha_collapse=0.000000, reg_bce_ratio=0.0266
2026-04-19 03:29:32,138 - INFO - [junyi|junyi_abce_best_no_E|lr=0.003|drop=0.40] [Diag][AE] Epoch [021] | irt_abs_mean=1.8522, irt_std=1.1243, personal_warmup_scale=1.00, graph_row_entropy=3.2177, graph_entropy_ratio=0.4915, alpha_mean=0.0000, alpha_std=0.0000, alpha_base_mean=0.0000, alpha_delta_absmean=0.0000, alpha_saturation_ratio=0.0000, alpha_bias_std=NA, alpha_state_path=0.0000, alpha_id_path=0.0000, alpha_bias_path=0.0000, head_bias_path=0.0000, personal_row_entropy=0.0000, personal_matrix_delta=0.0000, personal_matrix_student_std=0.0000, personal_delta_pre_softmax_norm=0.0000, personal_delta_student_std=0.0000, alpha_head_std=0.0000, query_row_global_readout_delta=0.0356, query_row_personal_message_delta=0.0000, query_row_posterior_delta_abs=0.0000, query_row_posterior_kl=0.0000, query_row_delta_local_rms_raw=0.0000, query_row_message_projection_gain=0.0000, personal_to_graph_query_ratio=0.0000, query_row_global_support_mass=2.1041, query_row_personal_support_mass=0.0000, neighbor_row_personal_delta=0.0000, personal_row_budget_mean=0.0000, personal_query_row_std=0.0000, readout_query_support_mass=2.1041, personal_student_mix=0.0000, personal_student_adapter=0.0000, local_row_ratio=0.0000, support_density=0.0000, readout_query_delta=0.0356, personal_bad_rows_active=0.00, personal_fallback_rows_active=0.00, personal_bad_row_rate_active=0.0000, personal_padded_rows=0.00, personal_logits_support_absmax=0.0000, personal_query_trust_scale_mean=1.0000, personal_bad_rows_legacy=0.00, personal_fallback_rows_legacy=0.00, personal_logits_absmax_legacy=0.0000
2026-04-19 03:29:32,138 - INFO - [junyi|junyi_abce_best_no_E|lr=0.003|drop=0.40] [Diag][A] Epoch [021] | entropy_ratio=0.4915, diag_mass=0.0500, to_uniform_l2=0.007448, to_identity_l2=0.036726, relation_identity_delta=0.036726, knowledge_state_graph_delta=0.272050, knowledge_state_personal_delta=0.000000, share_concept_embeddings=True, tau_mean=0.6931, tau_std=0.0000, graph_reg_scale(train/val)=1.0000/1.0000
2026-04-19 03:29:32,138 - INFO - [junyi|junyi_abce_best_no_E|lr=0.003|drop=0.40] [Grad Norms] Epoch [021] | relation_emb=4.771369e-01, relation_tau=0.000000e+00, relation_wq=0.000000e+00, relation_wk=0.000000e+00, personal_u=0.000000e+00, personal_v=0.000000e+00, personal_alpha_bias=0.000000e+00, personal_gate_emb=0.000000e+00, personal_gate_state_proj=0.000000e+00, personal_gate_context_proj=0.000000e+00, personal_gate_state_direct=0.000000e+00, personal_gate_id_direct=0.000000e+00, personal_gate_context_direct=0.000000e+00, personal_gate_out=0.000000e+00, personal_generator_emb=0.000000e+00, personal_generator_context_proj=0.000000e+00, personal_generator_context_hidden=0.000000e+00, personal_generator_context_to_u=0.000000e+00, personal_generator_context_to_v=0.000000e+00, personal_generator_state_row=0.000000e+00, personal_generator_state_col=0.000000e+00, personal_generator_id_row=0.000000e+00, personal_generator_id_col=0.000000e+00, personal_generator_state_adapter=0.000000e+00, personal_generator_id_adapter=0.000000e+00, personal_generator_context_adapter=0.000000e+00, personal_generator_direct_scale=0.000000e+00
2026-04-19 03:29:32,322 - INFO - [junyi|junyi_abce_best_no_E|lr=0.003|drop=0.40] -> New best AUC=0.8231 at epoch 21
2026-04-19 03:30:20,095 - INFO - [junyi|junyi_abce_best_full|lr=0.003|drop=0.40] Epoch [012/100] | Train: Loss=0.5141, BCE=0.4992, Reg=0.0150, AUC=0.8079, ACC=0.7606, RMSE=0.4057 | Val: Loss=0.5055, BCE=0.4905, Reg=0.0150, AUC=0.8128, ACC=0.7684, RMSE=0.4006
2026-04-19 03:30:20,096 - INFO - [junyi|junyi_abce_best_full|lr=0.003|drop=0.40] [Reg Terms] Epoch [012] | Train: graph_entropy=0.000000, graph_diag=0.006003, graph_uniform=0.006753, graph_reg_scale=1.0000, prediction_l2=0.000000, personal_sparse=0.001187, alpha_var=0.000000, alpha_collapse=0.000005, reg_bce_ratio=0.0300 | Val: graph_entropy=0.000000, graph_diag=0.006000, graph_uniform=0.006753, graph_reg_scale=1.0000, prediction_l2=0.000000, personal_sparse=0.001184, alpha_var=0.000000, alpha_collapse=0.000001, reg_bce_ratio=0.0305
2026-04-19 03:30:20,334 - INFO - [junyi|junyi_abce_best_full|lr=0.003|drop=0.40] [Diag][AE] Epoch [012] | irt_abs_mean=1.7615, irt_std=0.9471, personal_warmup_scale=1.00, graph_row_entropy=3.2177, graph_entropy_ratio=0.4915, alpha_mean=0.1299, alpha_std=0.0421, alpha_base_mean=0.1300, alpha_delta_absmean=0.0292, alpha_saturation_ratio=0.0000, alpha_bias_std=NA, alpha_state_path=0.6204, alpha_id_path=0.0000, alpha_bias_path=0.0000, head_bias_path=0.1719, personal_row_entropy=2.3550, personal_matrix_delta=0.0454, personal_matrix_student_std=0.0521, personal_delta_pre_softmax_norm=2.5794, personal_delta_student_std=2.5530, alpha_head_std=0.0403, query_row_global_readout_delta=0.0319, query_row_personal_message_delta=0.0003, query_row_posterior_delta_abs=0.0454, query_row_posterior_kl=0.0345, query_row_delta_local_rms_raw=0.0035, query_row_message_projection_gain=0.0771, personal_to_graph_query_ratio=0.0089, query_row_global_support_mass=1.4878, query_row_personal_support_mass=1.4878, neighbor_row_personal_delta=0.0000, personal_row_budget_mean=1.3000, personal_query_row_std=0.2099, readout_query_support_mass=1.4878, personal_student_mix=0.0501, personal_student_adapter=0.0400, local_row_ratio=0.0690, support_density=1.0000, readout_query_delta=0.0319, personal_bad_rows_active=0.00, personal_fallback_rows_active=0.00, personal_bad_row_rate_active=0.0000, personal_padded_rows=0.00, personal_logits_support_absmax=6.8315, personal_query_trust_scale_mean=1.0000, personal_bad_rows_legacy=0.00, personal_fallback_rows_legacy=0.00, personal_logits_absmax_legacy=6.8315
2026-04-19 03:30:20,334 - INFO - [junyi|junyi_abce_best_full|lr=0.003|drop=0.40] [Diag][A] Epoch [012] | entropy_ratio=0.4915, diag_mass=0.0500, to_uniform_l2=0.007448, to_identity_l2=0.036726, relation_identity_delta=0.036726, knowledge_state_graph_delta=0.246882, knowledge_state_personal_delta=0.000000, share_concept_embeddings=True, tau_mean=0.6931, tau_std=0.0000, graph_reg_scale(train/val)=1.0000/1.0000
2026-04-19 03:30:20,334 - INFO - [junyi|junyi_abce_best_full|lr=0.003|drop=0.40] [Grad Norms] Epoch [012] | relation_emb=5.348428e-01, relation_tau=3.693273e-13, relation_wq=6.172898e-09, relation_wk=5.568175e-09, personal_u=5.529246e-04, personal_v=6.402005e-04, personal_alpha_bias=0.000000e+00, personal_gate_emb=0.000000e+00, personal_gate_state_proj=2.897780e-17, personal_gate_context_proj=4.860061e-13, personal_gate_state_direct=2.406188e-10, personal_gate_id_direct=0.000000e+00, personal_gate_context_direct=3.217428e-06, personal_gate_out=1.316885e-10, personal_generator_emb=7.887817e-22, personal_generator_context_proj=2.210764e-18, personal_generator_context_hidden=7.984534e-16, personal_generator_context_to_u=1.872703e-12, personal_generator_context_to_v=1.744043e-12, personal_generator_state_row=1.619467e-12, personal_generator_state_col=1.508776e-12, personal_generator_id_row=4.045086e-13, personal_generator_id_col=3.767175e-13, personal_generator_state_adapter=5.032166e-17, personal_generator_id_adapter=5.696254e-23, personal_generator_context_adapter=3.110873e-17, personal_generator_direct_scale=1.770654e-06
2026-04-19 03:30:21,189 - INFO - [junyi|junyi_abce_best_full|lr=0.003|drop=0.40] -> New best AUC=0.8128 at epoch 12
2026-04-19 03:30:35,114 - INFO - [junyi|junyi_abce_best_no_E|lr=0.003|drop=0.40] Epoch [022/100] | Train: Loss=0.4791, BCE=0.4664, Reg=0.0128, AUC=0.8359, ACC=0.7821, RMSE=0.3895 | Val: Loss=0.4942, BCE=0.4814, Reg=0.0128, AUC=0.8234, ACC=0.7752, RMSE=0.3963
2026-04-19 03:30:35,114 - INFO - [junyi|junyi_abce_best_no_E|lr=0.003|drop=0.40] [Reg Terms] Epoch [022] | Train: graph_entropy=0.000000, graph_diag=0.006003, graph_uniform=0.006753, graph_reg_scale=1.0000, prediction_l2=0.000000, personal_sparse=0.000000, alpha_var=0.000000, alpha_collapse=0.000000, reg_bce_ratio=0.0274 | Val: graph_entropy=0.000000, graph_diag=0.006000, graph_uniform=0.006753, graph_reg_scale=1.0000, prediction_l2=0.000000, personal_sparse=0.000000, alpha_var=0.000000, alpha_collapse=0.000000, reg_bce_ratio=0.0265
2026-04-19 03:30:35,326 - INFO - [junyi|junyi_abce_best_no_E|lr=0.003|drop=0.40] [Diag][AE] Epoch [022] | irt_abs_mean=1.9565, irt_std=1.1194, personal_warmup_scale=1.00, graph_row_entropy=3.2177, graph_entropy_ratio=0.4915, alpha_mean=0.0000, alpha_std=0.0000, alpha_base_mean=0.0000, alpha_delta_absmean=0.0000, alpha_saturation_ratio=0.0000, alpha_bias_std=NA, alpha_state_path=0.0000, alpha_id_path=0.0000, alpha_bias_path=0.0000, head_bias_path=0.0000, personal_row_entropy=0.0000, personal_matrix_delta=0.0000, personal_matrix_student_std=0.0000, personal_delta_pre_softmax_norm=0.0000, personal_delta_student_std=0.0000, alpha_head_std=0.0000, query_row_global_readout_delta=0.0357, query_row_personal_message_delta=0.0000, query_row_posterior_delta_abs=0.0000, query_row_posterior_kl=0.0000, query_row_delta_local_rms_raw=0.0000, query_row_message_projection_gain=0.0000, personal_to_graph_query_ratio=0.0000, query_row_global_support_mass=2.3519, query_row_personal_support_mass=0.0000, neighbor_row_personal_delta=0.0000, personal_row_budget_mean=0.0000, personal_query_row_std=0.0000, readout_query_support_mass=2.3519, personal_student_mix=0.0000, personal_student_adapter=0.0000, local_row_ratio=0.0000, support_density=0.0000, readout_query_delta=0.0357, personal_bad_rows_active=0.00, personal_fallback_rows_active=0.00, personal_bad_row_rate_active=0.0000, personal_padded_rows=0.00, personal_logits_support_absmax=0.0000, personal_query_trust_scale_mean=1.0000, personal_bad_rows_legacy=0.00, personal_fallback_rows_legacy=0.00, personal_logits_absmax_legacy=0.0000
2026-04-19 03:30:35,326 - INFO - [junyi|junyi_abce_best_no_E|lr=0.003|drop=0.40] [Diag][A] Epoch [022] | entropy_ratio=0.4915, diag_mass=0.0500, to_uniform_l2=0.007448, to_identity_l2=0.036726, relation_identity_delta=0.036726, knowledge_state_graph_delta=0.280995, knowledge_state_personal_delta=0.000000, share_concept_embeddings=True, tau_mean=0.6931, tau_std=0.0000, graph_reg_scale(train/val)=1.0000/1.0000
2026-04-19 03:30:35,327 - INFO - [junyi|junyi_abce_best_no_E|lr=0.003|drop=0.40] [Grad Norms] Epoch [022] | relation_emb=4.204540e-01, relation_tau=0.000000e+00, relation_wq=0.000000e+00, relation_wk=0.000000e+00, personal_u=0.000000e+00, personal_v=0.000000e+00, personal_alpha_bias=0.000000e+00, personal_gate_emb=0.000000e+00, personal_gate_state_proj=0.000000e+00, personal_gate_context_proj=0.000000e+00, personal_gate_state_direct=0.000000e+00, personal_gate_id_direct=0.000000e+00, personal_gate_context_direct=0.000000e+00, personal_gate_out=0.000000e+00, personal_generator_emb=0.000000e+00, personal_generator_context_proj=0.000000e+00, personal_generator_context_hidden=0.000000e+00, personal_generator_context_to_u=0.000000e+00, personal_generator_context_to_v=0.000000e+00, personal_generator_state_row=0.000000e+00, personal_generator_state_col=0.000000e+00, personal_generator_id_row=0.000000e+00, personal_generator_id_col=0.000000e+00, personal_generator_state_adapter=0.000000e+00, personal_generator_id_adapter=0.000000e+00, personal_generator_context_adapter=0.000000e+00, personal_generator_direct_scale=0.000000e+00
2026-04-19 03:30:35,519 - INFO - [junyi|junyi_abce_best_no_E|lr=0.003|drop=0.40] -> New best AUC=0.8234 at epoch 22
2026-04-19 03:31:38,595 - INFO - [junyi|junyi_abce_best_no_E|lr=0.003|drop=0.40] Epoch [023/100] | Train: Loss=0.4775, BCE=0.4647, Reg=0.0128, AUC=0.8373, ACC=0.7828, RMSE=0.3887 | Val: Loss=0.4921, BCE=0.4793, Reg=0.0128, AUC=0.8236, ACC=0.7745, RMSE=0.3953
2026-04-19 03:31:38,595 - INFO - [junyi|junyi_abce_best_no_E|lr=0.003|drop=0.40] [Reg Terms] Epoch [023] | Train: graph_entropy=0.000000, graph_diag=0.006005, graph_uniform=0.006753, graph_reg_scale=1.0000, prediction_l2=0.000000, personal_sparse=0.000000, alpha_var=0.000000, alpha_collapse=0.000000, reg_bce_ratio=0.0275 | Val: graph_entropy=0.000000, graph_diag=0.006000, graph_uniform=0.006753, graph_reg_scale=1.0000, prediction_l2=0.000000, personal_sparse=0.000000, alpha_var=0.000000, alpha_collapse=0.000000, reg_bce_ratio=0.0266
2026-04-19 03:31:38,811 - INFO - [junyi|junyi_abce_best_no_E|lr=0.003|drop=0.40] [Diag][AE] Epoch [023] | irt_abs_mean=1.8942, irt_std=1.1027, personal_warmup_scale=1.00, graph_row_entropy=3.2177, graph_entropy_ratio=0.4915, alpha_mean=0.0000, alpha_std=0.0000, alpha_base_mean=0.0000, alpha_delta_absmean=0.0000, alpha_saturation_ratio=0.0000, alpha_bias_std=NA, alpha_state_path=0.0000, alpha_id_path=0.0000, alpha_bias_path=0.0000, head_bias_path=0.0000, personal_row_entropy=0.0000, personal_matrix_delta=0.0000, personal_matrix_student_std=0.0000, personal_delta_pre_softmax_norm=0.0000, personal_delta_student_std=0.0000, alpha_head_std=0.0000, query_row_global_readout_delta=0.0404, query_row_personal_message_delta=0.0000, query_row_posterior_delta_abs=0.0000, query_row_posterior_kl=0.0000, query_row_delta_local_rms_raw=0.0000, query_row_message_projection_gain=0.0000, personal_to_graph_query_ratio=0.0000, query_row_global_support_mass=1.0345, query_row_personal_support_mass=0.0000, neighbor_row_personal_delta=0.0000, personal_row_budget_mean=0.0000, personal_query_row_std=0.0000, readout_query_support_mass=1.0345, personal_student_mix=0.0000, personal_student_adapter=0.0000, local_row_ratio=0.0000, support_density=0.0000, readout_query_delta=0.0404, personal_bad_rows_active=0.00, personal_fallback_rows_active=0.00, personal_bad_row_rate_active=0.0000, personal_padded_rows=0.00, personal_logits_support_absmax=0.0000, personal_query_trust_scale_mean=1.0000, personal_bad_rows_legacy=0.00, personal_fallback_rows_legacy=0.00, personal_logits_absmax_legacy=0.0000
2026-04-19 03:31:38,811 - INFO - [junyi|junyi_abce_best_no_E|lr=0.003|drop=0.40] [Diag][A] Epoch [023] | entropy_ratio=0.4915, diag_mass=0.0500, to_uniform_l2=0.007448, to_identity_l2=0.036726, relation_identity_delta=0.036726, knowledge_state_graph_delta=0.279717, knowledge_state_personal_delta=0.000000, share_concept_embeddings=True, tau_mean=0.6931, tau_std=0.0000, graph_reg_scale(train/val)=1.0000/1.0000
2026-04-19 03:31:38,811 - INFO - [junyi|junyi_abce_best_no_E|lr=0.003|drop=0.40] [Grad Norms] Epoch [023] | relation_emb=4.668853e-01, relation_tau=2.316003e-14, relation_wq=4.883517e-11, relation_wk=2.982205e-11, personal_u=0.000000e+00, personal_v=0.000000e+00, personal_alpha_bias=0.000000e+00, personal_gate_emb=0.000000e+00, personal_gate_state_proj=0.000000e+00, personal_gate_context_proj=0.000000e+00, personal_gate_state_direct=0.000000e+00, personal_gate_id_direct=0.000000e+00, personal_gate_context_direct=0.000000e+00, personal_gate_out=0.000000e+00, personal_generator_emb=0.000000e+00, personal_generator_context_proj=0.000000e+00, personal_generator_context_hidden=0.000000e+00, personal_generator_context_to_u=0.000000e+00, personal_generator_context_to_v=0.000000e+00, personal_generator_state_row=0.000000e+00, personal_generator_state_col=0.000000e+00, personal_generator_id_row=0.000000e+00, personal_generator_id_col=0.000000e+00, personal_generator_state_adapter=0.000000e+00, personal_generator_id_adapter=0.000000e+00, personal_generator_context_adapter=0.000000e+00, personal_generator_direct_scale=0.000000e+00
2026-04-19 03:31:38,970 - INFO - [junyi|junyi_abce_best_no_E|lr=0.003|drop=0.40] -> New best AUC=0.8236 at epoch 23
2026-04-19 03:31:59,859 - INFO - [junyi|junyi_abce_best_no_A|lr=0.003|drop=0.40] Epoch [009/100] | Train: Loss=0.5073, BCE=0.5058, Reg=0.0015, AUC=0.8014, ACC=0.7562, RMSE=0.4089 | Val: Loss=0.5039, BCE=0.5024, Reg=0.0015, AUC=0.8055, ACC=0.7644, RMSE=0.4063
2026-04-19 03:31:59,859 - INFO - [junyi|junyi_abce_best_no_A|lr=0.003|drop=0.40] [Reg Terms] Epoch [009] | Train: graph_entropy=0.000000, graph_diag=0.000000, graph_uniform=0.000000, graph_reg_scale=1.0000, prediction_l2=0.000000, personal_sparse=0.000000, alpha_var=0.000000, alpha_collapse=0.001504, reg_bce_ratio=0.0030 | Val: graph_entropy=0.000000, graph_diag=0.000000, graph_uniform=0.000000, graph_reg_scale=1.0000, prediction_l2=0.000000, personal_sparse=0.000000, alpha_var=0.000000, alpha_collapse=0.001509, reg_bce_ratio=0.0030
2026-04-19 03:32:00,078 - INFO - [junyi|junyi_abce_best_no_A|lr=0.003|drop=0.40] [Diag][AE] Epoch [009] | irt_abs_mean=1.7680, irt_std=0.8973, personal_warmup_scale=1.00, graph_row_entropy=0.0000, graph_entropy_ratio=0.0000, alpha_mean=0.1300, alpha_std=0.0412, alpha_base_mean=0.1300, alpha_delta_absmean=0.0275, alpha_saturation_ratio=0.0000, alpha_bias_std=NA, alpha_state_path=0.5726, alpha_id_path=0.0000, alpha_bias_path=0.0000, head_bias_path=0.2008, personal_row_entropy=0.0000, personal_matrix_delta=0.0000, personal_matrix_student_std=0.0000, personal_delta_pre_softmax_norm=0.0000, personal_delta_student_std=0.0000, alpha_head_std=0.0405, query_row_global_readout_delta=0.0000, query_row_personal_message_delta=0.0000, query_row_posterior_delta_abs=0.0000, query_row_posterior_kl=0.0000, query_row_delta_local_rms_raw=0.0000, query_row_message_projection_gain=0.0000, personal_to_graph_query_ratio=0.0000, query_row_global_support_mass=0.0000, query_row_personal_support_mass=0.0000, neighbor_row_personal_delta=0.0000, personal_row_budget_mean=1.3000, personal_query_row_std=0.0000, readout_query_support_mass=0.0000, personal_student_mix=0.0500, personal_student_adapter=0.0400, local_row_ratio=0.0014, support_density=1.0000, readout_query_delta=0.0000, personal_bad_rows_active=0.00, personal_fallback_rows_active=0.00, personal_bad_row_rate_active=0.0000, personal_padded_rows=0.00, personal_logits_support_absmax=0.0000, personal_query_trust_scale_mean=1.0000, personal_bad_rows_legacy=0.00, personal_fallback_rows_legacy=0.00, personal_logits_absmax_legacy=0.0000
2026-04-19 03:32:00,078 - INFO - [junyi|junyi_abce_best_no_A|lr=0.003|drop=0.40] [Diag][A] Epoch [009] | entropy_ratio=0.0000, diag_mass=1.0000, to_uniform_l2=0.037851, to_identity_l2=0.000000, relation_identity_delta=0.000000, knowledge_state_graph_delta=0.000000, knowledge_state_personal_delta=0.000000, share_concept_embeddings=True, tau_mean=0.0000, tau_std=0.0000, graph_reg_scale(train/val)=1.0000/1.0000
2026-04-19 03:32:00,078 - WARNING - [junyi|junyi_abce_best_no_A|lr=0.003|drop=0.40] [Diag Warning][E] personal_delta_student_std is near zero: personal_delta_student_std=0.000000, personal_delta_pre_softmax_norm=0.000000
2026-04-19 03:32:00,078 - WARNING - [junyi|junyi_abce_best_no_A|lr=0.003|drop=0.40] [Diag Warning][E] E-flat-at-query: personal_message=0.000000, posterior_delta=0.000000, posterior_kl=0.000000
2026-04-19 03:32:00,078 - INFO - [junyi|junyi_abce_best_no_A|lr=0.003|drop=0.40] [Grad Norms] Epoch [009] | relation_emb=0.000000e+00, relation_tau=0.000000e+00, relation_wq=0.000000e+00, relation_wk=0.000000e+00, personal_u=0.000000e+00, personal_v=0.000000e+00, personal_alpha_bias=0.000000e+00, personal_gate_emb=0.000000e+00, personal_gate_state_proj=3.523690e-13, personal_gate_context_proj=3.168444e-10, personal_gate_state_direct=2.346502e-06, personal_gate_id_direct=0.000000e+00, personal_gate_context_direct=2.109944e-03, personal_gate_out=5.532442e-07, personal_generator_emb=0.000000e+00, personal_generator_context_proj=0.000000e+00, personal_generator_context_hidden=0.000000e+00, personal_generator_context_to_u=0.000000e+00, personal_generator_context_to_v=0.000000e+00, personal_generator_state_row=0.000000e+00, personal_generator_state_col=0.000000e+00, personal_generator_id_row=0.000000e+00, personal_generator_id_col=0.000000e+00, personal_generator_state_adapter=0.000000e+00, personal_generator_id_adapter=0.000000e+00, personal_generator_context_adapter=0.000000e+00, personal_generator_direct_scale=0.000000e+00
2026-04-19 03:32:00,079 - INFO - [junyi|junyi_abce_best_no_A|lr=0.003|drop=0.40] -> No improvement 1 epoch(s) (best AUC=0.8081 @ 8)
2026-04-19 03:32:42,636 - INFO - [junyi|junyi_abce_best_no_E|lr=0.003|drop=0.40] Epoch [024/100] | Train: Loss=0.4759, BCE=0.4631, Reg=0.0128, AUC=0.8386, ACC=0.7840, RMSE=0.3879 | Val: Loss=0.4945, BCE=0.4818, Reg=0.0128, AUC=0.8218, ACC=0.7715, RMSE=0.3972
2026-04-19 03:32:42,637 - INFO - [junyi|junyi_abce_best_no_E|lr=0.003|drop=0.40] [Reg Terms] Epoch [024] | Train: graph_entropy=0.000000, graph_diag=0.006005, graph_uniform=0.006753, graph_reg_scale=1.0000, prediction_l2=0.000000, personal_sparse=0.000000, alpha_var=0.000000, alpha_collapse=0.000000, reg_bce_ratio=0.0275 | Val: graph_entropy=0.000000, graph_diag=0.006000, graph_uniform=0.006753, graph_reg_scale=1.0000, prediction_l2=0.000000, personal_sparse=0.000000, alpha_var=0.000000, alpha_collapse=0.000000, reg_bce_ratio=0.0265
2026-04-19 03:32:42,865 - INFO - [junyi|junyi_abce_best_no_E|lr=0.003|drop=0.40] [Diag][AE] Epoch [024] | irt_abs_mean=1.7349, irt_std=1.0975, personal_warmup_scale=1.00, graph_row_entropy=3.2177, graph_entropy_ratio=0.4915, alpha_mean=0.0000, alpha_std=0.0000, alpha_base_mean=0.0000, alpha_delta_absmean=0.0000, alpha_saturation_ratio=0.0000, alpha_bias_std=NA, alpha_state_path=0.0000, alpha_id_path=0.0000, alpha_bias_path=0.0000, head_bias_path=0.0000, personal_row_entropy=0.0000, personal_matrix_delta=0.0000, personal_matrix_student_std=0.0000, personal_delta_pre_softmax_norm=0.0000, personal_delta_student_std=0.0000, alpha_head_std=0.0000, query_row_global_readout_delta=0.0386, query_row_personal_message_delta=0.0000, query_row_posterior_delta_abs=0.0000, query_row_posterior_kl=0.0000, query_row_delta_local_rms_raw=0.0000, query_row_message_projection_gain=0.0000, personal_to_graph_query_ratio=0.0000, query_row_global_support_mass=0.6694, query_row_personal_support_mass=0.0000, neighbor_row_personal_delta=0.0000, personal_row_budget_mean=0.0000, personal_query_row_std=0.0000, readout_query_support_mass=0.6694, personal_student_mix=0.0000, personal_student_adapter=0.0000, local_row_ratio=0.0000, support_density=0.0000, readout_query_delta=0.0386, personal_bad_rows_active=0.00, personal_fallback_rows_active=0.00, personal_bad_row_rate_active=0.0000, personal_padded_rows=0.00, personal_logits_support_absmax=0.0000, personal_query_trust_scale_mean=1.0000, personal_bad_rows_legacy=0.00, personal_fallback_rows_legacy=0.00, personal_logits_absmax_legacy=0.0000
2026-04-19 03:32:42,865 - INFO - [junyi|junyi_abce_best_no_E|lr=0.003|drop=0.40] [Diag][A] Epoch [024] | entropy_ratio=0.4915, diag_mass=0.0500, to_uniform_l2=0.007448, to_identity_l2=0.036726, relation_identity_delta=0.036726, knowledge_state_graph_delta=0.277844, knowledge_state_personal_delta=0.000000, share_concept_embeddings=True, tau_mean=0.6931, tau_std=0.0000, graph_reg_scale(train/val)=1.0000/1.0000
2026-04-19 03:32:42,866 - INFO - [junyi|junyi_abce_best_no_E|lr=0.003|drop=0.40] [Grad Norms] Epoch [024] | relation_emb=5.725365e-01, relation_tau=3.626410e-13, relation_wq=7.312067e-10, relation_wk=7.665850e-10, personal_u=0.000000e+00, personal_v=0.000000e+00, personal_alpha_bias=0.000000e+00, personal_gate_emb=0.000000e+00, personal_gate_state_proj=0.000000e+00, personal_gate_context_proj=0.000000e+00, personal_gate_state_direct=0.000000e+00, personal_gate_id_direct=0.000000e+00, personal_gate_context_direct=0.000000e+00, personal_gate_out=0.000000e+00, personal_generator_emb=0.000000e+00, personal_generator_context_proj=0.000000e+00, personal_generator_context_hidden=0.000000e+00, personal_generator_context_to_u=0.000000e+00, personal_generator_context_to_v=0.000000e+00, personal_generator_state_row=0.000000e+00, personal_generator_state_col=0.000000e+00, personal_generator_id_row=0.000000e+00, personal_generator_id_col=0.000000e+00, personal_generator_state_adapter=0.000000e+00, personal_generator_id_adapter=0.000000e+00, personal_generator_context_adapter=0.000000e+00, personal_generator_direct_scale=0.000000e+00
2026-04-19 03:32:42,866 - INFO - [junyi|junyi_abce_best_no_E|lr=0.003|drop=0.40] -> No improvement 1 epoch(s) (best AUC=0.8236 @ 23)
2026-04-19 03:33:28,341 - INFO - [junyi|junyi_abce_best_full|lr=0.003|drop=0.40] Epoch [013/100] | Train: Loss=0.5132, BCE=0.4982, Reg=0.0150, AUC=0.8086, ACC=0.7606, RMSE=0.4054 | Val: Loss=0.5131, BCE=0.4981, Reg=0.0149, AUC=0.8117, ACC=0.7596, RMSE=0.4057
2026-04-19 03:33:28,341 - INFO - [junyi|junyi_abce_best_full|lr=0.003|drop=0.40] [Reg Terms] Epoch [013] | Train: graph_entropy=0.000000, graph_diag=0.006005, graph_uniform=0.006753, graph_reg_scale=1.0000, prediction_l2=0.000000, personal_sparse=0.001188, alpha_var=0.000000, alpha_collapse=0.000005, reg_bce_ratio=0.0300 | Val: graph_entropy=0.000000, graph_diag=0.006000, graph_uniform=0.006753, graph_reg_scale=1.0000, prediction_l2=0.000000, personal_sparse=0.001225, alpha_var=0.000000, alpha_collapse=0.000011, reg_bce_ratio=0.0299
2026-04-19 03:33:28,614 - INFO - [junyi|junyi_abce_best_full|lr=0.003|drop=0.40] [Diag][AE] Epoch [013] | irt_abs_mean=1.5610, irt_std=0.9293, personal_warmup_scale=1.00, graph_row_entropy=3.2177, graph_entropy_ratio=0.4915, alpha_mean=0.1301, alpha_std=0.0394, alpha_base_mean=0.1300, alpha_delta_absmean=0.0256, alpha_saturation_ratio=0.0000, alpha_bias_std=NA, alpha_state_path=0.5425, alpha_id_path=0.0000, alpha_bias_path=0.0000, head_bias_path=0.1773, personal_row_entropy=2.4504, personal_matrix_delta=0.0427, personal_matrix_student_std=0.0439, personal_delta_pre_softmax_norm=2.7845, personal_delta_student_std=2.6686, alpha_head_std=0.0371, query_row_global_readout_delta=0.0324, query_row_personal_message_delta=0.0001, query_row_posterior_delta_abs=0.0427, query_row_posterior_kl=0.0306, query_row_delta_local_rms_raw=0.0006, query_row_message_projection_gain=0.0132, personal_to_graph_query_ratio=0.0025, query_row_global_support_mass=0.7960, query_row_personal_support_mass=0.7960, neighbor_row_personal_delta=0.0000, personal_row_budget_mean=1.3000, personal_query_row_std=0.1566, readout_query_support_mass=0.7960, personal_student_mix=0.0500, personal_student_adapter=0.0400, local_row_ratio=0.0685, support_density=1.0000, readout_query_delta=0.0324, personal_bad_rows_active=0.00, personal_fallback_rows_active=0.00, personal_bad_row_rate_active=0.0000, personal_padded_rows=0.00, personal_logits_support_absmax=6.7882, personal_query_trust_scale_mean=1.0000, personal_bad_rows_legacy=0.00, personal_fallback_rows_legacy=0.00, personal_logits_absmax_legacy=6.7882
2026-04-19 03:33:28,614 - INFO - [junyi|junyi_abce_best_full|lr=0.003|drop=0.40] [Diag][A] Epoch [013] | entropy_ratio=0.4915, diag_mass=0.0500, to_uniform_l2=0.007448, to_identity_l2=0.036726, relation_identity_delta=0.036726, knowledge_state_graph_delta=0.249556, knowledge_state_personal_delta=0.000000, share_concept_embeddings=True, tau_mean=0.6932, tau_std=0.0000, graph_reg_scale(train/val)=1.0000/1.0000
2026-04-19 03:33:28,614 - INFO - [junyi|junyi_abce_best_full|lr=0.003|drop=0.40] [Grad Norms] Epoch [013] | relation_emb=5.914056e-01, relation_tau=4.055317e-12, relation_wq=6.432564e-09, relation_wk=6.398734e-09, personal_u=5.574068e-04, personal_v=1.612796e-04, personal_alpha_bias=0.000000e+00, personal_gate_emb=0.000000e+00, personal_gate_state_proj=8.143758e-16, personal_gate_context_proj=1.797021e-12, personal_gate_state_direct=1.780698e-08, personal_gate_id_direct=0.000000e+00, personal_gate_context_direct=4.931954e-05, personal_gate_out=6.161665e-09, personal_generator_emb=3.327200e-22, personal_generator_context_proj=3.474487e-18, personal_generator_context_hidden=2.233786e-15, personal_generator_context_to_u=9.996452e-12, personal_generator_context_to_v=9.897146e-13, personal_generator_state_row=7.103364e-12, personal_generator_state_col=7.033192e-13, personal_generator_id_row=1.776513e-12, personal_generator_id_col=1.758865e-13, personal_generator_state_adapter=1.851894e-16, personal_generator_id_adapter=1.421438e-23, personal_generator_context_adapter=1.967857e-16, personal_generator_direct_scale=3.750391e-07
2026-04-19 03:33:28,614 - INFO - [junyi|junyi_abce_best_full|lr=0.003|drop=0.40] -> No improvement 1 epoch(s) (best AUC=0.8128 @ 12)
2026-04-19 03:33:46,422 - INFO - [junyi|junyi_abce_best_no_E|lr=0.003|drop=0.40] Epoch [025/100] | Train: Loss=0.4738, BCE=0.4611, Reg=0.0128, AUC=0.8403, ACC=0.7845, RMSE=0.3869 | Val: Loss=0.4977, BCE=0.4849, Reg=0.0128, AUC=0.8210, ACC=0.7716, RMSE=0.3983
2026-04-19 03:33:46,422 - INFO - [junyi|junyi_abce_best_no_E|lr=0.003|drop=0.40] [Reg Terms] Epoch [025] | Train: graph_entropy=0.000000, graph_diag=0.006000, graph_uniform=0.006753, graph_reg_scale=1.0000, prediction_l2=0.000000, personal_sparse=0.000000, alpha_var=0.000000, alpha_collapse=0.000000, reg_bce_ratio=0.0277 | Val: graph_entropy=0.000000, graph_diag=0.006000, graph_uniform=0.006753, graph_reg_scale=1.0000, prediction_l2=0.000000, personal_sparse=0.000000, alpha_var=0.000000, alpha_collapse=0.000000, reg_bce_ratio=0.0263
2026-04-19 03:33:46,643 - INFO - [junyi|junyi_abce_best_no_E|lr=0.003|drop=0.40] [Diag][AE] Epoch [025] | irt_abs_mean=1.8686, irt_std=1.1155, personal_warmup_scale=1.00, graph_row_entropy=3.2177, graph_entropy_ratio=0.4915, alpha_mean=0.0000, alpha_std=0.0000, alpha_base_mean=0.0000, alpha_delta_absmean=0.0000, alpha_saturation_ratio=0.0000, alpha_bias_std=NA, alpha_state_path=0.0000, alpha_id_path=0.0000, alpha_bias_path=0.0000, head_bias_path=0.0000, personal_row_entropy=0.0000, personal_matrix_delta=0.0000, personal_matrix_student_std=0.0000, personal_delta_pre_softmax_norm=0.0000, personal_delta_student_std=0.0000, alpha_head_std=0.0000, query_row_global_readout_delta=0.0384, query_row_personal_message_delta=0.0000, query_row_posterior_delta_abs=0.0000, query_row_posterior_kl=0.0000, query_row_delta_local_rms_raw=0.0000, query_row_message_projection_gain=0.0000, personal_to_graph_query_ratio=0.0000, query_row_global_support_mass=0.7184, query_row_personal_support_mass=0.0000, neighbor_row_personal_delta=0.0000, personal_row_budget_mean=0.0000, personal_query_row_std=0.0000, readout_query_support_mass=0.7184, personal_student_mix=0.0000, personal_student_adapter=0.0000, local_row_ratio=0.0000, support_density=0.0000, readout_query_delta=0.0384, personal_bad_rows_active=0.00, personal_fallback_rows_active=0.00, personal_bad_row_rate_active=0.0000, personal_padded_rows=0.00, personal_logits_support_absmax=0.0000, personal_query_trust_scale_mean=1.0000, personal_bad_rows_legacy=0.00, personal_fallback_rows_legacy=0.00, personal_logits_absmax_legacy=0.0000
2026-04-19 03:33:46,643 - INFO - [junyi|junyi_abce_best_no_E|lr=0.003|drop=0.40] [Diag][A] Epoch [025] | entropy_ratio=0.4915, diag_mass=0.0500, to_uniform_l2=0.007448, to_identity_l2=0.036726, relation_identity_delta=0.036726, knowledge_state_graph_delta=0.287319, knowledge_state_personal_delta=0.000000, share_concept_embeddings=True, tau_mean=0.6931, tau_std=0.0000, graph_reg_scale(train/val)=1.0000/1.0000
2026-04-19 03:33:46,643 - INFO - [junyi|junyi_abce_best_no_E|lr=0.003|drop=0.40] [Grad Norms] Epoch [025] | relation_emb=5.646623e-01, relation_tau=3.440923e-13, relation_wq=1.084019e-09, relation_wk=1.086077e-09, personal_u=0.000000e+00, personal_v=0.000000e+00, personal_alpha_bias=0.000000e+00, personal_gate_emb=0.000000e+00, personal_gate_state_proj=0.000000e+00, personal_gate_context_proj=0.000000e+00, personal_gate_state_direct=0.000000e+00, personal_gate_id_direct=0.000000e+00, personal_gate_context_direct=0.000000e+00, personal_gate_out=0.000000e+00, personal_generator_emb=0.000000e+00, personal_generator_context_proj=0.000000e+00, personal_generator_context_hidden=0.000000e+00, personal_generator_context_to_u=0.000000e+00, personal_generator_context_to_v=0.000000e+00, personal_generator_state_row=0.000000e+00, personal_generator_state_col=0.000000e+00, personal_generator_id_row=0.000000e+00, personal_generator_id_col=0.000000e+00, personal_generator_state_adapter=0.000000e+00, personal_generator_id_adapter=0.000000e+00, personal_generator_context_adapter=0.000000e+00, personal_generator_direct_scale=0.000000e+00
2026-04-19 03:33:46,643 - INFO - [junyi|junyi_abce_best_no_E|lr=0.003|drop=0.40] -> No improvement 2 epoch(s) (best AUC=0.8236 @ 23)
2026-04-19 03:34:50,129 - INFO - [junyi|junyi_abce_best_no_E|lr=0.003|drop=0.40] Epoch [026/100] | Train: Loss=0.4594, BCE=0.4467, Reg=0.0128, AUC=0.8514, ACC=0.7949, RMSE=0.3795 | Val: Loss=0.5017, BCE=0.4890, Reg=0.0128, AUC=0.8215, ACC=0.7736, RMSE=0.3986
2026-04-19 03:34:50,129 - INFO - [junyi|junyi_abce_best_no_E|lr=0.003|drop=0.40] [Reg Terms] Epoch [026] | Train: graph_entropy=0.000000, graph_diag=0.006000, graph_uniform=0.006753, graph_reg_scale=1.0000, prediction_l2=0.000000, personal_sparse=0.000000, alpha_var=0.000000, alpha_collapse=0.000000, reg_bce_ratio=0.0286 | Val: graph_entropy=0.000000, graph_diag=0.006000, graph_uniform=0.006753, graph_reg_scale=1.0000, prediction_l2=0.000000, personal_sparse=0.000000, alpha_var=0.000000, alpha_collapse=0.000000, reg_bce_ratio=0.0261
2026-04-19 03:34:50,365 - INFO - [junyi|junyi_abce_best_no_E|lr=0.003|drop=0.40] [Diag][AE] Epoch [026] | irt_abs_mean=1.9930, irt_std=1.2005, personal_warmup_scale=1.00, graph_row_entropy=3.2177, graph_entropy_ratio=0.4915, alpha_mean=0.0000, alpha_std=0.0000, alpha_base_mean=0.0000, alpha_delta_absmean=0.0000, alpha_saturation_ratio=0.0000, alpha_bias_std=NA, alpha_state_path=0.0000, alpha_id_path=0.0000, alpha_bias_path=0.0000, head_bias_path=0.0000, personal_row_entropy=0.0000, personal_matrix_delta=0.0000, personal_matrix_student_std=0.0000, personal_delta_pre_softmax_norm=0.0000, personal_delta_student_std=0.0000, alpha_head_std=0.0000, query_row_global_readout_delta=0.0337, query_row_personal_message_delta=0.0000, query_row_posterior_delta_abs=0.0000, query_row_posterior_kl=0.0000, query_row_delta_local_rms_raw=0.0000, query_row_message_projection_gain=0.0000, personal_to_graph_query_ratio=0.0000, query_row_global_support_mass=2.1266, query_row_personal_support_mass=0.0000, neighbor_row_personal_delta=0.0000, personal_row_budget_mean=0.0000, personal_query_row_std=0.0000, readout_query_support_mass=2.1266, personal_student_mix=0.0000, personal_student_adapter=0.0000, local_row_ratio=0.0000, support_density=0.0000, readout_query_delta=0.0337, personal_bad_rows_active=0.00, personal_fallback_rows_active=0.00, personal_bad_row_rate_active=0.0000, personal_padded_rows=0.00, personal_logits_support_absmax=0.0000, personal_query_trust_scale_mean=1.0000, personal_bad_rows_legacy=0.00, personal_fallback_rows_legacy=0.00, personal_logits_absmax_legacy=0.0000
2026-04-19 03:34:50,365 - INFO - [junyi|junyi_abce_best_no_E|lr=0.003|drop=0.40] [Diag][A] Epoch [026] | entropy_ratio=0.4915, diag_mass=0.0500, to_uniform_l2=0.007448, to_identity_l2=0.036726, relation_identity_delta=0.036726, knowledge_state_graph_delta=0.303386, knowledge_state_personal_delta=0.000000, share_concept_embeddings=True, tau_mean=0.6931, tau_std=0.0000, graph_reg_scale(train/val)=1.0000/1.0000
2026-04-19 03:34:50,365 - INFO - [junyi|junyi_abce_best_no_E|lr=0.003|drop=0.40] [Grad Norms] Epoch [026] | relation_emb=8.037332e-01, relation_tau=0.000000e+00, relation_wq=0.000000e+00, relation_wk=0.000000e+00, personal_u=0.000000e+00, personal_v=0.000000e+00, personal_alpha_bias=0.000000e+00, personal_gate_emb=0.000000e+00, personal_gate_state_proj=0.000000e+00, personal_gate_context_proj=0.000000e+00, personal_gate_state_direct=0.000000e+00, personal_gate_id_direct=0.000000e+00, personal_gate_context_direct=0.000000e+00, personal_gate_out=0.000000e+00, personal_generator_emb=0.000000e+00, personal_generator_context_proj=0.000000e+00, personal_generator_context_hidden=0.000000e+00, personal_generator_context_to_u=0.000000e+00, personal_generator_context_to_v=0.000000e+00, personal_generator_state_row=0.000000e+00, personal_generator_state_col=0.000000e+00, personal_generator_id_row=0.000000e+00, personal_generator_id_col=0.000000e+00, personal_generator_state_adapter=0.000000e+00, personal_generator_id_adapter=0.000000e+00, personal_generator_context_adapter=0.000000e+00, personal_generator_direct_scale=0.000000e+00
2026-04-19 03:34:50,365 - INFO - [junyi|junyi_abce_best_no_E|lr=0.003|drop=0.40] -> No improvement 3 epoch(s) (best AUC=0.8236 @ 23)
2026-04-19 03:34:50,366 - INFO - [junyi|junyi_abce_best_no_E|lr=0.003|drop=0.40] Early stopping at epoch 26 (best AUC=0.8236 @ 23)
2026-04-19 03:34:50,371 - INFO - Epoch-wise metrics saved to checkpoints/abce_diag/remote_rerun_20260419_6ddddcc/junyi/seed42/best_no_E/metrics_history.csv
2026-04-19 03:34:50,373 - INFO - [junyi|junyi_abce_best_no_E|lr=0.003|drop=0.40] Training completed! Best Val AUC=0.8236 @ epoch 23
2026-04-19 03:34:50,607 - INFO - 
============================================================
         MODULE ACTIVITY REPORT
============================================================
Dataset: junyi | Seed: 42 | Epoch: 26

1. Concept Graph Module (A):
   - Mean row entropy: 3.218 / 6.547
   - Entropy ratio: 49.1%
   - Query readout delta: 0.0337
   - Status: LIVE (global graph is entering queried concept readout)

2. Personal Graph Module (E):
   - Status: DISABLED (use_personal_graph=False or no_E)

------------------------------------------------------------
SUMMARY:
   Active modules: Concept Graph (A)
   All enabled graph modules are functioning properly.
============================================================
2026-04-19 03:34:50,607 - INFO - [junyi|junyi_abce_best_no_E|lr=0.003|drop=0.40] Module activity saved to checkpoints/abce_diag/remote_rerun_20260419_6ddddcc/junyi/seed42/best_no_E/module_activity.json
2026-04-19 03:34:50,658 - INFO - Using device: cuda:0 (physical gpu 2)
2026-04-19 03:34:50,658 - INFO - Loading model from checkpoints/abce_diag/remote_rerun_20260419_6ddddcc/junyi/seed42/best_no_E/best_model.pth...
2026-04-19 03:34:50,719 - INFO - [Inference Filter] before=67063, after=60494, dropped=6569, coverage=90.20% (train-only seen student/item support)
2026-04-19 03:34:50,744 - INFO - Inference switches: ablate_module1=False | enable_module1=True | use_concept_graph=True | effective(num_gnn_layers=2)
2026-04-19 03:34:50,780 - INFO - [Inference] Ablation runtime check: args(ablate_module1=False) | expect(use_concept_graph=True,use_personal_graph=False) | model(enable_module1=True,use_concept_graph=True,use_personal_graph=False) | physical(has_knowledge_encoder=True,has_relation_learning=True,has_adaptive_gate=False,has_personal_generator=False)
2026-04-19 03:34:50,781 - INFO - [Inference] [Graph Init] graph_tau_mean=1.0055, graph_tau_std=0.0000, graph_dropout=0.000, use_personal_graph=False
2026-04-19 03:34:50,782 - INFO - Model loaded from epoch 23. Start testing...
[GPU] Status: [GPU 2: 20679MiB free]
2026-04-19 03:34:55,676 - INFO - [Test] 200/237 batches done, samples=51200
2026-04-19 03:34:56,597 - INFO - 
==================================================
2026-04-19 03:34:56,597 - INFO - Test Results:
2026-04-19 03:34:56,597 - INFO - AUC: 0.8285
2026-04-19 03:34:56,597 - INFO - ACC: 0.7706
2026-04-19 03:34:56,598 - INFO - RMSE: 0.3994
2026-04-19 03:34:56,598 - INFO - ==================================================
2026-04-19 03:34:56,613 - INFO - Summary appended to /home/zsh/ConceptSkillCDM/results/experiment_results.csv
2026-04-19 03:34:56,617 - INFO - Run completed.
2026-04-19 03:34:56,617 - INFO - Best validation AUC: 0.8236 at epoch 23
2026-04-19 03:34:56,617 - INFO - Test metrics - AUC: 0.8285, ACC: 0.7706, RMSE: 0.3994
2026-04-19 03:34:58,698 - INFO - [junyi|junyi_abce_best_no_A|lr=0.003|drop=0.40] Epoch [010/100] | Train: Loss=0.5071, BCE=0.5056, Reg=0.0015, AUC=0.8014, ACC=0.7564, RMSE=0.4088 | Val: Loss=0.5017, BCE=0.5002, Reg=0.0015, AUC=0.8053, ACC=0.7660, RMSE=0.4049
2026-04-19 03:34:58,698 - INFO - [junyi|junyi_abce_best_no_A|lr=0.003|drop=0.40] [Reg Terms] Epoch [010] | Train: graph_entropy=0.000000, graph_diag=0.000000, graph_uniform=0.000000, graph_reg_scale=1.0000, prediction_l2=0.000000, personal_sparse=0.000000, alpha_var=0.000000, alpha_collapse=0.001504, reg_bce_ratio=0.0030 | Val: graph_entropy=0.000000, graph_diag=0.000000, graph_uniform=0.000000, graph_reg_scale=1.0000, prediction_l2=0.000000, personal_sparse=0.000000, alpha_var=0.000000, alpha_collapse=0.001509, reg_bce_ratio=0.0030
2026-04-19 03:34:58,891 - INFO - [junyi|junyi_abce_best_no_A|lr=0.003|drop=0.40] [Diag][AE] Epoch [010] | irt_abs_mean=1.7016, irt_std=1.0666, personal_warmup_scale=1.00, graph_row_entropy=0.0000, graph_entropy_ratio=0.0000, alpha_mean=0.1300, alpha_std=0.0419, alpha_base_mean=0.1300, alpha_delta_absmean=0.0286, alpha_saturation_ratio=0.0000, alpha_bias_std=NA, alpha_state_path=0.6002, alpha_id_path=0.0000, alpha_bias_path=0.0000, head_bias_path=0.1875, personal_row_entropy=0.0000, personal_matrix_delta=0.0000, personal_matrix_student_std=0.0000, personal_delta_pre_softmax_norm=0.0000, personal_delta_student_std=0.0000, alpha_head_std=0.0407, query_row_global_readout_delta=0.0000, query_row_personal_message_delta=0.0000, query_row_posterior_delta_abs=0.0000, query_row_posterior_kl=0.0000, query_row_delta_local_rms_raw=0.0000, query_row_message_projection_gain=0.0000, personal_to_graph_query_ratio=0.0000, query_row_global_support_mass=0.0000, query_row_personal_support_mass=0.0000, neighbor_row_personal_delta=0.0000, personal_row_budget_mean=1.3000, personal_query_row_std=0.0000, readout_query_support_mass=0.0000, personal_student_mix=0.0500, personal_student_adapter=0.0400, local_row_ratio=0.0014, support_density=1.0000, readout_query_delta=0.0000, personal_bad_rows_active=0.00, personal_fallback_rows_active=0.00, personal_bad_row_rate_active=0.0000, personal_padded_rows=0.00, personal_logits_support_absmax=0.0000, personal_query_trust_scale_mean=1.0000, personal_bad_rows_legacy=0.00, personal_fallback_rows_legacy=0.00, personal_logits_absmax_legacy=0.0000
2026-04-19 03:34:58,892 - INFO - [junyi|junyi_abce_best_no_A|lr=0.003|drop=0.40] [Diag][A] Epoch [010] | entropy_ratio=0.0000, diag_mass=1.0000, to_uniform_l2=0.037851, to_identity_l2=0.000000, relation_identity_delta=0.000000, knowledge_state_graph_delta=0.000000, knowledge_state_personal_delta=0.000000, share_concept_embeddings=True, tau_mean=0.0000, tau_std=0.0000, graph_reg_scale(train/val)=1.0000/1.0000
2026-04-19 03:34:58,892 - WARNING - [junyi|junyi_abce_best_no_A|lr=0.003|drop=0.40] [Diag Warning][E] personal_delta_student_std is near zero: personal_delta_student_std=0.000000, personal_delta_pre_softmax_norm=0.000000
2026-04-19 03:34:58,892 - WARNING - [junyi|junyi_abce_best_no_A|lr=0.003|drop=0.40] [Diag Warning][E] E-flat-at-query: personal_message=0.000000, posterior_delta=0.000000, posterior_kl=0.000000
2026-04-19 03:34:58,892 - INFO - [junyi|junyi_abce_best_no_A|lr=0.003|drop=0.40] [Grad Norms] Epoch [010] | relation_emb=0.000000e+00, relation_tau=0.000000e+00, relation_wq=0.000000e+00, relation_wk=0.000000e+00, personal_u=0.000000e+00, personal_v=0.000000e+00, personal_alpha_bias=0.000000e+00, personal_gate_emb=0.000000e+00, personal_gate_state_proj=0.000000e+00, personal_gate_context_proj=0.000000e+00, personal_gate_state_direct=0.000000e+00, personal_gate_id_direct=0.000000e+00, personal_gate_context_direct=0.000000e+00, personal_gate_out=0.000000e+00, personal_generator_emb=0.000000e+00, personal_generator_context_proj=0.000000e+00, personal_generator_context_hidden=0.000000e+00, personal_generator_context_to_u=0.000000e+00, personal_generator_context_to_v=0.000000e+00, personal_generator_state_row=0.000000e+00, personal_generator_state_col=0.000000e+00, personal_generator_id_row=0.000000e+00, personal_generator_id_col=0.000000e+00, personal_generator_state_adapter=0.000000e+00, personal_generator_id_adapter=0.000000e+00, personal_generator_context_adapter=0.000000e+00, personal_generator_direct_scale=0.000000e+00
2026-04-19 03:34:58,892 - INFO - [junyi|junyi_abce_best_no_A|lr=0.003|drop=0.40] -> No improvement 2 epoch(s) (best AUC=0.8081 @ 8)
2026-04-19 03:34:59,011 - INFO - [junyi|junyi_abce_best_no_A|lr=0.003|drop=0.40] Checkpoint saved: checkpoints/abce_diag/remote_rerun_20260419_6ddddcc/junyi/seed42/best_no_A/checkpoint_epoch_10.pth
2026-04-19 03:34:59,276 - INFO - [junyi|junyi_abce_best_no_A|lr=0.003|drop=0.40] [Module Activity] Epoch 10: Personal[X]
/home/zsh/anaconda3/envs/xph_env/bin/python main.py --dataset_name junyi --model_variant junyi_abce_best_full --save_dir checkpoints/abce_diag/remote_rerun_20260419_6ddddcc/junyi/seed42/best_full --log_dir logs/abce_diag/remote_rerun_20260419_6ddddcc/junyi/seed42/best_full --seed 42 --generate_diagnosis False --alpha_min_target 0.04 --batch_size 64 --debug_graph_diag --diag_batches 1 --dropout 0.4 --early_stop_patience 3 --epochs 100 --graph_dropout 0.0 --graph_entropy_max 0.7 --graph_entropy_min 0.15 --graph_identity_residual 0.05 --graph_propagation_alpha 0.25 --graph_query_readout_2hop_scale 0.12 --graph_query_readout_scale 0.45 --graph_reg_cap_ratio 6.0 --graph_reg_warmup_epochs 2 --graph_tau_init 0.55 --graph_topk 24 --graph_uniform_margin 0.12 --knowledge_dim 128 --lambda_alpha 0.0 --lambda_alpha_min 0.05 --lambda_graph_diag 0.12 --lambda_graph_uniform 0.06 --lambda_personal_kl 0.03 --lambda_personal_query_residual 0.08 --lambda_sparse 0.6 --lambda_sparse_personal 0.0005 --learning_rate 0.003 --min_exer_interactions 0 --min_poison_count 0 --min_stu_interactions 15 --num_gnn_layers 2 --num_relation_heads 2 --num_workers 4 --patience 1 --personal_alpha_base_init 0.04 --personal_alpha_bias_scale 0.0 --personal_alpha_budget 0.09 --personal_alpha_temperature 1.8 --personal_delta_scale 4.0 --personal_disable_student_global_context --personal_id_lr_mult 0.25 --no-personal_include_neighbor_rows --personal_local_hops 1 --personal_max_alpha 0.26 --personal_neighbor_row_budget 0.2 --personal_query_correction_max_ratio 0.2 --personal_query_correction_min_graph_anchor 0.01 --personal_query_correction_scale 0.6 --personal_query_message_gain 1.0 --personal_query_residual_margin 0.05 --personal_query_row_budget 1.3 --personal_query_support_hops 1 --personal_rank 8 --personal_reg_warmup_epochs 5 --personal_state_lr_mult 1.5 --personal_student_dim 64 --personal_support_only --personal_warmup_epochs 5 --prediction_l2_lambda 1e-05 --save_interval 10 --share_concept_embeddings --use_personal_graph --weight_decay 0.001
[DONE] dataset=assist_09 seed=42 profile=best ablation=full exit=0 auc=0.7579140982793395
[PLAN] dataset=junyi seed=42 profile=best ablation=no_A gpu=1
       CMD: /home/zsh/anaconda3/envs/xph_env/bin/python main.py --dataset_name junyi --model_variant junyi_abce_best_no_A --save_dir checkpoints/abce_diag/remote_rerun_20260419_6ddddcc/junyi/seed42/best_no_A --log_dir logs/abce_diag/remote_rerun_20260419_6ddddcc/junyi/seed42/best_no_A --seed 42 --generate_diagnosis False --alpha_min_target 0.04 --batch_size 64 --debug_graph_diag --diag_batches 1 --dropout 0.4 --early_stop_patience 3 --epochs 100 --graph_dropout 0.0 --graph_entropy_max 0.7 --graph_entropy_min 0.15 --graph_identity_residual 0.05 --graph_propagation_alpha 0.25 --graph_query_readout_2hop_scale 0.12 --graph_query_readout_scale 0.45 --graph_reg_cap_ratio 6.0 --graph_reg_warmup_epochs 2 --graph_tau_init 0.55 --graph_topk 24 --graph_uniform_margin 0.12 --knowledge_dim 128 --lambda_alpha 0.0 --lambda_alpha_min 0.05 --lambda_graph_diag 0.12 --lambda_graph_uniform 0.06 --lambda_personal_kl 0.03 --lambda_personal_query_residual 0.08 --lambda_sparse 0.6 --lambda_sparse_personal 0.0005 --learning_rate 0.003 --min_exer_interactions 0 --min_poison_count 0 --min_stu_interactions 15 --num_gnn_layers 2 --num_relation_heads 2 --num_workers 4 --patience 1 --personal_alpha_base_init 0.04 --personal_alpha_bias_scale 0.0 --personal_alpha_budget 0.09 --personal_alpha_temperature 1.8 --personal_delta_scale 4.0 --personal_disable_student_global_context --personal_id_lr_mult 0.25 --no-personal_include_neighbor_rows --personal_local_hops 1 --personal_max_alpha 0.26 --personal_neighbor_row_budget 0.2 --personal_query_correction_max_ratio 0.2 --personal_query_correction_min_graph_anchor 0.01 --personal_query_correction_scale 0.6 --personal_query_message_gain 1.0 --personal_query_residual_margin 0.05 --personal_query_row_budget 1.3 --personal_query_support_hops 1 --personal_rank 8 --personal_reg_warmup_epochs 5 --personal_state_lr_mult 1.5 --personal_student_dim 64 --personal_support_only --personal_warmup_epochs 5 --prediction_l2_lambda 1e-05 --save_interval 10 --share_concept_embeddings --use_personal_graph --weight_decay 0.001 --ablate_concept_graph
[DONE] dataset=assist_09 seed=42 profile=best ablation=no_A exit=0 auc=0.7571471254905084
[PLAN] dataset=junyi seed=42 profile=best ablation=no_E gpu=2
       CMD: /home/zsh/anaconda3/envs/xph_env/bin/python main.py --dataset_name junyi --model_variant junyi_abce_best_no_E --save_dir checkpoints/abce_diag/remote_rerun_20260419_6ddddcc/junyi/seed42/best_no_E --log_dir logs/abce_diag/remote_rerun_20260419_6ddddcc/junyi/seed42/best_no_E --seed 42 --generate_diagnosis False --alpha_min_target 0.0 --batch_size 256 --debug_graph_diag --diag_batches 1 --dropout 0.4 --early_stop_patience 3 --epochs 100 --graph_dropout 0.0 --graph_entropy_max 0.7 --graph_entropy_min 0.15 --graph_identity_residual 0.05 --graph_propagation_alpha 0.25 --graph_query_readout_2hop_scale 0.12 --graph_query_readout_scale 0.45 --graph_reg_cap_ratio 6.0 --graph_reg_warmup_epochs 2 --graph_tau_init 0.55 --graph_topk 24 --graph_uniform_margin 0.12 --knowledge_dim 128 --lambda_alpha 0.0 --lambda_alpha_min 0.0 --lambda_graph_diag 0.12 --lambda_graph_uniform 0.06 --lambda_personal_kl 0.03 --lambda_personal_query_residual 0.08 --lambda_sparse 0.6 --lambda_sparse_personal 0.0 --learning_rate 0.003 --min_exer_interactions 0 --min_poison_count 0 --min_stu_interactions 15 --num_gnn_layers 2 --num_relation_heads 2 --num_workers 4 --patience 1 --personal_alpha_base_init 0.04 --personal_alpha_bias_scale 0.0 --personal_alpha_budget 0.09 --personal_alpha_temperature 1.8 --personal_delta_scale 4.0 --personal_disable_student_global_context --personal_id_lr_mult 0.25 --no-personal_include_neighbor_rows --personal_local_hops 1 --personal_max_alpha 0.26 --personal_neighbor_row_budget 0.2 --personal_query_correction_max_ratio 0.2 --personal_query_correction_min_graph_anchor 0.01 --personal_query_correction_scale 0.6 --personal_query_message_gain 1.0 --personal_query_residual_margin 0.05 --personal_query_row_budget 1.3 --personal_query_support_hops 1 --personal_rank 8 --personal_reg_warmup_epochs 5 --personal_state_lr_mult 1.5 --personal_student_dim 64 --personal_support_only --personal_warmup_epochs 5 --prediction_l2_lambda 1e-05 --save_interval 10 --share_concept_embeddings --no-use_personal_graph --weight_decay 0.001
[DONE] dataset=junyi seed=42 profile=best ablation=no_E exit=0 auc=0.828500511572543
[PLAN] dataset=junyi seed=42 profile=best ablation=no_E_bs64 gpu=2
       CMD: 2026-04-19 03:35:10,047 - INFO - Arguments:
2026-04-19 03:35:10,047 - INFO -   ablate_concept_graph: False
2026-04-19 03:35:10,047 - INFO -   ablate_module1: False
2026-04-19 03:35:10,047 - INFO -   allow_self_loop: True
2026-04-19 03:35:10,047 - INFO -   alpha_min_target: 0.0
2026-04-19 03:35:10,047 - INFO -   batch_size: 64
2026-04-19 03:35:10,047 - INFO -   data_dir: ./data/junyi
2026-04-19 03:35:10,048 - INFO -   dataset_name: junyi
2026-04-19 03:35:10,048 - INFO -   debug_graph_diag: True
2026-04-19 03:35:10,048 - INFO -   diag_batches: 1
2026-04-19 03:35:10,048 - INFO -   disable_self_loop: False
2026-04-19 03:35:10,048 - INFO -   dropout: 0.4
2026-04-19 03:35:10,048 - INFO -   early_stop_patience: 3
2026-04-19 03:35:10,048 - INFO -   enable_module1: True
2026-04-19 03:35:10,048 - INFO -   epochs: 100
2026-04-19 03:35:10,048 - INFO -   generate_diagnosis: False
2026-04-19 03:35:10,048 - INFO -   gnn_residual_weight: 0.5
2026-04-19 03:35:10,048 - INFO -   gpu_candidates: None
2026-04-19 03:35:10,048 - INFO -   gpu_ids: None
2026-04-19 03:35:10,048 - INFO -   gpu_memory_threshold: 2000
2026-04-19 03:35:10,048 - INFO -   gpus: None
2026-04-19 03:35:10,048 - INFO -   graph_dropout: 0.0
2026-04-19 03:35:10,048 - INFO -   graph_entropy_max: 0.7
2026-04-19 03:35:10,048 - INFO -   graph_entropy_min: 0.15
2026-04-19 03:35:10,048 - INFO -   graph_identity_residual: 0.05
2026-04-19 03:35:10,048 - INFO -   graph_propagation_alpha: 0.25
2026-04-19 03:35:10,048 - INFO -   graph_query_readout_2hop_scale: 0.12
2026-04-19 03:35:10,048 - INFO -   graph_query_readout_scale: 0.45
2026-04-19 03:35:10,048 - INFO -   graph_query_writeback_2hop_scale: 0.12
2026-04-19 03:35:10,048 - INFO -   graph_query_writeback_scale: 0.45
2026-04-19 03:35:10,048 - INFO -   graph_readout_1hop_scale: 0.45
2026-04-19 03:35:10,048 - INFO -   graph_readout_2hop_scale: 0.12
2026-04-19 03:35:10,048 - INFO -   graph_reg_cap_ratio: 6.0
2026-04-19 03:35:10,048 - INFO -   graph_reg_warmup_epochs: 2
2026-04-19 03:35:10,048 - INFO -   graph_tau_init: 0.55
2026-04-19 03:35:10,048 - INFO -   graph_topk: 24
2026-04-19 03:35:10,048 - INFO -   graph_uniform_margin: 0.12
2026-04-19 03:35:10,049 - INFO -   knowledge_dim: 128
2026-04-19 03:35:10,049 - INFO -   lambda_alpha: 0.0
2026-04-19 03:35:10,049 - INFO -   lambda_alpha_min: 0.0
2026-04-19 03:35:10,049 - INFO -   lambda_graph_diag: 0.12
2026-04-19 03:35:10,049 - INFO -   lambda_graph_uniform: 0.06
2026-04-19 03:35:10,049 - INFO -   lambda_personal_kl: 0.03
2026-04-19 03:35:10,049 - INFO -   lambda_personal_query_residual: 0.08
2026-04-19 03:35:10,049 - INFO -   lambda_sparse: 0.6
2026-04-19 03:35:10,049 - INFO -   lambda_sparse_personal: 0.0
2026-04-19 03:35:10,049 - INFO -   learning_rate: 0.003
2026-04-19 03:35:10,049 - INFO -   log_dir: logs/abce_diag/remote_rerun_20260419_6ddddcc/junyi/seed42/best_no_E_bs64
2026-04-19 03:35:10,049 - INFO -   max_test_batches: None
2026-04-19 03:35:10,049 - INFO -   max_train_batches: None
2026-04-19 03:35:10,049 - INFO -   max_val_batches: None
2026-04-19 03:35:10,049 - INFO -   min_exer_interactions: 0
2026-04-19 03:35:10,049 - INFO -   min_poison_count: 0
2026-04-19 03:35:10,049 - INFO -   min_stu_interactions: 15
2026-04-19 03:35:10,049 - INFO -   model_variant: junyi_abce_best_no_E_bs64
2026-04-19 03:35:10,049 - INFO -   multi_gpu: False
2026-04-19 03:35:10,049 - INFO -   no_cuda: False
2026-04-19 03:35:10,049 - INFO -   num_gnn_layers: 2
2026-04-19 03:35:10,049 - INFO -   num_gpus: 1
2026-04-19 03:35:10,049 - INFO -   num_relation_heads: 2
2026-04-19 03:35:10,049 - INFO -   num_workers: 4
2026-04-19 03:35:10,049 - INFO -   patience: 1
2026-04-19 03:35:10,049 - INFO -   personal_alpha_base_init: 0.04
2026-04-19 03:35:10,049 - INFO -   personal_alpha_bias_scale: 0.0
2026-04-19 03:35:10,049 - INFO -   personal_alpha_budget: 0.09
2026-04-19 03:35:10,049 - INFO -   personal_alpha_temperature: 1.8
2026-04-19 03:35:10,049 - INFO -   personal_delta_scale: 4.0
2026-04-19 03:35:10,050 - INFO -   personal_disable_student_global_context: True
2026-04-19 03:35:10,050 - INFO -   personal_id_lr_mult: 0.25
2026-04-19 03:35:10,050 - INFO -   personal_include_neighbor_rows: False
2026-04-19 03:35:10,050 - INFO -   personal_local_hops: 1
2026-04-19 03:35:10,050 - INFO -   personal_max_alpha: 0.26
2026-04-19 03:35:10,050 - INFO -   personal_neighbor_row_budget: 0.2
2026-04-19 03:35:10,050 - INFO -   personal_query_correction_max_ratio: 0.2
2026-04-19 03:35:10,050 - INFO -   personal_query_correction_min_graph_anchor: 0.01
2026-04-19 03:35:10,050 - INFO -   personal_query_correction_scale: 0.6
2026-04-19 03:35:10,050 - INFO -   personal_query_message_gain: 1.0
2026-04-19 03:35:10,050 - INFO -   personal_query_residual_margin: 0.05
2026-04-19 03:35:10,050 - INFO -   personal_query_row_budget: 1.3
2026-04-19 03:35:10,050 - INFO -   personal_query_support_hops: 1
2026-04-19 03:35:10,050 - INFO -   personal_rank: 8
2026-04-19 03:35:10,050 - INFO -   personal_reg_warmup_epochs: 5
2026-04-19 03:35:10,050 - INFO -   personal_state_lr_mult: 1.5
2026-04-19 03:35:10,050 - INFO -   personal_student_dim: 64
2026-04-19 03:35:10,050 - INFO -   personal_support_only: True
2026-04-19 03:35:10,050 - INFO -   personal_warmup_epochs: 5
2026-04-19 03:35:10,050 - INFO -   prediction_l2_lambda: 1e-05
2026-04-19 03:35:10,050 - INFO -   save_dir: checkpoints/abce_diag/remote_rerun_20260419_6ddddcc/junyi/seed42/best_no_E_bs64
2026-04-19 03:35:10,050 - INFO -   save_interval: 10
2026-04-19 03:35:10,050 - INFO -   seed: 42
2026-04-19 03:35:10,050 - INFO -   share_concept_embeddings: True
2026-04-19 03:35:10,050 - INFO -   use_concept_graph: True
2026-04-19 03:35:10,050 - INFO -   use_exercise_graph: True
2026-04-19 03:35:10,050 - INFO -   use_personal_graph: False
2026-04-19 03:35:10,050 - INFO -   weight_decay: 0.001
2026-04-19 03:35:10,160 - INFO - Using device: cuda:0 (physical gpu 2)
2026-04-19 03:35:10,160 - INFO - [junyi|junyi_abce_best_no_E_bs64|lr=0.003|drop=0.40] Loading datasets...
2026-04-19 03:35:10,161 - INFO - [junyi|junyi_abce_best_no_E_bs64|lr=0.003|drop=0.40] Regularization: graph_entropy(lambda_sparse)=0.600000, graph_diag=0.120000, graph_uniform=0.060000, personal_sparse=0.000000, personal_kl=0.030000, personal_query_residual=0.080000, alpha_penalty=0.000000, alpha_min=0.000000, prediction_l2=0.000010
2026-04-19 03:35:10,161 - INFO - [junyi|junyi_abce_best_no_E_bs64|lr=0.003|drop=0.40] Graph controls: entropy_band=[0.15, 0.70], uniform_margin=0.12, warmup_epochs=2, cap_ratio=6.00, graph_dropout=0.000, graph_tau_init=0.550
2026-04-19 03:35:10,161 - INFO - [junyi|junyi_abce_best_no_E_bs64|lr=0.003|drop=0.40] Personal controls: personal_max_alpha=0.260, personal_delta_scale=4.000, personal_warmup_epochs=5, personal_student_dim=64, alpha_min_target=0.0000, personal_local_hops=1, include_neighbor_rows=False, personal_support_only=True, personal_alpha_temperature=1.800, personal_alpha_budget=0.090, personal_query_row_budget=1.300, personal_neighbor_row_budget=0.200, personal_query_support_hops=1, personal_query_message_gain=1.000, personal_query_correction_scale=0.600, personal_state_lr_mult=1.500, personal_id_lr_mult=0.250, graph_propagation_alpha=0.250, graph_query_readout_scale=0.450, graph_query_readout_2hop_scale=0.120
2026-04-19 03:35:10,276 - INFO - [junyi] [数据清洗] 学生交互次数 < 15 次的学生：共移除 2188 个学生（仅统计用户数）
2026-04-19 03:35:10,296 - INFO - [junyi] [数据清洗] 学生冷启动过滤：在 train/valid/test 中共删除 35779 条记录。
2026-04-19 03:35:10,296 - INFO - [junyi] [数据清洗] 跳过题目冷门过滤（min_exer_interactions <= 0）。
2026-04-19 03:35:10,296 - INFO - [junyi] [数据清洗] 跳过毒题清洗（min_poison_count <= 0）。
2026-04-19 03:35:10,296 - INFO - [junyi] 正在构建ID映射...
2026-04-19 03:35:10,563 - INFO - [junyi] 正在构建Q矩阵...
2026-04-19 03:35:17,225 - INFO - [junyi] [数据清洗] Valid train-seen 过滤：before=22111, after=22111, dropped=0, coverage=100.00%
2026-04-19 03:35:17,231 - INFO - [junyi] [数据清洗] Test train-seen 过滤：before=60499, after=60494, dropped=5, coverage=99.99%
2026-04-19 03:35:17,237 - INFO - [junyi] [统计] 开始统计清洗后每道题的概念数量分布...
2026-04-19 03:35:17,242 - INFO - [junyi] [Train] 概念数统计：题目数=697, 平均概念数=1.0000, min=1, max=1, 1概念=697 (100.00%), ≥2概念=0 (0.00%)
2026-04-19 03:35:17,242 - INFO - [junyi] [Train] 概念数直方图（概念数: 题目数量）: {1: 697}
2026-04-19 03:35:17,243 - INFO - [junyi] [Valid] 概念数统计：题目数=614, 平均概念数=1.0000, min=1, max=1, 1概念=614 (100.00%), ≥2概念=0 (0.00%)
2026-04-19 03:35:17,243 - INFO - [junyi] [Valid] 概念数直方图（概念数: 题目数量）: {1: 614}
2026-04-19 03:35:17,244 - INFO - [junyi] [Test] 概念数统计：题目数=663, 平均概念数=1.0000, min=1, max=1, 1概念=663 (100.00%), ≥2概念=0 (0.00%)
2026-04-19 03:35:17,244 - INFO - [junyi] [Test] 概念数直方图（概念数: 题目数量）: {1: 663}
2026-04-19 03:35:17,244 - INFO - [junyi] [统计] 概念数量统计完成。
2026-04-19 03:35:17,244 - INFO - [junyi] 正在加载数据集...
2026-04-19 03:35:17,413 - INFO - [junyi|junyi_abce_best_no_E_bs64|lr=0.003|drop=0.40] Train samples: 235446, Val samples: 22111
2026-04-19 03:35:17,416 - INFO - [junyi|junyi_abce_best_no_E_bs64|lr=0.003|drop=0.40] Number of students: 7812
2026-04-19 03:35:17,416 - INFO - [junyi|junyi_abce_best_no_E_bs64|lr=0.003|drop=0.40] Number of exercises: 697
2026-04-19 03:35:17,416 - INFO - [junyi|junyi_abce_best_no_E_bs64|lr=0.003|drop=0.40] Number of concepts: 697
2026-04-19 03:35:17,416 - INFO - [junyi|junyi_abce_best_no_E_bs64|lr=0.003|drop=0.40] Creating model...
2026-04-19 03:35:17,417 - INFO - [junyi|junyi_abce_best_no_E_bs64|lr=0.003|drop=0.40] Ablation switches: ablate_module1=False | enable_module1=True | use_concept_graph=True | effective(num_gnn_layers=2)
2026-04-19 03:35:17,612 - INFO - [junyi|junyi_abce_best_no_E_bs64|lr=0.003|drop=0.40] Ablation runtime check: args(ablate_module1=False) | expect(use_concept_graph=True,use_personal_graph=False) | model(enable_module1=True,use_concept_graph=True,use_personal_graph=False) | physical(has_knowledge_encoder=True,has_relation_learning=True,has_adaptive_gate=False,has_personal_generator=False)
2026-04-19 03:35:17,612 - INFO - [junyi|junyi_abce_best_no_E_bs64|lr=0.003|drop=0.40] Debug diagnostics enabled: diag_batches=1
2026-04-19 03:35:17,641 - INFO - [junyi|junyi_abce_best_no_E_bs64|lr=0.003|drop=0.40] [Graph Init] graph_tau_mean=1.0055, graph_tau_std=0.0000, graph_dropout=0.000, use_personal_graph=False
2026-04-19 03:35:17,642 - INFO - [junyi|junyi_abce_best_no_E_bs64|lr=0.003|drop=0.40] Total parameters: 1,267,264
2026-04-19 03:35:17,642 - INFO - [junyi|junyi_abce_best_no_E_bs64|lr=0.003|drop=0.40] Trainable parameters: 1,267,264
2026-04-19 03:35:18,762 - INFO - [junyi|junyi_abce_best_no_E_bs64|lr=0.003|drop=0.40] Optimizer param groups: backbone@lr=0.003
2026-04-19 03:35:18,762 - INFO - [junyi|junyi_abce_best_no_E_bs64|lr=0.003|drop=0.40] Monitor config: scheduler=val_auc(max), best_checkpoint=val_auc(max), early_stop=val_auc(max)
2026-04-19 03:35:18,762 - INFO - [junyi|junyi_abce_best_no_E_bs64|lr=0.003|drop=0.40] Starting training...
[GPU] Status: [GPU 2: 24088MiB free]
2026-04-19 03:36:37,658 - INFO - [junyi|junyi_abce_best_full|lr=0.003|drop=0.40] Epoch [014/100] | Train: Loss=0.5137, BCE=0.4988, Reg=0.0149, AUC=0.8083, ACC=0.7595, RMSE=0.4056 | Val: Loss=0.5090, BCE=0.4941, Reg=0.0149, AUC=0.8111, ACC=0.7679, RMSE=0.4027
2026-04-19 03:36:37,659 - INFO - [junyi|junyi_abce_best_full|lr=0.003|drop=0.40] [Reg Terms] Epoch [014] | Train: graph_entropy=0.000000, graph_diag=0.006004, graph_uniform=0.006753, graph_reg_scale=1.0000, prediction_l2=0.000000, personal_sparse=0.001196, alpha_var=0.000000, alpha_collapse=0.000004, reg_bce_ratio=0.0300 | Val: graph_entropy=0.000000, graph_diag=0.006000, graph_uniform=0.006753, graph_reg_scale=1.0000, prediction_l2=0.000000, personal_sparse=0.001235, alpha_var=0.000000, alpha_collapse=0.000005, reg_bce_ratio=0.0301
2026-04-19 03:36:37,901 - INFO - [junyi|junyi_abce_best_full|lr=0.003|drop=0.40] [Diag][AE] Epoch [014] | irt_abs_mean=1.6674, irt_std=1.0533, personal_warmup_scale=1.00, graph_row_entropy=3.2177, graph_entropy_ratio=0.4915, alpha_mean=0.1304, alpha_std=0.0390, alpha_base_mean=0.1300, alpha_delta_absmean=0.0257, alpha_saturation_ratio=0.0000, alpha_bias_std=NA, alpha_state_path=0.5425, alpha_id_path=0.0000, alpha_bias_path=0.0000, head_bias_path=0.1739, personal_row_entropy=2.4983, personal_matrix_delta=0.0398, personal_matrix_student_std=0.0459, personal_delta_pre_softmax_norm=2.5081, personal_delta_student_std=2.4570, alpha_head_std=0.0370, query_row_global_readout_delta=0.0303, query_row_personal_message_delta=0.0001, query_row_posterior_delta_abs=0.0398, query_row_posterior_kl=0.0286, query_row_delta_local_rms_raw=0.0011, query_row_message_projection_gain=0.0276, personal_to_graph_query_ratio=0.0034, query_row_global_support_mass=0.9853, query_row_personal_support_mass=0.9853, neighbor_row_personal_delta=0.0000, personal_row_budget_mean=1.3000, personal_query_row_std=0.5724, readout_query_support_mass=0.9853, personal_student_mix=0.0503, personal_student_adapter=0.0400, local_row_ratio=0.0689, support_density=1.0000, readout_query_delta=0.0303, personal_bad_rows_active=0.00, personal_fallback_rows_active=0.00, personal_bad_row_rate_active=0.0000, personal_padded_rows=0.00, personal_logits_support_absmax=6.8707, personal_query_trust_scale_mean=1.0000, personal_bad_rows_legacy=0.00, personal_fallback_rows_legacy=0.00, personal_logits_absmax_legacy=6.8707
2026-04-19 03:36:37,901 - INFO - [junyi|junyi_abce_best_full|lr=0.003|drop=0.40] [Diag][A] Epoch [014] | entropy_ratio=0.4915, diag_mass=0.0500, to_uniform_l2=0.007448, to_identity_l2=0.036726, relation_identity_delta=0.036726, knowledge_state_graph_delta=0.247500, knowledge_state_personal_delta=0.000000, share_concept_embeddings=True, tau_mean=0.6931, tau_std=0.0000, graph_reg_scale(train/val)=1.0000/1.0000
2026-04-19 03:36:37,901 - INFO - [junyi|junyi_abce_best_full|lr=0.003|drop=0.40] [Grad Norms] Epoch [014] | relation_emb=5.238992e-01, relation_tau=3.342224e-12, relation_wq=6.337227e-09, relation_wk=6.387417e-09, personal_u=1.662856e-05, personal_v=9.935893e-05, personal_alpha_bias=0.000000e+00, personal_gate_emb=0.000000e+00, personal_gate_state_proj=3.016064e-16, personal_gate_context_proj=5.316640e-12, personal_gate_state_direct=7.940653e-09, personal_gate_id_direct=0.000000e+00, personal_gate_context_direct=1.392106e-04, personal_gate_out=9.587512e-09, personal_generator_emb=0.000000e+00, personal_generator_context_proj=1.164825e-19, personal_generator_context_hidden=6.141640e-17, personal_generator_context_to_u=1.422984e-14, personal_generator_context_to_v=1.731451e-13, personal_generator_state_row=9.415176e-15, personal_generator_state_col=1.145815e-13, personal_generator_id_row=2.353152e-15, personal_generator_id_col=2.863255e-14, personal_generator_state_adapter=3.679652e-18, personal_generator_id_adapter=1.566900e-24, personal_generator_context_adapter=6.028889e-18, personal_generator_direct_scale=2.565983e-08
2026-04-19 03:36:37,901 - INFO - [junyi|junyi_abce_best_full|lr=0.003|drop=0.40] -> No improvement 2 epoch(s) (best AUC=0.8128 @ 12)
2026-04-19 03:36:40,163 - INFO - [junyi|junyi_abce_best_no_E_bs64|lr=0.003|drop=0.40] Epoch [001/100] | Train: Loss=0.5317, BCE=0.5250, Reg=0.0067, AUC=0.7824, ACC=0.7400, RMSE=0.4187 | Val: Loss=0.5190, BCE=0.5126, Reg=0.0064, AUC=0.7934, ACC=0.7536, RMSE=0.4120
2026-04-19 03:36:40,164 - INFO - [junyi|junyi_abce_best_no_E_bs64|lr=0.003|drop=0.40] [Reg Terms] Epoch [001] | Train: graph_entropy=0.000000, graph_diag=0.003279, graph_uniform=0.003375, graph_reg_scale=1.0000, prediction_l2=0.000000, personal_sparse=0.000000, alpha_var=0.000000, alpha_collapse=0.000000, reg_bce_ratio=0.0127 | Val: graph_entropy=0.000000, graph_diag=0.003000, graph_uniform=0.003377, graph_reg_scale=1.0000, prediction_l2=0.000000, personal_sparse=0.000000, alpha_var=0.000000, alpha_collapse=0.000000, reg_bce_ratio=0.0124
2026-04-19 03:36:40,348 - INFO - [junyi|junyi_abce_best_no_E_bs64|lr=0.003|drop=0.40] [Diag][AE] Epoch [001] | irt_abs_mean=1.7839, irt_std=0.9090, personal_warmup_scale=1.00, graph_row_entropy=3.2177, graph_entropy_ratio=0.4915, alpha_mean=0.0000, alpha_std=0.0000, alpha_base_mean=0.0000, alpha_delta_absmean=0.0000, alpha_saturation_ratio=0.0000, alpha_bias_std=NA, alpha_state_path=0.0000, alpha_id_path=0.0000, alpha_bias_path=0.0000, head_bias_path=0.0000, personal_row_entropy=0.0000, personal_matrix_delta=0.0000, personal_matrix_student_std=0.0000, personal_delta_pre_softmax_norm=0.0000, personal_delta_student_std=0.0000, alpha_head_std=0.0000, query_row_global_readout_delta=0.0200, query_row_personal_message_delta=0.0000, query_row_posterior_delta_abs=0.0000, query_row_posterior_kl=0.0000, query_row_delta_local_rms_raw=0.0000, query_row_message_projection_gain=0.0000, personal_to_graph_query_ratio=0.0000, query_row_global_support_mass=0.8912, query_row_personal_support_mass=0.0000, neighbor_row_personal_delta=0.0000, personal_row_budget_mean=0.0000, personal_query_row_std=0.0000, readout_query_support_mass=0.8912, personal_student_mix=0.0000, personal_student_adapter=0.0000, local_row_ratio=0.0000, support_density=0.0000, readout_query_delta=0.0200, personal_bad_rows_active=0.00, personal_fallback_rows_active=0.00, personal_bad_row_rate_active=0.0000, personal_padded_rows=0.00, personal_logits_support_absmax=0.0000, personal_query_trust_scale_mean=1.0000, personal_bad_rows_legacy=0.00, personal_fallback_rows_legacy=0.00, personal_logits_absmax_legacy=0.0000
2026-04-19 03:36:40,348 - INFO - [junyi|junyi_abce_best_no_E_bs64|lr=0.003|drop=0.40] [Diag][A] Epoch [001] | entropy_ratio=0.4915, diag_mass=0.0500, to_uniform_l2=0.007448, to_identity_l2=0.036726, relation_identity_delta=0.036726, knowledge_state_graph_delta=0.258189, knowledge_state_personal_delta=0.000000, share_concept_embeddings=True, tau_mean=0.6931, tau_std=0.0000, graph_reg_scale(train/val)=1.0000/1.0000
2026-04-19 03:36:40,348 - INFO - [junyi|junyi_abce_best_no_E_bs64|lr=0.003|drop=0.40] [Grad Norms] Epoch [001] | relation_emb=2.988436e-01, relation_tau=5.958152e-12, relation_wq=4.642551e-09, relation_wk=4.002900e-09, personal_u=0.000000e+00, personal_v=0.000000e+00, personal_alpha_bias=0.000000e+00, personal_gate_emb=0.000000e+00, personal_gate_state_proj=0.000000e+00, personal_gate_context_proj=0.000000e+00, personal_gate_state_direct=0.000000e+00, personal_gate_id_direct=0.000000e+00, personal_gate_context_direct=0.000000e+00, personal_gate_out=0.000000e+00, personal_generator_emb=0.000000e+00, personal_generator_context_proj=0.000000e+00, personal_generator_context_hidden=0.000000e+00, personal_generator_context_to_u=0.000000e+00, personal_generator_context_to_v=0.000000e+00, personal_generator_state_row=0.000000e+00, personal_generator_state_col=0.000000e+00, personal_generator_id_row=0.000000e+00, personal_generator_id_col=0.000000e+00, personal_generator_state_adapter=0.000000e+00, personal_generator_id_adapter=0.000000e+00, personal_generator_context_adapter=0.000000e+00, personal_generator_direct_scale=0.000000e+00
2026-04-19 03:36:40,622 - INFO - [junyi|junyi_abce_best_no_E_bs64|lr=0.003|drop=0.40] -> New best AUC=0.7934 at epoch 1
2026-04-19 03:37:54,556 - INFO - [junyi|junyi_abce_best_no_A|lr=0.003|drop=0.40] Epoch [011/100] | Train: Loss=0.4972, BCE=0.4957, Reg=0.0015, AUC=0.8108, ACC=0.7626, RMSE=0.4039 | Val: Loss=0.4952, BCE=0.4937, Reg=0.0015, AUC=0.8151, ACC=0.7725, RMSE=0.4010
2026-04-19 03:37:54,556 - INFO - [junyi|junyi_abce_best_no_A|lr=0.003|drop=0.40] [Reg Terms] Epoch [011] | Train: graph_entropy=0.000000, graph_diag=0.000000, graph_uniform=0.000000, graph_reg_scale=1.0000, prediction_l2=0.000000, personal_sparse=0.000000, alpha_var=0.000000, alpha_collapse=0.001503, reg_bce_ratio=0.0030 | Val: graph_entropy=0.000000, graph_diag=0.000000, graph_uniform=0.000000, graph_reg_scale=1.0000, prediction_l2=0.000000, personal_sparse=0.000000, alpha_var=0.000000, alpha_collapse=0.001513, reg_bce_ratio=0.0031
2026-04-19 03:37:54,754 - INFO - [junyi|junyi_abce_best_no_A|lr=0.003|drop=0.40] [Diag][AE] Epoch [011] | irt_abs_mean=1.9568, irt_std=1.0002, personal_warmup_scale=1.00, graph_row_entropy=0.0000, graph_entropy_ratio=0.0000, alpha_mean=0.1300, alpha_std=0.0420, alpha_base_mean=0.1300, alpha_delta_absmean=0.0290, alpha_saturation_ratio=0.0000, alpha_bias_std=NA, alpha_state_path=0.6073, alpha_id_path=0.0000, alpha_bias_path=0.0000, head_bias_path=0.1877, personal_row_entropy=0.0000, personal_matrix_delta=0.0000, personal_matrix_student_std=0.0000, personal_delta_pre_softmax_norm=0.0000, personal_delta_student_std=0.0000, alpha_head_std=0.0412, query_row_global_readout_delta=0.0000, query_row_personal_message_delta=0.0000, query_row_posterior_delta_abs=0.0000, query_row_posterior_kl=0.0000, query_row_delta_local_rms_raw=0.0000, query_row_message_projection_gain=0.0000, personal_to_graph_query_ratio=0.0000, query_row_global_support_mass=0.0000, query_row_personal_support_mass=0.0000, neighbor_row_personal_delta=0.0000, personal_row_budget_mean=1.3000, personal_query_row_std=0.0000, readout_query_support_mass=0.0000, personal_student_mix=0.0500, personal_student_adapter=0.0400, local_row_ratio=0.0014, support_density=1.0000, readout_query_delta=0.0000, personal_bad_rows_active=0.00, personal_fallback_rows_active=0.00, personal_bad_row_rate_active=0.0000, personal_padded_rows=0.00, personal_logits_support_absmax=0.0000, personal_query_trust_scale_mean=1.0000, personal_bad_rows_legacy=0.00, personal_fallback_rows_legacy=0.00, personal_logits_absmax_legacy=0.0000
2026-04-19 03:37:54,754 - INFO - [junyi|junyi_abce_best_no_A|lr=0.003|drop=0.40] [Diag][A] Epoch [011] | entropy_ratio=0.0000, diag_mass=1.0000, to_uniform_l2=0.037851, to_identity_l2=0.000000, relation_identity_delta=0.000000, knowledge_state_graph_delta=0.000000, knowledge_state_personal_delta=0.000000, share_concept_embeddings=True, tau_mean=0.0000, tau_std=0.0000, graph_reg_scale(train/val)=1.0000/1.0000
2026-04-19 03:37:54,754 - WARNING - [junyi|junyi_abce_best_no_A|lr=0.003|drop=0.40] [Diag Warning][E] personal_delta_student_std is near zero: personal_delta_student_std=0.000000, personal_delta_pre_softmax_norm=0.000000
2026-04-19 03:37:54,754 - WARNING - [junyi|junyi_abce_best_no_A|lr=0.003|drop=0.40] [Diag Warning][E] E-flat-at-query: personal_message=0.000000, posterior_delta=0.000000, posterior_kl=0.000000
2026-04-19 03:37:54,754 - INFO - [junyi|junyi_abce_best_no_A|lr=0.003|drop=0.40] [Grad Norms] Epoch [011] | relation_emb=0.000000e+00, relation_tau=0.000000e+00, relation_wq=0.000000e+00, relation_wk=0.000000e+00, personal_u=0.000000e+00, personal_v=0.000000e+00, personal_alpha_bias=0.000000e+00, personal_gate_emb=0.000000e+00, personal_gate_state_proj=0.000000e+00, personal_gate_context_proj=0.000000e+00, personal_gate_state_direct=0.000000e+00, personal_gate_id_direct=0.000000e+00, personal_gate_context_direct=0.000000e+00, personal_gate_out=0.000000e+00, personal_generator_emb=0.000000e+00, personal_generator_context_proj=0.000000e+00, personal_generator_context_hidden=0.000000e+00, personal_generator_context_to_u=0.000000e+00, personal_generator_context_to_v=0.000000e+00, personal_generator_state_row=0.000000e+00, personal_generator_state_col=0.000000e+00, personal_generator_id_row=0.000000e+00, personal_generator_id_col=0.000000e+00, personal_generator_state_adapter=0.000000e+00, personal_generator_id_adapter=0.000000e+00, personal_generator_context_adapter=0.000000e+00, personal_generator_direct_scale=0.000000e+00
2026-04-19 03:37:55,437 - INFO - [junyi|junyi_abce_best_no_A|lr=0.003|drop=0.40] -> New best AUC=0.8151 at epoch 11
2026-04-19 03:38:01,468 - INFO - [junyi|junyi_abce_best_no_E_bs64|lr=0.003|drop=0.40] Epoch [002/100] | Train: Loss=0.5321, BCE=0.5193, Reg=0.0128, AUC=0.7881, ACC=0.7451, RMSE=0.4159 | Val: Loss=0.5265, BCE=0.5137, Reg=0.0128, AUC=0.7949, ACC=0.7581, RMSE=0.4111
2026-04-19 03:38:01,469 - INFO - [junyi|junyi_abce_best_no_E_bs64|lr=0.003|drop=0.40] [Reg Terms] Epoch [002] | Train: graph_entropy=0.000000, graph_diag=0.006008, graph_uniform=0.006753, graph_reg_scale=1.0000, prediction_l2=0.000000, personal_sparse=0.000000, alpha_var=0.000000, alpha_collapse=0.000000, reg_bce_ratio=0.0246 | Val: graph_entropy=0.000000, graph_diag=0.006000, graph_uniform=0.006753, graph_reg_scale=1.0000, prediction_l2=0.000000, personal_sparse=0.000000, alpha_var=0.000000, alpha_collapse=0.000000, reg_bce_ratio=0.0248
2026-04-19 03:38:01,648 - INFO - [junyi|junyi_abce_best_no_E_bs64|lr=0.003|drop=0.40] [Diag][AE] Epoch [002] | irt_abs_mean=1.6201, irt_std=1.0933, personal_warmup_scale=1.00, graph_row_entropy=3.2177, graph_entropy_ratio=0.4915, alpha_mean=0.0000, alpha_std=0.0000, alpha_base_mean=0.0000, alpha_delta_absmean=0.0000, alpha_saturation_ratio=0.0000, alpha_bias_std=NA, alpha_state_path=0.0000, alpha_id_path=0.0000, alpha_bias_path=0.0000, head_bias_path=0.0000, personal_row_entropy=0.0000, personal_matrix_delta=0.0000, personal_matrix_student_std=0.0000, personal_delta_pre_softmax_norm=0.0000, personal_delta_student_std=0.0000, alpha_head_std=0.0000, query_row_global_readout_delta=0.0186, query_row_personal_message_delta=0.0000, query_row_posterior_delta_abs=0.0000, query_row_posterior_kl=0.0000, query_row_delta_local_rms_raw=0.0000, query_row_message_projection_gain=0.0000, personal_to_graph_query_ratio=0.0000, query_row_global_support_mass=0.8387, query_row_personal_support_mass=0.0000, neighbor_row_personal_delta=0.0000, personal_row_budget_mean=0.0000, personal_query_row_std=0.0000, readout_query_support_mass=0.8387, personal_student_mix=0.0000, personal_student_adapter=0.0000, local_row_ratio=0.0000, support_density=0.0000, readout_query_delta=0.0186, personal_bad_rows_active=0.00, personal_fallback_rows_active=0.00, personal_bad_row_rate_active=0.0000, personal_padded_rows=0.00, personal_logits_support_absmax=0.0000, personal_query_trust_scale_mean=1.0000, personal_bad_rows_legacy=0.00, personal_fallback_rows_legacy=0.00, personal_logits_absmax_legacy=0.0000
2026-04-19 03:38:01,649 - INFO - [junyi|junyi_abce_best_no_E_bs64|lr=0.003|drop=0.40] [Diag][A] Epoch [002] | entropy_ratio=0.4915, diag_mass=0.0500, to_uniform_l2=0.007448, to_identity_l2=0.036726, relation_identity_delta=0.036726, knowledge_state_graph_delta=0.220332, knowledge_state_personal_delta=0.000000, share_concept_embeddings=True, tau_mean=0.6931, tau_std=0.0000, graph_reg_scale(train/val)=1.0000/1.0000
2026-04-19 03:38:01,649 - INFO - [junyi|junyi_abce_best_no_E_bs64|lr=0.003|drop=0.40] [Grad Norms] Epoch [002] | relation_emb=3.990306e-01, relation_tau=7.052018e-13, relation_wq=3.795976e-09, relation_wk=3.695701e-09, personal_u=0.000000e+00, personal_v=0.000000e+00, personal_alpha_bias=0.000000e+00, personal_gate_emb=0.000000e+00, personal_gate_state_proj=0.000000e+00, personal_gate_context_proj=0.000000e+00, personal_gate_state_direct=0.000000e+00, personal_gate_id_direct=0.000000e+00, personal_gate_context_direct=0.000000e+00, personal_gate_out=0.000000e+00, personal_generator_emb=0.000000e+00, personal_generator_context_proj=0.000000e+00, personal_generator_context_hidden=0.000000e+00, personal_generator_context_to_u=0.000000e+00, personal_generator_context_to_v=0.000000e+00, personal_generator_state_row=0.000000e+00, personal_generator_state_col=0.000000e+00, personal_generator_id_row=0.000000e+00, personal_generator_id_col=0.000000e+00, personal_generator_state_adapter=0.000000e+00, personal_generator_id_adapter=0.000000e+00, personal_generator_context_adapter=0.000000e+00, personal_generator_direct_scale=0.000000e+00
2026-04-19 03:38:01,828 - INFO - [junyi|junyi_abce_best_no_E_bs64|lr=0.003|drop=0.40] -> New best AUC=0.7949 at epoch 2
2026-04-19 03:39:24,516 - INFO - [junyi|junyi_abce_best_no_E_bs64|lr=0.003|drop=0.40] Epoch [003/100] | Train: Loss=0.5312, BCE=0.5184, Reg=0.0128, AUC=0.7891, ACC=0.7454, RMSE=0.4154 | Val: Loss=0.5245, BCE=0.5117, Reg=0.0128, AUC=0.7941, ACC=0.7556, RMSE=0.4114
2026-04-19 03:39:24,516 - INFO - [junyi|junyi_abce_best_no_E_bs64|lr=0.003|drop=0.40] [Reg Terms] Epoch [003] | Train: graph_entropy=0.000000, graph_diag=0.006009, graph_uniform=0.006753, graph_reg_scale=1.0000, prediction_l2=0.000000, personal_sparse=0.000000, alpha_var=0.000000, alpha_collapse=0.000000, reg_bce_ratio=0.0246 | Val: graph_entropy=0.000000, graph_diag=0.006000, graph_uniform=0.006753, graph_reg_scale=1.0000, prediction_l2=0.000000, personal_sparse=0.000000, alpha_var=0.000000, alpha_collapse=0.000000, reg_bce_ratio=0.0249
2026-04-19 03:39:24,704 - INFO - [junyi|junyi_abce_best_no_E_bs64|lr=0.003|drop=0.40] [Diag][AE] Epoch [003] | irt_abs_mean=1.5309, irt_std=0.9986, personal_warmup_scale=1.00, graph_row_entropy=3.2177, graph_entropy_ratio=0.4915, alpha_mean=0.0000, alpha_std=0.0000, alpha_base_mean=0.0000, alpha_delta_absmean=0.0000, alpha_saturation_ratio=0.0000, alpha_bias_std=NA, alpha_state_path=0.0000, alpha_id_path=0.0000, alpha_bias_path=0.0000, head_bias_path=0.0000, personal_row_entropy=0.0000, personal_matrix_delta=0.0000, personal_matrix_student_std=0.0000, personal_delta_pre_softmax_norm=0.0000, personal_delta_student_std=0.0000, alpha_head_std=0.0000, query_row_global_readout_delta=0.0209, query_row_personal_message_delta=0.0000, query_row_posterior_delta_abs=0.0000, query_row_posterior_kl=0.0000, query_row_delta_local_rms_raw=0.0000, query_row_message_projection_gain=0.0000, personal_to_graph_query_ratio=0.0000, query_row_global_support_mass=0.9413, query_row_personal_support_mass=0.0000, neighbor_row_personal_delta=0.0000, personal_row_budget_mean=0.0000, personal_query_row_std=0.0000, readout_query_support_mass=0.9413, personal_student_mix=0.0000, personal_student_adapter=0.0000, local_row_ratio=0.0000, support_density=0.0000, readout_query_delta=0.0209, personal_bad_rows_active=0.00, personal_fallback_rows_active=0.00, personal_bad_row_rate_active=0.0000, personal_padded_rows=0.00, personal_logits_support_absmax=0.0000, personal_query_trust_scale_mean=1.0000, personal_bad_rows_legacy=0.00, personal_fallback_rows_legacy=0.00, personal_logits_absmax_legacy=0.0000
2026-04-19 03:39:24,704 - INFO - [junyi|junyi_abce_best_no_E_bs64|lr=0.003|drop=0.40] [Diag][A] Epoch [003] | entropy_ratio=0.4915, diag_mass=0.0500, to_uniform_l2=0.007448, to_identity_l2=0.036726, relation_identity_delta=0.036726, knowledge_state_graph_delta=0.213308, knowledge_state_personal_delta=0.000000, share_concept_embeddings=True, tau_mean=0.6931, tau_std=0.0000, graph_reg_scale(train/val)=1.0000/1.0000
2026-04-19 03:39:24,705 - INFO - [junyi|junyi_abce_best_no_E_bs64|lr=0.003|drop=0.40] [Grad Norms] Epoch [003] | relation_emb=2.868351e-01, relation_tau=1.881233e-12, relation_wq=9.023596e-09, relation_wk=8.324402e-09, personal_u=0.000000e+00, personal_v=0.000000e+00, personal_alpha_bias=0.000000e+00, personal_gate_emb=0.000000e+00, personal_gate_state_proj=0.000000e+00, personal_gate_context_proj=0.000000e+00, personal_gate_state_direct=0.000000e+00, personal_gate_id_direct=0.000000e+00, personal_gate_context_direct=0.000000e+00, personal_gate_out=0.000000e+00, personal_generator_emb=0.000000e+00, personal_generator_context_proj=0.000000e+00, personal_generator_context_hidden=0.000000e+00, personal_generator_context_to_u=0.000000e+00, personal_generator_context_to_v=0.000000e+00, personal_generator_state_row=0.000000e+00, personal_generator_state_col=0.000000e+00, personal_generator_id_row=0.000000e+00, personal_generator_id_col=0.000000e+00, personal_generator_state_adapter=0.000000e+00, personal_generator_id_adapter=0.000000e+00, personal_generator_context_adapter=0.000000e+00, personal_generator_direct_scale=0.000000e+00
2026-04-19 03:39:24,705 - INFO - [junyi|junyi_abce_best_no_E_bs64|lr=0.003|drop=0.40] -> No improvement 1 epoch(s) (best AUC=0.7949 @ 2)
2026-04-19 03:39:45,426 - INFO - [junyi|junyi_abce_best_full|lr=0.003|drop=0.40] Epoch [015/100] | Train: Loss=0.5019, BCE=0.4870, Reg=0.0149, AUC=0.8190, ACC=0.7687, RMSE=0.3997 | Val: Loss=0.5022, BCE=0.4872, Reg=0.0150, AUC=0.8190, ACC=0.7750, RMSE=0.3981
2026-04-19 03:39:45,427 - INFO - [junyi|junyi_abce_best_full|lr=0.003|drop=0.40] [Reg Terms] Epoch [015] | Train: graph_entropy=0.000000, graph_diag=0.006002, graph_uniform=0.006753, graph_reg_scale=1.0000, prediction_l2=0.000000, personal_sparse=0.001193, alpha_var=0.000000, alpha_collapse=0.000003, reg_bce_ratio=0.0307 | Val: graph_entropy=0.000000, graph_diag=0.006000, graph_uniform=0.006753, graph_reg_scale=1.0000, prediction_l2=0.000000, personal_sparse=0.001191, alpha_var=0.000000, alpha_collapse=0.000033, reg_bce_ratio=0.0308
2026-04-19 03:39:45,673 - INFO - [junyi|junyi_abce_best_full|lr=0.003|drop=0.40] [Diag][AE] Epoch [015] | irt_abs_mean=1.7711, irt_std=1.0872, personal_warmup_scale=1.00, graph_row_entropy=3.2177, graph_entropy_ratio=0.4915, alpha_mean=0.1302, alpha_std=0.0370, alpha_base_mean=0.1301, alpha_delta_absmean=0.0240, alpha_saturation_ratio=0.0000, alpha_bias_std=NA, alpha_state_path=0.5047, alpha_id_path=0.0000, alpha_bias_path=0.0000, head_bias_path=0.1676, personal_row_entropy=2.3673, personal_matrix_delta=0.0456, personal_matrix_student_std=0.0492, personal_delta_pre_softmax_norm=2.7192, personal_delta_student_std=2.6462, alpha_head_std=0.0349, query_row_global_readout_delta=0.0329, query_row_personal_message_delta=0.0004, query_row_posterior_delta_abs=0.0456, query_row_posterior_kl=0.0342, query_row_delta_local_rms_raw=0.0055, query_row_message_projection_gain=0.1203, personal_to_graph_query_ratio=0.0133, query_row_global_support_mass=0.7493, query_row_personal_support_mass=0.7493, neighbor_row_personal_delta=0.0000, personal_row_budget_mean=1.3000, personal_query_row_std=0.1284, readout_query_support_mass=0.7493, personal_student_mix=0.0500, personal_student_adapter=0.0400, local_row_ratio=0.0688, support_density=1.0000, readout_query_delta=0.0328, personal_bad_rows_active=0.00, personal_fallback_rows_active=0.00, personal_bad_row_rate_active=0.0000, personal_padded_rows=0.00, personal_logits_support_absmax=6.6915, personal_query_trust_scale_mean=1.0000, personal_bad_rows_legacy=0.00, personal_fallback_rows_legacy=0.00, personal_logits_absmax_legacy=6.6915
2026-04-19 03:39:45,673 - INFO - [junyi|junyi_abce_best_full|lr=0.003|drop=0.40] [Diag][A] Epoch [015] | entropy_ratio=0.4915, diag_mass=0.0500, to_uniform_l2=0.007448, to_identity_l2=0.036726, relation_identity_delta=0.036726, knowledge_state_graph_delta=0.257854, knowledge_state_personal_delta=0.000000, share_concept_embeddings=True, tau_mean=0.6932, tau_std=0.0000, graph_reg_scale(train/val)=1.0000/1.0000
2026-04-19 03:39:45,673 - INFO - [junyi|junyi_abce_best_full|lr=0.003|drop=0.40] [Grad Norms] Epoch [015] | relation_emb=5.077445e-01, relation_tau=1.747831e-13, relation_wq=1.651879e-09, relation_wk=1.943670e-09, personal_u=3.753297e-05, personal_v=2.501836e-04, personal_alpha_bias=0.000000e+00, personal_gate_emb=0.000000e+00, personal_gate_state_proj=8.089048e-20, personal_gate_context_proj=4.545898e-15, personal_gate_state_direct=4.959037e-11, personal_gate_id_direct=0.000000e+00, personal_gate_context_direct=2.553107e-05, personal_gate_out=8.433595e-11, personal_generator_emb=0.000000e+00, personal_generator_context_proj=1.284529e-20, personal_generator_context_hidden=1.979559e-17, personal_generator_context_to_u=3.088235e-14, personal_generator_context_to_v=2.585192e-13, personal_generator_state_row=2.569138e-14, personal_generator_state_col=2.150875e-13, personal_generator_id_row=6.423056e-15, personal_generator_id_col=5.376804e-14, personal_generator_state_adapter=1.963476e-18, personal_generator_id_adapter=3.368833e-25, personal_generator_context_adapter=5.134230e-18, personal_generator_direct_scale=9.976528e-08
2026-04-19 03:39:46,382 - INFO - [junyi|junyi_abce_best_full|lr=0.003|drop=0.40] -> New best AUC=0.8190 at epoch 15
2026-04-19 03:40:45,949 - INFO - [junyi|junyi_abce_best_no_E_bs64|lr=0.003|drop=0.40] Epoch [004/100] | Train: Loss=0.5310, BCE=0.5182, Reg=0.0128, AUC=0.7892, ACC=0.7452, RMSE=0.4152 | Val: Loss=0.5256, BCE=0.5129, Reg=0.0128, AUC=0.7954, ACC=0.7547, RMSE=0.4117
2026-04-19 03:40:45,949 - INFO - [junyi|junyi_abce_best_no_E_bs64|lr=0.003|drop=0.40] [Reg Terms] Epoch [004] | Train: graph_entropy=0.000000, graph_diag=0.006010, graph_uniform=0.006753, graph_reg_scale=1.0000, prediction_l2=0.000000, personal_sparse=0.000000, alpha_var=0.000000, alpha_collapse=0.000000, reg_bce_ratio=0.0246 | Val: graph_entropy=0.000000, graph_diag=0.006000, graph_uniform=0.006753, graph_reg_scale=1.0000, prediction_l2=0.000000, personal_sparse=0.000000, alpha_var=0.000000, alpha_collapse=0.000000, reg_bce_ratio=0.0249
2026-04-19 03:40:46,152 - INFO - [junyi|junyi_abce_best_no_E_bs64|lr=0.003|drop=0.40] [Diag][AE] Epoch [004] | irt_abs_mean=1.5373, irt_std=0.9783, personal_warmup_scale=1.00, graph_row_entropy=3.2177, graph_entropy_ratio=0.4915, alpha_mean=0.0000, alpha_std=0.0000, alpha_base_mean=0.0000, alpha_delta_absmean=0.0000, alpha_saturation_ratio=0.0000, alpha_bias_std=NA, alpha_state_path=0.0000, alpha_id_path=0.0000, alpha_bias_path=0.0000, head_bias_path=0.0000, personal_row_entropy=0.0000, personal_matrix_delta=0.0000, personal_matrix_student_std=0.0000, personal_delta_pre_softmax_norm=0.0000, personal_delta_student_std=0.0000, alpha_head_std=0.0000, query_row_global_readout_delta=0.0198, query_row_personal_message_delta=0.0000, query_row_posterior_delta_abs=0.0000, query_row_posterior_kl=0.0000, query_row_delta_local_rms_raw=0.0000, query_row_message_projection_gain=0.0000, personal_to_graph_query_ratio=0.0000, query_row_global_support_mass=1.1813, query_row_personal_support_mass=0.0000, neighbor_row_personal_delta=0.0000, personal_row_budget_mean=0.0000, personal_query_row_std=0.0000, readout_query_support_mass=1.1813, personal_student_mix=0.0000, personal_student_adapter=0.0000, local_row_ratio=0.0000, support_density=0.0000, readout_query_delta=0.0198, personal_bad_rows_active=0.00, personal_fallback_rows_active=0.00, personal_bad_row_rate_active=0.0000, personal_padded_rows=0.00, personal_logits_support_absmax=0.0000, personal_query_trust_scale_mean=1.0000, personal_bad_rows_legacy=0.00, personal_fallback_rows_legacy=0.00, personal_logits_absmax_legacy=0.0000
2026-04-19 03:40:46,152 - INFO - [junyi|junyi_abce_best_no_E_bs64|lr=0.003|drop=0.40] [Diag][A] Epoch [004] | entropy_ratio=0.4915, diag_mass=0.0500, to_uniform_l2=0.007448, to_identity_l2=0.036726, relation_identity_delta=0.036726, knowledge_state_graph_delta=0.205532, knowledge_state_personal_delta=0.000000, share_concept_embeddings=True, tau_mean=0.6931, tau_std=0.0000, graph_reg_scale(train/val)=1.0000/1.0000
2026-04-19 03:40:46,152 - INFO - [junyi|junyi_abce_best_no_E_bs64|lr=0.003|drop=0.40] [Grad Norms] Epoch [004] | relation_emb=2.966844e-01, relation_tau=2.520899e-12, relation_wq=9.348559e-09, relation_wk=8.505409e-09, personal_u=0.000000e+00, personal_v=0.000000e+00, personal_alpha_bias=0.000000e+00, personal_gate_emb=0.000000e+00, personal_gate_state_proj=0.000000e+00, personal_gate_context_proj=0.000000e+00, personal_gate_state_direct=0.000000e+00, personal_gate_id_direct=0.000000e+00, personal_gate_context_direct=0.000000e+00, personal_gate_out=0.000000e+00, personal_generator_emb=0.000000e+00, personal_generator_context_proj=0.000000e+00, personal_generator_context_hidden=0.000000e+00, personal_generator_context_to_u=0.000000e+00, personal_generator_context_to_v=0.000000e+00, personal_generator_state_row=0.000000e+00, personal_generator_state_col=0.000000e+00, personal_generator_id_row=0.000000e+00, personal_generator_id_col=0.000000e+00, personal_generator_state_adapter=0.000000e+00, personal_generator_id_adapter=0.000000e+00, personal_generator_context_adapter=0.000000e+00, personal_generator_direct_scale=0.000000e+00
2026-04-19 03:40:46,377 - INFO - [junyi|junyi_abce_best_no_E_bs64|lr=0.003|drop=0.40] -> New best AUC=0.7954 at epoch 4
2026-04-19 03:40:50,281 - INFO - [junyi|junyi_abce_best_no_A|lr=0.003|drop=0.40] Epoch [012/100] | Train: Loss=0.4928, BCE=0.4913, Reg=0.0015, AUC=0.8144, ACC=0.7669, RMSE=0.4016 | Val: Loss=0.4893, BCE=0.4878, Reg=0.0015, AUC=0.8162, ACC=0.7747, RMSE=0.3986
2026-04-19 03:40:50,281 - INFO - [junyi|junyi_abce_best_no_A|lr=0.003|drop=0.40] [Reg Terms] Epoch [012] | Train: graph_entropy=0.000000, graph_diag=0.000000, graph_uniform=0.000000, graph_reg_scale=1.0000, prediction_l2=0.000000, personal_sparse=0.000000, alpha_var=0.000000, alpha_collapse=0.001504, reg_bce_ratio=0.0031 | Val: graph_entropy=0.000000, graph_diag=0.000000, graph_uniform=0.000000, graph_reg_scale=1.0000, prediction_l2=0.000000, personal_sparse=0.000000, alpha_var=0.000000, alpha_collapse=0.001509, reg_bce_ratio=0.0031
2026-04-19 03:40:50,487 - INFO - [junyi|junyi_abce_best_no_A|lr=0.003|drop=0.40] [Diag][AE] Epoch [012] | irt_abs_mean=1.8374, irt_std=0.9013, personal_warmup_scale=1.00, graph_row_entropy=0.0000, graph_entropy_ratio=0.0000, alpha_mean=0.1300, alpha_std=0.0417, alpha_base_mean=0.1300, alpha_delta_absmean=0.0284, alpha_saturation_ratio=0.0000, alpha_bias_std=NA, alpha_state_path=0.5946, alpha_id_path=0.0000, alpha_bias_path=0.0000, head_bias_path=0.1914, personal_row_entropy=0.0000, personal_matrix_delta=0.0000, personal_matrix_student_std=0.0000, personal_delta_pre_softmax_norm=0.0000, personal_delta_student_std=0.0000, alpha_head_std=0.0408, query_row_global_readout_delta=0.0000, query_row_personal_message_delta=0.0000, query_row_posterior_delta_abs=0.0000, query_row_posterior_kl=0.0000, query_row_delta_local_rms_raw=0.0000, query_row_message_projection_gain=0.0000, personal_to_graph_query_ratio=0.0000, query_row_global_support_mass=0.0000, query_row_personal_support_mass=0.0000, neighbor_row_personal_delta=0.0000, personal_row_budget_mean=1.3000, personal_query_row_std=0.0000, readout_query_support_mass=0.0000, personal_student_mix=0.0500, personal_student_adapter=0.0400, local_row_ratio=0.0014, support_density=1.0000, readout_query_delta=0.0000, personal_bad_rows_active=0.00, personal_fallback_rows_active=0.00, personal_bad_row_rate_active=0.0000, personal_padded_rows=0.00, personal_logits_support_absmax=0.0000, personal_query_trust_scale_mean=1.0000, personal_bad_rows_legacy=0.00, personal_fallback_rows_legacy=0.00, personal_logits_absmax_legacy=0.0000
2026-04-19 03:40:50,487 - INFO - [junyi|junyi_abce_best_no_A|lr=0.003|drop=0.40] [Diag][A] Epoch [012] | entropy_ratio=0.0000, diag_mass=1.0000, to_uniform_l2=0.037851, to_identity_l2=0.000000, relation_identity_delta=0.000000, knowledge_state_graph_delta=0.000000, knowledge_state_personal_delta=0.000000, share_concept_embeddings=True, tau_mean=0.0000, tau_std=0.0000, graph_reg_scale(train/val)=1.0000/1.0000
2026-04-19 03:40:50,487 - WARNING - [junyi|junyi_abce_best_no_A|lr=0.003|drop=0.40] [Diag Warning][E] personal_delta_student_std is near zero: personal_delta_student_std=0.000000, personal_delta_pre_softmax_norm=0.000000
2026-04-19 03:40:50,487 - WARNING - [junyi|junyi_abce_best_no_A|lr=0.003|drop=0.40] [Diag Warning][E] E-flat-at-query: personal_message=0.000000, posterior_delta=0.000000, posterior_kl=0.000000
2026-04-19 03:40:50,487 - INFO - [junyi|junyi_abce_best_no_A|lr=0.003|drop=0.40] [Grad Norms] Epoch [012] | relation_emb=0.000000e+00, relation_tau=0.000000e+00, relation_wq=0.000000e+00, relation_wk=0.000000e+00, personal_u=0.000000e+00, personal_v=0.000000e+00, personal_alpha_bias=0.000000e+00, personal_gate_emb=0.000000e+00, personal_gate_state_proj=0.000000e+00, personal_gate_context_proj=0.000000e+00, personal_gate_state_direct=0.000000e+00, personal_gate_id_direct=0.000000e+00, personal_gate_context_direct=0.000000e+00, personal_gate_out=0.000000e+00, personal_generator_emb=0.000000e+00, personal_generator_context_proj=0.000000e+00, personal_generator_context_hidden=0.000000e+00, personal_generator_context_to_u=0.000000e+00, personal_generator_context_to_v=0.000000e+00, personal_generator_state_row=0.000000e+00, personal_generator_state_col=0.000000e+00, personal_generator_id_row=0.000000e+00, personal_generator_id_col=0.000000e+00, personal_generator_state_adapter=0.000000e+00, personal_generator_id_adapter=0.000000e+00, personal_generator_context_adapter=0.000000e+00, personal_generator_direct_scale=0.000000e+00
2026-04-19 03:40:51,268 - INFO - [junyi|junyi_abce_best_no_A|lr=0.003|drop=0.40] -> New best AUC=0.8162 at epoch 12
2026-04-19 03:42:07,391 - INFO - [junyi|junyi_abce_best_no_E_bs64|lr=0.003|drop=0.40] Epoch [005/100] | Train: Loss=0.5304, BCE=0.5177, Reg=0.0128, AUC=0.7895, ACC=0.7462, RMSE=0.4150 | Val: Loss=0.5231, BCE=0.5103, Reg=0.0128, AUC=0.7962, ACC=0.7550, RMSE=0.4111
2026-04-19 03:42:07,391 - INFO - [junyi|junyi_abce_best_no_E_bs64|lr=0.003|drop=0.40] [Reg Terms] Epoch [005] | Train: graph_entropy=0.000000, graph_diag=0.006011, graph_uniform=0.006753, graph_reg_scale=1.0000, prediction_l2=0.000000, personal_sparse=0.000000, alpha_var=0.000000, alpha_collapse=0.000000, reg_bce_ratio=0.0247 | Val: graph_entropy=0.000000, graph_diag=0.006000, graph_uniform=0.006753, graph_reg_scale=1.0000, prediction_l2=0.000000, personal_sparse=0.000000, alpha_var=0.000000, alpha_collapse=0.000000, reg_bce_ratio=0.0250
2026-04-19 03:42:07,572 - INFO - [junyi|junyi_abce_best_no_E_bs64|lr=0.003|drop=0.40] [Diag][AE] Epoch [005] | irt_abs_mean=1.6098, irt_std=0.9658, personal_warmup_scale=1.00, graph_row_entropy=3.2177, graph_entropy_ratio=0.4915, alpha_mean=0.0000, alpha_std=0.0000, alpha_base_mean=0.0000, alpha_delta_absmean=0.0000, alpha_saturation_ratio=0.0000, alpha_bias_std=NA, alpha_state_path=0.0000, alpha_id_path=0.0000, alpha_bias_path=0.0000, head_bias_path=0.0000, personal_row_entropy=0.0000, personal_matrix_delta=0.0000, personal_matrix_student_std=0.0000, personal_delta_pre_softmax_norm=0.0000, personal_delta_student_std=0.0000, alpha_head_std=0.0000, query_row_global_readout_delta=0.0230, query_row_personal_message_delta=0.0000, query_row_posterior_delta_abs=0.0000, query_row_posterior_kl=0.0000, query_row_delta_local_rms_raw=0.0000, query_row_message_projection_gain=0.0000, personal_to_graph_query_ratio=0.0000, query_row_global_support_mass=0.9318, query_row_personal_support_mass=0.0000, neighbor_row_personal_delta=0.0000, personal_row_budget_mean=0.0000, personal_query_row_std=0.0000, readout_query_support_mass=0.9318, personal_student_mix=0.0000, personal_student_adapter=0.0000, local_row_ratio=0.0000, support_density=0.0000, readout_query_delta=0.0230, personal_bad_rows_active=0.00, personal_fallback_rows_active=0.00, personal_bad_row_rate_active=0.0000, personal_padded_rows=0.00, personal_logits_support_absmax=0.0000, personal_query_trust_scale_mean=1.0000, personal_bad_rows_legacy=0.00, personal_fallback_rows_legacy=0.00, personal_logits_absmax_legacy=0.0000
2026-04-19 03:42:07,572 - INFO - [junyi|junyi_abce_best_no_E_bs64|lr=0.003|drop=0.40] [Diag][A] Epoch [005] | entropy_ratio=0.4915, diag_mass=0.0500, to_uniform_l2=0.007448, to_identity_l2=0.036726, relation_identity_delta=0.036726, knowledge_state_graph_delta=0.210340, knowledge_state_personal_delta=0.000000, share_concept_embeddings=True, tau_mean=0.6932, tau_std=0.0000, graph_reg_scale(train/val)=1.0000/1.0000
2026-04-19 03:42:07,572 - INFO - [junyi|junyi_abce_best_no_E_bs64|lr=0.003|drop=0.40] [Grad Norms] Epoch [005] | relation_emb=3.843974e-01, relation_tau=1.512570e-12, relation_wq=1.142096e-08, relation_wk=1.097991e-08, personal_u=0.000000e+00, personal_v=0.000000e+00, personal_alpha_bias=0.000000e+00, personal_gate_emb=0.000000e+00, personal_gate_state_proj=0.000000e+00, personal_gate_context_proj=0.000000e+00, personal_gate_state_direct=0.000000e+00, personal_gate_id_direct=0.000000e+00, personal_gate_context_direct=0.000000e+00, personal_gate_out=0.000000e+00, personal_generator_emb=0.000000e+00, personal_generator_context_proj=0.000000e+00, personal_generator_context_hidden=0.000000e+00, personal_generator_context_to_u=0.000000e+00, personal_generator_context_to_v=0.000000e+00, personal_generator_state_row=0.000000e+00, personal_generator_state_col=0.000000e+00, personal_generator_id_row=0.000000e+00, personal_generator_id_col=0.000000e+00, personal_generator_state_adapter=0.000000e+00, personal_generator_id_adapter=0.000000e+00, personal_generator_context_adapter=0.000000e+00, personal_generator_direct_scale=0.000000e+00
2026-04-19 03:42:07,752 - INFO - [junyi|junyi_abce_best_no_E_bs64|lr=0.003|drop=0.40] -> New best AUC=0.7962 at epoch 5
2026-04-19 03:42:53,686 - INFO - [junyi|junyi_abce_best_full|lr=0.003|drop=0.40] Epoch [016/100] | Train: Loss=0.4995, BCE=0.4845, Reg=0.0150, AUC=0.8211, ACC=0.7702, RMSE=0.3984 | Val: Loss=0.4998, BCE=0.4848, Reg=0.0150, AUC=0.8201, ACC=0.7738, RMSE=0.3980
2026-04-19 03:42:53,686 - INFO - [junyi|junyi_abce_best_full|lr=0.003|drop=0.40] [Reg Terms] Epoch [016] | Train: graph_entropy=0.000000, graph_diag=0.006002, graph_uniform=0.006753, graph_reg_scale=1.0000, prediction_l2=0.000000, personal_sparse=0.001153, alpha_var=0.000000, alpha_collapse=0.000005, reg_bce_ratio=0.0310 | Val: graph_entropy=0.000000, graph_diag=0.006000, graph_uniform=0.006753, graph_reg_scale=1.0000, prediction_l2=0.000000, personal_sparse=0.001160, alpha_var=0.000000, alpha_collapse=0.000005, reg_bce_ratio=0.0309
2026-04-19 03:42:53,905 - INFO - [junyi|junyi_abce_best_full|lr=0.003|drop=0.40] [Diag][AE] Epoch [016] | irt_abs_mean=1.7642, irt_std=1.0271, personal_warmup_scale=1.00, graph_row_entropy=3.2177, graph_entropy_ratio=0.4915, alpha_mean=0.1300, alpha_std=0.0405, alpha_base_mean=0.1300, alpha_delta_absmean=0.0274, alpha_saturation_ratio=0.0000, alpha_bias_std=NA, alpha_state_path=0.5800, alpha_id_path=0.0000, alpha_bias_path=0.0000, head_bias_path=0.1719, personal_row_entropy=2.3111, personal_matrix_delta=0.0465, personal_matrix_student_std=0.0544, personal_delta_pre_softmax_norm=2.5159, personal_delta_student_std=2.4698, alpha_head_std=0.0385, query_row_global_readout_delta=0.0355, query_row_personal_message_delta=0.0002, query_row_posterior_delta_abs=0.0465, query_row_posterior_kl=0.0361, query_row_delta_local_rms_raw=0.0021, query_row_message_projection_gain=0.0460, personal_to_graph_query_ratio=0.0052, query_row_global_support_mass=0.6754, query_row_personal_support_mass=0.6754, neighbor_row_personal_delta=0.0000, personal_row_budget_mean=1.3000, personal_query_row_std=0.2204, readout_query_support_mass=0.6754, personal_student_mix=0.0500, personal_student_adapter=0.0400, local_row_ratio=0.0693, support_density=1.0000, readout_query_delta=0.0354, personal_bad_rows_active=0.00, personal_fallback_rows_active=0.00, personal_bad_row_rate_active=0.0000, personal_padded_rows=0.00, personal_logits_support_absmax=6.8297, personal_query_trust_scale_mean=1.0000, personal_bad_rows_legacy=0.00, personal_fallback_rows_legacy=0.00, personal_logits_absmax_legacy=6.8297
2026-04-19 03:42:53,905 - INFO - [junyi|junyi_abce_best_full|lr=0.003|drop=0.40] [Diag][A] Epoch [016] | entropy_ratio=0.4915, diag_mass=0.0500, to_uniform_l2=0.007448, to_identity_l2=0.036726, relation_identity_delta=0.036726, knowledge_state_graph_delta=0.274086, knowledge_state_personal_delta=0.000000, share_concept_embeddings=True, tau_mean=0.6931, tau_std=0.0000, graph_reg_scale(train/val)=1.0000/1.0000
2026-04-19 03:42:53,905 - INFO - [junyi|junyi_abce_best_full|lr=0.003|drop=0.40] [Grad Norms] Epoch [016] | relation_emb=5.749127e-01, relation_tau=4.639205e-13, relation_wq=1.904435e-09, relation_wk=1.815344e-09, personal_u=8.837794e-04, personal_v=6.836806e-04, personal_alpha_bias=0.000000e+00, personal_gate_emb=0.000000e+00, personal_gate_state_proj=2.705625e-16, personal_gate_context_proj=4.742399e-12, personal_gate_state_direct=8.894114e-09, personal_gate_id_direct=0.000000e+00, personal_gate_context_direct=1.554119e-04, personal_gate_out=1.231236e-08, personal_generator_emb=8.028681e-22, personal_generator_context_proj=1.721663e-19, personal_generator_context_hidden=2.310740e-16, personal_generator_context_to_u=1.984927e-12, personal_generator_context_to_v=6.650033e-13, personal_generator_state_row=2.189026e-12, personal_generator_state_col=7.329643e-13, personal_generator_id_row=5.464026e-13, personal_generator_id_col=1.830594e-13, personal_generator_state_adapter=1.084893e-17, personal_generator_id_adapter=9.064921e-24, personal_generator_context_adapter=3.311291e-17, personal_generator_direct_scale=2.813618e-07
2026-04-19 03:42:54,815 - INFO - [junyi|junyi_abce_best_full|lr=0.003|drop=0.40] -> New best AUC=0.8201 at epoch 16
2026-04-19 03:43:29,160 - INFO - [junyi|junyi_abce_best_no_E_bs64|lr=0.003|drop=0.40] Epoch [006/100] | Train: Loss=0.5289, BCE=0.5161, Reg=0.0128, AUC=0.7915, ACC=0.7473, RMSE=0.4142 | Val: Loss=0.5251, BCE=0.5123, Reg=0.0128, AUC=0.7966, ACC=0.7564, RMSE=0.4108
2026-04-19 03:43:29,160 - INFO - [junyi|junyi_abce_best_no_E_bs64|lr=0.003|drop=0.40] [Reg Terms] Epoch [006] | Train: graph_entropy=0.000000, graph_diag=0.006010, graph_uniform=0.006753, graph_reg_scale=1.0000, prediction_l2=0.000000, personal_sparse=0.000000, alpha_var=0.000000, alpha_collapse=0.000000, reg_bce_ratio=0.0247 | Val: graph_entropy=0.000000, graph_diag=0.006000, graph_uniform=0.006753, graph_reg_scale=1.0000, prediction_l2=0.000000, personal_sparse=0.000000, alpha_var=0.000000, alpha_collapse=0.000000, reg_bce_ratio=0.0249
2026-04-19 03:43:29,361 - INFO - [junyi|junyi_abce_best_no_E_bs64|lr=0.003|drop=0.40] [Diag][AE] Epoch [006] | irt_abs_mean=1.6924, irt_std=1.0291, personal_warmup_scale=1.00, graph_row_entropy=3.2177, graph_entropy_ratio=0.4915, alpha_mean=0.0000, alpha_std=0.0000, alpha_base_mean=0.0000, alpha_delta_absmean=0.0000, alpha_saturation_ratio=0.0000, alpha_bias_std=NA, alpha_state_path=0.0000, alpha_id_path=0.0000, alpha_bias_path=0.0000, head_bias_path=0.0000, personal_row_entropy=0.0000, personal_matrix_delta=0.0000, personal_matrix_student_std=0.0000, personal_delta_pre_softmax_norm=0.0000, personal_delta_student_std=0.0000, alpha_head_std=0.0000, query_row_global_readout_delta=0.0201, query_row_personal_message_delta=0.0000, query_row_posterior_delta_abs=0.0000, query_row_posterior_kl=0.0000, query_row_delta_local_rms_raw=0.0000, query_row_message_projection_gain=0.0000, personal_to_graph_query_ratio=0.0000, query_row_global_support_mass=1.0230, query_row_personal_support_mass=0.0000, neighbor_row_personal_delta=0.0000, personal_row_budget_mean=0.0000, personal_query_row_std=0.0000, readout_query_support_mass=1.0230, personal_student_mix=0.0000, personal_student_adapter=0.0000, local_row_ratio=0.0000, support_density=0.0000, readout_query_delta=0.0201, personal_bad_rows_active=0.00, personal_fallback_rows_active=0.00, personal_bad_row_rate_active=0.0000, personal_padded_rows=0.00, personal_logits_support_absmax=0.0000, personal_query_trust_scale_mean=1.0000, personal_bad_rows_legacy=0.00, personal_fallback_rows_legacy=0.00, personal_logits_absmax_legacy=0.0000
2026-04-19 03:43:29,361 - INFO - [junyi|junyi_abce_best_no_E_bs64|lr=0.003|drop=0.40] [Diag][A] Epoch [006] | entropy_ratio=0.4915, diag_mass=0.0500, to_uniform_l2=0.007448, to_identity_l2=0.036726, relation_identity_delta=0.036726, knowledge_state_graph_delta=0.221881, knowledge_state_personal_delta=0.000000, share_concept_embeddings=True, tau_mean=0.6931, tau_std=0.0000, graph_reg_scale(train/val)=1.0000/1.0000
2026-04-19 03:43:29,361 - INFO - [junyi|junyi_abce_best_no_E_bs64|lr=0.003|drop=0.40] [Grad Norms] Epoch [006] | relation_emb=3.481641e-01, relation_tau=8.213811e-13, relation_wq=8.974110e-09, relation_wk=8.276793e-09, personal_u=0.000000e+00, personal_v=0.000000e+00, personal_alpha_bias=0.000000e+00, personal_gate_emb=0.000000e+00, personal_gate_state_proj=0.000000e+00, personal_gate_context_proj=0.000000e+00, personal_gate_state_direct=0.000000e+00, personal_gate_id_direct=0.000000e+00, personal_gate_context_direct=0.000000e+00, personal_gate_out=0.000000e+00, personal_generator_emb=0.000000e+00, personal_generator_context_proj=0.000000e+00, personal_generator_context_hidden=0.000000e+00, personal_generator_context_to_u=0.000000e+00, personal_generator_context_to_v=0.000000e+00, personal_generator_state_row=0.000000e+00, personal_generator_state_col=0.000000e+00, personal_generator_id_row=0.000000e+00, personal_generator_id_col=0.000000e+00, personal_generator_state_adapter=0.000000e+00, personal_generator_id_adapter=0.000000e+00, personal_generator_context_adapter=0.000000e+00, personal_generator_direct_scale=0.000000e+00
2026-04-19 03:43:29,512 - INFO - [junyi|junyi_abce_best_no_E_bs64|lr=0.003|drop=0.40] -> New best AUC=0.7966 at epoch 6
2026-04-19 03:43:46,449 - INFO - [junyi|junyi_abce_best_no_A|lr=0.003|drop=0.40] Epoch [013/100] | Train: Loss=0.4920, BCE=0.4905, Reg=0.0015, AUC=0.8152, ACC=0.7674, RMSE=0.4012 | Val: Loss=0.4894, BCE=0.4879, Reg=0.0015, AUC=0.8174, ACC=0.7748, RMSE=0.3989
2026-04-19 03:43:46,449 - INFO - [junyi|junyi_abce_best_no_A|lr=0.003|drop=0.40] [Reg Terms] Epoch [013] | Train: graph_entropy=0.000000, graph_diag=0.000000, graph_uniform=0.000000, graph_reg_scale=1.0000, prediction_l2=0.000000, personal_sparse=0.000000, alpha_var=0.000000, alpha_collapse=0.001504, reg_bce_ratio=0.0031 | Val: graph_entropy=0.000000, graph_diag=0.000000, graph_uniform=0.000000, graph_reg_scale=1.0000, prediction_l2=0.000000, personal_sparse=0.000000, alpha_var=0.000000, alpha_collapse=0.001511, reg_bce_ratio=0.0031
2026-04-19 03:43:46,670 - INFO - [junyi|junyi_abce_best_no_A|lr=0.003|drop=0.40] [Diag][AE] Epoch [013] | irt_abs_mean=1.7021, irt_std=1.0286, personal_warmup_scale=1.00, graph_row_entropy=0.0000, graph_entropy_ratio=0.0000, alpha_mean=0.1300, alpha_std=0.0428, alpha_base_mean=0.1300, alpha_delta_absmean=0.0295, alpha_saturation_ratio=0.0000, alpha_bias_std=NA, alpha_state_path=0.6197, alpha_id_path=0.0000, alpha_bias_path=0.0000, head_bias_path=0.1895, personal_row_entropy=0.0000, personal_matrix_delta=0.0000, personal_matrix_student_std=0.0000, personal_delta_pre_softmax_norm=0.0000, personal_delta_student_std=0.0000, alpha_head_std=0.0418, query_row_global_readout_delta=0.0000, query_row_personal_message_delta=0.0000, query_row_posterior_delta_abs=0.0000, query_row_posterior_kl=0.0000, query_row_delta_local_rms_raw=0.0000, query_row_message_projection_gain=0.0000, personal_to_graph_query_ratio=0.0000, query_row_global_support_mass=0.0000, query_row_personal_support_mass=0.0000, neighbor_row_personal_delta=0.0000, personal_row_budget_mean=1.3000, personal_query_row_std=0.0000, readout_query_support_mass=0.0000, personal_student_mix=0.0500, personal_student_adapter=0.0400, local_row_ratio=0.0014, support_density=1.0000, readout_query_delta=0.0000, personal_bad_rows_active=0.00, personal_fallback_rows_active=0.00, personal_bad_row_rate_active=0.0000, personal_padded_rows=0.00, personal_logits_support_absmax=0.0000, personal_query_trust_scale_mean=1.0000, personal_bad_rows_legacy=0.00, personal_fallback_rows_legacy=0.00, personal_logits_absmax_legacy=0.0000
2026-04-19 03:43:46,670 - INFO - [junyi|junyi_abce_best_no_A|lr=0.003|drop=0.40] [Diag][A] Epoch [013] | entropy_ratio=0.0000, diag_mass=1.0000, to_uniform_l2=0.037851, to_identity_l2=0.000000, relation_identity_delta=0.000000, knowledge_state_graph_delta=0.000000, knowledge_state_personal_delta=0.000000, share_concept_embeddings=True, tau_mean=0.0000, tau_std=0.0000, graph_reg_scale(train/val)=1.0000/1.0000
2026-04-19 03:43:46,670 - WARNING - [junyi|junyi_abce_best_no_A|lr=0.003|drop=0.40] [Diag Warning][E] personal_delta_student_std is near zero: personal_delta_student_std=0.000000, personal_delta_pre_softmax_norm=0.000000
2026-04-19 03:43:46,671 - WARNING - [junyi|junyi_abce_best_no_A|lr=0.003|drop=0.40] [Diag Warning][E] E-flat-at-query: personal_message=0.000000, posterior_delta=0.000000, posterior_kl=0.000000
2026-04-19 03:43:46,671 - INFO - [junyi|junyi_abce_best_no_A|lr=0.003|drop=0.40] [Grad Norms] Epoch [013] | relation_emb=0.000000e+00, relation_tau=0.000000e+00, relation_wq=0.000000e+00, relation_wk=0.000000e+00, personal_u=0.000000e+00, personal_v=0.000000e+00, personal_alpha_bias=0.000000e+00, personal_gate_emb=0.000000e+00, personal_gate_state_proj=0.000000e+00, personal_gate_context_proj=0.000000e+00, personal_gate_state_direct=0.000000e+00, personal_gate_id_direct=0.000000e+00, personal_gate_context_direct=0.000000e+00, personal_gate_out=0.000000e+00, personal_generator_emb=0.000000e+00, personal_generator_context_proj=0.000000e+00, personal_generator_context_hidden=0.000000e+00, personal_generator_context_to_u=0.000000e+00, personal_generator_context_to_v=0.000000e+00, personal_generator_state_row=0.000000e+00, personal_generator_state_col=0.000000e+00, personal_generator_id_row=0.000000e+00, personal_generator_id_col=0.000000e+00, personal_generator_state_adapter=0.000000e+00, personal_generator_id_adapter=0.000000e+00, personal_generator_context_adapter=0.000000e+00, personal_generator_direct_scale=0.000000e+00
2026-04-19 03:43:47,599 - INFO - [junyi|junyi_abce_best_no_A|lr=0.003|drop=0.40] -> New best AUC=0.8174 at epoch 13
2026-04-19 03:44:51,125 - INFO - [junyi|junyi_abce_best_no_E_bs64|lr=0.003|drop=0.40] Epoch [007/100] | Train: Loss=0.5292, BCE=0.5164, Reg=0.0128, AUC=0.7912, ACC=0.7470, RMSE=0.4143 | Val: Loss=0.5191, BCE=0.5040, Reg=0.0151, AUC=0.7987, ACC=0.7579, RMSE=0.4077
2026-04-19 03:44:51,125 - INFO - [junyi|junyi_abce_best_no_E_bs64|lr=0.003|drop=0.40] [Reg Terms] Epoch [007] | Train: graph_entropy=0.000000, graph_diag=0.006010, graph_uniform=0.006753, graph_reg_scale=1.0000, prediction_l2=0.000000, personal_sparse=0.000000, alpha_var=0.000000, alpha_collapse=0.000000, reg_bce_ratio=0.0247 | Val: graph_entropy=0.000000, graph_diag=0.008375, graph_uniform=0.006742, graph_reg_scale=1.0000, prediction_l2=0.000000, personal_sparse=0.000000, alpha_var=0.000000, alpha_collapse=0.000000, reg_bce_ratio=0.0300
2026-04-19 03:44:51,315 - INFO - [junyi|junyi_abce_best_no_E_bs64|lr=0.003|drop=0.40] [Diag][AE] Epoch [007] | irt_abs_mean=1.4908, irt_std=0.9734, personal_warmup_scale=1.00, graph_row_entropy=3.1869, graph_entropy_ratio=0.4868, alpha_mean=0.0000, alpha_std=0.0000, alpha_base_mean=0.0000, alpha_delta_absmean=0.0000, alpha_saturation_ratio=0.0000, alpha_bias_std=NA, alpha_state_path=0.0000, alpha_id_path=0.0000, alpha_bias_path=0.0000, head_bias_path=0.0000, personal_row_entropy=0.0000, personal_matrix_delta=0.0000, personal_matrix_student_std=0.0000, personal_delta_pre_softmax_norm=0.0000, personal_delta_student_std=0.0000, alpha_head_std=0.0000, query_row_global_readout_delta=0.0265, query_row_personal_message_delta=0.0000, query_row_posterior_delta_abs=0.0000, query_row_posterior_kl=0.0000, query_row_delta_local_rms_raw=0.0000, query_row_message_projection_gain=0.0000, personal_to_graph_query_ratio=0.0000, query_row_global_support_mass=1.3486, query_row_personal_support_mass=0.0000, neighbor_row_personal_delta=0.0000, personal_row_budget_mean=0.0000, personal_query_row_std=0.0000, readout_query_support_mass=1.3486, personal_student_mix=0.0000, personal_student_adapter=0.0000, local_row_ratio=0.0000, support_density=0.0000, readout_query_delta=0.0265, personal_bad_rows_active=0.00, personal_fallback_rows_active=0.00, personal_bad_row_rate_active=0.0000, personal_padded_rows=0.00, personal_logits_support_absmax=0.0000, personal_query_trust_scale_mean=1.0000, personal_bad_rows_legacy=0.00, personal_fallback_rows_legacy=0.00, personal_logits_absmax_legacy=0.0000
2026-04-19 03:44:51,315 - INFO - [junyi|junyi_abce_best_no_E_bs64|lr=0.003|drop=0.40] [Diag][A] Epoch [007] | entropy_ratio=0.4868, diag_mass=0.0698, to_uniform_l2=0.007637, to_identity_l2=0.035984, relation_identity_delta=0.035984, knowledge_state_graph_delta=0.208462, knowledge_state_personal_delta=0.000000, share_concept_embeddings=True, tau_mean=0.6931, tau_std=0.0000, graph_reg_scale(train/val)=1.0000/1.0000
2026-04-19 03:44:51,315 - INFO - [junyi|junyi_abce_best_no_E_bs64|lr=0.003|drop=0.40] [Grad Norms] Epoch [007] | relation_emb=3.299658e-01, relation_tau=8.925374e-12, relation_wq=1.574598e-08, relation_wk=1.436367e-08, personal_u=0.000000e+00, personal_v=0.000000e+00, personal_alpha_bias=0.000000e+00, personal_gate_emb=0.000000e+00, personal_gate_state_proj=0.000000e+00, personal_gate_context_proj=0.000000e+00, personal_gate_state_direct=0.000000e+00, personal_gate_id_direct=0.000000e+00, personal_gate_context_direct=0.000000e+00, personal_gate_out=0.000000e+00, personal_generator_emb=0.000000e+00, personal_generator_context_proj=0.000000e+00, personal_generator_context_hidden=0.000000e+00, personal_generator_context_to_u=0.000000e+00, personal_generator_context_to_v=0.000000e+00, personal_generator_state_row=0.000000e+00, personal_generator_state_col=0.000000e+00, personal_generator_id_row=0.000000e+00, personal_generator_id_col=0.000000e+00, personal_generator_state_adapter=0.000000e+00, personal_generator_id_adapter=0.000000e+00, personal_generator_context_adapter=0.000000e+00, personal_generator_direct_scale=0.000000e+00
2026-04-19 03:44:51,507 - INFO - [junyi|junyi_abce_best_no_E_bs64|lr=0.003|drop=0.40] -> New best AUC=0.7987 at epoch 7
2026-04-19 03:45:58,004 - INFO - [junyi|junyi_abce_best_full|lr=0.003|drop=0.40] Epoch [017/100] | Train: Loss=0.4988, BCE=0.4839, Reg=0.0150, AUC=0.8215, ACC=0.7707, RMSE=0.3982 | Val: Loss=0.5023, BCE=0.4874, Reg=0.0149, AUC=0.8195, ACC=0.7744, RMSE=0.3980
2026-04-19 03:45:58,004 - INFO - [junyi|junyi_abce_best_full|lr=0.003|drop=0.40] [Reg Terms] Epoch [017] | Train: graph_entropy=0.000000, graph_diag=0.006003, graph_uniform=0.006753, graph_reg_scale=1.0000, prediction_l2=0.000000, personal_sparse=0.001173, alpha_var=0.000000, alpha_collapse=0.000004, reg_bce_ratio=0.0310 | Val: graph_entropy=0.000000, graph_diag=0.006000, graph_uniform=0.006753, graph_reg_scale=1.0000, prediction_l2=0.000000, personal_sparse=0.001232, alpha_var=0.000000, alpha_collapse=0.000021, reg_bce_ratio=0.0306
2026-04-19 03:45:58,242 - INFO - [junyi|junyi_abce_best_full|lr=0.003|drop=0.40] [Diag][AE] Epoch [017] | irt_abs_mean=1.8993, irt_std=1.1312, personal_warmup_scale=1.00, graph_row_entropy=3.2177, graph_entropy_ratio=0.4915, alpha_mean=0.1300, alpha_std=0.0393, alpha_base_mean=0.1301, alpha_delta_absmean=0.0265, alpha_saturation_ratio=0.0000, alpha_bias_std=NA, alpha_state_path=0.5567, alpha_id_path=0.0000, alpha_bias_path=0.0000, head_bias_path=0.1740, personal_row_entropy=2.4819, personal_matrix_delta=0.0413, personal_matrix_student_std=0.0443, personal_delta_pre_softmax_norm=2.6993, personal_delta_student_std=2.6332, alpha_head_std=0.0378, query_row_global_readout_delta=0.0336, query_row_personal_message_delta=0.0003, query_row_posterior_delta_abs=0.0413, query_row_posterior_kl=0.0291, query_row_delta_local_rms_raw=0.0035, query_row_message_projection_gain=0.0859, personal_to_graph_query_ratio=0.0082, query_row_global_support_mass=1.2354, query_row_personal_support_mass=1.2354, neighbor_row_personal_delta=0.0000, personal_row_budget_mean=1.3000, personal_query_row_std=0.2395, readout_query_support_mass=1.2354, personal_student_mix=0.0500, personal_student_adapter=0.0400, local_row_ratio=0.0688, support_density=1.0000, readout_query_delta=0.0336, personal_bad_rows_active=0.00, personal_fallback_rows_active=0.00, personal_bad_row_rate_active=0.0000, personal_padded_rows=0.00, personal_logits_support_absmax=6.8717, personal_query_trust_scale_mean=1.0000, personal_bad_rows_legacy=0.00, personal_fallback_rows_legacy=0.00, personal_logits_absmax_legacy=6.8717
2026-04-19 03:45:58,242 - INFO - [junyi|junyi_abce_best_full|lr=0.003|drop=0.40] [Diag][A] Epoch [017] | entropy_ratio=0.4915, diag_mass=0.0500, to_uniform_l2=0.007448, to_identity_l2=0.036726, relation_identity_delta=0.036726, knowledge_state_graph_delta=0.275545, knowledge_state_personal_delta=0.000000, share_concept_embeddings=True, tau_mean=0.6931, tau_std=0.0000, graph_reg_scale(train/val)=1.0000/1.0000
2026-04-19 03:45:58,242 - INFO - [junyi|junyi_abce_best_full|lr=0.003|drop=0.40] [Grad Norms] Epoch [017] | relation_emb=7.141885e-01, relation_tau=2.259758e-13, relation_wq=2.023183e-09, relation_wk=2.018884e-09, personal_u=8.752169e-04, personal_v=1.101472e-03, personal_alpha_bias=0.000000e+00, personal_gate_emb=0.000000e+00, personal_gate_state_proj=1.883945e-17, personal_gate_context_proj=1.056554e-13, personal_gate_state_direct=1.327394e-09, personal_gate_id_direct=0.000000e+00, personal_gate_context_direct=2.626560e-05, personal_gate_out=2.053729e-09, personal_generator_emb=2.367529e-22, personal_generator_context_proj=6.474915e-20, personal_generator_context_hidden=1.215917e-16, personal_generator_context_to_u=7.397456e-13, personal_generator_context_to_v=6.412232e-13, personal_generator_state_row=5.412922e-13, personal_generator_state_col=4.692636e-13, personal_generator_id_row=1.354620e-13, personal_generator_id_col=1.174206e-13, personal_generator_state_adapter=5.657719e-19, personal_generator_id_adapter=1.749717e-24, personal_generator_context_adapter=5.599742e-18, personal_generator_direct_scale=1.160803e-07
2026-04-19 03:45:58,242 - INFO - [junyi|junyi_abce_best_full|lr=0.003|drop=0.40] -> No improvement 1 epoch(s) (best AUC=0.8201 @ 16)
2026-04-19 03:46:13,909 - INFO - [junyi|junyi_abce_best_no_E_bs64|lr=0.003|drop=0.40] Epoch [008/100] | Train: Loss=0.5282, BCE=0.5154, Reg=0.0128, AUC=0.7921, ACC=0.7484, RMSE=0.4139 | Val: Loss=0.5222, BCE=0.5095, Reg=0.0128, AUC=0.7992, ACC=0.7582, RMSE=0.4092
2026-04-19 03:46:13,909 - INFO - [junyi|junyi_abce_best_no_E_bs64|lr=0.003|drop=0.40] [Reg Terms] Epoch [008] | Train: graph_entropy=0.000000, graph_diag=0.006010, graph_uniform=0.006753, graph_reg_scale=1.0000, prediction_l2=0.000000, personal_sparse=0.000000, alpha_var=0.000000, alpha_collapse=0.000000, reg_bce_ratio=0.0248 | Val: graph_entropy=0.000000, graph_diag=0.006000, graph_uniform=0.006753, graph_reg_scale=1.0000, prediction_l2=0.000000, personal_sparse=0.000000, alpha_var=0.000000, alpha_collapse=0.000000, reg_bce_ratio=0.0250
2026-04-19 03:46:14,100 - INFO - [junyi|junyi_abce_best_no_E_bs64|lr=0.003|drop=0.40] [Diag][AE] Epoch [008] | irt_abs_mean=1.6087, irt_std=1.1126, personal_warmup_scale=1.00, graph_row_entropy=3.2177, graph_entropy_ratio=0.4915, alpha_mean=0.0000, alpha_std=0.0000, alpha_base_mean=0.0000, alpha_delta_absmean=0.0000, alpha_saturation_ratio=0.0000, alpha_bias_std=NA, alpha_state_path=0.0000, alpha_id_path=0.0000, alpha_bias_path=0.0000, head_bias_path=0.0000, personal_row_entropy=0.0000, personal_matrix_delta=0.0000, personal_matrix_student_std=0.0000, personal_delta_pre_softmax_norm=0.0000, personal_delta_student_std=0.0000, alpha_head_std=0.0000, query_row_global_readout_delta=0.0204, query_row_personal_message_delta=0.0000, query_row_posterior_delta_abs=0.0000, query_row_posterior_kl=0.0000, query_row_delta_local_rms_raw=0.0000, query_row_message_projection_gain=0.0000, personal_to_graph_query_ratio=0.0000, query_row_global_support_mass=0.9503, query_row_personal_support_mass=0.0000, neighbor_row_personal_delta=0.0000, personal_row_budget_mean=0.0000, personal_query_row_std=0.0000, readout_query_support_mass=0.9503, personal_student_mix=0.0000, personal_student_adapter=0.0000, local_row_ratio=0.0000, support_density=0.0000, readout_query_delta=0.0204, personal_bad_rows_active=0.00, personal_fallback_rows_active=0.00, personal_bad_row_rate_active=0.0000, personal_padded_rows=0.00, personal_logits_support_absmax=0.0000, personal_query_trust_scale_mean=1.0000, personal_bad_rows_legacy=0.00, personal_fallback_rows_legacy=0.00, personal_logits_absmax_legacy=0.0000
2026-04-19 03:46:14,100 - INFO - [junyi|junyi_abce_best_no_E_bs64|lr=0.003|drop=0.40] [Diag][A] Epoch [008] | entropy_ratio=0.4915, diag_mass=0.0500, to_uniform_l2=0.007448, to_identity_l2=0.036726, relation_identity_delta=0.036726, knowledge_state_graph_delta=0.211601, knowledge_state_personal_delta=0.000000, share_concept_embeddings=True, tau_mean=0.6932, tau_std=0.0000, graph_reg_scale(train/val)=1.0000/1.0000
2026-04-19 03:46:14,100 - INFO - [junyi|junyi_abce_best_no_E_bs64|lr=0.003|drop=0.40] [Grad Norms] Epoch [008] | relation_emb=3.119548e-01, relation_tau=6.938944e-12, relation_wq=2.912276e-08, relation_wk=2.867956e-08, personal_u=0.000000e+00, personal_v=0.000000e+00, personal_alpha_bias=0.000000e+00, personal_gate_emb=0.000000e+00, personal_gate_state_proj=0.000000e+00, personal_gate_context_proj=0.000000e+00, personal_gate_state_direct=0.000000e+00, personal_gate_id_direct=0.000000e+00, personal_gate_context_direct=0.000000e+00, personal_gate_out=0.000000e+00, personal_generator_emb=0.000000e+00, personal_generator_context_proj=0.000000e+00, personal_generator_context_hidden=0.000000e+00, personal_generator_context_to_u=0.000000e+00, personal_generator_context_to_v=0.000000e+00, personal_generator_state_row=0.000000e+00, personal_generator_state_col=0.000000e+00, personal_generator_id_row=0.000000e+00, personal_generator_id_col=0.000000e+00, personal_generator_state_adapter=0.000000e+00, personal_generator_id_adapter=0.000000e+00, personal_generator_context_adapter=0.000000e+00, personal_generator_direct_scale=0.000000e+00
2026-04-19 03:46:14,267 - INFO - [junyi|junyi_abce_best_no_E_bs64|lr=0.003|drop=0.40] -> New best AUC=0.7992 at epoch 8
2026-04-19 03:46:46,401 - INFO - [junyi|junyi_abce_best_no_A|lr=0.003|drop=0.40] Epoch [014/100] | Train: Loss=0.4919, BCE=0.4903, Reg=0.0015, AUC=0.8151, ACC=0.7671, RMSE=0.4012 | Val: Loss=0.4916, BCE=0.4901, Reg=0.0015, AUC=0.8161, ACC=0.7750, RMSE=0.3995
2026-04-19 03:46:46,401 - INFO - [junyi|junyi_abce_best_no_A|lr=0.003|drop=0.40] [Reg Terms] Epoch [014] | Train: graph_entropy=0.000000, graph_diag=0.000000, graph_uniform=0.000000, graph_reg_scale=1.0000, prediction_l2=0.000000, personal_sparse=0.000000, alpha_var=0.000000, alpha_collapse=0.001504, reg_bce_ratio=0.0031 | Val: graph_entropy=0.000000, graph_diag=0.000000, graph_uniform=0.000000, graph_reg_scale=1.0000, prediction_l2=0.000000, personal_sparse=0.000000, alpha_var=0.000000, alpha_collapse=0.001517, reg_bce_ratio=0.0031
2026-04-19 03:46:46,634 - INFO - [junyi|junyi_abce_best_no_A|lr=0.003|drop=0.40] [Diag][AE] Epoch [014] | irt_abs_mean=1.7879, irt_std=0.9835, personal_warmup_scale=1.00, graph_row_entropy=0.0000, graph_entropy_ratio=0.0000, alpha_mean=0.1300, alpha_std=0.0419, alpha_base_mean=0.1300, alpha_delta_absmean=0.0288, alpha_saturation_ratio=0.0000, alpha_bias_std=NA, alpha_state_path=0.6026, alpha_id_path=0.0000, alpha_bias_path=0.0000, head_bias_path=0.1885, personal_row_entropy=0.0000, personal_matrix_delta=0.0000, personal_matrix_student_std=0.0000, personal_delta_pre_softmax_norm=0.0000, personal_delta_student_std=0.0000, alpha_head_std=0.0410, query_row_global_readout_delta=0.0000, query_row_personal_message_delta=0.0000, query_row_posterior_delta_abs=0.0000, query_row_posterior_kl=0.0000, query_row_delta_local_rms_raw=0.0000, query_row_message_projection_gain=0.0000, personal_to_graph_query_ratio=0.0000, query_row_global_support_mass=0.0000, query_row_personal_support_mass=0.0000, neighbor_row_personal_delta=0.0000, personal_row_budget_mean=1.3000, personal_query_row_std=0.0000, readout_query_support_mass=0.0000, personal_student_mix=0.0500, personal_student_adapter=0.0400, local_row_ratio=0.0014, support_density=1.0000, readout_query_delta=0.0000, personal_bad_rows_active=0.00, personal_fallback_rows_active=0.00, personal_bad_row_rate_active=0.0000, personal_padded_rows=0.00, personal_logits_support_absmax=0.0000, personal_query_trust_scale_mean=1.0000, personal_bad_rows_legacy=0.00, personal_fallback_rows_legacy=0.00, personal_logits_absmax_legacy=0.0000
2026-04-19 03:46:46,634 - INFO - [junyi|junyi_abce_best_no_A|lr=0.003|drop=0.40] [Diag][A] Epoch [014] | entropy_ratio=0.0000, diag_mass=1.0000, to_uniform_l2=0.037851, to_identity_l2=0.000000, relation_identity_delta=0.000000, knowledge_state_graph_delta=0.000000, knowledge_state_personal_delta=0.000000, share_concept_embeddings=True, tau_mean=0.0000, tau_std=0.0000, graph_reg_scale(train/val)=1.0000/1.0000
2026-04-19 03:46:46,634 - WARNING - [junyi|junyi_abce_best_no_A|lr=0.003|drop=0.40] [Diag Warning][E] personal_delta_student_std is near zero: personal_delta_student_std=0.000000, personal_delta_pre_softmax_norm=0.000000
2026-04-19 03:46:46,634 - WARNING - [junyi|junyi_abce_best_no_A|lr=0.003|drop=0.40] [Diag Warning][E] E-flat-at-query: personal_message=0.000000, posterior_delta=0.000000, posterior_kl=0.000000
2026-04-19 03:46:46,634 - INFO - [junyi|junyi_abce_best_no_A|lr=0.003|drop=0.40] [Grad Norms] Epoch [014] | relation_emb=0.000000e+00, relation_tau=0.000000e+00, relation_wq=0.000000e+00, relation_wk=0.000000e+00, personal_u=0.000000e+00, personal_v=0.000000e+00, personal_alpha_bias=0.000000e+00, personal_gate_emb=0.000000e+00, personal_gate_state_proj=1.307849e-14, personal_gate_context_proj=4.432869e-11, personal_gate_state_direct=6.910371e-07, personal_gate_id_direct=0.000000e+00, personal_gate_context_direct=2.342235e-03, personal_gate_out=2.275554e-07, personal_generator_emb=0.000000e+00, personal_generator_context_proj=0.000000e+00, personal_generator_context_hidden=0.000000e+00, personal_generator_context_to_u=0.000000e+00, personal_generator_context_to_v=0.000000e+00, personal_generator_state_row=0.000000e+00, personal_generator_state_col=0.000000e+00, personal_generator_id_row=0.000000e+00, personal_generator_id_col=0.000000e+00, personal_generator_state_adapter=0.000000e+00, personal_generator_id_adapter=0.000000e+00, personal_generator_context_adapter=0.000000e+00, personal_generator_direct_scale=0.000000e+00
2026-04-19 03:46:46,634 - INFO - [junyi|junyi_abce_best_no_A|lr=0.003|drop=0.40] -> No improvement 1 epoch(s) (best AUC=0.8174 @ 13)
2026-04-19 03:47:36,328 - INFO - [junyi|junyi_abce_best_no_E_bs64|lr=0.003|drop=0.40] Epoch [009/100] | Train: Loss=0.5284, BCE=0.5156, Reg=0.0128, AUC=0.7923, ACC=0.7473, RMSE=0.4140 | Val: Loss=0.5201, BCE=0.5074, Reg=0.0128, AUC=0.8011, ACC=0.7631, RMSE=0.4079
2026-04-19 03:47:36,329 - INFO - [junyi|junyi_abce_best_no_E_bs64|lr=0.003|drop=0.40] [Reg Terms] Epoch [009] | Train: graph_entropy=0.000000, graph_diag=0.006009, graph_uniform=0.006753, graph_reg_scale=1.0000, prediction_l2=0.000000, personal_sparse=0.000000, alpha_var=0.000000, alpha_collapse=0.000000, reg_bce_ratio=0.0248 | Val: graph_entropy=0.000000, graph_diag=0.006000, graph_uniform=0.006753, graph_reg_scale=1.0000, prediction_l2=0.000000, personal_sparse=0.000000, alpha_var=0.000000, alpha_collapse=0.000000, reg_bce_ratio=0.0251
2026-04-19 03:47:36,517 - INFO - [junyi|junyi_abce_best_no_E_bs64|lr=0.003|drop=0.40] [Diag][AE] Epoch [009] | irt_abs_mean=1.7017, irt_std=0.9610, personal_warmup_scale=1.00, graph_row_entropy=3.2177, graph_entropy_ratio=0.4915, alpha_mean=0.0000, alpha_std=0.0000, alpha_base_mean=0.0000, alpha_delta_absmean=0.0000, alpha_saturation_ratio=0.0000, alpha_bias_std=NA, alpha_state_path=0.0000, alpha_id_path=0.0000, alpha_bias_path=0.0000, head_bias_path=0.0000, personal_row_entropy=0.0000, personal_matrix_delta=0.0000, personal_matrix_student_std=0.0000, personal_delta_pre_softmax_norm=0.0000, personal_delta_student_std=0.0000, alpha_head_std=0.0000, query_row_global_readout_delta=0.0204, query_row_personal_message_delta=0.0000, query_row_posterior_delta_abs=0.0000, query_row_posterior_kl=0.0000, query_row_delta_local_rms_raw=0.0000, query_row_message_projection_gain=0.0000, personal_to_graph_query_ratio=0.0000, query_row_global_support_mass=0.9716, query_row_personal_support_mass=0.0000, neighbor_row_personal_delta=0.0000, personal_row_budget_mean=0.0000, personal_query_row_std=0.0000, readout_query_support_mass=0.9716, personal_student_mix=0.0000, personal_student_adapter=0.0000, local_row_ratio=0.0000, support_density=0.0000, readout_query_delta=0.0204, personal_bad_rows_active=0.00, personal_fallback_rows_active=0.00, personal_bad_row_rate_active=0.0000, personal_padded_rows=0.00, personal_logits_support_absmax=0.0000, personal_query_trust_scale_mean=1.0000, personal_bad_rows_legacy=0.00, personal_fallback_rows_legacy=0.00, personal_logits_absmax_legacy=0.0000
2026-04-19 03:47:36,517 - INFO - [junyi|junyi_abce_best_no_E_bs64|lr=0.003|drop=0.40] [Diag][A] Epoch [009] | entropy_ratio=0.4915, diag_mass=0.0500, to_uniform_l2=0.007448, to_identity_l2=0.036726, relation_identity_delta=0.036726, knowledge_state_graph_delta=0.217596, knowledge_state_personal_delta=0.000000, share_concept_embeddings=True, tau_mean=0.6931, tau_std=0.0000, graph_reg_scale(train/val)=1.0000/1.0000
2026-04-19 03:47:36,517 - INFO - [junyi|junyi_abce_best_no_E_bs64|lr=0.003|drop=0.40] [Grad Norms] Epoch [009] | relation_emb=3.083636e-01, relation_tau=5.053449e-12, relation_wq=1.933305e-08, relation_wk=1.665260e-08, personal_u=0.000000e+00, personal_v=0.000000e+00, personal_alpha_bias=0.000000e+00, personal_gate_emb=0.000000e+00, personal_gate_state_proj=0.000000e+00, personal_gate_context_proj=0.000000e+00, personal_gate_state_direct=0.000000e+00, personal_gate_id_direct=0.000000e+00, personal_gate_context_direct=0.000000e+00, personal_gate_out=0.000000e+00, personal_generator_emb=0.000000e+00, personal_generator_context_proj=0.000000e+00, personal_generator_context_hidden=0.000000e+00, personal_generator_context_to_u=0.000000e+00, personal_generator_context_to_v=0.000000e+00, personal_generator_state_row=0.000000e+00, personal_generator_state_col=0.000000e+00, personal_generator_id_row=0.000000e+00, personal_generator_id_col=0.000000e+00, personal_generator_state_adapter=0.000000e+00, personal_generator_id_adapter=0.000000e+00, personal_generator_context_adapter=0.000000e+00, personal_generator_direct_scale=0.000000e+00
2026-04-19 03:47:36,687 - INFO - [junyi|junyi_abce_best_no_E_bs64|lr=0.003|drop=0.40] -> New best AUC=0.8011 at epoch 9
2026-04-19 03:48:58,956 - INFO - [junyi|junyi_abce_best_no_E_bs64|lr=0.003|drop=0.40] Epoch [010/100] | Train: Loss=0.5277, BCE=0.5150, Reg=0.0128, AUC=0.7928, ACC=0.7478, RMSE=0.4137 | Val: Loss=0.5185, BCE=0.5058, Reg=0.0128, AUC=0.8013, ACC=0.7615, RMSE=0.4078
2026-04-19 03:48:58,957 - INFO - [junyi|junyi_abce_best_no_E_bs64|lr=0.003|drop=0.40] [Reg Terms] Epoch [010] | Train: graph_entropy=0.000000, graph_diag=0.006010, graph_uniform=0.006753, graph_reg_scale=1.0000, prediction_l2=0.000000, personal_sparse=0.000000, alpha_var=0.000000, alpha_collapse=0.000000, reg_bce_ratio=0.0248 | Val: graph_entropy=0.000000, graph_diag=0.006000, graph_uniform=0.006753, graph_reg_scale=1.0000, prediction_l2=0.000000, personal_sparse=0.000000, alpha_var=0.000000, alpha_collapse=0.000000, reg_bce_ratio=0.0252
2026-04-19 03:48:59,163 - INFO - [junyi|junyi_abce_best_no_E_bs64|lr=0.003|drop=0.40] [Diag][AE] Epoch [010] | irt_abs_mean=1.6439, irt_std=1.0252, personal_warmup_scale=1.00, graph_row_entropy=3.2177, graph_entropy_ratio=0.4915, alpha_mean=0.0000, alpha_std=0.0000, alpha_base_mean=0.0000, alpha_delta_absmean=0.0000, alpha_saturation_ratio=0.0000, alpha_bias_std=NA, alpha_state_path=0.0000, alpha_id_path=0.0000, alpha_bias_path=0.0000, head_bias_path=0.0000, personal_row_entropy=0.0000, personal_matrix_delta=0.0000, personal_matrix_student_std=0.0000, personal_delta_pre_softmax_norm=0.0000, personal_delta_student_std=0.0000, alpha_head_std=0.0000, query_row_global_readout_delta=0.0252, query_row_personal_message_delta=0.0000, query_row_posterior_delta_abs=0.0000, query_row_posterior_kl=0.0000, query_row_delta_local_rms_raw=0.0000, query_row_message_projection_gain=0.0000, personal_to_graph_query_ratio=0.0000, query_row_global_support_mass=0.8916, query_row_personal_support_mass=0.0000, neighbor_row_personal_delta=0.0000, personal_row_budget_mean=0.0000, personal_query_row_std=0.0000, readout_query_support_mass=0.8916, personal_student_mix=0.0000, personal_student_adapter=0.0000, local_row_ratio=0.0000, support_density=0.0000, readout_query_delta=0.0252, personal_bad_rows_active=0.00, personal_fallback_rows_active=0.00, personal_bad_row_rate_active=0.0000, personal_padded_rows=0.00, personal_logits_support_absmax=0.0000, personal_query_trust_scale_mean=1.0000, personal_bad_rows_legacy=0.00, personal_fallback_rows_legacy=0.00, personal_logits_absmax_legacy=0.0000
2026-04-19 03:48:59,163 - INFO - [junyi|junyi_abce_best_no_E_bs64|lr=0.003|drop=0.40] [Diag][A] Epoch [010] | entropy_ratio=0.4915, diag_mass=0.0500, to_uniform_l2=0.007448, to_identity_l2=0.036726, relation_identity_delta=0.036726, knowledge_state_graph_delta=0.226556, knowledge_state_personal_delta=0.000000, share_concept_embeddings=True, tau_mean=0.6931, tau_std=0.0000, graph_reg_scale(train/val)=1.0000/1.0000
2026-04-19 03:48:59,163 - INFO - [junyi|junyi_abce_best_no_E_bs64|lr=0.003|drop=0.40] [Grad Norms] Epoch [010] | relation_emb=3.037267e-01, relation_tau=7.181223e-12, relation_wq=1.473103e-08, relation_wk=1.570878e-08, personal_u=0.000000e+00, personal_v=0.000000e+00, personal_alpha_bias=0.000000e+00, personal_gate_emb=0.000000e+00, personal_gate_state_proj=0.000000e+00, personal_gate_context_proj=0.000000e+00, personal_gate_state_direct=0.000000e+00, personal_gate_id_direct=0.000000e+00, personal_gate_context_direct=0.000000e+00, personal_gate_out=0.000000e+00, personal_generator_emb=0.000000e+00, personal_generator_context_proj=0.000000e+00, personal_generator_context_hidden=0.000000e+00, personal_generator_context_to_u=0.000000e+00, personal_generator_context_to_v=0.000000e+00, personal_generator_state_row=0.000000e+00, personal_generator_state_col=0.000000e+00, personal_generator_id_row=0.000000e+00, personal_generator_id_col=0.000000e+00, personal_generator_state_adapter=0.000000e+00, personal_generator_id_adapter=0.000000e+00, personal_generator_context_adapter=0.000000e+00, personal_generator_direct_scale=0.000000e+00
2026-04-19 03:48:59,345 - INFO - [junyi|junyi_abce_best_no_E_bs64|lr=0.003|drop=0.40] -> New best AUC=0.8013 at epoch 10
2026-04-19 03:48:59,378 - INFO - [junyi|junyi_abce_best_no_E_bs64|lr=0.003|drop=0.40] Checkpoint saved: checkpoints/abce_diag/remote_rerun_20260419_6ddddcc/junyi/seed42/best_no_E_bs64/checkpoint_epoch_10.pth
2026-04-19 03:48:59,601 - INFO - [junyi|junyi_abce_best_no_E_bs64|lr=0.003|drop=0.40] [Module Activity] Epoch 10: Graph[LIVE]
2026-04-19 03:49:04,131 - INFO - [junyi|junyi_abce_best_full|lr=0.003|drop=0.40] Epoch [018/100] | Train: Loss=0.4988, BCE=0.4838, Reg=0.0150, AUC=0.8214, ACC=0.7694, RMSE=0.3983 | Val: Loss=0.4991, BCE=0.4841, Reg=0.0151, AUC=0.8202, ACC=0.7734, RMSE=0.3974
2026-04-19 03:49:04,131 - INFO - [junyi|junyi_abce_best_full|lr=0.003|drop=0.40] [Reg Terms] Epoch [018] | Train: graph_entropy=0.000000, graph_diag=0.006003, graph_uniform=0.006753, graph_reg_scale=1.0000, prediction_l2=0.000000, personal_sparse=0.001164, alpha_var=0.000000, alpha_collapse=0.000005, reg_bce_ratio=0.0310 | Val: graph_entropy=0.000000, graph_diag=0.006000, graph_uniform=0.006753, graph_reg_scale=1.0000, prediction_l2=0.000000, personal_sparse=0.001142, alpha_var=0.000000, alpha_collapse=0.000027, reg_bce_ratio=0.0311
2026-04-19 03:49:04,367 - INFO - [junyi|junyi_abce_best_full|lr=0.003|drop=0.40] [Diag][AE] Epoch [018] | irt_abs_mean=1.9016, irt_std=1.0815, personal_warmup_scale=1.00, graph_row_entropy=3.2177, graph_entropy_ratio=0.4915, alpha_mean=0.1301, alpha_std=0.0369, alpha_base_mean=0.1300, alpha_delta_absmean=0.0242, alpha_saturation_ratio=0.0000, alpha_bias_std=NA, alpha_state_path=0.5054, alpha_id_path=0.0000, alpha_bias_path=0.0000, head_bias_path=0.1731, personal_row_entropy=2.2448, personal_matrix_delta=0.0483, personal_matrix_student_std=0.0577, personal_delta_pre_softmax_norm=2.4938, personal_delta_student_std=2.4333, alpha_head_std=0.0354, query_row_global_readout_delta=0.0295, query_row_personal_message_delta=0.0006, query_row_posterior_delta_abs=0.0483, query_row_posterior_kl=0.0393, query_row_delta_local_rms_raw=0.0076, query_row_message_projection_gain=0.1580, personal_to_graph_query_ratio=0.0199, query_row_global_support_mass=0.9682, query_row_personal_support_mass=0.9682, neighbor_row_personal_delta=0.0000, personal_row_budget_mean=1.3000, personal_query_row_std=0.3269, readout_query_support_mass=0.9682, personal_student_mix=0.0500, personal_student_adapter=0.0400, local_row_ratio=0.0690, support_density=1.0000, readout_query_delta=0.0298, personal_bad_rows_active=0.00, personal_fallback_rows_active=0.00, personal_bad_row_rate_active=0.0000, personal_padded_rows=0.00, personal_logits_support_absmax=6.8352, personal_query_trust_scale_mean=1.0000, personal_bad_rows_legacy=0.00, personal_fallback_rows_legacy=0.00, personal_logits_absmax_legacy=6.8352
2026-04-19 03:49:04,367 - INFO - [junyi|junyi_abce_best_full|lr=0.003|drop=0.40] [Diag][A] Epoch [018] | entropy_ratio=0.4915, diag_mass=0.0500, to_uniform_l2=0.007448, to_identity_l2=0.036726, relation_identity_delta=0.036726, knowledge_state_graph_delta=0.273295, knowledge_state_personal_delta=0.000000, share_concept_embeddings=True, tau_mean=0.6931, tau_std=0.0000, graph_reg_scale(train/val)=1.0000/1.0000
2026-04-19 03:49:04,367 - INFO - [junyi|junyi_abce_best_full|lr=0.003|drop=0.40] [Grad Norms] Epoch [018] | relation_emb=7.834787e-01, relation_tau=4.267488e-13, relation_wq=2.995990e-09, relation_wk=2.885407e-09, personal_u=1.537735e-03, personal_v=8.070860e-04, personal_alpha_bias=0.000000e+00, personal_gate_emb=0.000000e+00, personal_gate_state_proj=2.332154e-17, personal_gate_context_proj=4.887907e-14, personal_gate_state_direct=3.983375e-09, personal_gate_id_direct=0.000000e+00, personal_gate_context_direct=1.065831e-05, personal_gate_out=1.713981e-09, personal_generator_emb=1.444484e-21, personal_generator_context_proj=6.954471e-19, personal_generator_context_hidden=1.285056e-15, personal_generator_context_to_u=1.176629e-11, personal_generator_context_to_v=4.153316e-12, personal_generator_state_row=1.155982e-11, personal_generator_state_col=4.079557e-12, personal_generator_id_row=2.886331e-12, personal_generator_id_col=1.018830e-12, personal_generator_state_adapter=1.340720e-16, personal_generator_id_adapter=1.125518e-23, personal_generator_context_adapter=2.129802e-16, personal_generator_direct_scale=7.129541e-06
2026-04-19 03:49:05,026 - INFO - [junyi|junyi_abce_best_full|lr=0.003|drop=0.40] -> New best AUC=0.8202 at epoch 18
2026-04-19 03:49:44,274 - INFO - [junyi|junyi_abce_best_no_A|lr=0.003|drop=0.40] Epoch [015/100] | Train: Loss=0.4917, BCE=0.4902, Reg=0.0015, AUC=0.8155, ACC=0.7670, RMSE=0.4012 | Val: Loss=0.4948, BCE=0.4933, Reg=0.0015, AUC=0.8159, ACC=0.7724, RMSE=0.4011
2026-04-19 03:49:44,274 - INFO - [junyi|junyi_abce_best_no_A|lr=0.003|drop=0.40] [Reg Terms] Epoch [015] | Train: graph_entropy=0.000000, graph_diag=0.000000, graph_uniform=0.000000, graph_reg_scale=1.0000, prediction_l2=0.000000, personal_sparse=0.000000, alpha_var=0.000000, alpha_collapse=0.001503, reg_bce_ratio=0.0031 | Val: graph_entropy=0.000000, graph_diag=0.000000, graph_uniform=0.000000, graph_reg_scale=1.0000, prediction_l2=0.000000, personal_sparse=0.000000, alpha_var=0.000000, alpha_collapse=0.001512, reg_bce_ratio=0.0031
2026-04-19 03:49:44,477 - INFO - [junyi|junyi_abce_best_no_A|lr=0.003|drop=0.40] [Diag][AE] Epoch [015] | irt_abs_mean=1.9465, irt_std=0.9886, personal_warmup_scale=1.00, graph_row_entropy=0.0000, graph_entropy_ratio=0.0000, alpha_mean=0.1300, alpha_std=0.0414, alpha_base_mean=0.1300, alpha_delta_absmean=0.0281, alpha_saturation_ratio=0.0000, alpha_bias_std=NA, alpha_state_path=0.5885, alpha_id_path=0.0000, alpha_bias_path=0.0000, head_bias_path=0.1887, personal_row_entropy=0.0000, personal_matrix_delta=0.0000, personal_matrix_student_std=0.0000, personal_delta_pre_softmax_norm=0.0000, personal_delta_student_std=0.0000, alpha_head_std=0.0403, query_row_global_readout_delta=0.0000, query_row_personal_message_delta=0.0000, query_row_posterior_delta_abs=0.0000, query_row_posterior_kl=0.0000, query_row_delta_local_rms_raw=0.0000, query_row_message_projection_gain=0.0000, personal_to_graph_query_ratio=0.0000, query_row_global_support_mass=0.0000, query_row_personal_support_mass=0.0000, neighbor_row_personal_delta=0.0000, personal_row_budget_mean=1.3000, personal_query_row_std=0.0000, readout_query_support_mass=0.0000, personal_student_mix=0.0500, personal_student_adapter=0.0400, local_row_ratio=0.0014, support_density=1.0000, readout_query_delta=0.0000, personal_bad_rows_active=0.00, personal_fallback_rows_active=0.00, personal_bad_row_rate_active=0.0000, personal_padded_rows=0.00, personal_logits_support_absmax=0.0000, personal_query_trust_scale_mean=1.0000, personal_bad_rows_legacy=0.00, personal_fallback_rows_legacy=0.00, personal_logits_absmax_legacy=0.0000
2026-04-19 03:49:44,477 - INFO - [junyi|junyi_abce_best_no_A|lr=0.003|drop=0.40] [Diag][A] Epoch [015] | entropy_ratio=0.0000, diag_mass=1.0000, to_uniform_l2=0.037851, to_identity_l2=0.000000, relation_identity_delta=0.000000, knowledge_state_graph_delta=0.000000, knowledge_state_personal_delta=0.000000, share_concept_embeddings=True, tau_mean=0.0000, tau_std=0.0000, graph_reg_scale(train/val)=1.0000/1.0000
2026-04-19 03:49:44,477 - WARNING - [junyi|junyi_abce_best_no_A|lr=0.003|drop=0.40] [Diag Warning][E] personal_delta_student_std is near zero: personal_delta_student_std=0.000000, personal_delta_pre_softmax_norm=0.000000
2026-04-19 03:49:44,477 - WARNING - [junyi|junyi_abce_best_no_A|lr=0.003|drop=0.40] [Diag Warning][E] E-flat-at-query: personal_message=0.000000, posterior_delta=0.000000, posterior_kl=0.000000
2026-04-19 03:49:44,477 - INFO - [junyi|junyi_abce_best_no_A|lr=0.003|drop=0.40] [Grad Norms] Epoch [015] | relation_emb=0.000000e+00, relation_tau=0.000000e+00, relation_wq=0.000000e+00, relation_wk=0.000000e+00, personal_u=0.000000e+00, personal_v=0.000000e+00, personal_alpha_bias=0.000000e+00, personal_gate_emb=0.000000e+00, personal_gate_state_proj=0.000000e+00, personal_gate_context_proj=0.000000e+00, personal_gate_state_direct=0.000000e+00, personal_gate_id_direct=0.000000e+00, personal_gate_context_direct=0.000000e+00, personal_gate_out=0.000000e+00, personal_generator_emb=0.000000e+00, personal_generator_context_proj=0.000000e+00, personal_generator_context_hidden=0.000000e+00, personal_generator_context_to_u=0.000000e+00, personal_generator_context_to_v=0.000000e+00, personal_generator_state_row=0.000000e+00, personal_generator_state_col=0.000000e+00, personal_generator_id_row=0.000000e+00, personal_generator_id_col=0.000000e+00, personal_generator_state_adapter=0.000000e+00, personal_generator_id_adapter=0.000000e+00, personal_generator_context_adapter=0.000000e+00, personal_generator_direct_scale=0.000000e+00
2026-04-19 03:49:44,478 - INFO - [junyi|junyi_abce_best_no_A|lr=0.003|drop=0.40] -> No improvement 2 epoch(s) (best AUC=0.8174 @ 13)
2026-04-19 03:50:21,769 - INFO - [junyi|junyi_abce_best_no_E_bs64|lr=0.003|drop=0.40] Epoch [011/100] | Train: Loss=0.5270, BCE=0.5142, Reg=0.0128, AUC=0.7934, ACC=0.7485, RMSE=0.4133 | Val: Loss=0.5217, BCE=0.5090, Reg=0.0128, AUC=0.7995, ACC=0.7564, RMSE=0.4094
2026-04-19 03:50:21,770 - INFO - [junyi|junyi_abce_best_no_E_bs64|lr=0.003|drop=0.40] [Reg Terms] Epoch [011] | Train: graph_entropy=0.000000, graph_diag=0.006009, graph_uniform=0.006753, graph_reg_scale=1.0000, prediction_l2=0.000000, personal_sparse=0.000000, alpha_var=0.000000, alpha_collapse=0.000000, reg_bce_ratio=0.0248 | Val: graph_entropy=0.000000, graph_diag=0.006000, graph_uniform=0.006753, graph_reg_scale=1.0000, prediction_l2=0.000000, personal_sparse=0.000000, alpha_var=0.000000, alpha_collapse=0.000000, reg_bce_ratio=0.0251
2026-04-19 03:50:21,972 - INFO - [junyi|junyi_abce_best_no_E_bs64|lr=0.003|drop=0.40] [Diag][AE] Epoch [011] | irt_abs_mean=1.6652, irt_std=1.0373, personal_warmup_scale=1.00, graph_row_entropy=3.2177, graph_entropy_ratio=0.4915, alpha_mean=0.0000, alpha_std=0.0000, alpha_base_mean=0.0000, alpha_delta_absmean=0.0000, alpha_saturation_ratio=0.0000, alpha_bias_std=NA, alpha_state_path=0.0000, alpha_id_path=0.0000, alpha_bias_path=0.0000, head_bias_path=0.0000, personal_row_entropy=0.0000, personal_matrix_delta=0.0000, personal_matrix_student_std=0.0000, personal_delta_pre_softmax_norm=0.0000, personal_delta_student_std=0.0000, alpha_head_std=0.0000, query_row_global_readout_delta=0.0149, query_row_personal_message_delta=0.0000, query_row_posterior_delta_abs=0.0000, query_row_posterior_kl=0.0000, query_row_delta_local_rms_raw=0.0000, query_row_message_projection_gain=0.0000, personal_to_graph_query_ratio=0.0000, query_row_global_support_mass=1.8174, query_row_personal_support_mass=0.0000, neighbor_row_personal_delta=0.0000, personal_row_budget_mean=0.0000, personal_query_row_std=0.0000, readout_query_support_mass=1.8174, personal_student_mix=0.0000, personal_student_adapter=0.0000, local_row_ratio=0.0000, support_density=0.0000, readout_query_delta=0.0149, personal_bad_rows_active=0.00, personal_fallback_rows_active=0.00, personal_bad_row_rate_active=0.0000, personal_padded_rows=0.00, personal_logits_support_absmax=0.0000, personal_query_trust_scale_mean=1.0000, personal_bad_rows_legacy=0.00, personal_fallback_rows_legacy=0.00, personal_logits_absmax_legacy=0.0000
2026-04-19 03:50:21,973 - INFO - [junyi|junyi_abce_best_no_E_bs64|lr=0.003|drop=0.40] [Diag][A] Epoch [011] | entropy_ratio=0.4915, diag_mass=0.0500, to_uniform_l2=0.007448, to_identity_l2=0.036726, relation_identity_delta=0.036726, knowledge_state_graph_delta=0.205996, knowledge_state_personal_delta=0.000000, share_concept_embeddings=True, tau_mean=0.6931, tau_std=0.0000, graph_reg_scale(train/val)=1.0000/1.0000
2026-04-19 03:50:21,973 - INFO - [junyi|junyi_abce_best_no_E_bs64|lr=0.003|drop=0.40] [Grad Norms] Epoch [011] | relation_emb=3.226376e-01, relation_tau=9.935497e-12, relation_wq=1.921730e-08, relation_wk=1.682631e-08, personal_u=0.000000e+00, personal_v=0.000000e+00, personal_alpha_bias=0.000000e+00, personal_gate_emb=0.000000e+00, personal_gate_state_proj=0.000000e+00, personal_gate_context_proj=0.000000e+00, personal_gate_state_direct=0.000000e+00, personal_gate_id_direct=0.000000e+00, personal_gate_context_direct=0.000000e+00, personal_gate_out=0.000000e+00, personal_generator_emb=0.000000e+00, personal_generator_context_proj=0.000000e+00, personal_generator_context_hidden=0.000000e+00, personal_generator_context_to_u=0.000000e+00, personal_generator_context_to_v=0.000000e+00, personal_generator_state_row=0.000000e+00, personal_generator_state_col=0.000000e+00, personal_generator_id_row=0.000000e+00, personal_generator_id_col=0.000000e+00, personal_generator_state_adapter=0.000000e+00, personal_generator_id_adapter=0.000000e+00, personal_generator_context_adapter=0.000000e+00, personal_generator_direct_scale=0.000000e+00
2026-04-19 03:50:21,973 - INFO - [junyi|junyi_abce_best_no_E_bs64|lr=0.003|drop=0.40] -> No improvement 1 epoch(s) (best AUC=0.8013 @ 10)
2026-04-19 03:51:43,169 - INFO - [junyi|junyi_abce_best_no_E_bs64|lr=0.003|drop=0.40] Epoch [012/100] | Train: Loss=0.5272, BCE=0.5144, Reg=0.0128, AUC=0.7935, ACC=0.7481, RMSE=0.4134 | Val: Loss=0.5182, BCE=0.5055, Reg=0.0128, AUC=0.8008, ACC=0.7523, RMSE=0.4092
2026-04-19 03:51:43,170 - INFO - [junyi|junyi_abce_best_no_E_bs64|lr=0.003|drop=0.40] [Reg Terms] Epoch [012] | Train: graph_entropy=0.000000, graph_diag=0.006010, graph_uniform=0.006753, graph_reg_scale=1.0000, prediction_l2=0.000000, personal_sparse=0.000000, alpha_var=0.000000, alpha_collapse=0.000000, reg_bce_ratio=0.0248 | Val: graph_entropy=0.000000, graph_diag=0.006000, graph_uniform=0.006753, graph_reg_scale=1.0000, prediction_l2=0.000000, personal_sparse=0.000000, alpha_var=0.000000, alpha_collapse=0.000000, reg_bce_ratio=0.0252
2026-04-19 03:51:43,364 - INFO - [junyi|junyi_abce_best_no_E_bs64|lr=0.003|drop=0.40] [Diag][AE] Epoch [012] | irt_abs_mean=1.6400, irt_std=0.8798, personal_warmup_scale=1.00, graph_row_entropy=3.2177, graph_entropy_ratio=0.4915, alpha_mean=0.0000, alpha_std=0.0000, alpha_base_mean=0.0000, alpha_delta_absmean=0.0000, alpha_saturation_ratio=0.0000, alpha_bias_std=NA, alpha_state_path=0.0000, alpha_id_path=0.0000, alpha_bias_path=0.0000, head_bias_path=0.0000, personal_row_entropy=0.0000, personal_matrix_delta=0.0000, personal_matrix_student_std=0.0000, personal_delta_pre_softmax_norm=0.0000, personal_delta_student_std=0.0000, alpha_head_std=0.0000, query_row_global_readout_delta=0.0249, query_row_personal_message_delta=0.0000, query_row_posterior_delta_abs=0.0000, query_row_posterior_kl=0.0000, query_row_delta_local_rms_raw=0.0000, query_row_message_projection_gain=0.0000, personal_to_graph_query_ratio=0.0000, query_row_global_support_mass=1.0115, query_row_personal_support_mass=0.0000, neighbor_row_personal_delta=0.0000, personal_row_budget_mean=0.0000, personal_query_row_std=0.0000, readout_query_support_mass=1.0115, personal_student_mix=0.0000, personal_student_adapter=0.0000, local_row_ratio=0.0000, support_density=0.0000, readout_query_delta=0.0249, personal_bad_rows_active=0.00, personal_fallback_rows_active=0.00, personal_bad_row_rate_active=0.0000, personal_padded_rows=0.00, personal_logits_support_absmax=0.0000, personal_query_trust_scale_mean=1.0000, personal_bad_rows_legacy=0.00, personal_fallback_rows_legacy=0.00, personal_logits_absmax_legacy=0.0000
2026-04-19 03:51:43,365 - INFO - [junyi|junyi_abce_best_no_E_bs64|lr=0.003|drop=0.40] [Diag][A] Epoch [012] | entropy_ratio=0.4915, diag_mass=0.0500, to_uniform_l2=0.007448, to_identity_l2=0.036726, relation_identity_delta=0.036726, knowledge_state_graph_delta=0.226802, knowledge_state_personal_delta=0.000000, share_concept_embeddings=True, tau_mean=0.6931, tau_std=0.0000, graph_reg_scale(train/val)=1.0000/1.0000
2026-04-19 03:51:43,365 - INFO - [junyi|junyi_abce_best_no_E_bs64|lr=0.003|drop=0.40] [Grad Norms] Epoch [012] | relation_emb=3.445216e-01, relation_tau=5.778645e-12, relation_wq=1.862017e-08, relation_wk=1.840817e-08, personal_u=0.000000e+00, personal_v=0.000000e+00, personal_alpha_bias=0.000000e+00, personal_gate_emb=0.000000e+00, personal_gate_state_proj=0.000000e+00, personal_gate_context_proj=0.000000e+00, personal_gate_state_direct=0.000000e+00, personal_gate_id_direct=0.000000e+00, personal_gate_context_direct=0.000000e+00, personal_gate_out=0.000000e+00, personal_generator_emb=0.000000e+00, personal_generator_context_proj=0.000000e+00, personal_generator_context_hidden=0.000000e+00, personal_generator_context_to_u=0.000000e+00, personal_generator_context_to_v=0.000000e+00, personal_generator_state_row=0.000000e+00, personal_generator_state_col=0.000000e+00, personal_generator_id_row=0.000000e+00, personal_generator_id_col=0.000000e+00, personal_generator_state_adapter=0.000000e+00, personal_generator_id_adapter=0.000000e+00, personal_generator_context_adapter=0.000000e+00, personal_generator_direct_scale=0.000000e+00
2026-04-19 03:51:43,365 - INFO - [junyi|junyi_abce_best_no_E_bs64|lr=0.003|drop=0.40] -> No improvement 2 epoch(s) (best AUC=0.8013 @ 10)
2026-04-19 03:52:10,484 - INFO - [junyi|junyi_abce_best_full|lr=0.003|drop=0.40] Epoch [019/100] | Train: Loss=0.4992, BCE=0.4842, Reg=0.0150, AUC=0.8213, ACC=0.7691, RMSE=0.3984 | Val: Loss=0.5033, BCE=0.4883, Reg=0.0150, AUC=0.8186, ACC=0.7715, RMSE=0.3994
2026-04-19 03:52:10,484 - INFO - [junyi|junyi_abce_best_full|lr=0.003|drop=0.40] [Reg Terms] Epoch [019] | Train: graph_entropy=0.000000, graph_diag=0.006003, graph_uniform=0.006753, graph_reg_scale=1.0000, prediction_l2=0.000000, personal_sparse=0.001167, alpha_var=0.000000, alpha_collapse=0.000004, reg_bce_ratio=0.0309 | Val: graph_entropy=0.000000, graph_diag=0.006000, graph_uniform=0.006753, graph_reg_scale=1.0000, prediction_l2=0.000000, personal_sparse=0.001196, alpha_var=0.000000, alpha_collapse=0.000022, reg_bce_ratio=0.0307
2026-04-19 03:52:10,758 - INFO - [junyi|junyi_abce_best_full|lr=0.003|drop=0.40] [Diag][AE] Epoch [019] | irt_abs_mean=1.8698, irt_std=1.0911, personal_warmup_scale=1.00, graph_row_entropy=3.2177, graph_entropy_ratio=0.4915, alpha_mean=0.1299, alpha_std=0.0378, alpha_base_mean=0.1300, alpha_delta_absmean=0.0248, alpha_saturation_ratio=0.0000, alpha_bias_std=NA, alpha_state_path=0.5198, alpha_id_path=0.0000, alpha_bias_path=0.0000, head_bias_path=0.1728, personal_row_entropy=2.4268, personal_matrix_delta=0.0424, personal_matrix_student_std=0.0505, personal_delta_pre_softmax_norm=2.3867, personal_delta_student_std=2.3156, alpha_head_std=0.0360, query_row_global_readout_delta=0.0376, query_row_personal_message_delta=0.0001, query_row_posterior_delta_abs=0.0424, query_row_posterior_kl=0.0320, query_row_delta_local_rms_raw=0.0018, query_row_message_projection_gain=0.0423, personal_to_graph_query_ratio=0.0035, query_row_global_support_mass=0.9701, query_row_personal_support_mass=0.9701, neighbor_row_personal_delta=0.0000, personal_row_budget_mean=1.3000, personal_query_row_std=0.3190, readout_query_support_mass=0.9701, personal_student_mix=0.0500, personal_student_adapter=0.0400, local_row_ratio=0.0689, support_density=1.0000, readout_query_delta=0.0375, personal_bad_rows_active=0.00, personal_fallback_rows_active=0.00, personal_bad_row_rate_active=0.0000, personal_padded_rows=0.00, personal_logits_support_absmax=6.8639, personal_query_trust_scale_mean=1.0000, personal_bad_rows_legacy=0.00, personal_fallback_rows_legacy=0.00, personal_logits_absmax_legacy=6.8639
2026-04-19 03:52:10,759 - INFO - [junyi|junyi_abce_best_full|lr=0.003|drop=0.40] [Diag][A] Epoch [019] | entropy_ratio=0.4915, diag_mass=0.0500, to_uniform_l2=0.007448, to_identity_l2=0.036726, relation_identity_delta=0.036726, knowledge_state_graph_delta=0.284069, knowledge_state_personal_delta=0.000000, share_concept_embeddings=True, tau_mean=0.6931, tau_std=0.0000, graph_reg_scale(train/val)=1.0000/1.0000
2026-04-19 03:52:10,759 - INFO - [junyi|junyi_abce_best_full|lr=0.003|drop=0.40] [Grad Norms] Epoch [019] | relation_emb=7.952963e-01, relation_tau=5.775493e-13, relation_wq=2.211256e-09, relation_wk=2.192976e-09, personal_u=3.975309e-03, personal_v=2.510456e-03, personal_alpha_bias=0.000000e+00, personal_gate_emb=0.000000e+00, personal_gate_state_proj=1.485270e-17, personal_gate_context_proj=1.965875e-13, personal_gate_state_direct=2.443625e-09, personal_gate_id_direct=0.000000e+00, personal_gate_context_direct=3.370910e-05, personal_gate_out=2.256680e-09, personal_generator_emb=6.941964e-20, personal_generator_context_proj=1.164837e-18, personal_generator_context_hidden=2.602086e-15, personal_generator_context_to_u=7.102411e-12, personal_generator_context_to_v=1.348221e-11, personal_generator_state_row=6.510054e-12, personal_generator_state_col=1.235862e-11, personal_generator_id_row=1.632662e-12, personal_generator_id_col=3.099214e-12, personal_generator_state_adapter=3.346622e-16, personal_generator_id_adapter=1.856269e-22, personal_generator_context_adapter=3.436244e-17, personal_generator_direct_scale=2.698204e-05
2026-04-19 03:52:10,759 - INFO - [junyi|junyi_abce_best_full|lr=0.003|drop=0.40] -> No improvement 1 epoch(s) (best AUC=0.8202 @ 18)
2026-04-19 03:52:41,541 - INFO - [junyi|junyi_abce_best_no_A|lr=0.003|drop=0.40] Epoch [016/100] | Train: Loss=0.4802, BCE=0.4787, Reg=0.0015, AUC=0.8253, ACC=0.7755, RMSE=0.3954 | Val: Loss=0.4882, BCE=0.4867, Reg=0.0015, AUC=0.8212, ACC=0.7770, RMSE=0.3976
2026-04-19 03:52:41,541 - INFO - [junyi|junyi_abce_best_no_A|lr=0.003|drop=0.40] [Reg Terms] Epoch [016] | Train: graph_entropy=0.000000, graph_diag=0.000000, graph_uniform=0.000000, graph_reg_scale=1.0000, prediction_l2=0.000000, personal_sparse=0.000000, alpha_var=0.000000, alpha_collapse=0.001503, reg_bce_ratio=0.0031 | Val: graph_entropy=0.000000, graph_diag=0.000000, graph_uniform=0.000000, graph_reg_scale=1.0000, prediction_l2=0.000000, personal_sparse=0.000000, alpha_var=0.000000, alpha_collapse=0.001515, reg_bce_ratio=0.0031
2026-04-19 03:52:41,754 - INFO - [junyi|junyi_abce_best_no_A|lr=0.003|drop=0.40] [Diag][AE] Epoch [016] | irt_abs_mean=1.8935, irt_std=1.0472, personal_warmup_scale=1.00, graph_row_entropy=0.0000, graph_entropy_ratio=0.0000, alpha_mean=0.1300, alpha_std=0.0429, alpha_base_mean=0.1300, alpha_delta_absmean=0.0294, alpha_saturation_ratio=0.0000, alpha_bias_std=NA, alpha_state_path=0.6196, alpha_id_path=0.0000, alpha_bias_path=0.0000, head_bias_path=0.1903, personal_row_entropy=0.0000, personal_matrix_delta=0.0000, personal_matrix_student_std=0.0000, personal_delta_pre_softmax_norm=0.0000, personal_delta_student_std=0.0000, alpha_head_std=0.0418, query_row_global_readout_delta=0.0000, query_row_personal_message_delta=0.0000, query_row_posterior_delta_abs=0.0000, query_row_posterior_kl=0.0000, query_row_delta_local_rms_raw=0.0000, query_row_message_projection_gain=0.0000, personal_to_graph_query_ratio=0.0000, query_row_global_support_mass=0.0000, query_row_personal_support_mass=0.0000, neighbor_row_personal_delta=0.0000, personal_row_budget_mean=1.3000, personal_query_row_std=0.0000, readout_query_support_mass=0.0000, personal_student_mix=0.0500, personal_student_adapter=0.0400, local_row_ratio=0.0014, support_density=1.0000, readout_query_delta=0.0000, personal_bad_rows_active=0.00, personal_fallback_rows_active=0.00, personal_bad_row_rate_active=0.0000, personal_padded_rows=0.00, personal_logits_support_absmax=0.0000, personal_query_trust_scale_mean=1.0000, personal_bad_rows_legacy=0.00, personal_fallback_rows_legacy=0.00, personal_logits_absmax_legacy=0.0000
2026-04-19 03:52:41,755 - INFO - [junyi|junyi_abce_best_no_A|lr=0.003|drop=0.40] [Diag][A] Epoch [016] | entropy_ratio=0.0000, diag_mass=1.0000, to_uniform_l2=0.037851, to_identity_l2=0.000000, relation_identity_delta=0.000000, knowledge_state_graph_delta=0.000000, knowledge_state_personal_delta=0.000000, share_concept_embeddings=True, tau_mean=0.0000, tau_std=0.0000, graph_reg_scale(train/val)=1.0000/1.0000
2026-04-19 03:52:41,755 - WARNING - [junyi|junyi_abce_best_no_A|lr=0.003|drop=0.40] [Diag Warning][E] personal_delta_student_std is near zero: personal_delta_student_std=0.000000, personal_delta_pre_softmax_norm=0.000000
2026-04-19 03:52:41,755 - WARNING - [junyi|junyi_abce_best_no_A|lr=0.003|drop=0.40] [Diag Warning][E] E-flat-at-query: personal_message=0.000000, posterior_delta=0.000000, posterior_kl=0.000000
2026-04-19 03:52:41,755 - INFO - [junyi|junyi_abce_best_no_A|lr=0.003|drop=0.40] [Grad Norms] Epoch [016] | relation_emb=0.000000e+00, relation_tau=0.000000e+00, relation_wq=0.000000e+00, relation_wk=0.000000e+00, personal_u=0.000000e+00, personal_v=0.000000e+00, personal_alpha_bias=0.000000e+00, personal_gate_emb=0.000000e+00, personal_gate_state_proj=1.480673e-16, personal_gate_context_proj=3.342084e-13, personal_gate_state_direct=1.040266e-06, personal_gate_id_direct=0.000000e+00, personal_gate_context_direct=2.348024e-03, personal_gate_out=2.857937e-07, personal_generator_emb=0.000000e+00, personal_generator_context_proj=0.000000e+00, personal_generator_context_hidden=0.000000e+00, personal_generator_context_to_u=0.000000e+00, personal_generator_context_to_v=0.000000e+00, personal_generator_state_row=0.000000e+00, personal_generator_state_col=0.000000e+00, personal_generator_id_row=0.000000e+00, personal_generator_id_col=0.000000e+00, personal_generator_state_adapter=0.000000e+00, personal_generator_id_adapter=0.000000e+00, personal_generator_context_adapter=0.000000e+00, personal_generator_direct_scale=0.000000e+00
2026-04-19 03:52:42,567 - INFO - [junyi|junyi_abce_best_no_A|lr=0.003|drop=0.40] -> New best AUC=0.8212 at epoch 16
2026-04-19 03:53:04,791 - INFO - [junyi|junyi_abce_best_no_E_bs64|lr=0.003|drop=0.40] Epoch [013/100] | Train: Loss=0.5156, BCE=0.5028, Reg=0.0128, AUC=0.8046, ACC=0.7575, RMSE=0.4076 | Val: Loss=0.5019, BCE=0.4891, Reg=0.0128, AUC=0.8126, ACC=0.7672, RMSE=0.4010
2026-04-19 03:53:04,791 - INFO - [junyi|junyi_abce_best_no_E_bs64|lr=0.003|drop=0.40] [Reg Terms] Epoch [013] | Train: graph_entropy=0.000000, graph_diag=0.006004, graph_uniform=0.006753, graph_reg_scale=1.0000, prediction_l2=0.000000, personal_sparse=0.000000, alpha_var=0.000000, alpha_collapse=0.000000, reg_bce_ratio=0.0254 | Val: graph_entropy=0.000000, graph_diag=0.006000, graph_uniform=0.006753, graph_reg_scale=1.0000, prediction_l2=0.000000, personal_sparse=0.000000, alpha_var=0.000000, alpha_collapse=0.000000, reg_bce_ratio=0.0261
2026-04-19 03:53:04,987 - INFO - [junyi|junyi_abce_best_no_E_bs64|lr=0.003|drop=0.40] [Diag][AE] Epoch [013] | irt_abs_mean=1.6617, irt_std=0.8695, personal_warmup_scale=1.00, graph_row_entropy=3.2177, graph_entropy_ratio=0.4915, alpha_mean=0.0000, alpha_std=0.0000, alpha_base_mean=0.0000, alpha_delta_absmean=0.0000, alpha_saturation_ratio=0.0000, alpha_bias_std=NA, alpha_state_path=0.0000, alpha_id_path=0.0000, alpha_bias_path=0.0000, head_bias_path=0.0000, personal_row_entropy=0.0000, personal_matrix_delta=0.0000, personal_matrix_student_std=0.0000, personal_delta_pre_softmax_norm=0.0000, personal_delta_student_std=0.0000, alpha_head_std=0.0000, query_row_global_readout_delta=0.0314, query_row_personal_message_delta=0.0000, query_row_posterior_delta_abs=0.0000, query_row_posterior_kl=0.0000, query_row_delta_local_rms_raw=0.0000, query_row_message_projection_gain=0.0000, personal_to_graph_query_ratio=0.0000, query_row_global_support_mass=0.7836, query_row_personal_support_mass=0.0000, neighbor_row_personal_delta=0.0000, personal_row_budget_mean=0.0000, personal_query_row_std=0.0000, readout_query_support_mass=0.7836, personal_student_mix=0.0000, personal_student_adapter=0.0000, local_row_ratio=0.0000, support_density=0.0000, readout_query_delta=0.0314, personal_bad_rows_active=0.00, personal_fallback_rows_active=0.00, personal_bad_row_rate_active=0.0000, personal_padded_rows=0.00, personal_logits_support_absmax=0.0000, personal_query_trust_scale_mean=1.0000, personal_bad_rows_legacy=0.00, personal_fallback_rows_legacy=0.00, personal_logits_absmax_legacy=0.0000
2026-04-19 03:53:04,987 - INFO - [junyi|junyi_abce_best_no_E_bs64|lr=0.003|drop=0.40] [Diag][A] Epoch [013] | entropy_ratio=0.4915, diag_mass=0.0500, to_uniform_l2=0.007448, to_identity_l2=0.036726, relation_identity_delta=0.036726, knowledge_state_graph_delta=0.240442, knowledge_state_personal_delta=0.000000, share_concept_embeddings=True, tau_mean=0.6931, tau_std=0.0000, graph_reg_scale(train/val)=1.0000/1.0000
2026-04-19 03:53:04,987 - INFO - [junyi|junyi_abce_best_no_E_bs64|lr=0.003|drop=0.40] [Grad Norms] Epoch [013] | relation_emb=4.706001e-01, relation_tau=3.071137e-12, relation_wq=6.531458e-09, relation_wk=5.752629e-09, personal_u=0.000000e+00, personal_v=0.000000e+00, personal_alpha_bias=0.000000e+00, personal_gate_emb=0.000000e+00, personal_gate_state_proj=0.000000e+00, personal_gate_context_proj=0.000000e+00, personal_gate_state_direct=0.000000e+00, personal_gate_id_direct=0.000000e+00, personal_gate_context_direct=0.000000e+00, personal_gate_out=0.000000e+00, personal_generator_emb=0.000000e+00, personal_generator_context_proj=0.000000e+00, personal_generator_context_hidden=0.000000e+00, personal_generator_context_to_u=0.000000e+00, personal_generator_context_to_v=0.000000e+00, personal_generator_state_row=0.000000e+00, personal_generator_state_col=0.000000e+00, personal_generator_id_row=0.000000e+00, personal_generator_id_col=0.000000e+00, personal_generator_state_adapter=0.000000e+00, personal_generator_id_adapter=0.000000e+00, personal_generator_context_adapter=0.000000e+00, personal_generator_direct_scale=0.000000e+00
2026-04-19 03:53:05,195 - INFO - [junyi|junyi_abce_best_no_E_bs64|lr=0.003|drop=0.40] -> New best AUC=0.8126 at epoch 13
2026-04-19 03:54:26,702 - INFO - [junyi|junyi_abce_best_no_E_bs64|lr=0.003|drop=0.40] Epoch [014/100] | Train: Loss=0.5120, BCE=0.4992, Reg=0.0128, AUC=0.8080, ACC=0.7595, RMSE=0.4059 | Val: Loss=0.5018, BCE=0.4891, Reg=0.0128, AUC=0.8131, ACC=0.7694, RMSE=0.4004
2026-04-19 03:54:26,702 - INFO - [junyi|junyi_abce_best_no_E_bs64|lr=0.003|drop=0.40] [Reg Terms] Epoch [014] | Train: graph_entropy=0.000000, graph_diag=0.006004, graph_uniform=0.006753, graph_reg_scale=1.0000, prediction_l2=0.000000, personal_sparse=0.000000, alpha_var=0.000000, alpha_collapse=0.000000, reg_bce_ratio=0.0256 | Val: graph_entropy=0.000000, graph_diag=0.006000, graph_uniform=0.006753, graph_reg_scale=1.0000, prediction_l2=0.000000, personal_sparse=0.000000, alpha_var=0.000000, alpha_collapse=0.000000, reg_bce_ratio=0.0261
2026-04-19 03:54:26,910 - INFO - [junyi|junyi_abce_best_no_E_bs64|lr=0.003|drop=0.40] [Diag][AE] Epoch [014] | irt_abs_mean=1.6678, irt_std=0.9151, personal_warmup_scale=1.00, graph_row_entropy=3.2177, graph_entropy_ratio=0.4915, alpha_mean=0.0000, alpha_std=0.0000, alpha_base_mean=0.0000, alpha_delta_absmean=0.0000, alpha_saturation_ratio=0.0000, alpha_bias_std=NA, alpha_state_path=0.0000, alpha_id_path=0.0000, alpha_bias_path=0.0000, head_bias_path=0.0000, personal_row_entropy=0.0000, personal_matrix_delta=0.0000, personal_matrix_student_std=0.0000, personal_delta_pre_softmax_norm=0.0000, personal_delta_student_std=0.0000, alpha_head_std=0.0000, query_row_global_readout_delta=0.0327, query_row_personal_message_delta=0.0000, query_row_posterior_delta_abs=0.0000, query_row_posterior_kl=0.0000, query_row_delta_local_rms_raw=0.0000, query_row_message_projection_gain=0.0000, personal_to_graph_query_ratio=0.0000, query_row_global_support_mass=0.9843, query_row_personal_support_mass=0.0000, neighbor_row_personal_delta=0.0000, personal_row_budget_mean=0.0000, personal_query_row_std=0.0000, readout_query_support_mass=0.9843, personal_student_mix=0.0000, personal_student_adapter=0.0000, local_row_ratio=0.0000, support_density=0.0000, readout_query_delta=0.0327, personal_bad_rows_active=0.00, personal_fallback_rows_active=0.00, personal_bad_row_rate_active=0.0000, personal_padded_rows=0.00, personal_logits_support_absmax=0.0000, personal_query_trust_scale_mean=1.0000, personal_bad_rows_legacy=0.00, personal_fallback_rows_legacy=0.00, personal_logits_absmax_legacy=0.0000
2026-04-19 03:54:26,910 - INFO - [junyi|junyi_abce_best_no_E_bs64|lr=0.003|drop=0.40] [Diag][A] Epoch [014] | entropy_ratio=0.4915, diag_mass=0.0500, to_uniform_l2=0.007448, to_identity_l2=0.036726, relation_identity_delta=0.036726, knowledge_state_graph_delta=0.238046, knowledge_state_personal_delta=0.000000, share_concept_embeddings=True, tau_mean=0.6931, tau_std=0.0000, graph_reg_scale(train/val)=1.0000/1.0000
2026-04-19 03:54:26,910 - INFO - [junyi|junyi_abce_best_no_E_bs64|lr=0.003|drop=0.40] [Grad Norms] Epoch [014] | relation_emb=5.260870e-01, relation_tau=1.677975e-12, relation_wq=7.806827e-09, relation_wk=7.054704e-09, personal_u=0.000000e+00, personal_v=0.000000e+00, personal_alpha_bias=0.000000e+00, personal_gate_emb=0.000000e+00, personal_gate_state_proj=0.000000e+00, personal_gate_context_proj=0.000000e+00, personal_gate_state_direct=0.000000e+00, personal_gate_id_direct=0.000000e+00, personal_gate_context_direct=0.000000e+00, personal_gate_out=0.000000e+00, personal_generator_emb=0.000000e+00, personal_generator_context_proj=0.000000e+00, personal_generator_context_hidden=0.000000e+00, personal_generator_context_to_u=0.000000e+00, personal_generator_context_to_v=0.000000e+00, personal_generator_state_row=0.000000e+00, personal_generator_state_col=0.000000e+00, personal_generator_id_row=0.000000e+00, personal_generator_id_col=0.000000e+00, personal_generator_state_adapter=0.000000e+00, personal_generator_id_adapter=0.000000e+00, personal_generator_context_adapter=0.000000e+00, personal_generator_direct_scale=0.000000e+00
2026-04-19 03:54:27,110 - INFO - [junyi|junyi_abce_best_no_E_bs64|lr=0.003|drop=0.40] -> New best AUC=0.8131 at epoch 14
2026-04-19 03:55:19,411 - INFO - [junyi|junyi_abce_best_full|lr=0.003|drop=0.40] Epoch [020/100] | Train: Loss=0.4991, BCE=0.4841, Reg=0.0150, AUC=0.8213, ACC=0.7701, RMSE=0.3984 | Val: Loss=0.4997, BCE=0.4847, Reg=0.0150, AUC=0.8203, ACC=0.7738, RMSE=0.3978
2026-04-19 03:55:19,412 - INFO - [junyi|junyi_abce_best_full|lr=0.003|drop=0.40] [Reg Terms] Epoch [020] | Train: graph_entropy=0.000000, graph_diag=0.006002, graph_uniform=0.006753, graph_reg_scale=1.0000, prediction_l2=0.000000, personal_sparse=0.001163, alpha_var=0.000000, alpha_collapse=0.000005, reg_bce_ratio=0.0310 | Val: graph_entropy=0.000000, graph_diag=0.006000, graph_uniform=0.006753, graph_reg_scale=1.0000, prediction_l2=0.000000, personal_sparse=0.001168, alpha_var=0.000000, alpha_collapse=0.000001, reg_bce_ratio=0.0309
2026-04-19 03:55:19,658 - INFO - [junyi|junyi_abce_best_full|lr=0.003|drop=0.40] [Diag][AE] Epoch [020] | irt_abs_mean=1.7703, irt_std=1.1264, personal_warmup_scale=1.00, graph_row_entropy=3.2177, graph_entropy_ratio=0.4915, alpha_mean=0.1300, alpha_std=0.0423, alpha_base_mean=0.1300, alpha_delta_absmean=0.0294, alpha_saturation_ratio=0.0000, alpha_bias_std=NA, alpha_state_path=0.6199, alpha_id_path=0.0000, alpha_bias_path=0.0000, head_bias_path=0.1811, personal_row_entropy=2.3384, personal_matrix_delta=0.0457, personal_matrix_student_std=0.0526, personal_delta_pre_softmax_norm=2.5583, personal_delta_student_std=2.4612, alpha_head_std=0.0411, query_row_global_readout_delta=0.0304, query_row_personal_message_delta=0.0005, query_row_posterior_delta_abs=0.0457, query_row_posterior_kl=0.0352, query_row_delta_local_rms_raw=0.0051, query_row_message_projection_gain=0.1108, personal_to_graph_query_ratio=0.0154, query_row_global_support_mass=1.7837, query_row_personal_support_mass=1.7837, neighbor_row_personal_delta=0.0000, personal_row_budget_mean=1.3000, personal_query_row_std=0.2685, readout_query_support_mass=1.7837, personal_student_mix=0.0501, personal_student_adapter=0.0400, local_row_ratio=0.0690, support_density=1.0000, readout_query_delta=0.0305, personal_bad_rows_active=0.00, personal_fallback_rows_active=0.00, personal_bad_row_rate_active=0.0000, personal_padded_rows=0.00, personal_logits_support_absmax=6.8094, personal_query_trust_scale_mean=1.0000, personal_bad_rows_legacy=0.00, personal_fallback_rows_legacy=0.00, personal_logits_absmax_legacy=6.8094
2026-04-19 03:55:19,658 - INFO - [junyi|junyi_abce_best_full|lr=0.003|drop=0.40] [Diag][A] Epoch [020] | entropy_ratio=0.4915, diag_mass=0.0500, to_uniform_l2=0.007448, to_identity_l2=0.036726, relation_identity_delta=0.036726, knowledge_state_graph_delta=0.278473, knowledge_state_personal_delta=0.000000, share_concept_embeddings=True, tau_mean=0.6931, tau_std=0.0000, graph_reg_scale(train/val)=1.0000/1.0000
2026-04-19 03:55:19,658 - INFO - [junyi|junyi_abce_best_full|lr=0.003|drop=0.40] [Grad Norms] Epoch [020] | relation_emb=8.003345e-01, relation_tau=6.103589e-13, relation_wq=3.912199e-09, relation_wk=3.401253e-09, personal_u=5.813580e-04, personal_v=1.057599e-03, personal_alpha_bias=0.000000e+00, personal_gate_emb=0.000000e+00, personal_gate_state_proj=6.274822e-16, personal_gate_context_proj=1.806697e-12, personal_gate_state_direct=2.561146e-08, personal_gate_id_direct=0.000000e+00, personal_gate_context_direct=7.295960e-05, personal_gate_out=4.351115e-09, personal_generator_emb=1.876183e-21, personal_generator_context_proj=3.962388e-19, personal_generator_context_hidden=5.026626e-16, personal_generator_context_to_u=1.792730e-12, personal_generator_context_to_v=2.163544e-12, personal_generator_state_row=1.197268e-12, personal_generator_state_col=1.446480e-12, personal_generator_id_row=2.984556e-13, personal_generator_id_col=3.601892e-13, personal_generator_state_adapter=9.800561e-18, personal_generator_id_adapter=6.118053e-24, personal_generator_context_adapter=1.514085e-17, personal_generator_direct_scale=5.420187e-06
2026-04-19 03:55:20,361 - INFO - [junyi|junyi_abce_best_full|lr=0.003|drop=0.40] -> New best AUC=0.8203 at epoch 20
2026-04-19 03:55:20,500 - INFO - [junyi|junyi_abce_best_full|lr=0.003|drop=0.40] Checkpoint saved: checkpoints/abce_diag/remote_rerun_20260419_6ddddcc/junyi/seed42/best_full/checkpoint_epoch_20.pth
2026-04-19 03:55:20,825 - INFO - [junyi|junyi_abce_best_full|lr=0.003|drop=0.40] [Module Activity] Epoch 20: Graph[LIVE] Personal[WEAK]
2026-04-19 03:55:40,938 - INFO - [junyi|junyi_abce_best_no_A|lr=0.003|drop=0.40] Epoch [017/100] | Train: Loss=0.4768, BCE=0.4752, Reg=0.0015, AUC=0.8284, ACC=0.7765, RMSE=0.3937 | Val: Loss=0.4892, BCE=0.4877, Reg=0.0015, AUC=0.8206, ACC=0.7748, RMSE=0.3981
2026-04-19 03:55:40,938 - INFO - [junyi|junyi_abce_best_no_A|lr=0.003|drop=0.40] [Reg Terms] Epoch [017] | Train: graph_entropy=0.000000, graph_diag=0.000000, graph_uniform=0.000000, graph_reg_scale=1.0000, prediction_l2=0.000000, personal_sparse=0.000000, alpha_var=0.000000, alpha_collapse=0.001504, reg_bce_ratio=0.0032 | Val: graph_entropy=0.000000, graph_diag=0.000000, graph_uniform=0.000000, graph_reg_scale=1.0000, prediction_l2=0.000000, personal_sparse=0.000000, alpha_var=0.000000, alpha_collapse=0.001516, reg_bce_ratio=0.0031
2026-04-19 03:55:41,169 - INFO - [junyi|junyi_abce_best_no_A|lr=0.003|drop=0.40] [Diag][AE] Epoch [017] | irt_abs_mean=1.9093, irt_std=1.0023, personal_warmup_scale=1.00, graph_row_entropy=0.0000, graph_entropy_ratio=0.0000, alpha_mean=0.1300, alpha_std=0.0421, alpha_base_mean=0.1300, alpha_delta_absmean=0.0287, alpha_saturation_ratio=0.0000, alpha_bias_std=NA, alpha_state_path=0.6009, alpha_id_path=0.0000, alpha_bias_path=0.0000, head_bias_path=0.1937, personal_row_entropy=0.0000, personal_matrix_delta=0.0000, personal_matrix_student_std=0.0000, personal_delta_pre_softmax_norm=0.0000, personal_delta_student_std=0.0000, alpha_head_std=0.0412, query_row_global_readout_delta=0.0000, query_row_personal_message_delta=0.0000, query_row_posterior_delta_abs=0.0000, query_row_posterior_kl=0.0000, query_row_delta_local_rms_raw=0.0000, query_row_message_projection_gain=0.0000, personal_to_graph_query_ratio=0.0000, query_row_global_support_mass=0.0000, query_row_personal_support_mass=0.0000, neighbor_row_personal_delta=0.0000, personal_row_budget_mean=1.3000, personal_query_row_std=0.0000, readout_query_support_mass=0.0000, personal_student_mix=0.0500, personal_student_adapter=0.0400, local_row_ratio=0.0014, support_density=1.0000, readout_query_delta=0.0000, personal_bad_rows_active=0.00, personal_fallback_rows_active=0.00, personal_bad_row_rate_active=0.0000, personal_padded_rows=0.00, personal_logits_support_absmax=0.0000, personal_query_trust_scale_mean=1.0000, personal_bad_rows_legacy=0.00, personal_fallback_rows_legacy=0.00, personal_logits_absmax_legacy=0.0000
2026-04-19 03:55:41,169 - INFO - [junyi|junyi_abce_best_no_A|lr=0.003|drop=0.40] [Diag][A] Epoch [017] | entropy_ratio=0.0000, diag_mass=1.0000, to_uniform_l2=0.037851, to_identity_l2=0.000000, relation_identity_delta=0.000000, knowledge_state_graph_delta=0.000000, knowledge_state_personal_delta=0.000000, share_concept_embeddings=True, tau_mean=0.0000, tau_std=0.0000, graph_reg_scale(train/val)=1.0000/1.0000
2026-04-19 03:55:41,169 - WARNING - [junyi|junyi_abce_best_no_A|lr=0.003|drop=0.40] [Diag Warning][E] personal_delta_student_std is near zero: personal_delta_student_std=0.000000, personal_delta_pre_softmax_norm=0.000000
2026-04-19 03:55:41,169 - WARNING - [junyi|junyi_abce_best_no_A|lr=0.003|drop=0.40] [Diag Warning][E] E-flat-at-query: personal_message=0.000000, posterior_delta=0.000000, posterior_kl=0.000000
2026-04-19 03:55:41,169 - INFO - [junyi|junyi_abce_best_no_A|lr=0.003|drop=0.40] [Grad Norms] Epoch [017] | relation_emb=0.000000e+00, relation_tau=0.000000e+00, relation_wq=0.000000e+00, relation_wk=0.000000e+00, personal_u=0.000000e+00, personal_v=0.000000e+00, personal_alpha_bias=0.000000e+00, personal_gate_emb=0.000000e+00, personal_gate_state_proj=0.000000e+00, personal_gate_context_proj=0.000000e+00, personal_gate_state_direct=0.000000e+00, personal_gate_id_direct=0.000000e+00, personal_gate_context_direct=0.000000e+00, personal_gate_out=0.000000e+00, personal_generator_emb=0.000000e+00, personal_generator_context_proj=0.000000e+00, personal_generator_context_hidden=0.000000e+00, personal_generator_context_to_u=0.000000e+00, personal_generator_context_to_v=0.000000e+00, personal_generator_state_row=0.000000e+00, personal_generator_state_col=0.000000e+00, personal_generator_id_row=0.000000e+00, personal_generator_id_col=0.000000e+00, personal_generator_state_adapter=0.000000e+00, personal_generator_id_adapter=0.000000e+00, personal_generator_context_adapter=0.000000e+00, personal_generator_direct_scale=0.000000e+00
2026-04-19 03:55:41,170 - INFO - [junyi|junyi_abce_best_no_A|lr=0.003|drop=0.40] -> No improvement 1 epoch(s) (best AUC=0.8212 @ 16)
2026-04-19 03:55:48,308 - INFO - [junyi|junyi_abce_best_no_E_bs64|lr=0.003|drop=0.40] Epoch [015/100] | Train: Loss=0.5116, BCE=0.4989, Reg=0.0128, AUC=0.8082, ACC=0.7601, RMSE=0.4057 | Val: Loss=0.5026, BCE=0.4898, Reg=0.0128, AUC=0.8129, ACC=0.7679, RMSE=0.4011
2026-04-19 03:55:48,308 - INFO - [junyi|junyi_abce_best_no_E_bs64|lr=0.003|drop=0.40] [Reg Terms] Epoch [015] | Train: graph_entropy=0.000000, graph_diag=0.006004, graph_uniform=0.006753, graph_reg_scale=1.0000, prediction_l2=0.000000, personal_sparse=0.000000, alpha_var=0.000000, alpha_collapse=0.000000, reg_bce_ratio=0.0256 | Val: graph_entropy=0.000000, graph_diag=0.006000, graph_uniform=0.006753, graph_reg_scale=1.0000, prediction_l2=0.000000, personal_sparse=0.000000, alpha_var=0.000000, alpha_collapse=0.000000, reg_bce_ratio=0.0260
2026-04-19 03:55:48,492 - INFO - [junyi|junyi_abce_best_no_E_bs64|lr=0.003|drop=0.40] [Diag][AE] Epoch [015] | irt_abs_mean=1.6457, irt_std=0.9002, personal_warmup_scale=1.00, graph_row_entropy=3.2177, graph_entropy_ratio=0.4915, alpha_mean=0.0000, alpha_std=0.0000, alpha_base_mean=0.0000, alpha_delta_absmean=0.0000, alpha_saturation_ratio=0.0000, alpha_bias_std=NA, alpha_state_path=0.0000, alpha_id_path=0.0000, alpha_bias_path=0.0000, head_bias_path=0.0000, personal_row_entropy=0.0000, personal_matrix_delta=0.0000, personal_matrix_student_std=0.0000, personal_delta_pre_softmax_norm=0.0000, personal_delta_student_std=0.0000, alpha_head_std=0.0000, query_row_global_readout_delta=0.0379, query_row_personal_message_delta=0.0000, query_row_posterior_delta_abs=0.0000, query_row_posterior_kl=0.0000, query_row_delta_local_rms_raw=0.0000, query_row_message_projection_gain=0.0000, personal_to_graph_query_ratio=0.0000, query_row_global_support_mass=1.3641, query_row_personal_support_mass=0.0000, neighbor_row_personal_delta=0.0000, personal_row_budget_mean=0.0000, personal_query_row_std=0.0000, readout_query_support_mass=1.3641, personal_student_mix=0.0000, personal_student_adapter=0.0000, local_row_ratio=0.0000, support_density=0.0000, readout_query_delta=0.0379, personal_bad_rows_active=0.00, personal_fallback_rows_active=0.00, personal_bad_row_rate_active=0.0000, personal_padded_rows=0.00, personal_logits_support_absmax=0.0000, personal_query_trust_scale_mean=1.0000, personal_bad_rows_legacy=0.00, personal_fallback_rows_legacy=0.00, personal_logits_absmax_legacy=0.0000
2026-04-19 03:55:48,492 - INFO - [junyi|junyi_abce_best_no_E_bs64|lr=0.003|drop=0.40] [Diag][A] Epoch [015] | entropy_ratio=0.4915, diag_mass=0.0500, to_uniform_l2=0.007448, to_identity_l2=0.036726, relation_identity_delta=0.036726, knowledge_state_graph_delta=0.249385, knowledge_state_personal_delta=0.000000, share_concept_embeddings=True, tau_mean=0.6931, tau_std=0.0000, graph_reg_scale(train/val)=1.0000/1.0000
2026-04-19 03:55:48,492 - INFO - [junyi|junyi_abce_best_no_E_bs64|lr=0.003|drop=0.40] [Grad Norms] Epoch [015] | relation_emb=4.640241e-01, relation_tau=2.819880e-12, relation_wq=8.461792e-09, relation_wk=7.591668e-09, personal_u=0.000000e+00, personal_v=0.000000e+00, personal_alpha_bias=0.000000e+00, personal_gate_emb=0.000000e+00, personal_gate_state_proj=0.000000e+00, personal_gate_context_proj=0.000000e+00, personal_gate_state_direct=0.000000e+00, personal_gate_id_direct=0.000000e+00, personal_gate_context_direct=0.000000e+00, personal_gate_out=0.000000e+00, personal_generator_emb=0.000000e+00, personal_generator_context_proj=0.000000e+00, personal_generator_context_hidden=0.000000e+00, personal_generator_context_to_u=0.000000e+00, personal_generator_context_to_v=0.000000e+00, personal_generator_state_row=0.000000e+00, personal_generator_state_col=0.000000e+00, personal_generator_id_row=0.000000e+00, personal_generator_id_col=0.000000e+00, personal_generator_state_adapter=0.000000e+00, personal_generator_id_adapter=0.000000e+00, personal_generator_context_adapter=0.000000e+00, personal_generator_direct_scale=0.000000e+00
2026-04-19 03:55:48,492 - INFO - [junyi|junyi_abce_best_no_E_bs64|lr=0.003|drop=0.40] -> No improvement 1 epoch(s) (best AUC=0.8131 @ 14)
2026-04-19 03:57:10,479 - INFO - [junyi|junyi_abce_best_no_E_bs64|lr=0.003|drop=0.40] Epoch [016/100] | Train: Loss=0.5111, BCE=0.4984, Reg=0.0128, AUC=0.8085, ACC=0.7604, RMSE=0.4054 | Val: Loss=0.5051, BCE=0.4924, Reg=0.0128, AUC=0.8117, ACC=0.7686, RMSE=0.4008
2026-04-19 03:57:10,480 - INFO - [junyi|junyi_abce_best_no_E_bs64|lr=0.003|drop=0.40] [Reg Terms] Epoch [016] | Train: graph_entropy=0.000000, graph_diag=0.006004, graph_uniform=0.006753, graph_reg_scale=1.0000, prediction_l2=0.000000, personal_sparse=0.000000, alpha_var=0.000000, alpha_collapse=0.000000, reg_bce_ratio=0.0256 | Val: graph_entropy=0.000000, graph_diag=0.006000, graph_uniform=0.006753, graph_reg_scale=1.0000, prediction_l2=0.000000, personal_sparse=0.000000, alpha_var=0.000000, alpha_collapse=0.000000, reg_bce_ratio=0.0259
2026-04-19 03:57:10,683 - INFO - [junyi|junyi_abce_best_no_E_bs64|lr=0.003|drop=0.40] [Diag][AE] Epoch [016] | irt_abs_mean=1.6404, irt_std=1.1450, personal_warmup_scale=1.00, graph_row_entropy=3.2177, graph_entropy_ratio=0.4915, alpha_mean=0.0000, alpha_std=0.0000, alpha_base_mean=0.0000, alpha_delta_absmean=0.0000, alpha_saturation_ratio=0.0000, alpha_bias_std=NA, alpha_state_path=0.0000, alpha_id_path=0.0000, alpha_bias_path=0.0000, head_bias_path=0.0000, personal_row_entropy=0.0000, personal_matrix_delta=0.0000, personal_matrix_student_std=0.0000, personal_delta_pre_softmax_norm=0.0000, personal_delta_student_std=0.0000, alpha_head_std=0.0000, query_row_global_readout_delta=0.0288, query_row_personal_message_delta=0.0000, query_row_posterior_delta_abs=0.0000, query_row_posterior_kl=0.0000, query_row_delta_local_rms_raw=0.0000, query_row_message_projection_gain=0.0000, personal_to_graph_query_ratio=0.0000, query_row_global_support_mass=1.0391, query_row_personal_support_mass=0.0000, neighbor_row_personal_delta=0.0000, personal_row_budget_mean=0.0000, personal_query_row_std=0.0000, readout_query_support_mass=1.0391, personal_student_mix=0.0000, personal_student_adapter=0.0000, local_row_ratio=0.0000, support_density=0.0000, readout_query_delta=0.0288, personal_bad_rows_active=0.00, personal_fallback_rows_active=0.00, personal_bad_row_rate_active=0.0000, personal_padded_rows=0.00, personal_logits_support_absmax=0.0000, personal_query_trust_scale_mean=1.0000, personal_bad_rows_legacy=0.00, personal_fallback_rows_legacy=0.00, personal_logits_absmax_legacy=0.0000
2026-04-19 03:57:10,683 - INFO - [junyi|junyi_abce_best_no_E_bs64|lr=0.003|drop=0.40] [Diag][A] Epoch [016] | entropy_ratio=0.4915, diag_mass=0.0500, to_uniform_l2=0.007448, to_identity_l2=0.036726, relation_identity_delta=0.036726, knowledge_state_graph_delta=0.242898, knowledge_state_personal_delta=0.000000, share_concept_embeddings=True, tau_mean=0.6932, tau_std=0.0000, graph_reg_scale(train/val)=1.0000/1.0000
2026-04-19 03:57:10,683 - INFO - [junyi|junyi_abce_best_no_E_bs64|lr=0.003|drop=0.40] [Grad Norms] Epoch [016] | relation_emb=5.240920e-01, relation_tau=3.115813e-12, relation_wq=9.599041e-09, relation_wk=7.556030e-09, personal_u=0.000000e+00, personal_v=0.000000e+00, personal_alpha_bias=0.000000e+00, personal_gate_emb=0.000000e+00, personal_gate_state_proj=0.000000e+00, personal_gate_context_proj=0.000000e+00, personal_gate_state_direct=0.000000e+00, personal_gate_id_direct=0.000000e+00, personal_gate_context_direct=0.000000e+00, personal_gate_out=0.000000e+00, personal_generator_emb=0.000000e+00, personal_generator_context_proj=0.000000e+00, personal_generator_context_hidden=0.000000e+00, personal_generator_context_to_u=0.000000e+00, personal_generator_context_to_v=0.000000e+00, personal_generator_state_row=0.000000e+00, personal_generator_state_col=0.000000e+00, personal_generator_id_row=0.000000e+00, personal_generator_id_col=0.000000e+00, personal_generator_state_adapter=0.000000e+00, personal_generator_id_adapter=0.000000e+00, personal_generator_context_adapter=0.000000e+00, personal_generator_direct_scale=0.000000e+00
2026-04-19 03:57:10,683 - INFO - [junyi|junyi_abce_best_no_E_bs64|lr=0.003|drop=0.40] -> No improvement 2 epoch(s) (best AUC=0.8131 @ 14)
2026-04-19 03:58:28,720 - INFO - [junyi|junyi_abce_best_full|lr=0.003|drop=0.40] Epoch [021/100] | Train: Loss=0.4988, BCE=0.4839, Reg=0.0150, AUC=0.8215, ACC=0.7702, RMSE=0.3982 | Val: Loss=0.4997, BCE=0.4848, Reg=0.0149, AUC=0.8186, ACC=0.7749, RMSE=0.3975
2026-04-19 03:58:28,720 - INFO - [junyi|junyi_abce_best_full|lr=0.003|drop=0.40] [Reg Terms] Epoch [021] | Train: graph_entropy=0.000000, graph_diag=0.006003, graph_uniform=0.006753, graph_reg_scale=1.0000, prediction_l2=0.000000, personal_sparse=0.001183, alpha_var=0.000000, alpha_collapse=0.000004, reg_bce_ratio=0.0309 | Val: graph_entropy=0.000000, graph_diag=0.006000, graph_uniform=0.006753, graph_reg_scale=1.0000, prediction_l2=0.000000, personal_sparse=0.001249, alpha_var=0.000000, alpha_collapse=0.000006, reg_bce_ratio=0.0307
2026-04-19 03:58:28,970 - INFO - [junyi|junyi_abce_best_full|lr=0.003|drop=0.40] [Diag][AE] Epoch [021] | irt_abs_mean=1.8954, irt_std=1.0229, personal_warmup_scale=1.00, graph_row_entropy=3.2177, graph_entropy_ratio=0.4915, alpha_mean=0.1300, alpha_std=0.0400, alpha_base_mean=0.1300, alpha_delta_absmean=0.0267, alpha_saturation_ratio=0.0000, alpha_bias_std=NA, alpha_state_path=0.5613, alpha_id_path=0.0000, alpha_bias_path=0.0000, head_bias_path=0.1813, personal_row_entropy=2.5096, personal_matrix_delta=0.0401, personal_matrix_student_std=0.0447, personal_delta_pre_softmax_norm=2.5420, personal_delta_student_std=2.4736, alpha_head_std=0.0384, query_row_global_readout_delta=0.0377, query_row_personal_message_delta=0.0006, query_row_posterior_delta_abs=0.0401, query_row_posterior_kl=0.0281, query_row_delta_local_rms_raw=0.0072, query_row_message_projection_gain=0.1793, personal_to_graph_query_ratio=0.0149, query_row_global_support_mass=1.3928, query_row_personal_support_mass=1.3928, neighbor_row_personal_delta=0.0000, personal_row_budget_mean=1.3000, personal_query_row_std=0.3980, readout_query_support_mass=1.3928, personal_student_mix=0.0500, personal_student_adapter=0.0400, local_row_ratio=0.0685, support_density=1.0000, readout_query_delta=0.0376, personal_bad_rows_active=0.00, personal_fallback_rows_active=0.00, personal_bad_row_rate_active=0.0000, personal_padded_rows=0.00, personal_logits_support_absmax=6.8511, personal_query_trust_scale_mean=1.0000, personal_bad_rows_legacy=0.00, personal_fallback_rows_legacy=0.00, personal_logits_absmax_legacy=6.8511
2026-04-19 03:58:28,970 - INFO - [junyi|junyi_abce_best_full|lr=0.003|drop=0.40] [Diag][A] Epoch [021] | entropy_ratio=0.4915, diag_mass=0.0500, to_uniform_l2=0.007448, to_identity_l2=0.036726, relation_identity_delta=0.036726, knowledge_state_graph_delta=0.279205, knowledge_state_personal_delta=0.000000, share_concept_embeddings=True, tau_mean=0.6931, tau_std=0.0000, graph_reg_scale(train/val)=1.0000/1.0000
2026-04-19 03:58:28,971 - INFO - [junyi|junyi_abce_best_full|lr=0.003|drop=0.40] [Grad Norms] Epoch [021] | relation_emb=9.007162e-01, relation_tau=2.734232e-13, relation_wq=2.718063e-09, relation_wk=2.518843e-09, personal_u=5.690527e-05, personal_v=4.235233e-04, personal_alpha_bias=0.000000e+00, personal_gate_emb=0.000000e+00, personal_gate_state_proj=1.618748e-15, personal_gate_context_proj=2.260495e-12, personal_gate_state_direct=1.114390e-07, personal_gate_id_direct=0.000000e+00, personal_gate_context_direct=1.578774e-04, personal_gate_out=1.749752e-08, personal_generator_emb=4.168465e-22, personal_generator_context_proj=5.741624e-20, personal_generator_context_hidden=1.223585e-16, personal_generator_context_to_u=5.148742e-14, personal_generator_context_to_v=8.897635e-13, personal_generator_state_row=3.461628e-14, personal_generator_state_col=5.980962e-13, personal_generator_id_row=8.642363e-15, personal_generator_id_col=1.493503e-13, personal_generator_state_adapter=2.598359e-18, personal_generator_id_adapter=5.037895e-24, personal_generator_context_adapter=5.266343e-18, personal_generator_direct_scale=9.133593e-10
2026-04-19 03:58:28,971 - INFO - [junyi|junyi_abce_best_full|lr=0.003|drop=0.40] -> No improvement 1 epoch(s) (best AUC=0.8203 @ 20)
2026-04-19 03:58:32,647 - INFO - [junyi|junyi_abce_best_no_E_bs64|lr=0.003|drop=0.40] Epoch [017/100] | Train: Loss=0.5001, BCE=0.4873, Reg=0.0128, AUC=0.8185, ACC=0.7677, RMSE=0.3999 | Val: Loss=0.5193, BCE=0.5066, Reg=0.0128, AUC=0.8142, ACC=0.7728, RMSE=0.4037
2026-04-19 03:58:32,647 - INFO - [junyi|junyi_abce_best_no_E_bs64|lr=0.003|drop=0.40] [Reg Terms] Epoch [017] | Train: graph_entropy=0.000000, graph_diag=0.006001, graph_uniform=0.006753, graph_reg_scale=1.0000, prediction_l2=0.000000, personal_sparse=0.000000, alpha_var=0.000000, alpha_collapse=0.000000, reg_bce_ratio=0.0262 | Val: graph_entropy=0.000000, graph_diag=0.006000, graph_uniform=0.006753, graph_reg_scale=1.0000, prediction_l2=0.000000, personal_sparse=0.000000, alpha_var=0.000000, alpha_collapse=0.000000, reg_bce_ratio=0.0252
2026-04-19 03:58:32,836 - INFO - [junyi|junyi_abce_best_no_E_bs64|lr=0.003|drop=0.40] [Diag][AE] Epoch [017] | irt_abs_mean=2.0742, irt_std=1.1963, personal_warmup_scale=1.00, graph_row_entropy=3.2177, graph_entropy_ratio=0.4915, alpha_mean=0.0000, alpha_std=0.0000, alpha_base_mean=0.0000, alpha_delta_absmean=0.0000, alpha_saturation_ratio=0.0000, alpha_bias_std=NA, alpha_state_path=0.0000, alpha_id_path=0.0000, alpha_bias_path=0.0000, head_bias_path=0.0000, personal_row_entropy=0.0000, personal_matrix_delta=0.0000, personal_matrix_student_std=0.0000, personal_delta_pre_softmax_norm=0.0000, personal_delta_student_std=0.0000, alpha_head_std=0.0000, query_row_global_readout_delta=0.0230, query_row_personal_message_delta=0.0000, query_row_posterior_delta_abs=0.0000, query_row_posterior_kl=0.0000, query_row_delta_local_rms_raw=0.0000, query_row_message_projection_gain=0.0000, personal_to_graph_query_ratio=0.0000, query_row_global_support_mass=2.3447, query_row_personal_support_mass=0.0000, neighbor_row_personal_delta=0.0000, personal_row_budget_mean=0.0000, personal_query_row_std=0.0000, readout_query_support_mass=2.3447, personal_student_mix=0.0000, personal_student_adapter=0.0000, local_row_ratio=0.0000, support_density=0.0000, readout_query_delta=0.0230, personal_bad_rows_active=0.00, personal_fallback_rows_active=0.00, personal_bad_row_rate_active=0.0000, personal_padded_rows=0.00, personal_logits_support_absmax=0.0000, personal_query_trust_scale_mean=1.0000, personal_bad_rows_legacy=0.00, personal_fallback_rows_legacy=0.00, personal_logits_absmax_legacy=0.0000
2026-04-19 03:58:32,836 - INFO - [junyi|junyi_abce_best_no_E_bs64|lr=0.003|drop=0.40] [Diag][A] Epoch [017] | entropy_ratio=0.4915, diag_mass=0.0500, to_uniform_l2=0.007448, to_identity_l2=0.036726, relation_identity_delta=0.036726, knowledge_state_graph_delta=0.271498, knowledge_state_personal_delta=0.000000, share_concept_embeddings=True, tau_mean=0.6932, tau_std=0.0000, graph_reg_scale(train/val)=1.0000/1.0000
2026-04-19 03:58:32,836 - INFO - [junyi|junyi_abce_best_no_E_bs64|lr=0.003|drop=0.40] [Grad Norms] Epoch [017] | relation_emb=4.571503e-01, relation_tau=1.109882e-13, relation_wq=3.018071e-09, relation_wk=2.850797e-09, personal_u=0.000000e+00, personal_v=0.000000e+00, personal_alpha_bias=0.000000e+00, personal_gate_emb=0.000000e+00, personal_gate_state_proj=0.000000e+00, personal_gate_context_proj=0.000000e+00, personal_gate_state_direct=0.000000e+00, personal_gate_id_direct=0.000000e+00, personal_gate_context_direct=0.000000e+00, personal_gate_out=0.000000e+00, personal_generator_emb=0.000000e+00, personal_generator_context_proj=0.000000e+00, personal_generator_context_hidden=0.000000e+00, personal_generator_context_to_u=0.000000e+00, personal_generator_context_to_v=0.000000e+00, personal_generator_state_row=0.000000e+00, personal_generator_state_col=0.000000e+00, personal_generator_id_row=0.000000e+00, personal_generator_id_col=0.000000e+00, personal_generator_state_adapter=0.000000e+00, personal_generator_id_adapter=0.000000e+00, personal_generator_context_adapter=0.000000e+00, personal_generator_direct_scale=0.000000e+00
2026-04-19 03:58:33,033 - INFO - [junyi|junyi_abce_best_no_E_bs64|lr=0.003|drop=0.40] -> New best AUC=0.8142 at epoch 17
2026-04-19 03:58:38,614 - INFO - [junyi|junyi_abce_best_no_A|lr=0.003|drop=0.40] Epoch [018/100] | Train: Loss=0.4757, BCE=0.4742, Reg=0.0015, AUC=0.8290, ACC=0.7778, RMSE=0.3931 | Val: Loss=0.4885, BCE=0.4870, Reg=0.0015, AUC=0.8220, ACC=0.7768, RMSE=0.3977
2026-04-19 03:58:38,615 - INFO - [junyi|junyi_abce_best_no_A|lr=0.003|drop=0.40] [Reg Terms] Epoch [018] | Train: graph_entropy=0.000000, graph_diag=0.000000, graph_uniform=0.000000, graph_reg_scale=1.0000, prediction_l2=0.000000, personal_sparse=0.000000, alpha_var=0.000000, alpha_collapse=0.001504, reg_bce_ratio=0.0032 | Val: graph_entropy=0.000000, graph_diag=0.000000, graph_uniform=0.000000, graph_reg_scale=1.0000, prediction_l2=0.000000, personal_sparse=0.000000, alpha_var=0.000000, alpha_collapse=0.001503, reg_bce_ratio=0.0031
2026-04-19 03:58:38,813 - INFO - [junyi|junyi_abce_best_no_A|lr=0.003|drop=0.40] [Diag][AE] Epoch [018] | irt_abs_mean=1.9501, irt_std=0.9971, personal_warmup_scale=1.00, graph_row_entropy=0.0000, graph_entropy_ratio=0.0000, alpha_mean=0.1300, alpha_std=0.0464, alpha_base_mean=0.1300, alpha_delta_absmean=0.0327, alpha_saturation_ratio=0.0000, alpha_bias_std=NA, alpha_state_path=0.6952, alpha_id_path=0.0000, alpha_bias_path=0.0000, head_bias_path=0.1959, personal_row_entropy=0.0000, personal_matrix_delta=0.0000, personal_matrix_student_std=0.0000, personal_delta_pre_softmax_norm=0.0000, personal_delta_student_std=0.0000, alpha_head_std=0.0454, query_row_global_readout_delta=0.0000, query_row_personal_message_delta=0.0000, query_row_posterior_delta_abs=0.0000, query_row_posterior_kl=0.0000, query_row_delta_local_rms_raw=0.0000, query_row_message_projection_gain=0.0000, personal_to_graph_query_ratio=0.0000, query_row_global_support_mass=0.0000, query_row_personal_support_mass=0.0000, neighbor_row_personal_delta=0.0000, personal_row_budget_mean=1.3000, personal_query_row_std=0.0000, readout_query_support_mass=0.0000, personal_student_mix=0.0500, personal_student_adapter=0.0400, local_row_ratio=0.0014, support_density=1.0000, readout_query_delta=0.0000, personal_bad_rows_active=0.00, personal_fallback_rows_active=0.00, personal_bad_row_rate_active=0.0000, personal_padded_rows=0.00, personal_logits_support_absmax=0.0000, personal_query_trust_scale_mean=1.0000, personal_bad_rows_legacy=0.00, personal_fallback_rows_legacy=0.00, personal_logits_absmax_legacy=0.0000
2026-04-19 03:58:38,815 - INFO - [junyi|junyi_abce_best_no_A|lr=0.003|drop=0.40] [Diag][A] Epoch [018] | entropy_ratio=0.0000, diag_mass=1.0000, to_uniform_l2=0.037851, to_identity_l2=0.000000, relation_identity_delta=0.000000, knowledge_state_graph_delta=0.000000, knowledge_state_personal_delta=0.000000, share_concept_embeddings=True, tau_mean=0.0000, tau_std=0.0000, graph_reg_scale(train/val)=1.0000/1.0000
2026-04-19 03:58:38,815 - WARNING - [junyi|junyi_abce_best_no_A|lr=0.003|drop=0.40] [Diag Warning][E] personal_delta_student_std is near zero: personal_delta_student_std=0.000000, personal_delta_pre_softmax_norm=0.000000
2026-04-19 03:58:38,815 - WARNING - [junyi|junyi_abce_best_no_A|lr=0.003|drop=0.40] [Diag Warning][E] E-flat-at-query: personal_message=0.000000, posterior_delta=0.000000, posterior_kl=0.000000
2026-04-19 03:58:38,815 - INFO - [junyi|junyi_abce_best_no_A|lr=0.003|drop=0.40] [Grad Norms] Epoch [018] | relation_emb=0.000000e+00, relation_tau=0.000000e+00, relation_wq=0.000000e+00, relation_wk=0.000000e+00, personal_u=0.000000e+00, personal_v=0.000000e+00, personal_alpha_bias=0.000000e+00, personal_gate_emb=0.000000e+00, personal_gate_state_proj=0.000000e+00, personal_gate_context_proj=0.000000e+00, personal_gate_state_direct=0.000000e+00, personal_gate_id_direct=0.000000e+00, personal_gate_context_direct=0.000000e+00, personal_gate_out=0.000000e+00, personal_generator_emb=0.000000e+00, personal_generator_context_proj=0.000000e+00, personal_generator_context_hidden=0.000000e+00, personal_generator_context_to_u=0.000000e+00, personal_generator_context_to_v=0.000000e+00, personal_generator_state_row=0.000000e+00, personal_generator_state_col=0.000000e+00, personal_generator_id_row=0.000000e+00, personal_generator_id_col=0.000000e+00, personal_generator_state_adapter=0.000000e+00, personal_generator_id_adapter=0.000000e+00, personal_generator_context_adapter=0.000000e+00, personal_generator_direct_scale=0.000000e+00
2026-04-19 03:58:39,489 - INFO - [junyi|junyi_abce_best_no_A|lr=0.003|drop=0.40] -> New best AUC=0.8220 at epoch 18
2026-04-19 03:59:54,676 - INFO - [junyi|junyi_abce_best_no_E_bs64|lr=0.003|drop=0.40] Epoch [018/100] | Train: Loss=0.4970, BCE=0.4843, Reg=0.0128, AUC=0.8213, ACC=0.7701, RMSE=0.3984 | Val: Loss=0.4980, BCE=0.4852, Reg=0.0128, AUC=0.8188, ACC=0.7743, RMSE=0.3975
2026-04-19 03:59:54,676 - INFO - [junyi|junyi_abce_best_no_E_bs64|lr=0.003|drop=0.40] [Reg Terms] Epoch [018] | Train: graph_entropy=0.000000, graph_diag=0.006003, graph_uniform=0.006753, graph_reg_scale=1.0000, prediction_l2=0.000000, personal_sparse=0.000000, alpha_var=0.000000, alpha_collapse=0.000000, reg_bce_ratio=0.0263 | Val: graph_entropy=0.000000, graph_diag=0.006000, graph_uniform=0.006753, graph_reg_scale=1.0000, prediction_l2=0.000000, personal_sparse=0.000000, alpha_var=0.000000, alpha_collapse=0.000000, reg_bce_ratio=0.0263
2026-04-19 03:59:54,888 - INFO - [junyi|junyi_abce_best_no_E_bs64|lr=0.003|drop=0.40] [Diag][AE] Epoch [018] | irt_abs_mean=1.8441, irt_std=1.0393, personal_warmup_scale=1.00, graph_row_entropy=3.2177, graph_entropy_ratio=0.4915, alpha_mean=0.0000, alpha_std=0.0000, alpha_base_mean=0.0000, alpha_delta_absmean=0.0000, alpha_saturation_ratio=0.0000, alpha_bias_std=NA, alpha_state_path=0.0000, alpha_id_path=0.0000, alpha_bias_path=0.0000, head_bias_path=0.0000, personal_row_entropy=0.0000, personal_matrix_delta=0.0000, personal_matrix_student_std=0.0000, personal_delta_pre_softmax_norm=0.0000, personal_delta_student_std=0.0000, alpha_head_std=0.0000, query_row_global_readout_delta=0.0231, query_row_personal_message_delta=0.0000, query_row_posterior_delta_abs=0.0000, query_row_posterior_kl=0.0000, query_row_delta_local_rms_raw=0.0000, query_row_message_projection_gain=0.0000, personal_to_graph_query_ratio=0.0000, query_row_global_support_mass=1.8858, query_row_personal_support_mass=0.0000, neighbor_row_personal_delta=0.0000, personal_row_budget_mean=0.0000, personal_query_row_std=0.0000, readout_query_support_mass=1.8858, personal_student_mix=0.0000, personal_student_adapter=0.0000, local_row_ratio=0.0000, support_density=0.0000, readout_query_delta=0.0231, personal_bad_rows_active=0.00, personal_fallback_rows_active=0.00, personal_bad_row_rate_active=0.0000, personal_padded_rows=0.00, personal_logits_support_absmax=0.0000, personal_query_trust_scale_mean=1.0000, personal_bad_rows_legacy=0.00, personal_fallback_rows_legacy=0.00, personal_logits_absmax_legacy=0.0000
2026-04-19 03:59:54,888 - INFO - [junyi|junyi_abce_best_no_E_bs64|lr=0.003|drop=0.40] [Diag][A] Epoch [018] | entropy_ratio=0.4915, diag_mass=0.0500, to_uniform_l2=0.007448, to_identity_l2=0.036726, relation_identity_delta=0.036726, knowledge_state_graph_delta=0.265455, knowledge_state_personal_delta=0.000000, share_concept_embeddings=True, tau_mean=0.6931, tau_std=0.0000, graph_reg_scale(train/val)=1.0000/1.0000
2026-04-19 03:59:54,888 - INFO - [junyi|junyi_abce_best_no_E_bs64|lr=0.003|drop=0.40] [Grad Norms] Epoch [018] | relation_emb=5.854684e-01, relation_tau=1.570742e-12, relation_wq=5.522612e-09, relation_wk=3.659397e-09, personal_u=0.000000e+00, personal_v=0.000000e+00, personal_alpha_bias=0.000000e+00, personal_gate_emb=0.000000e+00, personal_gate_state_proj=0.000000e+00, personal_gate_context_proj=0.000000e+00, personal_gate_state_direct=0.000000e+00, personal_gate_id_direct=0.000000e+00, personal_gate_context_direct=0.000000e+00, personal_gate_out=0.000000e+00, personal_generator_emb=0.000000e+00, personal_generator_context_proj=0.000000e+00, personal_generator_context_hidden=0.000000e+00, personal_generator_context_to_u=0.000000e+00, personal_generator_context_to_v=0.000000e+00, personal_generator_state_row=0.000000e+00, personal_generator_state_col=0.000000e+00, personal_generator_id_row=0.000000e+00, personal_generator_id_col=0.000000e+00, personal_generator_state_adapter=0.000000e+00, personal_generator_id_adapter=0.000000e+00, personal_generator_context_adapter=0.000000e+00, personal_generator_direct_scale=0.000000e+00
2026-04-19 03:59:55,068 - INFO - [junyi|junyi_abce_best_no_E_bs64|lr=0.003|drop=0.40] -> New best AUC=0.8188 at epoch 18
2026-04-19 04:01:17,762 - INFO - [junyi|junyi_abce_best_no_E_bs64|lr=0.003|drop=0.40] Epoch [019/100] | Train: Loss=0.4965, BCE=0.4838, Reg=0.0128, AUC=0.8215, ACC=0.7705, RMSE=0.3981 | Val: Loss=0.4960, BCE=0.4833, Reg=0.0128, AUC=0.8204, ACC=0.7731, RMSE=0.3973
2026-04-19 04:01:17,762 - INFO - [junyi|junyi_abce_best_no_E_bs64|lr=0.003|drop=0.40] [Reg Terms] Epoch [019] | Train: graph_entropy=0.000000, graph_diag=0.006002, graph_uniform=0.006753, graph_reg_scale=1.0000, prediction_l2=0.000000, personal_sparse=0.000000, alpha_var=0.000000, alpha_collapse=0.000000, reg_bce_ratio=0.0264 | Val: graph_entropy=0.000000, graph_diag=0.006000, graph_uniform=0.006753, graph_reg_scale=1.0000, prediction_l2=0.000000, personal_sparse=0.000000, alpha_var=0.000000, alpha_collapse=0.000000, reg_bce_ratio=0.0264
2026-04-19 04:01:17,958 - INFO - [junyi|junyi_abce_best_no_E_bs64|lr=0.003|drop=0.40] [Diag][AE] Epoch [019] | irt_abs_mean=1.7450, irt_std=1.0592, personal_warmup_scale=1.00, graph_row_entropy=3.2177, graph_entropy_ratio=0.4915, alpha_mean=0.0000, alpha_std=0.0000, alpha_base_mean=0.0000, alpha_delta_absmean=0.0000, alpha_saturation_ratio=0.0000, alpha_bias_std=NA, alpha_state_path=0.0000, alpha_id_path=0.0000, alpha_bias_path=0.0000, head_bias_path=0.0000, personal_row_entropy=0.0000, personal_matrix_delta=0.0000, personal_matrix_student_std=0.0000, personal_delta_pre_softmax_norm=0.0000, personal_delta_student_std=0.0000, alpha_head_std=0.0000, query_row_global_readout_delta=0.0363, query_row_personal_message_delta=0.0000, query_row_posterior_delta_abs=0.0000, query_row_posterior_kl=0.0000, query_row_delta_local_rms_raw=0.0000, query_row_message_projection_gain=0.0000, personal_to_graph_query_ratio=0.0000, query_row_global_support_mass=0.8248, query_row_personal_support_mass=0.0000, neighbor_row_personal_delta=0.0000, personal_row_budget_mean=0.0000, personal_query_row_std=0.0000, readout_query_support_mass=0.8248, personal_student_mix=0.0000, personal_student_adapter=0.0000, local_row_ratio=0.0000, support_density=0.0000, readout_query_delta=0.0363, personal_bad_rows_active=0.00, personal_fallback_rows_active=0.00, personal_bad_row_rate_active=0.0000, personal_padded_rows=0.00, personal_logits_support_absmax=0.0000, personal_query_trust_scale_mean=1.0000, personal_bad_rows_legacy=0.00, personal_fallback_rows_legacy=0.00, personal_logits_absmax_legacy=0.0000
2026-04-19 04:01:17,958 - INFO - [junyi|junyi_abce_best_no_E_bs64|lr=0.003|drop=0.40] [Diag][A] Epoch [019] | entropy_ratio=0.4915, diag_mass=0.0500, to_uniform_l2=0.007448, to_identity_l2=0.036726, relation_identity_delta=0.036726, knowledge_state_graph_delta=0.275309, knowledge_state_personal_delta=0.000000, share_concept_embeddings=True, tau_mean=0.6932, tau_std=0.0000, graph_reg_scale(train/val)=1.0000/1.0000
2026-04-19 04:01:17,958 - INFO - [junyi|junyi_abce_best_no_E_bs64|lr=0.003|drop=0.40] [Grad Norms] Epoch [019] | relation_emb=7.664928e-01, relation_tau=2.291904e-12, relation_wq=3.719458e-09, relation_wk=3.132446e-09, personal_u=0.000000e+00, personal_v=0.000000e+00, personal_alpha_bias=0.000000e+00, personal_gate_emb=0.000000e+00, personal_gate_state_proj=0.000000e+00, personal_gate_context_proj=0.000000e+00, personal_gate_state_direct=0.000000e+00, personal_gate_id_direct=0.000000e+00, personal_gate_context_direct=0.000000e+00, personal_gate_out=0.000000e+00, personal_generator_emb=0.000000e+00, personal_generator_context_proj=0.000000e+00, personal_generator_context_hidden=0.000000e+00, personal_generator_context_to_u=0.000000e+00, personal_generator_context_to_v=0.000000e+00, personal_generator_state_row=0.000000e+00, personal_generator_state_col=0.000000e+00, personal_generator_id_row=0.000000e+00, personal_generator_id_col=0.000000e+00, personal_generator_state_adapter=0.000000e+00, personal_generator_id_adapter=0.000000e+00, personal_generator_context_adapter=0.000000e+00, personal_generator_direct_scale=0.000000e+00
2026-04-19 04:01:18,133 - INFO - [junyi|junyi_abce_best_no_E_bs64|lr=0.003|drop=0.40] -> New best AUC=0.8204 at epoch 19
2026-04-19 04:01:36,154 - INFO - [junyi|junyi_abce_best_full|lr=0.003|drop=0.40] Epoch [022/100] | Train: Loss=0.4984, BCE=0.4834, Reg=0.0150, AUC=0.8218, ACC=0.7694, RMSE=0.3981 | Val: Loss=0.4992, BCE=0.4842, Reg=0.0150, AUC=0.8203, ACC=0.7708, RMSE=0.3980
2026-04-19 04:01:36,154 - INFO - [junyi|junyi_abce_best_full|lr=0.003|drop=0.40] [Reg Terms] Epoch [022] | Train: graph_entropy=0.000000, graph_diag=0.006001, graph_uniform=0.006753, graph_reg_scale=1.0000, prediction_l2=0.000000, personal_sparse=0.001180, alpha_var=0.000000, alpha_collapse=0.000004, reg_bce_ratio=0.0310 | Val: graph_entropy=0.000000, graph_diag=0.006000, graph_uniform=0.006753, graph_reg_scale=1.0000, prediction_l2=0.000000, personal_sparse=0.001178, alpha_var=0.000000, alpha_collapse=0.000013, reg_bce_ratio=0.0309
2026-04-19 04:01:36,394 - INFO - [junyi|junyi_abce_best_full|lr=0.003|drop=0.40] [Diag][AE] Epoch [022] | irt_abs_mean=1.6698, irt_std=1.0870, personal_warmup_scale=1.00, graph_row_entropy=3.2177, graph_entropy_ratio=0.4915, alpha_mean=0.1298, alpha_std=0.0396, alpha_base_mean=0.1300, alpha_delta_absmean=0.0270, alpha_saturation_ratio=0.0000, alpha_bias_std=NA, alpha_state_path=0.5654, alpha_id_path=0.0000, alpha_bias_path=0.0000, head_bias_path=0.1771, personal_row_entropy=2.3267, personal_matrix_delta=0.0460, personal_matrix_student_std=0.0549, personal_delta_pre_softmax_norm=2.4678, personal_delta_student_std=2.4284, alpha_head_std=0.0385, query_row_global_readout_delta=0.0399, query_row_personal_message_delta=0.0001, query_row_posterior_delta_abs=0.0460, query_row_posterior_kl=0.0358, query_row_delta_local_rms_raw=0.0009, query_row_message_projection_gain=0.0202, personal_to_graph_query_ratio=0.0022, query_row_global_support_mass=0.6559, query_row_personal_support_mass=0.6559, neighbor_row_personal_delta=0.0000, personal_row_budget_mean=1.3000, personal_query_row_std=0.2945, readout_query_support_mass=0.6559, personal_student_mix=0.0500, personal_student_adapter=0.0400, local_row_ratio=0.0686, support_density=1.0000, readout_query_delta=0.0399, personal_bad_rows_active=0.00, personal_fallback_rows_active=0.00, personal_bad_row_rate_active=0.0000, personal_padded_rows=0.00, personal_logits_support_absmax=6.8454, personal_query_trust_scale_mean=1.0000, personal_bad_rows_legacy=0.00, personal_fallback_rows_legacy=0.00, personal_logits_absmax_legacy=6.8454
2026-04-19 04:01:36,394 - INFO - [junyi|junyi_abce_best_full|lr=0.003|drop=0.40] [Diag][A] Epoch [022] | entropy_ratio=0.4915, diag_mass=0.0500, to_uniform_l2=0.007448, to_identity_l2=0.036726, relation_identity_delta=0.036726, knowledge_state_graph_delta=0.277227, knowledge_state_personal_delta=0.000000, share_concept_embeddings=True, tau_mean=0.6931, tau_std=0.0000, graph_reg_scale(train/val)=1.0000/1.0000
2026-04-19 04:01:36,395 - INFO - [junyi|junyi_abce_best_full|lr=0.003|drop=0.40] [Grad Norms] Epoch [022] | relation_emb=6.642360e-01, relation_tau=5.723466e-13, relation_wq=1.517643e-09, relation_wk=1.726572e-09, personal_u=1.114116e-02, personal_v=6.293750e-03, personal_alpha_bias=0.000000e+00, personal_gate_emb=0.000000e+00, personal_gate_state_proj=8.736906e-18, personal_gate_context_proj=1.798923e-13, personal_gate_state_direct=1.504165e-09, personal_gate_id_direct=0.000000e+00, personal_gate_context_direct=3.344874e-05, personal_gate_out=7.284796e-10, personal_generator_emb=1.373504e-20, personal_generator_context_proj=3.107309e-18, personal_generator_context_hidden=2.639354e-15, personal_generator_context_to_u=1.440823e-11, personal_generator_context_to_v=3.232740e-11, personal_generator_state_row=1.404328e-11, personal_generator_state_col=3.151100e-11, personal_generator_id_row=3.506637e-12, personal_generator_id_col=7.867756e-12, personal_generator_state_adapter=3.170465e-16, personal_generator_id_adapter=4.445612e-22, personal_generator_context_adapter=4.692663e-16, personal_generator_direct_scale=1.690921e-06
2026-04-19 04:01:36,395 - INFO - [junyi|junyi_abce_best_full|lr=0.003|drop=0.40] -> No improvement 2 epoch(s) (best AUC=0.8203 @ 20)
2026-04-19 04:01:38,206 - INFO - [junyi|junyi_abce_best_no_A|lr=0.003|drop=0.40] Epoch [019/100] | Train: Loss=0.4747, BCE=0.4732, Reg=0.0015, AUC=0.8299, ACC=0.7782, RMSE=0.3927 | Val: Loss=0.4883, BCE=0.4868, Reg=0.0015, AUC=0.8224, ACC=0.7756, RMSE=0.3975
2026-04-19 04:01:38,206 - INFO - [junyi|junyi_abce_best_no_A|lr=0.003|drop=0.40] [Reg Terms] Epoch [019] | Train: graph_entropy=0.000000, graph_diag=0.000000, graph_uniform=0.000000, graph_reg_scale=1.0000, prediction_l2=0.000000, personal_sparse=0.000000, alpha_var=0.000000, alpha_collapse=0.001504, reg_bce_ratio=0.0032 | Val: graph_entropy=0.000000, graph_diag=0.000000, graph_uniform=0.000000, graph_reg_scale=1.0000, prediction_l2=0.000000, personal_sparse=0.000000, alpha_var=0.000000, alpha_collapse=0.001512, reg_bce_ratio=0.0031
2026-04-19 04:01:38,433 - INFO - [junyi|junyi_abce_best_no_A|lr=0.003|drop=0.40] [Diag][AE] Epoch [019] | irt_abs_mean=1.9871, irt_std=1.0751, personal_warmup_scale=1.00, graph_row_entropy=0.0000, graph_entropy_ratio=0.0000, alpha_mean=0.1300, alpha_std=0.0448, alpha_base_mean=0.1300, alpha_delta_absmean=0.0309, alpha_saturation_ratio=0.0000, alpha_bias_std=NA, alpha_state_path=0.6517, alpha_id_path=0.0000, alpha_bias_path=0.0000, head_bias_path=0.1997, personal_row_entropy=0.0000, personal_matrix_delta=0.0000, personal_matrix_student_std=0.0000, personal_delta_pre_softmax_norm=0.0000, personal_delta_student_std=0.0000, alpha_head_std=0.0438, query_row_global_readout_delta=0.0000, query_row_personal_message_delta=0.0000, query_row_posterior_delta_abs=0.0000, query_row_posterior_kl=0.0000, query_row_delta_local_rms_raw=0.0000, query_row_message_projection_gain=0.0000, personal_to_graph_query_ratio=0.0000, query_row_global_support_mass=0.0000, query_row_personal_support_mass=0.0000, neighbor_row_personal_delta=0.0000, personal_row_budget_mean=1.3000, personal_query_row_std=0.0000, readout_query_support_mass=0.0000, personal_student_mix=0.0500, personal_student_adapter=0.0400, local_row_ratio=0.0014, support_density=1.0000, readout_query_delta=0.0000, personal_bad_rows_active=0.00, personal_fallback_rows_active=0.00, personal_bad_row_rate_active=0.0000, personal_padded_rows=0.00, personal_logits_support_absmax=0.0000, personal_query_trust_scale_mean=1.0000, personal_bad_rows_legacy=0.00, personal_fallback_rows_legacy=0.00, personal_logits_absmax_legacy=0.0000
2026-04-19 04:01:38,433 - INFO - [junyi|junyi_abce_best_no_A|lr=0.003|drop=0.40] [Diag][A] Epoch [019] | entropy_ratio=0.0000, diag_mass=1.0000, to_uniform_l2=0.037851, to_identity_l2=0.000000, relation_identity_delta=0.000000, knowledge_state_graph_delta=0.000000, knowledge_state_personal_delta=0.000000, share_concept_embeddings=True, tau_mean=0.0000, tau_std=0.0000, graph_reg_scale(train/val)=1.0000/1.0000
2026-04-19 04:01:38,433 - WARNING - [junyi|junyi_abce_best_no_A|lr=0.003|drop=0.40] [Diag Warning][E] personal_delta_student_std is near zero: personal_delta_student_std=0.000000, personal_delta_pre_softmax_norm=0.000000
2026-04-19 04:01:38,433 - WARNING - [junyi|junyi_abce_best_no_A|lr=0.003|drop=0.40] [Diag Warning][E] E-flat-at-query: personal_message=0.000000, posterior_delta=0.000000, posterior_kl=0.000000
2026-04-19 04:01:38,433 - INFO - [junyi|junyi_abce_best_no_A|lr=0.003|drop=0.40] [Grad Norms] Epoch [019] | relation_emb=0.000000e+00, relation_tau=0.000000e+00, relation_wq=0.000000e+00, relation_wk=0.000000e+00, personal_u=0.000000e+00, personal_v=0.000000e+00, personal_alpha_bias=0.000000e+00, personal_gate_emb=0.000000e+00, personal_gate_state_proj=0.000000e+00, personal_gate_context_proj=0.000000e+00, personal_gate_state_direct=0.000000e+00, personal_gate_id_direct=0.000000e+00, personal_gate_context_direct=0.000000e+00, personal_gate_out=0.000000e+00, personal_generator_emb=0.000000e+00, personal_generator_context_proj=0.000000e+00, personal_generator_context_hidden=0.000000e+00, personal_generator_context_to_u=0.000000e+00, personal_generator_context_to_v=0.000000e+00, personal_generator_state_row=0.000000e+00, personal_generator_state_col=0.000000e+00, personal_generator_id_row=0.000000e+00, personal_generator_id_col=0.000000e+00, personal_generator_state_adapter=0.000000e+00, personal_generator_id_adapter=0.000000e+00, personal_generator_context_adapter=0.000000e+00, personal_generator_direct_scale=0.000000e+00
2026-04-19 04:01:39,146 - INFO - [junyi|junyi_abce_best_no_A|lr=0.003|drop=0.40] -> New best AUC=0.8224 at epoch 19
2026-04-19 04:02:40,669 - INFO - [junyi|junyi_abce_best_no_E_bs64|lr=0.003|drop=0.40] Epoch [020/100] | Train: Loss=0.4966, BCE=0.4838, Reg=0.0128, AUC=0.8214, ACC=0.7703, RMSE=0.3982 | Val: Loss=0.4960, BCE=0.4833, Reg=0.0128, AUC=0.8200, ACC=0.7738, RMSE=0.3973
2026-04-19 04:02:40,670 - INFO - [junyi|junyi_abce_best_no_E_bs64|lr=0.003|drop=0.40] [Reg Terms] Epoch [020] | Train: graph_entropy=0.000000, graph_diag=0.006003, graph_uniform=0.006753, graph_reg_scale=1.0000, prediction_l2=0.000000, personal_sparse=0.000000, alpha_var=0.000000, alpha_collapse=0.000000, reg_bce_ratio=0.0264 | Val: graph_entropy=0.000000, graph_diag=0.006000, graph_uniform=0.006753, graph_reg_scale=1.0000, prediction_l2=0.000000, personal_sparse=0.000000, alpha_var=0.000000, alpha_collapse=0.000000, reg_bce_ratio=0.0264
2026-04-19 04:02:40,863 - INFO - [junyi|junyi_abce_best_no_E_bs64|lr=0.003|drop=0.40] [Diag][AE] Epoch [020] | irt_abs_mean=1.7863, irt_std=1.0030, personal_warmup_scale=1.00, graph_row_entropy=3.2177, graph_entropy_ratio=0.4915, alpha_mean=0.0000, alpha_std=0.0000, alpha_base_mean=0.0000, alpha_delta_absmean=0.0000, alpha_saturation_ratio=0.0000, alpha_bias_std=NA, alpha_state_path=0.0000, alpha_id_path=0.0000, alpha_bias_path=0.0000, head_bias_path=0.0000, personal_row_entropy=0.0000, personal_matrix_delta=0.0000, personal_matrix_student_std=0.0000, personal_delta_pre_softmax_norm=0.0000, personal_delta_student_std=0.0000, alpha_head_std=0.0000, query_row_global_readout_delta=0.0404, query_row_personal_message_delta=0.0000, query_row_posterior_delta_abs=0.0000, query_row_posterior_kl=0.0000, query_row_delta_local_rms_raw=0.0000, query_row_message_projection_gain=0.0000, personal_to_graph_query_ratio=0.0000, query_row_global_support_mass=0.8622, query_row_personal_support_mass=0.0000, neighbor_row_personal_delta=0.0000, personal_row_budget_mean=0.0000, personal_query_row_std=0.0000, readout_query_support_mass=0.8622, personal_student_mix=0.0000, personal_student_adapter=0.0000, local_row_ratio=0.0000, support_density=0.0000, readout_query_delta=0.0404, personal_bad_rows_active=0.00, personal_fallback_rows_active=0.00, personal_bad_row_rate_active=0.0000, personal_padded_rows=0.00, personal_logits_support_absmax=0.0000, personal_query_trust_scale_mean=1.0000, personal_bad_rows_legacy=0.00, personal_fallback_rows_legacy=0.00, personal_logits_absmax_legacy=0.0000
2026-04-19 04:02:40,863 - INFO - [junyi|junyi_abce_best_no_E_bs64|lr=0.003|drop=0.40] [Diag][A] Epoch [020] | entropy_ratio=0.4915, diag_mass=0.0500, to_uniform_l2=0.007448, to_identity_l2=0.036726, relation_identity_delta=0.036726, knowledge_state_graph_delta=0.276316, knowledge_state_personal_delta=0.000000, share_concept_embeddings=True, tau_mean=0.6931, tau_std=0.0000, graph_reg_scale(train/val)=1.0000/1.0000
2026-04-19 04:02:40,863 - INFO - [junyi|junyi_abce_best_no_E_bs64|lr=0.003|drop=0.40] [Grad Norms] Epoch [020] | relation_emb=6.659790e-01, relation_tau=3.012500e-13, relation_wq=2.182333e-09, relation_wk=2.897343e-09, personal_u=0.000000e+00, personal_v=0.000000e+00, personal_alpha_bias=0.000000e+00, personal_gate_emb=0.000000e+00, personal_gate_state_proj=0.000000e+00, personal_gate_context_proj=0.000000e+00, personal_gate_state_direct=0.000000e+00, personal_gate_id_direct=0.000000e+00, personal_gate_context_direct=0.000000e+00, personal_gate_out=0.000000e+00, personal_generator_emb=0.000000e+00, personal_generator_context_proj=0.000000e+00, personal_generator_context_hidden=0.000000e+00, personal_generator_context_to_u=0.000000e+00, personal_generator_context_to_v=0.000000e+00, personal_generator_state_row=0.000000e+00, personal_generator_state_col=0.000000e+00, personal_generator_id_row=0.000000e+00, personal_generator_id_col=0.000000e+00, personal_generator_state_adapter=0.000000e+00, personal_generator_id_adapter=0.000000e+00, personal_generator_context_adapter=0.000000e+00, personal_generator_direct_scale=0.000000e+00
2026-04-19 04:02:40,863 - INFO - [junyi|junyi_abce_best_no_E_bs64|lr=0.003|drop=0.40] -> No improvement 1 epoch(s) (best AUC=0.8204 @ 19)
2026-04-19 04:02:40,892 - INFO - [junyi|junyi_abce_best_no_E_bs64|lr=0.003|drop=0.40] Checkpoint saved: checkpoints/abce_diag/remote_rerun_20260419_6ddddcc/junyi/seed42/best_no_E_bs64/checkpoint_epoch_20.pth
2026-04-19 04:02:41,096 - INFO - [junyi|junyi_abce_best_no_E_bs64|lr=0.003|drop=0.40] [Module Activity] Epoch 20: Graph[LIVE]
2026-04-19 04:04:03,869 - INFO - [junyi|junyi_abce_best_no_E_bs64|lr=0.003|drop=0.40] Epoch [021/100] | Train: Loss=0.4961, BCE=0.4833, Reg=0.0128, AUC=0.8219, ACC=0.7707, RMSE=0.3980 | Val: Loss=0.4913, BCE=0.4786, Reg=0.0128, AUC=0.8208, ACC=0.7754, RMSE=0.3955
2026-04-19 04:04:03,869 - INFO - [junyi|junyi_abce_best_no_E_bs64|lr=0.003|drop=0.40] [Reg Terms] Epoch [021] | Train: graph_entropy=0.000000, graph_diag=0.006002, graph_uniform=0.006753, graph_reg_scale=1.0000, prediction_l2=0.000000, personal_sparse=0.000000, alpha_var=0.000000, alpha_collapse=0.000000, reg_bce_ratio=0.0264 | Val: graph_entropy=0.000000, graph_diag=0.006000, graph_uniform=0.006753, graph_reg_scale=1.0000, prediction_l2=0.000000, personal_sparse=0.000000, alpha_var=0.000000, alpha_collapse=0.000000, reg_bce_ratio=0.0266
2026-04-19 04:04:04,058 - INFO - [junyi|junyi_abce_best_no_E_bs64|lr=0.003|drop=0.40] [Diag][AE] Epoch [021] | irt_abs_mean=1.6355, irt_std=0.9789, personal_warmup_scale=1.00, graph_row_entropy=3.2177, graph_entropy_ratio=0.4915, alpha_mean=0.0000, alpha_std=0.0000, alpha_base_mean=0.0000, alpha_delta_absmean=0.0000, alpha_saturation_ratio=0.0000, alpha_bias_std=NA, alpha_state_path=0.0000, alpha_id_path=0.0000, alpha_bias_path=0.0000, head_bias_path=0.0000, personal_row_entropy=0.0000, personal_matrix_delta=0.0000, personal_matrix_student_std=0.0000, personal_delta_pre_softmax_norm=0.0000, personal_delta_student_std=0.0000, alpha_head_std=0.0000, query_row_global_readout_delta=0.0400, query_row_personal_message_delta=0.0000, query_row_posterior_delta_abs=0.0000, query_row_posterior_kl=0.0000, query_row_delta_local_rms_raw=0.0000, query_row_message_projection_gain=0.0000, personal_to_graph_query_ratio=0.0000, query_row_global_support_mass=1.0910, query_row_personal_support_mass=0.0000, neighbor_row_personal_delta=0.0000, personal_row_budget_mean=0.0000, personal_query_row_std=0.0000, readout_query_support_mass=1.0910, personal_student_mix=0.0000, personal_student_adapter=0.0000, local_row_ratio=0.0000, support_density=0.0000, readout_query_delta=0.0400, personal_bad_rows_active=0.00, personal_fallback_rows_active=0.00, personal_bad_row_rate_active=0.0000, personal_padded_rows=0.00, personal_logits_support_absmax=0.0000, personal_query_trust_scale_mean=1.0000, personal_bad_rows_legacy=0.00, personal_fallback_rows_legacy=0.00, personal_logits_absmax_legacy=0.0000
2026-04-19 04:04:04,058 - INFO - [junyi|junyi_abce_best_no_E_bs64|lr=0.003|drop=0.40] [Diag][A] Epoch [021] | entropy_ratio=0.4915, diag_mass=0.0500, to_uniform_l2=0.007448, to_identity_l2=0.036726, relation_identity_delta=0.036726, knowledge_state_graph_delta=0.263868, knowledge_state_personal_delta=0.000000, share_concept_embeddings=True, tau_mean=0.6931, tau_std=0.0000, graph_reg_scale(train/val)=1.0000/1.0000
2026-04-19 04:04:04,058 - INFO - [junyi|junyi_abce_best_no_E_bs64|lr=0.003|drop=0.40] [Grad Norms] Epoch [021] | relation_emb=7.391894e-01, relation_tau=5.139957e-14, relation_wq=2.006265e-09, relation_wk=1.828966e-09, personal_u=0.000000e+00, personal_v=0.000000e+00, personal_alpha_bias=0.000000e+00, personal_gate_emb=0.000000e+00, personal_gate_state_proj=0.000000e+00, personal_gate_context_proj=0.000000e+00, personal_gate_state_direct=0.000000e+00, personal_gate_id_direct=0.000000e+00, personal_gate_context_direct=0.000000e+00, personal_gate_out=0.000000e+00, personal_generator_emb=0.000000e+00, personal_generator_context_proj=0.000000e+00, personal_generator_context_hidden=0.000000e+00, personal_generator_context_to_u=0.000000e+00, personal_generator_context_to_v=0.000000e+00, personal_generator_state_row=0.000000e+00, personal_generator_state_col=0.000000e+00, personal_generator_id_row=0.000000e+00, personal_generator_id_col=0.000000e+00, personal_generator_state_adapter=0.000000e+00, personal_generator_id_adapter=0.000000e+00, personal_generator_context_adapter=0.000000e+00, personal_generator_direct_scale=0.000000e+00
2026-04-19 04:04:04,230 - INFO - [junyi|junyi_abce_best_no_E_bs64|lr=0.003|drop=0.40] -> New best AUC=0.8208 at epoch 21
2026-04-19 04:04:38,362 - INFO - [junyi|junyi_abce_best_no_A|lr=0.003|drop=0.40] Epoch [020/100] | Train: Loss=0.4744, BCE=0.4729, Reg=0.0015, AUC=0.8302, ACC=0.7779, RMSE=0.3926 | Val: Loss=0.4897, BCE=0.4882, Reg=0.0015, AUC=0.8219, ACC=0.7740, RMSE=0.3982
2026-04-19 04:04:38,362 - INFO - [junyi|junyi_abce_best_no_A|lr=0.003|drop=0.40] [Reg Terms] Epoch [020] | Train: graph_entropy=0.000000, graph_diag=0.000000, graph_uniform=0.000000, graph_reg_scale=1.0000, prediction_l2=0.000000, personal_sparse=0.000000, alpha_var=0.000000, alpha_collapse=0.001504, reg_bce_ratio=0.0032 | Val: graph_entropy=0.000000, graph_diag=0.000000, graph_uniform=0.000000, graph_reg_scale=1.0000, prediction_l2=0.000000, personal_sparse=0.000000, alpha_var=0.000000, alpha_collapse=0.001509, reg_bce_ratio=0.0031
2026-04-19 04:04:38,583 - INFO - [junyi|junyi_abce_best_no_A|lr=0.003|drop=0.40] [Diag][AE] Epoch [020] | irt_abs_mean=1.9792, irt_std=1.0438, personal_warmup_scale=1.00, graph_row_entropy=0.0000, graph_entropy_ratio=0.0000, alpha_mean=0.1300, alpha_std=0.0454, alpha_base_mean=0.1300, alpha_delta_absmean=0.0312, alpha_saturation_ratio=0.0000, alpha_bias_std=NA, alpha_state_path=0.6606, alpha_id_path=0.0000, alpha_bias_path=0.0000, head_bias_path=0.2028, personal_row_entropy=0.0000, personal_matrix_delta=0.0000, personal_matrix_student_std=0.0000, personal_delta_pre_softmax_norm=0.0000, personal_delta_student_std=0.0000, alpha_head_std=0.0443, query_row_global_readout_delta=0.0000, query_row_personal_message_delta=0.0000, query_row_posterior_delta_abs=0.0000, query_row_posterior_kl=0.0000, query_row_delta_local_rms_raw=0.0000, query_row_message_projection_gain=0.0000, personal_to_graph_query_ratio=0.0000, query_row_global_support_mass=0.0000, query_row_personal_support_mass=0.0000, neighbor_row_personal_delta=0.0000, personal_row_budget_mean=1.3000, personal_query_row_std=0.0000, readout_query_support_mass=0.0000, personal_student_mix=0.0500, personal_student_adapter=0.0400, local_row_ratio=0.0014, support_density=1.0000, readout_query_delta=0.0000, personal_bad_rows_active=0.00, personal_fallback_rows_active=0.00, personal_bad_row_rate_active=0.0000, personal_padded_rows=0.00, personal_logits_support_absmax=0.0000, personal_query_trust_scale_mean=1.0000, personal_bad_rows_legacy=0.00, personal_fallback_rows_legacy=0.00, personal_logits_absmax_legacy=0.0000
2026-04-19 04:04:38,583 - INFO - [junyi|junyi_abce_best_no_A|lr=0.003|drop=0.40] [Diag][A] Epoch [020] | entropy_ratio=0.0000, diag_mass=1.0000, to_uniform_l2=0.037851, to_identity_l2=0.000000, relation_identity_delta=0.000000, knowledge_state_graph_delta=0.000000, knowledge_state_personal_delta=0.000000, share_concept_embeddings=True, tau_mean=0.0000, tau_std=0.0000, graph_reg_scale(train/val)=1.0000/1.0000
2026-04-19 04:04:38,583 - WARNING - [junyi|junyi_abce_best_no_A|lr=0.003|drop=0.40] [Diag Warning][E] personal_delta_student_std is near zero: personal_delta_student_std=0.000000, personal_delta_pre_softmax_norm=0.000000
2026-04-19 04:04:38,583 - WARNING - [junyi|junyi_abce_best_no_A|lr=0.003|drop=0.40] [Diag Warning][E] E-flat-at-query: personal_message=0.000000, posterior_delta=0.000000, posterior_kl=0.000000
2026-04-19 04:04:38,583 - INFO - [junyi|junyi_abce_best_no_A|lr=0.003|drop=0.40] [Grad Norms] Epoch [020] | relation_emb=0.000000e+00, relation_tau=0.000000e+00, relation_wq=0.000000e+00, relation_wk=0.000000e+00, personal_u=0.000000e+00, personal_v=0.000000e+00, personal_alpha_bias=0.000000e+00, personal_gate_emb=0.000000e+00, personal_gate_state_proj=0.000000e+00, personal_gate_context_proj=0.000000e+00, personal_gate_state_direct=0.000000e+00, personal_gate_id_direct=0.000000e+00, personal_gate_context_direct=0.000000e+00, personal_gate_out=0.000000e+00, personal_generator_emb=0.000000e+00, personal_generator_context_proj=0.000000e+00, personal_generator_context_hidden=0.000000e+00, personal_generator_context_to_u=0.000000e+00, personal_generator_context_to_v=0.000000e+00, personal_generator_state_row=0.000000e+00, personal_generator_state_col=0.000000e+00, personal_generator_id_row=0.000000e+00, personal_generator_id_col=0.000000e+00, personal_generator_state_adapter=0.000000e+00, personal_generator_id_adapter=0.000000e+00, personal_generator_context_adapter=0.000000e+00, personal_generator_direct_scale=0.000000e+00
2026-04-19 04:04:38,583 - INFO - [junyi|junyi_abce_best_no_A|lr=0.003|drop=0.40] -> No improvement 1 epoch(s) (best AUC=0.8224 @ 19)
2026-04-19 04:04:38,723 - INFO - [junyi|junyi_abce_best_no_A|lr=0.003|drop=0.40] Checkpoint saved: checkpoints/abce_diag/remote_rerun_20260419_6ddddcc/junyi/seed42/best_no_A/checkpoint_epoch_20.pth
2026-04-19 04:04:39,023 - INFO - [junyi|junyi_abce_best_no_A|lr=0.003|drop=0.40] [Module Activity] Epoch 20: Personal[X]
2026-04-19 04:04:41,890 - INFO - [junyi|junyi_abce_best_full|lr=0.003|drop=0.40] Epoch [023/100] | Train: Loss=0.4861, BCE=0.4711, Reg=0.0150, AUC=0.8323, ACC=0.7787, RMSE=0.3919 | Val: Loss=0.4966, BCE=0.4817, Reg=0.0149, AUC=0.8236, ACC=0.7701, RMSE=0.3969
2026-04-19 04:04:41,890 - INFO - [junyi|junyi_abce_best_full|lr=0.003|drop=0.40] [Reg Terms] Epoch [023] | Train: graph_entropy=0.000000, graph_diag=0.006001, graph_uniform=0.006753, graph_reg_scale=1.0000, prediction_l2=0.000000, personal_sparse=0.001157, alpha_var=0.000000, alpha_collapse=0.000004, reg_bce_ratio=0.0318 | Val: graph_entropy=0.000000, graph_diag=0.006000, graph_uniform=0.006753, graph_reg_scale=1.0000, prediction_l2=0.000000, personal_sparse=0.001197, alpha_var=0.000000, alpha_collapse=0.000010, reg_bce_ratio=0.0310
2026-04-19 04:04:42,135 - INFO - [junyi|junyi_abce_best_full|lr=0.003|drop=0.40] [Diag][AE] Epoch [023] | irt_abs_mean=1.7786, irt_std=1.0423, personal_warmup_scale=1.00, graph_row_entropy=3.2177, graph_entropy_ratio=0.4915, alpha_mean=0.1303, alpha_std=0.0396, alpha_base_mean=0.1300, alpha_delta_absmean=0.0258, alpha_saturation_ratio=0.0000, alpha_bias_std=NA, alpha_state_path=0.5444, alpha_id_path=0.0000, alpha_bias_path=0.0000, head_bias_path=0.1825, personal_row_entropy=2.3780, personal_matrix_delta=0.0445, personal_matrix_student_std=0.0491, personal_delta_pre_softmax_norm=2.5964, personal_delta_student_std=2.5051, alpha_head_std=0.0377, query_row_global_readout_delta=0.0376, query_row_personal_message_delta=0.0003, query_row_posterior_delta_abs=0.0445, query_row_posterior_kl=0.0335, query_row_delta_local_rms_raw=0.0038, query_row_message_projection_gain=0.0847, personal_to_graph_query_ratio=0.0080, query_row_global_support_mass=2.1990, query_row_personal_support_mass=2.1990, neighbor_row_personal_delta=0.0000, personal_row_budget_mean=1.3000, personal_query_row_std=0.2001, readout_query_support_mass=2.1990, personal_student_mix=0.0499, personal_student_adapter=0.0400, local_row_ratio=0.0460, support_density=1.0000, readout_query_delta=0.0376, personal_bad_rows_active=0.00, personal_fallback_rows_active=0.00, personal_bad_row_rate_active=0.0000, personal_padded_rows=0.00, personal_logits_support_absmax=6.8647, personal_query_trust_scale_mean=1.0000, personal_bad_rows_legacy=0.00, personal_fallback_rows_legacy=0.00, personal_logits_absmax_legacy=6.8647
2026-04-19 04:04:42,136 - INFO - [junyi|junyi_abce_best_full|lr=0.003|drop=0.40] [Diag][A] Epoch [023] | entropy_ratio=0.4915, diag_mass=0.0500, to_uniform_l2=0.007448, to_identity_l2=0.036726, relation_identity_delta=0.036726, knowledge_state_graph_delta=0.276705, knowledge_state_personal_delta=0.000000, share_concept_embeddings=True, tau_mean=0.6931, tau_std=0.0000, graph_reg_scale(train/val)=1.0000/1.0000
2026-04-19 04:04:42,136 - INFO - [junyi|junyi_abce_best_full|lr=0.003|drop=0.40] [Grad Norms] Epoch [023] | relation_emb=1.017049e+00, relation_tau=0.000000e+00, relation_wq=0.000000e+00, relation_wk=0.000000e+00, personal_u=1.716507e-02, personal_v=3.948729e-03, personal_alpha_bias=0.000000e+00, personal_gate_emb=0.000000e+00, personal_gate_state_proj=2.047163e-19, personal_gate_context_proj=5.000646e-16, personal_gate_state_direct=1.220330e-08, personal_gate_id_direct=0.000000e+00, personal_gate_context_direct=1.472668e-05, personal_gate_out=6.083409e-10, personal_generator_emb=8.650396e-22, personal_generator_context_proj=0.000000e+00, personal_generator_context_hidden=5.012847e-16, personal_generator_context_to_u=8.373994e-12, personal_generator_context_to_v=2.493541e-12, personal_generator_state_row=1.919388e-11, personal_generator_state_col=5.715716e-12, personal_generator_id_row=4.798828e-12, personal_generator_id_col=1.428957e-12, personal_generator_state_adapter=1.646411e-17, personal_generator_id_adapter=4.848190e-23, personal_generator_context_adapter=3.567887e-17, personal_generator_direct_scale=1.572160e-06
2026-04-19 04:04:42,789 - INFO - [junyi|junyi_abce_best_full|lr=0.003|drop=0.40] -> New best AUC=0.8236 at epoch 23
2026-04-19 04:05:26,519 - INFO - [junyi|junyi_abce_best_no_E_bs64|lr=0.003|drop=0.40] Epoch [022/100] | Train: Loss=0.4962, BCE=0.4834, Reg=0.0128, AUC=0.8216, ACC=0.7698, RMSE=0.3981 | Val: Loss=0.5007, BCE=0.4879, Reg=0.0128, AUC=0.8183, ACC=0.7726, RMSE=0.3987
2026-04-19 04:05:26,520 - INFO - [junyi|junyi_abce_best_no_E_bs64|lr=0.003|drop=0.40] [Reg Terms] Epoch [022] | Train: graph_entropy=0.000000, graph_diag=0.006002, graph_uniform=0.006753, graph_reg_scale=1.0000, prediction_l2=0.000000, personal_sparse=0.000000, alpha_var=0.000000, alpha_collapse=0.000000, reg_bce_ratio=0.0264 | Val: graph_entropy=0.000000, graph_diag=0.006000, graph_uniform=0.006753, graph_reg_scale=1.0000, prediction_l2=0.000000, personal_sparse=0.000000, alpha_var=0.000000, alpha_collapse=0.000000, reg_bce_ratio=0.0261
2026-04-19 04:05:26,701 - INFO - [junyi|junyi_abce_best_no_E_bs64|lr=0.003|drop=0.40] [Diag][AE] Epoch [022] | irt_abs_mean=1.7645, irt_std=1.1378, personal_warmup_scale=1.00, graph_row_entropy=3.2177, graph_entropy_ratio=0.4915, alpha_mean=0.0000, alpha_std=0.0000, alpha_base_mean=0.0000, alpha_delta_absmean=0.0000, alpha_saturation_ratio=0.0000, alpha_bias_std=NA, alpha_state_path=0.0000, alpha_id_path=0.0000, alpha_bias_path=0.0000, head_bias_path=0.0000, personal_row_entropy=0.0000, personal_matrix_delta=0.0000, personal_matrix_student_std=0.0000, personal_delta_pre_softmax_norm=0.0000, personal_delta_student_std=0.0000, alpha_head_std=0.0000, query_row_global_readout_delta=0.0365, query_row_personal_message_delta=0.0000, query_row_posterior_delta_abs=0.0000, query_row_posterior_kl=0.0000, query_row_delta_local_rms_raw=0.0000, query_row_message_projection_gain=0.0000, personal_to_graph_query_ratio=0.0000, query_row_global_support_mass=0.8254, query_row_personal_support_mass=0.0000, neighbor_row_personal_delta=0.0000, personal_row_budget_mean=0.0000, personal_query_row_std=0.0000, readout_query_support_mass=0.8254, personal_student_mix=0.0000, personal_student_adapter=0.0000, local_row_ratio=0.0000, support_density=0.0000, readout_query_delta=0.0365, personal_bad_rows_active=0.00, personal_fallback_rows_active=0.00, personal_bad_row_rate_active=0.0000, personal_padded_rows=0.00, personal_logits_support_absmax=0.0000, personal_query_trust_scale_mean=1.0000, personal_bad_rows_legacy=0.00, personal_fallback_rows_legacy=0.00, personal_logits_absmax_legacy=0.0000
2026-04-19 04:05:26,701 - INFO - [junyi|junyi_abce_best_no_E_bs64|lr=0.003|drop=0.40] [Diag][A] Epoch [022] | entropy_ratio=0.4915, diag_mass=0.0500, to_uniform_l2=0.007448, to_identity_l2=0.036726, relation_identity_delta=0.036726, knowledge_state_graph_delta=0.267834, knowledge_state_personal_delta=0.000000, share_concept_embeddings=True, tau_mean=0.6931, tau_std=0.0000, graph_reg_scale(train/val)=1.0000/1.0000
2026-04-19 04:05:26,702 - INFO - [junyi|junyi_abce_best_no_E_bs64|lr=0.003|drop=0.40] [Grad Norms] Epoch [022] | relation_emb=6.522259e-01, relation_tau=6.039646e-13, relation_wq=2.621231e-09, relation_wk=2.953964e-09, personal_u=0.000000e+00, personal_v=0.000000e+00, personal_alpha_bias=0.000000e+00, personal_gate_emb=0.000000e+00, personal_gate_state_proj=0.000000e+00, personal_gate_context_proj=0.000000e+00, personal_gate_state_direct=0.000000e+00, personal_gate_id_direct=0.000000e+00, personal_gate_context_direct=0.000000e+00, personal_gate_out=0.000000e+00, personal_generator_emb=0.000000e+00, personal_generator_context_proj=0.000000e+00, personal_generator_context_hidden=0.000000e+00, personal_generator_context_to_u=0.000000e+00, personal_generator_context_to_v=0.000000e+00, personal_generator_state_row=0.000000e+00, personal_generator_state_col=0.000000e+00, personal_generator_id_row=0.000000e+00, personal_generator_id_col=0.000000e+00, personal_generator_state_adapter=0.000000e+00, personal_generator_id_adapter=0.000000e+00, personal_generator_context_adapter=0.000000e+00, personal_generator_direct_scale=0.000000e+00
2026-04-19 04:05:26,702 - INFO - [junyi|junyi_abce_best_no_E_bs64|lr=0.003|drop=0.40] -> No improvement 1 epoch(s) (best AUC=0.8208 @ 21)
2026-04-19 04:06:48,923 - INFO - [junyi|junyi_abce_best_no_E_bs64|lr=0.003|drop=0.40] Epoch [023/100] | Train: Loss=0.4963, BCE=0.4836, Reg=0.0128, AUC=0.8215, ACC=0.7707, RMSE=0.3981 | Val: Loss=0.4958, BCE=0.4831, Reg=0.0128, AUC=0.8205, ACC=0.7701, RMSE=0.3976
2026-04-19 04:06:48,924 - INFO - [junyi|junyi_abce_best_no_E_bs64|lr=0.003|drop=0.40] [Reg Terms] Epoch [023] | Train: graph_entropy=0.000000, graph_diag=0.006002, graph_uniform=0.006753, graph_reg_scale=1.0000, prediction_l2=0.000000, personal_sparse=0.000000, alpha_var=0.000000, alpha_collapse=0.000000, reg_bce_ratio=0.0264 | Val: graph_entropy=0.000000, graph_diag=0.006000, graph_uniform=0.006753, graph_reg_scale=1.0000, prediction_l2=0.000000, personal_sparse=0.000000, alpha_var=0.000000, alpha_collapse=0.000000, reg_bce_ratio=0.0264
2026-04-19 04:06:49,133 - INFO - [junyi|junyi_abce_best_no_E_bs64|lr=0.003|drop=0.40] [Diag][AE] Epoch [023] | irt_abs_mean=1.7578, irt_std=1.0805, personal_warmup_scale=1.00, graph_row_entropy=3.2177, graph_entropy_ratio=0.4915, alpha_mean=0.0000, alpha_std=0.0000, alpha_base_mean=0.0000, alpha_delta_absmean=0.0000, alpha_saturation_ratio=0.0000, alpha_bias_std=NA, alpha_state_path=0.0000, alpha_id_path=0.0000, alpha_bias_path=0.0000, head_bias_path=0.0000, personal_row_entropy=0.0000, personal_matrix_delta=0.0000, personal_matrix_student_std=0.0000, personal_delta_pre_softmax_norm=0.0000, personal_delta_student_std=0.0000, alpha_head_std=0.0000, query_row_global_readout_delta=0.0296, query_row_personal_message_delta=0.0000, query_row_posterior_delta_abs=0.0000, query_row_posterior_kl=0.0000, query_row_delta_local_rms_raw=0.0000, query_row_message_projection_gain=0.0000, personal_to_graph_query_ratio=0.0000, query_row_global_support_mass=1.1467, query_row_personal_support_mass=0.0000, neighbor_row_personal_delta=0.0000, personal_row_budget_mean=0.0000, personal_query_row_std=0.0000, readout_query_support_mass=1.1467, personal_student_mix=0.0000, personal_student_adapter=0.0000, local_row_ratio=0.0000, support_density=0.0000, readout_query_delta=0.0296, personal_bad_rows_active=0.00, personal_fallback_rows_active=0.00, personal_bad_row_rate_active=0.0000, personal_padded_rows=0.00, personal_logits_support_absmax=0.0000, personal_query_trust_scale_mean=1.0000, personal_bad_rows_legacy=0.00, personal_fallback_rows_legacy=0.00, personal_logits_absmax_legacy=0.0000
2026-04-19 04:06:49,134 - INFO - [junyi|junyi_abce_best_no_E_bs64|lr=0.003|drop=0.40] [Diag][A] Epoch [023] | entropy_ratio=0.4915, diag_mass=0.0500, to_uniform_l2=0.007448, to_identity_l2=0.036726, relation_identity_delta=0.036726, knowledge_state_graph_delta=0.266915, knowledge_state_personal_delta=0.000000, share_concept_embeddings=True, tau_mean=0.6931, tau_std=0.0000, graph_reg_scale(train/val)=1.0000/1.0000
2026-04-19 04:06:49,134 - INFO - [junyi|junyi_abce_best_no_E_bs64|lr=0.003|drop=0.40] [Grad Norms] Epoch [023] | relation_emb=6.134948e-01, relation_tau=1.611732e-13, relation_wq=2.123099e-09, relation_wk=2.127026e-09, personal_u=0.000000e+00, personal_v=0.000000e+00, personal_alpha_bias=0.000000e+00, personal_gate_emb=0.000000e+00, personal_gate_state_proj=0.000000e+00, personal_gate_context_proj=0.000000e+00, personal_gate_state_direct=0.000000e+00, personal_gate_id_direct=0.000000e+00, personal_gate_context_direct=0.000000e+00, personal_gate_out=0.000000e+00, personal_generator_emb=0.000000e+00, personal_generator_context_proj=0.000000e+00, personal_generator_context_hidden=0.000000e+00, personal_generator_context_to_u=0.000000e+00, personal_generator_context_to_v=0.000000e+00, personal_generator_state_row=0.000000e+00, personal_generator_state_col=0.000000e+00, personal_generator_id_row=0.000000e+00, personal_generator_id_col=0.000000e+00, personal_generator_state_adapter=0.000000e+00, personal_generator_id_adapter=0.000000e+00, personal_generator_context_adapter=0.000000e+00, personal_generator_direct_scale=0.000000e+00
2026-04-19 04:06:49,134 - INFO - [junyi|junyi_abce_best_no_E_bs64|lr=0.003|drop=0.40] -> No improvement 2 epoch(s) (best AUC=0.8208 @ 21)
2026-04-19 04:07:38,321 - INFO - [junyi|junyi_abce_best_no_A|lr=0.003|drop=0.40] Epoch [021/100] | Train: Loss=0.4729, BCE=0.4714, Reg=0.0015, AUC=0.8315, ACC=0.7792, RMSE=0.3917 | Val: Loss=0.4879, BCE=0.4864, Reg=0.0015, AUC=0.8216, ACC=0.7751, RMSE=0.3976
2026-04-19 04:07:38,322 - INFO - [junyi|junyi_abce_best_no_A|lr=0.003|drop=0.40] [Reg Terms] Epoch [021] | Train: graph_entropy=0.000000, graph_diag=0.000000, graph_uniform=0.000000, graph_reg_scale=1.0000, prediction_l2=0.000000, personal_sparse=0.000000, alpha_var=0.000000, alpha_collapse=0.001504, reg_bce_ratio=0.0032 | Val: graph_entropy=0.000000, graph_diag=0.000000, graph_uniform=0.000000, graph_reg_scale=1.0000, prediction_l2=0.000000, personal_sparse=0.000000, alpha_var=0.000000, alpha_collapse=0.001523, reg_bce_ratio=0.0031
2026-04-19 04:07:38,543 - INFO - [junyi|junyi_abce_best_no_A|lr=0.003|drop=0.40] [Diag][AE] Epoch [021] | irt_abs_mean=1.9009, irt_std=1.0586, personal_warmup_scale=1.00, graph_row_entropy=0.0000, graph_entropy_ratio=0.0000, alpha_mean=0.1300, alpha_std=0.0452, alpha_base_mean=0.1300, alpha_delta_absmean=0.0308, alpha_saturation_ratio=0.0000, alpha_bias_std=NA, alpha_state_path=0.6520, alpha_id_path=0.0000, alpha_bias_path=0.0000, head_bias_path=0.2047, personal_row_entropy=0.0000, personal_matrix_delta=0.0000, personal_matrix_student_std=0.0000, personal_delta_pre_softmax_norm=0.0000, personal_delta_student_std=0.0000, alpha_head_std=0.0440, query_row_global_readout_delta=0.0000, query_row_personal_message_delta=0.0000, query_row_posterior_delta_abs=0.0000, query_row_posterior_kl=0.0000, query_row_delta_local_rms_raw=0.0000, query_row_message_projection_gain=0.0000, personal_to_graph_query_ratio=0.0000, query_row_global_support_mass=0.0000, query_row_personal_support_mass=0.0000, neighbor_row_personal_delta=0.0000, personal_row_budget_mean=1.3000, personal_query_row_std=0.0000, readout_query_support_mass=0.0000, personal_student_mix=0.0500, personal_student_adapter=0.0400, local_row_ratio=0.0014, support_density=1.0000, readout_query_delta=0.0000, personal_bad_rows_active=0.00, personal_fallback_rows_active=0.00, personal_bad_row_rate_active=0.0000, personal_padded_rows=0.00, personal_logits_support_absmax=0.0000, personal_query_trust_scale_mean=1.0000, personal_bad_rows_legacy=0.00, personal_fallback_rows_legacy=0.00, personal_logits_absmax_legacy=0.0000
2026-04-19 04:07:38,543 - INFO - [junyi|junyi_abce_best_no_A|lr=0.003|drop=0.40] [Diag][A] Epoch [021] | entropy_ratio=0.0000, diag_mass=1.0000, to_uniform_l2=0.037851, to_identity_l2=0.000000, relation_identity_delta=0.000000, knowledge_state_graph_delta=0.000000, knowledge_state_personal_delta=0.000000, share_concept_embeddings=True, tau_mean=0.0000, tau_std=0.0000, graph_reg_scale(train/val)=1.0000/1.0000
2026-04-19 04:07:38,543 - WARNING - [junyi|junyi_abce_best_no_A|lr=0.003|drop=0.40] [Diag Warning][E] personal_delta_student_std is near zero: personal_delta_student_std=0.000000, personal_delta_pre_softmax_norm=0.000000
2026-04-19 04:07:38,543 - WARNING - [junyi|junyi_abce_best_no_A|lr=0.003|drop=0.40] [Diag Warning][E] E-flat-at-query: personal_message=0.000000, posterior_delta=0.000000, posterior_kl=0.000000
2026-04-19 04:07:38,543 - INFO - [junyi|junyi_abce_best_no_A|lr=0.003|drop=0.40] [Grad Norms] Epoch [021] | relation_emb=0.000000e+00, relation_tau=0.000000e+00, relation_wq=0.000000e+00, relation_wk=0.000000e+00, personal_u=0.000000e+00, personal_v=0.000000e+00, personal_alpha_bias=0.000000e+00, personal_gate_emb=0.000000e+00, personal_gate_state_proj=0.000000e+00, personal_gate_context_proj=0.000000e+00, personal_gate_state_direct=0.000000e+00, personal_gate_id_direct=0.000000e+00, personal_gate_context_direct=0.000000e+00, personal_gate_out=0.000000e+00, personal_generator_emb=0.000000e+00, personal_generator_context_proj=0.000000e+00, personal_generator_context_hidden=0.000000e+00, personal_generator_context_to_u=0.000000e+00, personal_generator_context_to_v=0.000000e+00, personal_generator_state_row=0.000000e+00, personal_generator_state_col=0.000000e+00, personal_generator_id_row=0.000000e+00, personal_generator_id_col=0.000000e+00, personal_generator_state_adapter=0.000000e+00, personal_generator_id_adapter=0.000000e+00, personal_generator_context_adapter=0.000000e+00, personal_generator_direct_scale=0.000000e+00
2026-04-19 04:07:38,543 - INFO - [junyi|junyi_abce_best_no_A|lr=0.003|drop=0.40] -> No improvement 2 epoch(s) (best AUC=0.8224 @ 19)
2026-04-19 04:07:48,735 - INFO - [junyi|junyi_abce_best_full|lr=0.003|drop=0.40] Epoch [024/100] | Train: Loss=0.4827, BCE=0.4677, Reg=0.0150, AUC=0.8352, ACC=0.7803, RMSE=0.3902 | Val: Loss=0.4973, BCE=0.4823, Reg=0.0150, AUC=0.8227, ACC=0.7742, RMSE=0.3966
2026-04-19 04:07:48,735 - INFO - [junyi|junyi_abce_best_full|lr=0.003|drop=0.40] [Reg Terms] Epoch [024] | Train: graph_entropy=0.000000, graph_diag=0.006001, graph_uniform=0.006753, graph_reg_scale=1.0000, prediction_l2=0.000000, personal_sparse=0.001148, alpha_var=0.000000, alpha_collapse=0.000004, reg_bce_ratio=0.0321 | Val: graph_entropy=0.000000, graph_diag=0.006000, graph_uniform=0.006753, graph_reg_scale=1.0000, prediction_l2=0.000000, personal_sparse=0.001178, alpha_var=0.000000, alpha_collapse=0.000015, reg_bce_ratio=0.0310
2026-04-19 04:07:49,026 - INFO - [junyi|junyi_abce_best_full|lr=0.003|drop=0.40] [Diag][AE] Epoch [024] | irt_abs_mean=1.7378, irt_std=1.0790, personal_warmup_scale=1.00, graph_row_entropy=3.2177, graph_entropy_ratio=0.4915, alpha_mean=0.1301, alpha_std=0.0384, alpha_base_mean=0.1300, alpha_delta_absmean=0.0245, alpha_saturation_ratio=0.0000, alpha_bias_std=NA, alpha_state_path=0.5140, alpha_id_path=0.0000, alpha_bias_path=0.0000, head_bias_path=0.1867, personal_row_entropy=2.3376, personal_matrix_delta=0.0457, personal_matrix_student_std=0.0524, personal_delta_pre_softmax_norm=2.5336, personal_delta_student_std=2.4753, alpha_head_std=0.0366, query_row_global_readout_delta=0.0440, query_row_personal_message_delta=0.0002, query_row_posterior_delta_abs=0.0457, query_row_posterior_kl=0.0350, query_row_delta_local_rms_raw=0.0024, query_row_message_projection_gain=0.0527, personal_to_graph_query_ratio=0.0048, query_row_global_support_mass=1.7157, query_row_personal_support_mass=1.7157, neighbor_row_personal_delta=0.0000, personal_row_budget_mean=1.3000, personal_query_row_std=0.2133, readout_query_support_mass=1.7157, personal_student_mix=0.0499, personal_student_adapter=0.0400, local_row_ratio=0.0633, support_density=1.0000, readout_query_delta=0.0439, personal_bad_rows_active=0.00, personal_fallback_rows_active=0.00, personal_bad_row_rate_active=0.0000, personal_padded_rows=0.00, personal_logits_support_absmax=6.8339, personal_query_trust_scale_mean=1.0000, personal_bad_rows_legacy=0.00, personal_fallback_rows_legacy=0.00, personal_logits_absmax_legacy=6.8339
2026-04-19 04:07:49,027 - INFO - [junyi|junyi_abce_best_full|lr=0.003|drop=0.40] [Diag][A] Epoch [024] | entropy_ratio=0.4915, diag_mass=0.0500, to_uniform_l2=0.007448, to_identity_l2=0.036726, relation_identity_delta=0.036726, knowledge_state_graph_delta=0.279936, knowledge_state_personal_delta=0.000000, share_concept_embeddings=True, tau_mean=0.6931, tau_std=0.0000, graph_reg_scale(train/val)=1.0000/1.0000
2026-04-19 04:07:49,027 - INFO - [junyi|junyi_abce_best_full|lr=0.003|drop=0.40] [Grad Norms] Epoch [024] | relation_emb=9.208068e-01, relation_tau=2.468604e-15, relation_wq=0.000000e+00, relation_wk=0.000000e+00, personal_u=1.366732e-03, personal_v=6.647360e-04, personal_alpha_bias=0.000000e+00, personal_gate_emb=0.000000e+00, personal_gate_state_proj=3.357036e-18, personal_gate_context_proj=2.328785e-14, personal_gate_state_direct=5.292233e-09, personal_gate_id_direct=0.000000e+00, personal_gate_context_direct=2.450300e-05, personal_gate_out=1.841358e-09, personal_generator_emb=5.738511e-22, personal_generator_context_proj=5.447633e-21, personal_generator_context_hidden=3.771426e-17, personal_generator_context_to_u=1.102056e-12, personal_generator_context_to_v=8.523472e-13, personal_generator_state_row=7.460127e-13, personal_generator_state_col=5.766100e-13, personal_generator_id_row=1.862842e-13, personal_generator_id_col=1.440751e-13, personal_generator_state_adapter=4.104509e-18, personal_generator_id_adapter=1.597213e-24, personal_generator_context_adapter=2.440046e-18, personal_generator_direct_scale=1.132848e-05
2026-04-19 04:07:49,027 - INFO - [junyi|junyi_abce_best_full|lr=0.003|drop=0.40] -> No improvement 1 epoch(s) (best AUC=0.8236 @ 23)
2026-04-19 04:08:10,943 - INFO - [junyi|junyi_abce_best_no_E_bs64|lr=0.003|drop=0.40] Epoch [024/100] | Train: Loss=0.4846, BCE=0.4718, Reg=0.0128, AUC=0.8317, ACC=0.7781, RMSE=0.3922 | Val: Loss=0.4922, BCE=0.4794, Reg=0.0128, AUC=0.8242, ACC=0.7766, RMSE=0.3953
2026-04-19 04:08:10,944 - INFO - [junyi|junyi_abce_best_no_E_bs64|lr=0.003|drop=0.40] [Reg Terms] Epoch [024] | Train: graph_entropy=0.000000, graph_diag=0.006001, graph_uniform=0.006753, graph_reg_scale=1.0000, prediction_l2=0.000000, personal_sparse=0.000000, alpha_var=0.000000, alpha_collapse=0.000000, reg_bce_ratio=0.0270 | Val: graph_entropy=0.000000, graph_diag=0.006000, graph_uniform=0.006753, graph_reg_scale=1.0000, prediction_l2=0.000000, personal_sparse=0.000000, alpha_var=0.000000, alpha_collapse=0.000000, reg_bce_ratio=0.0266
2026-04-19 04:08:11,140 - INFO - [junyi|junyi_abce_best_no_E_bs64|lr=0.003|drop=0.40] [Diag][AE] Epoch [024] | irt_abs_mean=1.8257, irt_std=1.0308, personal_warmup_scale=1.00, graph_row_entropy=3.2177, graph_entropy_ratio=0.4915, alpha_mean=0.0000, alpha_std=0.0000, alpha_base_mean=0.0000, alpha_delta_absmean=0.0000, alpha_saturation_ratio=0.0000, alpha_bias_std=NA, alpha_state_path=0.0000, alpha_id_path=0.0000, alpha_bias_path=0.0000, head_bias_path=0.0000, personal_row_entropy=0.0000, personal_matrix_delta=0.0000, personal_matrix_student_std=0.0000, personal_delta_pre_softmax_norm=0.0000, personal_delta_student_std=0.0000, alpha_head_std=0.0000, query_row_global_readout_delta=0.0364, query_row_personal_message_delta=0.0000, query_row_posterior_delta_abs=0.0000, query_row_posterior_kl=0.0000, query_row_delta_local_rms_raw=0.0000, query_row_message_projection_gain=0.0000, personal_to_graph_query_ratio=0.0000, query_row_global_support_mass=2.3039, query_row_personal_support_mass=0.0000, neighbor_row_personal_delta=0.0000, personal_row_budget_mean=0.0000, personal_query_row_std=0.0000, readout_query_support_mass=2.3039, personal_student_mix=0.0000, personal_student_adapter=0.0000, local_row_ratio=0.0000, support_density=0.0000, readout_query_delta=0.0364, personal_bad_rows_active=0.00, personal_fallback_rows_active=0.00, personal_bad_row_rate_active=0.0000, personal_padded_rows=0.00, personal_logits_support_absmax=0.0000, personal_query_trust_scale_mean=1.0000, personal_bad_rows_legacy=0.00, personal_fallback_rows_legacy=0.00, personal_logits_absmax_legacy=0.0000
2026-04-19 04:08:11,141 - INFO - [junyi|junyi_abce_best_no_E_bs64|lr=0.003|drop=0.40] [Diag][A] Epoch [024] | entropy_ratio=0.4915, diag_mass=0.0500, to_uniform_l2=0.007448, to_identity_l2=0.036726, relation_identity_delta=0.036726, knowledge_state_graph_delta=0.283326, knowledge_state_personal_delta=0.000000, share_concept_embeddings=True, tau_mean=0.6931, tau_std=0.0000, graph_reg_scale(train/val)=1.0000/1.0000
2026-04-19 04:08:11,141 - INFO - [junyi|junyi_abce_best_no_E_bs64|lr=0.003|drop=0.40] [Grad Norms] Epoch [024] | relation_emb=8.273005e-01, relation_tau=0.000000e+00, relation_wq=0.000000e+00, relation_wk=0.000000e+00, personal_u=0.000000e+00, personal_v=0.000000e+00, personal_alpha_bias=0.000000e+00, personal_gate_emb=0.000000e+00, personal_gate_state_proj=0.000000e+00, personal_gate_context_proj=0.000000e+00, personal_gate_state_direct=0.000000e+00, personal_gate_id_direct=0.000000e+00, personal_gate_context_direct=0.000000e+00, personal_gate_out=0.000000e+00, personal_generator_emb=0.000000e+00, personal_generator_context_proj=0.000000e+00, personal_generator_context_hidden=0.000000e+00, personal_generator_context_to_u=0.000000e+00, personal_generator_context_to_v=0.000000e+00, personal_generator_state_row=0.000000e+00, personal_generator_state_col=0.000000e+00, personal_generator_id_row=0.000000e+00, personal_generator_id_col=0.000000e+00, personal_generator_state_adapter=0.000000e+00, personal_generator_id_adapter=0.000000e+00, personal_generator_context_adapter=0.000000e+00, personal_generator_direct_scale=0.000000e+00
2026-04-19 04:08:11,316 - INFO - [junyi|junyi_abce_best_no_E_bs64|lr=0.003|drop=0.40] -> New best AUC=0.8242 at epoch 24
2026-04-19 04:09:33,247 - INFO - [junyi|junyi_abce_best_no_E_bs64|lr=0.003|drop=0.40] Epoch [025/100] | Train: Loss=0.4813, BCE=0.4685, Reg=0.0128, AUC=0.8344, ACC=0.7809, RMSE=0.3905 | Val: Loss=0.4919, BCE=0.4792, Reg=0.0128, AUC=0.8230, ACC=0.7746, RMSE=0.3956
2026-04-19 04:09:33,247 - INFO - [junyi|junyi_abce_best_no_E_bs64|lr=0.003|drop=0.40] [Reg Terms] Epoch [025] | Train: graph_entropy=0.000000, graph_diag=0.006001, graph_uniform=0.006753, graph_reg_scale=1.0000, prediction_l2=0.000000, personal_sparse=0.000000, alpha_var=0.000000, alpha_collapse=0.000000, reg_bce_ratio=0.0272 | Val: graph_entropy=0.000000, graph_diag=0.006000, graph_uniform=0.006753, graph_reg_scale=1.0000, prediction_l2=0.000000, personal_sparse=0.000000, alpha_var=0.000000, alpha_collapse=0.000000, reg_bce_ratio=0.0266
2026-04-19 04:09:33,442 - INFO - [junyi|junyi_abce_best_no_E_bs64|lr=0.003|drop=0.40] [Diag][AE] Epoch [025] | irt_abs_mean=1.7824, irt_std=1.0422, personal_warmup_scale=1.00, graph_row_entropy=3.2177, graph_entropy_ratio=0.4915, alpha_mean=0.0000, alpha_std=0.0000, alpha_base_mean=0.0000, alpha_delta_absmean=0.0000, alpha_saturation_ratio=0.0000, alpha_bias_std=NA, alpha_state_path=0.0000, alpha_id_path=0.0000, alpha_bias_path=0.0000, head_bias_path=0.0000, personal_row_entropy=0.0000, personal_matrix_delta=0.0000, personal_matrix_student_std=0.0000, personal_delta_pre_softmax_norm=0.0000, personal_delta_student_std=0.0000, alpha_head_std=0.0000, query_row_global_readout_delta=0.0405, query_row_personal_message_delta=0.0000, query_row_posterior_delta_abs=0.0000, query_row_posterior_kl=0.0000, query_row_delta_local_rms_raw=0.0000, query_row_message_projection_gain=0.0000, personal_to_graph_query_ratio=0.0000, query_row_global_support_mass=1.8484, query_row_personal_support_mass=0.0000, neighbor_row_personal_delta=0.0000, personal_row_budget_mean=0.0000, personal_query_row_std=0.0000, readout_query_support_mass=1.8484, personal_student_mix=0.0000, personal_student_adapter=0.0000, local_row_ratio=0.0000, support_density=0.0000, readout_query_delta=0.0405, personal_bad_rows_active=0.00, personal_fallback_rows_active=0.00, personal_bad_row_rate_active=0.0000, personal_padded_rows=0.00, personal_logits_support_absmax=0.0000, personal_query_trust_scale_mean=1.0000, personal_bad_rows_legacy=0.00, personal_fallback_rows_legacy=0.00, personal_logits_absmax_legacy=0.0000
2026-04-19 04:09:33,443 - INFO - [junyi|junyi_abce_best_no_E_bs64|lr=0.003|drop=0.40] [Diag][A] Epoch [025] | entropy_ratio=0.4915, diag_mass=0.0500, to_uniform_l2=0.007448, to_identity_l2=0.036726, relation_identity_delta=0.036726, knowledge_state_graph_delta=0.281544, knowledge_state_personal_delta=0.000000, share_concept_embeddings=True, tau_mean=0.6931, tau_std=0.0000, graph_reg_scale(train/val)=1.0000/1.0000
2026-04-19 04:09:33,443 - INFO - [junyi|junyi_abce_best_no_E_bs64|lr=0.003|drop=0.40] [Grad Norms] Epoch [025] | relation_emb=1.023714e+00, relation_tau=6.118350e-15, relation_wq=0.000000e+00, relation_wk=0.000000e+00, personal_u=0.000000e+00, personal_v=0.000000e+00, personal_alpha_bias=0.000000e+00, personal_gate_emb=0.000000e+00, personal_gate_state_proj=0.000000e+00, personal_gate_context_proj=0.000000e+00, personal_gate_state_direct=0.000000e+00, personal_gate_id_direct=0.000000e+00, personal_gate_context_direct=0.000000e+00, personal_gate_out=0.000000e+00, personal_generator_emb=0.000000e+00, personal_generator_context_proj=0.000000e+00, personal_generator_context_hidden=0.000000e+00, personal_generator_context_to_u=0.000000e+00, personal_generator_context_to_v=0.000000e+00, personal_generator_state_row=0.000000e+00, personal_generator_state_col=0.000000e+00, personal_generator_id_row=0.000000e+00, personal_generator_id_col=0.000000e+00, personal_generator_state_adapter=0.000000e+00, personal_generator_id_adapter=0.000000e+00, personal_generator_context_adapter=0.000000e+00, personal_generator_direct_scale=0.000000e+00
2026-04-19 04:09:33,443 - INFO - [junyi|junyi_abce_best_no_E_bs64|lr=0.003|drop=0.40] -> No improvement 1 epoch(s) (best AUC=0.8242 @ 24)
2026-04-19 04:10:37,918 - INFO - [junyi|junyi_abce_best_no_A|lr=0.003|drop=0.40] Epoch [022/100] | Train: Loss=0.4609, BCE=0.4594, Reg=0.0015, AUC=0.8411, ACC=0.7879, RMSE=0.3856 | Val: Loss=0.4938, BCE=0.4922, Reg=0.0015, AUC=0.8234, ACC=0.7764, RMSE=0.3990
2026-04-19 04:10:37,918 - INFO - [junyi|junyi_abce_best_no_A|lr=0.003|drop=0.40] [Reg Terms] Epoch [022] | Train: graph_entropy=0.000000, graph_diag=0.000000, graph_uniform=0.000000, graph_reg_scale=1.0000, prediction_l2=0.000000, personal_sparse=0.000000, alpha_var=0.000000, alpha_collapse=0.001504, reg_bce_ratio=0.0033 | Val: graph_entropy=0.000000, graph_diag=0.000000, graph_uniform=0.000000, graph_reg_scale=1.0000, prediction_l2=0.000000, personal_sparse=0.000000, alpha_var=0.000000, alpha_collapse=0.001516, reg_bce_ratio=0.0031
2026-04-19 04:10:38,140 - INFO - [junyi|junyi_abce_best_no_A|lr=0.003|drop=0.40] [Diag][AE] Epoch [022] | irt_abs_mean=2.0711, irt_std=1.0922, personal_warmup_scale=1.00, graph_row_entropy=0.0000, graph_entropy_ratio=0.0000, alpha_mean=0.1300, alpha_std=0.0454, alpha_base_mean=0.1300, alpha_delta_absmean=0.0307, alpha_saturation_ratio=0.0000, alpha_bias_std=NA, alpha_state_path=0.6510, alpha_id_path=0.0000, alpha_bias_path=0.0000, head_bias_path=0.2086, personal_row_entropy=0.0000, personal_matrix_delta=0.0000, personal_matrix_student_std=0.0000, personal_delta_pre_softmax_norm=0.0000, personal_delta_student_std=0.0000, alpha_head_std=0.0442, query_row_global_readout_delta=0.0000, query_row_personal_message_delta=0.0000, query_row_posterior_delta_abs=0.0000, query_row_posterior_kl=0.0000, query_row_delta_local_rms_raw=0.0000, query_row_message_projection_gain=0.0000, personal_to_graph_query_ratio=0.0000, query_row_global_support_mass=0.0000, query_row_personal_support_mass=0.0000, neighbor_row_personal_delta=0.0000, personal_row_budget_mean=1.3000, personal_query_row_std=0.0000, readout_query_support_mass=0.0000, personal_student_mix=0.0500, personal_student_adapter=0.0400, local_row_ratio=0.0014, support_density=1.0000, readout_query_delta=0.0000, personal_bad_rows_active=0.00, personal_fallback_rows_active=0.00, personal_bad_row_rate_active=0.0000, personal_padded_rows=0.00, personal_logits_support_absmax=0.0000, personal_query_trust_scale_mean=1.0000, personal_bad_rows_legacy=0.00, personal_fallback_rows_legacy=0.00, personal_logits_absmax_legacy=0.0000
2026-04-19 04:10:38,140 - INFO - [junyi|junyi_abce_best_no_A|lr=0.003|drop=0.40] [Diag][A] Epoch [022] | entropy_ratio=0.0000, diag_mass=1.0000, to_uniform_l2=0.037851, to_identity_l2=0.000000, relation_identity_delta=0.000000, knowledge_state_graph_delta=0.000000, knowledge_state_personal_delta=0.000000, share_concept_embeddings=True, tau_mean=0.0000, tau_std=0.0000, graph_reg_scale(train/val)=1.0000/1.0000
2026-04-19 04:10:38,140 - WARNING - [junyi|junyi_abce_best_no_A|lr=0.003|drop=0.40] [Diag Warning][E] personal_delta_student_std is near zero: personal_delta_student_std=0.000000, personal_delta_pre_softmax_norm=0.000000
2026-04-19 04:10:38,140 - WARNING - [junyi|junyi_abce_best_no_A|lr=0.003|drop=0.40] [Diag Warning][E] E-flat-at-query: personal_message=0.000000, posterior_delta=0.000000, posterior_kl=0.000000
2026-04-19 04:10:38,141 - INFO - [junyi|junyi_abce_best_no_A|lr=0.003|drop=0.40] [Grad Norms] Epoch [022] | relation_emb=0.000000e+00, relation_tau=0.000000e+00, relation_wq=0.000000e+00, relation_wk=0.000000e+00, personal_u=0.000000e+00, personal_v=0.000000e+00, personal_alpha_bias=0.000000e+00, personal_gate_emb=0.000000e+00, personal_gate_state_proj=0.000000e+00, personal_gate_context_proj=0.000000e+00, personal_gate_state_direct=0.000000e+00, personal_gate_id_direct=0.000000e+00, personal_gate_context_direct=0.000000e+00, personal_gate_out=0.000000e+00, personal_generator_emb=0.000000e+00, personal_generator_context_proj=0.000000e+00, personal_generator_context_hidden=0.000000e+00, personal_generator_context_to_u=0.000000e+00, personal_generator_context_to_v=0.000000e+00, personal_generator_state_row=0.000000e+00, personal_generator_state_col=0.000000e+00, personal_generator_id_row=0.000000e+00, personal_generator_id_col=0.000000e+00, personal_generator_state_adapter=0.000000e+00, personal_generator_id_adapter=0.000000e+00, personal_generator_context_adapter=0.000000e+00, personal_generator_direct_scale=0.000000e+00
2026-04-19 04:10:38,778 - INFO - [junyi|junyi_abce_best_no_A|lr=0.003|drop=0.40] -> New best AUC=0.8234 at epoch 22
2026-04-19 04:10:55,589 - INFO - [junyi|junyi_abce_best_no_E_bs64|lr=0.003|drop=0.40] Epoch [026/100] | Train: Loss=0.4792, BCE=0.4664, Reg=0.0128, AUC=0.8360, ACC=0.7817, RMSE=0.3896 | Val: Loss=0.4946, BCE=0.4819, Reg=0.0128, AUC=0.8229, ACC=0.7730, RMSE=0.3965
2026-04-19 04:10:55,590 - INFO - [junyi|junyi_abce_best_no_E_bs64|lr=0.003|drop=0.40] [Reg Terms] Epoch [026] | Train: graph_entropy=0.000000, graph_diag=0.006001, graph_uniform=0.006753, graph_reg_scale=1.0000, prediction_l2=0.000000, personal_sparse=0.000000, alpha_var=0.000000, alpha_collapse=0.000000, reg_bce_ratio=0.0273 | Val: graph_entropy=0.000000, graph_diag=0.006000, graph_uniform=0.006753, graph_reg_scale=1.0000, prediction_l2=0.000000, personal_sparse=0.000000, alpha_var=0.000000, alpha_collapse=0.000000, reg_bce_ratio=0.0265
2026-04-19 04:10:55,800 - INFO - [junyi|junyi_abce_best_no_E_bs64|lr=0.003|drop=0.40] [Diag][AE] Epoch [026] | irt_abs_mean=1.7601, irt_std=1.1322, personal_warmup_scale=1.00, graph_row_entropy=3.2177, graph_entropy_ratio=0.4915, alpha_mean=0.0000, alpha_std=0.0000, alpha_base_mean=0.0000, alpha_delta_absmean=0.0000, alpha_saturation_ratio=0.0000, alpha_bias_std=NA, alpha_state_path=0.0000, alpha_id_path=0.0000, alpha_bias_path=0.0000, head_bias_path=0.0000, personal_row_entropy=0.0000, personal_matrix_delta=0.0000, personal_matrix_student_std=0.0000, personal_delta_pre_softmax_norm=0.0000, personal_delta_student_std=0.0000, alpha_head_std=0.0000, query_row_global_readout_delta=0.0432, query_row_personal_message_delta=0.0000, query_row_posterior_delta_abs=0.0000, query_row_posterior_kl=0.0000, query_row_delta_local_rms_raw=0.0000, query_row_message_projection_gain=0.0000, personal_to_graph_query_ratio=0.0000, query_row_global_support_mass=1.4497, query_row_personal_support_mass=0.0000, neighbor_row_personal_delta=0.0000, personal_row_budget_mean=0.0000, personal_query_row_std=0.0000, readout_query_support_mass=1.4497, personal_student_mix=0.0000, personal_student_adapter=0.0000, local_row_ratio=0.0000, support_density=0.0000, readout_query_delta=0.0432, personal_bad_rows_active=0.00, personal_fallback_rows_active=0.00, personal_bad_row_rate_active=0.0000, personal_padded_rows=0.00, personal_logits_support_absmax=0.0000, personal_query_trust_scale_mean=1.0000, personal_bad_rows_legacy=0.00, personal_fallback_rows_legacy=0.00, personal_logits_absmax_legacy=0.0000
2026-04-19 04:10:55,800 - INFO - [junyi|junyi_abce_best_no_E_bs64|lr=0.003|drop=0.40] [Diag][A] Epoch [026] | entropy_ratio=0.4915, diag_mass=0.0500, to_uniform_l2=0.007448, to_identity_l2=0.036726, relation_identity_delta=0.036726, knowledge_state_graph_delta=0.296377, knowledge_state_personal_delta=0.000000, share_concept_embeddings=True, tau_mean=0.6931, tau_std=0.0000, graph_reg_scale(train/val)=1.0000/1.0000
2026-04-19 04:10:55,800 - INFO - [junyi|junyi_abce_best_no_E_bs64|lr=0.003|drop=0.40] [Grad Norms] Epoch [026] | relation_emb=8.404559e-01, relation_tau=2.506940e-14, relation_wq=0.000000e+00, relation_wk=0.000000e+00, personal_u=0.000000e+00, personal_v=0.000000e+00, personal_alpha_bias=0.000000e+00, personal_gate_emb=0.000000e+00, personal_gate_state_proj=0.000000e+00, personal_gate_context_proj=0.000000e+00, personal_gate_state_direct=0.000000e+00, personal_gate_id_direct=0.000000e+00, personal_gate_context_direct=0.000000e+00, personal_gate_out=0.000000e+00, personal_generator_emb=0.000000e+00, personal_generator_context_proj=0.000000e+00, personal_generator_context_hidden=0.000000e+00, personal_generator_context_to_u=0.000000e+00, personal_generator_context_to_v=0.000000e+00, personal_generator_state_row=0.000000e+00, personal_generator_state_col=0.000000e+00, personal_generator_id_row=0.000000e+00, personal_generator_id_col=0.000000e+00, personal_generator_state_adapter=0.000000e+00, personal_generator_id_adapter=0.000000e+00, personal_generator_context_adapter=0.000000e+00, personal_generator_direct_scale=0.000000e+00
2026-04-19 04:10:55,800 - INFO - [junyi|junyi_abce_best_no_E_bs64|lr=0.003|drop=0.40] -> No improvement 2 epoch(s) (best AUC=0.8242 @ 24)
2026-04-19 04:10:58,052 - INFO - [junyi|junyi_abce_best_full|lr=0.003|drop=0.40] Epoch [025/100] | Train: Loss=0.4815, BCE=0.4665, Reg=0.0150, AUC=0.8362, ACC=0.7817, RMSE=0.3897 | Val: Loss=0.4955, BCE=0.4805, Reg=0.0150, AUC=0.8224, ACC=0.7747, RMSE=0.3960
2026-04-19 04:10:58,053 - INFO - [junyi|junyi_abce_best_full|lr=0.003|drop=0.40] [Reg Terms] Epoch [025] | Train: graph_entropy=0.000000, graph_diag=0.006002, graph_uniform=0.006753, graph_reg_scale=1.0000, prediction_l2=0.000000, personal_sparse=0.001154, alpha_var=0.000000, alpha_collapse=0.000004, reg_bce_ratio=0.0322 | Val: graph_entropy=0.000000, graph_diag=0.006000, graph_uniform=0.006753, graph_reg_scale=1.0000, prediction_l2=0.000000, personal_sparse=0.001209, alpha_var=0.000000, alpha_collapse=0.000044, reg_bce_ratio=0.0311
2026-04-19 04:10:58,338 - INFO - [junyi|junyi_abce_best_full|lr=0.003|drop=0.40] [Diag][AE] Epoch [025] | irt_abs_mean=1.7538, irt_std=1.0576, personal_warmup_scale=1.00, graph_row_entropy=3.2177, graph_entropy_ratio=0.4915, alpha_mean=0.1299, alpha_std=0.0353, alpha_base_mean=0.1300, alpha_delta_absmean=0.0218, alpha_saturation_ratio=0.0000, alpha_bias_std=NA, alpha_state_path=0.4499, alpha_id_path=0.0000, alpha_bias_path=0.0000, head_bias_path=0.1922, personal_row_entropy=2.4216, personal_matrix_delta=0.0437, personal_matrix_student_std=0.0429, personal_delta_pre_softmax_norm=2.7980, personal_delta_student_std=2.5883, alpha_head_std=0.0342, query_row_global_readout_delta=0.0403, query_row_personal_message_delta=0.0002, query_row_posterior_delta_abs=0.0437, query_row_posterior_kl=0.0316, query_row_delta_local_rms_raw=0.0021, query_row_message_projection_gain=0.0482, personal_to_graph_query_ratio=0.0041, query_row_global_support_mass=2.7043, query_row_personal_support_mass=2.7043, neighbor_row_personal_delta=0.0000, personal_row_budget_mean=1.3000, personal_query_row_std=0.0803, readout_query_support_mass=2.7043, personal_student_mix=0.0500, personal_student_adapter=0.0400, local_row_ratio=0.0652, support_density=1.0000, readout_query_delta=0.0403, personal_bad_rows_active=0.00, personal_fallback_rows_active=0.00, personal_bad_row_rate_active=0.0000, personal_padded_rows=0.00, personal_logits_support_absmax=6.7122, personal_query_trust_scale_mean=1.0000, personal_bad_rows_legacy=0.00, personal_fallback_rows_legacy=0.00, personal_logits_absmax_legacy=6.7122
2026-04-19 04:10:58,338 - INFO - [junyi|junyi_abce_best_full|lr=0.003|drop=0.40] [Diag][A] Epoch [025] | entropy_ratio=0.4915, diag_mass=0.0500, to_uniform_l2=0.007448, to_identity_l2=0.036726, relation_identity_delta=0.036726, knowledge_state_graph_delta=0.289186, knowledge_state_personal_delta=0.000000, share_concept_embeddings=True, tau_mean=0.6931, tau_std=0.0000, graph_reg_scale(train/val)=1.0000/1.0000
2026-04-19 04:10:58,338 - INFO - [junyi|junyi_abce_best_full|lr=0.003|drop=0.40] [Grad Norms] Epoch [025] | relation_emb=1.079290e+00, relation_tau=1.656802e-14, relation_wq=0.000000e+00, relation_wk=0.000000e+00, personal_u=9.508139e-04, personal_v=1.009527e-03, personal_alpha_bias=0.000000e+00, personal_gate_emb=0.000000e+00, personal_gate_state_proj=1.244546e-17, personal_gate_context_proj=5.472953e-14, personal_gate_state_direct=1.258925e-08, personal_gate_id_direct=0.000000e+00, personal_gate_context_direct=3.090280e-05, personal_gate_out=4.937693e-09, personal_generator_emb=6.841299e-22, personal_generator_context_proj=1.299469e-20, personal_generator_context_hidden=8.797064e-17, personal_generator_context_to_u=2.139469e-12, personal_generator_context_to_v=2.169158e-12, personal_generator_state_row=1.759129e-12, personal_generator_state_col=1.783545e-12, personal_generator_id_row=4.397762e-13, personal_generator_id_col=4.458790e-13, personal_generator_state_adapter=7.038102e-20, personal_generator_id_adapter=4.265867e-24, personal_generator_context_adapter=7.596843e-18, personal_generator_direct_scale=1.668703e-07
2026-04-19 04:10:58,338 - INFO - [junyi|junyi_abce_best_full|lr=0.003|drop=0.40] -> No improvement 2 epoch(s) (best AUC=0.8236 @ 23)
2026-04-19 04:12:17,542 - INFO - [junyi|junyi_abce_best_no_E_bs64|lr=0.003|drop=0.40] Epoch [027/100] | Train: Loss=0.4671, BCE=0.4544, Reg=0.0128, AUC=0.8457, ACC=0.7887, RMSE=0.3836 | Val: Loss=0.4965, BCE=0.4838, Reg=0.0128, AUC=0.8231, ACC=0.7733, RMSE=0.3971
2026-04-19 04:12:17,542 - INFO - [junyi|junyi_abce_best_no_E_bs64|lr=0.003|drop=0.40] [Reg Terms] Epoch [027] | Train: graph_entropy=0.000000, graph_diag=0.006001, graph_uniform=0.006753, graph_reg_scale=1.0000, prediction_l2=0.000000, personal_sparse=0.000000, alpha_var=0.000000, alpha_collapse=0.000000, reg_bce_ratio=0.0281 | Val: graph_entropy=0.000000, graph_diag=0.006000, graph_uniform=0.006753, graph_reg_scale=1.0000, prediction_l2=0.000000, personal_sparse=0.000000, alpha_var=0.000000, alpha_collapse=0.000000, reg_bce_ratio=0.0264
2026-04-19 04:12:17,729 - INFO - [junyi|junyi_abce_best_no_E_bs64|lr=0.003|drop=0.40] [Diag][AE] Epoch [027] | irt_abs_mean=1.8021, irt_std=1.1083, personal_warmup_scale=1.00, graph_row_entropy=3.2177, graph_entropy_ratio=0.4915, alpha_mean=0.0000, alpha_std=0.0000, alpha_base_mean=0.0000, alpha_delta_absmean=0.0000, alpha_saturation_ratio=0.0000, alpha_bias_std=NA, alpha_state_path=0.0000, alpha_id_path=0.0000, alpha_bias_path=0.0000, head_bias_path=0.0000, personal_row_entropy=0.0000, personal_matrix_delta=0.0000, personal_matrix_student_std=0.0000, personal_delta_pre_softmax_norm=0.0000, personal_delta_student_std=0.0000, alpha_head_std=0.0000, query_row_global_readout_delta=0.0448, query_row_personal_message_delta=0.0000, query_row_posterior_delta_abs=0.0000, query_row_posterior_kl=0.0000, query_row_delta_local_rms_raw=0.0000, query_row_message_projection_gain=0.0000, personal_to_graph_query_ratio=0.0000, query_row_global_support_mass=2.2293, query_row_personal_support_mass=0.0000, neighbor_row_personal_delta=0.0000, personal_row_budget_mean=0.0000, personal_query_row_std=0.0000, readout_query_support_mass=2.2293, personal_student_mix=0.0000, personal_student_adapter=0.0000, local_row_ratio=0.0000, support_density=0.0000, readout_query_delta=0.0448, personal_bad_rows_active=0.00, personal_fallback_rows_active=0.00, personal_bad_row_rate_active=0.0000, personal_padded_rows=0.00, personal_logits_support_absmax=0.0000, personal_query_trust_scale_mean=1.0000, personal_bad_rows_legacy=0.00, personal_fallback_rows_legacy=0.00, personal_logits_absmax_legacy=0.0000
2026-04-19 04:12:17,729 - INFO - [junyi|junyi_abce_best_no_E_bs64|lr=0.003|drop=0.40] [Diag][A] Epoch [027] | entropy_ratio=0.4915, diag_mass=0.0500, to_uniform_l2=0.007448, to_identity_l2=0.036726, relation_identity_delta=0.036726, knowledge_state_graph_delta=0.310929, knowledge_state_personal_delta=0.000000, share_concept_embeddings=True, tau_mean=0.6931, tau_std=0.0000, graph_reg_scale(train/val)=1.0000/1.0000
2026-04-19 04:12:17,729 - INFO - [junyi|junyi_abce_best_no_E_bs64|lr=0.003|drop=0.40] [Grad Norms] Epoch [027] | relation_emb=1.499999e+00, relation_tau=0.000000e+00, relation_wq=0.000000e+00, relation_wk=0.000000e+00, personal_u=0.000000e+00, personal_v=0.000000e+00, personal_alpha_bias=0.000000e+00, personal_gate_emb=0.000000e+00, personal_gate_state_proj=0.000000e+00, personal_gate_context_proj=0.000000e+00, personal_gate_state_direct=0.000000e+00, personal_gate_id_direct=0.000000e+00, personal_gate_context_direct=0.000000e+00, personal_gate_out=0.000000e+00, personal_generator_emb=0.000000e+00, personal_generator_context_proj=0.000000e+00, personal_generator_context_hidden=0.000000e+00, personal_generator_context_to_u=0.000000e+00, personal_generator_context_to_v=0.000000e+00, personal_generator_state_row=0.000000e+00, personal_generator_state_col=0.000000e+00, personal_generator_id_row=0.000000e+00, personal_generator_id_col=0.000000e+00, personal_generator_state_adapter=0.000000e+00, personal_generator_id_adapter=0.000000e+00, personal_generator_context_adapter=0.000000e+00, personal_generator_direct_scale=0.000000e+00
2026-04-19 04:12:17,730 - INFO - [junyi|junyi_abce_best_no_E_bs64|lr=0.003|drop=0.40] -> No improvement 3 epoch(s) (best AUC=0.8242 @ 24)
2026-04-19 04:12:17,730 - INFO - [junyi|junyi_abce_best_no_E_bs64|lr=0.003|drop=0.40] Early stopping at epoch 27 (best AUC=0.8242 @ 24)
2026-04-19 04:12:17,736 - INFO - Epoch-wise metrics saved to checkpoints/abce_diag/remote_rerun_20260419_6ddddcc/junyi/seed42/best_no_E_bs64/metrics_history.csv
2026-04-19 04:12:17,739 - INFO - [junyi|junyi_abce_best_no_E_bs64|lr=0.003|drop=0.40] Training completed! Best Val AUC=0.8242 @ epoch 24
2026-04-19 04:12:17,981 - INFO - 
============================================================
         MODULE ACTIVITY REPORT
============================================================
Dataset: junyi | Seed: 42 | Epoch: 27

1. Concept Graph Module (A):
   - Mean row entropy: 3.218 / 6.547
   - Entropy ratio: 49.1%
   - Query readout delta: 0.0431
   - Status: LIVE (global graph is entering queried concept readout)

2. Personal Graph Module (E):
   - Status: DISABLED (use_personal_graph=False or no_E)

------------------------------------------------------------
SUMMARY:
   Active modules: Concept Graph (A)
   All enabled graph modules are functioning properly.
============================================================
2026-04-19 04:12:17,982 - INFO - [junyi|junyi_abce_best_no_E_bs64|lr=0.003|drop=0.40] Module activity saved to checkpoints/abce_diag/remote_rerun_20260419_6ddddcc/junyi/seed42/best_no_E_bs64/module_activity.json
2026-04-19 04:12:18,032 - INFO - Using device: cuda:0 (physical gpu 2)
2026-04-19 04:12:18,032 - INFO - Loading model from checkpoints/abce_diag/remote_rerun_20260419_6ddddcc/junyi/seed42/best_no_E_bs64/best_model.pth...
2026-04-19 04:12:18,104 - INFO - [Inference Filter] before=67063, after=60494, dropped=6569, coverage=90.20% (train-only seen student/item support)
2026-04-19 04:12:18,134 - INFO - Inference switches: ablate_module1=False | enable_module1=True | use_concept_graph=True | effective(num_gnn_layers=2)
2026-04-19 04:12:18,186 - INFO - [Inference] Ablation runtime check: args(ablate_module1=False) | expect(use_concept_graph=True,use_personal_graph=False) | model(enable_module1=True,use_concept_graph=True,use_personal_graph=False) | physical(has_knowledge_encoder=True,has_relation_learning=True,has_adaptive_gate=False,has_personal_generator=False)
2026-04-19 04:12:18,187 - INFO - [Inference] [Graph Init] graph_tau_mean=1.0055, graph_tau_std=0.0000, graph_dropout=0.000, use_personal_graph=False
2026-04-19 04:12:18,188 - INFO - Model loaded from epoch 24. Start testing...
[GPU] Status: [GPU 2: 22805MiB free]
2026-04-19 04:12:19,730 - INFO - [Test] 200/946 batches done, samples=12800
2026-04-19 04:12:21,194 - INFO - [Test] 400/946 batches done, samples=25600
2026-04-19 04:12:22,593 - INFO - [Test] 600/946 batches done, samples=38400
2026-04-19 04:12:23,963 - INFO - [Test] 800/946 batches done, samples=51200
2026-04-19 04:12:25,095 - INFO - 
==================================================
2026-04-19 04:12:25,095 - INFO - Test Results:
2026-04-19 04:12:25,096 - INFO - AUC: 0.8286
2026-04-19 04:12:25,096 - INFO - ACC: 0.7691
2026-04-19 04:12:25,096 - INFO - RMSE: 0.3997
2026-04-19 04:12:25,096 - INFO - ==================================================
2026-04-19 04:12:25,121 - INFO - Summary appended to /home/zsh/ConceptSkillCDM/results/experiment_results.csv
2026-04-19 04:12:25,125 - INFO - Run completed.
2026-04-19 04:12:25,125 - INFO - Best validation AUC: 0.8242 at epoch 24
2026-04-19 04:12:25,125 - INFO - Test metrics - AUC: 0.8286, ACC: 0.7691, RMSE: 0.3997
2026-04-19 04:13:35,669 - INFO - [junyi|junyi_abce_best_no_A|lr=0.003|drop=0.40] Epoch [023/100] | Train: Loss=0.4578, BCE=0.4563, Reg=0.0015, AUC=0.8434, ACC=0.7905, RMSE=0.3840 | Val: Loss=0.4934, BCE=0.4919, Reg=0.0015, AUC=0.8230, ACC=0.7755, RMSE=0.3987
2026-04-19 04:13:35,670 - INFO - [junyi|junyi_abce_best_no_A|lr=0.003|drop=0.40] [Reg Terms] Epoch [023] | Train: graph_entropy=0.000000, graph_diag=0.000000, graph_uniform=0.000000, graph_reg_scale=1.0000, prediction_l2=0.000000, personal_sparse=0.000000, alpha_var=0.000000, alpha_collapse=0.001504, reg_bce_ratio=0.0033 | Val: graph_entropy=0.000000, graph_diag=0.000000, graph_uniform=0.000000, graph_reg_scale=1.0000, prediction_l2=0.000000, personal_sparse=0.000000, alpha_var=0.000000, alpha_collapse=0.001507, reg_bce_ratio=0.0031
2026-04-19 04:13:35,887 - INFO - [junyi|junyi_abce_best_no_A|lr=0.003|drop=0.40] [Diag][AE] Epoch [023] | irt_abs_mean=2.0103, irt_std=1.1125, personal_warmup_scale=1.00, graph_row_entropy=0.0000, graph_entropy_ratio=0.0000, alpha_mean=0.1300, alpha_std=0.0451, alpha_base_mean=0.1300, alpha_delta_absmean=0.0304, alpha_saturation_ratio=0.0000, alpha_bias_std=NA, alpha_state_path=0.6410, alpha_id_path=0.0000, alpha_bias_path=0.0000, head_bias_path=0.2133, personal_row_entropy=0.0000, personal_matrix_delta=0.0000, personal_matrix_student_std=0.0000, personal_delta_pre_softmax_norm=0.0000, personal_delta_student_std=0.0000, alpha_head_std=0.0443, query_row_global_readout_delta=0.0000, query_row_personal_message_delta=0.0000, query_row_posterior_delta_abs=0.0000, query_row_posterior_kl=0.0000, query_row_delta_local_rms_raw=0.0000, query_row_message_projection_gain=0.0000, personal_to_graph_query_ratio=0.0000, query_row_global_support_mass=0.0000, query_row_personal_support_mass=0.0000, neighbor_row_personal_delta=0.0000, personal_row_budget_mean=1.3000, personal_query_row_std=0.0000, readout_query_support_mass=0.0000, personal_student_mix=0.0500, personal_student_adapter=0.0400, local_row_ratio=0.0014, support_density=1.0000, readout_query_delta=0.0000, personal_bad_rows_active=0.00, personal_fallback_rows_active=0.00, personal_bad_row_rate_active=0.0000, personal_padded_rows=0.00, personal_logits_support_absmax=0.0000, personal_query_trust_scale_mean=1.0000, personal_bad_rows_legacy=0.00, personal_fallback_rows_legacy=0.00, personal_logits_absmax_legacy=0.0000
2026-04-19 04:13:35,887 - INFO - [junyi|junyi_abce_best_no_A|lr=0.003|drop=0.40] [Diag][A] Epoch [023] | entropy_ratio=0.0000, diag_mass=1.0000, to_uniform_l2=0.037851, to_identity_l2=0.000000, relation_identity_delta=0.000000, knowledge_state_graph_delta=0.000000, knowledge_state_personal_delta=0.000000, share_concept_embeddings=True, tau_mean=0.0000, tau_std=0.0000, graph_reg_scale(train/val)=1.0000/1.0000
2026-04-19 04:13:35,887 - WARNING - [junyi|junyi_abce_best_no_A|lr=0.003|drop=0.40] [Diag Warning][E] personal_delta_student_std is near zero: personal_delta_student_std=0.000000, personal_delta_pre_softmax_norm=0.000000
2026-04-19 04:13:35,887 - WARNING - [junyi|junyi_abce_best_no_A|lr=0.003|drop=0.40] [Diag Warning][E] E-flat-at-query: personal_message=0.000000, posterior_delta=0.000000, posterior_kl=0.000000
2026-04-19 04:13:35,887 - INFO - [junyi|junyi_abce_best_no_A|lr=0.003|drop=0.40] [Grad Norms] Epoch [023] | relation_emb=0.000000e+00, relation_tau=0.000000e+00, relation_wq=0.000000e+00, relation_wk=0.000000e+00, personal_u=0.000000e+00, personal_v=0.000000e+00, personal_alpha_bias=0.000000e+00, personal_gate_emb=0.000000e+00, personal_gate_state_proj=0.000000e+00, personal_gate_context_proj=0.000000e+00, personal_gate_state_direct=0.000000e+00, personal_gate_id_direct=0.000000e+00, personal_gate_context_direct=0.000000e+00, personal_gate_out=0.000000e+00, personal_generator_emb=0.000000e+00, personal_generator_context_proj=0.000000e+00, personal_generator_context_hidden=0.000000e+00, personal_generator_context_to_u=0.000000e+00, personal_generator_context_to_v=0.000000e+00, personal_generator_state_row=0.000000e+00, personal_generator_state_col=0.000000e+00, personal_generator_id_row=0.000000e+00, personal_generator_id_col=0.000000e+00, personal_generator_state_adapter=0.000000e+00, personal_generator_id_adapter=0.000000e+00, personal_generator_context_adapter=0.000000e+00, personal_generator_direct_scale=0.000000e+00
2026-04-19 04:13:35,887 - INFO - [junyi|junyi_abce_best_no_A|lr=0.003|drop=0.40] -> No improvement 1 epoch(s) (best AUC=0.8234 @ 22)
2026-04-19 04:14:05,644 - INFO - [junyi|junyi_abce_best_full|lr=0.003|drop=0.40] Epoch [026/100] | Train: Loss=0.4690, BCE=0.4540, Reg=0.0149, AUC=0.8460, ACC=0.7893, RMSE=0.3834 | Val: Loss=0.4990, BCE=0.4841, Reg=0.0149, AUC=0.8229, ACC=0.7744, RMSE=0.3970
2026-04-19 04:14:05,644 - INFO - [junyi|junyi_abce_best_full|lr=0.003|drop=0.40] [Reg Terms] Epoch [026] | Train: graph_entropy=0.000000, graph_diag=0.006001, graph_uniform=0.006753, graph_reg_scale=1.0000, prediction_l2=0.000000, personal_sparse=0.001209, alpha_var=0.000000, alpha_collapse=0.000004, reg_bce_ratio=0.0329 | Val: graph_entropy=0.000000, graph_diag=0.006000, graph_uniform=0.006753, graph_reg_scale=1.0000, prediction_l2=0.000000, personal_sparse=0.001232, alpha_var=0.000000, alpha_collapse=0.000027, reg_bce_ratio=0.0308
2026-04-19 04:14:05,885 - INFO - [junyi|junyi_abce_best_full|lr=0.003|drop=0.40] [Diag][AE] Epoch [026] | irt_abs_mean=1.8359, irt_std=1.0841, personal_warmup_scale=1.00, graph_row_entropy=3.2177, graph_entropy_ratio=0.4915, alpha_mean=0.1300, alpha_std=0.0364, alpha_base_mean=0.1300, alpha_delta_absmean=0.0221, alpha_saturation_ratio=0.0000, alpha_bias_std=NA, alpha_state_path=0.4600, alpha_id_path=0.0000, alpha_bias_path=0.0000, head_bias_path=0.1974, personal_row_entropy=2.4495, personal_matrix_delta=0.0428, personal_matrix_student_std=0.0434, personal_delta_pre_softmax_norm=2.8339, personal_delta_student_std=2.7069, alpha_head_std=0.0349, query_row_global_readout_delta=0.0449, query_row_personal_message_delta=0.0001, query_row_posterior_delta_abs=0.0428, query_row_posterior_kl=0.0304, query_row_delta_local_rms_raw=0.0007, query_row_message_projection_gain=0.0156, personal_to_graph_query_ratio=0.0012, query_row_global_support_mass=2.1601, query_row_personal_support_mass=2.1601, neighbor_row_personal_delta=0.0000, personal_row_budget_mean=1.3000, personal_query_row_std=0.0924, readout_query_support_mass=2.1601, personal_student_mix=0.0500, personal_student_adapter=0.0400, local_row_ratio=0.0467, support_density=1.0000, readout_query_delta=0.0449, personal_bad_rows_active=0.00, personal_fallback_rows_active=0.00, personal_bad_row_rate_active=0.0000, personal_padded_rows=0.00, personal_logits_support_absmax=6.7067, personal_query_trust_scale_mean=1.0000, personal_bad_rows_legacy=0.00, personal_fallback_rows_legacy=0.00, personal_logits_absmax_legacy=6.7067
2026-04-19 04:14:05,885 - INFO - [junyi|junyi_abce_best_full|lr=0.003|drop=0.40] [Diag][A] Epoch [026] | entropy_ratio=0.4915, diag_mass=0.0500, to_uniform_l2=0.007448, to_identity_l2=0.036726, relation_identity_delta=0.036726, knowledge_state_graph_delta=0.303599, knowledge_state_personal_delta=0.000000, share_concept_embeddings=True, tau_mean=0.6931, tau_std=0.0000, graph_reg_scale(train/val)=1.0000/1.0000
2026-04-19 04:14:05,885 - INFO - [junyi|junyi_abce_best_full|lr=0.003|drop=0.40] [Grad Norms] Epoch [026] | relation_emb=1.272838e+00, relation_tau=0.000000e+00, relation_wq=0.000000e+00, relation_wk=0.000000e+00, personal_u=4.577790e-03, personal_v=4.244088e-03, personal_alpha_bias=0.000000e+00, personal_gate_emb=0.000000e+00, personal_gate_state_proj=0.000000e+00, personal_gate_context_proj=0.000000e+00, personal_gate_state_direct=2.058270e-09, personal_gate_id_direct=0.000000e+00, personal_gate_context_direct=4.442135e-06, personal_gate_out=4.872022e-21, personal_generator_emb=0.000000e+00, personal_generator_context_proj=0.000000e+00, personal_generator_context_hidden=0.000000e+00, personal_generator_context_to_u=0.000000e+00, personal_generator_context_to_v=0.000000e+00, personal_generator_state_row=0.000000e+00, personal_generator_state_col=0.000000e+00, personal_generator_id_row=0.000000e+00, personal_generator_id_col=0.000000e+00, personal_generator_state_adapter=0.000000e+00, personal_generator_id_adapter=0.000000e+00, personal_generator_context_adapter=0.000000e+00, personal_generator_direct_scale=3.066872e-07
2026-04-19 04:14:05,885 - INFO - [junyi|junyi_abce_best_full|lr=0.003|drop=0.40] -> No improvement 3 epoch(s) (best AUC=0.8236 @ 23)
2026-04-19 04:14:05,885 - INFO - [junyi|junyi_abce_best_full|lr=0.003|drop=0.40] Early stopping at epoch 26 (best AUC=0.8236 @ 23)
2026-04-19 04:14:05,893 - INFO - Epoch-wise metrics saved to checkpoints/abce_diag/remote_rerun_20260419_6ddddcc/junyi/seed42/best_full/metrics_history.csv
2026-04-19 04:14:05,896 - INFO - [junyi|junyi_abce_best_full|lr=0.003|drop=0.40] Training completed! Best Val AUC=0.8236 @ epoch 23
2026-04-19 04:14:06,288 - INFO - 
============================================================
         MODULE ACTIVITY REPORT
============================================================
Dataset: junyi | Seed: 42 | Epoch: 26

1. Concept Graph Module (A):
   - Mean row entropy: 3.218 / 6.547
   - Entropy ratio: 49.1%
   - Query readout delta: 0.0455
   - Status: LIVE (global graph is entering queried concept readout)

2. Personal Graph Module (E):
   - Alpha mean: 0.130
   - Alpha std: 0.040
   - Alpha bias std: 0.000
   - Personal/global delta: 0.0421
   - Inter-student matrix std: 0.0420
   - Query personal message delta: 0.0001
   - Query posterior KL: 0.0297
   - Query message projection gain: 0.0174
   - Query personal std: 0.0855
   - Personal/global query ratio: 0.0013
   - Status: WEAK (posterior is moving, but message-space correction is still too small)
   -> Consider: widen message basis or improve message projection leverage before enlarging posterior amplitude

------------------------------------------------------------
SUMMARY:
   Active modules: Concept Graph (A)
   Inactive modules: Personal Graph (E)
============================================================
2026-04-19 04:14:06,288 - INFO - [junyi|junyi_abce_best_full|lr=0.003|drop=0.40] Module activity saved to checkpoints/abce_diag/remote_rerun_20260419_6ddddcc/junyi/seed42/best_full/module_activity.json
2026-04-19 04:14:06,349 - INFO - Using device: cuda:0 (physical gpu 3)
2026-04-19 04:14:06,349 - INFO - Loading model from checkpoints/abce_diag/remote_rerun_20260419_6ddddcc/junyi/seed42/best_full/best_model.pth...
2026-04-19 04:14:06,456 - INFO - [Inference Filter] before=67063, after=60494, dropped=6569, coverage=90.20% (train-only seen student/item support)
2026-04-19 04:14:06,484 - INFO - Inference switches: ablate_module1=False | enable_module1=True | use_concept_graph=True | effective(num_gnn_layers=2)
2026-04-19 04:14:06,636 - INFO - [Inference] Ablation runtime check: args(ablate_module1=False) | expect(use_concept_graph=True,use_personal_graph=True) | model(enable_module1=True,use_concept_graph=True,use_personal_graph=True) | physical(has_knowledge_encoder=True,has_relation_learning=True,has_adaptive_gate=True,has_personal_generator=True)
2026-04-19 04:14:06,637 - INFO - [Inference] [Graph Init] graph_tau_mean=1.0055, graph_tau_std=0.0000, graph_dropout=0.000, use_personal_graph=True
2026-04-19 04:14:06,639 - INFO - Model loaded from epoch 23. Start testing...
[GPU] Status: [GPU 3: 22495MiB free]
2026-04-19 04:14:10,779 - INFO - [Test] 200/946 batches done, samples=12800
2026-04-19 04:14:14,778 - INFO - [Test] 400/946 batches done, samples=25600
2026-04-19 04:14:18,851 - INFO - [Test] 600/946 batches done, samples=38400
2026-04-19 04:14:22,797 - INFO - [Test] 800/946 batches done, samples=51200
2026-04-19 04:14:25,759 - INFO - 
==================================================
2026-04-19 04:14:25,759 - INFO - Test Results:
2026-04-19 04:14:25,759 - INFO - AUC: 0.8278
2026-04-19 04:14:25,760 - INFO - ACC: 0.7668
2026-04-19 04:14:25,760 - INFO - RMSE: 0.4009
2026-04-19 04:14:25,760 - INFO - ==================================================
2026-04-19 04:14:25,778 - INFO - Summary appended to /home/zsh/ConceptSkillCDM/results/experiment_results.csv
2026-04-19 04:14:25,783 - INFO - Run completed.
2026-04-19 04:14:25,783 - INFO - Best validation AUC: 0.8236 at epoch 23
2026-04-19 04:14:25,783 - INFO - Test metrics - AUC: 0.8278, ACC: 0.7668, RMSE: 0.4009
2026-04-19 04:16:26,648 - INFO - [junyi|junyi_abce_best_no_A|lr=0.003|drop=0.40] Epoch [024/100] | Train: Loss=0.4563, BCE=0.4547, Reg=0.0015, AUC=0.8446, ACC=0.7906, RMSE=0.3831 | Val: Loss=0.4937, BCE=0.4922, Reg=0.0015, AUC=0.8232, ACC=0.7759, RMSE=0.3989
2026-04-19 04:16:26,648 - INFO - [junyi|junyi_abce_best_no_A|lr=0.003|drop=0.40] [Reg Terms] Epoch [024] | Train: graph_entropy=0.000000, graph_diag=0.000000, graph_uniform=0.000000, graph_reg_scale=1.0000, prediction_l2=0.000000, personal_sparse=0.000000, alpha_var=0.000000, alpha_collapse=0.001503, reg_bce_ratio=0.0033 | Val: graph_entropy=0.000000, graph_diag=0.000000, graph_uniform=0.000000, graph_reg_scale=1.0000, prediction_l2=0.000000, personal_sparse=0.000000, alpha_var=0.000000, alpha_collapse=0.001513, reg_bce_ratio=0.0031
2026-04-19 04:16:26,854 - INFO - [junyi|junyi_abce_best_no_A|lr=0.003|drop=0.40] [Diag][AE] Epoch [024] | irt_abs_mean=2.0356, irt_std=1.1244, personal_warmup_scale=1.00, graph_row_entropy=0.0000, graph_entropy_ratio=0.0000, alpha_mean=0.1300, alpha_std=0.0449, alpha_base_mean=0.1300, alpha_delta_absmean=0.0301, alpha_saturation_ratio=0.0000, alpha_bias_std=NA, alpha_state_path=0.6325, alpha_id_path=0.0000, alpha_bias_path=0.0000, head_bias_path=0.2161, personal_row_entropy=0.0000, personal_matrix_delta=0.0000, personal_matrix_student_std=0.0000, personal_delta_pre_softmax_norm=0.0000, personal_delta_student_std=0.0000, alpha_head_std=0.0441, query_row_global_readout_delta=0.0000, query_row_personal_message_delta=0.0000, query_row_posterior_delta_abs=0.0000, query_row_posterior_kl=0.0000, query_row_delta_local_rms_raw=0.0000, query_row_message_projection_gain=0.0000, personal_to_graph_query_ratio=0.0000, query_row_global_support_mass=0.0000, query_row_personal_support_mass=0.0000, neighbor_row_personal_delta=0.0000, personal_row_budget_mean=1.3000, personal_query_row_std=0.0000, readout_query_support_mass=0.0000, personal_student_mix=0.0500, personal_student_adapter=0.0400, local_row_ratio=0.0014, support_density=1.0000, readout_query_delta=0.0000, personal_bad_rows_active=0.00, personal_fallback_rows_active=0.00, personal_bad_row_rate_active=0.0000, personal_padded_rows=0.00, personal_logits_support_absmax=0.0000, personal_query_trust_scale_mean=1.0000, personal_bad_rows_legacy=0.00, personal_fallback_rows_legacy=0.00, personal_logits_absmax_legacy=0.0000
2026-04-19 04:16:26,854 - INFO - [junyi|junyi_abce_best_no_A|lr=0.003|drop=0.40] [Diag][A] Epoch [024] | entropy_ratio=0.0000, diag_mass=1.0000, to_uniform_l2=0.037851, to_identity_l2=0.000000, relation_identity_delta=0.000000, knowledge_state_graph_delta=0.000000, knowledge_state_personal_delta=0.000000, share_concept_embeddings=True, tau_mean=0.0000, tau_std=0.0000, graph_reg_scale(train/val)=1.0000/1.0000
2026-04-19 04:16:26,854 - WARNING - [junyi|junyi_abce_best_no_A|lr=0.003|drop=0.40] [Diag Warning][E] personal_delta_student_std is near zero: personal_delta_student_std=0.000000, personal_delta_pre_softmax_norm=0.000000
2026-04-19 04:16:26,855 - WARNING - [junyi|junyi_abce_best_no_A|lr=0.003|drop=0.40] [Diag Warning][E] E-flat-at-query: personal_message=0.000000, posterior_delta=0.000000, posterior_kl=0.000000
2026-04-19 04:16:26,855 - INFO - [junyi|junyi_abce_best_no_A|lr=0.003|drop=0.40] [Grad Norms] Epoch [024] | relation_emb=0.000000e+00, relation_tau=0.000000e+00, relation_wq=0.000000e+00, relation_wk=0.000000e+00, personal_u=0.000000e+00, personal_v=0.000000e+00, personal_alpha_bias=0.000000e+00, personal_gate_emb=0.000000e+00, personal_gate_state_proj=0.000000e+00, personal_gate_context_proj=0.000000e+00, personal_gate_state_direct=3.790613e-08, personal_gate_id_direct=0.000000e+00, personal_gate_context_direct=1.886016e-03, personal_gate_out=2.025011e-08, personal_generator_emb=0.000000e+00, personal_generator_context_proj=0.000000e+00, personal_generator_context_hidden=0.000000e+00, personal_generator_context_to_u=0.000000e+00, personal_generator_context_to_v=0.000000e+00, personal_generator_state_row=0.000000e+00, personal_generator_state_col=0.000000e+00, personal_generator_id_row=0.000000e+00, personal_generator_id_col=0.000000e+00, personal_generator_state_adapter=0.000000e+00, personal_generator_id_adapter=0.000000e+00, personal_generator_context_adapter=0.000000e+00, personal_generator_direct_scale=0.000000e+00
2026-04-19 04:16:26,855 - INFO - [junyi|junyi_abce_best_no_A|lr=0.003|drop=0.40] -> No improvement 2 epoch(s) (best AUC=0.8234 @ 22)
2026-04-19 04:19:20,096 - INFO - [junyi|junyi_abce_best_no_A|lr=0.003|drop=0.40] Epoch [025/100] | Train: Loss=0.4441, BCE=0.4425, Reg=0.0015, AUC=0.8539, ACC=0.7985, RMSE=0.3770 | Val: Loss=0.4998, BCE=0.4983, Reg=0.0015, AUC=0.8230, ACC=0.7756, RMSE=0.4005
2026-04-19 04:19:20,097 - INFO - [junyi|junyi_abce_best_no_A|lr=0.003|drop=0.40] [Reg Terms] Epoch [025] | Train: graph_entropy=0.000000, graph_diag=0.000000, graph_uniform=0.000000, graph_reg_scale=1.0000, prediction_l2=0.000000, personal_sparse=0.000000, alpha_var=0.000000, alpha_collapse=0.001504, reg_bce_ratio=0.0034 | Val: graph_entropy=0.000000, graph_diag=0.000000, graph_uniform=0.000000, graph_reg_scale=1.0000, prediction_l2=0.000000, personal_sparse=0.000000, alpha_var=0.000000, alpha_collapse=0.001511, reg_bce_ratio=0.0030
2026-04-19 04:19:20,305 - INFO - [junyi|junyi_abce_best_no_A|lr=0.003|drop=0.40] [Diag][AE] Epoch [025] | irt_abs_mean=2.1409, irt_std=1.1560, personal_warmup_scale=1.00, graph_row_entropy=0.0000, graph_entropy_ratio=0.0000, alpha_mean=0.1300, alpha_std=0.0447, alpha_base_mean=0.1300, alpha_delta_absmean=0.0297, alpha_saturation_ratio=0.0000, alpha_bias_std=NA, alpha_state_path=0.6240, alpha_id_path=0.0000, alpha_bias_path=0.0000, head_bias_path=0.2187, personal_row_entropy=0.0000, personal_matrix_delta=0.0000, personal_matrix_student_std=0.0000, personal_delta_pre_softmax_norm=0.0000, personal_delta_student_std=0.0000, alpha_head_std=0.0439, query_row_global_readout_delta=0.0000, query_row_personal_message_delta=0.0000, query_row_posterior_delta_abs=0.0000, query_row_posterior_kl=0.0000, query_row_delta_local_rms_raw=0.0000, query_row_message_projection_gain=0.0000, personal_to_graph_query_ratio=0.0000, query_row_global_support_mass=0.0000, query_row_personal_support_mass=0.0000, neighbor_row_personal_delta=0.0000, personal_row_budget_mean=1.3000, personal_query_row_std=0.0000, readout_query_support_mass=0.0000, personal_student_mix=0.0500, personal_student_adapter=0.0400, local_row_ratio=0.0014, support_density=1.0000, readout_query_delta=0.0000, personal_bad_rows_active=0.00, personal_fallback_rows_active=0.00, personal_bad_row_rate_active=0.0000, personal_padded_rows=0.00, personal_logits_support_absmax=0.0000, personal_query_trust_scale_mean=1.0000, personal_bad_rows_legacy=0.00, personal_fallback_rows_legacy=0.00, personal_logits_absmax_legacy=0.0000
2026-04-19 04:19:20,305 - INFO - [junyi|junyi_abce_best_no_A|lr=0.003|drop=0.40] [Diag][A] Epoch [025] | entropy_ratio=0.0000, diag_mass=1.0000, to_uniform_l2=0.037851, to_identity_l2=0.000000, relation_identity_delta=0.000000, knowledge_state_graph_delta=0.000000, knowledge_state_personal_delta=0.000000, share_concept_embeddings=True, tau_mean=0.0000, tau_std=0.0000, graph_reg_scale(train/val)=1.0000/1.0000
2026-04-19 04:19:20,305 - WARNING - [junyi|junyi_abce_best_no_A|lr=0.003|drop=0.40] [Diag Warning][E] personal_delta_student_std is near zero: personal_delta_student_std=0.000000, personal_delta_pre_softmax_norm=0.000000
2026-04-19 04:19:20,305 - WARNING - [junyi|junyi_abce_best_no_A|lr=0.003|drop=0.40] [Diag Warning][E] E-flat-at-query: personal_message=0.000000, posterior_delta=0.000000, posterior_kl=0.000000
2026-04-19 04:19:20,305 - INFO - [junyi|junyi_abce_best_no_A|lr=0.003|drop=0.40] [Grad Norms] Epoch [025] | relation_emb=0.000000e+00, relation_tau=0.000000e+00, relation_wq=0.000000e+00, relation_wk=0.000000e+00, personal_u=0.000000e+00, personal_v=0.000000e+00, personal_alpha_bias=0.000000e+00, personal_gate_emb=0.000000e+00, personal_gate_state_proj=0.000000e+00, personal_gate_context_proj=0.000000e+00, personal_gate_state_direct=0.000000e+00, personal_gate_id_direct=0.000000e+00, personal_gate_context_direct=0.000000e+00, personal_gate_out=0.000000e+00, personal_generator_emb=0.000000e+00, personal_generator_context_proj=0.000000e+00, personal_generator_context_hidden=0.000000e+00, personal_generator_context_to_u=0.000000e+00, personal_generator_context_to_v=0.000000e+00, personal_generator_state_row=0.000000e+00, personal_generator_state_col=0.000000e+00, personal_generator_id_row=0.000000e+00, personal_generator_id_col=0.000000e+00, personal_generator_state_adapter=0.000000e+00, personal_generator_id_adapter=0.000000e+00, personal_generator_context_adapter=0.000000e+00, personal_generator_direct_scale=0.000000e+00
2026-04-19 04:19:20,305 - INFO - [junyi|junyi_abce_best_no_A|lr=0.003|drop=0.40] -> No improvement 3 epoch(s) (best AUC=0.8234 @ 22)
2026-04-19 04:19:20,306 - INFO - [junyi|junyi_abce_best_no_A|lr=0.003|drop=0.40] Early stopping at epoch 25 (best AUC=0.8234 @ 22)
2026-04-19 04:19:20,314 - INFO - Epoch-wise metrics saved to checkpoints/abce_diag/remote_rerun_20260419_6ddddcc/junyi/seed42/best_no_A/metrics_history.csv
2026-04-19 04:19:20,316 - INFO - [junyi|junyi_abce_best_no_A|lr=0.003|drop=0.40] Training completed! Best Val AUC=0.8234 @ epoch 22
2026-04-19 04:19:20,720 - INFO - 
============================================================
         MODULE ACTIVITY REPORT
============================================================
Dataset: junyi | Seed: 42 | Epoch: 25

1. Concept Graph Module (A):
   - Status: DISABLED (use_concept_graph=False or no_A)

2. Personal Graph Module (E):
   - Alpha mean: 0.130
   - Alpha std: 0.041
   - Alpha bias std: 0.000
   - Personal/global delta: 0.0000
   - Inter-student matrix std: 0.0000
   - Query personal message delta: 0.0000
   - Query posterior KL: 0.0000
   - Query message projection gain: 0.0000
   - Query personal std: 0.0000
   - Personal/global query ratio: 0.0000
   - Status: INACTIVE (personal query correction is effectively flat)
   -> Consider: improve query-conditioned posterior signal instead of simply enlarging alpha

------------------------------------------------------------
SUMMARY:
   Inactive modules: Personal Graph (E)
============================================================
2026-04-19 04:19:20,721 - INFO - [junyi|junyi_abce_best_no_A|lr=0.003|drop=0.40] Module activity saved to checkpoints/abce_diag/remote_rerun_20260419_6ddddcc/junyi/seed42/best_no_A/module_activity.json
2026-04-19 04:19:20,774 - INFO - Using device: cuda:0 (physical gpu 1)
2026-04-19 04:19:20,774 - INFO - Loading model from checkpoints/abce_diag/remote_rerun_20260419_6ddddcc/junyi/seed42/best_no_A/best_model.pth...
2026-04-19 04:19:20,873 - INFO - [Inference Filter] before=67063, after=60494, dropped=6569, coverage=90.20% (train-only seen student/item support)
2026-04-19 04:19:20,896 - INFO - Inference switches: ablate_module1=False | enable_module1=True | use_concept_graph=False | effective(num_gnn_layers=2)
2026-04-19 04:19:21,023 - INFO - [Inference] Ablation runtime check: args(ablate_module1=False) | expect(use_concept_graph=False,use_personal_graph=True) | model(enable_module1=True,use_concept_graph=False,use_personal_graph=True) | physical(has_knowledge_encoder=True,has_relation_learning=False,has_adaptive_gate=True,has_personal_generator=True)
2026-04-19 04:19:21,023 - INFO - [Inference] [Graph Init] graph_tau_mean=0.0000, graph_tau_std=0.0000, graph_dropout=0.000, use_personal_graph=True
2026-04-19 04:19:21,025 - INFO - Model loaded from epoch 22. Start testing...
[GPU] Status: [GPU 1: 20256MiB free]
2026-04-19 04:19:26,328 - INFO - [Test] 200/946 batches done, samples=12800
2026-04-19 04:19:31,303 - INFO - [Test] 400/946 batches done, samples=25600
2026-04-19 04:19:36,176 - INFO - [Test] 600/946 batches done, samples=38400
2026-04-19 04:19:40,914 - INFO - [Test] 800/946 batches done, samples=51200
2026-04-19 04:19:44,496 - INFO - 
==================================================
2026-04-19 04:19:44,496 - INFO - Test Results:
2026-04-19 04:19:44,496 - INFO - AUC: 0.8287
2026-04-19 04:19:44,496 - INFO - ACC: 0.7706
2026-04-19 04:19:44,496 - INFO - RMSE: 0.4032
2026-04-19 04:19:44,496 - INFO - ==================================================
2026-04-19 04:19:44,515 - INFO - Summary appended to /home/zsh/ConceptSkillCDM/results/experiment_results.csv
2026-04-19 04:19:44,520 - INFO - Run completed.
2026-04-19 04:19:44,520 - INFO - Best validation AUC: 0.8234 at epoch 22
2026-04-19 04:19:44,520 - INFO - Test metrics - AUC: 0.8287, ACC: 0.7706, RMSE: 0.4032
/home/zsh/anaconda3/envs/xph_env/bin/python main.py --dataset_name junyi --model_variant junyi_abce_best_no_E_bs64 --save_dir checkpoints/abce_diag/remote_rerun_20260419_6ddddcc/junyi/seed42/best_no_E_bs64 --log_dir logs/abce_diag/remote_rerun_20260419_6ddddcc/junyi/seed42/best_no_E_bs64 --seed 42 --generate_diagnosis False --alpha_min_target 0.0 --batch_size 64 --debug_graph_diag --diag_batches 1 --dropout 0.4 --early_stop_patience 3 --epochs 100 --graph_dropout 0.0 --graph_entropy_max 0.7 --graph_entropy_min 0.15 --graph_identity_residual 0.05 --graph_propagation_alpha 0.25 --graph_query_readout_2hop_scale 0.12 --graph_query_readout_scale 0.45 --graph_reg_cap_ratio 6.0 --graph_reg_warmup_epochs 2 --graph_tau_init 0.55 --graph_topk 24 --graph_uniform_margin 0.12 --knowledge_dim 128 --lambda_alpha 0.0 --lambda_alpha_min 0.0 --lambda_graph_diag 0.12 --lambda_graph_uniform 0.06 --lambda_personal_kl 0.03 --lambda_personal_query_residual 0.08 --lambda_sparse 0.6 --lambda_sparse_personal 0.0 --learning_rate 0.003 --min_exer_interactions 0 --min_poison_count 0 --min_stu_interactions 15 --num_gnn_layers 2 --num_relation_heads 2 --num_workers 4 --patience 1 --personal_alpha_base_init 0.04 --personal_alpha_bias_scale 0.0 --personal_alpha_budget 0.09 --personal_alpha_temperature 1.8 --personal_delta_scale 4.0 --personal_disable_student_global_context --personal_id_lr_mult 0.25 --no-personal_include_neighbor_rows --personal_local_hops 1 --personal_max_alpha 0.26 --personal_neighbor_row_budget 0.2 --personal_query_correction_max_ratio 0.2 --personal_query_correction_min_graph_anchor 0.01 --personal_query_correction_scale 0.6 --personal_query_message_gain 1.0 --personal_query_residual_margin 0.05 --personal_query_row_budget 1.3 --personal_query_support_hops 1 --personal_rank 8 --personal_reg_warmup_epochs 5 --personal_state_lr_mult 1.5 --personal_student_dim 64 --personal_support_only --personal_warmup_epochs 5 --prediction_l2_lambda 1e-05 --save_interval 10 --share_concept_embeddings --no-use_personal_graph --weight_decay 0.001
[DONE] dataset=junyi seed=42 profile=best ablation=no_E_bs64 exit=0 auc=0.8286365746222643
[DONE] dataset=junyi seed=42 profile=best ablation=full exit=0 auc=0.8278492888695848
[DONE] dataset=junyi seed=42 profile=best ablation=no_A exit=0 auc=0.8286502511485739
[SUMMARY] rows=7, summary_rows=2, mean_rows=2
[SUMMARY] dataset=assist_09 seed=42 profile=best dA=0.0007669727888310884 dE=-0.0017371903958982582 keep= reason=E-padded-row-artifact;E-query-correction-capped;A-delta-small;E-active-but-harmful
[SUMMARY] dataset=junyi seed=42 profile=best dA=-0.0008009622789891813 dE=-0.000651222702958254 keep= reason=A-delta-small;E-delta-small
