2026-04-17 16:46:34,869 - INFO - Arguments:
2026-04-17 16:46:34,870 - INFO -   ablate_concept_graph: False
2026-04-17 16:46:34,870 - INFO -   ablate_module1: False
2026-04-17 16:46:34,870 - INFO -   allow_self_loop: True
2026-04-17 16:46:34,870 - INFO -   alpha_min_target: 0.04
2026-04-17 16:46:34,870 - INFO -   batch_size: 64
2026-04-17 16:46:34,870 - INFO -   data_dir: ./data/junyi
2026-04-17 16:46:34,870 - INFO -   dataset_name: junyi
2026-04-17 16:46:34,870 - INFO -   debug_graph_diag: True
2026-04-17 16:46:34,870 - INFO -   diag_batches: 1
2026-04-17 16:46:34,870 - INFO -   disable_self_loop: False
2026-04-17 16:46:34,870 - INFO -   dropout: 0.4
2026-04-17 16:46:34,870 - INFO -   early_stop_patience: 3
2026-04-17 16:46:34,870 - INFO -   enable_module1: True
2026-04-17 16:46:34,870 - INFO -   epochs: 100
2026-04-17 16:46:34,870 - INFO -   generate_diagnosis: True
2026-04-17 16:46:34,870 - INFO -   gnn_residual_weight: 0.5
2026-04-17 16:46:34,870 - INFO -   gpu_candidates: None
2026-04-17 16:46:34,870 - INFO -   gpu_ids: None
2026-04-17 16:46:34,870 - INFO -   gpu_memory_threshold: 2000
2026-04-17 16:46:34,870 - INFO -   gpus: None
2026-04-17 16:46:34,870 - INFO -   graph_dropout: 0.0
2026-04-17 16:46:34,870 - INFO -   graph_entropy_max: 0.7
2026-04-17 16:46:34,870 - INFO -   graph_entropy_min: 0.15
2026-04-17 16:46:34,870 - INFO -   graph_identity_residual: 0.05
2026-04-17 16:46:34,870 - INFO -   graph_propagation_alpha: 0.25
2026-04-17 16:46:34,870 - INFO -   graph_query_readout_2hop_scale: 0.12
2026-04-17 16:46:34,870 - INFO -   graph_query_readout_scale: 0.45
2026-04-17 16:46:34,870 - INFO -   graph_query_writeback_2hop_scale: 0.12
2026-04-17 16:46:34,870 - INFO -   graph_query_writeback_scale: 0.45
2026-04-17 16:46:34,870 - INFO -   graph_readout_1hop_scale: 0.45
2026-04-17 16:46:34,870 - INFO -   graph_readout_2hop_scale: 0.12
2026-04-17 16:46:34,870 - INFO -   graph_reg_cap_ratio: 6.0
2026-04-17 16:46:34,870 - INFO -   graph_reg_warmup_epochs: 2
2026-04-17 16:46:34,870 - INFO -   graph_tau_init: 0.55
2026-04-17 16:46:34,871 - INFO -   graph_topk: 24
2026-04-17 16:46:34,871 - INFO -   graph_uniform_margin: 0.12
2026-04-17 16:46:34,871 - INFO -   knowledge_dim: 128
2026-04-17 16:46:34,871 - INFO -   lambda_alpha: 0.0
2026-04-17 16:46:34,871 - INFO -   lambda_alpha_min: 0.05
2026-04-17 16:46:34,871 - INFO -   lambda_graph_diag: 0.12
2026-04-17 16:46:34,871 - INFO -   lambda_graph_uniform: 0.06
2026-04-17 16:46:34,871 - INFO -   lambda_personal_kl: 0.03
2026-04-17 16:46:34,871 - INFO -   lambda_personal_query_residual: 0.08
2026-04-17 16:46:34,871 - INFO -   lambda_sparse: 0.6
2026-04-17 16:46:34,871 - INFO -   lambda_sparse_personal: 0.0005
2026-04-17 16:46:34,871 - INFO -   learning_rate: 0.003
2026-04-17 16:46:34,871 - INFO -   log_dir: logs/abce_diag/remote_leverage_20260418_834538c/junyi/seed42/best_full
2026-04-17 16:46:34,871 - INFO -   max_test_batches: None
2026-04-17 16:46:34,871 - INFO -   max_train_batches: None
2026-04-17 16:46:34,871 - INFO -   max_val_batches: None
2026-04-17 16:46:34,871 - INFO -   min_exer_interactions: 0
2026-04-17 16:46:34,871 - INFO -   min_poison_count: 0
2026-04-17 16:46:34,871 - INFO -   min_stu_interactions: 15
2026-04-17 16:46:34,871 - INFO -   model_variant: junyi_abce_best_full
2026-04-17 16:46:34,871 - INFO -   multi_gpu: False
2026-04-17 16:46:34,871 - INFO -   no_cuda: False
2026-04-17 16:46:34,871 - INFO -   num_gnn_layers: 2
2026-04-17 16:46:34,871 - INFO -   num_gpus: 1
2026-04-17 16:46:34,871 - INFO -   num_relation_heads: 2
2026-04-17 16:46:34,871 - INFO -   num_workers: 4
2026-04-17 16:46:34,871 - INFO -   patience: 1
2026-04-17 16:46:34,871 - INFO -   personal_alpha_base_init: 0.04
2026-04-17 16:46:34,871 - INFO -   personal_alpha_bias_scale: 0.0
2026-04-17 16:46:34,871 - INFO -   personal_alpha_budget: 0.09
2026-04-17 16:46:34,871 - INFO -   personal_alpha_temperature: 1.8
2026-04-17 16:46:34,871 - INFO -   personal_delta_scale: 4.0
2026-04-17 16:46:34,871 - INFO -   personal_disable_student_global_context: True
2026-04-17 16:46:34,871 - INFO -   personal_id_lr_mult: 0.25
2026-04-17 16:46:34,871 - INFO -   personal_include_neighbor_rows: False
2026-04-17 16:46:34,871 - INFO -   personal_local_hops: 1
2026-04-17 16:46:34,871 - INFO -   personal_max_alpha: 0.26
2026-04-17 16:46:34,871 - INFO -   personal_neighbor_row_budget: 0.2
2026-04-17 16:46:34,871 - INFO -   personal_query_correction_max_ratio: 0.2
2026-04-17 16:46:34,871 - INFO -   personal_query_correction_min_graph_anchor: 0.01
2026-04-17 16:46:34,871 - INFO -   personal_query_correction_scale: 0.6
2026-04-17 16:46:34,871 - INFO -   personal_query_message_gain: 1.0
2026-04-17 16:46:34,871 - INFO -   personal_query_residual_margin: 0.05
2026-04-17 16:46:34,871 - INFO -   personal_query_row_budget: 1.3
2026-04-17 16:46:34,872 - INFO -   personal_query_support_hops: 1
2026-04-17 16:46:34,872 - INFO -   personal_rank: 8
2026-04-17 16:46:34,872 - INFO -   personal_reg_warmup_epochs: 5
2026-04-17 16:46:34,872 - INFO -   personal_state_lr_mult: 1.5
2026-04-17 16:46:34,872 - INFO -   personal_student_dim: 64
2026-04-17 16:46:34,872 - INFO -   personal_support_only: True
2026-04-17 16:46:34,872 - INFO -   personal_warmup_epochs: 5
2026-04-17 16:46:34,872 - INFO -   prediction_l2_lambda: 1e-05
2026-04-17 16:46:34,872 - INFO -   save_dir: checkpoints/abce_diag/remote_leverage_20260418_834538c/junyi/seed42/best_full
2026-04-17 16:46:34,872 - INFO -   save_interval: 10
2026-04-17 16:46:34,872 - INFO -   seed: 42
2026-04-17 16:46:34,872 - INFO -   share_concept_embeddings: True
2026-04-17 16:46:34,872 - INFO -   use_concept_graph: True
2026-04-17 16:46:34,872 - INFO -   use_exercise_graph: True
2026-04-17 16:46:34,872 - INFO -   use_personal_graph: True
2026-04-17 16:46:34,872 - INFO -   weight_decay: 0.001
2026-04-17 16:46:34,956 - INFO - Using device: cuda:0 (physical gpu 3)
2026-04-17 16:46:34,956 - INFO - [junyi|junyi_abce_best_full|lr=0.003|drop=0.40] Loading datasets...
2026-04-17 16:46:34,956 - INFO - [junyi|junyi_abce_best_full|lr=0.003|drop=0.40] Regularization: graph_entropy(lambda_sparse)=0.600000, graph_diag=0.120000, graph_uniform=0.060000, personal_sparse=0.000500, personal_kl=0.030000, personal_query_residual=0.080000, alpha_penalty=0.000000, alpha_min=0.050000, prediction_l2=0.000010
2026-04-17 16:46:34,956 - INFO - [junyi|junyi_abce_best_full|lr=0.003|drop=0.40] Graph controls: entropy_band=[0.15, 0.70], uniform_margin=0.12, warmup_epochs=2, cap_ratio=6.00, graph_dropout=0.000, graph_tau_init=0.550
2026-04-17 16:46:34,956 - INFO - [junyi|junyi_abce_best_full|lr=0.003|drop=0.40] Personal controls: personal_max_alpha=0.260, personal_delta_scale=4.000, personal_warmup_epochs=5, personal_student_dim=64, alpha_min_target=0.0400, personal_local_hops=1, include_neighbor_rows=False, personal_support_only=True, personal_alpha_temperature=1.800, personal_alpha_budget=0.090, personal_query_row_budget=1.300, personal_neighbor_row_budget=0.200, personal_query_support_hops=1, personal_query_message_gain=1.000, personal_query_correction_scale=0.600, personal_state_lr_mult=1.500, personal_id_lr_mult=0.250, graph_propagation_alpha=0.250, graph_query_readout_scale=0.450, graph_query_readout_2hop_scale=0.120
2026-04-17 16:46:35,057 - INFO - [junyi] [数据清洗] 学生交互次数 < 15 次的学生：共移除 2188 个学生（仅统计用户数）
2026-04-17 16:46:35,070 - INFO - [junyi] [数据清洗] 学生冷启动过滤：在 train/valid/test 中共删除 35779 条记录。
2026-04-17 16:46:35,070 - INFO - [junyi] [数据清洗] 跳过题目冷门过滤（min_exer_interactions <= 0）。
2026-04-17 16:46:35,070 - INFO - [junyi] [数据清洗] 跳过毒题清洗（min_poison_count <= 0）。
2026-04-17 16:46:35,070 - INFO - [junyi] 正在构建ID映射...
2026-04-17 16:46:35,228 - INFO - [junyi] 正在构建Q矩阵...
2026-04-17 16:46:41,201 - INFO - [junyi] [数据清洗] Valid train-seen 过滤：before=22111, after=22111, dropped=0, coverage=100.00%
2026-04-17 16:46:41,207 - INFO - [junyi] [数据清洗] Test train-seen 过滤：before=60499, after=60494, dropped=5, coverage=99.99%
2026-04-17 16:46:41,208 - INFO - [junyi] [统计] 开始统计清洗后每道题的概念数量分布...
2026-04-17 16:46:41,211 - INFO - [junyi] [Train] 概念数统计：题目数=697, 平均概念数=1.0000, min=1, max=1, 1概念=697 (100.00%), ≥2概念=0 (0.00%)
2026-04-17 16:46:41,211 - INFO - [junyi] [Train] 概念数直方图（概念数: 题目数量）: {1: 697}
2026-04-17 16:46:41,212 - INFO - [junyi] [Valid] 概念数统计：题目数=614, 平均概念数=1.0000, min=1, max=1, 1概念=614 (100.00%), ≥2概念=0 (0.00%)
2026-04-17 16:46:41,212 - INFO - [junyi] [Valid] 概念数直方图（概念数: 题目数量）: {1: 614}
2026-04-17 16:46:41,212 - INFO - [junyi] [Test] 概念数统计：题目数=663, 平均概念数=1.0000, min=1, max=1, 1概念=663 (100.00%), ≥2概念=0 (0.00%)
2026-04-17 16:46:41,212 - INFO - [junyi] [Test] 概念数直方图（概念数: 题目数量）: {1: 663}
2026-04-17 16:46:41,213 - INFO - [junyi] [统计] 概念数量统计完成。
2026-04-17 16:46:41,213 - INFO - [junyi] 正在加载数据集...
2026-04-17 16:46:41,298 - INFO - [junyi|junyi_abce_best_full|lr=0.003|drop=0.40] Train samples: 235446, Val samples: 22111
2026-04-17 16:46:41,298 - INFO - [junyi|junyi_abce_best_full|lr=0.003|drop=0.40] Number of students: 7812
2026-04-17 16:46:41,298 - INFO - [junyi|junyi_abce_best_full|lr=0.003|drop=0.40] Number of exercises: 697
2026-04-17 16:46:41,298 - INFO - [junyi|junyi_abce_best_full|lr=0.003|drop=0.40] Number of concepts: 697
2026-04-17 16:46:41,298 - INFO - [junyi|junyi_abce_best_full|lr=0.003|drop=0.40] Creating model...
2026-04-17 16:46:41,298 - INFO - [junyi|junyi_abce_best_full|lr=0.003|drop=0.40] Ablation switches: ablate_module1=False | enable_module1=True | use_concept_graph=True | effective(num_gnn_layers=2)
2026-04-17 16:46:41,519 - INFO - [junyi|junyi_abce_best_full|lr=0.003|drop=0.40] Ablation runtime check: args(ablate_module1=False) | expect(use_concept_graph=True,use_personal_graph=True) | model(enable_module1=True,use_concept_graph=True,use_personal_graph=True) | physical(has_knowledge_encoder=True,has_relation_learning=True,has_adaptive_gate=True,has_personal_generator=True)
2026-04-17 16:46:41,519 - INFO - [junyi|junyi_abce_best_full|lr=0.003|drop=0.40] Debug diagnostics enabled: diag_batches=1
2026-04-17 16:46:41,536 - INFO - [junyi|junyi_abce_best_full|lr=0.003|drop=0.40] [Graph Init] graph_tau_mean=1.0055, graph_tau_std=0.0000, graph_dropout=0.000, use_personal_graph=True
2026-04-17 16:46:41,536 - INFO - [junyi|junyi_abce_best_full|lr=0.003|drop=0.40] Total parameters: 8,241,101
2026-04-17 16:46:41,536 - INFO - [junyi|junyi_abce_best_full|lr=0.003|drop=0.40] Trainable parameters: 8,241,101
2026-04-17 16:46:42,391 - INFO - [junyi|junyi_abce_best_full|lr=0.003|drop=0.40] Optimizer param groups: backbone@lr=0.003, personal_state@lr=0.0045, personal_id@lr=0.00075
2026-04-17 16:46:42,392 - INFO - [junyi|junyi_abce_best_full|lr=0.003|drop=0.40] Monitor config: scheduler=val_auc(max), best_checkpoint=val_auc(max), early_stop=val_auc(max)
2026-04-17 16:46:42,392 - INFO - [junyi|junyi_abce_best_full|lr=0.003|drop=0.40] Starting training...
2026-04-17 16:49:25,097 - INFO - [junyi|junyi_abce_best_full|lr=0.003|drop=0.40] Epoch [001/100] | Train: Loss=0.5331, BCE=0.5257, Reg=0.0074, AUC=0.7819, ACC=0.7395, RMSE=0.4190 | Val: Loss=0.5198, BCE=0.5127, Reg=0.0071, AUC=0.7935, ACC=0.7546, RMSE=0.4116
2026-04-17 16:49:25,097 - INFO - [junyi|junyi_abce_best_full|lr=0.003|drop=0.40] [Reg Terms] Epoch [001] | Train: graph_entropy=0.000000, graph_diag=0.003288, graph_uniform=0.003375, graph_reg_scale=1.0000, prediction_l2=0.000000, personal_sparse=0.000241, alpha_var=0.000000, alpha_collapse=0.000332, reg_bce_ratio=0.0141 | Val: graph_entropy=0.000000, graph_diag=0.003000, graph_uniform=0.003377, graph_reg_scale=1.0000, prediction_l2=0.000000, personal_sparse=0.000238, alpha_var=0.000000, alpha_collapse=0.000249, reg_bce_ratio=0.0138
2026-04-17 16:49:25,296 - INFO - [junyi|junyi_abce_best_full|lr=0.003|drop=0.40] [Diag][AE] Epoch [001] | irt_abs_mean=1.4504, irt_std=1.0054, personal_warmup_scale=0.20, graph_row_entropy=3.2177, graph_entropy_ratio=0.4915, alpha_mean=0.1212, alpha_std=0.0151, alpha_base_mean=0.1211, alpha_delta_absmean=0.0044, alpha_saturation_ratio=0.0000, alpha_bias_std=NA, alpha_state_path=0.0886, alpha_id_path=0.0000, alpha_bias_path=0.0000, head_bias_path=0.2201, personal_row_entropy=2.3891, personal_matrix_delta=0.0444, personal_matrix_student_std=0.0464, personal_delta_pre_softmax_norm=2.7768, personal_delta_student_std=2.7031, alpha_head_std=0.0151, query_row_global_readout_delta=0.1190, query_row_personal_message_delta=0.0051, query_row_posterior_delta_abs=0.0444, query_row_posterior_kl=0.0326, query_row_delta_local_rms_raw=0.0696, query_row_message_projection_gain=1.5657, personal_to_graph_query_ratio=0.0427, query_row_global_support_mass=0.9899, query_row_personal_support_mass=0.9899, neighbor_row_personal_delta=0.0000, personal_row_budget_mean=1.3000, personal_query_row_std=0.1014, readout_query_support_mass=0.9899, personal_student_mix=0.0500, personal_student_adapter=0.0400, local_row_ratio=0.0694, support_density=1.0000, readout_query_delta=0.1153, personal_bad_rows_active=0.00, personal_fallback_rows_active=0.00, personal_bad_row_rate_active=0.0000, personal_padded_rows=0.00, personal_logits_support_absmax=6.6802, personal_query_trust_scale_mean=1.0000, personal_bad_rows_legacy=0.00, personal_fallback_rows_legacy=0.00, personal_logits_absmax_legacy=6.6802
2026-04-17 16:49:25,296 - INFO - [junyi|junyi_abce_best_full|lr=0.003|drop=0.40] [Diag][A] Epoch [001] | entropy_ratio=0.4915, diag_mass=0.0500, to_uniform_l2=0.007448, to_identity_l2=0.036726, relation_identity_delta=0.036726, knowledge_state_graph_delta=0.290267, knowledge_state_personal_delta=0.000000, share_concept_embeddings=True, tau_mean=0.6931, tau_std=0.0000, graph_reg_scale(train/val)=1.0000/1.0000
2026-04-17 16:49:25,296 - INFO - [junyi|junyi_abce_best_full|lr=0.003|drop=0.40] [Grad Norms] Epoch [001] | relation_emb=2.698663e-01, relation_tau=1.869001e-11, relation_wq=1.176414e-08, relation_wk=1.073358e-08, personal_u=6.999011e-03, personal_v=4.710022e-03, personal_alpha_bias=0.000000e+00, personal_gate_emb=1.397527e-12, personal_gate_state_proj=3.178795e-15, personal_gate_context_proj=1.837297e-14, personal_gate_state_direct=5.764738e-08, personal_gate_id_direct=4.183203e-12, personal_gate_context_direct=3.331933e-07, personal_gate_out=8.922829e-08, personal_generator_emb=9.157748e-20, personal_generator_context_proj=8.509987e-17, personal_generator_context_hidden=7.959301e-14, personal_generator_context_to_u=1.074153e-10, personal_generator_context_to_v=1.471059e-10, personal_generator_state_row=7.199440e-11, personal_generator_state_col=9.859677e-11, personal_generator_id_row=7.423250e-12, personal_generator_id_col=1.016619e-11, personal_generator_state_adapter=8.763589e-15, personal_generator_id_adapter=4.148639e-17, personal_generator_context_adapter=1.174290e-14, personal_generator_direct_scale=1.628190e-06
2026-04-17 16:49:25,466 - INFO - [junyi|junyi_abce_best_full|lr=0.003|drop=0.40] -> New best AUC=0.7935 at epoch 1
2026-04-17 16:52:01,758 - INFO - [junyi|junyi_abce_best_full|lr=0.003|drop=0.40] Epoch [002/100] | Train: Loss=0.5324, BCE=0.5187, Reg=0.0137, AUC=0.7891, ACC=0.7452, RMSE=0.4155 | Val: Loss=0.5252, BCE=0.5116, Reg=0.0136, AUC=0.7943, ACC=0.7530, RMSE=0.4111
2026-04-17 16:52:01,758 - INFO - [junyi|junyi_abce_best_full|lr=0.003|drop=0.40] [Reg Terms] Epoch [002] | Train: graph_entropy=0.000000, graph_diag=0.006008, graph_uniform=0.006753, graph_reg_scale=1.0000, prediction_l2=0.000000, personal_sparse=0.000481, alpha_var=0.000000, alpha_collapse=0.000048, reg_bce_ratio=0.0264 | Val: graph_entropy=0.000000, graph_diag=0.006000, graph_uniform=0.006753, graph_reg_scale=1.0000, prediction_l2=0.000000, personal_sparse=0.000465, alpha_var=0.000000, alpha_collapse=0.000001, reg_bce_ratio=0.0267
2026-04-17 16:52:01,938 - INFO - [junyi|junyi_abce_best_full|lr=0.003|drop=0.40] [Diag][AE] Epoch [002] | irt_abs_mean=1.6247, irt_std=1.1285, personal_warmup_scale=0.40, graph_row_entropy=3.2177, graph_entropy_ratio=0.4915, alpha_mean=0.1331, alpha_std=0.0396, alpha_base_mean=0.1314, alpha_delta_absmean=0.0190, alpha_saturation_ratio=0.0000, alpha_bias_std=NA, alpha_state_path=0.3879, alpha_id_path=0.0000, alpha_bias_path=0.0000, head_bias_path=0.5028, personal_row_entropy=2.3469, personal_matrix_delta=0.0456, personal_matrix_student_std=0.0471, personal_delta_pre_softmax_norm=2.7504, personal_delta_student_std=2.6353, alpha_head_std=0.0396, query_row_global_readout_delta=0.1110, query_row_personal_message_delta=0.0043, query_row_posterior_delta_abs=0.0456, query_row_posterior_kl=0.0341, query_row_delta_local_rms_raw=0.0538, query_row_message_projection_gain=1.1801, personal_to_graph_query_ratio=0.0389, query_row_global_support_mass=1.0023, query_row_personal_support_mass=1.0023, neighbor_row_personal_delta=0.0000, personal_row_budget_mean=1.3000, personal_query_row_std=0.1185, readout_query_support_mass=1.0023, personal_student_mix=0.0500, personal_student_adapter=0.0400, local_row_ratio=0.0686, support_density=1.0000, readout_query_delta=0.1076, personal_bad_rows_active=0.00, personal_fallback_rows_active=0.00, personal_bad_row_rate_active=0.0000, personal_padded_rows=0.00, personal_logits_support_absmax=6.6760, personal_query_trust_scale_mean=1.0000, personal_bad_rows_legacy=0.00, personal_fallback_rows_legacy=0.00, personal_logits_absmax_legacy=6.6760
2026-04-17 16:52:01,938 - INFO - [junyi|junyi_abce_best_full|lr=0.003|drop=0.40] [Diag][A] Epoch [002] | entropy_ratio=0.4915, diag_mass=0.0500, to_uniform_l2=0.007448, to_identity_l2=0.036726, relation_identity_delta=0.036726, knowledge_state_graph_delta=0.271036, knowledge_state_personal_delta=0.000000, share_concept_embeddings=True, tau_mean=0.6931, tau_std=0.0000, graph_reg_scale(train/val)=1.0000/1.0000
2026-04-17 16:52:01,938 - INFO - [junyi|junyi_abce_best_full|lr=0.003|drop=0.40] [Grad Norms] Epoch [002] | relation_emb=3.017223e-01, relation_tau=5.164130e-12, relation_wq=3.880640e-08, relation_wk=3.301244e-08, personal_u=2.060929e-02, personal_v=7.873871e-03, personal_alpha_bias=0.000000e+00, personal_gate_emb=3.964848e-11, personal_gate_state_proj=2.365024e-13, personal_gate_context_proj=1.941848e-10, personal_gate_state_direct=7.839659e-07, personal_gate_id_direct=4.258907e-11, personal_gate_context_direct=6.365356e-04, personal_gate_out=5.497959e-07, personal_generator_emb=6.573991e-19, personal_generator_context_proj=2.021658e-16, personal_generator_context_hidden=8.535820e-14, personal_generator_context_to_u=1.028129e-10, personal_generator_context_to_v=1.014499e-10, personal_generator_state_row=1.239952e-10, personal_generator_state_col=1.223514e-10, personal_generator_id_row=3.088624e-11, personal_generator_id_col=3.047677e-11, personal_generator_state_adapter=8.632772e-16, personal_generator_id_adapter=9.157163e-17, personal_generator_context_adapter=3.806220e-16, personal_generator_direct_scale=4.313992e-06
2026-04-17 16:52:02,499 - INFO - [junyi|junyi_abce_best_full|lr=0.003|drop=0.40] -> New best AUC=0.7943 at epoch 2
2026-04-17 16:54:46,778 - INFO - [junyi|junyi_abce_best_full|lr=0.003|drop=0.40] Epoch [003/100] | Train: Loss=0.5318, BCE=0.5178, Reg=0.0141, AUC=0.7903, ACC=0.7471, RMSE=0.4150 | Val: Loss=0.5235, BCE=0.5095, Reg=0.0141, AUC=0.7930, ACC=0.7540, RMSE=0.4106
2026-04-17 16:54:46,778 - INFO - [junyi|junyi_abce_best_full|lr=0.003|drop=0.40] [Reg Terms] Epoch [003] | Train: graph_entropy=0.000000, graph_diag=0.006012, graph_uniform=0.006753, graph_reg_scale=1.0000, prediction_l2=0.000000, personal_sparse=0.000723, alpha_var=0.000000, alpha_collapse=0.000005, reg_bce_ratio=0.0272 | Val: graph_entropy=0.000000, graph_diag=0.006000, graph_uniform=0.006753, graph_reg_scale=1.0000, prediction_l2=0.000000, personal_sparse=0.000718, alpha_var=0.000000, alpha_collapse=0.000000, reg_bce_ratio=0.0276
2026-04-17 16:54:46,978 - INFO - [junyi|junyi_abce_best_full|lr=0.003|drop=0.40] [Diag][AE] Epoch [003] | irt_abs_mean=1.2207, irt_std=0.7217, personal_warmup_scale=0.60, graph_row_entropy=3.2177, graph_entropy_ratio=0.4915, alpha_mean=0.1295, alpha_std=0.0438, alpha_base_mean=0.1302, alpha_delta_absmean=0.0359, alpha_saturation_ratio=0.0000, alpha_bias_std=NA, alpha_state_path=0.7664, alpha_id_path=0.0000, alpha_bias_path=0.0000, head_bias_path=0.3423, personal_row_entropy=2.3853, personal_matrix_delta=0.0445, personal_matrix_student_std=0.0478, personal_delta_pre_softmax_norm=2.6719, personal_delta_student_std=2.5984, alpha_head_std=0.0436, query_row_global_readout_delta=0.1101, query_row_personal_message_delta=0.0018, query_row_posterior_delta_abs=0.0445, query_row_posterior_kl=0.0331, query_row_delta_local_rms_raw=0.0242, query_row_message_projection_gain=0.5438, personal_to_graph_query_ratio=0.0160, query_row_global_support_mass=1.3916, query_row_personal_support_mass=1.3916, neighbor_row_personal_delta=0.0000, personal_row_budget_mean=1.3000, personal_query_row_std=0.1786, readout_query_support_mass=1.3916, personal_student_mix=0.0500, personal_student_adapter=0.0400, local_row_ratio=0.0676, support_density=1.0000, readout_query_delta=0.1100, personal_bad_rows_active=0.00, personal_fallback_rows_active=0.00, personal_bad_row_rate_active=0.0000, personal_padded_rows=0.00, personal_logits_support_absmax=6.7837, personal_query_trust_scale_mean=1.0000, personal_bad_rows_legacy=0.00, personal_fallback_rows_legacy=0.00, personal_logits_absmax_legacy=6.7837
2026-04-17 16:54:46,979 - INFO - [junyi|junyi_abce_best_full|lr=0.003|drop=0.40] [Diag][A] Epoch [003] | entropy_ratio=0.4915, diag_mass=0.0500, to_uniform_l2=0.007448, to_identity_l2=0.036726, relation_identity_delta=0.036726, knowledge_state_graph_delta=0.279039, knowledge_state_personal_delta=0.000000, share_concept_embeddings=True, tau_mean=0.6931, tau_std=0.0000, graph_reg_scale(train/val)=1.0000/1.0000
2026-04-17 16:54:46,979 - WARNING - [junyi|junyi_abce_best_full|lr=0.003|drop=0.40] [Diag Warning][AE] query-readout-overamplified: readout_query_delta=0.110029, query_row_graph_delta=0.110061, personal_matrix_delta=0.044505
2026-04-17 16:54:46,979 - INFO - [junyi|junyi_abce_best_full|lr=0.003|drop=0.40] [Grad Norms] Epoch [003] | relation_emb=2.599545e-01, relation_tau=1.640261e-11, relation_wq=6.873330e-08, relation_wk=4.581959e-08, personal_u=8.157007e-03, personal_v=4.994350e-03, personal_alpha_bias=0.000000e+00, personal_gate_emb=8.040366e-11, personal_gate_state_proj=1.682263e-13, personal_gate_context_proj=9.782241e-11, personal_gate_state_direct=3.833705e-07, personal_gate_id_direct=7.089857e-11, personal_gate_context_direct=2.055687e-04, personal_gate_out=1.013383e-07, personal_generator_emb=4.706559e-18, personal_generator_context_proj=3.535093e-16, personal_generator_context_hidden=1.136752e-13, personal_generator_context_to_u=9.544970e-11, personal_generator_context_to_v=1.402337e-10, personal_generator_state_row=4.494439e-11, personal_generator_state_col=6.603183e-11, personal_generator_id_row=1.123609e-11, personal_generator_id_col=1.650795e-11, personal_generator_state_adapter=7.279194e-15, personal_generator_id_adapter=5.655190e-18, personal_generator_context_adapter=9.585863e-15, personal_generator_direct_scale=8.260555e-06
2026-04-17 16:54:46,979 - INFO - [junyi|junyi_abce_best_full|lr=0.003|drop=0.40] -> No improvement 1 epoch(s) (best AUC=0.7943 @ 2)
2026-04-17 16:57:27,864 - INFO - [junyi|junyi_abce_best_full|lr=0.003|drop=0.40] Epoch [004/100] | Train: Loss=0.5322, BCE=0.5177, Reg=0.0145, AUC=0.7902, ACC=0.7464, RMSE=0.4149 | Val: Loss=0.5175, BCE=0.5031, Reg=0.0145, AUC=0.8003, ACC=0.7580, RMSE=0.4074
2026-04-17 16:57:27,864 - INFO - [junyi|junyi_abce_best_full|lr=0.003|drop=0.40] [Reg Terms] Epoch [004] | Train: graph_entropy=0.000000, graph_diag=0.006011, graph_uniform=0.006753, graph_reg_scale=1.0000, prediction_l2=0.000000, personal_sparse=0.000960, alpha_var=0.000000, alpha_collapse=0.000004, reg_bce_ratio=0.0280 | Val: graph_entropy=0.000000, graph_diag=0.006000, graph_uniform=0.006753, graph_reg_scale=1.0000, prediction_l2=0.000000, personal_sparse=0.000969, alpha_var=0.000000, alpha_collapse=0.000004, reg_bce_ratio=0.0288
2026-04-17 16:57:28,044 - INFO - [junyi|junyi_abce_best_full|lr=0.003|drop=0.40] [Diag][AE] Epoch [004] | irt_abs_mean=1.5375, irt_std=0.9094, personal_warmup_scale=0.80, graph_row_entropy=3.2177, graph_entropy_ratio=0.4915, alpha_mean=0.1299, alpha_std=0.0416, alpha_base_mean=0.1305, alpha_delta_absmean=0.0300, alpha_saturation_ratio=0.0000, alpha_bias_std=NA, alpha_state_path=0.6306, alpha_id_path=0.0000, alpha_bias_path=0.0000, head_bias_path=0.2640, personal_row_entropy=2.4420, personal_matrix_delta=0.0426, personal_matrix_student_std=0.0444, personal_delta_pre_softmax_norm=2.6796, personal_delta_student_std=2.5557, alpha_head_std=0.0411, query_row_global_readout_delta=0.1199, query_row_personal_message_delta=0.0014, query_row_posterior_delta_abs=0.0426, query_row_posterior_kl=0.0309, query_row_delta_local_rms_raw=0.0174, query_row_message_projection_gain=0.4081, personal_to_graph_query_ratio=0.0113, query_row_global_support_mass=1.0718, query_row_personal_support_mass=1.0718, neighbor_row_personal_delta=0.0000, personal_row_budget_mean=1.3000, personal_query_row_std=0.2009, readout_query_support_mass=1.0718, personal_student_mix=0.0500, personal_student_adapter=0.0400, local_row_ratio=0.0679, support_density=1.0000, readout_query_delta=0.1202, personal_bad_rows_active=0.00, personal_fallback_rows_active=0.00, personal_bad_row_rate_active=0.0000, personal_padded_rows=0.00, personal_logits_support_absmax=6.8419, personal_query_trust_scale_mean=1.0000, personal_bad_rows_legacy=0.00, personal_fallback_rows_legacy=0.00, personal_logits_absmax_legacy=6.8419
2026-04-17 16:57:28,044 - INFO - [junyi|junyi_abce_best_full|lr=0.003|drop=0.40] [Diag][A] Epoch [004] | entropy_ratio=0.4915, diag_mass=0.0500, to_uniform_l2=0.007448, to_identity_l2=0.036726, relation_identity_delta=0.036726, knowledge_state_graph_delta=0.304491, knowledge_state_personal_delta=0.000000, share_concept_embeddings=True, tau_mean=0.6931, tau_std=0.0000, graph_reg_scale(train/val)=1.0000/1.0000
2026-04-17 16:57:28,044 - WARNING - [junyi|junyi_abce_best_full|lr=0.003|drop=0.40] [Diag Warning][AE] query-readout-overamplified: readout_query_delta=0.120218, query_row_graph_delta=0.119889, personal_matrix_delta=0.042568
2026-04-17 16:57:28,044 - INFO - [junyi|junyi_abce_best_full|lr=0.003|drop=0.40] [Grad Norms] Epoch [004] | relation_emb=2.824251e-01, relation_tau=2.367197e-12, relation_wq=3.550748e-08, relation_wk=2.355800e-08, personal_u=6.672439e-03, personal_v=6.645787e-03, personal_alpha_bias=0.000000e+00, personal_gate_emb=2.076817e-10, personal_gate_state_proj=3.487886e-13, personal_gate_context_proj=1.036569e-09, personal_gate_state_direct=5.185165e-07, personal_gate_id_direct=1.735433e-10, personal_gate_context_direct=1.536663e-03, personal_gate_out=4.456182e-07, personal_generator_emb=9.981008e-18, personal_generator_context_proj=3.495113e-16, personal_generator_context_hidden=9.159133e-14, personal_generator_context_to_u=6.467776e-11, personal_generator_context_to_v=1.196113e-10, personal_generator_state_row=4.518797e-11, personal_generator_state_col=8.356796e-11, personal_generator_id_row=1.129701e-11, personal_generator_id_col=2.089203e-11, personal_generator_state_adapter=6.855432e-15, personal_generator_id_adapter=7.906245e-17, personal_generator_context_adapter=1.224744e-14, personal_generator_direct_scale=3.311832e-08
2026-04-17 16:57:28,614 - INFO - [junyi|junyi_abce_best_full|lr=0.003|drop=0.40] -> New best AUC=0.8003 at epoch 4
2026-04-17 17:00:08,220 - INFO - [junyi|junyi_abce_best_full|lr=0.003|drop=0.40] Epoch [005/100] | Train: Loss=0.5325, BCE=0.5175, Reg=0.0149, AUC=0.7906, ACC=0.7473, RMSE=0.4147 | Val: Loss=0.5181, BCE=0.5032, Reg=0.0149, AUC=0.8007, ACC=0.7585, RMSE=0.4077
2026-04-17 17:00:08,220 - INFO - [junyi|junyi_abce_best_full|lr=0.003|drop=0.40] [Reg Terms] Epoch [005] | Train: graph_entropy=0.000000, graph_diag=0.006011, graph_uniform=0.006753, graph_reg_scale=1.0000, prediction_l2=0.000000, personal_sparse=0.001204, alpha_var=0.000000, alpha_collapse=0.000003, reg_bce_ratio=0.0289 | Val: graph_entropy=0.000000, graph_diag=0.006000, graph_uniform=0.006753, graph_reg_scale=1.0000, prediction_l2=0.000000, personal_sparse=0.001184, alpha_var=0.000000, alpha_collapse=0.000009, reg_bce_ratio=0.0297
2026-04-17 17:00:08,430 - INFO - [junyi|junyi_abce_best_full|lr=0.003|drop=0.40] [Diag][AE] Epoch [005] | irt_abs_mean=1.5298, irt_std=0.9634, personal_warmup_scale=1.00, graph_row_entropy=3.2177, graph_entropy_ratio=0.4915, alpha_mean=0.1282, alpha_std=0.0386, alpha_base_mean=0.1298, alpha_delta_absmean=0.0256, alpha_saturation_ratio=0.0000, alpha_bias_std=NA, alpha_state_path=0.5279, alpha_id_path=0.0000, alpha_bias_path=0.0000, head_bias_path=0.1966, personal_row_entropy=2.3689, personal_matrix_delta=0.0448, personal_matrix_student_std=0.0478, personal_delta_pre_softmax_norm=2.6968, personal_delta_student_std=2.6308, alpha_head_std=0.0383, query_row_global_readout_delta=0.1157, query_row_personal_message_delta=0.0030, query_row_posterior_delta_abs=0.0448, query_row_posterior_kl=0.0334, query_row_delta_local_rms_raw=0.0395, query_row_message_projection_gain=0.8804, personal_to_graph_query_ratio=0.0262, query_row_global_support_mass=1.5713, query_row_personal_support_mass=1.5713, neighbor_row_personal_delta=0.0000, personal_row_budget_mean=1.3000, personal_query_row_std=0.1624, readout_query_support_mass=1.5713, personal_student_mix=0.0499, personal_student_adapter=0.0400, local_row_ratio=0.0686, support_density=1.0000, readout_query_delta=0.1138, personal_bad_rows_active=0.00, personal_fallback_rows_active=0.00, personal_bad_row_rate_active=0.0000, personal_padded_rows=0.00, personal_logits_support_absmax=6.8061, personal_query_trust_scale_mean=1.0000, personal_bad_rows_legacy=0.00, personal_fallback_rows_legacy=0.00, personal_logits_absmax_legacy=6.8061
2026-04-17 17:00:08,430 - INFO - [junyi|junyi_abce_best_full|lr=0.003|drop=0.40] [Diag][A] Epoch [005] | entropy_ratio=0.4915, diag_mass=0.0500, to_uniform_l2=0.007448, to_identity_l2=0.036726, relation_identity_delta=0.036726, knowledge_state_graph_delta=0.321751, knowledge_state_personal_delta=0.000000, share_concept_embeddings=True, tau_mean=0.6931, tau_std=0.0000, graph_reg_scale(train/val)=1.0000/1.0000
2026-04-17 17:00:08,430 - INFO - [junyi|junyi_abce_best_full|lr=0.003|drop=0.40] [Grad Norms] Epoch [005] | relation_emb=3.352844e-01, relation_tau=1.311973e-11, relation_wq=4.300473e-08, relation_wk=2.682350e-08, personal_u=1.225816e-02, personal_v=6.814344e-03, personal_alpha_bias=0.000000e+00, personal_gate_emb=2.020955e-10, personal_gate_state_proj=4.789401e-14, personal_gate_context_proj=1.420570e-10, personal_gate_state_direct=2.128569e-07, personal_gate_id_direct=3.418062e-10, personal_gate_context_direct=6.552280e-04, personal_gate_out=1.324990e-07, personal_generator_emb=1.756183e-13, personal_generator_context_proj=6.572582e-16, personal_generator_context_hidden=7.666669e-14, personal_generator_context_to_u=9.188134e-11, personal_generator_context_to_v=8.207723e-11, personal_generator_state_row=1.816372e-10, personal_generator_state_col=1.622795e-10, personal_generator_id_row=4.524515e-11, personal_generator_id_col=4.041683e-11, personal_generator_state_adapter=1.904972e-14, personal_generator_id_adapter=1.187535e-17, personal_generator_context_adapter=1.353195e-14, personal_generator_direct_scale=6.068738e-06
2026-04-17 17:00:09,051 - INFO - [junyi|junyi_abce_best_full|lr=0.003|drop=0.40] -> New best AUC=0.8007 at epoch 5
2026-04-17 17:02:49,695 - INFO - [junyi|junyi_abce_best_full|lr=0.003|drop=0.40] Epoch [006/100] | Train: Loss=0.5323, BCE=0.5174, Reg=0.0149, AUC=0.7908, ACC=0.7461, RMSE=0.4148 | Val: Loss=0.5186, BCE=0.5035, Reg=0.0150, AUC=0.7998, ACC=0.7590, RMSE=0.4078
2026-04-17 17:02:49,696 - INFO - [junyi|junyi_abce_best_full|lr=0.003|drop=0.40] [Reg Terms] Epoch [006] | Train: graph_entropy=0.000000, graph_diag=0.006011, graph_uniform=0.006753, graph_reg_scale=1.0000, prediction_l2=0.000000, personal_sparse=0.001201, alpha_var=0.000000, alpha_collapse=0.000004, reg_bce_ratio=0.0289 | Val: graph_entropy=0.000000, graph_diag=0.006000, graph_uniform=0.006753, graph_reg_scale=1.0000, prediction_l2=0.000000, personal_sparse=0.001144, alpha_var=0.000000, alpha_collapse=0.000019, reg_bce_ratio=0.0298
2026-04-17 17:02:49,882 - INFO - [junyi|junyi_abce_best_full|lr=0.003|drop=0.40] [Diag][AE] Epoch [006] | irt_abs_mean=1.3892, irt_std=0.8316, personal_warmup_scale=1.00, graph_row_entropy=3.2177, graph_entropy_ratio=0.4915, alpha_mean=0.1299, alpha_std=0.0444, alpha_base_mean=0.1301, alpha_delta_absmean=0.0321, alpha_saturation_ratio=0.0000, alpha_bias_std=NA, alpha_state_path=0.6826, alpha_id_path=0.0000, alpha_bias_path=0.0000, head_bias_path=0.1686, personal_row_entropy=2.3091, personal_matrix_delta=0.0455, personal_matrix_student_std=0.0530, personal_delta_pre_softmax_norm=2.3975, personal_delta_student_std=2.3177, alpha_head_std=0.0430, query_row_global_readout_delta=0.1228, query_row_personal_message_delta=0.0014, query_row_posterior_delta_abs=0.0455, query_row_posterior_kl=0.0359, query_row_delta_local_rms_raw=0.0162, query_row_message_projection_gain=0.3558, personal_to_graph_query_ratio=0.0116, query_row_global_support_mass=2.3336, query_row_personal_support_mass=2.3336, neighbor_row_personal_delta=0.0000, personal_row_budget_mean=1.3000, personal_query_row_std=0.3329, readout_query_support_mass=2.3336, personal_student_mix=0.0500, personal_student_adapter=0.0400, local_row_ratio=0.0616, support_density=1.0000, readout_query_delta=0.1223, personal_bad_rows_active=0.00, personal_fallback_rows_active=0.00, personal_bad_row_rate_active=0.0000, personal_padded_rows=0.00, personal_logits_support_absmax=6.8387, personal_query_trust_scale_mean=1.0000, personal_bad_rows_legacy=0.00, personal_fallback_rows_legacy=0.00, personal_logits_absmax_legacy=6.8387
2026-04-17 17:02:49,882 - INFO - [junyi|junyi_abce_best_full|lr=0.003|drop=0.40] [Diag][A] Epoch [006] | entropy_ratio=0.4915, diag_mass=0.0500, to_uniform_l2=0.007448, to_identity_l2=0.036726, relation_identity_delta=0.036726, knowledge_state_graph_delta=0.285289, knowledge_state_personal_delta=0.000000, share_concept_embeddings=True, tau_mean=0.6931, tau_std=0.0000, graph_reg_scale(train/val)=1.0000/1.0000
2026-04-17 17:02:49,883 - WARNING - [junyi|junyi_abce_best_full|lr=0.003|drop=0.40] [Diag Warning][AE] query-readout-overamplified: readout_query_delta=0.122286, query_row_graph_delta=0.122815, personal_matrix_delta=0.045531
2026-04-17 17:02:49,883 - INFO - [junyi|junyi_abce_best_full|lr=0.003|drop=0.40] [Grad Norms] Epoch [006] | relation_emb=3.286296e-01, relation_tau=2.756869e-12, relation_wq=1.809869e-08, relation_wk=1.539190e-08, personal_u=1.636713e-03, personal_v=2.114272e-03, personal_alpha_bias=0.000000e+00, personal_gate_emb=4.309068e-11, personal_gate_state_proj=8.848267e-15, personal_gate_context_proj=4.570288e-11, personal_gate_state_direct=2.539858e-08, personal_gate_id_direct=5.922416e-11, personal_gate_context_direct=1.478678e-04, personal_gate_out=8.461529e-08, personal_generator_emb=1.167384e-13, personal_generator_context_proj=5.407413e-16, personal_generator_context_hidden=1.191052e-13, personal_generator_context_to_u=3.565104e-11, personal_generator_context_to_v=1.775533e-10, personal_generator_state_row=3.628907e-11, personal_generator_state_col=1.790907e-10, personal_generator_id_row=8.904532e-12, personal_generator_id_col=4.434719e-11, personal_generator_state_adapter=1.949207e-15, personal_generator_id_adapter=1.644311e-16, personal_generator_context_adapter=1.933363e-14, personal_generator_direct_scale=1.316874e-05
2026-04-17 17:02:49,883 - INFO - [junyi|junyi_abce_best_full|lr=0.003|drop=0.40] -> No improvement 1 epoch(s) (best AUC=0.8007 @ 5)
2026-04-17 17:05:31,651 - INFO - [junyi|junyi_abce_best_full|lr=0.003|drop=0.40] Epoch [007/100] | Train: Loss=0.5314, BCE=0.5164, Reg=0.0149, AUC=0.7919, ACC=0.7471, RMSE=0.4143 | Val: Loss=0.5145, BCE=0.4995, Reg=0.0150, AUC=0.8030, ACC=0.7592, RMSE=0.4059
2026-04-17 17:05:31,652 - INFO - [junyi|junyi_abce_best_full|lr=0.003|drop=0.40] [Reg Terms] Epoch [007] | Train: graph_entropy=0.000000, graph_diag=0.006010, graph_uniform=0.006753, graph_reg_scale=1.0000, prediction_l2=0.000000, personal_sparse=0.001207, alpha_var=0.000000, alpha_collapse=0.000005, reg_bce_ratio=0.0289 | Val: graph_entropy=0.000000, graph_diag=0.006000, graph_uniform=0.006753, graph_reg_scale=1.0000, prediction_l2=0.000000, personal_sparse=0.001182, alpha_var=0.000000, alpha_collapse=0.000007, reg_bce_ratio=0.0299
2026-04-17 17:05:31,919 - INFO - [junyi|junyi_abce_best_full|lr=0.003|drop=0.40] [Diag][AE] Epoch [007] | irt_abs_mean=1.3196, irt_std=0.8405, personal_warmup_scale=1.00, graph_row_entropy=3.2177, graph_entropy_ratio=0.4915, alpha_mean=0.1271, alpha_std=0.0432, alpha_base_mean=0.1299, alpha_delta_absmean=0.0312, alpha_saturation_ratio=0.0000, alpha_bias_std=NA, alpha_state_path=0.6630, alpha_id_path=0.0000, alpha_bias_path=0.0000, head_bias_path=0.1646, personal_row_entropy=2.3567, personal_matrix_delta=0.0442, personal_matrix_student_std=0.0501, personal_delta_pre_softmax_norm=2.4803, personal_delta_student_std=2.4136, alpha_head_std=0.0419, query_row_global_readout_delta=0.1337, query_row_personal_message_delta=0.0018, query_row_posterior_delta_abs=0.0442, query_row_posterior_kl=0.0340, query_row_delta_local_rms_raw=0.0198, query_row_message_projection_gain=0.4471, personal_to_graph_query_ratio=0.0136, query_row_global_support_mass=1.3987, query_row_personal_support_mass=1.3987, neighbor_row_personal_delta=0.0000, personal_row_budget_mean=1.3000, personal_query_row_std=0.3858, readout_query_support_mass=1.3987, personal_student_mix=0.0500, personal_student_adapter=0.0400, local_row_ratio=0.0661, support_density=1.0000, readout_query_delta=0.1329, personal_bad_rows_active=0.00, personal_fallback_rows_active=0.00, personal_bad_row_rate_active=0.0000, personal_padded_rows=0.00, personal_logits_support_absmax=6.8602, personal_query_trust_scale_mean=1.0000, personal_bad_rows_legacy=0.00, personal_fallback_rows_legacy=0.00, personal_logits_absmax_legacy=6.8602
2026-04-17 17:05:31,920 - INFO - [junyi|junyi_abce_best_full|lr=0.003|drop=0.40] [Diag][A] Epoch [007] | entropy_ratio=0.4915, diag_mass=0.0500, to_uniform_l2=0.007448, to_identity_l2=0.036726, relation_identity_delta=0.036726, knowledge_state_graph_delta=0.336290, knowledge_state_personal_delta=0.000000, share_concept_embeddings=True, tau_mean=0.6932, tau_std=0.0000, graph_reg_scale(train/val)=1.0000/1.0000
2026-04-17 17:05:31,920 - WARNING - [junyi|junyi_abce_best_full|lr=0.003|drop=0.40] [Diag Warning][AE] query-readout-overamplified: readout_query_delta=0.132900, query_row_graph_delta=0.133688, personal_matrix_delta=0.044220
2026-04-17 17:05:31,920 - INFO - [junyi|junyi_abce_best_full|lr=0.003|drop=0.40] [Grad Norms] Epoch [007] | relation_emb=3.401438e-01, relation_tau=5.536524e-12, relation_wq=3.979813e-08, relation_wk=3.042049e-08, personal_u=9.473573e-04, personal_v=6.682526e-03, personal_alpha_bias=0.000000e+00, personal_gate_emb=1.475060e-10, personal_gate_state_proj=4.706069e-14, personal_gate_context_proj=3.812049e-10, personal_gate_state_direct=8.303575e-08, personal_gate_id_direct=1.821756e-10, personal_gate_context_direct=6.049453e-04, personal_gate_out=1.365391e-07, personal_generator_emb=4.110406e-13, personal_generator_context_proj=2.680949e-15, personal_generator_context_hidden=5.295282e-13, personal_generator_context_to_u=7.330359e-11, personal_generator_context_to_v=8.230043e-10, personal_generator_state_row=5.201946e-11, personal_generator_state_col=5.844222e-10, personal_generator_id_row=1.297292e-11, personal_generator_id_col=1.456469e-10, personal_generator_state_adapter=2.182055e-14, personal_generator_id_adapter=3.184604e-16, personal_generator_context_adapter=1.206229e-13, personal_generator_direct_scale=1.872680e-05
2026-04-17 17:05:32,564 - INFO - [junyi|junyi_abce_best_full|lr=0.003|drop=0.40] -> New best AUC=0.8030 at epoch 7
2026-04-17 17:08:15,458 - INFO - [junyi|junyi_abce_best_full|lr=0.003|drop=0.40] Epoch [008/100] | Train: Loss=0.5311, BCE=0.5161, Reg=0.0149, AUC=0.7921, ACC=0.7484, RMSE=0.4141 | Val: Loss=0.5210, BCE=0.5060, Reg=0.0150, AUC=0.8023, ACC=0.7608, RMSE=0.4076
2026-04-17 17:08:15,459 - INFO - [junyi|junyi_abce_best_full|lr=0.003|drop=0.40] [Reg Terms] Epoch [008] | Train: graph_entropy=0.000000, graph_diag=0.006010, graph_uniform=0.006753, graph_reg_scale=1.0000, prediction_l2=0.000000, personal_sparse=0.001204, alpha_var=0.000000, alpha_collapse=0.000005, reg_bce_ratio=0.0289 | Val: graph_entropy=0.000000, graph_diag=0.006000, graph_uniform=0.006753, graph_reg_scale=1.0000, prediction_l2=0.000000, personal_sparse=0.001173, alpha_var=0.000000, alpha_collapse=0.000013, reg_bce_ratio=0.0296
2026-04-17 17:08:15,711 - INFO - [junyi|junyi_abce_best_full|lr=0.003|drop=0.40] [Diag][AE] Epoch [008] | irt_abs_mean=1.9632, irt_std=1.2006, personal_warmup_scale=1.00, graph_row_entropy=3.2177, graph_entropy_ratio=0.4915, alpha_mean=0.1241, alpha_std=0.0477, alpha_base_mean=0.1296, alpha_delta_absmean=0.0361, alpha_saturation_ratio=0.0000, alpha_bias_std=NA, alpha_state_path=0.7900, alpha_id_path=0.0000, alpha_bias_path=0.0000, head_bias_path=0.1540, personal_row_entropy=2.3463, personal_matrix_delta=0.0463, personal_matrix_student_std=0.0507, personal_delta_pre_softmax_norm=2.7026, personal_delta_student_std=2.6630, alpha_head_std=0.0461, query_row_global_readout_delta=0.0648, query_row_personal_message_delta=0.0036, query_row_posterior_delta_abs=0.0463, query_row_posterior_kl=0.0350, query_row_delta_local_rms_raw=0.0463, query_row_message_projection_gain=0.9994, personal_to_graph_query_ratio=0.0561, query_row_global_support_mass=1.4114, query_row_personal_support_mass=1.4114, neighbor_row_personal_delta=0.0000, personal_row_budget_mean=1.3000, personal_query_row_std=0.1395, readout_query_support_mass=1.4114, personal_student_mix=0.0499, personal_student_adapter=0.0400, local_row_ratio=0.0627, support_density=1.0000, readout_query_delta=0.0655, personal_bad_rows_active=0.00, personal_fallback_rows_active=0.00, personal_bad_row_rate_active=0.0000, personal_padded_rows=0.00, personal_logits_support_absmax=6.7401, personal_query_trust_scale_mean=1.0000, personal_bad_rows_legacy=0.00, personal_fallback_rows_legacy=0.00, personal_logits_absmax_legacy=6.7401
2026-04-17 17:08:15,711 - INFO - [junyi|junyi_abce_best_full|lr=0.003|drop=0.40] [Diag][A] Epoch [008] | entropy_ratio=0.4915, diag_mass=0.0500, to_uniform_l2=0.007448, to_identity_l2=0.036726, relation_identity_delta=0.036726, knowledge_state_graph_delta=0.361464, knowledge_state_personal_delta=0.000000, share_concept_embeddings=True, tau_mean=0.6932, tau_std=0.0000, graph_reg_scale(train/val)=1.0000/1.0000
2026-04-17 17:08:15,711 - INFO - [junyi|junyi_abce_best_full|lr=0.003|drop=0.40] [Grad Norms] Epoch [008] | relation_emb=3.591882e-01, relation_tau=1.776980e-11, relation_wq=3.506272e-08, relation_wk=2.715608e-08, personal_u=6.186186e-03, personal_v=6.746309e-03, personal_alpha_bias=0.000000e+00, personal_gate_emb=2.128562e-10, personal_gate_state_proj=1.379535e-14, personal_gate_context_proj=1.556634e-10, personal_gate_state_direct=6.931728e-08, personal_gate_id_direct=1.952507e-10, personal_gate_context_direct=7.491044e-04, personal_gate_out=3.866450e-07, personal_generator_emb=2.902749e-13, personal_generator_context_proj=6.378664e-16, personal_generator_context_hidden=1.110480e-13, personal_generator_context_to_u=8.059689e-11, personal_generator_context_to_v=1.512512e-10, personal_generator_state_row=9.785513e-11, personal_generator_state_col=1.822007e-10, personal_generator_id_row=2.374326e-11, personal_generator_id_col=4.456068e-11, personal_generator_state_adapter=4.249579e-16, personal_generator_id_adapter=2.922454e-16, personal_generator_context_adapter=4.657764e-15, personal_generator_direct_scale=8.235585e-06
2026-04-17 17:08:15,711 - INFO - [junyi|junyi_abce_best_full|lr=0.003|drop=0.40] -> No improvement 1 epoch(s) (best AUC=0.8030 @ 7)
2026-04-17 17:11:01,808 - INFO - [junyi|junyi_abce_best_full|lr=0.003|drop=0.40] Epoch [009/100] | Train: Loss=0.5314, BCE=0.5164, Reg=0.0149, AUC=0.7917, ACC=0.7480, RMSE=0.4142 | Val: Loss=0.5165, BCE=0.5015, Reg=0.0150, AUC=0.8033, ACC=0.7635, RMSE=0.4058
2026-04-17 17:11:01,809 - INFO - [junyi|junyi_abce_best_full|lr=0.003|drop=0.40] [Reg Terms] Epoch [009] | Train: graph_entropy=0.000000, graph_diag=0.006009, graph_uniform=0.006753, graph_reg_scale=1.0000, prediction_l2=0.000000, personal_sparse=0.001203, alpha_var=0.000000, alpha_collapse=0.000004, reg_bce_ratio=0.0289 | Val: graph_entropy=0.000000, graph_diag=0.006000, graph_uniform=0.006753, graph_reg_scale=1.0000, prediction_l2=0.000000, personal_sparse=0.001167, alpha_var=0.000000, alpha_collapse=0.000002, reg_bce_ratio=0.0298
2026-04-17 17:11:02,050 - INFO - [junyi|junyi_abce_best_full|lr=0.003|drop=0.40] [Diag][AE] Epoch [009] | irt_abs_mean=1.7267, irt_std=1.0894, personal_warmup_scale=1.00, graph_row_entropy=3.2177, graph_entropy_ratio=0.4915, alpha_mean=0.1297, alpha_std=0.0470, alpha_base_mean=0.1300, alpha_delta_absmean=0.0356, alpha_saturation_ratio=0.0000, alpha_bias_std=NA, alpha_state_path=0.7724, alpha_id_path=0.0000, alpha_bias_path=0.0000, head_bias_path=0.1483, personal_row_entropy=2.3469, personal_matrix_delta=0.0460, personal_matrix_student_std=0.0492, personal_delta_pre_softmax_norm=2.7463, personal_delta_student_std=2.7048, alpha_head_std=0.0452, query_row_global_readout_delta=0.1156, query_row_personal_message_delta=0.0036, query_row_posterior_delta_abs=0.0460, query_row_posterior_kl=0.0345, query_row_delta_local_rms_raw=0.0465, query_row_message_projection_gain=1.0121, personal_to_graph_query_ratio=0.0311, query_row_global_support_mass=1.1006, query_row_personal_support_mass=1.1006, neighbor_row_personal_delta=0.0000, personal_row_budget_mean=1.3000, personal_query_row_std=0.1424, readout_query_support_mass=1.1006, personal_student_mix=0.0501, personal_student_adapter=0.0400, local_row_ratio=0.0685, support_density=1.0000, readout_query_delta=0.1145, personal_bad_rows_active=0.00, personal_fallback_rows_active=0.00, personal_bad_row_rate_active=0.0000, personal_padded_rows=0.00, personal_logits_support_absmax=6.7115, personal_query_trust_scale_mean=1.0000, personal_bad_rows_legacy=0.00, personal_fallback_rows_legacy=0.00, personal_logits_absmax_legacy=6.7115
2026-04-17 17:11:02,050 - INFO - [junyi|junyi_abce_best_full|lr=0.003|drop=0.40] [Diag][A] Epoch [009] | entropy_ratio=0.4915, diag_mass=0.0500, to_uniform_l2=0.007448, to_identity_l2=0.036726, relation_identity_delta=0.036726, knowledge_state_graph_delta=0.335704, knowledge_state_personal_delta=0.000000, share_concept_embeddings=True, tau_mean=0.6932, tau_std=0.0000, graph_reg_scale(train/val)=1.0000/1.0000
2026-04-17 17:11:02,051 - INFO - [junyi|junyi_abce_best_full|lr=0.003|drop=0.40] [Grad Norms] Epoch [009] | relation_emb=3.501666e-01, relation_tau=1.117317e-11, relation_wq=3.538907e-08, relation_wk=2.504276e-08, personal_u=1.321128e-02, personal_v=7.525538e-03, personal_alpha_bias=0.000000e+00, personal_gate_emb=2.590081e-10, personal_gate_state_proj=7.460915e-11, personal_gate_context_proj=4.048442e-10, personal_gate_state_direct=1.169807e-04, personal_gate_id_direct=2.584158e-10, personal_gate_context_direct=5.441892e-04, personal_gate_out=5.161094e-07, personal_generator_emb=1.758368e-13, personal_generator_context_proj=7.224861e-16, personal_generator_context_hidden=1.774037e-13, personal_generator_context_to_u=2.120662e-10, personal_generator_context_to_v=1.905772e-10, personal_generator_state_row=1.657891e-10, personal_generator_state_col=1.489325e-10, personal_generator_id_row=4.095224e-11, personal_generator_id_col=3.680406e-11, personal_generator_state_adapter=5.773757e-15, personal_generator_id_adapter=1.288564e-16, personal_generator_context_adapter=1.396560e-14, personal_generator_direct_scale=7.465104e-07
2026-04-17 17:11:02,668 - INFO - [junyi|junyi_abce_best_full|lr=0.003|drop=0.40] -> New best AUC=0.8033 at epoch 9
2026-04-17 17:13:49,900 - INFO - [junyi|junyi_abce_best_full|lr=0.003|drop=0.40] Epoch [010/100] | Train: Loss=0.5312, BCE=0.5163, Reg=0.0149, AUC=0.7919, ACC=0.7475, RMSE=0.4142 | Val: Loss=0.5147, BCE=0.4998, Reg=0.0149, AUC=0.8024, ACC=0.7628, RMSE=0.4059
2026-04-17 17:13:49,901 - INFO - [junyi|junyi_abce_best_full|lr=0.003|drop=0.40] [Reg Terms] Epoch [010] | Train: graph_entropy=0.000000, graph_diag=0.006009, graph_uniform=0.006753, graph_reg_scale=1.0000, prediction_l2=0.000000, personal_sparse=0.001197, alpha_var=0.000000, alpha_collapse=0.000004, reg_bce_ratio=0.0289 | Val: graph_entropy=0.000000, graph_diag=0.006000, graph_uniform=0.006753, graph_reg_scale=1.0000, prediction_l2=0.000000, personal_sparse=0.001250, alpha_var=0.000000, alpha_collapse=0.000000, reg_bce_ratio=0.0297
2026-04-17 17:13:50,112 - INFO - [junyi|junyi_abce_best_full|lr=0.003|drop=0.40] [Diag][AE] Epoch [010] | irt_abs_mean=1.6143, irt_std=0.8596, personal_warmup_scale=1.00, graph_row_entropy=3.2177, graph_entropy_ratio=0.4915, alpha_mean=0.1319, alpha_std=0.0490, alpha_base_mean=0.1304, alpha_delta_absmean=0.0373, alpha_saturation_ratio=0.0000, alpha_bias_std=NA, alpha_state_path=0.8178, alpha_id_path=0.0000, alpha_bias_path=0.0000, head_bias_path=0.1498, personal_row_entropy=2.4750, personal_matrix_delta=0.0417, personal_matrix_student_std=0.0454, personal_delta_pre_softmax_norm=2.6299, personal_delta_student_std=2.5618, alpha_head_std=0.0470, query_row_global_readout_delta=0.1309, query_row_personal_message_delta=0.0027, query_row_posterior_delta_abs=0.0417, query_row_posterior_kl=0.0298, query_row_delta_local_rms_raw=0.0344, query_row_message_projection_gain=0.8251, personal_to_graph_query_ratio=0.0209, query_row_global_support_mass=1.1952, query_row_personal_support_mass=1.1952, neighbor_row_personal_delta=0.0000, personal_row_budget_mean=1.3000, personal_query_row_std=0.2294, readout_query_support_mass=1.1952, personal_student_mix=0.0501, personal_student_adapter=0.0400, local_row_ratio=0.0671, support_density=1.0000, readout_query_delta=0.1311, personal_bad_rows_active=0.00, personal_fallback_rows_active=0.00, personal_bad_row_rate_active=0.0000, personal_padded_rows=0.00, personal_logits_support_absmax=6.8056, personal_query_trust_scale_mean=1.0000, personal_bad_rows_legacy=0.00, personal_fallback_rows_legacy=0.00, personal_logits_absmax_legacy=6.8056
2026-04-17 17:13:50,112 - INFO - [junyi|junyi_abce_best_full|lr=0.003|drop=0.40] [Diag][A] Epoch [010] | entropy_ratio=0.4915, diag_mass=0.0500, to_uniform_l2=0.007448, to_identity_l2=0.036726, relation_identity_delta=0.036726, knowledge_state_graph_delta=0.354022, knowledge_state_personal_delta=0.000000, share_concept_embeddings=True, tau_mean=0.6931, tau_std=0.0000, graph_reg_scale(train/val)=1.0000/1.0000
2026-04-17 17:13:50,112 - INFO - [junyi|junyi_abce_best_full|lr=0.003|drop=0.40] [Grad Norms] Epoch [010] | relation_emb=3.796654e-01, relation_tau=4.917378e-12, relation_wq=2.595510e-08, relation_wk=1.840320e-08, personal_u=1.993153e-03, personal_v=2.308256e-03, personal_alpha_bias=0.000000e+00, personal_gate_emb=1.326230e-10, personal_gate_state_proj=9.781316e-14, personal_gate_context_proj=1.490274e-10, personal_gate_state_direct=2.653321e-07, personal_gate_id_direct=1.256736e-10, personal_gate_context_direct=8.074814e-04, personal_gate_out=2.182296e-07, personal_generator_emb=1.291540e-13, personal_generator_context_proj=8.163857e-16, personal_generator_context_hidden=1.541008e-13, personal_generator_context_to_u=4.441981e-11, personal_generator_context_to_v=1.299853e-10, personal_generator_state_row=3.656219e-11, personal_generator_state_col=1.069518e-10, personal_generator_id_row=9.073742e-12, personal_generator_id_col=2.655163e-11, personal_generator_state_adapter=8.110785e-15, personal_generator_id_adapter=1.623804e-17, personal_generator_context_adapter=1.637952e-16, personal_generator_direct_scale=2.987691e-06
2026-04-17 17:13:50,112 - INFO - [junyi|junyi_abce_best_full|lr=0.003|drop=0.40] -> No improvement 1 epoch(s) (best AUC=0.8033 @ 9)
2026-04-17 17:13:50,255 - INFO - [junyi|junyi_abce_best_full|lr=0.003|drop=0.40] Checkpoint saved: checkpoints/abce_diag/remote_leverage_20260418_834538c/junyi/seed42/best_full/checkpoint_epoch_10.pth
2026-04-17 17:13:50,602 - INFO - [junyi|junyi_abce_best_full|lr=0.003|drop=0.40] [Module Activity] Epoch 10: Graph[LIVE] Personal[LIVE]
2026-04-17 17:16:47,753 - INFO - [junyi|junyi_abce_best_full|lr=0.003|drop=0.40] Epoch [011/100] | Train: Loss=0.5309, BCE=0.5159, Reg=0.0149, AUC=0.7920, ACC=0.7491, RMSE=0.4140 | Val: Loss=0.5293, BCE=0.5144, Reg=0.0149, AUC=0.8014, ACC=0.7607, RMSE=0.4090
2026-04-17 17:16:47,753 - INFO - [junyi|junyi_abce_best_full|lr=0.003|drop=0.40] [Reg Terms] Epoch [011] | Train: graph_entropy=0.000000, graph_diag=0.006010, graph_uniform=0.006753, graph_reg_scale=1.0000, prediction_l2=0.000000, personal_sparse=0.001204, alpha_var=0.000000, alpha_collapse=0.000004, reg_bce_ratio=0.0290 | Val: graph_entropy=0.000000, graph_diag=0.006000, graph_uniform=0.006753, graph_reg_scale=1.0000, prediction_l2=0.000000, personal_sparse=0.001228, alpha_var=0.000000, alpha_collapse=0.000005, reg_bce_ratio=0.0290
2026-04-17 17:16:48,077 - INFO - [junyi|junyi_abce_best_full|lr=0.003|drop=0.40] [Diag][AE] Epoch [011] | irt_abs_mean=2.0336, irt_std=1.3237, personal_warmup_scale=1.00, graph_row_entropy=3.2177, graph_entropy_ratio=0.4915, alpha_mean=0.1227, alpha_std=0.0459, alpha_base_mean=0.1295, alpha_delta_absmean=0.0339, alpha_saturation_ratio=0.0000, alpha_bias_std=NA, alpha_state_path=0.7499, alpha_id_path=0.0000, alpha_bias_path=0.0000, head_bias_path=0.1440, personal_row_entropy=2.4653, personal_matrix_delta=0.0419, personal_matrix_student_std=0.0453, personal_delta_pre_softmax_norm=2.6919, personal_delta_student_std=2.6400, alpha_head_std=0.0433, query_row_global_readout_delta=0.0736, query_row_personal_message_delta=0.0026, query_row_posterior_delta_abs=0.0419, query_row_posterior_kl=0.0301, query_row_delta_local_rms_raw=0.0291, query_row_message_projection_gain=0.6947, personal_to_graph_query_ratio=0.0351, query_row_global_support_mass=1.0867, query_row_personal_support_mass=1.0867, neighbor_row_personal_delta=0.0000, personal_row_budget_mean=1.3000, personal_query_row_std=0.1638, readout_query_support_mass=1.0867, personal_student_mix=0.0500, personal_student_adapter=0.0400, local_row_ratio=0.0672, support_density=1.0000, readout_query_delta=0.0738, personal_bad_rows_active=0.00, personal_fallback_rows_active=0.00, personal_bad_row_rate_active=0.0000, personal_padded_rows=0.00, personal_logits_support_absmax=6.8062, personal_query_trust_scale_mean=1.0000, personal_bad_rows_legacy=0.00, personal_fallback_rows_legacy=0.00, personal_logits_absmax_legacy=6.8062
2026-04-17 17:16:48,077 - INFO - [junyi|junyi_abce_best_full|lr=0.003|drop=0.40] [Diag][A] Epoch [011] | entropy_ratio=0.4915, diag_mass=0.0500, to_uniform_l2=0.007448, to_identity_l2=0.036726, relation_identity_delta=0.036726, knowledge_state_graph_delta=0.349855, knowledge_state_personal_delta=0.000000, share_concept_embeddings=True, tau_mean=0.6931, tau_std=0.0000, graph_reg_scale(train/val)=1.0000/1.0000
2026-04-17 17:16:48,077 - INFO - [junyi|junyi_abce_best_full|lr=0.003|drop=0.40] [Grad Norms] Epoch [011] | relation_emb=3.126762e-01, relation_tau=1.828955e-11, relation_wq=3.191268e-08, relation_wk=2.611160e-08, personal_u=3.651526e-03, personal_v=6.651639e-03, personal_alpha_bias=0.000000e+00, personal_gate_emb=2.464415e-10, personal_gate_state_proj=1.711500e-14, personal_gate_context_proj=2.504327e-10, personal_gate_state_direct=6.868471e-08, personal_gate_id_direct=3.284776e-10, personal_gate_context_direct=9.815092e-04, personal_gate_out=1.230580e-07, personal_generator_emb=2.388852e-13, personal_generator_context_proj=1.125382e-15, personal_generator_context_hidden=3.169663e-13, personal_generator_context_to_u=4.090429e-11, personal_generator_context_to_v=4.193090e-10, personal_generator_state_row=3.199770e-11, personal_generator_state_col=3.274156e-10, personal_generator_id_row=7.753525e-12, personal_generator_id_col=7.946548e-11, personal_generator_state_adapter=4.536952e-15, personal_generator_id_adapter=4.036775e-16, personal_generator_context_adapter=3.142996e-14, personal_generator_direct_scale=1.343881e-05
2026-04-17 17:16:48,077 - INFO - [junyi|junyi_abce_best_full|lr=0.003|drop=0.40] -> No improvement 2 epoch(s) (best AUC=0.8033 @ 9)
2026-04-17 17:19:51,028 - INFO - [junyi|junyi_abce_best_full|lr=0.003|drop=0.40] Epoch [012/100] | Train: Loss=0.5182, BCE=0.5033, Reg=0.0149, AUC=0.8042, ACC=0.7578, RMSE=0.4078 | Val: Loss=0.5044, BCE=0.4895, Reg=0.0150, AUC=0.8135, ACC=0.7704, RMSE=0.4004
2026-04-17 17:19:51,028 - INFO - [junyi|junyi_abce_best_full|lr=0.003|drop=0.40] [Reg Terms] Epoch [012] | Train: graph_entropy=0.000000, graph_diag=0.006003, graph_uniform=0.006753, graph_reg_scale=1.0000, prediction_l2=0.000000, personal_sparse=0.001206, alpha_var=0.000000, alpha_collapse=0.000003, reg_bce_ratio=0.0297 | Val: graph_entropy=0.000000, graph_diag=0.006000, graph_uniform=0.006753, graph_reg_scale=1.0000, prediction_l2=0.000000, personal_sparse=0.001189, alpha_var=0.000000, alpha_collapse=0.000008, reg_bce_ratio=0.0305
2026-04-17 17:19:51,253 - INFO - [junyi|junyi_abce_best_full|lr=0.003|drop=0.40] [Diag][AE] Epoch [012] | irt_abs_mean=1.6647, irt_std=1.1030, personal_warmup_scale=1.00, graph_row_entropy=3.2177, graph_entropy_ratio=0.4915, alpha_mean=0.1331, alpha_std=0.0452, alpha_base_mean=0.1301, alpha_delta_absmean=0.0348, alpha_saturation_ratio=0.0000, alpha_bias_std=NA, alpha_state_path=0.7480, alpha_id_path=0.0000, alpha_bias_path=0.0000, head_bias_path=0.1406, personal_row_entropy=2.3815, personal_matrix_delta=0.0447, personal_matrix_student_std=0.0479, personal_delta_pre_softmax_norm=2.7329, personal_delta_student_std=2.6685, alpha_head_std=0.0439, query_row_global_readout_delta=0.1225, query_row_personal_message_delta=0.0033, query_row_posterior_delta_abs=0.0447, query_row_posterior_kl=0.0332, query_row_delta_local_rms_raw=0.0341, query_row_message_projection_gain=0.7616, personal_to_graph_query_ratio=0.0269, query_row_global_support_mass=1.4231, query_row_personal_support_mass=1.4231, neighbor_row_personal_delta=0.0000, personal_row_budget_mean=1.3000, personal_query_row_std=0.1789, readout_query_support_mass=1.4231, personal_student_mix=0.0500, personal_student_adapter=0.0400, local_row_ratio=0.0686, support_density=1.0000, readout_query_delta=0.1206, personal_bad_rows_active=0.00, personal_fallback_rows_active=0.00, personal_bad_row_rate_active=0.0000, personal_padded_rows=0.00, personal_logits_support_absmax=6.7801, personal_query_trust_scale_mean=1.0000, personal_bad_rows_legacy=0.00, personal_fallback_rows_legacy=0.00, personal_logits_absmax_legacy=6.7801
2026-04-17 17:19:51,253 - INFO - [junyi|junyi_abce_best_full|lr=0.003|drop=0.40] [Diag][A] Epoch [012] | entropy_ratio=0.4915, diag_mass=0.0500, to_uniform_l2=0.007448, to_identity_l2=0.036726, relation_identity_delta=0.036726, knowledge_state_graph_delta=0.371900, knowledge_state_personal_delta=0.000000, share_concept_embeddings=True, tau_mean=0.6931, tau_std=0.0000, graph_reg_scale(train/val)=1.0000/1.0000
2026-04-17 17:19:51,254 - INFO - [junyi|junyi_abce_best_full|lr=0.003|drop=0.40] [Grad Norms] Epoch [012] | relation_emb=4.397400e-01, relation_tau=9.783819e-13, relation_wq=2.343362e-08, relation_wk=1.648940e-08, personal_u=1.116370e-02, personal_v=1.057060e-02, personal_alpha_bias=0.000000e+00, personal_gate_emb=0.000000e+00, personal_gate_state_proj=3.258484e-16, personal_gate_context_proj=2.958433e-11, personal_gate_state_direct=1.470776e-08, personal_gate_id_direct=0.000000e+00, personal_gate_context_direct=1.546572e-03, personal_gate_out=2.822754e-07, personal_generator_emb=2.606161e-18, personal_generator_context_proj=4.658334e-17, personal_generator_context_hidden=1.874564e-15, personal_generator_context_to_u=3.574681e-11, personal_generator_context_to_v=4.363618e-11, personal_generator_state_row=5.165915e-11, personal_generator_state_col=6.300537e-11, personal_generator_id_row=1.288022e-11, personal_generator_id_col=1.572291e-11, personal_generator_state_adapter=6.048786e-15, personal_generator_id_adapter=1.746241e-20, personal_generator_context_adapter=4.426479e-16, personal_generator_direct_scale=3.601573e-06
2026-04-17 17:19:51,839 - INFO - [junyi|junyi_abce_best_full|lr=0.003|drop=0.40] -> New best AUC=0.8135 at epoch 12
2026-04-17 17:23:07,887 - INFO - [junyi|junyi_abce_best_full|lr=0.003|drop=0.40] Epoch [013/100] | Train: Loss=0.5156, BCE=0.5007, Reg=0.0149, AUC=0.8067, ACC=0.7591, RMSE=0.4064 | Val: Loss=0.5051, BCE=0.4900, Reg=0.0151, AUC=0.8117, ACC=0.7682, RMSE=0.4010
2026-04-17 17:23:07,888 - INFO - [junyi|junyi_abce_best_full|lr=0.003|drop=0.40] [Reg Terms] Epoch [013] | Train: graph_entropy=0.000000, graph_diag=0.006005, graph_uniform=0.006753, graph_reg_scale=1.0000, prediction_l2=0.000000, personal_sparse=0.001202, alpha_var=0.000000, alpha_collapse=0.000004, reg_bce_ratio=0.0298 | Val: graph_entropy=0.000000, graph_diag=0.006000, graph_uniform=0.006753, graph_reg_scale=1.0000, prediction_l2=0.000000, personal_sparse=0.001164, alpha_var=0.000000, alpha_collapse=0.000101, reg_bce_ratio=0.0308
2026-04-17 17:23:08,176 - INFO - [junyi|junyi_abce_best_full|lr=0.003|drop=0.40] [Diag][AE] Epoch [013] | irt_abs_mean=1.4342, irt_std=0.8306, personal_warmup_scale=1.00, graph_row_entropy=3.2177, graph_entropy_ratio=0.4915, alpha_mean=0.1344, alpha_std=0.0409, alpha_base_mean=0.1317, alpha_delta_absmean=0.0305, alpha_saturation_ratio=0.0000, alpha_bias_std=NA, alpha_state_path=0.6496, alpha_id_path=0.0000, alpha_bias_path=0.0000, head_bias_path=0.1354, personal_row_entropy=2.3074, personal_matrix_delta=0.0464, personal_matrix_student_std=0.0506, personal_delta_pre_softmax_norm=2.4988, personal_delta_student_std=2.3771, alpha_head_std=0.0393, query_row_global_readout_delta=0.1430, query_row_personal_message_delta=0.0018, query_row_posterior_delta_abs=0.0464, query_row_posterior_kl=0.0360, query_row_delta_local_rms_raw=0.0212, query_row_message_projection_gain=0.4574, personal_to_graph_query_ratio=0.0125, query_row_global_support_mass=2.7006, query_row_personal_support_mass=2.7006, neighbor_row_personal_delta=0.0000, personal_row_budget_mean=1.3000, personal_query_row_std=0.2742, readout_query_support_mass=2.7006, personal_student_mix=0.0500, personal_student_adapter=0.0400, local_row_ratio=0.0581, support_density=1.0000, readout_query_delta=0.1428, personal_bad_rows_active=0.00, personal_fallback_rows_active=0.00, personal_bad_row_rate_active=0.0000, personal_padded_rows=0.00, personal_logits_support_absmax=6.8435, personal_query_trust_scale_mean=1.0000, personal_bad_rows_legacy=0.00, personal_fallback_rows_legacy=0.00, personal_logits_absmax_legacy=6.8435
2026-04-17 17:23:08,176 - INFO - [junyi|junyi_abce_best_full|lr=0.003|drop=0.40] [Diag][A] Epoch [013] | entropy_ratio=0.4915, diag_mass=0.0500, to_uniform_l2=0.007448, to_identity_l2=0.036726, relation_identity_delta=0.036726, knowledge_state_graph_delta=0.371728, knowledge_state_personal_delta=0.000000, share_concept_embeddings=True, tau_mean=0.6932, tau_std=0.0000, graph_reg_scale(train/val)=1.0000/1.0000
2026-04-17 17:23:08,176 - WARNING - [junyi|junyi_abce_best_full|lr=0.003|drop=0.40] [Diag Warning][AE] query-readout-overamplified: readout_query_delta=0.142817, query_row_graph_delta=0.143018, personal_matrix_delta=0.046373
2026-04-17 17:23:08,177 - INFO - [junyi|junyi_abce_best_full|lr=0.003|drop=0.40] [Grad Norms] Epoch [013] | relation_emb=3.298642e-01, relation_tau=1.271773e-12, relation_wq=6.055201e-09, relation_wk=4.822642e-09, personal_u=4.528178e-03, personal_v=3.879767e-03, personal_alpha_bias=0.000000e+00, personal_gate_emb=0.000000e+00, personal_gate_state_proj=4.199781e-14, personal_gate_context_proj=8.678515e-10, personal_gate_state_direct=1.808311e-07, personal_gate_id_direct=0.000000e+00, personal_gate_context_direct=3.733283e-03, personal_gate_out=5.805492e-07, personal_generator_emb=1.785733e-18, personal_generator_context_proj=2.076518e-17, personal_generator_context_hidden=9.870428e-15, personal_generator_context_to_u=2.546079e-11, personal_generator_context_to_v=3.725117e-11, personal_generator_state_row=1.607161e-11, personal_generator_state_col=2.354278e-11, personal_generator_id_row=4.020396e-12, personal_generator_id_col=5.882161e-12, personal_generator_state_adapter=3.785186e-16, personal_generator_id_adapter=4.284363e-20, personal_generator_context_adapter=2.011127e-15, personal_generator_direct_scale=2.139868e-06
2026-04-17 17:23:08,177 - INFO - [junyi|junyi_abce_best_full|lr=0.003|drop=0.40] -> No improvement 1 epoch(s) (best AUC=0.8135 @ 12)
2026-04-17 17:26:26,534 - INFO - [junyi|junyi_abce_best_full|lr=0.003|drop=0.40] Epoch [014/100] | Train: Loss=0.5152, BCE=0.5002, Reg=0.0149, AUC=0.8070, ACC=0.7597, RMSE=0.4061 | Val: Loss=0.5024, BCE=0.4875, Reg=0.0149, AUC=0.8141, ACC=0.7693, RMSE=0.3995
2026-04-17 17:26:26,534 - INFO - [junyi|junyi_abce_best_full|lr=0.003|drop=0.40] [Reg Terms] Epoch [014] | Train: graph_entropy=0.000000, graph_diag=0.006004, graph_uniform=0.006753, graph_reg_scale=1.0000, prediction_l2=0.000000, personal_sparse=0.001209, alpha_var=0.000000, alpha_collapse=0.000004, reg_bce_ratio=0.0298 | Val: graph_entropy=0.000000, graph_diag=0.006000, graph_uniform=0.006753, graph_reg_scale=1.0000, prediction_l2=0.000000, personal_sparse=0.001243, alpha_var=0.000000, alpha_collapse=0.000003, reg_bce_ratio=0.0305
2026-04-17 17:26:26,838 - INFO - [junyi|junyi_abce_best_full|lr=0.003|drop=0.40] [Diag][AE] Epoch [014] | irt_abs_mean=1.6226, irt_std=1.0783, personal_warmup_scale=1.00, graph_row_entropy=3.2177, graph_entropy_ratio=0.4915, alpha_mean=0.1480, alpha_std=0.0450, alpha_base_mean=0.1336, alpha_delta_absmean=0.0348, alpha_saturation_ratio=0.0000, alpha_bias_std=NA, alpha_state_path=0.7798, alpha_id_path=0.0000, alpha_bias_path=0.0000, head_bias_path=0.1373, personal_row_entropy=2.4724, personal_matrix_delta=0.0416, personal_matrix_student_std=0.0454, personal_delta_pre_softmax_norm=2.7082, personal_delta_student_std=2.6752, alpha_head_std=0.0437, query_row_global_readout_delta=0.1258, query_row_personal_message_delta=0.0033, query_row_posterior_delta_abs=0.0416, query_row_posterior_kl=0.0298, query_row_delta_local_rms_raw=0.0355, query_row_message_projection_gain=0.8513, personal_to_graph_query_ratio=0.0264, query_row_global_support_mass=1.3863, query_row_personal_support_mass=1.3863, neighbor_row_personal_delta=0.0000, personal_row_budget_mean=1.3000, personal_query_row_std=0.2579, readout_query_support_mass=1.3863, personal_student_mix=0.0501, personal_student_adapter=0.0400, local_row_ratio=0.0670, support_density=1.0000, readout_query_delta=0.1254, personal_bad_rows_active=0.00, personal_fallback_rows_active=0.00, personal_bad_row_rate_active=0.0000, personal_padded_rows=0.00, personal_logits_support_absmax=6.8403, personal_query_trust_scale_mean=1.0000, personal_bad_rows_legacy=0.00, personal_fallback_rows_legacy=0.00, personal_logits_absmax_legacy=6.8403
2026-04-17 17:26:26,838 - INFO - [junyi|junyi_abce_best_full|lr=0.003|drop=0.40] [Diag][A] Epoch [014] | entropy_ratio=0.4915, diag_mass=0.0500, to_uniform_l2=0.007448, to_identity_l2=0.036726, relation_identity_delta=0.036726, knowledge_state_graph_delta=0.379779, knowledge_state_personal_delta=0.000000, share_concept_embeddings=True, tau_mean=0.6932, tau_std=0.0000, graph_reg_scale(train/val)=1.0000/1.0000
2026-04-17 17:26:26,838 - INFO - [junyi|junyi_abce_best_full|lr=0.003|drop=0.40] [Grad Norms] Epoch [014] | relation_emb=3.823866e-01, relation_tau=3.919737e-12, relation_wq=1.459108e-08, relation_wk=1.125160e-08, personal_u=5.681587e-03, personal_v=4.205780e-03, personal_alpha_bias=0.000000e+00, personal_gate_emb=0.000000e+00, personal_gate_state_proj=1.659578e-11, personal_gate_context_proj=1.041798e-10, personal_gate_state_direct=2.285552e-04, personal_gate_id_direct=0.000000e+00, personal_gate_context_direct=1.421939e-03, personal_gate_out=4.961819e-07, personal_generator_emb=3.398912e-18, personal_generator_context_proj=4.330100e-17, personal_generator_context_hidden=2.284031e-14, personal_generator_context_to_u=1.600740e-11, personal_generator_context_to_v=6.267959e-11, personal_generator_state_row=2.503260e-11, personal_generator_state_col=9.797953e-11, personal_generator_id_row=6.252351e-12, personal_generator_id_col=2.448210e-11, personal_generator_state_adapter=3.214990e-15, personal_generator_id_adapter=1.630175e-19, personal_generator_context_adapter=8.841205e-16, personal_generator_direct_scale=5.199107e-06
2026-04-17 17:26:27,580 - INFO - [junyi|junyi_abce_best_full|lr=0.003|drop=0.40] -> New best AUC=0.8141 at epoch 14
2026-04-17 17:29:44,728 - INFO - [junyi|junyi_abce_best_full|lr=0.003|drop=0.40] Epoch [015/100] | Train: Loss=0.5146, BCE=0.4997, Reg=0.0149, AUC=0.8078, ACC=0.7597, RMSE=0.4059 | Val: Loss=0.5098, BCE=0.4949, Reg=0.0149, AUC=0.8133, ACC=0.7697, RMSE=0.4017
2026-04-17 17:29:44,729 - INFO - [junyi|junyi_abce_best_full|lr=0.003|drop=0.40] [Reg Terms] Epoch [015] | Train: graph_entropy=0.000000, graph_diag=0.006005, graph_uniform=0.006753, graph_reg_scale=1.0000, prediction_l2=0.000000, personal_sparse=0.001206, alpha_var=0.000000, alpha_collapse=0.000003, reg_bce_ratio=0.0299 | Val: graph_entropy=0.000000, graph_diag=0.006000, graph_uniform=0.006753, graph_reg_scale=1.0000, prediction_l2=0.000000, personal_sparse=0.001226, alpha_var=0.000000, alpha_collapse=0.000012, reg_bce_ratio=0.0301
2026-04-17 17:29:45,011 - INFO - [junyi|junyi_abce_best_full|lr=0.003|drop=0.40] [Diag][AE] Epoch [015] | irt_abs_mean=1.8078, irt_std=1.2579, personal_warmup_scale=1.00, graph_row_entropy=3.2177, graph_entropy_ratio=0.4915, alpha_mean=0.1335, alpha_std=0.0441, alpha_base_mean=0.1321, alpha_delta_absmean=0.0336, alpha_saturation_ratio=0.0000, alpha_bias_std=NA, alpha_state_path=0.7166, alpha_id_path=0.0000, alpha_bias_path=0.0000, head_bias_path=0.1459, personal_row_entropy=2.4492, personal_matrix_delta=0.0426, personal_matrix_student_std=0.0451, personal_delta_pre_softmax_norm=2.7322, personal_delta_student_std=2.6639, alpha_head_std=0.0431, query_row_global_readout_delta=0.0659, query_row_personal_message_delta=0.0044, query_row_posterior_delta_abs=0.0426, query_row_posterior_kl=0.0306, query_row_delta_local_rms_raw=0.0595, query_row_message_projection_gain=1.3966, personal_to_graph_query_ratio=0.0661, query_row_global_support_mass=1.5666, query_row_personal_support_mass=1.5666, neighbor_row_personal_delta=0.0000, personal_row_budget_mean=1.3000, personal_query_row_std=0.1197, readout_query_support_mass=1.5666, personal_student_mix=0.0500, personal_student_adapter=0.0400, local_row_ratio=0.0659, support_density=1.0000, readout_query_delta=0.0650, personal_bad_rows_active=0.00, personal_fallback_rows_active=0.00, personal_bad_row_rate_active=0.0000, personal_padded_rows=0.00, personal_logits_support_absmax=6.8020, personal_query_trust_scale_mean=0.9999, personal_bad_rows_legacy=0.00, personal_fallback_rows_legacy=0.00, personal_logits_absmax_legacy=6.8020
2026-04-17 17:29:45,012 - INFO - [junyi|junyi_abce_best_full|lr=0.003|drop=0.40] [Diag][A] Epoch [015] | entropy_ratio=0.4915, diag_mass=0.0500, to_uniform_l2=0.007448, to_identity_l2=0.036726, relation_identity_delta=0.036726, knowledge_state_graph_delta=0.350690, knowledge_state_personal_delta=0.000000, share_concept_embeddings=True, tau_mean=0.6931, tau_std=0.0000, graph_reg_scale(train/val)=1.0000/1.0000
2026-04-17 17:29:45,012 - INFO - [junyi|junyi_abce_best_full|lr=0.003|drop=0.40] [Grad Norms] Epoch [015] | relation_emb=3.994574e-01, relation_tau=1.467376e-12, relation_wq=1.061496e-08, relation_wk=7.773511e-09, personal_u=9.326602e-03, personal_v=6.559520e-03, personal_alpha_bias=0.000000e+00, personal_gate_emb=0.000000e+00, personal_gate_state_proj=6.533942e-15, personal_gate_context_proj=1.123860e-11, personal_gate_state_direct=4.658984e-07, personal_gate_id_direct=0.000000e+00, personal_gate_context_direct=6.452912e-04, personal_gate_out=2.582960e-09, personal_generator_emb=3.971455e-18, personal_generator_context_proj=2.320008e-17, personal_generator_context_hidden=2.203763e-14, personal_generator_context_to_u=2.379573e-11, personal_generator_context_to_v=4.635219e-11, personal_generator_state_row=1.650067e-11, personal_generator_state_col=3.219585e-11, personal_generator_id_row=4.110521e-12, personal_generator_id_col=8.006968e-12, personal_generator_state_adapter=2.765065e-16, personal_generator_id_adapter=1.955902e-20, personal_generator_context_adapter=5.577258e-16, personal_generator_direct_scale=3.714943e-06
2026-04-17 17:29:45,012 - INFO - [junyi|junyi_abce_best_full|lr=0.003|drop=0.40] -> No improvement 1 epoch(s) (best AUC=0.8141 @ 14)
2026-04-17 17:33:02,689 - INFO - [junyi|junyi_abce_best_full|lr=0.003|drop=0.40] Epoch [016/100] | Train: Loss=0.5145, BCE=0.4996, Reg=0.0149, AUC=0.8076, ACC=0.7605, RMSE=0.4059 | Val: Loss=0.5105, BCE=0.4956, Reg=0.0149, AUC=0.8132, ACC=0.7679, RMSE=0.4018
2026-04-17 17:33:02,689 - INFO - [junyi|junyi_abce_best_full|lr=0.003|drop=0.40] [Reg Terms] Epoch [016] | Train: graph_entropy=0.000000, graph_diag=0.006004, graph_uniform=0.006753, graph_reg_scale=1.0000, prediction_l2=0.000000, personal_sparse=0.001213, alpha_var=0.000000, alpha_collapse=0.000003, reg_bce_ratio=0.0299 | Val: graph_entropy=0.000000, graph_diag=0.006000, graph_uniform=0.006753, graph_reg_scale=1.0000, prediction_l2=0.000000, personal_sparse=0.001230, alpha_var=0.000000, alpha_collapse=0.000003, reg_bce_ratio=0.0301
2026-04-17 17:33:02,973 - INFO - [junyi|junyi_abce_best_full|lr=0.003|drop=0.40] [Diag][AE] Epoch [016] | irt_abs_mean=1.8862, irt_std=1.2651, personal_warmup_scale=1.00, graph_row_entropy=3.2177, graph_entropy_ratio=0.4915, alpha_mean=0.1425, alpha_std=0.0470, alpha_base_mean=0.1335, alpha_delta_absmean=0.0366, alpha_saturation_ratio=0.0000, alpha_bias_std=NA, alpha_state_path=0.8080, alpha_id_path=0.0000, alpha_bias_path=0.0000, head_bias_path=0.1378, personal_row_entropy=2.4473, personal_matrix_delta=0.0431, personal_matrix_student_std=0.0456, personal_delta_pre_softmax_norm=2.7819, personal_delta_student_std=2.7361, alpha_head_std=0.0456, query_row_global_readout_delta=0.1112, query_row_personal_message_delta=0.0047, query_row_posterior_delta_abs=0.0431, query_row_posterior_kl=0.0309, query_row_delta_local_rms_raw=0.0530, query_row_message_projection_gain=1.2307, personal_to_graph_query_ratio=0.0419, query_row_global_support_mass=0.6324, query_row_personal_support_mass=0.6324, neighbor_row_personal_delta=0.0000, personal_row_budget_mean=1.3000, personal_query_row_std=0.0861, readout_query_support_mass=0.6324, personal_student_mix=0.0499, personal_student_adapter=0.0400, local_row_ratio=0.0692, support_density=1.0000, readout_query_delta=0.1116, personal_bad_rows_active=0.00, personal_fallback_rows_active=0.00, personal_bad_row_rate_active=0.0000, personal_padded_rows=0.00, personal_logits_support_absmax=6.7547, personal_query_trust_scale_mean=1.0000, personal_bad_rows_legacy=0.00, personal_fallback_rows_legacy=0.00, personal_logits_absmax_legacy=6.7547
2026-04-17 17:33:02,974 - INFO - [junyi|junyi_abce_best_full|lr=0.003|drop=0.40] [Diag][A] Epoch [016] | entropy_ratio=0.4915, diag_mass=0.0500, to_uniform_l2=0.007448, to_identity_l2=0.036726, relation_identity_delta=0.036726, knowledge_state_graph_delta=0.402078, knowledge_state_personal_delta=0.000000, share_concept_embeddings=True, tau_mean=0.6931, tau_std=0.0000, graph_reg_scale(train/val)=1.0000/1.0000
2026-04-17 17:33:02,974 - INFO - [junyi|junyi_abce_best_full|lr=0.003|drop=0.40] [Grad Norms] Epoch [016] | relation_emb=5.777702e-01, relation_tau=5.477739e-12, relation_wq=1.137527e-08, relation_wk=9.922392e-09, personal_u=2.036561e-02, personal_v=2.001541e-02, personal_alpha_bias=0.000000e+00, personal_gate_emb=0.000000e+00, personal_gate_state_proj=1.612813e-14, personal_gate_context_proj=2.607155e-10, personal_gate_state_direct=8.117640e-08, personal_gate_id_direct=0.000000e+00, personal_gate_context_direct=1.566482e-03, personal_gate_out=1.718989e-07, personal_generator_emb=1.946443e-17, personal_generator_context_proj=7.547971e-17, personal_generator_context_hidden=2.201525e-14, personal_generator_context_to_u=9.132479e-11, personal_generator_context_to_v=7.093230e-11, personal_generator_state_row=8.115306e-11, personal_generator_state_col=6.300874e-11, personal_generator_id_row=2.021800e-11, personal_generator_id_col=1.570340e-11, personal_generator_state_adapter=2.110858e-15, personal_generator_id_adapter=1.201226e-19, personal_generator_context_adapter=2.025878e-15, personal_generator_direct_scale=4.500836e-06
2026-04-17 17:33:02,974 - INFO - [junyi|junyi_abce_best_full|lr=0.003|drop=0.40] -> No improvement 2 epoch(s) (best AUC=0.8141 @ 14)
2026-04-17 17:36:21,597 - INFO - [junyi|junyi_abce_best_full|lr=0.003|drop=0.40] Epoch [017/100] | Train: Loss=0.5017, BCE=0.4867, Reg=0.0149, AUC=0.8188, ACC=0.7684, RMSE=0.3996 | Val: Loss=0.4972, BCE=0.4823, Reg=0.0150, AUC=0.8198, ACC=0.7731, RMSE=0.3972
2026-04-17 17:36:21,597 - INFO - [junyi|junyi_abce_best_full|lr=0.003|drop=0.40] [Reg Terms] Epoch [017] | Train: graph_entropy=0.000000, graph_diag=0.006001, graph_uniform=0.006753, graph_reg_scale=1.0000, prediction_l2=0.000000, personal_sparse=0.001208, alpha_var=0.000000, alpha_collapse=0.000003, reg_bce_ratio=0.0307 | Val: graph_entropy=0.000000, graph_diag=0.006000, graph_uniform=0.006753, graph_reg_scale=1.0000, prediction_l2=0.000000, personal_sparse=0.001191, alpha_var=0.000000, alpha_collapse=0.000013, reg_bce_ratio=0.0310
2026-04-17 17:36:21,875 - INFO - [junyi|junyi_abce_best_full|lr=0.003|drop=0.40] [Diag][AE] Epoch [017] | irt_abs_mean=1.6155, irt_std=0.9691, personal_warmup_scale=1.00, graph_row_entropy=3.2177, graph_entropy_ratio=0.4915, alpha_mean=0.1552, alpha_std=0.0446, alpha_base_mean=0.1350, alpha_delta_absmean=0.0339, alpha_saturation_ratio=0.0000, alpha_bias_std=NA, alpha_state_path=0.8027, alpha_id_path=0.0000, alpha_bias_path=0.0000, head_bias_path=0.1389, personal_row_entropy=2.3939, personal_matrix_delta=0.0441, personal_matrix_student_std=0.0477, personal_delta_pre_softmax_norm=2.7007, personal_delta_student_std=2.6359, alpha_head_std=0.0429, query_row_global_readout_delta=0.1298, query_row_personal_message_delta=0.0038, query_row_posterior_delta_abs=0.0441, query_row_posterior_kl=0.0328, query_row_delta_local_rms_raw=0.0416, query_row_message_projection_gain=0.9417, personal_to_graph_query_ratio=0.0296, query_row_global_support_mass=1.2790, query_row_personal_support_mass=1.2790, neighbor_row_personal_delta=0.0000, personal_row_budget_mean=1.3000, personal_query_row_std=0.1992, readout_query_support_mass=1.2790, personal_student_mix=0.0500, personal_student_adapter=0.0400, local_row_ratio=0.0684, support_density=1.0000, readout_query_delta=0.1296, personal_bad_rows_active=0.00, personal_fallback_rows_active=0.00, personal_bad_row_rate_active=0.0000, personal_padded_rows=0.00, personal_logits_support_absmax=6.8233, personal_query_trust_scale_mean=1.0000, personal_bad_rows_legacy=0.00, personal_fallback_rows_legacy=0.00, personal_logits_absmax_legacy=6.8233
2026-04-17 17:36:21,876 - INFO - [junyi|junyi_abce_best_full|lr=0.003|drop=0.40] [Diag][A] Epoch [017] | entropy_ratio=0.4915, diag_mass=0.0500, to_uniform_l2=0.007448, to_identity_l2=0.036726, relation_identity_delta=0.036726, knowledge_state_graph_delta=0.400338, knowledge_state_personal_delta=0.000000, share_concept_embeddings=True, tau_mean=0.6932, tau_std=0.0000, graph_reg_scale(train/val)=1.0000/1.0000
2026-04-17 17:36:21,876 - INFO - [junyi|junyi_abce_best_full|lr=0.003|drop=0.40] [Grad Norms] Epoch [017] | relation_emb=4.878226e-01, relation_tau=4.924348e-13, relation_wq=2.767766e-09, relation_wk=2.213873e-09, personal_u=1.223868e-02, personal_v=1.317353e-02, personal_alpha_bias=0.000000e+00, personal_gate_emb=0.000000e+00, personal_gate_state_proj=3.385818e-16, personal_gate_context_proj=1.086591e-11, personal_gate_state_direct=6.321307e-08, personal_gate_id_direct=0.000000e+00, personal_gate_context_direct=1.851061e-03, personal_gate_out=1.610129e-08, personal_generator_emb=8.494176e-19, personal_generator_context_proj=3.792874e-18, personal_generator_context_hidden=3.417516e-15, personal_generator_context_to_u=2.346076e-11, personal_generator_context_to_v=2.814523e-11, personal_generator_state_row=1.969998e-11, personal_generator_state_col=2.364042e-11, personal_generator_id_row=4.908120e-12, personal_generator_id_col=5.888137e-12, personal_generator_state_adapter=3.293366e-18, personal_generator_id_adapter=1.970317e-22, personal_generator_context_adapter=7.194420e-16, personal_generator_direct_scale=4.105534e-06
2026-04-17 17:36:22,630 - INFO - [junyi|junyi_abce_best_full|lr=0.003|drop=0.40] -> New best AUC=0.8198 at epoch 17
2026-04-17 17:39:33,438 - INFO - [junyi|junyi_abce_best_full|lr=0.003|drop=0.40] Epoch [018/100] | Train: Loss=0.5001, BCE=0.4852, Reg=0.0149, AUC=0.8204, ACC=0.7691, RMSE=0.3988 | Val: Loss=0.4945, BCE=0.4795, Reg=0.0149, AUC=0.8211, ACC=0.7755, RMSE=0.3957
2026-04-17 17:39:33,438 - INFO - [junyi|junyi_abce_best_full|lr=0.003|drop=0.40] [Reg Terms] Epoch [018] | Train: graph_entropy=0.000000, graph_diag=0.006003, graph_uniform=0.006753, graph_reg_scale=1.0000, prediction_l2=0.000000, personal_sparse=0.001208, alpha_var=0.000000, alpha_collapse=0.000003, reg_bce_ratio=0.0308 | Val: graph_entropy=0.000000, graph_diag=0.006000, graph_uniform=0.006753, graph_reg_scale=1.0000, prediction_l2=0.000000, personal_sparse=0.001201, alpha_var=0.000000, alpha_collapse=0.000003, reg_bce_ratio=0.0311
2026-04-17 17:39:33,711 - INFO - [junyi|junyi_abce_best_full|lr=0.003|drop=0.40] [Diag][AE] Epoch [018] | irt_abs_mean=1.5579, irt_std=0.9080, personal_warmup_scale=1.00, graph_row_entropy=3.2177, graph_entropy_ratio=0.4915, alpha_mean=0.1529, alpha_std=0.0446, alpha_base_mean=0.1356, alpha_delta_absmean=0.0341, alpha_saturation_ratio=0.0000, alpha_bias_std=NA, alpha_state_path=0.7802, alpha_id_path=0.0000, alpha_bias_path=0.0000, head_bias_path=0.1427, personal_row_entropy=2.3823, personal_matrix_delta=0.0437, personal_matrix_student_std=0.0492, personal_delta_pre_softmax_norm=2.5093, personal_delta_student_std=2.4403, alpha_head_std=0.0433, query_row_global_readout_delta=0.1506, query_row_personal_message_delta=0.0031, query_row_posterior_delta_abs=0.0437, query_row_posterior_kl=0.0332, query_row_delta_local_rms_raw=0.0304, query_row_message_projection_gain=0.6954, personal_to_graph_query_ratio=0.0206, query_row_global_support_mass=1.8493, query_row_personal_support_mass=1.8493, neighbor_row_personal_delta=0.0000, personal_row_budget_mean=1.3000, personal_query_row_std=0.3312, readout_query_support_mass=1.8493, personal_student_mix=0.0500, personal_student_adapter=0.0400, local_row_ratio=0.0627, support_density=1.0000, readout_query_delta=0.1501, personal_bad_rows_active=0.00, personal_fallback_rows_active=0.00, personal_bad_row_rate_active=0.0000, personal_padded_rows=0.00, personal_logits_support_absmax=6.8552, personal_query_trust_scale_mean=1.0000, personal_bad_rows_legacy=0.00, personal_fallback_rows_legacy=0.00, personal_logits_absmax_legacy=6.8552
2026-04-17 17:39:33,712 - INFO - [junyi|junyi_abce_best_full|lr=0.003|drop=0.40] [Diag][A] Epoch [018] | entropy_ratio=0.4915, diag_mass=0.0500, to_uniform_l2=0.007448, to_identity_l2=0.036726, relation_identity_delta=0.036726, knowledge_state_graph_delta=0.414775, knowledge_state_personal_delta=0.000000, share_concept_embeddings=True, tau_mean=0.6932, tau_std=0.0000, graph_reg_scale(train/val)=1.0000/1.0000
2026-04-17 17:39:33,712 - INFO - [junyi|junyi_abce_best_full|lr=0.003|drop=0.40] [Grad Norms] Epoch [018] | relation_emb=5.803731e-01, relation_tau=3.805698e-13, relation_wq=3.042295e-09, relation_wk=1.926603e-09, personal_u=1.074759e-02, personal_v=9.046276e-03, personal_alpha_bias=0.000000e+00, personal_gate_emb=0.000000e+00, personal_gate_state_proj=2.018046e-15, personal_gate_context_proj=5.566156e-12, personal_gate_state_direct=1.671743e-07, personal_gate_id_direct=0.000000e+00, personal_gate_context_direct=5.810987e-04, personal_gate_out=2.828563e-08, personal_generator_emb=1.327602e-19, personal_generator_context_proj=2.737204e-18, personal_generator_context_hidden=1.945961e-15, personal_generator_context_to_u=1.087719e-11, personal_generator_context_to_v=2.325397e-11, personal_generator_state_row=1.147175e-11, personal_generator_state_col=2.452911e-11, personal_generator_id_row=2.867314e-12, personal_generator_id_col=6.129937e-12, personal_generator_state_adapter=6.575073e-16, personal_generator_id_adapter=5.839305e-21, personal_generator_context_adapter=5.250482e-16, personal_generator_direct_scale=2.863773e-06
2026-04-17 17:39:34,387 - INFO - [junyi|junyi_abce_best_full|lr=0.003|drop=0.40] -> New best AUC=0.8211 at epoch 18
2026-04-17 17:42:33,099 - INFO - [junyi|junyi_abce_best_full|lr=0.003|drop=0.40] Epoch [019/100] | Train: Loss=0.4993, BCE=0.4843, Reg=0.0149, AUC=0.8211, ACC=0.7699, RMSE=0.3985 | Val: Loss=0.5078, BCE=0.4928, Reg=0.0150, AUC=0.8206, ACC=0.7776, RMSE=0.3983
2026-04-17 17:42:33,100 - INFO - [junyi|junyi_abce_best_full|lr=0.003|drop=0.40] [Reg Terms] Epoch [019] | Train: graph_entropy=0.000000, graph_diag=0.006002, graph_uniform=0.006753, graph_reg_scale=1.0000, prediction_l2=0.000000, personal_sparse=0.001213, alpha_var=0.000000, alpha_collapse=0.000002, reg_bce_ratio=0.0308 | Val: graph_entropy=0.000000, graph_diag=0.006000, graph_uniform=0.006753, graph_reg_scale=1.0000, prediction_l2=0.000000, personal_sparse=0.001162, alpha_var=0.000000, alpha_collapse=0.000008, reg_bce_ratio=0.0304
2026-04-17 17:42:33,360 - INFO - [junyi|junyi_abce_best_full|lr=0.003|drop=0.40] [Diag][AE] Epoch [019] | irt_abs_mean=2.2220, irt_std=1.3840, personal_warmup_scale=1.00, graph_row_entropy=3.2177, graph_entropy_ratio=0.4915, alpha_mean=0.1515, alpha_std=0.0442, alpha_base_mean=0.1351, alpha_delta_absmean=0.0342, alpha_saturation_ratio=0.0000, alpha_bias_std=NA, alpha_state_path=0.7749, alpha_id_path=0.0000, alpha_bias_path=0.0000, head_bias_path=0.1368, personal_row_entropy=2.3069, personal_matrix_delta=0.0473, personal_matrix_student_std=0.0524, personal_delta_pre_softmax_norm=2.6479, personal_delta_student_std=2.6053, alpha_head_std=0.0431, query_row_global_readout_delta=0.0710, query_row_personal_message_delta=0.0061, query_row_posterior_delta_abs=0.0473, query_row_posterior_kl=0.0365, query_row_delta_local_rms_raw=0.0694, query_row_message_projection_gain=1.4660, personal_to_graph_query_ratio=0.0860, query_row_global_support_mass=2.3373, query_row_personal_support_mass=2.3373, neighbor_row_personal_delta=0.0000, personal_row_budget_mean=1.3000, personal_query_row_std=0.1516, readout_query_support_mass=2.3373, personal_student_mix=0.0500, personal_student_adapter=0.0400, local_row_ratio=0.0581, support_density=1.0000, readout_query_delta=0.0717, personal_bad_rows_active=0.00, personal_fallback_rows_active=0.00, personal_bad_row_rate_active=0.0000, personal_padded_rows=0.00, personal_logits_support_absmax=6.7363, personal_query_trust_scale_mean=0.9907, personal_bad_rows_legacy=0.00, personal_fallback_rows_legacy=0.00, personal_logits_absmax_legacy=6.7363
2026-04-17 17:42:33,361 - INFO - [junyi|junyi_abce_best_full|lr=0.003|drop=0.40] [Diag][A] Epoch [019] | entropy_ratio=0.4915, diag_mass=0.0500, to_uniform_l2=0.007448, to_identity_l2=0.036726, relation_identity_delta=0.036726, knowledge_state_graph_delta=0.393036, knowledge_state_personal_delta=0.000000, share_concept_embeddings=True, tau_mean=0.6932, tau_std=0.0000, graph_reg_scale(train/val)=1.0000/1.0000
2026-04-17 17:42:33,361 - INFO - [junyi|junyi_abce_best_full|lr=0.003|drop=0.40] [Grad Norms] Epoch [019] | relation_emb=6.938765e-01, relation_tau=1.467544e-13, relation_wq=5.737170e-09, relation_wk=3.893127e-09, personal_u=1.581554e-02, personal_v=1.550503e-02, personal_alpha_bias=0.000000e+00, personal_gate_emb=0.000000e+00, personal_gate_state_proj=3.307592e-15, personal_gate_context_proj=8.615382e-12, personal_gate_state_direct=1.178636e-06, personal_gate_id_direct=0.000000e+00, personal_gate_context_direct=3.577574e-03, personal_gate_out=3.615533e-08, personal_generator_emb=5.761612e-19, personal_generator_context_proj=2.571068e-18, personal_generator_context_hidden=2.825732e-15, personal_generator_context_to_u=1.453195e-11, personal_generator_context_to_v=2.613630e-11, personal_generator_state_row=9.576372e-12, personal_generator_state_col=1.720809e-11, personal_generator_id_row=2.407941e-12, personal_generator_id_col=4.330780e-12, personal_generator_state_adapter=1.690295e-17, personal_generator_id_adapter=1.679570e-21, personal_generator_context_adapter=6.024362e-16, personal_generator_direct_scale=4.146876e-06
2026-04-17 17:42:33,361 - INFO - [junyi|junyi_abce_best_full|lr=0.003|drop=0.40] -> No improvement 1 epoch(s) (best AUC=0.8211 @ 18)
2026-04-17 17:45:28,272 - INFO - [junyi|junyi_abce_best_full|lr=0.003|drop=0.40] Epoch [020/100] | Train: Loss=0.4993, BCE=0.4843, Reg=0.0149, AUC=0.8213, ACC=0.7701, RMSE=0.3984 | Val: Loss=0.4972, BCE=0.4823, Reg=0.0149, AUC=0.8189, ACC=0.7748, RMSE=0.3969
2026-04-17 17:45:28,272 - INFO - [junyi|junyi_abce_best_full|lr=0.003|drop=0.40] [Reg Terms] Epoch [020] | Train: graph_entropy=0.000000, graph_diag=0.006002, graph_uniform=0.006753, graph_reg_scale=1.0000, prediction_l2=0.000000, personal_sparse=0.001213, alpha_var=0.000000, alpha_collapse=0.000003, reg_bce_ratio=0.0308 | Val: graph_entropy=0.000000, graph_diag=0.006000, graph_uniform=0.006753, graph_reg_scale=1.0000, prediction_l2=0.000000, personal_sparse=0.001211, alpha_var=0.000000, alpha_collapse=0.000003, reg_bce_ratio=0.0309
2026-04-17 17:45:28,522 - INFO - [junyi|junyi_abce_best_full|lr=0.003|drop=0.40] [Diag][AE] Epoch [020] | irt_abs_mean=1.7462, irt_std=1.0205, personal_warmup_scale=1.00, graph_row_entropy=3.2177, graph_entropy_ratio=0.4915, alpha_mean=0.1518, alpha_std=0.0448, alpha_base_mean=0.1355, alpha_delta_absmean=0.0348, alpha_saturation_ratio=0.0000, alpha_bias_std=NA, alpha_state_path=0.7894, alpha_id_path=0.0000, alpha_bias_path=0.0000, head_bias_path=0.1374, personal_row_entropy=2.4124, personal_matrix_delta=0.0442, personal_matrix_student_std=0.0467, personal_delta_pre_softmax_norm=2.7579, personal_delta_student_std=2.6978, alpha_head_std=0.0437, query_row_global_readout_delta=0.1181, query_row_personal_message_delta=0.0040, query_row_posterior_delta_abs=0.0442, query_row_posterior_kl=0.0323, query_row_delta_local_rms_raw=0.0432, query_row_message_projection_gain=0.9777, personal_to_graph_query_ratio=0.0339, query_row_global_support_mass=0.8745, query_row_personal_support_mass=0.8745, neighbor_row_personal_delta=0.0000, personal_row_budget_mean=1.3000, personal_query_row_std=0.1125, readout_query_support_mass=0.8745, personal_student_mix=0.0501, personal_student_adapter=0.0400, local_row_ratio=0.0692, support_density=1.0000, readout_query_delta=0.1182, personal_bad_rows_active=0.00, personal_fallback_rows_active=0.00, personal_bad_row_rate_active=0.0000, personal_padded_rows=0.00, personal_logits_support_absmax=6.7100, personal_query_trust_scale_mean=1.0000, personal_bad_rows_legacy=0.00, personal_fallback_rows_legacy=0.00, personal_logits_absmax_legacy=6.7100
2026-04-17 17:45:28,522 - INFO - [junyi|junyi_abce_best_full|lr=0.003|drop=0.40] [Diag][A] Epoch [020] | entropy_ratio=0.4915, diag_mass=0.0500, to_uniform_l2=0.007448, to_identity_l2=0.036726, relation_identity_delta=0.036726, knowledge_state_graph_delta=0.399041, knowledge_state_personal_delta=0.000000, share_concept_embeddings=True, tau_mean=0.6931, tau_std=0.0000, graph_reg_scale(train/val)=1.0000/1.0000
2026-04-17 17:45:28,522 - INFO - [junyi|junyi_abce_best_full|lr=0.003|drop=0.40] [Grad Norms] Epoch [020] | relation_emb=7.643456e-01, relation_tau=3.665970e-13, relation_wq=2.256262e-09, relation_wk=1.990572e-09, personal_u=1.213318e-02, personal_v=2.173708e-02, personal_alpha_bias=0.000000e+00, personal_gate_emb=0.000000e+00, personal_gate_state_proj=5.275067e-14, personal_gate_context_proj=1.153841e-10, personal_gate_state_direct=1.449857e-06, personal_gate_id_direct=0.000000e+00, personal_gate_context_direct=3.184835e-03, personal_gate_out=2.472031e-07, personal_generator_emb=5.426433e-19, personal_generator_context_proj=4.685096e-18, personal_generator_context_hidden=5.291014e-15, personal_generator_context_to_u=2.336196e-11, personal_generator_context_to_v=3.931104e-11, personal_generator_state_row=1.398525e-11, personal_generator_state_col=2.351586e-11, personal_generator_id_row=3.488074e-12, personal_generator_id_col=5.869364e-12, personal_generator_state_adapter=2.076796e-16, personal_generator_id_adapter=1.877359e-21, personal_generator_context_adapter=1.373072e-16, personal_generator_direct_scale=1.072250e-05
2026-04-17 17:45:28,522 - INFO - [junyi|junyi_abce_best_full|lr=0.003|drop=0.40] -> No improvement 2 epoch(s) (best AUC=0.8211 @ 18)
2026-04-17 17:45:28,658 - INFO - [junyi|junyi_abce_best_full|lr=0.003|drop=0.40] Checkpoint saved: checkpoints/abce_diag/remote_leverage_20260418_834538c/junyi/seed42/best_full/checkpoint_epoch_20.pth
2026-04-17 17:45:28,988 - INFO - [junyi|junyi_abce_best_full|lr=0.003|drop=0.40] [Module Activity] Epoch 20: Graph[LIVE] Personal[LIVE]
2026-04-17 17:48:24,358 - INFO - [junyi|junyi_abce_best_full|lr=0.003|drop=0.40] Epoch [021/100] | Train: Loss=0.4864, BCE=0.4714, Reg=0.0149, AUC=0.8320, ACC=0.7779, RMSE=0.3921 | Val: Loss=0.4963, BCE=0.4813, Reg=0.0149, AUC=0.8221, ACC=0.7734, RMSE=0.3962
2026-04-17 17:48:24,359 - INFO - [junyi|junyi_abce_best_full|lr=0.003|drop=0.40] [Reg Terms] Epoch [021] | Train: graph_entropy=0.000000, graph_diag=0.006001, graph_uniform=0.006753, graph_reg_scale=1.0000, prediction_l2=0.000000, personal_sparse=0.001211, alpha_var=0.000000, alpha_collapse=0.000002, reg_bce_ratio=0.0317 | Val: graph_entropy=0.000000, graph_diag=0.006000, graph_uniform=0.006753, graph_reg_scale=1.0000, prediction_l2=0.000000, personal_sparse=0.001207, alpha_var=0.000000, alpha_collapse=0.000008, reg_bce_ratio=0.0310
2026-04-17 17:48:24,575 - INFO - [junyi|junyi_abce_best_full|lr=0.003|drop=0.40] [Diag][AE] Epoch [021] | irt_abs_mean=1.8466, irt_std=1.0842, personal_warmup_scale=1.00, graph_row_entropy=3.2177, graph_entropy_ratio=0.4915, alpha_mean=0.1576, alpha_std=0.0444, alpha_base_mean=0.1358, alpha_delta_absmean=0.0342, alpha_saturation_ratio=0.0000, alpha_bias_std=NA, alpha_state_path=0.8164, alpha_id_path=0.0000, alpha_bias_path=0.0000, head_bias_path=0.1353, personal_row_entropy=2.4075, personal_matrix_delta=0.0448, personal_matrix_student_std=0.0455, personal_delta_pre_softmax_norm=2.8082, personal_delta_student_std=2.7101, alpha_head_std=0.0429, query_row_global_readout_delta=0.1019, query_row_personal_message_delta=0.0079, query_row_posterior_delta_abs=0.0448, query_row_posterior_kl=0.0328, query_row_delta_local_rms_raw=0.0836, query_row_message_projection_gain=1.8675, personal_to_graph_query_ratio=0.0773, query_row_global_support_mass=1.6702, query_row_personal_support_mass=1.6702, neighbor_row_personal_delta=0.0000, personal_row_budget_mean=1.3000, personal_query_row_std=0.0926, readout_query_support_mass=1.6702, personal_student_mix=0.0500, personal_student_adapter=0.0400, local_row_ratio=0.0589, support_density=1.0000, readout_query_delta=0.1072, personal_bad_rows_active=0.00, personal_fallback_rows_active=0.00, personal_bad_row_rate_active=0.0000, personal_padded_rows=0.00, personal_logits_support_absmax=6.6349, personal_query_trust_scale_mean=0.9999, personal_bad_rows_legacy=0.00, personal_fallback_rows_legacy=0.00, personal_logits_absmax_legacy=6.6349
2026-04-17 17:48:24,575 - INFO - [junyi|junyi_abce_best_full|lr=0.003|drop=0.40] [Diag][A] Epoch [021] | entropy_ratio=0.4915, diag_mass=0.0500, to_uniform_l2=0.007448, to_identity_l2=0.036726, relation_identity_delta=0.036726, knowledge_state_graph_delta=0.409548, knowledge_state_personal_delta=0.000000, share_concept_embeddings=True, tau_mean=0.6931, tau_std=0.0000, graph_reg_scale(train/val)=1.0000/1.0000
2026-04-17 17:48:24,575 - INFO - [junyi|junyi_abce_best_full|lr=0.003|drop=0.40] [Grad Norms] Epoch [021] | relation_emb=5.409587e-01, relation_tau=0.000000e+00, relation_wq=0.000000e+00, relation_wk=0.000000e+00, personal_u=2.380639e-02, personal_v=1.029787e-02, personal_alpha_bias=0.000000e+00, personal_gate_emb=0.000000e+00, personal_gate_state_proj=4.294839e-16, personal_gate_context_proj=2.728296e-12, personal_gate_state_direct=8.888325e-08, personal_gate_id_direct=0.000000e+00, personal_gate_context_direct=1.074947e-03, personal_gate_out=3.752492e-08, personal_generator_emb=6.533158e-21, personal_generator_context_proj=0.000000e+00, personal_generator_context_hidden=4.745289e-17, personal_generator_context_to_u=2.649708e-12, personal_generator_context_to_v=1.825506e-12, personal_generator_state_row=1.594562e-12, personal_generator_state_col=1.098665e-12, personal_generator_id_row=3.992095e-13, personal_generator_id_col=2.750339e-13, personal_generator_state_adapter=1.160199e-17, personal_generator_id_adapter=1.219496e-23, personal_generator_context_adapter=1.489083e-18, personal_generator_direct_scale=1.492834e-06
2026-04-17 17:48:25,188 - INFO - [junyi|junyi_abce_best_full|lr=0.003|drop=0.40] -> New best AUC=0.8221 at epoch 21
2026-04-17 17:51:16,374 - INFO - [junyi|junyi_abce_best_full|lr=0.003|drop=0.40] Epoch [022/100] | Train: Loss=0.4833, BCE=0.4683, Reg=0.0149, AUC=0.8345, ACC=0.7804, RMSE=0.3905 | Val: Loss=0.5013, BCE=0.4864, Reg=0.0149, AUC=0.8217, ACC=0.7756, RMSE=0.3973
2026-04-17 17:51:16,375 - INFO - [junyi|junyi_abce_best_full|lr=0.003|drop=0.40] [Reg Terms] Epoch [022] | Train: graph_entropy=0.000000, graph_diag=0.006001, graph_uniform=0.006753, graph_reg_scale=1.0000, prediction_l2=0.000000, personal_sparse=0.001209, alpha_var=0.000000, alpha_collapse=0.000002, reg_bce_ratio=0.0319 | Val: graph_entropy=0.000000, graph_diag=0.006000, graph_uniform=0.006753, graph_reg_scale=1.0000, prediction_l2=0.000000, personal_sparse=0.001219, alpha_var=0.000000, alpha_collapse=0.000006, reg_bce_ratio=0.0307
2026-04-17 17:51:16,577 - INFO - [junyi|junyi_abce_best_full|lr=0.003|drop=0.40] [Diag][AE] Epoch [022] | irt_abs_mean=2.0280, irt_std=1.1680, personal_warmup_scale=1.00, graph_row_entropy=3.2177, graph_entropy_ratio=0.4915, alpha_mean=0.1582, alpha_std=0.0448, alpha_base_mean=0.1360, alpha_delta_absmean=0.0347, alpha_saturation_ratio=0.0000, alpha_bias_std=NA, alpha_state_path=0.8355, alpha_id_path=0.0000, alpha_bias_path=0.0000, head_bias_path=0.1351, personal_row_entropy=2.4339, personal_matrix_delta=0.0434, personal_matrix_student_std=0.0445, personal_delta_pre_softmax_norm=2.8107, personal_delta_student_std=2.7189, alpha_head_std=0.0435, query_row_global_readout_delta=0.1092, query_row_personal_message_delta=0.0044, query_row_posterior_delta_abs=0.0434, query_row_posterior_kl=0.0313, query_row_delta_local_rms_raw=0.0419, query_row_message_projection_gain=0.9660, personal_to_graph_query_ratio=0.0407, query_row_global_support_mass=2.0593, query_row_personal_support_mass=2.0593, neighbor_row_personal_delta=0.0000, personal_row_budget_mean=1.3000, personal_query_row_std=0.0991, readout_query_support_mass=2.0593, personal_student_mix=0.0500, personal_student_adapter=0.0400, local_row_ratio=0.0628, support_density=1.0000, readout_query_delta=0.1075, personal_bad_rows_active=0.00, personal_fallback_rows_active=0.00, personal_bad_row_rate_active=0.0000, personal_padded_rows=0.00, personal_logits_support_absmax=6.7103, personal_query_trust_scale_mean=1.0000, personal_bad_rows_legacy=0.00, personal_fallback_rows_legacy=0.00, personal_logits_absmax_legacy=6.7103
2026-04-17 17:51:16,577 - INFO - [junyi|junyi_abce_best_full|lr=0.003|drop=0.40] [Diag][A] Epoch [022] | entropy_ratio=0.4915, diag_mass=0.0500, to_uniform_l2=0.007448, to_identity_l2=0.036726, relation_identity_delta=0.036726, knowledge_state_graph_delta=0.422116, knowledge_state_personal_delta=0.000000, share_concept_embeddings=True, tau_mean=0.6931, tau_std=0.0000, graph_reg_scale(train/val)=1.0000/1.0000
2026-04-17 17:51:16,577 - INFO - [junyi|junyi_abce_best_full|lr=0.003|drop=0.40] [Grad Norms] Epoch [022] | relation_emb=6.869658e-01, relation_tau=4.985737e-15, relation_wq=0.000000e+00, relation_wk=0.000000e+00, personal_u=6.675554e-02, personal_v=9.050507e-02, personal_alpha_bias=0.000000e+00, personal_gate_emb=0.000000e+00, personal_gate_state_proj=2.407487e-14, personal_gate_context_proj=1.057124e-10, personal_gate_state_direct=8.837025e-07, personal_gate_id_direct=0.000000e+00, personal_gate_context_direct=3.950039e-03, personal_gate_out=1.496616e-06, personal_generator_emb=1.053404e-20, personal_generator_context_proj=6.496192e-20, personal_generator_context_hidden=4.908095e-16, personal_generator_context_to_u=7.854715e-12, personal_generator_context_to_v=7.022182e-12, personal_generator_state_row=6.057848e-12, personal_generator_state_col=5.415914e-12, personal_generator_id_row=1.514567e-12, personal_generator_id_col=1.354036e-12, personal_generator_state_adapter=1.813945e-17, personal_generator_id_adapter=8.649812e-25, personal_generator_context_adapter=1.946715e-17, personal_generator_direct_scale=8.631393e-07
2026-04-17 17:51:16,577 - INFO - [junyi|junyi_abce_best_full|lr=0.003|drop=0.40] -> No improvement 1 epoch(s) (best AUC=0.8221 @ 21)
2026-04-17 17:54:07,030 - INFO - [junyi|junyi_abce_best_full|lr=0.003|drop=0.40] Epoch [023/100] | Train: Loss=0.4827, BCE=0.4677, Reg=0.0149, AUC=0.8348, ACC=0.7799, RMSE=0.3903 | Val: Loss=0.4971, BCE=0.4822, Reg=0.0149, AUC=0.8217, ACC=0.7762, RMSE=0.3964
2026-04-17 17:54:07,030 - INFO - [junyi|junyi_abce_best_full|lr=0.003|drop=0.40] [Reg Terms] Epoch [023] | Train: graph_entropy=0.000000, graph_diag=0.006002, graph_uniform=0.006753, graph_reg_scale=1.0000, prediction_l2=0.000000, personal_sparse=0.001208, alpha_var=0.000000, alpha_collapse=0.000002, reg_bce_ratio=0.0319 | Val: graph_entropy=0.000000, graph_diag=0.006000, graph_uniform=0.006753, graph_reg_scale=1.0000, prediction_l2=0.000000, personal_sparse=0.001225, alpha_var=0.000000, alpha_collapse=0.000006, reg_bce_ratio=0.0309
2026-04-17 17:54:07,225 - INFO - [junyi|junyi_abce_best_full|lr=0.003|drop=0.40] [Diag][AE] Epoch [023] | irt_abs_mean=1.8874, irt_std=1.0206, personal_warmup_scale=1.00, graph_row_entropy=3.2177, graph_entropy_ratio=0.4915, alpha_mean=0.1566, alpha_std=0.0433, alpha_base_mean=0.1361, alpha_delta_absmean=0.0331, alpha_saturation_ratio=0.0000, alpha_bias_std=NA, alpha_state_path=0.7755, alpha_id_path=0.0000, alpha_bias_path=0.0000, head_bias_path=0.1349, personal_row_entropy=2.4402, personal_matrix_delta=0.0433, personal_matrix_student_std=0.0456, personal_delta_pre_softmax_norm=2.7938, personal_delta_student_std=2.7312, alpha_head_std=0.0418, query_row_global_readout_delta=0.1022, query_row_personal_message_delta=0.0074, query_row_posterior_delta_abs=0.0433, query_row_posterior_kl=0.0313, query_row_delta_local_rms_raw=0.0765, query_row_message_projection_gain=1.7649, personal_to_graph_query_ratio=0.0721, query_row_global_support_mass=2.2931, query_row_personal_support_mass=2.2931, neighbor_row_personal_delta=0.0000, personal_row_budget_mean=1.3000, personal_query_row_std=0.1119, readout_query_support_mass=2.2931, personal_student_mix=0.0501, personal_student_adapter=0.0400, local_row_ratio=0.0636, support_density=1.0000, readout_query_delta=0.1058, personal_bad_rows_active=0.00, personal_fallback_rows_active=0.00, personal_bad_row_rate_active=0.0000, personal_padded_rows=0.00, personal_logits_support_absmax=6.7139, personal_query_trust_scale_mean=1.0000, personal_bad_rows_legacy=0.00, personal_fallback_rows_legacy=0.00, personal_logits_absmax_legacy=6.7139
2026-04-17 17:54:07,226 - INFO - [junyi|junyi_abce_best_full|lr=0.003|drop=0.40] [Diag][A] Epoch [023] | entropy_ratio=0.4915, diag_mass=0.0500, to_uniform_l2=0.007448, to_identity_l2=0.036726, relation_identity_delta=0.036726, knowledge_state_graph_delta=0.421261, knowledge_state_personal_delta=0.000000, share_concept_embeddings=True, tau_mean=0.6931, tau_std=0.0000, graph_reg_scale(train/val)=1.0000/1.0000
2026-04-17 17:54:07,226 - INFO - [junyi|junyi_abce_best_full|lr=0.003|drop=0.40] [Grad Norms] Epoch [023] | relation_emb=9.540086e-01, relation_tau=8.827504e-15, relation_wq=0.000000e+00, relation_wk=0.000000e+00, personal_u=4.898133e-02, personal_v=3.220070e-02, personal_alpha_bias=0.000000e+00, personal_gate_emb=0.000000e+00, personal_gate_state_proj=7.150318e-16, personal_gate_context_proj=4.571291e-12, personal_gate_state_direct=4.417975e-07, personal_gate_id_direct=0.000000e+00, personal_gate_context_direct=1.898648e-03, personal_gate_out=6.395973e-08, personal_generator_emb=1.123055e-20, personal_generator_context_proj=1.657592e-20, personal_generator_context_hidden=1.383617e-16, personal_generator_context_to_u=4.374777e-12, personal_generator_context_to_v=3.245534e-12, personal_generator_state_row=5.326456e-12, personal_generator_state_col=3.951295e-12, personal_generator_id_row=1.333047e-12, personal_generator_id_col=9.889532e-13, personal_generator_state_adapter=9.210123e-18, personal_generator_id_adapter=7.831244e-23, personal_generator_context_adapter=1.478155e-17, personal_generator_direct_scale=1.185175e-05
2026-04-17 17:54:07,226 - INFO - [junyi|junyi_abce_best_full|lr=0.003|drop=0.40] -> No improvement 2 epoch(s) (best AUC=0.8221 @ 21)
2026-04-17 17:56:58,974 - INFO - [junyi|junyi_abce_best_full|lr=0.003|drop=0.40] Epoch [024/100] | Train: Loss=0.4705, BCE=0.4555, Reg=0.0149, AUC=0.8447, ACC=0.7882, RMSE=0.3842 | Val: Loss=0.4981, BCE=0.4832, Reg=0.0150, AUC=0.8226, ACC=0.7742, RMSE=0.3966
2026-04-17 17:56:58,975 - INFO - [junyi|junyi_abce_best_full|lr=0.003|drop=0.40] [Reg Terms] Epoch [024] | Train: graph_entropy=0.000000, graph_diag=0.006001, graph_uniform=0.006753, graph_reg_scale=1.0000, prediction_l2=0.000000, personal_sparse=0.001204, alpha_var=0.000000, alpha_collapse=0.000002, reg_bce_ratio=0.0328 | Val: graph_entropy=0.000000, graph_diag=0.006000, graph_uniform=0.006753, graph_reg_scale=1.0000, prediction_l2=0.000000, personal_sparse=0.001196, alpha_var=0.000000, alpha_collapse=0.000004, reg_bce_ratio=0.0309
2026-04-17 17:56:59,180 - INFO - [junyi|junyi_abce_best_full|lr=0.003|drop=0.40] [Diag][AE] Epoch [024] | irt_abs_mean=1.9702, irt_std=1.0846, personal_warmup_scale=1.00, graph_row_entropy=3.2177, graph_entropy_ratio=0.4915, alpha_mean=0.1620, alpha_std=0.0438, alpha_base_mean=0.1364, alpha_delta_absmean=0.0335, alpha_saturation_ratio=0.0000, alpha_bias_std=NA, alpha_state_path=0.8354, alpha_id_path=0.0000, alpha_bias_path=0.0000, head_bias_path=0.1355, personal_row_entropy=2.3869, personal_matrix_delta=0.0453, personal_matrix_student_std=0.0461, personal_delta_pre_softmax_norm=2.7693, personal_delta_student_std=2.6477, alpha_head_std=0.0423, query_row_global_readout_delta=0.0948, query_row_personal_message_delta=0.0098, query_row_posterior_delta_abs=0.0453, query_row_posterior_kl=0.0335, query_row_delta_local_rms_raw=0.1042, query_row_message_projection_gain=2.2989, personal_to_graph_query_ratio=0.1038, query_row_global_support_mass=1.7797, query_row_personal_support_mass=1.7797, neighbor_row_personal_delta=0.0000, personal_row_budget_mean=1.3000, personal_query_row_std=0.0978, readout_query_support_mass=1.7797, personal_student_mix=0.0500, personal_student_adapter=0.0400, local_row_ratio=0.0447, support_density=1.0000, readout_query_delta=0.1007, personal_bad_rows_active=0.00, personal_fallback_rows_active=0.00, personal_bad_row_rate_active=0.0000, personal_padded_rows=0.00, personal_logits_support_absmax=6.7052, personal_query_trust_scale_mean=0.9869, personal_bad_rows_legacy=0.00, personal_fallback_rows_legacy=0.00, personal_logits_absmax_legacy=6.7052
2026-04-17 17:56:59,181 - INFO - [junyi|junyi_abce_best_full|lr=0.003|drop=0.40] [Diag][A] Epoch [024] | entropy_ratio=0.4915, diag_mass=0.0500, to_uniform_l2=0.007448, to_identity_l2=0.036726, relation_identity_delta=0.036726, knowledge_state_graph_delta=0.415881, knowledge_state_personal_delta=0.000000, share_concept_embeddings=True, tau_mean=0.6931, tau_std=0.0000, graph_reg_scale(train/val)=1.0000/1.0000
2026-04-17 17:56:59,181 - INFO - [junyi|junyi_abce_best_full|lr=0.003|drop=0.40] [Grad Norms] Epoch [024] | relation_emb=1.179411e+00, relation_tau=0.000000e+00, relation_wq=0.000000e+00, relation_wk=0.000000e+00, personal_u=9.867334e-02, personal_v=5.872751e-02, personal_alpha_bias=0.000000e+00, personal_gate_emb=0.000000e+00, personal_gate_state_proj=0.000000e+00, personal_gate_context_proj=0.000000e+00, personal_gate_state_direct=1.731079e-07, personal_gate_id_direct=0.000000e+00, personal_gate_context_direct=6.506891e-03, personal_gate_out=1.137787e-07, personal_generator_emb=0.000000e+00, personal_generator_context_proj=0.000000e+00, personal_generator_context_hidden=0.000000e+00, personal_generator_context_to_u=0.000000e+00, personal_generator_context_to_v=0.000000e+00, personal_generator_state_row=0.000000e+00, personal_generator_state_col=0.000000e+00, personal_generator_id_row=0.000000e+00, personal_generator_id_col=0.000000e+00, personal_generator_state_adapter=0.000000e+00, personal_generator_id_adapter=0.000000e+00, personal_generator_context_adapter=0.000000e+00, personal_generator_direct_scale=1.302115e-06
2026-04-17 17:56:59,755 - INFO - [junyi|junyi_abce_best_full|lr=0.003|drop=0.40] -> New best AUC=0.8226 at epoch 24
2026-04-17 18:00:00,192 - INFO - [junyi|junyi_abce_best_full|lr=0.003|drop=0.40] Epoch [025/100] | Train: Loss=0.4670, BCE=0.4521, Reg=0.0149, AUC=0.8473, ACC=0.7903, RMSE=0.3825 | Val: Loss=0.4950, BCE=0.4800, Reg=0.0150, AUC=0.8232, ACC=0.7759, RMSE=0.3955
2026-04-17 18:00:00,192 - INFO - [junyi|junyi_abce_best_full|lr=0.003|drop=0.40] [Reg Terms] Epoch [025] | Train: graph_entropy=0.000000, graph_diag=0.006001, graph_uniform=0.006753, graph_reg_scale=1.0000, prediction_l2=0.000000, personal_sparse=0.001206, alpha_var=0.000000, alpha_collapse=0.000002, reg_bce_ratio=0.0330 | Val: graph_entropy=0.000000, graph_diag=0.006000, graph_uniform=0.006753, graph_reg_scale=1.0000, prediction_l2=0.000000, personal_sparse=0.001197, alpha_var=0.000000, alpha_collapse=0.000013, reg_bce_ratio=0.0312
2026-04-17 18:00:00,399 - INFO - [junyi|junyi_abce_best_full|lr=0.003|drop=0.40] [Diag][AE] Epoch [025] | irt_abs_mean=1.8802, irt_std=0.9937, personal_warmup_scale=1.00, graph_row_entropy=3.2177, graph_entropy_ratio=0.4915, alpha_mean=0.1655, alpha_std=0.0422, alpha_base_mean=0.1370, alpha_delta_absmean=0.0317, alpha_saturation_ratio=0.0000, alpha_bias_std=NA, alpha_state_path=0.8149, alpha_id_path=0.0000, alpha_bias_path=0.0000, head_bias_path=0.1373, personal_row_entropy=2.4119, personal_matrix_delta=0.0445, personal_matrix_student_std=0.0454, personal_delta_pre_softmax_norm=2.8154, personal_delta_student_std=2.7330, alpha_head_std=0.0406, query_row_global_readout_delta=0.0994, query_row_personal_message_delta=0.0072, query_row_posterior_delta_abs=0.0445, query_row_posterior_kl=0.0325, query_row_delta_local_rms_raw=0.0768, query_row_message_projection_gain=1.7256, personal_to_graph_query_ratio=0.0726, query_row_global_support_mass=1.9179, query_row_personal_support_mass=1.9179, neighbor_row_personal_delta=0.0000, personal_row_budget_mean=1.3000, personal_query_row_std=0.0773, readout_query_support_mass=1.9179, personal_student_mix=0.0500, personal_student_adapter=0.0400, local_row_ratio=0.0468, support_density=1.0000, readout_query_delta=0.1017, personal_bad_rows_active=0.00, personal_fallback_rows_active=0.00, personal_bad_row_rate_active=0.0000, personal_padded_rows=0.00, personal_logits_support_absmax=6.6484, personal_query_trust_scale_mean=0.9917, personal_bad_rows_legacy=0.00, personal_fallback_rows_legacy=0.00, personal_logits_absmax_legacy=6.6484
2026-04-17 18:00:00,399 - INFO - [junyi|junyi_abce_best_full|lr=0.003|drop=0.40] [Diag][A] Epoch [025] | entropy_ratio=0.4915, diag_mass=0.0500, to_uniform_l2=0.007448, to_identity_l2=0.036726, relation_identity_delta=0.036726, knowledge_state_graph_delta=0.413836, knowledge_state_personal_delta=0.000000, share_concept_embeddings=True, tau_mean=0.6931, tau_std=0.0000, graph_reg_scale(train/val)=1.0000/1.0000
2026-04-17 18:00:00,399 - INFO - [junyi|junyi_abce_best_full|lr=0.003|drop=0.40] [Grad Norms] Epoch [025] | relation_emb=7.972000e-01, relation_tau=0.000000e+00, relation_wq=0.000000e+00, relation_wk=0.000000e+00, personal_u=4.623224e-02, personal_v=3.293625e-02, personal_alpha_bias=0.000000e+00, personal_gate_emb=0.000000e+00, personal_gate_state_proj=0.000000e+00, personal_gate_context_proj=0.000000e+00, personal_gate_state_direct=5.565912e-07, personal_gate_id_direct=0.000000e+00, personal_gate_context_direct=1.411269e-03, personal_gate_out=1.368687e-08, personal_generator_emb=0.000000e+00, personal_generator_context_proj=0.000000e+00, personal_generator_context_hidden=0.000000e+00, personal_generator_context_to_u=0.000000e+00, personal_generator_context_to_v=0.000000e+00, personal_generator_state_row=0.000000e+00, personal_generator_state_col=0.000000e+00, personal_generator_id_row=0.000000e+00, personal_generator_id_col=0.000000e+00, personal_generator_state_adapter=0.000000e+00, personal_generator_id_adapter=0.000000e+00, personal_generator_context_adapter=0.000000e+00, personal_generator_direct_scale=7.105322e-06
2026-04-17 18:00:01,131 - INFO - [junyi|junyi_abce_best_full|lr=0.003|drop=0.40] -> New best AUC=0.8232 at epoch 25
2026-04-17 18:02:49,239 - INFO - [junyi|junyi_abce_best_full|lr=0.003|drop=0.40] Epoch [026/100] | Train: Loss=0.4647, BCE=0.4498, Reg=0.0149, AUC=0.8489, ACC=0.7918, RMSE=0.3813 | Val: Loss=0.5006, BCE=0.4857, Reg=0.0149, AUC=0.8216, ACC=0.7731, RMSE=0.3976
2026-04-17 18:02:49,239 - INFO - [junyi|junyi_abce_best_full|lr=0.003|drop=0.40] [Reg Terms] Epoch [026] | Train: graph_entropy=0.000000, graph_diag=0.006001, graph_uniform=0.006753, graph_reg_scale=1.0000, prediction_l2=0.000000, personal_sparse=0.001204, alpha_var=0.000000, alpha_collapse=0.000002, reg_bce_ratio=0.0332 | Val: graph_entropy=0.000000, graph_diag=0.006000, graph_uniform=0.006753, graph_reg_scale=1.0000, prediction_l2=0.000000, personal_sparse=0.001206, alpha_var=0.000000, alpha_collapse=0.000004, reg_bce_ratio=0.0307
2026-04-17 18:02:49,418 - INFO - [junyi|junyi_abce_best_full|lr=0.003|drop=0.40] [Diag][AE] Epoch [026] | irt_abs_mean=1.8835, irt_std=1.1604, personal_warmup_scale=1.00, graph_row_entropy=3.2177, graph_entropy_ratio=0.4915, alpha_mean=0.1671, alpha_std=0.0429, alpha_base_mean=0.1373, alpha_delta_absmean=0.0324, alpha_saturation_ratio=0.0000, alpha_bias_std=NA, alpha_state_path=0.8480, alpha_id_path=0.0000, alpha_bias_path=0.0000, head_bias_path=0.1392, personal_row_entropy=2.4307, personal_matrix_delta=0.0435, personal_matrix_student_std=0.0456, personal_delta_pre_softmax_norm=2.7802, personal_delta_student_std=2.7158, alpha_head_std=0.0414, query_row_global_readout_delta=0.1058, query_row_personal_message_delta=0.0084, query_row_posterior_delta_abs=0.0435, query_row_posterior_kl=0.0316, query_row_delta_local_rms_raw=0.0819, query_row_message_projection_gain=1.8821, personal_to_graph_query_ratio=0.0798, query_row_global_support_mass=2.1220, query_row_personal_support_mass=2.1220, neighbor_row_personal_delta=0.0000, personal_row_budget_mean=1.3000, personal_query_row_std=0.1094, readout_query_support_mass=2.1220, personal_student_mix=0.0500, personal_student_adapter=0.0400, local_row_ratio=0.0471, support_density=1.0000, readout_query_delta=0.1088, personal_bad_rows_active=0.00, personal_fallback_rows_active=0.00, personal_bad_row_rate_active=0.0000, personal_padded_rows=0.00, personal_logits_support_absmax=6.7447, personal_query_trust_scale_mean=1.0000, personal_bad_rows_legacy=0.00, personal_fallback_rows_legacy=0.00, personal_logits_absmax_legacy=6.7447
2026-04-17 18:02:49,418 - INFO - [junyi|junyi_abce_best_full|lr=0.003|drop=0.40] [Diag][A] Epoch [026] | entropy_ratio=0.4915, diag_mass=0.0500, to_uniform_l2=0.007448, to_identity_l2=0.036726, relation_identity_delta=0.036726, knowledge_state_graph_delta=0.424543, knowledge_state_personal_delta=0.000000, share_concept_embeddings=True, tau_mean=0.6931, tau_std=0.0000, graph_reg_scale(train/val)=1.0000/1.0000
2026-04-17 18:02:49,418 - INFO - [junyi|junyi_abce_best_full|lr=0.003|drop=0.40] [Grad Norms] Epoch [026] | relation_emb=1.181161e+00, relation_tau=0.000000e+00, relation_wq=0.000000e+00, relation_wk=0.000000e+00, personal_u=2.314197e-02, personal_v=2.752577e-02, personal_alpha_bias=0.000000e+00, personal_gate_emb=0.000000e+00, personal_gate_state_proj=0.000000e+00, personal_gate_context_proj=0.000000e+00, personal_gate_state_direct=8.240996e-07, personal_gate_id_direct=0.000000e+00, personal_gate_context_direct=2.192130e-03, personal_gate_out=9.128917e-08, personal_generator_emb=0.000000e+00, personal_generator_context_proj=0.000000e+00, personal_generator_context_hidden=0.000000e+00, personal_generator_context_to_u=0.000000e+00, personal_generator_context_to_v=0.000000e+00, personal_generator_state_row=0.000000e+00, personal_generator_state_col=0.000000e+00, personal_generator_id_row=0.000000e+00, personal_generator_id_col=0.000000e+00, personal_generator_state_adapter=0.000000e+00, personal_generator_id_adapter=0.000000e+00, personal_generator_context_adapter=0.000000e+00, personal_generator_direct_scale=5.365634e-06
2026-04-17 18:02:49,418 - INFO - [junyi|junyi_abce_best_full|lr=0.003|drop=0.40] -> No improvement 1 epoch(s) (best AUC=0.8232 @ 25)
2026-04-17 18:05:42,958 - INFO - [junyi|junyi_abce_best_full|lr=0.003|drop=0.40] Epoch [027/100] | Train: Loss=0.4631, BCE=0.4482, Reg=0.0149, AUC=0.8502, ACC=0.7927, RMSE=0.3806 | Val: Loss=0.5000, BCE=0.4851, Reg=0.0149, AUC=0.8222, ACC=0.7755, RMSE=0.3972
2026-04-17 18:05:42,958 - INFO - [junyi|junyi_abce_best_full|lr=0.003|drop=0.40] [Reg Terms] Epoch [027] | Train: graph_entropy=0.000000, graph_diag=0.006001, graph_uniform=0.006753, graph_reg_scale=1.0000, prediction_l2=0.000000, personal_sparse=0.001202, alpha_var=0.000000, alpha_collapse=0.000002, reg_bce_ratio=0.0333 | Val: graph_entropy=0.000000, graph_diag=0.006000, graph_uniform=0.006753, graph_reg_scale=1.0000, prediction_l2=0.000000, personal_sparse=0.001207, alpha_var=0.000000, alpha_collapse=0.000009, reg_bce_ratio=0.0308
2026-04-17 18:05:43,156 - INFO - [junyi|junyi_abce_best_full|lr=0.003|drop=0.40] [Diag][AE] Epoch [027] | irt_abs_mean=1.9404, irt_std=1.0835, personal_warmup_scale=1.00, graph_row_entropy=3.2177, graph_entropy_ratio=0.4915, alpha_mean=0.1645, alpha_std=0.0425, alpha_base_mean=0.1375, alpha_delta_absmean=0.0318, alpha_saturation_ratio=0.0000, alpha_bias_std=NA, alpha_state_path=0.8008, alpha_id_path=0.0000, alpha_bias_path=0.0000, head_bias_path=0.1407, personal_row_entropy=2.4160, personal_matrix_delta=0.0443, personal_matrix_student_std=0.0456, personal_delta_pre_softmax_norm=2.7801, personal_delta_student_std=2.6748, alpha_head_std=0.0409, query_row_global_readout_delta=0.1029, query_row_personal_message_delta=0.0085, query_row_posterior_delta_abs=0.0443, query_row_posterior_kl=0.0323, query_row_delta_local_rms_raw=0.0823, query_row_message_projection_gain=1.8578, personal_to_graph_query_ratio=0.0821, query_row_global_support_mass=1.9993, query_row_personal_support_mass=1.9993, neighbor_row_personal_delta=0.0000, personal_row_budget_mean=1.3000, personal_query_row_std=0.1423, readout_query_support_mass=1.9993, personal_student_mix=0.0500, personal_student_adapter=0.0400, local_row_ratio=0.0452, support_density=1.0000, readout_query_delta=0.1067, personal_bad_rows_active=0.00, personal_fallback_rows_active=0.00, personal_bad_row_rate_active=0.0000, personal_padded_rows=0.00, personal_logits_support_absmax=6.8276, personal_query_trust_scale_mean=0.9928, personal_bad_rows_legacy=0.00, personal_fallback_rows_legacy=0.00, personal_logits_absmax_legacy=6.8276
2026-04-17 18:05:43,157 - INFO - [junyi|junyi_abce_best_full|lr=0.003|drop=0.40] [Diag][A] Epoch [027] | entropy_ratio=0.4915, diag_mass=0.0500, to_uniform_l2=0.007448, to_identity_l2=0.036726, relation_identity_delta=0.036726, knowledge_state_graph_delta=0.433528, knowledge_state_personal_delta=0.000000, share_concept_embeddings=True, tau_mean=0.6931, tau_std=0.0000, graph_reg_scale(train/val)=1.0000/1.0000
2026-04-17 18:05:43,157 - INFO - [junyi|junyi_abce_best_full|lr=0.003|drop=0.40] [Grad Norms] Epoch [027] | relation_emb=1.449709e+00, relation_tau=0.000000e+00, relation_wq=0.000000e+00, relation_wk=0.000000e+00, personal_u=8.951703e-02, personal_v=4.329048e-02, personal_alpha_bias=0.000000e+00, personal_gate_emb=0.000000e+00, personal_gate_state_proj=0.000000e+00, personal_gate_context_proj=0.000000e+00, personal_gate_state_direct=4.213702e-08, personal_gate_id_direct=0.000000e+00, personal_gate_context_direct=1.382768e-03, personal_gate_out=7.183248e-09, personal_generator_emb=0.000000e+00, personal_generator_context_proj=0.000000e+00, personal_generator_context_hidden=0.000000e+00, personal_generator_context_to_u=0.000000e+00, personal_generator_context_to_v=0.000000e+00, personal_generator_state_row=0.000000e+00, personal_generator_state_col=0.000000e+00, personal_generator_id_row=0.000000e+00, personal_generator_id_col=0.000000e+00, personal_generator_state_adapter=0.000000e+00, personal_generator_id_adapter=0.000000e+00, personal_generator_context_adapter=0.000000e+00, personal_generator_direct_scale=6.308514e-07
2026-04-17 18:05:43,157 - INFO - [junyi|junyi_abce_best_full|lr=0.003|drop=0.40] -> No improvement 2 epoch(s) (best AUC=0.8232 @ 25)
2026-04-17 18:08:37,325 - INFO - [junyi|junyi_abce_best_full|lr=0.003|drop=0.40] Epoch [028/100] | Train: Loss=0.4524, BCE=0.4375, Reg=0.0149, AUC=0.8581, ACC=0.7992, RMSE=0.3752 | Val: Loss=0.5035, BCE=0.4886, Reg=0.0149, AUC=0.8203, ACC=0.7718, RMSE=0.3988
2026-04-17 18:08:37,326 - INFO - [junyi|junyi_abce_best_full|lr=0.003|drop=0.40] [Reg Terms] Epoch [028] | Train: graph_entropy=0.000000, graph_diag=0.006001, graph_uniform=0.006753, graph_reg_scale=1.0000, prediction_l2=0.000000, personal_sparse=0.001203, alpha_var=0.000000, alpha_collapse=0.000002, reg_bce_ratio=0.0341 | Val: graph_entropy=0.000000, graph_diag=0.006000, graph_uniform=0.006753, graph_reg_scale=1.0000, prediction_l2=0.000000, personal_sparse=0.001206, alpha_var=0.000000, alpha_collapse=0.000006, reg_bce_ratio=0.0306
2026-04-17 18:08:37,527 - INFO - [junyi|junyi_abce_best_full|lr=0.003|drop=0.40] [Diag][AE] Epoch [028] | irt_abs_mean=1.9495, irt_std=1.0954, personal_warmup_scale=1.00, graph_row_entropy=3.2177, graph_entropy_ratio=0.4915, alpha_mean=0.1703, alpha_std=0.0421, alpha_base_mean=0.1378, alpha_delta_absmean=0.0325, alpha_saturation_ratio=0.0000, alpha_bias_std=NA, alpha_state_path=0.8836, alpha_id_path=0.0000, alpha_bias_path=0.0000, head_bias_path=0.1419, personal_row_entropy=2.4200, personal_matrix_delta=0.0441, personal_matrix_student_std=0.0461, personal_delta_pre_softmax_norm=2.7987, personal_delta_student_std=2.7434, alpha_head_std=0.0404, query_row_global_readout_delta=0.1059, query_row_personal_message_delta=0.0095, query_row_posterior_delta_abs=0.0441, query_row_posterior_kl=0.0322, query_row_delta_local_rms_raw=0.0934, query_row_message_projection_gain=2.1162, personal_to_graph_query_ratio=0.0899, query_row_global_support_mass=1.8143, query_row_personal_support_mass=1.8143, neighbor_row_personal_delta=0.0000, personal_row_budget_mean=1.3000, personal_query_row_std=0.1229, readout_query_support_mass=1.8143, personal_student_mix=0.0501, personal_student_adapter=0.0400, local_row_ratio=0.0461, support_density=1.0000, readout_query_delta=0.1103, personal_bad_rows_active=0.00, personal_fallback_rows_active=0.00, personal_bad_row_rate_active=0.0000, personal_padded_rows=0.00, personal_logits_support_absmax=6.7603, personal_query_trust_scale_mean=0.9930, personal_bad_rows_legacy=0.00, personal_fallback_rows_legacy=0.00, personal_logits_absmax_legacy=6.7603
2026-04-17 18:08:37,528 - INFO - [junyi|junyi_abce_best_full|lr=0.003|drop=0.40] [Diag][A] Epoch [028] | entropy_ratio=0.4915, diag_mass=0.0500, to_uniform_l2=0.007448, to_identity_l2=0.036726, relation_identity_delta=0.036726, knowledge_state_graph_delta=0.440742, knowledge_state_personal_delta=0.000000, share_concept_embeddings=True, tau_mean=0.6931, tau_std=0.0000, graph_reg_scale(train/val)=1.0000/1.0000
2026-04-17 18:08:37,528 - INFO - [junyi|junyi_abce_best_full|lr=0.003|drop=0.40] [Grad Norms] Epoch [028] | relation_emb=1.499999e+00, relation_tau=0.000000e+00, relation_wq=0.000000e+00, relation_wk=0.000000e+00, personal_u=4.058013e-02, personal_v=4.936535e-02, personal_alpha_bias=0.000000e+00, personal_gate_emb=0.000000e+00, personal_gate_state_proj=0.000000e+00, personal_gate_context_proj=0.000000e+00, personal_gate_state_direct=2.116109e-07, personal_gate_id_direct=0.000000e+00, personal_gate_context_direct=1.656414e-03, personal_gate_out=1.109881e-09, personal_generator_emb=0.000000e+00, personal_generator_context_proj=0.000000e+00, personal_generator_context_hidden=0.000000e+00, personal_generator_context_to_u=0.000000e+00, personal_generator_context_to_v=0.000000e+00, personal_generator_state_row=0.000000e+00, personal_generator_state_col=0.000000e+00, personal_generator_id_row=0.000000e+00, personal_generator_id_col=0.000000e+00, personal_generator_state_adapter=0.000000e+00, personal_generator_id_adapter=0.000000e+00, personal_generator_context_adapter=0.000000e+00, personal_generator_direct_scale=1.498701e-05
2026-04-17 18:08:37,528 - INFO - [junyi|junyi_abce_best_full|lr=0.003|drop=0.40] -> No improvement 3 epoch(s) (best AUC=0.8232 @ 25)
2026-04-17 18:08:37,528 - INFO - [junyi|junyi_abce_best_full|lr=0.003|drop=0.40] Early stopping at epoch 28 (best AUC=0.8232 @ 25)
2026-04-17 18:08:37,536 - INFO - Epoch-wise metrics saved to checkpoints/abce_diag/remote_leverage_20260418_834538c/junyi/seed42/best_full/metrics_history.csv
2026-04-17 18:08:37,539 - INFO - [junyi|junyi_abce_best_full|lr=0.003|drop=0.40] Training completed! Best Val AUC=0.8232 @ epoch 25
2026-04-17 18:08:37,867 - INFO - 
============================================================
         MODULE ACTIVITY REPORT
============================================================
Dataset: junyi | Seed: 42 | Epoch: 28

1. Concept Graph Module (A):
   - Mean row entropy: 3.218 / 6.547
   - Entropy ratio: 49.1%
   - Query readout delta: 0.1070
   - Status: LIVE (global graph is entering queried concept readout)

2. Personal Graph Module (E):
   - Alpha mean: 0.170
   - Alpha std: 0.042
   - Alpha bias std: 0.000
   - Personal/global delta: 0.0443
   - Inter-student matrix std: 0.0457
   - Query personal message delta: 0.0097
   - Query posterior KL: 0.0324
   - Query message projection gain: 2.1390
   - Query personal std: 0.1284
   - Personal/global query ratio: 0.0912
   - Status: LIVE (state-driven personalization is visible at query stage)

------------------------------------------------------------
SUMMARY:
   Active modules: Concept Graph (A), Personal Graph (E)
   All enabled graph modules are functioning properly.
============================================================
2026-04-17 18:08:37,867 - INFO - [junyi|junyi_abce_best_full|lr=0.003|drop=0.40] Module activity saved to checkpoints/abce_diag/remote_leverage_20260418_834538c/junyi/seed42/best_full/module_activity.json
2026-04-17 18:08:37,917 - INFO - Using device: cuda:0 (physical gpu 3)
2026-04-17 18:08:37,917 - INFO - Loading model from checkpoints/abce_diag/remote_leverage_20260418_834538c/junyi/seed42/best_full/best_model.pth...
2026-04-17 18:08:38,022 - INFO - [Inference Filter] before=67063, after=60494, dropped=6569, coverage=90.20% (train-only seen student/item support)
2026-04-17 18:08:38,037 - INFO - Inference switches: ablate_module1=False | enable_module1=True | use_concept_graph=True | effective(num_gnn_layers=2)
2026-04-17 18:08:38,160 - INFO - [Inference] Ablation runtime check: args(ablate_module1=False) | expect(use_concept_graph=True,use_personal_graph=True) | model(enable_module1=True,use_concept_graph=True,use_personal_graph=True) | physical(has_knowledge_encoder=True,has_relation_learning=True,has_adaptive_gate=True,has_personal_generator=True)
2026-04-17 18:08:38,161 - INFO - [Inference] [Graph Init] graph_tau_mean=1.0055, graph_tau_std=0.0000, graph_dropout=0.000, use_personal_graph=True
2026-04-17 18:08:38,163 - INFO - Model loaded from epoch 25. Start testing...
2026-04-17 18:08:41,357 - INFO - [Test] 200/946 batches done, samples=12800
2026-04-17 18:08:44,442 - INFO - [Test] 400/946 batches done, samples=25600
2026-04-17 18:08:47,496 - INFO - [Test] 600/946 batches done, samples=38400
2026-04-17 18:08:50,828 - INFO - [Test] 800/946 batches done, samples=51200
2026-04-17 18:08:53,153 - INFO - 
==================================================
2026-04-17 18:08:53,153 - INFO - Test Results:
2026-04-17 18:08:53,154 - INFO - AUC: 0.8275
2026-04-17 18:08:53,154 - INFO - ACC: 0.7702
2026-04-17 18:08:53,154 - INFO - RMSE: 0.4001
2026-04-17 18:08:53,154 - INFO - ==================================================
2026-04-17 18:08:53,167 - INFO - Summary appended to /home/zsh/ConceptSkillCDM/results/experiment_results.csv
2026-04-17 18:08:53,167 - INFO - 
Generating student diagnosis reports...
2026-04-17 18:08:53,183 - INFO - Student diagnosis reports saved to checkpoints/abce_diag/remote_leverage_20260418_834538c/junyi/seed42/best_full/student_diagnosis.json
2026-04-17 18:08:53,187 - INFO - Run completed.
2026-04-17 18:08:53,187 - INFO - Best validation AUC: 0.8232 at epoch 25
2026-04-17 18:08:53,187 - INFO - Test metrics - AUC: 0.8275, ACC: 0.7702, RMSE: 0.4001
2026-04-17 18:08:53,399 - INFO - [数据清洗] 学生交互次数 < 15 次的学生：共移除 2188 个学生（仅统计用户数）
2026-04-17 18:08:53,411 - INFO - [数据清洗] 学生冷启动过滤：在 train/valid/test 中共删除 35779 条记录。
2026-04-17 18:08:53,411 - INFO - [数据清洗] 跳过题目冷门过滤（min_exer_interactions <= 0）。
2026-04-17 18:08:53,411 - INFO - [数据清洗] 跳过毒题清洗（min_poison_count <= 0）。
2026-04-17 18:08:53,411 - INFO - 正在构建ID映射...
2026-04-17 18:08:53,570 - INFO - 正在构建Q矩阵...
2026-04-17 18:08:58,948 - INFO - [数据清洗] Valid train-seen 过滤：before=22111, after=22111, dropped=0, coverage=100.00%
2026-04-17 18:08:58,951 - INFO - [数据清洗] Test train-seen 过滤：before=60499, after=60494, dropped=5, coverage=99.99%
2026-04-17 18:08:58,952 - INFO - [统计] 开始统计清洗后每道题的概念数量分布...
2026-04-17 18:08:58,954 - INFO - [Train] 概念数统计：题目数=697, 平均概念数=1.0000, min=1, max=1, 1概念=697 (100.00%), ≥2概念=0 (0.00%)
2026-04-17 18:08:58,954 - INFO - [Train] 概念数直方图（概念数: 题目数量）: {1: 697}
2026-04-17 18:08:58,954 - INFO - [Valid] 概念数统计：题目数=614, 平均概念数=1.0000, min=1, max=1, 1概念=614 (100.00%), ≥2概念=0 (0.00%)
2026-04-17 18:08:58,954 - INFO - [Valid] 概念数直方图（概念数: 题目数量）: {1: 614}
2026-04-17 18:08:58,955 - INFO - [Test] 概念数统计：题目数=663, 平均概念数=1.0000, min=1, max=1, 1概念=663 (100.00%), ≥2概念=0 (0.00%)
2026-04-17 18:08:58,955 - INFO - [Test] 概念数直方图（概念数: 题目数量）: {1: 663}
2026-04-17 18:08:58,955 - INFO - [统计] 概念数量统计完成。
2026-04-17 18:08:58,955 - INFO - 正在加载数据集...
2026-04-17 18:08:59,039 - INFO - [Component Analysis] Global graph: torch.Size([2, 697, 697])
2026-04-17 18:08:59,276 - INFO - [Component Analysis] Gate alpha samples: 200
2026-04-17 18:08:59,315 - INFO - [Component Analysis] Data saved to checkpoints/abce_diag/remote_leverage_20260418_834538c/junyi/seed42/best_full/component_analysis_data.npz
2026-04-17 18:08:59,672 - INFO - Generating component analysis visualizations...
2026-04-17 18:09:00,263 - INFO - Visualizations saved to checkpoints/abce_diag/remote_leverage_20260418_834538c/junyi/seed42/best_full
