2026-04-20 16:12:01,848 - INFO - Arguments:
2026-04-20 16:12:01,848 - INFO -   ablate_concept_graph: True
2026-04-20 16:12:01,848 - INFO -   ablate_module1: False
2026-04-20 16:12:01,848 - INFO -   allow_self_loop: True
2026-04-20 16:12:01,848 - INFO -   alpha_min_target: 0.05
2026-04-20 16:12:01,848 - INFO -   batch_size: 128
2026-04-20 16:12:01,848 - INFO -   data_dir: ./data/assist_09
2026-04-20 16:12:01,848 - INFO -   dataset_name: assist_09
2026-04-20 16:12:01,848 - INFO -   debug_graph_diag: True
2026-04-20 16:12:01,848 - INFO -   diag_batches: 1
2026-04-20 16:12:01,848 - INFO -   disable_self_loop: False
2026-04-20 16:12:01,848 - INFO -   dropout: 0.2
2026-04-20 16:12:01,848 - INFO -   early_stop_patience: 3
2026-04-20 16:12:01,848 - INFO -   enable_module1: True
2026-04-20 16:12:01,849 - INFO -   epochs: 100
2026-04-20 16:12:01,849 - INFO -   generate_diagnosis: True
2026-04-20 16:12:01,849 - INFO -   gnn_residual_weight: 0.5
2026-04-20 16:12:01,849 - INFO -   gpu_candidates: None
2026-04-20 16:12:01,849 - INFO -   gpu_ids: None
2026-04-20 16:12:01,849 - INFO -   gpu_memory_threshold: 2000
2026-04-20 16:12:01,849 - INFO -   gpus: None
2026-04-20 16:12:01,849 - INFO -   graph_dropout: 0.0
2026-04-20 16:12:01,849 - INFO -   graph_edge_bias_rank: 8
2026-04-20 16:12:01,849 - INFO -   graph_entropy_max: 0.75
2026-04-20 16:12:01,849 - INFO -   graph_entropy_min: 0.25
2026-04-20 16:12:01,849 - INFO -   graph_headwise_query_gate: True
2026-04-20 16:12:01,849 - INFO -   graph_identity_residual: 0.05
2026-04-20 16:12:01,849 - INFO -   graph_propagation_alpha: 0.24
2026-04-20 16:12:01,849 - INFO -   graph_query_adapter_enable: True
2026-04-20 16:12:01,849 - INFO -   graph_query_readout_2hop_scale: 0.24
2026-04-20 16:12:01,849 - INFO -   graph_query_readout_scale: 0.7
2026-04-20 16:12:01,849 - INFO -   graph_query_writeback_2hop_scale: 0.24
2026-04-20 16:12:01,849 - INFO -   graph_query_writeback_scale: 0.7
2026-04-20 16:12:01,849 - INFO -   graph_readout_1hop_scale: 0.7
2026-04-20 16:12:01,849 - INFO -   graph_readout_2hop_scale: 0.24
2026-04-20 16:12:01,849 - INFO -   graph_reg_cap_ratio: 6.0
2026-04-20 16:12:01,849 - INFO -   graph_reg_warmup_epochs: 4
2026-04-20 16:12:01,849 - INFO -   graph_tau_init: 0.55
2026-04-20 16:12:01,849 - INFO -   graph_topk: 12
2026-04-20 16:12:01,849 - INFO -   graph_uniform_margin: 0.1
2026-04-20 16:12:01,849 - INFO -   knowledge_dim: 64
2026-04-20 16:12:01,849 - INFO -   lambda_alpha: 0.0
2026-04-20 16:12:01,849 - INFO -   lambda_alpha_min: 0.08
2026-04-20 16:12:01,849 - INFO -   lambda_graph_diag: 0.1
2026-04-20 16:12:01,849 - INFO -   lambda_graph_uniform: 0.04
2026-04-20 16:12:01,849 - INFO -   lambda_personal_kl: 0.04
2026-04-20 16:12:01,849 - INFO -   lambda_personal_query_residual: 0.08
2026-04-20 16:12:01,849 - INFO -   lambda_sparse: 0.8
2026-04-20 16:12:01,849 - INFO -   lambda_sparse_personal: 0.0005
2026-04-20 16:12:01,849 - INFO -   learning_rate: 0.0003
2026-04-20 16:12:01,849 - INFO -   log_dir: logs/abce_diag/remote_struct_v2_20260419_86dfed4/assist_09/seed42/best_no_A
2026-04-20 16:12:01,849 - INFO -   max_test_batches: None
2026-04-20 16:12:01,849 - INFO -   max_train_batches: None
2026-04-20 16:12:01,849 - INFO -   max_val_batches: None
2026-04-20 16:12:01,849 - INFO -   min_exer_interactions: 0
2026-04-20 16:12:01,850 - INFO -   min_poison_count: 0
2026-04-20 16:12:01,850 - INFO -   min_stu_interactions: 15
2026-04-20 16:12:01,850 - INFO -   model_variant: assist_09_abce_best_no_A
2026-04-20 16:12:01,850 - INFO -   multi_gpu: False
2026-04-20 16:12:01,850 - INFO -   no_cuda: False
2026-04-20 16:12:01,850 - INFO -   num_gnn_layers: 2
2026-04-20 16:12:01,850 - INFO -   num_gpus: 1
2026-04-20 16:12:01,850 - INFO -   num_relation_heads: 2
2026-04-20 16:12:01,850 - INFO -   num_workers: 4
2026-04-20 16:12:01,850 - INFO -   patience: 5
2026-04-20 16:12:01,850 - INFO -   personal_alpha_base_init: 0.05
2026-04-20 16:12:01,850 - INFO -   personal_alpha_bias_scale: 0.0
2026-04-20 16:12:01,850 - INFO -   personal_alpha_budget: 0.1
2026-04-20 16:12:01,850 - INFO -   personal_alpha_temperature: 2.2
2026-04-20 16:12:01,850 - INFO -   personal_delta_scale: 4.0
2026-04-20 16:12:01,850 - INFO -   personal_disable_student_global_context: True
2026-04-20 16:12:01,850 - INFO -   personal_id_lr_mult: 0.5
2026-04-20 16:12:01,850 - INFO -   personal_include_neighbor_rows: False
2026-04-20 16:12:01,850 - INFO -   personal_local_hops: 1
2026-04-20 16:12:01,850 - INFO -   personal_max_alpha: 0.28
2026-04-20 16:12:01,850 - INFO -   personal_message_alignment_gate: True
2026-04-20 16:12:01,850 - INFO -   personal_neighbor_row_budget: 0.35
2026-04-20 16:12:01,850 - INFO -   personal_projection_hidden_factor: 2
2026-04-20 16:12:01,850 - INFO -   personal_query_correction_max_ratio: 0.15
2026-04-20 16:12:01,850 - INFO -   personal_query_correction_min_graph_anchor: 0.02
2026-04-20 16:12:01,850 - INFO -   personal_query_correction_scale: 1.2
2026-04-20 16:12:01,850 - INFO -   personal_query_message_gain: 1.0
2026-04-20 16:12:01,850 - INFO -   personal_query_residual_margin: 0.08
2026-04-20 16:12:01,850 - INFO -   personal_query_row_budget: 1.0
2026-04-20 16:12:01,850 - INFO -   personal_query_support_hops: 1
2026-04-20 16:12:01,850 - INFO -   personal_rank: 8
2026-04-20 16:12:01,850 - INFO -   personal_reg_warmup_epochs: 8
2026-04-20 16:12:01,850 - INFO -   personal_state_lr_mult: 1.0
2026-04-20 16:12:01,850 - INFO -   personal_student_dim: 32
2026-04-20 16:12:01,850 - INFO -   personal_support_include_graph: True
2026-04-20 16:12:01,850 - INFO -   personal_support_include_neighbors: False
2026-04-20 16:12:01,850 - INFO -   personal_support_include_query_self: True
2026-04-20 16:12:01,850 - INFO -   personal_support_only: True
2026-04-20 16:12:01,850 - INFO -   personal_value_use_global_basis: True
2026-04-20 16:12:01,850 - INFO -   personal_warmup_epochs: 8
2026-04-20 16:12:01,851 - INFO -   prediction_l2_lambda: 1e-05
2026-04-20 16:12:01,851 - INFO -   save_dir: checkpoints/abce_diag/remote_struct_v2_20260419_86dfed4/assist_09/seed42/best_no_A
2026-04-20 16:12:01,851 - INFO -   save_interval: 10
2026-04-20 16:12:01,851 - INFO -   seed: 42
2026-04-20 16:12:01,851 - INFO -   share_concept_embeddings: True
2026-04-20 16:12:01,851 - INFO -   use_concept_graph: False
2026-04-20 16:12:01,851 - INFO -   use_exercise_graph: False
2026-04-20 16:12:01,851 - INFO -   use_personal_graph: True
2026-04-20 16:12:01,851 - INFO -   weight_decay: 1e-05
2026-04-20 16:12:01,944 - INFO - Using device: cuda:0 (physical gpu 2)
2026-04-20 16:12:01,945 - INFO - [assist_09|assist_09_abce_best_no_A|lr=0.0003|drop=0.20] Loading datasets...
2026-04-20 16:12:01,945 - INFO - [assist_09|assist_09_abce_best_no_A|lr=0.0003|drop=0.20] Regularization: graph_entropy(lambda_sparse)=0.800000, graph_diag=0.100000, graph_uniform=0.040000, personal_sparse=0.000500, personal_kl=0.040000, personal_query_residual=0.080000, alpha_penalty=0.000000, alpha_min=0.080000, prediction_l2=0.000010
2026-04-20 16:12:01,945 - INFO - [assist_09|assist_09_abce_best_no_A|lr=0.0003|drop=0.20] Graph controls: entropy_band=[0.25, 0.75], uniform_margin=0.10, warmup_epochs=4, cap_ratio=6.00, graph_dropout=0.000, graph_tau_init=0.550
2026-04-20 16:12:01,945 - INFO - [assist_09|assist_09_abce_best_no_A|lr=0.0003|drop=0.20] Personal controls: personal_max_alpha=0.280, personal_delta_scale=4.000, personal_warmup_epochs=8, personal_student_dim=32, alpha_min_target=0.0500, personal_local_hops=1, include_neighbor_rows=False, personal_support_only=True, personal_alpha_temperature=2.200, personal_alpha_budget=0.100, personal_query_row_budget=1.000, personal_neighbor_row_budget=0.350, personal_query_support_hops=1, personal_query_message_gain=1.000, personal_query_correction_scale=1.200, personal_state_lr_mult=1.000, personal_id_lr_mult=0.500, graph_propagation_alpha=0.240, graph_query_readout_scale=0.700, graph_query_readout_2hop_scale=0.240
2026-04-20 16:12:02,023 - INFO - [assist_09] [数据清洗] 学生交互次数 < 15 次的学生：共移除 313 个学生（仅统计用户数）
2026-04-20 16:12:02,036 - INFO - [assist_09] [数据清洗] 学生冷启动过滤：在 train/valid/test 中共删除 5118 条记录。
2026-04-20 16:12:02,037 - INFO - [assist_09] [数据清洗] 跳过题目冷门过滤（min_exer_interactions <= 0）。
2026-04-20 16:12:02,037 - INFO - [assist_09] [数据清洗] 跳过毒题清洗（min_poison_count <= 0）。
2026-04-20 16:12:02,037 - INFO - [assist_09] 正在构建ID映射...
2026-04-20 16:12:02,282 - INFO - [assist_09] 正在构建Q矩阵...
2026-04-20 16:12:11,139 - INFO - [assist_09] [数据清洗] Valid train-seen 过滤：before=20072, after=19875, dropped=197, coverage=99.02%
2026-04-20 16:12:11,148 - INFO - [assist_09] [数据清洗] Test train-seen 过滤：before=51610, after=51090, dropped=520, coverage=98.99%
2026-04-20 16:12:11,160 - INFO - [assist_09] [统计] 开始统计清洗后每道题的概念数量分布...
2026-04-20 16:12:11,178 - INFO - [assist_09] [Train] 概念数统计：题目数=17057, 平均概念数=1.1995, min=1, max=4, 1概念=14129 (82.83%), ≥2概念=2928 (17.17%)
2026-04-20 16:12:11,178 - INFO - [assist_09] [Train] 概念数直方图（概念数: 题目数量）: {1: 14129, 2: 2533, 3: 315, 4: 80}
2026-04-20 16:12:11,187 - INFO - [assist_09] [Valid] 概念数统计：题目数=9034, 平均概念数=1.1996, min=1, max=4, 1概念=7500 (83.02%), ≥2概念=1534 (16.98%)
2026-04-20 16:12:11,187 - INFO - [assist_09] [Valid] 概念数直方图（概念数: 题目数量）: {1: 7500, 2: 1314, 3: 171, 4: 49}
2026-04-20 16:12:11,202 - INFO - [assist_09] [Test] 概念数统计：题目数=12825, 平均概念数=1.1994, min=1, max=4, 1概念=10661 (83.13%), ≥2概念=2164 (16.87%)
2026-04-20 16:12:11,202 - INFO - [assist_09] [Test] 概念数直方图（概念数: 题目数量）: {1: 10661, 2: 1836, 3: 263, 4: 65}
2026-04-20 16:12:11,202 - INFO - [assist_09] [统计] 概念数量统计完成。
2026-04-20 16:12:11,202 - INFO - [assist_09] 正在加载数据集...
2026-04-20 16:12:11,351 - INFO - [assist_09|assist_09_abce_best_no_A|lr=0.0003|drop=0.20] Train samples: 190623, Val samples: 19875
2026-04-20 16:12:11,351 - INFO - [assist_09|assist_09_abce_best_no_A|lr=0.0003|drop=0.20] Number of students: 2180
2026-04-20 16:12:11,351 - INFO - [assist_09|assist_09_abce_best_no_A|lr=0.0003|drop=0.20] Number of exercises: 17057
2026-04-20 16:12:11,351 - INFO - [assist_09|assist_09_abce_best_no_A|lr=0.0003|drop=0.20] Number of concepts: 123
2026-04-20 16:12:11,351 - INFO - [assist_09|assist_09_abce_best_no_A|lr=0.0003|drop=0.20] Creating model...
2026-04-20 16:12:11,351 - INFO - [assist_09|assist_09_abce_best_no_A|lr=0.0003|drop=0.20] Ablation switches: ablate_module1=False | enable_module1=True | use_concept_graph=False | effective(num_gnn_layers=2)
2026-04-20 16:12:11,571 - INFO - [assist_09|assist_09_abce_best_no_A|lr=0.0003|drop=0.20] Ablation runtime check: args(ablate_module1=False) | expect(use_concept_graph=False,use_personal_graph=True) | model(enable_module1=True,use_concept_graph=False,use_personal_graph=True) | physical(has_knowledge_encoder=True,has_relation_learning=False,has_adaptive_gate=True,has_personal_generator=True)
2026-04-20 16:12:11,571 - INFO - [assist_09|assist_09_abce_best_no_A|lr=0.0003|drop=0.20] Debug diagnostics enabled: diag_batches=1
2026-04-20 16:12:11,571 - INFO - [assist_09|assist_09_abce_best_no_A|lr=0.0003|drop=0.20] [Graph Init] graph_tau_mean=0.0000, graph_tau_std=0.0000, graph_dropout=0.000, use_personal_graph=True
2026-04-20 16:12:11,571 - INFO - [assist_09|assist_09_abce_best_no_A|lr=0.0003|drop=0.20] Total parameters: 999,133
2026-04-20 16:12:11,572 - INFO - [assist_09|assist_09_abce_best_no_A|lr=0.0003|drop=0.20] Trainable parameters: 999,133
2026-04-20 16:12:12,761 - INFO - [assist_09|assist_09_abce_best_no_A|lr=0.0003|drop=0.20] Optimizer param groups: backbone@lr=0.0003, personal_state@lr=0.0003, personal_id@lr=0.00015
2026-04-20 16:12:12,761 - INFO - [assist_09|assist_09_abce_best_no_A|lr=0.0003|drop=0.20] Monitor config: scheduler=val_auc(max), best_checkpoint=val_auc(max), early_stop=val_auc(max)
2026-04-20 16:12:12,761 - INFO - [assist_09|assist_09_abce_best_no_A|lr=0.0003|drop=0.20] Starting training...
2026-04-20 16:18:59,655 - INFO - [assist_09|assist_09_abce_best_no_A|lr=0.0003|drop=0.20] Epoch [001/100] | Train: Loss=0.5975, BCE=0.5969, Reg=0.0006, AUC=0.6755, ACC=0.6875, RMSE=0.4525 | Val: Loss=0.5685, BCE=0.5679, Reg=0.0005, AUC=0.7298, ACC=0.7077, RMSE=0.4386
2026-04-20 16:18:59,656 - INFO - [assist_09|assist_09_abce_best_no_A|lr=0.0003|drop=0.20] [Reg Terms] Epoch [001] | Train: graph_entropy=0.000000, graph_diag=0.000000, graph_uniform=0.000000, graph_reg_scale=1.0000, prediction_l2=0.000000, personal_sparse=0.000001, alpha_var=0.000000, alpha_collapse=0.000331, reg_bce_ratio=0.0010 | Val: graph_entropy=0.000000, graph_diag=0.000000, graph_uniform=0.000000, graph_reg_scale=1.0000, prediction_l2=0.000000, personal_sparse=0.000001, alpha_var=0.000000, alpha_collapse=0.000286, reg_bce_ratio=0.0010
2026-04-20 16:19:00,078 - INFO - [assist_09|assist_09_abce_best_no_A|lr=0.0003|drop=0.20] [Diag][AE] Epoch [001] | irt_abs_mean=1.2558, irt_std=0.5520, personal_warmup_scale=0.12, graph_row_entropy=0.0000, graph_entropy_ratio=0.0000, alpha_mean=0.0510, alpha_std=0.0219, alpha_base_mean=0.0510, alpha_delta_absmean=0.0981, alpha_saturation_ratio=0.0000, alpha_bias_std=NA, alpha_state_path=5.3049, alpha_id_path=0.0000, alpha_bias_path=0.0000, head_bias_path=1.5196, personal_row_entropy=0.0279, personal_matrix_delta=0.0859, personal_matrix_student_std=0.1576, personal_delta_pre_softmax_norm=1.7742, personal_delta_student_std=0.6661, alpha_head_std=0.0219, query_row_global_readout_delta=0.0000, query_row_personal_message_delta=0.0017, query_row_posterior_delta_abs=0.0859, query_row_posterior_kl=0.0575, query_row_delta_local_rms_raw=0.0905, query_row_message_projection_gain=1.0535, personal_to_graph_query_ratio=0.0000, query_row_global_support_mass=0.0000, query_row_personal_support_mass=0.0000, neighbor_row_personal_delta=0.0000, personal_row_budget_mean=1.0000, personal_query_row_std=0.9645, readout_query_support_mass=0.0000, personal_student_mix=0.0075, personal_student_adapter=0.0170, local_row_ratio=0.0098, support_density=0.1840, readout_query_delta=0.0017, personal_bad_rows_active=0.00, personal_fallback_rows_active=0.00, personal_bad_row_rate_active=0.0000, personal_padded_rows=460.00, personal_logits_support_absmax=4.1101, personal_query_trust_scale_mean=0.9300, personal_bad_rows_legacy=460.00, personal_fallback_rows_legacy=460.00, personal_logits_absmax_legacy=30.0000
2026-04-20 16:19:00,078 - INFO - [assist_09|assist_09_abce_best_no_A|lr=0.0003|drop=0.20] [Diag][A] Epoch [001] | entropy_ratio=0.0000, diag_mass=1.0000, to_uniform_l2=0.089800, to_identity_l2=0.000000, relation_identity_delta=0.000000, knowledge_state_graph_delta=0.000000, knowledge_state_personal_delta=0.000000, share_concept_embeddings=True, tau_mean=0.0000, tau_std=0.0000, graph_reg_scale(train/val)=1.0000/1.0000
2026-04-20 16:19:00,078 - INFO - [assist_09|assist_09_abce_best_no_A|lr=0.0003|drop=0.20] [Grad Norms] Epoch [001] | relation_emb=0.000000e+00, relation_tau=0.000000e+00, relation_wq=0.000000e+00, relation_wk=0.000000e+00, personal_u=9.894689e-05, personal_v=1.139677e-04, personal_alpha_bias=0.000000e+00, personal_gate_emb=8.685407e-15, personal_gate_state_proj=1.133130e-09, personal_gate_context_proj=1.844159e-09, personal_gate_state_direct=7.207530e-06, personal_gate_id_direct=4.704954e-13, personal_gate_context_direct=1.187625e-05, personal_gate_out=1.202839e-08, personal_generator_emb=1.259012e-16, personal_generator_context_proj=9.392809e-17, personal_generator_context_hidden=1.132493e-17, personal_generator_context_to_u=3.238350e-13, personal_generator_context_to_v=5.707622e-13, personal_generator_state_row=1.987821e-09, personal_generator_state_col=3.503553e-09, personal_generator_id_row=5.394284e-12, personal_generator_id_col=9.507478e-12, personal_generator_state_adapter=1.870621e-14, personal_generator_id_adapter=2.029370e-20, personal_generator_context_adapter=2.741102e-20, personal_generator_direct_scale=1.334395e-09
2026-04-20 16:19:00,335 - INFO - [assist_09|assist_09_abce_best_no_A|lr=0.0003|drop=0.20] -> New best AUC=0.7298 at epoch 1
2026-04-20 16:25:47,447 - INFO - [assist_09|assist_09_abce_best_no_A|lr=0.0003|drop=0.20] Epoch [002/100] | Train: Loss=0.5569, BCE=0.5562, Reg=0.0007, AUC=0.7402, ACC=0.7185, RMSE=0.4330 | Val: Loss=0.5620, BCE=0.5613, Reg=0.0006, AUC=0.7357, ACC=0.7104, RMSE=0.4357
2026-04-20 16:25:47,447 - INFO - [assist_09|assist_09_abce_best_no_A|lr=0.0003|drop=0.20] [Reg Terms] Epoch [002] | Train: graph_entropy=0.000000, graph_diag=0.000000, graph_uniform=0.000000, graph_reg_scale=1.0000, prediction_l2=0.000000, personal_sparse=0.000001, alpha_var=0.000000, alpha_collapse=0.000184, reg_bce_ratio=0.0013 | Val: graph_entropy=0.000000, graph_diag=0.000000, graph_uniform=0.000000, graph_reg_scale=1.0000, prediction_l2=0.000000, personal_sparse=0.000001, alpha_var=0.000000, alpha_collapse=0.000083, reg_bce_ratio=0.0011
2026-04-20 16:25:47,884 - INFO - [assist_09|assist_09_abce_best_no_A|lr=0.0003|drop=0.20] [Diag][AE] Epoch [002] | irt_abs_mean=1.3460, irt_std=0.6121, personal_warmup_scale=0.25, graph_row_entropy=0.0000, graph_entropy_ratio=0.0000, alpha_mean=0.0543, alpha_std=0.0464, alpha_base_mean=0.0543, alpha_delta_absmean=0.0991, alpha_saturation_ratio=0.0000, alpha_bias_std=NA, alpha_state_path=6.0261, alpha_id_path=0.0000, alpha_bias_path=0.0000, head_bias_path=1.5059, personal_row_entropy=0.0251, personal_matrix_delta=0.0862, personal_matrix_student_std=0.1565, personal_delta_pre_softmax_norm=1.7748, personal_delta_student_std=0.6671, alpha_head_std=0.0464, query_row_global_readout_delta=0.0000, query_row_personal_message_delta=0.0017, query_row_posterior_delta_abs=0.0862, query_row_posterior_kl=0.0578, query_row_delta_local_rms_raw=0.0587, query_row_message_projection_gain=0.6813, personal_to_graph_query_ratio=0.0000, query_row_global_support_mass=0.0000, query_row_personal_support_mass=0.0000, neighbor_row_personal_delta=0.0000, personal_row_budget_mean=1.0000, personal_query_row_std=0.9650, readout_query_support_mass=0.0000, personal_student_mix=0.0109, personal_student_adapter=0.0226, local_row_ratio=0.0098, support_density=0.1840, readout_query_delta=0.0017, personal_bad_rows_active=0.00, personal_fallback_rows_active=0.00, personal_bad_row_rate_active=0.0000, personal_padded_rows=460.00, personal_logits_support_absmax=4.1021, personal_query_trust_scale_mean=0.9464, personal_bad_rows_legacy=460.00, personal_fallback_rows_legacy=460.00, personal_logits_absmax_legacy=30.0000
2026-04-20 16:25:47,884 - INFO - [assist_09|assist_09_abce_best_no_A|lr=0.0003|drop=0.20] [Diag][A] Epoch [002] | entropy_ratio=0.0000, diag_mass=1.0000, to_uniform_l2=0.089800, to_identity_l2=0.000000, relation_identity_delta=0.000000, knowledge_state_graph_delta=0.000000, knowledge_state_personal_delta=0.000000, share_concept_embeddings=True, tau_mean=0.0000, tau_std=0.0000, graph_reg_scale(train/val)=1.0000/1.0000
2026-04-20 16:25:47,884 - INFO - [assist_09|assist_09_abce_best_no_A|lr=0.0003|drop=0.20] [Grad Norms] Epoch [002] | relation_emb=0.000000e+00, relation_tau=0.000000e+00, relation_wq=0.000000e+00, relation_wk=0.000000e+00, personal_u=5.435620e-04, personal_v=1.118718e-03, personal_alpha_bias=0.000000e+00, personal_gate_emb=1.201373e-19, personal_gate_state_proj=2.127775e-14, personal_gate_context_proj=1.660497e-14, personal_gate_state_direct=1.093766e-05, personal_gate_id_direct=5.058644e-14, personal_gate_context_direct=8.606121e-06, personal_gate_out=6.085062e-12, personal_generator_emb=6.371104e-18, personal_generator_context_proj=0.000000e+00, personal_generator_context_hidden=0.000000e+00, personal_generator_context_to_u=2.691288e-17, personal_generator_context_to_v=7.532955e-17, personal_generator_state_row=2.457402e-09, personal_generator_state_col=6.878307e-09, personal_generator_id_row=5.112971e-15, personal_generator_id_col=1.431129e-14, personal_generator_state_adapter=8.393018e-14, personal_generator_id_adapter=3.664446e-25, personal_generator_context_adapter=3.453386e-30, personal_generator_direct_scale=2.231883e-08
2026-04-20 16:25:48,200 - INFO - [assist_09|assist_09_abce_best_no_A|lr=0.0003|drop=0.20] -> New best AUC=0.7357 at epoch 2
2026-04-20 16:32:34,752 - INFO - [assist_09|assist_09_abce_best_no_A|lr=0.0003|drop=0.20] Epoch [003/100] | Train: Loss=0.5440, BCE=0.5433, Reg=0.0008, AUC=0.7551, ACC=0.7260, RMSE=0.4271 | Val: Loss=0.5579, BCE=0.5571, Reg=0.0008, AUC=0.7409, ACC=0.7149, RMSE=0.4338
2026-04-20 16:32:34,752 - INFO - [assist_09|assist_09_abce_best_no_A|lr=0.0003|drop=0.20] [Reg Terms] Epoch [003] | Train: graph_entropy=0.000000, graph_diag=0.000000, graph_uniform=0.000000, graph_reg_scale=1.0000, prediction_l2=0.000000, personal_sparse=0.000002, alpha_var=0.000000, alpha_collapse=0.000000, reg_bce_ratio=0.0015 | Val: graph_entropy=0.000000, graph_diag=0.000000, graph_uniform=0.000000, graph_reg_scale=1.0000, prediction_l2=0.000000, personal_sparse=0.000002, alpha_var=0.000000, alpha_collapse=0.000015, reg_bce_ratio=0.0014
2026-04-20 16:32:35,174 - INFO - [assist_09|assist_09_abce_best_no_A|lr=0.0003|drop=0.20] [Diag][AE] Epoch [003] | irt_abs_mean=1.4151, irt_std=0.6701, personal_warmup_scale=0.38, graph_row_entropy=0.0000, graph_entropy_ratio=0.0000, alpha_mean=0.0553, alpha_std=0.0503, alpha_base_mean=0.0550, alpha_delta_absmean=0.0765, alpha_saturation_ratio=0.0000, alpha_bias_std=NA, alpha_state_path=2.2191, alpha_id_path=0.0000, alpha_bias_path=0.0000, head_bias_path=1.4893, personal_row_entropy=0.0279, personal_matrix_delta=0.0857, personal_matrix_student_std=0.1490, personal_delta_pre_softmax_norm=1.7758, personal_delta_student_std=0.6524, alpha_head_std=0.0503, query_row_global_readout_delta=0.0000, query_row_personal_message_delta=0.0016, query_row_posterior_delta_abs=0.0857, query_row_posterior_kl=0.0574, query_row_delta_local_rms_raw=0.0441, query_row_message_projection_gain=0.5150, personal_to_graph_query_ratio=0.0000, query_row_global_support_mass=0.0000, query_row_personal_support_mass=0.0000, neighbor_row_personal_delta=0.0000, personal_row_budget_mean=1.0000, personal_query_row_std=0.9656, readout_query_support_mass=0.0000, personal_student_mix=0.0153, personal_student_adapter=0.0284, local_row_ratio=0.0098, support_density=0.1840, readout_query_delta=0.0016, personal_bad_rows_active=0.00, personal_fallback_rows_active=0.00, personal_bad_row_rate_active=0.0000, personal_padded_rows=460.00, personal_logits_support_absmax=4.1419, personal_query_trust_scale_mean=0.9601, personal_bad_rows_legacy=460.00, personal_fallback_rows_legacy=460.00, personal_logits_absmax_legacy=30.0000
2026-04-20 16:32:35,174 - INFO - [assist_09|assist_09_abce_best_no_A|lr=0.0003|drop=0.20] [Diag][A] Epoch [003] | entropy_ratio=0.0000, diag_mass=1.0000, to_uniform_l2=0.089800, to_identity_l2=0.000000, relation_identity_delta=0.000000, knowledge_state_graph_delta=0.000000, knowledge_state_personal_delta=0.000000, share_concept_embeddings=True, tau_mean=0.0000, tau_std=0.0000, graph_reg_scale(train/val)=1.0000/1.0000
2026-04-20 16:32:35,174 - INFO - [assist_09|assist_09_abce_best_no_A|lr=0.0003|drop=0.20] [Grad Norms] Epoch [003] | relation_emb=0.000000e+00, relation_tau=0.000000e+00, relation_wq=0.000000e+00, relation_wk=0.000000e+00, personal_u=3.510943e-20, personal_v=4.408623e-20, personal_alpha_bias=0.000000e+00, personal_gate_emb=1.165260e-20, personal_gate_state_proj=0.000000e+00, personal_gate_context_proj=0.000000e+00, personal_gate_state_direct=4.002366e-05, personal_gate_id_direct=4.235165e-22, personal_gate_context_direct=2.032848e-05, personal_gate_out=6.968595e-18, personal_generator_emb=0.000000e+00, personal_generator_context_proj=0.000000e+00, personal_generator_context_hidden=0.000000e+00, personal_generator_context_to_u=0.000000e+00, personal_generator_context_to_v=0.000000e+00, personal_generator_state_row=0.000000e+00, personal_generator_state_col=0.000000e+00, personal_generator_id_row=0.000000e+00, personal_generator_id_col=0.000000e+00, personal_generator_state_adapter=0.000000e+00, personal_generator_id_adapter=0.000000e+00, personal_generator_context_adapter=0.000000e+00, personal_generator_direct_scale=2.578842e-21
2026-04-20 16:32:35,517 - INFO - [assist_09|assist_09_abce_best_no_A|lr=0.0003|drop=0.20] -> New best AUC=0.7409 at epoch 3
2026-04-20 16:39:23,829 - INFO - [assist_09|assist_09_abce_best_no_A|lr=0.0003|drop=0.20] Epoch [004/100] | Train: Loss=0.5337, BCE=0.5327, Reg=0.0011, AUC=0.7669, ACC=0.7322, RMSE=0.4223 | Val: Loss=0.5546, BCE=0.5536, Reg=0.0011, AUC=0.7437, ACC=0.7180, RMSE=0.4322
2026-04-20 16:39:23,829 - INFO - [assist_09|assist_09_abce_best_no_A|lr=0.0003|drop=0.20] [Reg Terms] Epoch [004] | Train: graph_entropy=0.000000, graph_diag=0.000000, graph_uniform=0.000000, graph_reg_scale=1.0000, prediction_l2=0.000000, personal_sparse=0.000003, alpha_var=0.000000, alpha_collapse=0.000000, reg_bce_ratio=0.0020 | Val: graph_entropy=0.000000, graph_diag=0.000000, graph_uniform=0.000000, graph_reg_scale=1.0000, prediction_l2=0.000000, personal_sparse=0.000003, alpha_var=0.000000, alpha_collapse=0.000028, reg_bce_ratio=0.0019
2026-04-20 16:39:24,243 - INFO - [assist_09|assist_09_abce_best_no_A|lr=0.0003|drop=0.20] [Diag][AE] Epoch [004] | irt_abs_mean=1.4227, irt_std=0.7019, personal_warmup_scale=0.50, graph_row_entropy=0.0000, graph_entropy_ratio=0.0000, alpha_mean=0.0589, alpha_std=0.0522, alpha_base_mean=0.0563, alpha_delta_absmean=0.0613, alpha_saturation_ratio=0.0000, alpha_bias_std=NA, alpha_state_path=1.5907, alpha_id_path=0.0000, alpha_bias_path=0.0000, head_bias_path=1.4539, personal_row_entropy=0.0225, personal_matrix_delta=0.0866, personal_matrix_student_std=0.1590, personal_delta_pre_softmax_norm=1.7736, personal_delta_student_std=0.6632, alpha_head_std=0.0521, query_row_global_readout_delta=0.0000, query_row_personal_message_delta=0.0015, query_row_posterior_delta_abs=0.0866, query_row_posterior_kl=0.0582, query_row_delta_local_rms_raw=0.0356, query_row_message_projection_gain=0.4114, personal_to_graph_query_ratio=0.0000, query_row_global_support_mass=0.0000, query_row_personal_support_mass=0.0000, neighbor_row_personal_delta=0.0000, personal_row_budget_mean=1.0000, personal_query_row_std=0.9640, readout_query_support_mass=0.0000, personal_student_mix=0.0209, personal_student_adapter=0.0339, local_row_ratio=0.0098, support_density=0.1840, readout_query_delta=0.0015, personal_bad_rows_active=0.00, personal_fallback_rows_active=0.00, personal_bad_row_rate_active=0.0000, personal_padded_rows=460.00, personal_logits_support_absmax=4.1132, personal_query_trust_scale_mean=0.9812, personal_bad_rows_legacy=460.00, personal_fallback_rows_legacy=460.00, personal_logits_absmax_legacy=30.0000
2026-04-20 16:39:24,243 - INFO - [assist_09|assist_09_abce_best_no_A|lr=0.0003|drop=0.20] [Diag][A] Epoch [004] | entropy_ratio=0.0000, diag_mass=1.0000, to_uniform_l2=0.089800, to_identity_l2=0.000000, relation_identity_delta=0.000000, knowledge_state_graph_delta=0.000000, knowledge_state_personal_delta=0.000000, share_concept_embeddings=True, tau_mean=0.0000, tau_std=0.0000, graph_reg_scale(train/val)=1.0000/1.0000
2026-04-20 16:39:24,244 - INFO - [assist_09|assist_09_abce_best_no_A|lr=0.0003|drop=0.20] [Grad Norms] Epoch [004] | relation_emb=0.000000e+00, relation_tau=0.000000e+00, relation_wq=0.000000e+00, relation_wk=0.000000e+00, personal_u=2.425653e-03, personal_v=1.523977e-03, personal_alpha_bias=0.000000e+00, personal_gate_emb=0.000000e+00, personal_gate_state_proj=0.000000e+00, personal_gate_context_proj=0.000000e+00, personal_gate_state_direct=1.597718e-04, personal_gate_id_direct=0.000000e+00, personal_gate_context_direct=6.870314e-06, personal_gate_out=0.000000e+00, personal_generator_emb=0.000000e+00, personal_generator_context_proj=0.000000e+00, personal_generator_context_hidden=0.000000e+00, personal_generator_context_to_u=0.000000e+00, personal_generator_context_to_v=0.000000e+00, personal_generator_state_row=1.824270e-18, personal_generator_state_col=1.167057e-18, personal_generator_id_row=0.000000e+00, personal_generator_id_col=0.000000e+00, personal_generator_state_adapter=3.727025e-33, personal_generator_id_adapter=0.000000e+00, personal_generator_context_adapter=0.000000e+00, personal_generator_direct_scale=1.485462e-09
2026-04-20 16:39:24,637 - INFO - [assist_09|assist_09_abce_best_no_A|lr=0.0003|drop=0.20] -> New best AUC=0.7437 at epoch 4
2026-04-20 16:46:12,122 - INFO - [assist_09|assist_09_abce_best_no_A|lr=0.0003|drop=0.20] Epoch [005/100] | Train: Loss=0.5251, BCE=0.5237, Reg=0.0013, AUC=0.7768, ACC=0.7365, RMSE=0.4184 | Val: Loss=0.5547, BCE=0.5534, Reg=0.0013, AUC=0.7456, ACC=0.7193, RMSE=0.4320
2026-04-20 16:46:12,122 - INFO - [assist_09|assist_09_abce_best_no_A|lr=0.0003|drop=0.20] [Reg Terms] Epoch [005] | Train: graph_entropy=0.000000, graph_diag=0.000000, graph_uniform=0.000000, graph_reg_scale=1.0000, prediction_l2=0.000000, personal_sparse=0.000004, alpha_var=0.000000, alpha_collapse=0.000000, reg_bce_ratio=0.0025 | Val: graph_entropy=0.000000, graph_diag=0.000000, graph_uniform=0.000000, graph_reg_scale=1.0000, prediction_l2=0.000000, personal_sparse=0.000003, alpha_var=0.000000, alpha_collapse=0.000024, reg_bce_ratio=0.0024
2026-04-20 16:46:12,543 - INFO - [assist_09|assist_09_abce_best_no_A|lr=0.0003|drop=0.20] [Diag][AE] Epoch [005] | irt_abs_mean=1.5182, irt_std=0.7594, personal_warmup_scale=0.62, graph_row_entropy=0.0000, graph_entropy_ratio=0.0000, alpha_mean=0.0649, alpha_std=0.0547, alpha_base_mean=0.0587, alpha_delta_absmean=0.0535, alpha_saturation_ratio=0.0000, alpha_bias_std=NA, alpha_state_path=1.3442, alpha_id_path=0.0000, alpha_bias_path=0.0000, head_bias_path=1.3922, personal_row_entropy=0.0193, personal_matrix_delta=0.0870, personal_matrix_student_std=0.1496, personal_delta_pre_softmax_norm=1.7749, personal_delta_student_std=0.6520, alpha_head_std=0.0546, query_row_global_readout_delta=0.0000, query_row_personal_message_delta=0.0013, query_row_posterior_delta_abs=0.0870, query_row_posterior_kl=0.0586, query_row_delta_local_rms_raw=0.0201, query_row_message_projection_gain=0.2311, personal_to_graph_query_ratio=0.0000, query_row_global_support_mass=0.0000, query_row_personal_support_mass=0.0000, neighbor_row_personal_delta=0.0000, personal_row_budget_mean=1.0000, personal_query_row_std=0.9647, readout_query_support_mass=0.0000, personal_student_mix=0.0276, personal_student_adapter=0.0380, local_row_ratio=0.0098, support_density=0.1840, readout_query_delta=0.0013, personal_bad_rows_active=0.00, personal_fallback_rows_active=0.00, personal_bad_row_rate_active=0.0000, personal_padded_rows=460.00, personal_logits_support_absmax=4.0447, personal_query_trust_scale_mean=0.9909, personal_bad_rows_legacy=460.00, personal_fallback_rows_legacy=460.00, personal_logits_absmax_legacy=30.0000
2026-04-20 16:46:12,543 - INFO - [assist_09|assist_09_abce_best_no_A|lr=0.0003|drop=0.20] [Diag][A] Epoch [005] | entropy_ratio=0.0000, diag_mass=1.0000, to_uniform_l2=0.089800, to_identity_l2=0.000000, relation_identity_delta=0.000000, knowledge_state_graph_delta=0.000000, knowledge_state_personal_delta=0.000000, share_concept_embeddings=True, tau_mean=0.0000, tau_std=0.0000, graph_reg_scale(train/val)=1.0000/1.0000
2026-04-20 16:46:12,543 - INFO - [assist_09|assist_09_abce_best_no_A|lr=0.0003|drop=0.20] [Grad Norms] Epoch [005] | relation_emb=0.000000e+00, relation_tau=0.000000e+00, relation_wq=0.000000e+00, relation_wk=0.000000e+00, personal_u=1.763671e-03, personal_v=1.054358e-03, personal_alpha_bias=0.000000e+00, personal_gate_emb=0.000000e+00, personal_gate_state_proj=0.000000e+00, personal_gate_context_proj=0.000000e+00, personal_gate_state_direct=1.982908e-04, personal_gate_id_direct=0.000000e+00, personal_gate_context_direct=1.014691e-07, personal_gate_out=0.000000e+00, personal_generator_emb=0.000000e+00, personal_generator_context_proj=0.000000e+00, personal_generator_context_hidden=0.000000e+00, personal_generator_context_to_u=0.000000e+00, personal_generator_context_to_v=0.000000e+00, personal_generator_state_row=0.000000e+00, personal_generator_state_col=0.000000e+00, personal_generator_id_row=0.000000e+00, personal_generator_id_col=0.000000e+00, personal_generator_state_adapter=0.000000e+00, personal_generator_id_adapter=0.000000e+00, personal_generator_context_adapter=0.000000e+00, personal_generator_direct_scale=6.409838e-08
2026-04-20 16:46:12,855 - INFO - [assist_09|assist_09_abce_best_no_A|lr=0.0003|drop=0.20] -> New best AUC=0.7456 at epoch 5
2026-04-20 16:52:59,081 - INFO - [assist_09|assist_09_abce_best_no_A|lr=0.0003|drop=0.20] Epoch [006/100] | Train: Loss=0.5169, BCE=0.5153, Reg=0.0016, AUC=0.7858, ACC=0.7408, RMSE=0.4148 | Val: Loss=0.5554, BCE=0.5538, Reg=0.0016, AUC=0.7464, ACC=0.7204, RMSE=0.4320
2026-04-20 16:52:59,081 - INFO - [assist_09|assist_09_abce_best_no_A|lr=0.0003|drop=0.20] [Reg Terms] Epoch [006] | Train: graph_entropy=0.000000, graph_diag=0.000000, graph_uniform=0.000000, graph_reg_scale=1.0000, prediction_l2=0.000000, personal_sparse=0.000004, alpha_var=0.000000, alpha_collapse=0.000000, reg_bce_ratio=0.0031 | Val: graph_entropy=0.000000, graph_diag=0.000000, graph_uniform=0.000000, graph_reg_scale=1.0000, prediction_l2=0.000000, personal_sparse=0.000004, alpha_var=0.000000, alpha_collapse=0.000029, reg_bce_ratio=0.0029
2026-04-20 16:52:59,489 - INFO - [assist_09|assist_09_abce_best_no_A|lr=0.0003|drop=0.20] [Diag][AE] Epoch [006] | irt_abs_mean=1.5608, irt_std=0.8098, personal_warmup_scale=0.75, graph_row_entropy=0.0000, graph_entropy_ratio=0.0000, alpha_mean=0.0706, alpha_std=0.0576, alpha_base_mean=0.0621, alpha_delta_absmean=0.0487, alpha_saturation_ratio=0.0000, alpha_bias_std=NA, alpha_state_path=1.2028, alpha_id_path=0.0000, alpha_bias_path=0.0000, head_bias_path=1.3117, personal_row_entropy=0.0269, personal_matrix_delta=0.0859, personal_matrix_student_std=0.1540, personal_delta_pre_softmax_norm=1.7757, personal_delta_student_std=0.6587, alpha_head_std=0.0575, query_row_global_readout_delta=0.0000, query_row_personal_message_delta=0.0013, query_row_posterior_delta_abs=0.0859, query_row_posterior_kl=0.0576, query_row_delta_local_rms_raw=0.0238, query_row_message_projection_gain=0.2766, personal_to_graph_query_ratio=0.0000, query_row_global_support_mass=0.0000, query_row_personal_support_mass=0.0000, neighbor_row_personal_delta=0.0000, personal_row_budget_mean=1.0000, personal_query_row_std=0.9658, readout_query_support_mass=0.0000, personal_student_mix=0.0347, personal_student_adapter=0.0398, local_row_ratio=0.0098, support_density=0.1840, readout_query_delta=0.0013, personal_bad_rows_active=0.00, personal_fallback_rows_active=0.00, personal_bad_row_rate_active=0.0000, personal_padded_rows=460.00, personal_logits_support_absmax=4.1352, personal_query_trust_scale_mean=0.9939, personal_bad_rows_legacy=460.00, personal_fallback_rows_legacy=460.00, personal_logits_absmax_legacy=30.0000
2026-04-20 16:52:59,489 - INFO - [assist_09|assist_09_abce_best_no_A|lr=0.0003|drop=0.20] [Diag][A] Epoch [006] | entropy_ratio=0.0000, diag_mass=1.0000, to_uniform_l2=0.089800, to_identity_l2=0.000000, relation_identity_delta=0.000000, knowledge_state_graph_delta=0.000000, knowledge_state_personal_delta=0.000000, share_concept_embeddings=True, tau_mean=0.0000, tau_std=0.0000, graph_reg_scale(train/val)=1.0000/1.0000
2026-04-20 16:52:59,489 - INFO - [assist_09|assist_09_abce_best_no_A|lr=0.0003|drop=0.20] [Grad Norms] Epoch [006] | relation_emb=0.000000e+00, relation_tau=0.000000e+00, relation_wq=0.000000e+00, relation_wk=0.000000e+00, personal_u=0.000000e+00, personal_v=0.000000e+00, personal_alpha_bias=0.000000e+00, personal_gate_emb=0.000000e+00, personal_gate_state_proj=0.000000e+00, personal_gate_context_proj=0.000000e+00, personal_gate_state_direct=3.264705e-11, personal_gate_id_direct=0.000000e+00, personal_gate_context_direct=6.431140e-19, personal_gate_out=0.000000e+00, personal_generator_emb=0.000000e+00, personal_generator_context_proj=0.000000e+00, personal_generator_context_hidden=0.000000e+00, personal_generator_context_to_u=0.000000e+00, personal_generator_context_to_v=0.000000e+00, personal_generator_state_row=0.000000e+00, personal_generator_state_col=0.000000e+00, personal_generator_id_row=0.000000e+00, personal_generator_id_col=0.000000e+00, personal_generator_state_adapter=0.000000e+00, personal_generator_id_adapter=0.000000e+00, personal_generator_context_adapter=0.000000e+00, personal_generator_direct_scale=0.000000e+00
2026-04-20 16:52:59,837 - INFO - [assist_09|assist_09_abce_best_no_A|lr=0.0003|drop=0.20] -> New best AUC=0.7464 at epoch 6
2026-04-20 16:59:46,739 - INFO - [assist_09|assist_09_abce_best_no_A|lr=0.0003|drop=0.20] Epoch [007/100] | Train: Loss=0.5098, BCE=0.5080, Reg=0.0018, AUC=0.7937, ACC=0.7446, RMSE=0.4115 | Val: Loss=0.5550, BCE=0.5531, Reg=0.0019, AUC=0.7465, ACC=0.7187, RMSE=0.4316
2026-04-20 16:59:46,739 - INFO - [assist_09|assist_09_abce_best_no_A|lr=0.0003|drop=0.20] [Reg Terms] Epoch [007] | Train: graph_entropy=0.000000, graph_diag=0.000000, graph_uniform=0.000000, graph_reg_scale=1.0000, prediction_l2=0.000000, personal_sparse=0.000005, alpha_var=0.000000, alpha_collapse=0.000000, reg_bce_ratio=0.0036 | Val: graph_entropy=0.000000, graph_diag=0.000000, graph_uniform=0.000000, graph_reg_scale=1.0000, prediction_l2=0.000000, personal_sparse=0.000005, alpha_var=0.000000, alpha_collapse=0.000034, reg_bce_ratio=0.0034
2026-04-20 16:59:47,155 - INFO - [assist_09|assist_09_abce_best_no_A|lr=0.0003|drop=0.20] [Diag][AE] Epoch [007] | irt_abs_mean=1.5510, irt_std=0.8279, personal_warmup_scale=0.88, graph_row_entropy=0.0000, graph_entropy_ratio=0.0000, alpha_mean=0.0775, alpha_std=0.0661, alpha_base_mean=0.0651, alpha_delta_absmean=0.0517, alpha_saturation_ratio=0.0000, alpha_bias_std=NA, alpha_state_path=1.3112, alpha_id_path=0.0000, alpha_bias_path=0.0000, head_bias_path=1.2425, personal_row_entropy=0.0266, personal_matrix_delta=0.0858, personal_matrix_student_std=0.1715, personal_delta_pre_softmax_norm=1.7774, personal_delta_student_std=0.6531, alpha_head_std=0.0659, query_row_global_readout_delta=0.0000, query_row_personal_message_delta=0.0012, query_row_posterior_delta_abs=0.0858, query_row_posterior_kl=0.0576, query_row_delta_local_rms_raw=0.0143, query_row_message_projection_gain=0.1663, personal_to_graph_query_ratio=0.0000, query_row_global_support_mass=0.0000, query_row_personal_support_mass=0.0000, neighbor_row_personal_delta=0.0000, personal_row_budget_mean=1.0000, personal_query_row_std=0.9676, readout_query_support_mass=0.0000, personal_student_mix=0.0416, personal_student_adapter=0.0400, local_row_ratio=0.0098, support_density=0.1840, readout_query_delta=0.0012, personal_bad_rows_active=0.00, personal_fallback_rows_active=0.00, personal_bad_row_rate_active=0.0000, personal_padded_rows=460.00, personal_logits_support_absmax=4.1415, personal_query_trust_scale_mean=0.9901, personal_bad_rows_legacy=460.00, personal_fallback_rows_legacy=460.00, personal_logits_absmax_legacy=30.0000
2026-04-20 16:59:47,155 - INFO - [assist_09|assist_09_abce_best_no_A|lr=0.0003|drop=0.20] [Diag][A] Epoch [007] | entropy_ratio=0.0000, diag_mass=1.0000, to_uniform_l2=0.089800, to_identity_l2=0.000000, relation_identity_delta=0.000000, knowledge_state_graph_delta=0.000000, knowledge_state_personal_delta=0.000000, share_concept_embeddings=True, tau_mean=0.0000, tau_std=0.0000, graph_reg_scale(train/val)=1.0000/1.0000
2026-04-20 16:59:47,155 - INFO - [assist_09|assist_09_abce_best_no_A|lr=0.0003|drop=0.20] [Grad Norms] Epoch [007] | relation_emb=0.000000e+00, relation_tau=0.000000e+00, relation_wq=0.000000e+00, relation_wk=0.000000e+00, personal_u=1.569322e-03, personal_v=1.473180e-03, personal_alpha_bias=0.000000e+00, personal_gate_emb=0.000000e+00, personal_gate_state_proj=0.000000e+00, personal_gate_context_proj=0.000000e+00, personal_gate_state_direct=6.921840e-05, personal_gate_id_direct=0.000000e+00, personal_gate_context_direct=0.000000e+00, personal_gate_out=0.000000e+00, personal_generator_emb=0.000000e+00, personal_generator_context_proj=0.000000e+00, personal_generator_context_hidden=0.000000e+00, personal_generator_context_to_u=0.000000e+00, personal_generator_context_to_v=0.000000e+00, personal_generator_state_row=0.000000e+00, personal_generator_state_col=0.000000e+00, personal_generator_id_row=0.000000e+00, personal_generator_id_col=0.000000e+00, personal_generator_state_adapter=0.000000e+00, personal_generator_id_adapter=0.000000e+00, personal_generator_context_adapter=0.000000e+00, personal_generator_direct_scale=5.751099e-08
2026-04-20 16:59:47,481 - INFO - [assist_09|assist_09_abce_best_no_A|lr=0.0003|drop=0.20] -> New best AUC=0.7465 at epoch 7
2026-04-20 17:06:32,618 - INFO - [assist_09|assist_09_abce_best_no_A|lr=0.0003|drop=0.20] Epoch [008/100] | Train: Loss=0.5049, BCE=0.5028, Reg=0.0021, AUC=0.7990, ACC=0.7478, RMSE=0.4092 | Val: Loss=0.5546, BCE=0.5525, Reg=0.0021, AUC=0.7476, ACC=0.7223, RMSE=0.4312
2026-04-20 17:06:32,619 - INFO - [assist_09|assist_09_abce_best_no_A|lr=0.0003|drop=0.20] [Reg Terms] Epoch [008] | Train: graph_entropy=0.000000, graph_diag=0.000000, graph_uniform=0.000000, graph_reg_scale=1.0000, prediction_l2=0.000000, personal_sparse=0.000006, alpha_var=0.000000, alpha_collapse=0.000000, reg_bce_ratio=0.0042 | Val: graph_entropy=0.000000, graph_diag=0.000000, graph_uniform=0.000000, graph_reg_scale=1.0000, prediction_l2=0.000000, personal_sparse=0.000005, alpha_var=0.000000, alpha_collapse=0.000039, reg_bce_ratio=0.0039
2026-04-20 17:06:33,052 - INFO - [assist_09|assist_09_abce_best_no_A|lr=0.0003|drop=0.20] [Diag][AE] Epoch [008] | irt_abs_mean=1.5818, irt_std=0.8624, personal_warmup_scale=1.00, graph_row_entropy=0.0000, graph_entropy_ratio=0.0000, alpha_mean=0.0829, alpha_std=0.0542, alpha_base_mean=0.0687, alpha_delta_absmean=0.0332, alpha_saturation_ratio=0.0000, alpha_bias_std=NA, alpha_state_path=0.7899, alpha_id_path=0.0000, alpha_bias_path=0.0000, head_bias_path=1.1641, personal_row_entropy=0.0263, personal_matrix_delta=0.0859, personal_matrix_student_std=0.1585, personal_delta_pre_softmax_norm=1.7701, personal_delta_student_std=0.6460, alpha_head_std=0.0534, query_row_global_readout_delta=0.0000, query_row_personal_message_delta=0.0012, query_row_posterior_delta_abs=0.0859, query_row_posterior_kl=0.0576, query_row_delta_local_rms_raw=0.0257, query_row_message_projection_gain=0.2995, personal_to_graph_query_ratio=0.0000, query_row_global_support_mass=0.0000, query_row_personal_support_mass=0.0000, neighbor_row_personal_delta=0.0000, personal_row_budget_mean=1.0000, personal_query_row_std=0.9622, readout_query_support_mass=0.0000, personal_student_mix=0.0470, personal_student_adapter=0.0400, local_row_ratio=0.0098, support_density=0.1840, readout_query_delta=0.0012, personal_bad_rows_active=0.00, personal_fallback_rows_active=0.00, personal_bad_row_rate_active=0.0000, personal_padded_rows=460.00, personal_logits_support_absmax=4.1113, personal_query_trust_scale_mean=0.9816, personal_bad_rows_legacy=460.00, personal_fallback_rows_legacy=460.00, personal_logits_absmax_legacy=30.0000
2026-04-20 17:06:33,053 - INFO - [assist_09|assist_09_abce_best_no_A|lr=0.0003|drop=0.20] [Diag][A] Epoch [008] | entropy_ratio=0.0000, diag_mass=1.0000, to_uniform_l2=0.089800, to_identity_l2=0.000000, relation_identity_delta=0.000000, knowledge_state_graph_delta=0.000000, knowledge_state_personal_delta=0.000000, share_concept_embeddings=True, tau_mean=0.0000, tau_std=0.0000, graph_reg_scale(train/val)=1.0000/1.0000
2026-04-20 17:06:33,053 - INFO - [assist_09|assist_09_abce_best_no_A|lr=0.0003|drop=0.20] [Grad Norms] Epoch [008] | relation_emb=0.000000e+00, relation_tau=0.000000e+00, relation_wq=0.000000e+00, relation_wk=0.000000e+00, personal_u=1.746220e-18, personal_v=1.450304e-18, personal_alpha_bias=0.000000e+00, personal_gate_emb=0.000000e+00, personal_gate_state_proj=0.000000e+00, personal_gate_context_proj=0.000000e+00, personal_gate_state_direct=2.203796e-04, personal_gate_id_direct=0.000000e+00, personal_gate_context_direct=0.000000e+00, personal_gate_out=0.000000e+00, personal_generator_emb=0.000000e+00, personal_generator_context_proj=0.000000e+00, personal_generator_context_hidden=0.000000e+00, personal_generator_context_to_u=0.000000e+00, personal_generator_context_to_v=0.000000e+00, personal_generator_state_row=0.000000e+00, personal_generator_state_col=0.000000e+00, personal_generator_id_row=0.000000e+00, personal_generator_id_col=0.000000e+00, personal_generator_state_adapter=0.000000e+00, personal_generator_id_adapter=0.000000e+00, personal_generator_context_adapter=0.000000e+00, personal_generator_direct_scale=1.260223e-21
2026-04-20 17:06:33,422 - INFO - [assist_09|assist_09_abce_best_no_A|lr=0.0003|drop=0.20] -> New best AUC=0.7476 at epoch 8
2026-04-20 17:13:20,105 - INFO - [assist_09|assist_09_abce_best_no_A|lr=0.0003|drop=0.20] Epoch [009/100] | Train: Loss=0.4999, BCE=0.4978, Reg=0.0021, AUC=0.8043, ACC=0.7497, RMSE=0.4070 | Val: Loss=0.5538, BCE=0.5517, Reg=0.0021, AUC=0.7485, ACC=0.7223, RMSE=0.4308
2026-04-20 17:13:20,106 - INFO - [assist_09|assist_09_abce_best_no_A|lr=0.0003|drop=0.20] [Reg Terms] Epoch [009] | Train: graph_entropy=0.000000, graph_diag=0.000000, graph_uniform=0.000000, graph_reg_scale=1.0000, prediction_l2=0.000000, personal_sparse=0.000005, alpha_var=0.000000, alpha_collapse=0.000000, reg_bce_ratio=0.0043 | Val: graph_entropy=0.000000, graph_diag=0.000000, graph_uniform=0.000000, graph_reg_scale=1.0000, prediction_l2=0.000000, personal_sparse=0.000005, alpha_var=0.000000, alpha_collapse=0.000038, reg_bce_ratio=0.0039
2026-04-20 17:13:20,523 - INFO - [assist_09|assist_09_abce_best_no_A|lr=0.0003|drop=0.20] [Diag][AE] Epoch [009] | irt_abs_mean=1.5609, irt_std=0.8822, personal_warmup_scale=1.00, graph_row_entropy=0.0000, graph_entropy_ratio=0.0000, alpha_mean=0.0905, alpha_std=0.0618, alpha_base_mean=0.0721, alpha_delta_absmean=0.0415, alpha_saturation_ratio=0.0000, alpha_bias_std=NA, alpha_state_path=1.0289, alpha_id_path=0.0000, alpha_bias_path=0.0000, head_bias_path=1.0946, personal_row_entropy=0.0220, personal_matrix_delta=0.0865, personal_matrix_student_std=0.1535, personal_delta_pre_softmax_norm=1.7767, personal_delta_student_std=0.6581, alpha_head_std=0.0614, query_row_global_readout_delta=0.0000, query_row_personal_message_delta=0.0014, query_row_posterior_delta_abs=0.0865, query_row_posterior_kl=0.0582, query_row_delta_local_rms_raw=0.0343, query_row_message_projection_gain=0.3963, personal_to_graph_query_ratio=0.0000, query_row_global_support_mass=0.0000, query_row_personal_support_mass=0.0000, neighbor_row_personal_delta=0.0000, personal_row_budget_mean=1.0000, personal_query_row_std=0.9666, readout_query_support_mass=0.0000, personal_student_mix=0.0495, personal_student_adapter=0.0400, local_row_ratio=0.0098, support_density=0.1840, readout_query_delta=0.0014, personal_bad_rows_active=0.00, personal_fallback_rows_active=0.00, personal_bad_row_rate_active=0.0000, personal_padded_rows=460.00, personal_logits_support_absmax=4.1297, personal_query_trust_scale_mean=0.9698, personal_bad_rows_legacy=460.00, personal_fallback_rows_legacy=460.00, personal_logits_absmax_legacy=30.0000
2026-04-20 17:13:20,524 - INFO - [assist_09|assist_09_abce_best_no_A|lr=0.0003|drop=0.20] [Diag][A] Epoch [009] | entropy_ratio=0.0000, diag_mass=1.0000, to_uniform_l2=0.089800, to_identity_l2=0.000000, relation_identity_delta=0.000000, knowledge_state_graph_delta=0.000000, knowledge_state_personal_delta=0.000000, share_concept_embeddings=True, tau_mean=0.0000, tau_std=0.0000, graph_reg_scale(train/val)=1.0000/1.0000
2026-04-20 17:13:20,524 - INFO - [assist_09|assist_09_abce_best_no_A|lr=0.0003|drop=0.20] [Grad Norms] Epoch [009] | relation_emb=0.000000e+00, relation_tau=0.000000e+00, relation_wq=0.000000e+00, relation_wk=0.000000e+00, personal_u=7.426347e-03, personal_v=7.006072e-03, personal_alpha_bias=0.000000e+00, personal_gate_emb=0.000000e+00, personal_gate_state_proj=0.000000e+00, personal_gate_context_proj=0.000000e+00, personal_gate_state_direct=1.553251e-04, personal_gate_id_direct=0.000000e+00, personal_gate_context_direct=0.000000e+00, personal_gate_out=0.000000e+00, personal_generator_emb=0.000000e+00, personal_generator_context_proj=0.000000e+00, personal_generator_context_hidden=0.000000e+00, personal_generator_context_to_u=0.000000e+00, personal_generator_context_to_v=0.000000e+00, personal_generator_state_row=0.000000e+00, personal_generator_state_col=0.000000e+00, personal_generator_id_row=0.000000e+00, personal_generator_id_col=0.000000e+00, personal_generator_state_adapter=0.000000e+00, personal_generator_id_adapter=0.000000e+00, personal_generator_context_adapter=0.000000e+00, personal_generator_direct_scale=7.161562e-08
2026-04-20 17:13:20,913 - INFO - [assist_09|assist_09_abce_best_no_A|lr=0.0003|drop=0.20] -> New best AUC=0.7485 at epoch 9
2026-04-20 17:20:06,319 - INFO - [assist_09|assist_09_abce_best_no_A|lr=0.0003|drop=0.20] Epoch [010/100] | Train: Loss=0.4958, BCE=0.4937, Reg=0.0021, AUC=0.8082, ACC=0.7522, RMSE=0.4053 | Val: Loss=0.5537, BCE=0.5516, Reg=0.0021, AUC=0.7502, ACC=0.7219, RMSE=0.4307
2026-04-20 17:20:06,320 - INFO - [assist_09|assist_09_abce_best_no_A|lr=0.0003|drop=0.20] [Reg Terms] Epoch [010] | Train: graph_entropy=0.000000, graph_diag=0.000000, graph_uniform=0.000000, graph_reg_scale=1.0000, prediction_l2=0.000000, personal_sparse=0.000005, alpha_var=0.000000, alpha_collapse=0.000002, reg_bce_ratio=0.0043 | Val: graph_entropy=0.000000, graph_diag=0.000000, graph_uniform=0.000000, graph_reg_scale=1.0000, prediction_l2=0.000000, personal_sparse=0.000006, alpha_var=0.000000, alpha_collapse=0.000038, reg_bce_ratio=0.0039
2026-04-20 17:20:06,756 - INFO - [assist_09|assist_09_abce_best_no_A|lr=0.0003|drop=0.20] [Diag][AE] Epoch [010] | irt_abs_mean=1.5584, irt_std=0.8748, personal_warmup_scale=1.00, graph_row_entropy=0.0000, graph_entropy_ratio=0.0000, alpha_mean=0.0956, alpha_std=0.0583, alpha_base_mean=0.0745, alpha_delta_absmean=0.0388, alpha_saturation_ratio=0.0000, alpha_bias_std=NA, alpha_state_path=0.9599, alpha_id_path=0.0000, alpha_bias_path=0.0000, head_bias_path=1.0445, personal_row_entropy=0.0218, personal_matrix_delta=0.0864, personal_matrix_student_std=0.1563, personal_delta_pre_softmax_norm=1.7792, personal_delta_student_std=0.6494, alpha_head_std=0.0582, query_row_global_readout_delta=0.0000, query_row_personal_message_delta=0.0016, query_row_posterior_delta_abs=0.0864, query_row_posterior_kl=0.0583, query_row_delta_local_rms_raw=0.0342, query_row_message_projection_gain=0.3962, personal_to_graph_query_ratio=0.0000, query_row_global_support_mass=0.0000, query_row_personal_support_mass=0.0000, neighbor_row_personal_delta=0.0000, personal_row_budget_mean=1.0000, personal_query_row_std=0.9697, readout_query_support_mass=0.0000, personal_student_mix=0.0500, personal_student_adapter=0.0400, local_row_ratio=0.0098, support_density=0.1840, readout_query_delta=0.0016, personal_bad_rows_active=0.00, personal_fallback_rows_active=0.00, personal_bad_row_rate_active=0.0000, personal_padded_rows=460.00, personal_logits_support_absmax=4.1327, personal_query_trust_scale_mean=0.9586, personal_bad_rows_legacy=460.00, personal_fallback_rows_legacy=460.00, personal_logits_absmax_legacy=30.0000
2026-04-20 17:20:06,756 - INFO - [assist_09|assist_09_abce_best_no_A|lr=0.0003|drop=0.20] [Diag][A] Epoch [010] | entropy_ratio=0.0000, diag_mass=1.0000, to_uniform_l2=0.089800, to_identity_l2=0.000000, relation_identity_delta=0.000000, knowledge_state_graph_delta=0.000000, knowledge_state_personal_delta=0.000000, share_concept_embeddings=True, tau_mean=0.0000, tau_std=0.0000, graph_reg_scale(train/val)=1.0000/1.0000
2026-04-20 17:20:06,756 - INFO - [assist_09|assist_09_abce_best_no_A|lr=0.0003|drop=0.20] [Grad Norms] Epoch [010] | relation_emb=0.000000e+00, relation_tau=0.000000e+00, relation_wq=0.000000e+00, relation_wk=0.000000e+00, personal_u=0.000000e+00, personal_v=0.000000e+00, personal_alpha_bias=0.000000e+00, personal_gate_emb=0.000000e+00, personal_gate_state_proj=0.000000e+00, personal_gate_context_proj=0.000000e+00, personal_gate_state_direct=0.000000e+00, personal_gate_id_direct=0.000000e+00, personal_gate_context_direct=0.000000e+00, personal_gate_out=0.000000e+00, personal_generator_emb=0.000000e+00, personal_generator_context_proj=0.000000e+00, personal_generator_context_hidden=0.000000e+00, personal_generator_context_to_u=0.000000e+00, personal_generator_context_to_v=0.000000e+00, personal_generator_state_row=0.000000e+00, personal_generator_state_col=0.000000e+00, personal_generator_id_row=0.000000e+00, personal_generator_id_col=0.000000e+00, personal_generator_state_adapter=0.000000e+00, personal_generator_id_adapter=0.000000e+00, personal_generator_context_adapter=0.000000e+00, personal_generator_direct_scale=0.000000e+00
2026-04-20 17:20:07,124 - INFO - [assist_09|assist_09_abce_best_no_A|lr=0.0003|drop=0.20] -> New best AUC=0.7502 at epoch 10
2026-04-20 17:20:07,161 - INFO - [assist_09|assist_09_abce_best_no_A|lr=0.0003|drop=0.20] Checkpoint saved: checkpoints/abce_diag/remote_struct_v2_20260419_86dfed4/assist_09/seed42/best_no_A/checkpoint_epoch_10.pth
2026-04-20 17:20:08,128 - INFO - [assist_09|assist_09_abce_best_no_A|lr=0.0003|drop=0.20] [Module Activity] Epoch 10: Personal[WEAK]
2026-04-20 17:26:54,360 - INFO - [assist_09|assist_09_abce_best_no_A|lr=0.0003|drop=0.20] Epoch [011/100] | Train: Loss=0.4917, BCE=0.4896, Reg=0.0021, AUC=0.8121, ACC=0.7527, RMSE=0.4035 | Val: Loss=0.5547, BCE=0.5526, Reg=0.0021, AUC=0.7504, ACC=0.7227, RMSE=0.4305
2026-04-20 17:26:54,360 - INFO - [assist_09|assist_09_abce_best_no_A|lr=0.0003|drop=0.20] [Reg Terms] Epoch [011] | Train: graph_entropy=0.000000, graph_diag=0.000000, graph_uniform=0.000000, graph_reg_scale=1.0000, prediction_l2=0.000000, personal_sparse=0.000006, alpha_var=0.000000, alpha_collapse=0.000000, reg_bce_ratio=0.0043 | Val: graph_entropy=0.000000, graph_diag=0.000000, graph_uniform=0.000000, graph_reg_scale=1.0000, prediction_l2=0.000000, personal_sparse=0.000006, alpha_var=0.000000, alpha_collapse=0.000038, reg_bce_ratio=0.0038
2026-04-20 17:26:54,772 - INFO - [assist_09|assist_09_abce_best_no_A|lr=0.0003|drop=0.20] [Diag][AE] Epoch [011] | irt_abs_mean=1.6707, irt_std=0.9202, personal_warmup_scale=1.00, graph_row_entropy=0.0000, graph_entropy_ratio=0.0000, alpha_mean=0.0991, alpha_std=0.0548, alpha_base_mean=0.0770, alpha_delta_absmean=0.0359, alpha_saturation_ratio=0.0000, alpha_bias_std=NA, alpha_state_path=0.8824, alpha_id_path=0.0000, alpha_bias_path=0.0000, head_bias_path=0.9960, personal_row_entropy=0.0256, personal_matrix_delta=0.0859, personal_matrix_student_std=0.1686, personal_delta_pre_softmax_norm=1.7787, personal_delta_student_std=0.6503, alpha_head_std=0.0548, query_row_global_readout_delta=0.0000, query_row_personal_message_delta=0.0015, query_row_posterior_delta_abs=0.0859, query_row_posterior_kl=0.0578, query_row_delta_local_rms_raw=0.0383, query_row_message_projection_gain=0.4459, personal_to_graph_query_ratio=0.0000, query_row_global_support_mass=0.0000, query_row_personal_support_mass=0.0000, neighbor_row_personal_delta=0.0000, personal_row_budget_mean=1.0000, personal_query_row_std=0.9685, readout_query_support_mass=0.0000, personal_student_mix=0.0500, personal_student_adapter=0.0400, local_row_ratio=0.0098, support_density=0.1840, readout_query_delta=0.0015, personal_bad_rows_active=0.00, personal_fallback_rows_active=0.00, personal_bad_row_rate_active=0.0000, personal_padded_rows=460.00, personal_logits_support_absmax=4.1393, personal_query_trust_scale_mean=0.9580, personal_bad_rows_legacy=460.00, personal_fallback_rows_legacy=460.00, personal_logits_absmax_legacy=30.0000
2026-04-20 17:26:54,772 - INFO - [assist_09|assist_09_abce_best_no_A|lr=0.0003|drop=0.20] [Diag][A] Epoch [011] | entropy_ratio=0.0000, diag_mass=1.0000, to_uniform_l2=0.089800, to_identity_l2=0.000000, relation_identity_delta=0.000000, knowledge_state_graph_delta=0.000000, knowledge_state_personal_delta=0.000000, share_concept_embeddings=True, tau_mean=0.0000, tau_std=0.0000, graph_reg_scale(train/val)=1.0000/1.0000
2026-04-20 17:26:54,772 - INFO - [assist_09|assist_09_abce_best_no_A|lr=0.0003|drop=0.20] [Grad Norms] Epoch [011] | relation_emb=0.000000e+00, relation_tau=0.000000e+00, relation_wq=0.000000e+00, relation_wk=0.000000e+00, personal_u=3.213753e-19, personal_v=2.937216e-19, personal_alpha_bias=0.000000e+00, personal_gate_emb=0.000000e+00, personal_gate_state_proj=0.000000e+00, personal_gate_context_proj=0.000000e+00, personal_gate_state_direct=1.777908e-04, personal_gate_id_direct=0.000000e+00, personal_gate_context_direct=1.413119e-07, personal_gate_out=0.000000e+00, personal_generator_emb=0.000000e+00, personal_generator_context_proj=0.000000e+00, personal_generator_context_hidden=0.000000e+00, personal_generator_context_to_u=0.000000e+00, personal_generator_context_to_v=0.000000e+00, personal_generator_state_row=0.000000e+00, personal_generator_state_col=0.000000e+00, personal_generator_id_row=0.000000e+00, personal_generator_id_col=0.000000e+00, personal_generator_state_adapter=0.000000e+00, personal_generator_id_adapter=0.000000e+00, personal_generator_context_adapter=0.000000e+00, personal_generator_direct_scale=1.369680e-20
2026-04-20 17:26:55,105 - INFO - [assist_09|assist_09_abce_best_no_A|lr=0.0003|drop=0.20] -> New best AUC=0.7504 at epoch 11
2026-04-20 17:33:40,273 - INFO - [assist_09|assist_09_abce_best_no_A|lr=0.0003|drop=0.20] Epoch [012/100] | Train: Loss=0.4882, BCE=0.4861, Reg=0.0021, AUC=0.8155, ACC=0.7555, RMSE=0.4020 | Val: Loss=0.5549, BCE=0.5528, Reg=0.0021, AUC=0.7501, ACC=0.7222, RMSE=0.4306
2026-04-20 17:33:40,273 - INFO - [assist_09|assist_09_abce_best_no_A|lr=0.0003|drop=0.20] [Reg Terms] Epoch [012] | Train: graph_entropy=0.000000, graph_diag=0.000000, graph_uniform=0.000000, graph_reg_scale=1.0000, prediction_l2=0.000000, personal_sparse=0.000006, alpha_var=0.000000, alpha_collapse=0.000000, reg_bce_ratio=0.0043 | Val: graph_entropy=0.000000, graph_diag=0.000000, graph_uniform=0.000000, graph_reg_scale=1.0000, prediction_l2=0.000000, personal_sparse=0.000005, alpha_var=0.000000, alpha_collapse=0.000038, reg_bce_ratio=0.0039
2026-04-20 17:33:40,691 - INFO - [assist_09|assist_09_abce_best_no_A|lr=0.0003|drop=0.20] [Diag][AE] Epoch [012] | irt_abs_mean=1.6987, irt_std=0.9628, personal_warmup_scale=1.00, graph_row_entropy=0.0000, graph_entropy_ratio=0.0000, alpha_mean=0.1027, alpha_std=0.0555, alpha_base_mean=0.0794, alpha_delta_absmean=0.0367, alpha_saturation_ratio=0.0000, alpha_bias_std=NA, alpha_state_path=0.9115, alpha_id_path=0.0000, alpha_bias_path=0.0000, head_bias_path=0.9507, personal_row_entropy=0.0245, personal_matrix_delta=0.0863, personal_matrix_student_std=0.1662, personal_delta_pre_softmax_norm=1.7749, personal_delta_student_std=0.6560, alpha_head_std=0.0555, query_row_global_readout_delta=0.0000, query_row_personal_message_delta=0.0015, query_row_posterior_delta_abs=0.0863, query_row_posterior_kl=0.0579, query_row_delta_local_rms_raw=0.0280, query_row_message_projection_gain=0.3249, personal_to_graph_query_ratio=0.0000, query_row_global_support_mass=0.0000, query_row_personal_support_mass=0.0000, neighbor_row_personal_delta=0.0000, personal_row_budget_mean=1.0000, personal_query_row_std=0.9644, readout_query_support_mass=0.0000, personal_student_mix=0.0500, personal_student_adapter=0.0400, local_row_ratio=0.0098, support_density=0.1840, readout_query_delta=0.0015, personal_bad_rows_active=0.00, personal_fallback_rows_active=0.00, personal_bad_row_rate_active=0.0000, personal_padded_rows=460.00, personal_logits_support_absmax=4.1096, personal_query_trust_scale_mean=0.9674, personal_bad_rows_legacy=460.00, personal_fallback_rows_legacy=460.00, personal_logits_absmax_legacy=30.0000
2026-04-20 17:33:40,691 - INFO - [assist_09|assist_09_abce_best_no_A|lr=0.0003|drop=0.20] [Diag][A] Epoch [012] | entropy_ratio=0.0000, diag_mass=1.0000, to_uniform_l2=0.089800, to_identity_l2=0.000000, relation_identity_delta=0.000000, knowledge_state_graph_delta=0.000000, knowledge_state_personal_delta=0.000000, share_concept_embeddings=True, tau_mean=0.0000, tau_std=0.0000, graph_reg_scale(train/val)=1.0000/1.0000
2026-04-20 17:33:40,691 - INFO - [assist_09|assist_09_abce_best_no_A|lr=0.0003|drop=0.20] [Grad Norms] Epoch [012] | relation_emb=0.000000e+00, relation_tau=0.000000e+00, relation_wq=0.000000e+00, relation_wk=0.000000e+00, personal_u=2.567996e-04, personal_v=2.719952e-04, personal_alpha_bias=0.000000e+00, personal_gate_emb=0.000000e+00, personal_gate_state_proj=0.000000e+00, personal_gate_context_proj=0.000000e+00, personal_gate_state_direct=7.327324e-05, personal_gate_id_direct=0.000000e+00, personal_gate_context_direct=7.523714e-08, personal_gate_out=0.000000e+00, personal_generator_emb=0.000000e+00, personal_generator_context_proj=0.000000e+00, personal_generator_context_hidden=0.000000e+00, personal_generator_context_to_u=0.000000e+00, personal_generator_context_to_v=0.000000e+00, personal_generator_state_row=0.000000e+00, personal_generator_state_col=0.000000e+00, personal_generator_id_row=0.000000e+00, personal_generator_id_col=0.000000e+00, personal_generator_state_adapter=0.000000e+00, personal_generator_id_adapter=0.000000e+00, personal_generator_context_adapter=0.000000e+00, personal_generator_direct_scale=7.670696e-08
2026-04-20 17:33:40,691 - INFO - [assist_09|assist_09_abce_best_no_A|lr=0.0003|drop=0.20] -> No improvement 1 epoch(s) (best AUC=0.7504 @ 11)
2026-04-20 17:40:23,713 - INFO - [assist_09|assist_09_abce_best_no_A|lr=0.0003|drop=0.20] Epoch [013/100] | Train: Loss=0.4848, BCE=0.4827, Reg=0.0021, AUC=0.8186, ACC=0.7573, RMSE=0.4006 | Val: Loss=0.5550, BCE=0.5529, Reg=0.0021, AUC=0.7514, ACC=0.7230, RMSE=0.4303
2026-04-20 17:40:23,713 - INFO - [assist_09|assist_09_abce_best_no_A|lr=0.0003|drop=0.20] [Reg Terms] Epoch [013] | Train: graph_entropy=0.000000, graph_diag=0.000000, graph_uniform=0.000000, graph_reg_scale=1.0000, prediction_l2=0.000000, personal_sparse=0.000006, alpha_var=0.000000, alpha_collapse=0.000000, reg_bce_ratio=0.0044 | Val: graph_entropy=0.000000, graph_diag=0.000000, graph_uniform=0.000000, graph_reg_scale=1.0000, prediction_l2=0.000000, personal_sparse=0.000006, alpha_var=0.000000, alpha_collapse=0.000038, reg_bce_ratio=0.0038
2026-04-20 17:40:24,136 - INFO - [assist_09|assist_09_abce_best_no_A|lr=0.0003|drop=0.20] [Diag][AE] Epoch [013] | irt_abs_mean=1.6844, irt_std=0.9932, personal_warmup_scale=1.00, graph_row_entropy=0.0000, graph_entropy_ratio=0.0000, alpha_mean=0.1039, alpha_std=0.0547, alpha_base_mean=0.0810, alpha_delta_absmean=0.0361, alpha_saturation_ratio=0.0000, alpha_bias_std=NA, alpha_state_path=0.8907, alpha_id_path=0.0000, alpha_bias_path=0.0000, head_bias_path=0.9208, personal_row_entropy=0.0362, personal_matrix_delta=0.0845, personal_matrix_student_std=0.1545, personal_delta_pre_softmax_norm=1.7769, personal_delta_student_std=0.6673, alpha_head_std=0.0547, query_row_global_readout_delta=0.0000, query_row_personal_message_delta=0.0013, query_row_posterior_delta_abs=0.0845, query_row_posterior_kl=0.0563, query_row_delta_local_rms_raw=0.0208, query_row_message_projection_gain=0.2463, personal_to_graph_query_ratio=0.0000, query_row_global_support_mass=0.0000, query_row_personal_support_mass=0.0000, neighbor_row_personal_delta=0.0000, personal_row_budget_mean=1.0000, personal_query_row_std=0.9673, readout_query_support_mass=0.0000, personal_student_mix=0.0500, personal_student_adapter=0.0400, local_row_ratio=0.0098, support_density=0.1840, readout_query_delta=0.0013, personal_bad_rows_active=0.00, personal_fallback_rows_active=0.00, personal_bad_row_rate_active=0.0000, personal_padded_rows=460.00, personal_logits_support_absmax=4.1419, personal_query_trust_scale_mean=0.9863, personal_bad_rows_legacy=460.00, personal_fallback_rows_legacy=460.00, personal_logits_absmax_legacy=30.0000
2026-04-20 17:40:24,137 - INFO - [assist_09|assist_09_abce_best_no_A|lr=0.0003|drop=0.20] [Diag][A] Epoch [013] | entropy_ratio=0.0000, diag_mass=1.0000, to_uniform_l2=0.089800, to_identity_l2=0.000000, relation_identity_delta=0.000000, knowledge_state_graph_delta=0.000000, knowledge_state_personal_delta=0.000000, share_concept_embeddings=True, tau_mean=0.0000, tau_std=0.0000, graph_reg_scale(train/val)=1.0000/1.0000
2026-04-20 17:40:24,137 - INFO - [assist_09|assist_09_abce_best_no_A|lr=0.0003|drop=0.20] [Grad Norms] Epoch [013] | relation_emb=0.000000e+00, relation_tau=0.000000e+00, relation_wq=0.000000e+00, relation_wk=0.000000e+00, personal_u=1.530908e-18, personal_v=2.345957e-18, personal_alpha_bias=0.000000e+00, personal_gate_emb=0.000000e+00, personal_gate_state_proj=0.000000e+00, personal_gate_context_proj=0.000000e+00, personal_gate_state_direct=2.671008e-04, personal_gate_id_direct=0.000000e+00, personal_gate_context_direct=8.903852e-07, personal_gate_out=0.000000e+00, personal_generator_emb=0.000000e+00, personal_generator_context_proj=0.000000e+00, personal_generator_context_hidden=0.000000e+00, personal_generator_context_to_u=0.000000e+00, personal_generator_context_to_v=0.000000e+00, personal_generator_state_row=0.000000e+00, personal_generator_state_col=0.000000e+00, personal_generator_id_row=0.000000e+00, personal_generator_id_col=0.000000e+00, personal_generator_state_adapter=0.000000e+00, personal_generator_id_adapter=0.000000e+00, personal_generator_context_adapter=0.000000e+00, personal_generator_direct_scale=2.269251e-21
2026-04-20 17:40:24,479 - INFO - [assist_09|assist_09_abce_best_no_A|lr=0.0003|drop=0.20] -> New best AUC=0.7514 at epoch 13
2026-04-20 17:47:07,008 - INFO - [assist_09|assist_09_abce_best_no_A|lr=0.0003|drop=0.20] Epoch [014/100] | Train: Loss=0.4820, BCE=0.4799, Reg=0.0021, AUC=0.8211, ACC=0.7581, RMSE=0.3994 | Val: Loss=0.5578, BCE=0.5556, Reg=0.0021, AUC=0.7524, ACC=0.7245, RMSE=0.4310
2026-04-20 17:47:07,008 - INFO - [assist_09|assist_09_abce_best_no_A|lr=0.0003|drop=0.20] [Reg Terms] Epoch [014] | Train: graph_entropy=0.000000, graph_diag=0.000000, graph_uniform=0.000000, graph_reg_scale=1.0000, prediction_l2=0.000001, personal_sparse=0.000006, alpha_var=0.000000, alpha_collapse=0.000000, reg_bce_ratio=0.0044 | Val: graph_entropy=0.000000, graph_diag=0.000000, graph_uniform=0.000000, graph_reg_scale=1.0000, prediction_l2=0.000001, personal_sparse=0.000006, alpha_var=0.000000, alpha_collapse=0.000038, reg_bce_ratio=0.0038
2026-04-20 17:47:07,432 - INFO - [assist_09|assist_09_abce_best_no_A|lr=0.0003|drop=0.20] [Diag][AE] Epoch [014] | irt_abs_mean=1.8146, irt_std=1.0367, personal_warmup_scale=1.00, graph_row_entropy=0.0000, graph_entropy_ratio=0.0000, alpha_mean=0.1037, alpha_std=0.0545, alpha_base_mean=0.0824, alpha_delta_absmean=0.0360, alpha_saturation_ratio=0.0000, alpha_bias_std=NA, alpha_state_path=0.8801, alpha_id_path=0.0000, alpha_bias_path=0.0000, head_bias_path=0.8952, personal_row_entropy=0.0300, personal_matrix_delta=0.0856, personal_matrix_student_std=0.1531, personal_delta_pre_softmax_norm=1.7747, personal_delta_student_std=0.6588, alpha_head_std=0.0545, query_row_global_readout_delta=0.0000, query_row_personal_message_delta=0.0013, query_row_posterior_delta_abs=0.0856, query_row_posterior_kl=0.0572, query_row_delta_local_rms_raw=0.0256, query_row_message_projection_gain=0.2992, personal_to_graph_query_ratio=0.0000, query_row_global_support_mass=0.0000, query_row_personal_support_mass=0.0000, neighbor_row_personal_delta=0.0000, personal_row_budget_mean=1.0000, personal_query_row_std=0.9649, readout_query_support_mass=0.0000, personal_student_mix=0.0500, personal_student_adapter=0.0400, local_row_ratio=0.0098, support_density=0.1840, readout_query_delta=0.0013, personal_bad_rows_active=0.00, personal_fallback_rows_active=0.00, personal_bad_row_rate_active=0.0000, personal_padded_rows=460.00, personal_logits_support_absmax=4.1186, personal_query_trust_scale_mean=0.9749, personal_bad_rows_legacy=460.00, personal_fallback_rows_legacy=460.00, personal_logits_absmax_legacy=30.0000
2026-04-20 17:47:07,432 - INFO - [assist_09|assist_09_abce_best_no_A|lr=0.0003|drop=0.20] [Diag][A] Epoch [014] | entropy_ratio=0.0000, diag_mass=1.0000, to_uniform_l2=0.089800, to_identity_l2=0.000000, relation_identity_delta=0.000000, knowledge_state_graph_delta=0.000000, knowledge_state_personal_delta=0.000000, share_concept_embeddings=True, tau_mean=0.0000, tau_std=0.0000, graph_reg_scale(train/val)=1.0000/1.0000
2026-04-20 17:47:07,432 - INFO - [assist_09|assist_09_abce_best_no_A|lr=0.0003|drop=0.20] [Grad Norms] Epoch [014] | relation_emb=0.000000e+00, relation_tau=0.000000e+00, relation_wq=0.000000e+00, relation_wk=0.000000e+00, personal_u=0.000000e+00, personal_v=0.000000e+00, personal_alpha_bias=0.000000e+00, personal_gate_emb=0.000000e+00, personal_gate_state_proj=0.000000e+00, personal_gate_context_proj=0.000000e+00, personal_gate_state_direct=6.015754e-05, personal_gate_id_direct=0.000000e+00, personal_gate_context_direct=2.262066e-07, personal_gate_out=0.000000e+00, personal_generator_emb=0.000000e+00, personal_generator_context_proj=0.000000e+00, personal_generator_context_hidden=0.000000e+00, personal_generator_context_to_u=0.000000e+00, personal_generator_context_to_v=0.000000e+00, personal_generator_state_row=0.000000e+00, personal_generator_state_col=0.000000e+00, personal_generator_id_row=0.000000e+00, personal_generator_id_col=0.000000e+00, personal_generator_state_adapter=0.000000e+00, personal_generator_id_adapter=0.000000e+00, personal_generator_context_adapter=0.000000e+00, personal_generator_direct_scale=1.500909e-20
2026-04-20 17:47:07,837 - INFO - [assist_09|assist_09_abce_best_no_A|lr=0.0003|drop=0.20] -> New best AUC=0.7524 at epoch 14
2026-04-20 17:53:06,172 - INFO - [assist_09|assist_09_abce_best_no_A|lr=0.0003|drop=0.20] Epoch [015/100] | Train: Loss=0.4791, BCE=0.4770, Reg=0.0021, AUC=0.8240, ACC=0.7596, RMSE=0.3980 | Val: Loss=0.5562, BCE=0.5541, Reg=0.0021, AUC=0.7516, ACC=0.7218, RMSE=0.4306
2026-04-20 17:53:06,172 - INFO - [assist_09|assist_09_abce_best_no_A|lr=0.0003|drop=0.20] [Reg Terms] Epoch [015] | Train: graph_entropy=0.000000, graph_diag=0.000000, graph_uniform=0.000000, graph_reg_scale=1.0000, prediction_l2=0.000001, personal_sparse=0.000006, alpha_var=0.000000, alpha_collapse=0.000000, reg_bce_ratio=0.0044 | Val: graph_entropy=0.000000, graph_diag=0.000000, graph_uniform=0.000000, graph_reg_scale=1.0000, prediction_l2=0.000001, personal_sparse=0.000006, alpha_var=0.000000, alpha_collapse=0.000038, reg_bce_ratio=0.0038
2026-04-20 17:53:06,549 - INFO - [assist_09|assist_09_abce_best_no_A|lr=0.0003|drop=0.20] [Diag][AE] Epoch [015] | irt_abs_mean=1.7361, irt_std=1.0546, personal_warmup_scale=1.00, graph_row_entropy=0.0000, graph_entropy_ratio=0.0000, alpha_mean=0.1029, alpha_std=0.0532, alpha_base_mean=0.0838, alpha_delta_absmean=0.0348, alpha_saturation_ratio=0.0000, alpha_bias_std=NA, alpha_state_path=0.8377, alpha_id_path=0.0000, alpha_bias_path=0.0000, head_bias_path=0.8710, personal_row_entropy=0.0230, personal_matrix_delta=0.0866, personal_matrix_student_std=0.1473, personal_delta_pre_softmax_norm=1.7721, personal_delta_student_std=0.6388, alpha_head_std=0.0531, query_row_global_readout_delta=0.0000, query_row_personal_message_delta=0.0013, query_row_posterior_delta_abs=0.0866, query_row_posterior_kl=0.0581, query_row_delta_local_rms_raw=0.0244, query_row_message_projection_gain=0.2815, personal_to_graph_query_ratio=0.0000, query_row_global_support_mass=0.0000, query_row_personal_support_mass=0.0000, neighbor_row_personal_delta=0.0000, personal_row_budget_mean=1.0000, personal_query_row_std=0.9611, readout_query_support_mass=0.0000, personal_student_mix=0.0500, personal_student_adapter=0.0400, local_row_ratio=0.0098, support_density=0.1840, readout_query_delta=0.0013, personal_bad_rows_active=0.00, personal_fallback_rows_active=0.00, personal_bad_row_rate_active=0.0000, personal_padded_rows=460.00, personal_logits_support_absmax=4.1002, personal_query_trust_scale_mean=0.9799, personal_bad_rows_legacy=460.00, personal_fallback_rows_legacy=460.00, personal_logits_absmax_legacy=30.0000
2026-04-20 17:53:06,549 - INFO - [assist_09|assist_09_abce_best_no_A|lr=0.0003|drop=0.20] [Diag][A] Epoch [015] | entropy_ratio=0.0000, diag_mass=1.0000, to_uniform_l2=0.089800, to_identity_l2=0.000000, relation_identity_delta=0.000000, knowledge_state_graph_delta=0.000000, knowledge_state_personal_delta=0.000000, share_concept_embeddings=True, tau_mean=0.0000, tau_std=0.0000, graph_reg_scale(train/val)=1.0000/1.0000
2026-04-20 17:53:06,549 - INFO - [assist_09|assist_09_abce_best_no_A|lr=0.0003|drop=0.20] [Grad Norms] Epoch [015] | relation_emb=0.000000e+00, relation_tau=0.000000e+00, relation_wq=0.000000e+00, relation_wk=0.000000e+00, personal_u=2.357825e-03, personal_v=2.754011e-03, personal_alpha_bias=0.000000e+00, personal_gate_emb=0.000000e+00, personal_gate_state_proj=0.000000e+00, personal_gate_context_proj=0.000000e+00, personal_gate_state_direct=1.195674e-04, personal_gate_id_direct=0.000000e+00, personal_gate_context_direct=2.932872e-07, personal_gate_out=0.000000e+00, personal_generator_emb=0.000000e+00, personal_generator_context_proj=0.000000e+00, personal_generator_context_hidden=0.000000e+00, personal_generator_context_to_u=0.000000e+00, personal_generator_context_to_v=0.000000e+00, personal_generator_state_row=0.000000e+00, personal_generator_state_col=0.000000e+00, personal_generator_id_row=0.000000e+00, personal_generator_id_col=0.000000e+00, personal_generator_state_adapter=0.000000e+00, personal_generator_id_adapter=0.000000e+00, personal_generator_context_adapter=0.000000e+00, personal_generator_direct_scale=5.003101e-08
2026-04-20 17:53:06,549 - INFO - [assist_09|assist_09_abce_best_no_A|lr=0.0003|drop=0.20] -> No improvement 1 epoch(s) (best AUC=0.7524 @ 14)
2026-04-20 17:58:35,429 - INFO - [assist_09|assist_09_abce_best_no_A|lr=0.0003|drop=0.20] Epoch [016/100] | Train: Loss=0.4767, BCE=0.4746, Reg=0.0021, AUC=0.8259, ACC=0.7605, RMSE=0.3971 | Val: Loss=0.5557, BCE=0.5536, Reg=0.0021, AUC=0.7526, ACC=0.7236, RMSE=0.4304
2026-04-20 17:58:35,429 - INFO - [assist_09|assist_09_abce_best_no_A|lr=0.0003|drop=0.20] [Reg Terms] Epoch [016] | Train: graph_entropy=0.000000, graph_diag=0.000000, graph_uniform=0.000000, graph_reg_scale=1.0000, prediction_l2=0.000001, personal_sparse=0.000006, alpha_var=0.000000, alpha_collapse=0.000000, reg_bce_ratio=0.0044 | Val: graph_entropy=0.000000, graph_diag=0.000000, graph_uniform=0.000000, graph_reg_scale=1.0000, prediction_l2=0.000001, personal_sparse=0.000006, alpha_var=0.000000, alpha_collapse=0.000038, reg_bce_ratio=0.0038
2026-04-20 17:58:35,811 - INFO - [assist_09|assist_09_abce_best_no_A|lr=0.0003|drop=0.20] [Diag][AE] Epoch [016] | irt_abs_mean=1.7421, irt_std=1.0660, personal_warmup_scale=1.00, graph_row_entropy=0.0000, graph_entropy_ratio=0.0000, alpha_mean=0.1041, alpha_std=0.0551, alpha_base_mean=0.0853, alpha_delta_absmean=0.0369, alpha_saturation_ratio=0.0000, alpha_bias_std=NA, alpha_state_path=0.8922, alpha_id_path=0.0000, alpha_bias_path=0.0000, head_bias_path=0.8433, personal_row_entropy=0.0202, personal_matrix_delta=0.0868, personal_matrix_student_std=0.1370, personal_delta_pre_softmax_norm=1.7729, personal_delta_student_std=0.6301, alpha_head_std=0.0551, query_row_global_readout_delta=0.0000, query_row_personal_message_delta=0.0012, query_row_posterior_delta_abs=0.0868, query_row_posterior_kl=0.0585, query_row_delta_local_rms_raw=0.0212, query_row_message_projection_gain=0.2444, personal_to_graph_query_ratio=0.0000, query_row_global_support_mass=0.0000, query_row_personal_support_mass=0.0000, neighbor_row_personal_delta=0.0000, personal_row_budget_mean=1.0000, personal_query_row_std=0.9627, readout_query_support_mass=0.0000, personal_student_mix=0.0500, personal_student_adapter=0.0400, local_row_ratio=0.0098, support_density=0.1840, readout_query_delta=0.0012, personal_bad_rows_active=0.00, personal_fallback_rows_active=0.00, personal_bad_row_rate_active=0.0000, personal_padded_rows=460.00, personal_logits_support_absmax=4.1168, personal_query_trust_scale_mean=0.9888, personal_bad_rows_legacy=460.00, personal_fallback_rows_legacy=460.00, personal_logits_absmax_legacy=30.0000
2026-04-20 17:58:35,811 - INFO - [assist_09|assist_09_abce_best_no_A|lr=0.0003|drop=0.20] [Diag][A] Epoch [016] | entropy_ratio=0.0000, diag_mass=1.0000, to_uniform_l2=0.089800, to_identity_l2=0.000000, relation_identity_delta=0.000000, knowledge_state_graph_delta=0.000000, knowledge_state_personal_delta=0.000000, share_concept_embeddings=True, tau_mean=0.0000, tau_std=0.0000, graph_reg_scale(train/val)=1.0000/1.0000
2026-04-20 17:58:35,811 - INFO - [assist_09|assist_09_abce_best_no_A|lr=0.0003|drop=0.20] [Grad Norms] Epoch [016] | relation_emb=0.000000e+00, relation_tau=0.000000e+00, relation_wq=0.000000e+00, relation_wk=0.000000e+00, personal_u=6.149355e-05, personal_v=1.015702e-04, personal_alpha_bias=0.000000e+00, personal_gate_emb=0.000000e+00, personal_gate_state_proj=0.000000e+00, personal_gate_context_proj=0.000000e+00, personal_gate_state_direct=8.815240e-05, personal_gate_id_direct=0.000000e+00, personal_gate_context_direct=4.156556e-07, personal_gate_out=0.000000e+00, personal_generator_emb=0.000000e+00, personal_generator_context_proj=0.000000e+00, personal_generator_context_hidden=0.000000e+00, personal_generator_context_to_u=0.000000e+00, personal_generator_context_to_v=0.000000e+00, personal_generator_state_row=0.000000e+00, personal_generator_state_col=0.000000e+00, personal_generator_id_row=0.000000e+00, personal_generator_id_col=0.000000e+00, personal_generator_state_adapter=0.000000e+00, personal_generator_id_adapter=0.000000e+00, personal_generator_context_adapter=0.000000e+00, personal_generator_direct_scale=3.844731e-10
2026-04-20 17:58:36,156 - INFO - [assist_09|assist_09_abce_best_no_A|lr=0.0003|drop=0.20] -> New best AUC=0.7526 at epoch 16
2026-04-20 18:04:06,898 - INFO - [assist_09|assist_09_abce_best_no_A|lr=0.0003|drop=0.20] Epoch [017/100] | Train: Loss=0.4734, BCE=0.4713, Reg=0.0021, AUC=0.8287, ACC=0.7622, RMSE=0.3955 | Val: Loss=0.5542, BCE=0.5521, Reg=0.0021, AUC=0.7527, ACC=0.7236, RMSE=0.4299
2026-04-20 18:04:06,899 - INFO - [assist_09|assist_09_abce_best_no_A|lr=0.0003|drop=0.20] [Reg Terms] Epoch [017] | Train: graph_entropy=0.000000, graph_diag=0.000000, graph_uniform=0.000000, graph_reg_scale=1.0000, prediction_l2=0.000001, personal_sparse=0.000006, alpha_var=0.000000, alpha_collapse=0.000000, reg_bce_ratio=0.0045 | Val: graph_entropy=0.000000, graph_diag=0.000000, graph_uniform=0.000000, graph_reg_scale=1.0000, prediction_l2=0.000001, personal_sparse=0.000006, alpha_var=0.000000, alpha_collapse=0.000039, reg_bce_ratio=0.0039
2026-04-20 18:04:07,271 - INFO - [assist_09|assist_09_abce_best_no_A|lr=0.0003|drop=0.20] [Diag][AE] Epoch [017] | irt_abs_mean=1.6947, irt_std=1.0439, personal_warmup_scale=1.00, graph_row_entropy=0.0000, graph_entropy_ratio=0.0000, alpha_mean=0.1047, alpha_std=0.0531, alpha_base_mean=0.0867, alpha_delta_absmean=0.0350, alpha_saturation_ratio=0.0000, alpha_bias_std=NA, alpha_state_path=0.8398, alpha_id_path=0.0000, alpha_bias_path=0.0000, head_bias_path=0.8192, personal_row_entropy=0.0201, personal_matrix_delta=0.0870, personal_matrix_student_std=0.1373, personal_delta_pre_softmax_norm=1.7721, personal_delta_student_std=0.6271, alpha_head_std=0.0530, query_row_global_readout_delta=0.0000, query_row_personal_message_delta=0.0013, query_row_posterior_delta_abs=0.0870, query_row_posterior_kl=0.0585, query_row_delta_local_rms_raw=0.0259, query_row_message_projection_gain=0.2973, personal_to_graph_query_ratio=0.0000, query_row_global_support_mass=0.0000, query_row_personal_support_mass=0.0000, neighbor_row_personal_delta=0.0000, personal_row_budget_mean=1.0000, personal_query_row_std=0.9616, readout_query_support_mass=0.0000, personal_student_mix=0.0499, personal_student_adapter=0.0400, local_row_ratio=0.0098, support_density=0.1840, readout_query_delta=0.0013, personal_bad_rows_active=0.00, personal_fallback_rows_active=0.00, personal_bad_row_rate_active=0.0000, personal_padded_rows=460.00, personal_logits_support_absmax=3.9739, personal_query_trust_scale_mean=0.9801, personal_bad_rows_legacy=460.00, personal_fallback_rows_legacy=460.00, personal_logits_absmax_legacy=30.0000
2026-04-20 18:04:07,272 - INFO - [assist_09|assist_09_abce_best_no_A|lr=0.0003|drop=0.20] [Diag][A] Epoch [017] | entropy_ratio=0.0000, diag_mass=1.0000, to_uniform_l2=0.089800, to_identity_l2=0.000000, relation_identity_delta=0.000000, knowledge_state_graph_delta=0.000000, knowledge_state_personal_delta=0.000000, share_concept_embeddings=True, tau_mean=0.0000, tau_std=0.0000, graph_reg_scale(train/val)=1.0000/1.0000
2026-04-20 18:04:07,272 - INFO - [assist_09|assist_09_abce_best_no_A|lr=0.0003|drop=0.20] [Grad Norms] Epoch [017] | relation_emb=0.000000e+00, relation_tau=0.000000e+00, relation_wq=0.000000e+00, relation_wk=0.000000e+00, personal_u=1.392153e-19, personal_v=2.155866e-19, personal_alpha_bias=0.000000e+00, personal_gate_emb=0.000000e+00, personal_gate_state_proj=0.000000e+00, personal_gate_context_proj=0.000000e+00, personal_gate_state_direct=1.825828e-04, personal_gate_id_direct=0.000000e+00, personal_gate_context_direct=1.486193e-06, personal_gate_out=0.000000e+00, personal_generator_emb=0.000000e+00, personal_generator_context_proj=0.000000e+00, personal_generator_context_hidden=0.000000e+00, personal_generator_context_to_u=0.000000e+00, personal_generator_context_to_v=0.000000e+00, personal_generator_state_row=0.000000e+00, personal_generator_state_col=0.000000e+00, personal_generator_id_row=0.000000e+00, personal_generator_id_col=0.000000e+00, personal_generator_state_adapter=0.000000e+00, personal_generator_id_adapter=0.000000e+00, personal_generator_context_adapter=0.000000e+00, personal_generator_direct_scale=2.221546e-21
2026-04-20 18:04:07,649 - INFO - [assist_09|assist_09_abce_best_no_A|lr=0.0003|drop=0.20] -> New best AUC=0.7527 at epoch 17
2026-04-20 18:09:40,851 - INFO - [assist_09|assist_09_abce_best_no_A|lr=0.0003|drop=0.20] Epoch [018/100] | Train: Loss=0.4718, BCE=0.4697, Reg=0.0021, AUC=0.8300, ACC=0.7634, RMSE=0.3950 | Val: Loss=0.5564, BCE=0.5543, Reg=0.0021, AUC=0.7530, ACC=0.7239, RMSE=0.4302
2026-04-20 18:09:40,851 - INFO - [assist_09|assist_09_abce_best_no_A|lr=0.0003|drop=0.20] [Reg Terms] Epoch [018] | Train: graph_entropy=0.000000, graph_diag=0.000000, graph_uniform=0.000000, graph_reg_scale=1.0000, prediction_l2=0.000001, personal_sparse=0.000006, alpha_var=0.000000, alpha_collapse=0.000000, reg_bce_ratio=0.0045 | Val: graph_entropy=0.000000, graph_diag=0.000000, graph_uniform=0.000000, graph_reg_scale=1.0000, prediction_l2=0.000001, personal_sparse=0.000006, alpha_var=0.000000, alpha_collapse=0.000038, reg_bce_ratio=0.0038
2026-04-20 18:09:41,201 - INFO - [assist_09|assist_09_abce_best_no_A|lr=0.0003|drop=0.20] [Diag][AE] Epoch [018] | irt_abs_mean=1.8070, irt_std=1.1085, personal_warmup_scale=1.00, graph_row_entropy=0.0000, graph_entropy_ratio=0.0000, alpha_mean=0.1070, alpha_std=0.0545, alpha_base_mean=0.0886, alpha_delta_absmean=0.0364, alpha_saturation_ratio=0.0000, alpha_bias_std=NA, alpha_state_path=0.8786, alpha_id_path=0.0000, alpha_bias_path=0.0000, head_bias_path=0.7871, personal_row_entropy=0.0252, personal_matrix_delta=0.0862, personal_matrix_student_std=0.1381, personal_delta_pre_softmax_norm=1.7750, personal_delta_student_std=0.6331, alpha_head_std=0.0545, query_row_global_readout_delta=0.0000, query_row_personal_message_delta=0.0013, query_row_posterior_delta_abs=0.0862, query_row_posterior_kl=0.0578, query_row_delta_local_rms_raw=0.0305, query_row_message_projection_gain=0.3544, personal_to_graph_query_ratio=0.0000, query_row_global_support_mass=0.0000, query_row_personal_support_mass=0.0000, neighbor_row_personal_delta=0.0000, personal_row_budget_mean=1.0000, personal_query_row_std=0.9655, readout_query_support_mass=0.0000, personal_student_mix=0.0500, personal_student_adapter=0.0400, local_row_ratio=0.0098, support_density=0.1840, readout_query_delta=0.0013, personal_bad_rows_active=0.00, personal_fallback_rows_active=0.00, personal_bad_row_rate_active=0.0000, personal_padded_rows=460.00, personal_logits_support_absmax=4.1263, personal_query_trust_scale_mean=0.9697, personal_bad_rows_legacy=460.00, personal_fallback_rows_legacy=460.00, personal_logits_absmax_legacy=30.0000
2026-04-20 18:09:41,201 - INFO - [assist_09|assist_09_abce_best_no_A|lr=0.0003|drop=0.20] [Diag][A] Epoch [018] | entropy_ratio=0.0000, diag_mass=1.0000, to_uniform_l2=0.089800, to_identity_l2=0.000000, relation_identity_delta=0.000000, knowledge_state_graph_delta=0.000000, knowledge_state_personal_delta=0.000000, share_concept_embeddings=True, tau_mean=0.0000, tau_std=0.0000, graph_reg_scale(train/val)=1.0000/1.0000
2026-04-20 18:09:41,201 - INFO - [assist_09|assist_09_abce_best_no_A|lr=0.0003|drop=0.20] [Grad Norms] Epoch [018] | relation_emb=0.000000e+00, relation_tau=0.000000e+00, relation_wq=0.000000e+00, relation_wk=0.000000e+00, personal_u=5.198752e-04, personal_v=4.706914e-04, personal_alpha_bias=0.000000e+00, personal_gate_emb=0.000000e+00, personal_gate_state_proj=0.000000e+00, personal_gate_context_proj=0.000000e+00, personal_gate_state_direct=5.659801e-05, personal_gate_id_direct=0.000000e+00, personal_gate_context_direct=9.643129e-07, personal_gate_out=0.000000e+00, personal_generator_emb=0.000000e+00, personal_generator_context_proj=0.000000e+00, personal_generator_context_hidden=0.000000e+00, personal_generator_context_to_u=0.000000e+00, personal_generator_context_to_v=0.000000e+00, personal_generator_state_row=0.000000e+00, personal_generator_state_col=0.000000e+00, personal_generator_id_row=0.000000e+00, personal_generator_id_col=0.000000e+00, personal_generator_state_adapter=0.000000e+00, personal_generator_id_adapter=0.000000e+00, personal_generator_context_adapter=0.000000e+00, personal_generator_direct_scale=4.991979e-07
2026-04-20 18:09:41,619 - INFO - [assist_09|assist_09_abce_best_no_A|lr=0.0003|drop=0.20] -> New best AUC=0.7530 at epoch 18
2026-04-20 18:15:15,981 - INFO - [assist_09|assist_09_abce_best_no_A|lr=0.0003|drop=0.20] Epoch [019/100] | Train: Loss=0.4697, BCE=0.4676, Reg=0.0021, AUC=0.8321, ACC=0.7643, RMSE=0.3940 | Val: Loss=0.5561, BCE=0.5539, Reg=0.0021, AUC=0.7533, ACC=0.7259, RMSE=0.4300
2026-04-20 18:15:15,981 - INFO - [assist_09|assist_09_abce_best_no_A|lr=0.0003|drop=0.20] [Reg Terms] Epoch [019] | Train: graph_entropy=0.000000, graph_diag=0.000000, graph_uniform=0.000000, graph_reg_scale=1.0000, prediction_l2=0.000001, personal_sparse=0.000006, alpha_var=0.000000, alpha_collapse=0.000000, reg_bce_ratio=0.0045 | Val: graph_entropy=0.000000, graph_diag=0.000000, graph_uniform=0.000000, graph_reg_scale=1.0000, prediction_l2=0.000001, personal_sparse=0.000006, alpha_var=0.000000, alpha_collapse=0.000038, reg_bce_ratio=0.0038
2026-04-20 18:15:16,308 - INFO - [assist_09|assist_09_abce_best_no_A|lr=0.0003|drop=0.20] [Diag][AE] Epoch [019] | irt_abs_mean=1.7567, irt_std=1.1061, personal_warmup_scale=1.00, graph_row_entropy=0.0000, graph_entropy_ratio=0.0000, alpha_mean=0.1088, alpha_std=0.0523, alpha_base_mean=0.0899, alpha_delta_absmean=0.0344, alpha_saturation_ratio=0.0000, alpha_bias_std=NA, alpha_state_path=0.8258, alpha_id_path=0.0000, alpha_bias_path=0.0000, head_bias_path=0.7646, personal_row_entropy=0.0266, personal_matrix_delta=0.0859, personal_matrix_student_std=0.1400, personal_delta_pre_softmax_norm=1.7760, personal_delta_student_std=0.6540, alpha_head_std=0.0523, query_row_global_readout_delta=0.0000, query_row_personal_message_delta=0.0013, query_row_posterior_delta_abs=0.0859, query_row_posterior_kl=0.0576, query_row_delta_local_rms_raw=0.0269, query_row_message_projection_gain=0.3133, personal_to_graph_query_ratio=0.0000, query_row_global_support_mass=0.0000, query_row_personal_support_mass=0.0000, neighbor_row_personal_delta=0.0000, personal_row_budget_mean=1.0000, personal_query_row_std=0.9659, readout_query_support_mass=0.0000, personal_student_mix=0.0500, personal_student_adapter=0.0400, local_row_ratio=0.0098, support_density=0.1840, readout_query_delta=0.0013, personal_bad_rows_active=0.00, personal_fallback_rows_active=0.00, personal_bad_row_rate_active=0.0000, personal_padded_rows=460.00, personal_logits_support_absmax=4.1402, personal_query_trust_scale_mean=0.9786, personal_bad_rows_legacy=460.00, personal_fallback_rows_legacy=460.00, personal_logits_absmax_legacy=30.0000
2026-04-20 18:15:16,308 - INFO - [assist_09|assist_09_abce_best_no_A|lr=0.0003|drop=0.20] [Diag][A] Epoch [019] | entropy_ratio=0.0000, diag_mass=1.0000, to_uniform_l2=0.089800, to_identity_l2=0.000000, relation_identity_delta=0.000000, knowledge_state_graph_delta=0.000000, knowledge_state_personal_delta=0.000000, share_concept_embeddings=True, tau_mean=0.0000, tau_std=0.0000, graph_reg_scale(train/val)=1.0000/1.0000
2026-04-20 18:15:16,308 - INFO - [assist_09|assist_09_abce_best_no_A|lr=0.0003|drop=0.20] [Grad Norms] Epoch [019] | relation_emb=0.000000e+00, relation_tau=0.000000e+00, relation_wq=0.000000e+00, relation_wk=0.000000e+00, personal_u=2.564754e-20, personal_v=5.000749e-20, personal_alpha_bias=0.000000e+00, personal_gate_emb=0.000000e+00, personal_gate_state_proj=0.000000e+00, personal_gate_context_proj=0.000000e+00, personal_gate_state_direct=1.291120e-05, personal_gate_id_direct=0.000000e+00, personal_gate_context_direct=7.332193e-08, personal_gate_out=0.000000e+00, personal_generator_emb=0.000000e+00, personal_generator_context_proj=0.000000e+00, personal_generator_context_hidden=0.000000e+00, personal_generator_context_to_u=0.000000e+00, personal_generator_context_to_v=0.000000e+00, personal_generator_state_row=0.000000e+00, personal_generator_state_col=0.000000e+00, personal_generator_id_row=0.000000e+00, personal_generator_id_col=0.000000e+00, personal_generator_state_adapter=0.000000e+00, personal_generator_id_adapter=0.000000e+00, personal_generator_context_adapter=0.000000e+00, personal_generator_direct_scale=2.187179e-22
2026-04-20 18:15:16,643 - INFO - [assist_09|assist_09_abce_best_no_A|lr=0.0003|drop=0.20] -> New best AUC=0.7533 at epoch 19
2026-04-20 18:20:50,899 - INFO - [assist_09|assist_09_abce_best_no_A|lr=0.0003|drop=0.20] Epoch [020/100] | Train: Loss=0.4674, BCE=0.4652, Reg=0.0021, AUC=0.8337, ACC=0.7655, RMSE=0.3929 | Val: Loss=0.5574, BCE=0.5553, Reg=0.0021, AUC=0.7535, ACC=0.7253, RMSE=0.4303
2026-04-20 18:20:50,900 - INFO - [assist_09|assist_09_abce_best_no_A|lr=0.0003|drop=0.20] [Reg Terms] Epoch [020] | Train: graph_entropy=0.000000, graph_diag=0.000000, graph_uniform=0.000000, graph_reg_scale=1.0000, prediction_l2=0.000001, personal_sparse=0.000006, alpha_var=0.000000, alpha_collapse=0.000000, reg_bce_ratio=0.0045 | Val: graph_entropy=0.000000, graph_diag=0.000000, graph_uniform=0.000000, graph_reg_scale=1.0000, prediction_l2=0.000001, personal_sparse=0.000006, alpha_var=0.000000, alpha_collapse=0.000038, reg_bce_ratio=0.0038
2026-04-20 18:20:51,234 - INFO - [assist_09|assist_09_abce_best_no_A|lr=0.0003|drop=0.20] [Diag][AE] Epoch [020] | irt_abs_mean=1.7958, irt_std=1.1371, personal_warmup_scale=1.00, graph_row_entropy=0.0000, graph_entropy_ratio=0.0000, alpha_mean=0.1106, alpha_std=0.0526, alpha_base_mean=0.0911, alpha_delta_absmean=0.0348, alpha_saturation_ratio=0.0000, alpha_bias_std=NA, alpha_state_path=0.8386, alpha_id_path=0.0000, alpha_bias_path=0.0000, head_bias_path=0.7445, personal_row_entropy=0.0355, personal_matrix_delta=0.0848, personal_matrix_student_std=0.1444, personal_delta_pre_softmax_norm=1.7760, personal_delta_student_std=0.6617, alpha_head_std=0.0526, query_row_global_readout_delta=0.0000, query_row_personal_message_delta=0.0014, query_row_posterior_delta_abs=0.0848, query_row_posterior_kl=0.0564, query_row_delta_local_rms_raw=0.0276, query_row_message_projection_gain=0.3249, personal_to_graph_query_ratio=0.0000, query_row_global_support_mass=0.0000, query_row_personal_support_mass=0.0000, neighbor_row_personal_delta=0.0000, personal_row_budget_mean=1.0000, personal_query_row_std=0.9668, readout_query_support_mass=0.0000, personal_student_mix=0.0500, personal_student_adapter=0.0400, local_row_ratio=0.0098, support_density=0.1840, readout_query_delta=0.0014, personal_bad_rows_active=0.00, personal_fallback_rows_active=0.00, personal_bad_row_rate_active=0.0000, personal_padded_rows=460.00, personal_logits_support_absmax=4.1379, personal_query_trust_scale_mean=0.9706, personal_bad_rows_legacy=460.00, personal_fallback_rows_legacy=460.00, personal_logits_absmax_legacy=30.0000
2026-04-20 18:20:51,234 - INFO - [assist_09|assist_09_abce_best_no_A|lr=0.0003|drop=0.20] [Diag][A] Epoch [020] | entropy_ratio=0.0000, diag_mass=1.0000, to_uniform_l2=0.089800, to_identity_l2=0.000000, relation_identity_delta=0.000000, knowledge_state_graph_delta=0.000000, knowledge_state_personal_delta=0.000000, share_concept_embeddings=True, tau_mean=0.0000, tau_std=0.0000, graph_reg_scale(train/val)=1.0000/1.0000
2026-04-20 18:20:51,234 - INFO - [assist_09|assist_09_abce_best_no_A|lr=0.0003|drop=0.20] [Grad Norms] Epoch [020] | relation_emb=0.000000e+00, relation_tau=0.000000e+00, relation_wq=0.000000e+00, relation_wk=0.000000e+00, personal_u=1.653640e-19, personal_v=2.816536e-19, personal_alpha_bias=0.000000e+00, personal_gate_emb=0.000000e+00, personal_gate_state_proj=0.000000e+00, personal_gate_context_proj=0.000000e+00, personal_gate_state_direct=1.938358e-04, personal_gate_id_direct=0.000000e+00, personal_gate_context_direct=4.205167e-07, personal_gate_out=0.000000e+00, personal_generator_emb=0.000000e+00, personal_generator_context_proj=0.000000e+00, personal_generator_context_hidden=0.000000e+00, personal_generator_context_to_u=0.000000e+00, personal_generator_context_to_v=0.000000e+00, personal_generator_state_row=0.000000e+00, personal_generator_state_col=0.000000e+00, personal_generator_id_row=0.000000e+00, personal_generator_id_col=0.000000e+00, personal_generator_state_adapter=0.000000e+00, personal_generator_id_adapter=0.000000e+00, personal_generator_context_adapter=0.000000e+00, personal_generator_direct_scale=2.136182e-20
2026-04-20 18:20:51,548 - INFO - [assist_09|assist_09_abce_best_no_A|lr=0.0003|drop=0.20] -> New best AUC=0.7535 at epoch 20
2026-04-20 18:20:51,594 - INFO - [assist_09|assist_09_abce_best_no_A|lr=0.0003|drop=0.20] Checkpoint saved: checkpoints/abce_diag/remote_struct_v2_20260419_86dfed4/assist_09/seed42/best_no_A/checkpoint_epoch_20.pth
2026-04-20 18:20:52,292 - INFO - [assist_09|assist_09_abce_best_no_A|lr=0.0003|drop=0.20] [Module Activity] Epoch 20: Personal[TRUST_CLIPPED]
2026-04-20 18:26:23,847 - INFO - [assist_09|assist_09_abce_best_no_A|lr=0.0003|drop=0.20] Epoch [021/100] | Train: Loss=0.4659, BCE=0.4638, Reg=0.0021, AUC=0.8352, ACC=0.7656, RMSE=0.3924 | Val: Loss=0.5576, BCE=0.5555, Reg=0.0021, AUC=0.7551, ACC=0.7273, RMSE=0.4298
2026-04-20 18:26:23,847 - INFO - [assist_09|assist_09_abce_best_no_A|lr=0.0003|drop=0.20] [Reg Terms] Epoch [021] | Train: graph_entropy=0.000000, graph_diag=0.000000, graph_uniform=0.000000, graph_reg_scale=1.0000, prediction_l2=0.000001, personal_sparse=0.000006, alpha_var=0.000000, alpha_collapse=0.000000, reg_bce_ratio=0.0045 | Val: graph_entropy=0.000000, graph_diag=0.000000, graph_uniform=0.000000, graph_reg_scale=1.0000, prediction_l2=0.000001, personal_sparse=0.000005, alpha_var=0.000000, alpha_collapse=0.000042, reg_bce_ratio=0.0038
2026-04-20 18:26:24,167 - INFO - [assist_09|assist_09_abce_best_no_A|lr=0.0003|drop=0.20] [Diag][AE] Epoch [021] | irt_abs_mean=1.8912, irt_std=1.2064, personal_warmup_scale=1.00, graph_row_entropy=0.0000, graph_entropy_ratio=0.0000, alpha_mean=0.1112, alpha_std=0.0535, alpha_base_mean=0.0920, alpha_delta_absmean=0.0356, alpha_saturation_ratio=0.0000, alpha_bias_std=NA, alpha_state_path=0.8615, alpha_id_path=0.0000, alpha_bias_path=0.0000, head_bias_path=0.7289, personal_row_entropy=0.0279, personal_matrix_delta=0.0858, personal_matrix_student_std=0.1655, personal_delta_pre_softmax_norm=1.7743, personal_delta_student_std=0.6636, alpha_head_std=0.0534, query_row_global_readout_delta=0.0000, query_row_personal_message_delta=0.0013, query_row_posterior_delta_abs=0.0858, query_row_posterior_kl=0.0575, query_row_delta_local_rms_raw=0.0239, query_row_message_projection_gain=0.2791, personal_to_graph_query_ratio=0.0000, query_row_global_support_mass=0.0000, query_row_personal_support_mass=0.0000, neighbor_row_personal_delta=0.0000, personal_row_budget_mean=1.0000, personal_query_row_std=0.9644, readout_query_support_mass=0.0000, personal_student_mix=0.0501, personal_student_adapter=0.0400, local_row_ratio=0.0098, support_density=0.1840, readout_query_delta=0.0013, personal_bad_rows_active=0.00, personal_fallback_rows_active=0.00, personal_bad_row_rate_active=0.0000, personal_padded_rows=460.00, personal_logits_support_absmax=4.1174, personal_query_trust_scale_mean=0.9851, personal_bad_rows_legacy=460.00, personal_fallback_rows_legacy=460.00, personal_logits_absmax_legacy=30.0000
2026-04-20 18:26:24,167 - INFO - [assist_09|assist_09_abce_best_no_A|lr=0.0003|drop=0.20] [Diag][A] Epoch [021] | entropy_ratio=0.0000, diag_mass=1.0000, to_uniform_l2=0.089800, to_identity_l2=0.000000, relation_identity_delta=0.000000, knowledge_state_graph_delta=0.000000, knowledge_state_personal_delta=0.000000, share_concept_embeddings=True, tau_mean=0.0000, tau_std=0.0000, graph_reg_scale(train/val)=1.0000/1.0000
2026-04-20 18:26:24,167 - INFO - [assist_09|assist_09_abce_best_no_A|lr=0.0003|drop=0.20] [Grad Norms] Epoch [021] | relation_emb=0.000000e+00, relation_tau=0.000000e+00, relation_wq=0.000000e+00, relation_wk=0.000000e+00, personal_u=1.652838e-20, personal_v=2.161584e-20, personal_alpha_bias=0.000000e+00, personal_gate_emb=0.000000e+00, personal_gate_state_proj=0.000000e+00, personal_gate_context_proj=0.000000e+00, personal_gate_state_direct=3.908014e-05, personal_gate_id_direct=0.000000e+00, personal_gate_context_direct=7.924249e-08, personal_gate_out=0.000000e+00, personal_generator_emb=0.000000e+00, personal_generator_context_proj=0.000000e+00, personal_generator_context_hidden=0.000000e+00, personal_generator_context_to_u=0.000000e+00, personal_generator_context_to_v=0.000000e+00, personal_generator_state_row=0.000000e+00, personal_generator_state_col=0.000000e+00, personal_generator_id_row=0.000000e+00, personal_generator_id_col=0.000000e+00, personal_generator_state_adapter=0.000000e+00, personal_generator_id_adapter=0.000000e+00, personal_generator_context_adapter=0.000000e+00, personal_generator_direct_scale=3.433631e-22
2026-04-20 18:26:24,440 - INFO - [assist_09|assist_09_abce_best_no_A|lr=0.0003|drop=0.20] -> New best AUC=0.7551 at epoch 21
2026-04-20 18:31:56,287 - INFO - [assist_09|assist_09_abce_best_no_A|lr=0.0003|drop=0.20] Epoch [022/100] | Train: Loss=0.4638, BCE=0.4617, Reg=0.0021, AUC=0.8369, ACC=0.7675, RMSE=0.3914 | Val: Loss=0.5567, BCE=0.5546, Reg=0.0021, AUC=0.7545, ACC=0.7268, RMSE=0.4297
2026-04-20 18:31:56,287 - INFO - [assist_09|assist_09_abce_best_no_A|lr=0.0003|drop=0.20] [Reg Terms] Epoch [022] | Train: graph_entropy=0.000000, graph_diag=0.000000, graph_uniform=0.000000, graph_reg_scale=1.0000, prediction_l2=0.000001, personal_sparse=0.000006, alpha_var=0.000000, alpha_collapse=0.000000, reg_bce_ratio=0.0046 | Val: graph_entropy=0.000000, graph_diag=0.000000, graph_uniform=0.000000, graph_reg_scale=1.0000, prediction_l2=0.000001, personal_sparse=0.000005, alpha_var=0.000000, alpha_collapse=0.000042, reg_bce_ratio=0.0038
2026-04-20 18:31:56,624 - INFO - [assist_09|assist_09_abce_best_no_A|lr=0.0003|drop=0.20] [Diag][AE] Epoch [022] | irt_abs_mean=1.8568, irt_std=1.1767, personal_warmup_scale=1.00, graph_row_entropy=0.0000, graph_entropy_ratio=0.0000, alpha_mean=0.1117, alpha_std=0.0539, alpha_base_mean=0.0929, alpha_delta_absmean=0.0359, alpha_saturation_ratio=0.0000, alpha_bias_std=NA, alpha_state_path=0.8682, alpha_id_path=0.0000, alpha_bias_path=0.0000, head_bias_path=0.7135, personal_row_entropy=0.0301, personal_matrix_delta=0.0857, personal_matrix_student_std=0.1593, personal_delta_pre_softmax_norm=1.7725, personal_delta_student_std=0.6559, alpha_head_std=0.0537, query_row_global_readout_delta=0.0000, query_row_personal_message_delta=0.0014, query_row_posterior_delta_abs=0.0857, query_row_posterior_kl=0.0571, query_row_delta_local_rms_raw=0.0240, query_row_message_projection_gain=0.2794, personal_to_graph_query_ratio=0.0000, query_row_global_support_mass=0.0000, query_row_personal_support_mass=0.0000, neighbor_row_personal_delta=0.0000, personal_row_budget_mean=1.0000, personal_query_row_std=0.9626, readout_query_support_mass=0.0000, personal_student_mix=0.0500, personal_student_adapter=0.0400, local_row_ratio=0.0098, support_density=0.1840, readout_query_delta=0.0014, personal_bad_rows_active=0.00, personal_fallback_rows_active=0.00, personal_bad_row_rate_active=0.0000, personal_padded_rows=460.00, personal_logits_support_absmax=4.1406, personal_query_trust_scale_mean=0.9778, personal_bad_rows_legacy=460.00, personal_fallback_rows_legacy=460.00, personal_logits_absmax_legacy=30.0000
2026-04-20 18:31:56,624 - INFO - [assist_09|assist_09_abce_best_no_A|lr=0.0003|drop=0.20] [Diag][A] Epoch [022] | entropy_ratio=0.0000, diag_mass=1.0000, to_uniform_l2=0.089800, to_identity_l2=0.000000, relation_identity_delta=0.000000, knowledge_state_graph_delta=0.000000, knowledge_state_personal_delta=0.000000, share_concept_embeddings=True, tau_mean=0.0000, tau_std=0.0000, graph_reg_scale(train/val)=1.0000/1.0000
2026-04-20 18:31:56,624 - INFO - [assist_09|assist_09_abce_best_no_A|lr=0.0003|drop=0.20] [Grad Norms] Epoch [022] | relation_emb=0.000000e+00, relation_tau=0.000000e+00, relation_wq=0.000000e+00, relation_wk=0.000000e+00, personal_u=1.121460e-05, personal_v=2.967530e-05, personal_alpha_bias=0.000000e+00, personal_gate_emb=0.000000e+00, personal_gate_state_proj=0.000000e+00, personal_gate_context_proj=0.000000e+00, personal_gate_state_direct=3.355615e-04, personal_gate_id_direct=0.000000e+00, personal_gate_context_direct=7.356119e-06, personal_gate_out=0.000000e+00, personal_generator_emb=0.000000e+00, personal_generator_context_proj=0.000000e+00, personal_generator_context_hidden=0.000000e+00, personal_generator_context_to_u=0.000000e+00, personal_generator_context_to_v=0.000000e+00, personal_generator_state_row=0.000000e+00, personal_generator_state_col=0.000000e+00, personal_generator_id_row=0.000000e+00, personal_generator_id_col=0.000000e+00, personal_generator_state_adapter=0.000000e+00, personal_generator_id_adapter=0.000000e+00, personal_generator_context_adapter=0.000000e+00, personal_generator_direct_scale=2.634795e-09
2026-04-20 18:31:56,624 - INFO - [assist_09|assist_09_abce_best_no_A|lr=0.0003|drop=0.20] -> No improvement 1 epoch(s) (best AUC=0.7551 @ 21)
2026-04-20 18:37:26,570 - INFO - [assist_09|assist_09_abce_best_no_A|lr=0.0003|drop=0.20] Epoch [023/100] | Train: Loss=0.4628, BCE=0.4607, Reg=0.0021, AUC=0.8376, ACC=0.7663, RMSE=0.3911 | Val: Loss=0.5561, BCE=0.5539, Reg=0.0021, AUC=0.7548, ACC=0.7272, RMSE=0.4293
2026-04-20 18:37:26,570 - INFO - [assist_09|assist_09_abce_best_no_A|lr=0.0003|drop=0.20] [Reg Terms] Epoch [023] | Train: graph_entropy=0.000000, graph_diag=0.000000, graph_uniform=0.000000, graph_reg_scale=1.0000, prediction_l2=0.000001, personal_sparse=0.000006, alpha_var=0.000000, alpha_collapse=0.000000, reg_bce_ratio=0.0046 | Val: graph_entropy=0.000000, graph_diag=0.000000, graph_uniform=0.000000, graph_reg_scale=1.0000, prediction_l2=0.000001, personal_sparse=0.000005, alpha_var=0.000000, alpha_collapse=0.000038, reg_bce_ratio=0.0038
2026-04-20 18:37:26,896 - INFO - [assist_09|assist_09_abce_best_no_A|lr=0.0003|drop=0.20] [Diag][AE] Epoch [023] | irt_abs_mean=1.8097, irt_std=1.1705, personal_warmup_scale=1.00, graph_row_entropy=0.0000, graph_entropy_ratio=0.0000, alpha_mean=0.1133, alpha_std=0.0571, alpha_base_mean=0.0940, alpha_delta_absmean=0.0392, alpha_saturation_ratio=0.0000, alpha_bias_std=NA, alpha_state_path=0.9599, alpha_id_path=0.0000, alpha_bias_path=0.0000, head_bias_path=0.6959, personal_row_entropy=0.0194, personal_matrix_delta=0.0869, personal_matrix_student_std=0.1460, personal_delta_pre_softmax_norm=1.7759, personal_delta_student_std=0.6558, alpha_head_std=0.0571, query_row_global_readout_delta=0.0000, query_row_personal_message_delta=0.0014, query_row_posterior_delta_abs=0.0869, query_row_posterior_kl=0.0586, query_row_delta_local_rms_raw=0.0367, query_row_message_projection_gain=0.4227, personal_to_graph_query_ratio=0.0000, query_row_global_support_mass=0.0000, query_row_personal_support_mass=0.0000, neighbor_row_personal_delta=0.0000, personal_row_budget_mean=1.0000, personal_query_row_std=0.9665, readout_query_support_mass=0.0000, personal_student_mix=0.0500, personal_student_adapter=0.0400, local_row_ratio=0.0098, support_density=0.1840, readout_query_delta=0.0014, personal_bad_rows_active=0.00, personal_fallback_rows_active=0.00, personal_bad_row_rate_active=0.0000, personal_padded_rows=460.00, personal_logits_support_absmax=4.0144, personal_query_trust_scale_mean=0.9685, personal_bad_rows_legacy=460.00, personal_fallback_rows_legacy=460.00, personal_logits_absmax_legacy=30.0000
2026-04-20 18:37:26,896 - INFO - [assist_09|assist_09_abce_best_no_A|lr=0.0003|drop=0.20] [Diag][A] Epoch [023] | entropy_ratio=0.0000, diag_mass=1.0000, to_uniform_l2=0.089800, to_identity_l2=0.000000, relation_identity_delta=0.000000, knowledge_state_graph_delta=0.000000, knowledge_state_personal_delta=0.000000, share_concept_embeddings=True, tau_mean=0.0000, tau_std=0.0000, graph_reg_scale(train/val)=1.0000/1.0000
2026-04-20 18:37:26,896 - INFO - [assist_09|assist_09_abce_best_no_A|lr=0.0003|drop=0.20] [Grad Norms] Epoch [023] | relation_emb=0.000000e+00, relation_tau=0.000000e+00, relation_wq=0.000000e+00, relation_wk=0.000000e+00, personal_u=0.000000e+00, personal_v=0.000000e+00, personal_alpha_bias=0.000000e+00, personal_gate_emb=0.000000e+00, personal_gate_state_proj=0.000000e+00, personal_gate_context_proj=0.000000e+00, personal_gate_state_direct=4.652859e-04, personal_gate_id_direct=0.000000e+00, personal_gate_context_direct=6.345587e-07, personal_gate_out=0.000000e+00, personal_generator_emb=0.000000e+00, personal_generator_context_proj=0.000000e+00, personal_generator_context_hidden=0.000000e+00, personal_generator_context_to_u=0.000000e+00, personal_generator_context_to_v=0.000000e+00, personal_generator_state_row=0.000000e+00, personal_generator_state_col=0.000000e+00, personal_generator_id_row=0.000000e+00, personal_generator_id_col=0.000000e+00, personal_generator_state_adapter=0.000000e+00, personal_generator_id_adapter=0.000000e+00, personal_generator_context_adapter=0.000000e+00, personal_generator_direct_scale=2.610278e-21
2026-04-20 18:37:26,897 - INFO - [assist_09|assist_09_abce_best_no_A|lr=0.0003|drop=0.20] -> No improvement 2 epoch(s) (best AUC=0.7551 @ 21)
2026-04-20 18:42:59,335 - INFO - [assist_09|assist_09_abce_best_no_A|lr=0.0003|drop=0.20] Epoch [024/100] | Train: Loss=0.4606, BCE=0.4584, Reg=0.0021, AUC=0.8395, ACC=0.7686, RMSE=0.3900 | Val: Loss=0.5571, BCE=0.5550, Reg=0.0021, AUC=0.7558, ACC=0.7268, RMSE=0.4294
2026-04-20 18:42:59,335 - INFO - [assist_09|assist_09_abce_best_no_A|lr=0.0003|drop=0.20] [Reg Terms] Epoch [024] | Train: graph_entropy=0.000000, graph_diag=0.000000, graph_uniform=0.000000, graph_reg_scale=1.0000, prediction_l2=0.000001, personal_sparse=0.000006, alpha_var=0.000000, alpha_collapse=0.000000, reg_bce_ratio=0.0046 | Val: graph_entropy=0.000000, graph_diag=0.000000, graph_uniform=0.000000, graph_reg_scale=1.0000, prediction_l2=0.000001, personal_sparse=0.000005, alpha_var=0.000000, alpha_collapse=0.000038, reg_bce_ratio=0.0039
2026-04-20 18:42:59,660 - INFO - [assist_09|assist_09_abce_best_no_A|lr=0.0003|drop=0.20] [Diag][AE] Epoch [024] | irt_abs_mean=1.8279, irt_std=1.2106, personal_warmup_scale=1.00, graph_row_entropy=0.0000, graph_entropy_ratio=0.0000, alpha_mean=0.1128, alpha_std=0.0524, alpha_base_mean=0.0954, alpha_delta_absmean=0.0348, alpha_saturation_ratio=0.0000, alpha_bias_std=NA, alpha_state_path=0.8311, alpha_id_path=0.0000, alpha_bias_path=0.0000, head_bias_path=0.6731, personal_row_entropy=0.0176, personal_matrix_delta=0.0870, personal_matrix_student_std=0.1409, personal_delta_pre_softmax_norm=1.7772, personal_delta_student_std=0.6607, alpha_head_std=0.0523, query_row_global_readout_delta=0.0000, query_row_personal_message_delta=0.0016, query_row_posterior_delta_abs=0.0870, query_row_posterior_kl=0.0588, query_row_delta_local_rms_raw=0.0519, query_row_message_projection_gain=0.5961, personal_to_graph_query_ratio=0.0000, query_row_global_support_mass=0.0000, query_row_personal_support_mass=0.0000, neighbor_row_personal_delta=0.0000, personal_row_budget_mean=1.0000, personal_query_row_std=0.9679, readout_query_support_mass=0.0000, personal_student_mix=0.0501, personal_student_adapter=0.0400, local_row_ratio=0.0098, support_density=0.1840, readout_query_delta=0.0016, personal_bad_rows_active=0.00, personal_fallback_rows_active=0.00, personal_bad_row_rate_active=0.0000, personal_padded_rows=460.00, personal_logits_support_absmax=4.1392, personal_query_trust_scale_mean=0.9563, personal_bad_rows_legacy=460.00, personal_fallback_rows_legacy=460.00, personal_logits_absmax_legacy=30.0000
2026-04-20 18:42:59,661 - INFO - [assist_09|assist_09_abce_best_no_A|lr=0.0003|drop=0.20] [Diag][A] Epoch [024] | entropy_ratio=0.0000, diag_mass=1.0000, to_uniform_l2=0.089800, to_identity_l2=0.000000, relation_identity_delta=0.000000, knowledge_state_graph_delta=0.000000, knowledge_state_personal_delta=0.000000, share_concept_embeddings=True, tau_mean=0.0000, tau_std=0.0000, graph_reg_scale(train/val)=1.0000/1.0000
2026-04-20 18:42:59,661 - INFO - [assist_09|assist_09_abce_best_no_A|lr=0.0003|drop=0.20] [Grad Norms] Epoch [024] | relation_emb=0.000000e+00, relation_tau=0.000000e+00, relation_wq=0.000000e+00, relation_wk=0.000000e+00, personal_u=5.912304e-20, personal_v=6.856200e-20, personal_alpha_bias=0.000000e+00, personal_gate_emb=0.000000e+00, personal_gate_state_proj=0.000000e+00, personal_gate_context_proj=0.000000e+00, personal_gate_state_direct=2.973585e-05, personal_gate_id_direct=0.000000e+00, personal_gate_context_direct=5.929688e-08, personal_gate_out=0.000000e+00, personal_generator_emb=0.000000e+00, personal_generator_context_proj=0.000000e+00, personal_generator_context_hidden=0.000000e+00, personal_generator_context_to_u=0.000000e+00, personal_generator_context_to_v=0.000000e+00, personal_generator_state_row=0.000000e+00, personal_generator_state_col=0.000000e+00, personal_generator_id_row=0.000000e+00, personal_generator_id_col=0.000000e+00, personal_generator_state_adapter=0.000000e+00, personal_generator_id_adapter=0.000000e+00, personal_generator_context_adapter=0.000000e+00, personal_generator_direct_scale=2.493704e-22
2026-04-20 18:42:59,890 - INFO - [assist_09|assist_09_abce_best_no_A|lr=0.0003|drop=0.20] -> New best AUC=0.7558 at epoch 24
2026-04-20 18:48:34,519 - INFO - [assist_09|assist_09_abce_best_no_A|lr=0.0003|drop=0.20] Epoch [025/100] | Train: Loss=0.4593, BCE=0.4572, Reg=0.0021, AUC=0.8405, ACC=0.7690, RMSE=0.3894 | Val: Loss=0.5589, BCE=0.5568, Reg=0.0021, AUC=0.7544, ACC=0.7250, RMSE=0.4303
2026-04-20 18:48:34,519 - INFO - [assist_09|assist_09_abce_best_no_A|lr=0.0003|drop=0.20] [Reg Terms] Epoch [025] | Train: graph_entropy=0.000000, graph_diag=0.000000, graph_uniform=0.000000, graph_reg_scale=1.0000, prediction_l2=0.000001, personal_sparse=0.000006, alpha_var=0.000000, alpha_collapse=0.000000, reg_bce_ratio=0.0046 | Val: graph_entropy=0.000000, graph_diag=0.000000, graph_uniform=0.000000, graph_reg_scale=1.0000, prediction_l2=0.000001, personal_sparse=0.000005, alpha_var=0.000000, alpha_collapse=0.000038, reg_bce_ratio=0.0038
2026-04-20 18:48:34,855 - INFO - [assist_09|assist_09_abce_best_no_A|lr=0.0003|drop=0.20] [Diag][AE] Epoch [025] | irt_abs_mean=1.7997, irt_std=1.1955, personal_warmup_scale=1.00, graph_row_entropy=0.0000, graph_entropy_ratio=0.0000, alpha_mean=0.1141, alpha_std=0.0531, alpha_base_mean=0.0964, alpha_delta_absmean=0.0356, alpha_saturation_ratio=0.0000, alpha_bias_std=NA, alpha_state_path=0.8540, alpha_id_path=0.0000, alpha_bias_path=0.0000, head_bias_path=0.6557, personal_row_entropy=0.0226, personal_matrix_delta=0.0865, personal_matrix_student_std=0.1454, personal_delta_pre_softmax_norm=1.7749, personal_delta_student_std=0.6624, alpha_head_std=0.0530, query_row_global_readout_delta=0.0000, query_row_personal_message_delta=0.0015, query_row_posterior_delta_abs=0.0865, query_row_posterior_kl=0.0582, query_row_delta_local_rms_raw=0.0398, query_row_message_projection_gain=0.4602, personal_to_graph_query_ratio=0.0000, query_row_global_support_mass=0.0000, query_row_personal_support_mass=0.0000, neighbor_row_personal_delta=0.0000, personal_row_budget_mean=1.0000, personal_query_row_std=0.9653, readout_query_support_mass=0.0000, personal_student_mix=0.0500, personal_student_adapter=0.0400, local_row_ratio=0.0098, support_density=0.1840, readout_query_delta=0.0015, personal_bad_rows_active=0.00, personal_fallback_rows_active=0.00, personal_bad_row_rate_active=0.0000, personal_padded_rows=460.00, personal_logits_support_absmax=4.1335, personal_query_trust_scale_mean=0.9632, personal_bad_rows_legacy=460.00, personal_fallback_rows_legacy=460.00, personal_logits_absmax_legacy=30.0000
2026-04-20 18:48:34,855 - INFO - [assist_09|assist_09_abce_best_no_A|lr=0.0003|drop=0.20] [Diag][A] Epoch [025] | entropy_ratio=0.0000, diag_mass=1.0000, to_uniform_l2=0.089800, to_identity_l2=0.000000, relation_identity_delta=0.000000, knowledge_state_graph_delta=0.000000, knowledge_state_personal_delta=0.000000, share_concept_embeddings=True, tau_mean=0.0000, tau_std=0.0000, graph_reg_scale(train/val)=1.0000/1.0000
2026-04-20 18:48:34,855 - INFO - [assist_09|assist_09_abce_best_no_A|lr=0.0003|drop=0.20] [Grad Norms] Epoch [025] | relation_emb=0.000000e+00, relation_tau=0.000000e+00, relation_wq=0.000000e+00, relation_wk=0.000000e+00, personal_u=5.205738e-21, personal_v=6.716234e-21, personal_alpha_bias=0.000000e+00, personal_gate_emb=0.000000e+00, personal_gate_state_proj=0.000000e+00, personal_gate_context_proj=0.000000e+00, personal_gate_state_direct=2.478302e-05, personal_gate_id_direct=0.000000e+00, personal_gate_context_direct=7.561312e-08, personal_gate_out=0.000000e+00, personal_generator_emb=0.000000e+00, personal_generator_context_proj=0.000000e+00, personal_generator_context_hidden=0.000000e+00, personal_generator_context_to_u=0.000000e+00, personal_generator_context_to_v=0.000000e+00, personal_generator_state_row=0.000000e+00, personal_generator_state_col=0.000000e+00, personal_generator_id_row=0.000000e+00, personal_generator_id_col=0.000000e+00, personal_generator_state_adapter=0.000000e+00, personal_generator_id_adapter=0.000000e+00, personal_generator_context_adapter=0.000000e+00, personal_generator_direct_scale=3.546043e-21
2026-04-20 18:48:34,855 - INFO - [assist_09|assist_09_abce_best_no_A|lr=0.0003|drop=0.20] -> No improvement 1 epoch(s) (best AUC=0.7558 @ 24)
2026-04-20 18:54:09,265 - INFO - [assist_09|assist_09_abce_best_no_A|lr=0.0003|drop=0.20] Epoch [026/100] | Train: Loss=0.4580, BCE=0.4559, Reg=0.0021, AUC=0.8414, ACC=0.7691, RMSE=0.3889 | Val: Loss=0.5588, BCE=0.5567, Reg=0.0021, AUC=0.7562, ACC=0.7270, RMSE=0.4295
2026-04-20 18:54:09,266 - INFO - [assist_09|assist_09_abce_best_no_A|lr=0.0003|drop=0.20] [Reg Terms] Epoch [026] | Train: graph_entropy=0.000000, graph_diag=0.000000, graph_uniform=0.000000, graph_reg_scale=1.0000, prediction_l2=0.000001, personal_sparse=0.000006, alpha_var=0.000000, alpha_collapse=0.000000, reg_bce_ratio=0.0046 | Val: graph_entropy=0.000000, graph_diag=0.000000, graph_uniform=0.000000, graph_reg_scale=1.0000, prediction_l2=0.000001, personal_sparse=0.000005, alpha_var=0.000000, alpha_collapse=0.000038, reg_bce_ratio=0.0038
2026-04-20 18:54:09,584 - INFO - [assist_09|assist_09_abce_best_no_A|lr=0.0003|drop=0.20] [Diag][AE] Epoch [026] | irt_abs_mean=1.9179, irt_std=1.2632, personal_warmup_scale=1.00, graph_row_entropy=0.0000, graph_entropy_ratio=0.0000, alpha_mean=0.1146, alpha_std=0.0529, alpha_base_mean=0.0974, alpha_delta_absmean=0.0354, alpha_saturation_ratio=0.0000, alpha_bias_std=NA, alpha_state_path=0.8470, alpha_id_path=0.0000, alpha_bias_path=0.0000, head_bias_path=0.6397, personal_row_entropy=0.0182, personal_matrix_delta=0.0871, personal_matrix_student_std=0.1531, personal_delta_pre_softmax_norm=1.7736, personal_delta_student_std=0.6608, alpha_head_std=0.0529, query_row_global_readout_delta=0.0000, query_row_personal_message_delta=0.0014, query_row_posterior_delta_abs=0.0871, query_row_posterior_kl=0.0587, query_row_delta_local_rms_raw=0.0298, query_row_message_projection_gain=0.3420, personal_to_graph_query_ratio=0.0000, query_row_global_support_mass=0.0000, query_row_personal_support_mass=0.0000, neighbor_row_personal_delta=0.0000, personal_row_budget_mean=1.0000, personal_query_row_std=0.9635, readout_query_support_mass=0.0000, personal_student_mix=0.0500, personal_student_adapter=0.0400, local_row_ratio=0.0098, support_density=0.1840, readout_query_delta=0.0014, personal_bad_rows_active=0.00, personal_fallback_rows_active=0.00, personal_bad_row_rate_active=0.0000, personal_padded_rows=460.00, personal_logits_support_absmax=3.8627, personal_query_trust_scale_mean=0.9626, personal_bad_rows_legacy=460.00, personal_fallback_rows_legacy=460.00, personal_logits_absmax_legacy=30.0000
2026-04-20 18:54:09,584 - INFO - [assist_09|assist_09_abce_best_no_A|lr=0.0003|drop=0.20] [Diag][A] Epoch [026] | entropy_ratio=0.0000, diag_mass=1.0000, to_uniform_l2=0.089800, to_identity_l2=0.000000, relation_identity_delta=0.000000, knowledge_state_graph_delta=0.000000, knowledge_state_personal_delta=0.000000, share_concept_embeddings=True, tau_mean=0.0000, tau_std=0.0000, graph_reg_scale(train/val)=1.0000/1.0000
2026-04-20 18:54:09,584 - INFO - [assist_09|assist_09_abce_best_no_A|lr=0.0003|drop=0.20] [Grad Norms] Epoch [026] | relation_emb=0.000000e+00, relation_tau=0.000000e+00, relation_wq=0.000000e+00, relation_wk=0.000000e+00, personal_u=2.535669e-04, personal_v=4.609378e-04, personal_alpha_bias=0.000000e+00, personal_gate_emb=0.000000e+00, personal_gate_state_proj=0.000000e+00, personal_gate_context_proj=0.000000e+00, personal_gate_state_direct=1.418445e-04, personal_gate_id_direct=0.000000e+00, personal_gate_context_direct=3.191903e-07, personal_gate_out=0.000000e+00, personal_generator_emb=0.000000e+00, personal_generator_context_proj=0.000000e+00, personal_generator_context_hidden=0.000000e+00, personal_generator_context_to_u=0.000000e+00, personal_generator_context_to_v=0.000000e+00, personal_generator_state_row=0.000000e+00, personal_generator_state_col=0.000000e+00, personal_generator_id_row=0.000000e+00, personal_generator_id_col=0.000000e+00, personal_generator_state_adapter=0.000000e+00, personal_generator_id_adapter=0.000000e+00, personal_generator_context_adapter=0.000000e+00, personal_generator_direct_scale=1.439590e-07
2026-04-20 18:54:09,908 - INFO - [assist_09|assist_09_abce_best_no_A|lr=0.0003|drop=0.20] -> New best AUC=0.7562 at epoch 26
2026-04-20 18:59:45,756 - INFO - [assist_09|assist_09_abce_best_no_A|lr=0.0003|drop=0.20] Epoch [027/100] | Train: Loss=0.4566, BCE=0.4545, Reg=0.0021, AUC=0.8426, ACC=0.7699, RMSE=0.3883 | Val: Loss=0.5588, BCE=0.5567, Reg=0.0021, AUC=0.7554, ACC=0.7283, RMSE=0.4294
2026-04-20 18:59:45,757 - INFO - [assist_09|assist_09_abce_best_no_A|lr=0.0003|drop=0.20] [Reg Terms] Epoch [027] | Train: graph_entropy=0.000000, graph_diag=0.000000, graph_uniform=0.000000, graph_reg_scale=1.0000, prediction_l2=0.000001, personal_sparse=0.000006, alpha_var=0.000000, alpha_collapse=0.000000, reg_bce_ratio=0.0046 | Val: graph_entropy=0.000000, graph_diag=0.000000, graph_uniform=0.000000, graph_reg_scale=1.0000, prediction_l2=0.000001, personal_sparse=0.000005, alpha_var=0.000000, alpha_collapse=0.000039, reg_bce_ratio=0.0038
2026-04-20 18:59:46,089 - INFO - [assist_09|assist_09_abce_best_no_A|lr=0.0003|drop=0.20] [Diag][AE] Epoch [027] | irt_abs_mean=1.8882, irt_std=1.2465, personal_warmup_scale=1.00, graph_row_entropy=0.0000, graph_entropy_ratio=0.0000, alpha_mean=0.1151, alpha_std=0.0519, alpha_base_mean=0.0984, alpha_delta_absmean=0.0346, alpha_saturation_ratio=0.0000, alpha_bias_std=NA, alpha_state_path=0.8233, alpha_id_path=0.0000, alpha_bias_path=0.0000, head_bias_path=0.6233, personal_row_entropy=0.0199, personal_matrix_delta=0.0869, personal_matrix_student_std=0.1481, personal_delta_pre_softmax_norm=1.7736, personal_delta_student_std=0.6559, alpha_head_std=0.0519, query_row_global_readout_delta=0.0000, query_row_personal_message_delta=0.0014, query_row_posterior_delta_abs=0.0869, query_row_posterior_kl=0.0585, query_row_delta_local_rms_raw=0.0428, query_row_message_projection_gain=0.4927, personal_to_graph_query_ratio=0.0000, query_row_global_support_mass=0.0000, query_row_personal_support_mass=0.0000, neighbor_row_personal_delta=0.0000, personal_row_budget_mean=1.0000, personal_query_row_std=0.9635, readout_query_support_mass=0.0000, personal_student_mix=0.0500, personal_student_adapter=0.0400, local_row_ratio=0.0098, support_density=0.1840, readout_query_delta=0.0014, personal_bad_rows_active=0.00, personal_fallback_rows_active=0.00, personal_bad_row_rate_active=0.0000, personal_padded_rows=460.00, personal_logits_support_absmax=4.1298, personal_query_trust_scale_mean=0.9579, personal_bad_rows_legacy=460.00, personal_fallback_rows_legacy=460.00, personal_logits_absmax_legacy=30.0000
2026-04-20 18:59:46,089 - INFO - [assist_09|assist_09_abce_best_no_A|lr=0.0003|drop=0.20] [Diag][A] Epoch [027] | entropy_ratio=0.0000, diag_mass=1.0000, to_uniform_l2=0.089800, to_identity_l2=0.000000, relation_identity_delta=0.000000, knowledge_state_graph_delta=0.000000, knowledge_state_personal_delta=0.000000, share_concept_embeddings=True, tau_mean=0.0000, tau_std=0.0000, graph_reg_scale(train/val)=1.0000/1.0000
2026-04-20 18:59:46,089 - INFO - [assist_09|assist_09_abce_best_no_A|lr=0.0003|drop=0.20] [Grad Norms] Epoch [027] | relation_emb=0.000000e+00, relation_tau=0.000000e+00, relation_wq=0.000000e+00, relation_wk=0.000000e+00, personal_u=7.774787e-07, personal_v=4.084642e-06, personal_alpha_bias=0.000000e+00, personal_gate_emb=0.000000e+00, personal_gate_state_proj=0.000000e+00, personal_gate_context_proj=0.000000e+00, personal_gate_state_direct=7.665743e-05, personal_gate_id_direct=0.000000e+00, personal_gate_context_direct=2.135472e-07, personal_gate_out=0.000000e+00, personal_generator_emb=0.000000e+00, personal_generator_context_proj=0.000000e+00, personal_generator_context_hidden=0.000000e+00, personal_generator_context_to_u=0.000000e+00, personal_generator_context_to_v=0.000000e+00, personal_generator_state_row=0.000000e+00, personal_generator_state_col=0.000000e+00, personal_generator_id_row=0.000000e+00, personal_generator_id_col=0.000000e+00, personal_generator_state_adapter=0.000000e+00, personal_generator_id_adapter=0.000000e+00, personal_generator_context_adapter=0.000000e+00, personal_generator_direct_scale=4.082153e-10
2026-04-20 18:59:46,089 - INFO - [assist_09|assist_09_abce_best_no_A|lr=0.0003|drop=0.20] -> No improvement 1 epoch(s) (best AUC=0.7562 @ 26)
2026-04-20 19:05:22,090 - INFO - [assist_09|assist_09_abce_best_no_A|lr=0.0003|drop=0.20] Epoch [028/100] | Train: Loss=0.4549, BCE=0.4528, Reg=0.0021, AUC=0.8437, ACC=0.7710, RMSE=0.3876 | Val: Loss=0.5577, BCE=0.5556, Reg=0.0021, AUC=0.7554, ACC=0.7271, RMSE=0.4295
2026-04-20 19:05:22,090 - INFO - [assist_09|assist_09_abce_best_no_A|lr=0.0003|drop=0.20] [Reg Terms] Epoch [028] | Train: graph_entropy=0.000000, graph_diag=0.000000, graph_uniform=0.000000, graph_reg_scale=1.0000, prediction_l2=0.000001, personal_sparse=0.000006, alpha_var=0.000000, alpha_collapse=0.000000, reg_bce_ratio=0.0047 | Val: graph_entropy=0.000000, graph_diag=0.000000, graph_uniform=0.000000, graph_reg_scale=1.0000, prediction_l2=0.000001, personal_sparse=0.000005, alpha_var=0.000000, alpha_collapse=0.000038, reg_bce_ratio=0.0038
2026-04-20 19:05:22,394 - INFO - [assist_09|assist_09_abce_best_no_A|lr=0.0003|drop=0.20] [Diag][AE] Epoch [028] | irt_abs_mean=1.8335, irt_std=1.2164, personal_warmup_scale=1.00, graph_row_entropy=0.0000, graph_entropy_ratio=0.0000, alpha_mean=0.1156, alpha_std=0.0563, alpha_base_mean=0.0994, alpha_delta_absmean=0.0388, alpha_saturation_ratio=0.0000, alpha_bias_std=NA, alpha_state_path=0.9331, alpha_id_path=0.0000, alpha_bias_path=0.0000, head_bias_path=0.6086, personal_row_entropy=0.0241, personal_matrix_delta=0.0865, personal_matrix_student_std=0.1428, personal_delta_pre_softmax_norm=1.7728, personal_delta_student_std=0.6456, alpha_head_std=0.0563, query_row_global_readout_delta=0.0000, query_row_personal_message_delta=0.0015, query_row_posterior_delta_abs=0.0865, query_row_posterior_kl=0.0580, query_row_delta_local_rms_raw=0.0512, query_row_message_projection_gain=0.5921, personal_to_graph_query_ratio=0.0000, query_row_global_support_mass=0.0000, query_row_personal_support_mass=0.0000, neighbor_row_personal_delta=0.0000, personal_row_budget_mean=1.0000, personal_query_row_std=0.9627, readout_query_support_mass=0.0000, personal_student_mix=0.0499, personal_student_adapter=0.0400, local_row_ratio=0.0098, support_density=0.1840, readout_query_delta=0.0015, personal_bad_rows_active=0.00, personal_fallback_rows_active=0.00, personal_bad_row_rate_active=0.0000, personal_padded_rows=460.00, personal_logits_support_absmax=4.1034, personal_query_trust_scale_mean=0.9504, personal_bad_rows_legacy=460.00, personal_fallback_rows_legacy=460.00, personal_logits_absmax_legacy=30.0000
2026-04-20 19:05:22,394 - INFO - [assist_09|assist_09_abce_best_no_A|lr=0.0003|drop=0.20] [Diag][A] Epoch [028] | entropy_ratio=0.0000, diag_mass=1.0000, to_uniform_l2=0.089800, to_identity_l2=0.000000, relation_identity_delta=0.000000, knowledge_state_graph_delta=0.000000, knowledge_state_personal_delta=0.000000, share_concept_embeddings=True, tau_mean=0.0000, tau_std=0.0000, graph_reg_scale(train/val)=1.0000/1.0000
2026-04-20 19:05:22,395 - INFO - [assist_09|assist_09_abce_best_no_A|lr=0.0003|drop=0.20] [Grad Norms] Epoch [028] | relation_emb=0.000000e+00, relation_tau=0.000000e+00, relation_wq=0.000000e+00, relation_wk=0.000000e+00, personal_u=1.588458e-19, personal_v=3.636061e-19, personal_alpha_bias=0.000000e+00, personal_gate_emb=0.000000e+00, personal_gate_state_proj=0.000000e+00, personal_gate_context_proj=0.000000e+00, personal_gate_state_direct=6.812548e-04, personal_gate_id_direct=0.000000e+00, personal_gate_context_direct=1.397649e-06, personal_gate_out=0.000000e+00, personal_generator_emb=0.000000e+00, personal_generator_context_proj=0.000000e+00, personal_generator_context_hidden=0.000000e+00, personal_generator_context_to_u=0.000000e+00, personal_generator_context_to_v=0.000000e+00, personal_generator_state_row=0.000000e+00, personal_generator_state_col=0.000000e+00, personal_generator_id_row=0.000000e+00, personal_generator_id_col=0.000000e+00, personal_generator_state_adapter=0.000000e+00, personal_generator_id_adapter=0.000000e+00, personal_generator_context_adapter=0.000000e+00, personal_generator_direct_scale=1.525890e-21
2026-04-20 19:05:22,395 - INFO - [assist_09|assist_09_abce_best_no_A|lr=0.0003|drop=0.20] -> No improvement 2 epoch(s) (best AUC=0.7562 @ 26)
2026-04-20 19:10:05,974 - INFO - [assist_09|assist_09_abce_best_no_A|lr=0.0003|drop=0.20] Epoch [029/100] | Train: Loss=0.4543, BCE=0.4522, Reg=0.0021, AUC=0.8443, ACC=0.7703, RMSE=0.3873 | Val: Loss=0.5604, BCE=0.5583, Reg=0.0021, AUC=0.7565, ACC=0.7273, RMSE=0.4296
2026-04-20 19:10:05,974 - INFO - [assist_09|assist_09_abce_best_no_A|lr=0.0003|drop=0.20] [Reg Terms] Epoch [029] | Train: graph_entropy=0.000000, graph_diag=0.000000, graph_uniform=0.000000, graph_reg_scale=1.0000, prediction_l2=0.000001, personal_sparse=0.000006, alpha_var=0.000000, alpha_collapse=0.000000, reg_bce_ratio=0.0047 | Val: graph_entropy=0.000000, graph_diag=0.000000, graph_uniform=0.000000, graph_reg_scale=1.0000, prediction_l2=0.000001, personal_sparse=0.000006, alpha_var=0.000000, alpha_collapse=0.000038, reg_bce_ratio=0.0038
2026-04-20 19:10:06,251 - INFO - [assist_09|assist_09_abce_best_no_A|lr=0.0003|drop=0.20] [Diag][AE] Epoch [029] | irt_abs_mean=1.8947, irt_std=1.2910, personal_warmup_scale=1.00, graph_row_entropy=0.0000, graph_entropy_ratio=0.0000, alpha_mean=0.1142, alpha_std=0.0550, alpha_base_mean=0.1002, alpha_delta_absmean=0.0374, alpha_saturation_ratio=0.0000, alpha_bias_std=NA, alpha_state_path=0.8887, alpha_id_path=0.0000, alpha_bias_path=0.0000, head_bias_path=0.5952, personal_row_entropy=0.0341, personal_matrix_delta=0.0849, personal_matrix_student_std=0.1471, personal_delta_pre_softmax_norm=1.7755, personal_delta_student_std=0.6542, alpha_head_std=0.0549, query_row_global_readout_delta=0.0000, query_row_personal_message_delta=0.0015, query_row_posterior_delta_abs=0.0849, query_row_posterior_kl=0.0566, query_row_delta_local_rms_raw=0.0247, query_row_message_projection_gain=0.2914, personal_to_graph_query_ratio=0.0000, query_row_global_support_mass=0.0000, query_row_personal_support_mass=0.0000, neighbor_row_personal_delta=0.0000, personal_row_budget_mean=1.0000, personal_query_row_std=0.9658, readout_query_support_mass=0.0000, personal_student_mix=0.0500, personal_student_adapter=0.0400, local_row_ratio=0.0098, support_density=0.1840, readout_query_delta=0.0015, personal_bad_rows_active=0.00, personal_fallback_rows_active=0.00, personal_bad_row_rate_active=0.0000, personal_padded_rows=460.00, personal_logits_support_absmax=4.1331, personal_query_trust_scale_mean=0.9682, personal_bad_rows_legacy=460.00, personal_fallback_rows_legacy=460.00, personal_logits_absmax_legacy=30.0000
2026-04-20 19:10:06,251 - INFO - [assist_09|assist_09_abce_best_no_A|lr=0.0003|drop=0.20] [Diag][A] Epoch [029] | entropy_ratio=0.0000, diag_mass=1.0000, to_uniform_l2=0.089800, to_identity_l2=0.000000, relation_identity_delta=0.000000, knowledge_state_graph_delta=0.000000, knowledge_state_personal_delta=0.000000, share_concept_embeddings=True, tau_mean=0.0000, tau_std=0.0000, graph_reg_scale(train/val)=1.0000/1.0000
2026-04-20 19:10:06,251 - INFO - [assist_09|assist_09_abce_best_no_A|lr=0.0003|drop=0.20] [Grad Norms] Epoch [029] | relation_emb=0.000000e+00, relation_tau=0.000000e+00, relation_wq=0.000000e+00, relation_wk=0.000000e+00, personal_u=2.736212e-19, personal_v=2.059464e-19, personal_alpha_bias=0.000000e+00, personal_gate_emb=0.000000e+00, personal_gate_state_proj=0.000000e+00, personal_gate_context_proj=0.000000e+00, personal_gate_state_direct=4.357445e-04, personal_gate_id_direct=0.000000e+00, personal_gate_context_direct=3.206774e-06, personal_gate_out=0.000000e+00, personal_generator_emb=0.000000e+00, personal_generator_context_proj=0.000000e+00, personal_generator_context_hidden=0.000000e+00, personal_generator_context_to_u=0.000000e+00, personal_generator_context_to_v=0.000000e+00, personal_generator_state_row=0.000000e+00, personal_generator_state_col=0.000000e+00, personal_generator_id_row=0.000000e+00, personal_generator_id_col=0.000000e+00, personal_generator_state_adapter=0.000000e+00, personal_generator_id_adapter=0.000000e+00, personal_generator_context_adapter=0.000000e+00, personal_generator_direct_scale=9.219961e-21
2026-04-20 19:10:06,645 - INFO - [assist_09|assist_09_abce_best_no_A|lr=0.0003|drop=0.20] -> New best AUC=0.7565 at epoch 29
2026-04-20 19:14:28,361 - INFO - [assist_09|assist_09_abce_best_no_A|lr=0.0003|drop=0.20] Epoch [030/100] | Train: Loss=0.4529, BCE=0.4508, Reg=0.0021, AUC=0.8452, ACC=0.7719, RMSE=0.3867 | Val: Loss=0.5602, BCE=0.5580, Reg=0.0021, AUC=0.7559, ACC=0.7282, RMSE=0.4294
2026-04-20 19:14:28,361 - INFO - [assist_09|assist_09_abce_best_no_A|lr=0.0003|drop=0.20] [Reg Terms] Epoch [030] | Train: graph_entropy=0.000000, graph_diag=0.000000, graph_uniform=0.000000, graph_reg_scale=1.0000, prediction_l2=0.000001, personal_sparse=0.000006, alpha_var=0.000000, alpha_collapse=0.000000, reg_bce_ratio=0.0047 | Val: graph_entropy=0.000000, graph_diag=0.000000, graph_uniform=0.000000, graph_reg_scale=1.0000, prediction_l2=0.000001, personal_sparse=0.000005, alpha_var=0.000000, alpha_collapse=0.000046, reg_bce_ratio=0.0038
2026-04-20 19:14:28,645 - INFO - [assist_09|assist_09_abce_best_no_A|lr=0.0003|drop=0.20] [Diag][AE] Epoch [030] | irt_abs_mean=1.9633, irt_std=1.3034, personal_warmup_scale=1.00, graph_row_entropy=0.0000, graph_entropy_ratio=0.0000, alpha_mean=0.1136, alpha_std=0.0511, alpha_base_mean=0.1010, alpha_delta_absmean=0.0336, alpha_saturation_ratio=0.0000, alpha_bias_std=NA, alpha_state_path=0.7874, alpha_id_path=0.0000, alpha_bias_path=0.0000, head_bias_path=0.5826, personal_row_entropy=0.0293, personal_matrix_delta=0.0855, personal_matrix_student_std=0.1611, personal_delta_pre_softmax_norm=1.7780, personal_delta_student_std=0.6573, alpha_head_std=0.0509, query_row_global_readout_delta=0.0000, query_row_personal_message_delta=0.0013, query_row_posterior_delta_abs=0.0855, query_row_posterior_kl=0.0573, query_row_delta_local_rms_raw=0.0202, query_row_message_projection_gain=0.2366, personal_to_graph_query_ratio=0.0000, query_row_global_support_mass=0.0000, query_row_personal_support_mass=0.0000, neighbor_row_personal_delta=0.0000, personal_row_budget_mean=1.0000, personal_query_row_std=0.9686, readout_query_support_mass=0.0000, personal_student_mix=0.0499, personal_student_adapter=0.0400, local_row_ratio=0.0098, support_density=0.1840, readout_query_delta=0.0013, personal_bad_rows_active=0.00, personal_fallback_rows_active=0.00, personal_bad_row_rate_active=0.0000, personal_padded_rows=460.00, personal_logits_support_absmax=4.1416, personal_query_trust_scale_mean=0.9852, personal_bad_rows_legacy=460.00, personal_fallback_rows_legacy=460.00, personal_logits_absmax_legacy=30.0000
2026-04-20 19:14:28,645 - INFO - [assist_09|assist_09_abce_best_no_A|lr=0.0003|drop=0.20] [Diag][A] Epoch [030] | entropy_ratio=0.0000, diag_mass=1.0000, to_uniform_l2=0.089800, to_identity_l2=0.000000, relation_identity_delta=0.000000, knowledge_state_graph_delta=0.000000, knowledge_state_personal_delta=0.000000, share_concept_embeddings=True, tau_mean=0.0000, tau_std=0.0000, graph_reg_scale(train/val)=1.0000/1.0000
2026-04-20 19:14:28,645 - INFO - [assist_09|assist_09_abce_best_no_A|lr=0.0003|drop=0.20] [Grad Norms] Epoch [030] | relation_emb=0.000000e+00, relation_tau=0.000000e+00, relation_wq=0.000000e+00, relation_wk=0.000000e+00, personal_u=3.054589e-05, personal_v=1.232912e-04, personal_alpha_bias=0.000000e+00, personal_gate_emb=0.000000e+00, personal_gate_state_proj=0.000000e+00, personal_gate_context_proj=0.000000e+00, personal_gate_state_direct=1.179294e-04, personal_gate_id_direct=0.000000e+00, personal_gate_context_direct=1.292156e-06, personal_gate_out=0.000000e+00, personal_generator_emb=0.000000e+00, personal_generator_context_proj=0.000000e+00, personal_generator_context_hidden=0.000000e+00, personal_generator_context_to_u=0.000000e+00, personal_generator_context_to_v=0.000000e+00, personal_generator_state_row=0.000000e+00, personal_generator_state_col=0.000000e+00, personal_generator_id_row=0.000000e+00, personal_generator_id_col=0.000000e+00, personal_generator_state_adapter=0.000000e+00, personal_generator_id_adapter=0.000000e+00, personal_generator_context_adapter=0.000000e+00, personal_generator_direct_scale=1.281764e-08
2026-04-20 19:14:28,645 - INFO - [assist_09|assist_09_abce_best_no_A|lr=0.0003|drop=0.20] -> No improvement 1 epoch(s) (best AUC=0.7565 @ 29)
2026-04-20 19:14:28,686 - INFO - [assist_09|assist_09_abce_best_no_A|lr=0.0003|drop=0.20] Checkpoint saved: checkpoints/abce_diag/remote_struct_v2_20260419_86dfed4/assist_09/seed42/best_no_A/checkpoint_epoch_30.pth
2026-04-20 19:14:29,218 - INFO - [assist_09|assist_09_abce_best_no_A|lr=0.0003|drop=0.20] [Module Activity] Epoch 30: Personal[WEAK]
2026-04-20 19:18:51,994 - INFO - [assist_09|assist_09_abce_best_no_A|lr=0.0003|drop=0.20] Epoch [031/100] | Train: Loss=0.4515, BCE=0.4494, Reg=0.0021, AUC=0.8463, ACC=0.7727, RMSE=0.3861 | Val: Loss=0.5582, BCE=0.5561, Reg=0.0021, AUC=0.7561, ACC=0.7273, RMSE=0.4294
2026-04-20 19:18:51,995 - INFO - [assist_09|assist_09_abce_best_no_A|lr=0.0003|drop=0.20] [Reg Terms] Epoch [031] | Train: graph_entropy=0.000000, graph_diag=0.000000, graph_uniform=0.000000, graph_reg_scale=1.0000, prediction_l2=0.000001, personal_sparse=0.000006, alpha_var=0.000000, alpha_collapse=0.000000, reg_bce_ratio=0.0047 | Val: graph_entropy=0.000000, graph_diag=0.000000, graph_uniform=0.000000, graph_reg_scale=1.0000, prediction_l2=0.000001, personal_sparse=0.000006, alpha_var=0.000000, alpha_collapse=0.000059, reg_bce_ratio=0.0039
2026-04-20 19:18:52,283 - INFO - [assist_09|assist_09_abce_best_no_A|lr=0.0003|drop=0.20] [Diag][AE] Epoch [031] | irt_abs_mean=1.8863, irt_std=1.2751, personal_warmup_scale=1.00, graph_row_entropy=0.0000, graph_entropy_ratio=0.0000, alpha_mean=0.1140, alpha_std=0.0533, alpha_base_mean=0.1017, alpha_delta_absmean=0.0358, alpha_saturation_ratio=0.0000, alpha_bias_std=NA, alpha_state_path=0.8424, alpha_id_path=0.0000, alpha_bias_path=0.0000, head_bias_path=0.5712, personal_row_entropy=0.0265, personal_matrix_delta=0.0858, personal_matrix_student_std=0.1559, personal_delta_pre_softmax_norm=1.7789, personal_delta_student_std=0.6613, alpha_head_std=0.0532, query_row_global_readout_delta=0.0000, query_row_personal_message_delta=0.0013, query_row_posterior_delta_abs=0.0858, query_row_posterior_kl=0.0576, query_row_delta_local_rms_raw=0.0300, query_row_message_projection_gain=0.3501, personal_to_graph_query_ratio=0.0000, query_row_global_support_mass=0.0000, query_row_personal_support_mass=0.0000, neighbor_row_personal_delta=0.0000, personal_row_budget_mean=1.0000, personal_query_row_std=0.9693, readout_query_support_mass=0.0000, personal_student_mix=0.0500, personal_student_adapter=0.0400, local_row_ratio=0.0098, support_density=0.1840, readout_query_delta=0.0013, personal_bad_rows_active=0.00, personal_fallback_rows_active=0.00, personal_bad_row_rate_active=0.0000, personal_padded_rows=460.00, personal_logits_support_absmax=4.1419, personal_query_trust_scale_mean=0.9737, personal_bad_rows_legacy=460.00, personal_fallback_rows_legacy=460.00, personal_logits_absmax_legacy=30.0000
2026-04-20 19:18:52,283 - INFO - [assist_09|assist_09_abce_best_no_A|lr=0.0003|drop=0.20] [Diag][A] Epoch [031] | entropy_ratio=0.0000, diag_mass=1.0000, to_uniform_l2=0.089800, to_identity_l2=0.000000, relation_identity_delta=0.000000, knowledge_state_graph_delta=0.000000, knowledge_state_personal_delta=0.000000, share_concept_embeddings=True, tau_mean=0.0000, tau_std=0.0000, graph_reg_scale(train/val)=1.0000/1.0000
2026-04-20 19:18:52,283 - INFO - [assist_09|assist_09_abce_best_no_A|lr=0.0003|drop=0.20] [Grad Norms] Epoch [031] | relation_emb=0.000000e+00, relation_tau=0.000000e+00, relation_wq=0.000000e+00, relation_wk=0.000000e+00, personal_u=6.624331e-04, personal_v=5.266099e-04, personal_alpha_bias=0.000000e+00, personal_gate_emb=0.000000e+00, personal_gate_state_proj=0.000000e+00, personal_gate_context_proj=0.000000e+00, personal_gate_state_direct=3.908565e-06, personal_gate_id_direct=0.000000e+00, personal_gate_context_direct=3.318885e-08, personal_gate_out=0.000000e+00, personal_generator_emb=0.000000e+00, personal_generator_context_proj=0.000000e+00, personal_generator_context_hidden=0.000000e+00, personal_generator_context_to_u=0.000000e+00, personal_generator_context_to_v=0.000000e+00, personal_generator_state_row=0.000000e+00, personal_generator_state_col=0.000000e+00, personal_generator_id_row=0.000000e+00, personal_generator_id_col=0.000000e+00, personal_generator_state_adapter=0.000000e+00, personal_generator_id_adapter=0.000000e+00, personal_generator_context_adapter=0.000000e+00, personal_generator_direct_scale=1.179143e-08
2026-04-20 19:18:52,283 - INFO - [assist_09|assist_09_abce_best_no_A|lr=0.0003|drop=0.20] -> No improvement 2 epoch(s) (best AUC=0.7565 @ 29)
2026-04-20 19:23:14,905 - INFO - [assist_09|assist_09_abce_best_no_A|lr=0.0003|drop=0.20] Epoch [032/100] | Train: Loss=0.4504, BCE=0.4483, Reg=0.0021, AUC=0.8473, ACC=0.7731, RMSE=0.3855 | Val: Loss=0.5603, BCE=0.5582, Reg=0.0021, AUC=0.7570, ACC=0.7299, RMSE=0.4292
2026-04-20 19:23:14,906 - INFO - [assist_09|assist_09_abce_best_no_A|lr=0.0003|drop=0.20] [Reg Terms] Epoch [032] | Train: graph_entropy=0.000000, graph_diag=0.000000, graph_uniform=0.000000, graph_reg_scale=1.0000, prediction_l2=0.000001, personal_sparse=0.000006, alpha_var=0.000000, alpha_collapse=0.000000, reg_bce_ratio=0.0047 | Val: graph_entropy=0.000000, graph_diag=0.000000, graph_uniform=0.000000, graph_reg_scale=1.0000, prediction_l2=0.000001, personal_sparse=0.000006, alpha_var=0.000000, alpha_collapse=0.000040, reg_bce_ratio=0.0038
2026-04-20 19:23:15,203 - INFO - [assist_09|assist_09_abce_best_no_A|lr=0.0003|drop=0.20] [Diag][AE] Epoch [032] | irt_abs_mean=1.9713, irt_std=1.3259, personal_warmup_scale=1.00, graph_row_entropy=0.0000, graph_entropy_ratio=0.0000, alpha_mean=0.1147, alpha_std=0.0563, alpha_base_mean=0.1024, alpha_delta_absmean=0.0387, alpha_saturation_ratio=0.0000, alpha_bias_std=NA, alpha_state_path=0.9185, alpha_id_path=0.0000, alpha_bias_path=0.0000, head_bias_path=0.5613, personal_row_entropy=0.0299, personal_matrix_delta=0.0855, personal_matrix_student_std=0.1467, personal_delta_pre_softmax_norm=1.7752, personal_delta_student_std=0.6697, alpha_head_std=0.0562, query_row_global_readout_delta=0.0000, query_row_personal_message_delta=0.0016, query_row_posterior_delta_abs=0.0855, query_row_posterior_kl=0.0572, query_row_delta_local_rms_raw=0.0342, query_row_message_projection_gain=0.3997, personal_to_graph_query_ratio=0.0000, query_row_global_support_mass=0.0000, query_row_personal_support_mass=0.0000, neighbor_row_personal_delta=0.0000, personal_row_budget_mean=1.0000, personal_query_row_std=0.9659, readout_query_support_mass=0.0000, personal_student_mix=0.0498, personal_student_adapter=0.0400, local_row_ratio=0.0098, support_density=0.1840, readout_query_delta=0.0016, personal_bad_rows_active=0.00, personal_fallback_rows_active=0.00, personal_bad_row_rate_active=0.0000, personal_padded_rows=460.00, personal_logits_support_absmax=4.1386, personal_query_trust_scale_mean=0.9586, personal_bad_rows_legacy=460.00, personal_fallback_rows_legacy=460.00, personal_logits_absmax_legacy=30.0000
2026-04-20 19:23:15,203 - INFO - [assist_09|assist_09_abce_best_no_A|lr=0.0003|drop=0.20] [Diag][A] Epoch [032] | entropy_ratio=0.0000, diag_mass=1.0000, to_uniform_l2=0.089800, to_identity_l2=0.000000, relation_identity_delta=0.000000, knowledge_state_graph_delta=0.000000, knowledge_state_personal_delta=0.000000, share_concept_embeddings=True, tau_mean=0.0000, tau_std=0.0000, graph_reg_scale(train/val)=1.0000/1.0000
2026-04-20 19:23:15,203 - INFO - [assist_09|assist_09_abce_best_no_A|lr=0.0003|drop=0.20] [Grad Norms] Epoch [032] | relation_emb=0.000000e+00, relation_tau=0.000000e+00, relation_wq=0.000000e+00, relation_wk=0.000000e+00, personal_u=3.536100e-04, personal_v=5.921794e-04, personal_alpha_bias=0.000000e+00, personal_gate_emb=0.000000e+00, personal_gate_state_proj=0.000000e+00, personal_gate_context_proj=0.000000e+00, personal_gate_state_direct=1.405015e-04, personal_gate_id_direct=0.000000e+00, personal_gate_context_direct=3.240110e-07, personal_gate_out=0.000000e+00, personal_generator_emb=0.000000e+00, personal_generator_context_proj=0.000000e+00, personal_generator_context_hidden=0.000000e+00, personal_generator_context_to_u=0.000000e+00, personal_generator_context_to_v=0.000000e+00, personal_generator_state_row=0.000000e+00, personal_generator_state_col=0.000000e+00, personal_generator_id_row=0.000000e+00, personal_generator_id_col=0.000000e+00, personal_generator_state_adapter=0.000000e+00, personal_generator_id_adapter=0.000000e+00, personal_generator_context_adapter=0.000000e+00, personal_generator_direct_scale=4.656122e-09
2026-04-20 19:23:15,583 - INFO - [assist_09|assist_09_abce_best_no_A|lr=0.0003|drop=0.20] -> New best AUC=0.7570 at epoch 32
2026-04-20 19:27:38,626 - INFO - [assist_09|assist_09_abce_best_no_A|lr=0.0003|drop=0.20] Epoch [033/100] | Train: Loss=0.4497, BCE=0.4476, Reg=0.0021, AUC=0.8481, ACC=0.7743, RMSE=0.3852 | Val: Loss=0.5627, BCE=0.5606, Reg=0.0021, AUC=0.7567, ACC=0.7286, RMSE=0.4298
2026-04-20 19:27:38,626 - INFO - [assist_09|assist_09_abce_best_no_A|lr=0.0003|drop=0.20] [Reg Terms] Epoch [033] | Train: graph_entropy=0.000000, graph_diag=0.000000, graph_uniform=0.000000, graph_reg_scale=1.0000, prediction_l2=0.000001, personal_sparse=0.000006, alpha_var=0.000000, alpha_collapse=0.000000, reg_bce_ratio=0.0047 | Val: graph_entropy=0.000000, graph_diag=0.000000, graph_uniform=0.000000, graph_reg_scale=1.0000, prediction_l2=0.000001, personal_sparse=0.000006, alpha_var=0.000000, alpha_collapse=0.000040, reg_bce_ratio=0.0038
2026-04-20 19:27:38,933 - INFO - [assist_09|assist_09_abce_best_no_A|lr=0.0003|drop=0.20] [Diag][AE] Epoch [033] | irt_abs_mean=1.9895, irt_std=1.3683, personal_warmup_scale=1.00, graph_row_entropy=0.0000, graph_entropy_ratio=0.0000, alpha_mean=0.1143, alpha_std=0.0557, alpha_base_mean=0.1030, alpha_delta_absmean=0.0380, alpha_saturation_ratio=0.0000, alpha_bias_std=NA, alpha_state_path=0.8978, alpha_id_path=0.0000, alpha_bias_path=0.0000, head_bias_path=0.5505, personal_row_entropy=0.0345, personal_matrix_delta=0.0850, personal_matrix_student_std=0.1585, personal_delta_pre_softmax_norm=1.7752, personal_delta_student_std=0.6529, alpha_head_std=0.0555, query_row_global_readout_delta=0.0000, query_row_personal_message_delta=0.0015, query_row_posterior_delta_abs=0.0850, query_row_posterior_kl=0.0566, query_row_delta_local_rms_raw=0.0246, query_row_message_projection_gain=0.2892, personal_to_graph_query_ratio=0.0000, query_row_global_support_mass=0.0000, query_row_personal_support_mass=0.0000, neighbor_row_personal_delta=0.0000, personal_row_budget_mean=1.0000, personal_query_row_std=0.9655, readout_query_support_mass=0.0000, personal_student_mix=0.0499, personal_student_adapter=0.0400, local_row_ratio=0.0098, support_density=0.1840, readout_query_delta=0.0015, personal_bad_rows_active=0.00, personal_fallback_rows_active=0.00, personal_bad_row_rate_active=0.0000, personal_padded_rows=460.00, personal_logits_support_absmax=4.1418, personal_query_trust_scale_mean=0.9777, personal_bad_rows_legacy=460.00, personal_fallback_rows_legacy=460.00, personal_logits_absmax_legacy=30.0000
2026-04-20 19:27:38,934 - INFO - [assist_09|assist_09_abce_best_no_A|lr=0.0003|drop=0.20] [Diag][A] Epoch [033] | entropy_ratio=0.0000, diag_mass=1.0000, to_uniform_l2=0.089800, to_identity_l2=0.000000, relation_identity_delta=0.000000, knowledge_state_graph_delta=0.000000, knowledge_state_personal_delta=0.000000, share_concept_embeddings=True, tau_mean=0.0000, tau_std=0.0000, graph_reg_scale(train/val)=1.0000/1.0000
2026-04-20 19:27:38,934 - INFO - [assist_09|assist_09_abce_best_no_A|lr=0.0003|drop=0.20] [Grad Norms] Epoch [033] | relation_emb=0.000000e+00, relation_tau=0.000000e+00, relation_wq=0.000000e+00, relation_wk=0.000000e+00, personal_u=2.585325e-19, personal_v=1.124467e-19, personal_alpha_bias=0.000000e+00, personal_gate_emb=0.000000e+00, personal_gate_state_proj=0.000000e+00, personal_gate_context_proj=0.000000e+00, personal_gate_state_direct=1.820211e-04, personal_gate_id_direct=0.000000e+00, personal_gate_context_direct=2.278846e-06, personal_gate_out=0.000000e+00, personal_generator_emb=0.000000e+00, personal_generator_context_proj=0.000000e+00, personal_generator_context_hidden=0.000000e+00, personal_generator_context_to_u=0.000000e+00, personal_generator_context_to_v=0.000000e+00, personal_generator_state_row=0.000000e+00, personal_generator_state_col=0.000000e+00, personal_generator_id_row=0.000000e+00, personal_generator_id_col=0.000000e+00, personal_generator_state_adapter=0.000000e+00, personal_generator_id_adapter=0.000000e+00, personal_generator_context_adapter=0.000000e+00, personal_generator_direct_scale=3.531251e-20
2026-04-20 19:27:38,934 - INFO - [assist_09|assist_09_abce_best_no_A|lr=0.0003|drop=0.20] -> No improvement 1 epoch(s) (best AUC=0.7570 @ 32)
2026-04-20 19:32:00,610 - INFO - [assist_09|assist_09_abce_best_no_A|lr=0.0003|drop=0.20] Epoch [034/100] | Train: Loss=0.4481, BCE=0.4460, Reg=0.0021, AUC=0.8490, ACC=0.7753, RMSE=0.3845 | Val: Loss=0.5617, BCE=0.5595, Reg=0.0021, AUC=0.7571, ACC=0.7290, RMSE=0.4293
2026-04-20 19:32:00,611 - INFO - [assist_09|assist_09_abce_best_no_A|lr=0.0003|drop=0.20] [Reg Terms] Epoch [034] | Train: graph_entropy=0.000000, graph_diag=0.000000, graph_uniform=0.000000, graph_reg_scale=1.0000, prediction_l2=0.000001, personal_sparse=0.000006, alpha_var=0.000000, alpha_collapse=0.000000, reg_bce_ratio=0.0047 | Val: graph_entropy=0.000000, graph_diag=0.000000, graph_uniform=0.000000, graph_reg_scale=1.0000, prediction_l2=0.000001, personal_sparse=0.000006, alpha_var=0.000000, alpha_collapse=0.000057, reg_bce_ratio=0.0038
2026-04-20 19:32:00,905 - INFO - [assist_09|assist_09_abce_best_no_A|lr=0.0003|drop=0.20] [Diag][AE] Epoch [034] | irt_abs_mean=1.9619, irt_std=1.3688, personal_warmup_scale=1.00, graph_row_entropy=0.0000, graph_entropy_ratio=0.0000, alpha_mean=0.1134, alpha_std=0.0511, alpha_base_mean=0.1038, alpha_delta_absmean=0.0327, alpha_saturation_ratio=0.0000, alpha_bias_std=NA, alpha_state_path=0.7650, alpha_id_path=0.0000, alpha_bias_path=0.0000, head_bias_path=0.5380, personal_row_entropy=0.0312, personal_matrix_delta=0.0852, personal_matrix_student_std=0.1548, personal_delta_pre_softmax_norm=1.7753, personal_delta_student_std=0.6539, alpha_head_std=0.0503, query_row_global_readout_delta=0.0000, query_row_personal_message_delta=0.0014, query_row_posterior_delta_abs=0.0852, query_row_posterior_kl=0.0570, query_row_delta_local_rms_raw=0.0326, query_row_message_projection_gain=0.3827, personal_to_graph_query_ratio=0.0000, query_row_global_support_mass=0.0000, query_row_personal_support_mass=0.0000, neighbor_row_personal_delta=0.0000, personal_row_budget_mean=1.0000, personal_query_row_std=0.9657, readout_query_support_mass=0.0000, personal_student_mix=0.0500, personal_student_adapter=0.0400, local_row_ratio=0.0098, support_density=0.1840, readout_query_delta=0.0014, personal_bad_rows_active=0.00, personal_fallback_rows_active=0.00, personal_bad_row_rate_active=0.0000, personal_padded_rows=460.00, personal_logits_support_absmax=4.1391, personal_query_trust_scale_mean=0.9779, personal_bad_rows_legacy=460.00, personal_fallback_rows_legacy=460.00, personal_logits_absmax_legacy=30.0000
2026-04-20 19:32:00,905 - INFO - [assist_09|assist_09_abce_best_no_A|lr=0.0003|drop=0.20] [Diag][A] Epoch [034] | entropy_ratio=0.0000, diag_mass=1.0000, to_uniform_l2=0.089800, to_identity_l2=0.000000, relation_identity_delta=0.000000, knowledge_state_graph_delta=0.000000, knowledge_state_personal_delta=0.000000, share_concept_embeddings=True, tau_mean=0.0000, tau_std=0.0000, graph_reg_scale(train/val)=1.0000/1.0000
2026-04-20 19:32:00,905 - INFO - [assist_09|assist_09_abce_best_no_A|lr=0.0003|drop=0.20] [Grad Norms] Epoch [034] | relation_emb=0.000000e+00, relation_tau=0.000000e+00, relation_wq=0.000000e+00, relation_wk=0.000000e+00, personal_u=9.678284e-04, personal_v=1.778266e-03, personal_alpha_bias=0.000000e+00, personal_gate_emb=0.000000e+00, personal_gate_state_proj=0.000000e+00, personal_gate_context_proj=0.000000e+00, personal_gate_state_direct=3.457220e-05, personal_gate_id_direct=0.000000e+00, personal_gate_context_direct=4.142166e-07, personal_gate_out=0.000000e+00, personal_generator_emb=0.000000e+00, personal_generator_context_proj=0.000000e+00, personal_generator_context_hidden=0.000000e+00, personal_generator_context_to_u=0.000000e+00, personal_generator_context_to_v=0.000000e+00, personal_generator_state_row=0.000000e+00, personal_generator_state_col=0.000000e+00, personal_generator_id_row=0.000000e+00, personal_generator_id_col=0.000000e+00, personal_generator_state_adapter=0.000000e+00, personal_generator_id_adapter=0.000000e+00, personal_generator_context_adapter=0.000000e+00, personal_generator_direct_scale=3.924239e-07
2026-04-20 19:32:01,204 - INFO - [assist_09|assist_09_abce_best_no_A|lr=0.0003|drop=0.20] -> New best AUC=0.7571 at epoch 34
2026-04-20 19:36:24,914 - INFO - [assist_09|assist_09_abce_best_no_A|lr=0.0003|drop=0.20] Epoch [035/100] | Train: Loss=0.4475, BCE=0.4454, Reg=0.0021, AUC=0.8494, ACC=0.7747, RMSE=0.3842 | Val: Loss=0.5616, BCE=0.5595, Reg=0.0021, AUC=0.7573, ACC=0.7284, RMSE=0.4291
2026-04-20 19:36:24,915 - INFO - [assist_09|assist_09_abce_best_no_A|lr=0.0003|drop=0.20] [Reg Terms] Epoch [035] | Train: graph_entropy=0.000000, graph_diag=0.000000, graph_uniform=0.000000, graph_reg_scale=1.0000, prediction_l2=0.000001, personal_sparse=0.000006, alpha_var=0.000000, alpha_collapse=0.000000, reg_bce_ratio=0.0047 | Val: graph_entropy=0.000000, graph_diag=0.000000, graph_uniform=0.000000, graph_reg_scale=1.0000, prediction_l2=0.000001, personal_sparse=0.000006, alpha_var=0.000000, alpha_collapse=0.000049, reg_bce_ratio=0.0038
2026-04-20 19:36:25,189 - INFO - [assist_09|assist_09_abce_best_no_A|lr=0.0003|drop=0.20] [Diag][AE] Epoch [035] | irt_abs_mean=2.0451, irt_std=1.4173, personal_warmup_scale=1.00, graph_row_entropy=0.0000, graph_entropy_ratio=0.0000, alpha_mean=0.1142, alpha_std=0.0547, alpha_base_mean=0.1045, alpha_delta_absmean=0.0362, alpha_saturation_ratio=0.0000, alpha_bias_std=NA, alpha_state_path=0.8550, alpha_id_path=0.0000, alpha_bias_path=0.0000, head_bias_path=0.5283, personal_row_entropy=0.0250, personal_matrix_delta=0.0864, personal_matrix_student_std=0.1534, personal_delta_pre_softmax_norm=1.7713, personal_delta_student_std=0.6471, alpha_head_std=0.0538, query_row_global_readout_delta=0.0000, query_row_personal_message_delta=0.0015, query_row_posterior_delta_abs=0.0864, query_row_posterior_kl=0.0578, query_row_delta_local_rms_raw=0.0436, query_row_message_projection_gain=0.5043, personal_to_graph_query_ratio=0.0000, query_row_global_support_mass=0.0000, query_row_personal_support_mass=0.0000, neighbor_row_personal_delta=0.0000, personal_row_budget_mean=1.0000, personal_query_row_std=0.9610, readout_query_support_mass=0.0000, personal_student_mix=0.0500, personal_student_adapter=0.0400, local_row_ratio=0.0098, support_density=0.1840, readout_query_delta=0.0015, personal_bad_rows_active=0.00, personal_fallback_rows_active=0.00, personal_bad_row_rate_active=0.0000, personal_padded_rows=460.00, personal_logits_support_absmax=4.0280, personal_query_trust_scale_mean=0.9654, personal_bad_rows_legacy=460.00, personal_fallback_rows_legacy=460.00, personal_logits_absmax_legacy=30.0000
2026-04-20 19:36:25,189 - INFO - [assist_09|assist_09_abce_best_no_A|lr=0.0003|drop=0.20] [Diag][A] Epoch [035] | entropy_ratio=0.0000, diag_mass=1.0000, to_uniform_l2=0.089800, to_identity_l2=0.000000, relation_identity_delta=0.000000, knowledge_state_graph_delta=0.000000, knowledge_state_personal_delta=0.000000, share_concept_embeddings=True, tau_mean=0.0000, tau_std=0.0000, graph_reg_scale(train/val)=1.0000/1.0000
2026-04-20 19:36:25,189 - INFO - [assist_09|assist_09_abce_best_no_A|lr=0.0003|drop=0.20] [Grad Norms] Epoch [035] | relation_emb=0.000000e+00, relation_tau=0.000000e+00, relation_wq=0.000000e+00, relation_wk=0.000000e+00, personal_u=5.379814e-04, personal_v=1.362552e-03, personal_alpha_bias=0.000000e+00, personal_gate_emb=0.000000e+00, personal_gate_state_proj=0.000000e+00, personal_gate_context_proj=0.000000e+00, personal_gate_state_direct=2.283440e-04, personal_gate_id_direct=0.000000e+00, personal_gate_context_direct=1.450975e-06, personal_gate_out=0.000000e+00, personal_generator_emb=0.000000e+00, personal_generator_context_proj=0.000000e+00, personal_generator_context_hidden=0.000000e+00, personal_generator_context_to_u=0.000000e+00, personal_generator_context_to_v=0.000000e+00, personal_generator_state_row=0.000000e+00, personal_generator_state_col=0.000000e+00, personal_generator_id_row=0.000000e+00, personal_generator_id_col=0.000000e+00, personal_generator_state_adapter=0.000000e+00, personal_generator_id_adapter=0.000000e+00, personal_generator_context_adapter=0.000000e+00, personal_generator_direct_scale=8.262253e-07
2026-04-20 19:36:25,420 - INFO - [assist_09|assist_09_abce_best_no_A|lr=0.0003|drop=0.20] -> New best AUC=0.7573 at epoch 35
2026-04-20 19:40:49,418 - INFO - [assist_09|assist_09_abce_best_no_A|lr=0.0003|drop=0.20] Epoch [036/100] | Train: Loss=0.4470, BCE=0.4449, Reg=0.0021, AUC=0.8497, ACC=0.7747, RMSE=0.3840 | Val: Loss=0.5659, BCE=0.5638, Reg=0.0021, AUC=0.7569, ACC=0.7280, RMSE=0.4299
2026-04-20 19:40:49,418 - INFO - [assist_09|assist_09_abce_best_no_A|lr=0.0003|drop=0.20] [Reg Terms] Epoch [036] | Train: graph_entropy=0.000000, graph_diag=0.000000, graph_uniform=0.000000, graph_reg_scale=1.0000, prediction_l2=0.000001, personal_sparse=0.000006, alpha_var=0.000000, alpha_collapse=0.000000, reg_bce_ratio=0.0047 | Val: graph_entropy=0.000000, graph_diag=0.000000, graph_uniform=0.000000, graph_reg_scale=1.0000, prediction_l2=0.000001, personal_sparse=0.000006, alpha_var=0.000000, alpha_collapse=0.000049, reg_bce_ratio=0.0038
2026-04-20 19:40:49,734 - INFO - [assist_09|assist_09_abce_best_no_A|lr=0.0003|drop=0.20] [Diag][AE] Epoch [036] | irt_abs_mean=2.0834, irt_std=1.4370, personal_warmup_scale=1.00, graph_row_entropy=0.0000, graph_entropy_ratio=0.0000, alpha_mean=0.1144, alpha_std=0.0569, alpha_base_mean=0.1051, alpha_delta_absmean=0.0381, alpha_saturation_ratio=0.0000, alpha_bias_std=NA, alpha_state_path=0.9075, alpha_id_path=0.0000, alpha_bias_path=0.0000, head_bias_path=0.5189, personal_row_entropy=0.0341, personal_matrix_delta=0.0848, personal_matrix_student_std=0.1600, personal_delta_pre_softmax_norm=1.7744, personal_delta_student_std=0.6531, alpha_head_std=0.0555, query_row_global_readout_delta=0.0000, query_row_personal_message_delta=0.0013, query_row_posterior_delta_abs=0.0848, query_row_posterior_kl=0.0566, query_row_delta_local_rms_raw=0.0242, query_row_message_projection_gain=0.2853, personal_to_graph_query_ratio=0.0000, query_row_global_support_mass=0.0000, query_row_personal_support_mass=0.0000, neighbor_row_personal_delta=0.0000, personal_row_budget_mean=1.0000, personal_query_row_std=0.9640, readout_query_support_mass=0.0000, personal_student_mix=0.0500, personal_student_adapter=0.0400, local_row_ratio=0.0098, support_density=0.1840, readout_query_delta=0.0013, personal_bad_rows_active=0.00, personal_fallback_rows_active=0.00, personal_bad_row_rate_active=0.0000, personal_padded_rows=460.00, personal_logits_support_absmax=4.1416, personal_query_trust_scale_mean=0.9864, personal_bad_rows_legacy=460.00, personal_fallback_rows_legacy=460.00, personal_logits_absmax_legacy=30.0000
2026-04-20 19:40:49,735 - INFO - [assist_09|assist_09_abce_best_no_A|lr=0.0003|drop=0.20] [Diag][A] Epoch [036] | entropy_ratio=0.0000, diag_mass=1.0000, to_uniform_l2=0.089800, to_identity_l2=0.000000, relation_identity_delta=0.000000, knowledge_state_graph_delta=0.000000, knowledge_state_personal_delta=0.000000, share_concept_embeddings=True, tau_mean=0.0000, tau_std=0.0000, graph_reg_scale(train/val)=1.0000/1.0000
2026-04-20 19:40:49,735 - INFO - [assist_09|assist_09_abce_best_no_A|lr=0.0003|drop=0.20] [Grad Norms] Epoch [036] | relation_emb=0.000000e+00, relation_tau=0.000000e+00, relation_wq=0.000000e+00, relation_wk=0.000000e+00, personal_u=1.072540e-03, personal_v=1.196202e-03, personal_alpha_bias=0.000000e+00, personal_gate_emb=0.000000e+00, personal_gate_state_proj=0.000000e+00, personal_gate_context_proj=0.000000e+00, personal_gate_state_direct=9.720196e-05, personal_gate_id_direct=0.000000e+00, personal_gate_context_direct=1.518145e-06, personal_gate_out=0.000000e+00, personal_generator_emb=0.000000e+00, personal_generator_context_proj=0.000000e+00, personal_generator_context_hidden=0.000000e+00, personal_generator_context_to_u=0.000000e+00, personal_generator_context_to_v=0.000000e+00, personal_generator_state_row=0.000000e+00, personal_generator_state_col=0.000000e+00, personal_generator_id_row=0.000000e+00, personal_generator_id_col=0.000000e+00, personal_generator_state_adapter=0.000000e+00, personal_generator_id_adapter=0.000000e+00, personal_generator_context_adapter=0.000000e+00, personal_generator_direct_scale=1.497518e-08
2026-04-20 19:40:49,735 - INFO - [assist_09|assist_09_abce_best_no_A|lr=0.0003|drop=0.20] -> No improvement 1 epoch(s) (best AUC=0.7573 @ 35)
2026-04-20 19:45:13,106 - INFO - [assist_09|assist_09_abce_best_no_A|lr=0.0003|drop=0.20] Epoch [037/100] | Train: Loss=0.4457, BCE=0.4436, Reg=0.0021, AUC=0.8506, ACC=0.7749, RMSE=0.3835 | Val: Loss=0.5652, BCE=0.5630, Reg=0.0021, AUC=0.7572, ACC=0.7284, RMSE=0.4297
2026-04-20 19:45:13,106 - INFO - [assist_09|assist_09_abce_best_no_A|lr=0.0003|drop=0.20] [Reg Terms] Epoch [037] | Train: graph_entropy=0.000000, graph_diag=0.000000, graph_uniform=0.000000, graph_reg_scale=1.0000, prediction_l2=0.000001, personal_sparse=0.000006, alpha_var=0.000000, alpha_collapse=0.000000, reg_bce_ratio=0.0048 | Val: graph_entropy=0.000000, graph_diag=0.000000, graph_uniform=0.000000, graph_reg_scale=1.0000, prediction_l2=0.000002, personal_sparse=0.000005, alpha_var=0.000000, alpha_collapse=0.000047, reg_bce_ratio=0.0038
2026-04-20 19:45:13,387 - INFO - [assist_09|assist_09_abce_best_no_A|lr=0.0003|drop=0.20] [Diag][AE] Epoch [037] | irt_abs_mean=2.1048, irt_std=1.4294, personal_warmup_scale=1.00, graph_row_entropy=0.0000, graph_entropy_ratio=0.0000, alpha_mean=0.1148, alpha_std=0.0583, alpha_base_mean=0.1058, alpha_delta_absmean=0.0400, alpha_saturation_ratio=0.0000, alpha_bias_std=NA, alpha_state_path=0.9524, alpha_id_path=0.0000, alpha_bias_path=0.0000, head_bias_path=0.5082, personal_row_entropy=0.0208, personal_matrix_delta=0.0868, personal_matrix_student_std=0.1585, personal_delta_pre_softmax_norm=1.7749, personal_delta_student_std=0.6455, alpha_head_std=0.0574, query_row_global_readout_delta=0.0000, query_row_personal_message_delta=0.0015, query_row_posterior_delta_abs=0.0868, query_row_posterior_kl=0.0584, query_row_delta_local_rms_raw=0.0357, query_row_message_projection_gain=0.4112, personal_to_graph_query_ratio=0.0000, query_row_global_support_mass=0.0000, query_row_personal_support_mass=0.0000, neighbor_row_personal_delta=0.0000, personal_row_budget_mean=1.0000, personal_query_row_std=0.9646, readout_query_support_mass=0.0000, personal_student_mix=0.0500, personal_student_adapter=0.0400, local_row_ratio=0.0098, support_density=0.1840, readout_query_delta=0.0015, personal_bad_rows_active=0.00, personal_fallback_rows_active=0.00, personal_bad_row_rate_active=0.0000, personal_padded_rows=460.00, personal_logits_support_absmax=4.1024, personal_query_trust_scale_mean=0.9641, personal_bad_rows_legacy=460.00, personal_fallback_rows_legacy=460.00, personal_logits_absmax_legacy=30.0000
2026-04-20 19:45:13,387 - INFO - [assist_09|assist_09_abce_best_no_A|lr=0.0003|drop=0.20] [Diag][A] Epoch [037] | entropy_ratio=0.0000, diag_mass=1.0000, to_uniform_l2=0.089800, to_identity_l2=0.000000, relation_identity_delta=0.000000, knowledge_state_graph_delta=0.000000, knowledge_state_personal_delta=0.000000, share_concept_embeddings=True, tau_mean=0.0000, tau_std=0.0000, graph_reg_scale(train/val)=1.0000/1.0000
2026-04-20 19:45:13,388 - INFO - [assist_09|assist_09_abce_best_no_A|lr=0.0003|drop=0.20] [Grad Norms] Epoch [037] | relation_emb=0.000000e+00, relation_tau=0.000000e+00, relation_wq=0.000000e+00, relation_wk=0.000000e+00, personal_u=1.334783e-19, personal_v=3.612011e-19, personal_alpha_bias=0.000000e+00, personal_gate_emb=0.000000e+00, personal_gate_state_proj=0.000000e+00, personal_gate_context_proj=0.000000e+00, personal_gate_state_direct=1.174342e-04, personal_gate_id_direct=0.000000e+00, personal_gate_context_direct=3.136350e-07, personal_gate_out=0.000000e+00, personal_generator_emb=0.000000e+00, personal_generator_context_proj=0.000000e+00, personal_generator_context_hidden=0.000000e+00, personal_generator_context_to_u=0.000000e+00, personal_generator_context_to_v=0.000000e+00, personal_generator_state_row=0.000000e+00, personal_generator_state_col=0.000000e+00, personal_generator_id_row=0.000000e+00, personal_generator_id_col=0.000000e+00, personal_generator_state_adapter=0.000000e+00, personal_generator_id_adapter=0.000000e+00, personal_generator_context_adapter=0.000000e+00, personal_generator_direct_scale=5.943600e-21
2026-04-20 19:45:13,388 - INFO - [assist_09|assist_09_abce_best_no_A|lr=0.0003|drop=0.20] -> No improvement 2 epoch(s) (best AUC=0.7573 @ 35)
2026-04-20 19:49:36,782 - INFO - [assist_09|assist_09_abce_best_no_A|lr=0.0003|drop=0.20] Epoch [038/100] | Train: Loss=0.4454, BCE=0.4433, Reg=0.0021, AUC=0.8510, ACC=0.7761, RMSE=0.3833 | Val: Loss=0.5650, BCE=0.5628, Reg=0.0021, AUC=0.7577, ACC=0.7318, RMSE=0.4295
2026-04-20 19:49:36,782 - INFO - [assist_09|assist_09_abce_best_no_A|lr=0.0003|drop=0.20] [Reg Terms] Epoch [038] | Train: graph_entropy=0.000000, graph_diag=0.000000, graph_uniform=0.000000, graph_reg_scale=1.0000, prediction_l2=0.000002, personal_sparse=0.000006, alpha_var=0.000000, alpha_collapse=0.000000, reg_bce_ratio=0.0048 | Val: graph_entropy=0.000000, graph_diag=0.000000, graph_uniform=0.000000, graph_reg_scale=1.0000, prediction_l2=0.000002, personal_sparse=0.000006, alpha_var=0.000000, alpha_collapse=0.000051, reg_bce_ratio=0.0038
2026-04-20 19:49:37,060 - INFO - [assist_09|assist_09_abce_best_no_A|lr=0.0003|drop=0.20] [Diag][AE] Epoch [038] | irt_abs_mean=2.1168, irt_std=1.4584, personal_warmup_scale=1.00, graph_row_entropy=0.0000, graph_entropy_ratio=0.0000, alpha_mean=0.1155, alpha_std=0.0568, alpha_base_mean=0.1066, alpha_delta_absmean=0.0386, alpha_saturation_ratio=0.0000, alpha_bias_std=NA, alpha_state_path=0.9171, alpha_id_path=0.0000, alpha_bias_path=0.0000, head_bias_path=0.4949, personal_row_entropy=0.0214, personal_matrix_delta=0.0867, personal_matrix_student_std=0.1564, personal_delta_pre_softmax_norm=1.7726, personal_delta_student_std=0.6512, alpha_head_std=0.0553, query_row_global_readout_delta=0.0000, query_row_personal_message_delta=0.0012, query_row_posterior_delta_abs=0.0867, query_row_posterior_kl=0.0583, query_row_delta_local_rms_raw=0.0169, query_row_message_projection_gain=0.1948, personal_to_graph_query_ratio=0.0000, query_row_global_support_mass=0.0000, query_row_personal_support_mass=0.0000, neighbor_row_personal_delta=0.0000, personal_row_budget_mean=1.0000, personal_query_row_std=0.9624, readout_query_support_mass=0.0000, personal_student_mix=0.0500, personal_student_adapter=0.0400, local_row_ratio=0.0098, support_density=0.1840, readout_query_delta=0.0012, personal_bad_rows_active=0.00, personal_fallback_rows_active=0.00, personal_bad_row_rate_active=0.0000, personal_padded_rows=460.00, personal_logits_support_absmax=4.1367, personal_query_trust_scale_mean=0.9917, personal_bad_rows_legacy=460.00, personal_fallback_rows_legacy=460.00, personal_logits_absmax_legacy=30.0000
2026-04-20 19:49:37,060 - INFO - [assist_09|assist_09_abce_best_no_A|lr=0.0003|drop=0.20] [Diag][A] Epoch [038] | entropy_ratio=0.0000, diag_mass=1.0000, to_uniform_l2=0.089800, to_identity_l2=0.000000, relation_identity_delta=0.000000, knowledge_state_graph_delta=0.000000, knowledge_state_personal_delta=0.000000, share_concept_embeddings=True, tau_mean=0.0000, tau_std=0.0000, graph_reg_scale(train/val)=1.0000/1.0000
2026-04-20 19:49:37,060 - INFO - [assist_09|assist_09_abce_best_no_A|lr=0.0003|drop=0.20] [Grad Norms] Epoch [038] | relation_emb=0.000000e+00, relation_tau=0.000000e+00, relation_wq=0.000000e+00, relation_wk=0.000000e+00, personal_u=1.289844e-05, personal_v=3.454509e-05, personal_alpha_bias=0.000000e+00, personal_gate_emb=0.000000e+00, personal_gate_state_proj=0.000000e+00, personal_gate_context_proj=0.000000e+00, personal_gate_state_direct=4.929362e-04, personal_gate_id_direct=0.000000e+00, personal_gate_context_direct=1.129626e-06, personal_gate_out=0.000000e+00, personal_generator_emb=0.000000e+00, personal_generator_context_proj=0.000000e+00, personal_generator_context_hidden=0.000000e+00, personal_generator_context_to_u=0.000000e+00, personal_generator_context_to_v=0.000000e+00, personal_generator_state_row=0.000000e+00, personal_generator_state_col=0.000000e+00, personal_generator_id_row=0.000000e+00, personal_generator_id_col=0.000000e+00, personal_generator_state_adapter=0.000000e+00, personal_generator_id_adapter=0.000000e+00, personal_generator_context_adapter=0.000000e+00, personal_generator_direct_scale=1.627033e-09
2026-04-20 19:49:37,282 - INFO - [assist_09|assist_09_abce_best_no_A|lr=0.0003|drop=0.20] -> New best AUC=0.7577 at epoch 38
2026-04-20 19:54:04,906 - INFO - [assist_09|assist_09_abce_best_no_A|lr=0.0003|drop=0.20] Epoch [039/100] | Train: Loss=0.4444, BCE=0.4423, Reg=0.0021, AUC=0.8517, ACC=0.7761, RMSE=0.3828 | Val: Loss=0.5651, BCE=0.5630, Reg=0.0021, AUC=0.7581, ACC=0.7283, RMSE=0.4295
2026-04-20 19:54:04,906 - INFO - [assist_09|assist_09_abce_best_no_A|lr=0.0003|drop=0.20] [Reg Terms] Epoch [039] | Train: graph_entropy=0.000000, graph_diag=0.000000, graph_uniform=0.000000, graph_reg_scale=1.0000, prediction_l2=0.000002, personal_sparse=0.000006, alpha_var=0.000000, alpha_collapse=0.000000, reg_bce_ratio=0.0048 | Val: graph_entropy=0.000000, graph_diag=0.000000, graph_uniform=0.000000, graph_reg_scale=1.0000, prediction_l2=0.000002, personal_sparse=0.000005, alpha_var=0.000000, alpha_collapse=0.000048, reg_bce_ratio=0.0038
2026-04-20 19:54:05,227 - INFO - [assist_09|assist_09_abce_best_no_A|lr=0.0003|drop=0.20] [Diag][AE] Epoch [039] | irt_abs_mean=2.1273, irt_std=1.4741, personal_warmup_scale=1.00, graph_row_entropy=0.0000, graph_entropy_ratio=0.0000, alpha_mean=0.1161, alpha_std=0.0573, alpha_base_mean=0.1073, alpha_delta_absmean=0.0386, alpha_saturation_ratio=0.0000, alpha_bias_std=NA, alpha_state_path=0.9203, alpha_id_path=0.0000, alpha_bias_path=0.0000, head_bias_path=0.4848, personal_row_entropy=0.0181, personal_matrix_delta=0.0871, personal_matrix_student_std=0.1549, personal_delta_pre_softmax_norm=1.7741, personal_delta_student_std=0.6546, alpha_head_std=0.0558, query_row_global_readout_delta=0.0000, query_row_personal_message_delta=0.0011, query_row_posterior_delta_abs=0.0871, query_row_posterior_kl=0.0588, query_row_delta_local_rms_raw=0.0156, query_row_message_projection_gain=0.1791, personal_to_graph_query_ratio=0.0000, query_row_global_support_mass=0.0000, query_row_personal_support_mass=0.0000, neighbor_row_personal_delta=0.0000, personal_row_budget_mean=1.0000, personal_query_row_std=0.9637, readout_query_support_mass=0.0000, personal_student_mix=0.0500, personal_student_adapter=0.0400, local_row_ratio=0.0098, support_density=0.1840, readout_query_delta=0.0011, personal_bad_rows_active=0.00, personal_fallback_rows_active=0.00, personal_bad_row_rate_active=0.0000, personal_padded_rows=460.00, personal_logits_support_absmax=3.8497, personal_query_trust_scale_mean=0.9916, personal_bad_rows_legacy=460.00, personal_fallback_rows_legacy=460.00, personal_logits_absmax_legacy=30.0000
2026-04-20 19:54:05,227 - INFO - [assist_09|assist_09_abce_best_no_A|lr=0.0003|drop=0.20] [Diag][A] Epoch [039] | entropy_ratio=0.0000, diag_mass=1.0000, to_uniform_l2=0.089800, to_identity_l2=0.000000, relation_identity_delta=0.000000, knowledge_state_graph_delta=0.000000, knowledge_state_personal_delta=0.000000, share_concept_embeddings=True, tau_mean=0.0000, tau_std=0.0000, graph_reg_scale(train/val)=1.0000/1.0000
2026-04-20 19:54:05,227 - INFO - [assist_09|assist_09_abce_best_no_A|lr=0.0003|drop=0.20] [Grad Norms] Epoch [039] | relation_emb=0.000000e+00, relation_tau=0.000000e+00, relation_wq=0.000000e+00, relation_wk=0.000000e+00, personal_u=5.068324e-03, personal_v=3.845742e-03, personal_alpha_bias=0.000000e+00, personal_gate_emb=0.000000e+00, personal_gate_state_proj=0.000000e+00, personal_gate_context_proj=0.000000e+00, personal_gate_state_direct=1.100423e-04, personal_gate_id_direct=0.000000e+00, personal_gate_context_direct=5.699731e-08, personal_gate_out=0.000000e+00, personal_generator_emb=0.000000e+00, personal_generator_context_proj=0.000000e+00, personal_generator_context_hidden=0.000000e+00, personal_generator_context_to_u=0.000000e+00, personal_generator_context_to_v=0.000000e+00, personal_generator_state_row=0.000000e+00, personal_generator_state_col=0.000000e+00, personal_generator_id_row=0.000000e+00, personal_generator_id_col=0.000000e+00, personal_generator_state_adapter=0.000000e+00, personal_generator_id_adapter=0.000000e+00, personal_generator_context_adapter=0.000000e+00, personal_generator_direct_scale=6.700605e-06
2026-04-20 19:54:05,467 - INFO - [assist_09|assist_09_abce_best_no_A|lr=0.0003|drop=0.20] -> New best AUC=0.7581 at epoch 39
2026-04-20 19:58:29,229 - INFO - [assist_09|assist_09_abce_best_no_A|lr=0.0003|drop=0.20] Epoch [040/100] | Train: Loss=0.4434, BCE=0.4412, Reg=0.0021, AUC=0.8523, ACC=0.7769, RMSE=0.3824 | Val: Loss=0.5643, BCE=0.5622, Reg=0.0021, AUC=0.7584, ACC=0.7290, RMSE=0.4293
2026-04-20 19:58:29,229 - INFO - [assist_09|assist_09_abce_best_no_A|lr=0.0003|drop=0.20] [Reg Terms] Epoch [040] | Train: graph_entropy=0.000000, graph_diag=0.000000, graph_uniform=0.000000, graph_reg_scale=1.0000, prediction_l2=0.000002, personal_sparse=0.000006, alpha_var=0.000000, alpha_collapse=0.000000, reg_bce_ratio=0.0048 | Val: graph_entropy=0.000000, graph_diag=0.000000, graph_uniform=0.000000, graph_reg_scale=1.0000, prediction_l2=0.000002, personal_sparse=0.000005, alpha_var=0.000000, alpha_collapse=0.000043, reg_bce_ratio=0.0038
2026-04-20 19:58:29,519 - INFO - [assist_09|assist_09_abce_best_no_A|lr=0.0003|drop=0.20] [Diag][AE] Epoch [040] | irt_abs_mean=2.0631, irt_std=1.4276, personal_warmup_scale=1.00, graph_row_entropy=0.0000, graph_entropy_ratio=0.0000, alpha_mean=0.1170, alpha_std=0.0586, alpha_base_mean=0.1080, alpha_delta_absmean=0.0405, alpha_saturation_ratio=0.0000, alpha_bias_std=NA, alpha_state_path=0.9648, alpha_id_path=0.0000, alpha_bias_path=0.0000, head_bias_path=0.4730, personal_row_entropy=0.0272, personal_matrix_delta=0.0858, personal_matrix_student_std=0.1457, personal_delta_pre_softmax_norm=1.7770, personal_delta_student_std=0.6657, alpha_head_std=0.0580, query_row_global_readout_delta=0.0000, query_row_personal_message_delta=0.0014, query_row_posterior_delta_abs=0.0858, query_row_posterior_kl=0.0575, query_row_delta_local_rms_raw=0.0398, query_row_message_projection_gain=0.4641, personal_to_graph_query_ratio=0.0000, query_row_global_support_mass=0.0000, query_row_personal_support_mass=0.0000, neighbor_row_personal_delta=0.0000, personal_row_budget_mean=1.0000, personal_query_row_std=0.9674, readout_query_support_mass=0.0000, personal_student_mix=0.0500, personal_student_adapter=0.0400, local_row_ratio=0.0098, support_density=0.1840, readout_query_delta=0.0014, personal_bad_rows_active=0.00, personal_fallback_rows_active=0.00, personal_bad_row_rate_active=0.0000, personal_padded_rows=460.00, personal_logits_support_absmax=4.1267, personal_query_trust_scale_mean=0.9679, personal_bad_rows_legacy=460.00, personal_fallback_rows_legacy=460.00, personal_logits_absmax_legacy=30.0000
2026-04-20 19:58:29,519 - INFO - [assist_09|assist_09_abce_best_no_A|lr=0.0003|drop=0.20] [Diag][A] Epoch [040] | entropy_ratio=0.0000, diag_mass=1.0000, to_uniform_l2=0.089800, to_identity_l2=0.000000, relation_identity_delta=0.000000, knowledge_state_graph_delta=0.000000, knowledge_state_personal_delta=0.000000, share_concept_embeddings=True, tau_mean=0.0000, tau_std=0.0000, graph_reg_scale(train/val)=1.0000/1.0000
2026-04-20 19:58:29,519 - INFO - [assist_09|assist_09_abce_best_no_A|lr=0.0003|drop=0.20] [Grad Norms] Epoch [040] | relation_emb=0.000000e+00, relation_tau=0.000000e+00, relation_wq=0.000000e+00, relation_wk=0.000000e+00, personal_u=1.458482e-21, personal_v=1.964122e-21, personal_alpha_bias=0.000000e+00, personal_gate_emb=0.000000e+00, personal_gate_state_proj=0.000000e+00, personal_gate_context_proj=0.000000e+00, personal_gate_state_direct=7.875938e-05, personal_gate_id_direct=0.000000e+00, personal_gate_context_direct=1.552094e-06, personal_gate_out=0.000000e+00, personal_generator_emb=0.000000e+00, personal_generator_context_proj=0.000000e+00, personal_generator_context_hidden=0.000000e+00, personal_generator_context_to_u=0.000000e+00, personal_generator_context_to_v=0.000000e+00, personal_generator_state_row=0.000000e+00, personal_generator_state_col=0.000000e+00, personal_generator_id_row=0.000000e+00, personal_generator_id_col=0.000000e+00, personal_generator_state_adapter=0.000000e+00, personal_generator_id_adapter=0.000000e+00, personal_generator_context_adapter=0.000000e+00, personal_generator_direct_scale=1.047472e-20
2026-04-20 19:58:30,308 - INFO - [assist_09|assist_09_abce_best_no_A|lr=0.0003|drop=0.20] -> New best AUC=0.7584 at epoch 40
2026-04-20 19:58:30,364 - INFO - [assist_09|assist_09_abce_best_no_A|lr=0.0003|drop=0.20] Checkpoint saved: checkpoints/abce_diag/remote_struct_v2_20260419_86dfed4/assist_09/seed42/best_no_A/checkpoint_epoch_40.pth
2026-04-20 19:58:30,926 - INFO - [assist_09|assist_09_abce_best_no_A|lr=0.0003|drop=0.20] [Module Activity] Epoch 40: Personal[TRUST_CLIPPED]
2026-04-20 20:02:55,020 - INFO - [assist_09|assist_09_abce_best_no_A|lr=0.0003|drop=0.20] Epoch [041/100] | Train: Loss=0.4426, BCE=0.4405, Reg=0.0021, AUC=0.8530, ACC=0.7778, RMSE=0.3821 | Val: Loss=0.5689, BCE=0.5667, Reg=0.0021, AUC=0.7576, ACC=0.7293, RMSE=0.4302
2026-04-20 20:02:55,020 - INFO - [assist_09|assist_09_abce_best_no_A|lr=0.0003|drop=0.20] [Reg Terms] Epoch [041] | Train: graph_entropy=0.000000, graph_diag=0.000000, graph_uniform=0.000000, graph_reg_scale=1.0000, prediction_l2=0.000002, personal_sparse=0.000006, alpha_var=0.000000, alpha_collapse=0.000000, reg_bce_ratio=0.0048 | Val: graph_entropy=0.000000, graph_diag=0.000000, graph_uniform=0.000000, graph_reg_scale=1.0000, prediction_l2=0.000002, personal_sparse=0.000006, alpha_var=0.000000, alpha_collapse=0.000044, reg_bce_ratio=0.0038
2026-04-20 20:02:55,312 - INFO - [assist_09|assist_09_abce_best_no_A|lr=0.0003|drop=0.20] [Diag][AE] Epoch [041] | irt_abs_mean=2.1954, irt_std=1.5238, personal_warmup_scale=1.00, graph_row_entropy=0.0000, graph_entropy_ratio=0.0000, alpha_mean=0.1180, alpha_std=0.0566, alpha_base_mean=0.1089, alpha_delta_absmean=0.0391, alpha_saturation_ratio=0.0000, alpha_bias_std=NA, alpha_state_path=0.9217, alpha_id_path=0.0000, alpha_bias_path=0.0000, head_bias_path=0.4600, personal_row_entropy=0.0296, personal_matrix_delta=0.0854, personal_matrix_student_std=0.1477, personal_delta_pre_softmax_norm=1.7786, personal_delta_student_std=0.6681, alpha_head_std=0.0564, query_row_global_readout_delta=0.0000, query_row_personal_message_delta=0.0015, query_row_posterior_delta_abs=0.0854, query_row_posterior_kl=0.0572, query_row_delta_local_rms_raw=0.0359, query_row_message_projection_gain=0.4200, personal_to_graph_query_ratio=0.0000, query_row_global_support_mass=0.0000, query_row_personal_support_mass=0.0000, neighbor_row_personal_delta=0.0000, personal_row_budget_mean=1.0000, personal_query_row_std=0.9690, readout_query_support_mass=0.0000, personal_student_mix=0.0500, personal_student_adapter=0.0400, local_row_ratio=0.0098, support_density=0.1840, readout_query_delta=0.0015, personal_bad_rows_active=0.00, personal_fallback_rows_active=0.00, personal_bad_row_rate_active=0.0000, personal_padded_rows=460.00, personal_logits_support_absmax=4.1402, personal_query_trust_scale_mean=0.9588, personal_bad_rows_legacy=460.00, personal_fallback_rows_legacy=460.00, personal_logits_absmax_legacy=30.0000
2026-04-20 20:02:55,312 - INFO - [assist_09|assist_09_abce_best_no_A|lr=0.0003|drop=0.20] [Diag][A] Epoch [041] | entropy_ratio=0.0000, diag_mass=1.0000, to_uniform_l2=0.089800, to_identity_l2=0.000000, relation_identity_delta=0.000000, knowledge_state_graph_delta=0.000000, knowledge_state_personal_delta=0.000000, share_concept_embeddings=True, tau_mean=0.0000, tau_std=0.0000, graph_reg_scale(train/val)=1.0000/1.0000
2026-04-20 20:02:55,312 - INFO - [assist_09|assist_09_abce_best_no_A|lr=0.0003|drop=0.20] [Grad Norms] Epoch [041] | relation_emb=0.000000e+00, relation_tau=0.000000e+00, relation_wq=0.000000e+00, relation_wk=0.000000e+00, personal_u=1.669627e-05, personal_v=8.848909e-05, personal_alpha_bias=0.000000e+00, personal_gate_emb=0.000000e+00, personal_gate_state_proj=0.000000e+00, personal_gate_context_proj=0.000000e+00, personal_gate_state_direct=4.828389e-06, personal_gate_id_direct=0.000000e+00, personal_gate_context_direct=8.164577e-09, personal_gate_out=0.000000e+00, personal_generator_emb=0.000000e+00, personal_generator_context_proj=0.000000e+00, personal_generator_context_hidden=0.000000e+00, personal_generator_context_to_u=0.000000e+00, personal_generator_context_to_v=0.000000e+00, personal_generator_state_row=0.000000e+00, personal_generator_state_col=0.000000e+00, personal_generator_id_row=0.000000e+00, personal_generator_id_col=0.000000e+00, personal_generator_state_adapter=0.000000e+00, personal_generator_id_adapter=0.000000e+00, personal_generator_context_adapter=0.000000e+00, personal_generator_direct_scale=6.965934e-10
2026-04-20 20:02:55,312 - INFO - [assist_09|assist_09_abce_best_no_A|lr=0.0003|drop=0.20] -> No improvement 1 epoch(s) (best AUC=0.7584 @ 40)
2026-04-20 20:07:20,772 - INFO - [assist_09|assist_09_abce_best_no_A|lr=0.0003|drop=0.20] Epoch [042/100] | Train: Loss=0.4416, BCE=0.4395, Reg=0.0021, AUC=0.8538, ACC=0.7780, RMSE=0.3816 | Val: Loss=0.5727, BCE=0.5706, Reg=0.0021, AUC=0.7569, ACC=0.7293, RMSE=0.4310
2026-04-20 20:07:20,772 - INFO - [assist_09|assist_09_abce_best_no_A|lr=0.0003|drop=0.20] [Reg Terms] Epoch [042] | Train: graph_entropy=0.000000, graph_diag=0.000000, graph_uniform=0.000000, graph_reg_scale=1.0000, prediction_l2=0.000002, personal_sparse=0.000006, alpha_var=0.000000, alpha_collapse=0.000000, reg_bce_ratio=0.0048 | Val: graph_entropy=0.000000, graph_diag=0.000000, graph_uniform=0.000000, graph_reg_scale=1.0000, prediction_l2=0.000002, personal_sparse=0.000005, alpha_var=0.000000, alpha_collapse=0.000041, reg_bce_ratio=0.0037
2026-04-20 20:07:21,068 - INFO - [assist_09|assist_09_abce_best_no_A|lr=0.0003|drop=0.20] [Diag][AE] Epoch [042] | irt_abs_mean=2.2332, irt_std=1.5807, personal_warmup_scale=1.00, graph_row_entropy=0.0000, graph_entropy_ratio=0.0000, alpha_mean=0.1184, alpha_std=0.0565, alpha_base_mean=0.1097, alpha_delta_absmean=0.0392, alpha_saturation_ratio=0.0000, alpha_bias_std=NA, alpha_state_path=0.9228, alpha_id_path=0.0000, alpha_bias_path=0.0000, head_bias_path=0.4465, personal_row_entropy=0.0307, personal_matrix_delta=0.0851, personal_matrix_student_std=0.1475, personal_delta_pre_softmax_norm=1.7795, personal_delta_student_std=0.6692, alpha_head_std=0.0564, query_row_global_readout_delta=0.0000, query_row_personal_message_delta=0.0015, query_row_posterior_delta_abs=0.0851, query_row_posterior_kl=0.0571, query_row_delta_local_rms_raw=0.0391, query_row_message_projection_gain=0.4595, personal_to_graph_query_ratio=0.0000, query_row_global_support_mass=0.0000, query_row_personal_support_mass=0.0000, neighbor_row_personal_delta=0.0000, personal_row_budget_mean=1.0000, personal_query_row_std=0.9699, readout_query_support_mass=0.0000, personal_student_mix=0.0500, personal_student_adapter=0.0400, local_row_ratio=0.0098, support_density=0.1840, readout_query_delta=0.0015, personal_bad_rows_active=0.00, personal_fallback_rows_active=0.00, personal_bad_row_rate_active=0.0000, personal_padded_rows=460.00, personal_logits_support_absmax=4.1388, personal_query_trust_scale_mean=0.9581, personal_bad_rows_legacy=460.00, personal_fallback_rows_legacy=460.00, personal_logits_absmax_legacy=30.0000
2026-04-20 20:07:21,069 - INFO - [assist_09|assist_09_abce_best_no_A|lr=0.0003|drop=0.20] [Diag][A] Epoch [042] | entropy_ratio=0.0000, diag_mass=1.0000, to_uniform_l2=0.089800, to_identity_l2=0.000000, relation_identity_delta=0.000000, knowledge_state_graph_delta=0.000000, knowledge_state_personal_delta=0.000000, share_concept_embeddings=True, tau_mean=0.0000, tau_std=0.0000, graph_reg_scale(train/val)=1.0000/1.0000
2026-04-20 20:07:21,069 - INFO - [assist_09|assist_09_abce_best_no_A|lr=0.0003|drop=0.20] [Grad Norms] Epoch [042] | relation_emb=0.000000e+00, relation_tau=0.000000e+00, relation_wq=0.000000e+00, relation_wk=0.000000e+00, personal_u=0.000000e+00, personal_v=0.000000e+00, personal_alpha_bias=0.000000e+00, personal_gate_emb=0.000000e+00, personal_gate_state_proj=0.000000e+00, personal_gate_context_proj=0.000000e+00, personal_gate_state_direct=6.783305e-04, personal_gate_id_direct=0.000000e+00, personal_gate_context_direct=5.287950e-07, personal_gate_out=0.000000e+00, personal_generator_emb=0.000000e+00, personal_generator_context_proj=0.000000e+00, personal_generator_context_hidden=0.000000e+00, personal_generator_context_to_u=0.000000e+00, personal_generator_context_to_v=0.000000e+00, personal_generator_state_row=0.000000e+00, personal_generator_state_col=0.000000e+00, personal_generator_id_row=0.000000e+00, personal_generator_id_col=0.000000e+00, personal_generator_state_adapter=0.000000e+00, personal_generator_id_adapter=0.000000e+00, personal_generator_context_adapter=0.000000e+00, personal_generator_direct_scale=1.044111e-20
2026-04-20 20:07:21,069 - INFO - [assist_09|assist_09_abce_best_no_A|lr=0.0003|drop=0.20] -> No improvement 2 epoch(s) (best AUC=0.7584 @ 40)
2026-04-20 20:11:45,969 - INFO - [assist_09|assist_09_abce_best_no_A|lr=0.0003|drop=0.20] Epoch [043/100] | Train: Loss=0.4411, BCE=0.4390, Reg=0.0021, AUC=0.8540, ACC=0.7783, RMSE=0.3814 | Val: Loss=0.5720, BCE=0.5699, Reg=0.0022, AUC=0.7571, ACC=0.7305, RMSE=0.4308
2026-04-20 20:11:45,969 - INFO - [assist_09|assist_09_abce_best_no_A|lr=0.0003|drop=0.20] [Reg Terms] Epoch [043] | Train: graph_entropy=0.000000, graph_diag=0.000000, graph_uniform=0.000000, graph_reg_scale=1.0000, prediction_l2=0.000002, personal_sparse=0.000006, alpha_var=0.000000, alpha_collapse=0.000000, reg_bce_ratio=0.0048 | Val: graph_entropy=0.000000, graph_diag=0.000000, graph_uniform=0.000000, graph_reg_scale=1.0000, prediction_l2=0.000002, personal_sparse=0.000005, alpha_var=0.000000, alpha_collapse=0.000042, reg_bce_ratio=0.0038
2026-04-20 20:11:46,277 - INFO - [assist_09|assist_09_abce_best_no_A|lr=0.0003|drop=0.20] [Diag][AE] Epoch [043] | irt_abs_mean=2.2436, irt_std=1.5495, personal_warmup_scale=1.00, graph_row_entropy=0.0000, graph_entropy_ratio=0.0000, alpha_mean=0.1194, alpha_std=0.0582, alpha_base_mean=0.1106, alpha_delta_absmean=0.0407, alpha_saturation_ratio=0.0000, alpha_bias_std=NA, alpha_state_path=0.9640, alpha_id_path=0.0000, alpha_bias_path=0.0000, head_bias_path=0.4330, personal_row_entropy=0.0185, personal_matrix_delta=0.0870, personal_matrix_student_std=0.1626, personal_delta_pre_softmax_norm=1.7762, personal_delta_student_std=0.6419, alpha_head_std=0.0580, query_row_global_readout_delta=0.0000, query_row_personal_message_delta=0.0014, query_row_posterior_delta_abs=0.0870, query_row_posterior_kl=0.0587, query_row_delta_local_rms_raw=0.0360, query_row_message_projection_gain=0.4134, personal_to_graph_query_ratio=0.0000, query_row_global_support_mass=0.0000, query_row_personal_support_mass=0.0000, neighbor_row_personal_delta=0.0000, personal_row_budget_mean=1.0000, personal_query_row_std=0.9669, readout_query_support_mass=0.0000, personal_student_mix=0.0500, personal_student_adapter=0.0400, local_row_ratio=0.0098, support_density=0.1840, readout_query_delta=0.0014, personal_bad_rows_active=0.00, personal_fallback_rows_active=0.00, personal_bad_row_rate_active=0.0000, personal_padded_rows=460.00, personal_logits_support_absmax=4.0121, personal_query_trust_scale_mean=0.9705, personal_bad_rows_legacy=460.00, personal_fallback_rows_legacy=460.00, personal_logits_absmax_legacy=30.0000
2026-04-20 20:11:46,278 - INFO - [assist_09|assist_09_abce_best_no_A|lr=0.0003|drop=0.20] [Diag][A] Epoch [043] | entropy_ratio=0.0000, diag_mass=1.0000, to_uniform_l2=0.089800, to_identity_l2=0.000000, relation_identity_delta=0.000000, knowledge_state_graph_delta=0.000000, knowledge_state_personal_delta=0.000000, share_concept_embeddings=True, tau_mean=0.0000, tau_std=0.0000, graph_reg_scale(train/val)=1.0000/1.0000
2026-04-20 20:11:46,278 - INFO - [assist_09|assist_09_abce_best_no_A|lr=0.0003|drop=0.20] [Grad Norms] Epoch [043] | relation_emb=0.000000e+00, relation_tau=0.000000e+00, relation_wq=0.000000e+00, relation_wk=0.000000e+00, personal_u=1.163359e-05, personal_v=3.317918e-05, personal_alpha_bias=0.000000e+00, personal_gate_emb=0.000000e+00, personal_gate_state_proj=0.000000e+00, personal_gate_context_proj=0.000000e+00, personal_gate_state_direct=3.118300e-05, personal_gate_id_direct=0.000000e+00, personal_gate_context_direct=5.025817e-08, personal_gate_out=0.000000e+00, personal_generator_emb=0.000000e+00, personal_generator_context_proj=0.000000e+00, personal_generator_context_hidden=0.000000e+00, personal_generator_context_to_u=0.000000e+00, personal_generator_context_to_v=0.000000e+00, personal_generator_state_row=0.000000e+00, personal_generator_state_col=0.000000e+00, personal_generator_id_row=0.000000e+00, personal_generator_id_col=0.000000e+00, personal_generator_state_adapter=0.000000e+00, personal_generator_id_adapter=0.000000e+00, personal_generator_context_adapter=0.000000e+00, personal_generator_direct_scale=1.903228e-09
2026-04-20 20:11:46,278 - INFO - [assist_09|assist_09_abce_best_no_A|lr=0.0003|drop=0.20] -> No improvement 3 epoch(s) (best AUC=0.7584 @ 40)
2026-04-20 20:11:46,278 - INFO - [assist_09|assist_09_abce_best_no_A|lr=0.0003|drop=0.20] Early stopping at epoch 43 (best AUC=0.7584 @ 40)
2026-04-20 20:11:46,284 - INFO - Epoch-wise metrics saved to checkpoints/abce_diag/remote_struct_v2_20260419_86dfed4/assist_09/seed42/best_no_A/metrics_history.csv
2026-04-20 20:11:46,287 - INFO - [assist_09|assist_09_abce_best_no_A|lr=0.0003|drop=0.20] Training completed! Best Val AUC=0.7584 @ epoch 40
2026-04-20 20:11:46,947 - INFO - 
============================================================
         MODULE ACTIVITY REPORT
============================================================
Dataset: assist_09 | Seed: 42 | Epoch: 43

1. Concept Graph Module (A):
   - Status: DISABLED (use_concept_graph=False or no_A)

2. Personal Graph Module (E):
   - Alpha mean: 0.119
   - Alpha std: 0.058
   - Alpha bias std: 0.000
   - Personal/global delta: 0.0741
   - Inter-student matrix std: 0.1652
   - Query personal message delta: 0.0014
   - Query posterior KL: 0.0505
   - Query message projection gain: 0.5572
   - Query message alignment: 0.0000
   - Query self support mass: 0.8747
   - Query graph support mass: 0.0409
   - Query personal std: 0.8935
   - Personal/global query ratio: 0.0000
   - Status: TRUST_CLIPPED (personal writeback exists but is repeatedly capped for safety)
   -> Consider: improve alignment before relaxing trust-region

------------------------------------------------------------
SUMMARY:
   Inactive modules: Personal Graph (E)
============================================================
2026-04-20 20:11:46,947 - INFO - [assist_09|assist_09_abce_best_no_A|lr=0.0003|drop=0.20] Module activity saved to checkpoints/abce_diag/remote_struct_v2_20260419_86dfed4/assist_09/seed42/best_no_A/module_activity.json
2026-04-20 20:11:46,997 - INFO - Using device: cuda:0 (physical gpu 2)
2026-04-20 20:11:46,998 - INFO - Loading model from checkpoints/abce_diag/remote_struct_v2_20260419_86dfed4/assist_09/seed42/best_no_A/best_model.pth...
2026-04-20 20:11:47,119 - INFO - [Inference Filter] before=52549, after=51090, dropped=1459, coverage=97.22% (train-only seen student/item support)
2026-04-20 20:11:47,133 - INFO - Inference switches: ablate_module1=False | enable_module1=True | use_concept_graph=False | effective(num_gnn_layers=2)
2026-04-20 20:11:47,161 - INFO - [Inference] Ablation runtime check: args(ablate_module1=False) | expect(use_concept_graph=False,use_personal_graph=True) | model(enable_module1=True,use_concept_graph=False,use_personal_graph=True) | physical(has_knowledge_encoder=True,has_relation_learning=False,has_adaptive_gate=True,has_personal_generator=True)
2026-04-20 20:11:47,161 - INFO - [Inference] [Graph Init] graph_tau_mean=0.0000, graph_tau_std=0.0000, graph_dropout=0.000, use_personal_graph=True
2026-04-20 20:11:47,162 - INFO - Model loaded from epoch 40. Start testing...
2026-04-20 20:12:13,616 - INFO - [Test] 200/400 batches done, samples=25600
2026-04-20 20:12:39,232 - INFO - [Test] 400/400 batches done, samples=51090
2026-04-20 20:12:39,294 - INFO - 
==================================================
2026-04-20 20:12:39,294 - INFO - Test Results:
2026-04-20 20:12:39,294 - INFO - AUC: 0.7600
2026-04-20 20:12:39,294 - INFO - ACC: 0.7328
2026-04-20 20:12:39,294 - INFO - RMSE: 0.4273
2026-04-20 20:12:39,294 - INFO - ==================================================
2026-04-20 20:12:39,308 - INFO - Summary appended to /home/zsh/ConceptSkillCDM/results/experiment_results.csv
2026-04-20 20:12:39,309 - INFO - 
Generating student diagnosis reports...
2026-04-20 20:12:39,326 - INFO - Student diagnosis reports saved to checkpoints/abce_diag/remote_struct_v2_20260419_86dfed4/assist_09/seed42/best_no_A/student_diagnosis.json
2026-04-20 20:12:39,330 - INFO - Run completed.
2026-04-20 20:12:39,330 - INFO - Best validation AUC: 0.7584 at epoch 40
2026-04-20 20:12:39,330 - INFO - Test metrics - AUC: 0.7600, ACC: 0.7328, RMSE: 0.4273
2026-04-20 20:12:39,512 - INFO - [数据清洗] 学生交互次数 < 15 次的学生：共移除 313 个学生（仅统计用户数）
2026-04-20 20:12:39,521 - INFO - [数据清洗] 学生冷启动过滤：在 train/valid/test 中共删除 5118 条记录。
2026-04-20 20:12:39,522 - INFO - [数据清洗] 跳过题目冷门过滤（min_exer_interactions <= 0）。
2026-04-20 20:12:39,522 - INFO - [数据清洗] 跳过毒题清洗（min_poison_count <= 0）。
2026-04-20 20:12:39,522 - INFO - 正在构建ID映射...
2026-04-20 20:12:39,694 - INFO - 正在构建Q矩阵...
2026-04-20 20:12:46,617 - INFO - [数据清洗] Valid train-seen 过滤：before=20072, after=19875, dropped=197, coverage=99.02%
2026-04-20 20:12:46,622 - INFO - [数据清洗] Test train-seen 过滤：before=51610, after=51090, dropped=520, coverage=98.99%
2026-04-20 20:12:46,626 - INFO - [统计] 开始统计清洗后每道题的概念数量分布...
2026-04-20 20:12:46,634 - INFO - [Train] 概念数统计：题目数=17057, 平均概念数=1.1995, min=1, max=4, 1概念=14129 (82.83%), ≥2概念=2928 (17.17%)
2026-04-20 20:12:46,634 - INFO - [Train] 概念数直方图（概念数: 题目数量）: {1: 14129, 2: 2533, 3: 315, 4: 80}
2026-04-20 20:12:46,637 - INFO - [Valid] 概念数统计：题目数=9034, 平均概念数=1.1996, min=1, max=4, 1概念=7500 (83.02%), ≥2概念=1534 (16.98%)
2026-04-20 20:12:46,637 - INFO - [Valid] 概念数直方图（概念数: 题目数量）: {1: 7500, 2: 1314, 3: 171, 4: 49}
2026-04-20 20:12:46,643 - INFO - [Test] 概念数统计：题目数=12825, 平均概念数=1.1994, min=1, max=4, 1概念=10661 (83.13%), ≥2概念=2164 (16.87%)
2026-04-20 20:12:46,643 - INFO - [Test] 概念数直方图（概念数: 题目数量）: {1: 10661, 2: 1836, 3: 263, 4: 65}
2026-04-20 20:12:46,643 - INFO - [统计] 概念数量统计完成。
2026-04-20 20:12:46,643 - INFO - 正在加载数据集...
2026-04-20 20:12:47,158 - INFO - [Component Analysis] Gate alpha samples: 200
2026-04-20 20:12:47,163 - INFO - [Component Analysis] Data saved to checkpoints/abce_diag/remote_struct_v2_20260419_86dfed4/assist_09/seed42/best_no_A/component_analysis_data.npz
2026-04-20 20:12:47,432 - INFO - Generating component analysis visualizations...
2026-04-20 20:12:47,604 - INFO - Visualizations saved to checkpoints/abce_diag/remote_struct_v2_20260419_86dfed4/assist_09/seed42/best_no_A
