Run ID: remote_writer_residual_matched_probe_20260506_a5a38c6
Jobs: 7
Diagnosis CSV: results/abce_ablation_diagnosis.csv
Summary CSV:   results/abce_ablation_summary.csv
Mean CSV:      results/abce_ablation_summary_mean.csv
[PLAN] dataset=assist_09 seed=42 profile=best ablation=full gpu=2
       CMD: /home/zsh/anaconda3/envs/xph_env/bin/python main.py --dataset_name assist_09 --model_variant assist_09_abce_best_full --save_dir checkpoints/abce_diag/remote_writer_residual_matched_probe_20260506_a5a38c6/assist_09/seed42/best_full --log_dir logs/abce_diag/remote_writer_residual_matched_probe_20260506_a5a38c6/assist_09/seed42/best_full --seed 42 --generate_diagnosis False --alpha_min_target 0.05 --batch_size 128 --debug_graph_diag --diag_batches 1 --dropout 0.2 --early_stop_patience 2 --epochs 12 --graph_dropout 0.0 --graph_edge_bias_rank 8 --graph_entropy_max 0.75 --graph_entropy_min 0.25 --graph_headwise_query_gate --graph_identity_residual 0.05 --graph_propagation_alpha 0.24 --graph_query_adapter_enable --graph_query_readout_2hop_scale 0.24 --graph_query_readout_scale 0.7 --graph_reg_cap_ratio 6.0 --graph_reg_warmup_epochs 4 --graph_tau_init 0.55 --graph_topk 12 --graph_uniform_margin 0.1 --knowledge_dim 64 --lambda_alpha 0.0 --lambda_alpha_min 0.08 --lambda_graph_diag 0.1 --lambda_graph_uniform 0.04 --lambda_personal_kl 0.04 --lambda_personal_query_residual 0.08 --lambda_sparse 0.8 --lambda_sparse_personal 0.0005 --learning_rate 0.0003 --max_test_batches 6 --max_train_batches 24 --max_val_batches 6 --min_exer_interactions 0 --min_poison_count 0 --min_stu_interactions 15 --num_gnn_layers 2 --num_relation_heads 2 --num_workers 4 --patience 5 --personal_alpha_base_init 0.05 --personal_alpha_bias_scale 0.0 --personal_alpha_budget 0.1 --personal_alpha_temperature 2.2 --personal_delta_scale 4.0 --personal_disable_student_global_context --personal_id_lr_mult 0.5 --no-personal_include_neighbor_rows --personal_local_hops 1 --personal_max_alpha 0.28 --personal_message_alignment_gate --personal_neighbor_row_budget 0.35 --personal_projection_hidden_factor 2 --personal_query_correction_max_ratio 0.15 --personal_query_correction_min_graph_anchor 0.02 --personal_query_correction_scale 1.2 --personal_query_message_gain 1.0 --personal_query_residual_margin 0.08 --personal_query_row_budget 1.0 --personal_query_support_hops 1 --personal_rank 8 --personal_reg_warmup_epochs 8 --personal_state_lr_mult 1.0 --personal_student_dim 32 --personal_support_include_graph --personal_support_include_query_self --personal_support_only --personal_value_use_global_basis --personal_warmup_epochs 8 --prediction_l2_lambda 1e-05 --save_interval 10 --share_concept_embeddings --use_personal_graph --weight_decay 1e-05
[PLAN] dataset=assist_09 seed=42 profile=best ablation=no_A gpu=3
       CMD: /home/zsh/anaconda3/envs/xph_env/bin/python main.py --dataset_name assist_09 --model_variant assist_09_abce_best_no_A --save_dir checkpoints/abce_diag/remote_writer_residual_matched_probe_20260506_a5a38c6/assist_09/seed42/best_no_A --log_dir logs/abce_diag/remote_writer_residual_matched_probe_20260506_a5a38c6/assist_09/seed42/best_no_A --seed 42 --generate_diagnosis False --alpha_min_target 0.05 --batch_size 128 --debug_graph_diag --diag_batches 1 --dropout 0.2 --early_stop_patience 2 --epochs 12 --graph_dropout 0.0 --graph_edge_bias_rank 8 --graph_entropy_max 0.75 --graph_entropy_min 0.25 --graph_headwise_query_gate --graph_identity_residual 0.05 --graph_propagation_alpha 0.24 --graph_query_adapter_enable --graph_query_readout_2hop_scale 0.24 --graph_query_readout_scale 0.7 --graph_reg_cap_ratio 6.0 --graph_reg_warmup_epochs 4 --graph_tau_init 0.55 --graph_topk 12 --graph_uniform_margin 0.1 --knowledge_dim 64 --lambda_alpha 0.0 --lambda_alpha_min 0.08 --lambda_graph_diag 0.1 --lambda_graph_uniform 0.04 --lambda_personal_kl 0.04 --lambda_personal_query_residual 0.08 --lambda_sparse 0.8 --lambda_sparse_personal 0.0005 --learning_rate 0.0003 --max_test_batches 6 --max_train_batches 24 --max_val_batches 6 --min_exer_interactions 0 --min_poison_count 0 --min_stu_interactions 15 --num_gnn_layers 2 --num_relation_heads 2 --num_workers 4 --patience 5 --personal_alpha_base_init 0.05 --personal_alpha_bias_scale 0.0 --personal_alpha_budget 0.1 --personal_alpha_temperature 2.2 --personal_delta_scale 4.0 --personal_disable_student_global_context --personal_id_lr_mult 0.5 --no-personal_include_neighbor_rows --personal_local_hops 1 --personal_max_alpha 0.28 --personal_message_alignment_gate --personal_neighbor_row_budget 0.35 --personal_projection_hidden_factor 2 --personal_query_correction_max_ratio 0.15 --personal_query_correction_min_graph_anchor 0.02 --personal_query_correction_scale 1.2 --personal_query_message_gain 1.0 --personal_query_residual_margin 0.08 --personal_query_row_budget 1.0 --personal_query_support_hops 1 --personal_rank 8 --personal_reg_warmup_epochs 8 --personal_state_lr_mult 1.0 --personal_student_dim 32 --personal_support_include_graph --personal_support_include_query_self --personal_support_only --personal_value_use_global_basis --personal_warmup_epochs 8 --prediction_l2_lambda 1e-05 --save_interval 10 --share_concept_embeddings --use_personal_graph --weight_decay 1e-05 --ablate_concept_graph
[PLAN] dataset=assist_09 seed=42 profile=best ablation=no_E gpu=0
       CMD: /home/zsh/anaconda3/envs/xph_env/bin/python main.py --dataset_name assist_09 --model_variant assist_09_abce_best_no_E --save_dir checkpoints/abce_diag/remote_writer_residual_matched_probe_20260506_a5a38c6/assist_09/seed42/best_no_E --log_dir logs/abce_diag/remote_writer_residual_matched_probe_20260506_a5a38c6/assist_09/seed42/best_no_E --seed 42 --generate_diagnosis False --alpha_min_target 0.0 --batch_size 128 --debug_graph_diag --diag_batches 1 --dropout 0.2 --early_stop_patience 2 --epochs 12 --graph_dropout 0.0 --graph_edge_bias_rank 8 --graph_entropy_max 0.75 --graph_entropy_min 0.25 --graph_headwise_query_gate --graph_identity_residual 0.05 --graph_propagation_alpha 0.24 --graph_query_adapter_enable --graph_query_readout_2hop_scale 0.24 --graph_query_readout_scale 0.7 --graph_reg_cap_ratio 6.0 --graph_reg_warmup_epochs 4 --graph_tau_init 0.55 --graph_topk 12 --graph_uniform_margin 0.1 --knowledge_dim 64 --lambda_alpha 0.0 --lambda_alpha_min 0.0 --lambda_graph_diag 0.1 --lambda_graph_uniform 0.04 --lambda_personal_kl 0.04 --lambda_personal_query_residual 0.08 --lambda_sparse 0.8 --lambda_sparse_personal 0.0 --learning_rate 0.0003 --max_test_batches 6 --max_train_batches 24 --max_val_batches 6 --min_exer_interactions 0 --min_poison_count 0 --min_stu_interactions 15 --num_gnn_layers 2 --num_relation_heads 2 --num_workers 4 --patience 5 --personal_alpha_base_init 0.05 --personal_alpha_bias_scale 0.0 --personal_alpha_budget 0.1 --personal_alpha_temperature 2.2 --personal_delta_scale 4.0 --personal_disable_student_global_context --personal_id_lr_mult 0.5 --no-personal_include_neighbor_rows --personal_local_hops 1 --personal_max_alpha 0.28 --personal_message_alignment_gate --personal_neighbor_row_budget 0.35 --personal_projection_hidden_factor 2 --personal_query_correction_max_ratio 0.15 --personal_query_correction_min_graph_anchor 0.02 --personal_query_correction_scale 1.2 --personal_query_message_gain 1.0 --personal_query_residual_margin 0.08 --personal_query_row_budget 1.0 --personal_query_support_hops 1 --personal_rank 8 --personal_reg_warmup_epochs 8 --personal_state_lr_mult 1.0 --personal_student_dim 32 --personal_support_include_graph --personal_support_include_query_self --personal_support_only --personal_value_use_global_basis --personal_warmup_epochs 8 --prediction_l2_lambda 1e-05 --save_interval 10 --share_concept_embeddings --no-use_personal_graph --weight_decay 1e-05
2026-05-06 03:11:21,977 - INFO - Arguments:
2026-05-06 03:11:21,977 - INFO -   ablate_concept_graph: False
2026-05-06 03:11:21,977 - INFO -   ablate_module1: False
2026-05-06 03:11:21,977 - INFO -   allow_self_loop: True
2026-05-06 03:11:21,977 - INFO -   alpha_min_target: 0.05
2026-05-06 03:11:21,977 - INFO -   batch_size: 128
2026-05-06 03:11:21,977 - INFO -   data_dir: ./data/assist_09
2026-05-06 03:11:21,977 - INFO -   dataset_name: assist_09
2026-05-06 03:11:21,977 - INFO -   debug_graph_diag: True
2026-05-06 03:11:21,977 - INFO -   diag_batches: 1
2026-05-06 03:11:21,977 - INFO -   disable_self_loop: False
2026-05-06 03:11:21,977 - INFO -   dropout: 0.2
2026-05-06 03:11:21,977 - INFO -   early_stop_patience: 2
2026-05-06 03:11:21,977 - INFO -   enable_module1: True
2026-05-06 03:11:21,977 - INFO -   epochs: 12
2026-05-06 03:11:21,977 - INFO -   generate_diagnosis: False
2026-05-06 03:11:21,977 - INFO -   gnn_residual_weight: 0.5
2026-05-06 03:11:21,977 - INFO -   gpu_candidates: None
2026-05-06 03:11:21,977 - INFO -   gpu_ids: None
2026-05-06 03:11:21,977 - INFO -   gpu_memory_threshold: 2000
2026-05-06 03:11:21,977 - INFO -   gpus: None
2026-05-06 03:11:21,977 - INFO -   graph_dropout: 0.0
2026-05-06 03:11:21,977 - INFO -   graph_edge_bias_rank: 8
2026-05-06 03:11:21,977 - INFO -   graph_entropy_max: 0.75
2026-05-06 03:11:21,977 - INFO -   graph_entropy_min: 0.25
2026-05-06 03:11:21,978 - INFO -   graph_headwise_query_gate: True
2026-05-06 03:11:21,978 - INFO -   graph_identity_residual: 0.05
2026-05-06 03:11:21,978 - INFO -   graph_propagation_alpha: 0.24
2026-05-06 03:11:21,978 - INFO -   graph_query_adapter_enable: True
2026-05-06 03:11:21,978 - INFO -   graph_query_readout_2hop_scale: 0.24
2026-05-06 03:11:21,978 - INFO -   graph_query_readout_scale: 0.7
2026-05-06 03:11:21,978 - INFO -   graph_query_writeback_2hop_scale: 0.24
2026-05-06 03:11:21,978 - INFO -   graph_query_writeback_scale: 0.7
2026-05-06 03:11:21,978 - INFO -   graph_readout_1hop_scale: 0.7
2026-05-06 03:11:21,978 - INFO -   graph_readout_2hop_scale: 0.24
2026-05-06 03:11:21,978 - INFO -   graph_reg_cap_ratio: 6.0
2026-05-06 03:11:21,978 - INFO -   graph_reg_warmup_epochs: 4
2026-05-06 03:11:21,978 - INFO -   graph_tau_init: 0.55
2026-05-06 03:11:21,978 - INFO -   graph_topk: 12
2026-05-06 03:11:21,978 - INFO -   graph_uniform_margin: 0.1
2026-05-06 03:11:21,978 - INFO -   knowledge_dim: 64
2026-05-06 03:11:21,978 - INFO -   lambda_alpha: 0.0
2026-05-06 03:11:21,978 - INFO -   lambda_alpha_min: 0.08
2026-05-06 03:11:21,978 - INFO -   lambda_graph_diag: 0.1
2026-05-06 03:11:21,978 - INFO -   lambda_graph_uniform: 0.04
2026-05-06 03:11:21,978 - INFO -   lambda_personal_kl: 0.04
2026-05-06 03:11:21,978 - INFO -   lambda_personal_query_residual: 0.08
2026-05-06 03:11:21,978 - INFO -   lambda_sparse: 0.8
2026-05-06 03:11:21,978 - INFO -   lambda_sparse_personal: 0.0005
2026-05-06 03:11:21,978 - INFO -   learning_rate: 0.0003
2026-05-06 03:11:21,978 - INFO -   log_dir: logs/abce_diag/remote_writer_residual_matched_probe_20260506_a5a38c6/assist_09/seed42/best_full
2026-05-06 03:11:21,978 - INFO -   max_test_batches: 6
2026-05-06 03:11:21,978 - INFO -   max_train_batches: 24
2026-05-06 03:11:21,978 - INFO -   max_val_batches: 6
2026-05-06 03:11:21,978 - INFO -   min_exer_interactions: 0
2026-05-06 03:11:21,978 - INFO -   min_poison_count: 0
2026-05-06 03:11:21,978 - INFO -   min_stu_interactions: 15
2026-05-06 03:11:21,979 - INFO -   model_variant: assist_09_abce_best_full
2026-05-06 03:11:21,979 - INFO -   multi_gpu: False
2026-05-06 03:11:21,979 - INFO -   no_cuda: False
2026-05-06 03:11:21,979 - INFO -   num_gnn_layers: 2
2026-05-06 03:11:21,979 - INFO -   num_gpus: 1
2026-05-06 03:11:21,979 - INFO -   num_relation_heads: 2
2026-05-06 03:11:21,979 - INFO -   num_workers: 4
2026-05-06 03:11:21,979 - INFO -   patience: 5
2026-05-06 03:11:21,979 - INFO -   personal_alpha_base_init: 0.05
2026-05-06 03:11:21,979 - INFO -   personal_alpha_bias_scale: 0.0
2026-05-06 03:11:21,979 - INFO -   personal_alpha_budget: 0.1
2026-05-06 03:11:21,979 - INFO -   personal_alpha_temperature: 2.2
2026-05-06 03:11:21,979 - INFO -   personal_delta_scale: 4.0
2026-05-06 03:11:21,979 - INFO -   personal_disable_student_global_context: True
2026-05-06 03:11:21,979 - INFO -   personal_id_lr_mult: 0.5
2026-05-06 03:11:21,979 - INFO -   personal_include_neighbor_rows: False
2026-05-06 03:11:21,979 - INFO -   personal_local_hops: 1
2026-05-06 03:11:21,979 - INFO -   personal_max_alpha: 0.28
2026-05-06 03:11:21,979 - INFO -   personal_message_alignment_gate: True
2026-05-06 03:11:21,979 - INFO -   personal_neighbor_row_budget: 0.35
2026-05-06 03:11:21,979 - INFO -   personal_projection_hidden_factor: 2
2026-05-06 03:11:21,979 - INFO -   personal_query_correction_max_ratio: 0.15
2026-05-06 03:11:21,979 - INFO -   personal_query_correction_min_graph_anchor: 0.02
2026-05-06 03:11:21,979 - INFO -   personal_query_correction_scale: 1.2
2026-05-06 03:11:21,979 - INFO -   personal_query_message_gain: 1.0
2026-05-06 03:11:21,979 - INFO -   personal_query_residual_margin: 0.08
2026-05-06 03:11:21,979 - INFO -   personal_query_row_budget: 1.0
2026-05-06 03:11:21,979 - INFO -   personal_query_support_hops: 1
2026-05-06 03:11:21,979 - INFO -   personal_rank: 8
2026-05-06 03:11:21,979 - INFO -   personal_reg_warmup_epochs: 8
2026-05-06 03:11:21,979 - INFO -   personal_state_lr_mult: 1.0
2026-05-06 03:11:21,979 - INFO -   personal_student_dim: 32
2026-05-06 03:11:21,980 - INFO -   personal_support_include_graph: True
2026-05-06 03:11:21,980 - INFO -   personal_support_include_neighbors: False
2026-05-06 03:11:21,980 - INFO -   personal_support_include_query_self: True
2026-05-06 03:11:21,980 - INFO -   personal_support_only: True
2026-05-06 03:11:21,980 - INFO -   personal_value_use_global_basis: True
2026-05-06 03:11:21,980 - INFO -   personal_warmup_epochs: 8
2026-05-06 03:11:21,980 - INFO -   prediction_l2_lambda: 1e-05
2026-05-06 03:11:21,980 - INFO -   save_dir: checkpoints/abce_diag/remote_writer_residual_matched_probe_20260506_a5a38c6/assist_09/seed42/best_full
2026-05-06 03:11:21,980 - INFO -   save_interval: 10
2026-05-06 03:11:21,980 - INFO -   seed: 42
2026-05-06 03:11:21,980 - INFO -   share_concept_embeddings: True
2026-05-06 03:11:21,980 - INFO -   use_concept_graph: True
2026-05-06 03:11:21,980 - INFO -   use_exercise_graph: True
2026-05-06 03:11:21,980 - INFO -   use_personal_graph: True
2026-05-06 03:11:21,980 - INFO -   weight_decay: 1e-05
2026-05-06 03:11:22,099 - INFO - Arguments:
2026-05-06 03:11:22,099 - INFO -   ablate_concept_graph: True
2026-05-06 03:11:22,099 - INFO -   ablate_module1: False
2026-05-06 03:11:22,099 - INFO -   allow_self_loop: True
2026-05-06 03:11:22,099 - INFO -   alpha_min_target: 0.05
2026-05-06 03:11:22,099 - INFO -   batch_size: 128
2026-05-06 03:11:22,099 - INFO -   data_dir: ./data/assist_09
2026-05-06 03:11:22,099 - INFO -   dataset_name: assist_09
2026-05-06 03:11:22,099 - INFO -   debug_graph_diag: True
2026-05-06 03:11:22,099 - INFO -   diag_batches: 1
2026-05-06 03:11:22,099 - INFO -   disable_self_loop: False
2026-05-06 03:11:22,099 - INFO -   dropout: 0.2
2026-05-06 03:11:22,099 - INFO -   early_stop_patience: 2
2026-05-06 03:11:22,099 - INFO -   enable_module1: True
2026-05-06 03:11:22,099 - INFO -   epochs: 12
2026-05-06 03:11:22,099 - INFO -   generate_diagnosis: False
2026-05-06 03:11:22,099 - INFO -   gnn_residual_weight: 0.5
2026-05-06 03:11:22,099 - INFO -   gpu_candidates: None
2026-05-06 03:11:22,099 - INFO -   gpu_ids: None
2026-05-06 03:11:22,099 - INFO -   gpu_memory_threshold: 2000
2026-05-06 03:11:22,099 - INFO -   gpus: None
2026-05-06 03:11:22,099 - INFO -   graph_dropout: 0.0
2026-05-06 03:11:22,099 - INFO -   graph_edge_bias_rank: 8
2026-05-06 03:11:22,099 - INFO -   graph_entropy_max: 0.75
2026-05-06 03:11:22,100 - INFO -   graph_entropy_min: 0.25
2026-05-06 03:11:22,100 - INFO -   graph_headwise_query_gate: True
2026-05-06 03:11:22,100 - INFO -   graph_identity_residual: 0.05
2026-05-06 03:11:22,100 - INFO -   graph_propagation_alpha: 0.24
2026-05-06 03:11:22,100 - INFO -   graph_query_adapter_enable: True
2026-05-06 03:11:22,100 - INFO -   graph_query_readout_2hop_scale: 0.24
2026-05-06 03:11:22,100 - INFO -   graph_query_readout_scale: 0.7
2026-05-06 03:11:22,100 - INFO -   graph_query_writeback_2hop_scale: 0.24
2026-05-06 03:11:22,100 - INFO -   graph_query_writeback_scale: 0.7
2026-05-06 03:11:22,100 - INFO -   graph_readout_1hop_scale: 0.7
2026-05-06 03:11:22,100 - INFO -   graph_readout_2hop_scale: 0.24
2026-05-06 03:11:22,100 - INFO -   graph_reg_cap_ratio: 6.0
2026-05-06 03:11:22,100 - INFO -   graph_reg_warmup_epochs: 4
2026-05-06 03:11:22,100 - INFO -   graph_tau_init: 0.55
2026-05-06 03:11:22,100 - INFO -   graph_topk: 12
2026-05-06 03:11:22,100 - INFO -   graph_uniform_margin: 0.1
2026-05-06 03:11:22,100 - INFO -   knowledge_dim: 64
2026-05-06 03:11:22,100 - INFO -   lambda_alpha: 0.0
2026-05-06 03:11:22,100 - INFO -   lambda_alpha_min: 0.08
2026-05-06 03:11:22,100 - INFO -   lambda_graph_diag: 0.1
2026-05-06 03:11:22,100 - INFO -   lambda_graph_uniform: 0.04
2026-05-06 03:11:22,100 - INFO -   lambda_personal_kl: 0.04
2026-05-06 03:11:22,100 - INFO -   lambda_personal_query_residual: 0.08
2026-05-06 03:11:22,100 - INFO -   lambda_sparse: 0.8
2026-05-06 03:11:22,100 - INFO -   lambda_sparse_personal: 0.0005
2026-05-06 03:11:22,100 - INFO -   learning_rate: 0.0003
2026-05-06 03:11:22,100 - INFO -   log_dir: logs/abce_diag/remote_writer_residual_matched_probe_20260506_a5a38c6/assist_09/seed42/best_no_A
2026-05-06 03:11:22,100 - INFO -   max_test_batches: 6
2026-05-06 03:11:22,100 - INFO -   max_train_batches: 24
2026-05-06 03:11:22,100 - INFO -   max_val_batches: 6
2026-05-06 03:11:22,100 - INFO -   min_exer_interactions: 0
2026-05-06 03:11:22,101 - INFO -   min_poison_count: 0
2026-05-06 03:11:22,101 - INFO -   min_stu_interactions: 15
2026-05-06 03:11:22,101 - INFO -   model_variant: assist_09_abce_best_no_A
2026-05-06 03:11:22,101 - INFO -   multi_gpu: False
2026-05-06 03:11:22,101 - INFO -   no_cuda: False
2026-05-06 03:11:22,101 - INFO -   num_gnn_layers: 2
2026-05-06 03:11:22,101 - INFO -   num_gpus: 1
2026-05-06 03:11:22,101 - INFO -   num_relation_heads: 2
2026-05-06 03:11:22,101 - INFO -   num_workers: 4
2026-05-06 03:11:22,101 - INFO -   patience: 5
2026-05-06 03:11:22,101 - INFO -   personal_alpha_base_init: 0.05
2026-05-06 03:11:22,101 - INFO -   personal_alpha_bias_scale: 0.0
2026-05-06 03:11:22,101 - INFO -   personal_alpha_budget: 0.1
2026-05-06 03:11:22,101 - INFO -   personal_alpha_temperature: 2.2
2026-05-06 03:11:22,101 - INFO -   personal_delta_scale: 4.0
2026-05-06 03:11:22,101 - INFO -   personal_disable_student_global_context: True
2026-05-06 03:11:22,101 - INFO -   personal_id_lr_mult: 0.5
2026-05-06 03:11:22,101 - INFO -   personal_include_neighbor_rows: False
2026-05-06 03:11:22,101 - INFO -   personal_local_hops: 1
2026-05-06 03:11:22,101 - INFO -   personal_max_alpha: 0.28
2026-05-06 03:11:22,101 - INFO -   personal_message_alignment_gate: True
2026-05-06 03:11:22,101 - INFO -   personal_neighbor_row_budget: 0.35
2026-05-06 03:11:22,101 - INFO -   personal_projection_hidden_factor: 2
2026-05-06 03:11:22,101 - INFO -   personal_query_correction_max_ratio: 0.15
2026-05-06 03:11:22,101 - INFO -   personal_query_correction_min_graph_anchor: 0.02
2026-05-06 03:11:22,101 - INFO -   personal_query_correction_scale: 1.2
2026-05-06 03:11:22,101 - INFO -   personal_query_message_gain: 1.0
2026-05-06 03:11:22,101 - INFO -   personal_query_residual_margin: 0.08
2026-05-06 03:11:22,101 - INFO -   personal_query_row_budget: 1.0
2026-05-06 03:11:22,101 - INFO -   personal_query_support_hops: 1
2026-05-06 03:11:22,101 - INFO -   personal_rank: 8
2026-05-06 03:11:22,101 - INFO -   personal_reg_warmup_epochs: 8
2026-05-06 03:11:22,102 - INFO -   personal_state_lr_mult: 1.0
2026-05-06 03:11:22,102 - INFO -   personal_student_dim: 32
2026-05-06 03:11:22,102 - INFO -   personal_support_include_graph: True
2026-05-06 03:11:22,102 - INFO -   personal_support_include_neighbors: False
2026-05-06 03:11:22,102 - INFO -   personal_support_include_query_self: True
2026-05-06 03:11:22,102 - INFO -   personal_support_only: True
2026-05-06 03:11:22,102 - INFO -   personal_value_use_global_basis: True
2026-05-06 03:11:22,102 - INFO -   personal_warmup_epochs: 8
2026-05-06 03:11:22,102 - INFO -   prediction_l2_lambda: 1e-05
2026-05-06 03:11:22,102 - INFO -   save_dir: checkpoints/abce_diag/remote_writer_residual_matched_probe_20260506_a5a38c6/assist_09/seed42/best_no_A
2026-05-06 03:11:22,102 - INFO -   save_interval: 10
2026-05-06 03:11:22,102 - INFO -   seed: 42
2026-05-06 03:11:22,102 - INFO -   share_concept_embeddings: True
2026-05-06 03:11:22,102 - INFO -   use_concept_graph: False
2026-05-06 03:11:22,102 - INFO -   use_exercise_graph: False
2026-05-06 03:11:22,102 - INFO -   use_personal_graph: True
2026-05-06 03:11:22,102 - INFO -   weight_decay: 1e-05
[GPU] Status: [GPU 2: 24088MiB free]
2026-05-06 03:11:22,114 - INFO - Arguments:
2026-05-06 03:11:22,114 - INFO -   ablate_concept_graph: False
2026-05-06 03:11:22,114 - INFO -   ablate_module1: False
2026-05-06 03:11:22,114 - INFO -   allow_self_loop: True
2026-05-06 03:11:22,114 - INFO -   alpha_min_target: 0.0
2026-05-06 03:11:22,115 - INFO -   batch_size: 128
2026-05-06 03:11:22,115 - INFO -   data_dir: ./data/assist_09
2026-05-06 03:11:22,115 - INFO -   dataset_name: assist_09
2026-05-06 03:11:22,115 - INFO -   debug_graph_diag: True
2026-05-06 03:11:22,115 - INFO -   diag_batches: 1
2026-05-06 03:11:22,115 - INFO -   disable_self_loop: False
2026-05-06 03:11:22,115 - INFO -   dropout: 0.2
2026-05-06 03:11:22,115 - INFO -   early_stop_patience: 2
2026-05-06 03:11:22,115 - INFO -   enable_module1: True
2026-05-06 03:11:22,115 - INFO -   epochs: 12
2026-05-06 03:11:22,115 - INFO -   generate_diagnosis: False
2026-05-06 03:11:22,115 - INFO -   gnn_residual_weight: 0.5
2026-05-06 03:11:22,115 - INFO -   gpu_candidates: None
2026-05-06 03:11:22,115 - INFO -   gpu_ids: None
2026-05-06 03:11:22,115 - INFO -   gpu_memory_threshold: 2000
2026-05-06 03:11:22,115 - INFO -   gpus: None
2026-05-06 03:11:22,115 - INFO -   graph_dropout: 0.0
2026-05-06 03:11:22,115 - INFO -   graph_edge_bias_rank: 8
2026-05-06 03:11:22,115 - INFO -   graph_entropy_max: 0.75
2026-05-06 03:11:22,115 - INFO -   graph_entropy_min: 0.25
2026-05-06 03:11:22,115 - INFO -   graph_headwise_query_gate: True
2026-05-06 03:11:22,115 - INFO -   graph_identity_residual: 0.05
2026-05-06 03:11:22,116 - INFO -   graph_propagation_alpha: 0.24
2026-05-06 03:11:22,116 - INFO -   graph_query_adapter_enable: True
2026-05-06 03:11:22,116 - INFO -   graph_query_readout_2hop_scale: 0.24
2026-05-06 03:11:22,116 - INFO -   graph_query_readout_scale: 0.7
2026-05-06 03:11:22,116 - INFO -   graph_query_writeback_2hop_scale: 0.24
2026-05-06 03:11:22,116 - INFO -   graph_query_writeback_scale: 0.7
2026-05-06 03:11:22,116 - INFO -   graph_readout_1hop_scale: 0.7
2026-05-06 03:11:22,116 - INFO -   graph_readout_2hop_scale: 0.24
2026-05-06 03:11:22,116 - INFO -   graph_reg_cap_ratio: 6.0
2026-05-06 03:11:22,116 - INFO -   graph_reg_warmup_epochs: 4
2026-05-06 03:11:22,116 - INFO -   graph_tau_init: 0.55
2026-05-06 03:11:22,116 - INFO -   graph_topk: 12
2026-05-06 03:11:22,116 - INFO -   graph_uniform_margin: 0.1
2026-05-06 03:11:22,116 - INFO -   knowledge_dim: 64
2026-05-06 03:11:22,116 - INFO -   lambda_alpha: 0.0
2026-05-06 03:11:22,116 - INFO -   lambda_alpha_min: 0.0
2026-05-06 03:11:22,116 - INFO -   lambda_graph_diag: 0.1
2026-05-06 03:11:22,116 - INFO -   lambda_graph_uniform: 0.04
2026-05-06 03:11:22,116 - INFO -   lambda_personal_kl: 0.04
2026-05-06 03:11:22,116 - INFO -   lambda_personal_query_residual: 0.08
2026-05-06 03:11:22,116 - INFO -   lambda_sparse: 0.8
2026-05-06 03:11:22,116 - INFO -   lambda_sparse_personal: 0.0
2026-05-06 03:11:22,117 - INFO -   learning_rate: 0.0003
2026-05-06 03:11:22,117 - INFO -   log_dir: logs/abce_diag/remote_writer_residual_matched_probe_20260506_a5a38c6/assist_09/seed42/best_no_E
2026-05-06 03:11:22,117 - INFO -   max_test_batches: 6
2026-05-06 03:11:22,117 - INFO -   max_train_batches: 24
2026-05-06 03:11:22,117 - INFO -   max_val_batches: 6
2026-05-06 03:11:22,117 - INFO -   min_exer_interactions: 0
2026-05-06 03:11:22,117 - INFO -   min_poison_count: 0
2026-05-06 03:11:22,117 - INFO -   min_stu_interactions: 15
2026-05-06 03:11:22,117 - INFO -   model_variant: assist_09_abce_best_no_E
2026-05-06 03:11:22,117 - INFO -   multi_gpu: False
2026-05-06 03:11:22,117 - INFO -   no_cuda: False
2026-05-06 03:11:22,117 - INFO -   num_gnn_layers: 2
2026-05-06 03:11:22,117 - INFO -   num_gpus: 1
2026-05-06 03:11:22,117 - INFO -   num_relation_heads: 2
2026-05-06 03:11:22,117 - INFO -   num_workers: 4
2026-05-06 03:11:22,117 - INFO -   patience: 5
2026-05-06 03:11:22,117 - INFO -   personal_alpha_base_init: 0.05
2026-05-06 03:11:22,117 - INFO -   personal_alpha_bias_scale: 0.0
2026-05-06 03:11:22,117 - INFO -   personal_alpha_budget: 0.1
2026-05-06 03:11:22,117 - INFO -   personal_alpha_temperature: 2.2
2026-05-06 03:11:22,117 - INFO -   personal_delta_scale: 4.0
2026-05-06 03:11:22,117 - INFO -   personal_disable_student_global_context: True
2026-05-06 03:11:22,118 - INFO -   personal_id_lr_mult: 0.5
2026-05-06 03:11:22,118 - INFO -   personal_include_neighbor_rows: False
2026-05-06 03:11:22,118 - INFO -   personal_local_hops: 1
2026-05-06 03:11:22,118 - INFO -   personal_max_alpha: 0.28
2026-05-06 03:11:22,118 - INFO -   personal_message_alignment_gate: True
2026-05-06 03:11:22,118 - INFO -   personal_neighbor_row_budget: 0.35
2026-05-06 03:11:22,118 - INFO -   personal_projection_hidden_factor: 2
2026-05-06 03:11:22,118 - INFO -   personal_query_correction_max_ratio: 0.15
2026-05-06 03:11:22,118 - INFO -   personal_query_correction_min_graph_anchor: 0.02
2026-05-06 03:11:22,118 - INFO -   personal_query_correction_scale: 1.2
2026-05-06 03:11:22,118 - INFO -   personal_query_message_gain: 1.0
2026-05-06 03:11:22,118 - INFO -   personal_query_residual_margin: 0.08
2026-05-06 03:11:22,118 - INFO -   personal_query_row_budget: 1.0
2026-05-06 03:11:22,118 - INFO -   personal_query_support_hops: 1
2026-05-06 03:11:22,118 - INFO -   personal_rank: 8
2026-05-06 03:11:22,118 - INFO -   personal_reg_warmup_epochs: 8
2026-05-06 03:11:22,118 - INFO -   personal_state_lr_mult: 1.0
2026-05-06 03:11:22,118 - INFO -   personal_student_dim: 32
2026-05-06 03:11:22,118 - INFO -   personal_support_include_graph: True
2026-05-06 03:11:22,118 - INFO -   personal_support_include_neighbors: False
2026-05-06 03:11:22,118 - INFO -   personal_support_include_query_self: True
2026-05-06 03:11:22,118 - INFO -   personal_support_only: True
2026-05-06 03:11:22,119 - INFO -   personal_value_use_global_basis: True
2026-05-06 03:11:22,119 - INFO -   personal_warmup_epochs: 8
2026-05-06 03:11:22,119 - INFO -   prediction_l2_lambda: 1e-05
2026-05-06 03:11:22,119 - INFO -   save_dir: checkpoints/abce_diag/remote_writer_residual_matched_probe_20260506_a5a38c6/assist_09/seed42/best_no_E
2026-05-06 03:11:22,119 - INFO -   save_interval: 10
2026-05-06 03:11:22,119 - INFO -   seed: 42
2026-05-06 03:11:22,119 - INFO -   share_concept_embeddings: True
2026-05-06 03:11:22,119 - INFO -   use_concept_graph: True
2026-05-06 03:11:22,119 - INFO -   use_exercise_graph: True
2026-05-06 03:11:22,119 - INFO -   use_personal_graph: False
2026-05-06 03:11:22,119 - INFO -   weight_decay: 1e-05
[GPU] Status: [GPU 3: 24088MiB free]
2026-05-06 03:11:22,148 - INFO - Using device: cuda:0 (physical gpu 2)
2026-05-06 03:11:22,148 - INFO - [assist_09|assist_09_abce_best_full|lr=0.0003|drop=0.20] Loading datasets...
2026-05-06 03:11:22,148 - INFO - [assist_09|assist_09_abce_best_full|lr=0.0003|drop=0.20] Regularization: graph_entropy(lambda_sparse)=0.800000, graph_diag=0.100000, graph_uniform=0.040000, personal_sparse=0.000500, personal_kl=0.040000, personal_query_residual=0.080000, alpha_penalty=0.000000, alpha_min=0.080000, prediction_l2=0.000010
2026-05-06 03:11:22,148 - INFO - [assist_09|assist_09_abce_best_full|lr=0.0003|drop=0.20] Graph controls: entropy_band=[0.25, 0.75], uniform_margin=0.10, warmup_epochs=4, cap_ratio=6.00, graph_dropout=0.000, graph_tau_init=0.550
2026-05-06 03:11:22,148 - INFO - [assist_09|assist_09_abce_best_full|lr=0.0003|drop=0.20] Personal controls: personal_max_alpha=0.280, personal_delta_scale=4.000, personal_warmup_epochs=8, personal_student_dim=32, alpha_min_target=0.0500, personal_local_hops=1, include_neighbor_rows=False, personal_support_only=True, personal_alpha_temperature=2.200, personal_alpha_budget=0.100, personal_query_row_budget=1.000, personal_neighbor_row_budget=0.350, personal_query_support_hops=1, personal_query_message_gain=1.000, personal_query_correction_scale=1.200, personal_state_lr_mult=1.000, personal_id_lr_mult=0.500, graph_propagation_alpha=0.240, graph_query_readout_scale=0.700, graph_query_readout_2hop_scale=0.240
[GPU] Status: [GPU 0: 23459MiB free]
2026-05-06 03:11:22,192 - INFO - Using device: cuda:0 (physical gpu 3)
2026-05-06 03:11:22,192 - INFO - [assist_09|assist_09_abce_best_no_A|lr=0.0003|drop=0.20] Loading datasets...
2026-05-06 03:11:22,192 - INFO - [assist_09|assist_09_abce_best_no_A|lr=0.0003|drop=0.20] Regularization: graph_entropy(lambda_sparse)=0.800000, graph_diag=0.100000, graph_uniform=0.040000, personal_sparse=0.000500, personal_kl=0.040000, personal_query_residual=0.080000, alpha_penalty=0.000000, alpha_min=0.080000, prediction_l2=0.000010
2026-05-06 03:11:22,192 - INFO - [assist_09|assist_09_abce_best_no_A|lr=0.0003|drop=0.20] Graph controls: entropy_band=[0.25, 0.75], uniform_margin=0.10, warmup_epochs=4, cap_ratio=6.00, graph_dropout=0.000, graph_tau_init=0.550
2026-05-06 03:11:22,192 - INFO - [assist_09|assist_09_abce_best_no_A|lr=0.0003|drop=0.20] Personal controls: personal_max_alpha=0.280, personal_delta_scale=4.000, personal_warmup_epochs=8, personal_student_dim=32, alpha_min_target=0.0500, personal_local_hops=1, include_neighbor_rows=False, personal_support_only=True, personal_alpha_temperature=2.200, personal_alpha_budget=0.100, personal_query_row_budget=1.000, personal_neighbor_row_budget=0.350, personal_query_support_hops=1, personal_query_message_gain=1.000, personal_query_correction_scale=1.200, personal_state_lr_mult=1.000, personal_id_lr_mult=0.500, graph_propagation_alpha=0.240, graph_query_readout_scale=0.700, graph_query_readout_2hop_scale=0.240
2026-05-06 03:11:22,208 - INFO - Using device: cuda:0
2026-05-06 03:11:22,209 - INFO - [assist_09|assist_09_abce_best_no_E|lr=0.0003|drop=0.20] Loading datasets...
2026-05-06 03:11:22,209 - INFO - [assist_09|assist_09_abce_best_no_E|lr=0.0003|drop=0.20] Regularization: graph_entropy(lambda_sparse)=0.800000, graph_diag=0.100000, graph_uniform=0.040000, personal_sparse=0.000000, personal_kl=0.040000, personal_query_residual=0.080000, alpha_penalty=0.000000, alpha_min=0.000000, prediction_l2=0.000010
2026-05-06 03:11:22,209 - INFO - [assist_09|assist_09_abce_best_no_E|lr=0.0003|drop=0.20] Graph controls: entropy_band=[0.25, 0.75], uniform_margin=0.10, warmup_epochs=4, cap_ratio=6.00, graph_dropout=0.000, graph_tau_init=0.550
2026-05-06 03:11:22,209 - INFO - [assist_09|assist_09_abce_best_no_E|lr=0.0003|drop=0.20] Personal controls: personal_max_alpha=0.280, personal_delta_scale=4.000, personal_warmup_epochs=8, personal_student_dim=32, alpha_min_target=0.0000, personal_local_hops=1, include_neighbor_rows=False, personal_support_only=True, personal_alpha_temperature=2.200, personal_alpha_budget=0.100, personal_query_row_budget=1.000, personal_neighbor_row_budget=0.350, personal_query_support_hops=1, personal_query_message_gain=1.000, personal_query_correction_scale=1.200, personal_state_lr_mult=1.000, personal_id_lr_mult=0.500, graph_propagation_alpha=0.240, graph_query_readout_scale=0.700, graph_query_readout_2hop_scale=0.240
2026-05-06 03:11:22,248 - INFO - [assist_09] [数据清洗] 学生交互次数 < 15 次的学生：共移除 313 个学生（仅统计用户数）
2026-05-06 03:11:22,264 - INFO - [assist_09] [数据清洗] 学生冷启动过滤：在 train/valid/test 中共删除 5118 条记录。
2026-05-06 03:11:22,264 - INFO - [assist_09] [数据清洗] 跳过题目冷门过滤（min_exer_interactions <= 0）。
2026-05-06 03:11:22,264 - INFO - [assist_09] [数据清洗] 跳过毒题清洗（min_poison_count <= 0）。
2026-05-06 03:11:22,264 - INFO - [assist_09] 正在构建ID映射...
2026-05-06 03:11:22,291 - INFO - [assist_09] [数据清洗] 学生交互次数 < 15 次的学生：共移除 313 个学生（仅统计用户数）
2026-05-06 03:11:22,307 - INFO - [assist_09] [数据清洗] 学生冷启动过滤：在 train/valid/test 中共删除 5118 条记录。
2026-05-06 03:11:22,307 - INFO - [assist_09] [数据清洗] 跳过题目冷门过滤（min_exer_interactions <= 0）。
2026-05-06 03:11:22,307 - INFO - [assist_09] [数据清洗] 跳过毒题清洗（min_poison_count <= 0）。
2026-05-06 03:11:22,307 - INFO - [assist_09] 正在构建ID映射...
2026-05-06 03:11:22,310 - INFO - [assist_09] [数据清洗] 学生交互次数 < 15 次的学生：共移除 313 个学生（仅统计用户数）
2026-05-06 03:11:22,325 - INFO - [assist_09] [数据清洗] 学生冷启动过滤：在 train/valid/test 中共删除 5118 条记录。
2026-05-06 03:11:22,325 - INFO - [assist_09] [数据清洗] 跳过题目冷门过滤（min_exer_interactions <= 0）。
2026-05-06 03:11:22,325 - INFO - [assist_09] [数据清洗] 跳过毒题清洗（min_poison_count <= 0）。
2026-05-06 03:11:22,325 - INFO - [assist_09] 正在构建ID映射...
2026-05-06 03:11:22,508 - INFO - [assist_09] 正在构建Q矩阵...
2026-05-06 03:11:22,549 - INFO - [assist_09] 正在构建Q矩阵...
2026-05-06 03:11:22,572 - INFO - [assist_09] 正在构建Q矩阵...
2026-05-06 03:11:29,093 - INFO - [assist_09] [数据清洗] Valid train-seen 过滤：before=20072, after=19875, dropped=197, coverage=99.02%
2026-05-06 03:11:29,099 - INFO - [assist_09] [数据清洗] Test train-seen 过滤：before=51610, after=51090, dropped=520, coverage=98.99%
2026-05-06 03:11:29,102 - INFO - [assist_09] [统计] 开始统计清洗后每道题的概念数量分布...
2026-05-06 03:11:29,107 - INFO - [assist_09] [Train] 概念数统计：题目数=17057, 平均概念数=1.1995, min=1, max=4, 1概念=14129 (82.83%), ≥2概念=2928 (17.17%)
2026-05-06 03:11:29,108 - INFO - [assist_09] [Train] 概念数直方图（概念数: 题目数量）: {1: 14129, 2: 2533, 3: 315, 4: 80}
2026-05-06 03:11:29,111 - INFO - [assist_09] [Valid] 概念数统计：题目数=9034, 平均概念数=1.1996, min=1, max=4, 1概念=7500 (83.02%), ≥2概念=1534 (16.98%)
2026-05-06 03:11:29,111 - INFO - [assist_09] [Valid] 概念数直方图（概念数: 题目数量）: {1: 7500, 2: 1314, 3: 171, 4: 49}
2026-05-06 03:11:29,114 - INFO - [assist_09] [Test] 概念数统计：题目数=12825, 平均概念数=1.1994, min=1, max=4, 1概念=10661 (83.13%), ≥2概念=2164 (16.87%)
2026-05-06 03:11:29,115 - INFO - [assist_09] [Test] 概念数直方图（概念数: 题目数量）: {1: 10661, 2: 1836, 3: 263, 4: 65}
2026-05-06 03:11:29,115 - INFO - [assist_09] [统计] 概念数量统计完成。
2026-05-06 03:11:29,115 - INFO - [assist_09] 正在加载数据集...
2026-05-06 03:11:29,191 - INFO - [assist_09|assist_09_abce_best_full|lr=0.0003|drop=0.20] Train samples: 190623, Val samples: 19875
2026-05-06 03:11:29,191 - INFO - [assist_09|assist_09_abce_best_full|lr=0.0003|drop=0.20] Number of students: 2180
2026-05-06 03:11:29,191 - INFO - [assist_09|assist_09_abce_best_full|lr=0.0003|drop=0.20] Number of exercises: 17057
2026-05-06 03:11:29,191 - INFO - [assist_09|assist_09_abce_best_full|lr=0.0003|drop=0.20] Number of concepts: 123
2026-05-06 03:11:29,191 - INFO - [assist_09|assist_09_abce_best_full|lr=0.0003|drop=0.20] Creating model...
2026-05-06 03:11:29,191 - INFO - [assist_09|assist_09_abce_best_full|lr=0.0003|drop=0.20] Ablation switches: ablate_module1=False | enable_module1=True | use_concept_graph=True | effective(num_gnn_layers=2)
2026-05-06 03:11:29,319 - INFO - [assist_09|assist_09_abce_best_full|lr=0.0003|drop=0.20] Ablation runtime check: args(ablate_module1=False) | expect(use_concept_graph=True,use_personal_graph=True) | model(enable_module1=True,use_concept_graph=True,use_personal_graph=True) | physical(has_knowledge_encoder=True,has_relation_learning=True,has_adaptive_gate=True,has_personal_generator=True)
2026-05-06 03:11:29,319 - INFO - [assist_09|assist_09_abce_best_full|lr=0.0003|drop=0.20] Debug diagnostics enabled: diag_batches=1
2026-05-06 03:11:29,343 - INFO - [assist_09|assist_09_abce_best_full|lr=0.0003|drop=0.20] [Graph Init] graph_tau_mean=1.0055, graph_tau_std=0.0000, graph_dropout=0.000, use_personal_graph=True
2026-05-06 03:11:29,343 - INFO - [assist_09|assist_09_abce_best_full|lr=0.0003|drop=0.20] Total parameters: 1,027,329
2026-05-06 03:11:29,343 - INFO - [assist_09|assist_09_abce_best_full|lr=0.0003|drop=0.20] Trainable parameters: 1,027,329
2026-05-06 03:11:29,949 - INFO - [assist_09] [数据清洗] Valid train-seen 过滤：before=20072, after=19875, dropped=197, coverage=99.02%
2026-05-06 03:11:29,959 - INFO - [assist_09] [数据清洗] Test train-seen 过滤：before=51610, after=51090, dropped=520, coverage=98.99%
2026-05-06 03:11:29,960 - INFO - [assist_09] [统计] 开始统计清洗后每道题的概念数量分布...
2026-05-06 03:11:29,968 - INFO - [assist_09] [Train] 概念数统计：题目数=17057, 平均概念数=1.1995, min=1, max=4, 1概念=14129 (82.83%), ≥2概念=2928 (17.17%)
2026-05-06 03:11:29,968 - INFO - [assist_09] [Train] 概念数直方图（概念数: 题目数量）: {1: 14129, 2: 2533, 3: 315, 4: 80}
2026-05-06 03:11:29,971 - INFO - [assist_09] [Valid] 概念数统计：题目数=9034, 平均概念数=1.1996, min=1, max=4, 1概念=7500 (83.02%), ≥2概念=1534 (16.98%)
2026-05-06 03:11:29,971 - INFO - [assist_09] [Valid] 概念数直方图（概念数: 题目数量）: {1: 7500, 2: 1314, 3: 171, 4: 49}
2026-05-06 03:11:29,975 - INFO - [assist_09] [Test] 概念数统计：题目数=12825, 平均概念数=1.1994, min=1, max=4, 1概念=10661 (83.13%), ≥2概念=2164 (16.87%)
2026-05-06 03:11:29,975 - INFO - [assist_09] [Test] 概念数直方图（概念数: 题目数量）: {1: 10661, 2: 1836, 3: 263, 4: 65}
2026-05-06 03:11:29,975 - INFO - [assist_09] [统计] 概念数量统计完成。
2026-05-06 03:11:29,975 - INFO - [assist_09] 正在加载数据集...
2026-05-06 03:11:30,051 - INFO - [assist_09|assist_09_abce_best_no_E|lr=0.0003|drop=0.20] Train samples: 190623, Val samples: 19875
2026-05-06 03:11:30,051 - INFO - [assist_09|assist_09_abce_best_no_E|lr=0.0003|drop=0.20] Number of students: 2180
2026-05-06 03:11:30,051 - INFO - [assist_09|assist_09_abce_best_no_E|lr=0.0003|drop=0.20] Number of exercises: 17057
2026-05-06 03:11:30,051 - INFO - [assist_09|assist_09_abce_best_no_E|lr=0.0003|drop=0.20] Number of concepts: 123
2026-05-06 03:11:30,051 - INFO - [assist_09|assist_09_abce_best_no_E|lr=0.0003|drop=0.20] Creating model...
2026-05-06 03:11:30,051 - INFO - [assist_09|assist_09_abce_best_no_E|lr=0.0003|drop=0.20] Ablation switches: ablate_module1=False | enable_module1=True | use_concept_graph=True | effective(num_gnn_layers=2)
2026-05-06 03:11:30,179 - INFO - [assist_09|assist_09_abce_best_no_E|lr=0.0003|drop=0.20] Ablation runtime check: args(ablate_module1=False) | expect(use_concept_graph=True,use_personal_graph=False) | model(enable_module1=True,use_concept_graph=True,use_personal_graph=False) | physical(has_knowledge_encoder=True,has_relation_learning=True,has_adaptive_gate=False,has_personal_generator=False)
2026-05-06 03:11:30,180 - INFO - [assist_09|assist_09_abce_best_no_E|lr=0.0003|drop=0.20] Debug diagnostics enabled: diag_batches=1
2026-05-06 03:11:30,204 - INFO - [assist_09|assist_09_abce_best_no_E|lr=0.0003|drop=0.20] [Graph Init] graph_tau_mean=1.0055, graph_tau_std=0.0000, graph_dropout=0.000, use_personal_graph=False
2026-05-06 03:11:30,204 - INFO - [assist_09|assist_09_abce_best_no_E|lr=0.0003|drop=0.20] Total parameters: 307,187
2026-05-06 03:11:30,204 - INFO - [assist_09|assist_09_abce_best_no_E|lr=0.0003|drop=0.20] Trainable parameters: 307,187
2026-05-06 03:11:30,298 - INFO - [assist_09|assist_09_abce_best_full|lr=0.0003|drop=0.20] Optimizer param groups: backbone@lr=0.0003, personal_state@lr=0.0003, personal_id@lr=0.00015
2026-05-06 03:11:30,298 - INFO - [assist_09|assist_09_abce_best_full|lr=0.0003|drop=0.20] Monitor config: scheduler=val_auc(max), best_checkpoint=val_auc(max), early_stop=val_auc(max)
2026-05-06 03:11:30,298 - INFO - [assist_09|assist_09_abce_best_full|lr=0.0003|drop=0.20] Starting training...
2026-05-06 03:11:30,654 - INFO - [assist_09] [数据清洗] Valid train-seen 过滤：before=20072, after=19875, dropped=197, coverage=99.02%
2026-05-06 03:11:30,662 - INFO - [assist_09] [数据清洗] Test train-seen 过滤：before=51610, after=51090, dropped=520, coverage=98.99%
2026-05-06 03:11:30,663 - INFO - [assist_09] [统计] 开始统计清洗后每道题的概念数量分布...
2026-05-06 03:11:30,672 - INFO - [assist_09] [Train] 概念数统计：题目数=17057, 平均概念数=1.1995, min=1, max=4, 1概念=14129 (82.83%), ≥2概念=2928 (17.17%)
2026-05-06 03:11:30,672 - INFO - [assist_09] [Train] 概念数直方图（概念数: 题目数量）: {1: 14129, 2: 2533, 3: 315, 4: 80}
2026-05-06 03:11:30,675 - INFO - [assist_09] [Valid] 概念数统计：题目数=9034, 平均概念数=1.1996, min=1, max=4, 1概念=7500 (83.02%), ≥2概念=1534 (16.98%)
2026-05-06 03:11:30,675 - INFO - [assist_09] [Valid] 概念数直方图（概念数: 题目数量）: {1: 7500, 2: 1314, 3: 171, 4: 49}
2026-05-06 03:11:30,679 - INFO - [assist_09] [Test] 概念数统计：题目数=12825, 平均概念数=1.1994, min=1, max=4, 1概念=10661 (83.13%), ≥2概念=2164 (16.87%)
2026-05-06 03:11:30,680 - INFO - [assist_09] [Test] 概念数直方图（概念数: 题目数量）: {1: 10661, 2: 1836, 3: 263, 4: 65}
2026-05-06 03:11:30,680 - INFO - [assist_09] [统计] 概念数量统计完成。
2026-05-06 03:11:30,680 - INFO - [assist_09] 正在加载数据集...
2026-05-06 03:11:30,763 - INFO - [assist_09|assist_09_abce_best_no_A|lr=0.0003|drop=0.20] Train samples: 190623, Val samples: 19875
2026-05-06 03:11:30,763 - INFO - [assist_09|assist_09_abce_best_no_A|lr=0.0003|drop=0.20] Number of students: 2180
2026-05-06 03:11:30,763 - INFO - [assist_09|assist_09_abce_best_no_A|lr=0.0003|drop=0.20] Number of exercises: 17057
2026-05-06 03:11:30,763 - INFO - [assist_09|assist_09_abce_best_no_A|lr=0.0003|drop=0.20] Number of concepts: 123
2026-05-06 03:11:30,763 - INFO - [assist_09|assist_09_abce_best_no_A|lr=0.0003|drop=0.20] Creating model...
2026-05-06 03:11:30,763 - INFO - [assist_09|assist_09_abce_best_no_A|lr=0.0003|drop=0.20] Ablation switches: ablate_module1=False | enable_module1=True | use_concept_graph=False | effective(num_gnn_layers=2)
2026-05-06 03:11:30,895 - INFO - [assist_09|assist_09_abce_best_no_A|lr=0.0003|drop=0.20] Ablation runtime check: args(ablate_module1=False) | expect(use_concept_graph=False,use_personal_graph=True) | model(enable_module1=True,use_concept_graph=False,use_personal_graph=True) | physical(has_knowledge_encoder=True,has_relation_learning=False,has_adaptive_gate=True,has_personal_generator=True)
2026-05-06 03:11:30,895 - INFO - [assist_09|assist_09_abce_best_no_A|lr=0.0003|drop=0.20] Debug diagnostics enabled: diag_batches=1
2026-05-06 03:11:30,895 - INFO - [assist_09|assist_09_abce_best_no_A|lr=0.0003|drop=0.20] [Graph Init] graph_tau_mean=0.0000, graph_tau_std=0.0000, graph_dropout=0.000, use_personal_graph=True
2026-05-06 03:11:30,896 - INFO - [assist_09|assist_09_abce_best_no_A|lr=0.0003|drop=0.20] Total parameters: 999,133
2026-05-06 03:11:30,896 - INFO - [assist_09|assist_09_abce_best_no_A|lr=0.0003|drop=0.20] Trainable parameters: 999,133
2026-05-06 03:11:31,171 - INFO - [assist_09|assist_09_abce_best_no_E|lr=0.0003|drop=0.20] Optimizer param groups: backbone@lr=0.0003, personal_state@lr=0.0003
2026-05-06 03:11:31,171 - INFO - [assist_09|assist_09_abce_best_no_E|lr=0.0003|drop=0.20] Monitor config: scheduler=val_auc(max), best_checkpoint=val_auc(max), early_stop=val_auc(max)
2026-05-06 03:11:31,171 - INFO - [assist_09|assist_09_abce_best_no_E|lr=0.0003|drop=0.20] Starting training...
2026-05-06 03:11:31,870 - INFO - [assist_09|assist_09_abce_best_no_A|lr=0.0003|drop=0.20] Optimizer param groups: backbone@lr=0.0003, personal_state@lr=0.0003, personal_id@lr=0.00015
2026-05-06 03:11:31,870 - INFO - [assist_09|assist_09_abce_best_no_A|lr=0.0003|drop=0.20] Monitor config: scheduler=val_auc(max), best_checkpoint=val_auc(max), early_stop=val_auc(max)
2026-05-06 03:11:31,870 - INFO - [assist_09|assist_09_abce_best_no_A|lr=0.0003|drop=0.20] Starting training...
2026-05-06 03:11:32,669 - INFO - [assist_09|assist_09_abce_best_no_E|lr=0.0003|drop=0.20] Epoch [001/12] | Train: Loss=0.6896, BCE=0.6838, Reg=0.0057, AUC=0.5172, ACC=0.5534, RMSE=0.4954 | Val: Loss=0.6210, BCE=0.6152, Reg=0.0057, AUC=0.5318, ACC=0.7370, RMSE=0.4600
2026-05-06 03:11:32,669 - INFO - [assist_09|assist_09_abce_best_no_E|lr=0.0003|drop=0.20] [Reg Terms] Epoch [001] | Train: graph_entropy=0.000000, graph_diag=0.005016, graph_uniform=0.000729, graph_reg_scale=1.0000, prediction_l2=0.000000, personal_sparse=0.000000, alpha_var=0.000000, alpha_collapse=0.000000, reg_bce_ratio=0.0084 | Val: graph_entropy=0.000000, graph_diag=0.005001, graph_uniform=0.000729, graph_reg_scale=1.0000, prediction_l2=0.000000, personal_sparse=0.000000, alpha_var=0.000000, alpha_collapse=0.000000, reg_bce_ratio=0.0093
2026-05-06 03:11:32,700 - INFO - [assist_09|assist_09_abce_best_full|lr=0.0003|drop=0.20] Epoch [001/12] | Train: Loss=0.6753, BCE=0.6687, Reg=0.0065, AUC=0.5157, ACC=0.6243, RMSE=0.4877 | Val: Loss=0.6113, BCE=0.6048, Reg=0.0065, AUC=0.5042, ACC=0.7370, RMSE=0.4546
2026-05-06 03:11:32,701 - INFO - [assist_09|assist_09_abce_best_full|lr=0.0003|drop=0.20] [Reg Terms] Epoch [001] | Train: graph_entropy=0.000000, graph_diag=0.005017, graph_uniform=0.000729, graph_reg_scale=1.0000, prediction_l2=0.000000, personal_sparse=0.000036, alpha_var=0.000000, alpha_collapse=0.000444, reg_bce_ratio=0.0098 | Val: graph_entropy=0.000000, graph_diag=0.005002, graph_uniform=0.000729, graph_reg_scale=1.0000, prediction_l2=0.000000, personal_sparse=0.000042, alpha_var=0.000000, alpha_collapse=0.000436, reg_bce_ratio=0.0108
2026-05-06 03:11:32,820 - INFO - [assist_09|assist_09_abce_best_no_E|lr=0.0003|drop=0.20] [Diag][AE] Epoch [001] | irt_abs_mean=0.4232, irt_std=0.0969, personal_warmup_scale=1.00, graph_row_entropy=2.4187, graph_entropy_ratio=0.5026, alpha_mean=0.0000, alpha_std=0.0000, alpha_base_mean=0.0000, alpha_delta_absmean=0.0000, alpha_saturation_ratio=0.0000, alpha_bias_std=NA, alpha_state_path=0.0000, alpha_id_path=0.0000, alpha_bias_path=0.0000, head_bias_path=0.0000, personal_row_entropy=0.0000, personal_matrix_delta=0.0000, personal_matrix_student_std=0.0000, personal_delta_pre_softmax_norm=0.0000, personal_delta_student_std=0.0000, alpha_head_std=0.0000, query_row_global_readout_delta=0.2714, query_row_personal_message_delta=0.0000, query_row_posterior_delta_abs=0.0000, query_row_posterior_kl=0.0000, query_row_delta_local_rms_raw=0.0000, query_row_message_projection_gain=0.0000, personal_to_graph_query_ratio=0.0000, query_row_global_support_mass=0.0000, query_row_personal_support_mass=0.0000, neighbor_row_personal_delta=0.0000, personal_row_budget_mean=0.0000, personal_query_row_std=0.0000, readout_query_support_mass=0.0000, personal_student_mix=0.0000, personal_student_adapter=0.0000, local_row_ratio=0.0000, support_density=0.0000, readout_query_delta=0.2714, personal_bad_rows_active=0.00, personal_fallback_rows_active=0.00, personal_bad_row_rate_active=0.0000, personal_padded_rows=0.00, personal_logits_support_absmax=0.0000, personal_query_trust_scale_mean=1.0000, personal_bad_rows_legacy=0.00, personal_fallback_rows_legacy=0.00, personal_logits_absmax_legacy=0.0000
2026-05-06 03:11:32,821 - INFO - [assist_09|assist_09_abce_best_no_E|lr=0.0003|drop=0.20] [Diag][A] Epoch [001] | entropy_ratio=0.5026, diag_mass=0.2000, to_uniform_l2=0.027059, to_identity_l2=0.075339, relation_identity_delta=0.075339, knowledge_state_graph_delta=0.463874, knowledge_state_personal_delta=0.000000, share_concept_embeddings=True, tau_mean=1.0009, tau_std=0.0001, graph_reg_scale(train/val)=1.0000/1.0000
2026-05-06 03:11:32,821 - INFO - [assist_09|assist_09_abce_best_no_E|lr=0.0003|drop=0.20] [Grad Norms] Epoch [001] | relation_emb=5.051126e-02, relation_tau=3.726572e-05, relation_wq=6.255462e-05, relation_wk=5.863772e-05, personal_u=0.000000e+00, personal_v=0.000000e+00, personal_alpha_bias=0.000000e+00, personal_gate_emb=0.000000e+00, personal_gate_state_proj=0.000000e+00, personal_gate_context_proj=0.000000e+00, personal_gate_state_direct=0.000000e+00, personal_gate_id_direct=0.000000e+00, personal_gate_context_direct=0.000000e+00, personal_gate_out=0.000000e+00, personal_generator_emb=0.000000e+00, personal_generator_context_proj=0.000000e+00, personal_generator_context_hidden=0.000000e+00, personal_generator_context_to_u=0.000000e+00, personal_generator_context_to_v=0.000000e+00, personal_generator_state_row=0.000000e+00, personal_generator_state_col=0.000000e+00, personal_generator_id_row=0.000000e+00, personal_generator_id_col=0.000000e+00, personal_generator_state_adapter=0.000000e+00, personal_generator_id_adapter=0.000000e+00, personal_generator_context_adapter=0.000000e+00, personal_generator_direct_scale=0.000000e+00
2026-05-06 03:11:32,875 - INFO - [assist_09|assist_09_abce_best_full|lr=0.0003|drop=0.20] [Diag][AE] Epoch [001] | irt_abs_mean=0.4942, irt_std=0.0793, personal_warmup_scale=0.12, graph_row_entropy=2.4186, graph_entropy_ratio=0.5026, alpha_mean=0.0493, alpha_std=0.0058, alpha_base_mean=0.0501, alpha_delta_absmean=0.0402, alpha_saturation_ratio=0.0000, alpha_bias_std=NA, alpha_state_path=1.0364, alpha_id_path=0.0000, alpha_bias_path=0.0000, head_bias_path=1.5235, personal_row_entropy=1.6825, personal_matrix_delta=0.0871, personal_matrix_student_std=0.0531, personal_delta_pre_softmax_norm=2.3305, personal_delta_student_std=1.2107, alpha_head_std=0.0037, query_row_global_readout_delta=0.2643, query_row_personal_message_delta=0.0022, query_row_posterior_delta_abs=0.0871, query_row_posterior_kl=0.0618, query_row_delta_local_rms_raw=0.0721, query_row_message_projection_gain=0.8272, personal_to_graph_query_ratio=0.0085, query_row_global_support_mass=0.0000, query_row_personal_support_mass=0.7577, neighbor_row_personal_delta=0.0000, personal_row_budget_mean=1.0000, personal_query_row_std=0.0979, readout_query_support_mass=0.0000, personal_student_mix=0.0050, personal_student_adapter=0.0121, local_row_ratio=0.2069, support_density=0.4010, readout_query_delta=0.2643, personal_bad_rows_active=0.00, personal_fallback_rows_active=0.00, personal_bad_row_rate_active=0.0000, personal_padded_rows=460.00, personal_logits_support_absmax=5.7350, personal_query_trust_scale_mean=1.0000, personal_bad_rows_legacy=460.00, personal_fallback_rows_legacy=460.00, personal_logits_absmax_legacy=30.0000
2026-05-06 03:11:32,875 - INFO - [assist_09|assist_09_abce_best_full|lr=0.0003|drop=0.20] [Diag][A] Epoch [001] | entropy_ratio=0.5026, diag_mass=0.2001, to_uniform_l2=0.027062, to_identity_l2=0.075332, relation_identity_delta=0.075332, knowledge_state_graph_delta=0.465997, knowledge_state_personal_delta=0.000000, share_concept_embeddings=True, tau_mean=1.0009, tau_std=0.0000, graph_reg_scale(train/val)=1.0000/1.0000
2026-05-06 03:11:32,875 - INFO - [assist_09|assist_09_abce_best_full|lr=0.0003|drop=0.20] [Grad Norms] Epoch [001] | relation_emb=5.198627e-02, relation_tau=1.840882e-05, relation_wq=5.663660e-05, relation_wk=5.694738e-05, personal_u=5.563928e-04, personal_v=5.207913e-04, personal_alpha_bias=0.000000e+00, personal_gate_emb=6.670007e-11, personal_gate_state_proj=6.904614e-06, personal_gate_context_proj=2.295182e-05, personal_gate_state_direct=3.703518e-05, personal_gate_id_direct=8.784892e-11, personal_gate_context_direct=1.114075e-04, personal_gate_out=1.582094e-05, personal_generator_emb=7.950422e-12, personal_generator_context_proj=5.884213e-09, personal_generator_context_hidden=2.897635e-09, personal_generator_context_to_u=8.640320e-09, personal_generator_context_to_v=8.590156e-09, personal_generator_state_row=1.104272e-08, personal_generator_state_col=1.099504e-08, personal_generator_id_row=8.539218e-11, personal_generator_id_col=8.638428e-11, personal_generator_state_adapter=6.859026e-11, personal_generator_id_adapter=1.805373e-13, personal_generator_context_adapter=2.163994e-10, personal_generator_direct_scale=4.214643e-09
2026-05-06 03:11:32,968 - INFO - [assist_09|assist_09_abce_best_no_E|lr=0.0003|drop=0.20] -> New best AUC=0.5318 at epoch 1
2026-05-06 03:11:33,042 - INFO - [assist_09|assist_09_abce_best_full|lr=0.0003|drop=0.20] -> New best AUC=0.5042 at epoch 1
2026-05-06 03:11:34,117 - INFO - [assist_09|assist_09_abce_best_no_E|lr=0.0003|drop=0.20] Epoch [002/12] | Train: Loss=0.6461, BCE=0.6347, Reg=0.0114, AUC=0.5225, ACC=0.6706, RMSE=0.4705 | Val: Loss=0.5841, BCE=0.5727, Reg=0.0114, AUC=0.5977, ACC=0.7370, RMSE=0.4387
2026-05-06 03:11:34,117 - INFO - [assist_09|assist_09_abce_best_no_E|lr=0.0003|drop=0.20] [Reg Terms] Epoch [002] | Train: graph_entropy=0.000000, graph_diag=0.009964, graph_uniform=0.001459, graph_reg_scale=1.0000, prediction_l2=0.000000, personal_sparse=0.000000, alpha_var=0.000000, alpha_collapse=0.000000, reg_bce_ratio=0.0180 | Val: graph_entropy=0.000000, graph_diag=0.009923, graph_uniform=0.001460, graph_reg_scale=1.0000, prediction_l2=0.000000, personal_sparse=0.000000, alpha_var=0.000000, alpha_collapse=0.000000, reg_bce_ratio=0.0199
2026-05-06 03:11:34,273 - INFO - [assist_09|assist_09_abce_best_no_E|lr=0.0003|drop=0.20] [Diag][AE] Epoch [002] | irt_abs_mean=0.8911, irt_std=0.1314, personal_warmup_scale=1.00, graph_row_entropy=2.4202, graph_entropy_ratio=0.5029, alpha_mean=0.0000, alpha_std=0.0000, alpha_base_mean=0.0000, alpha_delta_absmean=0.0000, alpha_saturation_ratio=0.0000, alpha_bias_std=NA, alpha_state_path=0.0000, alpha_id_path=0.0000, alpha_bias_path=0.0000, head_bias_path=0.0000, personal_row_entropy=0.0000, personal_matrix_delta=0.0000, personal_matrix_student_std=0.0000, personal_delta_pre_softmax_norm=0.0000, personal_delta_student_std=0.0000, alpha_head_std=0.0000, query_row_global_readout_delta=0.3516, query_row_personal_message_delta=0.0000, query_row_posterior_delta_abs=0.0000, query_row_posterior_kl=0.0000, query_row_delta_local_rms_raw=0.0000, query_row_message_projection_gain=0.0000, personal_to_graph_query_ratio=0.0000, query_row_global_support_mass=0.0000, query_row_personal_support_mass=0.0000, neighbor_row_personal_delta=0.0000, personal_row_budget_mean=0.0000, personal_query_row_std=0.0000, readout_query_support_mass=0.0000, personal_student_mix=0.0000, personal_student_adapter=0.0000, local_row_ratio=0.0000, support_density=0.0000, readout_query_delta=0.3516, personal_bad_rows_active=0.00, personal_fallback_rows_active=0.00, personal_bad_row_rate_active=0.0000, personal_padded_rows=0.00, personal_logits_support_absmax=0.0000, personal_query_trust_scale_mean=1.0000, personal_bad_rows_legacy=0.00, personal_fallback_rows_legacy=0.00, personal_logits_absmax_legacy=0.0000
2026-05-06 03:11:34,274 - INFO - [assist_09|assist_09_abce_best_no_E|lr=0.0003|drop=0.20] [Diag][A] Epoch [002] | entropy_ratio=0.5029, diag_mass=0.1985, to_uniform_l2=0.027000, to_identity_l2=0.075485, relation_identity_delta=0.075485, knowledge_state_graph_delta=0.465689, knowledge_state_personal_delta=0.000000, share_concept_embeddings=True, tau_mean=0.9958, tau_std=0.0003, graph_reg_scale(train/val)=1.0000/1.0000
2026-05-06 03:11:34,274 - INFO - [assist_09|assist_09_abce_best_no_E|lr=0.0003|drop=0.20] [Grad Norms] Epoch [002] | relation_emb=6.091136e-02, relation_tau=6.926490e-05, relation_wq=7.749893e-05, relation_wk=7.546420e-05, personal_u=0.000000e+00, personal_v=0.000000e+00, personal_alpha_bias=0.000000e+00, personal_gate_emb=0.000000e+00, personal_gate_state_proj=0.000000e+00, personal_gate_context_proj=0.000000e+00, personal_gate_state_direct=0.000000e+00, personal_gate_id_direct=0.000000e+00, personal_gate_context_direct=0.000000e+00, personal_gate_out=0.000000e+00, personal_generator_emb=0.000000e+00, personal_generator_context_proj=0.000000e+00, personal_generator_context_hidden=0.000000e+00, personal_generator_context_to_u=0.000000e+00, personal_generator_context_to_v=0.000000e+00, personal_generator_state_row=0.000000e+00, personal_generator_state_col=0.000000e+00, personal_generator_id_row=0.000000e+00, personal_generator_id_col=0.000000e+00, personal_generator_state_adapter=0.000000e+00, personal_generator_id_adapter=0.000000e+00, personal_generator_context_adapter=0.000000e+00, personal_generator_direct_scale=0.000000e+00
2026-05-06 03:11:34,475 - INFO - [assist_09|assist_09_abce_best_no_A|lr=0.0003|drop=0.20] Epoch [001/12] | Train: Loss=0.6734, BCE=0.6727, Reg=0.0007, AUC=0.5190, ACC=0.5993, RMSE=0.4897 | Val: Loss=0.6468, BCE=0.6461, Reg=0.0007, AUC=0.4967, ACC=0.6979, RMSE=0.4762
2026-05-06 03:11:34,475 - INFO - [assist_09|assist_09_abce_best_no_A|lr=0.0003|drop=0.20] [Reg Terms] Epoch [001] | Train: graph_entropy=0.000000, graph_diag=0.000000, graph_uniform=0.000000, graph_reg_scale=1.0000, prediction_l2=0.000000, personal_sparse=0.000001, alpha_var=0.000000, alpha_collapse=0.000445, reg_bce_ratio=0.0011 | Val: graph_entropy=0.000000, graph_diag=0.000000, graph_uniform=0.000000, graph_reg_scale=1.0000, prediction_l2=0.000000, personal_sparse=0.000001, alpha_var=0.000000, alpha_collapse=0.000436, reg_bce_ratio=0.0010
2026-05-06 03:11:34,676 - INFO - [assist_09|assist_09_abce_best_no_A|lr=0.0003|drop=0.20] [Diag][AE] Epoch [001] | irt_abs_mean=0.2745, irt_std=0.1680, personal_warmup_scale=0.12, graph_row_entropy=0.0000, graph_entropy_ratio=0.0000, alpha_mean=0.0481, alpha_std=0.0062, alpha_base_mean=0.0500, alpha_delta_absmean=0.0434, alpha_saturation_ratio=0.0000, alpha_bias_std=NA, alpha_state_path=1.2114, alpha_id_path=0.0000, alpha_bias_path=0.0000, head_bias_path=1.5259, personal_row_entropy=0.0370, personal_matrix_delta=0.0844, personal_matrix_student_std=0.1592, personal_delta_pre_softmax_norm=1.7770, personal_delta_student_std=0.6720, alpha_head_std=0.0038, query_row_global_readout_delta=0.0000, query_row_personal_message_delta=0.0015, query_row_posterior_delta_abs=0.0844, query_row_posterior_kl=0.0562, query_row_delta_local_rms_raw=0.1233, query_row_message_projection_gain=1.4601, personal_to_graph_query_ratio=0.0000, query_row_global_support_mass=0.0000, query_row_personal_support_mass=0.0000, neighbor_row_personal_delta=0.0000, personal_row_budget_mean=1.0000, personal_query_row_std=0.9675, readout_query_support_mass=0.0000, personal_student_mix=0.0050, personal_student_adapter=0.0121, local_row_ratio=0.0098, support_density=0.1840, readout_query_delta=0.0015, personal_bad_rows_active=0.00, personal_fallback_rows_active=0.00, personal_bad_row_rate_active=0.0000, personal_padded_rows=460.00, personal_logits_support_absmax=4.1417, personal_query_trust_scale_mean=0.9219, personal_bad_rows_legacy=460.00, personal_fallback_rows_legacy=460.00, personal_logits_absmax_legacy=30.0000
2026-05-06 03:11:34,676 - INFO - [assist_09|assist_09_abce_best_no_A|lr=0.0003|drop=0.20] [Diag][A] Epoch [001] | entropy_ratio=0.0000, diag_mass=1.0000, to_uniform_l2=0.089800, to_identity_l2=0.000000, relation_identity_delta=0.000000, knowledge_state_graph_delta=0.000000, knowledge_state_personal_delta=0.000000, share_concept_embeddings=True, tau_mean=0.0000, tau_std=0.0000, graph_reg_scale(train/val)=1.0000/1.0000
2026-05-06 03:11:34,676 - INFO - [assist_09|assist_09_abce_best_no_A|lr=0.0003|drop=0.20] [Grad Norms] Epoch [001] | relation_emb=0.000000e+00, relation_tau=0.000000e+00, relation_wq=0.000000e+00, relation_wk=0.000000e+00, personal_u=1.817000e-04, personal_v=1.362353e-04, personal_alpha_bias=0.000000e+00, personal_gate_emb=3.050643e-11, personal_gate_state_proj=6.690170e-06, personal_gate_context_proj=2.083231e-05, personal_gate_state_direct=3.297222e-05, personal_gate_id_direct=5.551169e-11, personal_gate_context_direct=9.788351e-05, personal_gate_out=2.521672e-05, personal_generator_emb=1.006907e-12, personal_generator_context_proj=7.324107e-10, personal_generator_context_hidden=2.742351e-10, personal_generator_context_to_u=6.576941e-10, personal_generator_context_to_v=8.956199e-10, personal_generator_state_row=1.188886e-09, personal_generator_state_col=1.509329e-09, personal_generator_id_row=9.723549e-12, personal_generator_id_col=1.207529e-11, personal_generator_state_adapter=1.249752e-11, personal_generator_id_adapter=8.310637e-14, personal_generator_context_adapter=1.605887e-11, personal_generator_direct_scale=3.944738e-10
2026-05-06 03:11:34,895 - INFO - [assist_09|assist_09_abce_best_no_A|lr=0.0003|drop=0.20] -> New best AUC=0.4967 at epoch 1
2026-05-06 03:11:34,961 - INFO - [assist_09|assist_09_abce_best_no_E|lr=0.0003|drop=0.20] -> New best AUC=0.5977 at epoch 2
2026-05-06 03:11:34,965 - INFO - [assist_09|assist_09_abce_best_full|lr=0.0003|drop=0.20] Epoch [002/12] | Train: Loss=0.6534, BCE=0.6406, Reg=0.0128, AUC=0.5350, ACC=0.6579, RMSE=0.4735 | Val: Loss=0.5897, BCE=0.5770, Reg=0.0127, AUC=0.5664, ACC=0.7370, RMSE=0.4407
2026-05-06 03:11:34,966 - INFO - [assist_09|assist_09_abce_best_full|lr=0.0003|drop=0.20] [Reg Terms] Epoch [002] | Train: graph_entropy=0.000000, graph_diag=0.009970, graph_uniform=0.001459, graph_reg_scale=1.0000, prediction_l2=0.000000, personal_sparse=0.000072, alpha_var=0.000000, alpha_collapse=0.000703, reg_bce_ratio=0.0200 | Val: graph_entropy=0.000000, graph_diag=0.009929, graph_uniform=0.001460, graph_reg_scale=1.0000, prediction_l2=0.000000, personal_sparse=0.000083, alpha_var=0.000000, alpha_collapse=0.000644, reg_bce_ratio=0.0221
2026-05-06 03:11:35,144 - INFO - [assist_09|assist_09_abce_best_full|lr=0.0003|drop=0.20] [Diag][AE] Epoch [002] | irt_abs_mean=0.8116, irt_std=0.1164, personal_warmup_scale=0.25, graph_row_entropy=2.4201, graph_entropy_ratio=0.5029, alpha_mean=0.0501, alpha_std=0.0172, alpha_base_mean=0.0501, alpha_delta_absmean=0.0617, alpha_saturation_ratio=0.0000, alpha_bias_std=NA, alpha_state_path=2.0083, alpha_id_path=0.0000, alpha_bias_path=0.0000, head_bias_path=1.5229, personal_row_entropy=1.6809, personal_matrix_delta=0.0869, personal_matrix_student_std=0.0528, personal_delta_pre_softmax_norm=2.3326, personal_delta_student_std=1.2077, alpha_head_std=0.0130, query_row_global_readout_delta=0.3090, query_row_personal_message_delta=0.0023, query_row_posterior_delta_abs=0.0869, query_row_posterior_kl=0.0612, query_row_delta_local_rms_raw=0.0696, query_row_message_projection_gain=0.8012, personal_to_graph_query_ratio=0.0075, query_row_global_support_mass=0.0000, query_row_personal_support_mass=0.7538, neighbor_row_personal_delta=0.0000, personal_row_budget_mean=1.0000, personal_query_row_std=0.1129, readout_query_support_mass=0.0000, personal_student_mix=0.0051, personal_student_adapter=0.0121, local_row_ratio=0.2062, support_density=0.4010, readout_query_delta=0.3091, personal_bad_rows_active=0.00, personal_fallback_rows_active=0.00, personal_bad_row_rate_active=0.0000, personal_padded_rows=460.00, personal_logits_support_absmax=5.7261, personal_query_trust_scale_mean=1.0000, personal_bad_rows_legacy=460.00, personal_fallback_rows_legacy=460.00, personal_logits_absmax_legacy=30.0000
2026-05-06 03:11:35,144 - INFO - [assist_09|assist_09_abce_best_full|lr=0.0003|drop=0.20] [Diag][A] Epoch [002] | entropy_ratio=0.5029, diag_mass=0.1986, to_uniform_l2=0.027004, to_identity_l2=0.075475, relation_identity_delta=0.075475, knowledge_state_graph_delta=0.467916, knowledge_state_personal_delta=0.000000, share_concept_embeddings=True, tau_mean=0.9957, tau_std=0.0001, graph_reg_scale(train/val)=1.0000/1.0000
2026-05-06 03:11:35,145 - INFO - [assist_09|assist_09_abce_best_full|lr=0.0003|drop=0.20] [Grad Norms] Epoch [002] | relation_emb=5.539481e-02, relation_tau=7.217724e-05, relation_wq=7.066240e-05, relation_wk=7.135137e-05, personal_u=4.366894e-04, personal_v=4.627500e-04, personal_alpha_bias=0.000000e+00, personal_gate_emb=1.378296e-10, personal_gate_state_proj=2.269285e-05, personal_gate_context_proj=8.599372e-05, personal_gate_state_direct=1.110842e-04, personal_gate_id_direct=1.818762e-10, personal_gate_context_direct=4.335470e-04, personal_gate_out=9.128846e-05, personal_generator_emb=4.861317e-12, personal_generator_context_proj=4.222678e-09, personal_generator_context_hidden=2.109009e-09, personal_generator_context_to_u=6.759786e-09, personal_generator_context_to_v=7.021163e-09, personal_generator_state_row=9.808153e-09, personal_generator_state_col=1.046398e-08, personal_generator_id_row=7.610323e-11, personal_generator_id_col=8.370492e-11, personal_generator_state_adapter=4.097382e-11, personal_generator_id_adapter=9.547650e-14, personal_generator_context_adapter=5.054989e-11, personal_generator_direct_scale=2.426651e-08
2026-05-06 03:11:35,567 - INFO - [assist_09|assist_09_abce_best_full|lr=0.0003|drop=0.20] -> New best AUC=0.5664 at epoch 2
2026-05-06 03:11:36,241 - INFO - [assist_09|assist_09_abce_best_no_E|lr=0.0003|drop=0.20] Epoch [003/12] | Train: Loss=0.6501, BCE=0.6331, Reg=0.0170, AUC=0.5783, ACC=0.6618, RMSE=0.4699 | Val: Loss=0.5971, BCE=0.5802, Reg=0.0169, AUC=0.6143, ACC=0.7370, RMSE=0.4423
2026-05-06 03:11:36,241 - INFO - [assist_09|assist_09_abce_best_no_E|lr=0.0003|drop=0.20] [Reg Terms] Epoch [003] | Train: graph_entropy=0.000000, graph_diag=0.014819, graph_uniform=0.002191, graph_reg_scale=1.0000, prediction_l2=0.000000, personal_sparse=0.000000, alpha_var=0.000000, alpha_collapse=0.000000, reg_bce_ratio=0.0269 | Val: graph_entropy=0.000000, graph_diag=0.014743, graph_uniform=0.002192, graph_reg_scale=1.0000, prediction_l2=0.000000, personal_sparse=0.000000, alpha_var=0.000000, alpha_collapse=0.000000, reg_bce_ratio=0.0292
2026-05-06 03:11:36,385 - INFO - [assist_09|assist_09_abce_best_no_E|lr=0.0003|drop=0.20] [Diag][AE] Epoch [003] | irt_abs_mean=0.7145, irt_std=0.1517, personal_warmup_scale=1.00, graph_row_entropy=2.4221, graph_entropy_ratio=0.5033, alpha_mean=0.0000, alpha_std=0.0000, alpha_base_mean=0.0000, alpha_delta_absmean=0.0000, alpha_saturation_ratio=0.0000, alpha_bias_std=NA, alpha_state_path=0.0000, alpha_id_path=0.0000, alpha_bias_path=0.0000, head_bias_path=0.0000, personal_row_entropy=0.0000, personal_matrix_delta=0.0000, personal_matrix_student_std=0.0000, personal_delta_pre_softmax_norm=0.0000, personal_delta_student_std=0.0000, alpha_head_std=0.0000, query_row_global_readout_delta=0.3166, query_row_personal_message_delta=0.0000, query_row_posterior_delta_abs=0.0000, query_row_posterior_kl=0.0000, query_row_delta_local_rms_raw=0.0000, query_row_message_projection_gain=0.0000, personal_to_graph_query_ratio=0.0000, query_row_global_support_mass=0.0000, query_row_personal_support_mass=0.0000, neighbor_row_personal_delta=0.0000, personal_row_budget_mean=0.0000, personal_query_row_std=0.0000, readout_query_support_mass=0.0000, personal_student_mix=0.0000, personal_student_adapter=0.0000, local_row_ratio=0.0000, support_density=0.0000, readout_query_delta=0.3166, personal_bad_rows_active=0.00, personal_fallback_rows_active=0.00, personal_bad_row_rate_active=0.0000, personal_padded_rows=0.00, personal_logits_support_absmax=0.0000, personal_query_trust_scale_mean=1.0000, personal_bad_rows_legacy=0.00, personal_fallback_rows_legacy=0.00, personal_logits_absmax_legacy=0.0000
2026-05-06 03:11:36,385 - INFO - [assist_09|assist_09_abce_best_no_E|lr=0.0003|drop=0.20] [Diag][A] Epoch [003] | entropy_ratio=0.5033, diag_mass=0.1966, to_uniform_l2=0.026929, to_identity_l2=0.075664, relation_identity_delta=0.075664, knowledge_state_graph_delta=0.464489, knowledge_state_personal_delta=0.000000, share_concept_embeddings=True, tau_mean=0.9898, tau_std=0.0004, graph_reg_scale(train/val)=1.0000/1.0000
2026-05-06 03:11:36,385 - INFO - [assist_09|assist_09_abce_best_no_E|lr=0.0003|drop=0.20] [Grad Norms] Epoch [003] | relation_emb=6.105652e-02, relation_tau=1.279380e-04, relation_wq=8.918803e-05, relation_wk=8.667516e-05, personal_u=0.000000e+00, personal_v=0.000000e+00, personal_alpha_bias=0.000000e+00, personal_gate_emb=0.000000e+00, personal_gate_state_proj=0.000000e+00, personal_gate_context_proj=0.000000e+00, personal_gate_state_direct=0.000000e+00, personal_gate_id_direct=0.000000e+00, personal_gate_context_direct=0.000000e+00, personal_gate_out=0.000000e+00, personal_generator_emb=0.000000e+00, personal_generator_context_proj=0.000000e+00, personal_generator_context_hidden=0.000000e+00, personal_generator_context_to_u=0.000000e+00, personal_generator_context_to_v=0.000000e+00, personal_generator_state_row=0.000000e+00, personal_generator_state_col=0.000000e+00, personal_generator_id_row=0.000000e+00, personal_generator_id_col=0.000000e+00, personal_generator_state_adapter=0.000000e+00, personal_generator_id_adapter=0.000000e+00, personal_generator_context_adapter=0.000000e+00, personal_generator_direct_scale=0.000000e+00
2026-05-06 03:11:36,711 - INFO - [assist_09|assist_09_abce_best_no_E|lr=0.0003|drop=0.20] -> New best AUC=0.6143 at epoch 3
2026-05-06 03:11:37,227 - INFO - [assist_09|assist_09_abce_best_no_A|lr=0.0003|drop=0.20] Epoch [002/12] | Train: Loss=0.6541, BCE=0.6529, Reg=0.0012, AUC=0.5383, ACC=0.6549, RMSE=0.4797 | Val: Loss=0.6223, BCE=0.6212, Reg=0.0011, AUC=0.5149, ACC=0.7357, RMSE=0.4633
2026-05-06 03:11:37,228 - INFO - [assist_09|assist_09_abce_best_no_A|lr=0.0003|drop=0.20] [Reg Terms] Epoch [002] | Train: graph_entropy=0.000000, graph_diag=0.000000, graph_uniform=0.000000, graph_reg_scale=1.0000, prediction_l2=0.000000, personal_sparse=0.000002, alpha_var=0.000000, alpha_collapse=0.000687, reg_bce_ratio=0.0018 | Val: graph_entropy=0.000000, graph_diag=0.000000, graph_uniform=0.000000, graph_reg_scale=1.0000, prediction_l2=0.000000, personal_sparse=0.000002, alpha_var=0.000000, alpha_collapse=0.000612, reg_bce_ratio=0.0018
2026-05-06 03:11:37,437 - INFO - [assist_09|assist_09_abce_best_no_A|lr=0.0003|drop=0.20] [Diag][AE] Epoch [002] | irt_abs_mean=0.4145, irt_std=0.1776, personal_warmup_scale=0.25, graph_row_entropy=0.0000, graph_entropy_ratio=0.0000, alpha_mean=0.0493, alpha_std=0.0193, alpha_base_mean=0.0500, alpha_delta_absmean=0.0716, alpha_saturation_ratio=0.0000, alpha_bias_std=NA, alpha_state_path=2.5885, alpha_id_path=0.0000, alpha_bias_path=0.0000, head_bias_path=1.5259, personal_row_entropy=0.0352, personal_matrix_delta=0.0845, personal_matrix_student_std=0.1612, personal_delta_pre_softmax_norm=1.7780, personal_delta_student_std=0.6741, alpha_head_std=0.0171, query_row_global_readout_delta=0.0000, query_row_personal_message_delta=0.0016, query_row_posterior_delta_abs=0.0845, query_row_posterior_kl=0.0565, query_row_delta_local_rms_raw=0.1200, query_row_message_projection_gain=1.4197, personal_to_graph_query_ratio=0.0000, query_row_global_support_mass=0.0000, query_row_personal_support_mass=0.0000, neighbor_row_personal_delta=0.0000, personal_row_budget_mean=1.0000, personal_query_row_std=0.9682, readout_query_support_mass=0.0000, personal_student_mix=0.0051, personal_student_adapter=0.0121, local_row_ratio=0.0098, support_density=0.1840, readout_query_delta=0.0016, personal_bad_rows_active=0.00, personal_fallback_rows_active=0.00, personal_bad_row_rate_active=0.0000, personal_padded_rows=460.00, personal_logits_support_absmax=4.1411, personal_query_trust_scale_mean=0.9198, personal_bad_rows_legacy=460.00, personal_fallback_rows_legacy=460.00, personal_logits_absmax_legacy=30.0000
2026-05-06 03:11:37,438 - INFO - [assist_09|assist_09_abce_best_no_A|lr=0.0003|drop=0.20] [Diag][A] Epoch [002] | entropy_ratio=0.0000, diag_mass=1.0000, to_uniform_l2=0.089800, to_identity_l2=0.000000, relation_identity_delta=0.000000, knowledge_state_graph_delta=0.000000, knowledge_state_personal_delta=0.000000, share_concept_embeddings=True, tau_mean=0.0000, tau_std=0.0000, graph_reg_scale(train/val)=1.0000/1.0000
2026-05-06 03:11:37,438 - INFO - [assist_09|assist_09_abce_best_no_A|lr=0.0003|drop=0.20] [Grad Norms] Epoch [002] | relation_emb=0.000000e+00, relation_tau=0.000000e+00, relation_wq=0.000000e+00, relation_wk=0.000000e+00, personal_u=8.368940e-05, personal_v=4.900549e-05, personal_alpha_bias=0.000000e+00, personal_gate_emb=6.341107e-11, personal_gate_state_proj=2.250158e-05, personal_gate_context_proj=7.022655e-05, personal_gate_state_direct=8.823959e-05, personal_gate_id_direct=8.461658e-11, personal_gate_context_direct=2.680438e-04, personal_gate_out=9.977510e-05, personal_generator_emb=3.602730e-13, personal_generator_context_proj=2.956861e-10, personal_generator_context_hidden=1.318421e-10, personal_generator_context_to_u=4.998614e-10, personal_generator_context_to_v=4.599483e-10, personal_generator_state_row=9.053679e-10, personal_generator_state_col=8.456668e-10, personal_generator_id_row=6.724494e-12, personal_generator_id_col=6.153955e-12, personal_generator_state_adapter=1.018942e-12, personal_generator_id_adapter=2.001146e-14, personal_generator_context_adapter=2.826924e-12, personal_generator_direct_scale=1.111795e-09
2026-05-06 03:11:37,557 - INFO - [assist_09|assist_09_abce_best_full|lr=0.0003|drop=0.20] Epoch [003/12] | Train: Loss=0.6568, BCE=0.6381, Reg=0.0187, AUC=0.5728, ACC=0.6556, RMSE=0.4724 | Val: Loss=0.5998, BCE=0.5814, Reg=0.0184, AUC=0.5818, ACC=0.7370, RMSE=0.4428
2026-05-06 03:11:37,557 - INFO - [assist_09|assist_09_abce_best_full|lr=0.0003|drop=0.20] [Reg Terms] Epoch [003] | Train: graph_entropy=0.000000, graph_diag=0.014825, graph_uniform=0.002191, graph_reg_scale=1.0000, prediction_l2=0.000000, personal_sparse=0.000105, alpha_var=0.000000, alpha_collapse=0.000576, reg_bce_ratio=0.0292 | Val: graph_entropy=0.000000, graph_diag=0.014747, graph_uniform=0.002192, graph_reg_scale=1.0000, prediction_l2=0.000000, personal_sparse=0.000125, alpha_var=0.000000, alpha_collapse=0.000439, reg_bce_ratio=0.0317
2026-05-06 03:11:37,832 - INFO - [assist_09|assist_09_abce_best_full|lr=0.0003|drop=0.20] [Diag][AE] Epoch [003] | irt_abs_mean=0.7175, irt_std=0.1401, personal_warmup_scale=0.38, graph_row_entropy=2.4221, graph_entropy_ratio=0.5033, alpha_mean=0.0499, alpha_std=0.0355, alpha_base_mean=0.0501, alpha_delta_absmean=0.0926, alpha_saturation_ratio=0.0000, alpha_bias_std=NA, alpha_state_path=5.2057, alpha_id_path=0.0000, alpha_bias_path=0.0000, head_bias_path=1.5229, personal_row_entropy=1.6806, personal_matrix_delta=0.0868, personal_matrix_student_std=0.0528, personal_delta_pre_softmax_norm=2.3400, personal_delta_student_std=1.2114, alpha_head_std=0.0347, query_row_global_readout_delta=0.2940, query_row_personal_message_delta=0.0026, query_row_posterior_delta_abs=0.0868, query_row_posterior_kl=0.0611, query_row_delta_local_rms_raw=0.0684, query_row_message_projection_gain=0.7872, personal_to_graph_query_ratio=0.0089, query_row_global_support_mass=0.0000, query_row_personal_support_mass=0.7739, neighbor_row_personal_delta=0.0000, personal_row_budget_mean=1.0000, personal_query_row_std=0.0968, readout_query_support_mass=0.0000, personal_student_mix=0.0051, personal_student_adapter=0.0122, local_row_ratio=0.2058, support_density=0.4010, readout_query_delta=0.2942, personal_bad_rows_active=0.00, personal_fallback_rows_active=0.00, personal_bad_row_rate_active=0.0000, personal_padded_rows=460.00, personal_logits_support_absmax=5.7328, personal_query_trust_scale_mean=1.0000, personal_bad_rows_legacy=460.00, personal_fallback_rows_legacy=460.00, personal_logits_absmax_legacy=30.0000
2026-05-06 03:11:37,832 - INFO - [assist_09|assist_09_abce_best_full|lr=0.0003|drop=0.20] [Diag][A] Epoch [003] | entropy_ratio=0.5033, diag_mass=0.1966, to_uniform_l2=0.026931, to_identity_l2=0.075659, relation_identity_delta=0.075659, knowledge_state_graph_delta=0.467175, knowledge_state_personal_delta=0.000000, share_concept_embeddings=True, tau_mean=0.9894, tau_std=0.0002, graph_reg_scale(train/val)=1.0000/1.0000
2026-05-06 03:11:37,832 - INFO - [assist_09|assist_09_abce_best_full|lr=0.0003|drop=0.20] [Grad Norms] Epoch [003] | relation_emb=5.926279e-02, relation_tau=1.194924e-04, relation_wq=8.424955e-05, relation_wk=8.512206e-05, personal_u=5.946652e-04, personal_v=5.730669e-04, personal_alpha_bias=0.000000e+00, personal_gate_emb=1.001092e-10, personal_gate_state_proj=3.074929e-05, personal_gate_context_proj=1.027903e-04, personal_gate_state_direct=8.407533e-05, personal_gate_id_direct=1.423327e-10, personal_gate_context_direct=2.587746e-04, personal_gate_out=1.531339e-04, personal_generator_emb=3.691087e-12, personal_generator_context_proj=4.454900e-09, personal_generator_context_hidden=2.073150e-09, personal_generator_context_to_u=8.294418e-09, personal_generator_context_to_v=7.425095e-09, personal_generator_state_row=1.380732e-08, personal_generator_state_col=1.256295e-08, personal_generator_id_row=1.060804e-10, personal_generator_id_col=9.705556e-11, personal_generator_state_adapter=2.988673e-12, personal_generator_id_adapter=3.061508e-14, personal_generator_context_adapter=1.872735e-10, personal_generator_direct_scale=3.531227e-09
2026-05-06 03:11:37,884 - INFO - [assist_09|assist_09_abce_best_no_E|lr=0.0003|drop=0.20] Epoch [004/12] | Train: Loss=0.6556, BCE=0.6331, Reg=0.0225, AUC=0.5962, ACC=0.6566, RMSE=0.4699 | Val: Loss=0.5958, BCE=0.5734, Reg=0.0224, AUC=0.6258, ACC=0.7370, RMSE=0.4392
2026-05-06 03:11:37,885 - INFO - [assist_09|assist_09_abce_best_no_E|lr=0.0003|drop=0.20] [Reg Terms] Epoch [004] | Train: graph_entropy=0.000000, graph_diag=0.019550, graph_uniform=0.002924, graph_reg_scale=1.0000, prediction_l2=0.000000, personal_sparse=0.000000, alpha_var=0.000000, alpha_collapse=0.000000, reg_bce_ratio=0.0355 | Val: graph_entropy=0.000000, graph_diag=0.019428, graph_uniform=0.002926, graph_reg_scale=1.0000, prediction_l2=0.000000, personal_sparse=0.000000, alpha_var=0.000000, alpha_collapse=0.000000, reg_bce_ratio=0.0390
2026-05-06 03:11:37,955 - INFO - [assist_09|assist_09_abce_best_no_A|lr=0.0003|drop=0.20] -> New best AUC=0.5149 at epoch 2
2026-05-06 03:11:38,040 - INFO - [assist_09|assist_09_abce_best_no_E|lr=0.0003|drop=0.20] [Diag][AE] Epoch [004] | irt_abs_mean=0.7746, irt_std=0.1991, personal_warmup_scale=1.00, graph_row_entropy=2.4244, graph_entropy_ratio=0.5038, alpha_mean=0.0000, alpha_std=0.0000, alpha_base_mean=0.0000, alpha_delta_absmean=0.0000, alpha_saturation_ratio=0.0000, alpha_bias_std=NA, alpha_state_path=0.0000, alpha_id_path=0.0000, alpha_bias_path=0.0000, head_bias_path=0.0000, personal_row_entropy=0.0000, personal_matrix_delta=0.0000, personal_matrix_student_std=0.0000, personal_delta_pre_softmax_norm=0.0000, personal_delta_student_std=0.0000, alpha_head_std=0.0000, query_row_global_readout_delta=0.3310, query_row_personal_message_delta=0.0000, query_row_posterior_delta_abs=0.0000, query_row_posterior_kl=0.0000, query_row_delta_local_rms_raw=0.0000, query_row_message_projection_gain=0.0000, personal_to_graph_query_ratio=0.0000, query_row_global_support_mass=0.0000, query_row_personal_support_mass=0.0000, neighbor_row_personal_delta=0.0000, personal_row_budget_mean=0.0000, personal_query_row_std=0.0000, readout_query_support_mass=0.0000, personal_student_mix=0.0000, personal_student_adapter=0.0000, local_row_ratio=0.0000, support_density=0.0000, readout_query_delta=0.3310, personal_bad_rows_active=0.00, personal_fallback_rows_active=0.00, personal_bad_row_rate_active=0.0000, personal_padded_rows=0.00, personal_logits_support_absmax=0.0000, personal_query_trust_scale_mean=1.0000, personal_bad_rows_legacy=0.00, personal_fallback_rows_legacy=0.00, personal_logits_absmax_legacy=0.0000
2026-05-06 03:11:38,040 - INFO - [assist_09|assist_09_abce_best_no_E|lr=0.0003|drop=0.20] [Diag][A] Epoch [004] | entropy_ratio=0.5038, diag_mass=0.1943, to_uniform_l2=0.026844, to_identity_l2=0.075880, relation_identity_delta=0.075880, knowledge_state_graph_delta=0.465300, knowledge_state_personal_delta=0.000000, share_concept_embeddings=True, tau_mean=0.9828, tau_std=0.0005, graph_reg_scale(train/val)=1.0000/1.0000
2026-05-06 03:11:38,040 - INFO - [assist_09|assist_09_abce_best_no_E|lr=0.0003|drop=0.20] [Grad Norms] Epoch [004] | relation_emb=7.092047e-02, relation_tau=1.932931e-04, relation_wq=1.112777e-04, relation_wk=1.083404e-04, personal_u=0.000000e+00, personal_v=0.000000e+00, personal_alpha_bias=0.000000e+00, personal_gate_emb=0.000000e+00, personal_gate_state_proj=0.000000e+00, personal_gate_context_proj=0.000000e+00, personal_gate_state_direct=0.000000e+00, personal_gate_id_direct=0.000000e+00, personal_gate_context_direct=0.000000e+00, personal_gate_out=0.000000e+00, personal_generator_emb=0.000000e+00, personal_generator_context_proj=0.000000e+00, personal_generator_context_hidden=0.000000e+00, personal_generator_context_to_u=0.000000e+00, personal_generator_context_to_v=0.000000e+00, personal_generator_state_row=0.000000e+00, personal_generator_state_col=0.000000e+00, personal_generator_id_row=0.000000e+00, personal_generator_id_col=0.000000e+00, personal_generator_state_adapter=0.000000e+00, personal_generator_id_adapter=0.000000e+00, personal_generator_context_adapter=0.000000e+00, personal_generator_direct_scale=0.000000e+00
2026-05-06 03:11:40,295 - INFO - [assist_09|assist_09_abce_best_no_E|lr=0.0003|drop=0.20] -> New best AUC=0.6258 at epoch 4
2026-05-06 03:11:40,305 - INFO - [assist_09|assist_09_abce_best_full|lr=0.0003|drop=0.20] -> New best AUC=0.5818 at epoch 3
2026-05-06 03:11:40,338 - INFO - [assist_09|assist_09_abce_best_no_A|lr=0.0003|drop=0.20] Epoch [003/12] | Train: Loss=0.6432, BCE=0.6420, Reg=0.0013, AUC=0.5650, ACC=0.6592, RMSE=0.4742 | Val: Loss=0.6057, BCE=0.6046, Reg=0.0011, AUC=0.5331, ACC=0.7370, RMSE=0.4546
2026-05-06 03:11:40,338 - INFO - [assist_09|assist_09_abce_best_no_A|lr=0.0003|drop=0.20] [Reg Terms] Epoch [003] | Train: graph_entropy=0.000000, graph_diag=0.000000, graph_uniform=0.000000, graph_reg_scale=1.0000, prediction_l2=0.000000, personal_sparse=0.000002, alpha_var=0.000000, alpha_collapse=0.000510, reg_bce_ratio=0.0020 | Val: graph_entropy=0.000000, graph_diag=0.000000, graph_uniform=0.000000, graph_reg_scale=1.0000, prediction_l2=0.000000, personal_sparse=0.000003, alpha_var=0.000000, alpha_collapse=0.000401, reg_bce_ratio=0.0018
2026-05-06 03:11:40,549 - INFO - [assist_09|assist_09_abce_best_no_A|lr=0.0003|drop=0.20] [Diag][AE] Epoch [003] | irt_abs_mean=0.5291, irt_std=0.1811, personal_warmup_scale=0.38, graph_row_entropy=0.0000, graph_entropy_ratio=0.0000, alpha_mean=0.0507, alpha_std=0.0371, alpha_base_mean=0.0500, alpha_delta_absmean=0.0972, alpha_saturation_ratio=0.0000, alpha_bias_std=NA, alpha_state_path=6.1635, alpha_id_path=0.0000, alpha_bias_path=0.0000, head_bias_path=1.5260, personal_row_entropy=0.0355, personal_matrix_delta=0.0845, personal_matrix_student_std=0.1609, personal_delta_pre_softmax_norm=1.7782, personal_delta_student_std=0.6719, alpha_head_std=0.0367, query_row_global_readout_delta=0.0000, query_row_personal_message_delta=0.0017, query_row_posterior_delta_abs=0.0845, query_row_posterior_kl=0.0564, query_row_delta_local_rms_raw=0.1124, query_row_message_projection_gain=1.3299, personal_to_graph_query_ratio=0.0000, query_row_global_support_mass=0.0000, query_row_personal_support_mass=0.0000, neighbor_row_personal_delta=0.0000, personal_row_budget_mean=1.0000, personal_query_row_std=0.9687, readout_query_support_mass=0.0000, personal_student_mix=0.0051, personal_student_adapter=0.0122, local_row_ratio=0.0098, support_density=0.1840, readout_query_delta=0.0017, personal_bad_rows_active=0.00, personal_fallback_rows_active=0.00, personal_bad_row_rate_active=0.0000, personal_padded_rows=460.00, personal_logits_support_absmax=4.1402, personal_query_trust_scale_mean=0.8877, personal_bad_rows_legacy=460.00, personal_fallback_rows_legacy=460.00, personal_logits_absmax_legacy=30.0000
2026-05-06 03:11:40,549 - INFO - [assist_09|assist_09_abce_best_no_A|lr=0.0003|drop=0.20] [Diag][A] Epoch [003] | entropy_ratio=0.0000, diag_mass=1.0000, to_uniform_l2=0.089800, to_identity_l2=0.000000, relation_identity_delta=0.000000, knowledge_state_graph_delta=0.000000, knowledge_state_personal_delta=0.000000, share_concept_embeddings=True, tau_mean=0.0000, tau_std=0.0000, graph_reg_scale(train/val)=1.0000/1.0000
2026-05-06 03:11:40,549 - INFO - [assist_09|assist_09_abce_best_no_A|lr=0.0003|drop=0.20] [Grad Norms] Epoch [003] | relation_emb=0.000000e+00, relation_tau=0.000000e+00, relation_wq=0.000000e+00, relation_wk=0.000000e+00, personal_u=7.275593e-05, personal_v=5.290018e-05, personal_alpha_bias=0.000000e+00, personal_gate_emb=5.132608e-11, personal_gate_state_proj=3.396795e-05, personal_gate_context_proj=9.986708e-05, personal_gate_state_direct=7.254595e-05, personal_gate_id_direct=9.093583e-11, personal_gate_context_direct=2.125469e-04, personal_gate_out=1.588397e-04, personal_generator_emb=3.513025e-13, personal_generator_context_proj=3.095550e-10, personal_generator_context_hidden=1.342484e-10, personal_generator_context_to_u=5.950671e-10, personal_generator_context_to_v=5.721961e-10, personal_generator_state_row=9.340204e-10, personal_generator_state_col=9.897720e-10, personal_generator_id_row=7.641524e-12, personal_generator_id_col=1.144057e-11, personal_generator_state_adapter=1.165737e-12, personal_generator_id_adapter=1.610478e-15, personal_generator_context_adapter=1.535421e-11, personal_generator_direct_scale=1.310905e-09
2026-05-06 03:11:40,951 - INFO - [assist_09|assist_09_abce_best_no_A|lr=0.0003|drop=0.20] -> New best AUC=0.5331 at epoch 3
2026-05-06 03:11:41,434 - INFO - [assist_09|assist_09_abce_best_no_E|lr=0.0003|drop=0.20] Epoch [005/12] | Train: Loss=0.6536, BCE=0.6313, Reg=0.0222, AUC=0.5937, ACC=0.6569, RMSE=0.4692 | Val: Loss=0.5944, BCE=0.5723, Reg=0.0221, AUC=0.6187, ACC=0.7370, RMSE=0.4387
2026-05-06 03:11:41,434 - INFO - [assist_09|assist_09_abce_best_no_E|lr=0.0003|drop=0.20] [Reg Terms] Epoch [005] | Train: graph_entropy=0.000000, graph_diag=0.019315, graph_uniform=0.002928, graph_reg_scale=1.0000, prediction_l2=0.000000, personal_sparse=0.000000, alpha_var=0.000000, alpha_collapse=0.000000, reg_bce_ratio=0.0352 | Val: graph_entropy=0.000000, graph_diag=0.019196, graph_uniform=0.002930, graph_reg_scale=1.0000, prediction_l2=0.000000, personal_sparse=0.000000, alpha_var=0.000000, alpha_collapse=0.000000, reg_bce_ratio=0.0387
2026-05-06 03:11:41,586 - INFO - [assist_09|assist_09_abce_best_no_E|lr=0.0003|drop=0.20] [Diag][AE] Epoch [005] | irt_abs_mean=0.7967, irt_std=0.2284, personal_warmup_scale=1.00, graph_row_entropy=2.4266, graph_entropy_ratio=0.5043, alpha_mean=0.0000, alpha_std=0.0000, alpha_base_mean=0.0000, alpha_delta_absmean=0.0000, alpha_saturation_ratio=0.0000, alpha_bias_std=NA, alpha_state_path=0.0000, alpha_id_path=0.0000, alpha_bias_path=0.0000, head_bias_path=0.0000, personal_row_entropy=0.0000, personal_matrix_delta=0.0000, personal_matrix_student_std=0.0000, personal_delta_pre_softmax_norm=0.0000, personal_delta_student_std=0.0000, alpha_head_std=0.0000, query_row_global_readout_delta=0.3375, query_row_personal_message_delta=0.0000, query_row_posterior_delta_abs=0.0000, query_row_posterior_kl=0.0000, query_row_delta_local_rms_raw=0.0000, query_row_message_projection_gain=0.0000, personal_to_graph_query_ratio=0.0000, query_row_global_support_mass=0.0000, query_row_personal_support_mass=0.0000, neighbor_row_personal_delta=0.0000, personal_row_budget_mean=0.0000, personal_query_row_std=0.0000, readout_query_support_mass=0.0000, personal_student_mix=0.0000, personal_student_adapter=0.0000, local_row_ratio=0.0000, support_density=0.0000, readout_query_delta=0.3375, personal_bad_rows_active=0.00, personal_fallback_rows_active=0.00, personal_bad_row_rate_active=0.0000, personal_padded_rows=0.00, personal_logits_support_absmax=0.0000, personal_query_trust_scale_mean=1.0000, personal_bad_rows_legacy=0.00, personal_fallback_rows_legacy=0.00, personal_logits_absmax_legacy=0.0000
2026-05-06 03:11:41,586 - INFO - [assist_09|assist_09_abce_best_no_E|lr=0.0003|drop=0.20] [Diag][A] Epoch [005] | entropy_ratio=0.5043, diag_mass=0.1920, to_uniform_l2=0.026760, to_identity_l2=0.076099, relation_identity_delta=0.076099, knowledge_state_graph_delta=0.465504, knowledge_state_personal_delta=0.000000, share_concept_embeddings=True, tau_mean=0.9756, tau_std=0.0006, graph_reg_scale(train/val)=1.0000/1.0000
2026-05-06 03:11:41,587 - INFO - [assist_09|assist_09_abce_best_no_E|lr=0.0003|drop=0.20] [Grad Norms] Epoch [005] | relation_emb=1.017455e-01, relation_tau=2.828194e-04, relation_wq=1.470480e-04, relation_wk=1.384774e-04, personal_u=0.000000e+00, personal_v=0.000000e+00, personal_alpha_bias=0.000000e+00, personal_gate_emb=0.000000e+00, personal_gate_state_proj=0.000000e+00, personal_gate_context_proj=0.000000e+00, personal_gate_state_direct=0.000000e+00, personal_gate_id_direct=0.000000e+00, personal_gate_context_direct=0.000000e+00, personal_gate_out=0.000000e+00, personal_generator_emb=0.000000e+00, personal_generator_context_proj=0.000000e+00, personal_generator_context_hidden=0.000000e+00, personal_generator_context_to_u=0.000000e+00, personal_generator_context_to_v=0.000000e+00, personal_generator_state_row=0.000000e+00, personal_generator_state_col=0.000000e+00, personal_generator_id_row=0.000000e+00, personal_generator_id_col=0.000000e+00, personal_generator_state_adapter=0.000000e+00, personal_generator_id_adapter=0.000000e+00, personal_generator_context_adapter=0.000000e+00, personal_generator_direct_scale=0.000000e+00
2026-05-06 03:11:41,587 - INFO - [assist_09|assist_09_abce_best_no_E|lr=0.0003|drop=0.20] -> No improvement 1 epoch(s) (best AUC=0.6258 @ 4)
2026-05-06 03:11:42,212 - INFO - [assist_09|assist_09_abce_best_full|lr=0.0003|drop=0.20] Epoch [004/12] | Train: Loss=0.6629, BCE=0.6390, Reg=0.0240, AUC=0.5859, ACC=0.6494, RMSE=0.4729 | Val: Loss=0.6018, BCE=0.5780, Reg=0.0238, AUC=0.5983, ACC=0.7370, RMSE=0.4412
2026-05-06 03:11:42,212 - INFO - [assist_09|assist_09_abce_best_full|lr=0.0003|drop=0.20] [Reg Terms] Epoch [004] | Train: graph_entropy=0.000000, graph_diag=0.019553, graph_uniform=0.002924, graph_reg_scale=1.0000, prediction_l2=0.000000, personal_sparse=0.000141, alpha_var=0.000000, alpha_collapse=0.000066, reg_bce_ratio=0.0375 | Val: graph_entropy=0.000000, graph_diag=0.019429, graph_uniform=0.002926, graph_reg_scale=1.0000, prediction_l2=0.000000, personal_sparse=0.000166, alpha_var=0.000000, alpha_collapse=0.000003, reg_bce_ratio=0.0411
2026-05-06 03:11:42,395 - INFO - [assist_09|assist_09_abce_best_full|lr=0.0003|drop=0.20] [Diag][AE] Epoch [004] | irt_abs_mean=0.7348, irt_std=0.1725, personal_warmup_scale=0.50, graph_row_entropy=2.4244, graph_entropy_ratio=0.5038, alpha_mean=0.0502, alpha_std=0.0500, alpha_base_mean=0.0502, alpha_delta_absmean=0.0991, alpha_saturation_ratio=0.0000, alpha_bias_std=NA, alpha_state_path=8.4354, alpha_id_path=0.0000, alpha_bias_path=0.0000, head_bias_path=1.5219, personal_row_entropy=1.6817, personal_matrix_delta=0.0873, personal_matrix_student_std=0.0539, personal_delta_pre_softmax_norm=2.3381, personal_delta_student_std=1.2125, alpha_head_std=0.0500, query_row_global_readout_delta=0.3014, query_row_personal_message_delta=0.0030, query_row_posterior_delta_abs=0.0873, query_row_posterior_kl=0.0614, query_row_delta_local_rms_raw=0.0673, query_row_message_projection_gain=0.7711, personal_to_graph_query_ratio=0.0099, query_row_global_support_mass=0.0000, query_row_personal_support_mass=0.7673, neighbor_row_personal_delta=0.0000, personal_row_budget_mean=1.0000, personal_query_row_std=0.0899, readout_query_support_mass=0.0000, personal_student_mix=0.0051, personal_student_adapter=0.0123, local_row_ratio=0.2053, support_density=0.4010, readout_query_delta=0.3016, personal_bad_rows_active=0.00, personal_fallback_rows_active=0.00, personal_bad_row_rate_active=0.0000, personal_padded_rows=460.00, personal_logits_support_absmax=5.7277, personal_query_trust_scale_mean=1.0000, personal_bad_rows_legacy=460.00, personal_fallback_rows_legacy=460.00, personal_logits_absmax_legacy=30.0000
2026-05-06 03:11:42,395 - INFO - [assist_09|assist_09_abce_best_full|lr=0.0003|drop=0.20] [Diag][A] Epoch [004] | entropy_ratio=0.5038, diag_mass=0.1943, to_uniform_l2=0.026844, to_identity_l2=0.075879, relation_identity_delta=0.075879, knowledge_state_graph_delta=0.467678, knowledge_state_personal_delta=0.000000, share_concept_embeddings=True, tau_mean=0.9823, tau_std=0.0002, graph_reg_scale(train/val)=1.0000/1.0000
2026-05-06 03:11:42,395 - INFO - [assist_09|assist_09_abce_best_full|lr=0.0003|drop=0.20] [Grad Norms] Epoch [004] | relation_emb=6.740594e-02, relation_tau=1.923584e-04, relation_wq=1.047908e-04, relation_wk=1.063062e-04, personal_u=8.514366e-04, personal_v=6.625725e-04, personal_alpha_bias=0.000000e+00, personal_gate_emb=4.754127e-11, personal_gate_state_proj=1.701875e-05, personal_gate_context_proj=6.130079e-05, personal_gate_state_direct=3.184714e-05, personal_gate_id_direct=7.038573e-11, personal_gate_context_direct=1.012658e-04, personal_gate_out=9.570860e-05, personal_generator_emb=2.547938e-12, personal_generator_context_proj=3.908932e-09, personal_generator_context_hidden=1.817886e-09, personal_generator_context_to_u=8.230552e-09, personal_generator_context_to_v=7.568477e-09, personal_generator_state_row=1.699187e-08, personal_generator_state_col=1.556166e-08, personal_generator_id_row=1.312834e-10, personal_generator_id_col=1.173168e-10, personal_generator_state_adapter=1.405774e-11, personal_generator_id_adapter=5.759767e-14, personal_generator_context_adapter=3.839407e-11, personal_generator_direct_scale=2.988161e-09
2026-05-06 03:11:42,784 - INFO - [assist_09|assist_09_abce_best_no_E|lr=0.0003|drop=0.20] Epoch [006/12] | Train: Loss=0.6381, BCE=0.6161, Reg=0.0220, AUC=0.6160, ACC=0.6719, RMSE=0.4616 | Val: Loss=0.5877, BCE=0.5658, Reg=0.0219, AUC=0.6128, ACC=0.7370, RMSE=0.4359
2026-05-06 03:11:42,785 - INFO - [assist_09|assist_09_abce_best_no_E|lr=0.0003|drop=0.20] [Reg Terms] Epoch [006] | Train: graph_entropy=0.000000, graph_diag=0.019089, graph_uniform=0.002931, graph_reg_scale=1.0000, prediction_l2=0.000000, personal_sparse=0.000000, alpha_var=0.000000, alpha_collapse=0.000000, reg_bce_ratio=0.0357 | Val: graph_entropy=0.000000, graph_diag=0.018976, graph_uniform=0.002933, graph_reg_scale=1.0000, prediction_l2=0.000000, personal_sparse=0.000000, alpha_var=0.000000, alpha_collapse=0.000000, reg_bce_ratio=0.0387
2026-05-06 03:11:42,916 - INFO - [assist_09|assist_09_abce_best_full|lr=0.0003|drop=0.20] -> New best AUC=0.5983 at epoch 4
2026-05-06 03:11:42,941 - INFO - [assist_09|assist_09_abce_best_no_E|lr=0.0003|drop=0.20] [Diag][AE] Epoch [006] | irt_abs_mean=0.9187, irt_std=0.2727, personal_warmup_scale=1.00, graph_row_entropy=2.4287, graph_entropy_ratio=0.5047, alpha_mean=0.0000, alpha_std=0.0000, alpha_base_mean=0.0000, alpha_delta_absmean=0.0000, alpha_saturation_ratio=0.0000, alpha_bias_std=NA, alpha_state_path=0.0000, alpha_id_path=0.0000, alpha_bias_path=0.0000, head_bias_path=0.0000, personal_row_entropy=0.0000, personal_matrix_delta=0.0000, personal_matrix_student_std=0.0000, personal_delta_pre_softmax_norm=0.0000, personal_delta_student_std=0.0000, alpha_head_std=0.0000, query_row_global_readout_delta=0.3653, query_row_personal_message_delta=0.0000, query_row_posterior_delta_abs=0.0000, query_row_posterior_kl=0.0000, query_row_delta_local_rms_raw=0.0000, query_row_message_projection_gain=0.0000, personal_to_graph_query_ratio=0.0000, query_row_global_support_mass=0.0000, query_row_personal_support_mass=0.0000, neighbor_row_personal_delta=0.0000, personal_row_budget_mean=0.0000, personal_query_row_std=0.0000, readout_query_support_mass=0.0000, personal_student_mix=0.0000, personal_student_adapter=0.0000, local_row_ratio=0.0000, support_density=0.0000, readout_query_delta=0.3653, personal_bad_rows_active=0.00, personal_fallback_rows_active=0.00, personal_bad_row_rate_active=0.0000, personal_padded_rows=0.00, personal_logits_support_absmax=0.0000, personal_query_trust_scale_mean=1.0000, personal_bad_rows_legacy=0.00, personal_fallback_rows_legacy=0.00, personal_logits_absmax_legacy=0.0000
2026-05-06 03:11:42,941 - INFO - [assist_09|assist_09_abce_best_no_E|lr=0.0003|drop=0.20] [Diag][A] Epoch [006] | entropy_ratio=0.5047, diag_mass=0.1898, to_uniform_l2=0.026682, to_identity_l2=0.076306, relation_identity_delta=0.076306, knowledge_state_graph_delta=0.467004, knowledge_state_personal_delta=0.000000, share_concept_embeddings=True, tau_mean=0.9686, tau_std=0.0006, graph_reg_scale(train/val)=1.0000/1.0000
2026-05-06 03:11:42,941 - INFO - [assist_09|assist_09_abce_best_no_E|lr=0.0003|drop=0.20] [Grad Norms] Epoch [006] | relation_emb=9.521075e-02, relation_tau=2.943782e-04, relation_wq=1.246109e-04, relation_wk=1.202000e-04, personal_u=0.000000e+00, personal_v=0.000000e+00, personal_alpha_bias=0.000000e+00, personal_gate_emb=0.000000e+00, personal_gate_state_proj=0.000000e+00, personal_gate_context_proj=0.000000e+00, personal_gate_state_direct=0.000000e+00, personal_gate_id_direct=0.000000e+00, personal_gate_context_direct=0.000000e+00, personal_gate_out=0.000000e+00, personal_generator_emb=0.000000e+00, personal_generator_context_proj=0.000000e+00, personal_generator_context_hidden=0.000000e+00, personal_generator_context_to_u=0.000000e+00, personal_generator_context_to_v=0.000000e+00, personal_generator_state_row=0.000000e+00, personal_generator_state_col=0.000000e+00, personal_generator_id_row=0.000000e+00, personal_generator_id_col=0.000000e+00, personal_generator_state_adapter=0.000000e+00, personal_generator_id_adapter=0.000000e+00, personal_generator_context_adapter=0.000000e+00, personal_generator_direct_scale=0.000000e+00
2026-05-06 03:11:42,941 - INFO - [assist_09|assist_09_abce_best_no_E|lr=0.0003|drop=0.20] -> No improvement 2 epoch(s) (best AUC=0.6258 @ 4)
2026-05-06 03:11:42,941 - INFO - [assist_09|assist_09_abce_best_no_E|lr=0.0003|drop=0.20] Early stopping at epoch 6 (best AUC=0.6258 @ 4)
2026-05-06 03:11:42,946 - INFO - Epoch-wise metrics saved to checkpoints/abce_diag/remote_writer_residual_matched_probe_20260506_a5a38c6/assist_09/seed42/best_no_E/metrics_history.csv
2026-05-06 03:11:42,947 - INFO - [assist_09|assist_09_abce_best_no_E|lr=0.0003|drop=0.20] Training completed! Best Val AUC=0.6258 @ epoch 4
2026-05-06 03:11:43,154 - INFO - 
============================================================
         MODULE ACTIVITY REPORT
============================================================
Dataset: assist_09 | Seed: 42 | Epoch: 6

1. Concept Graph Module (A):
   - Mean row entropy: 2.429 / 4.812
   - Entropy ratio: 50.5%
   - Query readout delta: 0.3619
   - Query head var: 0.0000
   - Status: LIVE_BUT_COLLAPSED (graph enters query rows but head diversity is washed out)
   -> Consider: strengthen head-wise query gating or graph query adapter leverage

2. Personal Graph Module (E):
   - Status: DISABLED (use_personal_graph=False or no_E)

------------------------------------------------------------
SUMMARY:
   Active modules: Concept Graph (A)
   All enabled graph modules are functioning properly.
============================================================
2026-05-06 03:11:43,154 - INFO - [assist_09|assist_09_abce_best_no_E|lr=0.0003|drop=0.20] Module activity saved to checkpoints/abce_diag/remote_writer_residual_matched_probe_20260506_a5a38c6/assist_09/seed42/best_no_E/module_activity.json
[GPU] Status: [GPU 0: 22732MiB free]
2026-05-06 03:11:43,207 - INFO - Using device: cuda:0
2026-05-06 03:11:43,207 - INFO - Loading model from checkpoints/abce_diag/remote_writer_residual_matched_probe_20260506_a5a38c6/assist_09/seed42/best_no_E/best_model.pth...
2026-05-06 03:11:43,344 - INFO - [Inference Filter] before=52549, after=51090, dropped=1459, coverage=97.22% (train-only seen student/item support)
2026-05-06 03:11:43,363 - INFO - Inference switches: ablate_module1=False | enable_module1=True | use_concept_graph=True | effective(num_gnn_layers=2)
2026-05-06 03:11:43,378 - INFO - [Inference] Ablation runtime check: args(ablate_module1=False) | expect(use_concept_graph=True,use_personal_graph=False) | model(enable_module1=True,use_concept_graph=True,use_personal_graph=False) | physical(has_knowledge_encoder=True,has_relation_learning=True,has_adaptive_gate=False,has_personal_generator=False)
2026-05-06 03:11:43,379 - INFO - [Inference] [Graph Init] graph_tau_mean=1.0055, graph_tau_std=0.0000, graph_dropout=0.000, use_personal_graph=False
2026-05-06 03:11:43,380 - INFO - Model loaded from epoch 4. Start testing...
2026-05-06 03:11:43,413 - INFO - [assist_09|assist_09_abce_best_no_A|lr=0.0003|drop=0.20] Epoch [004/12] | Train: Loss=0.6290, BCE=0.6279, Reg=0.0011, AUC=0.5706, ACC=0.6768, RMSE=0.4671 | Val: Loss=0.5938, BCE=0.5929, Reg=0.0009, AUC=0.5416, ACC=0.7370, RMSE=0.4486
2026-05-06 03:11:43,414 - INFO - [assist_09|assist_09_abce_best_no_A|lr=0.0003|drop=0.20] [Reg Terms] Epoch [004] | Train: graph_entropy=0.000000, graph_diag=0.000000, graph_uniform=0.000000, graph_reg_scale=1.0000, prediction_l2=0.000000, personal_sparse=0.000003, alpha_var=0.000000, alpha_collapse=0.000014, reg_bce_ratio=0.0018 | Val: graph_entropy=0.000000, graph_diag=0.000000, graph_uniform=0.000000, graph_reg_scale=1.0000, prediction_l2=0.000000, personal_sparse=0.000004, alpha_var=0.000000, alpha_collapse=0.000000, reg_bce_ratio=0.0016
2026-05-06 03:11:43,582 - INFO - 
==================================================
2026-05-06 03:11:43,582 - INFO - Test Results:
2026-05-06 03:11:43,582 - INFO - AUC: 0.6370
2026-05-06 03:11:43,582 - INFO - ACC: 0.7643
2026-05-06 03:11:43,582 - INFO - RMSE: 0.4262
2026-05-06 03:11:43,583 - INFO - ==================================================
2026-05-06 03:11:43,604 - INFO - Summary appended to /home/zsh/ConceptSkillCDM/results/experiment_results.csv
2026-05-06 03:11:43,607 - INFO - Run completed.
2026-05-06 03:11:43,607 - INFO - Best validation AUC: 0.6258 at epoch 4
2026-05-06 03:11:43,607 - INFO - Test metrics - AUC: 0.6370, ACC: 0.7643, RMSE: 0.4262
2026-05-06 03:11:43,625 - INFO - [assist_09|assist_09_abce_best_no_A|lr=0.0003|drop=0.20] [Diag][AE] Epoch [004] | irt_abs_mean=0.6316, irt_std=0.1871, personal_warmup_scale=0.50, graph_row_entropy=0.0000, graph_entropy_ratio=0.0000, alpha_mean=0.0504, alpha_std=0.0503, alpha_base_mean=0.0500, alpha_delta_absmean=0.0997, alpha_saturation_ratio=0.0000, alpha_bias_std=NA, alpha_state_path=8.5407, alpha_id_path=0.0000, alpha_bias_path=0.0000, head_bias_path=1.5251, personal_row_entropy=0.0343, personal_matrix_delta=0.0848, personal_matrix_student_std=0.1664, personal_delta_pre_softmax_norm=1.7773, personal_delta_student_std=0.6682, alpha_head_std=0.0503, query_row_global_readout_delta=0.0000, query_row_personal_message_delta=0.0017, query_row_posterior_delta_abs=0.0848, query_row_posterior_kl=0.0566, query_row_delta_local_rms_raw=0.1265, query_row_message_projection_gain=1.4925, personal_to_graph_query_ratio=0.0000, query_row_global_support_mass=0.0000, query_row_personal_support_mass=0.0000, neighbor_row_personal_delta=0.0000, personal_row_budget_mean=1.0000, personal_query_row_std=0.9678, readout_query_support_mass=0.0000, personal_student_mix=0.0051, personal_student_adapter=0.0123, local_row_ratio=0.0098, support_density=0.1840, readout_query_delta=0.0017, personal_bad_rows_active=0.00, personal_fallback_rows_active=0.00, personal_bad_row_rate_active=0.0000, personal_padded_rows=460.00, personal_logits_support_absmax=4.1357, personal_query_trust_scale_mean=0.8772, personal_bad_rows_legacy=460.00, personal_fallback_rows_legacy=460.00, personal_logits_absmax_legacy=30.0000
2026-05-06 03:11:43,625 - INFO - [assist_09|assist_09_abce_best_no_A|lr=0.0003|drop=0.20] [Diag][A] Epoch [004] | entropy_ratio=0.0000, diag_mass=1.0000, to_uniform_l2=0.089800, to_identity_l2=0.000000, relation_identity_delta=0.000000, knowledge_state_graph_delta=0.000000, knowledge_state_personal_delta=0.000000, share_concept_embeddings=True, tau_mean=0.0000, tau_std=0.0000, graph_reg_scale(train/val)=1.0000/1.0000
2026-05-06 03:11:43,625 - INFO - [assist_09|assist_09_abce_best_no_A|lr=0.0003|drop=0.20] [Grad Norms] Epoch [004] | relation_emb=0.000000e+00, relation_tau=0.000000e+00, relation_wq=0.000000e+00, relation_wk=0.000000e+00, personal_u=0.000000e+00, personal_v=0.000000e+00, personal_alpha_bias=0.000000e+00, personal_gate_emb=1.956917e-16, personal_gate_state_proj=4.523514e-11, personal_gate_context_proj=1.692497e-10, personal_gate_state_direct=8.321530e-11, personal_gate_id_direct=2.860606e-16, personal_gate_context_direct=3.141787e-10, personal_gate_out=8.547300e-11, personal_generator_emb=0.000000e+00, personal_generator_context_proj=0.000000e+00, personal_generator_context_hidden=0.000000e+00, personal_generator_context_to_u=0.000000e+00, personal_generator_context_to_v=0.000000e+00, personal_generator_state_row=0.000000e+00, personal_generator_state_col=0.000000e+00, personal_generator_id_row=0.000000e+00, personal_generator_id_col=0.000000e+00, personal_generator_state_adapter=0.000000e+00, personal_generator_id_adapter=0.000000e+00, personal_generator_context_adapter=0.000000e+00, personal_generator_direct_scale=0.000000e+00
2026-05-06 03:11:44,335 - INFO - [assist_09|assist_09_abce_best_no_A|lr=0.0003|drop=0.20] -> New best AUC=0.5416 at epoch 4
2026-05-06 03:11:44,878 - INFO - [assist_09|assist_09_abce_best_full|lr=0.0003|drop=0.20] Epoch [005/12] | Train: Loss=0.6493, BCE=0.6253, Reg=0.0240, AUC=0.6061, ACC=0.6647, RMSE=0.4660 | Val: Loss=0.5921, BCE=0.5681, Reg=0.0239, AUC=0.6224, ACC=0.7370, RMSE=0.4366
2026-05-06 03:11:44,879 - INFO - [assist_09|assist_09_abce_best_full|lr=0.0003|drop=0.20] [Reg Terms] Epoch [005] | Train: graph_entropy=0.000000, graph_diag=0.019318, graph_uniform=0.002928, graph_reg_scale=1.0000, prediction_l2=0.000000, personal_sparse=0.000198, alpha_var=0.000000, alpha_collapse=0.000000, reg_bce_ratio=0.0384 | Val: graph_entropy=0.000000, graph_diag=0.019199, graph_uniform=0.002930, graph_reg_scale=1.0000, prediction_l2=0.000000, personal_sparse=0.000208, alpha_var=0.000000, alpha_collapse=0.000000, reg_bce_ratio=0.0421
2026-05-06 03:11:45,095 - INFO - [assist_09|assist_09_abce_best_full|lr=0.0003|drop=0.20] [Diag][AE] Epoch [005] | irt_abs_mean=0.8534, irt_std=0.2212, personal_warmup_scale=0.62, graph_row_entropy=2.4266, graph_entropy_ratio=0.5043, alpha_mean=0.0564, alpha_std=0.0564, alpha_base_mean=0.0502, alpha_delta_absmean=0.0993, alpha_saturation_ratio=0.0000, alpha_bias_std=NA, alpha_state_path=8.3865, alpha_id_path=0.0000, alpha_bias_path=0.0000, head_bias_path=1.5211, personal_row_entropy=1.6792, personal_matrix_delta=0.0878, personal_matrix_student_std=0.0539, personal_delta_pre_softmax_norm=2.3421, personal_delta_student_std=1.2178, alpha_head_std=0.0564, query_row_global_readout_delta=0.3263, query_row_personal_message_delta=0.0034, query_row_posterior_delta_abs=0.0878, query_row_posterior_kl=0.0617, query_row_delta_local_rms_raw=0.0668, query_row_message_projection_gain=0.7600, personal_to_graph_query_ratio=0.0103, query_row_global_support_mass=0.0000, query_row_personal_support_mass=0.7607, neighbor_row_personal_delta=0.0000, personal_row_budget_mean=1.0000, personal_query_row_std=0.0931, readout_query_support_mass=0.0000, personal_student_mix=0.0052, personal_student_adapter=0.0124, local_row_ratio=0.2026, support_density=0.4010, readout_query_delta=0.3266, personal_bad_rows_active=0.00, personal_fallback_rows_active=0.00, personal_bad_row_rate_active=0.0000, personal_padded_rows=460.00, personal_logits_support_absmax=5.7189, personal_query_trust_scale_mean=1.0000, personal_bad_rows_legacy=460.00, personal_fallback_rows_legacy=460.00, personal_logits_absmax_legacy=30.0000
2026-05-06 03:11:45,095 - INFO - [assist_09|assist_09_abce_best_full|lr=0.0003|drop=0.20] [Diag][A] Epoch [005] | entropy_ratio=0.5043, diag_mass=0.1920, to_uniform_l2=0.026761, to_identity_l2=0.076096, relation_identity_delta=0.076096, knowledge_state_graph_delta=0.469154, knowledge_state_personal_delta=0.000000, share_concept_embeddings=True, tau_mean=0.9751, tau_std=0.0003, graph_reg_scale(train/val)=1.0000/1.0000
2026-05-06 03:11:45,095 - INFO - [assist_09|assist_09_abce_best_full|lr=0.0003|drop=0.20] [Grad Norms] Epoch [005] | relation_emb=7.487440e-02, relation_tau=2.418793e-04, relation_wq=1.072274e-04, relation_wk=1.053692e-04, personal_u=1.124203e-03, personal_v=7.522479e-04, personal_alpha_bias=0.000000e+00, personal_gate_emb=4.002692e-11, personal_gate_state_proj=1.005559e-05, personal_gate_context_proj=3.377860e-05, personal_gate_state_direct=1.744311e-05, personal_gate_id_direct=4.722259e-11, personal_gate_context_direct=5.920286e-05, personal_gate_out=2.268531e-05, personal_generator_emb=1.483891e-12, personal_generator_context_proj=3.249538e-09, personal_generator_context_hidden=1.336296e-09, personal_generator_context_to_u=7.048628e-09, personal_generator_context_to_v=6.116848e-09, personal_generator_state_row=1.715404e-08, personal_generator_state_col=1.452905e-08, personal_generator_id_row=1.331523e-10, personal_generator_id_col=1.140617e-10, personal_generator_state_adapter=6.658027e-12, personal_generator_id_adapter=5.474591e-15, personal_generator_context_adapter=1.426885e-10, personal_generator_direct_scale=8.069962e-09
2026-05-06 03:11:45,901 - INFO - [assist_09|assist_09_abce_best_full|lr=0.0003|drop=0.20] -> New best AUC=0.6224 at epoch 5
2026-05-06 03:11:46,779 - INFO - [assist_09|assist_09_abce_best_no_A|lr=0.0003|drop=0.20] Epoch [005/12] | Train: Loss=0.6389, BCE=0.6375, Reg=0.0013, AUC=0.5795, ACC=0.6533, RMSE=0.4721 | Val: Loss=0.5890, BCE=0.5878, Reg=0.0012, AUC=0.5587, ACC=0.7370, RMSE=0.4461
2026-05-06 03:11:46,779 - INFO - [assist_09|assist_09_abce_best_no_A|lr=0.0003|drop=0.20] [Reg Terms] Epoch [005] | Train: graph_entropy=0.000000, graph_diag=0.000000, graph_uniform=0.000000, graph_reg_scale=1.0000, prediction_l2=0.000000, personal_sparse=0.000004, alpha_var=0.000000, alpha_collapse=0.000000, reg_bce_ratio=0.0021 | Val: graph_entropy=0.000000, graph_diag=0.000000, graph_uniform=0.000000, graph_reg_scale=1.0000, prediction_l2=0.000000, personal_sparse=0.000005, alpha_var=0.000000, alpha_collapse=0.000000, reg_bce_ratio=0.0020
2026-05-06 03:11:46,999 - INFO - [assist_09|assist_09_abce_best_no_A|lr=0.0003|drop=0.20] [Diag][AE] Epoch [005] | irt_abs_mean=0.6742, irt_std=0.1936, personal_warmup_scale=0.62, graph_row_entropy=0.0000, graph_entropy_ratio=0.0000, alpha_mean=0.0566, alpha_std=0.0566, alpha_base_mean=0.0501, alpha_delta_absmean=0.0996, alpha_saturation_ratio=0.0000, alpha_bias_std=NA, alpha_state_path=7.9975, alpha_id_path=0.0000, alpha_bias_path=0.0000, head_bias_path=1.5247, personal_row_entropy=0.0340, personal_matrix_delta=0.0848, personal_matrix_student_std=0.1670, personal_delta_pre_softmax_norm=1.7767, personal_delta_student_std=0.6683, alpha_head_std=0.0566, query_row_global_readout_delta=0.0000, query_row_personal_message_delta=0.0017, query_row_posterior_delta_abs=0.0848, query_row_posterior_kl=0.0566, query_row_delta_local_rms_raw=0.1284, query_row_message_projection_gain=1.5135, personal_to_graph_query_ratio=0.0000, query_row_global_support_mass=0.0000, query_row_personal_support_mass=0.0000, neighbor_row_personal_delta=0.0000, personal_row_budget_mean=1.0000, personal_query_row_std=0.9667, readout_query_support_mass=0.0000, personal_student_mix=0.0052, personal_student_adapter=0.0124, local_row_ratio=0.0098, support_density=0.1840, readout_query_delta=0.0017, personal_bad_rows_active=0.00, personal_fallback_rows_active=0.00, personal_bad_row_rate_active=0.0000, personal_padded_rows=460.00, personal_logits_support_absmax=4.1411, personal_query_trust_scale_mean=0.8715, personal_bad_rows_legacy=460.00, personal_fallback_rows_legacy=460.00, personal_logits_absmax_legacy=30.0000
2026-05-06 03:11:46,999 - INFO - [assist_09|assist_09_abce_best_no_A|lr=0.0003|drop=0.20] [Diag][A] Epoch [005] | entropy_ratio=0.0000, diag_mass=1.0000, to_uniform_l2=0.089800, to_identity_l2=0.000000, relation_identity_delta=0.000000, knowledge_state_graph_delta=0.000000, knowledge_state_personal_delta=0.000000, share_concept_embeddings=True, tau_mean=0.0000, tau_std=0.0000, graph_reg_scale(train/val)=1.0000/1.0000
2026-05-06 03:11:46,999 - INFO - [assist_09|assist_09_abce_best_no_A|lr=0.0003|drop=0.20] [Grad Norms] Epoch [005] | relation_emb=0.000000e+00, relation_tau=0.000000e+00, relation_wq=0.000000e+00, relation_wk=0.000000e+00, personal_u=0.000000e+00, personal_v=0.000000e+00, personal_alpha_bias=0.000000e+00, personal_gate_emb=6.108079e-17, personal_gate_state_proj=1.383406e-11, personal_gate_context_proj=5.104277e-11, personal_gate_state_direct=2.817412e-11, personal_gate_id_direct=1.036559e-16, personal_gate_context_direct=1.042020e-10, personal_gate_out=2.968554e-11, personal_generator_emb=0.000000e+00, personal_generator_context_proj=0.000000e+00, personal_generator_context_hidden=0.000000e+00, personal_generator_context_to_u=0.000000e+00, personal_generator_context_to_v=0.000000e+00, personal_generator_state_row=0.000000e+00, personal_generator_state_col=0.000000e+00, personal_generator_id_row=0.000000e+00, personal_generator_id_col=0.000000e+00, personal_generator_state_adapter=1.294840e-36, personal_generator_id_adapter=4.412969e-39, personal_generator_context_adapter=4.393607e-35, personal_generator_direct_scale=1.245158e-21
2026-05-06 03:11:47,623 - INFO - [assist_09|assist_09_abce_best_no_A|lr=0.0003|drop=0.20] -> New best AUC=0.5587 at epoch 5
2026-05-06 03:11:47,878 - INFO - [assist_09|assist_09_abce_best_full|lr=0.0003|drop=0.20] Epoch [006/12] | Train: Loss=0.6565, BCE=0.6323, Reg=0.0242, AUC=0.6088, ACC=0.6520, RMSE=0.4697 | Val: Loss=0.5946, BCE=0.5705, Reg=0.0241, AUC=0.6300, ACC=0.7344, RMSE=0.4378
2026-05-06 03:11:47,879 - INFO - [assist_09|assist_09_abce_best_full|lr=0.0003|drop=0.20] [Reg Terms] Epoch [006] | Train: graph_entropy=0.000000, graph_diag=0.019091, graph_uniform=0.002931, graph_reg_scale=1.0000, prediction_l2=0.000000, personal_sparse=0.000224, alpha_var=0.000000, alpha_collapse=0.000000, reg_bce_ratio=0.0382 | Val: graph_entropy=0.000000, graph_diag=0.018973, graph_uniform=0.002933, graph_reg_scale=1.0000, prediction_l2=0.000000, personal_sparse=0.000249, alpha_var=0.000000, alpha_collapse=0.000000, reg_bce_ratio=0.0422
2026-05-06 03:11:48,064 - INFO - [assist_09|assist_09_abce_best_full|lr=0.0003|drop=0.20] [Diag][AE] Epoch [006] | irt_abs_mean=0.7853, irt_std=0.2602, personal_warmup_scale=0.75, graph_row_entropy=2.4287, graph_entropy_ratio=0.5047, alpha_mean=0.0621, alpha_std=0.0624, alpha_base_mean=0.0502, alpha_delta_absmean=0.0984, alpha_saturation_ratio=0.0000, alpha_bias_std=NA, alpha_state_path=7.2943, alpha_id_path=0.0000, alpha_bias_path=0.0000, head_bias_path=1.5208, personal_row_entropy=1.6723, personal_matrix_delta=0.0886, personal_matrix_student_std=0.0536, personal_delta_pre_softmax_norm=2.3373, personal_delta_student_std=1.2124, alpha_head_std=0.0621, query_row_global_readout_delta=0.3205, query_row_personal_message_delta=0.0037, query_row_posterior_delta_abs=0.0886, query_row_posterior_kl=0.0625, query_row_delta_local_rms_raw=0.0663, query_row_message_projection_gain=0.7483, personal_to_graph_query_ratio=0.0114, query_row_global_support_mass=0.0000, query_row_personal_support_mass=0.7710, neighbor_row_personal_delta=0.0000, personal_row_budget_mean=1.0000, personal_query_row_std=0.0908, readout_query_support_mass=0.0000, personal_student_mix=0.0052, personal_student_adapter=0.0124, local_row_ratio=0.1999, support_density=0.4010, readout_query_delta=0.3207, personal_bad_rows_active=0.00, personal_fallback_rows_active=0.00, personal_bad_row_rate_active=0.0000, personal_padded_rows=460.00, personal_logits_support_absmax=5.7445, personal_query_trust_scale_mean=1.0000, personal_bad_rows_legacy=460.00, personal_fallback_rows_legacy=460.00, personal_logits_absmax_legacy=30.0000
2026-05-06 03:11:48,064 - INFO - [assist_09|assist_09_abce_best_full|lr=0.0003|drop=0.20] [Diag][A] Epoch [006] | entropy_ratio=0.5047, diag_mass=0.1897, to_uniform_l2=0.026681, to_identity_l2=0.076309, relation_identity_delta=0.076309, knowledge_state_graph_delta=0.469243, knowledge_state_personal_delta=0.000000, share_concept_embeddings=True, tau_mean=0.9680, tau_std=0.0003, graph_reg_scale(train/val)=1.0000/1.0000
2026-05-06 03:11:48,064 - INFO - [assist_09|assist_09_abce_best_full|lr=0.0003|drop=0.20] [Grad Norms] Epoch [006] | relation_emb=9.127333e-02, relation_tau=2.772235e-04, relation_wq=1.131025e-04, relation_wk=1.097958e-04, personal_u=9.029310e-04, personal_v=7.957939e-04, personal_alpha_bias=0.000000e+00, personal_gate_emb=3.758097e-11, personal_gate_state_proj=9.125014e-06, personal_gate_context_proj=3.169732e-05, personal_gate_state_direct=1.864623e-05, personal_gate_id_direct=4.801094e-11, personal_gate_context_direct=6.288171e-05, personal_gate_out=2.386574e-05, personal_generator_emb=1.196279e-12, personal_generator_context_proj=3.047436e-09, personal_generator_context_hidden=1.153986e-09, personal_generator_context_to_u=6.613083e-09, personal_generator_context_to_v=6.979264e-09, personal_generator_state_row=1.826201e-08, personal_generator_state_col=1.984155e-08, personal_generator_id_row=1.463479e-10, personal_generator_id_col=1.591361e-10, personal_generator_state_adapter=2.196938e-12, personal_generator_id_adapter=8.180145e-17, personal_generator_context_adapter=2.675255e-10, personal_generator_direct_scale=1.617378e-09
2026-05-06 03:11:48,774 - INFO - [assist_09|assist_09_abce_best_full|lr=0.0003|drop=0.20] -> New best AUC=0.6300 at epoch 6
[DONE] dataset=assist_09 seed=42 profile=best ablation=no_E exit=0 auc=0.6369921033064462
[PLAN] dataset=junyi seed=42 profile=best ablation=full gpu=0
       CMD: /home/zsh/anaconda3/envs/xph_env/bin/python main.py --dataset_name junyi --model_variant junyi_abce_best_full --save_dir checkpoints/abce_diag/remote_writer_residual_matched_probe_20260506_a5a38c6/junyi/seed42/best_full --log_dir logs/abce_diag/remote_writer_residual_matched_probe_20260506_a5a38c6/junyi/seed42/best_full --seed 42 --generate_diagnosis False --alpha_min_target 0.04 --batch_size 64 --debug_graph_diag --diag_batches 1 --dropout 0.4 --early_stop_patience 2 --epochs 12 --graph_dropout 0.0 --graph_edge_bias_rank 8 --graph_entropy_max 0.7 --graph_entropy_min 0.15 --graph_headwise_query_gate --graph_identity_residual 0.05 --graph_propagation_alpha 0.25 --graph_query_adapter_enable --graph_query_readout_2hop_scale 0.12 --graph_query_readout_scale 0.45 --graph_reg_cap_ratio 6.0 --graph_reg_warmup_epochs 2 --graph_tau_init 0.55 --graph_topk 24 --graph_uniform_margin 0.12 --knowledge_dim 128 --lambda_alpha 0.0 --lambda_alpha_min 0.05 --lambda_graph_diag 0.12 --lambda_graph_uniform 0.06 --lambda_personal_kl 0.03 --lambda_personal_query_residual 0.08 --lambda_sparse 0.6 --lambda_sparse_personal 0.0005 --learning_rate 0.003 --max_test_batches 6 --max_train_batches 24 --max_val_batches 6 --min_exer_interactions 0 --min_poison_count 0 --min_stu_interactions 15 --num_gnn_layers 2 --num_relation_heads 2 --num_workers 4 --patience 1 --personal_alpha_base_init 0.04 --personal_alpha_bias_scale 0.0 --personal_alpha_budget 0.09 --personal_alpha_temperature 1.8 --personal_delta_scale 4.0 --personal_disable_student_global_context --personal_id_lr_mult 0.25 --no-personal_include_neighbor_rows --personal_local_hops 1 --personal_max_alpha 0.26 --personal_message_alignment_gate --personal_neighbor_row_budget 0.2 --personal_projection_hidden_factor 2 --personal_query_correction_max_ratio 0.2 --personal_query_correction_min_graph_anchor 0.01 --personal_query_correction_scale 0.6 --personal_query_message_gain 1.0 --personal_query_residual_margin 0.05 --personal_query_row_budget 1.3 --personal_query_support_hops 1 --personal_rank 8 --personal_reg_warmup_epochs 5 --personal_state_lr_mult 1.5 --personal_student_dim 64 --personal_support_include_graph --personal_support_include_query_self --personal_support_only --personal_value_use_global_basis --personal_warmup_epochs 5 --prediction_l2_lambda 1e-05 --save_interval 10 --share_concept_embeddings --use_personal_graph --weight_decay 0.001
2026-05-06 03:11:50,140 - INFO - [assist_09|assist_09_abce_best_no_A|lr=0.0003|drop=0.20] Epoch [006/12] | Train: Loss=0.6276, BCE=0.6260, Reg=0.0016, AUC=0.5986, ACC=0.6680, RMSE=0.4663 | Val: Loss=0.5848, BCE=0.5834, Reg=0.0014, AUC=0.5716, ACC=0.7370, RMSE=0.4439
2026-05-06 03:11:50,141 - INFO - [assist_09|assist_09_abce_best_no_A|lr=0.0003|drop=0.20] [Reg Terms] Epoch [006] | Train: graph_entropy=0.000000, graph_diag=0.000000, graph_uniform=0.000000, graph_reg_scale=1.0000, prediction_l2=0.000000, personal_sparse=0.000005, alpha_var=0.000000, alpha_collapse=0.000000, reg_bce_ratio=0.0026 | Val: graph_entropy=0.000000, graph_diag=0.000000, graph_uniform=0.000000, graph_reg_scale=1.0000, prediction_l2=0.000000, personal_sparse=0.000006, alpha_var=0.000000, alpha_collapse=0.000000, reg_bce_ratio=0.0024
2026-05-06 03:11:50,336 - INFO - [assist_09|assist_09_abce_best_no_A|lr=0.0003|drop=0.20] [Diag][AE] Epoch [006] | irt_abs_mean=0.7095, irt_std=0.2010, personal_warmup_scale=0.75, graph_row_entropy=0.0000, graph_entropy_ratio=0.0000, alpha_mean=0.0627, alpha_std=0.0627, alpha_base_mean=0.0501, alpha_delta_absmean=0.0993, alpha_saturation_ratio=0.0000, alpha_bias_std=NA, alpha_state_path=7.1466, alpha_id_path=0.0000, alpha_bias_path=0.0000, head_bias_path=1.5245, personal_row_entropy=0.0326, personal_matrix_delta=0.0852, personal_matrix_student_std=0.1642, personal_delta_pre_softmax_norm=1.7760, personal_delta_student_std=0.6681, alpha_head_std=0.0627, query_row_global_readout_delta=0.0000, query_row_personal_message_delta=0.0017, query_row_posterior_delta_abs=0.0852, query_row_posterior_kl=0.0568, query_row_delta_local_rms_raw=0.1297, query_row_message_projection_gain=1.5220, personal_to_graph_query_ratio=0.0000, query_row_global_support_mass=0.0000, query_row_personal_support_mass=0.0000, neighbor_row_personal_delta=0.0000, personal_row_budget_mean=1.0000, personal_query_row_std=0.9664, readout_query_support_mass=0.0000, personal_student_mix=0.0052, personal_student_adapter=0.0124, local_row_ratio=0.0098, support_density=0.1840, readout_query_delta=0.0017, personal_bad_rows_active=0.00, personal_fallback_rows_active=0.00, personal_bad_row_rate_active=0.0000, personal_padded_rows=460.00, personal_logits_support_absmax=4.1395, personal_query_trust_scale_mean=0.8669, personal_bad_rows_legacy=460.00, personal_fallback_rows_legacy=460.00, personal_logits_absmax_legacy=30.0000
2026-05-06 03:11:50,336 - INFO - [assist_09|assist_09_abce_best_no_A|lr=0.0003|drop=0.20] [Diag][A] Epoch [006] | entropy_ratio=0.0000, diag_mass=1.0000, to_uniform_l2=0.089800, to_identity_l2=0.000000, relation_identity_delta=0.000000, knowledge_state_graph_delta=0.000000, knowledge_state_personal_delta=0.000000, share_concept_embeddings=True, tau_mean=0.0000, tau_std=0.0000, graph_reg_scale(train/val)=1.0000/1.0000
2026-05-06 03:11:50,336 - INFO - [assist_09|assist_09_abce_best_no_A|lr=0.0003|drop=0.20] [Grad Norms] Epoch [006] | relation_emb=0.000000e+00, relation_tau=0.000000e+00, relation_wq=0.000000e+00, relation_wk=0.000000e+00, personal_u=3.537057e-04, personal_v=2.293935e-04, personal_alpha_bias=0.000000e+00, personal_gate_emb=1.624190e-16, personal_gate_state_proj=4.148394e-11, personal_gate_context_proj=1.480277e-10, personal_gate_state_direct=8.616030e-11, personal_gate_id_direct=2.478061e-16, personal_gate_context_direct=3.090324e-10, personal_gate_out=9.386074e-11, personal_generator_emb=9.877997e-14, personal_generator_context_proj=1.818428e-10, personal_generator_context_hidden=7.322436e-11, personal_generator_context_to_u=3.468195e-10, personal_generator_context_to_v=4.257563e-10, personal_generator_state_row=1.177303e-09, personal_generator_state_col=1.474191e-09, personal_generator_id_row=1.129019e-11, personal_generator_id_col=1.588223e-11, personal_generator_state_adapter=4.068741e-13, personal_generator_id_adapter=4.094885e-15, personal_generator_context_adapter=4.827052e-12, personal_generator_direct_scale=1.231128e-10
2026-05-06 03:11:50,850 - INFO - [assist_09|assist_09_abce_best_full|lr=0.0003|drop=0.20] Epoch [007/12] | Train: Loss=0.6576, BCE=0.6333, Reg=0.0243, AUC=0.6027, ACC=0.6507, RMSE=0.4702 | Val: Loss=0.5923, BCE=0.5681, Reg=0.0242, AUC=0.6247, ACC=0.7357, RMSE=0.4368
2026-05-06 03:11:50,851 - INFO - [assist_09|assist_09_abce_best_full|lr=0.0003|drop=0.20] [Reg Terms] Epoch [007] | Train: graph_entropy=0.000000, graph_diag=0.018863, graph_uniform=0.002934, graph_reg_scale=1.0000, prediction_l2=0.000000, personal_sparse=0.000264, alpha_var=0.000000, alpha_collapse=0.000000, reg_bce_ratio=0.0384 | Val: graph_entropy=0.000000, graph_diag=0.018743, graph_uniform=0.002936, graph_reg_scale=1.0000, prediction_l2=0.000000, personal_sparse=0.000290, alpha_var=0.000000, alpha_collapse=0.000000, reg_bce_ratio=0.0426
2026-05-06 03:11:50,950 - INFO - [assist_09|assist_09_abce_best_no_A|lr=0.0003|drop=0.20] -> New best AUC=0.5716 at epoch 6
2026-05-06 03:11:51,042 - INFO - [assist_09|assist_09_abce_best_full|lr=0.0003|drop=0.20] [Diag][AE] Epoch [007] | irt_abs_mean=0.8254, irt_std=0.2988, personal_warmup_scale=0.88, graph_row_entropy=2.4309, graph_entropy_ratio=0.5052, alpha_mean=0.0679, alpha_std=0.0683, alpha_base_mean=0.0502, alpha_delta_absmean=0.0976, alpha_saturation_ratio=0.0000, alpha_bias_std=NA, alpha_state_path=6.4983, alpha_id_path=0.0000, alpha_bias_path=0.0000, head_bias_path=1.5206, personal_row_entropy=1.6739, personal_matrix_delta=0.0889, personal_matrix_student_std=0.0540, personal_delta_pre_softmax_norm=2.3360, personal_delta_student_std=1.2144, alpha_head_std=0.0679, query_row_global_readout_delta=0.3317, query_row_personal_message_delta=0.0041, query_row_posterior_delta_abs=0.0889, query_row_posterior_kl=0.0628, query_row_delta_local_rms_raw=0.0651, query_row_message_projection_gain=0.7323, personal_to_graph_query_ratio=0.0122, query_row_global_support_mass=0.0000, query_row_personal_support_mass=0.7606, neighbor_row_personal_delta=0.0000, personal_row_budget_mean=1.0000, personal_query_row_std=0.0994, readout_query_support_mass=0.0000, personal_student_mix=0.0052, personal_student_adapter=0.0125, local_row_ratio=0.1975, support_density=0.4010, readout_query_delta=0.3319, personal_bad_rows_active=0.00, personal_fallback_rows_active=0.00, personal_bad_row_rate_active=0.0000, personal_padded_rows=460.00, personal_logits_support_absmax=5.7136, personal_query_trust_scale_mean=1.0000, personal_bad_rows_legacy=460.00, personal_fallback_rows_legacy=460.00, personal_logits_absmax_legacy=30.0000
2026-05-06 03:11:51,042 - INFO - [assist_09|assist_09_abce_best_full|lr=0.0003|drop=0.20] [Diag][A] Epoch [007] | entropy_ratio=0.5052, diag_mass=0.1874, to_uniform_l2=0.026601, to_identity_l2=0.076525, relation_identity_delta=0.076525, knowledge_state_graph_delta=0.470001, knowledge_state_personal_delta=0.000000, share_concept_embeddings=True, tau_mean=0.9608, tau_std=0.0004, graph_reg_scale(train/val)=1.0000/1.0000
2026-05-06 03:11:51,042 - INFO - [assist_09|assist_09_abce_best_full|lr=0.0003|drop=0.20] [Grad Norms] Epoch [007] | relation_emb=1.087419e-01, relation_tau=3.189491e-04, relation_wq=1.217479e-04, relation_wk=1.196786e-04, personal_u=1.105780e-03, personal_v=1.039728e-03, personal_alpha_bias=0.000000e+00, personal_gate_emb=8.972917e-11, personal_gate_state_proj=2.217017e-05, personal_gate_context_proj=7.210205e-05, personal_gate_state_direct=4.787460e-05, personal_gate_id_direct=8.147762e-11, personal_gate_context_direct=1.575911e-04, personal_gate_out=2.195478e-05, personal_generator_emb=8.013051e-13, personal_generator_context_proj=2.511395e-09, personal_generator_context_hidden=9.875319e-10, personal_generator_context_to_u=6.566056e-09, personal_generator_context_to_v=6.707466e-09, personal_generator_state_row=2.190749e-08, personal_generator_state_col=2.231705e-08, personal_generator_id_row=1.602412e-10, personal_generator_id_col=1.590121e-10, personal_generator_state_adapter=3.498568e-12, personal_generator_id_adapter=2.157589e-14, personal_generator_context_adapter=2.704451e-11, personal_generator_direct_scale=3.904303e-08
2026-05-06 03:11:51,042 - INFO - [assist_09|assist_09_abce_best_full|lr=0.0003|drop=0.20] -> No improvement 1 epoch(s) (best AUC=0.6300 @ 6)
2026-05-06 03:11:51,922 - INFO - Arguments:
2026-05-06 03:11:51,922 - INFO -   ablate_concept_graph: False
2026-05-06 03:11:51,922 - INFO -   ablate_module1: False
2026-05-06 03:11:51,922 - INFO -   allow_self_loop: True
2026-05-06 03:11:51,922 - INFO -   alpha_min_target: 0.04
2026-05-06 03:11:51,922 - INFO -   batch_size: 64
2026-05-06 03:11:51,922 - INFO -   data_dir: ./data/junyi
2026-05-06 03:11:51,922 - INFO -   dataset_name: junyi
2026-05-06 03:11:51,922 - INFO -   debug_graph_diag: True
2026-05-06 03:11:51,922 - INFO -   diag_batches: 1
2026-05-06 03:11:51,922 - INFO -   disable_self_loop: False
2026-05-06 03:11:51,922 - INFO -   dropout: 0.4
2026-05-06 03:11:51,922 - INFO -   early_stop_patience: 2
2026-05-06 03:11:51,922 - INFO -   enable_module1: True
2026-05-06 03:11:51,922 - INFO -   epochs: 12
2026-05-06 03:11:51,922 - INFO -   generate_diagnosis: False
2026-05-06 03:11:51,923 - INFO -   gnn_residual_weight: 0.5
2026-05-06 03:11:51,923 - INFO -   gpu_candidates: None
2026-05-06 03:11:51,923 - INFO -   gpu_ids: None
2026-05-06 03:11:51,923 - INFO -   gpu_memory_threshold: 2000
2026-05-06 03:11:51,923 - INFO -   gpus: None
2026-05-06 03:11:51,923 - INFO -   graph_dropout: 0.0
2026-05-06 03:11:51,923 - INFO -   graph_edge_bias_rank: 8
2026-05-06 03:11:51,923 - INFO -   graph_entropy_max: 0.7
2026-05-06 03:11:51,923 - INFO -   graph_entropy_min: 0.15
2026-05-06 03:11:51,923 - INFO -   graph_headwise_query_gate: True
2026-05-06 03:11:51,923 - INFO -   graph_identity_residual: 0.05
2026-05-06 03:11:51,923 - INFO -   graph_propagation_alpha: 0.25
2026-05-06 03:11:51,923 - INFO -   graph_query_adapter_enable: True
2026-05-06 03:11:51,923 - INFO -   graph_query_readout_2hop_scale: 0.12
2026-05-06 03:11:51,923 - INFO -   graph_query_readout_scale: 0.45
2026-05-06 03:11:51,923 - INFO -   graph_query_writeback_2hop_scale: 0.12
2026-05-06 03:11:51,923 - INFO -   graph_query_writeback_scale: 0.45
2026-05-06 03:11:51,923 - INFO -   graph_readout_1hop_scale: 0.45
2026-05-06 03:11:51,923 - INFO -   graph_readout_2hop_scale: 0.12
2026-05-06 03:11:51,923 - INFO -   graph_reg_cap_ratio: 6.0
2026-05-06 03:11:51,923 - INFO -   graph_reg_warmup_epochs: 2
2026-05-06 03:11:51,923 - INFO -   graph_tau_init: 0.55
2026-05-06 03:11:51,923 - INFO -   graph_topk: 24
2026-05-06 03:11:51,923 - INFO -   graph_uniform_margin: 0.12
2026-05-06 03:11:51,923 - INFO -   knowledge_dim: 128
2026-05-06 03:11:51,923 - INFO -   lambda_alpha: 0.0
2026-05-06 03:11:51,923 - INFO -   lambda_alpha_min: 0.05
2026-05-06 03:11:51,923 - INFO -   lambda_graph_diag: 0.12
2026-05-06 03:11:51,923 - INFO -   lambda_graph_uniform: 0.06
2026-05-06 03:11:51,923 - INFO -   lambda_personal_kl: 0.03
2026-05-06 03:11:51,923 - INFO -   lambda_personal_query_residual: 0.08
2026-05-06 03:11:51,923 - INFO -   lambda_sparse: 0.6
2026-05-06 03:11:51,924 - INFO -   lambda_sparse_personal: 0.0005
2026-05-06 03:11:51,924 - INFO -   learning_rate: 0.003
2026-05-06 03:11:51,924 - INFO -   log_dir: logs/abce_diag/remote_writer_residual_matched_probe_20260506_a5a38c6/junyi/seed42/best_full
2026-05-06 03:11:51,924 - INFO -   max_test_batches: 6
2026-05-06 03:11:51,924 - INFO -   max_train_batches: 24
2026-05-06 03:11:51,924 - INFO -   max_val_batches: 6
2026-05-06 03:11:51,924 - INFO -   min_exer_interactions: 0
2026-05-06 03:11:51,924 - INFO -   min_poison_count: 0
2026-05-06 03:11:51,924 - INFO -   min_stu_interactions: 15
2026-05-06 03:11:51,924 - INFO -   model_variant: junyi_abce_best_full
2026-05-06 03:11:51,924 - INFO -   multi_gpu: False
2026-05-06 03:11:51,924 - INFO -   no_cuda: False
2026-05-06 03:11:51,924 - INFO -   num_gnn_layers: 2
2026-05-06 03:11:51,924 - INFO -   num_gpus: 1
2026-05-06 03:11:51,924 - INFO -   num_relation_heads: 2
2026-05-06 03:11:51,924 - INFO -   num_workers: 4
2026-05-06 03:11:51,924 - INFO -   patience: 1
2026-05-06 03:11:51,924 - INFO -   personal_alpha_base_init: 0.04
2026-05-06 03:11:51,924 - INFO -   personal_alpha_bias_scale: 0.0
2026-05-06 03:11:51,924 - INFO -   personal_alpha_budget: 0.09
2026-05-06 03:11:51,924 - INFO -   personal_alpha_temperature: 1.8
2026-05-06 03:11:51,924 - INFO -   personal_delta_scale: 4.0
2026-05-06 03:11:51,924 - INFO -   personal_disable_student_global_context: True
2026-05-06 03:11:51,924 - INFO -   personal_id_lr_mult: 0.25
2026-05-06 03:11:51,924 - INFO -   personal_include_neighbor_rows: False
2026-05-06 03:11:51,924 - INFO -   personal_local_hops: 1
2026-05-06 03:11:51,924 - INFO -   personal_max_alpha: 0.26
2026-05-06 03:11:51,924 - INFO -   personal_message_alignment_gate: True
2026-05-06 03:11:51,924 - INFO -   personal_neighbor_row_budget: 0.2
2026-05-06 03:11:51,924 - INFO -   personal_projection_hidden_factor: 2
2026-05-06 03:11:51,924 - INFO -   personal_query_correction_max_ratio: 0.2
2026-05-06 03:11:51,924 - INFO -   personal_query_correction_min_graph_anchor: 0.01
2026-05-06 03:11:51,925 - INFO -   personal_query_correction_scale: 0.6
2026-05-06 03:11:51,925 - INFO -   personal_query_message_gain: 1.0
2026-05-06 03:11:51,925 - INFO -   personal_query_residual_margin: 0.05
2026-05-06 03:11:51,925 - INFO -   personal_query_row_budget: 1.3
2026-05-06 03:11:51,925 - INFO -   personal_query_support_hops: 1
2026-05-06 03:11:51,925 - INFO -   personal_rank: 8
2026-05-06 03:11:51,925 - INFO -   personal_reg_warmup_epochs: 5
2026-05-06 03:11:51,925 - INFO -   personal_state_lr_mult: 1.5
2026-05-06 03:11:51,925 - INFO -   personal_student_dim: 64
2026-05-06 03:11:51,925 - INFO -   personal_support_include_graph: True
2026-05-06 03:11:51,925 - INFO -   personal_support_include_neighbors: False
2026-05-06 03:11:51,925 - INFO -   personal_support_include_query_self: True
2026-05-06 03:11:51,925 - INFO -   personal_support_only: True
2026-05-06 03:11:51,925 - INFO -   personal_value_use_global_basis: True
2026-05-06 03:11:51,925 - INFO -   personal_warmup_epochs: 5
2026-05-06 03:11:51,925 - INFO -   prediction_l2_lambda: 1e-05
2026-05-06 03:11:51,925 - INFO -   save_dir: checkpoints/abce_diag/remote_writer_residual_matched_probe_20260506_a5a38c6/junyi/seed42/best_full
2026-05-06 03:11:51,925 - INFO -   save_interval: 10
2026-05-06 03:11:51,925 - INFO -   seed: 42
2026-05-06 03:11:51,925 - INFO -   share_concept_embeddings: True
2026-05-06 03:11:51,925 - INFO -   use_concept_graph: True
2026-05-06 03:11:51,925 - INFO -   use_exercise_graph: True
2026-05-06 03:11:51,925 - INFO -   use_personal_graph: True
2026-05-06 03:11:51,925 - INFO -   weight_decay: 0.001
[GPU] Status: [GPU 0: 23459MiB free]
2026-05-06 03:11:52,010 - INFO - Using device: cuda:0
2026-05-06 03:11:52,010 - INFO - [junyi|junyi_abce_best_full|lr=0.003|drop=0.40] Loading datasets...
2026-05-06 03:11:52,010 - INFO - [junyi|junyi_abce_best_full|lr=0.003|drop=0.40] Regularization: graph_entropy(lambda_sparse)=0.600000, graph_diag=0.120000, graph_uniform=0.060000, personal_sparse=0.000500, personal_kl=0.030000, personal_query_residual=0.080000, alpha_penalty=0.000000, alpha_min=0.050000, prediction_l2=0.000010
2026-05-06 03:11:52,010 - INFO - [junyi|junyi_abce_best_full|lr=0.003|drop=0.40] Graph controls: entropy_band=[0.15, 0.70], uniform_margin=0.12, warmup_epochs=2, cap_ratio=6.00, graph_dropout=0.000, graph_tau_init=0.550
2026-05-06 03:11:52,011 - INFO - [junyi|junyi_abce_best_full|lr=0.003|drop=0.40] Personal controls: personal_max_alpha=0.260, personal_delta_scale=4.000, personal_warmup_epochs=5, personal_student_dim=64, alpha_min_target=0.0400, personal_local_hops=1, include_neighbor_rows=False, personal_support_only=True, personal_alpha_temperature=1.800, personal_alpha_budget=0.090, personal_query_row_budget=1.300, personal_neighbor_row_budget=0.200, personal_query_support_hops=1, personal_query_message_gain=1.000, personal_query_correction_scale=0.600, personal_state_lr_mult=1.500, personal_id_lr_mult=0.250, graph_propagation_alpha=0.250, graph_query_readout_scale=0.450, graph_query_readout_2hop_scale=0.120
2026-05-06 03:11:52,116 - INFO - [junyi] [数据清洗] 学生交互次数 < 15 次的学生：共移除 2188 个学生（仅统计用户数）
2026-05-06 03:11:52,132 - INFO - [junyi] [数据清洗] 学生冷启动过滤：在 train/valid/test 中共删除 35779 条记录。
2026-05-06 03:11:52,133 - INFO - [junyi] [数据清洗] 跳过题目冷门过滤（min_exer_interactions <= 0）。
2026-05-06 03:11:52,133 - INFO - [junyi] [数据清洗] 跳过毒题清洗（min_poison_count <= 0）。
2026-05-06 03:11:52,133 - INFO - [junyi] 正在构建ID映射...
2026-05-06 03:11:52,348 - INFO - [junyi] 正在构建Q矩阵...
2026-05-06 03:11:53,055 - INFO - [assist_09|assist_09_abce_best_full|lr=0.0003|drop=0.20] Epoch [008/12] | Train: Loss=0.6389, BCE=0.6144, Reg=0.0244, AUC=0.6422, ACC=0.6686, RMSE=0.4610 | Val: Loss=0.5852, BCE=0.5609, Reg=0.0243, AUC=0.6252, ACC=0.7357, RMSE=0.4338
2026-05-06 03:11:53,055 - INFO - [assist_09|assist_09_abce_best_full|lr=0.0003|drop=0.20] [Reg Terms] Epoch [008] | Train: graph_entropy=0.000000, graph_diag=0.018630, graph_uniform=0.002938, graph_reg_scale=1.0000, prediction_l2=0.000000, personal_sparse=0.000320, alpha_var=0.000000, alpha_collapse=0.000000, reg_bce_ratio=0.0398 | Val: graph_entropy=0.000000, graph_diag=0.018505, graph_uniform=0.002939, graph_reg_scale=1.0000, prediction_l2=0.000000, personal_sparse=0.000332, alpha_var=0.000000, alpha_collapse=0.000000, reg_bce_ratio=0.0434
2026-05-06 03:11:53,254 - INFO - [assist_09|assist_09_abce_best_full|lr=0.0003|drop=0.20] [Diag][AE] Epoch [008] | irt_abs_mean=0.9452, irt_std=0.3553, personal_warmup_scale=1.00, graph_row_entropy=2.4331, graph_entropy_ratio=0.5056, alpha_mean=0.0736, alpha_std=0.0742, alpha_base_mean=0.0502, alpha_delta_absmean=0.0967, alpha_saturation_ratio=0.0000, alpha_bias_std=NA, alpha_state_path=5.8913, alpha_id_path=0.0000, alpha_bias_path=0.0000, head_bias_path=1.5203, personal_row_entropy=1.6751, personal_matrix_delta=0.0891, personal_matrix_student_std=0.0538, personal_delta_pre_softmax_norm=2.3431, personal_delta_student_std=1.2112, alpha_head_std=0.0736, query_row_global_readout_delta=0.3608, query_row_personal_message_delta=0.0044, query_row_posterior_delta_abs=0.0891, query_row_posterior_kl=0.0628, query_row_delta_local_rms_raw=0.0639, query_row_message_projection_gain=0.7170, personal_to_graph_query_ratio=0.0122, query_row_global_support_mass=0.0000, query_row_personal_support_mass=0.7432, neighbor_row_personal_delta=0.0000, personal_row_budget_mean=1.0000, personal_query_row_std=0.0960, readout_query_support_mass=0.0000, personal_student_mix=0.0053, personal_student_adapter=0.0126, local_row_ratio=0.1959, support_density=0.4010, readout_query_delta=0.3611, personal_bad_rows_active=0.00, personal_fallback_rows_active=0.00, personal_bad_row_rate_active=0.0000, personal_padded_rows=460.00, personal_logits_support_absmax=5.6549, personal_query_trust_scale_mean=1.0000, personal_bad_rows_legacy=460.00, personal_fallback_rows_legacy=460.00, personal_logits_absmax_legacy=30.0000
2026-05-06 03:11:53,254 - INFO - [assist_09|assist_09_abce_best_full|lr=0.0003|drop=0.20] [Diag][A] Epoch [008] | entropy_ratio=0.5056, diag_mass=0.1851, to_uniform_l2=0.026519, to_identity_l2=0.076750, relation_identity_delta=0.076750, knowledge_state_graph_delta=0.471246, knowledge_state_personal_delta=0.000000, share_concept_embeddings=True, tau_mean=0.9536, tau_std=0.0005, graph_reg_scale(train/val)=1.0000/1.0000
2026-05-06 03:11:53,254 - INFO - [assist_09|assist_09_abce_best_full|lr=0.0003|drop=0.20] [Grad Norms] Epoch [008] | relation_emb=1.202473e-01, relation_tau=3.852361e-04, relation_wq=1.343958e-04, relation_wk=1.309359e-04, personal_u=1.161505e-03, personal_v=9.615076e-04, personal_alpha_bias=0.000000e+00, personal_gate_emb=7.269703e-11, personal_gate_state_proj=1.095887e-05, personal_gate_context_proj=4.160130e-05, personal_gate_state_direct=3.266502e-05, personal_gate_id_direct=9.404015e-11, personal_gate_context_direct=1.231050e-04, personal_gate_out=3.516740e-05, personal_generator_emb=5.310724e-13, personal_generator_context_proj=2.218768e-09, personal_generator_context_hidden=8.718844e-10, personal_generator_context_to_u=6.372237e-09, personal_generator_context_to_v=6.608638e-09, personal_generator_state_row=2.350619e-08, personal_generator_state_col=2.477324e-08, personal_generator_id_row=1.835016e-10, personal_generator_id_col=1.821155e-10, personal_generator_state_adapter=7.631683e-14, personal_generator_id_adapter=3.558607e-15, personal_generator_context_adapter=4.382964e-11, personal_generator_direct_scale=6.007782e-08
2026-05-06 03:11:53,254 - INFO - [assist_09|assist_09_abce_best_full|lr=0.0003|drop=0.20] -> No improvement 2 epoch(s) (best AUC=0.6300 @ 6)
2026-05-06 03:11:53,254 - INFO - [assist_09|assist_09_abce_best_full|lr=0.0003|drop=0.20] Early stopping at epoch 8 (best AUC=0.6300 @ 6)
2026-05-06 03:11:53,260 - INFO - Epoch-wise metrics saved to checkpoints/abce_diag/remote_writer_residual_matched_probe_20260506_a5a38c6/assist_09/seed42/best_full/metrics_history.csv
2026-05-06 03:11:53,262 - INFO - [assist_09|assist_09_abce_best_full|lr=0.0003|drop=0.20] Training completed! Best Val AUC=0.6300 @ epoch 6
2026-05-06 03:11:53,390 - INFO - [assist_09|assist_09_abce_best_no_A|lr=0.0003|drop=0.20] Epoch [007/12] | Train: Loss=0.6310, BCE=0.6290, Reg=0.0020, AUC=0.5917, ACC=0.6631, RMSE=0.4679 | Val: Loss=0.5817, BCE=0.5800, Reg=0.0017, AUC=0.5814, ACC=0.7370, RMSE=0.4422
2026-05-06 03:11:53,390 - INFO - [assist_09|assist_09_abce_best_no_A|lr=0.0003|drop=0.20] [Reg Terms] Epoch [007] | Train: graph_entropy=0.000000, graph_diag=0.000000, graph_uniform=0.000000, graph_reg_scale=1.0000, prediction_l2=0.000000, personal_sparse=0.000006, alpha_var=0.000000, alpha_collapse=0.000000, reg_bce_ratio=0.0031 | Val: graph_entropy=0.000000, graph_diag=0.000000, graph_uniform=0.000000, graph_reg_scale=1.0000, prediction_l2=0.000000, personal_sparse=0.000007, alpha_var=0.000000, alpha_collapse=0.000000, reg_bce_ratio=0.0029
2026-05-06 03:11:53,523 - INFO - 
============================================================
         MODULE ACTIVITY REPORT
============================================================
Dataset: assist_09 | Seed: 42 | Epoch: 8

1. Concept Graph Module (A):
   - Mean row entropy: 2.433 / 4.812
   - Entropy ratio: 50.6%
   - Query readout delta: 0.3528
   - Query head var: 0.0000
   - Status: LIVE_BUT_COLLAPSED (graph enters query rows but head diversity is washed out)
   -> Consider: strengthen head-wise query gating or graph query adapter leverage

2. Personal Graph Module (E):
   - Alpha mean: 0.073
   - Alpha std: 0.074
   - Alpha bias std: 0.000
   - Personal/global delta: 0.0895
   - Inter-student matrix std: 0.0540
   - Query personal message delta: 0.0044
   - Query posterior KL: 0.0637
   - Query message projection gain: 0.7164
   - Query message alignment: 0.0557
   - Query self support mass: 0.0141
   - Query graph support mass: 0.0692
   - Query personal std: 0.0934
   - Personal/global query ratio: 0.0124
   - Status: LIVE (state-driven personalization is visible at query stage)

------------------------------------------------------------
SUMMARY:
   Active modules: Concept Graph (A), Personal Graph (E)
   All enabled graph modules are functioning properly.
============================================================
2026-05-06 03:11:53,524 - INFO - [assist_09|assist_09_abce_best_full|lr=0.0003|drop=0.20] Module activity saved to checkpoints/abce_diag/remote_writer_residual_matched_probe_20260506_a5a38c6/assist_09/seed42/best_full/module_activity.json
[GPU] Status: [GPU 2: 23247MiB free]
2026-05-06 03:11:53,570 - INFO - Using device: cuda:0 (physical gpu 2)
2026-05-06 03:11:53,570 - INFO - Loading model from checkpoints/abce_diag/remote_writer_residual_matched_probe_20260506_a5a38c6/assist_09/seed42/best_full/best_model.pth...
2026-05-06 03:11:53,579 - INFO - [assist_09|assist_09_abce_best_no_A|lr=0.0003|drop=0.20] [Diag][AE] Epoch [007] | irt_abs_mean=0.7382, irt_std=0.2078, personal_warmup_scale=0.88, graph_row_entropy=0.0000, graph_entropy_ratio=0.0000, alpha_mean=0.0687, alpha_std=0.0687, alpha_base_mean=0.0501, alpha_delta_absmean=0.0987, alpha_saturation_ratio=0.0000, alpha_bias_std=NA, alpha_state_path=6.4047, alpha_id_path=0.0000, alpha_bias_path=0.0000, head_bias_path=1.5244, personal_row_entropy=0.0339, personal_matrix_delta=0.0849, personal_matrix_student_std=0.1618, personal_delta_pre_softmax_norm=1.7768, personal_delta_student_std=0.6695, alpha_head_std=0.0687, query_row_global_readout_delta=0.0000, query_row_personal_message_delta=0.0017, query_row_posterior_delta_abs=0.0849, query_row_posterior_kl=0.0566, query_row_delta_local_rms_raw=0.1326, query_row_message_projection_gain=1.5617, personal_to_graph_query_ratio=0.0000, query_row_global_support_mass=0.0000, query_row_personal_support_mass=0.0000, neighbor_row_personal_delta=0.0000, personal_row_budget_mean=1.0000, personal_query_row_std=0.9674, readout_query_support_mass=0.0000, personal_student_mix=0.0052, personal_student_adapter=0.0125, local_row_ratio=0.0098, support_density=0.1840, readout_query_delta=0.0017, personal_bad_rows_active=0.00, personal_fallback_rows_active=0.00, personal_bad_row_rate_active=0.0000, personal_padded_rows=460.00, personal_logits_support_absmax=4.1406, personal_query_trust_scale_mean=0.8637, personal_bad_rows_legacy=460.00, personal_fallback_rows_legacy=460.00, personal_logits_absmax_legacy=30.0000
2026-05-06 03:11:53,580 - INFO - [assist_09|assist_09_abce_best_no_A|lr=0.0003|drop=0.20] [Diag][A] Epoch [007] | entropy_ratio=0.0000, diag_mass=1.0000, to_uniform_l2=0.089800, to_identity_l2=0.000000, relation_identity_delta=0.000000, knowledge_state_graph_delta=0.000000, knowledge_state_personal_delta=0.000000, share_concept_embeddings=True, tau_mean=0.0000, tau_std=0.0000, graph_reg_scale(train/val)=1.0000/1.0000
2026-05-06 03:11:53,580 - INFO - [assist_09|assist_09_abce_best_no_A|lr=0.0003|drop=0.20] [Grad Norms] Epoch [007] | relation_emb=0.000000e+00, relation_tau=0.000000e+00, relation_wq=0.000000e+00, relation_wk=0.000000e+00, personal_u=2.968530e-05, personal_v=2.950214e-05, personal_alpha_bias=0.000000e+00, personal_gate_emb=5.118626e-17, personal_gate_state_proj=1.359789e-11, personal_gate_context_proj=5.516635e-11, personal_gate_state_direct=2.737077e-11, personal_gate_id_direct=8.893356e-17, personal_gate_context_direct=1.198855e-10, personal_gate_out=3.800648e-11, personal_generator_emb=2.597219e-14, personal_generator_context_proj=5.753645e-11, personal_generator_context_hidden=2.356408e-11, personal_generator_context_to_u=1.040343e-10, personal_generator_context_to_v=1.730893e-10, personal_generator_state_row=3.784237e-10, personal_generator_state_col=6.359753e-10, personal_generator_id_row=2.617377e-12, personal_generator_id_col=4.365809e-12, personal_generator_state_adapter=4.249199e-14, personal_generator_id_adapter=4.064073e-16, personal_generator_context_adapter=1.038289e-12, personal_generator_direct_scale=1.209254e-09
2026-05-06 03:11:53,694 - INFO - [Inference Filter] before=52549, after=51090, dropped=1459, coverage=97.22% (train-only seen student/item support)
2026-05-06 03:11:53,713 - INFO - Inference switches: ablate_module1=False | enable_module1=True | use_concept_graph=True | effective(num_gnn_layers=2)
2026-05-06 03:11:53,734 - INFO - [Inference] Ablation runtime check: args(ablate_module1=False) | expect(use_concept_graph=True,use_personal_graph=True) | model(enable_module1=True,use_concept_graph=True,use_personal_graph=True) | physical(has_knowledge_encoder=True,has_relation_learning=True,has_adaptive_gate=True,has_personal_generator=True)
2026-05-06 03:11:53,735 - INFO - [Inference] [Graph Init] graph_tau_mean=1.0055, graph_tau_std=0.0000, graph_dropout=0.000, use_personal_graph=True
2026-05-06 03:11:53,737 - INFO - Model loaded from epoch 6. Start testing...
2026-05-06 03:11:54,069 - INFO - 
==================================================
2026-05-06 03:11:54,069 - INFO - Test Results:
2026-05-06 03:11:54,069 - INFO - AUC: 0.6786
2026-05-06 03:11:54,069 - INFO - ACC: 0.7708
2026-05-06 03:11:54,069 - INFO - RMSE: 0.4204
2026-05-06 03:11:54,070 - INFO - ==================================================
2026-05-06 03:11:54,139 - INFO - Summary appended to /home/zsh/ConceptSkillCDM/results/experiment_results.csv
2026-05-06 03:11:54,142 - INFO - Run completed.
2026-05-06 03:11:54,143 - INFO - Best validation AUC: 0.6300 at epoch 6
2026-05-06 03:11:54,143 - INFO - Test metrics - AUC: 0.6786, ACC: 0.7708, RMSE: 0.4204
2026-05-06 03:11:54,314 - INFO - [assist_09|assist_09_abce_best_no_A|lr=0.0003|drop=0.20] -> New best AUC=0.5814 at epoch 7
2026-05-06 03:11:56,699 - INFO - [assist_09|assist_09_abce_best_no_A|lr=0.0003|drop=0.20] Epoch [008/12] | Train: Loss=0.6353, BCE=0.6333, Reg=0.0020, AUC=0.5987, ACC=0.6546, RMSE=0.4701 | Val: Loss=0.5799, BCE=0.5780, Reg=0.0019, AUC=0.5917, ACC=0.7370, RMSE=0.4413
2026-05-06 03:11:56,699 - INFO - [assist_09|assist_09_abce_best_no_A|lr=0.0003|drop=0.20] [Reg Terms] Epoch [008] | Train: graph_entropy=0.000000, graph_diag=0.000000, graph_uniform=0.000000, graph_reg_scale=1.0000, prediction_l2=0.000000, personal_sparse=0.000007, alpha_var=0.000000, alpha_collapse=0.000000, reg_bce_ratio=0.0032 | Val: graph_entropy=0.000000, graph_diag=0.000000, graph_uniform=0.000000, graph_reg_scale=1.0000, prediction_l2=0.000000, personal_sparse=0.000008, alpha_var=0.000000, alpha_collapse=0.000000, reg_bce_ratio=0.0033
2026-05-06 03:11:56,897 - INFO - [assist_09|assist_09_abce_best_no_A|lr=0.0003|drop=0.20] [Diag][AE] Epoch [008] | irt_abs_mean=0.7506, irt_std=0.2091, personal_warmup_scale=1.00, graph_row_entropy=0.0000, graph_entropy_ratio=0.0000, alpha_mean=0.0744, alpha_std=0.0744, alpha_base_mean=0.0501, alpha_delta_absmean=0.0979, alpha_saturation_ratio=0.0000, alpha_bias_std=NA, alpha_state_path=5.7749, alpha_id_path=0.0000, alpha_bias_path=0.0000, head_bias_path=1.5241, personal_row_entropy=0.0334, personal_matrix_delta=0.0850, personal_matrix_student_std=0.1623, personal_delta_pre_softmax_norm=1.7767, personal_delta_student_std=0.6686, alpha_head_std=0.0744, query_row_global_readout_delta=0.0000, query_row_personal_message_delta=0.0017, query_row_posterior_delta_abs=0.0850, query_row_posterior_kl=0.0567, query_row_delta_local_rms_raw=0.1323, query_row_message_projection_gain=1.5564, personal_to_graph_query_ratio=0.0000, query_row_global_support_mass=0.0000, query_row_personal_support_mass=0.0000, neighbor_row_personal_delta=0.0000, personal_row_budget_mean=1.0000, personal_query_row_std=0.9670, readout_query_support_mass=0.0000, personal_student_mix=0.0053, personal_student_adapter=0.0126, local_row_ratio=0.0098, support_density=0.1840, readout_query_delta=0.0017, personal_bad_rows_active=0.00, personal_fallback_rows_active=0.00, personal_bad_row_rate_active=0.0000, personal_padded_rows=460.00, personal_logits_support_absmax=4.1418, personal_query_trust_scale_mean=0.8607, personal_bad_rows_legacy=460.00, personal_fallback_rows_legacy=460.00, personal_logits_absmax_legacy=30.0000
2026-05-06 03:11:56,898 - INFO - [assist_09|assist_09_abce_best_no_A|lr=0.0003|drop=0.20] [Diag][A] Epoch [008] | entropy_ratio=0.0000, diag_mass=1.0000, to_uniform_l2=0.089800, to_identity_l2=0.000000, relation_identity_delta=0.000000, knowledge_state_graph_delta=0.000000, knowledge_state_personal_delta=0.000000, share_concept_embeddings=True, tau_mean=0.0000, tau_std=0.0000, graph_reg_scale(train/val)=1.0000/1.0000
2026-05-06 03:11:56,898 - INFO - [assist_09|assist_09_abce_best_no_A|lr=0.0003|drop=0.20] [Grad Norms] Epoch [008] | relation_emb=0.000000e+00, relation_tau=0.000000e+00, relation_wq=0.000000e+00, relation_wk=0.000000e+00, personal_u=5.113965e-05, personal_v=3.652508e-05, personal_alpha_bias=0.000000e+00, personal_gate_emb=7.796534e-16, personal_gate_state_proj=1.630816e-10, personal_gate_context_proj=7.059280e-10, personal_gate_state_direct=3.724777e-10, personal_gate_id_direct=1.142478e-15, personal_gate_context_direct=1.681125e-09, personal_gate_out=2.954063e-10, personal_generator_emb=9.230745e-15, personal_generator_context_proj=4.546746e-11, personal_generator_context_hidden=1.480981e-11, personal_generator_context_to_u=1.003780e-10, personal_generator_context_to_v=8.814674e-11, personal_generator_state_row=4.718643e-10, personal_generator_state_col=3.949333e-10, personal_generator_id_row=3.664202e-12, personal_generator_id_col=3.034980e-12, personal_generator_state_adapter=2.854830e-14, personal_generator_id_adapter=8.414187e-17, personal_generator_context_adapter=9.144362e-13, personal_generator_direct_scale=5.346621e-11
2026-05-06 03:11:57,355 - INFO - [assist_09|assist_09_abce_best_no_A|lr=0.0003|drop=0.20] -> New best AUC=0.5917 at epoch 8
[DONE] dataset=assist_09 seed=42 profile=best ablation=full exit=0 auc=0.678626220034448
[PLAN] dataset=junyi seed=42 profile=best ablation=no_A gpu=2
       CMD: /home/zsh/anaconda3/envs/xph_env/bin/python main.py --dataset_name junyi --model_variant junyi_abce_best_no_A --save_dir checkpoints/abce_diag/remote_writer_residual_matched_probe_20260506_a5a38c6/junyi/seed42/best_no_A --log_dir logs/abce_diag/remote_writer_residual_matched_probe_20260506_a5a38c6/junyi/seed42/best_no_A --seed 42 --generate_diagnosis False --alpha_min_target 0.04 --batch_size 64 --debug_graph_diag --diag_batches 1 --dropout 0.4 --early_stop_patience 2 --epochs 12 --graph_dropout 0.0 --graph_edge_bias_rank 8 --graph_entropy_max 0.7 --graph_entropy_min 0.15 --graph_headwise_query_gate --graph_identity_residual 0.05 --graph_propagation_alpha 0.25 --graph_query_adapter_enable --graph_query_readout_2hop_scale 0.12 --graph_query_readout_scale 0.45 --graph_reg_cap_ratio 6.0 --graph_reg_warmup_epochs 2 --graph_tau_init 0.55 --graph_topk 24 --graph_uniform_margin 0.12 --knowledge_dim 128 --lambda_alpha 0.0 --lambda_alpha_min 0.05 --lambda_graph_diag 0.12 --lambda_graph_uniform 0.06 --lambda_personal_kl 0.03 --lambda_personal_query_residual 0.08 --lambda_sparse 0.6 --lambda_sparse_personal 0.0005 --learning_rate 0.003 --max_test_batches 6 --max_train_batches 24 --max_val_batches 6 --min_exer_interactions 0 --min_poison_count 0 --min_stu_interactions 15 --num_gnn_layers 2 --num_relation_heads 2 --num_workers 4 --patience 1 --personal_alpha_base_init 0.04 --personal_alpha_bias_scale 0.0 --personal_alpha_budget 0.09 --personal_alpha_temperature 1.8 --personal_delta_scale 4.0 --personal_disable_student_global_context --personal_id_lr_mult 0.25 --no-personal_include_neighbor_rows --personal_local_hops 1 --personal_max_alpha 0.26 --personal_message_alignment_gate --personal_neighbor_row_budget 0.2 --personal_projection_hidden_factor 2 --personal_query_correction_max_ratio 0.2 --personal_query_correction_min_graph_anchor 0.01 --personal_query_correction_scale 0.6 --personal_query_message_gain 1.0 --personal_query_residual_margin 0.05 --personal_query_row_budget 1.3 --personal_query_support_hops 1 --personal_rank 8 --personal_reg_warmup_epochs 5 --personal_state_lr_mult 1.5 --personal_student_dim 64 --personal_support_include_graph --personal_support_include_query_self --personal_support_only --personal_value_use_global_basis --personal_warmup_epochs 5 --prediction_l2_lambda 1e-05 --save_interval 10 --share_concept_embeddings --use_personal_graph --weight_decay 0.001 --ablate_concept_graph
2026-05-06 03:11:59,284 - INFO - [junyi] [数据清洗] Valid train-seen 过滤：before=22111, after=22111, dropped=0, coverage=100.00%
2026-05-06 03:11:59,288 - INFO - [junyi] [数据清洗] Test train-seen 过滤：before=60499, after=60494, dropped=5, coverage=99.99%
2026-05-06 03:11:59,289 - INFO - [junyi] [统计] 开始统计清洗后每道题的概念数量分布...
2026-05-06 03:11:59,291 - INFO - [junyi] [Train] 概念数统计：题目数=697, 平均概念数=1.0000, min=1, max=1, 1概念=697 (100.00%), ≥2概念=0 (0.00%)
2026-05-06 03:11:59,291 - INFO - [junyi] [Train] 概念数直方图（概念数: 题目数量）: {1: 697}
2026-05-06 03:11:59,292 - INFO - [junyi] [Valid] 概念数统计：题目数=614, 平均概念数=1.0000, min=1, max=1, 1概念=614 (100.00%), ≥2概念=0 (0.00%)
2026-05-06 03:11:59,292 - INFO - [junyi] [Valid] 概念数直方图（概念数: 题目数量）: {1: 614}
2026-05-06 03:11:59,292 - INFO - [junyi] [Test] 概念数统计：题目数=663, 平均概念数=1.0000, min=1, max=1, 1概念=663 (100.00%), ≥2概念=0 (0.00%)
2026-05-06 03:11:59,292 - INFO - [junyi] [Test] 概念数直方图（概念数: 题目数量）: {1: 663}
2026-05-06 03:11:59,292 - INFO - [junyi] [统计] 概念数量统计完成。
2026-05-06 03:11:59,292 - INFO - [junyi] 正在加载数据集...
2026-05-06 03:11:59,445 - INFO - [junyi|junyi_abce_best_full|lr=0.003|drop=0.40] Train samples: 235446, Val samples: 22111
2026-05-06 03:11:59,445 - INFO - [junyi|junyi_abce_best_full|lr=0.003|drop=0.40] Number of students: 7812
2026-05-06 03:11:59,445 - INFO - [junyi|junyi_abce_best_full|lr=0.003|drop=0.40] Number of exercises: 697
2026-05-06 03:11:59,445 - INFO - [junyi|junyi_abce_best_full|lr=0.003|drop=0.40] Number of concepts: 697
2026-05-06 03:11:59,445 - INFO - [junyi|junyi_abce_best_full|lr=0.003|drop=0.40] Creating model...
2026-05-06 03:11:59,446 - INFO - [junyi|junyi_abce_best_full|lr=0.003|drop=0.40] Ablation switches: ablate_module1=False | enable_module1=True | use_concept_graph=True | effective(num_gnn_layers=2)
2026-05-06 03:11:59,661 - INFO - [junyi|junyi_abce_best_full|lr=0.003|drop=0.40] Ablation runtime check: args(ablate_module1=False) | expect(use_concept_graph=True,use_personal_graph=True) | model(enable_module1=True,use_concept_graph=True,use_personal_graph=True) | physical(has_knowledge_encoder=True,has_relation_learning=True,has_adaptive_gate=True,has_personal_generator=True)
2026-05-06 03:11:59,662 - INFO - [junyi|junyi_abce_best_full|lr=0.003|drop=0.40] Debug diagnostics enabled: diag_batches=1
2026-05-06 03:11:59,679 - INFO - [junyi|junyi_abce_best_full|lr=0.003|drop=0.40] [Graph Init] graph_tau_mean=1.0055, graph_tau_std=0.0000, graph_dropout=0.000, use_personal_graph=True
2026-05-06 03:11:59,680 - INFO - [junyi|junyi_abce_best_full|lr=0.003|drop=0.40] Total parameters: 8,617,201
2026-05-06 03:11:59,680 - INFO - [junyi|junyi_abce_best_full|lr=0.003|drop=0.40] Trainable parameters: 8,617,201
2026-05-06 03:11:59,779 - INFO - [assist_09|assist_09_abce_best_no_A|lr=0.0003|drop=0.20] Epoch [009/12] | Train: Loss=0.6305, BCE=0.6285, Reg=0.0020, AUC=0.6231, ACC=0.6546, RMSE=0.4677 | Val: Loss=0.5787, BCE=0.5768, Reg=0.0019, AUC=0.5998, ACC=0.7370, RMSE=0.4406
2026-05-06 03:11:59,780 - INFO - [assist_09|assist_09_abce_best_no_A|lr=0.0003|drop=0.20] [Reg Terms] Epoch [009] | Train: graph_entropy=0.000000, graph_diag=0.000000, graph_uniform=0.000000, graph_reg_scale=1.0000, prediction_l2=0.000000, personal_sparse=0.000006, alpha_var=0.000000, alpha_collapse=0.000000, reg_bce_ratio=0.0032 | Val: graph_entropy=0.000000, graph_diag=0.000000, graph_uniform=0.000000, graph_reg_scale=1.0000, prediction_l2=0.000000, personal_sparse=0.000007, alpha_var=0.000000, alpha_collapse=0.000000, reg_bce_ratio=0.0033
2026-05-06 03:11:59,982 - INFO - [assist_09|assist_09_abce_best_no_A|lr=0.0003|drop=0.20] [Diag][AE] Epoch [009] | irt_abs_mean=0.7535, irt_std=0.2220, personal_warmup_scale=1.00, graph_row_entropy=0.0000, graph_entropy_ratio=0.0000, alpha_mean=0.0738, alpha_std=0.0738, alpha_base_mean=0.0501, alpha_delta_absmean=0.0968, alpha_saturation_ratio=0.0000, alpha_bias_std=NA, alpha_state_path=5.2401, alpha_id_path=0.0000, alpha_bias_path=0.0000, head_bias_path=1.5239, personal_row_entropy=0.0323, personal_matrix_delta=0.0851, personal_matrix_student_std=0.1626, personal_delta_pre_softmax_norm=1.7763, personal_delta_student_std=0.6680, alpha_head_std=0.0737, query_row_global_readout_delta=0.0000, query_row_personal_message_delta=0.0017, query_row_posterior_delta_abs=0.0851, query_row_posterior_kl=0.0569, query_row_delta_local_rms_raw=0.1315, query_row_message_projection_gain=1.5445, personal_to_graph_query_ratio=0.0000, query_row_global_support_mass=0.0000, query_row_personal_support_mass=0.0000, neighbor_row_personal_delta=0.0000, personal_row_budget_mean=1.0000, personal_query_row_std=0.9664, readout_query_support_mass=0.0000, personal_student_mix=0.0053, personal_student_adapter=0.0127, local_row_ratio=0.0098, support_density=0.1840, readout_query_delta=0.0017, personal_bad_rows_active=0.00, personal_fallback_rows_active=0.00, personal_bad_row_rate_active=0.0000, personal_padded_rows=460.00, personal_logits_support_absmax=4.1417, personal_query_trust_scale_mean=0.8611, personal_bad_rows_legacy=460.00, personal_fallback_rows_legacy=460.00, personal_logits_absmax_legacy=30.0000
2026-05-06 03:11:59,983 - INFO - [assist_09|assist_09_abce_best_no_A|lr=0.0003|drop=0.20] [Diag][A] Epoch [009] | entropy_ratio=0.0000, diag_mass=1.0000, to_uniform_l2=0.089800, to_identity_l2=0.000000, relation_identity_delta=0.000000, knowledge_state_graph_delta=0.000000, knowledge_state_personal_delta=0.000000, share_concept_embeddings=True, tau_mean=0.0000, tau_std=0.0000, graph_reg_scale(train/val)=1.0000/1.0000
2026-05-06 03:11:59,983 - INFO - [assist_09|assist_09_abce_best_no_A|lr=0.0003|drop=0.20] [Grad Norms] Epoch [009] | relation_emb=0.000000e+00, relation_tau=0.000000e+00, relation_wq=0.000000e+00, relation_wk=0.000000e+00, personal_u=1.688365e-05, personal_v=1.512013e-05, personal_alpha_bias=0.000000e+00, personal_gate_emb=7.676596e-17, personal_gate_state_proj=2.242877e-11, personal_gate_context_proj=7.156061e-11, personal_gate_state_direct=5.986666e-11, personal_gate_id_direct=1.104937e-16, personal_gate_context_direct=1.918575e-10, personal_gate_out=3.523565e-11, personal_generator_emb=1.137041e-14, personal_generator_context_proj=1.884206e-11, personal_generator_context_hidden=6.717905e-12, personal_generator_context_to_u=6.150471e-11, personal_generator_context_to_v=7.278213e-11, personal_generator_state_row=2.094918e-10, personal_generator_state_col=2.479056e-10, personal_generator_id_row=1.530986e-12, personal_generator_id_col=1.811718e-12, personal_generator_state_adapter=1.779495e-14, personal_generator_id_adapter=2.678203e-17, personal_generator_context_adapter=8.063065e-14, personal_generator_direct_scale=1.804921e-10
2026-05-06 03:12:00,610 - INFO - [assist_09|assist_09_abce_best_no_A|lr=0.0003|drop=0.20] -> New best AUC=0.5998 at epoch 9
2026-05-06 03:12:00,632 - INFO - [junyi|junyi_abce_best_full|lr=0.003|drop=0.40] Optimizer param groups: backbone@lr=0.003, personal_state@lr=0.0045, personal_id@lr=0.00075
2026-05-06 03:12:00,632 - INFO - [junyi|junyi_abce_best_full|lr=0.003|drop=0.40] Monitor config: scheduler=val_auc(max), best_checkpoint=val_auc(max), early_stop=val_auc(max)
2026-05-06 03:12:00,632 - INFO - [junyi|junyi_abce_best_full|lr=0.003|drop=0.40] Starting training...
2026-05-06 03:12:01,913 - INFO - Arguments:
2026-05-06 03:12:01,913 - INFO -   ablate_concept_graph: True
2026-05-06 03:12:01,913 - INFO -   ablate_module1: False
2026-05-06 03:12:01,913 - INFO -   allow_self_loop: True
2026-05-06 03:12:01,913 - INFO -   alpha_min_target: 0.04
2026-05-06 03:12:01,913 - INFO -   batch_size: 64
2026-05-06 03:12:01,913 - INFO -   data_dir: ./data/junyi
2026-05-06 03:12:01,913 - INFO -   dataset_name: junyi
2026-05-06 03:12:01,913 - INFO -   debug_graph_diag: True
2026-05-06 03:12:01,913 - INFO -   diag_batches: 1
2026-05-06 03:12:01,913 - INFO -   disable_self_loop: False
2026-05-06 03:12:01,913 - INFO -   dropout: 0.4
2026-05-06 03:12:01,913 - INFO -   early_stop_patience: 2
2026-05-06 03:12:01,913 - INFO -   enable_module1: True
2026-05-06 03:12:01,913 - INFO -   epochs: 12
2026-05-06 03:12:01,913 - INFO -   generate_diagnosis: False
2026-05-06 03:12:01,913 - INFO -   gnn_residual_weight: 0.5
2026-05-06 03:12:01,913 - INFO -   gpu_candidates: None
2026-05-06 03:12:01,913 - INFO -   gpu_ids: None
2026-05-06 03:12:01,914 - INFO -   gpu_memory_threshold: 2000
2026-05-06 03:12:01,914 - INFO -   gpus: None
2026-05-06 03:12:01,914 - INFO -   graph_dropout: 0.0
2026-05-06 03:12:01,914 - INFO -   graph_edge_bias_rank: 8
2026-05-06 03:12:01,914 - INFO -   graph_entropy_max: 0.7
2026-05-06 03:12:01,914 - INFO -   graph_entropy_min: 0.15
2026-05-06 03:12:01,914 - INFO -   graph_headwise_query_gate: True
2026-05-06 03:12:01,914 - INFO -   graph_identity_residual: 0.05
2026-05-06 03:12:01,914 - INFO -   graph_propagation_alpha: 0.25
2026-05-06 03:12:01,914 - INFO -   graph_query_adapter_enable: True
2026-05-06 03:12:01,914 - INFO -   graph_query_readout_2hop_scale: 0.12
2026-05-06 03:12:01,914 - INFO -   graph_query_readout_scale: 0.45
2026-05-06 03:12:01,914 - INFO -   graph_query_writeback_2hop_scale: 0.12
2026-05-06 03:12:01,914 - INFO -   graph_query_writeback_scale: 0.45
2026-05-06 03:12:01,914 - INFO -   graph_readout_1hop_scale: 0.45
2026-05-06 03:12:01,914 - INFO -   graph_readout_2hop_scale: 0.12
2026-05-06 03:12:01,914 - INFO -   graph_reg_cap_ratio: 6.0
2026-05-06 03:12:01,914 - INFO -   graph_reg_warmup_epochs: 2
2026-05-06 03:12:01,914 - INFO -   graph_tau_init: 0.55
2026-05-06 03:12:01,914 - INFO -   graph_topk: 24
2026-05-06 03:12:01,914 - INFO -   graph_uniform_margin: 0.12
2026-05-06 03:12:01,914 - INFO -   knowledge_dim: 128
2026-05-06 03:12:01,914 - INFO -   lambda_alpha: 0.0
2026-05-06 03:12:01,914 - INFO -   lambda_alpha_min: 0.05
2026-05-06 03:12:01,914 - INFO -   lambda_graph_diag: 0.12
2026-05-06 03:12:01,914 - INFO -   lambda_graph_uniform: 0.06
2026-05-06 03:12:01,914 - INFO -   lambda_personal_kl: 0.03
2026-05-06 03:12:01,914 - INFO -   lambda_personal_query_residual: 0.08
2026-05-06 03:12:01,914 - INFO -   lambda_sparse: 0.6
2026-05-06 03:12:01,914 - INFO -   lambda_sparse_personal: 0.0005
2026-05-06 03:12:01,914 - INFO -   learning_rate: 0.003
2026-05-06 03:12:01,914 - INFO -   log_dir: logs/abce_diag/remote_writer_residual_matched_probe_20260506_a5a38c6/junyi/seed42/best_no_A
2026-05-06 03:12:01,914 - INFO -   max_test_batches: 6
2026-05-06 03:12:01,914 - INFO -   max_train_batches: 24
2026-05-06 03:12:01,914 - INFO -   max_val_batches: 6
2026-05-06 03:12:01,914 - INFO -   min_exer_interactions: 0
2026-05-06 03:12:01,914 - INFO -   min_poison_count: 0
2026-05-06 03:12:01,914 - INFO -   min_stu_interactions: 15
2026-05-06 03:12:01,914 - INFO -   model_variant: junyi_abce_best_no_A
2026-05-06 03:12:01,914 - INFO -   multi_gpu: False
2026-05-06 03:12:01,914 - INFO -   no_cuda: False
2026-05-06 03:12:01,914 - INFO -   num_gnn_layers: 2
2026-05-06 03:12:01,914 - INFO -   num_gpus: 1
2026-05-06 03:12:01,914 - INFO -   num_relation_heads: 2
2026-05-06 03:12:01,914 - INFO -   num_workers: 4
2026-05-06 03:12:01,914 - INFO -   patience: 1
2026-05-06 03:12:01,914 - INFO -   personal_alpha_base_init: 0.04
2026-05-06 03:12:01,914 - INFO -   personal_alpha_bias_scale: 0.0
2026-05-06 03:12:01,914 - INFO -   personal_alpha_budget: 0.09
2026-05-06 03:12:01,915 - INFO -   personal_alpha_temperature: 1.8
2026-05-06 03:12:01,915 - INFO -   personal_delta_scale: 4.0
2026-05-06 03:12:01,915 - INFO -   personal_disable_student_global_context: True
2026-05-06 03:12:01,915 - INFO -   personal_id_lr_mult: 0.25
2026-05-06 03:12:01,915 - INFO -   personal_include_neighbor_rows: False
2026-05-06 03:12:01,915 - INFO -   personal_local_hops: 1
2026-05-06 03:12:01,915 - INFO -   personal_max_alpha: 0.26
2026-05-06 03:12:01,915 - INFO -   personal_message_alignment_gate: True
2026-05-06 03:12:01,915 - INFO -   personal_neighbor_row_budget: 0.2
2026-05-06 03:12:01,915 - INFO -   personal_projection_hidden_factor: 2
2026-05-06 03:12:01,915 - INFO -   personal_query_correction_max_ratio: 0.2
2026-05-06 03:12:01,915 - INFO -   personal_query_correction_min_graph_anchor: 0.01
2026-05-06 03:12:01,915 - INFO -   personal_query_correction_scale: 0.6
2026-05-06 03:12:01,915 - INFO -   personal_query_message_gain: 1.0
2026-05-06 03:12:01,915 - INFO -   personal_query_residual_margin: 0.05
2026-05-06 03:12:01,915 - INFO -   personal_query_row_budget: 1.3
2026-05-06 03:12:01,915 - INFO -   personal_query_support_hops: 1
2026-05-06 03:12:01,915 - INFO -   personal_rank: 8
2026-05-06 03:12:01,915 - INFO -   personal_reg_warmup_epochs: 5
2026-05-06 03:12:01,915 - INFO -   personal_state_lr_mult: 1.5
2026-05-06 03:12:01,915 - INFO -   personal_student_dim: 64
2026-05-06 03:12:01,915 - INFO -   personal_support_include_graph: True
2026-05-06 03:12:01,915 - INFO -   personal_support_include_neighbors: False
2026-05-06 03:12:01,915 - INFO -   personal_support_include_query_self: True
2026-05-06 03:12:01,915 - INFO -   personal_support_only: True
2026-05-06 03:12:01,915 - INFO -   personal_value_use_global_basis: True
2026-05-06 03:12:01,915 - INFO -   personal_warmup_epochs: 5
2026-05-06 03:12:01,915 - INFO -   prediction_l2_lambda: 1e-05
2026-05-06 03:12:01,915 - INFO -   save_dir: checkpoints/abce_diag/remote_writer_residual_matched_probe_20260506_a5a38c6/junyi/seed42/best_no_A
2026-05-06 03:12:01,915 - INFO -   save_interval: 10
2026-05-06 03:12:01,915 - INFO -   seed: 42
2026-05-06 03:12:01,915 - INFO -   share_concept_embeddings: True
2026-05-06 03:12:01,915 - INFO -   use_concept_graph: False
2026-05-06 03:12:01,915 - INFO -   use_exercise_graph: False
2026-05-06 03:12:01,915 - INFO -   use_personal_graph: True
2026-05-06 03:12:01,915 - INFO -   weight_decay: 0.001
[GPU] Status: [GPU 2: 24088MiB free]
2026-05-06 03:12:02,001 - INFO - Using device: cuda:0 (physical gpu 2)
2026-05-06 03:12:02,001 - INFO - [junyi|junyi_abce_best_no_A|lr=0.003|drop=0.40] Loading datasets...
2026-05-06 03:12:02,001 - INFO - [junyi|junyi_abce_best_no_A|lr=0.003|drop=0.40] Regularization: graph_entropy(lambda_sparse)=0.600000, graph_diag=0.120000, graph_uniform=0.060000, personal_sparse=0.000500, personal_kl=0.030000, personal_query_residual=0.080000, alpha_penalty=0.000000, alpha_min=0.050000, prediction_l2=0.000010
2026-05-06 03:12:02,001 - INFO - [junyi|junyi_abce_best_no_A|lr=0.003|drop=0.40] Graph controls: entropy_band=[0.15, 0.70], uniform_margin=0.12, warmup_epochs=2, cap_ratio=6.00, graph_dropout=0.000, graph_tau_init=0.550
2026-05-06 03:12:02,001 - INFO - [junyi|junyi_abce_best_no_A|lr=0.003|drop=0.40] Personal controls: personal_max_alpha=0.260, personal_delta_scale=4.000, personal_warmup_epochs=5, personal_student_dim=64, alpha_min_target=0.0400, personal_local_hops=1, include_neighbor_rows=False, personal_support_only=True, personal_alpha_temperature=1.800, personal_alpha_budget=0.090, personal_query_row_budget=1.300, personal_neighbor_row_budget=0.200, personal_query_support_hops=1, personal_query_message_gain=1.000, personal_query_correction_scale=0.600, personal_state_lr_mult=1.500, personal_id_lr_mult=0.250, graph_propagation_alpha=0.250, graph_query_readout_scale=0.450, graph_query_readout_2hop_scale=0.120
2026-05-06 03:12:02,092 - INFO - [junyi] [数据清洗] 学生交互次数 < 15 次的学生：共移除 2188 个学生（仅统计用户数）
2026-05-06 03:12:02,109 - INFO - [junyi] [数据清洗] 学生冷启动过滤：在 train/valid/test 中共删除 35779 条记录。
2026-05-06 03:12:02,110 - INFO - [junyi] [数据清洗] 跳过题目冷门过滤（min_exer_interactions <= 0）。
2026-05-06 03:12:02,110 - INFO - [junyi] [数据清洗] 跳过毒题清洗（min_poison_count <= 0）。
2026-05-06 03:12:02,110 - INFO - [junyi] 正在构建ID映射...
2026-05-06 03:12:02,332 - INFO - [junyi] 正在构建Q矩阵...
2026-05-06 03:12:02,969 - INFO - [assist_09|assist_09_abce_best_no_A|lr=0.0003|drop=0.20] Epoch [010/12] | Train: Loss=0.6354, BCE=0.6335, Reg=0.0020, AUC=0.6024, ACC=0.6523, RMSE=0.4702 | Val: Loss=0.5774, BCE=0.5754, Reg=0.0019, AUC=0.6059, ACC=0.7383, RMSE=0.4400
2026-05-06 03:12:02,969 - INFO - [assist_09|assist_09_abce_best_no_A|lr=0.0003|drop=0.20] [Reg Terms] Epoch [010] | Train: graph_entropy=0.000000, graph_diag=0.000000, graph_uniform=0.000000, graph_reg_scale=1.0000, prediction_l2=0.000000, personal_sparse=0.000006, alpha_var=0.000000, alpha_collapse=0.000000, reg_bce_ratio=0.0031 | Val: graph_entropy=0.000000, graph_diag=0.000000, graph_uniform=0.000000, graph_reg_scale=1.0000, prediction_l2=0.000000, personal_sparse=0.000006, alpha_var=0.000000, alpha_collapse=0.000000, reg_bce_ratio=0.0033
2026-05-06 03:12:03,173 - INFO - [assist_09|assist_09_abce_best_no_A|lr=0.0003|drop=0.20] [Diag][AE] Epoch [010] | irt_abs_mean=0.7531, irt_std=0.2336, personal_warmup_scale=1.00, graph_row_entropy=0.0000, graph_entropy_ratio=0.0000, alpha_mean=0.0731, alpha_std=0.0730, alpha_base_mean=0.0501, alpha_delta_absmean=0.0955, alpha_saturation_ratio=0.0000, alpha_bias_std=NA, alpha_state_path=4.7905, alpha_id_path=0.0000, alpha_bias_path=0.0000, head_bias_path=1.5237, personal_row_entropy=0.0288, personal_matrix_delta=0.0855, personal_matrix_student_std=0.1617, personal_delta_pre_softmax_norm=1.7767, personal_delta_student_std=0.6686, alpha_head_std=0.0729, query_row_global_readout_delta=0.0000, query_row_personal_message_delta=0.0017, query_row_posterior_delta_abs=0.0855, query_row_posterior_kl=0.0573, query_row_delta_local_rms_raw=0.1306, query_row_message_projection_gain=1.5265, personal_to_graph_query_ratio=0.0000, query_row_global_support_mass=0.0000, query_row_personal_support_mass=0.0000, neighbor_row_personal_delta=0.0000, personal_row_budget_mean=1.0000, personal_query_row_std=0.9669, readout_query_support_mass=0.0000, personal_student_mix=0.0054, personal_student_adapter=0.0127, local_row_ratio=0.0098, support_density=0.1840, readout_query_delta=0.0017, personal_bad_rows_active=0.00, personal_fallback_rows_active=0.00, personal_bad_row_rate_active=0.0000, personal_padded_rows=460.00, personal_logits_support_absmax=4.1405, personal_query_trust_scale_mean=0.8616, personal_bad_rows_legacy=460.00, personal_fallback_rows_legacy=460.00, personal_logits_absmax_legacy=30.0000
2026-05-06 03:12:03,174 - INFO - [assist_09|assist_09_abce_best_no_A|lr=0.0003|drop=0.20] [Diag][A] Epoch [010] | entropy_ratio=0.0000, diag_mass=1.0000, to_uniform_l2=0.089800, to_identity_l2=0.000000, relation_identity_delta=0.000000, knowledge_state_graph_delta=0.000000, knowledge_state_personal_delta=0.000000, share_concept_embeddings=True, tau_mean=0.0000, tau_std=0.0000, graph_reg_scale(train/val)=1.0000/1.0000
2026-05-06 03:12:03,174 - INFO - [assist_09|assist_09_abce_best_no_A|lr=0.0003|drop=0.20] [Grad Norms] Epoch [010] | relation_emb=0.000000e+00, relation_tau=0.000000e+00, relation_wq=0.000000e+00, relation_wk=0.000000e+00, personal_u=2.807239e-05, personal_v=3.160310e-05, personal_alpha_bias=0.000000e+00, personal_gate_emb=7.897707e-16, personal_gate_state_proj=2.560723e-10, personal_gate_context_proj=8.442617e-10, personal_gate_state_direct=7.922579e-10, personal_gate_id_direct=1.521135e-15, personal_gate_context_direct=2.602515e-09, personal_gate_out=5.563682e-10, personal_generator_emb=3.457500e-15, personal_generator_context_proj=8.220502e-11, personal_generator_context_hidden=2.779135e-11, personal_generator_context_to_u=2.669666e-10, personal_generator_context_to_v=3.586417e-10, personal_generator_state_row=1.415618e-09, personal_generator_state_col=1.894621e-09, personal_generator_id_row=1.051375e-11, personal_generator_id_col=1.417633e-11, personal_generator_state_adapter=2.277239e-14, personal_generator_id_adapter=3.305292e-16, personal_generator_context_adapter=5.063058e-13, personal_generator_direct_scale=1.160709e-09
2026-05-06 03:12:03,359 - INFO - [junyi|junyi_abce_best_full|lr=0.003|drop=0.40] Epoch [001/12] | Train: Loss=0.6416, BCE=0.6299, Reg=0.0117, AUC=0.6203, ACC=0.6465, RMSE=0.4683 | Val: Loss=0.5945, BCE=0.5830, Reg=0.0115, AUC=0.7085, ACC=0.6641, RMSE=0.4484
2026-05-06 03:12:03,360 - INFO - [junyi|junyi_abce_best_full|lr=0.003|drop=0.40] [Reg Terms] Epoch [001] | Train: graph_entropy=0.000000, graph_diag=0.007649, graph_uniform=0.003351, graph_reg_scale=1.0000, prediction_l2=0.000000, personal_sparse=0.000233, alpha_var=0.000000, alpha_collapse=0.000258, reg_bce_ratio=0.0186 | Val: graph_entropy=0.000000, graph_diag=0.007500, graph_uniform=0.003352, graph_reg_scale=1.0000, prediction_l2=0.000000, personal_sparse=0.000232, alpha_var=0.000000, alpha_collapse=0.000251, reg_bce_ratio=0.0198
2026-05-06 03:12:03,561 - INFO - [junyi|junyi_abce_best_full|lr=0.003|drop=0.40] [Diag][AE] Epoch [001] | irt_abs_mean=0.9849, irt_std=0.6394, personal_warmup_scale=0.20, graph_row_entropy=3.1203, graph_entropy_ratio=0.4766, alpha_mean=0.0398, alpha_std=0.0147, alpha_base_mean=0.0406, alpha_delta_absmean=0.0733, alpha_saturation_ratio=0.0000, alpha_bias_std=NA, alpha_state_path=2.1457, alpha_id_path=0.0000, alpha_bias_path=0.0000, head_bias_path=1.6868, personal_row_entropy=2.3337, personal_matrix_delta=0.0460, personal_matrix_student_std=0.0499, personal_delta_pre_softmax_norm=2.7589, personal_delta_student_std=2.7307, alpha_head_std=0.0147, query_row_global_readout_delta=0.2326, query_row_personal_message_delta=0.0005, query_row_posterior_delta_abs=0.0460, query_row_posterior_kl=0.0337, query_row_delta_local_rms_raw=0.0413, query_row_message_projection_gain=0.8987, personal_to_graph_query_ratio=0.0022, query_row_global_support_mass=0.0000, query_row_personal_support_mass=1.9397, neighbor_row_personal_delta=0.0000, personal_row_budget_mean=1.3000, personal_query_row_std=0.0911, readout_query_support_mass=0.0000, personal_student_mix=0.0055, personal_student_adapter=0.0131, local_row_ratio=0.0655, support_density=1.0000, readout_query_delta=0.2326, personal_bad_rows_active=0.00, personal_fallback_rows_active=0.00, personal_bad_row_rate_active=0.0000, personal_padded_rows=0.00, personal_logits_support_absmax=6.7008, personal_query_trust_scale_mean=1.0000, personal_bad_rows_legacy=0.00, personal_fallback_rows_legacy=0.00, personal_logits_absmax_legacy=6.7008
2026-05-06 03:12:03,561 - INFO - [junyi|junyi_abce_best_full|lr=0.003|drop=0.40] [Diag][A] Epoch [001] | entropy_ratio=0.4766, diag_mass=0.1250, to_uniform_l2=0.008253, to_identity_l2=0.033856, relation_identity_delta=0.033856, knowledge_state_graph_delta=0.479798, knowledge_state_personal_delta=0.000000, share_concept_embeddings=True, tau_mean=0.9609, tau_std=0.0000, graph_reg_scale(train/val)=1.0000/1.0000
2026-05-06 03:12:03,562 - WARNING - [junyi|junyi_abce_best_full|lr=0.003|drop=0.40] [Diag Warning][AE] query-readout-overamplified: readout_query_delta=0.232643, query_row_graph_delta=0.232603, personal_matrix_delta=0.045999
2026-05-06 03:12:03,562 - INFO - [junyi|junyi_abce_best_full|lr=0.003|drop=0.40] [Grad Norms] Epoch [001] | relation_emb=8.961096e-01, relation_tau=6.040569e-07, relation_wq=1.345121e-05, relation_wk=1.362283e-05, personal_u=1.122930e-03, personal_v=1.079805e-03, personal_alpha_bias=0.000000e+00, personal_gate_emb=2.896340e-11, personal_gate_state_proj=6.982656e-07, personal_gate_context_proj=2.982206e-06, personal_gate_state_direct=6.467941e-05, personal_gate_id_direct=8.353240e-11, personal_gate_context_direct=2.819061e-04, personal_gate_out=4.199077e-06, personal_generator_emb=4.273641e-13, personal_generator_context_proj=5.931747e-11, personal_generator_context_hidden=1.487035e-11, personal_generator_context_to_u=1.575102e-10, personal_generator_context_to_v=1.640643e-10, personal_generator_state_row=3.595421e-09, personal_generator_state_col=3.766394e-09, personal_generator_id_row=2.563220e-11, personal_generator_id_col=2.716872e-11, personal_generator_state_adapter=4.045883e-12, personal_generator_id_adapter=1.668616e-15, personal_generator_context_adapter=3.205531e-13, personal_generator_direct_scale=7.069110e-09
2026-05-06 03:12:03,664 - INFO - [assist_09|assist_09_abce_best_no_A|lr=0.0003|drop=0.20] -> New best AUC=0.6059 at epoch 10
2026-05-06 03:12:03,732 - INFO - [assist_09|assist_09_abce_best_no_A|lr=0.0003|drop=0.20] Checkpoint saved: checkpoints/abce_diag/remote_writer_residual_matched_probe_20260506_a5a38c6/assist_09/seed42/best_no_A/checkpoint_epoch_10.pth
2026-05-06 03:12:03,782 - INFO - [junyi|junyi_abce_best_full|lr=0.003|drop=0.40] -> New best AUC=0.7085 at epoch 1
2026-05-06 03:12:04,017 - INFO - [assist_09|assist_09_abce_best_no_A|lr=0.0003|drop=0.20] [Module Activity] Epoch 10: Personal[TRUST_CLIPPED]
2026-05-06 03:12:06,253 - INFO - [junyi|junyi_abce_best_full|lr=0.003|drop=0.40] Epoch [002/12] | Train: Loss=0.5842, BCE=0.5618, Reg=0.0224, AUC=0.7204, ACC=0.6921, RMSE=0.4374 | Val: Loss=0.5685, BCE=0.5465, Reg=0.0220, AUC=0.7711, ACC=0.7422, RMSE=0.4239
2026-05-06 03:12:06,253 - INFO - [junyi|junyi_abce_best_full|lr=0.003|drop=0.40] [Reg Terms] Epoch [002] | Train: graph_entropy=0.000000, graph_diag=0.014687, graph_uniform=0.006707, graph_reg_scale=1.0000, prediction_l2=0.000000, personal_sparse=0.000463, alpha_var=0.000000, alpha_collapse=0.000129, reg_bce_ratio=0.0398 | Val: graph_entropy=0.000000, graph_diag=0.014343, graph_uniform=0.006710, graph_reg_scale=1.0000, prediction_l2=0.000000, personal_sparse=0.000457, alpha_var=0.000000, alpha_collapse=0.000125, reg_bce_ratio=0.0403
2026-05-06 03:12:06,399 - INFO - [assist_09|assist_09_abce_best_no_A|lr=0.0003|drop=0.20] Epoch [011/12] | Train: Loss=0.6334, BCE=0.6313, Reg=0.0021, AUC=0.6179, ACC=0.6514, RMSE=0.4692 | Val: Loss=0.5764, BCE=0.5744, Reg=0.0019, AUC=0.6120, ACC=0.7370, RMSE=0.4395
2026-05-06 03:12:06,399 - INFO - [assist_09|assist_09_abce_best_no_A|lr=0.0003|drop=0.20] [Reg Terms] Epoch [011] | Train: graph_entropy=0.000000, graph_diag=0.000000, graph_uniform=0.000000, graph_reg_scale=1.0000, prediction_l2=0.000000, personal_sparse=0.000006, alpha_var=0.000000, alpha_collapse=0.000000, reg_bce_ratio=0.0033 | Val: graph_entropy=0.000000, graph_diag=0.000000, graph_uniform=0.000000, graph_reg_scale=1.0000, prediction_l2=0.000000, personal_sparse=0.000006, alpha_var=0.000000, alpha_collapse=0.000000, reg_bce_ratio=0.0034
2026-05-06 03:12:06,456 - INFO - [junyi|junyi_abce_best_full|lr=0.003|drop=0.40] [Diag][AE] Epoch [002] | irt_abs_mean=1.4991, irt_std=1.2110, personal_warmup_scale=0.40, graph_row_entropy=3.1267, graph_entropy_ratio=0.4776, alpha_mean=0.0407, alpha_std=0.0335, alpha_base_mean=0.0412, alpha_delta_absmean=0.0836, alpha_saturation_ratio=0.0000, alpha_bias_std=NA, alpha_state_path=3.0553, alpha_id_path=0.0000, alpha_bias_path=0.0000, head_bias_path=1.6690, personal_row_entropy=2.2910, personal_matrix_delta=0.0449, personal_matrix_student_std=0.0475, personal_delta_pre_softmax_norm=2.7541, personal_delta_student_std=2.7152, alpha_head_std=0.0335, query_row_global_readout_delta=0.3384, query_row_personal_message_delta=0.0007, query_row_posterior_delta_abs=0.0449, query_row_posterior_kl=0.0322, query_row_delta_local_rms_raw=0.0461, query_row_message_projection_gain=1.0266, personal_to_graph_query_ratio=0.0021, query_row_global_support_mass=0.0000, query_row_personal_support_mass=2.3717, neighbor_row_personal_delta=0.0000, personal_row_budget_mean=1.3000, personal_query_row_std=0.0792, readout_query_support_mass=0.0000, personal_student_mix=0.0061, personal_student_adapter=0.0143, local_row_ratio=0.0647, support_density=1.0000, readout_query_delta=0.3385, personal_bad_rows_active=0.00, personal_fallback_rows_active=0.00, personal_bad_row_rate_active=0.0000, personal_padded_rows=0.00, personal_logits_support_absmax=6.6808, personal_query_trust_scale_mean=1.0000, personal_bad_rows_legacy=0.00, personal_fallback_rows_legacy=0.00, personal_logits_absmax_legacy=6.6808
2026-05-06 03:12:06,457 - INFO - [junyi|junyi_abce_best_full|lr=0.003|drop=0.40] [Diag][A] Epoch [002] | entropy_ratio=0.4776, diag_mass=0.1195, to_uniform_l2=0.008173, to_identity_l2=0.034068, relation_identity_delta=0.034068, knowledge_state_graph_delta=0.464435, knowledge_state_personal_delta=0.000000, share_concept_embeddings=True, tau_mean=0.9197, tau_std=0.0000, graph_reg_scale(train/val)=1.0000/1.0000
2026-05-06 03:12:06,457 - WARNING - [junyi|junyi_abce_best_full|lr=0.003|drop=0.40] [Diag Warning][AE] query-readout-overamplified: readout_query_delta=0.338462, query_row_graph_delta=0.338362, personal_matrix_delta=0.044893
2026-05-06 03:12:06,457 - INFO - [junyi|junyi_abce_best_full|lr=0.003|drop=0.40] [Grad Norms] Epoch [002] | relation_emb=7.500495e-01, relation_tau=3.806903e-07, relation_wq=5.358619e-06, relation_wk=5.433632e-06, personal_u=1.610424e-03, personal_v=1.199767e-03, personal_alpha_bias=0.000000e+00, personal_gate_emb=2.136486e-11, personal_gate_state_proj=1.049935e-07, personal_gate_context_proj=4.687594e-07, personal_gate_state_direct=9.386083e-05, personal_gate_id_direct=1.007080e-10, personal_gate_context_direct=4.199758e-04, personal_gate_out=6.018169e-07, personal_generator_emb=6.974492e-14, personal_generator_context_proj=2.476248e-12, personal_generator_context_hidden=6.269061e-13, personal_generator_context_to_u=7.412721e-12, personal_generator_context_to_v=7.230430e-12, personal_generator_state_row=1.555811e-09, personal_generator_state_col=1.475881e-09, personal_generator_id_row=1.048287e-11, personal_generator_id_col=9.999885e-12, personal_generator_state_adapter=4.399906e-13, personal_generator_id_adapter=1.023977e-15, personal_generator_context_adapter=5.350830e-15, personal_generator_direct_scale=1.904041e-08
2026-05-06 03:12:06,610 - INFO - [assist_09|assist_09_abce_best_no_A|lr=0.0003|drop=0.20] [Diag][AE] Epoch [011] | irt_abs_mean=0.7541, irt_std=0.2430, personal_warmup_scale=1.00, graph_row_entropy=0.0000, graph_entropy_ratio=0.0000, alpha_mean=0.0722, alpha_std=0.0720, alpha_base_mean=0.0501, alpha_delta_absmean=0.0940, alpha_saturation_ratio=0.0000, alpha_bias_std=NA, alpha_state_path=4.4101, alpha_id_path=0.0000, alpha_bias_path=0.0000, head_bias_path=1.5234, personal_row_entropy=0.0285, personal_matrix_delta=0.0855, personal_matrix_student_std=0.1616, personal_delta_pre_softmax_norm=1.7773, personal_delta_student_std=0.6697, alpha_head_std=0.0718, query_row_global_readout_delta=0.0000, query_row_personal_message_delta=0.0017, query_row_posterior_delta_abs=0.0855, query_row_posterior_kl=0.0574, query_row_delta_local_rms_raw=0.1293, query_row_message_projection_gain=1.5110, personal_to_graph_query_ratio=0.0000, query_row_global_support_mass=0.0000, query_row_personal_support_mass=0.0000, neighbor_row_personal_delta=0.0000, personal_row_budget_mean=1.0000, personal_query_row_std=0.9672, readout_query_support_mass=0.0000, personal_student_mix=0.0054, personal_student_adapter=0.0128, local_row_ratio=0.0098, support_density=0.1840, readout_query_delta=0.0017, personal_bad_rows_active=0.00, personal_fallback_rows_active=0.00, personal_bad_row_rate_active=0.0000, personal_padded_rows=460.00, personal_logits_support_absmax=4.1415, personal_query_trust_scale_mean=0.8627, personal_bad_rows_legacy=460.00, personal_fallback_rows_legacy=460.00, personal_logits_absmax_legacy=30.0000
2026-05-06 03:12:06,610 - INFO - [assist_09|assist_09_abce_best_no_A|lr=0.0003|drop=0.20] [Diag][A] Epoch [011] | entropy_ratio=0.0000, diag_mass=1.0000, to_uniform_l2=0.089800, to_identity_l2=0.000000, relation_identity_delta=0.000000, knowledge_state_graph_delta=0.000000, knowledge_state_personal_delta=0.000000, share_concept_embeddings=True, tau_mean=0.0000, tau_std=0.0000, graph_reg_scale(train/val)=1.0000/1.0000
2026-05-06 03:12:06,610 - INFO - [assist_09|assist_09_abce_best_no_A|lr=0.0003|drop=0.20] [Grad Norms] Epoch [011] | relation_emb=0.000000e+00, relation_tau=0.000000e+00, relation_wq=0.000000e+00, relation_wk=0.000000e+00, personal_u=5.502185e-05, personal_v=6.463139e-05, personal_alpha_bias=0.000000e+00, personal_gate_emb=4.260238e-16, personal_gate_state_proj=1.092130e-10, personal_gate_context_proj=3.718728e-10, personal_gate_state_direct=3.817920e-10, personal_gate_id_direct=9.530120e-16, personal_gate_context_direct=1.299451e-09, personal_gate_out=1.837751e-10, personal_generator_emb=2.796993e-15, personal_generator_context_proj=4.670308e-11, personal_generator_context_hidden=1.495121e-11, personal_generator_context_to_u=1.310973e-10, personal_generator_context_to_v=1.887634e-10, personal_generator_state_row=6.592042e-10, personal_generator_state_col=9.440589e-10, personal_generator_id_row=4.860624e-12, personal_generator_id_col=6.951190e-12, personal_generator_state_adapter=2.740460e-14, personal_generator_id_adapter=1.421344e-17, personal_generator_context_adapter=1.597111e-12, personal_generator_direct_scale=4.220187e-10
2026-05-06 03:12:07,946 - INFO - [junyi] [数据清洗] Valid train-seen 过滤：before=22111, after=22111, dropped=0, coverage=100.00%
2026-05-06 03:12:07,952 - INFO - [junyi] [数据清洗] Test train-seen 过滤：before=60499, after=60494, dropped=5, coverage=99.99%
2026-05-06 03:12:07,953 - INFO - [junyi] [统计] 开始统计清洗后每道题的概念数量分布...
2026-05-06 03:12:07,956 - INFO - [junyi] [Train] 概念数统计：题目数=697, 平均概念数=1.0000, min=1, max=1, 1概念=697 (100.00%), ≥2概念=0 (0.00%)
2026-05-06 03:12:07,956 - INFO - [junyi] [Train] 概念数直方图（概念数: 题目数量）: {1: 697}
2026-05-06 03:12:07,957 - INFO - [junyi] [Valid] 概念数统计：题目数=614, 平均概念数=1.0000, min=1, max=1, 1概念=614 (100.00%), ≥2概念=0 (0.00%)
2026-05-06 03:12:07,957 - INFO - [junyi] [Valid] 概念数直方图（概念数: 题目数量）: {1: 614}
2026-05-06 03:12:07,958 - INFO - [junyi] [Test] 概念数统计：题目数=663, 平均概念数=1.0000, min=1, max=1, 1概念=663 (100.00%), ≥2概念=0 (0.00%)
2026-05-06 03:12:07,958 - INFO - [junyi] [Test] 概念数直方图（概念数: 题目数量）: {1: 663}
2026-05-06 03:12:07,958 - INFO - [junyi] [统计] 概念数量统计完成。
2026-05-06 03:12:07,958 - INFO - [junyi] 正在加载数据集...
2026-05-06 03:12:08,037 - INFO - [assist_09|assist_09_abce_best_no_A|lr=0.0003|drop=0.20] -> New best AUC=0.6120 at epoch 11
2026-05-06 03:12:08,040 - INFO - [junyi|junyi_abce_best_no_A|lr=0.003|drop=0.40] Train samples: 235446, Val samples: 22111
2026-05-06 03:12:08,040 - INFO - [junyi|junyi_abce_best_no_A|lr=0.003|drop=0.40] Number of students: 7812
2026-05-06 03:12:08,040 - INFO - [junyi|junyi_abce_best_no_A|lr=0.003|drop=0.40] Number of exercises: 697
2026-05-06 03:12:08,040 - INFO - [junyi|junyi_abce_best_no_A|lr=0.003|drop=0.40] Number of concepts: 697
2026-05-06 03:12:08,040 - INFO - [junyi|junyi_abce_best_no_A|lr=0.003|drop=0.40] Creating model...
2026-05-06 03:12:08,040 - INFO - [junyi|junyi_abce_best_no_A|lr=0.003|drop=0.40] Ablation switches: ablate_module1=False | enable_module1=True | use_concept_graph=False | effective(num_gnn_layers=2)
2026-05-06 03:12:08,244 - INFO - [junyi|junyi_abce_best_no_A|lr=0.003|drop=0.40] Ablation runtime check: args(ablate_module1=False) | expect(use_concept_graph=False,use_personal_graph=True) | model(enable_module1=True,use_concept_graph=False,use_personal_graph=True) | physical(has_knowledge_encoder=True,has_relation_learning=False,has_adaptive_gate=True,has_personal_generator=True)
2026-05-06 03:12:08,244 - INFO - [junyi|junyi_abce_best_no_A|lr=0.003|drop=0.40] Debug diagnostics enabled: diag_batches=1
2026-05-06 03:12:08,245 - INFO - [junyi|junyi_abce_best_no_A|lr=0.003|drop=0.40] [Graph Init] graph_tau_mean=0.0000, graph_tau_std=0.0000, graph_dropout=0.000, use_personal_graph=True
2026-05-06 03:12:08,245 - INFO - [junyi|junyi_abce_best_no_A|lr=0.003|drop=0.40] Total parameters: 8,484,749
2026-05-06 03:12:08,245 - INFO - [junyi|junyi_abce_best_no_A|lr=0.003|drop=0.40] Trainable parameters: 8,484,749
2026-05-06 03:12:08,457 - INFO - [junyi|junyi_abce_best_full|lr=0.003|drop=0.40] -> New best AUC=0.7711 at epoch 2
2026-05-06 03:12:09,170 - INFO - [junyi|junyi_abce_best_no_A|lr=0.003|drop=0.40] Optimizer param groups: backbone@lr=0.003, personal_state@lr=0.0045, personal_id@lr=0.00075
2026-05-06 03:12:09,170 - INFO - [junyi|junyi_abce_best_no_A|lr=0.003|drop=0.40] Monitor config: scheduler=val_auc(max), best_checkpoint=val_auc(max), early_stop=val_auc(max)
2026-05-06 03:12:09,170 - INFO - [junyi|junyi_abce_best_no_A|lr=0.003|drop=0.40] Starting training...
2026-05-06 03:12:10,236 - INFO - [assist_09|assist_09_abce_best_no_A|lr=0.0003|drop=0.20] Epoch [012/12] | Train: Loss=0.6245, BCE=0.6223, Reg=0.0022, AUC=0.6287, ACC=0.6650, RMSE=0.4646 | Val: Loss=0.5751, BCE=0.5731, Reg=0.0019, AUC=0.6131, ACC=0.7370, RMSE=0.4389
2026-05-06 03:12:10,237 - INFO - [assist_09|assist_09_abce_best_no_A|lr=0.0003|drop=0.20] [Reg Terms] Epoch [012] | Train: graph_entropy=0.000000, graph_diag=0.000000, graph_uniform=0.000000, graph_reg_scale=1.0000, prediction_l2=0.000000, personal_sparse=0.000005, alpha_var=0.000000, alpha_collapse=0.000000, reg_bce_ratio=0.0035 | Val: graph_entropy=0.000000, graph_diag=0.000000, graph_uniform=0.000000, graph_reg_scale=1.0000, prediction_l2=0.000000, personal_sparse=0.000007, alpha_var=0.000000, alpha_collapse=0.000000, reg_bce_ratio=0.0034
2026-05-06 03:12:10,417 - INFO - [assist_09|assist_09_abce_best_no_A|lr=0.0003|drop=0.20] [Diag][AE] Epoch [012] | irt_abs_mean=0.7730, irt_std=0.2512, personal_warmup_scale=1.00, graph_row_entropy=0.0000, graph_entropy_ratio=0.0000, alpha_mean=0.0713, alpha_std=0.0711, alpha_base_mean=0.0501, alpha_delta_absmean=0.0925, alpha_saturation_ratio=0.0000, alpha_bias_std=NA, alpha_state_path=4.1081, alpha_id_path=0.0000, alpha_bias_path=0.0000, head_bias_path=1.5232, personal_row_entropy=0.0285, personal_matrix_delta=0.0856, personal_matrix_student_std=0.1614, personal_delta_pre_softmax_norm=1.7763, personal_delta_student_std=0.6702, alpha_head_std=0.0708, query_row_global_readout_delta=0.0000, query_row_personal_message_delta=0.0017, query_row_posterior_delta_abs=0.0856, query_row_posterior_kl=0.0574, query_row_delta_local_rms_raw=0.1279, query_row_message_projection_gain=1.4943, personal_to_graph_query_ratio=0.0000, query_row_global_support_mass=0.0000, query_row_personal_support_mass=0.0000, neighbor_row_personal_delta=0.0000, personal_row_budget_mean=1.0000, personal_query_row_std=0.9662, readout_query_support_mass=0.0000, personal_student_mix=0.0054, personal_student_adapter=0.0129, local_row_ratio=0.0098, support_density=0.1840, readout_query_delta=0.0017, personal_bad_rows_active=0.00, personal_fallback_rows_active=0.00, personal_bad_row_rate_active=0.0000, personal_padded_rows=460.00, personal_logits_support_absmax=4.1414, personal_query_trust_scale_mean=0.8639, personal_bad_rows_legacy=460.00, personal_fallback_rows_legacy=460.00, personal_logits_absmax_legacy=30.0000
2026-05-06 03:12:10,418 - INFO - [assist_09|assist_09_abce_best_no_A|lr=0.0003|drop=0.20] [Diag][A] Epoch [012] | entropy_ratio=0.0000, diag_mass=1.0000, to_uniform_l2=0.089800, to_identity_l2=0.000000, relation_identity_delta=0.000000, knowledge_state_graph_delta=0.000000, knowledge_state_personal_delta=0.000000, share_concept_embeddings=True, tau_mean=0.0000, tau_std=0.0000, graph_reg_scale(train/val)=1.0000/1.0000
2026-05-06 03:12:10,418 - INFO - [assist_09|assist_09_abce_best_no_A|lr=0.0003|drop=0.20] [Grad Norms] Epoch [012] | relation_emb=0.000000e+00, relation_tau=0.000000e+00, relation_wq=0.000000e+00, relation_wk=0.000000e+00, personal_u=1.111026e-04, personal_v=1.405910e-04, personal_alpha_bias=0.000000e+00, personal_gate_emb=4.946099e-16, personal_gate_state_proj=1.250392e-10, personal_gate_context_proj=4.115583e-10, personal_gate_state_direct=4.853229e-10, personal_gate_id_direct=9.024323e-16, personal_gate_context_direct=1.588507e-09, personal_gate_out=2.203371e-10, personal_generator_emb=1.435296e-15, personal_generator_context_proj=5.130034e-11, personal_generator_context_hidden=1.210200e-11, personal_generator_context_to_u=1.702068e-10, personal_generator_context_to_v=2.106231e-10, personal_generator_state_row=1.245384e-09, personal_generator_state_col=1.577429e-09, personal_generator_id_row=7.162792e-12, personal_generator_id_col=9.542605e-12, personal_generator_state_adapter=1.405379e-14, personal_generator_id_adapter=1.237678e-17, personal_generator_context_adapter=7.781162e-13, personal_generator_direct_scale=1.382582e-10
2026-05-06 03:12:10,795 - INFO - [junyi|junyi_abce_best_full|lr=0.003|drop=0.40] Epoch [003/12] | Train: Loss=0.5671, BCE=0.5450, Reg=0.0221, AUC=0.7430, ACC=0.7194, RMSE=0.4278 | Val: Loss=0.5550, BCE=0.5332, Reg=0.0217, AUC=0.7781, ACC=0.7708, RMSE=0.4216
2026-05-06 03:12:10,795 - INFO - [junyi|junyi_abce_best_full|lr=0.003|drop=0.40] [Reg Terms] Epoch [003] | Train: graph_entropy=0.000000, graph_diag=0.014053, graph_uniform=0.006712, graph_reg_scale=1.0000, prediction_l2=0.000000, personal_sparse=0.000690, alpha_var=0.000000, alpha_collapse=0.000005, reg_bce_ratio=0.0405 | Val: graph_entropy=0.000000, graph_diag=0.013752, graph_uniform=0.006714, graph_reg_scale=1.0000, prediction_l2=0.000000, personal_sparse=0.000702, alpha_var=0.000000, alpha_collapse=0.000000, reg_bce_ratio=0.0408
2026-05-06 03:12:10,896 - INFO - [assist_09|assist_09_abce_best_no_A|lr=0.0003|drop=0.20] -> New best AUC=0.6131 at epoch 12
2026-05-06 03:12:10,908 - INFO - Epoch-wise metrics saved to checkpoints/abce_diag/remote_writer_residual_matched_probe_20260506_a5a38c6/assist_09/seed42/best_no_A/metrics_history.csv
2026-05-06 03:12:10,911 - INFO - [assist_09|assist_09_abce_best_no_A|lr=0.0003|drop=0.20] Training completed! Best Val AUC=0.6131 @ epoch 12
2026-05-06 03:12:10,987 - INFO - [junyi|junyi_abce_best_full|lr=0.003|drop=0.40] [Diag][AE] Epoch [003] | irt_abs_mean=1.1698, irt_std=0.9923, personal_warmup_scale=0.60, graph_row_entropy=3.1322, graph_entropy_ratio=0.4784, alpha_mean=0.0454, alpha_std=0.0454, alpha_base_mean=0.0419, alpha_delta_absmean=0.0797, alpha_saturation_ratio=0.0000, alpha_bias_std=NA, alpha_state_path=2.5923, alpha_id_path=0.0000, alpha_bias_path=0.0000, head_bias_path=1.6510, personal_row_entropy=2.3373, personal_matrix_delta=0.0450, personal_matrix_student_std=0.0484, personal_delta_pre_softmax_norm=2.7686, personal_delta_student_std=2.7394, alpha_head_std=0.0454, query_row_global_readout_delta=0.2454, query_row_personal_message_delta=0.0007, query_row_posterior_delta_abs=0.0450, query_row_posterior_kl=0.0325, query_row_delta_local_rms_raw=0.0366, query_row_message_projection_gain=0.8140, personal_to_graph_query_ratio=0.0030, query_row_global_support_mass=0.0000, query_row_personal_support_mass=2.5173, neighbor_row_personal_delta=0.0000, personal_row_budget_mean=1.3000, personal_query_row_std=0.1025, readout_query_support_mass=0.0000, personal_student_mix=0.0067, personal_student_adapter=0.0156, local_row_ratio=0.0652, support_density=1.0000, readout_query_delta=0.2454, personal_bad_rows_active=0.00, personal_fallback_rows_active=0.00, personal_bad_row_rate_active=0.0000, personal_padded_rows=0.00, personal_logits_support_absmax=6.7090, personal_query_trust_scale_mean=1.0000, personal_bad_rows_legacy=0.00, personal_fallback_rows_legacy=0.00, personal_logits_absmax_legacy=6.7090
2026-05-06 03:12:10,987 - INFO - [junyi|junyi_abce_best_full|lr=0.003|drop=0.40] [Diag][A] Epoch [003] | entropy_ratio=0.4784, diag_mass=0.1146, to_uniform_l2=0.008105, to_identity_l2=0.034258, relation_identity_delta=0.034258, knowledge_state_graph_delta=0.444941, knowledge_state_personal_delta=0.000000, share_concept_embeddings=True, tau_mean=0.8826, tau_std=0.0000, graph_reg_scale(train/val)=1.0000/1.0000
2026-05-06 03:12:10,987 - WARNING - [junyi|junyi_abce_best_full|lr=0.003|drop=0.40] [Diag Warning][AE] query-readout-overamplified: readout_query_delta=0.245436, query_row_graph_delta=0.245425, personal_matrix_delta=0.045008
2026-05-06 03:12:10,987 - INFO - [junyi|junyi_abce_best_full|lr=0.003|drop=0.40] [Grad Norms] Epoch [003] | relation_emb=6.227242e-01, relation_tau=6.035699e-08, relation_wq=4.436846e-06, relation_wk=4.171710e-06, personal_u=1.608676e-03, personal_v=1.507963e-03, personal_alpha_bias=0.000000e+00, personal_gate_emb=7.662615e-12, personal_gate_state_proj=2.878270e-09, personal_gate_context_proj=9.596990e-09, personal_gate_state_direct=3.189646e-05, personal_gate_id_direct=5.953903e-11, personal_gate_context_direct=1.068029e-04, personal_gate_out=2.651953e-08, personal_generator_emb=2.525927e-14, personal_generator_context_proj=1.971753e-13, personal_generator_context_hidden=4.457200e-14, personal_generator_context_to_u=4.992356e-13, personal_generator_context_to_v=7.185965e-13, personal_generator_state_row=9.225742e-10, personal_generator_state_col=1.422558e-09, personal_generator_id_row=6.198371e-12, personal_generator_id_col=9.027180e-12, personal_generator_state_adapter=5.447023e-14, personal_generator_id_adapter=2.860986e-16, personal_generator_context_adapter=1.578122e-16, personal_generator_direct_scale=1.041007e-08
2026-05-06 03:12:11,262 - INFO - 
============================================================
         MODULE ACTIVITY REPORT
============================================================
Dataset: assist_09 | Seed: 42 | Epoch: 12

1. Concept Graph Module (A):
   - Status: DISABLED (use_concept_graph=False or no_A)

2. Personal Graph Module (E):
   - Alpha mean: 0.071
   - Alpha std: 0.071
   - Alpha bias std: 0.000
   - Personal/global delta: 0.0726
   - Inter-student matrix std: 0.1546
   - Query personal message delta: 0.0016
   - Query posterior KL: 0.0491
   - Query message projection gain: 1.6554
   - Query message alignment: 0.0000
   - Query self support mass: 0.8774
   - Query graph support mass: 0.0383
   - Query personal std: 0.8935
   - Personal/global query ratio: 0.0000
   - Status: TRUST_CLIPPED (personal writeback exists but is repeatedly capped for safety)
   -> Consider: improve alignment before relaxing trust-region

------------------------------------------------------------
SUMMARY:
   Inactive modules: Personal Graph (E)
============================================================
2026-05-06 03:12:11,262 - INFO - [assist_09|assist_09_abce_best_no_A|lr=0.0003|drop=0.20] Module activity saved to checkpoints/abce_diag/remote_writer_residual_matched_probe_20260506_a5a38c6/assist_09/seed42/best_no_A/module_activity.json
[GPU] Status: [GPU 3: 23353MiB free]
2026-05-06 03:12:11,308 - INFO - Using device: cuda:0 (physical gpu 3)
2026-05-06 03:12:11,308 - INFO - Loading model from checkpoints/abce_diag/remote_writer_residual_matched_probe_20260506_a5a38c6/assist_09/seed42/best_no_A/best_model.pth...
2026-05-06 03:12:11,431 - INFO - [Inference Filter] before=52549, after=51090, dropped=1459, coverage=97.22% (train-only seen student/item support)
2026-05-06 03:12:11,450 - INFO - Inference switches: ablate_module1=False | enable_module1=True | use_concept_graph=False | effective(num_gnn_layers=2)
2026-05-06 03:12:11,470 - INFO - [Inference] Ablation runtime check: args(ablate_module1=False) | expect(use_concept_graph=False,use_personal_graph=True) | model(enable_module1=True,use_concept_graph=False,use_personal_graph=True) | physical(has_knowledge_encoder=True,has_relation_learning=False,has_adaptive_gate=True,has_personal_generator=True)
2026-05-06 03:12:11,470 - INFO - [Inference] [Graph Init] graph_tau_mean=0.0000, graph_tau_std=0.0000, graph_dropout=0.000, use_personal_graph=True
2026-05-06 03:12:11,472 - INFO - Model loaded from epoch 12. Start testing...
2026-05-06 03:12:11,792 - INFO - [junyi|junyi_abce_best_no_A|lr=0.003|drop=0.40] Epoch [001/12] | Train: Loss=0.6208, BCE=0.6202, Reg=0.0006, AUC=0.6012, ACC=0.6471, RMSE=0.4644 | Val: Loss=0.5794, BCE=0.5789, Reg=0.0006, AUC=0.7404, ACC=0.6771, RMSE=0.4444
2026-05-06 03:12:11,793 - INFO - [junyi|junyi_abce_best_no_A|lr=0.003|drop=0.40] [Reg Terms] Epoch [001] | Train: graph_entropy=0.000000, graph_diag=0.000000, graph_uniform=0.000000, graph_reg_scale=1.0000, prediction_l2=0.000000, personal_sparse=0.000000, alpha_var=0.000000, alpha_collapse=0.000576, reg_bce_ratio=0.0009 | Val: graph_entropy=0.000000, graph_diag=0.000000, graph_uniform=0.000000, graph_reg_scale=1.0000, prediction_l2=0.000000, personal_sparse=0.000000, alpha_var=0.000000, alpha_collapse=0.000556, reg_bce_ratio=0.0010
2026-05-06 03:12:11,796 - INFO - [junyi|junyi_abce_best_full|lr=0.003|drop=0.40] -> New best AUC=0.7781 at epoch 3
2026-05-06 03:12:11,880 - INFO - 
==================================================
2026-05-06 03:12:11,881 - INFO - Test Results:
2026-05-06 03:12:11,881 - INFO - AUC: 0.6462
2026-05-06 03:12:11,881 - INFO - ACC: 0.7682
2026-05-06 03:12:11,881 - INFO - RMSE: 0.4235
2026-05-06 03:12:11,881 - INFO - ==================================================
2026-05-06 03:12:11,902 - INFO - Summary appended to /home/zsh/ConceptSkillCDM/results/experiment_results.csv
2026-05-06 03:12:11,906 - INFO - Run completed.
2026-05-06 03:12:11,906 - INFO - Best validation AUC: 0.6131 at epoch 12
2026-05-06 03:12:11,906 - INFO - Test metrics - AUC: 0.6462, ACC: 0.7682, RMSE: 0.4235
2026-05-06 03:12:11,991 - INFO - [junyi|junyi_abce_best_no_A|lr=0.003|drop=0.40] [Diag][AE] Epoch [001] | irt_abs_mean=1.0360, irt_std=0.4765, personal_warmup_scale=0.20, graph_row_entropy=0.0000, graph_entropy_ratio=0.0000, alpha_mean=0.0393, alpha_std=0.0148, alpha_base_mean=0.0406, alpha_delta_absmean=0.0719, alpha_saturation_ratio=0.0000, alpha_bias_std=NA, alpha_state_path=2.2680, alpha_id_path=0.0000, alpha_bias_path=0.0000, head_bias_path=1.6868, personal_row_entropy=0.0000, personal_matrix_delta=0.0000, personal_matrix_student_std=0.0000, personal_delta_pre_softmax_norm=0.0000, personal_delta_student_std=0.0000, alpha_head_std=0.0144, query_row_global_readout_delta=0.0000, query_row_personal_message_delta=0.0000, query_row_posterior_delta_abs=0.0000, query_row_posterior_kl=0.0000, query_row_delta_local_rms_raw=0.0000, query_row_message_projection_gain=0.0000, personal_to_graph_query_ratio=0.0000, query_row_global_support_mass=0.0000, query_row_personal_support_mass=0.0000, neighbor_row_personal_delta=0.0000, personal_row_budget_mean=1.3000, personal_query_row_std=0.0000, readout_query_support_mass=0.0000, personal_student_mix=0.0055, personal_student_adapter=0.0131, local_row_ratio=0.0014, support_density=1.0000, readout_query_delta=0.0000, personal_bad_rows_active=0.00, personal_fallback_rows_active=0.00, personal_bad_row_rate_active=0.0000, personal_padded_rows=0.00, personal_logits_support_absmax=0.0000, personal_query_trust_scale_mean=1.0000, personal_bad_rows_legacy=0.00, personal_fallback_rows_legacy=0.00, personal_logits_absmax_legacy=0.0000
2026-05-06 03:12:11,991 - INFO - [junyi|junyi_abce_best_no_A|lr=0.003|drop=0.40] [Diag][A] Epoch [001] | entropy_ratio=0.0000, diag_mass=1.0000, to_uniform_l2=0.037851, to_identity_l2=0.000000, relation_identity_delta=0.000000, knowledge_state_graph_delta=0.000000, knowledge_state_personal_delta=0.000000, share_concept_embeddings=True, tau_mean=0.0000, tau_std=0.0000, graph_reg_scale(train/val)=1.0000/1.0000
2026-05-06 03:12:11,991 - WARNING - [junyi|junyi_abce_best_no_A|lr=0.003|drop=0.40] [Diag Warning][E] personal_delta_student_std is near zero: personal_delta_student_std=0.000000, personal_delta_pre_softmax_norm=0.000000
2026-05-06 03:12:11,991 - WARNING - [junyi|junyi_abce_best_no_A|lr=0.003|drop=0.40] [Diag Warning][E] E-flat-at-query: personal_message=0.000000, posterior_delta=0.000000, posterior_kl=0.000000
2026-05-06 03:12:11,992 - INFO - [junyi|junyi_abce_best_no_A|lr=0.003|drop=0.40] [Grad Norms] Epoch [001] | relation_emb=0.000000e+00, relation_tau=0.000000e+00, relation_wq=0.000000e+00, relation_wk=0.000000e+00, personal_u=0.000000e+00, personal_v=0.000000e+00, personal_alpha_bias=0.000000e+00, personal_gate_emb=3.368068e-11, personal_gate_state_proj=1.216803e-06, personal_gate_context_proj=3.621815e-06, personal_gate_state_direct=8.166621e-05, personal_gate_id_direct=7.663125e-11, personal_gate_context_direct=2.434132e-04, personal_gate_out=3.920902e-06, personal_generator_emb=0.000000e+00, personal_generator_context_proj=0.000000e+00, personal_generator_context_hidden=0.000000e+00, personal_generator_context_to_u=0.000000e+00, personal_generator_context_to_v=0.000000e+00, personal_generator_state_row=0.000000e+00, personal_generator_state_col=0.000000e+00, personal_generator_id_row=0.000000e+00, personal_generator_id_col=0.000000e+00, personal_generator_state_adapter=0.000000e+00, personal_generator_id_adapter=0.000000e+00, personal_generator_context_adapter=0.000000e+00, personal_generator_direct_scale=0.000000e+00
2026-05-06 03:12:12,204 - INFO - [junyi|junyi_abce_best_no_A|lr=0.003|drop=0.40] -> New best AUC=0.7404 at epoch 1
2026-05-06 03:12:14,091 - INFO - [junyi|junyi_abce_best_no_A|lr=0.003|drop=0.40] Epoch [002/12] | Train: Loss=0.5567, BCE=0.5559, Reg=0.0008, AUC=0.7428, ACC=0.7155, RMSE=0.4330 | Val: Loss=0.5152, BCE=0.5145, Reg=0.0007, AUC=0.7946, ACC=0.7630, RMSE=0.4116
2026-05-06 03:12:14,092 - INFO - [junyi|junyi_abce_best_no_A|lr=0.003|drop=0.40] [Reg Terms] Epoch [002] | Train: graph_entropy=0.000000, graph_diag=0.000000, graph_uniform=0.000000, graph_reg_scale=1.0000, prediction_l2=0.000000, personal_sparse=0.000000, alpha_var=0.000000, alpha_collapse=0.000758, reg_bce_ratio=0.0014 | Val: graph_entropy=0.000000, graph_diag=0.000000, graph_uniform=0.000000, graph_reg_scale=1.0000, prediction_l2=0.000000, personal_sparse=0.000000, alpha_var=0.000000, alpha_collapse=0.000724, reg_bce_ratio=0.0014
2026-05-06 03:12:14,152 - INFO - [junyi|junyi_abce_best_full|lr=0.003|drop=0.40] Epoch [004/12] | Train: Loss=0.5844, BCE=0.5624, Reg=0.0220, AUC=0.7336, ACC=0.7201, RMSE=0.4349 | Val: Loss=0.5312, BCE=0.5095, Reg=0.0217, AUC=0.7941, ACC=0.7812, RMSE=0.4088
2026-05-06 03:12:14,152 - INFO - [junyi|junyi_abce_best_full|lr=0.003|drop=0.40] [Reg Terms] Epoch [004] | Train: graph_entropy=0.000000, graph_diag=0.013502, graph_uniform=0.006715, graph_reg_scale=1.0000, prediction_l2=0.000000, personal_sparse=0.000936, alpha_var=0.000000, alpha_collapse=0.000001, reg_bce_ratio=0.0391 | Val: graph_entropy=0.000000, graph_diag=0.013238, graph_uniform=0.006717, graph_reg_scale=1.0000, prediction_l2=0.000000, personal_sparse=0.000944, alpha_var=0.000000, alpha_collapse=0.000000, reg_bce_ratio=0.0427
2026-05-06 03:12:14,302 - INFO - [junyi|junyi_abce_best_no_A|lr=0.003|drop=0.40] [Diag][AE] Epoch [002] | irt_abs_mean=1.1830, irt_std=0.6709, personal_warmup_scale=0.40, graph_row_entropy=0.0000, graph_entropy_ratio=0.0000, alpha_mean=0.0409, alpha_std=0.0338, alpha_base_mean=0.0412, alpha_delta_absmean=0.0842, alpha_saturation_ratio=0.0000, alpha_bias_std=NA, alpha_state_path=3.2904, alpha_id_path=0.0000, alpha_bias_path=0.0000, head_bias_path=1.6690, personal_row_entropy=0.0000, personal_matrix_delta=0.0000, personal_matrix_student_std=0.0000, personal_delta_pre_softmax_norm=0.0000, personal_delta_student_std=0.0000, alpha_head_std=0.0337, query_row_global_readout_delta=0.0000, query_row_personal_message_delta=0.0000, query_row_posterior_delta_abs=0.0000, query_row_posterior_kl=0.0000, query_row_delta_local_rms_raw=0.0000, query_row_message_projection_gain=0.0000, personal_to_graph_query_ratio=0.0000, query_row_global_support_mass=0.0000, query_row_personal_support_mass=0.0000, neighbor_row_personal_delta=0.0000, personal_row_budget_mean=1.3000, personal_query_row_std=0.0000, readout_query_support_mass=0.0000, personal_student_mix=0.0061, personal_student_adapter=0.0143, local_row_ratio=0.0014, support_density=1.0000, readout_query_delta=0.0000, personal_bad_rows_active=0.00, personal_fallback_rows_active=0.00, personal_bad_row_rate_active=0.0000, personal_padded_rows=0.00, personal_logits_support_absmax=0.0000, personal_query_trust_scale_mean=1.0000, personal_bad_rows_legacy=0.00, personal_fallback_rows_legacy=0.00, personal_logits_absmax_legacy=0.0000
2026-05-06 03:12:14,302 - INFO - [junyi|junyi_abce_best_no_A|lr=0.003|drop=0.40] [Diag][A] Epoch [002] | entropy_ratio=0.0000, diag_mass=1.0000, to_uniform_l2=0.037851, to_identity_l2=0.000000, relation_identity_delta=0.000000, knowledge_state_graph_delta=0.000000, knowledge_state_personal_delta=0.000000, share_concept_embeddings=True, tau_mean=0.0000, tau_std=0.0000, graph_reg_scale(train/val)=1.0000/1.0000
2026-05-06 03:12:14,302 - WARNING - [junyi|junyi_abce_best_no_A|lr=0.003|drop=0.40] [Diag Warning][E] personal_delta_student_std is near zero: personal_delta_student_std=0.000000, personal_delta_pre_softmax_norm=0.000000
2026-05-06 03:12:14,302 - WARNING - [junyi|junyi_abce_best_no_A|lr=0.003|drop=0.40] [Diag Warning][E] E-flat-at-query: personal_message=0.000000, posterior_delta=0.000000, posterior_kl=0.000000
2026-05-06 03:12:14,302 - INFO - [junyi|junyi_abce_best_no_A|lr=0.003|drop=0.40] [Grad Norms] Epoch [002] | relation_emb=0.000000e+00, relation_tau=0.000000e+00, relation_wq=0.000000e+00, relation_wk=0.000000e+00, personal_u=0.000000e+00, personal_v=0.000000e+00, personal_alpha_bias=0.000000e+00, personal_gate_emb=3.866805e-11, personal_gate_state_proj=3.251980e-07, personal_gate_context_proj=7.111012e-07, personal_gate_state_direct=1.689821e-04, personal_gate_id_direct=1.219602e-10, personal_gate_context_direct=3.692333e-04, personal_gate_out=8.756156e-07, personal_generator_emb=0.000000e+00, personal_generator_context_proj=0.000000e+00, personal_generator_context_hidden=0.000000e+00, personal_generator_context_to_u=0.000000e+00, personal_generator_context_to_v=0.000000e+00, personal_generator_state_row=0.000000e+00, personal_generator_state_col=0.000000e+00, personal_generator_id_row=0.000000e+00, personal_generator_id_col=0.000000e+00, personal_generator_state_adapter=0.000000e+00, personal_generator_id_adapter=0.000000e+00, personal_generator_context_adapter=0.000000e+00, personal_generator_direct_scale=0.000000e+00
2026-05-06 03:12:14,361 - INFO - [junyi|junyi_abce_best_full|lr=0.003|drop=0.40] [Diag][AE] Epoch [004] | irt_abs_mean=1.1124, irt_std=0.7982, personal_warmup_scale=0.80, graph_row_entropy=3.1368, graph_entropy_ratio=0.4791, alpha_mean=0.0517, alpha_std=0.0518, alpha_base_mean=0.0425, alpha_delta_absmean=0.0726, alpha_saturation_ratio=0.0000, alpha_bias_std=NA, alpha_state_path=2.0967, alpha_id_path=0.0000, alpha_bias_path=0.0000, head_bias_path=1.6331, personal_row_entropy=2.3418, personal_matrix_delta=0.0474, personal_matrix_student_std=0.0506, personal_delta_pre_softmax_norm=2.7557, personal_delta_student_std=2.7095, alpha_head_std=0.0517, query_row_global_readout_delta=0.1899, query_row_personal_message_delta=0.0007, query_row_posterior_delta_abs=0.0474, query_row_posterior_kl=0.0354, query_row_delta_local_rms_raw=0.0433, query_row_message_projection_gain=0.9131, personal_to_graph_query_ratio=0.0038, query_row_global_support_mass=0.0000, query_row_personal_support_mass=2.5044, neighbor_row_personal_delta=0.0000, personal_row_budget_mean=1.3000, personal_query_row_std=0.0854, readout_query_support_mass=0.0000, personal_student_mix=0.0074, personal_student_adapter=0.0168, local_row_ratio=0.0655, support_density=1.0000, readout_query_delta=0.1898, personal_bad_rows_active=0.00, personal_fallback_rows_active=0.00, personal_bad_row_rate_active=0.0000, personal_padded_rows=0.00, personal_logits_support_absmax=6.7115, personal_query_trust_scale_mean=1.0000, personal_bad_rows_legacy=0.00, personal_fallback_rows_legacy=0.00, personal_logits_absmax_legacy=6.7115
2026-05-06 03:12:14,361 - INFO - [junyi|junyi_abce_best_full|lr=0.003|drop=0.40] [Diag][A] Epoch [004] | entropy_ratio=0.4791, diag_mass=0.1103, to_uniform_l2=0.008048, to_identity_l2=0.034424, relation_identity_delta=0.034424, knowledge_state_graph_delta=0.428573, knowledge_state_personal_delta=0.000000, share_concept_embeddings=True, tau_mean=0.8498, tau_std=0.0000, graph_reg_scale(train/val)=1.0000/1.0000
2026-05-06 03:12:14,361 - WARNING - [junyi|junyi_abce_best_full|lr=0.003|drop=0.40] [Diag Warning][AE] query-readout-overamplified: readout_query_delta=0.189833, query_row_graph_delta=0.189895, personal_matrix_delta=0.047384
2026-05-06 03:12:14,361 - INFO - [junyi|junyi_abce_best_full|lr=0.003|drop=0.40] [Grad Norms] Epoch [004] | relation_emb=3.743225e-01, relation_tau=1.846077e-08, relation_wq=8.087038e-07, relation_wk=6.969722e-07, personal_u=2.376975e-03, personal_v=1.365895e-03, personal_alpha_bias=0.000000e+00, personal_gate_emb=3.767550e-11, personal_gate_state_proj=2.742341e-09, personal_gate_context_proj=6.670898e-09, personal_gate_state_direct=2.393628e-04, personal_gate_id_direct=2.538640e-10, personal_gate_context_direct=5.874532e-04, personal_gate_out=4.044583e-08, personal_generator_emb=1.456826e-14, personal_generator_context_proj=2.847334e-14, personal_generator_context_hidden=5.662281e-15, personal_generator_context_to_u=9.352696e-14, personal_generator_context_to_v=1.095618e-13, personal_generator_state_row=1.585343e-09, personal_generator_state_col=1.911894e-09, personal_generator_id_row=1.088497e-11, personal_generator_id_col=1.143931e-11, personal_generator_state_adapter=1.766572e-14, personal_generator_id_adapter=9.086227e-17, personal_generator_context_adapter=1.013518e-19, personal_generator_direct_scale=8.750839e-09
2026-05-06 03:12:17,400 - INFO - [junyi|junyi_abce_best_full|lr=0.003|drop=0.40] -> New best AUC=0.7941 at epoch 4
2026-05-06 03:12:17,401 - INFO - [junyi|junyi_abce_best_no_A|lr=0.003|drop=0.40] -> New best AUC=0.7946 at epoch 2
2026-05-06 03:12:19,271 - INFO - [junyi|junyi_abce_best_no_A|lr=0.003|drop=0.40] Epoch [003/12] | Train: Loss=0.5664, BCE=0.5655, Reg=0.0009, AUC=0.7484, ACC=0.7031, RMSE=0.4383 | Val: Loss=0.4958, BCE=0.4949, Reg=0.0009, AUC=0.8143, ACC=0.7630, RMSE=0.4015
2026-05-06 03:12:19,271 - INFO - [junyi|junyi_abce_best_no_A|lr=0.003|drop=0.40] [Reg Terms] Epoch [003] | Train: graph_entropy=0.000000, graph_diag=0.000000, graph_uniform=0.000000, graph_reg_scale=1.0000, prediction_l2=0.000000, personal_sparse=0.000000, alpha_var=0.000000, alpha_collapse=0.000907, reg_bce_ratio=0.0016 | Val: graph_entropy=0.000000, graph_diag=0.000000, graph_uniform=0.000000, graph_reg_scale=1.0000, prediction_l2=0.000000, personal_sparse=0.000000, alpha_var=0.000000, alpha_collapse=0.000900, reg_bce_ratio=0.0018
[DONE] dataset=assist_09 seed=42 profile=best ablation=no_A exit=0 auc=0.6461829510480295
[PLAN] dataset=junyi seed=42 profile=best ablation=no_E gpu=3
       CMD: /home/zsh/anaconda3/envs/xph_env/bin/python main.py --dataset_name junyi --model_variant junyi_abce_best_no_E --save_dir checkpoints/abce_diag/remote_writer_residual_matched_probe_20260506_a5a38c6/junyi/seed42/best_no_E --log_dir logs/abce_diag/remote_writer_residual_matched_probe_20260506_a5a38c6/junyi/seed42/best_no_E --seed 42 --generate_diagnosis False --alpha_min_target 0.0 --batch_size 256 --debug_graph_diag --diag_batches 1 --dropout 0.4 --early_stop_patience 2 --epochs 12 --graph_dropout 0.0 --graph_edge_bias_rank 8 --graph_entropy_max 0.7 --graph_entropy_min 0.15 --graph_headwise_query_gate --graph_identity_residual 0.05 --graph_propagation_alpha 0.25 --graph_query_adapter_enable --graph_query_readout_2hop_scale 0.12 --graph_query_readout_scale 0.45 --graph_reg_cap_ratio 6.0 --graph_reg_warmup_epochs 2 --graph_tau_init 0.55 --graph_topk 24 --graph_uniform_margin 0.12 --knowledge_dim 128 --lambda_alpha 0.0 --lambda_alpha_min 0.0 --lambda_graph_diag 0.12 --lambda_graph_uniform 0.06 --lambda_personal_kl 0.03 --lambda_personal_query_residual 0.08 --lambda_sparse 0.6 --lambda_sparse_personal 0.0 --learning_rate 0.003 --max_test_batches 6 --max_train_batches 24 --max_val_batches 6 --min_exer_interactions 0 --min_poison_count 0 --min_stu_interactions 15 --num_gnn_layers 2 --num_relation_heads 2 --num_workers 4 --patience 1 --personal_alpha_base_init 0.04 --personal_alpha_bias_scale 0.0 --personal_alpha_budget 0.09 --personal_alpha_temperature 1.8 --personal_delta_scale 4.0 --personal_disable_student_global_context --personal_id_lr_mult 0.25 --no-personal_include_neighbor_rows --personal_local_hops 1 --personal_max_alpha 0.26 --personal_message_alignment_gate --personal_neighbor_row_budget 0.2 --personal_projection_hidden_factor 2 --personal_query_correction_max_ratio 0.2 --personal_query_correction_min_graph_anchor 0.01 --personal_query_correction_scale 0.6 --personal_query_message_gain 1.0 --personal_query_residual_margin 0.05 --personal_query_row_budget 1.3 --personal_query_support_hops 1 --personal_rank 8 --personal_reg_warmup_epochs 5 --personal_state_lr_mult 1.5 --personal_student_dim 64 --personal_support_include_graph --personal_support_include_query_self --personal_support_only --personal_value_use_global_basis --personal_warmup_epochs 5 --prediction_l2_lambda 1e-05 --save_interval 10 --share_concept_embeddings --no-use_personal_graph --weight_decay 0.001
2026-05-06 03:12:19,526 - INFO - [junyi|junyi_abce_best_no_A|lr=0.003|drop=0.40] [Diag][AE] Epoch [003] | irt_abs_mean=1.1466, irt_std=0.7210, personal_warmup_scale=0.60, graph_row_entropy=0.0000, graph_entropy_ratio=0.0000, alpha_mean=0.0423, alpha_std=0.0428, alpha_base_mean=0.0419, alpha_delta_absmean=0.0739, alpha_saturation_ratio=0.0000, alpha_bias_std=NA, alpha_state_path=2.3022, alpha_id_path=0.0000, alpha_bias_path=0.0000, head_bias_path=1.6510, personal_row_entropy=0.0000, personal_matrix_delta=0.0000, personal_matrix_student_std=0.0000, personal_delta_pre_softmax_norm=0.0000, personal_delta_student_std=0.0000, alpha_head_std=0.0422, query_row_global_readout_delta=0.0000, query_row_personal_message_delta=0.0000, query_row_posterior_delta_abs=0.0000, query_row_posterior_kl=0.0000, query_row_delta_local_rms_raw=0.0000, query_row_message_projection_gain=0.0000, personal_to_graph_query_ratio=0.0000, query_row_global_support_mass=0.0000, query_row_personal_support_mass=0.0000, neighbor_row_personal_delta=0.0000, personal_row_budget_mean=1.3000, personal_query_row_std=0.0000, readout_query_support_mass=0.0000, personal_student_mix=0.0067, personal_student_adapter=0.0156, local_row_ratio=0.0014, support_density=1.0000, readout_query_delta=0.0000, personal_bad_rows_active=0.00, personal_fallback_rows_active=0.00, personal_bad_row_rate_active=0.0000, personal_padded_rows=0.00, personal_logits_support_absmax=0.0000, personal_query_trust_scale_mean=1.0000, personal_bad_rows_legacy=0.00, personal_fallback_rows_legacy=0.00, personal_logits_absmax_legacy=0.0000
2026-05-06 03:12:19,526 - INFO - [junyi|junyi_abce_best_no_A|lr=0.003|drop=0.40] [Diag][A] Epoch [003] | entropy_ratio=0.0000, diag_mass=1.0000, to_uniform_l2=0.037851, to_identity_l2=0.000000, relation_identity_delta=0.000000, knowledge_state_graph_delta=0.000000, knowledge_state_personal_delta=0.000000, share_concept_embeddings=True, tau_mean=0.0000, tau_std=0.0000, graph_reg_scale(train/val)=1.0000/1.0000
2026-05-06 03:12:19,526 - WARNING - [junyi|junyi_abce_best_no_A|lr=0.003|drop=0.40] [Diag Warning][E] personal_delta_student_std is near zero: personal_delta_student_std=0.000000, personal_delta_pre_softmax_norm=0.000000
2026-05-06 03:12:19,526 - WARNING - [junyi|junyi_abce_best_no_A|lr=0.003|drop=0.40] [Diag Warning][E] E-flat-at-query: personal_message=0.000000, posterior_delta=0.000000, posterior_kl=0.000000
2026-05-06 03:12:19,526 - INFO - [junyi|junyi_abce_best_no_A|lr=0.003|drop=0.40] [Grad Norms] Epoch [003] | relation_emb=0.000000e+00, relation_tau=0.000000e+00, relation_wq=0.000000e+00, relation_wk=0.000000e+00, personal_u=0.000000e+00, personal_v=0.000000e+00, personal_alpha_bias=0.000000e+00, personal_gate_emb=0.000000e+00, personal_gate_state_proj=0.000000e+00, personal_gate_context_proj=0.000000e+00, personal_gate_state_direct=0.000000e+00, personal_gate_id_direct=0.000000e+00, personal_gate_context_direct=0.000000e+00, personal_gate_out=0.000000e+00, personal_generator_emb=0.000000e+00, personal_generator_context_proj=0.000000e+00, personal_generator_context_hidden=0.000000e+00, personal_generator_context_to_u=0.000000e+00, personal_generator_context_to_v=0.000000e+00, personal_generator_state_row=0.000000e+00, personal_generator_state_col=0.000000e+00, personal_generator_id_row=0.000000e+00, personal_generator_id_col=0.000000e+00, personal_generator_state_adapter=0.000000e+00, personal_generator_id_adapter=0.000000e+00, personal_generator_context_adapter=0.000000e+00, personal_generator_direct_scale=0.000000e+00
2026-05-06 03:12:19,984 - INFO - [junyi|junyi_abce_best_full|lr=0.003|drop=0.40] Epoch [005/12] | Train: Loss=0.5810, BCE=0.5591, Reg=0.0219, AUC=0.7468, ACC=0.7181, RMSE=0.4348 | Val: Loss=0.5368, BCE=0.5151, Reg=0.0217, AUC=0.7940, ACC=0.7656, RMSE=0.4111
2026-05-06 03:12:19,984 - INFO - [junyi|junyi_abce_best_full|lr=0.003|drop=0.40] [Reg Terms] Epoch [005] | Train: graph_entropy=0.000000, graph_diag=0.013016, graph_uniform=0.006718, graph_reg_scale=1.0000, prediction_l2=0.000000, personal_sparse=0.001169, alpha_var=0.000000, alpha_collapse=0.000001, reg_bce_ratio=0.0392 | Val: graph_entropy=0.000000, graph_diag=0.012783, graph_uniform=0.006720, graph_reg_scale=1.0000, prediction_l2=0.000000, personal_sparse=0.001148, alpha_var=0.000000, alpha_collapse=0.000000, reg_bce_ratio=0.0420
2026-05-06 03:12:20,204 - INFO - [junyi|junyi_abce_best_full|lr=0.003|drop=0.40] [Diag][AE] Epoch [005] | irt_abs_mean=1.3966, irt_std=1.0933, personal_warmup_scale=1.00, graph_row_entropy=3.1407, graph_entropy_ratio=0.4797, alpha_mean=0.0599, alpha_std=0.0603, alpha_base_mean=0.0431, alpha_delta_absmean=0.0673, alpha_saturation_ratio=0.0000, alpha_bias_std=NA, alpha_state_path=1.9480, alpha_id_path=0.0000, alpha_bias_path=0.0000, head_bias_path=1.6155, personal_row_entropy=2.3035, personal_matrix_delta=0.0451, personal_matrix_student_std=0.0463, personal_delta_pre_softmax_norm=2.7568, personal_delta_student_std=2.6823, alpha_head_std=0.0599, query_row_global_readout_delta=0.2689, query_row_personal_message_delta=0.0008, query_row_posterior_delta_abs=0.0451, query_row_posterior_kl=0.0327, query_row_delta_local_rms_raw=0.0219, query_row_message_projection_gain=0.4857, personal_to_graph_query_ratio=0.0029, query_row_global_support_mass=0.0000, query_row_personal_support_mass=2.4695, neighbor_row_personal_delta=0.0000, personal_row_budget_mean=1.3000, personal_query_row_std=0.0740, readout_query_support_mass=0.0000, personal_student_mix=0.0081, personal_student_adapter=0.0181, local_row_ratio=0.0655, support_density=1.0000, readout_query_delta=0.2690, personal_bad_rows_active=0.00, personal_fallback_rows_active=0.00, personal_bad_row_rate_active=0.0000, personal_padded_rows=0.00, personal_logits_support_absmax=6.7050, personal_query_trust_scale_mean=1.0000, personal_bad_rows_legacy=0.00, personal_fallback_rows_legacy=0.00, personal_logits_absmax_legacy=6.7050
2026-05-06 03:12:20,205 - INFO - [junyi|junyi_abce_best_full|lr=0.003|drop=0.40] [Diag][A] Epoch [005] | entropy_ratio=0.4797, diag_mass=0.1065, to_uniform_l2=0.008001, to_identity_l2=0.034571, relation_identity_delta=0.034571, knowledge_state_graph_delta=0.410020, knowledge_state_personal_delta=0.000000, share_concept_embeddings=True, tau_mean=0.8210, tau_std=0.0000, graph_reg_scale(train/val)=1.0000/1.0000
2026-05-06 03:12:20,205 - WARNING - [junyi|junyi_abce_best_full|lr=0.003|drop=0.40] [Diag Warning][AE] query-readout-overamplified: readout_query_delta=0.269020, query_row_graph_delta=0.268859, personal_matrix_delta=0.045099
2026-05-06 03:12:20,205 - INFO - [junyi|junyi_abce_best_full|lr=0.003|drop=0.40] [Grad Norms] Epoch [005] | relation_emb=4.534965e-01, relation_tau=4.405031e-09, relation_wq=6.430827e-07, relation_wk=5.097002e-07, personal_u=4.373745e-03, personal_v=1.127728e-03, personal_alpha_bias=0.000000e+00, personal_gate_emb=3.919360e-12, personal_gate_state_proj=6.048297e-11, personal_gate_context_proj=3.596766e-10, personal_gate_state_direct=3.721429e-05, personal_gate_id_direct=1.257182e-10, personal_gate_context_direct=2.212286e-04, personal_gate_out=5.685084e-10, personal_generator_emb=3.887503e-15, personal_generator_context_proj=2.230882e-15, personal_generator_context_hidden=3.335390e-16, personal_generator_context_to_u=1.303906e-14, personal_generator_context_to_v=1.106537e-14, personal_generator_state_row=9.962416e-10, personal_generator_state_col=8.394780e-10, personal_generator_id_row=7.662782e-12, personal_generator_id_col=6.474157e-12, personal_generator_state_adapter=4.438757e-15, personal_generator_id_adapter=1.402747e-17, personal_generator_context_adapter=1.930275e-20, personal_generator_direct_scale=1.966196e-08
2026-05-06 03:12:20,205 - INFO - [junyi|junyi_abce_best_full|lr=0.003|drop=0.40] -> No improvement 1 epoch(s) (best AUC=0.7941 @ 4)
2026-05-06 03:12:20,402 - INFO - [junyi|junyi_abce_best_no_A|lr=0.003|drop=0.40] -> New best AUC=0.8143 at epoch 3
2026-05-06 03:12:21,999 - INFO - Arguments:
2026-05-06 03:12:22,000 - INFO -   ablate_concept_graph: False
2026-05-06 03:12:22,000 - INFO -   ablate_module1: False
2026-05-06 03:12:22,000 - INFO -   allow_self_loop: True
2026-05-06 03:12:22,000 - INFO -   alpha_min_target: 0.0
2026-05-06 03:12:22,000 - INFO -   batch_size: 256
2026-05-06 03:12:22,000 - INFO -   data_dir: ./data/junyi
2026-05-06 03:12:22,000 - INFO -   dataset_name: junyi
2026-05-06 03:12:22,000 - INFO -   debug_graph_diag: True
2026-05-06 03:12:22,000 - INFO -   diag_batches: 1
2026-05-06 03:12:22,000 - INFO -   disable_self_loop: False
2026-05-06 03:12:22,000 - INFO -   dropout: 0.4
2026-05-06 03:12:22,000 - INFO -   early_stop_patience: 2
2026-05-06 03:12:22,000 - INFO -   enable_module1: True
2026-05-06 03:12:22,000 - INFO -   epochs: 12
2026-05-06 03:12:22,000 - INFO -   generate_diagnosis: False
2026-05-06 03:12:22,000 - INFO -   gnn_residual_weight: 0.5
2026-05-06 03:12:22,000 - INFO -   gpu_candidates: None
2026-05-06 03:12:22,000 - INFO -   gpu_ids: None
2026-05-06 03:12:22,000 - INFO -   gpu_memory_threshold: 2000
2026-05-06 03:12:22,000 - INFO -   gpus: None
2026-05-06 03:12:22,000 - INFO -   graph_dropout: 0.0
2026-05-06 03:12:22,000 - INFO -   graph_edge_bias_rank: 8
2026-05-06 03:12:22,000 - INFO -   graph_entropy_max: 0.7
2026-05-06 03:12:22,000 - INFO -   graph_entropy_min: 0.15
2026-05-06 03:12:22,000 - INFO -   graph_headwise_query_gate: True
2026-05-06 03:12:22,000 - INFO -   graph_identity_residual: 0.05
2026-05-06 03:12:22,000 - INFO -   graph_propagation_alpha: 0.25
2026-05-06 03:12:22,000 - INFO -   graph_query_adapter_enable: True
2026-05-06 03:12:22,000 - INFO -   graph_query_readout_2hop_scale: 0.12
2026-05-06 03:12:22,000 - INFO -   graph_query_readout_scale: 0.45
2026-05-06 03:12:22,000 - INFO -   graph_query_writeback_2hop_scale: 0.12
2026-05-06 03:12:22,001 - INFO -   graph_query_writeback_scale: 0.45
2026-05-06 03:12:22,001 - INFO -   graph_readout_1hop_scale: 0.45
2026-05-06 03:12:22,001 - INFO -   graph_readout_2hop_scale: 0.12
2026-05-06 03:12:22,001 - INFO -   graph_reg_cap_ratio: 6.0
2026-05-06 03:12:22,001 - INFO -   graph_reg_warmup_epochs: 2
2026-05-06 03:12:22,001 - INFO -   graph_tau_init: 0.55
2026-05-06 03:12:22,001 - INFO -   graph_topk: 24
2026-05-06 03:12:22,001 - INFO -   graph_uniform_margin: 0.12
2026-05-06 03:12:22,001 - INFO -   knowledge_dim: 128
2026-05-06 03:12:22,001 - INFO -   lambda_alpha: 0.0
2026-05-06 03:12:22,001 - INFO -   lambda_alpha_min: 0.0
2026-05-06 03:12:22,001 - INFO -   lambda_graph_diag: 0.12
2026-05-06 03:12:22,001 - INFO -   lambda_graph_uniform: 0.06
2026-05-06 03:12:22,001 - INFO -   lambda_personal_kl: 0.03
2026-05-06 03:12:22,001 - INFO -   lambda_personal_query_residual: 0.08
2026-05-06 03:12:22,001 - INFO -   lambda_sparse: 0.6
2026-05-06 03:12:22,001 - INFO -   lambda_sparse_personal: 0.0
2026-05-06 03:12:22,001 - INFO -   learning_rate: 0.003
2026-05-06 03:12:22,001 - INFO -   log_dir: logs/abce_diag/remote_writer_residual_matched_probe_20260506_a5a38c6/junyi/seed42/best_no_E
2026-05-06 03:12:22,001 - INFO -   max_test_batches: 6
2026-05-06 03:12:22,001 - INFO -   max_train_batches: 24
2026-05-06 03:12:22,001 - INFO -   max_val_batches: 6
2026-05-06 03:12:22,001 - INFO -   min_exer_interactions: 0
2026-05-06 03:12:22,001 - INFO -   min_poison_count: 0
2026-05-06 03:12:22,001 - INFO -   min_stu_interactions: 15
2026-05-06 03:12:22,001 - INFO -   model_variant: junyi_abce_best_no_E
2026-05-06 03:12:22,001 - INFO -   multi_gpu: False
2026-05-06 03:12:22,001 - INFO -   no_cuda: False
2026-05-06 03:12:22,001 - INFO -   num_gnn_layers: 2
2026-05-06 03:12:22,001 - INFO -   num_gpus: 1
2026-05-06 03:12:22,001 - INFO -   num_relation_heads: 2
2026-05-06 03:12:22,001 - INFO -   num_workers: 4
2026-05-06 03:12:22,001 - INFO -   patience: 1
2026-05-06 03:12:22,001 - INFO -   personal_alpha_base_init: 0.04
2026-05-06 03:12:22,002 - INFO -   personal_alpha_bias_scale: 0.0
2026-05-06 03:12:22,002 - INFO -   personal_alpha_budget: 0.09
2026-05-06 03:12:22,002 - INFO -   personal_alpha_temperature: 1.8
2026-05-06 03:12:22,002 - INFO -   personal_delta_scale: 4.0
2026-05-06 03:12:22,002 - INFO -   personal_disable_student_global_context: True
2026-05-06 03:12:22,002 - INFO -   personal_id_lr_mult: 0.25
2026-05-06 03:12:22,002 - INFO -   personal_include_neighbor_rows: False
2026-05-06 03:12:22,002 - INFO -   personal_local_hops: 1
2026-05-06 03:12:22,002 - INFO -   personal_max_alpha: 0.26
2026-05-06 03:12:22,002 - INFO -   personal_message_alignment_gate: True
2026-05-06 03:12:22,002 - INFO -   personal_neighbor_row_budget: 0.2
2026-05-06 03:12:22,002 - INFO -   personal_projection_hidden_factor: 2
2026-05-06 03:12:22,002 - INFO -   personal_query_correction_max_ratio: 0.2
2026-05-06 03:12:22,002 - INFO -   personal_query_correction_min_graph_anchor: 0.01
2026-05-06 03:12:22,002 - INFO -   personal_query_correction_scale: 0.6
2026-05-06 03:12:22,002 - INFO -   personal_query_message_gain: 1.0
2026-05-06 03:12:22,002 - INFO -   personal_query_residual_margin: 0.05
2026-05-06 03:12:22,002 - INFO -   personal_query_row_budget: 1.3
2026-05-06 03:12:22,002 - INFO -   personal_query_support_hops: 1
2026-05-06 03:12:22,002 - INFO -   personal_rank: 8
2026-05-06 03:12:22,002 - INFO -   personal_reg_warmup_epochs: 5
2026-05-06 03:12:22,002 - INFO -   personal_state_lr_mult: 1.5
2026-05-06 03:12:22,002 - INFO -   personal_student_dim: 64
2026-05-06 03:12:22,002 - INFO -   personal_support_include_graph: True
2026-05-06 03:12:22,002 - INFO -   personal_support_include_neighbors: False
2026-05-06 03:12:22,002 - INFO -   personal_support_include_query_self: True
2026-05-06 03:12:22,002 - INFO -   personal_support_only: True
2026-05-06 03:12:22,002 - INFO -   personal_value_use_global_basis: True
2026-05-06 03:12:22,002 - INFO -   personal_warmup_epochs: 5
2026-05-06 03:12:22,002 - INFO -   prediction_l2_lambda: 1e-05
2026-05-06 03:12:22,002 - INFO -   save_dir: checkpoints/abce_diag/remote_writer_residual_matched_probe_20260506_a5a38c6/junyi/seed42/best_no_E
2026-05-06 03:12:22,002 - INFO -   save_interval: 10
2026-05-06 03:12:22,002 - INFO -   seed: 42
2026-05-06 03:12:22,003 - INFO -   share_concept_embeddings: True
2026-05-06 03:12:22,003 - INFO -   use_concept_graph: True
2026-05-06 03:12:22,003 - INFO -   use_exercise_graph: True
2026-05-06 03:12:22,003 - INFO -   use_personal_graph: False
2026-05-06 03:12:22,003 - INFO -   weight_decay: 0.001
[GPU] Status: [GPU 3: 24088MiB free]
2026-05-06 03:12:22,088 - INFO - Using device: cuda:0 (physical gpu 3)
2026-05-06 03:12:22,088 - INFO - [junyi|junyi_abce_best_no_E|lr=0.003|drop=0.40] Loading datasets...
2026-05-06 03:12:22,088 - INFO - [junyi|junyi_abce_best_no_E|lr=0.003|drop=0.40] Regularization: graph_entropy(lambda_sparse)=0.600000, graph_diag=0.120000, graph_uniform=0.060000, personal_sparse=0.000000, personal_kl=0.030000, personal_query_residual=0.080000, alpha_penalty=0.000000, alpha_min=0.000000, prediction_l2=0.000010
2026-05-06 03:12:22,088 - INFO - [junyi|junyi_abce_best_no_E|lr=0.003|drop=0.40] Graph controls: entropy_band=[0.15, 0.70], uniform_margin=0.12, warmup_epochs=2, cap_ratio=6.00, graph_dropout=0.000, graph_tau_init=0.550
2026-05-06 03:12:22,089 - INFO - [junyi|junyi_abce_best_no_E|lr=0.003|drop=0.40] Personal controls: personal_max_alpha=0.260, personal_delta_scale=4.000, personal_warmup_epochs=5, personal_student_dim=64, alpha_min_target=0.0000, personal_local_hops=1, include_neighbor_rows=False, personal_support_only=True, personal_alpha_temperature=1.800, personal_alpha_budget=0.090, personal_query_row_budget=1.300, personal_neighbor_row_budget=0.200, personal_query_support_hops=1, personal_query_message_gain=1.000, personal_query_correction_scale=0.600, personal_state_lr_mult=1.500, personal_id_lr_mult=0.250, graph_propagation_alpha=0.250, graph_query_readout_scale=0.450, graph_query_readout_2hop_scale=0.120
2026-05-06 03:12:22,196 - INFO - [junyi] [数据清洗] 学生交互次数 < 15 次的学生：共移除 2188 个学生（仅统计用户数）
2026-05-06 03:12:22,214 - INFO - [junyi] [数据清洗] 学生冷启动过滤：在 train/valid/test 中共删除 35779 条记录。
2026-05-06 03:12:22,214 - INFO - [junyi] [数据清洗] 跳过题目冷门过滤（min_exer_interactions <= 0）。
2026-05-06 03:12:22,214 - INFO - [junyi] [数据清洗] 跳过毒题清洗（min_poison_count <= 0）。
2026-05-06 03:12:22,214 - INFO - [junyi] 正在构建ID映射...
2026-05-06 03:12:22,299 - INFO - [junyi|junyi_abce_best_no_A|lr=0.003|drop=0.40] Epoch [004/12] | Train: Loss=0.5618, BCE=0.5606, Reg=0.0012, AUC=0.7467, ACC=0.7135, RMSE=0.4360 | Val: Loss=0.5106, BCE=0.5094, Reg=0.0012, AUC=0.7991, ACC=0.7656, RMSE=0.4090
2026-05-06 03:12:22,300 - INFO - [junyi|junyi_abce_best_no_A|lr=0.003|drop=0.40] [Reg Terms] Epoch [004] | Train: graph_entropy=0.000000, graph_diag=0.000000, graph_uniform=0.000000, graph_reg_scale=1.0000, prediction_l2=0.000000, personal_sparse=0.000000, alpha_var=0.000000, alpha_collapse=0.001205, reg_bce_ratio=0.0021 | Val: graph_entropy=0.000000, graph_diag=0.000000, graph_uniform=0.000000, graph_reg_scale=1.0000, prediction_l2=0.000000, personal_sparse=0.000000, alpha_var=0.000000, alpha_collapse=0.001200, reg_bce_ratio=0.0024
2026-05-06 03:12:22,442 - INFO - [junyi] 正在构建Q矩阵...
2026-05-06 03:12:22,502 - INFO - [junyi|junyi_abce_best_no_A|lr=0.003|drop=0.40] [Diag][AE] Epoch [004] | irt_abs_mean=1.2571, irt_std=0.7607, personal_warmup_scale=0.80, graph_row_entropy=0.0000, graph_entropy_ratio=0.0000, alpha_mean=0.0418, alpha_std=0.0514, alpha_base_mean=0.0425, alpha_delta_absmean=0.0741, alpha_saturation_ratio=0.0000, alpha_bias_std=NA, alpha_state_path=2.6602, alpha_id_path=0.0000, alpha_bias_path=0.0000, head_bias_path=1.6331, personal_row_entropy=0.0000, personal_matrix_delta=0.0000, personal_matrix_student_std=0.0000, personal_delta_pre_softmax_norm=0.0000, personal_delta_student_std=0.0000, alpha_head_std=0.0418, query_row_global_readout_delta=0.0000, query_row_personal_message_delta=0.0000, query_row_posterior_delta_abs=0.0000, query_row_posterior_kl=0.0000, query_row_delta_local_rms_raw=0.0000, query_row_message_projection_gain=0.0000, personal_to_graph_query_ratio=0.0000, query_row_global_support_mass=0.0000, query_row_personal_support_mass=0.0000, neighbor_row_personal_delta=0.0000, personal_row_budget_mean=1.3000, personal_query_row_std=0.0000, readout_query_support_mass=0.0000, personal_student_mix=0.0074, personal_student_adapter=0.0168, local_row_ratio=0.0014, support_density=1.0000, readout_query_delta=0.0000, personal_bad_rows_active=0.00, personal_fallback_rows_active=0.00, personal_bad_row_rate_active=0.0000, personal_padded_rows=0.00, personal_logits_support_absmax=0.0000, personal_query_trust_scale_mean=1.0000, personal_bad_rows_legacy=0.00, personal_fallback_rows_legacy=0.00, personal_logits_absmax_legacy=0.0000
2026-05-06 03:12:22,503 - INFO - [junyi|junyi_abce_best_no_A|lr=0.003|drop=0.40] [Diag][A] Epoch [004] | entropy_ratio=0.0000, diag_mass=1.0000, to_uniform_l2=0.037851, to_identity_l2=0.000000, relation_identity_delta=0.000000, knowledge_state_graph_delta=0.000000, knowledge_state_personal_delta=0.000000, share_concept_embeddings=True, tau_mean=0.0000, tau_std=0.0000, graph_reg_scale(train/val)=1.0000/1.0000
2026-05-06 03:12:22,503 - WARNING - [junyi|junyi_abce_best_no_A|lr=0.003|drop=0.40] [Diag Warning][E] personal_delta_student_std is near zero: personal_delta_student_std=0.000000, personal_delta_pre_softmax_norm=0.000000
2026-05-06 03:12:22,503 - WARNING - [junyi|junyi_abce_best_no_A|lr=0.003|drop=0.40] [Diag Warning][E] E-flat-at-query: personal_message=0.000000, posterior_delta=0.000000, posterior_kl=0.000000
2026-05-06 03:12:22,503 - INFO - [junyi|junyi_abce_best_no_A|lr=0.003|drop=0.40] [Grad Norms] Epoch [004] | relation_emb=0.000000e+00, relation_tau=0.000000e+00, relation_wq=0.000000e+00, relation_wk=0.000000e+00, personal_u=0.000000e+00, personal_v=0.000000e+00, personal_alpha_bias=0.000000e+00, personal_gate_emb=0.000000e+00, personal_gate_state_proj=0.000000e+00, personal_gate_context_proj=0.000000e+00, personal_gate_state_direct=0.000000e+00, personal_gate_id_direct=0.000000e+00, personal_gate_context_direct=0.000000e+00, personal_gate_out=0.000000e+00, personal_generator_emb=0.000000e+00, personal_generator_context_proj=0.000000e+00, personal_generator_context_hidden=0.000000e+00, personal_generator_context_to_u=0.000000e+00, personal_generator_context_to_v=0.000000e+00, personal_generator_state_row=0.000000e+00, personal_generator_state_col=0.000000e+00, personal_generator_id_row=0.000000e+00, personal_generator_id_col=0.000000e+00, personal_generator_state_adapter=0.000000e+00, personal_generator_id_adapter=0.000000e+00, personal_generator_context_adapter=0.000000e+00, personal_generator_direct_scale=0.000000e+00
2026-05-06 03:12:22,503 - INFO - [junyi|junyi_abce_best_no_A|lr=0.003|drop=0.40] -> No improvement 1 epoch(s) (best AUC=0.8143 @ 3)
2026-05-06 03:12:22,628 - INFO - [junyi|junyi_abce_best_full|lr=0.003|drop=0.40] Epoch [006/12] | Train: Loss=0.5653, BCE=0.5438, Reg=0.0214, AUC=0.7593, ACC=0.7272, RMSE=0.4286 | Val: Loss=0.5644, BCE=0.5432, Reg=0.0212, AUC=0.7970, ACC=0.7578, RMSE=0.4140
2026-05-06 03:12:22,628 - INFO - [junyi|junyi_abce_best_full|lr=0.003|drop=0.40] [Reg Terms] Epoch [006] | Train: graph_entropy=0.000000, graph_diag=0.012586, graph_uniform=0.006721, graph_reg_scale=1.0000, prediction_l2=0.000000, personal_sparse=0.001156, alpha_var=0.000000, alpha_collapse=0.000005, reg_bce_ratio=0.0394 | Val: graph_entropy=0.000000, graph_diag=0.012376, graph_uniform=0.006722, graph_reg_scale=1.0000, prediction_l2=0.000000, personal_sparse=0.001154, alpha_var=0.000000, alpha_collapse=0.000000, reg_bce_ratio=0.0391
2026-05-06 03:12:22,827 - INFO - [junyi|junyi_abce_best_full|lr=0.003|drop=0.40] [Diag][AE] Epoch [006] | irt_abs_mean=1.8512, irt_std=1.5442, personal_warmup_scale=1.00, graph_row_entropy=3.1440, graph_entropy_ratio=0.4802, alpha_mean=0.0529, alpha_std=0.0534, alpha_base_mean=0.0437, alpha_delta_absmean=0.0711, alpha_saturation_ratio=0.0000, alpha_bias_std=NA, alpha_state_path=2.0925, alpha_id_path=0.0000, alpha_bias_path=0.0000, head_bias_path=1.5980, personal_row_entropy=2.3145, personal_matrix_delta=0.0458, personal_matrix_student_std=0.0483, personal_delta_pre_softmax_norm=2.7585, personal_delta_student_std=2.7090, alpha_head_std=0.0529, query_row_global_readout_delta=0.3904, query_row_personal_message_delta=0.0006, query_row_posterior_delta_abs=0.0458, query_row_posterior_kl=0.0333, query_row_delta_local_rms_raw=0.0216, query_row_message_projection_gain=0.4730, personal_to_graph_query_ratio=0.0014, query_row_global_support_mass=0.0000, query_row_personal_support_mass=2.4969, neighbor_row_personal_delta=0.0000, personal_row_budget_mean=1.3000, personal_query_row_std=0.0887, readout_query_support_mass=0.0000, personal_student_mix=0.0089, personal_student_adapter=0.0194, local_row_ratio=0.0658, support_density=1.0000, readout_query_delta=0.3906, personal_bad_rows_active=0.00, personal_fallback_rows_active=0.00, personal_bad_row_rate_active=0.0000, personal_padded_rows=0.00, personal_logits_support_absmax=6.6741, personal_query_trust_scale_mean=1.0000, personal_bad_rows_legacy=0.00, personal_fallback_rows_legacy=0.00, personal_logits_absmax_legacy=6.6741
2026-05-06 03:12:22,827 - INFO - [junyi|junyi_abce_best_full|lr=0.003|drop=0.40] [Diag][A] Epoch [006] | entropy_ratio=0.4802, diag_mass=0.1031, to_uniform_l2=0.007961, to_identity_l2=0.034702, relation_identity_delta=0.034702, knowledge_state_graph_delta=0.397724, knowledge_state_personal_delta=0.000000, share_concept_embeddings=True, tau_mean=0.7962, tau_std=0.0000, graph_reg_scale(train/val)=1.0000/1.0000
2026-05-06 03:12:22,827 - WARNING - [junyi|junyi_abce_best_full|lr=0.003|drop=0.40] [Diag Warning][AE] query-readout-overamplified: readout_query_delta=0.390644, query_row_graph_delta=0.390442, personal_matrix_delta=0.045765
2026-05-06 03:12:22,827 - INFO - [junyi|junyi_abce_best_full|lr=0.003|drop=0.40] [Grad Norms] Epoch [006] | relation_emb=4.735344e-01, relation_tau=1.369410e-09, relation_wq=3.056251e-07, relation_wk=2.637266e-07, personal_u=1.764978e-03, personal_v=1.117791e-03, personal_alpha_bias=0.000000e+00, personal_gate_emb=1.246009e-12, personal_gate_state_proj=1.330518e-11, personal_gate_context_proj=3.620003e-11, personal_gate_state_direct=6.758784e-05, personal_gate_id_direct=8.422561e-11, personal_gate_context_direct=1.838887e-04, personal_gate_out=2.008193e-09, personal_generator_emb=1.422041e-15, personal_generator_context_proj=3.931233e-16, personal_generator_context_hidden=3.038083e-17, personal_generator_context_to_u=4.156057e-15, personal_generator_context_to_v=3.075441e-15, personal_generator_state_row=6.360989e-10, personal_generator_state_col=4.951587e-10, personal_generator_id_row=7.963068e-12, personal_generator_id_col=6.023048e-12, personal_generator_state_adapter=1.874114e-16, personal_generator_id_adapter=8.151856e-18, personal_generator_context_adapter=4.836763e-20, personal_generator_direct_scale=3.084800e-08
2026-05-06 03:12:23,620 - INFO - [junyi|junyi_abce_best_full|lr=0.003|drop=0.40] -> New best AUC=0.7970 at epoch 6
2026-05-06 03:12:24,348 - INFO - [junyi|junyi_abce_best_no_A|lr=0.003|drop=0.40] Epoch [005/12] | Train: Loss=0.5505, BCE=0.5490, Reg=0.0015, AUC=0.7572, ACC=0.7188, RMSE=0.4307 | Val: Loss=0.5319, BCE=0.5304, Reg=0.0015, AUC=0.7777, ACC=0.7500, RMSE=0.4190
2026-05-06 03:12:24,348 - INFO - [junyi|junyi_abce_best_no_A|lr=0.003|drop=0.40] [Reg Terms] Epoch [005] | Train: graph_entropy=0.000000, graph_diag=0.000000, graph_uniform=0.000000, graph_reg_scale=1.0000, prediction_l2=0.000000, personal_sparse=0.000000, alpha_var=0.000000, alpha_collapse=0.001510, reg_bce_ratio=0.0028 | Val: graph_entropy=0.000000, graph_diag=0.000000, graph_uniform=0.000000, graph_reg_scale=1.0000, prediction_l2=0.000000, personal_sparse=0.000000, alpha_var=0.000000, alpha_collapse=0.001500, reg_bce_ratio=0.0028
2026-05-06 03:12:24,552 - INFO - [junyi|junyi_abce_best_no_A|lr=0.003|drop=0.40] [Diag][AE] Epoch [005] | irt_abs_mean=1.4030, irt_std=0.8388, personal_warmup_scale=1.00, graph_row_entropy=0.0000, graph_entropy_ratio=0.0000, alpha_mean=0.0447, alpha_std=0.0579, alpha_base_mean=0.0431, alpha_delta_absmean=0.0722, alpha_saturation_ratio=0.0000, alpha_bias_std=NA, alpha_state_path=2.4547, alpha_id_path=0.0000, alpha_bias_path=0.0000, head_bias_path=1.6155, personal_row_entropy=0.0000, personal_matrix_delta=0.0000, personal_matrix_student_std=0.0000, personal_delta_pre_softmax_norm=0.0000, personal_delta_student_std=0.0000, alpha_head_std=0.0447, query_row_global_readout_delta=0.0000, query_row_personal_message_delta=0.0000, query_row_posterior_delta_abs=0.0000, query_row_posterior_kl=0.0000, query_row_delta_local_rms_raw=0.0000, query_row_message_projection_gain=0.0000, personal_to_graph_query_ratio=0.0000, query_row_global_support_mass=0.0000, query_row_personal_support_mass=0.0000, neighbor_row_personal_delta=0.0000, personal_row_budget_mean=1.3000, personal_query_row_std=0.0000, readout_query_support_mass=0.0000, personal_student_mix=0.0081, personal_student_adapter=0.0181, local_row_ratio=0.0014, support_density=1.0000, readout_query_delta=0.0000, personal_bad_rows_active=0.00, personal_fallback_rows_active=0.00, personal_bad_row_rate_active=0.0000, personal_padded_rows=0.00, personal_logits_support_absmax=0.0000, personal_query_trust_scale_mean=1.0000, personal_bad_rows_legacy=0.00, personal_fallback_rows_legacy=0.00, personal_logits_absmax_legacy=0.0000
2026-05-06 03:12:24,552 - INFO - [junyi|junyi_abce_best_no_A|lr=0.003|drop=0.40] [Diag][A] Epoch [005] | entropy_ratio=0.0000, diag_mass=1.0000, to_uniform_l2=0.037851, to_identity_l2=0.000000, relation_identity_delta=0.000000, knowledge_state_graph_delta=0.000000, knowledge_state_personal_delta=0.000000, share_concept_embeddings=True, tau_mean=0.0000, tau_std=0.0000, graph_reg_scale(train/val)=1.0000/1.0000
2026-05-06 03:12:24,552 - WARNING - [junyi|junyi_abce_best_no_A|lr=0.003|drop=0.40] [Diag Warning][E] personal_delta_student_std is near zero: personal_delta_student_std=0.000000, personal_delta_pre_softmax_norm=0.000000
2026-05-06 03:12:24,552 - WARNING - [junyi|junyi_abce_best_no_A|lr=0.003|drop=0.40] [Diag Warning][E] E-flat-at-query: personal_message=0.000000, posterior_delta=0.000000, posterior_kl=0.000000
2026-05-06 03:12:24,553 - INFO - [junyi|junyi_abce_best_no_A|lr=0.003|drop=0.40] [Grad Norms] Epoch [005] | relation_emb=0.000000e+00, relation_tau=0.000000e+00, relation_wq=0.000000e+00, relation_wk=0.000000e+00, personal_u=0.000000e+00, personal_v=0.000000e+00, personal_alpha_bias=0.000000e+00, personal_gate_emb=0.000000e+00, personal_gate_state_proj=0.000000e+00, personal_gate_context_proj=0.000000e+00, personal_gate_state_direct=0.000000e+00, personal_gate_id_direct=0.000000e+00, personal_gate_context_direct=0.000000e+00, personal_gate_out=0.000000e+00, personal_generator_emb=0.000000e+00, personal_generator_context_proj=0.000000e+00, personal_generator_context_hidden=0.000000e+00, personal_generator_context_to_u=0.000000e+00, personal_generator_context_to_v=0.000000e+00, personal_generator_state_row=0.000000e+00, personal_generator_state_col=0.000000e+00, personal_generator_id_row=0.000000e+00, personal_generator_id_col=0.000000e+00, personal_generator_state_adapter=0.000000e+00, personal_generator_id_adapter=0.000000e+00, personal_generator_context_adapter=0.000000e+00, personal_generator_direct_scale=0.000000e+00
2026-05-06 03:12:24,553 - INFO - [junyi|junyi_abce_best_no_A|lr=0.003|drop=0.40] -> No improvement 2 epoch(s) (best AUC=0.8143 @ 3)
2026-05-06 03:12:24,553 - INFO - [junyi|junyi_abce_best_no_A|lr=0.003|drop=0.40] Early stopping at epoch 5 (best AUC=0.8143 @ 3)
2026-05-06 03:12:24,557 - INFO - Epoch-wise metrics saved to checkpoints/abce_diag/remote_writer_residual_matched_probe_20260506_a5a38c6/junyi/seed42/best_no_A/metrics_history.csv
2026-05-06 03:12:24,558 - INFO - [junyi|junyi_abce_best_no_A|lr=0.003|drop=0.40] Training completed! Best Val AUC=0.8143 @ epoch 3
2026-05-06 03:12:24,921 - INFO - 
============================================================
         MODULE ACTIVITY REPORT
============================================================
Dataset: junyi | Seed: 42 | Epoch: 5

1. Concept Graph Module (A):
   - Status: DISABLED (use_concept_graph=False or no_A)

2. Personal Graph Module (E):
   - Alpha mean: 0.043
   - Alpha std: 0.057
   - Alpha bias std: 0.000
   - Personal/global delta: 0.0000
   - Inter-student matrix std: 0.0000
   - Query personal message delta: 0.0000
   - Query posterior KL: 0.0000
   - Query message projection gain: 0.0000
   - Query message alignment: 0.0000
   - Query self support mass: 1.0000
   - Query graph support mass: 0.0000
   - Query personal std: 0.0000
   - Personal/global query ratio: 0.0000
   - Status: INACTIVE

------------------------------------------------------------
SUMMARY:
   Inactive modules: Personal Graph (E)
============================================================
2026-05-06 03:12:24,921 - INFO - [junyi|junyi_abce_best_no_A|lr=0.003|drop=0.40] Module activity saved to checkpoints/abce_diag/remote_writer_residual_matched_probe_20260506_a5a38c6/junyi/seed42/best_no_A/module_activity.json
[GPU] Status: [GPU 2: 22359MiB free]
2026-05-06 03:12:24,972 - INFO - Using device: cuda:0 (physical gpu 2)
2026-05-06 03:12:24,972 - INFO - Loading model from checkpoints/abce_diag/remote_writer_residual_matched_probe_20260506_a5a38c6/junyi/seed42/best_no_A/best_model.pth...
2026-05-06 03:12:25,098 - INFO - [Inference Filter] before=67063, after=60494, dropped=6569, coverage=90.20% (train-only seen student/item support)
2026-05-06 03:12:25,120 - INFO - Inference switches: ablate_module1=False | enable_module1=True | use_concept_graph=False | effective(num_gnn_layers=2)
2026-05-06 03:12:25,245 - INFO - [Inference] Ablation runtime check: args(ablate_module1=False) | expect(use_concept_graph=False,use_personal_graph=True) | model(enable_module1=True,use_concept_graph=False,use_personal_graph=True) | physical(has_knowledge_encoder=True,has_relation_learning=False,has_adaptive_gate=True,has_personal_generator=True)
2026-05-06 03:12:25,246 - INFO - [Inference] [Graph Init] graph_tau_mean=0.0000, graph_tau_std=0.0000, graph_dropout=0.000, use_personal_graph=True
2026-05-06 03:12:25,248 - INFO - Model loaded from epoch 3. Start testing...
2026-05-06 03:12:25,572 - INFO - 
==================================================
2026-05-06 03:12:25,573 - INFO - Test Results:
2026-05-06 03:12:25,573 - INFO - AUC: 0.7758
2026-05-06 03:12:25,573 - INFO - ACC: 0.7318
2026-05-06 03:12:25,573 - INFO - RMSE: 0.4201
2026-05-06 03:12:25,573 - INFO - ==================================================
2026-05-06 03:12:25,596 - INFO - Summary appended to /home/zsh/ConceptSkillCDM/results/experiment_results.csv
2026-05-06 03:12:25,598 - INFO - Run completed.
2026-05-06 03:12:25,598 - INFO - Best validation AUC: 0.8143 at epoch 3
2026-05-06 03:12:25,598 - INFO - Test metrics - AUC: 0.7758, ACC: 0.7318, RMSE: 0.4201
2026-05-06 03:12:26,149 - INFO - [junyi|junyi_abce_best_full|lr=0.003|drop=0.40] Epoch [007/12] | Train: Loss=0.5709, BCE=0.5498, Reg=0.0211, AUC=0.7500, ACC=0.7161, RMSE=0.4305 | Val: Loss=0.5277, BCE=0.5068, Reg=0.0209, AUC=0.8044, ACC=0.7682, RMSE=0.4072
2026-05-06 03:12:26,149 - INFO - [junyi|junyi_abce_best_full|lr=0.003|drop=0.40] [Reg Terms] Epoch [007] | Train: graph_entropy=0.000000, graph_diag=0.012199, graph_uniform=0.006723, graph_reg_scale=1.0000, prediction_l2=0.000000, personal_sparse=0.001177, alpha_var=0.000000, alpha_collapse=0.000005, reg_bce_ratio=0.0384 | Val: graph_entropy=0.000000, graph_diag=0.012011, graph_uniform=0.006724, graph_reg_scale=1.0000, prediction_l2=0.000000, personal_sparse=0.001194, alpha_var=0.000000, alpha_collapse=0.000000, reg_bce_ratio=0.0412
2026-05-06 03:12:26,375 - INFO - [junyi|junyi_abce_best_full|lr=0.003|drop=0.40] [Diag][AE] Epoch [007] | irt_abs_mean=1.3957, irt_std=1.0925, personal_warmup_scale=1.00, graph_row_entropy=3.1469, graph_entropy_ratio=0.4807, alpha_mean=0.0517, alpha_std=0.0488, alpha_base_mean=0.0444, alpha_delta_absmean=0.0488, alpha_saturation_ratio=0.0000, alpha_bias_std=NA, alpha_state_path=1.1101, alpha_id_path=0.0000, alpha_bias_path=0.0000, head_bias_path=1.5805, personal_row_entropy=2.3884, personal_matrix_delta=0.0448, personal_matrix_student_std=0.0477, personal_delta_pre_softmax_norm=2.7512, personal_delta_student_std=2.7052, alpha_head_std=0.0486, query_row_global_readout_delta=0.2454, query_row_personal_message_delta=0.0004, query_row_posterior_delta_abs=0.0448, query_row_posterior_kl=0.0322, query_row_delta_local_rms_raw=0.0174, query_row_message_projection_gain=0.3876, personal_to_graph_query_ratio=0.0018, query_row_global_support_mass=0.0000, query_row_personal_support_mass=2.3730, neighbor_row_personal_delta=0.0000, personal_row_budget_mean=1.3000, personal_query_row_std=0.0770, readout_query_support_mass=0.0000, personal_student_mix=0.0097, personal_student_adapter=0.0207, local_row_ratio=0.0660, support_density=1.0000, readout_query_delta=0.2453, personal_bad_rows_active=0.00, personal_fallback_rows_active=0.00, personal_bad_row_rate_active=0.0000, personal_padded_rows=0.00, personal_logits_support_absmax=6.7198, personal_query_trust_scale_mean=1.0000, personal_bad_rows_legacy=0.00, personal_fallback_rows_legacy=0.00, personal_logits_absmax_legacy=6.7198
2026-05-06 03:12:26,376 - INFO - [junyi|junyi_abce_best_full|lr=0.003|drop=0.40] [Diag][A] Epoch [007] | entropy_ratio=0.4807, diag_mass=0.1001, to_uniform_l2=0.007927, to_identity_l2=0.034820, relation_identity_delta=0.034820, knowledge_state_graph_delta=0.384125, knowledge_state_personal_delta=0.000000, share_concept_embeddings=True, tau_mean=0.7751, tau_std=0.0000, graph_reg_scale(train/val)=1.0000/1.0000
2026-05-06 03:12:26,376 - WARNING - [junyi|junyi_abce_best_full|lr=0.003|drop=0.40] [Diag Warning][AE] query-readout-overamplified: readout_query_delta=0.245278, query_row_graph_delta=0.245425, personal_matrix_delta=0.044825
2026-05-06 03:12:26,376 - INFO - [junyi|junyi_abce_best_full|lr=0.003|drop=0.40] [Grad Norms] Epoch [007] | relation_emb=4.192822e-01, relation_tau=3.258049e-10, relation_wq=1.508464e-07, relation_wk=1.075448e-07, personal_u=3.013032e-03, personal_v=1.309530e-03, personal_alpha_bias=0.000000e+00, personal_gate_emb=2.714784e-11, personal_gate_state_proj=8.811518e-11, personal_gate_context_proj=1.588654e-10, personal_gate_state_direct=4.259904e-03, personal_gate_id_direct=8.561108e-10, personal_gate_context_direct=7.678930e-03, personal_gate_out=4.950094e-08, personal_generator_emb=2.622047e-16, personal_generator_context_proj=9.441898e-18, personal_generator_context_hidden=1.133636e-18, personal_generator_context_to_u=6.077744e-16, personal_generator_context_to_v=4.175983e-16, personal_generator_state_row=1.579819e-10, personal_generator_state_col=9.811873e-11, personal_generator_id_row=3.569337e-12, personal_generator_id_col=2.567566e-12, personal_generator_state_adapter=7.750647e-17, personal_generator_id_adapter=2.474097e-18, personal_generator_context_adapter=7.676171e-22, personal_generator_direct_scale=5.999872e-09
2026-05-06 03:12:27,215 - INFO - [junyi|junyi_abce_best_full|lr=0.003|drop=0.40] -> New best AUC=0.8044 at epoch 7
2026-05-06 03:12:28,837 - INFO - [junyi] [数据清洗] Valid train-seen 过滤：before=22111, after=22111, dropped=0, coverage=100.00%
2026-05-06 03:12:28,845 - INFO - [junyi] [数据清洗] Test train-seen 过滤：before=60499, after=60494, dropped=5, coverage=99.99%
2026-05-06 03:12:28,849 - INFO - [junyi] [统计] 开始统计清洗后每道题的概念数量分布...
2026-05-06 03:12:28,852 - INFO - [junyi] [Train] 概念数统计：题目数=697, 平均概念数=1.0000, min=1, max=1, 1概念=697 (100.00%), ≥2概念=0 (0.00%)
2026-05-06 03:12:28,852 - INFO - [junyi] [Train] 概念数直方图（概念数: 题目数量）: {1: 697}
2026-05-06 03:12:28,852 - INFO - [junyi] [Valid] 概念数统计：题目数=614, 平均概念数=1.0000, min=1, max=1, 1概念=614 (100.00%), ≥2概念=0 (0.00%)
2026-05-06 03:12:28,852 - INFO - [junyi] [Valid] 概念数直方图（概念数: 题目数量）: {1: 614}
2026-05-06 03:12:28,853 - INFO - [junyi] [Test] 概念数统计：题目数=663, 平均概念数=1.0000, min=1, max=1, 1概念=663 (100.00%), ≥2概念=0 (0.00%)
2026-05-06 03:12:28,853 - INFO - [junyi] [Test] 概念数直方图（概念数: 题目数量）: {1: 663}
2026-05-06 03:12:28,853 - INFO - [junyi] [统计] 概念数量统计完成。
2026-05-06 03:12:28,853 - INFO - [junyi] 正在加载数据集...
2026-05-06 03:12:28,937 - INFO - [junyi|junyi_abce_best_no_E|lr=0.003|drop=0.40] Train samples: 235446, Val samples: 22111
2026-05-06 03:12:28,937 - INFO - [junyi|junyi_abce_best_no_E|lr=0.003|drop=0.40] Number of students: 7812
2026-05-06 03:12:28,937 - INFO - [junyi|junyi_abce_best_no_E|lr=0.003|drop=0.40] Number of exercises: 697
2026-05-06 03:12:28,937 - INFO - [junyi|junyi_abce_best_no_E|lr=0.003|drop=0.40] Number of concepts: 697
2026-05-06 03:12:28,937 - INFO - [junyi|junyi_abce_best_no_E|lr=0.003|drop=0.40] Creating model...
2026-05-06 03:12:28,937 - INFO - [junyi|junyi_abce_best_no_E|lr=0.003|drop=0.40] Ablation switches: ablate_module1=False | enable_module1=True | use_concept_graph=True | effective(num_gnn_layers=2)
2026-05-06 03:12:29,098 - INFO - [junyi|junyi_abce_best_no_E|lr=0.003|drop=0.40] Ablation runtime check: args(ablate_module1=False) | expect(use_concept_graph=True,use_personal_graph=False) | model(enable_module1=True,use_concept_graph=True,use_personal_graph=False) | physical(has_knowledge_encoder=True,has_relation_learning=True,has_adaptive_gate=False,has_personal_generator=False)
2026-05-06 03:12:29,098 - INFO - [junyi|junyi_abce_best_no_E|lr=0.003|drop=0.40] Debug diagnostics enabled: diag_batches=1
2026-05-06 03:12:29,120 - INFO - [junyi|junyi_abce_best_no_E|lr=0.003|drop=0.40] [Graph Init] graph_tau_mean=1.0055, graph_tau_std=0.0000, graph_dropout=0.000, use_personal_graph=False
2026-05-06 03:12:29,121 - INFO - [junyi|junyi_abce_best_no_E|lr=0.003|drop=0.40] Total parameters: 1,610,467
2026-05-06 03:12:29,121 - INFO - [junyi|junyi_abce_best_no_E|lr=0.003|drop=0.40] Trainable parameters: 1,610,467
[DONE] dataset=junyi seed=42 profile=best ablation=no_A exit=0 auc=0.7757896994393211
[PLAN] dataset=junyi seed=42 profile=best ablation=no_E_bs64 gpu=2
       CMD: /home/zsh/anaconda3/envs/xph_env/bin/python main.py --dataset_name junyi --model_variant junyi_abce_best_no_E_bs64 --save_dir checkpoints/abce_diag/remote_writer_residual_matched_probe_20260506_a5a38c6/junyi/seed42/best_no_E_bs64 --log_dir logs/abce_diag/remote_writer_residual_matched_probe_20260506_a5a38c6/junyi/seed42/best_no_E_bs64 --seed 42 --generate_diagnosis False --alpha_min_target 0.0 --batch_size 64 --debug_graph_diag --diag_batches 1 --dropout 0.4 --early_stop_patience 2 --epochs 12 --graph_dropout 0.0 --graph_edge_bias_rank 8 --graph_entropy_max 0.7 --graph_entropy_min 0.15 --graph_headwise_query_gate --graph_identity_residual 0.05 --graph_propagation_alpha 0.25 --graph_query_adapter_enable --graph_query_readout_2hop_scale 0.12 --graph_query_readout_scale 0.45 --graph_reg_cap_ratio 6.0 --graph_reg_warmup_epochs 2 --graph_tau_init 0.55 --graph_topk 24 --graph_uniform_margin 0.12 --knowledge_dim 128 --lambda_alpha 0.0 --lambda_alpha_min 0.0 --lambda_graph_diag 0.12 --lambda_graph_uniform 0.06 --lambda_personal_kl 0.03 --lambda_personal_query_residual 0.08 --lambda_sparse 0.6 --lambda_sparse_personal 0.0 --learning_rate 0.003 --max_test_batches 6 --max_train_batches 24 --max_val_batches 6 --min_exer_interactions 0 --min_poison_count 0 --min_stu_interactions 15 --num_gnn_layers 2 --num_relation_heads 2 --num_workers 4 --patience 1 --personal_alpha_base_init 0.04 --personal_alpha_bias_scale 0.0 --personal_alpha_budget 0.09 --personal_alpha_temperature 1.8 --personal_delta_scale 4.0 --personal_disable_student_global_context --personal_id_lr_mult 0.25 --no-personal_include_neighbor_rows --personal_local_hops 1 --personal_max_alpha 0.26 --personal_message_alignment_gate --personal_neighbor_row_budget 0.2 --personal_projection_hidden_factor 2 --personal_query_correction_max_ratio 0.2 --personal_query_correction_min_graph_anchor 0.01 --personal_query_correction_scale 0.6 --personal_query_message_gain 1.0 --personal_query_residual_margin 0.05 --personal_query_row_budget 1.3 --personal_query_support_hops 1 --personal_rank 8 --personal_reg_warmup_epochs 5 --personal_state_lr_mult 1.5 --personal_student_dim 64 --personal_support_include_graph --personal_support_include_query_self --personal_support_only --personal_value_use_global_basis --personal_warmup_epochs 5 --prediction_l2_lambda 1e-05 --save_interval 10 --share_concept_embeddings --no-use_personal_graph --weight_decay 0.001
2026-05-06 03:12:29,763 - INFO - [junyi|junyi_abce_best_full|lr=0.003|drop=0.40] Epoch [008/12] | Train: Loss=0.5559, BCE=0.5351, Reg=0.0208, AUC=0.7799, ACC=0.7383, RMSE=0.4229 | Val: Loss=0.5391, BCE=0.5185, Reg=0.0206, AUC=0.7940, ACC=0.7708, RMSE=0.4087
2026-05-06 03:12:29,764 - INFO - [junyi|junyi_abce_best_full|lr=0.003|drop=0.40] [Reg Terms] Epoch [008] | Train: graph_entropy=0.000000, graph_diag=0.011851, graph_uniform=0.006725, graph_reg_scale=1.0000, prediction_l2=0.000000, personal_sparse=0.001174, alpha_var=0.000000, alpha_collapse=0.000001, reg_bce_ratio=0.0388 | Val: graph_entropy=0.000000, graph_diag=0.011681, graph_uniform=0.006726, graph_reg_scale=1.0000, prediction_l2=0.000000, personal_sparse=0.001162, alpha_var=0.000000, alpha_collapse=0.000000, reg_bce_ratio=0.0397
2026-05-06 03:12:29,951 - INFO - [junyi|junyi_abce_best_no_E|lr=0.003|drop=0.40] Optimizer param groups: backbone@lr=0.003, personal_state@lr=0.0045
2026-05-06 03:12:29,951 - INFO - [junyi|junyi_abce_best_no_E|lr=0.003|drop=0.40] Monitor config: scheduler=val_auc(max), best_checkpoint=val_auc(max), early_stop=val_auc(max)
2026-05-06 03:12:29,951 - INFO - [junyi|junyi_abce_best_no_E|lr=0.003|drop=0.40] Starting training...
2026-05-06 03:12:29,964 - INFO - [junyi|junyi_abce_best_full|lr=0.003|drop=0.40] [Diag][AE] Epoch [008] | irt_abs_mean=1.7644, irt_std=1.1922, personal_warmup_scale=1.00, graph_row_entropy=3.1495, graph_entropy_ratio=0.4811, alpha_mean=0.0499, alpha_std=0.0488, alpha_base_mean=0.0450, alpha_delta_absmean=0.0496, alpha_saturation_ratio=0.0000, alpha_bias_std=NA, alpha_state_path=1.1254, alpha_id_path=0.0000, alpha_bias_path=0.0000, head_bias_path=1.5632, personal_row_entropy=2.3411, personal_matrix_delta=0.0459, personal_matrix_student_std=0.0512, personal_delta_pre_softmax_norm=2.6659, personal_delta_student_std=2.6287, alpha_head_std=0.0487, query_row_global_readout_delta=0.3032, query_row_personal_message_delta=0.0003, query_row_posterior_delta_abs=0.0459, query_row_posterior_kl=0.0342, query_row_delta_local_rms_raw=0.0127, query_row_message_projection_gain=0.2768, personal_to_graph_query_ratio=0.0009, query_row_global_support_mass=0.0000, query_row_personal_support_mass=2.4170, neighbor_row_personal_delta=0.0000, personal_row_budget_mean=1.3000, personal_query_row_std=0.1129, readout_query_support_mass=0.0000, personal_student_mix=0.0106, personal_student_adapter=0.0220, local_row_ratio=0.0662, support_density=1.0000, readout_query_delta=0.3032, personal_bad_rows_active=0.00, personal_fallback_rows_active=0.00, personal_bad_row_rate_active=0.0000, personal_padded_rows=0.00, personal_logits_support_absmax=6.7661, personal_query_trust_scale_mean=1.0000, personal_bad_rows_legacy=0.00, personal_fallback_rows_legacy=0.00, personal_logits_absmax_legacy=6.7661
2026-05-06 03:12:29,964 - INFO - [junyi|junyi_abce_best_full|lr=0.003|drop=0.40] [Diag][A] Epoch [008] | entropy_ratio=0.4811, diag_mass=0.0973, to_uniform_l2=0.007897, to_identity_l2=0.034926, relation_identity_delta=0.034926, knowledge_state_graph_delta=0.375381, knowledge_state_personal_delta=0.000000, share_concept_embeddings=True, tau_mean=0.7574, tau_std=0.0000, graph_reg_scale(train/val)=1.0000/1.0000
2026-05-06 03:12:29,964 - WARNING - [junyi|junyi_abce_best_full|lr=0.003|drop=0.40] [Diag Warning][AE] query-readout-overamplified: readout_query_delta=0.303174, query_row_graph_delta=0.303203, personal_matrix_delta=0.045899
2026-05-06 03:12:29,964 - INFO - [junyi|junyi_abce_best_full|lr=0.003|drop=0.40] [Grad Norms] Epoch [008] | relation_emb=4.079552e-01, relation_tau=5.496702e-11, relation_wq=6.105625e-08, relation_wk=4.734824e-08, personal_u=1.211894e-03, personal_v=1.368904e-03, personal_alpha_bias=0.000000e+00, personal_gate_emb=1.242841e-13, personal_gate_state_proj=3.353686e-14, personal_gate_context_proj=9.726268e-14, personal_gate_state_direct=2.615160e-05, personal_gate_id_direct=2.798755e-11, personal_gate_context_direct=7.215674e-05, personal_gate_out=1.296946e-10, personal_generator_emb=9.075777e-17, personal_generator_context_proj=1.200572e-18, personal_generator_context_hidden=1.090620e-19, personal_generator_context_to_u=1.634976e-16, personal_generator_context_to_v=2.169145e-16, personal_generator_state_row=2.877602e-11, personal_generator_state_col=4.277008e-11, personal_generator_id_row=3.007331e-12, personal_generator_id_col=3.842815e-12, personal_generator_state_adapter=3.139205e-19, personal_generator_id_adapter=2.056288e-19, personal_generator_context_adapter=5.644055e-23, personal_generator_direct_scale=6.749756e-09
2026-05-06 03:12:29,964 - INFO - [junyi|junyi_abce_best_full|lr=0.003|drop=0.40] -> No improvement 1 epoch(s) (best AUC=0.8044 @ 7)
2026-05-06 03:12:32,121 - INFO - Arguments:
2026-05-06 03:12:32,121 - INFO -   ablate_concept_graph: False
2026-05-06 03:12:32,122 - INFO -   ablate_module1: False
2026-05-06 03:12:32,122 - INFO -   allow_self_loop: True
2026-05-06 03:12:32,122 - INFO -   alpha_min_target: 0.0
2026-05-06 03:12:32,122 - INFO -   batch_size: 64
2026-05-06 03:12:32,122 - INFO -   data_dir: ./data/junyi
2026-05-06 03:12:32,122 - INFO -   dataset_name: junyi
2026-05-06 03:12:32,122 - INFO -   debug_graph_diag: True
2026-05-06 03:12:32,122 - INFO -   diag_batches: 1
2026-05-06 03:12:32,122 - INFO -   disable_self_loop: False
2026-05-06 03:12:32,122 - INFO -   dropout: 0.4
2026-05-06 03:12:32,122 - INFO -   early_stop_patience: 2
2026-05-06 03:12:32,122 - INFO -   enable_module1: True
2026-05-06 03:12:32,122 - INFO -   epochs: 12
2026-05-06 03:12:32,122 - INFO -   generate_diagnosis: False
2026-05-06 03:12:32,122 - INFO -   gnn_residual_weight: 0.5
2026-05-06 03:12:32,122 - INFO -   gpu_candidates: None
2026-05-06 03:12:32,122 - INFO -   gpu_ids: None
2026-05-06 03:12:32,122 - INFO -   gpu_memory_threshold: 2000
2026-05-06 03:12:32,122 - INFO -   gpus: None
2026-05-06 03:12:32,122 - INFO -   graph_dropout: 0.0
2026-05-06 03:12:32,122 - INFO -   graph_edge_bias_rank: 8
2026-05-06 03:12:32,122 - INFO -   graph_entropy_max: 0.7
2026-05-06 03:12:32,122 - INFO -   graph_entropy_min: 0.15
2026-05-06 03:12:32,122 - INFO -   graph_headwise_query_gate: True
2026-05-06 03:12:32,122 - INFO -   graph_identity_residual: 0.05
2026-05-06 03:12:32,122 - INFO -   graph_propagation_alpha: 0.25
2026-05-06 03:12:32,122 - INFO -   graph_query_adapter_enable: True
2026-05-06 03:12:32,122 - INFO -   graph_query_readout_2hop_scale: 0.12
2026-05-06 03:12:32,122 - INFO -   graph_query_readout_scale: 0.45
2026-05-06 03:12:32,122 - INFO -   graph_query_writeback_2hop_scale: 0.12
2026-05-06 03:12:32,122 - INFO -   graph_query_writeback_scale: 0.45
2026-05-06 03:12:32,123 - INFO -   graph_readout_1hop_scale: 0.45
2026-05-06 03:12:32,123 - INFO -   graph_readout_2hop_scale: 0.12
2026-05-06 03:12:32,123 - INFO -   graph_reg_cap_ratio: 6.0
2026-05-06 03:12:32,123 - INFO -   graph_reg_warmup_epochs: 2
2026-05-06 03:12:32,123 - INFO -   graph_tau_init: 0.55
2026-05-06 03:12:32,123 - INFO -   graph_topk: 24
2026-05-06 03:12:32,123 - INFO -   graph_uniform_margin: 0.12
2026-05-06 03:12:32,123 - INFO -   knowledge_dim: 128
2026-05-06 03:12:32,123 - INFO -   lambda_alpha: 0.0
2026-05-06 03:12:32,123 - INFO -   lambda_alpha_min: 0.0
2026-05-06 03:12:32,123 - INFO -   lambda_graph_diag: 0.12
2026-05-06 03:12:32,123 - INFO -   lambda_graph_uniform: 0.06
2026-05-06 03:12:32,123 - INFO -   lambda_personal_kl: 0.03
2026-05-06 03:12:32,123 - INFO -   lambda_personal_query_residual: 0.08
2026-05-06 03:12:32,123 - INFO -   lambda_sparse: 0.6
2026-05-06 03:12:32,123 - INFO -   lambda_sparse_personal: 0.0
2026-05-06 03:12:32,123 - INFO -   learning_rate: 0.003
2026-05-06 03:12:32,123 - INFO -   log_dir: logs/abce_diag/remote_writer_residual_matched_probe_20260506_a5a38c6/junyi/seed42/best_no_E_bs64
2026-05-06 03:12:32,123 - INFO -   max_test_batches: 6
2026-05-06 03:12:32,123 - INFO -   max_train_batches: 24
2026-05-06 03:12:32,123 - INFO -   max_val_batches: 6
2026-05-06 03:12:32,123 - INFO -   min_exer_interactions: 0
2026-05-06 03:12:32,123 - INFO -   min_poison_count: 0
2026-05-06 03:12:32,123 - INFO -   min_stu_interactions: 15
2026-05-06 03:12:32,123 - INFO -   model_variant: junyi_abce_best_no_E_bs64
2026-05-06 03:12:32,123 - INFO -   multi_gpu: False
2026-05-06 03:12:32,123 - INFO -   no_cuda: False
2026-05-06 03:12:32,123 - INFO -   num_gnn_layers: 2
2026-05-06 03:12:32,123 - INFO -   num_gpus: 1
2026-05-06 03:12:32,123 - INFO -   num_relation_heads: 2
2026-05-06 03:12:32,123 - INFO -   num_workers: 4
2026-05-06 03:12:32,123 - INFO -   patience: 1
2026-05-06 03:12:32,124 - INFO -   personal_alpha_base_init: 0.04
2026-05-06 03:12:32,124 - INFO -   personal_alpha_bias_scale: 0.0
2026-05-06 03:12:32,124 - INFO -   personal_alpha_budget: 0.09
2026-05-06 03:12:32,124 - INFO -   personal_alpha_temperature: 1.8
2026-05-06 03:12:32,124 - INFO -   personal_delta_scale: 4.0
2026-05-06 03:12:32,124 - INFO -   personal_disable_student_global_context: True
2026-05-06 03:12:32,124 - INFO -   personal_id_lr_mult: 0.25
2026-05-06 03:12:32,124 - INFO -   personal_include_neighbor_rows: False
2026-05-06 03:12:32,124 - INFO -   personal_local_hops: 1
2026-05-06 03:12:32,124 - INFO -   personal_max_alpha: 0.26
2026-05-06 03:12:32,124 - INFO -   personal_message_alignment_gate: True
2026-05-06 03:12:32,124 - INFO -   personal_neighbor_row_budget: 0.2
2026-05-06 03:12:32,124 - INFO -   personal_projection_hidden_factor: 2
2026-05-06 03:12:32,124 - INFO -   personal_query_correction_max_ratio: 0.2
2026-05-06 03:12:32,124 - INFO -   personal_query_correction_min_graph_anchor: 0.01
2026-05-06 03:12:32,124 - INFO -   personal_query_correction_scale: 0.6
2026-05-06 03:12:32,124 - INFO -   personal_query_message_gain: 1.0
2026-05-06 03:12:32,124 - INFO -   personal_query_residual_margin: 0.05
2026-05-06 03:12:32,124 - INFO -   personal_query_row_budget: 1.3
2026-05-06 03:12:32,124 - INFO -   personal_query_support_hops: 1
2026-05-06 03:12:32,124 - INFO -   personal_rank: 8
2026-05-06 03:12:32,124 - INFO -   personal_reg_warmup_epochs: 5
2026-05-06 03:12:32,124 - INFO -   personal_state_lr_mult: 1.5
2026-05-06 03:12:32,124 - INFO -   personal_student_dim: 64
2026-05-06 03:12:32,124 - INFO -   personal_support_include_graph: True
2026-05-06 03:12:32,124 - INFO -   personal_support_include_neighbors: False
2026-05-06 03:12:32,124 - INFO -   personal_support_include_query_self: True
2026-05-06 03:12:32,124 - INFO -   personal_support_only: True
2026-05-06 03:12:32,124 - INFO -   personal_value_use_global_basis: True
2026-05-06 03:12:32,124 - INFO -   personal_warmup_epochs: 5
2026-05-06 03:12:32,124 - INFO -   prediction_l2_lambda: 1e-05
2026-05-06 03:12:32,124 - INFO -   save_dir: checkpoints/abce_diag/remote_writer_residual_matched_probe_20260506_a5a38c6/junyi/seed42/best_no_E_bs64
2026-05-06 03:12:32,125 - INFO -   save_interval: 10
2026-05-06 03:12:32,125 - INFO -   seed: 42
2026-05-06 03:12:32,125 - INFO -   share_concept_embeddings: True
2026-05-06 03:12:32,125 - INFO -   use_concept_graph: True
2026-05-06 03:12:32,125 - INFO -   use_exercise_graph: True
2026-05-06 03:12:32,125 - INFO -   use_personal_graph: False
2026-05-06 03:12:32,125 - INFO -   weight_decay: 0.001
[GPU] Status: [GPU 2: 24088MiB free]
2026-05-06 03:12:32,212 - INFO - Using device: cuda:0 (physical gpu 2)
2026-05-06 03:12:32,212 - INFO - [junyi|junyi_abce_best_no_E_bs64|lr=0.003|drop=0.40] Loading datasets...
2026-05-06 03:12:32,213 - INFO - [junyi|junyi_abce_best_no_E_bs64|lr=0.003|drop=0.40] Regularization: graph_entropy(lambda_sparse)=0.600000, graph_diag=0.120000, graph_uniform=0.060000, personal_sparse=0.000000, personal_kl=0.030000, personal_query_residual=0.080000, alpha_penalty=0.000000, alpha_min=0.000000, prediction_l2=0.000010
2026-05-06 03:12:32,213 - INFO - [junyi|junyi_abce_best_no_E_bs64|lr=0.003|drop=0.40] Graph controls: entropy_band=[0.15, 0.70], uniform_margin=0.12, warmup_epochs=2, cap_ratio=6.00, graph_dropout=0.000, graph_tau_init=0.550
2026-05-06 03:12:32,213 - INFO - [junyi|junyi_abce_best_no_E_bs64|lr=0.003|drop=0.40] Personal controls: personal_max_alpha=0.260, personal_delta_scale=4.000, personal_warmup_epochs=5, personal_student_dim=64, alpha_min_target=0.0000, personal_local_hops=1, include_neighbor_rows=False, personal_support_only=True, personal_alpha_temperature=1.800, personal_alpha_budget=0.090, personal_query_row_budget=1.300, personal_neighbor_row_budget=0.200, personal_query_support_hops=1, personal_query_message_gain=1.000, personal_query_correction_scale=0.600, personal_state_lr_mult=1.500, personal_id_lr_mult=0.250, graph_propagation_alpha=0.250, graph_query_readout_scale=0.450, graph_query_readout_2hop_scale=0.120
2026-05-06 03:12:32,322 - INFO - [junyi] [数据清洗] 学生交互次数 < 15 次的学生：共移除 2188 个学生（仅统计用户数）
2026-05-06 03:12:32,339 - INFO - [junyi] [数据清洗] 学生冷启动过滤：在 train/valid/test 中共删除 35779 条记录。
2026-05-06 03:12:32,339 - INFO - [junyi] [数据清洗] 跳过题目冷门过滤（min_exer_interactions <= 0）。
2026-05-06 03:12:32,339 - INFO - [junyi] [数据清洗] 跳过毒题清洗（min_poison_count <= 0）。
2026-05-06 03:12:32,339 - INFO - [junyi] 正在构建ID映射...
2026-05-06 03:12:32,470 - INFO - [junyi|junyi_abce_best_full|lr=0.003|drop=0.40] Epoch [009/12] | Train: Loss=0.5739, BCE=0.5534, Reg=0.0205, AUC=0.7620, ACC=0.7174, RMSE=0.4323 | Val: Loss=0.5210, BCE=0.5007, Reg=0.0203, AUC=0.8035, ACC=0.7708, RMSE=0.4049
2026-05-06 03:12:32,471 - INFO - [junyi|junyi_abce_best_full|lr=0.003|drop=0.40] [Reg Terms] Epoch [009] | Train: graph_entropy=0.000000, graph_diag=0.011535, graph_uniform=0.006727, graph_reg_scale=1.0000, prediction_l2=0.000000, personal_sparse=0.001175, alpha_var=0.000000, alpha_collapse=0.000003, reg_bce_ratio=0.0370 | Val: graph_entropy=0.000000, graph_diag=0.011381, graph_uniform=0.006728, graph_reg_scale=1.0000, prediction_l2=0.000000, personal_sparse=0.001148, alpha_var=0.000000, alpha_collapse=0.000000, reg_bce_ratio=0.0405
2026-05-06 03:12:32,560 - INFO - [junyi] 正在构建Q矩阵...
2026-05-06 03:12:32,671 - INFO - [junyi|junyi_abce_best_full|lr=0.003|drop=0.40] [Diag][AE] Epoch [009] | irt_abs_mean=1.3359, irt_std=0.9109, personal_warmup_scale=1.00, graph_row_entropy=3.1517, graph_entropy_ratio=0.4814, alpha_mean=0.0451, alpha_std=0.0455, alpha_base_mean=0.0457, alpha_delta_absmean=0.0481, alpha_saturation_ratio=0.0000, alpha_bias_std=NA, alpha_state_path=1.0814, alpha_id_path=0.0000, alpha_bias_path=0.0000, head_bias_path=1.5460, personal_row_entropy=2.2890, personal_matrix_delta=0.0465, personal_matrix_student_std=0.0496, personal_delta_pre_softmax_norm=2.7073, personal_delta_student_std=2.6445, alpha_head_std=0.0451, query_row_global_readout_delta=0.2066, query_row_personal_message_delta=0.0003, query_row_posterior_delta_abs=0.0465, query_row_posterior_kl=0.0343, query_row_delta_local_rms_raw=0.0133, query_row_message_projection_gain=0.2850, personal_to_graph_query_ratio=0.0013, query_row_global_support_mass=0.0000, query_row_personal_support_mass=2.4043, neighbor_row_personal_delta=0.0000, personal_row_budget_mean=1.3000, personal_query_row_std=0.0939, readout_query_support_mass=0.0000, personal_student_mix=0.0115, personal_student_adapter=0.0233, local_row_ratio=0.0660, support_density=1.0000, readout_query_delta=0.2066, personal_bad_rows_active=0.00, personal_fallback_rows_active=0.00, personal_bad_row_rate_active=0.0000, personal_padded_rows=0.00, personal_logits_support_absmax=6.7410, personal_query_trust_scale_mean=1.0000, personal_bad_rows_legacy=0.00, personal_fallback_rows_legacy=0.00, personal_logits_absmax_legacy=6.7410
2026-05-06 03:12:32,672 - INFO - [junyi|junyi_abce_best_full|lr=0.003|drop=0.40] [Diag][A] Epoch [009] | entropy_ratio=0.4814, diag_mass=0.0948, to_uniform_l2=0.007871, to_identity_l2=0.035023, relation_identity_delta=0.035023, knowledge_state_graph_delta=0.359458, knowledge_state_personal_delta=0.000000, share_concept_embeddings=True, tau_mean=0.7428, tau_std=0.0000, graph_reg_scale(train/val)=1.0000/1.0000
2026-05-06 03:12:32,672 - WARNING - [junyi|junyi_abce_best_full|lr=0.003|drop=0.40] [Diag Warning][AE] query-readout-overamplified: readout_query_delta=0.206625, query_row_graph_delta=0.206554, personal_matrix_delta=0.046530
2026-05-06 03:12:32,672 - INFO - [junyi|junyi_abce_best_full|lr=0.003|drop=0.40] [Grad Norms] Epoch [009] | relation_emb=3.536868e-01, relation_tau=1.322014e-11, relation_wq=3.748204e-08, relation_wk=2.004975e-08, personal_u=4.219219e-03, personal_v=6.548300e-04, personal_alpha_bias=0.000000e+00, personal_gate_emb=5.078120e-14, personal_gate_state_proj=1.498171e-15, personal_gate_context_proj=5.940173e-15, personal_gate_state_direct=2.367182e-05, personal_gate_id_direct=3.840919e-11, personal_gate_context_direct=9.309026e-05, personal_gate_out=5.550812e-11, personal_generator_emb=1.090270e-17, personal_generator_context_proj=3.772190e-20, personal_generator_context_hidden=2.759467e-21, personal_generator_context_to_u=2.890945e-17, personal_generator_context_to_v=2.527566e-17, personal_generator_state_row=2.857915e-12, personal_generator_state_col=2.766924e-12, personal_generator_id_row=1.273376e-12, personal_generator_id_col=1.056507e-12, personal_generator_state_adapter=1.537004e-20, personal_generator_id_adapter=1.794592e-20, personal_generator_context_adapter=2.774730e-24, personal_generator_direct_scale=2.205295e-09
2026-05-06 03:12:32,672 - INFO - [junyi|junyi_abce_best_full|lr=0.003|drop=0.40] -> No improvement 2 epoch(s) (best AUC=0.8044 @ 7)
2026-05-06 03:12:32,672 - INFO - [junyi|junyi_abce_best_full|lr=0.003|drop=0.40] Early stopping at epoch 9 (best AUC=0.8044 @ 7)
2026-05-06 03:12:32,678 - INFO - Epoch-wise metrics saved to checkpoints/abce_diag/remote_writer_residual_matched_probe_20260506_a5a38c6/junyi/seed42/best_full/metrics_history.csv
2026-05-06 03:12:32,679 - INFO - [junyi|junyi_abce_best_full|lr=0.003|drop=0.40] Training completed! Best Val AUC=0.8044 @ epoch 7
2026-05-06 03:12:33,151 - INFO - 
============================================================
         MODULE ACTIVITY REPORT
============================================================
Dataset: junyi | Seed: 42 | Epoch: 9

1. Concept Graph Module (A):
   - Mean row entropy: 3.152 / 6.547
   - Entropy ratio: 48.1%
   - Query readout delta: 0.2051
   - Query head var: 0.0004
   - Status: LIVE_BUT_COLLAPSED (graph enters query rows but head diversity is washed out)
   -> Consider: strengthen head-wise query gating or graph query adapter leverage

2. Personal Graph Module (E):
   - Alpha mean: 0.046
   - Alpha std: 0.046
   - Alpha bias std: 0.000
   - Personal/global delta: 0.0465
   - Inter-student matrix std: 0.0492
   - Query personal message delta: 0.0003
   - Query posterior KL: 0.0343
   - Query message projection gain: 0.3002
   - Query message alignment: 0.1947
   - Query self support mass: 0.0057
   - Query graph support mass: 0.0360
   - Query personal std: 0.0977
   - Personal/global query ratio: 0.0014
   - Status: WEAK (posterior is moving, but effective query correction is still too small)
   -> Consider: widen message basis or improve message projection leverage

------------------------------------------------------------
SUMMARY:
   Active modules: Concept Graph (A)
   Inactive modules: Personal Graph (E)
============================================================
2026-05-06 03:12:33,151 - INFO - [junyi|junyi_abce_best_full|lr=0.003|drop=0.40] Module activity saved to checkpoints/abce_diag/remote_writer_residual_matched_probe_20260506_a5a38c6/junyi/seed42/best_full/module_activity.json
[GPU] Status: [GPU 0: 21140MiB free]
2026-05-06 03:12:33,204 - INFO - Using device: cuda:0
2026-05-06 03:12:33,204 - INFO - Loading model from checkpoints/abce_diag/remote_writer_residual_matched_probe_20260506_a5a38c6/junyi/seed42/best_full/best_model.pth...
2026-05-06 03:12:33,237 - INFO - [junyi|junyi_abce_best_no_E|lr=0.003|drop=0.40] Epoch [001/12] | Train: Loss=0.6141, BCE=0.6031, Reg=0.0110, AUC=0.6692, ACC=0.6598, RMSE=0.4569 | Val: Loss=0.5475, BCE=0.5366, Reg=0.0108, AUC=0.7653, ACC=0.7318, RMSE=0.4222
2026-05-06 03:12:33,237 - INFO - [junyi|junyi_abce_best_no_E|lr=0.003|drop=0.40] [Reg Terms] Epoch [001] | Train: graph_entropy=0.000000, graph_diag=0.007647, graph_uniform=0.003351, graph_reg_scale=1.0000, prediction_l2=0.000000, personal_sparse=0.000000, alpha_var=0.000000, alpha_collapse=0.000000, reg_bce_ratio=0.0182 | Val: graph_entropy=0.000000, graph_diag=0.007497, graph_uniform=0.003352, graph_reg_scale=1.0000, prediction_l2=0.000000, personal_sparse=0.000000, alpha_var=0.000000, alpha_collapse=0.000000, reg_bce_ratio=0.0202
2026-05-06 03:12:33,345 - INFO - [Inference Filter] before=67063, after=60494, dropped=6569, coverage=90.20% (train-only seen student/item support)
2026-05-06 03:12:33,366 - INFO - Inference switches: ablate_module1=False | enable_module1=True | use_concept_graph=True | effective(num_gnn_layers=2)
2026-05-06 03:12:33,435 - INFO - [junyi|junyi_abce_best_no_E|lr=0.003|drop=0.40] [Diag][AE] Epoch [001] | irt_abs_mean=1.4269, irt_std=1.1215, personal_warmup_scale=1.00, graph_row_entropy=3.1204, graph_entropy_ratio=0.4766, alpha_mean=0.0000, alpha_std=0.0000, alpha_base_mean=0.0000, alpha_delta_absmean=0.0000, alpha_saturation_ratio=0.0000, alpha_bias_std=NA, alpha_state_path=0.0000, alpha_id_path=0.0000, alpha_bias_path=0.0000, head_bias_path=0.0000, personal_row_entropy=0.0000, personal_matrix_delta=0.0000, personal_matrix_student_std=0.0000, personal_delta_pre_softmax_norm=0.0000, personal_delta_student_std=0.0000, alpha_head_std=0.0000, query_row_global_readout_delta=0.3474, query_row_personal_message_delta=0.0000, query_row_posterior_delta_abs=0.0000, query_row_posterior_kl=0.0000, query_row_delta_local_rms_raw=0.0000, query_row_message_projection_gain=0.0000, personal_to_graph_query_ratio=0.0000, query_row_global_support_mass=0.0000, query_row_personal_support_mass=0.0000, neighbor_row_personal_delta=0.0000, personal_row_budget_mean=0.0000, personal_query_row_std=0.0000, readout_query_support_mass=0.0000, personal_student_mix=0.0000, personal_student_adapter=0.0000, local_row_ratio=0.0000, support_density=0.0000, readout_query_delta=0.3474, personal_bad_rows_active=0.00, personal_fallback_rows_active=0.00, personal_bad_row_rate_active=0.0000, personal_padded_rows=0.00, personal_logits_support_absmax=0.0000, personal_query_trust_scale_mean=1.0000, personal_bad_rows_legacy=0.00, personal_fallback_rows_legacy=0.00, personal_logits_absmax_legacy=0.0000
2026-05-06 03:12:33,436 - INFO - [junyi|junyi_abce_best_no_E|lr=0.003|drop=0.40] [Diag][A] Epoch [001] | entropy_ratio=0.4766, diag_mass=0.1249, to_uniform_l2=0.008253, to_identity_l2=0.033858, relation_identity_delta=0.033858, knowledge_state_graph_delta=0.491545, knowledge_state_personal_delta=0.000000, share_concept_embeddings=True, tau_mean=0.9609, tau_std=0.0000, graph_reg_scale(train/val)=1.0000/1.0000
2026-05-06 03:12:33,436 - INFO - [junyi|junyi_abce_best_no_E|lr=0.003|drop=0.40] [Grad Norms] Epoch [001] | relation_emb=3.374201e-01, relation_tau=8.209045e-07, relation_wq=5.459839e-06, relation_wk=5.531804e-06, personal_u=0.000000e+00, personal_v=0.000000e+00, personal_alpha_bias=0.000000e+00, personal_gate_emb=0.000000e+00, personal_gate_state_proj=0.000000e+00, personal_gate_context_proj=0.000000e+00, personal_gate_state_direct=0.000000e+00, personal_gate_id_direct=0.000000e+00, personal_gate_context_direct=0.000000e+00, personal_gate_out=0.000000e+00, personal_generator_emb=0.000000e+00, personal_generator_context_proj=0.000000e+00, personal_generator_context_hidden=0.000000e+00, personal_generator_context_to_u=0.000000e+00, personal_generator_context_to_v=0.000000e+00, personal_generator_state_row=0.000000e+00, personal_generator_state_col=0.000000e+00, personal_generator_id_row=0.000000e+00, personal_generator_id_col=0.000000e+00, personal_generator_state_adapter=0.000000e+00, personal_generator_id_adapter=0.000000e+00, personal_generator_context_adapter=0.000000e+00, personal_generator_direct_scale=0.000000e+00
2026-05-06 03:12:33,497 - INFO - [Inference] Ablation runtime check: args(ablate_module1=False) | expect(use_concept_graph=True,use_personal_graph=True) | model(enable_module1=True,use_concept_graph=True,use_personal_graph=True) | physical(has_knowledge_encoder=True,has_relation_learning=True,has_adaptive_gate=True,has_personal_generator=True)
2026-05-06 03:12:33,498 - INFO - [Inference] [Graph Init] graph_tau_mean=1.0055, graph_tau_std=0.0000, graph_dropout=0.000, use_personal_graph=True
2026-05-06 03:12:33,500 - INFO - Model loaded from epoch 7. Start testing...
2026-05-06 03:12:33,646 - INFO - [junyi|junyi_abce_best_no_E|lr=0.003|drop=0.40] -> New best AUC=0.7653 at epoch 1
2026-05-06 03:12:33,904 - INFO - 
==================================================
2026-05-06 03:12:33,904 - INFO - Test Results:
2026-05-06 03:12:33,904 - INFO - AUC: 0.7784
2026-05-06 03:12:33,904 - INFO - ACC: 0.7214
2026-05-06 03:12:33,904 - INFO - RMSE: 0.4218
2026-05-06 03:12:33,904 - INFO - ==================================================
2026-05-06 03:12:33,927 - INFO - Summary appended to /home/zsh/ConceptSkillCDM/results/experiment_results.csv
2026-05-06 03:12:33,930 - INFO - Run completed.
2026-05-06 03:12:33,930 - INFO - Best validation AUC: 0.8044 at epoch 7
2026-05-06 03:12:33,930 - INFO - Test metrics - AUC: 0.7784, ACC: 0.7214, RMSE: 0.4218
2026-05-06 03:12:36,617 - INFO - [junyi|junyi_abce_best_no_E|lr=0.003|drop=0.40] Epoch [002/12] | Train: Loss=0.5674, BCE=0.5461, Reg=0.0214, AUC=0.7574, ACC=0.7220, RMSE=0.4286 | Val: Loss=0.5380, BCE=0.5170, Reg=0.0210, AUC=0.7875, ACC=0.7396, RMSE=0.4147
2026-05-06 03:12:36,617 - INFO - [junyi|junyi_abce_best_no_E|lr=0.003|drop=0.40] [Reg Terms] Epoch [002] | Train: graph_entropy=0.000000, graph_diag=0.014682, graph_uniform=0.006707, graph_reg_scale=1.0000, prediction_l2=0.000000, personal_sparse=0.000000, alpha_var=0.000000, alpha_collapse=0.000000, reg_bce_ratio=0.0392 | Val: graph_entropy=0.000000, graph_diag=0.014340, graph_uniform=0.006710, graph_reg_scale=1.0000, prediction_l2=0.000000, personal_sparse=0.000000, alpha_var=0.000000, alpha_collapse=0.000000, reg_bce_ratio=0.0407
2026-05-06 03:12:36,805 - INFO - [junyi|junyi_abce_best_no_E|lr=0.003|drop=0.40] [Diag][AE] Epoch [002] | irt_abs_mean=1.2121, irt_std=0.8603, personal_warmup_scale=1.00, graph_row_entropy=3.1267, graph_entropy_ratio=0.4776, alpha_mean=0.0000, alpha_std=0.0000, alpha_base_mean=0.0000, alpha_delta_absmean=0.0000, alpha_saturation_ratio=0.0000, alpha_bias_std=NA, alpha_state_path=0.0000, alpha_id_path=0.0000, alpha_bias_path=0.0000, head_bias_path=0.0000, personal_row_entropy=0.0000, personal_matrix_delta=0.0000, personal_matrix_student_std=0.0000, personal_delta_pre_softmax_norm=0.0000, personal_delta_student_std=0.0000, alpha_head_std=0.0000, query_row_global_readout_delta=0.2440, query_row_personal_message_delta=0.0000, query_row_posterior_delta_abs=0.0000, query_row_posterior_kl=0.0000, query_row_delta_local_rms_raw=0.0000, query_row_message_projection_gain=0.0000, personal_to_graph_query_ratio=0.0000, query_row_global_support_mass=0.0000, query_row_personal_support_mass=0.0000, neighbor_row_personal_delta=0.0000, personal_row_budget_mean=0.0000, personal_query_row_std=0.0000, readout_query_support_mass=0.0000, personal_student_mix=0.0000, personal_student_adapter=0.0000, local_row_ratio=0.0000, support_density=0.0000, readout_query_delta=0.2440, personal_bad_rows_active=0.00, personal_fallback_rows_active=0.00, personal_bad_row_rate_active=0.0000, personal_padded_rows=0.00, personal_logits_support_absmax=0.0000, personal_query_trust_scale_mean=1.0000, personal_bad_rows_legacy=0.00, personal_fallback_rows_legacy=0.00, personal_logits_absmax_legacy=0.0000
2026-05-06 03:12:36,805 - INFO - [junyi|junyi_abce_best_no_E|lr=0.003|drop=0.40] [Diag][A] Epoch [002] | entropy_ratio=0.4776, diag_mass=0.1195, to_uniform_l2=0.008173, to_identity_l2=0.034069, relation_identity_delta=0.034069, knowledge_state_graph_delta=0.470652, knowledge_state_personal_delta=0.000000, share_concept_embeddings=True, tau_mean=0.9197, tau_std=0.0000, graph_reg_scale(train/val)=1.0000/1.0000
2026-05-06 03:12:36,805 - INFO - [junyi|junyi_abce_best_no_E|lr=0.003|drop=0.40] [Grad Norms] Epoch [002] | relation_emb=2.078471e-01, relation_tau=3.877143e-07, relation_wq=1.902907e-06, relation_wk=1.896625e-06, personal_u=0.000000e+00, personal_v=0.000000e+00, personal_alpha_bias=0.000000e+00, personal_gate_emb=0.000000e+00, personal_gate_state_proj=0.000000e+00, personal_gate_context_proj=0.000000e+00, personal_gate_state_direct=0.000000e+00, personal_gate_id_direct=0.000000e+00, personal_gate_context_direct=0.000000e+00, personal_gate_out=0.000000e+00, personal_generator_emb=0.000000e+00, personal_generator_context_proj=0.000000e+00, personal_generator_context_hidden=0.000000e+00, personal_generator_context_to_u=0.000000e+00, personal_generator_context_to_v=0.000000e+00, personal_generator_state_row=0.000000e+00, personal_generator_state_col=0.000000e+00, personal_generator_id_row=0.000000e+00, personal_generator_id_col=0.000000e+00, personal_generator_state_adapter=0.000000e+00, personal_generator_id_adapter=0.000000e+00, personal_generator_context_adapter=0.000000e+00, personal_generator_direct_scale=0.000000e+00
2026-05-06 03:12:37,097 - INFO - [junyi|junyi_abce_best_no_E|lr=0.003|drop=0.40] -> New best AUC=0.7875 at epoch 2
2026-05-06 03:12:38,220 - INFO - [junyi] [数据清洗] Valid train-seen 过滤：before=22111, after=22111, dropped=0, coverage=100.00%
2026-05-06 03:12:38,228 - INFO - [junyi] [数据清洗] Test train-seen 过滤：before=60499, after=60494, dropped=5, coverage=99.99%
2026-05-06 03:12:38,230 - INFO - [junyi] [统计] 开始统计清洗后每道题的概念数量分布...
2026-05-06 03:12:38,234 - INFO - [junyi] [Train] 概念数统计：题目数=697, 平均概念数=1.0000, min=1, max=1, 1概念=697 (100.00%), ≥2概念=0 (0.00%)
2026-05-06 03:12:38,234 - INFO - [junyi] [Train] 概念数直方图（概念数: 题目数量）: {1: 697}
2026-05-06 03:12:38,235 - INFO - [junyi] [Valid] 概念数统计：题目数=614, 平均概念数=1.0000, min=1, max=1, 1概念=614 (100.00%), ≥2概念=0 (0.00%)
2026-05-06 03:12:38,235 - INFO - [junyi] [Valid] 概念数直方图（概念数: 题目数量）: {1: 614}
2026-05-06 03:12:38,235 - INFO - [junyi] [Test] 概念数统计：题目数=663, 平均概念数=1.0000, min=1, max=1, 1概念=663 (100.00%), ≥2概念=0 (0.00%)
2026-05-06 03:12:38,235 - INFO - [junyi] [Test] 概念数直方图（概念数: 题目数量）: {1: 663}
2026-05-06 03:12:38,235 - INFO - [junyi] [统计] 概念数量统计完成。
2026-05-06 03:12:38,235 - INFO - [junyi] 正在加载数据集...
2026-05-06 03:12:38,323 - INFO - [junyi|junyi_abce_best_no_E_bs64|lr=0.003|drop=0.40] Train samples: 235446, Val samples: 22111
2026-05-06 03:12:38,323 - INFO - [junyi|junyi_abce_best_no_E_bs64|lr=0.003|drop=0.40] Number of students: 7812
2026-05-06 03:12:38,323 - INFO - [junyi|junyi_abce_best_no_E_bs64|lr=0.003|drop=0.40] Number of exercises: 697
2026-05-06 03:12:38,323 - INFO - [junyi|junyi_abce_best_no_E_bs64|lr=0.003|drop=0.40] Number of concepts: 697
2026-05-06 03:12:38,323 - INFO - [junyi|junyi_abce_best_no_E_bs64|lr=0.003|drop=0.40] Creating model...
2026-05-06 03:12:38,323 - INFO - [junyi|junyi_abce_best_no_E_bs64|lr=0.003|drop=0.40] Ablation switches: ablate_module1=False | enable_module1=True | use_concept_graph=True | effective(num_gnn_layers=2)
2026-05-06 03:12:38,461 - INFO - [junyi|junyi_abce_best_no_E_bs64|lr=0.003|drop=0.40] Ablation runtime check: args(ablate_module1=False) | expect(use_concept_graph=True,use_personal_graph=False) | model(enable_module1=True,use_concept_graph=True,use_personal_graph=False) | physical(has_knowledge_encoder=True,has_relation_learning=True,has_adaptive_gate=False,has_personal_generator=False)
2026-05-06 03:12:38,462 - INFO - [junyi|junyi_abce_best_no_E_bs64|lr=0.003|drop=0.40] Debug diagnostics enabled: diag_batches=1
2026-05-06 03:12:38,482 - INFO - [junyi|junyi_abce_best_no_E_bs64|lr=0.003|drop=0.40] [Graph Init] graph_tau_mean=1.0055, graph_tau_std=0.0000, graph_dropout=0.000, use_personal_graph=False
2026-05-06 03:12:38,482 - INFO - [junyi|junyi_abce_best_no_E_bs64|lr=0.003|drop=0.40] Total parameters: 1,610,467
2026-05-06 03:12:38,482 - INFO - [junyi|junyi_abce_best_no_E_bs64|lr=0.003|drop=0.40] Trainable parameters: 1,610,467
2026-05-06 03:12:39,325 - INFO - [junyi|junyi_abce_best_no_E_bs64|lr=0.003|drop=0.40] Optimizer param groups: backbone@lr=0.003, personal_state@lr=0.0045
2026-05-06 03:12:39,325 - INFO - [junyi|junyi_abce_best_no_E_bs64|lr=0.003|drop=0.40] Monitor config: scheduler=val_auc(max), best_checkpoint=val_auc(max), early_stop=val_auc(max)
2026-05-06 03:12:39,325 - INFO - [junyi|junyi_abce_best_no_E_bs64|lr=0.003|drop=0.40] Starting training...
[DONE] dataset=junyi seed=42 profile=best ablation=full exit=0 auc=0.7784245840865223
2026-05-06 03:12:40,088 - INFO - [junyi|junyi_abce_best_no_E|lr=0.003|drop=0.40] Epoch [003/12] | Train: Loss=0.5574, BCE=0.5366, Reg=0.0208, AUC=0.7750, ACC=0.7292, RMSE=0.4244 | Val: Loss=0.5314, BCE=0.5110, Reg=0.0205, AUC=0.7905, ACC=0.7598, RMSE=0.4105
2026-05-06 03:12:40,088 - INFO - [junyi|junyi_abce_best_no_E|lr=0.003|drop=0.40] [Reg Terms] Epoch [003] | Train: graph_entropy=0.000000, graph_diag=0.014049, graph_uniform=0.006712, graph_reg_scale=1.0000, prediction_l2=0.000000, personal_sparse=0.000000, alpha_var=0.000000, alpha_collapse=0.000000, reg_bce_ratio=0.0387 | Val: graph_entropy=0.000000, graph_diag=0.013747, graph_uniform=0.006714, graph_reg_scale=1.0000, prediction_l2=0.000000, personal_sparse=0.000000, alpha_var=0.000000, alpha_collapse=0.000000, reg_bce_ratio=0.0400
2026-05-06 03:12:40,272 - INFO - [junyi|junyi_abce_best_no_E|lr=0.003|drop=0.40] [Diag][AE] Epoch [003] | irt_abs_mean=1.4978, irt_std=1.0536, personal_warmup_scale=1.00, graph_row_entropy=3.1322, graph_entropy_ratio=0.4784, alpha_mean=0.0000, alpha_std=0.0000, alpha_base_mean=0.0000, alpha_delta_absmean=0.0000, alpha_saturation_ratio=0.0000, alpha_bias_std=NA, alpha_state_path=0.0000, alpha_id_path=0.0000, alpha_bias_path=0.0000, head_bias_path=0.0000, personal_row_entropy=0.0000, personal_matrix_delta=0.0000, personal_matrix_student_std=0.0000, personal_delta_pre_softmax_norm=0.0000, personal_delta_student_std=0.0000, alpha_head_std=0.0000, query_row_global_readout_delta=0.3022, query_row_personal_message_delta=0.0000, query_row_posterior_delta_abs=0.0000, query_row_posterior_kl=0.0000, query_row_delta_local_rms_raw=0.0000, query_row_message_projection_gain=0.0000, personal_to_graph_query_ratio=0.0000, query_row_global_support_mass=0.0000, query_row_personal_support_mass=0.0000, neighbor_row_personal_delta=0.0000, personal_row_budget_mean=0.0000, personal_query_row_std=0.0000, readout_query_support_mass=0.0000, personal_student_mix=0.0000, personal_student_adapter=0.0000, local_row_ratio=0.0000, support_density=0.0000, readout_query_delta=0.3022, personal_bad_rows_active=0.00, personal_fallback_rows_active=0.00, personal_bad_row_rate_active=0.0000, personal_padded_rows=0.00, personal_logits_support_absmax=0.0000, personal_query_trust_scale_mean=1.0000, personal_bad_rows_legacy=0.00, personal_fallback_rows_legacy=0.00, personal_logits_absmax_legacy=0.0000
2026-05-06 03:12:40,272 - INFO - [junyi|junyi_abce_best_no_E|lr=0.003|drop=0.40] [Diag][A] Epoch [003] | entropy_ratio=0.4784, diag_mass=0.1146, to_uniform_l2=0.008104, to_identity_l2=0.034260, relation_identity_delta=0.034260, knowledge_state_graph_delta=0.443981, knowledge_state_personal_delta=0.000000, share_concept_embeddings=True, tau_mean=0.8826, tau_std=0.0000, graph_reg_scale(train/val)=1.0000/1.0000
2026-05-06 03:12:40,272 - INFO - [junyi|junyi_abce_best_no_E|lr=0.003|drop=0.40] [Grad Norms] Epoch [003] | relation_emb=2.117167e-01, relation_tau=8.448256e-08, relation_wq=1.633512e-06, relation_wk=1.544076e-06, personal_u=0.000000e+00, personal_v=0.000000e+00, personal_alpha_bias=0.000000e+00, personal_gate_emb=0.000000e+00, personal_gate_state_proj=0.000000e+00, personal_gate_context_proj=0.000000e+00, personal_gate_state_direct=0.000000e+00, personal_gate_id_direct=0.000000e+00, personal_gate_context_direct=0.000000e+00, personal_gate_out=0.000000e+00, personal_generator_emb=0.000000e+00, personal_generator_context_proj=0.000000e+00, personal_generator_context_hidden=0.000000e+00, personal_generator_context_to_u=0.000000e+00, personal_generator_context_to_v=0.000000e+00, personal_generator_state_row=0.000000e+00, personal_generator_state_col=0.000000e+00, personal_generator_id_row=0.000000e+00, personal_generator_id_col=0.000000e+00, personal_generator_state_adapter=0.000000e+00, personal_generator_id_adapter=0.000000e+00, personal_generator_context_adapter=0.000000e+00, personal_generator_direct_scale=0.000000e+00
2026-05-06 03:12:40,687 - INFO - [junyi|junyi_abce_best_no_E|lr=0.003|drop=0.40] -> New best AUC=0.7905 at epoch 3
2026-05-06 03:12:40,738 - INFO - [junyi|junyi_abce_best_no_E_bs64|lr=0.003|drop=0.40] Epoch [001/12] | Train: Loss=0.6450, BCE=0.6340, Reg=0.0110, AUC=0.6253, ACC=0.6250, RMSE=0.4715 | Val: Loss=0.5820, BCE=0.5711, Reg=0.0109, AUC=0.7143, ACC=0.6901, RMSE=0.4416
2026-05-06 03:12:40,738 - INFO - [junyi|junyi_abce_best_no_E_bs64|lr=0.003|drop=0.40] [Reg Terms] Epoch [001] | Train: graph_entropy=0.000000, graph_diag=0.007647, graph_uniform=0.003351, graph_reg_scale=1.0000, prediction_l2=0.000000, personal_sparse=0.000000, alpha_var=0.000000, alpha_collapse=0.000000, reg_bce_ratio=0.0173 | Val: graph_entropy=0.000000, graph_diag=0.007498, graph_uniform=0.003352, graph_reg_scale=1.0000, prediction_l2=0.000000, personal_sparse=0.000000, alpha_var=0.000000, alpha_collapse=0.000000, reg_bce_ratio=0.0190
2026-05-06 03:12:40,889 - INFO - [junyi|junyi_abce_best_no_E_bs64|lr=0.003|drop=0.40] [Diag][AE] Epoch [001] | irt_abs_mean=0.8561, irt_std=0.7426, personal_warmup_scale=1.00, graph_row_entropy=3.1204, graph_entropy_ratio=0.4766, alpha_mean=0.0000, alpha_std=0.0000, alpha_base_mean=0.0000, alpha_delta_absmean=0.0000, alpha_saturation_ratio=0.0000, alpha_bias_std=NA, alpha_state_path=0.0000, alpha_id_path=0.0000, alpha_bias_path=0.0000, head_bias_path=0.0000, personal_row_entropy=0.0000, personal_matrix_delta=0.0000, personal_matrix_student_std=0.0000, personal_delta_pre_softmax_norm=0.0000, personal_delta_student_std=0.0000, alpha_head_std=0.0000, query_row_global_readout_delta=0.2589, query_row_personal_message_delta=0.0000, query_row_posterior_delta_abs=0.0000, query_row_posterior_kl=0.0000, query_row_delta_local_rms_raw=0.0000, query_row_message_projection_gain=0.0000, personal_to_graph_query_ratio=0.0000, query_row_global_support_mass=0.0000, query_row_personal_support_mass=0.0000, neighbor_row_personal_delta=0.0000, personal_row_budget_mean=0.0000, personal_query_row_std=0.0000, readout_query_support_mass=0.0000, personal_student_mix=0.0000, personal_student_adapter=0.0000, local_row_ratio=0.0000, support_density=0.0000, readout_query_delta=0.2589, personal_bad_rows_active=0.00, personal_fallback_rows_active=0.00, personal_bad_row_rate_active=0.0000, personal_padded_rows=0.00, personal_logits_support_absmax=0.0000, personal_query_trust_scale_mean=1.0000, personal_bad_rows_legacy=0.00, personal_fallback_rows_legacy=0.00, personal_logits_absmax_legacy=0.0000
2026-05-06 03:12:40,889 - INFO - [junyi|junyi_abce_best_no_E_bs64|lr=0.003|drop=0.40] [Diag][A] Epoch [001] | entropy_ratio=0.4766, diag_mass=0.1250, to_uniform_l2=0.008253, to_identity_l2=0.033857, relation_identity_delta=0.033857, knowledge_state_graph_delta=0.481450, knowledge_state_personal_delta=0.000000, share_concept_embeddings=True, tau_mean=0.9609, tau_std=0.0000, graph_reg_scale(train/val)=1.0000/1.0000
2026-05-06 03:12:40,890 - INFO - [junyi|junyi_abce_best_no_E_bs64|lr=0.003|drop=0.40] [Grad Norms] Epoch [001] | relation_emb=7.423216e-01, relation_tau=8.448147e-07, relation_wq=1.009778e-05, relation_wk=1.041367e-05, personal_u=0.000000e+00, personal_v=0.000000e+00, personal_alpha_bias=0.000000e+00, personal_gate_emb=0.000000e+00, personal_gate_state_proj=0.000000e+00, personal_gate_context_proj=0.000000e+00, personal_gate_state_direct=0.000000e+00, personal_gate_id_direct=0.000000e+00, personal_gate_context_direct=0.000000e+00, personal_gate_out=0.000000e+00, personal_generator_emb=0.000000e+00, personal_generator_context_proj=0.000000e+00, personal_generator_context_hidden=0.000000e+00, personal_generator_context_to_u=0.000000e+00, personal_generator_context_to_v=0.000000e+00, personal_generator_state_row=0.000000e+00, personal_generator_state_col=0.000000e+00, personal_generator_id_row=0.000000e+00, personal_generator_id_col=0.000000e+00, personal_generator_state_adapter=0.000000e+00, personal_generator_id_adapter=0.000000e+00, personal_generator_context_adapter=0.000000e+00, personal_generator_direct_scale=0.000000e+00
2026-05-06 03:12:41,144 - INFO - [junyi|junyi_abce_best_no_E_bs64|lr=0.003|drop=0.40] -> New best AUC=0.7143 at epoch 1
2026-05-06 03:12:42,272 - INFO - [junyi|junyi_abce_best_no_E_bs64|lr=0.003|drop=0.40] Epoch [002/12] | Train: Loss=0.6007, BCE=0.5793, Reg=0.0214, AUC=0.7055, ACC=0.6868, RMSE=0.4452 | Val: Loss=0.5726, BCE=0.5516, Reg=0.0211, AUC=0.7560, ACC=0.7344, RMSE=0.4286
2026-05-06 03:12:42,272 - INFO - [junyi|junyi_abce_best_no_E_bs64|lr=0.003|drop=0.40] [Reg Terms] Epoch [002] | Train: graph_entropy=0.000000, graph_diag=0.014690, graph_uniform=0.006707, graph_reg_scale=1.0000, prediction_l2=0.000000, personal_sparse=0.000000, alpha_var=0.000000, alpha_collapse=0.000000, reg_bce_ratio=0.0369 | Val: graph_entropy=0.000000, graph_diag=0.014351, graph_uniform=0.006710, graph_reg_scale=1.0000, prediction_l2=0.000000, personal_sparse=0.000000, alpha_var=0.000000, alpha_collapse=0.000000, reg_bce_ratio=0.0382
2026-05-06 03:12:42,446 - INFO - [junyi|junyi_abce_best_no_E_bs64|lr=0.003|drop=0.40] [Diag][AE] Epoch [002] | irt_abs_mean=1.2081, irt_std=0.9873, personal_warmup_scale=1.00, graph_row_entropy=3.1266, graph_entropy_ratio=0.4776, alpha_mean=0.0000, alpha_std=0.0000, alpha_base_mean=0.0000, alpha_delta_absmean=0.0000, alpha_saturation_ratio=0.0000, alpha_bias_std=NA, alpha_state_path=0.0000, alpha_id_path=0.0000, alpha_bias_path=0.0000, head_bias_path=0.0000, personal_row_entropy=0.0000, personal_matrix_delta=0.0000, personal_matrix_student_std=0.0000, personal_delta_pre_softmax_norm=0.0000, personal_delta_student_std=0.0000, alpha_head_std=0.0000, query_row_global_readout_delta=0.3157, query_row_personal_message_delta=0.0000, query_row_posterior_delta_abs=0.0000, query_row_posterior_kl=0.0000, query_row_delta_local_rms_raw=0.0000, query_row_message_projection_gain=0.0000, personal_to_graph_query_ratio=0.0000, query_row_global_support_mass=0.0000, query_row_personal_support_mass=0.0000, neighbor_row_personal_delta=0.0000, personal_row_budget_mean=0.0000, personal_query_row_std=0.0000, readout_query_support_mass=0.0000, personal_student_mix=0.0000, personal_student_adapter=0.0000, local_row_ratio=0.0000, support_density=0.0000, readout_query_delta=0.3157, personal_bad_rows_active=0.00, personal_fallback_rows_active=0.00, personal_bad_row_rate_active=0.0000, personal_padded_rows=0.00, personal_logits_support_absmax=0.0000, personal_query_trust_scale_mean=1.0000, personal_bad_rows_legacy=0.00, personal_fallback_rows_legacy=0.00, personal_logits_absmax_legacy=0.0000
2026-05-06 03:12:42,446 - INFO - [junyi|junyi_abce_best_no_E_bs64|lr=0.003|drop=0.40] [Diag][A] Epoch [002] | entropy_ratio=0.4776, diag_mass=0.1196, to_uniform_l2=0.008174, to_identity_l2=0.034065, relation_identity_delta=0.034065, knowledge_state_graph_delta=0.466649, knowledge_state_personal_delta=0.000000, share_concept_embeddings=True, tau_mean=0.9197, tau_std=0.0000, graph_reg_scale(train/val)=1.0000/1.0000
2026-05-06 03:12:42,447 - INFO - [junyi|junyi_abce_best_no_E_bs64|lr=0.003|drop=0.40] [Grad Norms] Epoch [002] | relation_emb=6.067773e-01, relation_tau=3.286653e-07, relation_wq=3.779939e-06, relation_wk=3.812624e-06, personal_u=0.000000e+00, personal_v=0.000000e+00, personal_alpha_bias=0.000000e+00, personal_gate_emb=0.000000e+00, personal_gate_state_proj=0.000000e+00, personal_gate_context_proj=0.000000e+00, personal_gate_state_direct=0.000000e+00, personal_gate_id_direct=0.000000e+00, personal_gate_context_direct=0.000000e+00, personal_gate_out=0.000000e+00, personal_generator_emb=0.000000e+00, personal_generator_context_proj=0.000000e+00, personal_generator_context_hidden=0.000000e+00, personal_generator_context_to_u=0.000000e+00, personal_generator_context_to_v=0.000000e+00, personal_generator_state_row=0.000000e+00, personal_generator_state_col=0.000000e+00, personal_generator_id_row=0.000000e+00, personal_generator_id_col=0.000000e+00, personal_generator_state_adapter=0.000000e+00, personal_generator_id_adapter=0.000000e+00, personal_generator_context_adapter=0.000000e+00, personal_generator_direct_scale=0.000000e+00
2026-05-06 03:12:42,880 - INFO - [junyi|junyi_abce_best_no_E_bs64|lr=0.003|drop=0.40] -> New best AUC=0.7560 at epoch 2
2026-05-06 03:12:43,685 - INFO - [junyi|junyi_abce_best_no_E|lr=0.003|drop=0.40] Epoch [004/12] | Train: Loss=0.5477, BCE=0.5275, Reg=0.0202, AUC=0.7850, ACC=0.7414, RMSE=0.4193 | Val: Loss=0.5306, BCE=0.5106, Reg=0.0200, AUC=0.7874, ACC=0.7546, RMSE=0.4107
2026-05-06 03:12:43,685 - INFO - [junyi|junyi_abce_best_no_E|lr=0.003|drop=0.40] [Reg Terms] Epoch [004] | Train: graph_entropy=0.000000, graph_diag=0.013496, graph_uniform=0.006715, graph_reg_scale=1.0000, prediction_l2=0.000000, personal_sparse=0.000000, alpha_var=0.000000, alpha_collapse=0.000000, reg_bce_ratio=0.0383 | Val: graph_entropy=0.000000, graph_diag=0.013235, graph_uniform=0.006717, graph_reg_scale=1.0000, prediction_l2=0.000000, personal_sparse=0.000000, alpha_var=0.000000, alpha_collapse=0.000000, reg_bce_ratio=0.0391
2026-05-06 03:12:43,888 - INFO - [junyi|junyi_abce_best_no_E|lr=0.003|drop=0.40] [Diag][AE] Epoch [004] | irt_abs_mean=1.5084, irt_std=0.7953, personal_warmup_scale=1.00, graph_row_entropy=3.1368, graph_entropy_ratio=0.4791, alpha_mean=0.0000, alpha_std=0.0000, alpha_base_mean=0.0000, alpha_delta_absmean=0.0000, alpha_saturation_ratio=0.0000, alpha_bias_std=NA, alpha_state_path=0.0000, alpha_id_path=0.0000, alpha_bias_path=0.0000, head_bias_path=0.0000, personal_row_entropy=0.0000, personal_matrix_delta=0.0000, personal_matrix_student_std=0.0000, personal_delta_pre_softmax_norm=0.0000, personal_delta_student_std=0.0000, alpha_head_std=0.0000, query_row_global_readout_delta=0.2640, query_row_personal_message_delta=0.0000, query_row_posterior_delta_abs=0.0000, query_row_posterior_kl=0.0000, query_row_delta_local_rms_raw=0.0000, query_row_message_projection_gain=0.0000, personal_to_graph_query_ratio=0.0000, query_row_global_support_mass=0.0000, query_row_personal_support_mass=0.0000, neighbor_row_personal_delta=0.0000, personal_row_budget_mean=0.0000, personal_query_row_std=0.0000, readout_query_support_mass=0.0000, personal_student_mix=0.0000, personal_student_adapter=0.0000, local_row_ratio=0.0000, support_density=0.0000, readout_query_delta=0.2640, personal_bad_rows_active=0.00, personal_fallback_rows_active=0.00, personal_bad_row_rate_active=0.0000, personal_padded_rows=0.00, personal_logits_support_absmax=0.0000, personal_query_trust_scale_mean=1.0000, personal_bad_rows_legacy=0.00, personal_fallback_rows_legacy=0.00, personal_logits_absmax_legacy=0.0000
2026-05-06 03:12:43,888 - INFO - [junyi|junyi_abce_best_no_E|lr=0.003|drop=0.40] [Diag][A] Epoch [004] | entropy_ratio=0.4791, diag_mass=0.1103, to_uniform_l2=0.008048, to_identity_l2=0.034425, relation_identity_delta=0.034425, knowledge_state_graph_delta=0.418046, knowledge_state_personal_delta=0.000000, share_concept_embeddings=True, tau_mean=0.8498, tau_std=0.0000, graph_reg_scale(train/val)=1.0000/1.0000
2026-05-06 03:12:43,888 - INFO - [junyi|junyi_abce_best_no_E|lr=0.003|drop=0.40] [Grad Norms] Epoch [004] | relation_emb=2.282987e-01, relation_tau=2.046212e-08, relation_wq=5.712327e-07, relation_wk=5.170808e-07, personal_u=0.000000e+00, personal_v=0.000000e+00, personal_alpha_bias=0.000000e+00, personal_gate_emb=0.000000e+00, personal_gate_state_proj=0.000000e+00, personal_gate_context_proj=0.000000e+00, personal_gate_state_direct=0.000000e+00, personal_gate_id_direct=0.000000e+00, personal_gate_context_direct=0.000000e+00, personal_gate_out=0.000000e+00, personal_generator_emb=0.000000e+00, personal_generator_context_proj=0.000000e+00, personal_generator_context_hidden=0.000000e+00, personal_generator_context_to_u=0.000000e+00, personal_generator_context_to_v=0.000000e+00, personal_generator_state_row=0.000000e+00, personal_generator_state_col=0.000000e+00, personal_generator_id_row=0.000000e+00, personal_generator_id_col=0.000000e+00, personal_generator_state_adapter=0.000000e+00, personal_generator_id_adapter=0.000000e+00, personal_generator_context_adapter=0.000000e+00, personal_generator_direct_scale=0.000000e+00
2026-05-06 03:12:43,888 - INFO - [junyi|junyi_abce_best_no_E|lr=0.003|drop=0.40] -> No improvement 1 epoch(s) (best AUC=0.7905 @ 3)
2026-05-06 03:12:44,016 - INFO - [junyi|junyi_abce_best_no_E_bs64|lr=0.003|drop=0.40] Epoch [003/12] | Train: Loss=0.5746, BCE=0.5538, Reg=0.0208, AUC=0.7538, ACC=0.7103, RMSE=0.4327 | Val: Loss=0.5558, BCE=0.5353, Reg=0.0205, AUC=0.7807, ACC=0.7552, RMSE=0.4228
2026-05-06 03:12:44,016 - INFO - [junyi|junyi_abce_best_no_E_bs64|lr=0.003|drop=0.40] [Reg Terms] Epoch [003] | Train: graph_entropy=0.000000, graph_diag=0.014062, graph_uniform=0.006712, graph_reg_scale=1.0000, prediction_l2=0.000000, personal_sparse=0.000000, alpha_var=0.000000, alpha_collapse=0.000000, reg_bce_ratio=0.0375 | Val: graph_entropy=0.000000, graph_diag=0.013762, graph_uniform=0.006714, graph_reg_scale=1.0000, prediction_l2=0.000000, personal_sparse=0.000000, alpha_var=0.000000, alpha_collapse=0.000000, reg_bce_ratio=0.0383
2026-05-06 03:12:44,191 - INFO - [junyi|junyi_abce_best_no_E_bs64|lr=0.003|drop=0.40] [Diag][AE] Epoch [003] | irt_abs_mean=0.8643, irt_std=0.6894, personal_warmup_scale=1.00, graph_row_entropy=3.1321, graph_entropy_ratio=0.4784, alpha_mean=0.0000, alpha_std=0.0000, alpha_base_mean=0.0000, alpha_delta_absmean=0.0000, alpha_saturation_ratio=0.0000, alpha_bias_std=NA, alpha_state_path=0.0000, alpha_id_path=0.0000, alpha_bias_path=0.0000, head_bias_path=0.0000, personal_row_entropy=0.0000, personal_matrix_delta=0.0000, personal_matrix_student_std=0.0000, personal_delta_pre_softmax_norm=0.0000, personal_delta_student_std=0.0000, alpha_head_std=0.0000, query_row_global_readout_delta=0.2307, query_row_personal_message_delta=0.0000, query_row_posterior_delta_abs=0.0000, query_row_posterior_kl=0.0000, query_row_delta_local_rms_raw=0.0000, query_row_message_projection_gain=0.0000, personal_to_graph_query_ratio=0.0000, query_row_global_support_mass=0.0000, query_row_personal_support_mass=0.0000, neighbor_row_personal_delta=0.0000, personal_row_budget_mean=0.0000, personal_query_row_std=0.0000, readout_query_support_mass=0.0000, personal_student_mix=0.0000, personal_student_adapter=0.0000, local_row_ratio=0.0000, support_density=0.0000, readout_query_delta=0.2307, personal_bad_rows_active=0.00, personal_fallback_rows_active=0.00, personal_bad_row_rate_active=0.0000, personal_padded_rows=0.00, personal_logits_support_absmax=0.0000, personal_query_trust_scale_mean=1.0000, personal_bad_rows_legacy=0.00, personal_fallback_rows_legacy=0.00, personal_logits_absmax_legacy=0.0000
2026-05-06 03:12:44,191 - INFO - [junyi|junyi_abce_best_no_E_bs64|lr=0.003|drop=0.40] [Diag][A] Epoch [003] | entropy_ratio=0.4784, diag_mass=0.1147, to_uniform_l2=0.008106, to_identity_l2=0.034255, relation_identity_delta=0.034255, knowledge_state_graph_delta=0.458462, knowledge_state_personal_delta=0.000000, share_concept_embeddings=True, tau_mean=0.8826, tau_std=0.0000, graph_reg_scale(train/val)=1.0000/1.0000
2026-05-06 03:12:44,191 - INFO - [junyi|junyi_abce_best_no_E_bs64|lr=0.003|drop=0.40] [Grad Norms] Epoch [003] | relation_emb=4.523820e-01, relation_tau=8.467990e-08, relation_wq=1.371571e-06, relation_wk=1.390398e-06, personal_u=0.000000e+00, personal_v=0.000000e+00, personal_alpha_bias=0.000000e+00, personal_gate_emb=0.000000e+00, personal_gate_state_proj=0.000000e+00, personal_gate_context_proj=0.000000e+00, personal_gate_state_direct=0.000000e+00, personal_gate_id_direct=0.000000e+00, personal_gate_context_direct=0.000000e+00, personal_gate_out=0.000000e+00, personal_generator_emb=0.000000e+00, personal_generator_context_proj=0.000000e+00, personal_generator_context_hidden=0.000000e+00, personal_generator_context_to_u=0.000000e+00, personal_generator_context_to_v=0.000000e+00, personal_generator_state_row=0.000000e+00, personal_generator_state_col=0.000000e+00, personal_generator_id_row=0.000000e+00, personal_generator_id_col=0.000000e+00, personal_generator_state_adapter=0.000000e+00, personal_generator_id_adapter=0.000000e+00, personal_generator_context_adapter=0.000000e+00, personal_generator_direct_scale=0.000000e+00
2026-05-06 03:12:44,582 - INFO - [junyi|junyi_abce_best_no_E_bs64|lr=0.003|drop=0.40] -> New best AUC=0.7807 at epoch 3
2026-05-06 03:12:45,788 - INFO - [junyi|junyi_abce_best_no_E_bs64|lr=0.003|drop=0.40] Epoch [004/12] | Train: Loss=0.5904, BCE=0.5702, Reg=0.0202, AUC=0.7481, ACC=0.7090, RMSE=0.4400 | Val: Loss=0.5441, BCE=0.5241, Reg=0.0200, AUC=0.7812, ACC=0.7448, RMSE=0.4165
2026-05-06 03:12:45,788 - INFO - [junyi|junyi_abce_best_no_E_bs64|lr=0.003|drop=0.40] [Reg Terms] Epoch [004] | Train: graph_entropy=0.000000, graph_diag=0.013512, graph_uniform=0.006715, graph_reg_scale=1.0000, prediction_l2=0.000000, personal_sparse=0.000000, alpha_var=0.000000, alpha_collapse=0.000000, reg_bce_ratio=0.0355 | Val: graph_entropy=0.000000, graph_diag=0.013252, graph_uniform=0.006717, graph_reg_scale=1.0000, prediction_l2=0.000000, personal_sparse=0.000000, alpha_var=0.000000, alpha_collapse=0.000000, reg_bce_ratio=0.0381
2026-05-06 03:12:45,966 - INFO - [junyi|junyi_abce_best_no_E_bs64|lr=0.003|drop=0.40] [Diag][AE] Epoch [004] | irt_abs_mean=1.2160, irt_std=0.9193, personal_warmup_scale=1.00, graph_row_entropy=3.1367, graph_entropy_ratio=0.4791, alpha_mean=0.0000, alpha_std=0.0000, alpha_base_mean=0.0000, alpha_delta_absmean=0.0000, alpha_saturation_ratio=0.0000, alpha_bias_std=NA, alpha_state_path=0.0000, alpha_id_path=0.0000, alpha_bias_path=0.0000, head_bias_path=0.0000, personal_row_entropy=0.0000, personal_matrix_delta=0.0000, personal_matrix_student_std=0.0000, personal_delta_pre_softmax_norm=0.0000, personal_delta_student_std=0.0000, alpha_head_std=0.0000, query_row_global_readout_delta=0.2779, query_row_personal_message_delta=0.0000, query_row_posterior_delta_abs=0.0000, query_row_posterior_kl=0.0000, query_row_delta_local_rms_raw=0.0000, query_row_message_projection_gain=0.0000, personal_to_graph_query_ratio=0.0000, query_row_global_support_mass=0.0000, query_row_personal_support_mass=0.0000, neighbor_row_personal_delta=0.0000, personal_row_budget_mean=0.0000, personal_query_row_std=0.0000, readout_query_support_mass=0.0000, personal_student_mix=0.0000, personal_student_adapter=0.0000, local_row_ratio=0.0000, support_density=0.0000, readout_query_delta=0.2779, personal_bad_rows_active=0.00, personal_fallback_rows_active=0.00, personal_bad_row_rate_active=0.0000, personal_padded_rows=0.00, personal_logits_support_absmax=0.0000, personal_query_trust_scale_mean=1.0000, personal_bad_rows_legacy=0.00, personal_fallback_rows_legacy=0.00, personal_logits_absmax_legacy=0.0000
2026-05-06 03:12:45,966 - INFO - [junyi|junyi_abce_best_no_E_bs64|lr=0.003|drop=0.40] [Diag][A] Epoch [004] | entropy_ratio=0.4791, diag_mass=0.1104, to_uniform_l2=0.008050, to_identity_l2=0.034419, relation_identity_delta=0.034419, knowledge_state_graph_delta=0.443225, knowledge_state_personal_delta=0.000000, share_concept_embeddings=True, tau_mean=0.8498, tau_std=0.0000, graph_reg_scale(train/val)=1.0000/1.0000
2026-05-06 03:12:45,966 - INFO - [junyi|junyi_abce_best_no_E_bs64|lr=0.003|drop=0.40] [Grad Norms] Epoch [004] | relation_emb=3.728907e-01, relation_tau=2.166165e-08, relation_wq=8.640243e-07, relation_wk=8.448155e-07, personal_u=0.000000e+00, personal_v=0.000000e+00, personal_alpha_bias=0.000000e+00, personal_gate_emb=0.000000e+00, personal_gate_state_proj=0.000000e+00, personal_gate_context_proj=0.000000e+00, personal_gate_state_direct=0.000000e+00, personal_gate_id_direct=0.000000e+00, personal_gate_context_direct=0.000000e+00, personal_gate_out=0.000000e+00, personal_generator_emb=0.000000e+00, personal_generator_context_proj=0.000000e+00, personal_generator_context_hidden=0.000000e+00, personal_generator_context_to_u=0.000000e+00, personal_generator_context_to_v=0.000000e+00, personal_generator_state_row=0.000000e+00, personal_generator_state_col=0.000000e+00, personal_generator_id_row=0.000000e+00, personal_generator_id_col=0.000000e+00, personal_generator_state_adapter=0.000000e+00, personal_generator_id_adapter=0.000000e+00, personal_generator_context_adapter=0.000000e+00, personal_generator_direct_scale=0.000000e+00
2026-05-06 03:12:46,489 - INFO - [junyi|junyi_abce_best_no_E_bs64|lr=0.003|drop=0.40] -> New best AUC=0.7812 at epoch 4
2026-05-06 03:12:46,848 - INFO - [junyi|junyi_abce_best_no_E|lr=0.003|drop=0.40] Epoch [005/12] | Train: Loss=0.5414, BCE=0.5217, Reg=0.0197, AUC=0.7830, ACC=0.7441, RMSE=0.4168 | Val: Loss=0.5437, BCE=0.5242, Reg=0.0195, AUC=0.7808, ACC=0.7448, RMSE=0.4166
2026-05-06 03:12:46,848 - INFO - [junyi|junyi_abce_best_no_E|lr=0.003|drop=0.40] [Reg Terms] Epoch [005] | Train: graph_entropy=0.000000, graph_diag=0.013013, graph_uniform=0.006719, graph_reg_scale=1.0000, prediction_l2=0.000000, personal_sparse=0.000000, alpha_var=0.000000, alpha_collapse=0.000000, reg_bce_ratio=0.0378 | Val: graph_entropy=0.000000, graph_diag=0.012781, graph_uniform=0.006720, graph_reg_scale=1.0000, prediction_l2=0.000000, personal_sparse=0.000000, alpha_var=0.000000, alpha_collapse=0.000000, reg_bce_ratio=0.0372
2026-05-06 03:12:47,056 - INFO - [junyi|junyi_abce_best_no_E|lr=0.003|drop=0.40] [Diag][AE] Epoch [005] | irt_abs_mean=1.7853, irt_std=1.2685, personal_warmup_scale=1.00, graph_row_entropy=3.1407, graph_entropy_ratio=0.4797, alpha_mean=0.0000, alpha_std=0.0000, alpha_base_mean=0.0000, alpha_delta_absmean=0.0000, alpha_saturation_ratio=0.0000, alpha_bias_std=NA, alpha_state_path=0.0000, alpha_id_path=0.0000, alpha_bias_path=0.0000, head_bias_path=0.0000, personal_row_entropy=0.0000, personal_matrix_delta=0.0000, personal_matrix_student_std=0.0000, personal_delta_pre_softmax_norm=0.0000, personal_delta_student_std=0.0000, alpha_head_std=0.0000, query_row_global_readout_delta=0.3552, query_row_personal_message_delta=0.0000, query_row_posterior_delta_abs=0.0000, query_row_posterior_kl=0.0000, query_row_delta_local_rms_raw=0.0000, query_row_message_projection_gain=0.0000, personal_to_graph_query_ratio=0.0000, query_row_global_support_mass=0.0000, query_row_personal_support_mass=0.0000, neighbor_row_personal_delta=0.0000, personal_row_budget_mean=0.0000, personal_query_row_std=0.0000, readout_query_support_mass=0.0000, personal_student_mix=0.0000, personal_student_adapter=0.0000, local_row_ratio=0.0000, support_density=0.0000, readout_query_delta=0.3552, personal_bad_rows_active=0.00, personal_fallback_rows_active=0.00, personal_bad_row_rate_active=0.0000, personal_padded_rows=0.00, personal_logits_support_absmax=0.0000, personal_query_trust_scale_mean=1.0000, personal_bad_rows_legacy=0.00, personal_fallback_rows_legacy=0.00, personal_logits_absmax_legacy=0.0000
2026-05-06 03:12:47,057 - INFO - [junyi|junyi_abce_best_no_E|lr=0.003|drop=0.40] [Diag][A] Epoch [005] | entropy_ratio=0.4797, diag_mass=0.1065, to_uniform_l2=0.008001, to_identity_l2=0.034571, relation_identity_delta=0.034571, knowledge_state_graph_delta=0.394789, knowledge_state_personal_delta=0.000000, share_concept_embeddings=True, tau_mean=0.8210, tau_std=0.0000, graph_reg_scale(train/val)=1.0000/1.0000
2026-05-06 03:12:47,057 - INFO - [junyi|junyi_abce_best_no_E|lr=0.003|drop=0.40] [Grad Norms] Epoch [005] | relation_emb=2.359748e-01, relation_tau=4.850999e-09, relation_wq=3.045807e-07, relation_wk=2.662937e-07, personal_u=0.000000e+00, personal_v=0.000000e+00, personal_alpha_bias=0.000000e+00, personal_gate_emb=0.000000e+00, personal_gate_state_proj=0.000000e+00, personal_gate_context_proj=0.000000e+00, personal_gate_state_direct=0.000000e+00, personal_gate_id_direct=0.000000e+00, personal_gate_context_direct=0.000000e+00, personal_gate_out=0.000000e+00, personal_generator_emb=0.000000e+00, personal_generator_context_proj=0.000000e+00, personal_generator_context_hidden=0.000000e+00, personal_generator_context_to_u=0.000000e+00, personal_generator_context_to_v=0.000000e+00, personal_generator_state_row=0.000000e+00, personal_generator_state_col=0.000000e+00, personal_generator_id_row=0.000000e+00, personal_generator_id_col=0.000000e+00, personal_generator_state_adapter=0.000000e+00, personal_generator_id_adapter=0.000000e+00, personal_generator_context_adapter=0.000000e+00, personal_generator_direct_scale=0.000000e+00
2026-05-06 03:12:47,057 - INFO - [junyi|junyi_abce_best_no_E|lr=0.003|drop=0.40] -> No improvement 2 epoch(s) (best AUC=0.7905 @ 3)
2026-05-06 03:12:47,057 - INFO - [junyi|junyi_abce_best_no_E|lr=0.003|drop=0.40] Early stopping at epoch 5 (best AUC=0.7905 @ 3)
2026-05-06 03:12:47,062 - INFO - Epoch-wise metrics saved to checkpoints/abce_diag/remote_writer_residual_matched_probe_20260506_a5a38c6/junyi/seed42/best_no_E/metrics_history.csv
2026-05-06 03:12:47,062 - INFO - [junyi|junyi_abce_best_no_E|lr=0.003|drop=0.40] Training completed! Best Val AUC=0.7905 @ epoch 3
2026-05-06 03:12:47,287 - INFO - 
============================================================
         MODULE ACTIVITY REPORT
============================================================
Dataset: junyi | Seed: 42 | Epoch: 5

1. Concept Graph Module (A):
   - Mean row entropy: 3.141 / 6.547
   - Entropy ratio: 48.0%
   - Query readout delta: 0.3426
   - Query head var: 0.0001
   - Status: LIVE_BUT_COLLAPSED (graph enters query rows but head diversity is washed out)
   -> Consider: strengthen head-wise query gating or graph query adapter leverage

2. Personal Graph Module (E):
   - Status: DISABLED (use_personal_graph=False or no_E)

------------------------------------------------------------
SUMMARY:
   Active modules: Concept Graph (A)
   All enabled graph modules are functioning properly.
============================================================
2026-05-06 03:12:47,288 - INFO - [junyi|junyi_abce_best_no_E|lr=0.003|drop=0.40] Module activity saved to checkpoints/abce_diag/remote_writer_residual_matched_probe_20260506_a5a38c6/junyi/seed42/best_no_E/module_activity.json
[GPU] Status: [GPU 3: 18793MiB free]
2026-05-06 03:12:47,335 - INFO - Using device: cuda:0 (physical gpu 3)
2026-05-06 03:12:47,335 - INFO - Loading model from checkpoints/abce_diag/remote_writer_residual_matched_probe_20260506_a5a38c6/junyi/seed42/best_no_E/best_model.pth...
2026-05-06 03:12:47,397 - INFO - [Inference Filter] before=67063, after=60494, dropped=6569, coverage=90.20% (train-only seen student/item support)
2026-05-06 03:12:47,413 - INFO - Inference switches: ablate_module1=False | enable_module1=True | use_concept_graph=True | effective(num_gnn_layers=2)
2026-05-06 03:12:47,434 - INFO - [Inference] Ablation runtime check: args(ablate_module1=False) | expect(use_concept_graph=True,use_personal_graph=False) | model(enable_module1=True,use_concept_graph=True,use_personal_graph=False) | physical(has_knowledge_encoder=True,has_relation_learning=True,has_adaptive_gate=False,has_personal_generator=False)
2026-05-06 03:12:47,435 - INFO - [Inference] [Graph Init] graph_tau_mean=1.0055, graph_tau_std=0.0000, graph_dropout=0.000, use_personal_graph=False
2026-05-06 03:12:47,436 - INFO - Model loaded from epoch 3. Start testing...
2026-05-06 03:12:47,647 - INFO - [junyi|junyi_abce_best_no_E_bs64|lr=0.003|drop=0.40] Epoch [005/12] | Train: Loss=0.5660, BCE=0.5462, Reg=0.0197, AUC=0.7572, ACC=0.7188, RMSE=0.4291 | Val: Loss=0.5475, BCE=0.5279, Reg=0.0195, AUC=0.7746, ACC=0.7422, RMSE=0.4192
2026-05-06 03:12:47,648 - INFO - [junyi|junyi_abce_best_no_E_bs64|lr=0.003|drop=0.40] [Reg Terms] Epoch [005] | Train: graph_entropy=0.000000, graph_diag=0.013029, graph_uniform=0.006718, graph_reg_scale=1.0000, prediction_l2=0.000000, personal_sparse=0.000000, alpha_var=0.000000, alpha_collapse=0.000000, reg_bce_ratio=0.0362 | Val: graph_entropy=0.000000, graph_diag=0.012796, graph_uniform=0.006720, graph_reg_scale=1.0000, prediction_l2=0.000000, personal_sparse=0.000000, alpha_var=0.000000, alpha_collapse=0.000000, reg_bce_ratio=0.0370
2026-05-06 03:12:47,799 - INFO - 
==================================================
2026-05-06 03:12:47,799 - INFO - Test Results:
2026-05-06 03:12:47,799 - INFO - AUC: 0.7827
2026-05-06 03:12:47,799 - INFO - ACC: 0.7331
2026-05-06 03:12:47,799 - INFO - RMSE: 0.4175
2026-05-06 03:12:47,799 - INFO - ==================================================
2026-05-06 03:12:47,819 - INFO - Summary appended to /home/zsh/ConceptSkillCDM/results/experiment_results.csv
2026-05-06 03:12:47,821 - INFO - Run completed.
2026-05-06 03:12:47,821 - INFO - Best validation AUC: 0.7905 at epoch 3
2026-05-06 03:12:47,821 - INFO - Test metrics - AUC: 0.7827, ACC: 0.7331, RMSE: 0.4175
2026-05-06 03:12:47,865 - INFO - [junyi|junyi_abce_best_no_E_bs64|lr=0.003|drop=0.40] [Diag][AE] Epoch [005] | irt_abs_mean=1.2226, irt_std=0.9633, personal_warmup_scale=1.00, graph_row_entropy=3.1406, graph_entropy_ratio=0.4797, alpha_mean=0.0000, alpha_std=0.0000, alpha_base_mean=0.0000, alpha_delta_absmean=0.0000, alpha_saturation_ratio=0.0000, alpha_bias_std=NA, alpha_state_path=0.0000, alpha_id_path=0.0000, alpha_bias_path=0.0000, head_bias_path=0.0000, personal_row_entropy=0.0000, personal_matrix_delta=0.0000, personal_matrix_student_std=0.0000, personal_delta_pre_softmax_norm=0.0000, personal_delta_student_std=0.0000, alpha_head_std=0.0000, query_row_global_readout_delta=0.2769, query_row_personal_message_delta=0.0000, query_row_posterior_delta_abs=0.0000, query_row_posterior_kl=0.0000, query_row_delta_local_rms_raw=0.0000, query_row_message_projection_gain=0.0000, personal_to_graph_query_ratio=0.0000, query_row_global_support_mass=0.0000, query_row_personal_support_mass=0.0000, neighbor_row_personal_delta=0.0000, personal_row_budget_mean=0.0000, personal_query_row_std=0.0000, readout_query_support_mass=0.0000, personal_student_mix=0.0000, personal_student_adapter=0.0000, local_row_ratio=0.0000, support_density=0.0000, readout_query_delta=0.2769, personal_bad_rows_active=0.00, personal_fallback_rows_active=0.00, personal_bad_row_rate_active=0.0000, personal_padded_rows=0.00, personal_logits_support_absmax=0.0000, personal_query_trust_scale_mean=1.0000, personal_bad_rows_legacy=0.00, personal_fallback_rows_legacy=0.00, personal_logits_absmax_legacy=0.0000
2026-05-06 03:12:47,865 - INFO - [junyi|junyi_abce_best_no_E_bs64|lr=0.003|drop=0.40] [Diag][A] Epoch [005] | entropy_ratio=0.4797, diag_mass=0.1066, to_uniform_l2=0.008002, to_identity_l2=0.034567, relation_identity_delta=0.034567, knowledge_state_graph_delta=0.423167, knowledge_state_personal_delta=0.000000, share_concept_embeddings=True, tau_mean=0.8210, tau_std=0.0000, graph_reg_scale(train/val)=1.0000/1.0000
2026-05-06 03:12:47,865 - INFO - [junyi|junyi_abce_best_no_E_bs64|lr=0.003|drop=0.40] [Grad Norms] Epoch [005] | relation_emb=2.845533e-01, relation_tau=6.145819e-09, relation_wq=5.608812e-07, relation_wk=4.572433e-07, personal_u=0.000000e+00, personal_v=0.000000e+00, personal_alpha_bias=0.000000e+00, personal_gate_emb=0.000000e+00, personal_gate_state_proj=0.000000e+00, personal_gate_context_proj=0.000000e+00, personal_gate_state_direct=0.000000e+00, personal_gate_id_direct=0.000000e+00, personal_gate_context_direct=0.000000e+00, personal_gate_out=0.000000e+00, personal_generator_emb=0.000000e+00, personal_generator_context_proj=0.000000e+00, personal_generator_context_hidden=0.000000e+00, personal_generator_context_to_u=0.000000e+00, personal_generator_context_to_v=0.000000e+00, personal_generator_state_row=0.000000e+00, personal_generator_state_col=0.000000e+00, personal_generator_id_row=0.000000e+00, personal_generator_id_col=0.000000e+00, personal_generator_state_adapter=0.000000e+00, personal_generator_id_adapter=0.000000e+00, personal_generator_context_adapter=0.000000e+00, personal_generator_direct_scale=0.000000e+00
2026-05-06 03:12:47,865 - INFO - [junyi|junyi_abce_best_no_E_bs64|lr=0.003|drop=0.40] -> No improvement 1 epoch(s) (best AUC=0.7812 @ 4)
2026-05-06 03:12:49,061 - INFO - [junyi|junyi_abce_best_no_E_bs64|lr=0.003|drop=0.40] Epoch [006/12] | Train: Loss=0.5488, BCE=0.5295, Reg=0.0193, AUC=0.7801, ACC=0.7409, RMSE=0.4195 | Val: Loss=0.5457, BCE=0.5265, Reg=0.0191, AUC=0.7781, ACC=0.7448, RMSE=0.4173
2026-05-06 03:12:49,061 - INFO - [junyi|junyi_abce_best_no_E_bs64|lr=0.003|drop=0.40] [Reg Terms] Epoch [006] | Train: graph_entropy=0.000000, graph_diag=0.012599, graph_uniform=0.006721, graph_reg_scale=1.0000, prediction_l2=0.000000, personal_sparse=0.000000, alpha_var=0.000000, alpha_collapse=0.000000, reg_bce_ratio=0.0365 | Val: graph_entropy=0.000000, graph_diag=0.012392, graph_uniform=0.006722, graph_reg_scale=1.0000, prediction_l2=0.000000, personal_sparse=0.000000, alpha_var=0.000000, alpha_collapse=0.000000, reg_bce_ratio=0.0363
2026-05-06 03:12:49,266 - INFO - [junyi|junyi_abce_best_no_E_bs64|lr=0.003|drop=0.40] [Diag][AE] Epoch [006] | irt_abs_mean=1.4367, irt_std=1.1083, personal_warmup_scale=1.00, graph_row_entropy=3.1439, graph_entropy_ratio=0.4802, alpha_mean=0.0000, alpha_std=0.0000, alpha_base_mean=0.0000, alpha_delta_absmean=0.0000, alpha_saturation_ratio=0.0000, alpha_bias_std=NA, alpha_state_path=0.0000, alpha_id_path=0.0000, alpha_bias_path=0.0000, head_bias_path=0.0000, personal_row_entropy=0.0000, personal_matrix_delta=0.0000, personal_matrix_student_std=0.0000, personal_delta_pre_softmax_norm=0.0000, personal_delta_student_std=0.0000, alpha_head_std=0.0000, query_row_global_readout_delta=0.3177, query_row_personal_message_delta=0.0000, query_row_posterior_delta_abs=0.0000, query_row_posterior_kl=0.0000, query_row_delta_local_rms_raw=0.0000, query_row_message_projection_gain=0.0000, personal_to_graph_query_ratio=0.0000, query_row_global_support_mass=0.0000, query_row_personal_support_mass=0.0000, neighbor_row_personal_delta=0.0000, personal_row_budget_mean=0.0000, personal_query_row_std=0.0000, readout_query_support_mass=0.0000, personal_student_mix=0.0000, personal_student_adapter=0.0000, local_row_ratio=0.0000, support_density=0.0000, readout_query_delta=0.3177, personal_bad_rows_active=0.00, personal_fallback_rows_active=0.00, personal_bad_row_rate_active=0.0000, personal_padded_rows=0.00, personal_logits_support_absmax=0.0000, personal_query_trust_scale_mean=1.0000, personal_bad_rows_legacy=0.00, personal_fallback_rows_legacy=0.00, personal_logits_absmax_legacy=0.0000
2026-05-06 03:12:49,266 - INFO - [junyi|junyi_abce_best_no_E_bs64|lr=0.003|drop=0.40] [Diag][A] Epoch [006] | entropy_ratio=0.4802, diag_mass=0.1033, to_uniform_l2=0.007963, to_identity_l2=0.034697, relation_identity_delta=0.034697, knowledge_state_graph_delta=0.406455, knowledge_state_personal_delta=0.000000, share_concept_embeddings=True, tau_mean=0.7962, tau_std=0.0000, graph_reg_scale(train/val)=1.0000/1.0000
2026-05-06 03:12:49,266 - INFO - [junyi|junyi_abce_best_no_E_bs64|lr=0.003|drop=0.40] [Grad Norms] Epoch [006] | relation_emb=4.024754e-01, relation_tau=1.189044e-09, relation_wq=3.069448e-07, relation_wk=2.941145e-07, personal_u=0.000000e+00, personal_v=0.000000e+00, personal_alpha_bias=0.000000e+00, personal_gate_emb=0.000000e+00, personal_gate_state_proj=0.000000e+00, personal_gate_context_proj=0.000000e+00, personal_gate_state_direct=0.000000e+00, personal_gate_id_direct=0.000000e+00, personal_gate_context_direct=0.000000e+00, personal_gate_out=0.000000e+00, personal_generator_emb=0.000000e+00, personal_generator_context_proj=0.000000e+00, personal_generator_context_hidden=0.000000e+00, personal_generator_context_to_u=0.000000e+00, personal_generator_context_to_v=0.000000e+00, personal_generator_state_row=0.000000e+00, personal_generator_state_col=0.000000e+00, personal_generator_id_row=0.000000e+00, personal_generator_id_col=0.000000e+00, personal_generator_state_adapter=0.000000e+00, personal_generator_id_adapter=0.000000e+00, personal_generator_context_adapter=0.000000e+00, personal_generator_direct_scale=0.000000e+00
2026-05-06 03:12:49,267 - INFO - [junyi|junyi_abce_best_no_E_bs64|lr=0.003|drop=0.40] -> No improvement 2 epoch(s) (best AUC=0.7812 @ 4)
2026-05-06 03:12:49,267 - INFO - [junyi|junyi_abce_best_no_E_bs64|lr=0.003|drop=0.40] Early stopping at epoch 6 (best AUC=0.7812 @ 4)
2026-05-06 03:12:49,277 - INFO - Epoch-wise metrics saved to checkpoints/abce_diag/remote_writer_residual_matched_probe_20260506_a5a38c6/junyi/seed42/best_no_E_bs64/metrics_history.csv
2026-05-06 03:12:49,279 - INFO - [junyi|junyi_abce_best_no_E_bs64|lr=0.003|drop=0.40] Training completed! Best Val AUC=0.7812 @ epoch 4
[DONE] dataset=junyi seed=42 profile=best ablation=no_E exit=0 auc=0.7826835385316917
2026-05-06 03:12:49,518 - INFO - 
============================================================
         MODULE ACTIVITY REPORT
============================================================
Dataset: junyi | Seed: 42 | Epoch: 6

1. Concept Graph Module (A):
   - Mean row entropy: 3.144 / 6.547
   - Entropy ratio: 48.0%
   - Query readout delta: 0.3165
   - Query head var: 0.0001
   - Status: LIVE_BUT_COLLAPSED (graph enters query rows but head diversity is washed out)
   -> Consider: strengthen head-wise query gating or graph query adapter leverage

2. Personal Graph Module (E):
   - Status: DISABLED (use_personal_graph=False or no_E)

------------------------------------------------------------
SUMMARY:
   Active modules: Concept Graph (A)
   All enabled graph modules are functioning properly.
============================================================
2026-05-06 03:12:49,518 - INFO - [junyi|junyi_abce_best_no_E_bs64|lr=0.003|drop=0.40] Module activity saved to checkpoints/abce_diag/remote_writer_residual_matched_probe_20260506_a5a38c6/junyi/seed42/best_no_E_bs64/module_activity.json
[GPU] Status: [GPU 2: 22319MiB free]
2026-05-06 03:12:49,564 - INFO - Using device: cuda:0 (physical gpu 2)
2026-05-06 03:12:49,564 - INFO - Loading model from checkpoints/abce_diag/remote_writer_residual_matched_probe_20260506_a5a38c6/junyi/seed42/best_no_E_bs64/best_model.pth...
2026-05-06 03:12:49,641 - INFO - [Inference Filter] before=67063, after=60494, dropped=6569, coverage=90.20% (train-only seen student/item support)
2026-05-06 03:12:49,662 - INFO - Inference switches: ablate_module1=False | enable_module1=True | use_concept_graph=True | effective(num_gnn_layers=2)
2026-05-06 03:12:49,693 - INFO - [Inference] Ablation runtime check: args(ablate_module1=False) | expect(use_concept_graph=True,use_personal_graph=False) | model(enable_module1=True,use_concept_graph=True,use_personal_graph=False) | physical(has_knowledge_encoder=True,has_relation_learning=True,has_adaptive_gate=False,has_personal_generator=False)
2026-05-06 03:12:49,693 - INFO - [Inference] [Graph Init] graph_tau_mean=1.0055, graph_tau_std=0.0000, graph_dropout=0.000, use_personal_graph=False
2026-05-06 03:12:49,695 - INFO - Model loaded from epoch 4. Start testing...
2026-05-06 03:12:49,916 - INFO - 
==================================================
2026-05-06 03:12:49,916 - INFO - Test Results:
2026-05-06 03:12:49,916 - INFO - AUC: 0.7475
2026-05-06 03:12:49,916 - INFO - ACC: 0.7109
2026-05-06 03:12:49,916 - INFO - RMSE: 0.4308
2026-05-06 03:12:49,916 - INFO - ==================================================
2026-05-06 03:12:49,939 - INFO - Summary appended to /home/zsh/ConceptSkillCDM/results/experiment_results.csv
2026-05-06 03:12:49,941 - INFO - Run completed.
2026-05-06 03:12:49,941 - INFO - Best validation AUC: 0.7812 at epoch 4
2026-05-06 03:12:49,941 - INFO - Test metrics - AUC: 0.7475, ACC: 0.7109, RMSE: 0.4308
[DONE] dataset=junyi seed=42 profile=best ablation=no_E_bs64 exit=0 auc=0.7475106467722664
[SUMMARY] rows=7, summary_rows=2, mean_rows=2
[SUMMARY] dataset=assist_09 seed=42 profile=best dA=0.03244326898641847 dE=0.04163411672800177 keep=A,E reason=E-padded-row-artifact;A-live-but-collapsed
[SUMMARY] dataset=junyi seed=42 profile=best dA=0.0026348846472011855 dE=-0.004258954445169438 keep=E reason=E-misaligned;query-readout-overamplified;A-live-but-collapsed
