2026-04-12 06:58:13,437 - INFO - Arguments:
2026-04-12 06:58:13,437 - INFO -   ablate_concept_graph: False
2026-04-12 06:58:13,437 - INFO -   ablate_module1: False
2026-04-12 06:58:13,437 - INFO -   allow_self_loop: True
2026-04-12 06:58:13,437 - INFO -   alpha_min_target: 0.0
2026-04-12 06:58:13,437 - INFO -   batch_size: 128
2026-04-12 06:58:13,437 - INFO -   data_dir: ./data/assist_09
2026-04-12 06:58:13,437 - INFO -   dataset_name: assist_09
2026-04-12 06:58:13,437 - INFO -   debug_graph_diag: True
2026-04-12 06:58:13,438 - INFO -   diag_batches: 1
2026-04-12 06:58:13,438 - INFO -   disable_self_loop: False
2026-04-12 06:58:13,438 - INFO -   dropout: 0.2
2026-04-12 06:58:13,438 - INFO -   early_stop_patience: 3
2026-04-12 06:58:13,438 - INFO -   enable_module1: True
2026-04-12 06:58:13,438 - INFO -   epochs: 100
2026-04-12 06:58:13,438 - INFO -   generate_diagnosis: False
2026-04-12 06:58:13,438 - INFO -   gnn_residual_weight: 0.5
2026-04-12 06:58:13,438 - INFO -   gpu_candidates: None
2026-04-12 06:58:13,438 - INFO -   gpu_ids: None
2026-04-12 06:58:13,438 - INFO -   gpu_memory_threshold: 2000
2026-04-12 06:58:13,438 - INFO -   gpus: None
2026-04-12 06:58:13,438 - INFO -   graph_dropout: 0.0
2026-04-12 06:58:13,438 - INFO -   graph_entropy_max: 0.8
2026-04-12 06:58:13,438 - INFO -   graph_entropy_min: 0.15
2026-04-12 06:58:13,438 - INFO -   graph_identity_residual: 0.2
2026-04-12 06:58:13,438 - INFO -   graph_reg_cap_ratio: 6.0
2026-04-12 06:58:13,438 - INFO -   graph_reg_warmup_epochs: 0
2026-04-12 06:58:13,438 - INFO -   graph_tau_init: 0.55
2026-04-12 06:58:13,438 - INFO -   graph_topk: 12
2026-04-12 06:58:13,438 - INFO -   graph_uniform_margin: 0.1
2026-04-12 06:58:13,438 - INFO -   knowledge_dim: 64
2026-04-12 06:58:13,438 - INFO -   lambda_alpha: 0.05
2026-04-12 06:58:13,438 - INFO -   lambda_alpha_min: 0.0
2026-04-12 06:58:13,438 - INFO -   lambda_graph_diag: 0.1
2026-04-12 06:58:13,438 - INFO -   lambda_graph_uniform: 0.04
2026-04-12 06:58:13,439 - INFO -   lambda_sparse: 1.0
2026-04-12 06:58:13,439 - INFO -   lambda_sparse_personal: 0.002
2026-04-12 06:58:13,439 - INFO -   learning_rate: 0.0003
2026-04-12 06:58:13,439 - INFO -   log_dir: logs/abce_diag/ae_fix_20260412_fdafa52/assist_09/seed42/best_full
2026-04-12 06:58:13,439 - INFO -   min_exer_interactions: 0
2026-04-12 06:58:13,439 - INFO -   min_poison_count: 0
2026-04-12 06:58:13,439 - INFO -   min_stu_interactions: 15
2026-04-12 06:58:13,439 - INFO -   model_variant: assist_09_abce_best_full
2026-04-12 06:58:13,439 - INFO -   multi_gpu: False
2026-04-12 06:58:13,439 - INFO -   no_cuda: False
2026-04-12 06:58:13,439 - INFO -   num_gnn_layers: 1
2026-04-12 06:58:13,439 - INFO -   num_gpus: 1
2026-04-12 06:58:13,439 - INFO -   num_relation_heads: 2
2026-04-12 06:58:13,439 - INFO -   num_workers: 4
2026-04-12 06:58:13,439 - INFO -   patience: 5
2026-04-12 06:58:13,439 - INFO -   personal_delta_scale: 1.0
2026-04-12 06:58:13,439 - INFO -   personal_max_alpha: 0.35
2026-04-12 06:58:13,439 - INFO -   personal_rank: 4
2026-04-12 06:58:13,439 - INFO -   personal_student_dim: None
2026-04-12 06:58:13,439 - INFO -   personal_warmup_epochs: 0
2026-04-12 06:58:13,439 - INFO -   prediction_l2_lambda: 1e-05
2026-04-12 06:58:13,439 - INFO -   save_dir: checkpoints/abce_diag/ae_fix_20260412_fdafa52/assist_09/seed42/best_full
2026-04-12 06:58:13,439 - INFO -   save_interval: 10
2026-04-12 06:58:13,439 - INFO -   seed: 42
2026-04-12 06:58:13,439 - INFO -   use_concept_graph: True
2026-04-12 06:58:13,439 - INFO -   use_exercise_graph: True
2026-04-12 06:58:13,440 - INFO -   use_personal_graph: True
2026-04-12 06:58:13,440 - INFO -   weight_decay: 1e-05
2026-04-12 06:58:13,540 - INFO - Arguments:
2026-04-12 06:58:13,540 - INFO -   ablate_concept_graph: True
2026-04-12 06:58:13,540 - INFO -   ablate_module1: False
2026-04-12 06:58:13,540 - INFO -   allow_self_loop: True
2026-04-12 06:58:13,540 - INFO -   alpha_min_target: 0.0
2026-04-12 06:58:13,540 - INFO -   batch_size: 128
2026-04-12 06:58:13,540 - INFO -   data_dir: ./data/assist_09
2026-04-12 06:58:13,540 - INFO -   dataset_name: assist_09
2026-04-12 06:58:13,540 - INFO -   debug_graph_diag: True
2026-04-12 06:58:13,540 - INFO -   diag_batches: 1
2026-04-12 06:58:13,540 - INFO -   disable_self_loop: False
2026-04-12 06:58:13,540 - INFO -   dropout: 0.2
2026-04-12 06:58:13,541 - INFO -   early_stop_patience: 3
2026-04-12 06:58:13,541 - INFO -   enable_module1: True
2026-04-12 06:58:13,541 - INFO -   epochs: 100
2026-04-12 06:58:13,541 - INFO -   generate_diagnosis: False
2026-04-12 06:58:13,541 - INFO -   gnn_residual_weight: 0.5
2026-04-12 06:58:13,541 - INFO -   gpu_candidates: None
2026-04-12 06:58:13,541 - INFO -   gpu_ids: None
2026-04-12 06:58:13,541 - INFO -   gpu_memory_threshold: 2000
2026-04-12 06:58:13,541 - INFO -   gpus: None
2026-04-12 06:58:13,541 - INFO -   graph_dropout: 0.0
2026-04-12 06:58:13,541 - INFO -   graph_entropy_max: 0.8
2026-04-12 06:58:13,541 - INFO -   graph_entropy_min: 0.15
2026-04-12 06:58:13,541 - INFO -   graph_identity_residual: 0.2
2026-04-12 06:58:13,541 - INFO -   graph_reg_cap_ratio: 6.0
2026-04-12 06:58:13,541 - INFO -   graph_reg_warmup_epochs: 0
2026-04-12 06:58:13,541 - INFO -   graph_tau_init: 0.55
2026-04-12 06:58:13,541 - INFO -   graph_topk: 12
2026-04-12 06:58:13,541 - INFO -   graph_uniform_margin: 0.1
2026-04-12 06:58:13,541 - INFO -   knowledge_dim: 64
2026-04-12 06:58:13,541 - INFO -   lambda_alpha: 0.05
2026-04-12 06:58:13,541 - INFO -   lambda_alpha_min: 0.0
2026-04-12 06:58:13,541 - INFO -   lambda_graph_diag: 0.1
2026-04-12 06:58:13,541 - INFO -   lambda_graph_uniform: 0.04
2026-04-12 06:58:13,541 - INFO -   lambda_sparse: 1.0
2026-04-12 06:58:13,541 - INFO -   lambda_sparse_personal: 0.002
2026-04-12 06:58:13,541 - INFO -   learning_rate: 0.0003
2026-04-12 06:58:13,541 - INFO -   log_dir: logs/abce_diag/ae_fix_20260412_fdafa52/assist_09/seed42/best_no_A
2026-04-12 06:58:13,541 - INFO - Using device: cuda:0 (physical gpu 1)
2026-04-12 06:58:13,541 - INFO -   min_exer_interactions: 0
2026-04-12 06:58:13,541 - INFO -   min_poison_count: 0
2026-04-12 06:58:13,541 - INFO -   min_stu_interactions: 15
2026-04-12 06:58:13,541 - INFO -   model_variant: assist_09_abce_best_no_A
2026-04-12 06:58:13,541 - INFO -   multi_gpu: False
2026-04-12 06:58:13,541 - INFO -   no_cuda: False
2026-04-12 06:58:13,542 - INFO -   num_gnn_layers: 0
2026-04-12 06:58:13,542 - INFO -   num_gpus: 1
2026-04-12 06:58:13,542 - INFO -   num_relation_heads: 2
2026-04-12 06:58:13,541 - INFO - [assist_09|assist_09_abce_best_full|lr=0.0003|drop=0.20] Loading datasets...
2026-04-12 06:58:13,542 - INFO -   num_workers: 4
2026-04-12 06:58:13,542 - INFO -   patience: 5
2026-04-12 06:58:13,542 - INFO -   personal_delta_scale: 1.0
2026-04-12 06:58:13,542 - INFO -   personal_max_alpha: 0.35
2026-04-12 06:58:13,542 - INFO - [assist_09|assist_09_abce_best_full|lr=0.0003|drop=0.20] Regularization: graph_entropy(lambda_sparse)=1.000000, graph_diag=0.100000, graph_uniform=0.040000, personal_sparse=0.002000, alpha_penalty=0.050000, alpha_min=0.000000, prediction_l2=0.000010
2026-04-12 06:58:13,542 - INFO -   personal_rank: 4
2026-04-12 06:58:13,542 - INFO -   personal_student_dim: None
2026-04-12 06:58:13,542 - INFO -   personal_warmup_epochs: 0
2026-04-12 06:58:13,542 - INFO - [assist_09|assist_09_abce_best_full|lr=0.0003|drop=0.20] Graph controls: entropy_band=[0.15, 0.80], uniform_margin=0.10, warmup_epochs=0, cap_ratio=6.00, graph_dropout=0.000, graph_tau_init=0.550
2026-04-12 06:58:13,542 - INFO -   prediction_l2_lambda: 1e-05
2026-04-12 06:58:13,542 - INFO -   save_dir: checkpoints/abce_diag/ae_fix_20260412_fdafa52/assist_09/seed42/best_no_A
2026-04-12 06:58:13,542 - INFO -   save_interval: 10
2026-04-12 06:58:13,542 - INFO - [assist_09|assist_09_abce_best_full|lr=0.0003|drop=0.20] Personal controls: personal_max_alpha=0.350, personal_delta_scale=1.000, personal_warmup_epochs=0, personal_student_dim=None, alpha_min_target=0.0000
2026-04-12 06:58:13,542 - INFO -   seed: 42
2026-04-12 06:58:13,542 - INFO -   use_concept_graph: False
2026-04-12 06:58:13,542 - INFO -   use_exercise_graph: False
2026-04-12 06:58:13,542 - INFO -   use_personal_graph: True
2026-04-12 06:58:13,542 - INFO -   weight_decay: 1e-05
2026-04-12 06:58:13,623 - INFO - Using device: cuda:0 (physical gpu 2)
2026-04-12 06:58:13,623 - INFO - [assist_09|assist_09_abce_best_no_A|lr=0.0003|drop=0.20] Loading datasets...
2026-04-12 06:58:13,623 - INFO - [assist_09|assist_09_abce_best_no_A|lr=0.0003|drop=0.20] Regularization: graph_entropy(lambda_sparse)=1.000000, graph_diag=0.100000, graph_uniform=0.040000, personal_sparse=0.002000, alpha_penalty=0.050000, alpha_min=0.000000, prediction_l2=0.000010
2026-04-12 06:58:13,623 - INFO - [assist_09|assist_09_abce_best_no_A|lr=0.0003|drop=0.20] Graph controls: entropy_band=[0.15, 0.80], uniform_margin=0.10, warmup_epochs=0, cap_ratio=6.00, graph_dropout=0.000, graph_tau_init=0.550
2026-04-12 06:58:13,623 - INFO - [assist_09|assist_09_abce_best_no_A|lr=0.0003|drop=0.20] Personal controls: personal_max_alpha=0.350, personal_delta_scale=1.000, personal_warmup_epochs=0, personal_student_dim=None, alpha_min_target=0.0000
2026-04-12 06:58:13,639 - INFO - [assist_09] [数据清洗] 学生交互次数 < 15 次的学生：共移除 0 个学生（仅统计用户数）
2026-04-12 06:58:13,651 - INFO - [assist_09] [数据清洗] 学生冷启动过滤：在 train/valid/test 中共删除 0 条记录。
2026-04-12 06:58:13,652 - INFO - [assist_09] [数据清洗] 跳过题目冷门过滤（min_exer_interactions <= 0）。
2026-04-12 06:58:13,652 - INFO - [assist_09] [数据清洗] 跳过毒题清洗（min_poison_count <= 0）。
2026-04-12 06:58:13,652 - INFO - [assist_09] 正在构建ID映射...
2026-04-12 06:58:13,696 - INFO - [assist_09] [数据清洗] 学生交互次数 < 15 次的学生：共移除 0 个学生（仅统计用户数）
2026-04-12 06:58:13,705 - INFO - [assist_09] [数据清洗] 学生冷启动过滤：在 train/valid/test 中共删除 0 条记录。
2026-04-12 06:58:13,705 - INFO - [assist_09] [数据清洗] 跳过题目冷门过滤（min_exer_interactions <= 0）。
2026-04-12 06:58:13,705 - INFO - [assist_09] [数据清洗] 跳过毒题清洗（min_poison_count <= 0）。
2026-04-12 06:58:13,705 - INFO - [assist_09] 正在构建ID映射...
2026-04-12 06:58:13,842 - INFO - [assist_09] 正在构建Q矩阵...
2026-04-12 06:58:13,871 - INFO - [assist_09] 正在构建Q矩阵...
2026-04-12 06:58:22,046 - INFO - [assist_09] [统计] 开始统计清洗后每道题的概念数量分布...
2026-04-12 06:58:22,053 - INFO - [assist_09] [Train] 概念数统计：题目数=17099, 平均概念数=1.1992, min=1, max=4, 1概念=14168 (82.86%), ≥2概念=2931 (17.14%)
2026-04-12 06:58:22,053 - INFO - [assist_09] [Train] 概念数直方图（概念数: 题目数量）: {1: 14168, 2: 2536, 3: 315, 4: 80}
2026-04-12 06:58:22,057 - INFO - [assist_09] [Valid] 概念数统计：题目数=9274, 平均概念数=1.1993, min=1, max=4, 1概念=7697 (83.00%), ≥2概念=1577 (17.00%)
2026-04-12 06:58:22,057 - INFO - [assist_09] [Valid] 概念数直方图（概念数: 题目数量）: {1: 7697, 2: 1356, 3: 171, 4: 50}
2026-04-12 06:58:22,061 - INFO - [assist_09] [Test] 概念数统计：题目数=13331, 平均概念数=1.1962, min=1, max=4, 1概念=11110 (83.34%), ≥2概念=2221 (16.66%)
2026-04-12 06:58:22,061 - INFO - [assist_09] [Test] 概念数直方图（概念数: 题目数量）: {1: 11110, 2: 1891, 3: 265, 4: 65}
2026-04-12 06:58:22,061 - INFO - [assist_09] [统计] 概念数量统计完成。
2026-04-12 06:58:22,061 - INFO - [assist_09] 正在加载数据集...
2026-04-12 06:58:22,126 - INFO - [assist_09|assist_09_abce_best_no_A|lr=0.0003|drop=0.20] Train samples: 194489, Val samples: 20385
2026-04-12 06:58:22,126 - INFO - [assist_09|assist_09_abce_best_no_A|lr=0.0003|drop=0.20] Number of students: 2493
2026-04-12 06:58:22,126 - INFO - [assist_09|assist_09_abce_best_no_A|lr=0.0003|drop=0.20] Number of exercises: 17676
2026-04-12 06:58:22,126 - INFO - [assist_09|assist_09_abce_best_no_A|lr=0.0003|drop=0.20] Number of concepts: 123
2026-04-12 06:58:22,126 - INFO - [assist_09|assist_09_abce_best_no_A|lr=0.0003|drop=0.20] Creating model...
2026-04-12 06:58:22,126 - INFO - [assist_09|assist_09_abce_best_no_A|lr=0.0003|drop=0.20] Ablation switches: ablate_module1=False | enable_module1=True | use_concept_graph=False | effective(num_gnn_layers=0)
2026-04-12 06:58:22,165 - INFO - [assist_09] [统计] 开始统计清洗后每道题的概念数量分布...
2026-04-12 06:58:22,171 - INFO - [assist_09] [Train] 概念数统计：题目数=17099, 平均概念数=1.1992, min=1, max=4, 1概念=14168 (82.86%), ≥2概念=2931 (17.14%)
2026-04-12 06:58:22,171 - INFO - [assist_09] [Train] 概念数直方图（概念数: 题目数量）: {1: 14168, 2: 2536, 3: 315, 4: 80}
2026-04-12 06:58:22,174 - INFO - [assist_09] [Valid] 概念数统计：题目数=9274, 平均概念数=1.1993, min=1, max=4, 1概念=7697 (83.00%), ≥2概念=1577 (17.00%)
2026-04-12 06:58:22,174 - INFO - [assist_09] [Valid] 概念数直方图（概念数: 题目数量）: {1: 7697, 2: 1356, 3: 171, 4: 50}
2026-04-12 06:58:22,178 - INFO - [assist_09] [Test] 概念数统计：题目数=13331, 平均概念数=1.1962, min=1, max=4, 1概念=11110 (83.34%), ≥2概念=2221 (16.66%)
2026-04-12 06:58:22,178 - INFO - [assist_09] [Test] 概念数直方图（概念数: 题目数量）: {1: 11110, 2: 1891, 3: 265, 4: 65}
2026-04-12 06:58:22,179 - INFO - [assist_09] [统计] 概念数量统计完成。
2026-04-12 06:58:22,179 - INFO - [assist_09] 正在加载数据集...
2026-04-12 06:58:22,254 - INFO - [assist_09|assist_09_abce_best_full|lr=0.0003|drop=0.20] Train samples: 194489, Val samples: 20385
2026-04-12 06:58:22,254 - INFO - [assist_09|assist_09_abce_best_full|lr=0.0003|drop=0.20] Number of students: 2493
2026-04-12 06:58:22,254 - INFO - [assist_09|assist_09_abce_best_full|lr=0.0003|drop=0.20] Number of exercises: 17676
2026-04-12 06:58:22,254 - INFO - [assist_09|assist_09_abce_best_full|lr=0.0003|drop=0.20] Number of concepts: 123
2026-04-12 06:58:22,254 - INFO - [assist_09|assist_09_abce_best_full|lr=0.0003|drop=0.20] Creating model...
2026-04-12 06:58:22,254 - INFO - [assist_09|assist_09_abce_best_full|lr=0.0003|drop=0.20] Ablation switches: ablate_module1=False | enable_module1=True | use_concept_graph=True | effective(num_gnn_layers=1)
2026-04-12 06:58:22,260 - INFO - [assist_09|assist_09_abce_best_no_A|lr=0.0003|drop=0.20] Ablation runtime check: args(ablate_module1=False) | model(enable_module1=True) | physical(has_knowledge_encoder=True)
2026-04-12 06:58:22,260 - INFO - [assist_09|assist_09_abce_best_no_A|lr=0.0003|drop=0.20] Debug diagnostics enabled: diag_batches=1
2026-04-12 06:58:22,260 - INFO - [assist_09|assist_09_abce_best_no_A|lr=0.0003|drop=0.20] [Graph Init] graph_tau_mean=0.0000, graph_tau_std=0.0000, graph_dropout=0.000, use_personal_graph=True
2026-04-12 06:58:22,261 - INFO - [assist_09|assist_09_abce_best_no_A|lr=0.0003|drop=0.20] Total parameters: 819,338
2026-04-12 06:58:22,261 - INFO - [assist_09|assist_09_abce_best_no_A|lr=0.0003|drop=0.20] Trainable parameters: 819,338
2026-04-12 06:58:22,379 - INFO - [assist_09|assist_09_abce_best_full|lr=0.0003|drop=0.20] Ablation runtime check: args(ablate_module1=False) | model(enable_module1=True) | physical(has_knowledge_encoder=True)
2026-04-12 06:58:22,379 - INFO - [assist_09|assist_09_abce_best_full|lr=0.0003|drop=0.20] Debug diagnostics enabled: diag_batches=1
2026-04-12 06:58:22,398 - INFO - [assist_09|assist_09_abce_best_full|lr=0.0003|drop=0.20] [Graph Init] graph_tau_mean=1.0055, graph_tau_std=0.0000, graph_dropout=0.000, use_personal_graph=True
2026-04-12 06:58:22,399 - INFO - [assist_09|assist_09_abce_best_full|lr=0.0003|drop=0.20] Total parameters: 859,856
2026-04-12 06:58:22,399 - INFO - [assist_09|assist_09_abce_best_full|lr=0.0003|drop=0.20] Trainable parameters: 859,856
2026-04-12 06:58:23,068 - INFO - [assist_09|assist_09_abce_best_no_A|lr=0.0003|drop=0.20] Starting training...
[GPU] Status: [GPU 2: 24088MiB free]
2026-04-12 06:58:23,202 - INFO - [assist_09|assist_09_abce_best_full|lr=0.0003|drop=0.20] Starting training...
[GPU] Status: [GPU 1: 24088MiB free]
2026-04-12 06:58:49,206 - INFO - [assist_09|assist_09_abce_best_no_A|lr=0.0003|drop=0.20] Epoch [001/100] | Train: Loss=0.6259, BCE=0.6277, Reg=-0.0018, AUC=0.6252, ACC=0.6577, RMSE=0.4676 | Val: Loss=0.5912, BCE=0.5936, Reg=-0.0024, AUC=0.7072, ACC=0.6798, RMSE=0.4509
2026-04-12 06:58:49,206 - INFO - [assist_09|assist_09_abce_best_no_A|lr=0.0003|drop=0.20] [Reg Terms] Epoch [001] | Train: graph_entropy=0.000000, graph_diag=0.000000, graph_uniform=0.000000, graph_reg_scale=1.0000, prediction_l2=0.000000, personal_sparse=0.000000, alpha_var=-0.001801, alpha_collapse=0.000000, reg_bce_ratio=-0.0029 | Val: graph_entropy=0.000000, graph_diag=0.000000, graph_uniform=0.000000, graph_reg_scale=1.0000, prediction_l2=0.000000, personal_sparse=0.000000, alpha_var=-0.002444, alpha_collapse=0.000000, reg_bce_ratio=-0.0041
2026-04-12 06:58:49,464 - INFO - [assist_09|assist_09_abce_best_no_A|lr=0.0003|drop=0.20] [Diag][AE] Epoch [001] | irt_abs_mean=0.8982, irt_std=0.3952, personal_warmup_scale=1.00, graph_row_entropy=0.0000, graph_entropy_ratio=0.0000, alpha_mean=0.1749, alpha_std=0.1748, alpha_bias_std=0.1749, personal_row_entropy=0.0000, personal_matrix_delta=0.0000, personal_matrix_student_std=0.0000, personal_delta_pre_softmax_norm=0.0000, personal_delta_student_std=0.0000, alpha_head_std=0.1748
2026-04-12 06:58:49,464 - INFO - [assist_09|assist_09_abce_best_no_A|lr=0.0003|drop=0.20] [Diag][Graph] Epoch [001] | entropy_ratio=0.0000, diag_mass=1.0000, to_uniform_l2=0.089800, to_identity_l2=0.000000, tau_mean=0.0000, tau_std=0.0000, graph_reg_scale(train/val)=1.0000/1.0000
2026-04-12 06:58:49,464 - WARNING - [assist_09|assist_09_abce_best_no_A|lr=0.0003|drop=0.20] [Diag Warning][E] personal_delta_student_std is near zero: personal_delta_student_std=0.000000, personal_delta_pre_softmax_norm=0.000000
2026-04-12 06:58:49,464 - INFO - [assist_09|assist_09_abce_best_no_A|lr=0.0003|drop=0.20] [Grad Norms] Epoch [001] | relation_emb=0.000000e+00, relation_tau=0.000000e+00, relation_wq=0.000000e+00, relation_wk=0.000000e+00, personal_u=1.098051e-18, personal_v=1.278858e-18, personal_alpha_bias=1.098243e-03, personal_gate_emb=3.749856e-08, personal_gate_student_proj=2.540992e-10, personal_gate_context_proj=1.962810e-05, personal_gate_student_direct=2.260675e-10, personal_gate_context_direct=1.631427e-05, personal_gate_out=1.870003e-05, personal_generator_emb=0.000000e+00, personal_generator_context_proj=0.000000e+00, personal_generator_context_hidden=0.000000e+00, personal_generator_context_to_u=0.000000e+00, personal_generator_context_to_v=0.000000e+00
2026-04-12 06:58:49,711 - INFO - [assist_09|assist_09_abce_best_no_A|lr=0.0003|drop=0.20] -> New best AUC=0.7072 at epoch 1
2026-04-12 06:59:07,879 - INFO - [assist_09|assist_09_abce_best_full|lr=0.0003|drop=0.20] Epoch [001/100] | Train: Loss=0.6193, BCE=0.5912, Reg=0.0281, AUC=0.6851, ACC=0.6903, RMSE=0.4499 | Val: Loss=0.5929, BCE=0.5672, Reg=0.0257, AUC=0.7282, ACC=0.7109, RMSE=0.4383
2026-04-12 06:59:07,879 - INFO - [assist_09|assist_09_abce_best_full|lr=0.0003|drop=0.20] [Reg Terms] Epoch [001] | Train: graph_entropy=0.000000, graph_diag=0.022118, graph_uniform=0.002893, graph_reg_scale=1.0000, prediction_l2=0.000000, personal_sparse=0.004881, alpha_var=-0.001815, alpha_collapse=0.000000, reg_bce_ratio=0.0475 | Val: graph_entropy=0.000000, graph_diag=0.020300, graph_uniform=0.002931, graph_reg_scale=1.0000, prediction_l2=0.000000, personal_sparse=0.004943, alpha_var=-0.002487, alpha_collapse=0.000000, reg_bce_ratio=0.0453
2026-04-12 06:59:08,158 - INFO - [assist_09|assist_09_abce_best_full|lr=0.0003|drop=0.20] [Diag][AE] Epoch [001] | irt_abs_mean=1.2587, irt_std=0.6442, personal_warmup_scale=1.00, graph_row_entropy=2.4716, graph_entropy_ratio=0.5136, alpha_mean=0.1749, alpha_std=0.1748, alpha_bias_std=0.1760, personal_row_entropy=2.4716, personal_matrix_delta=0.0000, personal_matrix_student_std=0.0000, personal_delta_pre_softmax_norm=0.0000, personal_delta_student_std=0.0000, alpha_head_std=0.1748
2026-04-12 06:59:08,158 - INFO - [assist_09|assist_09_abce_best_full|lr=0.0003|drop=0.20] [Diag][Graph] Epoch [001] | entropy_ratio=0.5136, diag_mass=0.2030, to_uniform_l2=0.026722, to_identity_l2=0.074896, tau_mean=0.8635, tau_std=0.0019, graph_reg_scale(train/val)=1.0000/1.0000
2026-04-12 06:59:08,158 - WARNING - [assist_09|assist_09_abce_best_full|lr=0.0003|drop=0.20] [Diag Warning][E] personal_delta_student_std is near zero: personal_delta_student_std=0.000000, personal_delta_pre_softmax_norm=0.000009
2026-04-12 06:59:08,158 - INFO - [assist_09|assist_09_abce_best_full|lr=0.0003|drop=0.20] [Grad Norms] Epoch [001] | relation_emb=5.125888e-03, relation_tau=2.267349e-04, relation_wq=3.772769e-04, relation_wk=4.990274e-04, personal_u=8.187021e-10, personal_v=5.610823e-10, personal_alpha_bias=1.054177e-03, personal_gate_emb=2.440458e-08, personal_gate_student_proj=1.243430e-10, personal_gate_context_proj=1.174708e-05, personal_gate_student_direct=1.067596e-10, personal_gate_context_direct=1.005480e-05, personal_gate_out=1.245333e-05, personal_generator_emb=3.491664e-11, personal_generator_context_proj=2.971740e-14, personal_generator_context_hidden=6.950872e-15, personal_generator_context_to_u=1.355166e-11, personal_generator_context_to_v=9.459233e-12
2026-04-12 06:59:08,417 - INFO - [assist_09|assist_09_abce_best_full|lr=0.0003|drop=0.20] -> New best AUC=0.7282 at epoch 1
2026-04-12 06:59:15,281 - INFO - [assist_09|assist_09_abce_best_no_A|lr=0.0003|drop=0.20] Epoch [002/100] | Train: Loss=0.5736, BCE=0.5771, Reg=-0.0035, AUC=0.7235, ACC=0.6986, RMSE=0.4431 | Val: Loss=0.5686, BCE=0.5734, Reg=-0.0048, AUC=0.7258, ACC=0.7015, RMSE=0.4415
2026-04-12 06:59:15,282 - INFO - [assist_09|assist_09_abce_best_no_A|lr=0.0003|drop=0.20] [Reg Terms] Epoch [002] | Train: graph_entropy=0.000000, graph_diag=0.000000, graph_uniform=0.000000, graph_reg_scale=1.0000, prediction_l2=0.000000, personal_sparse=0.000000, alpha_var=-0.003497, alpha_collapse=0.000000, reg_bce_ratio=-0.0061 | Val: graph_entropy=0.000000, graph_diag=0.000000, graph_uniform=0.000000, graph_reg_scale=1.0000, prediction_l2=0.000000, personal_sparse=0.000000, alpha_var=-0.004799, alpha_collapse=0.000000, reg_bce_ratio=-0.0084
2026-04-12 06:59:15,481 - INFO - [assist_09|assist_09_abce_best_no_A|lr=0.0003|drop=0.20] [Diag][AE] Epoch [002] | irt_abs_mean=1.1109, irt_std=0.6002, personal_warmup_scale=1.00, graph_row_entropy=0.0000, graph_entropy_ratio=0.0000, alpha_mean=0.1749, alpha_std=0.1748, alpha_bias_std=0.3306, personal_row_entropy=0.0000, personal_matrix_delta=0.0000, personal_matrix_student_std=0.0000, personal_delta_pre_softmax_norm=0.0000, personal_delta_student_std=0.0000, alpha_head_std=0.1748
2026-04-12 06:59:15,481 - INFO - [assist_09|assist_09_abce_best_no_A|lr=0.0003|drop=0.20] [Diag][Graph] Epoch [002] | entropy_ratio=0.0000, diag_mass=1.0000, to_uniform_l2=0.089800, to_identity_l2=0.000000, tau_mean=0.0000, tau_std=0.0000, graph_reg_scale(train/val)=1.0000/1.0000
2026-04-12 06:59:15,481 - WARNING - [assist_09|assist_09_abce_best_no_A|lr=0.0003|drop=0.20] [Diag Warning][E] personal_delta_student_std is near zero: personal_delta_student_std=0.000000, personal_delta_pre_softmax_norm=0.000000
2026-04-12 06:59:15,481 - INFO - [assist_09|assist_09_abce_best_no_A|lr=0.0003|drop=0.20] [Grad Norms] Epoch [002] | relation_emb=0.000000e+00, relation_tau=0.000000e+00, relation_wq=0.000000e+00, relation_wk=0.000000e+00, personal_u=0.000000e+00, personal_v=0.000000e+00, personal_alpha_bias=1.975714e-03, personal_gate_emb=5.892117e-10, personal_gate_student_proj=4.604364e-12, personal_gate_context_proj=1.625193e-05, personal_gate_student_direct=2.467523e-12, personal_gate_context_direct=8.542069e-06, personal_gate_out=1.270522e-05, personal_generator_emb=0.000000e+00, personal_generator_context_proj=0.000000e+00, personal_generator_context_hidden=0.000000e+00, personal_generator_context_to_u=0.000000e+00, personal_generator_context_to_v=0.000000e+00
2026-04-12 06:59:15,785 - INFO - [assist_09|assist_09_abce_best_no_A|lr=0.0003|drop=0.20] -> New best AUC=0.7258 at epoch 2
2026-04-12 06:59:41,575 - INFO - [assist_09|assist_09_abce_best_no_A|lr=0.0003|drop=0.20] Epoch [003/100] | Train: Loss=0.5525, BCE=0.5589, Reg=-0.0064, AUC=0.7425, ACC=0.7139, RMSE=0.4346 | Val: Loss=0.5558, BCE=0.5640, Reg=-0.0082, AUC=0.7343, ACC=0.7086, RMSE=0.4372
2026-04-12 06:59:41,576 - INFO - [assist_09|assist_09_abce_best_no_A|lr=0.0003|drop=0.20] [Reg Terms] Epoch [003] | Train: graph_entropy=0.000000, graph_diag=0.000000, graph_uniform=0.000000, graph_reg_scale=1.0000, prediction_l2=0.000000, personal_sparse=0.000000, alpha_var=-0.006353, alpha_collapse=0.000000, reg_bce_ratio=-0.0114 | Val: graph_entropy=0.000000, graph_diag=0.000000, graph_uniform=0.000000, graph_reg_scale=1.0000, prediction_l2=0.000000, personal_sparse=0.000000, alpha_var=-0.008197, alpha_collapse=0.000000, reg_bce_ratio=-0.0145
2026-04-12 06:59:41,855 - INFO - [assist_09|assist_09_abce_best_no_A|lr=0.0003|drop=0.20] [Diag][AE] Epoch [003] | irt_abs_mean=1.2332, irt_std=0.7121, personal_warmup_scale=1.00, graph_row_entropy=0.0000, graph_entropy_ratio=0.0000, alpha_mean=0.1750, alpha_std=0.1748, alpha_bias_std=0.4717, personal_row_entropy=0.0000, personal_matrix_delta=0.0000, personal_matrix_student_std=0.0000, personal_delta_pre_softmax_norm=0.0000, personal_delta_student_std=0.0000, alpha_head_std=0.1748
2026-04-12 06:59:41,855 - INFO - [assist_09|assist_09_abce_best_no_A|lr=0.0003|drop=0.20] [Diag][Graph] Epoch [003] | entropy_ratio=0.0000, diag_mass=1.0000, to_uniform_l2=0.089800, to_identity_l2=0.000000, tau_mean=0.0000, tau_std=0.0000, graph_reg_scale(train/val)=1.0000/1.0000
2026-04-12 06:59:41,856 - WARNING - [assist_09|assist_09_abce_best_no_A|lr=0.0003|drop=0.20] [Diag Warning][E] personal_delta_student_std is near zero: personal_delta_student_std=0.000000, personal_delta_pre_softmax_norm=0.000000
2026-04-12 06:59:41,856 - INFO - [assist_09|assist_09_abce_best_no_A|lr=0.0003|drop=0.20] [Grad Norms] Epoch [003] | relation_emb=0.000000e+00, relation_tau=0.000000e+00, relation_wq=0.000000e+00, relation_wk=0.000000e+00, personal_u=0.000000e+00, personal_v=0.000000e+00, personal_alpha_bias=2.813844e-03, personal_gate_emb=8.953994e-14, personal_gate_student_proj=5.001033e-16, personal_gate_context_proj=1.591580e-05, personal_gate_student_direct=1.940260e-16, personal_gate_context_direct=6.171683e-06, personal_gate_out=1.546525e-05, personal_generator_emb=0.000000e+00, personal_generator_context_proj=0.000000e+00, personal_generator_context_hidden=0.000000e+00, personal_generator_context_to_u=0.000000e+00, personal_generator_context_to_v=0.000000e+00
2026-04-12 06:59:42,169 - INFO - [assist_09|assist_09_abce_best_no_A|lr=0.0003|drop=0.20] -> New best AUC=0.7343 at epoch 3
2026-04-12 06:59:53,686 - INFO - [assist_09|assist_09_abce_best_full|lr=0.0003|drop=0.20] Epoch [002/100] | Train: Loss=0.5783, BCE=0.5537, Reg=0.0246, AUC=0.7418, ACC=0.7186, RMSE=0.4320 | Val: Loss=0.5862, BCE=0.5632, Reg=0.0230, AUC=0.7350, ACC=0.7129, RMSE=0.4365
2026-04-12 06:59:53,687 - INFO - [assist_09|assist_09_abce_best_full|lr=0.0003|drop=0.20] [Reg Terms] Epoch [002] | Train: graph_entropy=0.000000, graph_diag=0.020186, graph_uniform=0.002932, graph_reg_scale=1.0000, prediction_l2=0.000000, personal_sparse=0.004943, alpha_var=-0.003504, alpha_collapse=0.000000, reg_bce_ratio=0.0443 | Val: graph_entropy=0.000000, graph_diag=0.020000, graph_uniform=0.002933, graph_reg_scale=1.0000, prediction_l2=0.000000, personal_sparse=0.004945, alpha_var=-0.004925, alpha_collapse=0.000000, reg_bce_ratio=0.0408
2026-04-12 06:59:53,933 - INFO - [assist_09|assist_09_abce_best_full|lr=0.0003|drop=0.20] [Diag][AE] Epoch [002] | irt_abs_mean=1.3800, irt_std=0.6480, personal_warmup_scale=1.00, graph_row_entropy=2.4723, graph_entropy_ratio=0.5138, alpha_mean=0.1750, alpha_std=0.1748, alpha_bias_std=0.3317, personal_row_entropy=2.4723, personal_matrix_delta=0.0000, personal_matrix_student_std=0.0000, personal_delta_pre_softmax_norm=0.0000, personal_delta_student_std=0.0000, alpha_head_std=0.1748
2026-04-12 06:59:53,934 - INFO - [assist_09|assist_09_abce_best_full|lr=0.0003|drop=0.20] [Diag][Graph] Epoch [002] | entropy_ratio=0.5138, diag_mass=0.2000, to_uniform_l2=0.026674, to_identity_l2=0.075204, tau_mean=0.8119, tau_std=0.0080, graph_reg_scale(train/val)=1.0000/1.0000
2026-04-12 06:59:53,934 - WARNING - [assist_09|assist_09_abce_best_full|lr=0.0003|drop=0.20] [Diag Warning][E] personal_delta_student_std is near zero: personal_delta_student_std=0.000000, personal_delta_pre_softmax_norm=0.000001
2026-04-12 06:59:53,934 - INFO - [assist_09|assist_09_abce_best_full|lr=0.0003|drop=0.20] [Grad Norms] Epoch [002] | relation_emb=6.289643e-03, relation_tau=7.948640e-04, relation_wq=3.719569e-04, relation_wk=7.123572e-04, personal_u=2.181920e-18, personal_v=8.244945e-19, personal_alpha_bias=1.913232e-03, personal_gate_emb=2.481976e-09, personal_gate_student_proj=6.919502e-12, personal_gate_context_proj=1.191148e-05, personal_gate_student_direct=3.865553e-12, personal_gate_context_direct=6.635164e-06, personal_gate_out=1.159002e-05, personal_generator_emb=1.635275e-19, personal_generator_context_proj=0.000000e+00, personal_generator_context_hidden=0.000000e+00, personal_generator_context_to_u=0.000000e+00, personal_generator_context_to_v=0.000000e+00
2026-04-12 06:59:54,311 - INFO - [assist_09|assist_09_abce_best_full|lr=0.0003|drop=0.20] -> New best AUC=0.7350 at epoch 2
2026-04-12 07:00:08,774 - INFO - [assist_09|assist_09_abce_best_no_A|lr=0.0003|drop=0.20] Epoch [004/100] | Train: Loss=0.5387, BCE=0.5489, Reg=-0.0102, AUC=0.7522, ACC=0.7212, RMSE=0.4300 | Val: Loss=0.5465, BCE=0.5590, Reg=-0.0125, AUC=0.7393, ACC=0.7123, RMSE=0.4350
2026-04-12 07:00:08,774 - INFO - [assist_09|assist_09_abce_best_no_A|lr=0.0003|drop=0.20] [Reg Terms] Epoch [004] | Train: graph_entropy=0.000000, graph_diag=0.000000, graph_uniform=0.000000, graph_reg_scale=1.0000, prediction_l2=0.000000, personal_sparse=0.000000, alpha_var=-0.010173, alpha_collapse=0.000000, reg_bce_ratio=-0.0185 | Val: graph_entropy=0.000000, graph_diag=0.000000, graph_uniform=0.000000, graph_reg_scale=1.0000, prediction_l2=0.000000, personal_sparse=0.000000, alpha_var=-0.012531, alpha_collapse=0.000000, reg_bce_ratio=-0.0224
2026-04-12 07:00:09,025 - INFO - [assist_09|assist_09_abce_best_no_A|lr=0.0003|drop=0.20] [Diag][AE] Epoch [004] | irt_abs_mean=1.2998, irt_std=0.7444, personal_warmup_scale=1.00, graph_row_entropy=0.0000, graph_entropy_ratio=0.0000, alpha_mean=0.1750, alpha_std=0.1749, alpha_bias_std=0.6033, personal_row_entropy=0.0000, personal_matrix_delta=0.0000, personal_matrix_student_std=0.0000, personal_delta_pre_softmax_norm=0.0000, personal_delta_student_std=0.0000, alpha_head_std=0.1749
2026-04-12 07:00:09,026 - INFO - [assist_09|assist_09_abce_best_no_A|lr=0.0003|drop=0.20] [Diag][Graph] Epoch [004] | entropy_ratio=0.0000, diag_mass=1.0000, to_uniform_l2=0.089800, to_identity_l2=0.000000, tau_mean=0.0000, tau_std=0.0000, graph_reg_scale(train/val)=1.0000/1.0000
2026-04-12 07:00:09,026 - WARNING - [assist_09|assist_09_abce_best_no_A|lr=0.0003|drop=0.20] [Diag Warning][E] personal_delta_student_std is near zero: personal_delta_student_std=0.000000, personal_delta_pre_softmax_norm=0.000000
2026-04-12 07:00:09,026 - INFO - [assist_09|assist_09_abce_best_no_A|lr=0.0003|drop=0.20] [Grad Norms] Epoch [004] | relation_emb=0.000000e+00, relation_tau=0.000000e+00, relation_wq=0.000000e+00, relation_wk=0.000000e+00, personal_u=0.000000e+00, personal_v=0.000000e+00, personal_alpha_bias=3.226256e-03, personal_gate_emb=2.367529e-22, personal_gate_student_proj=0.000000e+00, personal_gate_context_proj=1.432162e-05, personal_gate_student_direct=0.000000e+00, personal_gate_context_direct=5.288427e-06, personal_gate_out=1.471109e-05, personal_generator_emb=0.000000e+00, personal_generator_context_proj=0.000000e+00, personal_generator_context_hidden=0.000000e+00, personal_generator_context_to_u=0.000000e+00, personal_generator_context_to_v=0.000000e+00
2026-04-12 07:00:09,368 - INFO - [assist_09|assist_09_abce_best_no_A|lr=0.0003|drop=0.20] -> New best AUC=0.7393 at epoch 4
2026-04-12 07:00:36,303 - INFO - [assist_09|assist_09_abce_best_no_A|lr=0.0003|drop=0.20] Epoch [005/100] | Train: Loss=0.5276, BCE=0.5425, Reg=-0.0149, AUC=0.7586, ACC=0.7247, RMSE=0.4272 | Val: Loss=0.5384, BCE=0.5561, Reg=-0.0177, AUC=0.7423, ACC=0.7129, RMSE=0.4337
2026-04-12 07:00:36,303 - INFO - [assist_09|assist_09_abce_best_no_A|lr=0.0003|drop=0.20] [Reg Terms] Epoch [005] | Train: graph_entropy=0.000000, graph_diag=0.000000, graph_uniform=0.000000, graph_reg_scale=1.0000, prediction_l2=0.000000, personal_sparse=0.000000, alpha_var=-0.014889, alpha_collapse=0.000000, reg_bce_ratio=-0.0274 | Val: graph_entropy=0.000000, graph_diag=0.000000, graph_uniform=0.000000, graph_reg_scale=1.0000, prediction_l2=0.000000, personal_sparse=0.000000, alpha_var=-0.017741, alpha_collapse=0.000000, reg_bce_ratio=-0.0319
2026-04-12 07:00:36,569 - INFO - [assist_09|assist_09_abce_best_no_A|lr=0.0003|drop=0.20] [Diag][AE] Epoch [005] | irt_abs_mean=1.3162, irt_std=0.7672, personal_warmup_scale=1.00, graph_row_entropy=0.0000, graph_entropy_ratio=0.0000, alpha_mean=0.1750, alpha_std=0.1749, alpha_bias_std=0.7319, personal_row_entropy=0.0000, personal_matrix_delta=0.0000, personal_matrix_student_std=0.0000, personal_delta_pre_softmax_norm=0.0000, personal_delta_student_std=0.0000, alpha_head_std=0.1749
2026-04-12 07:00:36,569 - INFO - [assist_09|assist_09_abce_best_no_A|lr=0.0003|drop=0.20] [Diag][Graph] Epoch [005] | entropy_ratio=0.0000, diag_mass=1.0000, to_uniform_l2=0.089800, to_identity_l2=0.000000, tau_mean=0.0000, tau_std=0.0000, graph_reg_scale(train/val)=1.0000/1.0000
2026-04-12 07:00:36,570 - WARNING - [assist_09|assist_09_abce_best_no_A|lr=0.0003|drop=0.20] [Diag Warning][E] personal_delta_student_std is near zero: personal_delta_student_std=0.000000, personal_delta_pre_softmax_norm=0.000000
2026-04-12 07:00:36,570 - INFO - [assist_09|assist_09_abce_best_no_A|lr=0.0003|drop=0.20] [Grad Norms] Epoch [005] | relation_emb=0.000000e+00, relation_tau=0.000000e+00, relation_wq=0.000000e+00, relation_wk=0.000000e+00, personal_u=0.000000e+00, personal_v=0.000000e+00, personal_alpha_bias=4.402559e-03, personal_gate_emb=0.000000e+00, personal_gate_student_proj=0.000000e+00, personal_gate_context_proj=1.625736e-05, personal_gate_student_direct=0.000000e+00, personal_gate_context_direct=6.165621e-06, personal_gate_out=1.731911e-05, personal_generator_emb=0.000000e+00, personal_generator_context_proj=0.000000e+00, personal_generator_context_hidden=0.000000e+00, personal_generator_context_to_u=0.000000e+00, personal_generator_context_to_v=0.000000e+00
2026-04-12 07:00:36,910 - INFO - [assist_09|assist_09_abce_best_no_A|lr=0.0003|drop=0.20] -> New best AUC=0.7423 at epoch 5
2026-04-12 07:00:39,657 - INFO - [assist_09|assist_09_abce_best_full|lr=0.0003|drop=0.20] Epoch [003/100] | Train: Loss=0.5642, BCE=0.5425, Reg=0.0216, AUC=0.7553, ACC=0.7253, RMSE=0.4270 | Val: Loss=0.5778, BCE=0.5581, Reg=0.0196, AUC=0.7394, ACC=0.7157, RMSE=0.4342
2026-04-12 07:00:39,657 - INFO - [assist_09|assist_09_abce_best_full|lr=0.0003|drop=0.20] [Reg Terms] Epoch [003] | Train: graph_entropy=0.000000, graph_diag=0.020148, graph_uniform=0.002929, graph_reg_scale=1.0000, prediction_l2=0.000000, personal_sparse=0.004935, alpha_var=-0.006366, alpha_collapse=0.000000, reg_bce_ratio=0.0399 | Val: graph_entropy=0.000000, graph_diag=0.020255, graph_uniform=0.002924, graph_reg_scale=1.0000, prediction_l2=0.000000, personal_sparse=0.004926, alpha_var=-0.008458, alpha_collapse=0.000000, reg_bce_ratio=0.0352
2026-04-12 07:00:39,926 - INFO - [assist_09|assist_09_abce_best_full|lr=0.0003|drop=0.20] [Diag][AE] Epoch [003] | irt_abs_mean=1.3316, irt_std=0.7509, personal_warmup_scale=1.00, graph_row_entropy=2.4631, graph_entropy_ratio=0.5119, alpha_mean=0.1750, alpha_std=0.1748, alpha_bias_std=0.4737, personal_row_entropy=2.4632, personal_matrix_delta=0.0000, personal_matrix_student_std=0.0000, personal_delta_pre_softmax_norm=0.0000, personal_delta_student_std=0.0000, alpha_head_std=0.1748
2026-04-12 07:00:39,927 - INFO - [assist_09|assist_09_abce_best_full|lr=0.0003|drop=0.20] [Diag][Graph] Epoch [003] | entropy_ratio=0.5119, diag_mass=0.2025, to_uniform_l2=0.026893, to_identity_l2=0.075006, tau_mean=0.7703, tau_std=0.0097, graph_reg_scale(train/val)=1.0000/1.0000
2026-04-12 07:00:39,927 - WARNING - [assist_09|assist_09_abce_best_full|lr=0.0003|drop=0.20] [Diag Warning][E] personal_delta_student_std is near zero: personal_delta_student_std=0.000000, personal_delta_pre_softmax_norm=0.000002
2026-04-12 07:00:39,927 - INFO - [assist_09|assist_09_abce_best_full|lr=0.0003|drop=0.20] [Grad Norms] Epoch [003] | relation_emb=6.219061e-03, relation_tau=9.884037e-04, relation_wq=5.305562e-04, relation_wk=5.722795e-04, personal_u=0.000000e+00, personal_v=0.000000e+00, personal_alpha_bias=2.861595e-03, personal_gate_emb=9.904300e-12, personal_gate_student_proj=3.321879e-14, personal_gate_context_proj=1.449377e-05, personal_gate_student_direct=1.391980e-14, personal_gate_context_direct=6.084701e-06, personal_gate_out=1.445235e-05, personal_generator_emb=0.000000e+00, personal_generator_context_proj=0.000000e+00, personal_generator_context_hidden=0.000000e+00, personal_generator_context_to_u=0.000000e+00, personal_generator_context_to_v=0.000000e+00
2026-04-12 07:00:40,266 - INFO - [assist_09|assist_09_abce_best_full|lr=0.0003|drop=0.20] -> New best AUC=0.7394 at epoch 3
2026-04-12 07:01:04,988 - INFO - [assist_09|assist_09_abce_best_no_A|lr=0.0003|drop=0.20] Epoch [006/100] | Train: Loss=0.5173, BCE=0.5378, Reg=-0.0205, AUC=0.7635, ACC=0.7267, RMSE=0.4252 | Val: Loss=0.5305, BCE=0.5543, Reg=-0.0238, AUC=0.7446, ACC=0.7140, RMSE=0.4329
2026-04-12 07:01:04,988 - INFO - [assist_09|assist_09_abce_best_no_A|lr=0.0003|drop=0.20] [Reg Terms] Epoch [006] | Train: graph_entropy=0.000000, graph_diag=0.000000, graph_uniform=0.000000, graph_reg_scale=1.0000, prediction_l2=0.000000, personal_sparse=0.000000, alpha_var=-0.020460, alpha_collapse=0.000000, reg_bce_ratio=-0.0380 | Val: graph_entropy=0.000000, graph_diag=0.000000, graph_uniform=0.000000, graph_reg_scale=1.0000, prediction_l2=0.000000, personal_sparse=0.000000, alpha_var=-0.023814, alpha_collapse=0.000000, reg_bce_ratio=-0.0430
2026-04-12 07:01:05,277 - INFO - [assist_09|assist_09_abce_best_no_A|lr=0.0003|drop=0.20] [Diag][AE] Epoch [006] | irt_abs_mean=1.3432, irt_std=0.7854, personal_warmup_scale=1.00, graph_row_entropy=0.0000, graph_entropy_ratio=0.0000, alpha_mean=0.1750, alpha_std=0.1749, alpha_bias_std=0.8578, personal_row_entropy=0.0000, personal_matrix_delta=0.0000, personal_matrix_student_std=0.0000, personal_delta_pre_softmax_norm=0.0000, personal_delta_student_std=0.0000, alpha_head_std=0.1749
2026-04-12 07:01:05,277 - INFO - [assist_09|assist_09_abce_best_no_A|lr=0.0003|drop=0.20] [Diag][Graph] Epoch [006] | entropy_ratio=0.0000, diag_mass=1.0000, to_uniform_l2=0.089800, to_identity_l2=0.000000, tau_mean=0.0000, tau_std=0.0000, graph_reg_scale(train/val)=1.0000/1.0000
2026-04-12 07:01:05,277 - WARNING - [assist_09|assist_09_abce_best_no_A|lr=0.0003|drop=0.20] [Diag Warning][E] personal_delta_student_std is near zero: personal_delta_student_std=0.000000, personal_delta_pre_softmax_norm=0.000000
2026-04-12 07:01:05,277 - INFO - [assist_09|assist_09_abce_best_no_A|lr=0.0003|drop=0.20] [Grad Norms] Epoch [006] | relation_emb=0.000000e+00, relation_tau=0.000000e+00, relation_wq=0.000000e+00, relation_wk=0.000000e+00, personal_u=0.000000e+00, personal_v=0.000000e+00, personal_alpha_bias=4.324025e-03, personal_gate_emb=0.000000e+00, personal_gate_student_proj=0.000000e+00, personal_gate_context_proj=1.115240e-05, personal_gate_student_direct=0.000000e+00, personal_gate_context_direct=4.269329e-06, personal_gate_out=1.195547e-05, personal_generator_emb=0.000000e+00, personal_generator_context_proj=0.000000e+00, personal_generator_context_hidden=0.000000e+00, personal_generator_context_to_u=0.000000e+00, personal_generator_context_to_v=0.000000e+00
2026-04-12 07:01:05,649 - INFO - [assist_09|assist_09_abce_best_no_A|lr=0.0003|drop=0.20] -> New best AUC=0.7446 at epoch 6
2026-04-12 07:01:27,643 - INFO - [assist_09|assist_09_abce_best_full|lr=0.0003|drop=0.20] Epoch [004/100] | Train: Loss=0.5506, BCE=0.5328, Reg=0.0178, AUC=0.7668, ACC=0.7305, RMSE=0.4227 | Val: Loss=0.5713, BCE=0.5564, Reg=0.0149, AUC=0.7430, ACC=0.7182, RMSE=0.4332
2026-04-12 07:01:27,644 - INFO - [assist_09|assist_09_abce_best_full|lr=0.0003|drop=0.20] [Reg Terms] Epoch [004] | Train: graph_entropy=0.000000, graph_diag=0.020102, graph_uniform=0.002926, graph_reg_scale=1.0000, prediction_l2=0.000000, personal_sparse=0.004930, alpha_var=-0.010196, alpha_collapse=0.000000, reg_bce_ratio=0.0333 | Val: graph_entropy=0.000000, graph_diag=0.020000, graph_uniform=0.002923, graph_reg_scale=1.0000, prediction_l2=0.000000, personal_sparse=0.004922, alpha_var=-0.012954, alpha_collapse=0.000000, reg_bce_ratio=0.0268
2026-04-12 07:01:27,897 - INFO - [assist_09|assist_09_abce_best_full|lr=0.0003|drop=0.20] [Diag][AE] Epoch [004] | irt_abs_mean=1.4338, irt_std=0.7905, personal_warmup_scale=1.00, graph_row_entropy=2.4608, graph_entropy_ratio=0.5114, alpha_mean=0.1750, alpha_std=0.1748, alpha_bias_std=0.6079, personal_row_entropy=2.4608, personal_matrix_delta=0.0000, personal_matrix_student_std=0.0000, personal_delta_pre_softmax_norm=0.0000, personal_delta_student_std=0.0000, alpha_head_std=0.1748
2026-04-12 07:01:27,897 - INFO - [assist_09|assist_09_abce_best_full|lr=0.0003|drop=0.20] [Diag][Graph] Epoch [004] | entropy_ratio=0.5114, diag_mass=0.2000, to_uniform_l2=0.026936, to_identity_l2=0.075297, tau_mean=0.7330, tau_std=0.0100, graph_reg_scale(train/val)=1.0000/1.0000
2026-04-12 07:01:27,897 - WARNING - [assist_09|assist_09_abce_best_full|lr=0.0003|drop=0.20] [Diag Warning][E] personal_delta_student_std is near zero: personal_delta_student_std=0.000000, personal_delta_pre_softmax_norm=0.000001
2026-04-12 07:01:27,897 - INFO - [assist_09|assist_09_abce_best_full|lr=0.0003|drop=0.20] [Grad Norms] Epoch [004] | relation_emb=3.135847e-03, relation_tau=3.805470e-04, relation_wq=2.166528e-04, relation_wk=2.811450e-04, personal_u=0.000000e+00, personal_v=0.000000e+00, personal_alpha_bias=2.989859e-03, personal_gate_emb=5.074518e-18, personal_gate_student_proj=2.579865e-20, personal_gate_context_proj=1.738787e-05, personal_gate_student_direct=1.023597e-20, personal_gate_context_direct=6.943275e-06, personal_gate_out=1.790591e-05, personal_generator_emb=0.000000e+00, personal_generator_context_proj=0.000000e+00, personal_generator_context_hidden=0.000000e+00, personal_generator_context_to_u=0.000000e+00, personal_generator_context_to_v=0.000000e+00
2026-04-12 07:01:28,229 - INFO - [assist_09|assist_09_abce_best_full|lr=0.0003|drop=0.20] -> New best AUC=0.7430 at epoch 4
2026-04-12 07:01:32,762 - INFO - [assist_09|assist_09_abce_best_no_A|lr=0.0003|drop=0.20] Epoch [007/100] | Train: Loss=0.5072, BCE=0.5341, Reg=-0.0269, AUC=0.7676, ACC=0.7284, RMSE=0.4236 | Val: Loss=0.5215, BCE=0.5523, Reg=-0.0307, AUC=0.7469, ACC=0.7151, RMSE=0.4320
2026-04-12 07:01:32,762 - INFO - [assist_09|assist_09_abce_best_no_A|lr=0.0003|drop=0.20] [Reg Terms] Epoch [007] | Train: graph_entropy=0.000000, graph_diag=0.000000, graph_uniform=0.000000, graph_reg_scale=1.0000, prediction_l2=0.000000, personal_sparse=0.000000, alpha_var=-0.026876, alpha_collapse=0.000000, reg_bce_ratio=-0.0503 | Val: graph_entropy=0.000000, graph_diag=0.000000, graph_uniform=0.000000, graph_reg_scale=1.0000, prediction_l2=0.000000, personal_sparse=0.000000, alpha_var=-0.030736, alpha_collapse=0.000000, reg_bce_ratio=-0.0557
2026-04-12 07:01:32,963 - INFO - [assist_09|assist_09_abce_best_no_A|lr=0.0003|drop=0.20] [Diag][AE] Epoch [007] | irt_abs_mean=1.3472, irt_std=0.7878, personal_warmup_scale=1.00, graph_row_entropy=0.0000, graph_entropy_ratio=0.0000, alpha_mean=0.1750, alpha_std=0.1749, alpha_bias_std=0.9821, personal_row_entropy=0.0000, personal_matrix_delta=0.0000, personal_matrix_student_std=0.0000, personal_delta_pre_softmax_norm=0.0000, personal_delta_student_std=0.0000, alpha_head_std=0.1749
2026-04-12 07:01:32,964 - INFO - [assist_09|assist_09_abce_best_no_A|lr=0.0003|drop=0.20] [Diag][Graph] Epoch [007] | entropy_ratio=0.0000, diag_mass=1.0000, to_uniform_l2=0.089800, to_identity_l2=0.000000, tau_mean=0.0000, tau_std=0.0000, graph_reg_scale(train/val)=1.0000/1.0000
2026-04-12 07:01:32,964 - WARNING - [assist_09|assist_09_abce_best_no_A|lr=0.0003|drop=0.20] [Diag Warning][E] personal_delta_student_std is near zero: personal_delta_student_std=0.000000, personal_delta_pre_softmax_norm=0.000000
2026-04-12 07:01:32,964 - INFO - [assist_09|assist_09_abce_best_no_A|lr=0.0003|drop=0.20] [Grad Norms] Epoch [007] | relation_emb=0.000000e+00, relation_tau=0.000000e+00, relation_wq=0.000000e+00, relation_wk=0.000000e+00, personal_u=0.000000e+00, personal_v=0.000000e+00, personal_alpha_bias=5.582865e-03, personal_gate_emb=0.000000e+00, personal_gate_student_proj=0.000000e+00, personal_gate_context_proj=2.425443e-05, personal_gate_student_direct=0.000000e+00, personal_gate_context_direct=9.156594e-06, personal_gate_out=2.588706e-05, personal_generator_emb=0.000000e+00, personal_generator_context_proj=0.000000e+00, personal_generator_context_hidden=0.000000e+00, personal_generator_context_to_u=0.000000e+00, personal_generator_context_to_v=0.000000e+00
2026-04-12 07:01:33,273 - INFO - [assist_09|assist_09_abce_best_no_A|lr=0.0003|drop=0.20] -> New best AUC=0.7469 at epoch 7
2026-04-12 07:02:00,395 - INFO - [assist_09|assist_09_abce_best_no_A|lr=0.0003|drop=0.20] Epoch [008/100] | Train: Loss=0.4966, BCE=0.5307, Reg=-0.0341, AUC=0.7716, ACC=0.7295, RMSE=0.4221 | Val: Loss=0.5125, BCE=0.5510, Reg=-0.0385, AUC=0.7491, ACC=0.7159, RMSE=0.4315
2026-04-12 07:02:00,396 - INFO - [assist_09|assist_09_abce_best_no_A|lr=0.0003|drop=0.20] [Reg Terms] Epoch [008] | Train: graph_entropy=0.000000, graph_diag=0.000000, graph_uniform=0.000000, graph_reg_scale=1.0000, prediction_l2=0.000000, personal_sparse=0.000000, alpha_var=-0.034126, alpha_collapse=0.000000, reg_bce_ratio=-0.0643 | Val: graph_entropy=0.000000, graph_diag=0.000000, graph_uniform=0.000000, graph_reg_scale=1.0000, prediction_l2=0.000000, personal_sparse=0.000000, alpha_var=-0.038492, alpha_collapse=0.000000, reg_bce_ratio=-0.0699
2026-04-12 07:02:00,653 - INFO - [assist_09|assist_09_abce_best_no_A|lr=0.0003|drop=0.20] [Diag][AE] Epoch [008] | irt_abs_mean=1.4007, irt_std=0.8115, personal_warmup_scale=1.00, graph_row_entropy=0.0000, graph_entropy_ratio=0.0000, alpha_mean=0.1750, alpha_std=0.1749, alpha_bias_std=1.1051, personal_row_entropy=0.0000, personal_matrix_delta=0.0000, personal_matrix_student_std=0.0000, personal_delta_pre_softmax_norm=0.0000, personal_delta_student_std=0.0000, alpha_head_std=0.1749
2026-04-12 07:02:00,654 - INFO - [assist_09|assist_09_abce_best_no_A|lr=0.0003|drop=0.20] [Diag][Graph] Epoch [008] | entropy_ratio=0.0000, diag_mass=1.0000, to_uniform_l2=0.089800, to_identity_l2=0.000000, tau_mean=0.0000, tau_std=0.0000, graph_reg_scale(train/val)=1.0000/1.0000
2026-04-12 07:02:00,654 - WARNING - [assist_09|assist_09_abce_best_no_A|lr=0.0003|drop=0.20] [Diag Warning][E] personal_delta_student_std is near zero: personal_delta_student_std=0.000000, personal_delta_pre_softmax_norm=0.000000
2026-04-12 07:02:00,654 - INFO - [assist_09|assist_09_abce_best_no_A|lr=0.0003|drop=0.20] [Grad Norms] Epoch [008] | relation_emb=0.000000e+00, relation_tau=0.000000e+00, relation_wq=0.000000e+00, relation_wk=0.000000e+00, personal_u=0.000000e+00, personal_v=0.000000e+00, personal_alpha_bias=5.744699e-03, personal_gate_emb=0.000000e+00, personal_gate_student_proj=0.000000e+00, personal_gate_context_proj=1.325483e-05, personal_gate_student_direct=0.000000e+00, personal_gate_context_direct=5.146890e-06, personal_gate_out=1.438752e-05, personal_generator_emb=0.000000e+00, personal_generator_context_proj=0.000000e+00, personal_generator_context_hidden=0.000000e+00, personal_generator_context_to_u=0.000000e+00, personal_generator_context_to_v=0.000000e+00
2026-04-12 07:02:00,987 - INFO - [assist_09|assist_09_abce_best_no_A|lr=0.0003|drop=0.20] -> New best AUC=0.7491 at epoch 8
2026-04-12 07:02:14,729 - INFO - [assist_09|assist_09_abce_best_full|lr=0.0003|drop=0.20] Epoch [005/100] | Train: Loss=0.5372, BCE=0.5250, Reg=0.0122, AUC=0.7755, ACC=0.7342, RMSE=0.4192 | Val: Loss=0.5596, BCE=0.5551, Reg=0.0046, AUC=0.7448, ACC=0.7195, RMSE=0.4326
2026-04-12 07:02:14,730 - INFO - [assist_09|assist_09_abce_best_full|lr=0.0003|drop=0.20] [Reg Terms] Epoch [005] | Train: graph_entropy=0.000000, graph_diag=0.020028, graph_uniform=0.002670, graph_reg_scale=1.0000, prediction_l2=0.000000, personal_sparse=0.004446, alpha_var=-0.014915, alpha_collapse=0.000000, reg_bce_ratio=0.0233 | Val: graph_entropy=0.000000, graph_diag=0.020024, graph_uniform=0.001260, graph_reg_scale=1.0000, prediction_l2=0.000000, personal_sparse=0.001651, alpha_var=-0.018364, alpha_collapse=0.000000, reg_bce_ratio=0.0082
2026-04-12 07:02:14,988 - INFO - [assist_09|assist_09_abce_best_full|lr=0.0003|drop=0.20] [Diag][AE] Epoch [005] | irt_abs_mean=1.4826, irt_std=0.8060, personal_warmup_scale=1.00, graph_row_entropy=0.8253, graph_entropy_ratio=0.1715, alpha_mean=0.1750, alpha_std=0.1748, alpha_bias_std=0.7387, personal_row_entropy=0.8253, personal_matrix_delta=0.0000, personal_matrix_student_std=0.0000, personal_delta_pre_softmax_norm=0.0000, personal_delta_student_std=0.0000, alpha_head_std=0.1748
2026-04-12 07:02:14,988 - INFO - [assist_09|assist_09_abce_best_full|lr=0.0003|drop=0.20] [Diag][Graph] Epoch [005] | entropy_ratio=0.1715, diag_mass=0.2002, to_uniform_l2=0.068502, to_identity_l2=0.098147, tau_mean=0.6332, tau_std=0.0248, graph_reg_scale(train/val)=1.0000/1.0000
2026-04-12 07:02:14,988 - WARNING - [assist_09|assist_09_abce_best_full|lr=0.0003|drop=0.20] [Diag Warning][E] personal_delta_student_std is near zero: personal_delta_student_std=0.000000, personal_delta_pre_softmax_norm=0.000000
2026-04-12 07:02:14,988 - INFO - [assist_09|assist_09_abce_best_full|lr=0.0003|drop=0.20] [Grad Norms] Epoch [005] | relation_emb=1.300433e-02, relation_tau=2.591773e-03, relation_wq=8.225079e-04, relation_wk=4.049754e-04, personal_u=0.000000e+00, personal_v=0.000000e+00, personal_alpha_bias=3.436501e-03, personal_gate_emb=0.000000e+00, personal_gate_student_proj=0.000000e+00, personal_gate_context_proj=1.453267e-05, personal_gate_student_direct=0.000000e+00, personal_gate_context_direct=5.820100e-06, personal_gate_out=1.518572e-05, personal_generator_emb=0.000000e+00, personal_generator_context_proj=0.000000e+00, personal_generator_context_hidden=0.000000e+00, personal_generator_context_to_u=0.000000e+00, personal_generator_context_to_v=0.000000e+00
2026-04-12 07:02:15,293 - INFO - [assist_09|assist_09_abce_best_full|lr=0.0003|drop=0.20] -> New best AUC=0.7448 at epoch 5
2026-04-12 07:02:28,017 - INFO - [assist_09|assist_09_abce_best_no_A|lr=0.0003|drop=0.20] Epoch [009/100] | Train: Loss=0.4859, BCE=0.5280, Reg=-0.0422, AUC=0.7746, ACC=0.7309, RMSE=0.4210 | Val: Loss=0.5026, BCE=0.5497, Reg=-0.0471, AUC=0.7503, ACC=0.7175, RMSE=0.4309
2026-04-12 07:02:28,017 - INFO - [assist_09|assist_09_abce_best_no_A|lr=0.0003|drop=0.20] [Reg Terms] Epoch [009] | Train: graph_entropy=0.000000, graph_diag=0.000000, graph_uniform=0.000000, graph_reg_scale=1.0000, prediction_l2=0.000000, personal_sparse=0.000000, alpha_var=-0.042191, alpha_collapse=0.000000, reg_bce_ratio=-0.0799 | Val: graph_entropy=0.000000, graph_diag=0.000000, graph_uniform=0.000000, graph_reg_scale=1.0000, prediction_l2=0.000000, personal_sparse=0.000000, alpha_var=-0.047074, alpha_collapse=0.000000, reg_bce_ratio=-0.0856
2026-04-12 07:02:28,268 - INFO - [assist_09|assist_09_abce_best_no_A|lr=0.0003|drop=0.20] [Diag][AE] Epoch [009] | irt_abs_mean=1.3630, irt_std=0.8055, personal_warmup_scale=1.00, graph_row_entropy=0.0000, graph_entropy_ratio=0.0000, alpha_mean=0.1750, alpha_std=0.1749, alpha_bias_std=1.2270, personal_row_entropy=0.0000, personal_matrix_delta=0.0000, personal_matrix_student_std=0.0000, personal_delta_pre_softmax_norm=0.0000, personal_delta_student_std=0.0000, alpha_head_std=0.1749
2026-04-12 07:02:28,268 - INFO - [assist_09|assist_09_abce_best_no_A|lr=0.0003|drop=0.20] [Diag][Graph] Epoch [009] | entropy_ratio=0.0000, diag_mass=1.0000, to_uniform_l2=0.089800, to_identity_l2=0.000000, tau_mean=0.0000, tau_std=0.0000, graph_reg_scale(train/val)=1.0000/1.0000
2026-04-12 07:02:28,268 - WARNING - [assist_09|assist_09_abce_best_no_A|lr=0.0003|drop=0.20] [Diag Warning][E] personal_delta_student_std is near zero: personal_delta_student_std=0.000000, personal_delta_pre_softmax_norm=0.000000
2026-04-12 07:02:28,268 - INFO - [assist_09|assist_09_abce_best_no_A|lr=0.0003|drop=0.20] [Grad Norms] Epoch [009] | relation_emb=0.000000e+00, relation_tau=0.000000e+00, relation_wq=0.000000e+00, relation_wk=0.000000e+00, personal_u=0.000000e+00, personal_v=0.000000e+00, personal_alpha_bias=6.690791e-03, personal_gate_emb=0.000000e+00, personal_gate_student_proj=0.000000e+00, personal_gate_context_proj=1.294908e-05, personal_gate_student_direct=0.000000e+00, personal_gate_context_direct=5.046371e-06, personal_gate_out=1.423424e-05, personal_generator_emb=0.000000e+00, personal_generator_context_proj=0.000000e+00, personal_generator_context_hidden=0.000000e+00, personal_generator_context_to_u=0.000000e+00, personal_generator_context_to_v=0.000000e+00
2026-04-12 07:02:28,614 - INFO - [assist_09|assist_09_abce_best_no_A|lr=0.0003|drop=0.20] -> New best AUC=0.7503 at epoch 9
2026-04-12 07:02:56,194 - INFO - [assist_09|assist_09_abce_best_no_A|lr=0.0003|drop=0.20] Epoch [010/100] | Train: Loss=0.4744, BCE=0.5255, Reg=-0.0511, AUC=0.7775, ACC=0.7312, RMSE=0.4200 | Val: Loss=0.4918, BCE=0.5483, Reg=-0.0565, AUC=0.7523, ACC=0.7180, RMSE=0.4302
2026-04-12 07:02:56,194 - INFO - [assist_09|assist_09_abce_best_no_A|lr=0.0003|drop=0.20] [Reg Terms] Epoch [010] | Train: graph_entropy=0.000000, graph_diag=0.000000, graph_uniform=0.000000, graph_reg_scale=1.0000, prediction_l2=0.000000, personal_sparse=0.000000, alpha_var=-0.051083, alpha_collapse=0.000000, reg_bce_ratio=-0.0972 | Val: graph_entropy=0.000000, graph_diag=0.000000, graph_uniform=0.000000, graph_reg_scale=1.0000, prediction_l2=0.000000, personal_sparse=0.000000, alpha_var=-0.056490, alpha_collapse=0.000000, reg_bce_ratio=-0.1030
2026-04-12 07:02:56,479 - INFO - [assist_09|assist_09_abce_best_no_A|lr=0.0003|drop=0.20] [Diag][AE] Epoch [010] | irt_abs_mean=1.3654, irt_std=0.8025, personal_warmup_scale=1.00, graph_row_entropy=0.0000, graph_entropy_ratio=0.0000, alpha_mean=0.1750, alpha_std=0.1749, alpha_bias_std=1.3480, personal_row_entropy=0.0000, personal_matrix_delta=0.0000, personal_matrix_student_std=0.0000, personal_delta_pre_softmax_norm=0.0000, personal_delta_student_std=0.0000, alpha_head_std=0.1749
2026-04-12 07:02:56,479 - INFO - [assist_09|assist_09_abce_best_no_A|lr=0.0003|drop=0.20] [Diag][Graph] Epoch [010] | entropy_ratio=0.0000, diag_mass=1.0000, to_uniform_l2=0.089800, to_identity_l2=0.000000, tau_mean=0.0000, tau_std=0.0000, graph_reg_scale(train/val)=1.0000/1.0000
2026-04-12 07:02:56,480 - WARNING - [assist_09|assist_09_abce_best_no_A|lr=0.0003|drop=0.20] [Diag Warning][E] personal_delta_student_std is near zero: personal_delta_student_std=0.000000, personal_delta_pre_softmax_norm=0.000000
2026-04-12 07:02:56,480 - INFO - [assist_09|assist_09_abce_best_no_A|lr=0.0003|drop=0.20] [Grad Norms] Epoch [010] | relation_emb=0.000000e+00, relation_tau=0.000000e+00, relation_wq=0.000000e+00, relation_wk=0.000000e+00, personal_u=0.000000e+00, personal_v=0.000000e+00, personal_alpha_bias=8.349577e-03, personal_gate_emb=0.000000e+00, personal_gate_student_proj=0.000000e+00, personal_gate_context_proj=1.208375e-05, personal_gate_student_direct=0.000000e+00, personal_gate_context_direct=4.907106e-06, personal_gate_out=1.355543e-05, personal_generator_emb=0.000000e+00, personal_generator_context_proj=0.000000e+00, personal_generator_context_hidden=0.000000e+00, personal_generator_context_to_u=0.000000e+00, personal_generator_context_to_v=0.000000e+00
2026-04-12 07:02:56,813 - INFO - [assist_09|assist_09_abce_best_no_A|lr=0.0003|drop=0.20] -> New best AUC=0.7523 at epoch 10
2026-04-12 07:02:56,860 - INFO - [assist_09|assist_09_abce_best_no_A|lr=0.0003|drop=0.20] Checkpoint saved: checkpoints/abce_diag/ae_fix_20260412_fdafa52/assist_09/seed42/best_no_A/checkpoint_epoch_10.pth
2026-04-12 07:02:57,093 - INFO - [assist_09|assist_09_abce_best_no_A|lr=0.0003|drop=0.20] [Module Activity] Epoch 10: Personal[X]
2026-04-12 07:03:02,220 - INFO - [assist_09|assist_09_abce_best_full|lr=0.0003|drop=0.20] Epoch [006/100] | Train: Loss=0.5201, BCE=0.5179, Reg=0.0022, AUC=0.7832, ACC=0.7393, RMSE=0.4160 | Val: Loss=0.5515, BCE=0.5533, Reg=-0.0019, AUC=0.7455, ACC=0.7197, RMSE=0.4317
2026-04-12 07:03:02,220 - INFO - [assist_09|assist_09_abce_best_full|lr=0.0003|drop=0.20] [Reg Terms] Epoch [006] | Train: graph_entropy=0.000001, graph_diag=0.020010, graph_uniform=0.001210, graph_reg_scale=1.0000, prediction_l2=0.000000, personal_sparse=0.001526, alpha_var=-0.020498, alpha_collapse=0.000000, reg_bce_ratio=0.0043 | Val: graph_entropy=0.000000, graph_diag=0.020000, graph_uniform=0.001222, graph_reg_scale=1.0000, prediction_l2=0.000000, personal_sparse=0.001570, alpha_var=-0.024658, alpha_collapse=0.000000, reg_bce_ratio=-0.0034
2026-04-12 07:03:02,483 - INFO - [assist_09|assist_09_abce_best_full|lr=0.0003|drop=0.20] [Diag][AE] Epoch [006] | irt_abs_mean=1.4292, irt_std=0.8277, personal_warmup_scale=1.00, graph_row_entropy=0.7849, graph_entropy_ratio=0.1631, alpha_mean=0.1750, alpha_std=0.1748, alpha_bias_std=0.8649, personal_row_entropy=0.7849, personal_matrix_delta=0.0000, personal_matrix_student_std=0.0000, personal_delta_pre_softmax_norm=0.0000, personal_delta_student_std=0.0000, alpha_head_std=0.1748
2026-04-12 07:03:02,484 - INFO - [assist_09|assist_09_abce_best_full|lr=0.0003|drop=0.20] [Diag][Graph] Epoch [006] | entropy_ratio=0.1631, diag_mass=0.2000, to_uniform_l2=0.069461, to_identity_l2=0.098838, tau_mean=0.6162, tau_std=0.0237, graph_reg_scale(train/val)=1.0000/1.0000
2026-04-12 07:03:02,484 - WARNING - [assist_09|assist_09_abce_best_full|lr=0.0003|drop=0.20] [Diag Warning][E] personal_delta_student_std is near zero: personal_delta_student_std=0.000000, personal_delta_pre_softmax_norm=0.000000
2026-04-12 07:03:02,484 - INFO - [assist_09|assist_09_abce_best_full|lr=0.0003|drop=0.20] [Grad Norms] Epoch [006] | relation_emb=1.087533e-02, relation_tau=1.836845e-03, relation_wq=5.984776e-04, relation_wk=3.070893e-04, personal_u=0.000000e+00, personal_v=0.000000e+00, personal_alpha_bias=4.956765e-03, personal_gate_emb=0.000000e+00, personal_gate_student_proj=0.000000e+00, personal_gate_context_proj=1.325523e-05, personal_gate_student_direct=0.000000e+00, personal_gate_context_direct=5.308809e-06, personal_gate_out=1.381033e-05, personal_generator_emb=0.000000e+00, personal_generator_context_proj=0.000000e+00, personal_generator_context_hidden=0.000000e+00, personal_generator_context_to_u=0.000000e+00, personal_generator_context_to_v=0.000000e+00
2026-04-12 07:03:02,848 - INFO - [assist_09|assist_09_abce_best_full|lr=0.0003|drop=0.20] -> New best AUC=0.7455 at epoch 6
2026-04-12 07:03:24,569 - INFO - [assist_09|assist_09_abce_best_no_A|lr=0.0003|drop=0.20] Epoch [011/100] | Train: Loss=0.4622, BCE=0.5230, Reg=-0.0608, AUC=0.7803, ACC=0.7323, RMSE=0.4189 | Val: Loss=0.4805, BCE=0.5472, Reg=-0.0667, AUC=0.7534, ACC=0.7185, RMSE=0.4298
2026-04-12 07:03:24,569 - INFO - [assist_09|assist_09_abce_best_no_A|lr=0.0003|drop=0.20] [Reg Terms] Epoch [011] | Train: graph_entropy=0.000000, graph_diag=0.000000, graph_uniform=0.000000, graph_reg_scale=1.0000, prediction_l2=0.000000, personal_sparse=0.000000, alpha_var=-0.060784, alpha_collapse=0.000000, reg_bce_ratio=-0.1162 | Val: graph_entropy=0.000000, graph_diag=0.000000, graph_uniform=0.000000, graph_reg_scale=1.0000, prediction_l2=0.000000, personal_sparse=0.000000, alpha_var=-0.066729, alpha_collapse=0.000000, reg_bce_ratio=-0.1219
2026-04-12 07:03:24,818 - INFO - [assist_09|assist_09_abce_best_no_A|lr=0.0003|drop=0.20] [Diag][AE] Epoch [011] | irt_abs_mean=1.3684, irt_std=0.8090, personal_warmup_scale=1.00, graph_row_entropy=0.0000, graph_entropy_ratio=0.0000, alpha_mean=0.1750, alpha_std=0.1749, alpha_bias_std=1.4646, personal_row_entropy=0.0000, personal_matrix_delta=0.0000, personal_matrix_student_std=0.0000, personal_delta_pre_softmax_norm=0.0000, personal_delta_student_std=0.0000, alpha_head_std=0.1749
2026-04-12 07:03:24,818 - INFO - [assist_09|assist_09_abce_best_no_A|lr=0.0003|drop=0.20] [Diag][Graph] Epoch [011] | entropy_ratio=0.0000, diag_mass=1.0000, to_uniform_l2=0.089800, to_identity_l2=0.000000, tau_mean=0.0000, tau_std=0.0000, graph_reg_scale(train/val)=1.0000/1.0000
2026-04-12 07:03:24,819 - WARNING - [assist_09|assist_09_abce_best_no_A|lr=0.0003|drop=0.20] [Diag Warning][E] personal_delta_student_std is near zero: personal_delta_student_std=0.000000, personal_delta_pre_softmax_norm=0.000000
2026-04-12 07:03:24,819 - INFO - [assist_09|assist_09_abce_best_no_A|lr=0.0003|drop=0.20] [Grad Norms] Epoch [011] | relation_emb=0.000000e+00, relation_tau=0.000000e+00, relation_wq=0.000000e+00, relation_wk=0.000000e+00, personal_u=0.000000e+00, personal_v=0.000000e+00, personal_alpha_bias=8.728195e-03, personal_gate_emb=0.000000e+00, personal_gate_student_proj=0.000000e+00, personal_gate_context_proj=1.270769e-05, personal_gate_student_direct=0.000000e+00, personal_gate_context_direct=5.214586e-06, personal_gate_out=1.459619e-05, personal_generator_emb=0.000000e+00, personal_generator_context_proj=0.000000e+00, personal_generator_context_hidden=0.000000e+00, personal_generator_context_to_u=0.000000e+00, personal_generator_context_to_v=0.000000e+00
2026-04-12 07:03:25,170 - INFO - [assist_09|assist_09_abce_best_no_A|lr=0.0003|drop=0.20] -> New best AUC=0.7534 at epoch 11
2026-04-12 07:03:51,229 - INFO - [assist_09|assist_09_abce_best_full|lr=0.0003|drop=0.20] Epoch [007/100] | Train: Loss=0.5070, BCE=0.5112, Reg=-0.0042, AUC=0.7907, ACC=0.7425, RMSE=0.4131 | Val: Loss=0.5484, BCE=0.5576, Reg=-0.0091, AUC=0.7488, ACC=0.7213, RMSE=0.4329
2026-04-12 07:03:51,229 - INFO - [assist_09|assist_09_abce_best_full|lr=0.0003|drop=0.20] [Reg Terms] Epoch [007] | Train: graph_entropy=0.000001, graph_diag=0.020008, graph_uniform=0.001198, graph_reg_scale=1.0000, prediction_l2=0.000000, personal_sparse=0.001504, alpha_var=-0.026916, alpha_collapse=0.000000, reg_bce_ratio=-0.0082 | Val: graph_entropy=0.000000, graph_diag=0.020000, graph_uniform=0.001192, graph_reg_scale=1.0000, prediction_l2=0.000000, personal_sparse=0.001489, alpha_var=-0.031830, alpha_collapse=0.000000, reg_bce_ratio=-0.0164
2026-04-12 07:03:51,535 - INFO - [assist_09|assist_09_abce_best_full|lr=0.0003|drop=0.20] [Diag][AE] Epoch [007] | irt_abs_mean=1.6243, irt_std=0.9424, personal_warmup_scale=1.00, graph_row_entropy=0.7443, graph_entropy_ratio=0.1547, alpha_mean=0.1750, alpha_std=0.1748, alpha_bias_std=0.9901, personal_row_entropy=0.7443, personal_matrix_delta=0.0000, personal_matrix_student_std=0.0000, personal_delta_pre_softmax_norm=0.0000, personal_delta_student_std=0.0000, alpha_head_std=0.1748
2026-04-12 07:03:51,536 - INFO - [assist_09|assist_09_abce_best_full|lr=0.0003|drop=0.20] [Diag][Graph] Epoch [007] | entropy_ratio=0.1547, diag_mass=0.2000, to_uniform_l2=0.070193, to_identity_l2=0.099354, tau_mean=0.6065, tau_std=0.0240, graph_reg_scale(train/val)=1.0000/1.0000
2026-04-12 07:03:51,536 - WARNING - [assist_09|assist_09_abce_best_full|lr=0.0003|drop=0.20] [Diag Warning][E] personal_delta_student_std is near zero: personal_delta_student_std=0.000000, personal_delta_pre_softmax_norm=0.000000
2026-04-12 07:03:51,536 - INFO - [assist_09|assist_09_abce_best_full|lr=0.0003|drop=0.20] [Grad Norms] Epoch [007] | relation_emb=9.633328e-03, relation_tau=1.973195e-03, relation_wq=6.940782e-04, relation_wk=3.100278e-04, personal_u=0.000000e+00, personal_v=0.000000e+00, personal_alpha_bias=5.172536e-03, personal_gate_emb=0.000000e+00, personal_gate_student_proj=0.000000e+00, personal_gate_context_proj=1.474646e-05, personal_gate_student_direct=0.000000e+00, personal_gate_context_direct=5.922475e-06, personal_gate_out=1.535846e-05, personal_generator_emb=0.000000e+00, personal_generator_context_proj=0.000000e+00, personal_generator_context_hidden=0.000000e+00, personal_generator_context_to_u=0.000000e+00, personal_generator_context_to_v=0.000000e+00
2026-04-12 07:03:51,847 - INFO - [assist_09|assist_09_abce_best_full|lr=0.0003|drop=0.20] -> New best AUC=0.7488 at epoch 7
2026-04-12 07:03:52,706 - INFO - [assist_09|assist_09_abce_best_no_A|lr=0.0003|drop=0.20] Epoch [012/100] | Train: Loss=0.4496, BCE=0.5209, Reg=-0.0713, AUC=0.7828, ACC=0.7336, RMSE=0.4180 | Val: Loss=0.4687, BCE=0.5464, Reg=-0.0778, AUC=0.7544, ACC=0.7186, RMSE=0.4295
2026-04-12 07:03:52,707 - INFO - [assist_09|assist_09_abce_best_no_A|lr=0.0003|drop=0.20] [Reg Terms] Epoch [012] | Train: graph_entropy=0.000000, graph_diag=0.000000, graph_uniform=0.000000, graph_reg_scale=1.0000, prediction_l2=0.000000, personal_sparse=0.000000, alpha_var=-0.071303, alpha_collapse=0.000000, reg_bce_ratio=-0.1369 | Val: graph_entropy=0.000000, graph_diag=0.000000, graph_uniform=0.000000, graph_reg_scale=1.0000, prediction_l2=0.000000, personal_sparse=0.000000, alpha_var=-0.077786, alpha_collapse=0.000000, reg_bce_ratio=-0.1423
2026-04-12 07:03:52,933 - INFO - [assist_09|assist_09_abce_best_no_A|lr=0.0003|drop=0.20] [Diag][AE] Epoch [012] | irt_abs_mean=1.3884, irt_std=0.8272, personal_warmup_scale=1.00, graph_row_entropy=0.0000, graph_entropy_ratio=0.0000, alpha_mean=0.1750, alpha_std=0.1749, alpha_bias_std=1.5841, personal_row_entropy=0.0000, personal_matrix_delta=0.0000, personal_matrix_student_std=0.0000, personal_delta_pre_softmax_norm=0.0000, personal_delta_student_std=0.0000, alpha_head_std=0.1749
2026-04-12 07:03:52,934 - INFO - [assist_09|assist_09_abce_best_no_A|lr=0.0003|drop=0.20] [Diag][Graph] Epoch [012] | entropy_ratio=0.0000, diag_mass=1.0000, to_uniform_l2=0.089800, to_identity_l2=0.000000, tau_mean=0.0000, tau_std=0.0000, graph_reg_scale(train/val)=1.0000/1.0000
2026-04-12 07:03:52,934 - WARNING - [assist_09|assist_09_abce_best_no_A|lr=0.0003|drop=0.20] [Diag Warning][E] personal_delta_student_std is near zero: personal_delta_student_std=0.000000, personal_delta_pre_softmax_norm=0.000000
2026-04-12 07:03:52,934 - INFO - [assist_09|assist_09_abce_best_no_A|lr=0.0003|drop=0.20] [Grad Norms] Epoch [012] | relation_emb=0.000000e+00, relation_tau=0.000000e+00, relation_wq=0.000000e+00, relation_wk=0.000000e+00, personal_u=0.000000e+00, personal_v=0.000000e+00, personal_alpha_bias=8.356038e-03, personal_gate_emb=0.000000e+00, personal_gate_student_proj=0.000000e+00, personal_gate_context_proj=1.392992e-05, personal_gate_student_direct=0.000000e+00, personal_gate_context_direct=5.429922e-06, personal_gate_out=1.521905e-05, personal_generator_emb=0.000000e+00, personal_generator_context_proj=0.000000e+00, personal_generator_context_hidden=0.000000e+00, personal_generator_context_to_u=0.000000e+00, personal_generator_context_to_v=0.000000e+00
2026-04-12 07:03:53,259 - INFO - [assist_09|assist_09_abce_best_no_A|lr=0.0003|drop=0.20] -> New best AUC=0.7544 at epoch 12
2026-04-12 07:04:19,691 - INFO - [assist_09|assist_09_abce_best_no_A|lr=0.0003|drop=0.20] Epoch [013/100] | Train: Loss=0.4362, BCE=0.5189, Reg=-0.0826, AUC=0.7852, ACC=0.7340, RMSE=0.4171 | Val: Loss=0.4562, BCE=0.5459, Reg=-0.0896, AUC=0.7555, ACC=0.7180, RMSE=0.4292
2026-04-12 07:04:19,692 - INFO - [assist_09|assist_09_abce_best_no_A|lr=0.0003|drop=0.20] [Reg Terms] Epoch [013] | Train: graph_entropy=0.000000, graph_diag=0.000000, graph_uniform=0.000000, graph_reg_scale=1.0000, prediction_l2=0.000000, personal_sparse=0.000000, alpha_var=-0.082614, alpha_collapse=0.000000, reg_bce_ratio=-0.1592 | Val: graph_entropy=0.000000, graph_diag=0.000000, graph_uniform=0.000000, graph_reg_scale=1.0000, prediction_l2=0.000001, personal_sparse=0.000000, alpha_var=-0.089637, alpha_collapse=0.000000, reg_bce_ratio=-0.1642
2026-04-12 07:04:19,963 - INFO - [assist_09|assist_09_abce_best_no_A|lr=0.0003|drop=0.20] [Diag][AE] Epoch [013] | irt_abs_mean=1.4135, irt_std=0.8455, personal_warmup_scale=1.00, graph_row_entropy=0.0000, graph_entropy_ratio=0.0000, alpha_mean=0.1750, alpha_std=0.1749, alpha_bias_std=1.7016, personal_row_entropy=0.0000, personal_matrix_delta=0.0000, personal_matrix_student_std=0.0000, personal_delta_pre_softmax_norm=0.0000, personal_delta_student_std=0.0000, alpha_head_std=0.1749
2026-04-12 07:04:19,963 - INFO - [assist_09|assist_09_abce_best_no_A|lr=0.0003|drop=0.20] [Diag][Graph] Epoch [013] | entropy_ratio=0.0000, diag_mass=1.0000, to_uniform_l2=0.089800, to_identity_l2=0.000000, tau_mean=0.0000, tau_std=0.0000, graph_reg_scale(train/val)=1.0000/1.0000
2026-04-12 07:04:19,963 - WARNING - [assist_09|assist_09_abce_best_no_A|lr=0.0003|drop=0.20] [Diag Warning][E] personal_delta_student_std is near zero: personal_delta_student_std=0.000000, personal_delta_pre_softmax_norm=0.000000
2026-04-12 07:04:19,964 - INFO - [assist_09|assist_09_abce_best_no_A|lr=0.0003|drop=0.20] [Grad Norms] Epoch [013] | relation_emb=0.000000e+00, relation_tau=0.000000e+00, relation_wq=0.000000e+00, relation_wk=0.000000e+00, personal_u=0.000000e+00, personal_v=0.000000e+00, personal_alpha_bias=1.025244e-02, personal_gate_emb=0.000000e+00, personal_gate_student_proj=0.000000e+00, personal_gate_context_proj=1.717145e-05, personal_gate_student_direct=0.000000e+00, personal_gate_context_direct=6.966297e-06, personal_gate_out=1.969586e-05, personal_generator_emb=0.000000e+00, personal_generator_context_proj=0.000000e+00, personal_generator_context_hidden=0.000000e+00, personal_generator_context_to_u=0.000000e+00, personal_generator_context_to_v=0.000000e+00
2026-04-12 07:04:20,270 - INFO - [assist_09|assist_09_abce_best_no_A|lr=0.0003|drop=0.20] -> New best AUC=0.7555 at epoch 13
2026-04-12 07:04:38,709 - INFO - [assist_09|assist_09_abce_best_full|lr=0.0003|drop=0.20] Epoch [008/100] | Train: Loss=0.4939, BCE=0.5054, Reg=-0.0115, AUC=0.7965, ACC=0.7449, RMSE=0.4106 | Val: Loss=0.5358, BCE=0.5529, Reg=-0.0171, AUC=0.7482, ACC=0.7196, RMSE=0.4312
2026-04-12 07:04:38,709 - INFO - [assist_09|assist_09_abce_best_full|lr=0.0003|drop=0.20] [Reg Terms] Epoch [008] | Train: graph_entropy=0.000001, graph_diag=0.020002, graph_uniform=0.001197, graph_reg_scale=1.0000, prediction_l2=0.000000, personal_sparse=0.001504, alpha_var=-0.034169, alpha_collapse=0.000000, reg_bce_ratio=-0.0227 | Val: graph_entropy=0.000000, graph_diag=0.020000, graph_uniform=0.001208, graph_reg_scale=1.0000, prediction_l2=0.000000, personal_sparse=0.001540, alpha_var=-0.039867, alpha_collapse=0.000000, reg_bce_ratio=-0.0310
2026-04-12 07:04:38,979 - INFO - [assist_09|assist_09_abce_best_full|lr=0.0003|drop=0.20] [Diag][AE] Epoch [008] | irt_abs_mean=1.5645, irt_std=0.9185, personal_warmup_scale=1.00, graph_row_entropy=0.7700, graph_entropy_ratio=0.1600, alpha_mean=0.1750, alpha_std=0.1748, alpha_bias_std=1.1134, personal_row_entropy=0.7700, personal_matrix_delta=0.0000, personal_matrix_student_std=0.0000, personal_delta_pre_softmax_norm=0.0000, personal_delta_student_std=0.0000, alpha_head_std=0.1748
2026-04-12 07:04:38,980 - INFO - [assist_09|assist_09_abce_best_full|lr=0.0003|drop=0.20] [Diag][Graph] Epoch [008] | entropy_ratio=0.1600, diag_mass=0.2000, to_uniform_l2=0.069811, to_identity_l2=0.099085, tau_mean=0.5994, tau_std=0.0238, graph_reg_scale(train/val)=1.0000/1.0000
2026-04-12 07:04:38,980 - WARNING - [assist_09|assist_09_abce_best_full|lr=0.0003|drop=0.20] [Diag Warning][E] personal_delta_student_std is near zero: personal_delta_student_std=0.000000, personal_delta_pre_softmax_norm=0.000000
2026-04-12 07:04:38,980 - INFO - [assist_09|assist_09_abce_best_full|lr=0.0003|drop=0.20] [Grad Norms] Epoch [008] | relation_emb=5.997399e-03, relation_tau=6.575562e-04, relation_wq=6.036750e-04, relation_wk=1.320054e-04, personal_u=0.000000e+00, personal_v=0.000000e+00, personal_alpha_bias=7.050046e-03, personal_gate_emb=0.000000e+00, personal_gate_student_proj=0.000000e+00, personal_gate_context_proj=1.233405e-05, personal_gate_student_direct=0.000000e+00, personal_gate_context_direct=4.966894e-06, personal_gate_out=1.289838e-05, personal_generator_emb=0.000000e+00, personal_generator_context_proj=0.000000e+00, personal_generator_context_hidden=0.000000e+00, personal_generator_context_to_u=0.000000e+00, personal_generator_context_to_v=0.000000e+00
2026-04-12 07:04:38,980 - INFO - [assist_09|assist_09_abce_best_full|lr=0.0003|drop=0.20] -> No improvement 1 epoch(s) (best AUC=0.7488 @ 7)
2026-04-12 07:04:47,753 - INFO - [assist_09|assist_09_abce_best_no_A|lr=0.0003|drop=0.20] Epoch [014/100] | Train: Loss=0.4223, BCE=0.5170, Reg=-0.0947, AUC=0.7872, ACC=0.7348, RMSE=0.4163 | Val: Loss=0.4427, BCE=0.5450, Reg=-0.1023, AUC=0.7562, ACC=0.7199, RMSE=0.4288
2026-04-12 07:04:47,753 - INFO - [assist_09|assist_09_abce_best_no_A|lr=0.0003|drop=0.20] [Reg Terms] Epoch [014] | Train: graph_entropy=0.000000, graph_diag=0.000000, graph_uniform=0.000000, graph_reg_scale=1.0000, prediction_l2=0.000001, personal_sparse=0.000000, alpha_var=-0.094738, alpha_collapse=0.000000, reg_bce_ratio=-0.1832 | Val: graph_entropy=0.000000, graph_diag=0.000000, graph_uniform=0.000000, graph_reg_scale=1.0000, prediction_l2=0.000001, personal_sparse=0.000000, alpha_var=-0.102318, alpha_collapse=0.000000, reg_bce_ratio=-0.1877
2026-04-12 07:04:48,023 - INFO - [assist_09|assist_09_abce_best_no_A|lr=0.0003|drop=0.20] [Diag][AE] Epoch [014] | irt_abs_mean=1.3943, irt_std=0.8321, personal_warmup_scale=1.00, graph_row_entropy=0.0000, graph_entropy_ratio=0.0000, alpha_mean=0.1750, alpha_std=0.1750, alpha_bias_std=1.8174, personal_row_entropy=0.0000, personal_matrix_delta=0.0000, personal_matrix_student_std=0.0000, personal_delta_pre_softmax_norm=0.0000, personal_delta_student_std=0.0000, alpha_head_std=0.1750
2026-04-12 07:04:48,023 - INFO - [assist_09|assist_09_abce_best_no_A|lr=0.0003|drop=0.20] [Diag][Graph] Epoch [014] | entropy_ratio=0.0000, diag_mass=1.0000, to_uniform_l2=0.089800, to_identity_l2=0.000000, tau_mean=0.0000, tau_std=0.0000, graph_reg_scale(train/val)=1.0000/1.0000
2026-04-12 07:04:48,023 - WARNING - [assist_09|assist_09_abce_best_no_A|lr=0.0003|drop=0.20] [Diag Warning][E] personal_delta_student_std is near zero: personal_delta_student_std=0.000000, personal_delta_pre_softmax_norm=0.000000
2026-04-12 07:04:48,023 - INFO - [assist_09|assist_09_abce_best_no_A|lr=0.0003|drop=0.20] [Grad Norms] Epoch [014] | relation_emb=0.000000e+00, relation_tau=0.000000e+00, relation_wq=0.000000e+00, relation_wk=0.000000e+00, personal_u=0.000000e+00, personal_v=0.000000e+00, personal_alpha_bias=1.256473e-02, personal_gate_emb=0.000000e+00, personal_gate_student_proj=0.000000e+00, personal_gate_context_proj=1.608667e-05, personal_gate_student_direct=0.000000e+00, personal_gate_context_direct=6.231329e-06, personal_gate_out=1.736144e-05, personal_generator_emb=0.000000e+00, personal_generator_context_proj=0.000000e+00, personal_generator_context_hidden=0.000000e+00, personal_generator_context_to_u=0.000000e+00, personal_generator_context_to_v=0.000000e+00
2026-04-12 07:04:48,339 - INFO - [assist_09|assist_09_abce_best_no_A|lr=0.0003|drop=0.20] -> New best AUC=0.7562 at epoch 14
2026-04-12 07:05:13,541 - INFO - [assist_09|assist_09_abce_best_no_A|lr=0.0003|drop=0.20] Epoch [015/100] | Train: Loss=0.4076, BCE=0.5152, Reg=-0.1077, AUC=0.7891, ACC=0.7358, RMSE=0.4155 | Val: Loss=0.4280, BCE=0.5438, Reg=-0.1158, AUC=0.7578, ACC=0.7207, RMSE=0.4282
2026-04-12 07:05:13,541 - INFO - [assist_09|assist_09_abce_best_no_A|lr=0.0003|drop=0.20] [Reg Terms] Epoch [015] | Train: graph_entropy=0.000000, graph_diag=0.000000, graph_uniform=0.000000, graph_reg_scale=1.0000, prediction_l2=0.000001, personal_sparse=0.000000, alpha_var=-0.107651, alpha_collapse=0.000000, reg_bce_ratio=-0.2089 | Val: graph_entropy=0.000000, graph_diag=0.000000, graph_uniform=0.000000, graph_reg_scale=1.0000, prediction_l2=0.000001, personal_sparse=0.000000, alpha_var=-0.115833, alpha_collapse=0.000000, reg_bce_ratio=-0.2130
2026-04-12 07:05:13,741 - INFO - [assist_09|assist_09_abce_best_no_A|lr=0.0003|drop=0.20] [Diag][AE] Epoch [015] | irt_abs_mean=1.4104, irt_std=0.8458, personal_warmup_scale=1.00, graph_row_entropy=0.0000, graph_entropy_ratio=0.0000, alpha_mean=0.1750, alpha_std=0.1750, alpha_bias_std=1.9362, personal_row_entropy=0.0000, personal_matrix_delta=0.0000, personal_matrix_student_std=0.0000, personal_delta_pre_softmax_norm=0.0000, personal_delta_student_std=0.0000, alpha_head_std=0.1750
2026-04-12 07:05:13,741 - INFO - [assist_09|assist_09_abce_best_no_A|lr=0.0003|drop=0.20] [Diag][Graph] Epoch [015] | entropy_ratio=0.0000, diag_mass=1.0000, to_uniform_l2=0.089800, to_identity_l2=0.000000, tau_mean=0.0000, tau_std=0.0000, graph_reg_scale(train/val)=1.0000/1.0000
2026-04-12 07:05:13,741 - WARNING - [assist_09|assist_09_abce_best_no_A|lr=0.0003|drop=0.20] [Diag Warning][E] personal_delta_student_std is near zero: personal_delta_student_std=0.000000, personal_delta_pre_softmax_norm=0.000000
2026-04-12 07:05:13,742 - INFO - [assist_09|assist_09_abce_best_no_A|lr=0.0003|drop=0.20] [Grad Norms] Epoch [015] | relation_emb=0.000000e+00, relation_tau=0.000000e+00, relation_wq=0.000000e+00, relation_wk=0.000000e+00, personal_u=0.000000e+00, personal_v=0.000000e+00, personal_alpha_bias=8.220937e-03, personal_gate_emb=0.000000e+00, personal_gate_student_proj=0.000000e+00, personal_gate_context_proj=1.406335e-05, personal_gate_student_direct=0.000000e+00, personal_gate_context_direct=5.411418e-06, personal_gate_out=1.540212e-05, personal_generator_emb=0.000000e+00, personal_generator_context_proj=0.000000e+00, personal_generator_context_hidden=0.000000e+00, personal_generator_context_to_u=0.000000e+00, personal_generator_context_to_v=0.000000e+00
2026-04-12 07:05:14,038 - INFO - [assist_09|assist_09_abce_best_no_A|lr=0.0003|drop=0.20] -> New best AUC=0.7578 at epoch 15
2026-04-12 07:05:23,226 - INFO - [assist_09|assist_09_abce_best_full|lr=0.0003|drop=0.20] Epoch [009/100] | Train: Loss=0.4808, BCE=0.5004, Reg=-0.0195, AUC=0.8019, ACC=0.7479, RMSE=0.4084 | Val: Loss=0.5287, BCE=0.5548, Reg=-0.0261, AUC=0.7494, ACC=0.7235, RMSE=0.4316
2026-04-12 07:05:23,226 - INFO - [assist_09|assist_09_abce_best_full|lr=0.0003|drop=0.20] [Reg Terms] Epoch [009] | Train: graph_entropy=0.000001, graph_diag=0.020000, graph_uniform=0.001196, graph_reg_scale=1.0000, prediction_l2=0.000000, personal_sparse=0.001505, alpha_var=-0.042247, alpha_collapse=0.000000, reg_bce_ratio=-0.0391 | Val: graph_entropy=0.000000, graph_diag=0.020000, graph_uniform=0.001190, graph_reg_scale=1.0000, prediction_l2=0.000000, personal_sparse=0.001487, alpha_var=-0.048783, alpha_collapse=0.000000, reg_bce_ratio=-0.0471
2026-04-12 07:05:23,497 - INFO - [assist_09|assist_09_abce_best_full|lr=0.0003|drop=0.20] [Diag][AE] Epoch [009] | irt_abs_mean=1.6537, irt_std=0.9867, personal_warmup_scale=1.00, graph_row_entropy=0.7435, graph_entropy_ratio=0.1545, alpha_mean=0.1750, alpha_std=0.1748, alpha_bias_std=1.2366, personal_row_entropy=0.7435, personal_matrix_delta=0.0000, personal_matrix_student_std=0.0000, personal_delta_pre_softmax_norm=0.0000, personal_delta_student_std=0.0000, alpha_head_std=0.1748
2026-04-12 07:05:23,498 - INFO - [assist_09|assist_09_abce_best_full|lr=0.0003|drop=0.20] [Diag][Graph] Epoch [009] | entropy_ratio=0.1545, diag_mass=0.2000, to_uniform_l2=0.070260, to_identity_l2=0.099401, tau_mean=0.5924, tau_std=0.0242, graph_reg_scale(train/val)=1.0000/1.0000
2026-04-12 07:05:23,498 - WARNING - [assist_09|assist_09_abce_best_full|lr=0.0003|drop=0.20] [Diag Warning][E] personal_delta_student_std is near zero: personal_delta_student_std=0.000000, personal_delta_pre_softmax_norm=0.000000
2026-04-12 07:05:23,498 - INFO - [assist_09|assist_09_abce_best_full|lr=0.0003|drop=0.20] [Grad Norms] Epoch [009] | relation_emb=1.557295e-02, relation_tau=2.741625e-03, relation_wq=8.694612e-04, relation_wk=5.352834e-04, personal_u=0.000000e+00, personal_v=0.000000e+00, personal_alpha_bias=6.957796e-03, personal_gate_emb=0.000000e+00, personal_gate_student_proj=0.000000e+00, personal_gate_context_proj=1.478620e-05, personal_gate_student_direct=0.000000e+00, personal_gate_context_direct=5.976357e-06, personal_gate_out=1.548732e-05, personal_generator_emb=0.000000e+00, personal_generator_context_proj=0.000000e+00, personal_generator_context_hidden=0.000000e+00, personal_generator_context_to_u=0.000000e+00, personal_generator_context_to_v=0.000000e+00
2026-04-12 07:05:23,869 - INFO - [assist_09|assist_09_abce_best_full|lr=0.0003|drop=0.20] -> New best AUC=0.7494 at epoch 9
2026-04-12 07:05:38,056 - INFO - [assist_09|assist_09_abce_best_no_A|lr=0.0003|drop=0.20] Epoch [016/100] | Train: Loss=0.3922, BCE=0.5136, Reg=-0.1214, AUC=0.7910, ACC=0.7367, RMSE=0.4148 | Val: Loss=0.4129, BCE=0.5431, Reg=-0.1301, AUC=0.7587, ACC=0.7204, RMSE=0.4279
2026-04-12 07:05:38,056 - INFO - [assist_09|assist_09_abce_best_no_A|lr=0.0003|drop=0.20] [Reg Terms] Epoch [016] | Train: graph_entropy=0.000000, graph_diag=0.000000, graph_uniform=0.000000, graph_reg_scale=1.0000, prediction_l2=0.000001, personal_sparse=0.000000, alpha_var=-0.121402, alpha_collapse=0.000000, reg_bce_ratio=-0.2364 | Val: graph_entropy=0.000000, graph_diag=0.000000, graph_uniform=0.000000, graph_reg_scale=1.0000, prediction_l2=0.000001, personal_sparse=0.000000, alpha_var=-0.130133, alpha_collapse=0.000000, reg_bce_ratio=-0.2396
2026-04-12 07:05:38,337 - INFO - [assist_09|assist_09_abce_best_no_A|lr=0.0003|drop=0.20] [Diag][AE] Epoch [016] | irt_abs_mean=1.4083, irt_std=0.8561, personal_warmup_scale=1.00, graph_row_entropy=0.0000, graph_entropy_ratio=0.0000, alpha_mean=0.1750, alpha_std=0.1750, alpha_bias_std=2.0554, personal_row_entropy=0.0000, personal_matrix_delta=0.0000, personal_matrix_student_std=0.0000, personal_delta_pre_softmax_norm=0.0000, personal_delta_student_std=0.0000, alpha_head_std=0.1750
2026-04-12 07:05:38,337 - INFO - [assist_09|assist_09_abce_best_no_A|lr=0.0003|drop=0.20] [Diag][Graph] Epoch [016] | entropy_ratio=0.0000, diag_mass=1.0000, to_uniform_l2=0.089800, to_identity_l2=0.000000, tau_mean=0.0000, tau_std=0.0000, graph_reg_scale(train/val)=1.0000/1.0000
2026-04-12 07:05:38,337 - WARNING - [assist_09|assist_09_abce_best_no_A|lr=0.0003|drop=0.20] [Diag Warning][E] personal_delta_student_std is near zero: personal_delta_student_std=0.000000, personal_delta_pre_softmax_norm=0.000000
2026-04-12 07:05:38,337 - INFO - [assist_09|assist_09_abce_best_no_A|lr=0.0003|drop=0.20] [Grad Norms] Epoch [016] | relation_emb=0.000000e+00, relation_tau=0.000000e+00, relation_wq=0.000000e+00, relation_wk=0.000000e+00, personal_u=0.000000e+00, personal_v=0.000000e+00, personal_alpha_bias=1.264155e-02, personal_gate_emb=0.000000e+00, personal_gate_student_proj=0.000000e+00, personal_gate_context_proj=1.853072e-05, personal_gate_student_direct=0.000000e+00, personal_gate_context_direct=7.204118e-06, personal_gate_out=2.017204e-05, personal_generator_emb=0.000000e+00, personal_generator_context_proj=0.000000e+00, personal_generator_context_hidden=0.000000e+00, personal_generator_context_to_u=0.000000e+00, personal_generator_context_to_v=0.000000e+00
2026-04-12 07:05:38,674 - INFO - [assist_09|assist_09_abce_best_no_A|lr=0.0003|drop=0.20] -> New best AUC=0.7587 at epoch 16
2026-04-12 07:06:06,323 - INFO - [assist_09|assist_09_abce_best_no_A|lr=0.0003|drop=0.20] Epoch [017/100] | Train: Loss=0.3761, BCE=0.5121, Reg=-0.1359, AUC=0.7925, ACC=0.7375, RMSE=0.4141 | Val: Loss=0.3975, BCE=0.5428, Reg=-0.1453, AUC=0.7594, ACC=0.7203, RMSE=0.4278
2026-04-12 07:06:06,324 - INFO - [assist_09|assist_09_abce_best_no_A|lr=0.0003|drop=0.20] [Reg Terms] Epoch [017] | Train: graph_entropy=0.000000, graph_diag=0.000000, graph_uniform=0.000000, graph_reg_scale=1.0000, prediction_l2=0.000001, personal_sparse=0.000000, alpha_var=-0.135944, alpha_collapse=0.000000, reg_bce_ratio=-0.2655 | Val: graph_entropy=0.000000, graph_diag=0.000000, graph_uniform=0.000000, graph_reg_scale=1.0000, prediction_l2=0.000001, personal_sparse=0.000000, alpha_var=-0.145272, alpha_collapse=0.000000, reg_bce_ratio=-0.2676
2026-04-12 07:06:06,590 - INFO - [assist_09|assist_09_abce_best_no_A|lr=0.0003|drop=0.20] [Diag][AE] Epoch [017] | irt_abs_mean=1.4366, irt_std=0.8774, personal_warmup_scale=1.00, graph_row_entropy=0.0000, graph_entropy_ratio=0.0000, alpha_mean=0.1750, alpha_std=0.1750, alpha_bias_std=2.1738, personal_row_entropy=0.0000, personal_matrix_delta=0.0000, personal_matrix_student_std=0.0000, personal_delta_pre_softmax_norm=0.0000, personal_delta_student_std=0.0000, alpha_head_std=0.1750
2026-04-12 07:06:06,590 - INFO - [assist_09|assist_09_abce_best_no_A|lr=0.0003|drop=0.20] [Diag][Graph] Epoch [017] | entropy_ratio=0.0000, diag_mass=1.0000, to_uniform_l2=0.089800, to_identity_l2=0.000000, tau_mean=0.0000, tau_std=0.0000, graph_reg_scale(train/val)=1.0000/1.0000
2026-04-12 07:06:06,590 - WARNING - [assist_09|assist_09_abce_best_no_A|lr=0.0003|drop=0.20] [Diag Warning][E] personal_delta_student_std is near zero: personal_delta_student_std=0.000000, personal_delta_pre_softmax_norm=0.000000
2026-04-12 07:06:06,591 - INFO - [assist_09|assist_09_abce_best_no_A|lr=0.0003|drop=0.20] [Grad Norms] Epoch [017] | relation_emb=0.000000e+00, relation_tau=0.000000e+00, relation_wq=0.000000e+00, relation_wk=0.000000e+00, personal_u=0.000000e+00, personal_v=0.000000e+00, personal_alpha_bias=1.118933e-02, personal_gate_emb=0.000000e+00, personal_gate_student_proj=0.000000e+00, personal_gate_context_proj=1.190476e-05, personal_gate_student_direct=0.000000e+00, personal_gate_context_direct=5.029527e-06, personal_gate_out=1.375537e-05, personal_generator_emb=0.000000e+00, personal_generator_context_proj=0.000000e+00, personal_generator_context_hidden=0.000000e+00, personal_generator_context_to_u=0.000000e+00, personal_generator_context_to_v=0.000000e+00
2026-04-12 07:06:06,895 - INFO - [assist_09|assist_09_abce_best_no_A|lr=0.0003|drop=0.20] -> New best AUC=0.7594 at epoch 17
2026-04-12 07:06:10,881 - INFO - [assist_09|assist_09_abce_best_full|lr=0.0003|drop=0.20] Epoch [010/100] | Train: Loss=0.4680, BCE=0.4965, Reg=-0.0284, AUC=0.8059, ACC=0.7499, RMSE=0.4067 | Val: Loss=0.5188, BCE=0.5547, Reg=-0.0359, AUC=0.7505, ACC=0.7237, RMSE=0.4313
2026-04-12 07:06:10,882 - INFO - [assist_09|assist_09_abce_best_full|lr=0.0003|drop=0.20] [Reg Terms] Epoch [010] | Train: graph_entropy=0.000001, graph_diag=0.020005, graph_uniform=0.001194, graph_reg_scale=1.0000, prediction_l2=0.000000, personal_sparse=0.001498, alpha_var=-0.051145, alpha_collapse=0.000000, reg_bce_ratio=-0.0573 | Val: graph_entropy=0.000000, graph_diag=0.020000, graph_uniform=0.001191, graph_reg_scale=1.0000, prediction_l2=0.000000, personal_sparse=0.001491, alpha_var=-0.058553, alpha_collapse=0.000000, reg_bce_ratio=-0.0647
2026-04-12 07:06:11,138 - INFO - [assist_09|assist_09_abce_best_full|lr=0.0003|drop=0.20] [Diag][AE] Epoch [010] | irt_abs_mean=1.6578, irt_std=1.0110, personal_warmup_scale=1.00, graph_row_entropy=0.7454, graph_entropy_ratio=0.1549, alpha_mean=0.1750, alpha_std=0.1748, alpha_bias_std=1.3572, personal_row_entropy=0.7454, personal_matrix_delta=0.0000, personal_matrix_student_std=0.0000, personal_delta_pre_softmax_norm=0.0000, personal_delta_student_std=0.0000, alpha_head_std=0.1748
2026-04-12 07:06:11,138 - INFO - [assist_09|assist_09_abce_best_full|lr=0.0003|drop=0.20] [Diag][Graph] Epoch [010] | entropy_ratio=0.1549, diag_mass=0.2000, to_uniform_l2=0.070224, to_identity_l2=0.099376, tau_mean=0.5859, tau_std=0.0241, graph_reg_scale(train/val)=1.0000/1.0000
2026-04-12 07:06:11,138 - WARNING - [assist_09|assist_09_abce_best_full|lr=0.0003|drop=0.20] [Diag Warning][E] personal_delta_student_std is near zero: personal_delta_student_std=0.000000, personal_delta_pre_softmax_norm=0.000000
2026-04-12 07:06:11,138 - INFO - [assist_09|assist_09_abce_best_full|lr=0.0003|drop=0.20] [Grad Norms] Epoch [010] | relation_emb=7.537413e-03, relation_tau=1.796772e-03, relation_wq=6.136340e-04, relation_wk=3.499733e-04, personal_u=0.000000e+00, personal_v=0.000000e+00, personal_alpha_bias=6.012974e-03, personal_gate_emb=0.000000e+00, personal_gate_student_proj=0.000000e+00, personal_gate_context_proj=1.710550e-05, personal_gate_student_direct=0.000000e+00, personal_gate_context_direct=7.042860e-06, personal_gate_out=1.822640e-05, personal_generator_emb=0.000000e+00, personal_generator_context_proj=0.000000e+00, personal_generator_context_hidden=0.000000e+00, personal_generator_context_to_u=0.000000e+00, personal_generator_context_to_v=0.000000e+00
2026-04-12 07:06:11,445 - INFO - [assist_09|assist_09_abce_best_full|lr=0.0003|drop=0.20] -> New best AUC=0.7505 at epoch 10
2026-04-12 07:06:11,496 - INFO - [assist_09|assist_09_abce_best_full|lr=0.0003|drop=0.20] Checkpoint saved: checkpoints/abce_diag/ae_fix_20260412_fdafa52/assist_09/seed42/best_full/checkpoint_epoch_10.pth
2026-04-12 07:06:11,763 - INFO - [assist_09|assist_09_abce_best_full|lr=0.0003|drop=0.20] [Module Activity] Epoch 10: Graph[OK] Personal[X]
2026-04-12 07:06:33,872 - INFO - [assist_09|assist_09_abce_best_no_A|lr=0.0003|drop=0.20] Epoch [018/100] | Train: Loss=0.3594, BCE=0.5106, Reg=-0.1513, AUC=0.7941, ACC=0.7381, RMSE=0.4136 | Val: Loss=0.3812, BCE=0.5424, Reg=-0.1612, AUC=0.7599, ACC=0.7204, RMSE=0.4276
2026-04-12 07:06:33,873 - INFO - [assist_09|assist_09_abce_best_no_A|lr=0.0003|drop=0.20] [Reg Terms] Epoch [018] | Train: graph_entropy=0.000000, graph_diag=0.000000, graph_uniform=0.000000, graph_reg_scale=1.0000, prediction_l2=0.000001, personal_sparse=0.000000, alpha_var=-0.151292, alpha_collapse=0.000000, reg_bce_ratio=-0.2963 | Val: graph_entropy=0.000000, graph_diag=0.000000, graph_uniform=0.000000, graph_reg_scale=1.0000, prediction_l2=0.000001, personal_sparse=0.000000, alpha_var=-0.161215, alpha_collapse=0.000000, reg_bce_ratio=-0.2972
2026-04-12 07:06:34,152 - INFO - [assist_09|assist_09_abce_best_no_A|lr=0.0003|drop=0.20] [Diag][AE] Epoch [018] | irt_abs_mean=1.4465, irt_std=0.8823, personal_warmup_scale=1.00, graph_row_entropy=0.0000, graph_entropy_ratio=0.0000, alpha_mean=0.1750, alpha_std=0.1750, alpha_bias_std=2.2924, personal_row_entropy=0.0000, personal_matrix_delta=0.0000, personal_matrix_student_std=0.0000, personal_delta_pre_softmax_norm=0.0000, personal_delta_student_std=0.0000, alpha_head_std=0.1750
2026-04-12 07:06:34,152 - INFO - [assist_09|assist_09_abce_best_no_A|lr=0.0003|drop=0.20] [Diag][Graph] Epoch [018] | entropy_ratio=0.0000, diag_mass=1.0000, to_uniform_l2=0.089800, to_identity_l2=0.000000, tau_mean=0.0000, tau_std=0.0000, graph_reg_scale(train/val)=1.0000/1.0000
2026-04-12 07:06:34,152 - WARNING - [assist_09|assist_09_abce_best_no_A|lr=0.0003|drop=0.20] [Diag Warning][E] personal_delta_student_std is near zero: personal_delta_student_std=0.000000, personal_delta_pre_softmax_norm=0.000000
2026-04-12 07:06:34,153 - INFO - [assist_09|assist_09_abce_best_no_A|lr=0.0003|drop=0.20] [Grad Norms] Epoch [018] | relation_emb=0.000000e+00, relation_tau=0.000000e+00, relation_wq=0.000000e+00, relation_wk=0.000000e+00, personal_u=0.000000e+00, personal_v=0.000000e+00, personal_alpha_bias=1.339680e-02, personal_gate_emb=0.000000e+00, personal_gate_student_proj=0.000000e+00, personal_gate_context_proj=1.880765e-05, personal_gate_student_direct=0.000000e+00, personal_gate_context_direct=9.071124e-06, personal_gate_out=2.517652e-05, personal_generator_emb=0.000000e+00, personal_generator_context_proj=0.000000e+00, personal_generator_context_hidden=0.000000e+00, personal_generator_context_to_u=0.000000e+00, personal_generator_context_to_v=0.000000e+00
2026-04-12 07:06:34,470 - INFO - [assist_09|assist_09_abce_best_no_A|lr=0.0003|drop=0.20] -> New best AUC=0.7599 at epoch 18
2026-04-12 07:06:59,288 - INFO - [assist_09|assist_09_abce_best_full|lr=0.0003|drop=0.20] Epoch [011/100] | Train: Loss=0.4537, BCE=0.4918, Reg=-0.0382, AUC=0.8105, ACC=0.7520, RMSE=0.4046 | Val: Loss=0.5076, BCE=0.5540, Reg=-0.0465, AUC=0.7514, ACC=0.7247, RMSE=0.4309
2026-04-12 07:06:59,289 - INFO - [assist_09|assist_09_abce_best_full|lr=0.0003|drop=0.20] [Reg Terms] Epoch [011] | Train: graph_entropy=0.000000, graph_diag=0.020005, graph_uniform=0.001194, graph_reg_scale=1.0000, prediction_l2=0.000000, personal_sparse=0.001500, alpha_var=-0.060863, alpha_collapse=0.000000, reg_bce_ratio=-0.0776 | Val: graph_entropy=0.000000, graph_diag=0.020000, graph_uniform=0.001191, graph_reg_scale=1.0000, prediction_l2=0.000000, personal_sparse=0.001490, alpha_var=-0.069148, alpha_collapse=0.000000, reg_bce_ratio=-0.0839
2026-04-12 07:06:59,555 - INFO - [assist_09|assist_09_abce_best_full|lr=0.0003|drop=0.20] [Diag][AE] Epoch [011] | irt_abs_mean=1.6977, irt_std=1.0296, personal_warmup_scale=1.00, graph_row_entropy=0.7448, graph_entropy_ratio=0.1548, alpha_mean=0.1750, alpha_std=0.1748, alpha_bias_std=1.4790, personal_row_entropy=0.7449, personal_matrix_delta=0.0000, personal_matrix_student_std=0.0000, personal_delta_pre_softmax_norm=0.0000, personal_delta_student_std=0.0000, alpha_head_std=0.1748
2026-04-12 07:06:59,555 - INFO - [assist_09|assist_09_abce_best_full|lr=0.0003|drop=0.20] [Diag][Graph] Epoch [011] | entropy_ratio=0.1548, diag_mass=0.2000, to_uniform_l2=0.070237, to_identity_l2=0.099385, tau_mean=0.5795, tau_std=0.0245, graph_reg_scale(train/val)=1.0000/1.0000
2026-04-12 07:06:59,555 - WARNING - [assist_09|assist_09_abce_best_full|lr=0.0003|drop=0.20] [Diag Warning][E] personal_delta_student_std is near zero: personal_delta_student_std=0.000000, personal_delta_pre_softmax_norm=0.000000
2026-04-12 07:06:59,555 - INFO - [assist_09|assist_09_abce_best_full|lr=0.0003|drop=0.20] [Grad Norms] Epoch [011] | relation_emb=4.128307e-03, relation_tau=1.001927e-03, relation_wq=3.984941e-04, relation_wk=1.660350e-04, personal_u=0.000000e+00, personal_v=0.000000e+00, personal_alpha_bias=7.993162e-03, personal_gate_emb=0.000000e+00, personal_gate_student_proj=0.000000e+00, personal_gate_context_proj=1.391903e-05, personal_gate_student_direct=0.000000e+00, personal_gate_context_direct=5.701853e-06, personal_gate_out=1.477638e-05, personal_generator_emb=0.000000e+00, personal_generator_context_proj=0.000000e+00, personal_generator_context_hidden=0.000000e+00, personal_generator_context_to_u=0.000000e+00, personal_generator_context_to_v=0.000000e+00
2026-04-12 07:06:59,909 - INFO - [assist_09|assist_09_abce_best_full|lr=0.0003|drop=0.20] -> New best AUC=0.7514 at epoch 11
2026-04-12 07:07:01,255 - INFO - [assist_09|assist_09_abce_best_no_A|lr=0.0003|drop=0.20] Epoch [019/100] | Train: Loss=0.3418, BCE=0.5092, Reg=-0.1674, AUC=0.7955, ACC=0.7389, RMSE=0.4130 | Val: Loss=0.3635, BCE=0.5414, Reg=-0.1779, AUC=0.7606, ACC=0.7221, RMSE=0.4271
2026-04-12 07:07:01,255 - INFO - [assist_09|assist_09_abce_best_no_A|lr=0.0003|drop=0.20] [Reg Terms] Epoch [019] | Train: graph_entropy=0.000000, graph_diag=0.000000, graph_uniform=0.000000, graph_reg_scale=1.0000, prediction_l2=0.000001, personal_sparse=0.000000, alpha_var=-0.167430, alpha_collapse=0.000000, reg_bce_ratio=-0.3288 | Val: graph_entropy=0.000000, graph_diag=0.000000, graph_uniform=0.000000, graph_reg_scale=1.0000, prediction_l2=0.000001, personal_sparse=0.000000, alpha_var=-0.177947, alpha_collapse=0.000000, reg_bce_ratio=-0.3287
2026-04-12 07:07:01,457 - INFO - [assist_09|assist_09_abce_best_no_A|lr=0.0003|drop=0.20] [Diag][AE] Epoch [019] | irt_abs_mean=1.4198, irt_std=0.8724, personal_warmup_scale=1.00, graph_row_entropy=0.0000, graph_entropy_ratio=0.0000, alpha_mean=0.1750, alpha_std=0.1750, alpha_bias_std=2.4105, personal_row_entropy=0.0000, personal_matrix_delta=0.0000, personal_matrix_student_std=0.0000, personal_delta_pre_softmax_norm=0.0000, personal_delta_student_std=0.0000, alpha_head_std=0.1750
2026-04-12 07:07:01,457 - INFO - [assist_09|assist_09_abce_best_no_A|lr=0.0003|drop=0.20] [Diag][Graph] Epoch [019] | entropy_ratio=0.0000, diag_mass=1.0000, to_uniform_l2=0.089800, to_identity_l2=0.000000, tau_mean=0.0000, tau_std=0.0000, graph_reg_scale(train/val)=1.0000/1.0000
2026-04-12 07:07:01,458 - WARNING - [assist_09|assist_09_abce_best_no_A|lr=0.0003|drop=0.20] [Diag Warning][E] personal_delta_student_std is near zero: personal_delta_student_std=0.000000, personal_delta_pre_softmax_norm=0.000000
2026-04-12 07:07:01,458 - INFO - [assist_09|assist_09_abce_best_no_A|lr=0.0003|drop=0.20] [Grad Norms] Epoch [019] | relation_emb=0.000000e+00, relation_tau=0.000000e+00, relation_wq=0.000000e+00, relation_wk=0.000000e+00, personal_u=0.000000e+00, personal_v=0.000000e+00, personal_alpha_bias=1.403524e-02, personal_gate_emb=0.000000e+00, personal_gate_student_proj=0.000000e+00, personal_gate_context_proj=1.571422e-05, personal_gate_student_direct=0.000000e+00, personal_gate_context_direct=5.959538e-06, personal_gate_out=1.709267e-05, personal_generator_emb=0.000000e+00, personal_generator_context_proj=0.000000e+00, personal_generator_context_hidden=0.000000e+00, personal_generator_context_to_u=0.000000e+00, personal_generator_context_to_v=0.000000e+00
2026-04-12 07:07:01,767 - INFO - [assist_09|assist_09_abce_best_no_A|lr=0.0003|drop=0.20] -> New best AUC=0.7606 at epoch 19
2026-04-12 07:07:28,126 - INFO - [assist_09|assist_09_abce_best_no_A|lr=0.0003|drop=0.20] Epoch [020/100] | Train: Loss=0.3236, BCE=0.5080, Reg=-0.1843, AUC=0.7969, ACC=0.7389, RMSE=0.4124 | Val: Loss=0.3454, BCE=0.5409, Reg=-0.1955, AUC=0.7612, ACC=0.7218, RMSE=0.4269
2026-04-12 07:07:28,127 - INFO - [assist_09|assist_09_abce_best_no_A|lr=0.0003|drop=0.20] [Reg Terms] Epoch [020] | Train: graph_entropy=0.000000, graph_diag=0.000000, graph_uniform=0.000000, graph_reg_scale=1.0000, prediction_l2=0.000001, personal_sparse=0.000000, alpha_var=-0.184345, alpha_collapse=0.000000, reg_bce_ratio=-0.3629 | Val: graph_entropy=0.000000, graph_diag=0.000000, graph_uniform=0.000000, graph_reg_scale=1.0000, prediction_l2=0.000001, personal_sparse=0.000000, alpha_var=-0.195455, alpha_collapse=0.000000, reg_bce_ratio=-0.3614
2026-04-12 07:07:28,381 - INFO - [assist_09|assist_09_abce_best_no_A|lr=0.0003|drop=0.20] [Diag][AE] Epoch [020] | irt_abs_mean=1.4271, irt_std=0.8765, personal_warmup_scale=1.00, graph_row_entropy=0.0000, graph_entropy_ratio=0.0000, alpha_mean=0.1750, alpha_std=0.1750, alpha_bias_std=2.5267, personal_row_entropy=0.0000, personal_matrix_delta=0.0000, personal_matrix_student_std=0.0000, personal_delta_pre_softmax_norm=0.0000, personal_delta_student_std=0.0000, alpha_head_std=0.1750
2026-04-12 07:07:28,382 - INFO - [assist_09|assist_09_abce_best_no_A|lr=0.0003|drop=0.20] [Diag][Graph] Epoch [020] | entropy_ratio=0.0000, diag_mass=1.0000, to_uniform_l2=0.089800, to_identity_l2=0.000000, tau_mean=0.0000, tau_std=0.0000, graph_reg_scale(train/val)=1.0000/1.0000
2026-04-12 07:07:28,382 - WARNING - [assist_09|assist_09_abce_best_no_A|lr=0.0003|drop=0.20] [Diag Warning][E] personal_delta_student_std is near zero: personal_delta_student_std=0.000000, personal_delta_pre_softmax_norm=0.000000
2026-04-12 07:07:28,382 - INFO - [assist_09|assist_09_abce_best_no_A|lr=0.0003|drop=0.20] [Grad Norms] Epoch [020] | relation_emb=0.000000e+00, relation_tau=0.000000e+00, relation_wq=0.000000e+00, relation_wk=0.000000e+00, personal_u=0.000000e+00, personal_v=0.000000e+00, personal_alpha_bias=1.479593e-02, personal_gate_emb=0.000000e+00, personal_gate_student_proj=0.000000e+00, personal_gate_context_proj=6.212332e-06, personal_gate_student_direct=0.000000e+00, personal_gate_context_direct=2.334778e-06, personal_gate_out=6.619665e-06, personal_generator_emb=0.000000e+00, personal_generator_context_proj=0.000000e+00, personal_generator_context_hidden=0.000000e+00, personal_generator_context_to_u=0.000000e+00, personal_generator_context_to_v=0.000000e+00
2026-04-12 07:07:28,722 - INFO - [assist_09|assist_09_abce_best_no_A|lr=0.0003|drop=0.20] -> New best AUC=0.7612 at epoch 20
2026-04-12 07:07:28,760 - INFO - [assist_09|assist_09_abce_best_no_A|lr=0.0003|drop=0.20] Checkpoint saved: checkpoints/abce_diag/ae_fix_20260412_fdafa52/assist_09/seed42/best_no_A/checkpoint_epoch_20.pth
2026-04-12 07:07:28,986 - INFO - [assist_09|assist_09_abce_best_no_A|lr=0.0003|drop=0.20] [Module Activity] Epoch 20: Personal[X]
2026-04-12 07:07:45,890 - INFO - [assist_09|assist_09_abce_best_full|lr=0.0003|drop=0.20] Epoch [012/100] | Train: Loss=0.4398, BCE=0.4885, Reg=-0.0487, AUC=0.8134, ACC=0.7537, RMSE=0.4032 | Val: Loss=0.4973, BCE=0.5552, Reg=-0.0579, AUC=0.7514, ACC=0.7241, RMSE=0.4312
2026-04-12 07:07:45,890 - INFO - [assist_09|assist_09_abce_best_full|lr=0.0003|drop=0.20] [Reg Terms] Epoch [012] | Train: graph_entropy=0.000001, graph_diag=0.020002, graph_uniform=0.001194, graph_reg_scale=1.0000, prediction_l2=0.000000, personal_sparse=0.001500, alpha_var=-0.071374, alpha_collapse=0.000000, reg_bce_ratio=-0.0996 | Val: graph_entropy=0.000000, graph_diag=0.020000, graph_uniform=0.001185, graph_reg_scale=1.0000, prediction_l2=0.000000, personal_sparse=0.001473, alpha_var=-0.080597, alpha_collapse=0.000000, reg_bce_ratio=-0.1044
2026-04-12 07:07:46,110 - INFO - [assist_09|assist_09_abce_best_full|lr=0.0003|drop=0.20] [Diag][AE] Epoch [012] | irt_abs_mean=1.6757, irt_std=1.0560, personal_warmup_scale=1.00, graph_row_entropy=0.7363, graph_entropy_ratio=0.1530, alpha_mean=0.1750, alpha_std=0.1748, alpha_bias_std=1.5981, personal_row_entropy=0.7363, personal_matrix_delta=0.0000, personal_matrix_student_std=0.0000, personal_delta_pre_softmax_norm=0.0000, personal_delta_student_std=0.0000, alpha_head_std=0.1748
2026-04-12 07:07:46,110 - INFO - [assist_09|assist_09_abce_best_full|lr=0.0003|drop=0.20] [Diag][Graph] Epoch [012] | entropy_ratio=0.1530, diag_mass=0.2000, to_uniform_l2=0.070365, to_identity_l2=0.099475, tau_mean=0.5733, tau_std=0.0252, graph_reg_scale(train/val)=1.0000/1.0000
2026-04-12 07:07:46,110 - WARNING - [assist_09|assist_09_abce_best_full|lr=0.0003|drop=0.20] [Diag Warning][E] personal_delta_student_std is near zero: personal_delta_student_std=0.000000, personal_delta_pre_softmax_norm=0.000000
2026-04-12 07:07:46,110 - INFO - [assist_09|assist_09_abce_best_full|lr=0.0003|drop=0.20] [Grad Norms] Epoch [012] | relation_emb=1.104524e-02, relation_tau=1.726056e-03, relation_wq=8.082560e-04, relation_wk=2.769346e-04, personal_u=0.000000e+00, personal_v=0.000000e+00, personal_alpha_bias=9.260023e-03, personal_gate_emb=0.000000e+00, personal_gate_student_proj=0.000000e+00, personal_gate_context_proj=1.201465e-05, personal_gate_student_direct=0.000000e+00, personal_gate_context_direct=4.919775e-06, personal_gate_out=1.279417e-05, personal_generator_emb=0.000000e+00, personal_generator_context_proj=0.000000e+00, personal_generator_context_hidden=0.000000e+00, personal_generator_context_to_u=0.000000e+00, personal_generator_context_to_v=0.000000e+00
2026-04-12 07:07:46,407 - INFO - [assist_09|assist_09_abce_best_full|lr=0.0003|drop=0.20] -> New best AUC=0.7514 at epoch 12
2026-04-12 07:07:56,031 - INFO - [assist_09|assist_09_abce_best_no_A|lr=0.0003|drop=0.20] Epoch [021/100] | Train: Loss=0.3046, BCE=0.5066, Reg=-0.2020, AUC=0.7982, ACC=0.7400, RMSE=0.4118 | Val: Loss=0.3263, BCE=0.5401, Reg=-0.2138, AUC=0.7620, ACC=0.7227, RMSE=0.4265
2026-04-12 07:07:56,031 - INFO - [assist_09|assist_09_abce_best_no_A|lr=0.0003|drop=0.20] [Reg Terms] Epoch [021] | Train: graph_entropy=0.000000, graph_diag=0.000000, graph_uniform=0.000000, graph_reg_scale=1.0000, prediction_l2=0.000001, personal_sparse=0.000000, alpha_var=-0.202033, alpha_collapse=0.000000, reg_bce_ratio=-0.3988 | Val: graph_entropy=0.000000, graph_diag=0.000000, graph_uniform=0.000000, graph_reg_scale=1.0000, prediction_l2=0.000001, personal_sparse=0.000000, alpha_var=-0.213789, alpha_collapse=0.000000, reg_bce_ratio=-0.3958
2026-04-12 07:07:56,322 - INFO - [assist_09|assist_09_abce_best_no_A|lr=0.0003|drop=0.20] [Diag][AE] Epoch [021] | irt_abs_mean=1.4194, irt_std=0.8782, personal_warmup_scale=1.00, graph_row_entropy=0.0000, graph_entropy_ratio=0.0000, alpha_mean=0.1750, alpha_std=0.1750, alpha_bias_std=2.6445, personal_row_entropy=0.0000, personal_matrix_delta=0.0000, personal_matrix_student_std=0.0000, personal_delta_pre_softmax_norm=0.0000, personal_delta_student_std=0.0000, alpha_head_std=0.1750
2026-04-12 07:07:56,322 - INFO - [assist_09|assist_09_abce_best_no_A|lr=0.0003|drop=0.20] [Diag][Graph] Epoch [021] | entropy_ratio=0.0000, diag_mass=1.0000, to_uniform_l2=0.089800, to_identity_l2=0.000000, tau_mean=0.0000, tau_std=0.0000, graph_reg_scale(train/val)=1.0000/1.0000
2026-04-12 07:07:56,322 - WARNING - [assist_09|assist_09_abce_best_no_A|lr=0.0003|drop=0.20] [Diag Warning][E] personal_delta_student_std is near zero: personal_delta_student_std=0.000000, personal_delta_pre_softmax_norm=0.000000
2026-04-12 07:07:56,322 - INFO - [assist_09|assist_09_abce_best_no_A|lr=0.0003|drop=0.20] [Grad Norms] Epoch [021] | relation_emb=0.000000e+00, relation_tau=0.000000e+00, relation_wq=0.000000e+00, relation_wk=0.000000e+00, personal_u=0.000000e+00, personal_v=0.000000e+00, personal_alpha_bias=1.330452e-02, personal_gate_emb=0.000000e+00, personal_gate_student_proj=0.000000e+00, personal_gate_context_proj=9.351372e-06, personal_gate_student_direct=0.000000e+00, personal_gate_context_direct=3.778305e-06, personal_gate_out=1.055887e-05, personal_generator_emb=0.000000e+00, personal_generator_context_proj=0.000000e+00, personal_generator_context_hidden=0.000000e+00, personal_generator_context_to_u=0.000000e+00, personal_generator_context_to_v=0.000000e+00
2026-04-12 07:07:56,672 - INFO - [assist_09|assist_09_abce_best_no_A|lr=0.0003|drop=0.20] -> New best AUC=0.7620 at epoch 21
2026-04-12 07:08:25,098 - INFO - [assist_09|assist_09_abce_best_no_A|lr=0.0003|drop=0.20] Epoch [022/100] | Train: Loss=0.2850, BCE=0.5056, Reg=-0.2206, AUC=0.7993, ACC=0.7404, RMSE=0.4113 | Val: Loss=0.3070, BCE=0.5399, Reg=-0.2329, AUC=0.7621, ACC=0.7238, RMSE=0.4264
2026-04-12 07:08:25,098 - INFO - [assist_09|assist_09_abce_best_no_A|lr=0.0003|drop=0.20] [Reg Terms] Epoch [022] | Train: graph_entropy=0.000000, graph_diag=0.000000, graph_uniform=0.000000, graph_reg_scale=1.0000, prediction_l2=0.000001, personal_sparse=0.000000, alpha_var=-0.220556, alpha_collapse=0.000000, reg_bce_ratio=-0.4362 | Val: graph_entropy=0.000000, graph_diag=0.000000, graph_uniform=0.000000, graph_reg_scale=1.0000, prediction_l2=0.000001, personal_sparse=0.000000, alpha_var=-0.232927, alpha_collapse=0.000000, reg_bce_ratio=-0.4314
2026-04-12 07:08:25,373 - INFO - [assist_09|assist_09_abce_best_no_A|lr=0.0003|drop=0.20] [Diag][AE] Epoch [022] | irt_abs_mean=1.4474, irt_std=0.8917, personal_warmup_scale=1.00, graph_row_entropy=0.0000, graph_entropy_ratio=0.0000, alpha_mean=0.1750, alpha_std=0.1750, alpha_bias_std=2.7622, personal_row_entropy=0.0000, personal_matrix_delta=0.0000, personal_matrix_student_std=0.0000, personal_delta_pre_softmax_norm=0.0000, personal_delta_student_std=0.0000, alpha_head_std=0.1750
2026-04-12 07:08:25,373 - INFO - [assist_09|assist_09_abce_best_no_A|lr=0.0003|drop=0.20] [Diag][Graph] Epoch [022] | entropy_ratio=0.0000, diag_mass=1.0000, to_uniform_l2=0.089800, to_identity_l2=0.000000, tau_mean=0.0000, tau_std=0.0000, graph_reg_scale(train/val)=1.0000/1.0000
2026-04-12 07:08:25,373 - WARNING - [assist_09|assist_09_abce_best_no_A|lr=0.0003|drop=0.20] [Diag Warning][E] personal_delta_student_std is near zero: personal_delta_student_std=0.000000, personal_delta_pre_softmax_norm=0.000000
2026-04-12 07:08:25,374 - INFO - [assist_09|assist_09_abce_best_no_A|lr=0.0003|drop=0.20] [Grad Norms] Epoch [022] | relation_emb=0.000000e+00, relation_tau=0.000000e+00, relation_wq=0.000000e+00, relation_wk=0.000000e+00, personal_u=0.000000e+00, personal_v=0.000000e+00, personal_alpha_bias=1.412891e-02, personal_gate_emb=0.000000e+00, personal_gate_student_proj=0.000000e+00, personal_gate_context_proj=1.454502e-05, personal_gate_student_direct=0.000000e+00, personal_gate_context_direct=6.244367e-06, personal_gate_out=1.690853e-05, personal_generator_emb=0.000000e+00, personal_generator_context_proj=0.000000e+00, personal_generator_context_hidden=0.000000e+00, personal_generator_context_to_u=0.000000e+00, personal_generator_context_to_v=0.000000e+00
2026-04-12 07:08:25,674 - INFO - [assist_09|assist_09_abce_best_no_A|lr=0.0003|drop=0.20] -> New best AUC=0.7621 at epoch 22
2026-04-12 07:08:34,607 - INFO - [assist_09|assist_09_abce_best_full|lr=0.0003|drop=0.20] Epoch [013/100] | Train: Loss=0.4249, BCE=0.4849, Reg=-0.0600, AUC=0.8168, ACC=0.7553, RMSE=0.4016 | Val: Loss=0.4849, BCE=0.5550, Reg=-0.0701, AUC=0.7521, ACC=0.7235, RMSE=0.4308
2026-04-12 07:08:34,608 - INFO - [assist_09|assist_09_abce_best_full|lr=0.0003|drop=0.20] [Reg Terms] Epoch [013] | Train: graph_entropy=0.000001, graph_diag=0.020000, graph_uniform=0.001192, graph_reg_scale=1.0000, prediction_l2=0.000000, personal_sparse=0.001496, alpha_var=-0.082696, alpha_collapse=0.000000, reg_bce_ratio=-0.1237 | Val: graph_entropy=0.000000, graph_diag=0.020000, graph_uniform=0.001210, graph_reg_scale=1.0000, prediction_l2=0.000000, personal_sparse=0.001554, alpha_var=-0.092908, alpha_collapse=0.000000, reg_bce_ratio=-0.1264
2026-04-12 07:08:34,850 - INFO - [assist_09|assist_09_abce_best_full|lr=0.0003|drop=0.20] [Diag][AE] Epoch [013] | irt_abs_mean=1.7262, irt_std=1.0832, personal_warmup_scale=1.00, graph_row_entropy=0.7770, graph_entropy_ratio=0.1615, alpha_mean=0.1750, alpha_std=0.1748, alpha_bias_std=1.7200, personal_row_entropy=0.7770, personal_matrix_delta=0.0000, personal_matrix_student_std=0.0000, personal_delta_pre_softmax_norm=0.0000, personal_delta_student_std=0.0000, alpha_head_std=0.1748
2026-04-12 07:08:34,850 - INFO - [assist_09|assist_09_abce_best_full|lr=0.0003|drop=0.20] [Diag][Graph] Epoch [013] | entropy_ratio=0.1615, diag_mass=0.2000, to_uniform_l2=0.069762, to_identity_l2=0.099050, tau_mean=0.5680, tau_std=0.0251, graph_reg_scale(train/val)=1.0000/1.0000
2026-04-12 07:08:34,850 - WARNING - [assist_09|assist_09_abce_best_full|lr=0.0003|drop=0.20] [Diag Warning][E] personal_delta_student_std is near zero: personal_delta_student_std=0.000000, personal_delta_pre_softmax_norm=0.000000
2026-04-12 07:08:34,850 - INFO - [assist_09|assist_09_abce_best_full|lr=0.0003|drop=0.20] [Grad Norms] Epoch [013] | relation_emb=9.734353e-03, relation_tau=1.847115e-03, relation_wq=6.365069e-04, relation_wk=3.661984e-04, personal_u=0.000000e+00, personal_v=0.000000e+00, personal_alpha_bias=9.036580e-03, personal_gate_emb=0.000000e+00, personal_gate_student_proj=0.000000e+00, personal_gate_context_proj=1.440867e-05, personal_gate_student_direct=0.000000e+00, personal_gate_context_direct=5.911970e-06, personal_gate_out=1.533280e-05, personal_generator_emb=0.000000e+00, personal_generator_context_proj=0.000000e+00, personal_generator_context_hidden=0.000000e+00, personal_generator_context_to_u=0.000000e+00, personal_generator_context_to_v=0.000000e+00
2026-04-12 07:08:35,180 - INFO - [assist_09|assist_09_abce_best_full|lr=0.0003|drop=0.20] -> New best AUC=0.7521 at epoch 13
2026-04-12 07:08:52,248 - INFO - [assist_09|assist_09_abce_best_no_A|lr=0.0003|drop=0.20] Epoch [023/100] | Train: Loss=0.2647, BCE=0.5045, Reg=-0.2398, AUC=0.8003, ACC=0.7405, RMSE=0.4108 | Val: Loss=0.2870, BCE=0.5398, Reg=-0.2529, AUC=0.7627, ACC=0.7221, RMSE=0.4263
2026-04-12 07:08:52,249 - INFO - [assist_09|assist_09_abce_best_no_A|lr=0.0003|drop=0.20] [Reg Terms] Epoch [023] | Train: graph_entropy=0.000000, graph_diag=0.000000, graph_uniform=0.000000, graph_reg_scale=1.0000, prediction_l2=0.000001, personal_sparse=0.000000, alpha_var=-0.239828, alpha_collapse=0.000000, reg_bce_ratio=-0.4754 | Val: graph_entropy=0.000000, graph_diag=0.000000, graph_uniform=0.000000, graph_reg_scale=1.0000, prediction_l2=0.000001, personal_sparse=0.000000, alpha_var=-0.252863, alpha_collapse=0.000000, reg_bce_ratio=-0.4684
2026-04-12 07:08:52,512 - INFO - [assist_09|assist_09_abce_best_no_A|lr=0.0003|drop=0.20] [Diag][AE] Epoch [023] | irt_abs_mean=1.4805, irt_std=0.9008, personal_warmup_scale=1.00, graph_row_entropy=0.0000, graph_entropy_ratio=0.0000, alpha_mean=0.1750, alpha_std=0.1750, alpha_bias_std=2.8807, personal_row_entropy=0.0000, personal_matrix_delta=0.0000, personal_matrix_student_std=0.0000, personal_delta_pre_softmax_norm=0.0000, personal_delta_student_std=0.0000, alpha_head_std=0.1750
2026-04-12 07:08:52,513 - INFO - [assist_09|assist_09_abce_best_no_A|lr=0.0003|drop=0.20] [Diag][Graph] Epoch [023] | entropy_ratio=0.0000, diag_mass=1.0000, to_uniform_l2=0.089800, to_identity_l2=0.000000, tau_mean=0.0000, tau_std=0.0000, graph_reg_scale(train/val)=1.0000/1.0000
2026-04-12 07:08:52,513 - WARNING - [assist_09|assist_09_abce_best_no_A|lr=0.0003|drop=0.20] [Diag Warning][E] personal_delta_student_std is near zero: personal_delta_student_std=0.000000, personal_delta_pre_softmax_norm=0.000000
2026-04-12 07:08:52,513 - INFO - [assist_09|assist_09_abce_best_no_A|lr=0.0003|drop=0.20] [Grad Norms] Epoch [023] | relation_emb=0.000000e+00, relation_tau=0.000000e+00, relation_wq=0.000000e+00, relation_wk=0.000000e+00, personal_u=0.000000e+00, personal_v=0.000000e+00, personal_alpha_bias=1.416009e-02, personal_gate_emb=0.000000e+00, personal_gate_student_proj=0.000000e+00, personal_gate_context_proj=1.115247e-05, personal_gate_student_direct=0.000000e+00, personal_gate_context_direct=4.160687e-06, personal_gate_out=1.176527e-05, personal_generator_emb=0.000000e+00, personal_generator_context_proj=0.000000e+00, personal_generator_context_hidden=0.000000e+00, personal_generator_context_to_u=0.000000e+00, personal_generator_context_to_v=0.000000e+00
2026-04-12 07:08:52,839 - INFO - [assist_09|assist_09_abce_best_no_A|lr=0.0003|drop=0.20] -> New best AUC=0.7627 at epoch 23
2026-04-12 07:09:20,491 - INFO - [assist_09|assist_09_abce_best_no_A|lr=0.0003|drop=0.20] Epoch [024/100] | Train: Loss=0.2437, BCE=0.5037, Reg=-0.2599, AUC=0.8011, ACC=0.7413, RMSE=0.4105 | Val: Loss=0.2652, BCE=0.5389, Reg=-0.2736, AUC=0.7632, ACC=0.7246, RMSE=0.4259
2026-04-12 07:09:20,491 - INFO - [assist_09|assist_09_abce_best_no_A|lr=0.0003|drop=0.20] [Reg Terms] Epoch [024] | Train: graph_entropy=0.000000, graph_diag=0.000000, graph_uniform=0.000000, graph_reg_scale=1.0000, prediction_l2=0.000001, personal_sparse=0.000000, alpha_var=-0.259939, alpha_collapse=0.000000, reg_bce_ratio=-0.5161 | Val: graph_entropy=0.000000, graph_diag=0.000000, graph_uniform=0.000000, graph_reg_scale=1.0000, prediction_l2=0.000001, personal_sparse=0.000000, alpha_var=-0.273641, alpha_collapse=0.000000, reg_bce_ratio=-0.5078
2026-04-12 07:09:20,764 - INFO - [assist_09|assist_09_abce_best_no_A|lr=0.0003|drop=0.20] [Diag][AE] Epoch [024] | irt_abs_mean=1.4599, irt_std=0.9090, personal_warmup_scale=1.00, graph_row_entropy=0.0000, graph_entropy_ratio=0.0000, alpha_mean=0.1750, alpha_std=0.1750, alpha_bias_std=2.9992, personal_row_entropy=0.0000, personal_matrix_delta=0.0000, personal_matrix_student_std=0.0000, personal_delta_pre_softmax_norm=0.0000, personal_delta_student_std=0.0000, alpha_head_std=0.1750
2026-04-12 07:09:20,764 - INFO - [assist_09|assist_09_abce_best_no_A|lr=0.0003|drop=0.20] [Diag][Graph] Epoch [024] | entropy_ratio=0.0000, diag_mass=1.0000, to_uniform_l2=0.089800, to_identity_l2=0.000000, tau_mean=0.0000, tau_std=0.0000, graph_reg_scale(train/val)=1.0000/1.0000
2026-04-12 07:09:20,764 - WARNING - [assist_09|assist_09_abce_best_no_A|lr=0.0003|drop=0.20] [Diag Warning][E] personal_delta_student_std is near zero: personal_delta_student_std=0.000000, personal_delta_pre_softmax_norm=0.000000
2026-04-12 07:09:20,764 - INFO - [assist_09|assist_09_abce_best_no_A|lr=0.0003|drop=0.20] [Grad Norms] Epoch [024] | relation_emb=0.000000e+00, relation_tau=0.000000e+00, relation_wq=0.000000e+00, relation_wk=0.000000e+00, personal_u=0.000000e+00, personal_v=0.000000e+00, personal_alpha_bias=1.440928e-02, personal_gate_emb=0.000000e+00, personal_gate_student_proj=0.000000e+00, personal_gate_context_proj=1.481960e-05, personal_gate_student_direct=0.000000e+00, personal_gate_context_direct=5.729815e-06, personal_gate_out=1.589152e-05, personal_generator_emb=0.000000e+00, personal_generator_context_proj=0.000000e+00, personal_generator_context_hidden=0.000000e+00, personal_generator_context_to_u=0.000000e+00, personal_generator_context_to_v=0.000000e+00
2026-04-12 07:09:21,059 - INFO - [assist_09|assist_09_abce_best_no_A|lr=0.0003|drop=0.20] -> New best AUC=0.7632 at epoch 24
2026-04-12 07:09:22,182 - INFO - [assist_09|assist_09_abce_best_full|lr=0.0003|drop=0.20] Epoch [014/100] | Train: Loss=0.4102, BCE=0.4823, Reg=-0.0721, AUC=0.8193, ACC=0.7565, RMSE=0.4005 | Val: Loss=0.4726, BCE=0.5560, Reg=-0.0834, AUC=0.7530, ACC=0.7255, RMSE=0.4309
2026-04-12 07:09:22,182 - INFO - [assist_09|assist_09_abce_best_full|lr=0.0003|drop=0.20] [Reg Terms] Epoch [014] | Train: graph_entropy=0.000001, graph_diag=0.020000, graph_uniform=0.001193, graph_reg_scale=1.0000, prediction_l2=0.000000, personal_sparse=0.001503, alpha_var=-0.094837, alpha_collapse=0.000000, reg_bce_ratio=-0.1496 | Val: graph_entropy=0.000000, graph_diag=0.020000, graph_uniform=0.001191, graph_reg_scale=1.0000, prediction_l2=0.000001, personal_sparse=0.001498, alpha_var=-0.106084, alpha_collapse=0.000000, reg_bce_ratio=-0.1500
2026-04-12 07:09:22,472 - INFO - [assist_09|assist_09_abce_best_full|lr=0.0003|drop=0.20] [Diag][AE] Epoch [014] | irt_abs_mean=1.7952, irt_std=1.1237, personal_warmup_scale=1.00, graph_row_entropy=0.7492, graph_entropy_ratio=0.1557, alpha_mean=0.1750, alpha_std=0.1748, alpha_bias_std=1.8403, personal_row_entropy=0.7492, personal_matrix_delta=0.0000, personal_matrix_student_std=0.0000, personal_delta_pre_softmax_norm=0.0000, personal_delta_student_std=0.0000, alpha_head_std=0.1748
2026-04-12 07:09:22,473 - INFO - [assist_09|assist_09_abce_best_full|lr=0.0003|drop=0.20] [Diag][Graph] Epoch [014] | entropy_ratio=0.1557, diag_mass=0.2000, to_uniform_l2=0.070215, to_identity_l2=0.099370, tau_mean=0.5619, tau_std=0.0251, graph_reg_scale(train/val)=1.0000/1.0000
2026-04-12 07:09:22,473 - WARNING - [assist_09|assist_09_abce_best_full|lr=0.0003|drop=0.20] [Diag Warning][E] personal_delta_student_std is near zero: personal_delta_student_std=0.000000, personal_delta_pre_softmax_norm=0.000000
2026-04-12 07:09:22,473 - INFO - [assist_09|assist_09_abce_best_full|lr=0.0003|drop=0.20] [Grad Norms] Epoch [014] | relation_emb=1.182437e-02, relation_tau=2.177185e-03, relation_wq=6.639340e-04, relation_wk=4.011026e-04, personal_u=0.000000e+00, personal_v=0.000000e+00, personal_alpha_bias=9.270073e-03, personal_gate_emb=0.000000e+00, personal_gate_student_proj=0.000000e+00, personal_gate_context_proj=1.321933e-05, personal_gate_student_direct=0.000000e+00, personal_gate_context_direct=5.430694e-06, personal_gate_out=1.406187e-05, personal_generator_emb=0.000000e+00, personal_generator_context_proj=0.000000e+00, personal_generator_context_hidden=0.000000e+00, personal_generator_context_to_u=0.000000e+00, personal_generator_context_to_v=0.000000e+00
2026-04-12 07:09:22,794 - INFO - [assist_09|assist_09_abce_best_full|lr=0.0003|drop=0.20] -> New best AUC=0.7530 at epoch 14
2026-04-12 07:09:46,756 - INFO - [assist_09|assist_09_abce_best_no_A|lr=0.0003|drop=0.20] Epoch [025/100] | Train: Loss=0.2217, BCE=0.5026, Reg=-0.2809, AUC=0.8022, ACC=0.7420, RMSE=0.4100 | Val: Loss=0.2436, BCE=0.5388, Reg=-0.2952, AUC=0.7636, ACC=0.7245, RMSE=0.4259
2026-04-12 07:09:46,756 - INFO - [assist_09|assist_09_abce_best_no_A|lr=0.0003|drop=0.20] [Reg Terms] Epoch [025] | Train: graph_entropy=0.000000, graph_diag=0.000000, graph_uniform=0.000000, graph_reg_scale=1.0000, prediction_l2=0.000001, personal_sparse=0.000000, alpha_var=-0.280869, alpha_collapse=0.000000, reg_bce_ratio=-0.5589 | Val: graph_entropy=0.000000, graph_diag=0.000000, graph_uniform=0.000000, graph_reg_scale=1.0000, prediction_l2=0.000001, personal_sparse=0.000000, alpha_var=-0.295205, alpha_collapse=0.000000, reg_bce_ratio=-0.5479
2026-04-12 07:09:46,939 - INFO - [assist_09|assist_09_abce_best_no_A|lr=0.0003|drop=0.20] [Diag][AE] Epoch [025] | irt_abs_mean=1.4289, irt_std=0.8904, personal_warmup_scale=1.00, graph_row_entropy=0.0000, graph_entropy_ratio=0.0000, alpha_mean=0.1750, alpha_std=0.1750, alpha_bias_std=3.1145, personal_row_entropy=0.0000, personal_matrix_delta=0.0000, personal_matrix_student_std=0.0000, personal_delta_pre_softmax_norm=0.0000, personal_delta_student_std=0.0000, alpha_head_std=0.1750
2026-04-12 07:09:46,939 - INFO - [assist_09|assist_09_abce_best_no_A|lr=0.0003|drop=0.20] [Diag][Graph] Epoch [025] | entropy_ratio=0.0000, diag_mass=1.0000, to_uniform_l2=0.089800, to_identity_l2=0.000000, tau_mean=0.0000, tau_std=0.0000, graph_reg_scale(train/val)=1.0000/1.0000
2026-04-12 07:09:46,939 - WARNING - [assist_09|assist_09_abce_best_no_A|lr=0.0003|drop=0.20] [Diag Warning][E] personal_delta_student_std is near zero: personal_delta_student_std=0.000000, personal_delta_pre_softmax_norm=0.000000
2026-04-12 07:09:46,939 - INFO - [assist_09|assist_09_abce_best_no_A|lr=0.0003|drop=0.20] [Grad Norms] Epoch [025] | relation_emb=0.000000e+00, relation_tau=0.000000e+00, relation_wq=0.000000e+00, relation_wk=0.000000e+00, personal_u=0.000000e+00, personal_v=0.000000e+00, personal_alpha_bias=1.558432e-02, personal_gate_emb=0.000000e+00, personal_gate_student_proj=0.000000e+00, personal_gate_context_proj=9.477159e-06, personal_gate_student_direct=0.000000e+00, personal_gate_context_direct=3.994825e-06, personal_gate_out=1.070509e-05, personal_generator_emb=0.000000e+00, personal_generator_context_proj=0.000000e+00, personal_generator_context_hidden=0.000000e+00, personal_generator_context_to_u=0.000000e+00, personal_generator_context_to_v=0.000000e+00
2026-04-12 07:09:47,218 - INFO - [assist_09|assist_09_abce_best_no_A|lr=0.0003|drop=0.20] -> New best AUC=0.7636 at epoch 25
2026-04-12 07:10:09,040 - INFO - [assist_09|assist_09_abce_best_full|lr=0.0003|drop=0.20] Epoch [015/100] | Train: Loss=0.3946, BCE=0.4797, Reg=-0.0851, AUC=0.8215, ACC=0.7582, RMSE=0.3994 | Val: Loss=0.4594, BCE=0.5568, Reg=-0.0974, AUC=0.7533, ACC=0.7249, RMSE=0.4311
2026-04-12 07:10:09,040 - INFO - [assist_09|assist_09_abce_best_full|lr=0.0003|drop=0.20] [Reg Terms] Epoch [015] | Train: graph_entropy=0.000001, graph_diag=0.020000, graph_uniform=0.001193, graph_reg_scale=1.0000, prediction_l2=0.000001, personal_sparse=0.001501, alpha_var=-0.107795, alpha_collapse=0.000000, reg_bce_ratio=-0.1774 | Val: graph_entropy=0.000000, graph_diag=0.020000, graph_uniform=0.001198, graph_reg_scale=1.0000, prediction_l2=0.000001, personal_sparse=0.001518, alpha_var=-0.120085, alpha_collapse=0.000000, reg_bce_ratio=-0.1749
2026-04-12 07:10:09,266 - INFO - [assist_09|assist_09_abce_best_full|lr=0.0003|drop=0.20] [Diag][AE] Epoch [015] | irt_abs_mean=1.8227, irt_std=1.1475, personal_warmup_scale=1.00, graph_row_entropy=0.7592, graph_entropy_ratio=0.1578, alpha_mean=0.1750, alpha_std=0.1748, alpha_bias_std=1.9610, personal_row_entropy=0.7592, personal_matrix_delta=0.0000, personal_matrix_student_std=0.0000, personal_delta_pre_softmax_norm=0.0000, personal_delta_student_std=0.0000, alpha_head_std=0.1748
2026-04-12 07:10:09,267 - INFO - [assist_09|assist_09_abce_best_full|lr=0.0003|drop=0.20] [Diag][Graph] Epoch [015] | entropy_ratio=0.1578, diag_mass=0.2000, to_uniform_l2=0.070043, to_identity_l2=0.099248, tau_mean=0.5569, tau_std=0.0254, graph_reg_scale(train/val)=1.0000/1.0000
2026-04-12 07:10:09,267 - WARNING - [assist_09|assist_09_abce_best_full|lr=0.0003|drop=0.20] [Diag Warning][E] personal_delta_student_std is near zero: personal_delta_student_std=0.000000, personal_delta_pre_softmax_norm=0.000000
2026-04-12 07:10:09,267 - INFO - [assist_09|assist_09_abce_best_full|lr=0.0003|drop=0.20] [Grad Norms] Epoch [015] | relation_emb=8.315814e-03, relation_tau=5.004205e-04, relation_wq=5.722553e-04, relation_wk=9.520003e-05, personal_u=0.000000e+00, personal_v=0.000000e+00, personal_alpha_bias=1.050056e-02, personal_gate_emb=0.000000e+00, personal_gate_student_proj=0.000000e+00, personal_gate_context_proj=1.331326e-05, personal_gate_student_direct=0.000000e+00, personal_gate_context_direct=5.475974e-06, personal_gate_out=1.416425e-05, personal_generator_emb=0.000000e+00, personal_generator_context_proj=0.000000e+00, personal_generator_context_hidden=0.000000e+00, personal_generator_context_to_u=0.000000e+00, personal_generator_context_to_v=0.000000e+00
2026-04-12 07:10:09,654 - INFO - [assist_09|assist_09_abce_best_full|lr=0.0003|drop=0.20] -> New best AUC=0.7533 at epoch 15
2026-04-12 07:10:14,651 - INFO - [assist_09|assist_09_abce_best_no_A|lr=0.0003|drop=0.20] Epoch [026/100] | Train: Loss=0.1990, BCE=0.5016, Reg=-0.3025, AUC=0.8032, ACC=0.7424, RMSE=0.4095 | Val: Loss=0.2213, BCE=0.5388, Reg=-0.3176, AUC=0.7641, ACC=0.7234, RMSE=0.4258
2026-04-12 07:10:14,651 - INFO - [assist_09|assist_09_abce_best_no_A|lr=0.0003|drop=0.20] [Reg Terms] Epoch [026] | Train: graph_entropy=0.000000, graph_diag=0.000000, graph_uniform=0.000000, graph_reg_scale=1.0000, prediction_l2=0.000001, personal_sparse=0.000000, alpha_var=-0.302536, alpha_collapse=0.000000, reg_bce_ratio=-0.6032 | Val: graph_entropy=0.000000, graph_diag=0.000000, graph_uniform=0.000000, graph_reg_scale=1.0000, prediction_l2=0.000001, personal_sparse=0.000000, alpha_var=-0.317556, alpha_collapse=0.000000, reg_bce_ratio=-0.5893
2026-04-12 07:10:14,911 - INFO - [assist_09|assist_09_abce_best_no_A|lr=0.0003|drop=0.20] [Diag][AE] Epoch [026] | irt_abs_mean=1.4937, irt_std=0.9343, personal_warmup_scale=1.00, graph_row_entropy=0.0000, graph_entropy_ratio=0.0000, alpha_mean=0.1750, alpha_std=0.1750, alpha_bias_std=3.2300, personal_row_entropy=0.0000, personal_matrix_delta=0.0000, personal_matrix_student_std=0.0000, personal_delta_pre_softmax_norm=0.0000, personal_delta_student_std=0.0000, alpha_head_std=0.1750
2026-04-12 07:10:14,911 - INFO - [assist_09|assist_09_abce_best_no_A|lr=0.0003|drop=0.20] [Diag][Graph] Epoch [026] | entropy_ratio=0.0000, diag_mass=1.0000, to_uniform_l2=0.089800, to_identity_l2=0.000000, tau_mean=0.0000, tau_std=0.0000, graph_reg_scale(train/val)=1.0000/1.0000
2026-04-12 07:10:14,911 - WARNING - [assist_09|assist_09_abce_best_no_A|lr=0.0003|drop=0.20] [Diag Warning][E] personal_delta_student_std is near zero: personal_delta_student_std=0.000000, personal_delta_pre_softmax_norm=0.000000
2026-04-12 07:10:14,911 - INFO - [assist_09|assist_09_abce_best_no_A|lr=0.0003|drop=0.20] [Grad Norms] Epoch [026] | relation_emb=0.000000e+00, relation_tau=0.000000e+00, relation_wq=0.000000e+00, relation_wk=0.000000e+00, personal_u=0.000000e+00, personal_v=0.000000e+00, personal_alpha_bias=1.669076e-02, personal_gate_emb=0.000000e+00, personal_gate_student_proj=0.000000e+00, personal_gate_context_proj=1.099046e-05, personal_gate_student_direct=0.000000e+00, personal_gate_context_direct=4.280208e-06, personal_gate_out=1.151471e-05, personal_generator_emb=0.000000e+00, personal_generator_context_proj=0.000000e+00, personal_generator_context_hidden=0.000000e+00, personal_generator_context_to_u=0.000000e+00, personal_generator_context_to_v=0.000000e+00
2026-04-12 07:10:15,241 - INFO - [assist_09|assist_09_abce_best_no_A|lr=0.0003|drop=0.20] -> New best AUC=0.7641 at epoch 26
2026-04-12 07:10:42,844 - INFO - [assist_09|assist_09_abce_best_no_A|lr=0.0003|drop=0.20] Epoch [027/100] | Train: Loss=0.1757, BCE=0.5007, Reg=-0.3250, AUC=0.8041, ACC=0.7428, RMSE=0.4092 | Val: Loss=0.1976, BCE=0.5383, Reg=-0.3407, AUC=0.7644, ACC=0.7240, RMSE=0.4255
2026-04-12 07:10:42,845 - INFO - [assist_09|assist_09_abce_best_no_A|lr=0.0003|drop=0.20] [Reg Terms] Epoch [027] | Train: graph_entropy=0.000000, graph_diag=0.000000, graph_uniform=0.000000, graph_reg_scale=1.0000, prediction_l2=0.000001, personal_sparse=0.000000, alpha_var=-0.325016, alpha_collapse=0.000000, reg_bce_ratio=-0.6491 | Val: graph_entropy=0.000000, graph_diag=0.000000, graph_uniform=0.000000, graph_reg_scale=1.0000, prediction_l2=0.000001, personal_sparse=0.000000, alpha_var=-0.340699, alpha_collapse=0.000000, reg_bce_ratio=-0.6329
2026-04-12 07:10:43,125 - INFO - [assist_09|assist_09_abce_best_no_A|lr=0.0003|drop=0.20] [Diag][AE] Epoch [027] | irt_abs_mean=1.4828, irt_std=0.9132, personal_warmup_scale=1.00, graph_row_entropy=0.0000, graph_entropy_ratio=0.0000, alpha_mean=0.1750, alpha_std=0.1750, alpha_bias_std=3.3452, personal_row_entropy=0.0000, personal_matrix_delta=0.0000, personal_matrix_student_std=0.0000, personal_delta_pre_softmax_norm=0.0000, personal_delta_student_std=0.0000, alpha_head_std=0.1750
2026-04-12 07:10:43,126 - INFO - [assist_09|assist_09_abce_best_no_A|lr=0.0003|drop=0.20] [Diag][Graph] Epoch [027] | entropy_ratio=0.0000, diag_mass=1.0000, to_uniform_l2=0.089800, to_identity_l2=0.000000, tau_mean=0.0000, tau_std=0.0000, graph_reg_scale(train/val)=1.0000/1.0000
2026-04-12 07:10:43,126 - WARNING - [assist_09|assist_09_abce_best_no_A|lr=0.0003|drop=0.20] [Diag Warning][E] personal_delta_student_std is near zero: personal_delta_student_std=0.000000, personal_delta_pre_softmax_norm=0.000000
2026-04-12 07:10:43,126 - INFO - [assist_09|assist_09_abce_best_no_A|lr=0.0003|drop=0.20] [Grad Norms] Epoch [027] | relation_emb=0.000000e+00, relation_tau=0.000000e+00, relation_wq=0.000000e+00, relation_wk=0.000000e+00, personal_u=0.000000e+00, personal_v=0.000000e+00, personal_alpha_bias=1.604242e-02, personal_gate_emb=0.000000e+00, personal_gate_student_proj=0.000000e+00, personal_gate_context_proj=1.070595e-05, personal_gate_student_direct=0.000000e+00, personal_gate_context_direct=5.101574e-06, personal_gate_out=1.269226e-05, personal_generator_emb=0.000000e+00, personal_generator_context_proj=0.000000e+00, personal_generator_context_hidden=0.000000e+00, personal_generator_context_to_u=0.000000e+00, personal_generator_context_to_v=0.000000e+00
2026-04-12 07:10:43,457 - INFO - [assist_09|assist_09_abce_best_no_A|lr=0.0003|drop=0.20] -> New best AUC=0.7644 at epoch 27
2026-04-12 07:10:56,089 - INFO - [assist_09|assist_09_abce_best_full|lr=0.0003|drop=0.20] Epoch [016/100] | Train: Loss=0.3780, BCE=0.4769, Reg=-0.0989, AUC=0.8243, ACC=0.7589, RMSE=0.3981 | Val: Loss=0.4444, BCE=0.5566, Reg=-0.1122, AUC=0.7544, ACC=0.7259, RMSE=0.4309
2026-04-12 07:10:56,090 - INFO - [assist_09|assist_09_abce_best_full|lr=0.0003|drop=0.20] [Reg Terms] Epoch [016] | Train: graph_entropy=0.000000, graph_diag=0.020000, graph_uniform=0.001192, graph_reg_scale=1.0000, prediction_l2=0.000001, personal_sparse=0.001497, alpha_var=-0.121545, alpha_collapse=0.000000, reg_bce_ratio=-0.2073 | Val: graph_entropy=0.000000, graph_diag=0.020000, graph_uniform=0.001190, graph_reg_scale=1.0000, prediction_l2=0.000001, personal_sparse=0.001492, alpha_var=-0.134928, alpha_collapse=0.000000, reg_bce_ratio=-0.2016
2026-04-12 07:10:56,361 - INFO - [assist_09|assist_09_abce_best_full|lr=0.0003|drop=0.20] [Diag][AE] Epoch [016] | irt_abs_mean=1.8162, irt_std=1.1710, personal_warmup_scale=1.00, graph_row_entropy=0.7461, graph_entropy_ratio=0.1551, alpha_mean=0.1750, alpha_std=0.1748, alpha_bias_std=2.0793, personal_row_entropy=0.7462, personal_matrix_delta=0.0000, personal_matrix_student_std=0.0000, personal_delta_pre_softmax_norm=0.0000, personal_delta_student_std=0.0000, alpha_head_std=0.1748
2026-04-12 07:10:56,362 - INFO - [assist_09|assist_09_abce_best_full|lr=0.0003|drop=0.20] [Diag][Graph] Epoch [016] | entropy_ratio=0.1551, diag_mass=0.2000, to_uniform_l2=0.070247, to_identity_l2=0.099392, tau_mean=0.5513, tau_std=0.0253, graph_reg_scale(train/val)=1.0000/1.0000
2026-04-12 07:10:56,362 - WARNING - [assist_09|assist_09_abce_best_full|lr=0.0003|drop=0.20] [Diag Warning][E] personal_delta_student_std is near zero: personal_delta_student_std=0.000000, personal_delta_pre_softmax_norm=0.000001
2026-04-12 07:10:56,362 - INFO - [assist_09|assist_09_abce_best_full|lr=0.0003|drop=0.20] [Grad Norms] Epoch [016] | relation_emb=5.343005e-03, relation_tau=1.480692e-03, relation_wq=3.898776e-04, relation_wk=3.187374e-04, personal_u=0.000000e+00, personal_v=0.000000e+00, personal_alpha_bias=1.055241e-02, personal_gate_emb=0.000000e+00, personal_gate_student_proj=0.000000e+00, personal_gate_context_proj=1.349517e-05, personal_gate_student_direct=0.000000e+00, personal_gate_context_direct=5.541313e-06, personal_gate_out=1.439950e-05, personal_generator_emb=0.000000e+00, personal_generator_context_proj=0.000000e+00, personal_generator_context_hidden=0.000000e+00, personal_generator_context_to_u=0.000000e+00, personal_generator_context_to_v=0.000000e+00
2026-04-12 07:10:56,709 - INFO - [assist_09|assist_09_abce_best_full|lr=0.0003|drop=0.20] -> New best AUC=0.7544 at epoch 16
2026-04-12 07:11:10,494 - INFO - [assist_09|assist_09_abce_best_no_A|lr=0.0003|drop=0.20] Epoch [028/100] | Train: Loss=0.1516, BCE=0.4998, Reg=-0.3483, AUC=0.8048, ACC=0.7434, RMSE=0.4088 | Val: Loss=0.1734, BCE=0.5381, Reg=-0.3647, AUC=0.7647, ACC=0.7235, RMSE=0.4254
2026-04-12 07:11:10,495 - INFO - [assist_09|assist_09_abce_best_no_A|lr=0.0003|drop=0.20] [Reg Terms] Epoch [028] | Train: graph_entropy=0.000000, graph_diag=0.000000, graph_uniform=0.000000, graph_reg_scale=1.0000, prediction_l2=0.000001, personal_sparse=0.000000, alpha_var=-0.348271, alpha_collapse=0.000000, reg_bce_ratio=-0.6968 | Val: graph_entropy=0.000000, graph_diag=0.000000, graph_uniform=0.000000, graph_reg_scale=1.0000, prediction_l2=0.000001, personal_sparse=0.000000, alpha_var=-0.364661, alpha_collapse=0.000000, reg_bce_ratio=-0.6777
2026-04-12 07:11:10,747 - INFO - [assist_09|assist_09_abce_best_no_A|lr=0.0003|drop=0.20] [Diag][AE] Epoch [028] | irt_abs_mean=1.4690, irt_std=0.9180, personal_warmup_scale=1.00, graph_row_entropy=0.0000, graph_entropy_ratio=0.0000, alpha_mean=0.1750, alpha_std=0.1750, alpha_bias_std=3.4614, personal_row_entropy=0.0000, personal_matrix_delta=0.0000, personal_matrix_student_std=0.0000, personal_delta_pre_softmax_norm=0.0000, personal_delta_student_std=0.0000, alpha_head_std=0.1750
2026-04-12 07:11:10,747 - INFO - [assist_09|assist_09_abce_best_no_A|lr=0.0003|drop=0.20] [Diag][Graph] Epoch [028] | entropy_ratio=0.0000, diag_mass=1.0000, to_uniform_l2=0.089800, to_identity_l2=0.000000, tau_mean=0.0000, tau_std=0.0000, graph_reg_scale(train/val)=1.0000/1.0000
2026-04-12 07:11:10,747 - WARNING - [assist_09|assist_09_abce_best_no_A|lr=0.0003|drop=0.20] [Diag Warning][E] personal_delta_student_std is near zero: personal_delta_student_std=0.000000, personal_delta_pre_softmax_norm=0.000000
2026-04-12 07:11:10,747 - INFO - [assist_09|assist_09_abce_best_no_A|lr=0.0003|drop=0.20] [Grad Norms] Epoch [028] | relation_emb=0.000000e+00, relation_tau=0.000000e+00, relation_wq=0.000000e+00, relation_wk=0.000000e+00, personal_u=0.000000e+00, personal_v=0.000000e+00, personal_alpha_bias=1.703867e-02, personal_gate_emb=0.000000e+00, personal_gate_student_proj=0.000000e+00, personal_gate_context_proj=1.174793e-05, personal_gate_student_direct=0.000000e+00, personal_gate_context_direct=5.120349e-06, personal_gate_out=1.257555e-05, personal_generator_emb=0.000000e+00, personal_generator_context_proj=0.000000e+00, personal_generator_context_hidden=0.000000e+00, personal_generator_context_to_u=0.000000e+00, personal_generator_context_to_v=0.000000e+00
2026-04-12 07:11:11,072 - INFO - [assist_09|assist_09_abce_best_no_A|lr=0.0003|drop=0.20] -> New best AUC=0.7647 at epoch 28
2026-04-12 07:11:38,921 - INFO - [assist_09|assist_09_abce_best_no_A|lr=0.0003|drop=0.20] Epoch [029/100] | Train: Loss=0.1269, BCE=0.4992, Reg=-0.3723, AUC=0.8054, ACC=0.7438, RMSE=0.4085 | Val: Loss=0.1485, BCE=0.5379, Reg=-0.3894, AUC=0.7648, ACC=0.7243, RMSE=0.4254
2026-04-12 07:11:38,921 - INFO - [assist_09|assist_09_abce_best_no_A|lr=0.0003|drop=0.20] [Reg Terms] Epoch [029] | Train: graph_entropy=0.000000, graph_diag=0.000000, graph_uniform=0.000000, graph_reg_scale=1.0000, prediction_l2=0.000001, personal_sparse=0.000000, alpha_var=-0.372350, alpha_collapse=0.000000, reg_bce_ratio=-0.7459 | Val: graph_entropy=0.000000, graph_diag=0.000000, graph_uniform=0.000000, graph_reg_scale=1.0000, prediction_l2=0.000001, personal_sparse=0.000000, alpha_var=-0.389424, alpha_collapse=0.000000, reg_bce_ratio=-0.7240
2026-04-12 07:11:39,205 - INFO - [assist_09|assist_09_abce_best_no_A|lr=0.0003|drop=0.20] [Diag][AE] Epoch [029] | irt_abs_mean=1.4677, irt_std=0.9202, personal_warmup_scale=1.00, graph_row_entropy=0.0000, graph_entropy_ratio=0.0000, alpha_mean=0.1750, alpha_std=0.1750, alpha_bias_std=3.5775, personal_row_entropy=0.0000, personal_matrix_delta=0.0000, personal_matrix_student_std=0.0000, personal_delta_pre_softmax_norm=0.0000, personal_delta_student_std=0.0000, alpha_head_std=0.1750
2026-04-12 07:11:39,206 - INFO - [assist_09|assist_09_abce_best_no_A|lr=0.0003|drop=0.20] [Diag][Graph] Epoch [029] | entropy_ratio=0.0000, diag_mass=1.0000, to_uniform_l2=0.089800, to_identity_l2=0.000000, tau_mean=0.0000, tau_std=0.0000, graph_reg_scale(train/val)=1.0000/1.0000
2026-04-12 07:11:39,206 - WARNING - [assist_09|assist_09_abce_best_no_A|lr=0.0003|drop=0.20] [Diag Warning][E] personal_delta_student_std is near zero: personal_delta_student_std=0.000000, personal_delta_pre_softmax_norm=0.000000
2026-04-12 07:11:39,206 - INFO - [assist_09|assist_09_abce_best_no_A|lr=0.0003|drop=0.20] [Grad Norms] Epoch [029] | relation_emb=0.000000e+00, relation_tau=0.000000e+00, relation_wq=0.000000e+00, relation_wk=0.000000e+00, personal_u=0.000000e+00, personal_v=0.000000e+00, personal_alpha_bias=1.712016e-02, personal_gate_emb=0.000000e+00, personal_gate_student_proj=0.000000e+00, personal_gate_context_proj=1.709155e-05, personal_gate_student_direct=0.000000e+00, personal_gate_context_direct=7.323825e-06, personal_gate_out=1.822353e-05, personal_generator_emb=0.000000e+00, personal_generator_context_proj=0.000000e+00, personal_generator_context_hidden=0.000000e+00, personal_generator_context_to_u=0.000000e+00, personal_generator_context_to_v=0.000000e+00
2026-04-12 07:11:39,530 - INFO - [assist_09|assist_09_abce_best_no_A|lr=0.0003|drop=0.20] -> New best AUC=0.7648 at epoch 29
2026-04-12 07:11:44,020 - INFO - [assist_09|assist_09_abce_best_full|lr=0.0003|drop=0.20] Epoch [017/100] | Train: Loss=0.3617, BCE=0.4751, Reg=-0.1134, AUC=0.8259, ACC=0.7596, RMSE=0.3973 | Val: Loss=0.4300, BCE=0.5580, Reg=-0.1280, AUC=0.7544, ACC=0.7255, RMSE=0.4313
2026-04-12 07:11:44,021 - INFO - [assist_09|assist_09_abce_best_full|lr=0.0003|drop=0.20] [Reg Terms] Epoch [017] | Train: graph_entropy=0.000001, graph_diag=0.020000, graph_uniform=0.001193, graph_reg_scale=1.0000, prediction_l2=0.000001, personal_sparse=0.001501, alpha_var=-0.136093, alpha_collapse=0.000000, reg_bce_ratio=-0.2387 | Val: graph_entropy=0.000000, graph_diag=0.020000, graph_uniform=0.001183, graph_reg_scale=1.0000, prediction_l2=0.000001, personal_sparse=0.001467, alpha_var=-0.150607, alpha_collapse=0.000000, reg_bce_ratio=-0.2293
2026-04-12 07:11:44,282 - INFO - [assist_09|assist_09_abce_best_full|lr=0.0003|drop=0.20] [Diag][AE] Epoch [017] | irt_abs_mean=1.9162, irt_std=1.1958, personal_warmup_scale=1.00, graph_row_entropy=0.7336, graph_entropy_ratio=0.1525, alpha_mean=0.1750, alpha_std=0.1748, alpha_bias_std=2.1963, personal_row_entropy=0.7337, personal_matrix_delta=0.0000, personal_matrix_student_std=0.0000, personal_delta_pre_softmax_norm=0.0000, personal_delta_student_std=0.0000, alpha_head_std=0.1748
2026-04-12 07:11:44,282 - INFO - [assist_09|assist_09_abce_best_full|lr=0.0003|drop=0.20] [Diag][Graph] Epoch [017] | entropy_ratio=0.1525, diag_mass=0.2000, to_uniform_l2=0.070421, to_identity_l2=0.099515, tau_mean=0.5459, tau_std=0.0258, graph_reg_scale(train/val)=1.0000/1.0000
2026-04-12 07:11:44,282 - WARNING - [assist_09|assist_09_abce_best_full|lr=0.0003|drop=0.20] [Diag Warning][E] personal_delta_student_std is near zero: personal_delta_student_std=0.000000, personal_delta_pre_softmax_norm=0.000000
2026-04-12 07:11:44,282 - INFO - [assist_09|assist_09_abce_best_full|lr=0.0003|drop=0.20] [Grad Norms] Epoch [017] | relation_emb=1.349836e-02, relation_tau=2.735813e-03, relation_wq=8.377526e-04, relation_wk=5.816771e-04, personal_u=0.000000e+00, personal_v=0.000000e+00, personal_alpha_bias=1.125365e-02, personal_gate_emb=0.000000e+00, personal_gate_student_proj=0.000000e+00, personal_gate_context_proj=1.375780e-05, personal_gate_student_direct=0.000000e+00, personal_gate_context_direct=5.681032e-06, personal_gate_out=1.467040e-05, personal_generator_emb=0.000000e+00, personal_generator_context_proj=0.000000e+00, personal_generator_context_hidden=0.000000e+00, personal_generator_context_to_u=0.000000e+00, personal_generator_context_to_v=0.000000e+00
2026-04-12 07:11:44,282 - INFO - [assist_09|assist_09_abce_best_full|lr=0.0003|drop=0.20] -> No improvement 1 epoch(s) (best AUC=0.7544 @ 16)
2026-04-12 07:12:06,757 - INFO - [assist_09|assist_09_abce_best_no_A|lr=0.0003|drop=0.20] Epoch [030/100] | Train: Loss=0.1012, BCE=0.4984, Reg=-0.3972, AUC=0.8062, ACC=0.7440, RMSE=0.4081 | Val: Loss=0.1226, BCE=0.5375, Reg=-0.4149, AUC=0.7655, ACC=0.7239, RMSE=0.4252
2026-04-12 07:12:06,757 - INFO - [assist_09|assist_09_abce_best_no_A|lr=0.0003|drop=0.20] [Reg Terms] Epoch [030] | Train: graph_entropy=0.000000, graph_diag=0.000000, graph_uniform=0.000000, graph_reg_scale=1.0000, prediction_l2=0.000001, personal_sparse=0.000000, alpha_var=-0.397187, alpha_collapse=0.000000, reg_bce_ratio=-0.7969 | Val: graph_entropy=0.000000, graph_diag=0.000000, graph_uniform=0.000000, graph_reg_scale=1.0000, prediction_l2=0.000001, personal_sparse=0.000000, alpha_var=-0.414945, alpha_collapse=0.000000, reg_bce_ratio=-0.7719
2026-04-12 07:12:07,020 - INFO - [assist_09|assist_09_abce_best_no_A|lr=0.0003|drop=0.20] [Diag][AE] Epoch [030] | irt_abs_mean=1.4808, irt_std=0.9318, personal_warmup_scale=1.00, graph_row_entropy=0.0000, graph_entropy_ratio=0.0000, alpha_mean=0.1750, alpha_std=0.1750, alpha_bias_std=3.6933, personal_row_entropy=0.0000, personal_matrix_delta=0.0000, personal_matrix_student_std=0.0000, personal_delta_pre_softmax_norm=0.0000, personal_delta_student_std=0.0000, alpha_head_std=0.1750
2026-04-12 07:12:07,021 - INFO - [assist_09|assist_09_abce_best_no_A|lr=0.0003|drop=0.20] [Diag][Graph] Epoch [030] | entropy_ratio=0.0000, diag_mass=1.0000, to_uniform_l2=0.089800, to_identity_l2=0.000000, tau_mean=0.0000, tau_std=0.0000, graph_reg_scale(train/val)=1.0000/1.0000
2026-04-12 07:12:07,021 - WARNING - [assist_09|assist_09_abce_best_no_A|lr=0.0003|drop=0.20] [Diag Warning][E] personal_delta_student_std is near zero: personal_delta_student_std=0.000000, personal_delta_pre_softmax_norm=0.000000
2026-04-12 07:12:07,021 - INFO - [assist_09|assist_09_abce_best_no_A|lr=0.0003|drop=0.20] [Grad Norms] Epoch [030] | relation_emb=0.000000e+00, relation_tau=0.000000e+00, relation_wq=0.000000e+00, relation_wk=0.000000e+00, personal_u=0.000000e+00, personal_v=0.000000e+00, personal_alpha_bias=1.883703e-02, personal_gate_emb=0.000000e+00, personal_gate_student_proj=0.000000e+00, personal_gate_context_proj=5.687072e-06, personal_gate_student_direct=0.000000e+00, personal_gate_context_direct=2.517987e-06, personal_gate_out=5.992320e-06, personal_generator_emb=0.000000e+00, personal_generator_context_proj=0.000000e+00, personal_generator_context_hidden=0.000000e+00, personal_generator_context_to_u=0.000000e+00, personal_generator_context_to_v=0.000000e+00
2026-04-12 07:12:07,349 - INFO - [assist_09|assist_09_abce_best_no_A|lr=0.0003|drop=0.20] -> New best AUC=0.7655 at epoch 30
2026-04-12 07:12:07,391 - INFO - [assist_09|assist_09_abce_best_no_A|lr=0.0003|drop=0.20] Checkpoint saved: checkpoints/abce_diag/ae_fix_20260412_fdafa52/assist_09/seed42/best_no_A/checkpoint_epoch_30.pth
2026-04-12 07:12:07,616 - INFO - [assist_09|assist_09_abce_best_no_A|lr=0.0003|drop=0.20] [Module Activity] Epoch 30: Personal[X]
2026-04-12 07:12:33,176 - INFO - [assist_09|assist_09_abce_best_full|lr=0.0003|drop=0.20] Epoch [018/100] | Train: Loss=0.3437, BCE=0.4725, Reg=-0.1287, AUC=0.8281, ACC=0.7610, RMSE=0.3962 | Val: Loss=0.4121, BCE=0.5565, Reg=-0.1444, AUC=0.7556, ACC=0.7272, RMSE=0.4306
2026-04-12 07:12:33,176 - INFO - [assist_09|assist_09_abce_best_full|lr=0.0003|drop=0.20] [Reg Terms] Epoch [018] | Train: graph_entropy=0.000001, graph_diag=0.020000, graph_uniform=0.001193, graph_reg_scale=1.0000, prediction_l2=0.000001, personal_sparse=0.001499, alpha_var=-0.151438, alpha_collapse=0.000000, reg_bce_ratio=-0.2725 | Val: graph_entropy=0.000000, graph_diag=0.020000, graph_uniform=0.001187, graph_reg_scale=1.0000, prediction_l2=0.000001, personal_sparse=0.001479, alpha_var=-0.167114, alpha_collapse=0.000000, reg_bce_ratio=-0.2595
2026-04-12 07:12:33,445 - INFO - [assist_09|assist_09_abce_best_full|lr=0.0003|drop=0.20] [Diag][AE] Epoch [018] | irt_abs_mean=1.8418, irt_std=1.2277, personal_warmup_scale=1.00, graph_row_entropy=0.7393, graph_entropy_ratio=0.1536, alpha_mean=0.1750, alpha_std=0.1748, alpha_bias_std=2.3157, personal_row_entropy=0.7393, personal_matrix_delta=0.0000, personal_matrix_student_std=0.0000, personal_delta_pre_softmax_norm=0.0000, personal_delta_student_std=0.0000, alpha_head_std=0.1748
2026-04-12 07:12:33,446 - INFO - [assist_09|assist_09_abce_best_full|lr=0.0003|drop=0.20] [Diag][Graph] Epoch [018] | entropy_ratio=0.1536, diag_mass=0.2000, to_uniform_l2=0.070325, to_identity_l2=0.099447, tau_mean=0.5409, tau_std=0.0255, graph_reg_scale(train/val)=1.0000/1.0000
2026-04-12 07:12:33,446 - WARNING - [assist_09|assist_09_abce_best_full|lr=0.0003|drop=0.20] [Diag Warning][E] personal_delta_student_std is near zero: personal_delta_student_std=0.000000, personal_delta_pre_softmax_norm=0.000000
2026-04-12 07:12:33,446 - INFO - [assist_09|assist_09_abce_best_full|lr=0.0003|drop=0.20] [Grad Norms] Epoch [018] | relation_emb=8.229239e-03, relation_tau=1.080208e-03, relation_wq=5.041879e-04, relation_wk=2.211417e-04, personal_u=0.000000e+00, personal_v=0.000000e+00, personal_alpha_bias=1.245270e-02, personal_gate_emb=0.000000e+00, personal_gate_student_proj=0.000000e+00, personal_gate_context_proj=1.441311e-05, personal_gate_student_direct=0.000000e+00, personal_gate_context_direct=5.915131e-06, personal_gate_out=1.537436e-05, personal_generator_emb=0.000000e+00, personal_generator_context_proj=0.000000e+00, personal_generator_context_hidden=0.000000e+00, personal_generator_context_to_u=0.000000e+00, personal_generator_context_to_v=0.000000e+00
2026-04-12 07:12:33,775 - INFO - [assist_09|assist_09_abce_best_full|lr=0.0003|drop=0.20] -> New best AUC=0.7556 at epoch 18
2026-04-12 07:12:35,572 - INFO - [assist_09|assist_09_abce_best_no_A|lr=0.0003|drop=0.20] Epoch [031/100] | Train: Loss=0.0748, BCE=0.4976, Reg=-0.4228, AUC=0.8068, ACC=0.7442, RMSE=0.4078 | Val: Loss=0.0962, BCE=0.5375, Reg=-0.4413, AUC=0.7655, ACC=0.7241, RMSE=0.4252
2026-04-12 07:12:35,572 - INFO - [assist_09|assist_09_abce_best_no_A|lr=0.0003|drop=0.20] [Reg Terms] Epoch [031] | Train: graph_entropy=0.000000, graph_diag=0.000000, graph_uniform=0.000000, graph_reg_scale=1.0000, prediction_l2=0.000001, personal_sparse=0.000000, alpha_var=-0.422848, alpha_collapse=0.000000, reg_bce_ratio=-0.8497 | Val: graph_entropy=0.000000, graph_diag=0.000000, graph_uniform=0.000000, graph_reg_scale=1.0000, prediction_l2=0.000001, personal_sparse=0.000000, alpha_var=-0.441323, alpha_collapse=0.000000, reg_bce_ratio=-0.8210
2026-04-12 07:12:35,830 - INFO - [assist_09|assist_09_abce_best_no_A|lr=0.0003|drop=0.20] [Diag][AE] Epoch [031] | irt_abs_mean=1.4826, irt_std=0.9314, personal_warmup_scale=1.00, graph_row_entropy=0.0000, graph_entropy_ratio=0.0000, alpha_mean=0.1750, alpha_std=0.1750, alpha_bias_std=3.8074, personal_row_entropy=0.0000, personal_matrix_delta=0.0000, personal_matrix_student_std=0.0000, personal_delta_pre_softmax_norm=0.0000, personal_delta_student_std=0.0000, alpha_head_std=0.1750
2026-04-12 07:12:35,830 - INFO - [assist_09|assist_09_abce_best_no_A|lr=0.0003|drop=0.20] [Diag][Graph] Epoch [031] | entropy_ratio=0.0000, diag_mass=1.0000, to_uniform_l2=0.089800, to_identity_l2=0.000000, tau_mean=0.0000, tau_std=0.0000, graph_reg_scale(train/val)=1.0000/1.0000
2026-04-12 07:12:35,830 - WARNING - [assist_09|assist_09_abce_best_no_A|lr=0.0003|drop=0.20] [Diag Warning][E] personal_delta_student_std is near zero: personal_delta_student_std=0.000000, personal_delta_pre_softmax_norm=0.000000
2026-04-12 07:12:35,830 - INFO - [assist_09|assist_09_abce_best_no_A|lr=0.0003|drop=0.20] [Grad Norms] Epoch [031] | relation_emb=0.000000e+00, relation_tau=0.000000e+00, relation_wq=0.000000e+00, relation_wk=0.000000e+00, personal_u=0.000000e+00, personal_v=0.000000e+00, personal_alpha_bias=2.412152e-02, personal_gate_emb=0.000000e+00, personal_gate_student_proj=0.000000e+00, personal_gate_context_proj=1.527721e-05, personal_gate_student_direct=0.000000e+00, personal_gate_context_direct=7.435434e-06, personal_gate_out=1.688200e-05, personal_generator_emb=0.000000e+00, personal_generator_context_proj=0.000000e+00, personal_generator_context_hidden=0.000000e+00, personal_generator_context_to_u=0.000000e+00, personal_generator_context_to_v=0.000000e+00
2026-04-12 07:12:36,156 - INFO - [assist_09|assist_09_abce_best_no_A|lr=0.0003|drop=0.20] -> New best AUC=0.7655 at epoch 31
2026-04-12 07:13:03,571 - INFO - [assist_09|assist_09_abce_best_no_A|lr=0.0003|drop=0.20] Epoch [032/100] | Train: Loss=0.0477, BCE=0.4969, Reg=-0.4493, AUC=0.8075, ACC=0.7443, RMSE=0.4075 | Val: Loss=0.0685, BCE=0.5370, Reg=-0.4685, AUC=0.7656, ACC=0.7247, RMSE=0.4249
2026-04-12 07:13:03,572 - INFO - [assist_09|assist_09_abce_best_no_A|lr=0.0003|drop=0.20] [Reg Terms] Epoch [032] | Train: graph_entropy=0.000000, graph_diag=0.000000, graph_uniform=0.000000, graph_reg_scale=1.0000, prediction_l2=0.000001, personal_sparse=0.000000, alpha_var=-0.449264, alpha_collapse=0.000000, reg_bce_ratio=-0.9041 | Val: graph_entropy=0.000000, graph_diag=0.000000, graph_uniform=0.000000, graph_reg_scale=1.0000, prediction_l2=0.000001, personal_sparse=0.000000, alpha_var=-0.468487, alpha_collapse=0.000000, reg_bce_ratio=-0.8724
2026-04-12 07:13:03,834 - INFO - [assist_09|assist_09_abce_best_no_A|lr=0.0003|drop=0.20] [Diag][AE] Epoch [032] | irt_abs_mean=1.4780, irt_std=0.9317, personal_warmup_scale=1.00, graph_row_entropy=0.0000, graph_entropy_ratio=0.0000, alpha_mean=0.1750, alpha_std=0.1750, alpha_bias_std=3.9234, personal_row_entropy=0.0000, personal_matrix_delta=0.0000, personal_matrix_student_std=0.0000, personal_delta_pre_softmax_norm=0.0000, personal_delta_student_std=0.0000, alpha_head_std=0.1750
2026-04-12 07:13:03,835 - INFO - [assist_09|assist_09_abce_best_no_A|lr=0.0003|drop=0.20] [Diag][Graph] Epoch [032] | entropy_ratio=0.0000, diag_mass=1.0000, to_uniform_l2=0.089800, to_identity_l2=0.000000, tau_mean=0.0000, tau_std=0.0000, graph_reg_scale(train/val)=1.0000/1.0000
2026-04-12 07:13:03,835 - WARNING - [assist_09|assist_09_abce_best_no_A|lr=0.0003|drop=0.20] [Diag Warning][E] personal_delta_student_std is near zero: personal_delta_student_std=0.000000, personal_delta_pre_softmax_norm=0.000000
2026-04-12 07:13:03,835 - INFO - [assist_09|assist_09_abce_best_no_A|lr=0.0003|drop=0.20] [Grad Norms] Epoch [032] | relation_emb=0.000000e+00, relation_tau=0.000000e+00, relation_wq=0.000000e+00, relation_wk=0.000000e+00, personal_u=0.000000e+00, personal_v=0.000000e+00, personal_alpha_bias=2.065660e-02, personal_gate_emb=0.000000e+00, personal_gate_student_proj=0.000000e+00, personal_gate_context_proj=1.207861e-05, personal_gate_student_direct=0.000000e+00, personal_gate_context_direct=5.666719e-06, personal_gate_out=1.265841e-05, personal_generator_emb=0.000000e+00, personal_generator_context_proj=0.000000e+00, personal_generator_context_hidden=0.000000e+00, personal_generator_context_to_u=0.000000e+00, personal_generator_context_to_v=0.000000e+00
2026-04-12 07:13:04,176 - INFO - [assist_09|assist_09_abce_best_no_A|lr=0.0003|drop=0.20] -> New best AUC=0.7656 at epoch 32
2026-04-12 07:13:21,561 - INFO - [assist_09|assist_09_abce_best_full|lr=0.0003|drop=0.20] Epoch [019/100] | Train: Loss=0.3257, BCE=0.4706, Reg=-0.1449, AUC=0.8298, ACC=0.7618, RMSE=0.3954 | Val: Loss=0.3933, BCE=0.5551, Reg=-0.1618, AUC=0.7550, ACC=0.7255, RMSE=0.4302
2026-04-12 07:13:21,561 - INFO - [assist_09|assist_09_abce_best_full|lr=0.0003|drop=0.20] [Reg Terms] Epoch [019] | Train: graph_entropy=0.000001, graph_diag=0.020000, graph_uniform=0.001193, graph_reg_scale=1.0000, prediction_l2=0.000001, personal_sparse=0.001497, alpha_var=-0.167567, alpha_collapse=0.000000, reg_bce_ratio=-0.3078 | Val: graph_entropy=0.000000, graph_diag=0.020000, graph_uniform=0.001199, graph_reg_scale=1.0000, prediction_l2=0.000001, personal_sparse=0.001518, alpha_var=-0.184482, alpha_collapse=0.000000, reg_bce_ratio=-0.2914
2026-04-12 07:13:21,828 - INFO - [assist_09|assist_09_abce_best_full|lr=0.0003|drop=0.20] [Diag][AE] Epoch [019] | irt_abs_mean=1.7849, irt_std=1.1882, personal_warmup_scale=1.00, graph_row_entropy=0.7589, graph_entropy_ratio=0.1577, alpha_mean=0.1750, alpha_std=0.1748, alpha_bias_std=2.4333, personal_row_entropy=0.7590, personal_matrix_delta=0.0000, personal_matrix_student_std=0.0000, personal_delta_pre_softmax_norm=0.0000, personal_delta_student_std=0.0000, alpha_head_std=0.1748
2026-04-12 07:13:21,828 - INFO - [assist_09|assist_09_abce_best_full|lr=0.0003|drop=0.20] [Diag][Graph] Epoch [019] | entropy_ratio=0.1577, diag_mass=0.2000, to_uniform_l2=0.070025, to_identity_l2=0.099235, tau_mean=0.5361, tau_std=0.0259, graph_reg_scale(train/val)=1.0000/1.0000
2026-04-12 07:13:21,828 - WARNING - [assist_09|assist_09_abce_best_full|lr=0.0003|drop=0.20] [Diag Warning][E] personal_delta_student_std is near zero: personal_delta_student_std=0.000000, personal_delta_pre_softmax_norm=0.000000
2026-04-12 07:13:21,828 - INFO - [assist_09|assist_09_abce_best_full|lr=0.0003|drop=0.20] [Grad Norms] Epoch [019] | relation_emb=8.541975e-03, relation_tau=8.110585e-04, relation_wq=4.315802e-04, relation_wk=1.769070e-04, personal_u=0.000000e+00, personal_v=0.000000e+00, personal_alpha_bias=1.161185e-02, personal_gate_emb=0.000000e+00, personal_gate_student_proj=0.000000e+00, personal_gate_context_proj=1.507641e-05, personal_gate_student_direct=0.000000e+00, personal_gate_context_direct=6.212926e-06, personal_gate_out=1.608727e-05, personal_generator_emb=0.000000e+00, personal_generator_context_proj=0.000000e+00, personal_generator_context_hidden=0.000000e+00, personal_generator_context_to_u=0.000000e+00, personal_generator_context_to_v=0.000000e+00
2026-04-12 07:13:21,828 - INFO - [assist_09|assist_09_abce_best_full|lr=0.0003|drop=0.20] -> No improvement 1 epoch(s) (best AUC=0.7556 @ 18)
2026-04-12 07:13:30,514 - INFO - [assist_09|assist_09_abce_best_no_A|lr=0.0003|drop=0.20] Epoch [033/100] | Train: Loss=0.0198, BCE=0.4963, Reg=-0.4765, AUC=0.8080, ACC=0.7451, RMSE=0.4072 | Val: Loss=0.0407, BCE=0.5371, Reg=-0.4964, AUC=0.7656, ACC=0.7242, RMSE=0.4249
2026-04-12 07:13:30,515 - INFO - [assist_09|assist_09_abce_best_no_A|lr=0.0003|drop=0.20] [Reg Terms] Epoch [033] | Train: graph_entropy=0.000000, graph_diag=0.000000, graph_uniform=0.000000, graph_reg_scale=1.0000, prediction_l2=0.000001, personal_sparse=0.000000, alpha_var=-0.476474, alpha_collapse=0.000000, reg_bce_ratio=-0.9601 | Val: graph_entropy=0.000000, graph_diag=0.000000, graph_uniform=0.000000, graph_reg_scale=1.0000, prediction_l2=0.000001, personal_sparse=0.000000, alpha_var=-0.496422, alpha_collapse=0.000000, reg_bce_ratio=-0.9242
2026-04-12 07:13:30,784 - INFO - [assist_09|assist_09_abce_best_no_A|lr=0.0003|drop=0.20] [Diag][AE] Epoch [033] | irt_abs_mean=1.4728, irt_std=0.9384, personal_warmup_scale=1.00, graph_row_entropy=0.0000, graph_entropy_ratio=0.0000, alpha_mean=0.1750, alpha_std=0.1750, alpha_bias_std=4.0404, personal_row_entropy=0.0000, personal_matrix_delta=0.0000, personal_matrix_student_std=0.0000, personal_delta_pre_softmax_norm=0.0000, personal_delta_student_std=0.0000, alpha_head_std=0.1750
2026-04-12 07:13:30,785 - INFO - [assist_09|assist_09_abce_best_no_A|lr=0.0003|drop=0.20] [Diag][Graph] Epoch [033] | entropy_ratio=0.0000, diag_mass=1.0000, to_uniform_l2=0.089800, to_identity_l2=0.000000, tau_mean=0.0000, tau_std=0.0000, graph_reg_scale(train/val)=1.0000/1.0000
2026-04-12 07:13:30,785 - WARNING - [assist_09|assist_09_abce_best_no_A|lr=0.0003|drop=0.20] [Diag Warning][E] personal_delta_student_std is near zero: personal_delta_student_std=0.000000, personal_delta_pre_softmax_norm=0.000000
2026-04-12 07:13:30,785 - INFO - [assist_09|assist_09_abce_best_no_A|lr=0.0003|drop=0.20] [Grad Norms] Epoch [033] | relation_emb=0.000000e+00, relation_tau=0.000000e+00, relation_wq=0.000000e+00, relation_wk=0.000000e+00, personal_u=0.000000e+00, personal_v=0.000000e+00, personal_alpha_bias=2.242010e-02, personal_gate_emb=0.000000e+00, personal_gate_student_proj=0.000000e+00, personal_gate_context_proj=1.760780e-05, personal_gate_student_direct=0.000000e+00, personal_gate_context_direct=8.074988e-06, personal_gate_out=1.778012e-05, personal_generator_emb=0.000000e+00, personal_generator_context_proj=0.000000e+00, personal_generator_context_hidden=0.000000e+00, personal_generator_context_to_u=0.000000e+00, personal_generator_context_to_v=0.000000e+00
2026-04-12 07:13:31,087 - INFO - [assist_09|assist_09_abce_best_no_A|lr=0.0003|drop=0.20] -> New best AUC=0.7656 at epoch 33
2026-04-12 07:13:58,526 - INFO - [assist_09|assist_09_abce_best_no_A|lr=0.0003|drop=0.20] Epoch [034/100] | Train: Loss=-0.0087, BCE=0.4958, Reg=-0.5045, AUC=0.8085, ACC=0.7451, RMSE=0.4070 | Val: Loss=0.0115, BCE=0.5367, Reg=-0.5252, AUC=0.7661, ACC=0.7252, RMSE=0.4247
2026-04-12 07:13:58,526 - INFO - [assist_09|assist_09_abce_best_no_A|lr=0.0003|drop=0.20] [Reg Terms] Epoch [034] | Train: graph_entropy=0.000000, graph_diag=0.000000, graph_uniform=0.000000, graph_reg_scale=1.0000, prediction_l2=0.000001, personal_sparse=0.000000, alpha_var=-0.504465, alpha_collapse=0.000000, reg_bce_ratio=-1.0175 | Val: graph_entropy=0.000000, graph_diag=0.000000, graph_uniform=0.000000, graph_reg_scale=1.0000, prediction_l2=0.000001, personal_sparse=0.000000, alpha_var=-0.525162, alpha_collapse=0.000000, reg_bce_ratio=-0.9785
2026-04-12 07:13:58,764 - INFO - [assist_09|assist_09_abce_best_no_A|lr=0.0003|drop=0.20] [Diag][AE] Epoch [034] | irt_abs_mean=1.4780, irt_std=0.9290, personal_warmup_scale=1.00, graph_row_entropy=0.0000, graph_entropy_ratio=0.0000, alpha_mean=0.1750, alpha_std=0.1750, alpha_bias_std=4.1567, personal_row_entropy=0.0000, personal_matrix_delta=0.0000, personal_matrix_student_std=0.0000, personal_delta_pre_softmax_norm=0.0000, personal_delta_student_std=0.0000, alpha_head_std=0.1750
2026-04-12 07:13:58,764 - INFO - [assist_09|assist_09_abce_best_no_A|lr=0.0003|drop=0.20] [Diag][Graph] Epoch [034] | entropy_ratio=0.0000, diag_mass=1.0000, to_uniform_l2=0.089800, to_identity_l2=0.000000, tau_mean=0.0000, tau_std=0.0000, graph_reg_scale(train/val)=1.0000/1.0000
2026-04-12 07:13:58,764 - WARNING - [assist_09|assist_09_abce_best_no_A|lr=0.0003|drop=0.20] [Diag Warning][E] personal_delta_student_std is near zero: personal_delta_student_std=0.000000, personal_delta_pre_softmax_norm=0.000000
2026-04-12 07:13:58,764 - INFO - [assist_09|assist_09_abce_best_no_A|lr=0.0003|drop=0.20] [Grad Norms] Epoch [034] | relation_emb=0.000000e+00, relation_tau=0.000000e+00, relation_wq=0.000000e+00, relation_wk=0.000000e+00, personal_u=0.000000e+00, personal_v=0.000000e+00, personal_alpha_bias=2.146289e-02, personal_gate_emb=0.000000e+00, personal_gate_student_proj=0.000000e+00, personal_gate_context_proj=1.282168e-05, personal_gate_student_direct=0.000000e+00, personal_gate_context_direct=6.126606e-06, personal_gate_out=1.320828e-05, personal_generator_emb=0.000000e+00, personal_generator_context_proj=0.000000e+00, personal_generator_context_hidden=0.000000e+00, personal_generator_context_to_u=0.000000e+00, personal_generator_context_to_v=0.000000e+00
2026-04-12 07:13:59,090 - INFO - [assist_09|assist_09_abce_best_no_A|lr=0.0003|drop=0.20] -> New best AUC=0.7661 at epoch 34
2026-04-12 07:14:10,018 - INFO - [assist_09|assist_09_abce_best_full|lr=0.0003|drop=0.20] Epoch [020/100] | Train: Loss=0.3063, BCE=0.4682, Reg=-0.1619, AUC=0.8319, ACC=0.7634, RMSE=0.3943 | Val: Loss=0.3822, BCE=0.5622, Reg=-0.1800, AUC=0.7557, ACC=0.7272, RMSE=0.4317
2026-04-12 07:14:10,018 - INFO - [assist_09|assist_09_abce_best_full|lr=0.0003|drop=0.20] [Reg Terms] Epoch [020] | Train: graph_entropy=0.000001, graph_diag=0.020000, graph_uniform=0.001194, graph_reg_scale=1.0000, prediction_l2=0.000001, personal_sparse=0.001500, alpha_var=-0.184576, alpha_collapse=0.000000, reg_bce_ratio=-0.3458 | Val: graph_entropy=0.000000, graph_diag=0.020000, graph_uniform=0.001208, graph_reg_scale=1.0000, prediction_l2=0.000001, personal_sparse=0.001541, alpha_var=-0.202705, alpha_collapse=0.000000, reg_bce_ratio=-0.3201
2026-04-12 07:14:10,280 - INFO - [assist_09|assist_09_abce_best_full|lr=0.0003|drop=0.20] [Diag][AE] Epoch [020] | irt_abs_mean=1.9990, irt_std=1.2936, personal_warmup_scale=1.00, graph_row_entropy=0.7706, graph_entropy_ratio=0.1601, alpha_mean=0.1750, alpha_std=0.1748, alpha_bias_std=2.5511, personal_row_entropy=0.7706, personal_matrix_delta=0.0000, personal_matrix_student_std=0.0000, personal_delta_pre_softmax_norm=0.0000, personal_delta_student_std=0.0000, alpha_head_std=0.1748
2026-04-12 07:14:10,280 - INFO - [assist_09|assist_09_abce_best_full|lr=0.0003|drop=0.20] [Diag][Graph] Epoch [020] | entropy_ratio=0.1601, diag_mass=0.2000, to_uniform_l2=0.069809, to_identity_l2=0.099083, tau_mean=0.5313, tau_std=0.0262, graph_reg_scale(train/val)=1.0000/1.0000
2026-04-12 07:14:10,281 - WARNING - [assist_09|assist_09_abce_best_full|lr=0.0003|drop=0.20] [Diag Warning][E] personal_delta_student_std is near zero: personal_delta_student_std=0.000000, personal_delta_pre_softmax_norm=0.000001
2026-04-12 07:14:10,281 - INFO - [assist_09|assist_09_abce_best_full|lr=0.0003|drop=0.20] [Grad Norms] Epoch [020] | relation_emb=7.682742e-03, relation_tau=3.806286e-03, relation_wq=8.844203e-04, relation_wk=8.157529e-04, personal_u=0.000000e+00, personal_v=0.000000e+00, personal_alpha_bias=1.833764e-02, personal_gate_emb=0.000000e+00, personal_gate_student_proj=0.000000e+00, personal_gate_context_proj=1.234672e-05, personal_gate_student_direct=0.000000e+00, personal_gate_context_direct=5.088054e-06, personal_gate_out=1.322734e-05, personal_generator_emb=0.000000e+00, personal_generator_context_proj=0.000000e+00, personal_generator_context_hidden=0.000000e+00, personal_generator_context_to_u=0.000000e+00, personal_generator_context_to_v=0.000000e+00
2026-04-12 07:14:10,669 - INFO - [assist_09|assist_09_abce_best_full|lr=0.0003|drop=0.20] -> New best AUC=0.7557 at epoch 20
2026-04-12 07:14:10,729 - INFO - [assist_09|assist_09_abce_best_full|lr=0.0003|drop=0.20] Checkpoint saved: checkpoints/abce_diag/ae_fix_20260412_fdafa52/assist_09/seed42/best_full/checkpoint_epoch_20.pth
2026-04-12 07:14:10,960 - INFO - [assist_09|assist_09_abce_best_full|lr=0.0003|drop=0.20] [Module Activity] Epoch 20: Graph[OK] Personal[X]
2026-04-12 07:14:25,414 - INFO - [assist_09|assist_09_abce_best_no_A|lr=0.0003|drop=0.20] Epoch [035/100] | Train: Loss=-0.0381, BCE=0.4951, Reg=-0.5333, AUC=0.8091, ACC=0.7461, RMSE=0.4067 | Val: Loss=-0.0181, BCE=0.5366, Reg=-0.5547, AUC=0.7662, ACC=0.7256, RMSE=0.4247
2026-04-12 07:14:25,415 - INFO - [assist_09|assist_09_abce_best_no_A|lr=0.0003|drop=0.20] [Reg Terms] Epoch [035] | Train: graph_entropy=0.000000, graph_diag=0.000000, graph_uniform=0.000000, graph_reg_scale=1.0000, prediction_l2=0.000002, personal_sparse=0.000000, alpha_var=-0.533266, alpha_collapse=0.000000, reg_bce_ratio=-1.0770 | Val: graph_entropy=0.000000, graph_diag=0.000000, graph_uniform=0.000000, graph_reg_scale=1.0000, prediction_l2=0.000002, personal_sparse=0.000000, alpha_var=-0.554736, alpha_collapse=0.000000, reg_bce_ratio=-1.0338
2026-04-12 07:14:25,673 - INFO - [assist_09|assist_09_abce_best_no_A|lr=0.0003|drop=0.20] [Diag][AE] Epoch [035] | irt_abs_mean=1.4722, irt_std=0.9285, personal_warmup_scale=1.00, graph_row_entropy=0.0000, graph_entropy_ratio=0.0000, alpha_mean=0.1750, alpha_std=0.1750, alpha_bias_std=4.2708, personal_row_entropy=0.0000, personal_matrix_delta=0.0000, personal_matrix_student_std=0.0000, personal_delta_pre_softmax_norm=0.0000, personal_delta_student_std=0.0000, alpha_head_std=0.1750
2026-04-12 07:14:25,674 - INFO - [assist_09|assist_09_abce_best_no_A|lr=0.0003|drop=0.20] [Diag][Graph] Epoch [035] | entropy_ratio=0.0000, diag_mass=1.0000, to_uniform_l2=0.089800, to_identity_l2=0.000000, tau_mean=0.0000, tau_std=0.0000, graph_reg_scale(train/val)=1.0000/1.0000
2026-04-12 07:14:25,674 - WARNING - [assist_09|assist_09_abce_best_no_A|lr=0.0003|drop=0.20] [Diag Warning][E] personal_delta_student_std is near zero: personal_delta_student_std=0.000000, personal_delta_pre_softmax_norm=0.000000
2026-04-12 07:14:25,674 - INFO - [assist_09|assist_09_abce_best_no_A|lr=0.0003|drop=0.20] [Grad Norms] Epoch [035] | relation_emb=0.000000e+00, relation_tau=0.000000e+00, relation_wq=0.000000e+00, relation_wk=0.000000e+00, personal_u=0.000000e+00, personal_v=0.000000e+00, personal_alpha_bias=2.933522e-02, personal_gate_emb=0.000000e+00, personal_gate_student_proj=0.000000e+00, personal_gate_context_proj=1.564232e-05, personal_gate_student_direct=0.000000e+00, personal_gate_context_direct=7.753633e-06, personal_gate_out=1.636073e-05, personal_generator_emb=0.000000e+00, personal_generator_context_proj=0.000000e+00, personal_generator_context_hidden=0.000000e+00, personal_generator_context_to_u=0.000000e+00, personal_generator_context_to_v=0.000000e+00
2026-04-12 07:14:26,021 - INFO - [assist_09|assist_09_abce_best_no_A|lr=0.0003|drop=0.20] -> New best AUC=0.7662 at epoch 35
2026-04-12 07:14:53,604 - INFO - [assist_09|assist_09_abce_best_no_A|lr=0.0003|drop=0.20] Epoch [036/100] | Train: Loss=-0.0683, BCE=0.4946, Reg=-0.5629, AUC=0.8096, ACC=0.7459, RMSE=0.4064 | Val: Loss=-0.0485, BCE=0.5366, Reg=-0.5851, AUC=0.7664, ACC=0.7256, RMSE=0.4246
2026-04-12 07:14:53,604 - INFO - [assist_09|assist_09_abce_best_no_A|lr=0.0003|drop=0.20] [Reg Terms] Epoch [036] | Train: graph_entropy=0.000000, graph_diag=0.000000, graph_uniform=0.000000, graph_reg_scale=1.0000, prediction_l2=0.000002, personal_sparse=0.000000, alpha_var=-0.562888, alpha_collapse=0.000000, reg_bce_ratio=-1.1382 | Val: graph_entropy=0.000000, graph_diag=0.000000, graph_uniform=0.000000, graph_reg_scale=1.0000, prediction_l2=0.000002, personal_sparse=0.000000, alpha_var=-0.585067, alpha_collapse=0.000000, reg_bce_ratio=-1.0904
2026-04-12 07:14:53,792 - INFO - [assist_09|assist_09_abce_best_no_A|lr=0.0003|drop=0.20] [Diag][AE] Epoch [036] | irt_abs_mean=1.4711, irt_std=0.9297, personal_warmup_scale=1.00, graph_row_entropy=0.0000, graph_entropy_ratio=0.0000, alpha_mean=0.1750, alpha_std=0.1750, alpha_bias_std=4.3849, personal_row_entropy=0.0000, personal_matrix_delta=0.0000, personal_matrix_student_std=0.0000, personal_delta_pre_softmax_norm=0.0000, personal_delta_student_std=0.0000, alpha_head_std=0.1750
2026-04-12 07:14:53,792 - INFO - [assist_09|assist_09_abce_best_no_A|lr=0.0003|drop=0.20] [Diag][Graph] Epoch [036] | entropy_ratio=0.0000, diag_mass=1.0000, to_uniform_l2=0.089800, to_identity_l2=0.000000, tau_mean=0.0000, tau_std=0.0000, graph_reg_scale(train/val)=1.0000/1.0000
2026-04-12 07:14:53,793 - WARNING - [assist_09|assist_09_abce_best_no_A|lr=0.0003|drop=0.20] [Diag Warning][E] personal_delta_student_std is near zero: personal_delta_student_std=0.000000, personal_delta_pre_softmax_norm=0.000000
2026-04-12 07:14:53,793 - INFO - [assist_09|assist_09_abce_best_no_A|lr=0.0003|drop=0.20] [Grad Norms] Epoch [036] | relation_emb=0.000000e+00, relation_tau=0.000000e+00, relation_wq=0.000000e+00, relation_wk=0.000000e+00, personal_u=0.000000e+00, personal_v=0.000000e+00, personal_alpha_bias=2.549487e-02, personal_gate_emb=0.000000e+00, personal_gate_student_proj=0.000000e+00, personal_gate_context_proj=1.032121e-05, personal_gate_student_direct=0.000000e+00, personal_gate_context_direct=4.928441e-06, personal_gate_out=1.053513e-05, personal_generator_emb=0.000000e+00, personal_generator_context_proj=0.000000e+00, personal_generator_context_hidden=0.000000e+00, personal_generator_context_to_u=0.000000e+00, personal_generator_context_to_v=0.000000e+00
2026-04-12 07:14:54,082 - INFO - [assist_09|assist_09_abce_best_no_A|lr=0.0003|drop=0.20] -> New best AUC=0.7664 at epoch 36
2026-04-12 07:14:58,313 - INFO - [assist_09|assist_09_abce_best_full|lr=0.0003|drop=0.20] Epoch [021/100] | Train: Loss=0.2873, BCE=0.4669, Reg=-0.1796, AUC=0.8329, ACC=0.7636, RMSE=0.3938 | Val: Loss=0.3582, BCE=0.5572, Reg=-0.1990, AUC=0.7552, ACC=0.7250, RMSE=0.4306
2026-04-12 07:14:58,313 - INFO - [assist_09|assist_09_abce_best_full|lr=0.0003|drop=0.20] [Reg Terms] Epoch [021] | Train: graph_entropy=0.000001, graph_diag=0.020000, graph_uniform=0.001195, graph_reg_scale=1.0000, prediction_l2=0.000001, personal_sparse=0.001503, alpha_var=-0.202304, alpha_collapse=0.000000, reg_bce_ratio=-0.3847 | Val: graph_entropy=0.000000, graph_diag=0.020000, graph_uniform=0.001200, graph_reg_scale=1.0000, prediction_l2=0.000001, personal_sparse=0.001519, alpha_var=-0.221748, alpha_collapse=0.000000, reg_bce_ratio=-0.3572
2026-04-12 07:14:58,495 - INFO - [assist_09|assist_09_abce_best_full|lr=0.0003|drop=0.20] [Diag][AE] Epoch [021] | irt_abs_mean=1.9232, irt_std=1.2684, personal_warmup_scale=1.00, graph_row_entropy=0.7597, graph_entropy_ratio=0.1579, alpha_mean=0.1750, alpha_std=0.1748, alpha_bias_std=2.6683, personal_row_entropy=0.7597, personal_matrix_delta=0.0000, personal_matrix_student_std=0.0000, personal_delta_pre_softmax_norm=0.0000, personal_delta_student_std=0.0000, alpha_head_std=0.1748
2026-04-12 07:14:58,495 - INFO - [assist_09|assist_09_abce_best_full|lr=0.0003|drop=0.20] [Diag][Graph] Epoch [021] | entropy_ratio=0.1579, diag_mass=0.2000, to_uniform_l2=0.070008, to_identity_l2=0.099223, tau_mean=0.5263, tau_std=0.0259, graph_reg_scale(train/val)=1.0000/1.0000
2026-04-12 07:14:58,495 - WARNING - [assist_09|assist_09_abce_best_full|lr=0.0003|drop=0.20] [Diag Warning][E] personal_delta_student_std is near zero: personal_delta_student_std=0.000000, personal_delta_pre_softmax_norm=0.000000
2026-04-12 07:14:58,496 - INFO - [assist_09|assist_09_abce_best_full|lr=0.0003|drop=0.20] [Grad Norms] Epoch [021] | relation_emb=9.998098e-03, relation_tau=3.534562e-03, relation_wq=8.334095e-04, relation_wk=6.973842e-04, personal_u=0.000000e+00, personal_v=0.000000e+00, personal_alpha_bias=1.288878e-02, personal_gate_emb=0.000000e+00, personal_gate_student_proj=0.000000e+00, personal_gate_context_proj=1.362632e-05, personal_gate_student_direct=0.000000e+00, personal_gate_context_direct=5.609671e-06, personal_gate_out=1.456758e-05, personal_generator_emb=0.000000e+00, personal_generator_context_proj=0.000000e+00, personal_generator_context_hidden=0.000000e+00, personal_generator_context_to_u=0.000000e+00, personal_generator_context_to_v=0.000000e+00
2026-04-12 07:14:58,496 - INFO - [assist_09|assist_09_abce_best_full|lr=0.0003|drop=0.20] -> No improvement 1 epoch(s) (best AUC=0.7557 @ 20)
2026-04-12 07:15:21,045 - INFO - [assist_09|assist_09_abce_best_no_A|lr=0.0003|drop=0.20] Epoch [037/100] | Train: Loss=-0.0990, BCE=0.4942, Reg=-0.5932, AUC=0.8100, ACC=0.7463, RMSE=0.4062 | Val: Loss=-0.0800, BCE=0.5362, Reg=-0.6162, AUC=0.7669, ACC=0.7263, RMSE=0.4245
2026-04-12 07:15:21,045 - INFO - [assist_09|assist_09_abce_best_no_A|lr=0.0003|drop=0.20] [Reg Terms] Epoch [037] | Train: graph_entropy=0.000000, graph_diag=0.000000, graph_uniform=0.000000, graph_reg_scale=1.0000, prediction_l2=0.000002, personal_sparse=0.000000, alpha_var=-0.593179, alpha_collapse=0.000000, reg_bce_ratio=-1.2004 | Val: graph_entropy=0.000000, graph_diag=0.000000, graph_uniform=0.000000, graph_reg_scale=1.0000, prediction_l2=0.000002, personal_sparse=0.000000, alpha_var=-0.616195, alpha_collapse=0.000000, reg_bce_ratio=-1.1491
2026-04-12 07:15:21,349 - INFO - [assist_09|assist_09_abce_best_no_A|lr=0.0003|drop=0.20] [Diag][AE] Epoch [037] | irt_abs_mean=1.4941, irt_std=0.9523, personal_warmup_scale=1.00, graph_row_entropy=0.0000, graph_entropy_ratio=0.0000, alpha_mean=0.1750, alpha_std=0.1750, alpha_bias_std=4.5002, personal_row_entropy=0.0000, personal_matrix_delta=0.0000, personal_matrix_student_std=0.0000, personal_delta_pre_softmax_norm=0.0000, personal_delta_student_std=0.0000, alpha_head_std=0.1750
2026-04-12 07:15:21,349 - INFO - [assist_09|assist_09_abce_best_no_A|lr=0.0003|drop=0.20] [Diag][Graph] Epoch [037] | entropy_ratio=0.0000, diag_mass=1.0000, to_uniform_l2=0.089800, to_identity_l2=0.000000, tau_mean=0.0000, tau_std=0.0000, graph_reg_scale(train/val)=1.0000/1.0000
2026-04-12 07:15:21,349 - WARNING - [assist_09|assist_09_abce_best_no_A|lr=0.0003|drop=0.20] [Diag Warning][E] personal_delta_student_std is near zero: personal_delta_student_std=0.000000, personal_delta_pre_softmax_norm=0.000000
2026-04-12 07:15:21,349 - INFO - [assist_09|assist_09_abce_best_no_A|lr=0.0003|drop=0.20] [Grad Norms] Epoch [037] | relation_emb=0.000000e+00, relation_tau=0.000000e+00, relation_wq=0.000000e+00, relation_wk=0.000000e+00, personal_u=0.000000e+00, personal_v=0.000000e+00, personal_alpha_bias=2.482783e-02, personal_gate_emb=0.000000e+00, personal_gate_student_proj=0.000000e+00, personal_gate_context_proj=1.685300e-05, personal_gate_student_direct=0.000000e+00, personal_gate_context_direct=9.316327e-06, personal_gate_out=1.934674e-05, personal_generator_emb=0.000000e+00, personal_generator_context_proj=0.000000e+00, personal_generator_context_hidden=0.000000e+00, personal_generator_context_to_u=0.000000e+00, personal_generator_context_to_v=0.000000e+00
2026-04-12 07:15:21,695 - INFO - [assist_09|assist_09_abce_best_no_A|lr=0.0003|drop=0.20] -> New best AUC=0.7669 at epoch 37
2026-04-12 07:15:46,214 - INFO - [assist_09|assist_09_abce_best_full|lr=0.0003|drop=0.20] Epoch [022/100] | Train: Loss=0.2666, BCE=0.4648, Reg=-0.1982, AUC=0.8346, ACC=0.7654, RMSE=0.3928 | Val: Loss=0.3399, BCE=0.5589, Reg=-0.2190, AUC=0.7563, ACC=0.7264, RMSE=0.4306
2026-04-12 07:15:46,214 - INFO - [assist_09|assist_09_abce_best_full|lr=0.0003|drop=0.20] [Reg Terms] Epoch [022] | Train: graph_entropy=0.000001, graph_diag=0.020000, graph_uniform=0.001194, graph_reg_scale=1.0000, prediction_l2=0.000001, personal_sparse=0.001498, alpha_var=-0.220870, alpha_collapse=0.000000, reg_bce_ratio=-0.4264 | Val: graph_entropy=0.000000, graph_diag=0.020000, graph_uniform=0.001188, graph_reg_scale=1.0000, prediction_l2=0.000001, personal_sparse=0.001477, alpha_var=-0.241627, alpha_collapse=0.000000, reg_bce_ratio=-0.3918
2026-04-12 07:15:46,484 - INFO - [assist_09|assist_09_abce_best_full|lr=0.0003|drop=0.20] [Diag][AE] Epoch [022] | irt_abs_mean=1.9251, irt_std=1.2754, personal_warmup_scale=1.00, graph_row_entropy=0.7385, graph_entropy_ratio=0.1535, alpha_mean=0.1750, alpha_std=0.1748, alpha_bias_std=2.7847, personal_row_entropy=0.7385, personal_matrix_delta=0.0000, personal_matrix_student_std=0.0000, personal_delta_pre_softmax_norm=0.0000, personal_delta_student_std=0.0000, alpha_head_std=0.1748
2026-04-12 07:15:46,484 - INFO - [assist_09|assist_09_abce_best_full|lr=0.0003|drop=0.20] [Diag][Graph] Epoch [022] | entropy_ratio=0.1535, diag_mass=0.2000, to_uniform_l2=0.070302, to_identity_l2=0.099431, tau_mean=0.5212, tau_std=0.0262, graph_reg_scale(train/val)=1.0000/1.0000
2026-04-12 07:15:46,484 - WARNING - [assist_09|assist_09_abce_best_full|lr=0.0003|drop=0.20] [Diag Warning][E] personal_delta_student_std is near zero: personal_delta_student_std=0.000000, personal_delta_pre_softmax_norm=0.000006
2026-04-12 07:15:46,484 - INFO - [assist_09|assist_09_abce_best_full|lr=0.0003|drop=0.20] [Grad Norms] Epoch [022] | relation_emb=1.004294e-02, relation_tau=1.316011e-03, relation_wq=4.994816e-04, relation_wk=2.258566e-04, personal_u=0.000000e+00, personal_v=0.000000e+00, personal_alpha_bias=1.700159e-02, personal_gate_emb=0.000000e+00, personal_gate_student_proj=0.000000e+00, personal_gate_context_proj=1.159591e-05, personal_gate_student_direct=0.000000e+00, personal_gate_context_direct=4.780877e-06, personal_gate_out=1.239874e-05, personal_generator_emb=0.000000e+00, personal_generator_context_proj=0.000000e+00, personal_generator_context_hidden=0.000000e+00, personal_generator_context_to_u=0.000000e+00, personal_generator_context_to_v=0.000000e+00
2026-04-12 07:15:46,815 - INFO - [assist_09|assist_09_abce_best_full|lr=0.0003|drop=0.20] -> New best AUC=0.7563 at epoch 22
2026-04-12 07:15:49,193 - INFO - [assist_09|assist_09_abce_best_no_A|lr=0.0003|drop=0.20] Epoch [038/100] | Train: Loss=-0.1309, BCE=0.4935, Reg=-0.6244, AUC=0.8105, ACC=0.7470, RMSE=0.4059 | Val: Loss=-0.1118, BCE=0.5363, Reg=-0.6481, AUC=0.7666, ACC=0.7264, RMSE=0.4246
2026-04-12 07:15:49,193 - INFO - [assist_09|assist_09_abce_best_no_A|lr=0.0003|drop=0.20] [Reg Terms] Epoch [038] | Train: graph_entropy=0.000000, graph_diag=0.000000, graph_uniform=0.000000, graph_reg_scale=1.0000, prediction_l2=0.000002, personal_sparse=0.000000, alpha_var=-0.624390, alpha_collapse=0.000000, reg_bce_ratio=-1.2652 | Val: graph_entropy=0.000000, graph_diag=0.000000, graph_uniform=0.000000, graph_reg_scale=1.0000, prediction_l2=0.000002, personal_sparse=0.000000, alpha_var=-0.648124, alpha_collapse=0.000000, reg_bce_ratio=-1.2085
2026-04-12 07:15:49,449 - INFO - [assist_09|assist_09_abce_best_no_A|lr=0.0003|drop=0.20] [Diag][AE] Epoch [038] | irt_abs_mean=1.5093, irt_std=0.9738, personal_warmup_scale=1.00, graph_row_entropy=0.0000, graph_entropy_ratio=0.0000, alpha_mean=0.1750, alpha_std=0.1750, alpha_bias_std=4.6168, personal_row_entropy=0.0000, personal_matrix_delta=0.0000, personal_matrix_student_std=0.0000, personal_delta_pre_softmax_norm=0.0000, personal_delta_student_std=0.0000, alpha_head_std=0.1750
2026-04-12 07:15:49,449 - INFO - [assist_09|assist_09_abce_best_no_A|lr=0.0003|drop=0.20] [Diag][Graph] Epoch [038] | entropy_ratio=0.0000, diag_mass=1.0000, to_uniform_l2=0.089800, to_identity_l2=0.000000, tau_mean=0.0000, tau_std=0.0000, graph_reg_scale(train/val)=1.0000/1.0000
2026-04-12 07:15:49,449 - WARNING - [assist_09|assist_09_abce_best_no_A|lr=0.0003|drop=0.20] [Diag Warning][E] personal_delta_student_std is near zero: personal_delta_student_std=0.000000, personal_delta_pre_softmax_norm=0.000000
2026-04-12 07:15:49,449 - INFO - [assist_09|assist_09_abce_best_no_A|lr=0.0003|drop=0.20] [Grad Norms] Epoch [038] | relation_emb=0.000000e+00, relation_tau=0.000000e+00, relation_wq=0.000000e+00, relation_wk=0.000000e+00, personal_u=0.000000e+00, personal_v=0.000000e+00, personal_alpha_bias=2.750609e-02, personal_gate_emb=0.000000e+00, personal_gate_student_proj=0.000000e+00, personal_gate_context_proj=9.581756e-06, personal_gate_student_direct=0.000000e+00, personal_gate_context_direct=4.866502e-06, personal_gate_out=1.030103e-05, personal_generator_emb=0.000000e+00, personal_generator_context_proj=0.000000e+00, personal_generator_context_hidden=0.000000e+00, personal_generator_context_to_u=0.000000e+00, personal_generator_context_to_v=0.000000e+00
2026-04-12 07:15:49,450 - INFO - [assist_09|assist_09_abce_best_no_A|lr=0.0003|drop=0.20] -> No improvement 1 epoch(s) (best AUC=0.7669 @ 37)
2026-04-12 07:16:16,344 - INFO - [assist_09|assist_09_abce_best_no_A|lr=0.0003|drop=0.20] Epoch [039/100] | Train: Loss=-0.1634, BCE=0.4930, Reg=-0.6564, AUC=0.8112, ACC=0.7473, RMSE=0.4057 | Val: Loss=-0.1452, BCE=0.5357, Reg=-0.6809, AUC=0.7670, ACC=0.7263, RMSE=0.4242
2026-04-12 07:16:16,344 - INFO - [assist_09|assist_09_abce_best_no_A|lr=0.0003|drop=0.20] [Reg Terms] Epoch [039] | Train: graph_entropy=0.000000, graph_diag=0.000000, graph_uniform=0.000000, graph_reg_scale=1.0000, prediction_l2=0.000002, personal_sparse=0.000000, alpha_var=-0.656395, alpha_collapse=0.000000, reg_bce_ratio=-1.3315 | Val: graph_entropy=0.000000, graph_diag=0.000000, graph_uniform=0.000000, graph_reg_scale=1.0000, prediction_l2=0.000002, personal_sparse=0.000000, alpha_var=-0.680877, alpha_collapse=0.000000, reg_bce_ratio=-1.2710
2026-04-12 07:16:16,604 - INFO - [assist_09|assist_09_abce_best_no_A|lr=0.0003|drop=0.20] [Diag][AE] Epoch [039] | irt_abs_mean=1.4932, irt_std=0.9652, personal_warmup_scale=1.00, graph_row_entropy=0.0000, graph_entropy_ratio=0.0000, alpha_mean=0.1750, alpha_std=0.1750, alpha_bias_std=4.7330, personal_row_entropy=0.0000, personal_matrix_delta=0.0000, personal_matrix_student_std=0.0000, personal_delta_pre_softmax_norm=0.0000, personal_delta_student_std=0.0000, alpha_head_std=0.1750
2026-04-12 07:16:16,605 - INFO - [assist_09|assist_09_abce_best_no_A|lr=0.0003|drop=0.20] [Diag][Graph] Epoch [039] | entropy_ratio=0.0000, diag_mass=1.0000, to_uniform_l2=0.089800, to_identity_l2=0.000000, tau_mean=0.0000, tau_std=0.0000, graph_reg_scale(train/val)=1.0000/1.0000
2026-04-12 07:16:16,605 - WARNING - [assist_09|assist_09_abce_best_no_A|lr=0.0003|drop=0.20] [Diag Warning][E] personal_delta_student_std is near zero: personal_delta_student_std=0.000000, personal_delta_pre_softmax_norm=0.000000
2026-04-12 07:16:16,605 - INFO - [assist_09|assist_09_abce_best_no_A|lr=0.0003|drop=0.20] [Grad Norms] Epoch [039] | relation_emb=0.000000e+00, relation_tau=0.000000e+00, relation_wq=0.000000e+00, relation_wk=0.000000e+00, personal_u=0.000000e+00, personal_v=0.000000e+00, personal_alpha_bias=2.957962e-02, personal_gate_emb=0.000000e+00, personal_gate_student_proj=0.000000e+00, personal_gate_context_proj=1.274693e-05, personal_gate_student_direct=0.000000e+00, personal_gate_context_direct=6.692769e-06, personal_gate_out=1.378536e-05, personal_generator_emb=0.000000e+00, personal_generator_context_proj=0.000000e+00, personal_generator_context_hidden=0.000000e+00, personal_generator_context_to_u=0.000000e+00, personal_generator_context_to_v=0.000000e+00
2026-04-12 07:16:16,989 - INFO - [assist_09|assist_09_abce_best_no_A|lr=0.0003|drop=0.20] -> New best AUC=0.7670 at epoch 39
2026-04-12 07:16:34,131 - INFO - [assist_09|assist_09_abce_best_full|lr=0.0003|drop=0.20] Epoch [023/100] | Train: Loss=0.2460, BCE=0.4635, Reg=-0.2175, AUC=0.8358, ACC=0.7650, RMSE=0.3922 | Val: Loss=0.3220, BCE=0.5616, Reg=-0.2397, AUC=0.7563, ACC=0.7260, RMSE=0.4314
2026-04-12 07:16:34,131 - INFO - [assist_09|assist_09_abce_best_full|lr=0.0003|drop=0.20] [Reg Terms] Epoch [023] | Train: graph_entropy=0.000001, graph_diag=0.020000, graph_uniform=0.001193, graph_reg_scale=1.0000, prediction_l2=0.000001, personal_sparse=0.001493, alpha_var=-0.240208, alpha_collapse=0.000000, reg_bce_ratio=-0.4693 | Val: graph_entropy=0.000000, graph_diag=0.020000, graph_uniform=0.001203, graph_reg_scale=1.0000, prediction_l2=0.000001, personal_sparse=0.001526, alpha_var=-0.262380, alpha_collapse=0.000000, reg_bce_ratio=-0.4267
2026-04-12 07:16:34,432 - INFO - [assist_09|assist_09_abce_best_full|lr=0.0003|drop=0.20] [Diag][AE] Epoch [023] | irt_abs_mean=2.0309, irt_std=1.3258, personal_warmup_scale=1.00, graph_row_entropy=0.7628, graph_entropy_ratio=0.1585, alpha_mean=0.1750, alpha_std=0.1748, alpha_bias_std=2.9027, personal_row_entropy=0.7629, personal_matrix_delta=0.0000, personal_matrix_student_std=0.0000, personal_delta_pre_softmax_norm=0.0000, personal_delta_student_std=0.0000, alpha_head_std=0.1748
2026-04-12 07:16:34,433 - INFO - [assist_09|assist_09_abce_best_full|lr=0.0003|drop=0.20] [Diag][Graph] Epoch [023] | entropy_ratio=0.1585, diag_mass=0.2000, to_uniform_l2=0.069934, to_identity_l2=0.099171, tau_mean=0.5167, tau_std=0.0259, graph_reg_scale(train/val)=1.0000/1.0000
2026-04-12 07:16:34,433 - WARNING - [assist_09|assist_09_abce_best_full|lr=0.0003|drop=0.20] [Diag Warning][E] personal_delta_student_std is near zero: personal_delta_student_std=0.000000, personal_delta_pre_softmax_norm=0.000000
2026-04-12 07:16:34,433 - INFO - [assist_09|assist_09_abce_best_full|lr=0.0003|drop=0.20] [Grad Norms] Epoch [023] | relation_emb=7.110452e-03, relation_tau=1.544934e-03, relation_wq=6.444020e-04, relation_wk=3.450793e-04, personal_u=0.000000e+00, personal_v=0.000000e+00, personal_alpha_bias=1.280894e-02, personal_gate_emb=0.000000e+00, personal_gate_student_proj=0.000000e+00, personal_gate_context_proj=1.813617e-05, personal_gate_student_direct=0.000000e+00, personal_gate_context_direct=7.471153e-06, personal_gate_out=1.941993e-05, personal_generator_emb=0.000000e+00, personal_generator_context_proj=0.000000e+00, personal_generator_context_hidden=0.000000e+00, personal_generator_context_to_u=0.000000e+00, personal_generator_context_to_v=0.000000e+00
2026-04-12 07:16:34,433 - INFO - [assist_09|assist_09_abce_best_full|lr=0.0003|drop=0.20] -> No improvement 1 epoch(s) (best AUC=0.7563 @ 22)
2026-04-12 07:16:44,428 - INFO - [assist_09|assist_09_abce_best_no_A|lr=0.0003|drop=0.20] Epoch [040/100] | Train: Loss=-0.1964, BCE=0.4926, Reg=-0.6890, AUC=0.8112, ACC=0.7472, RMSE=0.4055 | Val: Loss=-0.1785, BCE=0.5358, Reg=-0.7143, AUC=0.7671, ACC=0.7258, RMSE=0.4243
2026-04-12 07:16:44,428 - INFO - [assist_09|assist_09_abce_best_no_A|lr=0.0003|drop=0.20] [Reg Terms] Epoch [040] | Train: graph_entropy=0.000000, graph_diag=0.000000, graph_uniform=0.000000, graph_reg_scale=1.0000, prediction_l2=0.000002, personal_sparse=0.000000, alpha_var=-0.689009, alpha_collapse=0.000000, reg_bce_ratio=-1.3987 | Val: graph_entropy=0.000000, graph_diag=0.000000, graph_uniform=0.000000, graph_reg_scale=1.0000, prediction_l2=0.000002, personal_sparse=0.000000, alpha_var=-0.714336, alpha_collapse=0.000000, reg_bce_ratio=-1.3332
2026-04-12 07:16:44,672 - INFO - [assist_09|assist_09_abce_best_no_A|lr=0.0003|drop=0.20] [Diag][AE] Epoch [040] | irt_abs_mean=1.4894, irt_std=0.9431, personal_warmup_scale=1.00, graph_row_entropy=0.0000, graph_entropy_ratio=0.0000, alpha_mean=0.1750, alpha_std=0.1750, alpha_bias_std=4.8486, personal_row_entropy=0.0000, personal_matrix_delta=0.0000, personal_matrix_student_std=0.0000, personal_delta_pre_softmax_norm=0.0000, personal_delta_student_std=0.0000, alpha_head_std=0.1750
2026-04-12 07:16:44,673 - INFO - [assist_09|assist_09_abce_best_no_A|lr=0.0003|drop=0.20] [Diag][Graph] Epoch [040] | entropy_ratio=0.0000, diag_mass=1.0000, to_uniform_l2=0.089800, to_identity_l2=0.000000, tau_mean=0.0000, tau_std=0.0000, graph_reg_scale(train/val)=1.0000/1.0000
2026-04-12 07:16:44,673 - WARNING - [assist_09|assist_09_abce_best_no_A|lr=0.0003|drop=0.20] [Diag Warning][E] personal_delta_student_std is near zero: personal_delta_student_std=0.000000, personal_delta_pre_softmax_norm=0.000000
2026-04-12 07:16:44,673 - INFO - [assist_09|assist_09_abce_best_no_A|lr=0.0003|drop=0.20] [Grad Norms] Epoch [040] | relation_emb=0.000000e+00, relation_tau=0.000000e+00, relation_wq=0.000000e+00, relation_wk=0.000000e+00, personal_u=0.000000e+00, personal_v=0.000000e+00, personal_alpha_bias=2.722493e-02, personal_gate_emb=0.000000e+00, personal_gate_student_proj=0.000000e+00, personal_gate_context_proj=1.940798e-05, personal_gate_student_direct=0.000000e+00, personal_gate_context_direct=9.636527e-06, personal_gate_out=2.004832e-05, personal_generator_emb=0.000000e+00, personal_generator_context_proj=0.000000e+00, personal_generator_context_hidden=0.000000e+00, personal_generator_context_to_u=0.000000e+00, personal_generator_context_to_v=0.000000e+00
2026-04-12 07:16:44,978 - INFO - [assist_09|assist_09_abce_best_no_A|lr=0.0003|drop=0.20] -> New best AUC=0.7671 at epoch 40
2026-04-12 07:16:45,020 - INFO - [assist_09|assist_09_abce_best_no_A|lr=0.0003|drop=0.20] Checkpoint saved: checkpoints/abce_diag/ae_fix_20260412_fdafa52/assist_09/seed42/best_no_A/checkpoint_epoch_40.pth
2026-04-12 07:16:45,190 - INFO - [assist_09|assist_09_abce_best_no_A|lr=0.0003|drop=0.20] [Module Activity] Epoch 40: Personal[X]
2026-04-12 07:17:12,342 - INFO - [assist_09|assist_09_abce_best_no_A|lr=0.0003|drop=0.20] Epoch [041/100] | Train: Loss=-0.2302, BCE=0.4923, Reg=-0.7226, AUC=0.8115, ACC=0.7475, RMSE=0.4054 | Val: Loss=-0.2129, BCE=0.5357, Reg=-0.7486, AUC=0.7673, ACC=0.7259, RMSE=0.4242
2026-04-12 07:17:12,343 - INFO - [assist_09|assist_09_abce_best_no_A|lr=0.0003|drop=0.20] [Reg Terms] Epoch [041] | Train: graph_entropy=0.000000, graph_diag=0.000000, graph_uniform=0.000000, graph_reg_scale=1.0000, prediction_l2=0.000002, personal_sparse=0.000000, alpha_var=-0.722552, alpha_collapse=0.000000, reg_bce_ratio=-1.4676 | Val: graph_entropy=0.000000, graph_diag=0.000000, graph_uniform=0.000000, graph_reg_scale=1.0000, prediction_l2=0.000002, personal_sparse=0.000000, alpha_var=-0.748636, alpha_collapse=0.000000, reg_bce_ratio=-1.3975
2026-04-12 07:17:12,540 - INFO - [assist_09|assist_09_abce_best_no_A|lr=0.0003|drop=0.20] [Diag][AE] Epoch [041] | irt_abs_mean=1.4645, irt_std=0.9453, personal_warmup_scale=1.00, graph_row_entropy=0.0000, graph_entropy_ratio=0.0000, alpha_mean=0.1750, alpha_std=0.1750, alpha_bias_std=4.9649, personal_row_entropy=0.0000, personal_matrix_delta=0.0000, personal_matrix_student_std=0.0000, personal_delta_pre_softmax_norm=0.0000, personal_delta_student_std=0.0000, alpha_head_std=0.1750
2026-04-12 07:17:12,541 - INFO - [assist_09|assist_09_abce_best_no_A|lr=0.0003|drop=0.20] [Diag][Graph] Epoch [041] | entropy_ratio=0.0000, diag_mass=1.0000, to_uniform_l2=0.089800, to_identity_l2=0.000000, tau_mean=0.0000, tau_std=0.0000, graph_reg_scale(train/val)=1.0000/1.0000
2026-04-12 07:17:12,541 - WARNING - [assist_09|assist_09_abce_best_no_A|lr=0.0003|drop=0.20] [Diag Warning][E] personal_delta_student_std is near zero: personal_delta_student_std=0.000000, personal_delta_pre_softmax_norm=0.000000
2026-04-12 07:17:12,541 - INFO - [assist_09|assist_09_abce_best_no_A|lr=0.0003|drop=0.20] [Grad Norms] Epoch [041] | relation_emb=0.000000e+00, relation_tau=0.000000e+00, relation_wq=0.000000e+00, relation_wk=0.000000e+00, personal_u=0.000000e+00, personal_v=0.000000e+00, personal_alpha_bias=2.908535e-02, personal_gate_emb=0.000000e+00, personal_gate_student_proj=0.000000e+00, personal_gate_context_proj=1.829658e-05, personal_gate_student_direct=0.000000e+00, personal_gate_context_direct=9.846159e-06, personal_gate_out=2.027626e-05, personal_generator_emb=0.000000e+00, personal_generator_context_proj=0.000000e+00, personal_generator_context_hidden=0.000000e+00, personal_generator_context_to_u=0.000000e+00, personal_generator_context_to_v=0.000000e+00
2026-04-12 07:17:12,870 - INFO - [assist_09|assist_09_abce_best_no_A|lr=0.0003|drop=0.20] -> New best AUC=0.7673 at epoch 41
2026-04-12 07:17:20,780 - INFO - [assist_09|assist_09_abce_best_full|lr=0.0003|drop=0.20] Epoch [024/100] | Train: Loss=0.2242, BCE=0.4619, Reg=-0.2377, AUC=0.8371, ACC=0.7658, RMSE=0.3915 | Val: Loss=0.3005, BCE=0.5617, Reg=-0.2612, AUC=0.7569, ACC=0.7278, RMSE=0.4311
2026-04-12 07:17:20,780 - INFO - [assist_09|assist_09_abce_best_full|lr=0.0003|drop=0.20] [Reg Terms] Epoch [024] | Train: graph_entropy=0.000001, graph_diag=0.020000, graph_uniform=0.001193, graph_reg_scale=1.0000, prediction_l2=0.000001, personal_sparse=0.001494, alpha_var=-0.260392, alpha_collapse=0.000000, reg_bce_ratio=-0.5147 | Val: graph_entropy=0.000000, graph_diag=0.020000, graph_uniform=0.001205, graph_reg_scale=1.0000, prediction_l2=0.000001, personal_sparse=0.001533, alpha_var=-0.283925, alpha_collapse=0.000000, reg_bce_ratio=-0.4650
2026-04-12 07:17:21,047 - INFO - [assist_09|assist_09_abce_best_full|lr=0.0003|drop=0.20] [Diag][AE] Epoch [024] | irt_abs_mean=2.0836, irt_std=1.3432, personal_warmup_scale=1.00, graph_row_entropy=0.7666, graph_entropy_ratio=0.1593, alpha_mean=0.1750, alpha_std=0.1749, alpha_bias_std=3.0197, personal_row_entropy=0.7666, personal_matrix_delta=0.0000, personal_matrix_student_std=0.0000, personal_delta_pre_softmax_norm=0.0000, personal_delta_student_std=0.0000, alpha_head_std=0.1749
2026-04-12 07:17:21,048 - INFO - [assist_09|assist_09_abce_best_full|lr=0.0003|drop=0.20] [Diag][Graph] Epoch [024] | entropy_ratio=0.1593, diag_mass=0.2000, to_uniform_l2=0.069880, to_identity_l2=0.099133, tau_mean=0.5117, tau_std=0.0256, graph_reg_scale(train/val)=1.0000/1.0000
2026-04-12 07:17:21,048 - WARNING - [assist_09|assist_09_abce_best_full|lr=0.0003|drop=0.20] [Diag Warning][E] personal_delta_student_std is near zero: personal_delta_student_std=0.000000, personal_delta_pre_softmax_norm=0.000000
2026-04-12 07:17:21,048 - INFO - [assist_09|assist_09_abce_best_full|lr=0.0003|drop=0.20] [Grad Norms] Epoch [024] | relation_emb=8.077415e-03, relation_tau=2.155272e-03, relation_wq=6.669255e-04, relation_wk=3.448183e-04, personal_u=0.000000e+00, personal_v=0.000000e+00, personal_alpha_bias=1.612453e-02, personal_gate_emb=0.000000e+00, personal_gate_student_proj=0.000000e+00, personal_gate_context_proj=1.371298e-05, personal_gate_student_direct=0.000000e+00, personal_gate_context_direct=5.627402e-06, personal_gate_out=1.465357e-05, personal_generator_emb=0.000000e+00, personal_generator_context_proj=0.000000e+00, personal_generator_context_hidden=0.000000e+00, personal_generator_context_to_u=0.000000e+00, personal_generator_context_to_v=0.000000e+00
2026-04-12 07:17:21,372 - INFO - [assist_09|assist_09_abce_best_full|lr=0.0003|drop=0.20] -> New best AUC=0.7569 at epoch 24
2026-04-12 07:17:39,516 - INFO - [assist_09|assist_09_abce_best_no_A|lr=0.0003|drop=0.20] Epoch [042/100] | Train: Loss=-0.2650, BCE=0.4917, Reg=-0.7568, AUC=0.8121, ACC=0.7478, RMSE=0.4052 | Val: Loss=-0.2480, BCE=0.5357, Reg=-0.7837, AUC=0.7674, ACC=0.7266, RMSE=0.4241
2026-04-12 07:17:39,516 - INFO - [assist_09|assist_09_abce_best_no_A|lr=0.0003|drop=0.20] [Reg Terms] Epoch [042] | Train: graph_entropy=0.000000, graph_diag=0.000000, graph_uniform=0.000000, graph_reg_scale=1.0000, prediction_l2=0.000002, personal_sparse=0.000000, alpha_var=-0.756767, alpha_collapse=0.000000, reg_bce_ratio=-1.5390 | Val: graph_entropy=0.000000, graph_diag=0.000000, graph_uniform=0.000000, graph_reg_scale=1.0000, prediction_l2=0.000002, personal_sparse=0.000000, alpha_var=-0.783708, alpha_collapse=0.000000, reg_bce_ratio=-1.4629
2026-04-12 07:17:39,787 - INFO - [assist_09|assist_09_abce_best_no_A|lr=0.0003|drop=0.20] [Diag][AE] Epoch [042] | irt_abs_mean=1.4951, irt_std=0.9551, personal_warmup_scale=1.00, graph_row_entropy=0.0000, graph_entropy_ratio=0.0000, alpha_mean=0.1750, alpha_std=0.1750, alpha_bias_std=5.0800, personal_row_entropy=0.0000, personal_matrix_delta=0.0000, personal_matrix_student_std=0.0000, personal_delta_pre_softmax_norm=0.0000, personal_delta_student_std=0.0000, alpha_head_std=0.1750
2026-04-12 07:17:39,788 - INFO - [assist_09|assist_09_abce_best_no_A|lr=0.0003|drop=0.20] [Diag][Graph] Epoch [042] | entropy_ratio=0.0000, diag_mass=1.0000, to_uniform_l2=0.089800, to_identity_l2=0.000000, tau_mean=0.0000, tau_std=0.0000, graph_reg_scale(train/val)=1.0000/1.0000
2026-04-12 07:17:39,788 - WARNING - [assist_09|assist_09_abce_best_no_A|lr=0.0003|drop=0.20] [Diag Warning][E] personal_delta_student_std is near zero: personal_delta_student_std=0.000000, personal_delta_pre_softmax_norm=0.000000
2026-04-12 07:17:39,788 - INFO - [assist_09|assist_09_abce_best_no_A|lr=0.0003|drop=0.20] [Grad Norms] Epoch [042] | relation_emb=0.000000e+00, relation_tau=0.000000e+00, relation_wq=0.000000e+00, relation_wk=0.000000e+00, personal_u=0.000000e+00, personal_v=0.000000e+00, personal_alpha_bias=2.642588e-02, personal_gate_emb=0.000000e+00, personal_gate_student_proj=0.000000e+00, personal_gate_context_proj=1.183776e-05, personal_gate_student_direct=0.000000e+00, personal_gate_context_direct=5.655483e-06, personal_gate_out=1.187985e-05, personal_generator_emb=0.000000e+00, personal_generator_context_proj=0.000000e+00, personal_generator_context_hidden=0.000000e+00, personal_generator_context_to_u=0.000000e+00, personal_generator_context_to_v=0.000000e+00
2026-04-12 07:17:40,103 - INFO - [assist_09|assist_09_abce_best_no_A|lr=0.0003|drop=0.20] -> New best AUC=0.7674 at epoch 42
2026-04-12 07:18:08,232 - INFO - [assist_09|assist_09_abce_best_no_A|lr=0.0003|drop=0.20] Epoch [043/100] | Train: Loss=-0.3006, BCE=0.4912, Reg=-0.7918, AUC=0.8125, ACC=0.7479, RMSE=0.4049 | Val: Loss=-0.2841, BCE=0.5355, Reg=-0.8196, AUC=0.7676, ACC=0.7271, RMSE=0.4240
2026-04-12 07:18:08,232 - INFO - [assist_09|assist_09_abce_best_no_A|lr=0.0003|drop=0.20] [Reg Terms] Epoch [043] | Train: graph_entropy=0.000000, graph_diag=0.000000, graph_uniform=0.000000, graph_reg_scale=1.0000, prediction_l2=0.000002, personal_sparse=0.000000, alpha_var=-0.791802, alpha_collapse=0.000000, reg_bce_ratio=-1.6118 | Val: graph_entropy=0.000000, graph_diag=0.000000, graph_uniform=0.000000, graph_reg_scale=1.0000, prediction_l2=0.000002, personal_sparse=0.000000, alpha_var=-0.819611, alpha_collapse=0.000000, reg_bce_ratio=-1.5307
2026-04-12 07:18:08,490 - INFO - [assist_09|assist_09_abce_best_no_A|lr=0.0003|drop=0.20] [Diag][AE] Epoch [043] | irt_abs_mean=1.4999, irt_std=0.9652, personal_warmup_scale=1.00, graph_row_entropy=0.0000, graph_entropy_ratio=0.0000, alpha_mean=0.1750, alpha_std=0.1750, alpha_bias_std=5.1946, personal_row_entropy=0.0000, personal_matrix_delta=0.0000, personal_matrix_student_std=0.0000, personal_delta_pre_softmax_norm=0.0000, personal_delta_student_std=0.0000, alpha_head_std=0.1750
2026-04-12 07:18:08,490 - INFO - [assist_09|assist_09_abce_best_no_A|lr=0.0003|drop=0.20] [Diag][Graph] Epoch [043] | entropy_ratio=0.0000, diag_mass=1.0000, to_uniform_l2=0.089800, to_identity_l2=0.000000, tau_mean=0.0000, tau_std=0.0000, graph_reg_scale(train/val)=1.0000/1.0000
2026-04-12 07:18:08,490 - WARNING - [assist_09|assist_09_abce_best_no_A|lr=0.0003|drop=0.20] [Diag Warning][E] personal_delta_student_std is near zero: personal_delta_student_std=0.000000, personal_delta_pre_softmax_norm=0.000000
2026-04-12 07:18:08,490 - INFO - [assist_09|assist_09_abce_best_no_A|lr=0.0003|drop=0.20] [Grad Norms] Epoch [043] | relation_emb=0.000000e+00, relation_tau=0.000000e+00, relation_wq=0.000000e+00, relation_wk=0.000000e+00, personal_u=0.000000e+00, personal_v=0.000000e+00, personal_alpha_bias=2.679993e-02, personal_gate_emb=0.000000e+00, personal_gate_student_proj=0.000000e+00, personal_gate_context_proj=2.055631e-05, personal_gate_student_direct=0.000000e+00, personal_gate_context_direct=1.033512e-05, personal_gate_out=2.152406e-05, personal_generator_emb=0.000000e+00, personal_generator_context_proj=0.000000e+00, personal_generator_context_hidden=0.000000e+00, personal_generator_context_to_u=0.000000e+00, personal_generator_context_to_v=0.000000e+00
2026-04-12 07:18:08,818 - INFO - [assist_09|assist_09_abce_best_full|lr=0.0003|drop=0.20] Epoch [025/100] | Train: Loss=0.2017, BCE=0.4604, Reg=-0.2587, AUC=0.8381, ACC=0.7661, RMSE=0.3910 | Val: Loss=0.2819, BCE=0.5656, Reg=-0.2837, AUC=0.7570, ACC=0.7268, RMSE=0.4321
2026-04-12 07:18:08,818 - INFO - [assist_09|assist_09_abce_best_full|lr=0.0003|drop=0.20] [Reg Terms] Epoch [025] | Train: graph_entropy=0.000000, graph_diag=0.020000, graph_uniform=0.001195, graph_reg_scale=1.0000, prediction_l2=0.000001, personal_sparse=0.001497, alpha_var=-0.281347, alpha_collapse=0.000000, reg_bce_ratio=-0.5618 | Val: graph_entropy=0.000000, graph_diag=0.020000, graph_uniform=0.001180, graph_reg_scale=1.0000, prediction_l2=0.000001, personal_sparse=0.001448, alpha_var=-0.306298, alpha_collapse=0.000000, reg_bce_ratio=-0.5015
2026-04-12 07:18:08,875 - INFO - [assist_09|assist_09_abce_best_no_A|lr=0.0003|drop=0.20] -> New best AUC=0.7676 at epoch 43
2026-04-12 07:18:09,083 - INFO - [assist_09|assist_09_abce_best_full|lr=0.0003|drop=0.20] [Diag][AE] Epoch [025] | irt_abs_mean=2.1016, irt_std=1.3791, personal_warmup_scale=1.00, graph_row_entropy=0.7239, graph_entropy_ratio=0.1504, alpha_mean=0.1750, alpha_std=0.1749, alpha_bias_std=3.1371, personal_row_entropy=0.7239, personal_matrix_delta=0.0000, personal_matrix_student_std=0.0000, personal_delta_pre_softmax_norm=0.0000, personal_delta_student_std=0.0000, alpha_head_std=0.1749
2026-04-12 07:18:09,084 - INFO - [assist_09|assist_09_abce_best_full|lr=0.0003|drop=0.20] [Diag][Graph] Epoch [025] | entropy_ratio=0.1504, diag_mass=0.2000, to_uniform_l2=0.070508, to_identity_l2=0.099577, tau_mean=0.5062, tau_std=0.0255, graph_reg_scale(train/val)=1.0000/1.0000
2026-04-12 07:18:09,084 - WARNING - [assist_09|assist_09_abce_best_full|lr=0.0003|drop=0.20] [Diag Warning][E] personal_delta_student_std is near zero: personal_delta_student_std=0.000000, personal_delta_pre_softmax_norm=0.000000
2026-04-12 07:18:09,084 - INFO - [assist_09|assist_09_abce_best_full|lr=0.0003|drop=0.20] [Grad Norms] Epoch [025] | relation_emb=1.066565e-02, relation_tau=2.022884e-03, relation_wq=8.004148e-04, relation_wk=4.399073e-04, personal_u=0.000000e+00, personal_v=0.000000e+00, personal_alpha_bias=2.090121e-02, personal_gate_emb=0.000000e+00, personal_gate_student_proj=0.000000e+00, personal_gate_context_proj=1.230302e-05, personal_gate_student_direct=0.000000e+00, personal_gate_context_direct=5.065097e-06, personal_gate_out=1.318967e-05, personal_generator_emb=0.000000e+00, personal_generator_context_proj=0.000000e+00, personal_generator_context_hidden=0.000000e+00, personal_generator_context_to_u=0.000000e+00, personal_generator_context_to_v=0.000000e+00
2026-04-12 07:18:09,425 - INFO - [assist_09|assist_09_abce_best_full|lr=0.0003|drop=0.20] -> New best AUC=0.7570 at epoch 25
2026-04-12 07:18:35,813 - INFO - [assist_09|assist_09_abce_best_no_A|lr=0.0003|drop=0.20] Epoch [044/100] | Train: Loss=-0.3368, BCE=0.4909, Reg=-0.8276, AUC=0.8129, ACC=0.7482, RMSE=0.4047 | Val: Loss=-0.3209, BCE=0.5354, Reg=-0.8563, AUC=0.7674, ACC=0.7279, RMSE=0.4240
2026-04-12 07:18:35,814 - INFO - [assist_09|assist_09_abce_best_no_A|lr=0.0003|drop=0.20] [Reg Terms] Epoch [044] | Train: graph_entropy=0.000000, graph_diag=0.000000, graph_uniform=0.000000, graph_reg_scale=1.0000, prediction_l2=0.000002, personal_sparse=0.000000, alpha_var=-0.827633, alpha_collapse=0.000000, reg_bce_ratio=-1.6860 | Val: graph_entropy=0.000000, graph_diag=0.000000, graph_uniform=0.000000, graph_reg_scale=1.0000, prediction_l2=0.000002, personal_sparse=0.000000, alpha_var=-0.856271, alpha_collapse=0.000000, reg_bce_ratio=-1.5994
2026-04-12 07:18:35,998 - INFO - [assist_09|assist_09_abce_best_no_A|lr=0.0003|drop=0.20] [Diag][AE] Epoch [044] | irt_abs_mean=1.4743, irt_std=0.9490, personal_warmup_scale=1.00, graph_row_entropy=0.0000, graph_entropy_ratio=0.0000, alpha_mean=0.1750, alpha_std=0.1750, alpha_bias_std=5.3092, personal_row_entropy=0.0000, personal_matrix_delta=0.0000, personal_matrix_student_std=0.0000, personal_delta_pre_softmax_norm=0.0000, personal_delta_student_std=0.0000, alpha_head_std=0.1750
2026-04-12 07:18:35,998 - INFO - [assist_09|assist_09_abce_best_no_A|lr=0.0003|drop=0.20] [Diag][Graph] Epoch [044] | entropy_ratio=0.0000, diag_mass=1.0000, to_uniform_l2=0.089800, to_identity_l2=0.000000, tau_mean=0.0000, tau_std=0.0000, graph_reg_scale(train/val)=1.0000/1.0000
2026-04-12 07:18:35,998 - WARNING - [assist_09|assist_09_abce_best_no_A|lr=0.0003|drop=0.20] [Diag Warning][E] personal_delta_student_std is near zero: personal_delta_student_std=0.000000, personal_delta_pre_softmax_norm=0.000000
2026-04-12 07:18:35,998 - INFO - [assist_09|assist_09_abce_best_no_A|lr=0.0003|drop=0.20] [Grad Norms] Epoch [044] | relation_emb=0.000000e+00, relation_tau=0.000000e+00, relation_wq=0.000000e+00, relation_wk=0.000000e+00, personal_u=0.000000e+00, personal_v=0.000000e+00, personal_alpha_bias=2.735252e-02, personal_gate_emb=0.000000e+00, personal_gate_student_proj=0.000000e+00, personal_gate_context_proj=1.255722e-05, personal_gate_student_direct=0.000000e+00, personal_gate_context_direct=6.230062e-06, personal_gate_out=1.290932e-05, personal_generator_emb=0.000000e+00, personal_generator_context_proj=0.000000e+00, personal_generator_context_hidden=0.000000e+00, personal_generator_context_to_u=0.000000e+00, personal_generator_context_to_v=0.000000e+00
2026-04-12 07:18:35,998 - INFO - [assist_09|assist_09_abce_best_no_A|lr=0.0003|drop=0.20] -> No improvement 1 epoch(s) (best AUC=0.7676 @ 43)
2026-04-12 07:18:55,840 - INFO - [assist_09|assist_09_abce_best_full|lr=0.0003|drop=0.20] Epoch [026/100] | Train: Loss=0.1789, BCE=0.4592, Reg=-0.2804, AUC=0.8392, ACC=0.7674, RMSE=0.3903 | Val: Loss=0.2529, BCE=0.5598, Reg=-0.3069, AUC=0.7566, ACC=0.7262, RMSE=0.4308
2026-04-12 07:18:55,841 - INFO - [assist_09|assist_09_abce_best_full|lr=0.0003|drop=0.20] [Reg Terms] Epoch [026] | Train: graph_entropy=0.000001, graph_diag=0.020000, graph_uniform=0.001194, graph_reg_scale=1.0000, prediction_l2=0.000001, personal_sparse=0.001494, alpha_var=-0.303052, alpha_collapse=0.000000, reg_bce_ratio=-0.6105 | Val: graph_entropy=0.000000, graph_diag=0.020000, graph_uniform=0.001182, graph_reg_scale=1.0000, prediction_l2=0.000001, personal_sparse=0.001453, alpha_var=-0.329505, alpha_collapse=0.000000, reg_bce_ratio=-0.5482
2026-04-12 07:18:56,115 - INFO - [assist_09|assist_09_abce_best_full|lr=0.0003|drop=0.20] [Diag][AE] Epoch [026] | irt_abs_mean=2.0168, irt_std=1.3885, personal_warmup_scale=1.00, graph_row_entropy=0.7263, graph_entropy_ratio=0.1509, alpha_mean=0.1750, alpha_std=0.1749, alpha_bias_std=3.2551, personal_row_entropy=0.7263, personal_matrix_delta=0.0000, personal_matrix_student_std=0.0000, personal_delta_pre_softmax_norm=0.0000, personal_delta_student_std=0.0000, alpha_head_std=0.1749
2026-04-12 07:18:56,116 - INFO - [assist_09|assist_09_abce_best_full|lr=0.0003|drop=0.20] [Diag][Graph] Epoch [026] | entropy_ratio=0.1509, diag_mass=0.2000, to_uniform_l2=0.070446, to_identity_l2=0.099533, tau_mean=0.5013, tau_std=0.0252, graph_reg_scale(train/val)=1.0000/1.0000
2026-04-12 07:18:56,116 - WARNING - [assist_09|assist_09_abce_best_full|lr=0.0003|drop=0.20] [Diag Warning][E] personal_delta_student_std is near zero: personal_delta_student_std=0.000000, personal_delta_pre_softmax_norm=0.000000
2026-04-12 07:18:56,116 - INFO - [assist_09|assist_09_abce_best_full|lr=0.0003|drop=0.20] [Grad Norms] Epoch [026] | relation_emb=5.638133e-03, relation_tau=1.166076e-03, relation_wq=3.972434e-04, relation_wk=2.460541e-04, personal_u=0.000000e+00, personal_v=0.000000e+00, personal_alpha_bias=1.717588e-02, personal_gate_emb=0.000000e+00, personal_gate_student_proj=0.000000e+00, personal_gate_context_proj=1.675962e-05, personal_gate_student_direct=0.000000e+00, personal_gate_context_direct=7.116522e-06, personal_gate_out=1.846627e-05, personal_generator_emb=0.000000e+00, personal_generator_context_proj=0.000000e+00, personal_generator_context_hidden=0.000000e+00, personal_generator_context_to_u=0.000000e+00, personal_generator_context_to_v=0.000000e+00
2026-04-12 07:18:56,116 - INFO - [assist_09|assist_09_abce_best_full|lr=0.0003|drop=0.20] -> No improvement 1 epoch(s) (best AUC=0.7570 @ 25)
2026-04-12 07:19:01,537 - INFO - [assist_09|assist_09_abce_best_no_A|lr=0.0003|drop=0.20] Epoch [045/100] | Train: Loss=-0.3737, BCE=0.4906, Reg=-0.8643, AUC=0.8131, ACC=0.7481, RMSE=0.4046 | Val: Loss=-0.3580, BCE=0.5358, Reg=-0.8937, AUC=0.7675, ACC=0.7281, RMSE=0.4242
2026-04-12 07:19:01,537 - INFO - [assist_09|assist_09_abce_best_no_A|lr=0.0003|drop=0.20] [Reg Terms] Epoch [045] | Train: graph_entropy=0.000000, graph_diag=0.000000, graph_uniform=0.000000, graph_reg_scale=1.0000, prediction_l2=0.000002, personal_sparse=0.000000, alpha_var=-0.864270, alpha_collapse=0.000000, reg_bce_ratio=-1.7616 | Val: graph_entropy=0.000000, graph_diag=0.000000, graph_uniform=0.000000, graph_reg_scale=1.0000, prediction_l2=0.000002, personal_sparse=0.000000, alpha_var=-0.893719, alpha_collapse=0.000000, reg_bce_ratio=-1.6681
2026-04-12 07:19:01,819 - INFO - [assist_09|assist_09_abce_best_no_A|lr=0.0003|drop=0.20] [Diag][AE] Epoch [045] | irt_abs_mean=1.5416, irt_std=0.9938, personal_warmup_scale=1.00, graph_row_entropy=0.0000, graph_entropy_ratio=0.0000, alpha_mean=0.1750, alpha_std=0.1750, alpha_bias_std=5.4240, personal_row_entropy=0.0000, personal_matrix_delta=0.0000, personal_matrix_student_std=0.0000, personal_delta_pre_softmax_norm=0.0000, personal_delta_student_std=0.0000, alpha_head_std=0.1750
2026-04-12 07:19:01,820 - INFO - [assist_09|assist_09_abce_best_no_A|lr=0.0003|drop=0.20] [Diag][Graph] Epoch [045] | entropy_ratio=0.0000, diag_mass=1.0000, to_uniform_l2=0.089800, to_identity_l2=0.000000, tau_mean=0.0000, tau_std=0.0000, graph_reg_scale(train/val)=1.0000/1.0000
2026-04-12 07:19:01,820 - WARNING - [assist_09|assist_09_abce_best_no_A|lr=0.0003|drop=0.20] [Diag Warning][E] personal_delta_student_std is near zero: personal_delta_student_std=0.000000, personal_delta_pre_softmax_norm=0.000000
2026-04-12 07:19:01,820 - INFO - [assist_09|assist_09_abce_best_no_A|lr=0.0003|drop=0.20] [Grad Norms] Epoch [045] | relation_emb=0.000000e+00, relation_tau=0.000000e+00, relation_wq=0.000000e+00, relation_wk=0.000000e+00, personal_u=0.000000e+00, personal_v=0.000000e+00, personal_alpha_bias=2.975477e-02, personal_gate_emb=0.000000e+00, personal_gate_student_proj=0.000000e+00, personal_gate_context_proj=1.105702e-05, personal_gate_student_direct=0.000000e+00, personal_gate_context_direct=5.595166e-06, personal_gate_out=1.169495e-05, personal_generator_emb=0.000000e+00, personal_generator_context_proj=0.000000e+00, personal_generator_context_hidden=0.000000e+00, personal_generator_context_to_u=0.000000e+00, personal_generator_context_to_v=0.000000e+00
2026-04-12 07:19:01,820 - INFO - [assist_09|assist_09_abce_best_no_A|lr=0.0003|drop=0.20] -> No improvement 2 epoch(s) (best AUC=0.7676 @ 43)
2026-04-12 07:19:27,328 - INFO - [assist_09|assist_09_abce_best_no_A|lr=0.0003|drop=0.20] Epoch [046/100] | Train: Loss=-0.4114, BCE=0.4902, Reg=-0.9016, AUC=0.8133, ACC=0.7485, RMSE=0.4045 | Val: Loss=-0.3969, BCE=0.5351, Reg=-0.9320, AUC=0.7680, ACC=0.7271, RMSE=0.4239
2026-04-12 07:19:27,328 - INFO - [assist_09|assist_09_abce_best_no_A|lr=0.0003|drop=0.20] [Reg Terms] Epoch [046] | Train: graph_entropy=0.000000, graph_diag=0.000000, graph_uniform=0.000000, graph_reg_scale=1.0000, prediction_l2=0.000002, personal_sparse=0.000000, alpha_var=-0.901642, alpha_collapse=0.000000, reg_bce_ratio=-1.8393 | Val: graph_entropy=0.000000, graph_diag=0.000000, graph_uniform=0.000000, graph_reg_scale=1.0000, prediction_l2=0.000002, personal_sparse=0.000000, alpha_var=-0.931980, alpha_collapse=0.000000, reg_bce_ratio=-1.7417
2026-04-12 07:19:27,601 - INFO - [assist_09|assist_09_abce_best_no_A|lr=0.0003|drop=0.20] [Diag][AE] Epoch [046] | irt_abs_mean=1.5044, irt_std=0.9711, personal_warmup_scale=1.00, graph_row_entropy=0.0000, graph_entropy_ratio=0.0000, alpha_mean=0.1750, alpha_std=0.1750, alpha_bias_std=5.5370, personal_row_entropy=0.0000, personal_matrix_delta=0.0000, personal_matrix_student_std=0.0000, personal_delta_pre_softmax_norm=0.0000, personal_delta_student_std=0.0000, alpha_head_std=0.1750
2026-04-12 07:19:27,602 - INFO - [assist_09|assist_09_abce_best_no_A|lr=0.0003|drop=0.20] [Diag][Graph] Epoch [046] | entropy_ratio=0.0000, diag_mass=1.0000, to_uniform_l2=0.089800, to_identity_l2=0.000000, tau_mean=0.0000, tau_std=0.0000, graph_reg_scale(train/val)=1.0000/1.0000
2026-04-12 07:19:27,602 - WARNING - [assist_09|assist_09_abce_best_no_A|lr=0.0003|drop=0.20] [Diag Warning][E] personal_delta_student_std is near zero: personal_delta_student_std=0.000000, personal_delta_pre_softmax_norm=0.000000
2026-04-12 07:19:27,602 - INFO - [assist_09|assist_09_abce_best_no_A|lr=0.0003|drop=0.20] [Grad Norms] Epoch [046] | relation_emb=0.000000e+00, relation_tau=0.000000e+00, relation_wq=0.000000e+00, relation_wk=0.000000e+00, personal_u=0.000000e+00, personal_v=0.000000e+00, personal_alpha_bias=3.059703e-02, personal_gate_emb=0.000000e+00, personal_gate_student_proj=0.000000e+00, personal_gate_context_proj=7.882629e-06, personal_gate_student_direct=0.000000e+00, personal_gate_context_direct=3.773275e-06, personal_gate_out=7.922228e-06, personal_generator_emb=0.000000e+00, personal_generator_context_proj=0.000000e+00, personal_generator_context_hidden=0.000000e+00, personal_generator_context_to_u=0.000000e+00, personal_generator_context_to_v=0.000000e+00
2026-04-12 07:19:27,897 - INFO - [assist_09|assist_09_abce_best_no_A|lr=0.0003|drop=0.20] -> New best AUC=0.7680 at epoch 46
2026-04-12 07:19:42,342 - INFO - [assist_09|assist_09_abce_best_full|lr=0.0003|drop=0.20] Epoch [027/100] | Train: Loss=0.1546, BCE=0.4575, Reg=-0.3029, AUC=0.8406, ACC=0.7686, RMSE=0.3895 | Val: Loss=0.2336, BCE=0.5645, Reg=-0.3309, AUC=0.7579, ACC=0.7275, RMSE=0.4317
2026-04-12 07:19:42,342 - INFO - [assist_09|assist_09_abce_best_full|lr=0.0003|drop=0.20] [Reg Terms] Epoch [027] | Train: graph_entropy=0.000001, graph_diag=0.020000, graph_uniform=0.001195, graph_reg_scale=1.0000, prediction_l2=0.000001, personal_sparse=0.001497, alpha_var=-0.325591, alpha_collapse=0.000000, reg_bce_ratio=-0.6621 | Val: graph_entropy=0.000000, graph_diag=0.020000, graph_uniform=0.001185, graph_reg_scale=1.0000, prediction_l2=0.000001, personal_sparse=0.001466, alpha_var=-0.353567, alpha_collapse=0.000000, reg_bce_ratio=-0.5862
2026-04-12 07:19:42,642 - INFO - [assist_09|assist_09_abce_best_full|lr=0.0003|drop=0.20] [Diag][AE] Epoch [027] | irt_abs_mean=2.0245, irt_std=1.4112, personal_warmup_scale=1.00, graph_row_entropy=0.7332, graph_entropy_ratio=0.1524, alpha_mean=0.1750, alpha_std=0.1749, alpha_bias_std=3.3715, personal_row_entropy=0.7332, personal_matrix_delta=0.0000, personal_matrix_student_std=0.0000, personal_delta_pre_softmax_norm=0.0000, personal_delta_student_std=0.0000, alpha_head_std=0.1749
2026-04-12 07:19:42,643 - INFO - [assist_09|assist_09_abce_best_full|lr=0.0003|drop=0.20] [Diag][Graph] Epoch [027] | entropy_ratio=0.1524, diag_mass=0.2000, to_uniform_l2=0.070379, to_identity_l2=0.099486, tau_mean=0.4968, tau_std=0.0250, graph_reg_scale(train/val)=1.0000/1.0000
2026-04-12 07:19:42,643 - WARNING - [assist_09|assist_09_abce_best_full|lr=0.0003|drop=0.20] [Diag Warning][E] personal_delta_student_std is near zero: personal_delta_student_std=0.000000, personal_delta_pre_softmax_norm=0.000000
2026-04-12 07:19:42,643 - INFO - [assist_09|assist_09_abce_best_full|lr=0.0003|drop=0.20] [Grad Norms] Epoch [027] | relation_emb=1.394658e-02, relation_tau=2.095877e-03, relation_wq=7.831814e-04, relation_wk=4.579736e-04, personal_u=0.000000e+00, personal_v=0.000000e+00, personal_alpha_bias=1.807487e-02, personal_gate_emb=0.000000e+00, personal_gate_student_proj=0.000000e+00, personal_gate_context_proj=1.171373e-05, personal_gate_student_direct=0.000000e+00, personal_gate_context_direct=4.843193e-06, personal_gate_out=1.255041e-05, personal_generator_emb=0.000000e+00, personal_generator_context_proj=0.000000e+00, personal_generator_context_hidden=0.000000e+00, personal_generator_context_to_u=0.000000e+00, personal_generator_context_to_v=0.000000e+00
2026-04-12 07:19:42,975 - INFO - [assist_09|assist_09_abce_best_full|lr=0.0003|drop=0.20] -> New best AUC=0.7579 at epoch 27
2026-04-12 07:19:55,820 - INFO - [assist_09|assist_09_abce_best_no_A|lr=0.0003|drop=0.20] Epoch [047/100] | Train: Loss=-0.4499, BCE=0.4899, Reg=-0.9398, AUC=0.8137, ACC=0.7492, RMSE=0.4043 | Val: Loss=-0.4364, BCE=0.5347, Reg=-0.9711, AUC=0.7680, ACC=0.7279, RMSE=0.4237
2026-04-12 07:19:55,821 - INFO - [assist_09|assist_09_abce_best_no_A|lr=0.0003|drop=0.20] [Reg Terms] Epoch [047] | Train: graph_entropy=0.000000, graph_diag=0.000000, graph_uniform=0.000000, graph_reg_scale=1.0000, prediction_l2=0.000002, personal_sparse=0.000000, alpha_var=-0.939835, alpha_collapse=0.000000, reg_bce_ratio=-1.9183 | Val: graph_entropy=0.000000, graph_diag=0.000000, graph_uniform=0.000000, graph_reg_scale=1.0000, prediction_l2=0.000002, personal_sparse=0.000000, alpha_var=-0.971063, alpha_collapse=0.000000, reg_bce_ratio=-1.8161
2026-04-12 07:19:56,093 - INFO - [assist_09|assist_09_abce_best_no_A|lr=0.0003|drop=0.20] [Diag][AE] Epoch [047] | irt_abs_mean=1.4701, irt_std=0.9592, personal_warmup_scale=1.00, graph_row_entropy=0.0000, graph_entropy_ratio=0.0000, alpha_mean=0.1750, alpha_std=0.1750, alpha_bias_std=5.6522, personal_row_entropy=0.0000, personal_matrix_delta=0.0000, personal_matrix_student_std=0.0000, personal_delta_pre_softmax_norm=0.0000, personal_delta_student_std=0.0000, alpha_head_std=0.1750
2026-04-12 07:19:56,094 - INFO - [assist_09|assist_09_abce_best_no_A|lr=0.0003|drop=0.20] [Diag][Graph] Epoch [047] | entropy_ratio=0.0000, diag_mass=1.0000, to_uniform_l2=0.089800, to_identity_l2=0.000000, tau_mean=0.0000, tau_std=0.0000, graph_reg_scale(train/val)=1.0000/1.0000
2026-04-12 07:19:56,094 - WARNING - [assist_09|assist_09_abce_best_no_A|lr=0.0003|drop=0.20] [Diag Warning][E] personal_delta_student_std is near zero: personal_delta_student_std=0.000000, personal_delta_pre_softmax_norm=0.000000
2026-04-12 07:19:56,094 - INFO - [assist_09|assist_09_abce_best_no_A|lr=0.0003|drop=0.20] [Grad Norms] Epoch [047] | relation_emb=0.000000e+00, relation_tau=0.000000e+00, relation_wq=0.000000e+00, relation_wk=0.000000e+00, personal_u=0.000000e+00, personal_v=0.000000e+00, personal_alpha_bias=3.068209e-02, personal_gate_emb=0.000000e+00, personal_gate_student_proj=0.000000e+00, personal_gate_context_proj=3.081072e-06, personal_gate_student_direct=0.000000e+00, personal_gate_context_direct=1.525978e-06, personal_gate_out=3.183725e-06, personal_generator_emb=0.000000e+00, personal_generator_context_proj=0.000000e+00, personal_generator_context_hidden=0.000000e+00, personal_generator_context_to_u=0.000000e+00, personal_generator_context_to_v=0.000000e+00
2026-04-12 07:19:56,094 - INFO - [assist_09|assist_09_abce_best_no_A|lr=0.0003|drop=0.20] -> No improvement 1 epoch(s) (best AUC=0.7680 @ 46)
2026-04-12 07:20:23,609 - INFO - [assist_09|assist_09_abce_best_no_A|lr=0.0003|drop=0.20] Epoch [048/100] | Train: Loss=-0.4893, BCE=0.4896, Reg=-0.9788, AUC=0.8140, ACC=0.7489, RMSE=0.4041 | Val: Loss=-0.4759, BCE=0.5351, Reg=-1.0110, AUC=0.7681, ACC=0.7281, RMSE=0.4239
2026-04-12 07:20:23,609 - INFO - [assist_09|assist_09_abce_best_no_A|lr=0.0003|drop=0.20] [Reg Terms] Epoch [048] | Train: graph_entropy=0.000000, graph_diag=0.000000, graph_uniform=0.000000, graph_reg_scale=1.0000, prediction_l2=0.000002, personal_sparse=0.000000, alpha_var=-0.978846, alpha_collapse=0.000000, reg_bce_ratio=-1.9993 | Val: graph_entropy=0.000000, graph_diag=0.000000, graph_uniform=0.000000, graph_reg_scale=1.0000, prediction_l2=0.000002, personal_sparse=0.000000, alpha_var=-1.010968, alpha_collapse=0.000000, reg_bce_ratio=-1.8892
2026-04-12 07:20:23,875 - INFO - [assist_09|assist_09_abce_best_no_A|lr=0.0003|drop=0.20] [Diag][AE] Epoch [048] | irt_abs_mean=1.5047, irt_std=0.9677, personal_warmup_scale=1.00, graph_row_entropy=0.0000, graph_entropy_ratio=0.0000, alpha_mean=0.1750, alpha_std=0.1750, alpha_bias_std=5.7664, personal_row_entropy=0.0000, personal_matrix_delta=0.0000, personal_matrix_student_std=0.0000, personal_delta_pre_softmax_norm=0.0000, personal_delta_student_std=0.0000, alpha_head_std=0.1750
2026-04-12 07:20:23,875 - INFO - [assist_09|assist_09_abce_best_no_A|lr=0.0003|drop=0.20] [Diag][Graph] Epoch [048] | entropy_ratio=0.0000, diag_mass=1.0000, to_uniform_l2=0.089800, to_identity_l2=0.000000, tau_mean=0.0000, tau_std=0.0000, graph_reg_scale(train/val)=1.0000/1.0000
2026-04-12 07:20:23,875 - WARNING - [assist_09|assist_09_abce_best_no_A|lr=0.0003|drop=0.20] [Diag Warning][E] personal_delta_student_std is near zero: personal_delta_student_std=0.000000, personal_delta_pre_softmax_norm=0.000000
2026-04-12 07:20:23,875 - INFO - [assist_09|assist_09_abce_best_no_A|lr=0.0003|drop=0.20] [Grad Norms] Epoch [048] | relation_emb=0.000000e+00, relation_tau=0.000000e+00, relation_wq=0.000000e+00, relation_wk=0.000000e+00, personal_u=0.000000e+00, personal_v=0.000000e+00, personal_alpha_bias=3.097043e-02, personal_gate_emb=0.000000e+00, personal_gate_student_proj=0.000000e+00, personal_gate_context_proj=4.493532e-06, personal_gate_student_direct=0.000000e+00, personal_gate_context_direct=2.282369e-06, personal_gate_out=4.709979e-06, personal_generator_emb=0.000000e+00, personal_generator_context_proj=0.000000e+00, personal_generator_context_hidden=0.000000e+00, personal_generator_context_to_u=0.000000e+00, personal_generator_context_to_v=0.000000e+00
2026-04-12 07:20:24,206 - INFO - [assist_09|assist_09_abce_best_no_A|lr=0.0003|drop=0.20] -> New best AUC=0.7681 at epoch 48
2026-04-12 07:20:29,330 - INFO - [assist_09|assist_09_abce_best_full|lr=0.0003|drop=0.20] Epoch [028/100] | Train: Loss=0.1301, BCE=0.4563, Reg=-0.3262, AUC=0.8414, ACC=0.7694, RMSE=0.3890 | Val: Loss=0.2076, BCE=0.5634, Reg=-0.3557, AUC=0.7575, ACC=0.7278, RMSE=0.4312
2026-04-12 07:20:29,330 - INFO - [assist_09|assist_09_abce_best_full|lr=0.0003|drop=0.20] [Reg Terms] Epoch [028] | Train: graph_entropy=0.000001, graph_diag=0.020000, graph_uniform=0.001194, graph_reg_scale=1.0000, prediction_l2=0.000001, personal_sparse=0.001493, alpha_var=-0.348885, alpha_collapse=0.000000, reg_bce_ratio=-0.7149 | Val: graph_entropy=0.000000, graph_diag=0.020000, graph_uniform=0.001190, graph_reg_scale=1.0000, prediction_l2=0.000001, personal_sparse=0.001483, alpha_var=-0.378410, alpha_collapse=0.000000, reg_bce_ratio=-0.6314
2026-04-12 07:20:29,608 - INFO - [assist_09|assist_09_abce_best_full|lr=0.0003|drop=0.20] [Diag][AE] Epoch [028] | irt_abs_mean=2.0828, irt_std=1.4387, personal_warmup_scale=1.00, graph_row_entropy=0.7412, graph_entropy_ratio=0.1540, alpha_mean=0.1750, alpha_std=0.1749, alpha_bias_std=3.4875, personal_row_entropy=0.7413, personal_matrix_delta=0.0000, personal_matrix_student_std=0.0000, personal_delta_pre_softmax_norm=0.0000, personal_delta_student_std=0.0000, alpha_head_std=0.1749
2026-04-12 07:20:29,609 - INFO - [assist_09|assist_09_abce_best_full|lr=0.0003|drop=0.20] [Diag][Graph] Epoch [028] | entropy_ratio=0.1540, diag_mass=0.2000, to_uniform_l2=0.070243, to_identity_l2=0.099389, tau_mean=0.4924, tau_std=0.0247, graph_reg_scale(train/val)=1.0000/1.0000
2026-04-12 07:20:29,609 - WARNING - [assist_09|assist_09_abce_best_full|lr=0.0003|drop=0.20] [Diag Warning][E] personal_delta_student_std is near zero: personal_delta_student_std=0.000000, personal_delta_pre_softmax_norm=0.000002
2026-04-12 07:20:29,609 - INFO - [assist_09|assist_09_abce_best_full|lr=0.0003|drop=0.20] [Grad Norms] Epoch [028] | relation_emb=1.628748e-02, relation_tau=5.077649e-03, relation_wq=1.430575e-03, relation_wk=8.107352e-04, personal_u=0.000000e+00, personal_v=0.000000e+00, personal_alpha_bias=1.876854e-02, personal_gate_emb=0.000000e+00, personal_gate_student_proj=0.000000e+00, personal_gate_context_proj=1.810414e-05, personal_gate_student_direct=0.000000e+00, personal_gate_context_direct=7.549016e-06, personal_gate_out=1.964588e-05, personal_generator_emb=0.000000e+00, personal_generator_context_proj=0.000000e+00, personal_generator_context_hidden=0.000000e+00, personal_generator_context_to_u=0.000000e+00, personal_generator_context_to_v=0.000000e+00
2026-04-12 07:20:29,609 - INFO - [assist_09|assist_09_abce_best_full|lr=0.0003|drop=0.20] -> No improvement 1 epoch(s) (best AUC=0.7579 @ 27)
2026-04-12 07:20:51,184 - INFO - [assist_09|assist_09_abce_best_no_A|lr=0.0003|drop=0.20] Epoch [049/100] | Train: Loss=-0.5293, BCE=0.4893, Reg=-1.0186, AUC=0.8142, ACC=0.7495, RMSE=0.4040 | Val: Loss=-0.5163, BCE=0.5354, Reg=-1.0517, AUC=0.7678, ACC=0.7275, RMSE=0.4240
2026-04-12 07:20:51,184 - INFO - [assist_09|assist_09_abce_best_no_A|lr=0.0003|drop=0.20] [Reg Terms] Epoch [049] | Train: graph_entropy=0.000000, graph_diag=0.000000, graph_uniform=0.000000, graph_reg_scale=1.0000, prediction_l2=0.000002, personal_sparse=0.000000, alpha_var=-1.018581, alpha_collapse=0.000000, reg_bce_ratio=-2.0818 | Val: graph_entropy=0.000000, graph_diag=0.000000, graph_uniform=0.000000, graph_reg_scale=1.0000, prediction_l2=0.000002, personal_sparse=0.000000, alpha_var=-1.051689, alpha_collapse=0.000000, reg_bce_ratio=-1.9643
2026-04-12 07:20:51,446 - INFO - [assist_09|assist_09_abce_best_no_A|lr=0.0003|drop=0.20] [Diag][AE] Epoch [049] | irt_abs_mean=1.5341, irt_std=0.9936, personal_warmup_scale=1.00, graph_row_entropy=0.0000, graph_entropy_ratio=0.0000, alpha_mean=0.1750, alpha_std=0.1750, alpha_bias_std=5.8806, personal_row_entropy=0.0000, personal_matrix_delta=0.0000, personal_matrix_student_std=0.0000, personal_delta_pre_softmax_norm=0.0000, personal_delta_student_std=0.0000, alpha_head_std=0.1750
2026-04-12 07:20:51,446 - INFO - [assist_09|assist_09_abce_best_no_A|lr=0.0003|drop=0.20] [Diag][Graph] Epoch [049] | entropy_ratio=0.0000, diag_mass=1.0000, to_uniform_l2=0.089800, to_identity_l2=0.000000, tau_mean=0.0000, tau_std=0.0000, graph_reg_scale(train/val)=1.0000/1.0000
2026-04-12 07:20:51,446 - WARNING - [assist_09|assist_09_abce_best_no_A|lr=0.0003|drop=0.20] [Diag Warning][E] personal_delta_student_std is near zero: personal_delta_student_std=0.000000, personal_delta_pre_softmax_norm=0.000000
2026-04-12 07:20:51,446 - INFO - [assist_09|assist_09_abce_best_no_A|lr=0.0003|drop=0.20] [Grad Norms] Epoch [049] | relation_emb=0.000000e+00, relation_tau=0.000000e+00, relation_wq=0.000000e+00, relation_wk=0.000000e+00, personal_u=0.000000e+00, personal_v=0.000000e+00, personal_alpha_bias=2.822105e-02, personal_gate_emb=0.000000e+00, personal_gate_student_proj=0.000000e+00, personal_gate_context_proj=2.364532e-05, personal_gate_student_direct=0.000000e+00, personal_gate_context_direct=1.160884e-05, personal_gate_out=2.423178e-05, personal_generator_emb=0.000000e+00, personal_generator_context_proj=0.000000e+00, personal_generator_context_hidden=0.000000e+00, personal_generator_context_to_u=0.000000e+00, personal_generator_context_to_v=0.000000e+00
2026-04-12 07:20:51,447 - INFO - [assist_09|assist_09_abce_best_no_A|lr=0.0003|drop=0.20] -> No improvement 1 epoch(s) (best AUC=0.7681 @ 48)
2026-04-12 07:21:16,626 - INFO - [assist_09|assist_09_abce_best_full|lr=0.0003|drop=0.20] Epoch [029/100] | Train: Loss=0.1049, BCE=0.4552, Reg=-0.3503, AUC=0.8425, ACC=0.7693, RMSE=0.3886 | Val: Loss=0.1787, BCE=0.5601, Reg=-0.3814, AUC=0.7571, ACC=0.7281, RMSE=0.4303
2026-04-12 07:21:16,626 - INFO - [assist_09|assist_09_abce_best_full|lr=0.0003|drop=0.20] [Reg Terms] Epoch [029] | Train: graph_entropy=0.000000, graph_diag=0.020000, graph_uniform=0.001195, graph_reg_scale=1.0000, prediction_l2=0.000001, personal_sparse=0.001495, alpha_var=-0.372971, alpha_collapse=0.000000, reg_bce_ratio=-0.7695 | Val: graph_entropy=0.000000, graph_diag=0.020000, graph_uniform=0.001191, graph_reg_scale=1.0000, prediction_l2=0.000001, personal_sparse=0.001478, alpha_var=-0.404085, alpha_collapse=0.000000, reg_bce_ratio=-0.6809
2026-04-12 07:21:16,900 - INFO - [assist_09|assist_09_abce_best_full|lr=0.0003|drop=0.20] [Diag][AE] Epoch [029] | irt_abs_mean=2.0440, irt_std=1.4222, personal_warmup_scale=1.00, graph_row_entropy=0.7389, graph_entropy_ratio=0.1536, alpha_mean=0.1750, alpha_std=0.1749, alpha_bias_std=3.6055, personal_row_entropy=0.7390, personal_matrix_delta=0.0000, personal_matrix_student_std=0.0000, personal_delta_pre_softmax_norm=0.0000, personal_delta_student_std=0.0000, alpha_head_std=0.1749
2026-04-12 07:21:16,901 - INFO - [assist_09|assist_09_abce_best_full|lr=0.0003|drop=0.20] [Diag][Graph] Epoch [029] | entropy_ratio=0.1536, diag_mass=0.2000, to_uniform_l2=0.070231, to_identity_l2=0.099381, tau_mean=0.4878, tau_std=0.0247, graph_reg_scale(train/val)=1.0000/1.0000
2026-04-12 07:21:16,901 - WARNING - [assist_09|assist_09_abce_best_full|lr=0.0003|drop=0.20] [Diag Warning][E] personal_delta_student_std is near zero: personal_delta_student_std=0.000000, personal_delta_pre_softmax_norm=0.000000
2026-04-12 07:21:16,901 - INFO - [assist_09|assist_09_abce_best_full|lr=0.0003|drop=0.20] [Grad Norms] Epoch [029] | relation_emb=6.651565e-03, relation_tau=7.966023e-04, relation_wq=3.894604e-04, relation_wk=1.529899e-04, personal_u=0.000000e+00, personal_v=0.000000e+00, personal_alpha_bias=1.864412e-02, personal_gate_emb=0.000000e+00, personal_gate_student_proj=0.000000e+00, personal_gate_context_proj=1.581011e-05, personal_gate_student_direct=0.000000e+00, personal_gate_context_direct=6.511726e-06, personal_gate_out=1.688444e-05, personal_generator_emb=0.000000e+00, personal_generator_context_proj=0.000000e+00, personal_generator_context_hidden=0.000000e+00, personal_generator_context_to_u=0.000000e+00, personal_generator_context_to_v=0.000000e+00
2026-04-12 07:21:16,901 - INFO - [assist_09|assist_09_abce_best_full|lr=0.0003|drop=0.20] -> No improvement 2 epoch(s) (best AUC=0.7579 @ 27)
2026-04-12 07:21:17,467 - INFO - [assist_09|assist_09_abce_best_no_A|lr=0.0003|drop=0.20] Epoch [050/100] | Train: Loss=-0.5703, BCE=0.4890, Reg=-1.0593, AUC=0.8144, ACC=0.7494, RMSE=0.4039 | Val: Loss=-0.5583, BCE=0.5348, Reg=-1.0931, AUC=0.7681, ACC=0.7275, RMSE=0.4237
2026-04-12 07:21:17,467 - INFO - [assist_09|assist_09_abce_best_no_A|lr=0.0003|drop=0.20] [Reg Terms] Epoch [050] | Train: graph_entropy=0.000000, graph_diag=0.000000, graph_uniform=0.000000, graph_reg_scale=1.0000, prediction_l2=0.000002, personal_sparse=0.000000, alpha_var=-1.059299, alpha_collapse=0.000000, reg_bce_ratio=-2.1662 | Val: graph_entropy=0.000000, graph_diag=0.000000, graph_uniform=0.000000, graph_reg_scale=1.0000, prediction_l2=0.000002, personal_sparse=0.000000, alpha_var=-1.093142, alpha_collapse=0.000000, reg_bce_ratio=-2.0439
2026-04-12 07:21:17,734 - INFO - [assist_09|assist_09_abce_best_no_A|lr=0.0003|drop=0.20] [Diag][AE] Epoch [050] | irt_abs_mean=1.5090, irt_std=0.9811, personal_warmup_scale=1.00, graph_row_entropy=0.0000, graph_entropy_ratio=0.0000, alpha_mean=0.1750, alpha_std=0.1750, alpha_bias_std=5.9949, personal_row_entropy=0.0000, personal_matrix_delta=0.0000, personal_matrix_student_std=0.0000, personal_delta_pre_softmax_norm=0.0000, personal_delta_student_std=0.0000, alpha_head_std=0.1750
2026-04-12 07:21:17,734 - INFO - [assist_09|assist_09_abce_best_no_A|lr=0.0003|drop=0.20] [Diag][Graph] Epoch [050] | entropy_ratio=0.0000, diag_mass=1.0000, to_uniform_l2=0.089800, to_identity_l2=0.000000, tau_mean=0.0000, tau_std=0.0000, graph_reg_scale(train/val)=1.0000/1.0000
2026-04-12 07:21:17,734 - WARNING - [assist_09|assist_09_abce_best_no_A|lr=0.0003|drop=0.20] [Diag Warning][E] personal_delta_student_std is near zero: personal_delta_student_std=0.000000, personal_delta_pre_softmax_norm=0.000000
2026-04-12 07:21:17,734 - INFO - [assist_09|assist_09_abce_best_no_A|lr=0.0003|drop=0.20] [Grad Norms] Epoch [050] | relation_emb=0.000000e+00, relation_tau=0.000000e+00, relation_wq=0.000000e+00, relation_wk=0.000000e+00, personal_u=0.000000e+00, personal_v=0.000000e+00, personal_alpha_bias=3.403996e-02, personal_gate_emb=0.000000e+00, personal_gate_student_proj=0.000000e+00, personal_gate_context_proj=1.382451e-05, personal_gate_student_direct=0.000000e+00, personal_gate_context_direct=8.251202e-06, personal_gate_out=1.686078e-05, personal_generator_emb=0.000000e+00, personal_generator_context_proj=0.000000e+00, personal_generator_context_hidden=0.000000e+00, personal_generator_context_to_u=0.000000e+00, personal_generator_context_to_v=0.000000e+00
2026-04-12 07:21:18,051 - INFO - [assist_09|assist_09_abce_best_no_A|lr=0.0003|drop=0.20] -> New best AUC=0.7681 at epoch 50
2026-04-12 07:21:18,086 - INFO - [assist_09|assist_09_abce_best_no_A|lr=0.0003|drop=0.20] Checkpoint saved: checkpoints/abce_diag/ae_fix_20260412_fdafa52/assist_09/seed42/best_no_A/checkpoint_epoch_50.pth
2026-04-12 07:21:18,318 - INFO - [assist_09|assist_09_abce_best_no_A|lr=0.0003|drop=0.20] [Module Activity] Epoch 50: Personal[X]
2026-04-12 07:21:45,742 - INFO - [assist_09|assist_09_abce_best_no_A|lr=0.0003|drop=0.20] Epoch [051/100] | Train: Loss=-0.6117, BCE=0.4889, Reg=-1.1006, AUC=0.8147, ACC=0.7497, RMSE=0.4037 | Val: Loss=-0.6005, BCE=0.5348, Reg=-1.1354, AUC=0.7680, ACC=0.7276, RMSE=0.4238
2026-04-12 07:21:45,742 - INFO - [assist_09|assist_09_abce_best_no_A|lr=0.0003|drop=0.20] [Reg Terms] Epoch [051] | Train: graph_entropy=0.000000, graph_diag=0.000000, graph_uniform=0.000000, graph_reg_scale=1.0000, prediction_l2=0.000002, personal_sparse=0.000000, alpha_var=-1.100584, alpha_collapse=0.000000, reg_bce_ratio=-2.2514 | Val: graph_entropy=0.000000, graph_diag=0.000000, graph_uniform=0.000000, graph_reg_scale=1.0000, prediction_l2=0.000002, personal_sparse=0.000000, alpha_var=-1.135374, alpha_collapse=0.000000, reg_bce_ratio=-2.1228
2026-04-12 07:21:46,027 - INFO - [assist_09|assist_09_abce_best_no_A|lr=0.0003|drop=0.20] [Diag][AE] Epoch [051] | irt_abs_mean=1.5058, irt_std=0.9744, personal_warmup_scale=1.00, graph_row_entropy=0.0000, graph_entropy_ratio=0.0000, alpha_mean=0.1750, alpha_std=0.1750, alpha_bias_std=6.1090, personal_row_entropy=0.0000, personal_matrix_delta=0.0000, personal_matrix_student_std=0.0000, personal_delta_pre_softmax_norm=0.0000, personal_delta_student_std=0.0000, alpha_head_std=0.1750
2026-04-12 07:21:46,028 - INFO - [assist_09|assist_09_abce_best_no_A|lr=0.0003|drop=0.20] [Diag][Graph] Epoch [051] | entropy_ratio=0.0000, diag_mass=1.0000, to_uniform_l2=0.089800, to_identity_l2=0.000000, tau_mean=0.0000, tau_std=0.0000, graph_reg_scale(train/val)=1.0000/1.0000
2026-04-12 07:21:46,028 - WARNING - [assist_09|assist_09_abce_best_no_A|lr=0.0003|drop=0.20] [Diag Warning][E] personal_delta_student_std is near zero: personal_delta_student_std=0.000000, personal_delta_pre_softmax_norm=0.000000
2026-04-12 07:21:46,028 - INFO - [assist_09|assist_09_abce_best_no_A|lr=0.0003|drop=0.20] [Grad Norms] Epoch [051] | relation_emb=0.000000e+00, relation_tau=0.000000e+00, relation_wq=0.000000e+00, relation_wk=0.000000e+00, personal_u=0.000000e+00, personal_v=0.000000e+00, personal_alpha_bias=3.577827e-02, personal_gate_emb=0.000000e+00, personal_gate_student_proj=0.000000e+00, personal_gate_context_proj=2.062022e-05, personal_gate_student_direct=0.000000e+00, personal_gate_context_direct=1.143821e-05, personal_gate_out=2.337179e-05, personal_generator_emb=0.000000e+00, personal_generator_context_proj=0.000000e+00, personal_generator_context_hidden=0.000000e+00, personal_generator_context_to_u=0.000000e+00, personal_generator_context_to_v=0.000000e+00
2026-04-12 07:21:46,028 - INFO - [assist_09|assist_09_abce_best_no_A|lr=0.0003|drop=0.20] -> No improvement 1 epoch(s) (best AUC=0.7681 @ 50)
2026-04-12 07:22:04,010 - INFO - [assist_09|assist_09_abce_best_full|lr=0.0003|drop=0.20] Epoch [030/100] | Train: Loss=0.0787, BCE=0.4538, Reg=-0.3752, AUC=0.8436, ACC=0.7704, RMSE=0.3879 | Val: Loss=0.1556, BCE=0.5635, Reg=-0.4079, AUC=0.7582, ACC=0.7272, RMSE=0.4311
2026-04-12 07:22:04,010 - INFO - [assist_09|assist_09_abce_best_full|lr=0.0003|drop=0.20] [Reg Terms] Epoch [030] | Train: graph_entropy=0.000001, graph_diag=0.020000, graph_uniform=0.001195, graph_reg_scale=1.0000, prediction_l2=0.000001, personal_sparse=0.001493, alpha_var=-0.397867, alpha_collapse=0.000000, reg_bce_ratio=-0.8267 | Val: graph_entropy=0.000000, graph_diag=0.020000, graph_uniform=0.001197, graph_reg_scale=1.0000, prediction_l2=0.000001, personal_sparse=0.001501, alpha_var=-0.430610, alpha_collapse=0.000000, reg_bce_ratio=-0.7239
2026-04-12 07:22:04,267 - INFO - [assist_09|assist_09_abce_best_full|lr=0.0003|drop=0.20] [Diag][AE] Epoch [030] | irt_abs_mean=2.0562, irt_std=1.4016, personal_warmup_scale=1.00, graph_row_entropy=0.7504, graph_entropy_ratio=0.1559, alpha_mean=0.1750, alpha_std=0.1749, alpha_bias_std=3.7223, personal_row_entropy=0.7504, personal_matrix_delta=0.0000, personal_matrix_student_std=0.0000, personal_delta_pre_softmax_norm=0.0000, personal_delta_student_std=0.0000, alpha_head_std=0.1749
2026-04-12 07:22:04,267 - INFO - [assist_09|assist_09_abce_best_full|lr=0.0003|drop=0.20] [Diag][Graph] Epoch [030] | entropy_ratio=0.1559, diag_mass=0.2000, to_uniform_l2=0.070082, to_identity_l2=0.099275, tau_mean=0.4831, tau_std=0.0246, graph_reg_scale(train/val)=1.0000/1.0000
2026-04-12 07:22:04,267 - WARNING - [assist_09|assist_09_abce_best_full|lr=0.0003|drop=0.20] [Diag Warning][E] personal_delta_student_std is near zero: personal_delta_student_std=0.000000, personal_delta_pre_softmax_norm=0.000000
2026-04-12 07:22:04,267 - INFO - [assist_09|assist_09_abce_best_full|lr=0.0003|drop=0.20] [Grad Norms] Epoch [030] | relation_emb=1.718284e-02, relation_tau=1.207576e-03, relation_wq=6.782928e-04, relation_wk=2.699296e-04, personal_u=0.000000e+00, personal_v=0.000000e+00, personal_alpha_bias=1.981454e-02, personal_gate_emb=0.000000e+00, personal_gate_student_proj=0.000000e+00, personal_gate_context_proj=1.283378e-05, personal_gate_student_direct=0.000000e+00, personal_gate_context_direct=5.222255e-06, personal_gate_out=1.371344e-05, personal_generator_emb=0.000000e+00, personal_generator_context_proj=0.000000e+00, personal_generator_context_hidden=0.000000e+00, personal_generator_context_to_u=0.000000e+00, personal_generator_context_to_v=0.000000e+00
2026-04-12 07:22:04,600 - INFO - [assist_09|assist_09_abce_best_full|lr=0.0003|drop=0.20] -> New best AUC=0.7582 at epoch 30
2026-04-12 07:22:04,651 - INFO - [assist_09|assist_09_abce_best_full|lr=0.0003|drop=0.20] Checkpoint saved: checkpoints/abce_diag/ae_fix_20260412_fdafa52/assist_09/seed42/best_full/checkpoint_epoch_30.pth
2026-04-12 07:22:04,907 - INFO - [assist_09|assist_09_abce_best_full|lr=0.0003|drop=0.20] [Module Activity] Epoch 30: Graph[OK] Personal[X]
2026-04-12 07:22:12,384 - INFO - [assist_09|assist_09_abce_best_no_A|lr=0.0003|drop=0.20] Epoch [052/100] | Train: Loss=-0.6543, BCE=0.4883, Reg=-1.1427, AUC=0.8149, ACC=0.7502, RMSE=0.4036 | Val: Loss=-0.6436, BCE=0.5348, Reg=-1.1784, AUC=0.7681, ACC=0.7274, RMSE=0.4237
2026-04-12 07:22:12,384 - INFO - [assist_09|assist_09_abce_best_no_A|lr=0.0003|drop=0.20] [Reg Terms] Epoch [052] | Train: graph_entropy=0.000000, graph_diag=0.000000, graph_uniform=0.000000, graph_reg_scale=1.0000, prediction_l2=0.000002, personal_sparse=0.000000, alpha_var=-1.142693, alpha_collapse=0.000000, reg_bce_ratio=-2.3399 | Val: graph_entropy=0.000000, graph_diag=0.000000, graph_uniform=0.000000, graph_reg_scale=1.0000, prediction_l2=0.000002, personal_sparse=0.000000, alpha_var=-1.178374, alpha_collapse=0.000000, reg_bce_ratio=-2.2035
2026-04-12 07:22:12,643 - INFO - [assist_09|assist_09_abce_best_no_A|lr=0.0003|drop=0.20] [Diag][AE] Epoch [052] | irt_abs_mean=1.4782, irt_std=0.9662, personal_warmup_scale=1.00, graph_row_entropy=0.0000, graph_entropy_ratio=0.0000, alpha_mean=0.1750, alpha_std=0.1750, alpha_bias_std=6.2216, personal_row_entropy=0.0000, personal_matrix_delta=0.0000, personal_matrix_student_std=0.0000, personal_delta_pre_softmax_norm=0.0000, personal_delta_student_std=0.0000, alpha_head_std=0.1750
2026-04-12 07:22:12,644 - INFO - [assist_09|assist_09_abce_best_no_A|lr=0.0003|drop=0.20] [Diag][Graph] Epoch [052] | entropy_ratio=0.0000, diag_mass=1.0000, to_uniform_l2=0.089800, to_identity_l2=0.000000, tau_mean=0.0000, tau_std=0.0000, graph_reg_scale(train/val)=1.0000/1.0000
2026-04-12 07:22:12,644 - WARNING - [assist_09|assist_09_abce_best_no_A|lr=0.0003|drop=0.20] [Diag Warning][E] personal_delta_student_std is near zero: personal_delta_student_std=0.000000, personal_delta_pre_softmax_norm=0.000000
2026-04-12 07:22:12,644 - INFO - [assist_09|assist_09_abce_best_no_A|lr=0.0003|drop=0.20] [Grad Norms] Epoch [052] | relation_emb=0.000000e+00, relation_tau=0.000000e+00, relation_wq=0.000000e+00, relation_wk=0.000000e+00, personal_u=0.000000e+00, personal_v=0.000000e+00, personal_alpha_bias=3.261240e-02, personal_gate_emb=0.000000e+00, personal_gate_student_proj=0.000000e+00, personal_gate_context_proj=1.470275e-05, personal_gate_student_direct=0.000000e+00, personal_gate_context_direct=7.205511e-06, personal_gate_out=1.484640e-05, personal_generator_emb=0.000000e+00, personal_generator_context_proj=0.000000e+00, personal_generator_context_hidden=0.000000e+00, personal_generator_context_to_u=0.000000e+00, personal_generator_context_to_v=0.000000e+00
2026-04-12 07:22:12,644 - INFO - [assist_09|assist_09_abce_best_no_A|lr=0.0003|drop=0.20] -> No improvement 2 epoch(s) (best AUC=0.7681 @ 50)
2026-04-12 07:22:39,627 - INFO - [assist_09|assist_09_abce_best_no_A|lr=0.0003|drop=0.20] Epoch [053/100] | Train: Loss=-0.6976, BCE=0.4881, Reg=-1.1857, AUC=0.8152, ACC=0.7498, RMSE=0.4034 | Val: Loss=-0.6877, BCE=0.5345, Reg=-1.2222, AUC=0.7686, ACC=0.7288, RMSE=0.4235
2026-04-12 07:22:39,628 - INFO - [assist_09|assist_09_abce_best_no_A|lr=0.0003|drop=0.20] [Reg Terms] Epoch [053] | Train: graph_entropy=0.000000, graph_diag=0.000000, graph_uniform=0.000000, graph_reg_scale=1.0000, prediction_l2=0.000002, personal_sparse=0.000000, alpha_var=-1.185656, alpha_collapse=0.000000, reg_bce_ratio=-2.4294 | Val: graph_entropy=0.000000, graph_diag=0.000000, graph_uniform=0.000000, graph_reg_scale=1.0000, prediction_l2=0.000002, personal_sparse=0.000000, alpha_var=-1.222183, alpha_collapse=0.000000, reg_bce_ratio=-2.2867
2026-04-12 07:22:39,896 - INFO - [assist_09|assist_09_abce_best_no_A|lr=0.0003|drop=0.20] [Diag][AE] Epoch [053] | irt_abs_mean=1.4934, irt_std=0.9786, personal_warmup_scale=1.00, graph_row_entropy=0.0000, graph_entropy_ratio=0.0000, alpha_mean=0.1750, alpha_std=0.1750, alpha_bias_std=6.3387, personal_row_entropy=0.0000, personal_matrix_delta=0.0000, personal_matrix_student_std=0.0000, personal_delta_pre_softmax_norm=0.0000, personal_delta_student_std=0.0000, alpha_head_std=0.1750
2026-04-12 07:22:39,897 - INFO - [assist_09|assist_09_abce_best_no_A|lr=0.0003|drop=0.20] [Diag][Graph] Epoch [053] | entropy_ratio=0.0000, diag_mass=1.0000, to_uniform_l2=0.089800, to_identity_l2=0.000000, tau_mean=0.0000, tau_std=0.0000, graph_reg_scale(train/val)=1.0000/1.0000
2026-04-12 07:22:39,897 - WARNING - [assist_09|assist_09_abce_best_no_A|lr=0.0003|drop=0.20] [Diag Warning][E] personal_delta_student_std is near zero: personal_delta_student_std=0.000000, personal_delta_pre_softmax_norm=0.000000
2026-04-12 07:22:39,897 - INFO - [assist_09|assist_09_abce_best_no_A|lr=0.0003|drop=0.20] [Grad Norms] Epoch [053] | relation_emb=0.000000e+00, relation_tau=0.000000e+00, relation_wq=0.000000e+00, relation_wk=0.000000e+00, personal_u=0.000000e+00, personal_v=0.000000e+00, personal_alpha_bias=3.850693e-02, personal_gate_emb=0.000000e+00, personal_gate_student_proj=0.000000e+00, personal_gate_context_proj=1.511074e-05, personal_gate_student_direct=0.000000e+00, personal_gate_context_direct=7.218636e-06, personal_gate_out=1.510612e-05, personal_generator_emb=0.000000e+00, personal_generator_context_proj=0.000000e+00, personal_generator_context_hidden=0.000000e+00, personal_generator_context_to_u=0.000000e+00, personal_generator_context_to_v=0.000000e+00
2026-04-12 07:22:40,210 - INFO - [assist_09|assist_09_abce_best_no_A|lr=0.0003|drop=0.20] -> New best AUC=0.7686 at epoch 53
2026-04-12 07:22:52,230 - INFO - [assist_09|assist_09_abce_best_full|lr=0.0003|drop=0.20] Epoch [031/100] | Train: Loss=0.0524, BCE=0.4533, Reg=-0.4008, AUC=0.8438, ACC=0.7703, RMSE=0.3877 | Val: Loss=0.1297, BCE=0.5649, Reg=-0.4352, AUC=0.7579, ACC=0.7282, RMSE=0.4313
2026-04-12 07:22:52,230 - INFO - [assist_09|assist_09_abce_best_full|lr=0.0003|drop=0.20] [Reg Terms] Epoch [031] | Train: graph_entropy=0.000001, graph_diag=0.020000, graph_uniform=0.001196, graph_reg_scale=1.0000, prediction_l2=0.000001, personal_sparse=0.001497, alpha_var=-0.423522, alpha_collapse=0.000000, reg_bce_ratio=-0.8843 | Val: graph_entropy=0.000000, graph_diag=0.020000, graph_uniform=0.001207, graph_reg_scale=1.0000, prediction_l2=0.000001, personal_sparse=0.001533, alpha_var=-0.457937, alpha_collapse=0.000000, reg_bce_ratio=-0.7703
2026-04-12 07:22:52,493 - INFO - [assist_09|assist_09_abce_best_full|lr=0.0003|drop=0.20] [Diag][AE] Epoch [031] | irt_abs_mean=2.0884, irt_std=1.4177, personal_warmup_scale=1.00, graph_row_entropy=0.7666, graph_entropy_ratio=0.1593, alpha_mean=0.1750, alpha_std=0.1749, alpha_bias_std=3.8401, personal_row_entropy=0.7667, personal_matrix_delta=0.0000, personal_matrix_student_std=0.0000, personal_delta_pre_softmax_norm=0.0000, personal_delta_student_std=0.0000, alpha_head_std=0.1749
2026-04-12 07:22:52,494 - INFO - [assist_09|assist_09_abce_best_full|lr=0.0003|drop=0.20] [Diag][Graph] Epoch [031] | entropy_ratio=0.1593, diag_mass=0.2000, to_uniform_l2=0.069837, to_identity_l2=0.099103, tau_mean=0.4788, tau_std=0.0247, graph_reg_scale(train/val)=1.0000/1.0000
2026-04-12 07:22:52,494 - WARNING - [assist_09|assist_09_abce_best_full|lr=0.0003|drop=0.20] [Diag Warning][E] personal_delta_student_std is near zero: personal_delta_student_std=0.000000, personal_delta_pre_softmax_norm=0.000000
2026-04-12 07:22:52,494 - INFO - [assist_09|assist_09_abce_best_full|lr=0.0003|drop=0.20] [Grad Norms] Epoch [031] | relation_emb=1.390299e-02, relation_tau=1.558768e-03, relation_wq=6.272671e-04, relation_wk=3.522615e-04, personal_u=0.000000e+00, personal_v=0.000000e+00, personal_alpha_bias=2.122933e-02, personal_gate_emb=0.000000e+00, personal_gate_student_proj=0.000000e+00, personal_gate_context_proj=1.307265e-05, personal_gate_student_direct=0.000000e+00, personal_gate_context_direct=5.356796e-06, personal_gate_out=1.404601e-05, personal_generator_emb=0.000000e+00, personal_generator_context_proj=0.000000e+00, personal_generator_context_hidden=0.000000e+00, personal_generator_context_to_u=0.000000e+00, personal_generator_context_to_v=0.000000e+00
2026-04-12 07:22:52,494 - INFO - [assist_09|assist_09_abce_best_full|lr=0.0003|drop=0.20] -> No improvement 1 epoch(s) (best AUC=0.7582 @ 30)
2026-04-12 07:23:07,238 - INFO - [assist_09|assist_09_abce_best_no_A|lr=0.0003|drop=0.20] Epoch [054/100] | Train: Loss=-0.7413, BCE=0.4880, Reg=-1.2293, AUC=0.8152, ACC=0.7505, RMSE=0.4034 | Val: Loss=-0.7315, BCE=0.5353, Reg=-1.2668, AUC=0.7678, ACC=0.7280, RMSE=0.4239
2026-04-12 07:23:07,238 - INFO - [assist_09|assist_09_abce_best_no_A|lr=0.0003|drop=0.20] [Reg Terms] Epoch [054] | Train: graph_entropy=0.000000, graph_diag=0.000000, graph_uniform=0.000000, graph_reg_scale=1.0000, prediction_l2=0.000002, personal_sparse=0.000000, alpha_var=-1.229265, alpha_collapse=0.000000, reg_bce_ratio=-2.5191 | Val: graph_entropy=0.000000, graph_diag=0.000000, graph_uniform=0.000000, graph_reg_scale=1.0000, prediction_l2=0.000002, personal_sparse=0.000000, alpha_var=-1.266783, alpha_collapse=0.000000, reg_bce_ratio=-2.3664
2026-04-12 07:23:07,489 - INFO - [assist_09|assist_09_abce_best_no_A|lr=0.0003|drop=0.20] [Diag][AE] Epoch [054] | irt_abs_mean=1.4996, irt_std=0.9723, personal_warmup_scale=1.00, graph_row_entropy=0.0000, graph_entropy_ratio=0.0000, alpha_mean=0.1750, alpha_std=0.1750, alpha_bias_std=6.4549, personal_row_entropy=0.0000, personal_matrix_delta=0.0000, personal_matrix_student_std=0.0000, personal_delta_pre_softmax_norm=0.0000, personal_delta_student_std=0.0000, alpha_head_std=0.1750
2026-04-12 07:23:07,490 - INFO - [assist_09|assist_09_abce_best_no_A|lr=0.0003|drop=0.20] [Diag][Graph] Epoch [054] | entropy_ratio=0.0000, diag_mass=1.0000, to_uniform_l2=0.089800, to_identity_l2=0.000000, tau_mean=0.0000, tau_std=0.0000, graph_reg_scale(train/val)=1.0000/1.0000
2026-04-12 07:23:07,490 - WARNING - [assist_09|assist_09_abce_best_no_A|lr=0.0003|drop=0.20] [Diag Warning][E] personal_delta_student_std is near zero: personal_delta_student_std=0.000000, personal_delta_pre_softmax_norm=0.000000
2026-04-12 07:23:07,490 - INFO - [assist_09|assist_09_abce_best_no_A|lr=0.0003|drop=0.20] [Grad Norms] Epoch [054] | relation_emb=0.000000e+00, relation_tau=0.000000e+00, relation_wq=0.000000e+00, relation_wk=0.000000e+00, personal_u=0.000000e+00, personal_v=0.000000e+00, personal_alpha_bias=3.970186e-02, personal_gate_emb=0.000000e+00, personal_gate_student_proj=0.000000e+00, personal_gate_context_proj=1.010705e-05, personal_gate_student_direct=0.000000e+00, personal_gate_context_direct=4.552774e-06, personal_gate_out=9.718052e-06, personal_generator_emb=0.000000e+00, personal_generator_context_proj=0.000000e+00, personal_generator_context_hidden=0.000000e+00, personal_generator_context_to_u=0.000000e+00, personal_generator_context_to_v=0.000000e+00
2026-04-12 07:23:07,490 - INFO - [assist_09|assist_09_abce_best_no_A|lr=0.0003|drop=0.20] -> No improvement 1 epoch(s) (best AUC=0.7686 @ 53)
2026-04-12 07:23:34,359 - INFO - [assist_09|assist_09_abce_best_no_A|lr=0.0003|drop=0.20] Epoch [055/100] | Train: Loss=-0.7858, BCE=0.4877, Reg=-1.2735, AUC=0.8156, ACC=0.7501, RMSE=0.4033 | Val: Loss=-0.7773, BCE=0.5349, Reg=-1.3121, AUC=0.7683, ACC=0.7277, RMSE=0.4237
2026-04-12 07:23:34,359 - INFO - [assist_09|assist_09_abce_best_no_A|lr=0.0003|drop=0.20] [Reg Terms] Epoch [055] | Train: graph_entropy=0.000000, graph_diag=0.000000, graph_uniform=0.000000, graph_reg_scale=1.0000, prediction_l2=0.000002, personal_sparse=0.000000, alpha_var=-1.273491, alpha_collapse=0.000000, reg_bce_ratio=-2.6112 | Val: graph_entropy=0.000000, graph_diag=0.000000, graph_uniform=0.000000, graph_reg_scale=1.0000, prediction_l2=0.000002, personal_sparse=0.000000, alpha_var=-1.312115, alpha_collapse=0.000000, reg_bce_ratio=-2.4532
2026-04-12 07:23:34,616 - INFO - [assist_09|assist_09_abce_best_no_A|lr=0.0003|drop=0.20] [Diag][AE] Epoch [055] | irt_abs_mean=1.5066, irt_std=0.9749, personal_warmup_scale=1.00, graph_row_entropy=0.0000, graph_entropy_ratio=0.0000, alpha_mean=0.1750, alpha_std=0.1750, alpha_bias_std=6.5685, personal_row_entropy=0.0000, personal_matrix_delta=0.0000, personal_matrix_student_std=0.0000, personal_delta_pre_softmax_norm=0.0000, personal_delta_student_std=0.0000, alpha_head_std=0.1750
2026-04-12 07:23:34,616 - INFO - [assist_09|assist_09_abce_best_no_A|lr=0.0003|drop=0.20] [Diag][Graph] Epoch [055] | entropy_ratio=0.0000, diag_mass=1.0000, to_uniform_l2=0.089800, to_identity_l2=0.000000, tau_mean=0.0000, tau_std=0.0000, graph_reg_scale(train/val)=1.0000/1.0000
2026-04-12 07:23:34,617 - WARNING - [assist_09|assist_09_abce_best_no_A|lr=0.0003|drop=0.20] [Diag Warning][E] personal_delta_student_std is near zero: personal_delta_student_std=0.000000, personal_delta_pre_softmax_norm=0.000000
2026-04-12 07:23:34,617 - INFO - [assist_09|assist_09_abce_best_no_A|lr=0.0003|drop=0.20] [Grad Norms] Epoch [055] | relation_emb=0.000000e+00, relation_tau=0.000000e+00, relation_wq=0.000000e+00, relation_wk=0.000000e+00, personal_u=0.000000e+00, personal_v=0.000000e+00, personal_alpha_bias=3.420706e-02, personal_gate_emb=0.000000e+00, personal_gate_student_proj=0.000000e+00, personal_gate_context_proj=1.354371e-05, personal_gate_student_direct=0.000000e+00, personal_gate_context_direct=7.066486e-06, personal_gate_out=1.466409e-05, personal_generator_emb=0.000000e+00, personal_generator_context_proj=0.000000e+00, personal_generator_context_hidden=0.000000e+00, personal_generator_context_to_u=0.000000e+00, personal_generator_context_to_v=0.000000e+00
2026-04-12 07:23:34,617 - INFO - [assist_09|assist_09_abce_best_no_A|lr=0.0003|drop=0.20] -> No improvement 2 epoch(s) (best AUC=0.7686 @ 53)
2026-04-12 07:23:39,462 - INFO - [assist_09|assist_09_abce_best_full|lr=0.0003|drop=0.20] Epoch [032/100] | Train: Loss=0.0244, BCE=0.4517, Reg=-0.4273, AUC=0.8452, ACC=0.7715, RMSE=0.3870 | Val: Loss=0.1071, BCE=0.5705, Reg=-0.4634, AUC=0.7587, ACC=0.7277, RMSE=0.4325
2026-04-12 07:23:39,462 - INFO - [assist_09|assist_09_abce_best_full|lr=0.0003|drop=0.20] [Reg Terms] Epoch [032] | Train: graph_entropy=0.000001, graph_diag=0.020000, graph_uniform=0.001195, graph_reg_scale=1.0000, prediction_l2=0.000001, personal_sparse=0.001494, alpha_var=-0.450014, alpha_collapse=0.000000, reg_bce_ratio=-0.9460 | Val: graph_entropy=0.000000, graph_diag=0.020000, graph_uniform=0.001196, graph_reg_scale=1.0000, prediction_l2=0.000001, personal_sparse=0.001499, alpha_var=-0.486124, alpha_collapse=0.000000, reg_bce_ratio=-0.8123
2026-04-12 07:23:39,728 - INFO - [assist_09|assist_09_abce_best_full|lr=0.0003|drop=0.20] [Diag][AE] Epoch [032] | irt_abs_mean=2.2147, irt_std=1.4897, personal_warmup_scale=1.00, graph_row_entropy=0.7496, graph_entropy_ratio=0.1558, alpha_mean=0.1750, alpha_std=0.1749, alpha_bias_std=3.9560, personal_row_entropy=0.7496, personal_matrix_delta=0.0000, personal_matrix_student_std=0.0000, personal_delta_pre_softmax_norm=0.0000, personal_delta_student_std=0.0000, alpha_head_std=0.1749
2026-04-12 07:23:39,728 - INFO - [assist_09|assist_09_abce_best_full|lr=0.0003|drop=0.20] [Diag][Graph] Epoch [032] | entropy_ratio=0.1558, diag_mass=0.2000, to_uniform_l2=0.070097, to_identity_l2=0.099286, tau_mean=0.4743, tau_std=0.0246, graph_reg_scale(train/val)=1.0000/1.0000
2026-04-12 07:23:39,728 - WARNING - [assist_09|assist_09_abce_best_full|lr=0.0003|drop=0.20] [Diag Warning][E] personal_delta_student_std is near zero: personal_delta_student_std=0.000000, personal_delta_pre_softmax_norm=0.000000
2026-04-12 07:23:39,728 - INFO - [assist_09|assist_09_abce_best_full|lr=0.0003|drop=0.20] [Grad Norms] Epoch [032] | relation_emb=1.834978e-02, relation_tau=5.530290e-03, relation_wq=1.367905e-03, relation_wk=1.257946e-03, personal_u=0.000000e+00, personal_v=0.000000e+00, personal_alpha_bias=2.255633e-02, personal_gate_emb=0.000000e+00, personal_gate_student_proj=0.000000e+00, personal_gate_context_proj=1.054111e-05, personal_gate_student_direct=0.000000e+00, personal_gate_context_direct=4.350498e-06, personal_gate_out=1.139063e-05, personal_generator_emb=0.000000e+00, personal_generator_context_proj=0.000000e+00, personal_generator_context_hidden=0.000000e+00, personal_generator_context_to_u=0.000000e+00, personal_generator_context_to_v=0.000000e+00
2026-04-12 07:23:40,075 - INFO - [assist_09|assist_09_abce_best_full|lr=0.0003|drop=0.20] -> New best AUC=0.7587 at epoch 32
2026-04-12 07:24:00,407 - INFO - [assist_09|assist_09_abce_best_no_A|lr=0.0003|drop=0.20] Epoch [056/100] | Train: Loss=-0.8312, BCE=0.4875, Reg=-1.3187, AUC=0.8157, ACC=0.7506, RMSE=0.4032 | Val: Loss=-0.8238, BCE=0.5344, Reg=-1.3582, AUC=0.7686, ACC=0.7284, RMSE=0.4234
2026-04-12 07:24:00,408 - INFO - [assist_09|assist_09_abce_best_no_A|lr=0.0003|drop=0.20] [Reg Terms] Epoch [056] | Train: graph_entropy=0.000000, graph_diag=0.000000, graph_uniform=0.000000, graph_reg_scale=1.0000, prediction_l2=0.000002, personal_sparse=0.000000, alpha_var=-1.318710, alpha_collapse=0.000000, reg_bce_ratio=-2.7051 | Val: graph_entropy=0.000000, graph_diag=0.000000, graph_uniform=0.000000, graph_reg_scale=1.0000, prediction_l2=0.000002, personal_sparse=0.000000, alpha_var=-1.358153, alpha_collapse=0.000000, reg_bce_ratio=-2.5417
2026-04-12 07:24:00,664 - INFO - [assist_09|assist_09_abce_best_no_A|lr=0.0003|drop=0.20] [Diag][AE] Epoch [056] | irt_abs_mean=1.5030, irt_std=0.9760, personal_warmup_scale=1.00, graph_row_entropy=0.0000, graph_entropy_ratio=0.0000, alpha_mean=0.1750, alpha_std=0.1750, alpha_bias_std=6.6843, personal_row_entropy=0.0000, personal_matrix_delta=0.0000, personal_matrix_student_std=0.0000, personal_delta_pre_softmax_norm=0.0000, personal_delta_student_std=0.0000, alpha_head_std=0.1750
2026-04-12 07:24:00,664 - INFO - [assist_09|assist_09_abce_best_no_A|lr=0.0003|drop=0.20] [Diag][Graph] Epoch [056] | entropy_ratio=0.0000, diag_mass=1.0000, to_uniform_l2=0.089800, to_identity_l2=0.000000, tau_mean=0.0000, tau_std=0.0000, graph_reg_scale(train/val)=1.0000/1.0000
2026-04-12 07:24:00,664 - WARNING - [assist_09|assist_09_abce_best_no_A|lr=0.0003|drop=0.20] [Diag Warning][E] personal_delta_student_std is near zero: personal_delta_student_std=0.000000, personal_delta_pre_softmax_norm=0.000000
2026-04-12 07:24:00,664 - INFO - [assist_09|assist_09_abce_best_no_A|lr=0.0003|drop=0.20] [Grad Norms] Epoch [056] | relation_emb=0.000000e+00, relation_tau=0.000000e+00, relation_wq=0.000000e+00, relation_wk=0.000000e+00, personal_u=0.000000e+00, personal_v=0.000000e+00, personal_alpha_bias=3.463789e-02, personal_gate_emb=0.000000e+00, personal_gate_student_proj=0.000000e+00, personal_gate_context_proj=1.952422e-05, personal_gate_student_direct=0.000000e+00, personal_gate_context_direct=9.692609e-06, personal_gate_out=2.026361e-05, personal_generator_emb=0.000000e+00, personal_generator_context_proj=0.000000e+00, personal_generator_context_hidden=0.000000e+00, personal_generator_context_to_u=0.000000e+00, personal_generator_context_to_v=0.000000e+00
2026-04-12 07:24:00,981 - INFO - [assist_09|assist_09_abce_best_no_A|lr=0.0003|drop=0.20] -> New best AUC=0.7686 at epoch 56
2026-04-12 07:24:24,578 - INFO - [assist_09|assist_09_abce_best_full|lr=0.0003|drop=0.20] Epoch [033/100] | Train: Loss=-0.0036, BCE=0.4509, Reg=-0.4545, AUC=0.8457, ACC=0.7715, RMSE=0.3867 | Val: Loss=0.0723, BCE=0.5647, Reg=-0.4924, AUC=0.7585, ACC=0.7276, RMSE=0.4312
2026-04-12 07:24:24,578 - INFO - [assist_09|assist_09_abce_best_full|lr=0.0003|drop=0.20] [Reg Terms] Epoch [033] | Train: graph_entropy=0.000001, graph_diag=0.020000, graph_uniform=0.001194, graph_reg_scale=1.0000, prediction_l2=0.000001, personal_sparse=0.001495, alpha_var=-0.477203, alpha_collapse=0.000000, reg_bce_ratio=-1.0080 | Val: graph_entropy=0.000000, graph_diag=0.020000, graph_uniform=0.001207, graph_reg_scale=1.0000, prediction_l2=0.000001, personal_sparse=0.001536, alpha_var=-0.515139, alpha_collapse=0.000000, reg_bce_ratio=-0.8720
2026-04-12 07:24:24,771 - INFO - [assist_09|assist_09_abce_best_full|lr=0.0003|drop=0.20] [Diag][AE] Epoch [033] | irt_abs_mean=2.1082, irt_std=1.4411, personal_warmup_scale=1.00, graph_row_entropy=0.7680, graph_entropy_ratio=0.1596, alpha_mean=0.1750, alpha_std=0.1749, alpha_bias_std=4.0720, personal_row_entropy=0.7680, personal_matrix_delta=0.0000, personal_matrix_student_std=0.0000, personal_delta_pre_softmax_norm=0.0000, personal_delta_student_std=0.0000, alpha_head_std=0.1749
2026-04-12 07:24:24,771 - INFO - [assist_09|assist_09_abce_best_full|lr=0.0003|drop=0.20] [Diag][Graph] Epoch [033] | entropy_ratio=0.1596, diag_mass=0.2000, to_uniform_l2=0.069825, to_identity_l2=0.099094, tau_mean=0.4704, tau_std=0.0244, graph_reg_scale(train/val)=1.0000/1.0000
2026-04-12 07:24:24,771 - WARNING - [assist_09|assist_09_abce_best_full|lr=0.0003|drop=0.20] [Diag Warning][E] personal_delta_student_std is near zero: personal_delta_student_std=0.000000, personal_delta_pre_softmax_norm=0.000000
2026-04-12 07:24:24,771 - INFO - [assist_09|assist_09_abce_best_full|lr=0.0003|drop=0.20] [Grad Norms] Epoch [033] | relation_emb=1.055280e-02, relation_tau=1.927270e-03, relation_wq=6.398762e-04, relation_wk=3.952433e-04, personal_u=0.000000e+00, personal_v=0.000000e+00, personal_alpha_bias=1.766347e-02, personal_gate_emb=0.000000e+00, personal_gate_student_proj=0.000000e+00, personal_gate_context_proj=2.333738e-05, personal_gate_student_direct=0.000000e+00, personal_gate_context_direct=9.627880e-06, personal_gate_out=2.521694e-05, personal_generator_emb=0.000000e+00, personal_generator_context_proj=0.000000e+00, personal_generator_context_hidden=0.000000e+00, personal_generator_context_to_u=0.000000e+00, personal_generator_context_to_v=0.000000e+00
2026-04-12 07:24:24,772 - INFO - [assist_09|assist_09_abce_best_full|lr=0.0003|drop=0.20] -> No improvement 1 epoch(s) (best AUC=0.7587 @ 32)
2026-04-12 07:24:25,897 - INFO - [assist_09|assist_09_abce_best_no_A|lr=0.0003|drop=0.20] Epoch [057/100] | Train: Loss=-0.8775, BCE=0.4872, Reg=-1.3647, AUC=0.8158, ACC=0.7504, RMSE=0.4030 | Val: Loss=-0.8703, BCE=0.5347, Reg=-1.4051, AUC=0.7683, ACC=0.7285, RMSE=0.4236
2026-04-12 07:24:25,897 - INFO - [assist_09|assist_09_abce_best_no_A|lr=0.0003|drop=0.20] [Reg Terms] Epoch [057] | Train: graph_entropy=0.000000, graph_diag=0.000000, graph_uniform=0.000000, graph_reg_scale=1.0000, prediction_l2=0.000002, personal_sparse=0.000000, alpha_var=-1.364709, alpha_collapse=0.000000, reg_bce_ratio=-2.8010 | Val: graph_entropy=0.000000, graph_diag=0.000000, graph_uniform=0.000000, graph_reg_scale=1.0000, prediction_l2=0.000002, personal_sparse=0.000000, alpha_var=-1.405063, alpha_collapse=0.000000, reg_bce_ratio=-2.6276
2026-04-12 07:24:26,094 - INFO - [assist_09|assist_09_abce_best_no_A|lr=0.0003|drop=0.20] [Diag][AE] Epoch [057] | irt_abs_mean=1.5239, irt_std=0.9928, personal_warmup_scale=1.00, graph_row_entropy=0.0000, graph_entropy_ratio=0.0000, alpha_mean=0.1750, alpha_std=0.1750, alpha_bias_std=6.8013, personal_row_entropy=0.0000, personal_matrix_delta=0.0000, personal_matrix_student_std=0.0000, personal_delta_pre_softmax_norm=0.0000, personal_delta_student_std=0.0000, alpha_head_std=0.1750
2026-04-12 07:24:26,094 - INFO - [assist_09|assist_09_abce_best_no_A|lr=0.0003|drop=0.20] [Diag][Graph] Epoch [057] | entropy_ratio=0.0000, diag_mass=1.0000, to_uniform_l2=0.089800, to_identity_l2=0.000000, tau_mean=0.0000, tau_std=0.0000, graph_reg_scale(train/val)=1.0000/1.0000
2026-04-12 07:24:26,094 - WARNING - [assist_09|assist_09_abce_best_no_A|lr=0.0003|drop=0.20] [Diag Warning][E] personal_delta_student_std is near zero: personal_delta_student_std=0.000000, personal_delta_pre_softmax_norm=0.000000
2026-04-12 07:24:26,094 - INFO - [assist_09|assist_09_abce_best_no_A|lr=0.0003|drop=0.20] [Grad Norms] Epoch [057] | relation_emb=0.000000e+00, relation_tau=0.000000e+00, relation_wq=0.000000e+00, relation_wk=0.000000e+00, personal_u=0.000000e+00, personal_v=0.000000e+00, personal_alpha_bias=3.728526e-02, personal_gate_emb=0.000000e+00, personal_gate_student_proj=0.000000e+00, personal_gate_context_proj=3.405659e-05, personal_gate_student_direct=0.000000e+00, personal_gate_context_direct=1.784503e-05, personal_gate_out=3.658075e-05, personal_generator_emb=0.000000e+00, personal_generator_context_proj=0.000000e+00, personal_generator_context_hidden=0.000000e+00, personal_generator_context_to_u=0.000000e+00, personal_generator_context_to_v=0.000000e+00
2026-04-12 07:24:26,094 - INFO - [assist_09|assist_09_abce_best_no_A|lr=0.0003|drop=0.20] -> No improvement 1 epoch(s) (best AUC=0.7686 @ 56)
2026-04-12 07:24:50,337 - INFO - [assist_09|assist_09_abce_best_no_A|lr=0.0003|drop=0.20] Epoch [058/100] | Train: Loss=-0.9244, BCE=0.4870, Reg=-1.4114, AUC=0.8162, ACC=0.7506, RMSE=0.4029 | Val: Loss=-0.9181, BCE=0.5348, Reg=-1.4529, AUC=0.7685, ACC=0.7277, RMSE=0.4236
2026-04-12 07:24:50,337 - INFO - [assist_09|assist_09_abce_best_no_A|lr=0.0003|drop=0.20] [Reg Terms] Epoch [058] | Train: graph_entropy=0.000000, graph_diag=0.000000, graph_uniform=0.000000, graph_reg_scale=1.0000, prediction_l2=0.000002, personal_sparse=0.000000, alpha_var=-1.411398, alpha_collapse=0.000000, reg_bce_ratio=-2.8980 | Val: graph_entropy=0.000000, graph_diag=0.000000, graph_uniform=0.000000, graph_reg_scale=1.0000, prediction_l2=0.000002, personal_sparse=0.000000, alpha_var=-1.452861, alpha_collapse=0.000000, reg_bce_ratio=-2.7167
2026-04-12 07:24:50,626 - INFO - [assist_09|assist_09_abce_best_no_A|lr=0.0003|drop=0.20] [Diag][AE] Epoch [058] | irt_abs_mean=1.5229, irt_std=0.9908, personal_warmup_scale=1.00, graph_row_entropy=0.0000, graph_entropy_ratio=0.0000, alpha_mean=0.1750, alpha_std=0.1750, alpha_bias_std=6.9186, personal_row_entropy=0.0000, personal_matrix_delta=0.0000, personal_matrix_student_std=0.0000, personal_delta_pre_softmax_norm=0.0000, personal_delta_student_std=0.0000, alpha_head_std=0.1750
2026-04-12 07:24:50,627 - INFO - [assist_09|assist_09_abce_best_no_A|lr=0.0003|drop=0.20] [Diag][Graph] Epoch [058] | entropy_ratio=0.0000, diag_mass=1.0000, to_uniform_l2=0.089800, to_identity_l2=0.000000, tau_mean=0.0000, tau_std=0.0000, graph_reg_scale(train/val)=1.0000/1.0000
2026-04-12 07:24:50,627 - WARNING - [assist_09|assist_09_abce_best_no_A|lr=0.0003|drop=0.20] [Diag Warning][E] personal_delta_student_std is near zero: personal_delta_student_std=0.000000, personal_delta_pre_softmax_norm=0.000000
2026-04-12 07:24:50,627 - INFO - [assist_09|assist_09_abce_best_no_A|lr=0.0003|drop=0.20] [Grad Norms] Epoch [058] | relation_emb=0.000000e+00, relation_tau=0.000000e+00, relation_wq=0.000000e+00, relation_wk=0.000000e+00, personal_u=0.000000e+00, personal_v=0.000000e+00, personal_alpha_bias=3.563648e-02, personal_gate_emb=0.000000e+00, personal_gate_student_proj=0.000000e+00, personal_gate_context_proj=2.103999e-05, personal_gate_student_direct=0.000000e+00, personal_gate_context_direct=1.137288e-05, personal_gate_out=2.346145e-05, personal_generator_emb=0.000000e+00, personal_generator_context_proj=0.000000e+00, personal_generator_context_hidden=0.000000e+00, personal_generator_context_to_u=0.000000e+00, personal_generator_context_to_v=0.000000e+00
2026-04-12 07:24:50,627 - INFO - [assist_09|assist_09_abce_best_no_A|lr=0.0003|drop=0.20] -> No improvement 2 epoch(s) (best AUC=0.7686 @ 56)
2026-04-12 07:25:06,481 - INFO - [assist_09|assist_09_abce_best_full|lr=0.0003|drop=0.20] Epoch [034/100] | Train: Loss=-0.0325, BCE=0.4501, Reg=-0.4826, AUC=0.8462, ACC=0.7715, RMSE=0.3862 | Val: Loss=0.0427, BCE=0.5649, Reg=-0.5222, AUC=0.7583, ACC=0.7271, RMSE=0.4313
2026-04-12 07:25:06,481 - INFO - [assist_09|assist_09_abce_best_full|lr=0.0003|drop=0.20] [Reg Terms] Epoch [034] | Train: graph_entropy=0.000001, graph_diag=0.020000, graph_uniform=0.001194, graph_reg_scale=1.0000, prediction_l2=0.000001, personal_sparse=0.001495, alpha_var=-0.505279, alpha_collapse=0.000000, reg_bce_ratio=-1.0721 | Val: graph_entropy=0.000000, graph_diag=0.020000, graph_uniform=0.001206, graph_reg_scale=1.0000, prediction_l2=0.000001, personal_sparse=0.001531, alpha_var=-0.544979, alpha_collapse=0.000000, reg_bce_ratio=-0.9244
2026-04-12 07:25:06,772 - INFO - [assist_09|assist_09_abce_best_full|lr=0.0003|drop=0.20] [Diag][AE] Epoch [034] | irt_abs_mean=2.1034, irt_std=1.4850, personal_warmup_scale=1.00, graph_row_entropy=0.7653, graph_entropy_ratio=0.1590, alpha_mean=0.1750, alpha_std=0.1749, alpha_bias_std=4.1869, personal_row_entropy=0.7654, personal_matrix_delta=0.0000, personal_matrix_student_std=0.0000, personal_delta_pre_softmax_norm=0.0000, personal_delta_student_std=0.0000, alpha_head_std=0.1749
2026-04-12 07:25:06,773 - INFO - [assist_09|assist_09_abce_best_full|lr=0.0003|drop=0.20] [Diag][Graph] Epoch [034] | entropy_ratio=0.1590, diag_mass=0.2000, to_uniform_l2=0.069854, to_identity_l2=0.099114, tau_mean=0.4664, tau_std=0.0240, graph_reg_scale(train/val)=1.0000/1.0000
2026-04-12 07:25:06,773 - WARNING - [assist_09|assist_09_abce_best_full|lr=0.0003|drop=0.20] [Diag Warning][E] personal_delta_student_std is near zero: personal_delta_student_std=0.000000, personal_delta_pre_softmax_norm=0.000000
2026-04-12 07:25:06,773 - INFO - [assist_09|assist_09_abce_best_full|lr=0.0003|drop=0.20] [Grad Norms] Epoch [034] | relation_emb=9.214026e-03, relation_tau=9.121654e-04, relation_wq=3.938849e-04, relation_wk=2.130611e-04, personal_u=0.000000e+00, personal_v=0.000000e+00, personal_alpha_bias=2.088638e-02, personal_gate_emb=0.000000e+00, personal_gate_student_proj=0.000000e+00, personal_gate_context_proj=1.418458e-05, personal_gate_student_direct=0.000000e+00, personal_gate_context_direct=5.878313e-06, personal_gate_out=1.541072e-05, personal_generator_emb=0.000000e+00, personal_generator_context_proj=0.000000e+00, personal_generator_context_hidden=0.000000e+00, personal_generator_context_to_u=0.000000e+00, personal_generator_context_to_v=0.000000e+00
2026-04-12 07:25:06,773 - INFO - [assist_09|assist_09_abce_best_full|lr=0.0003|drop=0.20] -> No improvement 2 epoch(s) (best AUC=0.7587 @ 32)
2026-04-12 07:25:14,443 - INFO - [assist_09|assist_09_abce_best_no_A|lr=0.0003|drop=0.20] Epoch [059/100] | Train: Loss=-0.9722, BCE=0.4868, Reg=-1.4590, AUC=0.8162, ACC=0.7506, RMSE=0.4028 | Val: Loss=-0.9666, BCE=0.5347, Reg=-1.5014, AUC=0.7686, ACC=0.7273, RMSE=0.4236
2026-04-12 07:25:14,443 - INFO - [assist_09|assist_09_abce_best_no_A|lr=0.0003|drop=0.20] [Reg Terms] Epoch [059] | Train: graph_entropy=0.000000, graph_diag=0.000000, graph_uniform=0.000000, graph_reg_scale=1.0000, prediction_l2=0.000002, personal_sparse=0.000000, alpha_var=-1.458968, alpha_collapse=0.000000, reg_bce_ratio=-2.9970 | Val: graph_entropy=0.000000, graph_diag=0.000000, graph_uniform=0.000000, graph_reg_scale=1.0000, prediction_l2=0.000002, personal_sparse=0.000000, alpha_var=-1.501366, alpha_collapse=0.000000, reg_bce_ratio=-2.8078
2026-04-12 07:25:14,712 - INFO - [assist_09|assist_09_abce_best_no_A|lr=0.0003|drop=0.20] [Diag][AE] Epoch [059] | irt_abs_mean=1.5078, irt_std=0.9755, personal_warmup_scale=1.00, graph_row_entropy=0.0000, graph_entropy_ratio=0.0000, alpha_mean=0.1750, alpha_std=0.1750, alpha_bias_std=7.0333, personal_row_entropy=0.0000, personal_matrix_delta=0.0000, personal_matrix_student_std=0.0000, personal_delta_pre_softmax_norm=0.0000, personal_delta_student_std=0.0000, alpha_head_std=0.1750
2026-04-12 07:25:14,713 - INFO - [assist_09|assist_09_abce_best_no_A|lr=0.0003|drop=0.20] [Diag][Graph] Epoch [059] | entropy_ratio=0.0000, diag_mass=1.0000, to_uniform_l2=0.089800, to_identity_l2=0.000000, tau_mean=0.0000, tau_std=0.0000, graph_reg_scale(train/val)=1.0000/1.0000
2026-04-12 07:25:14,713 - WARNING - [assist_09|assist_09_abce_best_no_A|lr=0.0003|drop=0.20] [Diag Warning][E] personal_delta_student_std is near zero: personal_delta_student_std=0.000000, personal_delta_pre_softmax_norm=0.000000
2026-04-12 07:25:14,713 - INFO - [assist_09|assist_09_abce_best_no_A|lr=0.0003|drop=0.20] [Grad Norms] Epoch [059] | relation_emb=0.000000e+00, relation_tau=0.000000e+00, relation_wq=0.000000e+00, relation_wk=0.000000e+00, personal_u=0.000000e+00, personal_v=0.000000e+00, personal_alpha_bias=3.805384e-02, personal_gate_emb=0.000000e+00, personal_gate_student_proj=0.000000e+00, personal_gate_context_proj=1.497114e-05, personal_gate_student_direct=0.000000e+00, personal_gate_context_direct=6.964811e-06, personal_gate_out=1.486784e-05, personal_generator_emb=0.000000e+00, personal_generator_context_proj=0.000000e+00, personal_generator_context_hidden=0.000000e+00, personal_generator_context_to_u=0.000000e+00, personal_generator_context_to_v=0.000000e+00
2026-04-12 07:25:15,016 - INFO - [assist_09|assist_09_abce_best_no_A|lr=0.0003|drop=0.20] -> New best AUC=0.7686 at epoch 59
2026-04-12 07:25:41,043 - INFO - [assist_09|assist_09_abce_best_no_A|lr=0.0003|drop=0.20] Epoch [060/100] | Train: Loss=-1.0206, BCE=0.4866, Reg=-1.5072, AUC=0.8164, ACC=0.7508, RMSE=0.4027 | Val: Loss=-1.0159, BCE=0.5349, Reg=-1.5508, AUC=0.7686, ACC=0.7277, RMSE=0.4237
2026-04-12 07:25:41,044 - INFO - [assist_09|assist_09_abce_best_no_A|lr=0.0003|drop=0.20] [Reg Terms] Epoch [060] | Train: graph_entropy=0.000000, graph_diag=0.000000, graph_uniform=0.000000, graph_reg_scale=1.0000, prediction_l2=0.000002, personal_sparse=0.000000, alpha_var=-1.507190, alpha_collapse=0.000000, reg_bce_ratio=-3.0975 | Val: graph_entropy=0.000000, graph_diag=0.000000, graph_uniform=0.000000, graph_reg_scale=1.0000, prediction_l2=0.000002, personal_sparse=0.000000, alpha_var=-1.550791, alpha_collapse=0.000000, reg_bce_ratio=-2.8992
2026-04-12 07:25:41,247 - INFO - [assist_09|assist_09_abce_best_no_A|lr=0.0003|drop=0.20] [Diag][AE] Epoch [060] | irt_abs_mean=1.5395, irt_std=1.0034, personal_warmup_scale=1.00, graph_row_entropy=0.0000, graph_entropy_ratio=0.0000, alpha_mean=0.1750, alpha_std=0.1750, alpha_bias_std=7.1489, personal_row_entropy=0.0000, personal_matrix_delta=0.0000, personal_matrix_student_std=0.0000, personal_delta_pre_softmax_norm=0.0000, personal_delta_student_std=0.0000, alpha_head_std=0.1750
2026-04-12 07:25:41,247 - INFO - [assist_09|assist_09_abce_best_no_A|lr=0.0003|drop=0.20] [Diag][Graph] Epoch [060] | entropy_ratio=0.0000, diag_mass=1.0000, to_uniform_l2=0.089800, to_identity_l2=0.000000, tau_mean=0.0000, tau_std=0.0000, graph_reg_scale(train/val)=1.0000/1.0000
2026-04-12 07:25:41,247 - WARNING - [assist_09|assist_09_abce_best_no_A|lr=0.0003|drop=0.20] [Diag Warning][E] personal_delta_student_std is near zero: personal_delta_student_std=0.000000, personal_delta_pre_softmax_norm=0.000000
2026-04-12 07:25:41,247 - INFO - [assist_09|assist_09_abce_best_no_A|lr=0.0003|drop=0.20] [Grad Norms] Epoch [060] | relation_emb=0.000000e+00, relation_tau=0.000000e+00, relation_wq=0.000000e+00, relation_wk=0.000000e+00, personal_u=0.000000e+00, personal_v=0.000000e+00, personal_alpha_bias=3.353589e-02, personal_gate_emb=0.000000e+00, personal_gate_student_proj=0.000000e+00, personal_gate_context_proj=1.550409e-05, personal_gate_student_direct=0.000000e+00, personal_gate_context_direct=7.150074e-06, personal_gate_out=1.527429e-05, personal_generator_emb=0.000000e+00, personal_generator_context_proj=0.000000e+00, personal_generator_context_hidden=0.000000e+00, personal_generator_context_to_u=0.000000e+00, personal_generator_context_to_v=0.000000e+00
2026-04-12 07:25:41,248 - INFO - [assist_09|assist_09_abce_best_no_A|lr=0.0003|drop=0.20] -> No improvement 1 epoch(s) (best AUC=0.7686 @ 59)
2026-04-12 07:25:41,285 - INFO - [assist_09|assist_09_abce_best_no_A|lr=0.0003|drop=0.20] Checkpoint saved: checkpoints/abce_diag/ae_fix_20260412_fdafa52/assist_09/seed42/best_no_A/checkpoint_epoch_60.pth
2026-04-12 07:25:41,489 - INFO - [assist_09|assist_09_abce_best_no_A|lr=0.0003|drop=0.20] [Module Activity] Epoch 60: Personal[X]
2026-04-12 07:25:51,752 - INFO - [assist_09|assist_09_abce_best_full|lr=0.0003|drop=0.20] Epoch [035/100] | Train: Loss=-0.0621, BCE=0.4493, Reg=-0.5115, AUC=0.8470, ACC=0.7722, RMSE=0.3859 | Val: Loss=0.0153, BCE=0.5682, Reg=-0.5529, AUC=0.7593, ACC=0.7284, RMSE=0.4317
2026-04-12 07:25:51,753 - INFO - [assist_09|assist_09_abce_best_full|lr=0.0003|drop=0.20] [Reg Terms] Epoch [035] | Train: graph_entropy=0.000001, graph_diag=0.020000, graph_uniform=0.001193, graph_reg_scale=1.0000, prediction_l2=0.000001, personal_sparse=0.001490, alpha_var=-0.534158, alpha_collapse=0.000000, reg_bce_ratio=-1.1383 | Val: graph_entropy=0.000000, graph_diag=0.020000, graph_uniform=0.001203, graph_reg_scale=1.0000, prediction_l2=0.000001, personal_sparse=0.001522, alpha_var=-0.575651, alpha_collapse=0.000000, reg_bce_ratio=-0.9731
2026-04-12 07:25:52,029 - INFO - [assist_09|assist_09_abce_best_full|lr=0.0003|drop=0.20] [Diag][AE] Epoch [035] | irt_abs_mean=2.2458, irt_std=1.5277, personal_warmup_scale=1.00, graph_row_entropy=0.7608, graph_entropy_ratio=0.1581, alpha_mean=0.1750, alpha_std=0.1749, alpha_bias_std=4.3031, personal_row_entropy=0.7609, personal_matrix_delta=0.0000, personal_matrix_student_std=0.0000, personal_delta_pre_softmax_norm=0.0000, personal_delta_student_std=0.0000, alpha_head_std=0.1749
2026-04-12 07:25:52,030 - INFO - [assist_09|assist_09_abce_best_full|lr=0.0003|drop=0.20] [Diag][Graph] Epoch [035] | entropy_ratio=0.1581, diag_mass=0.2000, to_uniform_l2=0.069934, to_identity_l2=0.099171, tau_mean=0.4622, tau_std=0.0241, graph_reg_scale(train/val)=1.0000/1.0000
2026-04-12 07:25:52,030 - WARNING - [assist_09|assist_09_abce_best_full|lr=0.0003|drop=0.20] [Diag Warning][E] personal_delta_student_std is near zero: personal_delta_student_std=0.000000, personal_delta_pre_softmax_norm=0.000000
2026-04-12 07:25:52,030 - INFO - [assist_09|assist_09_abce_best_full|lr=0.0003|drop=0.20] [Grad Norms] Epoch [035] | relation_emb=1.029565e-02, relation_tau=4.254879e-04, relation_wq=4.854438e-04, relation_wk=8.584390e-05, personal_u=0.000000e+00, personal_v=0.000000e+00, personal_alpha_bias=2.368427e-02, personal_gate_emb=0.000000e+00, personal_gate_student_proj=0.000000e+00, personal_gate_context_proj=1.197103e-05, personal_gate_student_direct=0.000000e+00, personal_gate_context_direct=4.914416e-06, personal_gate_out=1.290406e-05, personal_generator_emb=0.000000e+00, personal_generator_context_proj=0.000000e+00, personal_generator_context_hidden=0.000000e+00, personal_generator_context_to_u=0.000000e+00, personal_generator_context_to_v=0.000000e+00
2026-04-12 07:25:52,384 - INFO - [assist_09|assist_09_abce_best_full|lr=0.0003|drop=0.20] -> New best AUC=0.7593 at epoch 35
2026-04-12 07:26:07,921 - INFO - [assist_09|assist_09_abce_best_no_A|lr=0.0003|drop=0.20] Epoch [061/100] | Train: Loss=-1.0701, BCE=0.4864, Reg=-1.5565, AUC=0.8167, ACC=0.7510, RMSE=0.4026 | Val: Loss=-1.0664, BCE=0.5346, Reg=-1.6009, AUC=0.7687, ACC=0.7285, RMSE=0.4235
2026-04-12 07:26:07,921 - INFO - [assist_09|assist_09_abce_best_no_A|lr=0.0003|drop=0.20] [Reg Terms] Epoch [061] | Train: graph_entropy=0.000000, graph_diag=0.000000, graph_uniform=0.000000, graph_reg_scale=1.0000, prediction_l2=0.000002, personal_sparse=0.000000, alpha_var=-1.556479, alpha_collapse=0.000000, reg_bce_ratio=-3.2002 | Val: graph_entropy=0.000000, graph_diag=0.000000, graph_uniform=0.000000, graph_reg_scale=1.0000, prediction_l2=0.000002, personal_sparse=0.000000, alpha_var=-1.600933, alpha_collapse=0.000000, reg_bce_ratio=-2.9949
2026-04-12 07:26:08,189 - INFO - [assist_09|assist_09_abce_best_no_A|lr=0.0003|drop=0.20] [Diag][AE] Epoch [061] | irt_abs_mean=1.5239, irt_std=0.9918, personal_warmup_scale=1.00, graph_row_entropy=0.0000, graph_entropy_ratio=0.0000, alpha_mean=0.1750, alpha_std=0.1750, alpha_bias_std=7.2622, personal_row_entropy=0.0000, personal_matrix_delta=0.0000, personal_matrix_student_std=0.0000, personal_delta_pre_softmax_norm=0.0000, personal_delta_student_std=0.0000, alpha_head_std=0.1750
2026-04-12 07:26:08,189 - INFO - [assist_09|assist_09_abce_best_no_A|lr=0.0003|drop=0.20] [Diag][Graph] Epoch [061] | entropy_ratio=0.0000, diag_mass=1.0000, to_uniform_l2=0.089800, to_identity_l2=0.000000, tau_mean=0.0000, tau_std=0.0000, graph_reg_scale(train/val)=1.0000/1.0000
2026-04-12 07:26:08,190 - WARNING - [assist_09|assist_09_abce_best_no_A|lr=0.0003|drop=0.20] [Diag Warning][E] personal_delta_student_std is near zero: personal_delta_student_std=0.000000, personal_delta_pre_softmax_norm=0.000000
2026-04-12 07:26:08,190 - INFO - [assist_09|assist_09_abce_best_no_A|lr=0.0003|drop=0.20] [Grad Norms] Epoch [061] | relation_emb=0.000000e+00, relation_tau=0.000000e+00, relation_wq=0.000000e+00, relation_wk=0.000000e+00, personal_u=0.000000e+00, personal_v=0.000000e+00, personal_alpha_bias=3.728913e-02, personal_gate_emb=0.000000e+00, personal_gate_student_proj=0.000000e+00, personal_gate_context_proj=3.579929e-06, personal_gate_student_direct=0.000000e+00, personal_gate_context_direct=1.637874e-06, personal_gate_out=3.558174e-06, personal_generator_emb=0.000000e+00, personal_generator_context_proj=0.000000e+00, personal_generator_context_hidden=0.000000e+00, personal_generator_context_to_u=0.000000e+00, personal_generator_context_to_v=0.000000e+00
2026-04-12 07:26:08,530 - INFO - [assist_09|assist_09_abce_best_no_A|lr=0.0003|drop=0.20] -> New best AUC=0.7687 at epoch 61
2026-04-12 07:26:34,438 - INFO - [assist_09|assist_09_abce_best_full|lr=0.0003|drop=0.20] Epoch [036/100] | Train: Loss=-0.0927, BCE=0.4484, Reg=-0.5411, AUC=0.8476, ACC=0.7730, RMSE=0.3855 | Val: Loss=-0.0186, BCE=0.5658, Reg=-0.5844, AUC=0.7588, ACC=0.7275, RMSE=0.4314
2026-04-12 07:26:34,438 - INFO - [assist_09|assist_09_abce_best_full|lr=0.0003|drop=0.20] [Reg Terms] Epoch [036] | Train: graph_entropy=0.000001, graph_diag=0.020000, graph_uniform=0.001194, graph_reg_scale=1.0000, prediction_l2=0.000001, personal_sparse=0.001493, alpha_var=-0.563758, alpha_collapse=0.000000, reg_bce_ratio=-1.2067 | Val: graph_entropy=0.000000, graph_diag=0.020000, graph_uniform=0.001201, graph_reg_scale=1.0000, prediction_l2=0.000001, personal_sparse=0.001516, alpha_var=-0.607151, alpha_collapse=0.000000, reg_bce_ratio=-1.0329
2026-04-12 07:26:34,644 - INFO - [assist_09|assist_09_abce_best_full|lr=0.0003|drop=0.20] [Diag][AE] Epoch [036] | irt_abs_mean=2.1607, irt_std=1.4929, personal_warmup_scale=1.00, graph_row_entropy=0.7582, graph_entropy_ratio=0.1576, alpha_mean=0.1750, alpha_std=0.1749, alpha_bias_std=4.4189, personal_row_entropy=0.7582, personal_matrix_delta=0.0000, personal_matrix_student_std=0.0000, personal_delta_pre_softmax_norm=0.0000, personal_delta_student_std=0.0000, alpha_head_std=0.1749
2026-04-12 07:26:34,645 - INFO - [assist_09|assist_09_abce_best_full|lr=0.0003|drop=0.20] [Diag][Graph] Epoch [036] | entropy_ratio=0.1576, diag_mass=0.2000, to_uniform_l2=0.069968, to_identity_l2=0.099195, tau_mean=0.4578, tau_std=0.0245, graph_reg_scale(train/val)=1.0000/1.0000
2026-04-12 07:26:34,645 - WARNING - [assist_09|assist_09_abce_best_full|lr=0.0003|drop=0.20] [Diag Warning][E] personal_delta_student_std is near zero: personal_delta_student_std=0.000000, personal_delta_pre_softmax_norm=0.000000
2026-04-12 07:26:34,645 - INFO - [assist_09|assist_09_abce_best_full|lr=0.0003|drop=0.20] [Grad Norms] Epoch [036] | relation_emb=9.501780e-03, relation_tau=2.504342e-03, relation_wq=6.779748e-04, relation_wk=5.602291e-04, personal_u=0.000000e+00, personal_v=0.000000e+00, personal_alpha_bias=2.049301e-02, personal_gate_emb=0.000000e+00, personal_gate_student_proj=0.000000e+00, personal_gate_context_proj=1.127063e-05, personal_gate_student_direct=0.000000e+00, personal_gate_context_direct=4.658904e-06, personal_gate_out=1.223254e-05, personal_generator_emb=0.000000e+00, personal_generator_context_proj=0.000000e+00, personal_generator_context_hidden=0.000000e+00, personal_generator_context_to_u=0.000000e+00, personal_generator_context_to_v=0.000000e+00
2026-04-12 07:26:34,645 - INFO - [assist_09|assist_09_abce_best_full|lr=0.0003|drop=0.20] -> No improvement 1 epoch(s) (best AUC=0.7593 @ 35)
2026-04-12 07:26:34,985 - INFO - [assist_09|assist_09_abce_best_no_A|lr=0.0003|drop=0.20] Epoch [062/100] | Train: Loss=-1.1204, BCE=0.4861, Reg=-1.6065, AUC=0.8169, ACC=0.7518, RMSE=0.4025 | Val: Loss=-1.1173, BCE=0.5345, Reg=-1.6519, AUC=0.7687, ACC=0.7277, RMSE=0.4235
2026-04-12 07:26:34,985 - INFO - [assist_09|assist_09_abce_best_no_A|lr=0.0003|drop=0.20] [Reg Terms] Epoch [062] | Train: graph_entropy=0.000000, graph_diag=0.000000, graph_uniform=0.000000, graph_reg_scale=1.0000, prediction_l2=0.000002, personal_sparse=0.000000, alpha_var=-1.606501, alpha_collapse=0.000000, reg_bce_ratio=-3.3048 | Val: graph_entropy=0.000000, graph_diag=0.000000, graph_uniform=0.000000, graph_reg_scale=1.0000, prediction_l2=0.000002, personal_sparse=0.000000, alpha_var=-1.651863, alpha_collapse=0.000000, reg_bce_ratio=-3.0902
2026-04-12 07:26:35,264 - INFO - [assist_09|assist_09_abce_best_no_A|lr=0.0003|drop=0.20] [Diag][AE] Epoch [062] | irt_abs_mean=1.5136, irt_std=0.9894, personal_warmup_scale=1.00, graph_row_entropy=0.0000, graph_entropy_ratio=0.0000, alpha_mean=0.1750, alpha_std=0.1750, alpha_bias_std=7.3763, personal_row_entropy=0.0000, personal_matrix_delta=0.0000, personal_matrix_student_std=0.0000, personal_delta_pre_softmax_norm=0.0000, personal_delta_student_std=0.0000, alpha_head_std=0.1750
2026-04-12 07:26:35,264 - INFO - [assist_09|assist_09_abce_best_no_A|lr=0.0003|drop=0.20] [Diag][Graph] Epoch [062] | entropy_ratio=0.0000, diag_mass=1.0000, to_uniform_l2=0.089800, to_identity_l2=0.000000, tau_mean=0.0000, tau_std=0.0000, graph_reg_scale(train/val)=1.0000/1.0000
2026-04-12 07:26:35,264 - WARNING - [assist_09|assist_09_abce_best_no_A|lr=0.0003|drop=0.20] [Diag Warning][E] personal_delta_student_std is near zero: personal_delta_student_std=0.000000, personal_delta_pre_softmax_norm=0.000000
2026-04-12 07:26:35,264 - INFO - [assist_09|assist_09_abce_best_no_A|lr=0.0003|drop=0.20] [Grad Norms] Epoch [062] | relation_emb=0.000000e+00, relation_tau=0.000000e+00, relation_wq=0.000000e+00, relation_wk=0.000000e+00, personal_u=0.000000e+00, personal_v=0.000000e+00, personal_alpha_bias=3.854280e-02, personal_gate_emb=0.000000e+00, personal_gate_student_proj=0.000000e+00, personal_gate_context_proj=1.463913e-05, personal_gate_student_direct=0.000000e+00, personal_gate_context_direct=7.216242e-06, personal_gate_out=1.507191e-05, personal_generator_emb=0.000000e+00, personal_generator_context_proj=0.000000e+00, personal_generator_context_hidden=0.000000e+00, personal_generator_context_to_u=0.000000e+00, personal_generator_context_to_v=0.000000e+00
2026-04-12 07:26:35,791 - INFO - [assist_09|assist_09_abce_best_no_A|lr=0.0003|drop=0.20] -> New best AUC=0.7687 at epoch 62
2026-04-12 07:27:02,496 - INFO - [assist_09|assist_09_abce_best_no_A|lr=0.0003|drop=0.20] Epoch [063/100] | Train: Loss=-1.1710, BCE=0.4860, Reg=-1.6571, AUC=0.8169, ACC=0.7509, RMSE=0.4025 | Val: Loss=-1.1690, BCE=0.5346, Reg=-1.7036, AUC=0.7687, ACC=0.7271, RMSE=0.4235
2026-04-12 07:27:02,496 - INFO - [assist_09|assist_09_abce_best_no_A|lr=0.0003|drop=0.20] [Reg Terms] Epoch [063] | Train: graph_entropy=0.000000, graph_diag=0.000000, graph_uniform=0.000000, graph_reg_scale=1.0000, prediction_l2=0.000002, personal_sparse=0.000000, alpha_var=-1.657057, alpha_collapse=0.000000, reg_bce_ratio=-3.4095 | Val: graph_entropy=0.000000, graph_diag=0.000000, graph_uniform=0.000000, graph_reg_scale=1.0000, prediction_l2=0.000002, personal_sparse=0.000000, alpha_var=-1.703639, alpha_collapse=0.000000, reg_bce_ratio=-3.1867
2026-04-12 07:27:02,710 - INFO - [assist_09|assist_09_abce_best_no_A|lr=0.0003|drop=0.20] [Diag][AE] Epoch [063] | irt_abs_mean=1.5412, irt_std=1.0079, personal_warmup_scale=1.00, graph_row_entropy=0.0000, graph_entropy_ratio=0.0000, alpha_mean=0.1750, alpha_std=0.1750, alpha_bias_std=7.4906, personal_row_entropy=0.0000, personal_matrix_delta=0.0000, personal_matrix_student_std=0.0000, personal_delta_pre_softmax_norm=0.0000, personal_delta_student_std=0.0000, alpha_head_std=0.1750
2026-04-12 07:27:02,710 - INFO - [assist_09|assist_09_abce_best_no_A|lr=0.0003|drop=0.20] [Diag][Graph] Epoch [063] | entropy_ratio=0.0000, diag_mass=1.0000, to_uniform_l2=0.089800, to_identity_l2=0.000000, tau_mean=0.0000, tau_std=0.0000, graph_reg_scale(train/val)=1.0000/1.0000
2026-04-12 07:27:02,710 - WARNING - [assist_09|assist_09_abce_best_no_A|lr=0.0003|drop=0.20] [Diag Warning][E] personal_delta_student_std is near zero: personal_delta_student_std=0.000000, personal_delta_pre_softmax_norm=0.000000
2026-04-12 07:27:02,710 - INFO - [assist_09|assist_09_abce_best_no_A|lr=0.0003|drop=0.20] [Grad Norms] Epoch [063] | relation_emb=0.000000e+00, relation_tau=0.000000e+00, relation_wq=0.000000e+00, relation_wk=0.000000e+00, personal_u=0.000000e+00, personal_v=0.000000e+00, personal_alpha_bias=3.718490e-02, personal_gate_emb=0.000000e+00, personal_gate_student_proj=0.000000e+00, personal_gate_context_proj=1.638961e-05, personal_gate_student_direct=0.000000e+00, personal_gate_context_direct=8.898473e-06, personal_gate_out=1.854572e-05, personal_generator_emb=0.000000e+00, personal_generator_context_proj=0.000000e+00, personal_generator_context_hidden=0.000000e+00, personal_generator_context_to_u=0.000000e+00, personal_generator_context_to_v=0.000000e+00
2026-04-12 07:27:02,711 - INFO - [assist_09|assist_09_abce_best_no_A|lr=0.0003|drop=0.20] -> No improvement 1 epoch(s) (best AUC=0.7687 @ 62)
2026-04-12 07:27:18,363 - INFO - [assist_09|assist_09_abce_best_full|lr=0.0003|drop=0.20] Epoch [037/100] | Train: Loss=-0.1242, BCE=0.4473, Reg=-0.5715, AUC=0.8485, ACC=0.7731, RMSE=0.3850 | Val: Loss=-0.0496, BCE=0.5673, Reg=-0.6169, AUC=0.7589, ACC=0.7295, RMSE=0.4314
2026-04-12 07:27:18,364 - INFO - [assist_09|assist_09_abce_best_full|lr=0.0003|drop=0.20] [Reg Terms] Epoch [037] | Train: graph_entropy=0.000001, graph_diag=0.020000, graph_uniform=0.001193, graph_reg_scale=1.0000, prediction_l2=0.000001, personal_sparse=0.001490, alpha_var=-0.594233, alpha_collapse=0.000000, reg_bce_ratio=-1.2777 | Val: graph_entropy=0.000000, graph_diag=0.020000, graph_uniform=0.001184, graph_reg_scale=1.0000, prediction_l2=0.000001, personal_sparse=0.001460, alpha_var=-0.639498, alpha_collapse=0.000000, reg_bce_ratio=-1.0874
2026-04-12 07:27:18,632 - INFO - [assist_09|assist_09_abce_best_full|lr=0.0003|drop=0.20] [Diag][AE] Epoch [037] | irt_abs_mean=2.2168, irt_std=1.5247, personal_warmup_scale=1.00, graph_row_entropy=0.7297, graph_entropy_ratio=0.1516, alpha_mean=0.1750, alpha_std=0.1749, alpha_bias_std=4.5339, personal_row_entropy=0.7298, personal_matrix_delta=0.0000, personal_matrix_student_std=0.0000, personal_delta_pre_softmax_norm=0.0000, personal_delta_student_std=0.0000, alpha_head_std=0.1749
2026-04-12 07:27:18,633 - INFO - [assist_09|assist_09_abce_best_full|lr=0.0003|drop=0.20] [Diag][Graph] Epoch [037] | entropy_ratio=0.1516, diag_mass=0.2000, to_uniform_l2=0.070391, to_identity_l2=0.099494, tau_mean=0.4530, tau_std=0.0243, graph_reg_scale(train/val)=1.0000/1.0000
2026-04-12 07:27:18,633 - WARNING - [assist_09|assist_09_abce_best_full|lr=0.0003|drop=0.20] [Diag Warning][E] personal_delta_student_std is near zero: personal_delta_student_std=0.000000, personal_delta_pre_softmax_norm=0.000001
2026-04-12 07:27:18,633 - INFO - [assist_09|assist_09_abce_best_full|lr=0.0003|drop=0.20] [Grad Norms] Epoch [037] | relation_emb=1.208044e-02, relation_tau=1.009716e-03, relation_wq=1.087876e-03, relation_wk=2.260445e-04, personal_u=0.000000e+00, personal_v=0.000000e+00, personal_alpha_bias=2.485475e-02, personal_gate_emb=0.000000e+00, personal_gate_student_proj=0.000000e+00, personal_gate_context_proj=9.251387e-06, personal_gate_student_direct=0.000000e+00, personal_gate_context_direct=3.904581e-06, personal_gate_out=1.027749e-05, personal_generator_emb=0.000000e+00, personal_generator_context_proj=0.000000e+00, personal_generator_context_hidden=0.000000e+00, personal_generator_context_to_u=0.000000e+00, personal_generator_context_to_v=0.000000e+00
2026-04-12 07:27:18,633 - INFO - [assist_09|assist_09_abce_best_full|lr=0.0003|drop=0.20] -> No improvement 2 epoch(s) (best AUC=0.7593 @ 35)
2026-04-12 07:27:28,202 - INFO - [assist_09|assist_09_abce_best_no_A|lr=0.0003|drop=0.20] Epoch [064/100] | Train: Loss=-1.2229, BCE=0.4859, Reg=-1.7088, AUC=0.8170, ACC=0.7516, RMSE=0.4024 | Val: Loss=-1.2216, BCE=0.5345, Reg=-1.7561, AUC=0.7687, ACC=0.7277, RMSE=0.4235
2026-04-12 07:27:28,202 - INFO - [assist_09|assist_09_abce_best_no_A|lr=0.0003|drop=0.20] [Reg Terms] Epoch [064] | Train: graph_entropy=0.000000, graph_diag=0.000000, graph_uniform=0.000000, graph_reg_scale=1.0000, prediction_l2=0.000002, personal_sparse=0.000000, alpha_var=-1.708836, alpha_collapse=0.000000, reg_bce_ratio=-3.5168 | Val: graph_entropy=0.000000, graph_diag=0.000000, graph_uniform=0.000000, graph_reg_scale=1.0000, prediction_l2=0.000002, personal_sparse=0.000000, alpha_var=-1.756116, alpha_collapse=0.000000, reg_bce_ratio=-3.2854
2026-04-12 07:27:28,508 - INFO - [assist_09|assist_09_abce_best_no_A|lr=0.0003|drop=0.20] [Diag][AE] Epoch [064] | irt_abs_mean=1.5245, irt_std=0.9965, personal_warmup_scale=1.00, graph_row_entropy=0.0000, graph_entropy_ratio=0.0000, alpha_mean=0.1750, alpha_std=0.1750, alpha_bias_std=7.6065, personal_row_entropy=0.0000, personal_matrix_delta=0.0000, personal_matrix_student_std=0.0000, personal_delta_pre_softmax_norm=0.0000, personal_delta_student_std=0.0000, alpha_head_std=0.1750
2026-04-12 07:27:28,509 - INFO - [assist_09|assist_09_abce_best_no_A|lr=0.0003|drop=0.20] [Diag][Graph] Epoch [064] | entropy_ratio=0.0000, diag_mass=1.0000, to_uniform_l2=0.089800, to_identity_l2=0.000000, tau_mean=0.0000, tau_std=0.0000, graph_reg_scale(train/val)=1.0000/1.0000
2026-04-12 07:27:28,509 - WARNING - [assist_09|assist_09_abce_best_no_A|lr=0.0003|drop=0.20] [Diag Warning][E] personal_delta_student_std is near zero: personal_delta_student_std=0.000000, personal_delta_pre_softmax_norm=0.000000
2026-04-12 07:27:28,509 - INFO - [assist_09|assist_09_abce_best_no_A|lr=0.0003|drop=0.20] [Grad Norms] Epoch [064] | relation_emb=0.000000e+00, relation_tau=0.000000e+00, relation_wq=0.000000e+00, relation_wk=0.000000e+00, personal_u=0.000000e+00, personal_v=0.000000e+00, personal_alpha_bias=4.425963e-02, personal_gate_emb=0.000000e+00, personal_gate_student_proj=0.000000e+00, personal_gate_context_proj=6.678714e-06, personal_gate_student_direct=0.000000e+00, personal_gate_context_direct=3.155020e-06, personal_gate_out=6.779076e-06, personal_generator_emb=0.000000e+00, personal_generator_context_proj=0.000000e+00, personal_generator_context_hidden=0.000000e+00, personal_generator_context_to_u=0.000000e+00, personal_generator_context_to_v=0.000000e+00
2026-04-12 07:27:28,509 - INFO - [assist_09|assist_09_abce_best_no_A|lr=0.0003|drop=0.20] -> No improvement 2 epoch(s) (best AUC=0.7687 @ 62)
2026-04-12 07:27:54,139 - INFO - [assist_09|assist_09_abce_best_no_A|lr=0.0003|drop=0.20] Epoch [065/100] | Train: Loss=-1.2752, BCE=0.4858, Reg=-1.7610, AUC=0.8169, ACC=0.7512, RMSE=0.4024 | Val: Loss=-1.2748, BCE=0.5346, Reg=-1.8094, AUC=0.7687, ACC=0.7276, RMSE=0.4235
2026-04-12 07:27:54,140 - INFO - [assist_09|assist_09_abce_best_no_A|lr=0.0003|drop=0.20] [Reg Terms] Epoch [065] | Train: graph_entropy=0.000000, graph_diag=0.000000, graph_uniform=0.000000, graph_reg_scale=1.0000, prediction_l2=0.000002, personal_sparse=0.000000, alpha_var=-1.760986, alpha_collapse=0.000000, reg_bce_ratio=-3.6251 | Val: graph_entropy=0.000000, graph_diag=0.000000, graph_uniform=0.000000, graph_reg_scale=1.0000, prediction_l2=0.000002, personal_sparse=0.000000, alpha_var=-1.809434, alpha_collapse=0.000000, reg_bce_ratio=-3.3843
2026-04-12 07:27:54,419 - INFO - [assist_09|assist_09_abce_best_no_A|lr=0.0003|drop=0.20] [Diag][AE] Epoch [065] | irt_abs_mean=1.5228, irt_std=0.9908, personal_warmup_scale=1.00, graph_row_entropy=0.0000, graph_entropy_ratio=0.0000, alpha_mean=0.1750, alpha_std=0.1750, alpha_bias_std=7.7200, personal_row_entropy=0.0000, personal_matrix_delta=0.0000, personal_matrix_student_std=0.0000, personal_delta_pre_softmax_norm=0.0000, personal_delta_student_std=0.0000, alpha_head_std=0.1750
2026-04-12 07:27:54,420 - INFO - [assist_09|assist_09_abce_best_no_A|lr=0.0003|drop=0.20] [Diag][Graph] Epoch [065] | entropy_ratio=0.0000, diag_mass=1.0000, to_uniform_l2=0.089800, to_identity_l2=0.000000, tau_mean=0.0000, tau_std=0.0000, graph_reg_scale(train/val)=1.0000/1.0000
2026-04-12 07:27:54,420 - WARNING - [assist_09|assist_09_abce_best_no_A|lr=0.0003|drop=0.20] [Diag Warning][E] personal_delta_student_std is near zero: personal_delta_student_std=0.000000, personal_delta_pre_softmax_norm=0.000000
2026-04-12 07:27:54,420 - INFO - [assist_09|assist_09_abce_best_no_A|lr=0.0003|drop=0.20] [Grad Norms] Epoch [065] | relation_emb=0.000000e+00, relation_tau=0.000000e+00, relation_wq=0.000000e+00, relation_wk=0.000000e+00, personal_u=0.000000e+00, personal_v=0.000000e+00, personal_alpha_bias=3.789268e-02, personal_gate_emb=0.000000e+00, personal_gate_student_proj=0.000000e+00, personal_gate_context_proj=1.564173e-05, personal_gate_student_direct=0.000000e+00, personal_gate_context_direct=8.643270e-06, personal_gate_out=1.801303e-05, personal_generator_emb=0.000000e+00, personal_generator_context_proj=0.000000e+00, personal_generator_context_hidden=0.000000e+00, personal_generator_context_to_u=0.000000e+00, personal_generator_context_to_v=0.000000e+00
2026-04-12 07:27:54,420 - INFO - [assist_09|assist_09_abce_best_no_A|lr=0.0003|drop=0.20] -> No improvement 3 epoch(s) (best AUC=0.7687 @ 62)
2026-04-12 07:27:54,420 - INFO - [assist_09|assist_09_abce_best_no_A|lr=0.0003|drop=0.20] Early stopping at epoch 65 (best AUC=0.7687 @ 62)
2026-04-12 07:27:54,431 - INFO - Epoch-wise metrics saved to checkpoints/abce_diag/ae_fix_20260412_fdafa52/assist_09/seed42/best_no_A/metrics_history.csv
2026-04-12 07:27:54,436 - INFO - [assist_09|assist_09_abce_best_no_A|lr=0.0003|drop=0.20] Training completed! Best Val AUC=0.7687 @ epoch 62
2026-04-12 07:27:54,655 - INFO - 
============================================================
         MODULE ACTIVITY REPORT
============================================================
Dataset: assist_09 | Seed: 42 | Epoch: 65

1. Concept Graph Module (A):
   - Status: DISABLED (use_concept_graph=False or no_A)

2. Personal Graph Module (E):
   - Alpha mean: 0.175
   - Alpha std: 0.175
   - Alpha bias std: 9.039
   - Personal/global delta: 0.0000
   - Inter-student matrix std: 0.0000
   - Status: INACTIVE (personal graph barely deviates from global graph)
   -> Consider: strengthen personal delta or alpha anti-collapse regularization

------------------------------------------------------------
SUMMARY:
   Inactive modules: Personal Graph (E)
============================================================
2026-04-12 07:27:54,656 - INFO - [assist_09|assist_09_abce_best_no_A|lr=0.0003|drop=0.20] Module activity saved to checkpoints/abce_diag/ae_fix_20260412_fdafa52/assist_09/seed42/best_no_A/module_activity.json
2026-04-12 07:27:54,711 - INFO - Using device: cuda:0 (physical gpu 2)
2026-04-12 07:27:54,712 - INFO - Loading model from checkpoints/abce_diag/ae_fix_20260412_fdafa52/assist_09/seed42/best_no_A/best_model.pth...
2026-04-12 07:27:54,868 - INFO - Inference switches: ablate_module1=False | enable_module1=True | use_concept_graph=False | effective(num_gnn_layers=0)
2026-04-12 07:27:54,887 - INFO - [Inference] Ablation runtime check: args(ablate_module1=False) | model(enable_module1=True) | physical(has_knowledge_encoder=True)
2026-04-12 07:27:54,888 - INFO - [Inference] [Graph Init] graph_tau_mean=0.0000, graph_tau_std=0.0000, graph_dropout=0.000, use_personal_graph=True
2026-04-12 07:27:54,889 - INFO - Model loaded from epoch 62. Start testing...
[GPU] Status: [GPU 2: 23395MiB free]
2026-04-12 07:27:55,868 - INFO - [Test] 200/411 batches done, samples=25600
2026-04-12 07:27:56,563 - INFO - [Test] 400/411 batches done, samples=51200
2026-04-12 07:27:56,670 - INFO - 
==================================================
2026-04-12 07:27:56,670 - INFO - Test Results:
2026-04-12 07:27:56,670 - INFO - AUC: 0.7675
2026-04-12 07:27:56,670 - INFO - ACC: 0.7314
2026-04-12 07:27:56,670 - INFO - RMSE: 0.4225
2026-04-12 07:27:56,670 - INFO - ==================================================
2026-04-12 07:27:56,681 - INFO - Summary appended to /home/zsh/ConceptSkillCDM/results/experiment_results.csv
2026-04-12 07:27:56,686 - INFO - Run completed.
2026-04-12 07:27:56,686 - INFO - Best validation AUC: 0.7687 at epoch 62
2026-04-12 07:27:56,687 - INFO - Test metrics - AUC: 0.7675, ACC: 0.7314, RMSE: 0.4225
2026-04-12 07:28:02,529 - INFO - [assist_09|assist_09_abce_best_full|lr=0.0003|drop=0.20] Epoch [038/100] | Train: Loss=-0.1557, BCE=0.4470, Reg=-0.6027, AUC=0.8484, ACC=0.7737, RMSE=0.3849 | Val: Loss=-0.0780, BCE=0.5719, Reg=-0.6500, AUC=0.7599, ACC=0.7295, RMSE=0.4322
2026-04-12 07:28:02,529 - INFO - [assist_09|assist_09_abce_best_full|lr=0.0003|drop=0.20] [Reg Terms] Epoch [038] | Train: graph_entropy=0.000001, graph_diag=0.020000, graph_uniform=0.001195, graph_reg_scale=1.0000, prediction_l2=0.000001, personal_sparse=0.001497, alpha_var=-0.625371, alpha_collapse=0.000000, reg_bce_ratio=-1.3484 | Val: graph_entropy=0.000000, graph_diag=0.020000, graph_uniform=0.001184, graph_reg_scale=1.0000, prediction_l2=0.000002, personal_sparse=0.001461, alpha_var=-0.672616, alpha_collapse=0.000000, reg_bce_ratio=-1.1364
2026-04-12 07:28:02,743 - INFO - [assist_09|assist_09_abce_best_full|lr=0.0003|drop=0.20] [Diag][AE] Epoch [038] | irt_abs_mean=2.2936, irt_std=1.5424, personal_warmup_scale=1.00, graph_row_entropy=0.7303, graph_entropy_ratio=0.1518, alpha_mean=0.1750, alpha_std=0.1749, alpha_bias_std=4.6522, personal_row_entropy=0.7303, personal_matrix_delta=0.0000, personal_matrix_student_std=0.0000, personal_delta_pre_softmax_norm=0.0000, personal_delta_student_std=0.0000, alpha_head_std=0.1749
2026-04-12 07:28:02,743 - INFO - [assist_09|assist_09_abce_best_full|lr=0.0003|drop=0.20] [Diag][Graph] Epoch [038] | entropy_ratio=0.1518, diag_mass=0.2000, to_uniform_l2=0.070389, to_identity_l2=0.099493, tau_mean=0.4491, tau_std=0.0247, graph_reg_scale(train/val)=1.0000/1.0000
2026-04-12 07:28:02,744 - WARNING - [assist_09|assist_09_abce_best_full|lr=0.0003|drop=0.20] [Diag Warning][E] personal_delta_student_std is near zero: personal_delta_student_std=0.000000, personal_delta_pre_softmax_norm=0.000000
2026-04-12 07:28:02,744 - INFO - [assist_09|assist_09_abce_best_full|lr=0.0003|drop=0.20] [Grad Norms] Epoch [038] | relation_emb=8.490459e-03, relation_tau=1.430483e-03, relation_wq=5.501375e-04, relation_wk=3.162916e-04, personal_u=0.000000e+00, personal_v=0.000000e+00, personal_alpha_bias=2.096241e-02, personal_gate_emb=0.000000e+00, personal_gate_student_proj=0.000000e+00, personal_gate_context_proj=1.915893e-05, personal_gate_student_direct=0.000000e+00, personal_gate_context_direct=7.800715e-06, personal_gate_out=2.048316e-05, personal_generator_emb=0.000000e+00, personal_generator_context_proj=0.000000e+00, personal_generator_context_hidden=0.000000e+00, personal_generator_context_to_u=0.000000e+00, personal_generator_context_to_v=0.000000e+00
2026-04-12 07:28:03,052 - INFO - [assist_09|assist_09_abce_best_full|lr=0.0003|drop=0.20] -> New best AUC=0.7599 at epoch 38
2026-04-12 07:28:04,267 - INFO - Arguments:
2026-04-12 07:28:04,267 - INFO -   ablate_concept_graph: False
2026-04-12 07:28:04,267 - INFO -   ablate_module1: False
2026-04-12 07:28:04,267 - INFO -   allow_self_loop: True
2026-04-12 07:28:04,268 - INFO -   alpha_min_target: 0.0
2026-04-12 07:28:04,268 - INFO -   batch_size: 128
2026-04-12 07:28:04,268 - INFO -   data_dir: ./data/assist_09
2026-04-12 07:28:04,268 - INFO -   dataset_name: assist_09
2026-04-12 07:28:04,268 - INFO -   debug_graph_diag: True
2026-04-12 07:28:04,268 - INFO -   diag_batches: 1
2026-04-12 07:28:04,268 - INFO -   disable_self_loop: False
2026-04-12 07:28:04,268 - INFO -   dropout: 0.2
2026-04-12 07:28:04,268 - INFO -   early_stop_patience: 3
2026-04-12 07:28:04,268 - INFO -   enable_module1: True
2026-04-12 07:28:04,268 - INFO -   epochs: 100
2026-04-12 07:28:04,268 - INFO -   generate_diagnosis: False
2026-04-12 07:28:04,268 - INFO -   gnn_residual_weight: 0.5
2026-04-12 07:28:04,268 - INFO -   gpu_candidates: None
2026-04-12 07:28:04,268 - INFO -   gpu_ids: None
2026-04-12 07:28:04,268 - INFO -   gpu_memory_threshold: 2000
2026-04-12 07:28:04,268 - INFO -   gpus: None
2026-04-12 07:28:04,268 - INFO -   graph_dropout: 0.0
2026-04-12 07:28:04,268 - INFO -   graph_entropy_max: 0.8
2026-04-12 07:28:04,268 - INFO -   graph_entropy_min: 0.15
2026-04-12 07:28:04,268 - INFO -   graph_identity_residual: 0.2
2026-04-12 07:28:04,268 - INFO -   graph_reg_cap_ratio: 6.0
2026-04-12 07:28:04,268 - INFO -   graph_reg_warmup_epochs: 0
2026-04-12 07:28:04,268 - INFO -   graph_tau_init: 0.55
2026-04-12 07:28:04,268 - INFO -   graph_topk: 12
2026-04-12 07:28:04,268 - INFO -   graph_uniform_margin: 0.1
2026-04-12 07:28:04,268 - INFO -   knowledge_dim: 64
2026-04-12 07:28:04,268 - INFO -   lambda_alpha: 0.05
2026-04-12 07:28:04,268 - INFO -   lambda_alpha_min: 0.0
2026-04-12 07:28:04,268 - INFO -   lambda_graph_diag: 0.1
2026-04-12 07:28:04,268 - INFO -   lambda_graph_uniform: 0.04
2026-04-12 07:28:04,268 - INFO -   lambda_sparse: 1.0
2026-04-12 07:28:04,268 - INFO -   lambda_sparse_personal: 0.002
2026-04-12 07:28:04,268 - INFO -   learning_rate: 0.0003
2026-04-12 07:28:04,268 - INFO -   log_dir: logs/abce_diag/ae_fix_20260412_fdafa52/assist_09/seed42/best_no_E
2026-04-12 07:28:04,268 - INFO -   min_exer_interactions: 0
2026-04-12 07:28:04,268 - INFO -   min_poison_count: 0
2026-04-12 07:28:04,268 - INFO -   min_stu_interactions: 15
2026-04-12 07:28:04,268 - INFO -   model_variant: assist_09_abce_best_no_E
2026-04-12 07:28:04,268 - INFO -   multi_gpu: False
2026-04-12 07:28:04,268 - INFO -   no_cuda: False
2026-04-12 07:28:04,268 - INFO -   num_gnn_layers: 1
2026-04-12 07:28:04,269 - INFO -   num_gpus: 1
2026-04-12 07:28:04,269 - INFO -   num_relation_heads: 2
2026-04-12 07:28:04,269 - INFO -   num_workers: 4
2026-04-12 07:28:04,269 - INFO -   patience: 5
2026-04-12 07:28:04,269 - INFO -   personal_delta_scale: 1.0
2026-04-12 07:28:04,269 - INFO -   personal_max_alpha: 0.35
2026-04-12 07:28:04,269 - INFO -   personal_rank: 4
2026-04-12 07:28:04,269 - INFO -   personal_student_dim: None
2026-04-12 07:28:04,269 - INFO -   personal_warmup_epochs: 0
2026-04-12 07:28:04,269 - INFO -   prediction_l2_lambda: 1e-05
2026-04-12 07:28:04,269 - INFO -   save_dir: checkpoints/abce_diag/ae_fix_20260412_fdafa52/assist_09/seed42/best_no_E
2026-04-12 07:28:04,269 - INFO -   save_interval: 10
2026-04-12 07:28:04,269 - INFO -   seed: 42
2026-04-12 07:28:04,269 - INFO -   use_concept_graph: True
2026-04-12 07:28:04,269 - INFO -   use_exercise_graph: True
2026-04-12 07:28:04,269 - INFO -   use_personal_graph: False
2026-04-12 07:28:04,269 - INFO -   weight_decay: 1e-05
2026-04-12 07:28:04,352 - INFO - Using device: cuda:0 (physical gpu 2)
2026-04-12 07:28:04,352 - INFO - [assist_09|assist_09_abce_best_no_E|lr=0.0003|drop=0.20] Loading datasets...
2026-04-12 07:28:04,352 - INFO - [assist_09|assist_09_abce_best_no_E|lr=0.0003|drop=0.20] Regularization: graph_entropy(lambda_sparse)=1.000000, graph_diag=0.100000, graph_uniform=0.040000, personal_sparse=0.002000, alpha_penalty=0.050000, alpha_min=0.000000, prediction_l2=0.000010
2026-04-12 07:28:04,352 - INFO - [assist_09|assist_09_abce_best_no_E|lr=0.0003|drop=0.20] Graph controls: entropy_band=[0.15, 0.80], uniform_margin=0.10, warmup_epochs=0, cap_ratio=6.00, graph_dropout=0.000, graph_tau_init=0.550
2026-04-12 07:28:04,352 - INFO - [assist_09|assist_09_abce_best_no_E|lr=0.0003|drop=0.20] Personal controls: personal_max_alpha=0.350, personal_delta_scale=1.000, personal_warmup_epochs=0, personal_student_dim=None, alpha_min_target=0.0000
2026-04-12 07:28:04,436 - INFO - [assist_09] [数据清洗] 学生交互次数 < 15 次的学生：共移除 0 个学生（仅统计用户数）
2026-04-12 07:28:04,444 - INFO - [assist_09] [数据清洗] 学生冷启动过滤：在 train/valid/test 中共删除 0 条记录。
2026-04-12 07:28:04,444 - INFO - [assist_09] [数据清洗] 跳过题目冷门过滤（min_exer_interactions <= 0）。
2026-04-12 07:28:04,444 - INFO - [assist_09] [数据清洗] 跳过毒题清洗（min_poison_count <= 0）。
2026-04-12 07:28:04,444 - INFO - [assist_09] 正在构建ID映射...
2026-04-12 07:28:04,613 - INFO - [assist_09] 正在构建Q矩阵...
2026-04-12 07:28:12,229 - INFO - [assist_09] [统计] 开始统计清洗后每道题的概念数量分布...
2026-04-12 07:28:12,235 - INFO - [assist_09] [Train] 概念数统计：题目数=17099, 平均概念数=1.1992, min=1, max=4, 1概念=14168 (82.86%), ≥2概念=2931 (17.14%)
2026-04-12 07:28:12,236 - INFO - [assist_09] [Train] 概念数直方图（概念数: 题目数量）: {1: 14168, 2: 2536, 3: 315, 4: 80}
2026-04-12 07:28:12,244 - INFO - [assist_09] [Valid] 概念数统计：题目数=9274, 平均概念数=1.1993, min=1, max=4, 1概念=7697 (83.00%), ≥2概念=1577 (17.00%)
2026-04-12 07:28:12,244 - INFO - [assist_09] [Valid] 概念数直方图（概念数: 题目数量）: {1: 7697, 2: 1356, 3: 171, 4: 50}
2026-04-12 07:28:12,250 - INFO - [assist_09] [Test] 概念数统计：题目数=13331, 平均概念数=1.1962, min=1, max=4, 1概念=11110 (83.34%), ≥2概念=2221 (16.66%)
2026-04-12 07:28:12,250 - INFO - [assist_09] [Test] 概念数直方图（概念数: 题目数量）: {1: 11110, 2: 1891, 3: 265, 4: 65}
2026-04-12 07:28:12,250 - INFO - [assist_09] [统计] 概念数量统计完成。
2026-04-12 07:28:12,250 - INFO - [assist_09] 正在加载数据集...
2026-04-12 07:28:12,325 - INFO - [assist_09|assist_09_abce_best_no_E|lr=0.0003|drop=0.20] Train samples: 194489, Val samples: 20385
2026-04-12 07:28:12,325 - INFO - [assist_09|assist_09_abce_best_no_E|lr=0.0003|drop=0.20] Number of students: 2493
2026-04-12 07:28:12,325 - INFO - [assist_09|assist_09_abce_best_no_E|lr=0.0003|drop=0.20] Number of exercises: 17676
2026-04-12 07:28:12,325 - INFO - [assist_09|assist_09_abce_best_no_E|lr=0.0003|drop=0.20] Number of concepts: 123
2026-04-12 07:28:12,326 - INFO - [assist_09|assist_09_abce_best_no_E|lr=0.0003|drop=0.20] Creating model...
2026-04-12 07:28:12,326 - INFO - [assist_09|assist_09_abce_best_no_E|lr=0.0003|drop=0.20] Ablation switches: ablate_module1=False | enable_module1=True | use_concept_graph=True | effective(num_gnn_layers=1)
2026-04-12 07:28:12,429 - INFO - [assist_09|assist_09_abce_best_no_E|lr=0.0003|drop=0.20] Ablation runtime check: args(ablate_module1=False) | model(enable_module1=True) | physical(has_knowledge_encoder=True)
2026-04-12 07:28:12,429 - INFO - [assist_09|assist_09_abce_best_no_E|lr=0.0003|drop=0.20] Debug diagnostics enabled: diag_batches=1
2026-04-12 07:28:12,451 - INFO - [assist_09|assist_09_abce_best_no_E|lr=0.0003|drop=0.20] [Graph Init] graph_tau_mean=1.0055, graph_tau_std=0.0000, graph_dropout=0.000, use_personal_graph=False
2026-04-12 07:28:12,451 - INFO - [assist_09|assist_09_abce_best_no_E|lr=0.0003|drop=0.20] Total parameters: 243,360
2026-04-12 07:28:12,451 - INFO - [assist_09|assist_09_abce_best_no_E|lr=0.0003|drop=0.20] Trainable parameters: 243,360
2026-04-12 07:28:13,420 - INFO - [assist_09|assist_09_abce_best_no_E|lr=0.0003|drop=0.20] Starting training...
[GPU] Status: [GPU 2: 24088MiB free]
2026-04-12 07:28:39,813 - INFO - [assist_09|assist_09_abce_best_no_E|lr=0.0003|drop=0.20] Epoch [001/100] | Train: Loss=0.6162, BCE=0.5912, Reg=0.0250, AUC=0.6853, ACC=0.6902, RMSE=0.4499 | Val: Loss=0.5902, BCE=0.5670, Reg=0.0232, AUC=0.7282, ACC=0.7101, RMSE=0.4383
2026-04-12 07:28:39,814 - INFO - [assist_09|assist_09_abce_best_no_E|lr=0.0003|drop=0.20] [Reg Terms] Epoch [001] | Train: graph_entropy=0.000000, graph_diag=0.022069, graph_uniform=0.002896, graph_reg_scale=1.0000, prediction_l2=0.000000, personal_sparse=0.000000, alpha_var=0.000000, alpha_collapse=0.000000, reg_bce_ratio=0.0422 | Val: graph_entropy=0.000000, graph_diag=0.020286, graph_uniform=0.002935, graph_reg_scale=1.0000, prediction_l2=0.000000, personal_sparse=0.000000, alpha_var=0.000000, alpha_collapse=0.000000, reg_bce_ratio=0.0410
2026-04-12 07:28:40,011 - INFO - [assist_09|assist_09_abce_best_no_E|lr=0.0003|drop=0.20] [Diag][AE] Epoch [001] | irt_abs_mean=1.2972, irt_std=0.6858, personal_warmup_scale=1.00, graph_row_entropy=2.4759, graph_entropy_ratio=0.5145, alpha_mean=0.0000, alpha_std=0.0000, alpha_bias_std=0.0000, personal_row_entropy=0.0000, personal_matrix_delta=0.0000, personal_matrix_student_std=0.0000, personal_delta_pre_softmax_norm=0.0000, personal_delta_student_std=0.0000, alpha_head_std=0.0000
2026-04-12 07:28:40,011 - INFO - [assist_09|assist_09_abce_best_no_E|lr=0.0003|drop=0.20] [Diag][Graph] Epoch [001] | entropy_ratio=0.5145, diag_mass=0.2029, to_uniform_l2=0.026616, to_identity_l2=0.074874, tau_mean=0.8618, tau_std=0.0008, graph_reg_scale(train/val)=1.0000/1.0000
2026-04-12 07:28:40,011 - INFO - [assist_09|assist_09_abce_best_no_E|lr=0.0003|drop=0.20] [Grad Norms] Epoch [001] | relation_emb=6.003422e-03, relation_tau=5.331830e-04, relation_wq=3.001237e-04, relation_wk=6.150361e-04, personal_u=0.000000e+00, personal_v=0.000000e+00, personal_alpha_bias=0.000000e+00, personal_gate_emb=0.000000e+00, personal_gate_student_proj=0.000000e+00, personal_gate_context_proj=0.000000e+00, personal_gate_student_direct=0.000000e+00, personal_gate_context_direct=0.000000e+00, personal_gate_out=0.000000e+00, personal_generator_emb=0.000000e+00, personal_generator_context_proj=0.000000e+00, personal_generator_context_hidden=0.000000e+00, personal_generator_context_to_u=0.000000e+00, personal_generator_context_to_v=0.000000e+00
2026-04-12 07:28:40,236 - INFO - [assist_09|assist_09_abce_best_no_E|lr=0.0003|drop=0.20] -> New best AUC=0.7282 at epoch 1
2026-04-12 07:28:43,787 - INFO - [assist_09|assist_09_abce_best_full|lr=0.0003|drop=0.20] Epoch [039/100] | Train: Loss=-0.1883, BCE=0.4464, Reg=-0.6347, AUC=0.8489, ACC=0.7732, RMSE=0.3846 | Val: Loss=-0.1177, BCE=0.5662, Reg=-0.6839, AUC=0.7591, ACC=0.7293, RMSE=0.4312
2026-04-12 07:28:43,788 - INFO - [assist_09|assist_09_abce_best_full|lr=0.0003|drop=0.20] [Reg Terms] Epoch [039] | Train: graph_entropy=0.000001, graph_diag=0.020000, graph_uniform=0.001193, graph_reg_scale=1.0000, prediction_l2=0.000002, personal_sparse=0.001489, alpha_var=-0.657409, alpha_collapse=0.000000, reg_bce_ratio=-1.4219 | Val: graph_entropy=0.000000, graph_diag=0.020000, graph_uniform=0.001193, graph_reg_scale=1.0000, prediction_l2=0.000002, personal_sparse=0.001492, alpha_var=-0.706571, alpha_collapse=0.000000, reg_bce_ratio=-1.2079
2026-04-12 07:28:44,065 - INFO - [assist_09|assist_09_abce_best_full|lr=0.0003|drop=0.20] [Diag][AE] Epoch [039] | irt_abs_mean=2.2005, irt_std=1.5276, personal_warmup_scale=1.00, graph_row_entropy=0.7459, graph_entropy_ratio=0.1550, alpha_mean=0.1750, alpha_std=0.1749, alpha_bias_std=4.7692, personal_row_entropy=0.7459, personal_matrix_delta=0.0000, personal_matrix_student_std=0.0000, personal_delta_pre_softmax_norm=0.0000, personal_delta_student_std=0.0000, alpha_head_std=0.1749
2026-04-12 07:28:44,065 - INFO - [assist_09|assist_09_abce_best_full|lr=0.0003|drop=0.20] [Diag][Graph] Epoch [039] | entropy_ratio=0.1550, diag_mass=0.2000, to_uniform_l2=0.070165, to_identity_l2=0.099334, tau_mean=0.4454, tau_std=0.0242, graph_reg_scale(train/val)=1.0000/1.0000
2026-04-12 07:28:44,065 - WARNING - [assist_09|assist_09_abce_best_full|lr=0.0003|drop=0.20] [Diag Warning][E] personal_delta_student_std is near zero: personal_delta_student_std=0.000000, personal_delta_pre_softmax_norm=0.000000
2026-04-12 07:28:44,066 - INFO - [assist_09|assist_09_abce_best_full|lr=0.0003|drop=0.20] [Grad Norms] Epoch [039] | relation_emb=6.223058e-03, relation_tau=2.460992e-03, relation_wq=6.046667e-04, relation_wk=5.673722e-04, personal_u=0.000000e+00, personal_v=0.000000e+00, personal_alpha_bias=2.521228e-02, personal_gate_emb=0.000000e+00, personal_gate_student_proj=0.000000e+00, personal_gate_context_proj=1.079669e-05, personal_gate_student_direct=0.000000e+00, personal_gate_context_direct=4.388474e-06, personal_gate_out=1.153308e-05, personal_generator_emb=0.000000e+00, personal_generator_context_proj=0.000000e+00, personal_generator_context_hidden=0.000000e+00, personal_generator_context_to_u=0.000000e+00, personal_generator_context_to_v=0.000000e+00
2026-04-12 07:28:44,066 - INFO - [assist_09|assist_09_abce_best_full|lr=0.0003|drop=0.20] -> No improvement 1 epoch(s) (best AUC=0.7599 @ 38)
2026-04-12 07:29:07,596 - INFO - [assist_09|assist_09_abce_best_no_E|lr=0.0003|drop=0.20] Epoch [002/100] | Train: Loss=0.5766, BCE=0.5534, Reg=0.0232, AUC=0.7422, ACC=0.7193, RMSE=0.4319 | Val: Loss=0.5831, BCE=0.5602, Reg=0.0230, AUC=0.7349, ACC=0.7127, RMSE=0.4352
2026-04-12 07:29:07,596 - INFO - [assist_09|assist_09_abce_best_no_E|lr=0.0003|drop=0.20] [Reg Terms] Epoch [002] | Train: graph_entropy=0.000000, graph_diag=0.020232, graph_uniform=0.002937, graph_reg_scale=1.0000, prediction_l2=0.000000, personal_sparse=0.000000, alpha_var=0.000000, alpha_collapse=0.000000, reg_bce_ratio=0.0419 | Val: graph_entropy=0.000000, graph_diag=0.020025, graph_uniform=0.002942, graph_reg_scale=1.0000, prediction_l2=0.000000, personal_sparse=0.000000, alpha_var=0.000000, alpha_collapse=0.000000, reg_bce_ratio=0.0410
2026-04-12 07:29:07,765 - INFO - [assist_09|assist_09_abce_best_no_E|lr=0.0003|drop=0.20] [Diag][AE] Epoch [002] | irt_abs_mean=1.2721, irt_std=0.6778, personal_warmup_scale=1.00, graph_row_entropy=2.4828, graph_entropy_ratio=0.5159, alpha_mean=0.0000, alpha_std=0.0000, alpha_bias_std=0.0000, personal_row_entropy=0.0000, personal_matrix_delta=0.0000, personal_matrix_student_std=0.0000, personal_delta_pre_softmax_norm=0.0000, personal_delta_student_std=0.0000, alpha_head_std=0.0000
2026-04-12 07:29:07,765 - INFO - [assist_09|assist_09_abce_best_no_E|lr=0.0003|drop=0.20] [Diag][Graph] Epoch [002] | entropy_ratio=0.5159, diag_mass=0.2002, to_uniform_l2=0.026438, to_identity_l2=0.075094, tau_mean=0.7859, tau_std=0.0070, graph_reg_scale(train/val)=1.0000/1.0000
2026-04-12 07:29:07,765 - INFO - [assist_09|assist_09_abce_best_no_E|lr=0.0003|drop=0.20] [Grad Norms] Epoch [002] | relation_emb=2.554861e-03, relation_tau=1.004723e-04, relation_wq=1.617971e-04, relation_wk=2.584777e-04, personal_u=0.000000e+00, personal_v=0.000000e+00, personal_alpha_bias=0.000000e+00, personal_gate_emb=0.000000e+00, personal_gate_student_proj=0.000000e+00, personal_gate_context_proj=0.000000e+00, personal_gate_student_direct=0.000000e+00, personal_gate_context_direct=0.000000e+00, personal_gate_out=0.000000e+00, personal_generator_emb=0.000000e+00, personal_generator_context_proj=0.000000e+00, personal_generator_context_hidden=0.000000e+00, personal_generator_context_to_u=0.000000e+00, personal_generator_context_to_v=0.000000e+00
2026-04-12 07:29:08,039 - INFO - [assist_09|assist_09_abce_best_no_E|lr=0.0003|drop=0.20] -> New best AUC=0.7349 at epoch 2
2026-04-12 07:29:28,686 - INFO - [assist_09|assist_09_abce_best_full|lr=0.0003|drop=0.20] Epoch [040/100] | Train: Loss=-0.2220, BCE=0.4455, Reg=-0.6675, AUC=0.8497, ACC=0.7748, RMSE=0.3842 | Val: Loss=-0.1509, BCE=0.5678, Reg=-0.7187, AUC=0.7591, ACC=0.7289, RMSE=0.4314
2026-04-12 07:29:28,686 - INFO - [assist_09|assist_09_abce_best_full|lr=0.0003|drop=0.20] [Reg Terms] Epoch [040] | Train: graph_entropy=0.000001, graph_diag=0.020000, graph_uniform=0.001194, graph_reg_scale=1.0000, prediction_l2=0.000002, personal_sparse=0.001494, alpha_var=-0.690177, alpha_collapse=0.000000, reg_bce_ratio=-1.4984 | Val: graph_entropy=0.000000, graph_diag=0.020000, graph_uniform=0.001192, graph_reg_scale=1.0000, prediction_l2=0.000002, personal_sparse=0.001484, alpha_var=-0.741375, alpha_collapse=0.000000, reg_bce_ratio=-1.2657
2026-04-12 07:29:28,949 - INFO - [assist_09|assist_09_abce_best_full|lr=0.0003|drop=0.20] [Diag][AE] Epoch [040] | irt_abs_mean=2.2480, irt_std=1.5771, personal_warmup_scale=1.00, graph_row_entropy=0.7422, graph_entropy_ratio=0.1542, alpha_mean=0.1750, alpha_std=0.1749, alpha_bias_std=4.8844, personal_row_entropy=0.7422, personal_matrix_delta=0.0000, personal_matrix_student_std=0.0000, personal_delta_pre_softmax_norm=0.0000, personal_delta_student_std=0.0000, alpha_head_std=0.1749
2026-04-12 07:29:28,950 - INFO - [assist_09|assist_09_abce_best_full|lr=0.0003|drop=0.20] [Diag][Graph] Epoch [040] | entropy_ratio=0.1542, diag_mass=0.2000, to_uniform_l2=0.070210, to_identity_l2=0.099366, tau_mean=0.4415, tau_std=0.0239, graph_reg_scale(train/val)=1.0000/1.0000
2026-04-12 07:29:28,950 - WARNING - [assist_09|assist_09_abce_best_full|lr=0.0003|drop=0.20] [Diag Warning][E] personal_delta_student_std is near zero: personal_delta_student_std=0.000000, personal_delta_pre_softmax_norm=0.000000
2026-04-12 07:29:28,950 - INFO - [assist_09|assist_09_abce_best_full|lr=0.0003|drop=0.20] [Grad Norms] Epoch [040] | relation_emb=1.439787e-02, relation_tau=2.239779e-03, relation_wq=6.843467e-04, relation_wk=5.149800e-04, personal_u=0.000000e+00, personal_v=0.000000e+00, personal_alpha_bias=2.779205e-02, personal_gate_emb=0.000000e+00, personal_gate_student_proj=0.000000e+00, personal_gate_context_proj=1.749800e-05, personal_gate_student_direct=0.000000e+00, personal_gate_context_direct=7.395130e-06, personal_gate_out=1.958608e-05, personal_generator_emb=0.000000e+00, personal_generator_context_proj=0.000000e+00, personal_generator_context_hidden=0.000000e+00, personal_generator_context_to_u=0.000000e+00, personal_generator_context_to_v=0.000000e+00
2026-04-12 07:29:28,950 - INFO - [assist_09|assist_09_abce_best_full|lr=0.0003|drop=0.20] -> No improvement 2 epoch(s) (best AUC=0.7599 @ 38)
2026-04-12 07:29:28,999 - INFO - [assist_09|assist_09_abce_best_full|lr=0.0003|drop=0.20] Checkpoint saved: checkpoints/abce_diag/ae_fix_20260412_fdafa52/assist_09/seed42/best_full/checkpoint_epoch_40.pth
2026-04-12 07:29:29,255 - INFO - [assist_09|assist_09_abce_best_full|lr=0.0003|drop=0.20] [Module Activity] Epoch 40: Graph[OK] Personal[X]
2026-04-12 07:29:34,945 - INFO - [assist_09|assist_09_abce_best_no_E|lr=0.0003|drop=0.20] Epoch [003/100] | Train: Loss=0.5651, BCE=0.5420, Reg=0.0232, AUC=0.7560, ACC=0.7261, RMSE=0.4267 | Val: Loss=0.5811, BCE=0.5580, Reg=0.0232, AUC=0.7393, ACC=0.7173, RMSE=0.4341
2026-04-12 07:29:34,946 - INFO - [assist_09|assist_09_abce_best_no_E|lr=0.0003|drop=0.20] [Reg Terms] Epoch [003] | Train: graph_entropy=0.000000, graph_diag=0.020218, graph_uniform=0.002938, graph_reg_scale=1.0000, prediction_l2=0.000000, personal_sparse=0.000000, alpha_var=0.000000, alpha_collapse=0.000000, reg_bce_ratio=0.0427 | Val: graph_entropy=0.000000, graph_diag=0.020248, graph_uniform=0.002938, graph_reg_scale=1.0000, prediction_l2=0.000000, personal_sparse=0.000000, alpha_var=0.000000, alpha_collapse=0.000000, reg_bce_ratio=0.0416
2026-04-12 07:29:35,150 - INFO - [assist_09|assist_09_abce_best_no_E|lr=0.0003|drop=0.20] [Diag][AE] Epoch [003] | irt_abs_mean=1.3541, irt_std=0.7040, personal_warmup_scale=1.00, graph_row_entropy=2.4789, graph_entropy_ratio=0.5151, alpha_mean=0.0000, alpha_std=0.0000, alpha_bias_std=0.0000, personal_row_entropy=0.0000, personal_matrix_delta=0.0000, personal_matrix_student_std=0.0000, personal_delta_pre_softmax_norm=0.0000, personal_delta_student_std=0.0000, alpha_head_std=0.0000
2026-04-12 07:29:35,150 - INFO - [assist_09|assist_09_abce_best_no_E|lr=0.0003|drop=0.20] [Diag][Graph] Epoch [003] | entropy_ratio=0.5151, diag_mass=0.2025, to_uniform_l2=0.026549, to_identity_l2=0.074891, tau_mean=0.7220, tau_std=0.0174, graph_reg_scale(train/val)=1.0000/1.0000
2026-04-12 07:29:35,151 - INFO - [assist_09|assist_09_abce_best_no_E|lr=0.0003|drop=0.20] [Grad Norms] Epoch [003] | relation_emb=4.183868e-03, relation_tau=2.053174e-04, relation_wq=1.818463e-04, relation_wk=5.439758e-04, personal_u=0.000000e+00, personal_v=0.000000e+00, personal_alpha_bias=0.000000e+00, personal_gate_emb=0.000000e+00, personal_gate_student_proj=0.000000e+00, personal_gate_context_proj=0.000000e+00, personal_gate_student_direct=0.000000e+00, personal_gate_context_direct=0.000000e+00, personal_gate_out=0.000000e+00, personal_generator_emb=0.000000e+00, personal_generator_context_proj=0.000000e+00, personal_generator_context_hidden=0.000000e+00, personal_generator_context_to_u=0.000000e+00, personal_generator_context_to_v=0.000000e+00
2026-04-12 07:29:35,476 - INFO - [assist_09|assist_09_abce_best_no_E|lr=0.0003|drop=0.20] -> New best AUC=0.7393 at epoch 3
2026-04-12 07:30:03,617 - INFO - [assist_09|assist_09_abce_best_no_E|lr=0.0003|drop=0.20] Epoch [004/100] | Train: Loss=0.5554, BCE=0.5323, Reg=0.0232, AUC=0.7672, ACC=0.7312, RMSE=0.4224 | Val: Loss=0.5776, BCE=0.5544, Reg=0.0232, AUC=0.7431, ACC=0.7184, RMSE=0.4324
2026-04-12 07:30:03,617 - INFO - [assist_09|assist_09_abce_best_no_E|lr=0.0003|drop=0.20] [Reg Terms] Epoch [004] | Train: graph_entropy=0.000000, graph_diag=0.020231, graph_uniform=0.002939, graph_reg_scale=1.0000, prediction_l2=0.000000, personal_sparse=0.000000, alpha_var=0.000000, alpha_collapse=0.000000, reg_bce_ratio=0.0435 | Val: graph_entropy=0.000000, graph_diag=0.020300, graph_uniform=0.002938, graph_reg_scale=1.0000, prediction_l2=0.000000, personal_sparse=0.000000, alpha_var=0.000000, alpha_collapse=0.000000, reg_bce_ratio=0.0419
2026-04-12 07:30:03,823 - INFO - [assist_09|assist_09_abce_best_no_E|lr=0.0003|drop=0.20] [Diag][AE] Epoch [004] | irt_abs_mean=1.3922, irt_std=0.7681, personal_warmup_scale=1.00, graph_row_entropy=2.4796, graph_entropy_ratio=0.5153, alpha_mean=0.0000, alpha_std=0.0000, alpha_bias_std=0.0000, personal_row_entropy=0.0000, personal_matrix_delta=0.0000, personal_matrix_student_std=0.0000, personal_delta_pre_softmax_norm=0.0000, personal_delta_student_std=0.0000, alpha_head_std=0.0000
2026-04-12 07:30:03,823 - INFO - [assist_09|assist_09_abce_best_no_E|lr=0.0003|drop=0.20] [Diag][Graph] Epoch [004] | entropy_ratio=0.5153, diag_mass=0.2030, to_uniform_l2=0.026542, to_identity_l2=0.074832, tau_mean=0.6635, tau_std=0.0280, graph_reg_scale(train/val)=1.0000/1.0000
2026-04-12 07:30:03,824 - INFO - [assist_09|assist_09_abce_best_no_E|lr=0.0003|drop=0.20] [Grad Norms] Epoch [004] | relation_emb=1.636718e-03, relation_tau=9.309196e-05, relation_wq=9.600221e-05, relation_wk=1.606445e-04, personal_u=0.000000e+00, personal_v=0.000000e+00, personal_alpha_bias=0.000000e+00, personal_gate_emb=0.000000e+00, personal_gate_student_proj=0.000000e+00, personal_gate_context_proj=0.000000e+00, personal_gate_student_direct=0.000000e+00, personal_gate_context_direct=0.000000e+00, personal_gate_out=0.000000e+00, personal_generator_emb=0.000000e+00, personal_generator_context_proj=0.000000e+00, personal_generator_context_hidden=0.000000e+00, personal_generator_context_to_u=0.000000e+00, personal_generator_context_to_v=0.000000e+00
2026-04-12 07:30:04,188 - INFO - [assist_09|assist_09_abce_best_no_E|lr=0.0003|drop=0.20] -> New best AUC=0.7431 at epoch 4
2026-04-12 07:30:13,987 - INFO - [assist_09|assist_09_abce_best_full|lr=0.0003|drop=0.20] Epoch [041/100] | Train: Loss=-0.2567, BCE=0.4444, Reg=-0.7011, AUC=0.8507, ACC=0.7754, RMSE=0.3835 | Val: Loss=-0.1861, BCE=0.5682, Reg=-0.7543, AUC=0.7598, ACC=0.7294, RMSE=0.4314
2026-04-12 07:30:13,988 - INFO - [assist_09|assist_09_abce_best_full|lr=0.0003|drop=0.20] [Reg Terms] Epoch [041] | Train: graph_entropy=0.000001, graph_diag=0.020000, graph_uniform=0.001195, graph_reg_scale=1.0000, prediction_l2=0.000002, personal_sparse=0.001494, alpha_var=-0.723758, alpha_collapse=0.000000, reg_bce_ratio=-1.5777 | Val: graph_entropy=0.000000, graph_diag=0.020000, graph_uniform=0.001195, graph_reg_scale=1.0000, prediction_l2=0.000002, personal_sparse=0.001490, alpha_var=-0.776985, alpha_collapse=0.000000, reg_bce_ratio=-1.3275
2026-04-12 07:30:14,260 - INFO - [assist_09|assist_09_abce_best_full|lr=0.0003|drop=0.20] [Diag][AE] Epoch [041] | irt_abs_mean=2.2223, irt_std=1.5756, personal_warmup_scale=1.00, graph_row_entropy=0.7447, graph_entropy_ratio=0.1548, alpha_mean=0.1750, alpha_std=0.1749, alpha_bias_std=5.0011, personal_row_entropy=0.7448, personal_matrix_delta=0.0000, personal_matrix_student_std=0.0000, personal_delta_pre_softmax_norm=0.0000, personal_delta_student_std=0.0000, alpha_head_std=0.1749
2026-04-12 07:30:14,260 - INFO - [assist_09|assist_09_abce_best_full|lr=0.0003|drop=0.20] [Diag][Graph] Epoch [041] | entropy_ratio=0.1548, diag_mass=0.2000, to_uniform_l2=0.070133, to_identity_l2=0.099312, tau_mean=0.4379, tau_std=0.0237, graph_reg_scale(train/val)=1.0000/1.0000
2026-04-12 07:30:14,261 - WARNING - [assist_09|assist_09_abce_best_full|lr=0.0003|drop=0.20] [Diag Warning][E] personal_delta_student_std is near zero: personal_delta_student_std=0.000000, personal_delta_pre_softmax_norm=0.000000
2026-04-12 07:30:14,261 - INFO - [assist_09|assist_09_abce_best_full|lr=0.0003|drop=0.20] [Grad Norms] Epoch [041] | relation_emb=7.985241e-03, relation_tau=9.632139e-04, relation_wq=3.365477e-04, relation_wk=1.696237e-04, personal_u=0.000000e+00, personal_v=0.000000e+00, personal_alpha_bias=2.782923e-02, personal_gate_emb=0.000000e+00, personal_gate_student_proj=0.000000e+00, personal_gate_context_proj=1.256516e-05, personal_gate_student_direct=0.000000e+00, personal_gate_context_direct=5.144753e-06, personal_gate_out=1.361090e-05, personal_generator_emb=0.000000e+00, personal_generator_context_proj=0.000000e+00, personal_generator_context_hidden=0.000000e+00, personal_generator_context_to_u=0.000000e+00, personal_generator_context_to_v=0.000000e+00
2026-04-12 07:30:14,261 - INFO - [assist_09|assist_09_abce_best_full|lr=0.0003|drop=0.20] -> No improvement 3 epoch(s) (best AUC=0.7599 @ 38)
2026-04-12 07:30:14,261 - INFO - [assist_09|assist_09_abce_best_full|lr=0.0003|drop=0.20] Early stopping at epoch 41 (best AUC=0.7599 @ 38)
2026-04-12 07:30:14,270 - INFO - Epoch-wise metrics saved to checkpoints/abce_diag/ae_fix_20260412_fdafa52/assist_09/seed42/best_full/metrics_history.csv
2026-04-12 07:30:14,274 - INFO - [assist_09|assist_09_abce_best_full|lr=0.0003|drop=0.20] Training completed! Best Val AUC=0.7599 @ epoch 38
2026-04-12 07:30:14,521 - INFO - 
============================================================
         MODULE ACTIVITY REPORT
============================================================
Dataset: assist_09 | Seed: 42 | Epoch: 41

1. Concept Graph Module (A):
   - Mean row entropy: 0.745 / 4.812
   - Entropy ratio: 15.5%
   - Status: ACTIVE (learning meaningful structure)

2. Personal Graph Module (E):
   - Alpha mean: 0.175
   - Alpha std: 0.175
   - Alpha bias std: 5.816
   - Personal/global delta: 0.0000
   - Inter-student matrix std: 0.0000
   - Status: INACTIVE (personal graph barely deviates from global graph)
   -> Consider: strengthen personal delta or alpha anti-collapse regularization

------------------------------------------------------------
SUMMARY:
   Active modules: Concept Graph (A)
   Inactive modules: Personal Graph (E)
============================================================
2026-04-12 07:30:14,522 - INFO - [assist_09|assist_09_abce_best_full|lr=0.0003|drop=0.20] Module activity saved to checkpoints/abce_diag/ae_fix_20260412_fdafa52/assist_09/seed42/best_full/module_activity.json
2026-04-12 07:30:14,580 - INFO - Using device: cuda:0 (physical gpu 1)
2026-04-12 07:30:14,581 - INFO - Loading model from checkpoints/abce_diag/ae_fix_20260412_fdafa52/assist_09/seed42/best_full/best_model.pth...
2026-04-12 07:30:14,736 - INFO - Inference switches: ablate_module1=False | enable_module1=True | use_concept_graph=True | effective(num_gnn_layers=1)
2026-04-12 07:30:14,760 - INFO - [Inference] Ablation runtime check: args(ablate_module1=False) | model(enable_module1=True) | physical(has_knowledge_encoder=True)
2026-04-12 07:30:14,761 - INFO - [Inference] [Graph Init] graph_tau_mean=1.0055, graph_tau_std=0.0000, graph_dropout=0.000, use_personal_graph=True
2026-04-12 07:30:14,763 - INFO - Model loaded from epoch 38. Start testing...
[GPU] Status: [GPU 1: 23341MiB free]
2026-04-12 07:30:16,236 - INFO - [Test] 200/411 batches done, samples=25600
2026-04-12 07:30:17,462 - INFO - [Test] 400/411 batches done, samples=51200
2026-04-12 07:30:17,599 - INFO - 
==================================================
2026-04-12 07:30:17,599 - INFO - Test Results:
2026-04-12 07:30:17,599 - INFO - AUC: 0.7630
2026-04-12 07:30:17,599 - INFO - ACC: 0.7335
2026-04-12 07:30:17,599 - INFO - RMSE: 0.4292
2026-04-12 07:30:17,599 - INFO - ==================================================
2026-04-12 07:30:17,617 - INFO - Summary appended to /home/zsh/ConceptSkillCDM/results/experiment_results.csv
2026-04-12 07:30:17,623 - INFO - Run completed.
2026-04-12 07:30:17,624 - INFO - Best validation AUC: 0.7599 at epoch 38
2026-04-12 07:30:17,624 - INFO - Test metrics - AUC: 0.7630, ACC: 0.7335, RMSE: 0.4292
2026-04-12 07:30:25,076 - INFO - Arguments:
2026-04-12 07:30:25,076 - INFO -   ablate_concept_graph: False
2026-04-12 07:30:25,076 - INFO -   ablate_module1: False
2026-04-12 07:30:25,076 - INFO -   allow_self_loop: True
2026-04-12 07:30:25,076 - INFO -   alpha_min_target: 0.0
2026-04-12 07:30:25,076 - INFO -   batch_size: 256
2026-04-12 07:30:25,076 - INFO -   data_dir: ./data/junyi
2026-04-12 07:30:25,076 - INFO -   dataset_name: junyi
2026-04-12 07:30:25,076 - INFO -   debug_graph_diag: True
2026-04-12 07:30:25,076 - INFO -   diag_batches: 1
2026-04-12 07:30:25,077 - INFO -   disable_self_loop: False
2026-04-12 07:30:25,077 - INFO -   dropout: 0.4
2026-04-12 07:30:25,077 - INFO -   early_stop_patience: 3
2026-04-12 07:30:25,077 - INFO -   enable_module1: True
2026-04-12 07:30:25,077 - INFO -   epochs: 100
2026-04-12 07:30:25,077 - INFO -   generate_diagnosis: False
2026-04-12 07:30:25,077 - INFO -   gnn_residual_weight: 0.5
2026-04-12 07:30:25,077 - INFO -   gpu_candidates: None
2026-04-12 07:30:25,077 - INFO -   gpu_ids: None
2026-04-12 07:30:25,077 - INFO -   gpu_memory_threshold: 2000
2026-04-12 07:30:25,077 - INFO -   gpus: None
2026-04-12 07:30:25,077 - INFO -   graph_dropout: 0.0
2026-04-12 07:30:25,077 - INFO -   graph_entropy_max: 0.7
2026-04-12 07:30:25,077 - INFO -   graph_entropy_min: 0.15
2026-04-12 07:30:25,077 - INFO -   graph_identity_residual: 0.1
2026-04-12 07:30:25,077 - INFO -   graph_reg_cap_ratio: 6.0
2026-04-12 07:30:25,077 - INFO -   graph_reg_warmup_epochs: 0
2026-04-12 07:30:25,077 - INFO -   graph_tau_init: 0.55
2026-04-12 07:30:25,077 - INFO -   graph_topk: 24
2026-04-12 07:30:25,077 - INFO -   graph_uniform_margin: 0.12
2026-04-12 07:30:25,077 - INFO -   knowledge_dim: 128
2026-04-12 07:30:25,077 - INFO -   lambda_alpha: 0.05
2026-04-12 07:30:25,077 - INFO -   lambda_alpha_min: 0.0
2026-04-12 07:30:25,077 - INFO -   lambda_graph_diag: 0.12
2026-04-12 07:30:25,077 - INFO -   lambda_graph_uniform: 0.06
2026-04-12 07:30:25,077 - INFO -   lambda_sparse: 0.6
2026-04-12 07:30:25,077 - INFO -   lambda_sparse_personal: 0.002
2026-04-12 07:30:25,077 - INFO -   learning_rate: 0.003
2026-04-12 07:30:25,077 - INFO -   log_dir: logs/abce_diag/ae_fix_20260412_fdafa52/junyi/seed42/best_full
2026-04-12 07:30:25,077 - INFO -   min_exer_interactions: 0
2026-04-12 07:30:25,077 - INFO -   min_poison_count: 0
2026-04-12 07:30:25,078 - INFO -   min_stu_interactions: 15
2026-04-12 07:30:25,078 - INFO -   model_variant: junyi_abce_best_full
2026-04-12 07:30:25,078 - INFO -   multi_gpu: False
2026-04-12 07:30:25,078 - INFO -   no_cuda: False
2026-04-12 07:30:25,078 - INFO -   num_gnn_layers: 2
2026-04-12 07:30:25,078 - INFO -   num_gpus: 1
2026-04-12 07:30:25,078 - INFO -   num_relation_heads: 2
2026-04-12 07:30:25,078 - INFO -   num_workers: 4
2026-04-12 07:30:25,078 - INFO -   patience: 1
2026-04-12 07:30:25,078 - INFO -   personal_delta_scale: 1.0
2026-04-12 07:30:25,078 - INFO -   personal_max_alpha: 0.35
2026-04-12 07:30:25,078 - INFO -   personal_rank: 4
2026-04-12 07:30:25,078 - INFO -   personal_student_dim: None
2026-04-12 07:30:25,078 - INFO -   personal_warmup_epochs: 0
2026-04-12 07:30:25,078 - INFO -   prediction_l2_lambda: 1e-05
2026-04-12 07:30:25,078 - INFO -   save_dir: checkpoints/abce_diag/ae_fix_20260412_fdafa52/junyi/seed42/best_full
2026-04-12 07:30:25,078 - INFO -   save_interval: 10
2026-04-12 07:30:25,078 - INFO -   seed: 42
2026-04-12 07:30:25,078 - INFO -   use_concept_graph: True
2026-04-12 07:30:25,078 - INFO -   use_exercise_graph: True
2026-04-12 07:30:25,078 - INFO -   use_personal_graph: True
2026-04-12 07:30:25,078 - INFO -   weight_decay: 0.001
2026-04-12 07:30:25,163 - INFO - Using device: cuda:0 (physical gpu 1)
2026-04-12 07:30:25,163 - INFO - [junyi|junyi_abce_best_full|lr=0.003|drop=0.40] Loading datasets...
2026-04-12 07:30:25,163 - INFO - [junyi|junyi_abce_best_full|lr=0.003|drop=0.40] Regularization: graph_entropy(lambda_sparse)=0.600000, graph_diag=0.120000, graph_uniform=0.060000, personal_sparse=0.002000, alpha_penalty=0.050000, alpha_min=0.000000, prediction_l2=0.000010
2026-04-12 07:30:25,163 - INFO - [junyi|junyi_abce_best_full|lr=0.003|drop=0.40] Graph controls: entropy_band=[0.15, 0.70], uniform_margin=0.12, warmup_epochs=0, cap_ratio=6.00, graph_dropout=0.000, graph_tau_init=0.550
2026-04-12 07:30:25,163 - INFO - [junyi|junyi_abce_best_full|lr=0.003|drop=0.40] Personal controls: personal_max_alpha=0.350, personal_delta_scale=1.000, personal_warmup_epochs=0, personal_student_dim=None, alpha_min_target=0.0000
2026-04-12 07:30:25,289 - INFO - [junyi] [数据清洗] 学生交互次数 < 15 次的学生：共移除 0 个学生（仅统计用户数）
2026-04-12 07:30:25,307 - INFO - [junyi] [数据清洗] 学生冷启动过滤：在 train/valid/test 中共删除 0 条记录。
2026-04-12 07:30:25,308 - INFO - [junyi] [数据清洗] 跳过题目冷门过滤（min_exer_interactions <= 0）。
2026-04-12 07:30:25,308 - INFO - [junyi] [数据清洗] 跳过毒题清洗（min_poison_count <= 0）。
2026-04-12 07:30:25,308 - INFO - [junyi] 正在构建ID映射...
2026-04-12 07:30:25,564 - INFO - [junyi] 正在构建Q矩阵...
2026-04-12 07:30:32,181 - INFO - [assist_09|assist_09_abce_best_no_E|lr=0.0003|drop=0.20] Epoch [005/100] | Train: Loss=0.5471, BCE=0.5239, Reg=0.0231, AUC=0.7766, ACC=0.7358, RMSE=0.4187 | Val: Loss=0.5757, BCE=0.5524, Reg=0.0233, AUC=0.7455, ACC=0.7187, RMSE=0.4314
2026-04-12 07:30:32,181 - INFO - [assist_09|assist_09_abce_best_no_E|lr=0.0003|drop=0.20] [Reg Terms] Epoch [005] | Train: graph_entropy=0.000000, graph_diag=0.020206, graph_uniform=0.002942, graph_reg_scale=1.0000, prediction_l2=0.000000, personal_sparse=0.000000, alpha_var=0.000000, alpha_collapse=0.000000, reg_bce_ratio=0.0442 | Val: graph_entropy=0.000000, graph_diag=0.020373, graph_uniform=0.002938, graph_reg_scale=1.0000, prediction_l2=0.000000, personal_sparse=0.000000, alpha_var=0.000000, alpha_collapse=0.000000, reg_bce_ratio=0.0422
2026-04-12 07:30:32,319 - INFO - [assist_09|assist_09_abce_best_no_E|lr=0.0003|drop=0.20] [Diag][AE] Epoch [005] | irt_abs_mean=1.4335, irt_std=0.8043, personal_warmup_scale=1.00, graph_row_entropy=2.4798, graph_entropy_ratio=0.5153, alpha_mean=0.0000, alpha_std=0.0000, alpha_bias_std=0.0000, personal_row_entropy=0.0000, personal_matrix_delta=0.0000, personal_matrix_student_std=0.0000, personal_delta_pre_softmax_norm=0.0000, personal_delta_student_std=0.0000, alpha_head_std=0.0000
2026-04-12 07:30:32,319 - INFO - [assist_09|assist_09_abce_best_no_E|lr=0.0003|drop=0.20] [Diag][Graph] Epoch [005] | entropy_ratio=0.5153, diag_mass=0.2037, to_uniform_l2=0.026550, to_identity_l2=0.074756, tau_mean=0.6355, tau_std=0.0315, graph_reg_scale(train/val)=1.0000/1.0000
2026-04-12 07:30:32,320 - INFO - [assist_09|assist_09_abce_best_no_E|lr=0.0003|drop=0.20] [Grad Norms] Epoch [005] | relation_emb=4.268471e-04, relation_tau=7.714175e-05, relation_wq=6.131357e-05, relation_wk=7.090931e-05, personal_u=0.000000e+00, personal_v=0.000000e+00, personal_alpha_bias=0.000000e+00, personal_gate_emb=0.000000e+00, personal_gate_student_proj=0.000000e+00, personal_gate_context_proj=0.000000e+00, personal_gate_student_direct=0.000000e+00, personal_gate_context_direct=0.000000e+00, personal_gate_out=0.000000e+00, personal_generator_emb=0.000000e+00, personal_generator_context_proj=0.000000e+00, personal_generator_context_hidden=0.000000e+00, personal_generator_context_to_u=0.000000e+00, personal_generator_context_to_v=0.000000e+00
2026-04-12 07:30:32,587 - INFO - [assist_09|assist_09_abce_best_no_E|lr=0.0003|drop=0.20] -> New best AUC=0.7455 at epoch 5
2026-04-12 07:30:34,031 - INFO - [junyi] [统计] 开始统计清洗后每道题的概念数量分布...
2026-04-12 07:30:34,037 - INFO - [junyi] [Train] 概念数统计：题目数=702, 平均概念数=1.0000, min=1, max=1, 1概念=702 (100.00%), ≥2概念=0 (0.00%)
2026-04-12 07:30:34,037 - INFO - [junyi] [Train] 概念数直方图（概念数: 题目数量）: {1: 702}
2026-04-12 07:30:34,038 - INFO - [junyi] [Valid] 概念数统计：题目数=623, 平均概念数=1.0000, min=1, max=1, 1概念=623 (100.00%), ≥2概念=0 (0.00%)
2026-04-12 07:30:34,038 - INFO - [junyi] [Valid] 概念数直方图（概念数: 题目数量）: {1: 623}
2026-04-12 07:30:34,039 - INFO - [junyi] [Test] 概念数统计：题目数=673, 平均概念数=1.0000, min=1, max=1, 1概念=673 (100.00%), ≥2概念=0 (0.00%)
2026-04-12 07:30:34,039 - INFO - [junyi] [Test] 概念数直方图（概念数: 题目数量）: {1: 673}
2026-04-12 07:30:34,039 - INFO - [junyi] [统计] 概念数量统计完成。
2026-04-12 07:30:34,039 - INFO - [junyi] 正在加载数据集...
2026-04-12 07:30:34,141 - INFO - [junyi|junyi_abce_best_full|lr=0.003|drop=0.40] Train samples: 262473, Val samples: 24299
2026-04-12 07:30:34,141 - INFO - [junyi|junyi_abce_best_full|lr=0.003|drop=0.40] Number of students: 10000
2026-04-12 07:30:34,141 - INFO - [junyi|junyi_abce_best_full|lr=0.003|drop=0.40] Number of exercises: 706
2026-04-12 07:30:34,141 - INFO - [junyi|junyi_abce_best_full|lr=0.003|drop=0.40] Number of concepts: 706
2026-04-12 07:30:34,141 - INFO - [junyi|junyi_abce_best_full|lr=0.003|drop=0.40] Creating model...
2026-04-12 07:30:34,141 - INFO - [junyi|junyi_abce_best_full|lr=0.003|drop=0.40] Ablation switches: ablate_module1=False | enable_module1=True | use_concept_graph=True | effective(num_gnn_layers=2)
2026-04-12 07:30:34,331 - INFO - [junyi|junyi_abce_best_full|lr=0.003|drop=0.40] Ablation runtime check: args(ablate_module1=False) | model(enable_module1=True) | physical(has_knowledge_encoder=True)
2026-04-12 07:30:34,331 - INFO - [junyi|junyi_abce_best_full|lr=0.003|drop=0.40] Debug diagnostics enabled: diag_batches=1
2026-04-12 07:30:34,350 - INFO - [junyi|junyi_abce_best_full|lr=0.003|drop=0.40] [Graph Init] graph_tau_mean=1.0055, graph_tau_std=0.0000, graph_dropout=0.000, use_personal_graph=True
2026-04-12 07:30:34,351 - INFO - [junyi|junyi_abce_best_full|lr=0.003|drop=0.40] Total parameters: 7,273,172
2026-04-12 07:30:34,351 - INFO - [junyi|junyi_abce_best_full|lr=0.003|drop=0.40] Trainable parameters: 7,273,172
2026-04-12 07:30:35,282 - INFO - [junyi|junyi_abce_best_full|lr=0.003|drop=0.40] Starting training...
[GPU] Status: [GPU 1: 24088MiB free]
2026-04-12 07:31:00,380 - INFO - [assist_09|assist_09_abce_best_no_E|lr=0.0003|drop=0.20] Epoch [006/100] | Train: Loss=0.5394, BCE=0.5164, Reg=0.0230, AUC=0.7850, ACC=0.7395, RMSE=0.4153 | Val: Loss=0.5755, BCE=0.5526, Reg=0.0229, AUC=0.7472, ACC=0.7201, RMSE=0.4314
2026-04-12 07:31:00,381 - INFO - [assist_09|assist_09_abce_best_no_E|lr=0.0003|drop=0.20] [Reg Terms] Epoch [006] | Train: graph_entropy=0.000000, graph_diag=0.020020, graph_uniform=0.002947, graph_reg_scale=1.0000, prediction_l2=0.000000, personal_sparse=0.000000, alpha_var=0.000000, alpha_collapse=0.000000, reg_bce_ratio=0.0445 | Val: graph_entropy=0.000000, graph_diag=0.020000, graph_uniform=0.002947, graph_reg_scale=1.0000, prediction_l2=0.000000, personal_sparse=0.000000, alpha_var=0.000000, alpha_collapse=0.000000, reg_bce_ratio=0.0415
2026-04-12 07:31:00,524 - INFO - [assist_09|assist_09_abce_best_no_E|lr=0.0003|drop=0.20] [Diag][AE] Epoch [006] | irt_abs_mean=1.4935, irt_std=0.8312, personal_warmup_scale=1.00, graph_row_entropy=2.4883, graph_entropy_ratio=0.5171, alpha_mean=0.0000, alpha_std=0.0000, alpha_bias_std=0.0000, personal_row_entropy=0.0000, personal_matrix_delta=0.0000, personal_matrix_student_std=0.0000, personal_delta_pre_softmax_norm=0.0000, personal_delta_student_std=0.0000, alpha_head_std=0.0000
2026-04-12 07:31:00,524 - INFO - [assist_09|assist_09_abce_best_no_E|lr=0.0003|drop=0.20] [Diag][Graph] Epoch [006] | entropy_ratio=0.5171, diag_mass=0.2000, to_uniform_l2=0.026319, to_identity_l2=0.075079, tau_mean=0.6415, tau_std=0.0270, graph_reg_scale(train/val)=1.0000/1.0000
2026-04-12 07:31:00,524 - INFO - [assist_09|assist_09_abce_best_no_E|lr=0.0003|drop=0.20] [Grad Norms] Epoch [006] | relation_emb=6.420858e-06, relation_tau=1.082960e-07, relation_wq=3.457780e-06, relation_wk=1.960894e-06, personal_u=0.000000e+00, personal_v=0.000000e+00, personal_alpha_bias=0.000000e+00, personal_gate_emb=0.000000e+00, personal_gate_student_proj=0.000000e+00, personal_gate_context_proj=0.000000e+00, personal_gate_student_direct=0.000000e+00, personal_gate_context_direct=0.000000e+00, personal_gate_out=0.000000e+00, personal_generator_emb=0.000000e+00, personal_generator_context_proj=0.000000e+00, personal_generator_context_hidden=0.000000e+00, personal_generator_context_to_u=0.000000e+00, personal_generator_context_to_v=0.000000e+00
2026-04-12 07:31:00,830 - INFO - [assist_09|assist_09_abce_best_no_E|lr=0.0003|drop=0.20] -> New best AUC=0.7472 at epoch 6
2026-04-12 07:31:29,273 - INFO - [assist_09|assist_09_abce_best_no_E|lr=0.0003|drop=0.20] Epoch [007/100] | Train: Loss=0.5331, BCE=0.5102, Reg=0.0229, AUC=0.7917, ACC=0.7428, RMSE=0.4126 | Val: Loss=0.5745, BCE=0.5515, Reg=0.0229, AUC=0.7478, ACC=0.7198, RMSE=0.4310
2026-04-12 07:31:29,273 - INFO - [assist_09|assist_09_abce_best_no_E|lr=0.0003|drop=0.20] [Reg Terms] Epoch [007] | Train: graph_entropy=0.000000, graph_diag=0.020002, graph_uniform=0.002947, graph_reg_scale=1.0000, prediction_l2=0.000000, personal_sparse=0.000000, alpha_var=0.000000, alpha_collapse=0.000000, reg_bce_ratio=0.0450 | Val: graph_entropy=0.000000, graph_diag=0.020000, graph_uniform=0.002947, graph_reg_scale=1.0000, prediction_l2=0.000000, personal_sparse=0.000000, alpha_var=0.000000, alpha_collapse=0.000000, reg_bce_ratio=0.0416
2026-04-12 07:31:29,473 - INFO - [assist_09|assist_09_abce_best_no_E|lr=0.0003|drop=0.20] [Diag][AE] Epoch [007] | irt_abs_mean=1.4410, irt_std=0.8246, personal_warmup_scale=1.00, graph_row_entropy=2.4883, graph_entropy_ratio=0.5171, alpha_mean=0.0000, alpha_std=0.0000, alpha_bias_std=0.0000, personal_row_entropy=0.0000, personal_matrix_delta=0.0000, personal_matrix_student_std=0.0000, personal_delta_pre_softmax_norm=0.0000, personal_delta_student_std=0.0000, alpha_head_std=0.0000
2026-04-12 07:31:29,473 - INFO - [assist_09|assist_09_abce_best_no_E|lr=0.0003|drop=0.20] [Diag][Graph] Epoch [007] | entropy_ratio=0.5171, diag_mass=0.2000, to_uniform_l2=0.026319, to_identity_l2=0.075079, tau_mean=0.6525, tau_std=0.0194, graph_reg_scale(train/val)=1.0000/1.0000
2026-04-12 07:31:29,473 - INFO - [assist_09|assist_09_abce_best_no_E|lr=0.0003|drop=0.20] [Grad Norms] Epoch [007] | relation_emb=3.371285e-08, relation_tau=1.309324e-09, relation_wq=1.206259e-07, relation_wk=2.648502e-08, personal_u=0.000000e+00, personal_v=0.000000e+00, personal_alpha_bias=0.000000e+00, personal_gate_emb=0.000000e+00, personal_gate_student_proj=0.000000e+00, personal_gate_context_proj=0.000000e+00, personal_gate_student_direct=0.000000e+00, personal_gate_context_direct=0.000000e+00, personal_gate_out=0.000000e+00, personal_generator_emb=0.000000e+00, personal_generator_context_proj=0.000000e+00, personal_generator_context_hidden=0.000000e+00, personal_generator_context_to_u=0.000000e+00, personal_generator_context_to_v=0.000000e+00
2026-04-12 07:31:29,812 - INFO - [assist_09|assist_09_abce_best_no_E|lr=0.0003|drop=0.20] -> New best AUC=0.7478 at epoch 7
2026-04-12 07:31:57,083 - INFO - [assist_09|assist_09_abce_best_no_E|lr=0.0003|drop=0.20] Epoch [008/100] | Train: Loss=0.5276, BCE=0.5047, Reg=0.0229, AUC=0.7974, ACC=0.7461, RMSE=0.4102 | Val: Loss=0.5746, BCE=0.5517, Reg=0.0229, AUC=0.7492, ACC=0.7218, RMSE=0.4307
2026-04-12 07:31:57,083 - INFO - [assist_09|assist_09_abce_best_no_E|lr=0.0003|drop=0.20] [Reg Terms] Epoch [008] | Train: graph_entropy=0.000000, graph_diag=0.020000, graph_uniform=0.002947, graph_reg_scale=1.0000, prediction_l2=0.000000, personal_sparse=0.000000, alpha_var=0.000000, alpha_collapse=0.000000, reg_bce_ratio=0.0455 | Val: graph_entropy=0.000000, graph_diag=0.020000, graph_uniform=0.002947, graph_reg_scale=1.0000, prediction_l2=0.000000, personal_sparse=0.000000, alpha_var=0.000000, alpha_collapse=0.000000, reg_bce_ratio=0.0416
2026-04-12 07:31:57,229 - INFO - [assist_09|assist_09_abce_best_no_E|lr=0.0003|drop=0.20] [Diag][AE] Epoch [008] | irt_abs_mean=1.5403, irt_std=0.9017, personal_warmup_scale=1.00, graph_row_entropy=2.4883, graph_entropy_ratio=0.5171, alpha_mean=0.0000, alpha_std=0.0000, alpha_bias_std=0.0000, personal_row_entropy=0.0000, personal_matrix_delta=0.0000, personal_matrix_student_std=0.0000, personal_delta_pre_softmax_norm=0.0000, personal_delta_student_std=0.0000, alpha_head_std=0.0000
2026-04-12 07:31:57,229 - INFO - [assist_09|assist_09_abce_best_no_E|lr=0.0003|drop=0.20] [Diag][Graph] Epoch [008] | entropy_ratio=0.5171, diag_mass=0.2000, to_uniform_l2=0.026319, to_identity_l2=0.075079, tau_mean=0.6687, tau_std=0.0091, graph_reg_scale(train/val)=1.0000/1.0000
2026-04-12 07:31:57,230 - INFO - [assist_09|assist_09_abce_best_no_E|lr=0.0003|drop=0.20] [Grad Norms] Epoch [008] | relation_emb=9.376479e-13, relation_tau=1.019502e-08, relation_wq=6.957325e-11, relation_wk=8.980447e-12, personal_u=0.000000e+00, personal_v=0.000000e+00, personal_alpha_bias=0.000000e+00, personal_gate_emb=0.000000e+00, personal_gate_student_proj=0.000000e+00, personal_gate_context_proj=0.000000e+00, personal_gate_student_direct=0.000000e+00, personal_gate_context_direct=0.000000e+00, personal_gate_out=0.000000e+00, personal_generator_emb=0.000000e+00, personal_generator_context_proj=0.000000e+00, personal_generator_context_hidden=0.000000e+00, personal_generator_context_to_u=0.000000e+00, personal_generator_context_to_v=0.000000e+00
2026-04-12 07:31:57,507 - INFO - [assist_09|assist_09_abce_best_no_E|lr=0.0003|drop=0.20] -> New best AUC=0.7492 at epoch 8
2026-04-12 07:32:25,733 - INFO - [assist_09|assist_09_abce_best_no_E|lr=0.0003|drop=0.20] Epoch [009/100] | Train: Loss=0.5227, BCE=0.4997, Reg=0.0229, AUC=0.8024, ACC=0.7481, RMSE=0.4081 | Val: Loss=0.5765, BCE=0.5535, Reg=0.0229, AUC=0.7499, ACC=0.7216, RMSE=0.4313
2026-04-12 07:32:25,734 - INFO - [assist_09|assist_09_abce_best_no_E|lr=0.0003|drop=0.20] [Reg Terms] Epoch [009] | Train: graph_entropy=0.000000, graph_diag=0.020000, graph_uniform=0.002947, graph_reg_scale=1.0000, prediction_l2=0.000000, personal_sparse=0.000000, alpha_var=0.000000, alpha_collapse=0.000000, reg_bce_ratio=0.0459 | Val: graph_entropy=0.000000, graph_diag=0.020000, graph_uniform=0.002947, graph_reg_scale=1.0000, prediction_l2=0.000000, personal_sparse=0.000000, alpha_var=0.000000, alpha_collapse=0.000000, reg_bce_ratio=0.0415
2026-04-12 07:32:25,896 - INFO - [assist_09|assist_09_abce_best_no_E|lr=0.0003|drop=0.20] [Diag][AE] Epoch [009] | irt_abs_mean=1.6116, irt_std=0.9446, personal_warmup_scale=1.00, graph_row_entropy=2.4883, graph_entropy_ratio=0.5171, alpha_mean=0.0000, alpha_std=0.0000, alpha_bias_std=0.0000, personal_row_entropy=0.0000, personal_matrix_delta=0.0000, personal_matrix_student_std=0.0000, personal_delta_pre_softmax_norm=0.0000, personal_delta_student_std=0.0000, alpha_head_std=0.0000
2026-04-12 07:32:25,896 - INFO - [assist_09|assist_09_abce_best_no_E|lr=0.0003|drop=0.20] [Diag][Graph] Epoch [009] | entropy_ratio=0.5171, diag_mass=0.2000, to_uniform_l2=0.026319, to_identity_l2=0.075079, tau_mean=0.6845, tau_std=0.0010, graph_reg_scale(train/val)=1.0000/1.0000
2026-04-12 07:32:25,896 - INFO - [assist_09|assist_09_abce_best_no_E|lr=0.0003|drop=0.20] [Grad Norms] Epoch [009] | relation_emb=1.204593e-20, relation_tau=1.308682e-08, relation_wq=8.363148e-15, relation_wk=8.926405e-18, personal_u=0.000000e+00, personal_v=0.000000e+00, personal_alpha_bias=0.000000e+00, personal_gate_emb=0.000000e+00, personal_gate_student_proj=0.000000e+00, personal_gate_context_proj=0.000000e+00, personal_gate_student_direct=0.000000e+00, personal_gate_context_direct=0.000000e+00, personal_gate_out=0.000000e+00, personal_generator_emb=0.000000e+00, personal_generator_context_proj=0.000000e+00, personal_generator_context_hidden=0.000000e+00, personal_generator_context_to_u=0.000000e+00, personal_generator_context_to_v=0.000000e+00
2026-04-12 07:32:26,154 - INFO - [assist_09|assist_09_abce_best_no_E|lr=0.0003|drop=0.20] -> New best AUC=0.7499 at epoch 9
2026-04-12 07:32:54,508 - INFO - [assist_09|assist_09_abce_best_no_E|lr=0.0003|drop=0.20] Epoch [010/100] | Train: Loss=0.5182, BCE=0.4952, Reg=0.0229, AUC=0.8071, ACC=0.7500, RMSE=0.4061 | Val: Loss=0.5757, BCE=0.5527, Reg=0.0229, AUC=0.7508, ACC=0.7220, RMSE=0.4308
2026-04-12 07:32:54,508 - INFO - [assist_09|assist_09_abce_best_no_E|lr=0.0003|drop=0.20] [Reg Terms] Epoch [010] | Train: graph_entropy=0.000000, graph_diag=0.020000, graph_uniform=0.002947, graph_reg_scale=1.0000, prediction_l2=0.000000, personal_sparse=0.000000, alpha_var=0.000000, alpha_collapse=0.000000, reg_bce_ratio=0.0463 | Val: graph_entropy=0.000000, graph_diag=0.020000, graph_uniform=0.002947, graph_reg_scale=1.0000, prediction_l2=0.000000, personal_sparse=0.000000, alpha_var=0.000000, alpha_collapse=0.000000, reg_bce_ratio=0.0415
2026-04-12 07:32:54,689 - INFO - [assist_09|assist_09_abce_best_no_E|lr=0.0003|drop=0.20] [Diag][AE] Epoch [010] | irt_abs_mean=1.6474, irt_std=0.9775, personal_warmup_scale=1.00, graph_row_entropy=2.4883, graph_entropy_ratio=0.5171, alpha_mean=0.0000, alpha_std=0.0000, alpha_bias_std=0.0000, personal_row_entropy=0.0000, personal_matrix_delta=0.0000, personal_matrix_student_std=0.0000, personal_delta_pre_softmax_norm=0.0000, personal_delta_student_std=0.0000, alpha_head_std=0.0000
2026-04-12 07:32:54,690 - INFO - [assist_09|assist_09_abce_best_no_E|lr=0.0003|drop=0.20] [Diag][Graph] Epoch [010] | entropy_ratio=0.5171, diag_mass=0.2000, to_uniform_l2=0.026319, to_identity_l2=0.075079, tau_mean=0.6920, tau_std=0.0005, graph_reg_scale(train/val)=1.0000/1.0000
2026-04-12 07:32:54,690 - INFO - [assist_09|assist_09_abce_best_no_E|lr=0.0003|drop=0.20] [Grad Norms] Epoch [010] | relation_emb=0.000000e+00, relation_tau=4.669827e-09, relation_wq=0.000000e+00, relation_wk=0.000000e+00, personal_u=0.000000e+00, personal_v=0.000000e+00, personal_alpha_bias=0.000000e+00, personal_gate_emb=0.000000e+00, personal_gate_student_proj=0.000000e+00, personal_gate_context_proj=0.000000e+00, personal_gate_student_direct=0.000000e+00, personal_gate_context_direct=0.000000e+00, personal_gate_out=0.000000e+00, personal_generator_emb=0.000000e+00, personal_generator_context_proj=0.000000e+00, personal_generator_context_hidden=0.000000e+00, personal_generator_context_to_u=0.000000e+00, personal_generator_context_to_v=0.000000e+00
2026-04-12 07:32:54,991 - INFO - [assist_09|assist_09_abce_best_no_E|lr=0.0003|drop=0.20] -> New best AUC=0.7508 at epoch 10
2026-04-12 07:32:55,015 - INFO - [assist_09|assist_09_abce_best_no_E|lr=0.0003|drop=0.20] Checkpoint saved: checkpoints/abce_diag/ae_fix_20260412_fdafa52/assist_09/seed42/best_no_E/checkpoint_epoch_10.pth
2026-04-12 07:32:55,168 - INFO - [assist_09|assist_09_abce_best_no_E|lr=0.0003|drop=0.20] [Module Activity] Epoch 10: Graph[OK]
2026-04-12 07:33:22,912 - INFO - [assist_09|assist_09_abce_best_no_E|lr=0.0003|drop=0.20] Epoch [011/100] | Train: Loss=0.5141, BCE=0.4912, Reg=0.0229, AUC=0.8109, ACC=0.7521, RMSE=0.4044 | Val: Loss=0.5759, BCE=0.5530, Reg=0.0229, AUC=0.7529, ACC=0.7235, RMSE=0.4304
2026-04-12 07:33:22,913 - INFO - [assist_09|assist_09_abce_best_no_E|lr=0.0003|drop=0.20] [Reg Terms] Epoch [011] | Train: graph_entropy=0.000000, graph_diag=0.020000, graph_uniform=0.002947, graph_reg_scale=1.0000, prediction_l2=0.000000, personal_sparse=0.000000, alpha_var=0.000000, alpha_collapse=0.000000, reg_bce_ratio=0.0467 | Val: graph_entropy=0.000000, graph_diag=0.020000, graph_uniform=0.002947, graph_reg_scale=1.0000, prediction_l2=0.000000, personal_sparse=0.000000, alpha_var=0.000000, alpha_collapse=0.000000, reg_bce_ratio=0.0415
2026-04-12 07:33:23,069 - INFO - [assist_09|assist_09_abce_best_no_E|lr=0.0003|drop=0.20] [Diag][AE] Epoch [011] | irt_abs_mean=1.6789, irt_std=0.9928, personal_warmup_scale=1.00, graph_row_entropy=2.4883, graph_entropy_ratio=0.5171, alpha_mean=0.0000, alpha_std=0.0000, alpha_bias_std=0.0000, personal_row_entropy=0.0000, personal_matrix_delta=0.0000, personal_matrix_student_std=0.0000, personal_delta_pre_softmax_norm=0.0000, personal_delta_student_std=0.0000, alpha_head_std=0.0000
2026-04-12 07:33:23,070 - INFO - [assist_09|assist_09_abce_best_no_E|lr=0.0003|drop=0.20] [Diag][Graph] Epoch [011] | entropy_ratio=0.5171, diag_mass=0.2000, to_uniform_l2=0.026319, to_identity_l2=0.075079, tau_mean=0.6931, tau_std=0.0000, graph_reg_scale(train/val)=1.0000/1.0000
2026-04-12 07:33:23,070 - WARNING - [assist_09|assist_09_abce_best_no_E|lr=0.0003|drop=0.20] [Diag Warning][Graph] graph-related grad norms are near zero for 2 epoch(s): relation_emb=0.000000e+00, relation_tau=5.526686e-09, relation_wq=0.000000e+00, relation_wk=0.000000e+00, personal_u=0.000000e+00, personal_v=0.000000e+00, personal_alpha_bias=0.000000e+00, personal_gate_emb=0.000000e+00, personal_gate_student_proj=0.000000e+00, personal_gate_context_proj=0.000000e+00, personal_gate_student_direct=0.000000e+00, personal_gate_context_direct=0.000000e+00, personal_gate_out=0.000000e+00, personal_generator_emb=0.000000e+00, personal_generator_context_proj=0.000000e+00, personal_generator_context_hidden=0.000000e+00, personal_generator_context_to_u=0.000000e+00, personal_generator_context_to_v=0.000000e+00
2026-04-12 07:33:23,070 - INFO - [assist_09|assist_09_abce_best_no_E|lr=0.0003|drop=0.20] [Grad Norms] Epoch [011] | relation_emb=0.000000e+00, relation_tau=5.526686e-09, relation_wq=0.000000e+00, relation_wk=0.000000e+00, personal_u=0.000000e+00, personal_v=0.000000e+00, personal_alpha_bias=0.000000e+00, personal_gate_emb=0.000000e+00, personal_gate_student_proj=0.000000e+00, personal_gate_context_proj=0.000000e+00, personal_gate_student_direct=0.000000e+00, personal_gate_context_direct=0.000000e+00, personal_gate_out=0.000000e+00, personal_generator_emb=0.000000e+00, personal_generator_context_proj=0.000000e+00, personal_generator_context_hidden=0.000000e+00, personal_generator_context_to_u=0.000000e+00, personal_generator_context_to_v=0.000000e+00
2026-04-12 07:33:23,323 - INFO - [assist_09|assist_09_abce_best_no_E|lr=0.0003|drop=0.20] -> New best AUC=0.7529 at epoch 11
2026-04-12 07:33:50,044 - INFO - [assist_09|assist_09_abce_best_no_E|lr=0.0003|drop=0.20] Epoch [012/100] | Train: Loss=0.5109, BCE=0.4880, Reg=0.0230, AUC=0.8140, ACC=0.7537, RMSE=0.4030 | Val: Loss=0.5745, BCE=0.5516, Reg=0.0229, AUC=0.7528, ACC=0.7232, RMSE=0.4299
2026-04-12 07:33:50,044 - INFO - [assist_09|assist_09_abce_best_no_E|lr=0.0003|drop=0.20] [Reg Terms] Epoch [012] | Train: graph_entropy=0.000000, graph_diag=0.020004, graph_uniform=0.002947, graph_reg_scale=1.0000, prediction_l2=0.000000, personal_sparse=0.000000, alpha_var=0.000000, alpha_collapse=0.000000, reg_bce_ratio=0.0470 | Val: graph_entropy=0.000000, graph_diag=0.020000, graph_uniform=0.002947, graph_reg_scale=1.0000, prediction_l2=0.000000, personal_sparse=0.000000, alpha_var=0.000000, alpha_collapse=0.000000, reg_bce_ratio=0.0416
2026-04-12 07:33:50,177 - INFO - [assist_09|assist_09_abce_best_no_E|lr=0.0003|drop=0.20] [Diag][AE] Epoch [012] | irt_abs_mean=1.6880, irt_std=1.0258, personal_warmup_scale=1.00, graph_row_entropy=2.4883, graph_entropy_ratio=0.5171, alpha_mean=0.0000, alpha_std=0.0000, alpha_bias_std=0.0000, personal_row_entropy=0.0000, personal_matrix_delta=0.0000, personal_matrix_student_std=0.0000, personal_delta_pre_softmax_norm=0.0000, personal_delta_student_std=0.0000, alpha_head_std=0.0000
2026-04-12 07:33:50,177 - INFO - [assist_09|assist_09_abce_best_no_E|lr=0.0003|drop=0.20] [Diag][Graph] Epoch [012] | entropy_ratio=0.5171, diag_mass=0.2000, to_uniform_l2=0.026319, to_identity_l2=0.075079, tau_mean=0.6931, tau_std=0.0000, graph_reg_scale(train/val)=1.0000/1.0000
2026-04-12 07:33:50,177 - INFO - [assist_09|assist_09_abce_best_no_E|lr=0.0003|drop=0.20] [Grad Norms] Epoch [012] | relation_emb=0.000000e+00, relation_tau=1.971415e-08, relation_wq=0.000000e+00, relation_wk=0.000000e+00, personal_u=0.000000e+00, personal_v=0.000000e+00, personal_alpha_bias=0.000000e+00, personal_gate_emb=0.000000e+00, personal_gate_student_proj=0.000000e+00, personal_gate_context_proj=0.000000e+00, personal_gate_student_direct=0.000000e+00, personal_gate_context_direct=0.000000e+00, personal_gate_out=0.000000e+00, personal_generator_emb=0.000000e+00, personal_generator_context_proj=0.000000e+00, personal_generator_context_hidden=0.000000e+00, personal_generator_context_to_u=0.000000e+00, personal_generator_context_to_v=0.000000e+00
2026-04-12 07:33:50,177 - INFO - [assist_09|assist_09_abce_best_no_E|lr=0.0003|drop=0.20] -> No improvement 1 epoch(s) (best AUC=0.7529 @ 11)
2026-04-12 07:34:17,205 - INFO - [assist_09|assist_09_abce_best_no_E|lr=0.0003|drop=0.20] Epoch [013/100] | Train: Loss=0.5078, BCE=0.4849, Reg=0.0229, AUC=0.8169, ACC=0.7548, RMSE=0.4017 | Val: Loss=0.5767, BCE=0.5538, Reg=0.0229, AUC=0.7532, ACC=0.7244, RMSE=0.4304
2026-04-12 07:34:17,205 - INFO - [assist_09|assist_09_abce_best_no_E|lr=0.0003|drop=0.20] [Reg Terms] Epoch [013] | Train: graph_entropy=0.000000, graph_diag=0.020000, graph_uniform=0.002947, graph_reg_scale=1.0000, prediction_l2=0.000000, personal_sparse=0.000000, alpha_var=0.000000, alpha_collapse=0.000000, reg_bce_ratio=0.0473 | Val: graph_entropy=0.000000, graph_diag=0.020000, graph_uniform=0.002947, graph_reg_scale=1.0000, prediction_l2=0.000000, personal_sparse=0.000000, alpha_var=0.000000, alpha_collapse=0.000000, reg_bce_ratio=0.0414
2026-04-12 07:34:17,397 - INFO - [assist_09|assist_09_abce_best_no_E|lr=0.0003|drop=0.20] [Diag][AE] Epoch [013] | irt_abs_mean=1.7465, irt_std=1.0791, personal_warmup_scale=1.00, graph_row_entropy=2.4883, graph_entropy_ratio=0.5171, alpha_mean=0.0000, alpha_std=0.0000, alpha_bias_std=0.0000, personal_row_entropy=0.0000, personal_matrix_delta=0.0000, personal_matrix_student_std=0.0000, personal_delta_pre_softmax_norm=0.0000, personal_delta_student_std=0.0000, alpha_head_std=0.0000
2026-04-12 07:34:17,397 - INFO - [assist_09|assist_09_abce_best_no_E|lr=0.0003|drop=0.20] [Diag][Graph] Epoch [013] | entropy_ratio=0.5171, diag_mass=0.2000, to_uniform_l2=0.026319, to_identity_l2=0.075079, tau_mean=0.6932, tau_std=0.0000, graph_reg_scale(train/val)=1.0000/1.0000
2026-04-12 07:34:17,397 - INFO - [assist_09|assist_09_abce_best_no_E|lr=0.0003|drop=0.20] [Grad Norms] Epoch [013] | relation_emb=0.000000e+00, relation_tau=3.063520e-09, relation_wq=0.000000e+00, relation_wk=0.000000e+00, personal_u=0.000000e+00, personal_v=0.000000e+00, personal_alpha_bias=0.000000e+00, personal_gate_emb=0.000000e+00, personal_gate_student_proj=0.000000e+00, personal_gate_context_proj=0.000000e+00, personal_gate_student_direct=0.000000e+00, personal_gate_context_direct=0.000000e+00, personal_gate_out=0.000000e+00, personal_generator_emb=0.000000e+00, personal_generator_context_proj=0.000000e+00, personal_generator_context_hidden=0.000000e+00, personal_generator_context_to_u=0.000000e+00, personal_generator_context_to_v=0.000000e+00
2026-04-12 07:34:17,673 - INFO - [assist_09|assist_09_abce_best_no_E|lr=0.0003|drop=0.20] -> New best AUC=0.7532 at epoch 13
2026-04-12 07:34:32,292 - INFO - [junyi|junyi_abce_best_full|lr=0.003|drop=0.40] Epoch [001/100] | Train: Loss=0.5457, BCE=0.5200, Reg=0.0257, AUC=0.7879, ACC=0.7440, RMSE=0.4162 | Val: Loss=0.5446, BCE=0.5206, Reg=0.0239, AUC=0.7972, ACC=0.7564, RMSE=0.4136
2026-04-12 07:34:32,293 - INFO - [junyi|junyi_abce_best_full|lr=0.003|drop=0.40] [Reg Terms] Epoch [001] | Train: graph_entropy=0.000000, graph_diag=0.013881, graph_uniform=0.006719, graph_reg_scale=1.0000, prediction_l2=0.000000, personal_sparse=0.006311, alpha_var=-0.001243, alpha_collapse=0.000000, reg_bce_ratio=0.0494 | Val: graph_entropy=0.000000, graph_diag=0.012000, graph_uniform=0.006735, graph_reg_scale=1.0000, prediction_l2=0.000000, personal_sparse=0.006371, alpha_var=-0.001166, alpha_collapse=0.000000, reg_bce_ratio=0.0460
2026-04-12 07:34:34,288 - INFO - [junyi|junyi_abce_best_full|lr=0.003|drop=0.40] [Diag][AE] Epoch [001] | irt_abs_mean=1.8054, irt_std=1.1008, personal_warmup_scale=1.00, graph_row_entropy=3.1853, graph_entropy_ratio=0.4856, alpha_mean=0.1750, alpha_std=0.1452, alpha_bias_std=0.0002, personal_row_entropy=3.1854, personal_matrix_delta=0.0000, personal_matrix_student_std=0.0000, personal_delta_pre_softmax_norm=0.0000, personal_delta_student_std=0.0000, alpha_head_std=0.1402
2026-04-12 07:34:34,289 - INFO - [junyi|junyi_abce_best_full|lr=0.003|drop=0.40] [Diag][Graph] Epoch [001] | entropy_ratio=0.4856, diag_mass=0.1000, to_uniform_l2=0.007744, to_identity_l2=0.034570, tau_mean=0.6931, tau_std=0.0000, graph_reg_scale(train/val)=1.0000/1.0000
2026-04-12 07:34:34,289 - WARNING - [junyi|junyi_abce_best_full|lr=0.003|drop=0.40] [Diag Warning][E] personal_delta_student_std is near zero: personal_delta_student_std=0.000000, personal_delta_pre_softmax_norm=0.000000
2026-04-12 07:34:34,289 - INFO - [junyi|junyi_abce_best_full|lr=0.003|drop=0.40] [Grad Norms] Epoch [001] | relation_emb=0.000000e+00, relation_tau=1.717312e-16, relation_wq=0.000000e+00, relation_wk=0.000000e+00, personal_u=0.000000e+00, personal_v=0.000000e+00, personal_alpha_bias=2.401676e-05, personal_gate_emb=3.265346e-16, personal_gate_student_proj=0.000000e+00, personal_gate_context_proj=0.000000e+00, personal_gate_student_direct=1.701821e-17, personal_gate_context_direct=8.245385e-04, personal_gate_out=1.657176e-13, personal_generator_emb=0.000000e+00, personal_generator_context_proj=0.000000e+00, personal_generator_context_hidden=0.000000e+00, personal_generator_context_to_u=0.000000e+00, personal_generator_context_to_v=0.000000e+00
2026-04-12 07:34:34,447 - INFO - [junyi|junyi_abce_best_full|lr=0.003|drop=0.40] -> New best AUC=0.7972 at epoch 1
2026-04-12 07:34:41,150 - INFO - [assist_09|assist_09_abce_best_no_E|lr=0.0003|drop=0.20] Epoch [014/100] | Train: Loss=0.5003, BCE=0.4773, Reg=0.0229, AUC=0.8247, ACC=0.7593, RMSE=0.3981 | Val: Loss=0.5791, BCE=0.5562, Reg=0.0229, AUC=0.7537, ACC=0.7241, RMSE=0.4310
2026-04-12 07:34:41,151 - INFO - [assist_09|assist_09_abce_best_no_E|lr=0.0003|drop=0.20] [Reg Terms] Epoch [014] | Train: graph_entropy=0.000000, graph_diag=0.020000, graph_uniform=0.002947, graph_reg_scale=1.0000, prediction_l2=0.000000, personal_sparse=0.000000, alpha_var=0.000000, alpha_collapse=0.000000, reg_bce_ratio=0.0481 | Val: graph_entropy=0.000000, graph_diag=0.020000, graph_uniform=0.002947, graph_reg_scale=1.0000, prediction_l2=0.000000, personal_sparse=0.000000, alpha_var=0.000000, alpha_collapse=0.000000, reg_bce_ratio=0.0413
2026-04-12 07:34:41,299 - INFO - [assist_09|assist_09_abce_best_no_E|lr=0.0003|drop=0.20] [Diag][AE] Epoch [014] | irt_abs_mean=1.8102, irt_std=1.1028, personal_warmup_scale=1.00, graph_row_entropy=2.4883, graph_entropy_ratio=0.5171, alpha_mean=0.0000, alpha_std=0.0000, alpha_bias_std=0.0000, personal_row_entropy=0.0000, personal_matrix_delta=0.0000, personal_matrix_student_std=0.0000, personal_delta_pre_softmax_norm=0.0000, personal_delta_student_std=0.0000, alpha_head_std=0.0000
2026-04-12 07:34:41,299 - INFO - [assist_09|assist_09_abce_best_no_E|lr=0.0003|drop=0.20] [Diag][Graph] Epoch [014] | entropy_ratio=0.5171, diag_mass=0.2000, to_uniform_l2=0.026319, to_identity_l2=0.075079, tau_mean=0.6931, tau_std=0.0000, graph_reg_scale(train/val)=1.0000/1.0000
2026-04-12 07:34:41,299 - WARNING - [assist_09|assist_09_abce_best_no_E|lr=0.0003|drop=0.20] [Diag Warning][Graph] graph-related grad norms are near zero for 2 epoch(s): relation_emb=0.000000e+00, relation_tau=7.671392e-11, relation_wq=0.000000e+00, relation_wk=0.000000e+00, personal_u=0.000000e+00, personal_v=0.000000e+00, personal_alpha_bias=0.000000e+00, personal_gate_emb=0.000000e+00, personal_gate_student_proj=0.000000e+00, personal_gate_context_proj=0.000000e+00, personal_gate_student_direct=0.000000e+00, personal_gate_context_direct=0.000000e+00, personal_gate_out=0.000000e+00, personal_generator_emb=0.000000e+00, personal_generator_context_proj=0.000000e+00, personal_generator_context_hidden=0.000000e+00, personal_generator_context_to_u=0.000000e+00, personal_generator_context_to_v=0.000000e+00
2026-04-12 07:34:41,300 - INFO - [assist_09|assist_09_abce_best_no_E|lr=0.0003|drop=0.20] [Grad Norms] Epoch [014] | relation_emb=0.000000e+00, relation_tau=7.671392e-11, relation_wq=0.000000e+00, relation_wk=0.000000e+00, personal_u=0.000000e+00, personal_v=0.000000e+00, personal_alpha_bias=0.000000e+00, personal_gate_emb=0.000000e+00, personal_gate_student_proj=0.000000e+00, personal_gate_context_proj=0.000000e+00, personal_gate_student_direct=0.000000e+00, personal_gate_context_direct=0.000000e+00, personal_gate_out=0.000000e+00, personal_generator_emb=0.000000e+00, personal_generator_context_proj=0.000000e+00, personal_generator_context_hidden=0.000000e+00, personal_generator_context_to_u=0.000000e+00, personal_generator_context_to_v=0.000000e+00
2026-04-12 07:34:41,597 - INFO - [assist_09|assist_09_abce_best_no_E|lr=0.0003|drop=0.20] -> New best AUC=0.7537 at epoch 14
2026-04-12 07:35:08,022 - INFO - [assist_09|assist_09_abce_best_no_E|lr=0.0003|drop=0.20] Epoch [015/100] | Train: Loss=0.4984, BCE=0.4755, Reg=0.0229, AUC=0.8259, ACC=0.7609, RMSE=0.3974 | Val: Loss=0.5788, BCE=0.5559, Reg=0.0229, AUC=0.7532, ACC=0.7241, RMSE=0.4309
2026-04-12 07:35:08,022 - INFO - [assist_09|assist_09_abce_best_no_E|lr=0.0003|drop=0.20] [Reg Terms] Epoch [015] | Train: graph_entropy=0.000000, graph_diag=0.020000, graph_uniform=0.002947, graph_reg_scale=1.0000, prediction_l2=0.000001, personal_sparse=0.000000, alpha_var=0.000000, alpha_collapse=0.000000, reg_bce_ratio=0.0483 | Val: graph_entropy=0.000000, graph_diag=0.020000, graph_uniform=0.002947, graph_reg_scale=1.0000, prediction_l2=0.000001, personal_sparse=0.000000, alpha_var=0.000000, alpha_collapse=0.000000, reg_bce_ratio=0.0413
2026-04-12 07:35:08,191 - INFO - [assist_09|assist_09_abce_best_no_E|lr=0.0003|drop=0.20] [Diag][AE] Epoch [015] | irt_abs_mean=1.8144, irt_std=1.1294, personal_warmup_scale=1.00, graph_row_entropy=2.4883, graph_entropy_ratio=0.5171, alpha_mean=0.0000, alpha_std=0.0000, alpha_bias_std=0.0000, personal_row_entropy=0.0000, personal_matrix_delta=0.0000, personal_matrix_student_std=0.0000, personal_delta_pre_softmax_norm=0.0000, personal_delta_student_std=0.0000, alpha_head_std=0.0000
2026-04-12 07:35:08,191 - INFO - [assist_09|assist_09_abce_best_no_E|lr=0.0003|drop=0.20] [Diag][Graph] Epoch [015] | entropy_ratio=0.5171, diag_mass=0.2000, to_uniform_l2=0.026319, to_identity_l2=0.075079, tau_mean=0.6932, tau_std=0.0000, graph_reg_scale(train/val)=1.0000/1.0000
2026-04-12 07:35:08,191 - WARNING - [assist_09|assist_09_abce_best_no_E|lr=0.0003|drop=0.20] [Diag Warning][Graph] graph-related grad norms are near zero for 3 epoch(s): relation_emb=0.000000e+00, relation_tau=1.680658e-10, relation_wq=0.000000e+00, relation_wk=0.000000e+00, personal_u=0.000000e+00, personal_v=0.000000e+00, personal_alpha_bias=0.000000e+00, personal_gate_emb=0.000000e+00, personal_gate_student_proj=0.000000e+00, personal_gate_context_proj=0.000000e+00, personal_gate_student_direct=0.000000e+00, personal_gate_context_direct=0.000000e+00, personal_gate_out=0.000000e+00, personal_generator_emb=0.000000e+00, personal_generator_context_proj=0.000000e+00, personal_generator_context_hidden=0.000000e+00, personal_generator_context_to_u=0.000000e+00, personal_generator_context_to_v=0.000000e+00
2026-04-12 07:35:08,191 - INFO - [assist_09|assist_09_abce_best_no_E|lr=0.0003|drop=0.20] [Grad Norms] Epoch [015] | relation_emb=0.000000e+00, relation_tau=1.680658e-10, relation_wq=0.000000e+00, relation_wk=0.000000e+00, personal_u=0.000000e+00, personal_v=0.000000e+00, personal_alpha_bias=0.000000e+00, personal_gate_emb=0.000000e+00, personal_gate_student_proj=0.000000e+00, personal_gate_context_proj=0.000000e+00, personal_gate_student_direct=0.000000e+00, personal_gate_context_direct=0.000000e+00, personal_gate_out=0.000000e+00, personal_generator_emb=0.000000e+00, personal_generator_context_proj=0.000000e+00, personal_generator_context_hidden=0.000000e+00, personal_generator_context_to_u=0.000000e+00, personal_generator_context_to_v=0.000000e+00
2026-04-12 07:35:08,192 - INFO - [assist_09|assist_09_abce_best_no_E|lr=0.0003|drop=0.20] -> No improvement 1 epoch(s) (best AUC=0.7537 @ 14)
2026-04-12 07:35:33,813 - INFO - [assist_09|assist_09_abce_best_no_E|lr=0.0003|drop=0.20] Epoch [016/100] | Train: Loss=0.4970, BCE=0.4741, Reg=0.0229, AUC=0.8272, ACC=0.7612, RMSE=0.3968 | Val: Loss=0.5791, BCE=0.5561, Reg=0.0229, AUC=0.7535, ACC=0.7251, RMSE=0.4309
2026-04-12 07:35:33,814 - INFO - [assist_09|assist_09_abce_best_no_E|lr=0.0003|drop=0.20] [Reg Terms] Epoch [016] | Train: graph_entropy=0.000000, graph_diag=0.020000, graph_uniform=0.002947, graph_reg_scale=1.0000, prediction_l2=0.000001, personal_sparse=0.000000, alpha_var=0.000000, alpha_collapse=0.000000, reg_bce_ratio=0.0484 | Val: graph_entropy=0.000000, graph_diag=0.020000, graph_uniform=0.002947, graph_reg_scale=1.0000, prediction_l2=0.000001, personal_sparse=0.000000, alpha_var=0.000000, alpha_collapse=0.000000, reg_bce_ratio=0.0413
2026-04-12 07:35:33,983 - INFO - [assist_09|assist_09_abce_best_no_E|lr=0.0003|drop=0.20] [Diag][AE] Epoch [016] | irt_abs_mean=1.8199, irt_std=1.1591, personal_warmup_scale=1.00, graph_row_entropy=2.4883, graph_entropy_ratio=0.5171, alpha_mean=0.0000, alpha_std=0.0000, alpha_bias_std=0.0000, personal_row_entropy=0.0000, personal_matrix_delta=0.0000, personal_matrix_student_std=0.0000, personal_delta_pre_softmax_norm=0.0000, personal_delta_student_std=0.0000, alpha_head_std=0.0000
2026-04-12 07:35:33,983 - INFO - [assist_09|assist_09_abce_best_no_E|lr=0.0003|drop=0.20] [Diag][Graph] Epoch [016] | entropy_ratio=0.5171, diag_mass=0.2000, to_uniform_l2=0.026319, to_identity_l2=0.075079, tau_mean=0.6932, tau_std=0.0000, graph_reg_scale(train/val)=1.0000/1.0000
2026-04-12 07:35:33,983 - WARNING - [assist_09|assist_09_abce_best_no_E|lr=0.0003|drop=0.20] [Diag Warning][Graph] graph-related grad norms are near zero for 4 epoch(s): relation_emb=0.000000e+00, relation_tau=9.489217e-10, relation_wq=0.000000e+00, relation_wk=0.000000e+00, personal_u=0.000000e+00, personal_v=0.000000e+00, personal_alpha_bias=0.000000e+00, personal_gate_emb=0.000000e+00, personal_gate_student_proj=0.000000e+00, personal_gate_context_proj=0.000000e+00, personal_gate_student_direct=0.000000e+00, personal_gate_context_direct=0.000000e+00, personal_gate_out=0.000000e+00, personal_generator_emb=0.000000e+00, personal_generator_context_proj=0.000000e+00, personal_generator_context_hidden=0.000000e+00, personal_generator_context_to_u=0.000000e+00, personal_generator_context_to_v=0.000000e+00
2026-04-12 07:35:33,984 - INFO - [assist_09|assist_09_abce_best_no_E|lr=0.0003|drop=0.20] [Grad Norms] Epoch [016] | relation_emb=0.000000e+00, relation_tau=9.489217e-10, relation_wq=0.000000e+00, relation_wk=0.000000e+00, personal_u=0.000000e+00, personal_v=0.000000e+00, personal_alpha_bias=0.000000e+00, personal_gate_emb=0.000000e+00, personal_gate_student_proj=0.000000e+00, personal_gate_context_proj=0.000000e+00, personal_gate_student_direct=0.000000e+00, personal_gate_context_direct=0.000000e+00, personal_gate_out=0.000000e+00, personal_generator_emb=0.000000e+00, personal_generator_context_proj=0.000000e+00, personal_generator_context_hidden=0.000000e+00, personal_generator_context_to_u=0.000000e+00, personal_generator_context_to_v=0.000000e+00
2026-04-12 07:35:33,984 - INFO - [assist_09|assist_09_abce_best_no_E|lr=0.0003|drop=0.20] -> No improvement 2 epoch(s) (best AUC=0.7537 @ 14)
2026-04-12 07:36:01,533 - INFO - [assist_09|assist_09_abce_best_no_E|lr=0.0003|drop=0.20] Epoch [017/100] | Train: Loss=0.4957, BCE=0.4728, Reg=0.0229, AUC=0.8281, ACC=0.7614, RMSE=0.3962 | Val: Loss=0.5810, BCE=0.5581, Reg=0.0229, AUC=0.7536, ACC=0.7241, RMSE=0.4313
2026-04-12 07:36:01,533 - INFO - [assist_09|assist_09_abce_best_no_E|lr=0.0003|drop=0.20] [Reg Terms] Epoch [017] | Train: graph_entropy=0.000000, graph_diag=0.020000, graph_uniform=0.002947, graph_reg_scale=1.0000, prediction_l2=0.000001, personal_sparse=0.000000, alpha_var=0.000000, alpha_collapse=0.000000, reg_bce_ratio=0.0485 | Val: graph_entropy=0.000000, graph_diag=0.020000, graph_uniform=0.002947, graph_reg_scale=1.0000, prediction_l2=0.000001, personal_sparse=0.000000, alpha_var=0.000000, alpha_collapse=0.000000, reg_bce_ratio=0.0411
2026-04-12 07:36:01,729 - INFO - [assist_09|assist_09_abce_best_no_E|lr=0.0003|drop=0.20] [Diag][AE] Epoch [017] | irt_abs_mean=1.8760, irt_std=1.1755, personal_warmup_scale=1.00, graph_row_entropy=2.4883, graph_entropy_ratio=0.5171, alpha_mean=0.0000, alpha_std=0.0000, alpha_bias_std=0.0000, personal_row_entropy=0.0000, personal_matrix_delta=0.0000, personal_matrix_student_std=0.0000, personal_delta_pre_softmax_norm=0.0000, personal_delta_student_std=0.0000, alpha_head_std=0.0000
2026-04-12 07:36:01,730 - INFO - [assist_09|assist_09_abce_best_no_E|lr=0.0003|drop=0.20] [Diag][Graph] Epoch [017] | entropy_ratio=0.5171, diag_mass=0.2000, to_uniform_l2=0.026319, to_identity_l2=0.075079, tau_mean=0.6931, tau_std=0.0000, graph_reg_scale(train/val)=1.0000/1.0000
2026-04-12 07:36:01,730 - WARNING - [assist_09|assist_09_abce_best_no_E|lr=0.0003|drop=0.20] [Diag Warning][Graph] graph-related grad norms are near zero for 5 epoch(s): relation_emb=0.000000e+00, relation_tau=2.497948e-09, relation_wq=0.000000e+00, relation_wk=0.000000e+00, personal_u=0.000000e+00, personal_v=0.000000e+00, personal_alpha_bias=0.000000e+00, personal_gate_emb=0.000000e+00, personal_gate_student_proj=0.000000e+00, personal_gate_context_proj=0.000000e+00, personal_gate_student_direct=0.000000e+00, personal_gate_context_direct=0.000000e+00, personal_gate_out=0.000000e+00, personal_generator_emb=0.000000e+00, personal_generator_context_proj=0.000000e+00, personal_generator_context_hidden=0.000000e+00, personal_generator_context_to_u=0.000000e+00, personal_generator_context_to_v=0.000000e+00
2026-04-12 07:36:01,730 - INFO - [assist_09|assist_09_abce_best_no_E|lr=0.0003|drop=0.20] [Grad Norms] Epoch [017] | relation_emb=0.000000e+00, relation_tau=2.497948e-09, relation_wq=0.000000e+00, relation_wk=0.000000e+00, personal_u=0.000000e+00, personal_v=0.000000e+00, personal_alpha_bias=0.000000e+00, personal_gate_emb=0.000000e+00, personal_gate_student_proj=0.000000e+00, personal_gate_context_proj=0.000000e+00, personal_gate_student_direct=0.000000e+00, personal_gate_context_direct=0.000000e+00, personal_gate_out=0.000000e+00, personal_generator_emb=0.000000e+00, personal_generator_context_proj=0.000000e+00, personal_generator_context_hidden=0.000000e+00, personal_generator_context_to_u=0.000000e+00, personal_generator_context_to_v=0.000000e+00
2026-04-12 07:36:01,730 - INFO - [assist_09|assist_09_abce_best_no_E|lr=0.0003|drop=0.20] -> No improvement 3 epoch(s) (best AUC=0.7537 @ 14)
2026-04-12 07:36:01,730 - INFO - [assist_09|assist_09_abce_best_no_E|lr=0.0003|drop=0.20] Early stopping at epoch 17 (best AUC=0.7537 @ 14)
2026-04-12 07:36:01,737 - INFO - Epoch-wise metrics saved to checkpoints/abce_diag/ae_fix_20260412_fdafa52/assist_09/seed42/best_no_E/metrics_history.csv
2026-04-12 07:36:01,738 - INFO - [assist_09|assist_09_abce_best_no_E|lr=0.0003|drop=0.20] Training completed! Best Val AUC=0.7537 @ epoch 14
2026-04-12 07:36:01,961 - INFO - 
============================================================
         MODULE ACTIVITY REPORT
============================================================
Dataset: assist_09 | Seed: 42 | Epoch: 17

1. Concept Graph Module (A):
   - Mean row entropy: 2.488 / 4.812
   - Entropy ratio: 51.7%
   - Status: ACTIVE (learning meaningful structure)

2. Personal Graph Module (E):
   - Status: DISABLED (use_personal_graph=False or no_E)

------------------------------------------------------------
SUMMARY:
   Active modules: Concept Graph (A)
   All enabled graph modules are functioning properly.
============================================================
2026-04-12 07:36:01,962 - INFO - [assist_09|assist_09_abce_best_no_E|lr=0.0003|drop=0.20] Module activity saved to checkpoints/abce_diag/ae_fix_20260412_fdafa52/assist_09/seed42/best_no_E/module_activity.json
2026-04-12 07:36:02,021 - INFO - Using device: cuda:0 (physical gpu 2)
2026-04-12 07:36:02,022 - INFO - Loading model from checkpoints/abce_diag/ae_fix_20260412_fdafa52/assist_09/seed42/best_no_E/best_model.pth...
2026-04-12 07:36:02,164 - INFO - Inference switches: ablate_module1=False | enable_module1=True | use_concept_graph=True | effective(num_gnn_layers=1)
2026-04-12 07:36:02,172 - INFO - [Inference] Ablation runtime check: args(ablate_module1=False) | model(enable_module1=True) | physical(has_knowledge_encoder=True)
2026-04-12 07:36:02,172 - INFO - [Inference] [Graph Init] graph_tau_mean=1.0055, graph_tau_std=0.0000, graph_dropout=0.000, use_personal_graph=False
2026-04-12 07:36:02,173 - INFO - Model loaded from epoch 14. Start testing...
[GPU] Status: [GPU 2: 23505MiB free]
2026-04-12 07:36:03,230 - INFO - [Test] 200/411 batches done, samples=25600
2026-04-12 07:36:03,985 - INFO - [Test] 400/411 batches done, samples=51200
2026-04-12 07:36:04,103 - INFO - 
==================================================
2026-04-12 07:36:04,103 - INFO - Test Results:
2026-04-12 07:36:04,104 - INFO - AUC: 0.7561
2026-04-12 07:36:04,104 - INFO - ACC: 0.7290
2026-04-12 07:36:04,104 - INFO - RMSE: 0.4286
2026-04-12 07:36:04,104 - INFO - ==================================================
2026-04-12 07:36:04,122 - INFO - Summary appended to /home/zsh/ConceptSkillCDM/results/experiment_results.csv
2026-04-12 07:36:04,129 - INFO - Run completed.
2026-04-12 07:36:04,129 - INFO - Best validation AUC: 0.7537 at epoch 14
2026-04-12 07:36:04,129 - INFO - Test metrics - AUC: 0.7561, ACC: 0.7290, RMSE: 0.4286
2026-04-12 07:36:15,762 - INFO - Arguments:
2026-04-12 07:36:15,762 - INFO -   ablate_concept_graph: True
2026-04-12 07:36:15,762 - INFO -   ablate_module1: False
2026-04-12 07:36:15,762 - INFO -   allow_self_loop: True
2026-04-12 07:36:15,762 - INFO -   alpha_min_target: 0.0
2026-04-12 07:36:15,762 - INFO -   batch_size: 256
2026-04-12 07:36:15,762 - INFO -   data_dir: ./data/junyi
2026-04-12 07:36:15,762 - INFO -   dataset_name: junyi
2026-04-12 07:36:15,762 - INFO -   debug_graph_diag: True
2026-04-12 07:36:15,762 - INFO -   diag_batches: 1
2026-04-12 07:36:15,762 - INFO -   disable_self_loop: False
2026-04-12 07:36:15,762 - INFO -   dropout: 0.4
2026-04-12 07:36:15,762 - INFO -   early_stop_patience: 3
2026-04-12 07:36:15,763 - INFO -   enable_module1: True
2026-04-12 07:36:15,763 - INFO -   epochs: 100
2026-04-12 07:36:15,763 - INFO -   generate_diagnosis: False
2026-04-12 07:36:15,763 - INFO -   gnn_residual_weight: 0.5
2026-04-12 07:36:15,763 - INFO -   gpu_candidates: None
2026-04-12 07:36:15,763 - INFO -   gpu_ids: None
2026-04-12 07:36:15,763 - INFO -   gpu_memory_threshold: 2000
2026-04-12 07:36:15,763 - INFO -   gpus: None
2026-04-12 07:36:15,763 - INFO -   graph_dropout: 0.0
2026-04-12 07:36:15,763 - INFO -   graph_entropy_max: 0.7
2026-04-12 07:36:15,763 - INFO -   graph_entropy_min: 0.15
2026-04-12 07:36:15,763 - INFO -   graph_identity_residual: 0.1
2026-04-12 07:36:15,763 - INFO -   graph_reg_cap_ratio: 6.0
2026-04-12 07:36:15,763 - INFO -   graph_reg_warmup_epochs: 0
2026-04-12 07:36:15,763 - INFO -   graph_tau_init: 0.55
2026-04-12 07:36:15,763 - INFO -   graph_topk: 24
2026-04-12 07:36:15,763 - INFO -   graph_uniform_margin: 0.12
2026-04-12 07:36:15,763 - INFO -   knowledge_dim: 128
2026-04-12 07:36:15,763 - INFO -   lambda_alpha: 0.05
2026-04-12 07:36:15,763 - INFO -   lambda_alpha_min: 0.0
2026-04-12 07:36:15,763 - INFO -   lambda_graph_diag: 0.12
2026-04-12 07:36:15,763 - INFO -   lambda_graph_uniform: 0.06
2026-04-12 07:36:15,763 - INFO -   lambda_sparse: 0.6
2026-04-12 07:36:15,763 - INFO -   lambda_sparse_personal: 0.002
2026-04-12 07:36:15,763 - INFO -   learning_rate: 0.003
2026-04-12 07:36:15,763 - INFO -   log_dir: logs/abce_diag/ae_fix_20260412_fdafa52/junyi/seed42/best_no_A
2026-04-12 07:36:15,763 - INFO -   min_exer_interactions: 0
2026-04-12 07:36:15,763 - INFO -   min_poison_count: 0
2026-04-12 07:36:15,763 - INFO -   min_stu_interactions: 15
2026-04-12 07:36:15,763 - INFO -   model_variant: junyi_abce_best_no_A
2026-04-12 07:36:15,763 - INFO -   multi_gpu: False
2026-04-12 07:36:15,764 - INFO -   no_cuda: False
2026-04-12 07:36:15,764 - INFO -   num_gnn_layers: 0
2026-04-12 07:36:15,764 - INFO -   num_gpus: 1
2026-04-12 07:36:15,764 - INFO -   num_relation_heads: 2
2026-04-12 07:36:15,764 - INFO -   num_workers: 4
2026-04-12 07:36:15,764 - INFO -   patience: 1
2026-04-12 07:36:15,764 - INFO -   personal_delta_scale: 1.0
2026-04-12 07:36:15,764 - INFO -   personal_max_alpha: 0.35
2026-04-12 07:36:15,764 - INFO -   personal_rank: 4
2026-04-12 07:36:15,764 - INFO -   personal_student_dim: None
2026-04-12 07:36:15,764 - INFO -   personal_warmup_epochs: 0
2026-04-12 07:36:15,764 - INFO -   prediction_l2_lambda: 1e-05
2026-04-12 07:36:15,764 - INFO -   save_dir: checkpoints/abce_diag/ae_fix_20260412_fdafa52/junyi/seed42/best_no_A
2026-04-12 07:36:15,764 - INFO -   save_interval: 10
2026-04-12 07:36:15,764 - INFO -   seed: 42
2026-04-12 07:36:15,764 - INFO -   use_concept_graph: False
2026-04-12 07:36:15,764 - INFO -   use_exercise_graph: False
2026-04-12 07:36:15,764 - INFO -   use_personal_graph: True
2026-04-12 07:36:15,764 - INFO -   weight_decay: 0.001
2026-04-12 07:36:15,863 - INFO - Using device: cuda:0 (physical gpu 2)
2026-04-12 07:36:15,864 - INFO - [junyi|junyi_abce_best_no_A|lr=0.003|drop=0.40] Loading datasets...
2026-04-12 07:36:15,864 - INFO - [junyi|junyi_abce_best_no_A|lr=0.003|drop=0.40] Regularization: graph_entropy(lambda_sparse)=0.600000, graph_diag=0.120000, graph_uniform=0.060000, personal_sparse=0.002000, alpha_penalty=0.050000, alpha_min=0.000000, prediction_l2=0.000010
2026-04-12 07:36:15,864 - INFO - [junyi|junyi_abce_best_no_A|lr=0.003|drop=0.40] Graph controls: entropy_band=[0.15, 0.70], uniform_margin=0.12, warmup_epochs=0, cap_ratio=6.00, graph_dropout=0.000, graph_tau_init=0.550
2026-04-12 07:36:15,864 - INFO - [junyi|junyi_abce_best_no_A|lr=0.003|drop=0.40] Personal controls: personal_max_alpha=0.350, personal_delta_scale=1.000, personal_warmup_epochs=0, personal_student_dim=None, alpha_min_target=0.0000
2026-04-12 07:36:15,994 - INFO - [junyi] [数据清洗] 学生交互次数 < 15 次的学生：共移除 0 个学生（仅统计用户数）
2026-04-12 07:36:16,011 - INFO - [junyi] [数据清洗] 学生冷启动过滤：在 train/valid/test 中共删除 0 条记录。
2026-04-12 07:36:16,011 - INFO - [junyi] [数据清洗] 跳过题目冷门过滤（min_exer_interactions <= 0）。
2026-04-12 07:36:16,011 - INFO - [junyi] [数据清洗] 跳过毒题清洗（min_poison_count <= 0）。
2026-04-12 07:36:16,011 - INFO - [junyi] 正在构建ID映射...
2026-04-12 07:36:16,269 - INFO - [junyi] 正在构建Q矩阵...
2026-04-12 07:36:27,893 - INFO - [junyi] [统计] 开始统计清洗后每道题的概念数量分布...
2026-04-12 07:36:27,901 - INFO - [junyi] [Train] 概念数统计：题目数=702, 平均概念数=1.0000, min=1, max=1, 1概念=702 (100.00%), ≥2概念=0 (0.00%)
2026-04-12 07:36:27,901 - INFO - [junyi] [Train] 概念数直方图（概念数: 题目数量）: {1: 702}
2026-04-12 07:36:27,902 - INFO - [junyi] [Valid] 概念数统计：题目数=623, 平均概念数=1.0000, min=1, max=1, 1概念=623 (100.00%), ≥2概念=0 (0.00%)
2026-04-12 07:36:27,902 - INFO - [junyi] [Valid] 概念数直方图（概念数: 题目数量）: {1: 623}
2026-04-12 07:36:27,904 - INFO - [junyi] [Test] 概念数统计：题目数=673, 平均概念数=1.0000, min=1, max=1, 1概念=673 (100.00%), ≥2概念=0 (0.00%)
2026-04-12 07:36:27,904 - INFO - [junyi] [Test] 概念数直方图（概念数: 题目数量）: {1: 673}
2026-04-12 07:36:27,904 - INFO - [junyi] [统计] 概念数量统计完成。
2026-04-12 07:36:27,904 - INFO - [junyi] 正在加载数据集...
2026-04-12 07:36:28,081 - INFO - [junyi|junyi_abce_best_no_A|lr=0.003|drop=0.40] Train samples: 262473, Val samples: 24299
2026-04-12 07:36:28,082 - INFO - [junyi|junyi_abce_best_no_A|lr=0.003|drop=0.40] Number of students: 10000
2026-04-12 07:36:28,082 - INFO - [junyi|junyi_abce_best_no_A|lr=0.003|drop=0.40] Number of exercises: 706
2026-04-12 07:36:28,082 - INFO - [junyi|junyi_abce_best_no_A|lr=0.003|drop=0.40] Number of concepts: 706
2026-04-12 07:36:28,082 - INFO - [junyi|junyi_abce_best_no_A|lr=0.003|drop=0.40] Creating model...
2026-04-12 07:36:28,082 - INFO - [junyi|junyi_abce_best_no_A|lr=0.003|drop=0.40] Ablation switches: ablate_module1=False | enable_module1=True | use_concept_graph=False | effective(num_gnn_layers=0)
2026-04-12 07:36:28,338 - INFO - [junyi|junyi_abce_best_no_A|lr=0.003|drop=0.40] Ablation runtime check: args(ablate_module1=False) | model(enable_module1=True) | physical(has_knowledge_encoder=True)
2026-04-12 07:36:28,338 - INFO - [junyi|junyi_abce_best_no_A|lr=0.003|drop=0.40] Debug diagnostics enabled: diag_batches=1
2026-04-12 07:36:28,338 - INFO - [junyi|junyi_abce_best_no_A|lr=0.003|drop=0.40] [Graph Init] graph_tau_mean=0.0000, graph_tau_std=0.0000, graph_dropout=0.000, use_personal_graph=True
2026-04-12 07:36:28,339 - INFO - [junyi|junyi_abce_best_no_A|lr=0.003|drop=0.40] Total parameters: 7,005,772
2026-04-12 07:36:28,339 - INFO - [junyi|junyi_abce_best_no_A|lr=0.003|drop=0.40] Trainable parameters: 7,005,772
2026-04-12 07:36:30,066 - INFO - [junyi|junyi_abce_best_no_A|lr=0.003|drop=0.40] Starting training...
[GPU] Status: [GPU 2: 24088MiB free]
2026-04-12 07:37:59,784 - INFO - [junyi|junyi_abce_best_no_A|lr=0.003|drop=0.40] Epoch [001/100] | Train: Loss=0.5464, BCE=0.5468, Reg=-0.0004, AUC=0.7714, ACC=0.7202, RMSE=0.4295 | Val: Loss=0.5252, BCE=0.5252, Reg=0.0000, AUC=0.7832, ACC=0.7418, RMSE=0.4189
2026-04-12 07:37:59,784 - INFO - [junyi|junyi_abce_best_no_A|lr=0.003|drop=0.40] [Reg Terms] Epoch [001] | Train: graph_entropy=0.000000, graph_diag=0.000000, graph_uniform=0.000000, graph_reg_scale=1.0000, prediction_l2=0.000000, personal_sparse=0.000000, alpha_var=-0.000384, alpha_collapse=0.000000, reg_bce_ratio=-0.0007 | Val: graph_entropy=0.000000, graph_diag=0.000000, graph_uniform=0.000000, graph_reg_scale=1.0000, prediction_l2=0.000000, personal_sparse=0.000000, alpha_var=-0.000000, alpha_collapse=0.000000, reg_bce_ratio=0.0000
2026-04-12 07:38:02,766 - INFO - [junyi|junyi_abce_best_no_A|lr=0.003|drop=0.40] [Diag][AE] Epoch [001] | irt_abs_mean=1.0339, irt_std=0.8204, personal_warmup_scale=1.00, graph_row_entropy=0.0000, graph_entropy_ratio=0.0000, alpha_mean=0.1750, alpha_std=0.0007, alpha_bias_std=0.0000, personal_row_entropy=0.0001, personal_matrix_delta=0.0000, personal_matrix_student_std=0.0000, personal_delta_pre_softmax_norm=0.0000, personal_delta_student_std=0.0000, alpha_head_std=0.0007
2026-04-12 07:38:02,766 - INFO - [junyi|junyi_abce_best_no_A|lr=0.003|drop=0.40] [Diag][Graph] Epoch [001] | entropy_ratio=0.0000, diag_mass=1.0000, to_uniform_l2=0.037609, to_identity_l2=0.000000, tau_mean=0.0000, tau_std=0.0000, graph_reg_scale(train/val)=1.0000/1.0000
2026-04-12 07:38:02,767 - WARNING - [junyi|junyi_abce_best_no_A|lr=0.003|drop=0.40] [Diag Warning][E] personal_delta_student_std is near zero: personal_delta_student_std=0.000000, personal_delta_pre_softmax_norm=0.000000
2026-04-12 07:38:02,767 - INFO - [junyi|junyi_abce_best_no_A|lr=0.003|drop=0.40] [Grad Norms] Epoch [001] | relation_emb=0.000000e+00, relation_tau=0.000000e+00, relation_wq=0.000000e+00, relation_wk=0.000000e+00, personal_u=0.000000e+00, personal_v=0.000000e+00, personal_alpha_bias=5.509260e-07, personal_gate_emb=0.000000e+00, personal_gate_student_proj=0.000000e+00, personal_gate_context_proj=0.000000e+00, personal_gate_student_direct=0.000000e+00, personal_gate_context_direct=1.056320e-08, personal_gate_out=0.000000e+00, personal_generator_emb=0.000000e+00, personal_generator_context_proj=0.000000e+00, personal_generator_context_hidden=0.000000e+00, personal_generator_context_to_u=0.000000e+00, personal_generator_context_to_v=0.000000e+00
2026-04-12 07:38:02,993 - INFO - [junyi|junyi_abce_best_no_A|lr=0.003|drop=0.40] -> New best AUC=0.7832 at epoch 1
2026-04-12 07:38:31,184 - INFO - [junyi|junyi_abce_best_full|lr=0.003|drop=0.40] Epoch [002/100] | Train: Loss=0.5360, BCE=0.5122, Reg=0.0238, AUC=0.7958, ACC=0.7505, RMSE=0.4123 | Val: Loss=0.5277, BCE=0.5038, Reg=0.0238, AUC=0.8021, ACC=0.7606, RMSE=0.4065
2026-04-12 07:38:31,185 - INFO - [junyi|junyi_abce_best_full|lr=0.003|drop=0.40] [Reg Terms] Epoch [002] | Train: graph_entropy=0.000000, graph_diag=0.012000, graph_uniform=0.006735, graph_reg_scale=1.0000, prediction_l2=0.000000, personal_sparse=0.006371, alpha_var=-0.001309, alpha_collapse=0.000000, reg_bce_ratio=0.0465 | Val: graph_entropy=0.000000, graph_diag=0.012000, graph_uniform=0.006735, graph_reg_scale=1.0000, prediction_l2=0.000000, personal_sparse=0.006371, alpha_var=-0.001276, alpha_collapse=0.000000, reg_bce_ratio=0.0473
2026-04-12 07:38:33,240 - INFO - [junyi|junyi_abce_best_full|lr=0.003|drop=0.40] [Diag][AE] Epoch [002] | irt_abs_mean=1.6915, irt_std=1.1119, personal_warmup_scale=1.00, graph_row_entropy=3.1853, graph_entropy_ratio=0.4856, alpha_mean=0.1750, alpha_std=0.1524, alpha_bias_std=0.0004, personal_row_entropy=3.1854, personal_matrix_delta=0.0000, personal_matrix_student_std=0.0000, personal_delta_pre_softmax_norm=0.0000, personal_delta_student_std=0.0000, alpha_head_std=0.1490
2026-04-12 07:38:33,241 - INFO - [junyi|junyi_abce_best_full|lr=0.003|drop=0.40] [Diag][Graph] Epoch [002] | entropy_ratio=0.4856, diag_mass=0.1000, to_uniform_l2=0.007744, to_identity_l2=0.034570, tau_mean=0.6931, tau_std=0.0000, graph_reg_scale(train/val)=1.0000/1.0000
2026-04-12 07:38:33,241 - WARNING - [junyi|junyi_abce_best_full|lr=0.003|drop=0.40] [Diag Warning][E] personal_delta_student_std is near zero: personal_delta_student_std=0.000000, personal_delta_pre_softmax_norm=0.000000
2026-04-12 07:38:33,241 - INFO - [junyi|junyi_abce_best_full|lr=0.003|drop=0.40] [Grad Norms] Epoch [002] | relation_emb=1.153123e-16, relation_tau=9.388825e-13, relation_wq=1.386311e-16, relation_wk=2.323015e-16, personal_u=0.000000e+00, personal_v=0.000000e+00, personal_alpha_bias=1.989603e-05, personal_gate_emb=1.499342e-09, personal_gate_student_proj=6.769827e-20, personal_gate_context_proj=1.235615e-14, personal_gate_student_direct=4.029282e-09, personal_gate_context_direct=7.347844e-04, personal_gate_out=3.926090e-08, personal_generator_emb=0.000000e+00, personal_generator_context_proj=0.000000e+00, personal_generator_context_hidden=0.000000e+00, personal_generator_context_to_u=0.000000e+00, personal_generator_context_to_v=0.000000e+00
2026-04-12 07:38:33,926 - INFO - [junyi|junyi_abce_best_full|lr=0.003|drop=0.40] -> New best AUC=0.8021 at epoch 2
2026-04-12 07:39:32,432 - INFO - [junyi|junyi_abce_best_no_A|lr=0.003|drop=0.40] Epoch [002/100] | Train: Loss=0.5259, BCE=0.5259, Reg=0.0000, AUC=0.7870, ACC=0.7404, RMSE=0.4193 | Val: Loss=0.5175, BCE=0.5175, Reg=0.0000, AUC=0.7886, ACC=0.7492, RMSE=0.4150
2026-04-12 07:39:32,432 - INFO - [junyi|junyi_abce_best_no_A|lr=0.003|drop=0.40] [Reg Terms] Epoch [002] | Train: graph_entropy=0.000000, graph_diag=0.000000, graph_uniform=0.000000, graph_reg_scale=1.0000, prediction_l2=0.000000, personal_sparse=0.000000, alpha_var=-0.000000, alpha_collapse=0.000000, reg_bce_ratio=0.0000 | Val: graph_entropy=0.000000, graph_diag=0.000000, graph_uniform=0.000000, graph_reg_scale=1.0000, prediction_l2=0.000000, personal_sparse=0.000000, alpha_var=-0.000000, alpha_collapse=0.000000, reg_bce_ratio=0.0000
2026-04-12 07:39:34,395 - INFO - [junyi|junyi_abce_best_no_A|lr=0.003|drop=0.40] [Diag][AE] Epoch [002] | irt_abs_mean=1.1186, irt_std=0.8737, personal_warmup_scale=1.00, graph_row_entropy=0.0000, graph_entropy_ratio=0.0000, alpha_mean=0.1750, alpha_std=0.0000, alpha_bias_std=0.0000, personal_row_entropy=0.0001, personal_matrix_delta=0.0000, personal_matrix_student_std=0.0000, personal_delta_pre_softmax_norm=0.0000, personal_delta_student_std=0.0000, alpha_head_std=0.0000
2026-04-12 07:39:34,396 - INFO - [junyi|junyi_abce_best_no_A|lr=0.003|drop=0.40] [Diag][Graph] Epoch [002] | entropy_ratio=0.0000, diag_mass=1.0000, to_uniform_l2=0.037609, to_identity_l2=0.000000, tau_mean=0.0000, tau_std=0.0000, graph_reg_scale(train/val)=1.0000/1.0000
2026-04-12 07:39:34,396 - WARNING - [junyi|junyi_abce_best_no_A|lr=0.003|drop=0.40] [Diag Warning][E] personal_delta_student_std is near zero: personal_delta_student_std=0.000000, personal_delta_pre_softmax_norm=0.000000
2026-04-12 07:39:34,396 - INFO - [junyi|junyi_abce_best_no_A|lr=0.003|drop=0.40] [Grad Norms] Epoch [002] | relation_emb=0.000000e+00, relation_tau=0.000000e+00, relation_wq=0.000000e+00, relation_wk=0.000000e+00, personal_u=0.000000e+00, personal_v=0.000000e+00, personal_alpha_bias=8.682223e-08, personal_gate_emb=6.250973e-13, personal_gate_student_proj=0.000000e+00, personal_gate_context_proj=0.000000e+00, personal_gate_student_direct=7.079088e-13, personal_gate_context_direct=2.250451e-19, personal_gate_out=1.086526e-11, personal_generator_emb=0.000000e+00, personal_generator_context_proj=0.000000e+00, personal_generator_context_hidden=0.000000e+00, personal_generator_context_to_u=0.000000e+00, personal_generator_context_to_v=0.000000e+00
2026-04-12 07:39:35,007 - INFO - [junyi|junyi_abce_best_no_A|lr=0.003|drop=0.40] -> New best AUC=0.7886 at epoch 2
2026-04-12 07:41:04,121 - INFO - [junyi|junyi_abce_best_no_A|lr=0.003|drop=0.40] Epoch [003/100] | Train: Loss=0.5203, BCE=0.5203, Reg=0.0000, AUC=0.7911, ACC=0.7448, RMSE=0.4165 | Val: Loss=0.5122, BCE=0.5122, Reg=0.0000, AUC=0.7917, ACC=0.7525, RMSE=0.4122
2026-04-12 07:41:04,121 - INFO - [junyi|junyi_abce_best_no_A|lr=0.003|drop=0.40] [Reg Terms] Epoch [003] | Train: graph_entropy=0.000000, graph_diag=0.000000, graph_uniform=0.000000, graph_reg_scale=1.0000, prediction_l2=0.000000, personal_sparse=0.000000, alpha_var=-0.000000, alpha_collapse=0.000000, reg_bce_ratio=0.0000 | Val: graph_entropy=0.000000, graph_diag=0.000000, graph_uniform=0.000000, graph_reg_scale=1.0000, prediction_l2=0.000000, personal_sparse=0.000000, alpha_var=-0.000000, alpha_collapse=0.000000, reg_bce_ratio=0.0000
2026-04-12 07:41:06,958 - INFO - [junyi|junyi_abce_best_no_A|lr=0.003|drop=0.40] [Diag][AE] Epoch [003] | irt_abs_mean=1.1880, irt_std=0.8927, personal_warmup_scale=1.00, graph_row_entropy=0.0000, graph_entropy_ratio=0.0000, alpha_mean=0.1750, alpha_std=0.0000, alpha_bias_std=0.0001, personal_row_entropy=0.0001, personal_matrix_delta=0.0000, personal_matrix_student_std=0.0000, personal_delta_pre_softmax_norm=0.0000, personal_delta_student_std=0.0000, alpha_head_std=0.0000
2026-04-12 07:41:06,958 - INFO - [junyi|junyi_abce_best_no_A|lr=0.003|drop=0.40] [Diag][Graph] Epoch [003] | entropy_ratio=0.0000, diag_mass=1.0000, to_uniform_l2=0.037609, to_identity_l2=0.000000, tau_mean=0.0000, tau_std=0.0000, graph_reg_scale(train/val)=1.0000/1.0000
2026-04-12 07:41:06,958 - WARNING - [junyi|junyi_abce_best_no_A|lr=0.003|drop=0.40] [Diag Warning][E] personal_delta_student_std is near zero: personal_delta_student_std=0.000000, personal_delta_pre_softmax_norm=0.000000
2026-04-12 07:41:06,958 - INFO - [junyi|junyi_abce_best_no_A|lr=0.003|drop=0.40] [Grad Norms] Epoch [003] | relation_emb=0.000000e+00, relation_tau=0.000000e+00, relation_wq=0.000000e+00, relation_wk=0.000000e+00, personal_u=0.000000e+00, personal_v=0.000000e+00, personal_alpha_bias=2.369269e-07, personal_gate_emb=1.091825e-12, personal_gate_student_proj=0.000000e+00, personal_gate_context_proj=0.000000e+00, personal_gate_student_direct=6.930036e-13, personal_gate_context_direct=1.639798e-14, personal_gate_out=4.546834e-14, personal_generator_emb=0.000000e+00, personal_generator_context_proj=0.000000e+00, personal_generator_context_hidden=0.000000e+00, personal_generator_context_to_u=0.000000e+00, personal_generator_context_to_v=0.000000e+00
2026-04-12 07:41:07,579 - INFO - [junyi|junyi_abce_best_no_A|lr=0.003|drop=0.40] -> New best AUC=0.7917 at epoch 3
2026-04-12 07:42:31,316 - INFO - [junyi|junyi_abce_best_full|lr=0.003|drop=0.40] Epoch [003/100] | Train: Loss=0.5332, BCE=0.5095, Reg=0.0238, AUC=0.7983, ACC=0.7514, RMSE=0.4110 | Val: Loss=0.5271, BCE=0.5033, Reg=0.0238, AUC=0.8050, ACC=0.7625, RMSE=0.4060
2026-04-12 07:42:31,316 - INFO - [junyi|junyi_abce_best_full|lr=0.003|drop=0.40] [Reg Terms] Epoch [003] | Train: graph_entropy=0.000000, graph_diag=0.012000, graph_uniform=0.006735, graph_reg_scale=1.0000, prediction_l2=0.000000, personal_sparse=0.006371, alpha_var=-0.001338, alpha_collapse=0.000000, reg_bce_ratio=0.0467 | Val: graph_entropy=0.000000, graph_diag=0.012000, graph_uniform=0.006735, graph_reg_scale=1.0000, prediction_l2=0.000000, personal_sparse=0.006371, alpha_var=-0.001319, alpha_collapse=0.000000, reg_bce_ratio=0.0473
2026-04-12 07:42:33,206 - INFO - [junyi|junyi_abce_best_full|lr=0.003|drop=0.40] [Diag][AE] Epoch [003] | irt_abs_mean=1.7934, irt_std=1.0993, personal_warmup_scale=1.00, graph_row_entropy=3.1853, graph_entropy_ratio=0.4856, alpha_mean=0.1750, alpha_std=0.1635, alpha_bias_std=0.0002, personal_row_entropy=3.1854, personal_matrix_delta=0.0000, personal_matrix_student_std=0.0000, personal_delta_pre_softmax_norm=0.0000, personal_delta_student_std=0.0000, alpha_head_std=0.1633
2026-04-12 07:42:33,207 - INFO - [junyi|junyi_abce_best_full|lr=0.003|drop=0.40] [Diag][Graph] Epoch [003] | entropy_ratio=0.4856, diag_mass=0.1000, to_uniform_l2=0.007744, to_identity_l2=0.034570, tau_mean=0.6931, tau_std=0.0000, graph_reg_scale(train/val)=1.0000/1.0000
2026-04-12 07:42:33,207 - WARNING - [junyi|junyi_abce_best_full|lr=0.003|drop=0.40] [Diag Warning][E] personal_delta_student_std is near zero: personal_delta_student_std=0.000000, personal_delta_pre_softmax_norm=0.000000
2026-04-12 07:42:33,207 - INFO - [junyi|junyi_abce_best_full|lr=0.003|drop=0.40] [Grad Norms] Epoch [003] | relation_emb=1.898864e-15, relation_tau=1.938051e-12, relation_wq=1.508046e-15, relation_wk=1.905747e-15, personal_u=0.000000e+00, personal_v=0.000000e+00, personal_alpha_bias=1.518834e-05, personal_gate_emb=2.424146e-09, personal_gate_student_proj=2.354046e-19, personal_gate_context_proj=4.704857e-14, personal_gate_student_direct=3.683779e-09, personal_gate_context_direct=7.362645e-04, personal_gate_out=9.688848e-09, personal_generator_emb=0.000000e+00, personal_generator_context_proj=0.000000e+00, personal_generator_context_hidden=0.000000e+00, personal_generator_context_to_u=0.000000e+00, personal_generator_context_to_v=0.000000e+00
2026-04-12 07:42:33,805 - INFO - [junyi|junyi_abce_best_full|lr=0.003|drop=0.40] -> New best AUC=0.8050 at epoch 3
2026-04-12 07:42:36,771 - INFO - [junyi|junyi_abce_best_no_A|lr=0.003|drop=0.40] Epoch [004/100] | Train: Loss=0.5179, BCE=0.5179, Reg=0.0000, AUC=0.7930, ACC=0.7478, RMSE=0.4151 | Val: Loss=0.5089, BCE=0.5089, Reg=0.0000, AUC=0.7959, ACC=0.7540, RMSE=0.4108
2026-04-12 07:42:36,771 - INFO - [junyi|junyi_abce_best_no_A|lr=0.003|drop=0.40] [Reg Terms] Epoch [004] | Train: graph_entropy=0.000000, graph_diag=0.000000, graph_uniform=0.000000, graph_reg_scale=1.0000, prediction_l2=0.000000, personal_sparse=0.000000, alpha_var=-0.000000, alpha_collapse=0.000000, reg_bce_ratio=0.0000 | Val: graph_entropy=0.000000, graph_diag=0.000000, graph_uniform=0.000000, graph_reg_scale=1.0000, prediction_l2=0.000000, personal_sparse=0.000000, alpha_var=-0.000000, alpha_collapse=0.000000, reg_bce_ratio=0.0000
2026-04-12 07:42:38,927 - INFO - [junyi|junyi_abce_best_no_A|lr=0.003|drop=0.40] [Diag][AE] Epoch [004] | irt_abs_mean=1.2293, irt_std=0.9062, personal_warmup_scale=1.00, graph_row_entropy=0.0000, graph_entropy_ratio=0.0000, alpha_mean=0.1750, alpha_std=0.0000, alpha_bias_std=0.0001, personal_row_entropy=0.0001, personal_matrix_delta=0.0000, personal_matrix_student_std=0.0000, personal_delta_pre_softmax_norm=0.0000, personal_delta_student_std=0.0000, alpha_head_std=0.0000
2026-04-12 07:42:38,928 - INFO - [junyi|junyi_abce_best_no_A|lr=0.003|drop=0.40] [Diag][Graph] Epoch [004] | entropy_ratio=0.0000, diag_mass=1.0000, to_uniform_l2=0.037609, to_identity_l2=0.000000, tau_mean=0.0000, tau_std=0.0000, graph_reg_scale(train/val)=1.0000/1.0000
2026-04-12 07:42:38,928 - WARNING - [junyi|junyi_abce_best_no_A|lr=0.003|drop=0.40] [Diag Warning][E] personal_delta_student_std is near zero: personal_delta_student_std=0.000000, personal_delta_pre_softmax_norm=0.000000
2026-04-12 07:42:38,928 - INFO - [junyi|junyi_abce_best_no_A|lr=0.003|drop=0.40] [Grad Norms] Epoch [004] | relation_emb=0.000000e+00, relation_tau=0.000000e+00, relation_wq=0.000000e+00, relation_wk=0.000000e+00, personal_u=0.000000e+00, personal_v=0.000000e+00, personal_alpha_bias=2.426389e-07, personal_gate_emb=1.972353e-12, personal_gate_student_proj=1.991048e-21, personal_gate_context_proj=0.000000e+00, personal_gate_student_direct=8.784065e-13, personal_gate_context_direct=4.771701e-15, personal_gate_out=3.919408e-14, personal_generator_emb=0.000000e+00, personal_generator_context_proj=0.000000e+00, personal_generator_context_hidden=0.000000e+00, personal_generator_context_to_u=0.000000e+00, personal_generator_context_to_v=0.000000e+00
2026-04-12 07:42:39,609 - INFO - [junyi|junyi_abce_best_no_A|lr=0.003|drop=0.40] -> New best AUC=0.7959 at epoch 4
2026-04-12 07:44:08,859 - INFO - [junyi|junyi_abce_best_no_A|lr=0.003|drop=0.40] Epoch [005/100] | Train: Loss=0.5166, BCE=0.5166, Reg=0.0000, AUC=0.7941, ACC=0.7484, RMSE=0.4145 | Val: Loss=0.5094, BCE=0.5094, Reg=0.0000, AUC=0.7947, ACC=0.7538, RMSE=0.4108
2026-04-12 07:44:08,860 - INFO - [junyi|junyi_abce_best_no_A|lr=0.003|drop=0.40] [Reg Terms] Epoch [005] | Train: graph_entropy=0.000000, graph_diag=0.000000, graph_uniform=0.000000, graph_reg_scale=1.0000, prediction_l2=0.000000, personal_sparse=0.000000, alpha_var=-0.000000, alpha_collapse=0.000000, reg_bce_ratio=0.0000 | Val: graph_entropy=0.000000, graph_diag=0.000000, graph_uniform=0.000000, graph_reg_scale=1.0000, prediction_l2=0.000000, personal_sparse=0.000000, alpha_var=-0.000000, alpha_collapse=0.000000, reg_bce_ratio=0.0000
2026-04-12 07:44:10,897 - INFO - [junyi|junyi_abce_best_no_A|lr=0.003|drop=0.40] [Diag][AE] Epoch [005] | irt_abs_mean=1.2603, irt_std=0.9162, personal_warmup_scale=1.00, graph_row_entropy=0.0000, graph_entropy_ratio=0.0000, alpha_mean=0.1750, alpha_std=0.0000, alpha_bias_std=0.0001, personal_row_entropy=0.0001, personal_matrix_delta=0.0000, personal_matrix_student_std=0.0000, personal_delta_pre_softmax_norm=0.0000, personal_delta_student_std=0.0000, alpha_head_std=0.0000
2026-04-12 07:44:10,898 - INFO - [junyi|junyi_abce_best_no_A|lr=0.003|drop=0.40] [Diag][Graph] Epoch [005] | entropy_ratio=0.0000, diag_mass=1.0000, to_uniform_l2=0.037609, to_identity_l2=0.000000, tau_mean=0.0000, tau_std=0.0000, graph_reg_scale(train/val)=1.0000/1.0000
2026-04-12 07:44:10,898 - WARNING - [junyi|junyi_abce_best_no_A|lr=0.003|drop=0.40] [Diag Warning][E] personal_delta_student_std is near zero: personal_delta_student_std=0.000000, personal_delta_pre_softmax_norm=0.000000
2026-04-12 07:44:10,898 - INFO - [junyi|junyi_abce_best_no_A|lr=0.003|drop=0.40] [Grad Norms] Epoch [005] | relation_emb=0.000000e+00, relation_tau=0.000000e+00, relation_wq=0.000000e+00, relation_wk=0.000000e+00, personal_u=0.000000e+00, personal_v=0.000000e+00, personal_alpha_bias=2.866500e-07, personal_gate_emb=1.351582e-12, personal_gate_student_proj=3.326989e-21, personal_gate_context_proj=5.867700e-21, personal_gate_student_direct=1.924395e-12, personal_gate_context_direct=4.366007e-12, personal_gate_out=1.679893e-12, personal_generator_emb=0.000000e+00, personal_generator_context_proj=0.000000e+00, personal_generator_context_hidden=0.000000e+00, personal_generator_context_to_u=0.000000e+00, personal_generator_context_to_v=0.000000e+00
2026-04-12 07:44:10,898 - INFO - [junyi|junyi_abce_best_no_A|lr=0.003|drop=0.40] -> No improvement 1 epoch(s) (best AUC=0.7959 @ 4)
2026-04-12 07:45:39,922 - INFO - [junyi|junyi_abce_best_no_A|lr=0.003|drop=0.40] Epoch [006/100] | Train: Loss=0.5161, BCE=0.5161, Reg=0.0000, AUC=0.7944, ACC=0.7492, RMSE=0.4142 | Val: Loss=0.5087, BCE=0.5087, Reg=0.0000, AUC=0.7955, ACC=0.7564, RMSE=0.4107
2026-04-12 07:45:39,922 - INFO - [junyi|junyi_abce_best_no_A|lr=0.003|drop=0.40] [Reg Terms] Epoch [006] | Train: graph_entropy=0.000000, graph_diag=0.000000, graph_uniform=0.000000, graph_reg_scale=1.0000, prediction_l2=0.000000, personal_sparse=0.000000, alpha_var=-0.000000, alpha_collapse=0.000000, reg_bce_ratio=0.0000 | Val: graph_entropy=0.000000, graph_diag=0.000000, graph_uniform=0.000000, graph_reg_scale=1.0000, prediction_l2=0.000000, personal_sparse=0.000000, alpha_var=-0.000000, alpha_collapse=0.000000, reg_bce_ratio=0.0000
2026-04-12 07:45:42,363 - INFO - [junyi|junyi_abce_best_no_A|lr=0.003|drop=0.40] [Diag][AE] Epoch [006] | irt_abs_mean=1.2754, irt_std=0.8928, personal_warmup_scale=1.00, graph_row_entropy=0.0000, graph_entropy_ratio=0.0000, alpha_mean=0.1750, alpha_std=0.0000, alpha_bias_std=0.0001, personal_row_entropy=0.0001, personal_matrix_delta=0.0000, personal_matrix_student_std=0.0000, personal_delta_pre_softmax_norm=0.0000, personal_delta_student_std=0.0000, alpha_head_std=0.0000
2026-04-12 07:45:42,363 - INFO - [junyi|junyi_abce_best_no_A|lr=0.003|drop=0.40] [Diag][Graph] Epoch [006] | entropy_ratio=0.0000, diag_mass=1.0000, to_uniform_l2=0.037609, to_identity_l2=0.000000, tau_mean=0.0000, tau_std=0.0000, graph_reg_scale(train/val)=1.0000/1.0000
2026-04-12 07:45:42,363 - WARNING - [junyi|junyi_abce_best_no_A|lr=0.003|drop=0.40] [Diag Warning][E] personal_delta_student_std is near zero: personal_delta_student_std=0.000000, personal_delta_pre_softmax_norm=0.000000
2026-04-12 07:45:42,363 - INFO - [junyi|junyi_abce_best_no_A|lr=0.003|drop=0.40] [Grad Norms] Epoch [006] | relation_emb=0.000000e+00, relation_tau=0.000000e+00, relation_wq=0.000000e+00, relation_wk=0.000000e+00, personal_u=0.000000e+00, personal_v=0.000000e+00, personal_alpha_bias=2.504360e-07, personal_gate_emb=2.327242e-12, personal_gate_student_proj=2.868897e-20, personal_gate_context_proj=4.584286e-20, personal_gate_student_direct=1.865791e-12, personal_gate_context_direct=3.489104e-12, personal_gate_out=7.157714e-13, personal_generator_emb=0.000000e+00, personal_generator_context_proj=0.000000e+00, personal_generator_context_hidden=0.000000e+00, personal_generator_context_to_u=0.000000e+00, personal_generator_context_to_v=0.000000e+00
2026-04-12 07:45:42,363 - INFO - [junyi|junyi_abce_best_no_A|lr=0.003|drop=0.40] -> No improvement 2 epoch(s) (best AUC=0.7959 @ 4)
2026-04-12 07:46:30,800 - INFO - [junyi|junyi_abce_best_full|lr=0.003|drop=0.40] Epoch [004/100] | Train: Loss=0.5293, BCE=0.5056, Reg=0.0238, AUC=0.8021, ACC=0.7548, RMSE=0.4090 | Val: Loss=0.5268, BCE=0.5029, Reg=0.0238, AUC=0.8060, ACC=0.7627, RMSE=0.4063
2026-04-12 07:46:30,800 - INFO - [junyi|junyi_abce_best_full|lr=0.003|drop=0.40] [Reg Terms] Epoch [004] | Train: graph_entropy=0.000000, graph_diag=0.012000, graph_uniform=0.006735, graph_reg_scale=1.0000, prediction_l2=0.000000, personal_sparse=0.006371, alpha_var=-0.001337, alpha_collapse=0.000000, reg_bce_ratio=0.0470 | Val: graph_entropy=0.000000, graph_diag=0.012000, graph_uniform=0.006735, graph_reg_scale=1.0000, prediction_l2=0.000000, personal_sparse=0.006371, alpha_var=-0.001286, alpha_collapse=0.000000, reg_bce_ratio=0.0474
2026-04-12 07:46:32,912 - INFO - [junyi|junyi_abce_best_full|lr=0.003|drop=0.40] [Diag][AE] Epoch [004] | irt_abs_mean=1.7385, irt_std=1.1477, personal_warmup_scale=1.00, graph_row_entropy=3.1853, graph_entropy_ratio=0.4856, alpha_mean=0.1750, alpha_std=0.1615, alpha_bias_std=0.0002, personal_row_entropy=3.1854, personal_matrix_delta=0.0000, personal_matrix_student_std=0.0000, personal_delta_pre_softmax_norm=0.0000, personal_delta_student_std=0.0000, alpha_head_std=0.1614
2026-04-12 07:46:32,913 - INFO - [junyi|junyi_abce_best_full|lr=0.003|drop=0.40] [Diag][Graph] Epoch [004] | entropy_ratio=0.4856, diag_mass=0.1000, to_uniform_l2=0.007744, to_identity_l2=0.034570, tau_mean=0.6931, tau_std=0.0000, graph_reg_scale(train/val)=1.0000/1.0000
2026-04-12 07:46:32,913 - WARNING - [junyi|junyi_abce_best_full|lr=0.003|drop=0.40] [Diag Warning][E] personal_delta_student_std is near zero: personal_delta_student_std=0.000000, personal_delta_pre_softmax_norm=0.000000
2026-04-12 07:46:32,913 - INFO - [junyi|junyi_abce_best_full|lr=0.003|drop=0.40] [Grad Norms] Epoch [004] | relation_emb=1.087844e-14, relation_tau=3.524384e-12, relation_wq=4.615032e-15, relation_wk=6.574369e-15, personal_u=0.000000e+00, personal_v=0.000000e+00, personal_alpha_bias=1.593002e-05, personal_gate_emb=3.505537e-09, personal_gate_student_proj=4.009339e-18, personal_gate_context_proj=5.555066e-13, personal_gate_student_direct=5.231180e-09, personal_gate_context_direct=7.248095e-04, personal_gate_out=3.303532e-08, personal_generator_emb=0.000000e+00, personal_generator_context_proj=0.000000e+00, personal_generator_context_hidden=0.000000e+00, personal_generator_context_to_u=0.000000e+00, personal_generator_context_to_v=0.000000e+00
2026-04-12 07:46:33,595 - INFO - [junyi|junyi_abce_best_full|lr=0.003|drop=0.40] -> New best AUC=0.8060 at epoch 4
2026-04-12 07:47:11,773 - INFO - [junyi|junyi_abce_best_no_A|lr=0.003|drop=0.40] Epoch [007/100] | Train: Loss=0.5156, BCE=0.5156, Reg=0.0000, AUC=0.7950, ACC=0.7494, RMSE=0.4140 | Val: Loss=0.5086, BCE=0.5086, Reg=0.0000, AUC=0.7964, ACC=0.7574, RMSE=0.4103
2026-04-12 07:47:11,773 - INFO - [junyi|junyi_abce_best_no_A|lr=0.003|drop=0.40] [Reg Terms] Epoch [007] | Train: graph_entropy=0.000000, graph_diag=0.000000, graph_uniform=0.000000, graph_reg_scale=1.0000, prediction_l2=0.000000, personal_sparse=0.000000, alpha_var=-0.000000, alpha_collapse=0.000000, reg_bce_ratio=0.0000 | Val: graph_entropy=0.000000, graph_diag=0.000000, graph_uniform=0.000000, graph_reg_scale=1.0000, prediction_l2=0.000000, personal_sparse=0.000000, alpha_var=-0.000000, alpha_collapse=0.000000, reg_bce_ratio=0.0000
2026-04-12 07:47:14,150 - INFO - [junyi|junyi_abce_best_no_A|lr=0.003|drop=0.40] [Diag][AE] Epoch [007] | irt_abs_mean=1.1473, irt_std=0.8405, personal_warmup_scale=1.00, graph_row_entropy=0.0000, graph_entropy_ratio=0.0000, alpha_mean=0.1750, alpha_std=0.0000, alpha_bias_std=0.0001, personal_row_entropy=0.0001, personal_matrix_delta=0.0000, personal_matrix_student_std=0.0000, personal_delta_pre_softmax_norm=0.0000, personal_delta_student_std=0.0000, alpha_head_std=0.0000
2026-04-12 07:47:14,151 - INFO - [junyi|junyi_abce_best_no_A|lr=0.003|drop=0.40] [Diag][Graph] Epoch [007] | entropy_ratio=0.0000, diag_mass=1.0000, to_uniform_l2=0.037609, to_identity_l2=0.000000, tau_mean=0.0000, tau_std=0.0000, graph_reg_scale(train/val)=1.0000/1.0000
2026-04-12 07:47:14,151 - WARNING - [junyi|junyi_abce_best_no_A|lr=0.003|drop=0.40] [Diag Warning][E] personal_delta_student_std is near zero: personal_delta_student_std=0.000000, personal_delta_pre_softmax_norm=0.000000
2026-04-12 07:47:14,151 - INFO - [junyi|junyi_abce_best_no_A|lr=0.003|drop=0.40] [Grad Norms] Epoch [007] | relation_emb=0.000000e+00, relation_tau=0.000000e+00, relation_wq=0.000000e+00, relation_wk=0.000000e+00, personal_u=0.000000e+00, personal_v=0.000000e+00, personal_alpha_bias=3.181937e-07, personal_gate_emb=1.701196e-12, personal_gate_student_proj=1.328531e-19, personal_gate_context_proj=4.126991e-20, personal_gate_student_direct=2.748191e-12, personal_gate_context_direct=8.464499e-13, personal_gate_out=3.072238e-13, personal_generator_emb=0.000000e+00, personal_generator_context_proj=0.000000e+00, personal_generator_context_hidden=0.000000e+00, personal_generator_context_to_u=0.000000e+00, personal_generator_context_to_v=0.000000e+00
2026-04-12 07:47:14,900 - INFO - [junyi|junyi_abce_best_no_A|lr=0.003|drop=0.40] -> New best AUC=0.7964 at epoch 7
2026-04-12 07:48:44,553 - INFO - [junyi|junyi_abce_best_no_A|lr=0.003|drop=0.40] Epoch [008/100] | Train: Loss=0.5153, BCE=0.5153, Reg=0.0000, AUC=0.7955, ACC=0.7498, RMSE=0.4138 | Val: Loss=0.5090, BCE=0.5090, Reg=0.0000, AUC=0.7949, ACC=0.7572, RMSE=0.4107
2026-04-12 07:48:44,553 - INFO - [junyi|junyi_abce_best_no_A|lr=0.003|drop=0.40] [Reg Terms] Epoch [008] | Train: graph_entropy=0.000000, graph_diag=0.000000, graph_uniform=0.000000, graph_reg_scale=1.0000, prediction_l2=0.000000, personal_sparse=0.000000, alpha_var=-0.000000, alpha_collapse=0.000000, reg_bce_ratio=0.0000 | Val: graph_entropy=0.000000, graph_diag=0.000000, graph_uniform=0.000000, graph_reg_scale=1.0000, prediction_l2=0.000000, personal_sparse=0.000000, alpha_var=-0.000000, alpha_collapse=0.000000, reg_bce_ratio=0.0000
2026-04-12 07:48:46,860 - INFO - [junyi|junyi_abce_best_no_A|lr=0.003|drop=0.40] [Diag][AE] Epoch [008] | irt_abs_mean=1.2782, irt_std=0.9334, personal_warmup_scale=1.00, graph_row_entropy=0.0000, graph_entropy_ratio=0.0000, alpha_mean=0.1750, alpha_std=0.0000, alpha_bias_std=0.0001, personal_row_entropy=0.0001, personal_matrix_delta=0.0000, personal_matrix_student_std=0.0000, personal_delta_pre_softmax_norm=0.0000, personal_delta_student_std=0.0000, alpha_head_std=0.0000
2026-04-12 07:48:46,861 - INFO - [junyi|junyi_abce_best_no_A|lr=0.003|drop=0.40] [Diag][Graph] Epoch [008] | entropy_ratio=0.0000, diag_mass=1.0000, to_uniform_l2=0.037609, to_identity_l2=0.000000, tau_mean=0.0000, tau_std=0.0000, graph_reg_scale(train/val)=1.0000/1.0000
2026-04-12 07:48:46,861 - WARNING - [junyi|junyi_abce_best_no_A|lr=0.003|drop=0.40] [Diag Warning][E] personal_delta_student_std is near zero: personal_delta_student_std=0.000000, personal_delta_pre_softmax_norm=0.000000
2026-04-12 07:48:46,861 - INFO - [junyi|junyi_abce_best_no_A|lr=0.003|drop=0.40] [Grad Norms] Epoch [008] | relation_emb=0.000000e+00, relation_tau=0.000000e+00, relation_wq=0.000000e+00, relation_wk=0.000000e+00, personal_u=0.000000e+00, personal_v=0.000000e+00, personal_alpha_bias=3.434836e-07, personal_gate_emb=2.301790e-12, personal_gate_student_proj=3.173685e-19, personal_gate_context_proj=3.650086e-20, personal_gate_student_direct=3.822604e-12, personal_gate_context_direct=4.337107e-13, personal_gate_out=1.097554e-13, personal_generator_emb=0.000000e+00, personal_generator_context_proj=0.000000e+00, personal_generator_context_hidden=0.000000e+00, personal_generator_context_to_u=0.000000e+00, personal_generator_context_to_v=0.000000e+00
2026-04-12 07:48:46,861 - INFO - [junyi|junyi_abce_best_no_A|lr=0.003|drop=0.40] -> No improvement 1 epoch(s) (best AUC=0.7964 @ 7)
2026-04-12 07:50:16,157 - INFO - [junyi|junyi_abce_best_no_A|lr=0.003|drop=0.40] Epoch [009/100] | Train: Loss=0.5152, BCE=0.5152, Reg=0.0000, AUC=0.7956, ACC=0.7496, RMSE=0.4137 | Val: Loss=0.5083, BCE=0.5083, Reg=0.0000, AUC=0.7965, ACC=0.7552, RMSE=0.4103
2026-04-12 07:50:16,157 - INFO - [junyi|junyi_abce_best_no_A|lr=0.003|drop=0.40] [Reg Terms] Epoch [009] | Train: graph_entropy=0.000000, graph_diag=0.000000, graph_uniform=0.000000, graph_reg_scale=1.0000, prediction_l2=0.000000, personal_sparse=0.000000, alpha_var=-0.000000, alpha_collapse=0.000000, reg_bce_ratio=0.0000 | Val: graph_entropy=0.000000, graph_diag=0.000000, graph_uniform=0.000000, graph_reg_scale=1.0000, prediction_l2=0.000000, personal_sparse=0.000000, alpha_var=-0.000000, alpha_collapse=0.000000, reg_bce_ratio=0.0000
2026-04-12 07:50:18,313 - INFO - [junyi|junyi_abce_best_no_A|lr=0.003|drop=0.40] [Diag][AE] Epoch [009] | irt_abs_mean=1.2102, irt_std=0.8933, personal_warmup_scale=1.00, graph_row_entropy=0.0000, graph_entropy_ratio=0.0000, alpha_mean=0.1750, alpha_std=0.0000, alpha_bias_std=0.0001, personal_row_entropy=0.0001, personal_matrix_delta=0.0000, personal_matrix_student_std=0.0000, personal_delta_pre_softmax_norm=0.0000, personal_delta_student_std=0.0000, alpha_head_std=0.0000
2026-04-12 07:50:18,314 - INFO - [junyi|junyi_abce_best_no_A|lr=0.003|drop=0.40] [Diag][Graph] Epoch [009] | entropy_ratio=0.0000, diag_mass=1.0000, to_uniform_l2=0.037609, to_identity_l2=0.000000, tau_mean=0.0000, tau_std=0.0000, graph_reg_scale(train/val)=1.0000/1.0000
2026-04-12 07:50:18,314 - WARNING - [junyi|junyi_abce_best_no_A|lr=0.003|drop=0.40] [Diag Warning][E] personal_delta_student_std is near zero: personal_delta_student_std=0.000000, personal_delta_pre_softmax_norm=0.000000
2026-04-12 07:50:18,314 - INFO - [junyi|junyi_abce_best_no_A|lr=0.003|drop=0.40] [Grad Norms] Epoch [009] | relation_emb=0.000000e+00, relation_tau=0.000000e+00, relation_wq=0.000000e+00, relation_wk=0.000000e+00, personal_u=0.000000e+00, personal_v=0.000000e+00, personal_alpha_bias=3.286032e-07, personal_gate_emb=2.516672e-12, personal_gate_student_proj=4.080479e-19, personal_gate_context_proj=1.782833e-19, personal_gate_student_direct=5.447692e-12, personal_gate_context_direct=2.444190e-12, personal_gate_out=7.412716e-13, personal_generator_emb=0.000000e+00, personal_generator_context_proj=0.000000e+00, personal_generator_context_hidden=0.000000e+00, personal_generator_context_to_u=0.000000e+00, personal_generator_context_to_v=0.000000e+00
2026-04-12 07:50:18,897 - INFO - [junyi|junyi_abce_best_no_A|lr=0.003|drop=0.40] -> New best AUC=0.7965 at epoch 9
2026-04-12 07:50:31,235 - INFO - [junyi|junyi_abce_best_full|lr=0.003|drop=0.40] Epoch [005/100] | Train: Loss=0.5273, BCE=0.5036, Reg=0.0238, AUC=0.8040, ACC=0.7560, RMSE=0.4080 | Val: Loss=0.5232, BCE=0.4994, Reg=0.0239, AUC=0.8072, ACC=0.7649, RMSE=0.4040
2026-04-12 07:50:31,235 - INFO - [junyi|junyi_abce_best_full|lr=0.003|drop=0.40] [Reg Terms] Epoch [005] | Train: graph_entropy=0.000000, graph_diag=0.012000, graph_uniform=0.006735, graph_reg_scale=1.0000, prediction_l2=0.000000, personal_sparse=0.006371, alpha_var=-0.001338, alpha_collapse=0.000000, reg_bce_ratio=0.0472 | Val: graph_entropy=0.000000, graph_diag=0.012000, graph_uniform=0.006735, graph_reg_scale=1.0000, prediction_l2=0.000000, personal_sparse=0.006371, alpha_var=-0.001254, alpha_collapse=0.000000, reg_bce_ratio=0.0478
2026-04-12 07:50:33,349 - INFO - [junyi|junyi_abce_best_full|lr=0.003|drop=0.40] [Diag][AE] Epoch [005] | irt_abs_mean=1.7159, irt_std=1.1617, personal_warmup_scale=1.00, graph_row_entropy=3.1853, graph_entropy_ratio=0.4856, alpha_mean=0.1750, alpha_std=0.1534, alpha_bias_std=0.0002, personal_row_entropy=3.1854, personal_matrix_delta=0.0000, personal_matrix_student_std=0.0000, personal_delta_pre_softmax_norm=0.0000, personal_delta_student_std=0.0000, alpha_head_std=0.1517
2026-04-12 07:50:33,350 - INFO - [junyi|junyi_abce_best_full|lr=0.003|drop=0.40] [Diag][Graph] Epoch [005] | entropy_ratio=0.4856, diag_mass=0.1000, to_uniform_l2=0.007744, to_identity_l2=0.034570, tau_mean=0.6931, tau_std=0.0000, graph_reg_scale(train/val)=1.0000/1.0000
2026-04-12 07:50:33,350 - WARNING - [junyi|junyi_abce_best_full|lr=0.003|drop=0.40] [Diag Warning][E] personal_delta_student_std is near zero: personal_delta_student_std=0.000000, personal_delta_pre_softmax_norm=0.000000
2026-04-12 07:50:33,350 - INFO - [junyi|junyi_abce_best_full|lr=0.003|drop=0.40] [Grad Norms] Epoch [005] | relation_emb=2.022664e-14, relation_tau=2.174527e-12, relation_wq=1.389298e-14, relation_wk=1.457411e-14, personal_u=0.000000e+00, personal_v=0.000000e+00, personal_alpha_bias=1.864797e-05, personal_gate_emb=5.929059e-09, personal_gate_student_proj=4.141940e-17, personal_gate_context_proj=4.521916e-12, personal_gate_student_direct=7.205029e-09, personal_gate_context_direct=7.866062e-04, personal_gate_out=6.129095e-08, personal_generator_emb=0.000000e+00, personal_generator_context_proj=0.000000e+00, personal_generator_context_hidden=0.000000e+00, personal_generator_context_to_u=0.000000e+00, personal_generator_context_to_v=0.000000e+00
2026-04-12 07:50:33,903 - INFO - [junyi|junyi_abce_best_full|lr=0.003|drop=0.40] -> New best AUC=0.8072 at epoch 5
2026-04-12 07:51:47,889 - INFO - [junyi|junyi_abce_best_no_A|lr=0.003|drop=0.40] Epoch [010/100] | Train: Loss=0.5153, BCE=0.5153, Reg=0.0000, AUC=0.7953, ACC=0.7504, RMSE=0.4138 | Val: Loss=0.5073, BCE=0.5073, Reg=0.0000, AUC=0.7964, ACC=0.7577, RMSE=0.4099
2026-04-12 07:51:47,889 - INFO - [junyi|junyi_abce_best_no_A|lr=0.003|drop=0.40] [Reg Terms] Epoch [010] | Train: graph_entropy=0.000000, graph_diag=0.000000, graph_uniform=0.000000, graph_reg_scale=1.0000, prediction_l2=0.000000, personal_sparse=0.000000, alpha_var=-0.000000, alpha_collapse=0.000000, reg_bce_ratio=0.0000 | Val: graph_entropy=0.000000, graph_diag=0.000000, graph_uniform=0.000000, graph_reg_scale=1.0000, prediction_l2=0.000000, personal_sparse=0.000000, alpha_var=-0.000000, alpha_collapse=0.000000, reg_bce_ratio=0.0000
2026-04-12 07:51:50,531 - INFO - [junyi|junyi_abce_best_no_A|lr=0.003|drop=0.40] [Diag][AE] Epoch [010] | irt_abs_mean=1.2655, irt_std=0.8866, personal_warmup_scale=1.00, graph_row_entropy=0.0000, graph_entropy_ratio=0.0000, alpha_mean=0.1750, alpha_std=0.0000, alpha_bias_std=0.0001, personal_row_entropy=0.0001, personal_matrix_delta=0.0000, personal_matrix_student_std=0.0000, personal_delta_pre_softmax_norm=0.0000, personal_delta_student_std=0.0000, alpha_head_std=0.0000
2026-04-12 07:51:50,531 - INFO - [junyi|junyi_abce_best_no_A|lr=0.003|drop=0.40] [Diag][Graph] Epoch [010] | entropy_ratio=0.0000, diag_mass=1.0000, to_uniform_l2=0.037609, to_identity_l2=0.000000, tau_mean=0.0000, tau_std=0.0000, graph_reg_scale(train/val)=1.0000/1.0000
2026-04-12 07:51:50,531 - WARNING - [junyi|junyi_abce_best_no_A|lr=0.003|drop=0.40] [Diag Warning][E] personal_delta_student_std is near zero: personal_delta_student_std=0.000000, personal_delta_pre_softmax_norm=0.000000
2026-04-12 07:51:50,531 - INFO - [junyi|junyi_abce_best_no_A|lr=0.003|drop=0.40] [Grad Norms] Epoch [010] | relation_emb=0.000000e+00, relation_tau=0.000000e+00, relation_wq=0.000000e+00, relation_wk=0.000000e+00, personal_u=0.000000e+00, personal_v=0.000000e+00, personal_alpha_bias=2.637183e-07, personal_gate_emb=2.454252e-12, personal_gate_student_proj=5.248009e-19, personal_gate_context_proj=6.567350e-19, personal_gate_student_direct=3.091115e-12, personal_gate_context_direct=4.101484e-12, personal_gate_out=6.864066e-13, personal_generator_emb=0.000000e+00, personal_generator_context_proj=0.000000e+00, personal_generator_context_hidden=0.000000e+00, personal_generator_context_to_u=0.000000e+00, personal_generator_context_to_v=0.000000e+00
2026-04-12 07:51:50,532 - INFO - [junyi|junyi_abce_best_no_A|lr=0.003|drop=0.40] -> No improvement 1 epoch(s) (best AUC=0.7965 @ 9)
2026-04-12 07:51:50,670 - INFO - [junyi|junyi_abce_best_no_A|lr=0.003|drop=0.40] Checkpoint saved: checkpoints/abce_diag/ae_fix_20260412_fdafa52/junyi/seed42/best_no_A/checkpoint_epoch_10.pth
2026-04-12 07:51:50,949 - INFO - [junyi|junyi_abce_best_no_A|lr=0.003|drop=0.40] [Module Activity] Epoch 10: Personal[X]
2026-04-12 07:53:20,209 - INFO - [junyi|junyi_abce_best_no_A|lr=0.003|drop=0.40] Epoch [011/100] | Train: Loss=0.5151, BCE=0.5151, Reg=0.0000, AUC=0.7955, ACC=0.7500, RMSE=0.4138 | Val: Loss=0.5075, BCE=0.5075, Reg=0.0000, AUC=0.7961, ACC=0.7594, RMSE=0.4097
2026-04-12 07:53:20,209 - INFO - [junyi|junyi_abce_best_no_A|lr=0.003|drop=0.40] [Reg Terms] Epoch [011] | Train: graph_entropy=0.000000, graph_diag=0.000000, graph_uniform=0.000000, graph_reg_scale=1.0000, prediction_l2=0.000000, personal_sparse=0.000000, alpha_var=-0.000000, alpha_collapse=0.000000, reg_bce_ratio=0.0000 | Val: graph_entropy=0.000000, graph_diag=0.000000, graph_uniform=0.000000, graph_reg_scale=1.0000, prediction_l2=0.000000, personal_sparse=0.000000, alpha_var=-0.000000, alpha_collapse=0.000000, reg_bce_ratio=0.0000
2026-04-12 07:53:22,194 - INFO - [junyi|junyi_abce_best_no_A|lr=0.003|drop=0.40] [Diag][AE] Epoch [011] | irt_abs_mean=1.2435, irt_std=0.8957, personal_warmup_scale=1.00, graph_row_entropy=0.0000, graph_entropy_ratio=0.0000, alpha_mean=0.1750, alpha_std=0.0000, alpha_bias_std=0.0001, personal_row_entropy=0.0001, personal_matrix_delta=0.0000, personal_matrix_student_std=0.0000, personal_delta_pre_softmax_norm=0.0000, personal_delta_student_std=0.0000, alpha_head_std=0.0000
2026-04-12 07:53:22,195 - INFO - [junyi|junyi_abce_best_no_A|lr=0.003|drop=0.40] [Diag][Graph] Epoch [011] | entropy_ratio=0.0000, diag_mass=1.0000, to_uniform_l2=0.037609, to_identity_l2=0.000000, tau_mean=0.0000, tau_std=0.0000, graph_reg_scale(train/val)=1.0000/1.0000
2026-04-12 07:53:22,195 - WARNING - [junyi|junyi_abce_best_no_A|lr=0.003|drop=0.40] [Diag Warning][E] personal_delta_student_std is near zero: personal_delta_student_std=0.000000, personal_delta_pre_softmax_norm=0.000000
2026-04-12 07:53:22,195 - INFO - [junyi|junyi_abce_best_no_A|lr=0.003|drop=0.40] [Grad Norms] Epoch [011] | relation_emb=0.000000e+00, relation_tau=0.000000e+00, relation_wq=0.000000e+00, relation_wk=0.000000e+00, personal_u=0.000000e+00, personal_v=0.000000e+00, personal_alpha_bias=2.860789e-07, personal_gate_emb=4.936420e-12, personal_gate_student_proj=6.317642e-19, personal_gate_context_proj=5.051856e-18, personal_gate_student_direct=4.268948e-12, personal_gate_context_direct=3.287094e-11, personal_gate_out=1.029128e-11, personal_generator_emb=0.000000e+00, personal_generator_context_proj=0.000000e+00, personal_generator_context_hidden=0.000000e+00, personal_generator_context_to_u=0.000000e+00, personal_generator_context_to_v=0.000000e+00
2026-04-12 07:53:22,195 - INFO - [junyi|junyi_abce_best_no_A|lr=0.003|drop=0.40] -> No improvement 2 epoch(s) (best AUC=0.7965 @ 9)
2026-04-12 07:54:31,139 - INFO - [junyi|junyi_abce_best_full|lr=0.003|drop=0.40] Epoch [006/100] | Train: Loss=0.5257, BCE=0.5020, Reg=0.0238, AUC=0.8057, ACC=0.7563, RMSE=0.4074 | Val: Loss=0.5268, BCE=0.5030, Reg=0.0238, AUC=0.8065, ACC=0.7609, RMSE=0.4071
2026-04-12 07:54:31,140 - INFO - [junyi|junyi_abce_best_full|lr=0.003|drop=0.40] [Reg Terms] Epoch [006] | Train: graph_entropy=0.000000, graph_diag=0.012004, graph_uniform=0.006735, graph_reg_scale=1.0000, prediction_l2=0.000000, personal_sparse=0.006371, alpha_var=-0.001340, alpha_collapse=0.000000, reg_bce_ratio=0.0474 | Val: graph_entropy=0.000000, graph_diag=0.012000, graph_uniform=0.006735, graph_reg_scale=1.0000, prediction_l2=0.000000, personal_sparse=0.006371, alpha_var=-0.001319, alpha_collapse=0.000000, reg_bce_ratio=0.0473
2026-04-12 07:54:33,173 - INFO - [junyi|junyi_abce_best_full|lr=0.003|drop=0.40] [Diag][AE] Epoch [006] | irt_abs_mean=1.6012, irt_std=1.0722, personal_warmup_scale=1.00, graph_row_entropy=3.1853, graph_entropy_ratio=0.4856, alpha_mean=0.1750, alpha_std=0.1635, alpha_bias_std=0.0002, personal_row_entropy=3.1854, personal_matrix_delta=0.0000, personal_matrix_student_std=0.0000, personal_delta_pre_softmax_norm=0.0000, personal_delta_student_std=0.0000, alpha_head_std=0.1633
2026-04-12 07:54:33,173 - INFO - [junyi|junyi_abce_best_full|lr=0.003|drop=0.40] [Diag][Graph] Epoch [006] | entropy_ratio=0.4856, diag_mass=0.1000, to_uniform_l2=0.007744, to_identity_l2=0.034570, tau_mean=0.6931, tau_std=0.0000, graph_reg_scale(train/val)=1.0000/1.0000
2026-04-12 07:54:33,173 - WARNING - [junyi|junyi_abce_best_full|lr=0.003|drop=0.40] [Diag Warning][E] personal_delta_student_std is near zero: personal_delta_student_std=0.000000, personal_delta_pre_softmax_norm=0.000000
2026-04-12 07:54:33,173 - INFO - [junyi|junyi_abce_best_full|lr=0.003|drop=0.40] [Grad Norms] Epoch [006] | relation_emb=2.737933e-14, relation_tau=1.239664e-11, relation_wq=1.500535e-14, relation_wk=1.890390e-14, personal_u=0.000000e+00, personal_v=0.000000e+00, personal_alpha_bias=1.494053e-05, personal_gate_emb=6.056352e-09, personal_gate_student_proj=1.379001e-16, personal_gate_context_proj=1.329096e-11, personal_gate_student_direct=7.451552e-09, personal_gate_context_direct=7.181981e-04, personal_gate_out=3.972023e-08, personal_generator_emb=0.000000e+00, personal_generator_context_proj=0.000000e+00, personal_generator_context_hidden=0.000000e+00, personal_generator_context_to_u=0.000000e+00, personal_generator_context_to_v=0.000000e+00
2026-04-12 07:54:33,173 - INFO - [junyi|junyi_abce_best_full|lr=0.003|drop=0.40] -> No improvement 1 epoch(s) (best AUC=0.8072 @ 5)
2026-04-12 07:54:50,563 - INFO - [junyi|junyi_abce_best_no_A|lr=0.003|drop=0.40] Epoch [012/100] | Train: Loss=0.5151, BCE=0.5151, Reg=0.0000, AUC=0.7955, ACC=0.7499, RMSE=0.4137 | Val: Loss=0.5095, BCE=0.5095, Reg=0.0000, AUC=0.7944, ACC=0.7525, RMSE=0.4111
2026-04-12 07:54:50,563 - INFO - [junyi|junyi_abce_best_no_A|lr=0.003|drop=0.40] [Reg Terms] Epoch [012] | Train: graph_entropy=0.000000, graph_diag=0.000000, graph_uniform=0.000000, graph_reg_scale=1.0000, prediction_l2=0.000000, personal_sparse=0.000000, alpha_var=-0.000000, alpha_collapse=0.000000, reg_bce_ratio=0.0000 | Val: graph_entropy=0.000000, graph_diag=0.000000, graph_uniform=0.000000, graph_reg_scale=1.0000, prediction_l2=0.000000, personal_sparse=0.000000, alpha_var=-0.000000, alpha_collapse=0.000000, reg_bce_ratio=0.0000
2026-04-12 07:54:52,219 - INFO - [junyi|junyi_abce_best_no_A|lr=0.003|drop=0.40] [Diag][AE] Epoch [012] | irt_abs_mean=1.2027, irt_std=0.8696, personal_warmup_scale=1.00, graph_row_entropy=0.0000, graph_entropy_ratio=0.0000, alpha_mean=0.1750, alpha_std=0.0000, alpha_bias_std=0.0001, personal_row_entropy=0.0001, personal_matrix_delta=0.0000, personal_matrix_student_std=0.0000, personal_delta_pre_softmax_norm=0.0000, personal_delta_student_std=0.0000, alpha_head_std=0.0000
2026-04-12 07:54:52,219 - INFO - [junyi|junyi_abce_best_no_A|lr=0.003|drop=0.40] [Diag][Graph] Epoch [012] | entropy_ratio=0.0000, diag_mass=1.0000, to_uniform_l2=0.037609, to_identity_l2=0.000000, tau_mean=0.0000, tau_std=0.0000, graph_reg_scale(train/val)=1.0000/1.0000
2026-04-12 07:54:52,219 - WARNING - [junyi|junyi_abce_best_no_A|lr=0.003|drop=0.40] [Diag Warning][E] personal_delta_student_std is near zero: personal_delta_student_std=0.000000, personal_delta_pre_softmax_norm=0.000000
2026-04-12 07:54:52,219 - INFO - [junyi|junyi_abce_best_no_A|lr=0.003|drop=0.40] [Grad Norms] Epoch [012] | relation_emb=0.000000e+00, relation_tau=0.000000e+00, relation_wq=0.000000e+00, relation_wk=0.000000e+00, personal_u=0.000000e+00, personal_v=0.000000e+00, personal_alpha_bias=3.112164e-07, personal_gate_emb=3.596670e-12, personal_gate_student_proj=4.454507e-19, personal_gate_context_proj=1.091520e-18, personal_gate_student_direct=3.497252e-12, personal_gate_context_direct=9.273962e-12, personal_gate_out=3.089539e-12, personal_generator_emb=0.000000e+00, personal_generator_context_proj=0.000000e+00, personal_generator_context_hidden=0.000000e+00, personal_generator_context_to_u=0.000000e+00, personal_generator_context_to_v=0.000000e+00
2026-04-12 07:54:52,219 - INFO - [junyi|junyi_abce_best_no_A|lr=0.003|drop=0.40] -> No improvement 3 epoch(s) (best AUC=0.7965 @ 9)
2026-04-12 07:54:52,219 - INFO - [junyi|junyi_abce_best_no_A|lr=0.003|drop=0.40] Early stopping at epoch 12 (best AUC=0.7965 @ 9)
2026-04-12 07:54:52,225 - INFO - Epoch-wise metrics saved to checkpoints/abce_diag/ae_fix_20260412_fdafa52/junyi/seed42/best_no_A/metrics_history.csv
2026-04-12 07:54:52,226 - INFO - [junyi|junyi_abce_best_no_A|lr=0.003|drop=0.40] Training completed! Best Val AUC=0.7965 @ epoch 9
2026-04-12 07:54:52,447 - INFO - 
============================================================
         MODULE ACTIVITY REPORT
============================================================
Dataset: junyi | Seed: 42 | Epoch: 12

1. Concept Graph Module (A):
   - Status: DISABLED (use_concept_graph=False or no_A)

2. Personal Graph Module (E):
   - Alpha mean: 0.175
   - Alpha std: 0.000
   - Alpha bias std: 0.000
   - Personal/global delta: 0.0000
   - Inter-student matrix std: 0.0000
   - Status: INACTIVE (personal graph barely deviates from global graph)
   -> Consider: strengthen personal delta or alpha anti-collapse regularization

------------------------------------------------------------
SUMMARY:
   Inactive modules: Personal Graph (E)
============================================================
2026-04-12 07:54:52,447 - INFO - [junyi|junyi_abce_best_no_A|lr=0.003|drop=0.40] Module activity saved to checkpoints/abce_diag/ae_fix_20260412_fdafa52/junyi/seed42/best_no_A/module_activity.json
2026-04-12 07:54:52,498 - INFO - Using device: cuda:0 (physical gpu 2)
2026-04-12 07:54:52,498 - INFO - Loading model from checkpoints/abce_diag/ae_fix_20260412_fdafa52/junyi/seed42/best_no_A/best_model.pth...
2026-04-12 07:54:52,642 - INFO - Inference switches: ablate_module1=False | enable_module1=True | use_concept_graph=False | effective(num_gnn_layers=0)
2026-04-12 07:54:52,752 - INFO - [Inference] Ablation runtime check: args(ablate_module1=False) | model(enable_module1=True) | physical(has_knowledge_encoder=True)
2026-04-12 07:54:52,753 - INFO - [Inference] [Graph Init] graph_tau_mean=0.0000, graph_tau_std=0.0000, graph_dropout=0.000, use_personal_graph=True
2026-04-12 07:54:52,754 - INFO - Model loaded from epoch 9. Start testing...
[GPU] Status: [GPU 2: 13621MiB free]
2026-04-12 07:54:58,515 - INFO - [Test] 200/262 batches done, samples=51200
2026-04-12 07:55:00,310 - INFO - 
==================================================
2026-04-12 07:55:00,310 - INFO - Test Results:
2026-04-12 07:55:00,310 - INFO - AUC: 0.8029
2026-04-12 07:55:00,310 - INFO - ACC: 0.7476
2026-04-12 07:55:00,310 - INFO - RMSE: 0.4149
2026-04-12 07:55:00,310 - INFO - ==================================================
2026-04-12 07:55:00,326 - INFO - Summary appended to /home/zsh/ConceptSkillCDM/results/experiment_results.csv
2026-04-12 07:55:00,329 - INFO - Run completed.
2026-04-12 07:55:00,330 - INFO - Best validation AUC: 0.7965 at epoch 9
2026-04-12 07:55:00,330 - INFO - Test metrics - AUC: 0.8029, ACC: 0.7476, RMSE: 0.4149
2026-04-12 07:55:06,874 - INFO - Arguments:
2026-04-12 07:55:06,874 - INFO -   ablate_concept_graph: False
2026-04-12 07:55:06,874 - INFO -   ablate_module1: False
2026-04-12 07:55:06,874 - INFO -   allow_self_loop: True
2026-04-12 07:55:06,874 - INFO -   alpha_min_target: 0.0
2026-04-12 07:55:06,874 - INFO -   batch_size: 256
2026-04-12 07:55:06,874 - INFO -   data_dir: ./data/junyi
2026-04-12 07:55:06,875 - INFO -   dataset_name: junyi
2026-04-12 07:55:06,875 - INFO -   debug_graph_diag: True
2026-04-12 07:55:06,875 - INFO -   diag_batches: 1
2026-04-12 07:55:06,875 - INFO -   disable_self_loop: False
2026-04-12 07:55:06,875 - INFO -   dropout: 0.4
2026-04-12 07:55:06,875 - INFO -   early_stop_patience: 3
2026-04-12 07:55:06,875 - INFO -   enable_module1: True
2026-04-12 07:55:06,875 - INFO -   epochs: 100
2026-04-12 07:55:06,875 - INFO -   generate_diagnosis: False
2026-04-12 07:55:06,875 - INFO -   gnn_residual_weight: 0.5
2026-04-12 07:55:06,875 - INFO -   gpu_candidates: None
2026-04-12 07:55:06,875 - INFO -   gpu_ids: None
2026-04-12 07:55:06,875 - INFO -   gpu_memory_threshold: 2000
2026-04-12 07:55:06,875 - INFO -   gpus: None
2026-04-12 07:55:06,875 - INFO -   graph_dropout: 0.0
2026-04-12 07:55:06,875 - INFO -   graph_entropy_max: 0.7
2026-04-12 07:55:06,875 - INFO -   graph_entropy_min: 0.15
2026-04-12 07:55:06,875 - INFO -   graph_identity_residual: 0.1
2026-04-12 07:55:06,875 - INFO -   graph_reg_cap_ratio: 6.0
2026-04-12 07:55:06,875 - INFO -   graph_reg_warmup_epochs: 0
2026-04-12 07:55:06,875 - INFO -   graph_tau_init: 0.55
2026-04-12 07:55:06,876 - INFO -   graph_topk: 24
2026-04-12 07:55:06,876 - INFO -   graph_uniform_margin: 0.12
2026-04-12 07:55:06,876 - INFO -   knowledge_dim: 128
2026-04-12 07:55:06,876 - INFO -   lambda_alpha: 0.0
2026-04-12 07:55:06,876 - INFO -   lambda_alpha_min: 0.0
2026-04-12 07:55:06,876 - INFO -   lambda_graph_diag: 0.12
2026-04-12 07:55:06,876 - INFO -   lambda_graph_uniform: 0.06
2026-04-12 07:55:06,876 - INFO -   lambda_sparse: 0.6
2026-04-12 07:55:06,876 - INFO -   lambda_sparse_personal: 0.0
2026-04-12 07:55:06,876 - INFO -   learning_rate: 0.003
2026-04-12 07:55:06,876 - INFO -   log_dir: logs/abce_diag/ae_fix_20260412_fdafa52/junyi/seed42/best_no_E
2026-04-12 07:55:06,876 - INFO -   min_exer_interactions: 0
2026-04-12 07:55:06,876 - INFO -   min_poison_count: 0
2026-04-12 07:55:06,876 - INFO -   min_stu_interactions: 15
2026-04-12 07:55:06,876 - INFO -   model_variant: junyi_abce_best_no_E
2026-04-12 07:55:06,876 - INFO -   multi_gpu: False
2026-04-12 07:55:06,876 - INFO -   no_cuda: False
2026-04-12 07:55:06,876 - INFO -   num_gnn_layers: 2
2026-04-12 07:55:06,876 - INFO -   num_gpus: 1
2026-04-12 07:55:06,876 - INFO -   num_relation_heads: 2
2026-04-12 07:55:06,876 - INFO -   num_workers: 4
2026-04-12 07:55:06,876 - INFO -   patience: 1
2026-04-12 07:55:06,876 - INFO -   personal_delta_scale: 1.0
2026-04-12 07:55:06,876 - INFO -   personal_max_alpha: 0.35
2026-04-12 07:55:06,876 - INFO -   personal_rank: 4
2026-04-12 07:55:06,876 - INFO -   personal_student_dim: None
2026-04-12 07:55:06,876 - INFO -   personal_warmup_epochs: 0
2026-04-12 07:55:06,876 - INFO -   prediction_l2_lambda: 1e-05
2026-04-12 07:55:06,876 - INFO -   save_dir: checkpoints/abce_diag/ae_fix_20260412_fdafa52/junyi/seed42/best_no_E
2026-04-12 07:55:06,876 - INFO -   save_interval: 10
2026-04-12 07:55:06,876 - INFO -   seed: 42
2026-04-12 07:55:06,876 - INFO -   use_concept_graph: True
2026-04-12 07:55:06,877 - INFO -   use_exercise_graph: True
2026-04-12 07:55:06,877 - INFO -   use_personal_graph: False
2026-04-12 07:55:06,877 - INFO -   weight_decay: 0.001
2026-04-12 07:55:06,970 - INFO - Using device: cuda:0 (physical gpu 2)
2026-04-12 07:55:06,970 - INFO - [junyi|junyi_abce_best_no_E|lr=0.003|drop=0.40] Loading datasets...
2026-04-12 07:55:06,970 - INFO - [junyi|junyi_abce_best_no_E|lr=0.003|drop=0.40] Regularization: graph_entropy(lambda_sparse)=0.600000, graph_diag=0.120000, graph_uniform=0.060000, personal_sparse=0.000000, alpha_penalty=0.000000, alpha_min=0.000000, prediction_l2=0.000010
2026-04-12 07:55:06,971 - INFO - [junyi|junyi_abce_best_no_E|lr=0.003|drop=0.40] Graph controls: entropy_band=[0.15, 0.70], uniform_margin=0.12, warmup_epochs=0, cap_ratio=6.00, graph_dropout=0.000, graph_tau_init=0.550
2026-04-12 07:55:06,971 - INFO - [junyi|junyi_abce_best_no_E|lr=0.003|drop=0.40] Personal controls: personal_max_alpha=0.350, personal_delta_scale=1.000, personal_warmup_epochs=0, personal_student_dim=None, alpha_min_target=0.0000
2026-04-12 07:55:07,100 - INFO - [junyi] [数据清洗] 学生交互次数 < 15 次的学生：共移除 0 个学生（仅统计用户数）
2026-04-12 07:55:07,115 - INFO - [junyi] [数据清洗] 学生冷启动过滤：在 train/valid/test 中共删除 0 条记录。
2026-04-12 07:55:07,115 - INFO - [junyi] [数据清洗] 跳过题目冷门过滤（min_exer_interactions <= 0）。
2026-04-12 07:55:07,115 - INFO - [junyi] [数据清洗] 跳过毒题清洗（min_poison_count <= 0）。
2026-04-12 07:55:07,115 - INFO - [junyi] 正在构建ID映射...
2026-04-12 07:55:07,385 - INFO - [junyi] 正在构建Q矩阵...
2026-04-12 07:55:16,660 - INFO - [junyi] [统计] 开始统计清洗后每道题的概念数量分布...
2026-04-12 07:55:16,665 - INFO - [junyi] [Train] 概念数统计：题目数=702, 平均概念数=1.0000, min=1, max=1, 1概念=702 (100.00%), ≥2概念=0 (0.00%)
2026-04-12 07:55:16,665 - INFO - [junyi] [Train] 概念数直方图（概念数: 题目数量）: {1: 702}
2026-04-12 07:55:16,666 - INFO - [junyi] [Valid] 概念数统计：题目数=623, 平均概念数=1.0000, min=1, max=1, 1概念=623 (100.00%), ≥2概念=0 (0.00%)
2026-04-12 07:55:16,666 - INFO - [junyi] [Valid] 概念数直方图（概念数: 题目数量）: {1: 623}
2026-04-12 07:55:16,667 - INFO - [junyi] [Test] 概念数统计：题目数=673, 平均概念数=1.0000, min=1, max=1, 1概念=673 (100.00%), ≥2概念=0 (0.00%)
2026-04-12 07:55:16,667 - INFO - [junyi] [Test] 概念数直方图（概念数: 题目数量）: {1: 673}
2026-04-12 07:55:16,668 - INFO - [junyi] [统计] 概念数量统计完成。
2026-04-12 07:55:16,668 - INFO - [junyi] 正在加载数据集...
2026-04-12 07:55:16,802 - INFO - [junyi|junyi_abce_best_no_E|lr=0.003|drop=0.40] Train samples: 262473, Val samples: 24299
2026-04-12 07:55:16,802 - INFO - [junyi|junyi_abce_best_no_E|lr=0.003|drop=0.40] Number of students: 10000
2026-04-12 07:55:16,803 - INFO - [junyi|junyi_abce_best_no_E|lr=0.003|drop=0.40] Number of exercises: 706
2026-04-12 07:55:16,803 - INFO - [junyi|junyi_abce_best_no_E|lr=0.003|drop=0.40] Number of concepts: 706
2026-04-12 07:55:16,803 - INFO - [junyi|junyi_abce_best_no_E|lr=0.003|drop=0.40] Creating model...
2026-04-12 07:55:16,803 - INFO - [junyi|junyi_abce_best_no_E|lr=0.003|drop=0.40] Ablation switches: ablate_module1=False | enable_module1=True | use_concept_graph=True | effective(num_gnn_layers=2)
2026-04-12 07:55:16,964 - INFO - [junyi|junyi_abce_best_no_E|lr=0.003|drop=0.40] Ablation runtime check: args(ablate_module1=False) | model(enable_module1=True) | physical(has_knowledge_encoder=True)
2026-04-12 07:55:16,964 - INFO - [junyi|junyi_abce_best_no_E|lr=0.003|drop=0.40] Debug diagnostics enabled: diag_batches=1
2026-04-12 07:55:16,990 - INFO - [junyi|junyi_abce_best_no_E|lr=0.003|drop=0.40] [Graph Init] graph_tau_mean=1.0055, graph_tau_std=0.0000, graph_dropout=0.000, use_personal_graph=False
2026-04-12 07:55:16,990 - INFO - [junyi|junyi_abce_best_no_E|lr=0.003|drop=0.40] Total parameters: 1,639,310
2026-04-12 07:55:16,991 - INFO - [junyi|junyi_abce_best_no_E|lr=0.003|drop=0.40] Trainable parameters: 1,639,310
2026-04-12 07:55:18,336 - INFO - [junyi|junyi_abce_best_no_E|lr=0.003|drop=0.40] Starting training...
[GPU] Status: [GPU 2: 24088MiB free]
2026-04-12 07:55:58,515 - INFO - [junyi|junyi_abce_best_no_E|lr=0.003|drop=0.40] Epoch [001/100] | Train: Loss=0.5404, BCE=0.5198, Reg=0.0206, AUC=0.7881, ACC=0.7440, RMSE=0.4161 | Val: Loss=0.5252, BCE=0.5065, Reg=0.0187, AUC=0.7994, ACC=0.7599, RMSE=0.4081
2026-04-12 07:55:58,516 - INFO - [junyi|junyi_abce_best_no_E|lr=0.003|drop=0.40] [Reg Terms] Epoch [001] | Train: graph_entropy=0.000000, graph_diag=0.013872, graph_uniform=0.006719, graph_reg_scale=1.0000, prediction_l2=0.000000, personal_sparse=0.000000, alpha_var=0.000000, alpha_collapse=0.000000, reg_bce_ratio=0.0396 | Val: graph_entropy=0.000000, graph_diag=0.012000, graph_uniform=0.006735, graph_reg_scale=1.0000, prediction_l2=0.000000, personal_sparse=0.000000, alpha_var=0.000000, alpha_collapse=0.000000, reg_bce_ratio=0.0370
2026-04-12 07:55:58,729 - INFO - [junyi|junyi_abce_best_no_E|lr=0.003|drop=0.40] [Diag][AE] Epoch [001] | irt_abs_mean=1.6621, irt_std=0.9745, personal_warmup_scale=1.00, graph_row_entropy=3.1853, graph_entropy_ratio=0.4856, alpha_mean=0.0000, alpha_std=0.0000, alpha_bias_std=0.0000, personal_row_entropy=0.0000, personal_matrix_delta=0.0000, personal_matrix_student_std=0.0000, personal_delta_pre_softmax_norm=0.0000, personal_delta_student_std=0.0000, alpha_head_std=0.0000
2026-04-12 07:55:58,729 - INFO - [junyi|junyi_abce_best_no_E|lr=0.003|drop=0.40] [Diag][Graph] Epoch [001] | entropy_ratio=0.4856, diag_mass=0.1000, to_uniform_l2=0.007744, to_identity_l2=0.034570, tau_mean=0.6931, tau_std=0.0000, graph_reg_scale(train/val)=1.0000/1.0000
2026-04-12 07:55:58,729 - INFO - [junyi|junyi_abce_best_no_E|lr=0.003|drop=0.40] [Grad Norms] Epoch [001] | relation_emb=0.000000e+00, relation_tau=1.109646e-18, relation_wq=0.000000e+00, relation_wk=0.000000e+00, personal_u=0.000000e+00, personal_v=0.000000e+00, personal_alpha_bias=0.000000e+00, personal_gate_emb=0.000000e+00, personal_gate_student_proj=0.000000e+00, personal_gate_context_proj=0.000000e+00, personal_gate_student_direct=0.000000e+00, personal_gate_context_direct=0.000000e+00, personal_gate_out=0.000000e+00, personal_generator_emb=0.000000e+00, personal_generator_context_proj=0.000000e+00, personal_generator_context_hidden=0.000000e+00, personal_generator_context_to_u=0.000000e+00, personal_generator_context_to_v=0.000000e+00
2026-04-12 07:55:58,874 - INFO - [junyi|junyi_abce_best_no_E|lr=0.003|drop=0.40] -> New best AUC=0.7994 at epoch 1
2026-04-12 07:56:38,533 - INFO - [junyi|junyi_abce_best_no_E|lr=0.003|drop=0.40] Epoch [002/100] | Train: Loss=0.5302, BCE=0.5115, Reg=0.0187, AUC=0.7963, ACC=0.7507, RMSE=0.4119 | Val: Loss=0.5231, BCE=0.5044, Reg=0.0187, AUC=0.8014, ACC=0.7632, RMSE=0.4070
2026-04-12 07:56:38,533 - INFO - [junyi|junyi_abce_best_no_E|lr=0.003|drop=0.40] [Reg Terms] Epoch [002] | Train: graph_entropy=0.000000, graph_diag=0.012000, graph_uniform=0.006735, graph_reg_scale=1.0000, prediction_l2=0.000000, personal_sparse=0.000000, alpha_var=0.000000, alpha_collapse=0.000000, reg_bce_ratio=0.0366 | Val: graph_entropy=0.000000, graph_diag=0.012000, graph_uniform=0.006735, graph_reg_scale=1.0000, prediction_l2=0.000000, personal_sparse=0.000000, alpha_var=0.000000, alpha_collapse=0.000000, reg_bce_ratio=0.0371
2026-04-12 07:56:38,727 - INFO - [junyi|junyi_abce_best_no_E|lr=0.003|drop=0.40] [Diag][AE] Epoch [002] | irt_abs_mean=1.6994, irt_std=1.0320, personal_warmup_scale=1.00, graph_row_entropy=3.1853, graph_entropy_ratio=0.4856, alpha_mean=0.0000, alpha_std=0.0000, alpha_bias_std=0.0000, personal_row_entropy=0.0000, personal_matrix_delta=0.0000, personal_matrix_student_std=0.0000, personal_delta_pre_softmax_norm=0.0000, personal_delta_student_std=0.0000, alpha_head_std=0.0000
2026-04-12 07:56:38,727 - INFO - [junyi|junyi_abce_best_no_E|lr=0.003|drop=0.40] [Diag][Graph] Epoch [002] | entropy_ratio=0.4856, diag_mass=0.1000, to_uniform_l2=0.007744, to_identity_l2=0.034570, tau_mean=0.6931, tau_std=0.0000, graph_reg_scale(train/val)=1.0000/1.0000
2026-04-12 07:56:38,728 - WARNING - [junyi|junyi_abce_best_no_E|lr=0.003|drop=0.40] [Diag Warning][Graph] graph-related grad norms are near zero for 2 epoch(s): relation_emb=1.809583e-16, relation_tau=4.032957e-12, relation_wq=4.623000e-17, relation_wk=6.670631e-17, personal_u=0.000000e+00, personal_v=0.000000e+00, personal_alpha_bias=0.000000e+00, personal_gate_emb=0.000000e+00, personal_gate_student_proj=0.000000e+00, personal_gate_context_proj=0.000000e+00, personal_gate_student_direct=0.000000e+00, personal_gate_context_direct=0.000000e+00, personal_gate_out=0.000000e+00, personal_generator_emb=0.000000e+00, personal_generator_context_proj=0.000000e+00, personal_generator_context_hidden=0.000000e+00, personal_generator_context_to_u=0.000000e+00, personal_generator_context_to_v=0.000000e+00
2026-04-12 07:56:38,728 - INFO - [junyi|junyi_abce_best_no_E|lr=0.003|drop=0.40] [Grad Norms] Epoch [002] | relation_emb=1.809583e-16, relation_tau=4.032957e-12, relation_wq=4.623000e-17, relation_wk=6.670631e-17, personal_u=0.000000e+00, personal_v=0.000000e+00, personal_alpha_bias=0.000000e+00, personal_gate_emb=0.000000e+00, personal_gate_student_proj=0.000000e+00, personal_gate_context_proj=0.000000e+00, personal_gate_student_direct=0.000000e+00, personal_gate_context_direct=0.000000e+00, personal_gate_out=0.000000e+00, personal_generator_emb=0.000000e+00, personal_generator_context_proj=0.000000e+00, personal_generator_context_hidden=0.000000e+00, personal_generator_context_to_u=0.000000e+00, personal_generator_context_to_v=0.000000e+00
2026-04-12 07:56:39,010 - INFO - [junyi|junyi_abce_best_no_E|lr=0.003|drop=0.40] -> New best AUC=0.8014 at epoch 2
2026-04-12 07:57:18,895 - INFO - [junyi|junyi_abce_best_no_E|lr=0.003|drop=0.40] Epoch [003/100] | Train: Loss=0.5272, BCE=0.5085, Reg=0.0187, AUC=0.7992, ACC=0.7523, RMSE=0.4105 | Val: Loss=0.5235, BCE=0.5048, Reg=0.0187, AUC=0.8044, ACC=0.7623, RMSE=0.4065
2026-04-12 07:57:18,896 - INFO - [junyi|junyi_abce_best_no_E|lr=0.003|drop=0.40] [Reg Terms] Epoch [003] | Train: graph_entropy=0.000000, graph_diag=0.012000, graph_uniform=0.006735, graph_reg_scale=1.0000, prediction_l2=0.000000, personal_sparse=0.000000, alpha_var=0.000000, alpha_collapse=0.000000, reg_bce_ratio=0.0368 | Val: graph_entropy=0.000000, graph_diag=0.012000, graph_uniform=0.006735, graph_reg_scale=1.0000, prediction_l2=0.000000, personal_sparse=0.000000, alpha_var=0.000000, alpha_collapse=0.000000, reg_bce_ratio=0.0371
2026-04-12 07:57:19,069 - INFO - [junyi|junyi_abce_best_no_E|lr=0.003|drop=0.40] [Diag][AE] Epoch [003] | irt_abs_mean=1.7438, irt_std=1.1468, personal_warmup_scale=1.00, graph_row_entropy=3.1853, graph_entropy_ratio=0.4856, alpha_mean=0.0000, alpha_std=0.0000, alpha_bias_std=0.0000, personal_row_entropy=0.0000, personal_matrix_delta=0.0000, personal_matrix_student_std=0.0000, personal_delta_pre_softmax_norm=0.0000, personal_delta_student_std=0.0000, alpha_head_std=0.0000
2026-04-12 07:57:19,069 - INFO - [junyi|junyi_abce_best_no_E|lr=0.003|drop=0.40] [Diag][Graph] Epoch [003] | entropy_ratio=0.4856, diag_mass=0.1000, to_uniform_l2=0.007744, to_identity_l2=0.034570, tau_mean=0.6931, tau_std=0.0000, graph_reg_scale(train/val)=1.0000/1.0000
2026-04-12 07:57:19,069 - WARNING - [junyi|junyi_abce_best_no_E|lr=0.003|drop=0.40] [Diag Warning][Graph] graph-related grad norms are near zero for 3 epoch(s): relation_emb=3.136881e-15, relation_tau=1.073801e-12, relation_wq=1.807651e-15, relation_wk=2.218373e-15, personal_u=0.000000e+00, personal_v=0.000000e+00, personal_alpha_bias=0.000000e+00, personal_gate_emb=0.000000e+00, personal_gate_student_proj=0.000000e+00, personal_gate_context_proj=0.000000e+00, personal_gate_student_direct=0.000000e+00, personal_gate_context_direct=0.000000e+00, personal_gate_out=0.000000e+00, personal_generator_emb=0.000000e+00, personal_generator_context_proj=0.000000e+00, personal_generator_context_hidden=0.000000e+00, personal_generator_context_to_u=0.000000e+00, personal_generator_context_to_v=0.000000e+00
2026-04-12 07:57:19,069 - INFO - [junyi|junyi_abce_best_no_E|lr=0.003|drop=0.40] [Grad Norms] Epoch [003] | relation_emb=3.136881e-15, relation_tau=1.073801e-12, relation_wq=1.807651e-15, relation_wk=2.218373e-15, personal_u=0.000000e+00, personal_v=0.000000e+00, personal_alpha_bias=0.000000e+00, personal_gate_emb=0.000000e+00, personal_gate_student_proj=0.000000e+00, personal_gate_context_proj=0.000000e+00, personal_gate_student_direct=0.000000e+00, personal_gate_context_direct=0.000000e+00, personal_gate_out=0.000000e+00, personal_generator_emb=0.000000e+00, personal_generator_context_proj=0.000000e+00, personal_generator_context_hidden=0.000000e+00, personal_generator_context_to_u=0.000000e+00, personal_generator_context_to_v=0.000000e+00
2026-04-12 07:57:19,257 - INFO - [junyi|junyi_abce_best_no_E|lr=0.003|drop=0.40] -> New best AUC=0.8044 at epoch 3
2026-04-12 07:57:59,097 - INFO - [junyi|junyi_abce_best_no_E|lr=0.003|drop=0.40] Epoch [004/100] | Train: Loss=0.5242, BCE=0.5055, Reg=0.0187, AUC=0.8023, ACC=0.7543, RMSE=0.4090 | Val: Loss=0.5220, BCE=0.5032, Reg=0.0187, AUC=0.8048, ACC=0.7615, RMSE=0.4061
2026-04-12 07:57:59,097 - INFO - [junyi|junyi_abce_best_no_E|lr=0.003|drop=0.40] [Reg Terms] Epoch [004] | Train: graph_entropy=0.000000, graph_diag=0.012000, graph_uniform=0.006735, graph_reg_scale=1.0000, prediction_l2=0.000000, personal_sparse=0.000000, alpha_var=0.000000, alpha_collapse=0.000000, reg_bce_ratio=0.0371 | Val: graph_entropy=0.000000, graph_diag=0.012000, graph_uniform=0.006735, graph_reg_scale=1.0000, prediction_l2=0.000000, personal_sparse=0.000000, alpha_var=0.000000, alpha_collapse=0.000000, reg_bce_ratio=0.0372
2026-04-12 07:57:59,268 - INFO - [junyi|junyi_abce_best_no_E|lr=0.003|drop=0.40] [Diag][AE] Epoch [004] | irt_abs_mean=1.8150, irt_std=1.0918, personal_warmup_scale=1.00, graph_row_entropy=3.1853, graph_entropy_ratio=0.4856, alpha_mean=0.0000, alpha_std=0.0000, alpha_bias_std=0.0000, personal_row_entropy=0.0000, personal_matrix_delta=0.0000, personal_matrix_student_std=0.0000, personal_delta_pre_softmax_norm=0.0000, personal_delta_student_std=0.0000, alpha_head_std=0.0000
2026-04-12 07:57:59,268 - INFO - [junyi|junyi_abce_best_no_E|lr=0.003|drop=0.40] [Diag][Graph] Epoch [004] | entropy_ratio=0.4856, diag_mass=0.1000, to_uniform_l2=0.007744, to_identity_l2=0.034570, tau_mean=0.6931, tau_std=0.0000, graph_reg_scale(train/val)=1.0000/1.0000
2026-04-12 07:57:59,268 - WARNING - [junyi|junyi_abce_best_no_E|lr=0.003|drop=0.40] [Diag Warning][Graph] graph-related grad norms are near zero for 4 epoch(s): relation_emb=1.282170e-14, relation_tau=3.651051e-12, relation_wq=9.339280e-15, relation_wk=1.227310e-14, personal_u=0.000000e+00, personal_v=0.000000e+00, personal_alpha_bias=0.000000e+00, personal_gate_emb=0.000000e+00, personal_gate_student_proj=0.000000e+00, personal_gate_context_proj=0.000000e+00, personal_gate_student_direct=0.000000e+00, personal_gate_context_direct=0.000000e+00, personal_gate_out=0.000000e+00, personal_generator_emb=0.000000e+00, personal_generator_context_proj=0.000000e+00, personal_generator_context_hidden=0.000000e+00, personal_generator_context_to_u=0.000000e+00, personal_generator_context_to_v=0.000000e+00
2026-04-12 07:57:59,268 - INFO - [junyi|junyi_abce_best_no_E|lr=0.003|drop=0.40] [Grad Norms] Epoch [004] | relation_emb=1.282170e-14, relation_tau=3.651051e-12, relation_wq=9.339280e-15, relation_wk=1.227310e-14, personal_u=0.000000e+00, personal_v=0.000000e+00, personal_alpha_bias=0.000000e+00, personal_gate_emb=0.000000e+00, personal_gate_student_proj=0.000000e+00, personal_gate_context_proj=0.000000e+00, personal_gate_student_direct=0.000000e+00, personal_gate_context_direct=0.000000e+00, personal_gate_out=0.000000e+00, personal_generator_emb=0.000000e+00, personal_generator_context_proj=0.000000e+00, personal_generator_context_hidden=0.000000e+00, personal_generator_context_to_u=0.000000e+00, personal_generator_context_to_v=0.000000e+00
2026-04-12 07:57:59,484 - INFO - [junyi|junyi_abce_best_no_E|lr=0.003|drop=0.40] -> New best AUC=0.8048 at epoch 4
2026-04-12 07:58:30,012 - INFO - [junyi|junyi_abce_best_full|lr=0.003|drop=0.40] Epoch [007/100] | Train: Loss=0.5249, BCE=0.5012, Reg=0.0238, AUC=0.8064, ACC=0.7578, RMSE=0.4069 | Val: Loss=0.5181, BCE=0.4943, Reg=0.0238, AUC=0.8099, ACC=0.7673, RMSE=0.4020
2026-04-12 07:58:30,012 - INFO - [junyi|junyi_abce_best_full|lr=0.003|drop=0.40] [Reg Terms] Epoch [007] | Train: graph_entropy=0.000000, graph_diag=0.012009, graph_uniform=0.006735, graph_reg_scale=1.0000, prediction_l2=0.000000, personal_sparse=0.006371, alpha_var=-0.001331, alpha_collapse=0.000000, reg_bce_ratio=0.0475 | Val: graph_entropy=0.000000, graph_diag=0.012000, graph_uniform=0.006735, graph_reg_scale=1.0000, prediction_l2=0.000000, personal_sparse=0.006371, alpha_var=-0.001276, alpha_collapse=0.000000, reg_bce_ratio=0.0482
2026-04-12 07:58:31,960 - INFO - [junyi|junyi_abce_best_full|lr=0.003|drop=0.40] [Diag][AE] Epoch [007] | irt_abs_mean=1.7512, irt_std=1.0852, personal_warmup_scale=1.00, graph_row_entropy=3.1853, graph_entropy_ratio=0.4856, alpha_mean=0.1750, alpha_std=0.1588, alpha_bias_std=0.0003, personal_row_entropy=3.1854, personal_matrix_delta=0.0000, personal_matrix_student_std=0.0000, personal_delta_pre_softmax_norm=0.0000, personal_delta_student_std=0.0000, alpha_head_std=0.1581
2026-04-12 07:58:31,960 - INFO - [junyi|junyi_abce_best_full|lr=0.003|drop=0.40] [Diag][Graph] Epoch [007] | entropy_ratio=0.4856, diag_mass=0.1000, to_uniform_l2=0.007744, to_identity_l2=0.034570, tau_mean=0.6931, tau_std=0.0000, graph_reg_scale(train/val)=1.0000/1.0000
2026-04-12 07:58:31,960 - WARNING - [junyi|junyi_abce_best_full|lr=0.003|drop=0.40] [Diag Warning][E] personal_delta_student_std is near zero: personal_delta_student_std=0.000000, personal_delta_pre_softmax_norm=0.000000
2026-04-12 07:58:31,960 - INFO - [junyi|junyi_abce_best_full|lr=0.003|drop=0.40] [Grad Norms] Epoch [007] | relation_emb=6.993919e-14, relation_tau=4.834233e-12, relation_wq=3.285065e-14, relation_wk=3.565098e-14, personal_u=0.000000e+00, personal_v=0.000000e+00, personal_alpha_bias=1.584289e-05, personal_gate_emb=9.293743e-09, personal_gate_student_proj=2.659308e-16, personal_gate_context_proj=2.100411e-11, personal_gate_student_direct=9.425455e-09, personal_gate_context_direct=7.444498e-04, personal_gate_out=3.031390e-08, personal_generator_emb=0.000000e+00, personal_generator_context_proj=0.000000e+00, personal_generator_context_hidden=0.000000e+00, personal_generator_context_to_u=0.000000e+00, personal_generator_context_to_v=0.000000e+00
2026-04-12 07:58:32,672 - INFO - [junyi|junyi_abce_best_full|lr=0.003|drop=0.40] -> New best AUC=0.8099 at epoch 7
2026-04-12 07:58:39,618 - INFO - [junyi|junyi_abce_best_no_E|lr=0.003|drop=0.40] Epoch [005/100] | Train: Loss=0.5215, BCE=0.5027, Reg=0.0187, AUC=0.8048, ACC=0.7568, RMSE=0.4077 | Val: Loss=0.5164, BCE=0.4977, Reg=0.0187, AUC=0.8091, ACC=0.7653, RMSE=0.4033
2026-04-12 07:58:39,618 - INFO - [junyi|junyi_abce_best_no_E|lr=0.003|drop=0.40] [Reg Terms] Epoch [005] | Train: graph_entropy=0.000000, graph_diag=0.012000, graph_uniform=0.006735, graph_reg_scale=1.0000, prediction_l2=0.000000, personal_sparse=0.000000, alpha_var=0.000000, alpha_collapse=0.000000, reg_bce_ratio=0.0373 | Val: graph_entropy=0.000000, graph_diag=0.012000, graph_uniform=0.006735, graph_reg_scale=1.0000, prediction_l2=0.000000, personal_sparse=0.000000, alpha_var=0.000000, alpha_collapse=0.000000, reg_bce_ratio=0.0376
2026-04-12 07:58:39,827 - INFO - [junyi|junyi_abce_best_no_E|lr=0.003|drop=0.40] [Diag][AE] Epoch [005] | irt_abs_mean=1.7464, irt_std=1.1463, personal_warmup_scale=1.00, graph_row_entropy=3.1853, graph_entropy_ratio=0.4856, alpha_mean=0.0000, alpha_std=0.0000, alpha_bias_std=0.0000, personal_row_entropy=0.0000, personal_matrix_delta=0.0000, personal_matrix_student_std=0.0000, personal_delta_pre_softmax_norm=0.0000, personal_delta_student_std=0.0000, alpha_head_std=0.0000
2026-04-12 07:58:39,827 - INFO - [junyi|junyi_abce_best_no_E|lr=0.003|drop=0.40] [Diag][Graph] Epoch [005] | entropy_ratio=0.4856, diag_mass=0.1000, to_uniform_l2=0.007744, to_identity_l2=0.034570, tau_mean=0.6931, tau_std=0.0000, graph_reg_scale(train/val)=1.0000/1.0000
2026-04-12 07:58:39,827 - WARNING - [junyi|junyi_abce_best_no_E|lr=0.003|drop=0.40] [Diag Warning][Graph] graph-related grad norms are near zero for 5 epoch(s): relation_emb=2.153178e-14, relation_tau=1.125364e-11, relation_wq=1.642105e-14, relation_wk=1.641628e-14, personal_u=0.000000e+00, personal_v=0.000000e+00, personal_alpha_bias=0.000000e+00, personal_gate_emb=0.000000e+00, personal_gate_student_proj=0.000000e+00, personal_gate_context_proj=0.000000e+00, personal_gate_student_direct=0.000000e+00, personal_gate_context_direct=0.000000e+00, personal_gate_out=0.000000e+00, personal_generator_emb=0.000000e+00, personal_generator_context_proj=0.000000e+00, personal_generator_context_hidden=0.000000e+00, personal_generator_context_to_u=0.000000e+00, personal_generator_context_to_v=0.000000e+00
2026-04-12 07:58:39,827 - INFO - [junyi|junyi_abce_best_no_E|lr=0.003|drop=0.40] [Grad Norms] Epoch [005] | relation_emb=2.153178e-14, relation_tau=1.125364e-11, relation_wq=1.642105e-14, relation_wk=1.641628e-14, personal_u=0.000000e+00, personal_v=0.000000e+00, personal_alpha_bias=0.000000e+00, personal_gate_emb=0.000000e+00, personal_gate_student_proj=0.000000e+00, personal_gate_context_proj=0.000000e+00, personal_gate_student_direct=0.000000e+00, personal_gate_context_direct=0.000000e+00, personal_gate_out=0.000000e+00, personal_generator_emb=0.000000e+00, personal_generator_context_proj=0.000000e+00, personal_generator_context_hidden=0.000000e+00, personal_generator_context_to_u=0.000000e+00, personal_generator_context_to_v=0.000000e+00
2026-04-12 07:58:40,069 - INFO - [junyi|junyi_abce_best_no_E|lr=0.003|drop=0.40] -> New best AUC=0.8091 at epoch 5
2026-04-12 07:59:20,170 - INFO - [junyi|junyi_abce_best_no_E|lr=0.003|drop=0.40] Epoch [006/100] | Train: Loss=0.5211, BCE=0.5024, Reg=0.0187, AUC=0.8051, ACC=0.7562, RMSE=0.4075 | Val: Loss=0.5197, BCE=0.5009, Reg=0.0187, AUC=0.8072, ACC=0.7677, RMSE=0.4041
2026-04-12 07:59:20,170 - INFO - [junyi|junyi_abce_best_no_E|lr=0.003|drop=0.40] [Reg Terms] Epoch [006] | Train: graph_entropy=0.000000, graph_diag=0.012002, graph_uniform=0.006735, graph_reg_scale=1.0000, prediction_l2=0.000000, personal_sparse=0.000000, alpha_var=0.000000, alpha_collapse=0.000000, reg_bce_ratio=0.0373 | Val: graph_entropy=0.000000, graph_diag=0.012000, graph_uniform=0.006735, graph_reg_scale=1.0000, prediction_l2=0.000000, personal_sparse=0.000000, alpha_var=0.000000, alpha_collapse=0.000000, reg_bce_ratio=0.0374
2026-04-12 07:59:20,388 - INFO - [junyi|junyi_abce_best_no_E|lr=0.003|drop=0.40] [Diag][AE] Epoch [006] | irt_abs_mean=1.7522, irt_std=1.1519, personal_warmup_scale=1.00, graph_row_entropy=3.1853, graph_entropy_ratio=0.4856, alpha_mean=0.0000, alpha_std=0.0000, alpha_bias_std=0.0000, personal_row_entropy=0.0000, personal_matrix_delta=0.0000, personal_matrix_student_std=0.0000, personal_delta_pre_softmax_norm=0.0000, personal_delta_student_std=0.0000, alpha_head_std=0.0000
2026-04-12 07:59:20,389 - INFO - [junyi|junyi_abce_best_no_E|lr=0.003|drop=0.40] [Diag][Graph] Epoch [006] | entropy_ratio=0.4856, diag_mass=0.1000, to_uniform_l2=0.007744, to_identity_l2=0.034570, tau_mean=0.6931, tau_std=0.0000, graph_reg_scale(train/val)=1.0000/1.0000
2026-04-12 07:59:20,389 - WARNING - [junyi|junyi_abce_best_no_E|lr=0.003|drop=0.40] [Diag Warning][Graph] graph-related grad norms are near zero for 6 epoch(s): relation_emb=2.888856e-14, relation_tau=1.165964e-11, relation_wq=1.402846e-14, relation_wk=1.517533e-14, personal_u=0.000000e+00, personal_v=0.000000e+00, personal_alpha_bias=0.000000e+00, personal_gate_emb=0.000000e+00, personal_gate_student_proj=0.000000e+00, personal_gate_context_proj=0.000000e+00, personal_gate_student_direct=0.000000e+00, personal_gate_context_direct=0.000000e+00, personal_gate_out=0.000000e+00, personal_generator_emb=0.000000e+00, personal_generator_context_proj=0.000000e+00, personal_generator_context_hidden=0.000000e+00, personal_generator_context_to_u=0.000000e+00, personal_generator_context_to_v=0.000000e+00
2026-04-12 07:59:20,389 - INFO - [junyi|junyi_abce_best_no_E|lr=0.003|drop=0.40] [Grad Norms] Epoch [006] | relation_emb=2.888856e-14, relation_tau=1.165964e-11, relation_wq=1.402846e-14, relation_wk=1.517533e-14, personal_u=0.000000e+00, personal_v=0.000000e+00, personal_alpha_bias=0.000000e+00, personal_gate_emb=0.000000e+00, personal_gate_student_proj=0.000000e+00, personal_gate_context_proj=0.000000e+00, personal_gate_student_direct=0.000000e+00, personal_gate_context_direct=0.000000e+00, personal_gate_out=0.000000e+00, personal_generator_emb=0.000000e+00, personal_generator_context_proj=0.000000e+00, personal_generator_context_hidden=0.000000e+00, personal_generator_context_to_u=0.000000e+00, personal_generator_context_to_v=0.000000e+00
2026-04-12 07:59:20,389 - INFO - [junyi|junyi_abce_best_no_E|lr=0.003|drop=0.40] -> No improvement 1 epoch(s) (best AUC=0.8091 @ 5)
2026-04-12 08:00:00,809 - INFO - [junyi|junyi_abce_best_no_E|lr=0.003|drop=0.40] Epoch [007/100] | Train: Loss=0.5194, BCE=0.5007, Reg=0.0187, AUC=0.8069, ACC=0.7583, RMSE=0.4066 | Val: Loss=0.5149, BCE=0.4961, Reg=0.0187, AUC=0.8090, ACC=0.7683, RMSE=0.4030
2026-04-12 08:00:00,809 - INFO - [junyi|junyi_abce_best_no_E|lr=0.003|drop=0.40] [Reg Terms] Epoch [007] | Train: graph_entropy=0.000000, graph_diag=0.012011, graph_uniform=0.006735, graph_reg_scale=1.0000, prediction_l2=0.000000, personal_sparse=0.000000, alpha_var=0.000000, alpha_collapse=0.000000, reg_bce_ratio=0.0374 | Val: graph_entropy=0.000000, graph_diag=0.012000, graph_uniform=0.006735, graph_reg_scale=1.0000, prediction_l2=0.000000, personal_sparse=0.000000, alpha_var=0.000000, alpha_collapse=0.000000, reg_bce_ratio=0.0378
2026-04-12 08:00:00,992 - INFO - [junyi|junyi_abce_best_no_E|lr=0.003|drop=0.40] [Diag][AE] Epoch [007] | irt_abs_mean=1.7105, irt_std=1.0650, personal_warmup_scale=1.00, graph_row_entropy=3.1853, graph_entropy_ratio=0.4856, alpha_mean=0.0000, alpha_std=0.0000, alpha_bias_std=0.0000, personal_row_entropy=0.0000, personal_matrix_delta=0.0000, personal_matrix_student_std=0.0000, personal_delta_pre_softmax_norm=0.0000, personal_delta_student_std=0.0000, alpha_head_std=0.0000
2026-04-12 08:00:00,993 - INFO - [junyi|junyi_abce_best_no_E|lr=0.003|drop=0.40] [Diag][Graph] Epoch [007] | entropy_ratio=0.4856, diag_mass=0.1000, to_uniform_l2=0.007744, to_identity_l2=0.034570, tau_mean=0.6931, tau_std=0.0000, graph_reg_scale(train/val)=1.0000/1.0000
2026-04-12 08:00:00,993 - WARNING - [junyi|junyi_abce_best_no_E|lr=0.003|drop=0.40] [Diag Warning][Graph] graph-related grad norms are near zero for 7 epoch(s): relation_emb=4.829268e-14, relation_tau=2.020196e-11, relation_wq=2.973689e-14, relation_wk=3.043877e-14, personal_u=0.000000e+00, personal_v=0.000000e+00, personal_alpha_bias=0.000000e+00, personal_gate_emb=0.000000e+00, personal_gate_student_proj=0.000000e+00, personal_gate_context_proj=0.000000e+00, personal_gate_student_direct=0.000000e+00, personal_gate_context_direct=0.000000e+00, personal_gate_out=0.000000e+00, personal_generator_emb=0.000000e+00, personal_generator_context_proj=0.000000e+00, personal_generator_context_hidden=0.000000e+00, personal_generator_context_to_u=0.000000e+00, personal_generator_context_to_v=0.000000e+00
2026-04-12 08:00:00,993 - INFO - [junyi|junyi_abce_best_no_E|lr=0.003|drop=0.40] [Grad Norms] Epoch [007] | relation_emb=4.829268e-14, relation_tau=2.020196e-11, relation_wq=2.973689e-14, relation_wk=3.043877e-14, personal_u=0.000000e+00, personal_v=0.000000e+00, personal_alpha_bias=0.000000e+00, personal_gate_emb=0.000000e+00, personal_gate_student_proj=0.000000e+00, personal_gate_context_proj=0.000000e+00, personal_gate_student_direct=0.000000e+00, personal_gate_context_direct=0.000000e+00, personal_gate_out=0.000000e+00, personal_generator_emb=0.000000e+00, personal_generator_context_proj=0.000000e+00, personal_generator_context_hidden=0.000000e+00, personal_generator_context_to_u=0.000000e+00, personal_generator_context_to_v=0.000000e+00
2026-04-12 08:00:00,993 - INFO - [junyi|junyi_abce_best_no_E|lr=0.003|drop=0.40] -> No improvement 2 epoch(s) (best AUC=0.8091 @ 5)
2026-04-12 08:00:41,360 - INFO - [junyi|junyi_abce_best_no_E|lr=0.003|drop=0.40] Epoch [008/100] | Train: Loss=0.5198, BCE=0.5011, Reg=0.0187, AUC=0.8063, ACC=0.7580, RMSE=0.4068 | Val: Loss=0.5155, BCE=0.4968, Reg=0.0187, AUC=0.8086, ACC=0.7674, RMSE=0.4033
2026-04-12 08:00:41,360 - INFO - [junyi|junyi_abce_best_no_E|lr=0.003|drop=0.40] [Reg Terms] Epoch [008] | Train: graph_entropy=0.000000, graph_diag=0.012007, graph_uniform=0.006735, graph_reg_scale=1.0000, prediction_l2=0.000000, personal_sparse=0.000000, alpha_var=0.000000, alpha_collapse=0.000000, reg_bce_ratio=0.0374 | Val: graph_entropy=0.000000, graph_diag=0.012000, graph_uniform=0.006735, graph_reg_scale=1.0000, prediction_l2=0.000000, personal_sparse=0.000000, alpha_var=0.000000, alpha_collapse=0.000000, reg_bce_ratio=0.0377
2026-04-12 08:00:41,562 - INFO - [junyi|junyi_abce_best_no_E|lr=0.003|drop=0.40] [Diag][AE] Epoch [008] | irt_abs_mean=1.7359, irt_std=1.0634, personal_warmup_scale=1.00, graph_row_entropy=3.1853, graph_entropy_ratio=0.4856, alpha_mean=0.0000, alpha_std=0.0000, alpha_bias_std=0.0000, personal_row_entropy=0.0000, personal_matrix_delta=0.0000, personal_matrix_student_std=0.0000, personal_delta_pre_softmax_norm=0.0000, personal_delta_student_std=0.0000, alpha_head_std=0.0000
2026-04-12 08:00:41,562 - INFO - [junyi|junyi_abce_best_no_E|lr=0.003|drop=0.40] [Diag][Graph] Epoch [008] | entropy_ratio=0.4856, diag_mass=0.1000, to_uniform_l2=0.007744, to_identity_l2=0.034570, tau_mean=0.6931, tau_std=0.0000, graph_reg_scale(train/val)=1.0000/1.0000
2026-04-12 08:00:41,562 - WARNING - [junyi|junyi_abce_best_no_E|lr=0.003|drop=0.40] [Diag Warning][Graph] graph-related grad norms are near zero for 8 epoch(s): relation_emb=1.799391e-13, relation_tau=5.010268e-12, relation_wq=9.799832e-14, relation_wk=1.074385e-13, personal_u=0.000000e+00, personal_v=0.000000e+00, personal_alpha_bias=0.000000e+00, personal_gate_emb=0.000000e+00, personal_gate_student_proj=0.000000e+00, personal_gate_context_proj=0.000000e+00, personal_gate_student_direct=0.000000e+00, personal_gate_context_direct=0.000000e+00, personal_gate_out=0.000000e+00, personal_generator_emb=0.000000e+00, personal_generator_context_proj=0.000000e+00, personal_generator_context_hidden=0.000000e+00, personal_generator_context_to_u=0.000000e+00, personal_generator_context_to_v=0.000000e+00
2026-04-12 08:00:41,562 - INFO - [junyi|junyi_abce_best_no_E|lr=0.003|drop=0.40] [Grad Norms] Epoch [008] | relation_emb=1.799391e-13, relation_tau=5.010268e-12, relation_wq=9.799832e-14, relation_wk=1.074385e-13, personal_u=0.000000e+00, personal_v=0.000000e+00, personal_alpha_bias=0.000000e+00, personal_gate_emb=0.000000e+00, personal_gate_student_proj=0.000000e+00, personal_gate_context_proj=0.000000e+00, personal_gate_student_direct=0.000000e+00, personal_gate_context_direct=0.000000e+00, personal_gate_out=0.000000e+00, personal_generator_emb=0.000000e+00, personal_generator_context_proj=0.000000e+00, personal_generator_context_hidden=0.000000e+00, personal_generator_context_to_u=0.000000e+00, personal_generator_context_to_v=0.000000e+00
2026-04-12 08:00:41,563 - INFO - [junyi|junyi_abce_best_no_E|lr=0.003|drop=0.40] -> No improvement 3 epoch(s) (best AUC=0.8091 @ 5)
2026-04-12 08:00:41,563 - INFO - [junyi|junyi_abce_best_no_E|lr=0.003|drop=0.40] Early stopping at epoch 8 (best AUC=0.8091 @ 5)
2026-04-12 08:00:41,567 - INFO - Epoch-wise metrics saved to checkpoints/abce_diag/ae_fix_20260412_fdafa52/junyi/seed42/best_no_E/metrics_history.csv
2026-04-12 08:00:41,567 - INFO - [junyi|junyi_abce_best_no_E|lr=0.003|drop=0.40] Training completed! Best Val AUC=0.8091 @ epoch 5
2026-04-12 08:00:41,741 - INFO - 
============================================================
         MODULE ACTIVITY REPORT
============================================================
Dataset: junyi | Seed: 42 | Epoch: 8

1. Concept Graph Module (A):
   - Mean row entropy: 3.185 / 6.560
   - Entropy ratio: 48.6%
   - Status: ACTIVE (learning meaningful structure)

2. Personal Graph Module (E):
   - Status: DISABLED (use_personal_graph=False or no_E)

------------------------------------------------------------
SUMMARY:
   Active modules: Concept Graph (A)
   All enabled graph modules are functioning properly.
============================================================
2026-04-12 08:00:41,741 - INFO - [junyi|junyi_abce_best_no_E|lr=0.003|drop=0.40] Module activity saved to checkpoints/abce_diag/ae_fix_20260412_fdafa52/junyi/seed42/best_no_E/module_activity.json
2026-04-12 08:00:41,790 - INFO - Using device: cuda:0 (physical gpu 2)
2026-04-12 08:00:41,790 - INFO - Loading model from checkpoints/abce_diag/ae_fix_20260412_fdafa52/junyi/seed42/best_no_E/best_model.pth...
2026-04-12 08:00:41,870 - INFO - Inference switches: ablate_module1=False | enable_module1=True | use_concept_graph=True | effective(num_gnn_layers=2)
2026-04-12 08:00:41,891 - INFO - [Inference] Ablation runtime check: args(ablate_module1=False) | model(enable_module1=True) | physical(has_knowledge_encoder=True)
2026-04-12 08:00:41,892 - INFO - [Inference] [Graph Init] graph_tau_mean=1.0055, graph_tau_std=0.0000, graph_dropout=0.000, use_personal_graph=False
2026-04-12 08:00:41,892 - INFO - Model loaded from epoch 5. Start testing...
[GPU] Status: [GPU 2: 21635MiB free]
2026-04-12 08:00:44,185 - INFO - [Test] 200/262 batches done, samples=51200
2026-04-12 08:00:44,969 - INFO - 
==================================================
2026-04-12 08:00:44,969 - INFO - Test Results:
2026-04-12 08:00:44,969 - INFO - AUC: 0.8137
2026-04-12 08:00:44,969 - INFO - ACC: 0.7561
2026-04-12 08:00:44,969 - INFO - RMSE: 0.4084
2026-04-12 08:00:44,969 - INFO - ==================================================
2026-04-12 08:00:44,980 - INFO - Summary appended to /home/zsh/ConceptSkillCDM/results/experiment_results.csv
2026-04-12 08:00:44,983 - INFO - Run completed.
2026-04-12 08:00:44,983 - INFO - Best validation AUC: 0.8091 at epoch 5
2026-04-12 08:00:44,983 - INFO - Test metrics - AUC: 0.8137, ACC: 0.7561, RMSE: 0.4084
2026-04-12 08:02:29,883 - INFO - [junyi|junyi_abce_best_full|lr=0.003|drop=0.40] Epoch [008/100] | Train: Loss=0.5247, BCE=0.5009, Reg=0.0238, AUC=0.8065, ACC=0.7579, RMSE=0.4068 | Val: Loss=0.5196, BCE=0.4958, Reg=0.0238, AUC=0.8103, ACC=0.7655, RMSE=0.4031
2026-04-12 08:02:29,883 - INFO - [junyi|junyi_abce_best_full|lr=0.003|drop=0.40] [Reg Terms] Epoch [008] | Train: graph_entropy=0.000000, graph_diag=0.012011, graph_uniform=0.006735, graph_reg_scale=1.0000, prediction_l2=0.000000, personal_sparse=0.006370, alpha_var=-0.001341, alpha_collapse=0.000000, reg_bce_ratio=0.0475 | Val: graph_entropy=0.000000, graph_diag=0.012000, graph_uniform=0.006735, graph_reg_scale=1.0000, prediction_l2=0.000000, personal_sparse=0.006371, alpha_var=-0.001282, alpha_collapse=0.000000, reg_bce_ratio=0.0481
2026-04-12 08:02:31,548 - INFO - [junyi|junyi_abce_best_full|lr=0.003|drop=0.40] [Diag][AE] Epoch [008] | irt_abs_mean=1.7574, irt_std=1.1085, personal_warmup_scale=1.00, graph_row_entropy=3.1853, graph_entropy_ratio=0.4856, alpha_mean=0.1750, alpha_std=0.1568, alpha_bias_std=0.0002, personal_row_entropy=3.1854, personal_matrix_delta=0.0000, personal_matrix_student_std=0.0000, personal_delta_pre_softmax_norm=0.0000, personal_delta_student_std=0.0000, alpha_head_std=0.1558
2026-04-12 08:02:31,549 - INFO - [junyi|junyi_abce_best_full|lr=0.003|drop=0.40] [Diag][Graph] Epoch [008] | entropy_ratio=0.4856, diag_mass=0.1000, to_uniform_l2=0.007744, to_identity_l2=0.034570, tau_mean=0.6931, tau_std=0.0000, graph_reg_scale(train/val)=1.0000/1.0000
2026-04-12 08:02:31,549 - WARNING - [junyi|junyi_abce_best_full|lr=0.003|drop=0.40] [Diag Warning][E] personal_delta_student_std is near zero: personal_delta_student_std=0.000000, personal_delta_pre_softmax_norm=0.000000
2026-04-12 08:02:31,549 - INFO - [junyi|junyi_abce_best_full|lr=0.003|drop=0.40] [Grad Norms] Epoch [008] | relation_emb=1.718398e-13, relation_tau=1.158918e-11, relation_wq=1.014595e-13, relation_wk=1.071858e-13, personal_u=0.000000e+00, personal_v=0.000000e+00, personal_alpha_bias=1.633023e-05, personal_gate_emb=1.223506e-08, personal_gate_student_proj=7.412492e-16, personal_gate_context_proj=4.947900e-11, personal_gate_student_direct=1.137033e-08, personal_gate_context_direct=7.589926e-04, personal_gate_out=5.592533e-08, personal_generator_emb=0.000000e+00, personal_generator_context_proj=0.000000e+00, personal_generator_context_hidden=0.000000e+00, personal_generator_context_to_u=0.000000e+00, personal_generator_context_to_v=0.000000e+00
2026-04-12 08:02:32,273 - INFO - [junyi|junyi_abce_best_full|lr=0.003|drop=0.40] -> New best AUC=0.8103 at epoch 8
2026-04-12 08:06:28,932 - INFO - [junyi|junyi_abce_best_full|lr=0.003|drop=0.40] Epoch [009/100] | Train: Loss=0.5245, BCE=0.5007, Reg=0.0238, AUC=0.8065, ACC=0.7573, RMSE=0.4067 | Val: Loss=0.5213, BCE=0.4975, Reg=0.0239, AUC=0.8101, ACC=0.7680, RMSE=0.4026
2026-04-12 08:06:28,933 - INFO - [junyi|junyi_abce_best_full|lr=0.003|drop=0.40] [Reg Terms] Epoch [009] | Train: graph_entropy=0.000000, graph_diag=0.012009, graph_uniform=0.006735, graph_reg_scale=1.0000, prediction_l2=0.000000, personal_sparse=0.006371, alpha_var=-0.001341, alpha_collapse=0.000000, reg_bce_ratio=0.0475 | Val: graph_entropy=0.000000, graph_diag=0.012025, graph_uniform=0.006735, graph_reg_scale=1.0000, prediction_l2=0.000000, personal_sparse=0.006370, alpha_var=-0.001271, alpha_collapse=0.000000, reg_bce_ratio=0.0480
2026-04-12 08:06:30,838 - INFO - [junyi|junyi_abce_best_full|lr=0.003|drop=0.40] [Diag][AE] Epoch [009] | irt_abs_mean=1.7780, irt_std=1.1422, personal_warmup_scale=1.00, graph_row_entropy=3.1849, graph_entropy_ratio=0.4855, alpha_mean=0.1750, alpha_std=0.1560, alpha_bias_std=0.0004, personal_row_entropy=3.1850, personal_matrix_delta=0.0000, personal_matrix_student_std=0.0000, personal_delta_pre_softmax_norm=0.0000, personal_delta_student_std=0.0000, alpha_head_std=0.1548
2026-04-12 08:06:30,838 - INFO - [junyi|junyi_abce_best_full|lr=0.003|drop=0.40] [Diag][Graph] Epoch [009] | entropy_ratio=0.4855, diag_mass=0.1002, to_uniform_l2=0.007747, to_identity_l2=0.034563, tau_mean=0.6931, tau_std=0.0000, graph_reg_scale(train/val)=1.0000/1.0000
2026-04-12 08:06:30,838 - WARNING - [junyi|junyi_abce_best_full|lr=0.003|drop=0.40] [Diag Warning][E] personal_delta_student_std is near zero: personal_delta_student_std=0.000000, personal_delta_pre_softmax_norm=0.000000
2026-04-12 08:06:30,838 - INFO - [junyi|junyi_abce_best_full|lr=0.003|drop=0.40] [Grad Norms] Epoch [009] | relation_emb=1.030256e-13, relation_tau=1.473585e-11, relation_wq=6.135478e-14, relation_wk=6.048939e-14, personal_u=0.000000e+00, personal_v=0.000000e+00, personal_alpha_bias=1.715127e-05, personal_gate_emb=1.356887e-08, personal_gate_student_proj=2.111891e-15, personal_gate_context_proj=1.315802e-10, personal_gate_student_direct=1.327049e-08, personal_gate_context_direct=8.268101e-04, personal_gate_out=7.038975e-08, personal_generator_emb=0.000000e+00, personal_generator_context_proj=0.000000e+00, personal_generator_context_hidden=0.000000e+00, personal_generator_context_to_u=1.183765e-22, personal_generator_context_to_v=0.000000e+00
2026-04-12 08:06:30,838 - INFO - [junyi|junyi_abce_best_full|lr=0.003|drop=0.40] -> No improvement 1 epoch(s) (best AUC=0.8103 @ 8)
2026-04-12 08:10:26,991 - INFO - [junyi|junyi_abce_best_full|lr=0.003|drop=0.40] Epoch [010/100] | Train: Loss=0.5120, BCE=0.4883, Reg=0.0237, AUC=0.8180, ACC=0.7664, RMSE=0.4004 | Val: Loss=0.5140, BCE=0.4902, Reg=0.0238, AUC=0.8154, ACC=0.7711, RMSE=0.3998
2026-04-12 08:10:26,991 - INFO - [junyi|junyi_abce_best_full|lr=0.003|drop=0.40] [Reg Terms] Epoch [010] | Train: graph_entropy=0.000000, graph_diag=0.012000, graph_uniform=0.006735, graph_reg_scale=1.0000, prediction_l2=0.000000, personal_sparse=0.006371, alpha_var=-0.001357, alpha_collapse=0.000000, reg_bce_ratio=0.0486 | Val: graph_entropy=0.000000, graph_diag=0.012000, graph_uniform=0.006735, graph_reg_scale=1.0000, prediction_l2=0.000000, personal_sparse=0.006371, alpha_var=-0.001343, alpha_collapse=0.000000, reg_bce_ratio=0.0485
2026-04-12 08:10:28,657 - INFO - [junyi|junyi_abce_best_full|lr=0.003|drop=0.40] [Diag][AE] Epoch [010] | irt_abs_mean=1.8159, irt_std=1.0838, personal_warmup_scale=1.00, graph_row_entropy=3.1853, graph_entropy_ratio=0.4856, alpha_mean=0.1750, alpha_std=0.1633, alpha_bias_std=0.0001, personal_row_entropy=3.1854, personal_matrix_delta=0.0000, personal_matrix_student_std=0.0000, personal_delta_pre_softmax_norm=0.0000, personal_delta_student_std=0.0000, alpha_head_std=0.1632
2026-04-12 08:10:28,657 - INFO - [junyi|junyi_abce_best_full|lr=0.003|drop=0.40] [Diag][Graph] Epoch [010] | entropy_ratio=0.4856, diag_mass=0.1000, to_uniform_l2=0.007744, to_identity_l2=0.034570, tau_mean=0.6931, tau_std=0.0000, graph_reg_scale(train/val)=1.0000/1.0000
2026-04-12 08:10:28,657 - WARNING - [junyi|junyi_abce_best_full|lr=0.003|drop=0.40] [Diag Warning][E] personal_delta_student_std is near zero: personal_delta_student_std=0.000000, personal_delta_pre_softmax_norm=0.000000
2026-04-12 08:10:28,657 - INFO - [junyi|junyi_abce_best_full|lr=0.003|drop=0.40] [Grad Norms] Epoch [010] | relation_emb=0.000000e+00, relation_tau=0.000000e+00, relation_wq=0.000000e+00, relation_wk=0.000000e+00, personal_u=0.000000e+00, personal_v=0.000000e+00, personal_alpha_bias=1.510021e-05, personal_gate_emb=0.000000e+00, personal_gate_student_proj=0.000000e+00, personal_gate_context_proj=0.000000e+00, personal_gate_student_direct=0.000000e+00, personal_gate_context_direct=7.463311e-04, personal_gate_out=0.000000e+00, personal_generator_emb=0.000000e+00, personal_generator_context_proj=0.000000e+00, personal_generator_context_hidden=0.000000e+00, personal_generator_context_to_u=0.000000e+00, personal_generator_context_to_v=0.000000e+00
2026-04-12 08:10:29,547 - INFO - [junyi|junyi_abce_best_full|lr=0.003|drop=0.40] -> New best AUC=0.8154 at epoch 10
2026-04-12 08:10:29,692 - INFO - [junyi|junyi_abce_best_full|lr=0.003|drop=0.40] Checkpoint saved: checkpoints/abce_diag/ae_fix_20260412_fdafa52/junyi/seed42/best_full/checkpoint_epoch_10.pth
2026-04-12 08:10:29,968 - INFO - [junyi|junyi_abce_best_full|lr=0.003|drop=0.40] [Module Activity] Epoch 10: Graph[OK] Personal[X]
2026-04-12 08:14:26,614 - INFO - [junyi|junyi_abce_best_full|lr=0.003|drop=0.40] Epoch [011/100] | Train: Loss=0.5098, BCE=0.4861, Reg=0.0238, AUC=0.8199, ACC=0.7687, RMSE=0.3994 | Val: Loss=0.5094, BCE=0.4856, Reg=0.0238, AUC=0.8178, ACC=0.7737, RMSE=0.3978
2026-04-12 08:14:26,614 - INFO - [junyi|junyi_abce_best_full|lr=0.003|drop=0.40] [Reg Terms] Epoch [011] | Train: graph_entropy=0.000000, graph_diag=0.012004, graph_uniform=0.006735, graph_reg_scale=1.0000, prediction_l2=0.000000, personal_sparse=0.006371, alpha_var=-0.001360, alpha_collapse=0.000000, reg_bce_ratio=0.0489 | Val: graph_entropy=0.000000, graph_diag=0.012000, graph_uniform=0.006735, graph_reg_scale=1.0000, prediction_l2=0.000000, personal_sparse=0.006371, alpha_var=-0.001309, alpha_collapse=0.000000, reg_bce_ratio=0.0490
2026-04-12 08:14:28,310 - INFO - [junyi|junyi_abce_best_full|lr=0.003|drop=0.40] [Diag][AE] Epoch [011] | irt_abs_mean=1.8432, irt_std=1.0943, personal_warmup_scale=1.00, graph_row_entropy=3.1853, graph_entropy_ratio=0.4856, alpha_mean=0.1750, alpha_std=0.1623, alpha_bias_std=0.0002, personal_row_entropy=3.1854, personal_matrix_delta=0.0000, personal_matrix_student_std=0.0000, personal_delta_pre_softmax_norm=0.0000, personal_delta_student_std=0.0000, alpha_head_std=0.1622
2026-04-12 08:14:28,310 - INFO - [junyi|junyi_abce_best_full|lr=0.003|drop=0.40] [Diag][Graph] Epoch [011] | entropy_ratio=0.4856, diag_mass=0.1000, to_uniform_l2=0.007744, to_identity_l2=0.034570, tau_mean=0.6931, tau_std=0.0000, graph_reg_scale(train/val)=1.0000/1.0000
2026-04-12 08:14:28,310 - WARNING - [junyi|junyi_abce_best_full|lr=0.003|drop=0.40] [Diag Warning][E] personal_delta_student_std is near zero: personal_delta_student_std=0.000000, personal_delta_pre_softmax_norm=0.000000
2026-04-12 08:14:28,310 - INFO - [junyi|junyi_abce_best_full|lr=0.003|drop=0.40] [Grad Norms] Epoch [011] | relation_emb=2.167650e-14, relation_tau=3.498228e-13, relation_wq=1.198906e-14, relation_wk=1.225635e-14, personal_u=0.000000e+00, personal_v=0.000000e+00, personal_alpha_bias=1.560914e-05, personal_gate_emb=2.762097e-10, personal_gate_student_proj=4.549293e-17, personal_gate_context_proj=1.272170e-11, personal_gate_student_direct=2.816033e-09, personal_gate_context_direct=7.874785e-04, personal_gate_out=7.375453e-09, personal_generator_emb=0.000000e+00, personal_generator_context_proj=0.000000e+00, personal_generator_context_hidden=0.000000e+00, personal_generator_context_to_u=0.000000e+00, personal_generator_context_to_v=0.000000e+00
2026-04-12 08:14:28,902 - INFO - [junyi|junyi_abce_best_full|lr=0.003|drop=0.40] -> New best AUC=0.8178 at epoch 11
2026-04-12 08:18:25,158 - INFO - [junyi|junyi_abce_best_full|lr=0.003|drop=0.40] Epoch [012/100] | Train: Loss=0.5087, BCE=0.4850, Reg=0.0238, AUC=0.8208, ACC=0.7689, RMSE=0.3988 | Val: Loss=0.5096, BCE=0.4858, Reg=0.0238, AUC=0.8183, ACC=0.7751, RMSE=0.3981
2026-04-12 08:18:25,158 - INFO - [junyi|junyi_abce_best_full|lr=0.003|drop=0.40] [Reg Terms] Epoch [012] | Train: graph_entropy=0.000000, graph_diag=0.012004, graph_uniform=0.006735, graph_reg_scale=1.0000, prediction_l2=0.000000, personal_sparse=0.006371, alpha_var=-0.001358, alpha_collapse=0.000000, reg_bce_ratio=0.0490 | Val: graph_entropy=0.000000, graph_diag=0.012000, graph_uniform=0.006735, graph_reg_scale=1.0000, prediction_l2=0.000000, personal_sparse=0.006371, alpha_var=-0.001332, alpha_collapse=0.000000, reg_bce_ratio=0.0489
2026-04-12 08:18:26,730 - INFO - [junyi|junyi_abce_best_full|lr=0.003|drop=0.40] [Diag][AE] Epoch [012] | irt_abs_mean=1.8555, irt_std=1.0708, personal_warmup_scale=1.00, graph_row_entropy=3.1853, graph_entropy_ratio=0.4856, alpha_mean=0.1750, alpha_std=0.1624, alpha_bias_std=0.0002, personal_row_entropy=3.1854, personal_matrix_delta=0.0000, personal_matrix_student_std=0.0000, personal_delta_pre_softmax_norm=0.0000, personal_delta_student_std=0.0000, alpha_head_std=0.1621
2026-04-12 08:18:26,731 - INFO - [junyi|junyi_abce_best_full|lr=0.003|drop=0.40] [Diag][Graph] Epoch [012] | entropy_ratio=0.4856, diag_mass=0.1000, to_uniform_l2=0.007744, to_identity_l2=0.034570, tau_mean=0.6931, tau_std=0.0000, graph_reg_scale(train/val)=1.0000/1.0000
2026-04-12 08:18:26,731 - WARNING - [junyi|junyi_abce_best_full|lr=0.003|drop=0.40] [Diag Warning][E] personal_delta_student_std is near zero: personal_delta_student_std=0.000000, personal_delta_pre_softmax_norm=0.000000
2026-04-12 08:18:26,731 - INFO - [junyi|junyi_abce_best_full|lr=0.003|drop=0.40] [Grad Norms] Epoch [012] | relation_emb=9.832891e-15, relation_tau=4.654141e-12, relation_wq=5.172370e-15, relation_wk=4.750598e-15, personal_u=0.000000e+00, personal_v=0.000000e+00, personal_alpha_bias=1.394639e-05, personal_gate_emb=6.193971e-09, personal_gate_student_proj=2.291894e-16, personal_gate_context_proj=2.697562e-11, personal_gate_student_direct=6.397463e-09, personal_gate_context_direct=7.529821e-04, personal_gate_out=1.657653e-08, personal_generator_emb=0.000000e+00, personal_generator_context_proj=0.000000e+00, personal_generator_context_hidden=0.000000e+00, personal_generator_context_to_u=2.307582e-22, personal_generator_context_to_v=8.370479e-23
2026-04-12 08:18:27,355 - INFO - [junyi|junyi_abce_best_full|lr=0.003|drop=0.40] -> New best AUC=0.8183 at epoch 12
2026-04-12 08:22:23,853 - INFO - [junyi|junyi_abce_best_full|lr=0.003|drop=0.40] Epoch [013/100] | Train: Loss=0.5081, BCE=0.4843, Reg=0.0238, AUC=0.8214, ACC=0.7693, RMSE=0.3985 | Val: Loss=0.5135, BCE=0.4897, Reg=0.0238, AUC=0.8186, ACC=0.7690, RMSE=0.3997
2026-04-12 08:22:23,854 - INFO - [junyi|junyi_abce_best_full|lr=0.003|drop=0.40] [Reg Terms] Epoch [013] | Train: graph_entropy=0.000000, graph_diag=0.012005, graph_uniform=0.006735, graph_reg_scale=1.0000, prediction_l2=0.000000, personal_sparse=0.006371, alpha_var=-0.001357, alpha_collapse=0.000000, reg_bce_ratio=0.0490 | Val: graph_entropy=0.000000, graph_diag=0.012000, graph_uniform=0.006735, graph_reg_scale=1.0000, prediction_l2=0.000000, personal_sparse=0.006371, alpha_var=-0.001337, alpha_collapse=0.000000, reg_bce_ratio=0.0485
2026-04-12 08:22:25,738 - INFO - [junyi|junyi_abce_best_full|lr=0.003|drop=0.40] [Diag][AE] Epoch [013] | irt_abs_mean=1.8785, irt_std=1.1780, personal_warmup_scale=1.00, graph_row_entropy=3.1853, graph_entropy_ratio=0.4856, alpha_mean=0.1750, alpha_std=0.1615, alpha_bias_std=0.0002, personal_row_entropy=3.1854, personal_matrix_delta=0.0000, personal_matrix_student_std=0.0000, personal_delta_pre_softmax_norm=0.0000, personal_delta_student_std=0.0000, alpha_head_std=0.1614
2026-04-12 08:22:25,738 - INFO - [junyi|junyi_abce_best_full|lr=0.003|drop=0.40] [Diag][Graph] Epoch [013] | entropy_ratio=0.4856, diag_mass=0.1000, to_uniform_l2=0.007744, to_identity_l2=0.034570, tau_mean=0.6931, tau_std=0.0000, graph_reg_scale(train/val)=1.0000/1.0000
2026-04-12 08:22:25,738 - WARNING - [junyi|junyi_abce_best_full|lr=0.003|drop=0.40] [Diag Warning][E] personal_delta_student_std is near zero: personal_delta_student_std=0.000000, personal_delta_pre_softmax_norm=0.000000
2026-04-12 08:22:25,738 - INFO - [junyi|junyi_abce_best_full|lr=0.003|drop=0.40] [Grad Norms] Epoch [013] | relation_emb=2.730903e-15, relation_tau=2.158926e-12, relation_wq=1.182236e-15, relation_wk=1.144993e-15, personal_u=0.000000e+00, personal_v=0.000000e+00, personal_alpha_bias=1.432080e-05, personal_gate_emb=6.693112e-09, personal_gate_student_proj=3.100798e-16, personal_gate_context_proj=3.120450e-11, personal_gate_student_direct=7.091374e-09, personal_gate_context_direct=7.136330e-04, personal_gate_out=1.964062e-08, personal_generator_emb=0.000000e+00, personal_generator_context_proj=0.000000e+00, personal_generator_context_hidden=0.000000e+00, personal_generator_context_to_u=1.129218e-18, personal_generator_context_to_v=7.499536e-19
2026-04-12 08:22:26,398 - INFO - [junyi|junyi_abce_best_full|lr=0.003|drop=0.40] -> New best AUC=0.8186 at epoch 13
2026-04-12 08:26:23,420 - INFO - [junyi|junyi_abce_best_full|lr=0.003|drop=0.40] Epoch [014/100] | Train: Loss=0.4960, BCE=0.4723, Reg=0.0237, AUC=0.8316, ACC=0.7774, RMSE=0.3924 | Val: Loss=0.5116, BCE=0.4878, Reg=0.0238, AUC=0.8216, ACC=0.7697, RMSE=0.3996
2026-04-12 08:26:23,420 - INFO - [junyi|junyi_abce_best_full|lr=0.003|drop=0.40] [Reg Terms] Epoch [014] | Train: graph_entropy=0.000000, graph_diag=0.012000, graph_uniform=0.006735, graph_reg_scale=1.0000, prediction_l2=0.000000, personal_sparse=0.006371, alpha_var=-0.001359, alpha_collapse=0.000000, reg_bce_ratio=0.0503 | Val: graph_entropy=0.000000, graph_diag=0.012000, graph_uniform=0.006735, graph_reg_scale=1.0000, prediction_l2=0.000000, personal_sparse=0.006371, alpha_var=-0.001328, alpha_collapse=0.000000, reg_bce_ratio=0.0487
2026-04-12 08:26:25,332 - INFO - [junyi|junyi_abce_best_full|lr=0.003|drop=0.40] [Diag][AE] Epoch [014] | irt_abs_mean=1.8408, irt_std=1.0961, personal_warmup_scale=1.00, graph_row_entropy=3.1853, graph_entropy_ratio=0.4856, alpha_mean=0.1750, alpha_std=0.1616, alpha_bias_std=0.0001, personal_row_entropy=3.1854, personal_matrix_delta=0.0000, personal_matrix_student_std=0.0000, personal_delta_pre_softmax_norm=0.0000, personal_delta_student_std=0.0000, alpha_head_std=0.1614
2026-04-12 08:26:25,333 - INFO - [junyi|junyi_abce_best_full|lr=0.003|drop=0.40] [Diag][Graph] Epoch [014] | entropy_ratio=0.4856, diag_mass=0.1000, to_uniform_l2=0.007744, to_identity_l2=0.034570, tau_mean=0.6931, tau_std=0.0000, graph_reg_scale(train/val)=1.0000/1.0000
2026-04-12 08:26:25,333 - WARNING - [junyi|junyi_abce_best_full|lr=0.003|drop=0.40] [Diag Warning][E] personal_delta_student_std is near zero: personal_delta_student_std=0.000000, personal_delta_pre_softmax_norm=0.000000
2026-04-12 08:26:25,333 - INFO - [junyi|junyi_abce_best_full|lr=0.003|drop=0.40] [Grad Norms] Epoch [014] | relation_emb=0.000000e+00, relation_tau=0.000000e+00, relation_wq=0.000000e+00, relation_wk=0.000000e+00, personal_u=0.000000e+00, personal_v=0.000000e+00, personal_alpha_bias=1.377909e-05, personal_gate_emb=0.000000e+00, personal_gate_student_proj=0.000000e+00, personal_gate_context_proj=0.000000e+00, personal_gate_student_direct=0.000000e+00, personal_gate_context_direct=7.266900e-04, personal_gate_out=0.000000e+00, personal_generator_emb=0.000000e+00, personal_generator_context_proj=0.000000e+00, personal_generator_context_hidden=0.000000e+00, personal_generator_context_to_u=0.000000e+00, personal_generator_context_to_v=0.000000e+00
2026-04-12 08:26:26,023 - INFO - [junyi|junyi_abce_best_full|lr=0.003|drop=0.40] -> New best AUC=0.8216 at epoch 14
2026-04-12 08:30:23,214 - INFO - [junyi|junyi_abce_best_full|lr=0.003|drop=0.40] Epoch [015/100] | Train: Loss=0.4930, BCE=0.4693, Reg=0.0238, AUC=0.8339, ACC=0.7789, RMSE=0.3911 | Val: Loss=0.5091, BCE=0.4853, Reg=0.0238, AUC=0.8215, ACC=0.7766, RMSE=0.3969
2026-04-12 08:30:23,214 - INFO - [junyi|junyi_abce_best_full|lr=0.003|drop=0.40] [Reg Terms] Epoch [015] | Train: graph_entropy=0.000000, graph_diag=0.012004, graph_uniform=0.006735, graph_reg_scale=1.0000, prediction_l2=0.000000, personal_sparse=0.006371, alpha_var=-0.001356, alpha_collapse=0.000000, reg_bce_ratio=0.0506 | Val: graph_entropy=0.000000, graph_diag=0.012000, graph_uniform=0.006735, graph_reg_scale=1.0000, prediction_l2=0.000000, personal_sparse=0.006371, alpha_var=-0.001313, alpha_collapse=0.000000, reg_bce_ratio=0.0490
2026-04-12 08:30:25,311 - INFO - [junyi|junyi_abce_best_full|lr=0.003|drop=0.40] [Diag][AE] Epoch [015] | irt_abs_mean=1.9373, irt_std=1.1895, personal_warmup_scale=1.00, graph_row_entropy=3.1853, graph_entropy_ratio=0.4856, alpha_mean=0.1750, alpha_std=0.1613, alpha_bias_std=0.0002, personal_row_entropy=3.1854, personal_matrix_delta=0.0000, personal_matrix_student_std=0.0000, personal_delta_pre_softmax_norm=0.0000, personal_delta_student_std=0.0000, alpha_head_std=0.1611
2026-04-12 08:30:25,311 - INFO - [junyi|junyi_abce_best_full|lr=0.003|drop=0.40] [Diag][Graph] Epoch [015] | entropy_ratio=0.4856, diag_mass=0.1000, to_uniform_l2=0.007744, to_identity_l2=0.034570, tau_mean=0.6931, tau_std=0.0000, graph_reg_scale(train/val)=1.0000/1.0000
2026-04-12 08:30:25,311 - WARNING - [junyi|junyi_abce_best_full|lr=0.003|drop=0.40] [Diag Warning][E] personal_delta_student_std is near zero: personal_delta_student_std=0.000000, personal_delta_pre_softmax_norm=0.000000
2026-04-12 08:30:25,311 - INFO - [junyi|junyi_abce_best_full|lr=0.003|drop=0.40] [Grad Norms] Epoch [015] | relation_emb=0.000000e+00, relation_tau=0.000000e+00, relation_wq=0.000000e+00, relation_wk=0.000000e+00, personal_u=0.000000e+00, personal_v=0.000000e+00, personal_alpha_bias=1.516705e-05, personal_gate_emb=0.000000e+00, personal_gate_student_proj=0.000000e+00, personal_gate_context_proj=0.000000e+00, personal_gate_student_direct=0.000000e+00, personal_gate_context_direct=7.382432e-04, personal_gate_out=0.000000e+00, personal_generator_emb=0.000000e+00, personal_generator_context_proj=0.000000e+00, personal_generator_context_hidden=0.000000e+00, personal_generator_context_to_u=0.000000e+00, personal_generator_context_to_v=0.000000e+00
2026-04-12 08:30:25,312 - INFO - [junyi|junyi_abce_best_full|lr=0.003|drop=0.40] -> No improvement 1 epoch(s) (best AUC=0.8216 @ 14)
2026-04-12 08:34:22,343 - INFO - [junyi|junyi_abce_best_full|lr=0.003|drop=0.40] Epoch [016/100] | Train: Loss=0.4911, BCE=0.4674, Reg=0.0237, AUC=0.8353, ACC=0.7805, RMSE=0.3901 | Val: Loss=0.5056, BCE=0.4818, Reg=0.0238, AUC=0.8226, ACC=0.7776, RMSE=0.3957
2026-04-12 08:34:22,344 - INFO - [junyi|junyi_abce_best_full|lr=0.003|drop=0.40] [Reg Terms] Epoch [016] | Train: graph_entropy=0.000000, graph_diag=0.012000, graph_uniform=0.006735, graph_reg_scale=1.0000, prediction_l2=0.000000, personal_sparse=0.006371, alpha_var=-0.001358, alpha_collapse=0.000000, reg_bce_ratio=0.0508 | Val: graph_entropy=0.000000, graph_diag=0.012000, graph_uniform=0.006735, graph_reg_scale=1.0000, prediction_l2=0.000000, personal_sparse=0.006371, alpha_var=-0.001321, alpha_collapse=0.000000, reg_bce_ratio=0.0494
2026-04-12 08:34:24,188 - INFO - [junyi|junyi_abce_best_full|lr=0.003|drop=0.40] [Diag][AE] Epoch [016] | irt_abs_mean=1.8914, irt_std=1.1339, personal_warmup_scale=1.00, graph_row_entropy=3.1853, graph_entropy_ratio=0.4856, alpha_mean=0.1750, alpha_std=0.1634, alpha_bias_std=0.0001, personal_row_entropy=3.1854, personal_matrix_delta=0.0000, personal_matrix_student_std=0.0000, personal_delta_pre_softmax_norm=0.0000, personal_delta_student_std=0.0000, alpha_head_std=0.1633
2026-04-12 08:34:24,188 - INFO - [junyi|junyi_abce_best_full|lr=0.003|drop=0.40] [Diag][Graph] Epoch [016] | entropy_ratio=0.4856, diag_mass=0.1000, to_uniform_l2=0.007744, to_identity_l2=0.034570, tau_mean=0.6931, tau_std=0.0000, graph_reg_scale(train/val)=1.0000/1.0000
2026-04-12 08:34:24,188 - WARNING - [junyi|junyi_abce_best_full|lr=0.003|drop=0.40] [Diag Warning][E] personal_delta_student_std is near zero: personal_delta_student_std=0.000000, personal_delta_pre_softmax_norm=0.000000
2026-04-12 08:34:24,188 - INFO - [junyi|junyi_abce_best_full|lr=0.003|drop=0.40] [Grad Norms] Epoch [016] | relation_emb=1.081137e-15, relation_tau=2.744622e-13, relation_wq=5.804095e-16, relation_wk=5.602276e-16, personal_u=0.000000e+00, personal_v=0.000000e+00, personal_alpha_bias=1.388067e-05, personal_gate_emb=4.305754e-10, personal_gate_student_proj=3.320474e-18, personal_gate_context_proj=2.070980e-12, personal_gate_student_direct=1.191763e-09, personal_gate_context_direct=7.433028e-04, personal_gate_out=5.106957e-09, personal_generator_emb=0.000000e+00, personal_generator_context_proj=0.000000e+00, personal_generator_context_hidden=0.000000e+00, personal_generator_context_to_u=0.000000e+00, personal_generator_context_to_v=0.000000e+00
2026-04-12 08:34:24,727 - INFO - [junyi|junyi_abce_best_full|lr=0.003|drop=0.40] -> New best AUC=0.8226 at epoch 16
2026-04-12 08:38:21,152 - INFO - [junyi|junyi_abce_best_full|lr=0.003|drop=0.40] Epoch [017/100] | Train: Loss=0.4899, BCE=0.4661, Reg=0.0238, AUC=0.8365, ACC=0.7812, RMSE=0.3895 | Val: Loss=0.5098, BCE=0.4860, Reg=0.0238, AUC=0.8225, ACC=0.7759, RMSE=0.3968
2026-04-12 08:38:21,152 - INFO - [junyi|junyi_abce_best_full|lr=0.003|drop=0.40] [Reg Terms] Epoch [017] | Train: graph_entropy=0.000000, graph_diag=0.012004, graph_uniform=0.006735, graph_reg_scale=1.0000, prediction_l2=0.000000, personal_sparse=0.006371, alpha_var=-0.001358, alpha_collapse=0.000000, reg_bce_ratio=0.0510 | Val: graph_entropy=0.000000, graph_diag=0.012000, graph_uniform=0.006735, graph_reg_scale=1.0000, prediction_l2=0.000000, personal_sparse=0.006371, alpha_var=-0.001316, alpha_collapse=0.000000, reg_bce_ratio=0.0489
2026-04-12 08:38:22,975 - INFO - [junyi|junyi_abce_best_full|lr=0.003|drop=0.40] [Diag][AE] Epoch [017] | irt_abs_mean=1.9802, irt_std=1.2208, personal_warmup_scale=1.00, graph_row_entropy=3.1853, graph_entropy_ratio=0.4856, alpha_mean=0.1750, alpha_std=0.1632, alpha_bias_std=0.0001, personal_row_entropy=3.1854, personal_matrix_delta=0.0000, personal_matrix_student_std=0.0000, personal_delta_pre_softmax_norm=0.0000, personal_delta_student_std=0.0000, alpha_head_std=0.1631
2026-04-12 08:38:22,975 - INFO - [junyi|junyi_abce_best_full|lr=0.003|drop=0.40] [Diag][Graph] Epoch [017] | entropy_ratio=0.4856, diag_mass=0.1000, to_uniform_l2=0.007744, to_identity_l2=0.034570, tau_mean=0.6931, tau_std=0.0000, graph_reg_scale(train/val)=1.0000/1.0000
2026-04-12 08:38:22,975 - WARNING - [junyi|junyi_abce_best_full|lr=0.003|drop=0.40] [Diag Warning][E] personal_delta_student_std is near zero: personal_delta_student_std=0.000000, personal_delta_pre_softmax_norm=0.000000
2026-04-12 08:38:22,975 - INFO - [junyi|junyi_abce_best_full|lr=0.003|drop=0.40] [Grad Norms] Epoch [017] | relation_emb=4.703150e-16, relation_tau=4.622867e-13, relation_wq=2.096230e-16, relation_wk=2.152545e-16, personal_u=0.000000e+00, personal_v=0.000000e+00, personal_alpha_bias=1.345507e-05, personal_gate_emb=2.200517e-09, personal_gate_student_proj=6.684267e-18, personal_gate_context_proj=2.589381e-12, personal_gate_student_direct=1.881836e-09, personal_gate_context_direct=7.289943e-04, personal_gate_out=5.191502e-09, personal_generator_emb=0.000000e+00, personal_generator_context_proj=0.000000e+00, personal_generator_context_hidden=0.000000e+00, personal_generator_context_to_u=0.000000e+00, personal_generator_context_to_v=0.000000e+00
2026-04-12 08:38:22,975 - INFO - [junyi|junyi_abce_best_full|lr=0.003|drop=0.40] -> No improvement 1 epoch(s) (best AUC=0.8226 @ 16)
2026-04-12 08:42:19,306 - INFO - [junyi|junyi_abce_best_full|lr=0.003|drop=0.40] Epoch [018/100] | Train: Loss=0.4881, BCE=0.4643, Reg=0.0238, AUC=0.8379, ACC=0.7821, RMSE=0.3888 | Val: Loss=0.5099, BCE=0.4861, Reg=0.0238, AUC=0.8214, ACC=0.7744, RMSE=0.3973
2026-04-12 08:42:19,306 - INFO - [junyi|junyi_abce_best_full|lr=0.003|drop=0.40] [Reg Terms] Epoch [018] | Train: graph_entropy=0.000000, graph_diag=0.012000, graph_uniform=0.006735, graph_reg_scale=1.0000, prediction_l2=0.000000, personal_sparse=0.006371, alpha_var=-0.001352, alpha_collapse=0.000000, reg_bce_ratio=0.0512 | Val: graph_entropy=0.000000, graph_diag=0.012000, graph_uniform=0.006735, graph_reg_scale=1.0000, prediction_l2=0.000000, personal_sparse=0.006371, alpha_var=-0.001304, alpha_collapse=0.000000, reg_bce_ratio=0.0490
2026-04-12 08:42:21,607 - INFO - [junyi|junyi_abce_best_full|lr=0.003|drop=0.40] [Diag][AE] Epoch [018] | irt_abs_mean=1.9131, irt_std=1.2041, personal_warmup_scale=1.00, graph_row_entropy=3.1853, graph_entropy_ratio=0.4856, alpha_mean=0.1750, alpha_std=0.1617, alpha_bias_std=0.0001, personal_row_entropy=3.1854, personal_matrix_delta=0.0000, personal_matrix_student_std=0.0000, personal_delta_pre_softmax_norm=0.0000, personal_delta_student_std=0.0000, alpha_head_std=0.1617
2026-04-12 08:42:21,608 - INFO - [junyi|junyi_abce_best_full|lr=0.003|drop=0.40] [Diag][Graph] Epoch [018] | entropy_ratio=0.4856, diag_mass=0.1000, to_uniform_l2=0.007744, to_identity_l2=0.034570, tau_mean=0.6931, tau_std=0.0000, graph_reg_scale(train/val)=1.0000/1.0000
2026-04-12 08:42:21,608 - WARNING - [junyi|junyi_abce_best_full|lr=0.003|drop=0.40] [Diag Warning][E] personal_delta_student_std is near zero: personal_delta_student_std=0.000000, personal_delta_pre_softmax_norm=0.000000
2026-04-12 08:42:21,608 - INFO - [junyi|junyi_abce_best_full|lr=0.003|drop=0.40] [Grad Norms] Epoch [018] | relation_emb=1.387087e-16, relation_tau=5.914902e-13, relation_wq=6.140918e-17, relation_wk=5.536190e-17, personal_u=0.000000e+00, personal_v=0.000000e+00, personal_alpha_bias=1.546981e-05, personal_gate_emb=2.539955e-09, personal_gate_student_proj=1.531918e-17, personal_gate_context_proj=5.021289e-12, personal_gate_student_direct=2.318264e-09, personal_gate_context_direct=7.598758e-04, personal_gate_out=9.957686e-09, personal_generator_emb=0.000000e+00, personal_generator_context_proj=0.000000e+00, personal_generator_context_hidden=0.000000e+00, personal_generator_context_to_u=1.908763e-22, personal_generator_context_to_v=6.483746e-23
2026-04-12 08:42:21,608 - INFO - [junyi|junyi_abce_best_full|lr=0.003|drop=0.40] -> No improvement 2 epoch(s) (best AUC=0.8226 @ 16)
2026-04-12 08:46:18,211 - INFO - [junyi|junyi_abce_best_full|lr=0.003|drop=0.40] Epoch [019/100] | Train: Loss=0.4728, BCE=0.4491, Reg=0.0238, AUC=0.8496, ACC=0.7915, RMSE=0.3811 | Val: Loss=0.5138, BCE=0.4900, Reg=0.0238, AUC=0.8231, ACC=0.7744, RMSE=0.3982
2026-04-12 08:46:18,211 - INFO - [junyi|junyi_abce_best_full|lr=0.003|drop=0.40] [Reg Terms] Epoch [019] | Train: graph_entropy=0.000000, graph_diag=0.012000, graph_uniform=0.006735, graph_reg_scale=1.0000, prediction_l2=0.000000, personal_sparse=0.006371, alpha_var=-0.001343, alpha_collapse=0.000000, reg_bce_ratio=0.0529 | Val: graph_entropy=0.000000, graph_diag=0.012000, graph_uniform=0.006735, graph_reg_scale=1.0000, prediction_l2=0.000000, personal_sparse=0.006371, alpha_var=-0.001270, alpha_collapse=0.000000, reg_bce_ratio=0.0486
2026-04-12 08:46:20,244 - INFO - [junyi|junyi_abce_best_full|lr=0.003|drop=0.40] [Diag][AE] Epoch [019] | irt_abs_mean=2.0258, irt_std=1.2269, personal_warmup_scale=1.00, graph_row_entropy=3.1853, graph_entropy_ratio=0.4856, alpha_mean=0.1750, alpha_std=0.1604, alpha_bias_std=0.0001, personal_row_entropy=3.1854, personal_matrix_delta=0.0000, personal_matrix_student_std=0.0000, personal_delta_pre_softmax_norm=0.0000, personal_delta_student_std=0.0000, alpha_head_std=0.1603
2026-04-12 08:46:20,244 - INFO - [junyi|junyi_abce_best_full|lr=0.003|drop=0.40] [Diag][Graph] Epoch [019] | entropy_ratio=0.4856, diag_mass=0.1000, to_uniform_l2=0.007744, to_identity_l2=0.034570, tau_mean=0.6931, tau_std=0.0000, graph_reg_scale(train/val)=1.0000/1.0000
2026-04-12 08:46:20,245 - WARNING - [junyi|junyi_abce_best_full|lr=0.003|drop=0.40] [Diag Warning][E] personal_delta_student_std is near zero: personal_delta_student_std=0.000000, personal_delta_pre_softmax_norm=0.000000
2026-04-12 08:46:20,245 - INFO - [junyi|junyi_abce_best_full|lr=0.003|drop=0.40] [Grad Norms] Epoch [019] | relation_emb=0.000000e+00, relation_tau=0.000000e+00, relation_wq=0.000000e+00, relation_wk=0.000000e+00, personal_u=0.000000e+00, personal_v=0.000000e+00, personal_alpha_bias=1.596589e-05, personal_gate_emb=0.000000e+00, personal_gate_student_proj=0.000000e+00, personal_gate_context_proj=0.000000e+00, personal_gate_student_direct=0.000000e+00, personal_gate_context_direct=7.552358e-04, personal_gate_out=0.000000e+00, personal_generator_emb=0.000000e+00, personal_generator_context_proj=0.000000e+00, personal_generator_context_hidden=0.000000e+00, personal_generator_context_to_u=0.000000e+00, personal_generator_context_to_v=0.000000e+00
2026-04-12 08:46:21,052 - INFO - [junyi|junyi_abce_best_full|lr=0.003|drop=0.40] -> New best AUC=0.8231 at epoch 19
2026-04-12 08:50:17,284 - INFO - [junyi|junyi_abce_best_full|lr=0.003|drop=0.40] Epoch [020/100] | Train: Loss=0.4661, BCE=0.4424, Reg=0.0238, AUC=0.8545, ACC=0.7954, RMSE=0.3778 | Val: Loss=0.5110, BCE=0.4872, Reg=0.0239, AUC=0.8221, ACC=0.7730, RMSE=0.3979
2026-04-12 08:50:17,284 - INFO - [junyi|junyi_abce_best_full|lr=0.003|drop=0.40] [Reg Terms] Epoch [020] | Train: graph_entropy=0.000000, graph_diag=0.012002, graph_uniform=0.006735, graph_reg_scale=1.0000, prediction_l2=0.000000, personal_sparse=0.006371, alpha_var=-0.001333, alpha_collapse=0.000000, reg_bce_ratio=0.0537 | Val: graph_entropy=0.000000, graph_diag=0.012000, graph_uniform=0.006735, graph_reg_scale=1.0000, prediction_l2=0.000000, personal_sparse=0.006371, alpha_var=-0.001256, alpha_collapse=0.000000, reg_bce_ratio=0.0490
2026-04-12 08:50:19,432 - INFO - [junyi|junyi_abce_best_full|lr=0.003|drop=0.40] [Diag][AE] Epoch [020] | irt_abs_mean=1.8884, irt_std=1.2123, personal_warmup_scale=1.00, graph_row_entropy=3.1853, graph_entropy_ratio=0.4856, alpha_mean=0.1750, alpha_std=0.1593, alpha_bias_std=0.0001, personal_row_entropy=3.1854, personal_matrix_delta=0.0000, personal_matrix_student_std=0.0000, personal_delta_pre_softmax_norm=0.0000, personal_delta_student_std=0.0000, alpha_head_std=0.1591
2026-04-12 08:50:19,433 - INFO - [junyi|junyi_abce_best_full|lr=0.003|drop=0.40] [Diag][Graph] Epoch [020] | entropy_ratio=0.4856, diag_mass=0.1000, to_uniform_l2=0.007744, to_identity_l2=0.034570, tau_mean=0.6931, tau_std=0.0000, graph_reg_scale(train/val)=1.0000/1.0000
2026-04-12 08:50:19,433 - WARNING - [junyi|junyi_abce_best_full|lr=0.003|drop=0.40] [Diag Warning][E] personal_delta_student_std is near zero: personal_delta_student_std=0.000000, personal_delta_pre_softmax_norm=0.000000
2026-04-12 08:50:19,433 - INFO - [junyi|junyi_abce_best_full|lr=0.003|drop=0.40] [Grad Norms] Epoch [020] | relation_emb=0.000000e+00, relation_tau=0.000000e+00, relation_wq=0.000000e+00, relation_wk=0.000000e+00, personal_u=0.000000e+00, personal_v=0.000000e+00, personal_alpha_bias=1.707317e-05, personal_gate_emb=0.000000e+00, personal_gate_student_proj=0.000000e+00, personal_gate_context_proj=0.000000e+00, personal_gate_student_direct=0.000000e+00, personal_gate_context_direct=7.953602e-04, personal_gate_out=0.000000e+00, personal_generator_emb=0.000000e+00, personal_generator_context_proj=0.000000e+00, personal_generator_context_hidden=0.000000e+00, personal_generator_context_to_u=0.000000e+00, personal_generator_context_to_v=0.000000e+00
2026-04-12 08:50:19,433 - INFO - [junyi|junyi_abce_best_full|lr=0.003|drop=0.40] -> No improvement 1 epoch(s) (best AUC=0.8231 @ 19)
2026-04-12 08:50:19,563 - INFO - [junyi|junyi_abce_best_full|lr=0.003|drop=0.40] Checkpoint saved: checkpoints/abce_diag/ae_fix_20260412_fdafa52/junyi/seed42/best_full/checkpoint_epoch_20.pth
2026-04-12 08:50:19,884 - INFO - [junyi|junyi_abce_best_full|lr=0.003|drop=0.40] [Module Activity] Epoch 20: Graph[OK] Personal[X]
2026-04-12 08:54:16,273 - INFO - [junyi|junyi_abce_best_full|lr=0.003|drop=0.40] Epoch [021/100] | Train: Loss=0.4507, BCE=0.4269, Reg=0.0238, AUC=0.8656, ACC=0.8049, RMSE=0.3700 | Val: Loss=0.5211, BCE=0.4972, Reg=0.0239, AUC=0.8211, ACC=0.7723, RMSE=0.4012
2026-04-12 08:54:16,273 - INFO - [junyi|junyi_abce_best_full|lr=0.003|drop=0.40] [Reg Terms] Epoch [021] | Train: graph_entropy=0.000000, graph_diag=0.012000, graph_uniform=0.006735, graph_reg_scale=1.0000, prediction_l2=0.000000, personal_sparse=0.006371, alpha_var=-0.001322, alpha_collapse=0.000000, reg_bce_ratio=0.0557 | Val: graph_entropy=0.000000, graph_diag=0.012000, graph_uniform=0.006735, graph_reg_scale=1.0000, prediction_l2=0.000000, personal_sparse=0.006371, alpha_var=-0.001234, alpha_collapse=0.000000, reg_bce_ratio=0.0480
2026-04-12 08:54:18,320 - INFO - [junyi|junyi_abce_best_full|lr=0.003|drop=0.40] [Diag][AE] Epoch [021] | irt_abs_mean=2.0536, irt_std=1.2421, personal_warmup_scale=1.00, graph_row_entropy=3.1853, graph_entropy_ratio=0.4856, alpha_mean=0.1750, alpha_std=0.1575, alpha_bias_std=0.0001, personal_row_entropy=3.1854, personal_matrix_delta=0.0000, personal_matrix_student_std=0.0000, personal_delta_pre_softmax_norm=0.0000, personal_delta_student_std=0.0000, alpha_head_std=0.1573
2026-04-12 08:54:18,320 - INFO - [junyi|junyi_abce_best_full|lr=0.003|drop=0.40] [Diag][Graph] Epoch [021] | entropy_ratio=0.4856, diag_mass=0.1000, to_uniform_l2=0.007744, to_identity_l2=0.034570, tau_mean=0.6931, tau_std=0.0000, graph_reg_scale(train/val)=1.0000/1.0000
2026-04-12 08:54:18,320 - WARNING - [junyi|junyi_abce_best_full|lr=0.003|drop=0.40] [Diag Warning][E] personal_delta_student_std is near zero: personal_delta_student_std=0.000000, personal_delta_pre_softmax_norm=0.000000
2026-04-12 08:54:18,320 - INFO - [junyi|junyi_abce_best_full|lr=0.003|drop=0.40] [Grad Norms] Epoch [021] | relation_emb=0.000000e+00, relation_tau=0.000000e+00, relation_wq=0.000000e+00, relation_wk=0.000000e+00, personal_u=0.000000e+00, personal_v=0.000000e+00, personal_alpha_bias=1.796183e-05, personal_gate_emb=0.000000e+00, personal_gate_student_proj=0.000000e+00, personal_gate_context_proj=0.000000e+00, personal_gate_student_direct=0.000000e+00, personal_gate_context_direct=7.864393e-04, personal_gate_out=0.000000e+00, personal_generator_emb=0.000000e+00, personal_generator_context_proj=0.000000e+00, personal_generator_context_hidden=0.000000e+00, personal_generator_context_to_u=0.000000e+00, personal_generator_context_to_v=0.000000e+00
2026-04-12 08:54:18,320 - INFO - [junyi|junyi_abce_best_full|lr=0.003|drop=0.40] -> No improvement 2 epoch(s) (best AUC=0.8231 @ 19)
2026-04-12 08:58:14,611 - INFO - [junyi|junyi_abce_best_full|lr=0.003|drop=0.40] Epoch [022/100] | Train: Loss=0.4432, BCE=0.4194, Reg=0.0238, AUC=0.8707, ACC=0.8091, RMSE=0.3663 | Val: Loss=0.5264, BCE=0.5025, Reg=0.0239, AUC=0.8201, ACC=0.7749, RMSE=0.4015
2026-04-12 08:58:14,611 - INFO - [junyi|junyi_abce_best_full|lr=0.003|drop=0.40] [Reg Terms] Epoch [022] | Train: graph_entropy=0.000000, graph_diag=0.012002, graph_uniform=0.006735, graph_reg_scale=1.0000, prediction_l2=0.000000, personal_sparse=0.006371, alpha_var=-0.001312, alpha_collapse=0.000000, reg_bce_ratio=0.0567 | Val: graph_entropy=0.000000, graph_diag=0.012000, graph_uniform=0.006735, graph_reg_scale=1.0000, prediction_l2=0.000000, personal_sparse=0.006371, alpha_var=-0.001205, alpha_collapse=0.000000, reg_bce_ratio=0.0476
2026-04-12 08:58:16,933 - INFO - [junyi|junyi_abce_best_full|lr=0.003|drop=0.40] [Diag][AE] Epoch [022] | irt_abs_mean=2.1851, irt_std=1.2870, personal_warmup_scale=1.00, graph_row_entropy=3.1853, graph_entropy_ratio=0.4856, alpha_mean=0.1750, alpha_std=0.1547, alpha_bias_std=0.0001, personal_row_entropy=3.1854, personal_matrix_delta=0.0000, personal_matrix_student_std=0.0000, personal_delta_pre_softmax_norm=0.0000, personal_delta_student_std=0.0000, alpha_head_std=0.1543
2026-04-12 08:58:16,933 - INFO - [junyi|junyi_abce_best_full|lr=0.003|drop=0.40] [Diag][Graph] Epoch [022] | entropy_ratio=0.4856, diag_mass=0.1000, to_uniform_l2=0.007744, to_identity_l2=0.034570, tau_mean=0.6931, tau_std=0.0000, graph_reg_scale(train/val)=1.0000/1.0000
2026-04-12 08:58:16,933 - WARNING - [junyi|junyi_abce_best_full|lr=0.003|drop=0.40] [Diag Warning][E] personal_delta_student_std is near zero: personal_delta_student_std=0.000000, personal_delta_pre_softmax_norm=0.000000
2026-04-12 08:58:16,933 - INFO - [junyi|junyi_abce_best_full|lr=0.003|drop=0.40] [Grad Norms] Epoch [022] | relation_emb=0.000000e+00, relation_tau=0.000000e+00, relation_wq=0.000000e+00, relation_wk=0.000000e+00, personal_u=0.000000e+00, personal_v=0.000000e+00, personal_alpha_bias=1.762544e-05, personal_gate_emb=0.000000e+00, personal_gate_student_proj=0.000000e+00, personal_gate_context_proj=0.000000e+00, personal_gate_student_direct=0.000000e+00, personal_gate_context_direct=7.729524e-04, personal_gate_out=0.000000e+00, personal_generator_emb=0.000000e+00, personal_generator_context_proj=0.000000e+00, personal_generator_context_hidden=0.000000e+00, personal_generator_context_to_u=0.000000e+00, personal_generator_context_to_v=0.000000e+00
2026-04-12 08:58:16,933 - INFO - [junyi|junyi_abce_best_full|lr=0.003|drop=0.40] -> No improvement 3 epoch(s) (best AUC=0.8231 @ 19)
2026-04-12 08:58:16,933 - INFO - [junyi|junyi_abce_best_full|lr=0.003|drop=0.40] Early stopping at epoch 22 (best AUC=0.8231 @ 19)
2026-04-12 08:58:16,938 - INFO - Epoch-wise metrics saved to checkpoints/abce_diag/ae_fix_20260412_fdafa52/junyi/seed42/best_full/metrics_history.csv
2026-04-12 08:58:16,939 - INFO - [junyi|junyi_abce_best_full|lr=0.003|drop=0.40] Training completed! Best Val AUC=0.8231 @ epoch 19
2026-04-12 08:58:17,221 - INFO - 
============================================================
         MODULE ACTIVITY REPORT
============================================================
Dataset: junyi | Seed: 42 | Epoch: 22

1. Concept Graph Module (A):
   - Mean row entropy: 3.185 / 6.560
   - Entropy ratio: 48.6%
   - Status: ACTIVE (learning meaningful structure)

2. Personal Graph Module (E):
   - Alpha mean: 0.175
   - Alpha std: 0.155
   - Alpha bias std: 0.000
   - Personal/global delta: 0.0000
   - Inter-student matrix std: 0.0000
   - Status: INACTIVE (personal graph barely deviates from global graph)
   -> Consider: strengthen personal delta or alpha anti-collapse regularization

------------------------------------------------------------
SUMMARY:
   Active modules: Concept Graph (A)
   Inactive modules: Personal Graph (E)
============================================================
2026-04-12 08:58:17,222 - INFO - [junyi|junyi_abce_best_full|lr=0.003|drop=0.40] Module activity saved to checkpoints/abce_diag/ae_fix_20260412_fdafa52/junyi/seed42/best_full/module_activity.json
2026-04-12 08:58:17,273 - INFO - Using device: cuda:0 (physical gpu 1)
2026-04-12 08:58:17,274 - INFO - Loading model from checkpoints/abce_diag/ae_fix_20260412_fdafa52/junyi/seed42/best_full/best_model.pth...
2026-04-12 08:58:17,418 - INFO - Inference switches: ablate_module1=False | enable_module1=True | use_concept_graph=True | effective(num_gnn_layers=2)
2026-04-12 08:58:17,534 - INFO - [Inference] Ablation runtime check: args(ablate_module1=False) | model(enable_module1=True) | physical(has_knowledge_encoder=True)
2026-04-12 08:58:17,535 - INFO - [Inference] [Graph Init] graph_tau_mean=1.0055, graph_tau_std=0.0000, graph_dropout=0.000, use_personal_graph=True
2026-04-12 08:58:17,537 - INFO - Model loaded from epoch 19. Start testing...
[GPU] Status: [GPU 1: 10609MiB free]
2026-04-12 08:58:28,311 - INFO - [Test] 200/262 batches done, samples=51200
2026-04-12 08:58:31,625 - INFO - 
==================================================
2026-04-12 08:58:31,625 - INFO - Test Results:
2026-04-12 08:58:31,625 - INFO - AUC: 0.8281
2026-04-12 08:58:31,625 - INFO - ACC: 0.7696
2026-04-12 08:58:31,625 - INFO - RMSE: 0.4025
2026-04-12 08:58:31,625 - INFO - ==================================================
2026-04-12 08:58:31,637 - INFO - Summary appended to /home/zsh/ConceptSkillCDM/results/experiment_results.csv
2026-04-12 08:58:31,640 - INFO - Run completed.
2026-04-12 08:58:31,641 - INFO - Best validation AUC: 0.8231 at epoch 19
2026-04-12 08:58:31,641 - INFO - Test metrics - AUC: 0.8281, ACC: 0.7696, RMSE: 0.4025
Run ID: ae_fix_20260412_fdafa52
Jobs: 6
Diagnosis CSV: results/abce_ablation_diagnosis.csv
Summary CSV:   results/abce_ablation_summary.csv
Mean CSV:      results/abce_ablation_summary_mean.csv
[PLAN] dataset=assist_09 seed=42 profile=best ablation=full gpu=1
       CMD: /home/zsh/anaconda3/envs/xph_env/bin/python main.py --dataset_name assist_09 --model_variant assist_09_abce_best_full --save_dir checkpoints/abce_diag/ae_fix_20260412_fdafa52/assist_09/seed42/best_full --log_dir logs/abce_diag/ae_fix_20260412_fdafa52/assist_09/seed42/best_full --seed 42 --generate_diagnosis False --batch_size 128 --debug_graph_diag --diag_batches 1 --dropout 0.2 --early_stop_patience 3 --epochs 100 --graph_dropout 0.0 --graph_entropy_max 0.8 --graph_entropy_min 0.15 --graph_identity_residual 0.2 --graph_reg_cap_ratio 6.0 --graph_reg_warmup_epochs 0 --graph_tau_init 0.55 --graph_topk 12 --graph_uniform_margin 0.1 --knowledge_dim 64 --lambda_alpha 0.05 --lambda_graph_diag 0.1 --lambda_graph_uniform 0.04 --lambda_sparse 1.0 --lambda_sparse_personal 0.002 --learning_rate 0.0003 --min_exer_interactions 0 --min_poison_count 0 --min_stu_interactions 15 --num_gnn_layers 1 --num_relation_heads 2 --num_workers 4 --patience 5 --prediction_l2_lambda 1e-05 --save_interval 10 --use_personal_graph --weight_decay 1e-05
[PLAN] dataset=assist_09 seed=42 profile=best ablation=no_A gpu=2
       CMD: /home/zsh/anaconda3/envs/xph_env/bin/python main.py --dataset_name assist_09 --model_variant assist_09_abce_best_no_A --save_dir checkpoints/abce_diag/ae_fix_20260412_fdafa52/assist_09/seed42/best_no_A --log_dir logs/abce_diag/ae_fix_20260412_fdafa52/assist_09/seed42/best_no_A --seed 42 --generate_diagnosis False --batch_size 128 --debug_graph_diag --diag_batches 1 --dropout 0.2 --early_stop_patience 3 --epochs 100 --graph_dropout 0.0 --graph_entropy_max 0.8 --graph_entropy_min 0.15 --graph_identity_residual 0.2 --graph_reg_cap_ratio 6.0 --graph_reg_warmup_epochs 0 --graph_tau_init 0.55 --graph_topk 12 --graph_uniform_margin 0.1 --knowledge_dim 64 --lambda_alpha 0.05 --lambda_graph_diag 0.1 --lambda_graph_uniform 0.04 --lambda_sparse 1.0 --lambda_sparse_personal 0.002 --learning_rate 0.0003 --min_exer_interactions 0 --min_poison_count 0 --min_stu_interactions 15 --num_gnn_layers 0 --num_relation_heads 2 --num_workers 4 --patience 5 --prediction_l2_lambda 1e-05 --save_interval 10 --use_personal_graph --weight_decay 1e-05 --ablate_concept_graph
[DONE] dataset=assist_09 seed=42 profile=best ablation=no_A exit=0 auc=0.767506896764298
[PLAN] dataset=assist_09 seed=42 profile=best ablation=no_E gpu=2
       CMD: /home/zsh/anaconda3/envs/xph_env/bin/python main.py --dataset_name assist_09 --model_variant assist_09_abce_best_no_E --save_dir checkpoints/abce_diag/ae_fix_20260412_fdafa52/assist_09/seed42/best_no_E --log_dir logs/abce_diag/ae_fix_20260412_fdafa52/assist_09/seed42/best_no_E --seed 42 --generate_diagnosis False --batch_size 128 --debug_graph_diag --diag_batches 1 --dropout 0.2 --early_stop_patience 3 --epochs 100 --graph_dropout 0.0 --graph_entropy_max 0.8 --graph_entropy_min 0.15 --graph_identity_residual 0.2 --graph_reg_cap_ratio 6.0 --graph_reg_warmup_epochs 0 --graph_tau_init 0.55 --graph_topk 12 --graph_uniform_margin 0.1 --knowledge_dim 64 --lambda_alpha 0.0 --lambda_graph_diag 0.1 --lambda_graph_uniform 0.04 --lambda_sparse 1.0 --lambda_sparse_personal 0.0 --learning_rate 0.0003 --min_exer_interactions 0 --min_poison_count 0 --min_stu_interactions 15 --num_gnn_layers 1 --num_relation_heads 2 --num_workers 4 --patience 5 --prediction_l2_lambda 1e-05 --save_interval 10 --weight_decay 1e-05
[DONE] dataset=assist_09 seed=42 profile=best ablation=full exit=0 auc=0.7630453781265434
[PLAN] dataset=junyi seed=42 profile=best ablation=full gpu=1
       CMD: /home/zsh/anaconda3/envs/xph_env/bin/python main.py --dataset_name junyi --model_variant junyi_abce_best_full --save_dir checkpoints/abce_diag/ae_fix_20260412_fdafa52/junyi/seed42/best_full --log_dir logs/abce_diag/ae_fix_20260412_fdafa52/junyi/seed42/best_full --seed 42 --generate_diagnosis False --batch_size 256 --debug_graph_diag --diag_batches 1 --dropout 0.4 --early_stop_patience 3 --epochs 100 --graph_dropout 0.0 --graph_entropy_max 0.7 --graph_entropy_min 0.15 --graph_identity_residual 0.1 --graph_reg_cap_ratio 6.0 --graph_reg_warmup_epochs 0 --graph_tau_init 0.55 --graph_topk 24 --graph_uniform_margin 0.12 --knowledge_dim 128 --lambda_alpha 0.05 --lambda_graph_diag 0.12 --lambda_graph_uniform 0.06 --lambda_sparse 0.6 --lambda_sparse_personal 0.002 --learning_rate 0.003 --min_exer_interactions 0 --min_poison_count 0 --min_stu_interactions 15 --num_gnn_layers 2 --num_relation_heads 2 --num_workers 4 --patience 1 --prediction_l2_lambda 1e-05 --save_interval 10 --use_personal_graph --weight_decay 0.001
[DONE] dataset=assist_09 seed=42 profile=best ablation=no_E exit=0 auc=0.7561438012763377
[PLAN] dataset=junyi seed=42 profile=best ablation=no_A gpu=2
       CMD: /home/zsh/anaconda3/envs/xph_env/bin/python main.py --dataset_name junyi --model_variant junyi_abce_best_no_A --save_dir checkpoints/abce_diag/ae_fix_20260412_fdafa52/junyi/seed42/best_no_A --log_dir logs/abce_diag/ae_fix_20260412_fdafa52/junyi/seed42/best_no_A --seed 42 --generate_diagnosis False --batch_size 256 --debug_graph_diag --diag_batches 1 --dropout 0.4 --early_stop_patience 3 --epochs 100 --graph_dropout 0.0 --graph_entropy_max 0.7 --graph_entropy_min 0.15 --graph_identity_residual 0.1 --graph_reg_cap_ratio 6.0 --graph_reg_warmup_epochs 0 --graph_tau_init 0.55 --graph_topk 24 --graph_uniform_margin 0.12 --knowledge_dim 128 --lambda_alpha 0.05 --lambda_graph_diag 0.12 --lambda_graph_uniform 0.06 --lambda_sparse 0.6 --lambda_sparse_personal 0.002 --learning_rate 0.003 --min_exer_interactions 0 --min_poison_count 0 --min_stu_interactions 15 --num_gnn_layers 0 --num_relation_heads 2 --num_workers 4 --patience 1 --prediction_l2_lambda 1e-05 --save_interval 10 --use_personal_graph --weight_decay 0.001 --ablate_concept_graph
[DONE] dataset=junyi seed=42 profile=best ablation=no_A exit=0 auc=0.8028822601842238
[PLAN] dataset=junyi seed=42 profile=best ablation=no_E gpu=2
       CMD: /home/zsh/anaconda3/envs/xph_env/bin/python main.py --dataset_name junyi --model_variant junyi_abce_best_no_E --save_dir checkpoints/abce_diag/ae_fix_20260412_fdafa52/junyi/seed42/best_no_E --log_dir logs/abce_diag/ae_fix_20260412_fdafa52/junyi/seed42/best_no_E --seed 42 --generate_diagnosis False --batch_size 256 --debug_graph_diag --diag_batches 1 --dropout 0.4 --early_stop_patience 3 --epochs 100 --graph_dropout 0.0 --graph_entropy_max 0.7 --graph_entropy_min 0.15 --graph_identity_residual 0.1 --graph_reg_cap_ratio 6.0 --graph_reg_warmup_epochs 0 --graph_tau_init 0.55 --graph_topk 24 --graph_uniform_margin 0.12 --knowledge_dim 128 --lambda_alpha 0.0 --lambda_graph_diag 0.12 --lambda_graph_uniform 0.06 --lambda_sparse 0.6 --lambda_sparse_personal 0.0 --learning_rate 0.003 --min_exer_interactions 0 --min_poison_count 0 --min_stu_interactions 15 --num_gnn_layers 2 --num_relation_heads 2 --num_workers 4 --patience 1 --prediction_l2_lambda 1e-05 --save_interval 10 --weight_decay 0.001
[DONE] dataset=junyi seed=42 profile=best ablation=no_E exit=0 auc=0.8136662359205499
[DONE] dataset=junyi seed=42 profile=best ablation=full exit=0 auc=0.8280896891386142
[SUMMARY] rows=6, summary_rows=2, mean_rows=2
[SUMMARY] dataset=assist_09 seed=42 profile=best dA=-0.004461518637754569 dE=0.0069015768502056485 keep=E reason=personal-matrix-delta-low;personal-matrix-student-flat;personal-delta-norm-low;personal-delta-student-flat
[SUMMARY] dataset=junyi seed=42 profile=best dA=0.025207428954390432 dE=0.014423453218064375 keep=A,E reason=personal-matrix-delta-low;personal-matrix-student-flat;personal-delta-norm-low;personal-delta-student-flat
