2026-04-17 08:48:48,607 - INFO - Arguments:
2026-04-17 08:48:48,607 - INFO -   ablate_concept_graph: False
2026-04-17 08:48:48,607 - INFO -   ablate_module1: False
2026-04-17 08:48:48,607 - INFO -   allow_self_loop: True
2026-04-17 08:48:48,607 - INFO -   alpha_min_target: 0.05
2026-04-17 08:48:48,607 - INFO -   batch_size: 128
2026-04-17 08:48:48,607 - INFO -   data_dir: ./data/assist_09
2026-04-17 08:48:48,607 - INFO -   dataset_name: assist_09
2026-04-17 08:48:48,607 - INFO -   debug_graph_diag: True
2026-04-17 08:48:48,607 - INFO -   diag_batches: 1
2026-04-17 08:48:48,607 - INFO -   disable_self_loop: False
2026-04-17 08:48:48,607 - INFO -   dropout: 0.2
2026-04-17 08:48:48,607 - INFO -   early_stop_patience: 3
2026-04-17 08:48:48,607 - INFO -   enable_module1: True
2026-04-17 08:48:48,607 - INFO -   epochs: 100
2026-04-17 08:48:48,607 - INFO -   generate_diagnosis: True
2026-04-17 08:48:48,607 - INFO -   gnn_residual_weight: 0.5
2026-04-17 08:48:48,607 - INFO -   gpu_candidates: None
2026-04-17 08:48:48,608 - INFO -   gpu_ids: None
2026-04-17 08:48:48,608 - INFO -   gpu_memory_threshold: 2000
2026-04-17 08:48:48,608 - INFO -   gpus: None
2026-04-17 08:48:48,608 - INFO -   graph_dropout: 0.0
2026-04-17 08:48:48,608 - INFO -   graph_entropy_max: 0.75
2026-04-17 08:48:48,608 - INFO -   graph_entropy_min: 0.25
2026-04-17 08:48:48,608 - INFO -   graph_identity_residual: 0.05
2026-04-17 08:48:48,608 - INFO -   graph_propagation_alpha: 0.24
2026-04-17 08:48:48,608 - INFO -   graph_query_readout_2hop_scale: 0.24
2026-04-17 08:48:48,608 - INFO -   graph_query_readout_scale: 0.7
2026-04-17 08:48:48,608 - INFO -   graph_query_writeback_2hop_scale: 0.24
2026-04-17 08:48:48,608 - INFO -   graph_query_writeback_scale: 0.7
2026-04-17 08:48:48,608 - INFO -   graph_readout_1hop_scale: 0.7
2026-04-17 08:48:48,608 - INFO -   graph_readout_2hop_scale: 0.24
2026-04-17 08:48:48,608 - INFO -   graph_reg_cap_ratio: 6.0
2026-04-17 08:48:48,608 - INFO -   graph_reg_warmup_epochs: 4
2026-04-17 08:48:48,608 - INFO -   graph_tau_init: 0.55
2026-04-17 08:48:48,608 - INFO -   graph_topk: 12
2026-04-17 08:48:48,608 - INFO -   graph_uniform_margin: 0.1
2026-04-17 08:48:48,608 - INFO -   knowledge_dim: 64
2026-04-17 08:48:48,608 - INFO -   lambda_alpha: 0.0
2026-04-17 08:48:48,608 - INFO -   lambda_alpha_min: 0.08
2026-04-17 08:48:48,608 - INFO -   lambda_graph_diag: 0.1
2026-04-17 08:48:48,608 - INFO -   lambda_graph_uniform: 0.04
2026-04-17 08:48:48,608 - INFO -   lambda_personal_kl: 0.04
2026-04-17 08:48:48,608 - INFO -   lambda_personal_query_residual: 0.08
2026-04-17 08:48:48,608 - INFO -   lambda_sparse: 0.8
2026-04-17 08:48:48,608 - INFO -   lambda_sparse_personal: 0.0005
2026-04-17 08:48:48,608 - INFO -   learning_rate: 0.0003
2026-04-17 08:48:48,608 - INFO -   log_dir: logs/abce_diag/remote_trust_diag_20260417_709083f/assist_09/seed42/best_full
2026-04-17 08:48:48,608 - INFO -   max_test_batches: None
2026-04-17 08:48:48,608 - INFO -   max_train_batches: None
2026-04-17 08:48:48,608 - INFO -   max_val_batches: None
2026-04-17 08:48:48,608 - INFO -   min_exer_interactions: 0
2026-04-17 08:48:48,608 - INFO -   min_poison_count: 0
2026-04-17 08:48:48,608 - INFO -   min_stu_interactions: 15
2026-04-17 08:48:48,608 - INFO -   model_variant: assist_09_abce_best_full
2026-04-17 08:48:48,608 - INFO -   multi_gpu: False
2026-04-17 08:48:48,608 - INFO -   no_cuda: False
2026-04-17 08:48:48,608 - INFO -   num_gnn_layers: 2
2026-04-17 08:48:48,608 - INFO -   num_gpus: 1
2026-04-17 08:48:48,608 - INFO -   num_relation_heads: 2
2026-04-17 08:48:48,608 - INFO -   num_workers: 4
2026-04-17 08:48:48,608 - INFO -   patience: 5
2026-04-17 08:48:48,609 - INFO -   personal_alpha_base_init: 0.05
2026-04-17 08:48:48,609 - INFO -   personal_alpha_bias_scale: 0.0
2026-04-17 08:48:48,609 - INFO -   personal_alpha_budget: 0.1
2026-04-17 08:48:48,609 - INFO -   personal_alpha_temperature: 2.2
2026-04-17 08:48:48,609 - INFO -   personal_delta_scale: 4.0
2026-04-17 08:48:48,609 - INFO -   personal_disable_student_global_context: True
2026-04-17 08:48:48,609 - INFO -   personal_id_lr_mult: 0.5
2026-04-17 08:48:48,609 - INFO -   personal_include_neighbor_rows: False
2026-04-17 08:48:48,609 - INFO -   personal_local_hops: 1
2026-04-17 08:48:48,609 - INFO -   personal_max_alpha: 0.28
2026-04-17 08:48:48,609 - INFO -   personal_neighbor_row_budget: 0.35
2026-04-17 08:48:48,609 - INFO -   personal_query_correction_max_ratio: 0.15
2026-04-17 08:48:48,609 - INFO -   personal_query_correction_min_graph_anchor: 0.02
2026-04-17 08:48:48,609 - INFO -   personal_query_correction_scale: 0.08
2026-04-17 08:48:48,609 - INFO -   personal_query_residual_margin: 0.08
2026-04-17 08:48:48,609 - INFO -   personal_query_row_budget: 1.0
2026-04-17 08:48:48,609 - INFO -   personal_rank: 8
2026-04-17 08:48:48,609 - INFO -   personal_reg_warmup_epochs: 8
2026-04-17 08:48:48,609 - INFO -   personal_state_lr_mult: 1.0
2026-04-17 08:48:48,609 - INFO -   personal_student_dim: 32
2026-04-17 08:48:48,609 - INFO -   personal_support_only: True
2026-04-17 08:48:48,609 - INFO -   personal_warmup_epochs: 8
2026-04-17 08:48:48,609 - INFO -   prediction_l2_lambda: 1e-05
2026-04-17 08:48:48,609 - INFO -   save_dir: checkpoints/abce_diag/remote_trust_diag_20260417_709083f/assist_09/seed42/best_full
2026-04-17 08:48:48,609 - INFO -   save_interval: 10
2026-04-17 08:48:48,609 - INFO -   seed: 42
2026-04-17 08:48:48,609 - INFO -   share_concept_embeddings: True
2026-04-17 08:48:48,609 - INFO -   use_concept_graph: True
2026-04-17 08:48:48,609 - INFO -   use_exercise_graph: True
2026-04-17 08:48:48,609 - INFO -   use_personal_graph: True
2026-04-17 08:48:48,609 - INFO -   weight_decay: 1e-05
2026-04-17 08:48:48,689 - INFO - Using device: cuda:0 (physical gpu 2)
2026-04-17 08:48:48,689 - INFO - [assist_09|assist_09_abce_best_full|lr=0.0003|drop=0.20] Loading datasets...
2026-04-17 08:48:48,689 - INFO - [assist_09|assist_09_abce_best_full|lr=0.0003|drop=0.20] Regularization: graph_entropy(lambda_sparse)=0.800000, graph_diag=0.100000, graph_uniform=0.040000, personal_sparse=0.000500, personal_kl=0.040000, personal_query_residual=0.080000, alpha_penalty=0.000000, alpha_min=0.080000, prediction_l2=0.000010
2026-04-17 08:48:48,689 - INFO - [assist_09|assist_09_abce_best_full|lr=0.0003|drop=0.20] Graph controls: entropy_band=[0.25, 0.75], uniform_margin=0.10, warmup_epochs=4, cap_ratio=6.00, graph_dropout=0.000, graph_tau_init=0.550
2026-04-17 08:48:48,690 - INFO - [assist_09|assist_09_abce_best_full|lr=0.0003|drop=0.20] Personal controls: personal_max_alpha=0.280, personal_delta_scale=4.000, personal_warmup_epochs=8, personal_student_dim=32, alpha_min_target=0.0500, personal_local_hops=1, include_neighbor_rows=False, personal_support_only=True, personal_alpha_temperature=2.200, personal_alpha_budget=0.100, personal_query_row_budget=1.000, personal_neighbor_row_budget=0.350, personal_query_correction_scale=0.080, personal_state_lr_mult=1.000, personal_id_lr_mult=0.500, graph_propagation_alpha=0.240, graph_query_readout_scale=0.700, graph_query_readout_2hop_scale=0.240
2026-04-17 08:48:48,764 - INFO - [assist_09] [数据清洗] 学生交互次数 < 15 次的学生：共移除 313 个学生（仅统计用户数）
2026-04-17 08:48:48,775 - INFO - [assist_09] [数据清洗] 学生冷启动过滤：在 train/valid/test 中共删除 5118 条记录。
2026-04-17 08:48:48,776 - INFO - [assist_09] [数据清洗] 跳过题目冷门过滤（min_exer_interactions <= 0）。
2026-04-17 08:48:48,776 - INFO - [assist_09] [数据清洗] 跳过毒题清洗（min_poison_count <= 0）。
2026-04-17 08:48:48,776 - INFO - [assist_09] 正在构建ID映射...
2026-04-17 08:48:48,942 - INFO - Arguments:
2026-04-17 08:48:48,943 - INFO -   ablate_concept_graph: True
2026-04-17 08:48:48,943 - INFO -   ablate_module1: False
2026-04-17 08:48:48,943 - INFO -   allow_self_loop: True
2026-04-17 08:48:48,943 - INFO -   alpha_min_target: 0.05
2026-04-17 08:48:48,944 - INFO -   batch_size: 128
2026-04-17 08:48:48,944 - INFO -   data_dir: ./data/assist_09
2026-04-17 08:48:48,944 - INFO -   dataset_name: assist_09
2026-04-17 08:48:48,944 - INFO -   debug_graph_diag: True
2026-04-17 08:48:48,944 - INFO -   diag_batches: 1
2026-04-17 08:48:48,944 - INFO -   disable_self_loop: False
2026-04-17 08:48:48,944 - INFO -   dropout: 0.2
2026-04-17 08:48:48,944 - INFO -   early_stop_patience: 3
2026-04-17 08:48:48,944 - INFO -   enable_module1: True
2026-04-17 08:48:48,944 - INFO -   epochs: 100
2026-04-17 08:48:48,944 - INFO -   generate_diagnosis: True
2026-04-17 08:48:48,944 - INFO -   gnn_residual_weight: 0.5
2026-04-17 08:48:48,944 - INFO -   gpu_candidates: None
2026-04-17 08:48:48,944 - INFO -   gpu_ids: None
2026-04-17 08:48:48,944 - INFO -   gpu_memory_threshold: 2000
2026-04-17 08:48:48,944 - INFO -   gpus: None
2026-04-17 08:48:48,944 - INFO -   graph_dropout: 0.0
2026-04-17 08:48:48,944 - INFO -   graph_entropy_max: 0.75
2026-04-17 08:48:48,944 - INFO -   graph_entropy_min: 0.25
2026-04-17 08:48:48,944 - INFO -   graph_identity_residual: 0.05
2026-04-17 08:48:48,945 - INFO -   graph_propagation_alpha: 0.24
2026-04-17 08:48:48,945 - INFO -   graph_query_readout_2hop_scale: 0.24
2026-04-17 08:48:48,945 - INFO -   graph_query_readout_scale: 0.7
2026-04-17 08:48:48,945 - INFO -   graph_query_writeback_2hop_scale: 0.24
2026-04-17 08:48:48,945 - INFO -   graph_query_writeback_scale: 0.7
2026-04-17 08:48:48,945 - INFO -   graph_readout_1hop_scale: 0.7
2026-04-17 08:48:48,945 - INFO -   graph_readout_2hop_scale: 0.24
2026-04-17 08:48:48,945 - INFO -   graph_reg_cap_ratio: 6.0
2026-04-17 08:48:48,945 - INFO -   graph_reg_warmup_epochs: 4
2026-04-17 08:48:48,945 - INFO -   graph_tau_init: 0.55
2026-04-17 08:48:48,945 - INFO -   graph_topk: 12
2026-04-17 08:48:48,945 - INFO -   graph_uniform_margin: 0.1
2026-04-17 08:48:48,945 - INFO -   knowledge_dim: 64
2026-04-17 08:48:48,945 - INFO -   lambda_alpha: 0.0
2026-04-17 08:48:48,945 - INFO -   lambda_alpha_min: 0.08
2026-04-17 08:48:48,945 - INFO -   lambda_graph_diag: 0.1
2026-04-17 08:48:48,945 - INFO -   lambda_graph_uniform: 0.04
2026-04-17 08:48:48,945 - INFO -   lambda_personal_kl: 0.04
2026-04-17 08:48:48,945 - INFO -   lambda_personal_query_residual: 0.08
2026-04-17 08:48:48,945 - INFO -   lambda_sparse: 0.8
2026-04-17 08:48:48,945 - INFO -   lambda_sparse_personal: 0.0005
2026-04-17 08:48:48,946 - INFO -   learning_rate: 0.0003
2026-04-17 08:48:48,946 - INFO -   log_dir: logs/abce_diag/remote_trust_diag_20260417_709083f/assist_09/seed42/best_no_A
2026-04-17 08:48:48,946 - INFO -   max_test_batches: None
2026-04-17 08:48:48,946 - INFO -   max_train_batches: None
2026-04-17 08:48:48,946 - INFO -   max_val_batches: None
2026-04-17 08:48:48,946 - INFO -   min_exer_interactions: 0
2026-04-17 08:48:48,946 - INFO -   min_poison_count: 0
2026-04-17 08:48:48,946 - INFO -   min_stu_interactions: 15
2026-04-17 08:48:48,946 - INFO -   model_variant: assist_09_abce_best_no_A
2026-04-17 08:48:48,946 - INFO -   multi_gpu: False
2026-04-17 08:48:48,946 - INFO -   no_cuda: False
2026-04-17 08:48:48,946 - INFO -   num_gnn_layers: 2
2026-04-17 08:48:48,946 - INFO -   num_gpus: 1
2026-04-17 08:48:48,946 - INFO -   num_relation_heads: 2
2026-04-17 08:48:48,946 - INFO -   num_workers: 4
2026-04-17 08:48:48,946 - INFO -   patience: 5
2026-04-17 08:48:48,946 - INFO -   personal_alpha_base_init: 0.05
2026-04-17 08:48:48,946 - INFO -   personal_alpha_bias_scale: 0.0
2026-04-17 08:48:48,946 - INFO -   personal_alpha_budget: 0.1
2026-04-17 08:48:48,946 - INFO -   personal_alpha_temperature: 2.2
2026-04-17 08:48:48,947 - INFO -   personal_delta_scale: 4.0
2026-04-17 08:48:48,947 - INFO -   personal_disable_student_global_context: True
2026-04-17 08:48:48,947 - INFO -   personal_id_lr_mult: 0.5
2026-04-17 08:48:48,947 - INFO -   personal_include_neighbor_rows: False
2026-04-17 08:48:48,947 - INFO -   personal_local_hops: 1
2026-04-17 08:48:48,947 - INFO -   personal_max_alpha: 0.28
2026-04-17 08:48:48,947 - INFO -   personal_neighbor_row_budget: 0.35
2026-04-17 08:48:48,947 - INFO -   personal_query_correction_max_ratio: 0.15
2026-04-17 08:48:48,947 - INFO -   personal_query_correction_min_graph_anchor: 0.02
2026-04-17 08:48:48,947 - INFO -   personal_query_correction_scale: 0.08
2026-04-17 08:48:48,947 - INFO -   personal_query_residual_margin: 0.08
2026-04-17 08:48:48,947 - INFO -   personal_query_row_budget: 1.0
2026-04-17 08:48:48,947 - INFO -   personal_rank: 8
2026-04-17 08:48:48,947 - INFO -   personal_reg_warmup_epochs: 8
2026-04-17 08:48:48,947 - INFO -   personal_state_lr_mult: 1.0
2026-04-17 08:48:48,947 - INFO -   personal_student_dim: 32
2026-04-17 08:48:48,947 - INFO -   personal_support_only: True
2026-04-17 08:48:48,947 - INFO -   personal_warmup_epochs: 8
2026-04-17 08:48:48,947 - INFO -   prediction_l2_lambda: 1e-05
2026-04-17 08:48:48,947 - INFO -   save_dir: checkpoints/abce_diag/remote_trust_diag_20260417_709083f/assist_09/seed42/best_no_A
2026-04-17 08:48:48,947 - INFO -   save_interval: 10
2026-04-17 08:48:48,948 - INFO -   seed: 42
2026-04-17 08:48:48,948 - INFO -   share_concept_embeddings: True
2026-04-17 08:48:48,948 - INFO -   use_concept_graph: False
2026-04-17 08:48:48,948 - INFO -   use_exercise_graph: False
2026-04-17 08:48:48,948 - INFO -   use_personal_graph: True
2026-04-17 08:48:48,948 - INFO -   weight_decay: 1e-05
2026-04-17 08:48:48,970 - INFO - [assist_09] 正在构建Q矩阵...
2026-04-17 08:48:49,034 - INFO - Using device: cuda:0 (physical gpu 3)
2026-04-17 08:48:49,034 - INFO - [assist_09|assist_09_abce_best_no_A|lr=0.0003|drop=0.20] Loading datasets...
2026-04-17 08:48:49,034 - INFO - [assist_09|assist_09_abce_best_no_A|lr=0.0003|drop=0.20] Regularization: graph_entropy(lambda_sparse)=0.800000, graph_diag=0.100000, graph_uniform=0.040000, personal_sparse=0.000500, personal_kl=0.040000, personal_query_residual=0.080000, alpha_penalty=0.000000, alpha_min=0.080000, prediction_l2=0.000010
2026-04-17 08:48:49,034 - INFO - [assist_09|assist_09_abce_best_no_A|lr=0.0003|drop=0.20] Graph controls: entropy_band=[0.25, 0.75], uniform_margin=0.10, warmup_epochs=4, cap_ratio=6.00, graph_dropout=0.000, graph_tau_init=0.550
2026-04-17 08:48:49,034 - INFO - [assist_09|assist_09_abce_best_no_A|lr=0.0003|drop=0.20] Personal controls: personal_max_alpha=0.280, personal_delta_scale=4.000, personal_warmup_epochs=8, personal_student_dim=32, alpha_min_target=0.0500, personal_local_hops=1, include_neighbor_rows=False, personal_support_only=True, personal_alpha_temperature=2.200, personal_alpha_budget=0.100, personal_query_row_budget=1.000, personal_neighbor_row_budget=0.350, personal_query_correction_scale=0.080, personal_state_lr_mult=1.000, personal_id_lr_mult=0.500, graph_propagation_alpha=0.240, graph_query_readout_scale=0.700, graph_query_readout_2hop_scale=0.240
2026-04-17 08:48:49,129 - INFO - [assist_09] [数据清洗] 学生交互次数 < 15 次的学生：共移除 313 个学生（仅统计用户数）
2026-04-17 08:48:49,143 - INFO - [assist_09] [数据清洗] 学生冷启动过滤：在 train/valid/test 中共删除 5118 条记录。
2026-04-17 08:48:49,143 - INFO - [assist_09] [数据清洗] 跳过题目冷门过滤（min_exer_interactions <= 0）。
2026-04-17 08:48:49,143 - INFO - [assist_09] [数据清洗] 跳过毒题清洗（min_poison_count <= 0）。
2026-04-17 08:48:49,143 - INFO - [assist_09] 正在构建ID映射...
2026-04-17 08:48:49,400 - INFO - [assist_09] 正在构建Q矩阵...
2026-04-17 08:48:55,405 - INFO - [assist_09] [数据清洗] Valid train-seen 过滤：before=20072, after=19875, dropped=197, coverage=99.02%
2026-04-17 08:48:55,414 - INFO - [assist_09] [数据清洗] Test train-seen 过滤：before=51610, after=51090, dropped=520, coverage=98.99%
2026-04-17 08:48:55,414 - INFO - [assist_09] [统计] 开始统计清洗后每道题的概念数量分布...
2026-04-17 08:48:55,421 - INFO - [assist_09] [Train] 概念数统计：题目数=17057, 平均概念数=1.1995, min=1, max=4, 1概念=14129 (82.83%), ≥2概念=2928 (17.17%)
2026-04-17 08:48:55,421 - INFO - [assist_09] [Train] 概念数直方图（概念数: 题目数量）: {1: 14129, 2: 2533, 3: 315, 4: 80}
2026-04-17 08:48:55,424 - INFO - [assist_09] [Valid] 概念数统计：题目数=9034, 平均概念数=1.1996, min=1, max=4, 1概念=7500 (83.02%), ≥2概念=1534 (16.98%)
2026-04-17 08:48:55,424 - INFO - [assist_09] [Valid] 概念数直方图（概念数: 题目数量）: {1: 7500, 2: 1314, 3: 171, 4: 49}
2026-04-17 08:48:55,427 - INFO - [assist_09] [Test] 概念数统计：题目数=12825, 平均概念数=1.1994, min=1, max=4, 1概念=10661 (83.13%), ≥2概念=2164 (16.87%)
2026-04-17 08:48:55,427 - INFO - [assist_09] [Test] 概念数直方图（概念数: 题目数量）: {1: 10661, 2: 1836, 3: 263, 4: 65}
2026-04-17 08:48:55,427 - INFO - [assist_09] [统计] 概念数量统计完成。
2026-04-17 08:48:55,427 - INFO - [assist_09] 正在加载数据集...
2026-04-17 08:48:55,503 - INFO - [assist_09|assist_09_abce_best_full|lr=0.0003|drop=0.20] Train samples: 190623, Val samples: 19875
2026-04-17 08:48:55,503 - INFO - [assist_09|assist_09_abce_best_full|lr=0.0003|drop=0.20] Number of students: 2180
2026-04-17 08:48:55,503 - INFO - [assist_09|assist_09_abce_best_full|lr=0.0003|drop=0.20] Number of exercises: 17057
2026-04-17 08:48:55,503 - INFO - [assist_09|assist_09_abce_best_full|lr=0.0003|drop=0.20] Number of concepts: 123
2026-04-17 08:48:55,503 - INFO - [assist_09|assist_09_abce_best_full|lr=0.0003|drop=0.20] Creating model...
2026-04-17 08:48:55,503 - INFO - [assist_09|assist_09_abce_best_full|lr=0.0003|drop=0.20] Ablation switches: ablate_module1=False | enable_module1=True | use_concept_graph=True | effective(num_gnn_layers=2)
2026-04-17 08:48:55,630 - INFO - [assist_09|assist_09_abce_best_full|lr=0.0003|drop=0.20] Ablation runtime check: args(ablate_module1=False) | expect(use_concept_graph=True,use_personal_graph=True) | model(enable_module1=True,use_concept_graph=True,use_personal_graph=True) | physical(has_knowledge_encoder=True,has_relation_learning=True,has_adaptive_gate=True,has_personal_generator=True)
2026-04-17 08:48:55,630 - INFO - [assist_09|assist_09_abce_best_full|lr=0.0003|drop=0.20] Debug diagnostics enabled: diag_batches=1
2026-04-17 08:48:55,651 - INFO - [assist_09|assist_09_abce_best_full|lr=0.0003|drop=0.20] [Graph Init] graph_tau_mean=1.0055, graph_tau_std=0.0000, graph_dropout=0.000, use_personal_graph=True
2026-04-17 08:48:55,652 - INFO - [assist_09|assist_09_abce_best_full|lr=0.0003|drop=0.20] Total parameters: 934,557
2026-04-17 08:48:55,652 - INFO - [assist_09|assist_09_abce_best_full|lr=0.0003|drop=0.20] Trainable parameters: 934,557
2026-04-17 08:48:55,795 - INFO - [assist_09] [数据清洗] Valid train-seen 过滤：before=20072, after=19875, dropped=197, coverage=99.02%
2026-04-17 08:48:55,801 - INFO - [assist_09] [数据清洗] Test train-seen 过滤：before=51610, after=51090, dropped=520, coverage=98.99%
2026-04-17 08:48:55,802 - INFO - [assist_09] [统计] 开始统计清洗后每道题的概念数量分布...
2026-04-17 08:48:55,808 - INFO - [assist_09] [Train] 概念数统计：题目数=17057, 平均概念数=1.1995, min=1, max=4, 1概念=14129 (82.83%), ≥2概念=2928 (17.17%)
2026-04-17 08:48:55,808 - INFO - [assist_09] [Train] 概念数直方图（概念数: 题目数量）: {1: 14129, 2: 2533, 3: 315, 4: 80}
2026-04-17 08:48:55,811 - INFO - [assist_09] [Valid] 概念数统计：题目数=9034, 平均概念数=1.1996, min=1, max=4, 1概念=7500 (83.02%), ≥2概念=1534 (16.98%)
2026-04-17 08:48:55,811 - INFO - [assist_09] [Valid] 概念数直方图（概念数: 题目数量）: {1: 7500, 2: 1314, 3: 171, 4: 49}
2026-04-17 08:48:55,815 - INFO - [assist_09] [Test] 概念数统计：题目数=12825, 平均概念数=1.1994, min=1, max=4, 1概念=10661 (83.13%), ≥2概念=2164 (16.87%)
2026-04-17 08:48:55,815 - INFO - [assist_09] [Test] 概念数直方图（概念数: 题目数量）: {1: 10661, 2: 1836, 3: 263, 4: 65}
2026-04-17 08:48:55,815 - INFO - [assist_09] [统计] 概念数量统计完成。
2026-04-17 08:48:55,815 - INFO - [assist_09] 正在加载数据集...
2026-04-17 08:48:55,890 - INFO - [assist_09|assist_09_abce_best_no_A|lr=0.0003|drop=0.20] Train samples: 190623, Val samples: 19875
2026-04-17 08:48:55,890 - INFO - [assist_09|assist_09_abce_best_no_A|lr=0.0003|drop=0.20] Number of students: 2180
2026-04-17 08:48:55,890 - INFO - [assist_09|assist_09_abce_best_no_A|lr=0.0003|drop=0.20] Number of exercises: 17057
2026-04-17 08:48:55,890 - INFO - [assist_09|assist_09_abce_best_no_A|lr=0.0003|drop=0.20] Number of concepts: 123
2026-04-17 08:48:55,890 - INFO - [assist_09|assist_09_abce_best_no_A|lr=0.0003|drop=0.20] Creating model...
2026-04-17 08:48:55,890 - INFO - [assist_09|assist_09_abce_best_no_A|lr=0.0003|drop=0.20] Ablation switches: ablate_module1=False | enable_module1=True | use_concept_graph=False | effective(num_gnn_layers=2)
2026-04-17 08:48:56,020 - INFO - [assist_09|assist_09_abce_best_no_A|lr=0.0003|drop=0.20] Ablation runtime check: args(ablate_module1=False) | expect(use_concept_graph=False,use_personal_graph=True) | model(enable_module1=True,use_concept_graph=False,use_personal_graph=True) | physical(has_knowledge_encoder=True,has_relation_learning=False,has_adaptive_gate=True,has_personal_generator=True)
2026-04-17 08:48:56,020 - INFO - [assist_09|assist_09_abce_best_no_A|lr=0.0003|drop=0.20] Debug diagnostics enabled: diag_batches=1
2026-04-17 08:48:56,020 - INFO - [assist_09|assist_09_abce_best_no_A|lr=0.0003|drop=0.20] [Graph Init] graph_tau_mean=0.0000, graph_tau_std=0.0000, graph_dropout=0.000, use_personal_graph=True
2026-04-17 08:48:56,020 - INFO - [assist_09|assist_09_abce_best_no_A|lr=0.0003|drop=0.20] Total parameters: 910,297
2026-04-17 08:48:56,020 - INFO - [assist_09|assist_09_abce_best_no_A|lr=0.0003|drop=0.20] Trainable parameters: 910,297
2026-04-17 08:48:56,595 - INFO - [assist_09|assist_09_abce_best_full|lr=0.0003|drop=0.20] Optimizer param groups: backbone@lr=0.0003, personal_state@lr=0.0003, personal_id@lr=0.00015
2026-04-17 08:48:56,595 - INFO - [assist_09|assist_09_abce_best_full|lr=0.0003|drop=0.20] Monitor config: scheduler=val_auc(max), best_checkpoint=val_auc(max), early_stop=val_auc(max)
2026-04-17 08:48:56,595 - INFO - [assist_09|assist_09_abce_best_full|lr=0.0003|drop=0.20] Starting training...
[GPU] Status: [GPU 2: 24088MiB free]
2026-04-17 08:48:56,996 - INFO - [assist_09|assist_09_abce_best_no_A|lr=0.0003|drop=0.20] Optimizer param groups: backbone@lr=0.0003, personal_state@lr=0.0003, personal_id@lr=0.00015
2026-04-17 08:48:56,996 - INFO - [assist_09|assist_09_abce_best_no_A|lr=0.0003|drop=0.20] Monitor config: scheduler=val_auc(max), best_checkpoint=val_auc(max), early_stop=val_auc(max)
2026-04-17 08:48:56,996 - INFO - [assist_09|assist_09_abce_best_no_A|lr=0.0003|drop=0.20] Starting training...
[GPU] Status: [GPU 3: 24088MiB free]
2026-04-17 08:48:57,559 - ERROR - Run failed with exception: nonfinite_alpha at train epoch=1 batch=1
2026-04-17 08:48:57,559 - ERROR - Traceback (most recent call last):
  File "/home/zsh/ConceptSkillCDM/main.py", line 452, in main
    best_val_auc, best_epoch = train_one_experiment(args, logger)
  File "/home/zsh/ConceptSkillCDM/src/trainer.py", line 1620, in train_one_experiment
    train_metrics = train_epoch(
  File "/home/zsh/ConceptSkillCDM/src/trainer.py", line 1212, in train_epoch
    _raise_if_nonfinite(
  File "/home/zsh/ConceptSkillCDM/src/trainer.py", line 304, in _raise_if_nonfinite
    raise NonFiniteTrainingError(
src.trainer.NonFiniteTrainingError: nonfinite_alpha at train epoch=1 batch=1

2026-04-17 08:49:08,654 - INFO - Arguments:
2026-04-17 08:49:08,655 - INFO -   ablate_concept_graph: False
2026-04-17 08:49:08,655 - INFO -   ablate_module1: False
2026-04-17 08:49:08,655 - INFO -   allow_self_loop: True
2026-04-17 08:49:08,655 - INFO -   alpha_min_target: 0.0
2026-04-17 08:49:08,655 - INFO -   batch_size: 128
2026-04-17 08:49:08,655 - INFO -   data_dir: ./data/assist_09
2026-04-17 08:49:08,655 - INFO -   dataset_name: assist_09
2026-04-17 08:49:08,655 - INFO -   debug_graph_diag: True
2026-04-17 08:49:08,655 - INFO -   diag_batches: 1
2026-04-17 08:49:08,655 - INFO -   disable_self_loop: False
2026-04-17 08:49:08,655 - INFO -   dropout: 0.2
2026-04-17 08:49:08,655 - INFO -   early_stop_patience: 3
2026-04-17 08:49:08,655 - INFO -   enable_module1: True
2026-04-17 08:49:08,655 - INFO -   epochs: 100
2026-04-17 08:49:08,655 - INFO -   generate_diagnosis: True
2026-04-17 08:49:08,656 - INFO -   gnn_residual_weight: 0.5
2026-04-17 08:49:08,656 - INFO -   gpu_candidates: None
2026-04-17 08:49:08,656 - INFO -   gpu_ids: None
2026-04-17 08:49:08,656 - INFO -   gpu_memory_threshold: 2000
2026-04-17 08:49:08,656 - INFO -   gpus: None
2026-04-17 08:49:08,656 - INFO -   graph_dropout: 0.0
2026-04-17 08:49:08,656 - INFO -   graph_entropy_max: 0.75
2026-04-17 08:49:08,656 - INFO -   graph_entropy_min: 0.25
2026-04-17 08:49:08,656 - INFO -   graph_identity_residual: 0.05
2026-04-17 08:49:08,656 - INFO -   graph_propagation_alpha: 0.24
2026-04-17 08:49:08,656 - INFO -   graph_query_readout_2hop_scale: 0.24
2026-04-17 08:49:08,656 - INFO -   graph_query_readout_scale: 0.7
2026-04-17 08:49:08,656 - INFO -   graph_query_writeback_2hop_scale: 0.24
2026-04-17 08:49:08,656 - INFO -   graph_query_writeback_scale: 0.7
2026-04-17 08:49:08,656 - INFO -   graph_readout_1hop_scale: 0.7
2026-04-17 08:49:08,656 - INFO -   graph_readout_2hop_scale: 0.24
2026-04-17 08:49:08,656 - INFO -   graph_reg_cap_ratio: 6.0
2026-04-17 08:49:08,656 - INFO -   graph_reg_warmup_epochs: 4
2026-04-17 08:49:08,656 - INFO -   graph_tau_init: 0.55
2026-04-17 08:49:08,656 - INFO -   graph_topk: 12
2026-04-17 08:49:08,656 - INFO -   graph_uniform_margin: 0.1
2026-04-17 08:49:08,656 - INFO -   knowledge_dim: 64
2026-04-17 08:49:08,656 - INFO -   lambda_alpha: 0.0
2026-04-17 08:49:08,656 - INFO -   lambda_alpha_min: 0.0
2026-04-17 08:49:08,656 - INFO -   lambda_graph_diag: 0.1
2026-04-17 08:49:08,656 - INFO -   lambda_graph_uniform: 0.04
2026-04-17 08:49:08,656 - INFO -   lambda_personal_kl: 0.04
2026-04-17 08:49:08,656 - INFO -   lambda_personal_query_residual: 0.08
2026-04-17 08:49:08,656 - INFO -   lambda_sparse: 0.8
2026-04-17 08:49:08,656 - INFO -   lambda_sparse_personal: 0.0
2026-04-17 08:49:08,656 - INFO -   learning_rate: 0.0003
2026-04-17 08:49:08,656 - INFO -   log_dir: logs/abce_diag/remote_trust_diag_20260417_709083f/assist_09/seed42/best_no_E
2026-04-17 08:49:08,656 - INFO -   max_test_batches: None
2026-04-17 08:49:08,656 - INFO -   max_train_batches: None
2026-04-17 08:49:08,656 - INFO -   max_val_batches: None
2026-04-17 08:49:08,656 - INFO -   min_exer_interactions: 0
2026-04-17 08:49:08,656 - INFO -   min_poison_count: 0
2026-04-17 08:49:08,656 - INFO -   min_stu_interactions: 15
2026-04-17 08:49:08,656 - INFO -   model_variant: assist_09_abce_best_no_E
2026-04-17 08:49:08,656 - INFO -   multi_gpu: False
2026-04-17 08:49:08,656 - INFO -   no_cuda: False
2026-04-17 08:49:08,656 - INFO -   num_gnn_layers: 2
2026-04-17 08:49:08,656 - INFO -   num_gpus: 1
2026-04-17 08:49:08,656 - INFO -   num_relation_heads: 2
2026-04-17 08:49:08,657 - INFO -   num_workers: 4
2026-04-17 08:49:08,657 - INFO -   patience: 5
2026-04-17 08:49:08,657 - INFO -   personal_alpha_base_init: 0.05
2026-04-17 08:49:08,657 - INFO -   personal_alpha_bias_scale: 0.0
2026-04-17 08:49:08,657 - INFO -   personal_alpha_budget: 0.1
2026-04-17 08:49:08,657 - INFO -   personal_alpha_temperature: 2.2
2026-04-17 08:49:08,657 - INFO -   personal_delta_scale: 4.0
2026-04-17 08:49:08,657 - INFO -   personal_disable_student_global_context: True
2026-04-17 08:49:08,657 - INFO -   personal_id_lr_mult: 0.5
2026-04-17 08:49:08,657 - INFO -   personal_include_neighbor_rows: False
2026-04-17 08:49:08,657 - INFO -   personal_local_hops: 1
2026-04-17 08:49:08,657 - INFO -   personal_max_alpha: 0.28
2026-04-17 08:49:08,657 - INFO -   personal_neighbor_row_budget: 0.35
2026-04-17 08:49:08,657 - INFO -   personal_query_correction_max_ratio: 0.15
2026-04-17 08:49:08,657 - INFO -   personal_query_correction_min_graph_anchor: 0.02
2026-04-17 08:49:08,657 - INFO -   personal_query_correction_scale: 0.08
2026-04-17 08:49:08,657 - INFO -   personal_query_residual_margin: 0.08
2026-04-17 08:49:08,657 - INFO -   personal_query_row_budget: 1.0
2026-04-17 08:49:08,657 - INFO -   personal_rank: 8
2026-04-17 08:49:08,657 - INFO -   personal_reg_warmup_epochs: 8
2026-04-17 08:49:08,657 - INFO -   personal_state_lr_mult: 1.0
2026-04-17 08:49:08,657 - INFO -   personal_student_dim: 32
2026-04-17 08:49:08,657 - INFO -   personal_support_only: True
2026-04-17 08:49:08,657 - INFO -   personal_warmup_epochs: 8
2026-04-17 08:49:08,657 - INFO -   prediction_l2_lambda: 1e-05
2026-04-17 08:49:08,657 - INFO -   save_dir: checkpoints/abce_diag/remote_trust_diag_20260417_709083f/assist_09/seed42/best_no_E
2026-04-17 08:49:08,657 - INFO -   save_interval: 10
2026-04-17 08:49:08,657 - INFO -   seed: 42
2026-04-17 08:49:08,657 - INFO -   share_concept_embeddings: True
2026-04-17 08:49:08,657 - INFO -   use_concept_graph: True
2026-04-17 08:49:08,657 - INFO -   use_exercise_graph: True
2026-04-17 08:49:08,657 - INFO -   use_personal_graph: False
2026-04-17 08:49:08,657 - INFO -   weight_decay: 1e-05
2026-04-17 08:49:08,741 - INFO - Using device: cuda:0 (physical gpu 3)
2026-04-17 08:49:08,741 - INFO - [assist_09|assist_09_abce_best_no_E|lr=0.0003|drop=0.20] Loading datasets...
2026-04-17 08:49:08,742 - INFO - [assist_09|assist_09_abce_best_no_E|lr=0.0003|drop=0.20] Regularization: graph_entropy(lambda_sparse)=0.800000, graph_diag=0.100000, graph_uniform=0.040000, personal_sparse=0.000000, personal_kl=0.040000, personal_query_residual=0.080000, alpha_penalty=0.000000, alpha_min=0.000000, prediction_l2=0.000010
2026-04-17 08:49:08,742 - INFO - [assist_09|assist_09_abce_best_no_E|lr=0.0003|drop=0.20] Graph controls: entropy_band=[0.25, 0.75], uniform_margin=0.10, warmup_epochs=4, cap_ratio=6.00, graph_dropout=0.000, graph_tau_init=0.550
2026-04-17 08:49:08,742 - INFO - [assist_09|assist_09_abce_best_no_E|lr=0.0003|drop=0.20] Personal controls: personal_max_alpha=0.280, personal_delta_scale=4.000, personal_warmup_epochs=8, personal_student_dim=32, alpha_min_target=0.0000, personal_local_hops=1, include_neighbor_rows=False, personal_support_only=True, personal_alpha_temperature=2.200, personal_alpha_budget=0.100, personal_query_row_budget=1.000, personal_neighbor_row_budget=0.350, personal_query_correction_scale=0.080, personal_state_lr_mult=1.000, personal_id_lr_mult=0.500, graph_propagation_alpha=0.240, graph_query_readout_scale=0.700, graph_query_readout_2hop_scale=0.240
2026-04-17 08:49:08,835 - INFO - [assist_09] [数据清洗] 学生交互次数 < 15 次的学生：共移除 313 个学生（仅统计用户数）
2026-04-17 08:49:08,850 - INFO - [assist_09] [数据清洗] 学生冷启动过滤：在 train/valid/test 中共删除 5118 条记录。
2026-04-17 08:49:08,850 - INFO - [assist_09] [数据清洗] 跳过题目冷门过滤（min_exer_interactions <= 0）。
2026-04-17 08:49:08,850 - INFO - [assist_09] [数据清洗] 跳过毒题清洗（min_poison_count <= 0）。
2026-04-17 08:49:08,850 - INFO - [assist_09] 正在构建ID映射...
2026-04-17 08:49:09,093 - INFO - [assist_09] 正在构建Q矩阵...
2026-04-17 08:49:15,580 - INFO - [assist_09] [数据清洗] Valid train-seen 过滤：before=20072, after=19875, dropped=197, coverage=99.02%
2026-04-17 08:49:15,588 - INFO - [assist_09] [数据清洗] Test train-seen 过滤：before=51610, after=51090, dropped=520, coverage=98.99%
2026-04-17 08:49:15,589 - INFO - [assist_09] [统计] 开始统计清洗后每道题的概念数量分布...
2026-04-17 08:49:15,596 - INFO - [assist_09] [Train] 概念数统计：题目数=17057, 平均概念数=1.1995, min=1, max=4, 1概念=14129 (82.83%), ≥2概念=2928 (17.17%)
2026-04-17 08:49:15,596 - INFO - [assist_09] [Train] 概念数直方图（概念数: 题目数量）: {1: 14129, 2: 2533, 3: 315, 4: 80}
2026-04-17 08:49:15,599 - INFO - [assist_09] [Valid] 概念数统计：题目数=9034, 平均概念数=1.1996, min=1, max=4, 1概念=7500 (83.02%), ≥2概念=1534 (16.98%)
2026-04-17 08:49:15,599 - INFO - [assist_09] [Valid] 概念数直方图（概念数: 题目数量）: {1: 7500, 2: 1314, 3: 171, 4: 49}
2026-04-17 08:49:15,602 - INFO - [assist_09] [Test] 概念数统计：题目数=12825, 平均概念数=1.1994, min=1, max=4, 1概念=10661 (83.13%), ≥2概念=2164 (16.87%)
2026-04-17 08:49:15,602 - INFO - [assist_09] [Test] 概念数直方图（概念数: 题目数量）: {1: 10661, 2: 1836, 3: 263, 4: 65}
2026-04-17 08:49:15,602 - INFO - [assist_09] [统计] 概念数量统计完成。
2026-04-17 08:49:15,602 - INFO - [assist_09] 正在加载数据集...
2026-04-17 08:49:15,681 - INFO - [assist_09|assist_09_abce_best_no_E|lr=0.0003|drop=0.20] Train samples: 190623, Val samples: 19875
2026-04-17 08:49:15,682 - INFO - [assist_09|assist_09_abce_best_no_E|lr=0.0003|drop=0.20] Number of students: 2180
2026-04-17 08:49:15,682 - INFO - [assist_09|assist_09_abce_best_no_E|lr=0.0003|drop=0.20] Number of exercises: 17057
2026-04-17 08:49:15,682 - INFO - [assist_09|assist_09_abce_best_no_E|lr=0.0003|drop=0.20] Number of concepts: 123
2026-04-17 08:49:15,682 - INFO - [assist_09|assist_09_abce_best_no_E|lr=0.0003|drop=0.20] Creating model...
2026-04-17 08:49:15,682 - INFO - [assist_09|assist_09_abce_best_no_E|lr=0.0003|drop=0.20] Ablation switches: ablate_module1=False | enable_module1=True | use_concept_graph=True | effective(num_gnn_layers=2)
2026-04-17 08:49:15,803 - INFO - [assist_09|assist_09_abce_best_no_E|lr=0.0003|drop=0.20] Ablation runtime check: args(ablate_module1=False) | expect(use_concept_graph=True,use_personal_graph=False) | model(enable_module1=True,use_concept_graph=True,use_personal_graph=False) | physical(has_knowledge_encoder=True,has_relation_learning=True,has_adaptive_gate=False,has_personal_generator=False)
2026-04-17 08:49:15,803 - INFO - [assist_09|assist_09_abce_best_no_E|lr=0.0003|drop=0.20] Debug diagnostics enabled: diag_batches=1
2026-04-17 08:49:15,825 - INFO - [assist_09|assist_09_abce_best_no_E|lr=0.0003|drop=0.20] [Graph Init] graph_tau_mean=1.0055, graph_tau_std=0.0000, graph_dropout=0.000, use_personal_graph=False
2026-04-17 08:49:15,826 - INFO - [assist_09|assist_09_abce_best_no_E|lr=0.0003|drop=0.20] Total parameters: 222,607
2026-04-17 08:49:15,826 - INFO - [assist_09|assist_09_abce_best_no_E|lr=0.0003|drop=0.20] Trainable parameters: 222,607
2026-04-17 08:49:16,773 - INFO - [assist_09|assist_09_abce_best_no_E|lr=0.0003|drop=0.20] Optimizer param groups: backbone@lr=0.0003
2026-04-17 08:49:16,773 - INFO - [assist_09|assist_09_abce_best_no_E|lr=0.0003|drop=0.20] Monitor config: scheduler=val_auc(max), best_checkpoint=val_auc(max), early_stop=val_auc(max)
2026-04-17 08:49:16,773 - INFO - [assist_09|assist_09_abce_best_no_E|lr=0.0003|drop=0.20] Starting training...
[GPU] Status: [GPU 3: 24088MiB free]
2026-04-17 08:49:45,536 - INFO - [assist_09|assist_09_abce_best_no_E|lr=0.0003|drop=0.20] Epoch [001/100] | Train: Loss=0.5954, BCE=0.5901, Reg=0.0052, AUC=0.6877, ACC=0.6915, RMSE=0.4493 | Val: Loss=0.5782, BCE=0.5734, Reg=0.0048, AUC=0.7239, ACC=0.7081, RMSE=0.4412
2026-04-17 08:49:45,537 - INFO - [assist_09|assist_09_abce_best_no_E|lr=0.0003|drop=0.20] [Reg Terms] Epoch [001] | Train: graph_entropy=0.000000, graph_diag=0.004512, graph_uniform=0.000736, graph_reg_scale=1.0000, prediction_l2=0.000000, personal_sparse=0.000000, alpha_var=0.000000, alpha_collapse=0.000000, reg_bce_ratio=0.0089 | Val: graph_entropy=0.000000, graph_diag=0.004060, graph_uniform=0.000742, graph_reg_scale=1.0000, prediction_l2=0.000000, personal_sparse=0.000000, alpha_var=0.000000, alpha_collapse=0.000000, reg_bce_ratio=0.0084
2026-04-17 08:49:45,669 - INFO - [assist_09|assist_09_abce_best_no_E|lr=0.0003|drop=0.20] [Diag][AE] Epoch [001] | irt_abs_mean=1.3631, irt_std=0.5923, personal_warmup_scale=1.00, graph_row_entropy=2.4521, graph_entropy_ratio=0.5096, alpha_mean=0.0000, alpha_std=0.0000, alpha_base_mean=0.0000, alpha_delta_absmean=0.0000, alpha_saturation_ratio=0.0000, alpha_bias_std=NA, alpha_state_path=0.0000, alpha_id_path=0.0000, alpha_bias_path=0.0000, head_bias_path=0.0000, personal_row_entropy=0.0000, personal_matrix_delta=0.0000, personal_matrix_student_std=0.0000, personal_delta_pre_softmax_norm=0.0000, personal_delta_student_std=0.0000, alpha_head_std=0.0000, query_row_global_readout_delta=0.2527, query_row_personal_message_delta=0.0000, query_row_posterior_delta_abs=0.0000, query_row_posterior_kl=0.0000, personal_to_graph_query_ratio=0.0000, query_row_global_support_mass=0.7339, query_row_personal_support_mass=0.0000, neighbor_row_personal_delta=0.0000, personal_row_budget_mean=0.0000, personal_query_row_std=0.0000, readout_query_support_mass=0.7339, personal_student_mix=0.0000, personal_student_adapter=0.0000, local_row_ratio=0.0000, support_density=0.0000, readout_query_delta=0.2527, personal_bad_rows_active=0.00, personal_fallback_rows_active=0.00, personal_bad_row_rate_active=0.0000, personal_padded_rows=0.00, personal_logits_support_absmax=0.0000, personal_query_trust_scale_mean=1.0000, personal_bad_rows_legacy=0.00, personal_fallback_rows_legacy=0.00, personal_logits_absmax_legacy=0.0000
2026-04-17 08:49:45,669 - INFO - [assist_09|assist_09_abce_best_no_E|lr=0.0003|drop=0.20] [Diag][A] Epoch [001] | entropy_ratio=0.5096, diag_mass=0.1624, to_uniform_l2=0.025823, to_identity_l2=0.078884, relation_identity_delta=0.078884, knowledge_state_graph_delta=0.582956, knowledge_state_personal_delta=0.000000, share_concept_embeddings=True, tau_mean=0.8519, tau_std=0.0016, graph_reg_scale(train/val)=1.0000/1.0000
2026-04-17 08:49:45,669 - INFO - [assist_09|assist_09_abce_best_no_E|lr=0.0003|drop=0.20] [Grad Norms] Epoch [001] | relation_emb=1.769028e-01, relation_tau=9.465693e-06, relation_wq=1.316163e-04, relation_wk=1.294755e-04, personal_u=0.000000e+00, personal_v=0.000000e+00, personal_alpha_bias=0.000000e+00, personal_gate_emb=0.000000e+00, personal_gate_state_proj=0.000000e+00, personal_gate_context_proj=0.000000e+00, personal_gate_state_direct=0.000000e+00, personal_gate_id_direct=0.000000e+00, personal_gate_context_direct=0.000000e+00, personal_gate_out=0.000000e+00, personal_generator_emb=0.000000e+00, personal_generator_context_proj=0.000000e+00, personal_generator_context_hidden=0.000000e+00, personal_generator_context_to_u=0.000000e+00, personal_generator_context_to_v=0.000000e+00, personal_generator_state_row=0.000000e+00, personal_generator_state_col=0.000000e+00, personal_generator_id_row=0.000000e+00, personal_generator_id_col=0.000000e+00, personal_generator_state_adapter=0.000000e+00, personal_generator_id_adapter=0.000000e+00, personal_generator_context_adapter=0.000000e+00, personal_generator_direct_scale=0.000000e+00
2026-04-17 08:49:45,899 - INFO - [assist_09|assist_09_abce_best_no_E|lr=0.0003|drop=0.20] -> New best AUC=0.7239 at epoch 1
2026-04-17 08:50:06,090 - INFO - [assist_09|assist_09_abce_best_full|lr=0.0003|drop=0.20] Epoch [001/100] | Train: Loss=0.5940, BCE=0.5881, Reg=0.0059, AUC=0.6908, ACC=0.6954, RMSE=0.4482 | Val: Loss=0.5745, BCE=0.5691, Reg=0.0054, AUC=0.7253, ACC=0.7080, RMSE=0.4392
2026-04-17 08:50:06,090 - INFO - [assist_09|assist_09_abce_best_full|lr=0.0003|drop=0.20] [Reg Terms] Epoch [001] | Train: graph_entropy=0.000000, graph_diag=0.004494, graph_uniform=0.000736, graph_reg_scale=1.0000, prediction_l2=0.000000, personal_sparse=0.000037, alpha_var=0.000000, alpha_collapse=0.000331, reg_bce_ratio=0.0100 | Val: graph_entropy=0.000000, graph_diag=0.004037, graph_uniform=0.000742, graph_reg_scale=1.0000, prediction_l2=0.000000, personal_sparse=0.000045, alpha_var=0.000000, alpha_collapse=0.000284, reg_bce_ratio=0.0095
2026-04-17 08:50:06,277 - INFO - [assist_09|assist_09_abce_best_full|lr=0.0003|drop=0.20] [Diag][AE] Epoch [001] | irt_abs_mean=1.2720, irt_std=0.5875, personal_warmup_scale=0.12, graph_row_entropy=2.4528, graph_entropy_ratio=0.5097, alpha_mean=0.0509, alpha_std=0.0217, alpha_base_mean=0.0509, alpha_delta_absmean=0.0986, alpha_saturation_ratio=0.0000, alpha_bias_std=NA, alpha_state_path=5.5308, alpha_id_path=0.0000, alpha_bias_path=0.0000, head_bias_path=1.5195, personal_row_entropy=1.7014, personal_matrix_delta=0.0854, personal_matrix_student_std=0.0518, personal_delta_pre_softmax_norm=2.3462, personal_delta_student_std=1.1991, alpha_head_std=0.0217, query_row_global_readout_delta=0.2588, query_row_personal_message_delta=0.0005, query_row_posterior_delta_abs=0.0854, query_row_posterior_kl=0.0593, personal_to_graph_query_ratio=0.0021, query_row_global_support_mass=0.7902, query_row_personal_support_mass=0.7902, neighbor_row_personal_delta=0.0000, personal_row_budget_mean=1.0000, personal_query_row_std=0.0785, readout_query_support_mass=0.7902, personal_student_mix=0.0075, personal_student_adapter=0.0170, local_row_ratio=0.1876, support_density=0.4010, readout_query_delta=0.2586, personal_bad_rows_active=0.00, personal_fallback_rows_active=0.00, personal_bad_row_rate_active=0.0000, personal_padded_rows=460.00, personal_logits_support_absmax=5.6533, personal_query_trust_scale_mean=1.0000, personal_bad_rows_legacy=460.00, personal_fallback_rows_legacy=460.00, personal_logits_absmax_legacy=30.0000
2026-04-17 08:50:06,277 - INFO - [assist_09|assist_09_abce_best_full|lr=0.0003|drop=0.20] [Diag][A] Epoch [001] | entropy_ratio=0.5097, diag_mass=0.1615, to_uniform_l2=0.025799, to_identity_l2=0.078968, relation_identity_delta=0.078968, knowledge_state_graph_delta=0.579224, knowledge_state_personal_delta=0.000000, share_concept_embeddings=True, tau_mean=0.8414, tau_std=0.0016, graph_reg_scale(train/val)=1.0000/1.0000
2026-04-17 08:50:06,278 - WARNING - [assist_09|assist_09_abce_best_full|lr=0.0003|drop=0.20] [Diag Warning][AE] query-readout-overamplified: readout_query_delta=0.258565, query_row_graph_delta=0.258772, personal_matrix_delta=0.085383
2026-04-17 08:50:06,278 - INFO - [assist_09|assist_09_abce_best_full|lr=0.0003|drop=0.20] [Grad Norms] Epoch [001] | relation_emb=1.026700e-01, relation_tau=4.710304e-06, relation_wq=8.142755e-05, relation_wk=7.880169e-05, personal_u=1.019885e-03, personal_v=8.343693e-04, personal_alpha_bias=0.000000e+00, personal_gate_emb=2.412799e-13, personal_gate_state_proj=9.964794e-09, personal_gate_context_proj=2.200104e-08, personal_gate_state_direct=6.847709e-06, personal_gate_id_direct=5.116992e-13, personal_gate_context_direct=1.460878e-05, personal_gate_out=1.329317e-08, personal_generator_emb=2.848089e-16, personal_generator_context_proj=8.626263e-16, personal_generator_context_hidden=4.950437e-17, personal_generator_context_to_u=2.518359e-12, personal_generator_context_to_v=2.229154e-12, personal_generator_state_row=1.064292e-08, personal_generator_state_col=9.300065e-09, personal_generator_id_row=4.225925e-11, personal_generator_id_col=3.553055e-11, personal_generator_state_adapter=3.904469e-14, personal_generator_id_adapter=1.018974e-19, personal_generator_context_adapter=1.073264e-19, personal_generator_direct_scale=6.015712e-09
2026-04-17 08:50:06,442 - INFO - [assist_09|assist_09_abce_best_full|lr=0.0003|drop=0.20] -> New best AUC=0.7253 at epoch 1
2026-04-17 08:50:11,780 - INFO - [assist_09|assist_09_abce_best_no_E|lr=0.0003|drop=0.20] Epoch [002/100] | Train: Loss=0.5669, BCE=0.5588, Reg=0.0081, AUC=0.7359, ACC=0.7171, RMSE=0.4343 | Val: Loss=0.5705, BCE=0.5663, Reg=0.0042, AUC=0.7305, ACC=0.7102, RMSE=0.4380
2026-04-17 08:50:11,781 - INFO - [assist_09|assist_09_abce_best_no_E|lr=0.0003|drop=0.20] [Reg Terms] Epoch [002] | Train: graph_entropy=0.000000, graph_diag=0.006570, graph_uniform=0.001496, graph_reg_scale=1.0000, prediction_l2=0.000000, personal_sparse=0.000000, alpha_var=0.000000, alpha_collapse=0.000000, reg_bce_ratio=0.0144 | Val: graph_entropy=0.000000, graph_diag=0.002629, graph_uniform=0.001523, graph_reg_scale=1.0000, prediction_l2=0.000000, personal_sparse=0.000000, alpha_var=0.000000, alpha_collapse=0.000000, reg_bce_ratio=0.0073
2026-04-17 08:50:11,941 - INFO - [assist_09|assist_09_abce_best_no_E|lr=0.0003|drop=0.20] [Diag][AE] Epoch [002] | irt_abs_mean=1.3524, irt_std=0.6553, personal_warmup_scale=1.00, graph_row_entropy=2.5564, graph_entropy_ratio=0.5312, alpha_mean=0.0000, alpha_std=0.0000, alpha_base_mean=0.0000, alpha_delta_absmean=0.0000, alpha_saturation_ratio=0.0000, alpha_bias_std=NA, alpha_state_path=0.0000, alpha_id_path=0.0000, alpha_bias_path=0.0000, head_bias_path=0.0000, personal_row_entropy=0.0000, personal_matrix_delta=0.0000, personal_matrix_student_std=0.0000, personal_delta_pre_softmax_norm=0.0000, personal_delta_student_std=0.0000, alpha_head_std=0.0000, query_row_global_readout_delta=0.2945, query_row_personal_message_delta=0.0000, query_row_posterior_delta_abs=0.0000, query_row_posterior_kl=0.0000, personal_to_graph_query_ratio=0.0000, query_row_global_support_mass=0.7756, query_row_personal_support_mass=0.0000, neighbor_row_personal_delta=0.0000, personal_row_budget_mean=0.0000, personal_query_row_std=0.0000, readout_query_support_mass=0.7756, personal_student_mix=0.0000, personal_student_adapter=0.0000, local_row_ratio=0.0000, support_density=0.0000, readout_query_delta=0.2945, personal_bad_rows_active=0.00, personal_fallback_rows_active=0.00, personal_bad_row_rate_active=0.0000, personal_padded_rows=0.00, personal_logits_support_absmax=0.0000, personal_query_trust_scale_mean=1.0000, personal_bad_rows_legacy=0.00, personal_fallback_rows_legacy=0.00, personal_logits_absmax_legacy=0.0000
2026-04-17 08:50:11,942 - INFO - [assist_09|assist_09_abce_best_no_E|lr=0.0003|drop=0.20] [Diag][A] Epoch [002] | entropy_ratio=0.5312, diag_mass=0.0526, to_uniform_l2=0.023828, to_identity_l2=0.088933, relation_identity_delta=0.088933, knowledge_state_graph_delta=0.619445, knowledge_state_personal_delta=0.000000, share_concept_embeddings=True, tau_mean=0.6775, tau_std=0.0208, graph_reg_scale(train/val)=1.0000/1.0000
2026-04-17 08:50:11,942 - INFO - [assist_09|assist_09_abce_best_no_E|lr=0.0003|drop=0.20] [Grad Norms] Epoch [002] | relation_emb=9.967570e-02, relation_tau=7.673952e-05, relation_wq=1.647148e-04, relation_wk=2.729737e-04, personal_u=0.000000e+00, personal_v=0.000000e+00, personal_alpha_bias=0.000000e+00, personal_gate_emb=0.000000e+00, personal_gate_state_proj=0.000000e+00, personal_gate_context_proj=0.000000e+00, personal_gate_state_direct=0.000000e+00, personal_gate_id_direct=0.000000e+00, personal_gate_context_direct=0.000000e+00, personal_gate_out=0.000000e+00, personal_generator_emb=0.000000e+00, personal_generator_context_proj=0.000000e+00, personal_generator_context_hidden=0.000000e+00, personal_generator_context_to_u=0.000000e+00, personal_generator_context_to_v=0.000000e+00, personal_generator_state_row=0.000000e+00, personal_generator_state_col=0.000000e+00, personal_generator_id_row=0.000000e+00, personal_generator_id_col=0.000000e+00, personal_generator_state_adapter=0.000000e+00, personal_generator_id_adapter=0.000000e+00, personal_generator_context_adapter=0.000000e+00, personal_generator_direct_scale=0.000000e+00
2026-04-17 08:50:12,233 - INFO - [assist_09|assist_09_abce_best_no_E|lr=0.0003|drop=0.20] -> New best AUC=0.7305 at epoch 2
2026-04-17 08:50:39,304 - INFO - [assist_09|assist_09_abce_best_no_E|lr=0.0003|drop=0.20] Epoch [003/100] | Train: Loss=0.5564, BCE=0.5503, Reg=0.0061, AUC=0.7466, ACC=0.7213, RMSE=0.4305 | Val: Loss=0.5685, BCE=0.5625, Reg=0.0060, AUC=0.7356, ACC=0.7122, RMSE=0.4364
2026-04-17 08:50:39,304 - INFO - [assist_09|assist_09_abce_best_no_E|lr=0.0003|drop=0.20] [Reg Terms] Epoch [003] | Train: graph_entropy=0.000000, graph_diag=0.003773, graph_uniform=0.002286, graph_reg_scale=1.0000, prediction_l2=0.000000, personal_sparse=0.000000, alpha_var=0.000000, alpha_collapse=0.000000, reg_bce_ratio=0.0110 | Val: graph_entropy=0.000000, graph_diag=0.003750, graph_uniform=0.002286, graph_reg_scale=1.0000, prediction_l2=0.000000, personal_sparse=0.000000, alpha_var=0.000000, alpha_collapse=0.000000, reg_bce_ratio=0.0107
2026-04-17 08:50:39,451 - INFO - [assist_09|assist_09_abce_best_no_E|lr=0.0003|drop=0.20] [Diag][AE] Epoch [003] | irt_abs_mean=1.3787, irt_std=0.6667, personal_warmup_scale=1.00, graph_row_entropy=2.5592, graph_entropy_ratio=0.5318, alpha_mean=0.0000, alpha_std=0.0000, alpha_base_mean=0.0000, alpha_delta_absmean=0.0000, alpha_saturation_ratio=0.0000, alpha_bias_std=NA, alpha_state_path=0.0000, alpha_id_path=0.0000, alpha_bias_path=0.0000, head_bias_path=0.0000, personal_row_entropy=0.0000, personal_matrix_delta=0.0000, personal_matrix_student_std=0.0000, personal_delta_pre_softmax_norm=0.0000, personal_delta_student_std=0.0000, alpha_head_std=0.0000, query_row_global_readout_delta=0.3043, query_row_personal_message_delta=0.0000, query_row_posterior_delta_abs=0.0000, query_row_posterior_kl=0.0000, personal_to_graph_query_ratio=0.0000, query_row_global_support_mass=1.0869, query_row_personal_support_mass=0.0000, neighbor_row_personal_delta=0.0000, personal_row_budget_mean=0.0000, personal_query_row_std=0.0000, readout_query_support_mass=1.0869, personal_student_mix=0.0000, personal_student_adapter=0.0000, local_row_ratio=0.0000, support_density=0.0000, readout_query_delta=0.3043, personal_bad_rows_active=0.00, personal_fallback_rows_active=0.00, personal_bad_row_rate_active=0.0000, personal_padded_rows=0.00, personal_logits_support_absmax=0.0000, personal_query_trust_scale_mean=1.0000, personal_bad_rows_legacy=0.00, personal_fallback_rows_legacy=0.00, personal_logits_absmax_legacy=0.0000
2026-04-17 08:50:39,451 - INFO - [assist_09|assist_09_abce_best_no_E|lr=0.0003|drop=0.20] [Diag][A] Epoch [003] | entropy_ratio=0.5318, diag_mass=0.0500, to_uniform_l2=0.023784, to_identity_l2=0.089156, relation_identity_delta=0.089156, knowledge_state_graph_delta=0.629697, knowledge_state_personal_delta=0.000000, share_concept_embeddings=True, tau_mean=0.6804, tau_std=0.0159, graph_reg_scale(train/val)=1.0000/1.0000
2026-04-17 08:50:39,451 - INFO - [assist_09|assist_09_abce_best_no_E|lr=0.0003|drop=0.20] [Grad Norms] Epoch [003] | relation_emb=9.786756e-02, relation_tau=1.162519e-06, relation_wq=1.228688e-05, relation_wk=1.379127e-05, personal_u=0.000000e+00, personal_v=0.000000e+00, personal_alpha_bias=0.000000e+00, personal_gate_emb=0.000000e+00, personal_gate_state_proj=0.000000e+00, personal_gate_context_proj=0.000000e+00, personal_gate_state_direct=0.000000e+00, personal_gate_id_direct=0.000000e+00, personal_gate_context_direct=0.000000e+00, personal_gate_out=0.000000e+00, personal_generator_emb=0.000000e+00, personal_generator_context_proj=0.000000e+00, personal_generator_context_hidden=0.000000e+00, personal_generator_context_to_u=0.000000e+00, personal_generator_context_to_v=0.000000e+00, personal_generator_state_row=0.000000e+00, personal_generator_state_col=0.000000e+00, personal_generator_id_row=0.000000e+00, personal_generator_id_col=0.000000e+00, personal_generator_state_adapter=0.000000e+00, personal_generator_id_adapter=0.000000e+00, personal_generator_context_adapter=0.000000e+00, personal_generator_direct_scale=0.000000e+00
2026-04-17 08:50:39,690 - INFO - [assist_09|assist_09_abce_best_no_E|lr=0.0003|drop=0.20] -> New best AUC=0.7356 at epoch 3
2026-04-17 08:51:04,244 - INFO - [assist_09|assist_09_abce_best_no_E|lr=0.0003|drop=0.20] Epoch [004/100] | Train: Loss=0.5531, BCE=0.5450, Reg=0.0080, AUC=0.7530, ACC=0.7227, RMSE=0.4283 | Val: Loss=0.5678, BCE=0.5598, Reg=0.0080, AUC=0.7372, ACC=0.7110, RMSE=0.4352
2026-04-17 08:51:04,244 - INFO - [assist_09|assist_09_abce_best_no_E|lr=0.0003|drop=0.20] [Reg Terms] Epoch [004] | Train: graph_entropy=0.000000, graph_diag=0.005000, graph_uniform=0.003049, graph_reg_scale=1.0000, prediction_l2=0.000000, personal_sparse=0.000000, alpha_var=0.000000, alpha_collapse=0.000000, reg_bce_ratio=0.0148 | Val: graph_entropy=0.000000, graph_diag=0.005000, graph_uniform=0.003049, graph_reg_scale=1.0000, prediction_l2=0.000000, personal_sparse=0.000000, alpha_var=0.000000, alpha_collapse=0.000000, reg_bce_ratio=0.0144
2026-04-17 08:51:04,374 - INFO - [assist_09|assist_09_abce_best_no_E|lr=0.0003|drop=0.20] [Diag][AE] Epoch [004] | irt_abs_mean=1.4134, irt_std=0.7148, personal_warmup_scale=1.00, graph_row_entropy=2.5592, graph_entropy_ratio=0.5318, alpha_mean=0.0000, alpha_std=0.0000, alpha_base_mean=0.0000, alpha_delta_absmean=0.0000, alpha_saturation_ratio=0.0000, alpha_bias_std=NA, alpha_state_path=0.0000, alpha_id_path=0.0000, alpha_bias_path=0.0000, head_bias_path=0.0000, personal_row_entropy=0.0000, personal_matrix_delta=0.0000, personal_matrix_student_std=0.0000, personal_delta_pre_softmax_norm=0.0000, personal_delta_student_std=0.0000, alpha_head_std=0.0000, query_row_global_readout_delta=0.3187, query_row_personal_message_delta=0.0000, query_row_posterior_delta_abs=0.0000, query_row_posterior_kl=0.0000, personal_to_graph_query_ratio=0.0000, query_row_global_support_mass=1.1783, query_row_personal_support_mass=0.0000, neighbor_row_personal_delta=0.0000, personal_row_budget_mean=0.0000, personal_query_row_std=0.0000, readout_query_support_mass=1.1783, personal_student_mix=0.0000, personal_student_adapter=0.0000, local_row_ratio=0.0000, support_density=0.0000, readout_query_delta=0.3187, personal_bad_rows_active=0.00, personal_fallback_rows_active=0.00, personal_bad_row_rate_active=0.0000, personal_padded_rows=0.00, personal_logits_support_absmax=0.0000, personal_query_trust_scale_mean=1.0000, personal_bad_rows_legacy=0.00, personal_fallback_rows_legacy=0.00, personal_logits_absmax_legacy=0.0000
2026-04-17 08:51:04,374 - INFO - [assist_09|assist_09_abce_best_no_E|lr=0.0003|drop=0.20] [Diag][A] Epoch [004] | entropy_ratio=0.5318, diag_mass=0.0500, to_uniform_l2=0.023784, to_identity_l2=0.089156, relation_identity_delta=0.089156, knowledge_state_graph_delta=0.637607, knowledge_state_personal_delta=0.000000, share_concept_embeddings=True, tau_mean=0.6862, tau_std=0.0081, graph_reg_scale(train/val)=1.0000/1.0000
2026-04-17 08:51:04,374 - INFO - [assist_09|assist_09_abce_best_no_E|lr=0.0003|drop=0.20] [Grad Norms] Epoch [004] | relation_emb=1.639274e-01, relation_tau=5.428747e-08, relation_wq=4.832747e-06, relation_wk=2.420442e-06, personal_u=0.000000e+00, personal_v=0.000000e+00, personal_alpha_bias=0.000000e+00, personal_gate_emb=0.000000e+00, personal_gate_state_proj=0.000000e+00, personal_gate_context_proj=0.000000e+00, personal_gate_state_direct=0.000000e+00, personal_gate_id_direct=0.000000e+00, personal_gate_context_direct=0.000000e+00, personal_gate_out=0.000000e+00, personal_generator_emb=0.000000e+00, personal_generator_context_proj=0.000000e+00, personal_generator_context_hidden=0.000000e+00, personal_generator_context_to_u=0.000000e+00, personal_generator_context_to_v=0.000000e+00, personal_generator_state_row=0.000000e+00, personal_generator_state_col=0.000000e+00, personal_generator_id_row=0.000000e+00, personal_generator_id_col=0.000000e+00, personal_generator_state_adapter=0.000000e+00, personal_generator_id_adapter=0.000000e+00, personal_generator_context_adapter=0.000000e+00, personal_generator_direct_scale=0.000000e+00
2026-04-17 08:51:04,590 - INFO - [assist_09|assist_09_abce_best_no_E|lr=0.0003|drop=0.20] -> New best AUC=0.7372 at epoch 4
2026-04-17 08:51:20,842 - INFO - [assist_09|assist_09_abce_best_full|lr=0.0003|drop=0.20] Epoch [002/100] | Train: Loss=0.5669, BCE=0.5580, Reg=0.0088, AUC=0.7367, ACC=0.7172, RMSE=0.4339 | Val: Loss=0.5703, BCE=0.5653, Reg=0.0051, AUC=0.7305, ACC=0.7103, RMSE=0.4377
2026-04-17 08:51:20,842 - INFO - [assist_09|assist_09_abce_best_full|lr=0.0003|drop=0.20] [Reg Terms] Epoch [002] | Train: graph_entropy=0.000000, graph_diag=0.006453, graph_uniform=0.001497, graph_reg_scale=1.0000, prediction_l2=0.000000, personal_sparse=0.000076, alpha_var=0.000000, alpha_collapse=0.000189, reg_bce_ratio=0.0158 | Val: graph_entropy=0.000000, graph_diag=0.002773, graph_uniform=0.001522, graph_reg_scale=1.0000, prediction_l2=0.000000, personal_sparse=0.000096, alpha_var=0.000000, alpha_collapse=0.000079, reg_bce_ratio=0.0090
2026-04-17 08:51:21,029 - INFO - [assist_09|assist_09_abce_best_full|lr=0.0003|drop=0.20] [Diag][AE] Epoch [002] | irt_abs_mean=1.2845, irt_std=0.6264, personal_warmup_scale=0.25, graph_row_entropy=2.5532, graph_entropy_ratio=0.5306, alpha_mean=0.0542, alpha_std=0.0461, alpha_base_mean=0.0542, alpha_delta_absmean=0.0992, alpha_saturation_ratio=0.0000, alpha_bias_std=NA, alpha_state_path=6.1690, alpha_id_path=0.0000, alpha_bias_path=0.0000, head_bias_path=1.5058, personal_row_entropy=1.7951, personal_matrix_delta=0.0839, personal_matrix_student_std=0.0490, personal_delta_pre_softmax_norm=2.3125, personal_delta_student_std=1.1650, alpha_head_std=0.0461, query_row_global_readout_delta=0.3043, query_row_personal_message_delta=0.0007, query_row_posterior_delta_abs=0.0839, query_row_posterior_kl=0.0600, personal_to_graph_query_ratio=0.0024, query_row_global_support_mass=0.9513, query_row_personal_support_mass=0.9513, neighbor_row_personal_delta=0.0000, personal_row_budget_mean=1.0000, personal_query_row_std=0.1093, readout_query_support_mass=0.9513, personal_student_mix=0.0109, personal_student_adapter=0.0226, local_row_ratio=0.1912, support_density=0.3989, readout_query_delta=0.3040, personal_bad_rows_active=0.00, personal_fallback_rows_active=0.00, personal_bad_row_rate_active=0.0000, personal_padded_rows=460.00, personal_logits_support_absmax=5.8904, personal_query_trust_scale_mean=1.0000, personal_bad_rows_legacy=460.00, personal_fallback_rows_legacy=460.00, personal_logits_absmax_legacy=30.0000
2026-04-17 08:51:21,029 - INFO - [assist_09|assist_09_abce_best_full|lr=0.0003|drop=0.20] [Diag][A] Epoch [002] | entropy_ratio=0.5306, diag_mass=0.0555, to_uniform_l2=0.023877, to_identity_l2=0.088683, relation_identity_delta=0.088683, knowledge_state_graph_delta=0.620162, knowledge_state_personal_delta=0.000000, share_concept_embeddings=True, tau_mean=0.6636, tau_std=0.0301, graph_reg_scale(train/val)=1.0000/1.0000
2026-04-17 08:51:21,029 - WARNING - [assist_09|assist_09_abce_best_full|lr=0.0003|drop=0.20] [Diag Warning][AE] query-readout-overamplified: readout_query_delta=0.304027, query_row_graph_delta=0.304255, personal_matrix_delta=0.083910
2026-04-17 08:51:21,030 - INFO - [assist_09|assist_09_abce_best_full|lr=0.0003|drop=0.20] [Grad Norms] Epoch [002] | relation_emb=1.077231e-01, relation_tau=2.104257e-05, relation_wq=1.276320e-04, relation_wk=1.742264e-04, personal_u=1.782864e-03, personal_v=1.040225e-03, personal_alpha_bias=0.000000e+00, personal_gate_emb=3.621169e-17, personal_gate_state_proj=5.255673e-12, personal_gate_context_proj=4.741883e-12, personal_gate_state_direct=1.499213e-05, personal_gate_id_direct=3.527646e-15, personal_gate_context_direct=1.298474e-05, personal_gate_out=6.735211e-10, personal_generator_emb=1.303932e-17, personal_generator_context_proj=0.000000e+00, personal_generator_context_hidden=0.000000e+00, personal_generator_context_to_u=7.003643e-18, personal_generator_context_to_v=5.179427e-18, personal_generator_state_row=8.660468e-09, personal_generator_state_col=7.618202e-09, personal_generator_id_row=2.361244e-13, personal_generator_id_col=2.322305e-13, personal_generator_state_adapter=2.935692e-13, personal_generator_id_adapter=2.186058e-23, personal_generator_context_adapter=2.667824e-31, personal_generator_direct_scale=7.959667e-08
2026-04-17 08:51:21,342 - INFO - [assist_09|assist_09_abce_best_full|lr=0.0003|drop=0.20] -> New best AUC=0.7305 at epoch 2
2026-04-17 08:51:30,880 - INFO - [assist_09|assist_09_abce_best_no_E|lr=0.0003|drop=0.20] Epoch [005/100] | Train: Loss=0.5472, BCE=0.5391, Reg=0.0080, AUC=0.7597, ACC=0.7254, RMSE=0.4257 | Val: Loss=0.5698, BCE=0.5618, Reg=0.0080, AUC=0.7378, ACC=0.7129, RMSE=0.4362
2026-04-17 08:51:30,880 - INFO - [assist_09|assist_09_abce_best_no_E|lr=0.0003|drop=0.20] [Reg Terms] Epoch [005] | Train: graph_entropy=0.000000, graph_diag=0.005000, graph_uniform=0.003049, graph_reg_scale=1.0000, prediction_l2=0.000000, personal_sparse=0.000000, alpha_var=0.000000, alpha_collapse=0.000000, reg_bce_ratio=0.0149 | Val: graph_entropy=0.000000, graph_diag=0.005000, graph_uniform=0.003049, graph_reg_scale=1.0000, prediction_l2=0.000000, personal_sparse=0.000000, alpha_var=0.000000, alpha_collapse=0.000000, reg_bce_ratio=0.0143
2026-04-17 08:51:31,016 - INFO - [assist_09|assist_09_abce_best_no_E|lr=0.0003|drop=0.20] [Diag][AE] Epoch [005] | irt_abs_mean=1.4240, irt_std=0.7702, personal_warmup_scale=1.00, graph_row_entropy=2.5592, graph_entropy_ratio=0.5318, alpha_mean=0.0000, alpha_std=0.0000, alpha_base_mean=0.0000, alpha_delta_absmean=0.0000, alpha_saturation_ratio=0.0000, alpha_bias_std=NA, alpha_state_path=0.0000, alpha_id_path=0.0000, alpha_bias_path=0.0000, head_bias_path=0.0000, personal_row_entropy=0.0000, personal_matrix_delta=0.0000, personal_matrix_student_std=0.0000, personal_delta_pre_softmax_norm=0.0000, personal_delta_student_std=0.0000, alpha_head_std=0.0000, query_row_global_readout_delta=0.3342, query_row_personal_message_delta=0.0000, query_row_posterior_delta_abs=0.0000, query_row_posterior_kl=0.0000, personal_to_graph_query_ratio=0.0000, query_row_global_support_mass=1.3063, query_row_personal_support_mass=0.0000, neighbor_row_personal_delta=0.0000, personal_row_budget_mean=0.0000, personal_query_row_std=0.0000, readout_query_support_mass=1.3063, personal_student_mix=0.0000, personal_student_adapter=0.0000, local_row_ratio=0.0000, support_density=0.0000, readout_query_delta=0.3342, personal_bad_rows_active=0.00, personal_fallback_rows_active=0.00, personal_bad_row_rate_active=0.0000, personal_padded_rows=0.00, personal_logits_support_absmax=0.0000, personal_query_trust_scale_mean=1.0000, personal_bad_rows_legacy=0.00, personal_fallback_rows_legacy=0.00, personal_logits_absmax_legacy=0.0000
2026-04-17 08:51:31,016 - INFO - [assist_09|assist_09_abce_best_no_E|lr=0.0003|drop=0.20] [Diag][A] Epoch [005] | entropy_ratio=0.5318, diag_mass=0.0500, to_uniform_l2=0.023784, to_identity_l2=0.089156, relation_identity_delta=0.089156, knowledge_state_graph_delta=0.651685, knowledge_state_personal_delta=0.000000, share_concept_embeddings=True, tau_mean=0.6913, tau_std=0.0020, graph_reg_scale(train/val)=1.0000/1.0000
2026-04-17 08:51:31,017 - INFO - [assist_09|assist_09_abce_best_no_E|lr=0.0003|drop=0.20] [Grad Norms] Epoch [005] | relation_emb=1.907009e-01, relation_tau=8.040155e-08, relation_wq=4.317927e-06, relation_wk=2.155166e-06, personal_u=0.000000e+00, personal_v=0.000000e+00, personal_alpha_bias=0.000000e+00, personal_gate_emb=0.000000e+00, personal_gate_state_proj=0.000000e+00, personal_gate_context_proj=0.000000e+00, personal_gate_state_direct=0.000000e+00, personal_gate_id_direct=0.000000e+00, personal_gate_context_direct=0.000000e+00, personal_gate_out=0.000000e+00, personal_generator_emb=0.000000e+00, personal_generator_context_proj=0.000000e+00, personal_generator_context_hidden=0.000000e+00, personal_generator_context_to_u=0.000000e+00, personal_generator_context_to_v=0.000000e+00, personal_generator_state_row=0.000000e+00, personal_generator_state_col=0.000000e+00, personal_generator_id_row=0.000000e+00, personal_generator_id_col=0.000000e+00, personal_generator_state_adapter=0.000000e+00, personal_generator_id_adapter=0.000000e+00, personal_generator_context_adapter=0.000000e+00, personal_generator_direct_scale=0.000000e+00
2026-04-17 08:51:31,284 - INFO - [assist_09|assist_09_abce_best_no_E|lr=0.0003|drop=0.20] -> New best AUC=0.7378 at epoch 5
2026-04-17 08:51:57,957 - INFO - [assist_09|assist_09_abce_best_no_E|lr=0.0003|drop=0.20] Epoch [006/100] | Train: Loss=0.5416, BCE=0.5336, Reg=0.0080, AUC=0.7664, ACC=0.7277, RMSE=0.4233 | Val: Loss=0.5644, BCE=0.5564, Reg=0.0080, AUC=0.7443, ACC=0.7143, RMSE=0.4337
2026-04-17 08:51:57,958 - INFO - [assist_09|assist_09_abce_best_no_E|lr=0.0003|drop=0.20] [Reg Terms] Epoch [006] | Train: graph_entropy=0.000000, graph_diag=0.005000, graph_uniform=0.003049, graph_reg_scale=1.0000, prediction_l2=0.000000, personal_sparse=0.000000, alpha_var=0.000000, alpha_collapse=0.000000, reg_bce_ratio=0.0151 | Val: graph_entropy=0.000000, graph_diag=0.005000, graph_uniform=0.003049, graph_reg_scale=1.0000, prediction_l2=0.000000, personal_sparse=0.000000, alpha_var=0.000000, alpha_collapse=0.000000, reg_bce_ratio=0.0145
2026-04-17 08:51:58,111 - INFO - [assist_09|assist_09_abce_best_no_E|lr=0.0003|drop=0.20] [Diag][AE] Epoch [006] | irt_abs_mean=1.4616, irt_std=0.7789, personal_warmup_scale=1.00, graph_row_entropy=2.5592, graph_entropy_ratio=0.5318, alpha_mean=0.0000, alpha_std=0.0000, alpha_base_mean=0.0000, alpha_delta_absmean=0.0000, alpha_saturation_ratio=0.0000, alpha_bias_std=NA, alpha_state_path=0.0000, alpha_id_path=0.0000, alpha_bias_path=0.0000, head_bias_path=0.0000, personal_row_entropy=0.0000, personal_matrix_delta=0.0000, personal_matrix_student_std=0.0000, personal_delta_pre_softmax_norm=0.0000, personal_delta_student_std=0.0000, alpha_head_std=0.0000, query_row_global_readout_delta=0.3438, query_row_personal_message_delta=0.0000, query_row_posterior_delta_abs=0.0000, query_row_posterior_kl=0.0000, personal_to_graph_query_ratio=0.0000, query_row_global_support_mass=1.1717, query_row_personal_support_mass=0.0000, neighbor_row_personal_delta=0.0000, personal_row_budget_mean=0.0000, personal_query_row_std=0.0000, readout_query_support_mass=1.1717, personal_student_mix=0.0000, personal_student_adapter=0.0000, local_row_ratio=0.0000, support_density=0.0000, readout_query_delta=0.3438, personal_bad_rows_active=0.00, personal_fallback_rows_active=0.00, personal_bad_row_rate_active=0.0000, personal_padded_rows=0.00, personal_logits_support_absmax=0.0000, personal_query_trust_scale_mean=1.0000, personal_bad_rows_legacy=0.00, personal_fallback_rows_legacy=0.00, personal_logits_absmax_legacy=0.0000
2026-04-17 08:51:58,111 - INFO - [assist_09|assist_09_abce_best_no_E|lr=0.0003|drop=0.20] [Diag][A] Epoch [006] | entropy_ratio=0.5318, diag_mass=0.0500, to_uniform_l2=0.023784, to_identity_l2=0.089156, relation_identity_delta=0.089156, knowledge_state_graph_delta=0.675155, knowledge_state_personal_delta=0.000000, share_concept_embeddings=True, tau_mean=0.6931, tau_std=0.0001, graph_reg_scale(train/val)=1.0000/1.0000
2026-04-17 08:51:58,112 - INFO - [assist_09|assist_09_abce_best_no_E|lr=0.0003|drop=0.20] [Grad Norms] Epoch [006] | relation_emb=1.774418e-01, relation_tau=8.393410e-09, relation_wq=3.286915e-06, relation_wk=1.073558e-06, personal_u=0.000000e+00, personal_v=0.000000e+00, personal_alpha_bias=0.000000e+00, personal_gate_emb=0.000000e+00, personal_gate_state_proj=0.000000e+00, personal_gate_context_proj=0.000000e+00, personal_gate_state_direct=0.000000e+00, personal_gate_id_direct=0.000000e+00, personal_gate_context_direct=0.000000e+00, personal_gate_out=0.000000e+00, personal_generator_emb=0.000000e+00, personal_generator_context_proj=0.000000e+00, personal_generator_context_hidden=0.000000e+00, personal_generator_context_to_u=0.000000e+00, personal_generator_context_to_v=0.000000e+00, personal_generator_state_row=0.000000e+00, personal_generator_state_col=0.000000e+00, personal_generator_id_row=0.000000e+00, personal_generator_id_col=0.000000e+00, personal_generator_state_adapter=0.000000e+00, personal_generator_id_adapter=0.000000e+00, personal_generator_context_adapter=0.000000e+00, personal_generator_direct_scale=0.000000e+00
2026-04-17 08:51:58,325 - INFO - [assist_09|assist_09_abce_best_no_E|lr=0.0003|drop=0.20] -> New best AUC=0.7443 at epoch 6
2026-04-17 08:52:26,231 - INFO - [assist_09|assist_09_abce_best_no_E|lr=0.0003|drop=0.20] Epoch [007/100] | Train: Loss=0.5361, BCE=0.5280, Reg=0.0080, AUC=0.7734, ACC=0.7310, RMSE=0.4208 | Val: Loss=0.5635, BCE=0.5555, Reg=0.0080, AUC=0.7466, ACC=0.7149, RMSE=0.4333
2026-04-17 08:52:26,231 - INFO - [assist_09|assist_09_abce_best_no_E|lr=0.0003|drop=0.20] [Reg Terms] Epoch [007] | Train: graph_entropy=0.000000, graph_diag=0.005000, graph_uniform=0.003049, graph_reg_scale=1.0000, prediction_l2=0.000000, personal_sparse=0.000000, alpha_var=0.000000, alpha_collapse=0.000000, reg_bce_ratio=0.0152 | Val: graph_entropy=0.000000, graph_diag=0.005000, graph_uniform=0.003049, graph_reg_scale=1.0000, prediction_l2=0.000000, personal_sparse=0.000000, alpha_var=0.000000, alpha_collapse=0.000000, reg_bce_ratio=0.0145
2026-04-17 08:52:26,360 - INFO - [assist_09|assist_09_abce_best_no_E|lr=0.0003|drop=0.20] [Diag][AE] Epoch [007] | irt_abs_mean=1.5059, irt_std=0.7930, personal_warmup_scale=1.00, graph_row_entropy=2.5592, graph_entropy_ratio=0.5318, alpha_mean=0.0000, alpha_std=0.0000, alpha_base_mean=0.0000, alpha_delta_absmean=0.0000, alpha_saturation_ratio=0.0000, alpha_bias_std=NA, alpha_state_path=0.0000, alpha_id_path=0.0000, alpha_bias_path=0.0000, head_bias_path=0.0000, personal_row_entropy=0.0000, personal_matrix_delta=0.0000, personal_matrix_student_std=0.0000, personal_delta_pre_softmax_norm=0.0000, personal_delta_student_std=0.0000, alpha_head_std=0.0000, query_row_global_readout_delta=0.3719, query_row_personal_message_delta=0.0000, query_row_posterior_delta_abs=0.0000, query_row_posterior_kl=0.0000, personal_to_graph_query_ratio=0.0000, query_row_global_support_mass=1.2100, query_row_personal_support_mass=0.0000, neighbor_row_personal_delta=0.0000, personal_row_budget_mean=0.0000, personal_query_row_std=0.0000, readout_query_support_mass=1.2100, personal_student_mix=0.0000, personal_student_adapter=0.0000, local_row_ratio=0.0000, support_density=0.0000, readout_query_delta=0.3719, personal_bad_rows_active=0.00, personal_fallback_rows_active=0.00, personal_bad_row_rate_active=0.0000, personal_padded_rows=0.00, personal_logits_support_absmax=0.0000, personal_query_trust_scale_mean=1.0000, personal_bad_rows_legacy=0.00, personal_fallback_rows_legacy=0.00, personal_logits_absmax_legacy=0.0000
2026-04-17 08:52:26,360 - INFO - [assist_09|assist_09_abce_best_no_E|lr=0.0003|drop=0.20] [Diag][A] Epoch [007] | entropy_ratio=0.5318, diag_mass=0.0500, to_uniform_l2=0.023784, to_identity_l2=0.089156, relation_identity_delta=0.089156, knowledge_state_graph_delta=0.715645, knowledge_state_personal_delta=0.000000, share_concept_embeddings=True, tau_mean=0.6932, tau_std=0.0000, graph_reg_scale(train/val)=1.0000/1.0000
2026-04-17 08:52:26,360 - INFO - [assist_09|assist_09_abce_best_no_E|lr=0.0003|drop=0.20] [Grad Norms] Epoch [007] | relation_emb=1.945169e-01, relation_tau=1.159373e-08, relation_wq=2.467840e-06, relation_wk=1.109747e-06, personal_u=0.000000e+00, personal_v=0.000000e+00, personal_alpha_bias=0.000000e+00, personal_gate_emb=0.000000e+00, personal_gate_state_proj=0.000000e+00, personal_gate_context_proj=0.000000e+00, personal_gate_state_direct=0.000000e+00, personal_gate_id_direct=0.000000e+00, personal_gate_context_direct=0.000000e+00, personal_gate_out=0.000000e+00, personal_generator_emb=0.000000e+00, personal_generator_context_proj=0.000000e+00, personal_generator_context_hidden=0.000000e+00, personal_generator_context_to_u=0.000000e+00, personal_generator_context_to_v=0.000000e+00, personal_generator_state_row=0.000000e+00, personal_generator_state_col=0.000000e+00, personal_generator_id_row=0.000000e+00, personal_generator_id_col=0.000000e+00, personal_generator_state_adapter=0.000000e+00, personal_generator_id_adapter=0.000000e+00, personal_generator_context_adapter=0.000000e+00, personal_generator_direct_scale=0.000000e+00
2026-04-17 08:52:26,543 - INFO - [assist_09|assist_09_abce_best_no_E|lr=0.0003|drop=0.20] -> New best AUC=0.7466 at epoch 7
2026-04-17 08:52:34,447 - INFO - [assist_09|assist_09_abce_best_full|lr=0.0003|drop=0.20] Epoch [003/100] | Train: Loss=0.5572, BCE=0.5501, Reg=0.0071, AUC=0.7465, ACC=0.7208, RMSE=0.4305 | Val: Loss=0.5685, BCE=0.5614, Reg=0.0071, AUC=0.7358, ACC=0.7132, RMSE=0.4360
2026-04-17 08:52:34,447 - INFO - [assist_09|assist_09_abce_best_full|lr=0.0003|drop=0.20] [Reg Terms] Epoch [003] | Train: graph_entropy=0.000000, graph_diag=0.003769, graph_uniform=0.002286, graph_reg_scale=1.0000, prediction_l2=0.000000, personal_sparse=0.000119, alpha_var=0.000000, alpha_collapse=0.000000, reg_bce_ratio=0.0128 | Val: graph_entropy=0.000000, graph_diag=0.003750, graph_uniform=0.002286, graph_reg_scale=1.0000, prediction_l2=0.000000, personal_sparse=0.000143, alpha_var=0.000000, alpha_collapse=0.000000, reg_bce_ratio=0.0126
2026-04-17 08:52:34,640 - INFO - [assist_09|assist_09_abce_best_full|lr=0.0003|drop=0.20] [Diag][AE] Epoch [003] | irt_abs_mean=1.3577, irt_std=0.6666, personal_warmup_scale=0.38, graph_row_entropy=2.5592, graph_entropy_ratio=0.5318, alpha_mean=0.0565, alpha_std=0.0505, alpha_base_mean=0.0551, alpha_delta_absmean=0.0772, alpha_saturation_ratio=0.0000, alpha_bias_std=NA, alpha_state_path=2.2746, alpha_id_path=0.0000, alpha_bias_path=0.0000, head_bias_path=1.4857, personal_row_entropy=1.7762, personal_matrix_delta=0.0858, personal_matrix_student_std=0.0495, personal_delta_pre_softmax_norm=2.3198, personal_delta_student_std=1.1684, alpha_head_std=0.0505, query_row_global_readout_delta=0.3208, query_row_personal_message_delta=0.0008, query_row_posterior_delta_abs=0.0858, query_row_posterior_kl=0.0620, personal_to_graph_query_ratio=0.0026, query_row_global_support_mass=0.8193, query_row_personal_support_mass=0.8193, neighbor_row_personal_delta=0.0000, personal_row_budget_mean=1.0000, personal_query_row_std=0.0918, readout_query_support_mass=0.8193, personal_student_mix=0.0154, personal_student_adapter=0.0284, local_row_ratio=0.1999, support_density=0.4010, readout_query_delta=0.3206, personal_bad_rows_active=0.00, personal_fallback_rows_active=0.00, personal_bad_row_rate_active=0.0000, personal_padded_rows=460.00, personal_logits_support_absmax=6.0800, personal_query_trust_scale_mean=1.0000, personal_bad_rows_legacy=460.00, personal_fallback_rows_legacy=460.00, personal_logits_absmax_legacy=30.0000
2026-04-17 08:52:34,640 - INFO - [assist_09|assist_09_abce_best_full|lr=0.0003|drop=0.20] [Diag][A] Epoch [003] | entropy_ratio=0.5318, diag_mass=0.0500, to_uniform_l2=0.023784, to_identity_l2=0.089156, relation_identity_delta=0.089156, knowledge_state_graph_delta=0.634876, knowledge_state_personal_delta=0.000000, share_concept_embeddings=True, tau_mean=0.6682, tau_std=0.0248, graph_reg_scale(train/val)=1.0000/1.0000
2026-04-17 08:52:34,640 - WARNING - [assist_09|assist_09_abce_best_full|lr=0.0003|drop=0.20] [Diag Warning][AE] query-readout-overamplified: readout_query_delta=0.320594, query_row_graph_delta=0.320840, personal_matrix_delta=0.085765
2026-04-17 08:52:34,641 - INFO - [assist_09|assist_09_abce_best_full|lr=0.0003|drop=0.20] [Grad Norms] Epoch [003] | relation_emb=1.109774e-01, relation_tau=7.217399e-07, relation_wq=9.533058e-06, relation_wk=8.758254e-06, personal_u=7.370380e-04, personal_v=6.181021e-04, personal_alpha_bias=0.000000e+00, personal_gate_emb=1.051660e-20, personal_gate_state_proj=3.242750e-19, personal_gate_context_proj=2.274140e-19, personal_gate_state_direct=4.225425e-05, personal_gate_id_direct=7.645440e-17, personal_gate_context_direct=2.898769e-05, personal_gate_out=5.264841e-13, personal_generator_emb=7.552010e-22, personal_generator_context_proj=0.000000e+00, personal_generator_context_hidden=0.000000e+00, personal_generator_context_to_u=0.000000e+00, personal_generator_context_to_v=0.000000e+00, personal_generator_state_row=1.660981e-10, personal_generator_state_col=3.223366e-10, personal_generator_id_row=1.160349e-18, personal_generator_id_col=3.264040e-18, personal_generator_state_adapter=4.071196e-17, personal_generator_id_adapter=3.878138e-33, personal_generator_context_adapter=0.000000e+00, personal_generator_direct_scale=1.794737e-07
2026-04-17 08:52:34,894 - INFO - [assist_09|assist_09_abce_best_full|lr=0.0003|drop=0.20] -> New best AUC=0.7358 at epoch 3
2026-04-17 08:52:54,076 - INFO - [assist_09|assist_09_abce_best_no_E|lr=0.0003|drop=0.20] Epoch [008/100] | Train: Loss=0.5303, BCE=0.5222, Reg=0.0080, AUC=0.7801, ACC=0.7341, RMSE=0.4182 | Val: Loss=0.5605, BCE=0.5524, Reg=0.0080, AUC=0.7462, ACC=0.7179, RMSE=0.4316
2026-04-17 08:52:54,077 - INFO - [assist_09|assist_09_abce_best_no_E|lr=0.0003|drop=0.20] [Reg Terms] Epoch [008] | Train: graph_entropy=0.000000, graph_diag=0.005000, graph_uniform=0.003049, graph_reg_scale=1.0000, prediction_l2=0.000000, personal_sparse=0.000000, alpha_var=0.000000, alpha_collapse=0.000000, reg_bce_ratio=0.0154 | Val: graph_entropy=0.000000, graph_diag=0.005000, graph_uniform=0.003049, graph_reg_scale=1.0000, prediction_l2=0.000000, personal_sparse=0.000000, alpha_var=0.000000, alpha_collapse=0.000000, reg_bce_ratio=0.0146
2026-04-17 08:52:54,239 - INFO - [assist_09|assist_09_abce_best_no_E|lr=0.0003|drop=0.20] [Diag][AE] Epoch [008] | irt_abs_mean=1.3823, irt_std=0.8380, personal_warmup_scale=1.00, graph_row_entropy=2.5592, graph_entropy_ratio=0.5318, alpha_mean=0.0000, alpha_std=0.0000, alpha_base_mean=0.0000, alpha_delta_absmean=0.0000, alpha_saturation_ratio=0.0000, alpha_bias_std=NA, alpha_state_path=0.0000, alpha_id_path=0.0000, alpha_bias_path=0.0000, head_bias_path=0.0000, personal_row_entropy=0.0000, personal_matrix_delta=0.0000, personal_matrix_student_std=0.0000, personal_delta_pre_softmax_norm=0.0000, personal_delta_student_std=0.0000, alpha_head_std=0.0000, query_row_global_readout_delta=0.3871, query_row_personal_message_delta=0.0000, query_row_posterior_delta_abs=0.0000, query_row_posterior_kl=0.0000, personal_to_graph_query_ratio=0.0000, query_row_global_support_mass=1.2724, query_row_personal_support_mass=0.0000, neighbor_row_personal_delta=0.0000, personal_row_budget_mean=0.0000, personal_query_row_std=0.0000, readout_query_support_mass=1.2724, personal_student_mix=0.0000, personal_student_adapter=0.0000, local_row_ratio=0.0000, support_density=0.0000, readout_query_delta=0.3871, personal_bad_rows_active=0.00, personal_fallback_rows_active=0.00, personal_bad_row_rate_active=0.0000, personal_padded_rows=0.00, personal_logits_support_absmax=0.0000, personal_query_trust_scale_mean=1.0000, personal_bad_rows_legacy=0.00, personal_fallback_rows_legacy=0.00, personal_logits_absmax_legacy=0.0000
2026-04-17 08:52:54,240 - INFO - [assist_09|assist_09_abce_best_no_E|lr=0.0003|drop=0.20] [Diag][A] Epoch [008] | entropy_ratio=0.5318, diag_mass=0.0500, to_uniform_l2=0.023784, to_identity_l2=0.089156, relation_identity_delta=0.089156, knowledge_state_graph_delta=0.750262, knowledge_state_personal_delta=0.000000, share_concept_embeddings=True, tau_mean=0.6932, tau_std=0.0000, graph_reg_scale(train/val)=1.0000/1.0000
2026-04-17 08:52:54,240 - INFO - [assist_09|assist_09_abce_best_no_E|lr=0.0003|drop=0.20] [Grad Norms] Epoch [008] | relation_emb=2.377861e-01, relation_tau=3.305326e-08, relation_wq=4.119118e-06, relation_wk=2.047738e-06, personal_u=0.000000e+00, personal_v=0.000000e+00, personal_alpha_bias=0.000000e+00, personal_gate_emb=0.000000e+00, personal_gate_state_proj=0.000000e+00, personal_gate_context_proj=0.000000e+00, personal_gate_state_direct=0.000000e+00, personal_gate_id_direct=0.000000e+00, personal_gate_context_direct=0.000000e+00, personal_gate_out=0.000000e+00, personal_generator_emb=0.000000e+00, personal_generator_context_proj=0.000000e+00, personal_generator_context_hidden=0.000000e+00, personal_generator_context_to_u=0.000000e+00, personal_generator_context_to_v=0.000000e+00, personal_generator_state_row=0.000000e+00, personal_generator_state_col=0.000000e+00, personal_generator_id_row=0.000000e+00, personal_generator_id_col=0.000000e+00, personal_generator_state_adapter=0.000000e+00, personal_generator_id_adapter=0.000000e+00, personal_generator_context_adapter=0.000000e+00, personal_generator_direct_scale=0.000000e+00
2026-04-17 08:52:54,240 - INFO - [assist_09|assist_09_abce_best_no_E|lr=0.0003|drop=0.20] -> No improvement 1 epoch(s) (best AUC=0.7466 @ 7)
2026-04-17 08:53:21,767 - INFO - [assist_09|assist_09_abce_best_no_E|lr=0.0003|drop=0.20] Epoch [009/100] | Train: Loss=0.5253, BCE=0.5173, Reg=0.0080, AUC=0.7859, ACC=0.7374, RMSE=0.4159 | Val: Loss=0.5571, BCE=0.5491, Reg=0.0080, AUC=0.7503, ACC=0.7193, RMSE=0.4301
2026-04-17 08:53:21,767 - INFO - [assist_09|assist_09_abce_best_no_E|lr=0.0003|drop=0.20] [Reg Terms] Epoch [009] | Train: graph_entropy=0.000000, graph_diag=0.005000, graph_uniform=0.003049, graph_reg_scale=1.0000, prediction_l2=0.000000, personal_sparse=0.000000, alpha_var=0.000000, alpha_collapse=0.000000, reg_bce_ratio=0.0156 | Val: graph_entropy=0.000000, graph_diag=0.005000, graph_uniform=0.003049, graph_reg_scale=1.0000, prediction_l2=0.000000, personal_sparse=0.000000, alpha_var=0.000000, alpha_collapse=0.000000, reg_bce_ratio=0.0147
2026-04-17 08:53:21,909 - INFO - [assist_09|assist_09_abce_best_no_E|lr=0.0003|drop=0.20] [Diag][AE] Epoch [009] | irt_abs_mean=1.3989, irt_std=0.8025, personal_warmup_scale=1.00, graph_row_entropy=2.5592, graph_entropy_ratio=0.5318, alpha_mean=0.0000, alpha_std=0.0000, alpha_base_mean=0.0000, alpha_delta_absmean=0.0000, alpha_saturation_ratio=0.0000, alpha_bias_std=NA, alpha_state_path=0.0000, alpha_id_path=0.0000, alpha_bias_path=0.0000, head_bias_path=0.0000, personal_row_entropy=0.0000, personal_matrix_delta=0.0000, personal_matrix_student_std=0.0000, personal_delta_pre_softmax_norm=0.0000, personal_delta_student_std=0.0000, alpha_head_std=0.0000, query_row_global_readout_delta=0.4099, query_row_personal_message_delta=0.0000, query_row_posterior_delta_abs=0.0000, query_row_posterior_kl=0.0000, personal_to_graph_query_ratio=0.0000, query_row_global_support_mass=1.1399, query_row_personal_support_mass=0.0000, neighbor_row_personal_delta=0.0000, personal_row_budget_mean=0.0000, personal_query_row_std=0.0000, readout_query_support_mass=1.1399, personal_student_mix=0.0000, personal_student_adapter=0.0000, local_row_ratio=0.0000, support_density=0.0000, readout_query_delta=0.4099, personal_bad_rows_active=0.00, personal_fallback_rows_active=0.00, personal_bad_row_rate_active=0.0000, personal_padded_rows=0.00, personal_logits_support_absmax=0.0000, personal_query_trust_scale_mean=1.0000, personal_bad_rows_legacy=0.00, personal_fallback_rows_legacy=0.00, personal_logits_absmax_legacy=0.0000
2026-04-17 08:53:21,909 - INFO - [assist_09|assist_09_abce_best_no_E|lr=0.0003|drop=0.20] [Diag][A] Epoch [009] | entropy_ratio=0.5318, diag_mass=0.0500, to_uniform_l2=0.023784, to_identity_l2=0.089156, relation_identity_delta=0.089156, knowledge_state_graph_delta=0.786246, knowledge_state_personal_delta=0.000000, share_concept_embeddings=True, tau_mean=0.6931, tau_std=0.0001, graph_reg_scale(train/val)=1.0000/1.0000
2026-04-17 08:53:21,909 - INFO - [assist_09|assist_09_abce_best_no_E|lr=0.0003|drop=0.20] [Grad Norms] Epoch [009] | relation_emb=2.907568e-01, relation_tau=8.562886e-09, relation_wq=2.800408e-06, relation_wk=1.559780e-06, personal_u=0.000000e+00, personal_v=0.000000e+00, personal_alpha_bias=0.000000e+00, personal_gate_emb=0.000000e+00, personal_gate_state_proj=0.000000e+00, personal_gate_context_proj=0.000000e+00, personal_gate_state_direct=0.000000e+00, personal_gate_id_direct=0.000000e+00, personal_gate_context_direct=0.000000e+00, personal_gate_out=0.000000e+00, personal_generator_emb=0.000000e+00, personal_generator_context_proj=0.000000e+00, personal_generator_context_hidden=0.000000e+00, personal_generator_context_to_u=0.000000e+00, personal_generator_context_to_v=0.000000e+00, personal_generator_state_row=0.000000e+00, personal_generator_state_col=0.000000e+00, personal_generator_id_row=0.000000e+00, personal_generator_id_col=0.000000e+00, personal_generator_state_adapter=0.000000e+00, personal_generator_id_adapter=0.000000e+00, personal_generator_context_adapter=0.000000e+00, personal_generator_direct_scale=0.000000e+00
2026-04-17 08:53:22,146 - INFO - [assist_09|assist_09_abce_best_no_E|lr=0.0003|drop=0.20] -> New best AUC=0.7503 at epoch 9
2026-04-17 08:53:47,766 - INFO - [assist_09|assist_09_abce_best_full|lr=0.0003|drop=0.20] Epoch [004/100] | Train: Loss=0.5537, BCE=0.5443, Reg=0.0094, AUC=0.7536, ACC=0.7230, RMSE=0.4280 | Val: Loss=0.5687, BCE=0.5593, Reg=0.0095, AUC=0.7357, ACC=0.7121, RMSE=0.4348
2026-04-17 08:53:47,766 - INFO - [assist_09|assist_09_abce_best_full|lr=0.0003|drop=0.20] [Reg Terms] Epoch [004] | Train: graph_entropy=0.000000, graph_diag=0.005000, graph_uniform=0.003049, graph_reg_scale=1.0000, prediction_l2=0.000000, personal_sparse=0.000158, alpha_var=0.000000, alpha_collapse=0.000000, reg_bce_ratio=0.0173 | Val: graph_entropy=0.000000, graph_diag=0.005000, graph_uniform=0.003049, graph_reg_scale=1.0000, prediction_l2=0.000000, personal_sparse=0.000189, alpha_var=0.000000, alpha_collapse=0.000000, reg_bce_ratio=0.0169
2026-04-17 08:53:47,976 - INFO - [assist_09|assist_09_abce_best_full|lr=0.0003|drop=0.20] [Diag][AE] Epoch [004] | irt_abs_mean=1.1898, irt_std=0.6536, personal_warmup_scale=0.50, graph_row_entropy=2.5592, graph_entropy_ratio=0.5318, alpha_mean=0.0625, alpha_std=0.0521, alpha_base_mean=0.0567, alpha_delta_absmean=0.0610, alpha_saturation_ratio=0.0000, alpha_bias_std=NA, alpha_state_path=1.6137, alpha_id_path=0.0000, alpha_bias_path=0.0000, head_bias_path=1.4435, personal_row_entropy=1.7978, personal_matrix_delta=0.0835, personal_matrix_student_std=0.0505, personal_delta_pre_softmax_norm=2.3231, personal_delta_student_std=1.1886, alpha_head_std=0.0521, query_row_global_readout_delta=0.3347, query_row_personal_message_delta=0.0010, query_row_posterior_delta_abs=0.0835, query_row_posterior_kl=0.0595, personal_to_graph_query_ratio=0.0030, query_row_global_support_mass=0.8942, query_row_personal_support_mass=0.8942, neighbor_row_personal_delta=0.0000, personal_row_budget_mean=1.0000, personal_query_row_std=0.1020, readout_query_support_mass=0.8942, personal_student_mix=0.0210, personal_student_adapter=0.0339, local_row_ratio=0.2135, support_density=0.4010, readout_query_delta=0.3344, personal_bad_rows_active=0.00, personal_fallback_rows_active=0.00, personal_bad_row_rate_active=0.0000, personal_padded_rows=460.00, personal_logits_support_absmax=5.9776, personal_query_trust_scale_mean=1.0000, personal_bad_rows_legacy=460.00, personal_fallback_rows_legacy=460.00, personal_logits_absmax_legacy=30.0000
2026-04-17 08:53:47,976 - INFO - [assist_09|assist_09_abce_best_full|lr=0.0003|drop=0.20] [Diag][A] Epoch [004] | entropy_ratio=0.5318, diag_mass=0.0500, to_uniform_l2=0.023784, to_identity_l2=0.089156, relation_identity_delta=0.089156, knowledge_state_graph_delta=0.639606, knowledge_state_personal_delta=0.000000, share_concept_embeddings=True, tau_mean=0.6785, tau_std=0.0148, graph_reg_scale(train/val)=1.0000/1.0000
2026-04-17 08:53:47,977 - WARNING - [assist_09|assist_09_abce_best_full|lr=0.0003|drop=0.20] [Diag Warning][AE] query-readout-overamplified: readout_query_delta=0.334442, query_row_graph_delta=0.334720, personal_matrix_delta=0.083458
2026-04-17 08:53:47,977 - INFO - [assist_09|assist_09_abce_best_full|lr=0.0003|drop=0.20] [Grad Norms] Epoch [004] | relation_emb=1.309962e-01, relation_tau=5.817912e-08, relation_wq=4.006660e-06, relation_wk=3.268061e-06, personal_u=1.054149e-03, personal_v=1.061057e-03, personal_alpha_bias=0.000000e+00, personal_gate_emb=0.000000e+00, personal_gate_state_proj=0.000000e+00, personal_gate_context_proj=0.000000e+00, personal_gate_state_direct=1.002417e-04, personal_gate_id_direct=0.000000e+00, personal_gate_context_direct=1.022550e-05, personal_gate_out=3.963354e-20, personal_generator_emb=0.000000e+00, personal_generator_context_proj=0.000000e+00, personal_generator_context_hidden=0.000000e+00, personal_generator_context_to_u=0.000000e+00, personal_generator_context_to_v=0.000000e+00, personal_generator_state_row=1.541561e-14, personal_generator_state_col=2.078849e-14, personal_generator_id_row=0.000000e+00, personal_generator_id_col=0.000000e+00, personal_generator_state_adapter=3.061903e-24, personal_generator_id_adapter=1.121039e-44, personal_generator_context_adapter=0.000000e+00, personal_generator_direct_scale=7.743298e-07
2026-04-17 08:53:47,977 - INFO - [assist_09|assist_09_abce_best_full|lr=0.0003|drop=0.20] -> No improvement 1 epoch(s) (best AUC=0.7358 @ 3)
2026-04-17 08:53:50,352 - INFO - [assist_09|assist_09_abce_best_no_E|lr=0.0003|drop=0.20] Epoch [010/100] | Train: Loss=0.5199, BCE=0.5119, Reg=0.0080, AUC=0.7918, ACC=0.7403, RMSE=0.4135 | Val: Loss=0.5569, BCE=0.5488, Reg=0.0080, AUC=0.7511, ACC=0.7192, RMSE=0.4300
2026-04-17 08:53:50,353 - INFO - [assist_09|assist_09_abce_best_no_E|lr=0.0003|drop=0.20] [Reg Terms] Epoch [010] | Train: graph_entropy=0.000000, graph_diag=0.005000, graph_uniform=0.003049, graph_reg_scale=1.0000, prediction_l2=0.000000, personal_sparse=0.000000, alpha_var=0.000000, alpha_collapse=0.000000, reg_bce_ratio=0.0157 | Val: graph_entropy=0.000000, graph_diag=0.005000, graph_uniform=0.003049, graph_reg_scale=1.0000, prediction_l2=0.000000, personal_sparse=0.000000, alpha_var=0.000000, alpha_collapse=0.000000, reg_bce_ratio=0.0147
2026-04-17 08:53:50,506 - INFO - [assist_09|assist_09_abce_best_no_E|lr=0.0003|drop=0.20] [Diag][AE] Epoch [010] | irt_abs_mean=1.3953, irt_std=0.8445, personal_warmup_scale=1.00, graph_row_entropy=2.5592, graph_entropy_ratio=0.5318, alpha_mean=0.0000, alpha_std=0.0000, alpha_base_mean=0.0000, alpha_delta_absmean=0.0000, alpha_saturation_ratio=0.0000, alpha_bias_std=NA, alpha_state_path=0.0000, alpha_id_path=0.0000, alpha_bias_path=0.0000, head_bias_path=0.0000, personal_row_entropy=0.0000, personal_matrix_delta=0.0000, personal_matrix_student_std=0.0000, personal_delta_pre_softmax_norm=0.0000, personal_delta_student_std=0.0000, alpha_head_std=0.0000, query_row_global_readout_delta=0.4328, query_row_personal_message_delta=0.0000, query_row_posterior_delta_abs=0.0000, query_row_posterior_kl=0.0000, personal_to_graph_query_ratio=0.0000, query_row_global_support_mass=1.1113, query_row_personal_support_mass=0.0000, neighbor_row_personal_delta=0.0000, personal_row_budget_mean=0.0000, personal_query_row_std=0.0000, readout_query_support_mass=1.1113, personal_student_mix=0.0000, personal_student_adapter=0.0000, local_row_ratio=0.0000, support_density=0.0000, readout_query_delta=0.4328, personal_bad_rows_active=0.00, personal_fallback_rows_active=0.00, personal_bad_row_rate_active=0.0000, personal_padded_rows=0.00, personal_logits_support_absmax=0.0000, personal_query_trust_scale_mean=1.0000, personal_bad_rows_legacy=0.00, personal_fallback_rows_legacy=0.00, personal_logits_absmax_legacy=0.0000
2026-04-17 08:53:50,506 - INFO - [assist_09|assist_09_abce_best_no_E|lr=0.0003|drop=0.20] [Diag][A] Epoch [010] | entropy_ratio=0.5318, diag_mass=0.0500, to_uniform_l2=0.023784, to_identity_l2=0.089156, relation_identity_delta=0.089156, knowledge_state_graph_delta=0.838949, knowledge_state_personal_delta=0.000000, share_concept_embeddings=True, tau_mean=0.6930, tau_std=0.0002, graph_reg_scale(train/val)=1.0000/1.0000
2026-04-17 08:53:50,507 - INFO - [assist_09|assist_09_abce_best_no_E|lr=0.0003|drop=0.20] [Grad Norms] Epoch [010] | relation_emb=2.904879e-01, relation_tau=7.153790e-08, relation_wq=3.748916e-06, relation_wk=2.900718e-06, personal_u=0.000000e+00, personal_v=0.000000e+00, personal_alpha_bias=0.000000e+00, personal_gate_emb=0.000000e+00, personal_gate_state_proj=0.000000e+00, personal_gate_context_proj=0.000000e+00, personal_gate_state_direct=0.000000e+00, personal_gate_id_direct=0.000000e+00, personal_gate_context_direct=0.000000e+00, personal_gate_out=0.000000e+00, personal_generator_emb=0.000000e+00, personal_generator_context_proj=0.000000e+00, personal_generator_context_hidden=0.000000e+00, personal_generator_context_to_u=0.000000e+00, personal_generator_context_to_v=0.000000e+00, personal_generator_state_row=0.000000e+00, personal_generator_state_col=0.000000e+00, personal_generator_id_row=0.000000e+00, personal_generator_id_col=0.000000e+00, personal_generator_state_adapter=0.000000e+00, personal_generator_id_adapter=0.000000e+00, personal_generator_context_adapter=0.000000e+00, personal_generator_direct_scale=0.000000e+00
2026-04-17 08:53:51,651 - INFO - [assist_09|assist_09_abce_best_no_E|lr=0.0003|drop=0.20] -> New best AUC=0.7511 at epoch 10
2026-04-17 08:53:51,672 - INFO - [assist_09|assist_09_abce_best_no_E|lr=0.0003|drop=0.20] Checkpoint saved: checkpoints/abce_diag/remote_trust_diag_20260417_709083f/assist_09/seed42/best_no_E/checkpoint_epoch_10.pth
2026-04-17 08:53:51,834 - INFO - [assist_09|assist_09_abce_best_no_E|lr=0.0003|drop=0.20] [Module Activity] Epoch 10: Graph[LIVE]
2026-04-17 08:54:19,003 - INFO - [assist_09|assist_09_abce_best_no_E|lr=0.0003|drop=0.20] Epoch [011/100] | Train: Loss=0.5150, BCE=0.5070, Reg=0.0080, AUC=0.7969, ACC=0.7437, RMSE=0.4112 | Val: Loss=0.5560, BCE=0.5480, Reg=0.0080, AUC=0.7526, ACC=0.7200, RMSE=0.4294
2026-04-17 08:54:19,003 - INFO - [assist_09|assist_09_abce_best_no_E|lr=0.0003|drop=0.20] [Reg Terms] Epoch [011] | Train: graph_entropy=0.000000, graph_diag=0.005000, graph_uniform=0.003049, graph_reg_scale=1.0000, prediction_l2=0.000000, personal_sparse=0.000000, alpha_var=0.000000, alpha_collapse=0.000000, reg_bce_ratio=0.0159 | Val: graph_entropy=0.000000, graph_diag=0.005000, graph_uniform=0.003049, graph_reg_scale=1.0000, prediction_l2=0.000000, personal_sparse=0.000000, alpha_var=0.000000, alpha_collapse=0.000000, reg_bce_ratio=0.0147
2026-04-17 08:54:19,153 - INFO - [assist_09|assist_09_abce_best_no_E|lr=0.0003|drop=0.20] [Diag][AE] Epoch [011] | irt_abs_mean=1.4510, irt_std=0.8533, personal_warmup_scale=1.00, graph_row_entropy=2.5592, graph_entropy_ratio=0.5318, alpha_mean=0.0000, alpha_std=0.0000, alpha_base_mean=0.0000, alpha_delta_absmean=0.0000, alpha_saturation_ratio=0.0000, alpha_bias_std=NA, alpha_state_path=0.0000, alpha_id_path=0.0000, alpha_bias_path=0.0000, head_bias_path=0.0000, personal_row_entropy=0.0000, personal_matrix_delta=0.0000, personal_matrix_student_std=0.0000, personal_delta_pre_softmax_norm=0.0000, personal_delta_student_std=0.0000, alpha_head_std=0.0000, query_row_global_readout_delta=0.4615, query_row_personal_message_delta=0.0000, query_row_posterior_delta_abs=0.0000, query_row_posterior_kl=0.0000, personal_to_graph_query_ratio=0.0000, query_row_global_support_mass=1.0540, query_row_personal_support_mass=0.0000, neighbor_row_personal_delta=0.0000, personal_row_budget_mean=0.0000, personal_query_row_std=0.0000, readout_query_support_mass=1.0540, personal_student_mix=0.0000, personal_student_adapter=0.0000, local_row_ratio=0.0000, support_density=0.0000, readout_query_delta=0.4615, personal_bad_rows_active=0.00, personal_fallback_rows_active=0.00, personal_bad_row_rate_active=0.0000, personal_padded_rows=0.00, personal_logits_support_absmax=0.0000, personal_query_trust_scale_mean=1.0000, personal_bad_rows_legacy=0.00, personal_fallback_rows_legacy=0.00, personal_logits_absmax_legacy=0.0000
2026-04-17 08:54:19,153 - INFO - [assist_09|assist_09_abce_best_no_E|lr=0.0003|drop=0.20] [Diag][A] Epoch [011] | entropy_ratio=0.5318, diag_mass=0.0500, to_uniform_l2=0.023784, to_identity_l2=0.089156, relation_identity_delta=0.089156, knowledge_state_graph_delta=0.894524, knowledge_state_personal_delta=0.000000, share_concept_embeddings=True, tau_mean=0.6932, tau_std=0.0000, graph_reg_scale(train/val)=1.0000/1.0000
2026-04-17 08:54:19,153 - INFO - [assist_09|assist_09_abce_best_no_E|lr=0.0003|drop=0.20] [Grad Norms] Epoch [011] | relation_emb=3.617634e-01, relation_tau=1.054915e-07, relation_wq=4.027769e-06, relation_wk=2.452727e-06, personal_u=0.000000e+00, personal_v=0.000000e+00, personal_alpha_bias=0.000000e+00, personal_gate_emb=0.000000e+00, personal_gate_state_proj=0.000000e+00, personal_gate_context_proj=0.000000e+00, personal_gate_state_direct=0.000000e+00, personal_gate_id_direct=0.000000e+00, personal_gate_context_direct=0.000000e+00, personal_gate_out=0.000000e+00, personal_generator_emb=0.000000e+00, personal_generator_context_proj=0.000000e+00, personal_generator_context_hidden=0.000000e+00, personal_generator_context_to_u=0.000000e+00, personal_generator_context_to_v=0.000000e+00, personal_generator_state_row=0.000000e+00, personal_generator_state_col=0.000000e+00, personal_generator_id_row=0.000000e+00, personal_generator_id_col=0.000000e+00, personal_generator_state_adapter=0.000000e+00, personal_generator_id_adapter=0.000000e+00, personal_generator_context_adapter=0.000000e+00, personal_generator_direct_scale=0.000000e+00
2026-04-17 08:54:19,422 - INFO - [assist_09|assist_09_abce_best_no_E|lr=0.0003|drop=0.20] -> New best AUC=0.7526 at epoch 11
2026-04-17 08:54:46,096 - INFO - [assist_09|assist_09_abce_best_no_E|lr=0.0003|drop=0.20] Epoch [012/100] | Train: Loss=0.5100, BCE=0.5019, Reg=0.0080, AUC=0.8024, ACC=0.7457, RMSE=0.4090 | Val: Loss=0.5577, BCE=0.5496, Reg=0.0080, AUC=0.7565, ACC=0.7210, RMSE=0.4300
2026-04-17 08:54:46,096 - INFO - [assist_09|assist_09_abce_best_no_E|lr=0.0003|drop=0.20] [Reg Terms] Epoch [012] | Train: graph_entropy=0.000000, graph_diag=0.005000, graph_uniform=0.003049, graph_reg_scale=1.0000, prediction_l2=0.000000, personal_sparse=0.000000, alpha_var=0.000000, alpha_collapse=0.000000, reg_bce_ratio=0.0160 | Val: graph_entropy=0.000000, graph_diag=0.005000, graph_uniform=0.003049, graph_reg_scale=1.0000, prediction_l2=0.000000, personal_sparse=0.000000, alpha_var=0.000000, alpha_collapse=0.000000, reg_bce_ratio=0.0146
2026-04-17 08:54:46,252 - INFO - [assist_09|assist_09_abce_best_no_E|lr=0.0003|drop=0.20] [Diag][AE] Epoch [012] | irt_abs_mean=1.6471, irt_std=0.9176, personal_warmup_scale=1.00, graph_row_entropy=2.5592, graph_entropy_ratio=0.5318, alpha_mean=0.0000, alpha_std=0.0000, alpha_base_mean=0.0000, alpha_delta_absmean=0.0000, alpha_saturation_ratio=0.0000, alpha_bias_std=NA, alpha_state_path=0.0000, alpha_id_path=0.0000, alpha_bias_path=0.0000, head_bias_path=0.0000, personal_row_entropy=0.0000, personal_matrix_delta=0.0000, personal_matrix_student_std=0.0000, personal_delta_pre_softmax_norm=0.0000, personal_delta_student_std=0.0000, alpha_head_std=0.0000, query_row_global_readout_delta=0.4842, query_row_personal_message_delta=0.0000, query_row_posterior_delta_abs=0.0000, query_row_posterior_kl=0.0000, personal_to_graph_query_ratio=0.0000, query_row_global_support_mass=1.0633, query_row_personal_support_mass=0.0000, neighbor_row_personal_delta=0.0000, personal_row_budget_mean=0.0000, personal_query_row_std=0.0000, readout_query_support_mass=1.0633, personal_student_mix=0.0000, personal_student_adapter=0.0000, local_row_ratio=0.0000, support_density=0.0000, readout_query_delta=0.4842, personal_bad_rows_active=0.00, personal_fallback_rows_active=0.00, personal_bad_row_rate_active=0.0000, personal_padded_rows=0.00, personal_logits_support_absmax=0.0000, personal_query_trust_scale_mean=1.0000, personal_bad_rows_legacy=0.00, personal_fallback_rows_legacy=0.00, personal_logits_absmax_legacy=0.0000
2026-04-17 08:54:46,252 - INFO - [assist_09|assist_09_abce_best_no_E|lr=0.0003|drop=0.20] [Diag][A] Epoch [012] | entropy_ratio=0.5318, diag_mass=0.0500, to_uniform_l2=0.023784, to_identity_l2=0.089156, relation_identity_delta=0.089156, knowledge_state_graph_delta=0.950304, knowledge_state_personal_delta=0.000000, share_concept_embeddings=True, tau_mean=0.6932, tau_std=0.0001, graph_reg_scale(train/val)=1.0000/1.0000
2026-04-17 08:54:46,252 - INFO - [assist_09|assist_09_abce_best_no_E|lr=0.0003|drop=0.20] [Grad Norms] Epoch [012] | relation_emb=3.546312e-01, relation_tau=7.919513e-08, relation_wq=2.885298e-06, relation_wk=2.537260e-06, personal_u=0.000000e+00, personal_v=0.000000e+00, personal_alpha_bias=0.000000e+00, personal_gate_emb=0.000000e+00, personal_gate_state_proj=0.000000e+00, personal_gate_context_proj=0.000000e+00, personal_gate_state_direct=0.000000e+00, personal_gate_id_direct=0.000000e+00, personal_gate_context_direct=0.000000e+00, personal_gate_out=0.000000e+00, personal_generator_emb=0.000000e+00, personal_generator_context_proj=0.000000e+00, personal_generator_context_hidden=0.000000e+00, personal_generator_context_to_u=0.000000e+00, personal_generator_context_to_v=0.000000e+00, personal_generator_state_row=0.000000e+00, personal_generator_state_col=0.000000e+00, personal_generator_id_row=0.000000e+00, personal_generator_id_col=0.000000e+00, personal_generator_state_adapter=0.000000e+00, personal_generator_id_adapter=0.000000e+00, personal_generator_context_adapter=0.000000e+00, personal_generator_direct_scale=0.000000e+00
2026-04-17 08:54:46,530 - INFO - [assist_09|assist_09_abce_best_no_E|lr=0.0003|drop=0.20] -> New best AUC=0.7565 at epoch 12
2026-04-17 08:55:00,590 - INFO - [assist_09|assist_09_abce_best_full|lr=0.0003|drop=0.20] Epoch [005/100] | Train: Loss=0.5487, BCE=0.5390, Reg=0.0097, AUC=0.7597, ACC=0.7258, RMSE=0.4257 | Val: Loss=0.5680, BCE=0.5582, Reg=0.0097, AUC=0.7396, ACC=0.7138, RMSE=0.4347
2026-04-17 08:55:00,590 - INFO - [assist_09|assist_09_abce_best_full|lr=0.0003|drop=0.20] [Reg Terms] Epoch [005] | Train: graph_entropy=0.000000, graph_diag=0.005000, graph_uniform=0.003049, graph_reg_scale=1.0000, prediction_l2=0.000000, personal_sparse=0.000198, alpha_var=0.000000, alpha_collapse=0.000000, reg_bce_ratio=0.0181 | Val: graph_entropy=0.000000, graph_diag=0.005000, graph_uniform=0.003049, graph_reg_scale=1.0000, prediction_l2=0.000000, personal_sparse=0.000241, alpha_var=0.000000, alpha_collapse=0.000002, reg_bce_ratio=0.0175
2026-04-17 08:55:00,784 - INFO - [assist_09|assist_09_abce_best_full|lr=0.0003|drop=0.20] [Diag][AE] Epoch [005] | irt_abs_mean=1.4203, irt_std=0.7425, personal_warmup_scale=0.62, graph_row_entropy=2.5592, graph_entropy_ratio=0.5318, alpha_mean=0.0839, alpha_std=0.0515, alpha_base_mean=0.0603, alpha_delta_absmean=0.0473, alpha_saturation_ratio=0.0000, alpha_bias_std=NA, alpha_state_path=1.4936, alpha_id_path=0.0000, alpha_bias_path=0.0000, head_bias_path=1.3586, personal_row_entropy=1.8131, personal_matrix_delta=0.0828, personal_matrix_student_std=0.0490, personal_delta_pre_softmax_norm=2.3277, personal_delta_student_std=1.1935, alpha_head_std=0.0514, query_row_global_readout_delta=0.3330, query_row_personal_message_delta=0.0012, query_row_posterior_delta_abs=0.0828, query_row_posterior_kl=0.0587, personal_to_graph_query_ratio=0.0037, query_row_global_support_mass=0.8932, query_row_personal_support_mass=0.8932, neighbor_row_personal_delta=0.0000, personal_row_budget_mean=1.0000, personal_query_row_std=0.0958, readout_query_support_mass=0.8932, personal_student_mix=0.0276, personal_student_adapter=0.0380, local_row_ratio=0.2055, support_density=0.4010, readout_query_delta=0.3328, personal_bad_rows_active=0.00, personal_fallback_rows_active=0.00, personal_bad_row_rate_active=0.0000, personal_padded_rows=460.00, personal_logits_support_absmax=5.9828, personal_query_trust_scale_mean=1.0000, personal_bad_rows_legacy=460.00, personal_fallback_rows_legacy=460.00, personal_logits_absmax_legacy=30.0000
2026-04-17 08:55:00,785 - INFO - [assist_09|assist_09_abce_best_full|lr=0.0003|drop=0.20] [Diag][A] Epoch [005] | entropy_ratio=0.5318, diag_mass=0.0500, to_uniform_l2=0.023784, to_identity_l2=0.089156, relation_identity_delta=0.089156, knowledge_state_graph_delta=0.654198, knowledge_state_personal_delta=0.000000, share_concept_embeddings=True, tau_mean=0.6885, tau_std=0.0048, graph_reg_scale(train/val)=1.0000/1.0000
2026-04-17 08:55:00,785 - WARNING - [assist_09|assist_09_abce_best_full|lr=0.0003|drop=0.20] [Diag Warning][AE] query-readout-overamplified: readout_query_delta=0.332816, query_row_graph_delta=0.333005, personal_matrix_delta=0.082774
2026-04-17 08:55:00,785 - INFO - [assist_09|assist_09_abce_best_full|lr=0.0003|drop=0.20] [Grad Norms] Epoch [005] | relation_emb=1.743077e-01, relation_tau=3.181838e-08, relation_wq=3.799801e-06, relation_wk=2.722343e-06, personal_u=8.618840e-03, personal_v=2.318182e-03, personal_alpha_bias=0.000000e+00, personal_gate_emb=0.000000e+00, personal_gate_state_proj=0.000000e+00, personal_gate_context_proj=0.000000e+00, personal_gate_state_direct=1.184798e-04, personal_gate_id_direct=0.000000e+00, personal_gate_context_direct=3.264582e-05, personal_gate_out=0.000000e+00, personal_generator_emb=0.000000e+00, personal_generator_context_proj=0.000000e+00, personal_generator_context_hidden=0.000000e+00, personal_generator_context_to_u=0.000000e+00, personal_generator_context_to_v=0.000000e+00, personal_generator_state_row=0.000000e+00, personal_generator_state_col=0.000000e+00, personal_generator_id_row=0.000000e+00, personal_generator_id_col=0.000000e+00, personal_generator_state_adapter=6.025583e-44, personal_generator_id_adapter=0.000000e+00, personal_generator_context_adapter=0.000000e+00, personal_generator_direct_scale=4.305951e-07
2026-04-17 08:55:01,029 - INFO - [assist_09|assist_09_abce_best_full|lr=0.0003|drop=0.20] -> New best AUC=0.7396 at epoch 5
2026-04-17 08:55:12,702 - INFO - [assist_09|assist_09_abce_best_no_E|lr=0.0003|drop=0.20] Epoch [013/100] | Train: Loss=0.5064, BCE=0.4984, Reg=0.0081, AUC=0.8057, ACC=0.7473, RMSE=0.4075 | Val: Loss=0.5561, BCE=0.5481, Reg=0.0080, AUC=0.7561, ACC=0.7231, RMSE=0.4293
2026-04-17 08:55:12,702 - INFO - [assist_09|assist_09_abce_best_no_E|lr=0.0003|drop=0.20] [Reg Terms] Epoch [013] | Train: graph_entropy=0.000000, graph_diag=0.005003, graph_uniform=0.003049, graph_reg_scale=1.0000, prediction_l2=0.000000, personal_sparse=0.000000, alpha_var=0.000000, alpha_collapse=0.000000, reg_bce_ratio=0.0162 | Val: graph_entropy=0.000000, graph_diag=0.005000, graph_uniform=0.003049, graph_reg_scale=1.0000, prediction_l2=0.000001, personal_sparse=0.000000, alpha_var=0.000000, alpha_collapse=0.000000, reg_bce_ratio=0.0147
2026-04-17 08:55:12,839 - INFO - [assist_09|assist_09_abce_best_no_E|lr=0.0003|drop=0.20] [Diag][AE] Epoch [013] | irt_abs_mean=1.5669, irt_std=0.8764, personal_warmup_scale=1.00, graph_row_entropy=2.5592, graph_entropy_ratio=0.5318, alpha_mean=0.0000, alpha_std=0.0000, alpha_base_mean=0.0000, alpha_delta_absmean=0.0000, alpha_saturation_ratio=0.0000, alpha_bias_std=NA, alpha_state_path=0.0000, alpha_id_path=0.0000, alpha_bias_path=0.0000, head_bias_path=0.0000, personal_row_entropy=0.0000, personal_matrix_delta=0.0000, personal_matrix_student_std=0.0000, personal_delta_pre_softmax_norm=0.0000, personal_delta_student_std=0.0000, alpha_head_std=0.0000, query_row_global_readout_delta=0.5024, query_row_personal_message_delta=0.0000, query_row_posterior_delta_abs=0.0000, query_row_posterior_kl=0.0000, personal_to_graph_query_ratio=0.0000, query_row_global_support_mass=1.0222, query_row_personal_support_mass=0.0000, neighbor_row_personal_delta=0.0000, personal_row_budget_mean=0.0000, personal_query_row_std=0.0000, readout_query_support_mass=1.0222, personal_student_mix=0.0000, personal_student_adapter=0.0000, local_row_ratio=0.0000, support_density=0.0000, readout_query_delta=0.5024, personal_bad_rows_active=0.00, personal_fallback_rows_active=0.00, personal_bad_row_rate_active=0.0000, personal_padded_rows=0.00, personal_logits_support_absmax=0.0000, personal_query_trust_scale_mean=1.0000, personal_bad_rows_legacy=0.00, personal_fallback_rows_legacy=0.00, personal_logits_absmax_legacy=0.0000
2026-04-17 08:55:12,839 - INFO - [assist_09|assist_09_abce_best_no_E|lr=0.0003|drop=0.20] [Diag][A] Epoch [013] | entropy_ratio=0.5318, diag_mass=0.0500, to_uniform_l2=0.023784, to_identity_l2=0.089156, relation_identity_delta=0.089156, knowledge_state_graph_delta=1.004671, knowledge_state_personal_delta=0.000000, share_concept_embeddings=True, tau_mean=0.6932, tau_std=0.0001, graph_reg_scale(train/val)=1.0000/1.0000
2026-04-17 08:55:12,839 - INFO - [assist_09|assist_09_abce_best_no_E|lr=0.0003|drop=0.20] [Grad Norms] Epoch [013] | relation_emb=3.394707e-01, relation_tau=1.599830e-08, relation_wq=1.190381e-06, relation_wk=8.402135e-07, personal_u=0.000000e+00, personal_v=0.000000e+00, personal_alpha_bias=0.000000e+00, personal_gate_emb=0.000000e+00, personal_gate_state_proj=0.000000e+00, personal_gate_context_proj=0.000000e+00, personal_gate_state_direct=0.000000e+00, personal_gate_id_direct=0.000000e+00, personal_gate_context_direct=0.000000e+00, personal_gate_out=0.000000e+00, personal_generator_emb=0.000000e+00, personal_generator_context_proj=0.000000e+00, personal_generator_context_hidden=0.000000e+00, personal_generator_context_to_u=0.000000e+00, personal_generator_context_to_v=0.000000e+00, personal_generator_state_row=0.000000e+00, personal_generator_state_col=0.000000e+00, personal_generator_id_row=0.000000e+00, personal_generator_id_col=0.000000e+00, personal_generator_state_adapter=0.000000e+00, personal_generator_id_adapter=0.000000e+00, personal_generator_context_adapter=0.000000e+00, personal_generator_direct_scale=0.000000e+00
2026-04-17 08:55:12,840 - INFO - [assist_09|assist_09_abce_best_no_E|lr=0.0003|drop=0.20] -> No improvement 1 epoch(s) (best AUC=0.7565 @ 12)
2026-04-17 08:55:39,327 - INFO - [assist_09|assist_09_abce_best_no_E|lr=0.0003|drop=0.20] Epoch [014/100] | Train: Loss=0.5021, BCE=0.4941, Reg=0.0080, AUC=0.8099, ACC=0.7504, RMSE=0.4055 | Val: Loss=0.5537, BCE=0.5457, Reg=0.0080, AUC=0.7563, ACC=0.7232, RMSE=0.4284
2026-04-17 08:55:39,327 - INFO - [assist_09|assist_09_abce_best_no_E|lr=0.0003|drop=0.20] [Reg Terms] Epoch [014] | Train: graph_entropy=0.000000, graph_diag=0.005000, graph_uniform=0.003049, graph_reg_scale=1.0000, prediction_l2=0.000001, personal_sparse=0.000000, alpha_var=0.000000, alpha_collapse=0.000000, reg_bce_ratio=0.0163 | Val: graph_entropy=0.000000, graph_diag=0.005000, graph_uniform=0.003049, graph_reg_scale=1.0000, prediction_l2=0.000001, personal_sparse=0.000000, alpha_var=0.000000, alpha_collapse=0.000000, reg_bce_ratio=0.0148
2026-04-17 08:55:39,461 - INFO - [assist_09|assist_09_abce_best_no_E|lr=0.0003|drop=0.20] [Diag][AE] Epoch [014] | irt_abs_mean=1.5462, irt_std=0.9039, personal_warmup_scale=1.00, graph_row_entropy=2.5592, graph_entropy_ratio=0.5318, alpha_mean=0.0000, alpha_std=0.0000, alpha_base_mean=0.0000, alpha_delta_absmean=0.0000, alpha_saturation_ratio=0.0000, alpha_bias_std=NA, alpha_state_path=0.0000, alpha_id_path=0.0000, alpha_bias_path=0.0000, head_bias_path=0.0000, personal_row_entropy=0.0000, personal_matrix_delta=0.0000, personal_matrix_student_std=0.0000, personal_delta_pre_softmax_norm=0.0000, personal_delta_student_std=0.0000, alpha_head_std=0.0000, query_row_global_readout_delta=0.5067, query_row_personal_message_delta=0.0000, query_row_posterior_delta_abs=0.0000, query_row_posterior_kl=0.0000, personal_to_graph_query_ratio=0.0000, query_row_global_support_mass=1.0806, query_row_personal_support_mass=0.0000, neighbor_row_personal_delta=0.0000, personal_row_budget_mean=0.0000, personal_query_row_std=0.0000, readout_query_support_mass=1.0806, personal_student_mix=0.0000, personal_student_adapter=0.0000, local_row_ratio=0.0000, support_density=0.0000, readout_query_delta=0.5067, personal_bad_rows_active=0.00, personal_fallback_rows_active=0.00, personal_bad_row_rate_active=0.0000, personal_padded_rows=0.00, personal_logits_support_absmax=0.0000, personal_query_trust_scale_mean=1.0000, personal_bad_rows_legacy=0.00, personal_fallback_rows_legacy=0.00, personal_logits_absmax_legacy=0.0000
2026-04-17 08:55:39,461 - INFO - [assist_09|assist_09_abce_best_no_E|lr=0.0003|drop=0.20] [Diag][A] Epoch [014] | entropy_ratio=0.5318, diag_mass=0.0500, to_uniform_l2=0.023784, to_identity_l2=0.089156, relation_identity_delta=0.089156, knowledge_state_graph_delta=1.027176, knowledge_state_personal_delta=0.000000, share_concept_embeddings=True, tau_mean=0.6933, tau_std=0.0001, graph_reg_scale(train/val)=1.0000/1.0000
2026-04-17 08:55:39,461 - INFO - [assist_09|assist_09_abce_best_no_E|lr=0.0003|drop=0.20] [Grad Norms] Epoch [014] | relation_emb=5.222715e-01, relation_tau=2.723937e-08, relation_wq=2.699136e-06, relation_wk=1.558675e-06, personal_u=0.000000e+00, personal_v=0.000000e+00, personal_alpha_bias=0.000000e+00, personal_gate_emb=0.000000e+00, personal_gate_state_proj=0.000000e+00, personal_gate_context_proj=0.000000e+00, personal_gate_state_direct=0.000000e+00, personal_gate_id_direct=0.000000e+00, personal_gate_context_direct=0.000000e+00, personal_gate_out=0.000000e+00, personal_generator_emb=0.000000e+00, personal_generator_context_proj=0.000000e+00, personal_generator_context_hidden=0.000000e+00, personal_generator_context_to_u=0.000000e+00, personal_generator_context_to_v=0.000000e+00, personal_generator_state_row=0.000000e+00, personal_generator_state_col=0.000000e+00, personal_generator_id_row=0.000000e+00, personal_generator_id_col=0.000000e+00, personal_generator_state_adapter=0.000000e+00, personal_generator_id_adapter=0.000000e+00, personal_generator_context_adapter=0.000000e+00, personal_generator_direct_scale=0.000000e+00
2026-04-17 08:55:39,461 - INFO - [assist_09|assist_09_abce_best_no_E|lr=0.0003|drop=0.20] -> No improvement 2 epoch(s) (best AUC=0.7565 @ 12)
2026-04-17 08:56:05,507 - INFO - [assist_09|assist_09_abce_best_no_E|lr=0.0003|drop=0.20] Epoch [015/100] | Train: Loss=0.4990, BCE=0.4909, Reg=0.0081, AUC=0.8128, ACC=0.7526, RMSE=0.4041 | Val: Loss=0.5550, BCE=0.5469, Reg=0.0080, AUC=0.7574, ACC=0.7243, RMSE=0.4286
2026-04-17 08:56:05,507 - INFO - [assist_09|assist_09_abce_best_no_E|lr=0.0003|drop=0.20] [Reg Terms] Epoch [015] | Train: graph_entropy=0.000000, graph_diag=0.005003, graph_uniform=0.003049, graph_reg_scale=1.0000, prediction_l2=0.000001, personal_sparse=0.000000, alpha_var=0.000000, alpha_collapse=0.000000, reg_bce_ratio=0.0164 | Val: graph_entropy=0.000000, graph_diag=0.005000, graph_uniform=0.003049, graph_reg_scale=1.0000, prediction_l2=0.000001, personal_sparse=0.000000, alpha_var=0.000000, alpha_collapse=0.000000, reg_bce_ratio=0.0147
2026-04-17 08:56:05,643 - INFO - [assist_09|assist_09_abce_best_no_E|lr=0.0003|drop=0.20] [Diag][AE] Epoch [015] | irt_abs_mean=1.5892, irt_std=0.9411, personal_warmup_scale=1.00, graph_row_entropy=2.5592, graph_entropy_ratio=0.5318, alpha_mean=0.0000, alpha_std=0.0000, alpha_base_mean=0.0000, alpha_delta_absmean=0.0000, alpha_saturation_ratio=0.0000, alpha_bias_std=NA, alpha_state_path=0.0000, alpha_id_path=0.0000, alpha_bias_path=0.0000, head_bias_path=0.0000, personal_row_entropy=0.0000, personal_matrix_delta=0.0000, personal_matrix_student_std=0.0000, personal_delta_pre_softmax_norm=0.0000, personal_delta_student_std=0.0000, alpha_head_std=0.0000, query_row_global_readout_delta=0.5370, query_row_personal_message_delta=0.0000, query_row_posterior_delta_abs=0.0000, query_row_posterior_kl=0.0000, personal_to_graph_query_ratio=0.0000, query_row_global_support_mass=0.8869, query_row_personal_support_mass=0.0000, neighbor_row_personal_delta=0.0000, personal_row_budget_mean=0.0000, personal_query_row_std=0.0000, readout_query_support_mass=0.8869, personal_student_mix=0.0000, personal_student_adapter=0.0000, local_row_ratio=0.0000, support_density=0.0000, readout_query_delta=0.5370, personal_bad_rows_active=0.00, personal_fallback_rows_active=0.00, personal_bad_row_rate_active=0.0000, personal_padded_rows=0.00, personal_logits_support_absmax=0.0000, personal_query_trust_scale_mean=1.0000, personal_bad_rows_legacy=0.00, personal_fallback_rows_legacy=0.00, personal_logits_absmax_legacy=0.0000
2026-04-17 08:56:05,643 - INFO - [assist_09|assist_09_abce_best_no_E|lr=0.0003|drop=0.20] [Diag][A] Epoch [015] | entropy_ratio=0.5318, diag_mass=0.0500, to_uniform_l2=0.023784, to_identity_l2=0.089156, relation_identity_delta=0.089156, knowledge_state_graph_delta=1.066662, knowledge_state_personal_delta=0.000000, share_concept_embeddings=True, tau_mean=0.6930, tau_std=0.0001, graph_reg_scale(train/val)=1.0000/1.0000
2026-04-17 08:56:05,644 - INFO - [assist_09|assist_09_abce_best_no_E|lr=0.0003|drop=0.20] [Grad Norms] Epoch [015] | relation_emb=5.897335e-01, relation_tau=4.098970e-08, relation_wq=2.186187e-06, relation_wk=2.354894e-06, personal_u=0.000000e+00, personal_v=0.000000e+00, personal_alpha_bias=0.000000e+00, personal_gate_emb=0.000000e+00, personal_gate_state_proj=0.000000e+00, personal_gate_context_proj=0.000000e+00, personal_gate_state_direct=0.000000e+00, personal_gate_id_direct=0.000000e+00, personal_gate_context_direct=0.000000e+00, personal_gate_out=0.000000e+00, personal_generator_emb=0.000000e+00, personal_generator_context_proj=0.000000e+00, personal_generator_context_hidden=0.000000e+00, personal_generator_context_to_u=0.000000e+00, personal_generator_context_to_v=0.000000e+00, personal_generator_state_row=0.000000e+00, personal_generator_state_col=0.000000e+00, personal_generator_id_row=0.000000e+00, personal_generator_id_col=0.000000e+00, personal_generator_state_adapter=0.000000e+00, personal_generator_id_adapter=0.000000e+00, personal_generator_context_adapter=0.000000e+00, personal_generator_direct_scale=0.000000e+00
2026-04-17 08:56:05,870 - INFO - [assist_09|assist_09_abce_best_no_E|lr=0.0003|drop=0.20] -> New best AUC=0.7574 at epoch 15
2026-04-17 08:56:13,423 - INFO - [assist_09|assist_09_abce_best_full|lr=0.0003|drop=0.20] Epoch [006/100] | Train: Loss=0.5435, BCE=0.5334, Reg=0.0101, AUC=0.7664, ACC=0.7286, RMSE=0.4232 | Val: Loss=0.5676, BCE=0.5575, Reg=0.0102, AUC=0.7433, ACC=0.7122, RMSE=0.4343
2026-04-17 08:56:13,424 - INFO - [assist_09|assist_09_abce_best_full|lr=0.0003|drop=0.20] [Reg Terms] Epoch [006] | Train: graph_entropy=0.000000, graph_diag=0.005000, graph_uniform=0.003049, graph_reg_scale=1.0000, prediction_l2=0.000000, personal_sparse=0.000239, alpha_var=0.000000, alpha_collapse=0.000000, reg_bce_ratio=0.0189 | Val: graph_entropy=0.000000, graph_diag=0.005000, graph_uniform=0.003049, graph_reg_scale=1.0000, prediction_l2=0.000000, personal_sparse=0.000285, alpha_var=0.000000, alpha_collapse=0.000001, reg_bce_ratio=0.0182
2026-04-17 08:56:13,619 - INFO - [assist_09|assist_09_abce_best_full|lr=0.0003|drop=0.20] [Diag][AE] Epoch [006] | irt_abs_mean=1.3970, irt_std=0.7720, personal_warmup_scale=0.75, graph_row_entropy=2.5592, graph_entropy_ratio=0.5318, alpha_mean=0.1069, alpha_std=0.0515, alpha_base_mean=0.0645, alpha_delta_absmean=0.0566, alpha_saturation_ratio=0.0000, alpha_bias_std=NA, alpha_state_path=2.1050, alpha_id_path=0.0000, alpha_bias_path=0.0000, head_bias_path=1.2729, personal_row_entropy=1.7917, personal_matrix_delta=0.0844, personal_matrix_student_std=0.0504, personal_delta_pre_softmax_norm=2.3189, personal_delta_student_std=1.1843, alpha_head_std=0.0515, query_row_global_readout_delta=0.3477, query_row_personal_message_delta=0.0017, query_row_posterior_delta_abs=0.0844, query_row_posterior_kl=0.0605, personal_to_graph_query_ratio=0.0048, query_row_global_support_mass=1.2521, query_row_personal_support_mass=1.2521, neighbor_row_personal_delta=0.0000, personal_row_budget_mean=1.0000, personal_query_row_std=0.0840, readout_query_support_mass=1.2521, personal_student_mix=0.0350, personal_student_adapter=0.0398, local_row_ratio=0.2056, support_density=0.4010, readout_query_delta=0.3472, personal_bad_rows_active=0.00, personal_fallback_rows_active=0.00, personal_bad_row_rate_active=0.0000, personal_padded_rows=460.00, personal_logits_support_absmax=5.8764, personal_query_trust_scale_mean=1.0000, personal_bad_rows_legacy=460.00, personal_fallback_rows_legacy=460.00, personal_logits_absmax_legacy=30.0000
2026-04-17 08:56:13,619 - INFO - [assist_09|assist_09_abce_best_full|lr=0.0003|drop=0.20] [Diag][A] Epoch [006] | entropy_ratio=0.5318, diag_mass=0.0500, to_uniform_l2=0.023784, to_identity_l2=0.089156, relation_identity_delta=0.089156, knowledge_state_graph_delta=0.681913, knowledge_state_personal_delta=0.000000, share_concept_embeddings=True, tau_mean=0.6928, tau_std=0.0005, graph_reg_scale(train/val)=1.0000/1.0000
2026-04-17 08:56:13,620 - WARNING - [assist_09|assist_09_abce_best_full|lr=0.0003|drop=0.20] [Diag Warning][AE] query-readout-overamplified: readout_query_delta=0.347209, query_row_graph_delta=0.347708, personal_matrix_delta=0.084361
2026-04-17 08:56:13,620 - INFO - [assist_09|assist_09_abce_best_full|lr=0.0003|drop=0.20] [Grad Norms] Epoch [006] | relation_emb=2.042370e-01, relation_tau=1.274641e-08, relation_wq=2.111132e-06, relation_wk=1.512130e-06, personal_u=1.187041e-02, personal_v=4.461811e-03, personal_alpha_bias=0.000000e+00, personal_gate_emb=0.000000e+00, personal_gate_state_proj=0.000000e+00, personal_gate_context_proj=0.000000e+00, personal_gate_state_direct=2.260016e-04, personal_gate_id_direct=0.000000e+00, personal_gate_context_direct=6.979260e-05, personal_gate_out=0.000000e+00, personal_generator_emb=0.000000e+00, personal_generator_context_proj=0.000000e+00, personal_generator_context_hidden=0.000000e+00, personal_generator_context_to_u=0.000000e+00, personal_generator_context_to_v=0.000000e+00, personal_generator_state_row=0.000000e+00, personal_generator_state_col=0.000000e+00, personal_generator_id_row=0.000000e+00, personal_generator_id_col=0.000000e+00, personal_generator_state_adapter=0.000000e+00, personal_generator_id_adapter=0.000000e+00, personal_generator_context_adapter=0.000000e+00, personal_generator_direct_scale=1.504904e-07
2026-04-17 08:56:13,865 - INFO - [assist_09|assist_09_abce_best_full|lr=0.0003|drop=0.20] -> New best AUC=0.7433 at epoch 6
2026-04-17 08:56:32,169 - INFO - [assist_09|assist_09_abce_best_no_E|lr=0.0003|drop=0.20] Epoch [016/100] | Train: Loss=0.4956, BCE=0.4876, Reg=0.0080, AUC=0.8158, ACC=0.7538, RMSE=0.4026 | Val: Loss=0.5544, BCE=0.5463, Reg=0.0080, AUC=0.7587, ACC=0.7243, RMSE=0.4282
2026-04-17 08:56:32,169 - INFO - [assist_09|assist_09_abce_best_no_E|lr=0.0003|drop=0.20] [Reg Terms] Epoch [016] | Train: graph_entropy=0.000000, graph_diag=0.005000, graph_uniform=0.003049, graph_reg_scale=1.0000, prediction_l2=0.000001, personal_sparse=0.000000, alpha_var=0.000000, alpha_collapse=0.000000, reg_bce_ratio=0.0165 | Val: graph_entropy=0.000000, graph_diag=0.005000, graph_uniform=0.003049, graph_reg_scale=1.0000, prediction_l2=0.000001, personal_sparse=0.000000, alpha_var=0.000000, alpha_collapse=0.000000, reg_bce_ratio=0.0147
2026-04-17 08:56:32,299 - INFO - [assist_09|assist_09_abce_best_no_E|lr=0.0003|drop=0.20] [Diag][AE] Epoch [016] | irt_abs_mean=1.6198, irt_std=0.9124, personal_warmup_scale=1.00, graph_row_entropy=2.5592, graph_entropy_ratio=0.5318, alpha_mean=0.0000, alpha_std=0.0000, alpha_base_mean=0.0000, alpha_delta_absmean=0.0000, alpha_saturation_ratio=0.0000, alpha_bias_std=NA, alpha_state_path=0.0000, alpha_id_path=0.0000, alpha_bias_path=0.0000, head_bias_path=0.0000, personal_row_entropy=0.0000, personal_matrix_delta=0.0000, personal_matrix_student_std=0.0000, personal_delta_pre_softmax_norm=0.0000, personal_delta_student_std=0.0000, alpha_head_std=0.0000, query_row_global_readout_delta=0.5563, query_row_personal_message_delta=0.0000, query_row_posterior_delta_abs=0.0000, query_row_posterior_kl=0.0000, personal_to_graph_query_ratio=0.0000, query_row_global_support_mass=0.9827, query_row_personal_support_mass=0.0000, neighbor_row_personal_delta=0.0000, personal_row_budget_mean=0.0000, personal_query_row_std=0.0000, readout_query_support_mass=0.9827, personal_student_mix=0.0000, personal_student_adapter=0.0000, local_row_ratio=0.0000, support_density=0.0000, readout_query_delta=0.5563, personal_bad_rows_active=0.00, personal_fallback_rows_active=0.00, personal_bad_row_rate_active=0.0000, personal_padded_rows=0.00, personal_logits_support_absmax=0.0000, personal_query_trust_scale_mean=1.0000, personal_bad_rows_legacy=0.00, personal_fallback_rows_legacy=0.00, personal_logits_absmax_legacy=0.0000
2026-04-17 08:56:32,300 - INFO - [assist_09|assist_09_abce_best_no_E|lr=0.0003|drop=0.20] [Diag][A] Epoch [016] | entropy_ratio=0.5318, diag_mass=0.0500, to_uniform_l2=0.023784, to_identity_l2=0.089156, relation_identity_delta=0.089156, knowledge_state_graph_delta=1.075196, knowledge_state_personal_delta=0.000000, share_concept_embeddings=True, tau_mean=0.6932, tau_std=0.0000, graph_reg_scale(train/val)=1.0000/1.0000
2026-04-17 08:56:32,300 - INFO - [assist_09|assist_09_abce_best_no_E|lr=0.0003|drop=0.20] [Grad Norms] Epoch [016] | relation_emb=4.577090e-01, relation_tau=1.129262e-07, relation_wq=3.758132e-06, relation_wk=1.732227e-06, personal_u=0.000000e+00, personal_v=0.000000e+00, personal_alpha_bias=0.000000e+00, personal_gate_emb=0.000000e+00, personal_gate_state_proj=0.000000e+00, personal_gate_context_proj=0.000000e+00, personal_gate_state_direct=0.000000e+00, personal_gate_id_direct=0.000000e+00, personal_gate_context_direct=0.000000e+00, personal_gate_out=0.000000e+00, personal_generator_emb=0.000000e+00, personal_generator_context_proj=0.000000e+00, personal_generator_context_hidden=0.000000e+00, personal_generator_context_to_u=0.000000e+00, personal_generator_context_to_v=0.000000e+00, personal_generator_state_row=0.000000e+00, personal_generator_state_col=0.000000e+00, personal_generator_id_row=0.000000e+00, personal_generator_id_col=0.000000e+00, personal_generator_state_adapter=0.000000e+00, personal_generator_id_adapter=0.000000e+00, personal_generator_context_adapter=0.000000e+00, personal_generator_direct_scale=0.000000e+00
2026-04-17 08:56:32,574 - INFO - [assist_09|assist_09_abce_best_no_E|lr=0.0003|drop=0.20] -> New best AUC=0.7587 at epoch 16
2026-04-17 08:56:59,499 - INFO - [assist_09|assist_09_abce_best_no_E|lr=0.0003|drop=0.20] Epoch [017/100] | Train: Loss=0.4926, BCE=0.4845, Reg=0.0080, AUC=0.8187, ACC=0.7555, RMSE=0.4012 | Val: Loss=0.5519, BCE=0.5439, Reg=0.0080, AUC=0.7569, ACC=0.7246, RMSE=0.4273
2026-04-17 08:56:59,500 - INFO - [assist_09|assist_09_abce_best_no_E|lr=0.0003|drop=0.20] [Reg Terms] Epoch [017] | Train: graph_entropy=0.000000, graph_diag=0.005000, graph_uniform=0.003049, graph_reg_scale=1.0000, prediction_l2=0.000001, personal_sparse=0.000000, alpha_var=0.000000, alpha_collapse=0.000000, reg_bce_ratio=0.0166 | Val: graph_entropy=0.000000, graph_diag=0.005000, graph_uniform=0.003049, graph_reg_scale=1.0000, prediction_l2=0.000001, personal_sparse=0.000000, alpha_var=0.000000, alpha_collapse=0.000000, reg_bce_ratio=0.0148
2026-04-17 08:56:59,647 - INFO - [assist_09|assist_09_abce_best_no_E|lr=0.0003|drop=0.20] [Diag][AE] Epoch [017] | irt_abs_mean=1.4964, irt_std=0.8827, personal_warmup_scale=1.00, graph_row_entropy=2.5592, graph_entropy_ratio=0.5318, alpha_mean=0.0000, alpha_std=0.0000, alpha_base_mean=0.0000, alpha_delta_absmean=0.0000, alpha_saturation_ratio=0.0000, alpha_bias_std=NA, alpha_state_path=0.0000, alpha_id_path=0.0000, alpha_bias_path=0.0000, head_bias_path=0.0000, personal_row_entropy=0.0000, personal_matrix_delta=0.0000, personal_matrix_student_std=0.0000, personal_delta_pre_softmax_norm=0.0000, personal_delta_student_std=0.0000, alpha_head_std=0.0000, query_row_global_readout_delta=0.5570, query_row_personal_message_delta=0.0000, query_row_posterior_delta_abs=0.0000, query_row_posterior_kl=0.0000, personal_to_graph_query_ratio=0.0000, query_row_global_support_mass=1.0386, query_row_personal_support_mass=0.0000, neighbor_row_personal_delta=0.0000, personal_row_budget_mean=0.0000, personal_query_row_std=0.0000, readout_query_support_mass=1.0386, personal_student_mix=0.0000, personal_student_adapter=0.0000, local_row_ratio=0.0000, support_density=0.0000, readout_query_delta=0.5570, personal_bad_rows_active=0.00, personal_fallback_rows_active=0.00, personal_bad_row_rate_active=0.0000, personal_padded_rows=0.00, personal_logits_support_absmax=0.0000, personal_query_trust_scale_mean=1.0000, personal_bad_rows_legacy=0.00, personal_fallback_rows_legacy=0.00, personal_logits_absmax_legacy=0.0000
2026-04-17 08:56:59,647 - INFO - [assist_09|assist_09_abce_best_no_E|lr=0.0003|drop=0.20] [Diag][A] Epoch [017] | entropy_ratio=0.5318, diag_mass=0.0500, to_uniform_l2=0.023784, to_identity_l2=0.089156, relation_identity_delta=0.089156, knowledge_state_graph_delta=1.096486, knowledge_state_personal_delta=0.000000, share_concept_embeddings=True, tau_mean=0.6932, tau_std=0.0000, graph_reg_scale(train/val)=1.0000/1.0000
2026-04-17 08:56:59,647 - INFO - [assist_09|assist_09_abce_best_no_E|lr=0.0003|drop=0.20] [Grad Norms] Epoch [017] | relation_emb=4.014019e-01, relation_tau=7.248669e-08, relation_wq=4.673738e-06, relation_wk=4.737692e-06, personal_u=0.000000e+00, personal_v=0.000000e+00, personal_alpha_bias=0.000000e+00, personal_gate_emb=0.000000e+00, personal_gate_state_proj=0.000000e+00, personal_gate_context_proj=0.000000e+00, personal_gate_state_direct=0.000000e+00, personal_gate_id_direct=0.000000e+00, personal_gate_context_direct=0.000000e+00, personal_gate_out=0.000000e+00, personal_generator_emb=0.000000e+00, personal_generator_context_proj=0.000000e+00, personal_generator_context_hidden=0.000000e+00, personal_generator_context_to_u=0.000000e+00, personal_generator_context_to_v=0.000000e+00, personal_generator_state_row=0.000000e+00, personal_generator_state_col=0.000000e+00, personal_generator_id_row=0.000000e+00, personal_generator_id_col=0.000000e+00, personal_generator_state_adapter=0.000000e+00, personal_generator_id_adapter=0.000000e+00, personal_generator_context_adapter=0.000000e+00, personal_generator_direct_scale=0.000000e+00
2026-04-17 08:56:59,647 - INFO - [assist_09|assist_09_abce_best_no_E|lr=0.0003|drop=0.20] -> No improvement 1 epoch(s) (best AUC=0.7587 @ 16)
2026-04-17 08:57:24,094 - INFO - [assist_09|assist_09_abce_best_full|lr=0.0003|drop=0.20] Epoch [007/100] | Train: Loss=0.5378, BCE=0.5274, Reg=0.0104, AUC=0.7739, ACC=0.7319, RMSE=0.4205 | Val: Loss=0.5649, BCE=0.5544, Reg=0.0105, AUC=0.7467, ACC=0.7151, RMSE=0.4328
2026-04-17 08:57:24,094 - INFO - [assist_09|assist_09_abce_best_full|lr=0.0003|drop=0.20] [Reg Terms] Epoch [007] | Train: graph_entropy=0.000000, graph_diag=0.005000, graph_uniform=0.003049, graph_reg_scale=1.0000, prediction_l2=0.000000, personal_sparse=0.000279, alpha_var=0.000000, alpha_collapse=0.000000, reg_bce_ratio=0.0198 | Val: graph_entropy=0.000000, graph_diag=0.005000, graph_uniform=0.003049, graph_reg_scale=1.0000, prediction_l2=0.000000, personal_sparse=0.000334, alpha_var=0.000000, alpha_collapse=0.000016, reg_bce_ratio=0.0190
2026-04-17 08:57:24,303 - INFO - [assist_09|assist_09_abce_best_full|lr=0.0003|drop=0.20] [Diag][AE] Epoch [007] | irt_abs_mean=1.5030, irt_std=0.8116, personal_warmup_scale=0.88, graph_row_entropy=2.5592, graph_entropy_ratio=0.5318, alpha_mean=0.1267, alpha_std=0.0514, alpha_base_mean=0.0679, alpha_delta_absmean=0.0672, alpha_saturation_ratio=0.0000, alpha_bias_std=NA, alpha_state_path=2.6609, alpha_id_path=0.0000, alpha_bias_path=0.0000, head_bias_path=1.2079, personal_row_entropy=1.7915, personal_matrix_delta=0.0846, personal_matrix_student_std=0.0498, personal_delta_pre_softmax_norm=2.3242, personal_delta_student_std=1.1709, alpha_head_std=0.0513, query_row_global_readout_delta=0.3688, query_row_personal_message_delta=0.0022, query_row_posterior_delta_abs=0.0846, query_row_posterior_kl=0.0611, personal_to_graph_query_ratio=0.0059, query_row_global_support_mass=1.0873, query_row_personal_support_mass=1.0873, neighbor_row_personal_delta=0.0000, personal_row_budget_mean=1.0000, personal_query_row_std=0.0863, readout_query_support_mass=1.0873, personal_student_mix=0.0424, personal_student_adapter=0.0400, local_row_ratio=0.2073, support_density=0.4010, readout_query_delta=0.3680, personal_bad_rows_active=0.00, personal_fallback_rows_active=0.00, personal_bad_row_rate_active=0.0000, personal_padded_rows=460.00, personal_logits_support_absmax=5.8677, personal_query_trust_scale_mean=1.0000, personal_bad_rows_legacy=460.00, personal_fallback_rows_legacy=460.00, personal_logits_absmax_legacy=30.0000
2026-04-17 08:57:24,304 - INFO - [assist_09|assist_09_abce_best_full|lr=0.0003|drop=0.20] [Diag][A] Epoch [007] | entropy_ratio=0.5318, diag_mass=0.0500, to_uniform_l2=0.023784, to_identity_l2=0.089156, relation_identity_delta=0.089156, knowledge_state_graph_delta=0.737363, knowledge_state_personal_delta=0.000000, share_concept_embeddings=True, tau_mean=0.6932, tau_std=0.0000, graph_reg_scale(train/val)=1.0000/1.0000
2026-04-17 08:57:24,304 - INFO - [assist_09|assist_09_abce_best_full|lr=0.0003|drop=0.20] [Grad Norms] Epoch [007] | relation_emb=2.306747e-01, relation_tau=1.984469e-08, relation_wq=1.954201e-06, relation_wk=1.145174e-06, personal_u=1.123767e-02, personal_v=4.498696e-03, personal_alpha_bias=0.000000e+00, personal_gate_emb=0.000000e+00, personal_gate_state_proj=0.000000e+00, personal_gate_context_proj=0.000000e+00, personal_gate_state_direct=1.328193e-04, personal_gate_id_direct=0.000000e+00, personal_gate_context_direct=7.057686e-05, personal_gate_out=4.324253e-07, personal_generator_emb=0.000000e+00, personal_generator_context_proj=0.000000e+00, personal_generator_context_hidden=0.000000e+00, personal_generator_context_to_u=0.000000e+00, personal_generator_context_to_v=0.000000e+00, personal_generator_state_row=0.000000e+00, personal_generator_state_col=0.000000e+00, personal_generator_id_row=0.000000e+00, personal_generator_id_col=0.000000e+00, personal_generator_state_adapter=0.000000e+00, personal_generator_id_adapter=0.000000e+00, personal_generator_context_adapter=0.000000e+00, personal_generator_direct_scale=1.577340e-06
2026-04-17 08:57:24,531 - INFO - [assist_09|assist_09_abce_best_no_E|lr=0.0003|drop=0.20] Epoch [018/100] | Train: Loss=0.4900, BCE=0.4820, Reg=0.0081, AUC=0.8209, ACC=0.7575, RMSE=0.4001 | Val: Loss=0.5525, BCE=0.5445, Reg=0.0080, AUC=0.7585, ACC=0.7256, RMSE=0.4276
2026-04-17 08:57:24,531 - INFO - [assist_09|assist_09_abce_best_no_E|lr=0.0003|drop=0.20] [Reg Terms] Epoch [018] | Train: graph_entropy=0.000000, graph_diag=0.005003, graph_uniform=0.003049, graph_reg_scale=1.0000, prediction_l2=0.000001, personal_sparse=0.000000, alpha_var=0.000000, alpha_collapse=0.000000, reg_bce_ratio=0.0167 | Val: graph_entropy=0.000000, graph_diag=0.005000, graph_uniform=0.003049, graph_reg_scale=1.0000, prediction_l2=0.000001, personal_sparse=0.000000, alpha_var=0.000000, alpha_collapse=0.000000, reg_bce_ratio=0.0148
2026-04-17 08:57:24,548 - INFO - [assist_09|assist_09_abce_best_full|lr=0.0003|drop=0.20] -> New best AUC=0.7467 at epoch 7
2026-04-17 08:57:24,678 - INFO - [assist_09|assist_09_abce_best_no_E|lr=0.0003|drop=0.20] [Diag][AE] Epoch [018] | irt_abs_mean=1.6085, irt_std=0.9510, personal_warmup_scale=1.00, graph_row_entropy=2.5592, graph_entropy_ratio=0.5318, alpha_mean=0.0000, alpha_std=0.0000, alpha_base_mean=0.0000, alpha_delta_absmean=0.0000, alpha_saturation_ratio=0.0000, alpha_bias_std=NA, alpha_state_path=0.0000, alpha_id_path=0.0000, alpha_bias_path=0.0000, head_bias_path=0.0000, personal_row_entropy=0.0000, personal_matrix_delta=0.0000, personal_matrix_student_std=0.0000, personal_delta_pre_softmax_norm=0.0000, personal_delta_student_std=0.0000, alpha_head_std=0.0000, query_row_global_readout_delta=0.5802, query_row_personal_message_delta=0.0000, query_row_posterior_delta_abs=0.0000, query_row_posterior_kl=0.0000, personal_to_graph_query_ratio=0.0000, query_row_global_support_mass=0.8905, query_row_personal_support_mass=0.0000, neighbor_row_personal_delta=0.0000, personal_row_budget_mean=0.0000, personal_query_row_std=0.0000, readout_query_support_mass=0.8905, personal_student_mix=0.0000, personal_student_adapter=0.0000, local_row_ratio=0.0000, support_density=0.0000, readout_query_delta=0.5802, personal_bad_rows_active=0.00, personal_fallback_rows_active=0.00, personal_bad_row_rate_active=0.0000, personal_padded_rows=0.00, personal_logits_support_absmax=0.0000, personal_query_trust_scale_mean=1.0000, personal_bad_rows_legacy=0.00, personal_fallback_rows_legacy=0.00, personal_logits_absmax_legacy=0.0000
2026-04-17 08:57:24,678 - INFO - [assist_09|assist_09_abce_best_no_E|lr=0.0003|drop=0.20] [Diag][A] Epoch [018] | entropy_ratio=0.5318, diag_mass=0.0500, to_uniform_l2=0.023784, to_identity_l2=0.089156, relation_identity_delta=0.089156, knowledge_state_graph_delta=1.121433, knowledge_state_personal_delta=0.000000, share_concept_embeddings=True, tau_mean=0.6931, tau_std=0.0000, graph_reg_scale(train/val)=1.0000/1.0000
2026-04-17 08:57:24,678 - INFO - [assist_09|assist_09_abce_best_no_E|lr=0.0003|drop=0.20] [Grad Norms] Epoch [018] | relation_emb=4.103118e-01, relation_tau=6.926010e-09, relation_wq=1.807689e-06, relation_wk=1.189512e-06, personal_u=0.000000e+00, personal_v=0.000000e+00, personal_alpha_bias=0.000000e+00, personal_gate_emb=0.000000e+00, personal_gate_state_proj=0.000000e+00, personal_gate_context_proj=0.000000e+00, personal_gate_state_direct=0.000000e+00, personal_gate_id_direct=0.000000e+00, personal_gate_context_direct=0.000000e+00, personal_gate_out=0.000000e+00, personal_generator_emb=0.000000e+00, personal_generator_context_proj=0.000000e+00, personal_generator_context_hidden=0.000000e+00, personal_generator_context_to_u=0.000000e+00, personal_generator_context_to_v=0.000000e+00, personal_generator_state_row=0.000000e+00, personal_generator_state_col=0.000000e+00, personal_generator_id_row=0.000000e+00, personal_generator_id_col=0.000000e+00, personal_generator_state_adapter=0.000000e+00, personal_generator_id_adapter=0.000000e+00, personal_generator_context_adapter=0.000000e+00, personal_generator_direct_scale=0.000000e+00
2026-04-17 08:57:24,678 - INFO - [assist_09|assist_09_abce_best_no_E|lr=0.0003|drop=0.20] -> No improvement 2 epoch(s) (best AUC=0.7587 @ 16)
2026-04-17 08:57:51,047 - INFO - [assist_09|assist_09_abce_best_no_E|lr=0.0003|drop=0.20] Epoch [019/100] | Train: Loss=0.4880, BCE=0.4800, Reg=0.0080, AUC=0.8224, ACC=0.7583, RMSE=0.3993 | Val: Loss=0.5546, BCE=0.5466, Reg=0.0080, AUC=0.7586, ACC=0.7245, RMSE=0.4283
2026-04-17 08:57:51,047 - INFO - [assist_09|assist_09_abce_best_no_E|lr=0.0003|drop=0.20] [Reg Terms] Epoch [019] | Train: graph_entropy=0.000000, graph_diag=0.005000, graph_uniform=0.003049, graph_reg_scale=1.0000, prediction_l2=0.000001, personal_sparse=0.000000, alpha_var=0.000000, alpha_collapse=0.000000, reg_bce_ratio=0.0168 | Val: graph_entropy=0.000000, graph_diag=0.005000, graph_uniform=0.003049, graph_reg_scale=1.0000, prediction_l2=0.000001, personal_sparse=0.000000, alpha_var=0.000000, alpha_collapse=0.000000, reg_bce_ratio=0.0147
2026-04-17 08:57:51,177 - INFO - [assist_09|assist_09_abce_best_no_E|lr=0.0003|drop=0.20] [Diag][AE] Epoch [019] | irt_abs_mean=1.6006, irt_std=0.9285, personal_warmup_scale=1.00, graph_row_entropy=2.5592, graph_entropy_ratio=0.5318, alpha_mean=0.0000, alpha_std=0.0000, alpha_base_mean=0.0000, alpha_delta_absmean=0.0000, alpha_saturation_ratio=0.0000, alpha_bias_std=NA, alpha_state_path=0.0000, alpha_id_path=0.0000, alpha_bias_path=0.0000, head_bias_path=0.0000, personal_row_entropy=0.0000, personal_matrix_delta=0.0000, personal_matrix_student_std=0.0000, personal_delta_pre_softmax_norm=0.0000, personal_delta_student_std=0.0000, alpha_head_std=0.0000, query_row_global_readout_delta=0.5896, query_row_personal_message_delta=0.0000, query_row_posterior_delta_abs=0.0000, query_row_posterior_kl=0.0000, personal_to_graph_query_ratio=0.0000, query_row_global_support_mass=1.0290, query_row_personal_support_mass=0.0000, neighbor_row_personal_delta=0.0000, personal_row_budget_mean=0.0000, personal_query_row_std=0.0000, readout_query_support_mass=1.0290, personal_student_mix=0.0000, personal_student_adapter=0.0000, local_row_ratio=0.0000, support_density=0.0000, readout_query_delta=0.5896, personal_bad_rows_active=0.00, personal_fallback_rows_active=0.00, personal_bad_row_rate_active=0.0000, personal_padded_rows=0.00, personal_logits_support_absmax=0.0000, personal_query_trust_scale_mean=1.0000, personal_bad_rows_legacy=0.00, personal_fallback_rows_legacy=0.00, personal_logits_absmax_legacy=0.0000
2026-04-17 08:57:51,177 - INFO - [assist_09|assist_09_abce_best_no_E|lr=0.0003|drop=0.20] [Diag][A] Epoch [019] | entropy_ratio=0.5318, diag_mass=0.0500, to_uniform_l2=0.023784, to_identity_l2=0.089156, relation_identity_delta=0.089156, knowledge_state_graph_delta=1.128931, knowledge_state_personal_delta=0.000000, share_concept_embeddings=True, tau_mean=0.6933, tau_std=0.0000, graph_reg_scale(train/val)=1.0000/1.0000
2026-04-17 08:57:51,177 - INFO - [assist_09|assist_09_abce_best_no_E|lr=0.0003|drop=0.20] [Grad Norms] Epoch [019] | relation_emb=4.967137e-01, relation_tau=5.857203e-08, relation_wq=2.700471e-06, relation_wk=3.356052e-06, personal_u=0.000000e+00, personal_v=0.000000e+00, personal_alpha_bias=0.000000e+00, personal_gate_emb=0.000000e+00, personal_gate_state_proj=0.000000e+00, personal_gate_context_proj=0.000000e+00, personal_gate_state_direct=0.000000e+00, personal_gate_id_direct=0.000000e+00, personal_gate_context_direct=0.000000e+00, personal_gate_out=0.000000e+00, personal_generator_emb=0.000000e+00, personal_generator_context_proj=0.000000e+00, personal_generator_context_hidden=0.000000e+00, personal_generator_context_to_u=0.000000e+00, personal_generator_context_to_v=0.000000e+00, personal_generator_state_row=0.000000e+00, personal_generator_state_col=0.000000e+00, personal_generator_id_row=0.000000e+00, personal_generator_id_col=0.000000e+00, personal_generator_state_adapter=0.000000e+00, personal_generator_id_adapter=0.000000e+00, personal_generator_context_adapter=0.000000e+00, personal_generator_direct_scale=0.000000e+00
2026-04-17 08:57:51,177 - INFO - [assist_09|assist_09_abce_best_no_E|lr=0.0003|drop=0.20] -> No improvement 3 epoch(s) (best AUC=0.7587 @ 16)
2026-04-17 08:57:51,177 - INFO - [assist_09|assist_09_abce_best_no_E|lr=0.0003|drop=0.20] Early stopping at epoch 19 (best AUC=0.7587 @ 16)
2026-04-17 08:57:51,182 - INFO - Epoch-wise metrics saved to checkpoints/abce_diag/remote_trust_diag_20260417_709083f/assist_09/seed42/best_no_E/metrics_history.csv
2026-04-17 08:57:51,183 - INFO - [assist_09|assist_09_abce_best_no_E|lr=0.0003|drop=0.20] Training completed! Best Val AUC=0.7587 @ epoch 16
2026-04-17 08:57:51,319 - INFO - 
============================================================
         MODULE ACTIVITY REPORT
============================================================
Dataset: assist_09 | Seed: 42 | Epoch: 19

1. Concept Graph Module (A):
   - Mean row entropy: 2.559 / 4.812
   - Entropy ratio: 53.2%
   - Query readout delta: 0.5841
   - Status: LIVE (global graph is entering queried concept readout)

2. Personal Graph Module (E):
   - Status: DISABLED (use_personal_graph=False or no_E)

------------------------------------------------------------
SUMMARY:
   Active modules: Concept Graph (A)
   All enabled graph modules are functioning properly.
============================================================
2026-04-17 08:57:51,319 - INFO - [assist_09|assist_09_abce_best_no_E|lr=0.0003|drop=0.20] Module activity saved to checkpoints/abce_diag/remote_trust_diag_20260417_709083f/assist_09/seed42/best_no_E/module_activity.json
2026-04-17 08:57:51,367 - INFO - Using device: cuda:0 (physical gpu 3)
2026-04-17 08:57:51,367 - INFO - Loading model from checkpoints/abce_diag/remote_trust_diag_20260417_709083f/assist_09/seed42/best_no_E/best_model.pth...
2026-04-17 08:57:51,441 - INFO - [Inference Filter] before=52549, after=51090, dropped=1459, coverage=97.22% (train-only seen student/item support)
2026-04-17 08:57:51,455 - INFO - Inference switches: ablate_module1=False | enable_module1=True | use_concept_graph=True | effective(num_gnn_layers=2)
2026-04-17 08:57:51,461 - INFO - [Inference] Ablation runtime check: args(ablate_module1=False) | expect(use_concept_graph=True,use_personal_graph=False) | model(enable_module1=True,use_concept_graph=True,use_personal_graph=False) | physical(has_knowledge_encoder=True,has_relation_learning=True,has_adaptive_gate=False,has_personal_generator=False)
2026-04-17 08:57:51,461 - INFO - [Inference] [Graph Init] graph_tau_mean=1.0055, graph_tau_std=0.0000, graph_dropout=0.000, use_personal_graph=False
2026-04-17 08:57:51,462 - INFO - Model loaded from epoch 16. Start testing...
[GPU] Status: [GPU 3: 23451MiB free]
2026-04-17 08:57:52,605 - INFO - [Test] 200/400 batches done, samples=25600
2026-04-17 08:57:53,413 - INFO - [Test] 400/400 batches done, samples=51090
2026-04-17 08:57:53,460 - INFO - 
==================================================
2026-04-17 08:57:53,461 - INFO - Test Results:
2026-04-17 08:57:53,461 - INFO - AUC: 0.7593
2026-04-17 08:57:53,461 - INFO - ACC: 0.7296
2026-04-17 08:57:53,461 - INFO - RMSE: 0.4259
2026-04-17 08:57:53,461 - INFO - ==================================================
/home/zsh/ConceptSkillCDM/src/experiment_utils.py:316: FutureWarning: The behavior of DataFrame concatenation with empty or all-NA entries is deprecated. In a future version, this will no longer exclude empty or all-NA columns when determining the result dtypes. To retain the old behavior, exclude the relevant entries before the concat operation.
  df = pd.concat([df, pd.DataFrame([row])], ignore_index=True)
2026-04-17 08:57:53,475 - INFO - Summary appended to /home/zsh/ConceptSkillCDM/results/experiment_results.csv
2026-04-17 08:57:53,475 - INFO - 
Generating student diagnosis reports...
2026-04-17 08:57:53,487 - INFO - Student diagnosis reports saved to checkpoints/abce_diag/remote_trust_diag_20260417_709083f/assist_09/seed42/best_no_E/student_diagnosis.json
2026-04-17 08:57:53,491 - INFO - Run completed.
2026-04-17 08:57:53,491 - INFO - Best validation AUC: 0.7587 at epoch 16
2026-04-17 08:57:53,491 - INFO - Test metrics - AUC: 0.7593, ACC: 0.7296, RMSE: 0.4259
2026-04-17 08:57:53,627 - INFO - [数据清洗] 学生交互次数 < 15 次的学生：共移除 313 个学生（仅统计用户数）
2026-04-17 08:57:53,636 - INFO - [数据清洗] 学生冷启动过滤：在 train/valid/test 中共删除 5118 条记录。
2026-04-17 08:57:53,636 - INFO - [数据清洗] 跳过题目冷门过滤（min_exer_interactions <= 0）。
2026-04-17 08:57:53,636 - INFO - [数据清洗] 跳过毒题清洗（min_poison_count <= 0）。
2026-04-17 08:57:53,636 - INFO - 正在构建ID映射...
2026-04-17 08:57:53,809 - INFO - 正在构建Q矩阵...
2026-04-17 08:57:59,953 - INFO - [数据清洗] Valid train-seen 过滤：before=20072, after=19875, dropped=197, coverage=99.02%
2026-04-17 08:57:59,958 - INFO - [数据清洗] Test train-seen 过滤：before=51610, after=51090, dropped=520, coverage=98.99%
2026-04-17 08:57:59,958 - INFO - [统计] 开始统计清洗后每道题的概念数量分布...
2026-04-17 08:57:59,964 - INFO - [Train] 概念数统计：题目数=17057, 平均概念数=1.1995, min=1, max=4, 1概念=14129 (82.83%), ≥2概念=2928 (17.17%)
2026-04-17 08:57:59,964 - INFO - [Train] 概念数直方图（概念数: 题目数量）: {1: 14129, 2: 2533, 3: 315, 4: 80}
2026-04-17 08:57:59,966 - INFO - [Valid] 概念数统计：题目数=9034, 平均概念数=1.1996, min=1, max=4, 1概念=7500 (83.02%), ≥2概念=1534 (16.98%)
2026-04-17 08:57:59,967 - INFO - [Valid] 概念数直方图（概念数: 题目数量）: {1: 7500, 2: 1314, 3: 171, 4: 49}
2026-04-17 08:57:59,970 - INFO - [Test] 概念数统计：题目数=12825, 平均概念数=1.1994, min=1, max=4, 1概念=10661 (83.13%), ≥2概念=2164 (16.87%)
2026-04-17 08:57:59,970 - INFO - [Test] 概念数直方图（概念数: 题目数量）: {1: 10661, 2: 1836, 3: 263, 4: 65}
2026-04-17 08:57:59,971 - INFO - [统计] 概念数量统计完成。
2026-04-17 08:57:59,971 - INFO - 正在加载数据集...
2026-04-17 08:58:00,043 - INFO - [Component Analysis] Global graph: torch.Size([2, 123, 123])
2026-04-17 08:58:00,046 - INFO - [Component Analysis] Data saved to checkpoints/abce_diag/remote_trust_diag_20260417_709083f/assist_09/seed42/best_no_E/component_analysis_data.npz
2026-04-17 08:58:00,291 - INFO - Generating component analysis visualizations...
2026-04-17 08:58:00,708 - INFO - Visualizations saved to checkpoints/abce_diag/remote_trust_diag_20260417_709083f/assist_09/seed42/best_no_E
Saved: checkpoints/abce_diag/remote_trust_diag_20260417_709083f/assist_09/seed42/best_no_E/global_concept_graph.png
Graph sparsity (entries < 0.01): 89.32%
Run ID: remote_trust_diag_20260417_709083f
Jobs: 7
Diagnosis CSV: results/abce_ablation_diagnosis.csv
Summary CSV:   results/abce_ablation_summary.csv
Mean CSV:      results/abce_ablation_summary_mean.csv
[PLAN] dataset=assist_09 seed=42 profile=best ablation=full gpu=2
       CMD: /home/zsh/anaconda3/envs/xph_env/bin/python main.py --dataset_name assist_09 --model_variant assist_09_abce_best_full --save_dir checkpoints/abce_diag/remote_trust_diag_20260417_709083f/assist_09/seed42/best_full --log_dir logs/abce_diag/remote_trust_diag_20260417_709083f/assist_09/seed42/best_full --seed 42 --generate_diagnosis True --alpha_min_target 0.05 --batch_size 128 --debug_graph_diag --diag_batches 1 --dropout 0.2 --early_stop_patience 3 --epochs 100 --graph_dropout 0.0 --graph_entropy_max 0.75 --graph_entropy_min 0.25 --graph_identity_residual 0.05 --graph_propagation_alpha 0.24 --graph_query_readout_2hop_scale 0.24 --graph_query_readout_scale 0.7 --graph_reg_cap_ratio 6.0 --graph_reg_warmup_epochs 4 --graph_tau_init 0.55 --graph_topk 12 --graph_uniform_margin 0.1 --knowledge_dim 64 --lambda_alpha 0.0 --lambda_alpha_min 0.08 --lambda_graph_diag 0.1 --lambda_graph_uniform 0.04 --lambda_personal_kl 0.04 --lambda_personal_query_residual 0.08 --lambda_sparse 0.8 --lambda_sparse_personal 0.0005 --learning_rate 0.0003 --min_exer_interactions 0 --min_poison_count 0 --min_stu_interactions 15 --num_gnn_layers 2 --num_relation_heads 2 --num_workers 4 --patience 5 --personal_alpha_base_init 0.05 --personal_alpha_bias_scale 0.0 --personal_alpha_budget 0.1 --personal_alpha_temperature 2.2 --personal_delta_scale 4.0 --personal_disable_student_global_context --personal_id_lr_mult 0.5 --no-personal_include_neighbor_rows --personal_local_hops 1 --personal_max_alpha 0.28 --personal_neighbor_row_budget 0.35 --personal_query_correction_max_ratio 0.15 --personal_query_correction_min_graph_anchor 0.02 --personal_query_correction_scale 0.08 --personal_query_residual_margin 0.08 --personal_query_row_budget 1.0 --personal_rank 8 --personal_reg_warmup_epochs 8 --personal_state_lr_mult 1.0 --personal_student_dim 32 --personal_support_only --personal_warmup_epochs 8 --prediction_l2_lambda 1e-05 --save_interval 10 --share_concept_embeddings --use_personal_graph --weight_decay 1e-05
[PLAN] dataset=assist_09 seed=42 profile=best ablation=no_A gpu=3
       CMD: /home/zsh/anaconda3/envs/xph_env/bin/python main.py --dataset_name assist_09 --model_variant assist_09_abce_best_no_A --save_dir checkpoints/abce_diag/remote_trust_diag_20260417_709083f/assist_09/seed42/best_no_A --log_dir logs/abce_diag/remote_trust_diag_20260417_709083f/assist_09/seed42/best_no_A --seed 42 --generate_diagnosis True --alpha_min_target 0.05 --batch_size 128 --debug_graph_diag --diag_batches 1 --dropout 0.2 --early_stop_patience 3 --epochs 100 --graph_dropout 0.0 --graph_entropy_max 0.75 --graph_entropy_min 0.25 --graph_identity_residual 0.05 --graph_propagation_alpha 0.24 --graph_query_readout_2hop_scale 0.24 --graph_query_readout_scale 0.7 --graph_reg_cap_ratio 6.0 --graph_reg_warmup_epochs 4 --graph_tau_init 0.55 --graph_topk 12 --graph_uniform_margin 0.1 --knowledge_dim 64 --lambda_alpha 0.0 --lambda_alpha_min 0.08 --lambda_graph_diag 0.1 --lambda_graph_uniform 0.04 --lambda_personal_kl 0.04 --lambda_personal_query_residual 0.08 --lambda_sparse 0.8 --lambda_sparse_personal 0.0005 --learning_rate 0.0003 --min_exer_interactions 0 --min_poison_count 0 --min_stu_interactions 15 --num_gnn_layers 2 --num_relation_heads 2 --num_workers 4 --patience 5 --personal_alpha_base_init 0.05 --personal_alpha_bias_scale 0.0 --personal_alpha_budget 0.1 --personal_alpha_temperature 2.2 --personal_delta_scale 4.0 --personal_disable_student_global_context --personal_id_lr_mult 0.5 --no-personal_include_neighbor_rows --personal_local_hops 1 --personal_max_alpha 0.28 --personal_neighbor_row_budget 0.35 --personal_query_correction_max_ratio 0.15 --personal_query_correction_min_graph_anchor 0.02 --personal_query_correction_scale 0.08 --personal_query_residual_margin 0.08 --personal_query_row_budget 1.0 --personal_rank 8 --personal_reg_warmup_epochs 8 --personal_state_lr_mult 1.0 --personal_student_dim 32 --personal_support_only --personal_warmup_epochs 8 --prediction_l2_lambda 1e-05 --save_interval 10 --share_concept_embeddings --use_personal_graph --weight_decay 1e-05 --ablate_concept_graph
[DONE] dataset=assist_09 seed=42 profile=best ablation=no_A exit=1 auc=None
[PLAN] dataset=assist_09 seed=42 profile=best ablation=no_E gpu=3
       CMD: /home/zsh/anaconda3/envs/xph_env/bin/python main.py --dataset_name assist_09 --model_variant assist_09_abce_best_no_E --save_dir checkpoints/abce_diag/remote_trust_diag_20260417_709083f/assist_09/seed42/best_no_E --log_dir logs/abce_diag/remote_trust_diag_20260417_709083f/assist_09/seed42/best_no_E --seed 42 --generate_diagnosis True --alpha_min_target 0.0 --batch_size 128 --debug_graph_diag --diag_batches 1 --dropout 0.2 --early_stop_patience 3 --epochs 100 --graph_dropout 0.0 --graph_entropy_max 0.75 --graph_entropy_min 0.25 --graph_identity_residual 0.05 --graph_propagation_alpha 0.24 --graph_query_readout_2hop_scale 0.24 --graph_query_readout_scale 0.7 --graph_reg_cap_ratio 6.0 --graph_reg_warmup_epochs 4 --graph_tau_init 0.55 --graph_topk 12 --graph_uniform_margin 0.1 --knowledge_dim 64 --lambda_alpha 0.0 --lambda_alpha_min 0.0 --lambda_graph_diag 0.1 --lambda_graph_uniform 0.04 --lambda_personal_kl 0.04 --lambda_personal_query_residual 0.08 --lambda_sparse 0.8 --lambda_sparse_personal 0.0 --learning_rate 0.0003 --min_exer_interactions 0 --min_poison_count 0 --min_stu_interactions 15 --num_gnn_layers 2 --num_relation_heads 2 --num_workers 4 --patience 5 --personal_alpha_base_init 0.05 --personal_alpha_bias_scale 0.0 --personal_alpha_budget 0.1 --personal_alpha_temperature 2.2 --personal_delta_scale 4.0 --personal_disable_student_global_context --personal_id_lr_mult 0.5 --no-personal_include_neighbor_rows --personal_local_hops 1 --personal_max_alpha 0.28 --personal_neighbor_row_budget 0.35 --personal_query_correction_max_ratio 0.15 --personal_query_correction_min_graph_anchor 0.02 --personal_query_correction_scale 0.08 --personal_query_residual_margin 0.08 --personal_query_row_budget 1.0 --personal_rank 8 --personal_reg_warmup_epochs 8 --personal_state_lr_mult 1.0 --personal_student_dim 32 --personal_support_only --personal_warmup_epochs 8 --prediction_l2_lambda 1e-05 --save_interval 10 --share_concept_embeddings --no-use_personal_graph --weight_decay 1e-05
[DONE] dataset=assist_09 seed=42 profile=best ablation=no_E exit=0 auc=0.7592658917465789
[PLAN] dataset=junyi seed=42 profile=best ablation=full gpu=3
       CMD: 2026-04-17 08:58:08,992 - INFO - Arguments:
2026-04-17 08:58:08,993 - INFO -   ablate_concept_graph: False
2026-04-17 08:58:08,993 - INFO -   ablate_module1: False
2026-04-17 08:58:08,993 - INFO -   allow_self_loop: True
2026-04-17 08:58:08,993 - INFO -   alpha_min_target: 0.04
2026-04-17 08:58:08,993 - INFO -   batch_size: 64
2026-04-17 08:58:08,993 - INFO -   data_dir: ./data/junyi
2026-04-17 08:58:08,993 - INFO -   dataset_name: junyi
2026-04-17 08:58:08,993 - INFO -   debug_graph_diag: True
2026-04-17 08:58:08,993 - INFO -   diag_batches: 1
2026-04-17 08:58:08,993 - INFO -   disable_self_loop: False
2026-04-17 08:58:08,993 - INFO -   dropout: 0.4
2026-04-17 08:58:08,993 - INFO -   early_stop_patience: 3
2026-04-17 08:58:08,993 - INFO -   enable_module1: True
2026-04-17 08:58:08,993 - INFO -   epochs: 100
2026-04-17 08:58:08,993 - INFO -   generate_diagnosis: True
2026-04-17 08:58:08,993 - INFO -   gnn_residual_weight: 0.5
2026-04-17 08:58:08,993 - INFO -   gpu_candidates: None
2026-04-17 08:58:08,993 - INFO -   gpu_ids: None
2026-04-17 08:58:08,994 - INFO -   gpu_memory_threshold: 2000
2026-04-17 08:58:08,994 - INFO -   gpus: None
2026-04-17 08:58:08,994 - INFO -   graph_dropout: 0.0
2026-04-17 08:58:08,994 - INFO -   graph_entropy_max: 0.7
2026-04-17 08:58:08,994 - INFO -   graph_entropy_min: 0.15
2026-04-17 08:58:08,994 - INFO -   graph_identity_residual: 0.05
2026-04-17 08:58:08,994 - INFO -   graph_propagation_alpha: 0.25
2026-04-17 08:58:08,994 - INFO -   graph_query_readout_2hop_scale: 0.12
2026-04-17 08:58:08,994 - INFO -   graph_query_readout_scale: 0.45
2026-04-17 08:58:08,994 - INFO -   graph_query_writeback_2hop_scale: 0.12
2026-04-17 08:58:08,994 - INFO -   graph_query_writeback_scale: 0.45
2026-04-17 08:58:08,994 - INFO -   graph_readout_1hop_scale: 0.45
2026-04-17 08:58:08,994 - INFO -   graph_readout_2hop_scale: 0.12
2026-04-17 08:58:08,994 - INFO -   graph_reg_cap_ratio: 6.0
2026-04-17 08:58:08,994 - INFO -   graph_reg_warmup_epochs: 2
2026-04-17 08:58:08,994 - INFO -   graph_tau_init: 0.55
2026-04-17 08:58:08,994 - INFO -   graph_topk: 24
2026-04-17 08:58:08,994 - INFO -   graph_uniform_margin: 0.12
2026-04-17 08:58:08,994 - INFO -   knowledge_dim: 128
2026-04-17 08:58:08,994 - INFO -   lambda_alpha: 0.0
2026-04-17 08:58:08,994 - INFO -   lambda_alpha_min: 0.05
2026-04-17 08:58:08,994 - INFO -   lambda_graph_diag: 0.12
2026-04-17 08:58:08,994 - INFO -   lambda_graph_uniform: 0.06
2026-04-17 08:58:08,994 - INFO -   lambda_personal_kl: 0.03
2026-04-17 08:58:08,994 - INFO -   lambda_personal_query_residual: 0.08
2026-04-17 08:58:08,994 - INFO -   lambda_sparse: 0.6
2026-04-17 08:58:08,994 - INFO -   lambda_sparse_personal: 0.0005
2026-04-17 08:58:08,994 - INFO -   learning_rate: 0.003
2026-04-17 08:58:08,994 - INFO -   log_dir: logs/abce_diag/remote_trust_diag_20260417_709083f/junyi/seed42/best_full
2026-04-17 08:58:08,994 - INFO -   max_test_batches: None
2026-04-17 08:58:08,994 - INFO -   max_train_batches: None
2026-04-17 08:58:08,994 - INFO -   max_val_batches: None
2026-04-17 08:58:08,994 - INFO -   min_exer_interactions: 0
2026-04-17 08:58:08,994 - INFO -   min_poison_count: 0
2026-04-17 08:58:08,994 - INFO -   min_stu_interactions: 15
2026-04-17 08:58:08,994 - INFO -   model_variant: junyi_abce_best_full
2026-04-17 08:58:08,994 - INFO -   multi_gpu: False
2026-04-17 08:58:08,994 - INFO -   no_cuda: False
2026-04-17 08:58:08,994 - INFO -   num_gnn_layers: 2
2026-04-17 08:58:08,994 - INFO -   num_gpus: 1
2026-04-17 08:58:08,994 - INFO -   num_relation_heads: 2
2026-04-17 08:58:08,994 - INFO -   num_workers: 4
2026-04-17 08:58:08,994 - INFO -   patience: 1
2026-04-17 08:58:08,994 - INFO -   personal_alpha_base_init: 0.04
2026-04-17 08:58:08,995 - INFO -   personal_alpha_bias_scale: 0.0
2026-04-17 08:58:08,995 - INFO -   personal_alpha_budget: 0.09
2026-04-17 08:58:08,995 - INFO -   personal_alpha_temperature: 1.8
2026-04-17 08:58:08,995 - INFO -   personal_delta_scale: 4.0
2026-04-17 08:58:08,995 - INFO -   personal_disable_student_global_context: True
2026-04-17 08:58:08,995 - INFO -   personal_id_lr_mult: 0.25
2026-04-17 08:58:08,995 - INFO -   personal_include_neighbor_rows: False
2026-04-17 08:58:08,995 - INFO -   personal_local_hops: 1
2026-04-17 08:58:08,995 - INFO -   personal_max_alpha: 0.26
2026-04-17 08:58:08,995 - INFO -   personal_neighbor_row_budget: 0.2
2026-04-17 08:58:08,995 - INFO -   personal_query_correction_max_ratio: 0.2
2026-04-17 08:58:08,995 - INFO -   personal_query_correction_min_graph_anchor: 0.01
2026-04-17 08:58:08,995 - INFO -   personal_query_correction_scale: 0.05
2026-04-17 08:58:08,995 - INFO -   personal_query_residual_margin: 0.05
2026-04-17 08:58:08,995 - INFO -   personal_query_row_budget: 1.3
2026-04-17 08:58:08,995 - INFO -   personal_rank: 8
2026-04-17 08:58:08,995 - INFO -   personal_reg_warmup_epochs: 5
2026-04-17 08:58:08,995 - INFO -   personal_state_lr_mult: 1.5
2026-04-17 08:58:08,995 - INFO -   personal_student_dim: 64
2026-04-17 08:58:08,995 - INFO -   personal_support_only: True
2026-04-17 08:58:08,995 - INFO -   personal_warmup_epochs: 5
2026-04-17 08:58:08,995 - INFO -   prediction_l2_lambda: 1e-05
2026-04-17 08:58:08,995 - INFO -   save_dir: checkpoints/abce_diag/remote_trust_diag_20260417_709083f/junyi/seed42/best_full
2026-04-17 08:58:08,995 - INFO -   save_interval: 10
2026-04-17 08:58:08,995 - INFO -   seed: 42
2026-04-17 08:58:08,995 - INFO -   share_concept_embeddings: True
2026-04-17 08:58:08,995 - INFO -   use_concept_graph: True
2026-04-17 08:58:08,995 - INFO -   use_exercise_graph: True
2026-04-17 08:58:08,995 - INFO -   use_personal_graph: True
2026-04-17 08:58:08,995 - INFO -   weight_decay: 0.001
2026-04-17 08:58:09,073 - INFO - Using device: cuda:0 (physical gpu 3)
2026-04-17 08:58:09,073 - INFO - [junyi|junyi_abce_best_full|lr=0.003|drop=0.40] Loading datasets...
2026-04-17 08:58:09,073 - INFO - [junyi|junyi_abce_best_full|lr=0.003|drop=0.40] Regularization: graph_entropy(lambda_sparse)=0.600000, graph_diag=0.120000, graph_uniform=0.060000, personal_sparse=0.000500, personal_kl=0.030000, personal_query_residual=0.080000, alpha_penalty=0.000000, alpha_min=0.050000, prediction_l2=0.000010
2026-04-17 08:58:09,074 - INFO - [junyi|junyi_abce_best_full|lr=0.003|drop=0.40] Graph controls: entropy_band=[0.15, 0.70], uniform_margin=0.12, warmup_epochs=2, cap_ratio=6.00, graph_dropout=0.000, graph_tau_init=0.550
2026-04-17 08:58:09,074 - INFO - [junyi|junyi_abce_best_full|lr=0.003|drop=0.40] Personal controls: personal_max_alpha=0.260, personal_delta_scale=4.000, personal_warmup_epochs=5, personal_student_dim=64, alpha_min_target=0.0400, personal_local_hops=1, include_neighbor_rows=False, personal_support_only=True, personal_alpha_temperature=1.800, personal_alpha_budget=0.090, personal_query_row_budget=1.300, personal_neighbor_row_budget=0.200, personal_query_correction_scale=0.050, personal_state_lr_mult=1.500, personal_id_lr_mult=0.250, graph_propagation_alpha=0.250, graph_query_readout_scale=0.450, graph_query_readout_2hop_scale=0.120
2026-04-17 08:58:09,152 - INFO - [junyi] [数据清洗] 学生交互次数 < 15 次的学生：共移除 2188 个学生（仅统计用户数）
2026-04-17 08:58:09,164 - INFO - [junyi] [数据清洗] 学生冷启动过滤：在 train/valid/test 中共删除 35779 条记录。
2026-04-17 08:58:09,165 - INFO - [junyi] [数据清洗] 跳过题目冷门过滤（min_exer_interactions <= 0）。
2026-04-17 08:58:09,165 - INFO - [junyi] [数据清洗] 跳过毒题清洗（min_poison_count <= 0）。
2026-04-17 08:58:09,165 - INFO - [junyi] 正在构建ID映射...
2026-04-17 08:58:09,322 - INFO - [junyi] 正在构建Q矩阵...
2026-04-17 08:58:14,579 - INFO - [junyi] [数据清洗] Valid train-seen 过滤：before=22111, after=22111, dropped=0, coverage=100.00%
2026-04-17 08:58:14,583 - INFO - [junyi] [数据清洗] Test train-seen 过滤：before=60499, after=60494, dropped=5, coverage=99.99%
2026-04-17 08:58:14,584 - INFO - [junyi] [统计] 开始统计清洗后每道题的概念数量分布...
2026-04-17 08:58:14,586 - INFO - [junyi] [Train] 概念数统计：题目数=697, 平均概念数=1.0000, min=1, max=1, 1概念=697 (100.00%), ≥2概念=0 (0.00%)
2026-04-17 08:58:14,586 - INFO - [junyi] [Train] 概念数直方图（概念数: 题目数量）: {1: 697}
2026-04-17 08:58:14,587 - INFO - [junyi] [Valid] 概念数统计：题目数=614, 平均概念数=1.0000, min=1, max=1, 1概念=614 (100.00%), ≥2概念=0 (0.00%)
2026-04-17 08:58:14,587 - INFO - [junyi] [Valid] 概念数直方图（概念数: 题目数量）: {1: 614}
2026-04-17 08:58:14,588 - INFO - [junyi] [Test] 概念数统计：题目数=663, 平均概念数=1.0000, min=1, max=1, 1概念=663 (100.00%), ≥2概念=0 (0.00%)
2026-04-17 08:58:14,588 - INFO - [junyi] [Test] 概念数直方图（概念数: 题目数量）: {1: 663}
2026-04-17 08:58:14,588 - INFO - [junyi] [统计] 概念数量统计完成。
2026-04-17 08:58:14,588 - INFO - [junyi] 正在加载数据集...
2026-04-17 08:58:14,671 - INFO - [junyi|junyi_abce_best_full|lr=0.003|drop=0.40] Train samples: 235446, Val samples: 22111
2026-04-17 08:58:14,671 - INFO - [junyi|junyi_abce_best_full|lr=0.003|drop=0.40] Number of students: 7812
2026-04-17 08:58:14,671 - INFO - [junyi|junyi_abce_best_full|lr=0.003|drop=0.40] Number of exercises: 697
2026-04-17 08:58:14,671 - INFO - [junyi|junyi_abce_best_full|lr=0.003|drop=0.40] Number of concepts: 697
2026-04-17 08:58:14,671 - INFO - [junyi|junyi_abce_best_full|lr=0.003|drop=0.40] Creating model...
2026-04-17 08:58:14,671 - INFO - [junyi|junyi_abce_best_full|lr=0.003|drop=0.40] Ablation switches: ablate_module1=False | enable_module1=True | use_concept_graph=True | effective(num_gnn_layers=2)
2026-04-17 08:58:14,883 - INFO - [junyi|junyi_abce_best_full|lr=0.003|drop=0.40] Ablation runtime check: args(ablate_module1=False) | expect(use_concept_graph=True,use_personal_graph=True) | model(enable_module1=True,use_concept_graph=True,use_personal_graph=True) | physical(has_knowledge_encoder=True,has_relation_learning=True,has_adaptive_gate=True,has_personal_generator=True)
2026-04-17 08:58:14,883 - INFO - [junyi|junyi_abce_best_full|lr=0.003|drop=0.40] Debug diagnostics enabled: diag_batches=1
2026-04-17 08:58:14,900 - INFO - [junyi|junyi_abce_best_full|lr=0.003|drop=0.40] [Graph Init] graph_tau_mean=1.0055, graph_tau_std=0.0000, graph_dropout=0.000, use_personal_graph=True
2026-04-17 08:58:14,900 - INFO - [junyi|junyi_abce_best_full|lr=0.003|drop=0.40] Total parameters: 8,241,101
2026-04-17 08:58:14,900 - INFO - [junyi|junyi_abce_best_full|lr=0.003|drop=0.40] Trainable parameters: 8,241,101
2026-04-17 08:58:15,732 - INFO - [junyi|junyi_abce_best_full|lr=0.003|drop=0.40] Optimizer param groups: backbone@lr=0.003, personal_state@lr=0.0045, personal_id@lr=0.00075
2026-04-17 08:58:15,733 - INFO - [junyi|junyi_abce_best_full|lr=0.003|drop=0.40] Monitor config: scheduler=val_auc(max), best_checkpoint=val_auc(max), early_stop=val_auc(max)
2026-04-17 08:58:15,733 - INFO - [junyi|junyi_abce_best_full|lr=0.003|drop=0.40] Starting training...
[GPU] Status: [GPU 3: 24088MiB free]
2026-04-17 08:58:38,276 - INFO - [assist_09|assist_09_abce_best_full|lr=0.0003|drop=0.20] Epoch [008/100] | Train: Loss=0.5326, BCE=0.5218, Reg=0.0108, AUC=0.7803, ACC=0.7358, RMSE=0.4180 | Val: Loss=0.5626, BCE=0.5518, Reg=0.0108, AUC=0.7502, ACC=0.7154, RMSE=0.4317
2026-04-17 08:58:38,276 - INFO - [assist_09|assist_09_abce_best_full|lr=0.0003|drop=0.20] [Reg Terms] Epoch [008] | Train: graph_entropy=0.000000, graph_diag=0.005000, graph_uniform=0.003049, graph_reg_scale=1.0000, prediction_l2=0.000000, personal_sparse=0.000317, alpha_var=0.000000, alpha_collapse=0.000000, reg_bce_ratio=0.0207 | Val: graph_entropy=0.000000, graph_diag=0.005000, graph_uniform=0.003049, graph_reg_scale=1.0000, prediction_l2=0.000000, personal_sparse=0.000385, alpha_var=0.000000, alpha_collapse=0.000020, reg_bce_ratio=0.0196
2026-04-17 08:58:38,464 - INFO - [assist_09|assist_09_abce_best_full|lr=0.0003|drop=0.20] [Diag][AE] Epoch [008] | irt_abs_mean=1.4921, irt_std=0.7853, personal_warmup_scale=1.00, graph_row_entropy=2.5592, graph_entropy_ratio=0.5318, alpha_mean=0.1439, alpha_std=0.0524, alpha_base_mean=0.0710, alpha_delta_absmean=0.0729, alpha_saturation_ratio=0.0000, alpha_bias_std=NA, alpha_state_path=2.9986, alpha_id_path=0.0000, alpha_bias_path=0.0000, head_bias_path=1.1512, personal_row_entropy=1.8216, personal_matrix_delta=0.0827, personal_matrix_student_std=0.0492, personal_delta_pre_softmax_norm=2.3155, personal_delta_student_std=1.1690, alpha_head_std=0.0522, query_row_global_readout_delta=0.3901, query_row_personal_message_delta=0.0029, query_row_posterior_delta_abs=0.0827, query_row_posterior_kl=0.0590, personal_to_graph_query_ratio=0.0075, query_row_global_support_mass=0.9496, query_row_personal_support_mass=0.9496, neighbor_row_personal_delta=0.0000, personal_row_budget_mean=1.0000, personal_query_row_std=0.1013, readout_query_support_mass=0.9496, personal_student_mix=0.0486, personal_student_adapter=0.0400, local_row_ratio=0.2102, support_density=0.4010, readout_query_delta=0.3890, personal_bad_rows_active=0.00, personal_fallback_rows_active=0.00, personal_bad_row_rate_active=0.0000, personal_padded_rows=460.00, personal_logits_support_absmax=5.8410, personal_query_trust_scale_mean=1.0000, personal_bad_rows_legacy=460.00, personal_fallback_rows_legacy=460.00, personal_logits_absmax_legacy=30.0000
2026-04-17 08:58:38,464 - INFO - [assist_09|assist_09_abce_best_full|lr=0.0003|drop=0.20] [Diag][A] Epoch [008] | entropy_ratio=0.5318, diag_mass=0.0500, to_uniform_l2=0.023784, to_identity_l2=0.089156, relation_identity_delta=0.089156, knowledge_state_graph_delta=0.769134, knowledge_state_personal_delta=0.000000, share_concept_embeddings=True, tau_mean=0.6932, tau_std=0.0000, graph_reg_scale(train/val)=1.0000/1.0000
2026-04-17 08:58:38,465 - INFO - [assist_09|assist_09_abce_best_full|lr=0.0003|drop=0.20] [Grad Norms] Epoch [008] | relation_emb=2.514741e-01, relation_tau=5.873041e-09, relation_wq=9.898701e-07, relation_wk=1.429691e-06, personal_u=5.147208e-03, personal_v=2.597409e-03, personal_alpha_bias=0.000000e+00, personal_gate_emb=0.000000e+00, personal_gate_state_proj=0.000000e+00, personal_gate_context_proj=0.000000e+00, personal_gate_state_direct=2.434599e-05, personal_gate_id_direct=0.000000e+00, personal_gate_context_direct=9.079777e-05, personal_gate_out=1.767148e-07, personal_generator_emb=0.000000e+00, personal_generator_context_proj=0.000000e+00, personal_generator_context_hidden=0.000000e+00, personal_generator_context_to_u=0.000000e+00, personal_generator_context_to_v=0.000000e+00, personal_generator_state_row=0.000000e+00, personal_generator_state_col=0.000000e+00, personal_generator_id_row=0.000000e+00, personal_generator_id_col=0.000000e+00, personal_generator_state_adapter=0.000000e+00, personal_generator_id_adapter=0.000000e+00, personal_generator_context_adapter=0.000000e+00, personal_generator_direct_scale=6.922941e-07
2026-04-17 08:58:38,717 - INFO - [assist_09|assist_09_abce_best_full|lr=0.0003|drop=0.20] -> New best AUC=0.7502 at epoch 8
2026-04-17 08:59:54,531 - INFO - [assist_09|assist_09_abce_best_full|lr=0.0003|drop=0.20] Epoch [009/100] | Train: Loss=0.5272, BCE=0.5164, Reg=0.0108, AUC=0.7867, ACC=0.7374, RMSE=0.4155 | Val: Loss=0.5596, BCE=0.5487, Reg=0.0108, AUC=0.7518, ACC=0.7198, RMSE=0.4301
2026-04-17 08:59:54,531 - INFO - [assist_09|assist_09_abce_best_full|lr=0.0003|drop=0.20] [Reg Terms] Epoch [009] | Train: graph_entropy=0.000000, graph_diag=0.005000, graph_uniform=0.003049, graph_reg_scale=1.0000, prediction_l2=0.000000, personal_sparse=0.000318, alpha_var=0.000000, alpha_collapse=0.000000, reg_bce_ratio=0.0209 | Val: graph_entropy=0.000000, graph_diag=0.005000, graph_uniform=0.003049, graph_reg_scale=1.0000, prediction_l2=0.000000, personal_sparse=0.000384, alpha_var=0.000000, alpha_collapse=0.000015, reg_bce_ratio=0.0197
2026-04-17 08:59:54,747 - INFO - [assist_09|assist_09_abce_best_full|lr=0.0003|drop=0.20] [Diag][AE] Epoch [009] | irt_abs_mean=1.4900, irt_std=0.8273, personal_warmup_scale=1.00, graph_row_entropy=2.5592, graph_entropy_ratio=0.5318, alpha_mean=0.1484, alpha_std=0.0531, alpha_base_mean=0.0741, alpha_delta_absmean=0.0744, alpha_saturation_ratio=0.0000, alpha_bias_std=NA, alpha_state_path=3.1092, alpha_id_path=0.0000, alpha_bias_path=0.0000, head_bias_path=1.0983, personal_row_entropy=1.8074, personal_matrix_delta=0.0836, personal_matrix_student_std=0.0502, personal_delta_pre_softmax_norm=2.3362, personal_delta_student_std=1.1828, alpha_head_std=0.0529, query_row_global_readout_delta=0.4084, query_row_personal_message_delta=0.0035, query_row_posterior_delta_abs=0.0836, query_row_posterior_kl=0.0602, personal_to_graph_query_ratio=0.0086, query_row_global_support_mass=1.1235, query_row_personal_support_mass=1.1235, neighbor_row_personal_delta=0.0000, personal_row_budget_mean=1.0000, personal_query_row_std=0.0784, readout_query_support_mass=1.1235, personal_student_mix=0.0523, personal_student_adapter=0.0400, local_row_ratio=0.2062, support_density=0.4010, readout_query_delta=0.4071, personal_bad_rows_active=0.00, personal_fallback_rows_active=0.00, personal_bad_row_rate_active=0.0000, personal_padded_rows=460.00, personal_logits_support_absmax=5.9277, personal_query_trust_scale_mean=1.0000, personal_bad_rows_legacy=460.00, personal_fallback_rows_legacy=460.00, personal_logits_absmax_legacy=30.0000
2026-04-17 08:59:54,747 - INFO - [assist_09|assist_09_abce_best_full|lr=0.0003|drop=0.20] [Diag][A] Epoch [009] | entropy_ratio=0.5318, diag_mass=0.0500, to_uniform_l2=0.023784, to_identity_l2=0.089156, relation_identity_delta=0.089156, knowledge_state_graph_delta=0.814492, knowledge_state_personal_delta=0.000000, share_concept_embeddings=True, tau_mean=0.6933, tau_std=0.0001, graph_reg_scale(train/val)=1.0000/1.0000
2026-04-17 08:59:54,747 - INFO - [assist_09|assist_09_abce_best_full|lr=0.0003|drop=0.20] [Grad Norms] Epoch [009] | relation_emb=2.746895e-01, relation_tau=6.064873e-08, relation_wq=1.052068e-05, relation_wk=4.528279e-06, personal_u=2.155276e-02, personal_v=6.326178e-03, personal_alpha_bias=0.000000e+00, personal_gate_emb=0.000000e+00, personal_gate_state_proj=0.000000e+00, personal_gate_context_proj=0.000000e+00, personal_gate_state_direct=2.310823e-04, personal_gate_id_direct=0.000000e+00, personal_gate_context_direct=1.116899e-04, personal_gate_out=6.594963e-07, personal_generator_emb=0.000000e+00, personal_generator_context_proj=0.000000e+00, personal_generator_context_hidden=0.000000e+00, personal_generator_context_to_u=0.000000e+00, personal_generator_context_to_v=0.000000e+00, personal_generator_state_row=0.000000e+00, personal_generator_state_col=0.000000e+00, personal_generator_id_row=0.000000e+00, personal_generator_id_col=0.000000e+00, personal_generator_state_adapter=0.000000e+00, personal_generator_id_adapter=0.000000e+00, personal_generator_context_adapter=0.000000e+00, personal_generator_direct_scale=4.847005e-06
2026-04-17 08:59:55,062 - INFO - [assist_09|assist_09_abce_best_full|lr=0.0003|drop=0.20] -> New best AUC=0.7518 at epoch 9
2026-04-17 09:00:46,622 - INFO - [junyi|junyi_abce_best_full|lr=0.003|drop=0.40] Epoch [001/100] | Train: Loss=0.5333, BCE=0.5259, Reg=0.0074, AUC=0.7818, ACC=0.7398, RMSE=0.4191 | Val: Loss=0.5201, BCE=0.5131, Reg=0.0070, AUC=0.7937, ACC=0.7556, RMSE=0.4115
2026-04-17 09:00:46,622 - INFO - [junyi|junyi_abce_best_full|lr=0.003|drop=0.40] [Reg Terms] Epoch [001] | Train: graph_entropy=0.000000, graph_diag=0.003289, graph_uniform=0.003375, graph_reg_scale=1.0000, prediction_l2=0.000000, personal_sparse=0.000241, alpha_var=0.000000, alpha_collapse=0.000326, reg_bce_ratio=0.0141 | Val: graph_entropy=0.000000, graph_diag=0.003000, graph_uniform=0.003377, graph_reg_scale=1.0000, prediction_l2=0.000000, personal_sparse=0.000245, alpha_var=0.000000, alpha_collapse=0.000231, reg_bce_ratio=0.0137
2026-04-17 09:00:46,793 - INFO - [junyi|junyi_abce_best_full|lr=0.003|drop=0.40] [Diag][AE] Epoch [001] | irt_abs_mean=1.4741, irt_std=1.0510, personal_warmup_scale=0.20, graph_row_entropy=3.2177, graph_entropy_ratio=0.4915, alpha_mean=0.1243, alpha_std=0.0169, alpha_base_mean=0.1243, alpha_delta_absmean=0.0055, alpha_saturation_ratio=0.0000, alpha_bias_std=NA, alpha_state_path=0.1111, alpha_id_path=0.0000, alpha_bias_path=0.0000, head_bias_path=0.2454, personal_row_entropy=2.4448, personal_matrix_delta=0.0430, personal_matrix_student_std=0.0440, personal_delta_pre_softmax_norm=2.8056, personal_delta_student_std=2.6912, alpha_head_std=0.0169, query_row_global_readout_delta=0.1202, query_row_personal_message_delta=0.0003, query_row_posterior_delta_abs=0.0430, query_row_posterior_kl=0.0309, personal_to_graph_query_ratio=0.0022, query_row_global_support_mass=1.1025, query_row_personal_support_mass=1.1025, neighbor_row_personal_delta=0.0000, personal_row_budget_mean=1.3000, personal_query_row_std=0.1142, readout_query_support_mass=1.1025, personal_student_mix=0.0500, personal_student_adapter=0.0400, local_row_ratio=0.0694, support_density=1.0000, readout_query_delta=0.1202, personal_bad_rows_active=0.00, personal_fallback_rows_active=0.00, personal_bad_row_rate_active=0.0000, personal_padded_rows=0.00, personal_logits_support_absmax=6.7740, personal_query_trust_scale_mean=1.0000, personal_bad_rows_legacy=0.00, personal_fallback_rows_legacy=0.00, personal_logits_absmax_legacy=6.7740
2026-04-17 09:00:46,793 - INFO - [junyi|junyi_abce_best_full|lr=0.003|drop=0.40] [Diag][A] Epoch [001] | entropy_ratio=0.4915, diag_mass=0.0500, to_uniform_l2=0.007448, to_identity_l2=0.036726, relation_identity_delta=0.036726, knowledge_state_graph_delta=0.283866, knowledge_state_personal_delta=0.000000, share_concept_embeddings=True, tau_mean=0.6931, tau_std=0.0000, graph_reg_scale(train/val)=1.0000/1.0000
2026-04-17 09:00:46,793 - WARNING - [junyi|junyi_abce_best_full|lr=0.003|drop=0.40] [Diag Warning][AE] query-readout-overamplified: readout_query_delta=0.120238, query_row_graph_delta=0.120190, personal_matrix_delta=0.043002
2026-04-17 09:00:46,793 - INFO - [junyi|junyi_abce_best_full|lr=0.003|drop=0.40] [Grad Norms] Epoch [001] | relation_emb=2.497712e-01, relation_tau=7.849746e-12, relation_wq=1.193899e-08, relation_wk=1.088208e-08, personal_u=4.524321e-03, personal_v=2.278288e-03, personal_alpha_bias=0.000000e+00, personal_gate_emb=2.930691e-12, personal_gate_state_proj=2.779854e-15, personal_gate_context_proj=8.692844e-15, personal_gate_state_direct=8.627816e-08, personal_gate_id_direct=3.010779e-13, personal_gate_context_direct=2.697992e-07, personal_gate_out=6.536285e-08, personal_generator_emb=5.714040e-22, personal_generator_context_proj=1.369735e-17, personal_generator_context_hidden=1.091730e-14, personal_generator_context_to_u=1.316036e-11, personal_generator_context_to_v=1.548078e-11, personal_generator_state_row=1.064195e-11, personal_generator_state_col=1.251833e-11, personal_generator_id_row=1.097278e-12, personal_generator_id_col=1.290749e-12, personal_generator_state_adapter=2.868482e-16, personal_generator_id_adapter=2.428790e-18, personal_generator_context_adapter=7.702369e-16, personal_generator_direct_scale=1.933214e-06
2026-04-17 09:00:46,952 - INFO - [junyi|junyi_abce_best_full|lr=0.003|drop=0.40] -> New best AUC=0.7937 at epoch 1
2026-04-17 09:01:05,113 - INFO - [assist_09|assist_09_abce_best_full|lr=0.0003|drop=0.20] Epoch [010/100] | Train: Loss=0.5220, BCE=0.5112, Reg=0.0108, AUC=0.7922, ACC=0.7409, RMSE=0.4131 | Val: Loss=0.5575, BCE=0.5466, Reg=0.0109, AUC=0.7535, ACC=0.7200, RMSE=0.4292
2026-04-17 09:01:05,113 - INFO - [assist_09|assist_09_abce_best_full|lr=0.0003|drop=0.20] [Reg Terms] Epoch [010] | Train: graph_entropy=0.000000, graph_diag=0.005000, graph_uniform=0.003049, graph_reg_scale=1.0000, prediction_l2=0.000000, personal_sparse=0.000320, alpha_var=0.000000, alpha_collapse=0.000000, reg_bce_ratio=0.0211 | Val: graph_entropy=0.000000, graph_diag=0.005000, graph_uniform=0.003049, graph_reg_scale=1.0000, prediction_l2=0.000000, personal_sparse=0.000379, alpha_var=0.000000, alpha_collapse=0.000015, reg_bce_ratio=0.0200
2026-04-17 09:01:05,296 - INFO - [assist_09|assist_09_abce_best_full|lr=0.0003|drop=0.20] [Diag][AE] Epoch [010] | irt_abs_mean=1.3861, irt_std=0.7704, personal_warmup_scale=1.00, graph_row_entropy=2.5592, graph_entropy_ratio=0.5318, alpha_mean=0.1537, alpha_std=0.0530, alpha_base_mean=0.0770, alpha_delta_absmean=0.0767, alpha_saturation_ratio=0.0000, alpha_bias_std=NA, alpha_state_path=3.2752, alpha_id_path=0.0000, alpha_bias_path=0.0000, head_bias_path=1.0472, personal_row_entropy=1.7852, personal_matrix_delta=0.0852, personal_matrix_student_std=0.0507, personal_delta_pre_softmax_norm=2.3204, personal_delta_student_std=1.1749, alpha_head_std=0.0527, query_row_global_readout_delta=0.4279, query_row_personal_message_delta=0.0030, query_row_posterior_delta_abs=0.0852, query_row_posterior_kl=0.0616, personal_to_graph_query_ratio=0.0069, query_row_global_support_mass=1.1393, query_row_personal_support_mass=1.1393, neighbor_row_personal_delta=0.0000, personal_row_budget_mean=1.0000, personal_query_row_std=0.0949, readout_query_support_mass=1.1393, personal_student_mix=0.0539, personal_student_adapter=0.0400, local_row_ratio=0.1880, support_density=0.4010, readout_query_delta=0.4268, personal_bad_rows_active=0.00, personal_fallback_rows_active=0.00, personal_bad_row_rate_active=0.0000, personal_padded_rows=460.00, personal_logits_support_absmax=5.8103, personal_query_trust_scale_mean=1.0000, personal_bad_rows_legacy=460.00, personal_fallback_rows_legacy=460.00, personal_logits_absmax_legacy=30.0000
2026-04-17 09:01:05,296 - INFO - [assist_09|assist_09_abce_best_full|lr=0.0003|drop=0.20] [Diag][A] Epoch [010] | entropy_ratio=0.5318, diag_mass=0.0500, to_uniform_l2=0.023784, to_identity_l2=0.089156, relation_identity_delta=0.089156, knowledge_state_graph_delta=0.847765, knowledge_state_personal_delta=0.000000, share_concept_embeddings=True, tau_mean=0.6931, tau_std=0.0000, graph_reg_scale(train/val)=1.0000/1.0000
2026-04-17 09:01:05,296 - INFO - [assist_09|assist_09_abce_best_full|lr=0.0003|drop=0.20] [Grad Norms] Epoch [010] | relation_emb=2.868926e-01, relation_tau=1.128642e-08, relation_wq=5.719504e-06, relation_wk=2.088356e-06, personal_u=8.947308e-03, personal_v=4.727439e-03, personal_alpha_bias=0.000000e+00, personal_gate_emb=0.000000e+00, personal_gate_state_proj=0.000000e+00, personal_gate_context_proj=0.000000e+00, personal_gate_state_direct=4.365893e-04, personal_gate_id_direct=0.000000e+00, personal_gate_context_direct=1.613862e-04, personal_gate_out=7.226417e-07, personal_generator_emb=0.000000e+00, personal_generator_context_proj=0.000000e+00, personal_generator_context_hidden=0.000000e+00, personal_generator_context_to_u=0.000000e+00, personal_generator_context_to_v=0.000000e+00, personal_generator_state_row=0.000000e+00, personal_generator_state_col=0.000000e+00, personal_generator_id_row=0.000000e+00, personal_generator_id_col=0.000000e+00, personal_generator_state_adapter=0.000000e+00, personal_generator_id_adapter=0.000000e+00, personal_generator_context_adapter=0.000000e+00, personal_generator_direct_scale=1.129211e-05
2026-04-17 09:01:05,565 - INFO - [assist_09|assist_09_abce_best_full|lr=0.0003|drop=0.20] -> New best AUC=0.7535 at epoch 10
2026-04-17 09:01:05,606 - INFO - [assist_09|assist_09_abce_best_full|lr=0.0003|drop=0.20] Checkpoint saved: checkpoints/abce_diag/remote_trust_diag_20260417_709083f/assist_09/seed42/best_full/checkpoint_epoch_10.pth
2026-04-17 09:01:05,853 - INFO - [assist_09|assist_09_abce_best_full|lr=0.0003|drop=0.20] [Module Activity] Epoch 10: Graph[LIVE] Personal[LIVE]
2026-04-17 09:02:20,117 - INFO - [assist_09|assist_09_abce_best_full|lr=0.0003|drop=0.20] Epoch [011/100] | Train: Loss=0.5172, BCE=0.5064, Reg=0.0108, AUC=0.7973, ACC=0.7434, RMSE=0.4110 | Val: Loss=0.5570, BCE=0.5461, Reg=0.0109, AUC=0.7548, ACC=0.7220, RMSE=0.4289
2026-04-17 09:02:20,117 - INFO - [assist_09|assist_09_abce_best_full|lr=0.0003|drop=0.20] [Reg Terms] Epoch [011] | Train: graph_entropy=0.000000, graph_diag=0.005000, graph_uniform=0.003049, graph_reg_scale=1.0000, prediction_l2=0.000000, personal_sparse=0.000317, alpha_var=0.000000, alpha_collapse=0.000000, reg_bce_ratio=0.0213 | Val: graph_entropy=0.000000, graph_diag=0.005000, graph_uniform=0.003049, graph_reg_scale=1.0000, prediction_l2=0.000000, personal_sparse=0.000381, alpha_var=0.000000, alpha_collapse=0.000007, reg_bce_ratio=0.0199
2026-04-17 09:02:20,330 - INFO - [assist_09|assist_09_abce_best_full|lr=0.0003|drop=0.20] [Diag][AE] Epoch [011] | irt_abs_mean=1.4114, irt_std=0.8283, personal_warmup_scale=1.00, graph_row_entropy=2.5592, graph_entropy_ratio=0.5318, alpha_mean=0.1577, alpha_std=0.0542, alpha_base_mean=0.0800, alpha_delta_absmean=0.0777, alpha_saturation_ratio=0.0000, alpha_bias_std=NA, alpha_state_path=3.4126, alpha_id_path=0.0000, alpha_bias_path=0.0000, head_bias_path=0.9966, personal_row_entropy=1.7916, personal_matrix_delta=0.0847, personal_matrix_student_std=0.0505, personal_delta_pre_softmax_norm=2.3306, personal_delta_student_std=1.1836, alpha_head_std=0.0540, query_row_global_readout_delta=0.4491, query_row_personal_message_delta=0.0034, query_row_posterior_delta_abs=0.0847, query_row_posterior_kl=0.0609, personal_to_graph_query_ratio=0.0076, query_row_global_support_mass=1.0982, query_row_personal_support_mass=1.0982, neighbor_row_personal_delta=0.0000, personal_row_budget_mean=1.0000, personal_query_row_std=0.0917, readout_query_support_mass=1.0982, personal_student_mix=0.0547, personal_student_adapter=0.0400, local_row_ratio=0.2107, support_density=0.4010, readout_query_delta=0.4480, personal_bad_rows_active=0.00, personal_fallback_rows_active=0.00, personal_bad_row_rate_active=0.0000, personal_padded_rows=460.00, personal_logits_support_absmax=5.7083, personal_query_trust_scale_mean=1.0000, personal_bad_rows_legacy=460.00, personal_fallback_rows_legacy=460.00, personal_logits_absmax_legacy=30.0000
2026-04-17 09:02:20,330 - INFO - [assist_09|assist_09_abce_best_full|lr=0.0003|drop=0.20] [Diag][A] Epoch [011] | entropy_ratio=0.5318, diag_mass=0.0500, to_uniform_l2=0.023784, to_identity_l2=0.089156, relation_identity_delta=0.089156, knowledge_state_graph_delta=0.901422, knowledge_state_personal_delta=0.000000, share_concept_embeddings=True, tau_mean=0.6932, tau_std=0.0001, graph_reg_scale(train/val)=1.0000/1.0000
2026-04-17 09:02:20,331 - INFO - [assist_09|assist_09_abce_best_full|lr=0.0003|drop=0.20] [Grad Norms] Epoch [011] | relation_emb=3.602231e-01, relation_tau=3.443698e-08, relation_wq=2.260836e-06, relation_wk=1.416543e-06, personal_u=7.396533e-03, personal_v=4.161037e-03, personal_alpha_bias=0.000000e+00, personal_gate_emb=0.000000e+00, personal_gate_state_proj=0.000000e+00, personal_gate_context_proj=0.000000e+00, personal_gate_state_direct=3.631984e-04, personal_gate_id_direct=0.000000e+00, personal_gate_context_direct=1.136381e-04, personal_gate_out=2.597426e-07, personal_generator_emb=0.000000e+00, personal_generator_context_proj=0.000000e+00, personal_generator_context_hidden=0.000000e+00, personal_generator_context_to_u=0.000000e+00, personal_generator_context_to_v=0.000000e+00, personal_generator_state_row=0.000000e+00, personal_generator_state_col=0.000000e+00, personal_generator_id_row=0.000000e+00, personal_generator_id_col=0.000000e+00, personal_generator_state_adapter=0.000000e+00, personal_generator_id_adapter=0.000000e+00, personal_generator_context_adapter=0.000000e+00, personal_generator_direct_scale=1.312546e-05
2026-04-17 09:02:20,648 - INFO - [assist_09|assist_09_abce_best_full|lr=0.0003|drop=0.20] -> New best AUC=0.7548 at epoch 11
2026-04-17 09:03:17,006 - INFO - [junyi|junyi_abce_best_full|lr=0.003|drop=0.40] Epoch [002/100] | Train: Loss=0.5328, BCE=0.5191, Reg=0.0137, AUC=0.7886, ACC=0.7448, RMSE=0.4157 | Val: Loss=0.5272, BCE=0.5136, Reg=0.0136, AUC=0.7939, ACC=0.7550, RMSE=0.4110
2026-04-17 09:03:17,006 - INFO - [junyi|junyi_abce_best_full|lr=0.003|drop=0.40] [Reg Terms] Epoch [002] | Train: graph_entropy=0.000000, graph_diag=0.006008, graph_uniform=0.006753, graph_reg_scale=1.0000, prediction_l2=0.000000, personal_sparse=0.000484, alpha_var=0.000000, alpha_collapse=0.000026, reg_bce_ratio=0.0263 | Val: graph_entropy=0.000000, graph_diag=0.006000, graph_uniform=0.006753, graph_reg_scale=1.0000, prediction_l2=0.000000, personal_sparse=0.000469, alpha_var=0.000000, alpha_collapse=0.000003, reg_bce_ratio=0.0266
2026-04-17 09:03:17,176 - INFO - [junyi|junyi_abce_best_full|lr=0.003|drop=0.40] [Diag][AE] Epoch [002] | irt_abs_mean=1.6846, irt_std=1.2327, personal_warmup_scale=0.40, graph_row_entropy=3.2177, graph_entropy_ratio=0.4915, alpha_mean=0.1305, alpha_std=0.0397, alpha_base_mean=0.1302, alpha_delta_absmean=0.0225, alpha_saturation_ratio=0.0000, alpha_bias_std=NA, alpha_state_path=0.4609, alpha_id_path=0.0000, alpha_bias_path=0.0000, head_bias_path=0.4801, personal_row_entropy=2.3596, personal_matrix_delta=0.0447, personal_matrix_student_std=0.0488, personal_delta_pre_softmax_norm=2.6425, personal_delta_student_std=2.5938, alpha_head_std=0.0396, query_row_global_readout_delta=0.1102, query_row_personal_message_delta=0.0008, query_row_posterior_delta_abs=0.0447, query_row_posterior_kl=0.0337, personal_to_graph_query_ratio=0.0073, query_row_global_support_mass=1.2846, query_row_personal_support_mass=1.2846, neighbor_row_personal_delta=0.0000, personal_row_budget_mean=1.3000, personal_query_row_std=0.2417, readout_query_support_mass=1.2846, personal_student_mix=0.0501, personal_student_adapter=0.0400, local_row_ratio=0.0688, support_density=1.0000, readout_query_delta=0.1096, personal_bad_rows_active=0.00, personal_fallback_rows_active=0.00, personal_bad_row_rate_active=0.0000, personal_padded_rows=0.00, personal_logits_support_absmax=6.8058, personal_query_trust_scale_mean=1.0000, personal_bad_rows_legacy=0.00, personal_fallback_rows_legacy=0.00, personal_logits_absmax_legacy=6.8058
2026-04-17 09:03:17,177 - INFO - [junyi|junyi_abce_best_full|lr=0.003|drop=0.40] [Diag][A] Epoch [002] | entropy_ratio=0.4915, diag_mass=0.0500, to_uniform_l2=0.007448, to_identity_l2=0.036726, relation_identity_delta=0.036726, knowledge_state_graph_delta=0.268223, knowledge_state_personal_delta=0.000000, share_concept_embeddings=True, tau_mean=0.6931, tau_std=0.0000, graph_reg_scale(train/val)=1.0000/1.0000
2026-04-17 09:03:17,177 - WARNING - [junyi|junyi_abce_best_full|lr=0.003|drop=0.40] [Diag Warning][AE] query-readout-overamplified: readout_query_delta=0.109620, query_row_graph_delta=0.110193, personal_matrix_delta=0.044744
2026-04-17 09:03:17,177 - INFO - [junyi|junyi_abce_best_full|lr=0.003|drop=0.40] [Grad Norms] Epoch [002] | relation_emb=3.150552e-01, relation_tau=1.597376e-11, relation_wq=3.731230e-08, relation_wk=3.019565e-08, personal_u=2.635449e-03, personal_v=1.411233e-03, personal_alpha_bias=0.000000e+00, personal_gate_emb=1.551642e-11, personal_gate_state_proj=7.288870e-14, personal_gate_context_proj=5.549942e-11, personal_gate_state_direct=3.475619e-07, personal_gate_id_direct=6.363601e-12, personal_gate_context_direct=2.644240e-04, personal_gate_out=1.134323e-07, personal_generator_emb=4.088675e-20, personal_generator_context_proj=4.638131e-17, personal_generator_context_hidden=1.584079e-14, personal_generator_context_to_u=1.821745e-11, personal_generator_context_to_v=2.914527e-11, personal_generator_state_row=1.486799e-11, personal_generator_state_col=2.378661e-11, personal_generator_id_row=3.703500e-12, personal_generator_id_col=5.925060e-12, personal_generator_state_adapter=4.808746e-15, personal_generator_id_adapter=3.901716e-17, personal_generator_context_adapter=2.181982e-15, personal_generator_direct_scale=4.416015e-06
2026-04-17 09:03:17,796 - INFO - [junyi|junyi_abce_best_full|lr=0.003|drop=0.40] -> New best AUC=0.7939 at epoch 2
2026-04-17 09:03:29,519 - INFO - [assist_09|assist_09_abce_best_full|lr=0.0003|drop=0.20] Epoch [012/100] | Train: Loss=0.5127, BCE=0.5019, Reg=0.0108, AUC=0.8022, ACC=0.7458, RMSE=0.4090 | Val: Loss=0.5563, BCE=0.5455, Reg=0.0108, AUC=0.7537, ACC=0.7234, RMSE=0.4286
2026-04-17 09:03:29,519 - INFO - [assist_09|assist_09_abce_best_full|lr=0.0003|drop=0.20] [Reg Terms] Epoch [012] | Train: graph_entropy=0.000000, graph_diag=0.005000, graph_uniform=0.003049, graph_reg_scale=1.0000, prediction_l2=0.000000, personal_sparse=0.000320, alpha_var=0.000000, alpha_collapse=0.000000, reg_bce_ratio=0.0215 | Val: graph_entropy=0.000000, graph_diag=0.005000, graph_uniform=0.003049, graph_reg_scale=1.0000, prediction_l2=0.000000, personal_sparse=0.000383, alpha_var=0.000000, alpha_collapse=0.000005, reg_bce_ratio=0.0199
2026-04-17 09:03:29,709 - INFO - [assist_09|assist_09_abce_best_full|lr=0.0003|drop=0.20] [Diag][AE] Epoch [012] | irt_abs_mean=1.3728, irt_std=0.8298, personal_warmup_scale=1.00, graph_row_entropy=2.5592, graph_entropy_ratio=0.5318, alpha_mean=0.1630, alpha_std=0.0539, alpha_base_mean=0.0831, alpha_delta_absmean=0.0799, alpha_saturation_ratio=0.0000, alpha_bias_std=NA, alpha_state_path=3.4639, alpha_id_path=0.0000, alpha_bias_path=0.0000, head_bias_path=0.9456, personal_row_entropy=1.8106, personal_matrix_delta=0.0831, personal_matrix_student_std=0.0494, personal_delta_pre_softmax_norm=2.3277, personal_delta_student_std=1.1971, alpha_head_std=0.0536, query_row_global_readout_delta=0.4768, query_row_personal_message_delta=0.0035, query_row_posterior_delta_abs=0.0831, query_row_posterior_kl=0.0593, personal_to_graph_query_ratio=0.0074, query_row_global_support_mass=1.1249, query_row_personal_support_mass=1.1249, neighbor_row_personal_delta=0.0000, personal_row_budget_mean=1.0000, personal_query_row_std=0.0896, readout_query_support_mass=1.1249, personal_student_mix=0.0550, personal_student_adapter=0.0400, local_row_ratio=0.1932, support_density=0.4010, readout_query_delta=0.4757, personal_bad_rows_active=0.00, personal_fallback_rows_active=0.00, personal_bad_row_rate_active=0.0000, personal_padded_rows=460.00, personal_logits_support_absmax=5.9563, personal_query_trust_scale_mean=1.0000, personal_bad_rows_legacy=460.00, personal_fallback_rows_legacy=460.00, personal_logits_absmax_legacy=30.0000
2026-04-17 09:03:29,709 - INFO - [assist_09|assist_09_abce_best_full|lr=0.0003|drop=0.20] [Diag][A] Epoch [012] | entropy_ratio=0.5318, diag_mass=0.0500, to_uniform_l2=0.023784, to_identity_l2=0.089156, relation_identity_delta=0.089156, knowledge_state_graph_delta=0.944246, knowledge_state_personal_delta=0.000000, share_concept_embeddings=True, tau_mean=0.6932, tau_std=0.0000, graph_reg_scale(train/val)=1.0000/1.0000
2026-04-17 09:03:29,709 - INFO - [assist_09|assist_09_abce_best_full|lr=0.0003|drop=0.20] [Grad Norms] Epoch [012] | relation_emb=2.929524e-01, relation_tau=5.363703e-09, relation_wq=2.712982e-06, relation_wk=9.924311e-07, personal_u=4.001760e-03, personal_v=3.523079e-03, personal_alpha_bias=0.000000e+00, personal_gate_emb=0.000000e+00, personal_gate_state_proj=0.000000e+00, personal_gate_context_proj=0.000000e+00, personal_gate_state_direct=6.523368e-04, personal_gate_id_direct=0.000000e+00, personal_gate_context_direct=1.967284e-04, personal_gate_out=8.712001e-08, personal_generator_emb=0.000000e+00, personal_generator_context_proj=0.000000e+00, personal_generator_context_hidden=0.000000e+00, personal_generator_context_to_u=0.000000e+00, personal_generator_context_to_v=0.000000e+00, personal_generator_state_row=0.000000e+00, personal_generator_state_col=0.000000e+00, personal_generator_id_row=0.000000e+00, personal_generator_id_col=0.000000e+00, personal_generator_state_adapter=0.000000e+00, personal_generator_id_adapter=0.000000e+00, personal_generator_context_adapter=0.000000e+00, personal_generator_direct_scale=2.161532e-05
2026-04-17 09:03:29,709 - INFO - [assist_09|assist_09_abce_best_full|lr=0.0003|drop=0.20] -> No improvement 1 epoch(s) (best AUC=0.7548 @ 11)
2026-04-17 09:04:39,385 - INFO - [assist_09|assist_09_abce_best_full|lr=0.0003|drop=0.20] Epoch [013/100] | Train: Loss=0.5085, BCE=0.4977, Reg=0.0108, AUC=0.8063, ACC=0.7480, RMSE=0.4071 | Val: Loss=0.5556, BCE=0.5447, Reg=0.0109, AUC=0.7567, ACC=0.7231, RMSE=0.4280
2026-04-17 09:04:39,385 - INFO - [assist_09|assist_09_abce_best_full|lr=0.0003|drop=0.20] [Reg Terms] Epoch [013] | Train: graph_entropy=0.000000, graph_diag=0.005000, graph_uniform=0.003049, graph_reg_scale=1.0000, prediction_l2=0.000000, personal_sparse=0.000319, alpha_var=0.000000, alpha_collapse=0.000000, reg_bce_ratio=0.0217 | Val: graph_entropy=0.000000, graph_diag=0.005000, graph_uniform=0.003049, graph_reg_scale=1.0000, prediction_l2=0.000001, personal_sparse=0.000381, alpha_var=0.000000, alpha_collapse=0.000011, reg_bce_ratio=0.0200
2026-04-17 09:04:39,579 - INFO - [assist_09|assist_09_abce_best_full|lr=0.0003|drop=0.20] [Diag][AE] Epoch [013] | irt_abs_mean=1.5695, irt_std=0.9187, personal_warmup_scale=1.00, graph_row_entropy=2.5592, graph_entropy_ratio=0.5318, alpha_mean=0.1692, alpha_std=0.0524, alpha_base_mean=0.0860, alpha_delta_absmean=0.0833, alpha_saturation_ratio=0.0000, alpha_bias_std=NA, alpha_state_path=3.6955, alpha_id_path=0.0000, alpha_bias_path=0.0000, head_bias_path=0.8967, personal_row_entropy=1.8142, personal_matrix_delta=0.0832, personal_matrix_student_std=0.0496, personal_delta_pre_softmax_norm=2.3168, personal_delta_student_std=1.1760, alpha_head_std=0.0522, query_row_global_readout_delta=0.4940, query_row_personal_message_delta=0.0038, query_row_posterior_delta_abs=0.0832, query_row_posterior_kl=0.0595, personal_to_graph_query_ratio=0.0078, query_row_global_support_mass=1.0396, query_row_personal_support_mass=1.0396, neighbor_row_personal_delta=0.0000, personal_row_budget_mean=1.0000, personal_query_row_std=0.0958, readout_query_support_mass=1.0396, personal_student_mix=0.0551, personal_student_adapter=0.0400, local_row_ratio=0.2031, support_density=0.4010, readout_query_delta=0.4925, personal_bad_rows_active=0.00, personal_fallback_rows_active=0.00, personal_bad_row_rate_active=0.0000, personal_padded_rows=460.00, personal_logits_support_absmax=5.8058, personal_query_trust_scale_mean=1.0000, personal_bad_rows_legacy=460.00, personal_fallback_rows_legacy=460.00, personal_logits_absmax_legacy=30.0000
2026-04-17 09:04:39,579 - INFO - [assist_09|assist_09_abce_best_full|lr=0.0003|drop=0.20] [Diag][A] Epoch [013] | entropy_ratio=0.5318, diag_mass=0.0500, to_uniform_l2=0.023784, to_identity_l2=0.089156, relation_identity_delta=0.089156, knowledge_state_graph_delta=0.990061, knowledge_state_personal_delta=0.000000, share_concept_embeddings=True, tau_mean=0.6932, tau_std=0.0000, graph_reg_scale(train/val)=1.0000/1.0000
2026-04-17 09:04:39,579 - INFO - [assist_09|assist_09_abce_best_full|lr=0.0003|drop=0.20] [Grad Norms] Epoch [013] | relation_emb=3.900300e-01, relation_tau=1.932277e-08, relation_wq=2.197356e-06, relation_wk=1.391244e-06, personal_u=5.526173e-03, personal_v=3.018408e-03, personal_alpha_bias=0.000000e+00, personal_gate_emb=0.000000e+00, personal_gate_state_proj=0.000000e+00, personal_gate_context_proj=0.000000e+00, personal_gate_state_direct=4.753178e-04, personal_gate_id_direct=0.000000e+00, personal_gate_context_direct=1.432520e-04, personal_gate_out=3.785397e-08, personal_generator_emb=0.000000e+00, personal_generator_context_proj=0.000000e+00, personal_generator_context_hidden=0.000000e+00, personal_generator_context_to_u=0.000000e+00, personal_generator_context_to_v=0.000000e+00, personal_generator_state_row=0.000000e+00, personal_generator_state_col=0.000000e+00, personal_generator_id_row=0.000000e+00, personal_generator_id_col=0.000000e+00, personal_generator_state_adapter=0.000000e+00, personal_generator_id_adapter=0.000000e+00, personal_generator_context_adapter=0.000000e+00, personal_generator_direct_scale=5.809304e-07
2026-04-17 09:04:39,841 - INFO - [assist_09|assist_09_abce_best_full|lr=0.0003|drop=0.20] -> New best AUC=0.7567 at epoch 13
2026-04-17 09:05:42,807 - INFO - [assist_09|assist_09_abce_best_full|lr=0.0003|drop=0.20] Epoch [014/100] | Train: Loss=0.5050, BCE=0.4942, Reg=0.0108, AUC=0.8095, ACC=0.7501, RMSE=0.4055 | Val: Loss=0.5555, BCE=0.5447, Reg=0.0109, AUC=0.7571, ACC=0.7240, RMSE=0.4281
2026-04-17 09:05:42,808 - INFO - [assist_09|assist_09_abce_best_full|lr=0.0003|drop=0.20] [Reg Terms] Epoch [014] | Train: graph_entropy=0.000000, graph_diag=0.005003, graph_uniform=0.003049, graph_reg_scale=1.0000, prediction_l2=0.000001, personal_sparse=0.000318, alpha_var=0.000000, alpha_collapse=0.000000, reg_bce_ratio=0.0218 | Val: graph_entropy=0.000000, graph_diag=0.005000, graph_uniform=0.003049, graph_reg_scale=1.0000, prediction_l2=0.000001, personal_sparse=0.000381, alpha_var=0.000000, alpha_collapse=0.000006, reg_bce_ratio=0.0200
2026-04-17 09:05:42,976 - INFO - [junyi|junyi_abce_best_full|lr=0.003|drop=0.40] Epoch [003/100] | Train: Loss=0.5329, BCE=0.5189, Reg=0.0141, AUC=0.7893, ACC=0.7461, RMSE=0.4154 | Val: Loss=0.5213, BCE=0.5072, Reg=0.0141, AUC=0.7958, ACC=0.7553, RMSE=0.4096
2026-04-17 09:05:42,976 - INFO - [junyi|junyi_abce_best_full|lr=0.003|drop=0.40] [Reg Terms] Epoch [003] | Train: graph_entropy=0.000000, graph_diag=0.006010, graph_uniform=0.006753, graph_reg_scale=1.0000, prediction_l2=0.000000, personal_sparse=0.000722, alpha_var=0.000000, alpha_collapse=0.000006, reg_bce_ratio=0.0271 | Val: graph_entropy=0.000000, graph_diag=0.006000, graph_uniform=0.006753, graph_reg_scale=1.0000, prediction_l2=0.000000, personal_sparse=0.000721, alpha_var=0.000000, alpha_collapse=0.000006, reg_bce_ratio=0.0277
2026-04-17 09:05:42,986 - INFO - [assist_09|assist_09_abce_best_full|lr=0.0003|drop=0.20] [Diag][AE] Epoch [014] | irt_abs_mean=1.5276, irt_std=0.8921, personal_warmup_scale=1.00, graph_row_entropy=2.5592, graph_entropy_ratio=0.5318, alpha_mean=0.1733, alpha_std=0.0521, alpha_base_mean=0.0886, alpha_delta_absmean=0.0847, alpha_saturation_ratio=0.0000, alpha_bias_std=NA, alpha_state_path=3.7025, alpha_id_path=0.0000, alpha_bias_path=0.0000, head_bias_path=0.8522, personal_row_entropy=1.8054, personal_matrix_delta=0.0840, personal_matrix_student_std=0.0498, personal_delta_pre_softmax_norm=2.3394, personal_delta_student_std=1.1762, alpha_head_std=0.0520, query_row_global_readout_delta=0.4935, query_row_personal_message_delta=0.0041, query_row_posterior_delta_abs=0.0840, query_row_posterior_kl=0.0599, personal_to_graph_query_ratio=0.0083, query_row_global_support_mass=1.2250, query_row_personal_support_mass=1.2250, neighbor_row_personal_delta=0.0000, personal_row_budget_mean=1.0000, personal_query_row_std=0.0872, readout_query_support_mass=1.2250, personal_student_mix=0.0547, personal_student_adapter=0.0400, local_row_ratio=0.2071, support_density=0.4010, readout_query_delta=0.4921, personal_bad_rows_active=0.00, personal_fallback_rows_active=0.00, personal_bad_row_rate_active=0.0000, personal_padded_rows=460.00, personal_logits_support_absmax=5.8296, personal_query_trust_scale_mean=1.0000, personal_bad_rows_legacy=460.00, personal_fallback_rows_legacy=460.00, personal_logits_absmax_legacy=30.0000
2026-04-17 09:05:42,987 - INFO - [assist_09|assist_09_abce_best_full|lr=0.0003|drop=0.20] [Diag][A] Epoch [014] | entropy_ratio=0.5318, diag_mass=0.0500, to_uniform_l2=0.023784, to_identity_l2=0.089156, relation_identity_delta=0.089156, knowledge_state_graph_delta=1.010532, knowledge_state_personal_delta=0.000000, share_concept_embeddings=True, tau_mean=0.6932, tau_std=0.0000, graph_reg_scale(train/val)=1.0000/1.0000
2026-04-17 09:05:42,987 - INFO - [assist_09|assist_09_abce_best_full|lr=0.0003|drop=0.20] [Grad Norms] Epoch [014] | relation_emb=4.527062e-01, relation_tau=2.949209e-08, relation_wq=2.458639e-06, relation_wk=1.772660e-06, personal_u=1.200172e-02, personal_v=4.720764e-03, personal_alpha_bias=0.000000e+00, personal_gate_emb=0.000000e+00, personal_gate_state_proj=0.000000e+00, personal_gate_context_proj=0.000000e+00, personal_gate_state_direct=4.301357e-04, personal_gate_id_direct=0.000000e+00, personal_gate_context_direct=8.866786e-05, personal_gate_out=2.504392e-12, personal_generator_emb=0.000000e+00, personal_generator_context_proj=0.000000e+00, personal_generator_context_hidden=0.000000e+00, personal_generator_context_to_u=0.000000e+00, personal_generator_context_to_v=0.000000e+00, personal_generator_state_row=0.000000e+00, personal_generator_state_col=0.000000e+00, personal_generator_id_row=0.000000e+00, personal_generator_id_col=0.000000e+00, personal_generator_state_adapter=0.000000e+00, personal_generator_id_adapter=0.000000e+00, personal_generator_context_adapter=0.000000e+00, personal_generator_direct_scale=1.653608e-05
2026-04-17 09:05:43,148 - INFO - [junyi|junyi_abce_best_full|lr=0.003|drop=0.40] [Diag][AE] Epoch [003] | irt_abs_mean=1.2258, irt_std=0.7048, personal_warmup_scale=0.60, graph_row_entropy=3.2177, graph_entropy_ratio=0.4915, alpha_mean=0.1309, alpha_std=0.0396, alpha_base_mean=0.1305, alpha_delta_absmean=0.0312, alpha_saturation_ratio=0.0000, alpha_bias_std=NA, alpha_state_path=0.6599, alpha_id_path=0.0000, alpha_bias_path=0.0000, head_bias_path=0.3189, personal_row_entropy=2.3957, personal_matrix_delta=0.0440, personal_matrix_student_std=0.0469, personal_delta_pre_softmax_norm=2.7101, personal_delta_student_std=2.6240, alpha_head_std=0.0393, query_row_global_readout_delta=0.1057, query_row_personal_message_delta=0.0005, query_row_posterior_delta_abs=0.0440, query_row_posterior_kl=0.0325, personal_to_graph_query_ratio=0.0046, query_row_global_support_mass=1.2252, query_row_personal_support_mass=1.2252, neighbor_row_personal_delta=0.0000, personal_row_budget_mean=1.3000, personal_query_row_std=0.2158, readout_query_support_mass=1.2252, personal_student_mix=0.0500, personal_student_adapter=0.0400, local_row_ratio=0.0680, support_density=1.0000, readout_query_delta=0.1054, personal_bad_rows_active=0.00, personal_fallback_rows_active=0.00, personal_bad_row_rate_active=0.0000, personal_padded_rows=0.00, personal_logits_support_absmax=6.7734, personal_query_trust_scale_mean=1.0000, personal_bad_rows_legacy=0.00, personal_fallback_rows_legacy=0.00, personal_logits_absmax_legacy=6.7734
2026-04-17 09:05:43,148 - INFO - [junyi|junyi_abce_best_full|lr=0.003|drop=0.40] [Diag][A] Epoch [003] | entropy_ratio=0.4915, diag_mass=0.0500, to_uniform_l2=0.007448, to_identity_l2=0.036726, relation_identity_delta=0.036726, knowledge_state_graph_delta=0.258628, knowledge_state_personal_delta=0.000000, share_concept_embeddings=True, tau_mean=0.6931, tau_std=0.0000, graph_reg_scale(train/val)=1.0000/1.0000
2026-04-17 09:05:43,148 - WARNING - [junyi|junyi_abce_best_full|lr=0.003|drop=0.40] [Diag Warning][AE] query-readout-overamplified: readout_query_delta=0.105358, query_row_graph_delta=0.105672, personal_matrix_delta=0.044030
2026-04-17 09:05:43,148 - INFO - [junyi|junyi_abce_best_full|lr=0.003|drop=0.40] [Grad Norms] Epoch [003] | relation_emb=2.365072e-01, relation_tau=1.687724e-11, relation_wq=4.388101e-08, relation_wk=3.236633e-08, personal_u=4.775604e-04, personal_v=1.144713e-03, personal_alpha_bias=0.000000e+00, personal_gate_emb=2.480716e-11, personal_gate_state_proj=1.042910e-14, personal_gate_context_proj=2.461442e-12, personal_gate_state_direct=2.238080e-08, personal_gate_id_direct=2.094068e-11, personal_gate_context_direct=5.277331e-06, personal_gate_out=4.035888e-09, personal_generator_emb=8.685151e-20, personal_generator_context_proj=6.340994e-17, personal_generator_context_hidden=1.084972e-14, personal_generator_context_to_u=7.638343e-12, personal_generator_context_to_v=3.150924e-11, personal_generator_state_row=6.610493e-12, personal_generator_state_col=2.726921e-11, personal_generator_id_row=1.652623e-12, personal_generator_id_col=6.817303e-12, personal_generator_state_adapter=9.776287e-16, personal_generator_id_adapter=4.765689e-17, personal_generator_context_adapter=1.436635e-15, personal_generator_direct_scale=3.884969e-06
2026-04-17 09:05:43,307 - INFO - [assist_09|assist_09_abce_best_full|lr=0.0003|drop=0.20] -> New best AUC=0.7571 at epoch 14
2026-04-17 09:05:43,902 - INFO - [junyi|junyi_abce_best_full|lr=0.003|drop=0.40] -> New best AUC=0.7958 at epoch 3
2026-04-17 09:06:48,717 - INFO - [assist_09|assist_09_abce_best_full|lr=0.0003|drop=0.20] Epoch [015/100] | Train: Loss=0.5015, BCE=0.4907, Reg=0.0108, AUC=0.8130, ACC=0.7516, RMSE=0.4040 | Val: Loss=0.5563, BCE=0.5455, Reg=0.0108, AUC=0.7570, ACC=0.7237, RMSE=0.4285
2026-04-17 09:06:48,718 - INFO - [assist_09|assist_09_abce_best_full|lr=0.0003|drop=0.20] [Reg Terms] Epoch [015] | Train: graph_entropy=0.000000, graph_diag=0.005000, graph_uniform=0.003049, graph_reg_scale=1.0000, prediction_l2=0.000001, personal_sparse=0.000320, alpha_var=0.000000, alpha_collapse=0.000000, reg_bce_ratio=0.0220 | Val: graph_entropy=0.000000, graph_diag=0.005000, graph_uniform=0.003049, graph_reg_scale=1.0000, prediction_l2=0.000001, personal_sparse=0.000384, alpha_var=0.000000, alpha_collapse=0.000005, reg_bce_ratio=0.0199
2026-04-17 09:06:48,908 - INFO - [assist_09|assist_09_abce_best_full|lr=0.0003|drop=0.20] [Diag][AE] Epoch [015] | irt_abs_mean=1.5894, irt_std=0.8935, personal_warmup_scale=1.00, graph_row_entropy=2.5592, graph_entropy_ratio=0.5318, alpha_mean=0.1787, alpha_std=0.0516, alpha_base_mean=0.0915, alpha_delta_absmean=0.0872, alpha_saturation_ratio=0.0000, alpha_bias_std=NA, alpha_state_path=3.9579, alpha_id_path=0.0000, alpha_bias_path=0.0000, head_bias_path=0.8041, personal_row_entropy=1.7998, personal_matrix_delta=0.0841, personal_matrix_student_std=0.0499, personal_delta_pre_softmax_norm=2.3325, personal_delta_student_std=1.1767, alpha_head_std=0.0515, query_row_global_readout_delta=0.5260, query_row_personal_message_delta=0.0047, query_row_posterior_delta_abs=0.0841, query_row_posterior_kl=0.0603, personal_to_graph_query_ratio=0.0089, query_row_global_support_mass=0.9742, query_row_personal_support_mass=0.9742, neighbor_row_personal_delta=0.0000, personal_row_budget_mean=1.0000, personal_query_row_std=0.0935, readout_query_support_mass=0.9742, personal_student_mix=0.0550, personal_student_adapter=0.0400, local_row_ratio=0.2090, support_density=0.4010, readout_query_delta=0.5242, personal_bad_rows_active=0.00, personal_fallback_rows_active=0.00, personal_bad_row_rate_active=0.0000, personal_padded_rows=460.00, personal_logits_support_absmax=5.7782, personal_query_trust_scale_mean=1.0000, personal_bad_rows_legacy=460.00, personal_fallback_rows_legacy=460.00, personal_logits_absmax_legacy=30.0000
2026-04-17 09:06:48,909 - INFO - [assist_09|assist_09_abce_best_full|lr=0.0003|drop=0.20] [Diag][A] Epoch [015] | entropy_ratio=0.5318, diag_mass=0.0500, to_uniform_l2=0.023784, to_identity_l2=0.089156, relation_identity_delta=0.089156, knowledge_state_graph_delta=1.042992, knowledge_state_personal_delta=0.000000, share_concept_embeddings=True, tau_mean=0.6934, tau_std=0.0002, graph_reg_scale(train/val)=1.0000/1.0000
2026-04-17 09:06:48,909 - INFO - [assist_09|assist_09_abce_best_full|lr=0.0003|drop=0.20] [Grad Norms] Epoch [015] | relation_emb=3.988513e-01, relation_tau=3.261707e-08, relation_wq=5.030245e-06, relation_wk=4.596781e-06, personal_u=6.018660e-03, personal_v=3.826364e-03, personal_alpha_bias=0.000000e+00, personal_gate_emb=0.000000e+00, personal_gate_state_proj=0.000000e+00, personal_gate_context_proj=0.000000e+00, personal_gate_state_direct=3.980913e-03, personal_gate_id_direct=0.000000e+00, personal_gate_context_direct=9.881097e-04, personal_gate_out=5.414704e-11, personal_generator_emb=0.000000e+00, personal_generator_context_proj=0.000000e+00, personal_generator_context_hidden=0.000000e+00, personal_generator_context_to_u=0.000000e+00, personal_generator_context_to_v=0.000000e+00, personal_generator_state_row=0.000000e+00, personal_generator_state_col=0.000000e+00, personal_generator_id_row=0.000000e+00, personal_generator_id_col=0.000000e+00, personal_generator_state_adapter=0.000000e+00, personal_generator_id_adapter=0.000000e+00, personal_generator_context_adapter=0.000000e+00, personal_generator_direct_scale=1.307311e-05
2026-04-17 09:06:48,909 - INFO - [assist_09|assist_09_abce_best_full|lr=0.0003|drop=0.20] -> No improvement 1 epoch(s) (best AUC=0.7571 @ 14)
2026-04-17 09:07:54,808 - INFO - [assist_09|assist_09_abce_best_full|lr=0.0003|drop=0.20] Epoch [016/100] | Train: Loss=0.4978, BCE=0.4870, Reg=0.0108, AUC=0.8166, ACC=0.7543, RMSE=0.4023 | Val: Loss=0.5595, BCE=0.5486, Reg=0.0109, AUC=0.7565, ACC=0.7235, RMSE=0.4295
2026-04-17 09:07:54,808 - INFO - [assist_09|assist_09_abce_best_full|lr=0.0003|drop=0.20] [Reg Terms] Epoch [016] | Train: graph_entropy=0.000000, graph_diag=0.005000, graph_uniform=0.003049, graph_reg_scale=1.0000, prediction_l2=0.000001, personal_sparse=0.000319, alpha_var=0.000000, alpha_collapse=0.000000, reg_bce_ratio=0.0221 | Val: graph_entropy=0.000000, graph_diag=0.005000, graph_uniform=0.003049, graph_reg_scale=1.0000, prediction_l2=0.000001, personal_sparse=0.000381, alpha_var=0.000000, alpha_collapse=0.000002, reg_bce_ratio=0.0198
2026-04-17 09:07:54,998 - INFO - [assist_09|assist_09_abce_best_full|lr=0.0003|drop=0.20] [Diag][AE] Epoch [016] | irt_abs_mean=1.6344, irt_std=0.9275, personal_warmup_scale=1.00, graph_row_entropy=2.5592, graph_entropy_ratio=0.5318, alpha_mean=0.1826, alpha_std=0.0519, alpha_base_mean=0.0944, alpha_delta_absmean=0.0882, alpha_saturation_ratio=0.0000, alpha_bias_std=NA, alpha_state_path=3.9770, alpha_id_path=0.0000, alpha_bias_path=0.0000, head_bias_path=0.7568, personal_row_entropy=1.7992, personal_matrix_delta=0.0844, personal_matrix_student_std=0.0506, personal_delta_pre_softmax_norm=2.3001, personal_delta_student_std=1.1619, alpha_head_std=0.0519, query_row_global_readout_delta=0.5263, query_row_personal_message_delta=0.0045, query_row_posterior_delta_abs=0.0844, query_row_posterior_kl=0.0610, personal_to_graph_query_ratio=0.0085, query_row_global_support_mass=0.8319, query_row_personal_support_mass=0.8319, neighbor_row_personal_delta=0.0000, personal_row_budget_mean=1.0000, personal_query_row_std=0.1003, readout_query_support_mass=0.8319, personal_student_mix=0.0551, personal_student_adapter=0.0400, local_row_ratio=0.1978, support_density=0.4010, readout_query_delta=0.5246, personal_bad_rows_active=0.00, personal_fallback_rows_active=0.00, personal_bad_row_rate_active=0.0000, personal_padded_rows=460.00, personal_logits_support_absmax=5.8538, personal_query_trust_scale_mean=1.0000, personal_bad_rows_legacy=460.00, personal_fallback_rows_legacy=460.00, personal_logits_absmax_legacy=30.0000
2026-04-17 09:07:54,998 - INFO - [assist_09|assist_09_abce_best_full|lr=0.0003|drop=0.20] [Diag][A] Epoch [016] | entropy_ratio=0.5318, diag_mass=0.0500, to_uniform_l2=0.023784, to_identity_l2=0.089156, relation_identity_delta=0.089156, knowledge_state_graph_delta=1.061577, knowledge_state_personal_delta=0.000000, share_concept_embeddings=True, tau_mean=0.6933, tau_std=0.0001, graph_reg_scale(train/val)=1.0000/1.0000
2026-04-17 09:07:54,998 - INFO - [assist_09|assist_09_abce_best_full|lr=0.0003|drop=0.20] [Grad Norms] Epoch [016] | relation_emb=4.066072e-01, relation_tau=1.302451e-08, relation_wq=2.511978e-06, relation_wk=1.925662e-06, personal_u=3.016144e-02, personal_v=9.118354e-03, personal_alpha_bias=0.000000e+00, personal_gate_emb=0.000000e+00, personal_gate_state_proj=0.000000e+00, personal_gate_context_proj=0.000000e+00, personal_gate_state_direct=2.495799e-04, personal_gate_id_direct=0.000000e+00, personal_gate_context_direct=5.017642e-05, personal_gate_out=1.710011e-15, personal_generator_emb=0.000000e+00, personal_generator_context_proj=0.000000e+00, personal_generator_context_hidden=0.000000e+00, personal_generator_context_to_u=0.000000e+00, personal_generator_context_to_v=0.000000e+00, personal_generator_state_row=0.000000e+00, personal_generator_state_col=0.000000e+00, personal_generator_id_row=0.000000e+00, personal_generator_id_col=0.000000e+00, personal_generator_state_adapter=0.000000e+00, personal_generator_id_adapter=0.000000e+00, personal_generator_context_adapter=0.000000e+00, personal_generator_direct_scale=4.748598e-06
2026-04-17 09:07:54,999 - INFO - [assist_09|assist_09_abce_best_full|lr=0.0003|drop=0.20] -> No improvement 2 epoch(s) (best AUC=0.7571 @ 14)
2026-04-17 09:08:08,565 - INFO - [junyi|junyi_abce_best_full|lr=0.003|drop=0.40] Epoch [004/100] | Train: Loss=0.5328, BCE=0.5182, Reg=0.0145, AUC=0.7897, ACC=0.7471, RMSE=0.4151 | Val: Loss=0.5294, BCE=0.5149, Reg=0.0145, AUC=0.8000, ACC=0.7613, RMSE=0.4100
2026-04-17 09:08:08,565 - INFO - [junyi|junyi_abce_best_full|lr=0.003|drop=0.40] [Reg Terms] Epoch [004] | Train: graph_entropy=0.000000, graph_diag=0.006011, graph_uniform=0.006753, graph_reg_scale=1.0000, prediction_l2=0.000000, personal_sparse=0.000965, alpha_var=0.000000, alpha_collapse=0.000005, reg_bce_ratio=0.0280 | Val: graph_entropy=0.000000, graph_diag=0.006000, graph_uniform=0.006753, graph_reg_scale=1.0000, prediction_l2=0.000000, personal_sparse=0.000965, alpha_var=0.000000, alpha_collapse=0.000000, reg_bce_ratio=0.0281
2026-04-17 09:08:08,774 - INFO - [junyi|junyi_abce_best_full|lr=0.003|drop=0.40] [Diag][AE] Epoch [004] | irt_abs_mean=1.8005, irt_std=1.2300, personal_warmup_scale=0.80, graph_row_entropy=3.2177, graph_entropy_ratio=0.4915, alpha_mean=0.1297, alpha_std=0.0457, alpha_base_mean=0.1303, alpha_delta_absmean=0.0358, alpha_saturation_ratio=0.0000, alpha_bias_std=NA, alpha_state_path=0.7812, alpha_id_path=0.0000, alpha_bias_path=0.0000, head_bias_path=0.2470, personal_row_entropy=2.4178, personal_matrix_delta=0.0435, personal_matrix_student_std=0.0474, personal_delta_pre_softmax_norm=2.6956, personal_delta_student_std=2.6401, alpha_head_std=0.0446, query_row_global_readout_delta=0.0609, query_row_personal_message_delta=0.0003, query_row_posterior_delta_abs=0.0435, query_row_posterior_kl=0.0320, personal_to_graph_query_ratio=0.0048, query_row_global_support_mass=1.9826, query_row_personal_support_mass=1.9826, neighbor_row_personal_delta=0.0000, personal_row_budget_mean=1.3000, personal_query_row_std=0.1767, readout_query_support_mass=1.9826, personal_student_mix=0.0500, personal_student_adapter=0.0400, local_row_ratio=0.0610, support_density=1.0000, readout_query_delta=0.0609, personal_bad_rows_active=0.00, personal_fallback_rows_active=0.00, personal_bad_row_rate_active=0.0000, personal_padded_rows=0.00, personal_logits_support_absmax=6.7632, personal_query_trust_scale_mean=1.0000, personal_bad_rows_legacy=0.00, personal_fallback_rows_legacy=0.00, personal_logits_absmax_legacy=6.7632
2026-04-17 09:08:08,774 - INFO - [junyi|junyi_abce_best_full|lr=0.003|drop=0.40] [Diag][A] Epoch [004] | entropy_ratio=0.4915, diag_mass=0.0500, to_uniform_l2=0.007448, to_identity_l2=0.036726, relation_identity_delta=0.036726, knowledge_state_graph_delta=0.279372, knowledge_state_personal_delta=0.000000, share_concept_embeddings=True, tau_mean=0.6931, tau_std=0.0000, graph_reg_scale(train/val)=1.0000/1.0000
2026-04-17 09:08:08,774 - INFO - [junyi|junyi_abce_best_full|lr=0.003|drop=0.40] [Grad Norms] Epoch [004] | relation_emb=3.420113e-01, relation_tau=9.541175e-12, relation_wq=5.770941e-08, relation_wk=2.932332e-08, personal_u=1.501261e-03, personal_v=2.466214e-03, personal_alpha_bias=0.000000e+00, personal_gate_emb=2.288336e-11, personal_gate_state_proj=8.636065e-14, personal_gate_context_proj=2.224838e-11, personal_gate_state_direct=6.668692e-08, personal_gate_id_direct=1.859902e-11, personal_gate_context_direct=3.078626e-05, personal_gate_out=2.069424e-08, personal_generator_emb=1.183000e-19, personal_generator_context_proj=2.554419e-17, personal_generator_context_hidden=1.271059e-14, personal_generator_context_to_u=6.918830e-12, personal_generator_context_to_v=1.287370e-11, personal_generator_state_row=5.436451e-12, personal_generator_state_col=1.011548e-11, personal_generator_id_row=1.359114e-12, personal_generator_id_col=2.528870e-12, personal_generator_state_adapter=1.537942e-16, personal_generator_id_adapter=2.080739e-17, personal_generator_context_adapter=4.247380e-16, personal_generator_direct_scale=1.969013e-06
2026-04-17 09:08:09,478 - INFO - [junyi|junyi_abce_best_full|lr=0.003|drop=0.40] -> New best AUC=0.8000 at epoch 4
2026-04-17 09:08:58,962 - INFO - [assist_09|assist_09_abce_best_full|lr=0.0003|drop=0.20] Epoch [017/100] | Train: Loss=0.4952, BCE=0.4844, Reg=0.0108, AUC=0.8188, ACC=0.7555, RMSE=0.4012 | Val: Loss=0.5661, BCE=0.5552, Reg=0.0109, AUC=0.7587, ACC=0.7216, RMSE=0.4317
2026-04-17 09:08:58,962 - INFO - [assist_09|assist_09_abce_best_full|lr=0.0003|drop=0.20] [Reg Terms] Epoch [017] | Train: graph_entropy=0.000000, graph_diag=0.005000, graph_uniform=0.003049, graph_reg_scale=1.0000, prediction_l2=0.000001, personal_sparse=0.000319, alpha_var=0.000000, alpha_collapse=0.000000, reg_bce_ratio=0.0223 | Val: graph_entropy=0.000000, graph_diag=0.005000, graph_uniform=0.003049, graph_reg_scale=1.0000, prediction_l2=0.000001, personal_sparse=0.000380, alpha_var=0.000000, alpha_collapse=0.000001, reg_bce_ratio=0.0196
2026-04-17 09:08:59,158 - INFO - [assist_09|assist_09_abce_best_full|lr=0.0003|drop=0.20] [Diag][AE] Epoch [017] | irt_abs_mean=1.8144, irt_std=0.9728, personal_warmup_scale=1.00, graph_row_entropy=2.5592, graph_entropy_ratio=0.5318, alpha_mean=0.1867, alpha_std=0.0518, alpha_base_mean=0.0972, alpha_delta_absmean=0.0896, alpha_saturation_ratio=0.0000, alpha_bias_std=NA, alpha_state_path=4.0729, alpha_id_path=0.0000, alpha_bias_path=0.0000, head_bias_path=0.7106, personal_row_entropy=1.7885, personal_matrix_delta=0.0848, personal_matrix_student_std=0.0515, personal_delta_pre_softmax_norm=2.3074, personal_delta_student_std=1.1694, alpha_head_std=0.0518, query_row_global_readout_delta=0.5304, query_row_personal_message_delta=0.0042, query_row_posterior_delta_abs=0.0848, query_row_posterior_kl=0.0614, personal_to_graph_query_ratio=0.0079, query_row_global_support_mass=0.9619, query_row_personal_support_mass=0.9619, neighbor_row_personal_delta=0.0000, personal_row_budget_mean=1.0000, personal_query_row_std=0.1112, readout_query_support_mass=0.9619, personal_student_mix=0.0550, personal_student_adapter=0.0400, local_row_ratio=0.2111, support_density=0.4010, readout_query_delta=0.5289, personal_bad_rows_active=0.00, personal_fallback_rows_active=0.00, personal_bad_row_rate_active=0.0000, personal_padded_rows=460.00, personal_logits_support_absmax=5.9443, personal_query_trust_scale_mean=1.0000, personal_bad_rows_legacy=460.00, personal_fallback_rows_legacy=460.00, personal_logits_absmax_legacy=30.0000
2026-04-17 09:08:59,158 - INFO - [assist_09|assist_09_abce_best_full|lr=0.0003|drop=0.20] [Diag][A] Epoch [017] | entropy_ratio=0.5318, diag_mass=0.0500, to_uniform_l2=0.023784, to_identity_l2=0.089156, relation_identity_delta=0.089156, knowledge_state_graph_delta=1.084780, knowledge_state_personal_delta=0.000000, share_concept_embeddings=True, tau_mean=0.6934, tau_std=0.0003, graph_reg_scale(train/val)=1.0000/1.0000
2026-04-17 09:08:59,158 - INFO - [assist_09|assist_09_abce_best_full|lr=0.0003|drop=0.20] [Grad Norms] Epoch [017] | relation_emb=5.189590e-01, relation_tau=9.747932e-08, relation_wq=4.100819e-06, relation_wk=2.505547e-06, personal_u=2.827636e-02, personal_v=1.152122e-02, personal_alpha_bias=0.000000e+00, personal_gate_emb=0.000000e+00, personal_gate_state_proj=0.000000e+00, personal_gate_context_proj=0.000000e+00, personal_gate_state_direct=9.266855e-05, personal_gate_id_direct=0.000000e+00, personal_gate_context_direct=2.618248e-05, personal_gate_out=6.953042e-22, personal_generator_emb=0.000000e+00, personal_generator_context_proj=0.000000e+00, personal_generator_context_hidden=0.000000e+00, personal_generator_context_to_u=0.000000e+00, personal_generator_context_to_v=0.000000e+00, personal_generator_state_row=0.000000e+00, personal_generator_state_col=0.000000e+00, personal_generator_id_row=0.000000e+00, personal_generator_id_col=0.000000e+00, personal_generator_state_adapter=0.000000e+00, personal_generator_id_adapter=0.000000e+00, personal_generator_context_adapter=0.000000e+00, personal_generator_direct_scale=3.377261e-06
2026-04-17 09:08:59,432 - INFO - [assist_09|assist_09_abce_best_full|lr=0.0003|drop=0.20] -> New best AUC=0.7587 at epoch 17
2026-04-17 09:10:03,964 - INFO - [assist_09|assist_09_abce_best_full|lr=0.0003|drop=0.20] Epoch [018/100] | Train: Loss=0.4926, BCE=0.4818, Reg=0.0108, AUC=0.8210, ACC=0.7568, RMSE=0.4001 | Val: Loss=0.5555, BCE=0.5446, Reg=0.0108, AUC=0.7576, ACC=0.7276, RMSE=0.4275
2026-04-17 09:10:03,964 - INFO - [assist_09|assist_09_abce_best_full|lr=0.0003|drop=0.20] [Reg Terms] Epoch [018] | Train: graph_entropy=0.000000, graph_diag=0.005000, graph_uniform=0.003049, graph_reg_scale=1.0000, prediction_l2=0.000001, personal_sparse=0.000320, alpha_var=0.000000, alpha_collapse=0.000000, reg_bce_ratio=0.0224 | Val: graph_entropy=0.000000, graph_diag=0.005000, graph_uniform=0.003049, graph_reg_scale=1.0000, prediction_l2=0.000001, personal_sparse=0.000385, alpha_var=0.000000, alpha_collapse=0.000005, reg_bce_ratio=0.0199
2026-04-17 09:10:04,200 - INFO - [assist_09|assist_09_abce_best_full|lr=0.0003|drop=0.20] [Diag][AE] Epoch [018] | irt_abs_mean=1.5391, irt_std=0.9282, personal_warmup_scale=1.00, graph_row_entropy=2.5592, graph_entropy_ratio=0.5318, alpha_mean=0.1892, alpha_std=0.0508, alpha_base_mean=0.0997, alpha_delta_absmean=0.0895, alpha_saturation_ratio=0.0000, alpha_bias_std=NA, alpha_state_path=3.7486, alpha_id_path=0.0000, alpha_bias_path=0.0000, head_bias_path=0.7096, personal_row_entropy=1.8282, personal_matrix_delta=0.0821, personal_matrix_student_std=0.0491, personal_delta_pre_softmax_norm=2.3327, personal_delta_student_std=1.1713, alpha_head_std=0.0507, query_row_global_readout_delta=0.5415, query_row_personal_message_delta=0.0045, query_row_posterior_delta_abs=0.0821, query_row_posterior_kl=0.0585, personal_to_graph_query_ratio=0.0084, query_row_global_support_mass=0.8871, query_row_personal_support_mass=0.8871, neighbor_row_personal_delta=0.0000, personal_row_budget_mean=1.0000, personal_query_row_std=0.1085, readout_query_support_mass=0.8871, personal_student_mix=0.0549, personal_student_adapter=0.0400, local_row_ratio=0.2120, support_density=0.4010, readout_query_delta=0.5396, personal_bad_rows_active=0.00, personal_fallback_rows_active=0.00, personal_bad_row_rate_active=0.0000, personal_padded_rows=460.00, personal_logits_support_absmax=5.8611, personal_query_trust_scale_mean=1.0000, personal_bad_rows_legacy=460.00, personal_fallback_rows_legacy=460.00, personal_logits_absmax_legacy=30.0000
2026-04-17 09:10:04,201 - INFO - [assist_09|assist_09_abce_best_full|lr=0.0003|drop=0.20] [Diag][A] Epoch [018] | entropy_ratio=0.5318, diag_mass=0.0500, to_uniform_l2=0.023784, to_identity_l2=0.089156, relation_identity_delta=0.089156, knowledge_state_graph_delta=1.099147, knowledge_state_personal_delta=0.000000, share_concept_embeddings=True, tau_mean=0.6932, tau_std=0.0000, graph_reg_scale(train/val)=1.0000/1.0000
2026-04-17 09:10:04,201 - INFO - [assist_09|assist_09_abce_best_full|lr=0.0003|drop=0.20] [Grad Norms] Epoch [018] | relation_emb=4.755679e-01, relation_tau=9.816235e-09, relation_wq=7.489515e-07, relation_wk=8.132231e-07, personal_u=1.501660e-02, personal_v=7.891385e-03, personal_alpha_bias=0.000000e+00, personal_gate_emb=0.000000e+00, personal_gate_state_proj=0.000000e+00, personal_gate_context_proj=0.000000e+00, personal_gate_state_direct=1.371864e-04, personal_gate_id_direct=0.000000e+00, personal_gate_context_direct=5.705820e-05, personal_gate_out=0.000000e+00, personal_generator_emb=0.000000e+00, personal_generator_context_proj=0.000000e+00, personal_generator_context_hidden=0.000000e+00, personal_generator_context_to_u=0.000000e+00, personal_generator_context_to_v=0.000000e+00, personal_generator_state_row=0.000000e+00, personal_generator_state_col=0.000000e+00, personal_generator_id_row=0.000000e+00, personal_generator_id_col=0.000000e+00, personal_generator_state_adapter=0.000000e+00, personal_generator_id_adapter=0.000000e+00, personal_generator_context_adapter=0.000000e+00, personal_generator_direct_scale=6.830365e-07
2026-04-17 09:10:04,201 - INFO - [assist_09|assist_09_abce_best_full|lr=0.0003|drop=0.20] -> No improvement 1 epoch(s) (best AUC=0.7587 @ 17)
2026-04-17 09:10:37,770 - INFO - [junyi|junyi_abce_best_full|lr=0.003|drop=0.40] Epoch [005/100] | Train: Loss=0.5327, BCE=0.5178, Reg=0.0149, AUC=0.7905, ACC=0.7473, RMSE=0.4149 | Val: Loss=0.5165, BCE=0.5016, Reg=0.0149, AUC=0.8022, ACC=0.7611, RMSE=0.4068
2026-04-17 09:10:37,770 - INFO - [junyi|junyi_abce_best_full|lr=0.003|drop=0.40] [Reg Terms] Epoch [005] | Train: graph_entropy=0.000000, graph_diag=0.006011, graph_uniform=0.006753, graph_reg_scale=1.0000, prediction_l2=0.000000, personal_sparse=0.001204, alpha_var=0.000000, alpha_collapse=0.000004, reg_bce_ratio=0.0289 | Val: graph_entropy=0.000000, graph_diag=0.006000, graph_uniform=0.006753, graph_reg_scale=1.0000, prediction_l2=0.000000, personal_sparse=0.001235, alpha_var=0.000000, alpha_collapse=0.000024, reg_bce_ratio=0.0297
2026-04-17 09:10:37,941 - INFO - [junyi|junyi_abce_best_full|lr=0.003|drop=0.40] [Diag][AE] Epoch [005] | irt_abs_mean=1.5712, irt_std=0.8847, personal_warmup_scale=1.00, graph_row_entropy=3.2177, graph_entropy_ratio=0.4915, alpha_mean=0.1312, alpha_std=0.0376, alpha_base_mean=0.1304, alpha_delta_absmean=0.0247, alpha_saturation_ratio=0.0000, alpha_bias_std=NA, alpha_state_path=0.5139, alpha_id_path=0.0000, alpha_bias_path=0.0000, head_bias_path=0.1830, personal_row_entropy=2.4543, personal_matrix_delta=0.0422, personal_matrix_student_std=0.0467, personal_delta_pre_softmax_norm=2.6942, personal_delta_student_std=2.6281, alpha_head_std=0.0366, query_row_global_readout_delta=0.1159, query_row_personal_message_delta=0.0007, query_row_posterior_delta_abs=0.0422, query_row_posterior_kl=0.0306, personal_to_graph_query_ratio=0.0061, query_row_global_support_mass=1.4312, query_row_personal_support_mass=1.4312, neighbor_row_personal_delta=0.0000, personal_row_budget_mean=1.3000, personal_query_row_std=0.2585, readout_query_support_mass=1.4312, personal_student_mix=0.0500, personal_student_adapter=0.0400, local_row_ratio=0.0684, support_density=1.0000, readout_query_delta=0.1161, personal_bad_rows_active=0.00, personal_fallback_rows_active=0.00, personal_bad_row_rate_active=0.0000, personal_padded_rows=0.00, personal_logits_support_absmax=6.7883, personal_query_trust_scale_mean=1.0000, personal_bad_rows_legacy=0.00, personal_fallback_rows_legacy=0.00, personal_logits_absmax_legacy=6.7883
2026-04-17 09:10:37,941 - INFO - [junyi|junyi_abce_best_full|lr=0.003|drop=0.40] [Diag][A] Epoch [005] | entropy_ratio=0.4915, diag_mass=0.0500, to_uniform_l2=0.007448, to_identity_l2=0.036726, relation_identity_delta=0.036726, knowledge_state_graph_delta=0.300790, knowledge_state_personal_delta=0.000000, share_concept_embeddings=True, tau_mean=0.6931, tau_std=0.0000, graph_reg_scale(train/val)=1.0000/1.0000
2026-04-17 09:10:37,941 - WARNING - [junyi|junyi_abce_best_full|lr=0.003|drop=0.40] [Diag Warning][AE] query-readout-overamplified: readout_query_delta=0.116056, query_row_graph_delta=0.115915, personal_matrix_delta=0.042224
2026-04-17 09:10:37,941 - INFO - [junyi|junyi_abce_best_full|lr=0.003|drop=0.40] [Grad Norms] Epoch [005] | relation_emb=3.855383e-01, relation_tau=4.157768e-12, relation_wq=3.084175e-08, relation_wk=2.493499e-08, personal_u=8.962555e-03, personal_v=3.635126e-03, personal_alpha_bias=0.000000e+00, personal_gate_emb=7.740885e-11, personal_gate_state_proj=4.212051e-14, personal_gate_context_proj=1.531181e-11, personal_gate_state_direct=1.330438e-07, personal_gate_id_direct=5.894704e-11, personal_gate_context_direct=4.665369e-05, personal_gate_out=2.176181e-08, personal_generator_emb=2.461155e-14, personal_generator_context_proj=1.020199e-16, personal_generator_context_hidden=1.837057e-14, personal_generator_context_to_u=2.287394e-11, personal_generator_context_to_v=3.624386e-11, personal_generator_state_row=2.049082e-11, personal_generator_state_col=3.245968e-11, personal_generator_id_row=5.110472e-12, personal_generator_id_col=8.097382e-12, personal_generator_state_adapter=3.235379e-15, personal_generator_id_adapter=4.038859e-17, personal_generator_context_adapter=3.367232e-16, personal_generator_direct_scale=8.564573e-06
2026-04-17 09:10:38,787 - INFO - [junyi|junyi_abce_best_full|lr=0.003|drop=0.40] -> New best AUC=0.8022 at epoch 5
2026-04-17 09:11:10,117 - INFO - [assist_09|assist_09_abce_best_full|lr=0.0003|drop=0.20] Epoch [019/100] | Train: Loss=0.4898, BCE=0.4791, Reg=0.0108, AUC=0.8236, ACC=0.7589, RMSE=0.3988 | Val: Loss=0.5582, BCE=0.5471, Reg=0.0111, AUC=0.7568, ACC=0.7251, RMSE=0.4287
2026-04-17 09:11:10,117 - INFO - [assist_09|assist_09_abce_best_full|lr=0.0003|drop=0.20] [Reg Terms] Epoch [019] | Train: graph_entropy=0.000000, graph_diag=0.005003, graph_uniform=0.003049, graph_reg_scale=1.0000, prediction_l2=0.000001, personal_sparse=0.000318, alpha_var=0.000000, alpha_collapse=0.000000, reg_bce_ratio=0.0225 | Val: graph_entropy=0.000000, graph_diag=0.005000, graph_uniform=0.003049, graph_reg_scale=1.0000, prediction_l2=0.000001, personal_sparse=0.000368, alpha_var=0.000000, alpha_collapse=0.000002, reg_bce_ratio=0.0203
2026-04-17 09:11:10,316 - INFO - [assist_09|assist_09_abce_best_full|lr=0.0003|drop=0.20] [Diag][AE] Epoch [019] | irt_abs_mean=1.5617, irt_std=0.9148, personal_warmup_scale=1.00, graph_row_entropy=2.5592, graph_entropy_ratio=0.5318, alpha_mean=0.1955, alpha_std=0.0505, alpha_base_mean=0.1026, alpha_delta_absmean=0.0929, alpha_saturation_ratio=0.0000, alpha_bias_std=NA, alpha_state_path=4.3280, alpha_id_path=0.0000, alpha_bias_path=0.0000, head_bias_path=0.7214, personal_row_entropy=1.7375, personal_matrix_delta=0.0889, personal_matrix_student_std=0.0516, personal_delta_pre_softmax_norm=2.3182, personal_delta_student_std=1.1578, alpha_head_std=0.0505, query_row_global_readout_delta=0.5829, query_row_personal_message_delta=0.0074, query_row_posterior_delta_abs=0.0889, query_row_posterior_kl=0.0662, personal_to_graph_query_ratio=0.0127, query_row_global_support_mass=1.1363, query_row_personal_support_mass=1.1363, neighbor_row_personal_delta=0.0000, personal_row_budget_mean=1.0000, personal_query_row_std=0.1153, readout_query_support_mass=1.1363, personal_student_mix=0.0550, personal_student_adapter=0.0400, local_row_ratio=0.2086, support_density=0.4010, readout_query_delta=0.5791, personal_bad_rows_active=0.00, personal_fallback_rows_active=0.00, personal_bad_row_rate_active=0.0000, personal_padded_rows=460.00, personal_logits_support_absmax=5.9727, personal_query_trust_scale_mean=1.0000, personal_bad_rows_legacy=460.00, personal_fallback_rows_legacy=460.00, personal_logits_absmax_legacy=30.0000
2026-04-17 09:11:10,316 - INFO - [assist_09|assist_09_abce_best_full|lr=0.0003|drop=0.20] [Diag][A] Epoch [019] | entropy_ratio=0.5318, diag_mass=0.0500, to_uniform_l2=0.023784, to_identity_l2=0.089156, relation_identity_delta=0.089156, knowledge_state_graph_delta=1.103935, knowledge_state_personal_delta=0.000000, share_concept_embeddings=True, tau_mean=0.6934, tau_std=0.0002, graph_reg_scale(train/val)=1.0000/1.0000
2026-04-17 09:11:10,316 - INFO - [assist_09|assist_09_abce_best_full|lr=0.0003|drop=0.20] [Grad Norms] Epoch [019] | relation_emb=5.133572e-01, relation_tau=4.166410e-08, relation_wq=9.596766e-06, relation_wk=4.957444e-06, personal_u=4.437881e-02, personal_v=9.386795e-03, personal_alpha_bias=0.000000e+00, personal_gate_emb=0.000000e+00, personal_gate_state_proj=0.000000e+00, personal_gate_context_proj=0.000000e+00, personal_gate_state_direct=4.974923e-04, personal_gate_id_direct=0.000000e+00, personal_gate_context_direct=8.998315e-05, personal_gate_out=0.000000e+00, personal_generator_emb=0.000000e+00, personal_generator_context_proj=0.000000e+00, personal_generator_context_hidden=0.000000e+00, personal_generator_context_to_u=0.000000e+00, personal_generator_context_to_v=0.000000e+00, personal_generator_state_row=0.000000e+00, personal_generator_state_col=0.000000e+00, personal_generator_id_row=0.000000e+00, personal_generator_id_col=0.000000e+00, personal_generator_state_adapter=0.000000e+00, personal_generator_id_adapter=0.000000e+00, personal_generator_context_adapter=0.000000e+00, personal_generator_direct_scale=1.063811e-05
2026-04-17 09:11:10,317 - INFO - [assist_09|assist_09_abce_best_full|lr=0.0003|drop=0.20] -> No improvement 2 epoch(s) (best AUC=0.7587 @ 17)
2026-04-17 09:12:15,758 - INFO - [assist_09|assist_09_abce_best_full|lr=0.0003|drop=0.20] Epoch [020/100] | Train: Loss=0.4878, BCE=0.4770, Reg=0.0108, AUC=0.8252, ACC=0.7587, RMSE=0.3980 | Val: Loss=0.5570, BCE=0.5461, Reg=0.0109, AUC=0.7588, ACC=0.7240, RMSE=0.4281
2026-04-17 09:12:15,759 - INFO - [assist_09|assist_09_abce_best_full|lr=0.0003|drop=0.20] [Reg Terms] Epoch [020] | Train: graph_entropy=0.000000, graph_diag=0.005000, graph_uniform=0.003049, graph_reg_scale=1.0000, prediction_l2=0.000001, personal_sparse=0.000318, alpha_var=0.000000, alpha_collapse=0.000000, reg_bce_ratio=0.0226 | Val: graph_entropy=0.000000, graph_diag=0.005000, graph_uniform=0.003049, graph_reg_scale=1.0000, prediction_l2=0.000001, personal_sparse=0.000379, alpha_var=0.000000, alpha_collapse=0.000001, reg_bce_ratio=0.0200
2026-04-17 09:12:15,986 - INFO - [assist_09|assist_09_abce_best_full|lr=0.0003|drop=0.20] [Diag][AE] Epoch [020] | irt_abs_mean=1.6022, irt_std=0.9584, personal_warmup_scale=1.00, graph_row_entropy=2.5592, graph_entropy_ratio=0.5318, alpha_mean=0.1992, alpha_std=0.0504, alpha_base_mean=0.1054, alpha_delta_absmean=0.0938, alpha_saturation_ratio=0.0000, alpha_bias_std=NA, alpha_state_path=4.3734, alpha_id_path=0.0000, alpha_bias_path=0.0000, head_bias_path=0.7266, personal_row_entropy=1.7953, personal_matrix_delta=0.0842, personal_matrix_student_std=0.0494, personal_delta_pre_softmax_norm=2.3282, personal_delta_student_std=1.1598, alpha_head_std=0.0504, query_row_global_readout_delta=0.5623, query_row_personal_message_delta=0.0060, query_row_posterior_delta_abs=0.0842, query_row_posterior_kl=0.0609, personal_to_graph_query_ratio=0.0107, query_row_global_support_mass=1.2058, query_row_personal_support_mass=1.2058, neighbor_row_personal_delta=0.0000, personal_row_budget_mean=1.0000, personal_query_row_std=0.1129, readout_query_support_mass=1.2058, personal_student_mix=0.0550, personal_student_adapter=0.0400, local_row_ratio=0.2123, support_density=0.4010, readout_query_delta=0.5597, personal_bad_rows_active=0.00, personal_fallback_rows_active=0.00, personal_bad_row_rate_active=0.0000, personal_padded_rows=460.00, personal_logits_support_absmax=5.8778, personal_query_trust_scale_mean=1.0000, personal_bad_rows_legacy=460.00, personal_fallback_rows_legacy=460.00, personal_logits_absmax_legacy=30.0000
2026-04-17 09:12:15,986 - INFO - [assist_09|assist_09_abce_best_full|lr=0.0003|drop=0.20] [Diag][A] Epoch [020] | entropy_ratio=0.5318, diag_mass=0.0500, to_uniform_l2=0.023784, to_identity_l2=0.089156, relation_identity_delta=0.089156, knowledge_state_graph_delta=1.107495, knowledge_state_personal_delta=0.000000, share_concept_embeddings=True, tau_mean=0.6932, tau_std=0.0000, graph_reg_scale(train/val)=1.0000/1.0000
2026-04-17 09:12:15,986 - INFO - [assist_09|assist_09_abce_best_full|lr=0.0003|drop=0.20] [Grad Norms] Epoch [020] | relation_emb=4.270644e-01, relation_tau=2.084333e-09, relation_wq=2.232558e-06, relation_wk=2.705801e-06, personal_u=2.495653e-02, personal_v=8.674996e-03, personal_alpha_bias=0.000000e+00, personal_gate_emb=0.000000e+00, personal_gate_state_proj=0.000000e+00, personal_gate_context_proj=0.000000e+00, personal_gate_state_direct=3.038554e-04, personal_gate_id_direct=0.000000e+00, personal_gate_context_direct=7.101097e-05, personal_gate_out=0.000000e+00, personal_generator_emb=0.000000e+00, personal_generator_context_proj=0.000000e+00, personal_generator_context_hidden=0.000000e+00, personal_generator_context_to_u=0.000000e+00, personal_generator_context_to_v=0.000000e+00, personal_generator_state_row=0.000000e+00, personal_generator_state_col=0.000000e+00, personal_generator_id_row=0.000000e+00, personal_generator_id_col=0.000000e+00, personal_generator_state_adapter=0.000000e+00, personal_generator_id_adapter=0.000000e+00, personal_generator_context_adapter=0.000000e+00, personal_generator_direct_scale=2.760279e-06
2026-04-17 09:12:16,420 - INFO - [assist_09|assist_09_abce_best_full|lr=0.0003|drop=0.20] -> New best AUC=0.7588 at epoch 20
2026-04-17 09:12:16,460 - INFO - [assist_09|assist_09_abce_best_full|lr=0.0003|drop=0.20] Checkpoint saved: checkpoints/abce_diag/remote_trust_diag_20260417_709083f/assist_09/seed42/best_full/checkpoint_epoch_20.pth
2026-04-17 09:12:16,691 - INFO - [assist_09|assist_09_abce_best_full|lr=0.0003|drop=0.20] [Module Activity] Epoch 20: Graph[LIVE] Personal[LIVE]
2026-04-17 09:13:12,764 - INFO - [junyi|junyi_abce_best_full|lr=0.003|drop=0.40] Epoch [006/100] | Train: Loss=0.5329, BCE=0.5180, Reg=0.0149, AUC=0.7904, ACC=0.7463, RMSE=0.4151 | Val: Loss=0.5178, BCE=0.5027, Reg=0.0151, AUC=0.8014, ACC=0.7620, RMSE=0.4067
2026-04-17 09:13:12,765 - INFO - [junyi|junyi_abce_best_full|lr=0.003|drop=0.40] [Reg Terms] Epoch [006] | Train: graph_entropy=0.000000, graph_diag=0.006010, graph_uniform=0.006753, graph_reg_scale=1.0000, prediction_l2=0.000000, personal_sparse=0.001202, alpha_var=0.000000, alpha_collapse=0.000004, reg_bce_ratio=0.0288 | Val: graph_entropy=0.000000, graph_diag=0.006000, graph_uniform=0.006753, graph_reg_scale=1.0000, prediction_l2=0.000000, personal_sparse=0.001076, alpha_var=0.000000, alpha_collapse=0.000018, reg_bce_ratio=0.0300
2026-04-17 09:13:12,941 - INFO - [junyi|junyi_abce_best_full|lr=0.003|drop=0.40] [Diag][AE] Epoch [006] | irt_abs_mean=1.3654, irt_std=0.6639, personal_warmup_scale=1.00, graph_row_entropy=3.2177, graph_entropy_ratio=0.4915, alpha_mean=0.1308, alpha_std=0.0364, alpha_base_mean=0.1305, alpha_delta_absmean=0.0238, alpha_saturation_ratio=0.0000, alpha_bias_std=NA, alpha_state_path=0.4917, alpha_id_path=0.0000, alpha_bias_path=0.0000, head_bias_path=0.1833, personal_row_entropy=2.1520, personal_matrix_delta=0.0503, personal_matrix_student_std=0.0537, personal_delta_pre_softmax_norm=2.5029, personal_delta_student_std=2.3522, alpha_head_std=0.0357, query_row_global_readout_delta=0.1194, query_row_personal_message_delta=0.0008, query_row_posterior_delta_abs=0.0503, query_row_posterior_kl=0.0413, personal_to_graph_query_ratio=0.0071, query_row_global_support_mass=2.0175, query_row_personal_support_mass=2.0175, neighbor_row_personal_delta=0.0000, personal_row_budget_mean=1.3000, personal_query_row_std=0.3717, readout_query_support_mass=2.0175, personal_student_mix=0.0501, personal_student_adapter=0.0400, local_row_ratio=0.0629, support_density=1.0000, readout_query_delta=0.1187, personal_bad_rows_active=0.00, personal_fallback_rows_active=0.00, personal_bad_row_rate_active=0.0000, personal_padded_rows=0.00, personal_logits_support_absmax=6.8459, personal_query_trust_scale_mean=1.0000, personal_bad_rows_legacy=0.00, personal_fallback_rows_legacy=0.00, personal_logits_absmax_legacy=6.8459
2026-04-17 09:13:12,941 - INFO - [junyi|junyi_abce_best_full|lr=0.003|drop=0.40] [Diag][A] Epoch [006] | entropy_ratio=0.4915, diag_mass=0.0500, to_uniform_l2=0.007448, to_identity_l2=0.036726, relation_identity_delta=0.036726, knowledge_state_graph_delta=0.281508, knowledge_state_personal_delta=0.000000, share_concept_embeddings=True, tau_mean=0.6931, tau_std=0.0000, graph_reg_scale(train/val)=1.0000/1.0000
2026-04-17 09:13:12,941 - WARNING - [junyi|junyi_abce_best_full|lr=0.003|drop=0.40] [Diag Warning][AE] query-readout-overamplified: readout_query_delta=0.118676, query_row_graph_delta=0.119396, personal_matrix_delta=0.050335
2026-04-17 09:13:12,941 - INFO - [junyi|junyi_abce_best_full|lr=0.003|drop=0.40] [Grad Norms] Epoch [006] | relation_emb=2.869656e-01, relation_tau=4.923005e-12, relation_wq=3.024089e-08, relation_wk=2.082652e-08, personal_u=4.981434e-03, personal_v=1.883131e-03, personal_alpha_bias=0.000000e+00, personal_gate_emb=6.025001e-11, personal_gate_state_proj=6.321724e-14, personal_gate_context_proj=3.047826e-11, personal_gate_state_direct=2.382487e-07, personal_gate_id_direct=4.884224e-11, personal_gate_context_direct=1.007821e-04, personal_gate_out=1.088163e-07, personal_generator_emb=3.014373e-14, personal_generator_context_proj=1.703578e-16, personal_generator_context_hidden=1.747491e-14, personal_generator_context_to_u=2.092863e-11, personal_generator_context_to_v=2.868553e-11, personal_generator_state_row=2.125922e-11, personal_generator_state_col=2.916562e-11, personal_generator_id_row=5.333916e-12, personal_generator_id_col=7.311962e-12, personal_generator_state_adapter=2.734107e-15, personal_generator_id_adapter=3.229962e-17, personal_generator_context_adapter=7.089523e-16, personal_generator_direct_scale=2.898595e-06
2026-04-17 09:13:12,941 - INFO - [junyi|junyi_abce_best_full|lr=0.003|drop=0.40] -> No improvement 1 epoch(s) (best AUC=0.8022 @ 5)
2026-04-17 09:13:22,608 - INFO - [assist_09|assist_09_abce_best_full|lr=0.0003|drop=0.20] Epoch [021/100] | Train: Loss=0.4858, BCE=0.4750, Reg=0.0108, AUC=0.8268, ACC=0.7597, RMSE=0.3971 | Val: Loss=0.5545, BCE=0.5436, Reg=0.0109, AUC=0.7577, ACC=0.7255, RMSE=0.4272
2026-04-17 09:13:22,608 - INFO - [assist_09|assist_09_abce_best_full|lr=0.0003|drop=0.20] [Reg Terms] Epoch [021] | Train: graph_entropy=0.000000, graph_diag=0.005000, graph_uniform=0.003049, graph_reg_scale=1.0000, prediction_l2=0.000001, personal_sparse=0.000319, alpha_var=0.000000, alpha_collapse=0.000000, reg_bce_ratio=0.0227 | Val: graph_entropy=0.000000, graph_diag=0.005000, graph_uniform=0.003049, graph_reg_scale=1.0000, prediction_l2=0.000001, personal_sparse=0.000382, alpha_var=0.000000, alpha_collapse=0.000001, reg_bce_ratio=0.0200
2026-04-17 09:13:22,814 - INFO - [assist_09|assist_09_abce_best_full|lr=0.0003|drop=0.20] [Diag][AE] Epoch [021] | irt_abs_mean=1.4814, irt_std=0.9037, personal_warmup_scale=1.00, graph_row_entropy=2.5592, graph_entropy_ratio=0.5318, alpha_mean=0.2007, alpha_std=0.0504, alpha_base_mean=0.1079, alpha_delta_absmean=0.0928, alpha_saturation_ratio=0.0000, alpha_bias_std=NA, alpha_state_path=4.1214, alpha_id_path=0.0000, alpha_bias_path=0.0000, head_bias_path=0.7264, personal_row_entropy=1.8048, personal_matrix_delta=0.0835, personal_matrix_student_std=0.0501, personal_delta_pre_softmax_norm=2.3379, personal_delta_student_std=1.1843, alpha_head_std=0.0502, query_row_global_readout_delta=0.5373, query_row_personal_message_delta=0.0048, query_row_posterior_delta_abs=0.0835, query_row_posterior_kl=0.0599, personal_to_graph_query_ratio=0.0089, query_row_global_support_mass=0.9477, query_row_personal_support_mass=0.9477, neighbor_row_personal_delta=0.0000, personal_row_budget_mean=1.0000, personal_query_row_std=0.0915, readout_query_support_mass=0.9477, personal_student_mix=0.0546, personal_student_adapter=0.0400, local_row_ratio=0.2068, support_density=0.4010, readout_query_delta=0.5355, personal_bad_rows_active=0.00, personal_fallback_rows_active=0.00, personal_bad_row_rate_active=0.0000, personal_padded_rows=460.00, personal_logits_support_absmax=6.0192, personal_query_trust_scale_mean=1.0000, personal_bad_rows_legacy=460.00, personal_fallback_rows_legacy=460.00, personal_logits_absmax_legacy=30.0000
2026-04-17 09:13:22,814 - INFO - [assist_09|assist_09_abce_best_full|lr=0.0003|drop=0.20] [Diag][A] Epoch [021] | entropy_ratio=0.5318, diag_mass=0.0500, to_uniform_l2=0.023784, to_identity_l2=0.089156, relation_identity_delta=0.089156, knowledge_state_graph_delta=1.102809, knowledge_state_personal_delta=0.000000, share_concept_embeddings=True, tau_mean=0.6931, tau_std=0.0000, graph_reg_scale(train/val)=1.0000/1.0000
2026-04-17 09:13:22,814 - INFO - [assist_09|assist_09_abce_best_full|lr=0.0003|drop=0.20] [Grad Norms] Epoch [021] | relation_emb=4.005247e-01, relation_tau=1.107882e-08, relation_wq=2.404114e-06, relation_wk=3.418002e-06, personal_u=4.799931e-03, personal_v=4.928934e-03, personal_alpha_bias=0.000000e+00, personal_gate_emb=0.000000e+00, personal_gate_state_proj=0.000000e+00, personal_gate_context_proj=0.000000e+00, personal_gate_state_direct=1.050228e-04, personal_gate_id_direct=0.000000e+00, personal_gate_context_direct=3.680713e-05, personal_gate_out=0.000000e+00, personal_generator_emb=0.000000e+00, personal_generator_context_proj=0.000000e+00, personal_generator_context_hidden=0.000000e+00, personal_generator_context_to_u=0.000000e+00, personal_generator_context_to_v=0.000000e+00, personal_generator_state_row=0.000000e+00, personal_generator_state_col=0.000000e+00, personal_generator_id_row=0.000000e+00, personal_generator_id_col=0.000000e+00, personal_generator_state_adapter=0.000000e+00, personal_generator_id_adapter=0.000000e+00, personal_generator_context_adapter=0.000000e+00, personal_generator_direct_scale=9.585026e-06
2026-04-17 09:13:22,815 - INFO - [assist_09|assist_09_abce_best_full|lr=0.0003|drop=0.20] -> No improvement 1 epoch(s) (best AUC=0.7588 @ 20)
2026-04-17 09:14:30,081 - INFO - [assist_09|assist_09_abce_best_full|lr=0.0003|drop=0.20] Epoch [022/100] | Train: Loss=0.4832, BCE=0.4724, Reg=0.0108, AUC=0.8290, ACC=0.7610, RMSE=0.3959 | Val: Loss=0.5630, BCE=0.5521, Reg=0.0109, AUC=0.7573, ACC=0.7227, RMSE=0.4304
2026-04-17 09:14:30,082 - INFO - [assist_09|assist_09_abce_best_full|lr=0.0003|drop=0.20] [Reg Terms] Epoch [022] | Train: graph_entropy=0.000000, graph_diag=0.005000, graph_uniform=0.003049, graph_reg_scale=1.0000, prediction_l2=0.000001, personal_sparse=0.000318, alpha_var=0.000000, alpha_collapse=0.000000, reg_bce_ratio=0.0228 | Val: graph_entropy=0.000000, graph_diag=0.005000, graph_uniform=0.003049, graph_reg_scale=1.0000, prediction_l2=0.000001, personal_sparse=0.000380, alpha_var=0.000000, alpha_collapse=0.000001, reg_bce_ratio=0.0197
2026-04-17 09:14:30,317 - INFO - [assist_09|assist_09_abce_best_full|lr=0.0003|drop=0.20] [Diag][AE] Epoch [022] | irt_abs_mean=1.7432, irt_std=0.9887, personal_warmup_scale=1.00, graph_row_entropy=2.5592, graph_entropy_ratio=0.5318, alpha_mean=0.2020, alpha_std=0.0519, alpha_base_mean=0.1107, alpha_delta_absmean=0.0922, alpha_saturation_ratio=0.0000, alpha_bias_std=NA, alpha_state_path=4.0876, alpha_id_path=0.0000, alpha_bias_path=0.0000, head_bias_path=0.7259, personal_row_entropy=1.7946, personal_matrix_delta=0.0843, personal_matrix_student_std=0.0511, personal_delta_pre_softmax_norm=2.2801, personal_delta_student_std=1.1499, alpha_head_std=0.0490, query_row_global_readout_delta=0.5402, query_row_personal_message_delta=0.0045, query_row_posterior_delta_abs=0.0843, query_row_posterior_kl=0.0611, personal_to_graph_query_ratio=0.0083, query_row_global_support_mass=0.8977, query_row_personal_support_mass=0.8977, neighbor_row_personal_delta=0.0000, personal_row_budget_mean=1.0000, personal_query_row_std=0.1005, readout_query_support_mass=0.8977, personal_student_mix=0.0546, personal_student_adapter=0.0400, local_row_ratio=0.2023, support_density=0.4010, readout_query_delta=0.5386, personal_bad_rows_active=0.00, personal_fallback_rows_active=0.00, personal_bad_row_rate_active=0.0000, personal_padded_rows=460.00, personal_logits_support_absmax=5.9907, personal_query_trust_scale_mean=1.0000, personal_bad_rows_legacy=460.00, personal_fallback_rows_legacy=460.00, personal_logits_absmax_legacy=30.0000
2026-04-17 09:14:30,317 - INFO - [assist_09|assist_09_abce_best_full|lr=0.0003|drop=0.20] [Diag][A] Epoch [022] | entropy_ratio=0.5318, diag_mass=0.0500, to_uniform_l2=0.023784, to_identity_l2=0.089156, relation_identity_delta=0.089156, knowledge_state_graph_delta=1.117195, knowledge_state_personal_delta=0.000000, share_concept_embeddings=True, tau_mean=0.6932, tau_std=0.0000, graph_reg_scale(train/val)=1.0000/1.0000
2026-04-17 09:14:30,317 - INFO - [assist_09|assist_09_abce_best_full|lr=0.0003|drop=0.20] [Grad Norms] Epoch [022] | relation_emb=3.529156e-01, relation_tau=1.912794e-08, relation_wq=2.125355e-06, relation_wk=3.238751e-06, personal_u=4.419446e-02, personal_v=1.155996e-02, personal_alpha_bias=0.000000e+00, personal_gate_emb=0.000000e+00, personal_gate_state_proj=0.000000e+00, personal_gate_context_proj=0.000000e+00, personal_gate_state_direct=1.589939e-04, personal_gate_id_direct=0.000000e+00, personal_gate_context_direct=3.149155e-05, personal_gate_out=0.000000e+00, personal_generator_emb=0.000000e+00, personal_generator_context_proj=0.000000e+00, personal_generator_context_hidden=0.000000e+00, personal_generator_context_to_u=0.000000e+00, personal_generator_context_to_v=0.000000e+00, personal_generator_state_row=0.000000e+00, personal_generator_state_col=0.000000e+00, personal_generator_id_row=0.000000e+00, personal_generator_id_col=0.000000e+00, personal_generator_state_adapter=0.000000e+00, personal_generator_id_adapter=0.000000e+00, personal_generator_context_adapter=0.000000e+00, personal_generator_direct_scale=3.286331e-06
2026-04-17 09:14:30,317 - INFO - [assist_09|assist_09_abce_best_full|lr=0.0003|drop=0.20] -> No improvement 2 epoch(s) (best AUC=0.7588 @ 20)
2026-04-17 09:15:36,057 - INFO - [assist_09|assist_09_abce_best_full|lr=0.0003|drop=0.20] Epoch [023/100] | Train: Loss=0.4818, BCE=0.4711, Reg=0.0108, AUC=0.8303, ACC=0.7621, RMSE=0.3953 | Val: Loss=0.5585, BCE=0.5476, Reg=0.0108, AUC=0.7594, ACC=0.7251, RMSE=0.4283
2026-04-17 09:15:36,058 - INFO - [assist_09|assist_09_abce_best_full|lr=0.0003|drop=0.20] [Reg Terms] Epoch [023] | Train: graph_entropy=0.000000, graph_diag=0.005003, graph_uniform=0.003049, graph_reg_scale=1.0000, prediction_l2=0.000001, personal_sparse=0.000319, alpha_var=0.000000, alpha_collapse=0.000000, reg_bce_ratio=0.0229 | Val: graph_entropy=0.000000, graph_diag=0.005000, graph_uniform=0.003049, graph_reg_scale=1.0000, prediction_l2=0.000001, personal_sparse=0.000385, alpha_var=0.000000, alpha_collapse=0.000001, reg_bce_ratio=0.0198
2026-04-17 09:15:36,256 - INFO - [assist_09|assist_09_abce_best_full|lr=0.0003|drop=0.20] [Diag][AE] Epoch [023] | irt_abs_mean=1.7218, irt_std=0.9951, personal_warmup_scale=1.00, graph_row_entropy=2.5592, graph_entropy_ratio=0.5318, alpha_mean=0.2054, alpha_std=0.0535, alpha_base_mean=0.1136, alpha_delta_absmean=0.0937, alpha_saturation_ratio=0.0000, alpha_bias_std=NA, alpha_state_path=4.3552, alpha_id_path=0.0000, alpha_bias_path=0.0000, head_bias_path=0.7295, personal_row_entropy=1.8114, personal_matrix_delta=0.0833, personal_matrix_student_std=0.0494, personal_delta_pre_softmax_norm=2.3585, personal_delta_student_std=1.1795, alpha_head_std=0.0490, query_row_global_readout_delta=0.5776, query_row_personal_message_delta=0.0063, query_row_posterior_delta_abs=0.0833, query_row_posterior_kl=0.0593, personal_to_graph_query_ratio=0.0108, query_row_global_support_mass=1.1386, query_row_personal_support_mass=1.1386, neighbor_row_personal_delta=0.0000, personal_row_budget_mean=1.0000, personal_query_row_std=0.0920, readout_query_support_mass=1.1386, personal_student_mix=0.0548, personal_student_adapter=0.0400, local_row_ratio=0.2111, support_density=0.4010, readout_query_delta=0.5751, personal_bad_rows_active=0.00, personal_fallback_rows_active=0.00, personal_bad_row_rate_active=0.0000, personal_padded_rows=460.00, personal_logits_support_absmax=5.7631, personal_query_trust_scale_mean=1.0000, personal_bad_rows_legacy=460.00, personal_fallback_rows_legacy=460.00, personal_logits_absmax_legacy=30.0000
2026-04-17 09:15:36,256 - INFO - [assist_09|assist_09_abce_best_full|lr=0.0003|drop=0.20] [Diag][A] Epoch [023] | entropy_ratio=0.5318, diag_mass=0.0500, to_uniform_l2=0.023784, to_identity_l2=0.089156, relation_identity_delta=0.089156, knowledge_state_graph_delta=1.132164, knowledge_state_personal_delta=0.000000, share_concept_embeddings=True, tau_mean=0.6934, tau_std=0.0000, graph_reg_scale(train/val)=1.0000/1.0000
2026-04-17 09:15:36,257 - INFO - [assist_09|assist_09_abce_best_full|lr=0.0003|drop=0.20] [Grad Norms] Epoch [023] | relation_emb=3.933477e-01, relation_tau=5.692571e-08, relation_wq=6.612043e-06, relation_wk=4.167129e-06, personal_u=2.833639e-02, personal_v=1.105450e-02, personal_alpha_bias=0.000000e+00, personal_gate_emb=0.000000e+00, personal_gate_state_proj=0.000000e+00, personal_gate_context_proj=0.000000e+00, personal_gate_state_direct=3.679554e-04, personal_gate_id_direct=0.000000e+00, personal_gate_context_direct=2.148466e-05, personal_gate_out=0.000000e+00, personal_generator_emb=0.000000e+00, personal_generator_context_proj=0.000000e+00, personal_generator_context_hidden=0.000000e+00, personal_generator_context_to_u=0.000000e+00, personal_generator_context_to_v=0.000000e+00, personal_generator_state_row=0.000000e+00, personal_generator_state_col=0.000000e+00, personal_generator_id_row=0.000000e+00, personal_generator_id_col=0.000000e+00, personal_generator_state_adapter=0.000000e+00, personal_generator_id_adapter=0.000000e+00, personal_generator_context_adapter=0.000000e+00, personal_generator_direct_scale=4.318690e-06
2026-04-17 09:15:36,520 - INFO - [assist_09|assist_09_abce_best_full|lr=0.0003|drop=0.20] -> New best AUC=0.7594 at epoch 23
2026-04-17 09:15:48,606 - INFO - [junyi|junyi_abce_best_full|lr=0.003|drop=0.40] Epoch [007/100] | Train: Loss=0.5317, BCE=0.5168, Reg=0.0149, AUC=0.7917, ACC=0.7475, RMSE=0.4144 | Val: Loss=0.5198, BCE=0.5049, Reg=0.0149, AUC=0.8025, ACC=0.7570, RMSE=0.4082
2026-04-17 09:15:48,606 - INFO - [junyi|junyi_abce_best_full|lr=0.003|drop=0.40] [Reg Terms] Epoch [007] | Train: graph_entropy=0.000000, graph_diag=0.006010, graph_uniform=0.006753, graph_reg_scale=1.0000, prediction_l2=0.000000, personal_sparse=0.001201, alpha_var=0.000000, alpha_collapse=0.000004, reg_bce_ratio=0.0289 | Val: graph_entropy=0.000000, graph_diag=0.006000, graph_uniform=0.006753, graph_reg_scale=1.0000, prediction_l2=0.000000, personal_sparse=0.001209, alpha_var=0.000000, alpha_collapse=0.000008, reg_bce_ratio=0.0296
2026-04-17 09:15:48,819 - INFO - [junyi|junyi_abce_best_full|lr=0.003|drop=0.40] [Diag][AE] Epoch [007] | irt_abs_mean=1.4978, irt_std=0.9968, personal_warmup_scale=1.00, graph_row_entropy=3.2177, graph_entropy_ratio=0.4915, alpha_mean=0.1312, alpha_std=0.0446, alpha_base_mean=0.1306, alpha_delta_absmean=0.0322, alpha_saturation_ratio=0.0000, alpha_bias_std=NA, alpha_state_path=0.6848, alpha_id_path=0.0000, alpha_bias_path=0.0000, head_bias_path=0.1737, personal_row_entropy=2.4175, personal_matrix_delta=0.0442, personal_matrix_student_std=0.0458, personal_delta_pre_softmax_norm=2.7734, personal_delta_student_std=2.6971, alpha_head_std=0.0435, query_row_global_readout_delta=0.1082, query_row_personal_message_delta=0.0005, query_row_posterior_delta_abs=0.0442, query_row_posterior_kl=0.0320, personal_to_graph_query_ratio=0.0043, query_row_global_support_mass=0.5681, query_row_personal_support_mass=0.5681, neighbor_row_personal_delta=0.0000, personal_row_budget_mean=1.3000, personal_query_row_std=0.0967, readout_query_support_mass=0.5681, personal_student_mix=0.0500, personal_student_adapter=0.0400, local_row_ratio=0.0695, support_density=1.0000, readout_query_delta=0.1080, personal_bad_rows_active=0.00, personal_fallback_rows_active=0.00, personal_bad_row_rate_active=0.0000, personal_padded_rows=0.00, personal_logits_support_absmax=6.6884, personal_query_trust_scale_mean=1.0000, personal_bad_rows_legacy=0.00, personal_fallback_rows_legacy=0.00, personal_logits_absmax_legacy=6.6884
2026-04-17 09:15:48,820 - INFO - [junyi|junyi_abce_best_full|lr=0.003|drop=0.40] [Diag][A] Epoch [007] | entropy_ratio=0.4915, diag_mass=0.0500, to_uniform_l2=0.007448, to_identity_l2=0.036726, relation_identity_delta=0.036726, knowledge_state_graph_delta=0.322467, knowledge_state_personal_delta=0.000000, share_concept_embeddings=True, tau_mean=0.6932, tau_std=0.0000, graph_reg_scale(train/val)=1.0000/1.0000
2026-04-17 09:15:48,820 - WARNING - [junyi|junyi_abce_best_full|lr=0.003|drop=0.40] [Diag Warning][AE] query-readout-overamplified: readout_query_delta=0.108049, query_row_graph_delta=0.108244, personal_matrix_delta=0.044190
2026-04-17 09:15:48,820 - INFO - [junyi|junyi_abce_best_full|lr=0.003|drop=0.40] [Grad Norms] Epoch [007] | relation_emb=3.875965e-01, relation_tau=1.602063e-11, relation_wq=5.806461e-08, relation_wk=5.073922e-08, personal_u=3.404790e-03, personal_v=3.722917e-03, personal_alpha_bias=0.000000e+00, personal_gate_emb=5.986546e-11, personal_gate_state_proj=2.610074e-14, personal_gate_context_proj=6.214248e-11, personal_gate_state_direct=1.433200e-07, personal_gate_id_direct=7.042707e-11, personal_gate_context_direct=3.398934e-04, personal_gate_out=6.625953e-08, personal_generator_emb=1.332997e-14, personal_generator_context_proj=1.000780e-16, personal_generator_context_hidden=1.311690e-14, personal_generator_context_to_u=1.279894e-11, personal_generator_context_to_v=1.944713e-11, personal_generator_state_row=8.326754e-12, personal_generator_state_col=1.264717e-11, personal_generator_id_row=2.063704e-12, personal_generator_id_col=3.135776e-12, personal_generator_state_adapter=1.702841e-15, personal_generator_id_adapter=5.138874e-17, personal_generator_context_adapter=7.758426e-16, personal_generator_direct_scale=1.872165e-06
2026-04-17 09:15:49,550 - INFO - [junyi|junyi_abce_best_full|lr=0.003|drop=0.40] -> New best AUC=0.8025 at epoch 7
2026-04-17 09:16:42,764 - INFO - [assist_09|assist_09_abce_best_full|lr=0.0003|drop=0.20] Epoch [024/100] | Train: Loss=0.4801, BCE=0.4693, Reg=0.0108, AUC=0.8316, ACC=0.7627, RMSE=0.3946 | Val: Loss=0.5577, BCE=0.5469, Reg=0.0109, AUC=0.7589, ACC=0.7268, RMSE=0.4279
2026-04-17 09:16:42,764 - INFO - [assist_09|assist_09_abce_best_full|lr=0.0003|drop=0.20] [Reg Terms] Epoch [024] | Train: graph_entropy=0.000000, graph_diag=0.005000, graph_uniform=0.003049, graph_reg_scale=1.0000, prediction_l2=0.000001, personal_sparse=0.000320, alpha_var=0.000000, alpha_collapse=0.000000, reg_bce_ratio=0.0230 | Val: graph_entropy=0.000000, graph_diag=0.005000, graph_uniform=0.003049, graph_reg_scale=1.0000, prediction_l2=0.000001, personal_sparse=0.000382, alpha_var=0.000000, alpha_collapse=0.000001, reg_bce_ratio=0.0199
2026-04-17 09:16:42,984 - INFO - [assist_09|assist_09_abce_best_full|lr=0.0003|drop=0.20] [Diag][AE] Epoch [024] | irt_abs_mean=1.6159, irt_std=1.0200, personal_warmup_scale=1.00, graph_row_entropy=2.5592, graph_entropy_ratio=0.5318, alpha_mean=0.2036, alpha_std=0.0534, alpha_base_mean=0.1161, alpha_delta_absmean=0.0892, alpha_saturation_ratio=0.0000, alpha_bias_std=NA, alpha_state_path=3.7274, alpha_id_path=0.0000, alpha_bias_path=0.0000, head_bias_path=0.7228, personal_row_entropy=1.7963, personal_matrix_delta=0.0847, personal_matrix_student_std=0.0509, personal_delta_pre_softmax_norm=2.3323, personal_delta_student_std=1.1868, alpha_head_std=0.0485, query_row_global_readout_delta=0.5544, query_row_personal_message_delta=0.0050, query_row_posterior_delta_abs=0.0847, query_row_posterior_kl=0.0609, personal_to_graph_query_ratio=0.0091, query_row_global_support_mass=0.8611, query_row_personal_support_mass=0.8611, neighbor_row_personal_delta=0.0000, personal_row_budget_mean=1.0000, personal_query_row_std=0.0896, readout_query_support_mass=0.8611, personal_student_mix=0.0540, personal_student_adapter=0.0400, local_row_ratio=0.2117, support_density=0.4010, readout_query_delta=0.5525, personal_bad_rows_active=0.00, personal_fallback_rows_active=0.00, personal_bad_row_rate_active=0.0000, personal_padded_rows=460.00, personal_logits_support_absmax=5.9108, personal_query_trust_scale_mean=1.0000, personal_bad_rows_legacy=460.00, personal_fallback_rows_legacy=460.00, personal_logits_absmax_legacy=30.0000
2026-04-17 09:16:42,984 - INFO - [assist_09|assist_09_abce_best_full|lr=0.0003|drop=0.20] [Diag][A] Epoch [024] | entropy_ratio=0.5318, diag_mass=0.0500, to_uniform_l2=0.023784, to_identity_l2=0.089156, relation_identity_delta=0.089156, knowledge_state_graph_delta=1.126514, knowledge_state_personal_delta=0.000000, share_concept_embeddings=True, tau_mean=0.6929, tau_std=0.0003, graph_reg_scale(train/val)=1.0000/1.0000
2026-04-17 09:16:42,984 - INFO - [assist_09|assist_09_abce_best_full|lr=0.0003|drop=0.20] [Grad Norms] Epoch [024] | relation_emb=6.249817e-01, relation_tau=8.367489e-08, relation_wq=4.446181e-06, relation_wk=2.846896e-06, personal_u=1.773105e-02, personal_v=9.003713e-03, personal_alpha_bias=0.000000e+00, personal_gate_emb=0.000000e+00, personal_gate_state_proj=0.000000e+00, personal_gate_context_proj=0.000000e+00, personal_gate_state_direct=3.977098e-04, personal_gate_id_direct=0.000000e+00, personal_gate_context_direct=8.023344e-05, personal_gate_out=0.000000e+00, personal_generator_emb=0.000000e+00, personal_generator_context_proj=0.000000e+00, personal_generator_context_hidden=0.000000e+00, personal_generator_context_to_u=0.000000e+00, personal_generator_context_to_v=0.000000e+00, personal_generator_state_row=0.000000e+00, personal_generator_state_col=0.000000e+00, personal_generator_id_row=0.000000e+00, personal_generator_id_col=0.000000e+00, personal_generator_state_adapter=0.000000e+00, personal_generator_id_adapter=0.000000e+00, personal_generator_context_adapter=0.000000e+00, personal_generator_direct_scale=1.131705e-05
2026-04-17 09:16:42,984 - INFO - [assist_09|assist_09_abce_best_full|lr=0.0003|drop=0.20] -> No improvement 1 epoch(s) (best AUC=0.7594 @ 23)
2026-04-17 09:17:48,482 - INFO - [assist_09|assist_09_abce_best_full|lr=0.0003|drop=0.20] Epoch [025/100] | Train: Loss=0.4788, BCE=0.4680, Reg=0.0108, AUC=0.8327, ACC=0.7623, RMSE=0.3941 | Val: Loss=0.5584, BCE=0.5475, Reg=0.0109, AUC=0.7581, ACC=0.7269, RMSE=0.4283
2026-04-17 09:17:48,483 - INFO - [assist_09|assist_09_abce_best_full|lr=0.0003|drop=0.20] [Reg Terms] Epoch [025] | Train: graph_entropy=0.000000, graph_diag=0.005000, graph_uniform=0.003049, graph_reg_scale=1.0000, prediction_l2=0.000001, personal_sparse=0.000319, alpha_var=0.000000, alpha_collapse=0.000000, reg_bce_ratio=0.0231 | Val: graph_entropy=0.000000, graph_diag=0.005000, graph_uniform=0.003049, graph_reg_scale=1.0000, prediction_l2=0.000001, personal_sparse=0.000382, alpha_var=0.000000, alpha_collapse=0.000002, reg_bce_ratio=0.0198
2026-04-17 09:17:48,686 - INFO - [assist_09|assist_09_abce_best_full|lr=0.0003|drop=0.20] [Diag][AE] Epoch [025] | irt_abs_mean=1.6586, irt_std=1.0332, personal_warmup_scale=1.00, graph_row_entropy=2.5592, graph_entropy_ratio=0.5318, alpha_mean=0.2073, alpha_std=0.0544, alpha_base_mean=0.1187, alpha_delta_absmean=0.0916, alpha_saturation_ratio=0.0000, alpha_bias_std=NA, alpha_state_path=4.0140, alpha_id_path=0.0000, alpha_bias_path=0.0000, head_bias_path=0.7142, personal_row_entropy=1.7949, personal_matrix_delta=0.0846, personal_matrix_student_std=0.0503, personal_delta_pre_softmax_norm=2.3328, personal_delta_student_std=1.1808, alpha_head_std=0.0477, query_row_global_readout_delta=0.5539, query_row_personal_message_delta=0.0050, query_row_posterior_delta_abs=0.0846, query_row_posterior_kl=0.0610, personal_to_graph_query_ratio=0.0090, query_row_global_support_mass=1.0352, query_row_personal_support_mass=1.0352, neighbor_row_personal_delta=0.0000, personal_row_budget_mean=1.0000, personal_query_row_std=0.0882, readout_query_support_mass=1.0352, personal_student_mix=0.0540, personal_student_adapter=0.0400, local_row_ratio=0.2057, support_density=0.4010, readout_query_delta=0.5519, personal_bad_rows_active=0.00, personal_fallback_rows_active=0.00, personal_bad_row_rate_active=0.0000, personal_padded_rows=460.00, personal_logits_support_absmax=5.8701, personal_query_trust_scale_mean=1.0000, personal_bad_rows_legacy=460.00, personal_fallback_rows_legacy=460.00, personal_logits_absmax_legacy=30.0000
2026-04-17 09:17:48,687 - INFO - [assist_09|assist_09_abce_best_full|lr=0.0003|drop=0.20] [Diag][A] Epoch [025] | entropy_ratio=0.5318, diag_mass=0.0500, to_uniform_l2=0.023784, to_identity_l2=0.089156, relation_identity_delta=0.089156, knowledge_state_graph_delta=1.129607, knowledge_state_personal_delta=0.000000, share_concept_embeddings=True, tau_mean=0.6933, tau_std=0.0002, graph_reg_scale(train/val)=1.0000/1.0000
2026-04-17 09:17:48,687 - INFO - [assist_09|assist_09_abce_best_full|lr=0.0003|drop=0.20] [Grad Norms] Epoch [025] | relation_emb=5.427077e-01, relation_tau=4.659547e-08, relation_wq=3.587110e-06, relation_wk=3.004413e-06, personal_u=3.048463e-02, personal_v=8.712233e-03, personal_alpha_bias=0.000000e+00, personal_gate_emb=0.000000e+00, personal_gate_state_proj=0.000000e+00, personal_gate_context_proj=0.000000e+00, personal_gate_state_direct=3.694545e-04, personal_gate_id_direct=0.000000e+00, personal_gate_context_direct=6.082225e-05, personal_gate_out=0.000000e+00, personal_generator_emb=0.000000e+00, personal_generator_context_proj=0.000000e+00, personal_generator_context_hidden=0.000000e+00, personal_generator_context_to_u=0.000000e+00, personal_generator_context_to_v=0.000000e+00, personal_generator_state_row=0.000000e+00, personal_generator_state_col=0.000000e+00, personal_generator_id_row=0.000000e+00, personal_generator_id_col=0.000000e+00, personal_generator_state_adapter=0.000000e+00, personal_generator_id_adapter=0.000000e+00, personal_generator_context_adapter=0.000000e+00, personal_generator_direct_scale=5.485788e-07
2026-04-17 09:17:48,687 - INFO - [assist_09|assist_09_abce_best_full|lr=0.0003|drop=0.20] -> No improvement 2 epoch(s) (best AUC=0.7594 @ 23)
2026-04-17 09:18:24,501 - INFO - [junyi|junyi_abce_best_full|lr=0.003|drop=0.40] Epoch [008/100] | Train: Loss=0.5307, BCE=0.5158, Reg=0.0149, AUC=0.7926, ACC=0.7479, RMSE=0.4140 | Val: Loss=0.5148, BCE=0.4998, Reg=0.0150, AUC=0.8033, ACC=0.7644, RMSE=0.4058
2026-04-17 09:18:24,501 - INFO - [junyi|junyi_abce_best_full|lr=0.003|drop=0.40] [Reg Terms] Epoch [008] | Train: graph_entropy=0.000000, graph_diag=0.006011, graph_uniform=0.006753, graph_reg_scale=1.0000, prediction_l2=0.000000, personal_sparse=0.001201, alpha_var=0.000000, alpha_collapse=0.000005, reg_bce_ratio=0.0290 | Val: graph_entropy=0.000000, graph_diag=0.006000, graph_uniform=0.006753, graph_reg_scale=1.0000, prediction_l2=0.000000, personal_sparse=0.001192, alpha_var=0.000000, alpha_collapse=0.000022, reg_bce_ratio=0.0299
2026-04-17 09:18:24,721 - INFO - [junyi|junyi_abce_best_full|lr=0.003|drop=0.40] [Diag][AE] Epoch [008] | irt_abs_mean=1.6890, irt_std=0.9317, personal_warmup_scale=1.00, graph_row_entropy=3.2177, graph_entropy_ratio=0.4915, alpha_mean=0.1310, alpha_std=0.0368, alpha_base_mean=0.1304, alpha_delta_absmean=0.0246, alpha_saturation_ratio=0.0000, alpha_bias_std=NA, alpha_state_path=0.5112, alpha_id_path=0.0000, alpha_bias_path=0.0000, head_bias_path=0.1704, personal_row_entropy=2.3680, personal_matrix_delta=0.0451, personal_matrix_student_std=0.0490, personal_delta_pre_softmax_norm=2.6786, personal_delta_student_std=2.6269, alpha_head_std=0.0356, query_row_global_readout_delta=0.1264, query_row_personal_message_delta=0.0003, query_row_posterior_delta_abs=0.0451, query_row_posterior_kl=0.0337, personal_to_graph_query_ratio=0.0024, query_row_global_support_mass=1.1628, query_row_personal_support_mass=1.1628, neighbor_row_personal_delta=0.0000, personal_row_budget_mean=1.3000, personal_query_row_std=0.1937, readout_query_support_mass=1.1628, personal_student_mix=0.0500, personal_student_adapter=0.0400, local_row_ratio=0.0670, support_density=1.0000, readout_query_delta=0.1264, personal_bad_rows_active=0.00, personal_fallback_rows_active=0.00, personal_bad_row_rate_active=0.0000, personal_padded_rows=0.00, personal_logits_support_absmax=6.8062, personal_query_trust_scale_mean=1.0000, personal_bad_rows_legacy=0.00, personal_fallback_rows_legacy=0.00, personal_logits_absmax_legacy=6.8062
2026-04-17 09:18:24,722 - INFO - [junyi|junyi_abce_best_full|lr=0.003|drop=0.40] [Diag][A] Epoch [008] | entropy_ratio=0.4915, diag_mass=0.0500, to_uniform_l2=0.007448, to_identity_l2=0.036726, relation_identity_delta=0.036726, knowledge_state_graph_delta=0.315676, knowledge_state_personal_delta=0.000000, share_concept_embeddings=True, tau_mean=0.6931, tau_std=0.0000, graph_reg_scale(train/val)=1.0000/1.0000
2026-04-17 09:18:24,722 - WARNING - [junyi|junyi_abce_best_full|lr=0.003|drop=0.40] [Diag Warning][AE] query-readout-overamplified: readout_query_delta=0.126427, query_row_graph_delta=0.126450, personal_matrix_delta=0.045134
2026-04-17 09:18:24,722 - INFO - [junyi|junyi_abce_best_full|lr=0.003|drop=0.40] [Grad Norms] Epoch [008] | relation_emb=3.701619e-01, relation_tau=6.460815e-12, relation_wq=2.880487e-08, relation_wk=2.323582e-08, personal_u=3.529056e-04, personal_v=1.037155e-03, personal_alpha_bias=0.000000e+00, personal_gate_emb=7.018270e-11, personal_gate_state_proj=1.861316e-14, personal_gate_context_proj=3.363440e-11, personal_gate_state_direct=1.035896e-07, personal_gate_id_direct=8.128611e-11, personal_gate_context_direct=1.855604e-04, personal_gate_out=2.469049e-08, personal_generator_emb=2.623687e-14, personal_generator_context_proj=1.052033e-16, personal_generator_context_hidden=1.559173e-14, personal_generator_context_to_u=2.612848e-12, personal_generator_context_to_v=1.389592e-11, personal_generator_state_row=5.172290e-12, personal_generator_state_col=2.752880e-11, personal_generator_id_row=1.044685e-12, personal_generator_id_col=5.556873e-12, personal_generator_state_adapter=3.251522e-17, personal_generator_id_adapter=2.390053e-17, personal_generator_context_adapter=2.360467e-17, personal_generator_direct_scale=1.283981e-06
2026-04-17 09:18:25,490 - INFO - [junyi|junyi_abce_best_full|lr=0.003|drop=0.40] -> New best AUC=0.8033 at epoch 8
2026-04-17 09:18:55,354 - INFO - [assist_09|assist_09_abce_best_full|lr=0.0003|drop=0.20] Epoch [026/100] | Train: Loss=0.4762, BCE=0.4654, Reg=0.0108, AUC=0.8349, ACC=0.7651, RMSE=0.3928 | Val: Loss=0.5557, BCE=0.5449, Reg=0.0108, AUC=0.7579, ACC=0.7263, RMSE=0.4273
2026-04-17 09:18:55,355 - INFO - [assist_09|assist_09_abce_best_full|lr=0.0003|drop=0.20] [Reg Terms] Epoch [026] | Train: graph_entropy=0.000000, graph_diag=0.005000, graph_uniform=0.003049, graph_reg_scale=1.0000, prediction_l2=0.000001, personal_sparse=0.000321, alpha_var=0.000000, alpha_collapse=0.000000, reg_bce_ratio=0.0232 | Val: graph_entropy=0.000000, graph_diag=0.005000, graph_uniform=0.003049, graph_reg_scale=1.0000, prediction_l2=0.000001, personal_sparse=0.000385, alpha_var=0.000000, alpha_collapse=0.000004, reg_bce_ratio=0.0198
2026-04-17 09:18:55,542 - INFO - [assist_09|assist_09_abce_best_full|lr=0.0003|drop=0.20] [Diag][AE] Epoch [026] | irt_abs_mean=1.5253, irt_std=0.9932, personal_warmup_scale=1.00, graph_row_entropy=2.5592, graph_entropy_ratio=0.5318, alpha_mean=0.2089, alpha_std=0.0587, alpha_base_mean=0.1218, alpha_delta_absmean=0.0927, alpha_saturation_ratio=0.3711, alpha_bias_std=NA, alpha_state_path=4.4651, alpha_id_path=0.0000, alpha_bias_path=0.0000, head_bias_path=0.7059, personal_row_entropy=1.8079, personal_matrix_delta=0.0838, personal_matrix_student_std=0.0503, personal_delta_pre_softmax_norm=2.3307, personal_delta_student_std=1.1855, alpha_head_std=0.0466, query_row_global_readout_delta=0.5599, query_row_personal_message_delta=0.0055, query_row_posterior_delta_abs=0.0838, query_row_posterior_kl=0.0597, personal_to_graph_query_ratio=0.0099, query_row_global_support_mass=1.1206, query_row_personal_support_mass=1.1206, neighbor_row_personal_delta=0.0000, personal_row_budget_mean=1.0000, personal_query_row_std=0.0997, readout_query_support_mass=1.1206, personal_student_mix=0.0542, personal_student_adapter=0.0400, local_row_ratio=0.2155, support_density=0.4010, readout_query_delta=0.5579, personal_bad_rows_active=0.00, personal_fallback_rows_active=0.00, personal_bad_row_rate_active=0.0000, personal_padded_rows=460.00, personal_logits_support_absmax=5.8272, personal_query_trust_scale_mean=1.0000, personal_bad_rows_legacy=460.00, personal_fallback_rows_legacy=460.00, personal_logits_absmax_legacy=30.0000
2026-04-17 09:18:55,542 - INFO - [assist_09|assist_09_abce_best_full|lr=0.0003|drop=0.20] [Diag][A] Epoch [026] | entropy_ratio=0.5318, diag_mass=0.0500, to_uniform_l2=0.023784, to_identity_l2=0.089156, relation_identity_delta=0.089156, knowledge_state_graph_delta=1.138836, knowledge_state_personal_delta=0.000000, share_concept_embeddings=True, tau_mean=0.6932, tau_std=0.0000, graph_reg_scale(train/val)=1.0000/1.0000
2026-04-17 09:18:55,542 - INFO - [assist_09|assist_09_abce_best_full|lr=0.0003|drop=0.20] [Grad Norms] Epoch [026] | relation_emb=5.522945e-01, relation_tau=1.743663e-08, relation_wq=2.177804e-06, relation_wk=1.480044e-06, personal_u=1.749807e-02, personal_v=9.745676e-03, personal_alpha_bias=0.000000e+00, personal_gate_emb=0.000000e+00, personal_gate_state_proj=0.000000e+00, personal_gate_context_proj=0.000000e+00, personal_gate_state_direct=1.255201e-04, personal_gate_id_direct=0.000000e+00, personal_gate_context_direct=1.338328e-05, personal_gate_out=0.000000e+00, personal_generator_emb=0.000000e+00, personal_generator_context_proj=0.000000e+00, personal_generator_context_hidden=0.000000e+00, personal_generator_context_to_u=0.000000e+00, personal_generator_context_to_v=0.000000e+00, personal_generator_state_row=0.000000e+00, personal_generator_state_col=0.000000e+00, personal_generator_id_row=0.000000e+00, personal_generator_id_col=0.000000e+00, personal_generator_state_adapter=0.000000e+00, personal_generator_id_adapter=0.000000e+00, personal_generator_context_adapter=0.000000e+00, personal_generator_direct_scale=2.454307e-05
2026-04-17 09:18:55,542 - INFO - [assist_09|assist_09_abce_best_full|lr=0.0003|drop=0.20] -> No improvement 3 epoch(s) (best AUC=0.7594 @ 23)
2026-04-17 09:18:55,542 - INFO - [assist_09|assist_09_abce_best_full|lr=0.0003|drop=0.20] Early stopping at epoch 26 (best AUC=0.7594 @ 23)
2026-04-17 09:18:55,550 - INFO - Epoch-wise metrics saved to checkpoints/abce_diag/remote_trust_diag_20260417_709083f/assist_09/seed42/best_full/metrics_history.csv
2026-04-17 09:18:55,553 - INFO - [assist_09|assist_09_abce_best_full|lr=0.0003|drop=0.20] Training completed! Best Val AUC=0.7594 @ epoch 23
2026-04-17 09:18:55,827 - INFO - 
============================================================
         MODULE ACTIVITY REPORT
============================================================
Dataset: assist_09 | Seed: 42 | Epoch: 26

1. Concept Graph Module (A):
   - Mean row entropy: 2.559 / 4.812
   - Entropy ratio: 53.2%
   - Query readout delta: 0.5672
   - Status: LIVE (global graph is entering queried concept readout)

2. Personal Graph Module (E):
   - Alpha mean: 0.205
   - Alpha std: 0.062
   - Alpha bias std: 0.000
   - Personal/global delta: 0.0835
   - Inter-student matrix std: 0.0503
   - Query personal message delta: 0.0055
   - Query posterior KL: 0.0596
   - Query personal std: 0.0917
   - Personal/global query ratio: 0.0096
   - Status: LIVE (state-driven personalization is visible at query stage)

------------------------------------------------------------
SUMMARY:
   Active modules: Concept Graph (A), Personal Graph (E)
   All enabled graph modules are functioning properly.
============================================================
2026-04-17 09:18:55,828 - INFO - [assist_09|assist_09_abce_best_full|lr=0.0003|drop=0.20] Module activity saved to checkpoints/abce_diag/remote_trust_diag_20260417_709083f/assist_09/seed42/best_full/module_activity.json
2026-04-17 09:18:55,876 - INFO - Using device: cuda:0 (physical gpu 2)
2026-04-17 09:18:55,876 - INFO - Loading model from checkpoints/abce_diag/remote_trust_diag_20260417_709083f/assist_09/seed42/best_full/best_model.pth...
2026-04-17 09:18:55,996 - INFO - [Inference Filter] before=52549, after=51090, dropped=1459, coverage=97.22% (train-only seen student/item support)
2026-04-17 09:18:56,023 - INFO - Inference switches: ablate_module1=False | enable_module1=True | use_concept_graph=True | effective(num_gnn_layers=2)
2026-04-17 09:18:56,045 - INFO - [Inference] Ablation runtime check: args(ablate_module1=False) | expect(use_concept_graph=True,use_personal_graph=True) | model(enable_module1=True,use_concept_graph=True,use_personal_graph=True) | physical(has_knowledge_encoder=True,has_relation_learning=True,has_adaptive_gate=True,has_personal_generator=True)
2026-04-17 09:18:56,045 - INFO - [Inference] [Graph Init] graph_tau_mean=1.0055, graph_tau_std=0.0000, graph_dropout=0.000, use_personal_graph=True
2026-04-17 09:18:56,047 - INFO - Model loaded from epoch 23. Start testing...
[GPU] Status: [GPU 2: 23407MiB free]
2026-04-17 09:19:00,022 - INFO - [Test] 200/400 batches done, samples=25600
2026-04-17 09:19:03,586 - INFO - [Test] 400/400 batches done, samples=51090
2026-04-17 09:19:03,651 - INFO - 
==================================================
2026-04-17 09:19:03,651 - INFO - Test Results:
2026-04-17 09:19:03,651 - INFO - AUC: 0.7601
2026-04-17 09:19:03,651 - INFO - ACC: 0.7314
2026-04-17 09:19:03,651 - INFO - RMSE: 0.4261
2026-04-17 09:19:03,651 - INFO - ==================================================
/home/zsh/ConceptSkillCDM/src/experiment_utils.py:316: FutureWarning: The behavior of DataFrame concatenation with empty or all-NA entries is deprecated. In a future version, this will no longer exclude empty or all-NA columns when determining the result dtypes. To retain the old behavior, exclude the relevant entries before the concat operation.
  df = pd.concat([df, pd.DataFrame([row])], ignore_index=True)
2026-04-17 09:19:03,666 - INFO - Summary appended to /home/zsh/ConceptSkillCDM/results/experiment_results.csv
2026-04-17 09:19:03,666 - INFO - 
Generating student diagnosis reports...
2026-04-17 09:19:03,697 - INFO - Student diagnosis reports saved to checkpoints/abce_diag/remote_trust_diag_20260417_709083f/assist_09/seed42/best_full/student_diagnosis.json
2026-04-17 09:19:03,701 - INFO - Run completed.
2026-04-17 09:19:03,701 - INFO - Best validation AUC: 0.7594 at epoch 23
2026-04-17 09:19:03,701 - INFO - Test metrics - AUC: 0.7601, ACC: 0.7314, RMSE: 0.4261
2026-04-17 09:19:03,837 - INFO - [数据清洗] 学生交互次数 < 15 次的学生：共移除 313 个学生（仅统计用户数）
2026-04-17 09:19:03,847 - INFO - [数据清洗] 学生冷启动过滤：在 train/valid/test 中共删除 5118 条记录。
2026-04-17 09:19:03,847 - INFO - [数据清洗] 跳过题目冷门过滤（min_exer_interactions <= 0）。
2026-04-17 09:19:03,847 - INFO - [数据清洗] 跳过毒题清洗（min_poison_count <= 0）。
2026-04-17 09:19:03,847 - INFO - 正在构建ID映射...
2026-04-17 09:19:04,022 - INFO - 正在构建Q矩阵...
2026-04-17 09:19:10,567 - INFO - [数据清洗] Valid train-seen 过滤：before=20072, after=19875, dropped=197, coverage=99.02%
2026-04-17 09:19:10,573 - INFO - [数据清洗] Test train-seen 过滤：before=51610, after=51090, dropped=520, coverage=98.99%
2026-04-17 09:19:10,577 - INFO - [统计] 开始统计清洗后每道题的概念数量分布...
2026-04-17 09:19:10,586 - INFO - [Train] 概念数统计：题目数=17057, 平均概念数=1.1995, min=1, max=4, 1概念=14129 (82.83%), ≥2概念=2928 (17.17%)
2026-04-17 09:19:10,586 - INFO - [Train] 概念数直方图（概念数: 题目数量）: {1: 14129, 2: 2533, 3: 315, 4: 80}
2026-04-17 09:19:10,590 - INFO - [Valid] 概念数统计：题目数=9034, 平均概念数=1.1996, min=1, max=4, 1概念=7500 (83.02%), ≥2概念=1534 (16.98%)
2026-04-17 09:19:10,590 - INFO - [Valid] 概念数直方图（概念数: 题目数量）: {1: 7500, 2: 1314, 3: 171, 4: 49}
2026-04-17 09:19:10,596 - INFO - [Test] 概念数统计：题目数=12825, 平均概念数=1.1994, min=1, max=4, 1概念=10661 (83.13%), ≥2概念=2164 (16.87%)
2026-04-17 09:19:10,596 - INFO - [Test] 概念数直方图（概念数: 题目数量）: {1: 10661, 2: 1836, 3: 263, 4: 65}
2026-04-17 09:19:10,596 - INFO - [统计] 概念数量统计完成。
2026-04-17 09:19:10,596 - INFO - 正在加载数据集...
2026-04-17 09:19:10,676 - INFO - [Component Analysis] Global graph: torch.Size([2, 123, 123])
2026-04-17 09:19:10,900 - INFO - [Component Analysis] Gate alpha samples: 200
2026-04-17 09:19:10,901 - WARNING - Failed to save component analysis data: all the input array dimensions except for the concatenation axis must match exactly, but along dimension 1, the array at index 0 has size 4 and the array at index 1 has size 3
2026-04-17 09:19:30,605 - INFO - Arguments:
2026-04-17 09:19:30,606 - INFO -   ablate_concept_graph: True
2026-04-17 09:19:30,607 - INFO -   ablate_module1: False
2026-04-17 09:19:30,607 - INFO -   allow_self_loop: True
2026-04-17 09:19:30,607 - INFO -   alpha_min_target: 0.04
2026-04-17 09:19:30,607 - INFO -   batch_size: 64
2026-04-17 09:19:30,607 - INFO -   data_dir: ./data/junyi
2026-04-17 09:19:30,607 - INFO -   dataset_name: junyi
2026-04-17 09:19:30,607 - INFO -   debug_graph_diag: True
2026-04-17 09:19:30,607 - INFO -   diag_batches: 1
2026-04-17 09:19:30,607 - INFO -   disable_self_loop: False
2026-04-17 09:19:30,607 - INFO -   dropout: 0.4
2026-04-17 09:19:30,607 - INFO -   early_stop_patience: 3
2026-04-17 09:19:30,607 - INFO -   enable_module1: True
2026-04-17 09:19:30,607 - INFO -   epochs: 100
2026-04-17 09:19:30,607 - INFO -   generate_diagnosis: True
2026-04-17 09:19:30,607 - INFO -   gnn_residual_weight: 0.5
2026-04-17 09:19:30,607 - INFO -   gpu_candidates: None
2026-04-17 09:19:30,607 - INFO -   gpu_ids: None
2026-04-17 09:19:30,607 - INFO -   gpu_memory_threshold: 2000
2026-04-17 09:19:30,607 - INFO -   gpus: None
2026-04-17 09:19:30,607 - INFO -   graph_dropout: 0.0
2026-04-17 09:19:30,607 - INFO -   graph_entropy_max: 0.7
2026-04-17 09:19:30,607 - INFO -   graph_entropy_min: 0.15
2026-04-17 09:19:30,607 - INFO -   graph_identity_residual: 0.05
2026-04-17 09:19:30,607 - INFO -   graph_propagation_alpha: 0.25
2026-04-17 09:19:30,607 - INFO -   graph_query_readout_2hop_scale: 0.12
2026-04-17 09:19:30,607 - INFO -   graph_query_readout_scale: 0.45
2026-04-17 09:19:30,607 - INFO -   graph_query_writeback_2hop_scale: 0.12
2026-04-17 09:19:30,607 - INFO -   graph_query_writeback_scale: 0.45
2026-04-17 09:19:30,607 - INFO -   graph_readout_1hop_scale: 0.45
2026-04-17 09:19:30,607 - INFO -   graph_readout_2hop_scale: 0.12
2026-04-17 09:19:30,607 - INFO -   graph_reg_cap_ratio: 6.0
2026-04-17 09:19:30,607 - INFO -   graph_reg_warmup_epochs: 2
2026-04-17 09:19:30,607 - INFO -   graph_tau_init: 0.55
2026-04-17 09:19:30,607 - INFO -   graph_topk: 24
2026-04-17 09:19:30,607 - INFO -   graph_uniform_margin: 0.12
2026-04-17 09:19:30,607 - INFO -   knowledge_dim: 128
2026-04-17 09:19:30,607 - INFO -   lambda_alpha: 0.0
2026-04-17 09:19:30,607 - INFO -   lambda_alpha_min: 0.05
2026-04-17 09:19:30,607 - INFO -   lambda_graph_diag: 0.12
2026-04-17 09:19:30,607 - INFO -   lambda_graph_uniform: 0.06
2026-04-17 09:19:30,608 - INFO -   lambda_personal_kl: 0.03
2026-04-17 09:19:30,608 - INFO -   lambda_personal_query_residual: 0.08
2026-04-17 09:19:30,608 - INFO -   lambda_sparse: 0.6
2026-04-17 09:19:30,608 - INFO -   lambda_sparse_personal: 0.0005
2026-04-17 09:19:30,608 - INFO -   learning_rate: 0.003
2026-04-17 09:19:30,608 - INFO -   log_dir: logs/abce_diag/remote_trust_diag_20260417_709083f/junyi/seed42/best_no_A
2026-04-17 09:19:30,608 - INFO -   max_test_batches: None
2026-04-17 09:19:30,608 - INFO -   max_train_batches: None
2026-04-17 09:19:30,608 - INFO -   max_val_batches: None
2026-04-17 09:19:30,608 - INFO -   min_exer_interactions: 0
2026-04-17 09:19:30,608 - INFO -   min_poison_count: 0
2026-04-17 09:19:30,608 - INFO -   min_stu_interactions: 15
2026-04-17 09:19:30,608 - INFO -   model_variant: junyi_abce_best_no_A
2026-04-17 09:19:30,608 - INFO -   multi_gpu: False
2026-04-17 09:19:30,608 - INFO -   no_cuda: False
2026-04-17 09:19:30,608 - INFO -   num_gnn_layers: 2
2026-04-17 09:19:30,608 - INFO -   num_gpus: 1
2026-04-17 09:19:30,608 - INFO -   num_relation_heads: 2
2026-04-17 09:19:30,608 - INFO -   num_workers: 4
2026-04-17 09:19:30,608 - INFO -   patience: 1
2026-04-17 09:19:30,608 - INFO -   personal_alpha_base_init: 0.04
2026-04-17 09:19:30,608 - INFO -   personal_alpha_bias_scale: 0.0
2026-04-17 09:19:30,608 - INFO -   personal_alpha_budget: 0.09
2026-04-17 09:19:30,608 - INFO -   personal_alpha_temperature: 1.8
2026-04-17 09:19:30,608 - INFO -   personal_delta_scale: 4.0
2026-04-17 09:19:30,608 - INFO -   personal_disable_student_global_context: True
2026-04-17 09:19:30,608 - INFO -   personal_id_lr_mult: 0.25
2026-04-17 09:19:30,608 - INFO -   personal_include_neighbor_rows: False
2026-04-17 09:19:30,608 - INFO -   personal_local_hops: 1
2026-04-17 09:19:30,608 - INFO -   personal_max_alpha: 0.26
2026-04-17 09:19:30,608 - INFO -   personal_neighbor_row_budget: 0.2
2026-04-17 09:19:30,608 - INFO -   personal_query_correction_max_ratio: 0.2
2026-04-17 09:19:30,608 - INFO -   personal_query_correction_min_graph_anchor: 0.01
2026-04-17 09:19:30,608 - INFO -   personal_query_correction_scale: 0.05
2026-04-17 09:19:30,608 - INFO -   personal_query_residual_margin: 0.05
2026-04-17 09:19:30,608 - INFO -   personal_query_row_budget: 1.3
2026-04-17 09:19:30,608 - INFO -   personal_rank: 8
2026-04-17 09:19:30,608 - INFO -   personal_reg_warmup_epochs: 5
2026-04-17 09:19:30,608 - INFO -   personal_state_lr_mult: 1.5
2026-04-17 09:19:30,608 - INFO -   personal_student_dim: 64
2026-04-17 09:19:30,608 - INFO -   personal_support_only: True
2026-04-17 09:19:30,608 - INFO -   personal_warmup_epochs: 5
2026-04-17 09:19:30,608 - INFO -   prediction_l2_lambda: 1e-05
2026-04-17 09:19:30,609 - INFO -   save_dir: checkpoints/abce_diag/remote_trust_diag_20260417_709083f/junyi/seed42/best_no_A
2026-04-17 09:19:30,609 - INFO -   save_interval: 10
2026-04-17 09:19:30,609 - INFO -   seed: 42
2026-04-17 09:19:30,609 - INFO -   share_concept_embeddings: True
2026-04-17 09:19:30,609 - INFO -   use_concept_graph: False
2026-04-17 09:19:30,609 - INFO -   use_exercise_graph: False
2026-04-17 09:19:30,609 - INFO -   use_personal_graph: True
2026-04-17 09:19:30,609 - INFO -   weight_decay: 0.001
2026-04-17 09:19:30,692 - INFO - Using device: cuda:0 (physical gpu 2)
2026-04-17 09:19:30,692 - INFO - [junyi|junyi_abce_best_no_A|lr=0.003|drop=0.40] Loading datasets...
2026-04-17 09:19:30,692 - INFO - [junyi|junyi_abce_best_no_A|lr=0.003|drop=0.40] Regularization: graph_entropy(lambda_sparse)=0.600000, graph_diag=0.120000, graph_uniform=0.060000, personal_sparse=0.000500, personal_kl=0.030000, personal_query_residual=0.080000, alpha_penalty=0.000000, alpha_min=0.050000, prediction_l2=0.000010
2026-04-17 09:19:30,692 - INFO - [junyi|junyi_abce_best_no_A|lr=0.003|drop=0.40] Graph controls: entropy_band=[0.15, 0.70], uniform_margin=0.12, warmup_epochs=2, cap_ratio=6.00, graph_dropout=0.000, graph_tau_init=0.550
2026-04-17 09:19:30,693 - INFO - [junyi|junyi_abce_best_no_A|lr=0.003|drop=0.40] Personal controls: personal_max_alpha=0.260, personal_delta_scale=4.000, personal_warmup_epochs=5, personal_student_dim=64, alpha_min_target=0.0400, personal_local_hops=1, include_neighbor_rows=False, personal_support_only=True, personal_alpha_temperature=1.800, personal_alpha_budget=0.090, personal_query_row_budget=1.300, personal_neighbor_row_budget=0.200, personal_query_correction_scale=0.050, personal_state_lr_mult=1.500, personal_id_lr_mult=0.250, graph_propagation_alpha=0.250, graph_query_readout_scale=0.450, graph_query_readout_2hop_scale=0.120
2026-04-17 09:19:30,779 - INFO - [junyi] [数据清洗] 学生交互次数 < 15 次的学生：共移除 2188 个学生（仅统计用户数）
2026-04-17 09:19:30,794 - INFO - [junyi] [数据清洗] 学生冷启动过滤：在 train/valid/test 中共删除 35779 条记录。
2026-04-17 09:19:30,794 - INFO - [junyi] [数据清洗] 跳过题目冷门过滤（min_exer_interactions <= 0）。
2026-04-17 09:19:30,794 - INFO - [junyi] [数据清洗] 跳过毒题清洗（min_poison_count <= 0）。
2026-04-17 09:19:30,794 - INFO - [junyi] 正在构建ID映射...
2026-04-17 09:19:30,977 - INFO - [junyi] 正在构建Q矩阵...
2026-04-17 09:19:37,395 - INFO - [junyi] [数据清洗] Valid train-seen 过滤：before=22111, after=22111, dropped=0, coverage=100.00%
2026-04-17 09:19:37,401 - INFO - [junyi] [数据清洗] Test train-seen 过滤：before=60499, after=60494, dropped=5, coverage=99.99%
2026-04-17 09:19:37,408 - INFO - [junyi] [统计] 开始统计清洗后每道题的概念数量分布...
2026-04-17 09:19:37,411 - INFO - [junyi] [Train] 概念数统计：题目数=697, 平均概念数=1.0000, min=1, max=1, 1概念=697 (100.00%), ≥2概念=0 (0.00%)
2026-04-17 09:19:37,411 - INFO - [junyi] [Train] 概念数直方图（概念数: 题目数量）: {1: 697}
2026-04-17 09:19:37,411 - INFO - [junyi] [Valid] 概念数统计：题目数=614, 平均概念数=1.0000, min=1, max=1, 1概念=614 (100.00%), ≥2概念=0 (0.00%)
2026-04-17 09:19:37,412 - INFO - [junyi] [Valid] 概念数直方图（概念数: 题目数量）: {1: 614}
2026-04-17 09:19:37,412 - INFO - [junyi] [Test] 概念数统计：题目数=663, 平均概念数=1.0000, min=1, max=1, 1概念=663 (100.00%), ≥2概念=0 (0.00%)
2026-04-17 09:19:37,412 - INFO - [junyi] [Test] 概念数直方图（概念数: 题目数量）: {1: 663}
2026-04-17 09:19:37,413 - INFO - [junyi] [统计] 概念数量统计完成。
2026-04-17 09:19:37,413 - INFO - [junyi] 正在加载数据集...
2026-04-17 09:19:37,552 - INFO - [junyi|junyi_abce_best_no_A|lr=0.003|drop=0.40] Train samples: 235446, Val samples: 22111
2026-04-17 09:19:37,553 - INFO - [junyi|junyi_abce_best_no_A|lr=0.003|drop=0.40] Number of students: 7812
2026-04-17 09:19:37,553 - INFO - [junyi|junyi_abce_best_no_A|lr=0.003|drop=0.40] Number of exercises: 697
2026-04-17 09:19:37,553 - INFO - [junyi|junyi_abce_best_no_A|lr=0.003|drop=0.40] Number of concepts: 697
2026-04-17 09:19:37,553 - INFO - [junyi|junyi_abce_best_no_A|lr=0.003|drop=0.40] Creating model...
2026-04-17 09:19:37,553 - INFO - [junyi|junyi_abce_best_no_A|lr=0.003|drop=0.40] Ablation switches: ablate_module1=False | enable_module1=True | use_concept_graph=False | effective(num_gnn_layers=2)
2026-04-17 09:19:37,885 - INFO - [junyi|junyi_abce_best_no_A|lr=0.003|drop=0.40] Ablation runtime check: args(ablate_module1=False) | expect(use_concept_graph=False,use_personal_graph=True) | model(enable_module1=True,use_concept_graph=False,use_personal_graph=True) | physical(has_knowledge_encoder=True,has_relation_learning=False,has_adaptive_gate=True,has_personal_generator=True)
2026-04-17 09:19:37,885 - INFO - [junyi|junyi_abce_best_no_A|lr=0.003|drop=0.40] Debug diagnostics enabled: diag_batches=1
2026-04-17 09:19:37,885 - INFO - [junyi|junyi_abce_best_no_A|lr=0.003|drop=0.40] [Graph Init] graph_tau_mean=0.0000, graph_tau_std=0.0000, graph_dropout=0.000, use_personal_graph=True
2026-04-17 09:19:37,886 - INFO - [junyi|junyi_abce_best_no_A|lr=0.003|drop=0.40] Total parameters: 8,130,953
2026-04-17 09:19:37,886 - INFO - [junyi|junyi_abce_best_no_A|lr=0.003|drop=0.40] Trainable parameters: 8,130,953
2026-04-17 09:19:39,062 - INFO - [junyi|junyi_abce_best_no_A|lr=0.003|drop=0.40] Optimizer param groups: backbone@lr=0.003, personal_state@lr=0.0045, personal_id@lr=0.00075
2026-04-17 09:19:39,062 - INFO - [junyi|junyi_abce_best_no_A|lr=0.003|drop=0.40] Monitor config: scheduler=val_auc(max), best_checkpoint=val_auc(max), early_stop=val_auc(max)
2026-04-17 09:19:39,062 - INFO - [junyi|junyi_abce_best_no_A|lr=0.003|drop=0.40] Starting training...
[GPU] Status: [GPU 2: 24088MiB free]
2026-04-17 09:19:40,183 - ERROR - Run failed with exception: nonfinite_alpha at train epoch=1 batch=1
2026-04-17 09:19:40,184 - ERROR - Traceback (most recent call last):
  File "/home/zsh/ConceptSkillCDM/main.py", line 452, in main
    best_val_auc, best_epoch = train_one_experiment(args, logger)
  File "/home/zsh/ConceptSkillCDM/src/trainer.py", line 1620, in train_one_experiment
    train_metrics = train_epoch(
  File "/home/zsh/ConceptSkillCDM/src/trainer.py", line 1212, in train_epoch
    _raise_if_nonfinite(
  File "/home/zsh/ConceptSkillCDM/src/trainer.py", line 304, in _raise_if_nonfinite
    raise NonFiniteTrainingError(
src.trainer.NonFiniteTrainingError: nonfinite_alpha at train epoch=1 batch=1

2026-04-17 09:19:50,849 - INFO - Arguments:
2026-04-17 09:19:50,850 - INFO -   ablate_concept_graph: False
2026-04-17 09:19:50,850 - INFO -   ablate_module1: False
2026-04-17 09:19:50,850 - INFO -   allow_self_loop: True
2026-04-17 09:19:50,850 - INFO -   alpha_min_target: 0.0
2026-04-17 09:19:50,850 - INFO -   batch_size: 256
2026-04-17 09:19:50,850 - INFO -   data_dir: ./data/junyi
2026-04-17 09:19:50,850 - INFO -   dataset_name: junyi
2026-04-17 09:19:50,850 - INFO -   debug_graph_diag: True
2026-04-17 09:19:50,851 - INFO -   diag_batches: 1
2026-04-17 09:19:50,851 - INFO -   disable_self_loop: False
2026-04-17 09:19:50,851 - INFO -   dropout: 0.4
2026-04-17 09:19:50,851 - INFO -   early_stop_patience: 3
2026-04-17 09:19:50,851 - INFO -   enable_module1: True
2026-04-17 09:19:50,851 - INFO -   epochs: 100
2026-04-17 09:19:50,851 - INFO -   generate_diagnosis: True
2026-04-17 09:19:50,851 - INFO -   gnn_residual_weight: 0.5
2026-04-17 09:19:50,851 - INFO -   gpu_candidates: None
2026-04-17 09:19:50,851 - INFO -   gpu_ids: None
2026-04-17 09:19:50,851 - INFO -   gpu_memory_threshold: 2000
2026-04-17 09:19:50,851 - INFO -   gpus: None
2026-04-17 09:19:50,851 - INFO -   graph_dropout: 0.0
2026-04-17 09:19:50,851 - INFO -   graph_entropy_max: 0.7
2026-04-17 09:19:50,851 - INFO -   graph_entropy_min: 0.15
2026-04-17 09:19:50,851 - INFO -   graph_identity_residual: 0.05
2026-04-17 09:19:50,851 - INFO -   graph_propagation_alpha: 0.25
2026-04-17 09:19:50,851 - INFO -   graph_query_readout_2hop_scale: 0.12
2026-04-17 09:19:50,851 - INFO -   graph_query_readout_scale: 0.45
2026-04-17 09:19:50,851 - INFO -   graph_query_writeback_2hop_scale: 0.12
2026-04-17 09:19:50,851 - INFO -   graph_query_writeback_scale: 0.45
2026-04-17 09:19:50,851 - INFO -   graph_readout_1hop_scale: 0.45
2026-04-17 09:19:50,851 - INFO -   graph_readout_2hop_scale: 0.12
2026-04-17 09:19:50,851 - INFO -   graph_reg_cap_ratio: 6.0
2026-04-17 09:19:50,851 - INFO -   graph_reg_warmup_epochs: 2
2026-04-17 09:19:50,851 - INFO -   graph_tau_init: 0.55
2026-04-17 09:19:50,851 - INFO -   graph_topk: 24
2026-04-17 09:19:50,851 - INFO -   graph_uniform_margin: 0.12
2026-04-17 09:19:50,851 - INFO -   knowledge_dim: 128
2026-04-17 09:19:50,852 - INFO -   lambda_alpha: 0.0
2026-04-17 09:19:50,852 - INFO -   lambda_alpha_min: 0.0
2026-04-17 09:19:50,852 - INFO -   lambda_graph_diag: 0.12
2026-04-17 09:19:50,852 - INFO -   lambda_graph_uniform: 0.06
2026-04-17 09:19:50,852 - INFO -   lambda_personal_kl: 0.03
2026-04-17 09:19:50,852 - INFO -   lambda_personal_query_residual: 0.08
2026-04-17 09:19:50,852 - INFO -   lambda_sparse: 0.6
2026-04-17 09:19:50,852 - INFO -   lambda_sparse_personal: 0.0
2026-04-17 09:19:50,852 - INFO -   learning_rate: 0.003
2026-04-17 09:19:50,852 - INFO -   log_dir: logs/abce_diag/remote_trust_diag_20260417_709083f/junyi/seed42/best_no_E
2026-04-17 09:19:50,852 - INFO -   max_test_batches: None
2026-04-17 09:19:50,852 - INFO -   max_train_batches: None
2026-04-17 09:19:50,852 - INFO -   max_val_batches: None
2026-04-17 09:19:50,852 - INFO -   min_exer_interactions: 0
2026-04-17 09:19:50,852 - INFO -   min_poison_count: 0
2026-04-17 09:19:50,852 - INFO -   min_stu_interactions: 15
2026-04-17 09:19:50,852 - INFO -   model_variant: junyi_abce_best_no_E
2026-04-17 09:19:50,852 - INFO -   multi_gpu: False
2026-04-17 09:19:50,852 - INFO -   no_cuda: False
2026-04-17 09:19:50,852 - INFO -   num_gnn_layers: 2
2026-04-17 09:19:50,852 - INFO -   num_gpus: 1
2026-04-17 09:19:50,852 - INFO -   num_relation_heads: 2
2026-04-17 09:19:50,852 - INFO -   num_workers: 4
2026-04-17 09:19:50,852 - INFO -   patience: 1
2026-04-17 09:19:50,852 - INFO -   personal_alpha_base_init: 0.04
2026-04-17 09:19:50,852 - INFO -   personal_alpha_bias_scale: 0.0
2026-04-17 09:19:50,852 - INFO -   personal_alpha_budget: 0.09
2026-04-17 09:19:50,852 - INFO -   personal_alpha_temperature: 1.8
2026-04-17 09:19:50,852 - INFO -   personal_delta_scale: 4.0
2026-04-17 09:19:50,852 - INFO -   personal_disable_student_global_context: True
2026-04-17 09:19:50,853 - INFO -   personal_id_lr_mult: 0.25
2026-04-17 09:19:50,853 - INFO -   personal_include_neighbor_rows: False
2026-04-17 09:19:50,853 - INFO -   personal_local_hops: 1
2026-04-17 09:19:50,853 - INFO -   personal_max_alpha: 0.26
2026-04-17 09:19:50,853 - INFO -   personal_neighbor_row_budget: 0.2
2026-04-17 09:19:50,853 - INFO -   personal_query_correction_max_ratio: 0.2
2026-04-17 09:19:50,853 - INFO -   personal_query_correction_min_graph_anchor: 0.01
2026-04-17 09:19:50,853 - INFO -   personal_query_correction_scale: 0.05
2026-04-17 09:19:50,853 - INFO -   personal_query_residual_margin: 0.05
2026-04-17 09:19:50,853 - INFO -   personal_query_row_budget: 1.3
2026-04-17 09:19:50,853 - INFO -   personal_rank: 8
2026-04-17 09:19:50,853 - INFO -   personal_reg_warmup_epochs: 5
2026-04-17 09:19:50,853 - INFO -   personal_state_lr_mult: 1.5
2026-04-17 09:19:50,853 - INFO -   personal_student_dim: 64
2026-04-17 09:19:50,853 - INFO -   personal_support_only: True
2026-04-17 09:19:50,853 - INFO -   personal_warmup_epochs: 5
2026-04-17 09:19:50,853 - INFO -   prediction_l2_lambda: 1e-05
2026-04-17 09:19:50,853 - INFO -   save_dir: checkpoints/abce_diag/remote_trust_diag_20260417_709083f/junyi/seed42/best_no_E
2026-04-17 09:19:50,853 - INFO -   save_interval: 10
2026-04-17 09:19:50,853 - INFO -   seed: 42
2026-04-17 09:19:50,853 - INFO -   share_concept_embeddings: True
2026-04-17 09:19:50,853 - INFO -   use_concept_graph: True
2026-04-17 09:19:50,853 - INFO -   use_exercise_graph: True
2026-04-17 09:19:50,853 - INFO -   use_personal_graph: False
2026-04-17 09:19:50,853 - INFO -   weight_decay: 0.001
2026-04-17 09:19:50,936 - INFO - Using device: cuda:0 (physical gpu 2)
2026-04-17 09:19:50,936 - INFO - [junyi|junyi_abce_best_no_E|lr=0.003|drop=0.40] Loading datasets...
2026-04-17 09:19:50,936 - INFO - [junyi|junyi_abce_best_no_E|lr=0.003|drop=0.40] Regularization: graph_entropy(lambda_sparse)=0.600000, graph_diag=0.120000, graph_uniform=0.060000, personal_sparse=0.000000, personal_kl=0.030000, personal_query_residual=0.080000, alpha_penalty=0.000000, alpha_min=0.000000, prediction_l2=0.000010
2026-04-17 09:19:50,936 - INFO - [junyi|junyi_abce_best_no_E|lr=0.003|drop=0.40] Graph controls: entropy_band=[0.15, 0.70], uniform_margin=0.12, warmup_epochs=2, cap_ratio=6.00, graph_dropout=0.000, graph_tau_init=0.550
2026-04-17 09:19:50,936 - INFO - [junyi|junyi_abce_best_no_E|lr=0.003|drop=0.40] Personal controls: personal_max_alpha=0.260, personal_delta_scale=4.000, personal_warmup_epochs=5, personal_student_dim=64, alpha_min_target=0.0000, personal_local_hops=1, include_neighbor_rows=False, personal_support_only=True, personal_alpha_temperature=1.800, personal_alpha_budget=0.090, personal_query_row_budget=1.300, personal_neighbor_row_budget=0.200, personal_query_correction_scale=0.050, personal_state_lr_mult=1.500, personal_id_lr_mult=0.250, graph_propagation_alpha=0.250, graph_query_readout_scale=0.450, graph_query_readout_2hop_scale=0.120
2026-04-17 09:19:51,044 - INFO - [junyi] [数据清洗] 学生交互次数 < 15 次的学生：共移除 2188 个学生（仅统计用户数）
2026-04-17 09:19:51,063 - INFO - [junyi] [数据清洗] 学生冷启动过滤：在 train/valid/test 中共删除 35779 条记录。
2026-04-17 09:19:51,063 - INFO - [junyi] [数据清洗] 跳过题目冷门过滤（min_exer_interactions <= 0）。
2026-04-17 09:19:51,063 - INFO - [junyi] [数据清洗] 跳过毒题清洗（min_poison_count <= 0）。
2026-04-17 09:19:51,064 - INFO - [junyi] 正在构建ID映射...
2026-04-17 09:19:51,354 - INFO - [junyi] 正在构建Q矩阵...
2026-04-17 09:19:57,225 - INFO - [junyi] [数据清洗] Valid train-seen 过滤：before=22111, after=22111, dropped=0, coverage=100.00%
2026-04-17 09:19:57,233 - INFO - [junyi] [数据清洗] Test train-seen 过滤：before=60499, after=60494, dropped=5, coverage=99.99%
2026-04-17 09:19:57,238 - INFO - [junyi] [统计] 开始统计清洗后每道题的概念数量分布...
2026-04-17 09:19:57,240 - INFO - [junyi] [Train] 概念数统计：题目数=697, 平均概念数=1.0000, min=1, max=1, 1概念=697 (100.00%), ≥2概念=0 (0.00%)
2026-04-17 09:19:57,241 - INFO - [junyi] [Train] 概念数直方图（概念数: 题目数量）: {1: 697}
2026-04-17 09:19:57,241 - INFO - [junyi] [Valid] 概念数统计：题目数=614, 平均概念数=1.0000, min=1, max=1, 1概念=614 (100.00%), ≥2概念=0 (0.00%)
2026-04-17 09:19:57,241 - INFO - [junyi] [Valid] 概念数直方图（概念数: 题目数量）: {1: 614}
2026-04-17 09:19:57,242 - INFO - [junyi] [Test] 概念数统计：题目数=663, 平均概念数=1.0000, min=1, max=1, 1概念=663 (100.00%), ≥2概念=0 (0.00%)
2026-04-17 09:19:57,242 - INFO - [junyi] [Test] 概念数直方图（概念数: 题目数量）: {1: 663}
2026-04-17 09:19:57,242 - INFO - [junyi] [统计] 概念数量统计完成。
2026-04-17 09:19:57,242 - INFO - [junyi] 正在加载数据集...
2026-04-17 09:19:57,346 - INFO - [junyi|junyi_abce_best_no_E|lr=0.003|drop=0.40] Train samples: 235446, Val samples: 22111
2026-04-17 09:19:57,346 - INFO - [junyi|junyi_abce_best_no_E|lr=0.003|drop=0.40] Number of students: 7812
2026-04-17 09:19:57,346 - INFO - [junyi|junyi_abce_best_no_E|lr=0.003|drop=0.40] Number of exercises: 697
2026-04-17 09:19:57,346 - INFO - [junyi|junyi_abce_best_no_E|lr=0.003|drop=0.40] Number of concepts: 697
2026-04-17 09:19:57,346 - INFO - [junyi|junyi_abce_best_no_E|lr=0.003|drop=0.40] Creating model...
2026-04-17 09:19:57,346 - INFO - [junyi|junyi_abce_best_no_E|lr=0.003|drop=0.40] Ablation switches: ablate_module1=False | enable_module1=True | use_concept_graph=True | effective(num_gnn_layers=2)
2026-04-17 09:19:57,499 - INFO - [junyi|junyi_abce_best_no_E|lr=0.003|drop=0.40] Ablation runtime check: args(ablate_module1=False) | expect(use_concept_graph=True,use_personal_graph=False) | model(enable_module1=True,use_concept_graph=True,use_personal_graph=False) | physical(has_knowledge_encoder=True,has_relation_learning=True,has_adaptive_gate=False,has_personal_generator=False)
2026-04-17 09:19:57,499 - INFO - [junyi|junyi_abce_best_no_E|lr=0.003|drop=0.40] Debug diagnostics enabled: diag_batches=1
2026-04-17 09:19:57,520 - INFO - [junyi|junyi_abce_best_no_E|lr=0.003|drop=0.40] [Graph Init] graph_tau_mean=1.0055, graph_tau_std=0.0000, graph_dropout=0.000, use_personal_graph=False
2026-04-17 09:19:57,521 - INFO - [junyi|junyi_abce_best_no_E|lr=0.003|drop=0.40] Total parameters: 1,267,135
2026-04-17 09:19:57,521 - INFO - [junyi|junyi_abce_best_no_E|lr=0.003|drop=0.40] Trainable parameters: 1,267,135
2026-04-17 09:19:58,605 - INFO - [junyi|junyi_abce_best_no_E|lr=0.003|drop=0.40] Optimizer param groups: backbone@lr=0.003
2026-04-17 09:19:58,605 - INFO - [junyi|junyi_abce_best_no_E|lr=0.003|drop=0.40] Monitor config: scheduler=val_auc(max), best_checkpoint=val_auc(max), early_stop=val_auc(max)
2026-04-17 09:19:58,605 - INFO - [junyi|junyi_abce_best_no_E|lr=0.003|drop=0.40] Starting training...
[GPU] Status: [GPU 2: 24088MiB free]
2026-04-17 09:20:54,944 - INFO - [junyi|junyi_abce_best_full|lr=0.003|drop=0.40] Epoch [009/100] | Train: Loss=0.5314, BCE=0.5165, Reg=0.0149, AUC=0.7917, ACC=0.7483, RMSE=0.4142 | Val: Loss=0.5249, BCE=0.5099, Reg=0.0151, AUC=0.8028, ACC=0.7623, RMSE=0.4077
2026-04-17 09:20:54,944 - INFO - [junyi|junyi_abce_best_full|lr=0.003|drop=0.40] [Reg Terms] Epoch [009] | Train: graph_entropy=0.000000, graph_diag=0.006011, graph_uniform=0.006753, graph_reg_scale=1.0000, prediction_l2=0.000000, personal_sparse=0.001202, alpha_var=0.000000, alpha_collapse=0.000004, reg_bce_ratio=0.0289 | Val: graph_entropy=0.000000, graph_diag=0.006000, graph_uniform=0.006753, graph_reg_scale=1.0000, prediction_l2=0.000000, personal_sparse=0.001198, alpha_var=0.000000, alpha_collapse=0.000118, reg_bce_ratio=0.0295
2026-04-17 09:20:55,138 - INFO - [junyi|junyi_abce_best_full|lr=0.003|drop=0.40] [Diag][AE] Epoch [009] | irt_abs_mean=1.8844, irt_std=1.3743, personal_warmup_scale=1.00, graph_row_entropy=3.2177, graph_entropy_ratio=0.4915, alpha_mean=0.1307, alpha_std=0.0384, alpha_base_mean=0.1305, alpha_delta_absmean=0.0257, alpha_saturation_ratio=0.0000, alpha_bias_std=NA, alpha_state_path=0.5369, alpha_id_path=0.0000, alpha_bias_path=0.0000, head_bias_path=0.1749, personal_row_entropy=2.3879, personal_matrix_delta=0.0443, personal_matrix_student_std=0.0488, personal_delta_pre_softmax_norm=2.6949, personal_delta_student_std=2.6418, alpha_head_std=0.0370, query_row_global_readout_delta=0.0858, query_row_personal_message_delta=0.0003, query_row_posterior_delta_abs=0.0443, query_row_posterior_kl=0.0331, personal_to_graph_query_ratio=0.0032, query_row_global_support_mass=1.1161, query_row_personal_support_mass=1.1161, neighbor_row_personal_delta=0.0000, personal_row_budget_mean=1.3000, personal_query_row_std=0.3064, readout_query_support_mass=1.1161, personal_student_mix=0.0499, personal_student_adapter=0.0400, local_row_ratio=0.0678, support_density=1.0000, readout_query_delta=0.0857, personal_bad_rows_active=0.00, personal_fallback_rows_active=0.00, personal_bad_row_rate_active=0.0000, personal_padded_rows=0.00, personal_logits_support_absmax=6.8529, personal_query_trust_scale_mean=1.0000, personal_bad_rows_legacy=0.00, personal_fallback_rows_legacy=0.00, personal_logits_absmax_legacy=6.8529
2026-04-17 09:20:55,138 - INFO - [junyi|junyi_abce_best_full|lr=0.003|drop=0.40] [Diag][A] Epoch [009] | entropy_ratio=0.4915, diag_mass=0.0500, to_uniform_l2=0.007448, to_identity_l2=0.036726, relation_identity_delta=0.036726, knowledge_state_graph_delta=0.317867, knowledge_state_personal_delta=0.000000, share_concept_embeddings=True, tau_mean=0.6931, tau_std=0.0000, graph_reg_scale(train/val)=1.0000/1.0000
2026-04-17 09:20:55,138 - INFO - [junyi|junyi_abce_best_full|lr=0.003|drop=0.40] [Grad Norms] Epoch [009] | relation_emb=3.746011e-01, relation_tau=9.574873e-12, relation_wq=3.814740e-08, relation_wk=2.843533e-08, personal_u=4.535583e-03, personal_v=2.168947e-03, personal_alpha_bias=0.000000e+00, personal_gate_emb=4.742672e-11, personal_gate_state_proj=2.579047e-13, personal_gate_context_proj=2.389006e-11, personal_gate_state_direct=1.896117e-06, personal_gate_id_direct=5.511204e-11, personal_gate_context_direct=1.753964e-04, personal_gate_out=3.032374e-08, personal_generator_emb=1.025864e-14, personal_generator_context_proj=1.043530e-16, personal_generator_context_hidden=1.729425e-14, personal_generator_context_to_u=1.884357e-11, personal_generator_context_to_v=2.504503e-11, personal_generator_state_row=2.107307e-11, personal_generator_state_col=2.805511e-11, personal_generator_id_row=5.301029e-12, personal_generator_id_col=7.045310e-12, personal_generator_state_adapter=2.986440e-16, personal_generator_id_adapter=6.052286e-17, personal_generator_context_adapter=2.065715e-16, personal_generator_direct_scale=4.650969e-07
2026-04-17 09:20:55,139 - INFO - [junyi|junyi_abce_best_full|lr=0.003|drop=0.40] -> No improvement 1 epoch(s) (best AUC=0.8033 @ 8)
2026-04-17 09:20:58,848 - INFO - [junyi|junyi_abce_best_no_E|lr=0.003|drop=0.40] Epoch [001/100] | Train: Loss=0.5300, BCE=0.5225, Reg=0.0075, AUC=0.7858, ACC=0.7429, RMSE=0.4172 | Val: Loss=0.5087, BCE=0.5023, Reg=0.0064, AUC=0.8022, ACC=0.7620, RMSE=0.4066
2026-04-17 09:20:58,848 - INFO - [junyi|junyi_abce_best_no_E|lr=0.003|drop=0.40] [Reg Terms] Epoch [001] | Train: graph_entropy=0.000000, graph_diag=0.004139, graph_uniform=0.003371, graph_reg_scale=1.0000, prediction_l2=0.000000, personal_sparse=0.000000, alpha_var=0.000000, alpha_collapse=0.000000, reg_bce_ratio=0.0144 | Val: graph_entropy=0.000000, graph_diag=0.003000, graph_uniform=0.003377, graph_reg_scale=1.0000, prediction_l2=0.000000, personal_sparse=0.000000, alpha_var=0.000000, alpha_collapse=0.000000, reg_bce_ratio=0.0127
2026-04-17 09:20:59,042 - INFO - [junyi|junyi_abce_best_no_E|lr=0.003|drop=0.40] [Diag][AE] Epoch [001] | irt_abs_mean=1.6962, irt_std=1.0876, personal_warmup_scale=1.00, graph_row_entropy=3.2177, graph_entropy_ratio=0.4915, alpha_mean=0.0000, alpha_std=0.0000, alpha_base_mean=0.0000, alpha_delta_absmean=0.0000, alpha_saturation_ratio=0.0000, alpha_bias_std=NA, alpha_state_path=0.0000, alpha_id_path=0.0000, alpha_bias_path=0.0000, head_bias_path=0.0000, personal_row_entropy=0.0000, personal_matrix_delta=0.0000, personal_matrix_student_std=0.0000, personal_delta_pre_softmax_norm=0.0000, personal_delta_student_std=0.0000, alpha_head_std=0.0000, query_row_global_readout_delta=0.1288, query_row_personal_message_delta=0.0000, query_row_posterior_delta_abs=0.0000, query_row_posterior_kl=0.0000, personal_to_graph_query_ratio=0.0000, query_row_global_support_mass=1.5769, query_row_personal_support_mass=0.0000, neighbor_row_personal_delta=0.0000, personal_row_budget_mean=0.0000, personal_query_row_std=0.0000, readout_query_support_mass=1.5769, personal_student_mix=0.0000, personal_student_adapter=0.0000, local_row_ratio=0.0000, support_density=0.0000, readout_query_delta=0.1288, personal_bad_rows_active=0.00, personal_fallback_rows_active=0.00, personal_bad_row_rate_active=0.0000, personal_padded_rows=0.00, personal_logits_support_absmax=0.0000, personal_query_trust_scale_mean=1.0000, personal_bad_rows_legacy=0.00, personal_fallback_rows_legacy=0.00, personal_logits_absmax_legacy=0.0000
2026-04-17 09:20:59,042 - INFO - [junyi|junyi_abce_best_no_E|lr=0.003|drop=0.40] [Diag][A] Epoch [001] | entropy_ratio=0.4915, diag_mass=0.0500, to_uniform_l2=0.007448, to_identity_l2=0.036726, relation_identity_delta=0.036726, knowledge_state_graph_delta=0.380358, knowledge_state_personal_delta=0.000000, share_concept_embeddings=True, tau_mean=0.6931, tau_std=0.0000, graph_reg_scale(train/val)=1.0000/1.0000
2026-04-17 09:20:59,042 - INFO - [junyi|junyi_abce_best_no_E|lr=0.003|drop=0.40] [Grad Norms] Epoch [001] | relation_emb=2.110204e-01, relation_tau=0.000000e+00, relation_wq=2.230383e-22, relation_wk=0.000000e+00, personal_u=0.000000e+00, personal_v=0.000000e+00, personal_alpha_bias=0.000000e+00, personal_gate_emb=0.000000e+00, personal_gate_state_proj=0.000000e+00, personal_gate_context_proj=0.000000e+00, personal_gate_state_direct=0.000000e+00, personal_gate_id_direct=0.000000e+00, personal_gate_context_direct=0.000000e+00, personal_gate_out=0.000000e+00, personal_generator_emb=0.000000e+00, personal_generator_context_proj=0.000000e+00, personal_generator_context_hidden=0.000000e+00, personal_generator_context_to_u=0.000000e+00, personal_generator_context_to_v=0.000000e+00, personal_generator_state_row=0.000000e+00, personal_generator_state_col=0.000000e+00, personal_generator_id_row=0.000000e+00, personal_generator_id_col=0.000000e+00, personal_generator_state_adapter=0.000000e+00, personal_generator_id_adapter=0.000000e+00, personal_generator_context_adapter=0.000000e+00, personal_generator_direct_scale=0.000000e+00
2026-04-17 09:20:59,265 - INFO - [junyi|junyi_abce_best_no_E|lr=0.003|drop=0.40] -> New best AUC=0.8022 at epoch 1
2026-04-17 09:21:59,383 - INFO - [junyi|junyi_abce_best_no_E|lr=0.003|drop=0.40] Epoch [002/100] | Train: Loss=0.5214, BCE=0.5087, Reg=0.0128, AUC=0.7991, ACC=0.7524, RMSE=0.4106 | Val: Loss=0.5124, BCE=0.4997, Reg=0.0128, AUC=0.8078, ACC=0.7658, RMSE=0.4052
2026-04-17 09:21:59,383 - INFO - [junyi|junyi_abce_best_no_E|lr=0.003|drop=0.40] [Reg Terms] Epoch [002] | Train: graph_entropy=0.000000, graph_diag=0.006000, graph_uniform=0.006753, graph_reg_scale=1.0000, prediction_l2=0.000000, personal_sparse=0.000000, alpha_var=0.000000, alpha_collapse=0.000000, reg_bce_ratio=0.0251 | Val: graph_entropy=0.000000, graph_diag=0.006000, graph_uniform=0.006753, graph_reg_scale=1.0000, prediction_l2=0.000000, personal_sparse=0.000000, alpha_var=0.000000, alpha_collapse=0.000000, reg_bce_ratio=0.0255
2026-04-17 09:21:59,598 - INFO - [junyi|junyi_abce_best_no_E|lr=0.003|drop=0.40] [Diag][AE] Epoch [002] | irt_abs_mean=1.8161, irt_std=1.0034, personal_warmup_scale=1.00, graph_row_entropy=3.2177, graph_entropy_ratio=0.4915, alpha_mean=0.0000, alpha_std=0.0000, alpha_base_mean=0.0000, alpha_delta_absmean=0.0000, alpha_saturation_ratio=0.0000, alpha_bias_std=NA, alpha_state_path=0.0000, alpha_id_path=0.0000, alpha_bias_path=0.0000, head_bias_path=0.0000, personal_row_entropy=0.0000, personal_matrix_delta=0.0000, personal_matrix_student_std=0.0000, personal_delta_pre_softmax_norm=0.0000, personal_delta_student_std=0.0000, alpha_head_std=0.0000, query_row_global_readout_delta=0.1325, query_row_personal_message_delta=0.0000, query_row_posterior_delta_abs=0.0000, query_row_posterior_kl=0.0000, personal_to_graph_query_ratio=0.0000, query_row_global_support_mass=1.1826, query_row_personal_support_mass=0.0000, neighbor_row_personal_delta=0.0000, personal_row_budget_mean=0.0000, personal_query_row_std=0.0000, readout_query_support_mass=1.1826, personal_student_mix=0.0000, personal_student_adapter=0.0000, local_row_ratio=0.0000, support_density=0.0000, readout_query_delta=0.1325, personal_bad_rows_active=0.00, personal_fallback_rows_active=0.00, personal_bad_row_rate_active=0.0000, personal_padded_rows=0.00, personal_logits_support_absmax=0.0000, personal_query_trust_scale_mean=1.0000, personal_bad_rows_legacy=0.00, personal_fallback_rows_legacy=0.00, personal_logits_absmax_legacy=0.0000
2026-04-17 09:21:59,598 - INFO - [junyi|junyi_abce_best_no_E|lr=0.003|drop=0.40] [Diag][A] Epoch [002] | entropy_ratio=0.4915, diag_mass=0.0500, to_uniform_l2=0.007448, to_identity_l2=0.036726, relation_identity_delta=0.036726, knowledge_state_graph_delta=0.384343, knowledge_state_personal_delta=0.000000, share_concept_embeddings=True, tau_mean=0.6931, tau_std=0.0000, graph_reg_scale(train/val)=1.0000/1.0000
2026-04-17 09:21:59,598 - INFO - [junyi|junyi_abce_best_no_E|lr=0.003|drop=0.40] [Grad Norms] Epoch [002] | relation_emb=2.705920e-01, relation_tau=1.748120e-12, relation_wq=3.954310e-09, relation_wk=5.044388e-09, personal_u=0.000000e+00, personal_v=0.000000e+00, personal_alpha_bias=0.000000e+00, personal_gate_emb=0.000000e+00, personal_gate_state_proj=0.000000e+00, personal_gate_context_proj=0.000000e+00, personal_gate_state_direct=0.000000e+00, personal_gate_id_direct=0.000000e+00, personal_gate_context_direct=0.000000e+00, personal_gate_out=0.000000e+00, personal_generator_emb=0.000000e+00, personal_generator_context_proj=0.000000e+00, personal_generator_context_hidden=0.000000e+00, personal_generator_context_to_u=0.000000e+00, personal_generator_context_to_v=0.000000e+00, personal_generator_state_row=0.000000e+00, personal_generator_state_col=0.000000e+00, personal_generator_id_row=0.000000e+00, personal_generator_id_col=0.000000e+00, personal_generator_state_adapter=0.000000e+00, personal_generator_id_adapter=0.000000e+00, personal_generator_context_adapter=0.000000e+00, personal_generator_direct_scale=0.000000e+00
2026-04-17 09:21:59,799 - INFO - [junyi|junyi_abce_best_no_E|lr=0.003|drop=0.40] -> New best AUC=0.8078 at epoch 2
2026-04-17 09:22:59,887 - INFO - [junyi|junyi_abce_best_no_E|lr=0.003|drop=0.40] Epoch [003/100] | Train: Loss=0.5180, BCE=0.5053, Reg=0.0128, AUC=0.8020, ACC=0.7557, RMSE=0.4089 | Val: Loss=0.5122, BCE=0.4994, Reg=0.0128, AUC=0.8072, ACC=0.7648, RMSE=0.4054
2026-04-17 09:22:59,888 - INFO - [junyi|junyi_abce_best_no_E|lr=0.003|drop=0.40] [Reg Terms] Epoch [003] | Train: graph_entropy=0.000000, graph_diag=0.006000, graph_uniform=0.006753, graph_reg_scale=1.0000, prediction_l2=0.000000, personal_sparse=0.000000, alpha_var=0.000000, alpha_collapse=0.000000, reg_bce_ratio=0.0252 | Val: graph_entropy=0.000000, graph_diag=0.006000, graph_uniform=0.006753, graph_reg_scale=1.0000, prediction_l2=0.000000, personal_sparse=0.000000, alpha_var=0.000000, alpha_collapse=0.000000, reg_bce_ratio=0.0255
2026-04-17 09:23:00,116 - INFO - [junyi|junyi_abce_best_no_E|lr=0.003|drop=0.40] [Diag][AE] Epoch [003] | irt_abs_mean=1.8779, irt_std=0.9993, personal_warmup_scale=1.00, graph_row_entropy=3.2177, graph_entropy_ratio=0.4915, alpha_mean=0.0000, alpha_std=0.0000, alpha_base_mean=0.0000, alpha_delta_absmean=0.0000, alpha_saturation_ratio=0.0000, alpha_bias_std=NA, alpha_state_path=0.0000, alpha_id_path=0.0000, alpha_bias_path=0.0000, head_bias_path=0.0000, personal_row_entropy=0.0000, personal_matrix_delta=0.0000, personal_matrix_student_std=0.0000, personal_delta_pre_softmax_norm=0.0000, personal_delta_student_std=0.0000, alpha_head_std=0.0000, query_row_global_readout_delta=0.1182, query_row_personal_message_delta=0.0000, query_row_posterior_delta_abs=0.0000, query_row_posterior_kl=0.0000, personal_to_graph_query_ratio=0.0000, query_row_global_support_mass=0.9974, query_row_personal_support_mass=0.0000, neighbor_row_personal_delta=0.0000, personal_row_budget_mean=0.0000, personal_query_row_std=0.0000, readout_query_support_mass=0.9974, personal_student_mix=0.0000, personal_student_adapter=0.0000, local_row_ratio=0.0000, support_density=0.0000, readout_query_delta=0.1182, personal_bad_rows_active=0.00, personal_fallback_rows_active=0.00, personal_bad_row_rate_active=0.0000, personal_padded_rows=0.00, personal_logits_support_absmax=0.0000, personal_query_trust_scale_mean=1.0000, personal_bad_rows_legacy=0.00, personal_fallback_rows_legacy=0.00, personal_logits_absmax_legacy=0.0000
2026-04-17 09:23:00,117 - INFO - [junyi|junyi_abce_best_no_E|lr=0.003|drop=0.40] [Diag][A] Epoch [003] | entropy_ratio=0.4915, diag_mass=0.0500, to_uniform_l2=0.007448, to_identity_l2=0.036726, relation_identity_delta=0.036726, knowledge_state_graph_delta=0.344271, knowledge_state_personal_delta=0.000000, share_concept_embeddings=True, tau_mean=0.6931, tau_std=0.0000, graph_reg_scale(train/val)=1.0000/1.0000
2026-04-17 09:23:00,117 - INFO - [junyi|junyi_abce_best_no_E|lr=0.003|drop=0.40] [Grad Norms] Epoch [003] | relation_emb=2.426655e-01, relation_tau=5.665279e-12, relation_wq=4.546733e-09, relation_wk=3.706567e-09, personal_u=0.000000e+00, personal_v=0.000000e+00, personal_alpha_bias=0.000000e+00, personal_gate_emb=0.000000e+00, personal_gate_state_proj=0.000000e+00, personal_gate_context_proj=0.000000e+00, personal_gate_state_direct=0.000000e+00, personal_gate_id_direct=0.000000e+00, personal_gate_context_direct=0.000000e+00, personal_gate_out=0.000000e+00, personal_generator_emb=0.000000e+00, personal_generator_context_proj=0.000000e+00, personal_generator_context_hidden=0.000000e+00, personal_generator_context_to_u=0.000000e+00, personal_generator_context_to_v=0.000000e+00, personal_generator_state_row=0.000000e+00, personal_generator_state_col=0.000000e+00, personal_generator_id_row=0.000000e+00, personal_generator_id_col=0.000000e+00, personal_generator_state_adapter=0.000000e+00, personal_generator_id_adapter=0.000000e+00, personal_generator_context_adapter=0.000000e+00, personal_generator_direct_scale=0.000000e+00
2026-04-17 09:23:00,117 - INFO - [junyi|junyi_abce_best_no_E|lr=0.003|drop=0.40] -> No improvement 1 epoch(s) (best AUC=0.8078 @ 2)
2026-04-17 09:23:30,567 - INFO - [junyi|junyi_abce_best_full|lr=0.003|drop=0.40] Epoch [010/100] | Train: Loss=0.5308, BCE=0.5159, Reg=0.0149, AUC=0.7923, ACC=0.7478, RMSE=0.4140 | Val: Loss=0.5150, BCE=0.4999, Reg=0.0151, AUC=0.8031, ACC=0.7631, RMSE=0.4059
2026-04-17 09:23:30,567 - INFO - [junyi|junyi_abce_best_full|lr=0.003|drop=0.40] [Reg Terms] Epoch [010] | Train: graph_entropy=0.000000, graph_diag=0.006010, graph_uniform=0.006753, graph_reg_scale=1.0000, prediction_l2=0.000000, personal_sparse=0.001200, alpha_var=0.000000, alpha_collapse=0.000005, reg_bce_ratio=0.0290 | Val: graph_entropy=0.000000, graph_diag=0.006000, graph_uniform=0.006753, graph_reg_scale=1.0000, prediction_l2=0.000000, personal_sparse=0.001064, alpha_var=0.000000, alpha_collapse=0.000040, reg_bce_ratio=0.0303
2026-04-17 09:23:30,792 - INFO - [junyi|junyi_abce_best_full|lr=0.003|drop=0.40] [Diag][AE] Epoch [010] | irt_abs_mean=1.4620, irt_std=0.7816, personal_warmup_scale=1.00, graph_row_entropy=3.2177, graph_entropy_ratio=0.4915, alpha_mean=0.1317, alpha_std=0.0362, alpha_base_mean=0.1305, alpha_delta_absmean=0.0239, alpha_saturation_ratio=0.0000, alpha_bias_std=NA, alpha_state_path=0.4970, alpha_id_path=0.0000, alpha_bias_path=0.0000, head_bias_path=0.1688, personal_row_entropy=2.1161, personal_matrix_delta=0.0508, personal_matrix_student_std=0.0552, personal_delta_pre_softmax_norm=2.4270, personal_delta_student_std=2.2867, alpha_head_std=0.0349, query_row_global_readout_delta=0.1383, query_row_personal_message_delta=0.0010, query_row_posterior_delta_abs=0.0508, query_row_posterior_kl=0.0426, personal_to_graph_query_ratio=0.0073, query_row_global_support_mass=2.2358, query_row_personal_support_mass=2.2358, neighbor_row_personal_delta=0.0000, personal_row_budget_mean=1.3000, personal_query_row_std=0.4174, readout_query_support_mass=2.2358, personal_student_mix=0.0502, personal_student_adapter=0.0400, local_row_ratio=0.0596, support_density=1.0000, readout_query_delta=0.1374, personal_bad_rows_active=0.00, personal_fallback_rows_active=0.00, personal_bad_row_rate_active=0.0000, personal_padded_rows=0.00, personal_logits_support_absmax=6.8159, personal_query_trust_scale_mean=1.0000, personal_bad_rows_legacy=0.00, personal_fallback_rows_legacy=0.00, personal_logits_absmax_legacy=6.8159
2026-04-17 09:23:30,792 - INFO - [junyi|junyi_abce_best_full|lr=0.003|drop=0.40] [Diag][A] Epoch [010] | entropy_ratio=0.4915, diag_mass=0.0500, to_uniform_l2=0.007448, to_identity_l2=0.036726, relation_identity_delta=0.036726, knowledge_state_graph_delta=0.320646, knowledge_state_personal_delta=0.000000, share_concept_embeddings=True, tau_mean=0.6931, tau_std=0.0000, graph_reg_scale(train/val)=1.0000/1.0000
2026-04-17 09:23:30,792 - WARNING - [junyi|junyi_abce_best_full|lr=0.003|drop=0.40] [Diag Warning][AE] query-readout-overamplified: readout_query_delta=0.137438, query_row_graph_delta=0.138265, personal_matrix_delta=0.050766
2026-04-17 09:23:30,792 - INFO - [junyi|junyi_abce_best_full|lr=0.003|drop=0.40] [Grad Norms] Epoch [010] | relation_emb=3.522202e-01, relation_tau=1.329954e-12, relation_wq=3.371889e-08, relation_wk=2.275718e-08, personal_u=2.166270e-03, personal_v=1.611242e-03, personal_alpha_bias=0.000000e+00, personal_gate_emb=6.827523e-11, personal_gate_state_proj=5.595637e-15, personal_gate_context_proj=1.161121e-11, personal_gate_state_direct=1.024956e-07, personal_gate_id_direct=5.885781e-11, personal_gate_context_direct=1.734494e-04, personal_gate_out=3.800405e-08, personal_generator_emb=2.272189e-14, personal_generator_context_proj=7.908113e-17, personal_generator_context_hidden=1.370925e-14, personal_generator_context_to_u=2.025303e-11, personal_generator_context_to_v=2.914229e-11, personal_generator_state_row=1.541968e-11, personal_generator_state_col=2.227533e-11, personal_generator_id_row=3.826611e-12, personal_generator_id_col=5.506203e-12, personal_generator_state_adapter=1.518011e-15, personal_generator_id_adapter=5.170786e-17, personal_generator_context_adapter=1.311347e-15, personal_generator_direct_scale=1.331895e-05
2026-04-17 09:23:30,792 - INFO - [junyi|junyi_abce_best_full|lr=0.003|drop=0.40] -> No improvement 2 epoch(s) (best AUC=0.8033 @ 8)
2026-04-17 09:23:30,930 - INFO - [junyi|junyi_abce_best_full|lr=0.003|drop=0.40] Checkpoint saved: checkpoints/abce_diag/remote_trust_diag_20260417_709083f/junyi/seed42/best_full/checkpoint_epoch_10.pth
2026-04-17 09:23:31,222 - INFO - [junyi|junyi_abce_best_full|lr=0.003|drop=0.40] [Module Activity] Epoch 10: Graph[LIVE] Personal[X]
2026-04-17 09:24:00,321 - INFO - [junyi|junyi_abce_best_no_E|lr=0.003|drop=0.40] Epoch [004/100] | Train: Loss=0.5158, BCE=0.5031, Reg=0.0128, AUC=0.8041, ACC=0.7571, RMSE=0.4078 | Val: Loss=0.5073, BCE=0.4945, Reg=0.0128, AUC=0.8109, ACC=0.7687, RMSE=0.4026
2026-04-17 09:24:00,322 - INFO - [junyi|junyi_abce_best_no_E|lr=0.003|drop=0.40] [Reg Terms] Epoch [004] | Train: graph_entropy=0.000000, graph_diag=0.006000, graph_uniform=0.006753, graph_reg_scale=1.0000, prediction_l2=0.000000, personal_sparse=0.000000, alpha_var=0.000000, alpha_collapse=0.000000, reg_bce_ratio=0.0254 | Val: graph_entropy=0.000000, graph_diag=0.006000, graph_uniform=0.006753, graph_reg_scale=1.0000, prediction_l2=0.000000, personal_sparse=0.000000, alpha_var=0.000000, alpha_collapse=0.000000, reg_bce_ratio=0.0258
2026-04-17 09:24:00,539 - INFO - [junyi|junyi_abce_best_no_E|lr=0.003|drop=0.40] [Diag][AE] Epoch [004] | irt_abs_mean=1.8622, irt_std=1.1081, personal_warmup_scale=1.00, graph_row_entropy=3.2177, graph_entropy_ratio=0.4915, alpha_mean=0.0000, alpha_std=0.0000, alpha_base_mean=0.0000, alpha_delta_absmean=0.0000, alpha_saturation_ratio=0.0000, alpha_bias_std=NA, alpha_state_path=0.0000, alpha_id_path=0.0000, alpha_bias_path=0.0000, head_bias_path=0.0000, personal_row_entropy=0.0000, personal_matrix_delta=0.0000, personal_matrix_student_std=0.0000, personal_delta_pre_softmax_norm=0.0000, personal_delta_student_std=0.0000, alpha_head_std=0.0000, query_row_global_readout_delta=0.1163, query_row_personal_message_delta=0.0000, query_row_posterior_delta_abs=0.0000, query_row_posterior_kl=0.0000, personal_to_graph_query_ratio=0.0000, query_row_global_support_mass=0.8895, query_row_personal_support_mass=0.0000, neighbor_row_personal_delta=0.0000, personal_row_budget_mean=0.0000, personal_query_row_std=0.0000, readout_query_support_mass=0.8895, personal_student_mix=0.0000, personal_student_adapter=0.0000, local_row_ratio=0.0000, support_density=0.0000, readout_query_delta=0.1163, personal_bad_rows_active=0.00, personal_fallback_rows_active=0.00, personal_bad_row_rate_active=0.0000, personal_padded_rows=0.00, personal_logits_support_absmax=0.0000, personal_query_trust_scale_mean=1.0000, personal_bad_rows_legacy=0.00, personal_fallback_rows_legacy=0.00, personal_logits_absmax_legacy=0.0000
2026-04-17 09:24:00,539 - INFO - [junyi|junyi_abce_best_no_E|lr=0.003|drop=0.40] [Diag][A] Epoch [004] | entropy_ratio=0.4915, diag_mass=0.0500, to_uniform_l2=0.007448, to_identity_l2=0.036726, relation_identity_delta=0.036726, knowledge_state_graph_delta=0.318700, knowledge_state_personal_delta=0.000000, share_concept_embeddings=True, tau_mean=0.6931, tau_std=0.0000, graph_reg_scale(train/val)=1.0000/1.0000
2026-04-17 09:24:00,539 - INFO - [junyi|junyi_abce_best_no_E|lr=0.003|drop=0.40] [Grad Norms] Epoch [004] | relation_emb=2.372158e-01, relation_tau=3.991845e-12, relation_wq=6.170917e-09, relation_wk=8.128481e-09, personal_u=0.000000e+00, personal_v=0.000000e+00, personal_alpha_bias=0.000000e+00, personal_gate_emb=0.000000e+00, personal_gate_state_proj=0.000000e+00, personal_gate_context_proj=0.000000e+00, personal_gate_state_direct=0.000000e+00, personal_gate_id_direct=0.000000e+00, personal_gate_context_direct=0.000000e+00, personal_gate_out=0.000000e+00, personal_generator_emb=0.000000e+00, personal_generator_context_proj=0.000000e+00, personal_generator_context_hidden=0.000000e+00, personal_generator_context_to_u=0.000000e+00, personal_generator_context_to_v=0.000000e+00, personal_generator_state_row=0.000000e+00, personal_generator_state_col=0.000000e+00, personal_generator_id_row=0.000000e+00, personal_generator_id_col=0.000000e+00, personal_generator_state_adapter=0.000000e+00, personal_generator_id_adapter=0.000000e+00, personal_generator_context_adapter=0.000000e+00, personal_generator_direct_scale=0.000000e+00
2026-04-17 09:24:00,751 - INFO - [junyi|junyi_abce_best_no_E|lr=0.003|drop=0.40] -> New best AUC=0.8109 at epoch 4
2026-04-17 09:25:00,877 - INFO - [junyi|junyi_abce_best_no_E|lr=0.003|drop=0.40] Epoch [005/100] | Train: Loss=0.5133, BCE=0.5005, Reg=0.0128, AUC=0.8066, ACC=0.7586, RMSE=0.4066 | Val: Loss=0.5059, BCE=0.4931, Reg=0.0128, AUC=0.8107, ACC=0.7644, RMSE=0.4031
2026-04-17 09:25:00,878 - INFO - [junyi|junyi_abce_best_no_E|lr=0.003|drop=0.40] [Reg Terms] Epoch [005] | Train: graph_entropy=0.000000, graph_diag=0.006003, graph_uniform=0.006753, graph_reg_scale=1.0000, prediction_l2=0.000000, personal_sparse=0.000000, alpha_var=0.000000, alpha_collapse=0.000000, reg_bce_ratio=0.0255 | Val: graph_entropy=0.000000, graph_diag=0.006000, graph_uniform=0.006753, graph_reg_scale=1.0000, prediction_l2=0.000000, personal_sparse=0.000000, alpha_var=0.000000, alpha_collapse=0.000000, reg_bce_ratio=0.0259
2026-04-17 09:25:01,086 - INFO - [junyi|junyi_abce_best_no_E|lr=0.003|drop=0.40] [Diag][AE] Epoch [005] | irt_abs_mean=1.6702, irt_std=1.0074, personal_warmup_scale=1.00, graph_row_entropy=3.2177, graph_entropy_ratio=0.4915, alpha_mean=0.0000, alpha_std=0.0000, alpha_base_mean=0.0000, alpha_delta_absmean=0.0000, alpha_saturation_ratio=0.0000, alpha_bias_std=NA, alpha_state_path=0.0000, alpha_id_path=0.0000, alpha_bias_path=0.0000, head_bias_path=0.0000, personal_row_entropy=0.0000, personal_matrix_delta=0.0000, personal_matrix_student_std=0.0000, personal_delta_pre_softmax_norm=0.0000, personal_delta_student_std=0.0000, alpha_head_std=0.0000, query_row_global_readout_delta=0.1207, query_row_personal_message_delta=0.0000, query_row_posterior_delta_abs=0.0000, query_row_posterior_kl=0.0000, personal_to_graph_query_ratio=0.0000, query_row_global_support_mass=0.8612, query_row_personal_support_mass=0.0000, neighbor_row_personal_delta=0.0000, personal_row_budget_mean=0.0000, personal_query_row_std=0.0000, readout_query_support_mass=0.8612, personal_student_mix=0.0000, personal_student_adapter=0.0000, local_row_ratio=0.0000, support_density=0.0000, readout_query_delta=0.1207, personal_bad_rows_active=0.00, personal_fallback_rows_active=0.00, personal_bad_row_rate_active=0.0000, personal_padded_rows=0.00, personal_logits_support_absmax=0.0000, personal_query_trust_scale_mean=1.0000, personal_bad_rows_legacy=0.00, personal_fallback_rows_legacy=0.00, personal_logits_absmax_legacy=0.0000
2026-04-17 09:25:01,086 - INFO - [junyi|junyi_abce_best_no_E|lr=0.003|drop=0.40] [Diag][A] Epoch [005] | entropy_ratio=0.4915, diag_mass=0.0500, to_uniform_l2=0.007448, to_identity_l2=0.036726, relation_identity_delta=0.036726, knowledge_state_graph_delta=0.324717, knowledge_state_personal_delta=0.000000, share_concept_embeddings=True, tau_mean=0.6931, tau_std=0.0000, graph_reg_scale(train/val)=1.0000/1.0000
2026-04-17 09:25:01,086 - INFO - [junyi|junyi_abce_best_no_E|lr=0.003|drop=0.40] [Grad Norms] Epoch [005] | relation_emb=2.209431e-01, relation_tau=9.440817e-12, relation_wq=6.259776e-09, relation_wk=6.243621e-09, personal_u=0.000000e+00, personal_v=0.000000e+00, personal_alpha_bias=0.000000e+00, personal_gate_emb=0.000000e+00, personal_gate_state_proj=0.000000e+00, personal_gate_context_proj=0.000000e+00, personal_gate_state_direct=0.000000e+00, personal_gate_id_direct=0.000000e+00, personal_gate_context_direct=0.000000e+00, personal_gate_out=0.000000e+00, personal_generator_emb=0.000000e+00, personal_generator_context_proj=0.000000e+00, personal_generator_context_hidden=0.000000e+00, personal_generator_context_to_u=0.000000e+00, personal_generator_context_to_v=0.000000e+00, personal_generator_state_row=0.000000e+00, personal_generator_state_col=0.000000e+00, personal_generator_id_row=0.000000e+00, personal_generator_id_col=0.000000e+00, personal_generator_state_adapter=0.000000e+00, personal_generator_id_adapter=0.000000e+00, personal_generator_context_adapter=0.000000e+00, personal_generator_direct_scale=0.000000e+00
2026-04-17 09:25:01,086 - INFO - [junyi|junyi_abce_best_no_E|lr=0.003|drop=0.40] -> No improvement 1 epoch(s) (best AUC=0.8109 @ 4)
2026-04-17 09:26:01,223 - INFO - [junyi|junyi_abce_best_no_E|lr=0.003|drop=0.40] Epoch [006/100] | Train: Loss=0.5127, BCE=0.4999, Reg=0.0128, AUC=0.8071, ACC=0.7593, RMSE=0.4062 | Val: Loss=0.5035, BCE=0.4907, Reg=0.0128, AUC=0.8113, ACC=0.7679, RMSE=0.4016
2026-04-17 09:26:01,223 - INFO - [junyi|junyi_abce_best_no_E|lr=0.003|drop=0.40] [Reg Terms] Epoch [006] | Train: graph_entropy=0.000000, graph_diag=0.006011, graph_uniform=0.006753, graph_reg_scale=1.0000, prediction_l2=0.000000, personal_sparse=0.000000, alpha_var=0.000000, alpha_collapse=0.000000, reg_bce_ratio=0.0255 | Val: graph_entropy=0.000000, graph_diag=0.006000, graph_uniform=0.006753, graph_reg_scale=1.0000, prediction_l2=0.000000, personal_sparse=0.000000, alpha_var=0.000000, alpha_collapse=0.000000, reg_bce_ratio=0.0260
2026-04-17 09:26:01,429 - INFO - [junyi|junyi_abce_best_no_E|lr=0.003|drop=0.40] [Diag][AE] Epoch [006] | irt_abs_mean=1.5806, irt_std=0.9570, personal_warmup_scale=1.00, graph_row_entropy=3.2177, graph_entropy_ratio=0.4915, alpha_mean=0.0000, alpha_std=0.0000, alpha_base_mean=0.0000, alpha_delta_absmean=0.0000, alpha_saturation_ratio=0.0000, alpha_bias_std=NA, alpha_state_path=0.0000, alpha_id_path=0.0000, alpha_bias_path=0.0000, head_bias_path=0.0000, personal_row_entropy=0.0000, personal_matrix_delta=0.0000, personal_matrix_student_std=0.0000, personal_delta_pre_softmax_norm=0.0000, personal_delta_student_std=0.0000, alpha_head_std=0.0000, query_row_global_readout_delta=0.1201, query_row_personal_message_delta=0.0000, query_row_posterior_delta_abs=0.0000, query_row_posterior_kl=0.0000, personal_to_graph_query_ratio=0.0000, query_row_global_support_mass=0.9732, query_row_personal_support_mass=0.0000, neighbor_row_personal_delta=0.0000, personal_row_budget_mean=0.0000, personal_query_row_std=0.0000, readout_query_support_mass=0.9732, personal_student_mix=0.0000, personal_student_adapter=0.0000, local_row_ratio=0.0000, support_density=0.0000, readout_query_delta=0.1201, personal_bad_rows_active=0.00, personal_fallback_rows_active=0.00, personal_bad_row_rate_active=0.0000, personal_padded_rows=0.00, personal_logits_support_absmax=0.0000, personal_query_trust_scale_mean=1.0000, personal_bad_rows_legacy=0.00, personal_fallback_rows_legacy=0.00, personal_logits_absmax_legacy=0.0000
2026-04-17 09:26:01,430 - INFO - [junyi|junyi_abce_best_no_E|lr=0.003|drop=0.40] [Diag][A] Epoch [006] | entropy_ratio=0.4915, diag_mass=0.0500, to_uniform_l2=0.007448, to_identity_l2=0.036726, relation_identity_delta=0.036726, knowledge_state_graph_delta=0.323240, knowledge_state_personal_delta=0.000000, share_concept_embeddings=True, tau_mean=0.6931, tau_std=0.0000, graph_reg_scale(train/val)=1.0000/1.0000
2026-04-17 09:26:01,430 - INFO - [junyi|junyi_abce_best_no_E|lr=0.003|drop=0.40] [Grad Norms] Epoch [006] | relation_emb=2.036158e-01, relation_tau=1.155119e-11, relation_wq=1.100605e-08, relation_wk=1.066376e-08, personal_u=0.000000e+00, personal_v=0.000000e+00, personal_alpha_bias=0.000000e+00, personal_gate_emb=0.000000e+00, personal_gate_state_proj=0.000000e+00, personal_gate_context_proj=0.000000e+00, personal_gate_state_direct=0.000000e+00, personal_gate_id_direct=0.000000e+00, personal_gate_context_direct=0.000000e+00, personal_gate_out=0.000000e+00, personal_generator_emb=0.000000e+00, personal_generator_context_proj=0.000000e+00, personal_generator_context_hidden=0.000000e+00, personal_generator_context_to_u=0.000000e+00, personal_generator_context_to_v=0.000000e+00, personal_generator_state_row=0.000000e+00, personal_generator_state_col=0.000000e+00, personal_generator_id_row=0.000000e+00, personal_generator_id_col=0.000000e+00, personal_generator_state_adapter=0.000000e+00, personal_generator_id_adapter=0.000000e+00, personal_generator_context_adapter=0.000000e+00, personal_generator_direct_scale=0.000000e+00
2026-04-17 09:26:01,615 - INFO - [junyi|junyi_abce_best_no_E|lr=0.003|drop=0.40] -> New best AUC=0.8113 at epoch 6
2026-04-17 09:26:08,235 - INFO - [junyi|junyi_abce_best_full|lr=0.003|drop=0.40] Epoch [011/100] | Train: Loss=0.5179, BCE=0.5030, Reg=0.0149, AUC=0.8043, ACC=0.7569, RMSE=0.4077 | Val: Loss=0.5032, BCE=0.4882, Reg=0.0150, AUC=0.8130, ACC=0.7688, RMSE=0.4001
2026-04-17 09:26:08,236 - INFO - [junyi|junyi_abce_best_full|lr=0.003|drop=0.40] [Reg Terms] Epoch [011] | Train: graph_entropy=0.000000, graph_diag=0.006003, graph_uniform=0.006753, graph_reg_scale=1.0000, prediction_l2=0.000000, personal_sparse=0.001209, alpha_var=0.000000, alpha_collapse=0.000003, reg_bce_ratio=0.0297 | Val: graph_entropy=0.000000, graph_diag=0.006000, graph_uniform=0.006753, graph_reg_scale=1.0000, prediction_l2=0.000000, personal_sparse=0.001124, alpha_var=0.000000, alpha_collapse=0.000029, reg_bce_ratio=0.0308
2026-04-17 09:26:08,497 - INFO - [junyi|junyi_abce_best_full|lr=0.003|drop=0.40] [Diag][AE] Epoch [011] | irt_abs_mean=1.6307, irt_std=0.9219, personal_warmup_scale=1.00, graph_row_entropy=3.2177, graph_entropy_ratio=0.4915, alpha_mean=0.1328, alpha_std=0.0388, alpha_base_mean=0.1308, alpha_delta_absmean=0.0267, alpha_saturation_ratio=0.0000, alpha_bias_std=NA, alpha_state_path=0.5611, alpha_id_path=0.0000, alpha_bias_path=0.0000, head_bias_path=0.1635, personal_row_entropy=2.2500, personal_matrix_delta=0.0480, personal_matrix_student_std=0.0505, personal_delta_pre_softmax_norm=2.6384, personal_delta_student_std=2.5032, alpha_head_std=0.0373, query_row_global_readout_delta=0.1281, query_row_personal_message_delta=0.0010, query_row_posterior_delta_abs=0.0480, query_row_posterior_kl=0.0377, personal_to_graph_query_ratio=0.0077, query_row_global_support_mass=1.5168, query_row_personal_support_mass=1.5168, neighbor_row_personal_delta=0.0000, personal_row_budget_mean=1.3000, personal_query_row_std=0.2789, readout_query_support_mass=1.5168, personal_student_mix=0.0501, personal_student_adapter=0.0400, local_row_ratio=0.0671, support_density=1.0000, readout_query_delta=0.1272, personal_bad_rows_active=0.00, personal_fallback_rows_active=0.00, personal_bad_row_rate_active=0.0000, personal_padded_rows=0.00, personal_logits_support_absmax=6.8169, personal_query_trust_scale_mean=1.0000, personal_bad_rows_legacy=0.00, personal_fallback_rows_legacy=0.00, personal_logits_absmax_legacy=6.8169
2026-04-17 09:26:08,498 - INFO - [junyi|junyi_abce_best_full|lr=0.003|drop=0.40] [Diag][A] Epoch [011] | entropy_ratio=0.4915, diag_mass=0.0500, to_uniform_l2=0.007448, to_identity_l2=0.036726, relation_identity_delta=0.036726, knowledge_state_graph_delta=0.336333, knowledge_state_personal_delta=0.000000, share_concept_embeddings=True, tau_mean=0.6932, tau_std=0.0000, graph_reg_scale(train/val)=1.0000/1.0000
2026-04-17 09:26:08,498 - WARNING - [junyi|junyi_abce_best_full|lr=0.003|drop=0.40] [Diag Warning][AE] query-readout-overamplified: readout_query_delta=0.127244, query_row_graph_delta=0.128054, personal_matrix_delta=0.048030
2026-04-17 09:26:08,498 - INFO - [junyi|junyi_abce_best_full|lr=0.003|drop=0.40] [Grad Norms] Epoch [011] | relation_emb=4.272698e-01, relation_tau=3.551112e-12, relation_wq=1.185725e-08, relation_wk=8.463963e-09, personal_u=4.794647e-03, personal_v=3.193491e-03, personal_alpha_bias=0.000000e+00, personal_gate_emb=0.000000e+00, personal_gate_state_proj=1.269193e-16, personal_gate_context_proj=6.101953e-12, personal_gate_state_direct=3.405571e-09, personal_gate_id_direct=0.000000e+00, personal_gate_context_direct=1.841109e-04, personal_gate_out=8.969398e-09, personal_generator_emb=7.653957e-20, personal_generator_context_proj=8.767494e-18, personal_generator_context_hidden=5.372738e-15, personal_generator_context_to_u=7.728508e-12, personal_generator_context_to_v=1.281236e-11, personal_generator_state_row=6.816246e-12, personal_generator_state_col=1.131253e-11, personal_generator_id_row=1.703849e-12, personal_generator_id_col=2.824649e-12, personal_generator_state_adapter=3.720099e-16, personal_generator_id_adapter=8.361626e-23, personal_generator_context_adapter=2.326843e-16, personal_generator_direct_scale=7.422544e-06
2026-04-17 09:26:09,160 - INFO - [junyi|junyi_abce_best_full|lr=0.003|drop=0.40] -> New best AUC=0.8130 at epoch 11
2026-04-17 09:27:02,015 - INFO - [junyi|junyi_abce_best_no_E|lr=0.003|drop=0.40] Epoch [007/100] | Train: Loss=0.5123, BCE=0.4996, Reg=0.0128, AUC=0.8074, ACC=0.7591, RMSE=0.4061 | Val: Loss=0.5048, BCE=0.4921, Reg=0.0128, AUC=0.8122, ACC=0.7693, RMSE=0.4016
2026-04-17 09:27:02,015 - INFO - [junyi|junyi_abce_best_no_E|lr=0.003|drop=0.40] [Reg Terms] Epoch [007] | Train: graph_entropy=0.000000, graph_diag=0.006010, graph_uniform=0.006753, graph_reg_scale=1.0000, prediction_l2=0.000000, personal_sparse=0.000000, alpha_var=0.000000, alpha_collapse=0.000000, reg_bce_ratio=0.0255 | Val: graph_entropy=0.000000, graph_diag=0.006000, graph_uniform=0.006753, graph_reg_scale=1.0000, prediction_l2=0.000000, personal_sparse=0.000000, alpha_var=0.000000, alpha_collapse=0.000000, reg_bce_ratio=0.0259
2026-04-17 09:27:02,232 - INFO - [junyi|junyi_abce_best_no_E|lr=0.003|drop=0.40] [Diag][AE] Epoch [007] | irt_abs_mean=1.7603, irt_std=1.0520, personal_warmup_scale=1.00, graph_row_entropy=3.2177, graph_entropy_ratio=0.4915, alpha_mean=0.0000, alpha_std=0.0000, alpha_base_mean=0.0000, alpha_delta_absmean=0.0000, alpha_saturation_ratio=0.0000, alpha_bias_std=NA, alpha_state_path=0.0000, alpha_id_path=0.0000, alpha_bias_path=0.0000, head_bias_path=0.0000, personal_row_entropy=0.0000, personal_matrix_delta=0.0000, personal_matrix_student_std=0.0000, personal_delta_pre_softmax_norm=0.0000, personal_delta_student_std=0.0000, alpha_head_std=0.0000, query_row_global_readout_delta=0.1176, query_row_personal_message_delta=0.0000, query_row_posterior_delta_abs=0.0000, query_row_posterior_kl=0.0000, personal_to_graph_query_ratio=0.0000, query_row_global_support_mass=0.8023, query_row_personal_support_mass=0.0000, neighbor_row_personal_delta=0.0000, personal_row_budget_mean=0.0000, personal_query_row_std=0.0000, readout_query_support_mass=0.8023, personal_student_mix=0.0000, personal_student_adapter=0.0000, local_row_ratio=0.0000, support_density=0.0000, readout_query_delta=0.1176, personal_bad_rows_active=0.00, personal_fallback_rows_active=0.00, personal_bad_row_rate_active=0.0000, personal_padded_rows=0.00, personal_logits_support_absmax=0.0000, personal_query_trust_scale_mean=1.0000, personal_bad_rows_legacy=0.00, personal_fallback_rows_legacy=0.00, personal_logits_absmax_legacy=0.0000
2026-04-17 09:27:02,232 - INFO - [junyi|junyi_abce_best_no_E|lr=0.003|drop=0.40] [Diag][A] Epoch [007] | entropy_ratio=0.4915, diag_mass=0.0500, to_uniform_l2=0.007448, to_identity_l2=0.036726, relation_identity_delta=0.036726, knowledge_state_graph_delta=0.325452, knowledge_state_personal_delta=0.000000, share_concept_embeddings=True, tau_mean=0.6931, tau_std=0.0000, graph_reg_scale(train/val)=1.0000/1.0000
2026-04-17 09:27:02,232 - INFO - [junyi|junyi_abce_best_no_E|lr=0.003|drop=0.40] [Grad Norms] Epoch [007] | relation_emb=2.479795e-01, relation_tau=1.013948e-11, relation_wq=9.101917e-09, relation_wk=8.493005e-09, personal_u=0.000000e+00, personal_v=0.000000e+00, personal_alpha_bias=0.000000e+00, personal_gate_emb=0.000000e+00, personal_gate_state_proj=0.000000e+00, personal_gate_context_proj=0.000000e+00, personal_gate_state_direct=0.000000e+00, personal_gate_id_direct=0.000000e+00, personal_gate_context_direct=0.000000e+00, personal_gate_out=0.000000e+00, personal_generator_emb=0.000000e+00, personal_generator_context_proj=0.000000e+00, personal_generator_context_hidden=0.000000e+00, personal_generator_context_to_u=0.000000e+00, personal_generator_context_to_v=0.000000e+00, personal_generator_state_row=0.000000e+00, personal_generator_state_col=0.000000e+00, personal_generator_id_row=0.000000e+00, personal_generator_id_col=0.000000e+00, personal_generator_state_adapter=0.000000e+00, personal_generator_id_adapter=0.000000e+00, personal_generator_context_adapter=0.000000e+00, personal_generator_direct_scale=0.000000e+00
2026-04-17 09:27:02,407 - INFO - [junyi|junyi_abce_best_no_E|lr=0.003|drop=0.40] -> New best AUC=0.8122 at epoch 7
2026-04-17 09:28:04,488 - INFO - [junyi|junyi_abce_best_no_E|lr=0.003|drop=0.40] Epoch [008/100] | Train: Loss=0.5117, BCE=0.4990, Reg=0.0128, AUC=0.8079, ACC=0.7597, RMSE=0.4058 | Val: Loss=0.5006, BCE=0.4878, Reg=0.0128, AUC=0.8135, ACC=0.7682, RMSE=0.4003
2026-04-17 09:28:04,488 - INFO - [junyi|junyi_abce_best_no_E|lr=0.003|drop=0.40] [Reg Terms] Epoch [008] | Train: graph_entropy=0.000000, graph_diag=0.006010, graph_uniform=0.006753, graph_reg_scale=1.0000, prediction_l2=0.000000, personal_sparse=0.000000, alpha_var=0.000000, alpha_collapse=0.000000, reg_bce_ratio=0.0256 | Val: graph_entropy=0.000000, graph_diag=0.006000, graph_uniform=0.006753, graph_reg_scale=1.0000, prediction_l2=0.000000, personal_sparse=0.000000, alpha_var=0.000000, alpha_collapse=0.000000, reg_bce_ratio=0.0261
2026-04-17 09:28:04,720 - INFO - [junyi|junyi_abce_best_no_E|lr=0.003|drop=0.40] [Diag][AE] Epoch [008] | irt_abs_mean=1.6510, irt_std=0.9915, personal_warmup_scale=1.00, graph_row_entropy=3.2177, graph_entropy_ratio=0.4915, alpha_mean=0.0000, alpha_std=0.0000, alpha_base_mean=0.0000, alpha_delta_absmean=0.0000, alpha_saturation_ratio=0.0000, alpha_bias_std=NA, alpha_state_path=0.0000, alpha_id_path=0.0000, alpha_bias_path=0.0000, head_bias_path=0.0000, personal_row_entropy=0.0000, personal_matrix_delta=0.0000, personal_matrix_student_std=0.0000, personal_delta_pre_softmax_norm=0.0000, personal_delta_student_std=0.0000, alpha_head_std=0.0000, query_row_global_readout_delta=0.1142, query_row_personal_message_delta=0.0000, query_row_posterior_delta_abs=0.0000, query_row_posterior_kl=0.0000, personal_to_graph_query_ratio=0.0000, query_row_global_support_mass=1.2579, query_row_personal_support_mass=0.0000, neighbor_row_personal_delta=0.0000, personal_row_budget_mean=0.0000, personal_query_row_std=0.0000, readout_query_support_mass=1.2579, personal_student_mix=0.0000, personal_student_adapter=0.0000, local_row_ratio=0.0000, support_density=0.0000, readout_query_delta=0.1142, personal_bad_rows_active=0.00, personal_fallback_rows_active=0.00, personal_bad_row_rate_active=0.0000, personal_padded_rows=0.00, personal_logits_support_absmax=0.0000, personal_query_trust_scale_mean=1.0000, personal_bad_rows_legacy=0.00, personal_fallback_rows_legacy=0.00, personal_logits_absmax_legacy=0.0000
2026-04-17 09:28:04,720 - INFO - [junyi|junyi_abce_best_no_E|lr=0.003|drop=0.40] [Diag][A] Epoch [008] | entropy_ratio=0.4915, diag_mass=0.0500, to_uniform_l2=0.007448, to_identity_l2=0.036726, relation_identity_delta=0.036726, knowledge_state_graph_delta=0.326087, knowledge_state_personal_delta=0.000000, share_concept_embeddings=True, tau_mean=0.6931, tau_std=0.0000, graph_reg_scale(train/val)=1.0000/1.0000
2026-04-17 09:28:04,720 - INFO - [junyi|junyi_abce_best_no_E|lr=0.003|drop=0.40] [Grad Norms] Epoch [008] | relation_emb=2.515439e-01, relation_tau=1.255562e-11, relation_wq=1.358333e-08, relation_wk=1.054320e-08, personal_u=0.000000e+00, personal_v=0.000000e+00, personal_alpha_bias=0.000000e+00, personal_gate_emb=0.000000e+00, personal_gate_state_proj=0.000000e+00, personal_gate_context_proj=0.000000e+00, personal_gate_state_direct=0.000000e+00, personal_gate_id_direct=0.000000e+00, personal_gate_context_direct=0.000000e+00, personal_gate_out=0.000000e+00, personal_generator_emb=0.000000e+00, personal_generator_context_proj=0.000000e+00, personal_generator_context_hidden=0.000000e+00, personal_generator_context_to_u=0.000000e+00, personal_generator_context_to_v=0.000000e+00, personal_generator_state_row=0.000000e+00, personal_generator_state_col=0.000000e+00, personal_generator_id_row=0.000000e+00, personal_generator_id_col=0.000000e+00, personal_generator_state_adapter=0.000000e+00, personal_generator_id_adapter=0.000000e+00, personal_generator_context_adapter=0.000000e+00, personal_generator_direct_scale=0.000000e+00
2026-04-17 09:28:04,874 - INFO - [junyi|junyi_abce_best_no_E|lr=0.003|drop=0.40] -> New best AUC=0.8135 at epoch 8
2026-04-17 09:28:58,809 - INFO - [junyi|junyi_abce_best_full|lr=0.003|drop=0.40] Epoch [012/100] | Train: Loss=0.5161, BCE=0.5012, Reg=0.0149, AUC=0.8066, ACC=0.7594, RMSE=0.4066 | Val: Loss=0.5206, BCE=0.5057, Reg=0.0149, AUC=0.8144, ACC=0.7692, RMSE=0.4036
2026-04-17 09:28:58,809 - INFO - [junyi|junyi_abce_best_full|lr=0.003|drop=0.40] [Reg Terms] Epoch [012] | Train: graph_entropy=0.000000, graph_diag=0.006004, graph_uniform=0.006753, graph_reg_scale=1.0000, prediction_l2=0.000000, personal_sparse=0.001207, alpha_var=0.000000, alpha_collapse=0.000004, reg_bce_ratio=0.0298 | Val: graph_entropy=0.000000, graph_diag=0.006000, graph_uniform=0.006753, graph_reg_scale=1.0000, prediction_l2=0.000000, personal_sparse=0.001254, alpha_var=0.000000, alpha_collapse=0.000077, reg_bce_ratio=0.0295
2026-04-17 09:28:59,045 - INFO - [junyi|junyi_abce_best_full|lr=0.003|drop=0.40] [Diag][AE] Epoch [012] | irt_abs_mean=2.1182, irt_std=1.4976, personal_warmup_scale=1.00, graph_row_entropy=3.2177, graph_entropy_ratio=0.4915, alpha_mean=0.1317, alpha_std=0.0348, alpha_base_mean=0.1306, alpha_delta_absmean=0.0229, alpha_saturation_ratio=0.0000, alpha_bias_std=NA, alpha_state_path=0.4774, alpha_id_path=0.0000, alpha_bias_path=0.0000, head_bias_path=0.1571, personal_row_entropy=2.4885, personal_matrix_delta=0.0410, personal_matrix_student_std=0.0432, personal_delta_pre_softmax_norm=2.7484, personal_delta_student_std=2.6709, alpha_head_std=0.0331, query_row_global_readout_delta=0.0858, query_row_personal_message_delta=0.0007, query_row_posterior_delta_abs=0.0410, query_row_posterior_kl=0.0288, personal_to_graph_query_ratio=0.0078, query_row_global_support_mass=1.0298, query_row_personal_support_mass=1.0298, neighbor_row_personal_delta=0.0000, personal_row_budget_mean=1.3000, personal_query_row_std=0.1741, readout_query_support_mass=1.0298, personal_student_mix=0.0499, personal_student_adapter=0.0400, local_row_ratio=0.0679, support_density=1.0000, readout_query_delta=0.0854, personal_bad_rows_active=0.00, personal_fallback_rows_active=0.00, personal_bad_row_rate_active=0.0000, personal_padded_rows=0.00, personal_logits_support_absmax=6.8023, personal_query_trust_scale_mean=1.0000, personal_bad_rows_legacy=0.00, personal_fallback_rows_legacy=0.00, personal_logits_absmax_legacy=6.8023
2026-04-17 09:28:59,046 - INFO - [junyi|junyi_abce_best_full|lr=0.003|drop=0.40] [Diag][A] Epoch [012] | entropy_ratio=0.4915, diag_mass=0.0500, to_uniform_l2=0.007448, to_identity_l2=0.036726, relation_identity_delta=0.036726, knowledge_state_graph_delta=0.358899, knowledge_state_personal_delta=0.000000, share_concept_embeddings=True, tau_mean=0.6932, tau_std=0.0000, graph_reg_scale(train/val)=1.0000/1.0000
2026-04-17 09:28:59,046 - INFO - [junyi|junyi_abce_best_full|lr=0.003|drop=0.40] [Grad Norms] Epoch [012] | relation_emb=4.378209e-01, relation_tau=4.821293e-12, relation_wq=2.315876e-08, relation_wk=2.069122e-08, personal_u=3.925445e-03, personal_v=2.686618e-03, personal_alpha_bias=0.000000e+00, personal_gate_emb=0.000000e+00, personal_gate_state_proj=4.182835e-16, personal_gate_context_proj=4.542260e-12, personal_gate_state_direct=2.249759e-08, personal_gate_id_direct=0.000000e+00, personal_gate_context_direct=2.774292e-04, personal_gate_out=1.602234e-08, personal_generator_emb=1.131570e-19, personal_generator_context_proj=1.348002e-17, personal_generator_context_hidden=3.622665e-15, personal_generator_context_to_u=4.772262e-12, personal_generator_context_to_v=1.440220e-11, personal_generator_state_row=5.976169e-12, personal_generator_state_col=1.802903e-11, personal_generator_id_row=1.493424e-12, personal_generator_id_col=4.507001e-12, personal_generator_state_adapter=5.244966e-16, personal_generator_id_adapter=3.208831e-21, personal_generator_context_adapter=9.384250e-16, personal_generator_direct_scale=1.583451e-06
2026-04-17 09:28:59,793 - INFO - [junyi|junyi_abce_best_full|lr=0.003|drop=0.40] -> New best AUC=0.8144 at epoch 12
2026-04-17 09:29:07,495 - INFO - [junyi|junyi_abce_best_no_E|lr=0.003|drop=0.40] Epoch [009/100] | Train: Loss=0.5119, BCE=0.4991, Reg=0.0128, AUC=0.8080, ACC=0.7594, RMSE=0.4059 | Val: Loss=0.5013, BCE=0.4885, Reg=0.0128, AUC=0.8123, ACC=0.7677, RMSE=0.4006
2026-04-17 09:29:07,496 - INFO - [junyi|junyi_abce_best_no_E|lr=0.003|drop=0.40] [Reg Terms] Epoch [009] | Train: graph_entropy=0.000000, graph_diag=0.006010, graph_uniform=0.006753, graph_reg_scale=1.0000, prediction_l2=0.000000, personal_sparse=0.000000, alpha_var=0.000000, alpha_collapse=0.000000, reg_bce_ratio=0.0256 | Val: graph_entropy=0.000000, graph_diag=0.006000, graph_uniform=0.006753, graph_reg_scale=1.0000, prediction_l2=0.000000, personal_sparse=0.000000, alpha_var=0.000000, alpha_collapse=0.000000, reg_bce_ratio=0.0261
2026-04-17 09:29:07,746 - INFO - [junyi|junyi_abce_best_no_E|lr=0.003|drop=0.40] [Diag][AE] Epoch [009] | irt_abs_mean=1.6616, irt_std=1.0234, personal_warmup_scale=1.00, graph_row_entropy=3.2177, graph_entropy_ratio=0.4915, alpha_mean=0.0000, alpha_std=0.0000, alpha_base_mean=0.0000, alpha_delta_absmean=0.0000, alpha_saturation_ratio=0.0000, alpha_bias_std=NA, alpha_state_path=0.0000, alpha_id_path=0.0000, alpha_bias_path=0.0000, head_bias_path=0.0000, personal_row_entropy=0.0000, personal_matrix_delta=0.0000, personal_matrix_student_std=0.0000, personal_delta_pre_softmax_norm=0.0000, personal_delta_student_std=0.0000, alpha_head_std=0.0000, query_row_global_readout_delta=0.1240, query_row_personal_message_delta=0.0000, query_row_posterior_delta_abs=0.0000, query_row_posterior_kl=0.0000, personal_to_graph_query_ratio=0.0000, query_row_global_support_mass=1.0404, query_row_personal_support_mass=0.0000, neighbor_row_personal_delta=0.0000, personal_row_budget_mean=0.0000, personal_query_row_std=0.0000, readout_query_support_mass=1.0404, personal_student_mix=0.0000, personal_student_adapter=0.0000, local_row_ratio=0.0000, support_density=0.0000, readout_query_delta=0.1240, personal_bad_rows_active=0.00, personal_fallback_rows_active=0.00, personal_bad_row_rate_active=0.0000, personal_padded_rows=0.00, personal_logits_support_absmax=0.0000, personal_query_trust_scale_mean=1.0000, personal_bad_rows_legacy=0.00, personal_fallback_rows_legacy=0.00, personal_logits_absmax_legacy=0.0000
2026-04-17 09:29:07,746 - INFO - [junyi|junyi_abce_best_no_E|lr=0.003|drop=0.40] [Diag][A] Epoch [009] | entropy_ratio=0.4915, diag_mass=0.0500, to_uniform_l2=0.007448, to_identity_l2=0.036726, relation_identity_delta=0.036726, knowledge_state_graph_delta=0.325381, knowledge_state_personal_delta=0.000000, share_concept_embeddings=True, tau_mean=0.6931, tau_std=0.0000, graph_reg_scale(train/val)=1.0000/1.0000
2026-04-17 09:29:07,746 - INFO - [junyi|junyi_abce_best_no_E|lr=0.003|drop=0.40] [Grad Norms] Epoch [009] | relation_emb=2.376162e-01, relation_tau=6.083843e-12, relation_wq=1.853899e-08, relation_wk=1.547942e-08, personal_u=0.000000e+00, personal_v=0.000000e+00, personal_alpha_bias=0.000000e+00, personal_gate_emb=0.000000e+00, personal_gate_state_proj=0.000000e+00, personal_gate_context_proj=0.000000e+00, personal_gate_state_direct=0.000000e+00, personal_gate_id_direct=0.000000e+00, personal_gate_context_direct=0.000000e+00, personal_gate_out=0.000000e+00, personal_generator_emb=0.000000e+00, personal_generator_context_proj=0.000000e+00, personal_generator_context_hidden=0.000000e+00, personal_generator_context_to_u=0.000000e+00, personal_generator_context_to_v=0.000000e+00, personal_generator_state_row=0.000000e+00, personal_generator_state_col=0.000000e+00, personal_generator_id_row=0.000000e+00, personal_generator_id_col=0.000000e+00, personal_generator_state_adapter=0.000000e+00, personal_generator_id_adapter=0.000000e+00, personal_generator_context_adapter=0.000000e+00, personal_generator_direct_scale=0.000000e+00
2026-04-17 09:29:07,746 - INFO - [junyi|junyi_abce_best_no_E|lr=0.003|drop=0.40] -> No improvement 1 epoch(s) (best AUC=0.8135 @ 8)
2026-04-17 09:30:09,937 - INFO - [junyi|junyi_abce_best_no_E|lr=0.003|drop=0.40] Epoch [010/100] | Train: Loss=0.5114, BCE=0.4986, Reg=0.0128, AUC=0.8083, ACC=0.7600, RMSE=0.4056 | Val: Loss=0.5024, BCE=0.4897, Reg=0.0128, AUC=0.8126, ACC=0.7668, RMSE=0.4007
2026-04-17 09:30:09,938 - INFO - [junyi|junyi_abce_best_no_E|lr=0.003|drop=0.40] [Reg Terms] Epoch [010] | Train: graph_entropy=0.000000, graph_diag=0.006013, graph_uniform=0.006753, graph_reg_scale=1.0000, prediction_l2=0.000000, personal_sparse=0.000000, alpha_var=0.000000, alpha_collapse=0.000000, reg_bce_ratio=0.0256 | Val: graph_entropy=0.000000, graph_diag=0.006000, graph_uniform=0.006753, graph_reg_scale=1.0000, prediction_l2=0.000000, personal_sparse=0.000000, alpha_var=0.000000, alpha_collapse=0.000000, reg_bce_ratio=0.0260
2026-04-17 09:30:10,209 - INFO - [junyi|junyi_abce_best_no_E|lr=0.003|drop=0.40] [Diag][AE] Epoch [010] | irt_abs_mean=1.7958, irt_std=1.1072, personal_warmup_scale=1.00, graph_row_entropy=3.2177, graph_entropy_ratio=0.4915, alpha_mean=0.0000, alpha_std=0.0000, alpha_base_mean=0.0000, alpha_delta_absmean=0.0000, alpha_saturation_ratio=0.0000, alpha_bias_std=NA, alpha_state_path=0.0000, alpha_id_path=0.0000, alpha_bias_path=0.0000, head_bias_path=0.0000, personal_row_entropy=0.0000, personal_matrix_delta=0.0000, personal_matrix_student_std=0.0000, personal_delta_pre_softmax_norm=0.0000, personal_delta_student_std=0.0000, alpha_head_std=0.0000, query_row_global_readout_delta=0.1012, query_row_personal_message_delta=0.0000, query_row_posterior_delta_abs=0.0000, query_row_posterior_kl=0.0000, personal_to_graph_query_ratio=0.0000, query_row_global_support_mass=1.4064, query_row_personal_support_mass=0.0000, neighbor_row_personal_delta=0.0000, personal_row_budget_mean=0.0000, personal_query_row_std=0.0000, readout_query_support_mass=1.4064, personal_student_mix=0.0000, personal_student_adapter=0.0000, local_row_ratio=0.0000, support_density=0.0000, readout_query_delta=0.1012, personal_bad_rows_active=0.00, personal_fallback_rows_active=0.00, personal_bad_row_rate_active=0.0000, personal_padded_rows=0.00, personal_logits_support_absmax=0.0000, personal_query_trust_scale_mean=1.0000, personal_bad_rows_legacy=0.00, personal_fallback_rows_legacy=0.00, personal_logits_absmax_legacy=0.0000
2026-04-17 09:30:10,210 - INFO - [junyi|junyi_abce_best_no_E|lr=0.003|drop=0.40] [Diag][A] Epoch [010] | entropy_ratio=0.4915, diag_mass=0.0500, to_uniform_l2=0.007448, to_identity_l2=0.036726, relation_identity_delta=0.036726, knowledge_state_graph_delta=0.336535, knowledge_state_personal_delta=0.000000, share_concept_embeddings=True, tau_mean=0.6931, tau_std=0.0000, graph_reg_scale(train/val)=1.0000/1.0000
2026-04-17 09:30:10,210 - INFO - [junyi|junyi_abce_best_no_E|lr=0.003|drop=0.40] [Grad Norms] Epoch [010] | relation_emb=2.516782e-01, relation_tau=8.470606e-12, relation_wq=1.968998e-08, relation_wk=1.761280e-08, personal_u=0.000000e+00, personal_v=0.000000e+00, personal_alpha_bias=0.000000e+00, personal_gate_emb=0.000000e+00, personal_gate_state_proj=0.000000e+00, personal_gate_context_proj=0.000000e+00, personal_gate_state_direct=0.000000e+00, personal_gate_id_direct=0.000000e+00, personal_gate_context_direct=0.000000e+00, personal_gate_out=0.000000e+00, personal_generator_emb=0.000000e+00, personal_generator_context_proj=0.000000e+00, personal_generator_context_hidden=0.000000e+00, personal_generator_context_to_u=0.000000e+00, personal_generator_context_to_v=0.000000e+00, personal_generator_state_row=0.000000e+00, personal_generator_state_col=0.000000e+00, personal_generator_id_row=0.000000e+00, personal_generator_id_col=0.000000e+00, personal_generator_state_adapter=0.000000e+00, personal_generator_id_adapter=0.000000e+00, personal_generator_context_adapter=0.000000e+00, personal_generator_direct_scale=0.000000e+00
2026-04-17 09:30:10,210 - INFO - [junyi|junyi_abce_best_no_E|lr=0.003|drop=0.40] -> No improvement 2 epoch(s) (best AUC=0.8135 @ 8)
2026-04-17 09:30:10,244 - INFO - [junyi|junyi_abce_best_no_E|lr=0.003|drop=0.40] Checkpoint saved: checkpoints/abce_diag/remote_trust_diag_20260417_709083f/junyi/seed42/best_no_E/checkpoint_epoch_10.pth
2026-04-17 09:30:10,517 - INFO - [junyi|junyi_abce_best_no_E|lr=0.003|drop=0.40] [Module Activity] Epoch 10: Graph[LIVE]
2026-04-17 09:31:12,908 - INFO - [junyi|junyi_abce_best_no_E|lr=0.003|drop=0.40] Epoch [011/100] | Train: Loss=0.4995, BCE=0.4867, Reg=0.0128, AUC=0.8189, ACC=0.7677, RMSE=0.3998 | Val: Loss=0.4949, BCE=0.4822, Reg=0.0128, AUC=0.8199, ACC=0.7703, RMSE=0.3975
2026-04-17 09:31:12,908 - INFO - [junyi|junyi_abce_best_no_E|lr=0.003|drop=0.40] [Reg Terms] Epoch [011] | Train: graph_entropy=0.000000, graph_diag=0.006000, graph_uniform=0.006753, graph_reg_scale=1.0000, prediction_l2=0.000000, personal_sparse=0.000000, alpha_var=0.000000, alpha_collapse=0.000000, reg_bce_ratio=0.0262 | Val: graph_entropy=0.000000, graph_diag=0.006000, graph_uniform=0.006753, graph_reg_scale=1.0000, prediction_l2=0.000000, personal_sparse=0.000000, alpha_var=0.000000, alpha_collapse=0.000000, reg_bce_ratio=0.0264
2026-04-17 09:31:13,192 - INFO - [junyi|junyi_abce_best_no_E|lr=0.003|drop=0.40] [Diag][AE] Epoch [011] | irt_abs_mean=1.8164, irt_std=1.1226, personal_warmup_scale=1.00, graph_row_entropy=3.2177, graph_entropy_ratio=0.4915, alpha_mean=0.0000, alpha_std=0.0000, alpha_base_mean=0.0000, alpha_delta_absmean=0.0000, alpha_saturation_ratio=0.0000, alpha_bias_std=NA, alpha_state_path=0.0000, alpha_id_path=0.0000, alpha_bias_path=0.0000, head_bias_path=0.0000, personal_row_entropy=0.0000, personal_matrix_delta=0.0000, personal_matrix_student_std=0.0000, personal_delta_pre_softmax_norm=0.0000, personal_delta_student_std=0.0000, alpha_head_std=0.0000, query_row_global_readout_delta=0.1069, query_row_personal_message_delta=0.0000, query_row_posterior_delta_abs=0.0000, query_row_posterior_kl=0.0000, personal_to_graph_query_ratio=0.0000, query_row_global_support_mass=2.1489, query_row_personal_support_mass=0.0000, neighbor_row_personal_delta=0.0000, personal_row_budget_mean=0.0000, personal_query_row_std=0.0000, readout_query_support_mass=2.1489, personal_student_mix=0.0000, personal_student_adapter=0.0000, local_row_ratio=0.0000, support_density=0.0000, readout_query_delta=0.1069, personal_bad_rows_active=0.00, personal_fallback_rows_active=0.00, personal_bad_row_rate_active=0.0000, personal_padded_rows=0.00, personal_logits_support_absmax=0.0000, personal_query_trust_scale_mean=1.0000, personal_bad_rows_legacy=0.00, personal_fallback_rows_legacy=0.00, personal_logits_absmax_legacy=0.0000
2026-04-17 09:31:13,192 - INFO - [junyi|junyi_abce_best_no_E|lr=0.003|drop=0.40] [Diag][A] Epoch [011] | entropy_ratio=0.4915, diag_mass=0.0500, to_uniform_l2=0.007448, to_identity_l2=0.036726, relation_identity_delta=0.036726, knowledge_state_graph_delta=0.339523, knowledge_state_personal_delta=0.000000, share_concept_embeddings=True, tau_mean=0.6931, tau_std=0.0000, graph_reg_scale(train/val)=1.0000/1.0000
2026-04-17 09:31:13,193 - INFO - [junyi|junyi_abce_best_no_E|lr=0.003|drop=0.40] [Grad Norms] Epoch [011] | relation_emb=2.932960e-01, relation_tau=0.000000e+00, relation_wq=0.000000e+00, relation_wk=0.000000e+00, personal_u=0.000000e+00, personal_v=0.000000e+00, personal_alpha_bias=0.000000e+00, personal_gate_emb=0.000000e+00, personal_gate_state_proj=0.000000e+00, personal_gate_context_proj=0.000000e+00, personal_gate_state_direct=0.000000e+00, personal_gate_id_direct=0.000000e+00, personal_gate_context_direct=0.000000e+00, personal_gate_out=0.000000e+00, personal_generator_emb=0.000000e+00, personal_generator_context_proj=0.000000e+00, personal_generator_context_hidden=0.000000e+00, personal_generator_context_to_u=0.000000e+00, personal_generator_context_to_v=0.000000e+00, personal_generator_state_row=0.000000e+00, personal_generator_state_col=0.000000e+00, personal_generator_id_row=0.000000e+00, personal_generator_id_col=0.000000e+00, personal_generator_state_adapter=0.000000e+00, personal_generator_id_adapter=0.000000e+00, personal_generator_context_adapter=0.000000e+00, personal_generator_direct_scale=0.000000e+00
2026-04-17 09:31:13,412 - INFO - [junyi|junyi_abce_best_no_E|lr=0.003|drop=0.40] -> New best AUC=0.8199 at epoch 11
2026-04-17 09:31:47,939 - INFO - [junyi|junyi_abce_best_full|lr=0.003|drop=0.40] Epoch [013/100] | Train: Loss=0.5157, BCE=0.5008, Reg=0.0149, AUC=0.8069, ACC=0.7588, RMSE=0.4064 | Val: Loss=0.5058, BCE=0.4906, Reg=0.0152, AUC=0.8115, ACC=0.7679, RMSE=0.4012
2026-04-17 09:31:47,939 - INFO - [junyi|junyi_abce_best_full|lr=0.003|drop=0.40] [Reg Terms] Epoch [013] | Train: graph_entropy=0.000000, graph_diag=0.006004, graph_uniform=0.006753, graph_reg_scale=1.0000, prediction_l2=0.000000, personal_sparse=0.001202, alpha_var=0.000000, alpha_collapse=0.000004, reg_bce_ratio=0.0298 | Val: graph_entropy=0.000000, graph_diag=0.006000, graph_uniform=0.006753, graph_reg_scale=1.0000, prediction_l2=0.000000, personal_sparse=0.000996, alpha_var=0.000000, alpha_collapse=0.000049, reg_bce_ratio=0.0310
2026-04-17 09:31:48,212 - INFO - [junyi|junyi_abce_best_full|lr=0.003|drop=0.40] [Diag][AE] Epoch [013] | irt_abs_mean=1.3501, irt_std=0.8182, personal_warmup_scale=1.00, graph_row_entropy=3.2177, graph_entropy_ratio=0.4915, alpha_mean=0.1323, alpha_std=0.0383, alpha_base_mean=0.1307, alpha_delta_absmean=0.0264, alpha_saturation_ratio=0.0000, alpha_bias_std=NA, alpha_state_path=0.5535, alpha_id_path=0.0000, alpha_bias_path=0.0000, head_bias_path=0.1599, personal_row_entropy=1.9747, personal_matrix_delta=0.0517, personal_matrix_student_std=0.0573, personal_delta_pre_softmax_norm=2.1202, personal_delta_student_std=1.9827, alpha_head_std=0.0368, query_row_global_readout_delta=0.1481, query_row_personal_message_delta=0.0012, query_row_posterior_delta_abs=0.0517, query_row_posterior_kl=0.0474, personal_to_graph_query_ratio=0.0080, query_row_global_support_mass=3.4403, query_row_personal_support_mass=3.4403, neighbor_row_personal_delta=0.0000, personal_row_budget_mean=1.3000, personal_query_row_std=0.5898, readout_query_support_mass=3.4403, personal_student_mix=0.0502, personal_student_adapter=0.0400, local_row_ratio=0.0558, support_density=1.0000, readout_query_delta=0.1471, personal_bad_rows_active=0.00, personal_fallback_rows_active=0.00, personal_bad_row_rate_active=0.0000, personal_padded_rows=0.00, personal_logits_support_absmax=6.7382, personal_query_trust_scale_mean=1.0000, personal_bad_rows_legacy=0.00, personal_fallback_rows_legacy=0.00, personal_logits_absmax_legacy=6.7382
2026-04-17 09:31:48,213 - INFO - [junyi|junyi_abce_best_full|lr=0.003|drop=0.40] [Diag][A] Epoch [013] | entropy_ratio=0.4915, diag_mass=0.0500, to_uniform_l2=0.007448, to_identity_l2=0.036726, relation_identity_delta=0.036726, knowledge_state_graph_delta=0.341736, knowledge_state_personal_delta=0.000000, share_concept_embeddings=True, tau_mean=0.6931, tau_std=0.0000, graph_reg_scale(train/val)=1.0000/1.0000
2026-04-17 09:31:48,213 - WARNING - [junyi|junyi_abce_best_full|lr=0.003|drop=0.40] [Diag Warning][AE] query-readout-overamplified: readout_query_delta=0.147060, query_row_graph_delta=0.148058, personal_matrix_delta=0.051682
2026-04-17 09:31:48,213 - INFO - [junyi|junyi_abce_best_full|lr=0.003|drop=0.40] [Grad Norms] Epoch [013] | relation_emb=2.797099e-01, relation_tau=1.189330e-12, relation_wq=8.268050e-09, relation_wk=5.250664e-09, personal_u=9.163900e-03, personal_v=4.802410e-03, personal_alpha_bias=0.000000e+00, personal_gate_emb=0.000000e+00, personal_gate_state_proj=7.820389e-16, personal_gate_context_proj=6.747839e-12, personal_gate_state_direct=1.608962e-08, personal_gate_id_direct=0.000000e+00, personal_gate_context_direct=1.538376e-04, personal_gate_out=1.266990e-08, personal_generator_emb=1.967475e-19, personal_generator_context_proj=1.041775e-17, personal_generator_context_hidden=4.081929e-15, personal_generator_context_to_u=5.611846e-12, personal_generator_context_to_v=1.521323e-11, personal_generator_state_row=4.259437e-12, personal_generator_state_col=1.155807e-11, personal_generator_id_row=1.060883e-12, personal_generator_id_col=2.875961e-12, personal_generator_state_adapter=3.066418e-16, personal_generator_id_adapter=2.206719e-21, personal_generator_context_adapter=9.215092e-17, personal_generator_direct_scale=3.428810e-06
2026-04-17 09:31:48,213 - INFO - [junyi|junyi_abce_best_full|lr=0.003|drop=0.40] -> No improvement 1 epoch(s) (best AUC=0.8144 @ 12)
2026-04-17 09:32:14,810 - INFO - [junyi|junyi_abce_best_no_E|lr=0.003|drop=0.40] Epoch [012/100] | Train: Loss=0.4974, BCE=0.4847, Reg=0.0128, AUC=0.8205, ACC=0.7696, RMSE=0.3988 | Val: Loss=0.4956, BCE=0.4829, Reg=0.0128, AUC=0.8191, ACC=0.7710, RMSE=0.3975
2026-04-17 09:32:14,810 - INFO - [junyi|junyi_abce_best_no_E|lr=0.003|drop=0.40] [Reg Terms] Epoch [012] | Train: graph_entropy=0.000000, graph_diag=0.006005, graph_uniform=0.006753, graph_reg_scale=1.0000, prediction_l2=0.000000, personal_sparse=0.000000, alpha_var=0.000000, alpha_collapse=0.000000, reg_bce_ratio=0.0263 | Val: graph_entropy=0.000000, graph_diag=0.006000, graph_uniform=0.006753, graph_reg_scale=1.0000, prediction_l2=0.000000, personal_sparse=0.000000, alpha_var=0.000000, alpha_collapse=0.000000, reg_bce_ratio=0.0264
2026-04-17 09:32:15,073 - INFO - [junyi|junyi_abce_best_no_E|lr=0.003|drop=0.40] [Diag][AE] Epoch [012] | irt_abs_mean=1.7987, irt_std=1.1759, personal_warmup_scale=1.00, graph_row_entropy=3.2177, graph_entropy_ratio=0.4915, alpha_mean=0.0000, alpha_std=0.0000, alpha_base_mean=0.0000, alpha_delta_absmean=0.0000, alpha_saturation_ratio=0.0000, alpha_bias_std=NA, alpha_state_path=0.0000, alpha_id_path=0.0000, alpha_bias_path=0.0000, head_bias_path=0.0000, personal_row_entropy=0.0000, personal_matrix_delta=0.0000, personal_matrix_student_std=0.0000, personal_delta_pre_softmax_norm=0.0000, personal_delta_student_std=0.0000, alpha_head_std=0.0000, query_row_global_readout_delta=0.1147, query_row_personal_message_delta=0.0000, query_row_posterior_delta_abs=0.0000, query_row_posterior_kl=0.0000, personal_to_graph_query_ratio=0.0000, query_row_global_support_mass=1.5405, query_row_personal_support_mass=0.0000, neighbor_row_personal_delta=0.0000, personal_row_budget_mean=0.0000, personal_query_row_std=0.0000, readout_query_support_mass=1.5405, personal_student_mix=0.0000, personal_student_adapter=0.0000, local_row_ratio=0.0000, support_density=0.0000, readout_query_delta=0.1147, personal_bad_rows_active=0.00, personal_fallback_rows_active=0.00, personal_bad_row_rate_active=0.0000, personal_padded_rows=0.00, personal_logits_support_absmax=0.0000, personal_query_trust_scale_mean=1.0000, personal_bad_rows_legacy=0.00, personal_fallback_rows_legacy=0.00, personal_logits_absmax_legacy=0.0000
2026-04-17 09:32:15,074 - INFO - [junyi|junyi_abce_best_no_E|lr=0.003|drop=0.40] [Diag][A] Epoch [012] | entropy_ratio=0.4915, diag_mass=0.0500, to_uniform_l2=0.007448, to_identity_l2=0.036726, relation_identity_delta=0.036726, knowledge_state_graph_delta=0.351535, knowledge_state_personal_delta=0.000000, share_concept_embeddings=True, tau_mean=0.6931, tau_std=0.0000, graph_reg_scale(train/val)=1.0000/1.0000
2026-04-17 09:32:15,074 - INFO - [junyi|junyi_abce_best_no_E|lr=0.003|drop=0.40] [Grad Norms] Epoch [012] | relation_emb=2.982885e-01, relation_tau=1.946648e-13, relation_wq=2.113983e-20, relation_wk=6.558148e-20, personal_u=0.000000e+00, personal_v=0.000000e+00, personal_alpha_bias=0.000000e+00, personal_gate_emb=0.000000e+00, personal_gate_state_proj=0.000000e+00, personal_gate_context_proj=0.000000e+00, personal_gate_state_direct=0.000000e+00, personal_gate_id_direct=0.000000e+00, personal_gate_context_direct=0.000000e+00, personal_gate_out=0.000000e+00, personal_generator_emb=0.000000e+00, personal_generator_context_proj=0.000000e+00, personal_generator_context_hidden=0.000000e+00, personal_generator_context_to_u=0.000000e+00, personal_generator_context_to_v=0.000000e+00, personal_generator_state_row=0.000000e+00, personal_generator_state_col=0.000000e+00, personal_generator_id_row=0.000000e+00, personal_generator_id_col=0.000000e+00, personal_generator_state_adapter=0.000000e+00, personal_generator_id_adapter=0.000000e+00, personal_generator_context_adapter=0.000000e+00, personal_generator_direct_scale=0.000000e+00
2026-04-17 09:32:15,074 - INFO - [junyi|junyi_abce_best_no_E|lr=0.003|drop=0.40] -> No improvement 1 epoch(s) (best AUC=0.8199 @ 11)
2026-04-17 09:33:17,240 - INFO - [junyi|junyi_abce_best_no_E|lr=0.003|drop=0.40] Epoch [013/100] | Train: Loss=0.4967, BCE=0.4839, Reg=0.0128, AUC=0.8214, ACC=0.7696, RMSE=0.3984 | Val: Loss=0.4915, BCE=0.4788, Reg=0.0128, AUC=0.8204, ACC=0.7743, RMSE=0.3957
2026-04-17 09:33:17,240 - INFO - [junyi|junyi_abce_best_no_E|lr=0.003|drop=0.40] [Reg Terms] Epoch [013] | Train: graph_entropy=0.000000, graph_diag=0.006003, graph_uniform=0.006753, graph_reg_scale=1.0000, prediction_l2=0.000000, personal_sparse=0.000000, alpha_var=0.000000, alpha_collapse=0.000000, reg_bce_ratio=0.0264 | Val: graph_entropy=0.000000, graph_diag=0.006000, graph_uniform=0.006753, graph_reg_scale=1.0000, prediction_l2=0.000000, personal_sparse=0.000000, alpha_var=0.000000, alpha_collapse=0.000000, reg_bce_ratio=0.0266
2026-04-17 09:33:17,535 - INFO - [junyi|junyi_abce_best_no_E|lr=0.003|drop=0.40] [Diag][AE] Epoch [013] | irt_abs_mean=1.6237, irt_std=0.9330, personal_warmup_scale=1.00, graph_row_entropy=3.2177, graph_entropy_ratio=0.4915, alpha_mean=0.0000, alpha_std=0.0000, alpha_base_mean=0.0000, alpha_delta_absmean=0.0000, alpha_saturation_ratio=0.0000, alpha_bias_std=NA, alpha_state_path=0.0000, alpha_id_path=0.0000, alpha_bias_path=0.0000, head_bias_path=0.0000, personal_row_entropy=0.0000, personal_matrix_delta=0.0000, personal_matrix_student_std=0.0000, personal_delta_pre_softmax_norm=0.0000, personal_delta_student_std=0.0000, alpha_head_std=0.0000, query_row_global_readout_delta=0.1445, query_row_personal_message_delta=0.0000, query_row_posterior_delta_abs=0.0000, query_row_posterior_kl=0.0000, personal_to_graph_query_ratio=0.0000, query_row_global_support_mass=1.5540, query_row_personal_support_mass=0.0000, neighbor_row_personal_delta=0.0000, personal_row_budget_mean=0.0000, personal_query_row_std=0.0000, readout_query_support_mass=1.5540, personal_student_mix=0.0000, personal_student_adapter=0.0000, local_row_ratio=0.0000, support_density=0.0000, readout_query_delta=0.1445, personal_bad_rows_active=0.00, personal_fallback_rows_active=0.00, personal_bad_row_rate_active=0.0000, personal_padded_rows=0.00, personal_logits_support_absmax=0.0000, personal_query_trust_scale_mean=1.0000, personal_bad_rows_legacy=0.00, personal_fallback_rows_legacy=0.00, personal_logits_absmax_legacy=0.0000
2026-04-17 09:33:17,535 - INFO - [junyi|junyi_abce_best_no_E|lr=0.003|drop=0.40] [Diag][A] Epoch [013] | entropy_ratio=0.4915, diag_mass=0.0500, to_uniform_l2=0.007448, to_identity_l2=0.036726, relation_identity_delta=0.036726, knowledge_state_graph_delta=0.363628, knowledge_state_personal_delta=0.000000, share_concept_embeddings=True, tau_mean=0.6931, tau_std=0.0000, graph_reg_scale(train/val)=1.0000/1.0000
2026-04-17 09:33:17,535 - INFO - [junyi|junyi_abce_best_no_E|lr=0.003|drop=0.40] [Grad Norms] Epoch [013] | relation_emb=3.435039e-01, relation_tau=5.530425e-13, relation_wq=6.094683e-09, relation_wk=5.082826e-09, personal_u=0.000000e+00, personal_v=0.000000e+00, personal_alpha_bias=0.000000e+00, personal_gate_emb=0.000000e+00, personal_gate_state_proj=0.000000e+00, personal_gate_context_proj=0.000000e+00, personal_gate_state_direct=0.000000e+00, personal_gate_id_direct=0.000000e+00, personal_gate_context_direct=0.000000e+00, personal_gate_out=0.000000e+00, personal_generator_emb=0.000000e+00, personal_generator_context_proj=0.000000e+00, personal_generator_context_hidden=0.000000e+00, personal_generator_context_to_u=0.000000e+00, personal_generator_context_to_v=0.000000e+00, personal_generator_state_row=0.000000e+00, personal_generator_state_col=0.000000e+00, personal_generator_id_row=0.000000e+00, personal_generator_id_col=0.000000e+00, personal_generator_state_adapter=0.000000e+00, personal_generator_id_adapter=0.000000e+00, personal_generator_context_adapter=0.000000e+00, personal_generator_direct_scale=0.000000e+00
2026-04-17 09:33:17,710 - INFO - [junyi|junyi_abce_best_no_E|lr=0.003|drop=0.40] -> New best AUC=0.8204 at epoch 13
2026-04-17 09:34:20,005 - INFO - [junyi|junyi_abce_best_no_E|lr=0.003|drop=0.40] Epoch [014/100] | Train: Loss=0.4981, BCE=0.4854, Reg=0.0128, AUC=0.8201, ACC=0.7702, RMSE=0.3989 | Val: Loss=0.5195, BCE=0.5068, Reg=0.0128, AUC=0.8153, ACC=0.7745, RMSE=0.4031
2026-04-17 09:34:20,005 - INFO - [junyi|junyi_abce_best_no_E|lr=0.003|drop=0.40] [Reg Terms] Epoch [014] | Train: graph_entropy=0.000000, graph_diag=0.006008, graph_uniform=0.006753, graph_reg_scale=1.0000, prediction_l2=0.000000, personal_sparse=0.000000, alpha_var=0.000000, alpha_collapse=0.000000, reg_bce_ratio=0.0263 | Val: graph_entropy=0.000000, graph_diag=0.006000, graph_uniform=0.006753, graph_reg_scale=1.0000, prediction_l2=0.000000, personal_sparse=0.000000, alpha_var=0.000000, alpha_collapse=0.000000, reg_bce_ratio=0.0252
2026-04-17 09:34:20,293 - INFO - [junyi|junyi_abce_best_no_E|lr=0.003|drop=0.40] [Diag][AE] Epoch [014] | irt_abs_mean=2.2390, irt_std=1.4010, personal_warmup_scale=1.00, graph_row_entropy=3.2177, graph_entropy_ratio=0.4915, alpha_mean=0.0000, alpha_std=0.0000, alpha_base_mean=0.0000, alpha_delta_absmean=0.0000, alpha_saturation_ratio=0.0000, alpha_bias_std=NA, alpha_state_path=0.0000, alpha_id_path=0.0000, alpha_bias_path=0.0000, head_bias_path=0.0000, personal_row_entropy=0.0000, personal_matrix_delta=0.0000, personal_matrix_student_std=0.0000, personal_delta_pre_softmax_norm=0.0000, personal_delta_student_std=0.0000, alpha_head_std=0.0000, query_row_global_readout_delta=0.0782, query_row_personal_message_delta=0.0000, query_row_posterior_delta_abs=0.0000, query_row_posterior_kl=0.0000, personal_to_graph_query_ratio=0.0000, query_row_global_support_mass=2.2037, query_row_personal_support_mass=0.0000, neighbor_row_personal_delta=0.0000, personal_row_budget_mean=0.0000, personal_query_row_std=0.0000, readout_query_support_mass=2.2037, personal_student_mix=0.0000, personal_student_adapter=0.0000, local_row_ratio=0.0000, support_density=0.0000, readout_query_delta=0.0782, personal_bad_rows_active=0.00, personal_fallback_rows_active=0.00, personal_bad_row_rate_active=0.0000, personal_padded_rows=0.00, personal_logits_support_absmax=0.0000, personal_query_trust_scale_mean=1.0000, personal_bad_rows_legacy=0.00, personal_fallback_rows_legacy=0.00, personal_logits_absmax_legacy=0.0000
2026-04-17 09:34:20,294 - INFO - [junyi|junyi_abce_best_no_E|lr=0.003|drop=0.40] [Diag][A] Epoch [014] | entropy_ratio=0.4915, diag_mass=0.0500, to_uniform_l2=0.007448, to_identity_l2=0.036726, relation_identity_delta=0.036726, knowledge_state_graph_delta=0.336110, knowledge_state_personal_delta=0.000000, share_concept_embeddings=True, tau_mean=0.6931, tau_std=0.0000, graph_reg_scale(train/val)=1.0000/1.0000
2026-04-17 09:34:20,294 - INFO - [junyi|junyi_abce_best_no_E|lr=0.003|drop=0.40] [Grad Norms] Epoch [014] | relation_emb=3.342609e-01, relation_tau=1.534686e-12, relation_wq=9.118575e-09, relation_wk=4.630222e-09, personal_u=0.000000e+00, personal_v=0.000000e+00, personal_alpha_bias=0.000000e+00, personal_gate_emb=0.000000e+00, personal_gate_state_proj=0.000000e+00, personal_gate_context_proj=0.000000e+00, personal_gate_state_direct=0.000000e+00, personal_gate_id_direct=0.000000e+00, personal_gate_context_direct=0.000000e+00, personal_gate_out=0.000000e+00, personal_generator_emb=0.000000e+00, personal_generator_context_proj=0.000000e+00, personal_generator_context_hidden=0.000000e+00, personal_generator_context_to_u=0.000000e+00, personal_generator_context_to_v=0.000000e+00, personal_generator_state_row=0.000000e+00, personal_generator_state_col=0.000000e+00, personal_generator_id_row=0.000000e+00, personal_generator_id_col=0.000000e+00, personal_generator_state_adapter=0.000000e+00, personal_generator_id_adapter=0.000000e+00, personal_generator_context_adapter=0.000000e+00, personal_generator_direct_scale=0.000000e+00
2026-04-17 09:34:20,294 - INFO - [junyi|junyi_abce_best_no_E|lr=0.003|drop=0.40] -> No improvement 1 epoch(s) (best AUC=0.8204 @ 13)
2026-04-17 09:34:33,363 - INFO - [junyi|junyi_abce_best_full|lr=0.003|drop=0.40] Epoch [014/100] | Train: Loss=0.5152, BCE=0.5003, Reg=0.0149, AUC=0.8071, ACC=0.7596, RMSE=0.4062 | Val: Loss=0.5017, BCE=0.4867, Reg=0.0150, AUC=0.8145, ACC=0.7714, RMSE=0.3993
2026-04-17 09:34:33,364 - INFO - [junyi|junyi_abce_best_full|lr=0.003|drop=0.40] [Reg Terms] Epoch [014] | Train: graph_entropy=0.000000, graph_diag=0.006004, graph_uniform=0.006753, graph_reg_scale=1.0000, prediction_l2=0.000000, personal_sparse=0.001197, alpha_var=0.000000, alpha_collapse=0.000004, reg_bce_ratio=0.0299 | Val: graph_entropy=0.000000, graph_diag=0.006000, graph_uniform=0.006753, graph_reg_scale=1.0000, prediction_l2=0.000000, personal_sparse=0.001140, alpha_var=0.000000, alpha_collapse=0.000002, reg_bce_ratio=0.0308
2026-04-17 09:34:33,642 - INFO - [junyi|junyi_abce_best_full|lr=0.003|drop=0.40] [Diag][AE] Epoch [014] | irt_abs_mean=1.6080, irt_std=0.9459, personal_warmup_scale=1.00, graph_row_entropy=3.2177, graph_entropy_ratio=0.4915, alpha_mean=0.1315, alpha_std=0.0412, alpha_base_mean=0.1305, alpha_delta_absmean=0.0284, alpha_saturation_ratio=0.0000, alpha_bias_std=NA, alpha_state_path=0.6043, alpha_id_path=0.0000, alpha_bias_path=0.0000, head_bias_path=0.1680, personal_row_entropy=2.2887, personal_matrix_delta=0.0471, personal_matrix_student_std=0.0491, personal_delta_pre_softmax_norm=2.7034, personal_delta_student_std=2.5464, alpha_head_std=0.0393, query_row_global_readout_delta=0.1329, query_row_personal_message_delta=0.0010, query_row_posterior_delta_abs=0.0471, query_row_posterior_kl=0.0362, personal_to_graph_query_ratio=0.0075, query_row_global_support_mass=1.5441, query_row_personal_support_mass=1.5441, neighbor_row_personal_delta=0.0000, personal_row_budget_mean=1.3000, personal_query_row_std=0.2814, readout_query_support_mass=1.5441, personal_student_mix=0.0500, personal_student_adapter=0.0400, local_row_ratio=0.0673, support_density=1.0000, readout_query_delta=0.1321, personal_bad_rows_active=0.00, personal_fallback_rows_active=0.00, personal_bad_row_rate_active=0.0000, personal_padded_rows=0.00, personal_logits_support_absmax=6.7899, personal_query_trust_scale_mean=1.0000, personal_bad_rows_legacy=0.00, personal_fallback_rows_legacy=0.00, personal_logits_absmax_legacy=6.7899
2026-04-17 09:34:33,642 - INFO - [junyi|junyi_abce_best_full|lr=0.003|drop=0.40] [Diag][A] Epoch [014] | entropy_ratio=0.4915, diag_mass=0.0500, to_uniform_l2=0.007448, to_identity_l2=0.036726, relation_identity_delta=0.036726, knowledge_state_graph_delta=0.346269, knowledge_state_personal_delta=0.000000, share_concept_embeddings=True, tau_mean=0.6931, tau_std=0.0000, graph_reg_scale(train/val)=1.0000/1.0000
2026-04-17 09:34:33,642 - WARNING - [junyi|junyi_abce_best_full|lr=0.003|drop=0.40] [Diag Warning][AE] query-readout-overamplified: readout_query_delta=0.132095, query_row_graph_delta=0.132882, personal_matrix_delta=0.047106
2026-04-17 09:34:33,643 - INFO - [junyi|junyi_abce_best_full|lr=0.003|drop=0.40] [Grad Norms] Epoch [014] | relation_emb=4.591944e-01, relation_tau=9.189070e-13, relation_wq=1.758051e-08, relation_wk=1.830116e-08, personal_u=2.293448e-03, personal_v=1.911095e-03, personal_alpha_bias=0.000000e+00, personal_gate_emb=0.000000e+00, personal_gate_state_proj=2.343957e-14, personal_gate_context_proj=2.121292e-11, personal_gate_state_direct=2.010876e-07, personal_gate_id_direct=0.000000e+00, personal_gate_context_direct=1.810872e-04, personal_gate_out=5.348952e-08, personal_generator_emb=5.024754e-19, personal_generator_context_proj=1.357045e-17, personal_generator_context_hidden=3.122121e-15, personal_generator_context_to_u=8.732802e-12, personal_generator_context_to_v=1.262557e-11, personal_generator_state_row=9.055908e-12, personal_generator_state_col=1.309636e-11, personal_generator_id_row=2.261854e-12, personal_generator_id_col=3.270106e-12, personal_generator_state_adapter=2.459623e-17, personal_generator_id_adapter=3.806246e-21, personal_generator_context_adapter=2.151992e-16, personal_generator_direct_scale=8.221068e-07
2026-04-17 09:34:34,394 - INFO - [junyi|junyi_abce_best_full|lr=0.003|drop=0.40] -> New best AUC=0.8145 at epoch 14
2026-04-17 09:35:22,760 - INFO - [junyi|junyi_abce_best_no_E|lr=0.003|drop=0.40] Epoch [015/100] | Train: Loss=0.4988, BCE=0.4861, Reg=0.0128, AUC=0.8195, ACC=0.7699, RMSE=0.3992 | Val: Loss=0.5228, BCE=0.5100, Reg=0.0128, AUC=0.8186, ACC=0.7747, RMSE=0.4017
2026-04-17 09:35:22,760 - INFO - [junyi|junyi_abce_best_no_E|lr=0.003|drop=0.40] [Reg Terms] Epoch [015] | Train: graph_entropy=0.000000, graph_diag=0.006003, graph_uniform=0.006753, graph_reg_scale=1.0000, prediction_l2=0.000000, personal_sparse=0.000000, alpha_var=0.000000, alpha_collapse=0.000000, reg_bce_ratio=0.0262 | Val: graph_entropy=0.000000, graph_diag=0.006000, graph_uniform=0.006753, graph_reg_scale=1.0000, prediction_l2=0.000000, personal_sparse=0.000000, alpha_var=0.000000, alpha_collapse=0.000000, reg_bce_ratio=0.0250
2026-04-17 09:35:23,040 - INFO - [junyi|junyi_abce_best_no_E|lr=0.003|drop=0.40] [Diag][AE] Epoch [015] | irt_abs_mean=2.4047, irt_std=1.6032, personal_warmup_scale=1.00, graph_row_entropy=3.2177, graph_entropy_ratio=0.4915, alpha_mean=0.0000, alpha_std=0.0000, alpha_base_mean=0.0000, alpha_delta_absmean=0.0000, alpha_saturation_ratio=0.0000, alpha_bias_std=NA, alpha_state_path=0.0000, alpha_id_path=0.0000, alpha_bias_path=0.0000, head_bias_path=0.0000, personal_row_entropy=0.0000, personal_matrix_delta=0.0000, personal_matrix_student_std=0.0000, personal_delta_pre_softmax_norm=0.0000, personal_delta_student_std=0.0000, alpha_head_std=0.0000, query_row_global_readout_delta=0.0752, query_row_personal_message_delta=0.0000, query_row_posterior_delta_abs=0.0000, query_row_posterior_kl=0.0000, personal_to_graph_query_ratio=0.0000, query_row_global_support_mass=1.6147, query_row_personal_support_mass=0.0000, neighbor_row_personal_delta=0.0000, personal_row_budget_mean=0.0000, personal_query_row_std=0.0000, readout_query_support_mass=1.6147, personal_student_mix=0.0000, personal_student_adapter=0.0000, local_row_ratio=0.0000, support_density=0.0000, readout_query_delta=0.0752, personal_bad_rows_active=0.00, personal_fallback_rows_active=0.00, personal_bad_row_rate_active=0.0000, personal_padded_rows=0.00, personal_logits_support_absmax=0.0000, personal_query_trust_scale_mean=1.0000, personal_bad_rows_legacy=0.00, personal_fallback_rows_legacy=0.00, personal_logits_absmax_legacy=0.0000
2026-04-17 09:35:23,040 - INFO - [junyi|junyi_abce_best_no_E|lr=0.003|drop=0.40] [Diag][A] Epoch [015] | entropy_ratio=0.4915, diag_mass=0.0500, to_uniform_l2=0.007448, to_identity_l2=0.036726, relation_identity_delta=0.036726, knowledge_state_graph_delta=0.353215, knowledge_state_personal_delta=0.000000, share_concept_embeddings=True, tau_mean=0.6931, tau_std=0.0000, graph_reg_scale(train/val)=1.0000/1.0000
2026-04-17 09:35:23,040 - INFO - [junyi|junyi_abce_best_no_E|lr=0.003|drop=0.40] [Grad Norms] Epoch [015] | relation_emb=3.378474e-01, relation_tau=5.015657e-13, relation_wq=1.611565e-08, relation_wk=1.388866e-08, personal_u=0.000000e+00, personal_v=0.000000e+00, personal_alpha_bias=0.000000e+00, personal_gate_emb=0.000000e+00, personal_gate_state_proj=0.000000e+00, personal_gate_context_proj=0.000000e+00, personal_gate_state_direct=0.000000e+00, personal_gate_id_direct=0.000000e+00, personal_gate_context_direct=0.000000e+00, personal_gate_out=0.000000e+00, personal_generator_emb=0.000000e+00, personal_generator_context_proj=0.000000e+00, personal_generator_context_hidden=0.000000e+00, personal_generator_context_to_u=0.000000e+00, personal_generator_context_to_v=0.000000e+00, personal_generator_state_row=0.000000e+00, personal_generator_state_col=0.000000e+00, personal_generator_id_row=0.000000e+00, personal_generator_id_col=0.000000e+00, personal_generator_state_adapter=0.000000e+00, personal_generator_id_adapter=0.000000e+00, personal_generator_context_adapter=0.000000e+00, personal_generator_direct_scale=0.000000e+00
2026-04-17 09:35:23,040 - INFO - [junyi|junyi_abce_best_no_E|lr=0.003|drop=0.40] -> No improvement 2 epoch(s) (best AUC=0.8204 @ 13)
2026-04-17 09:36:25,200 - INFO - [junyi|junyi_abce_best_no_E|lr=0.003|drop=0.40] Epoch [016/100] | Train: Loss=0.4846, BCE=0.4719, Reg=0.0128, AUC=0.8313, ACC=0.7785, RMSE=0.3923 | Val: Loss=0.4941, BCE=0.4814, Reg=0.0128, AUC=0.8228, ACC=0.7747, RMSE=0.3958
2026-04-17 09:36:25,200 - INFO - [junyi|junyi_abce_best_no_E|lr=0.003|drop=0.40] [Reg Terms] Epoch [016] | Train: graph_entropy=0.000000, graph_diag=0.006000, graph_uniform=0.006753, graph_reg_scale=1.0000, prediction_l2=0.000000, personal_sparse=0.000000, alpha_var=0.000000, alpha_collapse=0.000000, reg_bce_ratio=0.0270 | Val: graph_entropy=0.000000, graph_diag=0.006000, graph_uniform=0.006753, graph_reg_scale=1.0000, prediction_l2=0.000000, personal_sparse=0.000000, alpha_var=0.000000, alpha_collapse=0.000000, reg_bce_ratio=0.0265
2026-04-17 09:36:25,454 - INFO - [junyi|junyi_abce_best_no_E|lr=0.003|drop=0.40] [Diag][AE] Epoch [016] | irt_abs_mean=1.9642, irt_std=1.1770, personal_warmup_scale=1.00, graph_row_entropy=3.2177, graph_entropy_ratio=0.4915, alpha_mean=0.0000, alpha_std=0.0000, alpha_base_mean=0.0000, alpha_delta_absmean=0.0000, alpha_saturation_ratio=0.0000, alpha_bias_std=NA, alpha_state_path=0.0000, alpha_id_path=0.0000, alpha_bias_path=0.0000, head_bias_path=0.0000, personal_row_entropy=0.0000, personal_matrix_delta=0.0000, personal_matrix_student_std=0.0000, personal_delta_pre_softmax_norm=0.0000, personal_delta_student_std=0.0000, alpha_head_std=0.0000, query_row_global_readout_delta=0.1111, query_row_personal_message_delta=0.0000, query_row_posterior_delta_abs=0.0000, query_row_posterior_kl=0.0000, personal_to_graph_query_ratio=0.0000, query_row_global_support_mass=2.0499, query_row_personal_support_mass=0.0000, neighbor_row_personal_delta=0.0000, personal_row_budget_mean=0.0000, personal_query_row_std=0.0000, readout_query_support_mass=2.0499, personal_student_mix=0.0000, personal_student_adapter=0.0000, local_row_ratio=0.0000, support_density=0.0000, readout_query_delta=0.1111, personal_bad_rows_active=0.00, personal_fallback_rows_active=0.00, personal_bad_row_rate_active=0.0000, personal_padded_rows=0.00, personal_logits_support_absmax=0.0000, personal_query_trust_scale_mean=1.0000, personal_bad_rows_legacy=0.00, personal_fallback_rows_legacy=0.00, personal_logits_absmax_legacy=0.0000
2026-04-17 09:36:25,455 - INFO - [junyi|junyi_abce_best_no_E|lr=0.003|drop=0.40] [Diag][A] Epoch [016] | entropy_ratio=0.4915, diag_mass=0.0500, to_uniform_l2=0.007448, to_identity_l2=0.036726, relation_identity_delta=0.036726, knowledge_state_graph_delta=0.358837, knowledge_state_personal_delta=0.000000, share_concept_embeddings=True, tau_mean=0.6931, tau_std=0.0000, graph_reg_scale(train/val)=1.0000/1.0000
2026-04-17 09:36:25,455 - INFO - [junyi|junyi_abce_best_no_E|lr=0.003|drop=0.40] [Grad Norms] Epoch [016] | relation_emb=5.316653e-01, relation_tau=0.000000e+00, relation_wq=0.000000e+00, relation_wk=0.000000e+00, personal_u=0.000000e+00, personal_v=0.000000e+00, personal_alpha_bias=0.000000e+00, personal_gate_emb=0.000000e+00, personal_gate_state_proj=0.000000e+00, personal_gate_context_proj=0.000000e+00, personal_gate_state_direct=0.000000e+00, personal_gate_id_direct=0.000000e+00, personal_gate_context_direct=0.000000e+00, personal_gate_out=0.000000e+00, personal_generator_emb=0.000000e+00, personal_generator_context_proj=0.000000e+00, personal_generator_context_hidden=0.000000e+00, personal_generator_context_to_u=0.000000e+00, personal_generator_context_to_v=0.000000e+00, personal_generator_state_row=0.000000e+00, personal_generator_state_col=0.000000e+00, personal_generator_id_row=0.000000e+00, personal_generator_id_col=0.000000e+00, personal_generator_state_adapter=0.000000e+00, personal_generator_id_adapter=0.000000e+00, personal_generator_context_adapter=0.000000e+00, personal_generator_direct_scale=0.000000e+00
2026-04-17 09:36:25,662 - INFO - [junyi|junyi_abce_best_no_E|lr=0.003|drop=0.40] -> New best AUC=0.8228 at epoch 16
2026-04-17 09:37:17,417 - INFO - [junyi|junyi_abce_best_full|lr=0.003|drop=0.40] Epoch [015/100] | Train: Loss=0.5154, BCE=0.5005, Reg=0.0149, AUC=0.8070, ACC=0.7602, RMSE=0.4063 | Val: Loss=0.5162, BCE=0.5011, Reg=0.0151, AUC=0.8128, ACC=0.7689, RMSE=0.4031
2026-04-17 09:37:17,418 - INFO - [junyi|junyi_abce_best_full|lr=0.003|drop=0.40] [Reg Terms] Epoch [015] | Train: graph_entropy=0.000000, graph_diag=0.006004, graph_uniform=0.006753, graph_reg_scale=1.0000, prediction_l2=0.000000, personal_sparse=0.001207, alpha_var=0.000000, alpha_collapse=0.000004, reg_bce_ratio=0.0298 | Val: graph_entropy=0.000000, graph_diag=0.006000, graph_uniform=0.006753, graph_reg_scale=1.0000, prediction_l2=0.000000, personal_sparse=0.001132, alpha_var=0.000000, alpha_collapse=0.000041, reg_bce_ratio=0.0301
2026-04-17 09:37:17,706 - INFO - [junyi|junyi_abce_best_full|lr=0.003|drop=0.40] [Diag][AE] Epoch [015] | irt_abs_mean=1.9730, irt_std=1.3035, personal_warmup_scale=1.00, graph_row_entropy=3.2177, graph_entropy_ratio=0.4915, alpha_mean=0.1308, alpha_std=0.0379, alpha_base_mean=0.1304, alpha_delta_absmean=0.0258, alpha_saturation_ratio=0.0000, alpha_bias_std=NA, alpha_state_path=0.5411, alpha_id_path=0.0000, alpha_bias_path=0.0000, head_bias_path=0.1645, personal_row_entropy=2.2726, personal_matrix_delta=0.0479, personal_matrix_student_std=0.0518, personal_delta_pre_softmax_norm=2.6208, personal_delta_student_std=2.5362, alpha_head_std=0.0364, query_row_global_readout_delta=0.0698, query_row_personal_message_delta=0.0005, query_row_posterior_delta_abs=0.0479, query_row_posterior_kl=0.0375, personal_to_graph_query_ratio=0.0069, query_row_global_support_mass=2.3481, query_row_personal_support_mass=2.3481, neighbor_row_personal_delta=0.0000, personal_row_budget_mean=1.3000, personal_query_row_std=0.1753, readout_query_support_mass=2.3481, personal_student_mix=0.0500, personal_student_adapter=0.0400, local_row_ratio=0.0565, support_density=1.0000, readout_query_delta=0.0696, personal_bad_rows_active=0.00, personal_fallback_rows_active=0.00, personal_bad_row_rate_active=0.0000, personal_padded_rows=0.00, personal_logits_support_absmax=6.7499, personal_query_trust_scale_mean=1.0000, personal_bad_rows_legacy=0.00, personal_fallback_rows_legacy=0.00, personal_logits_absmax_legacy=6.7499
2026-04-17 09:37:17,706 - INFO - [junyi|junyi_abce_best_full|lr=0.003|drop=0.40] [Diag][A] Epoch [015] | entropy_ratio=0.4915, diag_mass=0.0500, to_uniform_l2=0.007448, to_identity_l2=0.036726, relation_identity_delta=0.036726, knowledge_state_graph_delta=0.318387, knowledge_state_personal_delta=0.000000, share_concept_embeddings=True, tau_mean=0.6932, tau_std=0.0000, graph_reg_scale(train/val)=1.0000/1.0000
2026-04-17 09:37:17,706 - INFO - [junyi|junyi_abce_best_full|lr=0.003|drop=0.40] [Grad Norms] Epoch [015] | relation_emb=4.693684e-01, relation_tau=1.399283e-12, relation_wq=9.547668e-09, relation_wk=9.431269e-09, personal_u=1.163492e-03, personal_v=2.289471e-03, personal_alpha_bias=0.000000e+00, personal_gate_emb=0.000000e+00, personal_gate_state_proj=6.800859e-14, personal_gate_context_proj=8.859681e-12, personal_gate_state_direct=5.383300e-07, personal_gate_id_direct=0.000000e+00, personal_gate_context_direct=5.287326e-05, personal_gate_out=4.311865e-08, personal_generator_emb=3.176692e-19, personal_generator_context_proj=4.902981e-18, personal_generator_context_hidden=2.025439e-15, personal_generator_context_to_u=1.255455e-12, personal_generator_context_to_v=4.150366e-12, personal_generator_state_row=1.489303e-12, personal_generator_state_col=4.881206e-12, personal_generator_id_row=3.862631e-13, personal_generator_id_col=1.276934e-12, personal_generator_state_adapter=1.376434e-16, personal_generator_id_adapter=4.255701e-21, personal_generator_context_adapter=2.530897e-17, personal_generator_direct_scale=4.280670e-07
2026-04-17 09:37:17,706 - INFO - [junyi|junyi_abce_best_full|lr=0.003|drop=0.40] -> No improvement 1 epoch(s) (best AUC=0.8145 @ 14)
2026-04-17 09:37:27,239 - INFO - [junyi|junyi_abce_best_no_E|lr=0.003|drop=0.40] Epoch [017/100] | Train: Loss=0.4803, BCE=0.4676, Reg=0.0128, AUC=0.8348, ACC=0.7806, RMSE=0.3903 | Val: Loss=0.4903, BCE=0.4776, Reg=0.0128, AUC=0.8243, ACC=0.7754, RMSE=0.3949
2026-04-17 09:37:27,239 - INFO - [junyi|junyi_abce_best_no_E|lr=0.003|drop=0.40] [Reg Terms] Epoch [017] | Train: graph_entropy=0.000000, graph_diag=0.006003, graph_uniform=0.006753, graph_reg_scale=1.0000, prediction_l2=0.000000, personal_sparse=0.000000, alpha_var=0.000000, alpha_collapse=0.000000, reg_bce_ratio=0.0273 | Val: graph_entropy=0.000000, graph_diag=0.006000, graph_uniform=0.006753, graph_reg_scale=1.0000, prediction_l2=0.000000, personal_sparse=0.000000, alpha_var=0.000000, alpha_collapse=0.000000, reg_bce_ratio=0.0267
2026-04-17 09:37:27,501 - INFO - [junyi|junyi_abce_best_no_E|lr=0.003|drop=0.40] [Diag][AE] Epoch [017] | irt_abs_mean=1.8770, irt_std=1.1377, personal_warmup_scale=1.00, graph_row_entropy=3.2177, graph_entropy_ratio=0.4915, alpha_mean=0.0000, alpha_std=0.0000, alpha_base_mean=0.0000, alpha_delta_absmean=0.0000, alpha_saturation_ratio=0.0000, alpha_bias_std=NA, alpha_state_path=0.0000, alpha_id_path=0.0000, alpha_bias_path=0.0000, head_bias_path=0.0000, personal_row_entropy=0.0000, personal_matrix_delta=0.0000, personal_matrix_student_std=0.0000, personal_delta_pre_softmax_norm=0.0000, personal_delta_student_std=0.0000, alpha_head_std=0.0000, query_row_global_readout_delta=0.1095, query_row_personal_message_delta=0.0000, query_row_posterior_delta_abs=0.0000, query_row_posterior_kl=0.0000, personal_to_graph_query_ratio=0.0000, query_row_global_support_mass=2.1264, query_row_personal_support_mass=0.0000, neighbor_row_personal_delta=0.0000, personal_row_budget_mean=0.0000, personal_query_row_std=0.0000, readout_query_support_mass=2.1264, personal_student_mix=0.0000, personal_student_adapter=0.0000, local_row_ratio=0.0000, support_density=0.0000, readout_query_delta=0.1095, personal_bad_rows_active=0.00, personal_fallback_rows_active=0.00, personal_bad_row_rate_active=0.0000, personal_padded_rows=0.00, personal_logits_support_absmax=0.0000, personal_query_trust_scale_mean=1.0000, personal_bad_rows_legacy=0.00, personal_fallback_rows_legacy=0.00, personal_logits_absmax_legacy=0.0000
2026-04-17 09:37:27,502 - INFO - [junyi|junyi_abce_best_no_E|lr=0.003|drop=0.40] [Diag][A] Epoch [017] | entropy_ratio=0.4915, diag_mass=0.0500, to_uniform_l2=0.007448, to_identity_l2=0.036726, relation_identity_delta=0.036726, knowledge_state_graph_delta=0.360192, knowledge_state_personal_delta=0.000000, share_concept_embeddings=True, tau_mean=0.6931, tau_std=0.0000, graph_reg_scale(train/val)=1.0000/1.0000
2026-04-17 09:37:27,502 - INFO - [junyi|junyi_abce_best_no_E|lr=0.003|drop=0.40] [Grad Norms] Epoch [017] | relation_emb=4.536215e-01, relation_tau=0.000000e+00, relation_wq=0.000000e+00, relation_wk=0.000000e+00, personal_u=0.000000e+00, personal_v=0.000000e+00, personal_alpha_bias=0.000000e+00, personal_gate_emb=0.000000e+00, personal_gate_state_proj=0.000000e+00, personal_gate_context_proj=0.000000e+00, personal_gate_state_direct=0.000000e+00, personal_gate_id_direct=0.000000e+00, personal_gate_context_direct=0.000000e+00, personal_gate_out=0.000000e+00, personal_generator_emb=0.000000e+00, personal_generator_context_proj=0.000000e+00, personal_generator_context_hidden=0.000000e+00, personal_generator_context_to_u=0.000000e+00, personal_generator_context_to_v=0.000000e+00, personal_generator_state_row=0.000000e+00, personal_generator_state_col=0.000000e+00, personal_generator_id_row=0.000000e+00, personal_generator_id_col=0.000000e+00, personal_generator_state_adapter=0.000000e+00, personal_generator_id_adapter=0.000000e+00, personal_generator_context_adapter=0.000000e+00, personal_generator_direct_scale=0.000000e+00
2026-04-17 09:37:27,726 - INFO - [junyi|junyi_abce_best_no_E|lr=0.003|drop=0.40] -> New best AUC=0.8243 at epoch 17
2026-04-17 09:38:29,613 - INFO - [junyi|junyi_abce_best_no_E|lr=0.003|drop=0.40] Epoch [018/100] | Train: Loss=0.4804, BCE=0.4676, Reg=0.0128, AUC=0.8351, ACC=0.7805, RMSE=0.3903 | Val: Loss=0.4928, BCE=0.4800, Reg=0.0128, AUC=0.8236, ACC=0.7744, RMSE=0.3962
2026-04-17 09:38:29,613 - INFO - [junyi|junyi_abce_best_no_E|lr=0.003|drop=0.40] [Reg Terms] Epoch [018] | Train: graph_entropy=0.000000, graph_diag=0.006003, graph_uniform=0.006753, graph_reg_scale=1.0000, prediction_l2=0.000000, personal_sparse=0.000000, alpha_var=0.000000, alpha_collapse=0.000000, reg_bce_ratio=0.0273 | Val: graph_entropy=0.000000, graph_diag=0.006000, graph_uniform=0.006753, graph_reg_scale=1.0000, prediction_l2=0.000000, personal_sparse=0.000000, alpha_var=0.000000, alpha_collapse=0.000000, reg_bce_ratio=0.0266
2026-04-17 09:38:29,874 - INFO - [junyi|junyi_abce_best_no_E|lr=0.003|drop=0.40] [Diag][AE] Epoch [018] | irt_abs_mean=1.8535, irt_std=1.1156, personal_warmup_scale=1.00, graph_row_entropy=3.2177, graph_entropy_ratio=0.4915, alpha_mean=0.0000, alpha_std=0.0000, alpha_base_mean=0.0000, alpha_delta_absmean=0.0000, alpha_saturation_ratio=0.0000, alpha_bias_std=NA, alpha_state_path=0.0000, alpha_id_path=0.0000, alpha_bias_path=0.0000, head_bias_path=0.0000, personal_row_entropy=0.0000, personal_matrix_delta=0.0000, personal_matrix_student_std=0.0000, personal_delta_pre_softmax_norm=0.0000, personal_delta_student_std=0.0000, alpha_head_std=0.0000, query_row_global_readout_delta=0.1242, query_row_personal_message_delta=0.0000, query_row_posterior_delta_abs=0.0000, query_row_posterior_kl=0.0000, personal_to_graph_query_ratio=0.0000, query_row_global_support_mass=1.4756, query_row_personal_support_mass=0.0000, neighbor_row_personal_delta=0.0000, personal_row_budget_mean=0.0000, personal_query_row_std=0.0000, readout_query_support_mass=1.4756, personal_student_mix=0.0000, personal_student_adapter=0.0000, local_row_ratio=0.0000, support_density=0.0000, readout_query_delta=0.1242, personal_bad_rows_active=0.00, personal_fallback_rows_active=0.00, personal_bad_row_rate_active=0.0000, personal_padded_rows=0.00, personal_logits_support_absmax=0.0000, personal_query_trust_scale_mean=1.0000, personal_bad_rows_legacy=0.00, personal_fallback_rows_legacy=0.00, personal_logits_absmax_legacy=0.0000
2026-04-17 09:38:29,874 - INFO - [junyi|junyi_abce_best_no_E|lr=0.003|drop=0.40] [Diag][A] Epoch [018] | entropy_ratio=0.4915, diag_mass=0.0500, to_uniform_l2=0.007448, to_identity_l2=0.036726, relation_identity_delta=0.036726, knowledge_state_graph_delta=0.374961, knowledge_state_personal_delta=0.000000, share_concept_embeddings=True, tau_mean=0.6931, tau_std=0.0000, graph_reg_scale(train/val)=1.0000/1.0000
2026-04-17 09:38:29,874 - INFO - [junyi|junyi_abce_best_no_E|lr=0.003|drop=0.40] [Grad Norms] Epoch [018] | relation_emb=4.609960e-01, relation_tau=1.270550e-13, relation_wq=2.238351e-10, relation_wk=3.791807e-10, personal_u=0.000000e+00, personal_v=0.000000e+00, personal_alpha_bias=0.000000e+00, personal_gate_emb=0.000000e+00, personal_gate_state_proj=0.000000e+00, personal_gate_context_proj=0.000000e+00, personal_gate_state_direct=0.000000e+00, personal_gate_id_direct=0.000000e+00, personal_gate_context_direct=0.000000e+00, personal_gate_out=0.000000e+00, personal_generator_emb=0.000000e+00, personal_generator_context_proj=0.000000e+00, personal_generator_context_hidden=0.000000e+00, personal_generator_context_to_u=0.000000e+00, personal_generator_context_to_v=0.000000e+00, personal_generator_state_row=0.000000e+00, personal_generator_state_col=0.000000e+00, personal_generator_id_row=0.000000e+00, personal_generator_id_col=0.000000e+00, personal_generator_state_adapter=0.000000e+00, personal_generator_id_adapter=0.000000e+00, personal_generator_context_adapter=0.000000e+00, personal_generator_direct_scale=0.000000e+00
2026-04-17 09:38:29,875 - INFO - [junyi|junyi_abce_best_no_E|lr=0.003|drop=0.40] -> No improvement 1 epoch(s) (best AUC=0.8243 @ 17)
2026-04-17 09:39:32,161 - INFO - [junyi|junyi_abce_best_no_E|lr=0.003|drop=0.40] Epoch [019/100] | Train: Loss=0.4798, BCE=0.4671, Reg=0.0128, AUC=0.8353, ACC=0.7813, RMSE=0.3899 | Val: Loss=0.4992, BCE=0.4864, Reg=0.0128, AUC=0.8226, ACC=0.7736, RMSE=0.3985
2026-04-17 09:39:32,162 - INFO - [junyi|junyi_abce_best_no_E|lr=0.003|drop=0.40] [Reg Terms] Epoch [019] | Train: graph_entropy=0.000000, graph_diag=0.006000, graph_uniform=0.006753, graph_reg_scale=1.0000, prediction_l2=0.000000, personal_sparse=0.000000, alpha_var=0.000000, alpha_collapse=0.000000, reg_bce_ratio=0.0273 | Val: graph_entropy=0.000000, graph_diag=0.006000, graph_uniform=0.006753, graph_reg_scale=1.0000, prediction_l2=0.000000, personal_sparse=0.000000, alpha_var=0.000000, alpha_collapse=0.000000, reg_bce_ratio=0.0262
2026-04-17 09:39:32,463 - INFO - [junyi|junyi_abce_best_no_E|lr=0.003|drop=0.40] [Diag][AE] Epoch [019] | irt_abs_mean=1.9705, irt_std=1.1396, personal_warmup_scale=1.00, graph_row_entropy=3.2177, graph_entropy_ratio=0.4915, alpha_mean=0.0000, alpha_std=0.0000, alpha_base_mean=0.0000, alpha_delta_absmean=0.0000, alpha_saturation_ratio=0.0000, alpha_bias_std=NA, alpha_state_path=0.0000, alpha_id_path=0.0000, alpha_bias_path=0.0000, head_bias_path=0.0000, personal_row_entropy=0.0000, personal_matrix_delta=0.0000, personal_matrix_student_std=0.0000, personal_delta_pre_softmax_norm=0.0000, personal_delta_student_std=0.0000, alpha_head_std=0.0000, query_row_global_readout_delta=0.1351, query_row_personal_message_delta=0.0000, query_row_posterior_delta_abs=0.0000, query_row_posterior_kl=0.0000, personal_to_graph_query_ratio=0.0000, query_row_global_support_mass=0.9790, query_row_personal_support_mass=0.0000, neighbor_row_personal_delta=0.0000, personal_row_budget_mean=0.0000, personal_query_row_std=0.0000, readout_query_support_mass=0.9790, personal_student_mix=0.0000, personal_student_adapter=0.0000, local_row_ratio=0.0000, support_density=0.0000, readout_query_delta=0.1351, personal_bad_rows_active=0.00, personal_fallback_rows_active=0.00, personal_bad_row_rate_active=0.0000, personal_padded_rows=0.00, personal_logits_support_absmax=0.0000, personal_query_trust_scale_mean=1.0000, personal_bad_rows_legacy=0.00, personal_fallback_rows_legacy=0.00, personal_logits_absmax_legacy=0.0000
2026-04-17 09:39:32,463 - INFO - [junyi|junyi_abce_best_no_E|lr=0.003|drop=0.40] [Diag][A] Epoch [019] | entropy_ratio=0.4915, diag_mass=0.0500, to_uniform_l2=0.007448, to_identity_l2=0.036726, relation_identity_delta=0.036726, knowledge_state_graph_delta=0.392971, knowledge_state_personal_delta=0.000000, share_concept_embeddings=True, tau_mean=0.6931, tau_std=0.0000, graph_reg_scale(train/val)=1.0000/1.0000
2026-04-17 09:39:32,463 - INFO - [junyi|junyi_abce_best_no_E|lr=0.003|drop=0.40] [Grad Norms] Epoch [019] | relation_emb=4.803181e-01, relation_tau=3.278251e-13, relation_wq=1.355707e-09, relation_wk=1.411227e-09, personal_u=0.000000e+00, personal_v=0.000000e+00, personal_alpha_bias=0.000000e+00, personal_gate_emb=0.000000e+00, personal_gate_state_proj=0.000000e+00, personal_gate_context_proj=0.000000e+00, personal_gate_state_direct=0.000000e+00, personal_gate_id_direct=0.000000e+00, personal_gate_context_direct=0.000000e+00, personal_gate_out=0.000000e+00, personal_generator_emb=0.000000e+00, personal_generator_context_proj=0.000000e+00, personal_generator_context_hidden=0.000000e+00, personal_generator_context_to_u=0.000000e+00, personal_generator_context_to_v=0.000000e+00, personal_generator_state_row=0.000000e+00, personal_generator_state_col=0.000000e+00, personal_generator_id_row=0.000000e+00, personal_generator_id_col=0.000000e+00, personal_generator_state_adapter=0.000000e+00, personal_generator_id_adapter=0.000000e+00, personal_generator_context_adapter=0.000000e+00, personal_generator_direct_scale=0.000000e+00
2026-04-17 09:39:32,463 - INFO - [junyi|junyi_abce_best_no_E|lr=0.003|drop=0.40] -> No improvement 2 epoch(s) (best AUC=0.8243 @ 17)
2026-04-17 09:40:02,871 - INFO - [junyi|junyi_abce_best_full|lr=0.003|drop=0.40] Epoch [016/100] | Train: Loss=0.5153, BCE=0.5004, Reg=0.0149, AUC=0.8071, ACC=0.7590, RMSE=0.4062 | Val: Loss=0.5046, BCE=0.4896, Reg=0.0150, AUC=0.8121, ACC=0.7646, RMSE=0.4011
2026-04-17 09:40:02,871 - INFO - [junyi|junyi_abce_best_full|lr=0.003|drop=0.40] [Reg Terms] Epoch [016] | Train: graph_entropy=0.000000, graph_diag=0.006004, graph_uniform=0.006753, graph_reg_scale=1.0000, prediction_l2=0.000000, personal_sparse=0.001199, alpha_var=0.000000, alpha_collapse=0.000005, reg_bce_ratio=0.0299 | Val: graph_entropy=0.000000, graph_diag=0.006000, graph_uniform=0.006753, graph_reg_scale=1.0000, prediction_l2=0.000000, personal_sparse=0.001181, alpha_var=0.000000, alpha_collapse=0.000028, reg_bce_ratio=0.0306
2026-04-17 09:40:03,110 - INFO - [junyi|junyi_abce_best_full|lr=0.003|drop=0.40] [Diag][AE] Epoch [016] | irt_abs_mean=1.5310, irt_std=0.8987, personal_warmup_scale=1.00, graph_row_entropy=3.2177, graph_entropy_ratio=0.4915, alpha_mean=0.1310, alpha_std=0.0367, alpha_base_mean=0.1304, alpha_delta_absmean=0.0244, alpha_saturation_ratio=0.0000, alpha_bias_std=NA, alpha_state_path=0.5104, alpha_id_path=0.0000, alpha_bias_path=0.0000, head_bias_path=0.1647, personal_row_entropy=2.3469, personal_matrix_delta=0.0459, personal_matrix_student_std=0.0506, personal_delta_pre_softmax_norm=2.6719, personal_delta_student_std=2.6311, alpha_head_std=0.0351, query_row_global_readout_delta=0.1364, query_row_personal_message_delta=0.0007, query_row_posterior_delta_abs=0.0459, query_row_posterior_kl=0.0346, personal_to_graph_query_ratio=0.0049, query_row_global_support_mass=1.6872, query_row_personal_support_mass=1.6872, neighbor_row_personal_delta=0.0000, personal_row_budget_mean=1.3000, personal_query_row_std=0.1472, readout_query_support_mass=1.6872, personal_student_mix=0.0500, personal_student_adapter=0.0400, local_row_ratio=0.0647, support_density=1.0000, readout_query_delta=0.1361, personal_bad_rows_active=0.00, personal_fallback_rows_active=0.00, personal_bad_row_rate_active=0.0000, personal_padded_rows=0.00, personal_logits_support_absmax=6.7260, personal_query_trust_scale_mean=1.0000, personal_bad_rows_legacy=0.00, personal_fallback_rows_legacy=0.00, personal_logits_absmax_legacy=6.7260
2026-04-17 09:40:03,110 - INFO - [junyi|junyi_abce_best_full|lr=0.003|drop=0.40] [Diag][A] Epoch [016] | entropy_ratio=0.4915, diag_mass=0.0500, to_uniform_l2=0.007448, to_identity_l2=0.036726, relation_identity_delta=0.036726, knowledge_state_graph_delta=0.346725, knowledge_state_personal_delta=0.000000, share_concept_embeddings=True, tau_mean=0.6931, tau_std=0.0000, graph_reg_scale(train/val)=1.0000/1.0000
2026-04-17 09:40:03,110 - WARNING - [junyi|junyi_abce_best_full|lr=0.003|drop=0.40] [Diag Warning][AE] query-readout-overamplified: readout_query_delta=0.136140, query_row_graph_delta=0.136420, personal_matrix_delta=0.045864
2026-04-17 09:40:03,110 - INFO - [junyi|junyi_abce_best_full|lr=0.003|drop=0.40] [Grad Norms] Epoch [016] | relation_emb=4.519560e-01, relation_tau=1.521631e-12, relation_wq=1.127204e-08, relation_wk=8.296082e-09, personal_u=4.772726e-03, personal_v=3.818852e-03, personal_alpha_bias=0.000000e+00, personal_gate_emb=0.000000e+00, personal_gate_state_proj=3.056514e-17, personal_gate_context_proj=2.203959e-12, personal_gate_state_direct=1.293864e-09, personal_gate_id_direct=0.000000e+00, personal_gate_context_direct=1.043101e-04, personal_gate_out=8.242577e-10, personal_generator_emb=2.491397e-19, personal_generator_context_proj=7.230004e-18, personal_generator_context_hidden=4.313391e-15, personal_generator_context_to_u=6.339761e-12, personal_generator_context_to_v=6.624181e-12, personal_generator_state_row=5.968053e-12, personal_generator_state_col=6.253633e-12, personal_generator_id_row=1.495859e-12, personal_generator_id_col=1.562967e-12, personal_generator_state_adapter=4.347068e-17, personal_generator_id_adapter=4.166598e-22, personal_generator_context_adapter=4.840634e-17, personal_generator_direct_scale=5.804931e-07
2026-04-17 09:40:03,110 - INFO - [junyi|junyi_abce_best_full|lr=0.003|drop=0.40] -> No improvement 2 epoch(s) (best AUC=0.8145 @ 14)
2026-04-17 09:40:34,457 - INFO - [junyi|junyi_abce_best_no_E|lr=0.003|drop=0.40] Epoch [020/100] | Train: Loss=0.4653, BCE=0.4525, Reg=0.0128, AUC=0.8469, ACC=0.7901, RMSE=0.3827 | Val: Loss=0.4965, BCE=0.4838, Reg=0.0128, AUC=0.8238, ACC=0.7718, RMSE=0.3974
2026-04-17 09:40:34,457 - INFO - [junyi|junyi_abce_best_no_E|lr=0.003|drop=0.40] [Reg Terms] Epoch [020] | Train: graph_entropy=0.000000, graph_diag=0.006000, graph_uniform=0.006753, graph_reg_scale=1.0000, prediction_l2=0.000000, personal_sparse=0.000000, alpha_var=0.000000, alpha_collapse=0.000000, reg_bce_ratio=0.0282 | Val: graph_entropy=0.000000, graph_diag=0.006000, graph_uniform=0.006753, graph_reg_scale=1.0000, prediction_l2=0.000000, personal_sparse=0.000000, alpha_var=0.000000, alpha_collapse=0.000000, reg_bce_ratio=0.0264
2026-04-17 09:40:34,738 - INFO - [junyi|junyi_abce_best_no_E|lr=0.003|drop=0.40] [Diag][AE] Epoch [020] | irt_abs_mean=1.9212, irt_std=1.1674, personal_warmup_scale=1.00, graph_row_entropy=3.2177, graph_entropy_ratio=0.4915, alpha_mean=0.0000, alpha_std=0.0000, alpha_base_mean=0.0000, alpha_delta_absmean=0.0000, alpha_saturation_ratio=0.0000, alpha_bias_std=NA, alpha_state_path=0.0000, alpha_id_path=0.0000, alpha_bias_path=0.0000, head_bias_path=0.0000, personal_row_entropy=0.0000, personal_matrix_delta=0.0000, personal_matrix_student_std=0.0000, personal_delta_pre_softmax_norm=0.0000, personal_delta_student_std=0.0000, alpha_head_std=0.0000, query_row_global_readout_delta=0.1198, query_row_personal_message_delta=0.0000, query_row_posterior_delta_abs=0.0000, query_row_posterior_kl=0.0000, personal_to_graph_query_ratio=0.0000, query_row_global_support_mass=2.3053, query_row_personal_support_mass=0.0000, neighbor_row_personal_delta=0.0000, personal_row_budget_mean=0.0000, personal_query_row_std=0.0000, readout_query_support_mass=2.3053, personal_student_mix=0.0000, personal_student_adapter=0.0000, local_row_ratio=0.0000, support_density=0.0000, readout_query_delta=0.1198, personal_bad_rows_active=0.00, personal_fallback_rows_active=0.00, personal_bad_row_rate_active=0.0000, personal_padded_rows=0.00, personal_logits_support_absmax=0.0000, personal_query_trust_scale_mean=1.0000, personal_bad_rows_legacy=0.00, personal_fallback_rows_legacy=0.00, personal_logits_absmax_legacy=0.0000
2026-04-17 09:40:34,739 - INFO - [junyi|junyi_abce_best_no_E|lr=0.003|drop=0.40] [Diag][A] Epoch [020] | entropy_ratio=0.4915, diag_mass=0.0500, to_uniform_l2=0.007448, to_identity_l2=0.036726, relation_identity_delta=0.036726, knowledge_state_graph_delta=0.386022, knowledge_state_personal_delta=0.000000, share_concept_embeddings=True, tau_mean=0.6931, tau_std=0.0000, graph_reg_scale(train/val)=1.0000/1.0000
2026-04-17 09:40:34,739 - INFO - [junyi|junyi_abce_best_no_E|lr=0.003|drop=0.40] [Grad Norms] Epoch [020] | relation_emb=6.783519e-01, relation_tau=0.000000e+00, relation_wq=0.000000e+00, relation_wk=0.000000e+00, personal_u=0.000000e+00, personal_v=0.000000e+00, personal_alpha_bias=0.000000e+00, personal_gate_emb=0.000000e+00, personal_gate_state_proj=0.000000e+00, personal_gate_context_proj=0.000000e+00, personal_gate_state_direct=0.000000e+00, personal_gate_id_direct=0.000000e+00, personal_gate_context_direct=0.000000e+00, personal_gate_out=0.000000e+00, personal_generator_emb=0.000000e+00, personal_generator_context_proj=0.000000e+00, personal_generator_context_hidden=0.000000e+00, personal_generator_context_to_u=0.000000e+00, personal_generator_context_to_v=0.000000e+00, personal_generator_state_row=0.000000e+00, personal_generator_state_col=0.000000e+00, personal_generator_id_row=0.000000e+00, personal_generator_id_col=0.000000e+00, personal_generator_state_adapter=0.000000e+00, personal_generator_id_adapter=0.000000e+00, personal_generator_context_adapter=0.000000e+00, personal_generator_direct_scale=0.000000e+00
2026-04-17 09:40:34,739 - INFO - [junyi|junyi_abce_best_no_E|lr=0.003|drop=0.40] -> No improvement 3 epoch(s) (best AUC=0.8243 @ 17)
2026-04-17 09:40:34,739 - INFO - [junyi|junyi_abce_best_no_E|lr=0.003|drop=0.40] Early stopping at epoch 20 (best AUC=0.8243 @ 17)
2026-04-17 09:40:34,745 - INFO - Epoch-wise metrics saved to checkpoints/abce_diag/remote_trust_diag_20260417_709083f/junyi/seed42/best_no_E/metrics_history.csv
2026-04-17 09:40:34,748 - INFO - [junyi|junyi_abce_best_no_E|lr=0.003|drop=0.40] Training completed! Best Val AUC=0.8243 @ epoch 17
2026-04-17 09:40:35,018 - INFO - 
============================================================
         MODULE ACTIVITY REPORT
============================================================
Dataset: junyi | Seed: 42 | Epoch: 20

1. Concept Graph Module (A):
   - Mean row entropy: 3.218 / 6.547
   - Entropy ratio: 49.1%
   - Query readout delta: 0.1203
   - Status: LIVE (global graph is entering queried concept readout)

2. Personal Graph Module (E):
   - Status: DISABLED (use_personal_graph=False or no_E)

------------------------------------------------------------
SUMMARY:
   Active modules: Concept Graph (A)
   All enabled graph modules are functioning properly.
============================================================
2026-04-17 09:40:35,018 - INFO - [junyi|junyi_abce_best_no_E|lr=0.003|drop=0.40] Module activity saved to checkpoints/abce_diag/remote_trust_diag_20260417_709083f/junyi/seed42/best_no_E/module_activity.json
2026-04-17 09:40:35,078 - INFO - Using device: cuda:0 (physical gpu 2)
2026-04-17 09:40:35,079 - INFO - Loading model from checkpoints/abce_diag/remote_trust_diag_20260417_709083f/junyi/seed42/best_no_E/best_model.pth...
2026-04-17 09:40:35,140 - INFO - [Inference Filter] before=67063, after=60494, dropped=6569, coverage=90.20% (train-only seen student/item support)
2026-04-17 09:40:35,159 - INFO - Inference switches: ablate_module1=False | enable_module1=True | use_concept_graph=True | effective(num_gnn_layers=2)
2026-04-17 09:40:35,206 - INFO - [Inference] Ablation runtime check: args(ablate_module1=False) | expect(use_concept_graph=True,use_personal_graph=False) | model(enable_module1=True,use_concept_graph=True,use_personal_graph=False) | physical(has_knowledge_encoder=True,has_relation_learning=True,has_adaptive_gate=False,has_personal_generator=False)
2026-04-17 09:40:35,207 - INFO - [Inference] [Graph Init] graph_tau_mean=1.0055, graph_tau_std=0.0000, graph_dropout=0.000, use_personal_graph=False
2026-04-17 09:40:35,208 - INFO - Model loaded from epoch 17. Start testing...
[GPU] Status: [GPU 2: 20819MiB free]
2026-04-17 09:40:39,995 - INFO - [Test] 200/237 batches done, samples=51200
2026-04-17 09:40:40,898 - INFO - 
==================================================
2026-04-17 09:40:40,898 - INFO - Test Results:
2026-04-17 09:40:40,898 - INFO - AUC: 0.8289
2026-04-17 09:40:40,898 - INFO - ACC: 0.7712
2026-04-17 09:40:40,898 - INFO - RMSE: 0.3989
2026-04-17 09:40:40,898 - INFO - ==================================================
/home/zsh/ConceptSkillCDM/src/experiment_utils.py:316: FutureWarning: The behavior of DataFrame concatenation with empty or all-NA entries is deprecated. In a future version, this will no longer exclude empty or all-NA columns when determining the result dtypes. To retain the old behavior, exclude the relevant entries before the concat operation.
  df = pd.concat([df, pd.DataFrame([row])], ignore_index=True)
2026-04-17 09:40:40,920 - INFO - Summary appended to /home/zsh/ConceptSkillCDM/results/experiment_results.csv
2026-04-17 09:40:40,921 - INFO - 
Generating student diagnosis reports...
2026-04-17 09:40:40,951 - INFO - Student diagnosis reports saved to checkpoints/abce_diag/remote_trust_diag_20260417_709083f/junyi/seed42/best_no_E/student_diagnosis.json
2026-04-17 09:40:40,955 - INFO - Run completed.
2026-04-17 09:40:40,955 - INFO - Best validation AUC: 0.8243 at epoch 17
2026-04-17 09:40:40,955 - INFO - Test metrics - AUC: 0.8289, ACC: 0.7712, RMSE: 0.3989
2026-04-17 09:40:41,136 - INFO - [数据清洗] 学生交互次数 < 15 次的学生：共移除 2188 个学生（仅统计用户数）
2026-04-17 09:40:41,151 - INFO - [数据清洗] 学生冷启动过滤：在 train/valid/test 中共删除 35779 条记录。
2026-04-17 09:40:41,151 - INFO - [数据清洗] 跳过题目冷门过滤（min_exer_interactions <= 0）。
2026-04-17 09:40:41,151 - INFO - [数据清洗] 跳过毒题清洗（min_poison_count <= 0）。
2026-04-17 09:40:41,151 - INFO - 正在构建ID映射...
2026-04-17 09:40:41,439 - INFO - 正在构建Q矩阵...
2026-04-17 09:40:49,000 - INFO - [数据清洗] Valid train-seen 过滤：before=22111, after=22111, dropped=0, coverage=100.00%
2026-04-17 09:40:49,009 - INFO - [数据清洗] Test train-seen 过滤：before=60499, after=60494, dropped=5, coverage=99.99%
2026-04-17 09:40:49,014 - INFO - [统计] 开始统计清洗后每道题的概念数量分布...
2026-04-17 09:40:49,017 - INFO - [Train] 概念数统计：题目数=697, 平均概念数=1.0000, min=1, max=1, 1概念=697 (100.00%), ≥2概念=0 (0.00%)
2026-04-17 09:40:49,017 - INFO - [Train] 概念数直方图（概念数: 题目数量）: {1: 697}
2026-04-17 09:40:49,017 - INFO - [Valid] 概念数统计：题目数=614, 平均概念数=1.0000, min=1, max=1, 1概念=614 (100.00%), ≥2概念=0 (0.00%)
2026-04-17 09:40:49,017 - INFO - [Valid] 概念数直方图（概念数: 题目数量）: {1: 614}
2026-04-17 09:40:49,018 - INFO - [Test] 概念数统计：题目数=663, 平均概念数=1.0000, min=1, max=1, 1概念=663 (100.00%), ≥2概念=0 (0.00%)
2026-04-17 09:40:49,018 - INFO - [Test] 概念数直方图（概念数: 题目数量）: {1: 663}
2026-04-17 09:40:49,018 - INFO - [统计] 概念数量统计完成。
2026-04-17 09:40:49,018 - INFO - 正在加载数据集...
2026-04-17 09:40:49,128 - INFO - [Component Analysis] Global graph: torch.Size([2, 697, 697])
2026-04-17 09:40:49,154 - INFO - [Component Analysis] Data saved to checkpoints/abce_diag/remote_trust_diag_20260417_709083f/junyi/seed42/best_no_E/component_analysis_data.npz
2026-04-17 09:40:49,588 - INFO - Generating component analysis visualizations...
2026-04-17 09:40:50,016 - INFO - Visualizations saved to checkpoints/abce_diag/remote_trust_diag_20260417_709083f/junyi/seed42/best_no_E
Saved: checkpoints/abce_diag/remote_trust_diag_20260417_709083f/junyi/seed42/best_no_E/global_concept_graph.png
Graph sparsity (entries < 0.01): 50.00%
/home/zsh/anaconda3/envs/xph_env/bin/python main.py --dataset_name junyi --model_variant junyi_abce_best_full --save_dir checkpoints/abce_diag/remote_trust_diag_20260417_709083f/junyi/seed42/best_full --log_dir logs/abce_diag/remote_trust_diag_20260417_709083f/junyi/seed42/best_full --seed 42 --generate_diagnosis True --alpha_min_target 0.04 --batch_size 64 --debug_graph_diag --diag_batches 1 --dropout 0.4 --early_stop_patience 3 --epochs 100 --graph_dropout 0.0 --graph_entropy_max 0.7 --graph_entropy_min 0.15 --graph_identity_residual 0.05 --graph_propagation_alpha 0.25 --graph_query_readout_2hop_scale 0.12 --graph_query_readout_scale 0.45 --graph_reg_cap_ratio 6.0 --graph_reg_warmup_epochs 2 --graph_tau_init 0.55 --graph_topk 24 --graph_uniform_margin 0.12 --knowledge_dim 128 --lambda_alpha 0.0 --lambda_alpha_min 0.05 --lambda_graph_diag 0.12 --lambda_graph_uniform 0.06 --lambda_personal_kl 0.03 --lambda_personal_query_residual 0.08 --lambda_sparse 0.6 --lambda_sparse_personal 0.0005 --learning_rate 0.003 --min_exer_interactions 0 --min_poison_count 0 --min_stu_interactions 15 --num_gnn_layers 2 --num_relation_heads 2 --num_workers 4 --patience 1 --personal_alpha_base_init 0.04 --personal_alpha_bias_scale 0.0 --personal_alpha_budget 0.09 --personal_alpha_temperature 1.8 --personal_delta_scale 4.0 --personal_disable_student_global_context --personal_id_lr_mult 0.25 --no-personal_include_neighbor_rows --personal_local_hops 1 --personal_max_alpha 0.26 --personal_neighbor_row_budget 0.2 --personal_query_correction_max_ratio 0.2 --personal_query_correction_min_graph_anchor 0.01 --personal_query_correction_scale 0.05 --personal_query_residual_margin 0.05 --personal_query_row_budget 1.3 --personal_rank 8 --personal_reg_warmup_epochs 5 --personal_state_lr_mult 1.5 --personal_student_dim 64 --personal_support_only --personal_warmup_epochs 5 --prediction_l2_lambda 1e-05 --save_interval 10 --share_concept_embeddings --use_personal_graph --weight_decay 0.001
[DONE] dataset=assist_09 seed=42 profile=best ablation=full exit=0 auc=0.7601166420595604
[PLAN] dataset=junyi seed=42 profile=best ablation=no_A gpu=2
       CMD: /home/zsh/anaconda3/envs/xph_env/bin/python main.py --dataset_name junyi --model_variant junyi_abce_best_no_A --save_dir checkpoints/abce_diag/remote_trust_diag_20260417_709083f/junyi/seed42/best_no_A --log_dir logs/abce_diag/remote_trust_diag_20260417_709083f/junyi/seed42/best_no_A --seed 42 --generate_diagnosis True --alpha_min_target 0.04 --batch_size 64 --debug_graph_diag --diag_batches 1 --dropout 0.4 --early_stop_patience 3 --epochs 100 --graph_dropout 0.0 --graph_entropy_max 0.7 --graph_entropy_min 0.15 --graph_identity_residual 0.05 --graph_propagation_alpha 0.25 --graph_query_readout_2hop_scale 0.12 --graph_query_readout_scale 0.45 --graph_reg_cap_ratio 6.0 --graph_reg_warmup_epochs 2 --graph_tau_init 0.55 --graph_topk 24 --graph_uniform_margin 0.12 --knowledge_dim 128 --lambda_alpha 0.0 --lambda_alpha_min 0.05 --lambda_graph_diag 0.12 --lambda_graph_uniform 0.06 --lambda_personal_kl 0.03 --lambda_personal_query_residual 0.08 --lambda_sparse 0.6 --lambda_sparse_personal 0.0005 --learning_rate 0.003 --min_exer_interactions 0 --min_poison_count 0 --min_stu_interactions 15 --num_gnn_layers 2 --num_relation_heads 2 --num_workers 4 --patience 1 --personal_alpha_base_init 0.04 --personal_alpha_bias_scale 0.0 --personal_alpha_budget 0.09 --personal_alpha_temperature 1.8 --personal_delta_scale 4.0 --personal_disable_student_global_context --personal_id_lr_mult 0.25 --no-personal_include_neighbor_rows --personal_local_hops 1 --personal_max_alpha 0.26 --personal_neighbor_row_budget 0.2 --personal_query_correction_max_ratio 0.2 --personal_query_correction_min_graph_anchor 0.01 --personal_query_correction_scale 0.05 --personal_query_residual_margin 0.05 --personal_query_row_budget 1.3 --personal_rank 8 --personal_reg_warmup_epochs 5 --personal_state_lr_mult 1.5 --personal_student_dim 64 --personal_support_only --personal_warmup_epochs 5 --prediction_l2_lambda 1e-05 --save_interval 10 --share_concept_embeddings --use_personal_graph --weight_decay 0.001 --ablate_concept_graph
[DONE] dataset=junyi seed=42 profile=best ablation=no_A exit=1 auc=None
[PLAN] dataset=junyi seed=42 profile=best ablation=no_E gpu=2
       CMD: /home/zsh/anaconda3/envs/xph_env/bin/python main.py --dataset_name junyi --model_variant junyi_abce_best_no_E --save_dir checkpoints/abce_diag/remote_trust_diag_20260417_709083f/junyi/seed42/best_no_E --log_dir logs/abce_diag/remote_trust_diag_20260417_709083f/junyi/seed42/best_no_E --seed 42 --generate_diagnosis True --alpha_min_target 0.0 --batch_size 256 --debug_graph_diag --diag_batches 1 --dropout 0.4 --early_stop_patience 3 --epochs 100 --graph_dropout 0.0 --graph_entropy_max 0.7 --graph_entropy_min 0.15 --graph_identity_residual 0.05 --graph_propagation_alpha 0.25 --graph_query_readout_2hop_scale 0.12 --graph_query_readout_scale 0.45 --graph_reg_cap_ratio 6.0 --graph_reg_warmup_epochs 2 --graph_tau_init 0.55 --graph_topk 24 --graph_uniform_margin 0.12 --knowledge_dim 128 --lambda_alpha 0.0 --lambda_alpha_min 0.0 --lambda_graph_diag 0.12 --lambda_graph_uniform 0.06 --lambda_personal_kl 0.03 --lambda_personal_query_residual 0.08 --lambda_sparse 0.6 --lambda_sparse_personal 0.0 --learning_rate 0.003 --min_exer_interactions 0 --min_poison_count 0 --min_stu_interactions 15 --num_gnn_layers 2 --num_relation_heads 2 --num_workers 4 --patience 1 --personal_alpha_base_init 0.04 --personal_alpha_bias_scale 0.0 --personal_alpha_budget 0.09 --personal_alpha_temperature 1.8 --personal_delta_scale 4.0 --personal_disable_student_global_context --personal_id_lr_mult 0.25 --no-personal_include_neighbor_rows --personal_local_hops 1 --personal_max_alpha 0.26 --personal_neighbor_row_budget 0.2 --personal_query_correction_max_ratio 0.2 --personal_query_correction_min_graph_anchor 0.01 --personal_query_correction_scale 0.05 --personal_query_residual_margin 0.05 --personal_query_row_budget 1.3 --personal_rank 8 --personal_reg_warmup_epochs 5 --personal_state_lr_mult 1.5 --personal_student_dim 64 --personal_support_only --personal_warmup_epochs 5 --prediction_l2_lambda 1e-05 --save_interval 10 --share_concept_embeddings --no-use_personal_graph --weight_decay 0.001
[DONE] dataset=junyi seed=42 profile=best ablation=no_E exit=0 auc=0.8288598398596102
[PLAN] dataset=junyi seed=42 profile=best ablation=no_E_bs64 gpu=2
       CMD: 2026-04-17 09:41:12,316 - INFO - Arguments:
2026-04-17 09:41:12,317 - INFO -   ablate_concept_graph: False
2026-04-17 09:41:12,317 - INFO -   ablate_module1: False
2026-04-17 09:41:12,317 - INFO -   allow_self_loop: True
2026-04-17 09:41:12,317 - INFO -   alpha_min_target: 0.0
2026-04-17 09:41:12,317 - INFO -   batch_size: 64
2026-04-17 09:41:12,317 - INFO -   data_dir: ./data/junyi
2026-04-17 09:41:12,317 - INFO -   dataset_name: junyi
2026-04-17 09:41:12,317 - INFO -   debug_graph_diag: True
2026-04-17 09:41:12,317 - INFO -   diag_batches: 1
2026-04-17 09:41:12,317 - INFO -   disable_self_loop: False
2026-04-17 09:41:12,317 - INFO -   dropout: 0.4
2026-04-17 09:41:12,318 - INFO -   early_stop_patience: 3
2026-04-17 09:41:12,318 - INFO -   enable_module1: True
2026-04-17 09:41:12,318 - INFO -   epochs: 100
2026-04-17 09:41:12,318 - INFO -   generate_diagnosis: True
2026-04-17 09:41:12,318 - INFO -   gnn_residual_weight: 0.5
2026-04-17 09:41:12,318 - INFO -   gpu_candidates: None
2026-04-17 09:41:12,318 - INFO -   gpu_ids: None
2026-04-17 09:41:12,318 - INFO -   gpu_memory_threshold: 2000
2026-04-17 09:41:12,318 - INFO -   gpus: None
2026-04-17 09:41:12,318 - INFO -   graph_dropout: 0.0
2026-04-17 09:41:12,318 - INFO -   graph_entropy_max: 0.7
2026-04-17 09:41:12,319 - INFO -   graph_entropy_min: 0.15
2026-04-17 09:41:12,319 - INFO -   graph_identity_residual: 0.05
2026-04-17 09:41:12,319 - INFO -   graph_propagation_alpha: 0.25
2026-04-17 09:41:12,319 - INFO -   graph_query_readout_2hop_scale: 0.12
2026-04-17 09:41:12,319 - INFO -   graph_query_readout_scale: 0.45
2026-04-17 09:41:12,319 - INFO -   graph_query_writeback_2hop_scale: 0.12
2026-04-17 09:41:12,319 - INFO -   graph_query_writeback_scale: 0.45
2026-04-17 09:41:12,319 - INFO -   graph_readout_1hop_scale: 0.45
2026-04-17 09:41:12,320 - INFO -   graph_readout_2hop_scale: 0.12
2026-04-17 09:41:12,320 - INFO -   graph_reg_cap_ratio: 6.0
2026-04-17 09:41:12,320 - INFO -   graph_reg_warmup_epochs: 2
2026-04-17 09:41:12,320 - INFO -   graph_tau_init: 0.55
2026-04-17 09:41:12,320 - INFO -   graph_topk: 24
2026-04-17 09:41:12,320 - INFO -   graph_uniform_margin: 0.12
2026-04-17 09:41:12,320 - INFO -   knowledge_dim: 128
2026-04-17 09:41:12,320 - INFO -   lambda_alpha: 0.0
2026-04-17 09:41:12,320 - INFO -   lambda_alpha_min: 0.0
2026-04-17 09:41:12,320 - INFO -   lambda_graph_diag: 0.12
2026-04-17 09:41:12,320 - INFO -   lambda_graph_uniform: 0.06
2026-04-17 09:41:12,320 - INFO -   lambda_personal_kl: 0.03
2026-04-17 09:41:12,320 - INFO -   lambda_personal_query_residual: 0.08
2026-04-17 09:41:12,320 - INFO -   lambda_sparse: 0.6
2026-04-17 09:41:12,320 - INFO -   lambda_sparse_personal: 0.0
2026-04-17 09:41:12,320 - INFO -   learning_rate: 0.003
2026-04-17 09:41:12,320 - INFO -   log_dir: logs/abce_diag/remote_trust_diag_20260417_709083f/junyi/seed42/best_no_E_bs64
2026-04-17 09:41:12,320 - INFO -   max_test_batches: None
2026-04-17 09:41:12,320 - INFO -   max_train_batches: None
2026-04-17 09:41:12,320 - INFO -   max_val_batches: None
2026-04-17 09:41:12,321 - INFO -   min_exer_interactions: 0
2026-04-17 09:41:12,321 - INFO -   min_poison_count: 0
2026-04-17 09:41:12,321 - INFO -   min_stu_interactions: 15
2026-04-17 09:41:12,321 - INFO -   model_variant: junyi_abce_best_no_E_bs64
2026-04-17 09:41:12,321 - INFO -   multi_gpu: False
2026-04-17 09:41:12,321 - INFO -   no_cuda: False
2026-04-17 09:41:12,321 - INFO -   num_gnn_layers: 2
2026-04-17 09:41:12,321 - INFO -   num_gpus: 1
2026-04-17 09:41:12,321 - INFO -   num_relation_heads: 2
2026-04-17 09:41:12,321 - INFO -   num_workers: 4
2026-04-17 09:41:12,321 - INFO -   patience: 1
2026-04-17 09:41:12,321 - INFO -   personal_alpha_base_init: 0.04
2026-04-17 09:41:12,321 - INFO -   personal_alpha_bias_scale: 0.0
2026-04-17 09:41:12,321 - INFO -   personal_alpha_budget: 0.09
2026-04-17 09:41:12,321 - INFO -   personal_alpha_temperature: 1.8
2026-04-17 09:41:12,321 - INFO -   personal_delta_scale: 4.0
2026-04-17 09:41:12,321 - INFO -   personal_disable_student_global_context: True
2026-04-17 09:41:12,321 - INFO -   personal_id_lr_mult: 0.25
2026-04-17 09:41:12,321 - INFO -   personal_include_neighbor_rows: False
2026-04-17 09:41:12,321 - INFO -   personal_local_hops: 1
2026-04-17 09:41:12,321 - INFO -   personal_max_alpha: 0.26
2026-04-17 09:41:12,321 - INFO -   personal_neighbor_row_budget: 0.2
2026-04-17 09:41:12,321 - INFO -   personal_query_correction_max_ratio: 0.2
2026-04-17 09:41:12,321 - INFO -   personal_query_correction_min_graph_anchor: 0.01
2026-04-17 09:41:12,321 - INFO -   personal_query_correction_scale: 0.05
2026-04-17 09:41:12,321 - INFO -   personal_query_residual_margin: 0.05
2026-04-17 09:41:12,321 - INFO -   personal_query_row_budget: 1.3
2026-04-17 09:41:12,321 - INFO -   personal_rank: 8
2026-04-17 09:41:12,322 - INFO -   personal_reg_warmup_epochs: 5
2026-04-17 09:41:12,322 - INFO -   personal_state_lr_mult: 1.5
2026-04-17 09:41:12,322 - INFO -   personal_student_dim: 64
2026-04-17 09:41:12,322 - INFO -   personal_support_only: True
2026-04-17 09:41:12,322 - INFO -   personal_warmup_epochs: 5
2026-04-17 09:41:12,322 - INFO -   prediction_l2_lambda: 1e-05
2026-04-17 09:41:12,322 - INFO -   save_dir: checkpoints/abce_diag/remote_trust_diag_20260417_709083f/junyi/seed42/best_no_E_bs64
2026-04-17 09:41:12,322 - INFO -   save_interval: 10
2026-04-17 09:41:12,322 - INFO -   seed: 42
2026-04-17 09:41:12,322 - INFO -   share_concept_embeddings: True
2026-04-17 09:41:12,322 - INFO -   use_concept_graph: True
2026-04-17 09:41:12,322 - INFO -   use_exercise_graph: True
2026-04-17 09:41:12,322 - INFO -   use_personal_graph: False
2026-04-17 09:41:12,322 - INFO -   weight_decay: 0.001
2026-04-17 09:41:12,419 - INFO - Using device: cuda:0 (physical gpu 2)
2026-04-17 09:41:12,420 - INFO - [junyi|junyi_abce_best_no_E_bs64|lr=0.003|drop=0.40] Loading datasets...
2026-04-17 09:41:12,420 - INFO - [junyi|junyi_abce_best_no_E_bs64|lr=0.003|drop=0.40] Regularization: graph_entropy(lambda_sparse)=0.600000, graph_diag=0.120000, graph_uniform=0.060000, personal_sparse=0.000000, personal_kl=0.030000, personal_query_residual=0.080000, alpha_penalty=0.000000, alpha_min=0.000000, prediction_l2=0.000010
2026-04-17 09:41:12,420 - INFO - [junyi|junyi_abce_best_no_E_bs64|lr=0.003|drop=0.40] Graph controls: entropy_band=[0.15, 0.70], uniform_margin=0.12, warmup_epochs=2, cap_ratio=6.00, graph_dropout=0.000, graph_tau_init=0.550
2026-04-17 09:41:12,420 - INFO - [junyi|junyi_abce_best_no_E_bs64|lr=0.003|drop=0.40] Personal controls: personal_max_alpha=0.260, personal_delta_scale=4.000, personal_warmup_epochs=5, personal_student_dim=64, alpha_min_target=0.0000, personal_local_hops=1, include_neighbor_rows=False, personal_support_only=True, personal_alpha_temperature=1.800, personal_alpha_budget=0.090, personal_query_row_budget=1.300, personal_neighbor_row_budget=0.200, personal_query_correction_scale=0.050, personal_state_lr_mult=1.500, personal_id_lr_mult=0.250, graph_propagation_alpha=0.250, graph_query_readout_scale=0.450, graph_query_readout_2hop_scale=0.120
2026-04-17 09:41:12,531 - INFO - [junyi] [数据清洗] 学生交互次数 < 15 次的学生：共移除 2188 个学生（仅统计用户数）
2026-04-17 09:41:12,550 - INFO - [junyi] [数据清洗] 学生冷启动过滤：在 train/valid/test 中共删除 35779 条记录。
2026-04-17 09:41:12,550 - INFO - [junyi] [数据清洗] 跳过题目冷门过滤（min_exer_interactions <= 0）。
2026-04-17 09:41:12,550 - INFO - [junyi] [数据清洗] 跳过毒题清洗（min_poison_count <= 0）。
2026-04-17 09:41:12,550 - INFO - [junyi] 正在构建ID映射...
2026-04-17 09:41:12,843 - INFO - [junyi] 正在构建Q矩阵...
2026-04-17 09:41:19,247 - INFO - [junyi] [数据清洗] Valid train-seen 过滤：before=22111, after=22111, dropped=0, coverage=100.00%
2026-04-17 09:41:19,254 - INFO - [junyi] [数据清洗] Test train-seen 过滤：before=60499, after=60494, dropped=5, coverage=99.99%
2026-04-17 09:41:19,263 - INFO - [junyi] [统计] 开始统计清洗后每道题的概念数量分布...
2026-04-17 09:41:19,272 - INFO - [junyi] [Train] 概念数统计：题目数=697, 平均概念数=1.0000, min=1, max=1, 1概念=697 (100.00%), ≥2概念=0 (0.00%)
2026-04-17 09:41:19,272 - INFO - [junyi] [Train] 概念数直方图（概念数: 题目数量）: {1: 697}
2026-04-17 09:41:19,273 - INFO - [junyi] [Valid] 概念数统计：题目数=614, 平均概念数=1.0000, min=1, max=1, 1概念=614 (100.00%), ≥2概念=0 (0.00%)
2026-04-17 09:41:19,273 - INFO - [junyi] [Valid] 概念数直方图（概念数: 题目数量）: {1: 614}
2026-04-17 09:41:19,274 - INFO - [junyi] [Test] 概念数统计：题目数=663, 平均概念数=1.0000, min=1, max=1, 1概念=663 (100.00%), ≥2概念=0 (0.00%)
2026-04-17 09:41:19,275 - INFO - [junyi] [Test] 概念数直方图（概念数: 题目数量）: {1: 663}
2026-04-17 09:41:19,275 - INFO - [junyi] [统计] 概念数量统计完成。
2026-04-17 09:41:19,275 - INFO - [junyi] 正在加载数据集...
2026-04-17 09:41:19,436 - INFO - [junyi|junyi_abce_best_no_E_bs64|lr=0.003|drop=0.40] Train samples: 235446, Val samples: 22111
2026-04-17 09:41:19,436 - INFO - [junyi|junyi_abce_best_no_E_bs64|lr=0.003|drop=0.40] Number of students: 7812
2026-04-17 09:41:19,436 - INFO - [junyi|junyi_abce_best_no_E_bs64|lr=0.003|drop=0.40] Number of exercises: 697
2026-04-17 09:41:19,436 - INFO - [junyi|junyi_abce_best_no_E_bs64|lr=0.003|drop=0.40] Number of concepts: 697
2026-04-17 09:41:19,436 - INFO - [junyi|junyi_abce_best_no_E_bs64|lr=0.003|drop=0.40] Creating model...
2026-04-17 09:41:19,436 - INFO - [junyi|junyi_abce_best_no_E_bs64|lr=0.003|drop=0.40] Ablation switches: ablate_module1=False | enable_module1=True | use_concept_graph=True | effective(num_gnn_layers=2)
2026-04-17 09:41:19,638 - INFO - [junyi|junyi_abce_best_no_E_bs64|lr=0.003|drop=0.40] Ablation runtime check: args(ablate_module1=False) | expect(use_concept_graph=True,use_personal_graph=False) | model(enable_module1=True,use_concept_graph=True,use_personal_graph=False) | physical(has_knowledge_encoder=True,has_relation_learning=True,has_adaptive_gate=False,has_personal_generator=False)
2026-04-17 09:41:19,638 - INFO - [junyi|junyi_abce_best_no_E_bs64|lr=0.003|drop=0.40] Debug diagnostics enabled: diag_batches=1
2026-04-17 09:41:19,667 - INFO - [junyi|junyi_abce_best_no_E_bs64|lr=0.003|drop=0.40] [Graph Init] graph_tau_mean=1.0055, graph_tau_std=0.0000, graph_dropout=0.000, use_personal_graph=False
2026-04-17 09:41:19,667 - INFO - [junyi|junyi_abce_best_no_E_bs64|lr=0.003|drop=0.40] Total parameters: 1,267,135
2026-04-17 09:41:19,667 - INFO - [junyi|junyi_abce_best_no_E_bs64|lr=0.003|drop=0.40] Trainable parameters: 1,267,135
2026-04-17 09:41:20,914 - INFO - [junyi|junyi_abce_best_no_E_bs64|lr=0.003|drop=0.40] Optimizer param groups: backbone@lr=0.003
2026-04-17 09:41:20,915 - INFO - [junyi|junyi_abce_best_no_E_bs64|lr=0.003|drop=0.40] Monitor config: scheduler=val_auc(max), best_checkpoint=val_auc(max), early_stop=val_auc(max)
2026-04-17 09:41:20,915 - INFO - [junyi|junyi_abce_best_no_E_bs64|lr=0.003|drop=0.40] Starting training...
[GPU] Status: [GPU 2: 24088MiB free]
2026-04-17 09:42:37,544 - INFO - [junyi|junyi_abce_best_no_E_bs64|lr=0.003|drop=0.40] Epoch [001/100] | Train: Loss=0.5331, BCE=0.5264, Reg=0.0067, AUC=0.7813, ACC=0.7395, RMSE=0.4194 | Val: Loss=0.5174, BCE=0.5110, Reg=0.0064, AUC=0.7932, ACC=0.7551, RMSE=0.4106
2026-04-17 09:42:37,544 - INFO - [junyi|junyi_abce_best_no_E_bs64|lr=0.003|drop=0.40] [Reg Terms] Epoch [001] | Train: graph_entropy=0.000000, graph_diag=0.003297, graph_uniform=0.003375, graph_reg_scale=1.0000, prediction_l2=0.000000, personal_sparse=0.000000, alpha_var=0.000000, alpha_collapse=0.000000, reg_bce_ratio=0.0127 | Val: graph_entropy=0.000000, graph_diag=0.003000, graph_uniform=0.003377, graph_reg_scale=1.0000, prediction_l2=0.000000, personal_sparse=0.000000, alpha_var=0.000000, alpha_collapse=0.000000, reg_bce_ratio=0.0125
2026-04-17 09:42:37,750 - INFO - [junyi|junyi_abce_best_no_E_bs64|lr=0.003|drop=0.40] [Diag][AE] Epoch [001] | irt_abs_mean=1.6328, irt_std=0.9212, personal_warmup_scale=1.00, graph_row_entropy=3.2177, graph_entropy_ratio=0.4915, alpha_mean=0.0000, alpha_std=0.0000, alpha_base_mean=0.0000, alpha_delta_absmean=0.0000, alpha_saturation_ratio=0.0000, alpha_bias_std=NA, alpha_state_path=0.0000, alpha_id_path=0.0000, alpha_bias_path=0.0000, head_bias_path=0.0000, personal_row_entropy=0.0000, personal_matrix_delta=0.0000, personal_matrix_student_std=0.0000, personal_delta_pre_softmax_norm=0.0000, personal_delta_student_std=0.0000, alpha_head_std=0.0000, query_row_global_readout_delta=0.1100, query_row_personal_message_delta=0.0000, query_row_posterior_delta_abs=0.0000, query_row_posterior_kl=0.0000, personal_to_graph_query_ratio=0.0000, query_row_global_support_mass=1.2521, query_row_personal_support_mass=0.0000, neighbor_row_personal_delta=0.0000, personal_row_budget_mean=0.0000, personal_query_row_std=0.0000, readout_query_support_mass=1.2521, personal_student_mix=0.0000, personal_student_adapter=0.0000, local_row_ratio=0.0000, support_density=0.0000, readout_query_delta=0.1100, personal_bad_rows_active=0.00, personal_fallback_rows_active=0.00, personal_bad_row_rate_active=0.0000, personal_padded_rows=0.00, personal_logits_support_absmax=0.0000, personal_query_trust_scale_mean=1.0000, personal_bad_rows_legacy=0.00, personal_fallback_rows_legacy=0.00, personal_logits_absmax_legacy=0.0000
2026-04-17 09:42:37,751 - INFO - [junyi|junyi_abce_best_no_E_bs64|lr=0.003|drop=0.40] [Diag][A] Epoch [001] | entropy_ratio=0.4915, diag_mass=0.0500, to_uniform_l2=0.007448, to_identity_l2=0.036726, relation_identity_delta=0.036726, knowledge_state_graph_delta=0.290203, knowledge_state_personal_delta=0.000000, share_concept_embeddings=True, tau_mean=0.6931, tau_std=0.0000, graph_reg_scale(train/val)=1.0000/1.0000
2026-04-17 09:42:37,751 - INFO - [junyi|junyi_abce_best_no_E_bs64|lr=0.003|drop=0.40] [Grad Norms] Epoch [001] | relation_emb=2.739803e-01, relation_tau=1.951079e-11, relation_wq=1.044374e-08, relation_wk=1.080154e-08, personal_u=0.000000e+00, personal_v=0.000000e+00, personal_alpha_bias=0.000000e+00, personal_gate_emb=0.000000e+00, personal_gate_state_proj=0.000000e+00, personal_gate_context_proj=0.000000e+00, personal_gate_state_direct=0.000000e+00, personal_gate_id_direct=0.000000e+00, personal_gate_context_direct=0.000000e+00, personal_gate_out=0.000000e+00, personal_generator_emb=0.000000e+00, personal_generator_context_proj=0.000000e+00, personal_generator_context_hidden=0.000000e+00, personal_generator_context_to_u=0.000000e+00, personal_generator_context_to_v=0.000000e+00, personal_generator_state_row=0.000000e+00, personal_generator_state_col=0.000000e+00, personal_generator_id_row=0.000000e+00, personal_generator_id_col=0.000000e+00, personal_generator_state_adapter=0.000000e+00, personal_generator_id_adapter=0.000000e+00, personal_generator_context_adapter=0.000000e+00, personal_generator_direct_scale=0.000000e+00
2026-04-17 09:42:38,028 - INFO - [junyi|junyi_abce_best_no_E_bs64|lr=0.003|drop=0.40] -> New best AUC=0.7932 at epoch 1
2026-04-17 09:42:46,737 - INFO - [junyi|junyi_abce_best_full|lr=0.003|drop=0.40] Epoch [017/100] | Train: Loss=0.5027, BCE=0.4878, Reg=0.0149, AUC=0.8182, ACC=0.7679, RMSE=0.4001 | Val: Loss=0.4969, BCE=0.4819, Reg=0.0150, AUC=0.8200, ACC=0.7714, RMSE=0.3970
2026-04-17 09:42:46,737 - INFO - [junyi|junyi_abce_best_full|lr=0.003|drop=0.40] [Reg Terms] Epoch [017] | Train: graph_entropy=0.000000, graph_diag=0.006002, graph_uniform=0.006753, graph_reg_scale=1.0000, prediction_l2=0.000000, personal_sparse=0.001202, alpha_var=0.000000, alpha_collapse=0.000003, reg_bce_ratio=0.0306 | Val: graph_entropy=0.000000, graph_diag=0.006000, graph_uniform=0.006753, graph_reg_scale=1.0000, prediction_l2=0.000000, personal_sparse=0.001155, alpha_var=0.000000, alpha_collapse=0.000013, reg_bce_ratio=0.0311
2026-04-17 09:42:46,982 - INFO - [junyi|junyi_abce_best_full|lr=0.003|drop=0.40] [Diag][AE] Epoch [017] | irt_abs_mean=1.4957, irt_std=0.8178, personal_warmup_scale=1.00, graph_row_entropy=3.2177, graph_entropy_ratio=0.4915, alpha_mean=0.1318, alpha_std=0.0377, alpha_base_mean=0.1305, alpha_delta_absmean=0.0257, alpha_saturation_ratio=0.0000, alpha_bias_std=NA, alpha_state_path=0.5369, alpha_id_path=0.0000, alpha_bias_path=0.0000, head_bias_path=0.1648, personal_row_entropy=2.2874, personal_matrix_delta=0.0463, personal_matrix_student_std=0.0525, personal_delta_pre_softmax_norm=2.5373, personal_delta_student_std=2.4504, alpha_head_std=0.0364, query_row_global_readout_delta=0.1447, query_row_personal_message_delta=0.0008, query_row_posterior_delta_abs=0.0463, query_row_posterior_kl=0.0365, personal_to_graph_query_ratio=0.0054, query_row_global_support_mass=2.3812, query_row_personal_support_mass=2.3812, neighbor_row_personal_delta=0.0000, personal_row_budget_mean=1.3000, personal_query_row_std=0.4426, readout_query_support_mass=2.3812, personal_student_mix=0.0502, personal_student_adapter=0.0400, local_row_ratio=0.0655, support_density=1.0000, readout_query_delta=0.1444, personal_bad_rows_active=0.00, personal_fallback_rows_active=0.00, personal_bad_row_rate_active=0.0000, personal_padded_rows=0.00, personal_logits_support_absmax=6.8028, personal_query_trust_scale_mean=1.0000, personal_bad_rows_legacy=0.00, personal_fallback_rows_legacy=0.00, personal_logits_absmax_legacy=6.8028
2026-04-17 09:42:46,983 - INFO - [junyi|junyi_abce_best_full|lr=0.003|drop=0.40] [Diag][A] Epoch [017] | entropy_ratio=0.4915, diag_mass=0.0500, to_uniform_l2=0.007448, to_identity_l2=0.036726, relation_identity_delta=0.036726, knowledge_state_graph_delta=0.350329, knowledge_state_personal_delta=0.000000, share_concept_embeddings=True, tau_mean=0.6931, tau_std=0.0000, graph_reg_scale(train/val)=1.0000/1.0000
2026-04-17 09:42:46,983 - WARNING - [junyi|junyi_abce_best_full|lr=0.003|drop=0.40] [Diag Warning][AE] query-readout-overamplified: readout_query_delta=0.144407, query_row_graph_delta=0.144747, personal_matrix_delta=0.046342
2026-04-17 09:42:46,983 - INFO - [junyi|junyi_abce_best_full|lr=0.003|drop=0.40] [Grad Norms] Epoch [017] | relation_emb=4.352416e-01, relation_tau=1.473757e-13, relation_wq=2.254196e-09, relation_wk=1.596103e-09, personal_u=3.106160e-03, personal_v=4.567693e-03, personal_alpha_bias=0.000000e+00, personal_gate_emb=0.000000e+00, personal_gate_state_proj=1.169945e-16, personal_gate_context_proj=8.342863e-13, personal_gate_state_direct=5.644695e-08, personal_gate_id_direct=0.000000e+00, personal_gate_context_direct=4.023568e-04, personal_gate_out=2.482547e-09, personal_generator_emb=5.703731e-21, personal_generator_context_proj=3.243801e-19, personal_generator_context_hidden=4.524100e-16, personal_generator_context_to_u=2.213800e-12, personal_generator_context_to_v=6.304355e-12, personal_generator_state_row=1.708592e-12, personal_generator_state_col=4.863806e-12, personal_generator_id_row=4.272807e-13, personal_generator_id_col=1.216790e-12, personal_generator_state_adapter=9.731481e-17, personal_generator_id_adapter=2.357224e-23, personal_generator_context_adapter=8.843104e-17, personal_generator_direct_scale=5.173969e-06
2026-04-17 09:42:47,839 - INFO - [junyi|junyi_abce_best_full|lr=0.003|drop=0.40] -> New best AUC=0.8200 at epoch 17
2026-04-17 09:43:54,270 - INFO - [junyi|junyi_abce_best_no_E_bs64|lr=0.003|drop=0.40] Epoch [002/100] | Train: Loss=0.5324, BCE=0.5196, Reg=0.0128, AUC=0.7879, ACC=0.7443, RMSE=0.4161 | Val: Loss=0.5176, BCE=0.5049, Reg=0.0128, AUC=0.7973, ACC=0.7580, RMSE=0.4084
2026-04-17 09:43:54,270 - INFO - [junyi|junyi_abce_best_no_E_bs64|lr=0.003|drop=0.40] [Reg Terms] Epoch [002] | Train: graph_entropy=0.000000, graph_diag=0.006010, graph_uniform=0.006753, graph_reg_scale=1.0000, prediction_l2=0.000000, personal_sparse=0.000000, alpha_var=0.000000, alpha_collapse=0.000000, reg_bce_ratio=0.0246 | Val: graph_entropy=0.000000, graph_diag=0.006000, graph_uniform=0.006753, graph_reg_scale=1.0000, prediction_l2=0.000000, personal_sparse=0.000000, alpha_var=0.000000, alpha_collapse=0.000000, reg_bce_ratio=0.0253
2026-04-17 09:43:54,467 - INFO - [junyi|junyi_abce_best_no_E_bs64|lr=0.003|drop=0.40] [Diag][AE] Epoch [002] | irt_abs_mean=1.3851, irt_std=0.9368, personal_warmup_scale=1.00, graph_row_entropy=3.2177, graph_entropy_ratio=0.4915, alpha_mean=0.0000, alpha_std=0.0000, alpha_base_mean=0.0000, alpha_delta_absmean=0.0000, alpha_saturation_ratio=0.0000, alpha_bias_std=NA, alpha_state_path=0.0000, alpha_id_path=0.0000, alpha_bias_path=0.0000, head_bias_path=0.0000, personal_row_entropy=0.0000, personal_matrix_delta=0.0000, personal_matrix_student_std=0.0000, personal_delta_pre_softmax_norm=0.0000, personal_delta_student_std=0.0000, alpha_head_std=0.0000, query_row_global_readout_delta=0.1152, query_row_personal_message_delta=0.0000, query_row_posterior_delta_abs=0.0000, query_row_posterior_kl=0.0000, personal_to_graph_query_ratio=0.0000, query_row_global_support_mass=1.2357, query_row_personal_support_mass=0.0000, neighbor_row_personal_delta=0.0000, personal_row_budget_mean=0.0000, personal_query_row_std=0.0000, readout_query_support_mass=1.2357, personal_student_mix=0.0000, personal_student_adapter=0.0000, local_row_ratio=0.0000, support_density=0.0000, readout_query_delta=0.1152, personal_bad_rows_active=0.00, personal_fallback_rows_active=0.00, personal_bad_row_rate_active=0.0000, personal_padded_rows=0.00, personal_logits_support_absmax=0.0000, personal_query_trust_scale_mean=1.0000, personal_bad_rows_legacy=0.00, personal_fallback_rows_legacy=0.00, personal_logits_absmax_legacy=0.0000
2026-04-17 09:43:54,467 - INFO - [junyi|junyi_abce_best_no_E_bs64|lr=0.003|drop=0.40] [Diag][A] Epoch [002] | entropy_ratio=0.4915, diag_mass=0.0500, to_uniform_l2=0.007448, to_identity_l2=0.036726, relation_identity_delta=0.036726, knowledge_state_graph_delta=0.294526, knowledge_state_personal_delta=0.000000, share_concept_embeddings=True, tau_mean=0.6931, tau_std=0.0000, graph_reg_scale(train/val)=1.0000/1.0000
2026-04-17 09:43:54,467 - INFO - [junyi|junyi_abce_best_no_E_bs64|lr=0.003|drop=0.40] [Grad Norms] Epoch [002] | relation_emb=4.194572e-01, relation_tau=2.656024e-11, relation_wq=6.250473e-08, relation_wk=4.006069e-08, personal_u=0.000000e+00, personal_v=0.000000e+00, personal_alpha_bias=0.000000e+00, personal_gate_emb=0.000000e+00, personal_gate_state_proj=0.000000e+00, personal_gate_context_proj=0.000000e+00, personal_gate_state_direct=0.000000e+00, personal_gate_id_direct=0.000000e+00, personal_gate_context_direct=0.000000e+00, personal_gate_out=0.000000e+00, personal_generator_emb=0.000000e+00, personal_generator_context_proj=0.000000e+00, personal_generator_context_hidden=0.000000e+00, personal_generator_context_to_u=0.000000e+00, personal_generator_context_to_v=0.000000e+00, personal_generator_state_row=0.000000e+00, personal_generator_state_col=0.000000e+00, personal_generator_id_row=0.000000e+00, personal_generator_id_col=0.000000e+00, personal_generator_state_adapter=0.000000e+00, personal_generator_id_adapter=0.000000e+00, personal_generator_context_adapter=0.000000e+00, personal_generator_direct_scale=0.000000e+00
2026-04-17 09:43:54,694 - INFO - [junyi|junyi_abce_best_no_E_bs64|lr=0.003|drop=0.40] -> New best AUC=0.7973 at epoch 2
2026-04-17 09:45:11,170 - INFO - [junyi|junyi_abce_best_no_E_bs64|lr=0.003|drop=0.40] Epoch [003/100] | Train: Loss=0.5318, BCE=0.5190, Reg=0.0128, AUC=0.7889, ACC=0.7461, RMSE=0.4155 | Val: Loss=0.5221, BCE=0.5093, Reg=0.0128, AUC=0.7935, ACC=0.7558, RMSE=0.4107
2026-04-17 09:45:11,170 - INFO - [junyi|junyi_abce_best_no_E_bs64|lr=0.003|drop=0.40] [Reg Terms] Epoch [003] | Train: graph_entropy=0.000000, graph_diag=0.006011, graph_uniform=0.006753, graph_reg_scale=1.0000, prediction_l2=0.000000, personal_sparse=0.000000, alpha_var=0.000000, alpha_collapse=0.000000, reg_bce_ratio=0.0246 | Val: graph_entropy=0.000000, graph_diag=0.006000, graph_uniform=0.006753, graph_reg_scale=1.0000, prediction_l2=0.000000, personal_sparse=0.000000, alpha_var=0.000000, alpha_collapse=0.000000, reg_bce_ratio=0.0250
2026-04-17 09:45:11,389 - INFO - [junyi|junyi_abce_best_no_E_bs64|lr=0.003|drop=0.40] [Diag][AE] Epoch [003] | irt_abs_mean=1.3684, irt_std=0.8020, personal_warmup_scale=1.00, graph_row_entropy=3.2177, graph_entropy_ratio=0.4915, alpha_mean=0.0000, alpha_std=0.0000, alpha_base_mean=0.0000, alpha_delta_absmean=0.0000, alpha_saturation_ratio=0.0000, alpha_bias_std=NA, alpha_state_path=0.0000, alpha_id_path=0.0000, alpha_bias_path=0.0000, head_bias_path=0.0000, personal_row_entropy=0.0000, personal_matrix_delta=0.0000, personal_matrix_student_std=0.0000, personal_delta_pre_softmax_norm=0.0000, personal_delta_student_std=0.0000, alpha_head_std=0.0000, query_row_global_readout_delta=0.1202, query_row_personal_message_delta=0.0000, query_row_posterior_delta_abs=0.0000, query_row_posterior_kl=0.0000, personal_to_graph_query_ratio=0.0000, query_row_global_support_mass=2.1063, query_row_personal_support_mass=0.0000, neighbor_row_personal_delta=0.0000, personal_row_budget_mean=0.0000, personal_query_row_std=0.0000, readout_query_support_mass=2.1063, personal_student_mix=0.0000, personal_student_adapter=0.0000, local_row_ratio=0.0000, support_density=0.0000, readout_query_delta=0.1202, personal_bad_rows_active=0.00, personal_fallback_rows_active=0.00, personal_bad_row_rate_active=0.0000, personal_padded_rows=0.00, personal_logits_support_absmax=0.0000, personal_query_trust_scale_mean=1.0000, personal_bad_rows_legacy=0.00, personal_fallback_rows_legacy=0.00, personal_logits_absmax_legacy=0.0000
2026-04-17 09:45:11,390 - INFO - [junyi|junyi_abce_best_no_E_bs64|lr=0.003|drop=0.40] [Diag][A] Epoch [003] | entropy_ratio=0.4915, diag_mass=0.0500, to_uniform_l2=0.007448, to_identity_l2=0.036726, relation_identity_delta=0.036726, knowledge_state_graph_delta=0.271862, knowledge_state_personal_delta=0.000000, share_concept_embeddings=True, tau_mean=0.6931, tau_std=0.0000, graph_reg_scale(train/val)=1.0000/1.0000
2026-04-17 09:45:11,390 - INFO - [junyi|junyi_abce_best_no_E_bs64|lr=0.003|drop=0.40] [Grad Norms] Epoch [003] | relation_emb=3.048498e-01, relation_tau=7.149977e-12, relation_wq=2.098598e-08, relation_wk=1.707726e-08, personal_u=0.000000e+00, personal_v=0.000000e+00, personal_alpha_bias=0.000000e+00, personal_gate_emb=0.000000e+00, personal_gate_state_proj=0.000000e+00, personal_gate_context_proj=0.000000e+00, personal_gate_state_direct=0.000000e+00, personal_gate_id_direct=0.000000e+00, personal_gate_context_direct=0.000000e+00, personal_gate_out=0.000000e+00, personal_generator_emb=0.000000e+00, personal_generator_context_proj=0.000000e+00, personal_generator_context_hidden=0.000000e+00, personal_generator_context_to_u=0.000000e+00, personal_generator_context_to_v=0.000000e+00, personal_generator_state_row=0.000000e+00, personal_generator_state_col=0.000000e+00, personal_generator_id_row=0.000000e+00, personal_generator_id_col=0.000000e+00, personal_generator_state_adapter=0.000000e+00, personal_generator_id_adapter=0.000000e+00, personal_generator_context_adapter=0.000000e+00, personal_generator_direct_scale=0.000000e+00
2026-04-17 09:45:11,390 - INFO - [junyi|junyi_abce_best_no_E_bs64|lr=0.003|drop=0.40] -> No improvement 1 epoch(s) (best AUC=0.7973 @ 2)
2026-04-17 09:45:29,326 - INFO - [junyi|junyi_abce_best_full|lr=0.003|drop=0.40] Epoch [018/100] | Train: Loss=0.5012, BCE=0.4862, Reg=0.0149, AUC=0.8196, ACC=0.7699, RMSE=0.3992 | Val: Loss=0.4996, BCE=0.4846, Reg=0.0150, AUC=0.8197, ACC=0.7738, RMSE=0.3977
2026-04-17 09:45:29,327 - INFO - [junyi|junyi_abce_best_full|lr=0.003|drop=0.40] [Reg Terms] Epoch [018] | Train: graph_entropy=0.000000, graph_diag=0.006003, graph_uniform=0.006753, graph_reg_scale=1.0000, prediction_l2=0.000000, personal_sparse=0.001192, alpha_var=0.000000, alpha_collapse=0.000004, reg_bce_ratio=0.0307 | Val: graph_entropy=0.000000, graph_diag=0.006000, graph_uniform=0.006753, graph_reg_scale=1.0000, prediction_l2=0.000000, personal_sparse=0.001217, alpha_var=0.000000, alpha_collapse=0.000047, reg_bce_ratio=0.0309
2026-04-17 09:45:29,540 - INFO - [junyi|junyi_abce_best_full|lr=0.003|drop=0.40] [Diag][AE] Epoch [018] | irt_abs_mean=1.8574, irt_std=1.1277, personal_warmup_scale=1.00, graph_row_entropy=3.2177, graph_entropy_ratio=0.4915, alpha_mean=0.1309, alpha_std=0.0358, alpha_base_mean=0.1305, alpha_delta_absmean=0.0234, alpha_saturation_ratio=0.0000, alpha_bias_std=NA, alpha_state_path=0.4864, alpha_id_path=0.0000, alpha_bias_path=0.0000, head_bias_path=0.1703, personal_row_entropy=2.4282, personal_matrix_delta=0.0434, personal_matrix_student_std=0.0467, personal_delta_pre_softmax_norm=2.7509, personal_delta_student_std=2.7034, alpha_head_std=0.0345, query_row_global_readout_delta=0.1146, query_row_personal_message_delta=0.0005, query_row_posterior_delta_abs=0.0434, query_row_posterior_kl=0.0316, personal_to_graph_query_ratio=0.0044, query_row_global_support_mass=0.7085, query_row_personal_support_mass=0.7085, neighbor_row_personal_delta=0.0000, personal_row_budget_mean=1.3000, personal_query_row_std=0.1321, readout_query_support_mass=0.7085, personal_student_mix=0.0501, personal_student_adapter=0.0400, local_row_ratio=0.0692, support_density=1.0000, readout_query_delta=0.1148, personal_bad_rows_active=0.00, personal_fallback_rows_active=0.00, personal_bad_row_rate_active=0.0000, personal_padded_rows=0.00, personal_logits_support_absmax=6.7567, personal_query_trust_scale_mean=1.0000, personal_bad_rows_legacy=0.00, personal_fallback_rows_legacy=0.00, personal_logits_absmax_legacy=6.7567
2026-04-17 09:45:29,540 - INFO - [junyi|junyi_abce_best_full|lr=0.003|drop=0.40] [Diag][A] Epoch [018] | entropy_ratio=0.4915, diag_mass=0.0500, to_uniform_l2=0.007448, to_identity_l2=0.036726, relation_identity_delta=0.036726, knowledge_state_graph_delta=0.348875, knowledge_state_personal_delta=0.000000, share_concept_embeddings=True, tau_mean=0.6931, tau_std=0.0000, graph_reg_scale(train/val)=1.0000/1.0000
2026-04-17 09:45:29,540 - WARNING - [junyi|junyi_abce_best_full|lr=0.003|drop=0.40] [Diag Warning][AE] query-readout-overamplified: readout_query_delta=0.114810, query_row_graph_delta=0.114645, personal_matrix_delta=0.043433
2026-04-17 09:45:29,540 - INFO - [junyi|junyi_abce_best_full|lr=0.003|drop=0.40] [Grad Norms] Epoch [018] | relation_emb=5.779194e-01, relation_tau=2.405292e-12, relation_wq=3.829895e-09, relation_wk=2.936031e-09, personal_u=4.412331e-03, personal_v=3.603401e-03, personal_alpha_bias=0.000000e+00, personal_gate_emb=0.000000e+00, personal_gate_state_proj=6.851996e-17, personal_gate_context_proj=2.873980e-12, personal_gate_state_direct=7.103359e-08, personal_gate_id_direct=0.000000e+00, personal_gate_context_direct=2.975708e-03, personal_gate_out=1.671722e-08, personal_generator_emb=2.028698e-21, personal_generator_context_proj=2.606171e-19, personal_generator_context_hidden=2.978438e-16, personal_generator_context_to_u=2.405510e-12, personal_generator_context_to_v=2.292037e-12, personal_generator_state_row=1.473566e-12, personal_generator_state_col=1.400904e-12, personal_generator_id_row=3.646644e-13, personal_generator_id_col=3.474623e-13, personal_generator_state_adapter=6.334133e-18, personal_generator_id_adapter=3.745293e-24, personal_generator_context_adapter=4.483284e-19, personal_generator_direct_scale=2.674591e-06
2026-04-17 09:45:29,540 - INFO - [junyi|junyi_abce_best_full|lr=0.003|drop=0.40] -> No improvement 1 epoch(s) (best AUC=0.8200 @ 17)
2026-04-17 09:46:28,407 - INFO - [junyi|junyi_abce_best_no_E_bs64|lr=0.003|drop=0.40] Epoch [004/100] | Train: Loss=0.5325, BCE=0.5197, Reg=0.0128, AUC=0.7884, ACC=0.7453, RMSE=0.4158 | Val: Loss=0.5200, BCE=0.5072, Reg=0.0128, AUC=0.7974, ACC=0.7563, RMSE=0.4099
2026-04-17 09:46:28,407 - INFO - [junyi|junyi_abce_best_no_E_bs64|lr=0.003|drop=0.40] [Reg Terms] Epoch [004] | Train: graph_entropy=0.000000, graph_diag=0.006009, graph_uniform=0.006753, graph_reg_scale=1.0000, prediction_l2=0.000000, personal_sparse=0.000000, alpha_var=0.000000, alpha_collapse=0.000000, reg_bce_ratio=0.0246 | Val: graph_entropy=0.000000, graph_diag=0.006000, graph_uniform=0.006753, graph_reg_scale=1.0000, prediction_l2=0.000000, personal_sparse=0.000000, alpha_var=0.000000, alpha_collapse=0.000000, reg_bce_ratio=0.0251
2026-04-17 09:46:28,674 - INFO - [junyi|junyi_abce_best_no_E_bs64|lr=0.003|drop=0.40] [Diag][AE] Epoch [004] | irt_abs_mean=1.4132, irt_std=0.8472, personal_warmup_scale=1.00, graph_row_entropy=3.2177, graph_entropy_ratio=0.4915, alpha_mean=0.0000, alpha_std=0.0000, alpha_base_mean=0.0000, alpha_delta_absmean=0.0000, alpha_saturation_ratio=0.0000, alpha_bias_std=NA, alpha_state_path=0.0000, alpha_id_path=0.0000, alpha_bias_path=0.0000, head_bias_path=0.0000, personal_row_entropy=0.0000, personal_matrix_delta=0.0000, personal_matrix_student_std=0.0000, personal_delta_pre_softmax_norm=0.0000, personal_delta_student_std=0.0000, alpha_head_std=0.0000, query_row_global_readout_delta=0.1128, query_row_personal_message_delta=0.0000, query_row_posterior_delta_abs=0.0000, query_row_posterior_kl=0.0000, personal_to_graph_query_ratio=0.0000, query_row_global_support_mass=1.6053, query_row_personal_support_mass=0.0000, neighbor_row_personal_delta=0.0000, personal_row_budget_mean=0.0000, personal_query_row_std=0.0000, readout_query_support_mass=1.6053, personal_student_mix=0.0000, personal_student_adapter=0.0000, local_row_ratio=0.0000, support_density=0.0000, readout_query_delta=0.1128, personal_bad_rows_active=0.00, personal_fallback_rows_active=0.00, personal_bad_row_rate_active=0.0000, personal_padded_rows=0.00, personal_logits_support_absmax=0.0000, personal_query_trust_scale_mean=1.0000, personal_bad_rows_legacy=0.00, personal_fallback_rows_legacy=0.00, personal_logits_absmax_legacy=0.0000
2026-04-17 09:46:28,675 - INFO - [junyi|junyi_abce_best_no_E_bs64|lr=0.003|drop=0.40] [Diag][A] Epoch [004] | entropy_ratio=0.4915, diag_mass=0.0500, to_uniform_l2=0.007448, to_identity_l2=0.036726, relation_identity_delta=0.036726, knowledge_state_graph_delta=0.268798, knowledge_state_personal_delta=0.000000, share_concept_embeddings=True, tau_mean=0.6931, tau_std=0.0000, graph_reg_scale(train/val)=1.0000/1.0000
2026-04-17 09:46:28,675 - INFO - [junyi|junyi_abce_best_no_E_bs64|lr=0.003|drop=0.40] [Grad Norms] Epoch [004] | relation_emb=3.052919e-01, relation_tau=7.308885e-12, relation_wq=3.242230e-08, relation_wk=2.479264e-08, personal_u=0.000000e+00, personal_v=0.000000e+00, personal_alpha_bias=0.000000e+00, personal_gate_emb=0.000000e+00, personal_gate_state_proj=0.000000e+00, personal_gate_context_proj=0.000000e+00, personal_gate_state_direct=0.000000e+00, personal_gate_id_direct=0.000000e+00, personal_gate_context_direct=0.000000e+00, personal_gate_out=0.000000e+00, personal_generator_emb=0.000000e+00, personal_generator_context_proj=0.000000e+00, personal_generator_context_hidden=0.000000e+00, personal_generator_context_to_u=0.000000e+00, personal_generator_context_to_v=0.000000e+00, personal_generator_state_row=0.000000e+00, personal_generator_state_col=0.000000e+00, personal_generator_id_row=0.000000e+00, personal_generator_id_col=0.000000e+00, personal_generator_state_adapter=0.000000e+00, personal_generator_id_adapter=0.000000e+00, personal_generator_context_adapter=0.000000e+00, personal_generator_direct_scale=0.000000e+00
2026-04-17 09:46:28,902 - INFO - [junyi|junyi_abce_best_no_E_bs64|lr=0.003|drop=0.40] -> New best AUC=0.7974 at epoch 4
2026-04-17 09:47:45,679 - INFO - [junyi|junyi_abce_best_no_E_bs64|lr=0.003|drop=0.40] Epoch [005/100] | Train: Loss=0.5174, BCE=0.5046, Reg=0.0128, AUC=0.8030, ACC=0.7566, RMSE=0.4084 | Val: Loss=0.5059, BCE=0.4932, Reg=0.0128, AUC=0.8101, ACC=0.7646, RMSE=0.4029
2026-04-17 09:47:45,680 - INFO - [junyi|junyi_abce_best_no_E_bs64|lr=0.003|drop=0.40] [Reg Terms] Epoch [005] | Train: graph_entropy=0.000000, graph_diag=0.006004, graph_uniform=0.006753, graph_reg_scale=1.0000, prediction_l2=0.000000, personal_sparse=0.000000, alpha_var=0.000000, alpha_collapse=0.000000, reg_bce_ratio=0.0253 | Val: graph_entropy=0.000000, graph_diag=0.006000, graph_uniform=0.006753, graph_reg_scale=1.0000, prediction_l2=0.000000, personal_sparse=0.000000, alpha_var=0.000000, alpha_collapse=0.000000, reg_bce_ratio=0.0259
2026-04-17 09:47:45,893 - INFO - [junyi|junyi_abce_best_no_E_bs64|lr=0.003|drop=0.40] [Diag][AE] Epoch [005] | irt_abs_mean=1.5531, irt_std=0.8720, personal_warmup_scale=1.00, graph_row_entropy=3.2177, graph_entropy_ratio=0.4915, alpha_mean=0.0000, alpha_std=0.0000, alpha_base_mean=0.0000, alpha_delta_absmean=0.0000, alpha_saturation_ratio=0.0000, alpha_bias_std=NA, alpha_state_path=0.0000, alpha_id_path=0.0000, alpha_bias_path=0.0000, head_bias_path=0.0000, personal_row_entropy=0.0000, personal_matrix_delta=0.0000, personal_matrix_student_std=0.0000, personal_delta_pre_softmax_norm=0.0000, personal_delta_student_std=0.0000, alpha_head_std=0.0000, query_row_global_readout_delta=0.1127, query_row_personal_message_delta=0.0000, query_row_posterior_delta_abs=0.0000, query_row_posterior_kl=0.0000, personal_to_graph_query_ratio=0.0000, query_row_global_support_mass=1.9693, query_row_personal_support_mass=0.0000, neighbor_row_personal_delta=0.0000, personal_row_budget_mean=0.0000, personal_query_row_std=0.0000, readout_query_support_mass=1.9693, personal_student_mix=0.0000, personal_student_adapter=0.0000, local_row_ratio=0.0000, support_density=0.0000, readout_query_delta=0.1127, personal_bad_rows_active=0.00, personal_fallback_rows_active=0.00, personal_bad_row_rate_active=0.0000, personal_padded_rows=0.00, personal_logits_support_absmax=0.0000, personal_query_trust_scale_mean=1.0000, personal_bad_rows_legacy=0.00, personal_fallback_rows_legacy=0.00, personal_logits_absmax_legacy=0.0000
2026-04-17 09:47:45,893 - INFO - [junyi|junyi_abce_best_no_E_bs64|lr=0.003|drop=0.40] [Diag][A] Epoch [005] | entropy_ratio=0.4915, diag_mass=0.0500, to_uniform_l2=0.007448, to_identity_l2=0.036726, relation_identity_delta=0.036726, knowledge_state_graph_delta=0.308774, knowledge_state_personal_delta=0.000000, share_concept_embeddings=True, tau_mean=0.6931, tau_std=0.0000, graph_reg_scale(train/val)=1.0000/1.0000
2026-04-17 09:47:45,893 - INFO - [junyi|junyi_abce_best_no_E_bs64|lr=0.003|drop=0.40] [Grad Norms] Epoch [005] | relation_emb=4.008765e-01, relation_tau=5.705560e-12, relation_wq=2.867243e-08, relation_wk=2.070324e-08, personal_u=0.000000e+00, personal_v=0.000000e+00, personal_alpha_bias=0.000000e+00, personal_gate_emb=0.000000e+00, personal_gate_state_proj=0.000000e+00, personal_gate_context_proj=0.000000e+00, personal_gate_state_direct=0.000000e+00, personal_gate_id_direct=0.000000e+00, personal_gate_context_direct=0.000000e+00, personal_gate_out=0.000000e+00, personal_generator_emb=0.000000e+00, personal_generator_context_proj=0.000000e+00, personal_generator_context_hidden=0.000000e+00, personal_generator_context_to_u=0.000000e+00, personal_generator_context_to_v=0.000000e+00, personal_generator_state_row=0.000000e+00, personal_generator_state_col=0.000000e+00, personal_generator_id_row=0.000000e+00, personal_generator_id_col=0.000000e+00, personal_generator_state_adapter=0.000000e+00, personal_generator_id_adapter=0.000000e+00, personal_generator_context_adapter=0.000000e+00, personal_generator_direct_scale=0.000000e+00
2026-04-17 09:47:46,074 - INFO - [junyi|junyi_abce_best_no_E_bs64|lr=0.003|drop=0.40] -> New best AUC=0.8101 at epoch 5
2026-04-17 09:48:15,261 - INFO - [junyi|junyi_abce_best_full|lr=0.003|drop=0.40] Epoch [019/100] | Train: Loss=0.5006, BCE=0.4856, Reg=0.0150, AUC=0.8202, ACC=0.7700, RMSE=0.3990 | Val: Loss=0.4967, BCE=0.4817, Reg=0.0150, AUC=0.8196, ACC=0.7731, RMSE=0.3967
2026-04-17 09:48:15,261 - INFO - [junyi|junyi_abce_best_full|lr=0.003|drop=0.40] [Reg Terms] Epoch [019] | Train: graph_entropy=0.000000, graph_diag=0.006003, graph_uniform=0.006753, graph_reg_scale=1.0000, prediction_l2=0.000000, personal_sparse=0.001184, alpha_var=0.000000, alpha_collapse=0.000004, reg_bce_ratio=0.0308 | Val: graph_entropy=0.000000, graph_diag=0.006000, graph_uniform=0.006753, graph_reg_scale=1.0000, prediction_l2=0.000000, personal_sparse=0.001177, alpha_var=0.000000, alpha_collapse=0.000029, reg_bce_ratio=0.0311
2026-04-17 09:48:15,501 - INFO - [junyi|junyi_abce_best_full|lr=0.003|drop=0.40] [Diag][AE] Epoch [019] | irt_abs_mean=1.7763, irt_std=1.0000, personal_warmup_scale=1.00, graph_row_entropy=3.2177, graph_entropy_ratio=0.4915, alpha_mean=0.1316, alpha_std=0.0370, alpha_base_mean=0.1305, alpha_delta_absmean=0.0241, alpha_saturation_ratio=0.0000, alpha_bias_std=NA, alpha_state_path=0.5045, alpha_id_path=0.0000, alpha_bias_path=0.0000, head_bias_path=0.1734, personal_row_entropy=2.3664, personal_matrix_delta=0.0450, personal_matrix_student_std=0.0474, personal_delta_pre_softmax_norm=2.7396, personal_delta_student_std=2.6610, alpha_head_std=0.0354, query_row_global_readout_delta=0.1277, query_row_personal_message_delta=0.0010, query_row_posterior_delta_abs=0.0450, query_row_posterior_kl=0.0334, personal_to_graph_query_ratio=0.0075, query_row_global_support_mass=0.9098, query_row_personal_support_mass=0.9098, neighbor_row_personal_delta=0.0000, personal_row_budget_mean=1.3000, personal_query_row_std=0.2352, readout_query_support_mass=0.9098, personal_student_mix=0.0500, personal_student_adapter=0.0400, local_row_ratio=0.0673, support_density=1.0000, readout_query_delta=0.1269, personal_bad_rows_active=0.00, personal_fallback_rows_active=0.00, personal_bad_row_rate_active=0.0000, personal_padded_rows=0.00, personal_logits_support_absmax=6.8125, personal_query_trust_scale_mean=1.0000, personal_bad_rows_legacy=0.00, personal_fallback_rows_legacy=0.00, personal_logits_absmax_legacy=6.8125
2026-04-17 09:48:15,501 - INFO - [junyi|junyi_abce_best_full|lr=0.003|drop=0.40] [Diag][A] Epoch [019] | entropy_ratio=0.4915, diag_mass=0.0500, to_uniform_l2=0.007448, to_identity_l2=0.036726, relation_identity_delta=0.036726, knowledge_state_graph_delta=0.346764, knowledge_state_personal_delta=0.000000, share_concept_embeddings=True, tau_mean=0.6931, tau_std=0.0000, graph_reg_scale(train/val)=1.0000/1.0000
2026-04-17 09:48:15,501 - WARNING - [junyi|junyi_abce_best_full|lr=0.003|drop=0.40] [Diag Warning][AE] query-readout-overamplified: readout_query_delta=0.126938, query_row_graph_delta=0.127690, personal_matrix_delta=0.044990
2026-04-17 09:48:15,502 - INFO - [junyi|junyi_abce_best_full|lr=0.003|drop=0.40] [Grad Norms] Epoch [019] | relation_emb=7.180474e-01, relation_tau=8.682960e-13, relation_wq=1.640774e-09, relation_wk=1.478528e-09, personal_u=6.903201e-03, personal_v=3.509520e-03, personal_alpha_bias=0.000000e+00, personal_gate_emb=0.000000e+00, personal_gate_state_proj=1.705540e-16, personal_gate_context_proj=1.620068e-12, personal_gate_state_direct=2.920441e-08, personal_gate_id_direct=0.000000e+00, personal_gate_context_direct=2.212276e-04, personal_gate_out=8.323364e-09, personal_generator_emb=2.662023e-21, personal_generator_context_proj=4.402775e-19, personal_generator_context_hidden=6.017472e-16, personal_generator_context_to_u=3.507496e-12, personal_generator_context_to_v=1.988940e-12, personal_generator_state_row=3.230598e-12, personal_generator_state_col=1.832206e-12, personal_generator_id_row=8.080002e-13, personal_generator_id_col=4.581799e-13, personal_generator_state_adapter=5.593331e-17, personal_generator_id_adapter=2.220382e-23, personal_generator_context_adapter=7.862104e-17, personal_generator_direct_scale=1.662714e-06
2026-04-17 09:48:15,502 - INFO - [junyi|junyi_abce_best_full|lr=0.003|drop=0.40] -> No improvement 2 epoch(s) (best AUC=0.8200 @ 17)
2026-04-17 09:49:03,474 - INFO - [junyi|junyi_abce_best_no_E_bs64|lr=0.003|drop=0.40] Epoch [006/100] | Train: Loss=0.5148, BCE=0.5020, Reg=0.0128, AUC=0.8057, ACC=0.7584, RMSE=0.4069 | Val: Loss=0.5238, BCE=0.5110, Reg=0.0128, AUC=0.8117, ACC=0.7698, RMSE=0.4054
2026-04-17 09:49:03,474 - INFO - [junyi|junyi_abce_best_no_E_bs64|lr=0.003|drop=0.40] [Reg Terms] Epoch [006] | Train: graph_entropy=0.000000, graph_diag=0.006005, graph_uniform=0.006753, graph_reg_scale=1.0000, prediction_l2=0.000000, personal_sparse=0.000000, alpha_var=0.000000, alpha_collapse=0.000000, reg_bce_ratio=0.0254 | Val: graph_entropy=0.000000, graph_diag=0.006000, graph_uniform=0.006753, graph_reg_scale=1.0000, prediction_l2=0.000000, personal_sparse=0.000000, alpha_var=0.000000, alpha_collapse=0.000000, reg_bce_ratio=0.0250
2026-04-17 09:49:03,688 - INFO - [junyi|junyi_abce_best_no_E_bs64|lr=0.003|drop=0.40] [Diag][AE] Epoch [006] | irt_abs_mean=2.0514, irt_std=1.4157, personal_warmup_scale=1.00, graph_row_entropy=3.2177, graph_entropy_ratio=0.4915, alpha_mean=0.0000, alpha_std=0.0000, alpha_base_mean=0.0000, alpha_delta_absmean=0.0000, alpha_saturation_ratio=0.0000, alpha_bias_std=NA, alpha_state_path=0.0000, alpha_id_path=0.0000, alpha_bias_path=0.0000, head_bias_path=0.0000, personal_row_entropy=0.0000, personal_matrix_delta=0.0000, personal_matrix_student_std=0.0000, personal_delta_pre_softmax_norm=0.0000, personal_delta_student_std=0.0000, alpha_head_std=0.0000, query_row_global_readout_delta=0.0713, query_row_personal_message_delta=0.0000, query_row_posterior_delta_abs=0.0000, query_row_posterior_kl=0.0000, personal_to_graph_query_ratio=0.0000, query_row_global_support_mass=2.7365, query_row_personal_support_mass=0.0000, neighbor_row_personal_delta=0.0000, personal_row_budget_mean=0.0000, personal_query_row_std=0.0000, readout_query_support_mass=2.7365, personal_student_mix=0.0000, personal_student_adapter=0.0000, local_row_ratio=0.0000, support_density=0.0000, readout_query_delta=0.0713, personal_bad_rows_active=0.00, personal_fallback_rows_active=0.00, personal_bad_row_rate_active=0.0000, personal_padded_rows=0.00, personal_logits_support_absmax=0.0000, personal_query_trust_scale_mean=1.0000, personal_bad_rows_legacy=0.00, personal_fallback_rows_legacy=0.00, personal_logits_absmax_legacy=0.0000
2026-04-17 09:49:03,688 - INFO - [junyi|junyi_abce_best_no_E_bs64|lr=0.003|drop=0.40] [Diag][A] Epoch [006] | entropy_ratio=0.4915, diag_mass=0.0500, to_uniform_l2=0.007448, to_identity_l2=0.036726, relation_identity_delta=0.036726, knowledge_state_graph_delta=0.292284, knowledge_state_personal_delta=0.000000, share_concept_embeddings=True, tau_mean=0.6932, tau_std=0.0000, graph_reg_scale(train/val)=1.0000/1.0000
2026-04-17 09:49:03,688 - INFO - [junyi|junyi_abce_best_no_E_bs64|lr=0.003|drop=0.40] [Grad Norms] Epoch [006] | relation_emb=4.886211e-01, relation_tau=1.065726e-11, relation_wq=1.282147e-08, relation_wk=1.559262e-08, personal_u=0.000000e+00, personal_v=0.000000e+00, personal_alpha_bias=0.000000e+00, personal_gate_emb=0.000000e+00, personal_gate_state_proj=0.000000e+00, personal_gate_context_proj=0.000000e+00, personal_gate_state_direct=0.000000e+00, personal_gate_id_direct=0.000000e+00, personal_gate_context_direct=0.000000e+00, personal_gate_out=0.000000e+00, personal_generator_emb=0.000000e+00, personal_generator_context_proj=0.000000e+00, personal_generator_context_hidden=0.000000e+00, personal_generator_context_to_u=0.000000e+00, personal_generator_context_to_v=0.000000e+00, personal_generator_state_row=0.000000e+00, personal_generator_state_col=0.000000e+00, personal_generator_id_row=0.000000e+00, personal_generator_id_col=0.000000e+00, personal_generator_state_adapter=0.000000e+00, personal_generator_id_adapter=0.000000e+00, personal_generator_context_adapter=0.000000e+00, personal_generator_direct_scale=0.000000e+00
2026-04-17 09:49:03,864 - INFO - [junyi|junyi_abce_best_no_E_bs64|lr=0.003|drop=0.40] -> New best AUC=0.8117 at epoch 6
2026-04-17 09:50:19,727 - INFO - [junyi|junyi_abce_best_no_E_bs64|lr=0.003|drop=0.40] Epoch [007/100] | Train: Loss=0.5141, BCE=0.5013, Reg=0.0128, AUC=0.8064, ACC=0.7581, RMSE=0.4067 | Val: Loss=0.5074, BCE=0.4946, Reg=0.0128, AUC=0.8109, ACC=0.7643, RMSE=0.4028
2026-04-17 09:50:19,728 - INFO - [junyi|junyi_abce_best_no_E_bs64|lr=0.003|drop=0.40] [Reg Terms] Epoch [007] | Train: graph_entropy=0.000000, graph_diag=0.006004, graph_uniform=0.006753, graph_reg_scale=1.0000, prediction_l2=0.000000, personal_sparse=0.000000, alpha_var=0.000000, alpha_collapse=0.000000, reg_bce_ratio=0.0254 | Val: graph_entropy=0.000000, graph_diag=0.006000, graph_uniform=0.006753, graph_reg_scale=1.0000, prediction_l2=0.000000, personal_sparse=0.000000, alpha_var=0.000000, alpha_collapse=0.000000, reg_bce_ratio=0.0258
2026-04-17 09:50:19,937 - INFO - [junyi|junyi_abce_best_no_E_bs64|lr=0.003|drop=0.40] [Diag][AE] Epoch [007] | irt_abs_mean=1.6129, irt_std=0.9781, personal_warmup_scale=1.00, graph_row_entropy=3.2177, graph_entropy_ratio=0.4915, alpha_mean=0.0000, alpha_std=0.0000, alpha_base_mean=0.0000, alpha_delta_absmean=0.0000, alpha_saturation_ratio=0.0000, alpha_bias_std=NA, alpha_state_path=0.0000, alpha_id_path=0.0000, alpha_bias_path=0.0000, head_bias_path=0.0000, personal_row_entropy=0.0000, personal_matrix_delta=0.0000, personal_matrix_student_std=0.0000, personal_delta_pre_softmax_norm=0.0000, personal_delta_student_std=0.0000, alpha_head_std=0.0000, query_row_global_readout_delta=0.1167, query_row_personal_message_delta=0.0000, query_row_posterior_delta_abs=0.0000, query_row_posterior_kl=0.0000, personal_to_graph_query_ratio=0.0000, query_row_global_support_mass=1.5524, query_row_personal_support_mass=0.0000, neighbor_row_personal_delta=0.0000, personal_row_budget_mean=0.0000, personal_query_row_std=0.0000, readout_query_support_mass=1.5524, personal_student_mix=0.0000, personal_student_adapter=0.0000, local_row_ratio=0.0000, support_density=0.0000, readout_query_delta=0.1167, personal_bad_rows_active=0.00, personal_fallback_rows_active=0.00, personal_bad_row_rate_active=0.0000, personal_padded_rows=0.00, personal_logits_support_absmax=0.0000, personal_query_trust_scale_mean=1.0000, personal_bad_rows_legacy=0.00, personal_fallback_rows_legacy=0.00, personal_logits_absmax_legacy=0.0000
2026-04-17 09:50:19,937 - INFO - [junyi|junyi_abce_best_no_E_bs64|lr=0.003|drop=0.40] [Diag][A] Epoch [007] | entropy_ratio=0.4915, diag_mass=0.0500, to_uniform_l2=0.007448, to_identity_l2=0.036726, relation_identity_delta=0.036726, knowledge_state_graph_delta=0.314595, knowledge_state_personal_delta=0.000000, share_concept_embeddings=True, tau_mean=0.6931, tau_std=0.0000, graph_reg_scale(train/val)=1.0000/1.0000
2026-04-17 09:50:19,937 - INFO - [junyi|junyi_abce_best_no_E_bs64|lr=0.003|drop=0.40] [Grad Norms] Epoch [007] | relation_emb=4.438921e-01, relation_tau=2.295647e-12, relation_wq=2.814963e-08, relation_wk=1.767871e-08, personal_u=0.000000e+00, personal_v=0.000000e+00, personal_alpha_bias=0.000000e+00, personal_gate_emb=0.000000e+00, personal_gate_state_proj=0.000000e+00, personal_gate_context_proj=0.000000e+00, personal_gate_state_direct=0.000000e+00, personal_gate_id_direct=0.000000e+00, personal_gate_context_direct=0.000000e+00, personal_gate_out=0.000000e+00, personal_generator_emb=0.000000e+00, personal_generator_context_proj=0.000000e+00, personal_generator_context_hidden=0.000000e+00, personal_generator_context_to_u=0.000000e+00, personal_generator_context_to_v=0.000000e+00, personal_generator_state_row=0.000000e+00, personal_generator_state_col=0.000000e+00, personal_generator_id_row=0.000000e+00, personal_generator_id_col=0.000000e+00, personal_generator_state_adapter=0.000000e+00, personal_generator_id_adapter=0.000000e+00, personal_generator_context_adapter=0.000000e+00, personal_generator_direct_scale=0.000000e+00
2026-04-17 09:50:19,937 - INFO - [junyi|junyi_abce_best_no_E_bs64|lr=0.003|drop=0.40] -> No improvement 1 epoch(s) (best AUC=0.8117 @ 6)
2026-04-17 09:51:00,473 - INFO - [junyi|junyi_abce_best_full|lr=0.003|drop=0.40] Epoch [020/100] | Train: Loss=0.4876, BCE=0.4727, Reg=0.0149, AUC=0.8308, ACC=0.7773, RMSE=0.3927 | Val: Loss=0.4975, BCE=0.4826, Reg=0.0149, AUC=0.8232, ACC=0.7763, RMSE=0.3959
2026-04-17 09:51:00,474 - INFO - [junyi|junyi_abce_best_full|lr=0.003|drop=0.40] [Reg Terms] Epoch [020] | Train: graph_entropy=0.000000, graph_diag=0.006001, graph_uniform=0.006753, graph_reg_scale=1.0000, prediction_l2=0.000000, personal_sparse=0.001220, alpha_var=0.000000, alpha_collapse=0.000004, reg_bce_ratio=0.0315 | Val: graph_entropy=0.000000, graph_diag=0.006000, graph_uniform=0.006753, graph_reg_scale=1.0000, prediction_l2=0.000000, personal_sparse=0.001241, alpha_var=0.000000, alpha_collapse=0.000033, reg_bce_ratio=0.0309
2026-04-17 09:51:00,716 - INFO - [junyi|junyi_abce_best_full|lr=0.003|drop=0.40] [Diag][AE] Epoch [020] | irt_abs_mean=1.9459, irt_std=1.1286, personal_warmup_scale=1.00, graph_row_entropy=3.2177, graph_entropy_ratio=0.4915, alpha_mean=0.1328, alpha_std=0.0364, alpha_base_mean=0.1309, alpha_delta_absmean=0.0236, alpha_saturation_ratio=0.0000, alpha_bias_std=NA, alpha_state_path=0.4917, alpha_id_path=0.0000, alpha_bias_path=0.0000, head_bias_path=0.1757, personal_row_entropy=2.4833, personal_matrix_delta=0.0414, personal_matrix_student_std=0.0434, personal_delta_pre_softmax_norm=2.7813, personal_delta_student_std=2.6981, alpha_head_std=0.0350, query_row_global_readout_delta=0.1030, query_row_personal_message_delta=0.0011, query_row_posterior_delta_abs=0.0414, query_row_posterior_kl=0.0293, personal_to_graph_query_ratio=0.0105, query_row_global_support_mass=1.7021, query_row_personal_support_mass=1.7021, neighbor_row_personal_delta=0.0000, personal_row_budget_mean=1.3000, personal_query_row_std=0.1795, readout_query_support_mass=1.7021, personal_student_mix=0.0500, personal_student_adapter=0.0400, local_row_ratio=0.0508, support_density=1.0000, readout_query_delta=0.1027, personal_bad_rows_active=0.00, personal_fallback_rows_active=0.00, personal_bad_row_rate_active=0.0000, personal_padded_rows=0.00, personal_logits_support_absmax=6.8374, personal_query_trust_scale_mean=1.0000, personal_bad_rows_legacy=0.00, personal_fallback_rows_legacy=0.00, personal_logits_absmax_legacy=6.8374
2026-04-17 09:51:00,716 - INFO - [junyi|junyi_abce_best_full|lr=0.003|drop=0.40] [Diag][A] Epoch [020] | entropy_ratio=0.4915, diag_mass=0.0500, to_uniform_l2=0.007448, to_identity_l2=0.036726, relation_identity_delta=0.036726, knowledge_state_graph_delta=0.352653, knowledge_state_personal_delta=0.000000, share_concept_embeddings=True, tau_mean=0.6931, tau_std=0.0000, graph_reg_scale(train/val)=1.0000/1.0000
2026-04-17 09:51:00,716 - WARNING - [junyi|junyi_abce_best_full|lr=0.003|drop=0.40] [Diag Warning][AE] query-readout-overamplified: readout_query_delta=0.102717, query_row_graph_delta=0.102990, personal_matrix_delta=0.041433
2026-04-17 09:51:00,716 - INFO - [junyi|junyi_abce_best_full|lr=0.003|drop=0.40] [Grad Norms] Epoch [020] | relation_emb=9.646460e-01, relation_tau=0.000000e+00, relation_wq=0.000000e+00, relation_wk=0.000000e+00, personal_u=2.367687e-02, personal_v=1.272772e-02, personal_alpha_bias=0.000000e+00, personal_gate_emb=0.000000e+00, personal_gate_state_proj=1.237498e-17, personal_gate_context_proj=2.596362e-14, personal_gate_state_direct=3.818586e-08, personal_gate_id_direct=0.000000e+00, personal_gate_context_direct=1.518540e-04, personal_gate_out=4.291668e-09, personal_generator_emb=2.538892e-22, personal_generator_context_proj=0.000000e+00, personal_generator_context_hidden=5.522782e-17, personal_generator_context_to_u=5.962654e-13, personal_generator_context_to_v=2.345828e-13, personal_generator_state_row=5.508046e-13, personal_generator_state_col=2.167242e-13, personal_generator_id_row=1.376619e-13, personal_generator_id_col=5.415894e-14, personal_generator_state_adapter=9.641322e-19, personal_generator_id_adapter=3.122843e-24, personal_generator_context_adapter=3.065838e-18, personal_generator_direct_scale=4.213681e-06
2026-04-17 09:51:01,516 - INFO - [junyi|junyi_abce_best_full|lr=0.003|drop=0.40] -> New best AUC=0.8232 at epoch 20
2026-04-17 09:51:01,647 - INFO - [junyi|junyi_abce_best_full|lr=0.003|drop=0.40] Checkpoint saved: checkpoints/abce_diag/remote_trust_diag_20260417_709083f/junyi/seed42/best_full/checkpoint_epoch_20.pth
2026-04-17 09:51:01,955 - INFO - [junyi|junyi_abce_best_full|lr=0.003|drop=0.40] [Module Activity] Epoch 20: Graph[LIVE] Personal[X]
2026-04-17 09:51:36,109 - INFO - [junyi|junyi_abce_best_no_E_bs64|lr=0.003|drop=0.40] Epoch [008/100] | Train: Loss=0.5135, BCE=0.5008, Reg=0.0128, AUC=0.8069, ACC=0.7595, RMSE=0.4063 | Val: Loss=0.5007, BCE=0.4879, Reg=0.0128, AUC=0.8148, ACC=0.7673, RMSE=0.4000
2026-04-17 09:51:36,109 - INFO - [junyi|junyi_abce_best_no_E_bs64|lr=0.003|drop=0.40] [Reg Terms] Epoch [008] | Train: graph_entropy=0.000000, graph_diag=0.006005, graph_uniform=0.006753, graph_reg_scale=1.0000, prediction_l2=0.000000, personal_sparse=0.000000, alpha_var=0.000000, alpha_collapse=0.000000, reg_bce_ratio=0.0255 | Val: graph_entropy=0.000000, graph_diag=0.006000, graph_uniform=0.006753, graph_reg_scale=1.0000, prediction_l2=0.000000, personal_sparse=0.000000, alpha_var=0.000000, alpha_collapse=0.000000, reg_bce_ratio=0.0261
2026-04-17 09:51:36,310 - INFO - [junyi|junyi_abce_best_no_E_bs64|lr=0.003|drop=0.40] [Diag][AE] Epoch [008] | irt_abs_mean=1.4559, irt_std=0.8651, personal_warmup_scale=1.00, graph_row_entropy=3.2177, graph_entropy_ratio=0.4915, alpha_mean=0.0000, alpha_std=0.0000, alpha_base_mean=0.0000, alpha_delta_absmean=0.0000, alpha_saturation_ratio=0.0000, alpha_bias_std=NA, alpha_state_path=0.0000, alpha_id_path=0.0000, alpha_bias_path=0.0000, head_bias_path=0.0000, personal_row_entropy=0.0000, personal_matrix_delta=0.0000, personal_matrix_student_std=0.0000, personal_delta_pre_softmax_norm=0.0000, personal_delta_student_std=0.0000, alpha_head_std=0.0000, query_row_global_readout_delta=0.1253, query_row_personal_message_delta=0.0000, query_row_posterior_delta_abs=0.0000, query_row_posterior_kl=0.0000, personal_to_graph_query_ratio=0.0000, query_row_global_support_mass=1.6022, query_row_personal_support_mass=0.0000, neighbor_row_personal_delta=0.0000, personal_row_budget_mean=0.0000, personal_query_row_std=0.0000, readout_query_support_mass=1.6022, personal_student_mix=0.0000, personal_student_adapter=0.0000, local_row_ratio=0.0000, support_density=0.0000, readout_query_delta=0.1253, personal_bad_rows_active=0.00, personal_fallback_rows_active=0.00, personal_bad_row_rate_active=0.0000, personal_padded_rows=0.00, personal_logits_support_absmax=0.0000, personal_query_trust_scale_mean=1.0000, personal_bad_rows_legacy=0.00, personal_fallback_rows_legacy=0.00, personal_logits_absmax_legacy=0.0000
2026-04-17 09:51:36,310 - INFO - [junyi|junyi_abce_best_no_E_bs64|lr=0.003|drop=0.40] [Diag][A] Epoch [008] | entropy_ratio=0.4915, diag_mass=0.0500, to_uniform_l2=0.007448, to_identity_l2=0.036726, relation_identity_delta=0.036726, knowledge_state_graph_delta=0.297614, knowledge_state_personal_delta=0.000000, share_concept_embeddings=True, tau_mean=0.6931, tau_std=0.0000, graph_reg_scale(train/val)=1.0000/1.0000
2026-04-17 09:51:36,310 - INFO - [junyi|junyi_abce_best_no_E_bs64|lr=0.003|drop=0.40] [Grad Norms] Epoch [008] | relation_emb=4.384692e-01, relation_tau=2.443926e-12, relation_wq=1.178878e-08, relation_wk=9.466703e-09, personal_u=0.000000e+00, personal_v=0.000000e+00, personal_alpha_bias=0.000000e+00, personal_gate_emb=0.000000e+00, personal_gate_state_proj=0.000000e+00, personal_gate_context_proj=0.000000e+00, personal_gate_state_direct=0.000000e+00, personal_gate_id_direct=0.000000e+00, personal_gate_context_direct=0.000000e+00, personal_gate_out=0.000000e+00, personal_generator_emb=0.000000e+00, personal_generator_context_proj=0.000000e+00, personal_generator_context_hidden=0.000000e+00, personal_generator_context_to_u=0.000000e+00, personal_generator_context_to_v=0.000000e+00, personal_generator_state_row=0.000000e+00, personal_generator_state_col=0.000000e+00, personal_generator_id_row=0.000000e+00, personal_generator_id_col=0.000000e+00, personal_generator_state_adapter=0.000000e+00, personal_generator_id_adapter=0.000000e+00, personal_generator_context_adapter=0.000000e+00, personal_generator_direct_scale=0.000000e+00
2026-04-17 09:51:36,462 - INFO - [junyi|junyi_abce_best_no_E_bs64|lr=0.003|drop=0.40] -> New best AUC=0.8148 at epoch 8
2026-04-17 09:52:52,342 - INFO - [junyi|junyi_abce_best_no_E_bs64|lr=0.003|drop=0.40] Epoch [009/100] | Train: Loss=0.5132, BCE=0.5004, Reg=0.0128, AUC=0.8073, ACC=0.7597, RMSE=0.4062 | Val: Loss=0.5049, BCE=0.4922, Reg=0.0128, AUC=0.8121, ACC=0.7646, RMSE=0.4019
2026-04-17 09:52:52,342 - INFO - [junyi|junyi_abce_best_no_E_bs64|lr=0.003|drop=0.40] [Reg Terms] Epoch [009] | Train: graph_entropy=0.000000, graph_diag=0.006003, graph_uniform=0.006753, graph_reg_scale=1.0000, prediction_l2=0.000000, personal_sparse=0.000000, alpha_var=0.000000, alpha_collapse=0.000000, reg_bce_ratio=0.0255 | Val: graph_entropy=0.000000, graph_diag=0.006000, graph_uniform=0.006753, graph_reg_scale=1.0000, prediction_l2=0.000000, personal_sparse=0.000000, alpha_var=0.000000, alpha_collapse=0.000000, reg_bce_ratio=0.0259
2026-04-17 09:52:52,582 - INFO - [junyi|junyi_abce_best_no_E_bs64|lr=0.003|drop=0.40] [Diag][AE] Epoch [009] | irt_abs_mean=1.6457, irt_std=1.0351, personal_warmup_scale=1.00, graph_row_entropy=3.2177, graph_entropy_ratio=0.4915, alpha_mean=0.0000, alpha_std=0.0000, alpha_base_mean=0.0000, alpha_delta_absmean=0.0000, alpha_saturation_ratio=0.0000, alpha_bias_std=NA, alpha_state_path=0.0000, alpha_id_path=0.0000, alpha_bias_path=0.0000, head_bias_path=0.0000, personal_row_entropy=0.0000, personal_matrix_delta=0.0000, personal_matrix_student_std=0.0000, personal_delta_pre_softmax_norm=0.0000, personal_delta_student_std=0.0000, alpha_head_std=0.0000, query_row_global_readout_delta=0.1177, query_row_personal_message_delta=0.0000, query_row_posterior_delta_abs=0.0000, query_row_posterior_kl=0.0000, personal_to_graph_query_ratio=0.0000, query_row_global_support_mass=0.6806, query_row_personal_support_mass=0.0000, neighbor_row_personal_delta=0.0000, personal_row_budget_mean=0.0000, personal_query_row_std=0.0000, readout_query_support_mass=0.6806, personal_student_mix=0.0000, personal_student_adapter=0.0000, local_row_ratio=0.0000, support_density=0.0000, readout_query_delta=0.1177, personal_bad_rows_active=0.00, personal_fallback_rows_active=0.00, personal_bad_row_rate_active=0.0000, personal_padded_rows=0.00, personal_logits_support_absmax=0.0000, personal_query_trust_scale_mean=1.0000, personal_bad_rows_legacy=0.00, personal_fallback_rows_legacy=0.00, personal_logits_absmax_legacy=0.0000
2026-04-17 09:52:52,582 - INFO - [junyi|junyi_abce_best_no_E_bs64|lr=0.003|drop=0.40] [Diag][A] Epoch [009] | entropy_ratio=0.4915, diag_mass=0.0500, to_uniform_l2=0.007448, to_identity_l2=0.036726, relation_identity_delta=0.036726, knowledge_state_graph_delta=0.323813, knowledge_state_personal_delta=0.000000, share_concept_embeddings=True, tau_mean=0.6932, tau_std=0.0000, graph_reg_scale(train/val)=1.0000/1.0000
2026-04-17 09:52:52,583 - INFO - [junyi|junyi_abce_best_no_E_bs64|lr=0.003|drop=0.40] [Grad Norms] Epoch [009] | relation_emb=4.827161e-01, relation_tau=2.867386e-12, relation_wq=1.288899e-08, relation_wk=1.101905e-08, personal_u=0.000000e+00, personal_v=0.000000e+00, personal_alpha_bias=0.000000e+00, personal_gate_emb=0.000000e+00, personal_gate_state_proj=0.000000e+00, personal_gate_context_proj=0.000000e+00, personal_gate_state_direct=0.000000e+00, personal_gate_id_direct=0.000000e+00, personal_gate_context_direct=0.000000e+00, personal_gate_out=0.000000e+00, personal_generator_emb=0.000000e+00, personal_generator_context_proj=0.000000e+00, personal_generator_context_hidden=0.000000e+00, personal_generator_context_to_u=0.000000e+00, personal_generator_context_to_v=0.000000e+00, personal_generator_state_row=0.000000e+00, personal_generator_state_col=0.000000e+00, personal_generator_id_row=0.000000e+00, personal_generator_id_col=0.000000e+00, personal_generator_state_adapter=0.000000e+00, personal_generator_id_adapter=0.000000e+00, personal_generator_context_adapter=0.000000e+00, personal_generator_direct_scale=0.000000e+00
2026-04-17 09:52:52,583 - INFO - [junyi|junyi_abce_best_no_E_bs64|lr=0.003|drop=0.40] -> No improvement 1 epoch(s) (best AUC=0.8148 @ 8)
2026-04-17 09:53:43,252 - INFO - [junyi|junyi_abce_best_full|lr=0.003|drop=0.40] Epoch [021/100] | Train: Loss=0.4846, BCE=0.4697, Reg=0.0149, AUC=0.8333, ACC=0.7796, RMSE=0.3911 | Val: Loss=0.4981, BCE=0.4831, Reg=0.0149, AUC=0.8225, ACC=0.7739, RMSE=0.3968
2026-04-17 09:53:43,252 - INFO - [junyi|junyi_abce_best_full|lr=0.003|drop=0.40] [Reg Terms] Epoch [021] | Train: graph_entropy=0.000000, graph_diag=0.006002, graph_uniform=0.006753, graph_reg_scale=1.0000, prediction_l2=0.000000, personal_sparse=0.001217, alpha_var=0.000000, alpha_collapse=0.000004, reg_bce_ratio=0.0318 | Val: graph_entropy=0.000000, graph_diag=0.006000, graph_uniform=0.006753, graph_reg_scale=1.0000, prediction_l2=0.000000, personal_sparse=0.001219, alpha_var=0.000000, alpha_collapse=0.000029, reg_bce_ratio=0.0309
2026-04-17 09:53:43,509 - INFO - [junyi|junyi_abce_best_full|lr=0.003|drop=0.40] [Diag][AE] Epoch [021] | irt_abs_mean=1.8759, irt_std=1.1407, personal_warmup_scale=1.00, graph_row_entropy=3.2177, graph_entropy_ratio=0.4915, alpha_mean=0.1331, alpha_std=0.0374, alpha_base_mean=0.1312, alpha_delta_absmean=0.0241, alpha_saturation_ratio=0.0000, alpha_bias_std=NA, alpha_state_path=0.5030, alpha_id_path=0.0000, alpha_bias_path=0.0000, head_bias_path=0.1842, personal_row_entropy=2.4333, personal_matrix_delta=0.0430, personal_matrix_student_std=0.0448, personal_delta_pre_softmax_norm=2.7564, personal_delta_student_std=2.6412, alpha_head_std=0.0360, query_row_global_readout_delta=0.1143, query_row_personal_message_delta=0.0006, query_row_posterior_delta_abs=0.0430, query_row_posterior_kl=0.0313, personal_to_graph_query_ratio=0.0050, query_row_global_support_mass=1.6350, query_row_personal_support_mass=1.6350, neighbor_row_personal_delta=0.0000, personal_row_budget_mean=1.3000, personal_query_row_std=0.1773, readout_query_support_mass=1.6350, personal_student_mix=0.0500, personal_student_adapter=0.0400, local_row_ratio=0.0633, support_density=1.0000, readout_query_delta=0.1141, personal_bad_rows_active=0.00, personal_fallback_rows_active=0.00, personal_bad_row_rate_active=0.0000, personal_padded_rows=0.00, personal_logits_support_absmax=6.8234, personal_query_trust_scale_mean=1.0000, personal_bad_rows_legacy=0.00, personal_fallback_rows_legacy=0.00, personal_logits_absmax_legacy=6.8234
2026-04-17 09:53:43,509 - INFO - [junyi|junyi_abce_best_full|lr=0.003|drop=0.40] [Diag][A] Epoch [021] | entropy_ratio=0.4915, diag_mass=0.0500, to_uniform_l2=0.007448, to_identity_l2=0.036726, relation_identity_delta=0.036726, knowledge_state_graph_delta=0.362361, knowledge_state_personal_delta=0.000000, share_concept_embeddings=True, tau_mean=0.6931, tau_std=0.0000, graph_reg_scale(train/val)=1.0000/1.0000
2026-04-17 09:53:43,510 - WARNING - [junyi|junyi_abce_best_full|lr=0.003|drop=0.40] [Diag Warning][AE] query-readout-overamplified: readout_query_delta=0.114119, query_row_graph_delta=0.114310, personal_matrix_delta=0.043011
2026-04-17 09:53:43,510 - INFO - [junyi|junyi_abce_best_full|lr=0.003|drop=0.40] [Grad Norms] Epoch [021] | relation_emb=8.658192e-01, relation_tau=5.380809e-15, relation_wq=0.000000e+00, relation_wk=0.000000e+00, personal_u=6.829822e-03, personal_v=7.622115e-03, personal_alpha_bias=0.000000e+00, personal_gate_emb=0.000000e+00, personal_gate_state_proj=1.951879e-15, personal_gate_context_proj=1.294277e-12, personal_gate_state_direct=4.839606e-07, personal_gate_id_direct=0.000000e+00, personal_gate_context_direct=3.175537e-04, personal_gate_out=2.776020e-08, personal_generator_emb=9.904085e-23, personal_generator_context_proj=1.151298e-20, personal_generator_context_hidden=8.759580e-17, personal_generator_context_to_u=1.860931e-12, personal_generator_context_to_v=4.421714e-13, personal_generator_state_row=1.424290e-12, personal_generator_state_col=3.383743e-13, personal_generator_id_row=3.561363e-13, personal_generator_id_col=8.462071e-14, personal_generator_state_adapter=3.842329e-18, personal_generator_id_adapter=3.294855e-25, personal_generator_context_adapter=1.504426e-19, personal_generator_direct_scale=3.028589e-06
2026-04-17 09:53:43,510 - INFO - [junyi|junyi_abce_best_full|lr=0.003|drop=0.40] -> No improvement 1 epoch(s) (best AUC=0.8232 @ 20)
2026-04-17 09:54:08,819 - INFO - [junyi|junyi_abce_best_no_E_bs64|lr=0.003|drop=0.40] Epoch [010/100] | Train: Loss=0.5130, BCE=0.5003, Reg=0.0128, AUC=0.8072, ACC=0.7599, RMSE=0.4061 | Val: Loss=0.5171, BCE=0.5044, Reg=0.0128, AUC=0.8140, ACC=0.7707, RMSE=0.4034
2026-04-17 09:54:08,819 - INFO - [junyi|junyi_abce_best_no_E_bs64|lr=0.003|drop=0.40] [Reg Terms] Epoch [010] | Train: graph_entropy=0.000000, graph_diag=0.006005, graph_uniform=0.006753, graph_reg_scale=1.0000, prediction_l2=0.000000, personal_sparse=0.000000, alpha_var=0.000000, alpha_collapse=0.000000, reg_bce_ratio=0.0255 | Val: graph_entropy=0.000000, graph_diag=0.006000, graph_uniform=0.006753, graph_reg_scale=1.0000, prediction_l2=0.000000, personal_sparse=0.000000, alpha_var=0.000000, alpha_collapse=0.000000, reg_bce_ratio=0.0253
2026-04-17 09:54:09,030 - INFO - [junyi|junyi_abce_best_no_E_bs64|lr=0.003|drop=0.40] [Diag][AE] Epoch [010] | irt_abs_mean=2.1478, irt_std=1.3623, personal_warmup_scale=1.00, graph_row_entropy=3.2177, graph_entropy_ratio=0.4915, alpha_mean=0.0000, alpha_std=0.0000, alpha_base_mean=0.0000, alpha_delta_absmean=0.0000, alpha_saturation_ratio=0.0000, alpha_bias_std=NA, alpha_state_path=0.0000, alpha_id_path=0.0000, alpha_bias_path=0.0000, head_bias_path=0.0000, personal_row_entropy=0.0000, personal_matrix_delta=0.0000, personal_matrix_student_std=0.0000, personal_delta_pre_softmax_norm=0.0000, personal_delta_student_std=0.0000, alpha_head_std=0.0000, query_row_global_readout_delta=0.0583, query_row_personal_message_delta=0.0000, query_row_posterior_delta_abs=0.0000, query_row_posterior_kl=0.0000, personal_to_graph_query_ratio=0.0000, query_row_global_support_mass=2.0497, query_row_personal_support_mass=0.0000, neighbor_row_personal_delta=0.0000, personal_row_budget_mean=0.0000, personal_query_row_std=0.0000, readout_query_support_mass=2.0497, personal_student_mix=0.0000, personal_student_adapter=0.0000, local_row_ratio=0.0000, support_density=0.0000, readout_query_delta=0.0583, personal_bad_rows_active=0.00, personal_fallback_rows_active=0.00, personal_bad_row_rate_active=0.0000, personal_padded_rows=0.00, personal_logits_support_absmax=0.0000, personal_query_trust_scale_mean=1.0000, personal_bad_rows_legacy=0.00, personal_fallback_rows_legacy=0.00, personal_logits_absmax_legacy=0.0000
2026-04-17 09:54:09,030 - INFO - [junyi|junyi_abce_best_no_E_bs64|lr=0.003|drop=0.40] [Diag][A] Epoch [010] | entropy_ratio=0.4915, diag_mass=0.0500, to_uniform_l2=0.007448, to_identity_l2=0.036726, relation_identity_delta=0.036726, knowledge_state_graph_delta=0.298846, knowledge_state_personal_delta=0.000000, share_concept_embeddings=True, tau_mean=0.6932, tau_std=0.0000, graph_reg_scale(train/val)=1.0000/1.0000
2026-04-17 09:54:09,030 - INFO - [junyi|junyi_abce_best_no_E_bs64|lr=0.003|drop=0.40] [Grad Norms] Epoch [010] | relation_emb=4.836013e-01, relation_tau=4.415454e-12, relation_wq=1.572490e-08, relation_wk=1.402379e-08, personal_u=0.000000e+00, personal_v=0.000000e+00, personal_alpha_bias=0.000000e+00, personal_gate_emb=0.000000e+00, personal_gate_state_proj=0.000000e+00, personal_gate_context_proj=0.000000e+00, personal_gate_state_direct=0.000000e+00, personal_gate_id_direct=0.000000e+00, personal_gate_context_direct=0.000000e+00, personal_gate_out=0.000000e+00, personal_generator_emb=0.000000e+00, personal_generator_context_proj=0.000000e+00, personal_generator_context_hidden=0.000000e+00, personal_generator_context_to_u=0.000000e+00, personal_generator_context_to_v=0.000000e+00, personal_generator_state_row=0.000000e+00, personal_generator_state_col=0.000000e+00, personal_generator_id_row=0.000000e+00, personal_generator_id_col=0.000000e+00, personal_generator_state_adapter=0.000000e+00, personal_generator_id_adapter=0.000000e+00, personal_generator_context_adapter=0.000000e+00, personal_generator_direct_scale=0.000000e+00
2026-04-17 09:54:09,030 - INFO - [junyi|junyi_abce_best_no_E_bs64|lr=0.003|drop=0.40] -> No improvement 2 epoch(s) (best AUC=0.8148 @ 8)
2026-04-17 09:54:09,059 - INFO - [junyi|junyi_abce_best_no_E_bs64|lr=0.003|drop=0.40] Checkpoint saved: checkpoints/abce_diag/remote_trust_diag_20260417_709083f/junyi/seed42/best_no_E_bs64/checkpoint_epoch_10.pth
2026-04-17 09:54:09,318 - INFO - [junyi|junyi_abce_best_no_E_bs64|lr=0.003|drop=0.40] [Module Activity] Epoch 10: Graph[LIVE]
2026-04-17 09:55:24,441 - INFO - [junyi|junyi_abce_best_no_E_bs64|lr=0.003|drop=0.40] Epoch [011/100] | Train: Loss=0.5000, BCE=0.4873, Reg=0.0128, AUC=0.8187, ACC=0.7682, RMSE=0.3999 | Val: Loss=0.4956, BCE=0.4829, Reg=0.0128, AUC=0.8184, ACC=0.7700, RMSE=0.3977
2026-04-17 09:55:24,441 - INFO - [junyi|junyi_abce_best_no_E_bs64|lr=0.003|drop=0.40] [Reg Terms] Epoch [011] | Train: graph_entropy=0.000000, graph_diag=0.006002, graph_uniform=0.006753, graph_reg_scale=1.0000, prediction_l2=0.000000, personal_sparse=0.000000, alpha_var=0.000000, alpha_collapse=0.000000, reg_bce_ratio=0.0262 | Val: graph_entropy=0.000000, graph_diag=0.006000, graph_uniform=0.006753, graph_reg_scale=1.0000, prediction_l2=0.000000, personal_sparse=0.000000, alpha_var=0.000000, alpha_collapse=0.000000, reg_bce_ratio=0.0264
2026-04-17 09:55:24,660 - INFO - [junyi|junyi_abce_best_no_E_bs64|lr=0.003|drop=0.40] [Diag][AE] Epoch [011] | irt_abs_mean=1.3785, irt_std=0.8620, personal_warmup_scale=1.00, graph_row_entropy=3.2177, graph_entropy_ratio=0.4915, alpha_mean=0.0000, alpha_std=0.0000, alpha_base_mean=0.0000, alpha_delta_absmean=0.0000, alpha_saturation_ratio=0.0000, alpha_bias_std=NA, alpha_state_path=0.0000, alpha_id_path=0.0000, alpha_bias_path=0.0000, head_bias_path=0.0000, personal_row_entropy=0.0000, personal_matrix_delta=0.0000, personal_matrix_student_std=0.0000, personal_delta_pre_softmax_norm=0.0000, personal_delta_student_std=0.0000, alpha_head_std=0.0000, query_row_global_readout_delta=0.1478, query_row_personal_message_delta=0.0000, query_row_posterior_delta_abs=0.0000, query_row_posterior_kl=0.0000, personal_to_graph_query_ratio=0.0000, query_row_global_support_mass=2.4882, query_row_personal_support_mass=0.0000, neighbor_row_personal_delta=0.0000, personal_row_budget_mean=0.0000, personal_query_row_std=0.0000, readout_query_support_mass=2.4882, personal_student_mix=0.0000, personal_student_adapter=0.0000, local_row_ratio=0.0000, support_density=0.0000, readout_query_delta=0.1478, personal_bad_rows_active=0.00, personal_fallback_rows_active=0.00, personal_bad_row_rate_active=0.0000, personal_padded_rows=0.00, personal_logits_support_absmax=0.0000, personal_query_trust_scale_mean=1.0000, personal_bad_rows_legacy=0.00, personal_fallback_rows_legacy=0.00, personal_logits_absmax_legacy=0.0000
2026-04-17 09:55:24,660 - INFO - [junyi|junyi_abce_best_no_E_bs64|lr=0.003|drop=0.40] [Diag][A] Epoch [011] | entropy_ratio=0.4915, diag_mass=0.0500, to_uniform_l2=0.007448, to_identity_l2=0.036726, relation_identity_delta=0.036726, knowledge_state_graph_delta=0.334751, knowledge_state_personal_delta=0.000000, share_concept_embeddings=True, tau_mean=0.6931, tau_std=0.0000, graph_reg_scale(train/val)=1.0000/1.0000
2026-04-17 09:55:24,660 - INFO - [junyi|junyi_abce_best_no_E_bs64|lr=0.003|drop=0.40] [Grad Norms] Epoch [011] | relation_emb=1.081903e+00, relation_tau=1.632569e-13, relation_wq=4.523773e-09, relation_wk=3.166507e-09, personal_u=0.000000e+00, personal_v=0.000000e+00, personal_alpha_bias=0.000000e+00, personal_gate_emb=0.000000e+00, personal_gate_state_proj=0.000000e+00, personal_gate_context_proj=0.000000e+00, personal_gate_state_direct=0.000000e+00, personal_gate_id_direct=0.000000e+00, personal_gate_context_direct=0.000000e+00, personal_gate_out=0.000000e+00, personal_generator_emb=0.000000e+00, personal_generator_context_proj=0.000000e+00, personal_generator_context_hidden=0.000000e+00, personal_generator_context_to_u=0.000000e+00, personal_generator_context_to_v=0.000000e+00, personal_generator_state_row=0.000000e+00, personal_generator_state_col=0.000000e+00, personal_generator_id_row=0.000000e+00, personal_generator_id_col=0.000000e+00, personal_generator_state_adapter=0.000000e+00, personal_generator_id_adapter=0.000000e+00, personal_generator_context_adapter=0.000000e+00, personal_generator_direct_scale=0.000000e+00
2026-04-17 09:55:24,811 - INFO - [junyi|junyi_abce_best_no_E_bs64|lr=0.003|drop=0.40] -> New best AUC=0.8184 at epoch 11
2026-04-17 09:56:27,279 - INFO - [junyi|junyi_abce_best_full|lr=0.003|drop=0.40] Epoch [022/100] | Train: Loss=0.4831, BCE=0.4681, Reg=0.0149, AUC=0.8347, ACC=0.7803, RMSE=0.3903 | Val: Loss=0.5004, BCE=0.4854, Reg=0.0150, AUC=0.8205, ACC=0.7746, RMSE=0.3973
2026-04-17 09:56:27,279 - INFO - [junyi|junyi_abce_best_full|lr=0.003|drop=0.40] [Reg Terms] Epoch [022] | Train: graph_entropy=0.000000, graph_diag=0.006002, graph_uniform=0.006753, graph_reg_scale=1.0000, prediction_l2=0.000000, personal_sparse=0.001211, alpha_var=0.000000, alpha_collapse=0.000004, reg_bce_ratio=0.0319 | Val: graph_entropy=0.000000, graph_diag=0.006000, graph_uniform=0.006753, graph_reg_scale=1.0000, prediction_l2=0.000000, personal_sparse=0.001214, alpha_var=0.000000, alpha_collapse=0.000047, reg_bce_ratio=0.0308
2026-04-17 09:56:27,534 - INFO - [junyi|junyi_abce_best_full|lr=0.003|drop=0.40] [Diag][AE] Epoch [022] | irt_abs_mean=1.9801, irt_std=1.1269, personal_warmup_scale=1.00, graph_row_entropy=3.2177, graph_entropy_ratio=0.4915, alpha_mean=0.1337, alpha_std=0.0356, alpha_base_mean=0.1315, alpha_delta_absmean=0.0221, alpha_saturation_ratio=0.0000, alpha_bias_std=NA, alpha_state_path=0.4564, alpha_id_path=0.0000, alpha_bias_path=0.0000, head_bias_path=0.1946, personal_row_entropy=2.4092, personal_matrix_delta=0.0442, personal_matrix_student_std=0.0459, personal_delta_pre_softmax_norm=2.7375, personal_delta_student_std=2.6155, alpha_head_std=0.0347, query_row_global_readout_delta=0.1069, query_row_personal_message_delta=0.0013, query_row_posterior_delta_abs=0.0442, query_row_posterior_kl=0.0326, personal_to_graph_query_ratio=0.0126, query_row_global_support_mass=2.7520, query_row_personal_support_mass=2.7520, neighbor_row_personal_delta=0.0000, personal_row_budget_mean=1.3000, personal_query_row_std=0.1544, readout_query_support_mass=2.7520, personal_student_mix=0.0500, personal_student_adapter=0.0400, local_row_ratio=0.0638, support_density=1.0000, readout_query_delta=0.1077, personal_bad_rows_active=0.00, personal_fallback_rows_active=0.00, personal_bad_row_rate_active=0.0000, personal_padded_rows=0.00, personal_logits_support_absmax=6.8260, personal_query_trust_scale_mean=1.0000, personal_bad_rows_legacy=0.00, personal_fallback_rows_legacy=0.00, personal_logits_absmax_legacy=6.8260
2026-04-17 09:56:27,534 - INFO - [junyi|junyi_abce_best_full|lr=0.003|drop=0.40] [Diag][A] Epoch [022] | entropy_ratio=0.4915, diag_mass=0.0500, to_uniform_l2=0.007448, to_identity_l2=0.036726, relation_identity_delta=0.036726, knowledge_state_graph_delta=0.358331, knowledge_state_personal_delta=0.000000, share_concept_embeddings=True, tau_mean=0.6931, tau_std=0.0000, graph_reg_scale(train/val)=1.0000/1.0000
2026-04-17 09:56:27,535 - WARNING - [junyi|junyi_abce_best_full|lr=0.003|drop=0.40] [Diag Warning][AE] query-readout-overamplified: readout_query_delta=0.107710, query_row_graph_delta=0.106929, personal_matrix_delta=0.044208
2026-04-17 09:56:27,535 - INFO - [junyi|junyi_abce_best_full|lr=0.003|drop=0.40] [Grad Norms] Epoch [022] | relation_emb=9.842064e-01, relation_tau=8.842072e-15, relation_wq=0.000000e+00, relation_wk=0.000000e+00, personal_u=8.877623e-03, personal_v=6.247520e-03, personal_alpha_bias=0.000000e+00, personal_gate_emb=0.000000e+00, personal_gate_state_proj=2.617913e-18, personal_gate_context_proj=3.334604e-14, personal_gate_state_direct=5.819973e-09, personal_gate_id_direct=0.000000e+00, personal_gate_context_direct=7.625906e-05, personal_gate_out=8.348823e-10, personal_generator_emb=5.293956e-23, personal_generator_context_proj=2.124470e-20, personal_generator_context_hidden=1.219677e-16, personal_generator_context_to_u=3.742792e-12, personal_generator_context_to_v=6.493521e-13, personal_generator_state_row=4.908378e-12, personal_generator_state_col=8.515799e-13, personal_generator_id_row=1.227173e-12, personal_generator_id_col=2.129072e-13, personal_generator_state_adapter=1.027271e-17, personal_generator_id_adapter=5.072231e-24, personal_generator_context_adapter=1.021590e-17, personal_generator_direct_scale=2.663844e-06
2026-04-17 09:56:27,535 - INFO - [junyi|junyi_abce_best_full|lr=0.003|drop=0.40] -> No improvement 2 epoch(s) (best AUC=0.8232 @ 20)
2026-04-17 09:56:40,736 - INFO - [junyi|junyi_abce_best_no_E_bs64|lr=0.003|drop=0.40] Epoch [012/100] | Train: Loss=0.4995, BCE=0.4867, Reg=0.0128, AUC=0.8194, ACC=0.7697, RMSE=0.3993 | Val: Loss=0.5163, BCE=0.5036, Reg=0.0128, AUC=0.8198, ACC=0.7703, RMSE=0.4011
2026-04-17 09:56:40,737 - INFO - [junyi|junyi_abce_best_no_E_bs64|lr=0.003|drop=0.40] [Reg Terms] Epoch [012] | Train: graph_entropy=0.000000, graph_diag=0.006003, graph_uniform=0.006753, graph_reg_scale=1.0000, prediction_l2=0.000000, personal_sparse=0.000000, alpha_var=0.000000, alpha_collapse=0.000000, reg_bce_ratio=0.0262 | Val: graph_entropy=0.000000, graph_diag=0.006000, graph_uniform=0.006753, graph_reg_scale=1.0000, prediction_l2=0.000000, personal_sparse=0.000000, alpha_var=0.000000, alpha_collapse=0.000000, reg_bce_ratio=0.0253
2026-04-17 09:56:40,954 - INFO - [junyi|junyi_abce_best_no_E_bs64|lr=0.003|drop=0.40] [Diag][AE] Epoch [012] | irt_abs_mean=2.2070, irt_std=1.5454, personal_warmup_scale=1.00, graph_row_entropy=3.2177, graph_entropy_ratio=0.4915, alpha_mean=0.0000, alpha_std=0.0000, alpha_base_mean=0.0000, alpha_delta_absmean=0.0000, alpha_saturation_ratio=0.0000, alpha_bias_std=NA, alpha_state_path=0.0000, alpha_id_path=0.0000, alpha_bias_path=0.0000, head_bias_path=0.0000, personal_row_entropy=0.0000, personal_matrix_delta=0.0000, personal_matrix_student_std=0.0000, personal_delta_pre_softmax_norm=0.0000, personal_delta_student_std=0.0000, alpha_head_std=0.0000, query_row_global_readout_delta=0.0659, query_row_personal_message_delta=0.0000, query_row_posterior_delta_abs=0.0000, query_row_posterior_kl=0.0000, personal_to_graph_query_ratio=0.0000, query_row_global_support_mass=1.6940, query_row_personal_support_mass=0.0000, neighbor_row_personal_delta=0.0000, personal_row_budget_mean=0.0000, personal_query_row_std=0.0000, readout_query_support_mass=1.6940, personal_student_mix=0.0000, personal_student_adapter=0.0000, local_row_ratio=0.0000, support_density=0.0000, readout_query_delta=0.0659, personal_bad_rows_active=0.00, personal_fallback_rows_active=0.00, personal_bad_row_rate_active=0.0000, personal_padded_rows=0.00, personal_logits_support_absmax=0.0000, personal_query_trust_scale_mean=1.0000, personal_bad_rows_legacy=0.00, personal_fallback_rows_legacy=0.00, personal_logits_absmax_legacy=0.0000
2026-04-17 09:56:40,955 - INFO - [junyi|junyi_abce_best_no_E_bs64|lr=0.003|drop=0.40] [Diag][A] Epoch [012] | entropy_ratio=0.4915, diag_mass=0.0500, to_uniform_l2=0.007448, to_identity_l2=0.036726, relation_identity_delta=0.036726, knowledge_state_graph_delta=0.314238, knowledge_state_personal_delta=0.000000, share_concept_embeddings=True, tau_mean=0.6931, tau_std=0.0000, graph_reg_scale(train/val)=1.0000/1.0000
2026-04-17 09:56:40,955 - INFO - [junyi|junyi_abce_best_no_E_bs64|lr=0.003|drop=0.40] [Grad Norms] Epoch [012] | relation_emb=4.902663e-01, relation_tau=2.756583e-13, relation_wq=5.633074e-09, relation_wk=2.323725e-09, personal_u=0.000000e+00, personal_v=0.000000e+00, personal_alpha_bias=0.000000e+00, personal_gate_emb=0.000000e+00, personal_gate_state_proj=0.000000e+00, personal_gate_context_proj=0.000000e+00, personal_gate_state_direct=0.000000e+00, personal_gate_id_direct=0.000000e+00, personal_gate_context_direct=0.000000e+00, personal_gate_out=0.000000e+00, personal_generator_emb=0.000000e+00, personal_generator_context_proj=0.000000e+00, personal_generator_context_hidden=0.000000e+00, personal_generator_context_to_u=0.000000e+00, personal_generator_context_to_v=0.000000e+00, personal_generator_state_row=0.000000e+00, personal_generator_state_col=0.000000e+00, personal_generator_id_row=0.000000e+00, personal_generator_id_col=0.000000e+00, personal_generator_state_adapter=0.000000e+00, personal_generator_id_adapter=0.000000e+00, personal_generator_context_adapter=0.000000e+00, personal_generator_direct_scale=0.000000e+00
2026-04-17 09:56:41,154 - INFO - [junyi|junyi_abce_best_no_E_bs64|lr=0.003|drop=0.40] -> New best AUC=0.8198 at epoch 12
2026-04-17 09:57:56,947 - INFO - [junyi|junyi_abce_best_no_E_bs64|lr=0.003|drop=0.40] Epoch [013/100] | Train: Loss=0.4982, BCE=0.4855, Reg=0.0128, AUC=0.8203, ACC=0.7704, RMSE=0.3988 | Val: Loss=0.5095, BCE=0.4968, Reg=0.0128, AUC=0.8198, ACC=0.7734, RMSE=0.3998
2026-04-17 09:57:56,947 - INFO - [junyi|junyi_abce_best_no_E_bs64|lr=0.003|drop=0.40] [Reg Terms] Epoch [013] | Train: graph_entropy=0.000000, graph_diag=0.006002, graph_uniform=0.006753, graph_reg_scale=1.0000, prediction_l2=0.000000, personal_sparse=0.000000, alpha_var=0.000000, alpha_collapse=0.000000, reg_bce_ratio=0.0263 | Val: graph_entropy=0.000000, graph_diag=0.006000, graph_uniform=0.006753, graph_reg_scale=1.0000, prediction_l2=0.000000, personal_sparse=0.000000, alpha_var=0.000000, alpha_collapse=0.000000, reg_bce_ratio=0.0257
2026-04-17 09:57:57,179 - INFO - [junyi|junyi_abce_best_no_E_bs64|lr=0.003|drop=0.40] [Diag][AE] Epoch [013] | irt_abs_mean=2.1459, irt_std=1.4878, personal_warmup_scale=1.00, graph_row_entropy=3.2177, graph_entropy_ratio=0.4915, alpha_mean=0.0000, alpha_std=0.0000, alpha_base_mean=0.0000, alpha_delta_absmean=0.0000, alpha_saturation_ratio=0.0000, alpha_bias_std=NA, alpha_state_path=0.0000, alpha_id_path=0.0000, alpha_bias_path=0.0000, head_bias_path=0.0000, personal_row_entropy=0.0000, personal_matrix_delta=0.0000, personal_matrix_student_std=0.0000, personal_delta_pre_softmax_norm=0.0000, personal_delta_student_std=0.0000, alpha_head_std=0.0000, query_row_global_readout_delta=0.0793, query_row_personal_message_delta=0.0000, query_row_posterior_delta_abs=0.0000, query_row_posterior_kl=0.0000, personal_to_graph_query_ratio=0.0000, query_row_global_support_mass=1.5966, query_row_personal_support_mass=0.0000, neighbor_row_personal_delta=0.0000, personal_row_budget_mean=0.0000, personal_query_row_std=0.0000, readout_query_support_mass=1.5966, personal_student_mix=0.0000, personal_student_adapter=0.0000, local_row_ratio=0.0000, support_density=0.0000, readout_query_delta=0.0793, personal_bad_rows_active=0.00, personal_fallback_rows_active=0.00, personal_bad_row_rate_active=0.0000, personal_padded_rows=0.00, personal_logits_support_absmax=0.0000, personal_query_trust_scale_mean=1.0000, personal_bad_rows_legacy=0.00, personal_fallback_rows_legacy=0.00, personal_logits_absmax_legacy=0.0000
2026-04-17 09:57:57,179 - INFO - [junyi|junyi_abce_best_no_E_bs64|lr=0.003|drop=0.40] [Diag][A] Epoch [013] | entropy_ratio=0.4915, diag_mass=0.0500, to_uniform_l2=0.007448, to_identity_l2=0.036726, relation_identity_delta=0.036726, knowledge_state_graph_delta=0.334293, knowledge_state_personal_delta=0.000000, share_concept_embeddings=True, tau_mean=0.6931, tau_std=0.0000, graph_reg_scale(train/val)=1.0000/1.0000
2026-04-17 09:57:57,179 - INFO - [junyi|junyi_abce_best_no_E_bs64|lr=0.003|drop=0.40] [Grad Norms] Epoch [013] | relation_emb=6.389103e-01, relation_tau=6.650691e-13, relation_wq=4.189945e-09, relation_wk=2.869923e-09, personal_u=0.000000e+00, personal_v=0.000000e+00, personal_alpha_bias=0.000000e+00, personal_gate_emb=0.000000e+00, personal_gate_state_proj=0.000000e+00, personal_gate_context_proj=0.000000e+00, personal_gate_state_direct=0.000000e+00, personal_gate_id_direct=0.000000e+00, personal_gate_context_direct=0.000000e+00, personal_gate_out=0.000000e+00, personal_generator_emb=0.000000e+00, personal_generator_context_proj=0.000000e+00, personal_generator_context_hidden=0.000000e+00, personal_generator_context_to_u=0.000000e+00, personal_generator_context_to_v=0.000000e+00, personal_generator_state_row=0.000000e+00, personal_generator_state_col=0.000000e+00, personal_generator_id_row=0.000000e+00, personal_generator_id_col=0.000000e+00, personal_generator_state_adapter=0.000000e+00, personal_generator_id_adapter=0.000000e+00, personal_generator_context_adapter=0.000000e+00, personal_generator_direct_scale=0.000000e+00
2026-04-17 09:57:57,327 - INFO - [junyi|junyi_abce_best_no_E_bs64|lr=0.003|drop=0.40] -> New best AUC=0.8198 at epoch 13
2026-04-17 09:59:13,313 - INFO - [junyi|junyi_abce_best_no_E_bs64|lr=0.003|drop=0.40] Epoch [014/100] | Train: Loss=0.4983, BCE=0.4855, Reg=0.0128, AUC=0.8202, ACC=0.7699, RMSE=0.3988 | Val: Loss=0.4966, BCE=0.4839, Reg=0.0128, AUC=0.8191, ACC=0.7736, RMSE=0.3974
2026-04-17 09:59:13,313 - INFO - [junyi|junyi_abce_best_no_E_bs64|lr=0.003|drop=0.40] [Reg Terms] Epoch [014] | Train: graph_entropy=0.000000, graph_diag=0.006001, graph_uniform=0.006753, graph_reg_scale=1.0000, prediction_l2=0.000000, personal_sparse=0.000000, alpha_var=0.000000, alpha_collapse=0.000000, reg_bce_ratio=0.0263 | Val: graph_entropy=0.000000, graph_diag=0.006000, graph_uniform=0.006753, graph_reg_scale=1.0000, prediction_l2=0.000000, personal_sparse=0.000000, alpha_var=0.000000, alpha_collapse=0.000000, reg_bce_ratio=0.0264
2026-04-17 09:59:13,532 - INFO - [junyi|junyi_abce_best_no_E_bs64|lr=0.003|drop=0.40] [Diag][AE] Epoch [014] | irt_abs_mean=1.7612, irt_std=1.0966, personal_warmup_scale=1.00, graph_row_entropy=3.2177, graph_entropy_ratio=0.4915, alpha_mean=0.0000, alpha_std=0.0000, alpha_base_mean=0.0000, alpha_delta_absmean=0.0000, alpha_saturation_ratio=0.0000, alpha_bias_std=NA, alpha_state_path=0.0000, alpha_id_path=0.0000, alpha_bias_path=0.0000, head_bias_path=0.0000, personal_row_entropy=0.0000, personal_matrix_delta=0.0000, personal_matrix_student_std=0.0000, personal_delta_pre_softmax_norm=0.0000, personal_delta_student_std=0.0000, alpha_head_std=0.0000, query_row_global_readout_delta=0.1123, query_row_personal_message_delta=0.0000, query_row_posterior_delta_abs=0.0000, query_row_posterior_kl=0.0000, personal_to_graph_query_ratio=0.0000, query_row_global_support_mass=1.6424, query_row_personal_support_mass=0.0000, neighbor_row_personal_delta=0.0000, personal_row_budget_mean=0.0000, personal_query_row_std=0.0000, readout_query_support_mass=1.6424, personal_student_mix=0.0000, personal_student_adapter=0.0000, local_row_ratio=0.0000, support_density=0.0000, readout_query_delta=0.1123, personal_bad_rows_active=0.00, personal_fallback_rows_active=0.00, personal_bad_row_rate_active=0.0000, personal_padded_rows=0.00, personal_logits_support_absmax=0.0000, personal_query_trust_scale_mean=1.0000, personal_bad_rows_legacy=0.00, personal_fallback_rows_legacy=0.00, personal_logits_absmax_legacy=0.0000
2026-04-17 09:59:13,533 - INFO - [junyi|junyi_abce_best_no_E_bs64|lr=0.003|drop=0.40] [Diag][A] Epoch [014] | entropy_ratio=0.4915, diag_mass=0.0500, to_uniform_l2=0.007448, to_identity_l2=0.036726, relation_identity_delta=0.036726, knowledge_state_graph_delta=0.343732, knowledge_state_personal_delta=0.000000, share_concept_embeddings=True, tau_mean=0.6931, tau_std=0.0000, graph_reg_scale(train/val)=1.0000/1.0000
2026-04-17 09:59:13,533 - INFO - [junyi|junyi_abce_best_no_E_bs64|lr=0.003|drop=0.40] [Grad Norms] Epoch [014] | relation_emb=5.733337e-01, relation_tau=1.679200e-12, relation_wq=4.192101e-09, relation_wk=3.116333e-09, personal_u=0.000000e+00, personal_v=0.000000e+00, personal_alpha_bias=0.000000e+00, personal_gate_emb=0.000000e+00, personal_gate_state_proj=0.000000e+00, personal_gate_context_proj=0.000000e+00, personal_gate_state_direct=0.000000e+00, personal_gate_id_direct=0.000000e+00, personal_gate_context_direct=0.000000e+00, personal_gate_out=0.000000e+00, personal_generator_emb=0.000000e+00, personal_generator_context_proj=0.000000e+00, personal_generator_context_hidden=0.000000e+00, personal_generator_context_to_u=0.000000e+00, personal_generator_context_to_v=0.000000e+00, personal_generator_state_row=0.000000e+00, personal_generator_state_col=0.000000e+00, personal_generator_id_row=0.000000e+00, personal_generator_id_col=0.000000e+00, personal_generator_state_adapter=0.000000e+00, personal_generator_id_adapter=0.000000e+00, personal_generator_context_adapter=0.000000e+00, personal_generator_direct_scale=0.000000e+00
2026-04-17 09:59:13,533 - INFO - [junyi|junyi_abce_best_no_E_bs64|lr=0.003|drop=0.40] -> No improvement 1 epoch(s) (best AUC=0.8198 @ 13)
2026-04-17 09:59:13,607 - INFO - [junyi|junyi_abce_best_full|lr=0.003|drop=0.40] Epoch [023/100] | Train: Loss=0.4711, BCE=0.4562, Reg=0.0149, AUC=0.8440, ACC=0.7884, RMSE=0.3844 | Val: Loss=0.4998, BCE=0.4848, Reg=0.0150, AUC=0.8227, ACC=0.7725, RMSE=0.3974
2026-04-17 09:59:13,607 - INFO - [junyi|junyi_abce_best_full|lr=0.003|drop=0.40] [Reg Terms] Epoch [023] | Train: graph_entropy=0.000000, graph_diag=0.006001, graph_uniform=0.006753, graph_reg_scale=1.0000, prediction_l2=0.000000, personal_sparse=0.001208, alpha_var=0.000000, alpha_collapse=0.000003, reg_bce_ratio=0.0327 | Val: graph_entropy=0.000000, graph_diag=0.006000, graph_uniform=0.006753, graph_reg_scale=1.0000, prediction_l2=0.000000, personal_sparse=0.001203, alpha_var=0.000000, alpha_collapse=0.000021, reg_bce_ratio=0.0308
2026-04-17 09:59:13,866 - INFO - [junyi|junyi_abce_best_full|lr=0.003|drop=0.40] [Diag][AE] Epoch [023] | irt_abs_mean=2.0201, irt_std=1.0791, personal_warmup_scale=1.00, graph_row_entropy=3.2177, graph_entropy_ratio=0.4915, alpha_mean=0.1336, alpha_std=0.0374, alpha_base_mean=0.1315, alpha_delta_absmean=0.0237, alpha_saturation_ratio=0.0000, alpha_bias_std=NA, alpha_state_path=0.4908, alpha_id_path=0.0000, alpha_bias_path=0.0000, head_bias_path=0.1969, personal_row_entropy=2.3553, personal_matrix_delta=0.0458, personal_matrix_student_std=0.0491, personal_delta_pre_softmax_norm=2.6998, personal_delta_student_std=2.5930, alpha_head_std=0.0364, query_row_global_readout_delta=0.1099, query_row_personal_message_delta=0.0011, query_row_posterior_delta_abs=0.0458, query_row_posterior_kl=0.0346, personal_to_graph_query_ratio=0.0098, query_row_global_support_mass=2.1010, query_row_personal_support_mass=2.1010, neighbor_row_personal_delta=0.0000, personal_row_budget_mean=1.3000, personal_query_row_std=0.2404, readout_query_support_mass=2.1010, personal_student_mix=0.0500, personal_student_adapter=0.0400, local_row_ratio=0.0463, support_density=1.0000, readout_query_delta=0.1102, personal_bad_rows_active=0.00, personal_fallback_rows_active=0.00, personal_bad_row_rate_active=0.0000, personal_padded_rows=0.00, personal_logits_support_absmax=6.7903, personal_query_trust_scale_mean=1.0000, personal_bad_rows_legacy=0.00, personal_fallback_rows_legacy=0.00, personal_logits_absmax_legacy=6.7903
2026-04-17 09:59:13,866 - INFO - [junyi|junyi_abce_best_full|lr=0.003|drop=0.40] [Diag][A] Epoch [023] | entropy_ratio=0.4915, diag_mass=0.0500, to_uniform_l2=0.007448, to_identity_l2=0.036726, relation_identity_delta=0.036726, knowledge_state_graph_delta=0.373506, knowledge_state_personal_delta=0.000000, share_concept_embeddings=True, tau_mean=0.6931, tau_std=0.0000, graph_reg_scale(train/val)=1.0000/1.0000
2026-04-17 09:59:13,866 - WARNING - [junyi|junyi_abce_best_full|lr=0.003|drop=0.40] [Diag Warning][AE] query-readout-overamplified: readout_query_delta=0.110229, query_row_graph_delta=0.109915, personal_matrix_delta=0.045844
2026-04-17 09:59:13,866 - INFO - [junyi|junyi_abce_best_full|lr=0.003|drop=0.40] [Grad Norms] Epoch [023] | relation_emb=1.332832e+00, relation_tau=0.000000e+00, relation_wq=0.000000e+00, relation_wk=0.000000e+00, personal_u=1.934414e-02, personal_v=1.114687e-02, personal_alpha_bias=0.000000e+00, personal_gate_emb=0.000000e+00, personal_gate_state_proj=0.000000e+00, personal_gate_context_proj=0.000000e+00, personal_gate_state_direct=3.244789e-09, personal_gate_id_direct=0.000000e+00, personal_gate_context_direct=1.227775e-04, personal_gate_out=0.000000e+00, personal_generator_emb=0.000000e+00, personal_generator_context_proj=0.000000e+00, personal_generator_context_hidden=0.000000e+00, personal_generator_context_to_u=0.000000e+00, personal_generator_context_to_v=0.000000e+00, personal_generator_state_row=0.000000e+00, personal_generator_state_col=0.000000e+00, personal_generator_id_row=0.000000e+00, personal_generator_id_col=0.000000e+00, personal_generator_state_adapter=0.000000e+00, personal_generator_id_adapter=0.000000e+00, personal_generator_context_adapter=0.000000e+00, personal_generator_direct_scale=1.959199e-05
2026-04-17 09:59:13,867 - INFO - [junyi|junyi_abce_best_full|lr=0.003|drop=0.40] -> No improvement 3 epoch(s) (best AUC=0.8232 @ 20)
2026-04-17 09:59:13,867 - INFO - [junyi|junyi_abce_best_full|lr=0.003|drop=0.40] Early stopping at epoch 23 (best AUC=0.8232 @ 20)
2026-04-17 09:59:13,875 - INFO - Epoch-wise metrics saved to checkpoints/abce_diag/remote_trust_diag_20260417_709083f/junyi/seed42/best_full/metrics_history.csv
2026-04-17 09:59:13,877 - INFO - [junyi|junyi_abce_best_full|lr=0.003|drop=0.40] Training completed! Best Val AUC=0.8232 @ epoch 20
2026-04-17 09:59:14,265 - INFO - 
============================================================
         MODULE ACTIVITY REPORT
============================================================
Dataset: junyi | Seed: 42 | Epoch: 23

1. Concept Graph Module (A):
   - Mean row entropy: 3.218 / 6.547
   - Entropy ratio: 49.1%
   - Query readout delta: 0.1098
   - Status: LIVE (global graph is entering queried concept readout)

2. Personal Graph Module (E):
   - Alpha mean: 0.134
   - Alpha std: 0.040
   - Alpha bias std: 0.000
   - Personal/global delta: 0.0445
   - Inter-student matrix std: 0.0471
   - Query personal message delta: 0.0011
   - Query posterior KL: 0.0329
   - Query personal std: 0.2143
   - Personal/global query ratio: 0.0100
   - Status: MARGINAL (some movement, but personalization is weak)

------------------------------------------------------------
SUMMARY:
   Active modules: Concept Graph (A)
   Inactive modules: Personal Graph (E)
============================================================
2026-04-17 09:59:14,266 - INFO - [junyi|junyi_abce_best_full|lr=0.003|drop=0.40] Module activity saved to checkpoints/abce_diag/remote_trust_diag_20260417_709083f/junyi/seed42/best_full/module_activity.json
2026-04-17 09:59:14,313 - INFO - Using device: cuda:0 (physical gpu 3)
2026-04-17 09:59:14,313 - INFO - Loading model from checkpoints/abce_diag/remote_trust_diag_20260417_709083f/junyi/seed42/best_full/best_model.pth...
2026-04-17 09:59:14,420 - INFO - [Inference Filter] before=67063, after=60494, dropped=6569, coverage=90.20% (train-only seen student/item support)
2026-04-17 09:59:14,448 - INFO - Inference switches: ablate_module1=False | enable_module1=True | use_concept_graph=True | effective(num_gnn_layers=2)
2026-04-17 09:59:14,577 - INFO - [Inference] Ablation runtime check: args(ablate_module1=False) | expect(use_concept_graph=True,use_personal_graph=True) | model(enable_module1=True,use_concept_graph=True,use_personal_graph=True) | physical(has_knowledge_encoder=True,has_relation_learning=True,has_adaptive_gate=True,has_personal_generator=True)
2026-04-17 09:59:14,578 - INFO - [Inference] [Graph Init] graph_tau_mean=1.0055, graph_tau_std=0.0000, graph_dropout=0.000, use_personal_graph=True
2026-04-17 09:59:14,580 - INFO - Model loaded from epoch 20. Start testing...
[GPU] Status: [GPU 3: 22579MiB free]
2026-04-17 09:59:18,235 - INFO - [Test] 200/946 batches done, samples=12800
2026-04-17 09:59:21,612 - INFO - [Test] 400/946 batches done, samples=25600
2026-04-17 09:59:25,006 - INFO - [Test] 600/946 batches done, samples=38400
2026-04-17 09:59:28,375 - INFO - [Test] 800/946 batches done, samples=51200
2026-04-17 09:59:30,986 - INFO - 
==================================================
2026-04-17 09:59:30,986 - INFO - Test Results:
2026-04-17 09:59:30,986 - INFO - AUC: 0.8292
2026-04-17 09:59:30,986 - INFO - ACC: 0.7707
2026-04-17 09:59:30,986 - INFO - RMSE: 0.3994
2026-04-17 09:59:30,986 - INFO - ==================================================
/home/zsh/ConceptSkillCDM/src/experiment_utils.py:316: FutureWarning: The behavior of DataFrame concatenation with empty or all-NA entries is deprecated. In a future version, this will no longer exclude empty or all-NA columns when determining the result dtypes. To retain the old behavior, exclude the relevant entries before the concat operation.
  df = pd.concat([df, pd.DataFrame([row])], ignore_index=True)
2026-04-17 09:59:31,006 - INFO - Summary appended to /home/zsh/ConceptSkillCDM/results/experiment_results.csv
2026-04-17 09:59:31,006 - INFO - 
Generating student diagnosis reports...
2026-04-17 09:59:31,051 - INFO - Student diagnosis reports saved to checkpoints/abce_diag/remote_trust_diag_20260417_709083f/junyi/seed42/best_full/student_diagnosis.json
2026-04-17 09:59:31,055 - INFO - Run completed.
2026-04-17 09:59:31,056 - INFO - Best validation AUC: 0.8232 at epoch 20
2026-04-17 09:59:31,056 - INFO - Test metrics - AUC: 0.8292, ACC: 0.7707, RMSE: 0.3994
2026-04-17 09:59:31,342 - INFO - [数据清洗] 学生交互次数 < 15 次的学生：共移除 2188 个学生（仅统计用户数）
2026-04-17 09:59:31,357 - INFO - [数据清洗] 学生冷启动过滤：在 train/valid/test 中共删除 35779 条记录。
2026-04-17 09:59:31,357 - INFO - [数据清洗] 跳过题目冷门过滤（min_exer_interactions <= 0）。
2026-04-17 09:59:31,357 - INFO - [数据清洗] 跳过毒题清洗（min_poison_count <= 0）。
2026-04-17 09:59:31,357 - INFO - 正在构建ID映射...
2026-04-17 09:59:31,594 - INFO - 正在构建Q矩阵...
2026-04-17 09:59:38,234 - INFO - [数据清洗] Valid train-seen 过滤：before=22111, after=22111, dropped=0, coverage=100.00%
2026-04-17 09:59:38,239 - INFO - [数据清洗] Test train-seen 过滤：before=60499, after=60494, dropped=5, coverage=99.99%
2026-04-17 09:59:38,245 - INFO - [统计] 开始统计清洗后每道题的概念数量分布...
2026-04-17 09:59:38,247 - INFO - [Train] 概念数统计：题目数=697, 平均概念数=1.0000, min=1, max=1, 1概念=697 (100.00%), ≥2概念=0 (0.00%)
2026-04-17 09:59:38,247 - INFO - [Train] 概念数直方图（概念数: 题目数量）: {1: 697}
2026-04-17 09:59:38,247 - INFO - [Valid] 概念数统计：题目数=614, 平均概念数=1.0000, min=1, max=1, 1概念=614 (100.00%), ≥2概念=0 (0.00%)
2026-04-17 09:59:38,247 - INFO - [Valid] 概念数直方图（概念数: 题目数量）: {1: 614}
2026-04-17 09:59:38,248 - INFO - [Test] 概念数统计：题目数=663, 平均概念数=1.0000, min=1, max=1, 1概念=663 (100.00%), ≥2概念=0 (0.00%)
2026-04-17 09:59:38,248 - INFO - [Test] 概念数直方图（概念数: 题目数量）: {1: 663}
2026-04-17 09:59:38,248 - INFO - [统计] 概念数量统计完成。
2026-04-17 09:59:38,248 - INFO - 正在加载数据集...
2026-04-17 09:59:38,394 - INFO - [Component Analysis] Global graph: torch.Size([2, 697, 697])
2026-04-17 09:59:38,670 - INFO - [Component Analysis] Gate alpha samples: 200
2026-04-17 09:59:38,716 - INFO - [Component Analysis] Data saved to checkpoints/abce_diag/remote_trust_diag_20260417_709083f/junyi/seed42/best_full/component_analysis_data.npz
2026-04-17 09:59:39,093 - INFO - Generating component analysis visualizations...
2026-04-17 09:59:39,711 - INFO - Visualizations saved to checkpoints/abce_diag/remote_trust_diag_20260417_709083f/junyi/seed42/best_full
Saved: checkpoints/abce_diag/remote_trust_diag_20260417_709083f/junyi/seed42/best_full/global_concept_graph.png
Graph sparsity (entries < 0.01): 51.14%
Saved: checkpoints/abce_diag/remote_trust_diag_20260417_709083f/junyi/seed42/best_full/alpha_distribution.png
2026-04-17 10:00:28,822 - INFO - [junyi|junyi_abce_best_no_E_bs64|lr=0.003|drop=0.40] Epoch [015/100] | Train: Loss=0.4842, BCE=0.4714, Reg=0.0128, AUC=0.8319, ACC=0.7778, RMSE=0.3921 | Val: Loss=0.4889, BCE=0.4762, Reg=0.0128, AUC=0.8242, ACC=0.7757, RMSE=0.3941
2026-04-17 10:00:28,822 - INFO - [junyi|junyi_abce_best_no_E_bs64|lr=0.003|drop=0.40] [Reg Terms] Epoch [015] | Train: graph_entropy=0.000000, graph_diag=0.006001, graph_uniform=0.006753, graph_reg_scale=1.0000, prediction_l2=0.000000, personal_sparse=0.000000, alpha_var=0.000000, alpha_collapse=0.000000, reg_bce_ratio=0.0271 | Val: graph_entropy=0.000000, graph_diag=0.006000, graph_uniform=0.006753, graph_reg_scale=1.0000, prediction_l2=0.000000, personal_sparse=0.000000, alpha_var=0.000000, alpha_collapse=0.000000, reg_bce_ratio=0.0268
2026-04-17 10:00:29,047 - INFO - [junyi|junyi_abce_best_no_E_bs64|lr=0.003|drop=0.40] [Diag][AE] Epoch [015] | irt_abs_mean=1.7799, irt_std=1.0449, personal_warmup_scale=1.00, graph_row_entropy=3.2177, graph_entropy_ratio=0.4915, alpha_mean=0.0000, alpha_std=0.0000, alpha_base_mean=0.0000, alpha_delta_absmean=0.0000, alpha_saturation_ratio=0.0000, alpha_bias_std=NA, alpha_state_path=0.0000, alpha_id_path=0.0000, alpha_bias_path=0.0000, head_bias_path=0.0000, personal_row_entropy=0.0000, personal_matrix_delta=0.0000, personal_matrix_student_std=0.0000, personal_delta_pre_softmax_norm=0.0000, personal_delta_student_std=0.0000, alpha_head_std=0.0000, query_row_global_readout_delta=0.1088, query_row_personal_message_delta=0.0000, query_row_posterior_delta_abs=0.0000, query_row_posterior_kl=0.0000, personal_to_graph_query_ratio=0.0000, query_row_global_support_mass=2.3762, query_row_personal_support_mass=0.0000, neighbor_row_personal_delta=0.0000, personal_row_budget_mean=0.0000, personal_query_row_std=0.0000, readout_query_support_mass=2.3762, personal_student_mix=0.0000, personal_student_adapter=0.0000, local_row_ratio=0.0000, support_density=0.0000, readout_query_delta=0.1088, personal_bad_rows_active=0.00, personal_fallback_rows_active=0.00, personal_bad_row_rate_active=0.0000, personal_padded_rows=0.00, personal_logits_support_absmax=0.0000, personal_query_trust_scale_mean=1.0000, personal_bad_rows_legacy=0.00, personal_fallback_rows_legacy=0.00, personal_logits_absmax_legacy=0.0000
2026-04-17 10:00:29,047 - INFO - [junyi|junyi_abce_best_no_E_bs64|lr=0.003|drop=0.40] [Diag][A] Epoch [015] | entropy_ratio=0.4915, diag_mass=0.0500, to_uniform_l2=0.007448, to_identity_l2=0.036726, relation_identity_delta=0.036726, knowledge_state_graph_delta=0.338488, knowledge_state_personal_delta=0.000000, share_concept_embeddings=True, tau_mean=0.6931, tau_std=0.0000, graph_reg_scale(train/val)=1.0000/1.0000
2026-04-17 10:00:29,047 - INFO - [junyi|junyi_abce_best_no_E_bs64|lr=0.003|drop=0.40] [Grad Norms] Epoch [015] | relation_emb=6.916435e-01, relation_tau=0.000000e+00, relation_wq=0.000000e+00, relation_wk=0.000000e+00, personal_u=0.000000e+00, personal_v=0.000000e+00, personal_alpha_bias=0.000000e+00, personal_gate_emb=0.000000e+00, personal_gate_state_proj=0.000000e+00, personal_gate_context_proj=0.000000e+00, personal_gate_state_direct=0.000000e+00, personal_gate_id_direct=0.000000e+00, personal_gate_context_direct=0.000000e+00, personal_gate_out=0.000000e+00, personal_generator_emb=0.000000e+00, personal_generator_context_proj=0.000000e+00, personal_generator_context_hidden=0.000000e+00, personal_generator_context_to_u=0.000000e+00, personal_generator_context_to_v=0.000000e+00, personal_generator_state_row=0.000000e+00, personal_generator_state_col=0.000000e+00, personal_generator_id_row=0.000000e+00, personal_generator_id_col=0.000000e+00, personal_generator_state_adapter=0.000000e+00, personal_generator_id_adapter=0.000000e+00, personal_generator_context_adapter=0.000000e+00, personal_generator_direct_scale=0.000000e+00
2026-04-17 10:00:29,222 - INFO - [junyi|junyi_abce_best_no_E_bs64|lr=0.003|drop=0.40] -> New best AUC=0.8242 at epoch 15
2026-04-17 10:01:47,652 - INFO - [junyi|junyi_abce_best_no_E_bs64|lr=0.003|drop=0.40] Epoch [016/100] | Train: Loss=0.4819, BCE=0.4691, Reg=0.0128, AUC=0.8338, ACC=0.7798, RMSE=0.3909 | Val: Loss=0.4962, BCE=0.4834, Reg=0.0128, AUC=0.8219, ACC=0.7746, RMSE=0.3967
2026-04-17 10:01:47,653 - INFO - [junyi|junyi_abce_best_no_E_bs64|lr=0.003|drop=0.40] [Reg Terms] Epoch [016] | Train: graph_entropy=0.000000, graph_diag=0.006001, graph_uniform=0.006753, graph_reg_scale=1.0000, prediction_l2=0.000000, personal_sparse=0.000000, alpha_var=0.000000, alpha_collapse=0.000000, reg_bce_ratio=0.0272 | Val: graph_entropy=0.000000, graph_diag=0.006000, graph_uniform=0.006753, graph_reg_scale=1.0000, prediction_l2=0.000000, personal_sparse=0.000000, alpha_var=0.000000, alpha_collapse=0.000000, reg_bce_ratio=0.0264
2026-04-17 10:01:47,905 - INFO - [junyi|junyi_abce_best_no_E_bs64|lr=0.003|drop=0.40] [Diag][AE] Epoch [016] | irt_abs_mean=1.9504, irt_std=1.1486, personal_warmup_scale=1.00, graph_row_entropy=3.2177, graph_entropy_ratio=0.4915, alpha_mean=0.0000, alpha_std=0.0000, alpha_base_mean=0.0000, alpha_delta_absmean=0.0000, alpha_saturation_ratio=0.0000, alpha_bias_std=NA, alpha_state_path=0.0000, alpha_id_path=0.0000, alpha_bias_path=0.0000, head_bias_path=0.0000, personal_row_entropy=0.0000, personal_matrix_delta=0.0000, personal_matrix_student_std=0.0000, personal_delta_pre_softmax_norm=0.0000, personal_delta_student_std=0.0000, alpha_head_std=0.0000, query_row_global_readout_delta=0.1095, query_row_personal_message_delta=0.0000, query_row_posterior_delta_abs=0.0000, query_row_posterior_kl=0.0000, personal_to_graph_query_ratio=0.0000, query_row_global_support_mass=2.1332, query_row_personal_support_mass=0.0000, neighbor_row_personal_delta=0.0000, personal_row_budget_mean=0.0000, personal_query_row_std=0.0000, readout_query_support_mass=2.1332, personal_student_mix=0.0000, personal_student_adapter=0.0000, local_row_ratio=0.0000, support_density=0.0000, readout_query_delta=0.1095, personal_bad_rows_active=0.00, personal_fallback_rows_active=0.00, personal_bad_row_rate_active=0.0000, personal_padded_rows=0.00, personal_logits_support_absmax=0.0000, personal_query_trust_scale_mean=1.0000, personal_bad_rows_legacy=0.00, personal_fallback_rows_legacy=0.00, personal_logits_absmax_legacy=0.0000
2026-04-17 10:01:47,905 - INFO - [junyi|junyi_abce_best_no_E_bs64|lr=0.003|drop=0.40] [Diag][A] Epoch [016] | entropy_ratio=0.4915, diag_mass=0.0500, to_uniform_l2=0.007448, to_identity_l2=0.036726, relation_identity_delta=0.036726, knowledge_state_graph_delta=0.346924, knowledge_state_personal_delta=0.000000, share_concept_embeddings=True, tau_mean=0.6931, tau_std=0.0000, graph_reg_scale(train/val)=1.0000/1.0000
2026-04-17 10:01:47,905 - INFO - [junyi|junyi_abce_best_no_E_bs64|lr=0.003|drop=0.40] [Grad Norms] Epoch [016] | relation_emb=9.693750e-01, relation_tau=2.895144e-14, relation_wq=0.000000e+00, relation_wk=0.000000e+00, personal_u=0.000000e+00, personal_v=0.000000e+00, personal_alpha_bias=0.000000e+00, personal_gate_emb=0.000000e+00, personal_gate_state_proj=0.000000e+00, personal_gate_context_proj=0.000000e+00, personal_gate_state_direct=0.000000e+00, personal_gate_id_direct=0.000000e+00, personal_gate_context_direct=0.000000e+00, personal_gate_out=0.000000e+00, personal_generator_emb=0.000000e+00, personal_generator_context_proj=0.000000e+00, personal_generator_context_hidden=0.000000e+00, personal_generator_context_to_u=0.000000e+00, personal_generator_context_to_v=0.000000e+00, personal_generator_state_row=0.000000e+00, personal_generator_state_col=0.000000e+00, personal_generator_id_row=0.000000e+00, personal_generator_id_col=0.000000e+00, personal_generator_state_adapter=0.000000e+00, personal_generator_id_adapter=0.000000e+00, personal_generator_context_adapter=0.000000e+00, personal_generator_direct_scale=0.000000e+00
2026-04-17 10:01:47,906 - INFO - [junyi|junyi_abce_best_no_E_bs64|lr=0.003|drop=0.40] -> No improvement 1 epoch(s) (best AUC=0.8242 @ 15)
2026-04-17 10:03:06,668 - INFO - [junyi|junyi_abce_best_no_E_bs64|lr=0.003|drop=0.40] Epoch [017/100] | Train: Loss=0.4810, BCE=0.4683, Reg=0.0128, AUC=0.8345, ACC=0.7797, RMSE=0.3906 | Val: Loss=0.4921, BCE=0.4793, Reg=0.0128, AUC=0.8221, ACC=0.7737, RMSE=0.3956
2026-04-17 10:03:06,669 - INFO - [junyi|junyi_abce_best_no_E_bs64|lr=0.003|drop=0.40] [Reg Terms] Epoch [017] | Train: graph_entropy=0.000000, graph_diag=0.006002, graph_uniform=0.006753, graph_reg_scale=1.0000, prediction_l2=0.000000, personal_sparse=0.000000, alpha_var=0.000000, alpha_collapse=0.000000, reg_bce_ratio=0.0272 | Val: graph_entropy=0.000000, graph_diag=0.006000, graph_uniform=0.006753, graph_reg_scale=1.0000, prediction_l2=0.000000, personal_sparse=0.000000, alpha_var=0.000000, alpha_collapse=0.000000, reg_bce_ratio=0.0266
2026-04-17 10:03:06,889 - INFO - [junyi|junyi_abce_best_no_E_bs64|lr=0.003|drop=0.40] [Diag][AE] Epoch [017] | irt_abs_mean=1.8386, irt_std=1.0081, personal_warmup_scale=1.00, graph_row_entropy=3.2177, graph_entropy_ratio=0.4915, alpha_mean=0.0000, alpha_std=0.0000, alpha_base_mean=0.0000, alpha_delta_absmean=0.0000, alpha_saturation_ratio=0.0000, alpha_bias_std=NA, alpha_state_path=0.0000, alpha_id_path=0.0000, alpha_bias_path=0.0000, head_bias_path=0.0000, personal_row_entropy=0.0000, personal_matrix_delta=0.0000, personal_matrix_student_std=0.0000, personal_delta_pre_softmax_norm=0.0000, personal_delta_student_std=0.0000, alpha_head_std=0.0000, query_row_global_readout_delta=0.1117, query_row_personal_message_delta=0.0000, query_row_posterior_delta_abs=0.0000, query_row_posterior_kl=0.0000, personal_to_graph_query_ratio=0.0000, query_row_global_support_mass=2.4956, query_row_personal_support_mass=0.0000, neighbor_row_personal_delta=0.0000, personal_row_budget_mean=0.0000, personal_query_row_std=0.0000, readout_query_support_mass=2.4956, personal_student_mix=0.0000, personal_student_adapter=0.0000, local_row_ratio=0.0000, support_density=0.0000, readout_query_delta=0.1117, personal_bad_rows_active=0.00, personal_fallback_rows_active=0.00, personal_bad_row_rate_active=0.0000, personal_padded_rows=0.00, personal_logits_support_absmax=0.0000, personal_query_trust_scale_mean=1.0000, personal_bad_rows_legacy=0.00, personal_fallback_rows_legacy=0.00, personal_logits_absmax_legacy=0.0000
2026-04-17 10:03:06,889 - INFO - [junyi|junyi_abce_best_no_E_bs64|lr=0.003|drop=0.40] [Diag][A] Epoch [017] | entropy_ratio=0.4915, diag_mass=0.0500, to_uniform_l2=0.007448, to_identity_l2=0.036726, relation_identity_delta=0.036726, knowledge_state_graph_delta=0.335261, knowledge_state_personal_delta=0.000000, share_concept_embeddings=True, tau_mean=0.6931, tau_std=0.0000, graph_reg_scale(train/val)=1.0000/1.0000
2026-04-17 10:03:06,889 - INFO - [junyi|junyi_abce_best_no_E_bs64|lr=0.003|drop=0.40] [Grad Norms] Epoch [017] | relation_emb=1.024742e+00, relation_tau=6.078655e-15, relation_wq=0.000000e+00, relation_wk=0.000000e+00, personal_u=0.000000e+00, personal_v=0.000000e+00, personal_alpha_bias=0.000000e+00, personal_gate_emb=0.000000e+00, personal_gate_state_proj=0.000000e+00, personal_gate_context_proj=0.000000e+00, personal_gate_state_direct=0.000000e+00, personal_gate_id_direct=0.000000e+00, personal_gate_context_direct=0.000000e+00, personal_gate_out=0.000000e+00, personal_generator_emb=0.000000e+00, personal_generator_context_proj=0.000000e+00, personal_generator_context_hidden=0.000000e+00, personal_generator_context_to_u=0.000000e+00, personal_generator_context_to_v=0.000000e+00, personal_generator_state_row=0.000000e+00, personal_generator_state_col=0.000000e+00, personal_generator_id_row=0.000000e+00, personal_generator_id_col=0.000000e+00, personal_generator_state_adapter=0.000000e+00, personal_generator_id_adapter=0.000000e+00, personal_generator_context_adapter=0.000000e+00, personal_generator_direct_scale=0.000000e+00
2026-04-17 10:03:06,889 - INFO - [junyi|junyi_abce_best_no_E_bs64|lr=0.003|drop=0.40] -> No improvement 2 epoch(s) (best AUC=0.8242 @ 15)
2026-04-17 10:04:24,655 - INFO - [junyi|junyi_abce_best_no_E_bs64|lr=0.003|drop=0.40] Epoch [018/100] | Train: Loss=0.4685, BCE=0.4557, Reg=0.0128, AUC=0.8446, ACC=0.7888, RMSE=0.3842 | Val: Loss=0.4960, BCE=0.4833, Reg=0.0128, AUC=0.8238, ACC=0.7733, RMSE=0.3965
2026-04-17 10:04:24,656 - INFO - [junyi|junyi_abce_best_no_E_bs64|lr=0.003|drop=0.40] [Reg Terms] Epoch [018] | Train: graph_entropy=0.000000, graph_diag=0.006001, graph_uniform=0.006753, graph_reg_scale=1.0000, prediction_l2=0.000000, personal_sparse=0.000000, alpha_var=0.000000, alpha_collapse=0.000000, reg_bce_ratio=0.0280 | Val: graph_entropy=0.000000, graph_diag=0.006000, graph_uniform=0.006753, graph_reg_scale=1.0000, prediction_l2=0.000000, personal_sparse=0.000000, alpha_var=0.000000, alpha_collapse=0.000000, reg_bce_ratio=0.0264
2026-04-17 10:04:24,928 - INFO - [junyi|junyi_abce_best_no_E_bs64|lr=0.003|drop=0.40] [Diag][AE] Epoch [018] | irt_abs_mean=1.9554, irt_std=1.1493, personal_warmup_scale=1.00, graph_row_entropy=3.2177, graph_entropy_ratio=0.4915, alpha_mean=0.0000, alpha_std=0.0000, alpha_base_mean=0.0000, alpha_delta_absmean=0.0000, alpha_saturation_ratio=0.0000, alpha_bias_std=NA, alpha_state_path=0.0000, alpha_id_path=0.0000, alpha_bias_path=0.0000, head_bias_path=0.0000, personal_row_entropy=0.0000, personal_matrix_delta=0.0000, personal_matrix_student_std=0.0000, personal_delta_pre_softmax_norm=0.0000, personal_delta_student_std=0.0000, alpha_head_std=0.0000, query_row_global_readout_delta=0.1100, query_row_personal_message_delta=0.0000, query_row_posterior_delta_abs=0.0000, query_row_posterior_kl=0.0000, personal_to_graph_query_ratio=0.0000, query_row_global_support_mass=1.9789, query_row_personal_support_mass=0.0000, neighbor_row_personal_delta=0.0000, personal_row_budget_mean=0.0000, personal_query_row_std=0.0000, readout_query_support_mass=1.9789, personal_student_mix=0.0000, personal_student_adapter=0.0000, local_row_ratio=0.0000, support_density=0.0000, readout_query_delta=0.1100, personal_bad_rows_active=0.00, personal_fallback_rows_active=0.00, personal_bad_row_rate_active=0.0000, personal_padded_rows=0.00, personal_logits_support_absmax=0.0000, personal_query_trust_scale_mean=1.0000, personal_bad_rows_legacy=0.00, personal_fallback_rows_legacy=0.00, personal_logits_absmax_legacy=0.0000
2026-04-17 10:04:24,929 - INFO - [junyi|junyi_abce_best_no_E_bs64|lr=0.003|drop=0.40] [Diag][A] Epoch [018] | entropy_ratio=0.4915, diag_mass=0.0500, to_uniform_l2=0.007448, to_identity_l2=0.036726, relation_identity_delta=0.036726, knowledge_state_graph_delta=0.356948, knowledge_state_personal_delta=0.000000, share_concept_embeddings=True, tau_mean=0.6931, tau_std=0.0000, graph_reg_scale(train/val)=1.0000/1.0000
2026-04-17 10:04:24,929 - INFO - [junyi|junyi_abce_best_no_E_bs64|lr=0.003|drop=0.40] [Grad Norms] Epoch [018] | relation_emb=1.218532e+00, relation_tau=0.000000e+00, relation_wq=0.000000e+00, relation_wk=0.000000e+00, personal_u=0.000000e+00, personal_v=0.000000e+00, personal_alpha_bias=0.000000e+00, personal_gate_emb=0.000000e+00, personal_gate_state_proj=0.000000e+00, personal_gate_context_proj=0.000000e+00, personal_gate_state_direct=0.000000e+00, personal_gate_id_direct=0.000000e+00, personal_gate_context_direct=0.000000e+00, personal_gate_out=0.000000e+00, personal_generator_emb=0.000000e+00, personal_generator_context_proj=0.000000e+00, personal_generator_context_hidden=0.000000e+00, personal_generator_context_to_u=0.000000e+00, personal_generator_context_to_v=0.000000e+00, personal_generator_state_row=0.000000e+00, personal_generator_state_col=0.000000e+00, personal_generator_id_row=0.000000e+00, personal_generator_id_col=0.000000e+00, personal_generator_state_adapter=0.000000e+00, personal_generator_id_adapter=0.000000e+00, personal_generator_context_adapter=0.000000e+00, personal_generator_direct_scale=0.000000e+00
2026-04-17 10:04:24,929 - INFO - [junyi|junyi_abce_best_no_E_bs64|lr=0.003|drop=0.40] -> No improvement 3 epoch(s) (best AUC=0.8242 @ 15)
2026-04-17 10:04:24,929 - INFO - [junyi|junyi_abce_best_no_E_bs64|lr=0.003|drop=0.40] Early stopping at epoch 18 (best AUC=0.8242 @ 15)
2026-04-17 10:04:24,936 - INFO - Epoch-wise metrics saved to checkpoints/abce_diag/remote_trust_diag_20260417_709083f/junyi/seed42/best_no_E_bs64/metrics_history.csv
2026-04-17 10:04:24,938 - INFO - [junyi|junyi_abce_best_no_E_bs64|lr=0.003|drop=0.40] Training completed! Best Val AUC=0.8242 @ epoch 15
2026-04-17 10:04:25,199 - INFO - 
============================================================
         MODULE ACTIVITY REPORT
============================================================
Dataset: junyi | Seed: 42 | Epoch: 18

1. Concept Graph Module (A):
   - Mean row entropy: 3.218 / 6.547
   - Entropy ratio: 49.1%
   - Query readout delta: 0.1130
   - Status: LIVE (global graph is entering queried concept readout)

2. Personal Graph Module (E):
   - Status: DISABLED (use_personal_graph=False or no_E)

------------------------------------------------------------
SUMMARY:
   Active modules: Concept Graph (A)
   All enabled graph modules are functioning properly.
============================================================
2026-04-17 10:04:25,200 - INFO - [junyi|junyi_abce_best_no_E_bs64|lr=0.003|drop=0.40] Module activity saved to checkpoints/abce_diag/remote_trust_diag_20260417_709083f/junyi/seed42/best_no_E_bs64/module_activity.json
2026-04-17 10:04:25,255 - INFO - Using device: cuda:0 (physical gpu 2)
2026-04-17 10:04:25,255 - INFO - Loading model from checkpoints/abce_diag/remote_trust_diag_20260417_709083f/junyi/seed42/best_no_E_bs64/best_model.pth...
2026-04-17 10:04:25,330 - INFO - [Inference Filter] before=67063, after=60494, dropped=6569, coverage=90.20% (train-only seen student/item support)
2026-04-17 10:04:25,355 - INFO - Inference switches: ablate_module1=False | enable_module1=True | use_concept_graph=True | effective(num_gnn_layers=2)
2026-04-17 10:04:25,399 - INFO - [Inference] Ablation runtime check: args(ablate_module1=False) | expect(use_concept_graph=True,use_personal_graph=False) | model(enable_module1=True,use_concept_graph=True,use_personal_graph=False) | physical(has_knowledge_encoder=True,has_relation_learning=True,has_adaptive_gate=False,has_personal_generator=False)
2026-04-17 10:04:25,399 - INFO - [Inference] [Graph Init] graph_tau_mean=1.0055, graph_tau_std=0.0000, graph_dropout=0.000, use_personal_graph=False
2026-04-17 10:04:25,400 - INFO - Model loaded from epoch 15. Start testing...
[GPU] Status: [GPU 2: 22827MiB free]
2026-04-17 10:04:26,886 - INFO - [Test] 200/946 batches done, samples=12800
2026-04-17 10:04:28,186 - INFO - [Test] 400/946 batches done, samples=25600
2026-04-17 10:04:29,436 - INFO - [Test] 600/946 batches done, samples=38400
2026-04-17 10:04:30,740 - INFO - [Test] 800/946 batches done, samples=51200
2026-04-17 10:04:31,767 - INFO - 
==================================================
2026-04-17 10:04:31,767 - INFO - Test Results:
2026-04-17 10:04:31,767 - INFO - AUC: 0.8297
2026-04-17 10:04:31,767 - INFO - ACC: 0.7712
2026-04-17 10:04:31,767 - INFO - RMSE: 0.3977
2026-04-17 10:04:31,767 - INFO - ==================================================
/home/zsh/ConceptSkillCDM/src/experiment_utils.py:316: FutureWarning: The behavior of DataFrame concatenation with empty or all-NA entries is deprecated. In a future version, this will no longer exclude empty or all-NA columns when determining the result dtypes. To retain the old behavior, exclude the relevant entries before the concat operation.
  df = pd.concat([df, pd.DataFrame([row])], ignore_index=True)
2026-04-17 10:04:31,787 - INFO - Summary appended to /home/zsh/ConceptSkillCDM/results/experiment_results.csv
2026-04-17 10:04:31,787 - INFO - 
Generating student diagnosis reports...
2026-04-17 10:04:31,810 - INFO - Student diagnosis reports saved to checkpoints/abce_diag/remote_trust_diag_20260417_709083f/junyi/seed42/best_no_E_bs64/student_diagnosis.json
2026-04-17 10:04:31,814 - INFO - Run completed.
2026-04-17 10:04:31,815 - INFO - Best validation AUC: 0.8242 at epoch 15
2026-04-17 10:04:31,815 - INFO - Test metrics - AUC: 0.8297, ACC: 0.7712, RMSE: 0.3977
2026-04-17 10:04:31,981 - INFO - [数据清洗] 学生交互次数 < 15 次的学生：共移除 2188 个学生（仅统计用户数）
2026-04-17 10:04:31,999 - INFO - [数据清洗] 学生冷启动过滤：在 train/valid/test 中共删除 35779 条记录。
2026-04-17 10:04:31,999 - INFO - [数据清洗] 跳过题目冷门过滤（min_exer_interactions <= 0）。
2026-04-17 10:04:31,999 - INFO - [数据清洗] 跳过毒题清洗（min_poison_count <= 0）。
2026-04-17 10:04:31,999 - INFO - 正在构建ID映射...
2026-04-17 10:04:32,283 - INFO - 正在构建Q矩阵...
2026-04-17 10:04:39,240 - INFO - [数据清洗] Valid train-seen 过滤：before=22111, after=22111, dropped=0, coverage=100.00%
2026-04-17 10:04:39,250 - INFO - [数据清洗] Test train-seen 过滤：before=60499, after=60494, dropped=5, coverage=99.99%
2026-04-17 10:04:39,254 - INFO - [统计] 开始统计清洗后每道题的概念数量分布...
2026-04-17 10:04:39,259 - INFO - [Train] 概念数统计：题目数=697, 平均概念数=1.0000, min=1, max=1, 1概念=697 (100.00%), ≥2概念=0 (0.00%)
2026-04-17 10:04:39,259 - INFO - [Train] 概念数直方图（概念数: 题目数量）: {1: 697}
2026-04-17 10:04:39,260 - INFO - [Valid] 概念数统计：题目数=614, 平均概念数=1.0000, min=1, max=1, 1概念=614 (100.00%), ≥2概念=0 (0.00%)
2026-04-17 10:04:39,260 - INFO - [Valid] 概念数直方图（概念数: 题目数量）: {1: 614}
2026-04-17 10:04:39,261 - INFO - [Test] 概念数统计：题目数=663, 平均概念数=1.0000, min=1, max=1, 1概念=663 (100.00%), ≥2概念=0 (0.00%)
2026-04-17 10:04:39,261 - INFO - [Test] 概念数直方图（概念数: 题目数量）: {1: 663}
2026-04-17 10:04:39,261 - INFO - [统计] 概念数量统计完成。
2026-04-17 10:04:39,261 - INFO - 正在加载数据集...
2026-04-17 10:04:39,418 - INFO - [Component Analysis] Global graph: torch.Size([2, 697, 697])
2026-04-17 10:04:39,448 - INFO - [Component Analysis] Data saved to checkpoints/abce_diag/remote_trust_diag_20260417_709083f/junyi/seed42/best_no_E_bs64/component_analysis_data.npz
2026-04-17 10:04:39,768 - INFO - Generating component analysis visualizations...
2026-04-17 10:04:40,147 - INFO - Visualizations saved to checkpoints/abce_diag/remote_trust_diag_20260417_709083f/junyi/seed42/best_no_E_bs64
Saved: checkpoints/abce_diag/remote_trust_diag_20260417_709083f/junyi/seed42/best_no_E_bs64/global_concept_graph.png
Graph sparsity (entries < 0.01): 51.62%
/home/zsh/anaconda3/envs/xph_env/bin/python main.py --dataset_name junyi --model_variant junyi_abce_best_no_E_bs64 --save_dir checkpoints/abce_diag/remote_trust_diag_20260417_709083f/junyi/seed42/best_no_E_bs64 --log_dir logs/abce_diag/remote_trust_diag_20260417_709083f/junyi/seed42/best_no_E_bs64 --seed 42 --generate_diagnosis True --alpha_min_target 0.0 --batch_size 64 --debug_graph_diag --diag_batches 1 --dropout 0.4 --early_stop_patience 3 --epochs 100 --graph_dropout 0.0 --graph_entropy_max 0.7 --graph_entropy_min 0.15 --graph_identity_residual 0.05 --graph_propagation_alpha 0.25 --graph_query_readout_2hop_scale 0.12 --graph_query_readout_scale 0.45 --graph_reg_cap_ratio 6.0 --graph_reg_warmup_epochs 2 --graph_tau_init 0.55 --graph_topk 24 --graph_uniform_margin 0.12 --knowledge_dim 128 --lambda_alpha 0.0 --lambda_alpha_min 0.0 --lambda_graph_diag 0.12 --lambda_graph_uniform 0.06 --lambda_personal_kl 0.03 --lambda_personal_query_residual 0.08 --lambda_sparse 0.6 --lambda_sparse_personal 0.0 --learning_rate 0.003 --min_exer_interactions 0 --min_poison_count 0 --min_stu_interactions 15 --num_gnn_layers 2 --num_relation_heads 2 --num_workers 4 --patience 1 --personal_alpha_base_init 0.04 --personal_alpha_bias_scale 0.0 --personal_alpha_budget 0.09 --personal_alpha_temperature 1.8 --personal_delta_scale 4.0 --personal_disable_student_global_context --personal_id_lr_mult 0.25 --no-personal_include_neighbor_rows --personal_local_hops 1 --personal_max_alpha 0.26 --personal_neighbor_row_budget 0.2 --personal_query_correction_max_ratio 0.2 --personal_query_correction_min_graph_anchor 0.01 --personal_query_correction_scale 0.05 --personal_query_residual_margin 0.05 --personal_query_row_budget 1.3 --personal_rank 8 --personal_reg_warmup_epochs 5 --personal_state_lr_mult 1.5 --personal_student_dim 64 --personal_support_only --personal_warmup_epochs 5 --prediction_l2_lambda 1e-05 --save_interval 10 --share_concept_embeddings --no-use_personal_graph --weight_decay 0.001
[DONE] dataset=junyi seed=42 profile=best ablation=full exit=0 auc=0.829245922357434
[DONE] dataset=junyi seed=42 profile=best ablation=no_E_bs64 exit=0 auc=0.829656714805251
[SUMMARY] rows=7, summary_rows=2, mean_rows=2
[SUMMARY] dataset=assist_09 seed=42 profile=best dA=None dE=0.0008507503129815408 keep= reason=E-padded-row-artifact;E-delta-small
[SUMMARY] dataset=junyi seed=42 profile=best dA=None dE=0.000386082497823792 keep= reason=query-readout-overamplified;E-delta-small
