dataset,corruption_type,corruption_ratio,seed,subgroup,n_eval,auc,auc_drop_from_clean,bce,bce_increase_from_clean,clean_auc,clean_bce,mean_support_size,train_only_candidate_check_passed,evidence_minus_degree_random_auc_drop,evidence_minus_degree_random_bce_increase,bootstrap_ci_low,bootstrap_ci_high,claim_status
assist_17,evidence_support_corruption,0.0,42,all,77261,0.7842616403373271,0.0,0.5535688522526588,0.0,0.7842616403373271,0.5535688522526588,25.8217830657959,True,0.0,1.5717427359618341e-12,0.006295107082172957,0.00886930393823362,strong_evidence_gap
assist_17,evidence_support_corruption,0.0,42,graph_hits_history,77261,0.7842616403373271,0.0,0.5535688522526588,0.0,0.7842616403373271,0.5535688522526588,25.8217830657959,True,0.0,1.5717427359618341e-12,0.006295107082172957,0.00886930393823362,strong_evidence_gap
assist_17,evidence_support_corruption,0.0,42,high_support_mass,19317,0.7996881866191942,0.0,0.5411937059488411,0.0,0.7996881866191942,0.5411937059488411,25.8217830657959,True,0.0,0.0,0.00910593690094329,0.01086197412306773,strong_evidence_gap
assist_17,evidence_support_corruption,0.0,42,query_seq_top5_q4_high,19249,0.770652756309943,0.0,0.549793152116602,0.0,0.770652756309943,0.549793152116602,25.8217830657959,True,0.0,0.0,0.008394210720835581,0.009680782680198518,strong_evidence_gap
assist_17,evidence_support_corruption,0.0,42,multi_concept,33639,0.7673364282068558,0.0,0.5693431810625144,0.0,0.7673364282068558,0.5693431810625144,25.8217830657959,True,0.0,3.6096681199637715e-12,0.003986246245700098,0.005355565707132848,strong_evidence_gap
assist_17,evidence_support_corruption,0.0,42,direct_seen,73401,0.7863159803090487,0.0,0.5501929875847464,0.0,0.7863159803090487,0.5501929875847464,25.8217830657959,True,0.0,1.6543433289939458e-12,0.003951228781239813,0.00618161525215114,strong_evidence_gap
assist_17,evidence_support_corruption,0.0,42,direct_unseen,3860,0.7358789845390342,0.0,0.6177636300996622,0.0,0.7358789845390342,0.6177636300996622,25.8217830657959,True,0.0,0.0,0.007596147029149436,0.010152550923022419,strong_evidence_gap
assist_17,evidence_support_corruption,0.0,42,direct_unseen_bridgeable,3860,0.7358789845390342,0.0,0.6177636300996622,0.0,0.7358789845390342,0.6177636300996622,25.8217830657959,True,0.0,0.0,0.007596147029149436,0.010152550923022419,strong_evidence_gap
assist_17,evidence_support_corruption,0.0,42,high_seq_support,19249,0.770652756309943,0.0,0.549793152116602,0.0,0.770652756309943,0.549793152116602,25.8217830657959,True,0.0,0.0,0.008394210720835581,0.009680782680198518,strong_evidence_gap
assist_17,evidence_support_corruption,0.0,42,high_crg_mass,19317,0.7996881866191942,0.0,0.5411937059488411,0.0,0.7996881866191942,0.5411937059488411,25.8217830657959,True,0.0,0.0,0.00910593690094329,0.01086197412306773,strong_evidence_gap
assist_17,evidence_support_corruption,0.0,42,short_history,38708,0.7723447723190373,0.0,0.5666766900251033,0.0,0.7723447723190373,0.5666766900251033,25.8217830657959,True,0.0,0.0,0.006232257592398582,0.009918710330694613,strong_evidence_gap
assist_17,evidence_support_corruption,0.0,42,long_history,38553,0.7954650167290094,0.0,0.540408315212849,0.0,0.7954650167290094,0.540408315212849,25.8217830657959,True,0.0,3.1495916985591066e-12,0.006330561631632902,0.007910037312063679,strong_evidence_gap
assist_17,evidence_support_corruption,0.25,42,all,77261,0.7831148806993533,0.0011467596379738376,0.5551999177311928,0.0016310654785339773,0.7842616403373271,0.5535688522526588,20.346534729003906,True,0.0009812881976143384,0.0015321837823738527,0.006295107082172957,0.00886930393823362,strong_evidence_gap
assist_17,evidence_support_corruption,0.25,42,graph_hits_history,77261,0.7831148806993533,0.0011467596379738376,0.5551999177311928,0.0016310654785339773,0.7842616403373271,0.5535688522526588,20.346534729003906,True,0.0009812881976143384,0.0015321837823738527,0.006295107082172957,0.00886930393823362,strong_evidence_gap
assist_17,evidence_support_corruption,0.25,42,high_support_mass,19317,0.7988124482073296,0.0008757384118646128,0.5428735264739109,0.001679820525069764,0.7996881866191942,0.5411937059488411,20.346534729003906,True,0.0008064251230358588,0.0015353933430003464,0.00910593690094329,0.01086197412306773,strong_evidence_gap
assist_17,evidence_support_corruption,0.25,42,query_seq_top5_q4_high,19249,0.7689071941357972,0.0017455621741457872,0.5517679896487276,0.001974837532125684,0.770652756309943,0.549793152116602,20.346534729003906,True,0.0015743834611230412,0.0019411681541570136,0.008394210720835581,0.009680782680198518,strong_evidence_gap
assist_17,evidence_support_corruption,0.25,42,multi_concept,33639,0.7664136081336271,0.0009228200732286362,0.5704355790912625,0.001092398028748165,0.7673364282068558,0.5693431810625144,20.346534729003906,True,0.0007787500476604814,0.0009056694127359544,0.003986246245700098,0.005355565707132848,strong_evidence_gap
assist_17,evidence_support_corruption,0.25,42,direct_seen,73401,0.7852048343425935,0.0011111459664552292,0.5515689685836941,0.0013759809989476457,0.7863159803090487,0.5501929875847464,20.346534729003906,True,0.0009625690317359714,0.0012632960630730716,0.003951228781239813,0.00618161525215114,strong_evidence_gap
assist_17,evidence_support_corruption,0.25,42,direct_unseen,3860,0.7336680936929075,0.0022108908461266896,0.6242453318181249,0.00648170171846274,0.7358789845390342,0.6177636300996622,20.346534729003906,True,0.00023041474654383887,0.006645299710973829,0.007596147029149436,0.010152550923022419,strong_evidence_gap
assist_17,evidence_support_corruption,0.25,42,direct_unseen_bridgeable,3860,0.7336680936929075,0.0022108908461266896,0.6242453318181249,0.00648170171846274,0.7358789845390342,0.6177636300996622,20.346534729003906,True,0.00023041474654383887,0.006645299710973829,0.007596147029149436,0.010152550923022419,strong_evidence_gap
assist_17,evidence_support_corruption,0.25,42,high_seq_support,19249,0.7689071941357972,0.0017455621741457872,0.5517679896487276,0.001974837532125684,0.770652756309943,0.549793152116602,20.346534729003906,True,0.0015743834611230412,0.0019411681541570136,0.008394210720835581,0.009680782680198518,strong_evidence_gap
assist_17,evidence_support_corruption,0.25,42,high_crg_mass,19317,0.7988124482073296,0.0008757384118646128,0.5428735264739109,0.001679820525069764,0.7996881866191942,0.5411937059488411,20.346534729003906,True,0.0008064251230358588,0.0015353933430003464,0.00910593690094329,0.01086197412306773,strong_evidence_gap
assist_17,evidence_support_corruption,0.25,42,short_history,38708,0.7713258415478141,0.0010189307712231699,0.5684330581411754,0.001756368116072049,0.7723447723190373,0.5666766900251033,20.346534729003906,True,0.0011032164590849547,0.0019032257579784106,0.006232257592398582,0.009918710330694613,strong_evidence_gap
assist_17,evidence_support_corruption,0.25,42,long_history,38553,0.7942395585550532,0.0012254581739561399,0.5419135742821847,0.0015052590693356294,0.7954650167290094,0.540408315212849,20.346534729003906,True,0.0008427546839768763,0.0011596500549930777,0.006330561631632902,0.007910037312063679,strong_evidence_gap
assist_17,evidence_support_corruption,0.25,43,all,77261,0.7831148806993533,0.0011467596379738376,0.5551999177311928,0.0016310654785339773,0.7842616403373271,0.5535688522526588,20.346534729003906,True,0.0006180074413106862,0.0012434137606067708,0.006295107082172957,0.00886930393823362,strong_evidence_gap
assist_17,evidence_support_corruption,0.25,43,graph_hits_history,77261,0.7831148806993533,0.0011467596379738376,0.5551999177311928,0.0016310654785339773,0.7842616403373271,0.5535688522526588,20.346534729003906,True,0.0006180074413106862,0.0012434137606067708,0.006295107082172957,0.00886930393823362,strong_evidence_gap
assist_17,evidence_support_corruption,0.25,43,high_support_mass,19317,0.7988124482073296,0.0008757384118646128,0.5428735264739109,0.001679820525069764,0.7996881866191942,0.5411937059488411,20.346534729003906,True,0.00045585025174876836,0.0012655727215790114,0.00910593690094329,0.01086197412306773,strong_evidence_gap
assist_17,evidence_support_corruption,0.25,43,query_seq_top5_q4_high,19249,0.7689071941357972,0.0017455621741457872,0.5517679896487276,0.001974837532125684,0.770652756309943,0.549793152116602,20.346534729003906,True,0.0006960722750501969,0.0011238318567095007,0.008394210720835581,0.009680782680198518,strong_evidence_gap
assist_17,evidence_support_corruption,0.25,43,multi_concept,33639,0.7664136081336271,0.0009228200732286362,0.5704355790912625,0.001092398028748165,0.7673364282068558,0.5693431810625144,20.346534729003906,True,0.0008055458757406653,0.0008738042002840452,0.003986246245700098,0.005355565707132848,strong_evidence_gap
assist_17,evidence_support_corruption,0.25,43,direct_seen,73401,0.7852048343425935,0.0011111459664552292,0.5515689685836941,0.0013759809989476457,0.7863159803090487,0.5501929875847464,20.346534729003906,True,0.0006376377139938327,0.001011203940041061,0.003951228781239813,0.00618161525215114,strong_evidence_gap
assist_17,evidence_support_corruption,0.25,43,direct_unseen,3860,0.7336680936929075,0.0022108908461266896,0.6242453318181249,0.00648170171846274,0.7358789845390342,0.6177636300996622,20.346534729003906,True,0.0004741908215855073,0.0056590699884170315,0.007596147029149436,0.010152550923022419,strong_evidence_gap
assist_17,evidence_support_corruption,0.25,43,direct_unseen_bridgeable,3860,0.7336680936929075,0.0022108908461266896,0.6242453318181249,0.00648170171846274,0.7358789845390342,0.6177636300996622,20.346534729003906,True,0.0004741908215855073,0.0056590699884170315,0.007596147029149436,0.010152550923022419,strong_evidence_gap
assist_17,evidence_support_corruption,0.25,43,high_seq_support,19249,0.7689071941357972,0.0017455621741457872,0.5517679896487276,0.001974837532125684,0.770652756309943,0.549793152116602,20.346534729003906,True,0.0006960722750501969,0.0011238318567095007,0.008394210720835581,0.009680782680198518,strong_evidence_gap
assist_17,evidence_support_corruption,0.25,43,high_crg_mass,19317,0.7988124482073296,0.0008757384118646128,0.5428735264739109,0.001679820525069764,0.7996881866191942,0.5411937059488411,20.346534729003906,True,0.00045585025174876836,0.0012655727215790114,0.00910593690094329,0.01086197412306773,strong_evidence_gap
assist_17,evidence_support_corruption,0.25,43,short_history,38708,0.7713258415478141,0.0010189307712231699,0.5684330581411754,0.001756368116072049,0.7723447723190373,0.5666766900251033,20.346534729003906,True,0.0003701214698601518,0.0013639998159536981,0.006232257592398582,0.009918710330694613,strong_evidence_gap
assist_17,evidence_support_corruption,0.25,43,long_history,38553,0.7942395585550532,0.0012254581739561399,0.5419135742821847,0.0015052590693356294,0.7954650167290094,0.540408315212849,20.346534729003906,True,0.0008309549026659369,0.0011223428963323956,0.006330561631632902,0.007910037312063679,strong_evidence_gap
assist_17,evidence_support_corruption,0.25,44,all,77261,0.7831148806993533,0.0011467596379738376,0.5551999177311928,0.0016310654785339773,0.7842616403373271,0.5535688522526588,20.346534729003906,True,0.0008361365400404441,0.001355058630934769,0.006295107082172957,0.00886930393823362,strong_evidence_gap
assist_17,evidence_support_corruption,0.25,44,graph_hits_history,77261,0.7831148806993533,0.0011467596379738376,0.5551999177311928,0.0016310654785339773,0.7842616403373271,0.5535688522526588,20.346534729003906,True,0.0008361365400404441,0.001355058630934769,0.006295107082172957,0.00886930393823362,strong_evidence_gap
assist_17,evidence_support_corruption,0.25,44,high_support_mass,19317,0.7988124482073296,0.0008757384118646128,0.5428735264739109,0.001679820525069764,0.7996881866191942,0.5411937059488411,20.346534729003906,True,0.0005591755865725911,0.0013119376996924004,0.00910593690094329,0.01086197412306773,strong_evidence_gap
assist_17,evidence_support_corruption,0.25,44,query_seq_top5_q4_high,19249,0.7689071941357972,0.0017455621741457872,0.5517679896487276,0.001974837532125684,0.770652756309943,0.549793152116602,20.346534729003906,True,0.0010195844955115385,0.0014685783112925455,0.008394210720835581,0.009680782680198518,strong_evidence_gap
assist_17,evidence_support_corruption,0.25,44,multi_concept,33639,0.7664136081336271,0.0009228200732286362,0.5704355790912625,0.001092398028748165,0.7673364282068558,0.5693431810625144,20.346534729003906,True,0.0007670114876893175,0.0009343912049240011,0.003986246245700098,0.005355565707132848,strong_evidence_gap
assist_17,evidence_support_corruption,0.25,44,direct_seen,73401,0.7852048343425935,0.0011111459664552292,0.5515689685836941,0.0013759809989476457,0.7863159803090487,0.5501929875847464,20.346534729003906,True,0.0007794304640474925,0.0010901174736034358,0.003951228781239813,0.00618161525215114,strong_evidence_gap
assist_17,evidence_support_corruption,0.25,44,direct_unseen,3860,0.7336680936929075,0.0022108908461266896,0.6242453318181249,0.00648170171846274,0.7358789845390342,0.6177636300996622,20.346534729003906,True,0.0010596351539279292,0.006393127514169428,0.007596147029149436,0.010152550923022419,strong_evidence_gap
assist_17,evidence_support_corruption,0.25,44,direct_unseen_bridgeable,3860,0.7336680936929075,0.0022108908461266896,0.6242453318181249,0.00648170171846274,0.7358789845390342,0.6177636300996622,20.346534729003906,True,0.0010596351539279292,0.006393127514169428,0.007596147029149436,0.010152550923022419,strong_evidence_gap
assist_17,evidence_support_corruption,0.25,44,high_seq_support,19249,0.7689071941357972,0.0017455621741457872,0.5517679896487276,0.001974837532125684,0.770652756309943,0.549793152116602,20.346534729003906,True,0.0010195844955115385,0.0014685783112925455,0.008394210720835581,0.009680782680198518,strong_evidence_gap
assist_17,evidence_support_corruption,0.25,44,high_crg_mass,19317,0.7988124482073296,0.0008757384118646128,0.5428735264739109,0.001679820525069764,0.7996881866191942,0.5411937059488411,20.346534729003906,True,0.0005591755865725911,0.0013119376996924004,0.00910593690094329,0.01086197412306773,strong_evidence_gap
assist_17,evidence_support_corruption,0.25,44,short_history,38708,0.7713258415478141,0.0010189307712231699,0.5684330581411754,0.001756368116072049,0.7723447723190373,0.5666766900251033,20.346534729003906,True,0.0005471619940209393,0.0013265980860635018,0.006232257592398582,0.009918710330694613,strong_evidence_gap
assist_17,evidence_support_corruption,0.25,44,long_history,38553,0.7942395585550532,0.0012254581739561399,0.5419135742821847,0.0015052590693356294,0.7954650167290094,0.540408315212849,20.346534729003906,True,0.0011057027710452694,0.001383633599701506,0.006330561631632902,0.007910037312063679,strong_evidence_gap
assist_17,evidence_support_corruption,0.25,45,all,77261,0.7831148806993533,0.0011467596379738376,0.5551999177311928,0.0016310654785339773,0.7842616403373271,0.5535688522526588,20.346534729003906,True,0.0007331570729619541,0.001216609463644991,0.006295107082172957,0.00886930393823362,strong_evidence_gap
assist_17,evidence_support_corruption,0.25,45,graph_hits_history,77261,0.7831148806993533,0.0011467596379738376,0.5551999177311928,0.0016310654785339773,0.7842616403373271,0.5535688522526588,20.346534729003906,True,0.0007331570729619541,0.001216609463644991,0.006295107082172957,0.00886930393823362,strong_evidence_gap
assist_17,evidence_support_corruption,0.25,45,high_support_mass,19317,0.7988124482073296,0.0008757384118646128,0.5428735264739109,0.001679820525069764,0.7996881866191942,0.5411937059488411,20.346534729003906,True,0.0007041614797258511,0.0015225211663491,0.00910593690094329,0.01086197412306773,strong_evidence_gap
assist_17,evidence_support_corruption,0.25,45,query_seq_top5_q4_high,19249,0.7689071941357972,0.0017455621741457872,0.5517679896487276,0.001974837532125684,0.770652756309943,0.549793152116602,20.346534729003906,True,0.0015096455786701712,0.00190160697208408,0.008394210720835581,0.009680782680198518,strong_evidence_gap
assist_17,evidence_support_corruption,0.25,45,multi_concept,33639,0.7664136081336271,0.0009228200732286362,0.5704355790912625,0.001092398028748165,0.7673364282068558,0.5693431810625144,20.346534729003906,True,0.0006401944320952868,0.0007183409692054221,0.003986246245700098,0.005355565707132848,strong_evidence_gap
assist_17,evidence_support_corruption,0.25,45,direct_seen,73401,0.7852048343425935,0.0011111459664552292,0.5515689685836941,0.0013759809989476457,0.7863159803090487,0.5501929875847464,20.346534729003906,True,0.0006677722475869619,0.0009452009772443759,0.003951228781239813,0.00618161525215114,strong_evidence_gap
assist_17,evidence_support_corruption,0.25,45,direct_unseen,3860,0.7336680936929075,0.0022108908461266896,0.6242453318181249,0.00648170171846274,0.7358789845390342,0.6177636300996622,20.346534729003906,True,0.0015155564038938918,0.006377659803102342,0.007596147029149436,0.010152550923022419,strong_evidence_gap
assist_17,evidence_support_corruption,0.25,45,direct_unseen_bridgeable,3860,0.7336680936929075,0.0022108908461266896,0.6242453318181249,0.00648170171846274,0.7358789845390342,0.6177636300996622,20.346534729003906,True,0.0015155564038938918,0.006377659803102342,0.007596147029149436,0.010152550923022419,strong_evidence_gap
assist_17,evidence_support_corruption,0.25,45,high_seq_support,19249,0.7689071941357972,0.0017455621741457872,0.5517679896487276,0.001974837532125684,0.770652756309943,0.549793152116602,20.346534729003906,True,0.0015096455786701712,0.00190160697208408,0.008394210720835581,0.009680782680198518,strong_evidence_gap
assist_17,evidence_support_corruption,0.25,45,high_crg_mass,19317,0.7988124482073296,0.0008757384118646128,0.5428735264739109,0.001679820525069764,0.7996881866191942,0.5411937059488411,20.346534729003906,True,0.0007041614797258511,0.0015225211663491,0.00910593690094329,0.01086197412306773,strong_evidence_gap
assist_17,evidence_support_corruption,0.25,45,short_history,38708,0.7713258415478141,0.0010189307712231699,0.5684330581411754,0.001756368116072049,0.7723447723190373,0.5666766900251033,20.346534729003906,True,0.0005350919071125393,0.0013075897402364811,0.006232257592398582,0.009918710330694613,strong_evidence_gap
assist_17,evidence_support_corruption,0.25,45,long_history,38553,0.7942395585550532,0.0012254581739561399,0.5419135742821847,0.0015052590693356294,0.7954650167290094,0.540408315212849,20.346534729003906,True,0.0008876323604025682,0.0011252634063652067,0.006330561631632902,0.007910037312063679,strong_evidence_gap
assist_17,evidence_support_corruption,0.25,46,all,77261,0.7831148806993533,0.0011467596379738376,0.5551999177311928,0.0016310654785339773,0.7842616403373271,0.5535688522526588,20.346534729003906,True,0.0010956781508071334,0.0016689050375032766,0.006295107082172957,0.00886930393823362,strong_evidence_gap
assist_17,evidence_support_corruption,0.25,46,graph_hits_history,77261,0.7831148806993533,0.0011467596379738376,0.5551999177311928,0.0016310654785339773,0.7842616403373271,0.5535688522526588,20.346534729003906,True,0.0010956781508071334,0.0016689050375032766,0.006295107082172957,0.00886930393823362,strong_evidence_gap
assist_17,evidence_support_corruption,0.25,46,high_support_mass,19317,0.7988124482073296,0.0008757384118646128,0.5428735264739109,0.001679820525069764,0.7996881866191942,0.5411937059488411,20.346534729003906,True,0.0008928392287472775,0.0017238631321008224,0.00910593690094329,0.01086197412306773,strong_evidence_gap
assist_17,evidence_support_corruption,0.25,46,query_seq_top5_q4_high,19249,0.7689071941357972,0.0017455621741457872,0.5517679896487276,0.001974837532125684,0.770652756309943,0.549793152116602,20.346534729003906,True,0.0018214231291089344,0.0021266693848718266,0.008394210720835581,0.009680782680198518,strong_evidence_gap
assist_17,evidence_support_corruption,0.25,46,multi_concept,33639,0.7664136081336271,0.0009228200732286362,0.5704355790912625,0.001092398028748165,0.7673364282068558,0.5693431810625144,20.346534729003906,True,0.0008754220212653374,0.0009886386026847216,0.003986246245700098,0.005355565707132848,strong_evidence_gap
assist_17,evidence_support_corruption,0.25,46,direct_seen,73401,0.7852048343425935,0.0011111459664552292,0.5515689685836941,0.0013759809989476457,0.7863159803090487,0.5501929875847464,20.346534729003906,True,0.0010786864965215415,0.001391341027877302,0.003951228781239813,0.00618161525215114,strong_evidence_gap
assist_17,evidence_support_corruption,0.25,46,direct_unseen,3860,0.7336680936929075,0.0022108908461266896,0.6242453318181249,0.00648170171846274,0.7358789845390342,0.6177636300996622,20.346534729003906,True,0.0011770239685874317,0.006947007594646393,0.007596147029149436,0.010152550923022419,strong_evidence_gap
assist_17,evidence_support_corruption,0.25,46,direct_unseen_bridgeable,3860,0.7336680936929075,0.0022108908461266896,0.6242453318181249,0.00648170171846274,0.7358789845390342,0.6177636300996622,20.346534729003906,True,0.0011770239685874317,0.006947007594646393,0.007596147029149436,0.010152550923022419,strong_evidence_gap
assist_17,evidence_support_corruption,0.25,46,high_seq_support,19249,0.7689071941357972,0.0017455621741457872,0.5517679896487276,0.001974837532125684,0.770652756309943,0.549793152116602,20.346534729003906,True,0.0018214231291089344,0.0021266693848718266,0.008394210720835581,0.009680782680198518,strong_evidence_gap
assist_17,evidence_support_corruption,0.25,46,high_crg_mass,19317,0.7988124482073296,0.0008757384118646128,0.5428735264739109,0.001679820525069764,0.7996881866191942,0.5411937059488411,20.346534729003906,True,0.0008928392287472775,0.0017238631321008224,0.00910593690094329,0.01086197412306773,strong_evidence_gap
assist_17,evidence_support_corruption,0.25,46,short_history,38708,0.7713258415478141,0.0010189307712231699,0.5684330581411754,0.001756368116072049,0.7723447723190373,0.5666766900251033,20.346534729003906,True,0.0010013709720516628,0.001875828468963281,0.006232257592398582,0.009918710330694613,strong_evidence_gap
assist_17,evidence_support_corruption,0.25,46,long_history,38553,0.7942395585550532,0.0012254581739561399,0.5419135742821847,0.0015052590693356294,0.7954650167290094,0.540408315212849,20.346534729003906,True,0.0011422188308777281,0.0014611496829275428,0.006330561631632902,0.007910037312063679,strong_evidence_gap
assist_17,evidence_support_corruption,0.5,42,all,77261,0.7819318595979488,0.0023297807393783954,0.5577195326072437,0.004150680354584879,0.7842616403373271,0.5535688522526588,14.267326354980469,True,0.0016764633888906033,0.003527207136320598,0.006295107082172957,0.00886930393823362,strong_evidence_gap
assist_17,evidence_support_corruption,0.5,42,graph_hits_history,77261,0.7819318595979488,0.0023297807393783954,0.5577195326072437,0.004150680354584879,0.7842616403373271,0.5535688522526588,14.267326354980469,True,0.0016764633888906033,0.003527207136320598,0.006295107082172957,0.00886930393823362,strong_evidence_gap
assist_17,evidence_support_corruption,0.5,42,high_support_mass,19317,0.7975464298282794,0.0021417567909147728,0.5457699100196088,0.004576204070767753,0.7996881866191942,0.5411937059488411,14.267326354980469,True,0.0012934923553661326,0.0035600991998695486,0.00910593690094329,0.01086197412306773,strong_evidence_gap
assist_17,evidence_support_corruption,0.5,42,query_seq_top5_q4_high,19249,0.7684275187786158,0.0022252375313271955,0.5530516224947721,0.003258470378170175,0.770652756309943,0.549793152116602,14.267326354980469,True,0.0008763620762444191,0.002156958905956463,0.008394210720835581,0.009680782680198518,strong_evidence_gap
assist_17,evidence_support_corruption,0.5,42,multi_concept,33639,0.7651728838510008,0.002163544355854974,0.5724853502860611,0.003142169223546709,0.7673364282068558,0.5693431810625144,14.267326354980469,True,0.0013078854481854973,0.00235135576988732,0.003986246245700098,0.005355565707132848,strong_evidence_gap
assist_17,evidence_support_corruption,0.5,42,direct_seen,73401,0.7839934611912411,0.0023225191178075644,0.5538447887700275,0.0036518011852810783,0.7863159803090487,0.5501929875847464,14.267326354980469,True,0.001667369304008126,0.0030275136269438674,0.003951228781239813,0.00618161525215114,strong_evidence_gap
assist_17,evidence_support_corruption,0.5,42,direct_unseen,3860,0.7321967114771085,0.0036822730619257005,0.6314008985128158,0.013637268413153603,0.7358789845390342,0.6177636300996622,14.267326354980469,True,0.0015444605022768565,0.013029280525381215,0.007596147029149436,0.010152550923022419,strong_evidence_gap
assist_17,evidence_support_corruption,0.5,42,direct_unseen_bridgeable,3860,0.7321967114771085,0.0036822730619257005,0.6314008985128158,0.013637268413153603,0.7358789845390342,0.6177636300996622,14.267326354980469,True,0.0015444605022768565,0.013029280525381215,0.007596147029149436,0.010152550923022419,strong_evidence_gap
assist_17,evidence_support_corruption,0.5,42,high_seq_support,19249,0.7684275187786158,0.0022252375313271955,0.5530516224947721,0.003258470378170175,0.770652756309943,0.549793152116602,14.267326354980469,True,0.0008763620762444191,0.002156958905956463,0.008394210720835581,0.009680782680198518,strong_evidence_gap
assist_17,evidence_support_corruption,0.5,42,high_crg_mass,19317,0.7975464298282794,0.0021417567909147728,0.5457699100196088,0.004576204070767753,0.7996881866191942,0.5411937059488411,14.267326354980469,True,0.0012934923553661326,0.0035600991998695486,0.00910593690094329,0.01086197412306773,strong_evidence_gap
assist_17,evidence_support_corruption,0.5,42,short_history,38708,0.769952588407421,0.00239218391161633,0.5715848511815571,0.004908161156453761,0.7723447723190373,0.5666766900251033,14.267326354980469,True,0.0019679081559275113,0.004490278767881439,0.006232257592398582,0.009918710330694613,strong_evidence_gap
assist_17,evidence_support_corruption,0.5,42,long_history,38553,0.7932627924619806,0.002202224267028763,0.5437984693599084,0.0033901541470593433,0.7954650167290094,0.540408315212849,14.267326354980469,True,0.001327379128843953,0.0025602635336322566,0.006330561631632902,0.007910037312063679,strong_evidence_gap
assist_17,evidence_support_corruption,0.5,43,all,77261,0.7819318595979488,0.0023297807393783954,0.557719532606516,0.004150680353857128,0.7842616403373271,0.5535688522526588,14.267326354980469,True,0.001041288507201199,0.0030985028814052296,0.006295107082172957,0.00886930393823362,strong_evidence_gap
assist_17,evidence_support_corruption,0.5,43,graph_hits_history,77261,0.7819318595979488,0.0023297807393783954,0.557719532606516,0.004150680353857128,0.7842616403373271,0.5535688522526588,14.267326354980469,True,0.001041288507201199,0.0030985028814052296,0.006295107082172957,0.00886930393823362,strong_evidence_gap
assist_17,evidence_support_corruption,0.5,43,high_support_mass,19317,0.7975464298282794,0.0021417567909147728,0.5457699100196088,0.004576204070767753,0.7996881866191942,0.5411937059488411,14.267326354980469,True,0.0008771088606043254,0.0034155774007009754,0.00910593690094329,0.01086197412306773,strong_evidence_gap
assist_17,evidence_support_corruption,0.5,43,query_seq_top5_q4_high,19249,0.7684275187786158,0.0022252375313271955,0.5530516224947721,0.003258470378170175,0.770652756309943,0.549793152116602,14.267326354980469,True,0.0015674215380407919,0.0025219036780589343,0.008394210720835581,0.009680782680198518,strong_evidence_gap
assist_17,evidence_support_corruption,0.5,43,multi_concept,33639,0.7651728838510008,0.002163544355854974,0.5724853502843897,0.0031421692218753794,0.7673364282068558,0.5693431810625144,14.267326354980469,True,0.0013400663159461867,0.002364885203146927,0.003986246245700098,0.005355565707132848,strong_evidence_gap
assist_17,evidence_support_corruption,0.5,43,direct_seen,73401,0.7839934611912411,0.0023225191178075644,0.5538447887692615,0.0036518011845150244,0.7863159803090487,0.5501929875847464,14.267326354980469,True,0.0010470069222663358,0.0025934546466428454,0.003951228781239813,0.00618161525215114,strong_evidence_gap
assist_17,evidence_support_corruption,0.5,43,direct_unseen,3860,0.7321967114771085,0.0036822730619257005,0.6314008985128158,0.013637268413153603,0.7358789845390342,0.6177636300996622,14.267326354980469,True,0.0011130804679191364,0.012702400674099668,0.007596147029149436,0.010152550923022419,strong_evidence_gap
assist_17,evidence_support_corruption,0.5,43,direct_unseen_bridgeable,3860,0.7321967114771085,0.0036822730619257005,0.6314008985128158,0.013637268413153603,0.7358789845390342,0.6177636300996622,14.267326354980469,True,0.0011130804679191364,0.012702400674099668,0.007596147029149436,0.010152550923022419,strong_evidence_gap
assist_17,evidence_support_corruption,0.5,43,high_seq_support,19249,0.7684275187786158,0.0022252375313271955,0.5530516224947721,0.003258470378170175,0.770652756309943,0.549793152116602,14.267326354980469,True,0.0015674215380407919,0.0025219036780589343,0.008394210720835581,0.009680782680198518,strong_evidence_gap
assist_17,evidence_support_corruption,0.5,43,high_crg_mass,19317,0.7975464298282794,0.0021417567909147728,0.5457699100196088,0.004576204070767753,0.7996881866191942,0.5411937059488411,14.267326354980469,True,0.0008771088606043254,0.0034155774007009754,0.00910593690094329,0.01086197412306773,strong_evidence_gap
assist_17,evidence_support_corruption,0.5,43,short_history,38708,0.769952588407421,0.00239218391161633,0.5715848511815571,0.004908161156453761,0.7723447723190373,0.5666766900251033,14.267326354980469,True,0.0010404689939920164,0.003866435355516007,0.006232257592398582,0.009918710330694613,strong_evidence_gap
assist_17,evidence_support_corruption,0.5,43,long_history,38553,0.7932627924619806,0.002202224267028763,0.54379846935845,0.0033901541456009543,0.7954650167290094,0.540408315212849,14.267326354980469,True,0.0010314535410704817,0.0023274829813229037,0.006330561631632902,0.007910037312063679,strong_evidence_gap
assist_17,evidence_support_corruption,0.5,44,all,77261,0.7819318595979488,0.0023297807393783954,0.557719532606516,0.004150680353857128,0.7842616403373271,0.5535688522526588,14.267326354980469,True,0.0011061040827529123,0.002835312801602874,0.006295107082172957,0.00886930393823362,strong_evidence_gap
assist_17,evidence_support_corruption,0.5,44,graph_hits_history,77261,0.7819318595979488,0.0023297807393783954,0.557719532606516,0.004150680353857128,0.7842616403373271,0.5535688522526588,14.267326354980469,True,0.0011061040827529123,0.002835312801602874,0.006295107082172957,0.00886930393823362,strong_evidence_gap
assist_17,evidence_support_corruption,0.5,44,high_support_mass,19317,0.7975464298282794,0.0021417567909147728,0.5457699100196088,0.004576204070767753,0.7996881866191942,0.5411937059488411,14.267326354980469,True,0.00040571241168962935,0.002724571318689084,0.00910593690094329,0.01086197412306773,strong_evidence_gap
assist_17,evidence_support_corruption,0.5,44,query_seq_top5_q4_high,19249,0.7684275187786158,0.0022252375313271955,0.5530516224947721,0.003258470378170175,0.770652756309943,0.549793152116602,14.267326354980469,True,0.00010497185336788561,0.0014730782407990084,0.008394210720835581,0.009680782680198518,strong_evidence_gap
assist_17,evidence_support_corruption,0.5,44,multi_concept,33639,0.7651728838510008,0.002163544355854974,0.5724853502843897,0.0031421692218753794,0.7673364282068558,0.5693431810625144,14.267326354980469,True,0.0012847515189603476,0.0024082746875225824,0.003986246245700098,0.005355565707132848,strong_evidence_gap
assist_17,evidence_support_corruption,0.5,44,direct_seen,73401,0.7839934611912411,0.0023225191178075644,0.5538447887692615,0.0036518011845150244,0.7863159803090487,0.5501929875847464,14.267326354980469,True,0.001143080841187305,0.0024765773576076455,0.003951228781239813,0.00618161525215114,strong_evidence_gap
assist_17,evidence_support_corruption,0.5,44,direct_unseen,3860,0.7321967114771085,0.0036822730619257005,0.6314008985128158,0.013637268413153603,0.7358789845390342,0.6177636300996622,14.267326354980469,True,-0.00038679682600273324,0.009656955372770004,0.007596147029149436,0.010152550923022419,strong_evidence_gap
assist_17,evidence_support_corruption,0.5,44,direct_unseen_bridgeable,3860,0.7321967114771085,0.0036822730619257005,0.6314008985128158,0.013637268413153603,0.7358789845390342,0.6177636300996622,14.267326354980469,True,-0.00038679682600273324,0.009656955372770004,0.007596147029149436,0.010152550923022419,strong_evidence_gap
assist_17,evidence_support_corruption,0.5,44,high_seq_support,19249,0.7684275187786158,0.0022252375313271955,0.5530516224947721,0.003258470378170175,0.770652756309943,0.549793152116602,14.267326354980469,True,0.00010497185336788561,0.0014730782407990084,0.008394210720835581,0.009680782680198518,strong_evidence_gap
assist_17,evidence_support_corruption,0.5,44,high_crg_mass,19317,0.7975464298282794,0.0021417567909147728,0.5457699100196088,0.004576204070767753,0.7996881866191942,0.5411937059488411,14.267326354980469,True,0.00040571241168962935,0.002724571318689084,0.00910593690094329,0.01086197412306773,strong_evidence_gap
assist_17,evidence_support_corruption,0.5,44,short_history,38708,0.769952588407421,0.00239218391161633,0.5715848511815571,0.004908161156453761,0.7723447723190373,0.5666766900251033,14.267326354980469,True,0.0009711303689641237,0.0033782002905411446,0.006232257592398582,0.009918710330694613,strong_evidence_gap
assist_17,evidence_support_corruption,0.5,44,long_history,38553,0.7932627924619806,0.002202224267028763,0.54379846935845,0.0033901541456009543,0.7954650167290094,0.540408315212849,14.267326354980469,True,0.0011711874315221138,0.002290242666417086,0.006330561631632902,0.007910037312063679,strong_evidence_gap
assist_17,evidence_support_corruption,0.5,45,all,77261,0.7819318595979488,0.0023297807393783954,0.557719532606516,0.004150680353857128,0.7842616403373271,0.5535688522526588,14.267326354980469,True,0.001650567981271056,0.0035276636208152468,0.006295107082172957,0.00886930393823362,strong_evidence_gap
assist_17,evidence_support_corruption,0.5,45,graph_hits_history,77261,0.7819318595979488,0.0023297807393783954,0.557719532606516,0.004150680353857128,0.7842616403373271,0.5535688522526588,14.267326354980469,True,0.001650567981271056,0.0035276636208152468,0.006295107082172957,0.00886930393823362,strong_evidence_gap
assist_17,evidence_support_corruption,0.5,45,high_support_mass,19317,0.7975464298282794,0.0021417567909147728,0.5457699100196088,0.004576204070767753,0.7996881866191942,0.5411937059488411,14.267326354980469,True,0.000980726702274004,0.0035623985314452433,0.00910593690094329,0.01086197412306773,strong_evidence_gap
assist_17,evidence_support_corruption,0.5,45,query_seq_top5_q4_high,19249,0.7684275187786158,0.0022252375313271955,0.5530516224947721,0.003258470378170175,0.770652756309943,0.549793152116602,14.267326354980469,True,0.0020077545991846746,0.0031420068342687957,0.008394210720835581,0.009680782680198518,strong_evidence_gap
assist_17,evidence_support_corruption,0.5,45,multi_concept,33639,0.7651728838510008,0.002163544355854974,0.5724853502843897,0.0031421692218753794,0.7673364282068558,0.5693431810625144,14.267326354980469,True,0.0018240963941149602,0.00275315503015372,0.003986246245700098,0.005355565707132848,strong_evidence_gap
assist_17,evidence_support_corruption,0.5,45,direct_seen,73401,0.7839934611912411,0.0023225191178075644,0.5538447887692615,0.0036518011845150244,0.7863159803090487,0.5501929875847464,14.267326354980469,True,0.0015824941877726761,0.002969566271854518,0.003951228781239813,0.00618161525215114,strong_evidence_gap
assist_17,evidence_support_corruption,0.5,45,direct_unseen,3860,0.7321967114771085,0.0036822730619257005,0.6314008985128158,0.013637268413153603,0.7358789845390342,0.6177636300996622,14.267326354980469,True,0.002956671120442844,0.014140332924196475,0.007596147029149436,0.010152550923022419,strong_evidence_gap
assist_17,evidence_support_corruption,0.5,45,direct_unseen_bridgeable,3860,0.7321967114771085,0.0036822730619257005,0.6314008985128158,0.013637268413153603,0.7358789845390342,0.6177636300996622,14.267326354980469,True,0.002956671120442844,0.014140332924196475,0.007596147029149436,0.010152550923022419,strong_evidence_gap
assist_17,evidence_support_corruption,0.5,45,high_seq_support,19249,0.7684275187786158,0.0022252375313271955,0.5530516224947721,0.003258470378170175,0.770652756309943,0.549793152116602,14.267326354980469,True,0.0020077545991846746,0.0031420068342687957,0.008394210720835581,0.009680782680198518,strong_evidence_gap
assist_17,evidence_support_corruption,0.5,45,high_crg_mass,19317,0.7975464298282794,0.0021417567909147728,0.5457699100196088,0.004576204070767753,0.7996881866191942,0.5411937059488411,14.267326354980469,True,0.000980726702274004,0.0035623985314452433,0.00910593690094329,0.01086197412306773,strong_evidence_gap
assist_17,evidence_support_corruption,0.5,45,short_history,38708,0.769952588407421,0.00239218391161633,0.5715848511815571,0.004908161156453761,0.7723447723190373,0.5666766900251033,14.267326354980469,True,0.0017537015247756083,0.004386858196446908,0.006232257592398582,0.009918710330694613,strong_evidence_gap
assist_17,evidence_support_corruption,0.5,45,long_history,38553,0.7932627924619806,0.002202224267028763,0.54379846935845,0.0033901541456009543,0.7954650167290094,0.540408315212849,14.267326354980469,True,0.0014788495383755151,0.002665014705463653,0.006330561631632902,0.007910037312063679,strong_evidence_gap
assist_17,evidence_support_corruption,0.5,46,all,77261,0.7819318595979488,0.0023297807393783954,0.5577195326072437,0.004150680354584879,0.7842616403373271,0.5535688522526588,14.267326354980469,True,0.0019150970018897429,0.003967989454585763,0.006295107082172957,0.00886930393823362,strong_evidence_gap
assist_17,evidence_support_corruption,0.5,46,graph_hits_history,77261,0.7819318595979488,0.0023297807393783954,0.5577195326072437,0.004150680354584879,0.7842616403373271,0.5535688522526588,14.267326354980469,True,0.0019150970018897429,0.003967989454585763,0.006295107082172957,0.00886930393823362,strong_evidence_gap
assist_17,evidence_support_corruption,0.5,46,high_support_mass,19317,0.7975464298282794,0.0021417567909147728,0.5457699100196088,0.004576204070767753,0.7996881866191942,0.5411937059488411,14.267326354980469,True,0.0014416037383329083,0.004094883910247593,0.00910593690094329,0.01086197412306773,strong_evidence_gap
assist_17,evidence_support_corruption,0.5,46,query_seq_top5_q4_high,19249,0.7684275187786158,0.0022252375313271955,0.5530516224947721,0.003258470378170175,0.770652756309943,0.549793152116602,14.267326354980469,True,0.0019352774360643643,0.003114014267178722,0.008394210720835581,0.009680782680198518,strong_evidence_gap
assist_17,evidence_support_corruption,0.5,46,multi_concept,33639,0.7651728838510008,0.002163544355854974,0.5724853502860611,0.003142169223546709,0.7673364282068558,0.5693431810625144,14.267326354980469,True,0.0018275516598159625,0.0028896917511432862,0.003986246245700098,0.005355565707132848,strong_evidence_gap
assist_17,evidence_support_corruption,0.5,46,direct_seen,73401,0.7839934611912411,0.0023225191178075644,0.5538447887700275,0.0036518011852810783,0.7863159803090487,0.5501929875847464,14.267326354980469,True,0.001986394292501137,0.0034533470654521947,0.003951228781239813,0.00618161525215114,strong_evidence_gap
assist_17,evidence_support_corruption,0.5,46,direct_unseen,3860,0.7321967114771085,0.0036822730619257005,0.6314008985128158,0.013637268413153603,0.7358789845390342,0.6177636300996622,14.267326354980469,True,0.001700706241649197,0.013754327797796617,0.007596147029149436,0.010152550923022419,strong_evidence_gap
assist_17,evidence_support_corruption,0.5,46,direct_unseen_bridgeable,3860,0.7321967114771085,0.0036822730619257005,0.6314008985128158,0.013637268413153603,0.7358789845390342,0.6177636300996622,14.267326354980469,True,0.001700706241649197,0.013754327797796617,0.007596147029149436,0.010152550923022419,strong_evidence_gap
assist_17,evidence_support_corruption,0.5,46,high_seq_support,19249,0.7684275187786158,0.0022252375313271955,0.5530516224947721,0.003258470378170175,0.770652756309943,0.549793152116602,14.267326354980469,True,0.0019352774360643643,0.003114014267178722,0.008394210720835581,0.009680782680198518,strong_evidence_gap
assist_17,evidence_support_corruption,0.5,46,high_crg_mass,19317,0.7975464298282794,0.0021417567909147728,0.5457699100196088,0.004576204070767753,0.7996881866191942,0.5411937059488411,14.267326354980469,True,0.0014416037383329083,0.004094883910247593,0.00910593690094329,0.01086197412306773,strong_evidence_gap
assist_17,evidence_support_corruption,0.5,46,short_history,38708,0.769952588407421,0.00239218391161633,0.5715848511815571,0.004908161156453761,0.7723447723190373,0.5666766900251033,14.267326354980469,True,0.0019519135718684133,0.004859720342638485,0.006232257592398582,0.009918710330694613,strong_evidence_gap
assist_17,evidence_support_corruption,0.5,46,long_history,38553,0.7932627924619806,0.002202224267028763,0.5437984693599084,0.0033901541470593433,0.7954650167290094,0.540408315212849,14.267326354980469,True,0.0018311390232630398,0.0030726734165409386,0.006330561631632902,0.007910037312063679,strong_evidence_gap
assist_17,evidence_support_corruption,0.75,42,all,77261,0.7816227538157001,0.0026388865216270263,0.5615545972937437,0.007985745041084846,0.7842616403373271,0.5535688522526588,7.554455280303955,True,-0.0004885981040697596,0.00513865199654473,0.006295107082172957,0.00886930393823362,strong_evidence_gap
assist_17,evidence_support_corruption,0.75,42,graph_hits_history,77261,0.7816227538157001,0.0026388865216270263,0.5615545972937437,0.007985745041084846,0.7842616403373271,0.5535688522526588,7.554455280303955,True,-0.0004885981040697596,0.00513865199654473,0.006295107082172957,0.00886930393823362,strong_evidence_gap
assist_17,evidence_support_corruption,0.75,42,high_support_mass,19317,0.7976350269017464,0.0020531597174477945,0.5496016407581573,0.008407934809316231,0.7996881866191942,0.5411937059488411,7.554455280303955,True,-0.0013418697375581212,0.004718833430076064,0.00910593690094329,0.01086197412306773,strong_evidence_gap
assist_17,evidence_support_corruption,0.75,42,query_seq_top5_q4_high,19249,0.7673205958720255,0.0033321604379175085,0.5570305439352178,0.007237391818615824,0.770652756309943,0.549793152116602,7.554455280303955,True,-0.0036871499247277395,0.000623905291442961,0.008394210720835581,0.009680782680198518,strong_evidence_gap
assist_17,evidence_support_corruption,0.75,42,multi_concept,33639,0.7652390477869894,0.0020973804198664014,0.5750126475039348,0.005669466441420412,0.7673364282068558,0.5693431810625144,7.554455280303955,True,-0.00019897694667558863,0.0035593865295852067,0.003986246245700098,0.005355565707132848,strong_evidence_gap
assist_17,evidence_support_corruption,0.75,42,direct_seen,73401,0.7839906668802467,0.002325313428802045,0.5569718776345399,0.0067788900497934845,0.7863159803090487,0.5501929875847464,7.554455280303955,True,-0.0008351033662082896,0.004041854533577083,0.003951228781239813,0.00618161525215114,strong_evidence_gap
assist_17,evidence_support_corruption,0.75,42,direct_unseen,3860,0.729036075586944,0.006842908952090165,0.648698692036029,0.03093506193636686,0.7358789845390342,0.6177636300996622,7.554455280303955,True,0.004094565484143664,0.02599513660257813,0.007596147029149436,0.010152550923022419,strong_evidence_gap
assist_17,evidence_support_corruption,0.75,42,direct_unseen_bridgeable,3860,0.729036075586944,0.006842908952090165,0.648698692036029,0.03093506193636686,0.7358789845390342,0.6177636300996622,7.554455280303955,True,0.004094565484143664,0.02599513660257813,0.007596147029149436,0.010152550923022419,strong_evidence_gap
assist_17,evidence_support_corruption,0.75,42,high_seq_support,19249,0.7673205958720255,0.0033321604379175085,0.5570305439352178,0.007237391818615824,0.770652756309943,0.549793152116602,7.554455280303955,True,-0.0036871499247277395,0.000623905291442961,0.008394210720835581,0.009680782680198518,strong_evidence_gap
assist_17,evidence_support_corruption,0.75,42,high_crg_mass,19317,0.7976350269017464,0.0020531597174477945,0.5496016407581573,0.008407934809316231,0.7996881866191942,0.5411937059488411,7.554455280303955,True,-0.0013418697375581212,0.004718833430076064,0.00910593690094329,0.01086197412306773,strong_evidence_gap
assist_17,evidence_support_corruption,0.75,42,short_history,38708,0.7696901351326647,0.0026546371863725993,0.575723822232716,0.009047132207612663,0.7723447723190373,0.5666766900251033,7.554455280303955,True,-0.00025493323177905314,0.006377315440702969,0.006232257592398582,0.009918710330694613,strong_evidence_gap
assist_17,evidence_support_corruption,0.75,42,long_history,38553,0.7928982974923456,0.0025667192366637392,0.5473284058446286,0.006920090631779563,0.7954650167290094,0.540408315212849,7.554455280303955,True,-0.0008071655533522515,0.003895008581078274,0.006330561631632902,0.007910037312063679,strong_evidence_gap
assist_17,evidence_support_corruption,0.75,43,all,77261,0.7816227538157001,0.0026388865216270263,0.5615545972906091,0.007985745037950243,0.7842616403373271,0.5535688522526588,7.554455280303955,True,-0.00046995519325943036,0.005274719806642403,0.006295107082172957,0.00886930393823362,strong_evidence_gap
assist_17,evidence_support_corruption,0.75,43,graph_hits_history,77261,0.7816227538157001,0.0026388865216270263,0.5615545972906091,0.007985745037950243,0.7842616403373271,0.5535688522526588,7.554455280303955,True,-0.00046995519325943036,0.005274719806642403,0.006295107082172957,0.00886930393823362,strong_evidence_gap
assist_17,evidence_support_corruption,0.75,43,high_support_mass,19317,0.7976350269017464,0.0020531597174477945,0.5496016407581573,0.008407934809316231,0.7996881866191942,0.5411937059488411,7.554455280303955,True,-0.001820676359895801,0.004526860981761249,0.00910593690094329,0.01086197412306773,strong_evidence_gap
assist_17,evidence_support_corruption,0.75,43,query_seq_top5_q4_high,19249,0.7673205958720255,0.0033321604379175085,0.5570305439352178,0.007237391818615824,0.770652756309943,0.549793152116602,7.554455280303955,True,-0.0013483438796750846,0.0029233765895316788,0.008394210720835581,0.009680782680198518,strong_evidence_gap
assist_17,evidence_support_corruption,0.75,43,multi_concept,33639,0.7652390477869894,0.0020973804198664014,0.5750126474967351,0.005669466434220727,0.7673364282068558,0.5693431810625144,7.554455280303955,True,0.0005762046362515205,0.004442171916136717,0.003986246245700098,0.005355565707132848,strong_evidence_gap
assist_17,evidence_support_corruption,0.75,43,direct_seen,73401,0.7839906668802467,0.002325313428802045,0.5569718776312403,0.006778890046493902,0.7863159803090487,0.5501929875847464,7.554455280303955,True,-0.000607661655807834,0.004329088345371601,0.003951228781239813,0.00618161525215114,strong_evidence_gap
assist_17,evidence_support_corruption,0.75,43,direct_unseen,3860,0.729036075586944,0.006842908952090165,0.648698692036029,0.03093506193636686,0.7358789845390342,0.6177636300996622,7.554455280303955,True,0.002213344967687325,0.023256661487660923,0.007596147029149436,0.010152550923022419,strong_evidence_gap
assist_17,evidence_support_corruption,0.75,43,direct_unseen_bridgeable,3860,0.729036075586944,0.006842908952090165,0.648698692036029,0.03093506193636686,0.7358789845390342,0.6177636300996622,7.554455280303955,True,0.002213344967687325,0.023256661487660923,0.007596147029149436,0.010152550923022419,strong_evidence_gap
assist_17,evidence_support_corruption,0.75,43,high_seq_support,19249,0.7673205958720255,0.0033321604379175085,0.5570305439352178,0.007237391818615824,0.770652756309943,0.549793152116602,7.554455280303955,True,-0.0013483438796750846,0.0029233765895316788,0.008394210720835581,0.009680782680198518,strong_evidence_gap
assist_17,evidence_support_corruption,0.75,43,high_crg_mass,19317,0.7976350269017464,0.0020531597174477945,0.5496016407581573,0.008407934809316231,0.7996881866191942,0.5411937059488411,7.554455280303955,True,-0.001820676359895801,0.004526860981761249,0.00910593690094329,0.01086197412306773,strong_evidence_gap
assist_17,evidence_support_corruption,0.75,43,short_history,38708,0.7696901351326647,0.0026546371863725993,0.575723822232716,0.009047132207612663,0.7723447723190373,0.5666766900251033,7.554455280303955,True,-0.0001799929971116887,0.006479178787690776,0.006232257592398582,0.009918710330694613,strong_evidence_gap
assist_17,evidence_support_corruption,0.75,43,long_history,38553,0.7928982974923456,0.0025667192366637392,0.5473284058383465,0.006920090625497477,0.7954650167290094,0.540408315212849,7.554455280303955,True,-0.0007565131354669852,0.004065418371256624,0.006330561631632902,0.007910037312063679,strong_evidence_gap
assist_17,evidence_support_corruption,0.75,44,all,77261,0.7816227538157001,0.0026388865216270263,0.5615545972906091,0.007985745037950243,0.7842616403373271,0.5535688522526588,7.554455280303955,True,0.0011242904380366348,0.00656448719850089,0.006295107082172957,0.00886930393823362,strong_evidence_gap
assist_17,evidence_support_corruption,0.75,44,graph_hits_history,77261,0.7816227538157001,0.0026388865216270263,0.5615545972906091,0.007985745037950243,0.7842616403373271,0.5535688522526588,7.554455280303955,True,0.0011242904380366348,0.00656448719850089,0.006295107082172957,0.00886930393823362,strong_evidence_gap
assist_17,evidence_support_corruption,0.75,44,high_support_mass,19317,0.7976350269017464,0.0020531597174477945,0.5496016407581573,0.008407934809316231,0.7996881866191942,0.5411937059488411,7.554455280303955,True,-0.00041015959910195576,0.006086961502482002,0.00910593690094329,0.01086197412306773,strong_evidence_gap
assist_17,evidence_support_corruption,0.75,44,query_seq_top5_q4_high,19249,0.7673205958720255,0.0033321604379175085,0.5570305439352178,0.007237391818615824,0.770652756309943,0.549793152116602,7.554455280303955,True,0.00235718826560416,0.006349335404734813,0.008394210720835581,0.009680782680198518,strong_evidence_gap
assist_17,evidence_support_corruption,0.75,44,multi_concept,33639,0.7652390477869894,0.0020973804198664014,0.5750126474967351,0.005669466434220727,0.7673364282068558,0.5693431810625144,7.554455280303955,True,0.0012450725629156167,0.004816662244942593,0.003986246245700098,0.005355565707132848,strong_evidence_gap
assist_17,evidence_support_corruption,0.75,44,direct_seen,73401,0.7839906668802467,0.002325313428802045,0.5569718776312403,0.006778890046493902,0.7863159803090487,0.5501929875847464,7.554455280303955,True,0.0009624067740997555,0.005548624995659668,0.003951228781239813,0.00618161525215114,strong_evidence_gap
assist_17,evidence_support_corruption,0.75,44,direct_unseen,3860,0.729036075586944,0.006842908952090165,0.648698692036029,0.03093506193636686,0.7358789845390342,0.6177636300996622,7.554455280303955,True,0.0045514411147165035,0.025881922833411508,0.007596147029149436,0.010152550923022419,strong_evidence_gap
assist_17,evidence_support_corruption,0.75,44,direct_unseen_bridgeable,3860,0.729036075586944,0.006842908952090165,0.648698692036029,0.03093506193636686,0.7358789845390342,0.6177636300996622,7.554455280303955,True,0.0045514411147165035,0.025881922833411508,0.007596147029149436,0.010152550923022419,strong_evidence_gap
assist_17,evidence_support_corruption,0.75,44,high_seq_support,19249,0.7673205958720255,0.0033321604379175085,0.5570305439352178,0.007237391818615824,0.770652756309943,0.549793152116602,7.554455280303955,True,0.00235718826560416,0.006349335404734813,0.008394210720835581,0.009680782680198518,strong_evidence_gap
assist_17,evidence_support_corruption,0.75,44,high_crg_mass,19317,0.7976350269017464,0.0020531597174477945,0.5496016407581573,0.008407934809316231,0.7996881866191942,0.5411937059488411,7.554455280303955,True,-0.00041015959910195576,0.006086961502482002,0.00910593690094329,0.01086197412306773,strong_evidence_gap
assist_17,evidence_support_corruption,0.75,44,short_history,38708,0.7696901351326647,0.0026546371863725993,0.575723822232716,0.009047132207612663,0.7723447723190373,0.5666766900251033,7.554455280303955,True,0.0018151170066377231,0.008346574917280414,0.006232257592398582,0.009918710330694613,strong_evidence_gap
assist_17,evidence_support_corruption,0.75,44,long_history,38553,0.7928982974923456,0.0025667192366637392,0.5473284058383465,0.006920090625497477,0.7954650167290094,0.540408315212849,7.554455280303955,True,0.0003744917773678136,0.004775234704051279,0.006330561631632902,0.007910037312063679,strong_evidence_gap
assist_17,evidence_support_corruption,0.75,45,all,77261,0.7816227538157001,0.0026388865216270263,0.5615545972937437,0.007985745041084846,0.7842616403373271,0.5535688522526588,7.554455280303955,True,-0.00011873539562390345,0.004827217448475363,0.006295107082172957,0.00886930393823362,strong_evidence_gap
assist_17,evidence_support_corruption,0.75,45,graph_hits_history,77261,0.7816227538157001,0.0026388865216270263,0.5615545972937437,0.007985745041084846,0.7842616403373271,0.5535688522526588,7.554455280303955,True,-0.00011873539562390345,0.004827217448475363,0.006295107082172957,0.00886930393823362,strong_evidence_gap
assist_17,evidence_support_corruption,0.75,45,high_support_mass,19317,0.7976350269017464,0.0020531597174477945,0.5496016407581573,0.008407934809316231,0.7996881866191942,0.5411937059488411,7.554455280303955,True,-0.0009806454503725748,0.004973618079080588,0.00910593690094329,0.01086197412306773,strong_evidence_gap
assist_17,evidence_support_corruption,0.75,45,query_seq_top5_q4_high,19249,0.7673205958720255,0.0033321604379175085,0.5570305439352178,0.007237391818615824,0.770652756309943,0.549793152116602,7.554455280303955,True,0.001175656178397988,0.004775731697179819,0.008394210720835581,0.009680782680198518,strong_evidence_gap
assist_17,evidence_support_corruption,0.75,45,multi_concept,33639,0.7652390477869894,0.0020973804198664014,0.5750126475039348,0.005669466441420412,0.7673364282068558,0.5693431810625144,7.554455280303955,True,9.956304095437574e-05,0.0037134107371075142,0.003986246245700098,0.005355565707132848,strong_evidence_gap
assist_17,evidence_support_corruption,0.75,45,direct_seen,73401,0.7839906668802467,0.002325313428802045,0.5569718776345399,0.0067788900497934845,0.7863159803090487,0.5501929875847464,7.554455280303955,True,-0.0003906861302808151,0.003908488052579706,0.003951228781239813,0.00618161525215114,strong_evidence_gap
assist_17,evidence_support_corruption,0.75,45,direct_unseen,3860,0.729036075586944,0.006842908952090165,0.648698692036029,0.03093506193636686,0.7358789845390342,0.6177636300996622,7.554455280303955,True,0.0035613394050117986,0.022297594751103045,0.007596147029149436,0.010152550923022419,strong_evidence_gap
assist_17,evidence_support_corruption,0.75,45,direct_unseen_bridgeable,3860,0.729036075586944,0.006842908952090165,0.648698692036029,0.03093506193636686,0.7358789845390342,0.6177636300996622,7.554455280303955,True,0.0035613394050117986,0.022297594751103045,0.007596147029149436,0.010152550923022419,strong_evidence_gap
assist_17,evidence_support_corruption,0.75,45,high_seq_support,19249,0.7673205958720255,0.0033321604379175085,0.5570305439352178,0.007237391818615824,0.770652756309943,0.549793152116602,7.554455280303955,True,0.001175656178397988,0.004775731697179819,0.008394210720835581,0.009680782680198518,strong_evidence_gap
assist_17,evidence_support_corruption,0.75,45,high_crg_mass,19317,0.7976350269017464,0.0020531597174477945,0.5496016407581573,0.008407934809316231,0.7996881866191942,0.5411937059488411,7.554455280303955,True,-0.0009806454503725748,0.004973618079080588,0.00910593690094329,0.01086197412306773,strong_evidence_gap
assist_17,evidence_support_corruption,0.75,45,short_history,38708,0.7696901351326647,0.0026546371863725993,0.575723822232716,0.009047132207612663,0.7723447723190373,0.5666766900251033,7.554455280303955,True,-0.000963131728773492,0.004616978128512361,0.006232257592398582,0.009918710330694613,strong_evidence_gap
assist_17,evidence_support_corruption,0.75,45,long_history,38553,0.7928982974923456,0.0025667192366637392,0.5473284058446286,0.006920090631779563,0.7954650167290094,0.540408315212849,7.554455280303955,True,0.0007487772648525626,0.005038302022883134,0.006330561631632902,0.007910037312063679,strong_evidence_gap
assist_17,evidence_support_corruption,0.75,46,all,77261,0.7816227538157001,0.0026388865216270263,0.5615545972906091,0.007985745037950243,0.7842616403373271,0.5535688522526588,7.554455280303955,True,0.0002931300810726789,0.0061921616263039825,0.006295107082172957,0.00886930393823362,strong_evidence_gap
assist_17,evidence_support_corruption,0.75,46,graph_hits_history,77261,0.7816227538157001,0.0026388865216270263,0.5615545972906091,0.007985745037950243,0.7842616403373271,0.5535688522526588,7.554455280303955,True,0.0002931300810726789,0.0061921616263039825,0.006295107082172957,0.00886930393823362,strong_evidence_gap
assist_17,evidence_support_corruption,0.75,46,high_support_mass,19317,0.7976350269017464,0.0020531597174477945,0.5496016407581573,0.008407934809316231,0.7996881866191942,0.5411937059488411,7.554455280303955,True,-0.0009337251856152973,0.005841980281853565,0.00910593690094329,0.01086197412306773,strong_evidence_gap
assist_17,evidence_support_corruption,0.75,46,query_seq_top5_q4_high,19249,0.7673205958720255,0.0033321604379175085,0.5570305439352178,0.007237391818615824,0.770652756309943,0.549793152116602,7.554455280303955,True,0.0014725781967429574,0.005787588779891717,0.008394210720835581,0.009680782680198518,strong_evidence_gap
assist_17,evidence_support_corruption,0.75,46,multi_concept,33639,0.7652390477869894,0.0020973804198664014,0.5750126474967351,0.005669466434220727,0.7673364282068558,0.5693431810625144,7.554455280303955,True,1.8302307035922283e-05,0.003852773808068921,0.003986246245700098,0.005355565707132848,strong_evidence_gap
assist_17,evidence_support_corruption,0.75,46,direct_seen,73401,0.7839906668802467,0.002325313428802045,0.5569718776312403,0.006778890046493902,0.7863159803090487,0.5501929875847464,7.554455280303955,True,0.0001744976866674408,0.005071540528937879,0.003951228781239813,0.00618161525215114,strong_evidence_gap
assist_17,evidence_support_corruption,0.75,46,direct_unseen,3860,0.729036075586944,0.006842908952090165,0.648698692036029,0.03093506193636686,0.7358789845390342,0.6177636300996622,7.554455280303955,True,0.0034240449376925497,0.027501671773392133,0.007596147029149436,0.010152550923022419,strong_evidence_gap
assist_17,evidence_support_corruption,0.75,46,direct_unseen_bridgeable,3860,0.729036075586944,0.006842908952090165,0.648698692036029,0.03093506193636686,0.7358789845390342,0.6177636300996622,7.554455280303955,True,0.0034240449376925497,0.027501671773392133,0.007596147029149436,0.010152550923022419,strong_evidence_gap
assist_17,evidence_support_corruption,0.75,46,high_seq_support,19249,0.7673205958720255,0.0033321604379175085,0.5570305439352178,0.007237391818615824,0.770652756309943,0.549793152116602,7.554455280303955,True,0.0014725781967429574,0.005787588779891717,0.008394210720835581,0.009680782680198518,strong_evidence_gap
assist_17,evidence_support_corruption,0.75,46,high_crg_mass,19317,0.7976350269017464,0.0020531597174477945,0.5496016407581573,0.008407934809316231,0.7996881866191942,0.5411937059488411,7.554455280303955,True,-0.0009337251856152973,0.005841980281853565,0.00910593690094329,0.01086197412306773,strong_evidence_gap
assist_17,evidence_support_corruption,0.75,46,short_history,38708,0.7696901351326647,0.0026546371863725993,0.575723822232716,0.009047132207612663,0.7723447723190373,0.5666766900251033,7.554455280303955,True,0.00039706716706089384,0.0074808205706357045,0.006232257592398582,0.009918710330694613,strong_evidence_gap
assist_17,evidence_support_corruption,0.75,46,long_history,38553,0.7928982974923456,0.0025667192366637392,0.5473284058383465,0.006920090625497477,0.7954650167290094,0.540408315212849,7.554455280303955,True,0.0001488931612593225,0.004898321706785502,0.006330561631632902,0.007910037312063679,strong_evidence_gap
assist_17,evidence_support_corruption,1.0,42,all,77261,0.7731935181362601,0.01106812220106701,0.5758563901057201,0.022287537853061257,0.7842616403373271,0.5535688522526588,1.0,True,0.008502930273390552,0.006678870723594965,0.006295107082172957,0.00886930393823362,strong_evidence_gap
assist_17,evidence_support_corruption,1.0,42,graph_hits_history,77261,0.7731935181362601,0.01106812220106701,0.5758563901057201,0.022287537853061257,0.7842616403373271,0.5535688522526588,1.0,True,0.008502930273390552,0.006678870723594965,0.006295107082172957,0.00886930393823362,strong_evidence_gap
assist_17,evidence_support_corruption,1.0,42,high_support_mass,19317,0.78591305881862,0.013775127800574216,0.5727488048362989,0.03155509888745778,0.7996881866191942,0.5411937059488411,1.0,True,0.01020644678154281,0.011756122680496084,0.00910593690094329,0.01086197412306773,strong_evidence_gap
assist_17,evidence_support_corruption,1.0,42,query_seq_top5_q4_high,19249,0.7603212681720197,0.010331488137923284,0.5839746148140424,0.03418146269744049,0.770652756309943,0.549793152116602,1.0,True,0.00950950679747764,0.01966812200385415,0.008394210720835581,0.009680782680198518,strong_evidence_gap
assist_17,evidence_support_corruption,1.0,42,multi_concept,33639,0.7608242675582391,0.006512160648616705,0.5886815723487195,0.01933839128620518,0.7673364282068558,0.5693431810625144,1.0,True,0.0047934202110152535,0.00682460936678031,0.003986246245700098,0.005355565707132848,strong_evidence_gap
assist_17,evidence_support_corruption,1.0,42,direct_seen,73401,0.7778502887444609,0.008465691564587763,0.5672120349273437,0.017019047342597293,0.7863159803090487,0.5501929875847464,1.0,True,0.006182436147194825,0.0032616504589333406,0.003951228781239813,0.00618161525215114,strong_evidence_gap
assist_17,evidence_support_corruption,1.0,42,direct_unseen,3860,0.7212382406675211,0.014640743871513151,0.7402357461803314,0.12247211608066921,0.7358789845390342,0.6177636300996622,1.0,True,0.008517165216917144,0.07166005845582857,0.007596147029149436,0.010152550923022419,strong_evidence_gap
assist_17,evidence_support_corruption,1.0,42,direct_unseen_bridgeable,3860,0.7212382406675211,0.014640743871513151,0.7402357461803314,0.12247211608066921,0.7358789845390342,0.6177636300996622,1.0,True,0.008517165216917144,0.07166005845582857,0.007596147029149436,0.010152550923022419,strong_evidence_gap
assist_17,evidence_support_corruption,1.0,42,high_seq_support,19249,0.7603212681720197,0.010331488137923284,0.5839746148140424,0.03418146269744049,0.770652756309943,0.549793152116602,1.0,True,0.00950950679747764,0.01966812200385415,0.008394210720835581,0.009680782680198518,strong_evidence_gap
assist_17,evidence_support_corruption,1.0,42,high_crg_mass,19317,0.78591305881862,0.013775127800574216,0.5727488048362989,0.03155509888745778,0.7996881866191942,0.5411937059488411,1.0,True,0.01020644678154281,0.011756122680496084,0.00910593690094329,0.01086197412306773,strong_evidence_gap
assist_17,evidence_support_corruption,1.0,42,short_history,38708,0.7609871265708168,0.011357645748220513,0.5897048827300669,0.02302819270496359,0.7723447723190373,0.5666766900251033,1.0,True,0.009403682971381722,0.007966957410374786,0.006232257592398582,0.009918710330694613,strong_evidence_gap
assist_17,evidence_support_corruption,1.0,42,long_history,38553,0.7846898855190169,0.010775131209992517,0.5619522204560634,0.021543905243214367,0.7954650167290094,0.540408315212849,1.0,True,0.0075449452019806795,0.005385605362355217,0.006330561631632902,0.007910037312063679,strong_evidence_gap
assist_17,evidence_support_corruption,1.0,43,all,77261,0.7731935181362601,0.01106812220106701,0.5758563901057201,0.022287537853061257,0.7842616403373271,0.5535688522526588,1.0,True,0.008482738407801671,0.005890359855392213,0.006295107082172957,0.00886930393823362,strong_evidence_gap
assist_17,evidence_support_corruption,1.0,43,graph_hits_history,77261,0.7731935181362601,0.01106812220106701,0.5758563901057201,0.022287537853061257,0.7842616403373271,0.5535688522526588,1.0,True,0.008482738407801671,0.005890359855392213,0.006295107082172957,0.00886930393823362,strong_evidence_gap
assist_17,evidence_support_corruption,1.0,43,high_support_mass,19317,0.78591305881862,0.013775127800574216,0.5727488048362989,0.03155509888745778,0.7996881866191942,0.5411937059488411,1.0,True,0.010779808950128866,0.011545486915115921,0.00910593690094329,0.01086197412306773,strong_evidence_gap
assist_17,evidence_support_corruption,1.0,43,query_seq_top5_q4_high,19249,0.7603212681720197,0.010331488137923284,0.5839746148140424,0.03418146269744049,0.770652756309943,0.549793152116602,1.0,True,0.009061428739801536,0.01636922604175839,0.008394210720835581,0.009680782680198518,strong_evidence_gap
assist_17,evidence_support_corruption,1.0,43,multi_concept,33639,0.7608242675582391,0.006512160648616705,0.5886815723487195,0.01933839128620518,0.7673364282068558,0.5693431810625144,1.0,True,0.00489682662863844,0.005934793773239022,0.003986246245700098,0.005355565707132848,strong_evidence_gap
assist_17,evidence_support_corruption,1.0,43,direct_seen,73401,0.7778502887444609,0.008465691564587763,0.5672120349273437,0.017019047342597293,0.7863159803090487,0.5501929875847464,1.0,True,0.006174227196757975,0.0025997556430830127,0.003951228781239813,0.00618161525215114,strong_evidence_gap
assist_17,evidence_support_corruption,1.0,43,direct_unseen,3860,0.7212382406675211,0.014640743871513151,0.7402357461803314,0.12247211608066921,0.7358789845390342,0.6177636300996622,1.0,True,0.007946718294112864,0.06846384166567987,0.007596147029149436,0.010152550923022419,strong_evidence_gap
assist_17,evidence_support_corruption,1.0,43,direct_unseen_bridgeable,3860,0.7212382406675211,0.014640743871513151,0.7402357461803314,0.12247211608066921,0.7358789845390342,0.6177636300996622,1.0,True,0.007946718294112864,0.06846384166567987,0.007596147029149436,0.010152550923022419,strong_evidence_gap
assist_17,evidence_support_corruption,1.0,43,high_seq_support,19249,0.7603212681720197,0.010331488137923284,0.5839746148140424,0.03418146269744049,0.770652756309943,0.549793152116602,1.0,True,0.009061428739801536,0.01636922604175839,0.008394210720835581,0.009680782680198518,strong_evidence_gap
assist_17,evidence_support_corruption,1.0,43,high_crg_mass,19317,0.78591305881862,0.013775127800574216,0.5727488048362989,0.03155509888745778,0.7996881866191942,0.5411937059488411,1.0,True,0.010779808950128866,0.011545486915115921,0.00910593690094329,0.01086197412306773,strong_evidence_gap
assist_17,evidence_support_corruption,1.0,43,short_history,38708,0.7609871265708168,0.011357645748220513,0.5897048827300669,0.02302819270496359,0.7723447723190373,0.5666766900251033,1.0,True,0.009016151348239299,0.00706430570173322,0.006232257592398582,0.009918710330694613,strong_evidence_gap
assist_17,evidence_support_corruption,1.0,43,long_history,38553,0.7846898855190169,0.010775131209992517,0.5619522204560634,0.021543905243214367,0.7954650167290094,0.540408315212849,1.0,True,0.007914917855643577,0.0047116942309229914,0.006330561631632902,0.007910037312063679,strong_evidence_gap
assist_17,evidence_support_corruption,1.0,44,all,77261,0.7731935181362601,0.01106812220106701,0.5758563901057201,0.022287537853061257,0.7842616403373271,0.5535688522526588,1.0,True,0.008910012123216182,0.0026970728516705345,0.006295107082172957,0.00886930393823362,strong_evidence_gap
assist_17,evidence_support_corruption,1.0,44,graph_hits_history,77261,0.7731935181362601,0.01106812220106701,0.5758563901057201,0.022287537853061257,0.7842616403373271,0.5535688522526588,1.0,True,0.008910012123216182,0.0026970728516705345,0.006295107082172957,0.00886930393823362,strong_evidence_gap
assist_17,evidence_support_corruption,1.0,44,high_support_mass,19317,0.78591305881862,0.013775127800574216,0.5727488048362989,0.03155509888745778,0.7996881866191942,0.5411937059488411,1.0,True,0.010871103586727604,0.010098584231063912,0.00910593690094329,0.01086197412306773,strong_evidence_gap
assist_17,evidence_support_corruption,1.0,44,query_seq_top5_q4_high,19249,0.7603212681720197,0.010331488137923284,0.5839746148140424,0.03418146269744049,0.770652756309943,0.549793152116602,1.0,True,0.00969851329218585,0.021530355445891547,0.008394210720835581,0.009680782680198518,strong_evidence_gap
assist_17,evidence_support_corruption,1.0,44,multi_concept,33639,0.7608242675582391,0.006512160648616705,0.5886815723487195,0.01933839128620518,0.7673364282068558,0.5693431810625144,1.0,True,0.005406536715854449,0.005314158501789845,0.003986246245700098,0.005355565707132848,strong_evidence_gap
assist_17,evidence_support_corruption,1.0,44,direct_seen,73401,0.7778502887444609,0.008465691564587763,0.5672120349273437,0.017019047342597293,0.7863159803090487,0.5501929875847464,1.0,True,0.00617143666799258,-0.0010939935484398644,0.003951228781239813,0.00618161525215114,strong_evidence_gap
assist_17,evidence_support_corruption,1.0,44,direct_unseen,3860,0.7212382406675211,0.014640743871513151,0.7402357461803314,0.12247211608066921,0.7358789845390342,0.6177636300996622,1.0,True,0.010332533471491323,0.07478724508858936,0.007596147029149436,0.010152550923022419,strong_evidence_gap
assist_17,evidence_support_corruption,1.0,44,direct_unseen_bridgeable,3860,0.7212382406675211,0.014640743871513151,0.7402357461803314,0.12247211608066921,0.7358789845390342,0.6177636300996622,1.0,True,0.010332533471491323,0.07478724508858936,0.007596147029149436,0.010152550923022419,strong_evidence_gap
assist_17,evidence_support_corruption,1.0,44,high_seq_support,19249,0.7603212681720197,0.010331488137923284,0.5839746148140424,0.03418146269744049,0.770652756309943,0.549793152116602,1.0,True,0.00969851329218585,0.021530355445891547,0.008394210720835581,0.009680782680198518,strong_evidence_gap
assist_17,evidence_support_corruption,1.0,44,high_crg_mass,19317,0.78591305881862,0.013775127800574216,0.5727488048362989,0.03155509888745778,0.7996881866191942,0.5411937059488411,1.0,True,0.010871103586727604,0.010098584231063912,0.00910593690094329,0.01086197412306773,strong_evidence_gap
assist_17,evidence_support_corruption,1.0,44,short_history,38708,0.7609871265708168,0.011357645748220513,0.5897048827300669,0.02302819270496359,0.7723447723190373,0.5666766900251033,1.0,True,0.00997593559284049,0.0029868903257894708,0.006232257592398582,0.009918710330694613,strong_evidence_gap
assist_17,evidence_support_corruption,1.0,44,long_history,38553,0.7846898855190169,0.010775131209992517,0.5619522204560634,0.021543905243214367,0.7954650167290094,0.540408315212849,1.0,True,0.007866112419844584,0.00240609018396154,0.006330561631632902,0.007910037312063679,strong_evidence_gap
assist_17,evidence_support_corruption,1.0,45,all,77261,0.7731935181362601,0.01106812220106701,0.5758563901057201,0.022287537853061257,0.7842616403373271,0.5535688522526588,1.0,True,0.007605324417232495,0.0037261024195169856,0.006295107082172957,0.00886930393823362,strong_evidence_gap
assist_17,evidence_support_corruption,1.0,45,graph_hits_history,77261,0.7731935181362601,0.01106812220106701,0.5758563901057201,0.022287537853061257,0.7842616403373271,0.5535688522526588,1.0,True,0.007605324417232495,0.0037261024195169856,0.006295107082172957,0.00886930393823362,strong_evidence_gap
assist_17,evidence_support_corruption,1.0,45,high_support_mass,19317,0.78591305881862,0.013775127800574216,0.5727488048362989,0.03155509888745778,0.7996881866191942,0.5411937059488411,1.0,True,0.009764501438548567,0.009126771422621971,0.00910593690094329,0.01086197412306773,strong_evidence_gap
assist_17,evidence_support_corruption,1.0,45,query_seq_top5_q4_high,19249,0.7603212681720197,0.010331488137923284,0.5839746148140424,0.03418146269744049,0.770652756309943,0.549793152116602,1.0,True,0.00832007538539492,0.017541340318563026,0.008394210720835581,0.009680782680198518,strong_evidence_gap
assist_17,evidence_support_corruption,1.0,45,multi_concept,33639,0.7608242675582391,0.006512160648616705,0.5886815723487195,0.01933839128620518,0.7673364282068558,0.5693431810625144,1.0,True,0.004048779008285153,0.0041456250675460105,0.003986246245700098,0.005355565707132848,strong_evidence_gap
assist_17,evidence_support_corruption,1.0,45,direct_seen,73401,0.7778502887444609,0.008465691564587763,0.5672120349273437,0.017019047342597293,0.7863159803090487,0.5501929875847464,1.0,True,0.005125366225696926,0.00018941616770196124,0.003951228781239813,0.00618161525215114,strong_evidence_gap
assist_17,evidence_support_corruption,1.0,45,direct_unseen,3860,0.7212382406675211,0.014640743871513151,0.7402357461803314,0.12247211608066921,0.7358789845390342,0.6177636300996622,1.0,True,0.007557194666375722,0.07097903184165999,0.007596147029149436,0.010152550923022419,strong_evidence_gap
assist_17,evidence_support_corruption,1.0,45,direct_unseen_bridgeable,3860,0.7212382406675211,0.014640743871513151,0.7402357461803314,0.12247211608066921,0.7358789845390342,0.6177636300996622,1.0,True,0.007557194666375722,0.07097903184165999,0.007596147029149436,0.010152550923022419,strong_evidence_gap
assist_17,evidence_support_corruption,1.0,45,high_seq_support,19249,0.7603212681720197,0.010331488137923284,0.5839746148140424,0.03418146269744049,0.770652756309943,0.549793152116602,1.0,True,0.00832007538539492,0.017541340318563026,0.008394210720835581,0.009680782680198518,strong_evidence_gap
assist_17,evidence_support_corruption,1.0,45,high_crg_mass,19317,0.78591305881862,0.013775127800574216,0.5727488048362989,0.03155509888745778,0.7996881866191942,0.5411937059488411,1.0,True,0.009764501438548567,0.009126771422621971,0.00910593690094329,0.01086197412306773,strong_evidence_gap
assist_17,evidence_support_corruption,1.0,45,short_history,38708,0.7609871265708168,0.011357645748220513,0.5897048827300669,0.02302819270496359,0.7723447723190373,0.5666766900251033,1.0,True,0.008099071456693974,0.005103626788699356,0.006232257592398582,0.009918710330694613,strong_evidence_gap
assist_17,evidence_support_corruption,1.0,45,long_history,38553,0.7846898855190169,0.010775131209992517,0.5619522204560634,0.021543905243214367,0.7954650167290094,0.540408315212849,1.0,True,0.007037987814374036,0.0023430397970930494,0.006330561631632902,0.007910037312063679,strong_evidence_gap
assist_17,evidence_support_corruption,1.0,46,all,77261,0.7731935181362601,0.01106812220106701,0.5758563901057201,0.022287537853061257,0.7842616403373271,0.5535688522526588,1.0,True,0.006149527378277453,0.005270481357800949,0.006295107082172957,0.00886930393823362,strong_evidence_gap
assist_17,evidence_support_corruption,1.0,46,graph_hits_history,77261,0.7731935181362601,0.01106812220106701,0.5758563901057201,0.022287537853061257,0.7842616403373271,0.5535688522526588,1.0,True,0.006149527378277453,0.005270481357800949,0.006295107082172957,0.00886930393823362,strong_evidence_gap
assist_17,evidence_support_corruption,1.0,46,high_support_mass,19317,0.78591305881862,0.013775127800574216,0.5727488048362989,0.03155509888745778,0.7996881866191942,0.5411937059488411,1.0,True,0.009032763063431593,0.010470910948925494,0.00910593690094329,0.01086197412306773,strong_evidence_gap
assist_17,evidence_support_corruption,1.0,46,query_seq_top5_q4_high,19249,0.7603212681720197,0.010331488137923284,0.5839746148140424,0.03418146269744049,0.770652756309943,0.549793152116602,1.0,True,0.009521207172312529,0.016374886012853973,0.008394210720835581,0.009680782680198518,strong_evidence_gap
assist_17,evidence_support_corruption,1.0,46,multi_concept,33639,0.7608242675582391,0.006512160648616705,0.5886815723487195,0.01933839128620518,0.7673364282068558,0.5693431810625144,1.0,True,0.003979298160968425,0.005668891569541312,0.003986246245700098,0.005355565707132848,strong_evidence_gap
assist_17,evidence_support_corruption,1.0,46,direct_seen,73401,0.7778502887444609,0.008465691564587763,0.5672120349273437,0.017019047342597293,0.7863159803090487,0.5501929875847464,1.0,True,0.0038207690651890225,0.0019208665754810728,0.003951228781239813,0.00618161525215114,strong_evidence_gap
assist_17,evidence_support_corruption,1.0,46,direct_unseen,3860,0.7212382406675211,0.014640743871513151,0.7402357461803314,0.12247211608066921,0.7358789845390342,0.6177636300996622,1.0,True,0.00853270798680228,0.06896609654874963,0.007596147029149436,0.010152550923022419,strong_evidence_gap
assist_17,evidence_support_corruption,1.0,46,direct_unseen_bridgeable,3860,0.7212382406675211,0.014640743871513151,0.7402357461803314,0.12247211608066921,0.7358789845390342,0.6177636300996622,1.0,True,0.00853270798680228,0.06896609654874963,0.007596147029149436,0.010152550923022419,strong_evidence_gap
assist_17,evidence_support_corruption,1.0,46,high_seq_support,19249,0.7603212681720197,0.010331488137923284,0.5839746148140424,0.03418146269744049,0.770652756309943,0.549793152116602,1.0,True,0.009521207172312529,0.016374886012853973,0.008394210720835581,0.009680782680198518,strong_evidence_gap
assist_17,evidence_support_corruption,1.0,46,high_crg_mass,19317,0.78591305881862,0.013775127800574216,0.5727488048362989,0.03155509888745778,0.7996881866191942,0.5411937059488411,1.0,True,0.009032763063431593,0.010470910948925494,0.00910593690094329,0.01086197412306773,strong_evidence_gap
assist_17,evidence_support_corruption,1.0,46,short_history,38708,0.7609871265708168,0.011357645748220513,0.5897048827300669,0.02302819270496359,0.7723447723190373,0.5666766900251033,1.0,True,0.006024833829699094,0.006815281170647225,0.006232257592398582,0.009918710330694613,strong_evidence_gap
assist_17,evidence_support_corruption,1.0,46,long_history,38553,0.7846898855190169,0.010775131209992517,0.5619522204560634,0.021543905243214367,0.7954650167290094,0.540408315212849,1.0,True,0.0062519587224394435,0.0037194707709294894,0.006330561631632902,0.007910037312063679,strong_evidence_gap
assist_17,degree_matched_random_support,0.0,42,all,77261,0.7842616403373271,0.0,0.5535688522510871,-1.5717427359618341e-12,0.7842616403373271,0.5535688522526588,25.8217830657959,True,0.0,0.0,0.006295107082172957,0.00886930393823362,strong_evidence_gap
assist_17,degree_matched_random_support,0.0,42,graph_hits_history,77261,0.7842616403373271,0.0,0.5535688522510871,-1.5717427359618341e-12,0.7842616403373271,0.5535688522526588,25.8217830657959,True,0.0,0.0,0.006295107082172957,0.00886930393823362,strong_evidence_gap
assist_17,degree_matched_random_support,0.0,42,high_support_mass,19317,0.7996881866191942,0.0,0.5411937059488411,0.0,0.7996881866191942,0.5411937059488411,25.8217830657959,True,0.0,0.0,0.00910593690094329,0.01086197412306773,strong_evidence_gap
assist_17,degree_matched_random_support,0.0,42,query_seq_top5_q4_high,19249,0.770652756309943,0.0,0.549793152116602,0.0,0.770652756309943,0.549793152116602,25.8217830657959,True,0.0,0.0,0.008394210720835581,0.009680782680198518,strong_evidence_gap
assist_17,degree_matched_random_support,0.0,42,multi_concept,33639,0.7673364282068558,0.0,0.5693431810589047,-3.6096681199637715e-12,0.7673364282068558,0.5693431810625144,25.8217830657959,True,0.0,0.0,0.003986246245700098,0.005355565707132848,strong_evidence_gap
assist_17,degree_matched_random_support,0.0,42,direct_seen,73401,0.7863159803090487,0.0,0.5501929875830921,-1.6543433289939458e-12,0.7863159803090487,0.5501929875847464,25.8217830657959,True,0.0,0.0,0.003951228781239813,0.00618161525215114,strong_evidence_gap
assist_17,degree_matched_random_support,0.0,42,direct_unseen,3860,0.7358789845390342,0.0,0.6177636300996622,0.0,0.7358789845390342,0.6177636300996622,25.8217830657959,True,0.0,0.0,0.007596147029149436,0.010152550923022419,strong_evidence_gap
assist_17,degree_matched_random_support,0.0,42,direct_unseen_bridgeable,3860,0.7358789845390342,0.0,0.6177636300996622,0.0,0.7358789845390342,0.6177636300996622,25.8217830657959,True,0.0,0.0,0.007596147029149436,0.010152550923022419,strong_evidence_gap
assist_17,degree_matched_random_support,0.0,42,high_seq_support,19249,0.770652756309943,0.0,0.549793152116602,0.0,0.770652756309943,0.549793152116602,25.8217830657959,True,0.0,0.0,0.008394210720835581,0.009680782680198518,strong_evidence_gap
assist_17,degree_matched_random_support,0.0,42,high_crg_mass,19317,0.7996881866191942,0.0,0.5411937059488411,0.0,0.7996881866191942,0.5411937059488411,25.8217830657959,True,0.0,0.0,0.00910593690094329,0.01086197412306773,strong_evidence_gap
assist_17,degree_matched_random_support,0.0,42,short_history,38708,0.7723447723190373,0.0,0.5666766900251033,0.0,0.7723447723190373,0.5666766900251033,25.8217830657959,True,0.0,0.0,0.006232257592398582,0.009918710330694613,strong_evidence_gap
assist_17,degree_matched_random_support,0.0,42,long_history,38553,0.7954650167290094,0.0,0.5404083152096995,-3.1495916985591066e-12,0.7954650167290094,0.540408315212849,25.8217830657959,True,0.0,0.0,0.006330561631632902,0.007910037312063679,strong_evidence_gap
assist_17,degree_matched_random_support,0.25,42,all,77261,0.7840961688969676,0.00016547144035949923,0.553667733948819,9.888169616012465e-05,0.7842616403373271,0.5535688522526588,27.316831588745117,True,0.0,0.0,0.006295107082172957,0.00886930393823362,strong_evidence_gap
assist_17,degree_matched_random_support,0.25,42,graph_hits_history,77261,0.7840961688969676,0.00016547144035949923,0.553667733948819,9.888169616012465e-05,0.7842616403373271,0.5535688522526588,27.316831588745117,True,0.0,0.0,0.006295107082172957,0.00886930393823362,strong_evidence_gap
assist_17,degree_matched_random_support,0.25,42,high_support_mass,19317,0.7996188733303654,6.931328882875398e-05,0.5413381331309105,0.00014442718206941763,0.7996881866191942,0.5411937059488411,27.316831588745117,True,0.0,0.0,0.00910593690094329,0.01086197412306773,strong_evidence_gap
assist_17,degree_matched_random_support,0.25,42,query_seq_top5_q4_high,19249,0.7704815775969203,0.000171178713022746,0.5498268214945706,3.366937796867031e-05,0.770652756309943,0.549793152116602,27.316831588745117,True,0.0,0.0,0.008394210720835581,0.009680782680198518,strong_evidence_gap
assist_17,degree_matched_random_support,0.25,42,multi_concept,33639,0.7671923581812876,0.00014407002556815485,0.5695299096785266,0.00018672861601221058,0.7673364282068558,0.5693431810625144,27.316831588745117,True,0.0,0.0,0.003986246245700098,0.005355565707132848,strong_evidence_gap
assist_17,degree_matched_random_support,0.25,42,direct_seen,73401,0.7861674033743294,0.00014857693471925781,0.550305672520621,0.00011268493587457407,0.7863159803090487,0.5501929875847464,27.316831588745117,True,0.0,0.0,0.003951228781239813,0.00618161525215114,strong_evidence_gap
assist_17,degree_matched_random_support,0.25,42,direct_unseen,3860,0.7338985084394514,0.0019804760995828508,0.6176000321071511,-0.00016359799251108864,0.7358789845390342,0.6177636300996622,27.316831588745117,True,0.0,0.0,0.007596147029149436,0.010152550923022419,strong_evidence_gap
assist_17,degree_matched_random_support,0.25,42,direct_unseen_bridgeable,3860,0.7338985084394514,0.0019804760995828508,0.6176000321071511,-0.00016359799251108864,0.7358789845390342,0.6177636300996622,27.316831588745117,True,0.0,0.0,0.007596147029149436,0.010152550923022419,strong_evidence_gap
assist_17,degree_matched_random_support,0.25,42,high_seq_support,19249,0.7704815775969203,0.000171178713022746,0.5498268214945706,3.366937796867031e-05,0.770652756309943,0.549793152116602,27.316831588745117,True,0.0,0.0,0.008394210720835581,0.009680782680198518,strong_evidence_gap
assist_17,degree_matched_random_support,0.25,42,high_crg_mass,19317,0.7996188733303654,6.931328882875398e-05,0.5413381331309105,0.00014442718206941763,0.7996881866191942,0.5411937059488411,27.316831588745117,True,0.0,0.0,0.00910593690094329,0.01086197412306773,strong_evidence_gap
assist_17,degree_matched_random_support,0.25,42,short_history,38708,0.7724290580068991,-8.428568786178481e-05,0.566529832383197,-0.00014685764190636164,0.7723447723190373,0.5666766900251033,27.316831588745117,True,0.0,0.0,0.006232257592398582,0.009918710330694613,strong_evidence_gap
assist_17,degree_matched_random_support,0.25,42,long_history,38553,0.7950823132390301,0.0003827034899792636,0.5407539242271916,0.00034560901434255165,0.7954650167290094,0.540408315212849,27.316831588745117,True,0.0,0.0,0.006330561631632902,0.007910037312063679,strong_evidence_gap
assist_17,degree_matched_random_support,0.25,43,all,77261,0.783732888140664,0.0005287521966631514,0.553956503970586,0.00038765171792720654,0.7842616403373271,0.5535688522526588,27.168315887451172,True,0.0,0.0,0.006295107082172957,0.00886930393823362,strong_evidence_gap
assist_17,degree_matched_random_support,0.25,43,graph_hits_history,77261,0.783732888140664,0.0005287521966631514,0.553956503970586,0.00038765171792720654,0.7842616403373271,0.5535688522526588,27.168315887451172,True,0.0,0.0,0.006295107082172957,0.00886930393823362,strong_evidence_gap
assist_17,degree_matched_random_support,0.25,43,high_support_mass,19317,0.7992682984590783,0.0004198881601158444,0.5416079537523318,0.00041424780349075263,0.7996881866191942,0.5411937059488411,27.168315887451172,True,0.0,0.0,0.00910593690094329,0.01086197412306773,strong_evidence_gap
assist_17,degree_matched_random_support,0.25,43,query_seq_top5_q4_high,19249,0.7696032664108474,0.0010494898990955903,0.5506441577920181,0.0008510056754161832,0.770652756309943,0.549793152116602,27.168315887451172,True,0.0,0.0,0.008394210720835581,0.009680782680198518,strong_evidence_gap
assist_17,degree_matched_random_support,0.25,43,multi_concept,33639,0.7672191540093678,0.00011727419748797097,0.5695617748909785,0.0002185938284641198,0.7673364282068558,0.5693431810625144,27.168315887451172,True,0.0,0.0,0.003986246245700098,0.005355565707132848,strong_evidence_gap
assist_17,degree_matched_random_support,0.25,43,direct_seen,73401,0.7858424720565873,0.0004735082524613965,0.550557764643653,0.00036477705890658463,0.7863159803090487,0.5501929875847464,27.168315887451172,True,0.0,0.0,0.003951228781239813,0.00618161525215114,strong_evidence_gap
assist_17,degree_matched_random_support,0.25,43,direct_unseen,3860,0.734142284514493,0.0017367000245411823,0.6185862618297079,0.0008226317300457087,0.7358789845390342,0.6177636300996622,27.168315887451172,True,0.0,0.0,0.007596147029149436,0.010152550923022419,strong_evidence_gap
assist_17,degree_matched_random_support,0.25,43,direct_unseen_bridgeable,3860,0.734142284514493,0.0017367000245411823,0.6185862618297079,0.0008226317300457087,0.7358789845390342,0.6177636300996622,27.168315887451172,True,0.0,0.0,0.007596147029149436,0.010152550923022419,strong_evidence_gap
assist_17,degree_matched_random_support,0.25,43,high_seq_support,19249,0.7696032664108474,0.0010494898990955903,0.5506441577920181,0.0008510056754161832,0.770652756309943,0.549793152116602,27.168315887451172,True,0.0,0.0,0.008394210720835581,0.009680782680198518,strong_evidence_gap
assist_17,degree_matched_random_support,0.25,43,high_crg_mass,19317,0.7992682984590783,0.0004198881601158444,0.5416079537523318,0.00041424780349075263,0.7996881866191942,0.5411937059488411,27.168315887451172,True,0.0,0.0,0.00910593690094329,0.01086197412306773,strong_evidence_gap
assist_17,degree_matched_random_support,0.25,43,short_history,38708,0.7716959630176743,0.0006488093013630181,0.5670690583252217,0.0003923683001183509,0.7723447723190373,0.5666766900251033,27.168315887451172,True,0.0,0.0,0.006232257592398582,0.009918710330694613,strong_evidence_gap
assist_17,degree_matched_random_support,0.25,43,long_history,38553,0.7950705134577192,0.000394503271290203,0.5407912313858523,0.0003829161730032338,0.7954650167290094,0.540408315212849,27.168315887451172,True,0.0,0.0,0.006330561631632902,0.007910037312063679,strong_evidence_gap
assist_17,degree_matched_random_support,0.25,44,all,77261,0.7839510172393938,0.0003106230979333935,0.553844859100258,0.00027600684759920835,0.7842616403373271,0.5535688522526588,27.25742530822754,True,0.0,0.0,0.006295107082172957,0.00886930393823362,strong_evidence_gap
assist_17,degree_matched_random_support,0.25,44,graph_hits_history,77261,0.7839510172393938,0.0003106230979333935,0.553844859100258,0.00027600684759920835,0.7842616403373271,0.5535688522526588,27.25742530822754,True,0.0,0.0,0.006295107082172957,0.00886930393823362,strong_evidence_gap
assist_17,degree_matched_random_support,0.25,44,high_support_mass,19317,0.7993716237939021,0.0003165628252920216,0.5415615887742184,0.0003678828253773636,0.7996881866191942,0.5411937059488411,27.25742530822754,True,0.0,0.0,0.00910593690094329,0.01086197412306773,strong_evidence_gap
assist_17,degree_matched_random_support,0.25,44,query_seq_top5_q4_high,19249,0.7699267786313088,0.0007259776786342487,0.5502994113374351,0.0005062592208331385,0.770652756309943,0.549793152116602,27.25742530822754,True,0.0,0.0,0.008394210720835581,0.009680782680198518,strong_evidence_gap
assist_17,degree_matched_random_support,0.25,44,multi_concept,33639,0.7671806196213165,0.00015580858553931876,0.5695011878863385,0.00015800682382416387,0.7673364282068558,0.5693431810625144,27.25742530822754,True,0.0,0.0,0.003986246245700098,0.005355565707132848,strong_evidence_gap
assist_17,degree_matched_random_support,0.25,44,direct_seen,73401,0.785984264806641,0.00033171550240773673,0.5504788511100907,0.0002858635253442099,0.7863159803090487,0.5501929875847464,27.25742530822754,True,0.0,0.0,0.003951228781239813,0.00618161525215114,strong_evidence_gap
assist_17,degree_matched_random_support,0.25,44,direct_unseen,3860,0.7347277288468355,0.0011512556921987604,0.6178522043039555,8.857420429331242e-05,0.7358789845390342,0.6177636300996622,27.25742530822754,True,0.0,0.0,0.007596147029149436,0.010152550923022419,strong_evidence_gap
assist_17,degree_matched_random_support,0.25,44,direct_unseen_bridgeable,3860,0.7347277288468355,0.0011512556921987604,0.6178522043039555,8.857420429331242e-05,0.7358789845390342,0.6177636300996622,27.25742530822754,True,0.0,0.0,0.007596147029149436,0.010152550923022419,strong_evidence_gap
assist_17,degree_matched_random_support,0.25,44,high_seq_support,19249,0.7699267786313088,0.0007259776786342487,0.5502994113374351,0.0005062592208331385,0.770652756309943,0.549793152116602,27.25742530822754,True,0.0,0.0,0.008394210720835581,0.009680782680198518,strong_evidence_gap
assist_17,degree_matched_random_support,0.25,44,high_crg_mass,19317,0.7993716237939021,0.0003165628252920216,0.5415615887742184,0.0003678828253773636,0.7996881866191942,0.5411937059488411,27.25742530822754,True,0.0,0.0,0.00910593690094329,0.01086197412306773,strong_evidence_gap
assist_17,degree_matched_random_support,0.25,44,short_history,38708,0.7718730035418351,0.00047176877720223054,0.5671064600551119,0.0004297700300085472,0.7723447723190373,0.5666766900251033,27.25742530822754,True,0.0,0.0,0.006232257592398582,0.009918710330694613,strong_evidence_gap
assist_17,degree_matched_random_support,0.25,44,long_history,38553,0.7953452613260985,0.0001197554029108705,0.5405299406824832,0.00012162546963412346,0.7954650167290094,0.540408315212849,27.25742530822754,True,0.0,0.0,0.006330561631632902,0.007910037312063679,strong_evidence_gap
assist_17,degree_matched_random_support,0.25,45,all,77261,0.7838480377723153,0.00041360256501188353,0.5539833082675478,0.0004144560148889864,0.7842616403373271,0.5535688522526588,27.287128448486328,True,0.0,0.0,0.006295107082172957,0.00886930393823362,strong_evidence_gap
assist_17,degree_matched_random_support,0.25,45,graph_hits_history,77261,0.7838480377723153,0.00041360256501188353,0.5539833082675478,0.0004144560148889864,0.7842616403373271,0.5535688522526588,27.287128448486328,True,0.0,0.0,0.006295107082172957,0.00886930393823362,strong_evidence_gap
assist_17,degree_matched_random_support,0.25,45,high_support_mass,19317,0.7995166096870554,0.00017157693213876168,0.5413510053075618,0.00015729935872066392,0.7996881866191942,0.5411937059488411,27.287128448486328,True,0.0,0.0,0.00910593690094329,0.01086197412306773,strong_evidence_gap
assist_17,degree_matched_random_support,0.25,45,query_seq_top5_q4_high,19249,0.7704168397144674,0.00023591659547561594,0.5498663826766436,7.323056004160389e-05,0.770652756309943,0.549793152116602,27.287128448486328,True,0.0,0.0,0.008394210720835581,0.009680782680198518,strong_evidence_gap
assist_17,degree_matched_random_support,0.25,45,multi_concept,33639,0.7670538025657224,0.0002826256411333494,0.5697172381220571,0.0003740570595427428,0.7673364282068558,0.5693431810625144,27.287128448486328,True,0.0,0.0,0.003986246245700098,0.005355565707132848,strong_evidence_gap
assist_17,degree_matched_random_support,0.25,45,direct_seen,73401,0.7858726065901804,0.0004433737188682674,0.5506237676064497,0.0004307800217032698,0.7863159803090487,0.5501929875847464,27.287128448486328,True,0.0,0.0,0.003951228781239813,0.00618161525215114,strong_evidence_gap
assist_17,degree_matched_random_support,0.25,45,direct_unseen,3860,0.7351836500968014,0.0006953344422327978,0.6178676720150226,0.00010404191536039775,0.7358789845390342,0.6177636300996622,27.287128448486328,True,0.0,0.0,0.007596147029149436,0.010152550923022419,strong_evidence_gap
assist_17,degree_matched_random_support,0.25,45,direct_unseen_bridgeable,3860,0.7351836500968014,0.0006953344422327978,0.6178676720150226,0.00010404191536039775,0.7358789845390342,0.6177636300996622,27.287128448486328,True,0.0,0.0,0.007596147029149436,0.010152550923022419,strong_evidence_gap
assist_17,degree_matched_random_support,0.25,45,high_seq_support,19249,0.7704168397144674,0.00023591659547561594,0.5498663826766436,7.323056004160389e-05,0.770652756309943,0.549793152116602,27.287128448486328,True,0.0,0.0,0.008394210720835581,0.009680782680198518,strong_evidence_gap
assist_17,degree_matched_random_support,0.25,45,high_crg_mass,19317,0.7995166096870554,0.00017157693213876168,0.5413510053075618,0.00015729935872066392,0.7996881866191942,0.5411937059488411,27.287128448486328,True,0.0,0.0,0.00910593690094329,0.01086197412306773,strong_evidence_gap
assist_17,degree_matched_random_support,0.25,45,short_history,38708,0.7718609334549267,0.0004838388641106306,0.5671254684009389,0.0004487783758355679,0.7723447723190373,0.5666766900251033,27.287128448486328,True,0.0,0.0,0.006232257592398582,0.009918710330694613,strong_evidence_gap
assist_17,degree_matched_random_support,0.25,45,long_history,38553,0.7951271909154558,0.00033782581355357166,0.5407883108758195,0.00037999566297042264,0.7954650167290094,0.540408315212849,27.287128448486328,True,0.0,0.0,0.006330561631632902,0.007910037312063679,strong_evidence_gap
assist_17,degree_matched_random_support,0.25,46,all,77261,0.7842105588501604,5.108148716670424e-05,0.5535310126936895,-3.783955896929925e-05,0.7842616403373271,0.5535688522526588,27.435644149780273,True,0.0,0.0,0.006295107082172957,0.00886930393823362,strong_evidence_gap
assist_17,degree_matched_random_support,0.25,46,graph_hits_history,77261,0.7842105588501604,5.108148716670424e-05,0.5535310126936895,-3.783955896929925e-05,0.7842616403373271,0.5535688522526588,27.435644149780273,True,0.0,0.0,0.006295107082172957,0.00886930393823362,strong_evidence_gap
assist_17,degree_matched_random_support,0.25,46,high_support_mass,19317,0.7997052874360768,-1.7100816882664738e-05,0.54114966334181,-4.4042607031058445e-05,0.7996881866191942,0.5411937059488411,27.435644149780273,True,0.0,0.0,0.00910593690094329,0.01086197412306773,strong_evidence_gap
assist_17,degree_matched_random_support,0.25,46,query_seq_top5_q4_high,19249,0.7707286172649062,-7.586095496314726e-05,0.5496413202638558,-0.00015183185274614264,0.770652756309943,0.549793152116602,27.435644149780273,True,0.0,0.0,0.008394210720835581,0.009680782680198518,strong_evidence_gap
assist_17,degree_matched_random_support,0.25,46,multi_concept,33639,0.7672890301548925,4.7398051963298826e-05,0.5694469404885778,0.00010375942606344335,0.7673364282068558,0.5693431810625144,27.435644149780273,True,0.0,0.0,0.003986246245700098,0.005355565707132848,strong_evidence_gap
assist_17,degree_matched_random_support,0.25,46,direct_seen,73401,0.786283520839115,3.245946993368776e-05,0.5501776275558168,-1.5360028929656266e-05,0.7863159803090487,0.5501929875847464,27.435644149780273,True,0.0,0.0,0.003951228781239813,0.00618161525215114,strong_evidence_gap
assist_17,degree_matched_random_support,0.25,46,direct_unseen,3860,0.734845117661495,0.0010338668775392579,0.6172983242234785,-0.0004653058761836526,0.7358789845390342,0.6177636300996622,27.435644149780273,True,0.0,0.0,0.007596147029149436,0.010152550923022419,strong_evidence_gap
assist_17,degree_matched_random_support,0.25,46,direct_unseen_bridgeable,3860,0.734845117661495,0.0010338668775392579,0.6172983242234785,-0.0004653058761836526,0.7358789845390342,0.6177636300996622,27.435644149780273,True,0.0,0.0,0.007596147029149436,0.010152550923022419,strong_evidence_gap
assist_17,degree_matched_random_support,0.25,46,high_seq_support,19249,0.7707286172649062,-7.586095496314726e-05,0.5496413202638558,-0.00015183185274614264,0.770652756309943,0.549793152116602,27.435644149780273,True,0.0,0.0,0.008394210720835581,0.009680782680198518,strong_evidence_gap
assist_17,degree_matched_random_support,0.25,46,high_crg_mass,19317,0.7997052874360768,-1.7100816882664738e-05,0.54114966334181,-4.4042607031058445e-05,0.7996881866191942,0.5411937059488411,27.435644149780273,True,0.0,0.0,0.00910593690094329,0.01086197412306773,strong_evidence_gap
assist_17,degree_matched_random_support,0.25,46,short_history,38708,0.7723272125198658,1.7559799171507073e-05,0.5665572296722121,-0.00011946035289123191,0.7723447723190373,0.5666766900251033,27.435644149780273,True,0.0,0.0,0.006232257592398582,0.009918710330694613,strong_evidence_gap
assist_17,degree_matched_random_support,0.25,46,long_history,38553,0.795381777385931,8.323934307841174e-05,0.5404524245992571,4.410938640808659e-05,0.7954650167290094,0.540408315212849,27.435644149780273,True,0.0,0.0,0.006330561631632902,0.007910037312063679,strong_evidence_gap
assist_17,degree_matched_random_support,0.5,42,all,77261,0.7836083229868394,0.000653317350487792,0.5541923254709231,0.000623473218264281,0.7842616403373271,0.5535688522526588,27.861385345458984,True,0.0,0.0,0.006295107082172957,0.00886930393823362,strong_evidence_gap
assist_17,degree_matched_random_support,0.5,42,graph_hits_history,77261,0.7836083229868394,0.000653317350487792,0.5541923254709231,0.000623473218264281,0.7842616403373271,0.5535688522526588,27.861385345458984,True,0.0,0.0,0.006295107082172957,0.00886930393823362,strong_evidence_gap
assist_17,degree_matched_random_support,0.5,42,high_support_mass,19317,0.7988399221836455,0.0008482644355486402,0.5422098108197393,0.0010161048708982046,0.7996881866191942,0.5411937059488411,27.861385345458984,True,0.0,0.0,0.00910593690094329,0.01086197412306773,strong_evidence_gap
assist_17,degree_matched_random_support,0.5,42,query_seq_top5_q4_high,19249,0.7693038808548602,0.0013488754550827764,0.5508946635888157,0.001101511472213712,0.770652756309943,0.549793152116602,27.861385345458984,True,0.0,0.0,0.008394210720835581,0.009680782680198518,strong_evidence_gap
assist_17,degree_matched_random_support,0.5,42,multi_concept,33639,0.7664807692991863,0.0008556589076694765,0.5701339945161737,0.0007908134536593892,0.7673364282068558,0.5693431810625144,27.861385345458984,True,0.0,0.0,0.003986246245700098,0.005355565707132848,strong_evidence_gap
assist_17,degree_matched_random_support,0.5,42,direct_seen,73401,0.7856608304952493,0.0006551498137994383,0.5508172751430837,0.000624287558337211,0.7863159803090487,0.5501929875847464,27.861385345458984,True,0.0,0.0,0.003951228781239813,0.00618161525215114,strong_evidence_gap
assist_17,degree_matched_random_support,0.5,42,direct_unseen,3860,0.7337411719793854,0.002137812559648844,0.6183716179874346,0.0006079878877723877,0.7358789845390342,0.6177636300996622,27.861385345458984,True,0.0,0.0,0.007596147029149436,0.010152550923022419,strong_evidence_gap
assist_17,degree_matched_random_support,0.5,42,direct_unseen_bridgeable,3860,0.7337411719793854,0.002137812559648844,0.6183716179874346,0.0006079878877723877,0.7358789845390342,0.6177636300996622,27.861385345458984,True,0.0,0.0,0.007596147029149436,0.010152550923022419,strong_evidence_gap
assist_17,degree_matched_random_support,0.5,42,high_seq_support,19249,0.7693038808548602,0.0013488754550827764,0.5508946635888157,0.001101511472213712,0.770652756309943,0.549793152116602,27.861385345458984,True,0.0,0.0,0.008394210720835581,0.009680782680198518,strong_evidence_gap
assist_17,degree_matched_random_support,0.5,42,high_crg_mass,19317,0.7988399221836455,0.0008482644355486402,0.5422098108197393,0.0010161048708982046,0.7996881866191942,0.5411937059488411,27.861385345458984,True,0.0,0.0,0.00910593690094329,0.01086197412306773,strong_evidence_gap
assist_17,degree_matched_random_support,0.5,42,short_history,38708,0.7719204965633485,0.0004242757556888188,0.5670945724136757,0.0004178823885723215,0.7723447723190373,0.5666766900251033,27.861385345458984,True,0.0,0.0,0.006232257592398582,0.009918710330694613,strong_evidence_gap
assist_17,degree_matched_random_support,0.5,42,long_history,38553,0.7945901715908246,0.0008748451381848099,0.5412382058262761,0.0008298906134270867,0.7954650167290094,0.540408315212849,27.861385345458984,True,0.0,0.0,0.006330561631632902,0.007910037312063679,strong_evidence_gap
assist_17,degree_matched_random_support,0.5,43,all,77261,0.78297314810515,0.0012884922321771963,0.5546210297251107,0.0010521774724518984,0.7842616403373271,0.5535688522526588,27.76237678527832,True,0.0,0.0,0.006295107082172957,0.00886930393823362,strong_evidence_gap
assist_17,degree_matched_random_support,0.5,43,graph_hits_history,77261,0.78297314810515,0.0012884922321771963,0.5546210297251107,0.0010521774724518984,0.7842616403373271,0.5535688522526588,27.76237678527832,True,0.0,0.0,0.006295107082172957,0.00886930393823362,strong_evidence_gap
assist_17,degree_matched_random_support,0.5,43,high_support_mass,19317,0.7984235386888837,0.0012646479303104474,0.5423543326189079,0.0011606266700667778,0.7996881866191942,0.5411937059488411,27.76237678527832,True,0.0,0.0,0.00910593690094329,0.01086197412306773,strong_evidence_gap
assist_17,degree_matched_random_support,0.5,43,query_seq_top5_q4_high,19249,0.7699949403166566,0.0006578159932864036,0.5505297188167132,0.0007365667001112408,0.770652756309943,0.549793152116602,27.76237678527832,True,0.0,0.0,0.008394210720835581,0.009680782680198518,strong_evidence_gap
assist_17,degree_matched_random_support,0.5,43,multi_concept,33639,0.766512950166947,0.0008234780399087871,0.5701204650812428,0.0007772840187284524,0.7673364282068558,0.5693431810625144,27.76237678527832,True,0.0,0.0,0.003986246245700098,0.005355565707132848,strong_evidence_gap
assist_17,degree_matched_random_support,0.5,43,direct_seen,73401,0.7850404681135075,0.0012755121955412285,0.5512513341226186,0.001058346537872179,0.7863159803090487,0.5501929875847464,27.76237678527832,True,0.0,0.0,0.003951228781239813,0.00618161525215114,strong_evidence_gap
assist_17,degree_matched_random_support,0.5,43,direct_unseen,3860,0.7333097919450277,0.002569192594006564,0.6186984978387161,0.000934867739053935,0.7358789845390342,0.6177636300996622,27.76237678527832,True,0.0,0.0,0.007596147029149436,0.010152550923022419,strong_evidence_gap
assist_17,degree_matched_random_support,0.5,43,direct_unseen_bridgeable,3860,0.7333097919450277,0.002569192594006564,0.6186984978387161,0.000934867739053935,0.7358789845390342,0.6177636300996622,27.76237678527832,True,0.0,0.0,0.007596147029149436,0.010152550923022419,strong_evidence_gap
assist_17,degree_matched_random_support,0.5,43,high_seq_support,19249,0.7699949403166566,0.0006578159932864036,0.5505297188167132,0.0007365667001112408,0.770652756309943,0.549793152116602,27.76237678527832,True,0.0,0.0,0.008394210720835581,0.009680782680198518,strong_evidence_gap
assist_17,degree_matched_random_support,0.5,43,high_crg_mass,19317,0.7984235386888837,0.0012646479303104474,0.5423543326189079,0.0011606266700667778,0.7996881866191942,0.5411937059488411,27.76237678527832,True,0.0,0.0,0.00910593690094329,0.01086197412306773,strong_evidence_gap
assist_17,degree_matched_random_support,0.5,43,short_history,38708,0.770993057401413,0.0013517149176243137,0.5677184158260411,0.001041725800937754,0.7723447723190373,0.5666766900251033,27.76237678527832,True,0.0,0.0,0.006232257592398582,0.009918710330694613,strong_evidence_gap
assist_17,degree_matched_random_support,0.5,43,long_history,38553,0.7942942460030511,0.0011707707259582811,0.5414709863771271,0.0010626711642780506,0.7954650167290094,0.540408315212849,27.76237678527832,True,0.0,0.0,0.006330561631632902,0.007910037312063679,strong_evidence_gap
assist_17,degree_matched_random_support,0.5,44,all,77261,0.7830379636807017,0.001223676656625483,0.5548842198049131,0.001315367552254254,0.7842616403373271,0.5535688522526588,27.861385345458984,True,0.0,0.0,0.006295107082172957,0.00886930393823362,strong_evidence_gap
assist_17,degree_matched_random_support,0.5,44,graph_hits_history,77261,0.7830379636807017,0.001223676656625483,0.5548842198049131,0.001315367552254254,0.7842616403373271,0.5535688522526588,27.861385345458984,True,0.0,0.0,0.006295107082172957,0.00886930393823362,strong_evidence_gap
assist_17,degree_matched_random_support,0.5,44,high_support_mass,19317,0.797952142239969,0.0017360443792251434,0.5430453387009198,0.001851632752078669,0.7996881866191942,0.5411937059488411,27.861385345458984,True,0.0,0.0,0.00910593690094329,0.01086197412306773,strong_evidence_gap
assist_17,degree_matched_random_support,0.5,44,query_seq_top5_q4_high,19249,0.7685324906319837,0.00212026567795931,0.5515785442539731,0.0017853921373711668,0.770652756309943,0.549793152116602,27.861385345458984,True,0.0,0.0,0.008394210720835581,0.009680782680198518,strong_evidence_gap
assist_17,degree_matched_random_support,0.5,44,multi_concept,33639,0.7664576353699611,0.0008787928368946263,0.5700770755968672,0.0007338945343527969,0.7673364282068558,0.5693431810625144,27.861385345458984,True,0.0,0.0,0.003986246245700098,0.005355565707132848,strong_evidence_gap
assist_17,degree_matched_random_support,0.5,44,direct_seen,73401,0.7851365420324284,0.0011794382766202594,0.5513682114116538,0.001175223826907379,0.7863159803090487,0.5501929875847464,27.861385345458984,True,0.0,0.0,0.003951228781239813,0.00618161525215114,strong_evidence_gap
assist_17,degree_matched_random_support,0.5,44,direct_unseen,3860,0.7318099146511058,0.004069069887928434,0.6217439431400458,0.0039803130403835985,0.7358789845390342,0.6177636300996622,27.861385345458984,True,0.0,0.0,0.007596147029149436,0.010152550923022419,strong_evidence_gap
assist_17,degree_matched_random_support,0.5,44,direct_unseen_bridgeable,3860,0.7318099146511058,0.004069069887928434,0.6217439431400458,0.0039803130403835985,0.7358789845390342,0.6177636300996622,27.861385345458984,True,0.0,0.0,0.007596147029149436,0.010152550923022419,strong_evidence_gap
assist_17,degree_matched_random_support,0.5,44,high_seq_support,19249,0.7685324906319837,0.00212026567795931,0.5515785442539731,0.0017853921373711668,0.770652756309943,0.549793152116602,27.861385345458984,True,0.0,0.0,0.008394210720835581,0.009680782680198518,strong_evidence_gap
assist_17,degree_matched_random_support,0.5,44,high_crg_mass,19317,0.797952142239969,0.0017360443792251434,0.5430453387009198,0.001851632752078669,0.7996881866191942,0.5411937059488411,27.861385345458984,True,0.0,0.0,0.00910593690094329,0.01086197412306773,strong_evidence_gap
assist_17,degree_matched_random_support,0.5,44,short_history,38708,0.7709237187763851,0.0014210535426522064,0.568206650891016,0.0015299608659126163,0.7723447723190373,0.5666766900251033,27.861385345458984,True,0.0,0.0,0.006232257592398582,0.009918710330694613,strong_evidence_gap
assist_17,degree_matched_random_support,0.5,44,long_history,38553,0.7944339798935027,0.001031036835506649,0.5415082266920329,0.0010999114791838682,0.7954650167290094,0.540408315212849,27.861385345458984,True,0.0,0.0,0.006330561631632902,0.007910037312063679,strong_evidence_gap
assist_17,degree_matched_random_support,0.5,45,all,77261,0.7835824275792198,0.0006792127581073393,0.5541918689857007,0.0006230167330418812,0.7842616403373271,0.5535688522526588,27.633663177490234,True,0.0,0.0,0.006295107082172957,0.00886930393823362,strong_evidence_gap
assist_17,degree_matched_random_support,0.5,45,graph_hits_history,77261,0.7835824275792198,0.0006792127581073393,0.5541918689857007,0.0006230167330418812,0.7842616403373271,0.5535688522526588,27.633663177490234,True,0.0,0.0,0.006295107082172957,0.00886930393823362,strong_evidence_gap
assist_17,degree_matched_random_support,0.5,45,high_support_mass,19317,0.7985271565305534,0.0011610300886407687,0.5422075114881636,0.0010138055393225098,0.7996881866191942,0.5411937059488411,27.633663177490234,True,0.0,0.0,0.00910593690094329,0.01086197412306773,strong_evidence_gap
assist_17,degree_matched_random_support,0.5,45,query_seq_top5_q4_high,19249,0.7704352733778005,0.0002174829321425209,0.5499096156605033,0.00011646354390137947,0.770652756309943,0.549793152116602,27.633663177490234,True,0.0,0.0,0.008394210720835581,0.009680782680198518,strong_evidence_gap
assist_17,degree_matched_random_support,0.5,45,multi_concept,33639,0.7669969802451158,0.0003394479617400137,0.569732195254236,0.0003890141917216594,0.7673364282068558,0.5693431810625144,27.633663177490234,True,0.0,0.0,0.003986246245700098,0.005355565707132848,strong_evidence_gap
assist_17,degree_matched_random_support,0.5,45,direct_seen,73401,0.7855759553790138,0.0007400249300348882,0.550875222497407,0.0006822349126605065,0.7863159803090487,0.5501929875847464,27.633663177490234,True,0.0,0.0,0.003951228781239813,0.00618161525215114,strong_evidence_gap
assist_17,degree_matched_random_support,0.5,45,direct_unseen,3860,0.7351533825975514,0.0007256019414828563,0.6172605655886193,-0.0005030645110428722,0.7358789845390342,0.6177636300996622,27.633663177490234,True,0.0,0.0,0.007596147029149436,0.010152550923022419,strong_evidence_gap
assist_17,degree_matched_random_support,0.5,45,direct_unseen_bridgeable,3860,0.7351533825975514,0.0007256019414828563,0.6172605655886193,-0.0005030645110428722,0.7358789845390342,0.6177636300996622,27.633663177490234,True,0.0,0.0,0.007596147029149436,0.010152550923022419,strong_evidence_gap
assist_17,degree_matched_random_support,0.5,45,high_seq_support,19249,0.7704352733778005,0.0002174829321425209,0.5499096156605033,0.00011646354390137947,0.770652756309943,0.549793152116602,27.633663177490234,True,0.0,0.0,0.008394210720835581,0.009680782680198518,strong_evidence_gap
assist_17,degree_matched_random_support,0.5,45,high_crg_mass,19317,0.7985271565305534,0.0011610300886407687,0.5422075114881636,0.0010138055393225098,0.7996881866191942,0.5411937059488411,27.633663177490234,True,0.0,0.0,0.00910593690094329,0.01086197412306773,strong_evidence_gap
assist_17,degree_matched_random_support,0.5,45,short_history,38708,0.7717062899321966,0.0006384823868407219,0.5671979929851102,0.0005213029600068531,0.7723447723190373,0.5666766900251033,27.633663177490234,True,0.0,0.0,0.006232257592398582,0.009918710330694613,strong_evidence_gap
assist_17,degree_matched_random_support,0.5,45,long_history,38553,0.7947416420003561,0.0007233747286532477,0.5411334546529863,0.0007251394401373012,0.7954650167290094,0.540408315212849,27.633663177490234,True,0.0,0.0,0.006330561631632902,0.007910037312063679,strong_evidence_gap
assist_17,degree_matched_random_support,0.5,46,all,77261,0.7838469565998385,0.0004146837374886525,0.553751543152658,0.00018269089999911614,0.7842616403373271,0.5535688522526588,27.851484298706055,True,0.0,0.0,0.006295107082172957,0.00886930393823362,strong_evidence_gap
assist_17,degree_matched_random_support,0.5,46,graph_hits_history,77261,0.7838469565998385,0.0004146837374886525,0.553751543152658,0.00018269089999911614,0.7842616403373271,0.5535688522526588,27.851484298706055,True,0.0,0.0,0.006295107082172957,0.00886930393823362,strong_evidence_gap
assist_17,degree_matched_random_support,0.5,46,high_support_mass,19317,0.7989880335666123,0.0007001530525818644,0.5416750261093612,0.00048132016052016,0.7996881866191942,0.5411937059488411,27.851484298706055,True,0.0,0.0,0.00910593690094329,0.01086197412306773,strong_evidence_gap
assist_17,degree_matched_random_support,0.5,46,query_seq_top5_q4_high,19249,0.7703627962146802,0.0002899600952628312,0.5499376082275934,0.00014445611099145328,0.770652756309943,0.549793152116602,27.851484298706055,True,0.0,0.0,0.008394210720835581,0.009680782680198518,strong_evidence_gap
assist_17,degree_matched_random_support,0.5,46,multi_concept,33639,0.7670004355108168,0.0003359926960390114,0.5695956585349178,0.0002524774724034229,0.7673364282068558,0.5693431810625144,27.851484298706055,True,0.0,0.0,0.003986246245700098,0.005355565707132848,strong_evidence_gap
assist_17,degree_matched_random_support,0.5,46,direct_seen,73401,0.7859798554837423,0.0003361248253064275,0.5503914417045753,0.0001984541198288836,0.7863159803090487,0.5501929875847464,27.851484298706055,True,0.0,0.0,0.003951228781239813,0.00618161525215114,strong_evidence_gap
assist_17,degree_matched_random_support,0.5,46,direct_unseen,3860,0.7338974177187577,0.0019815668202765035,0.6176465707150192,-0.00011705938464301457,0.7358789845390342,0.6177636300996622,27.851484298706055,True,0.0,0.0,0.007596147029149436,0.010152550923022419,strong_evidence_gap
assist_17,degree_matched_random_support,0.5,46,direct_unseen_bridgeable,3860,0.7338974177187577,0.0019815668202765035,0.6176465707150192,-0.00011705938464301457,0.7358789845390342,0.6177636300996622,27.851484298706055,True,0.0,0.0,0.007596147029149436,0.010152550923022419,strong_evidence_gap
assist_17,degree_matched_random_support,0.5,46,high_seq_support,19249,0.7703627962146802,0.0002899600952628312,0.5499376082275934,0.00014445611099145328,0.770652756309943,0.549793152116602,27.851484298706055,True,0.0,0.0,0.008394210720835581,0.009680782680198518,strong_evidence_gap
assist_17,degree_matched_random_support,0.5,46,high_crg_mass,19317,0.7989880335666123,0.0007001530525818644,0.5416750261093612,0.00048132016052016,0.7996881866191942,0.5411937059488411,27.851484298706055,True,0.0,0.0,0.00910593690094329,0.01086197412306773,strong_evidence_gap
assist_17,degree_matched_random_support,0.5,46,short_history,38708,0.7719045019792894,0.00044027033974791685,0.5667251308389186,4.8440813815275874e-05,0.7723447723190373,0.5666766900251033,27.851484298706055,True,0.0,0.0,0.006232257592398582,0.009918710330694613,strong_evidence_gap
assist_17,degree_matched_random_support,0.5,46,long_history,38553,0.7950939314852437,0.00037108524376572305,0.5407257959433674,0.00031748073051840464,0.7954650167290094,0.540408315212849,27.851484298706055,True,0.0,0.0,0.006330561631632902,0.007910037312063679,strong_evidence_gap
assist_17,degree_matched_random_support,0.75,42,all,77261,0.7811341557116304,0.003127484625696786,0.556415945297199,0.0028470930445401166,0.7842616403373271,0.5535688522526588,27.75247573852539,True,0.0,0.0,0.006295107082172957,0.00886930393823362,strong_evidence_gap
assist_17,degree_matched_random_support,0.75,42,graph_hits_history,77261,0.7811341557116304,0.003127484625696786,0.556415945297199,0.0028470930445401166,0.7842616403373271,0.5535688522526588,27.75247573852539,True,0.0,0.0,0.006295107082172957,0.00886930393823362,strong_evidence_gap
assist_17,degree_matched_random_support,0.75,42,high_support_mass,19317,0.7962931571641882,0.0033950294550059157,0.5448828073280813,0.0036891013792401672,0.7996881866191942,0.5411937059488411,27.75247573852539,True,0.0,0.0,0.00910593690094329,0.01086197412306773,strong_evidence_gap
assist_17,degree_matched_random_support,0.75,42,query_seq_top5_q4_high,19249,0.7636334459472978,0.007019310362645248,0.5564066386437748,0.006613486527172863,0.770652756309943,0.549793152116602,27.75247573852539,True,0.0,0.0,0.008394210720835581,0.009680782680198518,strong_evidence_gap
assist_17,degree_matched_random_support,0.75,42,multi_concept,33639,0.7650400708403138,0.00229635736654199,0.5714532609743496,0.0021100799118352054,0.7673364282068558,0.5693431810625144,27.75247573852539,True,0.0,0.0,0.003986246245700098,0.005355565707132848,strong_evidence_gap
assist_17,degree_matched_random_support,0.75,42,direct_seen,73401,0.7831555635140384,0.0031604167950103346,0.5529300231009628,0.0027370355162164017,0.7863159803090487,0.5501929875847464,27.75247573852539,True,0.0,0.0,0.003951228781239813,0.00618161525215114,strong_evidence_gap
assist_17,degree_matched_random_support,0.75,42,direct_unseen,3860,0.7331306410710877,0.0027483434679465013,0.6227035554334509,0.0049399253337887306,0.7358789845390342,0.6177636300996622,27.75247573852539,True,0.0,0.0,0.007596147029149436,0.010152550923022419,strong_evidence_gap
assist_17,degree_matched_random_support,0.75,42,direct_unseen_bridgeable,3860,0.7331306410710877,0.0027483434679465013,0.6227035554334509,0.0049399253337887306,0.7358789845390342,0.6177636300996622,27.75247573852539,True,0.0,0.0,0.007596147029149436,0.010152550923022419,strong_evidence_gap
assist_17,degree_matched_random_support,0.75,42,high_seq_support,19249,0.7636334459472978,0.007019310362645248,0.5564066386437748,0.006613486527172863,0.770652756309943,0.549793152116602,27.75247573852539,True,0.0,0.0,0.008394210720835581,0.009680782680198518,strong_evidence_gap
assist_17,degree_matched_random_support,0.75,42,high_crg_mass,19317,0.7962931571641882,0.0033950294550059157,0.5448828073280813,0.0036891013792401672,0.7996881866191942,0.5411937059488411,27.75247573852539,True,0.0,0.0,0.00910593690094329,0.01086197412306773,strong_evidence_gap
assist_17,degree_matched_random_support,0.75,42,short_history,38708,0.7694352019008857,0.0029095704181516524,0.569346506792013,0.002669816766909694,0.7723447723190373,0.5666766900251033,27.75247573852539,True,0.0,0.0,0.006232257592398582,0.009918710330694613,strong_evidence_gap
assist_17,degree_matched_random_support,0.75,42,long_history,38553,0.7920911319389934,0.0033738847900159907,0.5434333972635503,0.0030250820507012888,0.7954650167290094,0.540408315212849,27.75247573852539,True,0.0,0.0,0.006330561631632902,0.007910037312063679,strong_evidence_gap
assist_17,degree_matched_random_support,0.75,43,all,77261,0.7811527986224407,0.0031088417148864567,0.5562798774839667,0.00271102523130784,0.7842616403373271,0.5535688522526588,27.81188201904297,True,0.0,0.0,0.006295107082172957,0.00886930393823362,strong_evidence_gap
assist_17,degree_matched_random_support,0.75,43,graph_hits_history,77261,0.7811527986224407,0.0031088417148864567,0.5562798774839667,0.00271102523130784,0.7842616403373271,0.5535688522526588,27.81188201904297,True,0.0,0.0,0.006295107082172957,0.00886930393823362,strong_evidence_gap
assist_17,degree_matched_random_support,0.75,43,high_support_mass,19317,0.7958143505418506,0.0038738360773435954,0.5450747797763961,0.0038810738275549816,0.7996881866191942,0.5411937059488411,27.81188201904297,True,0.0,0.0,0.00910593690094329,0.01086197412306773,strong_evidence_gap
assist_17,degree_matched_random_support,0.75,43,query_seq_top5_q4_high,19249,0.7659722519923504,0.004680504317592593,0.5541071673456861,0.004314015229084145,0.770652756309943,0.549793152116602,27.81188201904297,True,0.0,0.0,0.008394210720835581,0.009680782680198518,strong_evidence_gap
assist_17,degree_matched_random_support,0.75,43,multi_concept,33639,0.7658152524232409,0.001521175783614881,0.5705704755805984,0.00122729451808401,0.7673364282068558,0.5693431810625144,27.81188201904297,True,0.0,0.0,0.003986246245700098,0.005355565707132848,strong_evidence_gap
assist_17,degree_matched_random_support,0.75,43,direct_seen,73401,0.7833830052244388,0.002932975084609879,0.5526427892858687,0.0024498017011223006,0.7863159803090487,0.5501929875847464,27.81188201904297,True,0.0,0.0,0.003951228781239813,0.00618161525215114,strong_evidence_gap
assist_17,degree_matched_random_support,0.75,43,direct_unseen,3860,0.7312494205546314,0.00462956398440284,0.6254420305483681,0.007678400448705935,0.7358789845390342,0.6177636300996622,27.81188201904297,True,0.0,0.0,0.007596147029149436,0.010152550923022419,strong_evidence_gap
assist_17,degree_matched_random_support,0.75,43,direct_unseen_bridgeable,3860,0.7312494205546314,0.00462956398440284,0.6254420305483681,0.007678400448705935,0.7358789845390342,0.6177636300996622,27.81188201904297,True,0.0,0.0,0.007596147029149436,0.010152550923022419,strong_evidence_gap
assist_17,degree_matched_random_support,0.75,43,high_seq_support,19249,0.7659722519923504,0.004680504317592593,0.5541071673456861,0.004314015229084145,0.770652756309943,0.549793152116602,27.81188201904297,True,0.0,0.0,0.008394210720835581,0.009680782680198518,strong_evidence_gap
assist_17,degree_matched_random_support,0.75,43,high_crg_mass,19317,0.7958143505418506,0.0038738360773435954,0.5450747797763961,0.0038810738275549816,0.7996881866191942,0.5411937059488411,27.81188201904297,True,0.0,0.0,0.00910593690094329,0.01086197412306773,strong_evidence_gap
assist_17,degree_matched_random_support,0.75,43,short_history,38708,0.769510142135553,0.002834630183484288,0.5692446434450252,0.0025679534199218867,0.7723447723190373,0.5666766900251033,27.81188201904297,True,0.0,0.0,0.006232257592398582,0.009918710330694613,strong_evidence_gap
assist_17,degree_matched_random_support,0.75,43,long_history,38553,0.7921417843568787,0.0033232323721307244,0.5432629874670899,0.002854672254240853,0.7954650167290094,0.540408315212849,27.81188201904297,True,0.0,0.0,0.006330561631632902,0.007910037312063679,strong_evidence_gap
assist_17,degree_matched_random_support,0.75,44,all,77261,0.7827470442537368,0.0015145960835903916,0.5549901100921082,0.0014212578394493525,0.7842616403373271,0.5535688522526588,27.851484298706055,True,0.0,0.0,0.006295107082172957,0.00886930393823362,strong_evidence_gap
assist_17,degree_matched_random_support,0.75,44,graph_hits_history,77261,0.7827470442537368,0.0015145960835903916,0.5549901100921082,0.0014212578394493525,0.7842616403373271,0.5535688522526588,27.851484298706055,True,0.0,0.0,0.006295107082172957,0.00886930393823362,strong_evidence_gap
assist_17,degree_matched_random_support,0.75,44,high_support_mass,19317,0.7972248673026444,0.0024633193165497502,0.5435146792556753,0.0023209733068342286,0.7996881866191942,0.5411937059488411,27.851484298706055,True,0.0,0.0,0.00910593690094329,0.01086197412306773,strong_evidence_gap
assist_17,degree_matched_random_support,0.75,44,query_seq_top5_q4_high,19249,0.7696777841376297,0.0009749721723133487,0.550681208530483,0.000888056413881011,0.770652756309943,0.549793152116602,27.851484298706055,True,0.0,0.0,0.008394210720835581,0.009680782680198518,strong_evidence_gap
assist_17,degree_matched_random_support,0.75,44,multi_concept,33639,0.766484120349905,0.0008523078569507847,0.5701959852517925,0.0008528041892781335,0.7673364282068558,0.5693431810625144,27.851484298706055,True,0.0,0.0,0.003986246245700098,0.005355565707132848,strong_evidence_gap
assist_17,degree_matched_random_support,0.75,44,direct_seen,73401,0.7849530736543464,0.0013629066547022894,0.5514232526355807,0.0012302650508342339,0.7863159803090487,0.5501929875847464,27.851484298706055,True,0.0,0.0,0.003951228781239813,0.00618161525215114,strong_evidence_gap
assist_17,degree_matched_random_support,0.75,44,direct_unseen,3860,0.7335875167016606,0.002291467837373662,0.6228167692026175,0.005053139102955351,0.7358789845390342,0.6177636300996622,27.851484298706055,True,0.0,0.0,0.007596147029149436,0.010152550923022419,strong_evidence_gap
assist_17,degree_matched_random_support,0.75,44,direct_unseen_bridgeable,3860,0.7335875167016606,0.002291467837373662,0.6228167692026175,0.005053139102955351,0.7358789845390342,0.6177636300996622,27.851484298706055,True,0.0,0.0,0.007596147029149436,0.010152550923022419,strong_evidence_gap
assist_17,degree_matched_random_support,0.75,44,high_seq_support,19249,0.7696777841376297,0.0009749721723133487,0.550681208530483,0.000888056413881011,0.770652756309943,0.549793152116602,27.851484298706055,True,0.0,0.0,0.008394210720835581,0.009680782680198518,strong_evidence_gap
assist_17,degree_matched_random_support,0.75,44,high_crg_mass,19317,0.7972248673026444,0.0024633193165497502,0.5435146792556753,0.0023209733068342286,0.7996881866191942,0.5411937059488411,27.851484298706055,True,0.0,0.0,0.00910593690094329,0.01086197412306773,strong_evidence_gap
assist_17,degree_matched_random_support,0.75,44,short_history,38708,0.7715052521393024,0.0008395201797348761,0.5673772473154356,0.0007005572903322488,0.7723447723190373,0.5666766900251033,27.851484298706055,True,0.0,0.0,0.006232257592398582,0.009918710330694613,strong_evidence_gap
assist_17,degree_matched_random_support,0.75,44,long_history,38553,0.7932727892697135,0.0021922274592959257,0.5425531711342952,0.002144855921446198,0.7954650167290094,0.540408315212849,27.851484298706055,True,0.0,0.0,0.006330561631632902,0.007910037312063679,strong_evidence_gap
assist_17,degree_matched_random_support,0.75,45,all,77261,0.7815040184200762,0.0027576219172509298,0.5567273798452683,0.0031585275926094836,0.7842616403373271,0.5535688522526588,27.75247573852539,True,0.0,0.0,0.006295107082172957,0.00886930393823362,strong_evidence_gap
assist_17,degree_matched_random_support,0.75,45,graph_hits_history,77261,0.7815040184200762,0.0027576219172509298,0.5567273798452683,0.0031585275926094836,0.7842616403373271,0.5535688522526588,27.75247573852539,True,0.0,0.0,0.006295107082172957,0.00886930393823362,strong_evidence_gap
assist_17,degree_matched_random_support,0.75,45,high_support_mass,19317,0.7966543814513738,0.0030338051678203692,0.5446280226790767,0.0034343167302356425,0.7996881866191942,0.5411937059488411,27.75247573852539,True,0.0,0.0,0.00910593690094329,0.01086197412306773,strong_evidence_gap
assist_17,degree_matched_random_support,0.75,45,query_seq_top5_q4_high,19249,0.7684962520504235,0.0021565042595195205,0.552254812238038,0.0024616601214360045,0.770652756309943,0.549793152116602,27.75247573852539,True,0.0,0.0,0.008394210720835581,0.009680782680198518,strong_evidence_gap
assist_17,degree_matched_random_support,0.75,45,multi_concept,33639,0.7653386108279437,0.0019978173789120257,0.5712992367668273,0.001956055704312898,0.7673364282068558,0.5693431810625144,27.75247573852539,True,0.0,0.0,0.003986246245700098,0.005355565707132848,strong_evidence_gap
assist_17,degree_matched_random_support,0.75,45,direct_seen,73401,0.7835999807499658,0.00271599955908286,0.5530633895819602,0.0028704019972137784,0.7863159803090487,0.5501929875847464,27.75247573852539,True,0.0,0.0,0.003951228781239813,0.00618161525215114,strong_evidence_gap
assist_17,degree_matched_random_support,0.75,45,direct_unseen,3860,0.7325974149919559,0.003281569547078367,0.626401097284926,0.008637467185263814,0.7358789845390342,0.6177636300996622,27.75247573852539,True,0.0,0.0,0.007596147029149436,0.010152550923022419,strong_evidence_gap
assist_17,degree_matched_random_support,0.75,45,direct_unseen_bridgeable,3860,0.7325974149919559,0.003281569547078367,0.626401097284926,0.008637467185263814,0.7358789845390342,0.6177636300996622,27.75247573852539,True,0.0,0.0,0.007596147029149436,0.010152550923022419,strong_evidence_gap
assist_17,degree_matched_random_support,0.75,45,high_seq_support,19249,0.7684962520504235,0.0021565042595195205,0.552254812238038,0.0024616601214360045,0.770652756309943,0.549793152116602,27.75247573852539,True,0.0,0.0,0.008394210720835581,0.009680782680198518,strong_evidence_gap
assist_17,degree_matched_random_support,0.75,45,high_crg_mass,19317,0.7966543814513738,0.0030338051678203692,0.5446280226790767,0.0034343167302356425,0.7996881866191942,0.5411937059488411,27.75247573852539,True,0.0,0.0,0.00910593690094329,0.01086197412306773,strong_evidence_gap
assist_17,degree_matched_random_support,0.75,45,short_history,38708,0.7687270034038912,0.0036177689151460912,0.5711068441042036,0.004430154079100301,0.7723447723190373,0.5666766900251033,27.75247573852539,True,0.0,0.0,0.006232257592398582,0.009918710330694613,strong_evidence_gap
assist_17,degree_matched_random_support,0.75,45,long_history,38553,0.7936470747571982,0.0018179419718111767,0.5422901038217455,0.0018817886088964286,0.7954650167290094,0.540408315212849,27.75247573852539,True,0.0,0.0,0.006330561631632902,0.007910037312063679,strong_evidence_gap
assist_17,degree_matched_random_support,0.75,46,all,77261,0.7819158838967728,0.0023457564405543474,0.5553624356643051,0.0017935834116462601,0.7842616403373271,0.5535688522526588,27.663366317749023,True,0.0,0.0,0.006295107082172957,0.00886930393823362,strong_evidence_gap
assist_17,degree_matched_random_support,0.75,46,graph_hits_history,77261,0.7819158838967728,0.0023457564405543474,0.5553624356643051,0.0017935834116462601,0.7842616403373271,0.5535688522526588,27.663366317749023,True,0.0,0.0,0.006295107082172957,0.00886930393823362,strong_evidence_gap
assist_17,degree_matched_random_support,0.75,46,high_support_mass,19317,0.7967013017161311,0.0029868849030630917,0.5437596604763038,0.002565954527462666,0.7996881866191942,0.5411937059488411,27.663366317749023,True,0.0,0.0,0.00910593690094329,0.01086197412306773,strong_evidence_gap
assist_17,degree_matched_random_support,0.75,46,query_seq_top5_q4_high,19249,0.7687931740687685,0.001859582241174551,0.5512429551553261,0.0014498030387241068,0.770652756309943,0.549793152116602,27.663366317749023,True,0.0,0.0,0.008394210720835581,0.009680782680198518,strong_evidence_gap
assist_17,degree_matched_random_support,0.75,46,multi_concept,33639,0.7652573500940253,0.002079078112830479,0.5711598736886662,0.0018166926261518057,0.7673364282068558,0.5693431810625144,27.663366317749023,True,0.0,0.0,0.003986246245700098,0.005355565707132848,strong_evidence_gap
assist_17,degree_matched_random_support,0.75,46,direct_seen,73401,0.7841651645669141,0.002150815742134604,0.5519003371023025,0.0017073495175560227,0.7863159803090487,0.5501929875847464,27.663366317749023,True,0.0,0.0,0.003951228781239813,0.00618161525215114,strong_evidence_gap
assist_17,degree_matched_random_support,0.75,46,direct_unseen,3860,0.7324601205246366,0.0034188640143976157,0.6211970202626369,0.0034333901629747254,0.7358789845390342,0.6177636300996622,27.663366317749023,True,0.0,0.0,0.007596147029149436,0.010152550923022419,strong_evidence_gap
assist_17,degree_matched_random_support,0.75,46,direct_unseen_bridgeable,3860,0.7324601205246366,0.0034188640143976157,0.6211970202626369,0.0034333901629747254,0.7358789845390342,0.6177636300996622,27.663366317749023,True,0.0,0.0,0.007596147029149436,0.010152550923022419,strong_evidence_gap
assist_17,degree_matched_random_support,0.75,46,high_seq_support,19249,0.7687931740687685,0.001859582241174551,0.5512429551553261,0.0014498030387241068,0.770652756309943,0.549793152116602,27.663366317749023,True,0.0,0.0,0.008394210720835581,0.009680782680198518,strong_evidence_gap
assist_17,degree_matched_random_support,0.75,46,high_crg_mass,19317,0.7967013017161311,0.0029868849030630917,0.5437596604763038,0.002565954527462666,0.7996881866191942,0.5411937059488411,27.663366317749023,True,0.0,0.0,0.00910593690094329,0.01086197412306773,strong_evidence_gap
assist_17,degree_matched_random_support,0.75,46,short_history,38708,0.7700872022997256,0.0022575700193117054,0.5682430016620803,0.001566311636976958,0.7723447723190373,0.5666766900251033,27.663366317749023,True,0.0,0.0,0.006232257592398582,0.009918710330694613,strong_evidence_gap
assist_17,degree_matched_random_support,0.75,46,long_history,38553,0.793047190653605,0.0024178260754044167,0.542430084131561,0.0020217689187119747,0.7954650167290094,0.540408315212849,27.663366317749023,True,0.0,0.0,0.006330561631632902,0.007910037312063679,strong_evidence_gap
assist_17,degree_matched_random_support,1.0,42,all,77261,0.7816964484096507,0.002565191927676458,0.5691775193821251,0.015608667129466292,0.7842616403373271,0.5535688522526588,27.128713607788086,True,0.0,0.0,0.006295107082172957,0.00886930393823362,strong_evidence_gap
assist_17,degree_matched_random_support,1.0,42,graph_hits_history,77261,0.7816964484096507,0.002565191927676458,0.5691775193821251,0.015608667129466292,0.7842616403373271,0.5535688522526588,27.128713607788086,True,0.0,0.0,0.006295107082172957,0.00886930393823362,strong_evidence_gap
assist_17,degree_matched_random_support,1.0,42,high_support_mass,19317,0.7961195056001628,0.0035686810190314056,0.5609926821558028,0.019798976206961694,0.7996881866191942,0.5411937059488411,27.128713607788086,True,0.0,0.0,0.00910593690094329,0.01086197412306773,strong_evidence_gap
assist_17,degree_matched_random_support,1.0,42,query_seq_top5_q4_high,19249,0.7698307749694974,0.0008219813404456433,0.5643064928101883,0.01451334069358634,0.770652756309943,0.549793152116602,27.128713607788086,True,0.0,0.0,0.008394210720835581,0.009680782680198518,strong_evidence_gap
assist_17,degree_matched_random_support,1.0,42,multi_concept,33639,0.7656176877692543,0.0017187404376014515,0.5818569629819392,0.012513781919424871,0.7673364282068558,0.5693431810625144,27.128713607788086,True,0.0,0.0,0.003986246245700098,0.005355565707132848,strong_evidence_gap
assist_17,degree_matched_random_support,1.0,42,direct_seen,73401,0.7840327248916558,0.0022832554173929376,0.5639503844684104,0.013757396883663953,0.7863159803090487,0.5501929875847464,27.128713607788086,True,0.0,0.0,0.003951228781239813,0.00618161525215114,strong_evidence_gap
assist_17,degree_matched_random_support,1.0,42,direct_unseen,3860,0.7297554058844382,0.006123578654596007,0.6685756877245028,0.050812057624840645,0.7358789845390342,0.6177636300996622,27.128713607788086,True,0.0,0.0,0.007596147029149436,0.010152550923022419,strong_evidence_gap
assist_17,degree_matched_random_support,1.0,42,direct_unseen_bridgeable,3860,0.7297554058844382,0.006123578654596007,0.6685756877245028,0.050812057624840645,0.7358789845390342,0.6177636300996622,27.128713607788086,True,0.0,0.0,0.007596147029149436,0.010152550923022419,strong_evidence_gap
assist_17,degree_matched_random_support,1.0,42,high_seq_support,19249,0.7698307749694974,0.0008219813404456433,0.5643064928101883,0.01451334069358634,0.770652756309943,0.549793152116602,27.128713607788086,True,0.0,0.0,0.008394210720835581,0.009680782680198518,strong_evidence_gap
assist_17,degree_matched_random_support,1.0,42,high_crg_mass,19317,0.7961195056001628,0.0035686810190314056,0.5609926821558028,0.019798976206961694,0.7996881866191942,0.5411937059488411,27.128713607788086,True,0.0,0.0,0.00910593690094329,0.01086197412306773,strong_evidence_gap
assist_17,degree_matched_random_support,1.0,42,short_history,38708,0.7703908095421985,0.0019539627768387913,0.5817379253196922,0.015061235294588804,0.7723447723190373,0.5666766900251033,27.128713607788086,True,0.0,0.0,0.006232257592398582,0.009918710330694613,strong_evidence_gap
assist_17,degree_matched_random_support,1.0,42,long_history,38553,0.7922348307209975,0.003230186008011837,0.5565666150937082,0.01615829988085915,0.7954650167290094,0.540408315212849,27.128713607788086,True,0.0,0.0,0.006330561631632902,0.007910037312063679,strong_evidence_gap
assist_17,degree_matched_random_support,1.0,43,all,77261,0.7816762565440618,0.002585383793265339,0.5699660302503279,0.016397177997669043,0.7842616403373271,0.5535688522526588,27.108911514282227,True,0.0,0.0,0.006295107082172957,0.00886930393823362,strong_evidence_gap
assist_17,degree_matched_random_support,1.0,43,graph_hits_history,77261,0.7816762565440618,0.002585383793265339,0.5699660302503279,0.016397177997669043,0.7842616403373271,0.5535688522526588,27.108911514282227,True,0.0,0.0,0.006295107082172957,0.00886930393823362,strong_evidence_gap
assist_17,degree_matched_random_support,1.0,43,high_support_mass,19317,0.7966928677687488,0.00299531885044535,0.5612033179211829,0.020009611972341856,0.7996881866191942,0.5411937059488411,27.108911514282227,True,0.0,0.0,0.00910593690094329,0.01086197412306773,strong_evidence_gap
assist_17,degree_matched_random_support,1.0,43,query_seq_top5_q4_high,19249,0.7693826969118213,0.0012700593981217478,0.5676053887722841,0.0178122366556821,0.770652756309943,0.549793152116602,27.108911514282227,True,0.0,0.0,0.008394210720835581,0.009680782680198518,strong_evidence_gap
assist_17,degree_matched_random_support,1.0,43,multi_concept,33639,0.7657210941868775,0.001615334019978265,0.5827467785754805,0.013403597512966159,0.7673364282068558,0.5693431810625144,27.108911514282227,True,0.0,0.0,0.003986246245700098,0.005355565707132848,strong_evidence_gap
assist_17,degree_matched_random_support,1.0,43,direct_seen,73401,0.7840245159412189,0.0022914643678297875,0.5646122792842607,0.01441929169951428,0.7863159803090487,0.5501929875847464,27.108911514282227,True,0.0,0.0,0.003951228781239813,0.00618161525215114,strong_evidence_gap
assist_17,degree_matched_random_support,1.0,43,direct_unseen,3860,0.7291849589616339,0.006694025577400287,0.6717719045146515,0.05400827441498934,0.7358789845390342,0.6177636300996622,27.108911514282227,True,0.0,0.0,0.007596147029149436,0.010152550923022419,strong_evidence_gap
assist_17,degree_matched_random_support,1.0,43,direct_unseen_bridgeable,3860,0.7291849589616339,0.006694025577400287,0.6717719045146515,0.05400827441498934,0.7358789845390342,0.6177636300996622,27.108911514282227,True,0.0,0.0,0.007596147029149436,0.010152550923022419,strong_evidence_gap
assist_17,degree_matched_random_support,1.0,43,high_seq_support,19249,0.7693826969118213,0.0012700593981217478,0.5676053887722841,0.0178122366556821,0.770652756309943,0.549793152116602,27.108911514282227,True,0.0,0.0,0.008394210720835581,0.009680782680198518,strong_evidence_gap
assist_17,degree_matched_random_support,1.0,43,high_crg_mass,19317,0.7966928677687488,0.00299531885044535,0.5612033179211829,0.020009611972341856,0.7996881866191942,0.5411937059488411,27.108911514282227,True,0.0,0.0,0.00910593690094329,0.01086197412306773,strong_evidence_gap
assist_17,degree_matched_random_support,1.0,43,short_history,38708,0.7700032779190561,0.0023414943999812143,0.5826405770283337,0.01596388700323037,0.7723447723190373,0.5666766900251033,27.108911514282227,True,0.0,0.0,0.006232257592398582,0.009918710330694613,strong_evidence_gap
assist_17,degree_matched_random_support,1.0,43,long_history,38553,0.7926048033746604,0.0028602133543489394,0.5572405262251404,0.016832211012291376,0.7954650167290094,0.540408315212849,27.108911514282227,True,0.0,0.0,0.006330561631632902,0.007910037312063679,strong_evidence_gap
assist_17,degree_matched_random_support,1.0,44,all,77261,0.7821035302594763,0.0021581100778508278,0.5731593172540496,0.019590465001390722,0.7842616403373271,0.5535688522526588,27.20792007446289,True,0.0,0.0,0.006295107082172957,0.00886930393823362,strong_evidence_gap
assist_17,degree_matched_random_support,1.0,44,graph_hits_history,77261,0.7821035302594763,0.0021581100778508278,0.5731593172540496,0.019590465001390722,0.7842616403373271,0.5535688522526588,27.20792007446289,True,0.0,0.0,0.006295107082172957,0.00886930393823362,strong_evidence_gap
assist_17,degree_matched_random_support,1.0,44,high_support_mass,19317,0.7967841624053476,0.002904024213846612,0.562650220605235,0.021456514656393866,0.7996881866191942,0.5411937059488411,27.20792007446289,True,0.0,0.0,0.00910593690094329,0.01086197412306773,strong_evidence_gap
assist_17,degree_matched_random_support,1.0,44,query_seq_top5_q4_high,19249,0.7700197814642056,0.0006329748457374329,0.5624442593681509,0.012651107251548943,0.770652756309943,0.549793152116602,27.20792007446289,True,0.0,0.0,0.008394210720835581,0.009680782680198518,strong_evidence_gap
assist_17,degree_matched_random_support,1.0,44,multi_concept,33639,0.7662308042740935,0.0011056239327622563,0.5833674138469297,0.014024232784415336,0.7673364282068558,0.5693431810625144,27.20792007446289,True,0.0,0.0,0.003986246245700098,0.005355565707132848,strong_evidence_gap
assist_17,degree_matched_random_support,1.0,44,direct_seen,73401,0.7840217254124535,0.0022942548965951826,0.5683060284757836,0.018113040891037158,0.7863159803090487,0.5501929875847464,27.20792007446289,True,0.0,0.0,0.003951228781239813,0.00618161525215114,strong_evidence_gap
assist_17,degree_matched_random_support,1.0,44,direct_unseen,3860,0.7315707741390124,0.004308210400021828,0.665448501091742,0.04768487099207985,0.7358789845390342,0.6177636300996622,27.20792007446289,True,0.0,0.0,0.007596147029149436,0.010152550923022419,strong_evidence_gap
assist_17,degree_matched_random_support,1.0,44,direct_unseen_bridgeable,3860,0.7315707741390124,0.004308210400021828,0.665448501091742,0.04768487099207985,0.7358789845390342,0.6177636300996622,27.20792007446289,True,0.0,0.0,0.007596147029149436,0.010152550923022419,strong_evidence_gap
assist_17,degree_matched_random_support,1.0,44,high_seq_support,19249,0.7700197814642056,0.0006329748457374329,0.5624442593681509,0.012651107251548943,0.770652756309943,0.549793152116602,27.20792007446289,True,0.0,0.0,0.008394210720835581,0.009680782680198518,strong_evidence_gap
assist_17,degree_matched_random_support,1.0,44,high_crg_mass,19317,0.7967841624053476,0.002904024213846612,0.562650220605235,0.021456514656393866,0.7996881866191942,0.5411937059488411,27.20792007446289,True,0.0,0.0,0.00910593690094329,0.01086197412306773,strong_evidence_gap
assist_17,degree_matched_random_support,1.0,44,short_history,38708,0.7709630621636573,0.0013817101553800226,0.5867179924042775,0.02004130237917412,0.7723447723190373,0.5666766900251033,27.20792007446289,True,0.0,0.0,0.006232257592398582,0.009918710330694613,strong_evidence_gap
assist_17,degree_matched_random_support,1.0,44,long_history,38553,0.7925559979388614,0.0029090187901479325,0.5595461302721019,0.019137815059252827,0.7954650167290094,0.540408315212849,27.20792007446289,True,0.0,0.0,0.006330561631632902,0.007910037312063679,strong_evidence_gap
assist_17,degree_matched_random_support,1.0,45,all,77261,0.7807988425534926,0.0034627977838345148,0.5721302876862031,0.01856143543354427,0.7842616403373271,0.5535688522526588,27.02970314025879,True,0.0,0.0,0.006295107082172957,0.00886930393823362,strong_evidence_gap
assist_17,degree_matched_random_support,1.0,45,graph_hits_history,77261,0.7807988425534926,0.0034627977838345148,0.5721302876862031,0.01856143543354427,0.7842616403373271,0.5535688522526588,27.02970314025879,True,0.0,0.0,0.006295107082172957,0.00886930393823362,strong_evidence_gap
assist_17,degree_matched_random_support,1.0,45,high_support_mass,19317,0.7956775602571685,0.004010626362025649,0.5636220334136769,0.022428327464835807,0.7996881866191942,0.5411937059488411,27.02970314025879,True,0.0,0.0,0.00910593690094329,0.01086197412306773,strong_evidence_gap
assist_17,degree_matched_random_support,1.0,45,query_seq_top5_q4_high,19249,0.7686413435574146,0.002011412752528363,0.5664332744954794,0.016640122378877464,0.770652756309943,0.549793152116602,27.02970314025879,True,0.0,0.0,0.008394210720835581,0.009680782680198518,strong_evidence_gap
assist_17,degree_matched_random_support,1.0,45,multi_concept,33639,0.7648730465665242,0.0024633816403315523,0.5845359472811735,0.01519276621865917,0.7673364282068558,0.5693431810625144,27.02970314025879,True,0.0,0.0,0.003986246245700098,0.005355565707132848,strong_evidence_gap
assist_17,degree_matched_random_support,1.0,45,direct_seen,73401,0.7829756549701579,0.003340325338890837,0.5670226187596418,0.016829631174895332,0.7863159803090487,0.5501929875847464,27.02970314025879,True,0.0,0.0,0.003951228781239813,0.00618161525215114,strong_evidence_gap
assist_17,degree_matched_random_support,1.0,45,direct_unseen,3860,0.7287954353338968,0.007083549205137429,0.6692567143386714,0.051493084239009224,0.7358789845390342,0.6177636300996622,27.02970314025879,True,0.0,0.0,0.007596147029149436,0.010152550923022419,strong_evidence_gap
assist_17,degree_matched_random_support,1.0,45,direct_unseen_bridgeable,3860,0.7287954353338968,0.007083549205137429,0.6692567143386714,0.051493084239009224,0.7358789845390342,0.6177636300996622,27.02970314025879,True,0.0,0.0,0.007596147029149436,0.010152550923022419,strong_evidence_gap
assist_17,degree_matched_random_support,1.0,45,high_seq_support,19249,0.7686413435574146,0.002011412752528363,0.5664332744954794,0.016640122378877464,0.770652756309943,0.549793152116602,27.02970314025879,True,0.0,0.0,0.008394210720835581,0.009680782680198518,strong_evidence_gap
assist_17,degree_matched_random_support,1.0,45,high_crg_mass,19317,0.7956775602571685,0.004010626362025649,0.5636220334136769,0.022428327464835807,0.7996881866191942,0.5411937059488411,27.02970314025879,True,0.0,0.0,0.00910593690094329,0.01086197412306773,strong_evidence_gap
assist_17,degree_matched_random_support,1.0,45,short_history,38708,0.7690861980275108,0.003258574291526539,0.5846012559413676,0.017924565916264235,0.7723447723190373,0.5666766900251033,27.02970314025879,True,0.0,0.0,0.006232257592398582,0.009918710330694613,strong_evidence_gap
assist_17,degree_matched_random_support,1.0,45,long_history,38553,0.7917278733333909,0.0037371433956184807,0.5596091806589704,0.019200865446121318,0.7954650167290094,0.540408315212849,27.02970314025879,True,0.0,0.0,0.006330561631632902,0.007910037312063679,strong_evidence_gap
assist_17,degree_matched_random_support,1.0,46,all,77261,0.7793430455145376,0.004918594822789557,0.5705859087479191,0.017017056495260308,0.7842616403373271,0.5535688522526588,27.069307327270508,True,0.0,0.0,0.006295107082172957,0.00886930393823362,strong_evidence_gap
assist_17,degree_matched_random_support,1.0,46,graph_hits_history,77261,0.7793430455145376,0.004918594822789557,0.5705859087479191,0.017017056495260308,0.7842616403373271,0.5535688522526588,27.069307327270508,True,0.0,0.0,0.006295107082172957,0.00886930393823362,strong_evidence_gap
assist_17,degree_matched_random_support,1.0,46,high_support_mass,19317,0.7949458218820515,0.004742364737142624,0.5622778938873734,0.021084187938532284,0.7996881866191942,0.5411937059488411,27.069307327270508,True,0.0,0.0,0.00910593690094329,0.01086197412306773,strong_evidence_gap
assist_17,degree_matched_random_support,1.0,46,query_seq_top5_q4_high,19249,0.7698424753443323,0.0008102809656107546,0.5675997288011885,0.017806576684586517,0.770652756309943,0.549793152116602,27.069307327270508,True,0.0,0.0,0.008394210720835581,0.009680782680198518,strong_evidence_gap
assist_17,degree_matched_random_support,1.0,46,multi_concept,33639,0.7648035657192075,0.0025328624876482797,0.5830126807791782,0.013669499716663869,0.7673364282068558,0.5693431810625144,27.069307327270508,True,0.0,0.0,0.003986246245700098,0.005355565707132848,strong_evidence_gap
assist_17,degree_matched_random_support,1.0,46,direct_seen,73401,0.78167105780965,0.00464492249939874,0.5652911683518627,0.01509818076711622,0.7863159803090487,0.5501929875847464,27.069307327270508,True,0.0,0.0,0.003951228781239813,0.00618161525215114,strong_evidence_gap
assist_17,degree_matched_random_support,1.0,46,direct_unseen,3860,0.7297709486543233,0.006108035884710872,0.6712696496315818,0.05350601953191958,0.7358789845390342,0.6177636300996622,27.069307327270508,True,0.0,0.0,0.007596147029149436,0.010152550923022419,strong_evidence_gap
assist_17,degree_matched_random_support,1.0,46,direct_unseen_bridgeable,3860,0.7297709486543233,0.006108035884710872,0.6712696496315818,0.05350601953191958,0.7358789845390342,0.6177636300996622,27.069307327270508,True,0.0,0.0,0.007596147029149436,0.010152550923022419,strong_evidence_gap
assist_17,degree_matched_random_support,1.0,46,high_seq_support,19249,0.7698424753443323,0.0008102809656107546,0.5675997288011885,0.017806576684586517,0.770652756309943,0.549793152116602,27.069307327270508,True,0.0,0.0,0.008394210720835581,0.009680782680198518,strong_evidence_gap
assist_17,degree_matched_random_support,1.0,46,high_crg_mass,19317,0.7949458218820515,0.004742364737142624,0.5622778938873734,0.021084187938532284,0.7996881866191942,0.5411937059488411,27.069307327270508,True,0.0,0.0,0.00910593690094329,0.01086197412306773,strong_evidence_gap
assist_17,degree_matched_random_support,1.0,46,short_history,38708,0.7670119604005159,0.0053328119185214184,0.5828896015594197,0.016212911534316365,0.7723447723190373,0.5666766900251033,27.069307327270508,True,0.0,0.0,0.006232257592398582,0.009918710330694613,strong_evidence_gap
assist_17,degree_matched_random_support,1.0,46,long_history,38553,0.7909418442414563,0.004523172487553073,0.5582327496851339,0.017824434472284878,0.7954650167290094,0.540408315212849,27.069307327270508,True,0.0,0.0,0.006330561631632902,0.007910037312063679,strong_evidence_gap
assist_17,sequence_shuffled_support,0.0,42,all,77261,0.7842616403373271,0.0,0.5535688522526588,0.0,0.7842616403373271,0.5535688522526588,25.8217830657959,True,0.0,1.5717427359618341e-12,0.006295107082172957,0.00886930393823362,strong_evidence_gap
assist_17,sequence_shuffled_support,0.0,42,graph_hits_history,77261,0.7842616403373271,0.0,0.5535688522526588,0.0,0.7842616403373271,0.5535688522526588,25.8217830657959,True,0.0,1.5717427359618341e-12,0.006295107082172957,0.00886930393823362,strong_evidence_gap
assist_17,sequence_shuffled_support,0.0,42,high_support_mass,19317,0.7996881866191942,0.0,0.5411937059488411,0.0,0.7996881866191942,0.5411937059488411,25.8217830657959,True,0.0,0.0,0.00910593690094329,0.01086197412306773,strong_evidence_gap
assist_17,sequence_shuffled_support,0.0,42,query_seq_top5_q4_high,19249,0.770652756309943,0.0,0.549793152116602,0.0,0.770652756309943,0.549793152116602,25.8217830657959,True,0.0,0.0,0.008394210720835581,0.009680782680198518,strong_evidence_gap
assist_17,sequence_shuffled_support,0.0,42,multi_concept,33639,0.7673364282068558,0.0,0.5693431810625144,0.0,0.7673364282068558,0.5693431810625144,25.8217830657959,True,0.0,3.6096681199637715e-12,0.003986246245700098,0.005355565707132848,strong_evidence_gap
assist_17,sequence_shuffled_support,0.0,42,direct_seen,73401,0.7863159803090487,0.0,0.5501929875847464,0.0,0.7863159803090487,0.5501929875847464,25.8217830657959,True,0.0,1.6543433289939458e-12,0.003951228781239813,0.00618161525215114,strong_evidence_gap
assist_17,sequence_shuffled_support,0.0,42,direct_unseen,3860,0.7358789845390342,0.0,0.6177636300996622,0.0,0.7358789845390342,0.6177636300996622,25.8217830657959,True,0.0,0.0,0.007596147029149436,0.010152550923022419,strong_evidence_gap
assist_17,sequence_shuffled_support,0.0,42,direct_unseen_bridgeable,3860,0.7358789845390342,0.0,0.6177636300996622,0.0,0.7358789845390342,0.6177636300996622,25.8217830657959,True,0.0,0.0,0.007596147029149436,0.010152550923022419,strong_evidence_gap
assist_17,sequence_shuffled_support,0.0,42,high_seq_support,19249,0.770652756309943,0.0,0.549793152116602,0.0,0.770652756309943,0.549793152116602,25.8217830657959,True,0.0,0.0,0.008394210720835581,0.009680782680198518,strong_evidence_gap
assist_17,sequence_shuffled_support,0.0,42,high_crg_mass,19317,0.7996881866191942,0.0,0.5411937059488411,0.0,0.7996881866191942,0.5411937059488411,25.8217830657959,True,0.0,0.0,0.00910593690094329,0.01086197412306773,strong_evidence_gap
assist_17,sequence_shuffled_support,0.0,42,short_history,38708,0.7723447723190373,0.0,0.5666766900251033,0.0,0.7723447723190373,0.5666766900251033,25.8217830657959,True,0.0,0.0,0.006232257592398582,0.009918710330694613,strong_evidence_gap
assist_17,sequence_shuffled_support,0.0,42,long_history,38553,0.7954650167290094,0.0,0.540408315212849,0.0,0.7954650167290094,0.540408315212849,25.8217830657959,True,0.0,3.1495916985591066e-12,0.006330561631632902,0.007910037312063679,strong_evidence_gap
assist_17,sequence_shuffled_support,0.25,42,all,77261,0.7841967744113896,6.48659259375739e-05,0.5536230245363805,5.417228372162075e-05,0.7842616403373271,0.5535688522526588,26.415842056274414,True,-0.00010060551442192534,-4.4709412438503904e-05,0.006295107082172957,0.00886930393823362,strong_evidence_gap
assist_17,sequence_shuffled_support,0.25,42,graph_hits_history,77261,0.7841967744113896,6.48659259375739e-05,0.5536230245363805,5.417228372162075e-05,0.7842616403373271,0.5535688522526588,26.415842056274414,True,-0.00010060551442192534,-4.4709412438503904e-05,0.006295107082172957,0.00886930393823362,strong_evidence_gap
assist_17,sequence_shuffled_support,0.25,42,high_support_mass,19317,0.7996152874131098,7.289920608433142e-05,0.5412710725292073,7.736658036616717e-05,0.7996881866191942,0.5411937059488411,26.415842056274414,True,3.585917255577442e-06,-6.706060170325046e-05,0.00910593690094329,0.01086197412306773,strong_evidence_gap
assist_17,sequence_shuffled_support,0.25,42,query_seq_top5_q4_high,19249,0.7706435194727503,9.236837192672098e-06,0.5498289942020882,3.584208548623735e-05,0.770652756309943,0.549793152116602,26.415842056274414,True,-0.0001619418758300739,2.1727075175670407e-06,0.008394210720835581,0.009680782680198518,strong_evidence_gap
assist_17,sequence_shuffled_support,0.25,42,multi_concept,33639,0.7673500947439964,-1.366653714063304e-05,0.5693344505277989,-8.730534715506444e-06,0.7673364282068558,0.5693431810625144,26.415842056274414,True,-0.00015773656270878789,-0.00019545915072771702,0.003986246245700098,0.005355565707132848,strong_evidence_gap
assist_17,sequence_shuffled_support,0.25,42,direct_seen,73401,0.7863043416330976,1.1638675951108901e-05,0.5501945358351752,1.5482504287511745e-06,0.7863159803090487,0.5501929875847464,26.415842056274414,True,-0.0001369382587681489,-0.00011113668544582289,0.003951228781239813,0.00618161525215114,strong_evidence_gap
assist_17,sequence_shuffled_support,0.25,42,direct_unseen,3860,0.734994819076705,0.0008841654623291673,0.6188184906392743,0.0010548605396121236,0.7358789845390342,0.6177636300996622,26.415842056274414,True,-0.0010963106372536835,0.0012184585321232122,0.007596147029149436,0.010152550923022419,strong_evidence_gap
assist_17,sequence_shuffled_support,0.25,42,direct_unseen_bridgeable,3860,0.734994819076705,0.0008841654623291673,0.6188184906392743,0.0010548605396121236,0.7358789845390342,0.6177636300996622,26.415842056274414,True,-0.0010963106372536835,0.0012184585321232122,0.007596147029149436,0.010152550923022419,strong_evidence_gap
assist_17,sequence_shuffled_support,0.25,42,high_seq_support,19249,0.7706435194727503,9.236837192672098e-06,0.5498289942020882,3.584208548623735e-05,0.770652756309943,0.549793152116602,26.415842056274414,True,-0.0001619418758300739,2.1727075175670407e-06,0.008394210720835581,0.009680782680198518,strong_evidence_gap
assist_17,sequence_shuffled_support,0.25,42,high_crg_mass,19317,0.7996152874131098,7.289920608433142e-05,0.5412710725292073,7.736658036616717e-05,0.7996881866191942,0.5411937059488411,26.415842056274414,True,3.585917255577442e-06,-6.706060170325046e-05,0.00910593690094329,0.01086197412306773,strong_evidence_gap
assist_17,sequence_shuffled_support,0.25,42,short_history,38708,0.7722738078116449,7.096450739241256e-05,0.5667462860494681,6.959602436473755e-05,0.7723447723190373,0.5666766900251033,26.415842056274414,True,0.00015525019525419737,0.0002164536662710992,0.006232257592398582,0.009918710330694613,strong_evidence_gap
assist_17,sequence_shuffled_support,0.25,42,long_history,38553,0.7954119520947583,5.306463425103214e-05,0.540447001745713,3.868653286398516e-05,0.7954650167290094,0.540408315212849,26.415842056274414,True,-0.0003296388557282315,-0.0003069224814785665,0.006330561631632902,0.007910037312063679,strong_evidence_gap
assist_17,sequence_shuffled_support,0.25,43,all,77261,0.7842132570184781,4.8383318849043455e-05,0.5536006774673347,3.1825214675818e-05,0.7842616403373271,0.5535688522526588,26.386138916015625,True,-0.000480368877814108,-0.00035582650325138854,0.006295107082172957,0.00886930393823362,strong_evidence_gap
assist_17,sequence_shuffled_support,0.25,43,graph_hits_history,77261,0.7842132570184781,4.8383318849043455e-05,0.5536006774673347,3.1825214675818e-05,0.7842616403373271,0.5535688522526588,26.386138916015625,True,-0.000480368877814108,-0.00035582650325138854,0.006295107082172957,0.00886930393823362,strong_evidence_gap
assist_17,sequence_shuffled_support,0.25,43,high_support_mass,19317,0.7996278922914393,6.029432775489507e-05,0.5412447840081582,5.1078059317144486e-05,0.7996881866191942,0.5411937059488411,26.386138916015625,True,-0.00035959383236094933,-0.00036316974417360814,0.00910593690094329,0.01086197412306773,strong_evidence_gap
assist_17,sequence_shuffled_support,0.25,43,query_seq_top5_q4_high,19249,0.7706759798678104,-2.3223557867435574e-05,0.5497770691885224,-1.608292807953049e-05,0.770652756309943,0.549793152116602,26.386138916015625,True,-0.0010727134569630259,-0.0008670886034957137,0.008394210720835581,0.009680782680198518,strong_evidence_gap
assist_17,sequence_shuffled_support,0.25,43,multi_concept,33639,0.7673321877351689,4.240471686900449e-06,0.5693468183187897,3.637256275390577e-06,0.7673364282068558,0.5693431810625144,26.386138916015625,True,-0.00011303372580107052,-0.0002149565721887292,0.003986246245700098,0.005355565707132848,strong_evidence_gap
assist_17,sequence_shuffled_support,0.25,43,direct_seen,73401,0.7862948002032841,2.1180105764573298e-05,0.5502024810735732,9.493488826728402e-06,0.7863159803090487,0.5501929875847464,26.386138916015625,True,-0.0004523281466968232,-0.0003552835700798562,0.003951228781239813,0.00618161525215114,strong_evidence_gap
assist_17,sequence_shuffled_support,0.25,43,direct_unseen,3860,0.7353990674338069,0.0004799171052273232,0.6182201110161631,0.00045648091650096756,0.7358789845390342,0.6177636300996622,26.386138916015625,True,-0.001256782919313859,-0.0003661508135447411,0.007596147029149436,0.010152550923022419,strong_evidence_gap
assist_17,sequence_shuffled_support,0.25,43,direct_unseen_bridgeable,3860,0.7353990674338069,0.0004799171052273232,0.6182201110161631,0.00045648091650096756,0.7358789845390342,0.6177636300996622,26.386138916015625,True,-0.001256782919313859,-0.0003661508135447411,0.007596147029149436,0.010152550923022419,strong_evidence_gap
assist_17,sequence_shuffled_support,0.25,43,high_seq_support,19249,0.7706759798678104,-2.3223557867435574e-05,0.5497770691885224,-1.608292807953049e-05,0.770652756309943,0.549793152116602,26.386138916015625,True,-0.0010727134569630259,-0.0008670886034957137,0.008394210720835581,0.009680782680198518,strong_evidence_gap
assist_17,sequence_shuffled_support,0.25,43,high_crg_mass,19317,0.7996278922914393,6.029432775489507e-05,0.5412447840081582,5.1078059317144486e-05,0.7996881866191942,0.5411937059488411,26.386138916015625,True,-0.00035959383236094933,-0.00036316974417360814,0.00910593690094329,0.01086197412306773,strong_evidence_gap
assist_17,sequence_shuffled_support,0.25,43,short_history,38708,0.7722964407412793,4.833157775796515e-05,0.5667078730486887,3.118302358540159e-05,0.7723447723190373,0.5666766900251033,26.386138916015625,True,-0.0006004777236050529,-0.0003611852765329493,0.006232257592398582,0.009918710330694613,strong_evidence_gap
assist_17,sequence_shuffled_support,0.25,43,long_history,38553,0.7954213699155526,4.364681345681021e-05,0.5404407852005056,3.2469987656602584e-05,0.7954650167290094,0.540408315212849,26.386138916015625,True,-0.0003508564578333928,-0.0003504461853466312,0.006330561631632902,0.007910037312063679,strong_evidence_gap
assist_17,sequence_shuffled_support,0.25,44,all,77261,0.7842532644825826,8.37585474455782e-06,0.5535740464631352,5.1942104764002295e-06,0.7842616403373271,0.5535688522526588,26.49505043029785,True,-0.00030224724318883567,-0.0002708126371228081,0.006295107082172957,0.00886930393823362,strong_evidence_gap
assist_17,sequence_shuffled_support,0.25,44,graph_hits_history,77261,0.7842532644825826,8.37585474455782e-06,0.5535740464631352,5.1942104764002295e-06,0.7842616403373271,0.5535688522526588,26.49505043029785,True,-0.00030224724318883567,-0.0002708126371228081,0.006295107082172957,0.00886930393823362,strong_evidence_gap
assist_17,sequence_shuffled_support,0.25,44,high_support_mass,19317,0.7996622997633556,2.5886855838597178e-05,0.5412145103374142,2.0804388573103516e-05,0.7996881866191942,0.5411937059488411,26.49505043029785,True,-0.00029067596945342444,-0.0003470784368042601,0.00910593690094329,0.01086197412306773,strong_evidence_gap
assist_17,sequence_shuffled_support,0.25,44,query_seq_top5_q4_high,19249,0.7706562487032133,-3.4923932702435323e-06,0.549787201140394,-5.950976207924619e-06,0.770652756309943,0.549793152116602,26.49505043029785,True,-0.0007294700719044922,-0.0005122101970410631,0.008394210720835581,0.009680782680198518,strong_evidence_gap
assist_17,sequence_shuffled_support,0.25,44,multi_concept,33639,0.767334780532052,1.647674803817445e-06,0.5693485499422835,5.368879769096502e-06,0.7673364282068558,0.5693431810625144,26.49505043029785,True,-0.0001541609107355013,-0.00015263794405506736,0.003986246245700098,0.005355565707132848,strong_evidence_gap
assist_17,sequence_shuffled_support,0.25,44,direct_seen,73401,0.7863183105405103,-2.3302314615669673e-06,0.5501906176437693,-2.3699409771316127e-06,0.7863159803090487,0.5501929875847464,26.49505043029785,True,-0.0003340457338693037,-0.0002882334663213415,0.003951228781239813,0.00618161525215114,strong_evidence_gap
assist_17,sequence_shuffled_support,0.25,44,direct_unseen,3860,0.7357078777302102,0.00017110680882403972,0.6179126627248649,0.00014903262520271632,0.7358789845390342,0.6177636300996622,26.49505043029785,True,-0.0009801488833747207,6.04584209094039e-05,0.007596147029149436,0.010152550923022419,strong_evidence_gap
assist_17,sequence_shuffled_support,0.25,44,direct_unseen_bridgeable,3860,0.7357078777302102,0.00017110680882403972,0.6179126627248649,0.00014903262520271632,0.7358789845390342,0.6177636300996622,26.49505043029785,True,-0.0009801488833747207,6.04584209094039e-05,0.007596147029149436,0.010152550923022419,strong_evidence_gap
assist_17,sequence_shuffled_support,0.25,44,high_seq_support,19249,0.7706562487032133,-3.4923932702435323e-06,0.549787201140394,-5.950976207924619e-06,0.770652756309943,0.549793152116602,26.49505043029785,True,-0.0007294700719044922,-0.0005122101970410631,0.008394210720835581,0.009680782680198518,strong_evidence_gap
assist_17,sequence_shuffled_support,0.25,44,high_crg_mass,19317,0.7996622997633556,2.5886855838597178e-05,0.5412145103374142,2.0804388573103516e-05,0.7996881866191942,0.5411937059488411,26.49505043029785,True,-0.00029067596945342444,-0.0003470784368042601,0.00910593690094329,0.01086197412306773,strong_evidence_gap
assist_17,sequence_shuffled_support,0.25,44,short_history,38708,0.7723392502509063,5.522068130980884e-06,0.5666753484027313,-1.3416223720863485e-06,0.7723447723190373,0.5666766900251033,26.49505043029785,True,-0.00046624670907124965,-0.00043111165238063354,0.006232257592398582,0.009918710330694613,strong_evidence_gap
assist_17,sequence_shuffled_support,0.25,44,long_history,38553,0.795456254910043,8.761818966362966e-06,0.5404200715330939,1.1756320244860063e-05,0.7954650167290094,0.540408315212849,26.49505043029785,True,-0.00011099358394450753,-0.0001098691493892634,0.006330561631632902,0.007910037312063679,strong_evidence_gap
assist_17,sequence_shuffled_support,0.25,45,all,77261,0.7842365212782261,2.511905910107526e-05,0.5535879844200374,1.913216737858825e-05,0.7842616403373271,0.5535688522526588,26.465347290039062,True,-0.00038848350591080827,-0.0003953238475103982,0.006295107082172957,0.00886930393823362,strong_evidence_gap
assist_17,sequence_shuffled_support,0.25,45,graph_hits_history,77261,0.7842365212782261,2.511905910107526e-05,0.5535879844200374,1.913216737858825e-05,0.7842616403373271,0.5535688522526588,26.465347290039062,True,-0.00038848350591080827,-0.0003953238475103982,0.006295107082172957,0.00886930393823362,strong_evidence_gap
assist_17,sequence_shuffled_support,0.25,45,high_support_mass,19317,0.7996575925698581,3.059404933603016e-05,0.541224422433084,3.0716484242909736e-05,0.7996881866191942,0.5411937059488411,26.465347290039062,True,-0.00014098288280273152,-0.00012658287447775418,0.00910593690094329,0.01086197412306773,strong_evidence_gap
assist_17,sequence_shuffled_support,0.25,45,query_seq_top5_q4_high,19249,0.7706581806654478,-5.4243555047683856e-06,0.5497909326601634,-2.219456438523615e-06,0.770652756309943,0.549793152116602,26.465347290039062,True,-0.00024134095098038433,-7.54500164801275e-05,0.008394210720835581,0.009680782680198518,strong_evidence_gap
assist_17,sequence_shuffled_support,0.25,45,multi_concept,33639,0.7673300387503648,6.389456491007195e-06,0.569349267702884,6.086640369606933e-06,0.7673364282068558,0.5693431810625144,26.465347290039062,True,-0.00027623618464234223,-0.0003679704191731359,0.003986246245700098,0.005355565707132848,strong_evidence_gap
assist_17,sequence_shuffled_support,0.25,45,direct_seen,73401,0.7863045477645936,1.1432544455125537e-05,0.5501982593537026,5.2717689561498915e-06,0.7863159803090487,0.5501929875847464,26.465347290039062,True,-0.00043194117441314184,-0.0004255082527471199,0.003951228781239813,0.00618161525215114,strong_evidence_gap
assist_17,sequence_shuffled_support,0.25,45,direct_unseen,3860,0.7357258746216562,0.00015310991737804702,0.6180463288744523,0.0002826987747901466,0.7358789845390342,0.6177636300996622,26.465347290039062,True,-0.0005422245248547508,0.00017865685942974885,0.007596147029149436,0.010152550923022419,strong_evidence_gap
assist_17,sequence_shuffled_support,0.25,45,direct_unseen_bridgeable,3860,0.7357258746216562,0.00015310991737804702,0.6180463288744523,0.0002826987747901466,0.7358789845390342,0.6177636300996622,26.465347290039062,True,-0.0005422245248547508,0.00017865685942974885,0.007596147029149436,0.010152550923022419,strong_evidence_gap
assist_17,sequence_shuffled_support,0.25,45,high_seq_support,19249,0.7706581806654478,-5.4243555047683856e-06,0.5497909326601634,-2.219456438523615e-06,0.770652756309943,0.549793152116602,26.465347290039062,True,-0.00024134095098038433,-7.54500164801275e-05,0.008394210720835581,0.009680782680198518,strong_evidence_gap
assist_17,sequence_shuffled_support,0.25,45,high_crg_mass,19317,0.7996575925698581,3.059404933603016e-05,0.541224422433084,3.0716484242909736e-05,0.7996881866191942,0.5411937059488411,26.465347290039062,True,-0.00014098288280273152,-0.00012658287447775418,0.00910593690094329,0.01086197412306773,strong_evidence_gap
assist_17,sequence_shuffled_support,0.25,45,short_history,38708,0.7722970393248366,4.773299420068877e-05,0.566704182046547,2.7492021443698e-05,0.7723447723190373,0.5666766900251033,26.465347290039062,True,-0.0004361058699099418,-0.0004212863543918699,0.006232257592398582,0.009918710330694613,strong_evidence_gap
assist_17,sequence_shuffled_support,0.25,45,long_history,38553,0.7954597879681068,5.228760902586949e-06,0.5404190539158759,1.0738703026813567e-05,0.7954650167290094,0.540408315212849,26.465347290039062,True,-0.0003325970526509847,-0.0003692569599436091,0.006330561631632902,0.007910037312063679,strong_evidence_gap
assist_17,sequence_shuffled_support,0.25,46,all,77261,0.7842479181561282,1.3722181198994043e-05,0.5535816332099444,1.2780957285518646e-05,0.7842616403373271,0.5535688522526588,26.356435775756836,True,-3.73593059677102e-05,5.062051625481789e-05,0.006295107082172957,0.00886930393823362,strong_evidence_gap
assist_17,sequence_shuffled_support,0.25,46,graph_hits_history,77261,0.7842479181561282,1.3722181198994043e-05,0.5535816332099444,1.2780957285518646e-05,0.7842616403373271,0.5535688522526588,26.356435775756836,True,-3.73593059677102e-05,5.062051625481789e-05,0.006295107082172957,0.00886930393823362,strong_evidence_gap
assist_17,sequence_shuffled_support,0.25,46,high_support_mass,19317,0.7996538983167336,3.4288302460550035e-05,0.5412285376862196,3.4831737378504535e-05,0.7996881866191942,0.5411937059488411,26.356435775756836,True,5.138911934321477e-05,7.887434440956298e-05,0.00910593690094329,0.01086197412306773,strong_evidence_gap
assist_17,sequence_shuffled_support,0.25,46,query_seq_top5_q4_high,19249,0.7706352257532167,1.7530556726264024e-05,0.5498164247243819,2.327260777990059e-05,0.770652756309943,0.549793152116602,26.356435775756836,True,9.339151168941129e-05,0.00017510446052604323,0.008394210720835581,0.009680782680198518,strong_evidence_gap
assist_17,sequence_shuffled_support,0.25,46,multi_concept,33639,0.767333952202625,2.4760042307558905e-06,0.5693474744182365,4.293355722162495e-06,0.7673364282068558,0.5693431810625144,26.356435775756836,True,-4.4922047732542936e-05,-9.946607034128085e-05,0.003986246245700098,0.005355565707132848,strong_evidence_gap
assist_17,sequence_shuffled_support,0.25,46,direct_seen,73401,0.7863170181527641,-1.0378437154123787e-06,0.5501915836259437,-1.4039588027703331e-06,0.7863159803090487,0.5501929875847464,26.356435775756836,True,-3.3497313649100136e-05,1.3956070126885933e-05,0.003951228781239813,0.00618161525215114,strong_evidence_gap
assist_17,sequence_shuffled_support,0.25,46,direct_unseen,3860,0.7356395713467674,0.00023941319226683522,0.6180461486283948,0.0002825185287326226,0.7358789845390342,0.6177636300996622,26.356435775756836,True,-0.0007944536852724227,0.0007478244049162752,0.007596147029149436,0.010152550923022419,strong_evidence_gap
assist_17,sequence_shuffled_support,0.25,46,direct_unseen_bridgeable,3860,0.7356395713467674,0.00023941319226683522,0.6180461486283948,0.0002825185287326226,0.7358789845390342,0.6177636300996622,26.356435775756836,True,-0.0007944536852724227,0.0007478244049162752,0.007596147029149436,0.010152550923022419,strong_evidence_gap
assist_17,sequence_shuffled_support,0.25,46,high_seq_support,19249,0.7706352257532167,1.7530556726264024e-05,0.5498164247243819,2.327260777990059e-05,0.770652756309943,0.549793152116602,26.356435775756836,True,9.339151168941129e-05,0.00017510446052604323,0.008394210720835581,0.009680782680198518,strong_evidence_gap
assist_17,sequence_shuffled_support,0.25,46,high_crg_mass,19317,0.7996538983167336,3.4288302460550035e-05,0.5412285376862196,3.4831737378504535e-05,0.7996881866191942,0.5411937059488411,26.356435775756836,True,5.138911934321477e-05,7.887434440956298e-05,0.00910593690094329,0.01086197412306773,strong_evidence_gap
assist_17,sequence_shuffled_support,0.25,46,short_history,38708,0.7723403557430615,4.416575975829673e-06,0.5666823087978663,5.618772762949753e-06,0.7723447723190373,0.5666766900251033,26.356435775756836,True,-1.31432231956774e-05,0.00012507912565418167,0.006232257592398582,0.009918710330694613,strong_evidence_gap
assist_17,sequence_shuffled_support,0.25,46,long_history,38553,0.7954448938385503,2.0122890459051135e-05,0.5404282871497859,1.9971936936813428e-05,0.7954650167290094,0.540408315212849,26.356435775756836,True,-6.311645261936061e-05,-2.4137449471273165e-05,0.006330561631632902,0.007910037312063679,strong_evidence_gap
assist_17,sequence_shuffled_support,0.5,42,all,77261,0.7842144212010507,4.7219136276477336e-05,0.5536152812679902,4.642901533136179e-05,0.7842616403373271,0.5535688522526588,26.940593719482422,True,-0.0006060982142113147,-0.0005770442029329192,0.006295107082172957,0.00886930393823362,strong_evidence_gap
assist_17,sequence_shuffled_support,0.5,42,graph_hits_history,77261,0.7842144212010507,4.7219136276477336e-05,0.5536152812679902,4.642901533136179e-05,0.7842616403373271,0.5535688522526588,26.940593719482422,True,-0.0006060982142113147,-0.0005770442029329192,0.006295107082172957,0.00886930393823362,strong_evidence_gap
assist_17,sequence_shuffled_support,0.5,42,high_support_mass,19317,0.7996343870267711,5.379959242302057e-05,0.5412403585047769,4.6652555935833284e-05,0.7996881866191942,0.5411937059488411,26.940593719482422,True,-0.0007944648431256196,-0.0009694523149623713,0.00910593690094329,0.01086197412306773,strong_evidence_gap
assist_17,sequence_shuffled_support,0.5,42,query_seq_top5_q4_high,19249,0.7705887100471067,6.404626283629256e-05,0.5498528418540602,5.968973745829054e-05,0.770652756309943,0.549793152116602,26.940593719482422,True,-0.0012848291922464838,-0.0010418217347554215,0.008394210720835581,0.009680782680198518,strong_evidence_gap
assist_17,sequence_shuffled_support,0.5,42,multi_concept,33639,0.7673298285235904,6.599683265329226e-06,0.5693522685461236,9.087483609282465e-06,0.7673364282068558,0.5693431810625144,26.940593719482422,True,-0.0008490592244041473,-0.0007817259700501067,0.003986246245700098,0.005355565707132848,strong_evidence_gap
assist_17,sequence_shuffled_support,0.5,42,direct_seen,73401,0.7862717637793875,4.421652966124512e-05,0.5502375828985866,4.459531384015669e-05,0.7863159803090487,0.5501929875847464,26.940593719482422,True,-0.0006109332841381931,-0.0005796922444970543,0.003951228781239813,0.00618161525215114,strong_evidence_gap
assist_17,sequence_shuffled_support,0.5,42,direct_unseen,3860,0.7357448258937094,0.00013415864532484445,0.6178449284215141,8.12983218518859e-05,0.7358789845390342,0.6177636300996622,26.940593719482422,True,-0.0020036539143239995,-0.0005266895659205018,0.007596147029149436,0.010152550923022419,strong_evidence_gap
assist_17,sequence_shuffled_support,0.5,42,direct_unseen_bridgeable,3860,0.7357448258937094,0.00013415864532484445,0.6178449284215141,8.12983218518859e-05,0.7358789845390342,0.6177636300996622,26.940593719482422,True,-0.0020036539143239995,-0.0005266895659205018,0.007596147029149436,0.010152550923022419,strong_evidence_gap
assist_17,sequence_shuffled_support,0.5,42,high_seq_support,19249,0.7705887100471067,6.404626283629256e-05,0.5498528418540602,5.968973745829054e-05,0.770652756309943,0.549793152116602,26.940593719482422,True,-0.0012848291922464838,-0.0010418217347554215,0.008394210720835581,0.009680782680198518,strong_evidence_gap
assist_17,sequence_shuffled_support,0.5,42,high_crg_mass,19317,0.7996343870267711,5.379959242302057e-05,0.5412403585047769,4.6652555935833284e-05,0.7996881866191942,0.5411937059488411,26.940593719482422,True,-0.0007944648431256196,-0.0009694523149623713,0.00910593690094329,0.01086197412306773,strong_evidence_gap
assist_17,sequence_shuffled_support,0.5,42,short_history,38708,0.7722851027058835,5.966961315384545e-05,0.5667286266857725,5.1936660669160695e-05,0.7723447723190373,0.5666766900251033,26.940593719482422,True,-0.00036460614253497337,-0.0003659457279031608,0.006232257592398582,0.009918710330694613,strong_evidence_gap
assist_17,sequence_shuffled_support,0.5,42,long_history,38553,0.7954285983130549,3.641841595447559e-05,0.5404492144396886,4.08992268395858e-05,0.7954650167290094,0.540408315212849,26.940593719482422,True,-0.0008384267222303343,-0.0007889913865875009,0.006330561631632902,0.007910037312063679,strong_evidence_gap
assist_17,sequence_shuffled_support,0.5,43,all,77261,0.7842248529164866,3.6787420840567187e-05,0.5536177233386955,4.8871086036683664e-05,0.7842616403373271,0.5535688522526588,26.831684112548828,True,-0.0012517048113366291,-0.0010033063864152147,0.006295107082172957,0.00886930393823362,strong_evidence_gap
assist_17,sequence_shuffled_support,0.5,43,graph_hits_history,77261,0.7842248529164866,3.6787420840567187e-05,0.5536177233386955,4.8871086036683664e-05,0.7842616403373271,0.5535688522526588,26.831684112548828,True,-0.0012517048113366291,-0.0010033063864152147,0.006295107082172957,0.00886930393823362,strong_evidence_gap
assist_17,sequence_shuffled_support,0.5,43,high_support_mass,19317,0.799627789372364,6.0397246830157236e-05,0.5412898098532369,9.610390439585004e-05,0.7996881866191942,0.5411937059488411,26.831684112548828,True,-0.0012042506834802902,-0.0010645227656709277,0.00910593690094329,0.01086197412306773,strong_evidence_gap
assist_17,sequence_shuffled_support,0.5,43,query_seq_top5_q4_high,19249,0.7706944078152789,-4.165150533586015e-05,0.5497806780269999,-1.2474089602032556e-05,0.770652756309943,0.549793152116602,26.831684112548828,True,-0.0006994674986222638,-0.0007490407897132734,0.008394210720835581,0.009680782680198518,strong_evidence_gap
assist_17,sequence_shuffled_support,0.5,43,multi_concept,33639,0.7673630677124628,-2.6639505606995684e-05,0.5693346314965106,-8.549566003712705e-06,0.7673364282068558,0.5693431810625144,26.831684112548828,True,-0.0008501175455157828,-0.0007858335847321651,0.003986246245700098,0.005355565707132848,strong_evidence_gap
assist_17,sequence_shuffled_support,0.5,43,direct_seen,73401,0.7863224838523015,-6.503543252822652e-06,0.550192658035594,-3.2954915241134586e-07,0.7863159803090487,0.5501929875847464,26.831684112548828,True,-0.0012820157387940512,-0.0010586760870245904,0.003951228781239813,0.00618161525215114,strong_evidence_gap
assist_17,sequence_shuffled_support,0.5,43,direct_unseen,3860,0.7353303520301039,0.0005486325089303357,0.618748090777283,0.0009844606776208131,0.7358789845390342,0.6177636300996622,26.831684112548828,True,-0.0020205600850762284,4.9592938566878075e-05,0.007596147029149436,0.010152550923022419,strong_evidence_gap
assist_17,sequence_shuffled_support,0.5,43,direct_unseen_bridgeable,3860,0.7353303520301039,0.0005486325089303357,0.618748090777283,0.0009844606776208131,0.7358789845390342,0.6177636300996622,26.831684112548828,True,-0.0020205600850762284,4.9592938566878075e-05,0.007596147029149436,0.010152550923022419,strong_evidence_gap
assist_17,sequence_shuffled_support,0.5,43,high_seq_support,19249,0.7706944078152789,-4.165150533586015e-05,0.5497806780269999,-1.2474089602032556e-05,0.770652756309943,0.549793152116602,26.831684112548828,True,-0.0006994674986222638,-0.0007490407897132734,0.008394210720835581,0.009680782680198518,strong_evidence_gap
assist_17,sequence_shuffled_support,0.5,43,high_crg_mass,19317,0.799627789372364,6.0397246830157236e-05,0.5412898098532369,9.610390439585004e-05,0.7996881866191942,0.5411937059488411,26.831684112548828,True,-0.0012042506834802902,-0.0010645227656709277,0.00910593690094329,0.01086197412306773,strong_evidence_gap
assist_17,sequence_shuffled_support,0.5,43,short_history,38708,0.7722876655602577,5.710675877956817e-05,0.5667471488181477,7.045879304434788e-05,0.7723447723190373,0.5666766900251033,26.831684112548828,True,-0.0012946081588447456,-0.000971267007893406,0.006232257592398582,0.009918710330694613,strong_evidence_gap
assist_17,sequence_shuffled_support,0.5,43,long_history,38553,0.7954545234502912,1.049327871815997e-05,0.5404355117998104,2.7196586961375502e-05,0.7954650167290094,0.540408315212849,26.831684112548828,True,-0.0011602774472401212,-0.0010354745773166751,0.006330561631632902,0.007910037312063679,strong_evidence_gap
assist_17,sequence_shuffled_support,0.5,44,all,77261,0.7842511157458415,1.0524591485649992e-05,0.5535905628662655,2.171061360667359e-05,0.7842616403373271,0.5535688522526588,26.75247573852539,True,-0.001213152065139833,-0.0012936569386475805,0.006295107082172957,0.00886930393823362,strong_evidence_gap
assist_17,sequence_shuffled_support,0.5,44,graph_hits_history,77261,0.7842511157458415,1.0524591485649992e-05,0.5535905628662655,2.171061360667359e-05,0.7842616403373271,0.5535688522526588,26.75247573852539,True,-0.001213152065139833,-0.0012936569386475805,0.006295107082172957,0.00886930393823362,strong_evidence_gap
assist_17,sequence_shuffled_support,0.5,44,high_support_mass,19317,0.7996412771880238,4.690943117036106e-05,0.5412487596111811,5.5053662340043275e-05,0.7996881866191942,0.5411937059488411,26.75247573852539,True,-0.0016891349480547824,-0.0017965790897386258,0.00910593690094329,0.01086197412306773,strong_evidence_gap
assist_17,sequence_shuffled_support,0.5,44,query_seq_top5_q4_high,19249,0.7706638393714011,-1.1083061458139198e-05,0.5497910425950007,-2.1095216012900764e-06,0.770652756309943,0.549793152116602,26.75247573852539,True,-0.002131348739417449,-0.0017875016589724568,0.008394210720835581,0.009680782680198518,strong_evidence_gap
assist_17,sequence_shuffled_support,0.5,44,multi_concept,33639,0.767336735461372,-3.072545162741136e-07,0.569348338758312,5.15769579767511e-06,0.7673364282068558,0.5693431810625144,26.75247573852539,True,-0.0008791000914109004,-0.0007287368385551218,0.003986246245700098,0.005355565707132848,strong_evidence_gap
assist_17,sequence_shuffled_support,0.5,44,direct_seen,73401,0.786315023026817,9.572822317061025e-07,0.5502025909206708,9.603335924368572e-06,0.7863159803090487,0.5501929875847464,26.75247573852539,True,-0.0011784809943885532,-0.0011656204909830103,0.003951228781239813,0.00618161525215114,strong_evidence_gap
assist_17,sequence_shuffled_support,0.5,44,direct_unseen,3860,0.7357082867504705,0.00017069778856371176,0.6180155703218615,0.00025194022219932055,0.7358789845390342,0.6177636300996622,26.75247573852539,True,-0.003898372099364722,-0.003728372818184278,0.007596147029149436,0.010152550923022419,strong_evidence_gap
assist_17,sequence_shuffled_support,0.5,44,direct_unseen_bridgeable,3860,0.7357082867504705,0.00017069778856371176,0.6180155703218615,0.00025194022219932055,0.7358789845390342,0.6177636300996622,26.75247573852539,True,-0.003898372099364722,-0.003728372818184278,0.007596147029149436,0.010152550923022419,strong_evidence_gap
assist_17,sequence_shuffled_support,0.5,44,high_seq_support,19249,0.7706638393714011,-1.1083061458139198e-05,0.5497910425950007,-2.1095216012900764e-06,0.770652756309943,0.549793152116602,26.75247573852539,True,-0.002131348739417449,-0.0017875016589724568,0.008394210720835581,0.009680782680198518,strong_evidence_gap
assist_17,sequence_shuffled_support,0.5,44,high_crg_mass,19317,0.7996412771880238,4.690943117036106e-05,0.5412487596111811,5.5053662340043275e-05,0.7996881866191942,0.5411937059488411,26.75247573852539,True,-0.0016891349480547824,-0.0017965790897386258,0.00910593690094329,0.01086197412306773,strong_evidence_gap
assist_17,sequence_shuffled_support,0.5,44,short_history,38708,0.7723448693866412,-9.706760384364799e-08,0.5666891626972859,1.2472672182517464e-05,0.7723447723190373,0.5666766900251033,26.75247573852539,True,-0.00142115061025605,-0.0015174881937300988,0.006232257592398582,0.009918710330694613,strong_evidence_gap
assist_17,sequence_shuffled_support,0.5,44,long_history,38553,0.7954476306176654,1.738611134394219e-05,0.5404393009084637,3.098569561466036e-05,0.7954650167290094,0.540408315212849,26.75247573852539,True,-0.0010136507241627069,-0.0010689257835692079,0.006330561631632902,0.007910037312063679,strong_evidence_gap
assist_17,sequence_shuffled_support,0.5,45,all,77261,0.7842612562455317,3.84091795480046e-07,0.5535866172998272,1.776504716832772e-05,0.7842616403373271,0.5535688522526588,26.712871551513672,True,-0.0006788286663118592,-0.0006052516858735535,0.006295107082172957,0.00886930393823362,strong_evidence_gap
assist_17,sequence_shuffled_support,0.5,45,graph_hits_history,77261,0.7842612562455317,3.84091795480046e-07,0.5535866172998272,1.776504716832772e-05,0.7842616403373271,0.5535688522526588,26.712871551513672,True,-0.0006788286663118592,-0.0006052516858735535,0.006295107082172957,0.00886930393823362,strong_evidence_gap
assist_17,sequence_shuffled_support,0.5,45,high_support_mass,19317,0.7997004069051896,-1.222028599545677e-05,0.5412109648549069,1.7258906065853452e-05,0.7996881866191942,0.5411937059488411,26.712871551513672,True,-0.0011732503746362255,-0.0009965466332566564,0.00910593690094329,0.01086197412306773,strong_evidence_gap
assist_17,sequence_shuffled_support,0.5,45,query_seq_top5_q4_high,19249,0.7706751110563912,-2.235474644818325e-05,0.5498059696572823,1.2817540680387651e-05,0.770652756309943,0.549793152116602,26.712871551513672,True,-0.00023983767859070415,-0.00010364600322099182,0.008394210720835581,0.009680782680198518,strong_evidence_gap
assist_17,sequence_shuffled_support,0.5,45,multi_concept,33639,0.7673405968061413,-4.1685992855367004e-06,0.5693526247062293,9.443643714912575e-06,0.7673364282068558,0.5693431810625144,26.712871551513672,True,-0.0003436165610255504,-0.00037957054800674683,0.003986246245700098,0.005355565707132848,strong_evidence_gap
assist_17,sequence_shuffled_support,0.5,45,direct_seen,73401,0.7863329553322959,-1.6975023247156606e-05,0.5501926087692187,-3.7881552772400795e-07,0.7863159803090487,0.5501929875847464,26.712871551513672,True,-0.0007569999532820448,-0.0006826137281882305,0.003951228781239813,0.00618161525215114,strong_evidence_gap
assist_17,sequence_shuffled_support,0.5,45,direct_unseen,3860,0.7355667657404631,0.0003122187985711289,0.6181264152674928,0.0003627851678306149,0.7358789845390342,0.6177636300996622,26.712871551513672,True,-0.0004133831429117274,0.0008658496788734871,0.007596147029149436,0.010152550923022419,strong_evidence_gap
assist_17,sequence_shuffled_support,0.5,45,direct_unseen_bridgeable,3860,0.7355667657404631,0.0003122187985711289,0.6181264152674928,0.0003627851678306149,0.7358789845390342,0.6177636300996622,26.712871551513672,True,-0.0004133831429117274,0.0008658496788734871,0.007596147029149436,0.010152550923022419,strong_evidence_gap
assist_17,sequence_shuffled_support,0.5,45,high_seq_support,19249,0.7706751110563912,-2.235474644818325e-05,0.5498059696572823,1.2817540680387651e-05,0.770652756309943,0.549793152116602,26.712871551513672,True,-0.00023983767859070415,-0.00010364600322099182,0.008394210720835581,0.009680782680198518,strong_evidence_gap
assist_17,sequence_shuffled_support,0.5,45,high_crg_mass,19317,0.7997004069051896,-1.222028599545677e-05,0.5412109648549069,1.7258906065853452e-05,0.7996881866191942,0.5411937059488411,26.712871551513672,True,-0.0011732503746362255,-0.0009965466332566564,0.00910593690094329,0.01086197412306773,strong_evidence_gap
assist_17,sequence_shuffled_support,0.5,45,short_history,38708,0.7723196951732109,2.507714582644649e-05,0.5667211764848805,4.448645977717103e-05,0.7723447723190373,0.5666766900251033,26.712871551513672,True,-0.0006134052410142754,-0.00047681650022968203,0.006232257592398582,0.009918710330694613,strong_evidence_gap
assist_17,sequence_shuffled_support,0.5,45,long_history,38553,0.795496038601623,-3.1021872613612445e-05,0.5403992514155888,-9.063797260289164e-06,0.7954650167290094,0.540408315212849,26.712871551513672,True,-0.0007543966012668601,-0.0007342032373975904,0.006330561631632902,0.007910037312063679,strong_evidence_gap
assist_17,sequence_shuffled_support,0.5,46,all,77261,0.7842408320197156,2.0808317611531457e-05,0.553590807092546,2.1954839887206035e-05,0.7842616403373271,0.5535688522526588,26.702970504760742,True,-0.00039387541987712105,-0.0001607360601119101,0.006295107082172957,0.00886930393823362,strong_evidence_gap
assist_17,sequence_shuffled_support,0.5,46,graph_hits_history,77261,0.7842408320197156,2.0808317611531457e-05,0.553590807092546,2.1954839887206035e-05,0.7842616403373271,0.5535688522526588,26.702970504760742,True,-0.00039387541987712105,-0.0001607360601119101,0.006295107082172957,0.00886930393823362,strong_evidence_gap
assist_17,sequence_shuffled_support,0.5,46,high_support_mass,19317,0.7996360662327366,5.2120386457521484e-05,0.5412406386466699,4.693269782884979e-05,0.7996881866191942,0.5411937059488411,26.702970504760742,True,-0.000648032666124343,-0.00043438746269131023,0.00910593690094329,0.01086197412306773,strong_evidence_gap
assist_17,sequence_shuffled_support,0.5,46,query_seq_top5_q4_high,19249,0.770626589081807,2.616722813597594e-05,0.5498093873288652,1.6235212263238097e-05,0.770652756309943,0.549793152116602,26.702970504760742,True,-0.00026379286712685523,-0.00012822089872821518,0.008394210720835581,0.009680782680198518,strong_evidence_gap
assist_17,sequence_shuffled_support,0.5,46,multi_concept,33639,0.7673281736615463,8.25454530950509e-06,0.5693537669612033,1.058589868896398e-05,0.7673364282068558,0.5693431810625144,26.702970504760742,True,-0.0003277381507295063,-0.0002418915737144589,0.003986246245700098,0.005355565707132848,strong_evidence_gap
assist_17,sequence_shuffled_support,0.5,46,direct_seen,73401,0.7862937003310086,2.2279978040051773e-05,0.5502178413441379,2.4853759391429975e-05,0.7863159803090487,0.5501929875847464,26.702970504760742,True,-0.00031384484726637574,-0.00017360036043745364,0.003951228781239813,0.00618161525215114,strong_evidence_gap
assist_17,sequence_shuffled_support,0.5,46,direct_unseen,3860,0.735928339650424,-4.9355111389814965e-05,0.6177304596570282,-3.31704426339563e-05,0.7358789845390342,0.6177636300996622,26.702970504760742,True,-0.0020309219316663185,8.388894200905828e-05,0.007596147029149436,0.010152550923022419,strong_evidence_gap
assist_17,sequence_shuffled_support,0.5,46,direct_unseen_bridgeable,3860,0.735928339650424,-4.9355111389814965e-05,0.6177304596570282,-3.31704426339563e-05,0.7358789845390342,0.6177636300996622,26.702970504760742,True,-0.0020309219316663185,8.388894200905828e-05,0.007596147029149436,0.010152550923022419,strong_evidence_gap
assist_17,sequence_shuffled_support,0.5,46,high_seq_support,19249,0.770626589081807,2.616722813597594e-05,0.5498093873288652,1.6235212263238097e-05,0.770652756309943,0.549793152116602,26.702970504760742,True,-0.00026379286712685523,-0.00012822089872821518,0.008394210720835581,0.009680782680198518,strong_evidence_gap
assist_17,sequence_shuffled_support,0.5,46,high_crg_mass,19317,0.7996360662327366,5.2120386457521484e-05,0.5412406386466699,4.693269782884979e-05,0.7996881866191942,0.5411937059488411,26.702970504760742,True,-0.000648032666124343,-0.00043438746269131023,0.00910593690094329,0.01086197412306773,strong_evidence_gap
assist_17,sequence_shuffled_support,0.5,46,short_history,38708,0.7723115253165523,3.32470024849707e-05,0.5667027613864515,2.607136134813448e-05,0.7723447723190373,0.5666766900251033,26.702970504760742,True,-0.00040702333726294615,-2.2369452467141393e-05,0.006232257592398582,0.009918710330694613,strong_evidence_gap
assist_17,sequence_shuffled_support,0.5,46,long_history,38553,0.7954575490352427,7.4676937666939835e-06,0.5404261369810505,1.782176820142034e-05,0.7954650167290094,0.540408315212849,26.702970504760742,True,-0.00036361754999902907,-0.0002996589623169843,0.006330561631632902,0.007910037312063679,strong_evidence_gap
assist_17,sequence_shuffled_support,0.75,42,all,77261,0.7842203710517259,4.1269285601219785e-05,0.553626491950817,5.763969815819614e-05,0.7842616403373271,0.5535688522526588,27.415842056274414,True,-0.003086215340095566,-0.0027894533463819204,0.006295107082172957,0.00886930393823362,strong_evidence_gap
assist_17,sequence_shuffled_support,0.75,42,graph_hits_history,77261,0.7842203710517259,4.1269285601219785e-05,0.553626491950817,5.763969815819614e-05,0.7842616403373271,0.5535688522526588,27.415842056274414,True,-0.003086215340095566,-0.0027894533463819204,0.006295107082172957,0.00886930393823362,strong_evidence_gap
assist_17,sequence_shuffled_support,0.75,42,high_support_mass,19317,0.7996132831995378,7.490341965632474e-05,0.5412854040381758,9.169808933473522e-05,0.7996881866191942,0.5411937059488411,27.415842056274414,True,-0.003320126035349591,-0.003597403289905432,0.00910593690094329,0.01086197412306773,strong_evidence_gap
assist_17,sequence_shuffled_support,0.75,42,query_seq_top5_q4_high,19249,0.7705695047420527,8.325156789035226e-05,0.5498909358332309,9.778371662894081e-05,0.770652756309943,0.549793152116602,27.415842056274414,True,-0.006936058794754896,-0.006515702810543922,0.008394210720835581,0.009680782680198518,strong_evidence_gap
assist_17,sequence_shuffled_support,0.75,42,multi_concept,33639,0.7673422696362858,-5.841429430053502e-06,0.5693430592942448,-1.2176826957865927e-07,0.7673364282068558,0.5693431810625144,27.415842056274414,True,-0.0023021987959720436,-0.002110201680104784,0.003986246245700098,0.005355565707132848,strong_evidence_gap
assist_17,sequence_shuffled_support,0.75,42,direct_seen,73401,0.7862971569103507,1.8823398697964677e-05,0.5502199839807174,2.699639597092407e-05,0.7863159803090487,0.5501929875847464,27.415842056274414,True,-0.00314159339631237,-0.0027100391202454777,0.003951228781239813,0.00618161525215114,strong_evidence_gap
assist_17,sequence_shuffled_support,0.75,42,direct_unseen,3860,0.7354497859460638,0.0004291985929704145,0.6184039767988201,0.0006403466991579121,0.7358789845390342,0.6177636300996622,27.415842056274414,True,-0.002319144874976087,-0.0042995786346308185,0.007596147029149436,0.010152550923022419,strong_evidence_gap
assist_17,sequence_shuffled_support,0.75,42,direct_unseen_bridgeable,3860,0.7354497859460638,0.0004291985929704145,0.6184039767988201,0.0006403466991579121,0.7358789845390342,0.6177636300996622,27.415842056274414,True,-0.002319144874976087,-0.0042995786346308185,0.007596147029149436,0.010152550923022419,strong_evidence_gap
assist_17,sequence_shuffled_support,0.75,42,high_seq_support,19249,0.7705695047420527,8.325156789035226e-05,0.5498909358332309,9.778371662894081e-05,0.770652756309943,0.549793152116602,27.415842056274414,True,-0.006936058794754896,-0.006515702810543922,0.008394210720835581,0.009680782680198518,strong_evidence_gap
assist_17,sequence_shuffled_support,0.75,42,high_crg_mass,19317,0.7996132831995378,7.490341965632474e-05,0.5412854040381758,9.169808933473522e-05,0.7996881866191942,0.5411937059488411,27.415842056274414,True,-0.003320126035349591,-0.003597403289905432,0.00910593690094329,0.01086197412306773,strong_evidence_gap
assist_17,sequence_shuffled_support,0.75,42,short_history,38708,0.7722968357525007,4.793656653656608e-05,0.5667363143917171,5.962436661377524e-05,0.7723447723190373,0.5666766900251033,27.415842056274414,True,-0.0028616338516150863,-0.0026101924002959187,0.006232257592398582,0.009918710330694613,strong_evidence_gap
assist_17,sequence_shuffled_support,0.75,42,long_history,38553,0.7954327887482125,3.2227980796828426e-05,0.5404639622633126,5.564705046356977e-05,0.7954650167290094,0.540408315212849,27.415842056274414,True,-0.0033416568092191623,-0.002969435000237719,0.006330561631632902,0.007910037312063679,strong_evidence_gap
assist_17,sequence_shuffled_support,0.75,43,all,77261,0.784187355487163,7.428485016414133e-05,0.553647499124765,7.864687210612509e-05,0.7842616403373271,0.5535688522526588,27.366336822509766,True,-0.0030345568647223153,-0.0026323783592017147,0.006295107082172957,0.00886930393823362,strong_evidence_gap
assist_17,sequence_shuffled_support,0.75,43,graph_hits_history,77261,0.784187355487163,7.428485016414133e-05,0.553647499124765,7.864687210612509e-05,0.7842616403373271,0.5535688522526588,27.366336822509766,True,-0.0030345568647223153,-0.0026323783592017147,0.006295107082172957,0.00886930393823362,strong_evidence_gap
assist_17,sequence_shuffled_support,0.75,43,high_support_mass,19317,0.7995676629652056,0.0001205236539885135,0.5413352261624736,0.00014152021363256218,0.7996881866191942,0.5411937059488411,27.366336822509766,True,-0.003753312423355082,-0.0037395536139224195,0.00910593690094329,0.01086197412306773,strong_evidence_gap
assist_17,sequence_shuffled_support,0.75,43,query_seq_top5_q4_high,19249,0.7706131110730816,3.964523686139643e-05,0.549842353839458,4.920172285605151e-05,0.770652756309943,0.549793152116602,27.366336822509766,True,-0.004640859080731197,-0.004264813506228093,0.008394210720835581,0.009680782680198518,strong_evidence_gap
assist_17,sequence_shuffled_support,0.75,43,multi_concept,33639,0.7673400451854601,-3.6169786042927754e-06,0.5693481168318405,4.9357693261420366e-06,0.7673364282068558,0.5693431810625144,27.366336822509766,True,-0.0015247927622191737,-0.001222358748757868,0.003986246245700098,0.005355565707132848,strong_evidence_gap
assist_17,sequence_shuffled_support,0.75,43,direct_seen,73401,0.7862805555713569,3.5424737691802655e-05,0.550224665152244,3.167756749755668e-05,0.7863159803090487,0.5501929875847464,27.366336822509766,True,-0.0028975503469180763,-0.002418124133624744,0.003951228781239813,0.00618161525215114,strong_evidence_gap
assist_17,sequence_shuffled_support,0.75,43,direct_unseen,3860,0.7353947045510321,0.00048427998800215644,0.6187354360203629,0.0009718059207006746,0.7358789845390342,0.6177636300996622,27.366336822509766,True,-0.004145283996400684,-0.006706594528005261,0.007596147029149436,0.010152550923022419,strong_evidence_gap
assist_17,sequence_shuffled_support,0.75,43,direct_unseen_bridgeable,3860,0.7353947045510321,0.00048427998800215644,0.6187354360203629,0.0009718059207006746,0.7358789845390342,0.6177636300996622,27.366336822509766,True,-0.004145283996400684,-0.006706594528005261,0.007596147029149436,0.010152550923022419,strong_evidence_gap
assist_17,sequence_shuffled_support,0.75,43,high_seq_support,19249,0.7706131110730816,3.964523686139643e-05,0.549842353839458,4.920172285605151e-05,0.770652756309943,0.549793152116602,27.366336822509766,True,-0.004640859080731197,-0.004264813506228093,0.008394210720835581,0.009680782680198518,strong_evidence_gap
assist_17,sequence_shuffled_support,0.75,43,high_crg_mass,19317,0.7995676629652056,0.0001205236539885135,0.5413352261624736,0.00014152021363256218,0.7996881866191942,0.5411937059488411,27.366336822509766,True,-0.003753312423355082,-0.0037395536139224195,0.00910593690094329,0.01086197412306773,strong_evidence_gap
assist_17,sequence_shuffled_support,0.75,43,short_history,38708,0.7722377984269332,0.000106973892104123,0.5667742666578454,9.757663274201356e-05,0.7723447723190373,0.5666766900251033,27.366336822509766,True,-0.002727656291380165,-0.002470376787179873,0.006232257592398582,0.009918710330694613,strong_evidence_gap
assist_17,sequence_shuffled_support,0.75,43,long_history,38553,0.7954299914573983,3.5025271611033304e-05,0.540467956218364,5.964100551492102e-05,0.7954650167290094,0.540408315212849,27.366336822509766,True,-0.003288207100519691,-0.002795031248725932,0.006330561631632902,0.007910037312063679,strong_evidence_gap
assist_17,sequence_shuffled_support,0.75,44,all,77261,0.7841569319468605,0.0001047083904666124,0.5536633824579706,9.453020531180467e-05,0.7842616403373271,0.5535688522526588,27.445545196533203,True,-0.0014098876931237792,-0.0013267276341375478,0.006295107082172957,0.00886930393823362,strong_evidence_gap
assist_17,sequence_shuffled_support,0.75,44,graph_hits_history,77261,0.7841569319468605,0.0001047083904666124,0.5536633824579706,9.453020531180467e-05,0.7842616403373271,0.5535688522526588,27.445545196533203,True,-0.0014098876931237792,-0.0013267276341375478,0.006295107082172957,0.00886930393823362,strong_evidence_gap
assist_17,sequence_shuffled_support,0.75,44,high_support_mass,19317,0.7995312296125439,0.00015695700665030454,0.5413643507253741,0.00017064477653305765,0.7996881866191942,0.5411937059488411,27.445545196533203,True,-0.0023063623098994457,-0.002150328530301171,0.00910593690094329,0.01086197412306773,strong_evidence_gap
assist_17,sequence_shuffled_support,0.75,44,query_seq_top5_q4_high,19249,0.7705701906458047,8.256566413833433e-05,0.5498884293056381,9.527718903612481e-05,0.770652756309943,0.549793152116602,27.445545196533203,True,-0.0008924065081750143,-0.0007927792248448862,0.008394210720835581,0.009680782680198518,strong_evidence_gap
assist_17,sequence_shuffled_support,0.75,44,multi_concept,33639,0.7673099090875213,2.651911933448936e-05,0.5693762953156805,3.311425316609995e-05,0.7673364282068558,0.5693431810625144,27.445545196533203,True,-0.0008257887376162953,-0.0008196899361120336,0.003986246245700098,0.005355565707132848,strong_evidence_gap
assist_17,sequence_shuffled_support,0.75,44,direct_seen,73401,0.786269528103658,4.645220539067907e-05,0.550231406374603,3.841878985655356e-05,0.7863159803090487,0.5501929875847464,27.445545196533203,True,-0.0013164544493116104,-0.0011918462609776803,0.003951228781239813,0.00618161525215114,strong_evidence_gap
assist_17,sequence_shuffled_support,0.75,44,direct_unseen,3860,0.7350314945600306,0.000847489979003635,0.61892516393343,0.001161533833767825,0.7358789845390342,0.6177636300996622,27.445545196533203,True,-0.001443977858370027,-0.003891605269187526,0.007596147029149436,0.010152550923022419,strong_evidence_gap
assist_17,sequence_shuffled_support,0.75,44,direct_unseen_bridgeable,3860,0.7350314945600306,0.000847489979003635,0.61892516393343,0.001161533833767825,0.7358789845390342,0.6177636300996622,27.445545196533203,True,-0.001443977858370027,-0.003891605269187526,0.007596147029149436,0.010152550923022419,strong_evidence_gap
assist_17,sequence_shuffled_support,0.75,44,high_seq_support,19249,0.7705701906458047,8.256566413833433e-05,0.5498884293056381,9.527718903612481e-05,0.770652756309943,0.549793152116602,27.445545196533203,True,-0.0008924065081750143,-0.0007927792248448862,0.008394210720835581,0.009680782680198518,strong_evidence_gap
assist_17,sequence_shuffled_support,0.75,44,high_crg_mass,19317,0.7995312296125439,0.00015695700665030454,0.5413643507253741,0.00017064477653305765,0.7996881866191942,0.5411937059488411,27.445545196533203,True,-0.0023063623098994457,-0.002150328530301171,0.00910593690094329,0.01086197412306773,strong_evidence_gap
assist_17,sequence_shuffled_support,0.75,44,short_history,38708,0.7722185507299835,0.00012622158905384318,0.5667847077335364,0.00010801770843305025,0.7723447723190373,0.5666766900251033,27.445545196533203,True,-0.000713298590681033,-0.0005925395818991985,0.006232257592398582,0.009918710330694613,strong_evidence_gap
assist_17,sequence_shuffled_support,0.75,44,long_history,38553,0.7953906382240411,7.437850496827547e-05,0.5404893036893508,8.098847650173102e-05,0.7954650167290094,0.540408315212849,27.445545196533203,True,-0.00211784895432765,-0.002063867444944467,0.006330561631632902,0.007910037312063679,strong_evidence_gap
assist_17,sequence_shuffled_support,0.75,45,all,77261,0.7841868002720962,7.484006523095221e-05,0.5536344120908427,6.555983818390398e-05,0.7842616403373271,0.5535688522526588,27.21782112121582,True,-0.0026827818520199775,-0.0030929677544255796,0.006295107082172957,0.00886930393823362,strong_evidence_gap
assist_17,sequence_shuffled_support,0.75,45,graph_hits_history,77261,0.7841868002720962,7.484006523095221e-05,0.5536344120908427,6.555983818390398e-05,0.7842616403373271,0.5535688522526588,27.21782112121582,True,-0.0026827818520199775,-0.0030929677544255796,0.006295107082172957,0.00886930393823362,strong_evidence_gap
assist_17,sequence_shuffled_support,0.75,45,high_support_mass,19317,0.799583523336391,0.0001046632828031191,0.5413156861767404,0.00012198022789933205,0.7996881866191942,0.5411937059488411,27.21782112121582,True,-0.00292914188501725,-0.0033123365023363105,0.00910593690094329,0.01086197412306773,strong_evidence_gap
assist_17,sequence_shuffled_support,0.75,45,query_seq_top5_q4_high,19249,0.7706168149533419,3.59413566011213e-05,0.5498543587831749,6.120666657294382e-05,0.770652756309943,0.549793152116602,27.21782112121582,True,-0.0021205629029183992,-0.0024004534548630607,0.008394210720835581,0.009680782680198518,strong_evidence_gap
assist_17,sequence_shuffled_support,0.75,45,multi_concept,33639,0.7673372044287918,-7.762219360607503e-07,0.5693513218010295,8.140738515183266e-06,0.7673364282068558,0.5693431810625144,27.21782112121582,True,-0.0019985936008480865,-0.0019479149657977146,0.003986246245700098,0.005355565707132848,strong_evidence_gap
assist_17,sequence_shuffled_support,0.75,45,direct_seen,73401,0.7863033351818853,1.2645127163368741e-05,0.5502011702396182,8.18265487179115e-06,0.7863159803090487,0.5501929875847464,27.21782112121582,True,-0.0027033544319194913,-0.0028622193423419873,0.003951228781239813,0.00618161525215114,strong_evidence_gap
assist_17,sequence_shuffled_support,0.75,45,direct_unseen,3860,0.7348613421318136,0.0010176424072205759,0.6189202631586487,0.0011566330589865004,0.7358789845390342,0.6177636300996622,27.21782112121582,True,-0.002263927139857791,-0.007480834126277314,0.007596147029149436,0.010152550923022419,strong_evidence_gap
assist_17,sequence_shuffled_support,0.75,45,direct_unseen_bridgeable,3860,0.7348613421318136,0.0010176424072205759,0.6189202631586487,0.0011566330589865004,0.7358789845390342,0.6177636300996622,27.21782112121582,True,-0.002263927139857791,-0.007480834126277314,0.007596147029149436,0.010152550923022419,strong_evidence_gap
assist_17,sequence_shuffled_support,0.75,45,high_seq_support,19249,0.7706168149533419,3.59413566011213e-05,0.5498543587831749,6.120666657294382e-05,0.770652756309943,0.549793152116602,27.21782112121582,True,-0.0021205629029183992,-0.0024004534548630607,0.008394210720835581,0.009680782680198518,strong_evidence_gap
assist_17,sequence_shuffled_support,0.75,45,high_crg_mass,19317,0.799583523336391,0.0001046632828031191,0.5413156861767404,0.00012198022789933205,0.7996881866191942,0.5411937059488411,27.21782112121582,True,-0.00292914188501725,-0.0033123365023363105,0.00910593690094329,0.01086197412306773,strong_evidence_gap
assist_17,sequence_shuffled_support,0.75,45,short_history,38708,0.772253691898905,9.108042013228346e-05,0.5667533915996648,7.67015745614108e-05,0.7723447723190373,0.5666766900251033,27.21782112121582,True,-0.0035266884950138078,-0.0043534525045388905,0.006232257592398582,0.009918710330694613,strong_evidence_gap
assist_17,sequence_shuffled_support,0.75,45,long_history,38553,0.7954133837465466,5.163298246280146e-05,0.5404626885199797,5.4373307130650694e-05,0.7954650167290094,0.540408315212849,27.21782112121582,True,-0.0017663089893483752,-0.001827415301765778,0.006330561631632902,0.007910037312063679,strong_evidence_gap
assist_17,sequence_shuffled_support,0.75,46,all,77261,0.7842448814835266,1.675885380059139e-05,0.5536103884088901,4.1536156231258836e-05,0.7842616403373271,0.5535688522526588,27.2772274017334,True,-0.002328997586753756,-0.0017520472554150013,0.006295107082172957,0.00886930393823362,strong_evidence_gap
assist_17,sequence_shuffled_support,0.75,46,graph_hits_history,77261,0.7842448814835266,1.675885380059139e-05,0.5536103884088901,4.1536156231258836e-05,0.7842616403373271,0.5535688522526588,27.2772274017334,True,-0.002328997586753756,-0.0017520472554150013,0.006295107082172957,0.00886930393823362,strong_evidence_gap
assist_17,sequence_shuffled_support,0.75,46,high_support_mass,19317,0.7996748504737505,1.3336145443632041e-05,0.5412459535848637,5.224763602262872e-05,0.7996881866191942,0.5411937059488411,27.2772274017334,True,-0.0029735487576194597,-0.0025137068914400373,0.00910593690094329,0.01086197412306773,strong_evidence_gap
assist_17,sequence_shuffled_support,0.75,46,query_seq_top5_q4_high,19249,0.7706098644619891,4.289184795391865e-05,0.5498414294354426,4.827731884060604e-05,0.770652756309943,0.549793152116602,27.2772274017334,True,-0.0018166903932206324,-0.0014015257198835007,0.008394210720835581,0.009680782680198518,strong_evidence_gap
assist_17,sequence_shuffled_support,0.75,46,multi_concept,33639,0.7673252466579963,1.1181548859484636e-05,0.5693563608511644,1.3179788650008462e-05,0.7673364282068558,0.5693431810625144,27.2772274017334,True,-0.0020678965639709945,-0.0018035128375017973,0.003986246245700098,0.005355565707132848,strong_evidence_gap
assist_17,sequence_shuffled_support,0.75,46,direct_seen,73401,0.7863132200381175,2.7602709311569384e-06,0.550202893695002,9.906110255530898e-06,0.7863159803090487,0.5501929875847464,27.2772274017334,True,-0.002148055471203447,-0.0016974434073004918,0.003951228781239813,0.00618161525215114,strong_evidence_gap
assist_17,sequence_shuffled_support,0.75,46,direct_unseen,3860,0.7360453194448232,-0.00016633490578898957,0.6184066369824923,0.0006430068828301438,0.7358789845390342,0.6177636300996622,27.2772274017334,True,-0.0035851989201866052,-0.0027903832801445816,0.007596147029149436,0.010152550923022419,strong_evidence_gap
assist_17,sequence_shuffled_support,0.75,46,direct_unseen_bridgeable,3860,0.7360453194448232,-0.00016633490578898957,0.6184066369824923,0.0006430068828301438,0.7358789845390342,0.6177636300996622,27.2772274017334,True,-0.0035851989201866052,-0.0027903832801445816,0.007596147029149436,0.010152550923022419,strong_evidence_gap
assist_17,sequence_shuffled_support,0.75,46,high_seq_support,19249,0.7706098644619891,4.289184795391865e-05,0.5498414294354426,4.827731884060604e-05,0.770652756309943,0.549793152116602,27.2772274017334,True,-0.0018166903932206324,-0.0014015257198835007,0.008394210720835581,0.009680782680198518,strong_evidence_gap
assist_17,sequence_shuffled_support,0.75,46,high_crg_mass,19317,0.7996748504737505,1.3336145443632041e-05,0.5412459535848637,5.224763602262872e-05,0.7996881866191942,0.5411937059488411,27.2772274017334,True,-0.0029735487576194597,-0.0025137068914400373,0.00910593690094329,0.01086197412306773,strong_evidence_gap
assist_17,sequence_shuffled_support,0.75,46,short_history,38708,0.7723019466314764,4.282568756086569e-05,0.566727122429982,5.0432404878675285e-05,0.7723447723190373,0.5666766900251033,27.2772274017334,True,-0.0022147443317508397,-0.0015158792320982828,0.006232257592398582,0.009918710330694613,strong_evidence_gap
assist_17,sequence_shuffled_support,0.75,46,long_history,38553,0.7954724912991052,-7.474570095866717e-06,0.5404409193536045,3.260414075545448e-05,0.7954650167290094,0.540408315212849,27.2772274017334,True,-0.0024253006455002835,-0.0019891647779565202,0.006330561631632902,0.007910037312063679,strong_evidence_gap
assist_17,sequence_shuffled_support,1.0,42,all,77261,0.7840568962763338,0.00020474406099335596,0.5537690279535177,0.00020017570085884007,0.7842616403373271,0.5535688522526588,27.891088485717773,True,-0.002360447866683102,-0.015408491428607451,0.006295107082172957,0.00886930393823362,strong_evidence_gap
assist_17,sequence_shuffled_support,1.0,42,graph_hits_history,77261,0.7840568962763338,0.00020474406099335596,0.5537690279535177,0.00020017570085884007,0.7842616403373271,0.5535688522526588,27.891088485717773,True,-0.002360447866683102,-0.015408491428607451,0.006295107082172957,0.00886930393823362,strong_evidence_gap
assist_17,sequence_shuffled_support,1.0,42,high_support_mass,19317,0.7994533036221492,0.00023488299704499394,0.5414612557381666,0.0002675497893255274,0.7996881866191942,0.5411937059488411,27.891088485717773,True,-0.0033337980219864116,-0.019531426417636166,0.00910593690094329,0.01086197412306773,strong_evidence_gap
assist_17,sequence_shuffled_support,1.0,42,query_seq_top5_q4_high,19249,0.7704816004603785,0.00017115584956450824,0.5500009678570927,0.0002078157404907799,0.770652756309943,0.549793152116602,27.891088485717773,True,-0.0006508254908811351,-0.01430552495309556,0.008394210720835581,0.009680782680198518,strong_evidence_gap
assist_17,sequence_shuffled_support,1.0,42,multi_concept,33639,0.7673212307875638,1.5197419292012349e-05,0.5693656151536539,2.2434091139555967e-05,0.7673364282068558,0.5693431810625144,27.891088485717773,True,-0.001703543018309439,-0.012491347828285315,0.003986246245700098,0.005355565707132848,strong_evidence_gap
assist_17,sequence_shuffled_support,1.0,42,direct_seen,73401,0.7862151218700844,0.00010085843896434632,0.5502687043806231,7.571679587670133e-05,0.7863159803090487,0.5501929875847464,27.891088485717773,True,-0.0021823969784285913,-0.013681680087787251,0.003951228781239813,0.00618161525215114,strong_evidence_gap
assist_17,sequence_shuffled_support,1.0,42,direct_unseen,3860,0.7345622119815668,0.0013167725574674272,0.6203304918328012,0.0025668617331390253,0.7358789845390342,0.6177636300996622,27.891088485717773,True,-0.00480680609712858,-0.04824519589170162,0.007596147029149436,0.010152550923022419,strong_evidence_gap
assist_17,sequence_shuffled_support,1.0,42,direct_unseen_bridgeable,3860,0.7345622119815668,0.0013167725574674272,0.6203304918328012,0.0025668617331390253,0.7358789845390342,0.6177636300996622,27.891088485717773,True,-0.00480680609712858,-0.04824519589170162,0.007596147029149436,0.010152550923022419,strong_evidence_gap
assist_17,sequence_shuffled_support,1.0,42,high_seq_support,19249,0.7704816004603785,0.00017115584956450824,0.5500009678570927,0.0002078157404907799,0.770652756309943,0.549793152116602,27.891088485717773,True,-0.0006508254908811351,-0.01430552495309556,0.008394210720835581,0.009680782680198518,strong_evidence_gap
assist_17,sequence_shuffled_support,1.0,42,high_crg_mass,19317,0.7994533036221492,0.00023488299704499394,0.5414612557381666,0.0002675497893255274,0.7996881866191942,0.5411937059488411,27.891088485717773,True,-0.0033337980219864116,-0.019531426417636166,0.00910593690094329,0.01086197412306773,strong_evidence_gap
assist_17,sequence_shuffled_support,1.0,42,short_history,38708,0.7721067895175833,0.00023798280145403972,0.5668902833048174,0.00021359327971404163,0.7723447723190373,0.5666766900251033,27.891088485717773,True,-0.0017159799753847516,-0.014847642014874762,0.006232257592398582,0.009918710330694613,strong_evidence_gap
assist_17,sequence_shuffled_support,1.0,42,long_history,38553,0.7952963431184968,0.00016867361051253749,0.5405950193902903,0.00018670417744126588,0.7954650167290094,0.540408315212849,27.891088485717773,True,-0.0030615123974992997,-0.015971595703417885,0.006330561631632902,0.007910037312063679,strong_evidence_gap
assist_17,sequence_shuffled_support,1.0,43,all,77261,0.7841380226552923,0.0001236176820348378,0.5537075373467805,0.00013868509412162666,0.7842616403373271,0.5535688522526588,27.693069458007812,True,-0.002461766111230501,-0.016258492903547417,0.006295107082172957,0.00886930393823362,strong_evidence_gap
assist_17,sequence_shuffled_support,1.0,43,graph_hits_history,77261,0.7841380226552923,0.0001236176820348378,0.5537075373467805,0.00013868509412162666,0.7842616403373271,0.5535688522526588,27.693069458007812,True,-0.002461766111230501,-0.016258492903547417,0.006295107082172957,0.00886930393823362,strong_evidence_gap
assist_17,sequence_shuffled_support,1.0,43,high_support_mass,19317,0.7994946554232525,0.00019353119594167634,0.5414417919002876,0.00024808595144654166,0.7996881866191942,0.5411937059488411,27.693069458007812,True,-0.0028017876545036735,-0.019761526020895315,0.00910593690094329,0.01086197412306773,strong_evidence_gap
assist_17,sequence_shuffled_support,1.0,43,query_seq_top5_q4_high,19249,0.7704737582941482,0.00017899801579479568,0.5500180221597181,0.00022487004311610992,0.770652756309943,0.549793152116602,27.693069458007812,True,-0.0010910613823269522,-0.01758736661256599,0.008394210720835581,0.009680782680198518,strong_evidence_gap
assist_17,sequence_shuffled_support,1.0,43,multi_concept,33639,0.767348420117042,-1.1991910186193167e-05,0.5693487578907181,5.576828203790463e-06,0.7673364282068558,0.5693431810625144,27.693069458007812,True,-0.0016273259301644583,-0.013398020684762368,0.003986246245700098,0.005355565707132848,strong_evidence_gap
assist_17,sequence_shuffled_support,1.0,43,direct_seen,73401,0.7862807575424005,3.5222766648246306e-05,0.5502297258642208,3.6738279474368696e-05,0.7863159803090487,0.5501929875847464,27.693069458007812,True,-0.002256241601181541,-0.014382553420039912,0.003951228781239813,0.00618161525215114,strong_evidence_gap
assist_17,sequence_shuffled_support,1.0,43,direct_unseen,3860,0.7345541679164509,0.0013248166225833247,0.619840915748688,0.002077285649025873,0.7358789845390342,0.6177636300996622,27.693069458007812,True,-0.005369208954816962,-0.05193098876596347,0.007596147029149436,0.010152550923022419,strong_evidence_gap
assist_17,sequence_shuffled_support,1.0,43,direct_unseen_bridgeable,3860,0.7345541679164509,0.0013248166225833247,0.619840915748688,0.002077285649025873,0.7358789845390342,0.6177636300996622,27.693069458007812,True,-0.005369208954816962,-0.05193098876596347,0.007596147029149436,0.010152550923022419,strong_evidence_gap
assist_17,sequence_shuffled_support,1.0,43,high_seq_support,19249,0.7704737582941482,0.00017899801579479568,0.5500180221597181,0.00022487004311610992,0.770652756309943,0.549793152116602,27.693069458007812,True,-0.0010910613823269522,-0.01758736661256599,0.008394210720835581,0.009680782680198518,strong_evidence_gap
assist_17,sequence_shuffled_support,1.0,43,high_crg_mass,19317,0.7994946554232525,0.00019353119594167634,0.5414417919002876,0.00024808595144654166,0.7996881866191942,0.5411937059488411,27.693069458007812,True,-0.0028017876545036735,-0.019761526020895315,0.00910593690094329,0.01086197412306773,strong_evidence_gap
assist_17,sequence_shuffled_support,1.0,43,short_history,38708,0.7721949363390208,0.00014983598001649945,0.566831144643183,0.00015445461807961358,0.7723447723190373,0.5666766900251033,27.693069458007812,True,-0.002191658419964715,-0.015809432385150757,0.006232257592398582,0.009918710330694613,strong_evidence_gap
assist_17,sequence_shuffled_support,1.0,43,long_history,38553,0.7953802480902645,8.476863874484764e-05,0.5405311673825977,0.00012285216974861068,0.7954650167290094,0.540408315212849,27.693069458007812,True,-0.002775444715604092,-0.016709358842542765,0.006330561631632902,0.007910037312063679,strong_evidence_gap
assist_17,sequence_shuffled_support,1.0,44,all,77261,0.784215462569506,4.61777678211206e-05,0.5536242892192238,5.5436966564959e-05,0.7842616403373271,0.5535688522526588,27.8217830657959,True,-0.002111932310029707,-0.019535028034825763,0.006295107082172957,0.00886930393823362,strong_evidence_gap
assist_17,sequence_shuffled_support,1.0,44,graph_hits_history,77261,0.784215462569506,4.61777678211206e-05,0.5536242892192238,5.5436966564959e-05,0.7842616403373271,0.5535688522526588,27.8217830657959,True,-0.002111932310029707,-0.019535028034825763,0.006295107082172957,0.00886930393823362,strong_evidence_gap
assist_17,sequence_shuffled_support,1.0,44,high_support_mass,19317,0.7995992212037735,8.896541542069425e-05,0.5412942735536491,0.00010056760480803284,0.7996881866191942,0.5411937059488411,27.8217830657959,True,-0.002815058798425918,-0.021355947051585833,0.00910593690094329,0.01086197412306773,strong_evidence_gap
assist_17,sequence_shuffled_support,1.0,44,query_seq_top5_q4_high,19249,0.770550368027374,0.00010238828256903254,0.5498783993919694,8.524727536740606e-05,0.770652756309943,0.549793152116602,27.8217830657959,True,-0.0005305865631684004,-0.012565859976181537,0.008394210720835581,0.009680782680198518,strong_evidence_gap
assist_17,sequence_shuffled_support,1.0,44,multi_concept,33639,0.7673174107694254,1.9017437430379758e-05,0.569365163674328,2.198261181363126e-05,0.7673364282068558,0.5693431810625144,27.8217830657959,True,-0.0010866064953318766,-0.014002250172601705,0.003986246245700098,0.005355565707132848,strong_evidence_gap
assist_17,sequence_shuffled_support,1.0,44,direct_seen,73401,0.7862835760596626,3.240424938610875e-05,0.5502338902202776,4.0902635531137044e-05,0.7863159803090487,0.5501929875847464,27.8217830657959,True,-0.002261850647209074,-0.01807213825550602,0.003951228781239813,0.00618161525215114,strong_evidence_gap
assist_17,sequence_shuffled_support,1.0,44,direct_unseen,3860,0.7355921249965915,0.00028685954244267453,0.6180954490434859,0.0003318189438237251,0.7358789845390342,0.6177636300996622,27.8217830657959,True,-0.0040213508575791534,-0.04735305204825613,0.007596147029149436,0.010152550923022419,strong_evidence_gap
assist_17,sequence_shuffled_support,1.0,44,direct_unseen_bridgeable,3860,0.7355921249965915,0.00028685954244267453,0.6180954490434859,0.0003318189438237251,0.7358789845390342,0.6177636300996622,27.8217830657959,True,-0.0040213508575791534,-0.04735305204825613,0.007596147029149436,0.010152550923022419,strong_evidence_gap
assist_17,sequence_shuffled_support,1.0,44,high_seq_support,19249,0.770550368027374,0.00010238828256903254,0.5498783993919694,8.524727536740606e-05,0.770652756309943,0.549793152116602,27.8217830657959,True,-0.0005305865631684004,-0.012565859976181537,0.008394210720835581,0.009680782680198518,strong_evidence_gap
assist_17,sequence_shuffled_support,1.0,44,high_crg_mass,19317,0.7995992212037735,8.896541542069425e-05,0.5412942735536491,0.00010056760480803284,0.7996881866191942,0.5411937059488411,27.8217830657959,True,-0.002815058798425918,-0.021355947051585833,0.00910593690094329,0.01086197412306773,strong_evidence_gap
assist_17,sequence_shuffled_support,1.0,44,short_history,38708,0.7722890851739643,5.5687145072980115e-05,0.5667310708405148,5.438081541142559e-05,0.7723447723190373,0.5666766900251033,27.8217830657959,True,-0.0013260230103070425,-0.019986921563762694,0.006232257592398582,0.009918710330694613,strong_evidence_gap
assist_17,sequence_shuffled_support,1.0,44,long_history,38553,0.7954340278627768,3.0988866232539714e-05,0.5404648125767594,5.6497363910335e-05,0.7954650167290094,0.540408315212849,27.8217830657959,True,-0.002878029923915393,-0.019081317695342492,0.006330561631632902,0.007910037312063679,strong_evidence_gap
assist_17,sequence_shuffled_support,1.0,45,all,77261,0.7841780416863773,8.359865094986763e-05,0.5536748865431897,0.00010603429053090974,0.7842616403373271,0.5535688522526588,27.653465270996094,True,-0.003379199132884647,-0.01845540114301336,0.006295107082172957,0.00886930393823362,strong_evidence_gap
assist_17,sequence_shuffled_support,1.0,45,graph_hits_history,77261,0.7841780416863773,8.359865094986763e-05,0.5536748865431897,0.00010603429053090974,0.7842616403373271,0.5535688522526588,27.653465270996094,True,-0.003379199132884647,-0.01845540114301336,0.006295107082172957,0.00886930393823362,strong_evidence_gap
assist_17,sequence_shuffled_support,1.0,45,high_support_mass,19317,0.7995880409421181,0.00010014567707605782,0.5413612657211947,0.0001675597723536093,0.7996881866191942,0.5411937059488411,27.653465270996094,True,-0.003910480684949591,-0.022260767692482197,0.00910593690094329,0.01086197412306773,strong_evidence_gap
assist_17,sequence_shuffled_support,1.0,45,query_seq_top5_q4_high,19249,0.7705527058159951,0.00010005049394790078,0.5499615878114257,0.0001684356948237209,0.770652756309943,0.549793152116602,27.653465270996094,True,-0.0019113622585804624,-0.016471686684053743,0.008394210720835581,0.009680782680198518,strong_evidence_gap
assist_17,sequence_shuffled_support,1.0,45,multi_concept,33639,0.7673350518503674,1.3763564883362278e-06,0.5693612122670639,1.803120454957341e-05,0.7673364282068558,0.5693431810625144,27.653465270996094,True,-0.002462005283843216,-0.015174735014109597,0.003986246245700098,0.005355565707132848,strong_evidence_gap
assist_17,sequence_shuffled_support,1.0,45,direct_seen,73401,0.7863155097997259,4.705093228363211e-07,0.5502049891916763,1.2001606929823438e-05,0.7863159803090487,0.5501929875847464,27.653465270996094,True,-0.003339854829568001,-0.01681762956796551,0.003951228781239813,0.00618161525215114,strong_evidence_gap
assist_17,sequence_shuffled_support,1.0,45,direct_unseen,3860,0.7345762550104982,0.0013027295285360507,0.6196577713873465,0.0018941412876842811,0.7358789845390342,0.6177636300996622,27.653465270996094,True,-0.005780819676601379,-0.04959894295132494,0.007596147029149436,0.010152550923022419,strong_evidence_gap
assist_17,sequence_shuffled_support,1.0,45,direct_unseen_bridgeable,3860,0.7345762550104982,0.0013027295285360507,0.6196577713873465,0.0018941412876842811,0.7358789845390342,0.6177636300996622,27.653465270996094,True,-0.005780819676601379,-0.04959894295132494,0.007596147029149436,0.010152550923022419,strong_evidence_gap
assist_17,sequence_shuffled_support,1.0,45,high_seq_support,19249,0.7705527058159951,0.00010005049394790078,0.5499615878114257,0.0001684356948237209,0.770652756309943,0.549793152116602,27.653465270996094,True,-0.0019113622585804624,-0.016471686684053743,0.008394210720835581,0.009680782680198518,strong_evidence_gap
assist_17,sequence_shuffled_support,1.0,45,high_crg_mass,19317,0.7995880409421181,0.00010014567707605782,0.5413612657211947,0.0001675597723536093,0.7996881866191942,0.5411937059488411,27.653465270996094,True,-0.003910480684949591,-0.022260767692482197,0.00910593690094329,0.01086197412306773,strong_evidence_gap
assist_17,sequence_shuffled_support,1.0,45,short_history,38708,0.7722226976737263,0.00012207464531099887,0.5668111578826415,0.00013446785753812307,0.7723447723190373,0.5666766900251033,27.653465270996094,True,-0.0031364996462155403,-0.01779009805872611,0.006232257592398582,0.009918710330694613,strong_evidence_gap
assist_17,sequence_shuffled_support,1.0,45,long_history,38553,0.795430057470161,3.495925884833273e-05,0.5404858016209398,7.748640809079888e-05,0.7954650167290094,0.540408315212849,27.653465270996094,True,-0.003702184136770148,-0.01912337903803052,0.006330561631632902,0.007910037312063679,strong_evidence_gap
assist_17,sequence_shuffled_support,1.0,46,all,77261,0.784191147755759,7.049258156810456e-05,0.5536378916127805,6.90393601217032e-05,0.7842616403373271,0.5535688522526588,27.346534729003906,True,-0.0048481022412214525,-0.016948017135138604,0.006295107082172957,0.00886930393823362,strong_evidence_gap
assist_17,sequence_shuffled_support,1.0,46,graph_hits_history,77261,0.784191147755759,7.049258156810456e-05,0.5536378916127805,6.90393601217032e-05,0.7842616403373271,0.5535688522526588,27.346534729003906,True,-0.0048481022412214525,-0.016948017135138604,0.006295107082172957,0.00886930393823362,strong_evidence_gap
assist_17,sequence_shuffled_support,1.0,46,high_support_mass,19317,0.7995910364288893,9.715019030487326e-05,0.5412892340232701,9.552807442902989e-05,0.7996881866191942,0.5411937059488411,27.346534729003906,True,-0.00464521454683775,-0.020988659864103254,0.00910593690094329,0.01086197412306773,strong_evidence_gap
assist_17,sequence_shuffled_support,1.0,46,query_seq_top5_q4_high,19249,0.770581856725452,7.089958449102429e-05,0.5498454948371038,5.234272050180788e-05,0.770652756309943,0.549793152116602,27.346534729003906,True,-0.0007393813811197303,-0.01775423396408471,0.008394210720835581,0.009680782680198518,strong_evidence_gap
assist_17,sequence_shuffled_support,1.0,46,multi_concept,33639,0.7672842578274345,5.2170379421290214e-05,0.5693930188189018,4.9837756387449694e-05,0.7673364282068558,0.5693431810625144,27.346534729003906,True,-0.0024806921082269895,-0.013619661960276419,0.003986246245700098,0.005355565707132848,strong_evidence_gap
assist_17,sequence_shuffled_support,1.0,46,direct_seen,73401,0.7862533443227769,6.263598627176403e-05,0.550249844691,5.6857106253582756e-05,0.7863159803090487,0.5501929875847464,27.346534729003906,True,-0.004582286513126976,-0.015041323660862638,0.003951228781239813,0.00618161525215114,strong_evidence_gap
assist_17,sequence_shuffled_support,1.0,46,direct_unseen,3860,0.7358874376244102,-8.453085376003422e-06,0.6180643248007602,0.00030069470109805874,0.7358789845390342,0.6177636300996622,27.346534729003906,True,-0.006116488970086875,-0.05320532483082152,0.007596147029149436,0.010152550923022419,strong_evidence_gap
assist_17,sequence_shuffled_support,1.0,46,direct_unseen_bridgeable,3860,0.7358874376244102,-8.453085376003422e-06,0.6180643248007602,0.00030069470109805874,0.7358789845390342,0.6177636300996622,27.346534729003906,True,-0.006116488970086875,-0.05320532483082152,0.007596147029149436,0.010152550923022419,strong_evidence_gap
assist_17,sequence_shuffled_support,1.0,46,high_seq_support,19249,0.770581856725452,7.089958449102429e-05,0.5498454948371038,5.234272050180788e-05,0.770652756309943,0.549793152116602,27.346534729003906,True,-0.0007393813811197303,-0.01775423396408471,0.008394210720835581,0.009680782680198518,strong_evidence_gap
assist_17,sequence_shuffled_support,1.0,46,high_crg_mass,19317,0.7995910364288893,9.715019030487326e-05,0.5412892340232701,9.552807442902989e-05,0.7996881866191942,0.5411937059488411,27.346534729003906,True,-0.00464521454683775,-0.020988659864103254,0.00910593690094329,0.01086197412306773,strong_evidence_gap
assist_17,sequence_shuffled_support,1.0,46,short_history,38708,0.772248285772634,9.648654640326271e-05,0.5667510234248251,7.433339972173769e-05,0.7723447723190373,0.5666766900251033,27.346534729003906,True,-0.005236325372118156,-0.016138578134594628,0.006232257592398582,0.009918710330694613,strong_evidence_gap
assist_17,sequence_shuffled_support,1.0,46,long_history,38553,0.7954205158754368,4.450085357254885e-05,0.5404720392490049,6.372403615584332e-05,0.7954650167290094,0.540408315212849,27.346534729003906,True,-0.004478671633980524,-0.017760710436129035,0.006330561631632902,0.007910037312063679,strong_evidence_gap
assist_17,self_only_fallback,0.0,42,all,77261,0.7842616403373271,0.0,0.5535688522510871,-1.5717427359618341e-12,0.7842616403373271,0.5535688522526588,25.8217830657959,True,0.0,0.0,0.006295107082172957,0.00886930393823362,strong_evidence_gap
assist_17,self_only_fallback,0.0,42,graph_hits_history,77261,0.7842616403373271,0.0,0.5535688522510871,-1.5717427359618341e-12,0.7842616403373271,0.5535688522526588,25.8217830657959,True,0.0,0.0,0.006295107082172957,0.00886930393823362,strong_evidence_gap
assist_17,self_only_fallback,0.0,42,high_support_mass,19317,0.7996881866191942,0.0,0.5411937059488411,0.0,0.7996881866191942,0.5411937059488411,25.8217830657959,True,0.0,0.0,0.00910593690094329,0.01086197412306773,strong_evidence_gap
assist_17,self_only_fallback,0.0,42,query_seq_top5_q4_high,19249,0.770652756309943,0.0,0.549793152116602,0.0,0.770652756309943,0.549793152116602,25.8217830657959,True,0.0,0.0,0.008394210720835581,0.009680782680198518,strong_evidence_gap
assist_17,self_only_fallback,0.0,42,multi_concept,33639,0.7673364282068558,0.0,0.5693431810589047,-3.6096681199637715e-12,0.7673364282068558,0.5693431810625144,25.8217830657959,True,0.0,0.0,0.003986246245700098,0.005355565707132848,strong_evidence_gap
assist_17,self_only_fallback,0.0,42,direct_seen,73401,0.7863159803090487,0.0,0.5501929875830921,-1.6543433289939458e-12,0.7863159803090487,0.5501929875847464,25.8217830657959,True,0.0,0.0,0.003951228781239813,0.00618161525215114,strong_evidence_gap
assist_17,self_only_fallback,0.0,42,direct_unseen,3860,0.7358789845390342,0.0,0.6177636300996622,0.0,0.7358789845390342,0.6177636300996622,25.8217830657959,True,0.0,0.0,0.007596147029149436,0.010152550923022419,strong_evidence_gap
assist_17,self_only_fallback,0.0,42,direct_unseen_bridgeable,3860,0.7358789845390342,0.0,0.6177636300996622,0.0,0.7358789845390342,0.6177636300996622,25.8217830657959,True,0.0,0.0,0.007596147029149436,0.010152550923022419,strong_evidence_gap
assist_17,self_only_fallback,0.0,42,high_seq_support,19249,0.770652756309943,0.0,0.549793152116602,0.0,0.770652756309943,0.549793152116602,25.8217830657959,True,0.0,0.0,0.008394210720835581,0.009680782680198518,strong_evidence_gap
assist_17,self_only_fallback,0.0,42,high_crg_mass,19317,0.7996881866191942,0.0,0.5411937059488411,0.0,0.7996881866191942,0.5411937059488411,25.8217830657959,True,0.0,0.0,0.00910593690094329,0.01086197412306773,strong_evidence_gap
assist_17,self_only_fallback,0.0,42,short_history,38708,0.7723447723190373,0.0,0.5666766900251033,0.0,0.7723447723190373,0.5666766900251033,25.8217830657959,True,0.0,0.0,0.006232257592398582,0.009918710330694613,strong_evidence_gap
assist_17,self_only_fallback,0.0,42,long_history,38553,0.7954650167290094,0.0,0.5404083152096995,-3.1495916985591066e-12,0.7954650167290094,0.540408315212849,25.8217830657959,True,0.0,0.0,0.006330561631632902,0.007910037312063679,strong_evidence_gap
assist_17,self_only_fallback,0.25,42,all,77261,0.7731935181362601,0.01106812220106701,0.5758563901057201,0.022287537853061257,0.7842616403373271,0.5535688522526588,1.0,True,0.01090265076070751,0.022188656156901132,0.006295107082172957,0.00886930393823362,strong_evidence_gap
assist_17,self_only_fallback,0.25,42,graph_hits_history,77261,0.7731935181362601,0.01106812220106701,0.5758563901057201,0.022287537853061257,0.7842616403373271,0.5535688522526588,1.0,True,0.01090265076070751,0.022188656156901132,0.006295107082172957,0.00886930393823362,strong_evidence_gap
assist_17,self_only_fallback,0.25,42,high_support_mass,19317,0.78591305881862,0.013775127800574216,0.5727488048362989,0.03155509888745778,0.7996881866191942,0.5411937059488411,1.0,True,0.013705814511745462,0.03141067170538836,0.00910593690094329,0.01086197412306773,strong_evidence_gap
assist_17,self_only_fallback,0.25,42,query_seq_top5_q4_high,19249,0.7603212681720197,0.010331488137923284,0.5839746148140424,0.03418146269744049,0.770652756309943,0.549793152116602,1.0,True,0.010160309424900538,0.03414779331947182,0.008394210720835581,0.009680782680198518,strong_evidence_gap
assist_17,self_only_fallback,0.25,42,multi_concept,33639,0.7608242675582391,0.006512160648616705,0.5886815723487195,0.01933839128620518,0.7673364282068558,0.5693431810625144,1.0,True,0.00636809062304855,0.01915166267019297,0.003986246245700098,0.005355565707132848,strong_evidence_gap
assist_17,self_only_fallback,0.25,42,direct_seen,73401,0.7778502887444609,0.008465691564587763,0.5672120349273437,0.017019047342597293,0.7863159803090487,0.5501929875847464,1.0,True,0.008317114629868505,0.01690636240672272,0.003951228781239813,0.00618161525215114,strong_evidence_gap
assist_17,self_only_fallback,0.25,42,direct_unseen,3860,0.7212382406675211,0.014640743871513151,0.7402357461803314,0.12247211608066921,0.7358789845390342,0.6177636300996622,1.0,True,0.0126602677719303,0.1226357140731803,0.007596147029149436,0.010152550923022419,strong_evidence_gap
assist_17,self_only_fallback,0.25,42,direct_unseen_bridgeable,3860,0.7212382406675211,0.014640743871513151,0.7402357461803314,0.12247211608066921,0.7358789845390342,0.6177636300996622,1.0,True,0.0126602677719303,0.1226357140731803,0.007596147029149436,0.010152550923022419,strong_evidence_gap
assist_17,self_only_fallback,0.25,42,high_seq_support,19249,0.7603212681720197,0.010331488137923284,0.5839746148140424,0.03418146269744049,0.770652756309943,0.549793152116602,1.0,True,0.010160309424900538,0.03414779331947182,0.008394210720835581,0.009680782680198518,strong_evidence_gap
assist_17,self_only_fallback,0.25,42,high_crg_mass,19317,0.78591305881862,0.013775127800574216,0.5727488048362989,0.03155509888745778,0.7996881866191942,0.5411937059488411,1.0,True,0.013705814511745462,0.03141067170538836,0.00910593690094329,0.01086197412306773,strong_evidence_gap
assist_17,self_only_fallback,0.25,42,short_history,38708,0.7609871265708168,0.011357645748220513,0.5897048827300669,0.02302819270496359,0.7723447723190373,0.5666766900251033,1.0,True,0.011441931436082298,0.023175050346869952,0.006232257592398582,0.009918710330694613,strong_evidence_gap
assist_17,self_only_fallback,0.25,42,long_history,38553,0.7846898855190169,0.010775131209992517,0.5619522204560634,0.021543905243214367,0.7954650167290094,0.540408315212849,1.0,True,0.010392427720013253,0.021198296228871816,0.006330561631632902,0.007910037312063679,strong_evidence_gap
assist_17,self_only_fallback,0.25,43,all,77261,0.7731935181362601,0.01106812220106701,0.5758563901057201,0.022287537853061257,0.7842616403373271,0.5535688522526588,1.0,True,0.010539370004403859,0.02189988613513405,0.006295107082172957,0.00886930393823362,strong_evidence_gap
assist_17,self_only_fallback,0.25,43,graph_hits_history,77261,0.7731935181362601,0.01106812220106701,0.5758563901057201,0.022287537853061257,0.7842616403373271,0.5535688522526588,1.0,True,0.010539370004403859,0.02189988613513405,0.006295107082172957,0.00886930393823362,strong_evidence_gap
assist_17,self_only_fallback,0.25,43,high_support_mass,19317,0.78591305881862,0.013775127800574216,0.5727488048362989,0.03155509888745778,0.7996881866191942,0.5411937059488411,1.0,True,0.013355239640458372,0.031140851083967025,0.00910593690094329,0.01086197412306773,strong_evidence_gap
assist_17,self_only_fallback,0.25,43,query_seq_top5_q4_high,19249,0.7603212681720197,0.010331488137923284,0.5839746148140424,0.03418146269744049,0.770652756309943,0.549793152116602,1.0,True,0.009281998238827693,0.03333045702202431,0.008394210720835581,0.009680782680198518,strong_evidence_gap
assist_17,self_only_fallback,0.25,43,multi_concept,33639,0.7608242675582391,0.006512160648616705,0.5886815723487195,0.01933839128620518,0.7673364282068558,0.5693431810625144,1.0,True,0.006394886451128734,0.01911979745774106,0.003986246245700098,0.005355565707132848,strong_evidence_gap
assist_17,self_only_fallback,0.25,43,direct_seen,73401,0.7778502887444609,0.008465691564587763,0.5672120349273437,0.017019047342597293,0.7863159803090487,0.5501929875847464,1.0,True,0.007992183312126366,0.01665427028369071,0.003951228781239813,0.00618161525215114,strong_evidence_gap
assist_17,self_only_fallback,0.25,43,direct_unseen,3860,0.7212382406675211,0.014640743871513151,0.7402357461803314,0.12247211608066921,0.7358789845390342,0.6177636300996622,1.0,True,0.012904043846971969,0.1216494843506235,0.007596147029149436,0.010152550923022419,strong_evidence_gap
assist_17,self_only_fallback,0.25,43,direct_unseen_bridgeable,3860,0.7212382406675211,0.014640743871513151,0.7402357461803314,0.12247211608066921,0.7358789845390342,0.6177636300996622,1.0,True,0.012904043846971969,0.1216494843506235,0.007596147029149436,0.010152550923022419,strong_evidence_gap
assist_17,self_only_fallback,0.25,43,high_seq_support,19249,0.7603212681720197,0.010331488137923284,0.5839746148140424,0.03418146269744049,0.770652756309943,0.549793152116602,1.0,True,0.009281998238827693,0.03333045702202431,0.008394210720835581,0.009680782680198518,strong_evidence_gap
assist_17,self_only_fallback,0.25,43,high_crg_mass,19317,0.78591305881862,0.013775127800574216,0.5727488048362989,0.03155509888745778,0.7996881866191942,0.5411937059488411,1.0,True,0.013355239640458372,0.031140851083967025,0.00910593690094329,0.01086197412306773,strong_evidence_gap
assist_17,self_only_fallback,0.25,43,short_history,38708,0.7609871265708168,0.011357645748220513,0.5897048827300669,0.02302819270496359,0.7723447723190373,0.5666766900251033,1.0,True,0.010708836446857495,0.02263582440484524,0.006232257592398582,0.009918710330694613,strong_evidence_gap
assist_17,self_only_fallback,0.25,43,long_history,38553,0.7846898855190169,0.010775131209992517,0.5619522204560634,0.021543905243214367,0.7954650167290094,0.540408315212849,1.0,True,0.010380627938702314,0.021160989070211134,0.006330561631632902,0.007910037312063679,strong_evidence_gap
assist_17,self_only_fallback,0.25,44,all,77261,0.7731935181362601,0.01106812220106701,0.5758563901057201,0.022287537853061257,0.7842616403373271,0.5535688522526588,1.0,True,0.010757499103133616,0.02201153100546205,0.006295107082172957,0.00886930393823362,strong_evidence_gap
assist_17,self_only_fallback,0.25,44,graph_hits_history,77261,0.7731935181362601,0.01106812220106701,0.5758563901057201,0.022287537853061257,0.7842616403373271,0.5535688522526588,1.0,True,0.010757499103133616,0.02201153100546205,0.006295107082172957,0.00886930393823362,strong_evidence_gap
assist_17,self_only_fallback,0.25,44,high_support_mass,19317,0.78591305881862,0.013775127800574216,0.5727488048362989,0.03155509888745778,0.7996881866191942,0.5411937059488411,1.0,True,0.013458564975282195,0.031187216062080414,0.00910593690094329,0.01086197412306773,strong_evidence_gap
assist_17,self_only_fallback,0.25,44,query_seq_top5_q4_high,19249,0.7603212681720197,0.010331488137923284,0.5839746148140424,0.03418146269744049,0.770652756309943,0.549793152116602,1.0,True,0.009605510459289035,0.03367520347660735,0.008394210720835581,0.009680782680198518,strong_evidence_gap
assist_17,self_only_fallback,0.25,44,multi_concept,33639,0.7608242675582391,0.006512160648616705,0.5886815723487195,0.01933839128620518,0.7673364282068558,0.5693431810625144,1.0,True,0.006356352063077386,0.019180384462381017,0.003986246245700098,0.005355565707132848,strong_evidence_gap
assist_17,self_only_fallback,0.25,44,direct_seen,73401,0.7778502887444609,0.008465691564587763,0.5672120349273437,0.017019047342597293,0.7863159803090487,0.5501929875847464,1.0,True,0.008133976062180026,0.016733183817253083,0.003951228781239813,0.00618161525215114,strong_evidence_gap
assist_17,self_only_fallback,0.25,44,direct_unseen,3860,0.7212382406675211,0.014640743871513151,0.7402357461803314,0.12247211608066921,0.7358789845390342,0.6177636300996622,1.0,True,0.01348948817931439,0.1223835418763759,0.007596147029149436,0.010152550923022419,strong_evidence_gap
assist_17,self_only_fallback,0.25,44,direct_unseen_bridgeable,3860,0.7212382406675211,0.014640743871513151,0.7402357461803314,0.12247211608066921,0.7358789845390342,0.6177636300996622,1.0,True,0.01348948817931439,0.1223835418763759,0.007596147029149436,0.010152550923022419,strong_evidence_gap
assist_17,self_only_fallback,0.25,44,high_seq_support,19249,0.7603212681720197,0.010331488137923284,0.5839746148140424,0.03418146269744049,0.770652756309943,0.549793152116602,1.0,True,0.009605510459289035,0.03367520347660735,0.008394210720835581,0.009680782680198518,strong_evidence_gap
assist_17,self_only_fallback,0.25,44,high_crg_mass,19317,0.78591305881862,0.013775127800574216,0.5727488048362989,0.03155509888745778,0.7996881866191942,0.5411937059488411,1.0,True,0.013458564975282195,0.031187216062080414,0.00910593690094329,0.01086197412306773,strong_evidence_gap
assist_17,self_only_fallback,0.25,44,short_history,38708,0.7609871265708168,0.011357645748220513,0.5897048827300669,0.02302819270496359,0.7723447723190373,0.5666766900251033,1.0,True,0.010885876971018282,0.022598422674955043,0.006232257592398582,0.009918710330694613,strong_evidence_gap
assist_17,self_only_fallback,0.25,44,long_history,38553,0.7846898855190169,0.010775131209992517,0.5619522204560634,0.021543905243214367,0.7954650167290094,0.540408315212849,1.0,True,0.010655375807081646,0.021422279773580244,0.006330561631632902,0.007910037312063679,strong_evidence_gap
assist_17,self_only_fallback,0.25,45,all,77261,0.7731935181362601,0.01106812220106701,0.5758563901057201,0.022287537853061257,0.7842616403373271,0.5535688522526588,1.0,True,0.010654519636055126,0.02187308183817227,0.006295107082172957,0.00886930393823362,strong_evidence_gap
assist_17,self_only_fallback,0.25,45,graph_hits_history,77261,0.7731935181362601,0.01106812220106701,0.5758563901057201,0.022287537853061257,0.7842616403373271,0.5535688522526588,1.0,True,0.010654519636055126,0.02187308183817227,0.006295107082172957,0.00886930393823362,strong_evidence_gap
assist_17,self_only_fallback,0.25,45,high_support_mass,19317,0.78591305881862,0.013775127800574216,0.5727488048362989,0.03155509888745778,0.7996881866191942,0.5411937059488411,1.0,True,0.013603550868435454,0.031397799528737114,0.00910593690094329,0.01086197412306773,strong_evidence_gap
assist_17,self_only_fallback,0.25,45,query_seq_top5_q4_high,19249,0.7603212681720197,0.010331488137923284,0.5839746148140424,0.03418146269744049,0.770652756309943,0.549793152116602,1.0,True,0.010095571542447668,0.034108232137398886,0.008394210720835581,0.009680782680198518,strong_evidence_gap
assist_17,self_only_fallback,0.25,45,multi_concept,33639,0.7608242675582391,0.006512160648616705,0.5886815723487195,0.01933839128620518,0.7673364282068558,0.5693431810625144,1.0,True,0.0062295350074833555,0.018964334226662438,0.003986246245700098,0.005355565707132848,strong_evidence_gap
assist_17,self_only_fallback,0.25,45,direct_seen,73401,0.7778502887444609,0.008465691564587763,0.5672120349273437,0.017019047342597293,0.7863159803090487,0.5501929875847464,1.0,True,0.008022317845719495,0.016588267320894023,0.003951228781239813,0.00618161525215114,strong_evidence_gap
assist_17,self_only_fallback,0.25,45,direct_unseen,3860,0.7212382406675211,0.014640743871513151,0.7402357461803314,0.12247211608066921,0.7358789845390342,0.6177636300996622,1.0,True,0.013945409429280353,0.12236807416530882,0.007596147029149436,0.010152550923022419,strong_evidence_gap
assist_17,self_only_fallback,0.25,45,direct_unseen_bridgeable,3860,0.7212382406675211,0.014640743871513151,0.7402357461803314,0.12247211608066921,0.7358789845390342,0.6177636300996622,1.0,True,0.013945409429280353,0.12236807416530882,0.007596147029149436,0.010152550923022419,strong_evidence_gap
assist_17,self_only_fallback,0.25,45,high_seq_support,19249,0.7603212681720197,0.010331488137923284,0.5839746148140424,0.03418146269744049,0.770652756309943,0.549793152116602,1.0,True,0.010095571542447668,0.034108232137398886,0.008394210720835581,0.009680782680198518,strong_evidence_gap
assist_17,self_only_fallback,0.25,45,high_crg_mass,19317,0.78591305881862,0.013775127800574216,0.5727488048362989,0.03155509888745778,0.7996881866191942,0.5411937059488411,1.0,True,0.013603550868435454,0.031397799528737114,0.00910593690094329,0.01086197412306773,strong_evidence_gap
assist_17,self_only_fallback,0.25,45,short_history,38708,0.7609871265708168,0.011357645748220513,0.5897048827300669,0.02302819270496359,0.7723447723190373,0.5666766900251033,1.0,True,0.010873806884109882,0.022579414329128022,0.006232257592398582,0.009918710330694613,strong_evidence_gap
assist_17,self_only_fallback,0.25,45,long_history,38553,0.7846898855190169,0.010775131209992517,0.5619522204560634,0.021543905243214367,0.7954650167290094,0.540408315212849,1.0,True,0.010437305396438945,0.021163909580243945,0.006330561631632902,0.007910037312063679,strong_evidence_gap
assist_17,self_only_fallback,0.25,46,all,77261,0.7731935181362601,0.01106812220106701,0.5758563901057201,0.022287537853061257,0.7842616403373271,0.5535688522526588,1.0,True,0.011017040713900306,0.022325377412030556,0.006295107082172957,0.00886930393823362,strong_evidence_gap
assist_17,self_only_fallback,0.25,46,graph_hits_history,77261,0.7731935181362601,0.01106812220106701,0.5758563901057201,0.022287537853061257,0.7842616403373271,0.5535688522526588,1.0,True,0.011017040713900306,0.022325377412030556,0.006295107082172957,0.00886930393823362,strong_evidence_gap
assist_17,self_only_fallback,0.25,46,high_support_mass,19317,0.78591305881862,0.013775127800574216,0.5727488048362989,0.03155509888745778,0.7996881866191942,0.5411937059488411,1.0,True,0.013792228617456881,0.031599141494488836,0.00910593690094329,0.01086197412306773,strong_evidence_gap
assist_17,self_only_fallback,0.25,46,query_seq_top5_q4_high,19249,0.7603212681720197,0.010331488137923284,0.5839746148140424,0.03418146269744049,0.770652756309943,0.549793152116602,1.0,True,0.010407349092886431,0.03433329455018663,0.008394210720835581,0.009680782680198518,strong_evidence_gap
assist_17,self_only_fallback,0.25,46,multi_concept,33639,0.7608242675582391,0.006512160648616705,0.5886815723487195,0.01933839128620518,0.7673364282068558,0.5693431810625144,1.0,True,0.006464762596653406,0.019234631860141738,0.003986246245700098,0.005355565707132848,strong_evidence_gap
assist_17,self_only_fallback,0.25,46,direct_seen,73401,0.7778502887444609,0.008465691564587763,0.5672120349273437,0.017019047342597293,0.7863159803090487,0.5501929875847464,1.0,True,0.008433232094654075,0.01703440737152695,0.003951228781239813,0.00618161525215114,strong_evidence_gap
assist_17,self_only_fallback,0.25,46,direct_unseen,3860,0.7212382406675211,0.014640743871513151,0.7402357461803314,0.12247211608066921,0.7358789845390342,0.6177636300996622,1.0,True,0.013606876993973893,0.12293742195685287,0.007596147029149436,0.010152550923022419,strong_evidence_gap
assist_17,self_only_fallback,0.25,46,direct_unseen_bridgeable,3860,0.7212382406675211,0.014640743871513151,0.7402357461803314,0.12247211608066921,0.7358789845390342,0.6177636300996622,1.0,True,0.013606876993973893,0.12293742195685287,0.007596147029149436,0.010152550923022419,strong_evidence_gap
assist_17,self_only_fallback,0.25,46,high_seq_support,19249,0.7603212681720197,0.010331488137923284,0.5839746148140424,0.03418146269744049,0.770652756309943,0.549793152116602,1.0,True,0.010407349092886431,0.03433329455018663,0.008394210720835581,0.009680782680198518,strong_evidence_gap
assist_17,self_only_fallback,0.25,46,high_crg_mass,19317,0.78591305881862,0.013775127800574216,0.5727488048362989,0.03155509888745778,0.7996881866191942,0.5411937059488411,1.0,True,0.013792228617456881,0.031599141494488836,0.00910593690094329,0.01086197412306773,strong_evidence_gap
assist_17,self_only_fallback,0.25,46,short_history,38708,0.7609871265708168,0.011357645748220513,0.5897048827300669,0.02302819270496359,0.7723447723190373,0.5666766900251033,1.0,True,0.011340085949049006,0.023147653057854822,0.006232257592398582,0.009918710330694613,strong_evidence_gap
assist_17,self_only_fallback,0.25,46,long_history,38553,0.7846898855190169,0.010775131209992517,0.5619522204560634,0.021543905243214367,0.7954650167290094,0.540408315212849,1.0,True,0.010691891866914105,0.02149979585680628,0.006330561631632902,0.007910037312063679,strong_evidence_gap
assist_17,self_only_fallback,0.5,42,all,77261,0.7731935181362601,0.01106812220106701,0.5758563901057201,0.022287537853061257,0.7842616403373271,0.5535688522526588,1.0,True,0.010414804850579218,0.021664064634796976,0.006295107082172957,0.00886930393823362,strong_evidence_gap
assist_17,self_only_fallback,0.5,42,graph_hits_history,77261,0.7731935181362601,0.01106812220106701,0.5758563901057201,0.022287537853061257,0.7842616403373271,0.5535688522526588,1.0,True,0.010414804850579218,0.021664064634796976,0.006295107082172957,0.00886930393823362,strong_evidence_gap
assist_17,self_only_fallback,0.5,42,high_support_mass,19317,0.78591305881862,0.013775127800574216,0.5727488048362989,0.03155509888745778,0.7996881866191942,0.5411937059488411,1.0,True,0.012926863365025576,0.030538994016559573,0.00910593690094329,0.01086197412306773,strong_evidence_gap
assist_17,self_only_fallback,0.5,42,query_seq_top5_q4_high,19249,0.7603212681720197,0.010331488137923284,0.5839746148140424,0.03418146269744049,0.770652756309943,0.549793152116602,1.0,True,0.008982612682840507,0.03307995122522678,0.008394210720835581,0.009680782680198518,strong_evidence_gap
assist_17,self_only_fallback,0.5,42,multi_concept,33639,0.7608242675582391,0.006512160648616705,0.5886815723487195,0.01933839128620518,0.7673364282068558,0.5693431810625144,1.0,True,0.0056565017409472285,0.018547577832545792,0.003986246245700098,0.005355565707132848,strong_evidence_gap
assist_17,self_only_fallback,0.5,42,direct_seen,73401,0.7778502887444609,0.008465691564587763,0.5672120349273437,0.017019047342597293,0.7863159803090487,0.5501929875847464,1.0,True,0.007810541750788325,0.016394759784260082,0.003951228781239813,0.00618161525215114,strong_evidence_gap
assist_17,self_only_fallback,0.5,42,direct_unseen,3860,0.7212382406675211,0.014640743871513151,0.7402357461803314,0.12247211608066921,0.7358789845390342,0.6177636300996622,1.0,True,0.012502931311864307,0.12186412819289683,0.007596147029149436,0.010152550923022419,strong_evidence_gap
assist_17,self_only_fallback,0.5,42,direct_unseen_bridgeable,3860,0.7212382406675211,0.014640743871513151,0.7402357461803314,0.12247211608066921,0.7358789845390342,0.6177636300996622,1.0,True,0.012502931311864307,0.12186412819289683,0.007596147029149436,0.010152550923022419,strong_evidence_gap
assist_17,self_only_fallback,0.5,42,high_seq_support,19249,0.7603212681720197,0.010331488137923284,0.5839746148140424,0.03418146269744049,0.770652756309943,0.549793152116602,1.0,True,0.008982612682840507,0.03307995122522678,0.008394210720835581,0.009680782680198518,strong_evidence_gap
assist_17,self_only_fallback,0.5,42,high_crg_mass,19317,0.78591305881862,0.013775127800574216,0.5727488048362989,0.03155509888745778,0.7996881866191942,0.5411937059488411,1.0,True,0.012926863365025576,0.030538994016559573,0.00910593690094329,0.01086197412306773,strong_evidence_gap
assist_17,self_only_fallback,0.5,42,short_history,38708,0.7609871265708168,0.011357645748220513,0.5897048827300669,0.02302819270496359,0.7723447723190373,0.5666766900251033,1.0,True,0.010933369992531694,0.02261031031639127,0.006232257592398582,0.009918710330694613,strong_evidence_gap
assist_17,self_only_fallback,0.5,42,long_history,38553,0.7846898855190169,0.010775131209992517,0.5619522204560634,0.021543905243214367,0.7954650167290094,0.540408315212849,1.0,True,0.009900286071807707,0.02071401462978728,0.006330561631632902,0.007910037312063679,strong_evidence_gap
assist_17,self_only_fallback,0.5,43,all,77261,0.7731935181362601,0.01106812220106701,0.5758563901057201,0.022287537853061257,0.7842616403373271,0.5535688522526588,1.0,True,0.009779629968889814,0.02123536038060936,0.006295107082172957,0.00886930393823362,strong_evidence_gap
assist_17,self_only_fallback,0.5,43,graph_hits_history,77261,0.7731935181362601,0.01106812220106701,0.5758563901057201,0.022287537853061257,0.7842616403373271,0.5535688522526588,1.0,True,0.009779629968889814,0.02123536038060936,0.006295107082172957,0.00886930393823362,strong_evidence_gap
assist_17,self_only_fallback,0.5,43,high_support_mass,19317,0.78591305881862,0.013775127800574216,0.5727488048362989,0.03155509888745778,0.7996881866191942,0.5411937059488411,1.0,True,0.012510479870263769,0.030394472217391,0.00910593690094329,0.01086197412306773,strong_evidence_gap
assist_17,self_only_fallback,0.5,43,query_seq_top5_q4_high,19249,0.7603212681720197,0.010331488137923284,0.5839746148140424,0.03418146269744049,0.770652756309943,0.549793152116602,1.0,True,0.00967367214463688,0.03344489599732925,0.008394210720835581,0.009680782680198518,strong_evidence_gap
assist_17,self_only_fallback,0.5,43,multi_concept,33639,0.7608242675582391,0.006512160648616705,0.5886815723487195,0.01933839128620518,0.7673364282068558,0.5693431810625144,1.0,True,0.005688682608707918,0.01856110726747673,0.003986246245700098,0.005355565707132848,strong_evidence_gap
assist_17,self_only_fallback,0.5,43,direct_seen,73401,0.7778502887444609,0.008465691564587763,0.5672120349273437,0.017019047342597293,0.7863159803090487,0.5501929875847464,1.0,True,0.007190179369046534,0.015960700804725114,0.003951228781239813,0.00618161525215114,strong_evidence_gap
assist_17,self_only_fallback,0.5,43,direct_unseen,3860,0.7212382406675211,0.014640743871513151,0.7402357461803314,0.12247211608066921,0.7358789845390342,0.6177636300996622,1.0,True,0.012071551277506587,0.12153724834161528,0.007596147029149436,0.010152550923022419,strong_evidence_gap
assist_17,self_only_fallback,0.5,43,direct_unseen_bridgeable,3860,0.7212382406675211,0.014640743871513151,0.7402357461803314,0.12247211608066921,0.7358789845390342,0.6177636300996622,1.0,True,0.012071551277506587,0.12153724834161528,0.007596147029149436,0.010152550923022419,strong_evidence_gap
assist_17,self_only_fallback,0.5,43,high_seq_support,19249,0.7603212681720197,0.010331488137923284,0.5839746148140424,0.03418146269744049,0.770652756309943,0.549793152116602,1.0,True,0.00967367214463688,0.03344489599732925,0.008394210720835581,0.009680782680198518,strong_evidence_gap
assist_17,self_only_fallback,0.5,43,high_crg_mass,19317,0.78591305881862,0.013775127800574216,0.5727488048362989,0.03155509888745778,0.7996881866191942,0.5411937059488411,1.0,True,0.012510479870263769,0.030394472217391,0.00910593690094329,0.01086197412306773,strong_evidence_gap
assist_17,self_only_fallback,0.5,43,short_history,38708,0.7609871265708168,0.011357645748220513,0.5897048827300669,0.02302819270496359,0.7723447723190373,0.5666766900251033,1.0,True,0.0100059308305962,0.021986466904025836,0.006232257592398582,0.009918710330694613,strong_evidence_gap
assist_17,self_only_fallback,0.5,43,long_history,38553,0.7846898855190169,0.010775131209992517,0.5619522204560634,0.021543905243214367,0.7954650167290094,0.540408315212849,1.0,True,0.009604360484034236,0.020481234078936317,0.006330561631632902,0.007910037312063679,strong_evidence_gap
assist_17,self_only_fallback,0.5,44,all,77261,0.7731935181362601,0.01106812220106701,0.5758563901057201,0.022287537853061257,0.7842616403373271,0.5535688522526588,1.0,True,0.009844445544441527,0.020972170300807003,0.006295107082172957,0.00886930393823362,strong_evidence_gap
assist_17,self_only_fallback,0.5,44,graph_hits_history,77261,0.7731935181362601,0.01106812220106701,0.5758563901057201,0.022287537853061257,0.7842616403373271,0.5535688522526588,1.0,True,0.009844445544441527,0.020972170300807003,0.006295107082172957,0.00886930393823362,strong_evidence_gap
assist_17,self_only_fallback,0.5,44,high_support_mass,19317,0.78591305881862,0.013775127800574216,0.5727488048362989,0.03155509888745778,0.7996881866191942,0.5411937059488411,1.0,True,0.012039083421349073,0.02970346613537911,0.00910593690094329,0.01086197412306773,strong_evidence_gap
assist_17,self_only_fallback,0.5,44,query_seq_top5_q4_high,19249,0.7603212681720197,0.010331488137923284,0.5839746148140424,0.03418146269744049,0.770652756309943,0.549793152116602,1.0,True,0.008211222459963974,0.03239607056006932,0.008394210720835581,0.009680782680198518,strong_evidence_gap
assist_17,self_only_fallback,0.5,44,multi_concept,33639,0.7608242675582391,0.006512160648616705,0.5886815723487195,0.01933839128620518,0.7673364282068558,0.5693431810625144,1.0,True,0.005633367811722079,0.018604496751852384,0.003986246245700098,0.005355565707132848,strong_evidence_gap
assist_17,self_only_fallback,0.5,44,direct_seen,73401,0.7778502887444609,0.008465691564587763,0.5672120349273437,0.017019047342597293,0.7863159803090487,0.5501929875847464,1.0,True,0.0072862532879675035,0.015843823515689914,0.003951228781239813,0.00618161525215114,strong_evidence_gap
assist_17,self_only_fallback,0.5,44,direct_unseen,3860,0.7212382406675211,0.014640743871513151,0.7402357461803314,0.12247211608066921,0.7358789845390342,0.6177636300996622,1.0,True,0.010571673983584717,0.11849180304028561,0.007596147029149436,0.010152550923022419,strong_evidence_gap
assist_17,self_only_fallback,0.5,44,direct_unseen_bridgeable,3860,0.7212382406675211,0.014640743871513151,0.7402357461803314,0.12247211608066921,0.7358789845390342,0.6177636300996622,1.0,True,0.010571673983584717,0.11849180304028561,0.007596147029149436,0.010152550923022419,strong_evidence_gap
assist_17,self_only_fallback,0.5,44,high_seq_support,19249,0.7603212681720197,0.010331488137923284,0.5839746148140424,0.03418146269744049,0.770652756309943,0.549793152116602,1.0,True,0.008211222459963974,0.03239607056006932,0.008394210720835581,0.009680782680198518,strong_evidence_gap
assist_17,self_only_fallback,0.5,44,high_crg_mass,19317,0.78591305881862,0.013775127800574216,0.5727488048362989,0.03155509888745778,0.7996881866191942,0.5411937059488411,1.0,True,0.012039083421349073,0.02970346613537911,0.00910593690094329,0.01086197412306773,strong_evidence_gap
assist_17,self_only_fallback,0.5,44,short_history,38708,0.7609871265708168,0.011357645748220513,0.5897048827300669,0.02302819270496359,0.7723447723190373,0.5666766900251033,1.0,True,0.009936592205568306,0.021498231839050974,0.006232257592398582,0.009918710330694613,strong_evidence_gap
assist_17,self_only_fallback,0.5,44,long_history,38553,0.7846898855190169,0.010775131209992517,0.5619522204560634,0.021543905243214367,0.7954650167290094,0.540408315212849,1.0,True,0.009744094374485868,0.0204439937640305,0.006330561631632902,0.007910037312063679,strong_evidence_gap
assist_17,self_only_fallback,0.5,45,all,77261,0.7731935181362601,0.01106812220106701,0.5758563901057201,0.022287537853061257,0.7842616403373271,0.5535688522526588,1.0,True,0.01038890944295967,0.021664521120019375,0.006295107082172957,0.00886930393823362,strong_evidence_gap
assist_17,self_only_fallback,0.5,45,graph_hits_history,77261,0.7731935181362601,0.01106812220106701,0.5758563901057201,0.022287537853061257,0.7842616403373271,0.5535688522526588,1.0,True,0.01038890944295967,0.021664521120019375,0.006295107082172957,0.00886930393823362,strong_evidence_gap
assist_17,self_only_fallback,0.5,45,high_support_mass,19317,0.78591305881862,0.013775127800574216,0.5727488048362989,0.03155509888745778,0.7996881866191942,0.5411937059488411,1.0,True,0.012614097711933447,0.030541293348135268,0.00910593690094329,0.01086197412306773,strong_evidence_gap
assist_17,self_only_fallback,0.5,45,query_seq_top5_q4_high,19249,0.7603212681720197,0.010331488137923284,0.5839746148140424,0.03418146269744049,0.770652756309943,0.549793152116602,1.0,True,0.010114005205780763,0.03406499915353911,0.008394210720835581,0.009680782680198518,strong_evidence_gap
assist_17,self_only_fallback,0.5,45,multi_concept,33639,0.7608242675582391,0.006512160648616705,0.5886815723487195,0.01933839128620518,0.7673364282068558,0.5693431810625144,1.0,True,0.006172712686876691,0.01894937709448352,0.003986246245700098,0.005355565707132848,strong_evidence_gap
assist_17,self_only_fallback,0.5,45,direct_seen,73401,0.7778502887444609,0.008465691564587763,0.5672120349273437,0.017019047342597293,0.7863159803090487,0.5501929875847464,1.0,True,0.007725666634552875,0.016336812429936787,0.003951228781239813,0.00618161525215114,strong_evidence_gap
assist_17,self_only_fallback,0.5,45,direct_unseen,3860,0.7212382406675211,0.014640743871513151,0.7402357461803314,0.12247211608066921,0.7358789845390342,0.6177636300996622,1.0,True,0.013915141930030295,0.12297518059171209,0.007596147029149436,0.010152550923022419,strong_evidence_gap
assist_17,self_only_fallback,0.5,45,direct_unseen_bridgeable,3860,0.7212382406675211,0.014640743871513151,0.7402357461803314,0.12247211608066921,0.7358789845390342,0.6177636300996622,1.0,True,0.013915141930030295,0.12297518059171209,0.007596147029149436,0.010152550923022419,strong_evidence_gap
assist_17,self_only_fallback,0.5,45,high_seq_support,19249,0.7603212681720197,0.010331488137923284,0.5839746148140424,0.03418146269744049,0.770652756309943,0.549793152116602,1.0,True,0.010114005205780763,0.03406499915353911,0.008394210720835581,0.009680782680198518,strong_evidence_gap
assist_17,self_only_fallback,0.5,45,high_crg_mass,19317,0.78591305881862,0.013775127800574216,0.5727488048362989,0.03155509888745778,0.7996881866191942,0.5411937059488411,1.0,True,0.012614097711933447,0.030541293348135268,0.00910593690094329,0.01086197412306773,strong_evidence_gap
assist_17,self_only_fallback,0.5,45,short_history,38708,0.7609871265708168,0.011357645748220513,0.5897048827300669,0.02302819270496359,0.7723447723190373,0.5666766900251033,1.0,True,0.010719163361379791,0.022506889744956737,0.006232257592398582,0.009918710330694613,strong_evidence_gap
assist_17,self_only_fallback,0.5,45,long_history,38553,0.7846898855190169,0.010775131209992517,0.5619522204560634,0.021543905243214367,0.7954650167290094,0.540408315212849,1.0,True,0.010051756481339269,0.020818765803077066,0.006330561631632902,0.007910037312063679,strong_evidence_gap
assist_17,self_only_fallback,0.5,46,all,77261,0.7731935181362601,0.01106812220106701,0.5758563901057201,0.022287537853061257,0.7842616403373271,0.5535688522526588,1.0,True,0.010653438463578357,0.02210484695306214,0.006295107082172957,0.00886930393823362,strong_evidence_gap
assist_17,self_only_fallback,0.5,46,graph_hits_history,77261,0.7731935181362601,0.01106812220106701,0.5758563901057201,0.022287537853061257,0.7842616403373271,0.5535688522526588,1.0,True,0.010653438463578357,0.02210484695306214,0.006295107082172957,0.00886930393823362,strong_evidence_gap
assist_17,self_only_fallback,0.5,46,high_support_mass,19317,0.78591305881862,0.013775127800574216,0.5727488048362989,0.03155509888745778,0.7996881866191942,0.5411937059488411,1.0,True,0.013074974747992352,0.031073778726937618,0.00910593690094329,0.01086197412306773,strong_evidence_gap
assist_17,self_only_fallback,0.5,46,query_seq_top5_q4_high,19249,0.7603212681720197,0.010331488137923284,0.5839746148140424,0.03418146269744049,0.770652756309943,0.549793152116602,1.0,True,0.010041528042660453,0.03403700658644904,0.008394210720835581,0.009680782680198518,strong_evidence_gap
assist_17,self_only_fallback,0.5,46,multi_concept,33639,0.7608242675582391,0.006512160648616705,0.5886815723487195,0.01933839128620518,0.7673364282068558,0.5693431810625144,1.0,True,0.006176167952577694,0.019085913813801758,0.003986246245700098,0.005355565707132848,strong_evidence_gap
assist_17,self_only_fallback,0.5,46,direct_seen,73401,0.7778502887444609,0.008465691564587763,0.5672120349273437,0.017019047342597293,0.7863159803090487,0.5501929875847464,1.0,True,0.008129566739281335,0.01682059322276841,0.003951228781239813,0.00618161525215114,strong_evidence_gap
assist_17,self_only_fallback,0.5,46,direct_unseen,3860,0.7212382406675211,0.014640743871513151,0.7402357461803314,0.12247211608066921,0.7358789845390342,0.6177636300996622,1.0,True,0.012659177051236647,0.12258917546531223,0.007596147029149436,0.010152550923022419,strong_evidence_gap
assist_17,self_only_fallback,0.5,46,direct_unseen_bridgeable,3860,0.7212382406675211,0.014640743871513151,0.7402357461803314,0.12247211608066921,0.7358789845390342,0.6177636300996622,1.0,True,0.012659177051236647,0.12258917546531223,0.007596147029149436,0.010152550923022419,strong_evidence_gap
assist_17,self_only_fallback,0.5,46,high_seq_support,19249,0.7603212681720197,0.010331488137923284,0.5839746148140424,0.03418146269744049,0.770652756309943,0.549793152116602,1.0,True,0.010041528042660453,0.03403700658644904,0.008394210720835581,0.009680782680198518,strong_evidence_gap
assist_17,self_only_fallback,0.5,46,high_crg_mass,19317,0.78591305881862,0.013775127800574216,0.5727488048362989,0.03155509888745778,0.7996881866191942,0.5411937059488411,1.0,True,0.013074974747992352,0.031073778726937618,0.00910593690094329,0.01086197412306773,strong_evidence_gap
assist_17,self_only_fallback,0.5,46,short_history,38708,0.7609871265708168,0.011357645748220513,0.5897048827300669,0.02302819270496359,0.7723447723190373,0.5666766900251033,1.0,True,0.010917375408472596,0.022979751891148315,0.006232257592398582,0.009918710330694613,strong_evidence_gap
assist_17,self_only_fallback,0.5,46,long_history,38553,0.7846898855190169,0.010775131209992517,0.5619522204560634,0.021543905243214367,0.7954650167290094,0.540408315212849,1.0,True,0.010404045966226794,0.021226424512695963,0.006330561631632902,0.007910037312063679,strong_evidence_gap
assist_17,self_only_fallback,0.75,42,all,77261,0.7731935181362601,0.01106812220106701,0.5758563901057201,0.022287537853061257,0.7842616403373271,0.5535688522526588,1.0,True,0.007940637575370224,0.01944044480852114,0.006295107082172957,0.00886930393823362,strong_evidence_gap
assist_17,self_only_fallback,0.75,42,graph_hits_history,77261,0.7731935181362601,0.01106812220106701,0.5758563901057201,0.022287537853061257,0.7842616403373271,0.5535688522526588,1.0,True,0.007940637575370224,0.01944044480852114,0.006295107082172957,0.00886930393823362,strong_evidence_gap
assist_17,self_only_fallback,0.75,42,high_support_mass,19317,0.78591305881862,0.013775127800574216,0.5727488048362989,0.03155509888745778,0.7996881866191942,0.5411937059488411,1.0,True,0.0103800983455683,0.02786599750821761,0.00910593690094329,0.01086197412306773,strong_evidence_gap
assist_17,self_only_fallback,0.75,42,query_seq_top5_q4_high,19249,0.7603212681720197,0.010331488137923284,0.5839746148140424,0.03418146269744049,0.770652756309943,0.549793152116602,1.0,True,0.0033121777752780357,0.027567976170267627,0.008394210720835581,0.009680782680198518,strong_evidence_gap
assist_17,self_only_fallback,0.75,42,multi_concept,33639,0.7608242675582391,0.006512160648616705,0.5886815723487195,0.01933839128620518,0.7673364282068558,0.5693431810625144,1.0,True,0.004215803282074715,0.017228311374369976,0.003986246245700098,0.005355565707132848,strong_evidence_gap
assist_17,self_only_fallback,0.75,42,direct_seen,73401,0.7778502887444609,0.008465691564587763,0.5672120349273437,0.017019047342597293,0.7863159803090487,0.5501929875847464,1.0,True,0.005305274769577428,0.014282011826380892,0.003951228781239813,0.00618161525215114,strong_evidence_gap
assist_17,self_only_fallback,0.75,42,direct_unseen,3860,0.7212382406675211,0.014640743871513151,0.7402357461803314,0.12247211608066921,0.7358789845390342,0.6177636300996622,1.0,True,0.01189240040356665,0.11753219074688048,0.007596147029149436,0.010152550923022419,strong_evidence_gap
assist_17,self_only_fallback,0.75,42,direct_unseen_bridgeable,3860,0.7212382406675211,0.014640743871513151,0.7402357461803314,0.12247211608066921,0.7358789845390342,0.6177636300996622,1.0,True,0.01189240040356665,0.11753219074688048,0.007596147029149436,0.010152550923022419,strong_evidence_gap
assist_17,self_only_fallback,0.75,42,high_seq_support,19249,0.7603212681720197,0.010331488137923284,0.5839746148140424,0.03418146269744049,0.770652756309943,0.549793152116602,1.0,True,0.0033121777752780357,0.027567976170267627,0.008394210720835581,0.009680782680198518,strong_evidence_gap
assist_17,self_only_fallback,0.75,42,high_crg_mass,19317,0.78591305881862,0.013775127800574216,0.5727488048362989,0.03155509888745778,0.7996881866191942,0.5411937059488411,1.0,True,0.0103800983455683,0.02786599750821761,0.00910593690094329,0.01086197412306773,strong_evidence_gap
assist_17,self_only_fallback,0.75,42,short_history,38708,0.7609871265708168,0.011357645748220513,0.5897048827300669,0.02302819270496359,0.7723447723190373,0.5666766900251033,1.0,True,0.00844807533006886,0.020358375938053896,0.006232257592398582,0.009918710330694613,strong_evidence_gap
assist_17,self_only_fallback,0.75,42,long_history,38553,0.7846898855190169,0.010775131209992517,0.5619522204560634,0.021543905243214367,0.7954650167290094,0.540408315212849,1.0,True,0.007401246419976526,0.01851882319251308,0.006330561631632902,0.007910037312063679,strong_evidence_gap
assist_17,self_only_fallback,0.75,43,all,77261,0.7731935181362601,0.01106812220106701,0.5758563901057201,0.022287537853061257,0.7842616403373271,0.5535688522526588,1.0,True,0.007959280486180553,0.019576512621753417,0.006295107082172957,0.00886930393823362,strong_evidence_gap
assist_17,self_only_fallback,0.75,43,graph_hits_history,77261,0.7731935181362601,0.01106812220106701,0.5758563901057201,0.022287537853061257,0.7842616403373271,0.5535688522526588,1.0,True,0.007959280486180553,0.019576512621753417,0.006295107082172957,0.00886930393823362,strong_evidence_gap
assist_17,self_only_fallback,0.75,43,high_support_mass,19317,0.78591305881862,0.013775127800574216,0.5727488048362989,0.03155509888745778,0.7996881866191942,0.5411937059488411,1.0,True,0.00990129172323062,0.027674025059902796,0.00910593690094329,0.01086197412306773,strong_evidence_gap
assist_17,self_only_fallback,0.75,43,query_seq_top5_q4_high,19249,0.7603212681720197,0.010331488137923284,0.5839746148140424,0.03418146269744049,0.770652756309943,0.549793152116602,1.0,True,0.005650983820330691,0.029867447468356345,0.008394210720835581,0.009680782680198518,strong_evidence_gap
assist_17,self_only_fallback,0.75,43,multi_concept,33639,0.7608242675582391,0.006512160648616705,0.5886815723487195,0.01933839128620518,0.7673364282068558,0.5693431810625144,1.0,True,0.004990984865001824,0.01811109676812117,0.003986246245700098,0.005355565707132848,strong_evidence_gap
assist_17,self_only_fallback,0.75,43,direct_seen,73401,0.7778502887444609,0.008465691564587763,0.5672120349273437,0.017019047342597293,0.7863159803090487,0.5501929875847464,1.0,True,0.005532716479977884,0.014569245641474993,0.003951228781239813,0.00618161525215114,strong_evidence_gap
assist_17,self_only_fallback,0.75,43,direct_unseen,3860,0.7212382406675211,0.014640743871513151,0.7402357461803314,0.12247211608066921,0.7358789845390342,0.6177636300996622,1.0,True,0.01001117988711031,0.11479371563196328,0.007596147029149436,0.010152550923022419,strong_evidence_gap
assist_17,self_only_fallback,0.75,43,direct_unseen_bridgeable,3860,0.7212382406675211,0.014640743871513151,0.7402357461803314,0.12247211608066921,0.7358789845390342,0.6177636300996622,1.0,True,0.01001117988711031,0.11479371563196328,0.007596147029149436,0.010152550923022419,strong_evidence_gap
assist_17,self_only_fallback,0.75,43,high_seq_support,19249,0.7603212681720197,0.010331488137923284,0.5839746148140424,0.03418146269744049,0.770652756309943,0.549793152116602,1.0,True,0.005650983820330691,0.029867447468356345,0.008394210720835581,0.009680782680198518,strong_evidence_gap
assist_17,self_only_fallback,0.75,43,high_crg_mass,19317,0.78591305881862,0.013775127800574216,0.5727488048362989,0.03155509888745778,0.7996881866191942,0.5411937059488411,1.0,True,0.00990129172323062,0.027674025059902796,0.00910593690094329,0.01086197412306773,strong_evidence_gap
assist_17,self_only_fallback,0.75,43,short_history,38708,0.7609871265708168,0.011357645748220513,0.5897048827300669,0.02302819270496359,0.7723447723190373,0.5666766900251033,1.0,True,0.008523015564736225,0.020460239285041704,0.006232257592398582,0.009918710330694613,strong_evidence_gap
assist_17,self_only_fallback,0.75,43,long_history,38553,0.7846898855190169,0.010775131209992517,0.5619522204560634,0.021543905243214367,0.7954650167290094,0.540408315212849,1.0,True,0.007451898837861792,0.018689232988973514,0.006330561631632902,0.007910037312063679,strong_evidence_gap
assist_17,self_only_fallback,0.75,44,all,77261,0.7731935181362601,0.01106812220106701,0.5758563901057201,0.022287537853061257,0.7842616403373271,0.5535688522526588,1.0,True,0.009553526117476618,0.020866280013611904,0.006295107082172957,0.00886930393823362,strong_evidence_gap
assist_17,self_only_fallback,0.75,44,graph_hits_history,77261,0.7731935181362601,0.01106812220106701,0.5758563901057201,0.022287537853061257,0.7842616403373271,0.5535688522526588,1.0,True,0.009553526117476618,0.020866280013611904,0.006295107082172957,0.00886930393823362,strong_evidence_gap
assist_17,self_only_fallback,0.75,44,high_support_mass,19317,0.78591305881862,0.013775127800574216,0.5727488048362989,0.03155509888745778,0.7996881866191942,0.5411937059488411,1.0,True,0.011311808484024466,0.02923412558062355,0.00910593690094329,0.01086197412306773,strong_evidence_gap
assist_17,self_only_fallback,0.75,44,query_seq_top5_q4_high,19249,0.7603212681720197,0.010331488137923284,0.5839746148140424,0.03418146269744049,0.770652756309943,0.549793152116602,1.0,True,0.009356515965609935,0.03329340628355948,0.008394210720835581,0.009680782680198518,strong_evidence_gap
assist_17,self_only_fallback,0.75,44,multi_concept,33639,0.7608242675582391,0.006512160648616705,0.5886815723487195,0.01933839128620518,0.7673364282068558,0.5693431810625144,1.0,True,0.00565985279166592,0.018485587096927047,0.003986246245700098,0.005355565707132848,strong_evidence_gap
assist_17,self_only_fallback,0.75,44,direct_seen,73401,0.7778502887444609,0.008465691564587763,0.5672120349273437,0.017019047342597293,0.7863159803090487,0.5501929875847464,1.0,True,0.007102784909885473,0.01578878229176306,0.003951228781239813,0.00618161525215114,strong_evidence_gap
assist_17,self_only_fallback,0.75,44,direct_unseen,3860,0.7212382406675211,0.014640743871513151,0.7402357461803314,0.12247211608066921,0.7358789845390342,0.6177636300996622,1.0,True,0.01234927603413949,0.11741897697771386,0.007596147029149436,0.010152550923022419,strong_evidence_gap
assist_17,self_only_fallback,0.75,44,direct_unseen_bridgeable,3860,0.7212382406675211,0.014640743871513151,0.7402357461803314,0.12247211608066921,0.7358789845390342,0.6177636300996622,1.0,True,0.01234927603413949,0.11741897697771386,0.007596147029149436,0.010152550923022419,strong_evidence_gap
assist_17,self_only_fallback,0.75,44,high_seq_support,19249,0.7603212681720197,0.010331488137923284,0.5839746148140424,0.03418146269744049,0.770652756309943,0.549793152116602,1.0,True,0.009356515965609935,0.03329340628355948,0.008394210720835581,0.009680782680198518,strong_evidence_gap
assist_17,self_only_fallback,0.75,44,high_crg_mass,19317,0.78591305881862,0.013775127800574216,0.5727488048362989,0.03155509888745778,0.7996881866191942,0.5411937059488411,1.0,True,0.011311808484024466,0.02923412558062355,0.00910593690094329,0.01086197412306773,strong_evidence_gap
assist_17,self_only_fallback,0.75,44,short_history,38708,0.7609871265708168,0.011357645748220513,0.5897048827300669,0.02302819270496359,0.7723447723190373,0.5666766900251033,1.0,True,0.010518125568485637,0.02232763541463134,0.006232257592398582,0.009918710330694613,strong_evidence_gap
assist_17,self_only_fallback,0.75,44,long_history,38553,0.7846898855190169,0.010775131209992517,0.5619522204560634,0.021543905243214367,0.7954650167290094,0.540408315212849,1.0,True,0.008582903750696591,0.01939904932176817,0.006330561631632902,0.007910037312063679,strong_evidence_gap
assist_17,self_only_fallback,0.75,45,all,77261,0.7731935181362601,0.01106812220106701,0.5758563901057201,0.022287537853061257,0.7842616403373271,0.5535688522526588,1.0,True,0.00831050028381608,0.019129010260451773,0.006295107082172957,0.00886930393823362,strong_evidence_gap
assist_17,self_only_fallback,0.75,45,graph_hits_history,77261,0.7731935181362601,0.01106812220106701,0.5758563901057201,0.022287537853061257,0.7842616403373271,0.5535688522526588,1.0,True,0.00831050028381608,0.019129010260451773,0.006295107082172957,0.00886930393823362,strong_evidence_gap
assist_17,self_only_fallback,0.75,45,high_support_mass,19317,0.78591305881862,0.013775127800574216,0.5727488048362989,0.03155509888745778,0.7996881866191942,0.5411937059488411,1.0,True,0.010741322632753847,0.028120782157222135,0.00910593690094329,0.01086197412306773,strong_evidence_gap
assist_17,self_only_fallback,0.75,45,query_seq_top5_q4_high,19249,0.7603212681720197,0.010331488137923284,0.5839746148140424,0.03418146269744049,0.770652756309943,0.549793152116602,1.0,True,0.008174983878403763,0.031719802576004485,0.008394210720835581,0.009680782680198518,strong_evidence_gap
assist_17,self_only_fallback,0.75,45,multi_concept,33639,0.7608242675582391,0.006512160648616705,0.5886815723487195,0.01933839128620518,0.7673364282068558,0.5693431810625144,1.0,True,0.004514343269704679,0.017382335581892283,0.003986246245700098,0.005355565707132848,strong_evidence_gap
assist_17,self_only_fallback,0.75,45,direct_seen,73401,0.7778502887444609,0.008465691564587763,0.5672120349273437,0.017019047342597293,0.7863159803090487,0.5501929875847464,1.0,True,0.005749692005504903,0.014148645345383515,0.003951228781239813,0.00618161525215114,strong_evidence_gap
assist_17,self_only_fallback,0.75,45,direct_unseen,3860,0.7212382406675211,0.014640743871513151,0.7402357461803314,0.12247211608066921,0.7358789845390342,0.6177636300996622,1.0,True,0.011359174324434784,0.1138346488954054,0.007596147029149436,0.010152550923022419,strong_evidence_gap
assist_17,self_only_fallback,0.75,45,direct_unseen_bridgeable,3860,0.7212382406675211,0.014640743871513151,0.7402357461803314,0.12247211608066921,0.7358789845390342,0.6177636300996622,1.0,True,0.011359174324434784,0.1138346488954054,0.007596147029149436,0.010152550923022419,strong_evidence_gap
assist_17,self_only_fallback,0.75,45,high_seq_support,19249,0.7603212681720197,0.010331488137923284,0.5839746148140424,0.03418146269744049,0.770652756309943,0.549793152116602,1.0,True,0.008174983878403763,0.031719802576004485,0.008394210720835581,0.009680782680198518,strong_evidence_gap
assist_17,self_only_fallback,0.75,45,high_crg_mass,19317,0.78591305881862,0.013775127800574216,0.5727488048362989,0.03155509888745778,0.7996881866191942,0.5411937059488411,1.0,True,0.010741322632753847,0.028120782157222135,0.00910593690094329,0.01086197412306773,strong_evidence_gap
assist_17,self_only_fallback,0.75,45,short_history,38708,0.7609871265708168,0.011357645748220513,0.5897048827300669,0.02302819270496359,0.7723447723190373,0.5666766900251033,1.0,True,0.007739876833074422,0.01859803862586329,0.006232257592398582,0.009918710330694613,strong_evidence_gap
assist_17,self_only_fallback,0.75,45,long_history,38553,0.7846898855190169,0.010775131209992517,0.5619522204560634,0.021543905243214367,0.7954650167290094,0.540408315212849,1.0,True,0.00895718923818134,0.01966211663431794,0.006330561631632902,0.007910037312063679,strong_evidence_gap
assist_17,self_only_fallback,0.75,46,all,77261,0.7731935181362601,0.01106812220106701,0.5758563901057201,0.022287537853061257,0.7842616403373271,0.5535688522526588,1.0,True,0.008722365760512663,0.020493954441414997,0.006295107082172957,0.00886930393823362,strong_evidence_gap
assist_17,self_only_fallback,0.75,46,graph_hits_history,77261,0.7731935181362601,0.01106812220106701,0.5758563901057201,0.022287537853061257,0.7842616403373271,0.5535688522526588,1.0,True,0.008722365760512663,0.020493954441414997,0.006295107082172957,0.00886930393823362,strong_evidence_gap
assist_17,self_only_fallback,0.75,46,high_support_mass,19317,0.78591305881862,0.013775127800574216,0.5727488048362989,0.03155509888745778,0.7996881866191942,0.5411937059488411,1.0,True,0.010788242897511124,0.02898914435999511,0.00910593690094329,0.01086197412306773,strong_evidence_gap
assist_17,self_only_fallback,0.75,46,query_seq_top5_q4_high,19249,0.7603212681720197,0.010331488137923284,0.5839746148140424,0.03418146269744049,0.770652756309943,0.549793152116602,1.0,True,0.008471905896748733,0.03273165965871638,0.008394210720835581,0.009680782680198518,strong_evidence_gap
assist_17,self_only_fallback,0.75,46,multi_concept,33639,0.7608242675582391,0.006512160648616705,0.5886815723487195,0.01933839128620518,0.7673364282068558,0.5693431810625144,1.0,True,0.004433082535786226,0.017521698660053375,0.003986246245700098,0.005355565707132848,strong_evidence_gap
assist_17,self_only_fallback,0.75,46,direct_seen,73401,0.7778502887444609,0.008465691564587763,0.5672120349273437,0.017019047342597293,0.7863159803090487,0.5501929875847464,1.0,True,0.006314875822453159,0.01531169782504127,0.003951228781239813,0.00618161525215114,strong_evidence_gap
assist_17,self_only_fallback,0.75,46,direct_unseen,3860,0.7212382406675211,0.014640743871513151,0.7402357461803314,0.12247211608066921,0.7358789845390342,0.6177636300996622,1.0,True,0.011221879857115535,0.11903872591769449,0.007596147029149436,0.010152550923022419,strong_evidence_gap
assist_17,self_only_fallback,0.75,46,direct_unseen_bridgeable,3860,0.7212382406675211,0.014640743871513151,0.7402357461803314,0.12247211608066921,0.7358789845390342,0.6177636300996622,1.0,True,0.011221879857115535,0.11903872591769449,0.007596147029149436,0.010152550923022419,strong_evidence_gap
assist_17,self_only_fallback,0.75,46,high_seq_support,19249,0.7603212681720197,0.010331488137923284,0.5839746148140424,0.03418146269744049,0.770652756309943,0.549793152116602,1.0,True,0.008471905896748733,0.03273165965871638,0.008394210720835581,0.009680782680198518,strong_evidence_gap
assist_17,self_only_fallback,0.75,46,high_crg_mass,19317,0.78591305881862,0.013775127800574216,0.5727488048362989,0.03155509888745778,0.7996881866191942,0.5411937059488411,1.0,True,0.010788242897511124,0.02898914435999511,0.00910593690094329,0.01086197412306773,strong_evidence_gap
assist_17,self_only_fallback,0.75,46,short_history,38708,0.7609871265708168,0.011357645748220513,0.5897048827300669,0.02302819270496359,0.7723447723190373,0.5666766900251033,1.0,True,0.009100075728908807,0.021461881067986632,0.006232257592398582,0.009918710330694613,strong_evidence_gap
assist_17,self_only_fallback,0.75,46,long_history,38553,0.7846898855190169,0.010775131209992517,0.5619522204560634,0.021543905243214367,0.7954650167290094,0.540408315212849,1.0,True,0.0083573051345881,0.019522136324502393,0.006330561631632902,0.007910037312063679,strong_evidence_gap
assist_17,self_only_fallback,1.0,42,all,77261,0.7731935181362601,0.01106812220106701,0.5758563901057201,0.022287537853061257,0.7842616403373271,0.5535688522526588,1.0,True,0.008502930273390552,0.006678870723594965,0.006295107082172957,0.00886930393823362,strong_evidence_gap
assist_17,self_only_fallback,1.0,42,graph_hits_history,77261,0.7731935181362601,0.01106812220106701,0.5758563901057201,0.022287537853061257,0.7842616403373271,0.5535688522526588,1.0,True,0.008502930273390552,0.006678870723594965,0.006295107082172957,0.00886930393823362,strong_evidence_gap
assist_17,self_only_fallback,1.0,42,high_support_mass,19317,0.78591305881862,0.013775127800574216,0.5727488048362989,0.03155509888745778,0.7996881866191942,0.5411937059488411,1.0,True,0.01020644678154281,0.011756122680496084,0.00910593690094329,0.01086197412306773,strong_evidence_gap
assist_17,self_only_fallback,1.0,42,query_seq_top5_q4_high,19249,0.7603212681720197,0.010331488137923284,0.5839746148140424,0.03418146269744049,0.770652756309943,0.549793152116602,1.0,True,0.00950950679747764,0.01966812200385415,0.008394210720835581,0.009680782680198518,strong_evidence_gap
assist_17,self_only_fallback,1.0,42,multi_concept,33639,0.7608242675582391,0.006512160648616705,0.5886815723487195,0.01933839128620518,0.7673364282068558,0.5693431810625144,1.0,True,0.0047934202110152535,0.00682460936678031,0.003986246245700098,0.005355565707132848,strong_evidence_gap
assist_17,self_only_fallback,1.0,42,direct_seen,73401,0.7778502887444609,0.008465691564587763,0.5672120349273437,0.017019047342597293,0.7863159803090487,0.5501929875847464,1.0,True,0.006182436147194825,0.0032616504589333406,0.003951228781239813,0.00618161525215114,strong_evidence_gap
assist_17,self_only_fallback,1.0,42,direct_unseen,3860,0.7212382406675211,0.014640743871513151,0.7402357461803314,0.12247211608066921,0.7358789845390342,0.6177636300996622,1.0,True,0.008517165216917144,0.07166005845582857,0.007596147029149436,0.010152550923022419,strong_evidence_gap
assist_17,self_only_fallback,1.0,42,direct_unseen_bridgeable,3860,0.7212382406675211,0.014640743871513151,0.7402357461803314,0.12247211608066921,0.7358789845390342,0.6177636300996622,1.0,True,0.008517165216917144,0.07166005845582857,0.007596147029149436,0.010152550923022419,strong_evidence_gap
assist_17,self_only_fallback,1.0,42,high_seq_support,19249,0.7603212681720197,0.010331488137923284,0.5839746148140424,0.03418146269744049,0.770652756309943,0.549793152116602,1.0,True,0.00950950679747764,0.01966812200385415,0.008394210720835581,0.009680782680198518,strong_evidence_gap
assist_17,self_only_fallback,1.0,42,high_crg_mass,19317,0.78591305881862,0.013775127800574216,0.5727488048362989,0.03155509888745778,0.7996881866191942,0.5411937059488411,1.0,True,0.01020644678154281,0.011756122680496084,0.00910593690094329,0.01086197412306773,strong_evidence_gap
assist_17,self_only_fallback,1.0,42,short_history,38708,0.7609871265708168,0.011357645748220513,0.5897048827300669,0.02302819270496359,0.7723447723190373,0.5666766900251033,1.0,True,0.009403682971381722,0.007966957410374786,0.006232257592398582,0.009918710330694613,strong_evidence_gap
assist_17,self_only_fallback,1.0,42,long_history,38553,0.7846898855190169,0.010775131209992517,0.5619522204560634,0.021543905243214367,0.7954650167290094,0.540408315212849,1.0,True,0.0075449452019806795,0.005385605362355217,0.006330561631632902,0.007910037312063679,strong_evidence_gap
assist_17,self_only_fallback,1.0,43,all,77261,0.7731935181362601,0.01106812220106701,0.5758563901057201,0.022287537853061257,0.7842616403373271,0.5535688522526588,1.0,True,0.008482738407801671,0.005890359855392213,0.006295107082172957,0.00886930393823362,strong_evidence_gap
assist_17,self_only_fallback,1.0,43,graph_hits_history,77261,0.7731935181362601,0.01106812220106701,0.5758563901057201,0.022287537853061257,0.7842616403373271,0.5535688522526588,1.0,True,0.008482738407801671,0.005890359855392213,0.006295107082172957,0.00886930393823362,strong_evidence_gap
assist_17,self_only_fallback,1.0,43,high_support_mass,19317,0.78591305881862,0.013775127800574216,0.5727488048362989,0.03155509888745778,0.7996881866191942,0.5411937059488411,1.0,True,0.010779808950128866,0.011545486915115921,0.00910593690094329,0.01086197412306773,strong_evidence_gap
assist_17,self_only_fallback,1.0,43,query_seq_top5_q4_high,19249,0.7603212681720197,0.010331488137923284,0.5839746148140424,0.03418146269744049,0.770652756309943,0.549793152116602,1.0,True,0.009061428739801536,0.01636922604175839,0.008394210720835581,0.009680782680198518,strong_evidence_gap
assist_17,self_only_fallback,1.0,43,multi_concept,33639,0.7608242675582391,0.006512160648616705,0.5886815723487195,0.01933839128620518,0.7673364282068558,0.5693431810625144,1.0,True,0.00489682662863844,0.005934793773239022,0.003986246245700098,0.005355565707132848,strong_evidence_gap
assist_17,self_only_fallback,1.0,43,direct_seen,73401,0.7778502887444609,0.008465691564587763,0.5672120349273437,0.017019047342597293,0.7863159803090487,0.5501929875847464,1.0,True,0.006174227196757975,0.0025997556430830127,0.003951228781239813,0.00618161525215114,strong_evidence_gap
assist_17,self_only_fallback,1.0,43,direct_unseen,3860,0.7212382406675211,0.014640743871513151,0.7402357461803314,0.12247211608066921,0.7358789845390342,0.6177636300996622,1.0,True,0.007946718294112864,0.06846384166567987,0.007596147029149436,0.010152550923022419,strong_evidence_gap
assist_17,self_only_fallback,1.0,43,direct_unseen_bridgeable,3860,0.7212382406675211,0.014640743871513151,0.7402357461803314,0.12247211608066921,0.7358789845390342,0.6177636300996622,1.0,True,0.007946718294112864,0.06846384166567987,0.007596147029149436,0.010152550923022419,strong_evidence_gap
assist_17,self_only_fallback,1.0,43,high_seq_support,19249,0.7603212681720197,0.010331488137923284,0.5839746148140424,0.03418146269744049,0.770652756309943,0.549793152116602,1.0,True,0.009061428739801536,0.01636922604175839,0.008394210720835581,0.009680782680198518,strong_evidence_gap
assist_17,self_only_fallback,1.0,43,high_crg_mass,19317,0.78591305881862,0.013775127800574216,0.5727488048362989,0.03155509888745778,0.7996881866191942,0.5411937059488411,1.0,True,0.010779808950128866,0.011545486915115921,0.00910593690094329,0.01086197412306773,strong_evidence_gap
assist_17,self_only_fallback,1.0,43,short_history,38708,0.7609871265708168,0.011357645748220513,0.5897048827300669,0.02302819270496359,0.7723447723190373,0.5666766900251033,1.0,True,0.009016151348239299,0.00706430570173322,0.006232257592398582,0.009918710330694613,strong_evidence_gap
assist_17,self_only_fallback,1.0,43,long_history,38553,0.7846898855190169,0.010775131209992517,0.5619522204560634,0.021543905243214367,0.7954650167290094,0.540408315212849,1.0,True,0.007914917855643577,0.0047116942309229914,0.006330561631632902,0.007910037312063679,strong_evidence_gap
assist_17,self_only_fallback,1.0,44,all,77261,0.7731935181362601,0.01106812220106701,0.5758563901057201,0.022287537853061257,0.7842616403373271,0.5535688522526588,1.0,True,0.008910012123216182,0.0026970728516705345,0.006295107082172957,0.00886930393823362,strong_evidence_gap
assist_17,self_only_fallback,1.0,44,graph_hits_history,77261,0.7731935181362601,0.01106812220106701,0.5758563901057201,0.022287537853061257,0.7842616403373271,0.5535688522526588,1.0,True,0.008910012123216182,0.0026970728516705345,0.006295107082172957,0.00886930393823362,strong_evidence_gap
assist_17,self_only_fallback,1.0,44,high_support_mass,19317,0.78591305881862,0.013775127800574216,0.5727488048362989,0.03155509888745778,0.7996881866191942,0.5411937059488411,1.0,True,0.010871103586727604,0.010098584231063912,0.00910593690094329,0.01086197412306773,strong_evidence_gap
assist_17,self_only_fallback,1.0,44,query_seq_top5_q4_high,19249,0.7603212681720197,0.010331488137923284,0.5839746148140424,0.03418146269744049,0.770652756309943,0.549793152116602,1.0,True,0.00969851329218585,0.021530355445891547,0.008394210720835581,0.009680782680198518,strong_evidence_gap
assist_17,self_only_fallback,1.0,44,multi_concept,33639,0.7608242675582391,0.006512160648616705,0.5886815723487195,0.01933839128620518,0.7673364282068558,0.5693431810625144,1.0,True,0.005406536715854449,0.005314158501789845,0.003986246245700098,0.005355565707132848,strong_evidence_gap
assist_17,self_only_fallback,1.0,44,direct_seen,73401,0.7778502887444609,0.008465691564587763,0.5672120349273437,0.017019047342597293,0.7863159803090487,0.5501929875847464,1.0,True,0.00617143666799258,-0.0010939935484398644,0.003951228781239813,0.00618161525215114,strong_evidence_gap
assist_17,self_only_fallback,1.0,44,direct_unseen,3860,0.7212382406675211,0.014640743871513151,0.7402357461803314,0.12247211608066921,0.7358789845390342,0.6177636300996622,1.0,True,0.010332533471491323,0.07478724508858936,0.007596147029149436,0.010152550923022419,strong_evidence_gap
assist_17,self_only_fallback,1.0,44,direct_unseen_bridgeable,3860,0.7212382406675211,0.014640743871513151,0.7402357461803314,0.12247211608066921,0.7358789845390342,0.6177636300996622,1.0,True,0.010332533471491323,0.07478724508858936,0.007596147029149436,0.010152550923022419,strong_evidence_gap
assist_17,self_only_fallback,1.0,44,high_seq_support,19249,0.7603212681720197,0.010331488137923284,0.5839746148140424,0.03418146269744049,0.770652756309943,0.549793152116602,1.0,True,0.00969851329218585,0.021530355445891547,0.008394210720835581,0.009680782680198518,strong_evidence_gap
assist_17,self_only_fallback,1.0,44,high_crg_mass,19317,0.78591305881862,0.013775127800574216,0.5727488048362989,0.03155509888745778,0.7996881866191942,0.5411937059488411,1.0,True,0.010871103586727604,0.010098584231063912,0.00910593690094329,0.01086197412306773,strong_evidence_gap
assist_17,self_only_fallback,1.0,44,short_history,38708,0.7609871265708168,0.011357645748220513,0.5897048827300669,0.02302819270496359,0.7723447723190373,0.5666766900251033,1.0,True,0.00997593559284049,0.0029868903257894708,0.006232257592398582,0.009918710330694613,strong_evidence_gap
assist_17,self_only_fallback,1.0,44,long_history,38553,0.7846898855190169,0.010775131209992517,0.5619522204560634,0.021543905243214367,0.7954650167290094,0.540408315212849,1.0,True,0.007866112419844584,0.00240609018396154,0.006330561631632902,0.007910037312063679,strong_evidence_gap
assist_17,self_only_fallback,1.0,45,all,77261,0.7731935181362601,0.01106812220106701,0.5758563901057201,0.022287537853061257,0.7842616403373271,0.5535688522526588,1.0,True,0.007605324417232495,0.0037261024195169856,0.006295107082172957,0.00886930393823362,strong_evidence_gap
assist_17,self_only_fallback,1.0,45,graph_hits_history,77261,0.7731935181362601,0.01106812220106701,0.5758563901057201,0.022287537853061257,0.7842616403373271,0.5535688522526588,1.0,True,0.007605324417232495,0.0037261024195169856,0.006295107082172957,0.00886930393823362,strong_evidence_gap
assist_17,self_only_fallback,1.0,45,high_support_mass,19317,0.78591305881862,0.013775127800574216,0.5727488048362989,0.03155509888745778,0.7996881866191942,0.5411937059488411,1.0,True,0.009764501438548567,0.009126771422621971,0.00910593690094329,0.01086197412306773,strong_evidence_gap
assist_17,self_only_fallback,1.0,45,query_seq_top5_q4_high,19249,0.7603212681720197,0.010331488137923284,0.5839746148140424,0.03418146269744049,0.770652756309943,0.549793152116602,1.0,True,0.00832007538539492,0.017541340318563026,0.008394210720835581,0.009680782680198518,strong_evidence_gap
assist_17,self_only_fallback,1.0,45,multi_concept,33639,0.7608242675582391,0.006512160648616705,0.5886815723487195,0.01933839128620518,0.7673364282068558,0.5693431810625144,1.0,True,0.004048779008285153,0.0041456250675460105,0.003986246245700098,0.005355565707132848,strong_evidence_gap
assist_17,self_only_fallback,1.0,45,direct_seen,73401,0.7778502887444609,0.008465691564587763,0.5672120349273437,0.017019047342597293,0.7863159803090487,0.5501929875847464,1.0,True,0.005125366225696926,0.00018941616770196124,0.003951228781239813,0.00618161525215114,strong_evidence_gap
assist_17,self_only_fallback,1.0,45,direct_unseen,3860,0.7212382406675211,0.014640743871513151,0.7402357461803314,0.12247211608066921,0.7358789845390342,0.6177636300996622,1.0,True,0.007557194666375722,0.07097903184165999,0.007596147029149436,0.010152550923022419,strong_evidence_gap
assist_17,self_only_fallback,1.0,45,direct_unseen_bridgeable,3860,0.7212382406675211,0.014640743871513151,0.7402357461803314,0.12247211608066921,0.7358789845390342,0.6177636300996622,1.0,True,0.007557194666375722,0.07097903184165999,0.007596147029149436,0.010152550923022419,strong_evidence_gap
assist_17,self_only_fallback,1.0,45,high_seq_support,19249,0.7603212681720197,0.010331488137923284,0.5839746148140424,0.03418146269744049,0.770652756309943,0.549793152116602,1.0,True,0.00832007538539492,0.017541340318563026,0.008394210720835581,0.009680782680198518,strong_evidence_gap
assist_17,self_only_fallback,1.0,45,high_crg_mass,19317,0.78591305881862,0.013775127800574216,0.5727488048362989,0.03155509888745778,0.7996881866191942,0.5411937059488411,1.0,True,0.009764501438548567,0.009126771422621971,0.00910593690094329,0.01086197412306773,strong_evidence_gap
assist_17,self_only_fallback,1.0,45,short_history,38708,0.7609871265708168,0.011357645748220513,0.5897048827300669,0.02302819270496359,0.7723447723190373,0.5666766900251033,1.0,True,0.008099071456693974,0.005103626788699356,0.006232257592398582,0.009918710330694613,strong_evidence_gap
assist_17,self_only_fallback,1.0,45,long_history,38553,0.7846898855190169,0.010775131209992517,0.5619522204560634,0.021543905243214367,0.7954650167290094,0.540408315212849,1.0,True,0.007037987814374036,0.0023430397970930494,0.006330561631632902,0.007910037312063679,strong_evidence_gap
assist_17,self_only_fallback,1.0,46,all,77261,0.7731935181362601,0.01106812220106701,0.5758563901057201,0.022287537853061257,0.7842616403373271,0.5535688522526588,1.0,True,0.006149527378277453,0.005270481357800949,0.006295107082172957,0.00886930393823362,strong_evidence_gap
assist_17,self_only_fallback,1.0,46,graph_hits_history,77261,0.7731935181362601,0.01106812220106701,0.5758563901057201,0.022287537853061257,0.7842616403373271,0.5535688522526588,1.0,True,0.006149527378277453,0.005270481357800949,0.006295107082172957,0.00886930393823362,strong_evidence_gap
assist_17,self_only_fallback,1.0,46,high_support_mass,19317,0.78591305881862,0.013775127800574216,0.5727488048362989,0.03155509888745778,0.7996881866191942,0.5411937059488411,1.0,True,0.009032763063431593,0.010470910948925494,0.00910593690094329,0.01086197412306773,strong_evidence_gap
assist_17,self_only_fallback,1.0,46,query_seq_top5_q4_high,19249,0.7603212681720197,0.010331488137923284,0.5839746148140424,0.03418146269744049,0.770652756309943,0.549793152116602,1.0,True,0.009521207172312529,0.016374886012853973,0.008394210720835581,0.009680782680198518,strong_evidence_gap
assist_17,self_only_fallback,1.0,46,multi_concept,33639,0.7608242675582391,0.006512160648616705,0.5886815723487195,0.01933839128620518,0.7673364282068558,0.5693431810625144,1.0,True,0.003979298160968425,0.005668891569541312,0.003986246245700098,0.005355565707132848,strong_evidence_gap
assist_17,self_only_fallback,1.0,46,direct_seen,73401,0.7778502887444609,0.008465691564587763,0.5672120349273437,0.017019047342597293,0.7863159803090487,0.5501929875847464,1.0,True,0.0038207690651890225,0.0019208665754810728,0.003951228781239813,0.00618161525215114,strong_evidence_gap
assist_17,self_only_fallback,1.0,46,direct_unseen,3860,0.7212382406675211,0.014640743871513151,0.7402357461803314,0.12247211608066921,0.7358789845390342,0.6177636300996622,1.0,True,0.00853270798680228,0.06896609654874963,0.007596147029149436,0.010152550923022419,strong_evidence_gap
assist_17,self_only_fallback,1.0,46,direct_unseen_bridgeable,3860,0.7212382406675211,0.014640743871513151,0.7402357461803314,0.12247211608066921,0.7358789845390342,0.6177636300996622,1.0,True,0.00853270798680228,0.06896609654874963,0.007596147029149436,0.010152550923022419,strong_evidence_gap
assist_17,self_only_fallback,1.0,46,high_seq_support,19249,0.7603212681720197,0.010331488137923284,0.5839746148140424,0.03418146269744049,0.770652756309943,0.549793152116602,1.0,True,0.009521207172312529,0.016374886012853973,0.008394210720835581,0.009680782680198518,strong_evidence_gap
assist_17,self_only_fallback,1.0,46,high_crg_mass,19317,0.78591305881862,0.013775127800574216,0.5727488048362989,0.03155509888745778,0.7996881866191942,0.5411937059488411,1.0,True,0.009032763063431593,0.010470910948925494,0.00910593690094329,0.01086197412306773,strong_evidence_gap
assist_17,self_only_fallback,1.0,46,short_history,38708,0.7609871265708168,0.011357645748220513,0.5897048827300669,0.02302819270496359,0.7723447723190373,0.5666766900251033,1.0,True,0.006024833829699094,0.006815281170647225,0.006232257592398582,0.009918710330694613,strong_evidence_gap
assist_17,self_only_fallback,1.0,46,long_history,38553,0.7846898855190169,0.010775131209992517,0.5619522204560634,0.021543905243214367,0.7954650167290094,0.540408315212849,1.0,True,0.0062519587224394435,0.0037194707709294894,0.006330561631632902,0.007910037312063679,strong_evidence_gap
