dataset,case_id,learner_rank,support_col_index,support_slot_id,support_valid_mask,global_support_prob,posterior_prob,posterior_minus_global,gate_alpha,learner_id,mapped_student_id,eval_row_id,candidate_type,query_item_id,query_concept_id,support_concept_id,query_mastery,query_recent_mastery,support_mastery,support_recent_mastery,support_count,pred_global,pred_full,true_label,support_identical_check_passed,mean_pairwise_l1,mean_pairwise_js
nips34,nips34_Q8_S96,1,1,0,True,0.15718198955987822,0.2007782824351286,0.04359629287525038,0.09588467329740524,63,48,1532,same_query_concept_slot,639,8,58,-0.1859186589717865,-0.2391371726989746,-0.40559059381484985,-0.044818565249443054,47.0,0.33627018332481384,0.6771837472915649,1.0,True,0.05240123385229797,0.001421183979343547
nips34,nips34_Q8_S96,1,2,1,True,0.03108218241727504,0.01765921639850062,-0.013422966018774421,0.09588467329740524,63,48,1532,same_query_concept_slot,639,8,59,-0.1859186589717865,-0.2391371726989746,0.5313423275947571,-0.23632359504699707,30.0,0.33627018332481384,0.6771837472915649,1.0,True,0.05240123385229797,0.001421183979343547
nips34,nips34_Q8_S96,1,3,2,True,0.02639481179122069,0.018874752496247618,-0.007520059294973073,0.09588467329740524,63,48,1532,same_query_concept_slot,639,8,57,-0.1859186589717865,-0.2391371726989746,-0.8244122266769409,-0.8447986841201782,10.0,0.33627018332481384,0.6771837472915649,1.0,True,0.05240123385229797,0.001421183979343547
nips34,nips34_Q8_S96,1,4,3,True,0.01483860298845007,0.005518394297149587,-0.009320208691300482,0.09588467329740524,63,48,1532,same_query_concept_slot,639,8,35,-0.1859186589717865,-0.2391371726989746,1.3498258590698242,1.489377498626709,13.0,0.33627018332481384,0.6771837472915649,1.0,True,0.05240123385229797,0.001421183979343547
nips34,nips34_Q8_S96,1,5,4,True,0.012499999902597238,0.004327760367047626,-0.008172239535549613,0.09588467329740524,63,48,1532,same_query_concept_slot,639,8,8,-0.1859186589717865,-0.2391371726989746,-0.1859186589717865,-0.2391371726989746,87.0,0.33627018332481384,0.6771837472915649,1.0,True,0.05240123385229797,0.001421183979343547
nips34,nips34_Q8_S96,1,6,5,True,0.003862768091146436,0.0013505750715872447,-0.0025121930195591913,0.09588467329740524,63,48,1532,same_query_concept_slot,639,8,1,-0.1859186589717865,-0.2391371726989746,0.020632416009902954,-0.2744305431842804,102.0,0.33627018332481384,0.6771837472915649,1.0,True,0.05240123385229797,0.001421183979343547
nips34,nips34_Q8_S96,1,7,6,True,0.003336506820004334,0.0012082536211720089,-0.002128253198832325,0.09588467329740524,63,48,1532,same_query_concept_slot,639,8,2,-0.1859186589717865,-0.2391371726989746,1.2723159790039062,1.4945365190505981,11.0,0.33627018332481384,0.6771837472915649,1.0,True,0.05240123385229797,0.001421183979343547
nips34,nips34_Q8_S96,1,8,7,True,0.0008031240249335863,0.0002827038873092582,-0.0005204201376243281,0.09588467329740524,63,48,1532,same_query_concept_slot,639,8,0,-0.1859186589717865,-0.2391371726989746,0.5426735877990723,0.24269966781139374,138.0,0.33627018332481384,0.6771837472915649,1.0,True,0.05240123385229797,0.001421183979343547
nips34,nips34_Q8_S96,1,9,8,True,2.955442268237221e-09,1.1723470604339085e-09,-1.7830952078033124e-09,0.09588467329740524,63,48,1532,same_query_concept_slot,639,8,20,-0.1859186589717865,-0.2391371726989746,0.0,0.0,0.0,0.33627018332481384,0.6771837472915649,1.0,True,0.05240123385229797,0.001421183979343547
nips34,nips34_Q8_S96,1,10,9,True,8.576860138426963e-10,2.348190657118869e-09,1.4905046432761729e-09,0.09588467329740524,63,48,1532,same_query_concept_slot,639,8,14,-0.1859186589717865,-0.2391371726989746,1.4357773065567017,1.5504417419433594,19.0,0.33627018332481384,0.6771837472915649,1.0,True,0.05240123385229797,0.001421183979343547
nips34,nips34_Q8_S96,1,11,10,True,5.533604004893691e-10,1.2199645240166948e-09,6.666041235273257e-10,0.09588467329740524,63,48,1532,same_query_concept_slot,639,8,4,-0.1859186589717865,-0.2391371726989746,0.35669970512390137,0.7213606834411621,2.0,0.33627018332481384,0.6771837472915649,1.0,True,0.05240123385229797,0.001421183979343547
nips34,nips34_Q8_S96,1,12,11,True,2.714637064595607e-10,2.4133956070061638e-09,2.141931900546603e-09,0.09588467329740524,63,48,1532,same_query_concept_slot,639,8,54,-0.1859186589717865,-0.2391371726989746,0.18996384739875793,0.443327397108078,1.0,0.33627018332481384,0.6771837472915649,1.0,True,0.05240123385229797,0.001421183979343547
nips34,nips34_Q8_S96,1,13,12,True,1.285398980284074e-10,2.95811585366608e-09,2.8295759556376722e-09,0.09588467329740524,63,48,1532,same_query_concept_slot,639,8,45,-0.1859186589717865,-0.2391371726989746,0.0,0.0,0.0,0.33627018332481384,0.6771837472915649,1.0,True,0.05240123385229797,0.001421183979343547
nips34,nips34_Q8_S96,1,14,13,True,1.0770784020054451e-10,3.2311128008969724e-09,3.1234049606964277e-09,0.09588467329740524,63,48,1532,same_query_concept_slot,639,8,74,-0.1859186589717865,-0.2391371726989746,1.1266733407974243,1.4267569780349731,9.0,0.33627018332481384,0.6771837472915649,1.0,True,0.05240123385229797,0.001421183979343547
nips34,nips34_Q8_S96,1,15,14,True,9.297915698421926e-11,1.44059580602687e-09,1.3476166490426508e-09,0.09588467329740524,63,48,1532,same_query_concept_slot,639,8,60,-0.1859186589717865,-0.2391371726989746,0.0,0.0,0.0,0.33627018332481384,0.6771837472915649,1.0,True,0.05240123385229797,0.001421183979343547
nips34,nips34_Q8_S96,1,16,15,True,9.279507507201995e-11,2.4746550464695715e-09,2.3818599713975514e-09,0.09588467329740524,63,48,1532,same_query_concept_slot,639,8,38,-0.1859186589717865,-0.2391371726989746,1.1560909748077393,1.508582592010498,8.0,0.33627018332481384,0.6771837472915649,1.0,True,0.05240123385229797,0.001421183979343547
nips34,nips34_Q8_S96,1,17,16,True,8.998090956863865e-11,3.0866676842624886e-09,2.99668677469385e-09,0.09588467329740524,63,48,1532,same_query_concept_slot,639,8,16,-0.1859186589717865,-0.2391371726989746,1.1560909748077393,1.508582592010498,8.0,0.33627018332481384,0.6771837472915649,1.0,True,0.05240123385229797,0.001421183979343547
nips34,nips34_Q8_S96,1,18,17,True,5.1451987335473234e-11,3.301943250620452e-09,3.250491263284979e-09,0.09588467329740524,63,48,1532,same_query_concept_slot,639,8,33,-0.1859186589717865,-0.2391371726989746,0.37009117007255554,0.7441906929016113,2.0,0.33627018332481384,0.6771837472915649,1.0,True,0.05240123385229797,0.001421183979343547
nips34,nips34_Q8_S96,1,19,18,True,4.846455418579645e-11,3.3333039411617365e-09,3.28483938697594e-09,0.09588467329740524,63,48,1532,same_query_concept_slot,639,8,56,-0.1859186589717865,-0.2391371726989746,0.37009117007255554,0.7441906929016113,2.0,0.33627018332481384,0.6771837472915649,1.0,True,0.05240123385229797,0.001421183979343547
nips34,nips34_Q8_S96,1,20,19,True,4.816753483898007e-11,2.814954820929471e-09,2.766787286090491e-09,0.09588467329740524,63,48,1532,same_query_concept_slot,639,8,17,-0.1859186589717865,-0.2391371726989746,0.9414645433425903,1.2629092931747437,10.0,0.33627018332481384,0.6771837472915649,1.0,True,0.05240123385229797,0.001421183979343547
nips34,nips34_Q8_S96,1,21,20,True,4.6921968717025316e-11,2.768924754162508e-09,2.7220027854454825e-09,0.09588467329740524,63,48,1532,same_query_concept_slot,639,8,46,-0.1859186589717865,-0.2391371726989746,0.0,0.0,0.0,0.33627018332481384,0.6771837472915649,1.0,True,0.05240123385229797,0.001421183979343547
nips34,nips34_Q8_S96,1,22,21,True,4.259218575541842e-11,2.960294555240686e-09,2.917702369485268e-09,0.09588467329740524,63,48,1532,same_query_concept_slot,639,8,23,-0.1859186589717865,-0.2391371726989746,0.0,0.0,0.0,0.33627018332481384,0.6771837472915649,1.0,True,0.05240123385229797,0.001421183979343547
nips34,nips34_Q8_S96,1,23,22,True,2.2401779575352917e-11,9.813689460228325e-10,9.589671664474796e-10,0.09588467329740524,63,48,1532,same_query_concept_slot,639,8,61,-0.1859186589717865,-0.2391371726989746,0.19567862153053284,0.45512011647224426,1.0,0.33627018332481384,0.6771837472915649,1.0,True,0.05240123385229797,0.001421183979343547
nips34,nips34_Q8_S96,1,24,23,True,2.603939791109263e-12,3.0331267369958692e-09,3.03052279720476e-09,0.09588467329740524,63,48,1532,same_query_concept_slot,639,8,9,-0.1859186589717865,-0.2391371726989746,2.0,1.694718599319458,34.0,0.33627018332481384,0.6771837472915649,1.0,True,0.05240123385229797,0.001421183979343547
nips34,nips34_Q8_S96,1,25,24,True,0.14221867596225923,0.19027764318663792,0.04805896722437869,0.09588467329740524,63,48,1532,same_query_concept_slot,639,8,58,-0.1859186589717865,-0.2391371726989746,-0.40559059381484985,-0.044818565249443054,47.0,0.33627018332481384,0.6771837472915649,1.0,True,0.05240123385229797,0.001421183979343547
nips34,nips34_Q8_S96,1,26,25,True,0.033738046118906365,0.020421198667121134,-0.01331684745178523,0.09588467329740524,63,48,1532,same_query_concept_slot,639,8,59,-0.1859186589717865,-0.2391371726989746,0.5313423275947571,-0.23632359504699707,30.0,0.33627018332481384,0.6771837472915649,1.0,True,0.05240123385229797,0.001421183979343547
nips34,nips34_Q8_S96,1,27,26,True,0.029607110916234976,0.022670612676560002,-0.006936498239674974,0.09588467329740524,63,48,1532,same_query_concept_slot,639,8,57,-0.1859186589717865,-0.2391371726989746,-0.8244122266769409,-0.8447986841201782,10.0,0.33627018332481384,0.6771837472915649,1.0,True,0.05240123385229797,0.001421183979343547
nips34,nips34_Q8_S96,1,28,27,True,0.019229040976100748,0.0074488037951086425,-0.011780237180992106,0.09588467329740524,63,48,1532,same_query_concept_slot,639,8,35,-0.1859186589717865,-0.2391371726989746,1.3498258590698242,1.489377498626709,13.0,0.33627018332481384,0.6771837472915649,1.0,True,0.05240123385229797,0.001421183979343547
nips34,nips34_Q8_S96,1,29,28,True,0.012500000833919792,0.004496680389108326,-0.008003320444811467,0.09588467329740524,63,48,1532,same_query_concept_slot,639,8,8,-0.1859186589717865,-0.2391371726989746,-0.1859186589717865,-0.2391371726989746,87.0,0.33627018332481384,0.6771837472915649,1.0,True,0.05240123385229797,0.001421183979343547
nips34,nips34_Q8_S96,1,30,29,True,0.0067345000206507355,0.002446881861214151,-0.004287618159436585,0.09588467329740524,63,48,1532,same_query_concept_slot,639,8,1,-0.1859186589717865,-0.2391371726989746,0.020632416009902954,-0.2744305431842804,102.0,0.33627018332481384,0.6771837472915649,1.0,True,0.05240123385229797,0.001421183979343547
nips34,nips34_Q8_S96,1,31,30,True,0.004862261825727368,0.0018318769705699554,-0.0030303848551574124,0.09588467329740524,63,48,1532,same_query_concept_slot,639,8,2,-0.1859186589717865,-0.2391371726989746,1.2723159790039062,1.4945365190505981,11.0,0.33627018332481384,0.6771837472915649,1.0,True,0.05240123385229797,0.001421183979343547
nips34,nips34_Q8_S96,1,32,31,True,0.0011101613966272043,0.0004061580819090049,-0.0007040033147181993,0.09588467329740524,63,48,1532,same_query_concept_slot,639,8,0,-0.1859186589717865,-0.2391371726989746,0.5426735877990723,0.24269966781139374,138.0,0.33627018332481384,0.6771837472915649,1.0,True,0.05240123385229797,0.001421183979343547
nips34,nips34_Q8_S96,1,33,32,True,1.0455199846206271e-07,4.334780179971848e-08,-6.120419666234424e-08,0.09588467329740524,63,48,1532,same_query_concept_slot,639,8,20,-0.1859186589717865,-0.2391371726989746,0.0,0.0,0.0,0.33627018332481384,0.6771837472915649,1.0,True,0.05240123385229797,0.001421183979343547
nips34,nips34_Q8_S96,1,34,33,True,2.6641198864134328e-08,2.6677500008308462e-08,3.630114417413419e-11,0.09588467329740524,63,48,1532,same_query_concept_slot,639,8,14,-0.1859186589717865,-0.2391371726989746,1.4357773065567017,1.5504417419433594,19.0,0.33627018332481384,0.6771837472915649,1.0,True,0.05240123385229797,0.001421183979343547
nips34,nips34_Q8_S96,1,35,34,True,2.4866787175740624e-08,1.2836825300633344e-08,-1.202996187510728e-08,0.09588467329740524,63,48,1532,same_query_concept_slot,639,8,4,-0.1859186589717865,-0.2391371726989746,0.35669970512390137,0.7213606834411621,2.0,0.33627018332481384,0.6771837472915649,1.0,True,0.05240123385229797,0.001421183979343547
nips34,nips34_Q8_S96,1,36,35,True,1.2852384642428165e-08,1.3213099408247367e-08,3.6071476581920216e-10,0.09588467329740524,63,48,1532,same_query_concept_slot,639,8,54,-0.1859186589717865,-0.2391371726989746,0.18996384739875793,0.443327397108078,1.0,0.33627018332481384,0.6771837472915649,1.0,True,0.05240123385229797,0.001421183979343547
nips34,nips34_Q8_S96,1,37,36,True,6.119820067272455e-09,6.44435456454052e-09,3.245344972680649e-10,0.09588467329740524,63,48,1532,same_query_concept_slot,639,8,38,-0.1859186589717865,-0.2391371726989746,1.1560909748077393,1.508582592010498,8.0,0.33627018332481384,0.6771837472915649,1.0,True,0.05240123385229797,0.001421183979343547
nips34,nips34_Q8_S96,1,38,37,True,5.738444700202905e-09,7.439452305880956e-09,1.7010076056780512e-09,0.09588467329740524,63,48,1532,same_query_concept_slot,639,8,16,-0.1859186589717865,-0.2391371726989746,1.1560909748077393,1.508582592010498,8.0,0.33627018332481384,0.6771837472915649,1.0,True,0.05240123385229797,0.001421183979343547
nips34,nips34_Q8_S96,1,39,38,True,5.503933628300813e-09,7.444249801419169e-09,1.940316173118356e-09,0.09588467329740524,63,48,1532,same_query_concept_slot,639,8,74,-0.1859186589717865,-0.2391371726989746,1.1266733407974243,1.4267569780349731,9.0,0.33627018332481384,0.6771837472915649,1.0,True,0.05240123385229797,0.001421183979343547
nips34,nips34_Q8_S96,1,40,39,True,5.077933069813756e-09,6.32764526041986e-09,1.249712190606104e-09,0.09588467329740524,63,48,1532,same_query_concept_slot,639,8,45,-0.1859186589717865,-0.2391371726989746,0.0,0.0,0.0,0.33627018332481384,0.6771837472915649,1.0,True,0.05240123385229797,0.001421183979343547
nips34,nips34_Q8_S96,1,41,40,True,4.814058820022727e-09,2.9569419038877527e-09,-1.8571169161349744e-09,0.09588467329740524,63,48,1532,same_query_concept_slot,639,8,60,-0.1859186589717865,-0.2391371726989746,0.0,0.0,0.0,0.33627018332481384,0.6771837472915649,1.0,True,0.05240123385229797,0.001421183979343547
nips34,nips34_Q8_S96,1,42,41,True,3.2663511153991205e-09,4.507206868078856e-09,1.2408557526797356e-09,0.09588467329740524,63,48,1532,same_query_concept_slot,639,8,33,-0.1859186589717865,-0.2391371726989746,0.37009117007255554,0.7441906929016113,2.0,0.33627018332481384,0.6771837472915649,1.0,True,0.05240123385229797,0.001421183979343547
nips34,nips34_Q8_S96,1,43,42,True,3.1284774060810517e-09,4.354757709897304e-09,1.2262803038162525e-09,0.09588467329740524,63,48,1532,same_query_concept_slot,639,8,56,-0.1859186589717865,-0.2391371726989746,0.37009117007255554,0.7441906929016113,2.0,0.33627018332481384,0.6771837472915649,1.0,True,0.05240123385229797,0.001421183979343547
nips34,nips34_Q8_S96,1,44,43,True,2.8462194177316536e-09,3.385884989640441e-09,5.396655719087875e-10,0.09588467329740524,63,48,1532,same_query_concept_slot,639,8,17,-0.1859186589717865,-0.2391371726989746,0.9414645433425903,1.2629092931747437,10.0,0.33627018332481384,0.6771837472915649,1.0,True,0.05240123385229797,0.001421183979343547
nips34,nips34_Q8_S96,1,45,44,True,2.4032619792850963e-09,3.1174095365151033e-09,7.14147557230007e-10,0.09588467329740524,63,48,1532,same_query_concept_slot,639,8,23,-0.1859186589717865,-0.2391371726989746,0.0,0.0,0.0,0.33627018332481384,0.6771837472915649,1.0,True,0.05240123385229797,0.001421183979343547
nips34,nips34_Q8_S96,1,46,45,True,2.2438195236678923e-09,2.9283174689012864e-09,6.844979452333941e-10,0.09588467329740524,63,48,1532,same_query_concept_slot,639,8,46,-0.1859186589717865,-0.2391371726989746,0.0,0.0,0.0,0.33627018332481384,0.6771837472915649,1.0,True,0.05240123385229797,0.001421183979343547
nips34,nips34_Q8_S96,1,47,46,True,1.3699224776767125e-09,1.0251263863511392e-09,-3.447960913255733e-10,0.09588467329740524,63,48,1532,same_query_concept_slot,639,8,61,-0.1859186589717865,-0.2391371726989746,0.19567862153053284,0.45512011647224426,1.0,0.33627018332481384,0.6771837472915649,1.0,True,0.05240123385229797,0.001421183979343547
nips34,nips34_Q8_S96,1,48,47,True,3.460160412941394e-10,2.2540965950868392e-09,1.9080805537926997e-09,0.09588467329740524,63,48,1532,same_query_concept_slot,639,8,18,-0.1859186589717865,-0.2391371726989746,0.38897505402565,0.7760262489318848,2.0,0.33627018332481384,0.6771837472915649,1.0,True,0.05240123385229797,0.001421183979343547
nips34,nips34_Q8_S96,1,49,48,True,0.15130154445139732,0.19600918089083766,0.04470763643944034,0.09588467329740524,63,48,1532,same_query_concept_slot,639,8,58,-0.1859186589717865,-0.2391371726989746,-0.40559059381484985,-0.044818565249443054,47.0,0.33627018332481384,0.6771837472915649,1.0,True,0.05240123385229797,0.001421183979343547
nips34,nips34_Q8_S96,1,50,49,True,0.033110059046384595,0.019078268822236885,-0.01403179022414771,0.09588467329740524,63,48,1532,same_query_concept_slot,639,8,59,-0.1859186589717865,-0.2391371726989746,0.5313423275947571,-0.23632359504699707,30.0,0.33627018332481384,0.6771837472915649,1.0,True,0.05240123385229797,0.001421183979343547
nips34,nips34_Q8_S96,1,51,50,True,0.03054910642617848,0.022155432988985715,-0.008393673437192765,0.09588467329740524,63,48,1532,same_query_concept_slot,639,8,57,-0.1859186589717865,-0.2391371726989746,-0.8244122266769409,-0.8447986841201782,10.0,0.33627018332481384,0.6771837472915649,1.0,True,0.05240123385229797,0.001421183979343547
nips34,nips34_Q8_S96,1,52,51,True,0.01476951282482011,0.005570635903517959,-0.00919887692130215,0.09588467329740524,63,48,1532,same_query_concept_slot,639,8,35,-0.1859186589717865,-0.2391371726989746,1.3498258590698242,1.489377498626709,13.0,0.33627018332481384,0.6771837472915649,1.0,True,0.05240123385229797,0.001421183979343547
nips34,nips34_Q8_S96,1,53,52,True,0.012499999902597238,0.004389168515482541,-0.008110831387114697,0.09588467329740524,63,48,1532,same_query_concept_slot,639,8,8,-0.1859186589717865,-0.2391371726989746,-0.1859186589717865,-0.2391371726989746,87.0,0.33627018332481384,0.6771837472915649,1.0,True,0.05240123385229797,0.001421183979343547
nips34,nips34_Q8_S96,1,54,53,True,0.003806038906107548,0.0013496220958016626,-0.0024564168103058852,0.09588467329740524,63,48,1532,same_query_concept_slot,639,8,1,-0.1859186589717865,-0.2391371726989746,0.020632416009902954,-0.2744305431842804,102.0,0.33627018332481384,0.6771837472915649,1.0,True,0.05240123385229797,0.001421183979343547
nips34,nips34_Q8_S96,1,55,54,True,0.0031749435445635383,0.001166060752142981,-0.002008882792420557,0.09588467329740524,63,48,1532,same_query_concept_slot,639,8,2,-0.1859186589717865,-0.2391371726989746,1.2723159790039062,1.4945365190505981,11.0,0.33627018332481384,0.6771837472915649,1.0,True,0.05240123385229797,0.001421183979343547
nips34,nips34_Q8_S96,1,56,55,True,0.0007887878858295612,0.00028159715599364847,-0.0005071907298359127,0.09588467329740524,63,48,1532,same_query_concept_slot,639,8,0,-0.1859186589717865,-0.2391371726989746,0.5426735877990723,0.24269966781139374,138.0,0.33627018332481384,0.6771837472915649,1.0,True,0.05240123385229797,0.001421183979343547
nips34,nips34_Q8_S96,1,57,56,True,2.659256088270768e-09,1.0698255178105004e-09,-1.5894305704602677e-09,0.09588467329740524,63,48,1532,same_query_concept_slot,639,8,20,-0.1859186589717865,-0.2391371726989746,0.0,0.0,0.0,0.33627018332481384,0.6771837472915649,1.0,True,0.05240123385229797,0.001421183979343547
nips34,nips34_Q8_S96,1,58,57,True,8.119791876679945e-10,2.381510891218643e-09,1.5695317035506486e-09,0.09588467329740524,63,48,1532,same_query_concept_slot,639,8,14,-0.1859186589717865,-0.2391371726989746,1.4357773065567017,1.5504417419433594,19.0,0.33627018332481384,0.6771837472915649,1.0,True,0.05240123385229797,0.001421183979343547
nips34,nips34_Q8_S96,1,59,58,True,5.1359376696197e-10,1.2372755647993538e-09,7.236817978373838e-10,0.09588467329740524,63,48,1532,same_query_concept_slot,639,8,4,-0.1859186589717865,-0.2391371726989746,0.35669970512390137,0.7213606834411621,2.0,0.33627018332481384,0.6771837472915649,1.0,True,0.05240123385229797,0.001421183979343547
nips34,nips34_Q8_S96,1,60,59,True,2.651722947663883e-10,2.4476408788923024e-09,2.182468584125914e-09,0.09588467329740524,63,48,1532,same_query_concept_slot,639,8,54,-0.1859186589717865,-0.2391371726989746,0.18996384739875793,0.443327397108078,1.0,0.33627018332481384,0.6771837472915649,1.0,True,0.05240123385229797,0.001421183979343547
nips34,nips34_Q8_S96,1,61,60,True,1.2793456281575547e-10,3.0000907199788e-09,2.8721561571630443e-09,0.09588467329740524,63,48,1532,same_query_concept_slot,639,8,45,-0.1859186589717865,-0.2391371726989746,0.0,0.0,0.0,0.33627018332481384,0.6771837472915649,1.0,True,0.05240123385229797,0.001421183979343547
nips34,nips34_Q8_S96,1,62,61,True,1.0775966679793668e-10,3.2769614572291155e-09,3.1692017904311787e-09,0.09588467329740524,63,48,1532,same_query_concept_slot,639,8,74,-0.1859186589717865,-0.2391371726989746,1.1266733407974243,1.4267569780349731,9.0,0.33627018332481384,0.6771837472915649,1.0,True,0.05240123385229797,0.001421183979343547
nips34,nips34_Q8_S96,1,63,62,True,9.686284193631438e-11,2.509769844993109e-09,2.4129070030567946e-09,0.09588467329740524,63,48,1532,same_query_concept_slot,639,8,38,-0.1859186589717865,-0.2391371726989746,1.1560909748077393,1.508582592010498,8.0,0.33627018332481384,0.6771837472915649,1.0,True,0.05240123385229797,0.001421183979343547
nips34,nips34_Q8_S96,1,64,63,True,8.774410859721742e-11,1.4610374535665993e-09,1.373293344969382e-09,0.09588467329740524,63,48,1532,same_query_concept_slot,639,8,60,-0.1859186589717865,-0.2391371726989746,0.0,0.0,0.0,0.33627018332481384,0.6771837472915649,1.0,True,0.05240123385229797,0.001421183979343547
nips34,nips34_Q8_S96,1,65,64,True,8.597463518072518e-11,3.1304668689748177e-09,3.0444922337940925e-09,0.09588467329740524,63,48,1532,same_query_concept_slot,639,8,16,-0.1859186589717865,-0.2391371726989746,1.1560909748077393,1.508582592010498,8.0,0.33627018332481384,0.6771837472915649,1.0,True,0.05240123385229797,0.001421183979343547
nips34,nips34_Q8_S96,1,66,65,True,5.0731667714549014e-11,3.348797324882662e-09,3.2980656571681133e-09,0.09588467329740524,63,48,1532,same_query_concept_slot,639,8,33,-0.1859186589717865,-0.2391371726989746,0.37009117007255554,0.7441906929016113,2.0,0.33627018332481384,0.6771837472915649,1.0,True,0.05240123385229797,0.001421183979343547
nips34,nips34_Q8_S96,1,67,66,True,4.7937507041838705e-11,3.3806029927940556e-09,3.332665485752217e-09,0.09588467329740524,63,48,1532,same_query_concept_slot,639,8,56,-0.1859186589717865,-0.2391371726989746,0.37009117007255554,0.7441906929016113,2.0,0.33627018332481384,0.6771837472915649,1.0,True,0.05240123385229797,0.001421183979343547
nips34,nips34_Q8_S96,1,68,67,True,4.770428041468023e-11,2.8548986453238336e-09,2.8071943649091532e-09,0.09588467329740524,63,48,1532,same_query_concept_slot,639,8,17,-0.1859186589717865,-0.2391371726989746,0.9414645433425903,1.2629092931747437,10.0,0.33627018332481384,0.6771837472915649,1.0,True,0.05240123385229797,0.001421183979343547
nips34,nips34_Q8_S96,1,69,68,True,4.4838218924969306e-11,2.808215323355842e-09,2.7633771044308727e-09,0.09588467329740524,63,48,1532,same_query_concept_slot,639,8,46,-0.1859186589717865,-0.2391371726989746,0.0,0.0,0.0,0.33627018332481384,0.6771837472915649,1.0,True,0.05240123385229797,0.001421183979343547
nips34,nips34_Q8_S96,1,70,69,True,4.155876243197358e-11,3.002300285752231e-09,2.960741523320257e-09,0.09588467329740524,63,48,1532,same_query_concept_slot,639,8,23,-0.1859186589717865,-0.2391371726989746,0.0,0.0,0.0,0.33627018332481384,0.6771837472915649,1.0,True,0.05240123385229797,0.001421183979343547
nips34,nips34_Q8_S96,1,71,70,True,2.1944123103583013e-11,9.952944728523705e-10,9.733503497487874e-10,0.09588467329740524,63,48,1532,same_query_concept_slot,639,8,61,-0.1859186589717865,-0.2391371726989746,0.19567862153053284,0.45512011647224426,1.0,0.33627018332481384,0.6771837472915649,1.0,True,0.05240123385229797,0.001421183979343547
nips34,nips34_Q8_S96,1,72,71,True,2.570434475292858e-12,3.0761667512349434e-09,3.0735963167596506e-09,0.09588467329740524,63,48,1532,same_query_concept_slot,639,8,9,-0.1859186589717865,-0.2391371726989746,2.0,1.694718599319458,34.0,0.33627018332481384,0.6771837472915649,1.0,True,0.05240123385229797,0.001421183979343547
nips34,nips34_Q8_S96,1,73,72,True,0.14567112592091402,0.19326849983127442,0.0475973739103604,0.09588467329740524,63,48,1532,same_query_concept_slot,639,8,58,-0.1859186589717865,-0.2391371726989746,-0.40559059381484985,-0.044818565249443054,47.0,0.33627018332481384,0.6771837472915649,1.0,True,0.05240123385229797,0.001421183979343547
nips34,nips34_Q8_S96,1,74,73,True,0.0322858795647466,0.019378961204340687,-0.012906918360405913,0.09588467329740524,63,48,1532,same_query_concept_slot,639,8,59,-0.1859186589717865,-0.2391371726989746,0.5313423275947571,-0.23632359504699707,30.0,0.33627018332481384,0.6771837472915649,1.0,True,0.05240123385229797,0.001421183979343547
nips34,nips34_Q8_S96,1,75,74,True,0.027342406412355722,0.02076158401573508,-0.006580822396620643,0.09588467329740524,63,48,1532,same_query_concept_slot,639,8,57,-0.1859186589717865,-0.2391371726989746,-0.8244122266769409,-0.8447986841201782,10.0,0.33627018332481384,0.6771837472915649,1.0,True,0.05240123385229797,0.001421183979343547
nips34,nips34_Q8_S96,1,76,75,True,0.019330346518178155,0.00742548906672725,-0.011904857451450906,0.09588467329740524,63,48,1532,same_query_concept_slot,639,8,35,-0.1859186589717865,-0.2391371726989746,1.3498258590698242,1.489377498626709,13.0,0.33627018332481384,0.6771837472915649,1.0,True,0.05240123385229797,0.001421183979343547
nips34,nips34_Q8_S96,1,77,76,True,0.012499999902597238,0.004459112234965449,-0.008040887667631788,0.09588467329740524,63,48,1532,same_query_concept_slot,639,8,8,-0.1859186589717865,-0.2391371726989746,-0.1859186589717865,-0.2391371726989746,87.0,0.33627018332481384,0.6771837472915649,1.0,True,0.05240123385229797,0.001421183979343547
nips34,nips34_Q8_S96,1,78,77,True,0.006770922648733532,0.0024395639943827698,-0.0043313586543507615,0.09588467329740524,63,48,1532,same_query_concept_slot,639,8,1,-0.1859186589717865,-0.2391371726989746,0.020632416009902954,-0.2744305431842804,102.0,0.33627018332481384,0.6771837472915649,1.0,True,0.05240123385229797,0.001421183979343547
nips34,nips34_Q8_S96,1,79,78,True,0.004987192227018919,0.001863248570215525,-0.003123943656803394,0.09588467329740524,63,48,1532,same_query_concept_slot,639,8,2,-0.1859186589717865,-0.2391371726989746,1.2723159790039062,1.4945365190505981,11.0,0.33627018332481384,0.6771837472915649,1.0,True,0.05240123385229797,0.001421183979343547
nips34,nips34_Q8_S96,1,80,79,True,0.001111899826588595,0.0004033956046424562,-0.0007085042219461389,0.09588467329740524,63,48,1532,same_query_concept_slot,639,8,0,-0.1859186589717865,-0.2391371726989746,0.5426735877990723,0.24269966781139374,138.0,0.33627018332481384,0.6771837472915649,1.0,True,0.05240123385229797,0.001421183979343547
nips34,nips34_Q8_S96,1,81,80,True,1.1495410229300149e-07,4.7262394734077375e-08,-6.769170755892412e-08,0.09588467329740524,63,48,1532,same_query_concept_slot,639,8,20,-0.1859186589717865,-0.2391371726989746,0.0,0.0,0.0,0.33627018332481384,0.6771837472915649,1.0,True,0.05240123385229797,0.001421183979343547
nips34,nips34_Q8_S96,1,82,81,True,2.8460516852408996e-08,2.8261177133062028e-08,-1.9933971934696846e-10,0.09588467329740524,63,48,1532,same_query_concept_slot,639,8,14,-0.1859186589717865,-0.2391371726989746,1.4357773065567017,1.5504417419433594,19.0,0.33627018332481384,0.6771837472915649,1.0,True,0.05240123385229797,0.001421183979343547
nips34,nips34_Q8_S96,1,83,82,True,2.6660230750879765e-08,1.3647639794172566e-08,-1.3012590956707199e-08,0.09588467329740524,63,48,1532,same_query_concept_slot,639,8,4,-0.1859186589717865,-0.2391371726989746,0.35669970512390137,0.7213606834411621,2.0,0.33627018332481384,0.6771837472915649,1.0,True,0.05240123385229797,0.001421183979343547
nips34,nips34_Q8_S96,1,84,83,True,1.3455995123650505e-08,1.371805191187744e-08,2.620567882269344e-10,0.09588467329740524,63,48,1532,same_query_concept_slot,639,8,54,-0.1859186589717865,-0.2391371726989746,0.18996384739875793,0.443327397108078,1.0,0.33627018332481384,0.6771837472915649,1.0,True,0.05240123385229797,0.001421183979343547
nips34,nips34_Q8_S96,1,85,84,True,6.245349429104457e-09,6.52158522769515e-09,2.7623579859069287e-10,0.09588467329740524,63,48,1532,same_query_concept_slot,639,8,38,-0.1859186589717865,-0.2391371726989746,1.1560909748077393,1.508582592010498,8.0,0.33627018332481384,0.6771837472915649,1.0,True,0.05240123385229797,0.001421183979343547
nips34,nips34_Q8_S96,1,86,85,True,6.0697556713361385e-09,7.803216420964065e-09,1.7334607496279269e-09,0.09588467329740524,63,48,1532,same_query_concept_slot,639,8,16,-0.1859186589717865,-0.2391371726989746,1.1560909748077393,1.508582592010498,8.0,0.33627018332481384,0.6771837472915649,1.0,True,0.05240123385229797,0.001421183979343547
nips34,nips34_Q8_S96,1,87,86,True,5.698822173620832e-09,7.643434017959547e-09,1.9446118443387152e-09,0.09588467329740524,63,48,1532,same_query_concept_slot,639,8,74,-0.1859186589717865,-0.2391371726989746,1.1266733407974243,1.4267569780349731,9.0,0.33627018332481384,0.6771837472915649,1.0,True,0.05240123385229797,0.001421183979343547
nips34,nips34_Q8_S96,1,88,87,True,5.2922975910789846e-09,6.539659657798386e-09,1.2473620667194013e-09,0.09588467329740524,63,48,1532,same_query_concept_slot,639,8,45,-0.1859186589717865,-0.2391371726989746,0.0,0.0,0.0,0.33627018332481384,0.6771837472915649,1.0,True,0.05240123385229797,0.001421183979343547
nips34,nips34_Q8_S96,1,89,88,True,5.117929075412838e-09,3.1173198304983747e-09,-2.000609244914463e-09,0.09588467329740524,63,48,1532,same_query_concept_slot,639,8,60,-0.1859186589717865,-0.2391371726989746,0.0,0.0,0.0,0.33627018332481384,0.6771837472915649,1.0,True,0.05240123385229797,0.001421183979343547
nips34,nips34_Q8_S96,1,90,89,True,3.3848034717435533e-09,4.631629113281408e-09,1.2468256415378544e-09,0.09588467329740524,63,48,1532,same_query_concept_slot,639,8,33,-0.1859186589717865,-0.2391371726989746,0.37009117007255554,0.7441906929016113,2.0,0.33627018332481384,0.6771837472915649,1.0,True,0.05240123385229797,0.001421183979343547
nips34,nips34_Q8_S96,1,91,90,True,3.2349191479730456e-09,4.465295062431361e-09,1.2303759144583155e-09,0.09588467329740524,63,48,1532,same_query_concept_slot,639,8,56,-0.1859186589717865,-0.2391371726989746,0.37009117007255554,0.7441906929016113,2.0,0.33627018332481384,0.6771837472915649,1.0,True,0.05240123385229797,0.001421183979343547
nips34,nips34_Q8_S96,1,92,91,True,2.963375255657351e-09,3.495796842547952e-09,5.324215868906007e-10,0.09588467329740524,63,48,1532,same_query_concept_slot,639,8,17,-0.1859186589717865,-0.2391371726989746,0.9414645433425903,1.2629092931747437,10.0,0.33627018332481384,0.6771837472915649,1.0,True,0.05240123385229797,0.001421183979343547
nips34,nips34_Q8_S96,1,93,92,True,2.5126344878509866e-09,3.1069854309177262e-09,5.943509430667396e-10,0.09588467329740524,63,48,1532,same_query_concept_slot,639,8,23,-0.1859186589717865,-0.2391371726989746,0.0,0.0,0.0,0.33627018332481384,0.6771837472915649,1.0,True,0.05240123385229797,0.001421183979343547
nips34,nips34_Q8_S96,1,94,93,True,2.312095351553066e-09,2.903849930793968e-09,5.91754579240902e-10,0.09588467329740524,63,48,1532,same_query_concept_slot,639,8,46,-0.1859186589717865,-0.2391371726989746,0.0,0.0,0.0,0.33627018332481384,0.6771837472915649,1.0,True,0.05240123385229797,0.001421183979343547
nips34,nips34_Q8_S96,1,95,94,True,1.4303130577307313e-09,1.0165610160657301e-09,-4.137520416650012e-10,0.09588467329740524,63,48,1532,same_query_concept_slot,639,8,61,-0.1859186589717865,-0.2391371726989746,0.19567862153053284,0.45512011647224426,1.0,0.33627018332481384,0.6771837472915649,1.0,True,0.05240123385229797,0.001421183979343547
nips34,nips34_Q8_S96,1,96,95,True,3.551683033678192e-10,2.2352625504211573e-09,1.880094247053338e-09,0.09588467329740524,63,48,1532,same_query_concept_slot,639,8,18,-0.1859186589717865,-0.2391371726989746,0.38897505402565,0.7760262489318848,2.0,0.33627018332481384,0.6771837472915649,1.0,True,0.05240123385229797,0.001421183979343547
nips34,nips34_Q8_S96,2,1,0,True,0.15718198955987822,0.2007782824351286,0.04359629287525038,0.09588467329740524,63,48,1528,same_query_concept_slot,183,8,58,-0.1859186589717865,-0.2391371726989746,-0.40559059381484985,-0.044818565249443054,47.0,0.2974855303764343,0.5131269097328186,0.0,True,0.05240123385229797,0.001421183979343547
nips34,nips34_Q8_S96,2,2,1,True,0.03108218241727504,0.01765921639850062,-0.013422966018774421,0.09588467329740524,63,48,1528,same_query_concept_slot,183,8,59,-0.1859186589717865,-0.2391371726989746,0.5313423275947571,-0.23632359504699707,30.0,0.2974855303764343,0.5131269097328186,0.0,True,0.05240123385229797,0.001421183979343547
nips34,nips34_Q8_S96,2,3,2,True,0.02639481179122069,0.018874752496247618,-0.007520059294973073,0.09588467329740524,63,48,1528,same_query_concept_slot,183,8,57,-0.1859186589717865,-0.2391371726989746,-0.8244122266769409,-0.8447986841201782,10.0,0.2974855303764343,0.5131269097328186,0.0,True,0.05240123385229797,0.001421183979343547
nips34,nips34_Q8_S96,2,4,3,True,0.01483860298845007,0.005518394297149587,-0.009320208691300482,0.09588467329740524,63,48,1528,same_query_concept_slot,183,8,35,-0.1859186589717865,-0.2391371726989746,1.3498258590698242,1.489377498626709,13.0,0.2974855303764343,0.5131269097328186,0.0,True,0.05240123385229797,0.001421183979343547
nips34,nips34_Q8_S96,2,5,4,True,0.012499999902597238,0.004327760367047626,-0.008172239535549613,0.09588467329740524,63,48,1528,same_query_concept_slot,183,8,8,-0.1859186589717865,-0.2391371726989746,-0.1859186589717865,-0.2391371726989746,87.0,0.2974855303764343,0.5131269097328186,0.0,True,0.05240123385229797,0.001421183979343547
nips34,nips34_Q8_S96,2,6,5,True,0.003862768091146436,0.0013505750715872447,-0.0025121930195591913,0.09588467329740524,63,48,1528,same_query_concept_slot,183,8,1,-0.1859186589717865,-0.2391371726989746,0.020632416009902954,-0.2744305431842804,102.0,0.2974855303764343,0.5131269097328186,0.0,True,0.05240123385229797,0.001421183979343547
nips34,nips34_Q8_S96,2,7,6,True,0.003336506820004334,0.0012082536211720089,-0.002128253198832325,0.09588467329740524,63,48,1528,same_query_concept_slot,183,8,2,-0.1859186589717865,-0.2391371726989746,1.2723159790039062,1.4945365190505981,11.0,0.2974855303764343,0.5131269097328186,0.0,True,0.05240123385229797,0.001421183979343547
nips34,nips34_Q8_S96,2,8,7,True,0.0008031240249335863,0.0002827038873092582,-0.0005204201376243281,0.09588467329740524,63,48,1528,same_query_concept_slot,183,8,0,-0.1859186589717865,-0.2391371726989746,0.5426735877990723,0.24269966781139374,138.0,0.2974855303764343,0.5131269097328186,0.0,True,0.05240123385229797,0.001421183979343547
nips34,nips34_Q8_S96,2,9,8,True,2.955442268237221e-09,1.1723470604339085e-09,-1.7830952078033124e-09,0.09588467329740524,63,48,1528,same_query_concept_slot,183,8,20,-0.1859186589717865,-0.2391371726989746,0.0,0.0,0.0,0.2974855303764343,0.5131269097328186,0.0,True,0.05240123385229797,0.001421183979343547
nips34,nips34_Q8_S96,2,10,9,True,8.576860138426963e-10,2.348190657118869e-09,1.4905046432761729e-09,0.09588467329740524,63,48,1528,same_query_concept_slot,183,8,14,-0.1859186589717865,-0.2391371726989746,1.4357773065567017,1.5504417419433594,19.0,0.2974855303764343,0.5131269097328186,0.0,True,0.05240123385229797,0.001421183979343547
nips34,nips34_Q8_S96,2,11,10,True,5.533604004893691e-10,1.2199645240166948e-09,6.666041235273257e-10,0.09588467329740524,63,48,1528,same_query_concept_slot,183,8,4,-0.1859186589717865,-0.2391371726989746,0.35669970512390137,0.7213606834411621,2.0,0.2974855303764343,0.5131269097328186,0.0,True,0.05240123385229797,0.001421183979343547
nips34,nips34_Q8_S96,2,12,11,True,2.714637064595607e-10,2.4133956070061638e-09,2.141931900546603e-09,0.09588467329740524,63,48,1528,same_query_concept_slot,183,8,54,-0.1859186589717865,-0.2391371726989746,0.18996384739875793,0.443327397108078,1.0,0.2974855303764343,0.5131269097328186,0.0,True,0.05240123385229797,0.001421183979343547
nips34,nips34_Q8_S96,2,13,12,True,1.285398980284074e-10,2.95811585366608e-09,2.8295759556376722e-09,0.09588467329740524,63,48,1528,same_query_concept_slot,183,8,45,-0.1859186589717865,-0.2391371726989746,0.0,0.0,0.0,0.2974855303764343,0.5131269097328186,0.0,True,0.05240123385229797,0.001421183979343547
nips34,nips34_Q8_S96,2,14,13,True,1.0770784020054451e-10,3.2311128008969724e-09,3.1234049606964277e-09,0.09588467329740524,63,48,1528,same_query_concept_slot,183,8,74,-0.1859186589717865,-0.2391371726989746,1.1266733407974243,1.4267569780349731,9.0,0.2974855303764343,0.5131269097328186,0.0,True,0.05240123385229797,0.001421183979343547
nips34,nips34_Q8_S96,2,15,14,True,9.297915698421926e-11,1.44059580602687e-09,1.3476166490426508e-09,0.09588467329740524,63,48,1528,same_query_concept_slot,183,8,60,-0.1859186589717865,-0.2391371726989746,0.0,0.0,0.0,0.2974855303764343,0.5131269097328186,0.0,True,0.05240123385229797,0.001421183979343547
nips34,nips34_Q8_S96,2,16,15,True,9.279507507201995e-11,2.4746550464695715e-09,2.3818599713975514e-09,0.09588467329740524,63,48,1528,same_query_concept_slot,183,8,38,-0.1859186589717865,-0.2391371726989746,1.1560909748077393,1.508582592010498,8.0,0.2974855303764343,0.5131269097328186,0.0,True,0.05240123385229797,0.001421183979343547
nips34,nips34_Q8_S96,2,17,16,True,8.998090956863865e-11,3.0866676842624886e-09,2.99668677469385e-09,0.09588467329740524,63,48,1528,same_query_concept_slot,183,8,16,-0.1859186589717865,-0.2391371726989746,1.1560909748077393,1.508582592010498,8.0,0.2974855303764343,0.5131269097328186,0.0,True,0.05240123385229797,0.001421183979343547
nips34,nips34_Q8_S96,2,18,17,True,5.1451987335473234e-11,3.301943250620452e-09,3.250491263284979e-09,0.09588467329740524,63,48,1528,same_query_concept_slot,183,8,33,-0.1859186589717865,-0.2391371726989746,0.37009117007255554,0.7441906929016113,2.0,0.2974855303764343,0.5131269097328186,0.0,True,0.05240123385229797,0.001421183979343547
nips34,nips34_Q8_S96,2,19,18,True,4.846455418579645e-11,3.3333039411617365e-09,3.28483938697594e-09,0.09588467329740524,63,48,1528,same_query_concept_slot,183,8,56,-0.1859186589717865,-0.2391371726989746,0.37009117007255554,0.7441906929016113,2.0,0.2974855303764343,0.5131269097328186,0.0,True,0.05240123385229797,0.001421183979343547
nips34,nips34_Q8_S96,2,20,19,True,4.816753483898007e-11,2.814954820929471e-09,2.766787286090491e-09,0.09588467329740524,63,48,1528,same_query_concept_slot,183,8,17,-0.1859186589717865,-0.2391371726989746,0.9414645433425903,1.2629092931747437,10.0,0.2974855303764343,0.5131269097328186,0.0,True,0.05240123385229797,0.001421183979343547
nips34,nips34_Q8_S96,2,21,20,True,4.6921968717025316e-11,2.768924754162508e-09,2.7220027854454825e-09,0.09588467329740524,63,48,1528,same_query_concept_slot,183,8,46,-0.1859186589717865,-0.2391371726989746,0.0,0.0,0.0,0.2974855303764343,0.5131269097328186,0.0,True,0.05240123385229797,0.001421183979343547
nips34,nips34_Q8_S96,2,22,21,True,4.259218575541842e-11,2.960294555240686e-09,2.917702369485268e-09,0.09588467329740524,63,48,1528,same_query_concept_slot,183,8,23,-0.1859186589717865,-0.2391371726989746,0.0,0.0,0.0,0.2974855303764343,0.5131269097328186,0.0,True,0.05240123385229797,0.001421183979343547
nips34,nips34_Q8_S96,2,23,22,True,2.2401779575352917e-11,9.813689460228325e-10,9.589671664474796e-10,0.09588467329740524,63,48,1528,same_query_concept_slot,183,8,61,-0.1859186589717865,-0.2391371726989746,0.19567862153053284,0.45512011647224426,1.0,0.2974855303764343,0.5131269097328186,0.0,True,0.05240123385229797,0.001421183979343547
nips34,nips34_Q8_S96,2,24,23,True,2.603939791109263e-12,3.0331267369958692e-09,3.03052279720476e-09,0.09588467329740524,63,48,1528,same_query_concept_slot,183,8,9,-0.1859186589717865,-0.2391371726989746,2.0,1.694718599319458,34.0,0.2974855303764343,0.5131269097328186,0.0,True,0.05240123385229797,0.001421183979343547
nips34,nips34_Q8_S96,2,25,24,True,0.14221867596225923,0.19027764318663792,0.04805896722437869,0.09588467329740524,63,48,1528,same_query_concept_slot,183,8,58,-0.1859186589717865,-0.2391371726989746,-0.40559059381484985,-0.044818565249443054,47.0,0.2974855303764343,0.5131269097328186,0.0,True,0.05240123385229797,0.001421183979343547
nips34,nips34_Q8_S96,2,26,25,True,0.033738046118906365,0.020421198667121134,-0.01331684745178523,0.09588467329740524,63,48,1528,same_query_concept_slot,183,8,59,-0.1859186589717865,-0.2391371726989746,0.5313423275947571,-0.23632359504699707,30.0,0.2974855303764343,0.5131269097328186,0.0,True,0.05240123385229797,0.001421183979343547
nips34,nips34_Q8_S96,2,27,26,True,0.029607110916234976,0.022670612676560002,-0.006936498239674974,0.09588467329740524,63,48,1528,same_query_concept_slot,183,8,57,-0.1859186589717865,-0.2391371726989746,-0.8244122266769409,-0.8447986841201782,10.0,0.2974855303764343,0.5131269097328186,0.0,True,0.05240123385229797,0.001421183979343547
nips34,nips34_Q8_S96,2,28,27,True,0.019229040976100748,0.0074488037951086425,-0.011780237180992106,0.09588467329740524,63,48,1528,same_query_concept_slot,183,8,35,-0.1859186589717865,-0.2391371726989746,1.3498258590698242,1.489377498626709,13.0,0.2974855303764343,0.5131269097328186,0.0,True,0.05240123385229797,0.001421183979343547
nips34,nips34_Q8_S96,2,29,28,True,0.012500000833919792,0.004496680389108326,-0.008003320444811467,0.09588467329740524,63,48,1528,same_query_concept_slot,183,8,8,-0.1859186589717865,-0.2391371726989746,-0.1859186589717865,-0.2391371726989746,87.0,0.2974855303764343,0.5131269097328186,0.0,True,0.05240123385229797,0.001421183979343547
nips34,nips34_Q8_S96,2,30,29,True,0.0067345000206507355,0.002446881861214151,-0.004287618159436585,0.09588467329740524,63,48,1528,same_query_concept_slot,183,8,1,-0.1859186589717865,-0.2391371726989746,0.020632416009902954,-0.2744305431842804,102.0,0.2974855303764343,0.5131269097328186,0.0,True,0.05240123385229797,0.001421183979343547
nips34,nips34_Q8_S96,2,31,30,True,0.004862261825727368,0.0018318769705699554,-0.0030303848551574124,0.09588467329740524,63,48,1528,same_query_concept_slot,183,8,2,-0.1859186589717865,-0.2391371726989746,1.2723159790039062,1.4945365190505981,11.0,0.2974855303764343,0.5131269097328186,0.0,True,0.05240123385229797,0.001421183979343547
nips34,nips34_Q8_S96,2,32,31,True,0.0011101613966272043,0.0004061580819090049,-0.0007040033147181993,0.09588467329740524,63,48,1528,same_query_concept_slot,183,8,0,-0.1859186589717865,-0.2391371726989746,0.5426735877990723,0.24269966781139374,138.0,0.2974855303764343,0.5131269097328186,0.0,True,0.05240123385229797,0.001421183979343547
nips34,nips34_Q8_S96,2,33,32,True,1.0455199846206271e-07,4.334780179971848e-08,-6.120419666234424e-08,0.09588467329740524,63,48,1528,same_query_concept_slot,183,8,20,-0.1859186589717865,-0.2391371726989746,0.0,0.0,0.0,0.2974855303764343,0.5131269097328186,0.0,True,0.05240123385229797,0.001421183979343547
nips34,nips34_Q8_S96,2,34,33,True,2.6641198864134328e-08,2.6677500008308462e-08,3.630114417413419e-11,0.09588467329740524,63,48,1528,same_query_concept_slot,183,8,14,-0.1859186589717865,-0.2391371726989746,1.4357773065567017,1.5504417419433594,19.0,0.2974855303764343,0.5131269097328186,0.0,True,0.05240123385229797,0.001421183979343547
nips34,nips34_Q8_S96,2,35,34,True,2.4866787175740624e-08,1.2836825300633344e-08,-1.202996187510728e-08,0.09588467329740524,63,48,1528,same_query_concept_slot,183,8,4,-0.1859186589717865,-0.2391371726989746,0.35669970512390137,0.7213606834411621,2.0,0.2974855303764343,0.5131269097328186,0.0,True,0.05240123385229797,0.001421183979343547
nips34,nips34_Q8_S96,2,36,35,True,1.2852384642428165e-08,1.3213099408247367e-08,3.6071476581920216e-10,0.09588467329740524,63,48,1528,same_query_concept_slot,183,8,54,-0.1859186589717865,-0.2391371726989746,0.18996384739875793,0.443327397108078,1.0,0.2974855303764343,0.5131269097328186,0.0,True,0.05240123385229797,0.001421183979343547
nips34,nips34_Q8_S96,2,37,36,True,6.119820067272455e-09,6.44435456454052e-09,3.245344972680649e-10,0.09588467329740524,63,48,1528,same_query_concept_slot,183,8,38,-0.1859186589717865,-0.2391371726989746,1.1560909748077393,1.508582592010498,8.0,0.2974855303764343,0.5131269097328186,0.0,True,0.05240123385229797,0.001421183979343547
nips34,nips34_Q8_S96,2,38,37,True,5.738444700202905e-09,7.439452305880956e-09,1.7010076056780512e-09,0.09588467329740524,63,48,1528,same_query_concept_slot,183,8,16,-0.1859186589717865,-0.2391371726989746,1.1560909748077393,1.508582592010498,8.0,0.2974855303764343,0.5131269097328186,0.0,True,0.05240123385229797,0.001421183979343547
nips34,nips34_Q8_S96,2,39,38,True,5.503933628300813e-09,7.444249801419169e-09,1.940316173118356e-09,0.09588467329740524,63,48,1528,same_query_concept_slot,183,8,74,-0.1859186589717865,-0.2391371726989746,1.1266733407974243,1.4267569780349731,9.0,0.2974855303764343,0.5131269097328186,0.0,True,0.05240123385229797,0.001421183979343547
nips34,nips34_Q8_S96,2,40,39,True,5.077933069813756e-09,6.32764526041986e-09,1.249712190606104e-09,0.09588467329740524,63,48,1528,same_query_concept_slot,183,8,45,-0.1859186589717865,-0.2391371726989746,0.0,0.0,0.0,0.2974855303764343,0.5131269097328186,0.0,True,0.05240123385229797,0.001421183979343547
nips34,nips34_Q8_S96,2,41,40,True,4.814058820022727e-09,2.9569419038877527e-09,-1.8571169161349744e-09,0.09588467329740524,63,48,1528,same_query_concept_slot,183,8,60,-0.1859186589717865,-0.2391371726989746,0.0,0.0,0.0,0.2974855303764343,0.5131269097328186,0.0,True,0.05240123385229797,0.001421183979343547
nips34,nips34_Q8_S96,2,42,41,True,3.2663511153991205e-09,4.507206868078856e-09,1.2408557526797356e-09,0.09588467329740524,63,48,1528,same_query_concept_slot,183,8,33,-0.1859186589717865,-0.2391371726989746,0.37009117007255554,0.7441906929016113,2.0,0.2974855303764343,0.5131269097328186,0.0,True,0.05240123385229797,0.001421183979343547
nips34,nips34_Q8_S96,2,43,42,True,3.1284774060810517e-09,4.354757709897304e-09,1.2262803038162525e-09,0.09588467329740524,63,48,1528,same_query_concept_slot,183,8,56,-0.1859186589717865,-0.2391371726989746,0.37009117007255554,0.7441906929016113,2.0,0.2974855303764343,0.5131269097328186,0.0,True,0.05240123385229797,0.001421183979343547
nips34,nips34_Q8_S96,2,44,43,True,2.8462194177316536e-09,3.385884989640441e-09,5.396655719087875e-10,0.09588467329740524,63,48,1528,same_query_concept_slot,183,8,17,-0.1859186589717865,-0.2391371726989746,0.9414645433425903,1.2629092931747437,10.0,0.2974855303764343,0.5131269097328186,0.0,True,0.05240123385229797,0.001421183979343547
nips34,nips34_Q8_S96,2,45,44,True,2.4032619792850963e-09,3.1174095365151033e-09,7.14147557230007e-10,0.09588467329740524,63,48,1528,same_query_concept_slot,183,8,23,-0.1859186589717865,-0.2391371726989746,0.0,0.0,0.0,0.2974855303764343,0.5131269097328186,0.0,True,0.05240123385229797,0.001421183979343547
nips34,nips34_Q8_S96,2,46,45,True,2.2438195236678923e-09,2.9283174689012864e-09,6.844979452333941e-10,0.09588467329740524,63,48,1528,same_query_concept_slot,183,8,46,-0.1859186589717865,-0.2391371726989746,0.0,0.0,0.0,0.2974855303764343,0.5131269097328186,0.0,True,0.05240123385229797,0.001421183979343547
nips34,nips34_Q8_S96,2,47,46,True,1.3699224776767125e-09,1.0251263863511392e-09,-3.447960913255733e-10,0.09588467329740524,63,48,1528,same_query_concept_slot,183,8,61,-0.1859186589717865,-0.2391371726989746,0.19567862153053284,0.45512011647224426,1.0,0.2974855303764343,0.5131269097328186,0.0,True,0.05240123385229797,0.001421183979343547
nips34,nips34_Q8_S96,2,48,47,True,3.460160412941394e-10,2.2540965950868392e-09,1.9080805537926997e-09,0.09588467329740524,63,48,1528,same_query_concept_slot,183,8,18,-0.1859186589717865,-0.2391371726989746,0.38897505402565,0.7760262489318848,2.0,0.2974855303764343,0.5131269097328186,0.0,True,0.05240123385229797,0.001421183979343547
nips34,nips34_Q8_S96,2,49,48,True,0.15130154445139732,0.19600918089083766,0.04470763643944034,0.09588467329740524,63,48,1528,same_query_concept_slot,183,8,58,-0.1859186589717865,-0.2391371726989746,-0.40559059381484985,-0.044818565249443054,47.0,0.2974855303764343,0.5131269097328186,0.0,True,0.05240123385229797,0.001421183979343547
nips34,nips34_Q8_S96,2,50,49,True,0.033110059046384595,0.019078268822236885,-0.01403179022414771,0.09588467329740524,63,48,1528,same_query_concept_slot,183,8,59,-0.1859186589717865,-0.2391371726989746,0.5313423275947571,-0.23632359504699707,30.0,0.2974855303764343,0.5131269097328186,0.0,True,0.05240123385229797,0.001421183979343547
nips34,nips34_Q8_S96,2,51,50,True,0.03054910642617848,0.022155432988985715,-0.008393673437192765,0.09588467329740524,63,48,1528,same_query_concept_slot,183,8,57,-0.1859186589717865,-0.2391371726989746,-0.8244122266769409,-0.8447986841201782,10.0,0.2974855303764343,0.5131269097328186,0.0,True,0.05240123385229797,0.001421183979343547
nips34,nips34_Q8_S96,2,52,51,True,0.01476951282482011,0.005570635903517959,-0.00919887692130215,0.09588467329740524,63,48,1528,same_query_concept_slot,183,8,35,-0.1859186589717865,-0.2391371726989746,1.3498258590698242,1.489377498626709,13.0,0.2974855303764343,0.5131269097328186,0.0,True,0.05240123385229797,0.001421183979343547
nips34,nips34_Q8_S96,2,53,52,True,0.012499999902597238,0.004389168515482541,-0.008110831387114697,0.09588467329740524,63,48,1528,same_query_concept_slot,183,8,8,-0.1859186589717865,-0.2391371726989746,-0.1859186589717865,-0.2391371726989746,87.0,0.2974855303764343,0.5131269097328186,0.0,True,0.05240123385229797,0.001421183979343547
nips34,nips34_Q8_S96,2,54,53,True,0.003806038906107548,0.0013496220958016626,-0.0024564168103058852,0.09588467329740524,63,48,1528,same_query_concept_slot,183,8,1,-0.1859186589717865,-0.2391371726989746,0.020632416009902954,-0.2744305431842804,102.0,0.2974855303764343,0.5131269097328186,0.0,True,0.05240123385229797,0.001421183979343547
nips34,nips34_Q8_S96,2,55,54,True,0.0031749435445635383,0.001166060752142981,-0.002008882792420557,0.09588467329740524,63,48,1528,same_query_concept_slot,183,8,2,-0.1859186589717865,-0.2391371726989746,1.2723159790039062,1.4945365190505981,11.0,0.2974855303764343,0.5131269097328186,0.0,True,0.05240123385229797,0.001421183979343547
nips34,nips34_Q8_S96,2,56,55,True,0.0007887878858295612,0.00028159715599364847,-0.0005071907298359127,0.09588467329740524,63,48,1528,same_query_concept_slot,183,8,0,-0.1859186589717865,-0.2391371726989746,0.5426735877990723,0.24269966781139374,138.0,0.2974855303764343,0.5131269097328186,0.0,True,0.05240123385229797,0.001421183979343547
nips34,nips34_Q8_S96,2,57,56,True,2.659256088270768e-09,1.0698255178105004e-09,-1.5894305704602677e-09,0.09588467329740524,63,48,1528,same_query_concept_slot,183,8,20,-0.1859186589717865,-0.2391371726989746,0.0,0.0,0.0,0.2974855303764343,0.5131269097328186,0.0,True,0.05240123385229797,0.001421183979343547
nips34,nips34_Q8_S96,2,58,57,True,8.119791876679945e-10,2.381510891218643e-09,1.5695317035506486e-09,0.09588467329740524,63,48,1528,same_query_concept_slot,183,8,14,-0.1859186589717865,-0.2391371726989746,1.4357773065567017,1.5504417419433594,19.0,0.2974855303764343,0.5131269097328186,0.0,True,0.05240123385229797,0.001421183979343547
nips34,nips34_Q8_S96,2,59,58,True,5.1359376696197e-10,1.2372755647993538e-09,7.236817978373838e-10,0.09588467329740524,63,48,1528,same_query_concept_slot,183,8,4,-0.1859186589717865,-0.2391371726989746,0.35669970512390137,0.7213606834411621,2.0,0.2974855303764343,0.5131269097328186,0.0,True,0.05240123385229797,0.001421183979343547
nips34,nips34_Q8_S96,2,60,59,True,2.651722947663883e-10,2.4476408788923024e-09,2.182468584125914e-09,0.09588467329740524,63,48,1528,same_query_concept_slot,183,8,54,-0.1859186589717865,-0.2391371726989746,0.18996384739875793,0.443327397108078,1.0,0.2974855303764343,0.5131269097328186,0.0,True,0.05240123385229797,0.001421183979343547
nips34,nips34_Q8_S96,2,61,60,True,1.2793456281575547e-10,3.0000907199788e-09,2.8721561571630443e-09,0.09588467329740524,63,48,1528,same_query_concept_slot,183,8,45,-0.1859186589717865,-0.2391371726989746,0.0,0.0,0.0,0.2974855303764343,0.5131269097328186,0.0,True,0.05240123385229797,0.001421183979343547
nips34,nips34_Q8_S96,2,62,61,True,1.0775966679793668e-10,3.2769614572291155e-09,3.1692017904311787e-09,0.09588467329740524,63,48,1528,same_query_concept_slot,183,8,74,-0.1859186589717865,-0.2391371726989746,1.1266733407974243,1.4267569780349731,9.0,0.2974855303764343,0.5131269097328186,0.0,True,0.05240123385229797,0.001421183979343547
nips34,nips34_Q8_S96,2,63,62,True,9.686284193631438e-11,2.509769844993109e-09,2.4129070030567946e-09,0.09588467329740524,63,48,1528,same_query_concept_slot,183,8,38,-0.1859186589717865,-0.2391371726989746,1.1560909748077393,1.508582592010498,8.0,0.2974855303764343,0.5131269097328186,0.0,True,0.05240123385229797,0.001421183979343547
nips34,nips34_Q8_S96,2,64,63,True,8.774410859721742e-11,1.4610374535665993e-09,1.373293344969382e-09,0.09588467329740524,63,48,1528,same_query_concept_slot,183,8,60,-0.1859186589717865,-0.2391371726989746,0.0,0.0,0.0,0.2974855303764343,0.5131269097328186,0.0,True,0.05240123385229797,0.001421183979343547
nips34,nips34_Q8_S96,2,65,64,True,8.597463518072518e-11,3.1304668689748177e-09,3.0444922337940925e-09,0.09588467329740524,63,48,1528,same_query_concept_slot,183,8,16,-0.1859186589717865,-0.2391371726989746,1.1560909748077393,1.508582592010498,8.0,0.2974855303764343,0.5131269097328186,0.0,True,0.05240123385229797,0.001421183979343547
nips34,nips34_Q8_S96,2,66,65,True,5.0731667714549014e-11,3.348797324882662e-09,3.2980656571681133e-09,0.09588467329740524,63,48,1528,same_query_concept_slot,183,8,33,-0.1859186589717865,-0.2391371726989746,0.37009117007255554,0.7441906929016113,2.0,0.2974855303764343,0.5131269097328186,0.0,True,0.05240123385229797,0.001421183979343547
nips34,nips34_Q8_S96,2,67,66,True,4.7937507041838705e-11,3.3806029927940556e-09,3.332665485752217e-09,0.09588467329740524,63,48,1528,same_query_concept_slot,183,8,56,-0.1859186589717865,-0.2391371726989746,0.37009117007255554,0.7441906929016113,2.0,0.2974855303764343,0.5131269097328186,0.0,True,0.05240123385229797,0.001421183979343547
nips34,nips34_Q8_S96,2,68,67,True,4.770428041468023e-11,2.8548986453238336e-09,2.8071943649091532e-09,0.09588467329740524,63,48,1528,same_query_concept_slot,183,8,17,-0.1859186589717865,-0.2391371726989746,0.9414645433425903,1.2629092931747437,10.0,0.2974855303764343,0.5131269097328186,0.0,True,0.05240123385229797,0.001421183979343547
nips34,nips34_Q8_S96,2,69,68,True,4.4838218924969306e-11,2.808215323355842e-09,2.7633771044308727e-09,0.09588467329740524,63,48,1528,same_query_concept_slot,183,8,46,-0.1859186589717865,-0.2391371726989746,0.0,0.0,0.0,0.2974855303764343,0.5131269097328186,0.0,True,0.05240123385229797,0.001421183979343547
nips34,nips34_Q8_S96,2,70,69,True,4.155876243197358e-11,3.002300285752231e-09,2.960741523320257e-09,0.09588467329740524,63,48,1528,same_query_concept_slot,183,8,23,-0.1859186589717865,-0.2391371726989746,0.0,0.0,0.0,0.2974855303764343,0.5131269097328186,0.0,True,0.05240123385229797,0.001421183979343547
nips34,nips34_Q8_S96,2,71,70,True,2.1944123103583013e-11,9.952944728523705e-10,9.733503497487874e-10,0.09588467329740524,63,48,1528,same_query_concept_slot,183,8,61,-0.1859186589717865,-0.2391371726989746,0.19567862153053284,0.45512011647224426,1.0,0.2974855303764343,0.5131269097328186,0.0,True,0.05240123385229797,0.001421183979343547
nips34,nips34_Q8_S96,2,72,71,True,2.570434475292858e-12,3.0761667512349434e-09,3.0735963167596506e-09,0.09588467329740524,63,48,1528,same_query_concept_slot,183,8,9,-0.1859186589717865,-0.2391371726989746,2.0,1.694718599319458,34.0,0.2974855303764343,0.5131269097328186,0.0,True,0.05240123385229797,0.001421183979343547
nips34,nips34_Q8_S96,2,73,72,True,0.14567112592091402,0.19326849983127442,0.0475973739103604,0.09588467329740524,63,48,1528,same_query_concept_slot,183,8,58,-0.1859186589717865,-0.2391371726989746,-0.40559059381484985,-0.044818565249443054,47.0,0.2974855303764343,0.5131269097328186,0.0,True,0.05240123385229797,0.001421183979343547
nips34,nips34_Q8_S96,2,74,73,True,0.0322858795647466,0.019378961204340687,-0.012906918360405913,0.09588467329740524,63,48,1528,same_query_concept_slot,183,8,59,-0.1859186589717865,-0.2391371726989746,0.5313423275947571,-0.23632359504699707,30.0,0.2974855303764343,0.5131269097328186,0.0,True,0.05240123385229797,0.001421183979343547
nips34,nips34_Q8_S96,2,75,74,True,0.027342406412355722,0.02076158401573508,-0.006580822396620643,0.09588467329740524,63,48,1528,same_query_concept_slot,183,8,57,-0.1859186589717865,-0.2391371726989746,-0.8244122266769409,-0.8447986841201782,10.0,0.2974855303764343,0.5131269097328186,0.0,True,0.05240123385229797,0.001421183979343547
nips34,nips34_Q8_S96,2,76,75,True,0.019330346518178155,0.00742548906672725,-0.011904857451450906,0.09588467329740524,63,48,1528,same_query_concept_slot,183,8,35,-0.1859186589717865,-0.2391371726989746,1.3498258590698242,1.489377498626709,13.0,0.2974855303764343,0.5131269097328186,0.0,True,0.05240123385229797,0.001421183979343547
nips34,nips34_Q8_S96,2,77,76,True,0.012499999902597238,0.004459112234965449,-0.008040887667631788,0.09588467329740524,63,48,1528,same_query_concept_slot,183,8,8,-0.1859186589717865,-0.2391371726989746,-0.1859186589717865,-0.2391371726989746,87.0,0.2974855303764343,0.5131269097328186,0.0,True,0.05240123385229797,0.001421183979343547
nips34,nips34_Q8_S96,2,78,77,True,0.006770922648733532,0.0024395639943827698,-0.0043313586543507615,0.09588467329740524,63,48,1528,same_query_concept_slot,183,8,1,-0.1859186589717865,-0.2391371726989746,0.020632416009902954,-0.2744305431842804,102.0,0.2974855303764343,0.5131269097328186,0.0,True,0.05240123385229797,0.001421183979343547
nips34,nips34_Q8_S96,2,79,78,True,0.004987192227018919,0.001863248570215525,-0.003123943656803394,0.09588467329740524,63,48,1528,same_query_concept_slot,183,8,2,-0.1859186589717865,-0.2391371726989746,1.2723159790039062,1.4945365190505981,11.0,0.2974855303764343,0.5131269097328186,0.0,True,0.05240123385229797,0.001421183979343547
nips34,nips34_Q8_S96,2,80,79,True,0.001111899826588595,0.0004033956046424562,-0.0007085042219461389,0.09588467329740524,63,48,1528,same_query_concept_slot,183,8,0,-0.1859186589717865,-0.2391371726989746,0.5426735877990723,0.24269966781139374,138.0,0.2974855303764343,0.5131269097328186,0.0,True,0.05240123385229797,0.001421183979343547
nips34,nips34_Q8_S96,2,81,80,True,1.1495410229300149e-07,4.7262394734077375e-08,-6.769170755892412e-08,0.09588467329740524,63,48,1528,same_query_concept_slot,183,8,20,-0.1859186589717865,-0.2391371726989746,0.0,0.0,0.0,0.2974855303764343,0.5131269097328186,0.0,True,0.05240123385229797,0.001421183979343547
nips34,nips34_Q8_S96,2,82,81,True,2.8460516852408996e-08,2.8261177133062028e-08,-1.9933971934696846e-10,0.09588467329740524,63,48,1528,same_query_concept_slot,183,8,14,-0.1859186589717865,-0.2391371726989746,1.4357773065567017,1.5504417419433594,19.0,0.2974855303764343,0.5131269097328186,0.0,True,0.05240123385229797,0.001421183979343547
nips34,nips34_Q8_S96,2,83,82,True,2.6660230750879765e-08,1.3647639794172566e-08,-1.3012590956707199e-08,0.09588467329740524,63,48,1528,same_query_concept_slot,183,8,4,-0.1859186589717865,-0.2391371726989746,0.35669970512390137,0.7213606834411621,2.0,0.2974855303764343,0.5131269097328186,0.0,True,0.05240123385229797,0.001421183979343547
nips34,nips34_Q8_S96,2,84,83,True,1.3455995123650505e-08,1.371805191187744e-08,2.620567882269344e-10,0.09588467329740524,63,48,1528,same_query_concept_slot,183,8,54,-0.1859186589717865,-0.2391371726989746,0.18996384739875793,0.443327397108078,1.0,0.2974855303764343,0.5131269097328186,0.0,True,0.05240123385229797,0.001421183979343547
nips34,nips34_Q8_S96,2,85,84,True,6.245349429104457e-09,6.52158522769515e-09,2.7623579859069287e-10,0.09588467329740524,63,48,1528,same_query_concept_slot,183,8,38,-0.1859186589717865,-0.2391371726989746,1.1560909748077393,1.508582592010498,8.0,0.2974855303764343,0.5131269097328186,0.0,True,0.05240123385229797,0.001421183979343547
nips34,nips34_Q8_S96,2,86,85,True,6.0697556713361385e-09,7.803216420964065e-09,1.7334607496279269e-09,0.09588467329740524,63,48,1528,same_query_concept_slot,183,8,16,-0.1859186589717865,-0.2391371726989746,1.1560909748077393,1.508582592010498,8.0,0.2974855303764343,0.5131269097328186,0.0,True,0.05240123385229797,0.001421183979343547
nips34,nips34_Q8_S96,2,87,86,True,5.698822173620832e-09,7.643434017959547e-09,1.9446118443387152e-09,0.09588467329740524,63,48,1528,same_query_concept_slot,183,8,74,-0.1859186589717865,-0.2391371726989746,1.1266733407974243,1.4267569780349731,9.0,0.2974855303764343,0.5131269097328186,0.0,True,0.05240123385229797,0.001421183979343547
nips34,nips34_Q8_S96,2,88,87,True,5.2922975910789846e-09,6.539659657798386e-09,1.2473620667194013e-09,0.09588467329740524,63,48,1528,same_query_concept_slot,183,8,45,-0.1859186589717865,-0.2391371726989746,0.0,0.0,0.0,0.2974855303764343,0.5131269097328186,0.0,True,0.05240123385229797,0.001421183979343547
nips34,nips34_Q8_S96,2,89,88,True,5.117929075412838e-09,3.1173198304983747e-09,-2.000609244914463e-09,0.09588467329740524,63,48,1528,same_query_concept_slot,183,8,60,-0.1859186589717865,-0.2391371726989746,0.0,0.0,0.0,0.2974855303764343,0.5131269097328186,0.0,True,0.05240123385229797,0.001421183979343547
nips34,nips34_Q8_S96,2,90,89,True,3.3848034717435533e-09,4.631629113281408e-09,1.2468256415378544e-09,0.09588467329740524,63,48,1528,same_query_concept_slot,183,8,33,-0.1859186589717865,-0.2391371726989746,0.37009117007255554,0.7441906929016113,2.0,0.2974855303764343,0.5131269097328186,0.0,True,0.05240123385229797,0.001421183979343547
nips34,nips34_Q8_S96,2,91,90,True,3.2349191479730456e-09,4.465295062431361e-09,1.2303759144583155e-09,0.09588467329740524,63,48,1528,same_query_concept_slot,183,8,56,-0.1859186589717865,-0.2391371726989746,0.37009117007255554,0.7441906929016113,2.0,0.2974855303764343,0.5131269097328186,0.0,True,0.05240123385229797,0.001421183979343547
nips34,nips34_Q8_S96,2,92,91,True,2.963375255657351e-09,3.495796842547952e-09,5.324215868906007e-10,0.09588467329740524,63,48,1528,same_query_concept_slot,183,8,17,-0.1859186589717865,-0.2391371726989746,0.9414645433425903,1.2629092931747437,10.0,0.2974855303764343,0.5131269097328186,0.0,True,0.05240123385229797,0.001421183979343547
nips34,nips34_Q8_S96,2,93,92,True,2.5126344878509866e-09,3.1069854309177262e-09,5.943509430667396e-10,0.09588467329740524,63,48,1528,same_query_concept_slot,183,8,23,-0.1859186589717865,-0.2391371726989746,0.0,0.0,0.0,0.2974855303764343,0.5131269097328186,0.0,True,0.05240123385229797,0.001421183979343547
nips34,nips34_Q8_S96,2,94,93,True,2.312095351553066e-09,2.903849930793968e-09,5.91754579240902e-10,0.09588467329740524,63,48,1528,same_query_concept_slot,183,8,46,-0.1859186589717865,-0.2391371726989746,0.0,0.0,0.0,0.2974855303764343,0.5131269097328186,0.0,True,0.05240123385229797,0.001421183979343547
nips34,nips34_Q8_S96,2,95,94,True,1.4303130577307313e-09,1.0165610160657301e-09,-4.137520416650012e-10,0.09588467329740524,63,48,1528,same_query_concept_slot,183,8,61,-0.1859186589717865,-0.2391371726989746,0.19567862153053284,0.45512011647224426,1.0,0.2974855303764343,0.5131269097328186,0.0,True,0.05240123385229797,0.001421183979343547
nips34,nips34_Q8_S96,2,96,95,True,3.551683033678192e-10,2.2352625504211573e-09,1.880094247053338e-09,0.09588467329740524,63,48,1528,same_query_concept_slot,183,8,18,-0.1859186589717865,-0.2391371726989746,0.38897505402565,0.7760262489318848,2.0,0.2974855303764343,0.5131269097328186,0.0,True,0.05240123385229797,0.001421183979343547
nips34,nips34_Q8_S96,3,1,0,True,0.15718198955987822,0.2007782824351286,0.04359629287525038,0.10180690884590149,63,48,1539,same_query_concept_slot,332,8,58,-0.1859186589717865,-0.2391371726989746,-0.40559059381484985,-0.044818565249443054,47.0,0.3552640378475189,0.6752002239227295,1.0,True,0.05240123385229797,0.001421183979343547
nips34,nips34_Q8_S96,3,2,1,True,0.03108218241727504,0.01765921639850062,-0.013422966018774421,0.10180690884590149,63,48,1539,same_query_concept_slot,332,8,59,-0.1859186589717865,-0.2391371726989746,0.5313423275947571,-0.23632359504699707,30.0,0.3552640378475189,0.6752002239227295,1.0,True,0.05240123385229797,0.001421183979343547
nips34,nips34_Q8_S96,3,3,2,True,0.02639481179122069,0.018874752496247618,-0.007520059294973073,0.10180690884590149,63,48,1539,same_query_concept_slot,332,8,57,-0.1859186589717865,-0.2391371726989746,-0.8244122266769409,-0.8447986841201782,10.0,0.3552640378475189,0.6752002239227295,1.0,True,0.05240123385229797,0.001421183979343547
nips34,nips34_Q8_S96,3,4,3,True,0.01483860298845007,0.005518394297149587,-0.009320208691300482,0.10180690884590149,63,48,1539,same_query_concept_slot,332,8,35,-0.1859186589717865,-0.2391371726989746,1.3498258590698242,1.489377498626709,13.0,0.3552640378475189,0.6752002239227295,1.0,True,0.05240123385229797,0.001421183979343547
nips34,nips34_Q8_S96,3,5,4,True,0.012499999902597238,0.004327760367047626,-0.008172239535549613,0.10180690884590149,63,48,1539,same_query_concept_slot,332,8,8,-0.1859186589717865,-0.2391371726989746,-0.1859186589717865,-0.2391371726989746,87.0,0.3552640378475189,0.6752002239227295,1.0,True,0.05240123385229797,0.001421183979343547
nips34,nips34_Q8_S96,3,6,5,True,0.003862768091146436,0.0013505750715872447,-0.0025121930195591913,0.10180690884590149,63,48,1539,same_query_concept_slot,332,8,1,-0.1859186589717865,-0.2391371726989746,0.020632416009902954,-0.2744305431842804,102.0,0.3552640378475189,0.6752002239227295,1.0,True,0.05240123385229797,0.001421183979343547
nips34,nips34_Q8_S96,3,7,6,True,0.003336506820004334,0.0012082536211720089,-0.002128253198832325,0.10180690884590149,63,48,1539,same_query_concept_slot,332,8,2,-0.1859186589717865,-0.2391371726989746,1.2723159790039062,1.4945365190505981,11.0,0.3552640378475189,0.6752002239227295,1.0,True,0.05240123385229797,0.001421183979343547
nips34,nips34_Q8_S96,3,8,7,True,0.0008031240249335863,0.0002827038873092582,-0.0005204201376243281,0.10180690884590149,63,48,1539,same_query_concept_slot,332,8,0,-0.1859186589717865,-0.2391371726989746,0.5426735877990723,0.24269966781139374,138.0,0.3552640378475189,0.6752002239227295,1.0,True,0.05240123385229797,0.001421183979343547
nips34,nips34_Q8_S96,3,9,8,True,2.955442268237221e-09,1.1723470604339085e-09,-1.7830952078033124e-09,0.10180690884590149,63,48,1539,same_query_concept_slot,332,8,20,-0.1859186589717865,-0.2391371726989746,0.0,0.0,0.0,0.3552640378475189,0.6752002239227295,1.0,True,0.05240123385229797,0.001421183979343547
nips34,nips34_Q8_S96,3,10,9,True,8.576860138426963e-10,2.348190657118869e-09,1.4905046432761729e-09,0.10180690884590149,63,48,1539,same_query_concept_slot,332,8,14,-0.1859186589717865,-0.2391371726989746,1.4357773065567017,1.5504417419433594,19.0,0.3552640378475189,0.6752002239227295,1.0,True,0.05240123385229797,0.001421183979343547
nips34,nips34_Q8_S96,3,11,10,True,5.533604004893691e-10,1.2199645240166948e-09,6.666041235273257e-10,0.10180690884590149,63,48,1539,same_query_concept_slot,332,8,4,-0.1859186589717865,-0.2391371726989746,0.35669970512390137,0.7213606834411621,2.0,0.3552640378475189,0.6752002239227295,1.0,True,0.05240123385229797,0.001421183979343547
nips34,nips34_Q8_S96,3,12,11,True,2.714637064595607e-10,2.4133956070061638e-09,2.141931900546603e-09,0.10180690884590149,63,48,1539,same_query_concept_slot,332,8,54,-0.1859186589717865,-0.2391371726989746,0.18996384739875793,0.443327397108078,1.0,0.3552640378475189,0.6752002239227295,1.0,True,0.05240123385229797,0.001421183979343547
nips34,nips34_Q8_S96,3,13,12,True,1.285398980284074e-10,2.95811585366608e-09,2.8295759556376722e-09,0.10180690884590149,63,48,1539,same_query_concept_slot,332,8,45,-0.1859186589717865,-0.2391371726989746,0.0,0.0,0.0,0.3552640378475189,0.6752002239227295,1.0,True,0.05240123385229797,0.001421183979343547
nips34,nips34_Q8_S96,3,14,13,True,1.0770784020054451e-10,3.2311128008969724e-09,3.1234049606964277e-09,0.10180690884590149,63,48,1539,same_query_concept_slot,332,8,74,-0.1859186589717865,-0.2391371726989746,1.1266733407974243,1.4267569780349731,9.0,0.3552640378475189,0.6752002239227295,1.0,True,0.05240123385229797,0.001421183979343547
nips34,nips34_Q8_S96,3,15,14,True,9.297915698421926e-11,1.44059580602687e-09,1.3476166490426508e-09,0.10180690884590149,63,48,1539,same_query_concept_slot,332,8,60,-0.1859186589717865,-0.2391371726989746,0.0,0.0,0.0,0.3552640378475189,0.6752002239227295,1.0,True,0.05240123385229797,0.001421183979343547
nips34,nips34_Q8_S96,3,16,15,True,9.279507507201995e-11,2.4746550464695715e-09,2.3818599713975514e-09,0.10180690884590149,63,48,1539,same_query_concept_slot,332,8,38,-0.1859186589717865,-0.2391371726989746,1.1560909748077393,1.508582592010498,8.0,0.3552640378475189,0.6752002239227295,1.0,True,0.05240123385229797,0.001421183979343547
nips34,nips34_Q8_S96,3,17,16,True,8.998090956863865e-11,3.0866676842624886e-09,2.99668677469385e-09,0.10180690884590149,63,48,1539,same_query_concept_slot,332,8,16,-0.1859186589717865,-0.2391371726989746,1.1560909748077393,1.508582592010498,8.0,0.3552640378475189,0.6752002239227295,1.0,True,0.05240123385229797,0.001421183979343547
nips34,nips34_Q8_S96,3,18,17,True,5.1451987335473234e-11,3.301943250620452e-09,3.250491263284979e-09,0.10180690884590149,63,48,1539,same_query_concept_slot,332,8,33,-0.1859186589717865,-0.2391371726989746,0.37009117007255554,0.7441906929016113,2.0,0.3552640378475189,0.6752002239227295,1.0,True,0.05240123385229797,0.001421183979343547
nips34,nips34_Q8_S96,3,19,18,True,4.846455418579645e-11,3.3333039411617365e-09,3.28483938697594e-09,0.10180690884590149,63,48,1539,same_query_concept_slot,332,8,56,-0.1859186589717865,-0.2391371726989746,0.37009117007255554,0.7441906929016113,2.0,0.3552640378475189,0.6752002239227295,1.0,True,0.05240123385229797,0.001421183979343547
nips34,nips34_Q8_S96,3,20,19,True,4.816753483898007e-11,2.814954820929471e-09,2.766787286090491e-09,0.10180690884590149,63,48,1539,same_query_concept_slot,332,8,17,-0.1859186589717865,-0.2391371726989746,0.9414645433425903,1.2629092931747437,10.0,0.3552640378475189,0.6752002239227295,1.0,True,0.05240123385229797,0.001421183979343547
nips34,nips34_Q8_S96,3,21,20,True,4.6921968717025316e-11,2.768924754162508e-09,2.7220027854454825e-09,0.10180690884590149,63,48,1539,same_query_concept_slot,332,8,46,-0.1859186589717865,-0.2391371726989746,0.0,0.0,0.0,0.3552640378475189,0.6752002239227295,1.0,True,0.05240123385229797,0.001421183979343547
nips34,nips34_Q8_S96,3,22,21,True,4.259218575541842e-11,2.960294555240686e-09,2.917702369485268e-09,0.10180690884590149,63,48,1539,same_query_concept_slot,332,8,23,-0.1859186589717865,-0.2391371726989746,0.0,0.0,0.0,0.3552640378475189,0.6752002239227295,1.0,True,0.05240123385229797,0.001421183979343547
nips34,nips34_Q8_S96,3,23,22,True,2.2401779575352917e-11,9.813689460228325e-10,9.589671664474796e-10,0.10180690884590149,63,48,1539,same_query_concept_slot,332,8,61,-0.1859186589717865,-0.2391371726989746,0.19567862153053284,0.45512011647224426,1.0,0.3552640378475189,0.6752002239227295,1.0,True,0.05240123385229797,0.001421183979343547
nips34,nips34_Q8_S96,3,24,23,True,2.603939791109263e-12,3.0331267369958692e-09,3.03052279720476e-09,0.10180690884590149,63,48,1539,same_query_concept_slot,332,8,9,-0.1859186589717865,-0.2391371726989746,2.0,1.694718599319458,34.0,0.3552640378475189,0.6752002239227295,1.0,True,0.05240123385229797,0.001421183979343547
nips34,nips34_Q8_S96,3,25,24,True,0.14221867596225923,0.19027764318663792,0.04805896722437869,0.10180690884590149,63,48,1539,same_query_concept_slot,332,8,58,-0.1859186589717865,-0.2391371726989746,-0.40559059381484985,-0.044818565249443054,47.0,0.3552640378475189,0.6752002239227295,1.0,True,0.05240123385229797,0.001421183979343547
nips34,nips34_Q8_S96,3,26,25,True,0.033738046118906365,0.020421198667121134,-0.01331684745178523,0.10180690884590149,63,48,1539,same_query_concept_slot,332,8,59,-0.1859186589717865,-0.2391371726989746,0.5313423275947571,-0.23632359504699707,30.0,0.3552640378475189,0.6752002239227295,1.0,True,0.05240123385229797,0.001421183979343547
nips34,nips34_Q8_S96,3,27,26,True,0.029607110916234976,0.022670612676560002,-0.006936498239674974,0.10180690884590149,63,48,1539,same_query_concept_slot,332,8,57,-0.1859186589717865,-0.2391371726989746,-0.8244122266769409,-0.8447986841201782,10.0,0.3552640378475189,0.6752002239227295,1.0,True,0.05240123385229797,0.001421183979343547
nips34,nips34_Q8_S96,3,28,27,True,0.019229040976100748,0.0074488037951086425,-0.011780237180992106,0.10180690884590149,63,48,1539,same_query_concept_slot,332,8,35,-0.1859186589717865,-0.2391371726989746,1.3498258590698242,1.489377498626709,13.0,0.3552640378475189,0.6752002239227295,1.0,True,0.05240123385229797,0.001421183979343547
nips34,nips34_Q8_S96,3,29,28,True,0.012500000833919792,0.004496680389108326,-0.008003320444811467,0.10180690884590149,63,48,1539,same_query_concept_slot,332,8,8,-0.1859186589717865,-0.2391371726989746,-0.1859186589717865,-0.2391371726989746,87.0,0.3552640378475189,0.6752002239227295,1.0,True,0.05240123385229797,0.001421183979343547
nips34,nips34_Q8_S96,3,30,29,True,0.0067345000206507355,0.002446881861214151,-0.004287618159436585,0.10180690884590149,63,48,1539,same_query_concept_slot,332,8,1,-0.1859186589717865,-0.2391371726989746,0.020632416009902954,-0.2744305431842804,102.0,0.3552640378475189,0.6752002239227295,1.0,True,0.05240123385229797,0.001421183979343547
nips34,nips34_Q8_S96,3,31,30,True,0.004862261825727368,0.0018318769705699554,-0.0030303848551574124,0.10180690884590149,63,48,1539,same_query_concept_slot,332,8,2,-0.1859186589717865,-0.2391371726989746,1.2723159790039062,1.4945365190505981,11.0,0.3552640378475189,0.6752002239227295,1.0,True,0.05240123385229797,0.001421183979343547
nips34,nips34_Q8_S96,3,32,31,True,0.0011101613966272043,0.0004061580819090049,-0.0007040033147181993,0.10180690884590149,63,48,1539,same_query_concept_slot,332,8,0,-0.1859186589717865,-0.2391371726989746,0.5426735877990723,0.24269966781139374,138.0,0.3552640378475189,0.6752002239227295,1.0,True,0.05240123385229797,0.001421183979343547
nips34,nips34_Q8_S96,3,33,32,True,1.0455199846206271e-07,4.334780179971848e-08,-6.120419666234424e-08,0.10180690884590149,63,48,1539,same_query_concept_slot,332,8,20,-0.1859186589717865,-0.2391371726989746,0.0,0.0,0.0,0.3552640378475189,0.6752002239227295,1.0,True,0.05240123385229797,0.001421183979343547
nips34,nips34_Q8_S96,3,34,33,True,2.6641198864134328e-08,2.6677500008308462e-08,3.630114417413419e-11,0.10180690884590149,63,48,1539,same_query_concept_slot,332,8,14,-0.1859186589717865,-0.2391371726989746,1.4357773065567017,1.5504417419433594,19.0,0.3552640378475189,0.6752002239227295,1.0,True,0.05240123385229797,0.001421183979343547
nips34,nips34_Q8_S96,3,35,34,True,2.4866787175740624e-08,1.2836825300633344e-08,-1.202996187510728e-08,0.10180690884590149,63,48,1539,same_query_concept_slot,332,8,4,-0.1859186589717865,-0.2391371726989746,0.35669970512390137,0.7213606834411621,2.0,0.3552640378475189,0.6752002239227295,1.0,True,0.05240123385229797,0.001421183979343547
nips34,nips34_Q8_S96,3,36,35,True,1.2852384642428165e-08,1.3213099408247367e-08,3.6071476581920216e-10,0.10180690884590149,63,48,1539,same_query_concept_slot,332,8,54,-0.1859186589717865,-0.2391371726989746,0.18996384739875793,0.443327397108078,1.0,0.3552640378475189,0.6752002239227295,1.0,True,0.05240123385229797,0.001421183979343547
nips34,nips34_Q8_S96,3,37,36,True,6.119820067272455e-09,6.44435456454052e-09,3.245344972680649e-10,0.10180690884590149,63,48,1539,same_query_concept_slot,332,8,38,-0.1859186589717865,-0.2391371726989746,1.1560909748077393,1.508582592010498,8.0,0.3552640378475189,0.6752002239227295,1.0,True,0.05240123385229797,0.001421183979343547
nips34,nips34_Q8_S96,3,38,37,True,5.738444700202905e-09,7.439452305880956e-09,1.7010076056780512e-09,0.10180690884590149,63,48,1539,same_query_concept_slot,332,8,16,-0.1859186589717865,-0.2391371726989746,1.1560909748077393,1.508582592010498,8.0,0.3552640378475189,0.6752002239227295,1.0,True,0.05240123385229797,0.001421183979343547
nips34,nips34_Q8_S96,3,39,38,True,5.503933628300813e-09,7.444249801419169e-09,1.940316173118356e-09,0.10180690884590149,63,48,1539,same_query_concept_slot,332,8,74,-0.1859186589717865,-0.2391371726989746,1.1266733407974243,1.4267569780349731,9.0,0.3552640378475189,0.6752002239227295,1.0,True,0.05240123385229797,0.001421183979343547
nips34,nips34_Q8_S96,3,40,39,True,5.077933069813756e-09,6.32764526041986e-09,1.249712190606104e-09,0.10180690884590149,63,48,1539,same_query_concept_slot,332,8,45,-0.1859186589717865,-0.2391371726989746,0.0,0.0,0.0,0.3552640378475189,0.6752002239227295,1.0,True,0.05240123385229797,0.001421183979343547
nips34,nips34_Q8_S96,3,41,40,True,4.814058820022727e-09,2.9569419038877527e-09,-1.8571169161349744e-09,0.10180690884590149,63,48,1539,same_query_concept_slot,332,8,60,-0.1859186589717865,-0.2391371726989746,0.0,0.0,0.0,0.3552640378475189,0.6752002239227295,1.0,True,0.05240123385229797,0.001421183979343547
nips34,nips34_Q8_S96,3,42,41,True,3.2663511153991205e-09,4.507206868078856e-09,1.2408557526797356e-09,0.10180690884590149,63,48,1539,same_query_concept_slot,332,8,33,-0.1859186589717865,-0.2391371726989746,0.37009117007255554,0.7441906929016113,2.0,0.3552640378475189,0.6752002239227295,1.0,True,0.05240123385229797,0.001421183979343547
nips34,nips34_Q8_S96,3,43,42,True,3.1284774060810517e-09,4.354757709897304e-09,1.2262803038162525e-09,0.10180690884590149,63,48,1539,same_query_concept_slot,332,8,56,-0.1859186589717865,-0.2391371726989746,0.37009117007255554,0.7441906929016113,2.0,0.3552640378475189,0.6752002239227295,1.0,True,0.05240123385229797,0.001421183979343547
nips34,nips34_Q8_S96,3,44,43,True,2.8462194177316536e-09,3.385884989640441e-09,5.396655719087875e-10,0.10180690884590149,63,48,1539,same_query_concept_slot,332,8,17,-0.1859186589717865,-0.2391371726989746,0.9414645433425903,1.2629092931747437,10.0,0.3552640378475189,0.6752002239227295,1.0,True,0.05240123385229797,0.001421183979343547
nips34,nips34_Q8_S96,3,45,44,True,2.4032619792850963e-09,3.1174095365151033e-09,7.14147557230007e-10,0.10180690884590149,63,48,1539,same_query_concept_slot,332,8,23,-0.1859186589717865,-0.2391371726989746,0.0,0.0,0.0,0.3552640378475189,0.6752002239227295,1.0,True,0.05240123385229797,0.001421183979343547
nips34,nips34_Q8_S96,3,46,45,True,2.2438195236678923e-09,2.9283174689012864e-09,6.844979452333941e-10,0.10180690884590149,63,48,1539,same_query_concept_slot,332,8,46,-0.1859186589717865,-0.2391371726989746,0.0,0.0,0.0,0.3552640378475189,0.6752002239227295,1.0,True,0.05240123385229797,0.001421183979343547
nips34,nips34_Q8_S96,3,47,46,True,1.3699224776767125e-09,1.0251263863511392e-09,-3.447960913255733e-10,0.10180690884590149,63,48,1539,same_query_concept_slot,332,8,61,-0.1859186589717865,-0.2391371726989746,0.19567862153053284,0.45512011647224426,1.0,0.3552640378475189,0.6752002239227295,1.0,True,0.05240123385229797,0.001421183979343547
nips34,nips34_Q8_S96,3,48,47,True,3.460160412941394e-10,2.2540965950868392e-09,1.9080805537926997e-09,0.10180690884590149,63,48,1539,same_query_concept_slot,332,8,18,-0.1859186589717865,-0.2391371726989746,0.38897505402565,0.7760262489318848,2.0,0.3552640378475189,0.6752002239227295,1.0,True,0.05240123385229797,0.001421183979343547
nips34,nips34_Q8_S96,3,49,48,True,0.15130154445139732,0.19600918089083766,0.04470763643944034,0.10180690884590149,63,48,1539,same_query_concept_slot,332,8,58,-0.1859186589717865,-0.2391371726989746,-0.40559059381484985,-0.044818565249443054,47.0,0.3552640378475189,0.6752002239227295,1.0,True,0.05240123385229797,0.001421183979343547
nips34,nips34_Q8_S96,3,50,49,True,0.033110059046384595,0.019078268822236885,-0.01403179022414771,0.10180690884590149,63,48,1539,same_query_concept_slot,332,8,59,-0.1859186589717865,-0.2391371726989746,0.5313423275947571,-0.23632359504699707,30.0,0.3552640378475189,0.6752002239227295,1.0,True,0.05240123385229797,0.001421183979343547
nips34,nips34_Q8_S96,3,51,50,True,0.03054910642617848,0.022155432988985715,-0.008393673437192765,0.10180690884590149,63,48,1539,same_query_concept_slot,332,8,57,-0.1859186589717865,-0.2391371726989746,-0.8244122266769409,-0.8447986841201782,10.0,0.3552640378475189,0.6752002239227295,1.0,True,0.05240123385229797,0.001421183979343547
nips34,nips34_Q8_S96,3,52,51,True,0.01476951282482011,0.005570635903517959,-0.00919887692130215,0.10180690884590149,63,48,1539,same_query_concept_slot,332,8,35,-0.1859186589717865,-0.2391371726989746,1.3498258590698242,1.489377498626709,13.0,0.3552640378475189,0.6752002239227295,1.0,True,0.05240123385229797,0.001421183979343547
nips34,nips34_Q8_S96,3,53,52,True,0.012499999902597238,0.004389168515482541,-0.008110831387114697,0.10180690884590149,63,48,1539,same_query_concept_slot,332,8,8,-0.1859186589717865,-0.2391371726989746,-0.1859186589717865,-0.2391371726989746,87.0,0.3552640378475189,0.6752002239227295,1.0,True,0.05240123385229797,0.001421183979343547
nips34,nips34_Q8_S96,3,54,53,True,0.003806038906107548,0.0013496220958016626,-0.0024564168103058852,0.10180690884590149,63,48,1539,same_query_concept_slot,332,8,1,-0.1859186589717865,-0.2391371726989746,0.020632416009902954,-0.2744305431842804,102.0,0.3552640378475189,0.6752002239227295,1.0,True,0.05240123385229797,0.001421183979343547
nips34,nips34_Q8_S96,3,55,54,True,0.0031749435445635383,0.001166060752142981,-0.002008882792420557,0.10180690884590149,63,48,1539,same_query_concept_slot,332,8,2,-0.1859186589717865,-0.2391371726989746,1.2723159790039062,1.4945365190505981,11.0,0.3552640378475189,0.6752002239227295,1.0,True,0.05240123385229797,0.001421183979343547
nips34,nips34_Q8_S96,3,56,55,True,0.0007887878858295612,0.00028159715599364847,-0.0005071907298359127,0.10180690884590149,63,48,1539,same_query_concept_slot,332,8,0,-0.1859186589717865,-0.2391371726989746,0.5426735877990723,0.24269966781139374,138.0,0.3552640378475189,0.6752002239227295,1.0,True,0.05240123385229797,0.001421183979343547
nips34,nips34_Q8_S96,3,57,56,True,2.659256088270768e-09,1.0698255178105004e-09,-1.5894305704602677e-09,0.10180690884590149,63,48,1539,same_query_concept_slot,332,8,20,-0.1859186589717865,-0.2391371726989746,0.0,0.0,0.0,0.3552640378475189,0.6752002239227295,1.0,True,0.05240123385229797,0.001421183979343547
nips34,nips34_Q8_S96,3,58,57,True,8.119791876679945e-10,2.381510891218643e-09,1.5695317035506486e-09,0.10180690884590149,63,48,1539,same_query_concept_slot,332,8,14,-0.1859186589717865,-0.2391371726989746,1.4357773065567017,1.5504417419433594,19.0,0.3552640378475189,0.6752002239227295,1.0,True,0.05240123385229797,0.001421183979343547
nips34,nips34_Q8_S96,3,59,58,True,5.1359376696197e-10,1.2372755647993538e-09,7.236817978373838e-10,0.10180690884590149,63,48,1539,same_query_concept_slot,332,8,4,-0.1859186589717865,-0.2391371726989746,0.35669970512390137,0.7213606834411621,2.0,0.3552640378475189,0.6752002239227295,1.0,True,0.05240123385229797,0.001421183979343547
nips34,nips34_Q8_S96,3,60,59,True,2.651722947663883e-10,2.4476408788923024e-09,2.182468584125914e-09,0.10180690884590149,63,48,1539,same_query_concept_slot,332,8,54,-0.1859186589717865,-0.2391371726989746,0.18996384739875793,0.443327397108078,1.0,0.3552640378475189,0.6752002239227295,1.0,True,0.05240123385229797,0.001421183979343547
nips34,nips34_Q8_S96,3,61,60,True,1.2793456281575547e-10,3.0000907199788e-09,2.8721561571630443e-09,0.10180690884590149,63,48,1539,same_query_concept_slot,332,8,45,-0.1859186589717865,-0.2391371726989746,0.0,0.0,0.0,0.3552640378475189,0.6752002239227295,1.0,True,0.05240123385229797,0.001421183979343547
nips34,nips34_Q8_S96,3,62,61,True,1.0775966679793668e-10,3.2769614572291155e-09,3.1692017904311787e-09,0.10180690884590149,63,48,1539,same_query_concept_slot,332,8,74,-0.1859186589717865,-0.2391371726989746,1.1266733407974243,1.4267569780349731,9.0,0.3552640378475189,0.6752002239227295,1.0,True,0.05240123385229797,0.001421183979343547
nips34,nips34_Q8_S96,3,63,62,True,9.686284193631438e-11,2.509769844993109e-09,2.4129070030567946e-09,0.10180690884590149,63,48,1539,same_query_concept_slot,332,8,38,-0.1859186589717865,-0.2391371726989746,1.1560909748077393,1.508582592010498,8.0,0.3552640378475189,0.6752002239227295,1.0,True,0.05240123385229797,0.001421183979343547
nips34,nips34_Q8_S96,3,64,63,True,8.774410859721742e-11,1.4610374535665993e-09,1.373293344969382e-09,0.10180690884590149,63,48,1539,same_query_concept_slot,332,8,60,-0.1859186589717865,-0.2391371726989746,0.0,0.0,0.0,0.3552640378475189,0.6752002239227295,1.0,True,0.05240123385229797,0.001421183979343547
nips34,nips34_Q8_S96,3,65,64,True,8.597463518072518e-11,3.1304668689748177e-09,3.0444922337940925e-09,0.10180690884590149,63,48,1539,same_query_concept_slot,332,8,16,-0.1859186589717865,-0.2391371726989746,1.1560909748077393,1.508582592010498,8.0,0.3552640378475189,0.6752002239227295,1.0,True,0.05240123385229797,0.001421183979343547
nips34,nips34_Q8_S96,3,66,65,True,5.0731667714549014e-11,3.348797324882662e-09,3.2980656571681133e-09,0.10180690884590149,63,48,1539,same_query_concept_slot,332,8,33,-0.1859186589717865,-0.2391371726989746,0.37009117007255554,0.7441906929016113,2.0,0.3552640378475189,0.6752002239227295,1.0,True,0.05240123385229797,0.001421183979343547
nips34,nips34_Q8_S96,3,67,66,True,4.7937507041838705e-11,3.3806029927940556e-09,3.332665485752217e-09,0.10180690884590149,63,48,1539,same_query_concept_slot,332,8,56,-0.1859186589717865,-0.2391371726989746,0.37009117007255554,0.7441906929016113,2.0,0.3552640378475189,0.6752002239227295,1.0,True,0.05240123385229797,0.001421183979343547
nips34,nips34_Q8_S96,3,68,67,True,4.770428041468023e-11,2.8548986453238336e-09,2.8071943649091532e-09,0.10180690884590149,63,48,1539,same_query_concept_slot,332,8,17,-0.1859186589717865,-0.2391371726989746,0.9414645433425903,1.2629092931747437,10.0,0.3552640378475189,0.6752002239227295,1.0,True,0.05240123385229797,0.001421183979343547
nips34,nips34_Q8_S96,3,69,68,True,4.4838218924969306e-11,2.808215323355842e-09,2.7633771044308727e-09,0.10180690884590149,63,48,1539,same_query_concept_slot,332,8,46,-0.1859186589717865,-0.2391371726989746,0.0,0.0,0.0,0.3552640378475189,0.6752002239227295,1.0,True,0.05240123385229797,0.001421183979343547
nips34,nips34_Q8_S96,3,70,69,True,4.155876243197358e-11,3.002300285752231e-09,2.960741523320257e-09,0.10180690884590149,63,48,1539,same_query_concept_slot,332,8,23,-0.1859186589717865,-0.2391371726989746,0.0,0.0,0.0,0.3552640378475189,0.6752002239227295,1.0,True,0.05240123385229797,0.001421183979343547
nips34,nips34_Q8_S96,3,71,70,True,2.1944123103583013e-11,9.952944728523705e-10,9.733503497487874e-10,0.10180690884590149,63,48,1539,same_query_concept_slot,332,8,61,-0.1859186589717865,-0.2391371726989746,0.19567862153053284,0.45512011647224426,1.0,0.3552640378475189,0.6752002239227295,1.0,True,0.05240123385229797,0.001421183979343547
nips34,nips34_Q8_S96,3,72,71,True,2.570434475292858e-12,3.0761667512349434e-09,3.0735963167596506e-09,0.10180690884590149,63,48,1539,same_query_concept_slot,332,8,9,-0.1859186589717865,-0.2391371726989746,2.0,1.694718599319458,34.0,0.3552640378475189,0.6752002239227295,1.0,True,0.05240123385229797,0.001421183979343547
nips34,nips34_Q8_S96,3,73,72,True,0.14567112592091402,0.19326849983127442,0.0475973739103604,0.10180690884590149,63,48,1539,same_query_concept_slot,332,8,58,-0.1859186589717865,-0.2391371726989746,-0.40559059381484985,-0.044818565249443054,47.0,0.3552640378475189,0.6752002239227295,1.0,True,0.05240123385229797,0.001421183979343547
nips34,nips34_Q8_S96,3,74,73,True,0.0322858795647466,0.019378961204340687,-0.012906918360405913,0.10180690884590149,63,48,1539,same_query_concept_slot,332,8,59,-0.1859186589717865,-0.2391371726989746,0.5313423275947571,-0.23632359504699707,30.0,0.3552640378475189,0.6752002239227295,1.0,True,0.05240123385229797,0.001421183979343547
nips34,nips34_Q8_S96,3,75,74,True,0.027342406412355722,0.02076158401573508,-0.006580822396620643,0.10180690884590149,63,48,1539,same_query_concept_slot,332,8,57,-0.1859186589717865,-0.2391371726989746,-0.8244122266769409,-0.8447986841201782,10.0,0.3552640378475189,0.6752002239227295,1.0,True,0.05240123385229797,0.001421183979343547
nips34,nips34_Q8_S96,3,76,75,True,0.019330346518178155,0.00742548906672725,-0.011904857451450906,0.10180690884590149,63,48,1539,same_query_concept_slot,332,8,35,-0.1859186589717865,-0.2391371726989746,1.3498258590698242,1.489377498626709,13.0,0.3552640378475189,0.6752002239227295,1.0,True,0.05240123385229797,0.001421183979343547
nips34,nips34_Q8_S96,3,77,76,True,0.012499999902597238,0.004459112234965449,-0.008040887667631788,0.10180690884590149,63,48,1539,same_query_concept_slot,332,8,8,-0.1859186589717865,-0.2391371726989746,-0.1859186589717865,-0.2391371726989746,87.0,0.3552640378475189,0.6752002239227295,1.0,True,0.05240123385229797,0.001421183979343547
nips34,nips34_Q8_S96,3,78,77,True,0.006770922648733532,0.0024395639943827698,-0.0043313586543507615,0.10180690884590149,63,48,1539,same_query_concept_slot,332,8,1,-0.1859186589717865,-0.2391371726989746,0.020632416009902954,-0.2744305431842804,102.0,0.3552640378475189,0.6752002239227295,1.0,True,0.05240123385229797,0.001421183979343547
nips34,nips34_Q8_S96,3,79,78,True,0.004987192227018919,0.001863248570215525,-0.003123943656803394,0.10180690884590149,63,48,1539,same_query_concept_slot,332,8,2,-0.1859186589717865,-0.2391371726989746,1.2723159790039062,1.4945365190505981,11.0,0.3552640378475189,0.6752002239227295,1.0,True,0.05240123385229797,0.001421183979343547
nips34,nips34_Q8_S96,3,80,79,True,0.001111899826588595,0.0004033956046424562,-0.0007085042219461389,0.10180690884590149,63,48,1539,same_query_concept_slot,332,8,0,-0.1859186589717865,-0.2391371726989746,0.5426735877990723,0.24269966781139374,138.0,0.3552640378475189,0.6752002239227295,1.0,True,0.05240123385229797,0.001421183979343547
nips34,nips34_Q8_S96,3,81,80,True,1.1495410229300149e-07,4.7262394734077375e-08,-6.769170755892412e-08,0.10180690884590149,63,48,1539,same_query_concept_slot,332,8,20,-0.1859186589717865,-0.2391371726989746,0.0,0.0,0.0,0.3552640378475189,0.6752002239227295,1.0,True,0.05240123385229797,0.001421183979343547
nips34,nips34_Q8_S96,3,82,81,True,2.8460516852408996e-08,2.8261177133062028e-08,-1.9933971934696846e-10,0.10180690884590149,63,48,1539,same_query_concept_slot,332,8,14,-0.1859186589717865,-0.2391371726989746,1.4357773065567017,1.5504417419433594,19.0,0.3552640378475189,0.6752002239227295,1.0,True,0.05240123385229797,0.001421183979343547
nips34,nips34_Q8_S96,3,83,82,True,2.6660230750879765e-08,1.3647639794172566e-08,-1.3012590956707199e-08,0.10180690884590149,63,48,1539,same_query_concept_slot,332,8,4,-0.1859186589717865,-0.2391371726989746,0.35669970512390137,0.7213606834411621,2.0,0.3552640378475189,0.6752002239227295,1.0,True,0.05240123385229797,0.001421183979343547
nips34,nips34_Q8_S96,3,84,83,True,1.3455995123650505e-08,1.371805191187744e-08,2.620567882269344e-10,0.10180690884590149,63,48,1539,same_query_concept_slot,332,8,54,-0.1859186589717865,-0.2391371726989746,0.18996384739875793,0.443327397108078,1.0,0.3552640378475189,0.6752002239227295,1.0,True,0.05240123385229797,0.001421183979343547
nips34,nips34_Q8_S96,3,85,84,True,6.245349429104457e-09,6.52158522769515e-09,2.7623579859069287e-10,0.10180690884590149,63,48,1539,same_query_concept_slot,332,8,38,-0.1859186589717865,-0.2391371726989746,1.1560909748077393,1.508582592010498,8.0,0.3552640378475189,0.6752002239227295,1.0,True,0.05240123385229797,0.001421183979343547
nips34,nips34_Q8_S96,3,86,85,True,6.0697556713361385e-09,7.803216420964065e-09,1.7334607496279269e-09,0.10180690884590149,63,48,1539,same_query_concept_slot,332,8,16,-0.1859186589717865,-0.2391371726989746,1.1560909748077393,1.508582592010498,8.0,0.3552640378475189,0.6752002239227295,1.0,True,0.05240123385229797,0.001421183979343547
nips34,nips34_Q8_S96,3,87,86,True,5.698822173620832e-09,7.643434017959547e-09,1.9446118443387152e-09,0.10180690884590149,63,48,1539,same_query_concept_slot,332,8,74,-0.1859186589717865,-0.2391371726989746,1.1266733407974243,1.4267569780349731,9.0,0.3552640378475189,0.6752002239227295,1.0,True,0.05240123385229797,0.001421183979343547
nips34,nips34_Q8_S96,3,88,87,True,5.2922975910789846e-09,6.539659657798386e-09,1.2473620667194013e-09,0.10180690884590149,63,48,1539,same_query_concept_slot,332,8,45,-0.1859186589717865,-0.2391371726989746,0.0,0.0,0.0,0.3552640378475189,0.6752002239227295,1.0,True,0.05240123385229797,0.001421183979343547
nips34,nips34_Q8_S96,3,89,88,True,5.117929075412838e-09,3.1173198304983747e-09,-2.000609244914463e-09,0.10180690884590149,63,48,1539,same_query_concept_slot,332,8,60,-0.1859186589717865,-0.2391371726989746,0.0,0.0,0.0,0.3552640378475189,0.6752002239227295,1.0,True,0.05240123385229797,0.001421183979343547
nips34,nips34_Q8_S96,3,90,89,True,3.3848034717435533e-09,4.631629113281408e-09,1.2468256415378544e-09,0.10180690884590149,63,48,1539,same_query_concept_slot,332,8,33,-0.1859186589717865,-0.2391371726989746,0.37009117007255554,0.7441906929016113,2.0,0.3552640378475189,0.6752002239227295,1.0,True,0.05240123385229797,0.001421183979343547
nips34,nips34_Q8_S96,3,91,90,True,3.2349191479730456e-09,4.465295062431361e-09,1.2303759144583155e-09,0.10180690884590149,63,48,1539,same_query_concept_slot,332,8,56,-0.1859186589717865,-0.2391371726989746,0.37009117007255554,0.7441906929016113,2.0,0.3552640378475189,0.6752002239227295,1.0,True,0.05240123385229797,0.001421183979343547
nips34,nips34_Q8_S96,3,92,91,True,2.963375255657351e-09,3.495796842547952e-09,5.324215868906007e-10,0.10180690884590149,63,48,1539,same_query_concept_slot,332,8,17,-0.1859186589717865,-0.2391371726989746,0.9414645433425903,1.2629092931747437,10.0,0.3552640378475189,0.6752002239227295,1.0,True,0.05240123385229797,0.001421183979343547
nips34,nips34_Q8_S96,3,93,92,True,2.5126344878509866e-09,3.1069854309177262e-09,5.943509430667396e-10,0.10180690884590149,63,48,1539,same_query_concept_slot,332,8,23,-0.1859186589717865,-0.2391371726989746,0.0,0.0,0.0,0.3552640378475189,0.6752002239227295,1.0,True,0.05240123385229797,0.001421183979343547
nips34,nips34_Q8_S96,3,94,93,True,2.312095351553066e-09,2.903849930793968e-09,5.91754579240902e-10,0.10180690884590149,63,48,1539,same_query_concept_slot,332,8,46,-0.1859186589717865,-0.2391371726989746,0.0,0.0,0.0,0.3552640378475189,0.6752002239227295,1.0,True,0.05240123385229797,0.001421183979343547
nips34,nips34_Q8_S96,3,95,94,True,1.4303130577307313e-09,1.0165610160657301e-09,-4.137520416650012e-10,0.10180690884590149,63,48,1539,same_query_concept_slot,332,8,61,-0.1859186589717865,-0.2391371726989746,0.19567862153053284,0.45512011647224426,1.0,0.3552640378475189,0.6752002239227295,1.0,True,0.05240123385229797,0.001421183979343547
nips34,nips34_Q8_S96,3,96,95,True,3.551683033678192e-10,2.2352625504211573e-09,1.880094247053338e-09,0.10180690884590149,63,48,1539,same_query_concept_slot,332,8,18,-0.1859186589717865,-0.2391371726989746,0.38897505402565,0.7760262489318848,2.0,0.3552640378475189,0.6752002239227295,1.0,True,0.05240123385229797,0.001421183979343547
nips34,nips34_Q8_S96,4,1,0,True,0.15718198955987822,0.2007782824351286,0.04359629287525038,0.09588467329740524,63,48,1529,same_query_concept_slot,242,8,58,-0.1859186589717865,-0.2391371726989746,-0.40559059381484985,-0.044818565249443054,47.0,0.2380436360836029,0.3664117753505707,0.0,True,0.05240123385229797,0.001421183979343547
nips34,nips34_Q8_S96,4,2,1,True,0.03108218241727504,0.01765921639850062,-0.013422966018774421,0.09588467329740524,63,48,1529,same_query_concept_slot,242,8,59,-0.1859186589717865,-0.2391371726989746,0.5313423275947571,-0.23632359504699707,30.0,0.2380436360836029,0.3664117753505707,0.0,True,0.05240123385229797,0.001421183979343547
nips34,nips34_Q8_S96,4,3,2,True,0.02639481179122069,0.018874752496247618,-0.007520059294973073,0.09588467329740524,63,48,1529,same_query_concept_slot,242,8,57,-0.1859186589717865,-0.2391371726989746,-0.8244122266769409,-0.8447986841201782,10.0,0.2380436360836029,0.3664117753505707,0.0,True,0.05240123385229797,0.001421183979343547
nips34,nips34_Q8_S96,4,4,3,True,0.01483860298845007,0.005518394297149587,-0.009320208691300482,0.09588467329740524,63,48,1529,same_query_concept_slot,242,8,35,-0.1859186589717865,-0.2391371726989746,1.3498258590698242,1.489377498626709,13.0,0.2380436360836029,0.3664117753505707,0.0,True,0.05240123385229797,0.001421183979343547
nips34,nips34_Q8_S96,4,5,4,True,0.012499999902597238,0.004327760367047626,-0.008172239535549613,0.09588467329740524,63,48,1529,same_query_concept_slot,242,8,8,-0.1859186589717865,-0.2391371726989746,-0.1859186589717865,-0.2391371726989746,87.0,0.2380436360836029,0.3664117753505707,0.0,True,0.05240123385229797,0.001421183979343547
nips34,nips34_Q8_S96,4,6,5,True,0.003862768091146436,0.0013505750715872447,-0.0025121930195591913,0.09588467329740524,63,48,1529,same_query_concept_slot,242,8,1,-0.1859186589717865,-0.2391371726989746,0.020632416009902954,-0.2744305431842804,102.0,0.2380436360836029,0.3664117753505707,0.0,True,0.05240123385229797,0.001421183979343547
nips34,nips34_Q8_S96,4,7,6,True,0.003336506820004334,0.0012082536211720089,-0.002128253198832325,0.09588467329740524,63,48,1529,same_query_concept_slot,242,8,2,-0.1859186589717865,-0.2391371726989746,1.2723159790039062,1.4945365190505981,11.0,0.2380436360836029,0.3664117753505707,0.0,True,0.05240123385229797,0.001421183979343547
nips34,nips34_Q8_S96,4,8,7,True,0.0008031240249335863,0.0002827038873092582,-0.0005204201376243281,0.09588467329740524,63,48,1529,same_query_concept_slot,242,8,0,-0.1859186589717865,-0.2391371726989746,0.5426735877990723,0.24269966781139374,138.0,0.2380436360836029,0.3664117753505707,0.0,True,0.05240123385229797,0.001421183979343547
nips34,nips34_Q8_S96,4,9,8,True,2.955442268237221e-09,1.1723470604339085e-09,-1.7830952078033124e-09,0.09588467329740524,63,48,1529,same_query_concept_slot,242,8,20,-0.1859186589717865,-0.2391371726989746,0.0,0.0,0.0,0.2380436360836029,0.3664117753505707,0.0,True,0.05240123385229797,0.001421183979343547
nips34,nips34_Q8_S96,4,10,9,True,8.576860138426963e-10,2.348190657118869e-09,1.4905046432761729e-09,0.09588467329740524,63,48,1529,same_query_concept_slot,242,8,14,-0.1859186589717865,-0.2391371726989746,1.4357773065567017,1.5504417419433594,19.0,0.2380436360836029,0.3664117753505707,0.0,True,0.05240123385229797,0.001421183979343547
nips34,nips34_Q8_S96,4,11,10,True,5.533604004893691e-10,1.2199645240166948e-09,6.666041235273257e-10,0.09588467329740524,63,48,1529,same_query_concept_slot,242,8,4,-0.1859186589717865,-0.2391371726989746,0.35669970512390137,0.7213606834411621,2.0,0.2380436360836029,0.3664117753505707,0.0,True,0.05240123385229797,0.001421183979343547
nips34,nips34_Q8_S96,4,12,11,True,2.714637064595607e-10,2.4133956070061638e-09,2.141931900546603e-09,0.09588467329740524,63,48,1529,same_query_concept_slot,242,8,54,-0.1859186589717865,-0.2391371726989746,0.18996384739875793,0.443327397108078,1.0,0.2380436360836029,0.3664117753505707,0.0,True,0.05240123385229797,0.001421183979343547
nips34,nips34_Q8_S96,4,13,12,True,1.285398980284074e-10,2.95811585366608e-09,2.8295759556376722e-09,0.09588467329740524,63,48,1529,same_query_concept_slot,242,8,45,-0.1859186589717865,-0.2391371726989746,0.0,0.0,0.0,0.2380436360836029,0.3664117753505707,0.0,True,0.05240123385229797,0.001421183979343547
nips34,nips34_Q8_S96,4,14,13,True,1.0770784020054451e-10,3.2311128008969724e-09,3.1234049606964277e-09,0.09588467329740524,63,48,1529,same_query_concept_slot,242,8,74,-0.1859186589717865,-0.2391371726989746,1.1266733407974243,1.4267569780349731,9.0,0.2380436360836029,0.3664117753505707,0.0,True,0.05240123385229797,0.001421183979343547
nips34,nips34_Q8_S96,4,15,14,True,9.297915698421926e-11,1.44059580602687e-09,1.3476166490426508e-09,0.09588467329740524,63,48,1529,same_query_concept_slot,242,8,60,-0.1859186589717865,-0.2391371726989746,0.0,0.0,0.0,0.2380436360836029,0.3664117753505707,0.0,True,0.05240123385229797,0.001421183979343547
nips34,nips34_Q8_S96,4,16,15,True,9.279507507201995e-11,2.4746550464695715e-09,2.3818599713975514e-09,0.09588467329740524,63,48,1529,same_query_concept_slot,242,8,38,-0.1859186589717865,-0.2391371726989746,1.1560909748077393,1.508582592010498,8.0,0.2380436360836029,0.3664117753505707,0.0,True,0.05240123385229797,0.001421183979343547
nips34,nips34_Q8_S96,4,17,16,True,8.998090956863865e-11,3.0866676842624886e-09,2.99668677469385e-09,0.09588467329740524,63,48,1529,same_query_concept_slot,242,8,16,-0.1859186589717865,-0.2391371726989746,1.1560909748077393,1.508582592010498,8.0,0.2380436360836029,0.3664117753505707,0.0,True,0.05240123385229797,0.001421183979343547
nips34,nips34_Q8_S96,4,18,17,True,5.1451987335473234e-11,3.301943250620452e-09,3.250491263284979e-09,0.09588467329740524,63,48,1529,same_query_concept_slot,242,8,33,-0.1859186589717865,-0.2391371726989746,0.37009117007255554,0.7441906929016113,2.0,0.2380436360836029,0.3664117753505707,0.0,True,0.05240123385229797,0.001421183979343547
nips34,nips34_Q8_S96,4,19,18,True,4.846455418579645e-11,3.3333039411617365e-09,3.28483938697594e-09,0.09588467329740524,63,48,1529,same_query_concept_slot,242,8,56,-0.1859186589717865,-0.2391371726989746,0.37009117007255554,0.7441906929016113,2.0,0.2380436360836029,0.3664117753505707,0.0,True,0.05240123385229797,0.001421183979343547
nips34,nips34_Q8_S96,4,20,19,True,4.816753483898007e-11,2.814954820929471e-09,2.766787286090491e-09,0.09588467329740524,63,48,1529,same_query_concept_slot,242,8,17,-0.1859186589717865,-0.2391371726989746,0.9414645433425903,1.2629092931747437,10.0,0.2380436360836029,0.3664117753505707,0.0,True,0.05240123385229797,0.001421183979343547
nips34,nips34_Q8_S96,4,21,20,True,4.6921968717025316e-11,2.768924754162508e-09,2.7220027854454825e-09,0.09588467329740524,63,48,1529,same_query_concept_slot,242,8,46,-0.1859186589717865,-0.2391371726989746,0.0,0.0,0.0,0.2380436360836029,0.3664117753505707,0.0,True,0.05240123385229797,0.001421183979343547
nips34,nips34_Q8_S96,4,22,21,True,4.259218575541842e-11,2.960294555240686e-09,2.917702369485268e-09,0.09588467329740524,63,48,1529,same_query_concept_slot,242,8,23,-0.1859186589717865,-0.2391371726989746,0.0,0.0,0.0,0.2380436360836029,0.3664117753505707,0.0,True,0.05240123385229797,0.001421183979343547
nips34,nips34_Q8_S96,4,23,22,True,2.2401779575352917e-11,9.813689460228325e-10,9.589671664474796e-10,0.09588467329740524,63,48,1529,same_query_concept_slot,242,8,61,-0.1859186589717865,-0.2391371726989746,0.19567862153053284,0.45512011647224426,1.0,0.2380436360836029,0.3664117753505707,0.0,True,0.05240123385229797,0.001421183979343547
nips34,nips34_Q8_S96,4,24,23,True,2.603939791109263e-12,3.0331267369958692e-09,3.03052279720476e-09,0.09588467329740524,63,48,1529,same_query_concept_slot,242,8,9,-0.1859186589717865,-0.2391371726989746,2.0,1.694718599319458,34.0,0.2380436360836029,0.3664117753505707,0.0,True,0.05240123385229797,0.001421183979343547
nips34,nips34_Q8_S96,4,25,24,True,0.14221867596225923,0.19027764318663792,0.04805896722437869,0.09588467329740524,63,48,1529,same_query_concept_slot,242,8,58,-0.1859186589717865,-0.2391371726989746,-0.40559059381484985,-0.044818565249443054,47.0,0.2380436360836029,0.3664117753505707,0.0,True,0.05240123385229797,0.001421183979343547
nips34,nips34_Q8_S96,4,26,25,True,0.033738046118906365,0.020421198667121134,-0.01331684745178523,0.09588467329740524,63,48,1529,same_query_concept_slot,242,8,59,-0.1859186589717865,-0.2391371726989746,0.5313423275947571,-0.23632359504699707,30.0,0.2380436360836029,0.3664117753505707,0.0,True,0.05240123385229797,0.001421183979343547
nips34,nips34_Q8_S96,4,27,26,True,0.029607110916234976,0.022670612676560002,-0.006936498239674974,0.09588467329740524,63,48,1529,same_query_concept_slot,242,8,57,-0.1859186589717865,-0.2391371726989746,-0.8244122266769409,-0.8447986841201782,10.0,0.2380436360836029,0.3664117753505707,0.0,True,0.05240123385229797,0.001421183979343547
nips34,nips34_Q8_S96,4,28,27,True,0.019229040976100748,0.0074488037951086425,-0.011780237180992106,0.09588467329740524,63,48,1529,same_query_concept_slot,242,8,35,-0.1859186589717865,-0.2391371726989746,1.3498258590698242,1.489377498626709,13.0,0.2380436360836029,0.3664117753505707,0.0,True,0.05240123385229797,0.001421183979343547
nips34,nips34_Q8_S96,4,29,28,True,0.012500000833919792,0.004496680389108326,-0.008003320444811467,0.09588467329740524,63,48,1529,same_query_concept_slot,242,8,8,-0.1859186589717865,-0.2391371726989746,-0.1859186589717865,-0.2391371726989746,87.0,0.2380436360836029,0.3664117753505707,0.0,True,0.05240123385229797,0.001421183979343547
nips34,nips34_Q8_S96,4,30,29,True,0.0067345000206507355,0.002446881861214151,-0.004287618159436585,0.09588467329740524,63,48,1529,same_query_concept_slot,242,8,1,-0.1859186589717865,-0.2391371726989746,0.020632416009902954,-0.2744305431842804,102.0,0.2380436360836029,0.3664117753505707,0.0,True,0.05240123385229797,0.001421183979343547
nips34,nips34_Q8_S96,4,31,30,True,0.004862261825727368,0.0018318769705699554,-0.0030303848551574124,0.09588467329740524,63,48,1529,same_query_concept_slot,242,8,2,-0.1859186589717865,-0.2391371726989746,1.2723159790039062,1.4945365190505981,11.0,0.2380436360836029,0.3664117753505707,0.0,True,0.05240123385229797,0.001421183979343547
nips34,nips34_Q8_S96,4,32,31,True,0.0011101613966272043,0.0004061580819090049,-0.0007040033147181993,0.09588467329740524,63,48,1529,same_query_concept_slot,242,8,0,-0.1859186589717865,-0.2391371726989746,0.5426735877990723,0.24269966781139374,138.0,0.2380436360836029,0.3664117753505707,0.0,True,0.05240123385229797,0.001421183979343547
nips34,nips34_Q8_S96,4,33,32,True,1.0455199846206271e-07,4.334780179971848e-08,-6.120419666234424e-08,0.09588467329740524,63,48,1529,same_query_concept_slot,242,8,20,-0.1859186589717865,-0.2391371726989746,0.0,0.0,0.0,0.2380436360836029,0.3664117753505707,0.0,True,0.05240123385229797,0.001421183979343547
nips34,nips34_Q8_S96,4,34,33,True,2.6641198864134328e-08,2.6677500008308462e-08,3.630114417413419e-11,0.09588467329740524,63,48,1529,same_query_concept_slot,242,8,14,-0.1859186589717865,-0.2391371726989746,1.4357773065567017,1.5504417419433594,19.0,0.2380436360836029,0.3664117753505707,0.0,True,0.05240123385229797,0.001421183979343547
nips34,nips34_Q8_S96,4,35,34,True,2.4866787175740624e-08,1.2836825300633344e-08,-1.202996187510728e-08,0.09588467329740524,63,48,1529,same_query_concept_slot,242,8,4,-0.1859186589717865,-0.2391371726989746,0.35669970512390137,0.7213606834411621,2.0,0.2380436360836029,0.3664117753505707,0.0,True,0.05240123385229797,0.001421183979343547
nips34,nips34_Q8_S96,4,36,35,True,1.2852384642428165e-08,1.3213099408247367e-08,3.6071476581920216e-10,0.09588467329740524,63,48,1529,same_query_concept_slot,242,8,54,-0.1859186589717865,-0.2391371726989746,0.18996384739875793,0.443327397108078,1.0,0.2380436360836029,0.3664117753505707,0.0,True,0.05240123385229797,0.001421183979343547
nips34,nips34_Q8_S96,4,37,36,True,6.119820067272455e-09,6.44435456454052e-09,3.245344972680649e-10,0.09588467329740524,63,48,1529,same_query_concept_slot,242,8,38,-0.1859186589717865,-0.2391371726989746,1.1560909748077393,1.508582592010498,8.0,0.2380436360836029,0.3664117753505707,0.0,True,0.05240123385229797,0.001421183979343547
nips34,nips34_Q8_S96,4,38,37,True,5.738444700202905e-09,7.439452305880956e-09,1.7010076056780512e-09,0.09588467329740524,63,48,1529,same_query_concept_slot,242,8,16,-0.1859186589717865,-0.2391371726989746,1.1560909748077393,1.508582592010498,8.0,0.2380436360836029,0.3664117753505707,0.0,True,0.05240123385229797,0.001421183979343547
nips34,nips34_Q8_S96,4,39,38,True,5.503933628300813e-09,7.444249801419169e-09,1.940316173118356e-09,0.09588467329740524,63,48,1529,same_query_concept_slot,242,8,74,-0.1859186589717865,-0.2391371726989746,1.1266733407974243,1.4267569780349731,9.0,0.2380436360836029,0.3664117753505707,0.0,True,0.05240123385229797,0.001421183979343547
nips34,nips34_Q8_S96,4,40,39,True,5.077933069813756e-09,6.32764526041986e-09,1.249712190606104e-09,0.09588467329740524,63,48,1529,same_query_concept_slot,242,8,45,-0.1859186589717865,-0.2391371726989746,0.0,0.0,0.0,0.2380436360836029,0.3664117753505707,0.0,True,0.05240123385229797,0.001421183979343547
nips34,nips34_Q8_S96,4,41,40,True,4.814058820022727e-09,2.9569419038877527e-09,-1.8571169161349744e-09,0.09588467329740524,63,48,1529,same_query_concept_slot,242,8,60,-0.1859186589717865,-0.2391371726989746,0.0,0.0,0.0,0.2380436360836029,0.3664117753505707,0.0,True,0.05240123385229797,0.001421183979343547
nips34,nips34_Q8_S96,4,42,41,True,3.2663511153991205e-09,4.507206868078856e-09,1.2408557526797356e-09,0.09588467329740524,63,48,1529,same_query_concept_slot,242,8,33,-0.1859186589717865,-0.2391371726989746,0.37009117007255554,0.7441906929016113,2.0,0.2380436360836029,0.3664117753505707,0.0,True,0.05240123385229797,0.001421183979343547
nips34,nips34_Q8_S96,4,43,42,True,3.1284774060810517e-09,4.354757709897304e-09,1.2262803038162525e-09,0.09588467329740524,63,48,1529,same_query_concept_slot,242,8,56,-0.1859186589717865,-0.2391371726989746,0.37009117007255554,0.7441906929016113,2.0,0.2380436360836029,0.3664117753505707,0.0,True,0.05240123385229797,0.001421183979343547
nips34,nips34_Q8_S96,4,44,43,True,2.8462194177316536e-09,3.385884989640441e-09,5.396655719087875e-10,0.09588467329740524,63,48,1529,same_query_concept_slot,242,8,17,-0.1859186589717865,-0.2391371726989746,0.9414645433425903,1.2629092931747437,10.0,0.2380436360836029,0.3664117753505707,0.0,True,0.05240123385229797,0.001421183979343547
nips34,nips34_Q8_S96,4,45,44,True,2.4032619792850963e-09,3.1174095365151033e-09,7.14147557230007e-10,0.09588467329740524,63,48,1529,same_query_concept_slot,242,8,23,-0.1859186589717865,-0.2391371726989746,0.0,0.0,0.0,0.2380436360836029,0.3664117753505707,0.0,True,0.05240123385229797,0.001421183979343547
nips34,nips34_Q8_S96,4,46,45,True,2.2438195236678923e-09,2.9283174689012864e-09,6.844979452333941e-10,0.09588467329740524,63,48,1529,same_query_concept_slot,242,8,46,-0.1859186589717865,-0.2391371726989746,0.0,0.0,0.0,0.2380436360836029,0.3664117753505707,0.0,True,0.05240123385229797,0.001421183979343547
nips34,nips34_Q8_S96,4,47,46,True,1.3699224776767125e-09,1.0251263863511392e-09,-3.447960913255733e-10,0.09588467329740524,63,48,1529,same_query_concept_slot,242,8,61,-0.1859186589717865,-0.2391371726989746,0.19567862153053284,0.45512011647224426,1.0,0.2380436360836029,0.3664117753505707,0.0,True,0.05240123385229797,0.001421183979343547
nips34,nips34_Q8_S96,4,48,47,True,3.460160412941394e-10,2.2540965950868392e-09,1.9080805537926997e-09,0.09588467329740524,63,48,1529,same_query_concept_slot,242,8,18,-0.1859186589717865,-0.2391371726989746,0.38897505402565,0.7760262489318848,2.0,0.2380436360836029,0.3664117753505707,0.0,True,0.05240123385229797,0.001421183979343547
nips34,nips34_Q8_S96,4,49,48,True,0.15130154445139732,0.19600918089083766,0.04470763643944034,0.09588467329740524,63,48,1529,same_query_concept_slot,242,8,58,-0.1859186589717865,-0.2391371726989746,-0.40559059381484985,-0.044818565249443054,47.0,0.2380436360836029,0.3664117753505707,0.0,True,0.05240123385229797,0.001421183979343547
nips34,nips34_Q8_S96,4,50,49,True,0.033110059046384595,0.019078268822236885,-0.01403179022414771,0.09588467329740524,63,48,1529,same_query_concept_slot,242,8,59,-0.1859186589717865,-0.2391371726989746,0.5313423275947571,-0.23632359504699707,30.0,0.2380436360836029,0.3664117753505707,0.0,True,0.05240123385229797,0.001421183979343547
nips34,nips34_Q8_S96,4,51,50,True,0.03054910642617848,0.022155432988985715,-0.008393673437192765,0.09588467329740524,63,48,1529,same_query_concept_slot,242,8,57,-0.1859186589717865,-0.2391371726989746,-0.8244122266769409,-0.8447986841201782,10.0,0.2380436360836029,0.3664117753505707,0.0,True,0.05240123385229797,0.001421183979343547
nips34,nips34_Q8_S96,4,52,51,True,0.01476951282482011,0.005570635903517959,-0.00919887692130215,0.09588467329740524,63,48,1529,same_query_concept_slot,242,8,35,-0.1859186589717865,-0.2391371726989746,1.3498258590698242,1.489377498626709,13.0,0.2380436360836029,0.3664117753505707,0.0,True,0.05240123385229797,0.001421183979343547
nips34,nips34_Q8_S96,4,53,52,True,0.012499999902597238,0.004389168515482541,-0.008110831387114697,0.09588467329740524,63,48,1529,same_query_concept_slot,242,8,8,-0.1859186589717865,-0.2391371726989746,-0.1859186589717865,-0.2391371726989746,87.0,0.2380436360836029,0.3664117753505707,0.0,True,0.05240123385229797,0.001421183979343547
nips34,nips34_Q8_S96,4,54,53,True,0.003806038906107548,0.0013496220958016626,-0.0024564168103058852,0.09588467329740524,63,48,1529,same_query_concept_slot,242,8,1,-0.1859186589717865,-0.2391371726989746,0.020632416009902954,-0.2744305431842804,102.0,0.2380436360836029,0.3664117753505707,0.0,True,0.05240123385229797,0.001421183979343547
nips34,nips34_Q8_S96,4,55,54,True,0.0031749435445635383,0.001166060752142981,-0.002008882792420557,0.09588467329740524,63,48,1529,same_query_concept_slot,242,8,2,-0.1859186589717865,-0.2391371726989746,1.2723159790039062,1.4945365190505981,11.0,0.2380436360836029,0.3664117753505707,0.0,True,0.05240123385229797,0.001421183979343547
nips34,nips34_Q8_S96,4,56,55,True,0.0007887878858295612,0.00028159715599364847,-0.0005071907298359127,0.09588467329740524,63,48,1529,same_query_concept_slot,242,8,0,-0.1859186589717865,-0.2391371726989746,0.5426735877990723,0.24269966781139374,138.0,0.2380436360836029,0.3664117753505707,0.0,True,0.05240123385229797,0.001421183979343547
nips34,nips34_Q8_S96,4,57,56,True,2.659256088270768e-09,1.0698255178105004e-09,-1.5894305704602677e-09,0.09588467329740524,63,48,1529,same_query_concept_slot,242,8,20,-0.1859186589717865,-0.2391371726989746,0.0,0.0,0.0,0.2380436360836029,0.3664117753505707,0.0,True,0.05240123385229797,0.001421183979343547
nips34,nips34_Q8_S96,4,58,57,True,8.119791876679945e-10,2.381510891218643e-09,1.5695317035506486e-09,0.09588467329740524,63,48,1529,same_query_concept_slot,242,8,14,-0.1859186589717865,-0.2391371726989746,1.4357773065567017,1.5504417419433594,19.0,0.2380436360836029,0.3664117753505707,0.0,True,0.05240123385229797,0.001421183979343547
nips34,nips34_Q8_S96,4,59,58,True,5.1359376696197e-10,1.2372755647993538e-09,7.236817978373838e-10,0.09588467329740524,63,48,1529,same_query_concept_slot,242,8,4,-0.1859186589717865,-0.2391371726989746,0.35669970512390137,0.7213606834411621,2.0,0.2380436360836029,0.3664117753505707,0.0,True,0.05240123385229797,0.001421183979343547
nips34,nips34_Q8_S96,4,60,59,True,2.651722947663883e-10,2.4476408788923024e-09,2.182468584125914e-09,0.09588467329740524,63,48,1529,same_query_concept_slot,242,8,54,-0.1859186589717865,-0.2391371726989746,0.18996384739875793,0.443327397108078,1.0,0.2380436360836029,0.3664117753505707,0.0,True,0.05240123385229797,0.001421183979343547
nips34,nips34_Q8_S96,4,61,60,True,1.2793456281575547e-10,3.0000907199788e-09,2.8721561571630443e-09,0.09588467329740524,63,48,1529,same_query_concept_slot,242,8,45,-0.1859186589717865,-0.2391371726989746,0.0,0.0,0.0,0.2380436360836029,0.3664117753505707,0.0,True,0.05240123385229797,0.001421183979343547
nips34,nips34_Q8_S96,4,62,61,True,1.0775966679793668e-10,3.2769614572291155e-09,3.1692017904311787e-09,0.09588467329740524,63,48,1529,same_query_concept_slot,242,8,74,-0.1859186589717865,-0.2391371726989746,1.1266733407974243,1.4267569780349731,9.0,0.2380436360836029,0.3664117753505707,0.0,True,0.05240123385229797,0.001421183979343547
nips34,nips34_Q8_S96,4,63,62,True,9.686284193631438e-11,2.509769844993109e-09,2.4129070030567946e-09,0.09588467329740524,63,48,1529,same_query_concept_slot,242,8,38,-0.1859186589717865,-0.2391371726989746,1.1560909748077393,1.508582592010498,8.0,0.2380436360836029,0.3664117753505707,0.0,True,0.05240123385229797,0.001421183979343547
nips34,nips34_Q8_S96,4,64,63,True,8.774410859721742e-11,1.4610374535665993e-09,1.373293344969382e-09,0.09588467329740524,63,48,1529,same_query_concept_slot,242,8,60,-0.1859186589717865,-0.2391371726989746,0.0,0.0,0.0,0.2380436360836029,0.3664117753505707,0.0,True,0.05240123385229797,0.001421183979343547
nips34,nips34_Q8_S96,4,65,64,True,8.597463518072518e-11,3.1304668689748177e-09,3.0444922337940925e-09,0.09588467329740524,63,48,1529,same_query_concept_slot,242,8,16,-0.1859186589717865,-0.2391371726989746,1.1560909748077393,1.508582592010498,8.0,0.2380436360836029,0.3664117753505707,0.0,True,0.05240123385229797,0.001421183979343547
nips34,nips34_Q8_S96,4,66,65,True,5.0731667714549014e-11,3.348797324882662e-09,3.2980656571681133e-09,0.09588467329740524,63,48,1529,same_query_concept_slot,242,8,33,-0.1859186589717865,-0.2391371726989746,0.37009117007255554,0.7441906929016113,2.0,0.2380436360836029,0.3664117753505707,0.0,True,0.05240123385229797,0.001421183979343547
nips34,nips34_Q8_S96,4,67,66,True,4.7937507041838705e-11,3.3806029927940556e-09,3.332665485752217e-09,0.09588467329740524,63,48,1529,same_query_concept_slot,242,8,56,-0.1859186589717865,-0.2391371726989746,0.37009117007255554,0.7441906929016113,2.0,0.2380436360836029,0.3664117753505707,0.0,True,0.05240123385229797,0.001421183979343547
nips34,nips34_Q8_S96,4,68,67,True,4.770428041468023e-11,2.8548986453238336e-09,2.8071943649091532e-09,0.09588467329740524,63,48,1529,same_query_concept_slot,242,8,17,-0.1859186589717865,-0.2391371726989746,0.9414645433425903,1.2629092931747437,10.0,0.2380436360836029,0.3664117753505707,0.0,True,0.05240123385229797,0.001421183979343547
nips34,nips34_Q8_S96,4,69,68,True,4.4838218924969306e-11,2.808215323355842e-09,2.7633771044308727e-09,0.09588467329740524,63,48,1529,same_query_concept_slot,242,8,46,-0.1859186589717865,-0.2391371726989746,0.0,0.0,0.0,0.2380436360836029,0.3664117753505707,0.0,True,0.05240123385229797,0.001421183979343547
nips34,nips34_Q8_S96,4,70,69,True,4.155876243197358e-11,3.002300285752231e-09,2.960741523320257e-09,0.09588467329740524,63,48,1529,same_query_concept_slot,242,8,23,-0.1859186589717865,-0.2391371726989746,0.0,0.0,0.0,0.2380436360836029,0.3664117753505707,0.0,True,0.05240123385229797,0.001421183979343547
nips34,nips34_Q8_S96,4,71,70,True,2.1944123103583013e-11,9.952944728523705e-10,9.733503497487874e-10,0.09588467329740524,63,48,1529,same_query_concept_slot,242,8,61,-0.1859186589717865,-0.2391371726989746,0.19567862153053284,0.45512011647224426,1.0,0.2380436360836029,0.3664117753505707,0.0,True,0.05240123385229797,0.001421183979343547
nips34,nips34_Q8_S96,4,72,71,True,2.570434475292858e-12,3.0761667512349434e-09,3.0735963167596506e-09,0.09588467329740524,63,48,1529,same_query_concept_slot,242,8,9,-0.1859186589717865,-0.2391371726989746,2.0,1.694718599319458,34.0,0.2380436360836029,0.3664117753505707,0.0,True,0.05240123385229797,0.001421183979343547
nips34,nips34_Q8_S96,4,73,72,True,0.14567112592091402,0.19326849983127442,0.0475973739103604,0.09588467329740524,63,48,1529,same_query_concept_slot,242,8,58,-0.1859186589717865,-0.2391371726989746,-0.40559059381484985,-0.044818565249443054,47.0,0.2380436360836029,0.3664117753505707,0.0,True,0.05240123385229797,0.001421183979343547
nips34,nips34_Q8_S96,4,74,73,True,0.0322858795647466,0.019378961204340687,-0.012906918360405913,0.09588467329740524,63,48,1529,same_query_concept_slot,242,8,59,-0.1859186589717865,-0.2391371726989746,0.5313423275947571,-0.23632359504699707,30.0,0.2380436360836029,0.3664117753505707,0.0,True,0.05240123385229797,0.001421183979343547
nips34,nips34_Q8_S96,4,75,74,True,0.027342406412355722,0.02076158401573508,-0.006580822396620643,0.09588467329740524,63,48,1529,same_query_concept_slot,242,8,57,-0.1859186589717865,-0.2391371726989746,-0.8244122266769409,-0.8447986841201782,10.0,0.2380436360836029,0.3664117753505707,0.0,True,0.05240123385229797,0.001421183979343547
nips34,nips34_Q8_S96,4,76,75,True,0.019330346518178155,0.00742548906672725,-0.011904857451450906,0.09588467329740524,63,48,1529,same_query_concept_slot,242,8,35,-0.1859186589717865,-0.2391371726989746,1.3498258590698242,1.489377498626709,13.0,0.2380436360836029,0.3664117753505707,0.0,True,0.05240123385229797,0.001421183979343547
nips34,nips34_Q8_S96,4,77,76,True,0.012499999902597238,0.004459112234965449,-0.008040887667631788,0.09588467329740524,63,48,1529,same_query_concept_slot,242,8,8,-0.1859186589717865,-0.2391371726989746,-0.1859186589717865,-0.2391371726989746,87.0,0.2380436360836029,0.3664117753505707,0.0,True,0.05240123385229797,0.001421183979343547
nips34,nips34_Q8_S96,4,78,77,True,0.006770922648733532,0.0024395639943827698,-0.0043313586543507615,0.09588467329740524,63,48,1529,same_query_concept_slot,242,8,1,-0.1859186589717865,-0.2391371726989746,0.020632416009902954,-0.2744305431842804,102.0,0.2380436360836029,0.3664117753505707,0.0,True,0.05240123385229797,0.001421183979343547
nips34,nips34_Q8_S96,4,79,78,True,0.004987192227018919,0.001863248570215525,-0.003123943656803394,0.09588467329740524,63,48,1529,same_query_concept_slot,242,8,2,-0.1859186589717865,-0.2391371726989746,1.2723159790039062,1.4945365190505981,11.0,0.2380436360836029,0.3664117753505707,0.0,True,0.05240123385229797,0.001421183979343547
nips34,nips34_Q8_S96,4,80,79,True,0.001111899826588595,0.0004033956046424562,-0.0007085042219461389,0.09588467329740524,63,48,1529,same_query_concept_slot,242,8,0,-0.1859186589717865,-0.2391371726989746,0.5426735877990723,0.24269966781139374,138.0,0.2380436360836029,0.3664117753505707,0.0,True,0.05240123385229797,0.001421183979343547
nips34,nips34_Q8_S96,4,81,80,True,1.1495410229300149e-07,4.7262394734077375e-08,-6.769170755892412e-08,0.09588467329740524,63,48,1529,same_query_concept_slot,242,8,20,-0.1859186589717865,-0.2391371726989746,0.0,0.0,0.0,0.2380436360836029,0.3664117753505707,0.0,True,0.05240123385229797,0.001421183979343547
nips34,nips34_Q8_S96,4,82,81,True,2.8460516852408996e-08,2.8261177133062028e-08,-1.9933971934696846e-10,0.09588467329740524,63,48,1529,same_query_concept_slot,242,8,14,-0.1859186589717865,-0.2391371726989746,1.4357773065567017,1.5504417419433594,19.0,0.2380436360836029,0.3664117753505707,0.0,True,0.05240123385229797,0.001421183979343547
nips34,nips34_Q8_S96,4,83,82,True,2.6660230750879765e-08,1.3647639794172566e-08,-1.3012590956707199e-08,0.09588467329740524,63,48,1529,same_query_concept_slot,242,8,4,-0.1859186589717865,-0.2391371726989746,0.35669970512390137,0.7213606834411621,2.0,0.2380436360836029,0.3664117753505707,0.0,True,0.05240123385229797,0.001421183979343547
nips34,nips34_Q8_S96,4,84,83,True,1.3455995123650505e-08,1.371805191187744e-08,2.620567882269344e-10,0.09588467329740524,63,48,1529,same_query_concept_slot,242,8,54,-0.1859186589717865,-0.2391371726989746,0.18996384739875793,0.443327397108078,1.0,0.2380436360836029,0.3664117753505707,0.0,True,0.05240123385229797,0.001421183979343547
nips34,nips34_Q8_S96,4,85,84,True,6.245349429104457e-09,6.52158522769515e-09,2.7623579859069287e-10,0.09588467329740524,63,48,1529,same_query_concept_slot,242,8,38,-0.1859186589717865,-0.2391371726989746,1.1560909748077393,1.508582592010498,8.0,0.2380436360836029,0.3664117753505707,0.0,True,0.05240123385229797,0.001421183979343547
nips34,nips34_Q8_S96,4,86,85,True,6.0697556713361385e-09,7.803216420964065e-09,1.7334607496279269e-09,0.09588467329740524,63,48,1529,same_query_concept_slot,242,8,16,-0.1859186589717865,-0.2391371726989746,1.1560909748077393,1.508582592010498,8.0,0.2380436360836029,0.3664117753505707,0.0,True,0.05240123385229797,0.001421183979343547
nips34,nips34_Q8_S96,4,87,86,True,5.698822173620832e-09,7.643434017959547e-09,1.9446118443387152e-09,0.09588467329740524,63,48,1529,same_query_concept_slot,242,8,74,-0.1859186589717865,-0.2391371726989746,1.1266733407974243,1.4267569780349731,9.0,0.2380436360836029,0.3664117753505707,0.0,True,0.05240123385229797,0.001421183979343547
nips34,nips34_Q8_S96,4,88,87,True,5.2922975910789846e-09,6.539659657798386e-09,1.2473620667194013e-09,0.09588467329740524,63,48,1529,same_query_concept_slot,242,8,45,-0.1859186589717865,-0.2391371726989746,0.0,0.0,0.0,0.2380436360836029,0.3664117753505707,0.0,True,0.05240123385229797,0.001421183979343547
nips34,nips34_Q8_S96,4,89,88,True,5.117929075412838e-09,3.1173198304983747e-09,-2.000609244914463e-09,0.09588467329740524,63,48,1529,same_query_concept_slot,242,8,60,-0.1859186589717865,-0.2391371726989746,0.0,0.0,0.0,0.2380436360836029,0.3664117753505707,0.0,True,0.05240123385229797,0.001421183979343547
nips34,nips34_Q8_S96,4,90,89,True,3.3848034717435533e-09,4.631629113281408e-09,1.2468256415378544e-09,0.09588467329740524,63,48,1529,same_query_concept_slot,242,8,33,-0.1859186589717865,-0.2391371726989746,0.37009117007255554,0.7441906929016113,2.0,0.2380436360836029,0.3664117753505707,0.0,True,0.05240123385229797,0.001421183979343547
nips34,nips34_Q8_S96,4,91,90,True,3.2349191479730456e-09,4.465295062431361e-09,1.2303759144583155e-09,0.09588467329740524,63,48,1529,same_query_concept_slot,242,8,56,-0.1859186589717865,-0.2391371726989746,0.37009117007255554,0.7441906929016113,2.0,0.2380436360836029,0.3664117753505707,0.0,True,0.05240123385229797,0.001421183979343547
nips34,nips34_Q8_S96,4,92,91,True,2.963375255657351e-09,3.495796842547952e-09,5.324215868906007e-10,0.09588467329740524,63,48,1529,same_query_concept_slot,242,8,17,-0.1859186589717865,-0.2391371726989746,0.9414645433425903,1.2629092931747437,10.0,0.2380436360836029,0.3664117753505707,0.0,True,0.05240123385229797,0.001421183979343547
nips34,nips34_Q8_S96,4,93,92,True,2.5126344878509866e-09,3.1069854309177262e-09,5.943509430667396e-10,0.09588467329740524,63,48,1529,same_query_concept_slot,242,8,23,-0.1859186589717865,-0.2391371726989746,0.0,0.0,0.0,0.2380436360836029,0.3664117753505707,0.0,True,0.05240123385229797,0.001421183979343547
nips34,nips34_Q8_S96,4,94,93,True,2.312095351553066e-09,2.903849930793968e-09,5.91754579240902e-10,0.09588467329740524,63,48,1529,same_query_concept_slot,242,8,46,-0.1859186589717865,-0.2391371726989746,0.0,0.0,0.0,0.2380436360836029,0.3664117753505707,0.0,True,0.05240123385229797,0.001421183979343547
nips34,nips34_Q8_S96,4,95,94,True,1.4303130577307313e-09,1.0165610160657301e-09,-4.137520416650012e-10,0.09588467329740524,63,48,1529,same_query_concept_slot,242,8,61,-0.1859186589717865,-0.2391371726989746,0.19567862153053284,0.45512011647224426,1.0,0.2380436360836029,0.3664117753505707,0.0,True,0.05240123385229797,0.001421183979343547
nips34,nips34_Q8_S96,4,96,95,True,3.551683033678192e-10,2.2352625504211573e-09,1.880094247053338e-09,0.09588467329740524,63,48,1529,same_query_concept_slot,242,8,18,-0.1859186589717865,-0.2391371726989746,0.38897505402565,0.7760262489318848,2.0,0.2380436360836029,0.3664117753505707,0.0,True,0.05240123385229797,0.001421183979343547
nips34,nips34_Q8_S96,5,1,0,True,0.15718198955987822,0.2007782824351286,0.04359629287525038,0.10180690884590149,63,48,1543,same_query_concept_slot,50,8,58,-0.1859186589717865,-0.2391371726989746,-0.40559059381484985,-0.044818565249443054,47.0,0.3574775457382202,0.6595577001571655,1.0,True,0.05240123385229797,0.001421183979343547
nips34,nips34_Q8_S96,5,2,1,True,0.03108218241727504,0.01765921639850062,-0.013422966018774421,0.10180690884590149,63,48,1543,same_query_concept_slot,50,8,59,-0.1859186589717865,-0.2391371726989746,0.5313423275947571,-0.23632359504699707,30.0,0.3574775457382202,0.6595577001571655,1.0,True,0.05240123385229797,0.001421183979343547
nips34,nips34_Q8_S96,5,3,2,True,0.02639481179122069,0.018874752496247618,-0.007520059294973073,0.10180690884590149,63,48,1543,same_query_concept_slot,50,8,57,-0.1859186589717865,-0.2391371726989746,-0.8244122266769409,-0.8447986841201782,10.0,0.3574775457382202,0.6595577001571655,1.0,True,0.05240123385229797,0.001421183979343547
nips34,nips34_Q8_S96,5,4,3,True,0.01483860298845007,0.005518394297149587,-0.009320208691300482,0.10180690884590149,63,48,1543,same_query_concept_slot,50,8,35,-0.1859186589717865,-0.2391371726989746,1.3498258590698242,1.489377498626709,13.0,0.3574775457382202,0.6595577001571655,1.0,True,0.05240123385229797,0.001421183979343547
nips34,nips34_Q8_S96,5,5,4,True,0.012499999902597238,0.004327760367047626,-0.008172239535549613,0.10180690884590149,63,48,1543,same_query_concept_slot,50,8,8,-0.1859186589717865,-0.2391371726989746,-0.1859186589717865,-0.2391371726989746,87.0,0.3574775457382202,0.6595577001571655,1.0,True,0.05240123385229797,0.001421183979343547
nips34,nips34_Q8_S96,5,6,5,True,0.003862768091146436,0.0013505750715872447,-0.0025121930195591913,0.10180690884590149,63,48,1543,same_query_concept_slot,50,8,1,-0.1859186589717865,-0.2391371726989746,0.020632416009902954,-0.2744305431842804,102.0,0.3574775457382202,0.6595577001571655,1.0,True,0.05240123385229797,0.001421183979343547
nips34,nips34_Q8_S96,5,7,6,True,0.003336506820004334,0.0012082536211720089,-0.002128253198832325,0.10180690884590149,63,48,1543,same_query_concept_slot,50,8,2,-0.1859186589717865,-0.2391371726989746,1.2723159790039062,1.4945365190505981,11.0,0.3574775457382202,0.6595577001571655,1.0,True,0.05240123385229797,0.001421183979343547
nips34,nips34_Q8_S96,5,8,7,True,0.0008031240249335863,0.0002827038873092582,-0.0005204201376243281,0.10180690884590149,63,48,1543,same_query_concept_slot,50,8,0,-0.1859186589717865,-0.2391371726989746,0.5426735877990723,0.24269966781139374,138.0,0.3574775457382202,0.6595577001571655,1.0,True,0.05240123385229797,0.001421183979343547
nips34,nips34_Q8_S96,5,9,8,True,2.955442268237221e-09,1.1723470604339085e-09,-1.7830952078033124e-09,0.10180690884590149,63,48,1543,same_query_concept_slot,50,8,20,-0.1859186589717865,-0.2391371726989746,0.0,0.0,0.0,0.3574775457382202,0.6595577001571655,1.0,True,0.05240123385229797,0.001421183979343547
nips34,nips34_Q8_S96,5,10,9,True,8.576860138426963e-10,2.348190657118869e-09,1.4905046432761729e-09,0.10180690884590149,63,48,1543,same_query_concept_slot,50,8,14,-0.1859186589717865,-0.2391371726989746,1.4357773065567017,1.5504417419433594,19.0,0.3574775457382202,0.6595577001571655,1.0,True,0.05240123385229797,0.001421183979343547
nips34,nips34_Q8_S96,5,11,10,True,5.533604004893691e-10,1.2199645240166948e-09,6.666041235273257e-10,0.10180690884590149,63,48,1543,same_query_concept_slot,50,8,4,-0.1859186589717865,-0.2391371726989746,0.35669970512390137,0.7213606834411621,2.0,0.3574775457382202,0.6595577001571655,1.0,True,0.05240123385229797,0.001421183979343547
nips34,nips34_Q8_S96,5,12,11,True,2.714637064595607e-10,2.4133956070061638e-09,2.141931900546603e-09,0.10180690884590149,63,48,1543,same_query_concept_slot,50,8,54,-0.1859186589717865,-0.2391371726989746,0.18996384739875793,0.443327397108078,1.0,0.3574775457382202,0.6595577001571655,1.0,True,0.05240123385229797,0.001421183979343547
nips34,nips34_Q8_S96,5,13,12,True,1.285398980284074e-10,2.95811585366608e-09,2.8295759556376722e-09,0.10180690884590149,63,48,1543,same_query_concept_slot,50,8,45,-0.1859186589717865,-0.2391371726989746,0.0,0.0,0.0,0.3574775457382202,0.6595577001571655,1.0,True,0.05240123385229797,0.001421183979343547
nips34,nips34_Q8_S96,5,14,13,True,1.0770784020054451e-10,3.2311128008969724e-09,3.1234049606964277e-09,0.10180690884590149,63,48,1543,same_query_concept_slot,50,8,74,-0.1859186589717865,-0.2391371726989746,1.1266733407974243,1.4267569780349731,9.0,0.3574775457382202,0.6595577001571655,1.0,True,0.05240123385229797,0.001421183979343547
nips34,nips34_Q8_S96,5,15,14,True,9.297915698421926e-11,1.44059580602687e-09,1.3476166490426508e-09,0.10180690884590149,63,48,1543,same_query_concept_slot,50,8,60,-0.1859186589717865,-0.2391371726989746,0.0,0.0,0.0,0.3574775457382202,0.6595577001571655,1.0,True,0.05240123385229797,0.001421183979343547
nips34,nips34_Q8_S96,5,16,15,True,9.279507507201995e-11,2.4746550464695715e-09,2.3818599713975514e-09,0.10180690884590149,63,48,1543,same_query_concept_slot,50,8,38,-0.1859186589717865,-0.2391371726989746,1.1560909748077393,1.508582592010498,8.0,0.3574775457382202,0.6595577001571655,1.0,True,0.05240123385229797,0.001421183979343547
nips34,nips34_Q8_S96,5,17,16,True,8.998090956863865e-11,3.0866676842624886e-09,2.99668677469385e-09,0.10180690884590149,63,48,1543,same_query_concept_slot,50,8,16,-0.1859186589717865,-0.2391371726989746,1.1560909748077393,1.508582592010498,8.0,0.3574775457382202,0.6595577001571655,1.0,True,0.05240123385229797,0.001421183979343547
nips34,nips34_Q8_S96,5,18,17,True,5.1451987335473234e-11,3.301943250620452e-09,3.250491263284979e-09,0.10180690884590149,63,48,1543,same_query_concept_slot,50,8,33,-0.1859186589717865,-0.2391371726989746,0.37009117007255554,0.7441906929016113,2.0,0.3574775457382202,0.6595577001571655,1.0,True,0.05240123385229797,0.001421183979343547
nips34,nips34_Q8_S96,5,19,18,True,4.846455418579645e-11,3.3333039411617365e-09,3.28483938697594e-09,0.10180690884590149,63,48,1543,same_query_concept_slot,50,8,56,-0.1859186589717865,-0.2391371726989746,0.37009117007255554,0.7441906929016113,2.0,0.3574775457382202,0.6595577001571655,1.0,True,0.05240123385229797,0.001421183979343547
nips34,nips34_Q8_S96,5,20,19,True,4.816753483898007e-11,2.814954820929471e-09,2.766787286090491e-09,0.10180690884590149,63,48,1543,same_query_concept_slot,50,8,17,-0.1859186589717865,-0.2391371726989746,0.9414645433425903,1.2629092931747437,10.0,0.3574775457382202,0.6595577001571655,1.0,True,0.05240123385229797,0.001421183979343547
nips34,nips34_Q8_S96,5,21,20,True,4.6921968717025316e-11,2.768924754162508e-09,2.7220027854454825e-09,0.10180690884590149,63,48,1543,same_query_concept_slot,50,8,46,-0.1859186589717865,-0.2391371726989746,0.0,0.0,0.0,0.3574775457382202,0.6595577001571655,1.0,True,0.05240123385229797,0.001421183979343547
nips34,nips34_Q8_S96,5,22,21,True,4.259218575541842e-11,2.960294555240686e-09,2.917702369485268e-09,0.10180690884590149,63,48,1543,same_query_concept_slot,50,8,23,-0.1859186589717865,-0.2391371726989746,0.0,0.0,0.0,0.3574775457382202,0.6595577001571655,1.0,True,0.05240123385229797,0.001421183979343547
nips34,nips34_Q8_S96,5,23,22,True,2.2401779575352917e-11,9.813689460228325e-10,9.589671664474796e-10,0.10180690884590149,63,48,1543,same_query_concept_slot,50,8,61,-0.1859186589717865,-0.2391371726989746,0.19567862153053284,0.45512011647224426,1.0,0.3574775457382202,0.6595577001571655,1.0,True,0.05240123385229797,0.001421183979343547
nips34,nips34_Q8_S96,5,24,23,True,2.603939791109263e-12,3.0331267369958692e-09,3.03052279720476e-09,0.10180690884590149,63,48,1543,same_query_concept_slot,50,8,9,-0.1859186589717865,-0.2391371726989746,2.0,1.694718599319458,34.0,0.3574775457382202,0.6595577001571655,1.0,True,0.05240123385229797,0.001421183979343547
nips34,nips34_Q8_S96,5,25,24,True,0.14221867596225923,0.19027764318663792,0.04805896722437869,0.10180690884590149,63,48,1543,same_query_concept_slot,50,8,58,-0.1859186589717865,-0.2391371726989746,-0.40559059381484985,-0.044818565249443054,47.0,0.3574775457382202,0.6595577001571655,1.0,True,0.05240123385229797,0.001421183979343547
nips34,nips34_Q8_S96,5,26,25,True,0.033738046118906365,0.020421198667121134,-0.01331684745178523,0.10180690884590149,63,48,1543,same_query_concept_slot,50,8,59,-0.1859186589717865,-0.2391371726989746,0.5313423275947571,-0.23632359504699707,30.0,0.3574775457382202,0.6595577001571655,1.0,True,0.05240123385229797,0.001421183979343547
nips34,nips34_Q8_S96,5,27,26,True,0.029607110916234976,0.022670612676560002,-0.006936498239674974,0.10180690884590149,63,48,1543,same_query_concept_slot,50,8,57,-0.1859186589717865,-0.2391371726989746,-0.8244122266769409,-0.8447986841201782,10.0,0.3574775457382202,0.6595577001571655,1.0,True,0.05240123385229797,0.001421183979343547
nips34,nips34_Q8_S96,5,28,27,True,0.019229040976100748,0.0074488037951086425,-0.011780237180992106,0.10180690884590149,63,48,1543,same_query_concept_slot,50,8,35,-0.1859186589717865,-0.2391371726989746,1.3498258590698242,1.489377498626709,13.0,0.3574775457382202,0.6595577001571655,1.0,True,0.05240123385229797,0.001421183979343547
nips34,nips34_Q8_S96,5,29,28,True,0.012500000833919792,0.004496680389108326,-0.008003320444811467,0.10180690884590149,63,48,1543,same_query_concept_slot,50,8,8,-0.1859186589717865,-0.2391371726989746,-0.1859186589717865,-0.2391371726989746,87.0,0.3574775457382202,0.6595577001571655,1.0,True,0.05240123385229797,0.001421183979343547
nips34,nips34_Q8_S96,5,30,29,True,0.0067345000206507355,0.002446881861214151,-0.004287618159436585,0.10180690884590149,63,48,1543,same_query_concept_slot,50,8,1,-0.1859186589717865,-0.2391371726989746,0.020632416009902954,-0.2744305431842804,102.0,0.3574775457382202,0.6595577001571655,1.0,True,0.05240123385229797,0.001421183979343547
nips34,nips34_Q8_S96,5,31,30,True,0.004862261825727368,0.0018318769705699554,-0.0030303848551574124,0.10180690884590149,63,48,1543,same_query_concept_slot,50,8,2,-0.1859186589717865,-0.2391371726989746,1.2723159790039062,1.4945365190505981,11.0,0.3574775457382202,0.6595577001571655,1.0,True,0.05240123385229797,0.001421183979343547
nips34,nips34_Q8_S96,5,32,31,True,0.0011101613966272043,0.0004061580819090049,-0.0007040033147181993,0.10180690884590149,63,48,1543,same_query_concept_slot,50,8,0,-0.1859186589717865,-0.2391371726989746,0.5426735877990723,0.24269966781139374,138.0,0.3574775457382202,0.6595577001571655,1.0,True,0.05240123385229797,0.001421183979343547
nips34,nips34_Q8_S96,5,33,32,True,1.0455199846206271e-07,4.334780179971848e-08,-6.120419666234424e-08,0.10180690884590149,63,48,1543,same_query_concept_slot,50,8,20,-0.1859186589717865,-0.2391371726989746,0.0,0.0,0.0,0.3574775457382202,0.6595577001571655,1.0,True,0.05240123385229797,0.001421183979343547
nips34,nips34_Q8_S96,5,34,33,True,2.6641198864134328e-08,2.6677500008308462e-08,3.630114417413419e-11,0.10180690884590149,63,48,1543,same_query_concept_slot,50,8,14,-0.1859186589717865,-0.2391371726989746,1.4357773065567017,1.5504417419433594,19.0,0.3574775457382202,0.6595577001571655,1.0,True,0.05240123385229797,0.001421183979343547
nips34,nips34_Q8_S96,5,35,34,True,2.4866787175740624e-08,1.2836825300633344e-08,-1.202996187510728e-08,0.10180690884590149,63,48,1543,same_query_concept_slot,50,8,4,-0.1859186589717865,-0.2391371726989746,0.35669970512390137,0.7213606834411621,2.0,0.3574775457382202,0.6595577001571655,1.0,True,0.05240123385229797,0.001421183979343547
nips34,nips34_Q8_S96,5,36,35,True,1.2852384642428165e-08,1.3213099408247367e-08,3.6071476581920216e-10,0.10180690884590149,63,48,1543,same_query_concept_slot,50,8,54,-0.1859186589717865,-0.2391371726989746,0.18996384739875793,0.443327397108078,1.0,0.3574775457382202,0.6595577001571655,1.0,True,0.05240123385229797,0.001421183979343547
nips34,nips34_Q8_S96,5,37,36,True,6.119820067272455e-09,6.44435456454052e-09,3.245344972680649e-10,0.10180690884590149,63,48,1543,same_query_concept_slot,50,8,38,-0.1859186589717865,-0.2391371726989746,1.1560909748077393,1.508582592010498,8.0,0.3574775457382202,0.6595577001571655,1.0,True,0.05240123385229797,0.001421183979343547
nips34,nips34_Q8_S96,5,38,37,True,5.738444700202905e-09,7.439452305880956e-09,1.7010076056780512e-09,0.10180690884590149,63,48,1543,same_query_concept_slot,50,8,16,-0.1859186589717865,-0.2391371726989746,1.1560909748077393,1.508582592010498,8.0,0.3574775457382202,0.6595577001571655,1.0,True,0.05240123385229797,0.001421183979343547
nips34,nips34_Q8_S96,5,39,38,True,5.503933628300813e-09,7.444249801419169e-09,1.940316173118356e-09,0.10180690884590149,63,48,1543,same_query_concept_slot,50,8,74,-0.1859186589717865,-0.2391371726989746,1.1266733407974243,1.4267569780349731,9.0,0.3574775457382202,0.6595577001571655,1.0,True,0.05240123385229797,0.001421183979343547
nips34,nips34_Q8_S96,5,40,39,True,5.077933069813756e-09,6.32764526041986e-09,1.249712190606104e-09,0.10180690884590149,63,48,1543,same_query_concept_slot,50,8,45,-0.1859186589717865,-0.2391371726989746,0.0,0.0,0.0,0.3574775457382202,0.6595577001571655,1.0,True,0.05240123385229797,0.001421183979343547
nips34,nips34_Q8_S96,5,41,40,True,4.814058820022727e-09,2.9569419038877527e-09,-1.8571169161349744e-09,0.10180690884590149,63,48,1543,same_query_concept_slot,50,8,60,-0.1859186589717865,-0.2391371726989746,0.0,0.0,0.0,0.3574775457382202,0.6595577001571655,1.0,True,0.05240123385229797,0.001421183979343547
nips34,nips34_Q8_S96,5,42,41,True,3.2663511153991205e-09,4.507206868078856e-09,1.2408557526797356e-09,0.10180690884590149,63,48,1543,same_query_concept_slot,50,8,33,-0.1859186589717865,-0.2391371726989746,0.37009117007255554,0.7441906929016113,2.0,0.3574775457382202,0.6595577001571655,1.0,True,0.05240123385229797,0.001421183979343547
nips34,nips34_Q8_S96,5,43,42,True,3.1284774060810517e-09,4.354757709897304e-09,1.2262803038162525e-09,0.10180690884590149,63,48,1543,same_query_concept_slot,50,8,56,-0.1859186589717865,-0.2391371726989746,0.37009117007255554,0.7441906929016113,2.0,0.3574775457382202,0.6595577001571655,1.0,True,0.05240123385229797,0.001421183979343547
nips34,nips34_Q8_S96,5,44,43,True,2.8462194177316536e-09,3.385884989640441e-09,5.396655719087875e-10,0.10180690884590149,63,48,1543,same_query_concept_slot,50,8,17,-0.1859186589717865,-0.2391371726989746,0.9414645433425903,1.2629092931747437,10.0,0.3574775457382202,0.6595577001571655,1.0,True,0.05240123385229797,0.001421183979343547
nips34,nips34_Q8_S96,5,45,44,True,2.4032619792850963e-09,3.1174095365151033e-09,7.14147557230007e-10,0.10180690884590149,63,48,1543,same_query_concept_slot,50,8,23,-0.1859186589717865,-0.2391371726989746,0.0,0.0,0.0,0.3574775457382202,0.6595577001571655,1.0,True,0.05240123385229797,0.001421183979343547
nips34,nips34_Q8_S96,5,46,45,True,2.2438195236678923e-09,2.9283174689012864e-09,6.844979452333941e-10,0.10180690884590149,63,48,1543,same_query_concept_slot,50,8,46,-0.1859186589717865,-0.2391371726989746,0.0,0.0,0.0,0.3574775457382202,0.6595577001571655,1.0,True,0.05240123385229797,0.001421183979343547
nips34,nips34_Q8_S96,5,47,46,True,1.3699224776767125e-09,1.0251263863511392e-09,-3.447960913255733e-10,0.10180690884590149,63,48,1543,same_query_concept_slot,50,8,61,-0.1859186589717865,-0.2391371726989746,0.19567862153053284,0.45512011647224426,1.0,0.3574775457382202,0.6595577001571655,1.0,True,0.05240123385229797,0.001421183979343547
nips34,nips34_Q8_S96,5,48,47,True,3.460160412941394e-10,2.2540965950868392e-09,1.9080805537926997e-09,0.10180690884590149,63,48,1543,same_query_concept_slot,50,8,18,-0.1859186589717865,-0.2391371726989746,0.38897505402565,0.7760262489318848,2.0,0.3574775457382202,0.6595577001571655,1.0,True,0.05240123385229797,0.001421183979343547
nips34,nips34_Q8_S96,5,49,48,True,0.15130154445139732,0.19600918089083766,0.04470763643944034,0.10180690884590149,63,48,1543,same_query_concept_slot,50,8,58,-0.1859186589717865,-0.2391371726989746,-0.40559059381484985,-0.044818565249443054,47.0,0.3574775457382202,0.6595577001571655,1.0,True,0.05240123385229797,0.001421183979343547
nips34,nips34_Q8_S96,5,50,49,True,0.033110059046384595,0.019078268822236885,-0.01403179022414771,0.10180690884590149,63,48,1543,same_query_concept_slot,50,8,59,-0.1859186589717865,-0.2391371726989746,0.5313423275947571,-0.23632359504699707,30.0,0.3574775457382202,0.6595577001571655,1.0,True,0.05240123385229797,0.001421183979343547
nips34,nips34_Q8_S96,5,51,50,True,0.03054910642617848,0.022155432988985715,-0.008393673437192765,0.10180690884590149,63,48,1543,same_query_concept_slot,50,8,57,-0.1859186589717865,-0.2391371726989746,-0.8244122266769409,-0.8447986841201782,10.0,0.3574775457382202,0.6595577001571655,1.0,True,0.05240123385229797,0.001421183979343547
nips34,nips34_Q8_S96,5,52,51,True,0.01476951282482011,0.005570635903517959,-0.00919887692130215,0.10180690884590149,63,48,1543,same_query_concept_slot,50,8,35,-0.1859186589717865,-0.2391371726989746,1.3498258590698242,1.489377498626709,13.0,0.3574775457382202,0.6595577001571655,1.0,True,0.05240123385229797,0.001421183979343547
nips34,nips34_Q8_S96,5,53,52,True,0.012499999902597238,0.004389168515482541,-0.008110831387114697,0.10180690884590149,63,48,1543,same_query_concept_slot,50,8,8,-0.1859186589717865,-0.2391371726989746,-0.1859186589717865,-0.2391371726989746,87.0,0.3574775457382202,0.6595577001571655,1.0,True,0.05240123385229797,0.001421183979343547
nips34,nips34_Q8_S96,5,54,53,True,0.003806038906107548,0.0013496220958016626,-0.0024564168103058852,0.10180690884590149,63,48,1543,same_query_concept_slot,50,8,1,-0.1859186589717865,-0.2391371726989746,0.020632416009902954,-0.2744305431842804,102.0,0.3574775457382202,0.6595577001571655,1.0,True,0.05240123385229797,0.001421183979343547
nips34,nips34_Q8_S96,5,55,54,True,0.0031749435445635383,0.001166060752142981,-0.002008882792420557,0.10180690884590149,63,48,1543,same_query_concept_slot,50,8,2,-0.1859186589717865,-0.2391371726989746,1.2723159790039062,1.4945365190505981,11.0,0.3574775457382202,0.6595577001571655,1.0,True,0.05240123385229797,0.001421183979343547
nips34,nips34_Q8_S96,5,56,55,True,0.0007887878858295612,0.00028159715599364847,-0.0005071907298359127,0.10180690884590149,63,48,1543,same_query_concept_slot,50,8,0,-0.1859186589717865,-0.2391371726989746,0.5426735877990723,0.24269966781139374,138.0,0.3574775457382202,0.6595577001571655,1.0,True,0.05240123385229797,0.001421183979343547
nips34,nips34_Q8_S96,5,57,56,True,2.659256088270768e-09,1.0698255178105004e-09,-1.5894305704602677e-09,0.10180690884590149,63,48,1543,same_query_concept_slot,50,8,20,-0.1859186589717865,-0.2391371726989746,0.0,0.0,0.0,0.3574775457382202,0.6595577001571655,1.0,True,0.05240123385229797,0.001421183979343547
nips34,nips34_Q8_S96,5,58,57,True,8.119791876679945e-10,2.381510891218643e-09,1.5695317035506486e-09,0.10180690884590149,63,48,1543,same_query_concept_slot,50,8,14,-0.1859186589717865,-0.2391371726989746,1.4357773065567017,1.5504417419433594,19.0,0.3574775457382202,0.6595577001571655,1.0,True,0.05240123385229797,0.001421183979343547
nips34,nips34_Q8_S96,5,59,58,True,5.1359376696197e-10,1.2372755647993538e-09,7.236817978373838e-10,0.10180690884590149,63,48,1543,same_query_concept_slot,50,8,4,-0.1859186589717865,-0.2391371726989746,0.35669970512390137,0.7213606834411621,2.0,0.3574775457382202,0.6595577001571655,1.0,True,0.05240123385229797,0.001421183979343547
nips34,nips34_Q8_S96,5,60,59,True,2.651722947663883e-10,2.4476408788923024e-09,2.182468584125914e-09,0.10180690884590149,63,48,1543,same_query_concept_slot,50,8,54,-0.1859186589717865,-0.2391371726989746,0.18996384739875793,0.443327397108078,1.0,0.3574775457382202,0.6595577001571655,1.0,True,0.05240123385229797,0.001421183979343547
nips34,nips34_Q8_S96,5,61,60,True,1.2793456281575547e-10,3.0000907199788e-09,2.8721561571630443e-09,0.10180690884590149,63,48,1543,same_query_concept_slot,50,8,45,-0.1859186589717865,-0.2391371726989746,0.0,0.0,0.0,0.3574775457382202,0.6595577001571655,1.0,True,0.05240123385229797,0.001421183979343547
nips34,nips34_Q8_S96,5,62,61,True,1.0775966679793668e-10,3.2769614572291155e-09,3.1692017904311787e-09,0.10180690884590149,63,48,1543,same_query_concept_slot,50,8,74,-0.1859186589717865,-0.2391371726989746,1.1266733407974243,1.4267569780349731,9.0,0.3574775457382202,0.6595577001571655,1.0,True,0.05240123385229797,0.001421183979343547
nips34,nips34_Q8_S96,5,63,62,True,9.686284193631438e-11,2.509769844993109e-09,2.4129070030567946e-09,0.10180690884590149,63,48,1543,same_query_concept_slot,50,8,38,-0.1859186589717865,-0.2391371726989746,1.1560909748077393,1.508582592010498,8.0,0.3574775457382202,0.6595577001571655,1.0,True,0.05240123385229797,0.001421183979343547
nips34,nips34_Q8_S96,5,64,63,True,8.774410859721742e-11,1.4610374535665993e-09,1.373293344969382e-09,0.10180690884590149,63,48,1543,same_query_concept_slot,50,8,60,-0.1859186589717865,-0.2391371726989746,0.0,0.0,0.0,0.3574775457382202,0.6595577001571655,1.0,True,0.05240123385229797,0.001421183979343547
nips34,nips34_Q8_S96,5,65,64,True,8.597463518072518e-11,3.1304668689748177e-09,3.0444922337940925e-09,0.10180690884590149,63,48,1543,same_query_concept_slot,50,8,16,-0.1859186589717865,-0.2391371726989746,1.1560909748077393,1.508582592010498,8.0,0.3574775457382202,0.6595577001571655,1.0,True,0.05240123385229797,0.001421183979343547
nips34,nips34_Q8_S96,5,66,65,True,5.0731667714549014e-11,3.348797324882662e-09,3.2980656571681133e-09,0.10180690884590149,63,48,1543,same_query_concept_slot,50,8,33,-0.1859186589717865,-0.2391371726989746,0.37009117007255554,0.7441906929016113,2.0,0.3574775457382202,0.6595577001571655,1.0,True,0.05240123385229797,0.001421183979343547
nips34,nips34_Q8_S96,5,67,66,True,4.7937507041838705e-11,3.3806029927940556e-09,3.332665485752217e-09,0.10180690884590149,63,48,1543,same_query_concept_slot,50,8,56,-0.1859186589717865,-0.2391371726989746,0.37009117007255554,0.7441906929016113,2.0,0.3574775457382202,0.6595577001571655,1.0,True,0.05240123385229797,0.001421183979343547
nips34,nips34_Q8_S96,5,68,67,True,4.770428041468023e-11,2.8548986453238336e-09,2.8071943649091532e-09,0.10180690884590149,63,48,1543,same_query_concept_slot,50,8,17,-0.1859186589717865,-0.2391371726989746,0.9414645433425903,1.2629092931747437,10.0,0.3574775457382202,0.6595577001571655,1.0,True,0.05240123385229797,0.001421183979343547
nips34,nips34_Q8_S96,5,69,68,True,4.4838218924969306e-11,2.808215323355842e-09,2.7633771044308727e-09,0.10180690884590149,63,48,1543,same_query_concept_slot,50,8,46,-0.1859186589717865,-0.2391371726989746,0.0,0.0,0.0,0.3574775457382202,0.6595577001571655,1.0,True,0.05240123385229797,0.001421183979343547
nips34,nips34_Q8_S96,5,70,69,True,4.155876243197358e-11,3.002300285752231e-09,2.960741523320257e-09,0.10180690884590149,63,48,1543,same_query_concept_slot,50,8,23,-0.1859186589717865,-0.2391371726989746,0.0,0.0,0.0,0.3574775457382202,0.6595577001571655,1.0,True,0.05240123385229797,0.001421183979343547
nips34,nips34_Q8_S96,5,71,70,True,2.1944123103583013e-11,9.952944728523705e-10,9.733503497487874e-10,0.10180690884590149,63,48,1543,same_query_concept_slot,50,8,61,-0.1859186589717865,-0.2391371726989746,0.19567862153053284,0.45512011647224426,1.0,0.3574775457382202,0.6595577001571655,1.0,True,0.05240123385229797,0.001421183979343547
nips34,nips34_Q8_S96,5,72,71,True,2.570434475292858e-12,3.0761667512349434e-09,3.0735963167596506e-09,0.10180690884590149,63,48,1543,same_query_concept_slot,50,8,9,-0.1859186589717865,-0.2391371726989746,2.0,1.694718599319458,34.0,0.3574775457382202,0.6595577001571655,1.0,True,0.05240123385229797,0.001421183979343547
nips34,nips34_Q8_S96,5,73,72,True,0.14567112592091402,0.19326849983127442,0.0475973739103604,0.10180690884590149,63,48,1543,same_query_concept_slot,50,8,58,-0.1859186589717865,-0.2391371726989746,-0.40559059381484985,-0.044818565249443054,47.0,0.3574775457382202,0.6595577001571655,1.0,True,0.05240123385229797,0.001421183979343547
nips34,nips34_Q8_S96,5,74,73,True,0.0322858795647466,0.019378961204340687,-0.012906918360405913,0.10180690884590149,63,48,1543,same_query_concept_slot,50,8,59,-0.1859186589717865,-0.2391371726989746,0.5313423275947571,-0.23632359504699707,30.0,0.3574775457382202,0.6595577001571655,1.0,True,0.05240123385229797,0.001421183979343547
nips34,nips34_Q8_S96,5,75,74,True,0.027342406412355722,0.02076158401573508,-0.006580822396620643,0.10180690884590149,63,48,1543,same_query_concept_slot,50,8,57,-0.1859186589717865,-0.2391371726989746,-0.8244122266769409,-0.8447986841201782,10.0,0.3574775457382202,0.6595577001571655,1.0,True,0.05240123385229797,0.001421183979343547
nips34,nips34_Q8_S96,5,76,75,True,0.019330346518178155,0.00742548906672725,-0.011904857451450906,0.10180690884590149,63,48,1543,same_query_concept_slot,50,8,35,-0.1859186589717865,-0.2391371726989746,1.3498258590698242,1.489377498626709,13.0,0.3574775457382202,0.6595577001571655,1.0,True,0.05240123385229797,0.001421183979343547
nips34,nips34_Q8_S96,5,77,76,True,0.012499999902597238,0.004459112234965449,-0.008040887667631788,0.10180690884590149,63,48,1543,same_query_concept_slot,50,8,8,-0.1859186589717865,-0.2391371726989746,-0.1859186589717865,-0.2391371726989746,87.0,0.3574775457382202,0.6595577001571655,1.0,True,0.05240123385229797,0.001421183979343547
nips34,nips34_Q8_S96,5,78,77,True,0.006770922648733532,0.0024395639943827698,-0.0043313586543507615,0.10180690884590149,63,48,1543,same_query_concept_slot,50,8,1,-0.1859186589717865,-0.2391371726989746,0.020632416009902954,-0.2744305431842804,102.0,0.3574775457382202,0.6595577001571655,1.0,True,0.05240123385229797,0.001421183979343547
nips34,nips34_Q8_S96,5,79,78,True,0.004987192227018919,0.001863248570215525,-0.003123943656803394,0.10180690884590149,63,48,1543,same_query_concept_slot,50,8,2,-0.1859186589717865,-0.2391371726989746,1.2723159790039062,1.4945365190505981,11.0,0.3574775457382202,0.6595577001571655,1.0,True,0.05240123385229797,0.001421183979343547
nips34,nips34_Q8_S96,5,80,79,True,0.001111899826588595,0.0004033956046424562,-0.0007085042219461389,0.10180690884590149,63,48,1543,same_query_concept_slot,50,8,0,-0.1859186589717865,-0.2391371726989746,0.5426735877990723,0.24269966781139374,138.0,0.3574775457382202,0.6595577001571655,1.0,True,0.05240123385229797,0.001421183979343547
nips34,nips34_Q8_S96,5,81,80,True,1.1495410229300149e-07,4.7262394734077375e-08,-6.769170755892412e-08,0.10180690884590149,63,48,1543,same_query_concept_slot,50,8,20,-0.1859186589717865,-0.2391371726989746,0.0,0.0,0.0,0.3574775457382202,0.6595577001571655,1.0,True,0.05240123385229797,0.001421183979343547
nips34,nips34_Q8_S96,5,82,81,True,2.8460516852408996e-08,2.8261177133062028e-08,-1.9933971934696846e-10,0.10180690884590149,63,48,1543,same_query_concept_slot,50,8,14,-0.1859186589717865,-0.2391371726989746,1.4357773065567017,1.5504417419433594,19.0,0.3574775457382202,0.6595577001571655,1.0,True,0.05240123385229797,0.001421183979343547
nips34,nips34_Q8_S96,5,83,82,True,2.6660230750879765e-08,1.3647639794172566e-08,-1.3012590956707199e-08,0.10180690884590149,63,48,1543,same_query_concept_slot,50,8,4,-0.1859186589717865,-0.2391371726989746,0.35669970512390137,0.7213606834411621,2.0,0.3574775457382202,0.6595577001571655,1.0,True,0.05240123385229797,0.001421183979343547
nips34,nips34_Q8_S96,5,84,83,True,1.3455995123650505e-08,1.371805191187744e-08,2.620567882269344e-10,0.10180690884590149,63,48,1543,same_query_concept_slot,50,8,54,-0.1859186589717865,-0.2391371726989746,0.18996384739875793,0.443327397108078,1.0,0.3574775457382202,0.6595577001571655,1.0,True,0.05240123385229797,0.001421183979343547
nips34,nips34_Q8_S96,5,85,84,True,6.245349429104457e-09,6.52158522769515e-09,2.7623579859069287e-10,0.10180690884590149,63,48,1543,same_query_concept_slot,50,8,38,-0.1859186589717865,-0.2391371726989746,1.1560909748077393,1.508582592010498,8.0,0.3574775457382202,0.6595577001571655,1.0,True,0.05240123385229797,0.001421183979343547
nips34,nips34_Q8_S96,5,86,85,True,6.0697556713361385e-09,7.803216420964065e-09,1.7334607496279269e-09,0.10180690884590149,63,48,1543,same_query_concept_slot,50,8,16,-0.1859186589717865,-0.2391371726989746,1.1560909748077393,1.508582592010498,8.0,0.3574775457382202,0.6595577001571655,1.0,True,0.05240123385229797,0.001421183979343547
nips34,nips34_Q8_S96,5,87,86,True,5.698822173620832e-09,7.643434017959547e-09,1.9446118443387152e-09,0.10180690884590149,63,48,1543,same_query_concept_slot,50,8,74,-0.1859186589717865,-0.2391371726989746,1.1266733407974243,1.4267569780349731,9.0,0.3574775457382202,0.6595577001571655,1.0,True,0.05240123385229797,0.001421183979343547
nips34,nips34_Q8_S96,5,88,87,True,5.2922975910789846e-09,6.539659657798386e-09,1.2473620667194013e-09,0.10180690884590149,63,48,1543,same_query_concept_slot,50,8,45,-0.1859186589717865,-0.2391371726989746,0.0,0.0,0.0,0.3574775457382202,0.6595577001571655,1.0,True,0.05240123385229797,0.001421183979343547
nips34,nips34_Q8_S96,5,89,88,True,5.117929075412838e-09,3.1173198304983747e-09,-2.000609244914463e-09,0.10180690884590149,63,48,1543,same_query_concept_slot,50,8,60,-0.1859186589717865,-0.2391371726989746,0.0,0.0,0.0,0.3574775457382202,0.6595577001571655,1.0,True,0.05240123385229797,0.001421183979343547
nips34,nips34_Q8_S96,5,90,89,True,3.3848034717435533e-09,4.631629113281408e-09,1.2468256415378544e-09,0.10180690884590149,63,48,1543,same_query_concept_slot,50,8,33,-0.1859186589717865,-0.2391371726989746,0.37009117007255554,0.7441906929016113,2.0,0.3574775457382202,0.6595577001571655,1.0,True,0.05240123385229797,0.001421183979343547
nips34,nips34_Q8_S96,5,91,90,True,3.2349191479730456e-09,4.465295062431361e-09,1.2303759144583155e-09,0.10180690884590149,63,48,1543,same_query_concept_slot,50,8,56,-0.1859186589717865,-0.2391371726989746,0.37009117007255554,0.7441906929016113,2.0,0.3574775457382202,0.6595577001571655,1.0,True,0.05240123385229797,0.001421183979343547
nips34,nips34_Q8_S96,5,92,91,True,2.963375255657351e-09,3.495796842547952e-09,5.324215868906007e-10,0.10180690884590149,63,48,1543,same_query_concept_slot,50,8,17,-0.1859186589717865,-0.2391371726989746,0.9414645433425903,1.2629092931747437,10.0,0.3574775457382202,0.6595577001571655,1.0,True,0.05240123385229797,0.001421183979343547
nips34,nips34_Q8_S96,5,93,92,True,2.5126344878509866e-09,3.1069854309177262e-09,5.943509430667396e-10,0.10180690884590149,63,48,1543,same_query_concept_slot,50,8,23,-0.1859186589717865,-0.2391371726989746,0.0,0.0,0.0,0.3574775457382202,0.6595577001571655,1.0,True,0.05240123385229797,0.001421183979343547
nips34,nips34_Q8_S96,5,94,93,True,2.312095351553066e-09,2.903849930793968e-09,5.91754579240902e-10,0.10180690884590149,63,48,1543,same_query_concept_slot,50,8,46,-0.1859186589717865,-0.2391371726989746,0.0,0.0,0.0,0.3574775457382202,0.6595577001571655,1.0,True,0.05240123385229797,0.001421183979343547
nips34,nips34_Q8_S96,5,95,94,True,1.4303130577307313e-09,1.0165610160657301e-09,-4.137520416650012e-10,0.10180690884590149,63,48,1543,same_query_concept_slot,50,8,61,-0.1859186589717865,-0.2391371726989746,0.19567862153053284,0.45512011647224426,1.0,0.3574775457382202,0.6595577001571655,1.0,True,0.05240123385229797,0.001421183979343547
nips34,nips34_Q8_S96,5,96,95,True,3.551683033678192e-10,2.2352625504211573e-09,1.880094247053338e-09,0.10180690884590149,63,48,1543,same_query_concept_slot,50,8,18,-0.1859186589717865,-0.2391371726989746,0.38897505402565,0.7760262489318848,2.0,0.3574775457382202,0.6595577001571655,1.0,True,0.05240123385229797,0.001421183979343547
nips34,nips34_Q8_S96,6,1,0,True,0.15718198955987822,0.20182098591576197,0.04463899635588375,0.09149229526519775,30,24,688,same_query_concept_slot,111,8,58,0.29659515619277954,0.18439027667045593,0.19373568892478943,0.1636943221092224,19.0,0.4171715974807739,0.8779329657554626,1.0,True,0.05240123385229797,0.001421183979343547
nips34,nips34_Q8_S96,6,2,1,True,0.03108218241727504,0.01853998949876757,-0.012542192918507472,0.09149229526519775,30,24,688,same_query_concept_slot,111,8,59,0.29659515619277954,0.18439027667045593,0.3436371088027954,0.4216209053993225,6.0,0.4171715974807739,0.8779329657554626,1.0,True,0.05240123385229797,0.001421183979343547
nips34,nips34_Q8_S96,6,3,2,True,0.02639481179122069,0.01692854811350072,-0.00946626367771997,0.09149229526519775,30,24,688,same_query_concept_slot,111,8,57,0.29659515619277954,0.18439027667045593,0.0,0.0,0.0,0.4171715974807739,0.8779329657554626,1.0,True,0.05240123385229797,0.001421183979343547
nips34,nips34_Q8_S96,6,4,3,True,0.01483860298845007,0.005535612387771818,-0.00930299060067825,0.09149229526519775,30,24,688,same_query_concept_slot,111,8,35,0.29659515619277954,0.18439027667045593,0.0,0.0,0.0,0.4171715974807739,0.8779329657554626,1.0,True,0.05240123385229797,0.001421183979343547
nips34,nips34_Q8_S96,6,5,4,True,0.012499999902597238,0.0043284888686613045,-0.008171511033935933,0.09149229526519775,30,24,688,same_query_concept_slot,111,8,8,0.29659515619277954,0.18439027667045593,0.29659515619277954,0.18439027667045593,25.0,0.4171715974807739,0.8779329657554626,1.0,True,0.05240123385229797,0.001421183979343547
nips34,nips34_Q8_S96,6,6,5,True,0.003862768091146436,0.0013513654799225856,-0.0025114026112238504,0.09149229526519775,30,24,688,same_query_concept_slot,111,8,1,0.29659515619277954,0.18439027667045593,0.24137696623802185,0.13416752219200134,25.0,0.4171715974807739,0.8779329657554626,1.0,True,0.05240123385229797,0.001421183979343547
nips34,nips34_Q8_S96,6,7,6,True,0.003336506820004334,0.001212154058033018,-0.002124352761971316,0.09149229526519775,30,24,688,same_query_concept_slot,111,8,2,0.29659515619277954,0.18439027667045593,0.0,0.0,0.0,0.4171715974807739,0.8779329657554626,1.0,True,0.05240123385229797,0.001421183979343547
nips34,nips34_Q8_S96,6,8,7,True,0.0008031240249335863,0.0002828073067647427,-0.0005203167181688437,0.09149229526519775,30,24,688,same_query_concept_slot,111,8,0,0.29659515619277954,0.18439027667045593,0.8338199853897095,0.6537494659423828,46.0,0.4171715974807739,0.8779329657554626,1.0,True,0.05240123385229797,0.001421183979343547
nips34,nips34_Q8_S96,6,9,8,True,2.955442268237221e-09,1.1693697204757695e-09,-1.7860725477614514e-09,0.09149229526519775,30,24,688,same_query_concept_slot,111,8,20,0.29659515619277954,0.18439027667045593,0.0,0.0,0.0,0.4171715974807739,0.8779329657554626,1.0,True,0.05240123385229797,0.001421183979343547
nips34,nips34_Q8_S96,6,10,9,True,8.576860138426963e-10,2.2951680719069387e-09,1.4374820580642424e-09,0.09149229526519775,30,24,688,same_query_concept_slot,111,8,14,0.29659515619277954,0.18439027667045593,0.0,0.0,0.0,0.4171715974807739,0.8779329657554626,1.0,True,0.05240123385229797,0.001421183979343547
nips34,nips34_Q8_S96,6,11,10,True,5.533604004893691e-10,1.1530907421947095e-09,5.997303417053404e-10,0.09149229526519775,30,24,688,same_query_concept_slot,111,8,4,0.29659515619277954,0.18439027667045593,0.0,0.0,0.0,0.4171715974807739,0.8779329657554626,1.0,True,0.05240123385229797,0.001421183979343547
nips34,nips34_Q8_S96,6,12,11,True,2.714637064595607e-10,2.4306254959248274e-09,2.1591617894652667e-09,0.09149229526519775,30,24,688,same_query_concept_slot,111,8,54,0.29659515619277954,0.18439027667045593,0.0,0.0,0.0,0.4171715974807739,0.8779329657554626,1.0,True,0.05240123385229797,0.001421183979343547
nips34,nips34_Q8_S96,6,13,12,True,1.285398980284074e-10,2.9430824653145287e-09,2.814542567286121e-09,0.09149229526519775,30,24,688,same_query_concept_slot,111,8,45,0.29659515619277954,0.18439027667045593,0.0,0.0,0.0,0.4171715974807739,0.8779329657554626,1.0,True,0.05240123385229797,0.001421183979343547
nips34,nips34_Q8_S96,6,14,13,True,1.0770784020054451e-10,3.2481590981051875e-09,3.140451257904643e-09,0.09149229526519775,30,24,688,same_query_concept_slot,111,8,74,0.29659515619277954,0.18439027667045593,0.0,0.0,0.0,0.4171715974807739,0.8779329657554626,1.0,True,0.05240123385229797,0.001421183979343547
nips34,nips34_Q8_S96,6,15,14,True,9.297915698421926e-11,1.4799905850461674e-09,1.3870114280619482e-09,0.09149229526519775,30,24,688,same_query_concept_slot,111,8,60,0.29659515619277954,0.18439027667045593,0.0,0.0,0.0,0.4171715974807739,0.8779329657554626,1.0,True,0.05240123385229797,0.001421183979343547
nips34,nips34_Q8_S96,6,16,15,True,9.279507507201995e-11,2.5283713080636937e-09,2.4355762329916736e-09,0.09149229526519775,30,24,688,same_query_concept_slot,111,8,38,0.29659515619277954,0.18439027667045593,0.0,0.0,0.0,0.4171715974807739,0.8779329657554626,1.0,True,0.05240123385229797,0.001421183979343547
nips34,nips34_Q8_S96,6,17,16,True,8.998090956863865e-11,3.070336895434428e-09,2.9803559858657893e-09,0.09149229526519775,30,24,688,same_query_concept_slot,111,8,16,0.29659515619277954,0.18439027667045593,0.0,0.0,0.0,0.4171715974807739,0.8779329657554626,1.0,True,0.05240123385229797,0.001421183979343547
nips34,nips34_Q8_S96,6,18,17,True,5.1451987335473234e-11,3.2907503622566897e-09,3.2392983749212165e-09,0.09149229526519775,30,24,688,same_query_concept_slot,111,8,33,0.29659515619277954,0.18439027667045593,0.0,0.0,0.0,0.4171715974807739,0.8779329657554626,1.0,True,0.05240123385229797,0.001421183979343547
nips34,nips34_Q8_S96,6,19,18,True,4.846455418579645e-11,3.3500462641999156e-09,3.301581710014119e-09,0.09149229526519775,30,24,688,same_query_concept_slot,111,8,56,0.29659515619277954,0.18439027667045593,0.0,0.0,0.0,0.4171715974807739,0.8779329657554626,1.0,True,0.05240123385229797,0.001421183979343547
nips34,nips34_Q8_S96,6,20,19,True,4.816753483898007e-11,2.791987549883763e-09,2.743820015044783e-09,0.09149229526519775,30,24,688,same_query_concept_slot,111,8,17,0.29659515619277954,0.18439027667045593,0.0,0.0,0.0,0.4171715974807739,0.8779329657554626,1.0,True,0.05240123385229797,0.001421183979343547
nips34,nips34_Q8_S96,6,21,20,True,4.6921968717025316e-11,2.8644897768432796e-09,2.817567808126254e-09,0.09149229526519775,30,24,688,same_query_concept_slot,111,8,46,0.29659515619277954,0.18439027667045593,0.0,0.0,0.0,0.4171715974807739,0.8779329657554626,1.0,True,0.05240123385229797,0.001421183979343547
nips34,nips34_Q8_S96,6,22,21,True,4.259218575541842e-11,2.9476665762157547e-09,2.905074390460336e-09,0.09149229526519775,30,24,688,same_query_concept_slot,111,8,23,0.29659515619277954,0.18439027667045593,0.0,0.0,0.0,0.4171715974807739,0.8779329657554626,1.0,True,0.05240123385229797,0.001421183979343547
nips34,nips34_Q8_S96,6,23,22,True,2.2401779575352917e-11,9.94160871801231e-10,9.717590922258781e-10,0.09149229526519775,30,24,688,same_query_concept_slot,111,8,61,0.29659515619277954,0.18439027667045593,0.0,0.0,0.0,0.4171715974807739,0.8779329657554626,1.0,True,0.05240123385229797,0.001421183979343547
nips34,nips34_Q8_S96,6,24,23,True,2.603939791109263e-12,3.0158309397426554e-09,3.013226999951546e-09,0.09149229526519775,30,24,688,same_query_concept_slot,111,8,9,0.29659515619277954,0.18439027667045593,0.0,0.0,0.0,0.4171715974807739,0.8779329657554626,1.0,True,0.05240123385229797,0.001421183979343547
nips34,nips34_Q8_S96,6,25,24,True,0.14221867596225923,0.19144867496526877,0.049229999003009534,0.09149229526519775,30,24,688,same_query_concept_slot,111,8,58,0.29659515619277954,0.18439027667045593,0.19373568892478943,0.1636943221092224,19.0,0.4171715974807739,0.8779329657554626,1.0,True,0.05240123385229797,0.001421183979343547
nips34,nips34_Q8_S96,6,26,25,True,0.033738046118906365,0.021520503018117282,-0.012217543100789083,0.09149229526519775,30,24,688,same_query_concept_slot,111,8,59,0.29659515619277954,0.18439027667045593,0.3436371088027954,0.4216209053993225,6.0,0.4171715974807739,0.8779329657554626,1.0,True,0.05240123385229797,0.001421183979343547
nips34,nips34_Q8_S96,6,27,26,True,0.029607110916234976,0.020345678697446343,-0.009261432218788633,0.09149229526519775,30,24,688,same_query_concept_slot,111,8,57,0.29659515619277954,0.18439027667045593,0.0,0.0,0.0,0.4171715974807739,0.8779329657554626,1.0,True,0.05240123385229797,0.001421183979343547
nips34,nips34_Q8_S96,6,28,27,True,0.019229040976100748,0.00748357228660417,-0.011745468689496578,0.09149229526519775,30,24,688,same_query_concept_slot,111,8,35,0.29659515619277954,0.18439027667045593,0.0,0.0,0.0,0.4171715974807739,0.8779329657554626,1.0,True,0.05240123385229797,0.001421183979343547
nips34,nips34_Q8_S96,6,29,28,True,0.012500000833919792,0.00450280218788333,-0.007997198646036461,0.09149229526519775,30,24,688,same_query_concept_slot,111,8,8,0.29659515619277954,0.18439027667045593,0.29659515619277954,0.18439027667045593,25.0,0.4171715974807739,0.8779329657554626,1.0,True,0.05240123385229797,0.001421183979343547
nips34,nips34_Q8_S96,6,30,29,True,0.0067345000206507355,0.002451335330203923,-0.0042831646904468125,0.09149229526519775,30,24,688,same_query_concept_slot,111,8,1,0.29659515619277954,0.18439027667045593,0.24137696623802185,0.13416752219200134,25.0,0.4171715974807739,0.8779329657554626,1.0,True,0.05240123385229797,0.001421183979343547
nips34,nips34_Q8_S96,6,31,30,True,0.004862261825727368,0.0018404688583981256,-0.0030217929673292425,0.09149229526519775,30,24,688,same_query_concept_slot,111,8,2,0.29659515619277954,0.18439027667045593,0.0,0.0,0.0,0.4171715974807739,0.8779329657554626,1.0,True,0.05240123385229797,0.001421183979343547
nips34,nips34_Q8_S96,6,32,31,True,0.0011101613966272043,0.00040681421812765496,-0.0007033471784995493,0.09149229526519775,30,24,688,same_query_concept_slot,111,8,0,0.29659515619277954,0.18439027667045593,0.8338199853897095,0.6537494659423828,46.0,0.4171715974807739,0.8779329657554626,1.0,True,0.05240123385229797,0.001421183979343547
nips34,nips34_Q8_S96,6,33,32,True,1.0455199846206271e-07,4.329783851110003e-08,-6.125415995096268e-08,0.09149229526519775,30,24,688,same_query_concept_slot,111,8,20,0.29659515619277954,0.18439027667045593,0.0,0.0,0.0,0.4171715974807739,0.8779329657554626,1.0,True,0.05240123385229797,0.001421183979343547
nips34,nips34_Q8_S96,6,34,33,True,2.6641198864134328e-08,2.614361723462994e-08,-4.975816295043888e-10,0.09149229526519775,30,24,688,same_query_concept_slot,111,8,14,0.29659515619277954,0.18439027667045593,0.0,0.0,0.0,0.4171715974807739,0.8779329657554626,1.0,True,0.05240123385229797,0.001421183979343547
nips34,nips34_Q8_S96,6,35,34,True,2.4866787175740624e-08,1.2117178457831524e-08,-1.27496087179091e-08,0.09149229526519775,30,24,688,same_query_concept_slot,111,8,4,0.29659515619277954,0.18439027667045593,0.0,0.0,0.0,0.4171715974807739,0.8779329657554626,1.0,True,0.05240123385229797,0.001421183979343547
nips34,nips34_Q8_S96,6,36,35,True,1.2852384642428165e-08,1.3326734477325777e-08,4.743498348976123e-10,0.09149229526519775,30,24,688,same_query_concept_slot,111,8,54,0.29659515619277954,0.18439027667045593,0.0,0.0,0.0,0.4171715974807739,0.8779329657554626,1.0,True,0.05240123385229797,0.001421183979343547
nips34,nips34_Q8_S96,6,37,36,True,6.119820067272455e-09,6.5888117652270524e-09,4.689916979545972e-10,0.09149229526519775,30,24,688,same_query_concept_slot,111,8,38,0.29659515619277954,0.18439027667045593,0.0,0.0,0.0,0.4171715974807739,0.8779329657554626,1.0,True,0.05240123385229797,0.001421183979343547
nips34,nips34_Q8_S96,6,38,37,True,5.738444700202905e-09,7.413286481806653e-09,1.6748417816037482e-09,0.09149229526519775,30,24,688,same_query_concept_slot,111,8,16,0.29659515619277954,0.18439027667045593,0.0,0.0,0.0,0.4171715974807739,0.8779329657554626,1.0,True,0.05240123385229797,0.001421183979343547
nips34,nips34_Q8_S96,6,39,38,True,5.503933628300813e-09,7.4904651902237e-09,1.9865315619228873e-09,0.09149229526519775,30,24,688,same_query_concept_slot,111,8,74,0.29659515619277954,0.18439027667045593,0.0,0.0,0.0,0.4171715974807739,0.8779329657554626,1.0,True,0.05240123385229797,0.001421183979343547
nips34,nips34_Q8_S96,6,40,39,True,5.077933069813756e-09,6.306894162849906e-09,1.2289610930361499e-09,0.09149229526519775,30,24,688,same_query_concept_slot,111,8,45,0.29659515619277954,0.18439027667045593,0.0,0.0,0.0,0.4171715974807739,0.8779329657554626,1.0,True,0.05240123385229797,0.001421183979343547
nips34,nips34_Q8_S96,6,41,40,True,4.814058820022727e-09,3.0469074146901964e-09,-1.7671514053325307e-09,0.09149229526519775,30,24,688,same_query_concept_slot,111,8,60,0.29659515619277954,0.18439027667045593,0.0,0.0,0.0,0.4171715974807739,0.8779329657554626,1.0,True,0.05240123385229797,0.001421183979343547
nips34,nips34_Q8_S96,6,42,41,True,3.2663511153991205e-09,4.499010973516612e-09,1.2326598581174916e-09,0.09149229526519775,30,24,688,same_query_concept_slot,111,8,33,0.29659515619277954,0.18439027667045593,0.0,0.0,0.0,0.4171715974807739,0.8779329657554626,1.0,True,0.05240123385229797,0.001421183979343547
nips34,nips34_Q8_S96,6,43,42,True,3.1284774060810517e-09,4.380555949107765e-09,1.2520785430267136e-09,0.09149229526519775,30,24,688,same_query_concept_slot,111,8,56,0.29659515619277954,0.18439027667045593,0.0,0.0,0.0,0.4171715974807739,0.8779329657554626,1.0,True,0.05240123385229797,0.001421183979343547
nips34,nips34_Q8_S96,6,44,43,True,2.8462194177316536e-09,3.365139524282257e-09,5.189201065506035e-10,0.09149229526519775,30,24,688,same_query_concept_slot,111,8,17,0.29659515619277954,0.18439027667045593,0.0,0.0,0.0,0.4171715974807739,0.8779329657554626,1.0,True,0.05240123385229797,0.001421183979343547
nips34,nips34_Q8_S96,6,45,44,True,2.4032619792850963e-09,3.1095515272548604e-09,7.062895479697641e-10,0.09149229526519775,30,24,688,same_query_concept_slot,111,8,23,0.29659515619277954,0.18439027667045593,0.0,0.0,0.0,0.4171715974807739,0.8779329657554626,1.0,True,0.05240123385229797,0.001421183979343547
nips34,nips34_Q8_S96,6,46,45,True,2.2438195236678923e-09,3.0275935307274724e-09,7.837740070595801e-10,0.09149229526519775,30,24,688,same_query_concept_slot,111,8,46,0.29659515619277954,0.18439027667045593,0.0,0.0,0.0,0.4171715974807739,0.8779329657554626,1.0,True,0.05240123385229797,0.001421183979343547
nips34,nips34_Q8_S96,6,47,46,True,1.3699224776767125e-09,1.0408584068607677e-09,-3.2906407081594485e-10,0.09149229526519775,30,24,688,same_query_concept_slot,111,8,61,0.29659515619277954,0.18439027667045593,0.0,0.0,0.0,0.4171715974807739,0.8779329657554626,1.0,True,0.05240123385229797,0.001421183979343547
nips34,nips34_Q8_S96,6,48,47,True,3.460160412941394e-10,2.198119701877094e-09,1.8521036605829543e-09,0.09149229526519775,30,24,688,same_query_concept_slot,111,8,18,0.29659515619277954,0.18439027667045593,1.2843866348266602,1.2498303651809692,21.0,0.4171715974807739,0.8779329657554626,1.0,True,0.05240123385229797,0.001421183979343547
nips34,nips34_Q8_S96,6,49,48,True,0.15130154445139732,0.19725768408167946,0.04595613963028214,0.09149229526519775,30,24,688,same_query_concept_slot,111,8,58,0.29659515619277954,0.18439027667045593,0.19373568892478943,0.1636943221092224,19.0,0.4171715974807739,0.8779329657554626,1.0,True,0.05240123385229797,0.001421183979343547
nips34,nips34_Q8_S96,6,50,49,True,0.033110059046384595,0.020053258308101993,-0.013056800738282602,0.09149229526519775,30,24,688,same_query_concept_slot,111,8,59,0.29659515619277954,0.18439027667045593,0.3436371088027954,0.4216209053993225,6.0,0.4171715974807739,0.8779329657554626,1.0,True,0.05240123385229797,0.001421183979343547
nips34,nips34_Q8_S96,6,51,50,True,0.03054910642617848,0.01989420517503468,-0.010654901251143802,0.09149229526519775,30,24,688,same_query_concept_slot,111,8,57,0.29659515619277954,0.18439027667045593,0.0,0.0,0.0,0.4171715974807739,0.8779329657554626,1.0,True,0.05240123385229797,0.001421183979343547
nips34,nips34_Q8_S96,6,52,51,True,0.01476951282482011,0.005594558587905494,-0.009174954236914615,0.09149229526519775,30,24,688,same_query_concept_slot,111,8,35,0.29659515619277954,0.18439027667045593,0.0,0.0,0.0,0.4171715974807739,0.8779329657554626,1.0,True,0.05240123385229797,0.001421183979343547
nips34,nips34_Q8_S96,6,53,52,True,0.012499999902597238,0.004395044439944904,-0.008104955462652334,0.09149229526519775,30,24,688,same_query_concept_slot,111,8,8,0.29659515619277954,0.18439027667045593,0.29659515619277954,0.18439027667045593,25.0,0.4171715974807739,0.8779329657554626,1.0,True,0.05240123385229797,0.001421183979343547
nips34,nips34_Q8_S96,6,54,53,True,0.003806038906107548,0.0013519923764350747,-0.002454046529672473,0.09149229526519775,30,24,688,same_query_concept_slot,111,8,1,0.29659515619277954,0.18439027667045593,0.24137696623802185,0.13416752219200134,25.0,0.4171715974807739,0.8779329657554626,1.0,True,0.05240123385229797,0.001421183979343547
nips34,nips34_Q8_S96,6,55,54,True,0.0031749435445635383,0.0011711939088339892,-0.002003749635729549,0.09149229526519775,30,24,688,same_query_concept_slot,111,8,2,0.29659515619277954,0.18439027667045593,0.0,0.0,0.0,0.4171715974807739,0.8779329657554626,1.0,True,0.05240123385229797,0.001421183979343547
nips34,nips34_Q8_S96,6,56,55,True,0.0007887878858295612,0.00028202985613623183,-0.0005067580296933293,0.09149229526519775,30,24,688,same_query_concept_slot,111,8,0,0.29659515619277954,0.18439027667045593,0.8338199853897095,0.6537494659423828,46.0,0.4171715974807739,0.8779329657554626,1.0,True,0.05240123385229797,0.001421183979343547
nips34,nips34_Q8_S96,6,57,56,True,2.659256088270768e-09,1.0683571880860514e-09,-1.5908989001847167e-09,0.09149229526519775,30,24,688,same_query_concept_slot,111,8,20,0.29659515619277954,0.18439027667045593,0.0,0.0,0.0,0.4171715974807739,0.8779329657554626,1.0,True,0.05240123385229797,0.001421183979343547
nips34,nips34_Q8_S96,6,58,57,True,8.119791876679945e-10,2.330460063708913e-09,1.5184808760409185e-09,0.09149229526519775,30,24,688,same_query_concept_slot,111,8,14,0.29659515619277954,0.18439027667045593,0.0,0.0,0.0,0.4171715974807739,0.8779329657554626,1.0,True,0.05240123385229797,0.001421183979343547
nips34,nips34_Q8_S96,6,59,58,True,5.1359376696197e-10,1.170821337090774e-09,6.572275701288041e-10,0.09149229526519775,30,24,688,same_query_concept_slot,111,8,4,0.29659515619277954,0.18439027667045593,0.0,0.0,0.0,0.4171715974807739,0.8779329657554626,1.0,True,0.05240123385229797,0.001421183979343547
nips34,nips34_Q8_S96,6,60,59,True,2.651722947663883e-10,2.4680002661357872e-09,2.202827971369399e-09,0.09149229526519775,30,24,688,same_query_concept_slot,111,8,54,0.29659515619277954,0.18439027667045593,0.0,0.0,0.0,0.4171715974807739,0.8779329657554626,1.0,True,0.05240123385229797,0.001421183979343547
nips34,nips34_Q8_S96,6,61,60,True,1.2793456281575547e-10,2.9883369324764115e-09,2.860402369660656e-09,0.09149229526519775,30,24,688,same_query_concept_slot,111,8,45,0.29659515619277954,0.18439027667045593,0.0,0.0,0.0,0.4171715974807739,0.8779329657554626,1.0,True,0.05240123385229797,0.001421183979343547
nips34,nips34_Q8_S96,6,62,61,True,1.0775966679793668e-10,3.2981049237132365e-09,3.1903452569153e-09,0.09149229526519775,30,24,688,same_query_concept_slot,111,8,74,0.29659515619277954,0.18439027667045593,0.0,0.0,0.0,0.4171715974807739,0.8779329657554626,1.0,True,0.05240123385229797,0.001421183979343547
nips34,nips34_Q8_S96,6,63,62,True,9.686284193631438e-11,2.5672493202606695e-09,2.4703864783243552e-09,0.09149229526519775,30,24,688,same_query_concept_slot,111,8,38,0.29659515619277954,0.18439027667045593,0.0,0.0,0.0,0.4171715974807739,0.8779329657554626,1.0,True,0.05240123385229797,0.001421183979343547
nips34,nips34_Q8_S96,6,64,63,True,8.774410859721742e-11,1.5027478257442154e-09,1.415003717146998e-09,0.09149229526519775,30,24,688,same_query_concept_slot,111,8,60,0.29659515619277954,0.18439027667045593,0.0,0.0,0.0,0.4171715974807739,0.8779329657554626,1.0,True,0.05240123385229797,0.001421183979343547
nips34,nips34_Q8_S96,6,65,64,True,8.597463518072518e-11,3.1175484637580164e-09,3.031573828577291e-09,0.09149229526519775,30,24,688,same_query_concept_slot,111,8,16,0.29659515619277954,0.18439027667045593,0.0,0.0,0.0,0.4171715974807739,0.8779329657554626,1.0,True,0.05240123385229797,0.001421183979343547
nips34,nips34_Q8_S96,6,66,65,True,5.0731667714549014e-11,3.3413509974093123e-09,3.2906193296947634e-09,0.09149229526519775,30,24,688,same_query_concept_slot,111,8,33,0.29659515619277954,0.18439027667045593,0.0,0.0,0.0,0.4171715974807739,0.8779329657554626,1.0,True,0.05240123385229797,0.001421183979343547
nips34,nips34_Q8_S96,6,67,66,True,4.7937507041838705e-11,3.40155883655144e-09,3.353621329509601e-09,0.09149229526519775,30,24,688,same_query_concept_slot,111,8,56,0.29659515619277954,0.18439027667045593,0.0,0.0,0.0,0.4171715974807739,0.8779329657554626,1.0,True,0.05240123385229797,0.001421183979343547
nips34,nips34_Q8_S96,6,68,67,True,4.770428041468023e-11,2.8349189863724257e-09,2.7872147059577454e-09,0.09149229526519775,30,24,688,same_query_concept_slot,111,8,17,0.29659515619277954,0.18439027667045593,0.0,0.0,0.0,0.4171715974807739,0.8779329657554626,1.0,True,0.05240123385229797,0.001421183979343547
nips34,nips34_Q8_S96,6,69,68,True,4.4838218924969306e-11,2.908536321345793e-09,2.863698102420824e-09,0.09149229526519775,30,24,688,same_query_concept_slot,111,8,46,0.29659515619277954,0.18439027667045593,0.0,0.0,0.0,0.4171715974807739,0.8779329657554626,1.0,True,0.05240123385229797,0.001421183979343547
nips34,nips34_Q8_S96,6,70,69,True,4.155876243197358e-11,2.992992097651718e-09,2.9514333352197443e-09,0.09149229526519775,30,24,688,same_query_concept_slot,111,8,23,0.29659515619277954,0.18439027667045593,0.0,0.0,0.0,0.4171715974807739,0.8779329657554626,1.0,True,0.05240123385229797,0.001421183979343547
nips34,nips34_Q8_S96,6,71,70,True,2.1944123103583013e-11,1.0094477547804418e-09,9.875036316768587e-10,0.09149229526519775,30,24,688,same_query_concept_slot,111,8,61,0.29659515619277954,0.18439027667045593,0.0,0.0,0.0,0.4171715974807739,0.8779329657554626,1.0,True,0.05240123385229797,0.001421183979343547
nips34,nips34_Q8_S96,6,72,71,True,2.570434475292858e-12,3.0622045117213063e-09,3.0596340772460135e-09,0.09149229526519775,30,24,688,same_query_concept_slot,111,8,9,0.29659515619277954,0.18439027667045593,0.0,0.0,0.0,0.4171715974807739,0.8779329657554626,1.0,True,0.05240123385229797,0.001421183979343547
nips34,nips34_Q8_S96,6,73,72,True,0.14567112592091402,0.19433508951365633,0.048663963592742304,0.09149229526519775,30,24,688,same_query_concept_slot,111,8,58,0.29659515619277954,0.18439027667045593,0.19373568892478943,0.1636943221092224,19.0,0.4171715974807739,0.8779329657554626,1.0,True,0.05240123385229797,0.001421183979343547
nips34,nips34_Q8_S96,6,74,73,True,0.0322858795647466,0.020409256364776463,-0.011876623199970137,0.09149229526519775,30,24,688,same_query_concept_slot,111,8,59,0.29659515619277954,0.18439027667045593,0.3436371088027954,0.4216209053993225,6.0,0.4171715974807739,0.8779329657554626,1.0,True,0.05240123385229797,0.001421183979343547
nips34,nips34_Q8_S96,6,75,74,True,0.027342406412355722,0.018620653210172904,-0.008721753202182818,0.09149229526519775,30,24,688,same_query_concept_slot,111,8,57,0.29659515619277954,0.18439027667045593,0.0,0.0,0.0,0.4171715974807739,0.8779329657554626,1.0,True,0.05240123385229797,0.001421183979343547
nips34,nips34_Q8_S96,6,76,75,True,0.019330346518178155,0.0074554347031188135,-0.011874911815059341,0.09149229526519775,30,24,688,same_query_concept_slot,111,8,35,0.29659515619277954,0.18439027667045593,0.0,0.0,0.0,0.4171715974807739,0.8779329657554626,1.0,True,0.05240123385229797,0.001421183979343547
nips34,nips34_Q8_S96,6,77,76,True,0.012499999902597238,0.00446236229876124,-0.008037637603835999,0.09149229526519775,30,24,688,same_query_concept_slot,111,8,8,0.29659515619277954,0.18439027667045593,0.29659515619277954,0.18439027667045593,25.0,0.4171715974807739,0.8779329657554626,1.0,True,0.05240123385229797,0.001421183979343547
nips34,nips34_Q8_S96,6,78,77,True,0.006770922648733532,0.002442458661851592,-0.00432846398688194,0.09149229526519775,30,24,688,same_query_concept_slot,111,8,1,0.29659515619277954,0.18439027667045593,0.24137696623802185,0.13416752219200134,25.0,0.4171715974807739,0.8779329657554626,1.0,True,0.05240123385229797,0.001421183979343547
nips34,nips34_Q8_S96,6,79,78,True,0.004987192227018919,0.001870803199021954,-0.0031163890279969648,0.09149229526519775,30,24,688,same_query_concept_slot,111,8,2,0.29659515619277954,0.18439027667045593,0.0,0.0,0.0,0.4171715974807739,0.8779329657554626,1.0,True,0.05240123385229797,0.001421183979343547
nips34,nips34_Q8_S96,6,80,79,True,0.001111899826588595,0.0004037918435209242,-0.0007081079830676708,0.09149229526519775,30,24,688,same_query_concept_slot,111,8,0,0.29659515619277954,0.18439027667045593,0.8338199853897095,0.6537494659423828,46.0,0.4171715974807739,0.8779329657554626,1.0,True,0.05240123385229797,0.001421183979343547
nips34,nips34_Q8_S96,6,81,80,True,1.1495410229300149e-07,4.717813373491941e-08,-6.777596855808208e-08,0.09149229526519775,30,24,688,same_query_concept_slot,111,8,20,0.29659515619277954,0.18439027667045593,0.0,0.0,0.0,0.4171715974807739,0.8779329657554626,1.0,True,0.05240123385229797,0.001421183979343547
nips34,nips34_Q8_S96,6,82,81,True,2.8460516852408996e-08,2.7678128430311907e-08,-7.823884220970892e-10,0.09149229526519775,30,24,688,same_query_concept_slot,111,8,14,0.29659515619277954,0.18439027667045593,0.0,0.0,0.0,0.4171715974807739,0.8779329657554626,1.0,True,0.05240123385229797,0.001421183979343547
nips34,nips34_Q8_S96,6,83,82,True,2.6660230750879765e-08,1.2874398527637062e-08,-1.3785832223242703e-08,0.09149229526519775,30,24,688,same_query_concept_slot,111,8,4,0.29659515619277954,0.18439027667045593,0.0,0.0,0.0,0.4171715974807739,0.8779329657554626,1.0,True,0.05240123385229797,0.001421183979343547
nips34,nips34_Q8_S96,6,84,83,True,1.3455995123650505e-08,1.3827289633762386e-08,3.7129451011188103e-10,0.09149229526519775,30,24,688,same_query_concept_slot,111,8,54,0.29659515619277954,0.18439027667045593,0.0,0.0,0.0,0.4171715974807739,0.8779329657554626,1.0,True,0.05240123385229797,0.001421183979343547
nips34,nips34_Q8_S96,6,85,84,True,6.245349429104457e-09,6.663562637916611e-09,4.1821320881215373e-10,0.09149229526519775,30,24,688,same_query_concept_slot,111,8,38,0.29659515619277954,0.18439027667045593,0.0,0.0,0.0,0.4171715974807739,0.8779329657554626,1.0,True,0.05240123385229797,0.001421183979343547
nips34,nips34_Q8_S96,6,86,85,True,6.0697556713361385e-09,7.770859566600244e-09,1.7011038952641055e-09,0.09149229526519775,30,24,688,same_query_concept_slot,111,8,16,0.29659515619277954,0.18439027667045593,0.0,0.0,0.0,0.4171715974807739,0.8779329657554626,1.0,True,0.05240123385229797,0.001421183979343547
nips34,nips34_Q8_S96,6,87,86,True,5.698822173620832e-09,7.686026980597086e-09,1.987204806976254e-09,0.09149229526519775,30,24,688,same_query_concept_slot,111,8,74,0.29659515619277954,0.18439027667045593,0.0,0.0,0.0,0.4171715974807739,0.8779329657554626,1.0,True,0.05240123385229797,0.001421183979343547
nips34,nips34_Q8_S96,6,88,87,True,5.2922975910789846e-09,6.5140941992284695e-09,1.221796608149485e-09,0.09149229526519775,30,24,688,same_query_concept_slot,111,8,45,0.29659515619277954,0.18439027667045593,0.0,0.0,0.0,0.4171715974807739,0.8779329657554626,1.0,True,0.05240123385229797,0.001421183979343547
nips34,nips34_Q8_S96,6,89,88,True,5.117929075412838e-09,3.2101357355986368e-09,-1.907793339814201e-09,0.09149229526519775,30,24,688,same_query_concept_slot,111,8,60,0.29659515619277954,0.18439027667045593,0.0,0.0,0.0,0.4171715974807739,0.8779329657554626,1.0,True,0.05240123385229797,0.001421183979343547
nips34,nips34_Q8_S96,6,90,89,True,3.3848034717435533e-09,4.6202859644280295e-09,1.2354824926844762e-09,0.09149229526519775,30,24,688,same_query_concept_slot,111,8,33,0.29659515619277954,0.18439027667045593,0.0,0.0,0.0,0.4171715974807739,0.8779329657554626,1.0,True,0.05240123385229797,0.001421183979343547
nips34,nips34_Q8_S96,6,91,90,True,3.2349191479730456e-09,4.48890972027764e-09,1.2539905723045947e-09,0.09149229526519775,30,24,688,same_query_concept_slot,111,8,56,0.29659515619277954,0.18439027667045593,0.0,0.0,0.0,0.4171715974807739,0.8779329657554626,1.0,True,0.05240123385229797,0.001421183979343547
nips34,nips34_Q8_S96,6,92,91,True,2.963375255657351e-09,3.472182788184559e-09,5.08807532527208e-10,0.09149229526519775,30,24,688,same_query_concept_slot,111,8,17,0.29659515619277954,0.18439027667045593,0.0,0.0,0.0,0.4171715974807739,0.8779329657554626,1.0,True,0.05240123385229797,0.001421183979343547
nips34,nips34_Q8_S96,6,93,92,True,2.5126344878509866e-09,3.097195633081471e-09,5.845611452304843e-10,0.09149229526519775,30,24,688,same_query_concept_slot,111,8,23,0.29659515619277954,0.18439027667045593,0.0,0.0,0.0,0.4171715974807739,0.8779329657554626,1.0,True,0.05240123385229797,0.001421183979343547
nips34,nips34_Q8_S96,6,94,93,True,2.312095351553066e-09,3.000399505724612e-09,6.883041541715461e-10,0.09149229526519775,30,24,688,same_query_concept_slot,111,8,46,0.29659515619277954,0.18439027667045593,0.0,0.0,0.0,0.4171715974807739,0.8779329657554626,1.0,True,0.05240123385229797,0.001421183979343547
nips34,nips34_Q8_S96,6,95,94,True,1.4303130577307313e-09,1.03150932972632e-09,-3.9880372800441124e-10,0.09149229526519775,30,24,688,same_query_concept_slot,111,8,61,0.29659515619277954,0.18439027667045593,0.0,0.0,0.0,0.4171715974807739,0.8779329657554626,1.0,True,0.05240123385229797,0.001421183979343547
nips34,nips34_Q8_S96,6,96,95,True,3.551683033678192e-10,2.178376383645396e-09,1.8232080802775767e-09,0.09149229526519775,30,24,688,same_query_concept_slot,111,8,18,0.29659515619277954,0.18439027667045593,1.2843866348266602,1.2498303651809692,21.0,0.4171715974807739,0.8779329657554626,1.0,True,0.05240123385229797,0.001421183979343547
nips34,nips34_Q8_S96,7,1,0,True,0.15718198955987822,0.20182098591576197,0.04463899635588375,0.09149229526519775,30,24,691,same_query_concept_slot,500,8,58,0.29659515619277954,0.18439027667045593,0.19373568892478943,0.1636943221092224,19.0,0.19942757487297058,0.29016008973121643,0.0,True,0.05240123385229797,0.001421183979343547
nips34,nips34_Q8_S96,7,2,1,True,0.03108218241727504,0.01853998949876757,-0.012542192918507472,0.09149229526519775,30,24,691,same_query_concept_slot,500,8,59,0.29659515619277954,0.18439027667045593,0.3436371088027954,0.4216209053993225,6.0,0.19942757487297058,0.29016008973121643,0.0,True,0.05240123385229797,0.001421183979343547
nips34,nips34_Q8_S96,7,3,2,True,0.02639481179122069,0.01692854811350072,-0.00946626367771997,0.09149229526519775,30,24,691,same_query_concept_slot,500,8,57,0.29659515619277954,0.18439027667045593,0.0,0.0,0.0,0.19942757487297058,0.29016008973121643,0.0,True,0.05240123385229797,0.001421183979343547
nips34,nips34_Q8_S96,7,4,3,True,0.01483860298845007,0.005535612387771818,-0.00930299060067825,0.09149229526519775,30,24,691,same_query_concept_slot,500,8,35,0.29659515619277954,0.18439027667045593,0.0,0.0,0.0,0.19942757487297058,0.29016008973121643,0.0,True,0.05240123385229797,0.001421183979343547
nips34,nips34_Q8_S96,7,5,4,True,0.012499999902597238,0.0043284888686613045,-0.008171511033935933,0.09149229526519775,30,24,691,same_query_concept_slot,500,8,8,0.29659515619277954,0.18439027667045593,0.29659515619277954,0.18439027667045593,25.0,0.19942757487297058,0.29016008973121643,0.0,True,0.05240123385229797,0.001421183979343547
nips34,nips34_Q8_S96,7,6,5,True,0.003862768091146436,0.0013513654799225856,-0.0025114026112238504,0.09149229526519775,30,24,691,same_query_concept_slot,500,8,1,0.29659515619277954,0.18439027667045593,0.24137696623802185,0.13416752219200134,25.0,0.19942757487297058,0.29016008973121643,0.0,True,0.05240123385229797,0.001421183979343547
nips34,nips34_Q8_S96,7,7,6,True,0.003336506820004334,0.001212154058033018,-0.002124352761971316,0.09149229526519775,30,24,691,same_query_concept_slot,500,8,2,0.29659515619277954,0.18439027667045593,0.0,0.0,0.0,0.19942757487297058,0.29016008973121643,0.0,True,0.05240123385229797,0.001421183979343547
nips34,nips34_Q8_S96,7,8,7,True,0.0008031240249335863,0.0002828073067647427,-0.0005203167181688437,0.09149229526519775,30,24,691,same_query_concept_slot,500,8,0,0.29659515619277954,0.18439027667045593,0.8338199853897095,0.6537494659423828,46.0,0.19942757487297058,0.29016008973121643,0.0,True,0.05240123385229797,0.001421183979343547
nips34,nips34_Q8_S96,7,9,8,True,2.955442268237221e-09,1.1693697204757695e-09,-1.7860725477614514e-09,0.09149229526519775,30,24,691,same_query_concept_slot,500,8,20,0.29659515619277954,0.18439027667045593,0.0,0.0,0.0,0.19942757487297058,0.29016008973121643,0.0,True,0.05240123385229797,0.001421183979343547
nips34,nips34_Q8_S96,7,10,9,True,8.576860138426963e-10,2.2951680719069387e-09,1.4374820580642424e-09,0.09149229526519775,30,24,691,same_query_concept_slot,500,8,14,0.29659515619277954,0.18439027667045593,0.0,0.0,0.0,0.19942757487297058,0.29016008973121643,0.0,True,0.05240123385229797,0.001421183979343547
nips34,nips34_Q8_S96,7,11,10,True,5.533604004893691e-10,1.1530907421947095e-09,5.997303417053404e-10,0.09149229526519775,30,24,691,same_query_concept_slot,500,8,4,0.29659515619277954,0.18439027667045593,0.0,0.0,0.0,0.19942757487297058,0.29016008973121643,0.0,True,0.05240123385229797,0.001421183979343547
nips34,nips34_Q8_S96,7,12,11,True,2.714637064595607e-10,2.4306254959248274e-09,2.1591617894652667e-09,0.09149229526519775,30,24,691,same_query_concept_slot,500,8,54,0.29659515619277954,0.18439027667045593,0.0,0.0,0.0,0.19942757487297058,0.29016008973121643,0.0,True,0.05240123385229797,0.001421183979343547
nips34,nips34_Q8_S96,7,13,12,True,1.285398980284074e-10,2.9430824653145287e-09,2.814542567286121e-09,0.09149229526519775,30,24,691,same_query_concept_slot,500,8,45,0.29659515619277954,0.18439027667045593,0.0,0.0,0.0,0.19942757487297058,0.29016008973121643,0.0,True,0.05240123385229797,0.001421183979343547
nips34,nips34_Q8_S96,7,14,13,True,1.0770784020054451e-10,3.2481590981051875e-09,3.140451257904643e-09,0.09149229526519775,30,24,691,same_query_concept_slot,500,8,74,0.29659515619277954,0.18439027667045593,0.0,0.0,0.0,0.19942757487297058,0.29016008973121643,0.0,True,0.05240123385229797,0.001421183979343547
nips34,nips34_Q8_S96,7,15,14,True,9.297915698421926e-11,1.4799905850461674e-09,1.3870114280619482e-09,0.09149229526519775,30,24,691,same_query_concept_slot,500,8,60,0.29659515619277954,0.18439027667045593,0.0,0.0,0.0,0.19942757487297058,0.29016008973121643,0.0,True,0.05240123385229797,0.001421183979343547
nips34,nips34_Q8_S96,7,16,15,True,9.279507507201995e-11,2.5283713080636937e-09,2.4355762329916736e-09,0.09149229526519775,30,24,691,same_query_concept_slot,500,8,38,0.29659515619277954,0.18439027667045593,0.0,0.0,0.0,0.19942757487297058,0.29016008973121643,0.0,True,0.05240123385229797,0.001421183979343547
nips34,nips34_Q8_S96,7,17,16,True,8.998090956863865e-11,3.070336895434428e-09,2.9803559858657893e-09,0.09149229526519775,30,24,691,same_query_concept_slot,500,8,16,0.29659515619277954,0.18439027667045593,0.0,0.0,0.0,0.19942757487297058,0.29016008973121643,0.0,True,0.05240123385229797,0.001421183979343547
nips34,nips34_Q8_S96,7,18,17,True,5.1451987335473234e-11,3.2907503622566897e-09,3.2392983749212165e-09,0.09149229526519775,30,24,691,same_query_concept_slot,500,8,33,0.29659515619277954,0.18439027667045593,0.0,0.0,0.0,0.19942757487297058,0.29016008973121643,0.0,True,0.05240123385229797,0.001421183979343547
nips34,nips34_Q8_S96,7,19,18,True,4.846455418579645e-11,3.3500462641999156e-09,3.301581710014119e-09,0.09149229526519775,30,24,691,same_query_concept_slot,500,8,56,0.29659515619277954,0.18439027667045593,0.0,0.0,0.0,0.19942757487297058,0.29016008973121643,0.0,True,0.05240123385229797,0.001421183979343547
nips34,nips34_Q8_S96,7,20,19,True,4.816753483898007e-11,2.791987549883763e-09,2.743820015044783e-09,0.09149229526519775,30,24,691,same_query_concept_slot,500,8,17,0.29659515619277954,0.18439027667045593,0.0,0.0,0.0,0.19942757487297058,0.29016008973121643,0.0,True,0.05240123385229797,0.001421183979343547
nips34,nips34_Q8_S96,7,21,20,True,4.6921968717025316e-11,2.8644897768432796e-09,2.817567808126254e-09,0.09149229526519775,30,24,691,same_query_concept_slot,500,8,46,0.29659515619277954,0.18439027667045593,0.0,0.0,0.0,0.19942757487297058,0.29016008973121643,0.0,True,0.05240123385229797,0.001421183979343547
nips34,nips34_Q8_S96,7,22,21,True,4.259218575541842e-11,2.9476665762157547e-09,2.905074390460336e-09,0.09149229526519775,30,24,691,same_query_concept_slot,500,8,23,0.29659515619277954,0.18439027667045593,0.0,0.0,0.0,0.19942757487297058,0.29016008973121643,0.0,True,0.05240123385229797,0.001421183979343547
nips34,nips34_Q8_S96,7,23,22,True,2.2401779575352917e-11,9.94160871801231e-10,9.717590922258781e-10,0.09149229526519775,30,24,691,same_query_concept_slot,500,8,61,0.29659515619277954,0.18439027667045593,0.0,0.0,0.0,0.19942757487297058,0.29016008973121643,0.0,True,0.05240123385229797,0.001421183979343547
nips34,nips34_Q8_S96,7,24,23,True,2.603939791109263e-12,3.0158309397426554e-09,3.013226999951546e-09,0.09149229526519775,30,24,691,same_query_concept_slot,500,8,9,0.29659515619277954,0.18439027667045593,0.0,0.0,0.0,0.19942757487297058,0.29016008973121643,0.0,True,0.05240123385229797,0.001421183979343547
nips34,nips34_Q8_S96,7,25,24,True,0.14221867596225923,0.19144867496526877,0.049229999003009534,0.09149229526519775,30,24,691,same_query_concept_slot,500,8,58,0.29659515619277954,0.18439027667045593,0.19373568892478943,0.1636943221092224,19.0,0.19942757487297058,0.29016008973121643,0.0,True,0.05240123385229797,0.001421183979343547
nips34,nips34_Q8_S96,7,26,25,True,0.033738046118906365,0.021520503018117282,-0.012217543100789083,0.09149229526519775,30,24,691,same_query_concept_slot,500,8,59,0.29659515619277954,0.18439027667045593,0.3436371088027954,0.4216209053993225,6.0,0.19942757487297058,0.29016008973121643,0.0,True,0.05240123385229797,0.001421183979343547
nips34,nips34_Q8_S96,7,27,26,True,0.029607110916234976,0.020345678697446343,-0.009261432218788633,0.09149229526519775,30,24,691,same_query_concept_slot,500,8,57,0.29659515619277954,0.18439027667045593,0.0,0.0,0.0,0.19942757487297058,0.29016008973121643,0.0,True,0.05240123385229797,0.001421183979343547
nips34,nips34_Q8_S96,7,28,27,True,0.019229040976100748,0.00748357228660417,-0.011745468689496578,0.09149229526519775,30,24,691,same_query_concept_slot,500,8,35,0.29659515619277954,0.18439027667045593,0.0,0.0,0.0,0.19942757487297058,0.29016008973121643,0.0,True,0.05240123385229797,0.001421183979343547
nips34,nips34_Q8_S96,7,29,28,True,0.012500000833919792,0.00450280218788333,-0.007997198646036461,0.09149229526519775,30,24,691,same_query_concept_slot,500,8,8,0.29659515619277954,0.18439027667045593,0.29659515619277954,0.18439027667045593,25.0,0.19942757487297058,0.29016008973121643,0.0,True,0.05240123385229797,0.001421183979343547
nips34,nips34_Q8_S96,7,30,29,True,0.0067345000206507355,0.002451335330203923,-0.0042831646904468125,0.09149229526519775,30,24,691,same_query_concept_slot,500,8,1,0.29659515619277954,0.18439027667045593,0.24137696623802185,0.13416752219200134,25.0,0.19942757487297058,0.29016008973121643,0.0,True,0.05240123385229797,0.001421183979343547
nips34,nips34_Q8_S96,7,31,30,True,0.004862261825727368,0.0018404688583981256,-0.0030217929673292425,0.09149229526519775,30,24,691,same_query_concept_slot,500,8,2,0.29659515619277954,0.18439027667045593,0.0,0.0,0.0,0.19942757487297058,0.29016008973121643,0.0,True,0.05240123385229797,0.001421183979343547
nips34,nips34_Q8_S96,7,32,31,True,0.0011101613966272043,0.00040681421812765496,-0.0007033471784995493,0.09149229526519775,30,24,691,same_query_concept_slot,500,8,0,0.29659515619277954,0.18439027667045593,0.8338199853897095,0.6537494659423828,46.0,0.19942757487297058,0.29016008973121643,0.0,True,0.05240123385229797,0.001421183979343547
nips34,nips34_Q8_S96,7,33,32,True,1.0455199846206271e-07,4.329783851110003e-08,-6.125415995096268e-08,0.09149229526519775,30,24,691,same_query_concept_slot,500,8,20,0.29659515619277954,0.18439027667045593,0.0,0.0,0.0,0.19942757487297058,0.29016008973121643,0.0,True,0.05240123385229797,0.001421183979343547
nips34,nips34_Q8_S96,7,34,33,True,2.6641198864134328e-08,2.614361723462994e-08,-4.975816295043888e-10,0.09149229526519775,30,24,691,same_query_concept_slot,500,8,14,0.29659515619277954,0.18439027667045593,0.0,0.0,0.0,0.19942757487297058,0.29016008973121643,0.0,True,0.05240123385229797,0.001421183979343547
nips34,nips34_Q8_S96,7,35,34,True,2.4866787175740624e-08,1.2117178457831524e-08,-1.27496087179091e-08,0.09149229526519775,30,24,691,same_query_concept_slot,500,8,4,0.29659515619277954,0.18439027667045593,0.0,0.0,0.0,0.19942757487297058,0.29016008973121643,0.0,True,0.05240123385229797,0.001421183979343547
nips34,nips34_Q8_S96,7,36,35,True,1.2852384642428165e-08,1.3326734477325777e-08,4.743498348976123e-10,0.09149229526519775,30,24,691,same_query_concept_slot,500,8,54,0.29659515619277954,0.18439027667045593,0.0,0.0,0.0,0.19942757487297058,0.29016008973121643,0.0,True,0.05240123385229797,0.001421183979343547
nips34,nips34_Q8_S96,7,37,36,True,6.119820067272455e-09,6.5888117652270524e-09,4.689916979545972e-10,0.09149229526519775,30,24,691,same_query_concept_slot,500,8,38,0.29659515619277954,0.18439027667045593,0.0,0.0,0.0,0.19942757487297058,0.29016008973121643,0.0,True,0.05240123385229797,0.001421183979343547
nips34,nips34_Q8_S96,7,38,37,True,5.738444700202905e-09,7.413286481806653e-09,1.6748417816037482e-09,0.09149229526519775,30,24,691,same_query_concept_slot,500,8,16,0.29659515619277954,0.18439027667045593,0.0,0.0,0.0,0.19942757487297058,0.29016008973121643,0.0,True,0.05240123385229797,0.001421183979343547
nips34,nips34_Q8_S96,7,39,38,True,5.503933628300813e-09,7.4904651902237e-09,1.9865315619228873e-09,0.09149229526519775,30,24,691,same_query_concept_slot,500,8,74,0.29659515619277954,0.18439027667045593,0.0,0.0,0.0,0.19942757487297058,0.29016008973121643,0.0,True,0.05240123385229797,0.001421183979343547
nips34,nips34_Q8_S96,7,40,39,True,5.077933069813756e-09,6.306894162849906e-09,1.2289610930361499e-09,0.09149229526519775,30,24,691,same_query_concept_slot,500,8,45,0.29659515619277954,0.18439027667045593,0.0,0.0,0.0,0.19942757487297058,0.29016008973121643,0.0,True,0.05240123385229797,0.001421183979343547
nips34,nips34_Q8_S96,7,41,40,True,4.814058820022727e-09,3.0469074146901964e-09,-1.7671514053325307e-09,0.09149229526519775,30,24,691,same_query_concept_slot,500,8,60,0.29659515619277954,0.18439027667045593,0.0,0.0,0.0,0.19942757487297058,0.29016008973121643,0.0,True,0.05240123385229797,0.001421183979343547
nips34,nips34_Q8_S96,7,42,41,True,3.2663511153991205e-09,4.499010973516612e-09,1.2326598581174916e-09,0.09149229526519775,30,24,691,same_query_concept_slot,500,8,33,0.29659515619277954,0.18439027667045593,0.0,0.0,0.0,0.19942757487297058,0.29016008973121643,0.0,True,0.05240123385229797,0.001421183979343547
nips34,nips34_Q8_S96,7,43,42,True,3.1284774060810517e-09,4.380555949107765e-09,1.2520785430267136e-09,0.09149229526519775,30,24,691,same_query_concept_slot,500,8,56,0.29659515619277954,0.18439027667045593,0.0,0.0,0.0,0.19942757487297058,0.29016008973121643,0.0,True,0.05240123385229797,0.001421183979343547
nips34,nips34_Q8_S96,7,44,43,True,2.8462194177316536e-09,3.365139524282257e-09,5.189201065506035e-10,0.09149229526519775,30,24,691,same_query_concept_slot,500,8,17,0.29659515619277954,0.18439027667045593,0.0,0.0,0.0,0.19942757487297058,0.29016008973121643,0.0,True,0.05240123385229797,0.001421183979343547
nips34,nips34_Q8_S96,7,45,44,True,2.4032619792850963e-09,3.1095515272548604e-09,7.062895479697641e-10,0.09149229526519775,30,24,691,same_query_concept_slot,500,8,23,0.29659515619277954,0.18439027667045593,0.0,0.0,0.0,0.19942757487297058,0.29016008973121643,0.0,True,0.05240123385229797,0.001421183979343547
nips34,nips34_Q8_S96,7,46,45,True,2.2438195236678923e-09,3.0275935307274724e-09,7.837740070595801e-10,0.09149229526519775,30,24,691,same_query_concept_slot,500,8,46,0.29659515619277954,0.18439027667045593,0.0,0.0,0.0,0.19942757487297058,0.29016008973121643,0.0,True,0.05240123385229797,0.001421183979343547
nips34,nips34_Q8_S96,7,47,46,True,1.3699224776767125e-09,1.0408584068607677e-09,-3.2906407081594485e-10,0.09149229526519775,30,24,691,same_query_concept_slot,500,8,61,0.29659515619277954,0.18439027667045593,0.0,0.0,0.0,0.19942757487297058,0.29016008973121643,0.0,True,0.05240123385229797,0.001421183979343547
nips34,nips34_Q8_S96,7,48,47,True,3.460160412941394e-10,2.198119701877094e-09,1.8521036605829543e-09,0.09149229526519775,30,24,691,same_query_concept_slot,500,8,18,0.29659515619277954,0.18439027667045593,1.2843866348266602,1.2498303651809692,21.0,0.19942757487297058,0.29016008973121643,0.0,True,0.05240123385229797,0.001421183979343547
nips34,nips34_Q8_S96,7,49,48,True,0.15130154445139732,0.19725768408167946,0.04595613963028214,0.09149229526519775,30,24,691,same_query_concept_slot,500,8,58,0.29659515619277954,0.18439027667045593,0.19373568892478943,0.1636943221092224,19.0,0.19942757487297058,0.29016008973121643,0.0,True,0.05240123385229797,0.001421183979343547
nips34,nips34_Q8_S96,7,50,49,True,0.033110059046384595,0.020053258308101993,-0.013056800738282602,0.09149229526519775,30,24,691,same_query_concept_slot,500,8,59,0.29659515619277954,0.18439027667045593,0.3436371088027954,0.4216209053993225,6.0,0.19942757487297058,0.29016008973121643,0.0,True,0.05240123385229797,0.001421183979343547
nips34,nips34_Q8_S96,7,51,50,True,0.03054910642617848,0.01989420517503468,-0.010654901251143802,0.09149229526519775,30,24,691,same_query_concept_slot,500,8,57,0.29659515619277954,0.18439027667045593,0.0,0.0,0.0,0.19942757487297058,0.29016008973121643,0.0,True,0.05240123385229797,0.001421183979343547
nips34,nips34_Q8_S96,7,52,51,True,0.01476951282482011,0.005594558587905494,-0.009174954236914615,0.09149229526519775,30,24,691,same_query_concept_slot,500,8,35,0.29659515619277954,0.18439027667045593,0.0,0.0,0.0,0.19942757487297058,0.29016008973121643,0.0,True,0.05240123385229797,0.001421183979343547
nips34,nips34_Q8_S96,7,53,52,True,0.012499999902597238,0.004395044439944904,-0.008104955462652334,0.09149229526519775,30,24,691,same_query_concept_slot,500,8,8,0.29659515619277954,0.18439027667045593,0.29659515619277954,0.18439027667045593,25.0,0.19942757487297058,0.29016008973121643,0.0,True,0.05240123385229797,0.001421183979343547
nips34,nips34_Q8_S96,7,54,53,True,0.003806038906107548,0.0013519923764350747,-0.002454046529672473,0.09149229526519775,30,24,691,same_query_concept_slot,500,8,1,0.29659515619277954,0.18439027667045593,0.24137696623802185,0.13416752219200134,25.0,0.19942757487297058,0.29016008973121643,0.0,True,0.05240123385229797,0.001421183979343547
nips34,nips34_Q8_S96,7,55,54,True,0.0031749435445635383,0.0011711939088339892,-0.002003749635729549,0.09149229526519775,30,24,691,same_query_concept_slot,500,8,2,0.29659515619277954,0.18439027667045593,0.0,0.0,0.0,0.19942757487297058,0.29016008973121643,0.0,True,0.05240123385229797,0.001421183979343547
nips34,nips34_Q8_S96,7,56,55,True,0.0007887878858295612,0.00028202985613623183,-0.0005067580296933293,0.09149229526519775,30,24,691,same_query_concept_slot,500,8,0,0.29659515619277954,0.18439027667045593,0.8338199853897095,0.6537494659423828,46.0,0.19942757487297058,0.29016008973121643,0.0,True,0.05240123385229797,0.001421183979343547
nips34,nips34_Q8_S96,7,57,56,True,2.659256088270768e-09,1.0683571880860514e-09,-1.5908989001847167e-09,0.09149229526519775,30,24,691,same_query_concept_slot,500,8,20,0.29659515619277954,0.18439027667045593,0.0,0.0,0.0,0.19942757487297058,0.29016008973121643,0.0,True,0.05240123385229797,0.001421183979343547
nips34,nips34_Q8_S96,7,58,57,True,8.119791876679945e-10,2.330460063708913e-09,1.5184808760409185e-09,0.09149229526519775,30,24,691,same_query_concept_slot,500,8,14,0.29659515619277954,0.18439027667045593,0.0,0.0,0.0,0.19942757487297058,0.29016008973121643,0.0,True,0.05240123385229797,0.001421183979343547
nips34,nips34_Q8_S96,7,59,58,True,5.1359376696197e-10,1.170821337090774e-09,6.572275701288041e-10,0.09149229526519775,30,24,691,same_query_concept_slot,500,8,4,0.29659515619277954,0.18439027667045593,0.0,0.0,0.0,0.19942757487297058,0.29016008973121643,0.0,True,0.05240123385229797,0.001421183979343547
nips34,nips34_Q8_S96,7,60,59,True,2.651722947663883e-10,2.4680002661357872e-09,2.202827971369399e-09,0.09149229526519775,30,24,691,same_query_concept_slot,500,8,54,0.29659515619277954,0.18439027667045593,0.0,0.0,0.0,0.19942757487297058,0.29016008973121643,0.0,True,0.05240123385229797,0.001421183979343547
nips34,nips34_Q8_S96,7,61,60,True,1.2793456281575547e-10,2.9883369324764115e-09,2.860402369660656e-09,0.09149229526519775,30,24,691,same_query_concept_slot,500,8,45,0.29659515619277954,0.18439027667045593,0.0,0.0,0.0,0.19942757487297058,0.29016008973121643,0.0,True,0.05240123385229797,0.001421183979343547
nips34,nips34_Q8_S96,7,62,61,True,1.0775966679793668e-10,3.2981049237132365e-09,3.1903452569153e-09,0.09149229526519775,30,24,691,same_query_concept_slot,500,8,74,0.29659515619277954,0.18439027667045593,0.0,0.0,0.0,0.19942757487297058,0.29016008973121643,0.0,True,0.05240123385229797,0.001421183979343547
nips34,nips34_Q8_S96,7,63,62,True,9.686284193631438e-11,2.5672493202606695e-09,2.4703864783243552e-09,0.09149229526519775,30,24,691,same_query_concept_slot,500,8,38,0.29659515619277954,0.18439027667045593,0.0,0.0,0.0,0.19942757487297058,0.29016008973121643,0.0,True,0.05240123385229797,0.001421183979343547
nips34,nips34_Q8_S96,7,64,63,True,8.774410859721742e-11,1.5027478257442154e-09,1.415003717146998e-09,0.09149229526519775,30,24,691,same_query_concept_slot,500,8,60,0.29659515619277954,0.18439027667045593,0.0,0.0,0.0,0.19942757487297058,0.29016008973121643,0.0,True,0.05240123385229797,0.001421183979343547
nips34,nips34_Q8_S96,7,65,64,True,8.597463518072518e-11,3.1175484637580164e-09,3.031573828577291e-09,0.09149229526519775,30,24,691,same_query_concept_slot,500,8,16,0.29659515619277954,0.18439027667045593,0.0,0.0,0.0,0.19942757487297058,0.29016008973121643,0.0,True,0.05240123385229797,0.001421183979343547
nips34,nips34_Q8_S96,7,66,65,True,5.0731667714549014e-11,3.3413509974093123e-09,3.2906193296947634e-09,0.09149229526519775,30,24,691,same_query_concept_slot,500,8,33,0.29659515619277954,0.18439027667045593,0.0,0.0,0.0,0.19942757487297058,0.29016008973121643,0.0,True,0.05240123385229797,0.001421183979343547
nips34,nips34_Q8_S96,7,67,66,True,4.7937507041838705e-11,3.40155883655144e-09,3.353621329509601e-09,0.09149229526519775,30,24,691,same_query_concept_slot,500,8,56,0.29659515619277954,0.18439027667045593,0.0,0.0,0.0,0.19942757487297058,0.29016008973121643,0.0,True,0.05240123385229797,0.001421183979343547
nips34,nips34_Q8_S96,7,68,67,True,4.770428041468023e-11,2.8349189863724257e-09,2.7872147059577454e-09,0.09149229526519775,30,24,691,same_query_concept_slot,500,8,17,0.29659515619277954,0.18439027667045593,0.0,0.0,0.0,0.19942757487297058,0.29016008973121643,0.0,True,0.05240123385229797,0.001421183979343547
nips34,nips34_Q8_S96,7,69,68,True,4.4838218924969306e-11,2.908536321345793e-09,2.863698102420824e-09,0.09149229526519775,30,24,691,same_query_concept_slot,500,8,46,0.29659515619277954,0.18439027667045593,0.0,0.0,0.0,0.19942757487297058,0.29016008973121643,0.0,True,0.05240123385229797,0.001421183979343547
nips34,nips34_Q8_S96,7,70,69,True,4.155876243197358e-11,2.992992097651718e-09,2.9514333352197443e-09,0.09149229526519775,30,24,691,same_query_concept_slot,500,8,23,0.29659515619277954,0.18439027667045593,0.0,0.0,0.0,0.19942757487297058,0.29016008973121643,0.0,True,0.05240123385229797,0.001421183979343547
nips34,nips34_Q8_S96,7,71,70,True,2.1944123103583013e-11,1.0094477547804418e-09,9.875036316768587e-10,0.09149229526519775,30,24,691,same_query_concept_slot,500,8,61,0.29659515619277954,0.18439027667045593,0.0,0.0,0.0,0.19942757487297058,0.29016008973121643,0.0,True,0.05240123385229797,0.001421183979343547
nips34,nips34_Q8_S96,7,72,71,True,2.570434475292858e-12,3.0622045117213063e-09,3.0596340772460135e-09,0.09149229526519775,30,24,691,same_query_concept_slot,500,8,9,0.29659515619277954,0.18439027667045593,0.0,0.0,0.0,0.19942757487297058,0.29016008973121643,0.0,True,0.05240123385229797,0.001421183979343547
nips34,nips34_Q8_S96,7,73,72,True,0.14567112592091402,0.19433508951365633,0.048663963592742304,0.09149229526519775,30,24,691,same_query_concept_slot,500,8,58,0.29659515619277954,0.18439027667045593,0.19373568892478943,0.1636943221092224,19.0,0.19942757487297058,0.29016008973121643,0.0,True,0.05240123385229797,0.001421183979343547
nips34,nips34_Q8_S96,7,74,73,True,0.0322858795647466,0.020409256364776463,-0.011876623199970137,0.09149229526519775,30,24,691,same_query_concept_slot,500,8,59,0.29659515619277954,0.18439027667045593,0.3436371088027954,0.4216209053993225,6.0,0.19942757487297058,0.29016008973121643,0.0,True,0.05240123385229797,0.001421183979343547
nips34,nips34_Q8_S96,7,75,74,True,0.027342406412355722,0.018620653210172904,-0.008721753202182818,0.09149229526519775,30,24,691,same_query_concept_slot,500,8,57,0.29659515619277954,0.18439027667045593,0.0,0.0,0.0,0.19942757487297058,0.29016008973121643,0.0,True,0.05240123385229797,0.001421183979343547
nips34,nips34_Q8_S96,7,76,75,True,0.019330346518178155,0.0074554347031188135,-0.011874911815059341,0.09149229526519775,30,24,691,same_query_concept_slot,500,8,35,0.29659515619277954,0.18439027667045593,0.0,0.0,0.0,0.19942757487297058,0.29016008973121643,0.0,True,0.05240123385229797,0.001421183979343547
nips34,nips34_Q8_S96,7,77,76,True,0.012499999902597238,0.00446236229876124,-0.008037637603835999,0.09149229526519775,30,24,691,same_query_concept_slot,500,8,8,0.29659515619277954,0.18439027667045593,0.29659515619277954,0.18439027667045593,25.0,0.19942757487297058,0.29016008973121643,0.0,True,0.05240123385229797,0.001421183979343547
nips34,nips34_Q8_S96,7,78,77,True,0.006770922648733532,0.002442458661851592,-0.00432846398688194,0.09149229526519775,30,24,691,same_query_concept_slot,500,8,1,0.29659515619277954,0.18439027667045593,0.24137696623802185,0.13416752219200134,25.0,0.19942757487297058,0.29016008973121643,0.0,True,0.05240123385229797,0.001421183979343547
nips34,nips34_Q8_S96,7,79,78,True,0.004987192227018919,0.001870803199021954,-0.0031163890279969648,0.09149229526519775,30,24,691,same_query_concept_slot,500,8,2,0.29659515619277954,0.18439027667045593,0.0,0.0,0.0,0.19942757487297058,0.29016008973121643,0.0,True,0.05240123385229797,0.001421183979343547
nips34,nips34_Q8_S96,7,80,79,True,0.001111899826588595,0.0004037918435209242,-0.0007081079830676708,0.09149229526519775,30,24,691,same_query_concept_slot,500,8,0,0.29659515619277954,0.18439027667045593,0.8338199853897095,0.6537494659423828,46.0,0.19942757487297058,0.29016008973121643,0.0,True,0.05240123385229797,0.001421183979343547
nips34,nips34_Q8_S96,7,81,80,True,1.1495410229300149e-07,4.717813373491941e-08,-6.777596855808208e-08,0.09149229526519775,30,24,691,same_query_concept_slot,500,8,20,0.29659515619277954,0.18439027667045593,0.0,0.0,0.0,0.19942757487297058,0.29016008973121643,0.0,True,0.05240123385229797,0.001421183979343547
nips34,nips34_Q8_S96,7,82,81,True,2.8460516852408996e-08,2.7678128430311907e-08,-7.823884220970892e-10,0.09149229526519775,30,24,691,same_query_concept_slot,500,8,14,0.29659515619277954,0.18439027667045593,0.0,0.0,0.0,0.19942757487297058,0.29016008973121643,0.0,True,0.05240123385229797,0.001421183979343547
nips34,nips34_Q8_S96,7,83,82,True,2.6660230750879765e-08,1.2874398527637062e-08,-1.3785832223242703e-08,0.09149229526519775,30,24,691,same_query_concept_slot,500,8,4,0.29659515619277954,0.18439027667045593,0.0,0.0,0.0,0.19942757487297058,0.29016008973121643,0.0,True,0.05240123385229797,0.001421183979343547
nips34,nips34_Q8_S96,7,84,83,True,1.3455995123650505e-08,1.3827289633762386e-08,3.7129451011188103e-10,0.09149229526519775,30,24,691,same_query_concept_slot,500,8,54,0.29659515619277954,0.18439027667045593,0.0,0.0,0.0,0.19942757487297058,0.29016008973121643,0.0,True,0.05240123385229797,0.001421183979343547
nips34,nips34_Q8_S96,7,85,84,True,6.245349429104457e-09,6.663562637916611e-09,4.1821320881215373e-10,0.09149229526519775,30,24,691,same_query_concept_slot,500,8,38,0.29659515619277954,0.18439027667045593,0.0,0.0,0.0,0.19942757487297058,0.29016008973121643,0.0,True,0.05240123385229797,0.001421183979343547
nips34,nips34_Q8_S96,7,86,85,True,6.0697556713361385e-09,7.770859566600244e-09,1.7011038952641055e-09,0.09149229526519775,30,24,691,same_query_concept_slot,500,8,16,0.29659515619277954,0.18439027667045593,0.0,0.0,0.0,0.19942757487297058,0.29016008973121643,0.0,True,0.05240123385229797,0.001421183979343547
nips34,nips34_Q8_S96,7,87,86,True,5.698822173620832e-09,7.686026980597086e-09,1.987204806976254e-09,0.09149229526519775,30,24,691,same_query_concept_slot,500,8,74,0.29659515619277954,0.18439027667045593,0.0,0.0,0.0,0.19942757487297058,0.29016008973121643,0.0,True,0.05240123385229797,0.001421183979343547
nips34,nips34_Q8_S96,7,88,87,True,5.2922975910789846e-09,6.5140941992284695e-09,1.221796608149485e-09,0.09149229526519775,30,24,691,same_query_concept_slot,500,8,45,0.29659515619277954,0.18439027667045593,0.0,0.0,0.0,0.19942757487297058,0.29016008973121643,0.0,True,0.05240123385229797,0.001421183979343547
nips34,nips34_Q8_S96,7,89,88,True,5.117929075412838e-09,3.2101357355986368e-09,-1.907793339814201e-09,0.09149229526519775,30,24,691,same_query_concept_slot,500,8,60,0.29659515619277954,0.18439027667045593,0.0,0.0,0.0,0.19942757487297058,0.29016008973121643,0.0,True,0.05240123385229797,0.001421183979343547
nips34,nips34_Q8_S96,7,90,89,True,3.3848034717435533e-09,4.6202859644280295e-09,1.2354824926844762e-09,0.09149229526519775,30,24,691,same_query_concept_slot,500,8,33,0.29659515619277954,0.18439027667045593,0.0,0.0,0.0,0.19942757487297058,0.29016008973121643,0.0,True,0.05240123385229797,0.001421183979343547
nips34,nips34_Q8_S96,7,91,90,True,3.2349191479730456e-09,4.48890972027764e-09,1.2539905723045947e-09,0.09149229526519775,30,24,691,same_query_concept_slot,500,8,56,0.29659515619277954,0.18439027667045593,0.0,0.0,0.0,0.19942757487297058,0.29016008973121643,0.0,True,0.05240123385229797,0.001421183979343547
nips34,nips34_Q8_S96,7,92,91,True,2.963375255657351e-09,3.472182788184559e-09,5.08807532527208e-10,0.09149229526519775,30,24,691,same_query_concept_slot,500,8,17,0.29659515619277954,0.18439027667045593,0.0,0.0,0.0,0.19942757487297058,0.29016008973121643,0.0,True,0.05240123385229797,0.001421183979343547
nips34,nips34_Q8_S96,7,93,92,True,2.5126344878509866e-09,3.097195633081471e-09,5.845611452304843e-10,0.09149229526519775,30,24,691,same_query_concept_slot,500,8,23,0.29659515619277954,0.18439027667045593,0.0,0.0,0.0,0.19942757487297058,0.29016008973121643,0.0,True,0.05240123385229797,0.001421183979343547
nips34,nips34_Q8_S96,7,94,93,True,2.312095351553066e-09,3.000399505724612e-09,6.883041541715461e-10,0.09149229526519775,30,24,691,same_query_concept_slot,500,8,46,0.29659515619277954,0.18439027667045593,0.0,0.0,0.0,0.19942757487297058,0.29016008973121643,0.0,True,0.05240123385229797,0.001421183979343547
nips34,nips34_Q8_S96,7,95,94,True,1.4303130577307313e-09,1.03150932972632e-09,-3.9880372800441124e-10,0.09149229526519775,30,24,691,same_query_concept_slot,500,8,61,0.29659515619277954,0.18439027667045593,0.0,0.0,0.0,0.19942757487297058,0.29016008973121643,0.0,True,0.05240123385229797,0.001421183979343547
nips34,nips34_Q8_S96,7,96,95,True,3.551683033678192e-10,2.178376383645396e-09,1.8232080802775767e-09,0.09149229526519775,30,24,691,same_query_concept_slot,500,8,18,0.29659515619277954,0.18439027667045593,1.2843866348266602,1.2498303651809692,21.0,0.19942757487297058,0.29016008973121643,0.0,True,0.05240123385229797,0.001421183979343547
nips34,nips34_Q8_S96,8,1,0,True,0.15718198955987822,0.202105501420275,0.04492351186039678,0.08919420838356018,26,20,602,same_query_concept_slot,500,8,58,0.03520470857620239,-0.8492406606674194,0.15339085459709167,-0.4276432394981384,46.0,0.2106138914823532,0.13090954720973969,0.0,True,0.05240123385229797,0.001421183979343547
nips34,nips34_Q8_S96,8,2,1,True,0.03108218241727504,0.018910007005423612,-0.012172175411851428,0.08919420838356018,26,20,602,same_query_concept_slot,500,8,59,0.03520470857620239,-0.8492406606674194,-0.07362812757492065,-0.7352509498596191,36.0,0.2106138914823532,0.13090954720973969,0.0,True,0.05240123385229797,0.001421183979343547
nips34,nips34_Q8_S96,8,3,2,True,0.02639481179122069,0.01613808749222763,-0.010256724298993061,0.08919420838356018,26,20,602,same_query_concept_slot,500,8,57,0.03520470857620239,-0.8492406606674194,0.10000938177108765,-0.01391291618347168,10.0,0.2106138914823532,0.13090954720973969,0.0,True,0.05240123385229797,0.001421183979343547
nips34,nips34_Q8_S96,8,4,3,True,0.01483860298845007,0.005604198040710373,-0.009234404947739697,0.08919420838356018,26,20,602,same_query_concept_slot,500,8,35,0.03520470857620239,-0.8492406606674194,-0.026350170373916626,0.06493338942527771,73.0,0.2106138914823532,0.13090954720973969,0.0,True,0.05240123385229797,0.001421183979343547
nips34,nips34_Q8_S96,8,5,4,True,0.012499999902597238,0.004367171660655222,-0.008132828241942017,0.08919420838356018,26,20,602,same_query_concept_slot,500,8,8,0.03520470857620239,-0.8492406606674194,0.03520470857620239,-0.8492406606674194,92.0,0.2106138914823532,0.13090954720973969,0.0,True,0.05240123385229797,0.001421183979343547
nips34,nips34_Q8_S96,8,6,5,True,0.003862768091146436,0.0013635461989183596,-0.0024992218922280764,0.08919420838356018,26,20,602,same_query_concept_slot,500,8,1,0.03520470857620239,-0.8492406606674194,-0.007204487919807434,-0.220551997423172,212.0,0.2106138914823532,0.13090954720973969,0.0,True,0.05240123385229797,0.001421183979343547
nips34,nips34_Q8_S96,8,7,6,True,0.003336506820004334,0.0012259259466087537,-0.00211058087339558,0.08919420838356018,26,20,602,same_query_concept_slot,500,8,2,0.03520470857620239,-0.8492406606674194,0.14610864222049713,0.029700517654418945,24.0,0.2106138914823532,0.13090954720973969,0.0,True,0.05240123385229797,0.001421183979343547
nips34,nips34_Q8_S96,8,8,7,True,0.0008031240249335863,0.00028550140899648985,-0.0005176226159370965,0.08919420838356018,26,20,602,same_query_concept_slot,500,8,0,0.03520470857620239,-0.8492406606674194,0.13710008561611176,0.20371000468730927,439.0,0.2106138914823532,0.13090954720973969,0.0,True,0.05240123385229797,0.001421183979343547
nips34,nips34_Q8_S96,8,9,8,True,2.955442268237221e-09,1.2000554647745059e-09,-1.755386803462715e-09,0.08919420838356018,26,20,602,same_query_concept_slot,500,8,20,0.03520470857620239,-0.8492406606674194,0.5018564462661743,0.38975122570991516,69.0,0.2106138914823532,0.13090954720973969,0.0,True,0.05240123385229797,0.001421183979343547
nips34,nips34_Q8_S96,8,10,9,True,8.576860138426963e-10,2.347605819694932e-09,1.4899198058522357e-09,0.08919420838356018,26,20,602,same_query_concept_slot,500,8,14,0.03520470857620239,-0.8492406606674194,-0.17735236883163452,0.3203340768814087,30.0,0.2106138914823532,0.13090954720973969,0.0,True,0.05240123385229797,0.001421183979343547
nips34,nips34_Q8_S96,8,11,10,True,5.533604004893691e-10,1.1629029625509577e-09,6.095425620615886e-10,0.08919420838356018,26,20,602,same_query_concept_slot,500,8,4,0.03520470857620239,-0.8492406606674194,0.022089868783950806,0.1830906867980957,39.0,0.2106138914823532,0.13090954720973969,0.0,True,0.05240123385229797,0.001421183979343547
nips34,nips34_Q8_S96,8,12,11,True,2.714637064595607e-10,2.243667187219206e-09,1.9722034807596455e-09,0.08919420838356018,26,20,602,same_query_concept_slot,500,8,54,0.03520470857620239,-0.8492406606674194,0.09626680612564087,0.08731701970100403,40.0,0.2106138914823532,0.13090954720973969,0.0,True,0.05240123385229797,0.001421183979343547
nips34,nips34_Q8_S96,8,13,12,True,1.285398980284074e-10,3.000675177197427e-09,2.8721352791690194e-09,0.08919420838356018,26,20,602,same_query_concept_slot,500,8,45,0.03520470857620239,-0.8492406606674194,0.41599008440971375,0.5130093097686768,18.0,0.2106138914823532,0.13090954720973969,0.0,True,0.05240123385229797,0.001421183979343547
nips34,nips34_Q8_S96,8,14,13,True,1.0770784020054451e-10,3.311134382127677e-09,3.203426541927132e-09,0.08919420838356018,26,20,602,same_query_concept_slot,500,8,74,0.03520470857620239,-0.8492406606674194,0.23264867067337036,0.5054008364677429,16.0,0.2106138914823532,0.13090954720973969,0.0,True,0.05240123385229797,0.001421183979343547
nips34,nips34_Q8_S96,8,15,14,True,9.297915698421926e-11,1.5109365544419345e-09,1.4179573974577153e-09,0.08919420838356018,26,20,602,same_query_concept_slot,500,8,60,0.03520470857620239,-0.8492406606674194,-0.29260265827178955,-0.29809120297431946,18.0,0.2106138914823532,0.13090954720973969,0.0,True,0.05240123385229797,0.001421183979343547
nips34,nips34_Q8_S96,8,16,15,True,9.279507507201995e-11,2.5193340019635252e-09,2.426538926891505e-09,0.08919420838356018,26,20,602,same_query_concept_slot,500,8,38,0.03520470857620239,-0.8492406606674194,0.5147886872291565,1.04843270778656,17.0,0.2106138914823532,0.13090954720973969,0.0,True,0.05240123385229797,0.001421183979343547
nips34,nips34_Q8_S96,8,17,16,True,8.998090956863865e-11,3.084304056380771e-09,2.994323146812132e-09,0.08919420838356018,26,20,602,same_query_concept_slot,500,8,16,0.03520470857620239,-0.8492406606674194,0.5147886872291565,1.04843270778656,17.0,0.2106138914823532,0.13090954720973969,0.0,True,0.05240123385229797,0.001421183979343547
nips34,nips34_Q8_S96,8,18,17,True,5.1451987335473234e-11,3.3509958284531093e-09,3.299543841117636e-09,0.08919420838356018,26,20,602,same_query_concept_slot,500,8,33,0.03520470857620239,-0.8492406606674194,-0.24444806575775146,-0.3279678225517273,5.0,0.2106138914823532,0.13090954720973969,0.0,True,0.05240123385229797,0.001421183979343547
nips34,nips34_Q8_S96,8,19,18,True,4.846455418579645e-11,3.397824812235347e-09,3.3493602580495507e-09,0.08919420838356018,26,20,602,same_query_concept_slot,500,8,56,0.03520470857620239,-0.8492406606674194,-0.24444806575775146,-0.3279678225517273,5.0,0.2106138914823532,0.13090954720973969,0.0,True,0.05240123385229797,0.001421183979343547
nips34,nips34_Q8_S96,8,20,19,True,4.816753483898007e-11,2.8618446785556354e-09,2.8136771437166555e-09,0.08919420838356018,26,20,602,same_query_concept_slot,500,8,17,0.03520470857620239,-0.8492406606674194,-0.5788449048995972,-0.41705721616744995,14.0,0.2106138914823532,0.13090954720973969,0.0,True,0.05240123385229797,0.001421183979343547
nips34,nips34_Q8_S96,8,21,20,True,4.6921968717025316e-11,2.9624259967018126e-09,2.915504027984787e-09,0.08919420838356018,26,20,602,same_query_concept_slot,500,8,46,0.03520470857620239,-0.8492406606674194,0.19495666027069092,0.014912746846675873,15.0,0.2106138914823532,0.13090954720973969,0.0,True,0.05240123385229797,0.001421183979343547
nips34,nips34_Q8_S96,8,22,21,True,4.259218575541842e-11,2.7357544328428455e-09,2.693162247087427e-09,0.08919420838356018,26,20,602,same_query_concept_slot,500,8,23,0.03520470857620239,-0.8492406606674194,-0.03938381373882294,-0.5091976523399353,11.0,0.2106138914823532,0.13090954720973969,0.0,True,0.05240123385229797,0.001421183979343547
nips34,nips34_Q8_S96,8,23,22,True,2.2401779575352917e-11,1.001689813267347e-09,9.79288033691994e-10,0.08919420838356018,26,20,602,same_query_concept_slot,500,8,61,0.03520470857620239,-0.8492406606674194,0.1290251910686493,0.33575400710105896,16.0,0.2106138914823532,0.13090954720973969,0.0,True,0.05240123385229797,0.001421183979343547
nips34,nips34_Q8_S96,8,24,23,True,2.603939791109263e-12,3.0917132405440233e-09,3.089109300752914e-09,0.08919420838356018,26,20,602,same_query_concept_slot,500,8,9,0.03520470857620239,-0.8492406606674194,-0.09145921468734741,0.3604965806007385,73.0,0.2106138914823532,0.13090954720973969,0.0,True,0.05240123385229797,0.001421183979343547
nips34,nips34_Q8_S96,8,25,24,True,0.14221867596225923,0.19177136761673025,0.049552691654471015,0.08919420838356018,26,20,602,same_query_concept_slot,500,8,58,0.03520470857620239,-0.8492406606674194,0.15339085459709167,-0.4276432394981384,46.0,0.2106138914823532,0.13090954720973969,0.0,True,0.05240123385229797,0.001421183979343547
nips34,nips34_Q8_S96,8,26,25,True,0.033738046118906365,0.021985960489616353,-0.011752085629290011,0.08919420838356018,26,20,602,same_query_concept_slot,500,8,59,0.03520470857620239,-0.8492406606674194,-0.07362812757492065,-0.7352509498596191,36.0,0.2106138914823532,0.13090954720973969,0.0,True,0.05240123385229797,0.001421183979343547
nips34,nips34_Q8_S96,8,27,26,True,0.029607110916234976,0.01939304303273923,-0.010214067883495746,0.08919420838356018,26,20,602,same_query_concept_slot,500,8,57,0.03520470857620239,-0.8492406606674194,0.10000938177108765,-0.01391291618347168,10.0,0.2106138914823532,0.13090954720973969,0.0,True,0.05240123385229797,0.001421183979343547
nips34,nips34_Q8_S96,8,28,27,True,0.019229040976100748,0.007570645087712113,-0.011658395888388635,0.08919420838356018,26,20,602,same_query_concept_slot,500,8,35,0.03520470857620239,-0.8492406606674194,-0.026350170373916626,0.06493338942527771,73.0,0.2106138914823532,0.13090954720973969,0.0,True,0.05240123385229797,0.001421183979343547
nips34,nips34_Q8_S96,8,29,28,True,0.012500000833919792,0.004538141525661185,-0.007961859308258608,0.08919420838356018,26,20,602,same_query_concept_slot,500,8,8,0.03520470857620239,-0.8492406606674194,0.03520470857620239,-0.8492406606674194,92.0,0.2106138914823532,0.13090954720973969,0.0,True,0.05240123385229797,0.001421183979343547
nips34,nips34_Q8_S96,8,30,29,True,0.0067345000206507355,0.002470750756017325,-0.0042637492646334105,0.08919420838356018,26,20,602,same_query_concept_slot,500,8,1,0.03520470857620239,-0.8492406606674194,-0.007204487919807434,-0.220551997423172,212.0,0.2106138914823532,0.13090954720973969,0.0,True,0.05240123385229797,0.001421183979343547
nips34,nips34_Q8_S96,8,31,30,True,0.004862261825727368,0.0018596958297826104,-0.0030025659959447577,0.08919420838356018,26,20,602,same_query_concept_slot,500,8,2,0.03520470857620239,-0.8492406606674194,0.14610864222049713,0.029700517654418945,24.0,0.2106138914823532,0.13090954720973969,0.0,True,0.05240123385229797,0.001421183979343547
nips34,nips34_Q8_S96,8,32,31,True,0.0011101613966272043,0.00041025360676793556,-0.0006999077898592687,0.08919420838356018,26,20,602,same_query_concept_slot,500,8,0,0.03520470857620239,-0.8492406606674194,0.13710008561611176,0.20371000468730927,439.0,0.2106138914823532,0.13090954720973969,0.0,True,0.05240123385229797,0.001421183979343547
nips34,nips34_Q8_S96,8,33,32,True,1.0455199846206271e-07,4.445215267453118e-08,-6.009984578753153e-08,0.08919420838356018,26,20,602,same_query_concept_slot,500,8,20,0.03520470857620239,-0.8492406606674194,0.5018564462661743,0.38975122570991516,69.0,0.2106138914823532,0.13090954720973969,0.0,True,0.05240123385229797,0.001421183979343547
nips34,nips34_Q8_S96,8,34,33,True,2.6641198864134328e-08,2.6763261056338236e-08,1.220621922039081e-10,0.08919420838356018,26,20,602,same_query_concept_slot,500,8,14,0.03520470857620239,-0.8492406606674194,-0.17735236883163452,0.3203340768814087,30.0,0.2106138914823532,0.13090954720973969,0.0,True,0.05240123385229797,0.001421183979343547
nips34,nips34_Q8_S96,8,35,34,True,2.4866787175740624e-08,1.2221323155952503e-08,-1.2645464019788121e-08,0.08919420838356018,26,20,602,same_query_concept_slot,500,8,4,0.03520470857620239,-0.8492406606674194,0.022089868783950806,0.1830906867980957,39.0,0.2106138914823532,0.13090954720973969,0.0,True,0.05240123385229797,0.001421183979343547
nips34,nips34_Q8_S96,8,36,35,True,1.2852384642428165e-08,1.2359915400740087e-08,-4.924692416880775e-10,0.08919420838356018,26,20,602,same_query_concept_slot,500,8,54,0.03520470857620239,-0.8492406606674194,0.09626680612564087,0.08731701970100403,40.0,0.2106138914823532,0.13090954720973969,0.0,True,0.05240123385229797,0.001421183979343547
nips34,nips34_Q8_S96,8,37,36,True,6.119820067272455e-09,6.5762695611377664e-09,4.564494938653112e-10,0.08919420838356018,26,20,602,same_query_concept_slot,500,8,38,0.03520470857620239,-0.8492406606674194,0.5147886872291565,1.04843270778656,17.0,0.2106138914823532,0.13090954720973969,0.0,True,0.05240123385229797,0.001421183979343547
nips34,nips34_Q8_S96,8,38,37,True,5.738444700202905e-09,7.449260104659771e-09,1.710815404456866e-09,0.08919420838356018,26,20,602,same_query_concept_slot,500,8,16,0.03520470857620239,-0.8492406606674194,0.5147886872291565,1.04843270778656,17.0,0.2106138914823532,0.13090954720973969,0.0,True,0.05240123385229797,0.001421183979343547
nips34,nips34_Q8_S96,8,39,38,True,5.503933628300813e-09,7.625739819291989e-09,2.121806190991176e-09,0.08919420838356018,26,20,602,same_query_concept_slot,500,8,74,0.03520470857620239,-0.8492406606674194,0.23264867067337036,0.5054008364677429,16.0,0.2106138914823532,0.13090954720973969,0.0,True,0.05240123385229797,0.001421183979343547
nips34,nips34_Q8_S96,8,40,39,True,5.077933069813756e-09,6.426699875488792e-09,1.3487668056750359e-09,0.08919420838356018,26,20,602,same_query_concept_slot,500,8,45,0.03520470857620239,-0.8492406606674194,0.41599008440971375,0.5130093097686768,18.0,0.2106138914823532,0.13090954720973969,0.0,True,0.05240123385229797,0.001421183979343547
nips34,nips34_Q8_S96,8,41,40,True,4.814058820022727e-09,3.1157731050607266e-09,-1.6982857149620005e-09,0.08919420838356018,26,20,602,same_query_concept_slot,500,8,60,0.03520470857620239,-0.8492406606674194,-0.29260265827178955,-0.29809120297431946,18.0,0.2106138914823532,0.13090954720973969,0.0,True,0.05240123385229797,0.001421183979343547
nips34,nips34_Q8_S96,8,42,41,True,3.2663511153991205e-09,4.575327984294768e-09,1.3089768688956478e-09,0.08919420838356018,26,20,602,same_query_concept_slot,500,8,33,0.03520470857620239,-0.8492406606674194,-0.24444806575775146,-0.3279678225517273,5.0,0.2106138914823532,0.13090954720973969,0.0,True,0.05240123385229797,0.001421183979343547
nips34,nips34_Q8_S96,8,43,42,True,3.1284774060810517e-09,4.43806267802791e-09,1.3095852719468581e-09,0.08919420838356018,26,20,602,same_query_concept_slot,500,8,56,0.03520470857620239,-0.8492406606674194,-0.24444806575775146,-0.3279678225517273,5.0,0.2106138914823532,0.13090954720973969,0.0,True,0.05240123385229797,0.001421183979343547
nips34,nips34_Q8_S96,8,44,43,True,2.8462194177316536e-09,3.4474127001541354e-09,6.011932824224818e-10,0.08919420838356018,26,20,602,same_query_concept_slot,500,8,17,0.03520470857620239,-0.8492406606674194,-0.5788449048995972,-0.41705721616744995,14.0,0.2106138914823532,0.13090954720973969,0.0,True,0.05240123385229797,0.001421183979343547
nips34,nips34_Q8_S96,8,45,44,True,2.4032619792850963e-09,2.9033892229378123e-09,5.00127243652716e-10,0.08919420838356018,26,20,602,same_query_concept_slot,500,8,23,0.03520470857620239,-0.8492406606674194,-0.03938381373882294,-0.5091976523399353,11.0,0.2106138914823532,0.13090954720973969,0.0,True,0.05240123385229797,0.001421183979343547
nips34,nips34_Q8_S96,8,46,45,True,2.2438195236678923e-09,3.126703472467231e-09,8.828839487993388e-10,0.08919420838356018,26,20,602,same_query_concept_slot,500,8,46,0.03520470857620239,-0.8492406606674194,0.19495666027069092,0.014912746846675873,15.0,0.2106138914823532,0.13090954720973969,0.0,True,0.05240123385229797,0.001421183979343547
nips34,nips34_Q8_S96,8,47,46,True,1.3699224776767125e-09,1.0479538045686633e-09,-3.219686731080492e-10,0.08919420838356018,26,20,602,same_query_concept_slot,500,8,61,0.03520470857620239,-0.8492406606674194,0.1290251910686493,0.33575400710105896,16.0,0.2106138914823532,0.13090954720973969,0.0,True,0.05240123385229797,0.001421183979343547
nips34,nips34_Q8_S96,8,48,47,True,3.460160412941394e-10,2.2013839004577697e-09,1.8553678591636302e-09,0.08919420838356018,26,20,602,same_query_concept_slot,500,8,18,0.03520470857620239,-0.8492406606674194,0.4328111708164215,0.3799653649330139,154.0,0.2106138914823532,0.13090954720973969,0.0,True,0.05240123385229797,0.001421183979343547
nips34,nips34_Q8_S96,8,49,48,True,0.15130154445139732,0.19762578036104914,0.04632423590965182,0.08919420838356018,26,20,602,same_query_concept_slot,500,8,58,0.03520470857620239,-0.8492406606674194,0.15339085459709167,-0.4276432394981384,46.0,0.2106138914823532,0.13090954720973969,0.0,True,0.05240123385229797,0.001421183979343547
nips34,nips34_Q8_S96,8,50,49,True,0.033110059046384595,0.02046279363867399,-0.012647265407710606,0.08919420838356018,26,20,602,same_query_concept_slot,500,8,59,0.03520470857620239,-0.8492406606674194,-0.07362812757492065,-0.7352509498596191,36.0,0.2106138914823532,0.13090954720973969,0.0,True,0.05240123385229797,0.001421183979343547
nips34,nips34_Q8_S96,8,51,50,True,0.03054910642617848,0.018973910633358678,-0.011575195792819803,0.08919420838356018,26,20,602,same_query_concept_slot,500,8,57,0.03520470857620239,-0.8492406606674194,0.10000938177108765,-0.01391291618347168,10.0,0.2106138914823532,0.13090954720973969,0.0,True,0.05240123385229797,0.001421183979343547
nips34,nips34_Q8_S96,8,52,51,True,0.01476951282482011,0.005666454159058501,-0.00910305866576161,0.08919420838356018,26,20,602,same_query_concept_slot,500,8,35,0.03520470857620239,-0.8492406606674194,-0.026350170373916626,0.06493338942527771,73.0,0.2106138914823532,0.13090954720973969,0.0,True,0.05240123385229797,0.001421183979343547
nips34,nips34_Q8_S96,8,53,52,True,0.012499999902597238,0.004436342848920248,-0.00806365705367699,0.08919420838356018,26,20,602,same_query_concept_slot,500,8,8,0.03520470857620239,-0.8492406606674194,0.03520470857620239,-0.8492406606674194,92.0,0.2106138914823532,0.13090954720973969,0.0,True,0.05240123385229797,0.001421183979343547
nips34,nips34_Q8_S96,8,54,53,True,0.003806038906107548,0.0013648002247288785,-0.0024412386813786693,0.08919420838356018,26,20,602,same_query_concept_slot,500,8,1,0.03520470857620239,-0.8492406606674194,-0.007204487919807434,-0.220551997423172,212.0,0.2106138914823532,0.13090954720973969,0.0,True,0.05240123385229797,0.001421183979343547
nips34,nips34_Q8_S96,8,55,54,True,0.0031749435445635383,0.001185040188271482,-0.001989903356292056,0.08919420838356018,26,20,602,same_query_concept_slot,500,8,2,0.03520470857620239,-0.8492406606674194,0.14610864222049713,0.029700517654418945,24.0,0.2106138914823532,0.13090954720973969,0.0,True,0.05240123385229797,0.001421183979343547
nips34,nips34_Q8_S96,8,56,55,True,0.0007887878858295612,0.00028484622358416155,-0.0005039416622453996,0.08919420838356018,26,20,602,same_query_concept_slot,500,8,0,0.03520470857620239,-0.8492406606674194,0.13710008561611176,0.20371000468730927,439.0,0.2106138914823532,0.13090954720973969,0.0,True,0.05240123385229797,0.001421183979343547
nips34,nips34_Q8_S96,8,57,56,True,2.659256088270768e-09,1.0968898805685105e-09,-1.5623662077022576e-09,0.08919420838356018,26,20,602,same_query_concept_slot,500,8,20,0.03520470857620239,-0.8492406606674194,0.5018564462661743,0.38975122570991516,69.0,0.2106138914823532,0.13090954720973969,0.0,True,0.05240123385229797,0.001421183979343547
nips34,nips34_Q8_S96,8,58,57,True,8.119791876679945e-10,2.3847900742960677e-09,1.5728108866280732e-09,0.08919420838356018,26,20,602,same_query_concept_slot,500,8,14,0.03520470857620239,-0.8492406606674194,-0.17735236883163452,0.3203340768814087,30.0,0.2106138914823532,0.13090954720973969,0.0,True,0.05240123385229797,0.001421183979343547
nips34,nips34_Q8_S96,8,59,58,True,5.1359376696197e-10,1.1813224501761801e-09,6.677286832142102e-10,0.08919420838356018,26,20,602,same_query_concept_slot,500,8,4,0.03520470857620239,-0.8492406606674194,0.022089868783950806,0.1830906867980957,39.0,0.2106138914823532,0.13090954720973969,0.0,True,0.05240123385229797,0.001421183979343547
nips34,nips34_Q8_S96,8,60,59,True,2.651722947663883e-10,2.2792007622749806e-09,2.0140284675085923e-09,0.08919420838356018,26,20,602,same_query_concept_slot,500,8,54,0.03520470857620239,-0.8492406606674194,0.09626680612564087,0.08731701970100403,40.0,0.2106138914823532,0.13090954720973969,0.0,True,0.05240123385229797,0.001421183979343547
nips34,nips34_Q8_S96,8,61,60,True,1.2793456281575547e-10,3.0482038235095862e-09,2.9202692606938307e-09,0.08919420838356018,26,20,602,same_query_concept_slot,500,8,45,0.03520470857620239,-0.8492406606674194,0.41599008440971375,0.5130093097686768,18.0,0.2106138914823532,0.13090954720973969,0.0,True,0.05240123385229797,0.001421183979343547
nips34,nips34_Q8_S96,8,62,61,True,1.0775966679793668e-10,3.3635804281185518e-09,3.255820761320615e-09,0.08919420838356018,26,20,602,same_query_concept_slot,500,8,74,0.03520470857620239,-0.8492406606674194,0.23264867067337036,0.5054008364677429,16.0,0.2106138914823532,0.13090954720973969,0.0,True,0.05240123385229797,0.001421183979343547
nips34,nips34_Q8_S96,8,63,62,True,9.686284193631438e-11,2.5592380808518724e-09,2.462375238915558e-09,0.08919420838356018,26,20,602,same_query_concept_slot,500,8,38,0.03520470857620239,-0.8492406606674194,0.5147886872291565,1.04843270778656,17.0,0.2106138914823532,0.13090954720973969,0.0,True,0.05240123385229797,0.001421183979343547
nips34,nips34_Q8_S96,8,64,63,True,8.774410859721742e-11,1.5348687433144915e-09,1.4471246347172741e-09,0.08919420838356018,26,20,602,same_query_concept_slot,500,8,60,0.03520470857620239,-0.8492406606674194,-0.29260265827178955,-0.29809120297431946,18.0,0.2106138914823532,0.13090954720973969,0.0,True,0.05240123385229797,0.001421183979343547
nips34,nips34_Q8_S96,8,65,64,True,8.597463518072518e-11,3.1331574207676716e-09,3.0471827855869464e-09,0.08919420838356018,26,20,602,same_query_concept_slot,500,8,16,0.03520470857620239,-0.8492406606674194,0.5147886872291565,1.04843270778656,17.0,0.2106138914823532,0.13090954720973969,0.0,True,0.05240123385229797,0.001421183979343547
nips34,nips34_Q8_S96,8,66,65,True,5.0731667714549014e-11,3.4040667079442054e-09,3.3533350402296565e-09,0.08919420838356018,26,20,602,same_query_concept_slot,500,8,33,0.03520470857620239,-0.8492406606674194,-0.24444806575775146,-0.3279678225517273,5.0,0.2106138914823532,0.13090954720973969,0.0,True,0.05240123385229797,0.001421183979343547
nips34,nips34_Q8_S96,8,67,66,True,4.7937507041838705e-11,3.4516370986408854e-09,3.4036995915990466e-09,0.08919420838356018,26,20,602,same_query_concept_slot,500,8,56,0.03520470857620239,-0.8492406606674194,-0.24444806575775146,-0.3279678225517273,5.0,0.2106138914823532,0.13090954720973969,0.0,True,0.05240123385229797,0.001421183979343547
nips34,nips34_Q8_S96,8,68,67,True,4.770428041468023e-11,2.907168644049138e-09,2.859464363634458e-09,0.08919420838356018,26,20,602,same_query_concept_slot,500,8,17,0.03520470857620239,-0.8492406606674194,-0.5788449048995972,-0.41705721616744995,14.0,0.2106138914823532,0.13090954720973969,0.0,True,0.05240123385229797,0.001421183979343547
nips34,nips34_Q8_S96,8,69,68,True,4.4838218924969306e-11,3.0093486833046243e-09,2.964510464379655e-09,0.08919420838356018,26,20,602,same_query_concept_slot,500,8,46,0.03520470857620239,-0.8492406606674194,0.19495666027069092,0.014912746846675873,15.0,0.2106138914823532,0.13090954720973969,0.0,True,0.05240123385229797,0.001421183979343547
nips34,nips34_Q8_S96,8,70,69,True,4.155876243197358e-11,2.779086880332266e-09,2.7375281179002922e-09,0.08919420838356018,26,20,602,same_query_concept_slot,500,8,23,0.03520470857620239,-0.8492406606674194,-0.03938381373882294,-0.5091976523399353,11.0,0.2106138914823532,0.13090954720973969,0.0,True,0.05240123385229797,0.001421183979343547
nips34,nips34_Q8_S96,8,71,70,True,2.1944123103583013e-11,1.0175558990319448e-09,9.956117759283617e-10,0.08919420838356018,26,20,602,same_query_concept_slot,500,8,61,0.03520470857620239,-0.8492406606674194,0.1290251910686493,0.33575400710105896,16.0,0.2106138914823532,0.13090954720973969,0.0,True,0.05240123385229797,0.001421183979343547
nips34,nips34_Q8_S96,8,72,71,True,2.570434475292858e-12,3.1406840665235382e-09,3.1381136320482455e-09,0.08919420838356018,26,20,602,same_query_concept_slot,500,8,9,0.03520470857620239,-0.8492406606674194,-0.09145921468734741,0.3604965806007385,73.0,0.2106138914823532,0.13090954720973969,0.0,True,0.05240123385229797,0.001421183979343547
nips34,nips34_Q8_S96,8,73,72,True,0.14567112592091402,0.1946150157299073,0.04894388980899328,0.08919420838356018,26,20,602,same_query_concept_slot,500,8,58,0.03520470857620239,-0.8492406606674194,0.15339085459709167,-0.4276432394981384,46.0,0.2106138914823532,0.13090954720973969,0.0,True,0.05240123385229797,0.001421183979343547
nips34,nips34_Q8_S96,8,74,73,True,0.0322858795647466,0.020845578381661723,-0.011440301183084877,0.08919420838356018,26,20,602,same_query_concept_slot,500,8,59,0.03520470857620239,-0.8492406606674194,-0.07362812757492065,-0.7352509498596191,36.0,0.2106138914823532,0.13090954720973969,0.0,True,0.05240123385229797,0.001421183979343547
nips34,nips34_Q8_S96,8,75,74,True,0.027342406412355722,0.01774444379842345,-0.009597962613932271,0.08919420838356018,26,20,602,same_query_concept_slot,500,8,57,0.03520470857620239,-0.8492406606674194,0.10000938177108765,-0.01391291618347168,10.0,0.2106138914823532,0.13090954720973969,0.0,True,0.05240123385229797,0.001421183979343547
nips34,nips34_Q8_S96,8,76,75,True,0.019330346518178155,0.007540335195396229,-0.011790011322781926,0.08919420838356018,26,20,602,same_query_concept_slot,500,8,35,0.03520470857620239,-0.8492406606674194,-0.026350170373916626,0.06493338942527771,73.0,0.2106138914823532,0.13090954720973969,0.0,True,0.05240123385229797,0.001421183979343547
nips34,nips34_Q8_S96,8,77,76,True,0.012499999902597238,0.004496283233753445,-0.008003716668843794,0.08919420838356018,26,20,602,same_query_concept_slot,500,8,8,0.03520470857620239,-0.8492406606674194,0.03520470857620239,-0.8492406606674194,92.0,0.2106138914823532,0.13090954720973969,0.0,True,0.05240123385229797,0.001421183979343547
nips34,nips34_Q8_S96,8,78,77,True,0.006770922648733532,0.002461201440274172,-0.00430972120845936,0.08919420838356018,26,20,602,same_query_concept_slot,500,8,1,0.03520470857620239,-0.8492406606674194,-0.007204487919807434,-0.220551997423172,212.0,0.2106138914823532,0.13090954720973969,0.0,True,0.05240123385229797,0.001421183979343547
nips34,nips34_Q8_S96,8,79,78,True,0.004987192227018919,0.001889885232243881,-0.0030973069947750377,0.08919420838356018,26,20,602,same_query_concept_slot,500,8,2,0.03520470857620239,-0.8492406606674194,0.14610864222049713,0.029700517654418945,24.0,0.2106138914823532,0.13090954720973969,0.0,True,0.05240123385229797,0.001421183979343547
nips34,nips34_Q8_S96,8,80,79,True,0.001111899826588595,0.00040710602759490327,-0.0007047937989936917,0.08919420838356018,26,20,602,same_query_concept_slot,500,8,0,0.03520470857620239,-0.8492406606674194,0.13710008561611176,0.20371000468730927,439.0,0.2106138914823532,0.13090954720973969,0.0,True,0.05240123385229797,0.001421183979343547
nips34,nips34_Q8_S96,8,81,80,True,1.1495410229300149e-07,4.8424004740357206e-08,-6.653009755264429e-08,0.08919420838356018,26,20,602,same_query_concept_slot,500,8,20,0.03520470857620239,-0.8492406606674194,0.5018564462661743,0.38975122570991516,69.0,0.2106138914823532,0.13090954720973969,0.0,True,0.05240123385229797,0.001421183979343547
nips34,nips34_Q8_S96,8,82,81,True,2.8460516852408996e-08,2.8327181559810948e-08,-1.3333529259804835e-10,0.08919420838356018,26,20,602,same_query_concept_slot,500,8,14,0.03520470857620239,-0.8492406606674194,-0.17735236883163452,0.3203340768814087,30.0,0.2106138914823532,0.13090954720973969,0.0,True,0.05240123385229797,0.001421183979343547
nips34,nips34_Q8_S96,8,83,82,True,2.6660230750879765e-08,1.2981899624673459e-08,-1.3678331126206306e-08,0.08919420838356018,26,20,602,same_query_concept_slot,500,8,4,0.03520470857620239,-0.8492406606674194,0.022089868783950806,0.1830906867980957,39.0,0.2106138914823532,0.13090954720973969,0.0,True,0.05240123385229797,0.001421183979343547
nips34,nips34_Q8_S96,8,84,83,True,1.3455995123650505e-08,1.2821042523903567e-08,-6.349525997469375e-10,0.08919420838356018,26,20,602,same_query_concept_slot,500,8,54,0.03520470857620239,-0.8492406606674194,0.09626680612564087,0.08731701970100403,40.0,0.2106138914823532,0.13090954720973969,0.0,True,0.05240123385229797,0.001421183979343547
nips34,nips34_Q8_S96,8,85,84,True,6.245349429104457e-09,6.6492613938292445e-09,4.0391196472478757e-10,0.08919420838356018,26,20,602,same_query_concept_slot,500,8,38,0.03520470857620239,-0.8492406606674194,0.5147886872291565,1.04843270778656,17.0,0.2106138914823532,0.13090954720973969,0.0,True,0.05240123385229797,0.001421183979343547
nips34,nips34_Q8_S96,8,86,85,True,6.0697556713361385e-09,7.806671528124435e-09,1.7369158567882963e-09,0.08919420838356018,26,20,602,same_query_concept_slot,500,8,16,0.03520470857620239,-0.8492406606674194,0.5147886872291565,1.04843270778656,17.0,0.2106138914823532,0.13090954720973969,0.0,True,0.05240123385229797,0.001421183979343547
nips34,nips34_Q8_S96,8,87,86,True,5.698822173620832e-09,7.822934074519681e-09,2.124111900898849e-09,0.08919420838356018,26,20,602,same_query_concept_slot,500,8,74,0.03520470857620239,-0.8492406606674194,0.23264867067337036,0.5054008364677429,16.0,0.2106138914823532,0.13090954720973969,0.0,True,0.05240123385229797,0.001421183979343547
nips34,nips34_Q8_S96,8,88,87,True,5.2922975910789846e-09,6.6362242672720285e-09,1.343926676193044e-09,0.08919420838356018,26,20,602,same_query_concept_slot,500,8,45,0.03520470857620239,-0.8492406606674194,0.41599008440971375,0.5130093097686768,18.0,0.2106138914823532,0.13090954720973969,0.0,True,0.05240123385229797,0.001421183979343547
nips34,nips34_Q8_S96,8,89,88,True,5.117929075412838e-09,3.2818939950830177e-09,-1.8360350803298199e-09,0.08919420838356018,26,20,602,same_query_concept_slot,500,8,60,0.03520470857620239,-0.8492406606674194,-0.29260265827178955,-0.29809120297431946,18.0,0.2106138914823532,0.13090954720973969,0.0,True,0.05240123385229797,0.001421183979343547
nips34,nips34_Q8_S96,8,90,89,True,3.3848034717435533e-09,4.69751957094683e-09,1.312716099203277e-09,0.08919420838356018,26,20,602,same_query_concept_slot,500,8,33,0.03520470857620239,-0.8492406606674194,-0.24444806575775146,-0.3279678225517273,5.0,0.2106138914823532,0.13090954720973969,0.0,True,0.05240123385229797,0.001421183979343547
nips34,nips34_Q8_S96,8,91,90,True,3.2349191479730456e-09,4.546734857254781e-09,1.3118157092817353e-09,0.08919420838356018,26,20,602,same_query_concept_slot,500,8,56,0.03520470857620239,-0.8492406606674194,-0.24444806575775146,-0.3279678225517273,5.0,0.2106138914823532,0.13090954720973969,0.0,True,0.05240123385229797,0.001421183979343547
nips34,nips34_Q8_S96,8,92,91,True,2.963375255657351e-09,3.556209224356175e-09,5.928339686988238e-10,0.08919420838356018,26,20,602,same_query_concept_slot,500,8,17,0.03520470857620239,-0.8492406606674194,-0.5788449048995972,-0.41705721616744995,14.0,0.2106138914823532,0.13090954720973969,0.0,True,0.05240123385229797,0.001421183979343547
nips34,nips34_Q8_S96,8,93,92,True,2.5126344878509866e-09,2.891150346712258e-09,3.7851585886127155e-10,0.08919420838356018,26,20,602,same_query_concept_slot,500,8,23,0.03520470857620239,-0.8492406606674194,-0.03938381373882294,-0.5091976523399353,11.0,0.2106138914823532,0.13090954720973969,0.0,True,0.05240123385229797,0.001421183979343547
nips34,nips34_Q8_S96,8,94,93,True,2.312095351553066e-09,3.0978667625026724e-09,7.857714109496064e-10,0.08919420838356018,26,20,602,same_query_concept_slot,500,8,46,0.03520470857620239,-0.8492406606674194,0.19495666027069092,0.014912746846675873,15.0,0.2106138914823532,0.13090954720973969,0.0,True,0.05240123385229797,0.001421183979343547
nips34,nips34_Q8_S96,8,95,94,True,1.4303130577307313e-09,1.0382889803513954e-09,-3.9202407737933593e-10,0.08919420838356018,26,20,602,same_query_concept_slot,500,8,61,0.03520470857620239,-0.8492406606674194,0.1290251910686493,0.33575400710105896,16.0,0.2106138914823532,0.13090954720973969,0.0,True,0.05240123385229797,0.001421183979343547
nips34,nips34_Q8_S96,8,96,95,True,3.551683033678192e-10,2.1810812525925404e-09,1.8259129492247213e-09,0.08919420838356018,26,20,602,same_query_concept_slot,500,8,18,0.03520470857620239,-0.8492406606674194,0.4328111708164215,0.3799653649330139,154.0,0.2106138914823532,0.13090954720973969,0.0,True,0.05240123385229797,0.001421183979343547
