dataset,corruption_type,corruption_ratio,seed,subgroup,n_eval,auc,auc_drop_from_clean,bce,bce_increase_from_clean,clean_auc,clean_bce,mean_support_size,train_only_candidate_check_passed,evidence_minus_degree_random_auc_drop,evidence_minus_degree_random_bce_increase,bootstrap_ci_low,bootstrap_ci_high,claim_status,source_file,metric,degree_auc_drop,degree_bce_increase,requested_subgroup
assist_09,evidence_support_corruption,0.0,42,all,51090,0.7749625115704916,0.0,0.5306856842390956,1.0105249970138177e-12,0.7749625115704916,0.530685684238085,12.95121955871582,True,0.0,-6.38378239159463e-14,,,weak,/home/zsh/ConceptSkillCDM/results/crg_lcrf_core3_final_20260520/crg_support_controls/assist_09/crg_support_corruption_control.csv,auc_bce,0.0,1.074362820929764e-12,all
assist_09,evidence_support_corruption,0.0,42,graph_hits_history,50529,0.7747343984728776,0.0,0.5304816721570949,1.0217382495625316e-12,0.7747343984728776,0.5304816721560731,12.95121955871582,True,0.0,-6.472600233564663e-14,,,weak,/home/zsh/ConceptSkillCDM/results/crg_lcrf_core3_final_20260520/crg_support_controls/assist_09/crg_support_corruption_control.csv,auc_bce,0.0,1.0864642518981782e-12,direct_unseen_bridgeable
assist_09,evidence_support_corruption,0.0,42,high_support_mass,12637,0.7517428414785654,0.0,0.5042190769861724,-1.6387113888072236e-11,0.7517428414785654,0.5042190770025595,12.95121955871582,True,0.0,7.159717263505172e-12,,,weak,/home/zsh/ConceptSkillCDM/results/crg_lcrf_core3_final_20260520/crg_support_controls/assist_09/crg_support_corruption_control.csv,auc_bce,0.0,-2.3546831151577408e-11,high_crg_mass
assist_09,evidence_support_corruption,0.0,42,query_seq_top5_q4_high,12141,0.7977910437182193,0.0,0.4961423703474239,0.0,0.7977910437182193,0.4961423703474239,12.95121955871582,True,0.0,0.0,,,weak,/home/zsh/ConceptSkillCDM/results/crg_lcrf_core3_final_20260520/crg_support_controls/assist_09/crg_support_corruption_control.csv,auc_bce,0.0,0.0,high_seq_support
assist_09,evidence_support_corruption,0.0,42,multi_concept,8419,0.7517166715298291,0.0,0.5485938352920474,6.132538921121977e-12,0.7517166715298291,0.5485938352859149,12.95121955871582,True,0.0,-3.8780090250156637e-13,,,weak,/home/zsh/ConceptSkillCDM/results/crg_lcrf_core3_final_20260520/crg_support_controls/assist_09/crg_support_corruption_control.csv,auc_bce,0.0,6.5203398236235436e-12,direct_seen
assist_09,evidence_support_corruption,0.0,42,direct_seen,49506,0.7725773773390823,0.0,0.5350407899965773,1.042721464727947e-12,0.7725773773390823,0.5350407899955346,12.95121955871582,True,0.0,-6.605826996519681e-14,,,weak,/home/zsh/ConceptSkillCDM/results/crg_lcrf_core3_final_20260520/crg_support_controls/assist_09/crg_support_corruption_control.csv,auc_bce,0.0,1.1087797346931438e-12,direct_seen
assist_09,evidence_support_corruption,0.0,42,direct_unseen,1584,0.8180371860752316,0.0,0.3945721327050726,0.0,0.8180371860752316,0.3945721327050726,12.95121955871582,True,0.0,0.0,,,weak,/home/zsh/ConceptSkillCDM/results/crg_lcrf_core3_final_20260520/crg_support_controls/assist_09/crg_support_corruption_control.csv,auc_bce,0.0,0.0,direct_unseen
assist_09,evidence_support_corruption,0.0,42,direct_unseen_bridgeable,1584,0.8180371860752316,0.0,0.3945721327050726,0.0,0.8180371860752316,0.3945721327050726,12.95121955871582,True,0.0,0.0,,,weak,/home/zsh/ConceptSkillCDM/results/crg_lcrf_core3_final_20260520/crg_support_controls/assist_09/crg_support_corruption_control.csv,auc_bce,0.0,0.0,direct_unseen_bridgeable
assist_09,evidence_support_corruption,0.0,42,high_seq_support,12141,0.7977910437182193,0.0,0.4961423703474239,0.0,0.7977910437182193,0.4961423703474239,12.95121955871582,True,0.0,0.0,,,weak,/home/zsh/ConceptSkillCDM/results/crg_lcrf_core3_final_20260520/crg_support_controls/assist_09/crg_support_corruption_control.csv,auc_bce,0.0,0.0,high_seq_support
assist_09,evidence_support_corruption,0.0,42,high_crg_mass,12637,0.7517428414785654,0.0,0.5042190769861724,-1.6387113888072236e-11,0.7517428414785654,0.5042190770025595,12.95121955871582,True,0.0,7.159717263505172e-12,,,weak,/home/zsh/ConceptSkillCDM/results/crg_lcrf_core3_final_20260520/crg_support_controls/assist_09/crg_support_corruption_control.csv,auc_bce,0.0,-2.3546831151577408e-11,high_crg_mass
assist_09,evidence_support_corruption,0.0,42,short_history,25670,0.7829021260955762,0.0,0.5480025828682722,1.0078493595244709e-11,0.7829021260955762,0.5480025828581937,12.95121955871582,True,0.0,-3.6518565948995274e-12,,,weak,/home/zsh/ConceptSkillCDM/results/crg_lcrf_core3_final_20260520/crg_support_controls/assist_09/crg_support_corruption_control.csv,auc_bce,0.0,1.3730350190144236e-11,short_history
assist_09,evidence_support_corruption,0.0,42,long_history,25420,0.7576159861184599,0.0,0.5131984777949193,-8.146372465489549e-12,0.7576159861184599,0.5131984778030657,12.95121955871582,True,0.0,3.5593750169482503e-12,,,weak,/home/zsh/ConceptSkillCDM/results/crg_lcrf_core3_final_20260520/crg_support_controls/assist_09/crg_support_corruption_control.csv,auc_bce,0.0,-1.1705747482437799e-11,long_history
assist_09,evidence_support_corruption,0.25,42,all,51090,0.7702015840193313,0.0047609275511603,0.5354155121574196,0.0047298279193345,0.7749625115704916,0.530685684238085,9.959349632263184,True,0.0039354435840248,0.0038399112596269,,,weak,/home/zsh/ConceptSkillCDM/results/crg_lcrf_core3_final_20260520/crg_support_controls/assist_09/crg_support_corruption_control.csv,auc_bce,0.0008254839671355,0.0008899166597076,all
assist_09,evidence_support_corruption,0.25,42,graph_hits_history,50529,0.769820386945874,0.0049140115270036,0.5353445165575655,0.0048628444014924,0.7747343984728776,0.5304816721560731,9.959349632263184,True,0.0040627629861498,0.0039368802248904,,,weak,/home/zsh/ConceptSkillCDM/results/crg_lcrf_core3_final_20260520/crg_support_controls/assist_09/crg_support_corruption_control.csv,auc_bce,0.0008512485408538,0.000925964176602,direct_unseen_bridgeable
assist_09,evidence_support_corruption,0.25,42,high_support_mass,12637,0.7457222653035751,0.0060205761749903,0.5114761064421915,0.007257029439632,0.7517428414785654,0.5042190770025595,9.959349632263184,True,0.0059871336053811675,0.0069302337742791,,,weak,/home/zsh/ConceptSkillCDM/results/crg_lcrf_core3_final_20260520/crg_support_controls/assist_09/crg_support_corruption_control.csv,auc_bce,3.344256960913228e-05,0.0003267956653529,high_crg_mass
assist_09,evidence_support_corruption,0.25,42,query_seq_top5_q4_high,12141,0.7887487141990285,0.0090423295191908,0.5083756427008437,0.0122332723534197,0.7977910437182193,0.4961423703474239,9.959349632263184,True,0.0085957548637109,0.0121165858434223,,,weak,/home/zsh/ConceptSkillCDM/results/crg_lcrf_core3_final_20260520/crg_support_controls/assist_09/crg_support_corruption_control.csv,auc_bce,0.0004465746554799,0.0001166865099974,high_seq_support
assist_09,evidence_support_corruption,0.25,42,multi_concept,8419,0.7420374564132071,0.009679215116622,0.5620485207300655,0.0134546854441506,0.7517166715298291,0.5485938352859149,9.959349632263184,True,0.0083024680891449,0.010539142478784,,,weak,/home/zsh/ConceptSkillCDM/results/crg_lcrf_core3_final_20260520/crg_support_controls/assist_09/crg_support_corruption_control.csv,auc_bce,0.0013767470274771,0.0029155429653666,direct_seen
assist_09,evidence_support_corruption,0.25,42,direct_seen,49506,0.7678807530982996,0.0046966242407826,0.5397732979983927,0.004732508002858,0.7725773773390823,0.5350407899955346,9.959349632263184,True,0.0038987225606563003,0.0038806759430775003,,,weak,/home/zsh/ConceptSkillCDM/results/crg_lcrf_core3_final_20260520/crg_support_controls/assist_09/crg_support_corruption_control.csv,auc_bce,0.0007979016801263,0.0008518320597805,direct_seen
assist_09,evidence_support_corruption,0.25,42,direct_unseen,1584,0.8075707765471897,0.0104664095280418,0.399218197862461,0.0046460651573884,0.8180371860752316,0.3945721327050726,9.959349632263184,True,0.006616695678647201,0.0025658604901166995,,,weak,/home/zsh/ConceptSkillCDM/results/crg_lcrf_core3_final_20260520/crg_support_controls/assist_09/crg_support_corruption_control.csv,auc_bce,0.0038497138493946,0.0020802046672717,direct_unseen
assist_09,evidence_support_corruption,0.25,42,direct_unseen_bridgeable,1584,0.8075707765471897,0.0104664095280418,0.399218197862461,0.0046460651573884,0.8180371860752316,0.3945721327050726,9.959349632263184,True,0.006616695678647201,0.0025658604901166995,,,weak,/home/zsh/ConceptSkillCDM/results/crg_lcrf_core3_final_20260520/crg_support_controls/assist_09/crg_support_corruption_control.csv,auc_bce,0.0038497138493946,0.0020802046672717,direct_unseen_bridgeable
assist_09,evidence_support_corruption,0.25,42,high_seq_support,12141,0.7887487141990285,0.0090423295191908,0.5083756427008437,0.0122332723534197,0.7977910437182193,0.4961423703474239,9.959349632263184,True,0.0085957548637109,0.0121165858434223,,,weak,/home/zsh/ConceptSkillCDM/results/crg_lcrf_core3_final_20260520/crg_support_controls/assist_09/crg_support_corruption_control.csv,auc_bce,0.0004465746554799,0.0001166865099974,high_seq_support
assist_09,evidence_support_corruption,0.25,42,high_crg_mass,12637,0.7457222653035751,0.0060205761749903,0.5114761064421915,0.007257029439632,0.7517428414785654,0.5042190770025595,9.959349632263184,True,0.0059871336053811675,0.0069302337742791,,,weak,/home/zsh/ConceptSkillCDM/results/crg_lcrf_core3_final_20260520/crg_support_controls/assist_09/crg_support_corruption_control.csv,auc_bce,3.344256960913228e-05,0.0003267956653529,high_crg_mass
assist_09,evidence_support_corruption,0.25,42,short_history,25670,0.7779250168244263,0.0049771092711499,0.552095884858579,0.0040933020003852,0.7829021260955762,0.5480025828581937,9.959349632263184,True,0.0035690912739722996,0.0031585094602329,,,weak,/home/zsh/ConceptSkillCDM/results/crg_lcrf_core3_final_20260520/crg_support_controls/assist_09/crg_support_corruption_control.csv,auc_bce,0.0014080179971776,0.0009347925401523,short_history
assist_09,evidence_support_corruption,0.25,42,long_history,25420,0.7527911841105037,0.0048248020079562,0.5185710917310327,0.0053726139279669,0.7576159861184599,0.5131984778030657,9.959349632263184,True,0.0043234899977473,0.0045280144929256,,,weak,/home/zsh/ConceptSkillCDM/results/crg_lcrf_core3_final_20260520/crg_support_controls/assist_09/crg_support_corruption_control.csv,auc_bce,0.0005013120102089,0.0008445994350413,long_history
assist_09,evidence_support_corruption,0.25,43,all,51090,0.7702015840193313,0.0047609275511603,0.5354155121543038,0.0047298279162187,0.7749625115704916,0.530685684238085,9.959349632263184,True,0.0019656802179986005,0.0033648060970708,,,weak,/home/zsh/ConceptSkillCDM/results/crg_lcrf_core3_final_20260520/crg_support_controls/assist_09/crg_support_corruption_control.csv,auc_bce,0.0027952473331617,0.0013650218191479,all
assist_09,evidence_support_corruption,0.25,43,graph_hits_history,50529,0.769820386945874,0.0049140115270036,0.5353445165544152,0.004862844398342,0.7747343984728776,0.5304816721560731,9.959349632263184,True,0.0021156268938960997,0.0034892824654392,,,weak,/home/zsh/ConceptSkillCDM/results/crg_lcrf_core3_final_20260520/crg_support_controls/assist_09/crg_support_corruption_control.csv,auc_bce,0.0027983846331075,0.0013735619329028,direct_unseen_bridgeable
assist_09,evidence_support_corruption,0.25,43,high_support_mass,12637,0.7457222653035751,0.0060205761749903,0.5114761064578113,0.0072570294552517,0.7517428414785654,0.5042190770025595,9.959349632263184,True,0.0053401939486308996,0.007174112405663628,,,weak,/home/zsh/ConceptSkillCDM/results/crg_lcrf_core3_final_20260520/crg_support_controls/assist_09/crg_support_corruption_control.csv,auc_bce,0.0006803822263594,8.291704958807156e-05,high_crg_mass
assist_09,evidence_support_corruption,0.25,43,query_seq_top5_q4_high,12141,0.7887487141990285,0.0090423295191908,0.5083756427008437,0.0122332723534197,0.7977910437182193,0.4961423703474239,9.959349632263184,True,0.006356169048302799,0.0096290129830246,,,weak,/home/zsh/ConceptSkillCDM/results/crg_lcrf_core3_final_20260520/crg_support_controls/assist_09/crg_support_corruption_control.csv,auc_bce,0.002686160470888,0.0026042593703951,high_seq_support
assist_09,evidence_support_corruption,0.25,43,multi_concept,8419,0.7420374564132071,0.009679215116622,0.5620485207111579,0.0134546854252429,0.7517166715298291,0.5485938352859149,9.959349632263184,True,0.0095234448531653,0.0143456818113993,,,weak,/home/zsh/ConceptSkillCDM/results/crg_lcrf_core3_final_20260520/crg_support_controls/assist_09/crg_support_corruption_control.csv,auc_bce,0.0001557702634567,-0.0008909963861564,direct_seen
assist_09,evidence_support_corruption,0.25,43,direct_seen,49506,0.7678807530982996,0.0046966242407826,0.5397732979951773,0.0047325079996426,0.7725773773390823,0.5350407899955346,9.959349632263184,True,0.0019756027490834003,0.0034428659458949,,,weak,/home/zsh/ConceptSkillCDM/results/crg_lcrf_core3_final_20260520/crg_support_controls/assist_09/crg_support_corruption_control.csv,auc_bce,0.0027210214916992,0.0012896420537477,direct_seen
assist_09,evidence_support_corruption,0.25,43,direct_unseen,1584,0.8075707765471897,0.0104664095280418,0.399218197862461,0.0046460651573884,0.8180371860752316,0.3945721327050726,9.959349632263184,True,0.001539394504828,0.0009251401400693997,,,weak,/home/zsh/ConceptSkillCDM/results/crg_lcrf_core3_final_20260520/crg_support_controls/assist_09/crg_support_corruption_control.csv,auc_bce,0.0089270150232138,0.003720925017319,direct_unseen
assist_09,evidence_support_corruption,0.25,43,direct_unseen_bridgeable,1584,0.8075707765471897,0.0104664095280418,0.399218197862461,0.0046460651573884,0.8180371860752316,0.3945721327050726,9.959349632263184,True,0.001539394504828,0.0009251401400693997,,,weak,/home/zsh/ConceptSkillCDM/results/crg_lcrf_core3_final_20260520/crg_support_controls/assist_09/crg_support_corruption_control.csv,auc_bce,0.0089270150232138,0.003720925017319,direct_unseen_bridgeable
assist_09,evidence_support_corruption,0.25,43,high_seq_support,12141,0.7887487141990285,0.0090423295191908,0.5083756427008437,0.0122332723534197,0.7977910437182193,0.4961423703474239,9.959349632263184,True,0.006356169048302799,0.0096290129830246,,,weak,/home/zsh/ConceptSkillCDM/results/crg_lcrf_core3_final_20260520/crg_support_controls/assist_09/crg_support_corruption_control.csv,auc_bce,0.002686160470888,0.0026042593703951,high_seq_support
assist_09,evidence_support_corruption,0.25,43,high_crg_mass,12637,0.7457222653035751,0.0060205761749903,0.5114761064578113,0.0072570294552517,0.7517428414785654,0.5042190770025595,9.959349632263184,True,0.0053401939486308996,0.007174112405663628,,,weak,/home/zsh/ConceptSkillCDM/results/crg_lcrf_core3_final_20260520/crg_support_controls/assist_09/crg_support_corruption_control.csv,auc_bce,0.0006803822263594,8.291704958807156e-05,high_crg_mass
assist_09,evidence_support_corruption,0.25,43,short_history,25670,0.7779250168244263,0.0049771092711499,0.5520958848446884,0.0040933019864947,0.7829021260955762,0.5480025828581937,9.959349632263184,True,0.0012155358019559997,0.0021345179566861997,,,weak,/home/zsh/ConceptSkillCDM/results/crg_lcrf_core3_final_20260520/crg_support_controls/assist_09/crg_support_corruption_control.csv,auc_bce,0.0037615734691939,0.0019587840298085,short_history
assist_09,evidence_support_corruption,0.25,43,long_history,25420,0.7527911841105037,0.0048248020079562,0.5185710917387976,0.0053726139357318,0.7576159861184599,0.5131984778030657,9.959349632263184,True,0.0031248913582083,0.004607193845444901,,,weak,/home/zsh/ConceptSkillCDM/results/crg_lcrf_core3_final_20260520/crg_support_controls/assist_09/crg_support_corruption_control.csv,auc_bce,0.0016999106497479,0.0007654200902869,long_history
assist_09,evidence_support_corruption,0.25,44,all,51090,0.7702015840193313,0.0047609275511603,0.535415512159723,0.004729827921638,0.7749625115704916,0.530685684238085,9.959349632263184,True,0.0033050731399206007,0.003258222749328,,,weak,/home/zsh/ConceptSkillCDM/results/crg_lcrf_core3_final_20260520/crg_support_controls/assist_09/crg_support_corruption_control.csv,auc_bce,0.0014558544112397,0.00147160517231,all
assist_09,evidence_support_corruption,0.25,44,graph_hits_history,50529,0.769820386945874,0.0049140115270036,0.5353445165598947,0.0048628444038215,0.7747343984728776,0.5304816721560731,9.959349632263184,True,0.0034714748529809996,0.0033743161960569003,,,weak,/home/zsh/ConceptSkillCDM/results/crg_lcrf_core3_final_20260520/crg_support_controls/assist_09/crg_support_corruption_control.csv,auc_bce,0.0014425366740226,0.0014885282077646,direct_unseen_bridgeable
assist_09,evidence_support_corruption,0.25,44,high_support_mass,12637,0.7457222653035751,0.0060205761749903,0.5114761064578113,0.0072570294552517,0.7517428414785654,0.5042190770025595,9.959349632263184,True,0.0059807538405709515,0.007251979149653536,,,weak,/home/zsh/ConceptSkillCDM/results/crg_lcrf_core3_final_20260520/crg_support_controls/assist_09/crg_support_corruption_control.csv,auc_bce,3.982233441934824e-05,5.0503055981643286e-06,high_crg_mass
assist_09,evidence_support_corruption,0.25,44,query_seq_top5_q4_high,12141,0.7887487141990285,0.0090423295191908,0.5083756427008437,0.0122332723534197,0.7977910437182193,0.4961423703474239,9.959349632263184,True,0.0061680748256474,0.0101361307300715,,,weak,/home/zsh/ConceptSkillCDM/results/crg_lcrf_core3_final_20260520/crg_support_controls/assist_09/crg_support_corruption_control.csv,auc_bce,0.0028742546935434,0.0020971416233482,high_seq_support
assist_09,evidence_support_corruption,0.25,44,multi_concept,8419,0.7420374564132071,0.009679215116622,0.562048520744044,0.0134546854581291,0.7517166715298291,0.5485938352859149,9.959349632263184,True,0.0095773247190142,0.01347015671563877,,,weak,/home/zsh/ConceptSkillCDM/results/crg_lcrf_core3_final_20260520/crg_support_controls/assist_09/crg_support_corruption_control.csv,auc_bce,0.0001018903976078,-1.5471257509669378e-05,direct_seen
assist_09,evidence_support_corruption,0.25,44,direct_seen,49506,0.7678807530982996,0.0046966242407826,0.5397732980007699,0.0047325080052352,0.7725773773390823,0.5350407899955346,9.959349632263184,True,0.0032757661140754004,0.0032833673299747,,,weak,/home/zsh/ConceptSkillCDM/results/crg_lcrf_core3_final_20260520/crg_support_controls/assist_09/crg_support_corruption_control.csv,auc_bce,0.0014208581267072,0.0014491406752605,direct_seen
assist_09,evidence_support_corruption,0.25,44,direct_unseen,1584,0.8075707765471897,0.0104664095280418,0.399218197862461,0.0046460651573884,0.8180371860752316,0.3945721327050726,9.959349632263184,True,0.0059267916023206,0.0024723593594925997,,,weak,/home/zsh/ConceptSkillCDM/results/crg_lcrf_core3_final_20260520/crg_support_controls/assist_09/crg_support_corruption_control.csv,auc_bce,0.0045396179257212,0.0021737057978958,direct_unseen
assist_09,evidence_support_corruption,0.25,44,direct_unseen_bridgeable,1584,0.8075707765471897,0.0104664095280418,0.399218197862461,0.0046460651573884,0.8180371860752316,0.3945721327050726,9.959349632263184,True,0.0059267916023206,0.0024723593594925997,,,weak,/home/zsh/ConceptSkillCDM/results/crg_lcrf_core3_final_20260520/crg_support_controls/assist_09/crg_support_corruption_control.csv,auc_bce,0.0045396179257212,0.0021737057978958,direct_unseen_bridgeable
assist_09,evidence_support_corruption,0.25,44,high_seq_support,12141,0.7887487141990285,0.0090423295191908,0.5083756427008437,0.0122332723534197,0.7977910437182193,0.4961423703474239,9.959349632263184,True,0.0061680748256474,0.0101361307300715,,,weak,/home/zsh/ConceptSkillCDM/results/crg_lcrf_core3_final_20260520/crg_support_controls/assist_09/crg_support_corruption_control.csv,auc_bce,0.0028742546935434,0.0020971416233482,high_seq_support
assist_09,evidence_support_corruption,0.25,44,high_crg_mass,12637,0.7457222653035751,0.0060205761749903,0.5114761064578113,0.0072570294552517,0.7517428414785654,0.5042190770025595,9.959349632263184,True,0.0059807538405709515,0.007251979149653536,,,weak,/home/zsh/ConceptSkillCDM/results/crg_lcrf_core3_final_20260520/crg_support_controls/assist_09/crg_support_corruption_control.csv,auc_bce,3.982233441934824e-05,5.0503055981643286e-06,high_crg_mass
assist_09,evidence_support_corruption,0.25,44,short_history,25670,0.7779250168244263,0.0049771092711499,0.5520958848554741,0.0040933019972804,0.7829021260955762,0.5480025828581937,9.959349632263184,True,0.0028618732827906,0.0020230133704205004,,,weak,/home/zsh/ConceptSkillCDM/results/crg_lcrf_core3_final_20260520/crg_support_controls/assist_09/crg_support_corruption_control.csv,auc_bce,0.0021152359883593,0.0020702886268599,short_history
assist_09,evidence_support_corruption,0.25,44,long_history,25420,0.7527911841105037,0.0048248020079562,0.5185710917387976,0.0053726139357318,0.7576159861184599,0.5131984778030657,9.959349632263184,True,0.0041515254267014004,0.0045055801355024004,,,weak,/home/zsh/ConceptSkillCDM/results/crg_lcrf_core3_final_20260520/crg_support_controls/assist_09/crg_support_corruption_control.csv,auc_bce,0.0006732765812548,0.0008670338002294,long_history
assist_09,evidence_support_corruption,0.25,45,all,51090,0.7702015840193313,0.0047609275511603,0.53541551215088,0.0047298279127949,0.7749625115704916,0.530685684238085,9.959349632263184,True,0.0037644832090498004,0.0033017126490350003,,,weak,/home/zsh/ConceptSkillCDM/results/crg_lcrf_core3_final_20260520/crg_support_controls/assist_09/crg_support_corruption_control.csv,auc_bce,0.0009964443421105,0.0014281152637599,all
assist_09,evidence_support_corruption,0.25,45,graph_hits_history,50529,0.769820386945874,0.0049140115270036,0.5353445165509533,0.0048628443948801,0.7747343984728776,0.5304816721560731,9.959349632263184,True,0.0039448704584566,0.0034754926419493,,,weak,/home/zsh/ConceptSkillCDM/results/crg_lcrf_core3_final_20260520/crg_support_controls/assist_09/crg_support_corruption_control.csv,auc_bce,0.000969141068547,0.0013873517529308,direct_unseen_bridgeable
assist_09,evidence_support_corruption,0.25,45,high_support_mass,12637,0.7457222653035751,0.0060205761749903,0.5114761064421915,0.007257029439632,0.7517428414785654,0.5042190770025595,9.959349632263184,True,0.00601441694526017,0.0069793020303696,,,weak,/home/zsh/ConceptSkillCDM/results/crg_lcrf_core3_final_20260520/crg_support_controls/assist_09/crg_support_corruption_control.csv,auc_bce,6.15922973012939e-06,0.0002777274092624,high_crg_mass
assist_09,evidence_support_corruption,0.25,45,query_seq_top5_q4_high,12141,0.7887487141990285,0.0090423295191908,0.5083756427008437,0.0122332723534197,0.7977910437182193,0.4961423703474239,9.959349632263184,True,0.0088782700001661,0.011316613066098399,,,weak,/home/zsh/ConceptSkillCDM/results/crg_lcrf_core3_final_20260520/crg_support_controls/assist_09/crg_support_corruption_control.csv,auc_bce,0.0001640595190247,0.0009166592873213,high_seq_support
assist_09,evidence_support_corruption,0.25,45,multi_concept,8419,0.7420374564132071,0.009679215116622,0.5620485206903802,0.0134546854044653,0.7517166715298291,0.5485938352859149,9.959349632263184,True,0.0088605517024982,0.013459846872691123,,,weak,/home/zsh/ConceptSkillCDM/results/crg_lcrf_core3_final_20260520/crg_support_controls/assist_09/crg_support_corruption_control.csv,auc_bce,0.0008186634141238,-5.161468225822752e-06,direct_seen
assist_09,evidence_support_corruption,0.25,45,direct_seen,49506,0.7678807530982996,0.0046966242407826,0.5397732979916438,0.0047325079961091,0.7725773773390823,0.5350407899955346,9.959349632263184,True,0.0038259256295297005,0.0033470978242708003,,,weak,/home/zsh/ConceptSkillCDM/results/crg_lcrf_core3_final_20260520/crg_support_controls/assist_09/crg_support_corruption_control.csv,auc_bce,0.0008706986112529,0.0013854101718383,direct_seen
assist_09,evidence_support_corruption,0.25,45,direct_unseen,1584,0.8075707765471897,0.0104664095280418,0.399218197862461,0.0046460651573884,0.8180371860752316,0.3945721327050726,9.959349632263184,True,0.0037122240690591005,0.0018832540093646996,,,weak,/home/zsh/ConceptSkillCDM/results/crg_lcrf_core3_final_20260520/crg_support_controls/assist_09/crg_support_corruption_control.csv,auc_bce,0.0067541854589827,0.0027628111480237,direct_unseen
assist_09,evidence_support_corruption,0.25,45,direct_unseen_bridgeable,1584,0.8075707765471897,0.0104664095280418,0.399218197862461,0.0046460651573884,0.8180371860752316,0.3945721327050726,9.959349632263184,True,0.0037122240690591005,0.0018832540093646996,,,weak,/home/zsh/ConceptSkillCDM/results/crg_lcrf_core3_final_20260520/crg_support_controls/assist_09/crg_support_corruption_control.csv,auc_bce,0.0067541854589827,0.0027628111480237,direct_unseen_bridgeable
assist_09,evidence_support_corruption,0.25,45,high_seq_support,12141,0.7887487141990285,0.0090423295191908,0.5083756427008437,0.0122332723534197,0.7977910437182193,0.4961423703474239,9.959349632263184,True,0.0088782700001661,0.011316613066098399,,,weak,/home/zsh/ConceptSkillCDM/results/crg_lcrf_core3_final_20260520/crg_support_controls/assist_09/crg_support_corruption_control.csv,auc_bce,0.0001640595190247,0.0009166592873213,high_seq_support
assist_09,evidence_support_corruption,0.25,45,high_crg_mass,12637,0.7457222653035751,0.0060205761749903,0.5114761064421915,0.007257029439632,0.7517428414785654,0.5042190770025595,9.959349632263184,True,0.00601441694526017,0.0069793020303696,,,weak,/home/zsh/ConceptSkillCDM/results/crg_lcrf_core3_final_20260520/crg_support_controls/assist_09/crg_support_corruption_control.csv,auc_bce,6.15922973012939e-06,0.0002777274092624,high_crg_mass
assist_09,evidence_support_corruption,0.25,45,short_history,25670,0.7779250168244263,0.0049771092711499,0.5520958848455633,0.0040933019873695,0.7829021260955762,0.5480025828581937,9.959349632263184,True,0.0036057381605827995,0.0025895697972551004,,,weak,/home/zsh/ConceptSkillCDM/results/crg_lcrf_core3_final_20260520/crg_support_controls/assist_09/crg_support_corruption_control.csv,auc_bce,0.0013713711105671,0.0015037321901144,short_history
assist_09,evidence_support_corruption,0.25,45,long_history,25420,0.7527911841105037,0.0048248020079562,0.5185710917310327,0.0053726139279669,0.7576159861184599,0.5131984778030657,9.959349632263184,True,0.0040411598799208,0.0040208592660761,,,weak,/home/zsh/ConceptSkillCDM/results/crg_lcrf_core3_final_20260520/crg_support_controls/assist_09/crg_support_corruption_control.csv,auc_bce,0.0007836421280354,0.0013517546618908,long_history
assist_09,evidence_support_corruption,0.25,46,all,51090,0.7702015840193313,0.0047609275511603,0.5354155121549355,0.0047298279168505,0.7749625115704916,0.530685684238085,9.959349632263184,True,0.0024549613790456003,0.0027628885165199,,,weak,/home/zsh/ConceptSkillCDM/results/crg_lcrf_core3_final_20260520/crg_support_controls/assist_09/crg_support_corruption_control.csv,auc_bce,0.0023059661721147,0.0019669394003306,all
assist_09,evidence_support_corruption,0.25,46,graph_hits_history,50529,0.769820386945874,0.0049140115270036,0.5353445165550539,0.0048628443989807,0.7747343984728776,0.5304816721560731,9.959349632263184,True,0.0025379095215544998,0.0028181544395466,,,weak,/home/zsh/ConceptSkillCDM/results/crg_lcrf_core3_final_20260520/crg_support_controls/assist_09/crg_support_corruption_control.csv,auc_bce,0.0023761020054491,0.0020446899594341,direct_unseen_bridgeable
assist_09,evidence_support_corruption,0.25,46,high_support_mass,12637,0.7457222653035751,0.0060205761749903,0.5114761064421915,0.007257029439632,0.7517428414785654,0.5042190770025595,9.959349632263184,True,0.0043599470236931,0.0050011660047763005,,,weak,/home/zsh/ConceptSkillCDM/results/crg_lcrf_core3_final_20260520/crg_support_controls/assist_09/crg_support_corruption_control.csv,auc_bce,0.0016606291512972,0.0022558634348557,high_crg_mass
assist_09,evidence_support_corruption,0.25,46,query_seq_top5_q4_high,12141,0.7887487141990285,0.0090423295191908,0.5083756427008437,0.0122332723534197,0.7977910437182193,0.4961423703474239,9.959349632263184,True,0.006835177033169,0.009263568902086499,,,weak,/home/zsh/ConceptSkillCDM/results/crg_lcrf_core3_final_20260520/crg_support_controls/assist_09/crg_support_corruption_control.csv,auc_bce,0.0022071524860218,0.0029697034513332,high_seq_support
assist_09,evidence_support_corruption,0.25,46,multi_concept,8419,0.7420374564132071,0.009679215116622,0.5620485207149912,0.0134546854290763,0.7517166715298291,0.5485938352859149,9.959349632263184,True,0.0067495789296248,0.007850002810485299,,,weak,/home/zsh/ConceptSkillCDM/results/crg_lcrf_core3_final_20260520/crg_support_controls/assist_09/crg_support_corruption_control.csv,auc_bce,0.0029296361869972,0.005604682618591,direct_seen
assist_09,evidence_support_corruption,0.25,46,direct_seen,49506,0.7678807530982996,0.0046966242407826,0.5397732979958292,0.0047325080002945,0.7725773773390823,0.5350407899955346,9.959349632263184,True,0.0024989953248176003,0.0028822194824108006,,,weak,/home/zsh/ConceptSkillCDM/results/crg_lcrf_core3_final_20260520/crg_support_controls/assist_09/crg_support_corruption_control.csv,auc_bce,0.002197628915965,0.0018502885178837,direct_seen
assist_09,evidence_support_corruption,0.25,46,direct_unseen,1584,0.8075707765471897,0.0104664095280418,0.399218197862461,0.0046460651573884,0.8180371860752316,0.3945721327050726,9.959349632263184,True,0.0003977382931134015,-0.0009666561788104003,,,weak,/home/zsh/ConceptSkillCDM/results/crg_lcrf_core3_final_20260520/crg_support_controls/assist_09/crg_support_corruption_control.csv,auc_bce,0.0100686712349284,0.0056127213361988,direct_unseen
assist_09,evidence_support_corruption,0.25,46,direct_unseen_bridgeable,1584,0.8075707765471897,0.0104664095280418,0.399218197862461,0.0046460651573884,0.8180371860752316,0.3945721327050726,9.959349632263184,True,0.0003977382931134015,-0.0009666561788104003,,,weak,/home/zsh/ConceptSkillCDM/results/crg_lcrf_core3_final_20260520/crg_support_controls/assist_09/crg_support_corruption_control.csv,auc_bce,0.0100686712349284,0.0056127213361988,direct_unseen_bridgeable
assist_09,evidence_support_corruption,0.25,46,high_seq_support,12141,0.7887487141990285,0.0090423295191908,0.5083756427008437,0.0122332723534197,0.7977910437182193,0.4961423703474239,9.959349632263184,True,0.006835177033169,0.009263568902086499,,,weak,/home/zsh/ConceptSkillCDM/results/crg_lcrf_core3_final_20260520/crg_support_controls/assist_09/crg_support_corruption_control.csv,auc_bce,0.0022071524860218,0.0029697034513332,high_seq_support
assist_09,evidence_support_corruption,0.25,46,high_crg_mass,12637,0.7457222653035751,0.0060205761749903,0.5114761064421915,0.007257029439632,0.7517428414785654,0.5042190770025595,9.959349632263184,True,0.0043599470236931,0.0050011660047763005,,,weak,/home/zsh/ConceptSkillCDM/results/crg_lcrf_core3_final_20260520/crg_support_controls/assist_09/crg_support_corruption_control.csv,auc_bce,0.0016606291512972,0.0022558634348557,high_crg_mass
assist_09,evidence_support_corruption,0.25,46,short_history,25670,0.7779250168244263,0.0049771092711499,0.552095884853635,0.0040933019954413,0.7829021260955762,0.5480025828581937,9.959349632263184,True,0.0020414514655263,0.0019690409369058004,,,weak,/home/zsh/ConceptSkillCDM/results/crg_lcrf_core3_final_20260520/crg_support_controls/assist_09/crg_support_corruption_control.csv,auc_bce,0.0029356578056236,0.0021242610585355,short_history
assist_09,evidence_support_corruption,0.25,46,long_history,25420,0.7527911841105037,0.0048248020079562,0.5185710917310327,0.0053726139279669,0.7576159861184599,0.5131984778030657,9.959349632263184,True,0.0030359007482444003,0.0035645434090727005,,,weak,/home/zsh/ConceptSkillCDM/results/crg_lcrf_core3_final_20260520/crg_support_controls/assist_09/crg_support_corruption_control.csv,auc_bce,0.0017889012597118,0.0018080705188942,long_history
assist_09,evidence_support_corruption,0.5,42,all,51090,0.7696546265783222,0.0053078849921693,0.5359610635026236,0.0052753792645385,0.7749625115704916,0.530685684238085,7.0731706619262695,True,0.0013240540125001006,0.0031049548085858,,,weak,/home/zsh/ConceptSkillCDM/results/crg_lcrf_core3_final_20260520/crg_support_controls/assist_09/crg_support_corruption_control.csv,auc_bce,0.0039838309796692,0.0021704244559527,all
assist_09,evidence_support_corruption,0.5,42,graph_hits_history,50529,0.7692210094855327,0.0055133889873448,0.5359141183821163,0.0054324462260432,0.7747343984728776,0.5304816721560731,7.0731706619262695,True,0.0014090459681900995,0.0031505878669033003,,,weak,/home/zsh/ConceptSkillCDM/results/crg_lcrf_core3_final_20260520/crg_support_controls/assist_09/crg_support_corruption_control.csv,auc_bce,0.0041043430191547,0.0022818583591399,direct_unseen_bridgeable
assist_09,evidence_support_corruption,0.5,42,high_support_mass,12637,0.7458760412642558,0.0058668002143096,0.5114286670159428,0.0072095900133832,0.7517428414785654,0.5042190770025595,7.0731706619262695,True,0.0009597056574998999,0.0034836857785585,,,weak,/home/zsh/ConceptSkillCDM/results/crg_lcrf_core3_final_20260520/crg_support_controls/assist_09/crg_support_corruption_control.csv,auc_bce,0.0049070945568097,0.0037259042348247,high_crg_mass
assist_09,evidence_support_corruption,0.5,42,query_seq_top5_q4_high,12141,0.7893282352826649,0.0084628084355543,0.508782001257744,0.01263963091032,0.7977910437182193,0.4961423703474239,7.0731706619262695,True,0.0058887091738509,0.007782934342669401,,,weak,/home/zsh/ConceptSkillCDM/results/crg_lcrf_core3_final_20260520/crg_support_controls/assist_09/crg_support_corruption_control.csv,auc_bce,0.0025740992617034,0.0048566965676506,high_seq_support
assist_09,evidence_support_corruption,0.5,42,multi_concept,8419,0.7427311868588529,0.0089854846709762,0.5627445234605772,0.0141506881746623,0.7517166715298291,0.5485938352859149,7.0731706619262695,True,0.0040189721721517,0.0067040453621531,,,weak,/home/zsh/ConceptSkillCDM/results/crg_lcrf_core3_final_20260520/crg_support_controls/assist_09/crg_support_corruption_control.csv,auc_bce,0.0049665124988245,0.0074466428125092,direct_seen
assist_09,evidence_support_corruption,0.5,42,direct_seen,49506,0.7674689555549339,0.0051084217841483,0.5402150852418228,0.0051742952462882,0.7725773773390823,0.5350407899955346,7.0731706619262695,True,0.0011080217213701006,0.0030294791447706996,,,weak,/home/zsh/ConceptSkillCDM/results/crg_lcrf_core3_final_20260520/crg_support_controls/assist_09/crg_support_corruption_control.csv,auc_bce,0.0040004000627782,0.0021448161015175,direct_seen
assist_09,evidence_support_corruption,0.5,42,direct_unseen,1584,0.8017642885026627,0.0162728975725688,0.4030067704339382,0.0084346377288656,0.8180371860752316,0.3945721327050726,7.0731706619262695,True,0.0102970024772711,0.005463855195467699,,,weak,/home/zsh/ConceptSkillCDM/results/crg_lcrf_core3_final_20260520/crg_support_controls/assist_09/crg_support_corruption_control.csv,auc_bce,0.0059758950952977,0.0029707825333979,direct_unseen
assist_09,evidence_support_corruption,0.5,42,direct_unseen_bridgeable,1584,0.8017642885026627,0.0162728975725688,0.4030067704339382,0.0084346377288656,0.8180371860752316,0.3945721327050726,7.0731706619262695,True,0.0102970024772711,0.005463855195467699,,,weak,/home/zsh/ConceptSkillCDM/results/crg_lcrf_core3_final_20260520/crg_support_controls/assist_09/crg_support_corruption_control.csv,auc_bce,0.0059758950952977,0.0029707825333979,direct_unseen_bridgeable
assist_09,evidence_support_corruption,0.5,42,high_seq_support,12141,0.7893282352826649,0.0084628084355543,0.508782001257744,0.01263963091032,0.7977910437182193,0.4961423703474239,7.0731706619262695,True,0.0058887091738509,0.007782934342669401,,,weak,/home/zsh/ConceptSkillCDM/results/crg_lcrf_core3_final_20260520/crg_support_controls/assist_09/crg_support_corruption_control.csv,auc_bce,0.0025740992617034,0.0048566965676506,high_seq_support
assist_09,evidence_support_corruption,0.5,42,high_crg_mass,12637,0.7458760412642558,0.0058668002143096,0.5114286670159428,0.0072095900133832,0.7517428414785654,0.5042190770025595,7.0731706619262695,True,0.0009597056574998999,0.0034836857785585,,,weak,/home/zsh/ConceptSkillCDM/results/crg_lcrf_core3_final_20260520/crg_support_controls/assist_09/crg_support_corruption_control.csv,auc_bce,0.0049070945568097,0.0037259042348247,high_crg_mass
assist_09,evidence_support_corruption,0.5,42,short_history,25670,0.7769277403190653,0.0059743857765108,0.5529776590710658,0.004975076212872,0.7829021260955762,0.5480025828581937,7.0731706619262695,True,0.0027874163692552,0.003844688038794,,,weak,/home/zsh/ConceptSkillCDM/results/crg_lcrf_core3_final_20260520/crg_support_controls/assist_09/crg_support_corruption_control.csv,auc_bce,0.0031869694072556,0.001130388174078,short_history
assist_09,evidence_support_corruption,0.5,42,long_history,25420,0.752692980035711,0.0049230060827489,0.518777113532446,0.0055786357293803,0.7576159861184599,0.5131984778030657,7.0731706619262695,True,-0.0005272710604593998,0.0023579464679309003,,,weak,/home/zsh/ConceptSkillCDM/results/crg_lcrf_core3_final_20260520/crg_support_controls/assist_09/crg_support_corruption_control.csv,auc_bce,0.0054502771432083,0.0032206892614494,long_history
assist_09,evidence_support_corruption,0.5,43,all,51090,0.7696546265783222,0.0053078849921693,0.5359610635089965,0.0052753792709114,0.7749625115704916,0.530685684238085,7.0731706619262695,True,-0.00013532182579679974,0.0023168859433046,,,weak,/home/zsh/ConceptSkillCDM/results/crg_lcrf_core3_final_20260520/crg_support_controls/assist_09/crg_support_corruption_control.csv,auc_bce,0.0054432068179661,0.0029584933276068,all
assist_09,evidence_support_corruption,0.5,43,graph_hits_history,50529,0.7692210094855327,0.0055133889873448,0.53591411838856,0.0054324462324868,0.7747343984728776,0.5304816721560731,7.0731706619262695,True,4.2834896764099885e-05,0.0024391187579843004,,,weak,/home/zsh/ConceptSkillCDM/results/crg_lcrf_core3_final_20260520/crg_support_controls/assist_09/crg_support_corruption_control.csv,auc_bce,0.0054705540905807,0.0029933274745025,direct_unseen_bridgeable
assist_09,evidence_support_corruption,0.5,43,high_support_mass,12637,0.7458760412642558,0.0058668002143096,0.5114286670159428,0.0072095900133832,0.7517428414785654,0.5042190770025595,7.0731706619262695,True,0.0013202332555432,0.0032632887564275,,,weak,/home/zsh/ConceptSkillCDM/results/crg_lcrf_core3_final_20260520/crg_support_controls/assist_09/crg_support_corruption_control.csv,auc_bce,0.0045465669587664,0.0039463012569557,high_crg_mass
assist_09,evidence_support_corruption,0.5,43,query_seq_top5_q4_high,12141,0.7893282352826649,0.0084628084355543,0.508782001257744,0.01263963091032,0.7977910437182193,0.4961423703474239,7.0731706619262695,True,0.0021661296530215,0.0016959741010072003,,,weak,/home/zsh/ConceptSkillCDM/results/crg_lcrf_core3_final_20260520/crg_support_controls/assist_09/crg_support_corruption_control.csv,auc_bce,0.0062966787825328,0.0109436568093128,high_seq_support
assist_09,evidence_support_corruption,0.5,43,multi_concept,8419,0.7427311868588529,0.0089854846709762,0.5627445234992509,0.0141506882133359,0.7517166715298291,0.5485938352859149,7.0731706619262695,True,0.002446239073567,0.009487732536452402,,,weak,/home/zsh/ConceptSkillCDM/results/crg_lcrf_core3_final_20260520/crg_support_controls/assist_09/crg_support_corruption_control.csv,auc_bce,0.0065392455974092,0.0046629556768835,direct_seen
assist_09,evidence_support_corruption,0.5,43,direct_seen,49506,0.7674689555549339,0.0051084217841483,0.5402150852483997,0.005174295252865,0.7725773773390823,0.5350407899955346,7.0731706619262695,True,-0.0002213746371042,0.0023451508560043003,,,weak,/home/zsh/ConceptSkillCDM/results/crg_lcrf_core3_final_20260520/crg_support_controls/assist_09/crg_support_corruption_control.csv,auc_bce,0.0053297964212525,0.0028291443968607,direct_seen
assist_09,evidence_support_corruption,0.5,43,direct_unseen,1584,0.8017642885026627,0.0162728975725688,0.4030067704339382,0.0084346377288656,0.8180371860752316,0.3945721327050726,7.0731706619262695,True,0.0049078941230483,0.0014335003573754,,,weak,/home/zsh/ConceptSkillCDM/results/crg_lcrf_core3_final_20260520/crg_support_controls/assist_09/crg_support_corruption_control.csv,auc_bce,0.0113650034495205,0.0070011373714902,direct_unseen
assist_09,evidence_support_corruption,0.5,43,direct_unseen_bridgeable,1584,0.8017642885026627,0.0162728975725688,0.4030067704339382,0.0084346377288656,0.8180371860752316,0.3945721327050726,7.0731706619262695,True,0.0049078941230483,0.0014335003573754,,,weak,/home/zsh/ConceptSkillCDM/results/crg_lcrf_core3_final_20260520/crg_support_controls/assist_09/crg_support_corruption_control.csv,auc_bce,0.0113650034495205,0.0070011373714902,direct_unseen_bridgeable
assist_09,evidence_support_corruption,0.5,43,high_seq_support,12141,0.7893282352826649,0.0084628084355543,0.508782001257744,0.01263963091032,0.7977910437182193,0.4961423703474239,7.0731706619262695,True,0.0021661296530215,0.0016959741010072003,,,weak,/home/zsh/ConceptSkillCDM/results/crg_lcrf_core3_final_20260520/crg_support_controls/assist_09/crg_support_corruption_control.csv,auc_bce,0.0062966787825328,0.0109436568093128,high_seq_support
assist_09,evidence_support_corruption,0.5,43,high_crg_mass,12637,0.7458760412642558,0.0058668002143096,0.5114286670159428,0.0072095900133832,0.7517428414785654,0.5042190770025595,7.0731706619262695,True,0.0013202332555432,0.0032632887564275,,,weak,/home/zsh/ConceptSkillCDM/results/crg_lcrf_core3_final_20260520/crg_support_controls/assist_09/crg_support_corruption_control.csv,auc_bce,0.0045465669587664,0.0039463012569557,high_crg_mass
assist_09,evidence_support_corruption,0.5,43,short_history,25670,0.7769277403190653,0.0059743857765108,0.5529776590837497,0.004975076225556,0.7829021260955762,0.5480025828581937,7.0731706619262695,True,-5.0696984268500285e-05,0.0019671264093459,,,weak,/home/zsh/ConceptSkillCDM/results/crg_lcrf_core3_final_20260520/crg_support_controls/assist_09/crg_support_corruption_control.csv,auc_bce,0.0060250827607793,0.0030079498162101,short_history
assist_09,evidence_support_corruption,0.5,43,long_history,25420,0.752692980035711,0.0049230060827489,0.518777113532446,0.0055786357293803,0.7576159861184599,0.5131984778030657,7.0731706619262695,True,0.00015791064433480061,0.0026700852838523,,,weak,/home/zsh/ConceptSkillCDM/results/crg_lcrf_core3_final_20260520/crg_support_controls/assist_09/crg_support_corruption_control.csv,auc_bce,0.0047650954384141,0.002908550445528,long_history
assist_09,evidence_support_corruption,0.5,44,all,51090,0.7696546265783222,0.0053078849921693,0.5359610635097514,0.0052753792716663,0.7749625115704916,0.530685684238085,7.0731706619262695,True,-0.0002736460416449,-0.0005457177538136003,,,weak,/home/zsh/ConceptSkillCDM/results/crg_lcrf_core3_final_20260520/crg_support_controls/assist_09/crg_support_corruption_control.csv,auc_bce,0.0055815310338142,0.0058210970254799,all
assist_09,evidence_support_corruption,0.5,44,graph_hits_history,50529,0.7692210094855327,0.0055133889873448,0.5359141183893231,0.00543244623325,0.7747343984728776,0.5304816721560731,7.0731706619262695,True,-6.634261959800013e-05,-0.0004176002338841002,,,weak,/home/zsh/ConceptSkillCDM/results/crg_lcrf_core3_final_20260520/crg_support_controls/assist_09/crg_support_corruption_control.csv,auc_bce,0.0055797316069428,0.0058500464671341,direct_unseen_bridgeable
assist_09,evidence_support_corruption,0.5,44,high_support_mass,12637,0.7458760412642558,0.0058668002143096,0.5114286670159428,0.0072095900133832,0.7517428414785654,0.5042190770025595,7.0731706619262695,True,-0.0048999429192204,-0.0027339305003691,,,weak,/home/zsh/ConceptSkillCDM/results/crg_lcrf_core3_final_20260520/crg_support_controls/assist_09/crg_support_corruption_control.csv,auc_bce,0.01076674313353,0.0099435205137523,high_crg_mass
assist_09,evidence_support_corruption,0.5,44,query_seq_top5_q4_high,12141,0.7893282352826649,0.0084628084355543,0.508782001257744,0.01263963091032,0.7977910437182193,0.4961423703474239,7.0731706619262695,True,-0.0058854642502633,-0.003829003832374398,,,weak,/home/zsh/ConceptSkillCDM/results/crg_lcrf_core3_final_20260520/crg_support_controls/assist_09/crg_support_corruption_control.csv,auc_bce,0.0143482726858176,0.0164686347426944,high_seq_support
assist_09,evidence_support_corruption,0.5,44,multi_concept,8419,0.7427311868588529,0.0089854846709762,0.5627445235038311,0.0141506882179162,0.7517166715298291,0.5485938352859149,7.0731706619262695,True,-0.0050961347236388,4.900372497620119e-05,,,weak,/home/zsh/ConceptSkillCDM/results/crg_lcrf_core3_final_20260520/crg_support_controls/assist_09/crg_support_corruption_control.csv,auc_bce,0.014081619394615,0.01410168449294,direct_seen
assist_09,evidence_support_corruption,0.5,44,direct_seen,49506,0.7674689555549339,0.0051084217841483,0.5402150852491786,0.0051742952536439,0.7725773773390823,0.5350407899955346,7.0731706619262695,True,-0.0003032161750862999,-0.0005552647392603003,,,weak,/home/zsh/ConceptSkillCDM/results/crg_lcrf_core3_final_20260520/crg_support_controls/assist_09/crg_support_corruption_control.csv,auc_bce,0.0054116379592346,0.0057295599929042,direct_seen
assist_09,evidence_support_corruption,0.5,44,direct_unseen,1584,0.8017642885026627,0.0162728975725688,0.4030067704339382,0.0084346377288656,0.8180371860752316,0.3945721327050726,7.0731706619262695,True,0.0037907896578222994,-0.00024733829578220054,,,weak,/home/zsh/ConceptSkillCDM/results/crg_lcrf_core3_final_20260520/crg_support_controls/assist_09/crg_support_corruption_control.csv,auc_bce,0.0124821079147465,0.0086819760246478,direct_unseen
assist_09,evidence_support_corruption,0.5,44,direct_unseen_bridgeable,1584,0.8017642885026627,0.0162728975725688,0.4030067704339382,0.0084346377288656,0.8180371860752316,0.3945721327050726,7.0731706619262695,True,0.0037907896578222994,-0.00024733829578220054,,,weak,/home/zsh/ConceptSkillCDM/results/crg_lcrf_core3_final_20260520/crg_support_controls/assist_09/crg_support_corruption_control.csv,auc_bce,0.0124821079147465,0.0086819760246478,direct_unseen_bridgeable
assist_09,evidence_support_corruption,0.5,44,high_seq_support,12141,0.7893282352826649,0.0084628084355543,0.508782001257744,0.01263963091032,0.7977910437182193,0.4961423703474239,7.0731706619262695,True,-0.0058854642502633,-0.003829003832374398,,,weak,/home/zsh/ConceptSkillCDM/results/crg_lcrf_core3_final_20260520/crg_support_controls/assist_09/crg_support_corruption_control.csv,auc_bce,0.0143482726858176,0.0164686347426944,high_seq_support
assist_09,evidence_support_corruption,0.5,44,high_crg_mass,12637,0.7458760412642558,0.0058668002143096,0.5114286670159428,0.0072095900133832,0.7517428414785654,0.5042190770025595,7.0731706619262695,True,-0.0048999429192204,-0.0027339305003691,,,weak,/home/zsh/ConceptSkillCDM/results/crg_lcrf_core3_final_20260520/crg_support_controls/assist_09/crg_support_corruption_control.csv,auc_bce,0.01076674313353,0.0099435205137523,high_crg_mass
assist_09,evidence_support_corruption,0.5,44,short_history,25670,0.7769277403190653,0.0059743857765108,0.5529776590852519,0.0049750762270581,0.7829021260955762,0.5480025828581937,7.0731706619262695,True,0.0013295872864594995,0.00012696883550129996,,,weak,/home/zsh/ConceptSkillCDM/results/crg_lcrf_core3_final_20260520/crg_support_controls/assist_09/crg_support_corruption_control.csv,auc_bce,0.0046447984900513,0.0048481073915568,short_history
assist_09,evidence_support_corruption,0.5,44,long_history,25420,0.752692980035711,0.0049230060827489,0.518777113532446,0.0055786357293803,0.7576159861184599,0.5131984778030657,7.0731706619262695,True,-0.0021308097728563995,-0.0012250200648961,,,weak,/home/zsh/ConceptSkillCDM/results/crg_lcrf_core3_final_20260520/crg_support_controls/assist_09/crg_support_corruption_control.csv,auc_bce,0.0070538158556053,0.0068036557942764,long_history
assist_09,evidence_support_corruption,0.5,45,all,51090,0.7696546265783222,0.0053078849921693,0.5359610635075434,0.0052753792694583,0.7749625115704916,0.530685684238085,7.0731706619262695,True,0.0018166141556870004,0.0026568281686151995,,,weak,/home/zsh/ConceptSkillCDM/results/crg_lcrf_core3_final_20260520/crg_support_controls/assist_09/crg_support_corruption_control.csv,auc_bce,0.0034912708364823,0.0026185511008431,all
assist_09,evidence_support_corruption,0.5,45,graph_hits_history,50529,0.7692210094855327,0.0055133889873448,0.5359141183870907,0.0054324462310175,0.7747343984728776,0.5304816721560731,7.0731706619262695,True,0.0020489836662666997,0.0028443547397584,,,weak,/home/zsh/ConceptSkillCDM/results/crg_lcrf_core3_final_20260520/crg_support_controls/assist_09/crg_support_corruption_control.csv,auc_bce,0.0034644053210781,0.0025880914912591,direct_unseen_bridgeable
assist_09,evidence_support_corruption,0.5,45,high_support_mass,12637,0.7458760412642558,0.0058668002143096,0.5114286670041802,0.0072095900016206,0.7517428414785654,0.5042190770025595,7.0731706619262695,True,0.0013565900387076998,0.0028437790561928,,,weak,/home/zsh/ConceptSkillCDM/results/crg_lcrf_core3_final_20260520/crg_support_controls/assist_09/crg_support_corruption_control.csv,auc_bce,0.0045102101756019,0.0043658109454278,high_crg_mass
assist_09,evidence_support_corruption,0.5,45,query_seq_top5_q4_high,12141,0.7893282352826649,0.0084628084355543,0.508782001257744,0.01263963091032,0.7977910437182193,0.4961423703474239,7.0731706619262695,True,0.0042837127041367995,0.007132848437796701,,,weak,/home/zsh/ConceptSkillCDM/results/crg_lcrf_core3_final_20260520/crg_support_controls/assist_09/crg_support_corruption_control.csv,auc_bce,0.0041790957314175,0.0055067824725233,high_seq_support
assist_09,evidence_support_corruption,0.5,45,multi_concept,8419,0.7427311868588529,0.0089854846709762,0.5627445234904324,0.0141506882045174,0.7517166715298291,0.5485938352859149,7.0731706619262695,True,0.0060722453538164,0.009472496985366,,,weak,/home/zsh/ConceptSkillCDM/results/crg_lcrf_core3_final_20260520/crg_support_controls/assist_09/crg_support_corruption_control.csv,auc_bce,0.0029132393171598,0.0046781912191514,direct_seen
assist_09,evidence_support_corruption,0.5,45,direct_seen,49506,0.7674689555549339,0.0051084217841483,0.5402150852469,0.0051742952513653,0.7725773773390823,0.5350407899955346,7.0731706619262695,True,0.0018387480608630003,0.0026927770645633997,,,weak,/home/zsh/ConceptSkillCDM/results/crg_lcrf_core3_final_20260520/crg_support_controls/assist_09/crg_support_corruption_control.csv,auc_bce,0.0032696737232853,0.0024815181868019,direct_seen
assist_09,evidence_support_corruption,0.5,45,direct_unseen,1584,0.8017642885026627,0.0162728975725688,0.4030067704339382,0.0084346377288656,0.8180371860752316,0.3945721327050726,7.0731706619262695,True,0.0046525559595680995,0.0015332890001712,,,weak,/home/zsh/ConceptSkillCDM/results/crg_lcrf_core3_final_20260520/crg_support_controls/assist_09/crg_support_corruption_control.csv,auc_bce,0.0116203416130007,0.0069013487286944,direct_unseen
assist_09,evidence_support_corruption,0.5,45,direct_unseen_bridgeable,1584,0.8017642885026627,0.0162728975725688,0.4030067704339382,0.0084346377288656,0.8180371860752316,0.3945721327050726,7.0731706619262695,True,0.0046525559595680995,0.0015332890001712,,,weak,/home/zsh/ConceptSkillCDM/results/crg_lcrf_core3_final_20260520/crg_support_controls/assist_09/crg_support_corruption_control.csv,auc_bce,0.0116203416130007,0.0069013487286944,direct_unseen_bridgeable
assist_09,evidence_support_corruption,0.5,45,high_seq_support,12141,0.7893282352826649,0.0084628084355543,0.508782001257744,0.01263963091032,0.7977910437182193,0.4961423703474239,7.0731706619262695,True,0.0042837127041367995,0.007132848437796701,,,weak,/home/zsh/ConceptSkillCDM/results/crg_lcrf_core3_final_20260520/crg_support_controls/assist_09/crg_support_corruption_control.csv,auc_bce,0.0041790957314175,0.0055067824725233,high_seq_support
assist_09,evidence_support_corruption,0.5,45,high_crg_mass,12637,0.7458760412642558,0.0058668002143096,0.5114286670041802,0.0072095900016206,0.7517428414785654,0.5042190770025595,7.0731706619262695,True,0.0013565900387076998,0.0028437790561928,,,weak,/home/zsh/ConceptSkillCDM/results/crg_lcrf_core3_final_20260520/crg_support_controls/assist_09/crg_support_corruption_control.csv,auc_bce,0.0045102101756019,0.0043658109454278,high_crg_mass
assist_09,evidence_support_corruption,0.5,45,short_history,25670,0.7769277403190653,0.0059743857765108,0.5529776590866481,0.0049750762284543,0.7829021260955762,0.5480025828581937,7.0731706619262695,True,0.0017765263421898993,0.0029194342799294,,,weak,/home/zsh/ConceptSkillCDM/results/crg_lcrf_core3_final_20260520/crg_support_controls/assist_09/crg_support_corruption_control.csv,auc_bce,0.0041978594343209,0.0020556419485249,short_history
assist_09,evidence_support_corruption,0.5,45,long_history,25420,0.752692980035711,0.0049230060827489,0.5187771135265985,0.0055786357235327,0.7576159861184599,0.5131984778030657,7.0731706619262695,True,0.0018050549818037004,0.0023916393850809,,,weak,/home/zsh/ConceptSkillCDM/results/crg_lcrf_core3_final_20260520/crg_support_controls/assist_09/crg_support_corruption_control.csv,auc_bce,0.0031179511009452,0.0031869963384518,long_history
assist_09,evidence_support_corruption,0.5,46,all,51090,0.7696546265783222,0.0053078849921693,0.5359610635004296,0.0052753792623445,0.7749625115704916,0.530685684238085,7.0731706619262695,True,0.0023531268306245003,0.0012386848576871994,,,weak,/home/zsh/ConceptSkillCDM/results/crg_lcrf_core3_final_20260520/crg_support_controls/assist_09/crg_support_corruption_control.csv,auc_bce,0.0029547581615448,0.0040366944046573,all
assist_09,evidence_support_corruption,0.5,46,graph_hits_history,50529,0.7692210094855327,0.0055133889873448,0.5359141183798981,0.0054324462238249,0.7747343984728776,0.5304816721560731,7.0731706619262695,True,0.0024957474974187997,0.0013194933889124003,,,weak,/home/zsh/ConceptSkillCDM/results/crg_lcrf_core3_final_20260520/crg_support_controls/assist_09/crg_support_corruption_control.csv,auc_bce,0.003017641489926,0.0041129528349125,direct_unseen_bridgeable
assist_09,evidence_support_corruption,0.5,46,high_support_mass,12637,0.7458760412642558,0.0058668002143096,0.5114286670041802,0.0072095900016206,0.7517428414785654,0.5042190770025595,7.0731706619262695,True,0.0028586072100731997,0.0032942660919824994,,,weak,/home/zsh/ConceptSkillCDM/results/crg_lcrf_core3_final_20260520/crg_support_controls/assist_09/crg_support_corruption_control.csv,auc_bce,0.0030081930042364,0.0039153239096381,high_crg_mass
assist_09,evidence_support_corruption,0.5,46,query_seq_top5_q4_high,12141,0.7893282352826649,0.0084628084355543,0.508782001257744,0.01263963091032,0.7977910437182193,0.4961423703474239,7.0731706619262695,True,0.0061103501800647,0.0071344219541986005,,,weak,/home/zsh/ConceptSkillCDM/results/crg_lcrf_core3_final_20260520/crg_support_controls/assist_09/crg_support_corruption_control.csv,auc_bce,0.0023524582554896,0.0055052089561214,high_seq_support
assist_09,evidence_support_corruption,0.5,46,multi_concept,8419,0.7427311868588529,0.0089854846709762,0.5627445234472633,0.0141506881613484,0.7517166715298291,0.5485938352859149,7.0731706619262695,True,0.006569617072222001,0.0057942949391623,,,weak,/home/zsh/ConceptSkillCDM/results/crg_lcrf_core3_final_20260520/crg_support_controls/assist_09/crg_support_corruption_control.csv,auc_bce,0.0024158675987542,0.0083563932221861,direct_seen
assist_09,evidence_support_corruption,0.5,46,direct_seen,49506,0.7674689555549339,0.0051084217841483,0.5402150852395587,0.0051742952440241,0.7725773773390823,0.5350407899955346,7.0731706619262695,True,0.0023280875878678004,0.0012124755267541006,,,weak,/home/zsh/ConceptSkillCDM/results/crg_lcrf_core3_final_20260520/crg_support_controls/assist_09/crg_support_corruption_control.csv,auc_bce,0.0027803341962805,0.00396181971727,direct_seen
assist_09,evidence_support_corruption,0.5,46,direct_unseen,1584,0.8017642885026627,0.0162728975725688,0.4030067704339382,0.0084346377288656,0.8180371860752316,0.3945721327050726,7.0731706619262695,True,0.003645934353540199,0.0020578257271178,,,weak,/home/zsh/ConceptSkillCDM/results/crg_lcrf_core3_final_20260520/crg_support_controls/assist_09/crg_support_corruption_control.csv,auc_bce,0.0126269632190286,0.0063768120017478,direct_unseen
assist_09,evidence_support_corruption,0.5,46,direct_unseen_bridgeable,1584,0.8017642885026627,0.0162728975725688,0.4030067704339382,0.0084346377288656,0.8180371860752316,0.3945721327050726,7.0731706619262695,True,0.003645934353540199,0.0020578257271178,,,weak,/home/zsh/ConceptSkillCDM/results/crg_lcrf_core3_final_20260520/crg_support_controls/assist_09/crg_support_corruption_control.csv,auc_bce,0.0126269632190286,0.0063768120017478,direct_unseen_bridgeable
assist_09,evidence_support_corruption,0.5,46,high_seq_support,12141,0.7893282352826649,0.0084628084355543,0.508782001257744,0.01263963091032,0.7977910437182193,0.4961423703474239,7.0731706619262695,True,0.0061103501800647,0.0071344219541986005,,,weak,/home/zsh/ConceptSkillCDM/results/crg_lcrf_core3_final_20260520/crg_support_controls/assist_09/crg_support_corruption_control.csv,auc_bce,0.0023524582554896,0.0055052089561214,high_seq_support
assist_09,evidence_support_corruption,0.5,46,high_crg_mass,12637,0.7458760412642558,0.0058668002143096,0.5114286670041802,0.0072095900016206,0.7517428414785654,0.5042190770025595,7.0731706619262695,True,0.0028586072100731997,0.0032942660919824994,,,weak,/home/zsh/ConceptSkillCDM/results/crg_lcrf_core3_final_20260520/crg_support_controls/assist_09/crg_support_corruption_control.csv,auc_bce,0.0030081930042364,0.0039153239096381,high_crg_mass
assist_09,evidence_support_corruption,0.5,46,short_history,25670,0.7769277403190653,0.0059743857765108,0.5529776590724899,0.0049750762142961,0.7829021260955762,0.5480025828581937,7.0731706619262695,True,0.0026897954366963996,0.0007664344688477999,,,weak,/home/zsh/ConceptSkillCDM/results/crg_lcrf_core3_final_20260520/crg_support_controls/assist_09/crg_support_corruption_control.csv,auc_bce,0.0032845903398144,0.0042086417454483,short_history
assist_09,evidence_support_corruption,0.5,46,long_history,25420,0.752692980035711,0.0049230060827489,0.5187771135265985,0.0055786357235327,0.7576159861184599,0.5131984778030657,7.0731706619262695,True,0.0020584516534103005,0.0017155797232065,,,weak,/home/zsh/ConceptSkillCDM/results/crg_lcrf_core3_final_20260520/crg_support_controls/assist_09/crg_support_corruption_control.csv,auc_bce,0.0028645544293386,0.0038630560003262,long_history
assist_09,evidence_support_corruption,0.75,42,all,51090,0.7640723323552259,0.0108901792152656,0.538195823288769,0.0075101390506839,0.7749625115704916,0.530685684238085,3.9349594116210938,True,0.0038789530645914,0.0015229623525903997,,,weak,/home/zsh/ConceptSkillCDM/results/crg_lcrf_core3_final_20260520/crg_support_controls/assist_09/crg_support_corruption_control.csv,auc_bce,0.0070112261506742,0.0059871766980935,all
assist_09,evidence_support_corruption,0.75,42,graph_hits_history,50529,0.7637810422621545,0.0109533562107231,0.5379873567058067,0.0075056845497335,0.7747343984728776,0.5304816721560731,3.9349594116210938,True,0.0038626978548758992,0.0014748481549443004,,,weak,/home/zsh/ConceptSkillCDM/results/crg_lcrf_core3_final_20260520/crg_support_controls/assist_09/crg_support_corruption_control.csv,auc_bce,0.0070906583558472,0.0060308363947892,direct_unseen_bridgeable
assist_09,evidence_support_corruption,0.75,42,high_support_mass,12637,0.7398123347286484,0.011930506749917,0.5132379229257168,0.0090188459231572,0.7517428414785654,0.5042190770025595,3.9349594116210938,True,0.003479381954849401,0.0011839332605774987,,,weak,/home/zsh/ConceptSkillCDM/results/crg_lcrf_core3_final_20260520/crg_support_controls/assist_09/crg_support_corruption_control.csv,auc_bce,0.0084511247950676,0.0078349126625797,high_crg_mass
assist_09,evidence_support_corruption,0.75,42,query_seq_top5_q4_high,12141,0.788343528225777,0.0094475154924422,0.5043035316208644,0.0081611612734404,0.7977910437182193,0.4961423703474239,3.9349594116210938,True,0.0026547451567446997,-0.0023548951811123986,,,weak,/home/zsh/ConceptSkillCDM/results/crg_lcrf_core3_final_20260520/crg_support_controls/assist_09/crg_support_corruption_control.csv,auc_bce,0.0067927703356975,0.0105160564545528,high_seq_support
assist_09,evidence_support_corruption,0.75,42,multi_concept,8419,0.7399758605779126,0.0117408109519164,0.5626444749582057,0.0140506396722908,0.7517166715298291,0.5485938352859149,3.9349594116210938,True,-0.009006508687794498,-0.004535760129893401,,,weak,/home/zsh/ConceptSkillCDM/results/crg_lcrf_core3_final_20260520/crg_support_controls/assist_09/crg_support_corruption_control.csv,auc_bce,0.0207473196397109,0.0185863998021842,direct_seen
assist_09,evidence_support_corruption,0.75,42,direct_seen,49506,0.7617001862019693,0.0108771911371129,0.5425285965648261,0.0074878065692914,0.7725773773390823,0.5350407899955346,3.9349594116210938,True,0.003922987300717701,0.0015013855683475002,,,weak,/home/zsh/ConceptSkillCDM/results/crg_lcrf_core3_final_20260520/crg_support_controls/assist_09/crg_support_corruption_control.csv,auc_bce,0.0069542038363952,0.0059864210009439,direct_seen
assist_09,evidence_support_corruption,0.75,42,direct_unseen,1584,0.800138962885125,0.0178982231901065,0.4027802463919995,0.0082081136869269,0.8180371860752316,0.3945721327050726,3.9349594116210938,True,0.005641991343053902,0.0021973185904239,,,weak,/home/zsh/ConceptSkillCDM/results/crg_lcrf_core3_final_20260520/crg_support_controls/assist_09/crg_support_corruption_control.csv,auc_bce,0.0122562318470526,0.006010795096503,direct_unseen
assist_09,evidence_support_corruption,0.75,42,direct_unseen_bridgeable,1584,0.800138962885125,0.0178982231901065,0.4027802463919995,0.0082081136869269,0.8180371860752316,0.3945721327050726,3.9349594116210938,True,0.005641991343053902,0.0021973185904239,,,weak,/home/zsh/ConceptSkillCDM/results/crg_lcrf_core3_final_20260520/crg_support_controls/assist_09/crg_support_corruption_control.csv,auc_bce,0.0122562318470526,0.006010795096503,direct_unseen_bridgeable
assist_09,evidence_support_corruption,0.75,42,high_seq_support,12141,0.788343528225777,0.0094475154924422,0.5043035316208644,0.0081611612734404,0.7977910437182193,0.4961423703474239,3.9349594116210938,True,0.0026547451567446997,-0.0023548951811123986,,,weak,/home/zsh/ConceptSkillCDM/results/crg_lcrf_core3_final_20260520/crg_support_controls/assist_09/crg_support_corruption_control.csv,auc_bce,0.0067927703356975,0.0105160564545528,high_seq_support
assist_09,evidence_support_corruption,0.75,42,high_crg_mass,12637,0.7398123347286484,0.011930506749917,0.5132379229257168,0.0090188459231572,0.7517428414785654,0.5042190770025595,3.9349594116210938,True,0.003479381954849401,0.0011839332605774987,,,weak,/home/zsh/ConceptSkillCDM/results/crg_lcrf_core3_final_20260520/crg_support_controls/assist_09/crg_support_corruption_control.csv,auc_bce,0.0084511247950676,0.0078349126625797,high_crg_mass
assist_09,evidence_support_corruption,0.75,42,short_history,25670,0.7730515481352968,0.0098505779602794,0.5546216876009891,0.0066191047427953,0.7829021260955762,0.5480025828581937,3.9349594116210938,True,0.0038312885942703,0.0011110142196521,,,weak,/home/zsh/ConceptSkillCDM/results/crg_lcrf_core3_final_20260520/crg_support_controls/assist_09/crg_support_corruption_control.csv,auc_bce,0.0060192893660091,0.0055080905231432,short_history
assist_09,evidence_support_corruption,0.75,42,long_history,25420,0.7450129124598474,0.0126030736586125,0.5216084142842574,0.0084099364811917,0.7576159861184599,0.5131984778030657,3.9349594116210938,True,0.0038526646037703016,0.0019389619030439993,,,weak,/home/zsh/ConceptSkillCDM/results/crg_lcrf_core3_final_20260520/crg_support_controls/assist_09/crg_support_corruption_control.csv,auc_bce,0.0087504090548422,0.0064709745781477,long_history
assist_09,evidence_support_corruption,0.75,43,all,51090,0.7640723323552259,0.0108901792152656,0.538195823289763,0.0075101390516779,0.7749625115704916,0.530685684238085,3.9349594116210938,True,0.0012389396265867006,0.0016772830553913997,,,weak,/home/zsh/ConceptSkillCDM/results/crg_lcrf_core3_final_20260520/crg_support_controls/assist_09/crg_support_corruption_control.csv,auc_bce,0.0096512395886789,0.0058328559962865,all
assist_09,evidence_support_corruption,0.75,43,graph_hits_history,50529,0.7637810422621545,0.0109533562107231,0.5379873567068117,0.0075056845507386,0.7747343984728776,0.5304816721560731,3.9349594116210938,True,0.0010881093185855003,0.0015288587204713,,,weak,/home/zsh/ConceptSkillCDM/results/crg_lcrf_core3_final_20260520/crg_support_controls/assist_09/crg_support_corruption_control.csv,auc_bce,0.0098652468921376,0.0059768258302673,direct_unseen_bridgeable
assist_09,evidence_support_corruption,0.75,43,high_support_mass,12637,0.7398123347286484,0.011930506749917,0.5132379229257168,0.0090188459231572,0.7517428414785654,0.5042190770025595,3.9349594116210938,True,-0.002638796745481899,-0.0016818600545636005,,,weak,/home/zsh/ConceptSkillCDM/results/crg_lcrf_core3_final_20260520/crg_support_controls/assist_09/crg_support_corruption_control.csv,auc_bce,0.0145693034953989,0.0107007059777208,high_crg_mass
assist_09,evidence_support_corruption,0.75,43,query_seq_top5_q4_high,12141,0.788343528225777,0.0094475154924422,0.5043035316208644,0.0081611612734404,0.7977910437182193,0.4961423703474239,3.9349594116210938,True,-0.0038730708054417005,-0.008169566947565399,,,weak,/home/zsh/ConceptSkillCDM/results/crg_lcrf_core3_final_20260520/crg_support_controls/assist_09/crg_support_corruption_control.csv,auc_bce,0.0133205862978839,0.0163307282210058,high_seq_support
assist_09,evidence_support_corruption,0.75,43,multi_concept,8419,0.7399758605779126,0.0117408109519164,0.5626444749642375,0.0140506396783226,0.7517166715298291,0.5485938352859149,3.9349594116210938,True,-0.005997869400670899,-0.0062350130636185,,,weak,/home/zsh/ConceptSkillCDM/results/crg_lcrf_core3_final_20260520/crg_support_controls/assist_09/crg_support_corruption_control.csv,auc_bce,0.0177386803525873,0.0202856527419411,direct_seen
assist_09,evidence_support_corruption,0.75,43,direct_seen,49506,0.7617001862019693,0.0108771911371129,0.542528596565852,0.0074878065703173,0.7725773773390823,0.5350407899955346,3.9349594116210938,True,0.0014120647338299007,0.0017956204455258995,,,weak,/home/zsh/ConceptSkillCDM/results/crg_lcrf_core3_final_20260520/crg_support_controls/assist_09/crg_support_corruption_control.csv,auc_bce,0.009465126403283,0.0056921861247914,direct_seen
assist_09,evidence_support_corruption,0.75,43,direct_unseen,1584,0.800138962885125,0.0178982231901065,0.4027802463919995,0.0082081136869269,0.8180371860752316,0.3945721327050726,3.9349594116210938,True,0.0016302359668353,-0.0020212086340012005,,,weak,/home/zsh/ConceptSkillCDM/results/crg_lcrf_core3_final_20260520/crg_support_controls/assist_09/crg_support_corruption_control.csv,auc_bce,0.0162679872232712,0.0102293223209281,direct_unseen
assist_09,evidence_support_corruption,0.75,43,direct_unseen_bridgeable,1584,0.800138962885125,0.0178982231901065,0.4027802463919995,0.0082081136869269,0.8180371860752316,0.3945721327050726,3.9349594116210938,True,0.0016302359668353,-0.0020212086340012005,,,weak,/home/zsh/ConceptSkillCDM/results/crg_lcrf_core3_final_20260520/crg_support_controls/assist_09/crg_support_corruption_control.csv,auc_bce,0.0162679872232712,0.0102293223209281,direct_unseen_bridgeable
assist_09,evidence_support_corruption,0.75,43,high_seq_support,12141,0.788343528225777,0.0094475154924422,0.5043035316208644,0.0081611612734404,0.7977910437182193,0.4961423703474239,3.9349594116210938,True,-0.0038730708054417005,-0.008169566947565399,,,weak,/home/zsh/ConceptSkillCDM/results/crg_lcrf_core3_final_20260520/crg_support_controls/assist_09/crg_support_corruption_control.csv,auc_bce,0.0133205862978839,0.0163307282210058,high_seq_support
assist_09,evidence_support_corruption,0.75,43,high_crg_mass,12637,0.7398123347286484,0.011930506749917,0.5132379229257168,0.0090188459231572,0.7517428414785654,0.5042190770025595,3.9349594116210938,True,-0.002638796745481899,-0.0016818600545636005,,,weak,/home/zsh/ConceptSkillCDM/results/crg_lcrf_core3_final_20260520/crg_support_controls/assist_09/crg_support_corruption_control.csv,auc_bce,0.0145693034953989,0.0107007059777208,high_crg_mass
assist_09,evidence_support_corruption,0.75,43,short_history,25670,0.7730515481352968,0.0098505779602794,0.5546216876029673,0.0066191047447735,0.7829021260955762,0.5480025828581937,3.9349594116210938,True,0.0007189991685555997,0.0015729406503746995,,,weak,/home/zsh/ConceptSkillCDM/results/crg_lcrf_core3_final_20260520/crg_support_controls/assist_09/crg_support_corruption_control.csv,auc_bce,0.0091315787917238,0.0050461640943988,short_history
assist_09,evidence_support_corruption,0.75,43,long_history,25420,0.7450129124598474,0.0126030736586125,0.5216084142842574,0.0084099364811917,0.7576159861184599,0.5131984778030657,3.9349594116210938,True,0.0015798038619209004,0.001782651644564399,,,weak,/home/zsh/ConceptSkillCDM/results/crg_lcrf_core3_final_20260520/crg_support_controls/assist_09/crg_support_corruption_control.csv,auc_bce,0.0110232697966916,0.0066272848366273,long_history
assist_09,evidence_support_corruption,0.75,44,all,51090,0.7640723323552259,0.0108901792152656,0.538195823288769,0.0075101390506839,0.7749625115704916,0.530685684238085,3.9349594116210938,True,0.0021305120293748005,0.0009441397386596995,,,weak,/home/zsh/ConceptSkillCDM/results/crg_lcrf_core3_final_20260520/crg_support_controls/assist_09/crg_support_corruption_control.csv,auc_bce,0.0087596671858908,0.0065659993120242,all
assist_09,evidence_support_corruption,0.75,44,graph_hits_history,50529,0.7637810422621545,0.0109533562107231,0.5379873567058067,0.0075056845497335,0.7747343984728776,0.5304816721560731,3.9349594116210938,True,0.0022688268835190997,0.0009315991465331007,,,weak,/home/zsh/ConceptSkillCDM/results/crg_lcrf_core3_final_20260520/crg_support_controls/assist_09/crg_support_corruption_control.csv,auc_bce,0.008684529327204,0.0065740854032004,direct_unseen_bridgeable
assist_09,evidence_support_corruption,0.75,44,high_support_mass,12637,0.7398123347286484,0.011930506749917,0.5132379229257168,0.0090188459231572,0.7517428414785654,0.5042190770025595,3.9349594116210938,True,0.004755523946927601,0.0025984040021648997,,,weak,/home/zsh/ConceptSkillCDM/results/crg_lcrf_core3_final_20260520/crg_support_controls/assist_09/crg_support_corruption_control.csv,auc_bce,0.0071749828029894,0.0064204419209923,high_crg_mass
assist_09,evidence_support_corruption,0.75,44,query_seq_top5_q4_high,12141,0.788343528225777,0.0094475154924422,0.5043035316208644,0.0081611612734404,0.7977910437182193,0.4961423703474239,3.9349594116210938,True,-0.0003720686648736992,-0.001401766526501199,,,weak,/home/zsh/ConceptSkillCDM/results/crg_lcrf_core3_final_20260520/crg_support_controls/assist_09/crg_support_corruption_control.csv,auc_bce,0.0098195841573159,0.0095629277999416,high_seq_support
assist_09,evidence_support_corruption,0.75,44,multi_concept,8419,0.7399758605779126,0.0117408109519164,0.5626444749582057,0.0140506396722908,0.7517166715298291,0.5485938352859149,3.9349594116210938,True,0.0052505385812756005,0.0024527859504965,,,weak,/home/zsh/ConceptSkillCDM/results/crg_lcrf_core3_final_20260520/crg_support_controls/assist_09/crg_support_corruption_control.csv,auc_bce,0.0064902723706408,0.0115978537217943,direct_seen
assist_09,evidence_support_corruption,0.75,44,direct_seen,49506,0.7617001862019693,0.0108771911371129,0.5425285965648261,0.0074878065692914,0.7725773773390823,0.5350407899955346,3.9349594116210938,True,0.0022104589017907014,0.0010260417019229999,,,weak,/home/zsh/ConceptSkillCDM/results/crg_lcrf_core3_final_20260520/crg_support_controls/assist_09/crg_support_corruption_control.csv,auc_bce,0.0086667322353222,0.0064617648673684,direct_seen
assist_09,evidence_support_corruption,0.75,44,direct_unseen,1584,0.800138962885125,0.0178982231901065,0.4027802463919995,0.0082081136869269,0.8180371860752316,0.3945721327050726,3.9349594116210938,True,0.0008519456031503003,-0.0016156068480277005,,,weak,/home/zsh/ConceptSkillCDM/results/crg_lcrf_core3_final_20260520/crg_support_controls/assist_09/crg_support_corruption_control.csv,auc_bce,0.0170462775869562,0.0098237205349546,direct_unseen
assist_09,evidence_support_corruption,0.75,44,direct_unseen_bridgeable,1584,0.800138962885125,0.0178982231901065,0.4027802463919995,0.0082081136869269,0.8180371860752316,0.3945721327050726,3.9349594116210938,True,0.0008519456031503003,-0.0016156068480277005,,,weak,/home/zsh/ConceptSkillCDM/results/crg_lcrf_core3_final_20260520/crg_support_controls/assist_09/crg_support_corruption_control.csv,auc_bce,0.0170462775869562,0.0098237205349546,direct_unseen_bridgeable
assist_09,evidence_support_corruption,0.75,44,high_seq_support,12141,0.788343528225777,0.0094475154924422,0.5043035316208644,0.0081611612734404,0.7977910437182193,0.4961423703474239,3.9349594116210938,True,-0.0003720686648736992,-0.001401766526501199,,,weak,/home/zsh/ConceptSkillCDM/results/crg_lcrf_core3_final_20260520/crg_support_controls/assist_09/crg_support_corruption_control.csv,auc_bce,0.0098195841573159,0.0095629277999416,high_seq_support
assist_09,evidence_support_corruption,0.75,44,high_crg_mass,12637,0.7398123347286484,0.011930506749917,0.5132379229257168,0.0090188459231572,0.7517428414785654,0.5042190770025595,3.9349594116210938,True,0.004755523946927601,0.0025984040021648997,,,weak,/home/zsh/ConceptSkillCDM/results/crg_lcrf_core3_final_20260520/crg_support_controls/assist_09/crg_support_corruption_control.csv,auc_bce,0.0071749828029894,0.0064204419209923,high_crg_mass
assist_09,evidence_support_corruption,0.75,44,short_history,25670,0.7730515481352968,0.0098505779602794,0.5546216876009891,0.0066191047427953,0.7829021260955762,0.5480025828581937,3.9349594116210938,True,0.000990903133776701,-1.7038370092500518e-05,,,weak,/home/zsh/ConceptSkillCDM/results/crg_lcrf_core3_final_20260520/crg_support_controls/assist_09/crg_support_corruption_control.csv,auc_bce,0.0088596748265027,0.0066361431128878,short_history
assist_09,evidence_support_corruption,0.75,44,long_history,25420,0.7450129124598474,0.0126030736586125,0.5216084142842574,0.0084099364811917,0.7576159861184599,0.5131984778030657,3.9349594116210938,True,0.0034977049387284014,0.0019147708185840995,,,weak,/home/zsh/ConceptSkillCDM/results/crg_lcrf_core3_final_20260520/crg_support_controls/assist_09/crg_support_corruption_control.csv,auc_bce,0.0091053687198841,0.0064951656626076,long_history
assist_09,evidence_support_corruption,0.75,45,all,51090,0.7640723323552259,0.0108901792152656,0.538195823288769,0.0075101390506839,0.7749625115704916,0.530685684238085,3.9349594116210938,True,0.0022238968602166995,0.0016878661283533996,,,weak,/home/zsh/ConceptSkillCDM/results/crg_lcrf_core3_final_20260520/crg_support_controls/assist_09/crg_support_corruption_control.csv,auc_bce,0.0086662823550489,0.0058222729223305,all
assist_09,evidence_support_corruption,0.75,45,graph_hits_history,50529,0.7637810422621545,0.0109533562107231,0.5379873567058067,0.0075056845497335,0.7747343984728776,0.5304816721560731,3.9349594116210938,True,0.0023682049275991005,0.0017819115798631,,,weak,/home/zsh/ConceptSkillCDM/results/crg_lcrf_core3_final_20260520/crg_support_controls/assist_09/crg_support_corruption_control.csv,auc_bce,0.008585151283124,0.0057237729698704,direct_unseen_bridgeable
assist_09,evidence_support_corruption,0.75,45,high_support_mass,12637,0.7398123347286484,0.011930506749917,0.5132379229257168,0.0090188459231572,0.7517428414785654,0.5042190770025595,3.9349594116210938,True,0.0032950933906203007,0.0022719093888849996,,,weak,/home/zsh/ConceptSkillCDM/results/crg_lcrf_core3_final_20260520/crg_support_controls/assist_09/crg_support_corruption_control.csv,auc_bce,0.0086354133592967,0.0067469365342722,high_crg_mass
assist_09,evidence_support_corruption,0.75,45,query_seq_top5_q4_high,12141,0.788343528225777,0.0094475154924422,0.5043035316208644,0.0081611612734404,0.7977910437182193,0.4961423703474239,3.9349594116210938,True,-0.0011939410023264,-0.0023663523474620994,,,weak,/home/zsh/ConceptSkillCDM/results/crg_lcrf_core3_final_20260520/crg_support_controls/assist_09/crg_support_corruption_control.csv,auc_bce,0.0106414564947686,0.0105275136209025,high_seq_support
assist_09,evidence_support_corruption,0.75,45,multi_concept,8419,0.7399758605779126,0.0117408109519164,0.5626444749582057,0.0140506396722908,0.7517166715298291,0.5485938352859149,3.9349594116210938,True,-0.0057803313832238,0.0009665661340715996,,,weak,/home/zsh/ConceptSkillCDM/results/crg_lcrf_core3_final_20260520/crg_support_controls/assist_09/crg_support_corruption_control.csv,auc_bce,0.0175211423351402,0.0130840735382192,direct_seen
assist_09,evidence_support_corruption,0.75,45,direct_seen,49506,0.7617001862019693,0.0108771911371129,0.5425285965648261,0.0074878065692914,0.7725773773390823,0.5350407899955346,3.9349594116210938,True,0.0021625393836646,0.0017979001970531002,,,weak,/home/zsh/ConceptSkillCDM/results/crg_lcrf_core3_final_20260520/crg_support_controls/assist_09/crg_support_corruption_control.csv,auc_bce,0.0087146517534483,0.0056899063722383,direct_seen
assist_09,evidence_support_corruption,0.75,45,direct_unseen,1584,0.800138962885125,0.0178982231901065,0.4027802463919995,0.0082081136869269,0.8180371860752316,0.3945721327050726,3.9349594116210938,True,0.005585522326130401,-0.0017511153142246005,,,weak,/home/zsh/ConceptSkillCDM/results/crg_lcrf_core3_final_20260520/crg_support_controls/assist_09/crg_support_corruption_control.csv,auc_bce,0.0123127008639761,0.0099592290011515,direct_unseen
assist_09,evidence_support_corruption,0.75,45,direct_unseen_bridgeable,1584,0.800138962885125,0.0178982231901065,0.4027802463919995,0.0082081136869269,0.8180371860752316,0.3945721327050726,3.9349594116210938,True,0.005585522326130401,-0.0017511153142246005,,,weak,/home/zsh/ConceptSkillCDM/results/crg_lcrf_core3_final_20260520/crg_support_controls/assist_09/crg_support_corruption_control.csv,auc_bce,0.0123127008639761,0.0099592290011515,direct_unseen_bridgeable
assist_09,evidence_support_corruption,0.75,45,high_seq_support,12141,0.788343528225777,0.0094475154924422,0.5043035316208644,0.0081611612734404,0.7977910437182193,0.4961423703474239,3.9349594116210938,True,-0.0011939410023264,-0.0023663523474620994,,,weak,/home/zsh/ConceptSkillCDM/results/crg_lcrf_core3_final_20260520/crg_support_controls/assist_09/crg_support_corruption_control.csv,auc_bce,0.0106414564947686,0.0105275136209025,high_seq_support
assist_09,evidence_support_corruption,0.75,45,high_crg_mass,12637,0.7398123347286484,0.011930506749917,0.5132379229257168,0.0090188459231572,0.7517428414785654,0.5042190770025595,3.9349594116210938,True,0.0032950933906203007,0.0022719093888849996,,,weak,/home/zsh/ConceptSkillCDM/results/crg_lcrf_core3_final_20260520/crg_support_controls/assist_09/crg_support_corruption_control.csv,auc_bce,0.0086354133592967,0.0067469365342722,high_crg_mass
assist_09,evidence_support_corruption,0.75,45,short_history,25670,0.7730515481352968,0.0098505779602794,0.5546216876009891,0.0066191047427953,0.7829021260955762,0.5480025828581937,3.9349594116210938,True,2.8743905845901238e-05,0.0003181202763719998,,,weak,/home/zsh/ConceptSkillCDM/results/crg_lcrf_core3_final_20260520/crg_support_controls/assist_09/crg_support_corruption_control.csv,auc_bce,0.0098218340544335,0.0063009844664233,short_history
assist_09,evidence_support_corruption,0.75,45,long_history,25420,0.7450129124598474,0.0126030736586125,0.5216084142842574,0.0084099364811917,0.7576159861184599,0.5131984778030657,3.9349594116210938,True,0.004775820605123901,0.0030710831236473992,,,weak,/home/zsh/ConceptSkillCDM/results/crg_lcrf_core3_final_20260520/crg_support_controls/assist_09/crg_support_corruption_control.csv,auc_bce,0.0078272530534886,0.0053388533575443,long_history
assist_09,evidence_support_corruption,0.75,46,all,51090,0.7640723323552259,0.0108901792152656,0.538195823288769,0.0075101390506839,0.7749625115704916,0.530685684238085,3.9349594116210938,True,0.0015139677749965007,0.0005691402506679995,,,weak,/home/zsh/ConceptSkillCDM/results/crg_lcrf_core3_final_20260520/crg_support_controls/assist_09/crg_support_corruption_control.csv,auc_bce,0.0093762114402691,0.0069409988000159,all
assist_09,evidence_support_corruption,0.75,46,graph_hits_history,50529,0.7637810422621545,0.0109533562107231,0.5379873567058067,0.0075056845497335,0.7747343984728776,0.5304816721560731,3.9349594116210938,True,0.001430569153699799,0.00047720274378539995,,,weak,/home/zsh/ConceptSkillCDM/results/crg_lcrf_core3_final_20260520/crg_support_controls/assist_09/crg_support_corruption_control.csv,auc_bce,0.0095227870570233,0.0070284818059481,direct_unseen_bridgeable
assist_09,evidence_support_corruption,0.75,46,high_support_mass,12637,0.7398123347286484,0.011930506749917,0.5132379229257168,0.0090188459231572,0.7517428414785654,0.5042190770025595,3.9349594116210938,True,0.0017764573257373004,0.00021030379746679942,,,weak,/home/zsh/ConceptSkillCDM/results/crg_lcrf_core3_final_20260520/crg_support_controls/assist_09/crg_support_corruption_control.csv,auc_bce,0.0101540494241797,0.0088085421256904,high_crg_mass
assist_09,evidence_support_corruption,0.75,46,query_seq_top5_q4_high,12141,0.788343528225777,0.0094475154924422,0.5043035316208644,0.0081611612734404,0.7977910437182193,0.4961423703474239,3.9349594116210938,True,0.0002982148402826002,-0.0034195588621142997,,,weak,/home/zsh/ConceptSkillCDM/results/crg_lcrf_core3_final_20260520/crg_support_controls/assist_09/crg_support_corruption_control.csv,auc_bce,0.0091493006521596,0.0115807201355547,high_seq_support
assist_09,evidence_support_corruption,0.75,46,multi_concept,8419,0.7399758605779126,0.0117408109519164,0.5626444749582057,0.0140506396722908,0.7517166715298291,0.5485938352859149,3.9349594116210938,True,-0.0017684707322705995,0.0005469896205439993,,,weak,/home/zsh/ConceptSkillCDM/results/crg_lcrf_core3_final_20260520/crg_support_controls/assist_09/crg_support_corruption_control.csv,auc_bce,0.013509281684187,0.0135036500517468,direct_seen
assist_09,evidence_support_corruption,0.75,46,direct_seen,49506,0.7617001862019693,0.0108771911371129,0.5425285965648261,0.0074878065692914,0.7725773773390823,0.5350407899955346,3.9349594116210938,True,0.00134878501715,0.0005085333681135,,,weak,/home/zsh/ConceptSkillCDM/results/crg_lcrf_core3_final_20260520/crg_support_controls/assist_09/crg_support_corruption_control.csv,auc_bce,0.0095284061199629,0.0069792732011779,direct_seen
assist_09,evidence_support_corruption,0.75,46,direct_unseen,1584,0.800138962885125,0.0178982231901065,0.4027802463919995,0.0082081136869269,0.8180371860752316,0.3945721327050726,3.9349594116210938,True,0.008343911044112001,0.0024633349020184003,,,weak,/home/zsh/ConceptSkillCDM/results/crg_lcrf_core3_final_20260520/crg_support_controls/assist_09/crg_support_corruption_control.csv,auc_bce,0.0095543121459945,0.0057447787849085,direct_unseen
assist_09,evidence_support_corruption,0.75,46,direct_unseen_bridgeable,1584,0.800138962885125,0.0178982231901065,0.4027802463919995,0.0082081136869269,0.8180371860752316,0.3945721327050726,3.9349594116210938,True,0.008343911044112001,0.0024633349020184003,,,weak,/home/zsh/ConceptSkillCDM/results/crg_lcrf_core3_final_20260520/crg_support_controls/assist_09/crg_support_corruption_control.csv,auc_bce,0.0095543121459945,0.0057447787849085,direct_unseen_bridgeable
assist_09,evidence_support_corruption,0.75,46,high_seq_support,12141,0.788343528225777,0.0094475154924422,0.5043035316208644,0.0081611612734404,0.7977910437182193,0.4961423703474239,3.9349594116210938,True,0.0002982148402826002,-0.0034195588621142997,,,weak,/home/zsh/ConceptSkillCDM/results/crg_lcrf_core3_final_20260520/crg_support_controls/assist_09/crg_support_corruption_control.csv,auc_bce,0.0091493006521596,0.0115807201355547,high_seq_support
assist_09,evidence_support_corruption,0.75,46,high_crg_mass,12637,0.7398123347286484,0.011930506749917,0.5132379229257168,0.0090188459231572,0.7517428414785654,0.5042190770025595,3.9349594116210938,True,0.0017764573257373004,0.00021030379746679942,,,weak,/home/zsh/ConceptSkillCDM/results/crg_lcrf_core3_final_20260520/crg_support_controls/assist_09/crg_support_corruption_control.csv,auc_bce,0.0101540494241797,0.0088085421256904,high_crg_mass
assist_09,evidence_support_corruption,0.75,46,short_history,25670,0.7730515481352968,0.0098505779602794,0.5546216876009891,0.0066191047427953,0.7829021260955762,0.5480025828581937,3.9349594116210938,True,0.00019127444130649998,-0.00021723416295630054,,,weak,/home/zsh/ConceptSkillCDM/results/crg_lcrf_core3_final_20260520/crg_support_controls/assist_09/crg_support_corruption_control.csv,auc_bce,0.0096593035189729,0.0068363389057516,short_history
assist_09,evidence_support_corruption,0.75,46,long_history,25420,0.7450129124598474,0.0126030736586125,0.5216084142842574,0.0084099364811917,0.7576159861184599,0.5131984778030657,3.9349594116210938,True,0.0029848647879928015,0.001363248480319699,,,weak,/home/zsh/ConceptSkillCDM/results/crg_lcrf_core3_final_20260520/crg_support_controls/assist_09/crg_support_corruption_control.csv,auc_bce,0.0096182088706197,0.007046688000872,long_history
assist_09,evidence_support_corruption,1.0,42,all,51090,0.7602030625747823,0.0147594489957092,0.5393287345856302,0.0086430503475452,0.7749625115704916,0.530685684238085,1.0,True,-0.0012816577380891994,0.00048062553201010105,,,strong_evidence_gap,/home/zsh/ConceptSkillCDM/results/crg_lcrf_core3_final_20260520/crg_support_controls/assist_09/crg_support_corruption_control.csv,auc_bce,0.0160411067337984,0.0081624248155351,all
assist_09,evidence_support_corruption,1.0,42,graph_hits_history,50529,0.7601386166900641,0.0145957817828135,0.5389440318628844,0.0084623597068113,0.7747343984728776,0.5304816721560731,1.0,True,-0.0010568373447064003,0.0006033033756066997,,,strong_evidence_gap,/home/zsh/ConceptSkillCDM/results/crg_lcrf_core3_final_20260520/crg_support_controls/assist_09/crg_support_corruption_control.csv,auc_bce,0.0156526191275199,0.0078590563312046,direct_unseen_bridgeable
assist_09,evidence_support_corruption,1.0,42,high_support_mass,12637,0.7324486526598326,0.0192941888187327,0.5227077605957638,0.0184886835932043,0.7517428414785654,0.5042190770025595,1.0,True,0.005929920504665001,0.009446715545710001,,,strong_evidence_gap,/home/zsh/ConceptSkillCDM/results/crg_lcrf_core3_final_20260520/crg_support_controls/assist_09/crg_support_corruption_control.csv,auc_bce,0.0133642683140677,0.0090419680474943,high_crg_mass
assist_09,evidence_support_corruption,1.0,42,query_seq_top5_q4_high,12141,0.7852926478875515,0.0124983958306678,0.502753137814934,0.0066107674675101,0.7977910437182193,0.4961423703474239,1.0,True,-0.0095958912141276,-0.007896444732307899,,,support_dependence_only,/home/zsh/ConceptSkillCDM/results/crg_lcrf_core3_final_20260520/crg_support_controls/assist_09/crg_support_corruption_control.csv,auc_bce,0.0220942870447954,0.014507212199818,high_seq_support
assist_09,evidence_support_corruption,1.0,42,multi_concept,8419,0.7457581173511552,0.0059585541786739,0.5509533925365695,0.0023595572506546,0.7517166715298291,0.5485938352859149,1.0,True,-0.0108233936626346,-0.0091774270141911,,,support_dependence_only,/home/zsh/ConceptSkillCDM/results/crg_lcrf_core3_final_20260520/crg_support_controls/assist_09/crg_support_corruption_control.csv,auc_bce,0.0167819478413085,0.0115369842648457,direct_seen
assist_09,evidence_support_corruption,1.0,42,direct_seen,49506,0.7594273485199593,0.0131500288191229,0.5422836557057062,0.0072428657101716,0.7725773773390823,0.5350407899955346,1.0,True,-0.002830522773035098,-0.0006193227683726002,,,support_dependence_only,/home/zsh/ConceptSkillCDM/results/crg_lcrf_core3_final_20260520/crg_support_controls/assist_09/crg_support_corruption_control.csv,auc_bce,0.015980551592158,0.0078621884785442,direct_seen
assist_09,evidence_support_corruption,1.0,42,direct_unseen,1584,0.7925131904258009,0.0255239956494306,0.4469762567002221,0.0524041239951494,0.8180371860752316,0.3945721327050726,1.0,True,0.0022931331220246015,0.034858176389797796,,,strong_evidence_gap,/home/zsh/ConceptSkillCDM/results/crg_lcrf_core3_final_20260520/crg_support_controls/assist_09/crg_support_corruption_control.csv,auc_bce,0.023230862527406,0.0175459476053516,direct_unseen
assist_09,evidence_support_corruption,1.0,42,direct_unseen_bridgeable,1584,0.7925131904258009,0.0255239956494306,0.4469762567002221,0.0524041239951494,0.8180371860752316,0.3945721327050726,1.0,True,0.0022931331220246015,0.034858176389797796,,,strong_evidence_gap,/home/zsh/ConceptSkillCDM/results/crg_lcrf_core3_final_20260520/crg_support_controls/assist_09/crg_support_corruption_control.csv,auc_bce,0.023230862527406,0.0175459476053516,direct_unseen_bridgeable
assist_09,evidence_support_corruption,1.0,42,high_seq_support,12141,0.7852926478875515,0.0124983958306678,0.502753137814934,0.0066107674675101,0.7977910437182193,0.4961423703474239,1.0,True,-0.0095958912141276,-0.007896444732307899,,,support_dependence_only,/home/zsh/ConceptSkillCDM/results/crg_lcrf_core3_final_20260520/crg_support_controls/assist_09/crg_support_corruption_control.csv,auc_bce,0.0220942870447954,0.014507212199818,high_seq_support
assist_09,evidence_support_corruption,1.0,42,high_crg_mass,12637,0.7324486526598326,0.0192941888187327,0.5227077605957638,0.0184886835932043,0.7517428414785654,0.5042190770025595,1.0,True,0.005929920504665001,0.009446715545710001,,,strong_evidence_gap,/home/zsh/ConceptSkillCDM/results/crg_lcrf_core3_final_20260520/crg_support_controls/assist_09/crg_support_corruption_control.csv,auc_bce,0.0133642683140677,0.0090419680474943,high_crg_mass
assist_09,evidence_support_corruption,1.0,42,short_history,25670,0.7768207696503919,0.0060813564451842,0.5476280616615934,-0.0003745211966003,0.7829021260955762,0.5480025828581937,1.0,True,-0.012372307588294199,-0.009259530712605499,,,support_dependence_only,/home/zsh/ConceptSkillCDM/results/crg_lcrf_core3_final_20260520/crg_support_controls/assist_09/crg_support_corruption_control.csv,auc_bce,0.0184536640334784,0.0088850095160052,short_history
assist_09,evidence_support_corruption,1.0,42,long_history,25420,0.7347379350940958,0.0228780510243641,0.5309477854888568,0.017749307685791,0.7576159861184599,0.5131984778030657,1.0,True,0.008806198770883102,0.010316574029227699,,,strong_evidence_gap,/home/zsh/ConceptSkillCDM/results/crg_lcrf_core3_final_20260520/crg_support_controls/assist_09/crg_support_corruption_control.csv,auc_bce,0.014071852253481,0.0074327336565633,long_history
assist_09,evidence_support_corruption,1.0,43,all,51090,0.7602030625747823,0.0147594489957092,0.5393287345871519,0.0086430503490668,0.7749625115704916,0.530685684238085,1.0,True,-0.0002790020254890991,0.0004905413262279012,,,strong_evidence_gap,/home/zsh/ConceptSkillCDM/results/crg_lcrf_core3_final_20260520/crg_support_controls/assist_09/crg_support_corruption_control.csv,auc_bce,0.0150384510211983,0.0081525090228389,all
assist_09,evidence_support_corruption,1.0,43,graph_hits_history,50529,0.7601386166900641,0.0145957817828135,0.5389440318644232,0.00846235970835,0.7747343984728776,0.5304816721560731,1.0,True,-0.0004499167200404004,0.00035093813661829856,,,strong_evidence_gap,/home/zsh/ConceptSkillCDM/results/crg_lcrf_core3_final_20260520/crg_support_controls/assist_09/crg_support_corruption_control.csv,auc_bce,0.0150456985028539,0.0081114215717317,direct_unseen_bridgeable
assist_09,evidence_support_corruption,1.0,43,high_support_mass,12637,0.7324486526598326,0.0192941888187327,0.5227077605866957,0.0184886835841361,0.7517428414785654,0.5042190770025595,1.0,True,0.0055136605414414005,0.0095164415411603,,,strong_evidence_gap,/home/zsh/ConceptSkillCDM/results/crg_lcrf_core3_final_20260520/crg_support_controls/assist_09/crg_support_corruption_control.csv,auc_bce,0.0137805282772913,0.0089722420429758,high_crg_mass
assist_09,evidence_support_corruption,1.0,43,query_seq_top5_q4_high,12141,0.7852926478875515,0.0124983958306678,0.502753137814934,0.0066107674675101,0.7977910437182193,0.4961423703474239,1.0,True,-0.0014226285828009989,-0.0023396065837062007,,,support_dependence_only,/home/zsh/ConceptSkillCDM/results/crg_lcrf_core3_final_20260520/crg_support_controls/assist_09/crg_support_corruption_control.csv,auc_bce,0.0139210244134688,0.0089503740512163,high_seq_support
assist_09,evidence_support_corruption,1.0,43,multi_concept,8419,0.7457581173511552,0.0059585541786739,0.5509533925458042,0.0023595572598893,0.7517166715298291,0.5485938352859149,1.0,True,-0.0112621341495,-0.0106401253890984,,,support_dependence_only,/home/zsh/ConceptSkillCDM/results/crg_lcrf_core3_final_20260520/crg_support_controls/assist_09/crg_support_corruption_control.csv,auc_bce,0.0172206883281739,0.0129996826489877,direct_seen
assist_09,evidence_support_corruption,1.0,43,direct_seen,49506,0.7594273485199593,0.0131500288191229,0.5422836557072767,0.007242865711742,0.7725773773390823,0.5350407899955346,1.0,True,-0.0016108057144349989,-0.00044544078415910057,,,support_dependence_only,/home/zsh/ConceptSkillCDM/results/crg_lcrf_core3_final_20260520/crg_support_controls/assist_09/crg_support_corruption_control.csv,auc_bce,0.0147608345335579,0.0076883064959011,direct_seen
assist_09,evidence_support_corruption,1.0,43,direct_unseen,1584,0.7925131904258009,0.0255239956494306,0.4469762567002221,0.0524041239951494,0.8180371860752316,0.3945721327050726,1.0,True,-0.0021335467698493996,0.029743527662602298,,,strong_evidence_gap,/home/zsh/ConceptSkillCDM/results/crg_lcrf_core3_final_20260520/crg_support_controls/assist_09/crg_support_corruption_control.csv,auc_bce,0.02765754241928,0.0226605963325471,direct_unseen
assist_09,evidence_support_corruption,1.0,43,direct_unseen_bridgeable,1584,0.7925131904258009,0.0255239956494306,0.4469762567002221,0.0524041239951494,0.8180371860752316,0.3945721327050726,1.0,True,-0.0021335467698493996,0.029743527662602298,,,strong_evidence_gap,/home/zsh/ConceptSkillCDM/results/crg_lcrf_core3_final_20260520/crg_support_controls/assist_09/crg_support_corruption_control.csv,auc_bce,0.02765754241928,0.0226605963325471,direct_unseen_bridgeable
assist_09,evidence_support_corruption,1.0,43,high_seq_support,12141,0.7852926478875515,0.0124983958306678,0.502753137814934,0.0066107674675101,0.7977910437182193,0.4961423703474239,1.0,True,-0.0014226285828009989,-0.0023396065837062007,,,support_dependence_only,/home/zsh/ConceptSkillCDM/results/crg_lcrf_core3_final_20260520/crg_support_controls/assist_09/crg_support_corruption_control.csv,auc_bce,0.0139210244134688,0.0089503740512163,high_seq_support
assist_09,evidence_support_corruption,1.0,43,high_crg_mass,12637,0.7324486526598326,0.0192941888187327,0.5227077605866957,0.0184886835841361,0.7517428414785654,0.5042190770025595,1.0,True,0.0055136605414414005,0.0095164415411603,,,strong_evidence_gap,/home/zsh/ConceptSkillCDM/results/crg_lcrf_core3_final_20260520/crg_support_controls/assist_09/crg_support_corruption_control.csv,auc_bce,0.0137805282772913,0.0089722420429758,high_crg_mass
assist_09,evidence_support_corruption,1.0,43,short_history,25670,0.7768207696503919,0.0060813564451842,0.5476280616690863,-0.0003745211891074,0.7829021260955762,0.5480025828581937,1.0,True,-0.0108185560764667,-0.009855686501640001,,,support_dependence_only,/home/zsh/ConceptSkillCDM/results/crg_lcrf_core3_final_20260520/crg_support_controls/assist_09/crg_support_corruption_control.csv,auc_bce,0.0168999125216509,0.0094811653125326,short_history
assist_09,evidence_support_corruption,1.0,43,long_history,25420,0.7347379350940958,0.0228780510243641,0.5309477854843487,0.017749307681283,0.7576159861184599,0.5131984778030657,1.0,True,0.0094705898625303,0.0109385219848185,,,strong_evidence_gap,/home/zsh/ConceptSkillCDM/results/crg_lcrf_core3_final_20260520/crg_support_controls/assist_09/crg_support_corruption_control.csv,auc_bce,0.0134074611618338,0.0068107856964645,long_history
assist_09,evidence_support_corruption,1.0,44,all,51090,0.7602030625747823,0.0147594489957092,0.539328734589395,0.0086430503513099,0.7749625115704916,0.530685684238085,1.0,True,0.0011155966285397011,0.0022574572507156002,,,strong_evidence_gap,/home/zsh/ConceptSkillCDM/results/crg_lcrf_core3_final_20260520/crg_support_controls/assist_09/crg_support_corruption_control.csv,auc_bce,0.0136438523671695,0.0063855931005943,all
assist_09,evidence_support_corruption,1.0,44,graph_hits_history,50529,0.7601386166900641,0.0145957817828135,0.538944031866691,0.0084623597106179,0.7747343984728776,0.5304816721560731,1.0,True,0.0009074971971621999,0.0020510910917959004,,,strong_evidence_gap,/home/zsh/ConceptSkillCDM/results/crg_lcrf_core3_final_20260520/crg_support_controls/assist_09/crg_support_corruption_control.csv,auc_bce,0.0136882845856513,0.006411268618822,direct_unseen_bridgeable
assist_09,evidence_support_corruption,1.0,44,high_support_mass,12637,0.7324486526598326,0.0192941888187327,0.5227077605957638,0.0184886835932043,0.7517428414785654,0.5042190770025595,1.0,True,0.0101598778512902,0.012198554002117001,,,strong_evidence_gap,/home/zsh/ConceptSkillCDM/results/crg_lcrf_core3_final_20260520/crg_support_controls/assist_09/crg_support_corruption_control.csv,auc_bce,0.0091343109674425,0.0062901295910873,high_crg_mass
assist_09,evidence_support_corruption,1.0,44,query_seq_top5_q4_high,12141,0.7852926478875515,0.0124983958306678,0.502753137814934,0.0066107674675101,0.7977910437182193,0.4961423703474239,1.0,True,-0.0014093625716640988,-0.0010719644600022003,,,support_dependence_only,/home/zsh/ConceptSkillCDM/results/crg_lcrf_core3_final_20260520/crg_support_controls/assist_09/crg_support_corruption_control.csv,auc_bce,0.0139077584023319,0.0076827319275123,high_seq_support
assist_09,evidence_support_corruption,1.0,44,multi_concept,8419,0.7457581173511552,0.0059585541786739,0.5509533925594156,0.0023595572735006,0.7517166715298291,0.5485938352859149,1.0,True,-0.0059670010510144995,-0.006262928236681399,,,support_dependence_only,/home/zsh/ConceptSkillCDM/results/crg_lcrf_core3_final_20260520/crg_support_controls/assist_09/crg_support_corruption_control.csv,auc_bce,0.0119255552296884,0.008622485510182,direct_seen
assist_09,evidence_support_corruption,1.0,44,direct_seen,49506,0.7594273485199593,0.0131500288191229,0.5422836557095915,0.0072428657140568,0.7725773773390823,0.5350407899955346,1.0,True,-0.0003724825558097996,0.0012843189088527001,,,strong_evidence_gap,/home/zsh/ConceptSkillCDM/results/crg_lcrf_core3_final_20260520/crg_support_controls/assist_09/crg_support_corruption_control.csv,auc_bce,0.0135225113749327,0.0059585468052041,direct_seen
assist_09,evidence_support_corruption,1.0,44,direct_unseen,1584,0.7925131904258009,0.0255239956494306,0.4469762567002221,0.0524041239951494,0.8180371860752316,0.3945721327050726,1.0,True,-0.0013454357075690995,0.0326717165640113,,,strong_evidence_gap,/home/zsh/ConceptSkillCDM/results/crg_lcrf_core3_final_20260520/crg_support_controls/assist_09/crg_support_corruption_control.csv,auc_bce,0.0268694313569997,0.0197324074311381,direct_unseen
assist_09,evidence_support_corruption,1.0,44,direct_unseen_bridgeable,1584,0.7925131904258009,0.0255239956494306,0.4469762567002221,0.0524041239951494,0.8180371860752316,0.3945721327050726,1.0,True,-0.0013454357075690995,0.0326717165640113,,,strong_evidence_gap,/home/zsh/ConceptSkillCDM/results/crg_lcrf_core3_final_20260520/crg_support_controls/assist_09/crg_support_corruption_control.csv,auc_bce,0.0268694313569997,0.0197324074311381,direct_unseen_bridgeable
assist_09,evidence_support_corruption,1.0,44,high_seq_support,12141,0.7852926478875515,0.0124983958306678,0.502753137814934,0.0066107674675101,0.7977910437182193,0.4961423703474239,1.0,True,-0.0014093625716640988,-0.0010719644600022003,,,support_dependence_only,/home/zsh/ConceptSkillCDM/results/crg_lcrf_core3_final_20260520/crg_support_controls/assist_09/crg_support_corruption_control.csv,auc_bce,0.0139077584023319,0.0076827319275123,high_seq_support
assist_09,evidence_support_corruption,1.0,44,high_crg_mass,12637,0.7324486526598326,0.0192941888187327,0.5227077605957638,0.0184886835932043,0.7517428414785654,0.5042190770025595,1.0,True,0.0101598778512902,0.012198554002117001,,,strong_evidence_gap,/home/zsh/ConceptSkillCDM/results/crg_lcrf_core3_final_20260520/crg_support_controls/assist_09/crg_support_corruption_control.csv,auc_bce,0.0091343109674425,0.0062901295910873,high_crg_mass
assist_09,evidence_support_corruption,1.0,44,short_history,25670,0.7768207696503919,0.0060813564451842,0.5476280616690863,-0.0003745211891074,0.7829021260955762,0.5480025828581937,1.0,True,-0.0078772610236766,-0.0056380131444526,,,support_dependence_only,/home/zsh/ConceptSkillCDM/results/crg_lcrf_core3_final_20260520/crg_support_controls/assist_09/crg_support_corruption_control.csv,auc_bce,0.0139586174688608,0.0052634919553452,short_history
assist_09,evidence_support_corruption,1.0,44,long_history,25420,0.7347379350940958,0.0228780510243641,0.5309477854888568,0.017749307685791,0.7576159861184599,0.5131984778030657,1.0,True,0.0086634767721275,0.010230577826795699,,,strong_evidence_gap,/home/zsh/ConceptSkillCDM/results/crg_lcrf_core3_final_20260520/crg_support_controls/assist_09/crg_support_corruption_control.csv,auc_bce,0.0142145742522366,0.0075187298589953,long_history
assist_09,evidence_support_corruption,1.0,45,all,51090,0.7602030625747823,0.0147594489957092,0.539328734589395,0.0086430503513099,0.7749625115704916,0.530685684238085,1.0,True,0.0013068096909104997,0.0026393956616275003,,,strong_evidence_gap,/home/zsh/ConceptSkillCDM/results/crg_lcrf_core3_final_20260520/crg_support_controls/assist_09/crg_support_corruption_control.csv,auc_bce,0.0134526393047987,0.0060036546896824,all
assist_09,evidence_support_corruption,1.0,45,graph_hits_history,50529,0.7601386166900641,0.0145957817828135,0.538944031866691,0.0084623597106179,0.7747343984728776,0.5304816721560731,1.0,True,0.0012381162217341996,0.0025487648996645003,,,strong_evidence_gap,/home/zsh/ConceptSkillCDM/results/crg_lcrf_core3_final_20260520/crg_support_controls/assist_09/crg_support_corruption_control.csv,auc_bce,0.0133576655610793,0.0059135948109534,direct_unseen_bridgeable
assist_09,evidence_support_corruption,1.0,45,high_support_mass,12637,0.7324486526598326,0.0192941888187327,0.5227077605957638,0.0184886835932043,0.7517428414785654,0.5042190770025595,1.0,True,0.0089224397657261,0.0108699424031498,,,strong_evidence_gap,/home/zsh/ConceptSkillCDM/results/crg_lcrf_core3_final_20260520/crg_support_controls/assist_09/crg_support_corruption_control.csv,auc_bce,0.0103717490530066,0.0076187411900545,high_crg_mass
assist_09,evidence_support_corruption,1.0,45,query_seq_top5_q4_high,12141,0.7852926478875515,0.0124983958306678,0.502753137814934,0.0066107674675101,0.7977910437182193,0.4961423703474239,1.0,True,0.0015968682542572016,1.2547850018499937e-05,,,strong_evidence_gap,/home/zsh/ConceptSkillCDM/results/crg_lcrf_core3_final_20260520/crg_support_controls/assist_09/crg_support_corruption_control.csv,auc_bce,0.0109015275764106,0.0065982196174916,high_seq_support
assist_09,evidence_support_corruption,1.0,45,multi_concept,8419,0.7457581173511552,0.0059585541786739,0.5509533925594156,0.0023595572735006,0.7517166715298291,0.5485938352859149,1.0,True,-0.0064035987651168,-0.0069990117100976,,,support_dependence_only,/home/zsh/ConceptSkillCDM/results/crg_lcrf_core3_final_20260520/crg_support_controls/assist_09/crg_support_corruption_control.csv,auc_bce,0.0123621529437907,0.0093585689835982,direct_seen
assist_09,evidence_support_corruption,1.0,45,direct_seen,49506,0.7594273485199593,0.0131500288191229,0.5422836557095915,0.0072428657140568,0.7725773773390823,0.5350407899955346,1.0,True,-0.00019346006518259837,0.0017465709124770004,,,strong_evidence_gap,/home/zsh/ConceptSkillCDM/results/crg_lcrf_core3_final_20260520/crg_support_controls/assist_09/crg_support_corruption_control.csv,auc_bce,0.0133434888843055,0.0054962948015798,direct_seen
assist_09,evidence_support_corruption,1.0,45,direct_unseen,1584,0.7925131904258009,0.0255239956494306,0.4469762567002221,0.0524041239951494,0.8180371860752316,0.3945721327050726,1.0,True,0.0027620714799547995,0.030543550984512696,,,strong_evidence_gap,/home/zsh/ConceptSkillCDM/results/crg_lcrf_core3_final_20260520/crg_support_controls/assist_09/crg_support_corruption_control.csv,auc_bce,0.0227619241694758,0.0218605730106367,direct_unseen
assist_09,evidence_support_corruption,1.0,45,direct_unseen_bridgeable,1584,0.7925131904258009,0.0255239956494306,0.4469762567002221,0.0524041239951494,0.8180371860752316,0.3945721327050726,1.0,True,0.0027620714799547995,0.030543550984512696,,,strong_evidence_gap,/home/zsh/ConceptSkillCDM/results/crg_lcrf_core3_final_20260520/crg_support_controls/assist_09/crg_support_corruption_control.csv,auc_bce,0.0227619241694758,0.0218605730106367,direct_unseen_bridgeable
assist_09,evidence_support_corruption,1.0,45,high_seq_support,12141,0.7852926478875515,0.0124983958306678,0.502753137814934,0.0066107674675101,0.7977910437182193,0.4961423703474239,1.0,True,0.0015968682542572016,1.2547850018499937e-05,,,strong_evidence_gap,/home/zsh/ConceptSkillCDM/results/crg_lcrf_core3_final_20260520/crg_support_controls/assist_09/crg_support_corruption_control.csv,auc_bce,0.0109015275764106,0.0065982196174916,high_seq_support
assist_09,evidence_support_corruption,1.0,45,high_crg_mass,12637,0.7324486526598326,0.0192941888187327,0.5227077605957638,0.0184886835932043,0.7517428414785654,0.5042190770025595,1.0,True,0.0089224397657261,0.0108699424031498,,,strong_evidence_gap,/home/zsh/ConceptSkillCDM/results/crg_lcrf_core3_final_20260520/crg_support_controls/assist_09/crg_support_corruption_control.csv,auc_bce,0.0103717490530066,0.0076187411900545,high_crg_mass
assist_09,evidence_support_corruption,1.0,45,short_history,25670,0.7768207696503919,0.0060813564451842,0.5476280616690863,-0.0003745211891074,0.7829021260955762,0.5480025828581937,1.0,True,-0.008948914775428,-0.0054064512478506,,,support_dependence_only,/home/zsh/ConceptSkillCDM/results/crg_lcrf_core3_final_20260520/crg_support_controls/assist_09/crg_support_corruption_control.csv,auc_bce,0.0150302712206122,0.0050319300587432,short_history
assist_09,evidence_support_corruption,1.0,45,long_history,25420,0.7347379350940958,0.0228780510243641,0.5309477854888568,0.017749307685791,0.7576159861184599,0.5131984778030657,1.0,True,0.0104715928559941,0.010764371671316799,,,strong_evidence_gap,/home/zsh/ConceptSkillCDM/results/crg_lcrf_core3_final_20260520/crg_support_controls/assist_09/crg_support_corruption_control.csv,auc_bce,0.01240645816837,0.0069849360144742,long_history
assist_09,evidence_support_corruption,1.0,46,all,51090,0.7602030625747823,0.0147594489957092,0.5393287345833871,0.0086430503453021,0.7749625115704916,0.530685684238085,1.0,True,0.00014844970586630132,0.002082059837491701,,,strong_evidence_gap,/home/zsh/ConceptSkillCDM/results/crg_lcrf_core3_final_20260520/crg_support_controls/assist_09/crg_support_corruption_control.csv,auc_bce,0.0146109992898429,0.0065609905078104,all
assist_09,evidence_support_corruption,1.0,46,graph_hits_history,50529,0.7601386166900641,0.0145957817828135,0.5389440318606167,0.0084623597045435,0.7747343984728776,0.5304816721560731,1.0,True,0.0003690330607803993,0.0022160841674475004,,,strong_evidence_gap,/home/zsh/ConceptSkillCDM/results/crg_lcrf_core3_final_20260520/crg_support_controls/assist_09/crg_support_corruption_control.csv,auc_bce,0.0142267487220331,0.006246275537096,direct_unseen_bridgeable
assist_09,evidence_support_corruption,1.0,46,high_support_mass,12637,0.7324486526598326,0.0192941888187327,0.5227077605866957,0.0184886835841361,0.7517428414785654,0.5042190770025595,1.0,True,0.0097607093567553,0.0114113540383106,,,strong_evidence_gap,/home/zsh/ConceptSkillCDM/results/crg_lcrf_core3_final_20260520/crg_support_controls/assist_09/crg_support_corruption_control.csv,auc_bce,0.0095334794619774,0.0070773295458255,high_crg_mass
assist_09,evidence_support_corruption,1.0,46,query_seq_top5_q4_high,12141,0.7852926478875515,0.0124983958306678,0.502753137814934,0.0066107674675101,0.7977910437182193,0.4961423703474239,1.0,True,0.0008535421554068008,0.00025496560156870046,,,strong_evidence_gap,/home/zsh/ConceptSkillCDM/results/crg_lcrf_core3_final_20260520/crg_support_controls/assist_09/crg_support_corruption_control.csv,auc_bce,0.011644853675261,0.0063558018659414,high_seq_support
assist_09,evidence_support_corruption,1.0,46,multi_concept,8419,0.7457581173511552,0.0059585541786739,0.550953392522958,0.0023595572370431,0.7517166715298291,0.5485938352859149,1.0,True,-0.0045918688667787,-0.004541937748810501,,,support_dependence_only,/home/zsh/ConceptSkillCDM/results/crg_lcrf_core3_final_20260520/crg_support_controls/assist_09/crg_support_corruption_control.csv,auc_bce,0.0105504230454526,0.0069014949858536,direct_seen
assist_09,evidence_support_corruption,1.0,46,direct_seen,49506,0.7594273485199593,0.0131500288191229,0.5422836557033914,0.0072428657078568,0.7725773773390823,0.5350407899955346,1.0,True,-0.0013708448575487,0.0010933739421612005,,,strong_evidence_gap,/home/zsh/ConceptSkillCDM/results/crg_lcrf_core3_final_20260520/crg_support_controls/assist_09/crg_support_corruption_control.csv,auc_bce,0.0145208736766716,0.0061494917656956,direct_seen
assist_09,evidence_support_corruption,1.0,46,direct_unseen,1584,0.7925131904258009,0.0255239956494306,0.4469762567002221,0.0524041239951494,0.8180371860752316,0.3945721327050726,1.0,True,0.0018904844796136001,0.03298223908890589,,,strong_evidence_gap,/home/zsh/ConceptSkillCDM/results/crg_lcrf_core3_final_20260520/crg_support_controls/assist_09/crg_support_corruption_control.csv,auc_bce,0.023633511169817,0.0194218849062435,direct_unseen
assist_09,evidence_support_corruption,1.0,46,direct_unseen_bridgeable,1584,0.7925131904258009,0.0255239956494306,0.4469762567002221,0.0524041239951494,0.8180371860752316,0.3945721327050726,1.0,True,0.0018904844796136001,0.03298223908890589,,,strong_evidence_gap,/home/zsh/ConceptSkillCDM/results/crg_lcrf_core3_final_20260520/crg_support_controls/assist_09/crg_support_corruption_control.csv,auc_bce,0.023633511169817,0.0194218849062435,direct_unseen_bridgeable
assist_09,evidence_support_corruption,1.0,46,high_seq_support,12141,0.7852926478875515,0.0124983958306678,0.502753137814934,0.0066107674675101,0.7977910437182193,0.4961423703474239,1.0,True,0.0008535421554068008,0.00025496560156870046,,,strong_evidence_gap,/home/zsh/ConceptSkillCDM/results/crg_lcrf_core3_final_20260520/crg_support_controls/assist_09/crg_support_corruption_control.csv,auc_bce,0.011644853675261,0.0063558018659414,high_seq_support
assist_09,evidence_support_corruption,1.0,46,high_crg_mass,12637,0.7324486526598326,0.0192941888187327,0.5227077605866957,0.0184886835841361,0.7517428414785654,0.5042190770025595,1.0,True,0.0097607093567553,0.0114113540383106,,,strong_evidence_gap,/home/zsh/ConceptSkillCDM/results/crg_lcrf_core3_final_20260520/crg_support_controls/assist_09/crg_support_corruption_control.csv,auc_bce,0.0095334794619774,0.0070773295458255,high_crg_mass
assist_09,evidence_support_corruption,1.0,46,short_history,25670,0.7768207696503919,0.0060813564451842,0.5476280616615934,-0.0003745211966003,0.7829021260955762,0.5480025828581937,1.0,True,-0.011091231219649599,-0.0072716435591199,,,support_dependence_only,/home/zsh/ConceptSkillCDM/results/crg_lcrf_core3_final_20260520/crg_support_controls/assist_09/crg_support_corruption_control.csv,auc_bce,0.0171725876648338,0.0068971223625196,short_history
assist_09,evidence_support_corruption,1.0,46,long_history,25420,0.7347379350940958,0.0228780510243641,0.5309477854843487,0.017749307681283,0.7576159861184599,0.5131984778030657,1.0,True,0.010528570068524501,0.0115277548096008,,,strong_evidence_gap,/home/zsh/ConceptSkillCDM/results/crg_lcrf_core3_final_20260520/crg_support_controls/assist_09/crg_support_corruption_control.csv,auc_bce,0.0123494809558396,0.0062215528716822,long_history
assist_09,degree_matched_random_support,0.0,42,all,51090,0.7749625115704916,0.0,0.5306856842391594,1.074362820929764e-12,0.7749625115704916,0.530685684238085,12.95121955871582,True,,,,,weak,/home/zsh/ConceptSkillCDM/results/crg_lcrf_core3_final_20260520/crg_support_controls/assist_09/crg_support_corruption_control.csv,auc_bce,0.0,1.074362820929764e-12,all
assist_09,degree_matched_random_support,0.0,42,graph_hits_history,50529,0.7747343984728776,0.0,0.5304816721571596,1.0864642518981782e-12,0.7747343984728776,0.5304816721560731,12.95121955871582,True,,,,,weak,/home/zsh/ConceptSkillCDM/results/crg_lcrf_core3_final_20260520/crg_support_controls/assist_09/crg_support_corruption_control.csv,auc_bce,0.0,1.0864642518981782e-12,direct_unseen_bridgeable
assist_09,degree_matched_random_support,0.0,42,high_support_mass,12637,0.7517428414785654,0.0,0.5042190769790127,-2.3546831151577408e-11,0.7517428414785654,0.5042190770025595,12.95121955871582,True,,,,,weak,/home/zsh/ConceptSkillCDM/results/crg_lcrf_core3_final_20260520/crg_support_controls/assist_09/crg_support_corruption_control.csv,auc_bce,0.0,-2.3546831151577408e-11,high_crg_mass
assist_09,degree_matched_random_support,0.0,42,query_seq_top5_q4_high,12141,0.7977910437182193,0.0,0.4961423703474239,0.0,0.7977910437182193,0.4961423703474239,12.95121955871582,True,,,,,weak,/home/zsh/ConceptSkillCDM/results/crg_lcrf_core3_final_20260520/crg_support_controls/assist_09/crg_support_corruption_control.csv,auc_bce,0.0,0.0,high_seq_support
assist_09,degree_matched_random_support,0.0,42,multi_concept,8419,0.7517166715298291,0.0,0.5485938352924352,6.5203398236235436e-12,0.7517166715298291,0.5485938352859149,12.95121955871582,True,,,,,weak,/home/zsh/ConceptSkillCDM/results/crg_lcrf_core3_final_20260520/crg_support_controls/assist_09/crg_support_corruption_control.csv,auc_bce,0.0,6.5203398236235436e-12,direct_seen
assist_09,degree_matched_random_support,0.0,42,direct_seen,49506,0.7725773773390823,0.0,0.5350407899966434,1.1087797346931438e-12,0.7725773773390823,0.5350407899955346,12.95121955871582,True,,,,,weak,/home/zsh/ConceptSkillCDM/results/crg_lcrf_core3_final_20260520/crg_support_controls/assist_09/crg_support_corruption_control.csv,auc_bce,0.0,1.1087797346931438e-12,direct_seen
assist_09,degree_matched_random_support,0.0,42,direct_unseen,1584,0.8180371860752316,0.0,0.3945721327050726,0.0,0.8180371860752316,0.3945721327050726,12.95121955871582,True,,,,,weak,/home/zsh/ConceptSkillCDM/results/crg_lcrf_core3_final_20260520/crg_support_controls/assist_09/crg_support_corruption_control.csv,auc_bce,0.0,0.0,direct_unseen
assist_09,degree_matched_random_support,0.0,42,direct_unseen_bridgeable,1584,0.8180371860752316,0.0,0.3945721327050726,0.0,0.8180371860752316,0.3945721327050726,12.95121955871582,True,,,,,weak,/home/zsh/ConceptSkillCDM/results/crg_lcrf_core3_final_20260520/crg_support_controls/assist_09/crg_support_corruption_control.csv,auc_bce,0.0,0.0,direct_unseen_bridgeable
assist_09,degree_matched_random_support,0.0,42,high_seq_support,12141,0.7977910437182193,0.0,0.4961423703474239,0.0,0.7977910437182193,0.4961423703474239,12.95121955871582,True,,,,,weak,/home/zsh/ConceptSkillCDM/results/crg_lcrf_core3_final_20260520/crg_support_controls/assist_09/crg_support_corruption_control.csv,auc_bce,0.0,0.0,high_seq_support
assist_09,degree_matched_random_support,0.0,42,high_crg_mass,12637,0.7517428414785654,0.0,0.5042190769790127,-2.3546831151577408e-11,0.7517428414785654,0.5042190770025595,12.95121955871582,True,,,,,weak,/home/zsh/ConceptSkillCDM/results/crg_lcrf_core3_final_20260520/crg_support_controls/assist_09/crg_support_corruption_control.csv,auc_bce,0.0,-2.3546831151577408e-11,high_crg_mass
assist_09,degree_matched_random_support,0.0,42,short_history,25670,0.7829021260955762,0.0,0.548002582871924,1.3730350190144236e-11,0.7829021260955762,0.5480025828581937,12.95121955871582,True,,,,,weak,/home/zsh/ConceptSkillCDM/results/crg_lcrf_core3_final_20260520/crg_support_controls/assist_09/crg_support_corruption_control.csv,auc_bce,0.0,1.3730350190144236e-11,short_history
assist_09,degree_matched_random_support,0.0,42,long_history,25420,0.7576159861184599,0.0,0.51319847779136,-1.1705747482437799e-11,0.7576159861184599,0.5131984778030657,12.95121955871582,True,,,,,weak,/home/zsh/ConceptSkillCDM/results/crg_lcrf_core3_final_20260520/crg_support_controls/assist_09/crg_support_corruption_control.csv,auc_bce,0.0,-1.1705747482437799e-11,long_history
assist_09,degree_matched_random_support,0.25,42,all,51090,0.774137027603356,0.0008254839671355,0.5315756008977927,0.0008899166597076,0.7749625115704916,0.530685684238085,13.341463088989258,True,,,,,weak,/home/zsh/ConceptSkillCDM/results/crg_lcrf_core3_final_20260520/crg_support_controls/assist_09/crg_support_corruption_control.csv,auc_bce,0.0008254839671355,0.0008899166597076,all
assist_09,degree_matched_random_support,0.25,42,graph_hits_history,50529,0.7738831499320238,0.0008512485408538,0.5314076363326752,0.000925964176602,0.7747343984728776,0.5304816721560731,13.341463088989258,True,,,,,weak,/home/zsh/ConceptSkillCDM/results/crg_lcrf_core3_final_20260520/crg_support_controls/assist_09/crg_support_corruption_control.csv,auc_bce,0.0008512485408538,0.000925964176602,direct_unseen_bridgeable
assist_09,degree_matched_random_support,0.25,42,high_support_mass,12637,0.7517093989089563,3.344256960913228e-05,0.5045458726679125,0.0003267956653529,0.7517428414785654,0.5042190770025595,13.341463088989258,True,,,,,weak,/home/zsh/ConceptSkillCDM/results/crg_lcrf_core3_final_20260520/crg_support_controls/assist_09/crg_support_corruption_control.csv,auc_bce,3.344256960913228e-05,0.0003267956653529,high_crg_mass
assist_09,degree_matched_random_support,0.25,42,query_seq_top5_q4_high,12141,0.7973444690627394,0.0004465746554799,0.4962590568574213,0.0001166865099974,0.7977910437182193,0.4961423703474239,13.341463088989258,True,,,,,weak,/home/zsh/ConceptSkillCDM/results/crg_lcrf_core3_final_20260520/crg_support_controls/assist_09/crg_support_corruption_control.csv,auc_bce,0.0004465746554799,0.0001166865099974,high_seq_support
assist_09,degree_matched_random_support,0.25,42,multi_concept,8419,0.750339924502352,0.0013767470274771,0.5515093782512815,0.0029155429653666,0.7517166715298291,0.5485938352859149,13.341463088989258,True,,,,,weak,/home/zsh/ConceptSkillCDM/results/crg_lcrf_core3_final_20260520/crg_support_controls/assist_09/crg_support_corruption_control.csv,auc_bce,0.0013767470274771,0.0029155429653666,direct_seen
assist_09,degree_matched_random_support,0.25,42,direct_seen,49506,0.7717794756589559,0.0007979016801263,0.5358926220553152,0.0008518320597805,0.7725773773390823,0.5350407899955346,13.341463088989258,True,,,,,weak,/home/zsh/ConceptSkillCDM/results/crg_lcrf_core3_final_20260520/crg_support_controls/assist_09/crg_support_corruption_control.csv,auc_bce,0.0007979016801263,0.0008518320597805,direct_seen
assist_09,degree_matched_random_support,0.25,42,direct_unseen,1584,0.8141874722258369,0.0038497138493946,0.3966523373723444,0.0020802046672717,0.8180371860752316,0.3945721327050726,13.341463088989258,True,,,,,weak,/home/zsh/ConceptSkillCDM/results/crg_lcrf_core3_final_20260520/crg_support_controls/assist_09/crg_support_corruption_control.csv,auc_bce,0.0038497138493946,0.0020802046672717,direct_unseen
assist_09,degree_matched_random_support,0.25,42,direct_unseen_bridgeable,1584,0.8141874722258369,0.0038497138493946,0.3966523373723444,0.0020802046672717,0.8180371860752316,0.3945721327050726,13.341463088989258,True,,,,,weak,/home/zsh/ConceptSkillCDM/results/crg_lcrf_core3_final_20260520/crg_support_controls/assist_09/crg_support_corruption_control.csv,auc_bce,0.0038497138493946,0.0020802046672717,direct_unseen_bridgeable
assist_09,degree_matched_random_support,0.25,42,high_seq_support,12141,0.7973444690627394,0.0004465746554799,0.4962590568574213,0.0001166865099974,0.7977910437182193,0.4961423703474239,13.341463088989258,True,,,,,weak,/home/zsh/ConceptSkillCDM/results/crg_lcrf_core3_final_20260520/crg_support_controls/assist_09/crg_support_corruption_control.csv,auc_bce,0.0004465746554799,0.0001166865099974,high_seq_support
assist_09,degree_matched_random_support,0.25,42,high_crg_mass,12637,0.7517093989089563,3.344256960913228e-05,0.5045458726679125,0.0003267956653529,0.7517428414785654,0.5042190770025595,13.341463088989258,True,,,,,weak,/home/zsh/ConceptSkillCDM/results/crg_lcrf_core3_final_20260520/crg_support_controls/assist_09/crg_support_corruption_control.csv,auc_bce,3.344256960913228e-05,0.0003267956653529,high_crg_mass
assist_09,degree_matched_random_support,0.25,42,short_history,25670,0.7814941080983986,0.0014080179971776,0.5489373753983461,0.0009347925401523,0.7829021260955762,0.5480025828581937,13.341463088989258,True,,,,,weak,/home/zsh/ConceptSkillCDM/results/crg_lcrf_core3_final_20260520/crg_support_controls/assist_09/crg_support_corruption_control.csv,auc_bce,0.0014080179971776,0.0009347925401523,short_history
assist_09,degree_matched_random_support,0.25,42,long_history,25420,0.757114674108251,0.0005013120102089,0.514043077238107,0.0008445994350413,0.7576159861184599,0.5131984778030657,13.341463088989258,True,,,,,weak,/home/zsh/ConceptSkillCDM/results/crg_lcrf_core3_final_20260520/crg_support_controls/assist_09/crg_support_corruption_control.csv,auc_bce,0.0005013120102089,0.0008445994350413,long_history
assist_09,degree_matched_random_support,0.25,43,all,51090,0.7721672642373298,0.0027952473331617,0.532050706057233,0.0013650218191479,0.7749625115704916,0.530685684238085,13.357723236083984,True,,,,,weak,/home/zsh/ConceptSkillCDM/results/crg_lcrf_core3_final_20260520/crg_support_controls/assist_09/crg_support_corruption_control.csv,auc_bce,0.0027952473331617,0.0013650218191479,all
assist_09,degree_matched_random_support,0.25,43,graph_hits_history,50529,0.7719360138397701,0.0027983846331075,0.531855234088976,0.0013735619329028,0.7747343984728776,0.5304816721560731,13.357723236083984,True,,,,,weak,/home/zsh/ConceptSkillCDM/results/crg_lcrf_core3_final_20260520/crg_support_controls/assist_09/crg_support_corruption_control.csv,auc_bce,0.0027983846331075,0.0013735619329028,direct_unseen_bridgeable
assist_09,degree_matched_random_support,0.25,43,high_support_mass,12637,0.7510624592522059,0.0006803822263594,0.5043019940521476,8.291704958807156e-05,0.7517428414785654,0.5042190770025595,13.357723236083984,True,,,,,weak,/home/zsh/ConceptSkillCDM/results/crg_lcrf_core3_final_20260520/crg_support_controls/assist_09/crg_support_corruption_control.csv,auc_bce,0.0006803822263594,8.291704958807156e-05,high_crg_mass
assist_09,degree_matched_random_support,0.25,43,query_seq_top5_q4_high,12141,0.7951048832473312,0.002686160470888,0.4987466297178191,0.0026042593703951,0.7977910437182193,0.4961423703474239,13.357723236083984,True,,,,,weak,/home/zsh/ConceptSkillCDM/results/crg_lcrf_core3_final_20260520/crg_support_controls/assist_09/crg_support_corruption_control.csv,auc_bce,0.002686160470888,0.0026042593703951,high_seq_support
assist_09,degree_matched_random_support,0.25,43,multi_concept,8419,0.7515609012663724,0.0001557702634567,0.5477028388997585,-0.0008909963861564,0.7517166715298291,0.5485938352859149,13.357723236083984,True,,,,,weak,/home/zsh/ConceptSkillCDM/results/crg_lcrf_core3_final_20260520/crg_support_controls/assist_09/crg_support_corruption_control.csv,auc_bce,0.0001557702634567,-0.0008909963861564,direct_seen
assist_09,degree_matched_random_support,0.25,43,direct_seen,49506,0.769856355847383,0.0027210214916992,0.5363304320492823,0.0012896420537477,0.7725773773390823,0.5350407899955346,13.357723236083984,True,,,,,weak,/home/zsh/ConceptSkillCDM/results/crg_lcrf_core3_final_20260520/crg_support_controls/assist_09/crg_support_corruption_control.csv,auc_bce,0.0027210214916992,0.0012896420537477,direct_seen
assist_09,degree_matched_random_support,0.25,43,direct_unseen,1584,0.8091101710520178,0.0089270150232138,0.3982930577223916,0.003720925017319,0.8180371860752316,0.3945721327050726,13.357723236083984,True,,,,,weak,/home/zsh/ConceptSkillCDM/results/crg_lcrf_core3_final_20260520/crg_support_controls/assist_09/crg_support_corruption_control.csv,auc_bce,0.0089270150232138,0.003720925017319,direct_unseen
assist_09,degree_matched_random_support,0.25,43,direct_unseen_bridgeable,1584,0.8091101710520178,0.0089270150232138,0.3982930577223916,0.003720925017319,0.8180371860752316,0.3945721327050726,13.357723236083984,True,,,,,weak,/home/zsh/ConceptSkillCDM/results/crg_lcrf_core3_final_20260520/crg_support_controls/assist_09/crg_support_corruption_control.csv,auc_bce,0.0089270150232138,0.003720925017319,direct_unseen_bridgeable
assist_09,degree_matched_random_support,0.25,43,high_seq_support,12141,0.7951048832473312,0.002686160470888,0.4987466297178191,0.0026042593703951,0.7977910437182193,0.4961423703474239,13.357723236083984,True,,,,,weak,/home/zsh/ConceptSkillCDM/results/crg_lcrf_core3_final_20260520/crg_support_controls/assist_09/crg_support_corruption_control.csv,auc_bce,0.002686160470888,0.0026042593703951,high_seq_support
assist_09,degree_matched_random_support,0.25,43,high_crg_mass,12637,0.7510624592522059,0.0006803822263594,0.5043019940521476,8.291704958807156e-05,0.7517428414785654,0.5042190770025595,13.357723236083984,True,,,,,weak,/home/zsh/ConceptSkillCDM/results/crg_lcrf_core3_final_20260520/crg_support_controls/assist_09/crg_support_corruption_control.csv,auc_bce,0.0006803822263594,8.291704958807156e-05,high_crg_mass
assist_09,degree_matched_random_support,0.25,43,short_history,25670,0.7791405526263823,0.0037615734691939,0.5499613668880022,0.0019587840298085,0.7829021260955762,0.5480025828581937,13.357723236083984,True,,,,,weak,/home/zsh/ConceptSkillCDM/results/crg_lcrf_core3_final_20260520/crg_support_controls/assist_09/crg_support_corruption_control.csv,auc_bce,0.0037615734691939,0.0019587840298085,short_history
assist_09,degree_matched_random_support,0.25,43,long_history,25420,0.755916075468712,0.0016999106497479,0.5139638978933526,0.0007654200902869,0.7576159861184599,0.5131984778030657,13.357723236083984,True,,,,,weak,/home/zsh/ConceptSkillCDM/results/crg_lcrf_core3_final_20260520/crg_support_controls/assist_09/crg_support_corruption_control.csv,auc_bce,0.0016999106497479,0.0007654200902869,long_history
assist_09,degree_matched_random_support,0.25,44,all,51090,0.7735066571592518,0.0014558544112397,0.5321572894103951,0.00147160517231,0.7749625115704916,0.530685684238085,13.284552574157717,True,,,,,weak,/home/zsh/ConceptSkillCDM/results/crg_lcrf_core3_final_20260520/crg_support_controls/assist_09/crg_support_corruption_control.csv,auc_bce,0.0014558544112397,0.00147160517231,all
assist_09,degree_matched_random_support,0.25,44,graph_hits_history,50529,0.773291861798855,0.0014425366740226,0.5319702003638378,0.0014885282077646,0.7747343984728776,0.5304816721560731,13.284552574157717,True,,,,,weak,/home/zsh/ConceptSkillCDM/results/crg_lcrf_core3_final_20260520/crg_support_controls/assist_09/crg_support_corruption_control.csv,auc_bce,0.0014425366740226,0.0014885282077646,direct_unseen_bridgeable
assist_09,degree_matched_random_support,0.25,44,high_support_mass,12637,0.7517030191441461,3.982233441934824e-05,0.5042241273081577,5.0503055981643286e-06,0.7517428414785654,0.5042190770025595,13.284552574157717,True,,,,,weak,/home/zsh/ConceptSkillCDM/results/crg_lcrf_core3_final_20260520/crg_support_controls/assist_09/crg_support_corruption_control.csv,auc_bce,3.982233441934824e-05,5.0503055981643286e-06,high_crg_mass
assist_09,degree_matched_random_support,0.25,44,query_seq_top5_q4_high,12141,0.7949167890246759,0.0028742546935434,0.4982395119707721,0.0020971416233482,0.7977910437182193,0.4961423703474239,13.284552574157717,True,,,,,weak,/home/zsh/ConceptSkillCDM/results/crg_lcrf_core3_final_20260520/crg_support_controls/assist_09/crg_support_corruption_control.csv,auc_bce,0.0028742546935434,0.0020971416233482,high_seq_support
assist_09,degree_matched_random_support,0.25,44,multi_concept,8419,0.7516147811322212,0.0001018903976078,0.5485783640284052,-1.5471257509669378e-05,0.7517166715298291,0.5485938352859149,13.284552574157717,True,,,,,weak,/home/zsh/ConceptSkillCDM/results/crg_lcrf_core3_final_20260520/crg_support_controls/assist_09/crg_support_corruption_control.csv,auc_bce,0.0001018903976078,-1.5471257509669378e-05,direct_seen
assist_09,degree_matched_random_support,0.25,44,direct_seen,49506,0.771156519212375,0.0014208581267072,0.5364899306707952,0.0014491406752605,0.7725773773390823,0.5350407899955346,13.284552574157717,True,,,,,weak,/home/zsh/ConceptSkillCDM/results/crg_lcrf_core3_final_20260520/crg_support_controls/assist_09/crg_support_corruption_control.csv,auc_bce,0.0014208581267072,0.0014491406752605,direct_seen
assist_09,degree_matched_random_support,0.25,44,direct_unseen,1584,0.8134975681495104,0.0045396179257212,0.3967458385029684,0.0021737057978958,0.8180371860752316,0.3945721327050726,13.284552574157717,True,,,,,weak,/home/zsh/ConceptSkillCDM/results/crg_lcrf_core3_final_20260520/crg_support_controls/assist_09/crg_support_corruption_control.csv,auc_bce,0.0045396179257212,0.0021737057978958,direct_unseen
assist_09,degree_matched_random_support,0.25,44,direct_unseen_bridgeable,1584,0.8134975681495104,0.0045396179257212,0.3967458385029684,0.0021737057978958,0.8180371860752316,0.3945721327050726,13.284552574157717,True,,,,,weak,/home/zsh/ConceptSkillCDM/results/crg_lcrf_core3_final_20260520/crg_support_controls/assist_09/crg_support_corruption_control.csv,auc_bce,0.0045396179257212,0.0021737057978958,direct_unseen_bridgeable
assist_09,degree_matched_random_support,0.25,44,high_seq_support,12141,0.7949167890246759,0.0028742546935434,0.4982395119707721,0.0020971416233482,0.7977910437182193,0.4961423703474239,13.284552574157717,True,,,,,weak,/home/zsh/ConceptSkillCDM/results/crg_lcrf_core3_final_20260520/crg_support_controls/assist_09/crg_support_corruption_control.csv,auc_bce,0.0028742546935434,0.0020971416233482,high_seq_support
assist_09,degree_matched_random_support,0.25,44,high_crg_mass,12637,0.7517030191441461,3.982233441934824e-05,0.5042241273081577,5.0503055981643286e-06,0.7517428414785654,0.5042190770025595,13.284552574157717,True,,,,,weak,/home/zsh/ConceptSkillCDM/results/crg_lcrf_core3_final_20260520/crg_support_controls/assist_09/crg_support_corruption_control.csv,auc_bce,3.982233441934824e-05,5.0503055981643286e-06,high_crg_mass
assist_09,degree_matched_random_support,0.25,44,short_history,25670,0.7807868901072168,0.0021152359883593,0.5500728714850537,0.0020702886268599,0.7829021260955762,0.5480025828581937,13.284552574157717,True,,,,,weak,/home/zsh/ConceptSkillCDM/results/crg_lcrf_core3_final_20260520/crg_support_controls/assist_09/crg_support_corruption_control.csv,auc_bce,0.0021152359883593,0.0020702886268599,short_history
assist_09,degree_matched_random_support,0.25,44,long_history,25420,0.7569427095372051,0.0006732765812548,0.5140655116032952,0.0008670338002294,0.7576159861184599,0.5131984778030657,13.284552574157717,True,,,,,weak,/home/zsh/ConceptSkillCDM/results/crg_lcrf_core3_final_20260520/crg_support_controls/assist_09/crg_support_corruption_control.csv,auc_bce,0.0006732765812548,0.0008670338002294,long_history
assist_09,degree_matched_random_support,0.25,45,all,51090,0.773966067228381,0.0009964443421105,0.532113799501845,0.0014281152637599,0.7749625115704916,0.530685684238085,13.325202941894531,True,,,,,weak,/home/zsh/ConceptSkillCDM/results/crg_lcrf_core3_final_20260520/crg_support_controls/assist_09/crg_support_corruption_control.csv,auc_bce,0.0009964443421105,0.0014281152637599,all
assist_09,degree_matched_random_support,0.25,45,graph_hits_history,50529,0.7737652574043306,0.000969141068547,0.5318690239090039,0.0013873517529308,0.7747343984728776,0.5304816721560731,13.325202941894531,True,,,,,weak,/home/zsh/ConceptSkillCDM/results/crg_lcrf_core3_final_20260520/crg_support_controls/assist_09/crg_support_corruption_control.csv,auc_bce,0.000969141068547,0.0013873517529308,direct_unseen_bridgeable
assist_09,degree_matched_random_support,0.25,45,high_support_mass,12637,0.7517366822488353,6.15922973012939e-06,0.504496804411822,0.0002777274092624,0.7517428414785654,0.5042190770025595,13.325202941894531,True,,,,,weak,/home/zsh/ConceptSkillCDM/results/crg_lcrf_core3_final_20260520/crg_support_controls/assist_09/crg_support_corruption_control.csv,auc_bce,6.15922973012939e-06,0.0002777274092624,high_crg_mass
assist_09,degree_matched_random_support,0.25,45,query_seq_top5_q4_high,12141,0.7976269841991945,0.0001640595190247,0.4970590296347452,0.0009166592873213,0.7977910437182193,0.4961423703474239,13.325202941894531,True,,,,,weak,/home/zsh/ConceptSkillCDM/results/crg_lcrf_core3_final_20260520/crg_support_controls/assist_09/crg_support_corruption_control.csv,auc_bce,0.0001640595190247,0.0009166592873213,high_seq_support
assist_09,degree_matched_random_support,0.25,45,multi_concept,8419,0.7508980081157053,0.0008186634141238,0.548588673817689,-5.161468225822752e-06,0.7517166715298291,0.5485938352859149,13.325202941894531,True,,,,,weak,/home/zsh/ConceptSkillCDM/results/crg_lcrf_core3_final_20260520/crg_support_controls/assist_09/crg_support_corruption_control.csv,auc_bce,0.0008186634141238,-5.161468225822752e-06,direct_seen
assist_09,degree_matched_random_support,0.25,45,direct_seen,49506,0.7717066787278293,0.0008706986112529,0.536426200167373,0.0013854101718383,0.7725773773390823,0.5350407899955346,13.325202941894531,True,,,,,weak,/home/zsh/ConceptSkillCDM/results/crg_lcrf_core3_final_20260520/crg_support_controls/assist_09/crg_support_corruption_control.csv,auc_bce,0.0008706986112529,0.0013854101718383,direct_seen
assist_09,degree_matched_random_support,0.25,45,direct_unseen,1584,0.8112830006162488,0.0067541854589827,0.3973349438530964,0.0027628111480237,0.8180371860752316,0.3945721327050726,13.325202941894531,True,,,,,weak,/home/zsh/ConceptSkillCDM/results/crg_lcrf_core3_final_20260520/crg_support_controls/assist_09/crg_support_corruption_control.csv,auc_bce,0.0067541854589827,0.0027628111480237,direct_unseen
assist_09,degree_matched_random_support,0.25,45,direct_unseen_bridgeable,1584,0.8112830006162488,0.0067541854589827,0.3973349438530964,0.0027628111480237,0.8180371860752316,0.3945721327050726,13.325202941894531,True,,,,,weak,/home/zsh/ConceptSkillCDM/results/crg_lcrf_core3_final_20260520/crg_support_controls/assist_09/crg_support_corruption_control.csv,auc_bce,0.0067541854589827,0.0027628111480237,direct_unseen_bridgeable
assist_09,degree_matched_random_support,0.25,45,high_seq_support,12141,0.7976269841991945,0.0001640595190247,0.4970590296347452,0.0009166592873213,0.7977910437182193,0.4961423703474239,13.325202941894531,True,,,,,weak,/home/zsh/ConceptSkillCDM/results/crg_lcrf_core3_final_20260520/crg_support_controls/assist_09/crg_support_corruption_control.csv,auc_bce,0.0001640595190247,0.0009166592873213,high_seq_support
assist_09,degree_matched_random_support,0.25,45,high_crg_mass,12637,0.7517366822488353,6.15922973012939e-06,0.504496804411822,0.0002777274092624,0.7517428414785654,0.5042190770025595,13.325202941894531,True,,,,,weak,/home/zsh/ConceptSkillCDM/results/crg_lcrf_core3_final_20260520/crg_support_controls/assist_09/crg_support_corruption_control.csv,auc_bce,6.15922973012939e-06,0.0002777274092624,high_crg_mass
assist_09,degree_matched_random_support,0.25,45,short_history,25670,0.781530754985009,0.0013713711105671,0.5495063150483082,0.0015037321901144,0.7829021260955762,0.5480025828581937,13.325202941894531,True,,,,,weak,/home/zsh/ConceptSkillCDM/results/crg_lcrf_core3_final_20260520/crg_support_controls/assist_09/crg_support_corruption_control.csv,auc_bce,0.0013713711105671,0.0015037321901144,short_history
assist_09,degree_matched_random_support,0.25,45,long_history,25420,0.7568323439904244,0.0007836421280354,0.5145502324649566,0.0013517546618908,0.7576159861184599,0.5131984778030657,13.325202941894531,True,,,,,weak,/home/zsh/ConceptSkillCDM/results/crg_lcrf_core3_final_20260520/crg_support_controls/assist_09/crg_support_corruption_control.csv,auc_bce,0.0007836421280354,0.0013517546618908,long_history
assist_09,degree_matched_random_support,0.25,46,all,51090,0.7726565453983768,0.0023059661721147,0.5326526236384157,0.0019669394003306,0.7749625115704916,0.530685684238085,13.357723236083984,True,,,,,weak,/home/zsh/ConceptSkillCDM/results/crg_lcrf_core3_final_20260520/crg_support_controls/assist_09/crg_support_corruption_control.csv,auc_bce,0.0023059661721147,0.0019669394003306,all
assist_09,degree_matched_random_support,0.25,46,graph_hits_history,50529,0.7723582964674285,0.0023761020054491,0.5325263621155073,0.0020446899594341,0.7747343984728776,0.5304816721560731,13.357723236083984,True,,,,,weak,/home/zsh/ConceptSkillCDM/results/crg_lcrf_core3_final_20260520/crg_support_controls/assist_09/crg_support_corruption_control.csv,auc_bce,0.0023761020054491,0.0020446899594341,direct_unseen_bridgeable
assist_09,degree_matched_random_support,0.25,46,high_support_mass,12637,0.7500822123272681,0.0016606291512972,0.5064749404374153,0.0022558634348557,0.7517428414785654,0.5042190770025595,13.357723236083984,True,,,,,weak,/home/zsh/ConceptSkillCDM/results/crg_lcrf_core3_final_20260520/crg_support_controls/assist_09/crg_support_corruption_control.csv,auc_bce,0.0016606291512972,0.0022558634348557,high_crg_mass
assist_09,degree_matched_random_support,0.25,46,query_seq_top5_q4_high,12141,0.7955838912321974,0.0022071524860218,0.4991120737987571,0.0029697034513332,0.7977910437182193,0.4961423703474239,13.357723236083984,True,,,,,weak,/home/zsh/ConceptSkillCDM/results/crg_lcrf_core3_final_20260520/crg_support_controls/assist_09/crg_support_corruption_control.csv,auc_bce,0.0022071524860218,0.0029697034513332,high_seq_support
assist_09,degree_matched_random_support,0.25,46,multi_concept,8419,0.7487870353428319,0.0029296361869972,0.5541985179045059,0.005604682618591,0.7517166715298291,0.5485938352859149,13.357723236083984,True,,,,,weak,/home/zsh/ConceptSkillCDM/results/crg_lcrf_core3_final_20260520/crg_support_controls/assist_09/crg_support_corruption_control.csv,auc_bce,0.0029296361869972,0.005604682618591,direct_seen
assist_09,degree_matched_random_support,0.25,46,direct_seen,49506,0.7703797484231172,0.002197628915965,0.5368910785134183,0.0018502885178837,0.7725773773390823,0.5350407899955346,13.357723236083984,True,,,,,weak,/home/zsh/ConceptSkillCDM/results/crg_lcrf_core3_final_20260520/crg_support_controls/assist_09/crg_support_corruption_control.csv,auc_bce,0.002197628915965,0.0018502885178837,direct_seen
assist_09,degree_matched_random_support,0.25,46,direct_unseen,1584,0.8079685148403031,0.0100686712349284,0.4001848540412714,0.0056127213361988,0.8180371860752316,0.3945721327050726,13.357723236083984,True,,,,,weak,/home/zsh/ConceptSkillCDM/results/crg_lcrf_core3_final_20260520/crg_support_controls/assist_09/crg_support_corruption_control.csv,auc_bce,0.0100686712349284,0.0056127213361988,direct_unseen
assist_09,degree_matched_random_support,0.25,46,direct_unseen_bridgeable,1584,0.8079685148403031,0.0100686712349284,0.4001848540412714,0.0056127213361988,0.8180371860752316,0.3945721327050726,13.357723236083984,True,,,,,weak,/home/zsh/ConceptSkillCDM/results/crg_lcrf_core3_final_20260520/crg_support_controls/assist_09/crg_support_corruption_control.csv,auc_bce,0.0100686712349284,0.0056127213361988,direct_unseen_bridgeable
assist_09,degree_matched_random_support,0.25,46,high_seq_support,12141,0.7955838912321974,0.0022071524860218,0.4991120737987571,0.0029697034513332,0.7977910437182193,0.4961423703474239,13.357723236083984,True,,,,,weak,/home/zsh/ConceptSkillCDM/results/crg_lcrf_core3_final_20260520/crg_support_controls/assist_09/crg_support_corruption_control.csv,auc_bce,0.0022071524860218,0.0029697034513332,high_seq_support
assist_09,degree_matched_random_support,0.25,46,high_crg_mass,12637,0.7500822123272681,0.0016606291512972,0.5064749404374153,0.0022558634348557,0.7517428414785654,0.5042190770025595,13.357723236083984,True,,,,,weak,/home/zsh/ConceptSkillCDM/results/crg_lcrf_core3_final_20260520/crg_support_controls/assist_09/crg_support_corruption_control.csv,auc_bce,0.0016606291512972,0.0022558634348557,high_crg_mass
assist_09,degree_matched_random_support,0.25,46,short_history,25670,0.7799664682899525,0.0029356578056236,0.5501268439167293,0.0021242610585355,0.7829021260955762,0.5480025828581937,13.357723236083984,True,,,,,weak,/home/zsh/ConceptSkillCDM/results/crg_lcrf_core3_final_20260520/crg_support_controls/assist_09/crg_support_corruption_control.csv,auc_bce,0.0029356578056236,0.0021242610585355,short_history
assist_09,degree_matched_random_support,0.25,46,long_history,25420,0.755827084858748,0.0017889012597118,0.5150065483219599,0.0018080705188942,0.7576159861184599,0.5131984778030657,13.357723236083984,True,,,,,weak,/home/zsh/ConceptSkillCDM/results/crg_lcrf_core3_final_20260520/crg_support_controls/assist_09/crg_support_corruption_control.csv,auc_bce,0.0017889012597118,0.0018080705188942,long_history
assist_09,degree_matched_random_support,0.5,42,all,51090,0.7709786805908223,0.0039838309796692,0.5328561086940378,0.0021704244559527,0.7749625115704916,0.530685684238085,13.44715404510498,True,,,,,weak,/home/zsh/ConceptSkillCDM/results/crg_lcrf_core3_final_20260520/crg_support_controls/assist_09/crg_support_corruption_control.csv,auc_bce,0.0039838309796692,0.0021704244559527,all
assist_09,degree_matched_random_support,0.5,42,graph_hits_history,50529,0.7706300554537229,0.0041043430191547,0.5327635305152131,0.0022818583591399,0.7747343984728776,0.5304816721560731,13.44715404510498,True,,,,,weak,/home/zsh/ConceptSkillCDM/results/crg_lcrf_core3_final_20260520/crg_support_controls/assist_09/crg_support_corruption_control.csv,auc_bce,0.0041043430191547,0.0022818583591399,direct_unseen_bridgeable
assist_09,degree_matched_random_support,0.5,42,high_support_mass,12637,0.7468357469217557,0.0049070945568097,0.5079449812373843,0.0037259042348247,0.7517428414785654,0.5042190770025595,13.44715404510498,True,,,,,weak,/home/zsh/ConceptSkillCDM/results/crg_lcrf_core3_final_20260520/crg_support_controls/assist_09/crg_support_corruption_control.csv,auc_bce,0.0049070945568097,0.0037259042348247,high_crg_mass
assist_09,degree_matched_random_support,0.5,42,query_seq_top5_q4_high,12141,0.7952169444565158,0.0025740992617034,0.5009990669150746,0.0048566965676506,0.7977910437182193,0.4961423703474239,13.44715404510498,True,,,,,weak,/home/zsh/ConceptSkillCDM/results/crg_lcrf_core3_final_20260520/crg_support_controls/assist_09/crg_support_corruption_control.csv,auc_bce,0.0025740992617034,0.0048566965676506,high_seq_support
assist_09,degree_matched_random_support,0.5,42,multi_concept,8419,0.7467501590310046,0.0049665124988245,0.5560404780984242,0.0074466428125092,0.7517166715298291,0.5485938352859149,13.44715404510498,True,,,,,weak,/home/zsh/ConceptSkillCDM/results/crg_lcrf_core3_final_20260520/crg_support_controls/assist_09/crg_support_corruption_control.csv,auc_bce,0.0049665124988245,0.0074466428125092,direct_seen
assist_09,degree_matched_random_support,0.5,42,direct_seen,49506,0.768576977276304,0.0040004000627782,0.5371856060970521,0.0021448161015175,0.7725773773390823,0.5350407899955346,13.44715404510498,True,,,,,weak,/home/zsh/ConceptSkillCDM/results/crg_lcrf_core3_final_20260520/crg_support_controls/assist_09/crg_support_corruption_control.csv,auc_bce,0.0040004000627782,0.0021448161015175,direct_seen
assist_09,degree_matched_random_support,0.5,42,direct_unseen,1584,0.8120612909799338,0.0059758950952977,0.3975429152384706,0.0029707825333979,0.8180371860752316,0.3945721327050726,13.44715404510498,True,,,,,weak,/home/zsh/ConceptSkillCDM/results/crg_lcrf_core3_final_20260520/crg_support_controls/assist_09/crg_support_corruption_control.csv,auc_bce,0.0059758950952977,0.0029707825333979,direct_unseen
assist_09,degree_matched_random_support,0.5,42,direct_unseen_bridgeable,1584,0.8120612909799338,0.0059758950952977,0.3975429152384706,0.0029707825333979,0.8180371860752316,0.3945721327050726,13.44715404510498,True,,,,,weak,/home/zsh/ConceptSkillCDM/results/crg_lcrf_core3_final_20260520/crg_support_controls/assist_09/crg_support_corruption_control.csv,auc_bce,0.0059758950952977,0.0029707825333979,direct_unseen_bridgeable
assist_09,degree_matched_random_support,0.5,42,high_seq_support,12141,0.7952169444565158,0.0025740992617034,0.5009990669150746,0.0048566965676506,0.7977910437182193,0.4961423703474239,13.44715404510498,True,,,,,weak,/home/zsh/ConceptSkillCDM/results/crg_lcrf_core3_final_20260520/crg_support_controls/assist_09/crg_support_corruption_control.csv,auc_bce,0.0025740992617034,0.0048566965676506,high_seq_support
assist_09,degree_matched_random_support,0.5,42,high_crg_mass,12637,0.7468357469217557,0.0049070945568097,0.5079449812373843,0.0037259042348247,0.7517428414785654,0.5042190770025595,13.44715404510498,True,,,,,weak,/home/zsh/ConceptSkillCDM/results/crg_lcrf_core3_final_20260520/crg_support_controls/assist_09/crg_support_corruption_control.csv,auc_bce,0.0049070945568097,0.0037259042348247,high_crg_mass
assist_09,degree_matched_random_support,0.5,42,short_history,25670,0.7797151566883206,0.0031869694072556,0.5491329710322718,0.001130388174078,0.7829021260955762,0.5480025828581937,13.44715404510498,True,,,,,weak,/home/zsh/ConceptSkillCDM/results/crg_lcrf_core3_final_20260520/crg_support_controls/assist_09/crg_support_corruption_control.csv,auc_bce,0.0031869694072556,0.001130388174078,short_history
assist_09,degree_matched_random_support,0.5,42,long_history,25420,0.7521657089752516,0.0054502771432083,0.5164191670645152,0.0032206892614494,0.7576159861184599,0.5131984778030657,13.44715404510498,True,,,,,weak,/home/zsh/ConceptSkillCDM/results/crg_lcrf_core3_final_20260520/crg_support_controls/assist_09/crg_support_corruption_control.csv,auc_bce,0.0054502771432083,0.0032206892614494,long_history
assist_09,degree_matched_random_support,0.5,43,all,51090,0.7695193047525254,0.0054432068179661,0.5336441775656919,0.0029584933276068,0.7749625115704916,0.530685684238085,13.439023971557615,True,,,,,weak,/home/zsh/ConceptSkillCDM/results/crg_lcrf_core3_final_20260520/crg_support_controls/assist_09/crg_support_corruption_control.csv,auc_bce,0.0054432068179661,0.0029584933276068,all
assist_09,degree_matched_random_support,0.5,43,graph_hits_history,50529,0.7692638443822969,0.0054705540905807,0.5334749996305757,0.0029933274745025,0.7747343984728776,0.5304816721560731,13.439023971557615,True,,,,,weak,/home/zsh/ConceptSkillCDM/results/crg_lcrf_core3_final_20260520/crg_support_controls/assist_09/crg_support_corruption_control.csv,auc_bce,0.0054705540905807,0.0029933274745025,direct_unseen_bridgeable
assist_09,degree_matched_random_support,0.5,43,high_support_mass,12637,0.747196274519799,0.0045465669587664,0.5081653782595152,0.0039463012569557,0.7517428414785654,0.5042190770025595,13.439023971557615,True,,,,,weak,/home/zsh/ConceptSkillCDM/results/crg_lcrf_core3_final_20260520/crg_support_controls/assist_09/crg_support_corruption_control.csv,auc_bce,0.0045465669587664,0.0039463012569557,high_crg_mass
assist_09,degree_matched_random_support,0.5,43,query_seq_top5_q4_high,12141,0.7914943649356865,0.0062966787825328,0.5070860271567368,0.0109436568093128,0.7977910437182193,0.4961423703474239,13.439023971557615,True,,,,,weak,/home/zsh/ConceptSkillCDM/results/crg_lcrf_core3_final_20260520/crg_support_controls/assist_09/crg_support_corruption_control.csv,auc_bce,0.0062966787825328,0.0109436568093128,high_seq_support
assist_09,degree_matched_random_support,0.5,43,multi_concept,8419,0.7451774259324199,0.0065392455974092,0.5532567909627985,0.0046629556768835,0.7517166715298291,0.5485938352859149,13.439023971557615,True,,,,,weak,/home/zsh/ConceptSkillCDM/results/crg_lcrf_core3_final_20260520/crg_support_controls/assist_09/crg_support_corruption_control.csv,auc_bce,0.0065392455974092,0.0046629556768835,direct_seen
assist_09,degree_matched_random_support,0.5,43,direct_seen,49506,0.7672475809178297,0.0053297964212525,0.5378699343923954,0.0028291443968607,0.7725773773390823,0.5350407899955346,13.439023971557615,True,,,,,weak,/home/zsh/ConceptSkillCDM/results/crg_lcrf_core3_final_20260520/crg_support_controls/assist_09/crg_support_corruption_control.csv,auc_bce,0.0053297964212525,0.0028291443968607,direct_seen
assist_09,degree_matched_random_support,0.5,43,direct_unseen,1584,0.806672182625711,0.0113650034495205,0.4015732700765628,0.0070011373714902,0.8180371860752316,0.3945721327050726,13.439023971557615,True,,,,,weak,/home/zsh/ConceptSkillCDM/results/crg_lcrf_core3_final_20260520/crg_support_controls/assist_09/crg_support_corruption_control.csv,auc_bce,0.0113650034495205,0.0070011373714902,direct_unseen
assist_09,degree_matched_random_support,0.5,43,direct_unseen_bridgeable,1584,0.806672182625711,0.0113650034495205,0.4015732700765628,0.0070011373714902,0.8180371860752316,0.3945721327050726,13.439023971557615,True,,,,,weak,/home/zsh/ConceptSkillCDM/results/crg_lcrf_core3_final_20260520/crg_support_controls/assist_09/crg_support_corruption_control.csv,auc_bce,0.0113650034495205,0.0070011373714902,direct_unseen_bridgeable
assist_09,degree_matched_random_support,0.5,43,high_seq_support,12141,0.7914943649356865,0.0062966787825328,0.5070860271567368,0.0109436568093128,0.7977910437182193,0.4961423703474239,13.439023971557615,True,,,,,weak,/home/zsh/ConceptSkillCDM/results/crg_lcrf_core3_final_20260520/crg_support_controls/assist_09/crg_support_corruption_control.csv,auc_bce,0.0062966787825328,0.0109436568093128,high_seq_support
assist_09,degree_matched_random_support,0.5,43,high_crg_mass,12637,0.747196274519799,0.0045465669587664,0.5081653782595152,0.0039463012569557,0.7517428414785654,0.5042190770025595,13.439023971557615,True,,,,,weak,/home/zsh/ConceptSkillCDM/results/crg_lcrf_core3_final_20260520/crg_support_controls/assist_09/crg_support_corruption_control.csv,auc_bce,0.0045465669587664,0.0039463012569557,high_crg_mass
assist_09,degree_matched_random_support,0.5,43,short_history,25670,0.7768770433347968,0.0060250827607793,0.5510105326744038,0.0030079498162101,0.7829021260955762,0.5480025828581937,13.439023971557615,True,,,,,weak,/home/zsh/ConceptSkillCDM/results/crg_lcrf_core3_final_20260520/crg_support_controls/assist_09/crg_support_corruption_control.csv,auc_bce,0.0060250827607793,0.0030079498162101,short_history
assist_09,degree_matched_random_support,0.5,43,long_history,25420,0.7528508906800457,0.0047650954384141,0.5161070282485938,0.002908550445528,0.7576159861184599,0.5131984778030657,13.439023971557615,True,,,,,weak,/home/zsh/ConceptSkillCDM/results/crg_lcrf_core3_final_20260520/crg_support_controls/assist_09/crg_support_corruption_control.csv,auc_bce,0.0047650954384141,0.002908550445528,long_history
assist_09,degree_matched_random_support,0.5,44,all,51090,0.7693809805366774,0.0055815310338142,0.536506781263565,0.0058210970254799,0.7749625115704916,0.530685684238085,13.439023971557615,True,,,,,weak,/home/zsh/ConceptSkillCDM/results/crg_lcrf_core3_final_20260520/crg_support_controls/assist_09/crg_support_corruption_control.csv,auc_bce,0.0055815310338142,0.0058210970254799,all
assist_09,degree_matched_random_support,0.5,44,graph_hits_history,50529,0.7691546668659348,0.0055797316069428,0.5363317186232073,0.0058500464671341,0.7747343984728776,0.5304816721560731,13.439023971557615,True,,,,,weak,/home/zsh/ConceptSkillCDM/results/crg_lcrf_core3_final_20260520/crg_support_controls/assist_09/crg_support_corruption_control.csv,auc_bce,0.0055797316069428,0.0058500464671341,direct_unseen_bridgeable
assist_09,degree_matched_random_support,0.5,44,high_support_mass,12637,0.7409760983450353,0.01076674313353,0.5141625975163119,0.0099435205137523,0.7517428414785654,0.5042190770025595,13.439023971557615,True,,,,,weak,/home/zsh/ConceptSkillCDM/results/crg_lcrf_core3_final_20260520/crg_support_controls/assist_09/crg_support_corruption_control.csv,auc_bce,0.01076674313353,0.0099435205137523,high_crg_mass
assist_09,degree_matched_random_support,0.5,44,query_seq_top5_q4_high,12141,0.7834427710324017,0.0143482726858176,0.5126110050901184,0.0164686347426944,0.7977910437182193,0.4961423703474239,13.439023971557615,True,,,,,weak,/home/zsh/ConceptSkillCDM/results/crg_lcrf_core3_final_20260520/crg_support_controls/assist_09/crg_support_corruption_control.csv,auc_bce,0.0143482726858176,0.0164686347426944,high_seq_support
assist_09,degree_matched_random_support,0.5,44,multi_concept,8419,0.7376350521352141,0.014081619394615,0.5626955197788549,0.01410168449294,0.7517166715298291,0.5485938352859149,13.439023971557615,True,,,,,weak,/home/zsh/ConceptSkillCDM/results/crg_lcrf_core3_final_20260520/crg_support_controls/assist_09/crg_support_corruption_control.csv,auc_bce,0.014081619394615,0.01410168449294,direct_seen
assist_09,degree_matched_random_support,0.5,44,direct_seen,49506,0.7671657393798477,0.0054116379592346,0.5407703499884389,0.0057295599929042,0.7725773773390823,0.5350407899955346,13.439023971557615,True,,,,,weak,/home/zsh/ConceptSkillCDM/results/crg_lcrf_core3_final_20260520/crg_support_controls/assist_09/crg_support_corruption_control.csv,auc_bce,0.0054116379592346,0.0057295599929042,direct_seen
assist_09,degree_matched_random_support,0.5,44,direct_unseen,1584,0.805555078160485,0.0124821079147465,0.4032541087297204,0.0086819760246478,0.8180371860752316,0.3945721327050726,13.439023971557615,True,,,,,weak,/home/zsh/ConceptSkillCDM/results/crg_lcrf_core3_final_20260520/crg_support_controls/assist_09/crg_support_corruption_control.csv,auc_bce,0.0124821079147465,0.0086819760246478,direct_unseen
assist_09,degree_matched_random_support,0.5,44,direct_unseen_bridgeable,1584,0.805555078160485,0.0124821079147465,0.4032541087297204,0.0086819760246478,0.8180371860752316,0.3945721327050726,13.439023971557615,True,,,,,weak,/home/zsh/ConceptSkillCDM/results/crg_lcrf_core3_final_20260520/crg_support_controls/assist_09/crg_support_corruption_control.csv,auc_bce,0.0124821079147465,0.0086819760246478,direct_unseen_bridgeable
assist_09,degree_matched_random_support,0.5,44,high_seq_support,12141,0.7834427710324017,0.0143482726858176,0.5126110050901184,0.0164686347426944,0.7977910437182193,0.4961423703474239,13.439023971557615,True,,,,,weak,/home/zsh/ConceptSkillCDM/results/crg_lcrf_core3_final_20260520/crg_support_controls/assist_09/crg_support_corruption_control.csv,auc_bce,0.0143482726858176,0.0164686347426944,high_seq_support
assist_09,degree_matched_random_support,0.5,44,high_crg_mass,12637,0.7409760983450353,0.01076674313353,0.5141625975163119,0.0099435205137523,0.7517428414785654,0.5042190770025595,13.439023971557615,True,,,,,weak,/home/zsh/ConceptSkillCDM/results/crg_lcrf_core3_final_20260520/crg_support_controls/assist_09/crg_support_corruption_control.csv,auc_bce,0.01076674313353,0.0099435205137523,high_crg_mass
assist_09,degree_matched_random_support,0.5,44,short_history,25670,0.7782573276055248,0.0046447984900513,0.5528506902497505,0.0048481073915568,0.7829021260955762,0.5480025828581937,13.439023971557615,True,,,,,weak,/home/zsh/ConceptSkillCDM/results/crg_lcrf_core3_final_20260520/crg_support_controls/assist_09/crg_support_corruption_control.csv,auc_bce,0.0046447984900513,0.0048481073915568,short_history
assist_09,degree_matched_random_support,0.5,44,long_history,25420,0.7505621702628545,0.0070538158556053,0.5200021335973422,0.0068036557942764,0.7576159861184599,0.5131984778030657,13.439023971557615,True,,,,,weak,/home/zsh/ConceptSkillCDM/results/crg_lcrf_core3_final_20260520/crg_support_controls/assist_09/crg_support_corruption_control.csv,auc_bce,0.0070538158556053,0.0068036557942764,long_history
assist_09,degree_matched_random_support,0.5,45,all,51090,0.7714712407340092,0.0034912708364823,0.5333042353389282,0.0026185511008431,0.7749625115704916,0.530685684238085,13.414633750915527,True,,,,,weak,/home/zsh/ConceptSkillCDM/results/crg_lcrf_core3_final_20260520/crg_support_controls/assist_09/crg_support_corruption_control.csv,auc_bce,0.0034912708364823,0.0026185511008431,all
assist_09,degree_matched_random_support,0.5,45,graph_hits_history,50529,0.7712699931517994,0.0034644053210781,0.5330697636473323,0.0025880914912591,0.7747343984728776,0.5304816721560731,13.414633750915527,True,,,,,weak,/home/zsh/ConceptSkillCDM/results/crg_lcrf_core3_final_20260520/crg_support_controls/assist_09/crg_support_corruption_control.csv,auc_bce,0.0034644053210781,0.0025880914912591,direct_unseen_bridgeable
assist_09,degree_matched_random_support,0.5,45,high_support_mass,12637,0.7472326313029635,0.0045102101756019,0.5085848879479874,0.0043658109454278,0.7517428414785654,0.5042190770025595,13.414633750915527,True,,,,,weak,/home/zsh/ConceptSkillCDM/results/crg_lcrf_core3_final_20260520/crg_support_controls/assist_09/crg_support_corruption_control.csv,auc_bce,0.0045102101756019,0.0043658109454278,high_crg_mass
assist_09,degree_matched_random_support,0.5,45,query_seq_top5_q4_high,12141,0.7936119479868018,0.0041790957314175,0.5016491528199473,0.0055067824725233,0.7977910437182193,0.4961423703474239,13.414633750915527,True,,,,,weak,/home/zsh/ConceptSkillCDM/results/crg_lcrf_core3_final_20260520/crg_support_controls/assist_09/crg_support_corruption_control.csv,auc_bce,0.0041790957314175,0.0055067824725233,high_seq_support
assist_09,degree_matched_random_support,0.5,45,multi_concept,8419,0.7488034322126693,0.0029132393171598,0.5532720265050663,0.0046781912191514,0.7517166715298291,0.5485938352859149,13.414633750915527,True,,,,,weak,/home/zsh/ConceptSkillCDM/results/crg_lcrf_core3_final_20260520/crg_support_controls/assist_09/crg_support_corruption_control.csv,auc_bce,0.0029132393171598,0.0046781912191514,direct_seen
assist_09,degree_matched_random_support,0.5,45,direct_seen,49506,0.7693077036157969,0.0032696737232853,0.5375223081823366,0.0024815181868019,0.7725773773390823,0.5350407899955346,13.414633750915527,True,,,,,weak,/home/zsh/ConceptSkillCDM/results/crg_lcrf_core3_final_20260520/crg_support_controls/assist_09/crg_support_corruption_control.csv,auc_bce,0.0032696737232853,0.0024815181868019,direct_seen
assist_09,degree_matched_random_support,0.5,45,direct_unseen,1584,0.8064168444622308,0.0116203416130007,0.401473481433767,0.0069013487286944,0.8180371860752316,0.3945721327050726,13.414633750915527,True,,,,,weak,/home/zsh/ConceptSkillCDM/results/crg_lcrf_core3_final_20260520/crg_support_controls/assist_09/crg_support_corruption_control.csv,auc_bce,0.0116203416130007,0.0069013487286944,direct_unseen
assist_09,degree_matched_random_support,0.5,45,direct_unseen_bridgeable,1584,0.8064168444622308,0.0116203416130007,0.401473481433767,0.0069013487286944,0.8180371860752316,0.3945721327050726,13.414633750915527,True,,,,,weak,/home/zsh/ConceptSkillCDM/results/crg_lcrf_core3_final_20260520/crg_support_controls/assist_09/crg_support_corruption_control.csv,auc_bce,0.0116203416130007,0.0069013487286944,direct_unseen_bridgeable
assist_09,degree_matched_random_support,0.5,45,high_seq_support,12141,0.7936119479868018,0.0041790957314175,0.5016491528199473,0.0055067824725233,0.7977910437182193,0.4961423703474239,13.414633750915527,True,,,,,weak,/home/zsh/ConceptSkillCDM/results/crg_lcrf_core3_final_20260520/crg_support_controls/assist_09/crg_support_corruption_control.csv,auc_bce,0.0041790957314175,0.0055067824725233,high_seq_support
assist_09,degree_matched_random_support,0.5,45,high_crg_mass,12637,0.7472326313029635,0.0045102101756019,0.5085848879479874,0.0043658109454278,0.7517428414785654,0.5042190770025595,13.414633750915527,True,,,,,weak,/home/zsh/ConceptSkillCDM/results/crg_lcrf_core3_final_20260520/crg_support_controls/assist_09/crg_support_corruption_control.csv,auc_bce,0.0045102101756019,0.0043658109454278,high_crg_mass
assist_09,degree_matched_random_support,0.5,45,short_history,25670,0.7787042666612553,0.0041978594343209,0.5500582248067186,0.0020556419485249,0.7829021260955762,0.5480025828581937,13.414633750915527,True,,,,,weak,/home/zsh/ConceptSkillCDM/results/crg_lcrf_core3_final_20260520/crg_support_controls/assist_09/crg_support_corruption_control.csv,auc_bce,0.0041978594343209,0.0020556419485249,short_history
assist_09,degree_matched_random_support,0.5,45,long_history,25420,0.7544980350175147,0.0031179511009452,0.5163854741415176,0.0031869963384518,0.7576159861184599,0.5131984778030657,13.414633750915527,True,,,,,weak,/home/zsh/ConceptSkillCDM/results/crg_lcrf_core3_final_20260520/crg_support_controls/assist_09/crg_support_corruption_control.csv,auc_bce,0.0031179511009452,0.0031869963384518,long_history
assist_09,degree_matched_random_support,0.5,46,all,51090,0.7720077534089467,0.0029547581615448,0.5347223786427424,0.0040366944046573,0.7749625115704916,0.530685684238085,13.463414192199709,True,,,,,weak,/home/zsh/ConceptSkillCDM/results/crg_lcrf_core3_final_20260520/crg_support_controls/assist_09/crg_support_corruption_control.csv,auc_bce,0.0029547581615448,0.0040366944046573,all
assist_09,degree_matched_random_support,0.5,46,graph_hits_history,50529,0.7717167569829516,0.003017641489926,0.5345946249909856,0.0041129528349125,0.7747343984728776,0.5304816721560731,13.463414192199709,True,,,,,weak,/home/zsh/ConceptSkillCDM/results/crg_lcrf_core3_final_20260520/crg_support_controls/assist_09/crg_support_corruption_control.csv,auc_bce,0.003017641489926,0.0041129528349125,direct_unseen_bridgeable
assist_09,degree_matched_random_support,0.5,46,high_support_mass,12637,0.7487346484743289,0.0030081930042364,0.5081344009121976,0.0039153239096381,0.7517428414785654,0.5042190770025595,13.463414192199709,True,,,,,weak,/home/zsh/ConceptSkillCDM/results/crg_lcrf_core3_final_20260520/crg_support_controls/assist_09/crg_support_corruption_control.csv,auc_bce,0.0030081930042364,0.0039153239096381,high_crg_mass
assist_09,degree_matched_random_support,0.5,46,query_seq_top5_q4_high,12141,0.7954385854627296,0.0023524582554896,0.5016475793035454,0.0055052089561214,0.7977910437182193,0.4961423703474239,13.463414192199709,True,,,,,weak,/home/zsh/ConceptSkillCDM/results/crg_lcrf_core3_final_20260520/crg_support_controls/assist_09/crg_support_corruption_control.csv,auc_bce,0.0023524582554896,0.0055052089561214,high_seq_support
assist_09,degree_matched_random_support,0.5,46,multi_concept,8419,0.7493008039310749,0.0024158675987542,0.556950228508101,0.0083563932221861,0.7517166715298291,0.5485938352859149,13.463414192199709,True,,,,,weak,/home/zsh/ConceptSkillCDM/results/crg_lcrf_core3_final_20260520/crg_support_controls/assist_09/crg_support_corruption_control.csv,auc_bce,0.0024158675987542,0.0083563932221861,direct_seen
assist_09,degree_matched_random_support,0.5,46,direct_seen,49506,0.7697970431428017,0.0027803341962805,0.5390026097128047,0.00396181971727,0.7725773773390823,0.5350407899955346,13.463414192199709,True,,,,,weak,/home/zsh/ConceptSkillCDM/results/crg_lcrf_core3_final_20260520/crg_support_controls/assist_09/crg_support_corruption_control.csv,auc_bce,0.0027803341962805,0.00396181971727,direct_seen
assist_09,degree_matched_random_support,0.5,46,direct_unseen,1584,0.8054102228562029,0.0126269632190286,0.4009489447068204,0.0063768120017478,0.8180371860752316,0.3945721327050726,13.463414192199709,True,,,,,weak,/home/zsh/ConceptSkillCDM/results/crg_lcrf_core3_final_20260520/crg_support_controls/assist_09/crg_support_corruption_control.csv,auc_bce,0.0126269632190286,0.0063768120017478,direct_unseen
assist_09,degree_matched_random_support,0.5,46,direct_unseen_bridgeable,1584,0.8054102228562029,0.0126269632190286,0.4009489447068204,0.0063768120017478,0.8180371860752316,0.3945721327050726,13.463414192199709,True,,,,,weak,/home/zsh/ConceptSkillCDM/results/crg_lcrf_core3_final_20260520/crg_support_controls/assist_09/crg_support_corruption_control.csv,auc_bce,0.0126269632190286,0.0063768120017478,direct_unseen_bridgeable
assist_09,degree_matched_random_support,0.5,46,high_seq_support,12141,0.7954385854627296,0.0023524582554896,0.5016475793035454,0.0055052089561214,0.7977910437182193,0.4961423703474239,13.463414192199709,True,,,,,weak,/home/zsh/ConceptSkillCDM/results/crg_lcrf_core3_final_20260520/crg_support_controls/assist_09/crg_support_corruption_control.csv,auc_bce,0.0023524582554896,0.0055052089561214,high_seq_support
assist_09,degree_matched_random_support,0.5,46,high_crg_mass,12637,0.7487346484743289,0.0030081930042364,0.5081344009121976,0.0039153239096381,0.7517428414785654,0.5042190770025595,13.463414192199709,True,,,,,weak,/home/zsh/ConceptSkillCDM/results/crg_lcrf_core3_final_20260520/crg_support_controls/assist_09/crg_support_corruption_control.csv,auc_bce,0.0030081930042364,0.0039153239096381,high_crg_mass
assist_09,degree_matched_random_support,0.5,46,short_history,25670,0.7796175357557618,0.0032845903398144,0.552211224603642,0.0042086417454483,0.7829021260955762,0.5480025828581937,13.463414192199709,True,,,,,weak,/home/zsh/ConceptSkillCDM/results/crg_lcrf_core3_final_20260520/crg_support_controls/assist_09/crg_support_corruption_control.csv,auc_bce,0.0032845903398144,0.0042086417454483,short_history
assist_09,degree_matched_random_support,0.5,46,long_history,25420,0.7547514316891213,0.0028645544293386,0.5170615338033919,0.0038630560003262,0.7576159861184599,0.5131984778030657,13.463414192199709,True,,,,,weak,/home/zsh/ConceptSkillCDM/results/crg_lcrf_core3_final_20260520/crg_support_controls/assist_09/crg_support_corruption_control.csv,auc_bce,0.0028645544293386,0.0038630560003262,long_history
assist_09,degree_matched_random_support,0.75,42,all,51090,0.7679512854198173,0.0070112261506742,0.5366728609361786,0.0059871766980935,0.7749625115704916,0.530685684238085,13.479674339294434,True,,,,,weak,/home/zsh/ConceptSkillCDM/results/crg_lcrf_core3_final_20260520/crg_support_controls/assist_09/crg_support_corruption_control.csv,auc_bce,0.0070112261506742,0.0059871766980935,all
assist_09,degree_matched_random_support,0.75,42,graph_hits_history,50529,0.7676437401170304,0.0070906583558472,0.5365125085508624,0.0060308363947892,0.7747343984728776,0.5304816721560731,13.479674339294434,True,,,,,weak,/home/zsh/ConceptSkillCDM/results/crg_lcrf_core3_final_20260520/crg_support_controls/assist_09/crg_support_corruption_control.csv,auc_bce,0.0070906583558472,0.0060308363947892,direct_unseen_bridgeable
assist_09,degree_matched_random_support,0.75,42,high_support_mass,12637,0.7432917166834978,0.0084511247950676,0.5120539896651393,0.0078349126625797,0.7517428414785654,0.5042190770025595,13.479674339294434,True,,,,,weak,/home/zsh/ConceptSkillCDM/results/crg_lcrf_core3_final_20260520/crg_support_controls/assist_09/crg_support_corruption_control.csv,auc_bce,0.0084511247950676,0.0078349126625797,high_crg_mass
assist_09,degree_matched_random_support,0.75,42,query_seq_top5_q4_high,12141,0.7909982733825217,0.0067927703356975,0.5066584268019768,0.0105160564545528,0.7977910437182193,0.4961423703474239,13.479674339294434,True,,,,,weak,/home/zsh/ConceptSkillCDM/results/crg_lcrf_core3_final_20260520/crg_support_controls/assist_09/crg_support_corruption_control.csv,auc_bce,0.0067927703356975,0.0105160564545528,high_seq_support
assist_09,degree_matched_random_support,0.75,42,multi_concept,8419,0.7309693518901181,0.0207473196397109,0.5671802350880991,0.0185863998021842,0.7517166715298291,0.5485938352859149,13.479674339294434,True,,,,,weak,/home/zsh/ConceptSkillCDM/results/crg_lcrf_core3_final_20260520/crg_support_controls/assist_09/crg_support_corruption_control.csv,auc_bce,0.0207473196397109,0.0185863998021842,direct_seen
assist_09,degree_matched_random_support,0.75,42,direct_seen,49506,0.765623173502687,0.0069542038363952,0.5410272109964785,0.0059864210009439,0.7725773773390823,0.5350407899955346,13.479674339294434,True,,,,,weak,/home/zsh/ConceptSkillCDM/results/crg_lcrf_core3_final_20260520/crg_support_controls/assist_09/crg_support_corruption_control.csv,auc_bce,0.0069542038363952,0.0059864210009439,direct_seen
assist_09,degree_matched_random_support,0.75,42,direct_unseen,1584,0.805780954228179,0.0122562318470526,0.4005829278015757,0.006010795096503,0.8180371860752316,0.3945721327050726,13.479674339294434,True,,,,,weak,/home/zsh/ConceptSkillCDM/results/crg_lcrf_core3_final_20260520/crg_support_controls/assist_09/crg_support_corruption_control.csv,auc_bce,0.0122562318470526,0.006010795096503,direct_unseen
assist_09,degree_matched_random_support,0.75,42,direct_unseen_bridgeable,1584,0.805780954228179,0.0122562318470526,0.4005829278015757,0.006010795096503,0.8180371860752316,0.3945721327050726,13.479674339294434,True,,,,,weak,/home/zsh/ConceptSkillCDM/results/crg_lcrf_core3_final_20260520/crg_support_controls/assist_09/crg_support_corruption_control.csv,auc_bce,0.0122562318470526,0.006010795096503,direct_unseen_bridgeable
assist_09,degree_matched_random_support,0.75,42,high_seq_support,12141,0.7909982733825217,0.0067927703356975,0.5066584268019768,0.0105160564545528,0.7977910437182193,0.4961423703474239,13.479674339294434,True,,,,,weak,/home/zsh/ConceptSkillCDM/results/crg_lcrf_core3_final_20260520/crg_support_controls/assist_09/crg_support_corruption_control.csv,auc_bce,0.0067927703356975,0.0105160564545528,high_seq_support
assist_09,degree_matched_random_support,0.75,42,high_crg_mass,12637,0.7432917166834978,0.0084511247950676,0.5120539896651393,0.0078349126625797,0.7517428414785654,0.5042190770025595,13.479674339294434,True,,,,,weak,/home/zsh/ConceptSkillCDM/results/crg_lcrf_core3_final_20260520/crg_support_controls/assist_09/crg_support_corruption_control.csv,auc_bce,0.0084511247950676,0.0078349126625797,high_crg_mass
assist_09,degree_matched_random_support,0.75,42,short_history,25670,0.776882836729567,0.0060192893660091,0.553510673381337,0.0055080905231432,0.7829021260955762,0.5480025828581937,13.479674339294434,True,,,,,weak,/home/zsh/ConceptSkillCDM/results/crg_lcrf_core3_final_20260520/crg_support_controls/assist_09/crg_support_corruption_control.csv,auc_bce,0.0060192893660091,0.0055080905231432,short_history
assist_09,degree_matched_random_support,0.75,42,long_history,25420,0.7488655770636177,0.0087504090548422,0.5196694523812134,0.0064709745781477,0.7576159861184599,0.5131984778030657,13.479674339294434,True,,,,,weak,/home/zsh/ConceptSkillCDM/results/crg_lcrf_core3_final_20260520/crg_support_controls/assist_09/crg_support_corruption_control.csv,auc_bce,0.0087504090548422,0.0064709745781477,long_history
assist_09,degree_matched_random_support,0.75,43,all,51090,0.7653112719818126,0.0096512395886789,0.5365185402343716,0.0058328559962865,0.7749625115704916,0.530685684238085,13.512195587158203,True,,,,,weak,/home/zsh/ConceptSkillCDM/results/crg_lcrf_core3_final_20260520/crg_support_controls/assist_09/crg_support_corruption_control.csv,auc_bce,0.0096512395886789,0.0058328559962865,all
assist_09,degree_matched_random_support,0.75,43,graph_hits_history,50529,0.76486915158074,0.0098652468921376,0.5364584979863405,0.0059768258302673,0.7747343984728776,0.5304816721560731,13.512195587158203,True,,,,,weak,/home/zsh/ConceptSkillCDM/results/crg_lcrf_core3_final_20260520/crg_support_controls/assist_09/crg_support_corruption_control.csv,auc_bce,0.0098652468921376,0.0059768258302673,direct_unseen_bridgeable
assist_09,degree_matched_random_support,0.75,43,high_support_mass,12637,0.7371735379831664,0.0145693034953989,0.5149197829802804,0.0107007059777208,0.7517428414785654,0.5042190770025595,13.512195587158203,True,,,,,weak,/home/zsh/ConceptSkillCDM/results/crg_lcrf_core3_final_20260520/crg_support_controls/assist_09/crg_support_corruption_control.csv,auc_bce,0.0145693034953989,0.0107007059777208,high_crg_mass
assist_09,degree_matched_random_support,0.75,43,query_seq_top5_q4_high,12141,0.7844704574203354,0.0133205862978839,0.5124730985684298,0.0163307282210058,0.7977910437182193,0.4961423703474239,13.512195587158203,True,,,,,weak,/home/zsh/ConceptSkillCDM/results/crg_lcrf_core3_final_20260520/crg_support_controls/assist_09/crg_support_corruption_control.csv,auc_bce,0.0133205862978839,0.0163307282210058,high_seq_support
assist_09,degree_matched_random_support,0.75,43,multi_concept,8419,0.7339779911772418,0.0177386803525873,0.568879488027856,0.0202856527419411,0.7517166715298291,0.5485938352859149,13.512195587158203,True,,,,,weak,/home/zsh/ConceptSkillCDM/results/crg_lcrf_core3_final_20260520/crg_support_controls/assist_09/crg_support_corruption_control.csv,auc_bce,0.0177386803525873,0.0202856527419411,direct_seen
assist_09,degree_matched_random_support,0.75,43,direct_seen,49506,0.7631122509357993,0.009465126403283,0.5407329761203261,0.0056921861247914,0.7725773773390823,0.5350407899955346,13.512195587158203,True,,,,,weak,/home/zsh/ConceptSkillCDM/results/crg_lcrf_core3_final_20260520/crg_support_controls/assist_09/crg_support_corruption_control.csv,auc_bce,0.009465126403283,0.0056921861247914,direct_seen
assist_09,degree_matched_random_support,0.75,43,direct_unseen,1584,0.8017691988519603,0.0162679872232712,0.4048014550260007,0.0102293223209281,0.8180371860752316,0.3945721327050726,13.512195587158203,True,,,,,weak,/home/zsh/ConceptSkillCDM/results/crg_lcrf_core3_final_20260520/crg_support_controls/assist_09/crg_support_corruption_control.csv,auc_bce,0.0162679872232712,0.0102293223209281,direct_unseen
assist_09,degree_matched_random_support,0.75,43,direct_unseen_bridgeable,1584,0.8017691988519603,0.0162679872232712,0.4048014550260007,0.0102293223209281,0.8180371860752316,0.3945721327050726,13.512195587158203,True,,,,,weak,/home/zsh/ConceptSkillCDM/results/crg_lcrf_core3_final_20260520/crg_support_controls/assist_09/crg_support_corruption_control.csv,auc_bce,0.0162679872232712,0.0102293223209281,direct_unseen_bridgeable
assist_09,degree_matched_random_support,0.75,43,high_seq_support,12141,0.7844704574203354,0.0133205862978839,0.5124730985684298,0.0163307282210058,0.7977910437182193,0.4961423703474239,13.512195587158203,True,,,,,weak,/home/zsh/ConceptSkillCDM/results/crg_lcrf_core3_final_20260520/crg_support_controls/assist_09/crg_support_corruption_control.csv,auc_bce,0.0133205862978839,0.0163307282210058,high_seq_support
assist_09,degree_matched_random_support,0.75,43,high_crg_mass,12637,0.7371735379831664,0.0145693034953989,0.5149197829802804,0.0107007059777208,0.7517428414785654,0.5042190770025595,13.512195587158203,True,,,,,weak,/home/zsh/ConceptSkillCDM/results/crg_lcrf_core3_final_20260520/crg_support_controls/assist_09/crg_support_corruption_control.csv,auc_bce,0.0145693034953989,0.0107007059777208,high_crg_mass
assist_09,degree_matched_random_support,0.75,43,short_history,25670,0.7737705473038523,0.0091315787917238,0.5530487469525925,0.0050461640943988,0.7829021260955762,0.5480025828581937,13.512195587158203,True,,,,,weak,/home/zsh/ConceptSkillCDM/results/crg_lcrf_core3_final_20260520/crg_support_controls/assist_09/crg_support_corruption_control.csv,auc_bce,0.0091315787917238,0.0050461640943988,short_history
assist_09,degree_matched_random_support,0.75,43,long_history,25420,0.7465927163217683,0.0110232697966916,0.519825762639693,0.0066272848366273,0.7576159861184599,0.5131984778030657,13.512195587158203,True,,,,,weak,/home/zsh/ConceptSkillCDM/results/crg_lcrf_core3_final_20260520/crg_support_controls/assist_09/crg_support_corruption_control.csv,auc_bce,0.0110232697966916,0.0066272848366273,long_history
assist_09,degree_matched_random_support,0.75,44,all,51090,0.7662028443846007,0.0087596671858908,0.5372516835501093,0.0065659993120242,0.7749625115704916,0.530685684238085,13.50406551361084,True,,,,,weak,/home/zsh/ConceptSkillCDM/results/crg_lcrf_core3_final_20260520/crg_support_controls/assist_09/crg_support_corruption_control.csv,auc_bce,0.0087596671858908,0.0065659993120242,all
assist_09,degree_matched_random_support,0.75,44,graph_hits_history,50529,0.7660498691456735,0.008684529327204,0.5370557575592736,0.0065740854032004,0.7747343984728776,0.5304816721560731,13.50406551361084,True,,,,,weak,/home/zsh/ConceptSkillCDM/results/crg_lcrf_core3_final_20260520/crg_support_controls/assist_09/crg_support_corruption_control.csv,auc_bce,0.008684529327204,0.0065740854032004,direct_unseen_bridgeable
assist_09,degree_matched_random_support,0.75,44,high_support_mass,12637,0.744567858675576,0.0071749828029894,0.5106395189235519,0.0064204419209923,0.7517428414785654,0.5042190770025595,13.50406551361084,True,,,,,weak,/home/zsh/ConceptSkillCDM/results/crg_lcrf_core3_final_20260520/crg_support_controls/assist_09/crg_support_corruption_control.csv,auc_bce,0.0071749828029894,0.0064204419209923,high_crg_mass
assist_09,degree_matched_random_support,0.75,44,query_seq_top5_q4_high,12141,0.7879714595609033,0.0098195841573159,0.5057052981473655,0.0095629277999416,0.7977910437182193,0.4961423703474239,13.50406551361084,True,,,,,weak,/home/zsh/ConceptSkillCDM/results/crg_lcrf_core3_final_20260520/crg_support_controls/assist_09/crg_support_corruption_control.csv,auc_bce,0.0098195841573159,0.0095629277999416,high_seq_support
assist_09,degree_matched_random_support,0.75,44,multi_concept,8419,0.7452263991591883,0.0064902723706408,0.5601916890077092,0.0115978537217943,0.7517166715298291,0.5485938352859149,13.50406551361084,True,,,,,weak,/home/zsh/ConceptSkillCDM/results/crg_lcrf_core3_final_20260520/crg_support_controls/assist_09/crg_support_corruption_control.csv,auc_bce,0.0064902723706408,0.0115978537217943,direct_seen
assist_09,degree_matched_random_support,0.75,44,direct_seen,49506,0.76391064510376,0.0086667322353222,0.5415025548629031,0.0064617648673684,0.7725773773390823,0.5350407899955346,13.50406551361084,True,,,,,weak,/home/zsh/ConceptSkillCDM/results/crg_lcrf_core3_final_20260520/crg_support_controls/assist_09/crg_support_corruption_control.csv,auc_bce,0.0086667322353222,0.0064617648673684,direct_seen
assist_09,degree_matched_random_support,0.75,44,direct_unseen,1584,0.8009909084882754,0.0170462775869562,0.4043958532400273,0.0098237205349546,0.8180371860752316,0.3945721327050726,13.50406551361084,True,,,,,weak,/home/zsh/ConceptSkillCDM/results/crg_lcrf_core3_final_20260520/crg_support_controls/assist_09/crg_support_corruption_control.csv,auc_bce,0.0170462775869562,0.0098237205349546,direct_unseen
assist_09,degree_matched_random_support,0.75,44,direct_unseen_bridgeable,1584,0.8009909084882754,0.0170462775869562,0.4043958532400273,0.0098237205349546,0.8180371860752316,0.3945721327050726,13.50406551361084,True,,,,,weak,/home/zsh/ConceptSkillCDM/results/crg_lcrf_core3_final_20260520/crg_support_controls/assist_09/crg_support_corruption_control.csv,auc_bce,0.0170462775869562,0.0098237205349546,direct_unseen_bridgeable
assist_09,degree_matched_random_support,0.75,44,high_seq_support,12141,0.7879714595609033,0.0098195841573159,0.5057052981473655,0.0095629277999416,0.7977910437182193,0.4961423703474239,13.50406551361084,True,,,,,weak,/home/zsh/ConceptSkillCDM/results/crg_lcrf_core3_final_20260520/crg_support_controls/assist_09/crg_support_corruption_control.csv,auc_bce,0.0098195841573159,0.0095629277999416,high_seq_support
assist_09,degree_matched_random_support,0.75,44,high_crg_mass,12637,0.744567858675576,0.0071749828029894,0.5106395189235519,0.0064204419209923,0.7517428414785654,0.5042190770025595,13.50406551361084,True,,,,,weak,/home/zsh/ConceptSkillCDM/results/crg_lcrf_core3_final_20260520/crg_support_controls/assist_09/crg_support_corruption_control.csv,auc_bce,0.0071749828029894,0.0064204419209923,high_crg_mass
assist_09,degree_matched_random_support,0.75,44,short_history,25670,0.7740424512690735,0.0088596748265027,0.5546387259710815,0.0066361431128878,0.7829021260955762,0.5480025828581937,13.50406551361084,True,,,,,weak,/home/zsh/ConceptSkillCDM/results/crg_lcrf_core3_final_20260520/crg_support_controls/assist_09/crg_support_corruption_control.csv,auc_bce,0.0088596748265027,0.0066361431128878,short_history
assist_09,degree_matched_random_support,0.75,44,long_history,25420,0.7485106173985758,0.0091053687198841,0.5196936434656734,0.0064951656626076,0.7576159861184599,0.5131984778030657,13.50406551361084,True,,,,,weak,/home/zsh/ConceptSkillCDM/results/crg_lcrf_core3_final_20260520/crg_support_controls/assist_09/crg_support_corruption_control.csv,auc_bce,0.0091053687198841,0.0064951656626076,long_history
assist_09,degree_matched_random_support,0.75,45,all,51090,0.7662962292154426,0.0086662823550489,0.5365079571604155,0.0058222729223305,0.7749625115704916,0.530685684238085,13.479674339294434,True,,,,,weak,/home/zsh/ConceptSkillCDM/results/crg_lcrf_core3_final_20260520/crg_support_controls/assist_09/crg_support_corruption_control.csv,auc_bce,0.0086662823550489,0.0058222729223305,all
assist_09,degree_matched_random_support,0.75,45,graph_hits_history,50529,0.7661492471897535,0.008585151283124,0.5362054451259436,0.0057237729698704,0.7747343984728776,0.5304816721560731,13.479674339294434,True,,,,,weak,/home/zsh/ConceptSkillCDM/results/crg_lcrf_core3_final_20260520/crg_support_controls/assist_09/crg_support_corruption_control.csv,auc_bce,0.008585151283124,0.0057237729698704,direct_unseen_bridgeable
assist_09,degree_matched_random_support,0.75,45,high_support_mass,12637,0.7431074281192687,0.0086354133592967,0.5109660135368318,0.0067469365342722,0.7517428414785654,0.5042190770025595,13.479674339294434,True,,,,,weak,/home/zsh/ConceptSkillCDM/results/crg_lcrf_core3_final_20260520/crg_support_controls/assist_09/crg_support_corruption_control.csv,auc_bce,0.0086354133592967,0.0067469365342722,high_crg_mass
assist_09,degree_matched_random_support,0.75,45,query_seq_top5_q4_high,12141,0.7871495872234506,0.0106414564947686,0.5066698839683265,0.0105275136209025,0.7977910437182193,0.4961423703474239,13.479674339294434,True,,,,,weak,/home/zsh/ConceptSkillCDM/results/crg_lcrf_core3_final_20260520/crg_support_controls/assist_09/crg_support_corruption_control.csv,auc_bce,0.0106414564947686,0.0105275136209025,high_seq_support
assist_09,degree_matched_random_support,0.75,45,multi_concept,8419,0.7341955291946889,0.0175211423351402,0.5616779088241342,0.0130840735382192,0.7517166715298291,0.5485938352859149,13.479674339294434,True,,,,,weak,/home/zsh/ConceptSkillCDM/results/crg_lcrf_core3_final_20260520/crg_support_controls/assist_09/crg_support_corruption_control.csv,auc_bce,0.0175211423351402,0.0130840735382192,direct_seen
assist_09,degree_matched_random_support,0.75,45,direct_seen,49506,0.763862725585634,0.0087146517534483,0.5407306963677729,0.0056899063722383,0.7725773773390823,0.5350407899955346,13.479674339294434,True,,,,,weak,/home/zsh/ConceptSkillCDM/results/crg_lcrf_core3_final_20260520/crg_support_controls/assist_09/crg_support_corruption_control.csv,auc_bce,0.0087146517534483,0.0056899063722383,direct_seen
assist_09,degree_matched_random_support,0.75,45,direct_unseen,1584,0.8057244852112554,0.0123127008639761,0.4045313617062242,0.0099592290011515,0.8180371860752316,0.3945721327050726,13.479674339294434,True,,,,,weak,/home/zsh/ConceptSkillCDM/results/crg_lcrf_core3_final_20260520/crg_support_controls/assist_09/crg_support_corruption_control.csv,auc_bce,0.0123127008639761,0.0099592290011515,direct_unseen
assist_09,degree_matched_random_support,0.75,45,direct_unseen_bridgeable,1584,0.8057244852112554,0.0123127008639761,0.4045313617062242,0.0099592290011515,0.8180371860752316,0.3945721327050726,13.479674339294434,True,,,,,weak,/home/zsh/ConceptSkillCDM/results/crg_lcrf_core3_final_20260520/crg_support_controls/assist_09/crg_support_corruption_control.csv,auc_bce,0.0123127008639761,0.0099592290011515,direct_unseen_bridgeable
assist_09,degree_matched_random_support,0.75,45,high_seq_support,12141,0.7871495872234506,0.0106414564947686,0.5066698839683265,0.0105275136209025,0.7977910437182193,0.4961423703474239,13.479674339294434,True,,,,,weak,/home/zsh/ConceptSkillCDM/results/crg_lcrf_core3_final_20260520/crg_support_controls/assist_09/crg_support_corruption_control.csv,auc_bce,0.0106414564947686,0.0105275136209025,high_seq_support
assist_09,degree_matched_random_support,0.75,45,high_crg_mass,12637,0.7431074281192687,0.0086354133592967,0.5109660135368318,0.0067469365342722,0.7517428414785654,0.5042190770025595,13.479674339294434,True,,,,,weak,/home/zsh/ConceptSkillCDM/results/crg_lcrf_core3_final_20260520/crg_support_controls/assist_09/crg_support_corruption_control.csv,auc_bce,0.0086354133592967,0.0067469365342722,high_crg_mass
assist_09,degree_matched_random_support,0.75,45,short_history,25670,0.7730802920411426,0.0098218340544335,0.554303567324617,0.0063009844664233,0.7829021260955762,0.5480025828581937,13.479674339294434,True,,,,,weak,/home/zsh/ConceptSkillCDM/results/crg_lcrf_core3_final_20260520/crg_support_controls/assist_09/crg_support_corruption_control.csv,auc_bce,0.0098218340544335,0.0063009844664233,short_history
assist_09,degree_matched_random_support,0.75,45,long_history,25420,0.7497887330649713,0.0078272530534886,0.5185373311606101,0.0053388533575443,0.7576159861184599,0.5131984778030657,13.479674339294434,True,,,,,weak,/home/zsh/ConceptSkillCDM/results/crg_lcrf_core3_final_20260520/crg_support_controls/assist_09/crg_support_corruption_control.csv,auc_bce,0.0078272530534886,0.0053388533575443,long_history
assist_09,degree_matched_random_support,0.75,46,all,51090,0.7655863001302224,0.0093762114402691,0.537626683038101,0.0069409988000159,0.7749625115704916,0.530685684238085,13.50406551361084,True,,,,,weak,/home/zsh/ConceptSkillCDM/results/crg_lcrf_core3_final_20260520/crg_support_controls/assist_09/crg_support_corruption_control.csv,auc_bce,0.0093762114402691,0.0069409988000159,all
assist_09,degree_matched_random_support,0.75,46,graph_hits_history,50529,0.7652116114158543,0.0095227870570233,0.5375101539620213,0.0070284818059481,0.7747343984728776,0.5304816721560731,13.50406551361084,True,,,,,weak,/home/zsh/ConceptSkillCDM/results/crg_lcrf_core3_final_20260520/crg_support_controls/assist_09/crg_support_corruption_control.csv,auc_bce,0.0095227870570233,0.0070284818059481,direct_unseen_bridgeable
assist_09,degree_matched_random_support,0.75,46,high_support_mass,12637,0.7415887920543857,0.0101540494241797,0.51302761912825,0.0088085421256904,0.7517428414785654,0.5042190770025595,13.50406551361084,True,,,,,weak,/home/zsh/ConceptSkillCDM/results/crg_lcrf_core3_final_20260520/crg_support_controls/assist_09/crg_support_corruption_control.csv,auc_bce,0.0101540494241797,0.0088085421256904,high_crg_mass
assist_09,degree_matched_random_support,0.75,46,query_seq_top5_q4_high,12141,0.7886417430660596,0.0091493006521596,0.5077230904829787,0.0115807201355547,0.7977910437182193,0.4961423703474239,13.50406551361084,True,,,,,weak,/home/zsh/ConceptSkillCDM/results/crg_lcrf_core3_final_20260520/crg_support_controls/assist_09/crg_support_corruption_control.csv,auc_bce,0.0091493006521596,0.0115807201355547,high_seq_support
assist_09,degree_matched_random_support,0.75,46,multi_concept,8419,0.738207389845642,0.013509281684187,0.5620974853376617,0.0135036500517468,0.7517166715298291,0.5485938352859149,13.50406551361084,True,,,,,weak,/home/zsh/ConceptSkillCDM/results/crg_lcrf_core3_final_20260520/crg_support_controls/assist_09/crg_support_corruption_control.csv,auc_bce,0.013509281684187,0.0135036500517468,direct_seen
assist_09,degree_matched_random_support,0.75,46,direct_seen,49506,0.7630489712191193,0.0095284061199629,0.5420200631967126,0.0069792732011779,0.7725773773390823,0.5350407899955346,13.50406551361084,True,,,,,weak,/home/zsh/ConceptSkillCDM/results/crg_lcrf_core3_final_20260520/crg_support_controls/assist_09/crg_support_corruption_control.csv,auc_bce,0.0095284061199629,0.0069792732011779,direct_seen
assist_09,degree_matched_random_support,0.75,46,direct_unseen,1584,0.808482873929237,0.0095543121459945,0.4003169114899812,0.0057447787849085,0.8180371860752316,0.3945721327050726,13.50406551361084,True,,,,,weak,/home/zsh/ConceptSkillCDM/results/crg_lcrf_core3_final_20260520/crg_support_controls/assist_09/crg_support_corruption_control.csv,auc_bce,0.0095543121459945,0.0057447787849085,direct_unseen
assist_09,degree_matched_random_support,0.75,46,direct_unseen_bridgeable,1584,0.808482873929237,0.0095543121459945,0.4003169114899812,0.0057447787849085,0.8180371860752316,0.3945721327050726,13.50406551361084,True,,,,,weak,/home/zsh/ConceptSkillCDM/results/crg_lcrf_core3_final_20260520/crg_support_controls/assist_09/crg_support_corruption_control.csv,auc_bce,0.0095543121459945,0.0057447787849085,direct_unseen_bridgeable
assist_09,degree_matched_random_support,0.75,46,high_seq_support,12141,0.7886417430660596,0.0091493006521596,0.5077230904829787,0.0115807201355547,0.7977910437182193,0.4961423703474239,13.50406551361084,True,,,,,weak,/home/zsh/ConceptSkillCDM/results/crg_lcrf_core3_final_20260520/crg_support_controls/assist_09/crg_support_corruption_control.csv,auc_bce,0.0091493006521596,0.0115807201355547,high_seq_support
assist_09,degree_matched_random_support,0.75,46,high_crg_mass,12637,0.7415887920543857,0.0101540494241797,0.51302761912825,0.0088085421256904,0.7517428414785654,0.5042190770025595,13.50406551361084,True,,,,,weak,/home/zsh/ConceptSkillCDM/results/crg_lcrf_core3_final_20260520/crg_support_controls/assist_09/crg_support_corruption_control.csv,auc_bce,0.0101540494241797,0.0088085421256904,high_crg_mass
assist_09,degree_matched_random_support,0.75,46,short_history,25670,0.7732428225766033,0.0096593035189729,0.5548389217639453,0.0068363389057516,0.7829021260955762,0.5480025828581937,13.50406551361084,True,,,,,weak,/home/zsh/ConceptSkillCDM/results/crg_lcrf_core3_final_20260520/crg_support_controls/assist_09/crg_support_corruption_control.csv,auc_bce,0.0096593035189729,0.0068363389057516,short_history
assist_09,degree_matched_random_support,0.75,46,long_history,25420,0.7479977772478402,0.0096182088706197,0.5202451658039378,0.007046688000872,0.7576159861184599,0.5131984778030657,13.50406551361084,True,,,,,weak,/home/zsh/ConceptSkillCDM/results/crg_lcrf_core3_final_20260520/crg_support_controls/assist_09/crg_support_corruption_control.csv,auc_bce,0.0096182088706197,0.007046688000872,long_history
assist_09,degree_matched_random_support,1.0,42,all,51090,0.7589214048366931,0.0160411067337984,0.5388481090536202,0.0081624248155351,0.7749625115704916,0.530685684238085,13.463414192199709,True,,,,,support_dependence_only,/home/zsh/ConceptSkillCDM/results/crg_lcrf_core3_final_20260520/crg_support_controls/assist_09/crg_support_corruption_control.csv,auc_bce,0.0160411067337984,0.0081624248155351,all
assist_09,degree_matched_random_support,1.0,42,graph_hits_history,50529,0.7590817793453577,0.0156526191275199,0.5383407284872778,0.0078590563312046,0.7747343984728776,0.5304816721560731,13.463414192199709,True,,,,,support_dependence_only,/home/zsh/ConceptSkillCDM/results/crg_lcrf_core3_final_20260520/crg_support_controls/assist_09/crg_support_corruption_control.csv,auc_bce,0.0156526191275199,0.0078590563312046,direct_unseen_bridgeable
assist_09,degree_matched_random_support,1.0,42,high_support_mass,12637,0.7383785731644976,0.0133642683140677,0.5132610450500539,0.0090419680474943,0.7517428414785654,0.5042190770025595,13.463414192199709,True,,,,,support_dependence_only,/home/zsh/ConceptSkillCDM/results/crg_lcrf_core3_final_20260520/crg_support_controls/assist_09/crg_support_corruption_control.csv,auc_bce,0.0133642683140677,0.0090419680474943,high_crg_mass
assist_09,degree_matched_random_support,1.0,42,query_seq_top5_q4_high,12141,0.7756967566734239,0.0220942870447954,0.510649582547242,0.014507212199818,0.7977910437182193,0.4961423703474239,13.463414192199709,True,,,,,support_dependence_only,/home/zsh/ConceptSkillCDM/results/crg_lcrf_core3_final_20260520/crg_support_controls/assist_09/crg_support_corruption_control.csv,auc_bce,0.0220942870447954,0.014507212199818,high_seq_support
assist_09,degree_matched_random_support,1.0,42,multi_concept,8419,0.7349347236885205,0.0167819478413085,0.5601308195507606,0.0115369842648457,0.7517166715298291,0.5485938352859149,13.463414192199709,True,,,,,support_dependence_only,/home/zsh/ConceptSkillCDM/results/crg_lcrf_core3_final_20260520/crg_support_controls/assist_09/crg_support_corruption_control.csv,auc_bce,0.0167819478413085,0.0115369842648457,direct_seen
assist_09,degree_matched_random_support,1.0,42,direct_seen,49506,0.7565968257469242,0.015980551592158,0.5429029784740789,0.0078621884785442,0.7725773773390823,0.5350407899955346,13.463414192199709,True,,,,,support_dependence_only,/home/zsh/ConceptSkillCDM/results/crg_lcrf_core3_final_20260520/crg_support_controls/assist_09/crg_support_corruption_control.csv,auc_bce,0.015980551592158,0.0078621884785442,direct_seen
assist_09,degree_matched_random_support,1.0,42,direct_unseen,1584,0.7948063235478255,0.023230862527406,0.4121180803104242,0.0175459476053516,0.8180371860752316,0.3945721327050726,13.463414192199709,True,,,,,support_dependence_only,/home/zsh/ConceptSkillCDM/results/crg_lcrf_core3_final_20260520/crg_support_controls/assist_09/crg_support_corruption_control.csv,auc_bce,0.023230862527406,0.0175459476053516,direct_unseen
assist_09,degree_matched_random_support,1.0,42,direct_unseen_bridgeable,1584,0.7948063235478255,0.023230862527406,0.4121180803104242,0.0175459476053516,0.8180371860752316,0.3945721327050726,13.463414192199709,True,,,,,support_dependence_only,/home/zsh/ConceptSkillCDM/results/crg_lcrf_core3_final_20260520/crg_support_controls/assist_09/crg_support_corruption_control.csv,auc_bce,0.023230862527406,0.0175459476053516,direct_unseen_bridgeable
assist_09,degree_matched_random_support,1.0,42,high_seq_support,12141,0.7756967566734239,0.0220942870447954,0.510649582547242,0.014507212199818,0.7977910437182193,0.4961423703474239,13.463414192199709,True,,,,,support_dependence_only,/home/zsh/ConceptSkillCDM/results/crg_lcrf_core3_final_20260520/crg_support_controls/assist_09/crg_support_corruption_control.csv,auc_bce,0.0220942870447954,0.014507212199818,high_seq_support
assist_09,degree_matched_random_support,1.0,42,high_crg_mass,12637,0.7383785731644976,0.0133642683140677,0.5132610450500539,0.0090419680474943,0.7517428414785654,0.5042190770025595,13.463414192199709,True,,,,,support_dependence_only,/home/zsh/ConceptSkillCDM/results/crg_lcrf_core3_final_20260520/crg_support_controls/assist_09/crg_support_corruption_control.csv,auc_bce,0.0133642683140677,0.0090419680474943,high_crg_mass
assist_09,degree_matched_random_support,1.0,42,short_history,25670,0.7644484620620977,0.0184536640334784,0.5568875923741989,0.0088850095160052,0.7829021260955762,0.5480025828581937,13.463414192199709,True,,,,,support_dependence_only,/home/zsh/ConceptSkillCDM/results/crg_lcrf_core3_final_20260520/crg_support_controls/assist_09/crg_support_corruption_control.csv,auc_bce,0.0184536640334784,0.0088850095160052,short_history
assist_09,degree_matched_random_support,1.0,42,long_history,25420,0.7435441338649789,0.014071852253481,0.5206312114596291,0.0074327336565633,0.7576159861184599,0.5131984778030657,13.463414192199709,True,,,,,support_dependence_only,/home/zsh/ConceptSkillCDM/results/crg_lcrf_core3_final_20260520/crg_support_controls/assist_09/crg_support_corruption_control.csv,auc_bce,0.014071852253481,0.0074327336565633,long_history
assist_09,degree_matched_random_support,1.0,43,all,51090,0.7599240605492932,0.0150384510211983,0.538838193260924,0.0081525090228389,0.7749625115704916,0.530685684238085,13.455284118652344,True,,,,,support_dependence_only,/home/zsh/ConceptSkillCDM/results/crg_lcrf_core3_final_20260520/crg_support_controls/assist_09/crg_support_corruption_control.csv,auc_bce,0.0150384510211983,0.0081525090228389,all
assist_09,degree_matched_random_support,1.0,43,graph_hits_history,50529,0.7596886999700236,0.0150456985028539,0.5385930937278048,0.0081114215717317,0.7747343984728776,0.5304816721560731,13.455284118652344,True,,,,,support_dependence_only,/home/zsh/ConceptSkillCDM/results/crg_lcrf_core3_final_20260520/crg_support_controls/assist_09/crg_support_corruption_control.csv,auc_bce,0.0150456985028539,0.0081114215717317,direct_unseen_bridgeable
assist_09,degree_matched_random_support,1.0,43,high_support_mass,12637,0.737962313201274,0.0137805282772913,0.5131913190455354,0.0089722420429758,0.7517428414785654,0.5042190770025595,13.455284118652344,True,,,,,support_dependence_only,/home/zsh/ConceptSkillCDM/results/crg_lcrf_core3_final_20260520/crg_support_controls/assist_09/crg_support_corruption_control.csv,auc_bce,0.0137805282772913,0.0089722420429758,high_crg_mass
assist_09,degree_matched_random_support,1.0,43,query_seq_top5_q4_high,12141,0.7838700193047504,0.0139210244134688,0.5050927443986403,0.0089503740512163,0.7977910437182193,0.4961423703474239,13.455284118652344,True,,,,,support_dependence_only,/home/zsh/ConceptSkillCDM/results/crg_lcrf_core3_final_20260520/crg_support_controls/assist_09/crg_support_corruption_control.csv,auc_bce,0.0139210244134688,0.0089503740512163,high_seq_support
assist_09,degree_matched_random_support,1.0,43,multi_concept,8419,0.7344959832016552,0.0172206883281739,0.5615935179349026,0.0129996826489877,0.7517166715298291,0.5485938352859149,13.455284118652344,True,,,,,support_dependence_only,/home/zsh/ConceptSkillCDM/results/crg_lcrf_core3_final_20260520/crg_support_controls/assist_09/crg_support_corruption_control.csv,auc_bce,0.0172206883281739,0.0129996826489877,direct_seen
assist_09,degree_matched_random_support,1.0,43,direct_seen,49506,0.7578165428055244,0.0147608345335579,0.5427290964914357,0.0076883064959011,0.7725773773390823,0.5350407899955346,13.455284118652344,True,,,,,support_dependence_only,/home/zsh/ConceptSkillCDM/results/crg_lcrf_core3_final_20260520/crg_support_controls/assist_09/crg_support_corruption_control.csv,auc_bce,0.0147608345335579,0.0076883064959011,direct_seen
assist_09,degree_matched_random_support,1.0,43,direct_unseen,1584,0.7903796436559515,0.02765754241928,0.4172327290376197,0.0226605963325471,0.8180371860752316,0.3945721327050726,13.455284118652344,True,,,,,support_dependence_only,/home/zsh/ConceptSkillCDM/results/crg_lcrf_core3_final_20260520/crg_support_controls/assist_09/crg_support_corruption_control.csv,auc_bce,0.02765754241928,0.0226605963325471,direct_unseen
assist_09,degree_matched_random_support,1.0,43,direct_unseen_bridgeable,1584,0.7903796436559515,0.02765754241928,0.4172327290376197,0.0226605963325471,0.8180371860752316,0.3945721327050726,13.455284118652344,True,,,,,support_dependence_only,/home/zsh/ConceptSkillCDM/results/crg_lcrf_core3_final_20260520/crg_support_controls/assist_09/crg_support_corruption_control.csv,auc_bce,0.02765754241928,0.0226605963325471,direct_unseen_bridgeable
assist_09,degree_matched_random_support,1.0,43,high_seq_support,12141,0.7838700193047504,0.0139210244134688,0.5050927443986403,0.0089503740512163,0.7977910437182193,0.4961423703474239,13.455284118652344,True,,,,,support_dependence_only,/home/zsh/ConceptSkillCDM/results/crg_lcrf_core3_final_20260520/crg_support_controls/assist_09/crg_support_corruption_control.csv,auc_bce,0.0139210244134688,0.0089503740512163,high_seq_support
assist_09,degree_matched_random_support,1.0,43,high_crg_mass,12637,0.737962313201274,0.0137805282772913,0.5131913190455354,0.0089722420429758,0.7517428414785654,0.5042190770025595,13.455284118652344,True,,,,,support_dependence_only,/home/zsh/ConceptSkillCDM/results/crg_lcrf_core3_final_20260520/crg_support_controls/assist_09/crg_support_corruption_control.csv,auc_bce,0.0137805282772913,0.0089722420429758,high_crg_mass
assist_09,degree_matched_random_support,1.0,43,short_history,25670,0.7660022135739253,0.0168999125216509,0.5574837481707263,0.0094811653125326,0.7829021260955762,0.5480025828581937,13.455284118652344,True,,,,,support_dependence_only,/home/zsh/ConceptSkillCDM/results/crg_lcrf_core3_final_20260520/crg_support_controls/assist_09/crg_support_corruption_control.csv,auc_bce,0.0168999125216509,0.0094811653125326,short_history
assist_09,degree_matched_random_support,1.0,43,long_history,25420,0.744208524956626,0.0134074611618338,0.5200092634995302,0.0068107856964645,0.7576159861184599,0.5131984778030657,13.455284118652344,True,,,,,support_dependence_only,/home/zsh/ConceptSkillCDM/results/crg_lcrf_core3_final_20260520/crg_support_controls/assist_09/crg_support_corruption_control.csv,auc_bce,0.0134074611618338,0.0068107856964645,long_history
assist_09,degree_matched_random_support,1.0,44,all,51090,0.761318659203322,0.0136438523671695,0.5370712773386794,0.0063855931005943,0.7749625115704916,0.530685684238085,13.520325660705566,True,,,,,support_dependence_only,/home/zsh/ConceptSkillCDM/results/crg_lcrf_core3_final_20260520/crg_support_controls/assist_09/crg_support_corruption_control.csv,auc_bce,0.0136438523671695,0.0063855931005943,all
assist_09,degree_matched_random_support,1.0,44,graph_hits_history,50529,0.7610461138872263,0.0136882845856513,0.5368929407748951,0.006411268618822,0.7747343984728776,0.5304816721560731,13.520325660705566,True,,,,,support_dependence_only,/home/zsh/ConceptSkillCDM/results/crg_lcrf_core3_final_20260520/crg_support_controls/assist_09/crg_support_corruption_control.csv,auc_bce,0.0136882845856513,0.006411268618822,direct_unseen_bridgeable
assist_09,degree_matched_random_support,1.0,44,high_support_mass,12637,0.7426085305111229,0.0091343109674425,0.5105092065936468,0.0062901295910873,0.7517428414785654,0.5042190770025595,13.520325660705566,True,,,,,support_dependence_only,/home/zsh/ConceptSkillCDM/results/crg_lcrf_core3_final_20260520/crg_support_controls/assist_09/crg_support_corruption_control.csv,auc_bce,0.0091343109674425,0.0062901295910873,high_crg_mass
assist_09,degree_matched_random_support,1.0,44,query_seq_top5_q4_high,12141,0.7838832853158874,0.0139077584023319,0.5038251022749363,0.0076827319275123,0.7977910437182193,0.4961423703474239,13.520325660705566,True,,,,,support_dependence_only,/home/zsh/ConceptSkillCDM/results/crg_lcrf_core3_final_20260520/crg_support_controls/assist_09/crg_support_corruption_control.csv,auc_bce,0.0139077584023319,0.0076827319275123,high_seq_support
assist_09,degree_matched_random_support,1.0,44,multi_concept,8419,0.7397911163001407,0.0119255552296884,0.557216320796097,0.008622485510182,0.7517166715298291,0.5485938352859149,13.520325660705566,True,,,,,support_dependence_only,/home/zsh/ConceptSkillCDM/results/crg_lcrf_core3_final_20260520/crg_support_controls/assist_09/crg_support_corruption_control.csv,auc_bce,0.0119255552296884,0.008622485510182,direct_seen
assist_09,degree_matched_random_support,1.0,44,direct_seen,49506,0.7590548659641495,0.0135225113749327,0.5409993368007388,0.0059585468052041,0.7725773773390823,0.5350407899955346,13.520325660705566,True,,,,,support_dependence_only,/home/zsh/ConceptSkillCDM/results/crg_lcrf_core3_final_20260520/crg_support_controls/assist_09/crg_support_corruption_control.csv,auc_bce,0.0135225113749327,0.0059585468052041,direct_seen
assist_09,degree_matched_random_support,1.0,44,direct_unseen,1584,0.7911677547182319,0.0268694313569997,0.4143045401362108,0.0197324074311381,0.8180371860752316,0.3945721327050726,13.520325660705566,True,,,,,support_dependence_only,/home/zsh/ConceptSkillCDM/results/crg_lcrf_core3_final_20260520/crg_support_controls/assist_09/crg_support_corruption_control.csv,auc_bce,0.0268694313569997,0.0197324074311381,direct_unseen
assist_09,degree_matched_random_support,1.0,44,direct_unseen_bridgeable,1584,0.7911677547182319,0.0268694313569997,0.4143045401362108,0.0197324074311381,0.8180371860752316,0.3945721327050726,13.520325660705566,True,,,,,support_dependence_only,/home/zsh/ConceptSkillCDM/results/crg_lcrf_core3_final_20260520/crg_support_controls/assist_09/crg_support_corruption_control.csv,auc_bce,0.0268694313569997,0.0197324074311381,direct_unseen_bridgeable
assist_09,degree_matched_random_support,1.0,44,high_seq_support,12141,0.7838832853158874,0.0139077584023319,0.5038251022749363,0.0076827319275123,0.7977910437182193,0.4961423703474239,13.520325660705566,True,,,,,support_dependence_only,/home/zsh/ConceptSkillCDM/results/crg_lcrf_core3_final_20260520/crg_support_controls/assist_09/crg_support_corruption_control.csv,auc_bce,0.0139077584023319,0.0076827319275123,high_seq_support
assist_09,degree_matched_random_support,1.0,44,high_crg_mass,12637,0.7426085305111229,0.0091343109674425,0.5105092065936468,0.0062901295910873,0.7517428414785654,0.5042190770025595,13.520325660705566,True,,,,,support_dependence_only,/home/zsh/ConceptSkillCDM/results/crg_lcrf_core3_final_20260520/crg_support_controls/assist_09/crg_support_corruption_control.csv,auc_bce,0.0091343109674425,0.0062901295910873,high_crg_mass
assist_09,degree_matched_random_support,1.0,44,short_history,25670,0.7689435086267153,0.0139586174688608,0.553266074813539,0.0052634919553452,0.7829021260955762,0.5480025828581937,13.520325660705566,True,,,,,support_dependence_only,/home/zsh/ConceptSkillCDM/results/crg_lcrf_core3_final_20260520/crg_support_controls/assist_09/crg_support_corruption_control.csv,auc_bce,0.0139586174688608,0.0052634919553452,short_history
assist_09,degree_matched_random_support,1.0,44,long_history,25420,0.7434014118662233,0.0142145742522366,0.5207172076620611,0.0075187298589953,0.7576159861184599,0.5131984778030657,13.520325660705566,True,,,,,support_dependence_only,/home/zsh/ConceptSkillCDM/results/crg_lcrf_core3_final_20260520/crg_support_controls/assist_09/crg_support_corruption_control.csv,auc_bce,0.0142145742522366,0.0075187298589953,long_history
assist_09,degree_matched_random_support,1.0,45,all,51090,0.7615098722656928,0.0134526393047987,0.5366893389277675,0.0060036546896824,0.7749625115704916,0.530685684238085,13.49593448638916,True,,,,,support_dependence_only,/home/zsh/ConceptSkillCDM/results/crg_lcrf_core3_final_20260520/crg_support_controls/assist_09/crg_support_corruption_control.csv,auc_bce,0.0134526393047987,0.0060036546896824,all
assist_09,degree_matched_random_support,1.0,45,graph_hits_history,50529,0.7613767329117983,0.0133576655610793,0.5363952669670266,0.0059135948109534,0.7747343984728776,0.5304816721560731,13.49593448638916,True,,,,,support_dependence_only,/home/zsh/ConceptSkillCDM/results/crg_lcrf_core3_final_20260520/crg_support_controls/assist_09/crg_support_corruption_control.csv,auc_bce,0.0133576655610793,0.0059135948109534,direct_unseen_bridgeable
assist_09,degree_matched_random_support,1.0,45,high_support_mass,12637,0.7413710924255588,0.0103717490530066,0.5118378181926141,0.0076187411900545,0.7517428414785654,0.5042190770025595,13.49593448638916,True,,,,,support_dependence_only,/home/zsh/ConceptSkillCDM/results/crg_lcrf_core3_final_20260520/crg_support_controls/assist_09/crg_support_corruption_control.csv,auc_bce,0.0103717490530066,0.0076187411900545,high_crg_mass
assist_09,degree_matched_random_support,1.0,45,query_seq_top5_q4_high,12141,0.7868895161418087,0.0109015275764106,0.5027405899649156,0.0065982196174916,0.7977910437182193,0.4961423703474239,13.49593448638916,True,,,,,support_dependence_only,/home/zsh/ConceptSkillCDM/results/crg_lcrf_core3_final_20260520/crg_support_controls/assist_09/crg_support_corruption_control.csv,auc_bce,0.0109015275764106,0.0065982196174916,high_seq_support
assist_09,degree_matched_random_support,1.0,45,multi_concept,8419,0.7393545185860384,0.0123621529437907,0.5579524042695131,0.0093585689835982,0.7517166715298291,0.5485938352859149,13.49593448638916,True,,,,,support_dependence_only,/home/zsh/ConceptSkillCDM/results/crg_lcrf_core3_final_20260520/crg_support_controls/assist_09/crg_support_corruption_control.csv,auc_bce,0.0123621529437907,0.0093585689835982,direct_seen
assist_09,degree_matched_random_support,1.0,45,direct_seen,49506,0.7592338884547767,0.0133434888843055,0.5405370847971145,0.0054962948015798,0.7725773773390823,0.5350407899955346,13.49593448638916,True,,,,,support_dependence_only,/home/zsh/ConceptSkillCDM/results/crg_lcrf_core3_final_20260520/crg_support_controls/assist_09/crg_support_corruption_control.csv,auc_bce,0.0133434888843055,0.0054962948015798,direct_seen
assist_09,degree_matched_random_support,1.0,45,direct_unseen,1584,0.7952752619057557,0.0227619241694758,0.4164327057157094,0.0218605730106367,0.8180371860752316,0.3945721327050726,13.49593448638916,True,,,,,support_dependence_only,/home/zsh/ConceptSkillCDM/results/crg_lcrf_core3_final_20260520/crg_support_controls/assist_09/crg_support_corruption_control.csv,auc_bce,0.0227619241694758,0.0218605730106367,direct_unseen
assist_09,degree_matched_random_support,1.0,45,direct_unseen_bridgeable,1584,0.7952752619057557,0.0227619241694758,0.4164327057157094,0.0218605730106367,0.8180371860752316,0.3945721327050726,13.49593448638916,True,,,,,support_dependence_only,/home/zsh/ConceptSkillCDM/results/crg_lcrf_core3_final_20260520/crg_support_controls/assist_09/crg_support_corruption_control.csv,auc_bce,0.0227619241694758,0.0218605730106367,direct_unseen_bridgeable
assist_09,degree_matched_random_support,1.0,45,high_seq_support,12141,0.7868895161418087,0.0109015275764106,0.5027405899649156,0.0065982196174916,0.7977910437182193,0.4961423703474239,13.49593448638916,True,,,,,support_dependence_only,/home/zsh/ConceptSkillCDM/results/crg_lcrf_core3_final_20260520/crg_support_controls/assist_09/crg_support_corruption_control.csv,auc_bce,0.0109015275764106,0.0065982196174916,high_seq_support
assist_09,degree_matched_random_support,1.0,45,high_crg_mass,12637,0.7413710924255588,0.0103717490530066,0.5118378181926141,0.0076187411900545,0.7517428414785654,0.5042190770025595,13.49593448638916,True,,,,,support_dependence_only,/home/zsh/ConceptSkillCDM/results/crg_lcrf_core3_final_20260520/crg_support_controls/assist_09/crg_support_corruption_control.csv,auc_bce,0.0103717490530066,0.0076187411900545,high_crg_mass
assist_09,degree_matched_random_support,1.0,45,short_history,25670,0.7678718548749639,0.0150302712206122,0.553034512916937,0.0050319300587432,0.7829021260955762,0.5480025828581937,13.49593448638916,True,,,,,support_dependence_only,/home/zsh/ConceptSkillCDM/results/crg_lcrf_core3_final_20260520/crg_support_controls/assist_09/crg_support_corruption_control.csv,auc_bce,0.0150302712206122,0.0050319300587432,short_history
assist_09,degree_matched_random_support,1.0,45,long_history,25420,0.7452095279500899,0.01240645816837,0.52018341381754,0.0069849360144742,0.7576159861184599,0.5131984778030657,13.49593448638916,True,,,,,support_dependence_only,/home/zsh/ConceptSkillCDM/results/crg_lcrf_core3_final_20260520/crg_support_controls/assist_09/crg_support_corruption_control.csv,auc_bce,0.01240645816837,0.0069849360144742,long_history
assist_09,degree_matched_random_support,1.0,46,all,51090,0.7603515122806486,0.0146109992898429,0.5372466747458955,0.0065609905078104,0.7749625115704916,0.530685684238085,13.463414192199709,True,,,,,support_dependence_only,/home/zsh/ConceptSkillCDM/results/crg_lcrf_core3_final_20260520/crg_support_controls/assist_09/crg_support_corruption_control.csv,auc_bce,0.0146109992898429,0.0065609905078104,all
assist_09,degree_matched_random_support,1.0,46,graph_hits_history,50529,0.7605076497508445,0.0142267487220331,0.5367279476931691,0.006246275537096,0.7747343984728776,0.5304816721560731,13.463414192199709,True,,,,,support_dependence_only,/home/zsh/ConceptSkillCDM/results/crg_lcrf_core3_final_20260520/crg_support_controls/assist_09/crg_support_corruption_control.csv,auc_bce,0.0142267487220331,0.006246275537096,direct_unseen_bridgeable
assist_09,degree_matched_random_support,1.0,46,high_support_mass,12637,0.7422093620165879,0.0095334794619774,0.511296406548385,0.0070773295458255,0.7517428414785654,0.5042190770025595,13.463414192199709,True,,,,,support_dependence_only,/home/zsh/ConceptSkillCDM/results/crg_lcrf_core3_final_20260520/crg_support_controls/assist_09/crg_support_corruption_control.csv,auc_bce,0.0095334794619774,0.0070773295458255,high_crg_mass
assist_09,degree_matched_random_support,1.0,46,query_seq_top5_q4_high,12141,0.7861461900429583,0.011644853675261,0.5024981722133653,0.0063558018659414,0.7977910437182193,0.4961423703474239,13.463414192199709,True,,,,,support_dependence_only,/home/zsh/ConceptSkillCDM/results/crg_lcrf_core3_final_20260520/crg_support_controls/assist_09/crg_support_corruption_control.csv,auc_bce,0.011644853675261,0.0063558018659414,high_seq_support
assist_09,degree_matched_random_support,1.0,46,multi_concept,8419,0.7411662484843765,0.0105504230454526,0.5554953302717686,0.0069014949858536,0.7517166715298291,0.5485938352859149,13.463414192199709,True,,,,,support_dependence_only,/home/zsh/ConceptSkillCDM/results/crg_lcrf_core3_final_20260520/crg_support_controls/assist_09/crg_support_corruption_control.csv,auc_bce,0.0105504230454526,0.0069014949858536,direct_seen
assist_09,degree_matched_random_support,1.0,46,direct_seen,49506,0.7580565036624106,0.0145208736766716,0.5411902817612303,0.0061494917656956,0.7725773773390823,0.5350407899955346,13.463414192199709,True,,,,,support_dependence_only,/home/zsh/ConceptSkillCDM/results/crg_lcrf_core3_final_20260520/crg_support_controls/assist_09/crg_support_corruption_control.csv,auc_bce,0.0145208736766716,0.0061494917656956,direct_seen
assist_09,degree_matched_random_support,1.0,46,direct_unseen,1584,0.7944036749054145,0.023633511169817,0.4139940176113161,0.0194218849062435,0.8180371860752316,0.3945721327050726,13.463414192199709,True,,,,,support_dependence_only,/home/zsh/ConceptSkillCDM/results/crg_lcrf_core3_final_20260520/crg_support_controls/assist_09/crg_support_corruption_control.csv,auc_bce,0.023633511169817,0.0194218849062435,direct_unseen
assist_09,degree_matched_random_support,1.0,46,direct_unseen_bridgeable,1584,0.7944036749054145,0.023633511169817,0.4139940176113161,0.0194218849062435,0.8180371860752316,0.3945721327050726,13.463414192199709,True,,,,,support_dependence_only,/home/zsh/ConceptSkillCDM/results/crg_lcrf_core3_final_20260520/crg_support_controls/assist_09/crg_support_corruption_control.csv,auc_bce,0.023633511169817,0.0194218849062435,direct_unseen_bridgeable
assist_09,degree_matched_random_support,1.0,46,high_seq_support,12141,0.7861461900429583,0.011644853675261,0.5024981722133653,0.0063558018659414,0.7977910437182193,0.4961423703474239,13.463414192199709,True,,,,,support_dependence_only,/home/zsh/ConceptSkillCDM/results/crg_lcrf_core3_final_20260520/crg_support_controls/assist_09/crg_support_corruption_control.csv,auc_bce,0.011644853675261,0.0063558018659414,high_seq_support
assist_09,degree_matched_random_support,1.0,46,high_crg_mass,12637,0.7422093620165879,0.0095334794619774,0.511296406548385,0.0070773295458255,0.7517428414785654,0.5042190770025595,13.463414192199709,True,,,,,support_dependence_only,/home/zsh/ConceptSkillCDM/results/crg_lcrf_core3_final_20260520/crg_support_controls/assist_09/crg_support_corruption_control.csv,auc_bce,0.0095334794619774,0.0070773295458255,high_crg_mass
assist_09,degree_matched_random_support,1.0,46,short_history,25670,0.7657295384307423,0.0171725876648338,0.5548997052207133,0.0068971223625196,0.7829021260955762,0.5480025828581937,13.463414192199709,True,,,,,support_dependence_only,/home/zsh/ConceptSkillCDM/results/crg_lcrf_core3_final_20260520/crg_support_controls/assist_09/crg_support_corruption_control.csv,auc_bce,0.0171725876648338,0.0068971223625196,short_history
assist_09,degree_matched_random_support,1.0,46,long_history,25420,0.7452665051626203,0.0123494809558396,0.519420030674748,0.0062215528716822,0.7576159861184599,0.5131984778030657,13.463414192199709,True,,,,,support_dependence_only,/home/zsh/ConceptSkillCDM/results/crg_lcrf_core3_final_20260520/crg_support_controls/assist_09/crg_support_corruption_control.csv,auc_bce,0.0123494809558396,0.0062215528716822,long_history
assist_09,sequence_shuffled_support,0.0,42,all,51090,0.7749625115704916,0.0,0.5306856842385942,5.091482790930968e-13,0.7749625115704916,0.530685684238085,12.95121955871582,True,,,,,weak,/home/zsh/ConceptSkillCDM/results/crg_lcrf_core3_final_20260520/crg_support_controls/assist_09/crg_support_corruption_control.csv,auc_bce,0.0,1.074362820929764e-12,all
assist_09,sequence_shuffled_support,0.0,42,graph_hits_history,50529,0.7747343984728776,0.0,0.5304816721565879,5.148104165186851e-13,0.7747343984728776,0.5304816721560731,12.95121955871582,True,,,,,weak,/home/zsh/ConceptSkillCDM/results/crg_lcrf_core3_final_20260520/crg_support_controls/assist_09/crg_support_corruption_control.csv,auc_bce,0.0,1.0864642518981782e-12,direct_unseen_bridgeable
assist_09,sequence_shuffled_support,0.0,42,high_support_mass,12637,0.7517428414785654,0.0,0.5042190769861724,-1.6387113888072236e-11,0.7517428414785654,0.5042190770025595,12.95121955871582,True,,,,,weak,/home/zsh/ConceptSkillCDM/results/crg_lcrf_core3_final_20260520/crg_support_controls/assist_09/crg_support_corruption_control.csv,auc_bce,0.0,-2.3546831151577408e-11,high_crg_mass
assist_09,sequence_shuffled_support,0.0,42,query_seq_top5_q4_high,12141,0.7977910437182193,0.0,0.4961423703474239,0.0,0.7977910437182193,0.4961423703474239,12.95121955871582,True,,,,,weak,/home/zsh/ConceptSkillCDM/results/crg_lcrf_core3_final_20260520/crg_support_controls/assist_09/crg_support_corruption_control.csv,auc_bce,0.0,0.0,high_seq_support
assist_09,sequence_shuffled_support,0.0,42,multi_concept,8419,0.7517166715298291,0.0,0.5485938352890039,3.088973521414573e-12,0.7517166715298291,0.5485938352859149,12.95121955871582,True,,,,,weak,/home/zsh/ConceptSkillCDM/results/crg_lcrf_core3_final_20260520/crg_support_controls/assist_09/crg_support_corruption_control.csv,auc_bce,0.0,6.5203398236235436e-12,direct_seen
assist_09,sequence_shuffled_support,0.0,42,direct_seen,49506,0.7725773773390823,0.0,0.5350407899960599,5.252465129501617e-13,0.7725773773390823,0.5350407899955346,12.95121955871582,True,,,,,weak,/home/zsh/ConceptSkillCDM/results/crg_lcrf_core3_final_20260520/crg_support_controls/assist_09/crg_support_corruption_control.csv,auc_bce,0.0,1.1087797346931438e-12,direct_seen
assist_09,sequence_shuffled_support,0.0,42,direct_unseen,1584,0.8180371860752316,0.0,0.3945721327050726,0.0,0.8180371860752316,0.3945721327050726,12.95121955871582,True,,,,,weak,/home/zsh/ConceptSkillCDM/results/crg_lcrf_core3_final_20260520/crg_support_controls/assist_09/crg_support_corruption_control.csv,auc_bce,0.0,0.0,direct_unseen
assist_09,sequence_shuffled_support,0.0,42,direct_unseen_bridgeable,1584,0.8180371860752316,0.0,0.3945721327050726,0.0,0.8180371860752316,0.3945721327050726,12.95121955871582,True,,,,,weak,/home/zsh/ConceptSkillCDM/results/crg_lcrf_core3_final_20260520/crg_support_controls/assist_09/crg_support_corruption_control.csv,auc_bce,0.0,0.0,direct_unseen_bridgeable
assist_09,sequence_shuffled_support,0.0,42,high_seq_support,12141,0.7977910437182193,0.0,0.4961423703474239,0.0,0.7977910437182193,0.4961423703474239,12.95121955871582,True,,,,,weak,/home/zsh/ConceptSkillCDM/results/crg_lcrf_core3_final_20260520/crg_support_controls/assist_09/crg_support_corruption_control.csv,auc_bce,0.0,0.0,high_seq_support
assist_09,sequence_shuffled_support,0.0,42,high_crg_mass,12637,0.7517428414785654,0.0,0.5042190769861724,-1.6387113888072236e-11,0.7517428414785654,0.5042190770025595,12.95121955871582,True,,,,,weak,/home/zsh/ConceptSkillCDM/results/crg_lcrf_core3_final_20260520/crg_support_controls/assist_09/crg_support_corruption_control.csv,auc_bce,0.0,-2.3546831151577408e-11,high_crg_mass
assist_09,sequence_shuffled_support,0.0,42,short_history,25670,0.7829021260955762,0.0,0.548002582867274,9.08029207380423e-12,0.7829021260955762,0.5480025828581937,12.95121955871582,True,,,,,weak,/home/zsh/ConceptSkillCDM/results/crg_lcrf_core3_final_20260520/crg_support_controls/assist_09/crg_support_corruption_control.csv,auc_bce,0.0,1.3730350190144236e-11,short_history
assist_09,sequence_shuffled_support,0.0,42,long_history,25420,0.7576159861184599,0.0,0.5131984777949193,-8.146372465489549e-12,0.7576159861184599,0.5131984778030657,12.95121955871582,True,,,,,weak,/home/zsh/ConceptSkillCDM/results/crg_lcrf_core3_final_20260520/crg_support_controls/assist_09/crg_support_corruption_control.csv,auc_bce,0.0,-1.1705747482437799e-11,long_history
assist_09,sequence_shuffled_support,0.25,42,all,51090,0.7743243325219527,0.0006381790485389,0.5312789572812302,0.0005932730431451,0.7749625115704916,0.530685684238085,13.089430809020996,True,,,,,weak,/home/zsh/ConceptSkillCDM/results/crg_lcrf_core3_final_20260520/crg_support_controls/assist_09/crg_support_corruption_control.csv,auc_bce,0.0008254839671355,0.0008899166597076,all
assist_09,sequence_shuffled_support,0.25,42,graph_hits_history,50529,0.7741193806562939,0.0006150178165836,0.5310265399819828,0.0005448678259096,0.7747343984728776,0.5304816721560731,13.089430809020996,True,,,,,weak,/home/zsh/ConceptSkillCDM/results/crg_lcrf_core3_final_20260520/crg_support_controls/assist_09/crg_support_corruption_control.csv,auc_bce,0.0008512485408538,0.000925964176602,direct_unseen_bridgeable
assist_09,sequence_shuffled_support,0.25,42,high_support_mass,12637,0.7516289823673383,0.000113859111227,0.5041492307370815,-6.984626547801298e-05,0.7517428414785654,0.5042190770025595,13.089430809020996,True,,,,,weak,/home/zsh/ConceptSkillCDM/results/crg_lcrf_core3_final_20260520/crg_support_controls/assist_09/crg_support_corruption_control.csv,auc_bce,3.344256960913228e-05,0.0003267956653529,high_crg_mass
assist_09,sequence_shuffled_support,0.25,42,query_seq_top5_q4_high,12141,0.7978808517504485,-8.980803222924383e-05,0.4960359189201673,-0.0001064514272565,0.7977910437182193,0.4961423703474239,13.089430809020996,True,,,,,weak,/home/zsh/ConceptSkillCDM/results/crg_lcrf_core3_final_20260520/crg_support_controls/assist_09/crg_support_corruption_control.csv,auc_bce,0.0004465746554799,0.0001166865099974,high_seq_support
assist_09,sequence_shuffled_support,0.25,42,multi_concept,8419,0.7516519225267775,6.47490030516451e-05,0.5484331177161018,-0.000160717569813,0.7517166715298291,0.5485938352859149,13.089430809020996,True,,,,,weak,/home/zsh/ConceptSkillCDM/results/crg_lcrf_core3_final_20260520/crg_support_controls/assist_09/crg_support_corruption_control.csv,auc_bce,0.0013767470274771,0.0029155429653666,direct_seen
assist_09,sequence_shuffled_support,0.25,42,direct_seen,49506,0.7718791985717455,0.0006981787673367,0.5356954468417119,0.0006546568461772,0.7725773773390823,0.5350407899955346,13.089430809020996,True,,,,,weak,/home/zsh/ConceptSkillCDM/results/crg_lcrf_core3_final_20260520/crg_support_controls/assist_09/crg_support_corruption_control.csv,auc_bce,0.0007979016801263,0.0008518320597805,direct_seen
assist_09,sequence_shuffled_support,0.25,42,direct_unseen,1584,0.8199522223013336,-0.001915036226102,0.3932469293890525,-0.0013252033160201,0.8180371860752316,0.3945721327050726,13.089430809020996,True,,,,,weak,/home/zsh/ConceptSkillCDM/results/crg_lcrf_core3_final_20260520/crg_support_controls/assist_09/crg_support_corruption_control.csv,auc_bce,0.0038497138493946,0.0020802046672717,direct_unseen
assist_09,sequence_shuffled_support,0.25,42,direct_unseen_bridgeable,1584,0.8199522223013336,-0.001915036226102,0.3932469293890525,-0.0013252033160201,0.8180371860752316,0.3945721327050726,13.089430809020996,True,,,,,weak,/home/zsh/ConceptSkillCDM/results/crg_lcrf_core3_final_20260520/crg_support_controls/assist_09/crg_support_corruption_control.csv,auc_bce,0.0038497138493946,0.0020802046672717,direct_unseen_bridgeable
assist_09,sequence_shuffled_support,0.25,42,high_seq_support,12141,0.7978808517504485,-8.980803222924383e-05,0.4960359189201673,-0.0001064514272565,0.7977910437182193,0.4961423703474239,13.089430809020996,True,,,,,weak,/home/zsh/ConceptSkillCDM/results/crg_lcrf_core3_final_20260520/crg_support_controls/assist_09/crg_support_corruption_control.csv,auc_bce,0.0004465746554799,0.0001166865099974,high_seq_support
assist_09,sequence_shuffled_support,0.25,42,high_crg_mass,12637,0.7516289823673383,0.000113859111227,0.5041492307370815,-6.984626547801298e-05,0.7517428414785654,0.5042190770025595,13.089430809020996,True,,,,,weak,/home/zsh/ConceptSkillCDM/results/crg_lcrf_core3_final_20260520/crg_support_controls/assist_09/crg_support_corruption_control.csv,auc_bce,3.344256960913228e-05,0.0003267956653529,high_crg_mass
assist_09,sequence_shuffled_support,0.25,42,short_history,25670,0.7824534279892884,0.0004486981062877,0.5487897292465637,0.0007871463883699,0.7829021260955762,0.5480025828581937,13.089430809020996,True,,,,,weak,/home/zsh/ConceptSkillCDM/results/crg_lcrf_core3_final_20260520/crg_support_controls/assist_09/crg_support_corruption_control.csv,auc_bce,0.0014080179971776,0.0009347925401523,short_history
assist_09,sequence_shuffled_support,0.25,42,long_history,25420,0.7569078649973467,0.0007081211211131,0.5135959708001084,0.0003974929970427,0.7576159861184599,0.5131984778030657,13.089430809020996,True,,,,,weak,/home/zsh/ConceptSkillCDM/results/crg_lcrf_core3_final_20260520/crg_support_controls/assist_09/crg_support_corruption_control.csv,auc_bce,0.0005013120102089,0.0008445994350413,long_history
assist_09,sequence_shuffled_support,0.25,43,all,51090,0.7746706241098504,0.0002918874606411,0.5302477717958682,-0.0004379124422168,0.7749625115704916,0.530685684238085,13.138211250305176,True,,,,,weak,/home/zsh/ConceptSkillCDM/results/crg_lcrf_core3_final_20260520/crg_support_controls/assist_09/crg_support_corruption_control.csv,auc_bce,0.0027952473331617,0.0013650218191479,all
assist_09,sequence_shuffled_support,0.25,43,graph_hits_history,50529,0.7744573864241513,0.0002770120487263,0.5300328140548959,-0.0004488581011772,0.7747343984728776,0.5304816721560731,13.138211250305176,True,,,,,weak,/home/zsh/ConceptSkillCDM/results/crg_lcrf_core3_final_20260520/crg_support_controls/assist_09/crg_support_corruption_control.csv,auc_bce,0.0027983846331075,0.0013735619329028,direct_unseen_bridgeable
assist_09,sequence_shuffled_support,0.25,43,high_support_mass,12637,0.7511652601044291,0.0005775813741363,0.5044830855288073,0.0002640085262477,0.7517428414785654,0.5042190770025595,13.138211250305176,True,,,,,weak,/home/zsh/ConceptSkillCDM/results/crg_lcrf_core3_final_20260520/crg_support_controls/assist_09/crg_support_corruption_control.csv,auc_bce,0.0006803822263594,8.291704958807156e-05,high_crg_mass
assist_09,sequence_shuffled_support,0.25,43,query_seq_top5_q4_high,12141,0.7978635295848273,-7.248586660801859e-05,0.4953703259035239,-0.0007720444438999,0.7977910437182193,0.4961423703474239,13.138211250305176,True,,,,,weak,/home/zsh/ConceptSkillCDM/results/crg_lcrf_core3_final_20260520/crg_support_controls/assist_09/crg_support_corruption_control.csv,auc_bce,0.002686160470888,0.0026042593703951,high_seq_support
assist_09,sequence_shuffled_support,0.25,43,multi_concept,8419,0.7515753106368359,0.0001413608929932,0.5485005197795619,-9.331550635294228e-05,0.7517166715298291,0.5485938352859149,13.138211250305176,True,,,,,weak,/home/zsh/ConceptSkillCDM/results/crg_lcrf_core3_final_20260520/crg_support_controls/assist_09/crg_support_corruption_control.csv,auc_bce,0.0001557702634567,-0.0008909963861564,direct_seen
assist_09,sequence_shuffled_support,0.25,43,direct_seen,49506,0.7723025790675211,0.0002747982715611,0.5345722271573953,-0.0004685628381393,0.7725773773390823,0.5350407899955346,13.138211250305176,True,,,,,weak,/home/zsh/ConceptSkillCDM/results/crg_lcrf_core3_final_20260520/crg_support_controls/assist_09/crg_support_corruption_control.csv,auc_bce,0.0027210214916992,0.0012896420537477,direct_seen
assist_09,sequence_shuffled_support,0.25,43,direct_unseen,1584,0.8163332948689305,0.0017038912063011,0.3950921612354169,0.0005200285303443,0.8180371860752316,0.3945721327050726,13.138211250305176,True,,,,,weak,/home/zsh/ConceptSkillCDM/results/crg_lcrf_core3_final_20260520/crg_support_controls/assist_09/crg_support_corruption_control.csv,auc_bce,0.0089270150232138,0.003720925017319,direct_unseen
assist_09,sequence_shuffled_support,0.25,43,direct_unseen_bridgeable,1584,0.8163332948689305,0.0017038912063011,0.3950921612354169,0.0005200285303443,0.8180371860752316,0.3945721327050726,13.138211250305176,True,,,,,weak,/home/zsh/ConceptSkillCDM/results/crg_lcrf_core3_final_20260520/crg_support_controls/assist_09/crg_support_corruption_control.csv,auc_bce,0.0089270150232138,0.003720925017319,direct_unseen_bridgeable
assist_09,sequence_shuffled_support,0.25,43,high_seq_support,12141,0.7978635295848273,-7.248586660801859e-05,0.4953703259035239,-0.0007720444438999,0.7977910437182193,0.4961423703474239,13.138211250305176,True,,,,,weak,/home/zsh/ConceptSkillCDM/results/crg_lcrf_core3_final_20260520/crg_support_controls/assist_09/crg_support_corruption_control.csv,auc_bce,0.002686160470888,0.0026042593703951,high_seq_support
assist_09,sequence_shuffled_support,0.25,43,high_crg_mass,12637,0.7511652601044291,0.0005775813741363,0.5044830855288073,0.0002640085262477,0.7517428414785654,0.5042190770025595,13.138211250305176,True,,,,,weak,/home/zsh/ConceptSkillCDM/results/crg_lcrf_core3_final_20260520/crg_support_controls/assist_09/crg_support_corruption_control.csv,auc_bce,0.0006803822263594,8.291704958807156e-05,high_crg_mass
assist_09,sequence_shuffled_support,0.25,43,short_history,25670,0.7827678773965216,0.0001342486990545,0.5472335054488785,-0.0007690774093151,0.7829021260955762,0.5480025828581937,13.138211250305176,True,,,,,weak,/home/zsh/ConceptSkillCDM/results/crg_lcrf_core3_final_20260520/crg_support_controls/assist_09/crg_support_corruption_control.csv,auc_bce,0.0037615734691939,0.0019587840298085,short_history
assist_09,sequence_shuffled_support,0.25,43,long_history,25420,0.7571013741475651,0.0005146119708948,0.513094987261141,-0.0001034905419247,0.7576159861184599,0.5131984778030657,13.138211250305176,True,,,,,weak,/home/zsh/ConceptSkillCDM/results/crg_lcrf_core3_final_20260520/crg_support_controls/assist_09/crg_support_corruption_control.csv,auc_bce,0.0016999106497479,0.0007654200902869,long_history
assist_09,sequence_shuffled_support,0.25,44,all,51090,0.7743014769664123,0.0006610346040792,0.5307314486461271,4.576440804204829e-05,0.7749625115704916,0.530685684238085,13.07317066192627,True,,,,,weak,/home/zsh/ConceptSkillCDM/results/crg_lcrf_core3_final_20260520/crg_support_controls/assist_09/crg_support_corruption_control.csv,auc_bce,0.0014558544112397,0.00147160517231,all
assist_09,sequence_shuffled_support,0.25,44,graph_hits_history,50529,0.7740254738531589,0.0007089246197187,0.530549967286001,6.829512992789777e-05,0.7747343984728776,0.5304816721560731,13.07317066192627,True,,,,,weak,/home/zsh/ConceptSkillCDM/results/crg_lcrf_core3_final_20260520/crg_support_controls/assist_09/crg_support_corruption_control.csv,auc_bce,0.0014425366740226,0.0014885282077646,direct_unseen_bridgeable
assist_09,sequence_shuffled_support,0.25,44,high_support_mass,12637,0.7512565616274884,0.0004862798510769,0.5042650507359207,4.597373336112653e-05,0.7517428414785654,0.5042190770025595,13.07317066192627,True,,,,,weak,/home/zsh/ConceptSkillCDM/results/crg_lcrf_core3_final_20260520/crg_support_controls/assist_09/crg_support_corruption_control.csv,auc_bce,3.982233441934824e-05,5.0503055981643286e-06,high_crg_mass
assist_09,sequence_shuffled_support,0.25,44,query_seq_top5_q4_high,12141,0.7980864112971187,-0.0002953675788993,0.4958177102890834,-0.0003246600583404,0.7977910437182193,0.4961423703474239,13.07317066192627,True,,,,,weak,/home/zsh/ConceptSkillCDM/results/crg_lcrf_core3_final_20260520/crg_support_controls/assist_09/crg_support_corruption_control.csv,auc_bce,0.0028742546935434,0.0020971416233482,high_seq_support
assist_09,sequence_shuffled_support,0.25,44,multi_concept,8419,0.751828654697697,-0.0001119831678678,0.5484234737426785,-0.0001703615432363,0.7517166715298291,0.5485938352859149,13.07317066192627,True,,,,,weak,/home/zsh/ConceptSkillCDM/results/crg_lcrf_core3_final_20260520/crg_support_controls/assist_09/crg_support_corruption_control.csv,auc_bce,0.0001018903976078,-1.5471257509669378e-05,direct_seen
assist_09,sequence_shuffled_support,0.25,44,direct_seen,49506,0.7718449503351772,0.000732427003905,0.5351059358160916,6.51458205569444e-05,0.7725773773390823,0.5350407899955346,13.07317066192627,True,,,,,weak,/home/zsh/ConceptSkillCDM/results/crg_lcrf_core3_final_20260520/crg_support_controls/assist_09/crg_support_corruption_control.csv,auc_bce,0.0014208581267072,0.0014491406752605,direct_seen
assist_09,sequence_shuffled_support,0.25,44,direct_unseen,1584,0.8198294635688911,-0.0017922774936595,0.3940121545575768,-0.0005599781474958,0.8180371860752316,0.3945721327050726,13.07317066192627,True,,,,,weak,/home/zsh/ConceptSkillCDM/results/crg_lcrf_core3_final_20260520/crg_support_controls/assist_09/crg_support_corruption_control.csv,auc_bce,0.0045396179257212,0.0021737057978958,direct_unseen
assist_09,sequence_shuffled_support,0.25,44,direct_unseen_bridgeable,1584,0.8198294635688911,-0.0017922774936595,0.3940121545575768,-0.0005599781474958,0.8180371860752316,0.3945721327050726,13.07317066192627,True,,,,,weak,/home/zsh/ConceptSkillCDM/results/crg_lcrf_core3_final_20260520/crg_support_controls/assist_09/crg_support_corruption_control.csv,auc_bce,0.0045396179257212,0.0021737057978958,direct_unseen_bridgeable
assist_09,sequence_shuffled_support,0.25,44,high_seq_support,12141,0.7980864112971187,-0.0002953675788993,0.4958177102890834,-0.0003246600583404,0.7977910437182193,0.4961423703474239,13.07317066192627,True,,,,,weak,/home/zsh/ConceptSkillCDM/results/crg_lcrf_core3_final_20260520/crg_support_controls/assist_09/crg_support_corruption_control.csv,auc_bce,0.0028742546935434,0.0020971416233482,high_seq_support
assist_09,sequence_shuffled_support,0.25,44,high_crg_mass,12637,0.7512565616274884,0.0004862798510769,0.5042650507359207,4.597373336112653e-05,0.7517428414785654,0.5042190770025595,13.07317066192627,True,,,,,weak,/home/zsh/ConceptSkillCDM/results/crg_lcrf_core3_final_20260520/crg_support_controls/assist_09/crg_support_corruption_control.csv,auc_bce,3.982233441934824e-05,5.0503055981643286e-06,high_crg_mass
assist_09,sequence_shuffled_support,0.25,44,short_history,25670,0.7824254042744316,0.0004767218211445,0.5477514992989209,-0.0002510835592728,0.7829021260955762,0.5480025828581937,13.07317066192627,True,,,,,weak,/home/zsh/ConceptSkillCDM/results/crg_lcrf_core3_final_20260520/crg_support_controls/assist_09/crg_support_corruption_control.csv,auc_bce,0.0021152359883593,0.0020702886268599,short_history
assist_09,sequence_shuffled_support,0.25,44,long_history,25420,0.7567227550286499,0.0008932310898099,0.5135440096116182,0.0003455318085524,0.7576159861184599,0.5131984778030657,13.07317066192627,True,,,,,weak,/home/zsh/ConceptSkillCDM/results/crg_lcrf_core3_final_20260520/crg_support_controls/assist_09/crg_support_corruption_control.csv,auc_bce,0.0006732765812548,0.0008670338002294,long_history
assist_09,sequence_shuffled_support,0.25,45,all,51090,0.77412309385004,0.0008394177204515,0.5312547956873479,0.0005691114492628,0.7749625115704916,0.530685684238085,13.105690956115724,True,,,,,weak,/home/zsh/ConceptSkillCDM/results/crg_lcrf_core3_final_20260520/crg_support_controls/assist_09/crg_support_corruption_control.csv,auc_bce,0.0009964443421105,0.0014281152637599,all
assist_09,sequence_shuffled_support,0.25,45,graph_hits_history,50529,0.7739337228640168,0.0008006756088607,0.5310003724882046,0.0005187003321315,0.7747343984728776,0.5304816721560731,13.105690956115724,True,,,,,weak,/home/zsh/ConceptSkillCDM/results/crg_lcrf_core3_final_20260520/crg_support_controls/assist_09/crg_support_corruption_control.csv,auc_bce,0.000969141068547,0.0013873517529308,direct_unseen_bridgeable
assist_09,sequence_shuffled_support,0.25,45,high_support_mass,12637,0.7504882646667956,0.0012545768117697,0.5046032823067819,0.0003842053042223,0.7517428414785654,0.5042190770025595,13.105690956115724,True,,,,,weak,/home/zsh/ConceptSkillCDM/results/crg_lcrf_core3_final_20260520/crg_support_controls/assist_09/crg_support_corruption_control.csv,auc_bce,6.15922973012939e-06,0.0002777274092624,high_crg_mass
assist_09,sequence_shuffled_support,0.25,45,query_seq_top5_q4_high,12141,0.7966635282105067,0.0011275155077126,0.4965425544425477,0.0004001840951237,0.7977910437182193,0.4961423703474239,13.105690956115724,True,,,,,weak,/home/zsh/ConceptSkillCDM/results/crg_lcrf_core3_final_20260520/crg_support_controls/assist_09/crg_support_corruption_control.csv,auc_bce,0.0001640595190247,0.0009166592873213,high_seq_support
assist_09,sequence_shuffled_support,0.25,45,multi_concept,8419,0.7517463287470543,-2.965721722514303e-05,0.5483921558995097,-0.0002016793864051,0.7517166715298291,0.5485938352859149,13.105690956115724,True,,,,,weak,/home/zsh/ConceptSkillCDM/results/crg_lcrf_core3_final_20260520/crg_support_controls/assist_09/crg_support_corruption_control.csv,auc_bce,0.0008186634141238,-5.161468225822752e-06,direct_seen
assist_09,sequence_shuffled_support,0.25,45,direct_seen,49506,0.7718199129765864,0.0007574643624959,0.535563603399807,0.0005228134042724,0.7725773773390823,0.5350407899955346,13.105690956115724,True,,,,,weak,/home/zsh/ConceptSkillCDM/results/crg_lcrf_core3_final_20260520/crg_support_controls/assist_09/crg_support_corruption_control.csv,auc_bce,0.0008706986112529,0.0013854101718383,direct_seen
assist_09,sequence_shuffled_support,0.25,45,direct_unseen,1584,0.8157023149841764,0.0023348710910551,0.3965882334316636,0.0020161007265909,0.8180371860752316,0.3945721327050726,13.105690956115724,True,,,,,weak,/home/zsh/ConceptSkillCDM/results/crg_lcrf_core3_final_20260520/crg_support_controls/assist_09/crg_support_corruption_control.csv,auc_bce,0.0067541854589827,0.0027628111480237,direct_unseen
assist_09,sequence_shuffled_support,0.25,45,direct_unseen_bridgeable,1584,0.8157023149841764,0.0023348710910551,0.3965882334316636,0.0020161007265909,0.8180371860752316,0.3945721327050726,13.105690956115724,True,,,,,weak,/home/zsh/ConceptSkillCDM/results/crg_lcrf_core3_final_20260520/crg_support_controls/assist_09/crg_support_corruption_control.csv,auc_bce,0.0067541854589827,0.0027628111480237,direct_unseen_bridgeable
assist_09,sequence_shuffled_support,0.25,45,high_seq_support,12141,0.7966635282105067,0.0011275155077126,0.4965425544425477,0.0004001840951237,0.7977910437182193,0.4961423703474239,13.105690956115724,True,,,,,weak,/home/zsh/ConceptSkillCDM/results/crg_lcrf_core3_final_20260520/crg_support_controls/assist_09/crg_support_corruption_control.csv,auc_bce,0.0001640595190247,0.0009166592873213,high_seq_support
assist_09,sequence_shuffled_support,0.25,45,high_crg_mass,12637,0.7504882646667956,0.0012545768117697,0.5046032823067819,0.0003842053042223,0.7517428414785654,0.5042190770025595,13.105690956115724,True,,,,,weak,/home/zsh/ConceptSkillCDM/results/crg_lcrf_core3_final_20260520/crg_support_controls/assist_09/crg_support_corruption_control.csv,auc_bce,6.15922973012939e-06,0.0002777274092624,high_crg_mass
assist_09,sequence_shuffled_support,0.25,45,short_history,25670,0.7822158191365632,0.0006863069590129,0.5485039440493513,0.0005013611911576,0.7829021260955762,0.5480025828581937,13.105690956115724,True,,,,,weak,/home/zsh/ConceptSkillCDM/results/crg_lcrf_core3_final_20260520/crg_support_controls/assist_09/crg_support_corruption_control.csv,auc_bce,0.0013713711105671,0.0015037321901144,short_history
assist_09,sequence_shuffled_support,0.25,45,long_history,25420,0.7564317505317024,0.0011842355867575,0.5138360058190307,0.0006375280159649,0.7576159861184599,0.5131984778030657,13.105690956115724,True,,,,,weak,/home/zsh/ConceptSkillCDM/results/crg_lcrf_core3_final_20260520/crg_support_controls/assist_09/crg_support_corruption_control.csv,auc_bce,0.0007836421280354,0.0013517546618908,long_history
assist_09,sequence_shuffled_support,0.25,46,all,51090,0.7740865819869516,0.0008759295835399,0.5303545649691672,-0.0003311192689178,0.7749625115704916,0.530685684238085,13.14634132385254,True,,,,,weak,/home/zsh/ConceptSkillCDM/results/crg_lcrf_core3_final_20260520/crg_support_controls/assist_09/crg_support_corruption_control.csv,auc_bce,0.0023059661721147,0.0019669394003306,all
assist_09,sequence_shuffled_support,0.25,46,graph_hits_history,50529,0.7738506641658315,0.0008837343070461,0.5301468476863977,-0.0003348244696753,0.7747343984728776,0.5304816721560731,13.14634132385254,True,,,,,weak,/home/zsh/ConceptSkillCDM/results/crg_lcrf_core3_final_20260520/crg_support_controls/assist_09/crg_support_corruption_control.csv,auc_bce,0.0023761020054491,0.0020446899594341,direct_unseen_bridgeable
assist_09,sequence_shuffled_support,0.25,46,high_support_mass,12637,0.7514811766063192,0.0002616648722462,0.5040138684669166,-0.0002052085356428,0.7517428414785654,0.5042190770025595,13.14634132385254,True,,,,,weak,/home/zsh/ConceptSkillCDM/results/crg_lcrf_core3_final_20260520/crg_support_controls/assist_09/crg_support_corruption_control.csv,auc_bce,0.0016606291512972,0.0022558634348557,high_crg_mass
assist_09,sequence_shuffled_support,0.25,46,query_seq_top5_q4_high,12141,0.7972285584834169,0.0005624852348024,0.4970331088035193,0.0008907384560953,0.7977910437182193,0.4961423703474239,13.14634132385254,True,,,,,weak,/home/zsh/ConceptSkillCDM/results/crg_lcrf_core3_final_20260520/crg_support_controls/assist_09/crg_support_corruption_control.csv,auc_bce,0.0022071524860218,0.0029697034513332,high_seq_support
assist_09,sequence_shuffled_support,0.25,46,multi_concept,8419,0.7517495584335374,-3.288690370828462e-05,0.5484452003978934,-0.0001486348880215,0.7517166715298291,0.5485938352859149,13.14634132385254,True,,,,,weak,/home/zsh/ConceptSkillCDM/results/crg_lcrf_core3_final_20260520/crg_support_controls/assist_09/crg_support_corruption_control.csv,auc_bce,0.0029296361869972,0.005604682618591,direct_seen
assist_09,sequence_shuffled_support,0.25,46,direct_seen,49506,0.7717883693566949,0.0007890079823873,0.534640439688883,-0.0004003503066516,0.7725773773390823,0.5350407899955346,13.14634132385254,True,,,,,weak,/home/zsh/ConceptSkillCDM/results/crg_lcrf_core3_final_20260520/crg_support_controls/assist_09/crg_support_corruption_control.csv,auc_bce,0.002197628915965,0.0018502885178837,direct_seen
assist_09,sequence_shuffled_support,0.25,46,direct_unseen,1584,0.8148528245556748,0.0031843615195568,0.3964047456041081,0.0018326128990355,0.8180371860752316,0.3945721327050726,13.14634132385254,True,,,,,weak,/home/zsh/ConceptSkillCDM/results/crg_lcrf_core3_final_20260520/crg_support_controls/assist_09/crg_support_corruption_control.csv,auc_bce,0.0100686712349284,0.0056127213361988,direct_unseen
assist_09,sequence_shuffled_support,0.25,46,direct_unseen_bridgeable,1584,0.8148528245556748,0.0031843615195568,0.3964047456041081,0.0018326128990355,0.8180371860752316,0.3945721327050726,13.14634132385254,True,,,,,weak,/home/zsh/ConceptSkillCDM/results/crg_lcrf_core3_final_20260520/crg_support_controls/assist_09/crg_support_corruption_control.csv,auc_bce,0.0100686712349284,0.0056127213361988,direct_unseen_bridgeable
assist_09,sequence_shuffled_support,0.25,46,high_seq_support,12141,0.7972285584834169,0.0005624852348024,0.4970331088035193,0.0008907384560953,0.7977910437182193,0.4961423703474239,13.14634132385254,True,,,,,weak,/home/zsh/ConceptSkillCDM/results/crg_lcrf_core3_final_20260520/crg_support_controls/assist_09/crg_support_corruption_control.csv,auc_bce,0.0022071524860218,0.0029697034513332,high_seq_support
assist_09,sequence_shuffled_support,0.25,46,high_crg_mass,12637,0.7514811766063192,0.0002616648722462,0.5040138684669166,-0.0002052085356428,0.7517428414785654,0.5042190770025595,13.14634132385254,True,,,,,weak,/home/zsh/ConceptSkillCDM/results/crg_lcrf_core3_final_20260520/crg_support_controls/assist_09/crg_support_corruption_control.csv,auc_bce,0.0016606291512972,0.0022558634348557,high_crg_mass
assist_09,sequence_shuffled_support,0.25,46,short_history,25670,0.7818651466719299,0.0010369794236463,0.5479325943910786,-6.998846711514517e-05,0.7829021260955762,0.5480025828581937,13.14634132385254,True,,,,,weak,/home/zsh/ConceptSkillCDM/results/crg_lcrf_core3_final_20260520/crg_support_controls/assist_09/crg_support_corruption_control.csv,auc_bce,0.0029356578056236,0.0021242610585355,short_history
assist_09,sequence_shuffled_support,0.25,46,long_history,25420,0.7571431212463848,0.000472864872075,0.5126036595694636,-0.000594818233602,0.7576159861184599,0.5131984778030657,13.14634132385254,True,,,,,weak,/home/zsh/ConceptSkillCDM/results/crg_lcrf_core3_final_20260520/crg_support_controls/assist_09/crg_support_corruption_control.csv,auc_bce,0.0017889012597118,0.0018080705188942,long_history
assist_09,sequence_shuffled_support,0.5,42,all,51090,0.7739128403248605,0.001049671245631,0.5297424372630541,-0.0009432469750308,0.7749625115704916,0.530685684238085,13.268292427062988,True,,,,,weak,/home/zsh/ConceptSkillCDM/results/crg_lcrf_core3_final_20260520/crg_support_controls/assist_09/crg_support_corruption_control.csv,auc_bce,0.0039838309796692,0.0021704244559527,all
assist_09,sequence_shuffled_support,0.5,42,graph_hits_history,50529,0.7736793717672447,0.0010550267056329,0.5295484468785464,-0.0009332252775267,0.7747343984728776,0.5304816721560731,13.268292427062988,True,,,,,weak,/home/zsh/ConceptSkillCDM/results/crg_lcrf_core3_final_20260520/crg_support_controls/assist_09/crg_support_corruption_control.csv,auc_bce,0.0041043430191547,0.0022818583591399,direct_unseen_bridgeable
assist_09,sequence_shuffled_support,0.5,42,high_support_mass,12637,0.7512932334607669,0.0004496080177984,0.5038631593382672,-0.0003559176642923,0.7517428414785654,0.5042190770025595,13.268292427062988,True,,,,,weak,/home/zsh/ConceptSkillCDM/results/crg_lcrf_core3_final_20260520/crg_support_controls/assist_09/crg_support_corruption_control.csv,auc_bce,0.0049070945568097,0.0037259042348247,high_crg_mass
assist_09,sequence_shuffled_support,0.5,42,query_seq_top5_q4_high,12141,0.7967642003741587,0.0010268433440605,0.4963050153721796,0.0001626450247556,0.7977910437182193,0.4961423703474239,13.268292427062988,True,,,,,weak,/home/zsh/ConceptSkillCDM/results/crg_lcrf_core3_final_20260520/crg_support_controls/assist_09/crg_support_corruption_control.csv,auc_bce,0.0025740992617034,0.0048566965676506,high_seq_support
assist_09,sequence_shuffled_support,0.5,42,multi_concept,8419,0.7514756872307016,0.0002409842991275,0.5482959019708078,-0.000297933315107,0.7517166715298291,0.5485938352859149,13.268292427062988,True,,,,,weak,/home/zsh/ConceptSkillCDM/results/crg_lcrf_core3_final_20260520/crg_support_controls/assist_09/crg_support_corruption_control.csv,auc_bce,0.0049665124988245,0.0074466428125092,direct_seen
assist_09,sequence_shuffled_support,0.5,42,direct_seen,49506,0.7715554171890652,0.001021960150017,0.5340715361736179,-0.0009692538219167,0.7725773773390823,0.5350407899955346,13.268292427062988,True,,,,,weak,/home/zsh/ConceptSkillCDM/results/crg_lcrf_core3_final_20260520/crg_support_controls/assist_09/crg_support_corruption_control.csv,auc_bce,0.0040004000627782,0.0021448161015175,direct_seen
assist_09,sequence_shuffled_support,0.5,42,direct_unseen,1584,0.8176026201623853,0.0004345659128462,0.3944416982060034,-0.0001304344990691,0.8180371860752316,0.3945721327050726,13.268292427062988,True,,,,,weak,/home/zsh/ConceptSkillCDM/results/crg_lcrf_core3_final_20260520/crg_support_controls/assist_09/crg_support_corruption_control.csv,auc_bce,0.0059758950952977,0.0029707825333979,direct_unseen
assist_09,sequence_shuffled_support,0.5,42,direct_unseen_bridgeable,1584,0.8176026201623853,0.0004345659128462,0.3944416982060034,-0.0001304344990691,0.8180371860752316,0.3945721327050726,13.268292427062988,True,,,,,weak,/home/zsh/ConceptSkillCDM/results/crg_lcrf_core3_final_20260520/crg_support_controls/assist_09/crg_support_corruption_control.csv,auc_bce,0.0059758950952977,0.0029707825333979,direct_unseen_bridgeable
assist_09,sequence_shuffled_support,0.5,42,high_seq_support,12141,0.7967642003741587,0.0010268433440605,0.4963050153721796,0.0001626450247556,0.7977910437182193,0.4961423703474239,13.268292427062988,True,,,,,weak,/home/zsh/ConceptSkillCDM/results/crg_lcrf_core3_final_20260520/crg_support_controls/assist_09/crg_support_corruption_control.csv,auc_bce,0.0025740992617034,0.0048566965676506,high_seq_support
assist_09,sequence_shuffled_support,0.5,42,high_crg_mass,12637,0.7512932334607669,0.0004496080177984,0.5038631593382672,-0.0003559176642923,0.7517428414785654,0.5042190770025595,13.268292427062988,True,,,,,weak,/home/zsh/ConceptSkillCDM/results/crg_lcrf_core3_final_20260520/crg_support_controls/assist_09/crg_support_corruption_control.csv,auc_bce,0.0049070945568097,0.0037259042348247,high_crg_mass
assist_09,sequence_shuffled_support,0.5,42,short_history,25670,0.7821053845404338,0.0007967415551424,0.5464460571408623,-0.0015565257173314,0.7829021260955762,0.5480025828581937,13.268292427062988,True,,,,,weak,/home/zsh/ConceptSkillCDM/results/crg_lcrf_core3_final_20260520/crg_support_controls/assist_09/crg_support_corruption_control.csv,auc_bce,0.0031869694072556,0.001130388174078,short_history
assist_09,sequence_shuffled_support,0.5,42,long_history,25420,0.7561966149172283,0.0014193712012315,0.5128745410292487,-0.000323936773817,0.7576159861184599,0.5131984778030657,13.268292427062988,True,,,,,weak,/home/zsh/ConceptSkillCDM/results/crg_lcrf_core3_final_20260520/crg_support_controls/assist_09/crg_support_corruption_control.csv,auc_bce,0.0054502771432083,0.0032206892614494,long_history
assist_09,sequence_shuffled_support,0.5,43,all,51090,0.7737861167568385,0.001176394813653,0.53013524872241,-0.000550435515675,0.7749625115704916,0.530685684238085,13.203251838684082,True,,,,,weak,/home/zsh/ConceptSkillCDM/results/crg_lcrf_core3_final_20260520/crg_support_controls/assist_09/crg_support_corruption_control.csv,auc_bce,0.0054432068179661,0.0029584933276068,all
assist_09,sequence_shuffled_support,0.5,43,graph_hits_history,50529,0.7735628948936532,0.0011715035792244,0.529933557401752,-0.0005481147543211,0.7747343984728776,0.5304816721560731,13.203251838684082,True,,,,,weak,/home/zsh/ConceptSkillCDM/results/crg_lcrf_core3_final_20260520/crg_support_controls/assist_09/crg_support_corruption_control.csv,auc_bce,0.0054705540905807,0.0029933274745025,direct_unseen_bridgeable
assist_09,sequence_shuffled_support,0.5,43,high_support_mass,12637,0.7508234779881732,0.0009193634903922,0.5040866213201567,-0.0001324556824028,0.7517428414785654,0.5042190770025595,13.203251838684082,True,,,,,weak,/home/zsh/ConceptSkillCDM/results/crg_lcrf_core3_final_20260520/crg_support_controls/assist_09/crg_support_corruption_control.csv,auc_bce,0.0045465669587664,0.0039463012569557,high_crg_mass
assist_09,sequence_shuffled_support,0.5,43,query_seq_top5_q4_high,12141,0.7968430329295482,0.0009480107886711,0.4960895305954549,-5.283975196901381e-05,0.7977910437182193,0.4961423703474239,13.203251838684082,True,,,,,weak,/home/zsh/ConceptSkillCDM/results/crg_lcrf_core3_final_20260520/crg_support_controls/assist_09/crg_support_corruption_control.csv,auc_bce,0.0062966787825328,0.0109436568093128,high_seq_support
assist_09,sequence_shuffled_support,0.5,43,multi_concept,8419,0.7516591582666868,5.751326314229477e-05,0.5481141159448748,-0.00047971934104,0.7517166715298291,0.5485938352859149,13.203251838684082,True,,,,,weak,/home/zsh/ConceptSkillCDM/results/crg_lcrf_core3_final_20260520/crg_support_controls/assist_09/crg_support_corruption_control.csv,auc_bce,0.0065392455974092,0.0046629556768835,direct_seen
assist_09,sequence_shuffled_support,0.5,43,direct_seen,49506,0.7715927134283234,0.0009846639107589,0.5343394430080969,-0.0007013469874377,0.7725773773390823,0.5350407899955346,13.203251838684082,True,,,,,weak,/home/zsh/ConceptSkillCDM/results/crg_lcrf_core3_final_20260520/crg_support_controls/assist_09/crg_support_corruption_control.csv,auc_bce,0.0053297964212525,0.0028291443968607,direct_seen
assist_09,sequence_shuffled_support,0.5,43,direct_unseen,1584,0.8112682695683557,0.0067689165068758,0.3987382523163445,0.0041661196112718,0.8180371860752316,0.3945721327050726,13.203251838684082,True,,,,,weak,/home/zsh/ConceptSkillCDM/results/crg_lcrf_core3_final_20260520/crg_support_controls/assist_09/crg_support_corruption_control.csv,auc_bce,0.0113650034495205,0.0070011373714902,direct_unseen
assist_09,sequence_shuffled_support,0.5,43,direct_unseen_bridgeable,1584,0.8112682695683557,0.0067689165068758,0.3987382523163445,0.0041661196112718,0.8180371860752316,0.3945721327050726,13.203251838684082,True,,,,,weak,/home/zsh/ConceptSkillCDM/results/crg_lcrf_core3_final_20260520/crg_support_controls/assist_09/crg_support_corruption_control.csv,auc_bce,0.0113650034495205,0.0070011373714902,direct_unseen_bridgeable
assist_09,sequence_shuffled_support,0.5,43,high_seq_support,12141,0.7968430329295482,0.0009480107886711,0.4960895305954549,-5.283975196901381e-05,0.7977910437182193,0.4961423703474239,13.203251838684082,True,,,,,weak,/home/zsh/ConceptSkillCDM/results/crg_lcrf_core3_final_20260520/crg_support_controls/assist_09/crg_support_corruption_control.csv,auc_bce,0.0062966787825328,0.0109436568093128,high_seq_support
assist_09,sequence_shuffled_support,0.5,43,high_crg_mass,12637,0.7508234779881732,0.0009193634903922,0.5040866213201567,-0.0001324556824028,0.7517428414785654,0.5042190770025595,13.203251838684082,True,,,,,weak,/home/zsh/ConceptSkillCDM/results/crg_lcrf_core3_final_20260520/crg_support_controls/assist_09/crg_support_corruption_control.csv,auc_bce,0.0045465669587664,0.0039463012569557,high_crg_mass
assist_09,sequence_shuffled_support,0.5,43,short_history,25670,0.7824013097431566,0.0005008163524196,0.5469017779155014,-0.0011008049426922,0.7829021260955762,0.5480025828581937,13.203251838684082,True,,,,,weak,/home/zsh/ConceptSkillCDM/results/crg_lcrf_core3_final_20260520/crg_support_controls/assist_09/crg_support_corruption_control.csv,auc_bce,0.0060250827607793,0.0030079498162101,short_history
assist_09,sequence_shuffled_support,0.5,43,long_history,25420,0.7557269355516101,0.0018890505668498,0.513203824474312,5.346671246297952e-06,0.7576159861184599,0.5131984778030657,13.203251838684082,True,,,,,weak,/home/zsh/ConceptSkillCDM/results/crg_lcrf_core3_final_20260520/crg_support_controls/assist_09/crg_support_corruption_control.csv,auc_bce,0.0047650954384141,0.002908550445528,long_history
assist_09,sequence_shuffled_support,0.5,44,all,51090,0.7737183260846885,0.001244185485803,0.5298228120930192,-0.0008628721450658,0.7749625115704916,0.530685684238085,13.227642059326172,True,,,,,weak,/home/zsh/ConceptSkillCDM/results/crg_lcrf_core3_final_20260520/crg_support_controls/assist_09/crg_support_corruption_control.csv,auc_bce,0.0055815310338142,0.0058210970254799,all
assist_09,sequence_shuffled_support,0.5,44,graph_hits_history,50529,0.773383210812141,0.0013511876607366,0.5296920215141004,-0.0007896506419726,0.7747343984728776,0.5304816721560731,13.227642059326172,True,,,,,weak,/home/zsh/ConceptSkillCDM/results/crg_lcrf_core3_final_20260520/crg_support_controls/assist_09/crg_support_corruption_control.csv,auc_bce,0.0055797316069428,0.0058500464671341,direct_unseen_bridgeable
assist_09,sequence_shuffled_support,0.5,44,high_support_mass,12637,0.7506868407536982,0.0010560007248672,0.5043126078596865,9.353085712693332e-05,0.7517428414785654,0.5042190770025595,13.227642059326172,True,,,,,weak,/home/zsh/ConceptSkillCDM/results/crg_lcrf_core3_final_20260520/crg_support_controls/assist_09/crg_support_corruption_control.csv,auc_bce,0.01076674313353,0.0099435205137523,high_crg_mass
assist_09,sequence_shuffled_support,0.5,44,query_seq_top5_q4_high,12141,0.7970067265993449,0.0007843171188743,0.4947358726657458,-0.001406497681678,0.7977910437182193,0.4961423703474239,13.227642059326172,True,,,,,weak,/home/zsh/ConceptSkillCDM/results/crg_lcrf_core3_final_20260520/crg_support_controls/assist_09/crg_support_corruption_control.csv,auc_bce,0.0143482726858176,0.0164686347426944,high_seq_support
assist_09,sequence_shuffled_support,0.5,44,multi_concept,8419,0.7517090320791094,7.639450719687524e-06,0.5483451319001016,-0.0002487033858132,0.7517166715298291,0.5485938352859149,13.227642059326172,True,,,,,weak,/home/zsh/ConceptSkillCDM/results/crg_lcrf_core3_final_20260520/crg_support_controls/assist_09/crg_support_corruption_control.csv,auc_bce,0.014081619394615,0.01410168449294,direct_seen
assist_09,sequence_shuffled_support,0.5,44,direct_seen,49506,0.7713944414407206,0.0011829358983617,0.5340843699634792,-0.0009564200320554,0.7725773773390823,0.5350407899955346,13.227642059326172,True,,,,,weak,/home/zsh/ConceptSkillCDM/results/crg_lcrf_core3_final_20260520/crg_support_controls/assist_09/crg_support_corruption_control.csv,auc_bce,0.0054116379592346,0.0057295599929042,direct_seen
assist_09,sequence_shuffled_support,0.5,44,direct_unseen,1584,0.8156335700940087,0.0024036159812228,0.3966329863764869,0.0020608536714142,0.8180371860752316,0.3945721327050726,13.227642059326172,True,,,,,weak,/home/zsh/ConceptSkillCDM/results/crg_lcrf_core3_final_20260520/crg_support_controls/assist_09/crg_support_corruption_control.csv,auc_bce,0.0124821079147465,0.0086819760246478,direct_unseen
assist_09,sequence_shuffled_support,0.5,44,direct_unseen_bridgeable,1584,0.8156335700940087,0.0024036159812228,0.3966329863764869,0.0020608536714142,0.8180371860752316,0.3945721327050726,13.227642059326172,True,,,,,weak,/home/zsh/ConceptSkillCDM/results/crg_lcrf_core3_final_20260520/crg_support_controls/assist_09/crg_support_corruption_control.csv,auc_bce,0.0124821079147465,0.0086819760246478,direct_unseen_bridgeable
assist_09,sequence_shuffled_support,0.5,44,high_seq_support,12141,0.7970067265993449,0.0007843171188743,0.4947358726657458,-0.001406497681678,0.7977910437182193,0.4961423703474239,13.227642059326172,True,,,,,weak,/home/zsh/ConceptSkillCDM/results/crg_lcrf_core3_final_20260520/crg_support_controls/assist_09/crg_support_corruption_control.csv,auc_bce,0.0143482726858176,0.0164686347426944,high_seq_support
assist_09,sequence_shuffled_support,0.5,44,high_crg_mass,12637,0.7506868407536982,0.0010560007248672,0.5043126078596865,9.353085712693332e-05,0.7517428414785654,0.5042190770025595,13.227642059326172,True,,,,,weak,/home/zsh/ConceptSkillCDM/results/crg_lcrf_core3_final_20260520/crg_support_controls/assist_09/crg_support_corruption_control.csv,auc_bce,0.01076674313353,0.0099435205137523,high_crg_mass
assist_09,sequence_shuffled_support,0.5,44,short_history,25670,0.7828010922225339,0.0001010338730422,0.5463504948929612,-0.0016520879652325,0.7829021260955762,0.5480025828581937,13.227642059326172,True,,,,,weak,/home/zsh/ConceptSkillCDM/results/crg_lcrf_core3_final_20260520/crg_support_controls/assist_09/crg_support_corruption_control.csv,auc_bce,0.0046447984900513,0.0048481073915568,short_history
assist_09,sequence_shuffled_support,0.5,44,long_history,25420,0.7552885118475696,0.0023274742708903,0.5131325832387901,-6.5894564275637e-05,0.7576159861184599,0.5131984778030657,13.227642059326172,True,,,,,weak,/home/zsh/ConceptSkillCDM/results/crg_lcrf_core3_final_20260520/crg_support_controls/assist_09/crg_support_corruption_control.csv,auc_bce,0.0070538158556053,0.0068036557942764,long_history
assist_09,sequence_shuffled_support,0.5,45,all,51090,0.773783863897201,0.0011786476732905,0.5307703188019194,8.463456383434043e-05,0.7749625115704916,0.530685684238085,13.154471397399902,True,,,,,weak,/home/zsh/ConceptSkillCDM/results/crg_lcrf_core3_final_20260520/crg_support_controls/assist_09/crg_support_corruption_control.csv,auc_bce,0.0034912708364823,0.0026185511008431,all
assist_09,sequence_shuffled_support,0.5,45,graph_hits_history,50529,0.7735777068300878,0.0011566916427898,0.5305481451380226,6.64729819495058e-05,0.7747343984728776,0.5304816721560731,13.154471397399902,True,,,,,weak,/home/zsh/ConceptSkillCDM/results/crg_lcrf_core3_final_20260520/crg_support_controls/assist_09/crg_support_corruption_control.csv,auc_bce,0.0034644053210781,0.0025880914912591,direct_unseen_bridgeable
assist_09,sequence_shuffled_support,0.5,45,high_support_mass,12637,0.7500572446057276,0.0016855968728377,0.5047083888830118,0.0004893118804523,0.7517428414785654,0.5042190770025595,13.154471397399902,True,,,,,weak,/home/zsh/ConceptSkillCDM/results/crg_lcrf_core3_final_20260520/crg_support_controls/assist_09/crg_support_corruption_control.csv,auc_bce,0.0045102101756019,0.0043658109454278,high_crg_mass
assist_09,sequence_shuffled_support,0.5,45,query_seq_top5_q4_high,12141,0.7967313852890561,0.0010596584291632,0.4945855236840522,-0.0015568466633716,0.7977910437182193,0.4961423703474239,13.154471397399902,True,,,,,weak,/home/zsh/ConceptSkillCDM/results/crg_lcrf_core3_final_20260520/crg_support_controls/assist_09/crg_support_corruption_control.csv,auc_bce,0.0041790957314175,0.0055067824725233,high_seq_support
assist_09,sequence_shuffled_support,0.5,45,multi_concept,8419,0.7517982832228843,-8.161169305520577e-05,0.5482118487625146,-0.0003819865234002,0.7517166715298291,0.5485938352859149,13.154471397399902,True,,,,,weak,/home/zsh/ConceptSkillCDM/results/crg_lcrf_core3_final_20260520/crg_support_controls/assist_09/crg_support_corruption_control.csv,auc_bce,0.0029132393171598,0.0046781912191514,direct_seen
assist_09,sequence_shuffled_support,0.5,45,direct_seen,49506,0.7714275537925033,0.0011498235465789,0.5350912793653377,5.0489369803119466e-05,0.7725773773390823,0.5350407899955346,13.154471397399902,True,,,,,weak,/home/zsh/ConceptSkillCDM/results/crg_lcrf_core3_final_20260520/crg_support_controls/assist_09/crg_support_corruption_control.csv,auc_bce,0.0032696737232853,0.0024815181868019,direct_seen
assist_09,sequence_shuffled_support,0.5,45,direct_unseen,1584,0.8149154315092204,0.0031217545660111,0.3957239339202313,0.0011518012151587,0.8180371860752316,0.3945721327050726,13.154471397399902,True,,,,,weak,/home/zsh/ConceptSkillCDM/results/crg_lcrf_core3_final_20260520/crg_support_controls/assist_09/crg_support_corruption_control.csv,auc_bce,0.0116203416130007,0.0069013487286944,direct_unseen
assist_09,sequence_shuffled_support,0.5,45,direct_unseen_bridgeable,1584,0.8149154315092204,0.0031217545660111,0.3957239339202313,0.0011518012151587,0.8180371860752316,0.3945721327050726,13.154471397399902,True,,,,,weak,/home/zsh/ConceptSkillCDM/results/crg_lcrf_core3_final_20260520/crg_support_controls/assist_09/crg_support_corruption_control.csv,auc_bce,0.0116203416130007,0.0069013487286944,direct_unseen_bridgeable
assist_09,sequence_shuffled_support,0.5,45,high_seq_support,12141,0.7967313852890561,0.0010596584291632,0.4945855236840522,-0.0015568466633716,0.7977910437182193,0.4961423703474239,13.154471397399902,True,,,,,weak,/home/zsh/ConceptSkillCDM/results/crg_lcrf_core3_final_20260520/crg_support_controls/assist_09/crg_support_corruption_control.csv,auc_bce,0.0041790957314175,0.0055067824725233,high_seq_support
assist_09,sequence_shuffled_support,0.5,45,high_crg_mass,12637,0.7500572446057276,0.0016855968728377,0.5047083888830118,0.0004893118804523,0.7517428414785654,0.5042190770025595,13.154471397399902,True,,,,,weak,/home/zsh/ConceptSkillCDM/results/crg_lcrf_core3_final_20260520/crg_support_controls/assist_09/crg_support_corruption_control.csv,auc_bce,0.0045102101756019,0.0043658109454278,high_crg_mass
assist_09,sequence_shuffled_support,0.5,45,short_history,25670,0.7821663267195241,0.000735799376052,0.5478491373452689,-0.0001534455129248,0.7829021260955762,0.5480025828581937,13.154471397399902,True,,,,,weak,/home/zsh/ConceptSkillCDM/results/crg_lcrf_core3_final_20260520/crg_support_controls/assist_09/crg_support_corruption_control.csv,auc_bce,0.0041978594343209,0.0020556419485249,short_history
assist_09,sequence_shuffled_support,0.5,45,long_history,25420,0.7558772009804484,0.0017387851380115,0.5135235339078289,0.0003250561047631,0.7576159861184599,0.5131984778030657,13.154471397399902,True,,,,,weak,/home/zsh/ConceptSkillCDM/results/crg_lcrf_core3_final_20260520/crg_support_controls/assist_09/crg_support_corruption_control.csv,auc_bce,0.0031179511009452,0.0031869963384518,long_history
assist_09,sequence_shuffled_support,0.5,46,all,51090,0.7739843607218138,0.0009781508486778,0.5302084842548999,-0.0004771999831851,0.7749625115704916,0.530685684238085,13.243902206420898,True,,,,,weak,/home/zsh/ConceptSkillCDM/results/crg_lcrf_core3_final_20260520/crg_support_controls/assist_09/crg_support_corruption_control.csv,auc_bce,0.0029547581615448,0.0040366944046573,all
assist_09,sequence_shuffled_support,0.5,46,graph_hits_history,50529,0.7737234414289754,0.0010109570439021,0.5299900222719948,-0.0004916498840783,0.7747343984728776,0.5304816721560731,13.243902206420898,True,,,,,weak,/home/zsh/ConceptSkillCDM/results/crg_lcrf_core3_final_20260520/crg_support_controls/assist_09/crg_support_corruption_control.csv,auc_bce,0.003017641489926,0.0041129528349125,direct_unseen_bridgeable
assist_09,sequence_shuffled_support,0.5,46,high_support_mass,12637,0.7508739805214597,0.0008688609571056,0.5039585016171928,-0.0002605753853667,0.7517428414785654,0.5042190770025595,13.243902206420898,True,,,,,weak,/home/zsh/ConceptSkillCDM/results/crg_lcrf_core3_final_20260520/crg_support_controls/assist_09/crg_support_corruption_control.csv,auc_bce,0.0030081930042364,0.0039153239096381,high_crg_mass
assist_09,sequence_shuffled_support,0.5,46,query_seq_top5_q4_high,12141,0.7986648984590239,-0.0008738547408045,0.4938761181102567,-0.0022662522371671,0.7977910437182193,0.4961423703474239,13.243902206420898,True,,,,,weak,/home/zsh/ConceptSkillCDM/results/crg_lcrf_core3_final_20260520/crg_support_controls/assist_09/crg_support_corruption_control.csv,auc_bce,0.0023524582554896,0.0055052089561214,high_seq_support
assist_09,sequence_shuffled_support,0.5,46,multi_concept,8419,0.7514999409340031,0.000216730595826,0.5483088988632595,-0.0002849364226553,0.7517166715298291,0.5485938352859149,13.243902206420898,True,,,,,weak,/home/zsh/ConceptSkillCDM/results/crg_lcrf_core3_final_20260520/crg_support_controls/assist_09/crg_support_corruption_control.csv,auc_bce,0.0024158675987542,0.0083563932221861,direct_seen
assist_09,sequence_shuffled_support,0.5,46,direct_seen,49506,0.7716867144457579,0.0008906628933244,0.5344905121451438,-0.0005502778503908,0.7725773773390823,0.5350407899955346,13.243902206420898,True,,,,,weak,/home/zsh/ConceptSkillCDM/results/crg_lcrf_core3_final_20260520/crg_support_controls/assist_09/crg_support_corruption_control.csv,auc_bce,0.0027803341962805,0.00396181971727,direct_seen
assist_09,sequence_shuffled_support,0.5,46,direct_unseen,1584,0.8146883278542019,0.0033488582210297,0.3963788928821577,0.001806760177085,0.8180371860752316,0.3945721327050726,13.243902206420898,True,,,,,weak,/home/zsh/ConceptSkillCDM/results/crg_lcrf_core3_final_20260520/crg_support_controls/assist_09/crg_support_corruption_control.csv,auc_bce,0.0126269632190286,0.0063768120017478,direct_unseen
assist_09,sequence_shuffled_support,0.5,46,direct_unseen_bridgeable,1584,0.8146883278542019,0.0033488582210297,0.3963788928821577,0.001806760177085,0.8180371860752316,0.3945721327050726,13.243902206420898,True,,,,,weak,/home/zsh/ConceptSkillCDM/results/crg_lcrf_core3_final_20260520/crg_support_controls/assist_09/crg_support_corruption_control.csv,auc_bce,0.0126269632190286,0.0063768120017478,direct_unseen_bridgeable
assist_09,sequence_shuffled_support,0.5,46,high_seq_support,12141,0.7986648984590239,-0.0008738547408045,0.4938761181102567,-0.0022662522371671,0.7977910437182193,0.4961423703474239,13.243902206420898,True,,,,,weak,/home/zsh/ConceptSkillCDM/results/crg_lcrf_core3_final_20260520/crg_support_controls/assist_09/crg_support_corruption_control.csv,auc_bce,0.0023524582554896,0.0055052089561214,high_seq_support
assist_09,sequence_shuffled_support,0.5,46,high_crg_mass,12637,0.7508739805214597,0.0008688609571056,0.5039585016171928,-0.0002605753853667,0.7517428414785654,0.5042190770025595,13.243902206420898,True,,,,,weak,/home/zsh/ConceptSkillCDM/results/crg_lcrf_core3_final_20260520/crg_support_controls/assist_09/crg_support_corruption_control.csv,auc_bce,0.0030081930042364,0.0039153239096381,high_crg_mass
assist_09,sequence_shuffled_support,0.5,46,short_history,25670,0.7825375788010036,0.0003645472945725,0.5469611166580715,-0.0010414662001222,0.7829021260955762,0.5480025828581937,13.243902206420898,True,,,,,weak,/home/zsh/ConceptSkillCDM/results/crg_lcrf_core3_final_20260520/crg_support_controls/assist_09/crg_support_corruption_control.csv,auc_bce,0.0032845903398144,0.0042086417454483,short_history
assist_09,sequence_shuffled_support,0.5,46,long_history,25420,0.7559405869041937,0.0016753992142661,0.513291093468534,9.261566546825416e-05,0.7576159861184599,0.5131984778030657,13.243902206420898,True,,,,,weak,/home/zsh/ConceptSkillCDM/results/crg_lcrf_core3_final_20260520/crg_support_controls/assist_09/crg_support_corruption_control.csv,auc_bce,0.0028645544293386,0.0038630560003262,long_history
assist_09,sequence_shuffled_support,0.75,42,all,51090,0.7725509930766626,0.0024115184938289,0.5304836726968817,-0.0002020115412033,0.7749625115704916,0.530685684238085,13.341463088989258,True,,,,,weak,/home/zsh/ConceptSkillCDM/results/crg_lcrf_core3_final_20260520/crg_support_controls/assist_09/crg_support_corruption_control.csv,auc_bce,0.0070112261506742,0.0059871766980935,all
assist_09,sequence_shuffled_support,0.75,42,graph_hits_history,50529,0.7722341575844767,0.0025002408884009,0.5303057335534522,-0.0001759386026208,0.7747343984728776,0.5304816721560731,13.341463088989258,True,,,,,weak,/home/zsh/ConceptSkillCDM/results/crg_lcrf_core3_final_20260520/crg_support_controls/assist_09/crg_support_corruption_control.csv,auc_bce,0.0070906583558472,0.0060308363947892,direct_unseen_bridgeable
assist_09,sequence_shuffled_support,0.75,42,high_support_mass,12637,0.7501959139134384,0.0015469275651269,0.5042797938875538,6.071688499431627e-05,0.7517428414785654,0.5042190770025595,13.341463088989258,True,,,,,weak,/home/zsh/ConceptSkillCDM/results/crg_lcrf_core3_final_20260520/crg_support_controls/assist_09/crg_support_corruption_control.csv,auc_bce,0.0084511247950676,0.0078349126625797,high_crg_mass
assist_09,sequence_shuffled_support,0.75,42,query_seq_top5_q4_high,12141,0.7959432665195083,0.0018477771987109,0.4951831816367222,-0.0009591887107017,0.7977910437182193,0.4961423703474239,13.341463088989258,True,,,,,weak,/home/zsh/ConceptSkillCDM/results/crg_lcrf_core3_final_20260520/crg_support_controls/assist_09/crg_support_corruption_control.csv,auc_bce,0.0067927703356975,0.0105160564545528,high_seq_support
assist_09,sequence_shuffled_support,0.75,42,multi_concept,8419,0.7516194703885573,9.720114127187428e-05,0.5481118474852479,-0.0004819878006669,0.7517166715298291,0.5485938352859149,13.341463088989258,True,,,,,weak,/home/zsh/ConceptSkillCDM/results/crg_lcrf_core3_final_20260520/crg_support_controls/assist_09/crg_support_corruption_control.csv,auc_bce,0.0207473196397109,0.0185863998021842,direct_seen
assist_09,sequence_shuffled_support,0.75,42,direct_seen,49506,0.7703527158110608,0.0022246615280214,0.5347041518317917,-0.0003366381637429,0.7725773773390823,0.5350407899955346,13.341463088989258,True,,,,,weak,/home/zsh/ConceptSkillCDM/results/crg_lcrf_core3_final_20260520/crg_support_controls/assist_09/crg_support_corruption_control.csv,auc_bce,0.0069542038363952,0.0059864210009439,direct_seen
assist_09,sequence_shuffled_support,0.75,42,direct_unseen,1584,0.8093851506126888,0.0086520354625427,0.3985777130675539,0.0040055803624813,0.8180371860752316,0.3945721327050726,13.341463088989258,True,,,,,weak,/home/zsh/ConceptSkillCDM/results/crg_lcrf_core3_final_20260520/crg_support_controls/assist_09/crg_support_corruption_control.csv,auc_bce,0.0122562318470526,0.006010795096503,direct_unseen
assist_09,sequence_shuffled_support,0.75,42,direct_unseen_bridgeable,1584,0.8093851506126888,0.0086520354625427,0.3985777130675539,0.0040055803624813,0.8180371860752316,0.3945721327050726,13.341463088989258,True,,,,,weak,/home/zsh/ConceptSkillCDM/results/crg_lcrf_core3_final_20260520/crg_support_controls/assist_09/crg_support_corruption_control.csv,auc_bce,0.0122562318470526,0.006010795096503,direct_unseen_bridgeable
assist_09,sequence_shuffled_support,0.75,42,high_seq_support,12141,0.7959432665195083,0.0018477771987109,0.4951831816367222,-0.0009591887107017,0.7977910437182193,0.4961423703474239,13.341463088989258,True,,,,,weak,/home/zsh/ConceptSkillCDM/results/crg_lcrf_core3_final_20260520/crg_support_controls/assist_09/crg_support_corruption_control.csv,auc_bce,0.0067927703356975,0.0105160564545528,high_seq_support
assist_09,sequence_shuffled_support,0.75,42,high_crg_mass,12637,0.7501959139134384,0.0015469275651269,0.5042797938875538,6.071688499431627e-05,0.7517428414785654,0.5042190770025595,13.341463088989258,True,,,,,weak,/home/zsh/ConceptSkillCDM/results/crg_lcrf_core3_final_20260520/crg_support_controls/assist_09/crg_support_corruption_control.csv,auc_bce,0.0084511247950676,0.0078349126625797,high_crg_mass
assist_09,sequence_shuffled_support,0.75,42,short_history,25670,0.7812650268168533,0.0016370992787229,0.5468319789554592,-0.0011706039027344,0.7829021260955762,0.5480025828581937,13.341463088989258,True,,,,,weak,/home/zsh/ConceptSkillCDM/results/crg_lcrf_core3_final_20260520/crg_support_controls/assist_09/crg_support_corruption_control.csv,auc_bce,0.0060192893660091,0.0055080905231432,short_history
assist_09,sequence_shuffled_support,0.75,42,long_history,25420,0.7542053340970105,0.0034106520214494,0.5139745845120789,0.0007761067090131,0.7576159861184599,0.5131984778030657,13.341463088989258,True,,,,,weak,/home/zsh/ConceptSkillCDM/results/crg_lcrf_core3_final_20260520/crg_support_controls/assist_09/crg_support_corruption_control.csv,auc_bce,0.0087504090548422,0.0064709745781477,long_history
assist_09,sequence_shuffled_support,0.75,43,all,51090,0.7724776125125439,0.0024848990579476,0.531430749481837,0.0007450652437519,0.7749625115704916,0.530685684238085,13.308942794799805,True,,,,,weak,/home/zsh/ConceptSkillCDM/results/crg_lcrf_core3_final_20260520/crg_support_controls/assist_09/crg_support_corruption_control.csv,auc_bce,0.0096512395886789,0.0058328559962865,all
assist_09,sequence_shuffled_support,0.75,43,graph_hits_history,50529,0.7724280934578066,0.002306305015071,0.5310903718578679,0.0006086997017947,0.7747343984728776,0.5304816721560731,13.308942794799805,True,,,,,weak,/home/zsh/ConceptSkillCDM/results/crg_lcrf_core3_final_20260520/crg_support_controls/assist_09/crg_support_corruption_control.csv,auc_bce,0.0098652468921376,0.0059768258302673,direct_unseen_bridgeable
assist_09,sequence_shuffled_support,0.75,43,high_support_mass,12637,0.7491999617403142,0.0025428797382511,0.5053509494395584,0.0011318724369988,0.7517428414785654,0.5042190770025595,13.308942794799805,True,,,,,weak,/home/zsh/ConceptSkillCDM/results/crg_lcrf_core3_final_20260520/crg_support_controls/assist_09/crg_support_corruption_control.csv,auc_bce,0.0145693034953989,0.0107007059777208,high_crg_mass
assist_09,sequence_shuffled_support,0.75,43,query_seq_top5_q4_high,12141,0.7947164149931504,0.0030746287250689,0.4965487384426221,0.0004063680951981,0.7977910437182193,0.4961423703474239,13.308942794799805,True,,,,,weak,/home/zsh/ConceptSkillCDM/results/crg_lcrf_core3_final_20260520/crg_support_controls/assist_09/crg_support_corruption_control.csv,auc_bce,0.0133205862978839,0.0163307282210058,high_seq_support
assist_09,sequence_shuffled_support,0.75,43,multi_concept,8419,0.7516481959654508,6.847556437827862e-05,0.5482351417678327,-0.0003586935180821,0.7517166715298291,0.5485938352859149,13.308942794799805,True,,,,,weak,/home/zsh/ConceptSkillCDM/results/crg_lcrf_core3_final_20260520/crg_support_controls/assist_09/crg_support_corruption_control.csv,auc_bce,0.0177386803525873,0.0202856527419411,direct_seen
assist_09,sequence_shuffled_support,0.75,43,direct_seen,49506,0.7701432548613157,0.0024341224777665,0.5357522127292846,0.00071142273375,0.7725773773390823,0.5350407899955346,13.308942794799805,True,,,,,weak,/home/zsh/ConceptSkillCDM/results/crg_lcrf_core3_final_20260520/crg_support_controls/assist_09/crg_support_corruption_control.csv,auc_bce,0.009465126403283,0.0056921861247914,direct_seen
assist_09,sequence_shuffled_support,0.75,43,direct_unseen,1584,0.8153143973896584,0.0027227886855731,0.396368653820129,0.0017965211150563,0.8180371860752316,0.3945721327050726,13.308942794799805,True,,,,,weak,/home/zsh/ConceptSkillCDM/results/crg_lcrf_core3_final_20260520/crg_support_controls/assist_09/crg_support_corruption_control.csv,auc_bce,0.0162679872232712,0.0102293223209281,direct_unseen
assist_09,sequence_shuffled_support,0.75,43,direct_unseen_bridgeable,1584,0.8153143973896584,0.0027227886855731,0.396368653820129,0.0017965211150563,0.8180371860752316,0.3945721327050726,13.308942794799805,True,,,,,weak,/home/zsh/ConceptSkillCDM/results/crg_lcrf_core3_final_20260520/crg_support_controls/assist_09/crg_support_corruption_control.csv,auc_bce,0.0162679872232712,0.0102293223209281,direct_unseen_bridgeable
assist_09,sequence_shuffled_support,0.75,43,high_seq_support,12141,0.7947164149931504,0.0030746287250689,0.4965487384426221,0.0004063680951981,0.7977910437182193,0.4961423703474239,13.308942794799805,True,,,,,weak,/home/zsh/ConceptSkillCDM/results/crg_lcrf_core3_final_20260520/crg_support_controls/assist_09/crg_support_corruption_control.csv,auc_bce,0.0133205862978839,0.0163307282210058,high_seq_support
assist_09,sequence_shuffled_support,0.75,43,high_crg_mass,12637,0.7491999617403142,0.0025428797382511,0.5053509494395584,0.0011318724369988,0.7517428414785654,0.5042190770025595,13.308942794799805,True,,,,,weak,/home/zsh/ConceptSkillCDM/results/crg_lcrf_core3_final_20260520/crg_support_controls/assist_09/crg_support_corruption_control.csv,auc_bce,0.0145693034953989,0.0107007059777208,high_crg_mass
assist_09,sequence_shuffled_support,0.75,43,short_history,25670,0.7815262490112989,0.0013758770842773,0.5481288939304447,0.000126311072251,0.7829021260955762,0.5480025828581937,13.308942794799805,True,,,,,weak,/home/zsh/ConceptSkillCDM/results/crg_lcrf_core3_final_20260520/crg_support_controls/assist_09/crg_support_corruption_control.csv,auc_bce,0.0091315787917238,0.0050461640943988,short_history
assist_09,sequence_shuffled_support,0.75,43,long_history,25420,0.7538402901363804,0.0037756959820794,0.5145683825268503,0.0013699047237846,0.7576159861184599,0.5131984778030657,13.308942794799805,True,,,,,weak,/home/zsh/ConceptSkillCDM/results/crg_lcrf_core3_final_20260520/crg_support_controls/assist_09/crg_support_corruption_control.csv,auc_bce,0.0110232697966916,0.0066272848366273,long_history
assist_09,sequence_shuffled_support,0.75,44,all,51090,0.7735508709168641,0.0014116406536274,0.5287140966189773,-0.0019715876191077,0.7749625115704916,0.530685684238085,13.365853309631348,True,,,,,weak,/home/zsh/ConceptSkillCDM/results/crg_lcrf_core3_final_20260520/crg_support_controls/assist_09/crg_support_corruption_control.csv,auc_bce,0.0087596671858908,0.0065659993120242,all
assist_09,sequence_shuffled_support,0.75,44,graph_hits_history,50529,0.773332553115674,0.0014018453572036,0.5285150076409587,-0.0019666645151144,0.7747343984728776,0.5304816721560731,13.365853309631348,True,,,,,weak,/home/zsh/ConceptSkillCDM/results/crg_lcrf_core3_final_20260520/crg_support_controls/assist_09/crg_support_corruption_control.csv,auc_bce,0.008684529327204,0.0065740854032004,direct_unseen_bridgeable
assist_09,sequence_shuffled_support,0.75,44,high_support_mass,12637,0.750678287143101,0.0010645543354643,0.503949021823281,-0.0002700551792784,0.7517428414785654,0.5042190770025595,13.365853309631348,True,,,,,weak,/home/zsh/ConceptSkillCDM/results/crg_lcrf_core3_final_20260520/crg_support_controls/assist_09/crg_support_corruption_control.csv,auc_bce,0.0071749828029894,0.0064204419209923,high_crg_mass
assist_09,sequence_shuffled_support,0.75,44,query_seq_top5_q4_high,12141,0.7984337771858585,-0.0006427334676392,0.4939912642247853,-0.0021511061226386,0.7977910437182193,0.4961423703474239,13.365853309631348,True,,,,,weak,/home/zsh/ConceptSkillCDM/results/crg_lcrf_core3_final_20260520/crg_support_controls/assist_09/crg_support_corruption_control.csv,auc_bce,0.0098195841573159,0.0095629277999416,high_seq_support
assist_09,sequence_shuffled_support,0.75,44,multi_concept,8419,0.7518836525319438,-0.0001669810021146,0.5480848293938465,-0.0005090058920683,0.7517166715298291,0.5485938352859149,13.365853309631348,True,,,,,weak,/home/zsh/ConceptSkillCDM/results/crg_lcrf_core3_final_20260520/crg_support_controls/assist_09/crg_support_corruption_control.csv,auc_bce,0.0064902723706408,0.0115978537217943,direct_seen
assist_09,sequence_shuffled_support,0.75,44,direct_seen,49506,0.771228825462962,0.0013485518761202,0.5329501759669034,-0.0020906140286311,0.7725773773390823,0.5350407899955346,13.365853309631348,True,,,,,weak,/home/zsh/ConceptSkillCDM/results/crg_lcrf_core3_final_20260520/crg_support_controls/assist_09/crg_support_corruption_control.csv,auc_bce,0.0086667322353222,0.0064617648673684,direct_seen
assist_09,sequence_shuffled_support,0.75,44,direct_unseen,1584,0.8170281092945546,0.0010090767806769,0.3963205712411811,0.0017484385361084,0.8180371860752316,0.3945721327050726,13.365853309631348,True,,,,,weak,/home/zsh/ConceptSkillCDM/results/crg_lcrf_core3_final_20260520/crg_support_controls/assist_09/crg_support_corruption_control.csv,auc_bce,0.0170462775869562,0.0098237205349546,direct_unseen
assist_09,sequence_shuffled_support,0.75,44,direct_unseen_bridgeable,1584,0.8170281092945546,0.0010090767806769,0.3963205712411811,0.0017484385361084,0.8180371860752316,0.3945721327050726,13.365853309631348,True,,,,,weak,/home/zsh/ConceptSkillCDM/results/crg_lcrf_core3_final_20260520/crg_support_controls/assist_09/crg_support_corruption_control.csv,auc_bce,0.0170462775869562,0.0098237205349546,direct_unseen_bridgeable
assist_09,sequence_shuffled_support,0.75,44,high_seq_support,12141,0.7984337771858585,-0.0006427334676392,0.4939912642247853,-0.0021511061226386,0.7977910437182193,0.4961423703474239,13.365853309631348,True,,,,,weak,/home/zsh/ConceptSkillCDM/results/crg_lcrf_core3_final_20260520/crg_support_controls/assist_09/crg_support_corruption_control.csv,auc_bce,0.0098195841573159,0.0095629277999416,high_seq_support
assist_09,sequence_shuffled_support,0.75,44,high_crg_mass,12637,0.750678287143101,0.0010645543354643,0.503949021823281,-0.0002700551792784,0.7517428414785654,0.5042190770025595,13.365853309631348,True,,,,,weak,/home/zsh/ConceptSkillCDM/results/crg_lcrf_core3_final_20260520/crg_support_controls/assist_09/crg_support_corruption_control.csv,auc_bce,0.0071749828029894,0.0064204419209923,high_crg_mass
assist_09,sequence_shuffled_support,0.75,44,short_history,25670,0.7828598547085425,4.227138703372102e-05,0.5441602962279837,-0.00384228663021,0.7829021260955762,0.5480025828581937,13.365853309631348,True,,,,,weak,/home/zsh/ConceptSkillCDM/results/crg_lcrf_core3_final_20260520/crg_support_controls/assist_09/crg_support_corruption_control.csv,auc_bce,0.0088596748265027,0.0066361431128878,short_history
assist_09,sequence_shuffled_support,0.75,44,long_history,25420,0.7544720005706619,0.003143985547798,0.5131159871003624,-8.249070270327508e-05,0.7576159861184599,0.5131984778030657,13.365853309631348,True,,,,,weak,/home/zsh/ConceptSkillCDM/results/crg_lcrf_core3_final_20260520/crg_support_controls/assist_09/crg_support_corruption_control.csv,auc_bce,0.0091053687198841,0.0064951656626076,long_history
assist_09,sequence_shuffled_support,0.75,45,all,51090,0.7728443480119975,0.002118163558494,0.5313461873932244,0.0006605031551393,0.7749625115704916,0.530685684238085,13.292682647705078,True,,,,,weak,/home/zsh/ConceptSkillCDM/results/crg_lcrf_core3_final_20260520/crg_support_controls/assist_09/crg_support_corruption_control.csv,auc_bce,0.0086662823550489,0.0058222729223305,all
assist_09,sequence_shuffled_support,0.75,45,graph_hits_history,50529,0.7726638916211013,0.0020705068517763,0.531072156346817,0.0005904841907439,0.7747343984728776,0.5304816721560731,13.292682647705078,True,,,,,weak,/home/zsh/ConceptSkillCDM/results/crg_lcrf_core3_final_20260520/crg_support_controls/assist_09/crg_support_corruption_control.csv,auc_bce,0.008585151283124,0.0057237729698704,direct_unseen_bridgeable
assist_09,sequence_shuffled_support,0.75,45,high_support_mass,12637,0.7492397210647106,0.0025031204138548,0.5048726496002586,0.000653572597699,0.7517428414785654,0.5042190770025595,13.292682647705078,True,,,,,weak,/home/zsh/ConceptSkillCDM/results/crg_lcrf_core3_final_20260520/crg_support_controls/assist_09/crg_support_corruption_control.csv,auc_bce,0.0086354133592967,0.0067469365342722,high_crg_mass
assist_09,sequence_shuffled_support,0.75,45,query_seq_top5_q4_high,12141,0.7974620816362966,0.0003289620819226,0.4942754983392444,-0.0018668720081795,0.7977910437182193,0.4961423703474239,13.292682647705078,True,,,,,weak,/home/zsh/ConceptSkillCDM/results/crg_lcrf_core3_final_20260520/crg_support_controls/assist_09/crg_support_corruption_control.csv,auc_bce,0.0106414564947686,0.0105275136209025,high_seq_support
assist_09,sequence_shuffled_support,0.75,45,multi_concept,8419,0.7515008725743346,0.0002157989554945,0.5483689480233516,-0.0002248872625633,0.7517166715298291,0.5485938352859149,13.292682647705078,True,,,,,weak,/home/zsh/ConceptSkillCDM/results/crg_lcrf_core3_final_20260520/crg_support_controls/assist_09/crg_support_corruption_control.csv,auc_bce,0.0175211423351402,0.0130840735382192,direct_seen
assist_09,sequence_shuffled_support,0.75,45,direct_seen,49506,0.7705449071552898,0.0020324701837924,0.5356343122421572,0.0005935222466225,0.7725773773390823,0.5350407899955346,13.292682647705078,True,,,,,weak,/home/zsh/ConceptSkillCDM/results/crg_lcrf_core3_final_20260520/crg_support_controls/assist_09/crg_support_corruption_control.csv,auc_bce,0.0087146517534483,0.0056899063722383,direct_seen
assist_09,sequence_shuffled_support,0.75,45,direct_unseen,1584,0.8137676373608836,0.0042695487143479,0.397326042966917,0.0027539102618443,0.8180371860752316,0.3945721327050726,13.292682647705078,True,,,,,weak,/home/zsh/ConceptSkillCDM/results/crg_lcrf_core3_final_20260520/crg_support_controls/assist_09/crg_support_corruption_control.csv,auc_bce,0.0123127008639761,0.0099592290011515,direct_unseen
assist_09,sequence_shuffled_support,0.75,45,direct_unseen_bridgeable,1584,0.8137676373608836,0.0042695487143479,0.397326042966917,0.0027539102618443,0.8180371860752316,0.3945721327050726,13.292682647705078,True,,,,,weak,/home/zsh/ConceptSkillCDM/results/crg_lcrf_core3_final_20260520/crg_support_controls/assist_09/crg_support_corruption_control.csv,auc_bce,0.0123127008639761,0.0099592290011515,direct_unseen_bridgeable
assist_09,sequence_shuffled_support,0.75,45,high_seq_support,12141,0.7974620816362966,0.0003289620819226,0.4942754983392444,-0.0018668720081795,0.7977910437182193,0.4961423703474239,13.292682647705078,True,,,,,weak,/home/zsh/ConceptSkillCDM/results/crg_lcrf_core3_final_20260520/crg_support_controls/assist_09/crg_support_corruption_control.csv,auc_bce,0.0106414564947686,0.0105275136209025,high_seq_support
assist_09,sequence_shuffled_support,0.75,45,high_crg_mass,12637,0.7492397210647106,0.0025031204138548,0.5048726496002586,0.000653572597699,0.7517428414785654,0.5042190770025595,13.292682647705078,True,,,,,weak,/home/zsh/ConceptSkillCDM/results/crg_lcrf_core3_final_20260520/crg_support_controls/assist_09/crg_support_corruption_control.csv,auc_bce,0.0086354133592967,0.0067469365342722,high_crg_mass
assist_09,sequence_shuffled_support,0.75,45,short_history,25670,0.7820217818386748,0.0008803442569014,0.5480328800015296,3.029714333591116e-05,0.7829021260955762,0.5480025828581937,13.292682647705078,True,,,,,weak,/home/zsh/ConceptSkillCDM/results/crg_lcrf_core3_final_20260520/crg_support_controls/assist_09/crg_support_corruption_control.csv,auc_bce,0.0098218340544335,0.0063009844664233,short_history
assist_09,sequence_shuffled_support,0.75,45,long_history,25420,0.7540239675696292,0.0035920185488307,0.5144953849048217,0.001296907101756,0.7576159861184599,0.5131984778030657,13.292682647705078,True,,,,,weak,/home/zsh/ConceptSkillCDM/results/crg_lcrf_core3_final_20260520/crg_support_controls/assist_09/crg_support_corruption_control.csv,auc_bce,0.0078272530534886,0.0053388533575443,long_history
assist_09,sequence_shuffled_support,0.75,46,all,51090,0.7724191073099944,0.0025434042604971,0.5296860483997626,-0.0009996358383224,0.7749625115704916,0.530685684238085,13.439023971557615,True,,,,,weak,/home/zsh/ConceptSkillCDM/results/crg_lcrf_core3_final_20260520/crg_support_controls/assist_09/crg_support_corruption_control.csv,auc_bce,0.0093762114402691,0.0069409988000159,all
assist_09,sequence_shuffled_support,0.75,46,graph_hits_history,50529,0.7721349962578146,0.002599402215063,0.5294876683798452,-0.0009940037762279,0.7747343984728776,0.5304816721560731,13.439023971557615,True,,,,,weak,/home/zsh/ConceptSkillCDM/results/crg_lcrf_core3_final_20260520/crg_support_controls/assist_09/crg_support_corruption_control.csv,auc_bce,0.0095227870570233,0.0070284818059481,direct_unseen_bridgeable
assist_09,sequence_shuffled_support,0.75,46,high_support_mass,12637,0.7512708491501618,0.0004719923284035,0.5033351608855249,-0.0008839161170346,0.7517428414785654,0.5042190770025595,13.439023971557615,True,,,,,weak,/home/zsh/ConceptSkillCDM/results/crg_lcrf_core3_final_20260520/crg_support_controls/assist_09/crg_support_corruption_control.csv,auc_bce,0.0101540494241797,0.0088085421256904,high_crg_mass
assist_09,sequence_shuffled_support,0.75,46,query_seq_top5_q4_high,12141,0.7974166367995841,0.0003744069186352,0.4933794871314965,-0.0027628832159274,0.7977910437182193,0.4961423703474239,13.439023971557615,True,,,,,weak,/home/zsh/ConceptSkillCDM/results/crg_lcrf_core3_final_20260520/crg_support_controls/assist_09/crg_support_corruption_control.csv,auc_bce,0.0091493006521596,0.0115807201355547,high_seq_support
assist_09,sequence_shuffled_support,0.75,46,multi_concept,8419,0.7516850268132298,3.164471659933277e-05,0.5479627958857997,-0.0006310394001152,0.7517166715298291,0.5485938352859149,13.439023971557615,True,,,,,weak,/home/zsh/ConceptSkillCDM/results/crg_lcrf_core3_final_20260520/crg_support_controls/assist_09/crg_support_corruption_control.csv,auc_bce,0.013509281684187,0.0135036500517468,direct_seen
assist_09,sequence_shuffled_support,0.75,46,direct_seen,49506,0.7702020651379411,0.0023753122011411,0.5338187947807467,-0.0012219952147879,0.7725773773390823,0.5350407899955346,13.439023971557615,True,,,,,weak,/home/zsh/ConceptSkillCDM/results/crg_lcrf_core3_final_20260520/crg_support_controls/assist_09/crg_support_corruption_control.csv,auc_bce,0.0095284061199629,0.0069792732011779,direct_seen
assist_09,sequence_shuffled_support,0.75,46,direct_unseen,1584,0.8112265315993253,0.0068106544759062,0.4005220696516624,0.0059499369465897,0.8180371860752316,0.3945721327050726,13.439023971557615,True,,,,,weak,/home/zsh/ConceptSkillCDM/results/crg_lcrf_core3_final_20260520/crg_support_controls/assist_09/crg_support_corruption_control.csv,auc_bce,0.0095543121459945,0.0057447787849085,direct_unseen
assist_09,sequence_shuffled_support,0.75,46,direct_unseen_bridgeable,1584,0.8112265315993253,0.0068106544759062,0.4005220696516624,0.0059499369465897,0.8180371860752316,0.3945721327050726,13.439023971557615,True,,,,,weak,/home/zsh/ConceptSkillCDM/results/crg_lcrf_core3_final_20260520/crg_support_controls/assist_09/crg_support_corruption_control.csv,auc_bce,0.0095543121459945,0.0057447787849085,direct_unseen_bridgeable
assist_09,sequence_shuffled_support,0.75,46,high_seq_support,12141,0.7974166367995841,0.0003744069186352,0.4933794871314965,-0.0027628832159274,0.7977910437182193,0.4961423703474239,13.439023971557615,True,,,,,weak,/home/zsh/ConceptSkillCDM/results/crg_lcrf_core3_final_20260520/crg_support_controls/assist_09/crg_support_corruption_control.csv,auc_bce,0.0091493006521596,0.0115807201355547,high_seq_support
assist_09,sequence_shuffled_support,0.75,46,high_crg_mass,12637,0.7512708491501618,0.0004719923284035,0.5033351608855249,-0.0008839161170346,0.7517428414785654,0.5042190770025595,13.439023971557615,True,,,,,weak,/home/zsh/ConceptSkillCDM/results/crg_lcrf_core3_final_20260520/crg_support_controls/assist_09/crg_support_corruption_control.csv,auc_bce,0.0101540494241797,0.0088085421256904,high_crg_mass
assist_09,sequence_shuffled_support,0.75,46,short_history,25670,0.782113832444469,0.0007882936511072,0.5458384857549515,-0.0021640971032421,0.7829021260955762,0.5480025828581937,13.439023971557615,True,,,,,weak,/home/zsh/ConceptSkillCDM/results/crg_lcrf_core3_final_20260520/crg_support_controls/assist_09/crg_support_corruption_control.csv,auc_bce,0.0096593035189729,0.0068363389057516,short_history
assist_09,sequence_shuffled_support,0.75,46,long_history,25420,0.753852534544631,0.0037634515738289,0.5133747554450933,0.0001762776420275,0.7576159861184599,0.5131984778030657,13.439023971557615,True,,,,,weak,/home/zsh/ConceptSkillCDM/results/crg_lcrf_core3_final_20260520/crg_support_controls/assist_09/crg_support_corruption_control.csv,auc_bce,0.0096182088706197,0.007046688000872,long_history
assist_09,sequence_shuffled_support,1.0,42,all,51090,0.7714339042167299,0.0035286073537617,0.5296798101227553,-0.0010058741153297,0.7749625115704916,0.530685684238085,13.50406551361084,True,,,,,weak,/home/zsh/ConceptSkillCDM/results/crg_lcrf_core3_final_20260520/crg_support_controls/assist_09/crg_support_corruption_control.csv,auc_bce,0.0160411067337984,0.0081624248155351,all
assist_09,sequence_shuffled_support,1.0,42,graph_hits_history,50529,0.7711678100153326,0.0035665884575449,0.529482650107812,-0.000999022048261,0.7747343984728776,0.5304816721560731,13.50406551361084,True,,,,,weak,/home/zsh/ConceptSkillCDM/results/crg_lcrf_core3_final_20260520/crg_support_controls/assist_09/crg_support_corruption_control.csv,auc_bce,0.0156526191275199,0.0078590563312046,direct_unseen_bridgeable
assist_09,sequence_shuffled_support,1.0,42,high_support_mass,12637,0.7485752016115947,0.0031676398669706,0.5046686611294136,0.000449584126854,0.7517428414785654,0.5042190770025595,13.50406551361084,True,,,,,weak,/home/zsh/ConceptSkillCDM/results/crg_lcrf_core3_final_20260520/crg_support_controls/assist_09/crg_support_corruption_control.csv,auc_bce,0.0133642683140677,0.0090419680474943,high_crg_mass
assist_09,sequence_shuffled_support,1.0,42,query_seq_top5_q4_high,12141,0.7962435492032535,0.0015474945149658,0.4950848277767489,-0.0010575425706749,0.7977910437182193,0.4961423703474239,13.50406551361084,True,,,,,weak,/home/zsh/ConceptSkillCDM/results/crg_lcrf_core3_final_20260520/crg_support_controls/assist_09/crg_support_corruption_control.csv,auc_bce,0.0220942870447954,0.014507212199818,high_seq_support
assist_09,sequence_shuffled_support,1.0,42,multi_concept,8419,0.7514572096974567,0.0002594618323724,0.5481138504185145,-0.0004799848674004,0.7517166715298291,0.5485938352859149,13.50406551361084,True,,,,,weak,/home/zsh/ConceptSkillCDM/results/crg_lcrf_core3_final_20260520/crg_support_controls/assist_09/crg_support_corruption_control.csv,auc_bce,0.0167819478413085,0.0115369842648457,direct_seen
assist_09,sequence_shuffled_support,1.0,42,direct_seen,49506,0.7689871789783564,0.0035901983607258,0.5340478961503198,-0.0009928938452148,0.7725773773390823,0.5350407899955346,13.50406551361084,True,,,,,weak,/home/zsh/ConceptSkillCDM/results/crg_lcrf_core3_final_20260520/crg_support_controls/assist_09/crg_support_corruption_control.csv,auc_bce,0.015980551592158,0.0078621884785442,direct_seen
assist_09,sequence_shuffled_support,1.0,42,direct_unseen,1584,0.8173595578721492,0.0006776282030823,0.3931605759809595,-0.001411556724113,0.8180371860752316,0.3945721327050726,13.50406551361084,True,,,,,weak,/home/zsh/ConceptSkillCDM/results/crg_lcrf_core3_final_20260520/crg_support_controls/assist_09/crg_support_corruption_control.csv,auc_bce,0.023230862527406,0.0175459476053516,direct_unseen
assist_09,sequence_shuffled_support,1.0,42,direct_unseen_bridgeable,1584,0.8173595578721492,0.0006776282030823,0.3931605759809595,-0.001411556724113,0.8180371860752316,0.3945721327050726,13.50406551361084,True,,,,,weak,/home/zsh/ConceptSkillCDM/results/crg_lcrf_core3_final_20260520/crg_support_controls/assist_09/crg_support_corruption_control.csv,auc_bce,0.023230862527406,0.0175459476053516,direct_unseen_bridgeable
assist_09,sequence_shuffled_support,1.0,42,high_seq_support,12141,0.7962435492032535,0.0015474945149658,0.4950848277767489,-0.0010575425706749,0.7977910437182193,0.4961423703474239,13.50406551361084,True,,,,,weak,/home/zsh/ConceptSkillCDM/results/crg_lcrf_core3_final_20260520/crg_support_controls/assist_09/crg_support_corruption_control.csv,auc_bce,0.0220942870447954,0.014507212199818,high_seq_support
assist_09,sequence_shuffled_support,1.0,42,high_crg_mass,12637,0.7485752016115947,0.0031676398669706,0.5046686611294136,0.000449584126854,0.7517428414785654,0.5042190770025595,13.50406551361084,True,,,,,weak,/home/zsh/ConceptSkillCDM/results/crg_lcrf_core3_final_20260520/crg_support_controls/assist_09/crg_support_corruption_control.csv,auc_bce,0.0133642683140677,0.0090419680474943,high_crg_mass
assist_09,sequence_shuffled_support,1.0,42,short_history,25670,0.7801691160128514,0.0027330100827247,0.5452654594579566,-0.0027371234002371,0.7829021260955762,0.5480025828581937,13.50406551361084,True,,,,,weak,/home/zsh/ConceptSkillCDM/results/crg_lcrf_core3_final_20260520/crg_support_controls/assist_09/crg_support_corruption_control.csv,auc_bce,0.0184536640334784,0.0088850095160052,short_history
assist_09,sequence_shuffled_support,1.0,42,long_history,25420,0.7527729004343908,0.0048430856840691,0.5139408794211575,0.0007424016180918,0.7576159861184599,0.5131984778030657,13.50406551361084,True,,,,,weak,/home/zsh/ConceptSkillCDM/results/crg_lcrf_core3_final_20260520/crg_support_controls/assist_09/crg_support_corruption_control.csv,auc_bce,0.014071852253481,0.0074327336565633,long_history
assist_09,sequence_shuffled_support,1.0,43,all,51090,0.7720805526174712,0.0028819589530203,0.5288044169855504,-0.0018812672525346,0.7749625115704916,0.530685684238085,13.373983383178713,True,,,,,weak,/home/zsh/ConceptSkillCDM/results/crg_lcrf_core3_final_20260520/crg_support_controls/assist_09/crg_support_corruption_control.csv,auc_bce,0.0150384510211983,0.0081525090228389,all
assist_09,sequence_shuffled_support,1.0,43,graph_hits_history,50529,0.7719272184332677,0.0028071800396098,0.5285544813505102,-0.0019271908055629,0.7747343984728776,0.5304816721560731,13.373983383178713,True,,,,,weak,/home/zsh/ConceptSkillCDM/results/crg_lcrf_core3_final_20260520/crg_support_controls/assist_09/crg_support_corruption_control.csv,auc_bce,0.0150456985028539,0.0081114215717317,direct_unseen_bridgeable
assist_09,sequence_shuffled_support,1.0,43,high_support_mass,12637,0.7479743852915451,0.0037684561870202,0.5051087066884911,0.0008896296859315,0.7517428414785654,0.5042190770025595,13.373983383178713,True,,,,,weak,/home/zsh/ConceptSkillCDM/results/crg_lcrf_core3_final_20260520/crg_support_controls/assist_09/crg_support_corruption_control.csv,auc_bce,0.0137805282772913,0.0089722420429758,high_crg_mass
assist_09,sequence_shuffled_support,1.0,43,query_seq_top5_q4_high,12141,0.7965340334902837,0.0012570102279355,0.4921555006744714,-0.0039868696729524,0.7977910437182193,0.4961423703474239,13.373983383178713,True,,,,,weak,/home/zsh/ConceptSkillCDM/results/crg_lcrf_core3_final_20260520/crg_support_controls/assist_09/crg_support_corruption_control.csv,auc_bce,0.0139210244134688,0.0089503740512163,high_seq_support
assist_09,sequence_shuffled_support,1.0,43,multi_concept,8419,0.7516055889476153,0.0001110825822138,0.54797124998411,-0.0006225853018049,0.7517166715298291,0.5485938352859149,13.373983383178713,True,,,,,weak,/home/zsh/ConceptSkillCDM/results/crg_lcrf_core3_final_20260520/crg_support_controls/assist_09/crg_support_corruption_control.csv,auc_bce,0.0172206883281739,0.0129996826489877,direct_seen
assist_09,sequence_shuffled_support,1.0,43,direct_seen,49506,0.7699129811045883,0.0026643962344939,0.5328668296680866,-0.0021739603274479,0.7725773773390823,0.5350407899955346,13.373983383178713,True,,,,,weak,/home/zsh/ConceptSkillCDM/results/crg_lcrf_core3_final_20260520/crg_support_controls/assist_09/crg_support_corruption_control.csv,auc_bce,0.0147608345335579,0.0076883064959011,direct_seen
assist_09,sequence_shuffled_support,1.0,43,direct_unseen,1584,0.807418555718961,0.0106186303562705,0.4018386327294675,0.0072665000243949,0.8180371860752316,0.3945721327050726,13.373983383178713,True,,,,,support_dependence_only,/home/zsh/ConceptSkillCDM/results/crg_lcrf_core3_final_20260520/crg_support_controls/assist_09/crg_support_corruption_control.csv,auc_bce,0.02765754241928,0.0226605963325471,direct_unseen
assist_09,sequence_shuffled_support,1.0,43,direct_unseen_bridgeable,1584,0.807418555718961,0.0106186303562705,0.4018386327294675,0.0072665000243949,0.8180371860752316,0.3945721327050726,13.373983383178713,True,,,,,support_dependence_only,/home/zsh/ConceptSkillCDM/results/crg_lcrf_core3_final_20260520/crg_support_controls/assist_09/crg_support_corruption_control.csv,auc_bce,0.02765754241928,0.0226605963325471,direct_unseen_bridgeable
assist_09,sequence_shuffled_support,1.0,43,high_seq_support,12141,0.7965340334902837,0.0012570102279355,0.4921555006744714,-0.0039868696729524,0.7977910437182193,0.4961423703474239,13.373983383178713,True,,,,,weak,/home/zsh/ConceptSkillCDM/results/crg_lcrf_core3_final_20260520/crg_support_controls/assist_09/crg_support_corruption_control.csv,auc_bce,0.0139210244134688,0.0089503740512163,high_seq_support
assist_09,sequence_shuffled_support,1.0,43,high_crg_mass,12637,0.7479743852915451,0.0037684561870202,0.5051087066884911,0.0008896296859315,0.7517428414785654,0.5042190770025595,13.373983383178713,True,,,,,weak,/home/zsh/ConceptSkillCDM/results/crg_lcrf_core3_final_20260520/crg_support_controls/assist_09/crg_support_corruption_control.csv,auc_bce,0.0137805282772913,0.0089722420429758,high_crg_mass
assist_09,sequence_shuffled_support,1.0,43,short_history,25670,0.7819201106284741,0.000982015467102,0.5434819354555147,-0.0045206474026789,0.7829021260955762,0.5480025828581937,13.373983383178713,True,,,,,weak,/home/zsh/ConceptSkillCDM/results/crg_lcrf_core3_final_20260520/crg_support_controls/assist_09/crg_support_corruption_control.csv,auc_bce,0.0168999125216509,0.0094811653125326,short_history
assist_09,sequence_shuffled_support,1.0,43,long_history,25420,0.7523346840710072,0.0052813020474526,0.5139825484126163,0.0007840706095505,0.7576159861184599,0.5131984778030657,13.373983383178713,True,,,,,support_dependence_only,/home/zsh/ConceptSkillCDM/results/crg_lcrf_core3_final_20260520/crg_support_controls/assist_09/crg_support_corruption_control.csv,auc_bce,0.0134074611618338,0.0068107856964645,long_history
assist_09,sequence_shuffled_support,1.0,44,all,51090,0.7691019725354333,0.0058605390350582,0.5299252342313164,-0.0007604500067686,0.7749625115704916,0.530685684238085,13.487804412841797,True,,,,,support_dependence_only,/home/zsh/ConceptSkillCDM/results/crg_lcrf_core3_final_20260520/crg_support_controls/assist_09/crg_support_corruption_control.csv,auc_bce,0.0136438523671695,0.0063855931005943,all
assist_09,sequence_shuffled_support,1.0,44,graph_hits_history,50529,0.7688192896706321,0.0059151088022455,0.5297620761566844,-0.0007195959993887,0.7747343984728776,0.5304816721560731,13.487804412841797,True,,,,,support_dependence_only,/home/zsh/ConceptSkillCDM/results/crg_lcrf_core3_final_20260520/crg_support_controls/assist_09/crg_support_corruption_control.csv,auc_bce,0.0136882845856513,0.006411268618822,direct_unseen_bridgeable
assist_09,sequence_shuffled_support,1.0,44,high_support_mass,12637,0.7466531596281425,0.0050896818504229,0.5062536234829138,0.0020345464803542,0.7517428414785654,0.5042190770025595,13.487804412841797,True,,,,,support_dependence_only,/home/zsh/ConceptSkillCDM/results/crg_lcrf_core3_final_20260520/crg_support_controls/assist_09/crg_support_corruption_control.csv,auc_bce,0.0091343109674425,0.0062901295910873,high_crg_mass
assist_09,sequence_shuffled_support,1.0,44,query_seq_top5_q4_high,12141,0.7930332222275738,0.0047578214906455,0.4945600171340414,-0.0015823532133824,0.7977910437182193,0.4961423703474239,13.487804412841797,True,,,,,weak,/home/zsh/ConceptSkillCDM/results/crg_lcrf_core3_final_20260520/crg_support_controls/assist_09/crg_support_corruption_control.csv,auc_bce,0.0139077584023319,0.0076827319275123,high_seq_support
assist_09,sequence_shuffled_support,1.0,44,multi_concept,8419,0.7517867619374492,-7.009040762007146e-05,0.547773091403688,-0.0008207438822268,0.7517166715298291,0.5485938352859149,13.487804412841797,True,,,,,weak,/home/zsh/ConceptSkillCDM/results/crg_lcrf_core3_final_20260520/crg_support_controls/assist_09/crg_support_corruption_control.csv,auc_bce,0.0119255552296884,0.008622485510182,direct_seen
assist_09,sequence_shuffled_support,1.0,44,direct_seen,49506,0.7669920999167993,0.0055852774222829,0.533814635556889,-0.0012261544386455,0.7725773773390823,0.5350407899955346,13.487804412841797,True,,,,,support_dependence_only,/home/zsh/ConceptSkillCDM/results/crg_lcrf_core3_final_20260520/crg_support_controls/assist_09/crg_support_corruption_control.csv,auc_bce,0.0135225113749327,0.0059585468052041,direct_seen
assist_09,sequence_shuffled_support,1.0,44,direct_unseen,1584,0.8052776434251651,0.0127595426500665,0.4083667102263986,0.0137945775213259,0.8180371860752316,0.3945721327050726,13.487804412841797,True,,,,,support_dependence_only,/home/zsh/ConceptSkillCDM/results/crg_lcrf_core3_final_20260520/crg_support_controls/assist_09/crg_support_corruption_control.csv,auc_bce,0.0268694313569997,0.0197324074311381,direct_unseen
assist_09,sequence_shuffled_support,1.0,44,direct_unseen_bridgeable,1584,0.8052776434251651,0.0127595426500665,0.4083667102263986,0.0137945775213259,0.8180371860752316,0.3945721327050726,13.487804412841797,True,,,,,support_dependence_only,/home/zsh/ConceptSkillCDM/results/crg_lcrf_core3_final_20260520/crg_support_controls/assist_09/crg_support_corruption_control.csv,auc_bce,0.0268694313569997,0.0197324074311381,direct_unseen_bridgeable
assist_09,sequence_shuffled_support,1.0,44,high_seq_support,12141,0.7930332222275738,0.0047578214906455,0.4945600171340414,-0.0015823532133824,0.7977910437182193,0.4961423703474239,13.487804412841797,True,,,,,weak,/home/zsh/ConceptSkillCDM/results/crg_lcrf_core3_final_20260520/crg_support_controls/assist_09/crg_support_corruption_control.csv,auc_bce,0.0139077584023319,0.0076827319275123,high_seq_support
assist_09,sequence_shuffled_support,1.0,44,high_crg_mass,12637,0.7466531596281425,0.0050896818504229,0.5062536234829138,0.0020345464803542,0.7517428414785654,0.5042190770025595,13.487804412841797,True,,,,,support_dependence_only,/home/zsh/ConceptSkillCDM/results/crg_lcrf_core3_final_20260520/crg_support_controls/assist_09/crg_support_corruption_control.csv,auc_bce,0.0091343109674425,0.0062901295910873,high_crg_mass
assist_09,sequence_shuffled_support,1.0,44,short_history,25670,0.7793510236629011,0.003551102432675,0.5434163458190214,-0.0045862370391722,0.7829021260955762,0.5480025828581937,13.487804412841797,True,,,,,weak,/home/zsh/ConceptSkillCDM/results/crg_lcrf_core3_final_20260520/crg_support_controls/assist_09/crg_support_corruption_control.csv,auc_bce,0.0139586174688608,0.0052634919553452,short_history
assist_09,sequence_shuffled_support,1.0,44,long_history,25420,0.7484653869767193,0.0091505991417406,0.5163014405862973,0.0031029627832316,0.7576159861184599,0.5131984778030657,13.487804412841797,True,,,,,support_dependence_only,/home/zsh/ConceptSkillCDM/results/crg_lcrf_core3_final_20260520/crg_support_controls/assist_09/crg_support_corruption_control.csv,auc_bce,0.0142145742522366,0.0075187298589953,long_history
assist_09,sequence_shuffled_support,1.0,45,all,51090,0.7719230436670154,0.0030394679034762,0.5292875970721708,-0.0013980871659142,0.7749625115704916,0.530685684238085,13.430893898010254,True,,,,,weak,/home/zsh/ConceptSkillCDM/results/crg_lcrf_core3_final_20260520/crg_support_controls/assist_09/crg_support_corruption_control.csv,auc_bce,0.0134526393047987,0.0060036546896824,all
assist_09,sequence_shuffled_support,1.0,45,graph_hits_history,50529,0.7716139114601828,0.0031204870126948,0.5291361592543339,-0.0013455129017392,0.7747343984728776,0.5304816721560731,13.430893898010254,True,,,,,weak,/home/zsh/ConceptSkillCDM/results/crg_lcrf_core3_final_20260520/crg_support_controls/assist_09/crg_support_corruption_control.csv,auc_bce,0.0133576655610793,0.0059135948109534,direct_unseen_bridgeable
assist_09,sequence_shuffled_support,1.0,45,high_support_mass,12637,0.7478935276797674,0.003849313798798,0.5055995036690033,0.0013804266664437,0.7517428414785654,0.5042190770025595,13.430893898010254,True,,,,,weak,/home/zsh/ConceptSkillCDM/results/crg_lcrf_core3_final_20260520/crg_support_controls/assist_09/crg_support_corruption_control.csv,auc_bce,0.0103717490530066,0.0076187411900545,high_crg_mass
assist_09,sequence_shuffled_support,1.0,45,query_seq_top5_q4_high,12141,0.7970368853009224,0.0007541584172968,0.4929863628337628,-0.0031560075136611,0.7977910437182193,0.4961423703474239,13.430893898010254,True,,,,,weak,/home/zsh/ConceptSkillCDM/results/crg_lcrf_core3_final_20260520/crg_support_controls/assist_09/crg_support_corruption_control.csv,auc_bce,0.0109015275764106,0.0065982196174916,high_seq_support
assist_09,sequence_shuffled_support,1.0,45,multi_concept,8419,0.7517427264044385,-2.605487460938249e-05,0.5479770662480309,-0.0006167690378839,0.7517166715298291,0.5485938352859149,13.430893898010254,True,,,,,weak,/home/zsh/ConceptSkillCDM/results/crg_lcrf_core3_final_20260520/crg_support_controls/assist_09/crg_support_corruption_control.csv,auc_bce,0.0123621529437907,0.0093585689835982,direct_seen
assist_09,sequence_shuffled_support,1.0,45,direct_seen,49506,0.7695142539172573,0.003063123421825,0.5334988565026342,-0.0015419334929004,0.7725773773390823,0.5350407899955346,13.430893898010254,True,,,,,weak,/home/zsh/ConceptSkillCDM/results/crg_lcrf_core3_final_20260520/crg_support_controls/assist_09/crg_support_corruption_control.csv,auc_bce,0.0133434888843055,0.0054962948015798,direct_seen
assist_09,sequence_shuffled_support,1.0,45,direct_unseen,1584,0.8182115034752997,-0.0001743174000681,0.3976697881299206,0.003097655424848,0.8180371860752316,0.3945721327050726,13.430893898010254,True,,,,,weak,/home/zsh/ConceptSkillCDM/results/crg_lcrf_core3_final_20260520/crg_support_controls/assist_09/crg_support_corruption_control.csv,auc_bce,0.0227619241694758,0.0218605730106367,direct_unseen
assist_09,sequence_shuffled_support,1.0,45,direct_unseen_bridgeable,1584,0.8182115034752997,-0.0001743174000681,0.3976697881299206,0.003097655424848,0.8180371860752316,0.3945721327050726,13.430893898010254,True,,,,,weak,/home/zsh/ConceptSkillCDM/results/crg_lcrf_core3_final_20260520/crg_support_controls/assist_09/crg_support_corruption_control.csv,auc_bce,0.0227619241694758,0.0218605730106367,direct_unseen_bridgeable
assist_09,sequence_shuffled_support,1.0,45,high_seq_support,12141,0.7970368853009224,0.0007541584172968,0.4929863628337628,-0.0031560075136611,0.7977910437182193,0.4961423703474239,13.430893898010254,True,,,,,weak,/home/zsh/ConceptSkillCDM/results/crg_lcrf_core3_final_20260520/crg_support_controls/assist_09/crg_support_corruption_control.csv,auc_bce,0.0109015275764106,0.0065982196174916,high_seq_support
assist_09,sequence_shuffled_support,1.0,45,high_crg_mass,12637,0.7478935276797674,0.003849313798798,0.5055995036690033,0.0013804266664437,0.7517428414785654,0.5042190770025595,13.430893898010254,True,,,,,weak,/home/zsh/ConceptSkillCDM/results/crg_lcrf_core3_final_20260520/crg_support_controls/assist_09/crg_support_corruption_control.csv,auc_bce,0.0103717490530066,0.0076187411900545,high_crg_mass
assist_09,sequence_shuffled_support,1.0,45,short_history,25670,0.7812655175664651,0.001636608529111,0.544360564053657,-0.0036420188045367,0.7829021260955762,0.5480025828581937,13.430893898010254,True,,,,,weak,/home/zsh/ConceptSkillCDM/results/crg_lcrf_core3_final_20260520/crg_support_controls/assist_09/crg_support_corruption_control.csv,auc_bce,0.0150302712206122,0.0050319300587432,short_history
assist_09,sequence_shuffled_support,1.0,45,long_history,25420,0.7528248223047217,0.0047911638137382,0.5140663908402764,0.0008679130372106,0.7576159861184599,0.5131984778030657,13.430893898010254,True,,,,,weak,/home/zsh/ConceptSkillCDM/results/crg_lcrf_core3_final_20260520/crg_support_controls/assist_09/crg_support_corruption_control.csv,auc_bce,0.01240645816837,0.0069849360144742,long_history
assist_09,sequence_shuffled_support,1.0,46,all,51090,0.7666156751508142,0.0083468364196773,0.5331066934879511,0.0024210092498661,0.7749625115704916,0.530685684238085,13.55284595489502,True,,,,,support_dependence_only,/home/zsh/ConceptSkillCDM/results/crg_lcrf_core3_final_20260520/crg_support_controls/assist_09/crg_support_corruption_control.csv,auc_bce,0.0146109992898429,0.0065609905078104,all
assist_09,sequence_shuffled_support,1.0,46,graph_hits_history,50529,0.7663164953616846,0.008417903111193,0.5328887773096577,0.0024071051535845,0.7747343984728776,0.5304816721560731,13.55284595489502,True,,,,,support_dependence_only,/home/zsh/ConceptSkillCDM/results/crg_lcrf_core3_final_20260520/crg_support_controls/assist_09/crg_support_corruption_control.csv,auc_bce,0.0142267487220331,0.006246275537096,direct_unseen_bridgeable
assist_09,sequence_shuffled_support,1.0,46,high_support_mass,12637,0.7459273156703217,0.0058155258082437,0.5060368805498319,0.0018178035472723,0.7517428414785654,0.5042190770025595,13.55284595489502,True,,,,,support_dependence_only,/home/zsh/ConceptSkillCDM/results/crg_lcrf_core3_final_20260520/crg_support_controls/assist_09/crg_support_corruption_control.csv,auc_bce,0.0095334794619774,0.0070773295458255,high_crg_mass
assist_09,sequence_shuffled_support,1.0,46,query_seq_top5_q4_high,12141,0.7922029512643654,0.0055880924538539,0.4970698874021854,0.0009275170547615,0.7977910437182193,0.4961423703474239,13.55284595489502,True,,,,,support_dependence_only,/home/zsh/ConceptSkillCDM/results/crg_lcrf_core3_final_20260520/crg_support_controls/assist_09/crg_support_corruption_control.csv,auc_bce,0.011644853675261,0.0063558018659414,high_seq_support
assist_09,sequence_shuffled_support,1.0,46,multi_concept,8419,0.7517114232892941,5.248240535049575e-06,0.5477790079536792,-0.0008148273322357,0.7517166715298291,0.5485938352859149,13.55284595489502,True,,,,,weak,/home/zsh/ConceptSkillCDM/results/crg_lcrf_core3_final_20260520/crg_support_controls/assist_09/crg_support_corruption_control.csv,auc_bce,0.0105504230454526,0.0069014949858536,direct_seen
assist_09,sequence_shuffled_support,1.0,46,direct_seen,49506,0.7645104248017525,0.0080669525373298,0.537147726774148,0.0021069367786133,0.7725773773390823,0.5350407899955346,13.55284595489502,True,,,,,support_dependence_only,/home/zsh/ConceptSkillCDM/results/crg_lcrf_core3_final_20260520/crg_support_controls/assist_09/crg_support_corruption_control.csv,auc_bce,0.0145208736766716,0.0061494917656956,direct_seen
assist_09,sequence_shuffled_support,1.0,46,direct_unseen,1584,0.805812871498614,0.0122243145766175,0.406809096350035,0.0122369636449624,0.8180371860752316,0.3945721327050726,13.55284595489502,True,,,,,support_dependence_only,/home/zsh/ConceptSkillCDM/results/crg_lcrf_core3_final_20260520/crg_support_controls/assist_09/crg_support_corruption_control.csv,auc_bce,0.023633511169817,0.0194218849062435,direct_unseen
assist_09,sequence_shuffled_support,1.0,46,direct_unseen_bridgeable,1584,0.805812871498614,0.0122243145766175,0.406809096350035,0.0122369636449624,0.8180371860752316,0.3945721327050726,13.55284595489502,True,,,,,support_dependence_only,/home/zsh/ConceptSkillCDM/results/crg_lcrf_core3_final_20260520/crg_support_controls/assist_09/crg_support_corruption_control.csv,auc_bce,0.023633511169817,0.0194218849062435,direct_unseen_bridgeable
assist_09,sequence_shuffled_support,1.0,46,high_seq_support,12141,0.7922029512643654,0.0055880924538539,0.4970698874021854,0.0009275170547615,0.7977910437182193,0.4961423703474239,13.55284595489502,True,,,,,support_dependence_only,/home/zsh/ConceptSkillCDM/results/crg_lcrf_core3_final_20260520/crg_support_controls/assist_09/crg_support_corruption_control.csv,auc_bce,0.011644853675261,0.0063558018659414,high_seq_support
assist_09,sequence_shuffled_support,1.0,46,high_crg_mass,12637,0.7459273156703217,0.0058155258082437,0.5060368805498319,0.0018178035472723,0.7517428414785654,0.5042190770025595,13.55284595489502,True,,,,,support_dependence_only,/home/zsh/ConceptSkillCDM/results/crg_lcrf_core3_final_20260520/crg_support_controls/assist_09/crg_support_corruption_control.csv,auc_bce,0.0095334794619774,0.0070773295458255,high_crg_mass
assist_09,sequence_shuffled_support,1.0,46,short_history,25670,0.7764250278885994,0.0064770982069768,0.5500284816435889,0.0020258987853951,0.7829021260955762,0.5480025828581937,13.55284595489502,True,,,,,support_dependence_only,/home/zsh/ConceptSkillCDM/results/crg_lcrf_core3_final_20260520/crg_support_controls/assist_09/crg_support_corruption_control.csv,auc_bce,0.0171725876648338,0.0068971223625196,short_history
assist_09,sequence_shuffled_support,1.0,46,long_history,25420,0.7487394649363992,0.0088765211820607,0.5160184833402243,0.0028200055371585,0.7576159861184599,0.5131984778030657,13.55284595489502,True,,,,,support_dependence_only,/home/zsh/ConceptSkillCDM/results/crg_lcrf_core3_final_20260520/crg_support_controls/assist_09/crg_support_corruption_control.csv,auc_bce,0.0123494809558396,0.0062215528716822,long_history
assist_09,self_only_fallback,0.0,42,all,51090,0.7749625115704916,0.0,0.5306856842325525,-5.532574398614543e-12,0.7749625115704916,0.530685684238085,12.95121955871582,True,,,,,weak,/home/zsh/ConceptSkillCDM/results/crg_lcrf_core3_final_20260520/crg_support_controls/assist_09/crg_support_corruption_control.csv,auc_bce,0.0,1.074362820929764e-12,all
assist_09,self_only_fallback,0.0,42,graph_hits_history,50529,0.7747343984728776,0.0,0.5304816721504791,-5.593969731876314e-12,0.7747343984728776,0.5304816721560731,12.95121955871582,True,,,,,weak,/home/zsh/ConceptSkillCDM/results/crg_lcrf_core3_final_20260520/crg_support_controls/assist_09/crg_support_corruption_control.csv,auc_bce,0.0,1.0864642518981782e-12,direct_unseen_bridgeable
assist_09,self_only_fallback,0.0,42,high_support_mass,12637,0.7517428414785654,0.0,0.5042190769790127,-2.3546831151577408e-11,0.7517428414785654,0.5042190770025595,12.95121955871582,True,,,,,weak,/home/zsh/ConceptSkillCDM/results/crg_lcrf_core3_final_20260520/crg_support_controls/assist_09/crg_support_corruption_control.csv,auc_bce,0.0,-2.3546831151577408e-11,high_crg_mass
assist_09,self_only_fallback,0.0,42,query_seq_top5_q4_high,12141,0.7977910437182193,0.0,0.4961423703474239,0.0,0.7977910437182193,0.4961423703474239,12.95121955871582,True,,,,,weak,/home/zsh/ConceptSkillCDM/results/crg_lcrf_core3_final_20260520/crg_support_controls/assist_09/crg_support_corruption_control.csv,auc_bce,0.0,0.0,high_seq_support
assist_09,self_only_fallback,0.0,42,multi_concept,8419,0.7517166715298291,0.0,0.5485938352523405,-3.357436550999182e-11,0.7517166715298291,0.5485938352859149,12.95121955871582,True,,,,,weak,/home/zsh/ConceptSkillCDM/results/crg_lcrf_core3_final_20260520/crg_support_controls/assist_09/crg_support_corruption_control.csv,auc_bce,0.0,6.5203398236235436e-12,direct_seen
assist_09,self_only_fallback,0.0,42,direct_seen,49506,0.7725773773390823,0.0,0.535040789989825,-5.709654971042255e-12,0.7725773773390823,0.5350407899955346,12.95121955871582,True,,,,,weak,/home/zsh/ConceptSkillCDM/results/crg_lcrf_core3_final_20260520/crg_support_controls/assist_09/crg_support_corruption_control.csv,auc_bce,0.0,1.1087797346931438e-12,direct_seen
assist_09,self_only_fallback,0.0,42,direct_unseen,1584,0.8180371860752316,0.0,0.3945721327050726,0.0,0.8180371860752316,0.3945721327050726,12.95121955871582,True,,,,,weak,/home/zsh/ConceptSkillCDM/results/crg_lcrf_core3_final_20260520/crg_support_controls/assist_09/crg_support_corruption_control.csv,auc_bce,0.0,0.0,direct_unseen
assist_09,self_only_fallback,0.0,42,direct_unseen_bridgeable,1584,0.8180371860752316,0.0,0.3945721327050726,0.0,0.8180371860752316,0.3945721327050726,12.95121955871582,True,,,,,weak,/home/zsh/ConceptSkillCDM/results/crg_lcrf_core3_final_20260520/crg_support_controls/assist_09/crg_support_corruption_control.csv,auc_bce,0.0,0.0,direct_unseen_bridgeable
assist_09,self_only_fallback,0.0,42,high_seq_support,12141,0.7977910437182193,0.0,0.4961423703474239,0.0,0.7977910437182193,0.4961423703474239,12.95121955871582,True,,,,,weak,/home/zsh/ConceptSkillCDM/results/crg_lcrf_core3_final_20260520/crg_support_controls/assist_09/crg_support_corruption_control.csv,auc_bce,0.0,0.0,high_seq_support
assist_09,self_only_fallback,0.0,42,high_crg_mass,12637,0.7517428414785654,0.0,0.5042190769790127,-2.3546831151577408e-11,0.7517428414785654,0.5042190770025595,12.95121955871582,True,,,,,weak,/home/zsh/ConceptSkillCDM/results/crg_lcrf_core3_final_20260520/crg_support_controls/assist_09/crg_support_corruption_control.csv,auc_bce,0.0,-2.3546831151577408e-11,high_crg_mass
assist_09,self_only_fallback,0.0,42,short_history,25670,0.7829021260955762,0.0,0.5480025828587741,5.804245972740318e-13,0.7829021260955762,0.5480025828581937,12.95121955871582,True,,,,,weak,/home/zsh/ConceptSkillCDM/results/crg_lcrf_core3_final_20260520/crg_support_controls/assist_09/crg_support_corruption_control.csv,auc_bce,0.0,1.3730350190144236e-11,short_history
assist_09,self_only_fallback,0.0,42,long_history,25420,0.7576159861184599,0.0,0.51319847779136,-1.1705747482437799e-11,0.7576159861184599,0.5131984778030657,12.95121955871582,True,,,,,weak,/home/zsh/ConceptSkillCDM/results/crg_lcrf_core3_final_20260520/crg_support_controls/assist_09/crg_support_corruption_control.csv,auc_bce,0.0,-1.1705747482437799e-11,long_history
assist_09,self_only_fallback,0.25,42,all,51090,0.7602030625747823,0.0147594489957092,0.5393287345856302,0.0086430503475452,0.7749625115704916,0.530685684238085,1.0,True,,,,,weak,/home/zsh/ConceptSkillCDM/results/crg_lcrf_core3_final_20260520/crg_support_controls/assist_09/crg_support_corruption_control.csv,auc_bce,0.0008254839671355,0.0008899166597076,all
assist_09,self_only_fallback,0.25,42,graph_hits_history,50529,0.7601386166900641,0.0145957817828135,0.5389440318628844,0.0084623597068113,0.7747343984728776,0.5304816721560731,1.0,True,,,,,weak,/home/zsh/ConceptSkillCDM/results/crg_lcrf_core3_final_20260520/crg_support_controls/assist_09/crg_support_corruption_control.csv,auc_bce,0.0008512485408538,0.000925964176602,direct_unseen_bridgeable
assist_09,self_only_fallback,0.25,42,high_support_mass,12637,0.7324486526598326,0.0192941888187327,0.5227077605957638,0.0184886835932043,0.7517428414785654,0.5042190770025595,1.0,True,,,,,weak,/home/zsh/ConceptSkillCDM/results/crg_lcrf_core3_final_20260520/crg_support_controls/assist_09/crg_support_corruption_control.csv,auc_bce,3.344256960913228e-05,0.0003267956653529,high_crg_mass
assist_09,self_only_fallback,0.25,42,query_seq_top5_q4_high,12141,0.7852926478875515,0.0124983958306678,0.502753137814934,0.0066107674675101,0.7977910437182193,0.4961423703474239,1.0,True,,,,,weak,/home/zsh/ConceptSkillCDM/results/crg_lcrf_core3_final_20260520/crg_support_controls/assist_09/crg_support_corruption_control.csv,auc_bce,0.0004465746554799,0.0001166865099974,high_seq_support
assist_09,self_only_fallback,0.25,42,multi_concept,8419,0.7457581173511552,0.0059585541786739,0.5509533925365695,0.0023595572506546,0.7517166715298291,0.5485938352859149,1.0,True,,,,,weak,/home/zsh/ConceptSkillCDM/results/crg_lcrf_core3_final_20260520/crg_support_controls/assist_09/crg_support_corruption_control.csv,auc_bce,0.0013767470274771,0.0029155429653666,direct_seen
assist_09,self_only_fallback,0.25,42,direct_seen,49506,0.7594273485199593,0.0131500288191229,0.5422836557057062,0.0072428657101716,0.7725773773390823,0.5350407899955346,1.0,True,,,,,weak,/home/zsh/ConceptSkillCDM/results/crg_lcrf_core3_final_20260520/crg_support_controls/assist_09/crg_support_corruption_control.csv,auc_bce,0.0007979016801263,0.0008518320597805,direct_seen
assist_09,self_only_fallback,0.25,42,direct_unseen,1584,0.7925131904258009,0.0255239956494306,0.4469762567002221,0.0524041239951494,0.8180371860752316,0.3945721327050726,1.0,True,,,,,weak,/home/zsh/ConceptSkillCDM/results/crg_lcrf_core3_final_20260520/crg_support_controls/assist_09/crg_support_corruption_control.csv,auc_bce,0.0038497138493946,0.0020802046672717,direct_unseen
assist_09,self_only_fallback,0.25,42,direct_unseen_bridgeable,1584,0.7925131904258009,0.0255239956494306,0.4469762567002221,0.0524041239951494,0.8180371860752316,0.3945721327050726,1.0,True,,,,,weak,/home/zsh/ConceptSkillCDM/results/crg_lcrf_core3_final_20260520/crg_support_controls/assist_09/crg_support_corruption_control.csv,auc_bce,0.0038497138493946,0.0020802046672717,direct_unseen_bridgeable
assist_09,self_only_fallback,0.25,42,high_seq_support,12141,0.7852926478875515,0.0124983958306678,0.502753137814934,0.0066107674675101,0.7977910437182193,0.4961423703474239,1.0,True,,,,,weak,/home/zsh/ConceptSkillCDM/results/crg_lcrf_core3_final_20260520/crg_support_controls/assist_09/crg_support_corruption_control.csv,auc_bce,0.0004465746554799,0.0001166865099974,high_seq_support
assist_09,self_only_fallback,0.25,42,high_crg_mass,12637,0.7324486526598326,0.0192941888187327,0.5227077605957638,0.0184886835932043,0.7517428414785654,0.5042190770025595,1.0,True,,,,,weak,/home/zsh/ConceptSkillCDM/results/crg_lcrf_core3_final_20260520/crg_support_controls/assist_09/crg_support_corruption_control.csv,auc_bce,3.344256960913228e-05,0.0003267956653529,high_crg_mass
assist_09,self_only_fallback,0.25,42,short_history,25670,0.7768207696503919,0.0060813564451842,0.5476280616615934,-0.0003745211966003,0.7829021260955762,0.5480025828581937,1.0,True,,,,,weak,/home/zsh/ConceptSkillCDM/results/crg_lcrf_core3_final_20260520/crg_support_controls/assist_09/crg_support_corruption_control.csv,auc_bce,0.0014080179971776,0.0009347925401523,short_history
assist_09,self_only_fallback,0.25,42,long_history,25420,0.7347379350940958,0.0228780510243641,0.5309477854888568,0.017749307685791,0.7576159861184599,0.5131984778030657,1.0,True,,,,,weak,/home/zsh/ConceptSkillCDM/results/crg_lcrf_core3_final_20260520/crg_support_controls/assist_09/crg_support_corruption_control.csv,auc_bce,0.0005013120102089,0.0008445994350413,long_history
assist_09,self_only_fallback,0.25,43,all,51090,0.7602030625747823,0.0147594489957092,0.5393287345833871,0.0086430503453021,0.7749625115704916,0.530685684238085,1.0,True,,,,,weak,/home/zsh/ConceptSkillCDM/results/crg_lcrf_core3_final_20260520/crg_support_controls/assist_09/crg_support_corruption_control.csv,auc_bce,0.0027952473331617,0.0013650218191479,all
assist_09,self_only_fallback,0.25,43,graph_hits_history,50529,0.7601386166900641,0.0145957817828135,0.5389440318606167,0.0084623597045435,0.7747343984728776,0.5304816721560731,1.0,True,,,,,weak,/home/zsh/ConceptSkillCDM/results/crg_lcrf_core3_final_20260520/crg_support_controls/assist_09/crg_support_corruption_control.csv,auc_bce,0.0027983846331075,0.0013735619329028,direct_unseen_bridgeable
assist_09,self_only_fallback,0.25,43,high_support_mass,12637,0.7324486526598326,0.0192941888187327,0.5227077605866957,0.0184886835841361,0.7517428414785654,0.5042190770025595,1.0,True,,,,,weak,/home/zsh/ConceptSkillCDM/results/crg_lcrf_core3_final_20260520/crg_support_controls/assist_09/crg_support_corruption_control.csv,auc_bce,0.0006803822263594,8.291704958807156e-05,high_crg_mass
assist_09,self_only_fallback,0.25,43,query_seq_top5_q4_high,12141,0.7852926478875515,0.0124983958306678,0.502753137814934,0.0066107674675101,0.7977910437182193,0.4961423703474239,1.0,True,,,,,weak,/home/zsh/ConceptSkillCDM/results/crg_lcrf_core3_final_20260520/crg_support_controls/assist_09/crg_support_corruption_control.csv,auc_bce,0.002686160470888,0.0026042593703951,high_seq_support
assist_09,self_only_fallback,0.25,43,multi_concept,8419,0.7457581173511552,0.0059585541786739,0.550953392522958,0.0023595572370431,0.7517166715298291,0.5485938352859149,1.0,True,,,,,weak,/home/zsh/ConceptSkillCDM/results/crg_lcrf_core3_final_20260520/crg_support_controls/assist_09/crg_support_corruption_control.csv,auc_bce,0.0001557702634567,-0.0008909963861564,direct_seen
assist_09,self_only_fallback,0.25,43,direct_seen,49506,0.7594273485199593,0.0131500288191229,0.5422836557033914,0.0072428657078568,0.7725773773390823,0.5350407899955346,1.0,True,,,,,weak,/home/zsh/ConceptSkillCDM/results/crg_lcrf_core3_final_20260520/crg_support_controls/assist_09/crg_support_corruption_control.csv,auc_bce,0.0027210214916992,0.0012896420537477,direct_seen
assist_09,self_only_fallback,0.25,43,direct_unseen,1584,0.7925131904258009,0.0255239956494306,0.4469762567002221,0.0524041239951494,0.8180371860752316,0.3945721327050726,1.0,True,,,,,weak,/home/zsh/ConceptSkillCDM/results/crg_lcrf_core3_final_20260520/crg_support_controls/assist_09/crg_support_corruption_control.csv,auc_bce,0.0089270150232138,0.003720925017319,direct_unseen
assist_09,self_only_fallback,0.25,43,direct_unseen_bridgeable,1584,0.7925131904258009,0.0255239956494306,0.4469762567002221,0.0524041239951494,0.8180371860752316,0.3945721327050726,1.0,True,,,,,weak,/home/zsh/ConceptSkillCDM/results/crg_lcrf_core3_final_20260520/crg_support_controls/assist_09/crg_support_corruption_control.csv,auc_bce,0.0089270150232138,0.003720925017319,direct_unseen_bridgeable
assist_09,self_only_fallback,0.25,43,high_seq_support,12141,0.7852926478875515,0.0124983958306678,0.502753137814934,0.0066107674675101,0.7977910437182193,0.4961423703474239,1.0,True,,,,,weak,/home/zsh/ConceptSkillCDM/results/crg_lcrf_core3_final_20260520/crg_support_controls/assist_09/crg_support_corruption_control.csv,auc_bce,0.002686160470888,0.0026042593703951,high_seq_support
assist_09,self_only_fallback,0.25,43,high_crg_mass,12637,0.7324486526598326,0.0192941888187327,0.5227077605866957,0.0184886835841361,0.7517428414785654,0.5042190770025595,1.0,True,,,,,weak,/home/zsh/ConceptSkillCDM/results/crg_lcrf_core3_final_20260520/crg_support_controls/assist_09/crg_support_corruption_control.csv,auc_bce,0.0006803822263594,8.291704958807156e-05,high_crg_mass
assist_09,self_only_fallback,0.25,43,short_history,25670,0.7768207696503919,0.0060813564451842,0.5476280616615934,-0.0003745211966003,0.7829021260955762,0.5480025828581937,1.0,True,,,,,weak,/home/zsh/ConceptSkillCDM/results/crg_lcrf_core3_final_20260520/crg_support_controls/assist_09/crg_support_corruption_control.csv,auc_bce,0.0037615734691939,0.0019587840298085,short_history
assist_09,self_only_fallback,0.25,43,long_history,25420,0.7347379350940958,0.0228780510243641,0.5309477854843487,0.017749307681283,0.7576159861184599,0.5131984778030657,1.0,True,,,,,weak,/home/zsh/ConceptSkillCDM/results/crg_lcrf_core3_final_20260520/crg_support_controls/assist_09/crg_support_corruption_control.csv,auc_bce,0.0016999106497479,0.0007654200902869,long_history
assist_09,self_only_fallback,0.25,44,all,51090,0.7602030625747823,0.0147594489957092,0.539328734589395,0.0086430503513099,0.7749625115704916,0.530685684238085,1.0,True,,,,,weak,/home/zsh/ConceptSkillCDM/results/crg_lcrf_core3_final_20260520/crg_support_controls/assist_09/crg_support_corruption_control.csv,auc_bce,0.0014558544112397,0.00147160517231,all
assist_09,self_only_fallback,0.25,44,graph_hits_history,50529,0.7601386166900641,0.0145957817828135,0.538944031866691,0.0084623597106179,0.7747343984728776,0.5304816721560731,1.0,True,,,,,weak,/home/zsh/ConceptSkillCDM/results/crg_lcrf_core3_final_20260520/crg_support_controls/assist_09/crg_support_corruption_control.csv,auc_bce,0.0014425366740226,0.0014885282077646,direct_unseen_bridgeable
assist_09,self_only_fallback,0.25,44,high_support_mass,12637,0.7324486526598326,0.0192941888187327,0.5227077605957638,0.0184886835932043,0.7517428414785654,0.5042190770025595,1.0,True,,,,,weak,/home/zsh/ConceptSkillCDM/results/crg_lcrf_core3_final_20260520/crg_support_controls/assist_09/crg_support_corruption_control.csv,auc_bce,3.982233441934824e-05,5.0503055981643286e-06,high_crg_mass
assist_09,self_only_fallback,0.25,44,query_seq_top5_q4_high,12141,0.7852926478875515,0.0124983958306678,0.502753137814934,0.0066107674675101,0.7977910437182193,0.4961423703474239,1.0,True,,,,,weak,/home/zsh/ConceptSkillCDM/results/crg_lcrf_core3_final_20260520/crg_support_controls/assist_09/crg_support_corruption_control.csv,auc_bce,0.0028742546935434,0.0020971416233482,high_seq_support
assist_09,self_only_fallback,0.25,44,multi_concept,8419,0.7457581173511552,0.0059585541786739,0.5509533925594156,0.0023595572735006,0.7517166715298291,0.5485938352859149,1.0,True,,,,,weak,/home/zsh/ConceptSkillCDM/results/crg_lcrf_core3_final_20260520/crg_support_controls/assist_09/crg_support_corruption_control.csv,auc_bce,0.0001018903976078,-1.5471257509669378e-05,direct_seen
assist_09,self_only_fallback,0.25,44,direct_seen,49506,0.7594273485199593,0.0131500288191229,0.5422836557095915,0.0072428657140568,0.7725773773390823,0.5350407899955346,1.0,True,,,,,weak,/home/zsh/ConceptSkillCDM/results/crg_lcrf_core3_final_20260520/crg_support_controls/assist_09/crg_support_corruption_control.csv,auc_bce,0.0014208581267072,0.0014491406752605,direct_seen
assist_09,self_only_fallback,0.25,44,direct_unseen,1584,0.7925131904258009,0.0255239956494306,0.4469762567002221,0.0524041239951494,0.8180371860752316,0.3945721327050726,1.0,True,,,,,weak,/home/zsh/ConceptSkillCDM/results/crg_lcrf_core3_final_20260520/crg_support_controls/assist_09/crg_support_corruption_control.csv,auc_bce,0.0045396179257212,0.0021737057978958,direct_unseen
assist_09,self_only_fallback,0.25,44,direct_unseen_bridgeable,1584,0.7925131904258009,0.0255239956494306,0.4469762567002221,0.0524041239951494,0.8180371860752316,0.3945721327050726,1.0,True,,,,,weak,/home/zsh/ConceptSkillCDM/results/crg_lcrf_core3_final_20260520/crg_support_controls/assist_09/crg_support_corruption_control.csv,auc_bce,0.0045396179257212,0.0021737057978958,direct_unseen_bridgeable
assist_09,self_only_fallback,0.25,44,high_seq_support,12141,0.7852926478875515,0.0124983958306678,0.502753137814934,0.0066107674675101,0.7977910437182193,0.4961423703474239,1.0,True,,,,,weak,/home/zsh/ConceptSkillCDM/results/crg_lcrf_core3_final_20260520/crg_support_controls/assist_09/crg_support_corruption_control.csv,auc_bce,0.0028742546935434,0.0020971416233482,high_seq_support
assist_09,self_only_fallback,0.25,44,high_crg_mass,12637,0.7324486526598326,0.0192941888187327,0.5227077605957638,0.0184886835932043,0.7517428414785654,0.5042190770025595,1.0,True,,,,,weak,/home/zsh/ConceptSkillCDM/results/crg_lcrf_core3_final_20260520/crg_support_controls/assist_09/crg_support_corruption_control.csv,auc_bce,3.982233441934824e-05,5.0503055981643286e-06,high_crg_mass
assist_09,self_only_fallback,0.25,44,short_history,25670,0.7768207696503919,0.0060813564451842,0.5476280616690863,-0.0003745211891074,0.7829021260955762,0.5480025828581937,1.0,True,,,,,weak,/home/zsh/ConceptSkillCDM/results/crg_lcrf_core3_final_20260520/crg_support_controls/assist_09/crg_support_corruption_control.csv,auc_bce,0.0021152359883593,0.0020702886268599,short_history
assist_09,self_only_fallback,0.25,44,long_history,25420,0.7347379350940958,0.0228780510243641,0.5309477854888568,0.017749307685791,0.7576159861184599,0.5131984778030657,1.0,True,,,,,weak,/home/zsh/ConceptSkillCDM/results/crg_lcrf_core3_final_20260520/crg_support_controls/assist_09/crg_support_corruption_control.csv,auc_bce,0.0006732765812548,0.0008670338002294,long_history
assist_09,self_only_fallback,0.25,45,all,51090,0.7602030625747823,0.0147594489957092,0.5393287345871519,0.0086430503490668,0.7749625115704916,0.530685684238085,1.0,True,,,,,weak,/home/zsh/ConceptSkillCDM/results/crg_lcrf_core3_final_20260520/crg_support_controls/assist_09/crg_support_corruption_control.csv,auc_bce,0.0009964443421105,0.0014281152637599,all
assist_09,self_only_fallback,0.25,45,graph_hits_history,50529,0.7601386166900641,0.0145957817828135,0.5389440318644232,0.00846235970835,0.7747343984728776,0.5304816721560731,1.0,True,,,,,weak,/home/zsh/ConceptSkillCDM/results/crg_lcrf_core3_final_20260520/crg_support_controls/assist_09/crg_support_corruption_control.csv,auc_bce,0.000969141068547,0.0013873517529308,direct_unseen_bridgeable
assist_09,self_only_fallback,0.25,45,high_support_mass,12637,0.7324486526598326,0.0192941888187327,0.5227077605866957,0.0184886835841361,0.7517428414785654,0.5042190770025595,1.0,True,,,,,weak,/home/zsh/ConceptSkillCDM/results/crg_lcrf_core3_final_20260520/crg_support_controls/assist_09/crg_support_corruption_control.csv,auc_bce,6.15922973012939e-06,0.0002777274092624,high_crg_mass
assist_09,self_only_fallback,0.25,45,query_seq_top5_q4_high,12141,0.7852926478875515,0.0124983958306678,0.502753137814934,0.0066107674675101,0.7977910437182193,0.4961423703474239,1.0,True,,,,,weak,/home/zsh/ConceptSkillCDM/results/crg_lcrf_core3_final_20260520/crg_support_controls/assist_09/crg_support_corruption_control.csv,auc_bce,0.0001640595190247,0.0009166592873213,high_seq_support
assist_09,self_only_fallback,0.25,45,multi_concept,8419,0.7457581173511552,0.0059585541786739,0.5509533925458042,0.0023595572598893,0.7517166715298291,0.5485938352859149,1.0,True,,,,,weak,/home/zsh/ConceptSkillCDM/results/crg_lcrf_core3_final_20260520/crg_support_controls/assist_09/crg_support_corruption_control.csv,auc_bce,0.0008186634141238,-5.161468225822752e-06,direct_seen
assist_09,self_only_fallback,0.25,45,direct_seen,49506,0.7594273485199593,0.0131500288191229,0.5422836557072767,0.007242865711742,0.7725773773390823,0.5350407899955346,1.0,True,,,,,weak,/home/zsh/ConceptSkillCDM/results/crg_lcrf_core3_final_20260520/crg_support_controls/assist_09/crg_support_corruption_control.csv,auc_bce,0.0008706986112529,0.0013854101718383,direct_seen
assist_09,self_only_fallback,0.25,45,direct_unseen,1584,0.7925131904258009,0.0255239956494306,0.4469762567002221,0.0524041239951494,0.8180371860752316,0.3945721327050726,1.0,True,,,,,weak,/home/zsh/ConceptSkillCDM/results/crg_lcrf_core3_final_20260520/crg_support_controls/assist_09/crg_support_corruption_control.csv,auc_bce,0.0067541854589827,0.0027628111480237,direct_unseen
assist_09,self_only_fallback,0.25,45,direct_unseen_bridgeable,1584,0.7925131904258009,0.0255239956494306,0.4469762567002221,0.0524041239951494,0.8180371860752316,0.3945721327050726,1.0,True,,,,,weak,/home/zsh/ConceptSkillCDM/results/crg_lcrf_core3_final_20260520/crg_support_controls/assist_09/crg_support_corruption_control.csv,auc_bce,0.0067541854589827,0.0027628111480237,direct_unseen_bridgeable
assist_09,self_only_fallback,0.25,45,high_seq_support,12141,0.7852926478875515,0.0124983958306678,0.502753137814934,0.0066107674675101,0.7977910437182193,0.4961423703474239,1.0,True,,,,,weak,/home/zsh/ConceptSkillCDM/results/crg_lcrf_core3_final_20260520/crg_support_controls/assist_09/crg_support_corruption_control.csv,auc_bce,0.0001640595190247,0.0009166592873213,high_seq_support
assist_09,self_only_fallback,0.25,45,high_crg_mass,12637,0.7324486526598326,0.0192941888187327,0.5227077605866957,0.0184886835841361,0.7517428414785654,0.5042190770025595,1.0,True,,,,,weak,/home/zsh/ConceptSkillCDM/results/crg_lcrf_core3_final_20260520/crg_support_controls/assist_09/crg_support_corruption_control.csv,auc_bce,6.15922973012939e-06,0.0002777274092624,high_crg_mass
assist_09,self_only_fallback,0.25,45,short_history,25670,0.7768207696503919,0.0060813564451842,0.5476280616690863,-0.0003745211891074,0.7829021260955762,0.5480025828581937,1.0,True,,,,,weak,/home/zsh/ConceptSkillCDM/results/crg_lcrf_core3_final_20260520/crg_support_controls/assist_09/crg_support_corruption_control.csv,auc_bce,0.0013713711105671,0.0015037321901144,short_history
assist_09,self_only_fallback,0.25,45,long_history,25420,0.7347379350940958,0.0228780510243641,0.5309477854843487,0.017749307681283,0.7576159861184599,0.5131984778030657,1.0,True,,,,,weak,/home/zsh/ConceptSkillCDM/results/crg_lcrf_core3_final_20260520/crg_support_controls/assist_09/crg_support_corruption_control.csv,auc_bce,0.0007836421280354,0.0013517546618908,long_history
assist_09,self_only_fallback,0.25,46,all,51090,0.7602030625747823,0.0147594489957092,0.539328734589395,0.0086430503513099,0.7749625115704916,0.530685684238085,1.0,True,,,,,weak,/home/zsh/ConceptSkillCDM/results/crg_lcrf_core3_final_20260520/crg_support_controls/assist_09/crg_support_corruption_control.csv,auc_bce,0.0023059661721147,0.0019669394003306,all
assist_09,self_only_fallback,0.25,46,graph_hits_history,50529,0.7601386166900641,0.0145957817828135,0.538944031866691,0.0084623597106179,0.7747343984728776,0.5304816721560731,1.0,True,,,,,weak,/home/zsh/ConceptSkillCDM/results/crg_lcrf_core3_final_20260520/crg_support_controls/assist_09/crg_support_corruption_control.csv,auc_bce,0.0023761020054491,0.0020446899594341,direct_unseen_bridgeable
assist_09,self_only_fallback,0.25,46,high_support_mass,12637,0.7324486526598326,0.0192941888187327,0.5227077605957638,0.0184886835932043,0.7517428414785654,0.5042190770025595,1.0,True,,,,,weak,/home/zsh/ConceptSkillCDM/results/crg_lcrf_core3_final_20260520/crg_support_controls/assist_09/crg_support_corruption_control.csv,auc_bce,0.0016606291512972,0.0022558634348557,high_crg_mass
assist_09,self_only_fallback,0.25,46,query_seq_top5_q4_high,12141,0.7852926478875515,0.0124983958306678,0.502753137814934,0.0066107674675101,0.7977910437182193,0.4961423703474239,1.0,True,,,,,weak,/home/zsh/ConceptSkillCDM/results/crg_lcrf_core3_final_20260520/crg_support_controls/assist_09/crg_support_corruption_control.csv,auc_bce,0.0022071524860218,0.0029697034513332,high_seq_support
assist_09,self_only_fallback,0.25,46,multi_concept,8419,0.7457581173511552,0.0059585541786739,0.5509533925594156,0.0023595572735006,0.7517166715298291,0.5485938352859149,1.0,True,,,,,weak,/home/zsh/ConceptSkillCDM/results/crg_lcrf_core3_final_20260520/crg_support_controls/assist_09/crg_support_corruption_control.csv,auc_bce,0.0029296361869972,0.005604682618591,direct_seen
assist_09,self_only_fallback,0.25,46,direct_seen,49506,0.7594273485199593,0.0131500288191229,0.5422836557095915,0.0072428657140568,0.7725773773390823,0.5350407899955346,1.0,True,,,,,weak,/home/zsh/ConceptSkillCDM/results/crg_lcrf_core3_final_20260520/crg_support_controls/assist_09/crg_support_corruption_control.csv,auc_bce,0.002197628915965,0.0018502885178837,direct_seen
assist_09,self_only_fallback,0.25,46,direct_unseen,1584,0.7925131904258009,0.0255239956494306,0.4469762567002221,0.0524041239951494,0.8180371860752316,0.3945721327050726,1.0,True,,,,,weak,/home/zsh/ConceptSkillCDM/results/crg_lcrf_core3_final_20260520/crg_support_controls/assist_09/crg_support_corruption_control.csv,auc_bce,0.0100686712349284,0.0056127213361988,direct_unseen
assist_09,self_only_fallback,0.25,46,direct_unseen_bridgeable,1584,0.7925131904258009,0.0255239956494306,0.4469762567002221,0.0524041239951494,0.8180371860752316,0.3945721327050726,1.0,True,,,,,weak,/home/zsh/ConceptSkillCDM/results/crg_lcrf_core3_final_20260520/crg_support_controls/assist_09/crg_support_corruption_control.csv,auc_bce,0.0100686712349284,0.0056127213361988,direct_unseen_bridgeable
assist_09,self_only_fallback,0.25,46,high_seq_support,12141,0.7852926478875515,0.0124983958306678,0.502753137814934,0.0066107674675101,0.7977910437182193,0.4961423703474239,1.0,True,,,,,weak,/home/zsh/ConceptSkillCDM/results/crg_lcrf_core3_final_20260520/crg_support_controls/assist_09/crg_support_corruption_control.csv,auc_bce,0.0022071524860218,0.0029697034513332,high_seq_support
assist_09,self_only_fallback,0.25,46,high_crg_mass,12637,0.7324486526598326,0.0192941888187327,0.5227077605957638,0.0184886835932043,0.7517428414785654,0.5042190770025595,1.0,True,,,,,weak,/home/zsh/ConceptSkillCDM/results/crg_lcrf_core3_final_20260520/crg_support_controls/assist_09/crg_support_corruption_control.csv,auc_bce,0.0016606291512972,0.0022558634348557,high_crg_mass
assist_09,self_only_fallback,0.25,46,short_history,25670,0.7768207696503919,0.0060813564451842,0.5476280616690863,-0.0003745211891074,0.7829021260955762,0.5480025828581937,1.0,True,,,,,weak,/home/zsh/ConceptSkillCDM/results/crg_lcrf_core3_final_20260520/crg_support_controls/assist_09/crg_support_corruption_control.csv,auc_bce,0.0029356578056236,0.0021242610585355,short_history
assist_09,self_only_fallback,0.25,46,long_history,25420,0.7347379350940958,0.0228780510243641,0.5309477854888568,0.017749307685791,0.7576159861184599,0.5131984778030657,1.0,True,,,,,weak,/home/zsh/ConceptSkillCDM/results/crg_lcrf_core3_final_20260520/crg_support_controls/assist_09/crg_support_corruption_control.csv,auc_bce,0.0017889012597118,0.0018080705188942,long_history
assist_09,self_only_fallback,0.5,42,all,51090,0.7602030625747823,0.0147594489957092,0.5393287345856302,0.0086430503475452,0.7749625115704916,0.530685684238085,1.0,True,,,,,weak,/home/zsh/ConceptSkillCDM/results/crg_lcrf_core3_final_20260520/crg_support_controls/assist_09/crg_support_corruption_control.csv,auc_bce,0.0039838309796692,0.0021704244559527,all
assist_09,self_only_fallback,0.5,42,graph_hits_history,50529,0.7601386166900641,0.0145957817828135,0.5389440318628844,0.0084623597068113,0.7747343984728776,0.5304816721560731,1.0,True,,,,,weak,/home/zsh/ConceptSkillCDM/results/crg_lcrf_core3_final_20260520/crg_support_controls/assist_09/crg_support_corruption_control.csv,auc_bce,0.0041043430191547,0.0022818583591399,direct_unseen_bridgeable
assist_09,self_only_fallback,0.5,42,high_support_mass,12637,0.7324486526598326,0.0192941888187327,0.5227077605957638,0.0184886835932043,0.7517428414785654,0.5042190770025595,1.0,True,,,,,weak,/home/zsh/ConceptSkillCDM/results/crg_lcrf_core3_final_20260520/crg_support_controls/assist_09/crg_support_corruption_control.csv,auc_bce,0.0049070945568097,0.0037259042348247,high_crg_mass
assist_09,self_only_fallback,0.5,42,query_seq_top5_q4_high,12141,0.7852926478875515,0.0124983958306678,0.502753137814934,0.0066107674675101,0.7977910437182193,0.4961423703474239,1.0,True,,,,,weak,/home/zsh/ConceptSkillCDM/results/crg_lcrf_core3_final_20260520/crg_support_controls/assist_09/crg_support_corruption_control.csv,auc_bce,0.0025740992617034,0.0048566965676506,high_seq_support
assist_09,self_only_fallback,0.5,42,multi_concept,8419,0.7457581173511552,0.0059585541786739,0.5509533925365695,0.0023595572506546,0.7517166715298291,0.5485938352859149,1.0,True,,,,,weak,/home/zsh/ConceptSkillCDM/results/crg_lcrf_core3_final_20260520/crg_support_controls/assist_09/crg_support_corruption_control.csv,auc_bce,0.0049665124988245,0.0074466428125092,direct_seen
assist_09,self_only_fallback,0.5,42,direct_seen,49506,0.7594273485199593,0.0131500288191229,0.5422836557057062,0.0072428657101716,0.7725773773390823,0.5350407899955346,1.0,True,,,,,weak,/home/zsh/ConceptSkillCDM/results/crg_lcrf_core3_final_20260520/crg_support_controls/assist_09/crg_support_corruption_control.csv,auc_bce,0.0040004000627782,0.0021448161015175,direct_seen
assist_09,self_only_fallback,0.5,42,direct_unseen,1584,0.7925131904258009,0.0255239956494306,0.4469762567002221,0.0524041239951494,0.8180371860752316,0.3945721327050726,1.0,True,,,,,weak,/home/zsh/ConceptSkillCDM/results/crg_lcrf_core3_final_20260520/crg_support_controls/assist_09/crg_support_corruption_control.csv,auc_bce,0.0059758950952977,0.0029707825333979,direct_unseen
assist_09,self_only_fallback,0.5,42,direct_unseen_bridgeable,1584,0.7925131904258009,0.0255239956494306,0.4469762567002221,0.0524041239951494,0.8180371860752316,0.3945721327050726,1.0,True,,,,,weak,/home/zsh/ConceptSkillCDM/results/crg_lcrf_core3_final_20260520/crg_support_controls/assist_09/crg_support_corruption_control.csv,auc_bce,0.0059758950952977,0.0029707825333979,direct_unseen_bridgeable
assist_09,self_only_fallback,0.5,42,high_seq_support,12141,0.7852926478875515,0.0124983958306678,0.502753137814934,0.0066107674675101,0.7977910437182193,0.4961423703474239,1.0,True,,,,,weak,/home/zsh/ConceptSkillCDM/results/crg_lcrf_core3_final_20260520/crg_support_controls/assist_09/crg_support_corruption_control.csv,auc_bce,0.0025740992617034,0.0048566965676506,high_seq_support
assist_09,self_only_fallback,0.5,42,high_crg_mass,12637,0.7324486526598326,0.0192941888187327,0.5227077605957638,0.0184886835932043,0.7517428414785654,0.5042190770025595,1.0,True,,,,,weak,/home/zsh/ConceptSkillCDM/results/crg_lcrf_core3_final_20260520/crg_support_controls/assist_09/crg_support_corruption_control.csv,auc_bce,0.0049070945568097,0.0037259042348247,high_crg_mass
assist_09,self_only_fallback,0.5,42,short_history,25670,0.7768207696503919,0.0060813564451842,0.5476280616615934,-0.0003745211966003,0.7829021260955762,0.5480025828581937,1.0,True,,,,,weak,/home/zsh/ConceptSkillCDM/results/crg_lcrf_core3_final_20260520/crg_support_controls/assist_09/crg_support_corruption_control.csv,auc_bce,0.0031869694072556,0.001130388174078,short_history
assist_09,self_only_fallback,0.5,42,long_history,25420,0.7347379350940958,0.0228780510243641,0.5309477854888568,0.017749307685791,0.7576159861184599,0.5131984778030657,1.0,True,,,,,weak,/home/zsh/ConceptSkillCDM/results/crg_lcrf_core3_final_20260520/crg_support_controls/assist_09/crg_support_corruption_control.csv,auc_bce,0.0054502771432083,0.0032206892614494,long_history
assist_09,self_only_fallback,0.5,43,all,51090,0.7602030625747823,0.0147594489957092,0.5393287345856302,0.0086430503475452,0.7749625115704916,0.530685684238085,1.0,True,,,,,weak,/home/zsh/ConceptSkillCDM/results/crg_lcrf_core3_final_20260520/crg_support_controls/assist_09/crg_support_corruption_control.csv,auc_bce,0.0054432068179661,0.0029584933276068,all
assist_09,self_only_fallback,0.5,43,graph_hits_history,50529,0.7601386166900641,0.0145957817828135,0.5389440318628844,0.0084623597068113,0.7747343984728776,0.5304816721560731,1.0,True,,,,,weak,/home/zsh/ConceptSkillCDM/results/crg_lcrf_core3_final_20260520/crg_support_controls/assist_09/crg_support_corruption_control.csv,auc_bce,0.0054705540905807,0.0029933274745025,direct_unseen_bridgeable
assist_09,self_only_fallback,0.5,43,high_support_mass,12637,0.7324486526598326,0.0192941888187327,0.5227077605957638,0.0184886835932043,0.7517428414785654,0.5042190770025595,1.0,True,,,,,weak,/home/zsh/ConceptSkillCDM/results/crg_lcrf_core3_final_20260520/crg_support_controls/assist_09/crg_support_corruption_control.csv,auc_bce,0.0045465669587664,0.0039463012569557,high_crg_mass
assist_09,self_only_fallback,0.5,43,query_seq_top5_q4_high,12141,0.7852926478875515,0.0124983958306678,0.502753137814934,0.0066107674675101,0.7977910437182193,0.4961423703474239,1.0,True,,,,,weak,/home/zsh/ConceptSkillCDM/results/crg_lcrf_core3_final_20260520/crg_support_controls/assist_09/crg_support_corruption_control.csv,auc_bce,0.0062966787825328,0.0109436568093128,high_seq_support
assist_09,self_only_fallback,0.5,43,multi_concept,8419,0.7457581173511552,0.0059585541786739,0.5509533925365695,0.0023595572506546,0.7517166715298291,0.5485938352859149,1.0,True,,,,,weak,/home/zsh/ConceptSkillCDM/results/crg_lcrf_core3_final_20260520/crg_support_controls/assist_09/crg_support_corruption_control.csv,auc_bce,0.0065392455974092,0.0046629556768835,direct_seen
assist_09,self_only_fallback,0.5,43,direct_seen,49506,0.7594273485199593,0.0131500288191229,0.5422836557057062,0.0072428657101716,0.7725773773390823,0.5350407899955346,1.0,True,,,,,weak,/home/zsh/ConceptSkillCDM/results/crg_lcrf_core3_final_20260520/crg_support_controls/assist_09/crg_support_corruption_control.csv,auc_bce,0.0053297964212525,0.0028291443968607,direct_seen
assist_09,self_only_fallback,0.5,43,direct_unseen,1584,0.7925131904258009,0.0255239956494306,0.4469762567002221,0.0524041239951494,0.8180371860752316,0.3945721327050726,1.0,True,,,,,weak,/home/zsh/ConceptSkillCDM/results/crg_lcrf_core3_final_20260520/crg_support_controls/assist_09/crg_support_corruption_control.csv,auc_bce,0.0113650034495205,0.0070011373714902,direct_unseen
assist_09,self_only_fallback,0.5,43,direct_unseen_bridgeable,1584,0.7925131904258009,0.0255239956494306,0.4469762567002221,0.0524041239951494,0.8180371860752316,0.3945721327050726,1.0,True,,,,,weak,/home/zsh/ConceptSkillCDM/results/crg_lcrf_core3_final_20260520/crg_support_controls/assist_09/crg_support_corruption_control.csv,auc_bce,0.0113650034495205,0.0070011373714902,direct_unseen_bridgeable
assist_09,self_only_fallback,0.5,43,high_seq_support,12141,0.7852926478875515,0.0124983958306678,0.502753137814934,0.0066107674675101,0.7977910437182193,0.4961423703474239,1.0,True,,,,,weak,/home/zsh/ConceptSkillCDM/results/crg_lcrf_core3_final_20260520/crg_support_controls/assist_09/crg_support_corruption_control.csv,auc_bce,0.0062966787825328,0.0109436568093128,high_seq_support
assist_09,self_only_fallback,0.5,43,high_crg_mass,12637,0.7324486526598326,0.0192941888187327,0.5227077605957638,0.0184886835932043,0.7517428414785654,0.5042190770025595,1.0,True,,,,,weak,/home/zsh/ConceptSkillCDM/results/crg_lcrf_core3_final_20260520/crg_support_controls/assist_09/crg_support_corruption_control.csv,auc_bce,0.0045465669587664,0.0039463012569557,high_crg_mass
assist_09,self_only_fallback,0.5,43,short_history,25670,0.7768207696503919,0.0060813564451842,0.5476280616615934,-0.0003745211966003,0.7829021260955762,0.5480025828581937,1.0,True,,,,,weak,/home/zsh/ConceptSkillCDM/results/crg_lcrf_core3_final_20260520/crg_support_controls/assist_09/crg_support_corruption_control.csv,auc_bce,0.0060250827607793,0.0030079498162101,short_history
assist_09,self_only_fallback,0.5,43,long_history,25420,0.7347379350940958,0.0228780510243641,0.5309477854888568,0.017749307685791,0.7576159861184599,0.5131984778030657,1.0,True,,,,,weak,/home/zsh/ConceptSkillCDM/results/crg_lcrf_core3_final_20260520/crg_support_controls/assist_09/crg_support_corruption_control.csv,auc_bce,0.0047650954384141,0.002908550445528,long_history
assist_09,self_only_fallback,0.5,44,all,51090,0.7602030625747823,0.0147594489957092,0.5393287345833871,0.0086430503453021,0.7749625115704916,0.530685684238085,1.0,True,,,,,weak,/home/zsh/ConceptSkillCDM/results/crg_lcrf_core3_final_20260520/crg_support_controls/assist_09/crg_support_corruption_control.csv,auc_bce,0.0055815310338142,0.0058210970254799,all
assist_09,self_only_fallback,0.5,44,graph_hits_history,50529,0.7601386166900641,0.0145957817828135,0.5389440318606167,0.0084623597045435,0.7747343984728776,0.5304816721560731,1.0,True,,,,,weak,/home/zsh/ConceptSkillCDM/results/crg_lcrf_core3_final_20260520/crg_support_controls/assist_09/crg_support_corruption_control.csv,auc_bce,0.0055797316069428,0.0058500464671341,direct_unseen_bridgeable
assist_09,self_only_fallback,0.5,44,high_support_mass,12637,0.7324486526598326,0.0192941888187327,0.5227077605866957,0.0184886835841361,0.7517428414785654,0.5042190770025595,1.0,True,,,,,weak,/home/zsh/ConceptSkillCDM/results/crg_lcrf_core3_final_20260520/crg_support_controls/assist_09/crg_support_corruption_control.csv,auc_bce,0.01076674313353,0.0099435205137523,high_crg_mass
assist_09,self_only_fallback,0.5,44,query_seq_top5_q4_high,12141,0.7852926478875515,0.0124983958306678,0.502753137814934,0.0066107674675101,0.7977910437182193,0.4961423703474239,1.0,True,,,,,weak,/home/zsh/ConceptSkillCDM/results/crg_lcrf_core3_final_20260520/crg_support_controls/assist_09/crg_support_corruption_control.csv,auc_bce,0.0143482726858176,0.0164686347426944,high_seq_support
assist_09,self_only_fallback,0.5,44,multi_concept,8419,0.7457581173511552,0.0059585541786739,0.550953392522958,0.0023595572370431,0.7517166715298291,0.5485938352859149,1.0,True,,,,,weak,/home/zsh/ConceptSkillCDM/results/crg_lcrf_core3_final_20260520/crg_support_controls/assist_09/crg_support_corruption_control.csv,auc_bce,0.014081619394615,0.01410168449294,direct_seen
assist_09,self_only_fallback,0.5,44,direct_seen,49506,0.7594273485199593,0.0131500288191229,0.5422836557033914,0.0072428657078568,0.7725773773390823,0.5350407899955346,1.0,True,,,,,weak,/home/zsh/ConceptSkillCDM/results/crg_lcrf_core3_final_20260520/crg_support_controls/assist_09/crg_support_corruption_control.csv,auc_bce,0.0054116379592346,0.0057295599929042,direct_seen
assist_09,self_only_fallback,0.5,44,direct_unseen,1584,0.7925131904258009,0.0255239956494306,0.4469762567002221,0.0524041239951494,0.8180371860752316,0.3945721327050726,1.0,True,,,,,weak,/home/zsh/ConceptSkillCDM/results/crg_lcrf_core3_final_20260520/crg_support_controls/assist_09/crg_support_corruption_control.csv,auc_bce,0.0124821079147465,0.0086819760246478,direct_unseen
assist_09,self_only_fallback,0.5,44,direct_unseen_bridgeable,1584,0.7925131904258009,0.0255239956494306,0.4469762567002221,0.0524041239951494,0.8180371860752316,0.3945721327050726,1.0,True,,,,,weak,/home/zsh/ConceptSkillCDM/results/crg_lcrf_core3_final_20260520/crg_support_controls/assist_09/crg_support_corruption_control.csv,auc_bce,0.0124821079147465,0.0086819760246478,direct_unseen_bridgeable
assist_09,self_only_fallback,0.5,44,high_seq_support,12141,0.7852926478875515,0.0124983958306678,0.502753137814934,0.0066107674675101,0.7977910437182193,0.4961423703474239,1.0,True,,,,,weak,/home/zsh/ConceptSkillCDM/results/crg_lcrf_core3_final_20260520/crg_support_controls/assist_09/crg_support_corruption_control.csv,auc_bce,0.0143482726858176,0.0164686347426944,high_seq_support
assist_09,self_only_fallback,0.5,44,high_crg_mass,12637,0.7324486526598326,0.0192941888187327,0.5227077605866957,0.0184886835841361,0.7517428414785654,0.5042190770025595,1.0,True,,,,,weak,/home/zsh/ConceptSkillCDM/results/crg_lcrf_core3_final_20260520/crg_support_controls/assist_09/crg_support_corruption_control.csv,auc_bce,0.01076674313353,0.0099435205137523,high_crg_mass
assist_09,self_only_fallback,0.5,44,short_history,25670,0.7768207696503919,0.0060813564451842,0.5476280616615934,-0.0003745211966003,0.7829021260955762,0.5480025828581937,1.0,True,,,,,weak,/home/zsh/ConceptSkillCDM/results/crg_lcrf_core3_final_20260520/crg_support_controls/assist_09/crg_support_corruption_control.csv,auc_bce,0.0046447984900513,0.0048481073915568,short_history
assist_09,self_only_fallback,0.5,44,long_history,25420,0.7347379350940958,0.0228780510243641,0.5309477854843487,0.017749307681283,0.7576159861184599,0.5131984778030657,1.0,True,,,,,weak,/home/zsh/ConceptSkillCDM/results/crg_lcrf_core3_final_20260520/crg_support_controls/assist_09/crg_support_corruption_control.csv,auc_bce,0.0070538158556053,0.0068036557942764,long_history
assist_09,self_only_fallback,0.5,45,all,51090,0.7602030625747823,0.0147594489957092,0.5393287345856302,0.0086430503475452,0.7749625115704916,0.530685684238085,1.0,True,,,,,weak,/home/zsh/ConceptSkillCDM/results/crg_lcrf_core3_final_20260520/crg_support_controls/assist_09/crg_support_corruption_control.csv,auc_bce,0.0034912708364823,0.0026185511008431,all
assist_09,self_only_fallback,0.5,45,graph_hits_history,50529,0.7601386166900641,0.0145957817828135,0.5389440318628844,0.0084623597068113,0.7747343984728776,0.5304816721560731,1.0,True,,,,,weak,/home/zsh/ConceptSkillCDM/results/crg_lcrf_core3_final_20260520/crg_support_controls/assist_09/crg_support_corruption_control.csv,auc_bce,0.0034644053210781,0.0025880914912591,direct_unseen_bridgeable
assist_09,self_only_fallback,0.5,45,high_support_mass,12637,0.7324486526598326,0.0192941888187327,0.5227077605957638,0.0184886835932043,0.7517428414785654,0.5042190770025595,1.0,True,,,,,weak,/home/zsh/ConceptSkillCDM/results/crg_lcrf_core3_final_20260520/crg_support_controls/assist_09/crg_support_corruption_control.csv,auc_bce,0.0045102101756019,0.0043658109454278,high_crg_mass
assist_09,self_only_fallback,0.5,45,query_seq_top5_q4_high,12141,0.7852926478875515,0.0124983958306678,0.502753137814934,0.0066107674675101,0.7977910437182193,0.4961423703474239,1.0,True,,,,,weak,/home/zsh/ConceptSkillCDM/results/crg_lcrf_core3_final_20260520/crg_support_controls/assist_09/crg_support_corruption_control.csv,auc_bce,0.0041790957314175,0.0055067824725233,high_seq_support
assist_09,self_only_fallback,0.5,45,multi_concept,8419,0.7457581173511552,0.0059585541786739,0.5509533925365695,0.0023595572506546,0.7517166715298291,0.5485938352859149,1.0,True,,,,,weak,/home/zsh/ConceptSkillCDM/results/crg_lcrf_core3_final_20260520/crg_support_controls/assist_09/crg_support_corruption_control.csv,auc_bce,0.0029132393171598,0.0046781912191514,direct_seen
assist_09,self_only_fallback,0.5,45,direct_seen,49506,0.7594273485199593,0.0131500288191229,0.5422836557057062,0.0072428657101716,0.7725773773390823,0.5350407899955346,1.0,True,,,,,weak,/home/zsh/ConceptSkillCDM/results/crg_lcrf_core3_final_20260520/crg_support_controls/assist_09/crg_support_corruption_control.csv,auc_bce,0.0032696737232853,0.0024815181868019,direct_seen
assist_09,self_only_fallback,0.5,45,direct_unseen,1584,0.7925131904258009,0.0255239956494306,0.4469762567002221,0.0524041239951494,0.8180371860752316,0.3945721327050726,1.0,True,,,,,weak,/home/zsh/ConceptSkillCDM/results/crg_lcrf_core3_final_20260520/crg_support_controls/assist_09/crg_support_corruption_control.csv,auc_bce,0.0116203416130007,0.0069013487286944,direct_unseen
assist_09,self_only_fallback,0.5,45,direct_unseen_bridgeable,1584,0.7925131904258009,0.0255239956494306,0.4469762567002221,0.0524041239951494,0.8180371860752316,0.3945721327050726,1.0,True,,,,,weak,/home/zsh/ConceptSkillCDM/results/crg_lcrf_core3_final_20260520/crg_support_controls/assist_09/crg_support_corruption_control.csv,auc_bce,0.0116203416130007,0.0069013487286944,direct_unseen_bridgeable
assist_09,self_only_fallback,0.5,45,high_seq_support,12141,0.7852926478875515,0.0124983958306678,0.502753137814934,0.0066107674675101,0.7977910437182193,0.4961423703474239,1.0,True,,,,,weak,/home/zsh/ConceptSkillCDM/results/crg_lcrf_core3_final_20260520/crg_support_controls/assist_09/crg_support_corruption_control.csv,auc_bce,0.0041790957314175,0.0055067824725233,high_seq_support
assist_09,self_only_fallback,0.5,45,high_crg_mass,12637,0.7324486526598326,0.0192941888187327,0.5227077605957638,0.0184886835932043,0.7517428414785654,0.5042190770025595,1.0,True,,,,,weak,/home/zsh/ConceptSkillCDM/results/crg_lcrf_core3_final_20260520/crg_support_controls/assist_09/crg_support_corruption_control.csv,auc_bce,0.0045102101756019,0.0043658109454278,high_crg_mass
assist_09,self_only_fallback,0.5,45,short_history,25670,0.7768207696503919,0.0060813564451842,0.5476280616615934,-0.0003745211966003,0.7829021260955762,0.5480025828581937,1.0,True,,,,,weak,/home/zsh/ConceptSkillCDM/results/crg_lcrf_core3_final_20260520/crg_support_controls/assist_09/crg_support_corruption_control.csv,auc_bce,0.0041978594343209,0.0020556419485249,short_history
assist_09,self_only_fallback,0.5,45,long_history,25420,0.7347379350940958,0.0228780510243641,0.5309477854888568,0.017749307685791,0.7576159861184599,0.5131984778030657,1.0,True,,,,,weak,/home/zsh/ConceptSkillCDM/results/crg_lcrf_core3_final_20260520/crg_support_controls/assist_09/crg_support_corruption_control.csv,auc_bce,0.0031179511009452,0.0031869963384518,long_history
assist_09,self_only_fallback,0.5,46,all,51090,0.7602030625747823,0.0147594489957092,0.5393287345833871,0.0086430503453021,0.7749625115704916,0.530685684238085,1.0,True,,,,,weak,/home/zsh/ConceptSkillCDM/results/crg_lcrf_core3_final_20260520/crg_support_controls/assist_09/crg_support_corruption_control.csv,auc_bce,0.0029547581615448,0.0040366944046573,all
assist_09,self_only_fallback,0.5,46,graph_hits_history,50529,0.7601386166900641,0.0145957817828135,0.5389440318606167,0.0084623597045435,0.7747343984728776,0.5304816721560731,1.0,True,,,,,weak,/home/zsh/ConceptSkillCDM/results/crg_lcrf_core3_final_20260520/crg_support_controls/assist_09/crg_support_corruption_control.csv,auc_bce,0.003017641489926,0.0041129528349125,direct_unseen_bridgeable
assist_09,self_only_fallback,0.5,46,high_support_mass,12637,0.7324486526598326,0.0192941888187327,0.5227077605866957,0.0184886835841361,0.7517428414785654,0.5042190770025595,1.0,True,,,,,weak,/home/zsh/ConceptSkillCDM/results/crg_lcrf_core3_final_20260520/crg_support_controls/assist_09/crg_support_corruption_control.csv,auc_bce,0.0030081930042364,0.0039153239096381,high_crg_mass
assist_09,self_only_fallback,0.5,46,query_seq_top5_q4_high,12141,0.7852926478875515,0.0124983958306678,0.502753137814934,0.0066107674675101,0.7977910437182193,0.4961423703474239,1.0,True,,,,,weak,/home/zsh/ConceptSkillCDM/results/crg_lcrf_core3_final_20260520/crg_support_controls/assist_09/crg_support_corruption_control.csv,auc_bce,0.0023524582554896,0.0055052089561214,high_seq_support
assist_09,self_only_fallback,0.5,46,multi_concept,8419,0.7457581173511552,0.0059585541786739,0.550953392522958,0.0023595572370431,0.7517166715298291,0.5485938352859149,1.0,True,,,,,weak,/home/zsh/ConceptSkillCDM/results/crg_lcrf_core3_final_20260520/crg_support_controls/assist_09/crg_support_corruption_control.csv,auc_bce,0.0024158675987542,0.0083563932221861,direct_seen
assist_09,self_only_fallback,0.5,46,direct_seen,49506,0.7594273485199593,0.0131500288191229,0.5422836557033914,0.0072428657078568,0.7725773773390823,0.5350407899955346,1.0,True,,,,,weak,/home/zsh/ConceptSkillCDM/results/crg_lcrf_core3_final_20260520/crg_support_controls/assist_09/crg_support_corruption_control.csv,auc_bce,0.0027803341962805,0.00396181971727,direct_seen
assist_09,self_only_fallback,0.5,46,direct_unseen,1584,0.7925131904258009,0.0255239956494306,0.4469762567002221,0.0524041239951494,0.8180371860752316,0.3945721327050726,1.0,True,,,,,weak,/home/zsh/ConceptSkillCDM/results/crg_lcrf_core3_final_20260520/crg_support_controls/assist_09/crg_support_corruption_control.csv,auc_bce,0.0126269632190286,0.0063768120017478,direct_unseen
assist_09,self_only_fallback,0.5,46,direct_unseen_bridgeable,1584,0.7925131904258009,0.0255239956494306,0.4469762567002221,0.0524041239951494,0.8180371860752316,0.3945721327050726,1.0,True,,,,,weak,/home/zsh/ConceptSkillCDM/results/crg_lcrf_core3_final_20260520/crg_support_controls/assist_09/crg_support_corruption_control.csv,auc_bce,0.0126269632190286,0.0063768120017478,direct_unseen_bridgeable
assist_09,self_only_fallback,0.5,46,high_seq_support,12141,0.7852926478875515,0.0124983958306678,0.502753137814934,0.0066107674675101,0.7977910437182193,0.4961423703474239,1.0,True,,,,,weak,/home/zsh/ConceptSkillCDM/results/crg_lcrf_core3_final_20260520/crg_support_controls/assist_09/crg_support_corruption_control.csv,auc_bce,0.0023524582554896,0.0055052089561214,high_seq_support
assist_09,self_only_fallback,0.5,46,high_crg_mass,12637,0.7324486526598326,0.0192941888187327,0.5227077605866957,0.0184886835841361,0.7517428414785654,0.5042190770025595,1.0,True,,,,,weak,/home/zsh/ConceptSkillCDM/results/crg_lcrf_core3_final_20260520/crg_support_controls/assist_09/crg_support_corruption_control.csv,auc_bce,0.0030081930042364,0.0039153239096381,high_crg_mass
assist_09,self_only_fallback,0.5,46,short_history,25670,0.7768207696503919,0.0060813564451842,0.5476280616615934,-0.0003745211966003,0.7829021260955762,0.5480025828581937,1.0,True,,,,,weak,/home/zsh/ConceptSkillCDM/results/crg_lcrf_core3_final_20260520/crg_support_controls/assist_09/crg_support_corruption_control.csv,auc_bce,0.0032845903398144,0.0042086417454483,short_history
assist_09,self_only_fallback,0.5,46,long_history,25420,0.7347379350940958,0.0228780510243641,0.5309477854843487,0.017749307681283,0.7576159861184599,0.5131984778030657,1.0,True,,,,,weak,/home/zsh/ConceptSkillCDM/results/crg_lcrf_core3_final_20260520/crg_support_controls/assist_09/crg_support_corruption_control.csv,auc_bce,0.0028645544293386,0.0038630560003262,long_history
assist_09,self_only_fallback,0.75,42,all,51090,0.7602030625747823,0.0147594489957092,0.539328734589395,0.0086430503513099,0.7749625115704916,0.530685684238085,1.0,True,,,,,weak,/home/zsh/ConceptSkillCDM/results/crg_lcrf_core3_final_20260520/crg_support_controls/assist_09/crg_support_corruption_control.csv,auc_bce,0.0070112261506742,0.0059871766980935,all
assist_09,self_only_fallback,0.75,42,graph_hits_history,50529,0.7601386166900641,0.0145957817828135,0.538944031866691,0.0084623597106179,0.7747343984728776,0.5304816721560731,1.0,True,,,,,weak,/home/zsh/ConceptSkillCDM/results/crg_lcrf_core3_final_20260520/crg_support_controls/assist_09/crg_support_corruption_control.csv,auc_bce,0.0070906583558472,0.0060308363947892,direct_unseen_bridgeable
assist_09,self_only_fallback,0.75,42,high_support_mass,12637,0.7324486526598326,0.0192941888187327,0.5227077605957638,0.0184886835932043,0.7517428414785654,0.5042190770025595,1.0,True,,,,,weak,/home/zsh/ConceptSkillCDM/results/crg_lcrf_core3_final_20260520/crg_support_controls/assist_09/crg_support_corruption_control.csv,auc_bce,0.0084511247950676,0.0078349126625797,high_crg_mass
assist_09,self_only_fallback,0.75,42,query_seq_top5_q4_high,12141,0.7852926478875515,0.0124983958306678,0.502753137814934,0.0066107674675101,0.7977910437182193,0.4961423703474239,1.0,True,,,,,weak,/home/zsh/ConceptSkillCDM/results/crg_lcrf_core3_final_20260520/crg_support_controls/assist_09/crg_support_corruption_control.csv,auc_bce,0.0067927703356975,0.0105160564545528,high_seq_support
assist_09,self_only_fallback,0.75,42,multi_concept,8419,0.7457581173511552,0.0059585541786739,0.5509533925594156,0.0023595572735006,0.7517166715298291,0.5485938352859149,1.0,True,,,,,weak,/home/zsh/ConceptSkillCDM/results/crg_lcrf_core3_final_20260520/crg_support_controls/assist_09/crg_support_corruption_control.csv,auc_bce,0.0207473196397109,0.0185863998021842,direct_seen
assist_09,self_only_fallback,0.75,42,direct_seen,49506,0.7594273485199593,0.0131500288191229,0.5422836557095915,0.0072428657140568,0.7725773773390823,0.5350407899955346,1.0,True,,,,,weak,/home/zsh/ConceptSkillCDM/results/crg_lcrf_core3_final_20260520/crg_support_controls/assist_09/crg_support_corruption_control.csv,auc_bce,0.0069542038363952,0.0059864210009439,direct_seen
assist_09,self_only_fallback,0.75,42,direct_unseen,1584,0.7925131904258009,0.0255239956494306,0.4469762567002221,0.0524041239951494,0.8180371860752316,0.3945721327050726,1.0,True,,,,,weak,/home/zsh/ConceptSkillCDM/results/crg_lcrf_core3_final_20260520/crg_support_controls/assist_09/crg_support_corruption_control.csv,auc_bce,0.0122562318470526,0.006010795096503,direct_unseen
assist_09,self_only_fallback,0.75,42,direct_unseen_bridgeable,1584,0.7925131904258009,0.0255239956494306,0.4469762567002221,0.0524041239951494,0.8180371860752316,0.3945721327050726,1.0,True,,,,,weak,/home/zsh/ConceptSkillCDM/results/crg_lcrf_core3_final_20260520/crg_support_controls/assist_09/crg_support_corruption_control.csv,auc_bce,0.0122562318470526,0.006010795096503,direct_unseen_bridgeable
assist_09,self_only_fallback,0.75,42,high_seq_support,12141,0.7852926478875515,0.0124983958306678,0.502753137814934,0.0066107674675101,0.7977910437182193,0.4961423703474239,1.0,True,,,,,weak,/home/zsh/ConceptSkillCDM/results/crg_lcrf_core3_final_20260520/crg_support_controls/assist_09/crg_support_corruption_control.csv,auc_bce,0.0067927703356975,0.0105160564545528,high_seq_support
assist_09,self_only_fallback,0.75,42,high_crg_mass,12637,0.7324486526598326,0.0192941888187327,0.5227077605957638,0.0184886835932043,0.7517428414785654,0.5042190770025595,1.0,True,,,,,weak,/home/zsh/ConceptSkillCDM/results/crg_lcrf_core3_final_20260520/crg_support_controls/assist_09/crg_support_corruption_control.csv,auc_bce,0.0084511247950676,0.0078349126625797,high_crg_mass
assist_09,self_only_fallback,0.75,42,short_history,25670,0.7768207696503919,0.0060813564451842,0.5476280616690863,-0.0003745211891074,0.7829021260955762,0.5480025828581937,1.0,True,,,,,weak,/home/zsh/ConceptSkillCDM/results/crg_lcrf_core3_final_20260520/crg_support_controls/assist_09/crg_support_corruption_control.csv,auc_bce,0.0060192893660091,0.0055080905231432,short_history
assist_09,self_only_fallback,0.75,42,long_history,25420,0.7347379350940958,0.0228780510243641,0.5309477854888568,0.017749307685791,0.7576159861184599,0.5131984778030657,1.0,True,,,,,weak,/home/zsh/ConceptSkillCDM/results/crg_lcrf_core3_final_20260520/crg_support_controls/assist_09/crg_support_corruption_control.csv,auc_bce,0.0087504090548422,0.0064709745781477,long_history
assist_09,self_only_fallback,0.75,43,all,51090,0.7602030625747823,0.0147594489957092,0.5393287345856302,0.0086430503475452,0.7749625115704916,0.530685684238085,1.0,True,,,,,weak,/home/zsh/ConceptSkillCDM/results/crg_lcrf_core3_final_20260520/crg_support_controls/assist_09/crg_support_corruption_control.csv,auc_bce,0.0096512395886789,0.0058328559962865,all
assist_09,self_only_fallback,0.75,43,graph_hits_history,50529,0.7601386166900641,0.0145957817828135,0.5389440318628844,0.0084623597068113,0.7747343984728776,0.5304816721560731,1.0,True,,,,,weak,/home/zsh/ConceptSkillCDM/results/crg_lcrf_core3_final_20260520/crg_support_controls/assist_09/crg_support_corruption_control.csv,auc_bce,0.0098652468921376,0.0059768258302673,direct_unseen_bridgeable
assist_09,self_only_fallback,0.75,43,high_support_mass,12637,0.7324486526598326,0.0192941888187327,0.5227077605957638,0.0184886835932043,0.7517428414785654,0.5042190770025595,1.0,True,,,,,weak,/home/zsh/ConceptSkillCDM/results/crg_lcrf_core3_final_20260520/crg_support_controls/assist_09/crg_support_corruption_control.csv,auc_bce,0.0145693034953989,0.0107007059777208,high_crg_mass
assist_09,self_only_fallback,0.75,43,query_seq_top5_q4_high,12141,0.7852926478875515,0.0124983958306678,0.502753137814934,0.0066107674675101,0.7977910437182193,0.4961423703474239,1.0,True,,,,,weak,/home/zsh/ConceptSkillCDM/results/crg_lcrf_core3_final_20260520/crg_support_controls/assist_09/crg_support_corruption_control.csv,auc_bce,0.0133205862978839,0.0163307282210058,high_seq_support
assist_09,self_only_fallback,0.75,43,multi_concept,8419,0.7457581173511552,0.0059585541786739,0.5509533925365695,0.0023595572506546,0.7517166715298291,0.5485938352859149,1.0,True,,,,,weak,/home/zsh/ConceptSkillCDM/results/crg_lcrf_core3_final_20260520/crg_support_controls/assist_09/crg_support_corruption_control.csv,auc_bce,0.0177386803525873,0.0202856527419411,direct_seen
assist_09,self_only_fallback,0.75,43,direct_seen,49506,0.7594273485199593,0.0131500288191229,0.5422836557057062,0.0072428657101716,0.7725773773390823,0.5350407899955346,1.0,True,,,,,weak,/home/zsh/ConceptSkillCDM/results/crg_lcrf_core3_final_20260520/crg_support_controls/assist_09/crg_support_corruption_control.csv,auc_bce,0.009465126403283,0.0056921861247914,direct_seen
assist_09,self_only_fallback,0.75,43,direct_unseen,1584,0.7925131904258009,0.0255239956494306,0.4469762567002221,0.0524041239951494,0.8180371860752316,0.3945721327050726,1.0,True,,,,,weak,/home/zsh/ConceptSkillCDM/results/crg_lcrf_core3_final_20260520/crg_support_controls/assist_09/crg_support_corruption_control.csv,auc_bce,0.0162679872232712,0.0102293223209281,direct_unseen
assist_09,self_only_fallback,0.75,43,direct_unseen_bridgeable,1584,0.7925131904258009,0.0255239956494306,0.4469762567002221,0.0524041239951494,0.8180371860752316,0.3945721327050726,1.0,True,,,,,weak,/home/zsh/ConceptSkillCDM/results/crg_lcrf_core3_final_20260520/crg_support_controls/assist_09/crg_support_corruption_control.csv,auc_bce,0.0162679872232712,0.0102293223209281,direct_unseen_bridgeable
assist_09,self_only_fallback,0.75,43,high_seq_support,12141,0.7852926478875515,0.0124983958306678,0.502753137814934,0.0066107674675101,0.7977910437182193,0.4961423703474239,1.0,True,,,,,weak,/home/zsh/ConceptSkillCDM/results/crg_lcrf_core3_final_20260520/crg_support_controls/assist_09/crg_support_corruption_control.csv,auc_bce,0.0133205862978839,0.0163307282210058,high_seq_support
assist_09,self_only_fallback,0.75,43,high_crg_mass,12637,0.7324486526598326,0.0192941888187327,0.5227077605957638,0.0184886835932043,0.7517428414785654,0.5042190770025595,1.0,True,,,,,weak,/home/zsh/ConceptSkillCDM/results/crg_lcrf_core3_final_20260520/crg_support_controls/assist_09/crg_support_corruption_control.csv,auc_bce,0.0145693034953989,0.0107007059777208,high_crg_mass
assist_09,self_only_fallback,0.75,43,short_history,25670,0.7768207696503919,0.0060813564451842,0.5476280616615934,-0.0003745211966003,0.7829021260955762,0.5480025828581937,1.0,True,,,,,weak,/home/zsh/ConceptSkillCDM/results/crg_lcrf_core3_final_20260520/crg_support_controls/assist_09/crg_support_corruption_control.csv,auc_bce,0.0091315787917238,0.0050461640943988,short_history
assist_09,self_only_fallback,0.75,43,long_history,25420,0.7347379350940958,0.0228780510243641,0.5309477854888568,0.017749307685791,0.7576159861184599,0.5131984778030657,1.0,True,,,,,weak,/home/zsh/ConceptSkillCDM/results/crg_lcrf_core3_final_20260520/crg_support_controls/assist_09/crg_support_corruption_control.csv,auc_bce,0.0110232697966916,0.0066272848366273,long_history
assist_09,self_only_fallback,0.75,44,all,51090,0.7602030625747823,0.0147594489957092,0.5393287345856302,0.0086430503475452,0.7749625115704916,0.530685684238085,1.0,True,,,,,weak,/home/zsh/ConceptSkillCDM/results/crg_lcrf_core3_final_20260520/crg_support_controls/assist_09/crg_support_corruption_control.csv,auc_bce,0.0087596671858908,0.0065659993120242,all
assist_09,self_only_fallback,0.75,44,graph_hits_history,50529,0.7601386166900641,0.0145957817828135,0.5389440318628844,0.0084623597068113,0.7747343984728776,0.5304816721560731,1.0,True,,,,,weak,/home/zsh/ConceptSkillCDM/results/crg_lcrf_core3_final_20260520/crg_support_controls/assist_09/crg_support_corruption_control.csv,auc_bce,0.008684529327204,0.0065740854032004,direct_unseen_bridgeable
assist_09,self_only_fallback,0.75,44,high_support_mass,12637,0.7324486526598326,0.0192941888187327,0.5227077605957638,0.0184886835932043,0.7517428414785654,0.5042190770025595,1.0,True,,,,,weak,/home/zsh/ConceptSkillCDM/results/crg_lcrf_core3_final_20260520/crg_support_controls/assist_09/crg_support_corruption_control.csv,auc_bce,0.0071749828029894,0.0064204419209923,high_crg_mass
assist_09,self_only_fallback,0.75,44,query_seq_top5_q4_high,12141,0.7852926478875515,0.0124983958306678,0.502753137814934,0.0066107674675101,0.7977910437182193,0.4961423703474239,1.0,True,,,,,weak,/home/zsh/ConceptSkillCDM/results/crg_lcrf_core3_final_20260520/crg_support_controls/assist_09/crg_support_corruption_control.csv,auc_bce,0.0098195841573159,0.0095629277999416,high_seq_support
assist_09,self_only_fallback,0.75,44,multi_concept,8419,0.7457581173511552,0.0059585541786739,0.5509533925365695,0.0023595572506546,0.7517166715298291,0.5485938352859149,1.0,True,,,,,weak,/home/zsh/ConceptSkillCDM/results/crg_lcrf_core3_final_20260520/crg_support_controls/assist_09/crg_support_corruption_control.csv,auc_bce,0.0064902723706408,0.0115978537217943,direct_seen
assist_09,self_only_fallback,0.75,44,direct_seen,49506,0.7594273485199593,0.0131500288191229,0.5422836557057062,0.0072428657101716,0.7725773773390823,0.5350407899955346,1.0,True,,,,,weak,/home/zsh/ConceptSkillCDM/results/crg_lcrf_core3_final_20260520/crg_support_controls/assist_09/crg_support_corruption_control.csv,auc_bce,0.0086667322353222,0.0064617648673684,direct_seen
assist_09,self_only_fallback,0.75,44,direct_unseen,1584,0.7925131904258009,0.0255239956494306,0.4469762567002221,0.0524041239951494,0.8180371860752316,0.3945721327050726,1.0,True,,,,,weak,/home/zsh/ConceptSkillCDM/results/crg_lcrf_core3_final_20260520/crg_support_controls/assist_09/crg_support_corruption_control.csv,auc_bce,0.0170462775869562,0.0098237205349546,direct_unseen
assist_09,self_only_fallback,0.75,44,direct_unseen_bridgeable,1584,0.7925131904258009,0.0255239956494306,0.4469762567002221,0.0524041239951494,0.8180371860752316,0.3945721327050726,1.0,True,,,,,weak,/home/zsh/ConceptSkillCDM/results/crg_lcrf_core3_final_20260520/crg_support_controls/assist_09/crg_support_corruption_control.csv,auc_bce,0.0170462775869562,0.0098237205349546,direct_unseen_bridgeable
assist_09,self_only_fallback,0.75,44,high_seq_support,12141,0.7852926478875515,0.0124983958306678,0.502753137814934,0.0066107674675101,0.7977910437182193,0.4961423703474239,1.0,True,,,,,weak,/home/zsh/ConceptSkillCDM/results/crg_lcrf_core3_final_20260520/crg_support_controls/assist_09/crg_support_corruption_control.csv,auc_bce,0.0098195841573159,0.0095629277999416,high_seq_support
assist_09,self_only_fallback,0.75,44,high_crg_mass,12637,0.7324486526598326,0.0192941888187327,0.5227077605957638,0.0184886835932043,0.7517428414785654,0.5042190770025595,1.0,True,,,,,weak,/home/zsh/ConceptSkillCDM/results/crg_lcrf_core3_final_20260520/crg_support_controls/assist_09/crg_support_corruption_control.csv,auc_bce,0.0071749828029894,0.0064204419209923,high_crg_mass
assist_09,self_only_fallback,0.75,44,short_history,25670,0.7768207696503919,0.0060813564451842,0.5476280616615934,-0.0003745211966003,0.7829021260955762,0.5480025828581937,1.0,True,,,,,weak,/home/zsh/ConceptSkillCDM/results/crg_lcrf_core3_final_20260520/crg_support_controls/assist_09/crg_support_corruption_control.csv,auc_bce,0.0088596748265027,0.0066361431128878,short_history
assist_09,self_only_fallback,0.75,44,long_history,25420,0.7347379350940958,0.0228780510243641,0.5309477854888568,0.017749307685791,0.7576159861184599,0.5131984778030657,1.0,True,,,,,weak,/home/zsh/ConceptSkillCDM/results/crg_lcrf_core3_final_20260520/crg_support_controls/assist_09/crg_support_corruption_control.csv,auc_bce,0.0091053687198841,0.0064951656626076,long_history
assist_09,self_only_fallback,0.75,45,all,51090,0.7602030625747823,0.0147594489957092,0.5393287345856302,0.0086430503475452,0.7749625115704916,0.530685684238085,1.0,True,,,,,weak,/home/zsh/ConceptSkillCDM/results/crg_lcrf_core3_final_20260520/crg_support_controls/assist_09/crg_support_corruption_control.csv,auc_bce,0.0086662823550489,0.0058222729223305,all
assist_09,self_only_fallback,0.75,45,graph_hits_history,50529,0.7601386166900641,0.0145957817828135,0.5389440318628844,0.0084623597068113,0.7747343984728776,0.5304816721560731,1.0,True,,,,,weak,/home/zsh/ConceptSkillCDM/results/crg_lcrf_core3_final_20260520/crg_support_controls/assist_09/crg_support_corruption_control.csv,auc_bce,0.008585151283124,0.0057237729698704,direct_unseen_bridgeable
assist_09,self_only_fallback,0.75,45,high_support_mass,12637,0.7324486526598326,0.0192941888187327,0.5227077605957638,0.0184886835932043,0.7517428414785654,0.5042190770025595,1.0,True,,,,,weak,/home/zsh/ConceptSkillCDM/results/crg_lcrf_core3_final_20260520/crg_support_controls/assist_09/crg_support_corruption_control.csv,auc_bce,0.0086354133592967,0.0067469365342722,high_crg_mass
assist_09,self_only_fallback,0.75,45,query_seq_top5_q4_high,12141,0.7852926478875515,0.0124983958306678,0.502753137814934,0.0066107674675101,0.7977910437182193,0.4961423703474239,1.0,True,,,,,weak,/home/zsh/ConceptSkillCDM/results/crg_lcrf_core3_final_20260520/crg_support_controls/assist_09/crg_support_corruption_control.csv,auc_bce,0.0106414564947686,0.0105275136209025,high_seq_support
assist_09,self_only_fallback,0.75,45,multi_concept,8419,0.7457581173511552,0.0059585541786739,0.5509533925365695,0.0023595572506546,0.7517166715298291,0.5485938352859149,1.0,True,,,,,weak,/home/zsh/ConceptSkillCDM/results/crg_lcrf_core3_final_20260520/crg_support_controls/assist_09/crg_support_corruption_control.csv,auc_bce,0.0175211423351402,0.0130840735382192,direct_seen
assist_09,self_only_fallback,0.75,45,direct_seen,49506,0.7594273485199593,0.0131500288191229,0.5422836557057062,0.0072428657101716,0.7725773773390823,0.5350407899955346,1.0,True,,,,,weak,/home/zsh/ConceptSkillCDM/results/crg_lcrf_core3_final_20260520/crg_support_controls/assist_09/crg_support_corruption_control.csv,auc_bce,0.0087146517534483,0.0056899063722383,direct_seen
assist_09,self_only_fallback,0.75,45,direct_unseen,1584,0.7925131904258009,0.0255239956494306,0.4469762567002221,0.0524041239951494,0.8180371860752316,0.3945721327050726,1.0,True,,,,,weak,/home/zsh/ConceptSkillCDM/results/crg_lcrf_core3_final_20260520/crg_support_controls/assist_09/crg_support_corruption_control.csv,auc_bce,0.0123127008639761,0.0099592290011515,direct_unseen
assist_09,self_only_fallback,0.75,45,direct_unseen_bridgeable,1584,0.7925131904258009,0.0255239956494306,0.4469762567002221,0.0524041239951494,0.8180371860752316,0.3945721327050726,1.0,True,,,,,weak,/home/zsh/ConceptSkillCDM/results/crg_lcrf_core3_final_20260520/crg_support_controls/assist_09/crg_support_corruption_control.csv,auc_bce,0.0123127008639761,0.0099592290011515,direct_unseen_bridgeable
assist_09,self_only_fallback,0.75,45,high_seq_support,12141,0.7852926478875515,0.0124983958306678,0.502753137814934,0.0066107674675101,0.7977910437182193,0.4961423703474239,1.0,True,,,,,weak,/home/zsh/ConceptSkillCDM/results/crg_lcrf_core3_final_20260520/crg_support_controls/assist_09/crg_support_corruption_control.csv,auc_bce,0.0106414564947686,0.0105275136209025,high_seq_support
assist_09,self_only_fallback,0.75,45,high_crg_mass,12637,0.7324486526598326,0.0192941888187327,0.5227077605957638,0.0184886835932043,0.7517428414785654,0.5042190770025595,1.0,True,,,,,weak,/home/zsh/ConceptSkillCDM/results/crg_lcrf_core3_final_20260520/crg_support_controls/assist_09/crg_support_corruption_control.csv,auc_bce,0.0086354133592967,0.0067469365342722,high_crg_mass
assist_09,self_only_fallback,0.75,45,short_history,25670,0.7768207696503919,0.0060813564451842,0.5476280616615934,-0.0003745211966003,0.7829021260955762,0.5480025828581937,1.0,True,,,,,weak,/home/zsh/ConceptSkillCDM/results/crg_lcrf_core3_final_20260520/crg_support_controls/assist_09/crg_support_corruption_control.csv,auc_bce,0.0098218340544335,0.0063009844664233,short_history
assist_09,self_only_fallback,0.75,45,long_history,25420,0.7347379350940958,0.0228780510243641,0.5309477854888568,0.017749307685791,0.7576159861184599,0.5131984778030657,1.0,True,,,,,weak,/home/zsh/ConceptSkillCDM/results/crg_lcrf_core3_final_20260520/crg_support_controls/assist_09/crg_support_corruption_control.csv,auc_bce,0.0078272530534886,0.0053388533575443,long_history
assist_09,self_only_fallback,0.75,46,all,51090,0.7602030625747823,0.0147594489957092,0.5393287345856302,0.0086430503475452,0.7749625115704916,0.530685684238085,1.0,True,,,,,weak,/home/zsh/ConceptSkillCDM/results/crg_lcrf_core3_final_20260520/crg_support_controls/assist_09/crg_support_corruption_control.csv,auc_bce,0.0093762114402691,0.0069409988000159,all
assist_09,self_only_fallback,0.75,46,graph_hits_history,50529,0.7601386166900641,0.0145957817828135,0.5389440318628844,0.0084623597068113,0.7747343984728776,0.5304816721560731,1.0,True,,,,,weak,/home/zsh/ConceptSkillCDM/results/crg_lcrf_core3_final_20260520/crg_support_controls/assist_09/crg_support_corruption_control.csv,auc_bce,0.0095227870570233,0.0070284818059481,direct_unseen_bridgeable
assist_09,self_only_fallback,0.75,46,high_support_mass,12637,0.7324486526598326,0.0192941888187327,0.5227077605957638,0.0184886835932043,0.7517428414785654,0.5042190770025595,1.0,True,,,,,weak,/home/zsh/ConceptSkillCDM/results/crg_lcrf_core3_final_20260520/crg_support_controls/assist_09/crg_support_corruption_control.csv,auc_bce,0.0101540494241797,0.0088085421256904,high_crg_mass
assist_09,self_only_fallback,0.75,46,query_seq_top5_q4_high,12141,0.7852926478875515,0.0124983958306678,0.502753137814934,0.0066107674675101,0.7977910437182193,0.4961423703474239,1.0,True,,,,,weak,/home/zsh/ConceptSkillCDM/results/crg_lcrf_core3_final_20260520/crg_support_controls/assist_09/crg_support_corruption_control.csv,auc_bce,0.0091493006521596,0.0115807201355547,high_seq_support
assist_09,self_only_fallback,0.75,46,multi_concept,8419,0.7457581173511552,0.0059585541786739,0.5509533925365695,0.0023595572506546,0.7517166715298291,0.5485938352859149,1.0,True,,,,,weak,/home/zsh/ConceptSkillCDM/results/crg_lcrf_core3_final_20260520/crg_support_controls/assist_09/crg_support_corruption_control.csv,auc_bce,0.013509281684187,0.0135036500517468,direct_seen
assist_09,self_only_fallback,0.75,46,direct_seen,49506,0.7594273485199593,0.0131500288191229,0.5422836557057062,0.0072428657101716,0.7725773773390823,0.5350407899955346,1.0,True,,,,,weak,/home/zsh/ConceptSkillCDM/results/crg_lcrf_core3_final_20260520/crg_support_controls/assist_09/crg_support_corruption_control.csv,auc_bce,0.0095284061199629,0.0069792732011779,direct_seen
assist_09,self_only_fallback,0.75,46,direct_unseen,1584,0.7925131904258009,0.0255239956494306,0.4469762567002221,0.0524041239951494,0.8180371860752316,0.3945721327050726,1.0,True,,,,,weak,/home/zsh/ConceptSkillCDM/results/crg_lcrf_core3_final_20260520/crg_support_controls/assist_09/crg_support_corruption_control.csv,auc_bce,0.0095543121459945,0.0057447787849085,direct_unseen
assist_09,self_only_fallback,0.75,46,direct_unseen_bridgeable,1584,0.7925131904258009,0.0255239956494306,0.4469762567002221,0.0524041239951494,0.8180371860752316,0.3945721327050726,1.0,True,,,,,weak,/home/zsh/ConceptSkillCDM/results/crg_lcrf_core3_final_20260520/crg_support_controls/assist_09/crg_support_corruption_control.csv,auc_bce,0.0095543121459945,0.0057447787849085,direct_unseen_bridgeable
assist_09,self_only_fallback,0.75,46,high_seq_support,12141,0.7852926478875515,0.0124983958306678,0.502753137814934,0.0066107674675101,0.7977910437182193,0.4961423703474239,1.0,True,,,,,weak,/home/zsh/ConceptSkillCDM/results/crg_lcrf_core3_final_20260520/crg_support_controls/assist_09/crg_support_corruption_control.csv,auc_bce,0.0091493006521596,0.0115807201355547,high_seq_support
assist_09,self_only_fallback,0.75,46,high_crg_mass,12637,0.7324486526598326,0.0192941888187327,0.5227077605957638,0.0184886835932043,0.7517428414785654,0.5042190770025595,1.0,True,,,,,weak,/home/zsh/ConceptSkillCDM/results/crg_lcrf_core3_final_20260520/crg_support_controls/assist_09/crg_support_corruption_control.csv,auc_bce,0.0101540494241797,0.0088085421256904,high_crg_mass
assist_09,self_only_fallback,0.75,46,short_history,25670,0.7768207696503919,0.0060813564451842,0.5476280616615934,-0.0003745211966003,0.7829021260955762,0.5480025828581937,1.0,True,,,,,weak,/home/zsh/ConceptSkillCDM/results/crg_lcrf_core3_final_20260520/crg_support_controls/assist_09/crg_support_corruption_control.csv,auc_bce,0.0096593035189729,0.0068363389057516,short_history
assist_09,self_only_fallback,0.75,46,long_history,25420,0.7347379350940958,0.0228780510243641,0.5309477854888568,0.017749307685791,0.7576159861184599,0.5131984778030657,1.0,True,,,,,weak,/home/zsh/ConceptSkillCDM/results/crg_lcrf_core3_final_20260520/crg_support_controls/assist_09/crg_support_corruption_control.csv,auc_bce,0.0096182088706197,0.007046688000872,long_history
assist_09,self_only_fallback,1.0,42,all,51090,0.7602030625747823,0.0147594489957092,0.5393287345871519,0.0086430503490668,0.7749625115704916,0.530685684238085,1.0,True,,,,,support_dependence_only,/home/zsh/ConceptSkillCDM/results/crg_lcrf_core3_final_20260520/crg_support_controls/assist_09/crg_support_corruption_control.csv,auc_bce,0.0160411067337984,0.0081624248155351,all
assist_09,self_only_fallback,1.0,42,graph_hits_history,50529,0.7601386166900641,0.0145957817828135,0.5389440318644232,0.00846235970835,0.7747343984728776,0.5304816721560731,1.0,True,,,,,support_dependence_only,/home/zsh/ConceptSkillCDM/results/crg_lcrf_core3_final_20260520/crg_support_controls/assist_09/crg_support_corruption_control.csv,auc_bce,0.0156526191275199,0.0078590563312046,direct_unseen_bridgeable
assist_09,self_only_fallback,1.0,42,high_support_mass,12637,0.7324486526598326,0.0192941888187327,0.5227077605866957,0.0184886835841361,0.7517428414785654,0.5042190770025595,1.0,True,,,,,support_dependence_only,/home/zsh/ConceptSkillCDM/results/crg_lcrf_core3_final_20260520/crg_support_controls/assist_09/crg_support_corruption_control.csv,auc_bce,0.0133642683140677,0.0090419680474943,high_crg_mass
assist_09,self_only_fallback,1.0,42,query_seq_top5_q4_high,12141,0.7852926478875515,0.0124983958306678,0.502753137814934,0.0066107674675101,0.7977910437182193,0.4961423703474239,1.0,True,,,,,support_dependence_only,/home/zsh/ConceptSkillCDM/results/crg_lcrf_core3_final_20260520/crg_support_controls/assist_09/crg_support_corruption_control.csv,auc_bce,0.0220942870447954,0.014507212199818,high_seq_support
assist_09,self_only_fallback,1.0,42,multi_concept,8419,0.7457581173511552,0.0059585541786739,0.5509533925458042,0.0023595572598893,0.7517166715298291,0.5485938352859149,1.0,True,,,,,support_dependence_only,/home/zsh/ConceptSkillCDM/results/crg_lcrf_core3_final_20260520/crg_support_controls/assist_09/crg_support_corruption_control.csv,auc_bce,0.0167819478413085,0.0115369842648457,direct_seen
assist_09,self_only_fallback,1.0,42,direct_seen,49506,0.7594273485199593,0.0131500288191229,0.5422836557072767,0.007242865711742,0.7725773773390823,0.5350407899955346,1.0,True,,,,,support_dependence_only,/home/zsh/ConceptSkillCDM/results/crg_lcrf_core3_final_20260520/crg_support_controls/assist_09/crg_support_corruption_control.csv,auc_bce,0.015980551592158,0.0078621884785442,direct_seen
assist_09,self_only_fallback,1.0,42,direct_unseen,1584,0.7925131904258009,0.0255239956494306,0.4469762567002221,0.0524041239951494,0.8180371860752316,0.3945721327050726,1.0,True,,,,,support_dependence_only,/home/zsh/ConceptSkillCDM/results/crg_lcrf_core3_final_20260520/crg_support_controls/assist_09/crg_support_corruption_control.csv,auc_bce,0.023230862527406,0.0175459476053516,direct_unseen
assist_09,self_only_fallback,1.0,42,direct_unseen_bridgeable,1584,0.7925131904258009,0.0255239956494306,0.4469762567002221,0.0524041239951494,0.8180371860752316,0.3945721327050726,1.0,True,,,,,support_dependence_only,/home/zsh/ConceptSkillCDM/results/crg_lcrf_core3_final_20260520/crg_support_controls/assist_09/crg_support_corruption_control.csv,auc_bce,0.023230862527406,0.0175459476053516,direct_unseen_bridgeable
assist_09,self_only_fallback,1.0,42,high_seq_support,12141,0.7852926478875515,0.0124983958306678,0.502753137814934,0.0066107674675101,0.7977910437182193,0.4961423703474239,1.0,True,,,,,support_dependence_only,/home/zsh/ConceptSkillCDM/results/crg_lcrf_core3_final_20260520/crg_support_controls/assist_09/crg_support_corruption_control.csv,auc_bce,0.0220942870447954,0.014507212199818,high_seq_support
assist_09,self_only_fallback,1.0,42,high_crg_mass,12637,0.7324486526598326,0.0192941888187327,0.5227077605866957,0.0184886835841361,0.7517428414785654,0.5042190770025595,1.0,True,,,,,support_dependence_only,/home/zsh/ConceptSkillCDM/results/crg_lcrf_core3_final_20260520/crg_support_controls/assist_09/crg_support_corruption_control.csv,auc_bce,0.0133642683140677,0.0090419680474943,high_crg_mass
assist_09,self_only_fallback,1.0,42,short_history,25670,0.7768207696503919,0.0060813564451842,0.5476280616690863,-0.0003745211891074,0.7829021260955762,0.5480025828581937,1.0,True,,,,,support_dependence_only,/home/zsh/ConceptSkillCDM/results/crg_lcrf_core3_final_20260520/crg_support_controls/assist_09/crg_support_corruption_control.csv,auc_bce,0.0184536640334784,0.0088850095160052,short_history
assist_09,self_only_fallback,1.0,42,long_history,25420,0.7347379350940958,0.0228780510243641,0.5309477854843487,0.017749307681283,0.7576159861184599,0.5131984778030657,1.0,True,,,,,support_dependence_only,/home/zsh/ConceptSkillCDM/results/crg_lcrf_core3_final_20260520/crg_support_controls/assist_09/crg_support_corruption_control.csv,auc_bce,0.014071852253481,0.0074327336565633,long_history
assist_09,self_only_fallback,1.0,43,all,51090,0.7602030625747823,0.0147594489957092,0.5393287345871519,0.0086430503490668,0.7749625115704916,0.530685684238085,1.0,True,,,,,support_dependence_only,/home/zsh/ConceptSkillCDM/results/crg_lcrf_core3_final_20260520/crg_support_controls/assist_09/crg_support_corruption_control.csv,auc_bce,0.0150384510211983,0.0081525090228389,all
assist_09,self_only_fallback,1.0,43,graph_hits_history,50529,0.7601386166900641,0.0145957817828135,0.5389440318644232,0.00846235970835,0.7747343984728776,0.5304816721560731,1.0,True,,,,,support_dependence_only,/home/zsh/ConceptSkillCDM/results/crg_lcrf_core3_final_20260520/crg_support_controls/assist_09/crg_support_corruption_control.csv,auc_bce,0.0150456985028539,0.0081114215717317,direct_unseen_bridgeable
assist_09,self_only_fallback,1.0,43,high_support_mass,12637,0.7324486526598326,0.0192941888187327,0.5227077605866957,0.0184886835841361,0.7517428414785654,0.5042190770025595,1.0,True,,,,,support_dependence_only,/home/zsh/ConceptSkillCDM/results/crg_lcrf_core3_final_20260520/crg_support_controls/assist_09/crg_support_corruption_control.csv,auc_bce,0.0137805282772913,0.0089722420429758,high_crg_mass
assist_09,self_only_fallback,1.0,43,query_seq_top5_q4_high,12141,0.7852926478875515,0.0124983958306678,0.502753137814934,0.0066107674675101,0.7977910437182193,0.4961423703474239,1.0,True,,,,,support_dependence_only,/home/zsh/ConceptSkillCDM/results/crg_lcrf_core3_final_20260520/crg_support_controls/assist_09/crg_support_corruption_control.csv,auc_bce,0.0139210244134688,0.0089503740512163,high_seq_support
assist_09,self_only_fallback,1.0,43,multi_concept,8419,0.7457581173511552,0.0059585541786739,0.5509533925458042,0.0023595572598893,0.7517166715298291,0.5485938352859149,1.0,True,,,,,support_dependence_only,/home/zsh/ConceptSkillCDM/results/crg_lcrf_core3_final_20260520/crg_support_controls/assist_09/crg_support_corruption_control.csv,auc_bce,0.0172206883281739,0.0129996826489877,direct_seen
assist_09,self_only_fallback,1.0,43,direct_seen,49506,0.7594273485199593,0.0131500288191229,0.5422836557072767,0.007242865711742,0.7725773773390823,0.5350407899955346,1.0,True,,,,,support_dependence_only,/home/zsh/ConceptSkillCDM/results/crg_lcrf_core3_final_20260520/crg_support_controls/assist_09/crg_support_corruption_control.csv,auc_bce,0.0147608345335579,0.0076883064959011,direct_seen
assist_09,self_only_fallback,1.0,43,direct_unseen,1584,0.7925131904258009,0.0255239956494306,0.4469762567002221,0.0524041239951494,0.8180371860752316,0.3945721327050726,1.0,True,,,,,support_dependence_only,/home/zsh/ConceptSkillCDM/results/crg_lcrf_core3_final_20260520/crg_support_controls/assist_09/crg_support_corruption_control.csv,auc_bce,0.02765754241928,0.0226605963325471,direct_unseen
assist_09,self_only_fallback,1.0,43,direct_unseen_bridgeable,1584,0.7925131904258009,0.0255239956494306,0.4469762567002221,0.0524041239951494,0.8180371860752316,0.3945721327050726,1.0,True,,,,,support_dependence_only,/home/zsh/ConceptSkillCDM/results/crg_lcrf_core3_final_20260520/crg_support_controls/assist_09/crg_support_corruption_control.csv,auc_bce,0.02765754241928,0.0226605963325471,direct_unseen_bridgeable
assist_09,self_only_fallback,1.0,43,high_seq_support,12141,0.7852926478875515,0.0124983958306678,0.502753137814934,0.0066107674675101,0.7977910437182193,0.4961423703474239,1.0,True,,,,,support_dependence_only,/home/zsh/ConceptSkillCDM/results/crg_lcrf_core3_final_20260520/crg_support_controls/assist_09/crg_support_corruption_control.csv,auc_bce,0.0139210244134688,0.0089503740512163,high_seq_support
assist_09,self_only_fallback,1.0,43,high_crg_mass,12637,0.7324486526598326,0.0192941888187327,0.5227077605866957,0.0184886835841361,0.7517428414785654,0.5042190770025595,1.0,True,,,,,support_dependence_only,/home/zsh/ConceptSkillCDM/results/crg_lcrf_core3_final_20260520/crg_support_controls/assist_09/crg_support_corruption_control.csv,auc_bce,0.0137805282772913,0.0089722420429758,high_crg_mass
assist_09,self_only_fallback,1.0,43,short_history,25670,0.7768207696503919,0.0060813564451842,0.5476280616690863,-0.0003745211891074,0.7829021260955762,0.5480025828581937,1.0,True,,,,,support_dependence_only,/home/zsh/ConceptSkillCDM/results/crg_lcrf_core3_final_20260520/crg_support_controls/assist_09/crg_support_corruption_control.csv,auc_bce,0.0168999125216509,0.0094811653125326,short_history
assist_09,self_only_fallback,1.0,43,long_history,25420,0.7347379350940958,0.0228780510243641,0.5309477854843487,0.017749307681283,0.7576159861184599,0.5131984778030657,1.0,True,,,,,support_dependence_only,/home/zsh/ConceptSkillCDM/results/crg_lcrf_core3_final_20260520/crg_support_controls/assist_09/crg_support_corruption_control.csv,auc_bce,0.0134074611618338,0.0068107856964645,long_history
assist_09,self_only_fallback,1.0,44,all,51090,0.7602030625747823,0.0147594489957092,0.5393287345856302,0.0086430503475452,0.7749625115704916,0.530685684238085,1.0,True,,,,,support_dependence_only,/home/zsh/ConceptSkillCDM/results/crg_lcrf_core3_final_20260520/crg_support_controls/assist_09/crg_support_corruption_control.csv,auc_bce,0.0136438523671695,0.0063855931005943,all
assist_09,self_only_fallback,1.0,44,graph_hits_history,50529,0.7601386166900641,0.0145957817828135,0.5389440318628844,0.0084623597068113,0.7747343984728776,0.5304816721560731,1.0,True,,,,,support_dependence_only,/home/zsh/ConceptSkillCDM/results/crg_lcrf_core3_final_20260520/crg_support_controls/assist_09/crg_support_corruption_control.csv,auc_bce,0.0136882845856513,0.006411268618822,direct_unseen_bridgeable
assist_09,self_only_fallback,1.0,44,high_support_mass,12637,0.7324486526598326,0.0192941888187327,0.5227077605957638,0.0184886835932043,0.7517428414785654,0.5042190770025595,1.0,True,,,,,support_dependence_only,/home/zsh/ConceptSkillCDM/results/crg_lcrf_core3_final_20260520/crg_support_controls/assist_09/crg_support_corruption_control.csv,auc_bce,0.0091343109674425,0.0062901295910873,high_crg_mass
assist_09,self_only_fallback,1.0,44,query_seq_top5_q4_high,12141,0.7852926478875515,0.0124983958306678,0.502753137814934,0.0066107674675101,0.7977910437182193,0.4961423703474239,1.0,True,,,,,support_dependence_only,/home/zsh/ConceptSkillCDM/results/crg_lcrf_core3_final_20260520/crg_support_controls/assist_09/crg_support_corruption_control.csv,auc_bce,0.0139077584023319,0.0076827319275123,high_seq_support
assist_09,self_only_fallback,1.0,44,multi_concept,8419,0.7457581173511552,0.0059585541786739,0.5509533925365695,0.0023595572506546,0.7517166715298291,0.5485938352859149,1.0,True,,,,,support_dependence_only,/home/zsh/ConceptSkillCDM/results/crg_lcrf_core3_final_20260520/crg_support_controls/assist_09/crg_support_corruption_control.csv,auc_bce,0.0119255552296884,0.008622485510182,direct_seen
assist_09,self_only_fallback,1.0,44,direct_seen,49506,0.7594273485199593,0.0131500288191229,0.5422836557057062,0.0072428657101716,0.7725773773390823,0.5350407899955346,1.0,True,,,,,support_dependence_only,/home/zsh/ConceptSkillCDM/results/crg_lcrf_core3_final_20260520/crg_support_controls/assist_09/crg_support_corruption_control.csv,auc_bce,0.0135225113749327,0.0059585468052041,direct_seen
assist_09,self_only_fallback,1.0,44,direct_unseen,1584,0.7925131904258009,0.0255239956494306,0.4469762567002221,0.0524041239951494,0.8180371860752316,0.3945721327050726,1.0,True,,,,,support_dependence_only,/home/zsh/ConceptSkillCDM/results/crg_lcrf_core3_final_20260520/crg_support_controls/assist_09/crg_support_corruption_control.csv,auc_bce,0.0268694313569997,0.0197324074311381,direct_unseen
assist_09,self_only_fallback,1.0,44,direct_unseen_bridgeable,1584,0.7925131904258009,0.0255239956494306,0.4469762567002221,0.0524041239951494,0.8180371860752316,0.3945721327050726,1.0,True,,,,,support_dependence_only,/home/zsh/ConceptSkillCDM/results/crg_lcrf_core3_final_20260520/crg_support_controls/assist_09/crg_support_corruption_control.csv,auc_bce,0.0268694313569997,0.0197324074311381,direct_unseen_bridgeable
assist_09,self_only_fallback,1.0,44,high_seq_support,12141,0.7852926478875515,0.0124983958306678,0.502753137814934,0.0066107674675101,0.7977910437182193,0.4961423703474239,1.0,True,,,,,support_dependence_only,/home/zsh/ConceptSkillCDM/results/crg_lcrf_core3_final_20260520/crg_support_controls/assist_09/crg_support_corruption_control.csv,auc_bce,0.0139077584023319,0.0076827319275123,high_seq_support
assist_09,self_only_fallback,1.0,44,high_crg_mass,12637,0.7324486526598326,0.0192941888187327,0.5227077605957638,0.0184886835932043,0.7517428414785654,0.5042190770025595,1.0,True,,,,,support_dependence_only,/home/zsh/ConceptSkillCDM/results/crg_lcrf_core3_final_20260520/crg_support_controls/assist_09/crg_support_corruption_control.csv,auc_bce,0.0091343109674425,0.0062901295910873,high_crg_mass
assist_09,self_only_fallback,1.0,44,short_history,25670,0.7768207696503919,0.0060813564451842,0.5476280616615934,-0.0003745211966003,0.7829021260955762,0.5480025828581937,1.0,True,,,,,support_dependence_only,/home/zsh/ConceptSkillCDM/results/crg_lcrf_core3_final_20260520/crg_support_controls/assist_09/crg_support_corruption_control.csv,auc_bce,0.0139586174688608,0.0052634919553452,short_history
assist_09,self_only_fallback,1.0,44,long_history,25420,0.7347379350940958,0.0228780510243641,0.5309477854888568,0.017749307685791,0.7576159861184599,0.5131984778030657,1.0,True,,,,,support_dependence_only,/home/zsh/ConceptSkillCDM/results/crg_lcrf_core3_final_20260520/crg_support_controls/assist_09/crg_support_corruption_control.csv,auc_bce,0.0142145742522366,0.0075187298589953,long_history
assist_09,self_only_fallback,1.0,45,all,51090,0.7602030625747823,0.0147594489957092,0.5393287345856302,0.0086430503475452,0.7749625115704916,0.530685684238085,1.0,True,,,,,support_dependence_only,/home/zsh/ConceptSkillCDM/results/crg_lcrf_core3_final_20260520/crg_support_controls/assist_09/crg_support_corruption_control.csv,auc_bce,0.0134526393047987,0.0060036546896824,all
assist_09,self_only_fallback,1.0,45,graph_hits_history,50529,0.7601386166900641,0.0145957817828135,0.5389440318628844,0.0084623597068113,0.7747343984728776,0.5304816721560731,1.0,True,,,,,support_dependence_only,/home/zsh/ConceptSkillCDM/results/crg_lcrf_core3_final_20260520/crg_support_controls/assist_09/crg_support_corruption_control.csv,auc_bce,0.0133576655610793,0.0059135948109534,direct_unseen_bridgeable
assist_09,self_only_fallback,1.0,45,high_support_mass,12637,0.7324486526598326,0.0192941888187327,0.5227077605957638,0.0184886835932043,0.7517428414785654,0.5042190770025595,1.0,True,,,,,support_dependence_only,/home/zsh/ConceptSkillCDM/results/crg_lcrf_core3_final_20260520/crg_support_controls/assist_09/crg_support_corruption_control.csv,auc_bce,0.0103717490530066,0.0076187411900545,high_crg_mass
assist_09,self_only_fallback,1.0,45,query_seq_top5_q4_high,12141,0.7852926478875515,0.0124983958306678,0.502753137814934,0.0066107674675101,0.7977910437182193,0.4961423703474239,1.0,True,,,,,support_dependence_only,/home/zsh/ConceptSkillCDM/results/crg_lcrf_core3_final_20260520/crg_support_controls/assist_09/crg_support_corruption_control.csv,auc_bce,0.0109015275764106,0.0065982196174916,high_seq_support
assist_09,self_only_fallback,1.0,45,multi_concept,8419,0.7457581173511552,0.0059585541786739,0.5509533925365695,0.0023595572506546,0.7517166715298291,0.5485938352859149,1.0,True,,,,,support_dependence_only,/home/zsh/ConceptSkillCDM/results/crg_lcrf_core3_final_20260520/crg_support_controls/assist_09/crg_support_corruption_control.csv,auc_bce,0.0123621529437907,0.0093585689835982,direct_seen
assist_09,self_only_fallback,1.0,45,direct_seen,49506,0.7594273485199593,0.0131500288191229,0.5422836557057062,0.0072428657101716,0.7725773773390823,0.5350407899955346,1.0,True,,,,,support_dependence_only,/home/zsh/ConceptSkillCDM/results/crg_lcrf_core3_final_20260520/crg_support_controls/assist_09/crg_support_corruption_control.csv,auc_bce,0.0133434888843055,0.0054962948015798,direct_seen
assist_09,self_only_fallback,1.0,45,direct_unseen,1584,0.7925131904258009,0.0255239956494306,0.4469762567002221,0.0524041239951494,0.8180371860752316,0.3945721327050726,1.0,True,,,,,support_dependence_only,/home/zsh/ConceptSkillCDM/results/crg_lcrf_core3_final_20260520/crg_support_controls/assist_09/crg_support_corruption_control.csv,auc_bce,0.0227619241694758,0.0218605730106367,direct_unseen
assist_09,self_only_fallback,1.0,45,direct_unseen_bridgeable,1584,0.7925131904258009,0.0255239956494306,0.4469762567002221,0.0524041239951494,0.8180371860752316,0.3945721327050726,1.0,True,,,,,support_dependence_only,/home/zsh/ConceptSkillCDM/results/crg_lcrf_core3_final_20260520/crg_support_controls/assist_09/crg_support_corruption_control.csv,auc_bce,0.0227619241694758,0.0218605730106367,direct_unseen_bridgeable
assist_09,self_only_fallback,1.0,45,high_seq_support,12141,0.7852926478875515,0.0124983958306678,0.502753137814934,0.0066107674675101,0.7977910437182193,0.4961423703474239,1.0,True,,,,,support_dependence_only,/home/zsh/ConceptSkillCDM/results/crg_lcrf_core3_final_20260520/crg_support_controls/assist_09/crg_support_corruption_control.csv,auc_bce,0.0109015275764106,0.0065982196174916,high_seq_support
assist_09,self_only_fallback,1.0,45,high_crg_mass,12637,0.7324486526598326,0.0192941888187327,0.5227077605957638,0.0184886835932043,0.7517428414785654,0.5042190770025595,1.0,True,,,,,support_dependence_only,/home/zsh/ConceptSkillCDM/results/crg_lcrf_core3_final_20260520/crg_support_controls/assist_09/crg_support_corruption_control.csv,auc_bce,0.0103717490530066,0.0076187411900545,high_crg_mass
assist_09,self_only_fallback,1.0,45,short_history,25670,0.7768207696503919,0.0060813564451842,0.5476280616615934,-0.0003745211966003,0.7829021260955762,0.5480025828581937,1.0,True,,,,,support_dependence_only,/home/zsh/ConceptSkillCDM/results/crg_lcrf_core3_final_20260520/crg_support_controls/assist_09/crg_support_corruption_control.csv,auc_bce,0.0150302712206122,0.0050319300587432,short_history
assist_09,self_only_fallback,1.0,45,long_history,25420,0.7347379350940958,0.0228780510243641,0.5309477854888568,0.017749307685791,0.7576159861184599,0.5131984778030657,1.0,True,,,,,support_dependence_only,/home/zsh/ConceptSkillCDM/results/crg_lcrf_core3_final_20260520/crg_support_controls/assist_09/crg_support_corruption_control.csv,auc_bce,0.01240645816837,0.0069849360144742,long_history
assist_09,self_only_fallback,1.0,46,all,51090,0.7602030625747823,0.0147594489957092,0.539328734589395,0.0086430503513099,0.7749625115704916,0.530685684238085,1.0,True,,,,,support_dependence_only,/home/zsh/ConceptSkillCDM/results/crg_lcrf_core3_final_20260520/crg_support_controls/assist_09/crg_support_corruption_control.csv,auc_bce,0.0146109992898429,0.0065609905078104,all
assist_09,self_only_fallback,1.0,46,graph_hits_history,50529,0.7601386166900641,0.0145957817828135,0.538944031866691,0.0084623597106179,0.7747343984728776,0.5304816721560731,1.0,True,,,,,support_dependence_only,/home/zsh/ConceptSkillCDM/results/crg_lcrf_core3_final_20260520/crg_support_controls/assist_09/crg_support_corruption_control.csv,auc_bce,0.0142267487220331,0.006246275537096,direct_unseen_bridgeable
assist_09,self_only_fallback,1.0,46,high_support_mass,12637,0.7324486526598326,0.0192941888187327,0.5227077605957638,0.0184886835932043,0.7517428414785654,0.5042190770025595,1.0,True,,,,,support_dependence_only,/home/zsh/ConceptSkillCDM/results/crg_lcrf_core3_final_20260520/crg_support_controls/assist_09/crg_support_corruption_control.csv,auc_bce,0.0095334794619774,0.0070773295458255,high_crg_mass
assist_09,self_only_fallback,1.0,46,query_seq_top5_q4_high,12141,0.7852926478875515,0.0124983958306678,0.502753137814934,0.0066107674675101,0.7977910437182193,0.4961423703474239,1.0,True,,,,,support_dependence_only,/home/zsh/ConceptSkillCDM/results/crg_lcrf_core3_final_20260520/crg_support_controls/assist_09/crg_support_corruption_control.csv,auc_bce,0.011644853675261,0.0063558018659414,high_seq_support
assist_09,self_only_fallback,1.0,46,multi_concept,8419,0.7457581173511552,0.0059585541786739,0.5509533925594156,0.0023595572735006,0.7517166715298291,0.5485938352859149,1.0,True,,,,,support_dependence_only,/home/zsh/ConceptSkillCDM/results/crg_lcrf_core3_final_20260520/crg_support_controls/assist_09/crg_support_corruption_control.csv,auc_bce,0.0105504230454526,0.0069014949858536,direct_seen
assist_09,self_only_fallback,1.0,46,direct_seen,49506,0.7594273485199593,0.0131500288191229,0.5422836557095915,0.0072428657140568,0.7725773773390823,0.5350407899955346,1.0,True,,,,,support_dependence_only,/home/zsh/ConceptSkillCDM/results/crg_lcrf_core3_final_20260520/crg_support_controls/assist_09/crg_support_corruption_control.csv,auc_bce,0.0145208736766716,0.0061494917656956,direct_seen
assist_09,self_only_fallback,1.0,46,direct_unseen,1584,0.7925131904258009,0.0255239956494306,0.4469762567002221,0.0524041239951494,0.8180371860752316,0.3945721327050726,1.0,True,,,,,support_dependence_only,/home/zsh/ConceptSkillCDM/results/crg_lcrf_core3_final_20260520/crg_support_controls/assist_09/crg_support_corruption_control.csv,auc_bce,0.023633511169817,0.0194218849062435,direct_unseen
assist_09,self_only_fallback,1.0,46,direct_unseen_bridgeable,1584,0.7925131904258009,0.0255239956494306,0.4469762567002221,0.0524041239951494,0.8180371860752316,0.3945721327050726,1.0,True,,,,,support_dependence_only,/home/zsh/ConceptSkillCDM/results/crg_lcrf_core3_final_20260520/crg_support_controls/assist_09/crg_support_corruption_control.csv,auc_bce,0.023633511169817,0.0194218849062435,direct_unseen_bridgeable
assist_09,self_only_fallback,1.0,46,high_seq_support,12141,0.7852926478875515,0.0124983958306678,0.502753137814934,0.0066107674675101,0.7977910437182193,0.4961423703474239,1.0,True,,,,,support_dependence_only,/home/zsh/ConceptSkillCDM/results/crg_lcrf_core3_final_20260520/crg_support_controls/assist_09/crg_support_corruption_control.csv,auc_bce,0.011644853675261,0.0063558018659414,high_seq_support
assist_09,self_only_fallback,1.0,46,high_crg_mass,12637,0.7324486526598326,0.0192941888187327,0.5227077605957638,0.0184886835932043,0.7517428414785654,0.5042190770025595,1.0,True,,,,,support_dependence_only,/home/zsh/ConceptSkillCDM/results/crg_lcrf_core3_final_20260520/crg_support_controls/assist_09/crg_support_corruption_control.csv,auc_bce,0.0095334794619774,0.0070773295458255,high_crg_mass
assist_09,self_only_fallback,1.0,46,short_history,25670,0.7768207696503919,0.0060813564451842,0.5476280616690863,-0.0003745211891074,0.7829021260955762,0.5480025828581937,1.0,True,,,,,support_dependence_only,/home/zsh/ConceptSkillCDM/results/crg_lcrf_core3_final_20260520/crg_support_controls/assist_09/crg_support_corruption_control.csv,auc_bce,0.0171725876648338,0.0068971223625196,short_history
assist_09,self_only_fallback,1.0,46,long_history,25420,0.7347379350940958,0.0228780510243641,0.5309477854888568,0.017749307685791,0.7576159861184599,0.5131984778030657,1.0,True,,,,,support_dependence_only,/home/zsh/ConceptSkillCDM/results/crg_lcrf_core3_final_20260520/crg_support_controls/assist_09/crg_support_corruption_control.csv,auc_bce,0.0123494809558396,0.0062215528716822,long_history
junyi,evidence_support_corruption,0.0,42,all,60494,0.8292766664709184,0.0,0.4940065469246736,0.0,0.8292766664709184,0.4940065469246736,23.34576797485352,True,0.0,0.0,,,weak,/home/zsh/ConceptSkillCDM/results/crg_lcrf_small_core_20260519_compact/crg_support_corruption_control/junyi/crg_support_corruption_control.csv,auc_bce,0.0,0.0,all
junyi,evidence_support_corruption,0.0,42,graph_hits_history,60473,0.8291952340613343,0.0,0.4940077317549822,0.0,0.8291952340613343,0.4940077317549822,23.34576797485352,True,0.0,0.0,,,weak,/home/zsh/ConceptSkillCDM/results/crg_lcrf_small_core_20260519_compact/crg_support_corruption_control/junyi/crg_support_corruption_control.csv,auc_bce,0.0,0.0,direct_unseen_bridgeable
junyi,evidence_support_corruption,0.0,42,high_support_mass,15119,0.8180118473606905,0.0,0.4270084703934592,0.0,0.8180118473606905,0.4270084703934592,23.34576797485352,True,0.0,0.0,,,weak,/home/zsh/ConceptSkillCDM/results/crg_lcrf_small_core_20260519_compact/crg_support_corruption_control/junyi/crg_support_corruption_control.csv,auc_bce,0.0,0.0,high_crg_mass
junyi,evidence_support_corruption,0.0,42,query_seq_top5_q4_high,14777,0.8432008156918233,0.0,0.4035551786513289,0.0,0.8432008156918233,0.4035551786513289,23.34576797485352,True,0.0,0.0,,,weak,/home/zsh/ConceptSkillCDM/results/crg_lcrf_small_core_20260519_compact/crg_support_corruption_control/junyi/crg_support_corruption_control.csv,auc_bce,0.0,0.0,high_seq_support
junyi,evidence_support_corruption,0.25,42,all,60494,0.8291061076347337,0.0001705588361846,0.494181428124347,0.0001748811996734,0.8292766664709184,0.4940065469246736,17.705883026123047,True,-2.373326743159999e-05,0.00039018468397549995,,,weak,/home/zsh/ConceptSkillCDM/results/crg_lcrf_small_core_20260519_compact/crg_support_corruption_control/junyi/crg_support_corruption_control.csv,auc_bce,0.0001942921036162,-0.0002153034843021,all
junyi,evidence_support_corruption,0.25,42,graph_hits_history,60473,0.8290194101163044,0.0001758239450299,0.4941928328061978,0.0001851010512156,0.8291952340613343,0.4940077317549822,17.705883026123047,True,-1.954960427989999e-05,0.0003974110881917,,,weak,/home/zsh/ConceptSkillCDM/results/crg_lcrf_small_core_20260519_compact/crg_support_corruption_control/junyi/crg_support_corruption_control.csv,auc_bce,0.0001953735493098,-0.0002123100369761,direct_unseen_bridgeable
junyi,evidence_support_corruption,0.25,42,high_support_mass,15119,0.818041335026555,-2.948766586441387e-05,0.4265476344282865,-0.0004608359651726,0.8180118473606905,0.4270084703934592,17.705883026123047,True,-0.00023466366204891387,-0.00030239610906779995,,,weak,/home/zsh/ConceptSkillCDM/results/crg_lcrf_small_core_20260519_compact/crg_support_corruption_control/junyi/crg_support_corruption_control.csv,auc_bce,0.0002051759961845,-0.0001584398561048,high_crg_mass
junyi,evidence_support_corruption,0.25,42,query_seq_top5_q4_high,14777,0.843085709598537,0.0001151060932862,0.4027609275228907,-0.0007942511284382,0.8432008156918233,0.4035551786513289,17.705883026123047,True,3.811012610317552e-05,-0.0008559041284989796,,,weak,/home/zsh/ConceptSkillCDM/results/crg_lcrf_small_core_20260519_compact/crg_support_corruption_control/junyi/crg_support_corruption_control.csv,auc_bce,7.699596718302448e-05,6.165300006077956e-05,high_seq_support
junyi,evidence_support_corruption,0.5,42,all,60494,0.8283738416663636,0.0009028248045547,0.4927076498399714,-0.0012988970847022,0.8292766664709184,0.4940065469246736,12.136298179626465,True,0.0006698242283167,-0.0005577367578538,,,weak,/home/zsh/ConceptSkillCDM/results/crg_lcrf_small_core_20260519_compact/crg_support_corruption_control/junyi/crg_support_corruption_control.csv,auc_bce,0.000233000576238,-0.0007411603268484,all
junyi,evidence_support_corruption,0.5,42,graph_hits_history,60473,0.8282873985321307,0.0009078355292035,0.4927212780354342,-0.0012864537195479,0.8291952340613343,0.4940077317549822,12.136298179626465,True,0.0006715539111511,-0.0005515575474707999,,,weak,/home/zsh/ConceptSkillCDM/results/crg_lcrf_small_core_20260519_compact/crg_support_corruption_control/junyi/crg_support_corruption_control.csv,auc_bce,0.0002362816180524,-0.0007348961720771,direct_unseen_bridgeable
junyi,evidence_support_corruption,0.5,42,high_support_mass,15119,0.8176657217636133,0.0003461255970772,0.4251347511413831,-0.001873719252076,0.8180118473606905,0.4270084703934592,12.136298179626465,True,0.0001516319704745,-0.001329097243109,,,weak,/home/zsh/ConceptSkillCDM/results/crg_lcrf_small_core_20260519_compact/crg_support_corruption_control/junyi/crg_support_corruption_control.csv,auc_bce,0.0001944936266027,-0.000544622008967,high_crg_mass
junyi,evidence_support_corruption,0.5,42,query_seq_top5_q4_high,14777,0.8427798652017564,0.0004209504900668,0.4014222963553241,-0.0021328822960048,0.8432008156918233,0.4035551786513289,12.136298179626465,True,0.0004282822477476618,-0.0019415385281891001,,,weak,/home/zsh/ConceptSkillCDM/results/crg_lcrf_small_core_20260519_compact/crg_support_corruption_control/junyi/crg_support_corruption_control.csv,auc_bce,-7.331757680861806e-06,-0.0001913437678157,high_seq_support
junyi,evidence_support_corruption,0.75,42,all,60494,0.8273536789079892,0.0019229875629291,0.4916713565575124,-0.0023351903671611,0.8292766664709184,0.4940065469246736,6.529411792755127,True,0.0008309720982846,-0.0016075741065353002,,,weak,/home/zsh/ConceptSkillCDM/results/crg_lcrf_small_core_20260519_compact/crg_support_corruption_control/junyi/crg_support_corruption_control.csv,auc_bce,0.0010920154646445,-0.0007276162606258,all
junyi,evidence_support_corruption,0.75,42,graph_hits_history,60473,0.8272702672942345,0.0019249667670998,0.4916828843711005,-0.0023248473838816,0.8291952340613343,0.4940077317549822,6.529411792755127,True,0.0008303233134808001,-0.0016010241125365998,,,weak,/home/zsh/ConceptSkillCDM/results/crg_lcrf_small_core_20260519_compact/crg_support_corruption_control/junyi/crg_support_corruption_control.csv,auc_bce,0.001094643453619,-0.000723823271345,direct_unseen_bridgeable
junyi,evidence_support_corruption,0.75,42,high_support_mass,15119,0.8163220983644127,0.0016897489962778,0.4246424819054292,-0.0023659884880299,0.8180118473606905,0.4270084703934592,6.529411792755127,True,0.00035760103346700015,-0.0020995181608871004,,,weak,/home/zsh/ConceptSkillCDM/results/crg_lcrf_small_core_20260519_compact/crg_support_corruption_control/junyi/crg_support_corruption_control.csv,auc_bce,0.0013321479628108,-0.0002664703271428,high_crg_mass
junyi,evidence_support_corruption,0.75,42,query_seq_top5_q4_high,14777,0.8421801749672674,0.0010206407245558,0.3992790959455963,-0.0042760827057326,0.8432008156918233,0.4035551786513289,6.529411792755127,True,0.0004505277514284001,-0.0035477239776400995,,,weak,/home/zsh/ConceptSkillCDM/results/crg_lcrf_small_core_20260519_compact/crg_support_corruption_control/junyi/crg_support_corruption_control.csv,auc_bce,0.0005701129731274,-0.0007283587280925,high_seq_support
junyi,evidence_support_corruption,1.0,42,all,60494,0.8274235770609575,0.0018530894099608,0.5035179275882486,0.009511380663575,0.8292766664709184,0.4940065469246736,1.0,True,-0.0009368055157251999,0.0140485372198314,,,strong_evidence_gap,/home/zsh/ConceptSkillCDM/results/crg_lcrf_small_core_20260519_compact/crg_support_corruption_control/junyi/crg_support_corruption_control.csv,auc_bce,0.002789894925686,-0.0045371565562564,all
junyi,evidence_support_corruption,1.0,42,graph_hits_history,60473,0.8273540718697374,0.0018411621915969,0.5035227986917526,0.0095150669367704,0.8291952340613343,0.4940077317549822,1.0,True,-0.0009379106542233,0.0140546407674356,,,strong_evidence_gap,/home/zsh/ConceptSkillCDM/results/crg_lcrf_small_core_20260519_compact/crg_support_corruption_control/junyi/crg_support_corruption_control.csv,auc_bce,0.0027790728458202,-0.0045395738306652,direct_unseen_bridgeable
junyi,evidence_support_corruption,1.0,42,high_support_mass,15119,0.8172357353596624,0.0007761120010281,0.4353303757100881,0.0083219053166289,0.8180118473606905,0.4270084703934592,1.0,True,-0.0015082929073537,0.010471854103916099,,,strong_evidence_gap,/home/zsh/ConceptSkillCDM/results/crg_lcrf_small_core_20260519_compact/crg_support_corruption_control/junyi/crg_support_corruption_control.csv,auc_bce,0.0022844049083818,-0.0021499487872872,high_crg_mass
junyi,evidence_support_corruption,1.0,42,query_seq_top5_q4_high,14777,0.8428222417602305,0.0003785739315927,0.4133717412632113,0.0098165626118824,0.8432008156918233,0.4035551786513289,1.0,True,-0.0015824335289838,0.014078835855114099,,,strong_evidence_gap,/home/zsh/ConceptSkillCDM/results/crg_lcrf_small_core_20260519_compact/crg_support_corruption_control/junyi/crg_support_corruption_control.csv,auc_bce,0.0019610074605765,-0.0042622732432317,high_seq_support
junyi,degree_matched_random_support,0.0,42,all,60494,0.8292766664709184,0.0,0.4940065469246736,0.0,0.8292766664709184,0.4940065469246736,23.34576797485352,True,,,,,weak,/home/zsh/ConceptSkillCDM/results/crg_lcrf_small_core_20260519_compact/crg_support_corruption_control/junyi/crg_support_corruption_control.csv,auc_bce,0.0,0.0,all
junyi,degree_matched_random_support,0.0,42,graph_hits_history,60473,0.8291952340613343,0.0,0.4940077317549822,0.0,0.8291952340613343,0.4940077317549822,23.34576797485352,True,,,,,weak,/home/zsh/ConceptSkillCDM/results/crg_lcrf_small_core_20260519_compact/crg_support_corruption_control/junyi/crg_support_corruption_control.csv,auc_bce,0.0,0.0,direct_unseen_bridgeable
junyi,degree_matched_random_support,0.0,42,high_support_mass,15119,0.8180118473606905,0.0,0.4270084703934592,0.0,0.8180118473606905,0.4270084703934592,23.34576797485352,True,,,,,weak,/home/zsh/ConceptSkillCDM/results/crg_lcrf_small_core_20260519_compact/crg_support_corruption_control/junyi/crg_support_corruption_control.csv,auc_bce,0.0,0.0,high_crg_mass
junyi,degree_matched_random_support,0.0,42,query_seq_top5_q4_high,14777,0.8432008156918233,0.0,0.4035551786513289,0.0,0.8432008156918233,0.4035551786513289,23.34576797485352,True,,,,,weak,/home/zsh/ConceptSkillCDM/results/crg_lcrf_small_core_20260519_compact/crg_support_corruption_control/junyi/crg_support_corruption_control.csv,auc_bce,0.0,0.0,high_seq_support
junyi,degree_matched_random_support,0.25,42,all,60494,0.8290823743673021,0.0001942921036162,0.4937912434403714,-0.0002153034843021,0.8292766664709184,0.4940065469246736,23.34576797485352,True,,,,,weak,/home/zsh/ConceptSkillCDM/results/crg_lcrf_small_core_20260519_compact/crg_support_corruption_control/junyi/crg_support_corruption_control.csv,auc_bce,0.0001942921036162,-0.0002153034843021,all
junyi,degree_matched_random_support,0.25,42,graph_hits_history,60473,0.8289998605120245,0.0001953735493098,0.493795421718006,-0.0002123100369761,0.8291952340613343,0.4940077317549822,23.34576797485352,True,,,,,weak,/home/zsh/ConceptSkillCDM/results/crg_lcrf_small_core_20260519_compact/crg_support_corruption_control/junyi/crg_support_corruption_control.csv,auc_bce,0.0001953735493098,-0.0002123100369761,direct_unseen_bridgeable
junyi,degree_matched_random_support,0.25,42,high_support_mass,15119,0.817806671364506,0.0002051759961845,0.4268500305373543,-0.0001584398561048,0.8180118473606905,0.4270084703934592,23.34576797485352,True,,,,,weak,/home/zsh/ConceptSkillCDM/results/crg_lcrf_small_core_20260519_compact/crg_support_corruption_control/junyi/crg_support_corruption_control.csv,auc_bce,0.0002051759961845,-0.0001584398561048,high_crg_mass
junyi,degree_matched_random_support,0.25,42,query_seq_top5_q4_high,14777,0.8431238197246402,7.699596718302448e-05,0.4036168316513897,6.165300006077956e-05,0.8432008156918233,0.4035551786513289,23.34576797485352,True,,,,,weak,/home/zsh/ConceptSkillCDM/results/crg_lcrf_small_core_20260519_compact/crg_support_corruption_control/junyi/crg_support_corruption_control.csv,auc_bce,7.699596718302448e-05,6.165300006077956e-05,high_seq_support
junyi,degree_matched_random_support,0.5,42,all,60494,0.8290436658946803,0.000233000576238,0.4932653865978252,-0.0007411603268484,0.8292766664709184,0.4940065469246736,23.34576797485352,True,,,,,weak,/home/zsh/ConceptSkillCDM/results/crg_lcrf_small_core_20260519_compact/crg_support_corruption_control/junyi/crg_support_corruption_control.csv,auc_bce,0.000233000576238,-0.0007411603268484,all
junyi,degree_matched_random_support,0.5,42,graph_hits_history,60473,0.8289589524432819,0.0002362816180524,0.4932728355829051,-0.0007348961720771,0.8291952340613343,0.4940077317549822,23.34576797485352,True,,,,,weak,/home/zsh/ConceptSkillCDM/results/crg_lcrf_small_core_20260519_compact/crg_support_corruption_control/junyi/crg_support_corruption_control.csv,auc_bce,0.0002362816180524,-0.0007348961720771,direct_unseen_bridgeable
junyi,degree_matched_random_support,0.5,42,high_support_mass,15119,0.8178173537340878,0.0001944936266027,0.4264638483844921,-0.000544622008967,0.8180118473606905,0.4270084703934592,23.34576797485352,True,,,,,weak,/home/zsh/ConceptSkillCDM/results/crg_lcrf_small_core_20260519_compact/crg_support_corruption_control/junyi/crg_support_corruption_control.csv,auc_bce,0.0001944936266027,-0.000544622008967,high_crg_mass
junyi,degree_matched_random_support,0.5,42,query_seq_top5_q4_high,14777,0.8432081474495041,-7.331757680861806e-06,0.4033638348835132,-0.0001913437678157,0.8432008156918233,0.4035551786513289,23.34576797485352,True,,,,,weak,/home/zsh/ConceptSkillCDM/results/crg_lcrf_small_core_20260519_compact/crg_support_corruption_control/junyi/crg_support_corruption_control.csv,auc_bce,-7.331757680861806e-06,-0.0001913437678157,high_seq_support
junyi,degree_matched_random_support,0.75,42,all,60494,0.8281846510062738,0.0010920154646445,0.4932789306640477,-0.0007276162606258,0.8292766664709184,0.4940065469246736,23.34576797485352,True,,,,,weak,/home/zsh/ConceptSkillCDM/results/crg_lcrf_small_core_20260519_compact/crg_support_corruption_control/junyi/crg_support_corruption_control.csv,auc_bce,0.0010920154646445,-0.0007276162606258,all
junyi,degree_matched_random_support,0.75,42,graph_hits_history,60473,0.8281005906077152,0.001094643453619,0.4932839084836371,-0.000723823271345,0.8291952340613343,0.4940077317549822,23.34576797485352,True,,,,,weak,/home/zsh/ConceptSkillCDM/results/crg_lcrf_small_core_20260519_compact/crg_support_corruption_control/junyi/crg_support_corruption_control.csv,auc_bce,0.001094643453619,-0.000723823271345,direct_unseen_bridgeable
junyi,degree_matched_random_support,0.75,42,high_support_mass,15119,0.8166796993978797,0.0013321479628108,0.4267420000663163,-0.0002664703271428,0.8180118473606905,0.4270084703934592,23.34576797485352,True,,,,,weak,/home/zsh/ConceptSkillCDM/results/crg_lcrf_small_core_20260519_compact/crg_support_corruption_control/junyi/crg_support_corruption_control.csv,auc_bce,0.0013321479628108,-0.0002664703271428,high_crg_mass
junyi,degree_matched_random_support,0.75,42,query_seq_top5_q4_high,14777,0.8426307027186958,0.0005701129731274,0.4028268199232364,-0.0007283587280925,0.8432008156918233,0.4035551786513289,23.34576797485352,True,,,,,weak,/home/zsh/ConceptSkillCDM/results/crg_lcrf_small_core_20260519_compact/crg_support_corruption_control/junyi/crg_support_corruption_control.csv,auc_bce,0.0005701129731274,-0.0007283587280925,high_seq_support
junyi,degree_matched_random_support,1.0,42,all,60494,0.8264867715452323,0.002789894925686,0.4894693903684172,-0.0045371565562564,0.8292766664709184,0.4940065469246736,23.34576797485352,True,,,,,weak,/home/zsh/ConceptSkillCDM/results/crg_lcrf_small_core_20260519_compact/crg_support_corruption_control/junyi/crg_support_corruption_control.csv,auc_bce,0.002789894925686,-0.0045371565562564,all
junyi,degree_matched_random_support,1.0,42,graph_hits_history,60473,0.8264161612155141,0.0027790728458202,0.4894681579243169,-0.0045395738306652,0.8291952340613343,0.4940077317549822,23.34576797485352,True,,,,,weak,/home/zsh/ConceptSkillCDM/results/crg_lcrf_small_core_20260519_compact/crg_support_corruption_control/junyi/crg_support_corruption_control.csv,auc_bce,0.0027790728458202,-0.0045395738306652,direct_unseen_bridgeable
junyi,degree_matched_random_support,1.0,42,high_support_mass,15119,0.8157274424523087,0.0022844049083818,0.4248585216061719,-0.0021499487872872,0.8180118473606905,0.4270084703934592,23.34576797485352,True,,,,,weak,/home/zsh/ConceptSkillCDM/results/crg_lcrf_small_core_20260519_compact/crg_support_corruption_control/junyi/crg_support_corruption_control.csv,auc_bce,0.0022844049083818,-0.0021499487872872,high_crg_mass
junyi,degree_matched_random_support,1.0,42,query_seq_top5_q4_high,14777,0.8412398082312467,0.0019610074605765,0.3992929054080972,-0.0042622732432317,0.8432008156918233,0.4035551786513289,23.34576797485352,True,,,,,weak,/home/zsh/ConceptSkillCDM/results/crg_lcrf_small_core_20260519_compact/crg_support_corruption_control/junyi/crg_support_corruption_control.csv,auc_bce,0.0019610074605765,-0.0042622732432317,high_seq_support
junyi,sequence_shuffled_support,0.0,42,all,60494,0.8292766664709184,0.0,0.4940065469246736,0.0,0.8292766664709184,0.4940065469246736,23.34576797485352,True,,,,,weak,/home/zsh/ConceptSkillCDM/results/crg_lcrf_small_core_20260519_compact/crg_support_corruption_control/junyi/crg_support_corruption_control.csv,auc_bce,0.0,0.0,all
junyi,sequence_shuffled_support,0.0,42,graph_hits_history,60473,0.8291952340613343,0.0,0.4940077317549822,0.0,0.8291952340613343,0.4940077317549822,23.34576797485352,True,,,,,weak,/home/zsh/ConceptSkillCDM/results/crg_lcrf_small_core_20260519_compact/crg_support_corruption_control/junyi/crg_support_corruption_control.csv,auc_bce,0.0,0.0,direct_unseen_bridgeable
junyi,sequence_shuffled_support,0.0,42,high_support_mass,15119,0.8180118473606905,0.0,0.4270084703934592,0.0,0.8180118473606905,0.4270084703934592,23.34576797485352,True,,,,,weak,/home/zsh/ConceptSkillCDM/results/crg_lcrf_small_core_20260519_compact/crg_support_corruption_control/junyi/crg_support_corruption_control.csv,auc_bce,0.0,0.0,high_crg_mass
junyi,sequence_shuffled_support,0.0,42,query_seq_top5_q4_high,14777,0.8432008156918233,0.0,0.4035551786513289,0.0,0.8432008156918233,0.4035551786513289,23.34576797485352,True,,,,,weak,/home/zsh/ConceptSkillCDM/results/crg_lcrf_small_core_20260519_compact/crg_support_corruption_control/junyi/crg_support_corruption_control.csv,auc_bce,0.0,0.0,high_seq_support
junyi,sequence_shuffled_support,0.25,42,all,60494,0.8291420648805046,0.0001346015904137,0.4938343071557702,-0.0001722397689034,0.8292766664709184,0.4940065469246736,23.34576797485352,True,,,,,weak,/home/zsh/ConceptSkillCDM/results/crg_lcrf_small_core_20260519_compact/crg_support_corruption_control/junyi/crg_support_corruption_control.csv,auc_bce,0.0001942921036162,-0.0002153034843021,all
junyi,sequence_shuffled_support,0.25,42,graph_hits_history,60473,0.8290620931513997,0.0001331409099346,0.4938347843307833,-0.0001729474241988,0.8291952340613343,0.4940077317549822,23.34576797485352,True,,,,,weak,/home/zsh/ConceptSkillCDM/results/crg_lcrf_small_core_20260519_compact/crg_support_corruption_control/junyi/crg_support_corruption_control.csv,auc_bce,0.0001953735493098,-0.0002123100369761,direct_unseen_bridgeable
junyi,sequence_shuffled_support,0.25,42,high_support_mass,15119,0.8179894372152801,2.241014541048969e-05,0.4267491272680987,-0.0002593431253604,0.8180118473606905,0.4270084703934592,23.34576797485352,True,,,,,weak,/home/zsh/ConceptSkillCDM/results/crg_lcrf_small_core_20260519_compact/crg_support_corruption_control/junyi/crg_support_corruption_control.csv,auc_bce,0.0002051759961845,-0.0001584398561048,high_crg_mass
junyi,sequence_shuffled_support,0.25,42,query_seq_top5_q4_high,14777,0.8431428998107556,5.791588106762724e-05,0.4032848289505116,-0.0002703497008172,0.8432008156918233,0.4035551786513289,23.34576797485352,True,,,,,weak,/home/zsh/ConceptSkillCDM/results/crg_lcrf_small_core_20260519_compact/crg_support_corruption_control/junyi/crg_support_corruption_control.csv,auc_bce,7.699596718302448e-05,6.165300006077956e-05,high_seq_support
junyi,sequence_shuffled_support,0.5,42,all,60494,0.8289363413134747,0.0003403251574436,0.4936741512490482,-0.0003323956756254,0.8292766664709184,0.4940065469246736,23.34576797485352,True,,,,,weak,/home/zsh/ConceptSkillCDM/results/crg_lcrf_small_core_20260519_compact/crg_support_corruption_control/junyi/crg_support_corruption_control.csv,auc_bce,0.000233000576238,-0.0007411603268484,all
junyi,sequence_shuffled_support,0.5,42,graph_hits_history,60473,0.8288561435379196,0.0003390905234147,0.4936744107577218,-0.0003333209972604,0.8291952340613343,0.4940077317549822,23.34576797485352,True,,,,,weak,/home/zsh/ConceptSkillCDM/results/crg_lcrf_small_core_20260519_compact/crg_support_corruption_control/junyi/crg_support_corruption_control.csv,auc_bce,0.0002362816180524,-0.0007348961720771,direct_unseen_bridgeable
junyi,sequence_shuffled_support,0.5,42,high_support_mass,15119,0.8183722241279857,-0.0003603767672951,0.4263001092674248,-0.0007083611260343,0.8180118473606905,0.4270084703934592,23.34576797485352,True,,,,,weak,/home/zsh/ConceptSkillCDM/results/crg_lcrf_small_core_20260519_compact/crg_support_corruption_control/junyi/crg_support_corruption_control.csv,auc_bce,0.0001944936266027,-0.000544622008967,high_crg_mass
junyi,sequence_shuffled_support,0.5,42,query_seq_top5_q4_high,14777,0.8429310670645134,0.0002697486273098,0.402898903685828,-0.0006562749655009,0.8432008156918233,0.4035551786513289,23.34576797485352,True,,,,,weak,/home/zsh/ConceptSkillCDM/results/crg_lcrf_small_core_20260519_compact/crg_support_corruption_control/junyi/crg_support_corruption_control.csv,auc_bce,-7.331757680861806e-06,-0.0001913437678157,high_seq_support
junyi,sequence_shuffled_support,0.75,42,all,60494,0.8284140781362779,0.0008625883346404,0.4936428774628889,-0.0003636694617846,0.8292766664709184,0.4940065469246736,23.34576797485352,True,,,,,weak,/home/zsh/ConceptSkillCDM/results/crg_lcrf_small_core_20260519_compact/crg_support_corruption_control/junyi/crg_support_corruption_control.csv,auc_bce,0.0010920154646445,-0.0007276162606258,all
junyi,sequence_shuffled_support,0.75,42,graph_hits_history,60473,0.8283278784682858,0.0008673555930485,0.4936477189258972,-0.0003600128290849,0.8291952340613343,0.4940077317549822,23.34576797485352,True,,,,,weak,/home/zsh/ConceptSkillCDM/results/crg_lcrf_small_core_20260519_compact/crg_support_corruption_control/junyi/crg_support_corruption_control.csv,auc_bce,0.001094643453619,-0.000723823271345,direct_unseen_bridgeable
junyi,sequence_shuffled_support,0.75,42,high_support_mass,15119,0.8173700159896687,0.0006418313710218,0.4269370417529108,-7.14286405483211e-05,0.8180118473606905,0.4270084703934592,23.34576797485352,True,,,,,weak,/home/zsh/ConceptSkillCDM/results/crg_lcrf_small_core_20260519_compact/crg_support_corruption_control/junyi/crg_support_corruption_control.csv,auc_bce,0.0013321479628108,-0.0002664703271428,high_crg_mass
junyi,sequence_shuffled_support,0.75,42,query_seq_top5_q4_high,14777,0.8428822971132494,0.0003185185785739,0.4037002522629448,0.0001450736116159,0.8432008156918233,0.4035551786513289,23.34576797485352,True,,,,,weak,/home/zsh/ConceptSkillCDM/results/crg_lcrf_small_core_20260519_compact/crg_support_corruption_control/junyi/crg_support_corruption_control.csv,auc_bce,0.0005701129731274,-0.0007283587280925,high_seq_support
junyi,sequence_shuffled_support,1.0,42,all,60494,0.8260016930019891,0.0032749734689292,0.4914961719221299,-0.0025103750025436,0.8292766664709184,0.4940065469246736,23.34576797485352,True,,,,,weak,/home/zsh/ConceptSkillCDM/results/crg_lcrf_small_core_20260519_compact/crg_support_corruption_control/junyi/crg_support_corruption_control.csv,auc_bce,0.002789894925686,-0.0045371565562564,all
junyi,sequence_shuffled_support,1.0,42,graph_hits_history,60473,0.8259243379592545,0.0032708961020798,0.4914968923135444,-0.0025108394414377,0.8291952340613343,0.4940077317549822,23.34576797485352,True,,,,,weak,/home/zsh/ConceptSkillCDM/results/crg_lcrf_small_core_20260519_compact/crg_support_corruption_control/junyi/crg_support_corruption_control.csv,auc_bce,0.0027790728458202,-0.0045395738306652,direct_unseen_bridgeable
junyi,sequence_shuffled_support,1.0,42,high_support_mass,15119,0.8150975791803909,0.0029142681802996,0.4256533848138273,-0.0013550855796318,0.8180118473606905,0.4270084703934592,23.34576797485352,True,,,,,weak,/home/zsh/ConceptSkillCDM/results/crg_lcrf_small_core_20260519_compact/crg_support_corruption_control/junyi/crg_support_corruption_control.csv,auc_bce,0.0022844049083818,-0.0021499487872872,high_crg_mass
junyi,sequence_shuffled_support,1.0,42,query_seq_top5_q4_high,14777,0.8409306858131139,0.0022701298787093,0.3996633649528257,-0.0038918136985032,0.8432008156918233,0.4035551786513289,23.34576797485352,True,,,,,weak,/home/zsh/ConceptSkillCDM/results/crg_lcrf_small_core_20260519_compact/crg_support_corruption_control/junyi/crg_support_corruption_control.csv,auc_bce,0.0019610074605765,-0.0042622732432317,high_seq_support
junyi,self_only_fallback,0.0,42,all,60494,0.8292766664709184,0.0,0.4940065469246736,0.0,0.8292766664709184,0.4940065469246736,23.34576797485352,True,,,,,weak,/home/zsh/ConceptSkillCDM/results/crg_lcrf_small_core_20260519_compact/crg_support_corruption_control/junyi/crg_support_corruption_control.csv,auc_bce,0.0,0.0,all
junyi,self_only_fallback,0.0,42,graph_hits_history,60473,0.8291952340613343,0.0,0.4940077317549822,0.0,0.8291952340613343,0.4940077317549822,23.34576797485352,True,,,,,weak,/home/zsh/ConceptSkillCDM/results/crg_lcrf_small_core_20260519_compact/crg_support_corruption_control/junyi/crg_support_corruption_control.csv,auc_bce,0.0,0.0,direct_unseen_bridgeable
junyi,self_only_fallback,0.0,42,high_support_mass,15119,0.8180118473606905,0.0,0.4270084703934592,0.0,0.8180118473606905,0.4270084703934592,23.34576797485352,True,,,,,weak,/home/zsh/ConceptSkillCDM/results/crg_lcrf_small_core_20260519_compact/crg_support_corruption_control/junyi/crg_support_corruption_control.csv,auc_bce,0.0,0.0,high_crg_mass
junyi,self_only_fallback,0.0,42,query_seq_top5_q4_high,14777,0.8432008156918233,0.0,0.4035551786513289,0.0,0.8432008156918233,0.4035551786513289,23.34576797485352,True,,,,,weak,/home/zsh/ConceptSkillCDM/results/crg_lcrf_small_core_20260519_compact/crg_support_corruption_control/junyi/crg_support_corruption_control.csv,auc_bce,0.0,0.0,high_seq_support
junyi,self_only_fallback,0.25,42,all,60494,0.8274235770609575,0.0018530894099608,0.5035179275882486,0.009511380663575,0.8292766664709184,0.4940065469246736,1.0,True,,,,,weak,/home/zsh/ConceptSkillCDM/results/crg_lcrf_small_core_20260519_compact/crg_support_corruption_control/junyi/crg_support_corruption_control.csv,auc_bce,0.0001942921036162,-0.0002153034843021,all
junyi,self_only_fallback,0.25,42,graph_hits_history,60473,0.8273540718697374,0.0018411621915969,0.5035227986917526,0.0095150669367704,0.8291952340613343,0.4940077317549822,1.0,True,,,,,weak,/home/zsh/ConceptSkillCDM/results/crg_lcrf_small_core_20260519_compact/crg_support_corruption_control/junyi/crg_support_corruption_control.csv,auc_bce,0.0001953735493098,-0.0002123100369761,direct_unseen_bridgeable
junyi,self_only_fallback,0.25,42,high_support_mass,15119,0.8172357353596624,0.0007761120010281,0.4353303757100881,0.0083219053166289,0.8180118473606905,0.4270084703934592,1.0,True,,,,,weak,/home/zsh/ConceptSkillCDM/results/crg_lcrf_small_core_20260519_compact/crg_support_corruption_control/junyi/crg_support_corruption_control.csv,auc_bce,0.0002051759961845,-0.0001584398561048,high_crg_mass
junyi,self_only_fallback,0.25,42,query_seq_top5_q4_high,14777,0.8428222417602305,0.0003785739315927,0.4133717412632113,0.0098165626118824,0.8432008156918233,0.4035551786513289,1.0,True,,,,,weak,/home/zsh/ConceptSkillCDM/results/crg_lcrf_small_core_20260519_compact/crg_support_corruption_control/junyi/crg_support_corruption_control.csv,auc_bce,7.699596718302448e-05,6.165300006077956e-05,high_seq_support
junyi,self_only_fallback,0.5,42,all,60494,0.8274235770609575,0.0018530894099608,0.5035179275882486,0.009511380663575,0.8292766664709184,0.4940065469246736,1.0,True,,,,,weak,/home/zsh/ConceptSkillCDM/results/crg_lcrf_small_core_20260519_compact/crg_support_corruption_control/junyi/crg_support_corruption_control.csv,auc_bce,0.000233000576238,-0.0007411603268484,all
junyi,self_only_fallback,0.5,42,graph_hits_history,60473,0.8273540718697374,0.0018411621915969,0.5035227986917526,0.0095150669367704,0.8291952340613343,0.4940077317549822,1.0,True,,,,,weak,/home/zsh/ConceptSkillCDM/results/crg_lcrf_small_core_20260519_compact/crg_support_corruption_control/junyi/crg_support_corruption_control.csv,auc_bce,0.0002362816180524,-0.0007348961720771,direct_unseen_bridgeable
junyi,self_only_fallback,0.5,42,high_support_mass,15119,0.8172357353596624,0.0007761120010281,0.4353303757100881,0.0083219053166289,0.8180118473606905,0.4270084703934592,1.0,True,,,,,weak,/home/zsh/ConceptSkillCDM/results/crg_lcrf_small_core_20260519_compact/crg_support_corruption_control/junyi/crg_support_corruption_control.csv,auc_bce,0.0001944936266027,-0.000544622008967,high_crg_mass
junyi,self_only_fallback,0.5,42,query_seq_top5_q4_high,14777,0.8428222417602305,0.0003785739315927,0.4133717412632113,0.0098165626118824,0.8432008156918233,0.4035551786513289,1.0,True,,,,,weak,/home/zsh/ConceptSkillCDM/results/crg_lcrf_small_core_20260519_compact/crg_support_corruption_control/junyi/crg_support_corruption_control.csv,auc_bce,-7.331757680861806e-06,-0.0001913437678157,high_seq_support
junyi,self_only_fallback,0.75,42,all,60494,0.8274235770609575,0.0018530894099608,0.5035179275882486,0.009511380663575,0.8292766664709184,0.4940065469246736,1.0,True,,,,,weak,/home/zsh/ConceptSkillCDM/results/crg_lcrf_small_core_20260519_compact/crg_support_corruption_control/junyi/crg_support_corruption_control.csv,auc_bce,0.0010920154646445,-0.0007276162606258,all
junyi,self_only_fallback,0.75,42,graph_hits_history,60473,0.8273540718697374,0.0018411621915969,0.5035227986917526,0.0095150669367704,0.8291952340613343,0.4940077317549822,1.0,True,,,,,weak,/home/zsh/ConceptSkillCDM/results/crg_lcrf_small_core_20260519_compact/crg_support_corruption_control/junyi/crg_support_corruption_control.csv,auc_bce,0.001094643453619,-0.000723823271345,direct_unseen_bridgeable
junyi,self_only_fallback,0.75,42,high_support_mass,15119,0.8172357353596624,0.0007761120010281,0.4353303757100881,0.0083219053166289,0.8180118473606905,0.4270084703934592,1.0,True,,,,,weak,/home/zsh/ConceptSkillCDM/results/crg_lcrf_small_core_20260519_compact/crg_support_corruption_control/junyi/crg_support_corruption_control.csv,auc_bce,0.0013321479628108,-0.0002664703271428,high_crg_mass
junyi,self_only_fallback,0.75,42,query_seq_top5_q4_high,14777,0.8428222417602305,0.0003785739315927,0.4133717412632113,0.0098165626118824,0.8432008156918233,0.4035551786513289,1.0,True,,,,,weak,/home/zsh/ConceptSkillCDM/results/crg_lcrf_small_core_20260519_compact/crg_support_corruption_control/junyi/crg_support_corruption_control.csv,auc_bce,0.0005701129731274,-0.0007283587280925,high_seq_support
junyi,self_only_fallback,1.0,42,all,60494,0.8274235770609575,0.0018530894099608,0.5035179275882486,0.009511380663575,0.8292766664709184,0.4940065469246736,1.0,True,,,,,support_dependence_only,/home/zsh/ConceptSkillCDM/results/crg_lcrf_small_core_20260519_compact/crg_support_corruption_control/junyi/crg_support_corruption_control.csv,auc_bce,0.002789894925686,-0.0045371565562564,all
junyi,self_only_fallback,1.0,42,graph_hits_history,60473,0.8273540718697374,0.0018411621915969,0.5035227986917526,0.0095150669367704,0.8291952340613343,0.4940077317549822,1.0,True,,,,,support_dependence_only,/home/zsh/ConceptSkillCDM/results/crg_lcrf_small_core_20260519_compact/crg_support_corruption_control/junyi/crg_support_corruption_control.csv,auc_bce,0.0027790728458202,-0.0045395738306652,direct_unseen_bridgeable
junyi,self_only_fallback,1.0,42,high_support_mass,15119,0.8172357353596624,0.0007761120010281,0.4353303757100881,0.0083219053166289,0.8180118473606905,0.4270084703934592,1.0,True,,,,,support_dependence_only,/home/zsh/ConceptSkillCDM/results/crg_lcrf_small_core_20260519_compact/crg_support_corruption_control/junyi/crg_support_corruption_control.csv,auc_bce,0.0022844049083818,-0.0021499487872872,high_crg_mass
junyi,self_only_fallback,1.0,42,query_seq_top5_q4_high,14777,0.8428222417602305,0.0003785739315927,0.4133717412632113,0.0098165626118824,0.8432008156918233,0.4035551786513289,1.0,True,,,,,support_dependence_only,/home/zsh/ConceptSkillCDM/results/crg_lcrf_small_core_20260519_compact/crg_support_corruption_control/junyi/crg_support_corruption_control.csv,auc_bce,0.0019610074605765,-0.0042622732432317,high_seq_support
assist_17,evidence_support_corruption,0.0,42,all,77261,0.7842616403373271,0.0,0.5535688522526588,0.0,0.7842616403373271,0.5535688522526588,25.8217830657959,True,0.0,1.5717427359618341e-12,,,weak,/home/zsh/ConceptSkillCDM/results/crg_lcrf_core3_final_20260520/crg_support_controls/assist_17/crg_support_corruption_control.csv,auc_bce,0.0,-1.5717427359618341e-12,all
assist_17,evidence_support_corruption,0.0,42,graph_hits_history,77261,0.7842616403373271,0.0,0.5535688522526588,0.0,0.7842616403373271,0.5535688522526588,25.8217830657959,True,0.0,1.5717427359618341e-12,,,weak,/home/zsh/ConceptSkillCDM/results/crg_lcrf_core3_final_20260520/crg_support_controls/assist_17/crg_support_corruption_control.csv,auc_bce,0.0,-1.5717427359618341e-12,direct_unseen_bridgeable
assist_17,evidence_support_corruption,0.0,42,high_support_mass,19317,0.7996881866191942,0.0,0.5411937059488411,0.0,0.7996881866191942,0.5411937059488411,25.8217830657959,True,0.0,0.0,,,weak,/home/zsh/ConceptSkillCDM/results/crg_lcrf_core3_final_20260520/crg_support_controls/assist_17/crg_support_corruption_control.csv,auc_bce,0.0,0.0,high_crg_mass
assist_17,evidence_support_corruption,0.0,42,query_seq_top5_q4_high,19249,0.770652756309943,0.0,0.549793152116602,0.0,0.770652756309943,0.549793152116602,25.8217830657959,True,0.0,0.0,,,weak,/home/zsh/ConceptSkillCDM/results/crg_lcrf_core3_final_20260520/crg_support_controls/assist_17/crg_support_corruption_control.csv,auc_bce,0.0,0.0,high_seq_support
assist_17,evidence_support_corruption,0.0,42,multi_concept,33639,0.7673364282068558,0.0,0.5693431810625144,0.0,0.7673364282068558,0.5693431810625144,25.8217830657959,True,0.0,3.6096681199637723e-12,,,weak,/home/zsh/ConceptSkillCDM/results/crg_lcrf_core3_final_20260520/crg_support_controls/assist_17/crg_support_corruption_control.csv,auc_bce,0.0,-3.6096681199637723e-12,direct_seen
assist_17,evidence_support_corruption,0.0,42,direct_seen,73401,0.7863159803090487,0.0,0.5501929875847464,0.0,0.7863159803090487,0.5501929875847464,25.8217830657959,True,0.0,1.654343328993946e-12,,,weak,/home/zsh/ConceptSkillCDM/results/crg_lcrf_core3_final_20260520/crg_support_controls/assist_17/crg_support_corruption_control.csv,auc_bce,0.0,-1.654343328993946e-12,direct_seen
assist_17,evidence_support_corruption,0.0,42,direct_unseen,3860,0.7358789845390342,0.0,0.6177636300996622,0.0,0.7358789845390342,0.6177636300996622,25.8217830657959,True,0.0,0.0,,,weak,/home/zsh/ConceptSkillCDM/results/crg_lcrf_core3_final_20260520/crg_support_controls/assist_17/crg_support_corruption_control.csv,auc_bce,0.0,0.0,direct_unseen
assist_17,evidence_support_corruption,0.0,42,direct_unseen_bridgeable,3860,0.7358789845390342,0.0,0.6177636300996622,0.0,0.7358789845390342,0.6177636300996622,25.8217830657959,True,0.0,0.0,,,weak,/home/zsh/ConceptSkillCDM/results/crg_lcrf_core3_final_20260520/crg_support_controls/assist_17/crg_support_corruption_control.csv,auc_bce,0.0,0.0,direct_unseen_bridgeable
assist_17,evidence_support_corruption,0.0,42,high_seq_support,19249,0.770652756309943,0.0,0.549793152116602,0.0,0.770652756309943,0.549793152116602,25.8217830657959,True,0.0,0.0,,,weak,/home/zsh/ConceptSkillCDM/results/crg_lcrf_core3_final_20260520/crg_support_controls/assist_17/crg_support_corruption_control.csv,auc_bce,0.0,0.0,high_seq_support
assist_17,evidence_support_corruption,0.0,42,high_crg_mass,19317,0.7996881866191942,0.0,0.5411937059488411,0.0,0.7996881866191942,0.5411937059488411,25.8217830657959,True,0.0,0.0,,,weak,/home/zsh/ConceptSkillCDM/results/crg_lcrf_core3_final_20260520/crg_support_controls/assist_17/crg_support_corruption_control.csv,auc_bce,0.0,0.0,high_crg_mass
assist_17,evidence_support_corruption,0.0,42,short_history,38708,0.7723447723190373,0.0,0.5666766900251033,0.0,0.7723447723190373,0.5666766900251033,25.8217830657959,True,0.0,0.0,,,weak,/home/zsh/ConceptSkillCDM/results/crg_lcrf_core3_final_20260520/crg_support_controls/assist_17/crg_support_corruption_control.csv,auc_bce,0.0,0.0,short_history
assist_17,evidence_support_corruption,0.0,42,long_history,38553,0.7954650167290094,0.0,0.540408315212849,0.0,0.7954650167290094,0.540408315212849,25.8217830657959,True,0.0,3.1495916985591066e-12,,,weak,/home/zsh/ConceptSkillCDM/results/crg_lcrf_core3_final_20260520/crg_support_controls/assist_17/crg_support_corruption_control.csv,auc_bce,0.0,-3.1495916985591066e-12,long_history
assist_17,evidence_support_corruption,0.25,42,all,77261,0.7831148806993533,0.0011467596379738,0.5551999177311928,0.0016310654785339,0.7842616403373271,0.5535688522526588,20.346534729003903,True,0.0009812881976144002,0.0015321837823737753,,,weak,/home/zsh/ConceptSkillCDM/results/crg_lcrf_core3_final_20260520/crg_support_controls/assist_17/crg_support_corruption_control.csv,auc_bce,0.0001654714403594,9.888169616012464e-05,all
assist_17,evidence_support_corruption,0.25,42,graph_hits_history,77261,0.7831148806993533,0.0011467596379738,0.5551999177311928,0.0016310654785339,0.7842616403373271,0.5535688522526588,20.346534729003903,True,0.0009812881976144002,0.0015321837823737753,,,weak,/home/zsh/ConceptSkillCDM/results/crg_lcrf_core3_final_20260520/crg_support_controls/assist_17/crg_support_corruption_control.csv,auc_bce,0.0001654714403594,9.888169616012464e-05,direct_unseen_bridgeable
assist_17,evidence_support_corruption,0.25,42,high_support_mass,19317,0.7988124482073296,0.0008757384118646,0.5428735264739109,0.0016798205250697,0.7996881866191942,0.5411937059488411,20.346534729003903,True,0.000806425123035846,0.0015353933430003,,,weak,/home/zsh/ConceptSkillCDM/results/crg_lcrf_core3_final_20260520/crg_support_controls/assist_17/crg_support_corruption_control.csv,auc_bce,6.931328882875398e-05,0.0001444271820694,high_crg_mass
assist_17,evidence_support_corruption,0.25,42,query_seq_top5_q4_high,19249,0.7689071941357972,0.0017455621741457,0.5517679896487276,0.0019748375321256,0.770652756309943,0.549793152116602,20.346534729003903,True,0.001574383461123,0.00194116815415693,,,weak,/home/zsh/ConceptSkillCDM/results/crg_lcrf_core3_final_20260520/crg_support_controls/assist_17/crg_support_corruption_control.csv,auc_bce,0.0001711787130227,3.366937796867031e-05,high_seq_support
assist_17,evidence_support_corruption,0.25,42,multi_concept,33639,0.7664136081336271,0.0009228200732286,0.5704355790912625,0.0010923980287481,0.7673364282068558,0.5693431810625144,20.346534729003903,True,0.0007787500476605,0.0009056694127359001,,,weak,/home/zsh/ConceptSkillCDM/results/crg_lcrf_core3_final_20260520/crg_support_controls/assist_17/crg_support_corruption_control.csv,auc_bce,0.0001440700255681,0.0001867286160122,direct_seen
assist_17,evidence_support_corruption,0.25,42,direct_seen,73401,0.7852048343425935,0.0011111459664552,0.5515689685836941,0.0013759809989476,0.7863159803090487,0.5501929875847464,20.346534729003903,True,0.0009625690317359999,0.0012632960630731,,,weak,/home/zsh/ConceptSkillCDM/results/crg_lcrf_core3_final_20260520/crg_support_controls/assist_17/crg_support_corruption_control.csv,auc_bce,0.0001485769347192,0.0001126849358745,direct_seen
assist_17,evidence_support_corruption,0.25,42,direct_unseen,3860,0.7336680936929075,0.0022108908461266,0.6242453318181249,0.0064817017184627,0.7358789845390342,0.6177636300996622,20.346534729003903,True,0.00023041474654379984,0.0066452997109737,,,weak,/home/zsh/ConceptSkillCDM/results/crg_lcrf_core3_final_20260520/crg_support_controls/assist_17/crg_support_corruption_control.csv,auc_bce,0.0019804760995828,-0.000163597992511,direct_unseen
assist_17,evidence_support_corruption,0.25,42,direct_unseen_bridgeable,3860,0.7336680936929075,0.0022108908461266,0.6242453318181249,0.0064817017184627,0.7358789845390342,0.6177636300996622,20.346534729003903,True,0.00023041474654379984,0.0066452997109737,,,weak,/home/zsh/ConceptSkillCDM/results/crg_lcrf_core3_final_20260520/crg_support_controls/assist_17/crg_support_corruption_control.csv,auc_bce,0.0019804760995828,-0.000163597992511,direct_unseen_bridgeable
assist_17,evidence_support_corruption,0.25,42,high_seq_support,19249,0.7689071941357972,0.0017455621741457,0.5517679896487276,0.0019748375321256,0.770652756309943,0.549793152116602,20.346534729003903,True,0.001574383461123,0.00194116815415693,,,weak,/home/zsh/ConceptSkillCDM/results/crg_lcrf_core3_final_20260520/crg_support_controls/assist_17/crg_support_corruption_control.csv,auc_bce,0.0001711787130227,3.366937796867031e-05,high_seq_support
assist_17,evidence_support_corruption,0.25,42,high_crg_mass,19317,0.7988124482073296,0.0008757384118646,0.5428735264739109,0.0016798205250697,0.7996881866191942,0.5411937059488411,20.346534729003903,True,0.000806425123035846,0.0015353933430003,,,weak,/home/zsh/ConceptSkillCDM/results/crg_lcrf_core3_final_20260520/crg_support_controls/assist_17/crg_support_corruption_control.csv,auc_bce,6.931328882875398e-05,0.0001444271820694,high_crg_mass
assist_17,evidence_support_corruption,0.25,42,short_history,38708,0.7713258415478141,0.0010189307712231,0.5684330581411754,0.001756368116072,0.7723447723190373,0.5666766900251033,20.346534729003903,True,0.0011032164590848849,0.0019032257579783,,,weak,/home/zsh/ConceptSkillCDM/results/crg_lcrf_core3_final_20260520/crg_support_controls/assist_17/crg_support_corruption_control.csv,auc_bce,-8.428568786178481e-05,-0.0001468576419063,short_history
assist_17,evidence_support_corruption,0.25,42,long_history,38553,0.7942395585550532,0.0012254581739561,0.5419135742821847,0.0015052590693356,0.7954650167290094,0.540408315212849,20.346534729003903,True,0.0008427546839769,0.0011596500549931,,,weak,/home/zsh/ConceptSkillCDM/results/crg_lcrf_core3_final_20260520/crg_support_controls/assist_17/crg_support_corruption_control.csv,auc_bce,0.0003827034899792,0.0003456090143425,long_history
assist_17,evidence_support_corruption,0.25,43,all,77261,0.7831148806993533,0.0011467596379738,0.5551999177311928,0.0016310654785339,0.7842616403373271,0.5535688522526588,20.346534729003903,True,0.0006180074413107001,0.0012434137606066999,,,weak,/home/zsh/ConceptSkillCDM/results/crg_lcrf_core3_final_20260520/crg_support_controls/assist_17/crg_support_corruption_control.csv,auc_bce,0.0005287521966631,0.0003876517179272,all
assist_17,evidence_support_corruption,0.25,43,graph_hits_history,77261,0.7831148806993533,0.0011467596379738,0.5551999177311928,0.0016310654785339,0.7842616403373271,0.5535688522526588,20.346534729003903,True,0.0006180074413107001,0.0012434137606066999,,,weak,/home/zsh/ConceptSkillCDM/results/crg_lcrf_core3_final_20260520/crg_support_controls/assist_17/crg_support_corruption_control.csv,auc_bce,0.0005287521966631,0.0003876517179272,direct_unseen_bridgeable
assist_17,evidence_support_corruption,0.25,43,high_support_mass,19317,0.7988124482073296,0.0008757384118646,0.5428735264739109,0.0016798205250697,0.7996881866191942,0.5411937059488411,20.346534729003903,True,0.00045585025174879997,0.001265572721579,,,weak,/home/zsh/ConceptSkillCDM/results/crg_lcrf_core3_final_20260520/crg_support_controls/assist_17/crg_support_corruption_control.csv,auc_bce,0.0004198881601158,0.0004142478034907,high_crg_mass
assist_17,evidence_support_corruption,0.25,43,query_seq_top5_q4_high,19249,0.7689071941357972,0.0017455621741457,0.5517679896487276,0.0019748375321256,0.770652756309943,0.549793152116602,20.346534729003903,True,0.0006960722750502001,0.0011238318567095003,,,weak,/home/zsh/ConceptSkillCDM/results/crg_lcrf_core3_final_20260520/crg_support_controls/assist_17/crg_support_corruption_control.csv,auc_bce,0.0010494898990955,0.0008510056754161,high_seq_support
assist_17,evidence_support_corruption,0.25,43,multi_concept,33639,0.7664136081336271,0.0009228200732286,0.5704355790912625,0.0010923980287481,0.7673364282068558,0.5693431810625144,20.346534729003903,True,0.0008055458757407,0.000873804200284,,,weak,/home/zsh/ConceptSkillCDM/results/crg_lcrf_core3_final_20260520/crg_support_controls/assist_17/crg_support_corruption_control.csv,auc_bce,0.0001172741974879,0.0002185938284641,direct_seen
assist_17,evidence_support_corruption,0.25,43,direct_seen,73401,0.7852048343425935,0.0011111459664552,0.5515689685836941,0.0013759809989476,0.7863159803090487,0.5501929875847464,20.346534729003903,True,0.0006376377139939,0.0010112039400410999,,,weak,/home/zsh/ConceptSkillCDM/results/crg_lcrf_core3_final_20260520/crg_support_controls/assist_17/crg_support_corruption_control.csv,auc_bce,0.0004735082524613,0.0003647770589065,direct_seen
assist_17,evidence_support_corruption,0.25,43,direct_unseen,3860,0.7336680936929075,0.0022108908461266,0.6242453318181249,0.0064817017184627,0.7358789845390342,0.6177636300996622,20.346534729003903,True,0.0004741908215854999,0.005659069988417,,,weak,/home/zsh/ConceptSkillCDM/results/crg_lcrf_core3_final_20260520/crg_support_controls/assist_17/crg_support_corruption_control.csv,auc_bce,0.0017367000245411,0.0008226317300457,direct_unseen
assist_17,evidence_support_corruption,0.25,43,direct_unseen_bridgeable,3860,0.7336680936929075,0.0022108908461266,0.6242453318181249,0.0064817017184627,0.7358789845390342,0.6177636300996622,20.346534729003903,True,0.0004741908215854999,0.005659069988417,,,weak,/home/zsh/ConceptSkillCDM/results/crg_lcrf_core3_final_20260520/crg_support_controls/assist_17/crg_support_corruption_control.csv,auc_bce,0.0017367000245411,0.0008226317300457,direct_unseen_bridgeable
assist_17,evidence_support_corruption,0.25,43,high_seq_support,19249,0.7689071941357972,0.0017455621741457,0.5517679896487276,0.0019748375321256,0.770652756309943,0.549793152116602,20.346534729003903,True,0.0006960722750502001,0.0011238318567095003,,,weak,/home/zsh/ConceptSkillCDM/results/crg_lcrf_core3_final_20260520/crg_support_controls/assist_17/crg_support_corruption_control.csv,auc_bce,0.0010494898990955,0.0008510056754161,high_seq_support
assist_17,evidence_support_corruption,0.25,43,high_crg_mass,19317,0.7988124482073296,0.0008757384118646,0.5428735264739109,0.0016798205250697,0.7996881866191942,0.5411937059488411,20.346534729003903,True,0.00045585025174879997,0.001265572721579,,,weak,/home/zsh/ConceptSkillCDM/results/crg_lcrf_core3_final_20260520/crg_support_controls/assist_17/crg_support_corruption_control.csv,auc_bce,0.0004198881601158,0.0004142478034907,high_crg_mass
assist_17,evidence_support_corruption,0.25,43,short_history,38708,0.7713258415478141,0.0010189307712231,0.5684330581411754,0.001756368116072,0.7723447723190373,0.5666766900251033,20.346534729003903,True,0.0003701214698601001,0.0013639998159537,,,weak,/home/zsh/ConceptSkillCDM/results/crg_lcrf_core3_final_20260520/crg_support_controls/assist_17/crg_support_corruption_control.csv,auc_bce,0.000648809301363,0.0003923683001183,short_history
assist_17,evidence_support_corruption,0.25,43,long_history,38553,0.7942395585550532,0.0012254581739561,0.5419135742821847,0.0015052590693356,0.7954650167290094,0.540408315212849,20.346534729003903,True,0.0008309549026659,0.0011223428963324001,,,weak,/home/zsh/ConceptSkillCDM/results/crg_lcrf_core3_final_20260520/crg_support_controls/assist_17/crg_support_corruption_control.csv,auc_bce,0.0003945032712902,0.0003829161730032,long_history
assist_17,evidence_support_corruption,0.25,44,all,77261,0.7831148806993533,0.0011467596379738,0.5551999177311928,0.0016310654785339,0.7842616403373271,0.5535688522526588,20.346534729003903,True,0.0008361365400405001,0.0013550586309347,,,weak,/home/zsh/ConceptSkillCDM/results/crg_lcrf_core3_final_20260520/crg_support_controls/assist_17/crg_support_corruption_control.csv,auc_bce,0.0003106230979333,0.0002760068475992,all
assist_17,evidence_support_corruption,0.25,44,graph_hits_history,77261,0.7831148806993533,0.0011467596379738,0.5551999177311928,0.0016310654785339,0.7842616403373271,0.5535688522526588,20.346534729003903,True,0.0008361365400405001,0.0013550586309347,,,weak,/home/zsh/ConceptSkillCDM/results/crg_lcrf_core3_final_20260520/crg_support_controls/assist_17/crg_support_corruption_control.csv,auc_bce,0.0003106230979333,0.0002760068475992,direct_unseen_bridgeable
assist_17,evidence_support_corruption,0.25,44,high_support_mass,19317,0.7988124482073296,0.0008757384118646,0.5428735264739109,0.0016798205250697,0.7996881866191942,0.5411937059488411,20.346534729003903,True,0.0005591755865726,0.0013119376996924,,,weak,/home/zsh/ConceptSkillCDM/results/crg_lcrf_core3_final_20260520/crg_support_controls/assist_17/crg_support_corruption_control.csv,auc_bce,0.000316562825292,0.0003678828253773,high_crg_mass
assist_17,evidence_support_corruption,0.25,44,query_seq_top5_q4_high,19249,0.7689071941357972,0.0017455621741457,0.5517679896487276,0.0019748375321256,0.770652756309943,0.549793152116602,20.346534729003903,True,0.0010195844955115,0.0014685783112925004,,,weak,/home/zsh/ConceptSkillCDM/results/crg_lcrf_core3_final_20260520/crg_support_controls/assist_17/crg_support_corruption_control.csv,auc_bce,0.0007259776786342,0.0005062592208331,high_seq_support
assist_17,evidence_support_corruption,0.25,44,multi_concept,33639,0.7664136081336271,0.0009228200732286,0.5704355790912625,0.0010923980287481,0.7673364282068558,0.5693431810625144,20.346534729003903,True,0.0007670114876893,0.0009343912049240001,,,weak,/home/zsh/ConceptSkillCDM/results/crg_lcrf_core3_final_20260520/crg_support_controls/assist_17/crg_support_corruption_control.csv,auc_bce,0.0001558085855393,0.0001580068238241,direct_seen
assist_17,evidence_support_corruption,0.25,44,direct_seen,73401,0.7852048343425935,0.0011111459664552,0.5515689685836941,0.0013759809989476,0.7863159803090487,0.5501929875847464,20.346534729003903,True,0.0007794304640475,0.0010901174736033998,,,weak,/home/zsh/ConceptSkillCDM/results/crg_lcrf_core3_final_20260520/crg_support_controls/assist_17/crg_support_corruption_control.csv,auc_bce,0.0003317155024077,0.0002858635253442,direct_seen
assist_17,evidence_support_corruption,0.25,44,direct_unseen,3860,0.7336680936929075,0.0022108908461266,0.6242453318181249,0.0064817017184627,0.7358789845390342,0.6177636300996622,20.346534729003903,True,0.0010596351539279,0.006393127514169388,,,weak,/home/zsh/ConceptSkillCDM/results/crg_lcrf_core3_final_20260520/crg_support_controls/assist_17/crg_support_corruption_control.csv,auc_bce,0.0011512556921987,8.857420429331242e-05,direct_unseen
assist_17,evidence_support_corruption,0.25,44,direct_unseen_bridgeable,3860,0.7336680936929075,0.0022108908461266,0.6242453318181249,0.0064817017184627,0.7358789845390342,0.6177636300996622,20.346534729003903,True,0.0010596351539279,0.006393127514169388,,,weak,/home/zsh/ConceptSkillCDM/results/crg_lcrf_core3_final_20260520/crg_support_controls/assist_17/crg_support_corruption_control.csv,auc_bce,0.0011512556921987,8.857420429331242e-05,direct_unseen_bridgeable
assist_17,evidence_support_corruption,0.25,44,high_seq_support,19249,0.7689071941357972,0.0017455621741457,0.5517679896487276,0.0019748375321256,0.770652756309943,0.549793152116602,20.346534729003903,True,0.0010195844955115,0.0014685783112925004,,,weak,/home/zsh/ConceptSkillCDM/results/crg_lcrf_core3_final_20260520/crg_support_controls/assist_17/crg_support_corruption_control.csv,auc_bce,0.0007259776786342,0.0005062592208331,high_seq_support
assist_17,evidence_support_corruption,0.25,44,high_crg_mass,19317,0.7988124482073296,0.0008757384118646,0.5428735264739109,0.0016798205250697,0.7996881866191942,0.5411937059488411,20.346534729003903,True,0.0005591755865726,0.0013119376996924,,,weak,/home/zsh/ConceptSkillCDM/results/crg_lcrf_core3_final_20260520/crg_support_controls/assist_17/crg_support_corruption_control.csv,auc_bce,0.000316562825292,0.0003678828253773,high_crg_mass
assist_17,evidence_support_corruption,0.25,44,short_history,38708,0.7713258415478141,0.0010189307712231,0.5684330581411754,0.001756368116072,0.7723447723190373,0.5666766900251033,20.346534729003903,True,0.0005471619940209001,0.0013265980860635,,,weak,/home/zsh/ConceptSkillCDM/results/crg_lcrf_core3_final_20260520/crg_support_controls/assist_17/crg_support_corruption_control.csv,auc_bce,0.0004717687772022,0.0004297700300085,short_history
assist_17,evidence_support_corruption,0.25,44,long_history,38553,0.7942395585550532,0.0012254581739561,0.5419135742821847,0.0015052590693356,0.7954650167290094,0.540408315212849,20.346534729003903,True,0.0011057027710453,0.0013836335997015,,,weak,/home/zsh/ConceptSkillCDM/results/crg_lcrf_core3_final_20260520/crg_support_controls/assist_17/crg_support_corruption_control.csv,auc_bce,0.0001197554029108,0.0001216254696341,long_history
assist_17,evidence_support_corruption,0.25,45,all,77261,0.7831148806993533,0.0011467596379738,0.5551999177311928,0.0016310654785339,0.7842616403373271,0.5535688522526588,20.346534729003903,True,0.0007331570729620001,0.001216609463645,,,weak,/home/zsh/ConceptSkillCDM/results/crg_lcrf_core3_final_20260520/crg_support_controls/assist_17/crg_support_corruption_control.csv,auc_bce,0.0004136025650118,0.0004144560148889,all
assist_17,evidence_support_corruption,0.25,45,graph_hits_history,77261,0.7831148806993533,0.0011467596379738,0.5551999177311928,0.0016310654785339,0.7842616403373271,0.5535688522526588,20.346534729003903,True,0.0007331570729620001,0.001216609463645,,,weak,/home/zsh/ConceptSkillCDM/results/crg_lcrf_core3_final_20260520/crg_support_controls/assist_17/crg_support_corruption_control.csv,auc_bce,0.0004136025650118,0.0004144560148889,direct_unseen_bridgeable
assist_17,evidence_support_corruption,0.25,45,high_support_mass,19317,0.7988124482073296,0.0008757384118646,0.5428735264739109,0.0016798205250697,0.7996881866191942,0.5411937059488411,20.346534729003903,True,0.0007041614797259,0.0015225211663491,,,weak,/home/zsh/ConceptSkillCDM/results/crg_lcrf_core3_final_20260520/crg_support_controls/assist_17/crg_support_corruption_control.csv,auc_bce,0.0001715769321387,0.0001572993587206,high_crg_mass
assist_17,evidence_support_corruption,0.25,45,query_seq_top5_q4_high,19249,0.7689071941357972,0.0017455621741457,0.5517679896487276,0.0019748375321256,0.770652756309943,0.549793152116602,20.346534729003903,True,0.0015096455786701001,0.0019016069720839963,,,weak,/home/zsh/ConceptSkillCDM/results/crg_lcrf_core3_final_20260520/crg_support_controls/assist_17/crg_support_corruption_control.csv,auc_bce,0.0002359165954756,7.323056004160389e-05,high_seq_support
assist_17,evidence_support_corruption,0.25,45,multi_concept,33639,0.7664136081336271,0.0009228200732286,0.5704355790912625,0.0010923980287481,0.7673364282068558,0.5693431810625144,20.346534729003903,True,0.0006401944320953,0.0007183409692054001,,,weak,/home/zsh/ConceptSkillCDM/results/crg_lcrf_core3_final_20260520/crg_support_controls/assist_17/crg_support_corruption_control.csv,auc_bce,0.0002826256411333,0.0003740570595427,direct_seen
assist_17,evidence_support_corruption,0.25,45,direct_seen,73401,0.7852048343425935,0.0011111459664552,0.5515689685836941,0.0013759809989476,0.7863159803090487,0.5501929875847464,20.346534729003903,True,0.000667772247587,0.0009452009772444,,,weak,/home/zsh/ConceptSkillCDM/results/crg_lcrf_core3_final_20260520/crg_support_controls/assist_17/crg_support_corruption_control.csv,auc_bce,0.0004433737188682,0.0004307800217032,direct_seen
assist_17,evidence_support_corruption,0.25,45,direct_unseen,3860,0.7336680936929075,0.0022108908461266,0.6242453318181249,0.0064817017184627,0.7358789845390342,0.6177636300996622,20.346534729003903,True,0.0015155564038938998,0.0063776598031024005,,,weak,/home/zsh/ConceptSkillCDM/results/crg_lcrf_core3_final_20260520/crg_support_controls/assist_17/crg_support_corruption_control.csv,auc_bce,0.0006953344422327,0.0001040419153603,direct_unseen
assist_17,evidence_support_corruption,0.25,45,direct_unseen_bridgeable,3860,0.7336680936929075,0.0022108908461266,0.6242453318181249,0.0064817017184627,0.7358789845390342,0.6177636300996622,20.346534729003903,True,0.0015155564038938998,0.0063776598031024005,,,weak,/home/zsh/ConceptSkillCDM/results/crg_lcrf_core3_final_20260520/crg_support_controls/assist_17/crg_support_corruption_control.csv,auc_bce,0.0006953344422327,0.0001040419153603,direct_unseen_bridgeable
assist_17,evidence_support_corruption,0.25,45,high_seq_support,19249,0.7689071941357972,0.0017455621741457,0.5517679896487276,0.0019748375321256,0.770652756309943,0.549793152116602,20.346534729003903,True,0.0015096455786701001,0.0019016069720839963,,,weak,/home/zsh/ConceptSkillCDM/results/crg_lcrf_core3_final_20260520/crg_support_controls/assist_17/crg_support_corruption_control.csv,auc_bce,0.0002359165954756,7.323056004160389e-05,high_seq_support
assist_17,evidence_support_corruption,0.25,45,high_crg_mass,19317,0.7988124482073296,0.0008757384118646,0.5428735264739109,0.0016798205250697,0.7996881866191942,0.5411937059488411,20.346534729003903,True,0.0007041614797259,0.0015225211663491,,,weak,/home/zsh/ConceptSkillCDM/results/crg_lcrf_core3_final_20260520/crg_support_controls/assist_17/crg_support_corruption_control.csv,auc_bce,0.0001715769321387,0.0001572993587206,high_crg_mass
assist_17,evidence_support_corruption,0.25,45,short_history,38708,0.7713258415478141,0.0010189307712231,0.5684330581411754,0.001756368116072,0.7723447723190373,0.5666766900251033,20.346534729003903,True,0.0005350919071125,0.0013075897402365,,,weak,/home/zsh/ConceptSkillCDM/results/crg_lcrf_core3_final_20260520/crg_support_controls/assist_17/crg_support_corruption_control.csv,auc_bce,0.0004838388641106,0.0004487783758355,short_history
assist_17,evidence_support_corruption,0.25,45,long_history,38553,0.7942395585550532,0.0012254581739561,0.5419135742821847,0.0015052590693356,0.7954650167290094,0.540408315212849,20.346534729003903,True,0.0008876323604026,0.0011252634063652002,,,weak,/home/zsh/ConceptSkillCDM/results/crg_lcrf_core3_final_20260520/crg_support_controls/assist_17/crg_support_corruption_control.csv,auc_bce,0.0003378258135535,0.0003799956629704,long_history
assist_17,evidence_support_corruption,0.25,46,all,77261,0.7831148806993533,0.0011467596379738,0.5551999177311928,0.0016310654785339,0.7842616403373271,0.5535688522526588,20.346534729003903,True,0.0010956781508070959,0.0016689050375031992,,,weak,/home/zsh/ConceptSkillCDM/results/crg_lcrf_core3_final_20260520/crg_support_controls/assist_17/crg_support_corruption_control.csv,auc_bce,5.108148716670424e-05,-3.783955896929925e-05,all
assist_17,evidence_support_corruption,0.25,46,graph_hits_history,77261,0.7831148806993533,0.0011467596379738,0.5551999177311928,0.0016310654785339,0.7842616403373271,0.5535688522526588,20.346534729003903,True,0.0010956781508070959,0.0016689050375031992,,,weak,/home/zsh/ConceptSkillCDM/results/crg_lcrf_core3_final_20260520/crg_support_controls/assist_17/crg_support_corruption_control.csv,auc_bce,5.108148716670424e-05,-3.783955896929925e-05,direct_unseen_bridgeable
assist_17,evidence_support_corruption,0.25,46,high_support_mass,19317,0.7988124482073296,0.0008757384118646,0.5428735264739109,0.0016798205250697,0.7996881866191942,0.5411937059488411,20.346534729003903,True,0.0008928392287472647,0.0017238631321007585,,,weak,/home/zsh/ConceptSkillCDM/results/crg_lcrf_core3_final_20260520/crg_support_controls/assist_17/crg_support_corruption_control.csv,auc_bce,-1.7100816882664738e-05,-4.4042607031058445e-05,high_crg_mass
assist_17,evidence_support_corruption,0.25,46,query_seq_top5_q4_high,19249,0.7689071941357972,0.0017455621741457,0.5517679896487276,0.0019748375321256,0.770652756309943,0.549793152116602,20.346534729003903,True,0.0018214231291088473,0.0021266693848717004,,,weak,/home/zsh/ConceptSkillCDM/results/crg_lcrf_core3_final_20260520/crg_support_controls/assist_17/crg_support_corruption_control.csv,auc_bce,-7.586095496314726e-05,-0.0001518318527461,high_seq_support
assist_17,evidence_support_corruption,0.25,46,multi_concept,33639,0.7664136081336271,0.0009228200732286,0.5704355790912625,0.0010923980287481,0.7673364282068558,0.5693431810625144,20.346534729003903,True,0.0008754220212653012,0.0009886386026847001,,,weak,/home/zsh/ConceptSkillCDM/results/crg_lcrf_core3_final_20260520/crg_support_controls/assist_17/crg_support_corruption_control.csv,auc_bce,4.7398051963298826e-05,0.0001037594260634,direct_seen
assist_17,evidence_support_corruption,0.25,46,direct_seen,73401,0.7852048343425935,0.0011111459664552,0.5515689685836941,0.0013759809989476,0.7863159803090487,0.5501929875847464,20.346534729003903,True,0.0010786864965215122,0.0013913410278772562,,,weak,/home/zsh/ConceptSkillCDM/results/crg_lcrf_core3_final_20260520/crg_support_controls/assist_17/crg_support_corruption_control.csv,auc_bce,3.245946993368776e-05,-1.5360028929656266e-05,direct_seen
assist_17,evidence_support_corruption,0.25,46,direct_unseen,3860,0.7336680936929075,0.0022108908461266,0.6242453318181249,0.0064817017184627,0.7358789845390342,0.6177636300996622,20.346534729003903,True,0.0011770239685873999,0.0069470075946463,,,weak,/home/zsh/ConceptSkillCDM/results/crg_lcrf_core3_final_20260520/crg_support_controls/assist_17/crg_support_corruption_control.csv,auc_bce,0.0010338668775392,-0.0004653058761836,direct_unseen
assist_17,evidence_support_corruption,0.25,46,direct_unseen_bridgeable,3860,0.7336680936929075,0.0022108908461266,0.6242453318181249,0.0064817017184627,0.7358789845390342,0.6177636300996622,20.346534729003903,True,0.0011770239685873999,0.0069470075946463,,,weak,/home/zsh/ConceptSkillCDM/results/crg_lcrf_core3_final_20260520/crg_support_controls/assist_17/crg_support_corruption_control.csv,auc_bce,0.0010338668775392,-0.0004653058761836,direct_unseen_bridgeable
assist_17,evidence_support_corruption,0.25,46,high_seq_support,19249,0.7689071941357972,0.0017455621741457,0.5517679896487276,0.0019748375321256,0.770652756309943,0.549793152116602,20.346534729003903,True,0.0018214231291088473,0.0021266693848717004,,,weak,/home/zsh/ConceptSkillCDM/results/crg_lcrf_core3_final_20260520/crg_support_controls/assist_17/crg_support_corruption_control.csv,auc_bce,-7.586095496314726e-05,-0.0001518318527461,high_seq_support
assist_17,evidence_support_corruption,0.25,46,high_crg_mass,19317,0.7988124482073296,0.0008757384118646,0.5428735264739109,0.0016798205250697,0.7996881866191942,0.5411937059488411,20.346534729003903,True,0.0008928392287472647,0.0017238631321007585,,,weak,/home/zsh/ConceptSkillCDM/results/crg_lcrf_core3_final_20260520/crg_support_controls/assist_17/crg_support_corruption_control.csv,auc_bce,-1.7100816882664738e-05,-4.4042607031058445e-05,high_crg_mass
assist_17,evidence_support_corruption,0.25,46,short_history,38708,0.7713258415478141,0.0010189307712231,0.5684330581411754,0.001756368116072,0.7723447723190373,0.5666766900251033,20.346534729003903,True,0.001001370972051593,0.0018758284689632,,,weak,/home/zsh/ConceptSkillCDM/results/crg_lcrf_core3_final_20260520/crg_support_controls/assist_17/crg_support_corruption_control.csv,auc_bce,1.7559799171507073e-05,-0.0001194603528912,short_history
assist_17,evidence_support_corruption,0.25,46,long_history,38553,0.7942395585550532,0.0012254581739561,0.5419135742821847,0.0015052590693356,0.7954650167290094,0.540408315212849,20.346534729003903,True,0.0011422188308776882,0.0014611496829275135,,,weak,/home/zsh/ConceptSkillCDM/results/crg_lcrf_core3_final_20260520/crg_support_controls/assist_17/crg_support_corruption_control.csv,auc_bce,8.323934307841174e-05,4.410938640808659e-05,long_history
assist_17,evidence_support_corruption,0.5,42,all,77261,0.7819318595979488,0.0023297807393783,0.5577195326072437,0.0041506803545848,0.7842616403373271,0.5535688522526588,14.267326354980469,True,0.0016764633888905998,0.0035272071363206003,,,weak,/home/zsh/ConceptSkillCDM/results/crg_lcrf_core3_final_20260520/crg_support_controls/assist_17/crg_support_corruption_control.csv,auc_bce,0.0006533173504877,0.0006234732182642,all
assist_17,evidence_support_corruption,0.5,42,graph_hits_history,77261,0.7819318595979488,0.0023297807393783,0.5577195326072437,0.0041506803545848,0.7842616403373271,0.5535688522526588,14.267326354980469,True,0.0016764633888905998,0.0035272071363206003,,,weak,/home/zsh/ConceptSkillCDM/results/crg_lcrf_core3_final_20260520/crg_support_controls/assist_17/crg_support_corruption_control.csv,auc_bce,0.0006533173504877,0.0006234732182642,direct_unseen_bridgeable
assist_17,evidence_support_corruption,0.5,42,high_support_mass,19317,0.7975464298282794,0.0021417567909147,0.5457699100196088,0.0045762040707677,0.7996881866191942,0.5411937059488411,14.267326354980469,True,0.0012934923553661,0.0035600991998695,,,weak,/home/zsh/ConceptSkillCDM/results/crg_lcrf_core3_final_20260520/crg_support_controls/assist_17/crg_support_corruption_control.csv,auc_bce,0.0008482644355486,0.0010161048708982,high_crg_mass
assist_17,evidence_support_corruption,0.5,42,query_seq_top5_q4_high,19249,0.7684275187786158,0.0022252375313271,0.5530516224947721,0.0032584703781701,0.770652756309943,0.549793152116602,14.267326354980469,True,0.0008763620762444,0.0021569589059564002,,,weak,/home/zsh/ConceptSkillCDM/results/crg_lcrf_core3_final_20260520/crg_support_controls/assist_17/crg_support_corruption_control.csv,auc_bce,0.0013488754550827,0.0011015114722137,high_seq_support
assist_17,evidence_support_corruption,0.5,42,multi_concept,33639,0.7651728838510008,0.0021635443558549,0.5724853502860611,0.0031421692235467,0.7673364282068558,0.5693431810625144,14.267326354980469,True,0.0013078854481855002,0.0023513557698873998,,,weak,/home/zsh/ConceptSkillCDM/results/crg_lcrf_core3_final_20260520/crg_support_controls/assist_17/crg_support_corruption_control.csv,auc_bce,0.0008556589076694,0.0007908134536593,direct_seen
assist_17,evidence_support_corruption,0.5,42,direct_seen,73401,0.7839934611912411,0.0023225191178075,0.5538447887700275,0.003651801185281,0.7863159803090487,0.5501929875847464,14.267326354980469,True,0.0016673693040081,0.0030275136269437997,,,weak,/home/zsh/ConceptSkillCDM/results/crg_lcrf_core3_final_20260520/crg_support_controls/assist_17/crg_support_corruption_control.csv,auc_bce,0.0006551498137994,0.0006242875583372,direct_seen
assist_17,evidence_support_corruption,0.5,42,direct_unseen,3860,0.7321967114771085,0.0036822730619257,0.6314008985128158,0.0136372684131536,0.7358789845390342,0.6177636300996622,14.267326354980469,True,0.0015444605022768999,0.0130292805253813,,,weak,/home/zsh/ConceptSkillCDM/results/crg_lcrf_core3_final_20260520/crg_support_controls/assist_17/crg_support_corruption_control.csv,auc_bce,0.0021378125596488,0.0006079878877723,direct_unseen
assist_17,evidence_support_corruption,0.5,42,direct_unseen_bridgeable,3860,0.7321967114771085,0.0036822730619257,0.6314008985128158,0.0136372684131536,0.7358789845390342,0.6177636300996622,14.267326354980469,True,0.0015444605022768999,0.0130292805253813,,,weak,/home/zsh/ConceptSkillCDM/results/crg_lcrf_core3_final_20260520/crg_support_controls/assist_17/crg_support_corruption_control.csv,auc_bce,0.0021378125596488,0.0006079878877723,direct_unseen_bridgeable
assist_17,evidence_support_corruption,0.5,42,high_seq_support,19249,0.7684275187786158,0.0022252375313271,0.5530516224947721,0.0032584703781701,0.770652756309943,0.549793152116602,14.267326354980469,True,0.0008763620762444,0.0021569589059564002,,,weak,/home/zsh/ConceptSkillCDM/results/crg_lcrf_core3_final_20260520/crg_support_controls/assist_17/crg_support_corruption_control.csv,auc_bce,0.0013488754550827,0.0011015114722137,high_seq_support
assist_17,evidence_support_corruption,0.5,42,high_crg_mass,19317,0.7975464298282794,0.0021417567909147,0.5457699100196088,0.0045762040707677,0.7996881866191942,0.5411937059488411,14.267326354980469,True,0.0012934923553661,0.0035600991998695,,,weak,/home/zsh/ConceptSkillCDM/results/crg_lcrf_core3_final_20260520/crg_support_controls/assist_17/crg_support_corruption_control.csv,auc_bce,0.0008482644355486,0.0010161048708982,high_crg_mass
assist_17,evidence_support_corruption,0.5,42,short_history,38708,0.769952588407421,0.0023921839116163,0.5715848511815571,0.0049081611564537,0.7723447723190373,0.5666766900251033,14.267326354980469,True,0.0019679081559274996,0.0044902787678814,,,weak,/home/zsh/ConceptSkillCDM/results/crg_lcrf_core3_final_20260520/crg_support_controls/assist_17/crg_support_corruption_control.csv,auc_bce,0.0004242757556888,0.0004178823885723,short_history
assist_17,evidence_support_corruption,0.5,42,long_history,38553,0.7932627924619806,0.0022022242670287,0.5437984693599084,0.0033901541470593,0.7954650167290094,0.540408315212849,14.267326354980469,True,0.0013273791288439,0.0025602635336323,,,weak,/home/zsh/ConceptSkillCDM/results/crg_lcrf_core3_final_20260520/crg_support_controls/assist_17/crg_support_corruption_control.csv,auc_bce,0.0008748451381848,0.000829890613427,long_history
assist_17,evidence_support_corruption,0.5,43,all,77261,0.7819318595979488,0.0023297807393783,0.557719532606516,0.0041506803538571,0.7842616403373271,0.5535688522526588,14.267326354980469,True,0.0010412885072012,0.0030985028814053002,,,weak,/home/zsh/ConceptSkillCDM/results/crg_lcrf_core3_final_20260520/crg_support_controls/assist_17/crg_support_corruption_control.csv,auc_bce,0.0012884922321771,0.0010521774724518,all
assist_17,evidence_support_corruption,0.5,43,graph_hits_history,77261,0.7819318595979488,0.0023297807393783,0.557719532606516,0.0041506803538571,0.7842616403373271,0.5535688522526588,14.267326354980469,True,0.0010412885072012,0.0030985028814053002,,,weak,/home/zsh/ConceptSkillCDM/results/crg_lcrf_core3_final_20260520/crg_support_controls/assist_17/crg_support_corruption_control.csv,auc_bce,0.0012884922321771,0.0010521774724518,direct_unseen_bridgeable
assist_17,evidence_support_corruption,0.5,43,high_support_mass,19317,0.7975464298282794,0.0021417567909147,0.5457699100196088,0.0045762040707677,0.7996881866191942,0.5411937059488411,14.267326354980469,True,0.0008771088606043,0.0034155774007010005,,,weak,/home/zsh/ConceptSkillCDM/results/crg_lcrf_core3_final_20260520/crg_support_controls/assist_17/crg_support_corruption_control.csv,auc_bce,0.0012646479303104,0.0011606266700667,high_crg_mass
assist_17,evidence_support_corruption,0.5,43,query_seq_top5_q4_high,19249,0.7684275187786158,0.0022252375313271,0.5530516224947721,0.0032584703781701,0.770652756309943,0.549793152116602,14.267326354980469,True,0.0015674215380407,0.0025219036780589,,,weak,/home/zsh/ConceptSkillCDM/results/crg_lcrf_core3_final_20260520/crg_support_controls/assist_17/crg_support_corruption_control.csv,auc_bce,0.0006578159932864,0.0007365667001112,high_seq_support
assist_17,evidence_support_corruption,0.5,43,multi_concept,33639,0.7651728838510008,0.0021635443558549,0.5724853502843897,0.0031421692218753,0.7673364282068558,0.5693431810625144,14.267326354980469,True,0.0013400663159462002,0.0023648852031469,,,weak,/home/zsh/ConceptSkillCDM/results/crg_lcrf_core3_final_20260520/crg_support_controls/assist_17/crg_support_corruption_control.csv,auc_bce,0.0008234780399087,0.0007772840187284,direct_seen
assist_17,evidence_support_corruption,0.5,43,direct_seen,73401,0.7839934611912411,0.0023225191178075,0.5538447887692615,0.003651801184515,0.7863159803090487,0.5501929875847464,14.267326354980469,True,0.0010470069222663003,0.0025934546466429,,,weak,/home/zsh/ConceptSkillCDM/results/crg_lcrf_core3_final_20260520/crg_support_controls/assist_17/crg_support_corruption_control.csv,auc_bce,0.0012755121955412,0.0010583465378721,direct_seen
assist_17,evidence_support_corruption,0.5,43,direct_unseen,3860,0.7321967114771085,0.0036822730619257,0.6314008985128158,0.0136372684131536,0.7358789845390342,0.6177636300996622,14.267326354980469,True,0.0011130804679192001,0.012702400674099699,,,weak,/home/zsh/ConceptSkillCDM/results/crg_lcrf_core3_final_20260520/crg_support_controls/assist_17/crg_support_corruption_control.csv,auc_bce,0.0025691925940065,0.0009348677390539,direct_unseen
assist_17,evidence_support_corruption,0.5,43,direct_unseen_bridgeable,3860,0.7321967114771085,0.0036822730619257,0.6314008985128158,0.0136372684131536,0.7358789845390342,0.6177636300996622,14.267326354980469,True,0.0011130804679192001,0.012702400674099699,,,weak,/home/zsh/ConceptSkillCDM/results/crg_lcrf_core3_final_20260520/crg_support_controls/assist_17/crg_support_corruption_control.csv,auc_bce,0.0025691925940065,0.0009348677390539,direct_unseen_bridgeable
assist_17,evidence_support_corruption,0.5,43,high_seq_support,19249,0.7684275187786158,0.0022252375313271,0.5530516224947721,0.0032584703781701,0.770652756309943,0.549793152116602,14.267326354980469,True,0.0015674215380407,0.0025219036780589,,,weak,/home/zsh/ConceptSkillCDM/results/crg_lcrf_core3_final_20260520/crg_support_controls/assist_17/crg_support_corruption_control.csv,auc_bce,0.0006578159932864,0.0007365667001112,high_seq_support
assist_17,evidence_support_corruption,0.5,43,high_crg_mass,19317,0.7975464298282794,0.0021417567909147,0.5457699100196088,0.0045762040707677,0.7996881866191942,0.5411937059488411,14.267326354980469,True,0.0008771088606043,0.0034155774007010005,,,weak,/home/zsh/ConceptSkillCDM/results/crg_lcrf_core3_final_20260520/crg_support_controls/assist_17/crg_support_corruption_control.csv,auc_bce,0.0012646479303104,0.0011606266700667,high_crg_mass
assist_17,evidence_support_corruption,0.5,43,short_history,38708,0.769952588407421,0.0023921839116163,0.5715848511815571,0.0049081611564537,0.7723447723190373,0.5666766900251033,14.267326354980469,True,0.0010404689939919997,0.003866435355516,,,weak,/home/zsh/ConceptSkillCDM/results/crg_lcrf_core3_final_20260520/crg_support_controls/assist_17/crg_support_corruption_control.csv,auc_bce,0.0013517149176243,0.0010417258009377,short_history
assist_17,evidence_support_corruption,0.5,43,long_history,38553,0.7932627924619806,0.0022022242670287,0.54379846935845,0.0033901541456009,0.7954650167290094,0.540408315212849,14.267326354980469,True,0.0010314535410705,0.0023274829813229,,,weak,/home/zsh/ConceptSkillCDM/results/crg_lcrf_core3_final_20260520/crg_support_controls/assist_17/crg_support_corruption_control.csv,auc_bce,0.0011707707259582,0.001062671164278,long_history
assist_17,evidence_support_corruption,0.5,44,all,77261,0.7819318595979488,0.0023297807393783,0.557719532606516,0.0041506803538571,0.7842616403373271,0.5535688522526588,14.267326354980469,True,0.0011061040827529,0.0028353128016029,,,weak,/home/zsh/ConceptSkillCDM/results/crg_lcrf_core3_final_20260520/crg_support_controls/assist_17/crg_support_corruption_control.csv,auc_bce,0.0012236766566254,0.0013153675522542,all
assist_17,evidence_support_corruption,0.5,44,graph_hits_history,77261,0.7819318595979488,0.0023297807393783,0.557719532606516,0.0041506803538571,0.7842616403373271,0.5535688522526588,14.267326354980469,True,0.0011061040827529,0.0028353128016029,,,weak,/home/zsh/ConceptSkillCDM/results/crg_lcrf_core3_final_20260520/crg_support_controls/assist_17/crg_support_corruption_control.csv,auc_bce,0.0012236766566254,0.0013153675522542,direct_unseen_bridgeable
assist_17,evidence_support_corruption,0.5,44,high_support_mass,19317,0.7975464298282794,0.0021417567909147,0.5457699100196088,0.0045762040707677,0.7996881866191942,0.5411937059488411,14.267326354980469,True,0.00040571241168959986,0.0027245713186891006,,,weak,/home/zsh/ConceptSkillCDM/results/crg_lcrf_core3_final_20260520/crg_support_controls/assist_17/crg_support_corruption_control.csv,auc_bce,0.0017360443792251,0.0018516327520786,high_crg_mass
assist_17,evidence_support_corruption,0.5,44,query_seq_top5_q4_high,19249,0.7684275187786158,0.0022252375313271,0.5530516224947721,0.0032584703781701,0.770652756309943,0.549793152116602,14.267326354980469,True,0.00010497185336780018,0.0014730782407990002,,,weak,/home/zsh/ConceptSkillCDM/results/crg_lcrf_core3_final_20260520/crg_support_controls/assist_17/crg_support_corruption_control.csv,auc_bce,0.0021202656779593,0.0017853921373711,high_seq_support
assist_17,evidence_support_corruption,0.5,44,multi_concept,33639,0.7651728838510008,0.0021635443558549,0.5724853502843897,0.0031421692218753,0.7673364282068558,0.5693431810625144,14.267326354980469,True,0.0012847515189603,0.0024082746875226,,,weak,/home/zsh/ConceptSkillCDM/results/crg_lcrf_core3_final_20260520/crg_support_controls/assist_17/crg_support_corruption_control.csv,auc_bce,0.0008787928368946,0.0007338945343527,direct_seen
assist_17,evidence_support_corruption,0.5,44,direct_seen,73401,0.7839934611912411,0.0023225191178075,0.5538447887692615,0.003651801184515,0.7863159803090487,0.5501929875847464,14.267326354980469,True,0.0011430808411873002,0.0024765773576077,,,weak,/home/zsh/ConceptSkillCDM/results/crg_lcrf_core3_final_20260520/crg_support_controls/assist_17/crg_support_corruption_control.csv,auc_bce,0.0011794382766202,0.0011752238269073,direct_seen
assist_17,evidence_support_corruption,0.5,44,direct_unseen,3860,0.7321967114771085,0.0036822730619257,0.6314008985128158,0.0136372684131536,0.7358789845390342,0.6177636300996622,14.267326354980469,True,-0.00038679682600269985,0.0096569553727701,,,weak,/home/zsh/ConceptSkillCDM/results/crg_lcrf_core3_final_20260520/crg_support_controls/assist_17/crg_support_corruption_control.csv,auc_bce,0.0040690698879284,0.0039803130403835,direct_unseen
assist_17,evidence_support_corruption,0.5,44,direct_unseen_bridgeable,3860,0.7321967114771085,0.0036822730619257,0.6314008985128158,0.0136372684131536,0.7358789845390342,0.6177636300996622,14.267326354980469,True,-0.00038679682600269985,0.0096569553727701,,,weak,/home/zsh/ConceptSkillCDM/results/crg_lcrf_core3_final_20260520/crg_support_controls/assist_17/crg_support_corruption_control.csv,auc_bce,0.0040690698879284,0.0039803130403835,direct_unseen_bridgeable
assist_17,evidence_support_corruption,0.5,44,high_seq_support,19249,0.7684275187786158,0.0022252375313271,0.5530516224947721,0.0032584703781701,0.770652756309943,0.549793152116602,14.267326354980469,True,0.00010497185336780018,0.0014730782407990002,,,weak,/home/zsh/ConceptSkillCDM/results/crg_lcrf_core3_final_20260520/crg_support_controls/assist_17/crg_support_corruption_control.csv,auc_bce,0.0021202656779593,0.0017853921373711,high_seq_support
assist_17,evidence_support_corruption,0.5,44,high_crg_mass,19317,0.7975464298282794,0.0021417567909147,0.5457699100196088,0.0045762040707677,0.7996881866191942,0.5411937059488411,14.267326354980469,True,0.00040571241168959986,0.0027245713186891006,,,weak,/home/zsh/ConceptSkillCDM/results/crg_lcrf_core3_final_20260520/crg_support_controls/assist_17/crg_support_corruption_control.csv,auc_bce,0.0017360443792251,0.0018516327520786,high_crg_mass
assist_17,evidence_support_corruption,0.5,44,short_history,38708,0.769952588407421,0.0023921839116163,0.5715848511815571,0.0049081611564537,0.7723447723190373,0.5666766900251033,14.267326354980469,True,0.0009711303689640999,0.0033782002905411003,,,weak,/home/zsh/ConceptSkillCDM/results/crg_lcrf_core3_final_20260520/crg_support_controls/assist_17/crg_support_corruption_control.csv,auc_bce,0.0014210535426522,0.0015299608659126,short_history
assist_17,evidence_support_corruption,0.5,44,long_history,38553,0.7932627924619806,0.0022022242670287,0.54379846935845,0.0033901541456009,0.7954650167290094,0.540408315212849,14.267326354980469,True,0.0011711874315221,0.0022902426664171,,,weak,/home/zsh/ConceptSkillCDM/results/crg_lcrf_core3_final_20260520/crg_support_controls/assist_17/crg_support_corruption_control.csv,auc_bce,0.0010310368355066,0.0010999114791838,long_history
assist_17,evidence_support_corruption,0.5,45,all,77261,0.7819318595979488,0.0023297807393783,0.557719532606516,0.0041506803538571,0.7842616403373271,0.5535688522526588,14.267326354980469,True,0.001650567981271,0.0035276636208153,,,weak,/home/zsh/ConceptSkillCDM/results/crg_lcrf_core3_final_20260520/crg_support_controls/assist_17/crg_support_corruption_control.csv,auc_bce,0.0006792127581073,0.0006230167330418,all
assist_17,evidence_support_corruption,0.5,45,graph_hits_history,77261,0.7819318595979488,0.0023297807393783,0.557719532606516,0.0041506803538571,0.7842616403373271,0.5535688522526588,14.267326354980469,True,0.001650567981271,0.0035276636208153,,,weak,/home/zsh/ConceptSkillCDM/results/crg_lcrf_core3_final_20260520/crg_support_controls/assist_17/crg_support_corruption_control.csv,auc_bce,0.0006792127581073,0.0006230167330418,direct_unseen_bridgeable
assist_17,evidence_support_corruption,0.5,45,high_support_mass,19317,0.7975464298282794,0.0021417567909147,0.5457699100196088,0.0045762040707677,0.7996881866191942,0.5411937059488411,14.267326354980469,True,0.000980726702274,0.0035623985314452,,,weak,/home/zsh/ConceptSkillCDM/results/crg_lcrf_core3_final_20260520/crg_support_controls/assist_17/crg_support_corruption_control.csv,auc_bce,0.0011610300886407,0.0010138055393225,high_crg_mass
assist_17,evidence_support_corruption,0.5,45,query_seq_top5_q4_high,19249,0.7684275187786158,0.0022252375313271,0.5530516224947721,0.0032584703781701,0.770652756309943,0.549793152116602,14.267326354980469,True,0.0020077545991846,0.0031420068342688,,,weak,/home/zsh/ConceptSkillCDM/results/crg_lcrf_core3_final_20260520/crg_support_controls/assist_17/crg_support_corruption_control.csv,auc_bce,0.0002174829321425,0.0001164635439013,high_seq_support
assist_17,evidence_support_corruption,0.5,45,multi_concept,33639,0.7651728838510008,0.0021635443558549,0.5724853502843897,0.0031421692218753,0.7673364282068558,0.5693431810625144,14.267326354980469,True,0.0018240963941149,0.0027531550301537,,,weak,/home/zsh/ConceptSkillCDM/results/crg_lcrf_core3_final_20260520/crg_support_controls/assist_17/crg_support_corruption_control.csv,auc_bce,0.00033944796174,0.0003890141917216,direct_seen
assist_17,evidence_support_corruption,0.5,45,direct_seen,73401,0.7839934611912411,0.0023225191178075,0.5538447887692615,0.003651801184515,0.7863159803090487,0.5501929875847464,14.267326354980469,True,0.0015824941877727002,0.0029695662718545,,,weak,/home/zsh/ConceptSkillCDM/results/crg_lcrf_core3_final_20260520/crg_support_controls/assist_17/crg_support_corruption_control.csv,auc_bce,0.0007400249300348,0.0006822349126605,direct_seen
assist_17,evidence_support_corruption,0.5,45,direct_unseen,3860,0.7321967114771085,0.0036822730619257,0.6314008985128158,0.0136372684131536,0.7358789845390342,0.6177636300996622,14.267326354980469,True,0.0029566711204429,0.014140332924196398,,,weak,/home/zsh/ConceptSkillCDM/results/crg_lcrf_core3_final_20260520/crg_support_controls/assist_17/crg_support_corruption_control.csv,auc_bce,0.0007256019414828,-0.0005030645110428,direct_unseen
assist_17,evidence_support_corruption,0.5,45,direct_unseen_bridgeable,3860,0.7321967114771085,0.0036822730619257,0.6314008985128158,0.0136372684131536,0.7358789845390342,0.6177636300996622,14.267326354980469,True,0.0029566711204429,0.014140332924196398,,,weak,/home/zsh/ConceptSkillCDM/results/crg_lcrf_core3_final_20260520/crg_support_controls/assist_17/crg_support_corruption_control.csv,auc_bce,0.0007256019414828,-0.0005030645110428,direct_unseen_bridgeable
assist_17,evidence_support_corruption,0.5,45,high_seq_support,19249,0.7684275187786158,0.0022252375313271,0.5530516224947721,0.0032584703781701,0.770652756309943,0.549793152116602,14.267326354980469,True,0.0020077545991846,0.0031420068342688,,,weak,/home/zsh/ConceptSkillCDM/results/crg_lcrf_core3_final_20260520/crg_support_controls/assist_17/crg_support_corruption_control.csv,auc_bce,0.0002174829321425,0.0001164635439013,high_seq_support
assist_17,evidence_support_corruption,0.5,45,high_crg_mass,19317,0.7975464298282794,0.0021417567909147,0.5457699100196088,0.0045762040707677,0.7996881866191942,0.5411937059488411,14.267326354980469,True,0.000980726702274,0.0035623985314452,,,weak,/home/zsh/ConceptSkillCDM/results/crg_lcrf_core3_final_20260520/crg_support_controls/assist_17/crg_support_corruption_control.csv,auc_bce,0.0011610300886407,0.0010138055393225,high_crg_mass
assist_17,evidence_support_corruption,0.5,45,short_history,38708,0.769952588407421,0.0023921839116163,0.5715848511815571,0.0049081611564537,0.7723447723190373,0.5666766900251033,14.267326354980469,True,0.0017537015247755998,0.0043868581964469,,,weak,/home/zsh/ConceptSkillCDM/results/crg_lcrf_core3_final_20260520/crg_support_controls/assist_17/crg_support_corruption_control.csv,auc_bce,0.0006384823868407,0.0005213029600068,short_history
assist_17,evidence_support_corruption,0.5,45,long_history,38553,0.7932627924619806,0.0022022242670287,0.54379846935845,0.0033901541456009,0.7954650167290094,0.540408315212849,14.267326354980469,True,0.0014788495383755,0.0026650147054636,,,weak,/home/zsh/ConceptSkillCDM/results/crg_lcrf_core3_final_20260520/crg_support_controls/assist_17/crg_support_corruption_control.csv,auc_bce,0.0007233747286532,0.0007251394401373,long_history
assist_17,evidence_support_corruption,0.5,46,all,77261,0.7819318595979488,0.0023297807393783,0.5577195326072437,0.0041506803545848,0.7842616403373271,0.5535688522526588,14.267326354980469,True,0.0019150970018897,0.003967989454585701,,,weak,/home/zsh/ConceptSkillCDM/results/crg_lcrf_core3_final_20260520/crg_support_controls/assist_17/crg_support_corruption_control.csv,auc_bce,0.0004146837374886,0.0001826908999991,all
assist_17,evidence_support_corruption,0.5,46,graph_hits_history,77261,0.7819318595979488,0.0023297807393783,0.5577195326072437,0.0041506803545848,0.7842616403373271,0.5535688522526588,14.267326354980469,True,0.0019150970018897,0.003967989454585701,,,weak,/home/zsh/ConceptSkillCDM/results/crg_lcrf_core3_final_20260520/crg_support_controls/assist_17/crg_support_corruption_control.csv,auc_bce,0.0004146837374886,0.0001826908999991,direct_unseen_bridgeable
assist_17,evidence_support_corruption,0.5,46,high_support_mass,19317,0.7975464298282794,0.0021417567909147,0.5457699100196088,0.0045762040707677,0.7996881866191942,0.5411937059488411,14.267326354980469,True,0.0014416037383328999,0.0040948839102476,,,weak,/home/zsh/ConceptSkillCDM/results/crg_lcrf_core3_final_20260520/crg_support_controls/assist_17/crg_support_corruption_control.csv,auc_bce,0.0007001530525818,0.0004813201605201,high_crg_mass
assist_17,evidence_support_corruption,0.5,46,query_seq_top5_q4_high,19249,0.7684275187786158,0.0022252375313271,0.5530516224947721,0.0032584703781701,0.770652756309943,0.549793152116602,14.267326354980469,True,0.0019352774360643001,0.0031140142671787,,,weak,/home/zsh/ConceptSkillCDM/results/crg_lcrf_core3_final_20260520/crg_support_controls/assist_17/crg_support_corruption_control.csv,auc_bce,0.0002899600952628,0.0001444561109914,high_seq_support
assist_17,evidence_support_corruption,0.5,46,multi_concept,33639,0.7651728838510008,0.0021635443558549,0.5724853502860611,0.0031421692235467,0.7673364282068558,0.5693431810625144,14.267326354980469,True,0.0018275516598159,0.0028896917511433,,,weak,/home/zsh/ConceptSkillCDM/results/crg_lcrf_core3_final_20260520/crg_support_controls/assist_17/crg_support_corruption_control.csv,auc_bce,0.000335992696039,0.0002524774724034,direct_seen
assist_17,evidence_support_corruption,0.5,46,direct_seen,73401,0.7839934611912411,0.0023225191178075,0.5538447887700275,0.003651801185281,0.7863159803090487,0.5501929875847464,14.267326354980469,True,0.0019863942925011,0.0034533470654522,,,weak,/home/zsh/ConceptSkillCDM/results/crg_lcrf_core3_final_20260520/crg_support_controls/assist_17/crg_support_corruption_control.csv,auc_bce,0.0003361248253064,0.0001984541198288,direct_seen
assist_17,evidence_support_corruption,0.5,46,direct_unseen,3860,0.7321967114771085,0.0036822730619257,0.6314008985128158,0.0136372684131536,0.7358789845390342,0.6177636300996622,14.267326354980469,True,0.0017007062416492,0.0137543277977966,,,weak,/home/zsh/ConceptSkillCDM/results/crg_lcrf_core3_final_20260520/crg_support_controls/assist_17/crg_support_corruption_control.csv,auc_bce,0.0019815668202765,-0.000117059384643,direct_unseen
assist_17,evidence_support_corruption,0.5,46,direct_unseen_bridgeable,3860,0.7321967114771085,0.0036822730619257,0.6314008985128158,0.0136372684131536,0.7358789845390342,0.6177636300996622,14.267326354980469,True,0.0017007062416492,0.0137543277977966,,,weak,/home/zsh/ConceptSkillCDM/results/crg_lcrf_core3_final_20260520/crg_support_controls/assist_17/crg_support_corruption_control.csv,auc_bce,0.0019815668202765,-0.000117059384643,direct_unseen_bridgeable
assist_17,evidence_support_corruption,0.5,46,high_seq_support,19249,0.7684275187786158,0.0022252375313271,0.5530516224947721,0.0032584703781701,0.770652756309943,0.549793152116602,14.267326354980469,True,0.0019352774360643001,0.0031140142671787,,,weak,/home/zsh/ConceptSkillCDM/results/crg_lcrf_core3_final_20260520/crg_support_controls/assist_17/crg_support_corruption_control.csv,auc_bce,0.0002899600952628,0.0001444561109914,high_seq_support
assist_17,evidence_support_corruption,0.5,46,high_crg_mass,19317,0.7975464298282794,0.0021417567909147,0.5457699100196088,0.0045762040707677,0.7996881866191942,0.5411937059488411,14.267326354980469,True,0.0014416037383328999,0.0040948839102476,,,weak,/home/zsh/ConceptSkillCDM/results/crg_lcrf_core3_final_20260520/crg_support_controls/assist_17/crg_support_corruption_control.csv,auc_bce,0.0007001530525818,0.0004813201605201,high_crg_mass
assist_17,evidence_support_corruption,0.5,46,short_history,38708,0.769952588407421,0.0023921839116163,0.5715848511815571,0.0049081611564537,0.7723447723190373,0.5666766900251033,14.267326354980469,True,0.0019519135718683999,0.004859720342638424,,,weak,/home/zsh/ConceptSkillCDM/results/crg_lcrf_core3_final_20260520/crg_support_controls/assist_17/crg_support_corruption_control.csv,auc_bce,0.0004402703397479,4.8440813815275874e-05,short_history
assist_17,evidence_support_corruption,0.5,46,long_history,38553,0.7932627924619806,0.0022022242670287,0.5437984693599084,0.0033901541470593,0.7954650167290094,0.540408315212849,14.267326354980469,True,0.0018311390232629999,0.0030726734165409,,,weak,/home/zsh/ConceptSkillCDM/results/crg_lcrf_core3_final_20260520/crg_support_controls/assist_17/crg_support_corruption_control.csv,auc_bce,0.0003710852437657,0.0003174807305184,long_history
assist_17,evidence_support_corruption,0.75,42,all,77261,0.7816227538157001,0.002638886521627,0.5615545972937437,0.0079857450410848,0.7842616403373271,0.5535688522526588,7.554455280303955,True,-0.0004885981040697002,0.005138651996544699,,,weak,/home/zsh/ConceptSkillCDM/results/crg_lcrf_core3_final_20260520/crg_support_controls/assist_17/crg_support_corruption_control.csv,auc_bce,0.0031274846256967,0.0028470930445401,all
assist_17,evidence_support_corruption,0.75,42,graph_hits_history,77261,0.7816227538157001,0.002638886521627,0.5615545972937437,0.0079857450410848,0.7842616403373271,0.5535688522526588,7.554455280303955,True,-0.0004885981040697002,0.005138651996544699,,,weak,/home/zsh/ConceptSkillCDM/results/crg_lcrf_core3_final_20260520/crg_support_controls/assist_17/crg_support_corruption_control.csv,auc_bce,0.0031274846256967,0.0028470930445401,direct_unseen_bridgeable
assist_17,evidence_support_corruption,0.75,42,high_support_mass,19317,0.7976350269017464,0.0020531597174477,0.5496016407581573,0.0084079348093162,0.7996881866191942,0.5411937059488411,7.554455280303955,True,-0.0013418697375582002,0.0047188334300761,,,weak,/home/zsh/ConceptSkillCDM/results/crg_lcrf_core3_final_20260520/crg_support_controls/assist_17/crg_support_corruption_control.csv,auc_bce,0.0033950294550059,0.0036891013792401,high_crg_mass
assist_17,evidence_support_corruption,0.75,42,query_seq_top5_q4_high,19249,0.7673205958720255,0.0033321604379175,0.5570305439352178,0.0072373918186158,0.770652756309943,0.549793152116602,7.554455280303955,True,-0.0036871499247277005,0.0006239052914430001,,,weak,/home/zsh/ConceptSkillCDM/results/crg_lcrf_core3_final_20260520/crg_support_controls/assist_17/crg_support_corruption_control.csv,auc_bce,0.0070193103626452,0.0066134865271728,high_seq_support
assist_17,evidence_support_corruption,0.75,42,multi_concept,33639,0.7652390477869894,0.0020973804198664,0.5750126475039348,0.0056694664414204,0.7673364282068558,0.5693431810625144,7.554455280303955,True,-0.00019897694667549972,0.0035593865295852,,,weak,/home/zsh/ConceptSkillCDM/results/crg_lcrf_core3_final_20260520/crg_support_controls/assist_17/crg_support_corruption_control.csv,auc_bce,0.0022963573665419,0.0021100799118352,direct_seen
assist_17,evidence_support_corruption,0.75,42,direct_seen,73401,0.7839906668802467,0.002325313428802,0.5569718776345399,0.0067788900497934,0.7863159803090487,0.5501929875847464,7.554455280303955,True,-0.0008351033662083,0.004041854533577,,,weak,/home/zsh/ConceptSkillCDM/results/crg_lcrf_core3_final_20260520/crg_support_controls/assist_17/crg_support_corruption_control.csv,auc_bce,0.0031604167950103,0.0027370355162164,direct_seen
assist_17,evidence_support_corruption,0.75,42,direct_unseen,3860,0.729036075586944,0.0068429089520901,0.648698692036029,0.0309350619363668,0.7358789845390342,0.6177636300996622,7.554455280303955,True,0.0040945654841436,0.0259951366025781,,,weak,/home/zsh/ConceptSkillCDM/results/crg_lcrf_core3_final_20260520/crg_support_controls/assist_17/crg_support_corruption_control.csv,auc_bce,0.0027483434679465,0.0049399253337887,direct_unseen
assist_17,evidence_support_corruption,0.75,42,direct_unseen_bridgeable,3860,0.729036075586944,0.0068429089520901,0.648698692036029,0.0309350619363668,0.7358789845390342,0.6177636300996622,7.554455280303955,True,0.0040945654841436,0.0259951366025781,,,weak,/home/zsh/ConceptSkillCDM/results/crg_lcrf_core3_final_20260520/crg_support_controls/assist_17/crg_support_corruption_control.csv,auc_bce,0.0027483434679465,0.0049399253337887,direct_unseen_bridgeable
assist_17,evidence_support_corruption,0.75,42,high_seq_support,19249,0.7673205958720255,0.0033321604379175,0.5570305439352178,0.0072373918186158,0.770652756309943,0.549793152116602,7.554455280303955,True,-0.0036871499247277005,0.0006239052914430001,,,weak,/home/zsh/ConceptSkillCDM/results/crg_lcrf_core3_final_20260520/crg_support_controls/assist_17/crg_support_corruption_control.csv,auc_bce,0.0070193103626452,0.0066134865271728,high_seq_support
assist_17,evidence_support_corruption,0.75,42,high_crg_mass,19317,0.7976350269017464,0.0020531597174477,0.5496016407581573,0.0084079348093162,0.7996881866191942,0.5411937059488411,7.554455280303955,True,-0.0013418697375582002,0.0047188334300761,,,weak,/home/zsh/ConceptSkillCDM/results/crg_lcrf_core3_final_20260520/crg_support_controls/assist_17/crg_support_corruption_control.csv,auc_bce,0.0033950294550059,0.0036891013792401,high_crg_mass
assist_17,evidence_support_corruption,0.75,42,short_history,38708,0.7696901351326647,0.0026546371863725,0.575723822232716,0.0090471322076126,0.7723447723190373,0.5666766900251033,7.554455280303955,True,-0.0002549332317791,0.006377315440703,,,weak,/home/zsh/ConceptSkillCDM/results/crg_lcrf_core3_final_20260520/crg_support_controls/assist_17/crg_support_corruption_control.csv,auc_bce,0.0029095704181516,0.0026698167669096,short_history
assist_17,evidence_support_corruption,0.75,42,long_history,38553,0.7928982974923456,0.0025667192366637,0.5473284058446286,0.0069200906317795,0.7954650167290094,0.540408315212849,7.554455280303955,True,-0.0008071655533521999,0.0038950085810782998,,,weak,/home/zsh/ConceptSkillCDM/results/crg_lcrf_core3_final_20260520/crg_support_controls/assist_17/crg_support_corruption_control.csv,auc_bce,0.0033738847900159,0.0030250820507012,long_history
assist_17,evidence_support_corruption,0.75,43,all,77261,0.7816227538157001,0.002638886521627,0.5615545972906091,0.0079857450379502,0.7842616403373271,0.5535688522526588,7.554455280303955,True,-0.0004699551932594,0.005274719806642399,,,weak,/home/zsh/ConceptSkillCDM/results/crg_lcrf_core3_final_20260520/crg_support_controls/assist_17/crg_support_corruption_control.csv,auc_bce,0.0031088417148864,0.0027110252313078,all
assist_17,evidence_support_corruption,0.75,43,graph_hits_history,77261,0.7816227538157001,0.002638886521627,0.5615545972906091,0.0079857450379502,0.7842616403373271,0.5535688522526588,7.554455280303955,True,-0.0004699551932594,0.005274719806642399,,,weak,/home/zsh/ConceptSkillCDM/results/crg_lcrf_core3_final_20260520/crg_support_controls/assist_17/crg_support_corruption_control.csv,auc_bce,0.0031088417148864,0.0027110252313078,direct_unseen_bridgeable
assist_17,evidence_support_corruption,0.75,43,high_support_mass,19317,0.7976350269017464,0.0020531597174477,0.5496016407581573,0.0084079348093162,0.7996881866191942,0.5411937059488411,7.554455280303955,True,-0.0018206763598958,0.0045268609817613,,,weak,/home/zsh/ConceptSkillCDM/results/crg_lcrf_core3_final_20260520/crg_support_controls/assist_17/crg_support_corruption_control.csv,auc_bce,0.0038738360773435,0.0038810738275549,high_crg_mass
assist_17,evidence_support_corruption,0.75,43,query_seq_top5_q4_high,19249,0.7673205958720255,0.0033321604379175,0.5570305439352178,0.0072373918186158,0.770652756309943,0.549793152116602,7.554455280303955,True,-0.0013483438796750005,0.0029233765895317005,,,weak,/home/zsh/ConceptSkillCDM/results/crg_lcrf_core3_final_20260520/crg_support_controls/assist_17/crg_support_corruption_control.csv,auc_bce,0.0046805043175925,0.0043140152290841,high_seq_support
assist_17,evidence_support_corruption,0.75,43,multi_concept,33639,0.7652390477869894,0.0020973804198664,0.5750126474967351,0.0056694664342207,0.7673364282068558,0.5693431810625144,7.554455280303955,True,0.0005762046362516001,0.0044421719161366995,,,weak,/home/zsh/ConceptSkillCDM/results/crg_lcrf_core3_final_20260520/crg_support_controls/assist_17/crg_support_corruption_control.csv,auc_bce,0.0015211757836148,0.001227294518084,direct_seen
assist_17,evidence_support_corruption,0.75,43,direct_seen,73401,0.7839906668802467,0.002325313428802,0.5569718776312403,0.0067788900464939,0.7863159803090487,0.5501929875847464,7.554455280303955,True,-0.0006076616558078002,0.004329088345371599,,,weak,/home/zsh/ConceptSkillCDM/results/crg_lcrf_core3_final_20260520/crg_support_controls/assist_17/crg_support_corruption_control.csv,auc_bce,0.0029329750846098,0.0024498017011223,direct_seen
assist_17,evidence_support_corruption,0.75,43,direct_unseen,3860,0.729036075586944,0.0068429089520901,0.648698692036029,0.0309350619363668,0.7358789845390342,0.6177636300996622,7.554455280303955,True,0.0022133449676873,0.0232566614876609,,,weak,/home/zsh/ConceptSkillCDM/results/crg_lcrf_core3_final_20260520/crg_support_controls/assist_17/crg_support_corruption_control.csv,auc_bce,0.0046295639844028,0.0076784004487059,direct_unseen
assist_17,evidence_support_corruption,0.75,43,direct_unseen_bridgeable,3860,0.729036075586944,0.0068429089520901,0.648698692036029,0.0309350619363668,0.7358789845390342,0.6177636300996622,7.554455280303955,True,0.0022133449676873,0.0232566614876609,,,weak,/home/zsh/ConceptSkillCDM/results/crg_lcrf_core3_final_20260520/crg_support_controls/assist_17/crg_support_corruption_control.csv,auc_bce,0.0046295639844028,0.0076784004487059,direct_unseen_bridgeable
assist_17,evidence_support_corruption,0.75,43,high_seq_support,19249,0.7673205958720255,0.0033321604379175,0.5570305439352178,0.0072373918186158,0.770652756309943,0.549793152116602,7.554455280303955,True,-0.0013483438796750005,0.0029233765895317005,,,weak,/home/zsh/ConceptSkillCDM/results/crg_lcrf_core3_final_20260520/crg_support_controls/assist_17/crg_support_corruption_control.csv,auc_bce,0.0046805043175925,0.0043140152290841,high_seq_support
assist_17,evidence_support_corruption,0.75,43,high_crg_mass,19317,0.7976350269017464,0.0020531597174477,0.5496016407581573,0.0084079348093162,0.7996881866191942,0.5411937059488411,7.554455280303955,True,-0.0018206763598958,0.0045268609817613,,,weak,/home/zsh/ConceptSkillCDM/results/crg_lcrf_core3_final_20260520/crg_support_controls/assist_17/crg_support_corruption_control.csv,auc_bce,0.0038738360773435,0.0038810738275549,high_crg_mass
assist_17,evidence_support_corruption,0.75,43,short_history,38708,0.7696901351326647,0.0026546371863725,0.575723822232716,0.0090471322076126,0.7723447723190373,0.5666766900251033,7.554455280303955,True,-0.00017999299711169998,0.0064791787876908,,,weak,/home/zsh/ConceptSkillCDM/results/crg_lcrf_core3_final_20260520/crg_support_controls/assist_17/crg_support_corruption_control.csv,auc_bce,0.0028346301834842,0.0025679534199218,short_history
assist_17,evidence_support_corruption,0.75,43,long_history,38553,0.7928982974923456,0.0025667192366637,0.5473284058383465,0.0069200906254974,0.7954650167290094,0.540408315212849,7.554455280303955,True,-0.0007565131354669999,0.0040654183712566,,,weak,/home/zsh/ConceptSkillCDM/results/crg_lcrf_core3_final_20260520/crg_support_controls/assist_17/crg_support_corruption_control.csv,auc_bce,0.0033232323721307,0.0028546722542408,long_history
assist_17,evidence_support_corruption,0.75,44,all,77261,0.7816227538157001,0.002638886521627,0.5615545972906091,0.0079857450379502,0.7842616403373271,0.5535688522526588,7.554455280303955,True,0.0011242904380366998,0.006564487198500899,,,weak,/home/zsh/ConceptSkillCDM/results/crg_lcrf_core3_final_20260520/crg_support_controls/assist_17/crg_support_corruption_control.csv,auc_bce,0.0015145960835903,0.0014212578394493,all
assist_17,evidence_support_corruption,0.75,44,graph_hits_history,77261,0.7816227538157001,0.002638886521627,0.5615545972906091,0.0079857450379502,0.7842616403373271,0.5535688522526588,7.554455280303955,True,0.0011242904380366998,0.006564487198500899,,,weak,/home/zsh/ConceptSkillCDM/results/crg_lcrf_core3_final_20260520/crg_support_controls/assist_17/crg_support_corruption_control.csv,auc_bce,0.0015145960835903,0.0014212578394493,direct_unseen_bridgeable
assist_17,evidence_support_corruption,0.75,44,high_support_mass,19317,0.7976350269017464,0.0020531597174477,0.5496016407581573,0.0084079348093162,0.7996881866191942,0.5411937059488411,7.554455280303955,True,-0.000410159599102,0.006086961502482,,,weak,/home/zsh/ConceptSkillCDM/results/crg_lcrf_core3_final_20260520/crg_support_controls/assist_17/crg_support_corruption_control.csv,auc_bce,0.0024633193165497,0.0023209733068342,high_crg_mass
assist_17,evidence_support_corruption,0.75,44,query_seq_top5_q4_high,19249,0.7673205958720255,0.0033321604379175,0.5570305439352178,0.0072373918186158,0.770652756309943,0.549793152116602,7.554455280303955,True,0.0023571882656041997,0.006349335404734801,,,weak,/home/zsh/ConceptSkillCDM/results/crg_lcrf_core3_final_20260520/crg_support_controls/assist_17/crg_support_corruption_control.csv,auc_bce,0.0009749721723133,0.000888056413881,high_seq_support
assist_17,evidence_support_corruption,0.75,44,multi_concept,33639,0.7652390477869894,0.0020973804198664,0.5750126474967351,0.0056694664342207,0.7673364282068558,0.5693431810625144,7.554455280303955,True,0.0012450725629157,0.0048166622449426,,,weak,/home/zsh/ConceptSkillCDM/results/crg_lcrf_core3_final_20260520/crg_support_controls/assist_17/crg_support_corruption_control.csv,auc_bce,0.0008523078569507,0.0008528041892781,direct_seen
assist_17,evidence_support_corruption,0.75,44,direct_seen,73401,0.7839906668802467,0.002325313428802,0.5569718776312403,0.0067788900464939,0.7863159803090487,0.5501929875847464,7.554455280303955,True,0.0009624067740997997,0.0055486249956597,,,weak,/home/zsh/ConceptSkillCDM/results/crg_lcrf_core3_final_20260520/crg_support_controls/assist_17/crg_support_corruption_control.csv,auc_bce,0.0013629066547022,0.0012302650508342,direct_seen
assist_17,evidence_support_corruption,0.75,44,direct_unseen,3860,0.729036075586944,0.0068429089520901,0.648698692036029,0.0309350619363668,0.7358789845390342,0.6177636300996622,7.554455280303955,True,0.0045514411147165,0.0258819228334115,,,weak,/home/zsh/ConceptSkillCDM/results/crg_lcrf_core3_final_20260520/crg_support_controls/assist_17/crg_support_corruption_control.csv,auc_bce,0.0022914678373736,0.0050531391029553,direct_unseen
assist_17,evidence_support_corruption,0.75,44,direct_unseen_bridgeable,3860,0.729036075586944,0.0068429089520901,0.648698692036029,0.0309350619363668,0.7358789845390342,0.6177636300996622,7.554455280303955,True,0.0045514411147165,0.0258819228334115,,,weak,/home/zsh/ConceptSkillCDM/results/crg_lcrf_core3_final_20260520/crg_support_controls/assist_17/crg_support_corruption_control.csv,auc_bce,0.0022914678373736,0.0050531391029553,direct_unseen_bridgeable
assist_17,evidence_support_corruption,0.75,44,high_seq_support,19249,0.7673205958720255,0.0033321604379175,0.5570305439352178,0.0072373918186158,0.770652756309943,0.549793152116602,7.554455280303955,True,0.0023571882656041997,0.006349335404734801,,,weak,/home/zsh/ConceptSkillCDM/results/crg_lcrf_core3_final_20260520/crg_support_controls/assist_17/crg_support_corruption_control.csv,auc_bce,0.0009749721723133,0.000888056413881,high_seq_support
assist_17,evidence_support_corruption,0.75,44,high_crg_mass,19317,0.7976350269017464,0.0020531597174477,0.5496016407581573,0.0084079348093162,0.7996881866191942,0.5411937059488411,7.554455280303955,True,-0.000410159599102,0.006086961502482,,,weak,/home/zsh/ConceptSkillCDM/results/crg_lcrf_core3_final_20260520/crg_support_controls/assist_17/crg_support_corruption_control.csv,auc_bce,0.0024633193165497,0.0023209733068342,high_crg_mass
assist_17,evidence_support_corruption,0.75,44,short_history,38708,0.7696901351326647,0.0026546371863725,0.575723822232716,0.0090471322076126,0.7723447723190373,0.5666766900251033,7.554455280303955,True,0.0018151170066377,0.0083465749172804,,,weak,/home/zsh/ConceptSkillCDM/results/crg_lcrf_core3_final_20260520/crg_support_controls/assist_17/crg_support_corruption_control.csv,auc_bce,0.0008395201797348,0.0007005572903322,short_history
assist_17,evidence_support_corruption,0.75,44,long_history,38553,0.7928982974923456,0.0025667192366637,0.5473284058383465,0.0069200906254974,0.7954650167290094,0.540408315212849,7.554455280303955,True,0.00037449177736780014,0.0047752347040513,,,weak,/home/zsh/ConceptSkillCDM/results/crg_lcrf_core3_final_20260520/crg_support_controls/assist_17/crg_support_corruption_control.csv,auc_bce,0.0021922274592959,0.0021448559214461,long_history
assist_17,evidence_support_corruption,0.75,45,all,77261,0.7816227538157001,0.002638886521627,0.5615545972937437,0.0079857450410848,0.7842616403373271,0.5535688522526588,7.554455280303955,True,-0.00011873539562389998,0.004827217448475399,,,weak,/home/zsh/ConceptSkillCDM/results/crg_lcrf_core3_final_20260520/crg_support_controls/assist_17/crg_support_corruption_control.csv,auc_bce,0.0027576219172509,0.0031585275926094,all
assist_17,evidence_support_corruption,0.75,45,graph_hits_history,77261,0.7816227538157001,0.002638886521627,0.5615545972937437,0.0079857450410848,0.7842616403373271,0.5535688522526588,7.554455280303955,True,-0.00011873539562389998,0.004827217448475399,,,weak,/home/zsh/ConceptSkillCDM/results/crg_lcrf_core3_final_20260520/crg_support_controls/assist_17/crg_support_corruption_control.csv,auc_bce,0.0027576219172509,0.0031585275926094,direct_unseen_bridgeable
assist_17,evidence_support_corruption,0.75,45,high_support_mass,19317,0.7976350269017464,0.0020531597174477,0.5496016407581573,0.0084079348093162,0.7996881866191942,0.5411937059488411,7.554455280303955,True,-0.0009806454503726,0.0049736180790806,,,weak,/home/zsh/ConceptSkillCDM/results/crg_lcrf_core3_final_20260520/crg_support_controls/assist_17/crg_support_corruption_control.csv,auc_bce,0.0030338051678203,0.0034343167302356,high_crg_mass
assist_17,evidence_support_corruption,0.75,45,query_seq_top5_q4_high,19249,0.7673205958720255,0.0033321604379175,0.5570305439352178,0.0072373918186158,0.770652756309943,0.549793152116602,7.554455280303955,True,0.0011756561783979997,0.0047757316971798,,,weak,/home/zsh/ConceptSkillCDM/results/crg_lcrf_core3_final_20260520/crg_support_controls/assist_17/crg_support_corruption_control.csv,auc_bce,0.0021565042595195,0.002461660121436,high_seq_support
assist_17,evidence_support_corruption,0.75,45,multi_concept,33639,0.7652390477869894,0.0020973804198664,0.5750126475039348,0.0056694664414204,0.7673364282068558,0.5693431810625144,7.554455280303955,True,9.956304095440002e-05,0.0037134107371076,,,weak,/home/zsh/ConceptSkillCDM/results/crg_lcrf_core3_final_20260520/crg_support_controls/assist_17/crg_support_corruption_control.csv,auc_bce,0.001997817378912,0.0019560557043128,direct_seen
assist_17,evidence_support_corruption,0.75,45,direct_seen,73401,0.7839906668802467,0.002325313428802,0.5569718776345399,0.0067788900497934,0.7863159803090487,0.5501929875847464,7.554455280303955,True,-0.00039068613028080037,0.003908488052579701,,,weak,/home/zsh/ConceptSkillCDM/results/crg_lcrf_core3_final_20260520/crg_support_controls/assist_17/crg_support_corruption_control.csv,auc_bce,0.0027159995590828,0.0028704019972137,direct_seen
assist_17,evidence_support_corruption,0.75,45,direct_unseen,3860,0.729036075586944,0.0068429089520901,0.648698692036029,0.0309350619363668,0.7358789845390342,0.6177636300996622,7.554455280303955,True,0.0035613394050118003,0.022297594751103,,,weak,/home/zsh/ConceptSkillCDM/results/crg_lcrf_core3_final_20260520/crg_support_controls/assist_17/crg_support_corruption_control.csv,auc_bce,0.0032815695470783,0.0086374671852638,direct_unseen
assist_17,evidence_support_corruption,0.75,45,direct_unseen_bridgeable,3860,0.729036075586944,0.0068429089520901,0.648698692036029,0.0309350619363668,0.7358789845390342,0.6177636300996622,7.554455280303955,True,0.0035613394050118003,0.022297594751103,,,weak,/home/zsh/ConceptSkillCDM/results/crg_lcrf_core3_final_20260520/crg_support_controls/assist_17/crg_support_corruption_control.csv,auc_bce,0.0032815695470783,0.0086374671852638,direct_unseen_bridgeable
assist_17,evidence_support_corruption,0.75,45,high_seq_support,19249,0.7673205958720255,0.0033321604379175,0.5570305439352178,0.0072373918186158,0.770652756309943,0.549793152116602,7.554455280303955,True,0.0011756561783979997,0.0047757316971798,,,weak,/home/zsh/ConceptSkillCDM/results/crg_lcrf_core3_final_20260520/crg_support_controls/assist_17/crg_support_corruption_control.csv,auc_bce,0.0021565042595195,0.002461660121436,high_seq_support
assist_17,evidence_support_corruption,0.75,45,high_crg_mass,19317,0.7976350269017464,0.0020531597174477,0.5496016407581573,0.0084079348093162,0.7996881866191942,0.5411937059488411,7.554455280303955,True,-0.0009806454503726,0.0049736180790806,,,weak,/home/zsh/ConceptSkillCDM/results/crg_lcrf_core3_final_20260520/crg_support_controls/assist_17/crg_support_corruption_control.csv,auc_bce,0.0030338051678203,0.0034343167302356,high_crg_mass
assist_17,evidence_support_corruption,0.75,45,short_history,38708,0.7696901351326647,0.0026546371863725,0.575723822232716,0.0090471322076126,0.7723447723190373,0.5666766900251033,7.554455280303955,True,-0.0009631317287735002,0.0046169781285123005,,,weak,/home/zsh/ConceptSkillCDM/results/crg_lcrf_core3_final_20260520/crg_support_controls/assist_17/crg_support_corruption_control.csv,auc_bce,0.003617768915146,0.0044301540791003,short_history
assist_17,evidence_support_corruption,0.75,45,long_history,38553,0.7928982974923456,0.0025667192366637,0.5473284058446286,0.0069200906317795,0.7954650167290094,0.540408315212849,7.554455280303955,True,0.0007487772648526003,0.0050383020228831,,,weak,/home/zsh/ConceptSkillCDM/results/crg_lcrf_core3_final_20260520/crg_support_controls/assist_17/crg_support_corruption_control.csv,auc_bce,0.0018179419718111,0.0018817886088964,long_history
assist_17,evidence_support_corruption,0.75,46,all,77261,0.7816227538157001,0.002638886521627,0.5615545972906091,0.0079857450379502,0.7842616403373271,0.5535688522526588,7.554455280303955,True,0.0002931300810726997,0.006192161626303999,,,weak,/home/zsh/ConceptSkillCDM/results/crg_lcrf_core3_final_20260520/crg_support_controls/assist_17/crg_support_corruption_control.csv,auc_bce,0.0023457564405543,0.0017935834116462,all
assist_17,evidence_support_corruption,0.75,46,graph_hits_history,77261,0.7816227538157001,0.002638886521627,0.5615545972906091,0.0079857450379502,0.7842616403373271,0.5535688522526588,7.554455280303955,True,0.0002931300810726997,0.006192161626303999,,,weak,/home/zsh/ConceptSkillCDM/results/crg_lcrf_core3_final_20260520/crg_support_controls/assist_17/crg_support_corruption_control.csv,auc_bce,0.0023457564405543,0.0017935834116462,direct_unseen_bridgeable
assist_17,evidence_support_corruption,0.75,46,high_support_mass,19317,0.7976350269017464,0.0020531597174477,0.5496016407581573,0.0084079348093162,0.7996881866191942,0.5411937059488411,7.554455280303955,True,-0.0009337251856152999,0.0058419802818536,,,weak,/home/zsh/ConceptSkillCDM/results/crg_lcrf_core3_final_20260520/crg_support_controls/assist_17/crg_support_corruption_control.csv,auc_bce,0.002986884903063,0.0025659545274626,high_crg_mass
assist_17,evidence_support_corruption,0.75,46,query_seq_top5_q4_high,19249,0.7673205958720255,0.0033321604379175,0.5570305439352178,0.0072373918186158,0.770652756309943,0.549793152116602,7.554455280303955,True,0.0014725781967429997,0.0057875887798917005,,,weak,/home/zsh/ConceptSkillCDM/results/crg_lcrf_core3_final_20260520/crg_support_controls/assist_17/crg_support_corruption_control.csv,auc_bce,0.0018595822411745,0.0014498030387241,high_seq_support
assist_17,evidence_support_corruption,0.75,46,multi_concept,33639,0.7652390477869894,0.0020973804198664,0.5750126474967351,0.0056694664342207,0.7673364282068558,0.5693431810625144,7.554455280303955,True,1.8302307036000345e-05,0.0038527738080689,,,weak,/home/zsh/ConceptSkillCDM/results/crg_lcrf_core3_final_20260520/crg_support_controls/assist_17/crg_support_corruption_control.csv,auc_bce,0.0020790781128304,0.0018166926261518,direct_seen
assist_17,evidence_support_corruption,0.75,46,direct_seen,73401,0.7839906668802467,0.002325313428802,0.5569718776312403,0.0067788900464939,0.7863159803090487,0.5501929875847464,7.554455280303955,True,0.00017449768666740004,0.0050715405289379,,,weak,/home/zsh/ConceptSkillCDM/results/crg_lcrf_core3_final_20260520/crg_support_controls/assist_17/crg_support_corruption_control.csv,auc_bce,0.0021508157421346,0.001707349517556,direct_seen
assist_17,evidence_support_corruption,0.75,46,direct_unseen,3860,0.729036075586944,0.0068429089520901,0.648698692036029,0.0309350619363668,0.7358789845390342,0.6177636300996622,7.554455280303955,True,0.0034240449376925003,0.0275016717733921,,,weak,/home/zsh/ConceptSkillCDM/results/crg_lcrf_core3_final_20260520/crg_support_controls/assist_17/crg_support_corruption_control.csv,auc_bce,0.0034188640143976,0.0034333901629747,direct_unseen
assist_17,evidence_support_corruption,0.75,46,direct_unseen_bridgeable,3860,0.729036075586944,0.0068429089520901,0.648698692036029,0.0309350619363668,0.7358789845390342,0.6177636300996622,7.554455280303955,True,0.0034240449376925003,0.0275016717733921,,,weak,/home/zsh/ConceptSkillCDM/results/crg_lcrf_core3_final_20260520/crg_support_controls/assist_17/crg_support_corruption_control.csv,auc_bce,0.0034188640143976,0.0034333901629747,direct_unseen_bridgeable
assist_17,evidence_support_corruption,0.75,46,high_seq_support,19249,0.7673205958720255,0.0033321604379175,0.5570305439352178,0.0072373918186158,0.770652756309943,0.549793152116602,7.554455280303955,True,0.0014725781967429997,0.0057875887798917005,,,weak,/home/zsh/ConceptSkillCDM/results/crg_lcrf_core3_final_20260520/crg_support_controls/assist_17/crg_support_corruption_control.csv,auc_bce,0.0018595822411745,0.0014498030387241,high_seq_support
assist_17,evidence_support_corruption,0.75,46,high_crg_mass,19317,0.7976350269017464,0.0020531597174477,0.5496016407581573,0.0084079348093162,0.7996881866191942,0.5411937059488411,7.554455280303955,True,-0.0009337251856152999,0.0058419802818536,,,weak,/home/zsh/ConceptSkillCDM/results/crg_lcrf_core3_final_20260520/crg_support_controls/assist_17/crg_support_corruption_control.csv,auc_bce,0.002986884903063,0.0025659545274626,high_crg_mass
assist_17,evidence_support_corruption,0.75,46,short_history,38708,0.7696901351326647,0.0026546371863725,0.575723822232716,0.0090471322076126,0.7723447723190373,0.5666766900251033,7.554455280303955,True,0.00039706716706080017,0.0074808205706357,,,weak,/home/zsh/ConceptSkillCDM/results/crg_lcrf_core3_final_20260520/crg_support_controls/assist_17/crg_support_corruption_control.csv,auc_bce,0.0022575700193117,0.0015663116369769,short_history
assist_17,evidence_support_corruption,0.75,46,long_history,38553,0.7928982974923456,0.0025667192366637,0.5473284058383465,0.0069200906254974,0.7954650167290094,0.540408315212849,7.554455280303955,True,0.00014889316125930039,0.0048983217067855,,,weak,/home/zsh/ConceptSkillCDM/results/crg_lcrf_core3_final_20260520/crg_support_controls/assist_17/crg_support_corruption_control.csv,auc_bce,0.0024178260754044,0.0020217689187119,long_history
assist_17,evidence_support_corruption,1.0,42,all,77261,0.7731935181362601,0.011068122201067,0.5758563901057201,0.0222875378530612,0.7842616403373271,0.5535688522526588,1.0,True,0.008502930273390599,0.006678870723595002,,,strong_evidence_gap,/home/zsh/ConceptSkillCDM/results/crg_lcrf_core3_final_20260520/crg_support_controls/assist_17/crg_support_corruption_control.csv,auc_bce,0.0025651919276764,0.0156086671294662,all
assist_17,evidence_support_corruption,1.0,42,graph_hits_history,77261,0.7731935181362601,0.011068122201067,0.5758563901057201,0.0222875378530612,0.7842616403373271,0.5535688522526588,1.0,True,0.008502930273390599,0.006678870723595002,,,strong_evidence_gap,/home/zsh/ConceptSkillCDM/results/crg_lcrf_core3_final_20260520/crg_support_controls/assist_17/crg_support_corruption_control.csv,auc_bce,0.0025651919276764,0.0156086671294662,direct_unseen_bridgeable
assist_17,evidence_support_corruption,1.0,42,high_support_mass,19317,0.78591305881862,0.0137751278005742,0.5727488048362989,0.0315550988874577,0.7996881866191942,0.5411937059488411,1.0,True,0.0102064467815428,0.011756122680496101,,,strong_evidence_gap,/home/zsh/ConceptSkillCDM/results/crg_lcrf_core3_final_20260520/crg_support_controls/assist_17/crg_support_corruption_control.csv,auc_bce,0.0035686810190314,0.0197989762069616,high_crg_mass
assist_17,evidence_support_corruption,1.0,42,query_seq_top5_q4_high,19249,0.7603212681720197,0.0103314881379232,0.5839746148140424,0.0341814626974404,0.770652756309943,0.549793152116602,1.0,True,0.0095095067974776,0.0196681220038541,,,strong_evidence_gap,/home/zsh/ConceptSkillCDM/results/crg_lcrf_core3_final_20260520/crg_support_controls/assist_17/crg_support_corruption_control.csv,auc_bce,0.0008219813404456,0.0145133406935863,high_seq_support
assist_17,evidence_support_corruption,1.0,42,multi_concept,33639,0.7608242675582391,0.0065121606486167,0.5886815723487195,0.0193383912862051,0.7673364282068558,0.5693431810625144,1.0,True,0.0047934202110152995,0.006824609366780301,,,strong_evidence_gap,/home/zsh/ConceptSkillCDM/results/crg_lcrf_core3_final_20260520/crg_support_controls/assist_17/crg_support_corruption_control.csv,auc_bce,0.0017187404376014,0.0125137819194248,direct_seen
assist_17,evidence_support_corruption,1.0,42,direct_seen,73401,0.7778502887444609,0.0084656915645877,0.5672120349273437,0.0170190473425972,0.7863159803090487,0.5501929875847464,1.0,True,0.006182436147194801,0.003261650458933299,,,strong_evidence_gap,/home/zsh/ConceptSkillCDM/results/crg_lcrf_core3_final_20260520/crg_support_controls/assist_17/crg_support_corruption_control.csv,auc_bce,0.0022832554173929,0.0137573968836639,direct_seen
assist_17,evidence_support_corruption,1.0,42,direct_unseen,3860,0.7212382406675211,0.0146407438715131,0.7402357461803314,0.1224721160806692,0.7358789845390342,0.6177636300996622,1.0,True,0.0085171652169171,0.0716600584558286,,,strong_evidence_gap,/home/zsh/ConceptSkillCDM/results/crg_lcrf_core3_final_20260520/crg_support_controls/assist_17/crg_support_corruption_control.csv,auc_bce,0.006123578654596,0.0508120576248406,direct_unseen
assist_17,evidence_support_corruption,1.0,42,direct_unseen_bridgeable,3860,0.7212382406675211,0.0146407438715131,0.7402357461803314,0.1224721160806692,0.7358789845390342,0.6177636300996622,1.0,True,0.0085171652169171,0.0716600584558286,,,strong_evidence_gap,/home/zsh/ConceptSkillCDM/results/crg_lcrf_core3_final_20260520/crg_support_controls/assist_17/crg_support_corruption_control.csv,auc_bce,0.006123578654596,0.0508120576248406,direct_unseen_bridgeable
assist_17,evidence_support_corruption,1.0,42,high_seq_support,19249,0.7603212681720197,0.0103314881379232,0.5839746148140424,0.0341814626974404,0.770652756309943,0.549793152116602,1.0,True,0.0095095067974776,0.0196681220038541,,,strong_evidence_gap,/home/zsh/ConceptSkillCDM/results/crg_lcrf_core3_final_20260520/crg_support_controls/assist_17/crg_support_corruption_control.csv,auc_bce,0.0008219813404456,0.0145133406935863,high_seq_support
assist_17,evidence_support_corruption,1.0,42,high_crg_mass,19317,0.78591305881862,0.0137751278005742,0.5727488048362989,0.0315550988874577,0.7996881866191942,0.5411937059488411,1.0,True,0.0102064467815428,0.011756122680496101,,,strong_evidence_gap,/home/zsh/ConceptSkillCDM/results/crg_lcrf_core3_final_20260520/crg_support_controls/assist_17/crg_support_corruption_control.csv,auc_bce,0.0035686810190314,0.0197989762069616,high_crg_mass
assist_17,evidence_support_corruption,1.0,42,short_history,38708,0.7609871265708168,0.0113576457482205,0.5897048827300669,0.0230281927049635,0.7723447723190373,0.5666766900251033,1.0,True,0.009403682971381801,0.0079669574103747,,,strong_evidence_gap,/home/zsh/ConceptSkillCDM/results/crg_lcrf_core3_final_20260520/crg_support_controls/assist_17/crg_support_corruption_control.csv,auc_bce,0.0019539627768387,0.0150612352945888,short_history
assist_17,evidence_support_corruption,1.0,42,long_history,38553,0.7846898855190169,0.0107751312099925,0.5619522204560634,0.0215439052432143,0.7954650167290094,0.540408315212849,1.0,True,0.0075449452019806995,0.005385605362355203,,,strong_evidence_gap,/home/zsh/ConceptSkillCDM/results/crg_lcrf_core3_final_20260520/crg_support_controls/assist_17/crg_support_corruption_control.csv,auc_bce,0.0032301860080118,0.0161582998808591,long_history
assist_17,evidence_support_corruption,1.0,43,all,77261,0.7731935181362601,0.011068122201067,0.5758563901057201,0.0222875378530612,0.7842616403373271,0.5535688522526588,1.0,True,0.008482738407801699,0.005890359855392203,,,strong_evidence_gap,/home/zsh/ConceptSkillCDM/results/crg_lcrf_core3_final_20260520/crg_support_controls/assist_17/crg_support_corruption_control.csv,auc_bce,0.0025853837932653,0.016397177997669,all
assist_17,evidence_support_corruption,1.0,43,graph_hits_history,77261,0.7731935181362601,0.011068122201067,0.5758563901057201,0.0222875378530612,0.7842616403373271,0.5535688522526588,1.0,True,0.008482738407801699,0.005890359855392203,,,strong_evidence_gap,/home/zsh/ConceptSkillCDM/results/crg_lcrf_core3_final_20260520/crg_support_controls/assist_17/crg_support_corruption_control.csv,auc_bce,0.0025853837932653,0.016397177997669,direct_unseen_bridgeable
assist_17,evidence_support_corruption,1.0,43,high_support_mass,19317,0.78591305881862,0.0137751278005742,0.5727488048362989,0.0315550988874577,0.7996881866191942,0.5411937059488411,1.0,True,0.010779808950128901,0.0115454869151159,,,strong_evidence_gap,/home/zsh/ConceptSkillCDM/results/crg_lcrf_core3_final_20260520/crg_support_controls/assist_17/crg_support_corruption_control.csv,auc_bce,0.0029953188504453,0.0200096119723418,high_crg_mass
assist_17,evidence_support_corruption,1.0,43,query_seq_top5_q4_high,19249,0.7603212681720197,0.0103314881379232,0.5839746148140424,0.0341814626974404,0.770652756309943,0.549793152116602,1.0,True,0.009061428739801501,0.0163692260417583,,,strong_evidence_gap,/home/zsh/ConceptSkillCDM/results/crg_lcrf_core3_final_20260520/crg_support_controls/assist_17/crg_support_corruption_control.csv,auc_bce,0.0012700593981217,0.0178122366556821,high_seq_support
assist_17,evidence_support_corruption,1.0,43,multi_concept,33639,0.7608242675582391,0.0065121606486167,0.5886815723487195,0.0193383912862051,0.7673364282068558,0.5693431810625144,1.0,True,0.0048968266286385,0.005934793773239001,,,strong_evidence_gap,/home/zsh/ConceptSkillCDM/results/crg_lcrf_core3_final_20260520/crg_support_controls/assist_17/crg_support_corruption_control.csv,auc_bce,0.0016153340199782,0.0134035975129661,direct_seen
assist_17,evidence_support_corruption,1.0,43,direct_seen,73401,0.7778502887444609,0.0084656915645877,0.5672120349273437,0.0170190473425972,0.7863159803090487,0.5501929875847464,1.0,True,0.0061742271967580005,0.0025997556430829988,,,strong_evidence_gap,/home/zsh/ConceptSkillCDM/results/crg_lcrf_core3_final_20260520/crg_support_controls/assist_17/crg_support_corruption_control.csv,auc_bce,0.0022914643678297,0.0144192916995142,direct_seen
assist_17,evidence_support_corruption,1.0,43,direct_unseen,3860,0.7212382406675211,0.0146407438715131,0.7402357461803314,0.1224721160806692,0.7358789845390342,0.6177636300996622,1.0,True,0.007946718294112901,0.0684638416656799,,,strong_evidence_gap,/home/zsh/ConceptSkillCDM/results/crg_lcrf_core3_final_20260520/crg_support_controls/assist_17/crg_support_corruption_control.csv,auc_bce,0.0066940255774002,0.0540082744149893,direct_unseen
assist_17,evidence_support_corruption,1.0,43,direct_unseen_bridgeable,3860,0.7212382406675211,0.0146407438715131,0.7402357461803314,0.1224721160806692,0.7358789845390342,0.6177636300996622,1.0,True,0.007946718294112901,0.0684638416656799,,,strong_evidence_gap,/home/zsh/ConceptSkillCDM/results/crg_lcrf_core3_final_20260520/crg_support_controls/assist_17/crg_support_corruption_control.csv,auc_bce,0.0066940255774002,0.0540082744149893,direct_unseen_bridgeable
assist_17,evidence_support_corruption,1.0,43,high_seq_support,19249,0.7603212681720197,0.0103314881379232,0.5839746148140424,0.0341814626974404,0.770652756309943,0.549793152116602,1.0,True,0.009061428739801501,0.0163692260417583,,,strong_evidence_gap,/home/zsh/ConceptSkillCDM/results/crg_lcrf_core3_final_20260520/crg_support_controls/assist_17/crg_support_corruption_control.csv,auc_bce,0.0012700593981217,0.0178122366556821,high_seq_support
assist_17,evidence_support_corruption,1.0,43,high_crg_mass,19317,0.78591305881862,0.0137751278005742,0.5727488048362989,0.0315550988874577,0.7996881866191942,0.5411937059488411,1.0,True,0.010779808950128901,0.0115454869151159,,,strong_evidence_gap,/home/zsh/ConceptSkillCDM/results/crg_lcrf_core3_final_20260520/crg_support_controls/assist_17/crg_support_corruption_control.csv,auc_bce,0.0029953188504453,0.0200096119723418,high_crg_mass
assist_17,evidence_support_corruption,1.0,43,short_history,38708,0.7609871265708168,0.0113576457482205,0.5897048827300669,0.0230281927049635,0.7723447723190373,0.5666766900251033,1.0,True,0.0090161513482393,0.007064305701733199,,,strong_evidence_gap,/home/zsh/ConceptSkillCDM/results/crg_lcrf_core3_final_20260520/crg_support_controls/assist_17/crg_support_corruption_control.csv,auc_bce,0.0023414943999812,0.0159638870032303,short_history
assist_17,evidence_support_corruption,1.0,43,long_history,38553,0.7846898855190169,0.0107751312099925,0.5619522204560634,0.0215439052432143,0.7954650167290094,0.540408315212849,1.0,True,0.0079149178556436,0.004711694230923002,,,strong_evidence_gap,/home/zsh/ConceptSkillCDM/results/crg_lcrf_core3_final_20260520/crg_support_controls/assist_17/crg_support_corruption_control.csv,auc_bce,0.0028602133543489,0.0168322110122913,long_history
assist_17,evidence_support_corruption,1.0,44,all,77261,0.7731935181362601,0.011068122201067,0.5758563901057201,0.0222875378530612,0.7842616403373271,0.5535688522526588,1.0,True,0.0089100121232162,0.0026970728516704998,,,strong_evidence_gap,/home/zsh/ConceptSkillCDM/results/crg_lcrf_core3_final_20260520/crg_support_controls/assist_17/crg_support_corruption_control.csv,auc_bce,0.0021581100778508,0.0195904650013907,all
assist_17,evidence_support_corruption,1.0,44,graph_hits_history,77261,0.7731935181362601,0.011068122201067,0.5758563901057201,0.0222875378530612,0.7842616403373271,0.5535688522526588,1.0,True,0.0089100121232162,0.0026970728516704998,,,strong_evidence_gap,/home/zsh/ConceptSkillCDM/results/crg_lcrf_core3_final_20260520/crg_support_controls/assist_17/crg_support_corruption_control.csv,auc_bce,0.0021581100778508,0.0195904650013907,direct_unseen_bridgeable
assist_17,evidence_support_corruption,1.0,44,high_support_mass,19317,0.78591305881862,0.0137751278005742,0.5727488048362989,0.0315550988874577,0.7996881866191942,0.5411937059488411,1.0,True,0.0108711035867276,0.010098584231063901,,,strong_evidence_gap,/home/zsh/ConceptSkillCDM/results/crg_lcrf_core3_final_20260520/crg_support_controls/assist_17/crg_support_corruption_control.csv,auc_bce,0.0029040242138466,0.0214565146563938,high_crg_mass
assist_17,evidence_support_corruption,1.0,44,query_seq_top5_q4_high,19249,0.7603212681720197,0.0103314881379232,0.5839746148140424,0.0341814626974404,0.770652756309943,0.549793152116602,1.0,True,0.0096985132921858,0.0215303554458915,,,strong_evidence_gap,/home/zsh/ConceptSkillCDM/results/crg_lcrf_core3_final_20260520/crg_support_controls/assist_17/crg_support_corruption_control.csv,auc_bce,0.0006329748457374,0.0126511072515489,high_seq_support
assist_17,evidence_support_corruption,1.0,44,multi_concept,33639,0.7608242675582391,0.0065121606486167,0.5886815723487195,0.0193383912862051,0.7673364282068558,0.5693431810625144,1.0,True,0.0054065367158545,0.005314158501789802,,,strong_evidence_gap,/home/zsh/ConceptSkillCDM/results/crg_lcrf_core3_final_20260520/crg_support_controls/assist_17/crg_support_corruption_control.csv,auc_bce,0.0011056239327622,0.0140242327844153,direct_seen
assist_17,evidence_support_corruption,1.0,44,direct_seen,73401,0.7778502887444609,0.0084656915645877,0.5672120349273437,0.0170190473425972,0.7863159803090487,0.5501929875847464,1.0,True,0.0061714366679926,-0.001093993548439899,,,strong_evidence_gap,/home/zsh/ConceptSkillCDM/results/crg_lcrf_core3_final_20260520/crg_support_controls/assist_17/crg_support_corruption_control.csv,auc_bce,0.0022942548965951,0.0181130408910371,direct_seen
assist_17,evidence_support_corruption,1.0,44,direct_unseen,3860,0.7212382406675211,0.0146407438715131,0.7402357461803314,0.1224721160806692,0.7358789845390342,0.6177636300996622,1.0,True,0.0103325334714913,0.0747872450885894,,,strong_evidence_gap,/home/zsh/ConceptSkillCDM/results/crg_lcrf_core3_final_20260520/crg_support_controls/assist_17/crg_support_corruption_control.csv,auc_bce,0.0043082104000218,0.0476848709920798,direct_unseen
assist_17,evidence_support_corruption,1.0,44,direct_unseen_bridgeable,3860,0.7212382406675211,0.0146407438715131,0.7402357461803314,0.1224721160806692,0.7358789845390342,0.6177636300996622,1.0,True,0.0103325334714913,0.0747872450885894,,,strong_evidence_gap,/home/zsh/ConceptSkillCDM/results/crg_lcrf_core3_final_20260520/crg_support_controls/assist_17/crg_support_corruption_control.csv,auc_bce,0.0043082104000218,0.0476848709920798,direct_unseen_bridgeable
assist_17,evidence_support_corruption,1.0,44,high_seq_support,19249,0.7603212681720197,0.0103314881379232,0.5839746148140424,0.0341814626974404,0.770652756309943,0.549793152116602,1.0,True,0.0096985132921858,0.0215303554458915,,,strong_evidence_gap,/home/zsh/ConceptSkillCDM/results/crg_lcrf_core3_final_20260520/crg_support_controls/assist_17/crg_support_corruption_control.csv,auc_bce,0.0006329748457374,0.0126511072515489,high_seq_support
assist_17,evidence_support_corruption,1.0,44,high_crg_mass,19317,0.78591305881862,0.0137751278005742,0.5727488048362989,0.0315550988874577,0.7996881866191942,0.5411937059488411,1.0,True,0.0108711035867276,0.010098584231063901,,,strong_evidence_gap,/home/zsh/ConceptSkillCDM/results/crg_lcrf_core3_final_20260520/crg_support_controls/assist_17/crg_support_corruption_control.csv,auc_bce,0.0029040242138466,0.0214565146563938,high_crg_mass
assist_17,evidence_support_corruption,1.0,44,short_history,38708,0.7609871265708168,0.0113576457482205,0.5897048827300669,0.0230281927049635,0.7723447723190373,0.5666766900251033,1.0,True,0.0099759355928405,0.0029868903257894014,,,strong_evidence_gap,/home/zsh/ConceptSkillCDM/results/crg_lcrf_core3_final_20260520/crg_support_controls/assist_17/crg_support_corruption_control.csv,auc_bce,0.00138171015538,0.0200413023791741,short_history
assist_17,evidence_support_corruption,1.0,44,long_history,38553,0.7846898855190169,0.0107751312099925,0.5619522204560634,0.0215439052432143,0.7954650167290094,0.540408315212849,1.0,True,0.0078661124198446,0.002406090183961502,,,strong_evidence_gap,/home/zsh/ConceptSkillCDM/results/crg_lcrf_core3_final_20260520/crg_support_controls/assist_17/crg_support_corruption_control.csv,auc_bce,0.0029090187901479,0.0191378150592528,long_history
assist_17,evidence_support_corruption,1.0,45,all,77261,0.7731935181362601,0.011068122201067,0.5758563901057201,0.0222875378530612,0.7842616403373271,0.5535688522526588,1.0,True,0.0076053244172324995,0.0037261024195169995,,,strong_evidence_gap,/home/zsh/ConceptSkillCDM/results/crg_lcrf_core3_final_20260520/crg_support_controls/assist_17/crg_support_corruption_control.csv,auc_bce,0.0034627977838345,0.0185614354335442,all
assist_17,evidence_support_corruption,1.0,45,graph_hits_history,77261,0.7731935181362601,0.011068122201067,0.5758563901057201,0.0222875378530612,0.7842616403373271,0.5535688522526588,1.0,True,0.0076053244172324995,0.0037261024195169995,,,strong_evidence_gap,/home/zsh/ConceptSkillCDM/results/crg_lcrf_core3_final_20260520/crg_support_controls/assist_17/crg_support_corruption_control.csv,auc_bce,0.0034627977838345,0.0185614354335442,direct_unseen_bridgeable
assist_17,evidence_support_corruption,1.0,45,high_support_mass,19317,0.78591305881862,0.0137751278005742,0.5727488048362989,0.0315550988874577,0.7996881866191942,0.5411937059488411,1.0,True,0.0097645014385486,0.009126771422621902,,,strong_evidence_gap,/home/zsh/ConceptSkillCDM/results/crg_lcrf_core3_final_20260520/crg_support_controls/assist_17/crg_support_corruption_control.csv,auc_bce,0.0040106263620256,0.0224283274648358,high_crg_mass
assist_17,evidence_support_corruption,1.0,45,query_seq_top5_q4_high,19249,0.7603212681720197,0.0103314881379232,0.5839746148140424,0.0341814626974404,0.770652756309943,0.549793152116602,1.0,True,0.0083200753853949,0.017541340318563,,,strong_evidence_gap,/home/zsh/ConceptSkillCDM/results/crg_lcrf_core3_final_20260520/crg_support_controls/assist_17/crg_support_corruption_control.csv,auc_bce,0.0020114127525283,0.0166401223788774,high_seq_support
assist_17,evidence_support_corruption,1.0,45,multi_concept,33639,0.7608242675582391,0.0065121606486167,0.5886815723487195,0.0193383912862051,0.7673364282068558,0.5693431810625144,1.0,True,0.0040487790082851995,0.004145625067546002,,,strong_evidence_gap,/home/zsh/ConceptSkillCDM/results/crg_lcrf_core3_final_20260520/crg_support_controls/assist_17/crg_support_corruption_control.csv,auc_bce,0.0024633816403315,0.0151927662186591,direct_seen
assist_17,evidence_support_corruption,1.0,45,direct_seen,73401,0.7778502887444609,0.0084656915645877,0.5672120349273437,0.0170190473425972,0.7863159803090487,0.5501929875847464,1.0,True,0.0051253662256969005,0.00018941616770189879,,,strong_evidence_gap,/home/zsh/ConceptSkillCDM/results/crg_lcrf_core3_final_20260520/crg_support_controls/assist_17/crg_support_corruption_control.csv,auc_bce,0.0033403253388908,0.0168296311748953,direct_seen
assist_17,evidence_support_corruption,1.0,45,direct_unseen,3860,0.7212382406675211,0.0146407438715131,0.7402357461803314,0.1224721160806692,0.7358789845390342,0.6177636300996622,1.0,True,0.007557194666375701,0.07097903184165999,,,strong_evidence_gap,/home/zsh/ConceptSkillCDM/results/crg_lcrf_core3_final_20260520/crg_support_controls/assist_17/crg_support_corruption_control.csv,auc_bce,0.0070835492051374,0.0514930842390092,direct_unseen
assist_17,evidence_support_corruption,1.0,45,direct_unseen_bridgeable,3860,0.7212382406675211,0.0146407438715131,0.7402357461803314,0.1224721160806692,0.7358789845390342,0.6177636300996622,1.0,True,0.007557194666375701,0.07097903184165999,,,strong_evidence_gap,/home/zsh/ConceptSkillCDM/results/crg_lcrf_core3_final_20260520/crg_support_controls/assist_17/crg_support_corruption_control.csv,auc_bce,0.0070835492051374,0.0514930842390092,direct_unseen_bridgeable
assist_17,evidence_support_corruption,1.0,45,high_seq_support,19249,0.7603212681720197,0.0103314881379232,0.5839746148140424,0.0341814626974404,0.770652756309943,0.549793152116602,1.0,True,0.0083200753853949,0.017541340318563,,,strong_evidence_gap,/home/zsh/ConceptSkillCDM/results/crg_lcrf_core3_final_20260520/crg_support_controls/assist_17/crg_support_corruption_control.csv,auc_bce,0.0020114127525283,0.0166401223788774,high_seq_support
assist_17,evidence_support_corruption,1.0,45,high_crg_mass,19317,0.78591305881862,0.0137751278005742,0.5727488048362989,0.0315550988874577,0.7996881866191942,0.5411937059488411,1.0,True,0.0097645014385486,0.009126771422621902,,,strong_evidence_gap,/home/zsh/ConceptSkillCDM/results/crg_lcrf_core3_final_20260520/crg_support_controls/assist_17/crg_support_corruption_control.csv,auc_bce,0.0040106263620256,0.0224283274648358,high_crg_mass
assist_17,evidence_support_corruption,1.0,45,short_history,38708,0.7609871265708168,0.0113576457482205,0.5897048827300669,0.0230281927049635,0.7723447723190373,0.5666766900251033,1.0,True,0.008099071456694001,0.0051036267886993,,,strong_evidence_gap,/home/zsh/ConceptSkillCDM/results/crg_lcrf_core3_final_20260520/crg_support_controls/assist_17/crg_support_corruption_control.csv,auc_bce,0.0032585742915265,0.0179245659162642,short_history
assist_17,evidence_support_corruption,1.0,45,long_history,38553,0.7846898855190169,0.0107751312099925,0.5619522204560634,0.0215439052432143,0.7954650167290094,0.540408315212849,1.0,True,0.007037987814374099,0.002343039797093001,,,strong_evidence_gap,/home/zsh/ConceptSkillCDM/results/crg_lcrf_core3_final_20260520/crg_support_controls/assist_17/crg_support_corruption_control.csv,auc_bce,0.0037371433956184,0.0192008654461213,long_history
assist_17,evidence_support_corruption,1.0,46,all,77261,0.7731935181362601,0.011068122201067,0.5758563901057201,0.0222875378530612,0.7842616403373271,0.5535688522526588,1.0,True,0.0061495273782775,0.0052704813578009005,,,strong_evidence_gap,/home/zsh/ConceptSkillCDM/results/crg_lcrf_core3_final_20260520/crg_support_controls/assist_17/crg_support_corruption_control.csv,auc_bce,0.0049185948227895,0.0170170564952603,all
assist_17,evidence_support_corruption,1.0,46,graph_hits_history,77261,0.7731935181362601,0.011068122201067,0.5758563901057201,0.0222875378530612,0.7842616403373271,0.5535688522526588,1.0,True,0.0061495273782775,0.0052704813578009005,,,strong_evidence_gap,/home/zsh/ConceptSkillCDM/results/crg_lcrf_core3_final_20260520/crg_support_controls/assist_17/crg_support_corruption_control.csv,auc_bce,0.0049185948227895,0.0170170564952603,direct_unseen_bridgeable
assist_17,evidence_support_corruption,1.0,46,high_support_mass,19317,0.78591305881862,0.0137751278005742,0.5727488048362989,0.0315550988874577,0.7996881866191942,0.5411937059488411,1.0,True,0.0090327630634316,0.0104709109489255,,,strong_evidence_gap,/home/zsh/ConceptSkillCDM/results/crg_lcrf_core3_final_20260520/crg_support_controls/assist_17/crg_support_corruption_control.csv,auc_bce,0.0047423647371426,0.0210841879385322,high_crg_mass
assist_17,evidence_support_corruption,1.0,46,query_seq_top5_q4_high,19249,0.7603212681720197,0.0103314881379232,0.5839746148140424,0.0341814626974404,0.770652756309943,0.549793152116602,1.0,True,0.0095212071723125,0.0163748860128539,,,strong_evidence_gap,/home/zsh/ConceptSkillCDM/results/crg_lcrf_core3_final_20260520/crg_support_controls/assist_17/crg_support_corruption_control.csv,auc_bce,0.0008102809656107,0.0178065766845865,high_seq_support
assist_17,evidence_support_corruption,1.0,46,multi_concept,33639,0.7608242675582391,0.0065121606486167,0.5886815723487195,0.0193383912862051,0.7673364282068558,0.5693431810625144,1.0,True,0.0039792981609685,0.005668891569541302,,,strong_evidence_gap,/home/zsh/ConceptSkillCDM/results/crg_lcrf_core3_final_20260520/crg_support_controls/assist_17/crg_support_corruption_control.csv,auc_bce,0.0025328624876482,0.0136694997166638,direct_seen
assist_17,evidence_support_corruption,1.0,46,direct_seen,73401,0.7778502887444609,0.0084656915645877,0.5672120349273437,0.0170190473425972,0.7863159803090487,0.5501929875847464,1.0,True,0.003820769065189001,0.001920866575481,,,strong_evidence_gap,/home/zsh/ConceptSkillCDM/results/crg_lcrf_core3_final_20260520/crg_support_controls/assist_17/crg_support_corruption_control.csv,auc_bce,0.0046449224993987,0.0150981807671162,direct_seen
assist_17,evidence_support_corruption,1.0,46,direct_unseen,3860,0.7212382406675211,0.0146407438715131,0.7402357461803314,0.1224721160806692,0.7358789845390342,0.6177636300996622,1.0,True,0.0085327079868023,0.06896609654874969,,,strong_evidence_gap,/home/zsh/ConceptSkillCDM/results/crg_lcrf_core3_final_20260520/crg_support_controls/assist_17/crg_support_corruption_control.csv,auc_bce,0.0061080358847108,0.0535060195319195,direct_unseen
assist_17,evidence_support_corruption,1.0,46,direct_unseen_bridgeable,3860,0.7212382406675211,0.0146407438715131,0.7402357461803314,0.1224721160806692,0.7358789845390342,0.6177636300996622,1.0,True,0.0085327079868023,0.06896609654874969,,,strong_evidence_gap,/home/zsh/ConceptSkillCDM/results/crg_lcrf_core3_final_20260520/crg_support_controls/assist_17/crg_support_corruption_control.csv,auc_bce,0.0061080358847108,0.0535060195319195,direct_unseen_bridgeable
assist_17,evidence_support_corruption,1.0,46,high_seq_support,19249,0.7603212681720197,0.0103314881379232,0.5839746148140424,0.0341814626974404,0.770652756309943,0.549793152116602,1.0,True,0.0095212071723125,0.0163748860128539,,,strong_evidence_gap,/home/zsh/ConceptSkillCDM/results/crg_lcrf_core3_final_20260520/crg_support_controls/assist_17/crg_support_corruption_control.csv,auc_bce,0.0008102809656107,0.0178065766845865,high_seq_support
assist_17,evidence_support_corruption,1.0,46,high_crg_mass,19317,0.78591305881862,0.0137751278005742,0.5727488048362989,0.0315550988874577,0.7996881866191942,0.5411937059488411,1.0,True,0.0090327630634316,0.0104709109489255,,,strong_evidence_gap,/home/zsh/ConceptSkillCDM/results/crg_lcrf_core3_final_20260520/crg_support_controls/assist_17/crg_support_corruption_control.csv,auc_bce,0.0047423647371426,0.0210841879385322,high_crg_mass
assist_17,evidence_support_corruption,1.0,46,short_history,38708,0.7609871265708168,0.0113576457482205,0.5897048827300669,0.0230281927049635,0.7723447723190373,0.5666766900251033,1.0,True,0.0060248338296991005,0.006815281170647201,,,strong_evidence_gap,/home/zsh/ConceptSkillCDM/results/crg_lcrf_core3_final_20260520/crg_support_controls/assist_17/crg_support_corruption_control.csv,auc_bce,0.0053328119185214,0.0162129115343163,short_history
assist_17,evidence_support_corruption,1.0,46,long_history,38553,0.7846898855190169,0.0107751312099925,0.5619522204560634,0.0215439052432143,0.7954650167290094,0.540408315212849,1.0,True,0.006251958722439499,0.0037194707709295,,,strong_evidence_gap,/home/zsh/ConceptSkillCDM/results/crg_lcrf_core3_final_20260520/crg_support_controls/assist_17/crg_support_corruption_control.csv,auc_bce,0.004523172487553,0.0178244344722848,long_history
assist_17,degree_matched_random_support,0.0,42,all,77261,0.7842616403373271,0.0,0.5535688522510871,-1.5717427359618341e-12,0.7842616403373271,0.5535688522526588,25.8217830657959,True,,,,,weak,/home/zsh/ConceptSkillCDM/results/crg_lcrf_core3_final_20260520/crg_support_controls/assist_17/crg_support_corruption_control.csv,auc_bce,0.0,-1.5717427359618341e-12,all
assist_17,degree_matched_random_support,0.0,42,graph_hits_history,77261,0.7842616403373271,0.0,0.5535688522510871,-1.5717427359618341e-12,0.7842616403373271,0.5535688522526588,25.8217830657959,True,,,,,weak,/home/zsh/ConceptSkillCDM/results/crg_lcrf_core3_final_20260520/crg_support_controls/assist_17/crg_support_corruption_control.csv,auc_bce,0.0,-1.5717427359618341e-12,direct_unseen_bridgeable
assist_17,degree_matched_random_support,0.0,42,high_support_mass,19317,0.7996881866191942,0.0,0.5411937059488411,0.0,0.7996881866191942,0.5411937059488411,25.8217830657959,True,,,,,weak,/home/zsh/ConceptSkillCDM/results/crg_lcrf_core3_final_20260520/crg_support_controls/assist_17/crg_support_corruption_control.csv,auc_bce,0.0,0.0,high_crg_mass
assist_17,degree_matched_random_support,0.0,42,query_seq_top5_q4_high,19249,0.770652756309943,0.0,0.549793152116602,0.0,0.770652756309943,0.549793152116602,25.8217830657959,True,,,,,weak,/home/zsh/ConceptSkillCDM/results/crg_lcrf_core3_final_20260520/crg_support_controls/assist_17/crg_support_corruption_control.csv,auc_bce,0.0,0.0,high_seq_support
assist_17,degree_matched_random_support,0.0,42,multi_concept,33639,0.7673364282068558,0.0,0.5693431810589047,-3.6096681199637723e-12,0.7673364282068558,0.5693431810625144,25.8217830657959,True,,,,,weak,/home/zsh/ConceptSkillCDM/results/crg_lcrf_core3_final_20260520/crg_support_controls/assist_17/crg_support_corruption_control.csv,auc_bce,0.0,-3.6096681199637723e-12,direct_seen
assist_17,degree_matched_random_support,0.0,42,direct_seen,73401,0.7863159803090487,0.0,0.5501929875830921,-1.654343328993946e-12,0.7863159803090487,0.5501929875847464,25.8217830657959,True,,,,,weak,/home/zsh/ConceptSkillCDM/results/crg_lcrf_core3_final_20260520/crg_support_controls/assist_17/crg_support_corruption_control.csv,auc_bce,0.0,-1.654343328993946e-12,direct_seen
assist_17,degree_matched_random_support,0.0,42,direct_unseen,3860,0.7358789845390342,0.0,0.6177636300996622,0.0,0.7358789845390342,0.6177636300996622,25.8217830657959,True,,,,,weak,/home/zsh/ConceptSkillCDM/results/crg_lcrf_core3_final_20260520/crg_support_controls/assist_17/crg_support_corruption_control.csv,auc_bce,0.0,0.0,direct_unseen
assist_17,degree_matched_random_support,0.0,42,direct_unseen_bridgeable,3860,0.7358789845390342,0.0,0.6177636300996622,0.0,0.7358789845390342,0.6177636300996622,25.8217830657959,True,,,,,weak,/home/zsh/ConceptSkillCDM/results/crg_lcrf_core3_final_20260520/crg_support_controls/assist_17/crg_support_corruption_control.csv,auc_bce,0.0,0.0,direct_unseen_bridgeable
assist_17,degree_matched_random_support,0.0,42,high_seq_support,19249,0.770652756309943,0.0,0.549793152116602,0.0,0.770652756309943,0.549793152116602,25.8217830657959,True,,,,,weak,/home/zsh/ConceptSkillCDM/results/crg_lcrf_core3_final_20260520/crg_support_controls/assist_17/crg_support_corruption_control.csv,auc_bce,0.0,0.0,high_seq_support
assist_17,degree_matched_random_support,0.0,42,high_crg_mass,19317,0.7996881866191942,0.0,0.5411937059488411,0.0,0.7996881866191942,0.5411937059488411,25.8217830657959,True,,,,,weak,/home/zsh/ConceptSkillCDM/results/crg_lcrf_core3_final_20260520/crg_support_controls/assist_17/crg_support_corruption_control.csv,auc_bce,0.0,0.0,high_crg_mass
assist_17,degree_matched_random_support,0.0,42,short_history,38708,0.7723447723190373,0.0,0.5666766900251033,0.0,0.7723447723190373,0.5666766900251033,25.8217830657959,True,,,,,weak,/home/zsh/ConceptSkillCDM/results/crg_lcrf_core3_final_20260520/crg_support_controls/assist_17/crg_support_corruption_control.csv,auc_bce,0.0,0.0,short_history
assist_17,degree_matched_random_support,0.0,42,long_history,38553,0.7954650167290094,0.0,0.5404083152096995,-3.1495916985591066e-12,0.7954650167290094,0.540408315212849,25.8217830657959,True,,,,,weak,/home/zsh/ConceptSkillCDM/results/crg_lcrf_core3_final_20260520/crg_support_controls/assist_17/crg_support_corruption_control.csv,auc_bce,0.0,-3.1495916985591066e-12,long_history
assist_17,degree_matched_random_support,0.25,42,all,77261,0.7840961688969676,0.0001654714403594,0.553667733948819,9.888169616012464e-05,0.7842616403373271,0.5535688522526588,27.31683158874512,True,,,,,weak,/home/zsh/ConceptSkillCDM/results/crg_lcrf_core3_final_20260520/crg_support_controls/assist_17/crg_support_corruption_control.csv,auc_bce,0.0001654714403594,9.888169616012464e-05,all
assist_17,degree_matched_random_support,0.25,42,graph_hits_history,77261,0.7840961688969676,0.0001654714403594,0.553667733948819,9.888169616012464e-05,0.7842616403373271,0.5535688522526588,27.31683158874512,True,,,,,weak,/home/zsh/ConceptSkillCDM/results/crg_lcrf_core3_final_20260520/crg_support_controls/assist_17/crg_support_corruption_control.csv,auc_bce,0.0001654714403594,9.888169616012464e-05,direct_unseen_bridgeable
assist_17,degree_matched_random_support,0.25,42,high_support_mass,19317,0.7996188733303654,6.931328882875398e-05,0.5413381331309105,0.0001444271820694,0.7996881866191942,0.5411937059488411,27.31683158874512,True,,,,,weak,/home/zsh/ConceptSkillCDM/results/crg_lcrf_core3_final_20260520/crg_support_controls/assist_17/crg_support_corruption_control.csv,auc_bce,6.931328882875398e-05,0.0001444271820694,high_crg_mass
assist_17,degree_matched_random_support,0.25,42,query_seq_top5_q4_high,19249,0.7704815775969203,0.0001711787130227,0.5498268214945706,3.366937796867031e-05,0.770652756309943,0.549793152116602,27.31683158874512,True,,,,,weak,/home/zsh/ConceptSkillCDM/results/crg_lcrf_core3_final_20260520/crg_support_controls/assist_17/crg_support_corruption_control.csv,auc_bce,0.0001711787130227,3.366937796867031e-05,high_seq_support
assist_17,degree_matched_random_support,0.25,42,multi_concept,33639,0.7671923581812876,0.0001440700255681,0.5695299096785266,0.0001867286160122,0.7673364282068558,0.5693431810625144,27.31683158874512,True,,,,,weak,/home/zsh/ConceptSkillCDM/results/crg_lcrf_core3_final_20260520/crg_support_controls/assist_17/crg_support_corruption_control.csv,auc_bce,0.0001440700255681,0.0001867286160122,direct_seen
assist_17,degree_matched_random_support,0.25,42,direct_seen,73401,0.7861674033743294,0.0001485769347192,0.550305672520621,0.0001126849358745,0.7863159803090487,0.5501929875847464,27.31683158874512,True,,,,,weak,/home/zsh/ConceptSkillCDM/results/crg_lcrf_core3_final_20260520/crg_support_controls/assist_17/crg_support_corruption_control.csv,auc_bce,0.0001485769347192,0.0001126849358745,direct_seen
assist_17,degree_matched_random_support,0.25,42,direct_unseen,3860,0.7338985084394514,0.0019804760995828,0.6176000321071511,-0.000163597992511,0.7358789845390342,0.6177636300996622,27.31683158874512,True,,,,,weak,/home/zsh/ConceptSkillCDM/results/crg_lcrf_core3_final_20260520/crg_support_controls/assist_17/crg_support_corruption_control.csv,auc_bce,0.0019804760995828,-0.000163597992511,direct_unseen
assist_17,degree_matched_random_support,0.25,42,direct_unseen_bridgeable,3860,0.7338985084394514,0.0019804760995828,0.6176000321071511,-0.000163597992511,0.7358789845390342,0.6177636300996622,27.31683158874512,True,,,,,weak,/home/zsh/ConceptSkillCDM/results/crg_lcrf_core3_final_20260520/crg_support_controls/assist_17/crg_support_corruption_control.csv,auc_bce,0.0019804760995828,-0.000163597992511,direct_unseen_bridgeable
assist_17,degree_matched_random_support,0.25,42,high_seq_support,19249,0.7704815775969203,0.0001711787130227,0.5498268214945706,3.366937796867031e-05,0.770652756309943,0.549793152116602,27.31683158874512,True,,,,,weak,/home/zsh/ConceptSkillCDM/results/crg_lcrf_core3_final_20260520/crg_support_controls/assist_17/crg_support_corruption_control.csv,auc_bce,0.0001711787130227,3.366937796867031e-05,high_seq_support
assist_17,degree_matched_random_support,0.25,42,high_crg_mass,19317,0.7996188733303654,6.931328882875398e-05,0.5413381331309105,0.0001444271820694,0.7996881866191942,0.5411937059488411,27.31683158874512,True,,,,,weak,/home/zsh/ConceptSkillCDM/results/crg_lcrf_core3_final_20260520/crg_support_controls/assist_17/crg_support_corruption_control.csv,auc_bce,6.931328882875398e-05,0.0001444271820694,high_crg_mass
assist_17,degree_matched_random_support,0.25,42,short_history,38708,0.7724290580068991,-8.428568786178481e-05,0.566529832383197,-0.0001468576419063,0.7723447723190373,0.5666766900251033,27.31683158874512,True,,,,,weak,/home/zsh/ConceptSkillCDM/results/crg_lcrf_core3_final_20260520/crg_support_controls/assist_17/crg_support_corruption_control.csv,auc_bce,-8.428568786178481e-05,-0.0001468576419063,short_history
assist_17,degree_matched_random_support,0.25,42,long_history,38553,0.7950823132390301,0.0003827034899792,0.5407539242271916,0.0003456090143425,0.7954650167290094,0.540408315212849,27.31683158874512,True,,,,,weak,/home/zsh/ConceptSkillCDM/results/crg_lcrf_core3_final_20260520/crg_support_controls/assist_17/crg_support_corruption_control.csv,auc_bce,0.0003827034899792,0.0003456090143425,long_history
assist_17,degree_matched_random_support,0.25,43,all,77261,0.783732888140664,0.0005287521966631,0.553956503970586,0.0003876517179272,0.7842616403373271,0.5535688522526588,27.16831588745117,True,,,,,weak,/home/zsh/ConceptSkillCDM/results/crg_lcrf_core3_final_20260520/crg_support_controls/assist_17/crg_support_corruption_control.csv,auc_bce,0.0005287521966631,0.0003876517179272,all
assist_17,degree_matched_random_support,0.25,43,graph_hits_history,77261,0.783732888140664,0.0005287521966631,0.553956503970586,0.0003876517179272,0.7842616403373271,0.5535688522526588,27.16831588745117,True,,,,,weak,/home/zsh/ConceptSkillCDM/results/crg_lcrf_core3_final_20260520/crg_support_controls/assist_17/crg_support_corruption_control.csv,auc_bce,0.0005287521966631,0.0003876517179272,direct_unseen_bridgeable
assist_17,degree_matched_random_support,0.25,43,high_support_mass,19317,0.7992682984590783,0.0004198881601158,0.5416079537523318,0.0004142478034907,0.7996881866191942,0.5411937059488411,27.16831588745117,True,,,,,weak,/home/zsh/ConceptSkillCDM/results/crg_lcrf_core3_final_20260520/crg_support_controls/assist_17/crg_support_corruption_control.csv,auc_bce,0.0004198881601158,0.0004142478034907,high_crg_mass
assist_17,degree_matched_random_support,0.25,43,query_seq_top5_q4_high,19249,0.7696032664108474,0.0010494898990955,0.5506441577920181,0.0008510056754161,0.770652756309943,0.549793152116602,27.16831588745117,True,,,,,weak,/home/zsh/ConceptSkillCDM/results/crg_lcrf_core3_final_20260520/crg_support_controls/assist_17/crg_support_corruption_control.csv,auc_bce,0.0010494898990955,0.0008510056754161,high_seq_support
assist_17,degree_matched_random_support,0.25,43,multi_concept,33639,0.7672191540093678,0.0001172741974879,0.5695617748909785,0.0002185938284641,0.7673364282068558,0.5693431810625144,27.16831588745117,True,,,,,weak,/home/zsh/ConceptSkillCDM/results/crg_lcrf_core3_final_20260520/crg_support_controls/assist_17/crg_support_corruption_control.csv,auc_bce,0.0001172741974879,0.0002185938284641,direct_seen
assist_17,degree_matched_random_support,0.25,43,direct_seen,73401,0.7858424720565873,0.0004735082524613,0.550557764643653,0.0003647770589065,0.7863159803090487,0.5501929875847464,27.16831588745117,True,,,,,weak,/home/zsh/ConceptSkillCDM/results/crg_lcrf_core3_final_20260520/crg_support_controls/assist_17/crg_support_corruption_control.csv,auc_bce,0.0004735082524613,0.0003647770589065,direct_seen
assist_17,degree_matched_random_support,0.25,43,direct_unseen,3860,0.734142284514493,0.0017367000245411,0.6185862618297079,0.0008226317300457,0.7358789845390342,0.6177636300996622,27.16831588745117,True,,,,,weak,/home/zsh/ConceptSkillCDM/results/crg_lcrf_core3_final_20260520/crg_support_controls/assist_17/crg_support_corruption_control.csv,auc_bce,0.0017367000245411,0.0008226317300457,direct_unseen
assist_17,degree_matched_random_support,0.25,43,direct_unseen_bridgeable,3860,0.734142284514493,0.0017367000245411,0.6185862618297079,0.0008226317300457,0.7358789845390342,0.6177636300996622,27.16831588745117,True,,,,,weak,/home/zsh/ConceptSkillCDM/results/crg_lcrf_core3_final_20260520/crg_support_controls/assist_17/crg_support_corruption_control.csv,auc_bce,0.0017367000245411,0.0008226317300457,direct_unseen_bridgeable
assist_17,degree_matched_random_support,0.25,43,high_seq_support,19249,0.7696032664108474,0.0010494898990955,0.5506441577920181,0.0008510056754161,0.770652756309943,0.549793152116602,27.16831588745117,True,,,,,weak,/home/zsh/ConceptSkillCDM/results/crg_lcrf_core3_final_20260520/crg_support_controls/assist_17/crg_support_corruption_control.csv,auc_bce,0.0010494898990955,0.0008510056754161,high_seq_support
assist_17,degree_matched_random_support,0.25,43,high_crg_mass,19317,0.7992682984590783,0.0004198881601158,0.5416079537523318,0.0004142478034907,0.7996881866191942,0.5411937059488411,27.16831588745117,True,,,,,weak,/home/zsh/ConceptSkillCDM/results/crg_lcrf_core3_final_20260520/crg_support_controls/assist_17/crg_support_corruption_control.csv,auc_bce,0.0004198881601158,0.0004142478034907,high_crg_mass
assist_17,degree_matched_random_support,0.25,43,short_history,38708,0.7716959630176743,0.000648809301363,0.5670690583252217,0.0003923683001183,0.7723447723190373,0.5666766900251033,27.16831588745117,True,,,,,weak,/home/zsh/ConceptSkillCDM/results/crg_lcrf_core3_final_20260520/crg_support_controls/assist_17/crg_support_corruption_control.csv,auc_bce,0.000648809301363,0.0003923683001183,short_history
assist_17,degree_matched_random_support,0.25,43,long_history,38553,0.7950705134577192,0.0003945032712902,0.5407912313858523,0.0003829161730032,0.7954650167290094,0.540408315212849,27.16831588745117,True,,,,,weak,/home/zsh/ConceptSkillCDM/results/crg_lcrf_core3_final_20260520/crg_support_controls/assist_17/crg_support_corruption_control.csv,auc_bce,0.0003945032712902,0.0003829161730032,long_history
assist_17,degree_matched_random_support,0.25,44,all,77261,0.7839510172393938,0.0003106230979333,0.553844859100258,0.0002760068475992,0.7842616403373271,0.5535688522526588,27.25742530822754,True,,,,,weak,/home/zsh/ConceptSkillCDM/results/crg_lcrf_core3_final_20260520/crg_support_controls/assist_17/crg_support_corruption_control.csv,auc_bce,0.0003106230979333,0.0002760068475992,all
assist_17,degree_matched_random_support,0.25,44,graph_hits_history,77261,0.7839510172393938,0.0003106230979333,0.553844859100258,0.0002760068475992,0.7842616403373271,0.5535688522526588,27.25742530822754,True,,,,,weak,/home/zsh/ConceptSkillCDM/results/crg_lcrf_core3_final_20260520/crg_support_controls/assist_17/crg_support_corruption_control.csv,auc_bce,0.0003106230979333,0.0002760068475992,direct_unseen_bridgeable
assist_17,degree_matched_random_support,0.25,44,high_support_mass,19317,0.7993716237939021,0.000316562825292,0.5415615887742184,0.0003678828253773,0.7996881866191942,0.5411937059488411,27.25742530822754,True,,,,,weak,/home/zsh/ConceptSkillCDM/results/crg_lcrf_core3_final_20260520/crg_support_controls/assist_17/crg_support_corruption_control.csv,auc_bce,0.000316562825292,0.0003678828253773,high_crg_mass
assist_17,degree_matched_random_support,0.25,44,query_seq_top5_q4_high,19249,0.7699267786313088,0.0007259776786342,0.5502994113374351,0.0005062592208331,0.770652756309943,0.549793152116602,27.25742530822754,True,,,,,weak,/home/zsh/ConceptSkillCDM/results/crg_lcrf_core3_final_20260520/crg_support_controls/assist_17/crg_support_corruption_control.csv,auc_bce,0.0007259776786342,0.0005062592208331,high_seq_support
assist_17,degree_matched_random_support,0.25,44,multi_concept,33639,0.7671806196213165,0.0001558085855393,0.5695011878863385,0.0001580068238241,0.7673364282068558,0.5693431810625144,27.25742530822754,True,,,,,weak,/home/zsh/ConceptSkillCDM/results/crg_lcrf_core3_final_20260520/crg_support_controls/assist_17/crg_support_corruption_control.csv,auc_bce,0.0001558085855393,0.0001580068238241,direct_seen
assist_17,degree_matched_random_support,0.25,44,direct_seen,73401,0.785984264806641,0.0003317155024077,0.5504788511100907,0.0002858635253442,0.7863159803090487,0.5501929875847464,27.25742530822754,True,,,,,weak,/home/zsh/ConceptSkillCDM/results/crg_lcrf_core3_final_20260520/crg_support_controls/assist_17/crg_support_corruption_control.csv,auc_bce,0.0003317155024077,0.0002858635253442,direct_seen
assist_17,degree_matched_random_support,0.25,44,direct_unseen,3860,0.7347277288468355,0.0011512556921987,0.6178522043039555,8.857420429331242e-05,0.7358789845390342,0.6177636300996622,27.25742530822754,True,,,,,weak,/home/zsh/ConceptSkillCDM/results/crg_lcrf_core3_final_20260520/crg_support_controls/assist_17/crg_support_corruption_control.csv,auc_bce,0.0011512556921987,8.857420429331242e-05,direct_unseen
assist_17,degree_matched_random_support,0.25,44,direct_unseen_bridgeable,3860,0.7347277288468355,0.0011512556921987,0.6178522043039555,8.857420429331242e-05,0.7358789845390342,0.6177636300996622,27.25742530822754,True,,,,,weak,/home/zsh/ConceptSkillCDM/results/crg_lcrf_core3_final_20260520/crg_support_controls/assist_17/crg_support_corruption_control.csv,auc_bce,0.0011512556921987,8.857420429331242e-05,direct_unseen_bridgeable
assist_17,degree_matched_random_support,0.25,44,high_seq_support,19249,0.7699267786313088,0.0007259776786342,0.5502994113374351,0.0005062592208331,0.770652756309943,0.549793152116602,27.25742530822754,True,,,,,weak,/home/zsh/ConceptSkillCDM/results/crg_lcrf_core3_final_20260520/crg_support_controls/assist_17/crg_support_corruption_control.csv,auc_bce,0.0007259776786342,0.0005062592208331,high_seq_support
assist_17,degree_matched_random_support,0.25,44,high_crg_mass,19317,0.7993716237939021,0.000316562825292,0.5415615887742184,0.0003678828253773,0.7996881866191942,0.5411937059488411,27.25742530822754,True,,,,,weak,/home/zsh/ConceptSkillCDM/results/crg_lcrf_core3_final_20260520/crg_support_controls/assist_17/crg_support_corruption_control.csv,auc_bce,0.000316562825292,0.0003678828253773,high_crg_mass
assist_17,degree_matched_random_support,0.25,44,short_history,38708,0.7718730035418351,0.0004717687772022,0.5671064600551119,0.0004297700300085,0.7723447723190373,0.5666766900251033,27.25742530822754,True,,,,,weak,/home/zsh/ConceptSkillCDM/results/crg_lcrf_core3_final_20260520/crg_support_controls/assist_17/crg_support_corruption_control.csv,auc_bce,0.0004717687772022,0.0004297700300085,short_history
assist_17,degree_matched_random_support,0.25,44,long_history,38553,0.7953452613260985,0.0001197554029108,0.5405299406824832,0.0001216254696341,0.7954650167290094,0.540408315212849,27.25742530822754,True,,,,,weak,/home/zsh/ConceptSkillCDM/results/crg_lcrf_core3_final_20260520/crg_support_controls/assist_17/crg_support_corruption_control.csv,auc_bce,0.0001197554029108,0.0001216254696341,long_history
assist_17,degree_matched_random_support,0.25,45,all,77261,0.7838480377723153,0.0004136025650118,0.5539833082675478,0.0004144560148889,0.7842616403373271,0.5535688522526588,27.287128448486328,True,,,,,weak,/home/zsh/ConceptSkillCDM/results/crg_lcrf_core3_final_20260520/crg_support_controls/assist_17/crg_support_corruption_control.csv,auc_bce,0.0004136025650118,0.0004144560148889,all
assist_17,degree_matched_random_support,0.25,45,graph_hits_history,77261,0.7838480377723153,0.0004136025650118,0.5539833082675478,0.0004144560148889,0.7842616403373271,0.5535688522526588,27.287128448486328,True,,,,,weak,/home/zsh/ConceptSkillCDM/results/crg_lcrf_core3_final_20260520/crg_support_controls/assist_17/crg_support_corruption_control.csv,auc_bce,0.0004136025650118,0.0004144560148889,direct_unseen_bridgeable
assist_17,degree_matched_random_support,0.25,45,high_support_mass,19317,0.7995166096870554,0.0001715769321387,0.5413510053075618,0.0001572993587206,0.7996881866191942,0.5411937059488411,27.287128448486328,True,,,,,weak,/home/zsh/ConceptSkillCDM/results/crg_lcrf_core3_final_20260520/crg_support_controls/assist_17/crg_support_corruption_control.csv,auc_bce,0.0001715769321387,0.0001572993587206,high_crg_mass
assist_17,degree_matched_random_support,0.25,45,query_seq_top5_q4_high,19249,0.7704168397144674,0.0002359165954756,0.5498663826766436,7.323056004160389e-05,0.770652756309943,0.549793152116602,27.287128448486328,True,,,,,weak,/home/zsh/ConceptSkillCDM/results/crg_lcrf_core3_final_20260520/crg_support_controls/assist_17/crg_support_corruption_control.csv,auc_bce,0.0002359165954756,7.323056004160389e-05,high_seq_support
assist_17,degree_matched_random_support,0.25,45,multi_concept,33639,0.7670538025657224,0.0002826256411333,0.5697172381220571,0.0003740570595427,0.7673364282068558,0.5693431810625144,27.287128448486328,True,,,,,weak,/home/zsh/ConceptSkillCDM/results/crg_lcrf_core3_final_20260520/crg_support_controls/assist_17/crg_support_corruption_control.csv,auc_bce,0.0002826256411333,0.0003740570595427,direct_seen
assist_17,degree_matched_random_support,0.25,45,direct_seen,73401,0.7858726065901804,0.0004433737188682,0.5506237676064497,0.0004307800217032,0.7863159803090487,0.5501929875847464,27.287128448486328,True,,,,,weak,/home/zsh/ConceptSkillCDM/results/crg_lcrf_core3_final_20260520/crg_support_controls/assist_17/crg_support_corruption_control.csv,auc_bce,0.0004433737188682,0.0004307800217032,direct_seen
assist_17,degree_matched_random_support,0.25,45,direct_unseen,3860,0.7351836500968014,0.0006953344422327,0.6178676720150226,0.0001040419153603,0.7358789845390342,0.6177636300996622,27.287128448486328,True,,,,,weak,/home/zsh/ConceptSkillCDM/results/crg_lcrf_core3_final_20260520/crg_support_controls/assist_17/crg_support_corruption_control.csv,auc_bce,0.0006953344422327,0.0001040419153603,direct_unseen
assist_17,degree_matched_random_support,0.25,45,direct_unseen_bridgeable,3860,0.7351836500968014,0.0006953344422327,0.6178676720150226,0.0001040419153603,0.7358789845390342,0.6177636300996622,27.287128448486328,True,,,,,weak,/home/zsh/ConceptSkillCDM/results/crg_lcrf_core3_final_20260520/crg_support_controls/assist_17/crg_support_corruption_control.csv,auc_bce,0.0006953344422327,0.0001040419153603,direct_unseen_bridgeable
assist_17,degree_matched_random_support,0.25,45,high_seq_support,19249,0.7704168397144674,0.0002359165954756,0.5498663826766436,7.323056004160389e-05,0.770652756309943,0.549793152116602,27.287128448486328,True,,,,,weak,/home/zsh/ConceptSkillCDM/results/crg_lcrf_core3_final_20260520/crg_support_controls/assist_17/crg_support_corruption_control.csv,auc_bce,0.0002359165954756,7.323056004160389e-05,high_seq_support
assist_17,degree_matched_random_support,0.25,45,high_crg_mass,19317,0.7995166096870554,0.0001715769321387,0.5413510053075618,0.0001572993587206,0.7996881866191942,0.5411937059488411,27.287128448486328,True,,,,,weak,/home/zsh/ConceptSkillCDM/results/crg_lcrf_core3_final_20260520/crg_support_controls/assist_17/crg_support_corruption_control.csv,auc_bce,0.0001715769321387,0.0001572993587206,high_crg_mass
assist_17,degree_matched_random_support,0.25,45,short_history,38708,0.7718609334549267,0.0004838388641106,0.5671254684009389,0.0004487783758355,0.7723447723190373,0.5666766900251033,27.287128448486328,True,,,,,weak,/home/zsh/ConceptSkillCDM/results/crg_lcrf_core3_final_20260520/crg_support_controls/assist_17/crg_support_corruption_control.csv,auc_bce,0.0004838388641106,0.0004487783758355,short_history
assist_17,degree_matched_random_support,0.25,45,long_history,38553,0.7951271909154558,0.0003378258135535,0.5407883108758195,0.0003799956629704,0.7954650167290094,0.540408315212849,27.287128448486328,True,,,,,weak,/home/zsh/ConceptSkillCDM/results/crg_lcrf_core3_final_20260520/crg_support_controls/assist_17/crg_support_corruption_control.csv,auc_bce,0.0003378258135535,0.0003799956629704,long_history
assist_17,degree_matched_random_support,0.25,46,all,77261,0.7842105588501604,5.108148716670424e-05,0.5535310126936895,-3.783955896929925e-05,0.7842616403373271,0.5535688522526588,27.435644149780277,True,,,,,weak,/home/zsh/ConceptSkillCDM/results/crg_lcrf_core3_final_20260520/crg_support_controls/assist_17/crg_support_corruption_control.csv,auc_bce,5.108148716670424e-05,-3.783955896929925e-05,all
assist_17,degree_matched_random_support,0.25,46,graph_hits_history,77261,0.7842105588501604,5.108148716670424e-05,0.5535310126936895,-3.783955896929925e-05,0.7842616403373271,0.5535688522526588,27.435644149780277,True,,,,,weak,/home/zsh/ConceptSkillCDM/results/crg_lcrf_core3_final_20260520/crg_support_controls/assist_17/crg_support_corruption_control.csv,auc_bce,5.108148716670424e-05,-3.783955896929925e-05,direct_unseen_bridgeable
assist_17,degree_matched_random_support,0.25,46,high_support_mass,19317,0.7997052874360768,-1.7100816882664738e-05,0.54114966334181,-4.4042607031058445e-05,0.7996881866191942,0.5411937059488411,27.435644149780277,True,,,,,weak,/home/zsh/ConceptSkillCDM/results/crg_lcrf_core3_final_20260520/crg_support_controls/assist_17/crg_support_corruption_control.csv,auc_bce,-1.7100816882664738e-05,-4.4042607031058445e-05,high_crg_mass
assist_17,degree_matched_random_support,0.25,46,query_seq_top5_q4_high,19249,0.7707286172649062,-7.586095496314726e-05,0.5496413202638558,-0.0001518318527461,0.770652756309943,0.549793152116602,27.435644149780277,True,,,,,weak,/home/zsh/ConceptSkillCDM/results/crg_lcrf_core3_final_20260520/crg_support_controls/assist_17/crg_support_corruption_control.csv,auc_bce,-7.586095496314726e-05,-0.0001518318527461,high_seq_support
assist_17,degree_matched_random_support,0.25,46,multi_concept,33639,0.7672890301548925,4.7398051963298826e-05,0.5694469404885778,0.0001037594260634,0.7673364282068558,0.5693431810625144,27.435644149780277,True,,,,,weak,/home/zsh/ConceptSkillCDM/results/crg_lcrf_core3_final_20260520/crg_support_controls/assist_17/crg_support_corruption_control.csv,auc_bce,4.7398051963298826e-05,0.0001037594260634,direct_seen
assist_17,degree_matched_random_support,0.25,46,direct_seen,73401,0.786283520839115,3.245946993368776e-05,0.5501776275558168,-1.5360028929656266e-05,0.7863159803090487,0.5501929875847464,27.435644149780277,True,,,,,weak,/home/zsh/ConceptSkillCDM/results/crg_lcrf_core3_final_20260520/crg_support_controls/assist_17/crg_support_corruption_control.csv,auc_bce,3.245946993368776e-05,-1.5360028929656266e-05,direct_seen
assist_17,degree_matched_random_support,0.25,46,direct_unseen,3860,0.734845117661495,0.0010338668775392,0.6172983242234785,-0.0004653058761836,0.7358789845390342,0.6177636300996622,27.435644149780277,True,,,,,weak,/home/zsh/ConceptSkillCDM/results/crg_lcrf_core3_final_20260520/crg_support_controls/assist_17/crg_support_corruption_control.csv,auc_bce,0.0010338668775392,-0.0004653058761836,direct_unseen
assist_17,degree_matched_random_support,0.25,46,direct_unseen_bridgeable,3860,0.734845117661495,0.0010338668775392,0.6172983242234785,-0.0004653058761836,0.7358789845390342,0.6177636300996622,27.435644149780277,True,,,,,weak,/home/zsh/ConceptSkillCDM/results/crg_lcrf_core3_final_20260520/crg_support_controls/assist_17/crg_support_corruption_control.csv,auc_bce,0.0010338668775392,-0.0004653058761836,direct_unseen_bridgeable
assist_17,degree_matched_random_support,0.25,46,high_seq_support,19249,0.7707286172649062,-7.586095496314726e-05,0.5496413202638558,-0.0001518318527461,0.770652756309943,0.549793152116602,27.435644149780277,True,,,,,weak,/home/zsh/ConceptSkillCDM/results/crg_lcrf_core3_final_20260520/crg_support_controls/assist_17/crg_support_corruption_control.csv,auc_bce,-7.586095496314726e-05,-0.0001518318527461,high_seq_support
assist_17,degree_matched_random_support,0.25,46,high_crg_mass,19317,0.7997052874360768,-1.7100816882664738e-05,0.54114966334181,-4.4042607031058445e-05,0.7996881866191942,0.5411937059488411,27.435644149780277,True,,,,,weak,/home/zsh/ConceptSkillCDM/results/crg_lcrf_core3_final_20260520/crg_support_controls/assist_17/crg_support_corruption_control.csv,auc_bce,-1.7100816882664738e-05,-4.4042607031058445e-05,high_crg_mass
assist_17,degree_matched_random_support,0.25,46,short_history,38708,0.7723272125198658,1.7559799171507073e-05,0.5665572296722121,-0.0001194603528912,0.7723447723190373,0.5666766900251033,27.435644149780277,True,,,,,weak,/home/zsh/ConceptSkillCDM/results/crg_lcrf_core3_final_20260520/crg_support_controls/assist_17/crg_support_corruption_control.csv,auc_bce,1.7559799171507073e-05,-0.0001194603528912,short_history
assist_17,degree_matched_random_support,0.25,46,long_history,38553,0.795381777385931,8.323934307841174e-05,0.5404524245992571,4.410938640808659e-05,0.7954650167290094,0.540408315212849,27.435644149780277,True,,,,,weak,/home/zsh/ConceptSkillCDM/results/crg_lcrf_core3_final_20260520/crg_support_controls/assist_17/crg_support_corruption_control.csv,auc_bce,8.323934307841174e-05,4.410938640808659e-05,long_history
assist_17,degree_matched_random_support,0.5,42,all,77261,0.7836083229868394,0.0006533173504877,0.5541923254709231,0.0006234732182642,0.7842616403373271,0.5535688522526588,27.861385345458984,True,,,,,weak,/home/zsh/ConceptSkillCDM/results/crg_lcrf_core3_final_20260520/crg_support_controls/assist_17/crg_support_corruption_control.csv,auc_bce,0.0006533173504877,0.0006234732182642,all
assist_17,degree_matched_random_support,0.5,42,graph_hits_history,77261,0.7836083229868394,0.0006533173504877,0.5541923254709231,0.0006234732182642,0.7842616403373271,0.5535688522526588,27.861385345458984,True,,,,,weak,/home/zsh/ConceptSkillCDM/results/crg_lcrf_core3_final_20260520/crg_support_controls/assist_17/crg_support_corruption_control.csv,auc_bce,0.0006533173504877,0.0006234732182642,direct_unseen_bridgeable
assist_17,degree_matched_random_support,0.5,42,high_support_mass,19317,0.7988399221836455,0.0008482644355486,0.5422098108197393,0.0010161048708982,0.7996881866191942,0.5411937059488411,27.861385345458984,True,,,,,weak,/home/zsh/ConceptSkillCDM/results/crg_lcrf_core3_final_20260520/crg_support_controls/assist_17/crg_support_corruption_control.csv,auc_bce,0.0008482644355486,0.0010161048708982,high_crg_mass
assist_17,degree_matched_random_support,0.5,42,query_seq_top5_q4_high,19249,0.7693038808548602,0.0013488754550827,0.5508946635888157,0.0011015114722137,0.770652756309943,0.549793152116602,27.861385345458984,True,,,,,weak,/home/zsh/ConceptSkillCDM/results/crg_lcrf_core3_final_20260520/crg_support_controls/assist_17/crg_support_corruption_control.csv,auc_bce,0.0013488754550827,0.0011015114722137,high_seq_support
assist_17,degree_matched_random_support,0.5,42,multi_concept,33639,0.7664807692991863,0.0008556589076694,0.5701339945161737,0.0007908134536593,0.7673364282068558,0.5693431810625144,27.861385345458984,True,,,,,weak,/home/zsh/ConceptSkillCDM/results/crg_lcrf_core3_final_20260520/crg_support_controls/assist_17/crg_support_corruption_control.csv,auc_bce,0.0008556589076694,0.0007908134536593,direct_seen
assist_17,degree_matched_random_support,0.5,42,direct_seen,73401,0.7856608304952493,0.0006551498137994,0.5508172751430837,0.0006242875583372,0.7863159803090487,0.5501929875847464,27.861385345458984,True,,,,,weak,/home/zsh/ConceptSkillCDM/results/crg_lcrf_core3_final_20260520/crg_support_controls/assist_17/crg_support_corruption_control.csv,auc_bce,0.0006551498137994,0.0006242875583372,direct_seen
assist_17,degree_matched_random_support,0.5,42,direct_unseen,3860,0.7337411719793854,0.0021378125596488,0.6183716179874346,0.0006079878877723,0.7358789845390342,0.6177636300996622,27.861385345458984,True,,,,,weak,/home/zsh/ConceptSkillCDM/results/crg_lcrf_core3_final_20260520/crg_support_controls/assist_17/crg_support_corruption_control.csv,auc_bce,0.0021378125596488,0.0006079878877723,direct_unseen
assist_17,degree_matched_random_support,0.5,42,direct_unseen_bridgeable,3860,0.7337411719793854,0.0021378125596488,0.6183716179874346,0.0006079878877723,0.7358789845390342,0.6177636300996622,27.861385345458984,True,,,,,weak,/home/zsh/ConceptSkillCDM/results/crg_lcrf_core3_final_20260520/crg_support_controls/assist_17/crg_support_corruption_control.csv,auc_bce,0.0021378125596488,0.0006079878877723,direct_unseen_bridgeable
assist_17,degree_matched_random_support,0.5,42,high_seq_support,19249,0.7693038808548602,0.0013488754550827,0.5508946635888157,0.0011015114722137,0.770652756309943,0.549793152116602,27.861385345458984,True,,,,,weak,/home/zsh/ConceptSkillCDM/results/crg_lcrf_core3_final_20260520/crg_support_controls/assist_17/crg_support_corruption_control.csv,auc_bce,0.0013488754550827,0.0011015114722137,high_seq_support
assist_17,degree_matched_random_support,0.5,42,high_crg_mass,19317,0.7988399221836455,0.0008482644355486,0.5422098108197393,0.0010161048708982,0.7996881866191942,0.5411937059488411,27.861385345458984,True,,,,,weak,/home/zsh/ConceptSkillCDM/results/crg_lcrf_core3_final_20260520/crg_support_controls/assist_17/crg_support_corruption_control.csv,auc_bce,0.0008482644355486,0.0010161048708982,high_crg_mass
assist_17,degree_matched_random_support,0.5,42,short_history,38708,0.7719204965633485,0.0004242757556888,0.5670945724136757,0.0004178823885723,0.7723447723190373,0.5666766900251033,27.861385345458984,True,,,,,weak,/home/zsh/ConceptSkillCDM/results/crg_lcrf_core3_final_20260520/crg_support_controls/assist_17/crg_support_corruption_control.csv,auc_bce,0.0004242757556888,0.0004178823885723,short_history
assist_17,degree_matched_random_support,0.5,42,long_history,38553,0.7945901715908246,0.0008748451381848,0.5412382058262761,0.000829890613427,0.7954650167290094,0.540408315212849,27.861385345458984,True,,,,,weak,/home/zsh/ConceptSkillCDM/results/crg_lcrf_core3_final_20260520/crg_support_controls/assist_17/crg_support_corruption_control.csv,auc_bce,0.0008748451381848,0.000829890613427,long_history
assist_17,degree_matched_random_support,0.5,43,all,77261,0.78297314810515,0.0012884922321771,0.5546210297251107,0.0010521774724518,0.7842616403373271,0.5535688522526588,27.76237678527832,True,,,,,weak,/home/zsh/ConceptSkillCDM/results/crg_lcrf_core3_final_20260520/crg_support_controls/assist_17/crg_support_corruption_control.csv,auc_bce,0.0012884922321771,0.0010521774724518,all
assist_17,degree_matched_random_support,0.5,43,graph_hits_history,77261,0.78297314810515,0.0012884922321771,0.5546210297251107,0.0010521774724518,0.7842616403373271,0.5535688522526588,27.76237678527832,True,,,,,weak,/home/zsh/ConceptSkillCDM/results/crg_lcrf_core3_final_20260520/crg_support_controls/assist_17/crg_support_corruption_control.csv,auc_bce,0.0012884922321771,0.0010521774724518,direct_unseen_bridgeable
assist_17,degree_matched_random_support,0.5,43,high_support_mass,19317,0.7984235386888837,0.0012646479303104,0.5423543326189079,0.0011606266700667,0.7996881866191942,0.5411937059488411,27.76237678527832,True,,,,,weak,/home/zsh/ConceptSkillCDM/results/crg_lcrf_core3_final_20260520/crg_support_controls/assist_17/crg_support_corruption_control.csv,auc_bce,0.0012646479303104,0.0011606266700667,high_crg_mass
assist_17,degree_matched_random_support,0.5,43,query_seq_top5_q4_high,19249,0.7699949403166566,0.0006578159932864,0.5505297188167132,0.0007365667001112,0.770652756309943,0.549793152116602,27.76237678527832,True,,,,,weak,/home/zsh/ConceptSkillCDM/results/crg_lcrf_core3_final_20260520/crg_support_controls/assist_17/crg_support_corruption_control.csv,auc_bce,0.0006578159932864,0.0007365667001112,high_seq_support
assist_17,degree_matched_random_support,0.5,43,multi_concept,33639,0.766512950166947,0.0008234780399087,0.5701204650812428,0.0007772840187284,0.7673364282068558,0.5693431810625144,27.76237678527832,True,,,,,weak,/home/zsh/ConceptSkillCDM/results/crg_lcrf_core3_final_20260520/crg_support_controls/assist_17/crg_support_corruption_control.csv,auc_bce,0.0008234780399087,0.0007772840187284,direct_seen
assist_17,degree_matched_random_support,0.5,43,direct_seen,73401,0.7850404681135075,0.0012755121955412,0.5512513341226186,0.0010583465378721,0.7863159803090487,0.5501929875847464,27.76237678527832,True,,,,,weak,/home/zsh/ConceptSkillCDM/results/crg_lcrf_core3_final_20260520/crg_support_controls/assist_17/crg_support_corruption_control.csv,auc_bce,0.0012755121955412,0.0010583465378721,direct_seen
assist_17,degree_matched_random_support,0.5,43,direct_unseen,3860,0.7333097919450277,0.0025691925940065,0.6186984978387161,0.0009348677390539,0.7358789845390342,0.6177636300996622,27.76237678527832,True,,,,,weak,/home/zsh/ConceptSkillCDM/results/crg_lcrf_core3_final_20260520/crg_support_controls/assist_17/crg_support_corruption_control.csv,auc_bce,0.0025691925940065,0.0009348677390539,direct_unseen
assist_17,degree_matched_random_support,0.5,43,direct_unseen_bridgeable,3860,0.7333097919450277,0.0025691925940065,0.6186984978387161,0.0009348677390539,0.7358789845390342,0.6177636300996622,27.76237678527832,True,,,,,weak,/home/zsh/ConceptSkillCDM/results/crg_lcrf_core3_final_20260520/crg_support_controls/assist_17/crg_support_corruption_control.csv,auc_bce,0.0025691925940065,0.0009348677390539,direct_unseen_bridgeable
assist_17,degree_matched_random_support,0.5,43,high_seq_support,19249,0.7699949403166566,0.0006578159932864,0.5505297188167132,0.0007365667001112,0.770652756309943,0.549793152116602,27.76237678527832,True,,,,,weak,/home/zsh/ConceptSkillCDM/results/crg_lcrf_core3_final_20260520/crg_support_controls/assist_17/crg_support_corruption_control.csv,auc_bce,0.0006578159932864,0.0007365667001112,high_seq_support
assist_17,degree_matched_random_support,0.5,43,high_crg_mass,19317,0.7984235386888837,0.0012646479303104,0.5423543326189079,0.0011606266700667,0.7996881866191942,0.5411937059488411,27.76237678527832,True,,,,,weak,/home/zsh/ConceptSkillCDM/results/crg_lcrf_core3_final_20260520/crg_support_controls/assist_17/crg_support_corruption_control.csv,auc_bce,0.0012646479303104,0.0011606266700667,high_crg_mass
assist_17,degree_matched_random_support,0.5,43,short_history,38708,0.770993057401413,0.0013517149176243,0.5677184158260411,0.0010417258009377,0.7723447723190373,0.5666766900251033,27.76237678527832,True,,,,,weak,/home/zsh/ConceptSkillCDM/results/crg_lcrf_core3_final_20260520/crg_support_controls/assist_17/crg_support_corruption_control.csv,auc_bce,0.0013517149176243,0.0010417258009377,short_history
assist_17,degree_matched_random_support,0.5,43,long_history,38553,0.7942942460030511,0.0011707707259582,0.5414709863771271,0.001062671164278,0.7954650167290094,0.540408315212849,27.76237678527832,True,,,,,weak,/home/zsh/ConceptSkillCDM/results/crg_lcrf_core3_final_20260520/crg_support_controls/assist_17/crg_support_corruption_control.csv,auc_bce,0.0011707707259582,0.001062671164278,long_history
assist_17,degree_matched_random_support,0.5,44,all,77261,0.7830379636807017,0.0012236766566254,0.5548842198049131,0.0013153675522542,0.7842616403373271,0.5535688522526588,27.861385345458984,True,,,,,weak,/home/zsh/ConceptSkillCDM/results/crg_lcrf_core3_final_20260520/crg_support_controls/assist_17/crg_support_corruption_control.csv,auc_bce,0.0012236766566254,0.0013153675522542,all
assist_17,degree_matched_random_support,0.5,44,graph_hits_history,77261,0.7830379636807017,0.0012236766566254,0.5548842198049131,0.0013153675522542,0.7842616403373271,0.5535688522526588,27.861385345458984,True,,,,,weak,/home/zsh/ConceptSkillCDM/results/crg_lcrf_core3_final_20260520/crg_support_controls/assist_17/crg_support_corruption_control.csv,auc_bce,0.0012236766566254,0.0013153675522542,direct_unseen_bridgeable
assist_17,degree_matched_random_support,0.5,44,high_support_mass,19317,0.797952142239969,0.0017360443792251,0.5430453387009198,0.0018516327520786,0.7996881866191942,0.5411937059488411,27.861385345458984,True,,,,,weak,/home/zsh/ConceptSkillCDM/results/crg_lcrf_core3_final_20260520/crg_support_controls/assist_17/crg_support_corruption_control.csv,auc_bce,0.0017360443792251,0.0018516327520786,high_crg_mass
assist_17,degree_matched_random_support,0.5,44,query_seq_top5_q4_high,19249,0.7685324906319837,0.0021202656779593,0.5515785442539731,0.0017853921373711,0.770652756309943,0.549793152116602,27.861385345458984,True,,,,,weak,/home/zsh/ConceptSkillCDM/results/crg_lcrf_core3_final_20260520/crg_support_controls/assist_17/crg_support_corruption_control.csv,auc_bce,0.0021202656779593,0.0017853921373711,high_seq_support
assist_17,degree_matched_random_support,0.5,44,multi_concept,33639,0.7664576353699611,0.0008787928368946,0.5700770755968672,0.0007338945343527,0.7673364282068558,0.5693431810625144,27.861385345458984,True,,,,,weak,/home/zsh/ConceptSkillCDM/results/crg_lcrf_core3_final_20260520/crg_support_controls/assist_17/crg_support_corruption_control.csv,auc_bce,0.0008787928368946,0.0007338945343527,direct_seen
assist_17,degree_matched_random_support,0.5,44,direct_seen,73401,0.7851365420324284,0.0011794382766202,0.5513682114116538,0.0011752238269073,0.7863159803090487,0.5501929875847464,27.861385345458984,True,,,,,weak,/home/zsh/ConceptSkillCDM/results/crg_lcrf_core3_final_20260520/crg_support_controls/assist_17/crg_support_corruption_control.csv,auc_bce,0.0011794382766202,0.0011752238269073,direct_seen
assist_17,degree_matched_random_support,0.5,44,direct_unseen,3860,0.7318099146511058,0.0040690698879284,0.6217439431400458,0.0039803130403835,0.7358789845390342,0.6177636300996622,27.861385345458984,True,,,,,weak,/home/zsh/ConceptSkillCDM/results/crg_lcrf_core3_final_20260520/crg_support_controls/assist_17/crg_support_corruption_control.csv,auc_bce,0.0040690698879284,0.0039803130403835,direct_unseen
assist_17,degree_matched_random_support,0.5,44,direct_unseen_bridgeable,3860,0.7318099146511058,0.0040690698879284,0.6217439431400458,0.0039803130403835,0.7358789845390342,0.6177636300996622,27.861385345458984,True,,,,,weak,/home/zsh/ConceptSkillCDM/results/crg_lcrf_core3_final_20260520/crg_support_controls/assist_17/crg_support_corruption_control.csv,auc_bce,0.0040690698879284,0.0039803130403835,direct_unseen_bridgeable
assist_17,degree_matched_random_support,0.5,44,high_seq_support,19249,0.7685324906319837,0.0021202656779593,0.5515785442539731,0.0017853921373711,0.770652756309943,0.549793152116602,27.861385345458984,True,,,,,weak,/home/zsh/ConceptSkillCDM/results/crg_lcrf_core3_final_20260520/crg_support_controls/assist_17/crg_support_corruption_control.csv,auc_bce,0.0021202656779593,0.0017853921373711,high_seq_support
assist_17,degree_matched_random_support,0.5,44,high_crg_mass,19317,0.797952142239969,0.0017360443792251,0.5430453387009198,0.0018516327520786,0.7996881866191942,0.5411937059488411,27.861385345458984,True,,,,,weak,/home/zsh/ConceptSkillCDM/results/crg_lcrf_core3_final_20260520/crg_support_controls/assist_17/crg_support_corruption_control.csv,auc_bce,0.0017360443792251,0.0018516327520786,high_crg_mass
assist_17,degree_matched_random_support,0.5,44,short_history,38708,0.7709237187763851,0.0014210535426522,0.568206650891016,0.0015299608659126,0.7723447723190373,0.5666766900251033,27.861385345458984,True,,,,,weak,/home/zsh/ConceptSkillCDM/results/crg_lcrf_core3_final_20260520/crg_support_controls/assist_17/crg_support_corruption_control.csv,auc_bce,0.0014210535426522,0.0015299608659126,short_history
assist_17,degree_matched_random_support,0.5,44,long_history,38553,0.7944339798935027,0.0010310368355066,0.5415082266920329,0.0010999114791838,0.7954650167290094,0.540408315212849,27.861385345458984,True,,,,,weak,/home/zsh/ConceptSkillCDM/results/crg_lcrf_core3_final_20260520/crg_support_controls/assist_17/crg_support_corruption_control.csv,auc_bce,0.0010310368355066,0.0010999114791838,long_history
assist_17,degree_matched_random_support,0.5,45,all,77261,0.7835824275792198,0.0006792127581073,0.5541918689857007,0.0006230167330418,0.7842616403373271,0.5535688522526588,27.633663177490234,True,,,,,weak,/home/zsh/ConceptSkillCDM/results/crg_lcrf_core3_final_20260520/crg_support_controls/assist_17/crg_support_corruption_control.csv,auc_bce,0.0006792127581073,0.0006230167330418,all
assist_17,degree_matched_random_support,0.5,45,graph_hits_history,77261,0.7835824275792198,0.0006792127581073,0.5541918689857007,0.0006230167330418,0.7842616403373271,0.5535688522526588,27.633663177490234,True,,,,,weak,/home/zsh/ConceptSkillCDM/results/crg_lcrf_core3_final_20260520/crg_support_controls/assist_17/crg_support_corruption_control.csv,auc_bce,0.0006792127581073,0.0006230167330418,direct_unseen_bridgeable
assist_17,degree_matched_random_support,0.5,45,high_support_mass,19317,0.7985271565305534,0.0011610300886407,0.5422075114881636,0.0010138055393225,0.7996881866191942,0.5411937059488411,27.633663177490234,True,,,,,weak,/home/zsh/ConceptSkillCDM/results/crg_lcrf_core3_final_20260520/crg_support_controls/assist_17/crg_support_corruption_control.csv,auc_bce,0.0011610300886407,0.0010138055393225,high_crg_mass
assist_17,degree_matched_random_support,0.5,45,query_seq_top5_q4_high,19249,0.7704352733778005,0.0002174829321425,0.5499096156605033,0.0001164635439013,0.770652756309943,0.549793152116602,27.633663177490234,True,,,,,weak,/home/zsh/ConceptSkillCDM/results/crg_lcrf_core3_final_20260520/crg_support_controls/assist_17/crg_support_corruption_control.csv,auc_bce,0.0002174829321425,0.0001164635439013,high_seq_support
assist_17,degree_matched_random_support,0.5,45,multi_concept,33639,0.7669969802451158,0.00033944796174,0.569732195254236,0.0003890141917216,0.7673364282068558,0.5693431810625144,27.633663177490234,True,,,,,weak,/home/zsh/ConceptSkillCDM/results/crg_lcrf_core3_final_20260520/crg_support_controls/assist_17/crg_support_corruption_control.csv,auc_bce,0.00033944796174,0.0003890141917216,direct_seen
assist_17,degree_matched_random_support,0.5,45,direct_seen,73401,0.7855759553790138,0.0007400249300348,0.550875222497407,0.0006822349126605,0.7863159803090487,0.5501929875847464,27.633663177490234,True,,,,,weak,/home/zsh/ConceptSkillCDM/results/crg_lcrf_core3_final_20260520/crg_support_controls/assist_17/crg_support_corruption_control.csv,auc_bce,0.0007400249300348,0.0006822349126605,direct_seen
assist_17,degree_matched_random_support,0.5,45,direct_unseen,3860,0.7351533825975514,0.0007256019414828,0.6172605655886193,-0.0005030645110428,0.7358789845390342,0.6177636300996622,27.633663177490234,True,,,,,weak,/home/zsh/ConceptSkillCDM/results/crg_lcrf_core3_final_20260520/crg_support_controls/assist_17/crg_support_corruption_control.csv,auc_bce,0.0007256019414828,-0.0005030645110428,direct_unseen
assist_17,degree_matched_random_support,0.5,45,direct_unseen_bridgeable,3860,0.7351533825975514,0.0007256019414828,0.6172605655886193,-0.0005030645110428,0.7358789845390342,0.6177636300996622,27.633663177490234,True,,,,,weak,/home/zsh/ConceptSkillCDM/results/crg_lcrf_core3_final_20260520/crg_support_controls/assist_17/crg_support_corruption_control.csv,auc_bce,0.0007256019414828,-0.0005030645110428,direct_unseen_bridgeable
assist_17,degree_matched_random_support,0.5,45,high_seq_support,19249,0.7704352733778005,0.0002174829321425,0.5499096156605033,0.0001164635439013,0.770652756309943,0.549793152116602,27.633663177490234,True,,,,,weak,/home/zsh/ConceptSkillCDM/results/crg_lcrf_core3_final_20260520/crg_support_controls/assist_17/crg_support_corruption_control.csv,auc_bce,0.0002174829321425,0.0001164635439013,high_seq_support
assist_17,degree_matched_random_support,0.5,45,high_crg_mass,19317,0.7985271565305534,0.0011610300886407,0.5422075114881636,0.0010138055393225,0.7996881866191942,0.5411937059488411,27.633663177490234,True,,,,,weak,/home/zsh/ConceptSkillCDM/results/crg_lcrf_core3_final_20260520/crg_support_controls/assist_17/crg_support_corruption_control.csv,auc_bce,0.0011610300886407,0.0010138055393225,high_crg_mass
assist_17,degree_matched_random_support,0.5,45,short_history,38708,0.7717062899321966,0.0006384823868407,0.5671979929851102,0.0005213029600068,0.7723447723190373,0.5666766900251033,27.633663177490234,True,,,,,weak,/home/zsh/ConceptSkillCDM/results/crg_lcrf_core3_final_20260520/crg_support_controls/assist_17/crg_support_corruption_control.csv,auc_bce,0.0006384823868407,0.0005213029600068,short_history
assist_17,degree_matched_random_support,0.5,45,long_history,38553,0.7947416420003561,0.0007233747286532,0.5411334546529863,0.0007251394401373,0.7954650167290094,0.540408315212849,27.633663177490234,True,,,,,weak,/home/zsh/ConceptSkillCDM/results/crg_lcrf_core3_final_20260520/crg_support_controls/assist_17/crg_support_corruption_control.csv,auc_bce,0.0007233747286532,0.0007251394401373,long_history
assist_17,degree_matched_random_support,0.5,46,all,77261,0.7838469565998385,0.0004146837374886,0.553751543152658,0.0001826908999991,0.7842616403373271,0.5535688522526588,27.85148429870605,True,,,,,weak,/home/zsh/ConceptSkillCDM/results/crg_lcrf_core3_final_20260520/crg_support_controls/assist_17/crg_support_corruption_control.csv,auc_bce,0.0004146837374886,0.0001826908999991,all
assist_17,degree_matched_random_support,0.5,46,graph_hits_history,77261,0.7838469565998385,0.0004146837374886,0.553751543152658,0.0001826908999991,0.7842616403373271,0.5535688522526588,27.85148429870605,True,,,,,weak,/home/zsh/ConceptSkillCDM/results/crg_lcrf_core3_final_20260520/crg_support_controls/assist_17/crg_support_corruption_control.csv,auc_bce,0.0004146837374886,0.0001826908999991,direct_unseen_bridgeable
assist_17,degree_matched_random_support,0.5,46,high_support_mass,19317,0.7989880335666123,0.0007001530525818,0.5416750261093612,0.0004813201605201,0.7996881866191942,0.5411937059488411,27.85148429870605,True,,,,,weak,/home/zsh/ConceptSkillCDM/results/crg_lcrf_core3_final_20260520/crg_support_controls/assist_17/crg_support_corruption_control.csv,auc_bce,0.0007001530525818,0.0004813201605201,high_crg_mass
assist_17,degree_matched_random_support,0.5,46,query_seq_top5_q4_high,19249,0.7703627962146802,0.0002899600952628,0.5499376082275934,0.0001444561109914,0.770652756309943,0.549793152116602,27.85148429870605,True,,,,,weak,/home/zsh/ConceptSkillCDM/results/crg_lcrf_core3_final_20260520/crg_support_controls/assist_17/crg_support_corruption_control.csv,auc_bce,0.0002899600952628,0.0001444561109914,high_seq_support
assist_17,degree_matched_random_support,0.5,46,multi_concept,33639,0.7670004355108168,0.000335992696039,0.5695956585349178,0.0002524774724034,0.7673364282068558,0.5693431810625144,27.85148429870605,True,,,,,weak,/home/zsh/ConceptSkillCDM/results/crg_lcrf_core3_final_20260520/crg_support_controls/assist_17/crg_support_corruption_control.csv,auc_bce,0.000335992696039,0.0002524774724034,direct_seen
assist_17,degree_matched_random_support,0.5,46,direct_seen,73401,0.7859798554837423,0.0003361248253064,0.5503914417045753,0.0001984541198288,0.7863159803090487,0.5501929875847464,27.85148429870605,True,,,,,weak,/home/zsh/ConceptSkillCDM/results/crg_lcrf_core3_final_20260520/crg_support_controls/assist_17/crg_support_corruption_control.csv,auc_bce,0.0003361248253064,0.0001984541198288,direct_seen
assist_17,degree_matched_random_support,0.5,46,direct_unseen,3860,0.7338974177187577,0.0019815668202765,0.6176465707150192,-0.000117059384643,0.7358789845390342,0.6177636300996622,27.85148429870605,True,,,,,weak,/home/zsh/ConceptSkillCDM/results/crg_lcrf_core3_final_20260520/crg_support_controls/assist_17/crg_support_corruption_control.csv,auc_bce,0.0019815668202765,-0.000117059384643,direct_unseen
assist_17,degree_matched_random_support,0.5,46,direct_unseen_bridgeable,3860,0.7338974177187577,0.0019815668202765,0.6176465707150192,-0.000117059384643,0.7358789845390342,0.6177636300996622,27.85148429870605,True,,,,,weak,/home/zsh/ConceptSkillCDM/results/crg_lcrf_core3_final_20260520/crg_support_controls/assist_17/crg_support_corruption_control.csv,auc_bce,0.0019815668202765,-0.000117059384643,direct_unseen_bridgeable
assist_17,degree_matched_random_support,0.5,46,high_seq_support,19249,0.7703627962146802,0.0002899600952628,0.5499376082275934,0.0001444561109914,0.770652756309943,0.549793152116602,27.85148429870605,True,,,,,weak,/home/zsh/ConceptSkillCDM/results/crg_lcrf_core3_final_20260520/crg_support_controls/assist_17/crg_support_corruption_control.csv,auc_bce,0.0002899600952628,0.0001444561109914,high_seq_support
assist_17,degree_matched_random_support,0.5,46,high_crg_mass,19317,0.7989880335666123,0.0007001530525818,0.5416750261093612,0.0004813201605201,0.7996881866191942,0.5411937059488411,27.85148429870605,True,,,,,weak,/home/zsh/ConceptSkillCDM/results/crg_lcrf_core3_final_20260520/crg_support_controls/assist_17/crg_support_corruption_control.csv,auc_bce,0.0007001530525818,0.0004813201605201,high_crg_mass
assist_17,degree_matched_random_support,0.5,46,short_history,38708,0.7719045019792894,0.0004402703397479,0.5667251308389186,4.8440813815275874e-05,0.7723447723190373,0.5666766900251033,27.85148429870605,True,,,,,weak,/home/zsh/ConceptSkillCDM/results/crg_lcrf_core3_final_20260520/crg_support_controls/assist_17/crg_support_corruption_control.csv,auc_bce,0.0004402703397479,4.8440813815275874e-05,short_history
assist_17,degree_matched_random_support,0.5,46,long_history,38553,0.7950939314852437,0.0003710852437657,0.5407257959433674,0.0003174807305184,0.7954650167290094,0.540408315212849,27.85148429870605,True,,,,,weak,/home/zsh/ConceptSkillCDM/results/crg_lcrf_core3_final_20260520/crg_support_controls/assist_17/crg_support_corruption_control.csv,auc_bce,0.0003710852437657,0.0003174807305184,long_history
assist_17,degree_matched_random_support,0.75,42,all,77261,0.7811341557116304,0.0031274846256967,0.556415945297199,0.0028470930445401,0.7842616403373271,0.5535688522526588,27.75247573852539,True,,,,,weak,/home/zsh/ConceptSkillCDM/results/crg_lcrf_core3_final_20260520/crg_support_controls/assist_17/crg_support_corruption_control.csv,auc_bce,0.0031274846256967,0.0028470930445401,all
assist_17,degree_matched_random_support,0.75,42,graph_hits_history,77261,0.7811341557116304,0.0031274846256967,0.556415945297199,0.0028470930445401,0.7842616403373271,0.5535688522526588,27.75247573852539,True,,,,,weak,/home/zsh/ConceptSkillCDM/results/crg_lcrf_core3_final_20260520/crg_support_controls/assist_17/crg_support_corruption_control.csv,auc_bce,0.0031274846256967,0.0028470930445401,direct_unseen_bridgeable
assist_17,degree_matched_random_support,0.75,42,high_support_mass,19317,0.7962931571641882,0.0033950294550059,0.5448828073280813,0.0036891013792401,0.7996881866191942,0.5411937059488411,27.75247573852539,True,,,,,weak,/home/zsh/ConceptSkillCDM/results/crg_lcrf_core3_final_20260520/crg_support_controls/assist_17/crg_support_corruption_control.csv,auc_bce,0.0033950294550059,0.0036891013792401,high_crg_mass
assist_17,degree_matched_random_support,0.75,42,query_seq_top5_q4_high,19249,0.7636334459472978,0.0070193103626452,0.5564066386437748,0.0066134865271728,0.770652756309943,0.549793152116602,27.75247573852539,True,,,,,weak,/home/zsh/ConceptSkillCDM/results/crg_lcrf_core3_final_20260520/crg_support_controls/assist_17/crg_support_corruption_control.csv,auc_bce,0.0070193103626452,0.0066134865271728,high_seq_support
assist_17,degree_matched_random_support,0.75,42,multi_concept,33639,0.7650400708403138,0.0022963573665419,0.5714532609743496,0.0021100799118352,0.7673364282068558,0.5693431810625144,27.75247573852539,True,,,,,weak,/home/zsh/ConceptSkillCDM/results/crg_lcrf_core3_final_20260520/crg_support_controls/assist_17/crg_support_corruption_control.csv,auc_bce,0.0022963573665419,0.0021100799118352,direct_seen
assist_17,degree_matched_random_support,0.75,42,direct_seen,73401,0.7831555635140384,0.0031604167950103,0.5529300231009628,0.0027370355162164,0.7863159803090487,0.5501929875847464,27.75247573852539,True,,,,,weak,/home/zsh/ConceptSkillCDM/results/crg_lcrf_core3_final_20260520/crg_support_controls/assist_17/crg_support_corruption_control.csv,auc_bce,0.0031604167950103,0.0027370355162164,direct_seen
assist_17,degree_matched_random_support,0.75,42,direct_unseen,3860,0.7331306410710877,0.0027483434679465,0.6227035554334509,0.0049399253337887,0.7358789845390342,0.6177636300996622,27.75247573852539,True,,,,,weak,/home/zsh/ConceptSkillCDM/results/crg_lcrf_core3_final_20260520/crg_support_controls/assist_17/crg_support_corruption_control.csv,auc_bce,0.0027483434679465,0.0049399253337887,direct_unseen
assist_17,degree_matched_random_support,0.75,42,direct_unseen_bridgeable,3860,0.7331306410710877,0.0027483434679465,0.6227035554334509,0.0049399253337887,0.7358789845390342,0.6177636300996622,27.75247573852539,True,,,,,weak,/home/zsh/ConceptSkillCDM/results/crg_lcrf_core3_final_20260520/crg_support_controls/assist_17/crg_support_corruption_control.csv,auc_bce,0.0027483434679465,0.0049399253337887,direct_unseen_bridgeable
assist_17,degree_matched_random_support,0.75,42,high_seq_support,19249,0.7636334459472978,0.0070193103626452,0.5564066386437748,0.0066134865271728,0.770652756309943,0.549793152116602,27.75247573852539,True,,,,,weak,/home/zsh/ConceptSkillCDM/results/crg_lcrf_core3_final_20260520/crg_support_controls/assist_17/crg_support_corruption_control.csv,auc_bce,0.0070193103626452,0.0066134865271728,high_seq_support
assist_17,degree_matched_random_support,0.75,42,high_crg_mass,19317,0.7962931571641882,0.0033950294550059,0.5448828073280813,0.0036891013792401,0.7996881866191942,0.5411937059488411,27.75247573852539,True,,,,,weak,/home/zsh/ConceptSkillCDM/results/crg_lcrf_core3_final_20260520/crg_support_controls/assist_17/crg_support_corruption_control.csv,auc_bce,0.0033950294550059,0.0036891013792401,high_crg_mass
assist_17,degree_matched_random_support,0.75,42,short_history,38708,0.7694352019008857,0.0029095704181516,0.569346506792013,0.0026698167669096,0.7723447723190373,0.5666766900251033,27.75247573852539,True,,,,,weak,/home/zsh/ConceptSkillCDM/results/crg_lcrf_core3_final_20260520/crg_support_controls/assist_17/crg_support_corruption_control.csv,auc_bce,0.0029095704181516,0.0026698167669096,short_history
assist_17,degree_matched_random_support,0.75,42,long_history,38553,0.7920911319389934,0.0033738847900159,0.5434333972635503,0.0030250820507012,0.7954650167290094,0.540408315212849,27.75247573852539,True,,,,,weak,/home/zsh/ConceptSkillCDM/results/crg_lcrf_core3_final_20260520/crg_support_controls/assist_17/crg_support_corruption_control.csv,auc_bce,0.0033738847900159,0.0030250820507012,long_history
assist_17,degree_matched_random_support,0.75,43,all,77261,0.7811527986224407,0.0031088417148864,0.5562798774839667,0.0027110252313078,0.7842616403373271,0.5535688522526588,27.81188201904297,True,,,,,weak,/home/zsh/ConceptSkillCDM/results/crg_lcrf_core3_final_20260520/crg_support_controls/assist_17/crg_support_corruption_control.csv,auc_bce,0.0031088417148864,0.0027110252313078,all
assist_17,degree_matched_random_support,0.75,43,graph_hits_history,77261,0.7811527986224407,0.0031088417148864,0.5562798774839667,0.0027110252313078,0.7842616403373271,0.5535688522526588,27.81188201904297,True,,,,,weak,/home/zsh/ConceptSkillCDM/results/crg_lcrf_core3_final_20260520/crg_support_controls/assist_17/crg_support_corruption_control.csv,auc_bce,0.0031088417148864,0.0027110252313078,direct_unseen_bridgeable
assist_17,degree_matched_random_support,0.75,43,high_support_mass,19317,0.7958143505418506,0.0038738360773435,0.5450747797763961,0.0038810738275549,0.7996881866191942,0.5411937059488411,27.81188201904297,True,,,,,weak,/home/zsh/ConceptSkillCDM/results/crg_lcrf_core3_final_20260520/crg_support_controls/assist_17/crg_support_corruption_control.csv,auc_bce,0.0038738360773435,0.0038810738275549,high_crg_mass
assist_17,degree_matched_random_support,0.75,43,query_seq_top5_q4_high,19249,0.7659722519923504,0.0046805043175925,0.5541071673456861,0.0043140152290841,0.770652756309943,0.549793152116602,27.81188201904297,True,,,,,weak,/home/zsh/ConceptSkillCDM/results/crg_lcrf_core3_final_20260520/crg_support_controls/assist_17/crg_support_corruption_control.csv,auc_bce,0.0046805043175925,0.0043140152290841,high_seq_support
assist_17,degree_matched_random_support,0.75,43,multi_concept,33639,0.7658152524232409,0.0015211757836148,0.5705704755805984,0.001227294518084,0.7673364282068558,0.5693431810625144,27.81188201904297,True,,,,,weak,/home/zsh/ConceptSkillCDM/results/crg_lcrf_core3_final_20260520/crg_support_controls/assist_17/crg_support_corruption_control.csv,auc_bce,0.0015211757836148,0.001227294518084,direct_seen
assist_17,degree_matched_random_support,0.75,43,direct_seen,73401,0.7833830052244388,0.0029329750846098,0.5526427892858687,0.0024498017011223,0.7863159803090487,0.5501929875847464,27.81188201904297,True,,,,,weak,/home/zsh/ConceptSkillCDM/results/crg_lcrf_core3_final_20260520/crg_support_controls/assist_17/crg_support_corruption_control.csv,auc_bce,0.0029329750846098,0.0024498017011223,direct_seen
assist_17,degree_matched_random_support,0.75,43,direct_unseen,3860,0.7312494205546314,0.0046295639844028,0.6254420305483681,0.0076784004487059,0.7358789845390342,0.6177636300996622,27.81188201904297,True,,,,,weak,/home/zsh/ConceptSkillCDM/results/crg_lcrf_core3_final_20260520/crg_support_controls/assist_17/crg_support_corruption_control.csv,auc_bce,0.0046295639844028,0.0076784004487059,direct_unseen
assist_17,degree_matched_random_support,0.75,43,direct_unseen_bridgeable,3860,0.7312494205546314,0.0046295639844028,0.6254420305483681,0.0076784004487059,0.7358789845390342,0.6177636300996622,27.81188201904297,True,,,,,weak,/home/zsh/ConceptSkillCDM/results/crg_lcrf_core3_final_20260520/crg_support_controls/assist_17/crg_support_corruption_control.csv,auc_bce,0.0046295639844028,0.0076784004487059,direct_unseen_bridgeable
assist_17,degree_matched_random_support,0.75,43,high_seq_support,19249,0.7659722519923504,0.0046805043175925,0.5541071673456861,0.0043140152290841,0.770652756309943,0.549793152116602,27.81188201904297,True,,,,,weak,/home/zsh/ConceptSkillCDM/results/crg_lcrf_core3_final_20260520/crg_support_controls/assist_17/crg_support_corruption_control.csv,auc_bce,0.0046805043175925,0.0043140152290841,high_seq_support
assist_17,degree_matched_random_support,0.75,43,high_crg_mass,19317,0.7958143505418506,0.0038738360773435,0.5450747797763961,0.0038810738275549,0.7996881866191942,0.5411937059488411,27.81188201904297,True,,,,,weak,/home/zsh/ConceptSkillCDM/results/crg_lcrf_core3_final_20260520/crg_support_controls/assist_17/crg_support_corruption_control.csv,auc_bce,0.0038738360773435,0.0038810738275549,high_crg_mass
assist_17,degree_matched_random_support,0.75,43,short_history,38708,0.769510142135553,0.0028346301834842,0.5692446434450252,0.0025679534199218,0.7723447723190373,0.5666766900251033,27.81188201904297,True,,,,,weak,/home/zsh/ConceptSkillCDM/results/crg_lcrf_core3_final_20260520/crg_support_controls/assist_17/crg_support_corruption_control.csv,auc_bce,0.0028346301834842,0.0025679534199218,short_history
assist_17,degree_matched_random_support,0.75,43,long_history,38553,0.7921417843568787,0.0033232323721307,0.5432629874670899,0.0028546722542408,0.7954650167290094,0.540408315212849,27.81188201904297,True,,,,,weak,/home/zsh/ConceptSkillCDM/results/crg_lcrf_core3_final_20260520/crg_support_controls/assist_17/crg_support_corruption_control.csv,auc_bce,0.0033232323721307,0.0028546722542408,long_history
assist_17,degree_matched_random_support,0.75,44,all,77261,0.7827470442537368,0.0015145960835903,0.5549901100921082,0.0014212578394493,0.7842616403373271,0.5535688522526588,27.85148429870605,True,,,,,weak,/home/zsh/ConceptSkillCDM/results/crg_lcrf_core3_final_20260520/crg_support_controls/assist_17/crg_support_corruption_control.csv,auc_bce,0.0015145960835903,0.0014212578394493,all
assist_17,degree_matched_random_support,0.75,44,graph_hits_history,77261,0.7827470442537368,0.0015145960835903,0.5549901100921082,0.0014212578394493,0.7842616403373271,0.5535688522526588,27.85148429870605,True,,,,,weak,/home/zsh/ConceptSkillCDM/results/crg_lcrf_core3_final_20260520/crg_support_controls/assist_17/crg_support_corruption_control.csv,auc_bce,0.0015145960835903,0.0014212578394493,direct_unseen_bridgeable
assist_17,degree_matched_random_support,0.75,44,high_support_mass,19317,0.7972248673026444,0.0024633193165497,0.5435146792556753,0.0023209733068342,0.7996881866191942,0.5411937059488411,27.85148429870605,True,,,,,weak,/home/zsh/ConceptSkillCDM/results/crg_lcrf_core3_final_20260520/crg_support_controls/assist_17/crg_support_corruption_control.csv,auc_bce,0.0024633193165497,0.0023209733068342,high_crg_mass
assist_17,degree_matched_random_support,0.75,44,query_seq_top5_q4_high,19249,0.7696777841376297,0.0009749721723133,0.550681208530483,0.000888056413881,0.770652756309943,0.549793152116602,27.85148429870605,True,,,,,weak,/home/zsh/ConceptSkillCDM/results/crg_lcrf_core3_final_20260520/crg_support_controls/assist_17/crg_support_corruption_control.csv,auc_bce,0.0009749721723133,0.000888056413881,high_seq_support
assist_17,degree_matched_random_support,0.75,44,multi_concept,33639,0.766484120349905,0.0008523078569507,0.5701959852517925,0.0008528041892781,0.7673364282068558,0.5693431810625144,27.85148429870605,True,,,,,weak,/home/zsh/ConceptSkillCDM/results/crg_lcrf_core3_final_20260520/crg_support_controls/assist_17/crg_support_corruption_control.csv,auc_bce,0.0008523078569507,0.0008528041892781,direct_seen
assist_17,degree_matched_random_support,0.75,44,direct_seen,73401,0.7849530736543464,0.0013629066547022,0.5514232526355807,0.0012302650508342,0.7863159803090487,0.5501929875847464,27.85148429870605,True,,,,,weak,/home/zsh/ConceptSkillCDM/results/crg_lcrf_core3_final_20260520/crg_support_controls/assist_17/crg_support_corruption_control.csv,auc_bce,0.0013629066547022,0.0012302650508342,direct_seen
assist_17,degree_matched_random_support,0.75,44,direct_unseen,3860,0.7335875167016606,0.0022914678373736,0.6228167692026175,0.0050531391029553,0.7358789845390342,0.6177636300996622,27.85148429870605,True,,,,,weak,/home/zsh/ConceptSkillCDM/results/crg_lcrf_core3_final_20260520/crg_support_controls/assist_17/crg_support_corruption_control.csv,auc_bce,0.0022914678373736,0.0050531391029553,direct_unseen
assist_17,degree_matched_random_support,0.75,44,direct_unseen_bridgeable,3860,0.7335875167016606,0.0022914678373736,0.6228167692026175,0.0050531391029553,0.7358789845390342,0.6177636300996622,27.85148429870605,True,,,,,weak,/home/zsh/ConceptSkillCDM/results/crg_lcrf_core3_final_20260520/crg_support_controls/assist_17/crg_support_corruption_control.csv,auc_bce,0.0022914678373736,0.0050531391029553,direct_unseen_bridgeable
assist_17,degree_matched_random_support,0.75,44,high_seq_support,19249,0.7696777841376297,0.0009749721723133,0.550681208530483,0.000888056413881,0.770652756309943,0.549793152116602,27.85148429870605,True,,,,,weak,/home/zsh/ConceptSkillCDM/results/crg_lcrf_core3_final_20260520/crg_support_controls/assist_17/crg_support_corruption_control.csv,auc_bce,0.0009749721723133,0.000888056413881,high_seq_support
assist_17,degree_matched_random_support,0.75,44,high_crg_mass,19317,0.7972248673026444,0.0024633193165497,0.5435146792556753,0.0023209733068342,0.7996881866191942,0.5411937059488411,27.85148429870605,True,,,,,weak,/home/zsh/ConceptSkillCDM/results/crg_lcrf_core3_final_20260520/crg_support_controls/assist_17/crg_support_corruption_control.csv,auc_bce,0.0024633193165497,0.0023209733068342,high_crg_mass
assist_17,degree_matched_random_support,0.75,44,short_history,38708,0.7715052521393024,0.0008395201797348,0.5673772473154356,0.0007005572903322,0.7723447723190373,0.5666766900251033,27.85148429870605,True,,,,,weak,/home/zsh/ConceptSkillCDM/results/crg_lcrf_core3_final_20260520/crg_support_controls/assist_17/crg_support_corruption_control.csv,auc_bce,0.0008395201797348,0.0007005572903322,short_history
assist_17,degree_matched_random_support,0.75,44,long_history,38553,0.7932727892697135,0.0021922274592959,0.5425531711342952,0.0021448559214461,0.7954650167290094,0.540408315212849,27.85148429870605,True,,,,,weak,/home/zsh/ConceptSkillCDM/results/crg_lcrf_core3_final_20260520/crg_support_controls/assist_17/crg_support_corruption_control.csv,auc_bce,0.0021922274592959,0.0021448559214461,long_history
assist_17,degree_matched_random_support,0.75,45,all,77261,0.7815040184200762,0.0027576219172509,0.5567273798452683,0.0031585275926094,0.7842616403373271,0.5535688522526588,27.75247573852539,True,,,,,weak,/home/zsh/ConceptSkillCDM/results/crg_lcrf_core3_final_20260520/crg_support_controls/assist_17/crg_support_corruption_control.csv,auc_bce,0.0027576219172509,0.0031585275926094,all
assist_17,degree_matched_random_support,0.75,45,graph_hits_history,77261,0.7815040184200762,0.0027576219172509,0.5567273798452683,0.0031585275926094,0.7842616403373271,0.5535688522526588,27.75247573852539,True,,,,,weak,/home/zsh/ConceptSkillCDM/results/crg_lcrf_core3_final_20260520/crg_support_controls/assist_17/crg_support_corruption_control.csv,auc_bce,0.0027576219172509,0.0031585275926094,direct_unseen_bridgeable
assist_17,degree_matched_random_support,0.75,45,high_support_mass,19317,0.7966543814513738,0.0030338051678203,0.5446280226790767,0.0034343167302356,0.7996881866191942,0.5411937059488411,27.75247573852539,True,,,,,weak,/home/zsh/ConceptSkillCDM/results/crg_lcrf_core3_final_20260520/crg_support_controls/assist_17/crg_support_corruption_control.csv,auc_bce,0.0030338051678203,0.0034343167302356,high_crg_mass
assist_17,degree_matched_random_support,0.75,45,query_seq_top5_q4_high,19249,0.7684962520504235,0.0021565042595195,0.552254812238038,0.002461660121436,0.770652756309943,0.549793152116602,27.75247573852539,True,,,,,weak,/home/zsh/ConceptSkillCDM/results/crg_lcrf_core3_final_20260520/crg_support_controls/assist_17/crg_support_corruption_control.csv,auc_bce,0.0021565042595195,0.002461660121436,high_seq_support
assist_17,degree_matched_random_support,0.75,45,multi_concept,33639,0.7653386108279437,0.001997817378912,0.5712992367668273,0.0019560557043128,0.7673364282068558,0.5693431810625144,27.75247573852539,True,,,,,weak,/home/zsh/ConceptSkillCDM/results/crg_lcrf_core3_final_20260520/crg_support_controls/assist_17/crg_support_corruption_control.csv,auc_bce,0.001997817378912,0.0019560557043128,direct_seen
assist_17,degree_matched_random_support,0.75,45,direct_seen,73401,0.7835999807499658,0.0027159995590828,0.5530633895819602,0.0028704019972137,0.7863159803090487,0.5501929875847464,27.75247573852539,True,,,,,weak,/home/zsh/ConceptSkillCDM/results/crg_lcrf_core3_final_20260520/crg_support_controls/assist_17/crg_support_corruption_control.csv,auc_bce,0.0027159995590828,0.0028704019972137,direct_seen
assist_17,degree_matched_random_support,0.75,45,direct_unseen,3860,0.7325974149919559,0.0032815695470783,0.626401097284926,0.0086374671852638,0.7358789845390342,0.6177636300996622,27.75247573852539,True,,,,,weak,/home/zsh/ConceptSkillCDM/results/crg_lcrf_core3_final_20260520/crg_support_controls/assist_17/crg_support_corruption_control.csv,auc_bce,0.0032815695470783,0.0086374671852638,direct_unseen
assist_17,degree_matched_random_support,0.75,45,direct_unseen_bridgeable,3860,0.7325974149919559,0.0032815695470783,0.626401097284926,0.0086374671852638,0.7358789845390342,0.6177636300996622,27.75247573852539,True,,,,,weak,/home/zsh/ConceptSkillCDM/results/crg_lcrf_core3_final_20260520/crg_support_controls/assist_17/crg_support_corruption_control.csv,auc_bce,0.0032815695470783,0.0086374671852638,direct_unseen_bridgeable
assist_17,degree_matched_random_support,0.75,45,high_seq_support,19249,0.7684962520504235,0.0021565042595195,0.552254812238038,0.002461660121436,0.770652756309943,0.549793152116602,27.75247573852539,True,,,,,weak,/home/zsh/ConceptSkillCDM/results/crg_lcrf_core3_final_20260520/crg_support_controls/assist_17/crg_support_corruption_control.csv,auc_bce,0.0021565042595195,0.002461660121436,high_seq_support
assist_17,degree_matched_random_support,0.75,45,high_crg_mass,19317,0.7966543814513738,0.0030338051678203,0.5446280226790767,0.0034343167302356,0.7996881866191942,0.5411937059488411,27.75247573852539,True,,,,,weak,/home/zsh/ConceptSkillCDM/results/crg_lcrf_core3_final_20260520/crg_support_controls/assist_17/crg_support_corruption_control.csv,auc_bce,0.0030338051678203,0.0034343167302356,high_crg_mass
assist_17,degree_matched_random_support,0.75,45,short_history,38708,0.7687270034038912,0.003617768915146,0.5711068441042036,0.0044301540791003,0.7723447723190373,0.5666766900251033,27.75247573852539,True,,,,,weak,/home/zsh/ConceptSkillCDM/results/crg_lcrf_core3_final_20260520/crg_support_controls/assist_17/crg_support_corruption_control.csv,auc_bce,0.003617768915146,0.0044301540791003,short_history
assist_17,degree_matched_random_support,0.75,45,long_history,38553,0.7936470747571982,0.0018179419718111,0.5422901038217455,0.0018817886088964,0.7954650167290094,0.540408315212849,27.75247573852539,True,,,,,weak,/home/zsh/ConceptSkillCDM/results/crg_lcrf_core3_final_20260520/crg_support_controls/assist_17/crg_support_corruption_control.csv,auc_bce,0.0018179419718111,0.0018817886088964,long_history
assist_17,degree_matched_random_support,0.75,46,all,77261,0.7819158838967728,0.0023457564405543,0.5553624356643051,0.0017935834116462,0.7842616403373271,0.5535688522526588,27.663366317749023,True,,,,,weak,/home/zsh/ConceptSkillCDM/results/crg_lcrf_core3_final_20260520/crg_support_controls/assist_17/crg_support_corruption_control.csv,auc_bce,0.0023457564405543,0.0017935834116462,all
assist_17,degree_matched_random_support,0.75,46,graph_hits_history,77261,0.7819158838967728,0.0023457564405543,0.5553624356643051,0.0017935834116462,0.7842616403373271,0.5535688522526588,27.663366317749023,True,,,,,weak,/home/zsh/ConceptSkillCDM/results/crg_lcrf_core3_final_20260520/crg_support_controls/assist_17/crg_support_corruption_control.csv,auc_bce,0.0023457564405543,0.0017935834116462,direct_unseen_bridgeable
assist_17,degree_matched_random_support,0.75,46,high_support_mass,19317,0.7967013017161311,0.002986884903063,0.5437596604763038,0.0025659545274626,0.7996881866191942,0.5411937059488411,27.663366317749023,True,,,,,weak,/home/zsh/ConceptSkillCDM/results/crg_lcrf_core3_final_20260520/crg_support_controls/assist_17/crg_support_corruption_control.csv,auc_bce,0.002986884903063,0.0025659545274626,high_crg_mass
assist_17,degree_matched_random_support,0.75,46,query_seq_top5_q4_high,19249,0.7687931740687685,0.0018595822411745,0.5512429551553261,0.0014498030387241,0.770652756309943,0.549793152116602,27.663366317749023,True,,,,,weak,/home/zsh/ConceptSkillCDM/results/crg_lcrf_core3_final_20260520/crg_support_controls/assist_17/crg_support_corruption_control.csv,auc_bce,0.0018595822411745,0.0014498030387241,high_seq_support
assist_17,degree_matched_random_support,0.75,46,multi_concept,33639,0.7652573500940253,0.0020790781128304,0.5711598736886662,0.0018166926261518,0.7673364282068558,0.5693431810625144,27.663366317749023,True,,,,,weak,/home/zsh/ConceptSkillCDM/results/crg_lcrf_core3_final_20260520/crg_support_controls/assist_17/crg_support_corruption_control.csv,auc_bce,0.0020790781128304,0.0018166926261518,direct_seen
assist_17,degree_matched_random_support,0.75,46,direct_seen,73401,0.7841651645669141,0.0021508157421346,0.5519003371023025,0.001707349517556,0.7863159803090487,0.5501929875847464,27.663366317749023,True,,,,,weak,/home/zsh/ConceptSkillCDM/results/crg_lcrf_core3_final_20260520/crg_support_controls/assist_17/crg_support_corruption_control.csv,auc_bce,0.0021508157421346,0.001707349517556,direct_seen
assist_17,degree_matched_random_support,0.75,46,direct_unseen,3860,0.7324601205246366,0.0034188640143976,0.6211970202626369,0.0034333901629747,0.7358789845390342,0.6177636300996622,27.663366317749023,True,,,,,weak,/home/zsh/ConceptSkillCDM/results/crg_lcrf_core3_final_20260520/crg_support_controls/assist_17/crg_support_corruption_control.csv,auc_bce,0.0034188640143976,0.0034333901629747,direct_unseen
assist_17,degree_matched_random_support,0.75,46,direct_unseen_bridgeable,3860,0.7324601205246366,0.0034188640143976,0.6211970202626369,0.0034333901629747,0.7358789845390342,0.6177636300996622,27.663366317749023,True,,,,,weak,/home/zsh/ConceptSkillCDM/results/crg_lcrf_core3_final_20260520/crg_support_controls/assist_17/crg_support_corruption_control.csv,auc_bce,0.0034188640143976,0.0034333901629747,direct_unseen_bridgeable
assist_17,degree_matched_random_support,0.75,46,high_seq_support,19249,0.7687931740687685,0.0018595822411745,0.5512429551553261,0.0014498030387241,0.770652756309943,0.549793152116602,27.663366317749023,True,,,,,weak,/home/zsh/ConceptSkillCDM/results/crg_lcrf_core3_final_20260520/crg_support_controls/assist_17/crg_support_corruption_control.csv,auc_bce,0.0018595822411745,0.0014498030387241,high_seq_support
assist_17,degree_matched_random_support,0.75,46,high_crg_mass,19317,0.7967013017161311,0.002986884903063,0.5437596604763038,0.0025659545274626,0.7996881866191942,0.5411937059488411,27.663366317749023,True,,,,,weak,/home/zsh/ConceptSkillCDM/results/crg_lcrf_core3_final_20260520/crg_support_controls/assist_17/crg_support_corruption_control.csv,auc_bce,0.002986884903063,0.0025659545274626,high_crg_mass
assist_17,degree_matched_random_support,0.75,46,short_history,38708,0.7700872022997256,0.0022575700193117,0.5682430016620803,0.0015663116369769,0.7723447723190373,0.5666766900251033,27.663366317749023,True,,,,,weak,/home/zsh/ConceptSkillCDM/results/crg_lcrf_core3_final_20260520/crg_support_controls/assist_17/crg_support_corruption_control.csv,auc_bce,0.0022575700193117,0.0015663116369769,short_history
assist_17,degree_matched_random_support,0.75,46,long_history,38553,0.793047190653605,0.0024178260754044,0.542430084131561,0.0020217689187119,0.7954650167290094,0.540408315212849,27.663366317749023,True,,,,,weak,/home/zsh/ConceptSkillCDM/results/crg_lcrf_core3_final_20260520/crg_support_controls/assist_17/crg_support_corruption_control.csv,auc_bce,0.0024178260754044,0.0020217689187119,long_history
assist_17,degree_matched_random_support,1.0,42,all,77261,0.7816964484096507,0.0025651919276764,0.5691775193821251,0.0156086671294662,0.7842616403373271,0.5535688522526588,27.12871360778809,True,,,,,support_dependence_only,/home/zsh/ConceptSkillCDM/results/crg_lcrf_core3_final_20260520/crg_support_controls/assist_17/crg_support_corruption_control.csv,auc_bce,0.0025651919276764,0.0156086671294662,all
assist_17,degree_matched_random_support,1.0,42,graph_hits_history,77261,0.7816964484096507,0.0025651919276764,0.5691775193821251,0.0156086671294662,0.7842616403373271,0.5535688522526588,27.12871360778809,True,,,,,support_dependence_only,/home/zsh/ConceptSkillCDM/results/crg_lcrf_core3_final_20260520/crg_support_controls/assist_17/crg_support_corruption_control.csv,auc_bce,0.0025651919276764,0.0156086671294662,direct_unseen_bridgeable
assist_17,degree_matched_random_support,1.0,42,high_support_mass,19317,0.7961195056001628,0.0035686810190314,0.5609926821558028,0.0197989762069616,0.7996881866191942,0.5411937059488411,27.12871360778809,True,,,,,support_dependence_only,/home/zsh/ConceptSkillCDM/results/crg_lcrf_core3_final_20260520/crg_support_controls/assist_17/crg_support_corruption_control.csv,auc_bce,0.0035686810190314,0.0197989762069616,high_crg_mass
assist_17,degree_matched_random_support,1.0,42,query_seq_top5_q4_high,19249,0.7698307749694974,0.0008219813404456,0.5643064928101883,0.0145133406935863,0.770652756309943,0.549793152116602,27.12871360778809,True,,,,,support_dependence_only,/home/zsh/ConceptSkillCDM/results/crg_lcrf_core3_final_20260520/crg_support_controls/assist_17/crg_support_corruption_control.csv,auc_bce,0.0008219813404456,0.0145133406935863,high_seq_support
assist_17,degree_matched_random_support,1.0,42,multi_concept,33639,0.7656176877692543,0.0017187404376014,0.5818569629819392,0.0125137819194248,0.7673364282068558,0.5693431810625144,27.12871360778809,True,,,,,support_dependence_only,/home/zsh/ConceptSkillCDM/results/crg_lcrf_core3_final_20260520/crg_support_controls/assist_17/crg_support_corruption_control.csv,auc_bce,0.0017187404376014,0.0125137819194248,direct_seen
assist_17,degree_matched_random_support,1.0,42,direct_seen,73401,0.7840327248916558,0.0022832554173929,0.5639503844684104,0.0137573968836639,0.7863159803090487,0.5501929875847464,27.12871360778809,True,,,,,support_dependence_only,/home/zsh/ConceptSkillCDM/results/crg_lcrf_core3_final_20260520/crg_support_controls/assist_17/crg_support_corruption_control.csv,auc_bce,0.0022832554173929,0.0137573968836639,direct_seen
assist_17,degree_matched_random_support,1.0,42,direct_unseen,3860,0.7297554058844382,0.006123578654596,0.6685756877245028,0.0508120576248406,0.7358789845390342,0.6177636300996622,27.12871360778809,True,,,,,support_dependence_only,/home/zsh/ConceptSkillCDM/results/crg_lcrf_core3_final_20260520/crg_support_controls/assist_17/crg_support_corruption_control.csv,auc_bce,0.006123578654596,0.0508120576248406,direct_unseen
assist_17,degree_matched_random_support,1.0,42,direct_unseen_bridgeable,3860,0.7297554058844382,0.006123578654596,0.6685756877245028,0.0508120576248406,0.7358789845390342,0.6177636300996622,27.12871360778809,True,,,,,support_dependence_only,/home/zsh/ConceptSkillCDM/results/crg_lcrf_core3_final_20260520/crg_support_controls/assist_17/crg_support_corruption_control.csv,auc_bce,0.006123578654596,0.0508120576248406,direct_unseen_bridgeable
assist_17,degree_matched_random_support,1.0,42,high_seq_support,19249,0.7698307749694974,0.0008219813404456,0.5643064928101883,0.0145133406935863,0.770652756309943,0.549793152116602,27.12871360778809,True,,,,,support_dependence_only,/home/zsh/ConceptSkillCDM/results/crg_lcrf_core3_final_20260520/crg_support_controls/assist_17/crg_support_corruption_control.csv,auc_bce,0.0008219813404456,0.0145133406935863,high_seq_support
assist_17,degree_matched_random_support,1.0,42,high_crg_mass,19317,0.7961195056001628,0.0035686810190314,0.5609926821558028,0.0197989762069616,0.7996881866191942,0.5411937059488411,27.12871360778809,True,,,,,support_dependence_only,/home/zsh/ConceptSkillCDM/results/crg_lcrf_core3_final_20260520/crg_support_controls/assist_17/crg_support_corruption_control.csv,auc_bce,0.0035686810190314,0.0197989762069616,high_crg_mass
assist_17,degree_matched_random_support,1.0,42,short_history,38708,0.7703908095421985,0.0019539627768387,0.5817379253196922,0.0150612352945888,0.7723447723190373,0.5666766900251033,27.12871360778809,True,,,,,support_dependence_only,/home/zsh/ConceptSkillCDM/results/crg_lcrf_core3_final_20260520/crg_support_controls/assist_17/crg_support_corruption_control.csv,auc_bce,0.0019539627768387,0.0150612352945888,short_history
assist_17,degree_matched_random_support,1.0,42,long_history,38553,0.7922348307209975,0.0032301860080118,0.5565666150937082,0.0161582998808591,0.7954650167290094,0.540408315212849,27.12871360778809,True,,,,,support_dependence_only,/home/zsh/ConceptSkillCDM/results/crg_lcrf_core3_final_20260520/crg_support_controls/assist_17/crg_support_corruption_control.csv,auc_bce,0.0032301860080118,0.0161582998808591,long_history
assist_17,degree_matched_random_support,1.0,43,all,77261,0.7816762565440618,0.0025853837932653,0.5699660302503279,0.016397177997669,0.7842616403373271,0.5535688522526588,27.108911514282227,True,,,,,support_dependence_only,/home/zsh/ConceptSkillCDM/results/crg_lcrf_core3_final_20260520/crg_support_controls/assist_17/crg_support_corruption_control.csv,auc_bce,0.0025853837932653,0.016397177997669,all
assist_17,degree_matched_random_support,1.0,43,graph_hits_history,77261,0.7816762565440618,0.0025853837932653,0.5699660302503279,0.016397177997669,0.7842616403373271,0.5535688522526588,27.108911514282227,True,,,,,support_dependence_only,/home/zsh/ConceptSkillCDM/results/crg_lcrf_core3_final_20260520/crg_support_controls/assist_17/crg_support_corruption_control.csv,auc_bce,0.0025853837932653,0.016397177997669,direct_unseen_bridgeable
assist_17,degree_matched_random_support,1.0,43,high_support_mass,19317,0.7966928677687488,0.0029953188504453,0.5612033179211829,0.0200096119723418,0.7996881866191942,0.5411937059488411,27.108911514282227,True,,,,,support_dependence_only,/home/zsh/ConceptSkillCDM/results/crg_lcrf_core3_final_20260520/crg_support_controls/assist_17/crg_support_corruption_control.csv,auc_bce,0.0029953188504453,0.0200096119723418,high_crg_mass
assist_17,degree_matched_random_support,1.0,43,query_seq_top5_q4_high,19249,0.7693826969118213,0.0012700593981217,0.5676053887722841,0.0178122366556821,0.770652756309943,0.549793152116602,27.108911514282227,True,,,,,support_dependence_only,/home/zsh/ConceptSkillCDM/results/crg_lcrf_core3_final_20260520/crg_support_controls/assist_17/crg_support_corruption_control.csv,auc_bce,0.0012700593981217,0.0178122366556821,high_seq_support
assist_17,degree_matched_random_support,1.0,43,multi_concept,33639,0.7657210941868775,0.0016153340199782,0.5827467785754805,0.0134035975129661,0.7673364282068558,0.5693431810625144,27.108911514282227,True,,,,,support_dependence_only,/home/zsh/ConceptSkillCDM/results/crg_lcrf_core3_final_20260520/crg_support_controls/assist_17/crg_support_corruption_control.csv,auc_bce,0.0016153340199782,0.0134035975129661,direct_seen
assist_17,degree_matched_random_support,1.0,43,direct_seen,73401,0.7840245159412189,0.0022914643678297,0.5646122792842607,0.0144192916995142,0.7863159803090487,0.5501929875847464,27.108911514282227,True,,,,,support_dependence_only,/home/zsh/ConceptSkillCDM/results/crg_lcrf_core3_final_20260520/crg_support_controls/assist_17/crg_support_corruption_control.csv,auc_bce,0.0022914643678297,0.0144192916995142,direct_seen
assist_17,degree_matched_random_support,1.0,43,direct_unseen,3860,0.7291849589616339,0.0066940255774002,0.6717719045146515,0.0540082744149893,0.7358789845390342,0.6177636300996622,27.108911514282227,True,,,,,support_dependence_only,/home/zsh/ConceptSkillCDM/results/crg_lcrf_core3_final_20260520/crg_support_controls/assist_17/crg_support_corruption_control.csv,auc_bce,0.0066940255774002,0.0540082744149893,direct_unseen
assist_17,degree_matched_random_support,1.0,43,direct_unseen_bridgeable,3860,0.7291849589616339,0.0066940255774002,0.6717719045146515,0.0540082744149893,0.7358789845390342,0.6177636300996622,27.108911514282227,True,,,,,support_dependence_only,/home/zsh/ConceptSkillCDM/results/crg_lcrf_core3_final_20260520/crg_support_controls/assist_17/crg_support_corruption_control.csv,auc_bce,0.0066940255774002,0.0540082744149893,direct_unseen_bridgeable
assist_17,degree_matched_random_support,1.0,43,high_seq_support,19249,0.7693826969118213,0.0012700593981217,0.5676053887722841,0.0178122366556821,0.770652756309943,0.549793152116602,27.108911514282227,True,,,,,support_dependence_only,/home/zsh/ConceptSkillCDM/results/crg_lcrf_core3_final_20260520/crg_support_controls/assist_17/crg_support_corruption_control.csv,auc_bce,0.0012700593981217,0.0178122366556821,high_seq_support
assist_17,degree_matched_random_support,1.0,43,high_crg_mass,19317,0.7966928677687488,0.0029953188504453,0.5612033179211829,0.0200096119723418,0.7996881866191942,0.5411937059488411,27.108911514282227,True,,,,,support_dependence_only,/home/zsh/ConceptSkillCDM/results/crg_lcrf_core3_final_20260520/crg_support_controls/assist_17/crg_support_corruption_control.csv,auc_bce,0.0029953188504453,0.0200096119723418,high_crg_mass
assist_17,degree_matched_random_support,1.0,43,short_history,38708,0.7700032779190561,0.0023414943999812,0.5826405770283337,0.0159638870032303,0.7723447723190373,0.5666766900251033,27.108911514282227,True,,,,,support_dependence_only,/home/zsh/ConceptSkillCDM/results/crg_lcrf_core3_final_20260520/crg_support_controls/assist_17/crg_support_corruption_control.csv,auc_bce,0.0023414943999812,0.0159638870032303,short_history
assist_17,degree_matched_random_support,1.0,43,long_history,38553,0.7926048033746604,0.0028602133543489,0.5572405262251404,0.0168322110122913,0.7954650167290094,0.540408315212849,27.108911514282227,True,,,,,support_dependence_only,/home/zsh/ConceptSkillCDM/results/crg_lcrf_core3_final_20260520/crg_support_controls/assist_17/crg_support_corruption_control.csv,auc_bce,0.0028602133543489,0.0168322110122913,long_history
assist_17,degree_matched_random_support,1.0,44,all,77261,0.7821035302594763,0.0021581100778508,0.5731593172540496,0.0195904650013907,0.7842616403373271,0.5535688522526588,27.20792007446289,True,,,,,support_dependence_only,/home/zsh/ConceptSkillCDM/results/crg_lcrf_core3_final_20260520/crg_support_controls/assist_17/crg_support_corruption_control.csv,auc_bce,0.0021581100778508,0.0195904650013907,all
assist_17,degree_matched_random_support,1.0,44,graph_hits_history,77261,0.7821035302594763,0.0021581100778508,0.5731593172540496,0.0195904650013907,0.7842616403373271,0.5535688522526588,27.20792007446289,True,,,,,support_dependence_only,/home/zsh/ConceptSkillCDM/results/crg_lcrf_core3_final_20260520/crg_support_controls/assist_17/crg_support_corruption_control.csv,auc_bce,0.0021581100778508,0.0195904650013907,direct_unseen_bridgeable
assist_17,degree_matched_random_support,1.0,44,high_support_mass,19317,0.7967841624053476,0.0029040242138466,0.562650220605235,0.0214565146563938,0.7996881866191942,0.5411937059488411,27.20792007446289,True,,,,,support_dependence_only,/home/zsh/ConceptSkillCDM/results/crg_lcrf_core3_final_20260520/crg_support_controls/assist_17/crg_support_corruption_control.csv,auc_bce,0.0029040242138466,0.0214565146563938,high_crg_mass
assist_17,degree_matched_random_support,1.0,44,query_seq_top5_q4_high,19249,0.7700197814642056,0.0006329748457374,0.5624442593681509,0.0126511072515489,0.770652756309943,0.549793152116602,27.20792007446289,True,,,,,support_dependence_only,/home/zsh/ConceptSkillCDM/results/crg_lcrf_core3_final_20260520/crg_support_controls/assist_17/crg_support_corruption_control.csv,auc_bce,0.0006329748457374,0.0126511072515489,high_seq_support
assist_17,degree_matched_random_support,1.0,44,multi_concept,33639,0.7662308042740935,0.0011056239327622,0.5833674138469297,0.0140242327844153,0.7673364282068558,0.5693431810625144,27.20792007446289,True,,,,,support_dependence_only,/home/zsh/ConceptSkillCDM/results/crg_lcrf_core3_final_20260520/crg_support_controls/assist_17/crg_support_corruption_control.csv,auc_bce,0.0011056239327622,0.0140242327844153,direct_seen
assist_17,degree_matched_random_support,1.0,44,direct_seen,73401,0.7840217254124535,0.0022942548965951,0.5683060284757836,0.0181130408910371,0.7863159803090487,0.5501929875847464,27.20792007446289,True,,,,,support_dependence_only,/home/zsh/ConceptSkillCDM/results/crg_lcrf_core3_final_20260520/crg_support_controls/assist_17/crg_support_corruption_control.csv,auc_bce,0.0022942548965951,0.0181130408910371,direct_seen
assist_17,degree_matched_random_support,1.0,44,direct_unseen,3860,0.7315707741390124,0.0043082104000218,0.665448501091742,0.0476848709920798,0.7358789845390342,0.6177636300996622,27.20792007446289,True,,,,,support_dependence_only,/home/zsh/ConceptSkillCDM/results/crg_lcrf_core3_final_20260520/crg_support_controls/assist_17/crg_support_corruption_control.csv,auc_bce,0.0043082104000218,0.0476848709920798,direct_unseen
assist_17,degree_matched_random_support,1.0,44,direct_unseen_bridgeable,3860,0.7315707741390124,0.0043082104000218,0.665448501091742,0.0476848709920798,0.7358789845390342,0.6177636300996622,27.20792007446289,True,,,,,support_dependence_only,/home/zsh/ConceptSkillCDM/results/crg_lcrf_core3_final_20260520/crg_support_controls/assist_17/crg_support_corruption_control.csv,auc_bce,0.0043082104000218,0.0476848709920798,direct_unseen_bridgeable
assist_17,degree_matched_random_support,1.0,44,high_seq_support,19249,0.7700197814642056,0.0006329748457374,0.5624442593681509,0.0126511072515489,0.770652756309943,0.549793152116602,27.20792007446289,True,,,,,support_dependence_only,/home/zsh/ConceptSkillCDM/results/crg_lcrf_core3_final_20260520/crg_support_controls/assist_17/crg_support_corruption_control.csv,auc_bce,0.0006329748457374,0.0126511072515489,high_seq_support
assist_17,degree_matched_random_support,1.0,44,high_crg_mass,19317,0.7967841624053476,0.0029040242138466,0.562650220605235,0.0214565146563938,0.7996881866191942,0.5411937059488411,27.20792007446289,True,,,,,support_dependence_only,/home/zsh/ConceptSkillCDM/results/crg_lcrf_core3_final_20260520/crg_support_controls/assist_17/crg_support_corruption_control.csv,auc_bce,0.0029040242138466,0.0214565146563938,high_crg_mass
assist_17,degree_matched_random_support,1.0,44,short_history,38708,0.7709630621636573,0.00138171015538,0.5867179924042775,0.0200413023791741,0.7723447723190373,0.5666766900251033,27.20792007446289,True,,,,,support_dependence_only,/home/zsh/ConceptSkillCDM/results/crg_lcrf_core3_final_20260520/crg_support_controls/assist_17/crg_support_corruption_control.csv,auc_bce,0.00138171015538,0.0200413023791741,short_history
assist_17,degree_matched_random_support,1.0,44,long_history,38553,0.7925559979388614,0.0029090187901479,0.5595461302721019,0.0191378150592528,0.7954650167290094,0.540408315212849,27.20792007446289,True,,,,,support_dependence_only,/home/zsh/ConceptSkillCDM/results/crg_lcrf_core3_final_20260520/crg_support_controls/assist_17/crg_support_corruption_control.csv,auc_bce,0.0029090187901479,0.0191378150592528,long_history
assist_17,degree_matched_random_support,1.0,45,all,77261,0.7807988425534926,0.0034627977838345,0.5721302876862031,0.0185614354335442,0.7842616403373271,0.5535688522526588,27.02970314025879,True,,,,,support_dependence_only,/home/zsh/ConceptSkillCDM/results/crg_lcrf_core3_final_20260520/crg_support_controls/assist_17/crg_support_corruption_control.csv,auc_bce,0.0034627977838345,0.0185614354335442,all
assist_17,degree_matched_random_support,1.0,45,graph_hits_history,77261,0.7807988425534926,0.0034627977838345,0.5721302876862031,0.0185614354335442,0.7842616403373271,0.5535688522526588,27.02970314025879,True,,,,,support_dependence_only,/home/zsh/ConceptSkillCDM/results/crg_lcrf_core3_final_20260520/crg_support_controls/assist_17/crg_support_corruption_control.csv,auc_bce,0.0034627977838345,0.0185614354335442,direct_unseen_bridgeable
assist_17,degree_matched_random_support,1.0,45,high_support_mass,19317,0.7956775602571685,0.0040106263620256,0.5636220334136769,0.0224283274648358,0.7996881866191942,0.5411937059488411,27.02970314025879,True,,,,,support_dependence_only,/home/zsh/ConceptSkillCDM/results/crg_lcrf_core3_final_20260520/crg_support_controls/assist_17/crg_support_corruption_control.csv,auc_bce,0.0040106263620256,0.0224283274648358,high_crg_mass
assist_17,degree_matched_random_support,1.0,45,query_seq_top5_q4_high,19249,0.7686413435574146,0.0020114127525283,0.5664332744954794,0.0166401223788774,0.770652756309943,0.549793152116602,27.02970314025879,True,,,,,support_dependence_only,/home/zsh/ConceptSkillCDM/results/crg_lcrf_core3_final_20260520/crg_support_controls/assist_17/crg_support_corruption_control.csv,auc_bce,0.0020114127525283,0.0166401223788774,high_seq_support
assist_17,degree_matched_random_support,1.0,45,multi_concept,33639,0.7648730465665242,0.0024633816403315,0.5845359472811735,0.0151927662186591,0.7673364282068558,0.5693431810625144,27.02970314025879,True,,,,,support_dependence_only,/home/zsh/ConceptSkillCDM/results/crg_lcrf_core3_final_20260520/crg_support_controls/assist_17/crg_support_corruption_control.csv,auc_bce,0.0024633816403315,0.0151927662186591,direct_seen
assist_17,degree_matched_random_support,1.0,45,direct_seen,73401,0.7829756549701579,0.0033403253388908,0.5670226187596418,0.0168296311748953,0.7863159803090487,0.5501929875847464,27.02970314025879,True,,,,,support_dependence_only,/home/zsh/ConceptSkillCDM/results/crg_lcrf_core3_final_20260520/crg_support_controls/assist_17/crg_support_corruption_control.csv,auc_bce,0.0033403253388908,0.0168296311748953,direct_seen
assist_17,degree_matched_random_support,1.0,45,direct_unseen,3860,0.7287954353338968,0.0070835492051374,0.6692567143386714,0.0514930842390092,0.7358789845390342,0.6177636300996622,27.02970314025879,True,,,,,support_dependence_only,/home/zsh/ConceptSkillCDM/results/crg_lcrf_core3_final_20260520/crg_support_controls/assist_17/crg_support_corruption_control.csv,auc_bce,0.0070835492051374,0.0514930842390092,direct_unseen
assist_17,degree_matched_random_support,1.0,45,direct_unseen_bridgeable,3860,0.7287954353338968,0.0070835492051374,0.6692567143386714,0.0514930842390092,0.7358789845390342,0.6177636300996622,27.02970314025879,True,,,,,support_dependence_only,/home/zsh/ConceptSkillCDM/results/crg_lcrf_core3_final_20260520/crg_support_controls/assist_17/crg_support_corruption_control.csv,auc_bce,0.0070835492051374,0.0514930842390092,direct_unseen_bridgeable
assist_17,degree_matched_random_support,1.0,45,high_seq_support,19249,0.7686413435574146,0.0020114127525283,0.5664332744954794,0.0166401223788774,0.770652756309943,0.549793152116602,27.02970314025879,True,,,,,support_dependence_only,/home/zsh/ConceptSkillCDM/results/crg_lcrf_core3_final_20260520/crg_support_controls/assist_17/crg_support_corruption_control.csv,auc_bce,0.0020114127525283,0.0166401223788774,high_seq_support
assist_17,degree_matched_random_support,1.0,45,high_crg_mass,19317,0.7956775602571685,0.0040106263620256,0.5636220334136769,0.0224283274648358,0.7996881866191942,0.5411937059488411,27.02970314025879,True,,,,,support_dependence_only,/home/zsh/ConceptSkillCDM/results/crg_lcrf_core3_final_20260520/crg_support_controls/assist_17/crg_support_corruption_control.csv,auc_bce,0.0040106263620256,0.0224283274648358,high_crg_mass
assist_17,degree_matched_random_support,1.0,45,short_history,38708,0.7690861980275108,0.0032585742915265,0.5846012559413676,0.0179245659162642,0.7723447723190373,0.5666766900251033,27.02970314025879,True,,,,,support_dependence_only,/home/zsh/ConceptSkillCDM/results/crg_lcrf_core3_final_20260520/crg_support_controls/assist_17/crg_support_corruption_control.csv,auc_bce,0.0032585742915265,0.0179245659162642,short_history
assist_17,degree_matched_random_support,1.0,45,long_history,38553,0.7917278733333909,0.0037371433956184,0.5596091806589704,0.0192008654461213,0.7954650167290094,0.540408315212849,27.02970314025879,True,,,,,support_dependence_only,/home/zsh/ConceptSkillCDM/results/crg_lcrf_core3_final_20260520/crg_support_controls/assist_17/crg_support_corruption_control.csv,auc_bce,0.0037371433956184,0.0192008654461213,long_history
assist_17,degree_matched_random_support,1.0,46,all,77261,0.7793430455145376,0.0049185948227895,0.5705859087479191,0.0170170564952603,0.7842616403373271,0.5535688522526588,27.069307327270508,True,,,,,support_dependence_only,/home/zsh/ConceptSkillCDM/results/crg_lcrf_core3_final_20260520/crg_support_controls/assist_17/crg_support_corruption_control.csv,auc_bce,0.0049185948227895,0.0170170564952603,all
assist_17,degree_matched_random_support,1.0,46,graph_hits_history,77261,0.7793430455145376,0.0049185948227895,0.5705859087479191,0.0170170564952603,0.7842616403373271,0.5535688522526588,27.069307327270508,True,,,,,support_dependence_only,/home/zsh/ConceptSkillCDM/results/crg_lcrf_core3_final_20260520/crg_support_controls/assist_17/crg_support_corruption_control.csv,auc_bce,0.0049185948227895,0.0170170564952603,direct_unseen_bridgeable
assist_17,degree_matched_random_support,1.0,46,high_support_mass,19317,0.7949458218820515,0.0047423647371426,0.5622778938873734,0.0210841879385322,0.7996881866191942,0.5411937059488411,27.069307327270508,True,,,,,support_dependence_only,/home/zsh/ConceptSkillCDM/results/crg_lcrf_core3_final_20260520/crg_support_controls/assist_17/crg_support_corruption_control.csv,auc_bce,0.0047423647371426,0.0210841879385322,high_crg_mass
assist_17,degree_matched_random_support,1.0,46,query_seq_top5_q4_high,19249,0.7698424753443323,0.0008102809656107,0.5675997288011885,0.0178065766845865,0.770652756309943,0.549793152116602,27.069307327270508,True,,,,,support_dependence_only,/home/zsh/ConceptSkillCDM/results/crg_lcrf_core3_final_20260520/crg_support_controls/assist_17/crg_support_corruption_control.csv,auc_bce,0.0008102809656107,0.0178065766845865,high_seq_support
assist_17,degree_matched_random_support,1.0,46,multi_concept,33639,0.7648035657192075,0.0025328624876482,0.5830126807791782,0.0136694997166638,0.7673364282068558,0.5693431810625144,27.069307327270508,True,,,,,support_dependence_only,/home/zsh/ConceptSkillCDM/results/crg_lcrf_core3_final_20260520/crg_support_controls/assist_17/crg_support_corruption_control.csv,auc_bce,0.0025328624876482,0.0136694997166638,direct_seen
assist_17,degree_matched_random_support,1.0,46,direct_seen,73401,0.78167105780965,0.0046449224993987,0.5652911683518627,0.0150981807671162,0.7863159803090487,0.5501929875847464,27.069307327270508,True,,,,,support_dependence_only,/home/zsh/ConceptSkillCDM/results/crg_lcrf_core3_final_20260520/crg_support_controls/assist_17/crg_support_corruption_control.csv,auc_bce,0.0046449224993987,0.0150981807671162,direct_seen
assist_17,degree_matched_random_support,1.0,46,direct_unseen,3860,0.7297709486543233,0.0061080358847108,0.6712696496315818,0.0535060195319195,0.7358789845390342,0.6177636300996622,27.069307327270508,True,,,,,support_dependence_only,/home/zsh/ConceptSkillCDM/results/crg_lcrf_core3_final_20260520/crg_support_controls/assist_17/crg_support_corruption_control.csv,auc_bce,0.0061080358847108,0.0535060195319195,direct_unseen
assist_17,degree_matched_random_support,1.0,46,direct_unseen_bridgeable,3860,0.7297709486543233,0.0061080358847108,0.6712696496315818,0.0535060195319195,0.7358789845390342,0.6177636300996622,27.069307327270508,True,,,,,support_dependence_only,/home/zsh/ConceptSkillCDM/results/crg_lcrf_core3_final_20260520/crg_support_controls/assist_17/crg_support_corruption_control.csv,auc_bce,0.0061080358847108,0.0535060195319195,direct_unseen_bridgeable
assist_17,degree_matched_random_support,1.0,46,high_seq_support,19249,0.7698424753443323,0.0008102809656107,0.5675997288011885,0.0178065766845865,0.770652756309943,0.549793152116602,27.069307327270508,True,,,,,support_dependence_only,/home/zsh/ConceptSkillCDM/results/crg_lcrf_core3_final_20260520/crg_support_controls/assist_17/crg_support_corruption_control.csv,auc_bce,0.0008102809656107,0.0178065766845865,high_seq_support
assist_17,degree_matched_random_support,1.0,46,high_crg_mass,19317,0.7949458218820515,0.0047423647371426,0.5622778938873734,0.0210841879385322,0.7996881866191942,0.5411937059488411,27.069307327270508,True,,,,,support_dependence_only,/home/zsh/ConceptSkillCDM/results/crg_lcrf_core3_final_20260520/crg_support_controls/assist_17/crg_support_corruption_control.csv,auc_bce,0.0047423647371426,0.0210841879385322,high_crg_mass
assist_17,degree_matched_random_support,1.0,46,short_history,38708,0.7670119604005159,0.0053328119185214,0.5828896015594197,0.0162129115343163,0.7723447723190373,0.5666766900251033,27.069307327270508,True,,,,,support_dependence_only,/home/zsh/ConceptSkillCDM/results/crg_lcrf_core3_final_20260520/crg_support_controls/assist_17/crg_support_corruption_control.csv,auc_bce,0.0053328119185214,0.0162129115343163,short_history
assist_17,degree_matched_random_support,1.0,46,long_history,38553,0.7909418442414563,0.004523172487553,0.5582327496851339,0.0178244344722848,0.7954650167290094,0.540408315212849,27.069307327270508,True,,,,,support_dependence_only,/home/zsh/ConceptSkillCDM/results/crg_lcrf_core3_final_20260520/crg_support_controls/assist_17/crg_support_corruption_control.csv,auc_bce,0.004523172487553,0.0178244344722848,long_history
assist_17,sequence_shuffled_support,0.0,42,all,77261,0.7842616403373271,0.0,0.5535688522526588,0.0,0.7842616403373271,0.5535688522526588,25.8217830657959,True,,,,,weak,/home/zsh/ConceptSkillCDM/results/crg_lcrf_core3_final_20260520/crg_support_controls/assist_17/crg_support_corruption_control.csv,auc_bce,0.0,-1.5717427359618341e-12,all
assist_17,sequence_shuffled_support,0.0,42,graph_hits_history,77261,0.7842616403373271,0.0,0.5535688522526588,0.0,0.7842616403373271,0.5535688522526588,25.8217830657959,True,,,,,weak,/home/zsh/ConceptSkillCDM/results/crg_lcrf_core3_final_20260520/crg_support_controls/assist_17/crg_support_corruption_control.csv,auc_bce,0.0,-1.5717427359618341e-12,direct_unseen_bridgeable
assist_17,sequence_shuffled_support,0.0,42,high_support_mass,19317,0.7996881866191942,0.0,0.5411937059488411,0.0,0.7996881866191942,0.5411937059488411,25.8217830657959,True,,,,,weak,/home/zsh/ConceptSkillCDM/results/crg_lcrf_core3_final_20260520/crg_support_controls/assist_17/crg_support_corruption_control.csv,auc_bce,0.0,0.0,high_crg_mass
assist_17,sequence_shuffled_support,0.0,42,query_seq_top5_q4_high,19249,0.770652756309943,0.0,0.549793152116602,0.0,0.770652756309943,0.549793152116602,25.8217830657959,True,,,,,weak,/home/zsh/ConceptSkillCDM/results/crg_lcrf_core3_final_20260520/crg_support_controls/assist_17/crg_support_corruption_control.csv,auc_bce,0.0,0.0,high_seq_support
assist_17,sequence_shuffled_support,0.0,42,multi_concept,33639,0.7673364282068558,0.0,0.5693431810625144,0.0,0.7673364282068558,0.5693431810625144,25.8217830657959,True,,,,,weak,/home/zsh/ConceptSkillCDM/results/crg_lcrf_core3_final_20260520/crg_support_controls/assist_17/crg_support_corruption_control.csv,auc_bce,0.0,-3.6096681199637723e-12,direct_seen
assist_17,sequence_shuffled_support,0.0,42,direct_seen,73401,0.7863159803090487,0.0,0.5501929875847464,0.0,0.7863159803090487,0.5501929875847464,25.8217830657959,True,,,,,weak,/home/zsh/ConceptSkillCDM/results/crg_lcrf_core3_final_20260520/crg_support_controls/assist_17/crg_support_corruption_control.csv,auc_bce,0.0,-1.654343328993946e-12,direct_seen
assist_17,sequence_shuffled_support,0.0,42,direct_unseen,3860,0.7358789845390342,0.0,0.6177636300996622,0.0,0.7358789845390342,0.6177636300996622,25.8217830657959,True,,,,,weak,/home/zsh/ConceptSkillCDM/results/crg_lcrf_core3_final_20260520/crg_support_controls/assist_17/crg_support_corruption_control.csv,auc_bce,0.0,0.0,direct_unseen
assist_17,sequence_shuffled_support,0.0,42,direct_unseen_bridgeable,3860,0.7358789845390342,0.0,0.6177636300996622,0.0,0.7358789845390342,0.6177636300996622,25.8217830657959,True,,,,,weak,/home/zsh/ConceptSkillCDM/results/crg_lcrf_core3_final_20260520/crg_support_controls/assist_17/crg_support_corruption_control.csv,auc_bce,0.0,0.0,direct_unseen_bridgeable
assist_17,sequence_shuffled_support,0.0,42,high_seq_support,19249,0.770652756309943,0.0,0.549793152116602,0.0,0.770652756309943,0.549793152116602,25.8217830657959,True,,,,,weak,/home/zsh/ConceptSkillCDM/results/crg_lcrf_core3_final_20260520/crg_support_controls/assist_17/crg_support_corruption_control.csv,auc_bce,0.0,0.0,high_seq_support
assist_17,sequence_shuffled_support,0.0,42,high_crg_mass,19317,0.7996881866191942,0.0,0.5411937059488411,0.0,0.7996881866191942,0.5411937059488411,25.8217830657959,True,,,,,weak,/home/zsh/ConceptSkillCDM/results/crg_lcrf_core3_final_20260520/crg_support_controls/assist_17/crg_support_corruption_control.csv,auc_bce,0.0,0.0,high_crg_mass
assist_17,sequence_shuffled_support,0.0,42,short_history,38708,0.7723447723190373,0.0,0.5666766900251033,0.0,0.7723447723190373,0.5666766900251033,25.8217830657959,True,,,,,weak,/home/zsh/ConceptSkillCDM/results/crg_lcrf_core3_final_20260520/crg_support_controls/assist_17/crg_support_corruption_control.csv,auc_bce,0.0,0.0,short_history
assist_17,sequence_shuffled_support,0.0,42,long_history,38553,0.7954650167290094,0.0,0.540408315212849,0.0,0.7954650167290094,0.540408315212849,25.8217830657959,True,,,,,weak,/home/zsh/ConceptSkillCDM/results/crg_lcrf_core3_final_20260520/crg_support_controls/assist_17/crg_support_corruption_control.csv,auc_bce,0.0,-3.1495916985591066e-12,long_history
assist_17,sequence_shuffled_support,0.25,42,all,77261,0.7841967744113896,6.48659259375739e-05,0.5536230245363805,5.417228372162075e-05,0.7842616403373271,0.5535688522526588,26.41584205627441,True,,,,,weak,/home/zsh/ConceptSkillCDM/results/crg_lcrf_core3_final_20260520/crg_support_controls/assist_17/crg_support_corruption_control.csv,auc_bce,0.0001654714403594,9.888169616012464e-05,all
assist_17,sequence_shuffled_support,0.25,42,graph_hits_history,77261,0.7841967744113896,6.48659259375739e-05,0.5536230245363805,5.417228372162075e-05,0.7842616403373271,0.5535688522526588,26.41584205627441,True,,,,,weak,/home/zsh/ConceptSkillCDM/results/crg_lcrf_core3_final_20260520/crg_support_controls/assist_17/crg_support_corruption_control.csv,auc_bce,0.0001654714403594,9.888169616012464e-05,direct_unseen_bridgeable
assist_17,sequence_shuffled_support,0.25,42,high_support_mass,19317,0.7996152874131098,7.289920608433142e-05,0.5412710725292073,7.736658036616717e-05,0.7996881866191942,0.5411937059488411,26.41584205627441,True,,,,,weak,/home/zsh/ConceptSkillCDM/results/crg_lcrf_core3_final_20260520/crg_support_controls/assist_17/crg_support_corruption_control.csv,auc_bce,6.931328882875398e-05,0.0001444271820694,high_crg_mass
assist_17,sequence_shuffled_support,0.25,42,query_seq_top5_q4_high,19249,0.7706435194727503,9.236837192672098e-06,0.5498289942020882,3.584208548623735e-05,0.770652756309943,0.549793152116602,26.41584205627441,True,,,,,weak,/home/zsh/ConceptSkillCDM/results/crg_lcrf_core3_final_20260520/crg_support_controls/assist_17/crg_support_corruption_control.csv,auc_bce,0.0001711787130227,3.366937796867031e-05,high_seq_support
assist_17,sequence_shuffled_support,0.25,42,multi_concept,33639,0.7673500947439964,-1.366653714063304e-05,0.5693344505277989,-8.730534715506444e-06,0.7673364282068558,0.5693431810625144,26.41584205627441,True,,,,,weak,/home/zsh/ConceptSkillCDM/results/crg_lcrf_core3_final_20260520/crg_support_controls/assist_17/crg_support_corruption_control.csv,auc_bce,0.0001440700255681,0.0001867286160122,direct_seen
assist_17,sequence_shuffled_support,0.25,42,direct_seen,73401,0.7863043416330976,1.16386759511089e-05,0.5501945358351752,1.5482504287511745e-06,0.7863159803090487,0.5501929875847464,26.41584205627441,True,,,,,weak,/home/zsh/ConceptSkillCDM/results/crg_lcrf_core3_final_20260520/crg_support_controls/assist_17/crg_support_corruption_control.csv,auc_bce,0.0001485769347192,0.0001126849358745,direct_seen
assist_17,sequence_shuffled_support,0.25,42,direct_unseen,3860,0.734994819076705,0.0008841654623291,0.6188184906392743,0.0010548605396121,0.7358789845390342,0.6177636300996622,26.41584205627441,True,,,,,weak,/home/zsh/ConceptSkillCDM/results/crg_lcrf_core3_final_20260520/crg_support_controls/assist_17/crg_support_corruption_control.csv,auc_bce,0.0019804760995828,-0.000163597992511,direct_unseen
assist_17,sequence_shuffled_support,0.25,42,direct_unseen_bridgeable,3860,0.734994819076705,0.0008841654623291,0.6188184906392743,0.0010548605396121,0.7358789845390342,0.6177636300996622,26.41584205627441,True,,,,,weak,/home/zsh/ConceptSkillCDM/results/crg_lcrf_core3_final_20260520/crg_support_controls/assist_17/crg_support_corruption_control.csv,auc_bce,0.0019804760995828,-0.000163597992511,direct_unseen_bridgeable
assist_17,sequence_shuffled_support,0.25,42,high_seq_support,19249,0.7706435194727503,9.236837192672098e-06,0.5498289942020882,3.584208548623735e-05,0.770652756309943,0.549793152116602,26.41584205627441,True,,,,,weak,/home/zsh/ConceptSkillCDM/results/crg_lcrf_core3_final_20260520/crg_support_controls/assist_17/crg_support_corruption_control.csv,auc_bce,0.0001711787130227,3.366937796867031e-05,high_seq_support
assist_17,sequence_shuffled_support,0.25,42,high_crg_mass,19317,0.7996152874131098,7.289920608433142e-05,0.5412710725292073,7.736658036616717e-05,0.7996881866191942,0.5411937059488411,26.41584205627441,True,,,,,weak,/home/zsh/ConceptSkillCDM/results/crg_lcrf_core3_final_20260520/crg_support_controls/assist_17/crg_support_corruption_control.csv,auc_bce,6.931328882875398e-05,0.0001444271820694,high_crg_mass
assist_17,sequence_shuffled_support,0.25,42,short_history,38708,0.7722738078116449,7.096450739241256e-05,0.5667462860494681,6.959602436473755e-05,0.7723447723190373,0.5666766900251033,26.41584205627441,True,,,,,weak,/home/zsh/ConceptSkillCDM/results/crg_lcrf_core3_final_20260520/crg_support_controls/assist_17/crg_support_corruption_control.csv,auc_bce,-8.428568786178481e-05,-0.0001468576419063,short_history
assist_17,sequence_shuffled_support,0.25,42,long_history,38553,0.7954119520947583,5.306463425103214e-05,0.540447001745713,3.868653286398516e-05,0.7954650167290094,0.540408315212849,26.41584205627441,True,,,,,weak,/home/zsh/ConceptSkillCDM/results/crg_lcrf_core3_final_20260520/crg_support_controls/assist_17/crg_support_corruption_control.csv,auc_bce,0.0003827034899792,0.0003456090143425,long_history
assist_17,sequence_shuffled_support,0.25,43,all,77261,0.7842132570184781,4.8383318849043455e-05,0.5536006774673347,3.1825214675818e-05,0.7842616403373271,0.5535688522526588,26.386138916015625,True,,,,,weak,/home/zsh/ConceptSkillCDM/results/crg_lcrf_core3_final_20260520/crg_support_controls/assist_17/crg_support_corruption_control.csv,auc_bce,0.0005287521966631,0.0003876517179272,all
assist_17,sequence_shuffled_support,0.25,43,graph_hits_history,77261,0.7842132570184781,4.8383318849043455e-05,0.5536006774673347,3.1825214675818e-05,0.7842616403373271,0.5535688522526588,26.386138916015625,True,,,,,weak,/home/zsh/ConceptSkillCDM/results/crg_lcrf_core3_final_20260520/crg_support_controls/assist_17/crg_support_corruption_control.csv,auc_bce,0.0005287521966631,0.0003876517179272,direct_unseen_bridgeable
assist_17,sequence_shuffled_support,0.25,43,high_support_mass,19317,0.7996278922914393,6.029432775489507e-05,0.5412447840081582,5.1078059317144486e-05,0.7996881866191942,0.5411937059488411,26.386138916015625,True,,,,,weak,/home/zsh/ConceptSkillCDM/results/crg_lcrf_core3_final_20260520/crg_support_controls/assist_17/crg_support_corruption_control.csv,auc_bce,0.0004198881601158,0.0004142478034907,high_crg_mass
assist_17,sequence_shuffled_support,0.25,43,query_seq_top5_q4_high,19249,0.7706759798678104,-2.3223557867435574e-05,0.5497770691885224,-1.608292807953049e-05,0.770652756309943,0.549793152116602,26.386138916015625,True,,,,,weak,/home/zsh/ConceptSkillCDM/results/crg_lcrf_core3_final_20260520/crg_support_controls/assist_17/crg_support_corruption_control.csv,auc_bce,0.0010494898990955,0.0008510056754161,high_seq_support
assist_17,sequence_shuffled_support,0.25,43,multi_concept,33639,0.7673321877351689,4.240471686900449e-06,0.5693468183187897,3.637256275390577e-06,0.7673364282068558,0.5693431810625144,26.386138916015625,True,,,,,weak,/home/zsh/ConceptSkillCDM/results/crg_lcrf_core3_final_20260520/crg_support_controls/assist_17/crg_support_corruption_control.csv,auc_bce,0.0001172741974879,0.0002185938284641,direct_seen
assist_17,sequence_shuffled_support,0.25,43,direct_seen,73401,0.7862948002032841,2.1180105764573295e-05,0.5502024810735732,9.493488826728402e-06,0.7863159803090487,0.5501929875847464,26.386138916015625,True,,,,,weak,/home/zsh/ConceptSkillCDM/results/crg_lcrf_core3_final_20260520/crg_support_controls/assist_17/crg_support_corruption_control.csv,auc_bce,0.0004735082524613,0.0003647770589065,direct_seen
assist_17,sequence_shuffled_support,0.25,43,direct_unseen,3860,0.7353990674338069,0.0004799171052273,0.6182201110161631,0.0004564809165009,0.7358789845390342,0.6177636300996622,26.386138916015625,True,,,,,weak,/home/zsh/ConceptSkillCDM/results/crg_lcrf_core3_final_20260520/crg_support_controls/assist_17/crg_support_corruption_control.csv,auc_bce,0.0017367000245411,0.0008226317300457,direct_unseen
assist_17,sequence_shuffled_support,0.25,43,direct_unseen_bridgeable,3860,0.7353990674338069,0.0004799171052273,0.6182201110161631,0.0004564809165009,0.7358789845390342,0.6177636300996622,26.386138916015625,True,,,,,weak,/home/zsh/ConceptSkillCDM/results/crg_lcrf_core3_final_20260520/crg_support_controls/assist_17/crg_support_corruption_control.csv,auc_bce,0.0017367000245411,0.0008226317300457,direct_unseen_bridgeable
assist_17,sequence_shuffled_support,0.25,43,high_seq_support,19249,0.7706759798678104,-2.3223557867435574e-05,0.5497770691885224,-1.608292807953049e-05,0.770652756309943,0.549793152116602,26.386138916015625,True,,,,,weak,/home/zsh/ConceptSkillCDM/results/crg_lcrf_core3_final_20260520/crg_support_controls/assist_17/crg_support_corruption_control.csv,auc_bce,0.0010494898990955,0.0008510056754161,high_seq_support
assist_17,sequence_shuffled_support,0.25,43,high_crg_mass,19317,0.7996278922914393,6.029432775489507e-05,0.5412447840081582,5.1078059317144486e-05,0.7996881866191942,0.5411937059488411,26.386138916015625,True,,,,,weak,/home/zsh/ConceptSkillCDM/results/crg_lcrf_core3_final_20260520/crg_support_controls/assist_17/crg_support_corruption_control.csv,auc_bce,0.0004198881601158,0.0004142478034907,high_crg_mass
assist_17,sequence_shuffled_support,0.25,43,short_history,38708,0.7722964407412793,4.833157775796515e-05,0.5667078730486887,3.118302358540159e-05,0.7723447723190373,0.5666766900251033,26.386138916015625,True,,,,,weak,/home/zsh/ConceptSkillCDM/results/crg_lcrf_core3_final_20260520/crg_support_controls/assist_17/crg_support_corruption_control.csv,auc_bce,0.000648809301363,0.0003923683001183,short_history
assist_17,sequence_shuffled_support,0.25,43,long_history,38553,0.7954213699155526,4.364681345681021e-05,0.5404407852005056,3.2469987656602584e-05,0.7954650167290094,0.540408315212849,26.386138916015625,True,,,,,weak,/home/zsh/ConceptSkillCDM/results/crg_lcrf_core3_final_20260520/crg_support_controls/assist_17/crg_support_corruption_control.csv,auc_bce,0.0003945032712902,0.0003829161730032,long_history
assist_17,sequence_shuffled_support,0.25,44,all,77261,0.7842532644825826,8.37585474455782e-06,0.5535740464631352,5.1942104764002295e-06,0.7842616403373271,0.5535688522526588,26.49505043029785,True,,,,,weak,/home/zsh/ConceptSkillCDM/results/crg_lcrf_core3_final_20260520/crg_support_controls/assist_17/crg_support_corruption_control.csv,auc_bce,0.0003106230979333,0.0002760068475992,all
assist_17,sequence_shuffled_support,0.25,44,graph_hits_history,77261,0.7842532644825826,8.37585474455782e-06,0.5535740464631352,5.1942104764002295e-06,0.7842616403373271,0.5535688522526588,26.49505043029785,True,,,,,weak,/home/zsh/ConceptSkillCDM/results/crg_lcrf_core3_final_20260520/crg_support_controls/assist_17/crg_support_corruption_control.csv,auc_bce,0.0003106230979333,0.0002760068475992,direct_unseen_bridgeable
assist_17,sequence_shuffled_support,0.25,44,high_support_mass,19317,0.7996622997633556,2.5886855838597175e-05,0.5412145103374142,2.080438857310352e-05,0.7996881866191942,0.5411937059488411,26.49505043029785,True,,,,,weak,/home/zsh/ConceptSkillCDM/results/crg_lcrf_core3_final_20260520/crg_support_controls/assist_17/crg_support_corruption_control.csv,auc_bce,0.000316562825292,0.0003678828253773,high_crg_mass
assist_17,sequence_shuffled_support,0.25,44,query_seq_top5_q4_high,19249,0.7706562487032133,-3.4923932702435323e-06,0.549787201140394,-5.950976207924619e-06,0.770652756309943,0.549793152116602,26.49505043029785,True,,,,,weak,/home/zsh/ConceptSkillCDM/results/crg_lcrf_core3_final_20260520/crg_support_controls/assist_17/crg_support_corruption_control.csv,auc_bce,0.0007259776786342,0.0005062592208331,high_seq_support
assist_17,sequence_shuffled_support,0.25,44,multi_concept,33639,0.767334780532052,1.647674803817445e-06,0.5693485499422835,5.368879769096502e-06,0.7673364282068558,0.5693431810625144,26.49505043029785,True,,,,,weak,/home/zsh/ConceptSkillCDM/results/crg_lcrf_core3_final_20260520/crg_support_controls/assist_17/crg_support_corruption_control.csv,auc_bce,0.0001558085855393,0.0001580068238241,direct_seen
assist_17,sequence_shuffled_support,0.25,44,direct_seen,73401,0.7863183105405103,-2.3302314615669677e-06,0.5501906176437693,-2.3699409771316127e-06,0.7863159803090487,0.5501929875847464,26.49505043029785,True,,,,,weak,/home/zsh/ConceptSkillCDM/results/crg_lcrf_core3_final_20260520/crg_support_controls/assist_17/crg_support_corruption_control.csv,auc_bce,0.0003317155024077,0.0002858635253442,direct_seen
assist_17,sequence_shuffled_support,0.25,44,direct_unseen,3860,0.7357078777302102,0.000171106808824,0.6179126627248649,0.0001490326252027,0.7358789845390342,0.6177636300996622,26.49505043029785,True,,,,,weak,/home/zsh/ConceptSkillCDM/results/crg_lcrf_core3_final_20260520/crg_support_controls/assist_17/crg_support_corruption_control.csv,auc_bce,0.0011512556921987,8.857420429331242e-05,direct_unseen
assist_17,sequence_shuffled_support,0.25,44,direct_unseen_bridgeable,3860,0.7357078777302102,0.000171106808824,0.6179126627248649,0.0001490326252027,0.7358789845390342,0.6177636300996622,26.49505043029785,True,,,,,weak,/home/zsh/ConceptSkillCDM/results/crg_lcrf_core3_final_20260520/crg_support_controls/assist_17/crg_support_corruption_control.csv,auc_bce,0.0011512556921987,8.857420429331242e-05,direct_unseen_bridgeable
assist_17,sequence_shuffled_support,0.25,44,high_seq_support,19249,0.7706562487032133,-3.4923932702435323e-06,0.549787201140394,-5.950976207924619e-06,0.770652756309943,0.549793152116602,26.49505043029785,True,,,,,weak,/home/zsh/ConceptSkillCDM/results/crg_lcrf_core3_final_20260520/crg_support_controls/assist_17/crg_support_corruption_control.csv,auc_bce,0.0007259776786342,0.0005062592208331,high_seq_support
assist_17,sequence_shuffled_support,0.25,44,high_crg_mass,19317,0.7996622997633556,2.5886855838597175e-05,0.5412145103374142,2.080438857310352e-05,0.7996881866191942,0.5411937059488411,26.49505043029785,True,,,,,weak,/home/zsh/ConceptSkillCDM/results/crg_lcrf_core3_final_20260520/crg_support_controls/assist_17/crg_support_corruption_control.csv,auc_bce,0.000316562825292,0.0003678828253773,high_crg_mass
assist_17,sequence_shuffled_support,0.25,44,short_history,38708,0.7723392502509063,5.522068130980884e-06,0.5666753484027313,-1.3416223720863485e-06,0.7723447723190373,0.5666766900251033,26.49505043029785,True,,,,,weak,/home/zsh/ConceptSkillCDM/results/crg_lcrf_core3_final_20260520/crg_support_controls/assist_17/crg_support_corruption_control.csv,auc_bce,0.0004717687772022,0.0004297700300085,short_history
assist_17,sequence_shuffled_support,0.25,44,long_history,38553,0.795456254910043,8.761818966362966e-06,0.5404200715330939,1.1756320244860063e-05,0.7954650167290094,0.540408315212849,26.49505043029785,True,,,,,weak,/home/zsh/ConceptSkillCDM/results/crg_lcrf_core3_final_20260520/crg_support_controls/assist_17/crg_support_corruption_control.csv,auc_bce,0.0001197554029108,0.0001216254696341,long_history
assist_17,sequence_shuffled_support,0.25,45,all,77261,0.7842365212782261,2.511905910107526e-05,0.5535879844200374,1.913216737858825e-05,0.7842616403373271,0.5535688522526588,26.465347290039062,True,,,,,weak,/home/zsh/ConceptSkillCDM/results/crg_lcrf_core3_final_20260520/crg_support_controls/assist_17/crg_support_corruption_control.csv,auc_bce,0.0004136025650118,0.0004144560148889,all
assist_17,sequence_shuffled_support,0.25,45,graph_hits_history,77261,0.7842365212782261,2.511905910107526e-05,0.5535879844200374,1.913216737858825e-05,0.7842616403373271,0.5535688522526588,26.465347290039062,True,,,,,weak,/home/zsh/ConceptSkillCDM/results/crg_lcrf_core3_final_20260520/crg_support_controls/assist_17/crg_support_corruption_control.csv,auc_bce,0.0004136025650118,0.0004144560148889,direct_unseen_bridgeable
assist_17,sequence_shuffled_support,0.25,45,high_support_mass,19317,0.7996575925698581,3.059404933603016e-05,0.541224422433084,3.0716484242909736e-05,0.7996881866191942,0.5411937059488411,26.465347290039062,True,,,,,weak,/home/zsh/ConceptSkillCDM/results/crg_lcrf_core3_final_20260520/crg_support_controls/assist_17/crg_support_corruption_control.csv,auc_bce,0.0001715769321387,0.0001572993587206,high_crg_mass
assist_17,sequence_shuffled_support,0.25,45,query_seq_top5_q4_high,19249,0.7706581806654478,-5.4243555047683856e-06,0.5497909326601634,-2.219456438523615e-06,0.770652756309943,0.549793152116602,26.465347290039062,True,,,,,weak,/home/zsh/ConceptSkillCDM/results/crg_lcrf_core3_final_20260520/crg_support_controls/assist_17/crg_support_corruption_control.csv,auc_bce,0.0002359165954756,7.323056004160389e-05,high_seq_support
assist_17,sequence_shuffled_support,0.25,45,multi_concept,33639,0.7673300387503648,6.389456491007195e-06,0.569349267702884,6.086640369606933e-06,0.7673364282068558,0.5693431810625144,26.465347290039062,True,,,,,weak,/home/zsh/ConceptSkillCDM/results/crg_lcrf_core3_final_20260520/crg_support_controls/assist_17/crg_support_corruption_control.csv,auc_bce,0.0002826256411333,0.0003740570595427,direct_seen
assist_17,sequence_shuffled_support,0.25,45,direct_seen,73401,0.7863045477645936,1.1432544455125536e-05,0.5501982593537026,5.271768956149892e-06,0.7863159803090487,0.5501929875847464,26.465347290039062,True,,,,,weak,/home/zsh/ConceptSkillCDM/results/crg_lcrf_core3_final_20260520/crg_support_controls/assist_17/crg_support_corruption_control.csv,auc_bce,0.0004433737188682,0.0004307800217032,direct_seen
assist_17,sequence_shuffled_support,0.25,45,direct_unseen,3860,0.7357258746216562,0.000153109917378,0.6180463288744523,0.0002826987747901,0.7358789845390342,0.6177636300996622,26.465347290039062,True,,,,,weak,/home/zsh/ConceptSkillCDM/results/crg_lcrf_core3_final_20260520/crg_support_controls/assist_17/crg_support_corruption_control.csv,auc_bce,0.0006953344422327,0.0001040419153603,direct_unseen
assist_17,sequence_shuffled_support,0.25,45,direct_unseen_bridgeable,3860,0.7357258746216562,0.000153109917378,0.6180463288744523,0.0002826987747901,0.7358789845390342,0.6177636300996622,26.465347290039062,True,,,,,weak,/home/zsh/ConceptSkillCDM/results/crg_lcrf_core3_final_20260520/crg_support_controls/assist_17/crg_support_corruption_control.csv,auc_bce,0.0006953344422327,0.0001040419153603,direct_unseen_bridgeable
assist_17,sequence_shuffled_support,0.25,45,high_seq_support,19249,0.7706581806654478,-5.4243555047683856e-06,0.5497909326601634,-2.219456438523615e-06,0.770652756309943,0.549793152116602,26.465347290039062,True,,,,,weak,/home/zsh/ConceptSkillCDM/results/crg_lcrf_core3_final_20260520/crg_support_controls/assist_17/crg_support_corruption_control.csv,auc_bce,0.0002359165954756,7.323056004160389e-05,high_seq_support
assist_17,sequence_shuffled_support,0.25,45,high_crg_mass,19317,0.7996575925698581,3.059404933603016e-05,0.541224422433084,3.0716484242909736e-05,0.7996881866191942,0.5411937059488411,26.465347290039062,True,,,,,weak,/home/zsh/ConceptSkillCDM/results/crg_lcrf_core3_final_20260520/crg_support_controls/assist_17/crg_support_corruption_control.csv,auc_bce,0.0001715769321387,0.0001572993587206,high_crg_mass
assist_17,sequence_shuffled_support,0.25,45,short_history,38708,0.7722970393248366,4.773299420068877e-05,0.566704182046547,2.7492021443698e-05,0.7723447723190373,0.5666766900251033,26.465347290039062,True,,,,,weak,/home/zsh/ConceptSkillCDM/results/crg_lcrf_core3_final_20260520/crg_support_controls/assist_17/crg_support_corruption_control.csv,auc_bce,0.0004838388641106,0.0004487783758355,short_history
assist_17,sequence_shuffled_support,0.25,45,long_history,38553,0.7954597879681068,5.228760902586949e-06,0.5404190539158759,1.0738703026813567e-05,0.7954650167290094,0.540408315212849,26.465347290039062,True,,,,,weak,/home/zsh/ConceptSkillCDM/results/crg_lcrf_core3_final_20260520/crg_support_controls/assist_17/crg_support_corruption_control.csv,auc_bce,0.0003378258135535,0.0003799956629704,long_history
assist_17,sequence_shuffled_support,0.25,46,all,77261,0.7842479181561282,1.3722181198994043e-05,0.5535816332099444,1.2780957285518646e-05,0.7842616403373271,0.5535688522526588,26.35643577575684,True,,,,,weak,/home/zsh/ConceptSkillCDM/results/crg_lcrf_core3_final_20260520/crg_support_controls/assist_17/crg_support_corruption_control.csv,auc_bce,5.108148716670424e-05,-3.783955896929925e-05,all
assist_17,sequence_shuffled_support,0.25,46,graph_hits_history,77261,0.7842479181561282,1.3722181198994043e-05,0.5535816332099444,1.2780957285518646e-05,0.7842616403373271,0.5535688522526588,26.35643577575684,True,,,,,weak,/home/zsh/ConceptSkillCDM/results/crg_lcrf_core3_final_20260520/crg_support_controls/assist_17/crg_support_corruption_control.csv,auc_bce,5.108148716670424e-05,-3.783955896929925e-05,direct_unseen_bridgeable
assist_17,sequence_shuffled_support,0.25,46,high_support_mass,19317,0.7996538983167336,3.4288302460550035e-05,0.5412285376862196,3.4831737378504535e-05,0.7996881866191942,0.5411937059488411,26.35643577575684,True,,,,,weak,/home/zsh/ConceptSkillCDM/results/crg_lcrf_core3_final_20260520/crg_support_controls/assist_17/crg_support_corruption_control.csv,auc_bce,-1.7100816882664738e-05,-4.4042607031058445e-05,high_crg_mass
assist_17,sequence_shuffled_support,0.25,46,query_seq_top5_q4_high,19249,0.7706352257532167,1.7530556726264024e-05,0.5498164247243819,2.327260777990059e-05,0.770652756309943,0.549793152116602,26.35643577575684,True,,,,,weak,/home/zsh/ConceptSkillCDM/results/crg_lcrf_core3_final_20260520/crg_support_controls/assist_17/crg_support_corruption_control.csv,auc_bce,-7.586095496314726e-05,-0.0001518318527461,high_seq_support
assist_17,sequence_shuffled_support,0.25,46,multi_concept,33639,0.767333952202625,2.4760042307558905e-06,0.5693474744182365,4.293355722162495e-06,0.7673364282068558,0.5693431810625144,26.35643577575684,True,,,,,weak,/home/zsh/ConceptSkillCDM/results/crg_lcrf_core3_final_20260520/crg_support_controls/assist_17/crg_support_corruption_control.csv,auc_bce,4.7398051963298826e-05,0.0001037594260634,direct_seen
assist_17,sequence_shuffled_support,0.25,46,direct_seen,73401,0.7863170181527641,-1.0378437154123787e-06,0.5501915836259437,-1.4039588027703331e-06,0.7863159803090487,0.5501929875847464,26.35643577575684,True,,,,,weak,/home/zsh/ConceptSkillCDM/results/crg_lcrf_core3_final_20260520/crg_support_controls/assist_17/crg_support_corruption_control.csv,auc_bce,3.245946993368776e-05,-1.5360028929656266e-05,direct_seen
assist_17,sequence_shuffled_support,0.25,46,direct_unseen,3860,0.7356395713467674,0.0002394131922668,0.6180461486283948,0.0002825185287326,0.7358789845390342,0.6177636300996622,26.35643577575684,True,,,,,weak,/home/zsh/ConceptSkillCDM/results/crg_lcrf_core3_final_20260520/crg_support_controls/assist_17/crg_support_corruption_control.csv,auc_bce,0.0010338668775392,-0.0004653058761836,direct_unseen
assist_17,sequence_shuffled_support,0.25,46,direct_unseen_bridgeable,3860,0.7356395713467674,0.0002394131922668,0.6180461486283948,0.0002825185287326,0.7358789845390342,0.6177636300996622,26.35643577575684,True,,,,,weak,/home/zsh/ConceptSkillCDM/results/crg_lcrf_core3_final_20260520/crg_support_controls/assist_17/crg_support_corruption_control.csv,auc_bce,0.0010338668775392,-0.0004653058761836,direct_unseen_bridgeable
assist_17,sequence_shuffled_support,0.25,46,high_seq_support,19249,0.7706352257532167,1.7530556726264024e-05,0.5498164247243819,2.327260777990059e-05,0.770652756309943,0.549793152116602,26.35643577575684,True,,,,,weak,/home/zsh/ConceptSkillCDM/results/crg_lcrf_core3_final_20260520/crg_support_controls/assist_17/crg_support_corruption_control.csv,auc_bce,-7.586095496314726e-05,-0.0001518318527461,high_seq_support
assist_17,sequence_shuffled_support,0.25,46,high_crg_mass,19317,0.7996538983167336,3.4288302460550035e-05,0.5412285376862196,3.4831737378504535e-05,0.7996881866191942,0.5411937059488411,26.35643577575684,True,,,,,weak,/home/zsh/ConceptSkillCDM/results/crg_lcrf_core3_final_20260520/crg_support_controls/assist_17/crg_support_corruption_control.csv,auc_bce,-1.7100816882664738e-05,-4.4042607031058445e-05,high_crg_mass
assist_17,sequence_shuffled_support,0.25,46,short_history,38708,0.7723403557430615,4.416575975829673e-06,0.5666823087978663,5.618772762949753e-06,0.7723447723190373,0.5666766900251033,26.35643577575684,True,,,,,weak,/home/zsh/ConceptSkillCDM/results/crg_lcrf_core3_final_20260520/crg_support_controls/assist_17/crg_support_corruption_control.csv,auc_bce,1.7559799171507073e-05,-0.0001194603528912,short_history
assist_17,sequence_shuffled_support,0.25,46,long_history,38553,0.7954448938385503,2.012289045905113e-05,0.5404282871497859,1.9971936936813428e-05,0.7954650167290094,0.540408315212849,26.35643577575684,True,,,,,weak,/home/zsh/ConceptSkillCDM/results/crg_lcrf_core3_final_20260520/crg_support_controls/assist_17/crg_support_corruption_control.csv,auc_bce,8.323934307841174e-05,4.410938640808659e-05,long_history
assist_17,sequence_shuffled_support,0.5,42,all,77261,0.7842144212010507,4.7219136276477336e-05,0.5536152812679902,4.642901533136179e-05,0.7842616403373271,0.5535688522526588,26.940593719482425,True,,,,,weak,/home/zsh/ConceptSkillCDM/results/crg_lcrf_core3_final_20260520/crg_support_controls/assist_17/crg_support_corruption_control.csv,auc_bce,0.0006533173504877,0.0006234732182642,all
assist_17,sequence_shuffled_support,0.5,42,graph_hits_history,77261,0.7842144212010507,4.7219136276477336e-05,0.5536152812679902,4.642901533136179e-05,0.7842616403373271,0.5535688522526588,26.940593719482425,True,,,,,weak,/home/zsh/ConceptSkillCDM/results/crg_lcrf_core3_final_20260520/crg_support_controls/assist_17/crg_support_corruption_control.csv,auc_bce,0.0006533173504877,0.0006234732182642,direct_unseen_bridgeable
assist_17,sequence_shuffled_support,0.5,42,high_support_mass,19317,0.7996343870267711,5.379959242302057e-05,0.5412403585047769,4.665255593583328e-05,0.7996881866191942,0.5411937059488411,26.940593719482425,True,,,,,weak,/home/zsh/ConceptSkillCDM/results/crg_lcrf_core3_final_20260520/crg_support_controls/assist_17/crg_support_corruption_control.csv,auc_bce,0.0008482644355486,0.0010161048708982,high_crg_mass
assist_17,sequence_shuffled_support,0.5,42,query_seq_top5_q4_high,19249,0.7705887100471067,6.404626283629256e-05,0.5498528418540602,5.968973745829054e-05,0.770652756309943,0.549793152116602,26.940593719482425,True,,,,,weak,/home/zsh/ConceptSkillCDM/results/crg_lcrf_core3_final_20260520/crg_support_controls/assist_17/crg_support_corruption_control.csv,auc_bce,0.0013488754550827,0.0011015114722137,high_seq_support
assist_17,sequence_shuffled_support,0.5,42,multi_concept,33639,0.7673298285235904,6.599683265329226e-06,0.5693522685461236,9.087483609282463e-06,0.7673364282068558,0.5693431810625144,26.940593719482425,True,,,,,weak,/home/zsh/ConceptSkillCDM/results/crg_lcrf_core3_final_20260520/crg_support_controls/assist_17/crg_support_corruption_control.csv,auc_bce,0.0008556589076694,0.0007908134536593,direct_seen
assist_17,sequence_shuffled_support,0.5,42,direct_seen,73401,0.7862717637793875,4.421652966124512e-05,0.5502375828985866,4.459531384015669e-05,0.7863159803090487,0.5501929875847464,26.940593719482425,True,,,,,weak,/home/zsh/ConceptSkillCDM/results/crg_lcrf_core3_final_20260520/crg_support_controls/assist_17/crg_support_corruption_control.csv,auc_bce,0.0006551498137994,0.0006242875583372,direct_seen
assist_17,sequence_shuffled_support,0.5,42,direct_unseen,3860,0.7357448258937094,0.0001341586453248,0.6178449284215141,8.12983218518859e-05,0.7358789845390342,0.6177636300996622,26.940593719482425,True,,,,,weak,/home/zsh/ConceptSkillCDM/results/crg_lcrf_core3_final_20260520/crg_support_controls/assist_17/crg_support_corruption_control.csv,auc_bce,0.0021378125596488,0.0006079878877723,direct_unseen
assist_17,sequence_shuffled_support,0.5,42,direct_unseen_bridgeable,3860,0.7357448258937094,0.0001341586453248,0.6178449284215141,8.12983218518859e-05,0.7358789845390342,0.6177636300996622,26.940593719482425,True,,,,,weak,/home/zsh/ConceptSkillCDM/results/crg_lcrf_core3_final_20260520/crg_support_controls/assist_17/crg_support_corruption_control.csv,auc_bce,0.0021378125596488,0.0006079878877723,direct_unseen_bridgeable
assist_17,sequence_shuffled_support,0.5,42,high_seq_support,19249,0.7705887100471067,6.404626283629256e-05,0.5498528418540602,5.968973745829054e-05,0.770652756309943,0.549793152116602,26.940593719482425,True,,,,,weak,/home/zsh/ConceptSkillCDM/results/crg_lcrf_core3_final_20260520/crg_support_controls/assist_17/crg_support_corruption_control.csv,auc_bce,0.0013488754550827,0.0011015114722137,high_seq_support
assist_17,sequence_shuffled_support,0.5,42,high_crg_mass,19317,0.7996343870267711,5.379959242302057e-05,0.5412403585047769,4.665255593583328e-05,0.7996881866191942,0.5411937059488411,26.940593719482425,True,,,,,weak,/home/zsh/ConceptSkillCDM/results/crg_lcrf_core3_final_20260520/crg_support_controls/assist_17/crg_support_corruption_control.csv,auc_bce,0.0008482644355486,0.0010161048708982,high_crg_mass
assist_17,sequence_shuffled_support,0.5,42,short_history,38708,0.7722851027058835,5.966961315384545e-05,0.5667286266857725,5.1936660669160695e-05,0.7723447723190373,0.5666766900251033,26.940593719482425,True,,,,,weak,/home/zsh/ConceptSkillCDM/results/crg_lcrf_core3_final_20260520/crg_support_controls/assist_17/crg_support_corruption_control.csv,auc_bce,0.0004242757556888,0.0004178823885723,short_history
assist_17,sequence_shuffled_support,0.5,42,long_history,38553,0.7954285983130549,3.641841595447559e-05,0.5404492144396886,4.08992268395858e-05,0.7954650167290094,0.540408315212849,26.940593719482425,True,,,,,weak,/home/zsh/ConceptSkillCDM/results/crg_lcrf_core3_final_20260520/crg_support_controls/assist_17/crg_support_corruption_control.csv,auc_bce,0.0008748451381848,0.000829890613427,long_history
assist_17,sequence_shuffled_support,0.5,43,all,77261,0.7842248529164866,3.678742084056719e-05,0.5536177233386955,4.8871086036683664e-05,0.7842616403373271,0.5535688522526588,26.831684112548828,True,,,,,weak,/home/zsh/ConceptSkillCDM/results/crg_lcrf_core3_final_20260520/crg_support_controls/assist_17/crg_support_corruption_control.csv,auc_bce,0.0012884922321771,0.0010521774724518,all
assist_17,sequence_shuffled_support,0.5,43,graph_hits_history,77261,0.7842248529164866,3.678742084056719e-05,0.5536177233386955,4.8871086036683664e-05,0.7842616403373271,0.5535688522526588,26.831684112548828,True,,,,,weak,/home/zsh/ConceptSkillCDM/results/crg_lcrf_core3_final_20260520/crg_support_controls/assist_17/crg_support_corruption_control.csv,auc_bce,0.0012884922321771,0.0010521774724518,direct_unseen_bridgeable
assist_17,sequence_shuffled_support,0.5,43,high_support_mass,19317,0.799627789372364,6.039724683015724e-05,0.5412898098532369,9.610390439585004e-05,0.7996881866191942,0.5411937059488411,26.831684112548828,True,,,,,weak,/home/zsh/ConceptSkillCDM/results/crg_lcrf_core3_final_20260520/crg_support_controls/assist_17/crg_support_corruption_control.csv,auc_bce,0.0012646479303104,0.0011606266700667,high_crg_mass
assist_17,sequence_shuffled_support,0.5,43,query_seq_top5_q4_high,19249,0.7706944078152789,-4.165150533586015e-05,0.5497806780269999,-1.2474089602032556e-05,0.770652756309943,0.549793152116602,26.831684112548828,True,,,,,weak,/home/zsh/ConceptSkillCDM/results/crg_lcrf_core3_final_20260520/crg_support_controls/assist_17/crg_support_corruption_control.csv,auc_bce,0.0006578159932864,0.0007365667001112,high_seq_support
assist_17,sequence_shuffled_support,0.5,43,multi_concept,33639,0.7673630677124628,-2.6639505606995684e-05,0.5693346314965106,-8.549566003712705e-06,0.7673364282068558,0.5693431810625144,26.831684112548828,True,,,,,weak,/home/zsh/ConceptSkillCDM/results/crg_lcrf_core3_final_20260520/crg_support_controls/assist_17/crg_support_corruption_control.csv,auc_bce,0.0008234780399087,0.0007772840187284,direct_seen
assist_17,sequence_shuffled_support,0.5,43,direct_seen,73401,0.7863224838523015,-6.503543252822652e-06,0.550192658035594,-3.2954915241134586e-07,0.7863159803090487,0.5501929875847464,26.831684112548828,True,,,,,weak,/home/zsh/ConceptSkillCDM/results/crg_lcrf_core3_final_20260520/crg_support_controls/assist_17/crg_support_corruption_control.csv,auc_bce,0.0012755121955412,0.0010583465378721,direct_seen
assist_17,sequence_shuffled_support,0.5,43,direct_unseen,3860,0.7353303520301039,0.0005486325089303,0.618748090777283,0.0009844606776208,0.7358789845390342,0.6177636300996622,26.831684112548828,True,,,,,weak,/home/zsh/ConceptSkillCDM/results/crg_lcrf_core3_final_20260520/crg_support_controls/assist_17/crg_support_corruption_control.csv,auc_bce,0.0025691925940065,0.0009348677390539,direct_unseen
assist_17,sequence_shuffled_support,0.5,43,direct_unseen_bridgeable,3860,0.7353303520301039,0.0005486325089303,0.618748090777283,0.0009844606776208,0.7358789845390342,0.6177636300996622,26.831684112548828,True,,,,,weak,/home/zsh/ConceptSkillCDM/results/crg_lcrf_core3_final_20260520/crg_support_controls/assist_17/crg_support_corruption_control.csv,auc_bce,0.0025691925940065,0.0009348677390539,direct_unseen_bridgeable
assist_17,sequence_shuffled_support,0.5,43,high_seq_support,19249,0.7706944078152789,-4.165150533586015e-05,0.5497806780269999,-1.2474089602032556e-05,0.770652756309943,0.549793152116602,26.831684112548828,True,,,,,weak,/home/zsh/ConceptSkillCDM/results/crg_lcrf_core3_final_20260520/crg_support_controls/assist_17/crg_support_corruption_control.csv,auc_bce,0.0006578159932864,0.0007365667001112,high_seq_support
assist_17,sequence_shuffled_support,0.5,43,high_crg_mass,19317,0.799627789372364,6.039724683015724e-05,0.5412898098532369,9.610390439585004e-05,0.7996881866191942,0.5411937059488411,26.831684112548828,True,,,,,weak,/home/zsh/ConceptSkillCDM/results/crg_lcrf_core3_final_20260520/crg_support_controls/assist_17/crg_support_corruption_control.csv,auc_bce,0.0012646479303104,0.0011606266700667,high_crg_mass
assist_17,sequence_shuffled_support,0.5,43,short_history,38708,0.7722876655602577,5.710675877956817e-05,0.5667471488181477,7.045879304434788e-05,0.7723447723190373,0.5666766900251033,26.831684112548828,True,,,,,weak,/home/zsh/ConceptSkillCDM/results/crg_lcrf_core3_final_20260520/crg_support_controls/assist_17/crg_support_corruption_control.csv,auc_bce,0.0013517149176243,0.0010417258009377,short_history
assist_17,sequence_shuffled_support,0.5,43,long_history,38553,0.7954545234502912,1.049327871815997e-05,0.5404355117998104,2.7196586961375505e-05,0.7954650167290094,0.540408315212849,26.831684112548828,True,,,,,weak,/home/zsh/ConceptSkillCDM/results/crg_lcrf_core3_final_20260520/crg_support_controls/assist_17/crg_support_corruption_control.csv,auc_bce,0.0011707707259582,0.001062671164278,long_history
assist_17,sequence_shuffled_support,0.5,44,all,77261,0.7842511157458415,1.0524591485649992e-05,0.5535905628662655,2.171061360667359e-05,0.7842616403373271,0.5535688522526588,26.75247573852539,True,,,,,weak,/home/zsh/ConceptSkillCDM/results/crg_lcrf_core3_final_20260520/crg_support_controls/assist_17/crg_support_corruption_control.csv,auc_bce,0.0012236766566254,0.0013153675522542,all
assist_17,sequence_shuffled_support,0.5,44,graph_hits_history,77261,0.7842511157458415,1.0524591485649992e-05,0.5535905628662655,2.171061360667359e-05,0.7842616403373271,0.5535688522526588,26.75247573852539,True,,,,,weak,/home/zsh/ConceptSkillCDM/results/crg_lcrf_core3_final_20260520/crg_support_controls/assist_17/crg_support_corruption_control.csv,auc_bce,0.0012236766566254,0.0013153675522542,direct_unseen_bridgeable
assist_17,sequence_shuffled_support,0.5,44,high_support_mass,19317,0.7996412771880238,4.690943117036106e-05,0.5412487596111811,5.505366234004328e-05,0.7996881866191942,0.5411937059488411,26.75247573852539,True,,,,,weak,/home/zsh/ConceptSkillCDM/results/crg_lcrf_core3_final_20260520/crg_support_controls/assist_17/crg_support_corruption_control.csv,auc_bce,0.0017360443792251,0.0018516327520786,high_crg_mass
assist_17,sequence_shuffled_support,0.5,44,query_seq_top5_q4_high,19249,0.7706638393714011,-1.1083061458139198e-05,0.5497910425950007,-2.1095216012900764e-06,0.770652756309943,0.549793152116602,26.75247573852539,True,,,,,weak,/home/zsh/ConceptSkillCDM/results/crg_lcrf_core3_final_20260520/crg_support_controls/assist_17/crg_support_corruption_control.csv,auc_bce,0.0021202656779593,0.0017853921373711,high_seq_support
assist_17,sequence_shuffled_support,0.5,44,multi_concept,33639,0.767336735461372,-3.072545162741136e-07,0.569348338758312,5.15769579767511e-06,0.7673364282068558,0.5693431810625144,26.75247573852539,True,,,,,weak,/home/zsh/ConceptSkillCDM/results/crg_lcrf_core3_final_20260520/crg_support_controls/assist_17/crg_support_corruption_control.csv,auc_bce,0.0008787928368946,0.0007338945343527,direct_seen
assist_17,sequence_shuffled_support,0.5,44,direct_seen,73401,0.786315023026817,9.572822317061025e-07,0.5502025909206708,9.603335924368572e-06,0.7863159803090487,0.5501929875847464,26.75247573852539,True,,,,,weak,/home/zsh/ConceptSkillCDM/results/crg_lcrf_core3_final_20260520/crg_support_controls/assist_17/crg_support_corruption_control.csv,auc_bce,0.0011794382766202,0.0011752238269073,direct_seen
assist_17,sequence_shuffled_support,0.5,44,direct_unseen,3860,0.7357082867504705,0.0001706977885637,0.6180155703218615,0.0002519402221993,0.7358789845390342,0.6177636300996622,26.75247573852539,True,,,,,weak,/home/zsh/ConceptSkillCDM/results/crg_lcrf_core3_final_20260520/crg_support_controls/assist_17/crg_support_corruption_control.csv,auc_bce,0.0040690698879284,0.0039803130403835,direct_unseen
assist_17,sequence_shuffled_support,0.5,44,direct_unseen_bridgeable,3860,0.7357082867504705,0.0001706977885637,0.6180155703218615,0.0002519402221993,0.7358789845390342,0.6177636300996622,26.75247573852539,True,,,,,weak,/home/zsh/ConceptSkillCDM/results/crg_lcrf_core3_final_20260520/crg_support_controls/assist_17/crg_support_corruption_control.csv,auc_bce,0.0040690698879284,0.0039803130403835,direct_unseen_bridgeable
assist_17,sequence_shuffled_support,0.5,44,high_seq_support,19249,0.7706638393714011,-1.1083061458139198e-05,0.5497910425950007,-2.1095216012900764e-06,0.770652756309943,0.549793152116602,26.75247573852539,True,,,,,weak,/home/zsh/ConceptSkillCDM/results/crg_lcrf_core3_final_20260520/crg_support_controls/assist_17/crg_support_corruption_control.csv,auc_bce,0.0021202656779593,0.0017853921373711,high_seq_support
assist_17,sequence_shuffled_support,0.5,44,high_crg_mass,19317,0.7996412771880238,4.690943117036106e-05,0.5412487596111811,5.505366234004328e-05,0.7996881866191942,0.5411937059488411,26.75247573852539,True,,,,,weak,/home/zsh/ConceptSkillCDM/results/crg_lcrf_core3_final_20260520/crg_support_controls/assist_17/crg_support_corruption_control.csv,auc_bce,0.0017360443792251,0.0018516327520786,high_crg_mass
assist_17,sequence_shuffled_support,0.5,44,short_history,38708,0.7723448693866412,-9.706760384364801e-08,0.5666891626972859,1.2472672182517464e-05,0.7723447723190373,0.5666766900251033,26.75247573852539,True,,,,,weak,/home/zsh/ConceptSkillCDM/results/crg_lcrf_core3_final_20260520/crg_support_controls/assist_17/crg_support_corruption_control.csv,auc_bce,0.0014210535426522,0.0015299608659126,short_history
assist_17,sequence_shuffled_support,0.5,44,long_history,38553,0.7954476306176654,1.738611134394219e-05,0.5404393009084637,3.098569561466036e-05,0.7954650167290094,0.540408315212849,26.75247573852539,True,,,,,weak,/home/zsh/ConceptSkillCDM/results/crg_lcrf_core3_final_20260520/crg_support_controls/assist_17/crg_support_corruption_control.csv,auc_bce,0.0010310368355066,0.0010999114791838,long_history
assist_17,sequence_shuffled_support,0.5,45,all,77261,0.7842612562455317,3.84091795480046e-07,0.5535866172998272,1.776504716832772e-05,0.7842616403373271,0.5535688522526588,26.712871551513672,True,,,,,weak,/home/zsh/ConceptSkillCDM/results/crg_lcrf_core3_final_20260520/crg_support_controls/assist_17/crg_support_corruption_control.csv,auc_bce,0.0006792127581073,0.0006230167330418,all
assist_17,sequence_shuffled_support,0.5,45,graph_hits_history,77261,0.7842612562455317,3.84091795480046e-07,0.5535866172998272,1.776504716832772e-05,0.7842616403373271,0.5535688522526588,26.712871551513672,True,,,,,weak,/home/zsh/ConceptSkillCDM/results/crg_lcrf_core3_final_20260520/crg_support_controls/assist_17/crg_support_corruption_control.csv,auc_bce,0.0006792127581073,0.0006230167330418,direct_unseen_bridgeable
assist_17,sequence_shuffled_support,0.5,45,high_support_mass,19317,0.7997004069051896,-1.222028599545677e-05,0.5412109648549069,1.7258906065853452e-05,0.7996881866191942,0.5411937059488411,26.712871551513672,True,,,,,weak,/home/zsh/ConceptSkillCDM/results/crg_lcrf_core3_final_20260520/crg_support_controls/assist_17/crg_support_corruption_control.csv,auc_bce,0.0011610300886407,0.0010138055393225,high_crg_mass
assist_17,sequence_shuffled_support,0.5,45,query_seq_top5_q4_high,19249,0.7706751110563912,-2.235474644818325e-05,0.5498059696572823,1.2817540680387651e-05,0.770652756309943,0.549793152116602,26.712871551513672,True,,,,,weak,/home/zsh/ConceptSkillCDM/results/crg_lcrf_core3_final_20260520/crg_support_controls/assist_17/crg_support_corruption_control.csv,auc_bce,0.0002174829321425,0.0001164635439013,high_seq_support
assist_17,sequence_shuffled_support,0.5,45,multi_concept,33639,0.7673405968061413,-4.1685992855367004e-06,0.5693526247062293,9.443643714912577e-06,0.7673364282068558,0.5693431810625144,26.712871551513672,True,,,,,weak,/home/zsh/ConceptSkillCDM/results/crg_lcrf_core3_final_20260520/crg_support_controls/assist_17/crg_support_corruption_control.csv,auc_bce,0.00033944796174,0.0003890141917216,direct_seen
assist_17,sequence_shuffled_support,0.5,45,direct_seen,73401,0.7863329553322959,-1.6975023247156606e-05,0.5501926087692187,-3.7881552772400806e-07,0.7863159803090487,0.5501929875847464,26.712871551513672,True,,,,,weak,/home/zsh/ConceptSkillCDM/results/crg_lcrf_core3_final_20260520/crg_support_controls/assist_17/crg_support_corruption_control.csv,auc_bce,0.0007400249300348,0.0006822349126605,direct_seen
assist_17,sequence_shuffled_support,0.5,45,direct_unseen,3860,0.7355667657404631,0.0003122187985711,0.6181264152674928,0.0003627851678306,0.7358789845390342,0.6177636300996622,26.712871551513672,True,,,,,weak,/home/zsh/ConceptSkillCDM/results/crg_lcrf_core3_final_20260520/crg_support_controls/assist_17/crg_support_corruption_control.csv,auc_bce,0.0007256019414828,-0.0005030645110428,direct_unseen
assist_17,sequence_shuffled_support,0.5,45,direct_unseen_bridgeable,3860,0.7355667657404631,0.0003122187985711,0.6181264152674928,0.0003627851678306,0.7358789845390342,0.6177636300996622,26.712871551513672,True,,,,,weak,/home/zsh/ConceptSkillCDM/results/crg_lcrf_core3_final_20260520/crg_support_controls/assist_17/crg_support_corruption_control.csv,auc_bce,0.0007256019414828,-0.0005030645110428,direct_unseen_bridgeable
assist_17,sequence_shuffled_support,0.5,45,high_seq_support,19249,0.7706751110563912,-2.235474644818325e-05,0.5498059696572823,1.2817540680387651e-05,0.770652756309943,0.549793152116602,26.712871551513672,True,,,,,weak,/home/zsh/ConceptSkillCDM/results/crg_lcrf_core3_final_20260520/crg_support_controls/assist_17/crg_support_corruption_control.csv,auc_bce,0.0002174829321425,0.0001164635439013,high_seq_support
assist_17,sequence_shuffled_support,0.5,45,high_crg_mass,19317,0.7997004069051896,-1.222028599545677e-05,0.5412109648549069,1.7258906065853452e-05,0.7996881866191942,0.5411937059488411,26.712871551513672,True,,,,,weak,/home/zsh/ConceptSkillCDM/results/crg_lcrf_core3_final_20260520/crg_support_controls/assist_17/crg_support_corruption_control.csv,auc_bce,0.0011610300886407,0.0010138055393225,high_crg_mass
assist_17,sequence_shuffled_support,0.5,45,short_history,38708,0.7723196951732109,2.507714582644649e-05,0.5667211764848805,4.448645977717103e-05,0.7723447723190373,0.5666766900251033,26.712871551513672,True,,,,,weak,/home/zsh/ConceptSkillCDM/results/crg_lcrf_core3_final_20260520/crg_support_controls/assist_17/crg_support_corruption_control.csv,auc_bce,0.0006384823868407,0.0005213029600068,short_history
assist_17,sequence_shuffled_support,0.5,45,long_history,38553,0.795496038601623,-3.1021872613612445e-05,0.5403992514155888,-9.063797260289164e-06,0.7954650167290094,0.540408315212849,26.712871551513672,True,,,,,weak,/home/zsh/ConceptSkillCDM/results/crg_lcrf_core3_final_20260520/crg_support_controls/assist_17/crg_support_corruption_control.csv,auc_bce,0.0007233747286532,0.0007251394401373,long_history
assist_17,sequence_shuffled_support,0.5,46,all,77261,0.7842408320197156,2.0808317611531457e-05,0.553590807092546,2.1954839887206035e-05,0.7842616403373271,0.5535688522526588,26.702970504760746,True,,,,,weak,/home/zsh/ConceptSkillCDM/results/crg_lcrf_core3_final_20260520/crg_support_controls/assist_17/crg_support_corruption_control.csv,auc_bce,0.0004146837374886,0.0001826908999991,all
assist_17,sequence_shuffled_support,0.5,46,graph_hits_history,77261,0.7842408320197156,2.0808317611531457e-05,0.553590807092546,2.1954839887206035e-05,0.7842616403373271,0.5535688522526588,26.702970504760746,True,,,,,weak,/home/zsh/ConceptSkillCDM/results/crg_lcrf_core3_final_20260520/crg_support_controls/assist_17/crg_support_corruption_control.csv,auc_bce,0.0004146837374886,0.0001826908999991,direct_unseen_bridgeable
assist_17,sequence_shuffled_support,0.5,46,high_support_mass,19317,0.7996360662327366,5.212038645752149e-05,0.5412406386466699,4.693269782884979e-05,0.7996881866191942,0.5411937059488411,26.702970504760746,True,,,,,weak,/home/zsh/ConceptSkillCDM/results/crg_lcrf_core3_final_20260520/crg_support_controls/assist_17/crg_support_corruption_control.csv,auc_bce,0.0007001530525818,0.0004813201605201,high_crg_mass
assist_17,sequence_shuffled_support,0.5,46,query_seq_top5_q4_high,19249,0.770626589081807,2.616722813597594e-05,0.5498093873288652,1.6235212263238097e-05,0.770652756309943,0.549793152116602,26.702970504760746,True,,,,,weak,/home/zsh/ConceptSkillCDM/results/crg_lcrf_core3_final_20260520/crg_support_controls/assist_17/crg_support_corruption_control.csv,auc_bce,0.0002899600952628,0.0001444561109914,high_seq_support
assist_17,sequence_shuffled_support,0.5,46,multi_concept,33639,0.7673281736615463,8.25454530950509e-06,0.5693537669612033,1.058589868896398e-05,0.7673364282068558,0.5693431810625144,26.702970504760746,True,,,,,weak,/home/zsh/ConceptSkillCDM/results/crg_lcrf_core3_final_20260520/crg_support_controls/assist_17/crg_support_corruption_control.csv,auc_bce,0.000335992696039,0.0002524774724034,direct_seen
assist_17,sequence_shuffled_support,0.5,46,direct_seen,73401,0.7862937003310086,2.2279978040051773e-05,0.5502178413441379,2.485375939142997e-05,0.7863159803090487,0.5501929875847464,26.702970504760746,True,,,,,weak,/home/zsh/ConceptSkillCDM/results/crg_lcrf_core3_final_20260520/crg_support_controls/assist_17/crg_support_corruption_control.csv,auc_bce,0.0003361248253064,0.0001984541198288,direct_seen
assist_17,sequence_shuffled_support,0.5,46,direct_unseen,3860,0.735928339650424,-4.9355111389814965e-05,0.6177304596570282,-3.31704426339563e-05,0.7358789845390342,0.6177636300996622,26.702970504760746,True,,,,,weak,/home/zsh/ConceptSkillCDM/results/crg_lcrf_core3_final_20260520/crg_support_controls/assist_17/crg_support_corruption_control.csv,auc_bce,0.0019815668202765,-0.000117059384643,direct_unseen
assist_17,sequence_shuffled_support,0.5,46,direct_unseen_bridgeable,3860,0.735928339650424,-4.9355111389814965e-05,0.6177304596570282,-3.31704426339563e-05,0.7358789845390342,0.6177636300996622,26.702970504760746,True,,,,,weak,/home/zsh/ConceptSkillCDM/results/crg_lcrf_core3_final_20260520/crg_support_controls/assist_17/crg_support_corruption_control.csv,auc_bce,0.0019815668202765,-0.000117059384643,direct_unseen_bridgeable
assist_17,sequence_shuffled_support,0.5,46,high_seq_support,19249,0.770626589081807,2.616722813597594e-05,0.5498093873288652,1.6235212263238097e-05,0.770652756309943,0.549793152116602,26.702970504760746,True,,,,,weak,/home/zsh/ConceptSkillCDM/results/crg_lcrf_core3_final_20260520/crg_support_controls/assist_17/crg_support_corruption_control.csv,auc_bce,0.0002899600952628,0.0001444561109914,high_seq_support
assist_17,sequence_shuffled_support,0.5,46,high_crg_mass,19317,0.7996360662327366,5.212038645752149e-05,0.5412406386466699,4.693269782884979e-05,0.7996881866191942,0.5411937059488411,26.702970504760746,True,,,,,weak,/home/zsh/ConceptSkillCDM/results/crg_lcrf_core3_final_20260520/crg_support_controls/assist_17/crg_support_corruption_control.csv,auc_bce,0.0007001530525818,0.0004813201605201,high_crg_mass
assist_17,sequence_shuffled_support,0.5,46,short_history,38708,0.7723115253165523,3.32470024849707e-05,0.5667027613864515,2.607136134813448e-05,0.7723447723190373,0.5666766900251033,26.702970504760746,True,,,,,weak,/home/zsh/ConceptSkillCDM/results/crg_lcrf_core3_final_20260520/crg_support_controls/assist_17/crg_support_corruption_control.csv,auc_bce,0.0004402703397479,4.8440813815275874e-05,short_history
assist_17,sequence_shuffled_support,0.5,46,long_history,38553,0.7954575490352427,7.467693766693983e-06,0.5404261369810505,1.782176820142034e-05,0.7954650167290094,0.540408315212849,26.702970504760746,True,,,,,weak,/home/zsh/ConceptSkillCDM/results/crg_lcrf_core3_final_20260520/crg_support_controls/assist_17/crg_support_corruption_control.csv,auc_bce,0.0003710852437657,0.0003174807305184,long_history
assist_17,sequence_shuffled_support,0.75,42,all,77261,0.7842203710517259,4.1269285601219785e-05,0.553626491950817,5.763969815819614e-05,0.7842616403373271,0.5535688522526588,27.41584205627441,True,,,,,weak,/home/zsh/ConceptSkillCDM/results/crg_lcrf_core3_final_20260520/crg_support_controls/assist_17/crg_support_corruption_control.csv,auc_bce,0.0031274846256967,0.0028470930445401,all
assist_17,sequence_shuffled_support,0.75,42,graph_hits_history,77261,0.7842203710517259,4.1269285601219785e-05,0.553626491950817,5.763969815819614e-05,0.7842616403373271,0.5535688522526588,27.41584205627441,True,,,,,weak,/home/zsh/ConceptSkillCDM/results/crg_lcrf_core3_final_20260520/crg_support_controls/assist_17/crg_support_corruption_control.csv,auc_bce,0.0031274846256967,0.0028470930445401,direct_unseen_bridgeable
assist_17,sequence_shuffled_support,0.75,42,high_support_mass,19317,0.7996132831995378,7.490341965632474e-05,0.5412854040381758,9.169808933473522e-05,0.7996881866191942,0.5411937059488411,27.41584205627441,True,,,,,weak,/home/zsh/ConceptSkillCDM/results/crg_lcrf_core3_final_20260520/crg_support_controls/assist_17/crg_support_corruption_control.csv,auc_bce,0.0033950294550059,0.0036891013792401,high_crg_mass
assist_17,sequence_shuffled_support,0.75,42,query_seq_top5_q4_high,19249,0.7705695047420527,8.325156789035226e-05,0.5498909358332309,9.77837166289408e-05,0.770652756309943,0.549793152116602,27.41584205627441,True,,,,,weak,/home/zsh/ConceptSkillCDM/results/crg_lcrf_core3_final_20260520/crg_support_controls/assist_17/crg_support_corruption_control.csv,auc_bce,0.0070193103626452,0.0066134865271728,high_seq_support
assist_17,sequence_shuffled_support,0.75,42,multi_concept,33639,0.7673422696362858,-5.841429430053502e-06,0.5693430592942448,-1.217682695786593e-07,0.7673364282068558,0.5693431810625144,27.41584205627441,True,,,,,weak,/home/zsh/ConceptSkillCDM/results/crg_lcrf_core3_final_20260520/crg_support_controls/assist_17/crg_support_corruption_control.csv,auc_bce,0.0022963573665419,0.0021100799118352,direct_seen
assist_17,sequence_shuffled_support,0.75,42,direct_seen,73401,0.7862971569103507,1.882339869796468e-05,0.5502199839807174,2.699639597092407e-05,0.7863159803090487,0.5501929875847464,27.41584205627441,True,,,,,weak,/home/zsh/ConceptSkillCDM/results/crg_lcrf_core3_final_20260520/crg_support_controls/assist_17/crg_support_corruption_control.csv,auc_bce,0.0031604167950103,0.0027370355162164,direct_seen
assist_17,sequence_shuffled_support,0.75,42,direct_unseen,3860,0.7354497859460638,0.0004291985929704,0.6184039767988201,0.0006403466991579,0.7358789845390342,0.6177636300996622,27.41584205627441,True,,,,,weak,/home/zsh/ConceptSkillCDM/results/crg_lcrf_core3_final_20260520/crg_support_controls/assist_17/crg_support_corruption_control.csv,auc_bce,0.0027483434679465,0.0049399253337887,direct_unseen
assist_17,sequence_shuffled_support,0.75,42,direct_unseen_bridgeable,3860,0.7354497859460638,0.0004291985929704,0.6184039767988201,0.0006403466991579,0.7358789845390342,0.6177636300996622,27.41584205627441,True,,,,,weak,/home/zsh/ConceptSkillCDM/results/crg_lcrf_core3_final_20260520/crg_support_controls/assist_17/crg_support_corruption_control.csv,auc_bce,0.0027483434679465,0.0049399253337887,direct_unseen_bridgeable
assist_17,sequence_shuffled_support,0.75,42,high_seq_support,19249,0.7705695047420527,8.325156789035226e-05,0.5498909358332309,9.77837166289408e-05,0.770652756309943,0.549793152116602,27.41584205627441,True,,,,,weak,/home/zsh/ConceptSkillCDM/results/crg_lcrf_core3_final_20260520/crg_support_controls/assist_17/crg_support_corruption_control.csv,auc_bce,0.0070193103626452,0.0066134865271728,high_seq_support
assist_17,sequence_shuffled_support,0.75,42,high_crg_mass,19317,0.7996132831995378,7.490341965632474e-05,0.5412854040381758,9.169808933473522e-05,0.7996881866191942,0.5411937059488411,27.41584205627441,True,,,,,weak,/home/zsh/ConceptSkillCDM/results/crg_lcrf_core3_final_20260520/crg_support_controls/assist_17/crg_support_corruption_control.csv,auc_bce,0.0033950294550059,0.0036891013792401,high_crg_mass
assist_17,sequence_shuffled_support,0.75,42,short_history,38708,0.7722968357525007,4.793656653656608e-05,0.5667363143917171,5.962436661377524e-05,0.7723447723190373,0.5666766900251033,27.41584205627441,True,,,,,weak,/home/zsh/ConceptSkillCDM/results/crg_lcrf_core3_final_20260520/crg_support_controls/assist_17/crg_support_corruption_control.csv,auc_bce,0.0029095704181516,0.0026698167669096,short_history
assist_17,sequence_shuffled_support,0.75,42,long_history,38553,0.7954327887482125,3.2227980796828426e-05,0.5404639622633126,5.564705046356977e-05,0.7954650167290094,0.540408315212849,27.41584205627441,True,,,,,weak,/home/zsh/ConceptSkillCDM/results/crg_lcrf_core3_final_20260520/crg_support_controls/assist_17/crg_support_corruption_control.csv,auc_bce,0.0033738847900159,0.0030250820507012,long_history
assist_17,sequence_shuffled_support,0.75,43,all,77261,0.784187355487163,7.428485016414133e-05,0.553647499124765,7.864687210612509e-05,0.7842616403373271,0.5535688522526588,27.36633682250977,True,,,,,weak,/home/zsh/ConceptSkillCDM/results/crg_lcrf_core3_final_20260520/crg_support_controls/assist_17/crg_support_corruption_control.csv,auc_bce,0.0031088417148864,0.0027110252313078,all
assist_17,sequence_shuffled_support,0.75,43,graph_hits_history,77261,0.784187355487163,7.428485016414133e-05,0.553647499124765,7.864687210612509e-05,0.7842616403373271,0.5535688522526588,27.36633682250977,True,,,,,weak,/home/zsh/ConceptSkillCDM/results/crg_lcrf_core3_final_20260520/crg_support_controls/assist_17/crg_support_corruption_control.csv,auc_bce,0.0031088417148864,0.0027110252313078,direct_unseen_bridgeable
assist_17,sequence_shuffled_support,0.75,43,high_support_mass,19317,0.7995676629652056,0.0001205236539885,0.5413352261624736,0.0001415202136325,0.7996881866191942,0.5411937059488411,27.36633682250977,True,,,,,weak,/home/zsh/ConceptSkillCDM/results/crg_lcrf_core3_final_20260520/crg_support_controls/assist_17/crg_support_corruption_control.csv,auc_bce,0.0038738360773435,0.0038810738275549,high_crg_mass
assist_17,sequence_shuffled_support,0.75,43,query_seq_top5_q4_high,19249,0.7706131110730816,3.964523686139643e-05,0.549842353839458,4.920172285605151e-05,0.770652756309943,0.549793152116602,27.36633682250977,True,,,,,weak,/home/zsh/ConceptSkillCDM/results/crg_lcrf_core3_final_20260520/crg_support_controls/assist_17/crg_support_corruption_control.csv,auc_bce,0.0046805043175925,0.0043140152290841,high_seq_support
assist_17,sequence_shuffled_support,0.75,43,multi_concept,33639,0.7673400451854601,-3.616978604292776e-06,0.5693481168318405,4.9357693261420366e-06,0.7673364282068558,0.5693431810625144,27.36633682250977,True,,,,,weak,/home/zsh/ConceptSkillCDM/results/crg_lcrf_core3_final_20260520/crg_support_controls/assist_17/crg_support_corruption_control.csv,auc_bce,0.0015211757836148,0.001227294518084,direct_seen
assist_17,sequence_shuffled_support,0.75,43,direct_seen,73401,0.7862805555713569,3.5424737691802655e-05,0.550224665152244,3.167756749755668e-05,0.7863159803090487,0.5501929875847464,27.36633682250977,True,,,,,weak,/home/zsh/ConceptSkillCDM/results/crg_lcrf_core3_final_20260520/crg_support_controls/assist_17/crg_support_corruption_control.csv,auc_bce,0.0029329750846098,0.0024498017011223,direct_seen
assist_17,sequence_shuffled_support,0.75,43,direct_unseen,3860,0.7353947045510321,0.0004842799880021,0.6187354360203629,0.0009718059207006,0.7358789845390342,0.6177636300996622,27.36633682250977,True,,,,,weak,/home/zsh/ConceptSkillCDM/results/crg_lcrf_core3_final_20260520/crg_support_controls/assist_17/crg_support_corruption_control.csv,auc_bce,0.0046295639844028,0.0076784004487059,direct_unseen
assist_17,sequence_shuffled_support,0.75,43,direct_unseen_bridgeable,3860,0.7353947045510321,0.0004842799880021,0.6187354360203629,0.0009718059207006,0.7358789845390342,0.6177636300996622,27.36633682250977,True,,,,,weak,/home/zsh/ConceptSkillCDM/results/crg_lcrf_core3_final_20260520/crg_support_controls/assist_17/crg_support_corruption_control.csv,auc_bce,0.0046295639844028,0.0076784004487059,direct_unseen_bridgeable
assist_17,sequence_shuffled_support,0.75,43,high_seq_support,19249,0.7706131110730816,3.964523686139643e-05,0.549842353839458,4.920172285605151e-05,0.770652756309943,0.549793152116602,27.36633682250977,True,,,,,weak,/home/zsh/ConceptSkillCDM/results/crg_lcrf_core3_final_20260520/crg_support_controls/assist_17/crg_support_corruption_control.csv,auc_bce,0.0046805043175925,0.0043140152290841,high_seq_support
assist_17,sequence_shuffled_support,0.75,43,high_crg_mass,19317,0.7995676629652056,0.0001205236539885,0.5413352261624736,0.0001415202136325,0.7996881866191942,0.5411937059488411,27.36633682250977,True,,,,,weak,/home/zsh/ConceptSkillCDM/results/crg_lcrf_core3_final_20260520/crg_support_controls/assist_17/crg_support_corruption_control.csv,auc_bce,0.0038738360773435,0.0038810738275549,high_crg_mass
assist_17,sequence_shuffled_support,0.75,43,short_history,38708,0.7722377984269332,0.0001069738921041,0.5667742666578454,9.757663274201356e-05,0.7723447723190373,0.5666766900251033,27.36633682250977,True,,,,,weak,/home/zsh/ConceptSkillCDM/results/crg_lcrf_core3_final_20260520/crg_support_controls/assist_17/crg_support_corruption_control.csv,auc_bce,0.0028346301834842,0.0025679534199218,short_history
assist_17,sequence_shuffled_support,0.75,43,long_history,38553,0.7954299914573983,3.5025271611033304e-05,0.540467956218364,5.964100551492102e-05,0.7954650167290094,0.540408315212849,27.36633682250977,True,,,,,weak,/home/zsh/ConceptSkillCDM/results/crg_lcrf_core3_final_20260520/crg_support_controls/assist_17/crg_support_corruption_control.csv,auc_bce,0.0033232323721307,0.0028546722542408,long_history
assist_17,sequence_shuffled_support,0.75,44,all,77261,0.7841569319468605,0.0001047083904666,0.5536633824579706,9.453020531180469e-05,0.7842616403373271,0.5535688522526588,27.445545196533203,True,,,,,weak,/home/zsh/ConceptSkillCDM/results/crg_lcrf_core3_final_20260520/crg_support_controls/assist_17/crg_support_corruption_control.csv,auc_bce,0.0015145960835903,0.0014212578394493,all
assist_17,sequence_shuffled_support,0.75,44,graph_hits_history,77261,0.7841569319468605,0.0001047083904666,0.5536633824579706,9.453020531180469e-05,0.7842616403373271,0.5535688522526588,27.445545196533203,True,,,,,weak,/home/zsh/ConceptSkillCDM/results/crg_lcrf_core3_final_20260520/crg_support_controls/assist_17/crg_support_corruption_control.csv,auc_bce,0.0015145960835903,0.0014212578394493,direct_unseen_bridgeable
assist_17,sequence_shuffled_support,0.75,44,high_support_mass,19317,0.7995312296125439,0.0001569570066503,0.5413643507253741,0.000170644776533,0.7996881866191942,0.5411937059488411,27.445545196533203,True,,,,,weak,/home/zsh/ConceptSkillCDM/results/crg_lcrf_core3_final_20260520/crg_support_controls/assist_17/crg_support_corruption_control.csv,auc_bce,0.0024633193165497,0.0023209733068342,high_crg_mass
assist_17,sequence_shuffled_support,0.75,44,query_seq_top5_q4_high,19249,0.7705701906458047,8.256566413833433e-05,0.5498884293056381,9.52771890361248e-05,0.770652756309943,0.549793152116602,27.445545196533203,True,,,,,weak,/home/zsh/ConceptSkillCDM/results/crg_lcrf_core3_final_20260520/crg_support_controls/assist_17/crg_support_corruption_control.csv,auc_bce,0.0009749721723133,0.000888056413881,high_seq_support
assist_17,sequence_shuffled_support,0.75,44,multi_concept,33639,0.7673099090875213,2.651911933448936e-05,0.5693762953156805,3.311425316609995e-05,0.7673364282068558,0.5693431810625144,27.445545196533203,True,,,,,weak,/home/zsh/ConceptSkillCDM/results/crg_lcrf_core3_final_20260520/crg_support_controls/assist_17/crg_support_corruption_control.csv,auc_bce,0.0008523078569507,0.0008528041892781,direct_seen
assist_17,sequence_shuffled_support,0.75,44,direct_seen,73401,0.786269528103658,4.645220539067907e-05,0.550231406374603,3.841878985655356e-05,0.7863159803090487,0.5501929875847464,27.445545196533203,True,,,,,weak,/home/zsh/ConceptSkillCDM/results/crg_lcrf_core3_final_20260520/crg_support_controls/assist_17/crg_support_corruption_control.csv,auc_bce,0.0013629066547022,0.0012302650508342,direct_seen
assist_17,sequence_shuffled_support,0.75,44,direct_unseen,3860,0.7350314945600306,0.0008474899790036,0.61892516393343,0.0011615338337678,0.7358789845390342,0.6177636300996622,27.445545196533203,True,,,,,weak,/home/zsh/ConceptSkillCDM/results/crg_lcrf_core3_final_20260520/crg_support_controls/assist_17/crg_support_corruption_control.csv,auc_bce,0.0022914678373736,0.0050531391029553,direct_unseen
assist_17,sequence_shuffled_support,0.75,44,direct_unseen_bridgeable,3860,0.7350314945600306,0.0008474899790036,0.61892516393343,0.0011615338337678,0.7358789845390342,0.6177636300996622,27.445545196533203,True,,,,,weak,/home/zsh/ConceptSkillCDM/results/crg_lcrf_core3_final_20260520/crg_support_controls/assist_17/crg_support_corruption_control.csv,auc_bce,0.0022914678373736,0.0050531391029553,direct_unseen_bridgeable
assist_17,sequence_shuffled_support,0.75,44,high_seq_support,19249,0.7705701906458047,8.256566413833433e-05,0.5498884293056381,9.52771890361248e-05,0.770652756309943,0.549793152116602,27.445545196533203,True,,,,,weak,/home/zsh/ConceptSkillCDM/results/crg_lcrf_core3_final_20260520/crg_support_controls/assist_17/crg_support_corruption_control.csv,auc_bce,0.0009749721723133,0.000888056413881,high_seq_support
assist_17,sequence_shuffled_support,0.75,44,high_crg_mass,19317,0.7995312296125439,0.0001569570066503,0.5413643507253741,0.000170644776533,0.7996881866191942,0.5411937059488411,27.445545196533203,True,,,,,weak,/home/zsh/ConceptSkillCDM/results/crg_lcrf_core3_final_20260520/crg_support_controls/assist_17/crg_support_corruption_control.csv,auc_bce,0.0024633193165497,0.0023209733068342,high_crg_mass
assist_17,sequence_shuffled_support,0.75,44,short_history,38708,0.7722185507299835,0.0001262215890538,0.5667847077335364,0.000108017708433,0.7723447723190373,0.5666766900251033,27.445545196533203,True,,,,,weak,/home/zsh/ConceptSkillCDM/results/crg_lcrf_core3_final_20260520/crg_support_controls/assist_17/crg_support_corruption_control.csv,auc_bce,0.0008395201797348,0.0007005572903322,short_history
assist_17,sequence_shuffled_support,0.75,44,long_history,38553,0.7953906382240411,7.437850496827547e-05,0.5404893036893508,8.098847650173102e-05,0.7954650167290094,0.540408315212849,27.445545196533203,True,,,,,weak,/home/zsh/ConceptSkillCDM/results/crg_lcrf_core3_final_20260520/crg_support_controls/assist_17/crg_support_corruption_control.csv,auc_bce,0.0021922274592959,0.0021448559214461,long_history
assist_17,sequence_shuffled_support,0.75,45,all,77261,0.7841868002720962,7.484006523095221e-05,0.5536344120908427,6.555983818390398e-05,0.7842616403373271,0.5535688522526588,27.21782112121582,True,,,,,weak,/home/zsh/ConceptSkillCDM/results/crg_lcrf_core3_final_20260520/crg_support_controls/assist_17/crg_support_corruption_control.csv,auc_bce,0.0027576219172509,0.0031585275926094,all
assist_17,sequence_shuffled_support,0.75,45,graph_hits_history,77261,0.7841868002720962,7.484006523095221e-05,0.5536344120908427,6.555983818390398e-05,0.7842616403373271,0.5535688522526588,27.21782112121582,True,,,,,weak,/home/zsh/ConceptSkillCDM/results/crg_lcrf_core3_final_20260520/crg_support_controls/assist_17/crg_support_corruption_control.csv,auc_bce,0.0027576219172509,0.0031585275926094,direct_unseen_bridgeable
assist_17,sequence_shuffled_support,0.75,45,high_support_mass,19317,0.799583523336391,0.0001046632828031,0.5413156861767404,0.0001219802278993,0.7996881866191942,0.5411937059488411,27.21782112121582,True,,,,,weak,/home/zsh/ConceptSkillCDM/results/crg_lcrf_core3_final_20260520/crg_support_controls/assist_17/crg_support_corruption_control.csv,auc_bce,0.0030338051678203,0.0034343167302356,high_crg_mass
assist_17,sequence_shuffled_support,0.75,45,query_seq_top5_q4_high,19249,0.7706168149533419,3.59413566011213e-05,0.5498543587831749,6.120666657294382e-05,0.770652756309943,0.549793152116602,27.21782112121582,True,,,,,weak,/home/zsh/ConceptSkillCDM/results/crg_lcrf_core3_final_20260520/crg_support_controls/assist_17/crg_support_corruption_control.csv,auc_bce,0.0021565042595195,0.002461660121436,high_seq_support
assist_17,sequence_shuffled_support,0.75,45,multi_concept,33639,0.7673372044287918,-7.762219360607503e-07,0.5693513218010295,8.140738515183266e-06,0.7673364282068558,0.5693431810625144,27.21782112121582,True,,,,,weak,/home/zsh/ConceptSkillCDM/results/crg_lcrf_core3_final_20260520/crg_support_controls/assist_17/crg_support_corruption_control.csv,auc_bce,0.001997817378912,0.0019560557043128,direct_seen
assist_17,sequence_shuffled_support,0.75,45,direct_seen,73401,0.7863033351818853,1.264512716336874e-05,0.5502011702396182,8.18265487179115e-06,0.7863159803090487,0.5501929875847464,27.21782112121582,True,,,,,weak,/home/zsh/ConceptSkillCDM/results/crg_lcrf_core3_final_20260520/crg_support_controls/assist_17/crg_support_corruption_control.csv,auc_bce,0.0027159995590828,0.0028704019972137,direct_seen
assist_17,sequence_shuffled_support,0.75,45,direct_unseen,3860,0.7348613421318136,0.0010176424072205,0.6189202631586487,0.0011566330589865,0.7358789845390342,0.6177636300996622,27.21782112121582,True,,,,,weak,/home/zsh/ConceptSkillCDM/results/crg_lcrf_core3_final_20260520/crg_support_controls/assist_17/crg_support_corruption_control.csv,auc_bce,0.0032815695470783,0.0086374671852638,direct_unseen
assist_17,sequence_shuffled_support,0.75,45,direct_unseen_bridgeable,3860,0.7348613421318136,0.0010176424072205,0.6189202631586487,0.0011566330589865,0.7358789845390342,0.6177636300996622,27.21782112121582,True,,,,,weak,/home/zsh/ConceptSkillCDM/results/crg_lcrf_core3_final_20260520/crg_support_controls/assist_17/crg_support_corruption_control.csv,auc_bce,0.0032815695470783,0.0086374671852638,direct_unseen_bridgeable
assist_17,sequence_shuffled_support,0.75,45,high_seq_support,19249,0.7706168149533419,3.59413566011213e-05,0.5498543587831749,6.120666657294382e-05,0.770652756309943,0.549793152116602,27.21782112121582,True,,,,,weak,/home/zsh/ConceptSkillCDM/results/crg_lcrf_core3_final_20260520/crg_support_controls/assist_17/crg_support_corruption_control.csv,auc_bce,0.0021565042595195,0.002461660121436,high_seq_support
assist_17,sequence_shuffled_support,0.75,45,high_crg_mass,19317,0.799583523336391,0.0001046632828031,0.5413156861767404,0.0001219802278993,0.7996881866191942,0.5411937059488411,27.21782112121582,True,,,,,weak,/home/zsh/ConceptSkillCDM/results/crg_lcrf_core3_final_20260520/crg_support_controls/assist_17/crg_support_corruption_control.csv,auc_bce,0.0030338051678203,0.0034343167302356,high_crg_mass
assist_17,sequence_shuffled_support,0.75,45,short_history,38708,0.772253691898905,9.108042013228346e-05,0.5667533915996648,7.67015745614108e-05,0.7723447723190373,0.5666766900251033,27.21782112121582,True,,,,,weak,/home/zsh/ConceptSkillCDM/results/crg_lcrf_core3_final_20260520/crg_support_controls/assist_17/crg_support_corruption_control.csv,auc_bce,0.003617768915146,0.0044301540791003,short_history
assist_17,sequence_shuffled_support,0.75,45,long_history,38553,0.7954133837465466,5.163298246280146e-05,0.5404626885199797,5.437330713065069e-05,0.7954650167290094,0.540408315212849,27.21782112121582,True,,,,,weak,/home/zsh/ConceptSkillCDM/results/crg_lcrf_core3_final_20260520/crg_support_controls/assist_17/crg_support_corruption_control.csv,auc_bce,0.0018179419718111,0.0018817886088964,long_history
assist_17,sequence_shuffled_support,0.75,46,all,77261,0.7842448814835266,1.675885380059139e-05,0.5536103884088901,4.153615623125884e-05,0.7842616403373271,0.5535688522526588,27.2772274017334,True,,,,,weak,/home/zsh/ConceptSkillCDM/results/crg_lcrf_core3_final_20260520/crg_support_controls/assist_17/crg_support_corruption_control.csv,auc_bce,0.0023457564405543,0.0017935834116462,all
assist_17,sequence_shuffled_support,0.75,46,graph_hits_history,77261,0.7842448814835266,1.675885380059139e-05,0.5536103884088901,4.153615623125884e-05,0.7842616403373271,0.5535688522526588,27.2772274017334,True,,,,,weak,/home/zsh/ConceptSkillCDM/results/crg_lcrf_core3_final_20260520/crg_support_controls/assist_17/crg_support_corruption_control.csv,auc_bce,0.0023457564405543,0.0017935834116462,direct_unseen_bridgeable
assist_17,sequence_shuffled_support,0.75,46,high_support_mass,19317,0.7996748504737505,1.333614544363204e-05,0.5412459535848637,5.224763602262872e-05,0.7996881866191942,0.5411937059488411,27.2772274017334,True,,,,,weak,/home/zsh/ConceptSkillCDM/results/crg_lcrf_core3_final_20260520/crg_support_controls/assist_17/crg_support_corruption_control.csv,auc_bce,0.002986884903063,0.0025659545274626,high_crg_mass
assist_17,sequence_shuffled_support,0.75,46,query_seq_top5_q4_high,19249,0.7706098644619891,4.289184795391865e-05,0.5498414294354426,4.827731884060604e-05,0.770652756309943,0.549793152116602,27.2772274017334,True,,,,,weak,/home/zsh/ConceptSkillCDM/results/crg_lcrf_core3_final_20260520/crg_support_controls/assist_17/crg_support_corruption_control.csv,auc_bce,0.0018595822411745,0.0014498030387241,high_seq_support
assist_17,sequence_shuffled_support,0.75,46,multi_concept,33639,0.7673252466579963,1.1181548859484636e-05,0.5693563608511644,1.3179788650008462e-05,0.7673364282068558,0.5693431810625144,27.2772274017334,True,,,,,weak,/home/zsh/ConceptSkillCDM/results/crg_lcrf_core3_final_20260520/crg_support_controls/assist_17/crg_support_corruption_control.csv,auc_bce,0.0020790781128304,0.0018166926261518,direct_seen
assist_17,sequence_shuffled_support,0.75,46,direct_seen,73401,0.7863132200381175,2.7602709311569384e-06,0.550202893695002,9.906110255530898e-06,0.7863159803090487,0.5501929875847464,27.2772274017334,True,,,,,weak,/home/zsh/ConceptSkillCDM/results/crg_lcrf_core3_final_20260520/crg_support_controls/assist_17/crg_support_corruption_control.csv,auc_bce,0.0021508157421346,0.001707349517556,direct_seen
assist_17,sequence_shuffled_support,0.75,46,direct_unseen,3860,0.7360453194448232,-0.0001663349057889,0.6184066369824923,0.0006430068828301,0.7358789845390342,0.6177636300996622,27.2772274017334,True,,,,,weak,/home/zsh/ConceptSkillCDM/results/crg_lcrf_core3_final_20260520/crg_support_controls/assist_17/crg_support_corruption_control.csv,auc_bce,0.0034188640143976,0.0034333901629747,direct_unseen
assist_17,sequence_shuffled_support,0.75,46,direct_unseen_bridgeable,3860,0.7360453194448232,-0.0001663349057889,0.6184066369824923,0.0006430068828301,0.7358789845390342,0.6177636300996622,27.2772274017334,True,,,,,weak,/home/zsh/ConceptSkillCDM/results/crg_lcrf_core3_final_20260520/crg_support_controls/assist_17/crg_support_corruption_control.csv,auc_bce,0.0034188640143976,0.0034333901629747,direct_unseen_bridgeable
assist_17,sequence_shuffled_support,0.75,46,high_seq_support,19249,0.7706098644619891,4.289184795391865e-05,0.5498414294354426,4.827731884060604e-05,0.770652756309943,0.549793152116602,27.2772274017334,True,,,,,weak,/home/zsh/ConceptSkillCDM/results/crg_lcrf_core3_final_20260520/crg_support_controls/assist_17/crg_support_corruption_control.csv,auc_bce,0.0018595822411745,0.0014498030387241,high_seq_support
assist_17,sequence_shuffled_support,0.75,46,high_crg_mass,19317,0.7996748504737505,1.333614544363204e-05,0.5412459535848637,5.224763602262872e-05,0.7996881866191942,0.5411937059488411,27.2772274017334,True,,,,,weak,/home/zsh/ConceptSkillCDM/results/crg_lcrf_core3_final_20260520/crg_support_controls/assist_17/crg_support_corruption_control.csv,auc_bce,0.002986884903063,0.0025659545274626,high_crg_mass
assist_17,sequence_shuffled_support,0.75,46,short_history,38708,0.7723019466314764,4.282568756086569e-05,0.566727122429982,5.0432404878675285e-05,0.7723447723190373,0.5666766900251033,27.2772274017334,True,,,,,weak,/home/zsh/ConceptSkillCDM/results/crg_lcrf_core3_final_20260520/crg_support_controls/assist_17/crg_support_corruption_control.csv,auc_bce,0.0022575700193117,0.0015663116369769,short_history
assist_17,sequence_shuffled_support,0.75,46,long_history,38553,0.7954724912991052,-7.474570095866717e-06,0.5404409193536045,3.260414075545448e-05,0.7954650167290094,0.540408315212849,27.2772274017334,True,,,,,weak,/home/zsh/ConceptSkillCDM/results/crg_lcrf_core3_final_20260520/crg_support_controls/assist_17/crg_support_corruption_control.csv,auc_bce,0.0024178260754044,0.0020217689187119,long_history
assist_17,sequence_shuffled_support,1.0,42,all,77261,0.7840568962763338,0.0002047440609933,0.5537690279535177,0.0002001757008588,0.7842616403373271,0.5535688522526588,27.891088485717773,True,,,,,weak,/home/zsh/ConceptSkillCDM/results/crg_lcrf_core3_final_20260520/crg_support_controls/assist_17/crg_support_corruption_control.csv,auc_bce,0.0025651919276764,0.0156086671294662,all
assist_17,sequence_shuffled_support,1.0,42,graph_hits_history,77261,0.7840568962763338,0.0002047440609933,0.5537690279535177,0.0002001757008588,0.7842616403373271,0.5535688522526588,27.891088485717773,True,,,,,weak,/home/zsh/ConceptSkillCDM/results/crg_lcrf_core3_final_20260520/crg_support_controls/assist_17/crg_support_corruption_control.csv,auc_bce,0.0025651919276764,0.0156086671294662,direct_unseen_bridgeable
assist_17,sequence_shuffled_support,1.0,42,high_support_mass,19317,0.7994533036221492,0.0002348829970449,0.5414612557381666,0.0002675497893255,0.7996881866191942,0.5411937059488411,27.891088485717773,True,,,,,weak,/home/zsh/ConceptSkillCDM/results/crg_lcrf_core3_final_20260520/crg_support_controls/assist_17/crg_support_corruption_control.csv,auc_bce,0.0035686810190314,0.0197989762069616,high_crg_mass
assist_17,sequence_shuffled_support,1.0,42,query_seq_top5_q4_high,19249,0.7704816004603785,0.0001711558495645,0.5500009678570927,0.0002078157404907,0.770652756309943,0.549793152116602,27.891088485717773,True,,,,,weak,/home/zsh/ConceptSkillCDM/results/crg_lcrf_core3_final_20260520/crg_support_controls/assist_17/crg_support_corruption_control.csv,auc_bce,0.0008219813404456,0.0145133406935863,high_seq_support
assist_17,sequence_shuffled_support,1.0,42,multi_concept,33639,0.7673212307875638,1.5197419292012349e-05,0.5693656151536539,2.2434091139555967e-05,0.7673364282068558,0.5693431810625144,27.891088485717773,True,,,,,weak,/home/zsh/ConceptSkillCDM/results/crg_lcrf_core3_final_20260520/crg_support_controls/assist_17/crg_support_corruption_control.csv,auc_bce,0.0017187404376014,0.0125137819194248,direct_seen
assist_17,sequence_shuffled_support,1.0,42,direct_seen,73401,0.7862151218700844,0.0001008584389643,0.5502687043806231,7.571679587670133e-05,0.7863159803090487,0.5501929875847464,27.891088485717773,True,,,,,weak,/home/zsh/ConceptSkillCDM/results/crg_lcrf_core3_final_20260520/crg_support_controls/assist_17/crg_support_corruption_control.csv,auc_bce,0.0022832554173929,0.0137573968836639,direct_seen
assist_17,sequence_shuffled_support,1.0,42,direct_unseen,3860,0.7345622119815668,0.0013167725574674,0.6203304918328012,0.002566861733139,0.7358789845390342,0.6177636300996622,27.891088485717773,True,,,,,weak,/home/zsh/ConceptSkillCDM/results/crg_lcrf_core3_final_20260520/crg_support_controls/assist_17/crg_support_corruption_control.csv,auc_bce,0.006123578654596,0.0508120576248406,direct_unseen
assist_17,sequence_shuffled_support,1.0,42,direct_unseen_bridgeable,3860,0.7345622119815668,0.0013167725574674,0.6203304918328012,0.002566861733139,0.7358789845390342,0.6177636300996622,27.891088485717773,True,,,,,weak,/home/zsh/ConceptSkillCDM/results/crg_lcrf_core3_final_20260520/crg_support_controls/assist_17/crg_support_corruption_control.csv,auc_bce,0.006123578654596,0.0508120576248406,direct_unseen_bridgeable
assist_17,sequence_shuffled_support,1.0,42,high_seq_support,19249,0.7704816004603785,0.0001711558495645,0.5500009678570927,0.0002078157404907,0.770652756309943,0.549793152116602,27.891088485717773,True,,,,,weak,/home/zsh/ConceptSkillCDM/results/crg_lcrf_core3_final_20260520/crg_support_controls/assist_17/crg_support_corruption_control.csv,auc_bce,0.0008219813404456,0.0145133406935863,high_seq_support
assist_17,sequence_shuffled_support,1.0,42,high_crg_mass,19317,0.7994533036221492,0.0002348829970449,0.5414612557381666,0.0002675497893255,0.7996881866191942,0.5411937059488411,27.891088485717773,True,,,,,weak,/home/zsh/ConceptSkillCDM/results/crg_lcrf_core3_final_20260520/crg_support_controls/assist_17/crg_support_corruption_control.csv,auc_bce,0.0035686810190314,0.0197989762069616,high_crg_mass
assist_17,sequence_shuffled_support,1.0,42,short_history,38708,0.7721067895175833,0.000237982801454,0.5668902833048174,0.000213593279714,0.7723447723190373,0.5666766900251033,27.891088485717773,True,,,,,weak,/home/zsh/ConceptSkillCDM/results/crg_lcrf_core3_final_20260520/crg_support_controls/assist_17/crg_support_corruption_control.csv,auc_bce,0.0019539627768387,0.0150612352945888,short_history
assist_17,sequence_shuffled_support,1.0,42,long_history,38553,0.7952963431184968,0.0001686736105125,0.5405950193902903,0.0001867041774412,0.7954650167290094,0.540408315212849,27.891088485717773,True,,,,,weak,/home/zsh/ConceptSkillCDM/results/crg_lcrf_core3_final_20260520/crg_support_controls/assist_17/crg_support_corruption_control.csv,auc_bce,0.0032301860080118,0.0161582998808591,long_history
assist_17,sequence_shuffled_support,1.0,43,all,77261,0.7841380226552923,0.0001236176820348,0.5537075373467805,0.0001386850941216,0.7842616403373271,0.5535688522526588,27.69306945800781,True,,,,,weak,/home/zsh/ConceptSkillCDM/results/crg_lcrf_core3_final_20260520/crg_support_controls/assist_17/crg_support_corruption_control.csv,auc_bce,0.0025853837932653,0.016397177997669,all
assist_17,sequence_shuffled_support,1.0,43,graph_hits_history,77261,0.7841380226552923,0.0001236176820348,0.5537075373467805,0.0001386850941216,0.7842616403373271,0.5535688522526588,27.69306945800781,True,,,,,weak,/home/zsh/ConceptSkillCDM/results/crg_lcrf_core3_final_20260520/crg_support_controls/assist_17/crg_support_corruption_control.csv,auc_bce,0.0025853837932653,0.016397177997669,direct_unseen_bridgeable
assist_17,sequence_shuffled_support,1.0,43,high_support_mass,19317,0.7994946554232525,0.0001935311959416,0.5414417919002876,0.0002480859514465,0.7996881866191942,0.5411937059488411,27.69306945800781,True,,,,,weak,/home/zsh/ConceptSkillCDM/results/crg_lcrf_core3_final_20260520/crg_support_controls/assist_17/crg_support_corruption_control.csv,auc_bce,0.0029953188504453,0.0200096119723418,high_crg_mass
assist_17,sequence_shuffled_support,1.0,43,query_seq_top5_q4_high,19249,0.7704737582941482,0.0001789980157947,0.5500180221597181,0.0002248700431161,0.770652756309943,0.549793152116602,27.69306945800781,True,,,,,weak,/home/zsh/ConceptSkillCDM/results/crg_lcrf_core3_final_20260520/crg_support_controls/assist_17/crg_support_corruption_control.csv,auc_bce,0.0012700593981217,0.0178122366556821,high_seq_support
assist_17,sequence_shuffled_support,1.0,43,multi_concept,33639,0.767348420117042,-1.1991910186193168e-05,0.5693487578907181,5.576828203790463e-06,0.7673364282068558,0.5693431810625144,27.69306945800781,True,,,,,weak,/home/zsh/ConceptSkillCDM/results/crg_lcrf_core3_final_20260520/crg_support_controls/assist_17/crg_support_corruption_control.csv,auc_bce,0.0016153340199782,0.0134035975129661,direct_seen
assist_17,sequence_shuffled_support,1.0,43,direct_seen,73401,0.7862807575424005,3.5222766648246306e-05,0.5502297258642208,3.6738279474368696e-05,0.7863159803090487,0.5501929875847464,27.69306945800781,True,,,,,weak,/home/zsh/ConceptSkillCDM/results/crg_lcrf_core3_final_20260520/crg_support_controls/assist_17/crg_support_corruption_control.csv,auc_bce,0.0022914643678297,0.0144192916995142,direct_seen
assist_17,sequence_shuffled_support,1.0,43,direct_unseen,3860,0.7345541679164509,0.0013248166225833,0.619840915748688,0.0020772856490258,0.7358789845390342,0.6177636300996622,27.69306945800781,True,,,,,weak,/home/zsh/ConceptSkillCDM/results/crg_lcrf_core3_final_20260520/crg_support_controls/assist_17/crg_support_corruption_control.csv,auc_bce,0.0066940255774002,0.0540082744149893,direct_unseen
assist_17,sequence_shuffled_support,1.0,43,direct_unseen_bridgeable,3860,0.7345541679164509,0.0013248166225833,0.619840915748688,0.0020772856490258,0.7358789845390342,0.6177636300996622,27.69306945800781,True,,,,,weak,/home/zsh/ConceptSkillCDM/results/crg_lcrf_core3_final_20260520/crg_support_controls/assist_17/crg_support_corruption_control.csv,auc_bce,0.0066940255774002,0.0540082744149893,direct_unseen_bridgeable
assist_17,sequence_shuffled_support,1.0,43,high_seq_support,19249,0.7704737582941482,0.0001789980157947,0.5500180221597181,0.0002248700431161,0.770652756309943,0.549793152116602,27.69306945800781,True,,,,,weak,/home/zsh/ConceptSkillCDM/results/crg_lcrf_core3_final_20260520/crg_support_controls/assist_17/crg_support_corruption_control.csv,auc_bce,0.0012700593981217,0.0178122366556821,high_seq_support
assist_17,sequence_shuffled_support,1.0,43,high_crg_mass,19317,0.7994946554232525,0.0001935311959416,0.5414417919002876,0.0002480859514465,0.7996881866191942,0.5411937059488411,27.69306945800781,True,,,,,weak,/home/zsh/ConceptSkillCDM/results/crg_lcrf_core3_final_20260520/crg_support_controls/assist_17/crg_support_corruption_control.csv,auc_bce,0.0029953188504453,0.0200096119723418,high_crg_mass
assist_17,sequence_shuffled_support,1.0,43,short_history,38708,0.7721949363390208,0.0001498359800164,0.566831144643183,0.0001544546180796,0.7723447723190373,0.5666766900251033,27.69306945800781,True,,,,,weak,/home/zsh/ConceptSkillCDM/results/crg_lcrf_core3_final_20260520/crg_support_controls/assist_17/crg_support_corruption_control.csv,auc_bce,0.0023414943999812,0.0159638870032303,short_history
assist_17,sequence_shuffled_support,1.0,43,long_history,38553,0.7953802480902645,8.476863874484764e-05,0.5405311673825977,0.0001228521697486,0.7954650167290094,0.540408315212849,27.69306945800781,True,,,,,weak,/home/zsh/ConceptSkillCDM/results/crg_lcrf_core3_final_20260520/crg_support_controls/assist_17/crg_support_corruption_control.csv,auc_bce,0.0028602133543489,0.0168322110122913,long_history
assist_17,sequence_shuffled_support,1.0,44,all,77261,0.784215462569506,4.61777678211206e-05,0.5536242892192238,5.5436966564959e-05,0.7842616403373271,0.5535688522526588,27.8217830657959,True,,,,,weak,/home/zsh/ConceptSkillCDM/results/crg_lcrf_core3_final_20260520/crg_support_controls/assist_17/crg_support_corruption_control.csv,auc_bce,0.0021581100778508,0.0195904650013907,all
assist_17,sequence_shuffled_support,1.0,44,graph_hits_history,77261,0.784215462569506,4.61777678211206e-05,0.5536242892192238,5.5436966564959e-05,0.7842616403373271,0.5535688522526588,27.8217830657959,True,,,,,weak,/home/zsh/ConceptSkillCDM/results/crg_lcrf_core3_final_20260520/crg_support_controls/assist_17/crg_support_corruption_control.csv,auc_bce,0.0021581100778508,0.0195904650013907,direct_unseen_bridgeable
assist_17,sequence_shuffled_support,1.0,44,high_support_mass,19317,0.7995992212037735,8.896541542069425e-05,0.5412942735536491,0.000100567604808,0.7996881866191942,0.5411937059488411,27.8217830657959,True,,,,,weak,/home/zsh/ConceptSkillCDM/results/crg_lcrf_core3_final_20260520/crg_support_controls/assist_17/crg_support_corruption_control.csv,auc_bce,0.0029040242138466,0.0214565146563938,high_crg_mass
assist_17,sequence_shuffled_support,1.0,44,query_seq_top5_q4_high,19249,0.770550368027374,0.000102388282569,0.5498783993919694,8.524727536740606e-05,0.770652756309943,0.549793152116602,27.8217830657959,True,,,,,weak,/home/zsh/ConceptSkillCDM/results/crg_lcrf_core3_final_20260520/crg_support_controls/assist_17/crg_support_corruption_control.csv,auc_bce,0.0006329748457374,0.0126511072515489,high_seq_support
assist_17,sequence_shuffled_support,1.0,44,multi_concept,33639,0.7673174107694254,1.901743743037976e-05,0.569365163674328,2.198261181363126e-05,0.7673364282068558,0.5693431810625144,27.8217830657959,True,,,,,weak,/home/zsh/ConceptSkillCDM/results/crg_lcrf_core3_final_20260520/crg_support_controls/assist_17/crg_support_corruption_control.csv,auc_bce,0.0011056239327622,0.0140242327844153,direct_seen
assist_17,sequence_shuffled_support,1.0,44,direct_seen,73401,0.7862835760596626,3.240424938610875e-05,0.5502338902202776,4.090263553113704e-05,0.7863159803090487,0.5501929875847464,27.8217830657959,True,,,,,weak,/home/zsh/ConceptSkillCDM/results/crg_lcrf_core3_final_20260520/crg_support_controls/assist_17/crg_support_corruption_control.csv,auc_bce,0.0022942548965951,0.0181130408910371,direct_seen
assist_17,sequence_shuffled_support,1.0,44,direct_unseen,3860,0.7355921249965915,0.0002868595424426,0.6180954490434859,0.0003318189438237,0.7358789845390342,0.6177636300996622,27.8217830657959,True,,,,,weak,/home/zsh/ConceptSkillCDM/results/crg_lcrf_core3_final_20260520/crg_support_controls/assist_17/crg_support_corruption_control.csv,auc_bce,0.0043082104000218,0.0476848709920798,direct_unseen
assist_17,sequence_shuffled_support,1.0,44,direct_unseen_bridgeable,3860,0.7355921249965915,0.0002868595424426,0.6180954490434859,0.0003318189438237,0.7358789845390342,0.6177636300996622,27.8217830657959,True,,,,,weak,/home/zsh/ConceptSkillCDM/results/crg_lcrf_core3_final_20260520/crg_support_controls/assist_17/crg_support_corruption_control.csv,auc_bce,0.0043082104000218,0.0476848709920798,direct_unseen_bridgeable
assist_17,sequence_shuffled_support,1.0,44,high_seq_support,19249,0.770550368027374,0.000102388282569,0.5498783993919694,8.524727536740606e-05,0.770652756309943,0.549793152116602,27.8217830657959,True,,,,,weak,/home/zsh/ConceptSkillCDM/results/crg_lcrf_core3_final_20260520/crg_support_controls/assist_17/crg_support_corruption_control.csv,auc_bce,0.0006329748457374,0.0126511072515489,high_seq_support
assist_17,sequence_shuffled_support,1.0,44,high_crg_mass,19317,0.7995992212037735,8.896541542069425e-05,0.5412942735536491,0.000100567604808,0.7996881866191942,0.5411937059488411,27.8217830657959,True,,,,,weak,/home/zsh/ConceptSkillCDM/results/crg_lcrf_core3_final_20260520/crg_support_controls/assist_17/crg_support_corruption_control.csv,auc_bce,0.0029040242138466,0.0214565146563938,high_crg_mass
assist_17,sequence_shuffled_support,1.0,44,short_history,38708,0.7722890851739643,5.568714507298012e-05,0.5667310708405148,5.438081541142559e-05,0.7723447723190373,0.5666766900251033,27.8217830657959,True,,,,,weak,/home/zsh/ConceptSkillCDM/results/crg_lcrf_core3_final_20260520/crg_support_controls/assist_17/crg_support_corruption_control.csv,auc_bce,0.00138171015538,0.0200413023791741,short_history
assist_17,sequence_shuffled_support,1.0,44,long_history,38553,0.7954340278627768,3.0988866232539714e-05,0.5404648125767594,5.6497363910335e-05,0.7954650167290094,0.540408315212849,27.8217830657959,True,,,,,weak,/home/zsh/ConceptSkillCDM/results/crg_lcrf_core3_final_20260520/crg_support_controls/assist_17/crg_support_corruption_control.csv,auc_bce,0.0029090187901479,0.0191378150592528,long_history
assist_17,sequence_shuffled_support,1.0,45,all,77261,0.7841780416863773,8.359865094986763e-05,0.5536748865431897,0.0001060342905309,0.7842616403373271,0.5535688522526588,27.653465270996094,True,,,,,weak,/home/zsh/ConceptSkillCDM/results/crg_lcrf_core3_final_20260520/crg_support_controls/assist_17/crg_support_corruption_control.csv,auc_bce,0.0034627977838345,0.0185614354335442,all
assist_17,sequence_shuffled_support,1.0,45,graph_hits_history,77261,0.7841780416863773,8.359865094986763e-05,0.5536748865431897,0.0001060342905309,0.7842616403373271,0.5535688522526588,27.653465270996094,True,,,,,weak,/home/zsh/ConceptSkillCDM/results/crg_lcrf_core3_final_20260520/crg_support_controls/assist_17/crg_support_corruption_control.csv,auc_bce,0.0034627977838345,0.0185614354335442,direct_unseen_bridgeable
assist_17,sequence_shuffled_support,1.0,45,high_support_mass,19317,0.7995880409421181,0.000100145677076,0.5413612657211947,0.0001675597723536,0.7996881866191942,0.5411937059488411,27.653465270996094,True,,,,,weak,/home/zsh/ConceptSkillCDM/results/crg_lcrf_core3_final_20260520/crg_support_controls/assist_17/crg_support_corruption_control.csv,auc_bce,0.0040106263620256,0.0224283274648358,high_crg_mass
assist_17,sequence_shuffled_support,1.0,45,query_seq_top5_q4_high,19249,0.7705527058159951,0.0001000504939479,0.5499615878114257,0.0001684356948237,0.770652756309943,0.549793152116602,27.653465270996094,True,,,,,weak,/home/zsh/ConceptSkillCDM/results/crg_lcrf_core3_final_20260520/crg_support_controls/assist_17/crg_support_corruption_control.csv,auc_bce,0.0020114127525283,0.0166401223788774,high_seq_support
assist_17,sequence_shuffled_support,1.0,45,multi_concept,33639,0.7673350518503674,1.3763564883362278e-06,0.5693612122670639,1.803120454957341e-05,0.7673364282068558,0.5693431810625144,27.653465270996094,True,,,,,weak,/home/zsh/ConceptSkillCDM/results/crg_lcrf_core3_final_20260520/crg_support_controls/assist_17/crg_support_corruption_control.csv,auc_bce,0.0024633816403315,0.0151927662186591,direct_seen
assist_17,sequence_shuffled_support,1.0,45,direct_seen,73401,0.7863155097997259,4.705093228363211e-07,0.5502049891916763,1.2001606929823438e-05,0.7863159803090487,0.5501929875847464,27.653465270996094,True,,,,,weak,/home/zsh/ConceptSkillCDM/results/crg_lcrf_core3_final_20260520/crg_support_controls/assist_17/crg_support_corruption_control.csv,auc_bce,0.0033403253388908,0.0168296311748953,direct_seen
assist_17,sequence_shuffled_support,1.0,45,direct_unseen,3860,0.7345762550104982,0.001302729528536,0.6196577713873465,0.0018941412876842,0.7358789845390342,0.6177636300996622,27.653465270996094,True,,,,,weak,/home/zsh/ConceptSkillCDM/results/crg_lcrf_core3_final_20260520/crg_support_controls/assist_17/crg_support_corruption_control.csv,auc_bce,0.0070835492051374,0.0514930842390092,direct_unseen
assist_17,sequence_shuffled_support,1.0,45,direct_unseen_bridgeable,3860,0.7345762550104982,0.001302729528536,0.6196577713873465,0.0018941412876842,0.7358789845390342,0.6177636300996622,27.653465270996094,True,,,,,weak,/home/zsh/ConceptSkillCDM/results/crg_lcrf_core3_final_20260520/crg_support_controls/assist_17/crg_support_corruption_control.csv,auc_bce,0.0070835492051374,0.0514930842390092,direct_unseen_bridgeable
assist_17,sequence_shuffled_support,1.0,45,high_seq_support,19249,0.7705527058159951,0.0001000504939479,0.5499615878114257,0.0001684356948237,0.770652756309943,0.549793152116602,27.653465270996094,True,,,,,weak,/home/zsh/ConceptSkillCDM/results/crg_lcrf_core3_final_20260520/crg_support_controls/assist_17/crg_support_corruption_control.csv,auc_bce,0.0020114127525283,0.0166401223788774,high_seq_support
assist_17,sequence_shuffled_support,1.0,45,high_crg_mass,19317,0.7995880409421181,0.000100145677076,0.5413612657211947,0.0001675597723536,0.7996881866191942,0.5411937059488411,27.653465270996094,True,,,,,weak,/home/zsh/ConceptSkillCDM/results/crg_lcrf_core3_final_20260520/crg_support_controls/assist_17/crg_support_corruption_control.csv,auc_bce,0.0040106263620256,0.0224283274648358,high_crg_mass
assist_17,sequence_shuffled_support,1.0,45,short_history,38708,0.7722226976737263,0.0001220746453109,0.5668111578826415,0.0001344678575381,0.7723447723190373,0.5666766900251033,27.653465270996094,True,,,,,weak,/home/zsh/ConceptSkillCDM/results/crg_lcrf_core3_final_20260520/crg_support_controls/assist_17/crg_support_corruption_control.csv,auc_bce,0.0032585742915265,0.0179245659162642,short_history
assist_17,sequence_shuffled_support,1.0,45,long_history,38553,0.795430057470161,3.495925884833273e-05,0.5404858016209398,7.748640809079888e-05,0.7954650167290094,0.540408315212849,27.653465270996094,True,,,,,weak,/home/zsh/ConceptSkillCDM/results/crg_lcrf_core3_final_20260520/crg_support_controls/assist_17/crg_support_corruption_control.csv,auc_bce,0.0037371433956184,0.0192008654461213,long_history
assist_17,sequence_shuffled_support,1.0,46,all,77261,0.784191147755759,7.049258156810456e-05,0.5536378916127805,6.90393601217032e-05,0.7842616403373271,0.5535688522526588,27.346534729003903,True,,,,,weak,/home/zsh/ConceptSkillCDM/results/crg_lcrf_core3_final_20260520/crg_support_controls/assist_17/crg_support_corruption_control.csv,auc_bce,0.0049185948227895,0.0170170564952603,all
assist_17,sequence_shuffled_support,1.0,46,graph_hits_history,77261,0.784191147755759,7.049258156810456e-05,0.5536378916127805,6.90393601217032e-05,0.7842616403373271,0.5535688522526588,27.346534729003903,True,,,,,weak,/home/zsh/ConceptSkillCDM/results/crg_lcrf_core3_final_20260520/crg_support_controls/assist_17/crg_support_corruption_control.csv,auc_bce,0.0049185948227895,0.0170170564952603,direct_unseen_bridgeable
assist_17,sequence_shuffled_support,1.0,46,high_support_mass,19317,0.7995910364288893,9.715019030487326e-05,0.5412892340232701,9.552807442902989e-05,0.7996881866191942,0.5411937059488411,27.346534729003903,True,,,,,weak,/home/zsh/ConceptSkillCDM/results/crg_lcrf_core3_final_20260520/crg_support_controls/assist_17/crg_support_corruption_control.csv,auc_bce,0.0047423647371426,0.0210841879385322,high_crg_mass
assist_17,sequence_shuffled_support,1.0,46,query_seq_top5_q4_high,19249,0.770581856725452,7.089958449102429e-05,0.5498454948371038,5.234272050180788e-05,0.770652756309943,0.549793152116602,27.346534729003903,True,,,,,weak,/home/zsh/ConceptSkillCDM/results/crg_lcrf_core3_final_20260520/crg_support_controls/assist_17/crg_support_corruption_control.csv,auc_bce,0.0008102809656107,0.0178065766845865,high_seq_support
assist_17,sequence_shuffled_support,1.0,46,multi_concept,33639,0.7672842578274345,5.217037942129021e-05,0.5693930188189018,4.9837756387449694e-05,0.7673364282068558,0.5693431810625144,27.346534729003903,True,,,,,weak,/home/zsh/ConceptSkillCDM/results/crg_lcrf_core3_final_20260520/crg_support_controls/assist_17/crg_support_corruption_control.csv,auc_bce,0.0025328624876482,0.0136694997166638,direct_seen
assist_17,sequence_shuffled_support,1.0,46,direct_seen,73401,0.7862533443227769,6.263598627176403e-05,0.550249844691,5.685710625358276e-05,0.7863159803090487,0.5501929875847464,27.346534729003903,True,,,,,weak,/home/zsh/ConceptSkillCDM/results/crg_lcrf_core3_final_20260520/crg_support_controls/assist_17/crg_support_corruption_control.csv,auc_bce,0.0046449224993987,0.0150981807671162,direct_seen
assist_17,sequence_shuffled_support,1.0,46,direct_unseen,3860,0.7358874376244102,-8.453085376003422e-06,0.6180643248007602,0.000300694701098,0.7358789845390342,0.6177636300996622,27.346534729003903,True,,,,,weak,/home/zsh/ConceptSkillCDM/results/crg_lcrf_core3_final_20260520/crg_support_controls/assist_17/crg_support_corruption_control.csv,auc_bce,0.0061080358847108,0.0535060195319195,direct_unseen
assist_17,sequence_shuffled_support,1.0,46,direct_unseen_bridgeable,3860,0.7358874376244102,-8.453085376003422e-06,0.6180643248007602,0.000300694701098,0.7358789845390342,0.6177636300996622,27.346534729003903,True,,,,,weak,/home/zsh/ConceptSkillCDM/results/crg_lcrf_core3_final_20260520/crg_support_controls/assist_17/crg_support_corruption_control.csv,auc_bce,0.0061080358847108,0.0535060195319195,direct_unseen_bridgeable
assist_17,sequence_shuffled_support,1.0,46,high_seq_support,19249,0.770581856725452,7.089958449102429e-05,0.5498454948371038,5.234272050180788e-05,0.770652756309943,0.549793152116602,27.346534729003903,True,,,,,weak,/home/zsh/ConceptSkillCDM/results/crg_lcrf_core3_final_20260520/crg_support_controls/assist_17/crg_support_corruption_control.csv,auc_bce,0.0008102809656107,0.0178065766845865,high_seq_support
assist_17,sequence_shuffled_support,1.0,46,high_crg_mass,19317,0.7995910364288893,9.715019030487326e-05,0.5412892340232701,9.552807442902989e-05,0.7996881866191942,0.5411937059488411,27.346534729003903,True,,,,,weak,/home/zsh/ConceptSkillCDM/results/crg_lcrf_core3_final_20260520/crg_support_controls/assist_17/crg_support_corruption_control.csv,auc_bce,0.0047423647371426,0.0210841879385322,high_crg_mass
assist_17,sequence_shuffled_support,1.0,46,short_history,38708,0.772248285772634,9.648654640326272e-05,0.5667510234248251,7.433339972173769e-05,0.7723447723190373,0.5666766900251033,27.346534729003903,True,,,,,weak,/home/zsh/ConceptSkillCDM/results/crg_lcrf_core3_final_20260520/crg_support_controls/assist_17/crg_support_corruption_control.csv,auc_bce,0.0053328119185214,0.0162129115343163,short_history
assist_17,sequence_shuffled_support,1.0,46,long_history,38553,0.7954205158754368,4.450085357254885e-05,0.5404720392490049,6.372403615584332e-05,0.7954650167290094,0.540408315212849,27.346534729003903,True,,,,,weak,/home/zsh/ConceptSkillCDM/results/crg_lcrf_core3_final_20260520/crg_support_controls/assist_17/crg_support_corruption_control.csv,auc_bce,0.004523172487553,0.0178244344722848,long_history
assist_17,self_only_fallback,0.0,42,all,77261,0.7842616403373271,0.0,0.5535688522510871,-1.5717427359618341e-12,0.7842616403373271,0.5535688522526588,25.8217830657959,True,,,,,weak,/home/zsh/ConceptSkillCDM/results/crg_lcrf_core3_final_20260520/crg_support_controls/assist_17/crg_support_corruption_control.csv,auc_bce,0.0,-1.5717427359618341e-12,all
assist_17,self_only_fallback,0.0,42,graph_hits_history,77261,0.7842616403373271,0.0,0.5535688522510871,-1.5717427359618341e-12,0.7842616403373271,0.5535688522526588,25.8217830657959,True,,,,,weak,/home/zsh/ConceptSkillCDM/results/crg_lcrf_core3_final_20260520/crg_support_controls/assist_17/crg_support_corruption_control.csv,auc_bce,0.0,-1.5717427359618341e-12,direct_unseen_bridgeable
assist_17,self_only_fallback,0.0,42,high_support_mass,19317,0.7996881866191942,0.0,0.5411937059488411,0.0,0.7996881866191942,0.5411937059488411,25.8217830657959,True,,,,,weak,/home/zsh/ConceptSkillCDM/results/crg_lcrf_core3_final_20260520/crg_support_controls/assist_17/crg_support_corruption_control.csv,auc_bce,0.0,0.0,high_crg_mass
assist_17,self_only_fallback,0.0,42,query_seq_top5_q4_high,19249,0.770652756309943,0.0,0.549793152116602,0.0,0.770652756309943,0.549793152116602,25.8217830657959,True,,,,,weak,/home/zsh/ConceptSkillCDM/results/crg_lcrf_core3_final_20260520/crg_support_controls/assist_17/crg_support_corruption_control.csv,auc_bce,0.0,0.0,high_seq_support
assist_17,self_only_fallback,0.0,42,multi_concept,33639,0.7673364282068558,0.0,0.5693431810589047,-3.6096681199637723e-12,0.7673364282068558,0.5693431810625144,25.8217830657959,True,,,,,weak,/home/zsh/ConceptSkillCDM/results/crg_lcrf_core3_final_20260520/crg_support_controls/assist_17/crg_support_corruption_control.csv,auc_bce,0.0,-3.6096681199637723e-12,direct_seen
assist_17,self_only_fallback,0.0,42,direct_seen,73401,0.7863159803090487,0.0,0.5501929875830921,-1.654343328993946e-12,0.7863159803090487,0.5501929875847464,25.8217830657959,True,,,,,weak,/home/zsh/ConceptSkillCDM/results/crg_lcrf_core3_final_20260520/crg_support_controls/assist_17/crg_support_corruption_control.csv,auc_bce,0.0,-1.654343328993946e-12,direct_seen
assist_17,self_only_fallback,0.0,42,direct_unseen,3860,0.7358789845390342,0.0,0.6177636300996622,0.0,0.7358789845390342,0.6177636300996622,25.8217830657959,True,,,,,weak,/home/zsh/ConceptSkillCDM/results/crg_lcrf_core3_final_20260520/crg_support_controls/assist_17/crg_support_corruption_control.csv,auc_bce,0.0,0.0,direct_unseen
assist_17,self_only_fallback,0.0,42,direct_unseen_bridgeable,3860,0.7358789845390342,0.0,0.6177636300996622,0.0,0.7358789845390342,0.6177636300996622,25.8217830657959,True,,,,,weak,/home/zsh/ConceptSkillCDM/results/crg_lcrf_core3_final_20260520/crg_support_controls/assist_17/crg_support_corruption_control.csv,auc_bce,0.0,0.0,direct_unseen_bridgeable
assist_17,self_only_fallback,0.0,42,high_seq_support,19249,0.770652756309943,0.0,0.549793152116602,0.0,0.770652756309943,0.549793152116602,25.8217830657959,True,,,,,weak,/home/zsh/ConceptSkillCDM/results/crg_lcrf_core3_final_20260520/crg_support_controls/assist_17/crg_support_corruption_control.csv,auc_bce,0.0,0.0,high_seq_support
assist_17,self_only_fallback,0.0,42,high_crg_mass,19317,0.7996881866191942,0.0,0.5411937059488411,0.0,0.7996881866191942,0.5411937059488411,25.8217830657959,True,,,,,weak,/home/zsh/ConceptSkillCDM/results/crg_lcrf_core3_final_20260520/crg_support_controls/assist_17/crg_support_corruption_control.csv,auc_bce,0.0,0.0,high_crg_mass
assist_17,self_only_fallback,0.0,42,short_history,38708,0.7723447723190373,0.0,0.5666766900251033,0.0,0.7723447723190373,0.5666766900251033,25.8217830657959,True,,,,,weak,/home/zsh/ConceptSkillCDM/results/crg_lcrf_core3_final_20260520/crg_support_controls/assist_17/crg_support_corruption_control.csv,auc_bce,0.0,0.0,short_history
assist_17,self_only_fallback,0.0,42,long_history,38553,0.7954650167290094,0.0,0.5404083152096995,-3.1495916985591066e-12,0.7954650167290094,0.540408315212849,25.8217830657959,True,,,,,weak,/home/zsh/ConceptSkillCDM/results/crg_lcrf_core3_final_20260520/crg_support_controls/assist_17/crg_support_corruption_control.csv,auc_bce,0.0,-3.1495916985591066e-12,long_history
assist_17,self_only_fallback,0.25,42,all,77261,0.7731935181362601,0.011068122201067,0.5758563901057201,0.0222875378530612,0.7842616403373271,0.5535688522526588,1.0,True,,,,,weak,/home/zsh/ConceptSkillCDM/results/crg_lcrf_core3_final_20260520/crg_support_controls/assist_17/crg_support_corruption_control.csv,auc_bce,0.0001654714403594,9.888169616012464e-05,all
assist_17,self_only_fallback,0.25,42,graph_hits_history,77261,0.7731935181362601,0.011068122201067,0.5758563901057201,0.0222875378530612,0.7842616403373271,0.5535688522526588,1.0,True,,,,,weak,/home/zsh/ConceptSkillCDM/results/crg_lcrf_core3_final_20260520/crg_support_controls/assist_17/crg_support_corruption_control.csv,auc_bce,0.0001654714403594,9.888169616012464e-05,direct_unseen_bridgeable
assist_17,self_only_fallback,0.25,42,high_support_mass,19317,0.78591305881862,0.0137751278005742,0.5727488048362989,0.0315550988874577,0.7996881866191942,0.5411937059488411,1.0,True,,,,,weak,/home/zsh/ConceptSkillCDM/results/crg_lcrf_core3_final_20260520/crg_support_controls/assist_17/crg_support_corruption_control.csv,auc_bce,6.931328882875398e-05,0.0001444271820694,high_crg_mass
assist_17,self_only_fallback,0.25,42,query_seq_top5_q4_high,19249,0.7603212681720197,0.0103314881379232,0.5839746148140424,0.0341814626974404,0.770652756309943,0.549793152116602,1.0,True,,,,,weak,/home/zsh/ConceptSkillCDM/results/crg_lcrf_core3_final_20260520/crg_support_controls/assist_17/crg_support_corruption_control.csv,auc_bce,0.0001711787130227,3.366937796867031e-05,high_seq_support
assist_17,self_only_fallback,0.25,42,multi_concept,33639,0.7608242675582391,0.0065121606486167,0.5886815723487195,0.0193383912862051,0.7673364282068558,0.5693431810625144,1.0,True,,,,,weak,/home/zsh/ConceptSkillCDM/results/crg_lcrf_core3_final_20260520/crg_support_controls/assist_17/crg_support_corruption_control.csv,auc_bce,0.0001440700255681,0.0001867286160122,direct_seen
assist_17,self_only_fallback,0.25,42,direct_seen,73401,0.7778502887444609,0.0084656915645877,0.5672120349273437,0.0170190473425972,0.7863159803090487,0.5501929875847464,1.0,True,,,,,weak,/home/zsh/ConceptSkillCDM/results/crg_lcrf_core3_final_20260520/crg_support_controls/assist_17/crg_support_corruption_control.csv,auc_bce,0.0001485769347192,0.0001126849358745,direct_seen
assist_17,self_only_fallback,0.25,42,direct_unseen,3860,0.7212382406675211,0.0146407438715131,0.7402357461803314,0.1224721160806692,0.7358789845390342,0.6177636300996622,1.0,True,,,,,weak,/home/zsh/ConceptSkillCDM/results/crg_lcrf_core3_final_20260520/crg_support_controls/assist_17/crg_support_corruption_control.csv,auc_bce,0.0019804760995828,-0.000163597992511,direct_unseen
assist_17,self_only_fallback,0.25,42,direct_unseen_bridgeable,3860,0.7212382406675211,0.0146407438715131,0.7402357461803314,0.1224721160806692,0.7358789845390342,0.6177636300996622,1.0,True,,,,,weak,/home/zsh/ConceptSkillCDM/results/crg_lcrf_core3_final_20260520/crg_support_controls/assist_17/crg_support_corruption_control.csv,auc_bce,0.0019804760995828,-0.000163597992511,direct_unseen_bridgeable
assist_17,self_only_fallback,0.25,42,high_seq_support,19249,0.7603212681720197,0.0103314881379232,0.5839746148140424,0.0341814626974404,0.770652756309943,0.549793152116602,1.0,True,,,,,weak,/home/zsh/ConceptSkillCDM/results/crg_lcrf_core3_final_20260520/crg_support_controls/assist_17/crg_support_corruption_control.csv,auc_bce,0.0001711787130227,3.366937796867031e-05,high_seq_support
assist_17,self_only_fallback,0.25,42,high_crg_mass,19317,0.78591305881862,0.0137751278005742,0.5727488048362989,0.0315550988874577,0.7996881866191942,0.5411937059488411,1.0,True,,,,,weak,/home/zsh/ConceptSkillCDM/results/crg_lcrf_core3_final_20260520/crg_support_controls/assist_17/crg_support_corruption_control.csv,auc_bce,6.931328882875398e-05,0.0001444271820694,high_crg_mass
assist_17,self_only_fallback,0.25,42,short_history,38708,0.7609871265708168,0.0113576457482205,0.5897048827300669,0.0230281927049635,0.7723447723190373,0.5666766900251033,1.0,True,,,,,weak,/home/zsh/ConceptSkillCDM/results/crg_lcrf_core3_final_20260520/crg_support_controls/assist_17/crg_support_corruption_control.csv,auc_bce,-8.428568786178481e-05,-0.0001468576419063,short_history
assist_17,self_only_fallback,0.25,42,long_history,38553,0.7846898855190169,0.0107751312099925,0.5619522204560634,0.0215439052432143,0.7954650167290094,0.540408315212849,1.0,True,,,,,weak,/home/zsh/ConceptSkillCDM/results/crg_lcrf_core3_final_20260520/crg_support_controls/assist_17/crg_support_corruption_control.csv,auc_bce,0.0003827034899792,0.0003456090143425,long_history
assist_17,self_only_fallback,0.25,43,all,77261,0.7731935181362601,0.011068122201067,0.5758563901057201,0.0222875378530612,0.7842616403373271,0.5535688522526588,1.0,True,,,,,weak,/home/zsh/ConceptSkillCDM/results/crg_lcrf_core3_final_20260520/crg_support_controls/assist_17/crg_support_corruption_control.csv,auc_bce,0.0005287521966631,0.0003876517179272,all
assist_17,self_only_fallback,0.25,43,graph_hits_history,77261,0.7731935181362601,0.011068122201067,0.5758563901057201,0.0222875378530612,0.7842616403373271,0.5535688522526588,1.0,True,,,,,weak,/home/zsh/ConceptSkillCDM/results/crg_lcrf_core3_final_20260520/crg_support_controls/assist_17/crg_support_corruption_control.csv,auc_bce,0.0005287521966631,0.0003876517179272,direct_unseen_bridgeable
assist_17,self_only_fallback,0.25,43,high_support_mass,19317,0.78591305881862,0.0137751278005742,0.5727488048362989,0.0315550988874577,0.7996881866191942,0.5411937059488411,1.0,True,,,,,weak,/home/zsh/ConceptSkillCDM/results/crg_lcrf_core3_final_20260520/crg_support_controls/assist_17/crg_support_corruption_control.csv,auc_bce,0.0004198881601158,0.0004142478034907,high_crg_mass
assist_17,self_only_fallback,0.25,43,query_seq_top5_q4_high,19249,0.7603212681720197,0.0103314881379232,0.5839746148140424,0.0341814626974404,0.770652756309943,0.549793152116602,1.0,True,,,,,weak,/home/zsh/ConceptSkillCDM/results/crg_lcrf_core3_final_20260520/crg_support_controls/assist_17/crg_support_corruption_control.csv,auc_bce,0.0010494898990955,0.0008510056754161,high_seq_support
assist_17,self_only_fallback,0.25,43,multi_concept,33639,0.7608242675582391,0.0065121606486167,0.5886815723487195,0.0193383912862051,0.7673364282068558,0.5693431810625144,1.0,True,,,,,weak,/home/zsh/ConceptSkillCDM/results/crg_lcrf_core3_final_20260520/crg_support_controls/assist_17/crg_support_corruption_control.csv,auc_bce,0.0001172741974879,0.0002185938284641,direct_seen
assist_17,self_only_fallback,0.25,43,direct_seen,73401,0.7778502887444609,0.0084656915645877,0.5672120349273437,0.0170190473425972,0.7863159803090487,0.5501929875847464,1.0,True,,,,,weak,/home/zsh/ConceptSkillCDM/results/crg_lcrf_core3_final_20260520/crg_support_controls/assist_17/crg_support_corruption_control.csv,auc_bce,0.0004735082524613,0.0003647770589065,direct_seen
assist_17,self_only_fallback,0.25,43,direct_unseen,3860,0.7212382406675211,0.0146407438715131,0.7402357461803314,0.1224721160806692,0.7358789845390342,0.6177636300996622,1.0,True,,,,,weak,/home/zsh/ConceptSkillCDM/results/crg_lcrf_core3_final_20260520/crg_support_controls/assist_17/crg_support_corruption_control.csv,auc_bce,0.0017367000245411,0.0008226317300457,direct_unseen
assist_17,self_only_fallback,0.25,43,direct_unseen_bridgeable,3860,0.7212382406675211,0.0146407438715131,0.7402357461803314,0.1224721160806692,0.7358789845390342,0.6177636300996622,1.0,True,,,,,weak,/home/zsh/ConceptSkillCDM/results/crg_lcrf_core3_final_20260520/crg_support_controls/assist_17/crg_support_corruption_control.csv,auc_bce,0.0017367000245411,0.0008226317300457,direct_unseen_bridgeable
assist_17,self_only_fallback,0.25,43,high_seq_support,19249,0.7603212681720197,0.0103314881379232,0.5839746148140424,0.0341814626974404,0.770652756309943,0.549793152116602,1.0,True,,,,,weak,/home/zsh/ConceptSkillCDM/results/crg_lcrf_core3_final_20260520/crg_support_controls/assist_17/crg_support_corruption_control.csv,auc_bce,0.0010494898990955,0.0008510056754161,high_seq_support
assist_17,self_only_fallback,0.25,43,high_crg_mass,19317,0.78591305881862,0.0137751278005742,0.5727488048362989,0.0315550988874577,0.7996881866191942,0.5411937059488411,1.0,True,,,,,weak,/home/zsh/ConceptSkillCDM/results/crg_lcrf_core3_final_20260520/crg_support_controls/assist_17/crg_support_corruption_control.csv,auc_bce,0.0004198881601158,0.0004142478034907,high_crg_mass
assist_17,self_only_fallback,0.25,43,short_history,38708,0.7609871265708168,0.0113576457482205,0.5897048827300669,0.0230281927049635,0.7723447723190373,0.5666766900251033,1.0,True,,,,,weak,/home/zsh/ConceptSkillCDM/results/crg_lcrf_core3_final_20260520/crg_support_controls/assist_17/crg_support_corruption_control.csv,auc_bce,0.000648809301363,0.0003923683001183,short_history
assist_17,self_only_fallback,0.25,43,long_history,38553,0.7846898855190169,0.0107751312099925,0.5619522204560634,0.0215439052432143,0.7954650167290094,0.540408315212849,1.0,True,,,,,weak,/home/zsh/ConceptSkillCDM/results/crg_lcrf_core3_final_20260520/crg_support_controls/assist_17/crg_support_corruption_control.csv,auc_bce,0.0003945032712902,0.0003829161730032,long_history
assist_17,self_only_fallback,0.25,44,all,77261,0.7731935181362601,0.011068122201067,0.5758563901057201,0.0222875378530612,0.7842616403373271,0.5535688522526588,1.0,True,,,,,weak,/home/zsh/ConceptSkillCDM/results/crg_lcrf_core3_final_20260520/crg_support_controls/assist_17/crg_support_corruption_control.csv,auc_bce,0.0003106230979333,0.0002760068475992,all
assist_17,self_only_fallback,0.25,44,graph_hits_history,77261,0.7731935181362601,0.011068122201067,0.5758563901057201,0.0222875378530612,0.7842616403373271,0.5535688522526588,1.0,True,,,,,weak,/home/zsh/ConceptSkillCDM/results/crg_lcrf_core3_final_20260520/crg_support_controls/assist_17/crg_support_corruption_control.csv,auc_bce,0.0003106230979333,0.0002760068475992,direct_unseen_bridgeable
assist_17,self_only_fallback,0.25,44,high_support_mass,19317,0.78591305881862,0.0137751278005742,0.5727488048362989,0.0315550988874577,0.7996881866191942,0.5411937059488411,1.0,True,,,,,weak,/home/zsh/ConceptSkillCDM/results/crg_lcrf_core3_final_20260520/crg_support_controls/assist_17/crg_support_corruption_control.csv,auc_bce,0.000316562825292,0.0003678828253773,high_crg_mass
assist_17,self_only_fallback,0.25,44,query_seq_top5_q4_high,19249,0.7603212681720197,0.0103314881379232,0.5839746148140424,0.0341814626974404,0.770652756309943,0.549793152116602,1.0,True,,,,,weak,/home/zsh/ConceptSkillCDM/results/crg_lcrf_core3_final_20260520/crg_support_controls/assist_17/crg_support_corruption_control.csv,auc_bce,0.0007259776786342,0.0005062592208331,high_seq_support
assist_17,self_only_fallback,0.25,44,multi_concept,33639,0.7608242675582391,0.0065121606486167,0.5886815723487195,0.0193383912862051,0.7673364282068558,0.5693431810625144,1.0,True,,,,,weak,/home/zsh/ConceptSkillCDM/results/crg_lcrf_core3_final_20260520/crg_support_controls/assist_17/crg_support_corruption_control.csv,auc_bce,0.0001558085855393,0.0001580068238241,direct_seen
assist_17,self_only_fallback,0.25,44,direct_seen,73401,0.7778502887444609,0.0084656915645877,0.5672120349273437,0.0170190473425972,0.7863159803090487,0.5501929875847464,1.0,True,,,,,weak,/home/zsh/ConceptSkillCDM/results/crg_lcrf_core3_final_20260520/crg_support_controls/assist_17/crg_support_corruption_control.csv,auc_bce,0.0003317155024077,0.0002858635253442,direct_seen
assist_17,self_only_fallback,0.25,44,direct_unseen,3860,0.7212382406675211,0.0146407438715131,0.7402357461803314,0.1224721160806692,0.7358789845390342,0.6177636300996622,1.0,True,,,,,weak,/home/zsh/ConceptSkillCDM/results/crg_lcrf_core3_final_20260520/crg_support_controls/assist_17/crg_support_corruption_control.csv,auc_bce,0.0011512556921987,8.857420429331242e-05,direct_unseen
assist_17,self_only_fallback,0.25,44,direct_unseen_bridgeable,3860,0.7212382406675211,0.0146407438715131,0.7402357461803314,0.1224721160806692,0.7358789845390342,0.6177636300996622,1.0,True,,,,,weak,/home/zsh/ConceptSkillCDM/results/crg_lcrf_core3_final_20260520/crg_support_controls/assist_17/crg_support_corruption_control.csv,auc_bce,0.0011512556921987,8.857420429331242e-05,direct_unseen_bridgeable
assist_17,self_only_fallback,0.25,44,high_seq_support,19249,0.7603212681720197,0.0103314881379232,0.5839746148140424,0.0341814626974404,0.770652756309943,0.549793152116602,1.0,True,,,,,weak,/home/zsh/ConceptSkillCDM/results/crg_lcrf_core3_final_20260520/crg_support_controls/assist_17/crg_support_corruption_control.csv,auc_bce,0.0007259776786342,0.0005062592208331,high_seq_support
assist_17,self_only_fallback,0.25,44,high_crg_mass,19317,0.78591305881862,0.0137751278005742,0.5727488048362989,0.0315550988874577,0.7996881866191942,0.5411937059488411,1.0,True,,,,,weak,/home/zsh/ConceptSkillCDM/results/crg_lcrf_core3_final_20260520/crg_support_controls/assist_17/crg_support_corruption_control.csv,auc_bce,0.000316562825292,0.0003678828253773,high_crg_mass
assist_17,self_only_fallback,0.25,44,short_history,38708,0.7609871265708168,0.0113576457482205,0.5897048827300669,0.0230281927049635,0.7723447723190373,0.5666766900251033,1.0,True,,,,,weak,/home/zsh/ConceptSkillCDM/results/crg_lcrf_core3_final_20260520/crg_support_controls/assist_17/crg_support_corruption_control.csv,auc_bce,0.0004717687772022,0.0004297700300085,short_history
assist_17,self_only_fallback,0.25,44,long_history,38553,0.7846898855190169,0.0107751312099925,0.5619522204560634,0.0215439052432143,0.7954650167290094,0.540408315212849,1.0,True,,,,,weak,/home/zsh/ConceptSkillCDM/results/crg_lcrf_core3_final_20260520/crg_support_controls/assist_17/crg_support_corruption_control.csv,auc_bce,0.0001197554029108,0.0001216254696341,long_history
assist_17,self_only_fallback,0.25,45,all,77261,0.7731935181362601,0.011068122201067,0.5758563901057201,0.0222875378530612,0.7842616403373271,0.5535688522526588,1.0,True,,,,,weak,/home/zsh/ConceptSkillCDM/results/crg_lcrf_core3_final_20260520/crg_support_controls/assist_17/crg_support_corruption_control.csv,auc_bce,0.0004136025650118,0.0004144560148889,all
assist_17,self_only_fallback,0.25,45,graph_hits_history,77261,0.7731935181362601,0.011068122201067,0.5758563901057201,0.0222875378530612,0.7842616403373271,0.5535688522526588,1.0,True,,,,,weak,/home/zsh/ConceptSkillCDM/results/crg_lcrf_core3_final_20260520/crg_support_controls/assist_17/crg_support_corruption_control.csv,auc_bce,0.0004136025650118,0.0004144560148889,direct_unseen_bridgeable
assist_17,self_only_fallback,0.25,45,high_support_mass,19317,0.78591305881862,0.0137751278005742,0.5727488048362989,0.0315550988874577,0.7996881866191942,0.5411937059488411,1.0,True,,,,,weak,/home/zsh/ConceptSkillCDM/results/crg_lcrf_core3_final_20260520/crg_support_controls/assist_17/crg_support_corruption_control.csv,auc_bce,0.0001715769321387,0.0001572993587206,high_crg_mass
assist_17,self_only_fallback,0.25,45,query_seq_top5_q4_high,19249,0.7603212681720197,0.0103314881379232,0.5839746148140424,0.0341814626974404,0.770652756309943,0.549793152116602,1.0,True,,,,,weak,/home/zsh/ConceptSkillCDM/results/crg_lcrf_core3_final_20260520/crg_support_controls/assist_17/crg_support_corruption_control.csv,auc_bce,0.0002359165954756,7.323056004160389e-05,high_seq_support
assist_17,self_only_fallback,0.25,45,multi_concept,33639,0.7608242675582391,0.0065121606486167,0.5886815723487195,0.0193383912862051,0.7673364282068558,0.5693431810625144,1.0,True,,,,,weak,/home/zsh/ConceptSkillCDM/results/crg_lcrf_core3_final_20260520/crg_support_controls/assist_17/crg_support_corruption_control.csv,auc_bce,0.0002826256411333,0.0003740570595427,direct_seen
assist_17,self_only_fallback,0.25,45,direct_seen,73401,0.7778502887444609,0.0084656915645877,0.5672120349273437,0.0170190473425972,0.7863159803090487,0.5501929875847464,1.0,True,,,,,weak,/home/zsh/ConceptSkillCDM/results/crg_lcrf_core3_final_20260520/crg_support_controls/assist_17/crg_support_corruption_control.csv,auc_bce,0.0004433737188682,0.0004307800217032,direct_seen
assist_17,self_only_fallback,0.25,45,direct_unseen,3860,0.7212382406675211,0.0146407438715131,0.7402357461803314,0.1224721160806692,0.7358789845390342,0.6177636300996622,1.0,True,,,,,weak,/home/zsh/ConceptSkillCDM/results/crg_lcrf_core3_final_20260520/crg_support_controls/assist_17/crg_support_corruption_control.csv,auc_bce,0.0006953344422327,0.0001040419153603,direct_unseen
assist_17,self_only_fallback,0.25,45,direct_unseen_bridgeable,3860,0.7212382406675211,0.0146407438715131,0.7402357461803314,0.1224721160806692,0.7358789845390342,0.6177636300996622,1.0,True,,,,,weak,/home/zsh/ConceptSkillCDM/results/crg_lcrf_core3_final_20260520/crg_support_controls/assist_17/crg_support_corruption_control.csv,auc_bce,0.0006953344422327,0.0001040419153603,direct_unseen_bridgeable
assist_17,self_only_fallback,0.25,45,high_seq_support,19249,0.7603212681720197,0.0103314881379232,0.5839746148140424,0.0341814626974404,0.770652756309943,0.549793152116602,1.0,True,,,,,weak,/home/zsh/ConceptSkillCDM/results/crg_lcrf_core3_final_20260520/crg_support_controls/assist_17/crg_support_corruption_control.csv,auc_bce,0.0002359165954756,7.323056004160389e-05,high_seq_support
assist_17,self_only_fallback,0.25,45,high_crg_mass,19317,0.78591305881862,0.0137751278005742,0.5727488048362989,0.0315550988874577,0.7996881866191942,0.5411937059488411,1.0,True,,,,,weak,/home/zsh/ConceptSkillCDM/results/crg_lcrf_core3_final_20260520/crg_support_controls/assist_17/crg_support_corruption_control.csv,auc_bce,0.0001715769321387,0.0001572993587206,high_crg_mass
assist_17,self_only_fallback,0.25,45,short_history,38708,0.7609871265708168,0.0113576457482205,0.5897048827300669,0.0230281927049635,0.7723447723190373,0.5666766900251033,1.0,True,,,,,weak,/home/zsh/ConceptSkillCDM/results/crg_lcrf_core3_final_20260520/crg_support_controls/assist_17/crg_support_corruption_control.csv,auc_bce,0.0004838388641106,0.0004487783758355,short_history
assist_17,self_only_fallback,0.25,45,long_history,38553,0.7846898855190169,0.0107751312099925,0.5619522204560634,0.0215439052432143,0.7954650167290094,0.540408315212849,1.0,True,,,,,weak,/home/zsh/ConceptSkillCDM/results/crg_lcrf_core3_final_20260520/crg_support_controls/assist_17/crg_support_corruption_control.csv,auc_bce,0.0003378258135535,0.0003799956629704,long_history
assist_17,self_only_fallback,0.25,46,all,77261,0.7731935181362601,0.011068122201067,0.5758563901057201,0.0222875378530612,0.7842616403373271,0.5535688522526588,1.0,True,,,,,weak,/home/zsh/ConceptSkillCDM/results/crg_lcrf_core3_final_20260520/crg_support_controls/assist_17/crg_support_corruption_control.csv,auc_bce,5.108148716670424e-05,-3.783955896929925e-05,all
assist_17,self_only_fallback,0.25,46,graph_hits_history,77261,0.7731935181362601,0.011068122201067,0.5758563901057201,0.0222875378530612,0.7842616403373271,0.5535688522526588,1.0,True,,,,,weak,/home/zsh/ConceptSkillCDM/results/crg_lcrf_core3_final_20260520/crg_support_controls/assist_17/crg_support_corruption_control.csv,auc_bce,5.108148716670424e-05,-3.783955896929925e-05,direct_unseen_bridgeable
assist_17,self_only_fallback,0.25,46,high_support_mass,19317,0.78591305881862,0.0137751278005742,0.5727488048362989,0.0315550988874577,0.7996881866191942,0.5411937059488411,1.0,True,,,,,weak,/home/zsh/ConceptSkillCDM/results/crg_lcrf_core3_final_20260520/crg_support_controls/assist_17/crg_support_corruption_control.csv,auc_bce,-1.7100816882664738e-05,-4.4042607031058445e-05,high_crg_mass
assist_17,self_only_fallback,0.25,46,query_seq_top5_q4_high,19249,0.7603212681720197,0.0103314881379232,0.5839746148140424,0.0341814626974404,0.770652756309943,0.549793152116602,1.0,True,,,,,weak,/home/zsh/ConceptSkillCDM/results/crg_lcrf_core3_final_20260520/crg_support_controls/assist_17/crg_support_corruption_control.csv,auc_bce,-7.586095496314726e-05,-0.0001518318527461,high_seq_support
assist_17,self_only_fallback,0.25,46,multi_concept,33639,0.7608242675582391,0.0065121606486167,0.5886815723487195,0.0193383912862051,0.7673364282068558,0.5693431810625144,1.0,True,,,,,weak,/home/zsh/ConceptSkillCDM/results/crg_lcrf_core3_final_20260520/crg_support_controls/assist_17/crg_support_corruption_control.csv,auc_bce,4.7398051963298826e-05,0.0001037594260634,direct_seen
assist_17,self_only_fallback,0.25,46,direct_seen,73401,0.7778502887444609,0.0084656915645877,0.5672120349273437,0.0170190473425972,0.7863159803090487,0.5501929875847464,1.0,True,,,,,weak,/home/zsh/ConceptSkillCDM/results/crg_lcrf_core3_final_20260520/crg_support_controls/assist_17/crg_support_corruption_control.csv,auc_bce,3.245946993368776e-05,-1.5360028929656266e-05,direct_seen
assist_17,self_only_fallback,0.25,46,direct_unseen,3860,0.7212382406675211,0.0146407438715131,0.7402357461803314,0.1224721160806692,0.7358789845390342,0.6177636300996622,1.0,True,,,,,weak,/home/zsh/ConceptSkillCDM/results/crg_lcrf_core3_final_20260520/crg_support_controls/assist_17/crg_support_corruption_control.csv,auc_bce,0.0010338668775392,-0.0004653058761836,direct_unseen
assist_17,self_only_fallback,0.25,46,direct_unseen_bridgeable,3860,0.7212382406675211,0.0146407438715131,0.7402357461803314,0.1224721160806692,0.7358789845390342,0.6177636300996622,1.0,True,,,,,weak,/home/zsh/ConceptSkillCDM/results/crg_lcrf_core3_final_20260520/crg_support_controls/assist_17/crg_support_corruption_control.csv,auc_bce,0.0010338668775392,-0.0004653058761836,direct_unseen_bridgeable
assist_17,self_only_fallback,0.25,46,high_seq_support,19249,0.7603212681720197,0.0103314881379232,0.5839746148140424,0.0341814626974404,0.770652756309943,0.549793152116602,1.0,True,,,,,weak,/home/zsh/ConceptSkillCDM/results/crg_lcrf_core3_final_20260520/crg_support_controls/assist_17/crg_support_corruption_control.csv,auc_bce,-7.586095496314726e-05,-0.0001518318527461,high_seq_support
assist_17,self_only_fallback,0.25,46,high_crg_mass,19317,0.78591305881862,0.0137751278005742,0.5727488048362989,0.0315550988874577,0.7996881866191942,0.5411937059488411,1.0,True,,,,,weak,/home/zsh/ConceptSkillCDM/results/crg_lcrf_core3_final_20260520/crg_support_controls/assist_17/crg_support_corruption_control.csv,auc_bce,-1.7100816882664738e-05,-4.4042607031058445e-05,high_crg_mass
assist_17,self_only_fallback,0.25,46,short_history,38708,0.7609871265708168,0.0113576457482205,0.5897048827300669,0.0230281927049635,0.7723447723190373,0.5666766900251033,1.0,True,,,,,weak,/home/zsh/ConceptSkillCDM/results/crg_lcrf_core3_final_20260520/crg_support_controls/assist_17/crg_support_corruption_control.csv,auc_bce,1.7559799171507073e-05,-0.0001194603528912,short_history
assist_17,self_only_fallback,0.25,46,long_history,38553,0.7846898855190169,0.0107751312099925,0.5619522204560634,0.0215439052432143,0.7954650167290094,0.540408315212849,1.0,True,,,,,weak,/home/zsh/ConceptSkillCDM/results/crg_lcrf_core3_final_20260520/crg_support_controls/assist_17/crg_support_corruption_control.csv,auc_bce,8.323934307841174e-05,4.410938640808659e-05,long_history
assist_17,self_only_fallback,0.5,42,all,77261,0.7731935181362601,0.011068122201067,0.5758563901057201,0.0222875378530612,0.7842616403373271,0.5535688522526588,1.0,True,,,,,weak,/home/zsh/ConceptSkillCDM/results/crg_lcrf_core3_final_20260520/crg_support_controls/assist_17/crg_support_corruption_control.csv,auc_bce,0.0006533173504877,0.0006234732182642,all
assist_17,self_only_fallback,0.5,42,graph_hits_history,77261,0.7731935181362601,0.011068122201067,0.5758563901057201,0.0222875378530612,0.7842616403373271,0.5535688522526588,1.0,True,,,,,weak,/home/zsh/ConceptSkillCDM/results/crg_lcrf_core3_final_20260520/crg_support_controls/assist_17/crg_support_corruption_control.csv,auc_bce,0.0006533173504877,0.0006234732182642,direct_unseen_bridgeable
assist_17,self_only_fallback,0.5,42,high_support_mass,19317,0.78591305881862,0.0137751278005742,0.5727488048362989,0.0315550988874577,0.7996881866191942,0.5411937059488411,1.0,True,,,,,weak,/home/zsh/ConceptSkillCDM/results/crg_lcrf_core3_final_20260520/crg_support_controls/assist_17/crg_support_corruption_control.csv,auc_bce,0.0008482644355486,0.0010161048708982,high_crg_mass
assist_17,self_only_fallback,0.5,42,query_seq_top5_q4_high,19249,0.7603212681720197,0.0103314881379232,0.5839746148140424,0.0341814626974404,0.770652756309943,0.549793152116602,1.0,True,,,,,weak,/home/zsh/ConceptSkillCDM/results/crg_lcrf_core3_final_20260520/crg_support_controls/assist_17/crg_support_corruption_control.csv,auc_bce,0.0013488754550827,0.0011015114722137,high_seq_support
assist_17,self_only_fallback,0.5,42,multi_concept,33639,0.7608242675582391,0.0065121606486167,0.5886815723487195,0.0193383912862051,0.7673364282068558,0.5693431810625144,1.0,True,,,,,weak,/home/zsh/ConceptSkillCDM/results/crg_lcrf_core3_final_20260520/crg_support_controls/assist_17/crg_support_corruption_control.csv,auc_bce,0.0008556589076694,0.0007908134536593,direct_seen
assist_17,self_only_fallback,0.5,42,direct_seen,73401,0.7778502887444609,0.0084656915645877,0.5672120349273437,0.0170190473425972,0.7863159803090487,0.5501929875847464,1.0,True,,,,,weak,/home/zsh/ConceptSkillCDM/results/crg_lcrf_core3_final_20260520/crg_support_controls/assist_17/crg_support_corruption_control.csv,auc_bce,0.0006551498137994,0.0006242875583372,direct_seen
assist_17,self_only_fallback,0.5,42,direct_unseen,3860,0.7212382406675211,0.0146407438715131,0.7402357461803314,0.1224721160806692,0.7358789845390342,0.6177636300996622,1.0,True,,,,,weak,/home/zsh/ConceptSkillCDM/results/crg_lcrf_core3_final_20260520/crg_support_controls/assist_17/crg_support_corruption_control.csv,auc_bce,0.0021378125596488,0.0006079878877723,direct_unseen
assist_17,self_only_fallback,0.5,42,direct_unseen_bridgeable,3860,0.7212382406675211,0.0146407438715131,0.7402357461803314,0.1224721160806692,0.7358789845390342,0.6177636300996622,1.0,True,,,,,weak,/home/zsh/ConceptSkillCDM/results/crg_lcrf_core3_final_20260520/crg_support_controls/assist_17/crg_support_corruption_control.csv,auc_bce,0.0021378125596488,0.0006079878877723,direct_unseen_bridgeable
assist_17,self_only_fallback,0.5,42,high_seq_support,19249,0.7603212681720197,0.0103314881379232,0.5839746148140424,0.0341814626974404,0.770652756309943,0.549793152116602,1.0,True,,,,,weak,/home/zsh/ConceptSkillCDM/results/crg_lcrf_core3_final_20260520/crg_support_controls/assist_17/crg_support_corruption_control.csv,auc_bce,0.0013488754550827,0.0011015114722137,high_seq_support
assist_17,self_only_fallback,0.5,42,high_crg_mass,19317,0.78591305881862,0.0137751278005742,0.5727488048362989,0.0315550988874577,0.7996881866191942,0.5411937059488411,1.0,True,,,,,weak,/home/zsh/ConceptSkillCDM/results/crg_lcrf_core3_final_20260520/crg_support_controls/assist_17/crg_support_corruption_control.csv,auc_bce,0.0008482644355486,0.0010161048708982,high_crg_mass
assist_17,self_only_fallback,0.5,42,short_history,38708,0.7609871265708168,0.0113576457482205,0.5897048827300669,0.0230281927049635,0.7723447723190373,0.5666766900251033,1.0,True,,,,,weak,/home/zsh/ConceptSkillCDM/results/crg_lcrf_core3_final_20260520/crg_support_controls/assist_17/crg_support_corruption_control.csv,auc_bce,0.0004242757556888,0.0004178823885723,short_history
assist_17,self_only_fallback,0.5,42,long_history,38553,0.7846898855190169,0.0107751312099925,0.5619522204560634,0.0215439052432143,0.7954650167290094,0.540408315212849,1.0,True,,,,,weak,/home/zsh/ConceptSkillCDM/results/crg_lcrf_core3_final_20260520/crg_support_controls/assist_17/crg_support_corruption_control.csv,auc_bce,0.0008748451381848,0.000829890613427,long_history
assist_17,self_only_fallback,0.5,43,all,77261,0.7731935181362601,0.011068122201067,0.5758563901057201,0.0222875378530612,0.7842616403373271,0.5535688522526588,1.0,True,,,,,weak,/home/zsh/ConceptSkillCDM/results/crg_lcrf_core3_final_20260520/crg_support_controls/assist_17/crg_support_corruption_control.csv,auc_bce,0.0012884922321771,0.0010521774724518,all
assist_17,self_only_fallback,0.5,43,graph_hits_history,77261,0.7731935181362601,0.011068122201067,0.5758563901057201,0.0222875378530612,0.7842616403373271,0.5535688522526588,1.0,True,,,,,weak,/home/zsh/ConceptSkillCDM/results/crg_lcrf_core3_final_20260520/crg_support_controls/assist_17/crg_support_corruption_control.csv,auc_bce,0.0012884922321771,0.0010521774724518,direct_unseen_bridgeable
assist_17,self_only_fallback,0.5,43,high_support_mass,19317,0.78591305881862,0.0137751278005742,0.5727488048362989,0.0315550988874577,0.7996881866191942,0.5411937059488411,1.0,True,,,,,weak,/home/zsh/ConceptSkillCDM/results/crg_lcrf_core3_final_20260520/crg_support_controls/assist_17/crg_support_corruption_control.csv,auc_bce,0.0012646479303104,0.0011606266700667,high_crg_mass
assist_17,self_only_fallback,0.5,43,query_seq_top5_q4_high,19249,0.7603212681720197,0.0103314881379232,0.5839746148140424,0.0341814626974404,0.770652756309943,0.549793152116602,1.0,True,,,,,weak,/home/zsh/ConceptSkillCDM/results/crg_lcrf_core3_final_20260520/crg_support_controls/assist_17/crg_support_corruption_control.csv,auc_bce,0.0006578159932864,0.0007365667001112,high_seq_support
assist_17,self_only_fallback,0.5,43,multi_concept,33639,0.7608242675582391,0.0065121606486167,0.5886815723487195,0.0193383912862051,0.7673364282068558,0.5693431810625144,1.0,True,,,,,weak,/home/zsh/ConceptSkillCDM/results/crg_lcrf_core3_final_20260520/crg_support_controls/assist_17/crg_support_corruption_control.csv,auc_bce,0.0008234780399087,0.0007772840187284,direct_seen
assist_17,self_only_fallback,0.5,43,direct_seen,73401,0.7778502887444609,0.0084656915645877,0.5672120349273437,0.0170190473425972,0.7863159803090487,0.5501929875847464,1.0,True,,,,,weak,/home/zsh/ConceptSkillCDM/results/crg_lcrf_core3_final_20260520/crg_support_controls/assist_17/crg_support_corruption_control.csv,auc_bce,0.0012755121955412,0.0010583465378721,direct_seen
assist_17,self_only_fallback,0.5,43,direct_unseen,3860,0.7212382406675211,0.0146407438715131,0.7402357461803314,0.1224721160806692,0.7358789845390342,0.6177636300996622,1.0,True,,,,,weak,/home/zsh/ConceptSkillCDM/results/crg_lcrf_core3_final_20260520/crg_support_controls/assist_17/crg_support_corruption_control.csv,auc_bce,0.0025691925940065,0.0009348677390539,direct_unseen
assist_17,self_only_fallback,0.5,43,direct_unseen_bridgeable,3860,0.7212382406675211,0.0146407438715131,0.7402357461803314,0.1224721160806692,0.7358789845390342,0.6177636300996622,1.0,True,,,,,weak,/home/zsh/ConceptSkillCDM/results/crg_lcrf_core3_final_20260520/crg_support_controls/assist_17/crg_support_corruption_control.csv,auc_bce,0.0025691925940065,0.0009348677390539,direct_unseen_bridgeable
assist_17,self_only_fallback,0.5,43,high_seq_support,19249,0.7603212681720197,0.0103314881379232,0.5839746148140424,0.0341814626974404,0.770652756309943,0.549793152116602,1.0,True,,,,,weak,/home/zsh/ConceptSkillCDM/results/crg_lcrf_core3_final_20260520/crg_support_controls/assist_17/crg_support_corruption_control.csv,auc_bce,0.0006578159932864,0.0007365667001112,high_seq_support
assist_17,self_only_fallback,0.5,43,high_crg_mass,19317,0.78591305881862,0.0137751278005742,0.5727488048362989,0.0315550988874577,0.7996881866191942,0.5411937059488411,1.0,True,,,,,weak,/home/zsh/ConceptSkillCDM/results/crg_lcrf_core3_final_20260520/crg_support_controls/assist_17/crg_support_corruption_control.csv,auc_bce,0.0012646479303104,0.0011606266700667,high_crg_mass
assist_17,self_only_fallback,0.5,43,short_history,38708,0.7609871265708168,0.0113576457482205,0.5897048827300669,0.0230281927049635,0.7723447723190373,0.5666766900251033,1.0,True,,,,,weak,/home/zsh/ConceptSkillCDM/results/crg_lcrf_core3_final_20260520/crg_support_controls/assist_17/crg_support_corruption_control.csv,auc_bce,0.0013517149176243,0.0010417258009377,short_history
assist_17,self_only_fallback,0.5,43,long_history,38553,0.7846898855190169,0.0107751312099925,0.5619522204560634,0.0215439052432143,0.7954650167290094,0.540408315212849,1.0,True,,,,,weak,/home/zsh/ConceptSkillCDM/results/crg_lcrf_core3_final_20260520/crg_support_controls/assist_17/crg_support_corruption_control.csv,auc_bce,0.0011707707259582,0.001062671164278,long_history
assist_17,self_only_fallback,0.5,44,all,77261,0.7731935181362601,0.011068122201067,0.5758563901057201,0.0222875378530612,0.7842616403373271,0.5535688522526588,1.0,True,,,,,weak,/home/zsh/ConceptSkillCDM/results/crg_lcrf_core3_final_20260520/crg_support_controls/assist_17/crg_support_corruption_control.csv,auc_bce,0.0012236766566254,0.0013153675522542,all
assist_17,self_only_fallback,0.5,44,graph_hits_history,77261,0.7731935181362601,0.011068122201067,0.5758563901057201,0.0222875378530612,0.7842616403373271,0.5535688522526588,1.0,True,,,,,weak,/home/zsh/ConceptSkillCDM/results/crg_lcrf_core3_final_20260520/crg_support_controls/assist_17/crg_support_corruption_control.csv,auc_bce,0.0012236766566254,0.0013153675522542,direct_unseen_bridgeable
assist_17,self_only_fallback,0.5,44,high_support_mass,19317,0.78591305881862,0.0137751278005742,0.5727488048362989,0.0315550988874577,0.7996881866191942,0.5411937059488411,1.0,True,,,,,weak,/home/zsh/ConceptSkillCDM/results/crg_lcrf_core3_final_20260520/crg_support_controls/assist_17/crg_support_corruption_control.csv,auc_bce,0.0017360443792251,0.0018516327520786,high_crg_mass
assist_17,self_only_fallback,0.5,44,query_seq_top5_q4_high,19249,0.7603212681720197,0.0103314881379232,0.5839746148140424,0.0341814626974404,0.770652756309943,0.549793152116602,1.0,True,,,,,weak,/home/zsh/ConceptSkillCDM/results/crg_lcrf_core3_final_20260520/crg_support_controls/assist_17/crg_support_corruption_control.csv,auc_bce,0.0021202656779593,0.0017853921373711,high_seq_support
assist_17,self_only_fallback,0.5,44,multi_concept,33639,0.7608242675582391,0.0065121606486167,0.5886815723487195,0.0193383912862051,0.7673364282068558,0.5693431810625144,1.0,True,,,,,weak,/home/zsh/ConceptSkillCDM/results/crg_lcrf_core3_final_20260520/crg_support_controls/assist_17/crg_support_corruption_control.csv,auc_bce,0.0008787928368946,0.0007338945343527,direct_seen
assist_17,self_only_fallback,0.5,44,direct_seen,73401,0.7778502887444609,0.0084656915645877,0.5672120349273437,0.0170190473425972,0.7863159803090487,0.5501929875847464,1.0,True,,,,,weak,/home/zsh/ConceptSkillCDM/results/crg_lcrf_core3_final_20260520/crg_support_controls/assist_17/crg_support_corruption_control.csv,auc_bce,0.0011794382766202,0.0011752238269073,direct_seen
assist_17,self_only_fallback,0.5,44,direct_unseen,3860,0.7212382406675211,0.0146407438715131,0.7402357461803314,0.1224721160806692,0.7358789845390342,0.6177636300996622,1.0,True,,,,,weak,/home/zsh/ConceptSkillCDM/results/crg_lcrf_core3_final_20260520/crg_support_controls/assist_17/crg_support_corruption_control.csv,auc_bce,0.0040690698879284,0.0039803130403835,direct_unseen
assist_17,self_only_fallback,0.5,44,direct_unseen_bridgeable,3860,0.7212382406675211,0.0146407438715131,0.7402357461803314,0.1224721160806692,0.7358789845390342,0.6177636300996622,1.0,True,,,,,weak,/home/zsh/ConceptSkillCDM/results/crg_lcrf_core3_final_20260520/crg_support_controls/assist_17/crg_support_corruption_control.csv,auc_bce,0.0040690698879284,0.0039803130403835,direct_unseen_bridgeable
assist_17,self_only_fallback,0.5,44,high_seq_support,19249,0.7603212681720197,0.0103314881379232,0.5839746148140424,0.0341814626974404,0.770652756309943,0.549793152116602,1.0,True,,,,,weak,/home/zsh/ConceptSkillCDM/results/crg_lcrf_core3_final_20260520/crg_support_controls/assist_17/crg_support_corruption_control.csv,auc_bce,0.0021202656779593,0.0017853921373711,high_seq_support
assist_17,self_only_fallback,0.5,44,high_crg_mass,19317,0.78591305881862,0.0137751278005742,0.5727488048362989,0.0315550988874577,0.7996881866191942,0.5411937059488411,1.0,True,,,,,weak,/home/zsh/ConceptSkillCDM/results/crg_lcrf_core3_final_20260520/crg_support_controls/assist_17/crg_support_corruption_control.csv,auc_bce,0.0017360443792251,0.0018516327520786,high_crg_mass
assist_17,self_only_fallback,0.5,44,short_history,38708,0.7609871265708168,0.0113576457482205,0.5897048827300669,0.0230281927049635,0.7723447723190373,0.5666766900251033,1.0,True,,,,,weak,/home/zsh/ConceptSkillCDM/results/crg_lcrf_core3_final_20260520/crg_support_controls/assist_17/crg_support_corruption_control.csv,auc_bce,0.0014210535426522,0.0015299608659126,short_history
assist_17,self_only_fallback,0.5,44,long_history,38553,0.7846898855190169,0.0107751312099925,0.5619522204560634,0.0215439052432143,0.7954650167290094,0.540408315212849,1.0,True,,,,,weak,/home/zsh/ConceptSkillCDM/results/crg_lcrf_core3_final_20260520/crg_support_controls/assist_17/crg_support_corruption_control.csv,auc_bce,0.0010310368355066,0.0010999114791838,long_history
assist_17,self_only_fallback,0.5,45,all,77261,0.7731935181362601,0.011068122201067,0.5758563901057201,0.0222875378530612,0.7842616403373271,0.5535688522526588,1.0,True,,,,,weak,/home/zsh/ConceptSkillCDM/results/crg_lcrf_core3_final_20260520/crg_support_controls/assist_17/crg_support_corruption_control.csv,auc_bce,0.0006792127581073,0.0006230167330418,all
assist_17,self_only_fallback,0.5,45,graph_hits_history,77261,0.7731935181362601,0.011068122201067,0.5758563901057201,0.0222875378530612,0.7842616403373271,0.5535688522526588,1.0,True,,,,,weak,/home/zsh/ConceptSkillCDM/results/crg_lcrf_core3_final_20260520/crg_support_controls/assist_17/crg_support_corruption_control.csv,auc_bce,0.0006792127581073,0.0006230167330418,direct_unseen_bridgeable
assist_17,self_only_fallback,0.5,45,high_support_mass,19317,0.78591305881862,0.0137751278005742,0.5727488048362989,0.0315550988874577,0.7996881866191942,0.5411937059488411,1.0,True,,,,,weak,/home/zsh/ConceptSkillCDM/results/crg_lcrf_core3_final_20260520/crg_support_controls/assist_17/crg_support_corruption_control.csv,auc_bce,0.0011610300886407,0.0010138055393225,high_crg_mass
assist_17,self_only_fallback,0.5,45,query_seq_top5_q4_high,19249,0.7603212681720197,0.0103314881379232,0.5839746148140424,0.0341814626974404,0.770652756309943,0.549793152116602,1.0,True,,,,,weak,/home/zsh/ConceptSkillCDM/results/crg_lcrf_core3_final_20260520/crg_support_controls/assist_17/crg_support_corruption_control.csv,auc_bce,0.0002174829321425,0.0001164635439013,high_seq_support
assist_17,self_only_fallback,0.5,45,multi_concept,33639,0.7608242675582391,0.0065121606486167,0.5886815723487195,0.0193383912862051,0.7673364282068558,0.5693431810625144,1.0,True,,,,,weak,/home/zsh/ConceptSkillCDM/results/crg_lcrf_core3_final_20260520/crg_support_controls/assist_17/crg_support_corruption_control.csv,auc_bce,0.00033944796174,0.0003890141917216,direct_seen
assist_17,self_only_fallback,0.5,45,direct_seen,73401,0.7778502887444609,0.0084656915645877,0.5672120349273437,0.0170190473425972,0.7863159803090487,0.5501929875847464,1.0,True,,,,,weak,/home/zsh/ConceptSkillCDM/results/crg_lcrf_core3_final_20260520/crg_support_controls/assist_17/crg_support_corruption_control.csv,auc_bce,0.0007400249300348,0.0006822349126605,direct_seen
assist_17,self_only_fallback,0.5,45,direct_unseen,3860,0.7212382406675211,0.0146407438715131,0.7402357461803314,0.1224721160806692,0.7358789845390342,0.6177636300996622,1.0,True,,,,,weak,/home/zsh/ConceptSkillCDM/results/crg_lcrf_core3_final_20260520/crg_support_controls/assist_17/crg_support_corruption_control.csv,auc_bce,0.0007256019414828,-0.0005030645110428,direct_unseen
assist_17,self_only_fallback,0.5,45,direct_unseen_bridgeable,3860,0.7212382406675211,0.0146407438715131,0.7402357461803314,0.1224721160806692,0.7358789845390342,0.6177636300996622,1.0,True,,,,,weak,/home/zsh/ConceptSkillCDM/results/crg_lcrf_core3_final_20260520/crg_support_controls/assist_17/crg_support_corruption_control.csv,auc_bce,0.0007256019414828,-0.0005030645110428,direct_unseen_bridgeable
assist_17,self_only_fallback,0.5,45,high_seq_support,19249,0.7603212681720197,0.0103314881379232,0.5839746148140424,0.0341814626974404,0.770652756309943,0.549793152116602,1.0,True,,,,,weak,/home/zsh/ConceptSkillCDM/results/crg_lcrf_core3_final_20260520/crg_support_controls/assist_17/crg_support_corruption_control.csv,auc_bce,0.0002174829321425,0.0001164635439013,high_seq_support
assist_17,self_only_fallback,0.5,45,high_crg_mass,19317,0.78591305881862,0.0137751278005742,0.5727488048362989,0.0315550988874577,0.7996881866191942,0.5411937059488411,1.0,True,,,,,weak,/home/zsh/ConceptSkillCDM/results/crg_lcrf_core3_final_20260520/crg_support_controls/assist_17/crg_support_corruption_control.csv,auc_bce,0.0011610300886407,0.0010138055393225,high_crg_mass
assist_17,self_only_fallback,0.5,45,short_history,38708,0.7609871265708168,0.0113576457482205,0.5897048827300669,0.0230281927049635,0.7723447723190373,0.5666766900251033,1.0,True,,,,,weak,/home/zsh/ConceptSkillCDM/results/crg_lcrf_core3_final_20260520/crg_support_controls/assist_17/crg_support_corruption_control.csv,auc_bce,0.0006384823868407,0.0005213029600068,short_history
assist_17,self_only_fallback,0.5,45,long_history,38553,0.7846898855190169,0.0107751312099925,0.5619522204560634,0.0215439052432143,0.7954650167290094,0.540408315212849,1.0,True,,,,,weak,/home/zsh/ConceptSkillCDM/results/crg_lcrf_core3_final_20260520/crg_support_controls/assist_17/crg_support_corruption_control.csv,auc_bce,0.0007233747286532,0.0007251394401373,long_history
assist_17,self_only_fallback,0.5,46,all,77261,0.7731935181362601,0.011068122201067,0.5758563901057201,0.0222875378530612,0.7842616403373271,0.5535688522526588,1.0,True,,,,,weak,/home/zsh/ConceptSkillCDM/results/crg_lcrf_core3_final_20260520/crg_support_controls/assist_17/crg_support_corruption_control.csv,auc_bce,0.0004146837374886,0.0001826908999991,all
assist_17,self_only_fallback,0.5,46,graph_hits_history,77261,0.7731935181362601,0.011068122201067,0.5758563901057201,0.0222875378530612,0.7842616403373271,0.5535688522526588,1.0,True,,,,,weak,/home/zsh/ConceptSkillCDM/results/crg_lcrf_core3_final_20260520/crg_support_controls/assist_17/crg_support_corruption_control.csv,auc_bce,0.0004146837374886,0.0001826908999991,direct_unseen_bridgeable
assist_17,self_only_fallback,0.5,46,high_support_mass,19317,0.78591305881862,0.0137751278005742,0.5727488048362989,0.0315550988874577,0.7996881866191942,0.5411937059488411,1.0,True,,,,,weak,/home/zsh/ConceptSkillCDM/results/crg_lcrf_core3_final_20260520/crg_support_controls/assist_17/crg_support_corruption_control.csv,auc_bce,0.0007001530525818,0.0004813201605201,high_crg_mass
assist_17,self_only_fallback,0.5,46,query_seq_top5_q4_high,19249,0.7603212681720197,0.0103314881379232,0.5839746148140424,0.0341814626974404,0.770652756309943,0.549793152116602,1.0,True,,,,,weak,/home/zsh/ConceptSkillCDM/results/crg_lcrf_core3_final_20260520/crg_support_controls/assist_17/crg_support_corruption_control.csv,auc_bce,0.0002899600952628,0.0001444561109914,high_seq_support
assist_17,self_only_fallback,0.5,46,multi_concept,33639,0.7608242675582391,0.0065121606486167,0.5886815723487195,0.0193383912862051,0.7673364282068558,0.5693431810625144,1.0,True,,,,,weak,/home/zsh/ConceptSkillCDM/results/crg_lcrf_core3_final_20260520/crg_support_controls/assist_17/crg_support_corruption_control.csv,auc_bce,0.000335992696039,0.0002524774724034,direct_seen
assist_17,self_only_fallback,0.5,46,direct_seen,73401,0.7778502887444609,0.0084656915645877,0.5672120349273437,0.0170190473425972,0.7863159803090487,0.5501929875847464,1.0,True,,,,,weak,/home/zsh/ConceptSkillCDM/results/crg_lcrf_core3_final_20260520/crg_support_controls/assist_17/crg_support_corruption_control.csv,auc_bce,0.0003361248253064,0.0001984541198288,direct_seen
assist_17,self_only_fallback,0.5,46,direct_unseen,3860,0.7212382406675211,0.0146407438715131,0.7402357461803314,0.1224721160806692,0.7358789845390342,0.6177636300996622,1.0,True,,,,,weak,/home/zsh/ConceptSkillCDM/results/crg_lcrf_core3_final_20260520/crg_support_controls/assist_17/crg_support_corruption_control.csv,auc_bce,0.0019815668202765,-0.000117059384643,direct_unseen
assist_17,self_only_fallback,0.5,46,direct_unseen_bridgeable,3860,0.7212382406675211,0.0146407438715131,0.7402357461803314,0.1224721160806692,0.7358789845390342,0.6177636300996622,1.0,True,,,,,weak,/home/zsh/ConceptSkillCDM/results/crg_lcrf_core3_final_20260520/crg_support_controls/assist_17/crg_support_corruption_control.csv,auc_bce,0.0019815668202765,-0.000117059384643,direct_unseen_bridgeable
assist_17,self_only_fallback,0.5,46,high_seq_support,19249,0.7603212681720197,0.0103314881379232,0.5839746148140424,0.0341814626974404,0.770652756309943,0.549793152116602,1.0,True,,,,,weak,/home/zsh/ConceptSkillCDM/results/crg_lcrf_core3_final_20260520/crg_support_controls/assist_17/crg_support_corruption_control.csv,auc_bce,0.0002899600952628,0.0001444561109914,high_seq_support
assist_17,self_only_fallback,0.5,46,high_crg_mass,19317,0.78591305881862,0.0137751278005742,0.5727488048362989,0.0315550988874577,0.7996881866191942,0.5411937059488411,1.0,True,,,,,weak,/home/zsh/ConceptSkillCDM/results/crg_lcrf_core3_final_20260520/crg_support_controls/assist_17/crg_support_corruption_control.csv,auc_bce,0.0007001530525818,0.0004813201605201,high_crg_mass
assist_17,self_only_fallback,0.5,46,short_history,38708,0.7609871265708168,0.0113576457482205,0.5897048827300669,0.0230281927049635,0.7723447723190373,0.5666766900251033,1.0,True,,,,,weak,/home/zsh/ConceptSkillCDM/results/crg_lcrf_core3_final_20260520/crg_support_controls/assist_17/crg_support_corruption_control.csv,auc_bce,0.0004402703397479,4.8440813815275874e-05,short_history
assist_17,self_only_fallback,0.5,46,long_history,38553,0.7846898855190169,0.0107751312099925,0.5619522204560634,0.0215439052432143,0.7954650167290094,0.540408315212849,1.0,True,,,,,weak,/home/zsh/ConceptSkillCDM/results/crg_lcrf_core3_final_20260520/crg_support_controls/assist_17/crg_support_corruption_control.csv,auc_bce,0.0003710852437657,0.0003174807305184,long_history
assist_17,self_only_fallback,0.75,42,all,77261,0.7731935181362601,0.011068122201067,0.5758563901057201,0.0222875378530612,0.7842616403373271,0.5535688522526588,1.0,True,,,,,weak,/home/zsh/ConceptSkillCDM/results/crg_lcrf_core3_final_20260520/crg_support_controls/assist_17/crg_support_corruption_control.csv,auc_bce,0.0031274846256967,0.0028470930445401,all
assist_17,self_only_fallback,0.75,42,graph_hits_history,77261,0.7731935181362601,0.011068122201067,0.5758563901057201,0.0222875378530612,0.7842616403373271,0.5535688522526588,1.0,True,,,,,weak,/home/zsh/ConceptSkillCDM/results/crg_lcrf_core3_final_20260520/crg_support_controls/assist_17/crg_support_corruption_control.csv,auc_bce,0.0031274846256967,0.0028470930445401,direct_unseen_bridgeable
assist_17,self_only_fallback,0.75,42,high_support_mass,19317,0.78591305881862,0.0137751278005742,0.5727488048362989,0.0315550988874577,0.7996881866191942,0.5411937059488411,1.0,True,,,,,weak,/home/zsh/ConceptSkillCDM/results/crg_lcrf_core3_final_20260520/crg_support_controls/assist_17/crg_support_corruption_control.csv,auc_bce,0.0033950294550059,0.0036891013792401,high_crg_mass
assist_17,self_only_fallback,0.75,42,query_seq_top5_q4_high,19249,0.7603212681720197,0.0103314881379232,0.5839746148140424,0.0341814626974404,0.770652756309943,0.549793152116602,1.0,True,,,,,weak,/home/zsh/ConceptSkillCDM/results/crg_lcrf_core3_final_20260520/crg_support_controls/assist_17/crg_support_corruption_control.csv,auc_bce,0.0070193103626452,0.0066134865271728,high_seq_support
assist_17,self_only_fallback,0.75,42,multi_concept,33639,0.7608242675582391,0.0065121606486167,0.5886815723487195,0.0193383912862051,0.7673364282068558,0.5693431810625144,1.0,True,,,,,weak,/home/zsh/ConceptSkillCDM/results/crg_lcrf_core3_final_20260520/crg_support_controls/assist_17/crg_support_corruption_control.csv,auc_bce,0.0022963573665419,0.0021100799118352,direct_seen
assist_17,self_only_fallback,0.75,42,direct_seen,73401,0.7778502887444609,0.0084656915645877,0.5672120349273437,0.0170190473425972,0.7863159803090487,0.5501929875847464,1.0,True,,,,,weak,/home/zsh/ConceptSkillCDM/results/crg_lcrf_core3_final_20260520/crg_support_controls/assist_17/crg_support_corruption_control.csv,auc_bce,0.0031604167950103,0.0027370355162164,direct_seen
assist_17,self_only_fallback,0.75,42,direct_unseen,3860,0.7212382406675211,0.0146407438715131,0.7402357461803314,0.1224721160806692,0.7358789845390342,0.6177636300996622,1.0,True,,,,,weak,/home/zsh/ConceptSkillCDM/results/crg_lcrf_core3_final_20260520/crg_support_controls/assist_17/crg_support_corruption_control.csv,auc_bce,0.0027483434679465,0.0049399253337887,direct_unseen
assist_17,self_only_fallback,0.75,42,direct_unseen_bridgeable,3860,0.7212382406675211,0.0146407438715131,0.7402357461803314,0.1224721160806692,0.7358789845390342,0.6177636300996622,1.0,True,,,,,weak,/home/zsh/ConceptSkillCDM/results/crg_lcrf_core3_final_20260520/crg_support_controls/assist_17/crg_support_corruption_control.csv,auc_bce,0.0027483434679465,0.0049399253337887,direct_unseen_bridgeable
assist_17,self_only_fallback,0.75,42,high_seq_support,19249,0.7603212681720197,0.0103314881379232,0.5839746148140424,0.0341814626974404,0.770652756309943,0.549793152116602,1.0,True,,,,,weak,/home/zsh/ConceptSkillCDM/results/crg_lcrf_core3_final_20260520/crg_support_controls/assist_17/crg_support_corruption_control.csv,auc_bce,0.0070193103626452,0.0066134865271728,high_seq_support
assist_17,self_only_fallback,0.75,42,high_crg_mass,19317,0.78591305881862,0.0137751278005742,0.5727488048362989,0.0315550988874577,0.7996881866191942,0.5411937059488411,1.0,True,,,,,weak,/home/zsh/ConceptSkillCDM/results/crg_lcrf_core3_final_20260520/crg_support_controls/assist_17/crg_support_corruption_control.csv,auc_bce,0.0033950294550059,0.0036891013792401,high_crg_mass
assist_17,self_only_fallback,0.75,42,short_history,38708,0.7609871265708168,0.0113576457482205,0.5897048827300669,0.0230281927049635,0.7723447723190373,0.5666766900251033,1.0,True,,,,,weak,/home/zsh/ConceptSkillCDM/results/crg_lcrf_core3_final_20260520/crg_support_controls/assist_17/crg_support_corruption_control.csv,auc_bce,0.0029095704181516,0.0026698167669096,short_history
assist_17,self_only_fallback,0.75,42,long_history,38553,0.7846898855190169,0.0107751312099925,0.5619522204560634,0.0215439052432143,0.7954650167290094,0.540408315212849,1.0,True,,,,,weak,/home/zsh/ConceptSkillCDM/results/crg_lcrf_core3_final_20260520/crg_support_controls/assist_17/crg_support_corruption_control.csv,auc_bce,0.0033738847900159,0.0030250820507012,long_history
assist_17,self_only_fallback,0.75,43,all,77261,0.7731935181362601,0.011068122201067,0.5758563901057201,0.0222875378530612,0.7842616403373271,0.5535688522526588,1.0,True,,,,,weak,/home/zsh/ConceptSkillCDM/results/crg_lcrf_core3_final_20260520/crg_support_controls/assist_17/crg_support_corruption_control.csv,auc_bce,0.0031088417148864,0.0027110252313078,all
assist_17,self_only_fallback,0.75,43,graph_hits_history,77261,0.7731935181362601,0.011068122201067,0.5758563901057201,0.0222875378530612,0.7842616403373271,0.5535688522526588,1.0,True,,,,,weak,/home/zsh/ConceptSkillCDM/results/crg_lcrf_core3_final_20260520/crg_support_controls/assist_17/crg_support_corruption_control.csv,auc_bce,0.0031088417148864,0.0027110252313078,direct_unseen_bridgeable
assist_17,self_only_fallback,0.75,43,high_support_mass,19317,0.78591305881862,0.0137751278005742,0.5727488048362989,0.0315550988874577,0.7996881866191942,0.5411937059488411,1.0,True,,,,,weak,/home/zsh/ConceptSkillCDM/results/crg_lcrf_core3_final_20260520/crg_support_controls/assist_17/crg_support_corruption_control.csv,auc_bce,0.0038738360773435,0.0038810738275549,high_crg_mass
assist_17,self_only_fallback,0.75,43,query_seq_top5_q4_high,19249,0.7603212681720197,0.0103314881379232,0.5839746148140424,0.0341814626974404,0.770652756309943,0.549793152116602,1.0,True,,,,,weak,/home/zsh/ConceptSkillCDM/results/crg_lcrf_core3_final_20260520/crg_support_controls/assist_17/crg_support_corruption_control.csv,auc_bce,0.0046805043175925,0.0043140152290841,high_seq_support
assist_17,self_only_fallback,0.75,43,multi_concept,33639,0.7608242675582391,0.0065121606486167,0.5886815723487195,0.0193383912862051,0.7673364282068558,0.5693431810625144,1.0,True,,,,,weak,/home/zsh/ConceptSkillCDM/results/crg_lcrf_core3_final_20260520/crg_support_controls/assist_17/crg_support_corruption_control.csv,auc_bce,0.0015211757836148,0.001227294518084,direct_seen
assist_17,self_only_fallback,0.75,43,direct_seen,73401,0.7778502887444609,0.0084656915645877,0.5672120349273437,0.0170190473425972,0.7863159803090487,0.5501929875847464,1.0,True,,,,,weak,/home/zsh/ConceptSkillCDM/results/crg_lcrf_core3_final_20260520/crg_support_controls/assist_17/crg_support_corruption_control.csv,auc_bce,0.0029329750846098,0.0024498017011223,direct_seen
assist_17,self_only_fallback,0.75,43,direct_unseen,3860,0.7212382406675211,0.0146407438715131,0.7402357461803314,0.1224721160806692,0.7358789845390342,0.6177636300996622,1.0,True,,,,,weak,/home/zsh/ConceptSkillCDM/results/crg_lcrf_core3_final_20260520/crg_support_controls/assist_17/crg_support_corruption_control.csv,auc_bce,0.0046295639844028,0.0076784004487059,direct_unseen
assist_17,self_only_fallback,0.75,43,direct_unseen_bridgeable,3860,0.7212382406675211,0.0146407438715131,0.7402357461803314,0.1224721160806692,0.7358789845390342,0.6177636300996622,1.0,True,,,,,weak,/home/zsh/ConceptSkillCDM/results/crg_lcrf_core3_final_20260520/crg_support_controls/assist_17/crg_support_corruption_control.csv,auc_bce,0.0046295639844028,0.0076784004487059,direct_unseen_bridgeable
assist_17,self_only_fallback,0.75,43,high_seq_support,19249,0.7603212681720197,0.0103314881379232,0.5839746148140424,0.0341814626974404,0.770652756309943,0.549793152116602,1.0,True,,,,,weak,/home/zsh/ConceptSkillCDM/results/crg_lcrf_core3_final_20260520/crg_support_controls/assist_17/crg_support_corruption_control.csv,auc_bce,0.0046805043175925,0.0043140152290841,high_seq_support
assist_17,self_only_fallback,0.75,43,high_crg_mass,19317,0.78591305881862,0.0137751278005742,0.5727488048362989,0.0315550988874577,0.7996881866191942,0.5411937059488411,1.0,True,,,,,weak,/home/zsh/ConceptSkillCDM/results/crg_lcrf_core3_final_20260520/crg_support_controls/assist_17/crg_support_corruption_control.csv,auc_bce,0.0038738360773435,0.0038810738275549,high_crg_mass
assist_17,self_only_fallback,0.75,43,short_history,38708,0.7609871265708168,0.0113576457482205,0.5897048827300669,0.0230281927049635,0.7723447723190373,0.5666766900251033,1.0,True,,,,,weak,/home/zsh/ConceptSkillCDM/results/crg_lcrf_core3_final_20260520/crg_support_controls/assist_17/crg_support_corruption_control.csv,auc_bce,0.0028346301834842,0.0025679534199218,short_history
assist_17,self_only_fallback,0.75,43,long_history,38553,0.7846898855190169,0.0107751312099925,0.5619522204560634,0.0215439052432143,0.7954650167290094,0.540408315212849,1.0,True,,,,,weak,/home/zsh/ConceptSkillCDM/results/crg_lcrf_core3_final_20260520/crg_support_controls/assist_17/crg_support_corruption_control.csv,auc_bce,0.0033232323721307,0.0028546722542408,long_history
assist_17,self_only_fallback,0.75,44,all,77261,0.7731935181362601,0.011068122201067,0.5758563901057201,0.0222875378530612,0.7842616403373271,0.5535688522526588,1.0,True,,,,,weak,/home/zsh/ConceptSkillCDM/results/crg_lcrf_core3_final_20260520/crg_support_controls/assist_17/crg_support_corruption_control.csv,auc_bce,0.0015145960835903,0.0014212578394493,all
assist_17,self_only_fallback,0.75,44,graph_hits_history,77261,0.7731935181362601,0.011068122201067,0.5758563901057201,0.0222875378530612,0.7842616403373271,0.5535688522526588,1.0,True,,,,,weak,/home/zsh/ConceptSkillCDM/results/crg_lcrf_core3_final_20260520/crg_support_controls/assist_17/crg_support_corruption_control.csv,auc_bce,0.0015145960835903,0.0014212578394493,direct_unseen_bridgeable
assist_17,self_only_fallback,0.75,44,high_support_mass,19317,0.78591305881862,0.0137751278005742,0.5727488048362989,0.0315550988874577,0.7996881866191942,0.5411937059488411,1.0,True,,,,,weak,/home/zsh/ConceptSkillCDM/results/crg_lcrf_core3_final_20260520/crg_support_controls/assist_17/crg_support_corruption_control.csv,auc_bce,0.0024633193165497,0.0023209733068342,high_crg_mass
assist_17,self_only_fallback,0.75,44,query_seq_top5_q4_high,19249,0.7603212681720197,0.0103314881379232,0.5839746148140424,0.0341814626974404,0.770652756309943,0.549793152116602,1.0,True,,,,,weak,/home/zsh/ConceptSkillCDM/results/crg_lcrf_core3_final_20260520/crg_support_controls/assist_17/crg_support_corruption_control.csv,auc_bce,0.0009749721723133,0.000888056413881,high_seq_support
assist_17,self_only_fallback,0.75,44,multi_concept,33639,0.7608242675582391,0.0065121606486167,0.5886815723487195,0.0193383912862051,0.7673364282068558,0.5693431810625144,1.0,True,,,,,weak,/home/zsh/ConceptSkillCDM/results/crg_lcrf_core3_final_20260520/crg_support_controls/assist_17/crg_support_corruption_control.csv,auc_bce,0.0008523078569507,0.0008528041892781,direct_seen
assist_17,self_only_fallback,0.75,44,direct_seen,73401,0.7778502887444609,0.0084656915645877,0.5672120349273437,0.0170190473425972,0.7863159803090487,0.5501929875847464,1.0,True,,,,,weak,/home/zsh/ConceptSkillCDM/results/crg_lcrf_core3_final_20260520/crg_support_controls/assist_17/crg_support_corruption_control.csv,auc_bce,0.0013629066547022,0.0012302650508342,direct_seen
assist_17,self_only_fallback,0.75,44,direct_unseen,3860,0.7212382406675211,0.0146407438715131,0.7402357461803314,0.1224721160806692,0.7358789845390342,0.6177636300996622,1.0,True,,,,,weak,/home/zsh/ConceptSkillCDM/results/crg_lcrf_core3_final_20260520/crg_support_controls/assist_17/crg_support_corruption_control.csv,auc_bce,0.0022914678373736,0.0050531391029553,direct_unseen
assist_17,self_only_fallback,0.75,44,direct_unseen_bridgeable,3860,0.7212382406675211,0.0146407438715131,0.7402357461803314,0.1224721160806692,0.7358789845390342,0.6177636300996622,1.0,True,,,,,weak,/home/zsh/ConceptSkillCDM/results/crg_lcrf_core3_final_20260520/crg_support_controls/assist_17/crg_support_corruption_control.csv,auc_bce,0.0022914678373736,0.0050531391029553,direct_unseen_bridgeable
assist_17,self_only_fallback,0.75,44,high_seq_support,19249,0.7603212681720197,0.0103314881379232,0.5839746148140424,0.0341814626974404,0.770652756309943,0.549793152116602,1.0,True,,,,,weak,/home/zsh/ConceptSkillCDM/results/crg_lcrf_core3_final_20260520/crg_support_controls/assist_17/crg_support_corruption_control.csv,auc_bce,0.0009749721723133,0.000888056413881,high_seq_support
assist_17,self_only_fallback,0.75,44,high_crg_mass,19317,0.78591305881862,0.0137751278005742,0.5727488048362989,0.0315550988874577,0.7996881866191942,0.5411937059488411,1.0,True,,,,,weak,/home/zsh/ConceptSkillCDM/results/crg_lcrf_core3_final_20260520/crg_support_controls/assist_17/crg_support_corruption_control.csv,auc_bce,0.0024633193165497,0.0023209733068342,high_crg_mass
assist_17,self_only_fallback,0.75,44,short_history,38708,0.7609871265708168,0.0113576457482205,0.5897048827300669,0.0230281927049635,0.7723447723190373,0.5666766900251033,1.0,True,,,,,weak,/home/zsh/ConceptSkillCDM/results/crg_lcrf_core3_final_20260520/crg_support_controls/assist_17/crg_support_corruption_control.csv,auc_bce,0.0008395201797348,0.0007005572903322,short_history
assist_17,self_only_fallback,0.75,44,long_history,38553,0.7846898855190169,0.0107751312099925,0.5619522204560634,0.0215439052432143,0.7954650167290094,0.540408315212849,1.0,True,,,,,weak,/home/zsh/ConceptSkillCDM/results/crg_lcrf_core3_final_20260520/crg_support_controls/assist_17/crg_support_corruption_control.csv,auc_bce,0.0021922274592959,0.0021448559214461,long_history
assist_17,self_only_fallback,0.75,45,all,77261,0.7731935181362601,0.011068122201067,0.5758563901057201,0.0222875378530612,0.7842616403373271,0.5535688522526588,1.0,True,,,,,weak,/home/zsh/ConceptSkillCDM/results/crg_lcrf_core3_final_20260520/crg_support_controls/assist_17/crg_support_corruption_control.csv,auc_bce,0.0027576219172509,0.0031585275926094,all
assist_17,self_only_fallback,0.75,45,graph_hits_history,77261,0.7731935181362601,0.011068122201067,0.5758563901057201,0.0222875378530612,0.7842616403373271,0.5535688522526588,1.0,True,,,,,weak,/home/zsh/ConceptSkillCDM/results/crg_lcrf_core3_final_20260520/crg_support_controls/assist_17/crg_support_corruption_control.csv,auc_bce,0.0027576219172509,0.0031585275926094,direct_unseen_bridgeable
assist_17,self_only_fallback,0.75,45,high_support_mass,19317,0.78591305881862,0.0137751278005742,0.5727488048362989,0.0315550988874577,0.7996881866191942,0.5411937059488411,1.0,True,,,,,weak,/home/zsh/ConceptSkillCDM/results/crg_lcrf_core3_final_20260520/crg_support_controls/assist_17/crg_support_corruption_control.csv,auc_bce,0.0030338051678203,0.0034343167302356,high_crg_mass
assist_17,self_only_fallback,0.75,45,query_seq_top5_q4_high,19249,0.7603212681720197,0.0103314881379232,0.5839746148140424,0.0341814626974404,0.770652756309943,0.549793152116602,1.0,True,,,,,weak,/home/zsh/ConceptSkillCDM/results/crg_lcrf_core3_final_20260520/crg_support_controls/assist_17/crg_support_corruption_control.csv,auc_bce,0.0021565042595195,0.002461660121436,high_seq_support
assist_17,self_only_fallback,0.75,45,multi_concept,33639,0.7608242675582391,0.0065121606486167,0.5886815723487195,0.0193383912862051,0.7673364282068558,0.5693431810625144,1.0,True,,,,,weak,/home/zsh/ConceptSkillCDM/results/crg_lcrf_core3_final_20260520/crg_support_controls/assist_17/crg_support_corruption_control.csv,auc_bce,0.001997817378912,0.0019560557043128,direct_seen
assist_17,self_only_fallback,0.75,45,direct_seen,73401,0.7778502887444609,0.0084656915645877,0.5672120349273437,0.0170190473425972,0.7863159803090487,0.5501929875847464,1.0,True,,,,,weak,/home/zsh/ConceptSkillCDM/results/crg_lcrf_core3_final_20260520/crg_support_controls/assist_17/crg_support_corruption_control.csv,auc_bce,0.0027159995590828,0.0028704019972137,direct_seen
assist_17,self_only_fallback,0.75,45,direct_unseen,3860,0.7212382406675211,0.0146407438715131,0.7402357461803314,0.1224721160806692,0.7358789845390342,0.6177636300996622,1.0,True,,,,,weak,/home/zsh/ConceptSkillCDM/results/crg_lcrf_core3_final_20260520/crg_support_controls/assist_17/crg_support_corruption_control.csv,auc_bce,0.0032815695470783,0.0086374671852638,direct_unseen
assist_17,self_only_fallback,0.75,45,direct_unseen_bridgeable,3860,0.7212382406675211,0.0146407438715131,0.7402357461803314,0.1224721160806692,0.7358789845390342,0.6177636300996622,1.0,True,,,,,weak,/home/zsh/ConceptSkillCDM/results/crg_lcrf_core3_final_20260520/crg_support_controls/assist_17/crg_support_corruption_control.csv,auc_bce,0.0032815695470783,0.0086374671852638,direct_unseen_bridgeable
assist_17,self_only_fallback,0.75,45,high_seq_support,19249,0.7603212681720197,0.0103314881379232,0.5839746148140424,0.0341814626974404,0.770652756309943,0.549793152116602,1.0,True,,,,,weak,/home/zsh/ConceptSkillCDM/results/crg_lcrf_core3_final_20260520/crg_support_controls/assist_17/crg_support_corruption_control.csv,auc_bce,0.0021565042595195,0.002461660121436,high_seq_support
assist_17,self_only_fallback,0.75,45,high_crg_mass,19317,0.78591305881862,0.0137751278005742,0.5727488048362989,0.0315550988874577,0.7996881866191942,0.5411937059488411,1.0,True,,,,,weak,/home/zsh/ConceptSkillCDM/results/crg_lcrf_core3_final_20260520/crg_support_controls/assist_17/crg_support_corruption_control.csv,auc_bce,0.0030338051678203,0.0034343167302356,high_crg_mass
assist_17,self_only_fallback,0.75,45,short_history,38708,0.7609871265708168,0.0113576457482205,0.5897048827300669,0.0230281927049635,0.7723447723190373,0.5666766900251033,1.0,True,,,,,weak,/home/zsh/ConceptSkillCDM/results/crg_lcrf_core3_final_20260520/crg_support_controls/assist_17/crg_support_corruption_control.csv,auc_bce,0.003617768915146,0.0044301540791003,short_history
assist_17,self_only_fallback,0.75,45,long_history,38553,0.7846898855190169,0.0107751312099925,0.5619522204560634,0.0215439052432143,0.7954650167290094,0.540408315212849,1.0,True,,,,,weak,/home/zsh/ConceptSkillCDM/results/crg_lcrf_core3_final_20260520/crg_support_controls/assist_17/crg_support_corruption_control.csv,auc_bce,0.0018179419718111,0.0018817886088964,long_history
assist_17,self_only_fallback,0.75,46,all,77261,0.7731935181362601,0.011068122201067,0.5758563901057201,0.0222875378530612,0.7842616403373271,0.5535688522526588,1.0,True,,,,,weak,/home/zsh/ConceptSkillCDM/results/crg_lcrf_core3_final_20260520/crg_support_controls/assist_17/crg_support_corruption_control.csv,auc_bce,0.0023457564405543,0.0017935834116462,all
assist_17,self_only_fallback,0.75,46,graph_hits_history,77261,0.7731935181362601,0.011068122201067,0.5758563901057201,0.0222875378530612,0.7842616403373271,0.5535688522526588,1.0,True,,,,,weak,/home/zsh/ConceptSkillCDM/results/crg_lcrf_core3_final_20260520/crg_support_controls/assist_17/crg_support_corruption_control.csv,auc_bce,0.0023457564405543,0.0017935834116462,direct_unseen_bridgeable
assist_17,self_only_fallback,0.75,46,high_support_mass,19317,0.78591305881862,0.0137751278005742,0.5727488048362989,0.0315550988874577,0.7996881866191942,0.5411937059488411,1.0,True,,,,,weak,/home/zsh/ConceptSkillCDM/results/crg_lcrf_core3_final_20260520/crg_support_controls/assist_17/crg_support_corruption_control.csv,auc_bce,0.002986884903063,0.0025659545274626,high_crg_mass
assist_17,self_only_fallback,0.75,46,query_seq_top5_q4_high,19249,0.7603212681720197,0.0103314881379232,0.5839746148140424,0.0341814626974404,0.770652756309943,0.549793152116602,1.0,True,,,,,weak,/home/zsh/ConceptSkillCDM/results/crg_lcrf_core3_final_20260520/crg_support_controls/assist_17/crg_support_corruption_control.csv,auc_bce,0.0018595822411745,0.0014498030387241,high_seq_support
assist_17,self_only_fallback,0.75,46,multi_concept,33639,0.7608242675582391,0.0065121606486167,0.5886815723487195,0.0193383912862051,0.7673364282068558,0.5693431810625144,1.0,True,,,,,weak,/home/zsh/ConceptSkillCDM/results/crg_lcrf_core3_final_20260520/crg_support_controls/assist_17/crg_support_corruption_control.csv,auc_bce,0.0020790781128304,0.0018166926261518,direct_seen
assist_17,self_only_fallback,0.75,46,direct_seen,73401,0.7778502887444609,0.0084656915645877,0.5672120349273437,0.0170190473425972,0.7863159803090487,0.5501929875847464,1.0,True,,,,,weak,/home/zsh/ConceptSkillCDM/results/crg_lcrf_core3_final_20260520/crg_support_controls/assist_17/crg_support_corruption_control.csv,auc_bce,0.0021508157421346,0.001707349517556,direct_seen
assist_17,self_only_fallback,0.75,46,direct_unseen,3860,0.7212382406675211,0.0146407438715131,0.7402357461803314,0.1224721160806692,0.7358789845390342,0.6177636300996622,1.0,True,,,,,weak,/home/zsh/ConceptSkillCDM/results/crg_lcrf_core3_final_20260520/crg_support_controls/assist_17/crg_support_corruption_control.csv,auc_bce,0.0034188640143976,0.0034333901629747,direct_unseen
assist_17,self_only_fallback,0.75,46,direct_unseen_bridgeable,3860,0.7212382406675211,0.0146407438715131,0.7402357461803314,0.1224721160806692,0.7358789845390342,0.6177636300996622,1.0,True,,,,,weak,/home/zsh/ConceptSkillCDM/results/crg_lcrf_core3_final_20260520/crg_support_controls/assist_17/crg_support_corruption_control.csv,auc_bce,0.0034188640143976,0.0034333901629747,direct_unseen_bridgeable
assist_17,self_only_fallback,0.75,46,high_seq_support,19249,0.7603212681720197,0.0103314881379232,0.5839746148140424,0.0341814626974404,0.770652756309943,0.549793152116602,1.0,True,,,,,weak,/home/zsh/ConceptSkillCDM/results/crg_lcrf_core3_final_20260520/crg_support_controls/assist_17/crg_support_corruption_control.csv,auc_bce,0.0018595822411745,0.0014498030387241,high_seq_support
assist_17,self_only_fallback,0.75,46,high_crg_mass,19317,0.78591305881862,0.0137751278005742,0.5727488048362989,0.0315550988874577,0.7996881866191942,0.5411937059488411,1.0,True,,,,,weak,/home/zsh/ConceptSkillCDM/results/crg_lcrf_core3_final_20260520/crg_support_controls/assist_17/crg_support_corruption_control.csv,auc_bce,0.002986884903063,0.0025659545274626,high_crg_mass
assist_17,self_only_fallback,0.75,46,short_history,38708,0.7609871265708168,0.0113576457482205,0.5897048827300669,0.0230281927049635,0.7723447723190373,0.5666766900251033,1.0,True,,,,,weak,/home/zsh/ConceptSkillCDM/results/crg_lcrf_core3_final_20260520/crg_support_controls/assist_17/crg_support_corruption_control.csv,auc_bce,0.0022575700193117,0.0015663116369769,short_history
assist_17,self_only_fallback,0.75,46,long_history,38553,0.7846898855190169,0.0107751312099925,0.5619522204560634,0.0215439052432143,0.7954650167290094,0.540408315212849,1.0,True,,,,,weak,/home/zsh/ConceptSkillCDM/results/crg_lcrf_core3_final_20260520/crg_support_controls/assist_17/crg_support_corruption_control.csv,auc_bce,0.0024178260754044,0.0020217689187119,long_history
assist_17,self_only_fallback,1.0,42,all,77261,0.7731935181362601,0.011068122201067,0.5758563901057201,0.0222875378530612,0.7842616403373271,0.5535688522526588,1.0,True,,,,,support_dependence_only,/home/zsh/ConceptSkillCDM/results/crg_lcrf_core3_final_20260520/crg_support_controls/assist_17/crg_support_corruption_control.csv,auc_bce,0.0025651919276764,0.0156086671294662,all
assist_17,self_only_fallback,1.0,42,graph_hits_history,77261,0.7731935181362601,0.011068122201067,0.5758563901057201,0.0222875378530612,0.7842616403373271,0.5535688522526588,1.0,True,,,,,support_dependence_only,/home/zsh/ConceptSkillCDM/results/crg_lcrf_core3_final_20260520/crg_support_controls/assist_17/crg_support_corruption_control.csv,auc_bce,0.0025651919276764,0.0156086671294662,direct_unseen_bridgeable
assist_17,self_only_fallback,1.0,42,high_support_mass,19317,0.78591305881862,0.0137751278005742,0.5727488048362989,0.0315550988874577,0.7996881866191942,0.5411937059488411,1.0,True,,,,,support_dependence_only,/home/zsh/ConceptSkillCDM/results/crg_lcrf_core3_final_20260520/crg_support_controls/assist_17/crg_support_corruption_control.csv,auc_bce,0.0035686810190314,0.0197989762069616,high_crg_mass
assist_17,self_only_fallback,1.0,42,query_seq_top5_q4_high,19249,0.7603212681720197,0.0103314881379232,0.5839746148140424,0.0341814626974404,0.770652756309943,0.549793152116602,1.0,True,,,,,support_dependence_only,/home/zsh/ConceptSkillCDM/results/crg_lcrf_core3_final_20260520/crg_support_controls/assist_17/crg_support_corruption_control.csv,auc_bce,0.0008219813404456,0.0145133406935863,high_seq_support
assist_17,self_only_fallback,1.0,42,multi_concept,33639,0.7608242675582391,0.0065121606486167,0.5886815723487195,0.0193383912862051,0.7673364282068558,0.5693431810625144,1.0,True,,,,,support_dependence_only,/home/zsh/ConceptSkillCDM/results/crg_lcrf_core3_final_20260520/crg_support_controls/assist_17/crg_support_corruption_control.csv,auc_bce,0.0017187404376014,0.0125137819194248,direct_seen
assist_17,self_only_fallback,1.0,42,direct_seen,73401,0.7778502887444609,0.0084656915645877,0.5672120349273437,0.0170190473425972,0.7863159803090487,0.5501929875847464,1.0,True,,,,,support_dependence_only,/home/zsh/ConceptSkillCDM/results/crg_lcrf_core3_final_20260520/crg_support_controls/assist_17/crg_support_corruption_control.csv,auc_bce,0.0022832554173929,0.0137573968836639,direct_seen
assist_17,self_only_fallback,1.0,42,direct_unseen,3860,0.7212382406675211,0.0146407438715131,0.7402357461803314,0.1224721160806692,0.7358789845390342,0.6177636300996622,1.0,True,,,,,support_dependence_only,/home/zsh/ConceptSkillCDM/results/crg_lcrf_core3_final_20260520/crg_support_controls/assist_17/crg_support_corruption_control.csv,auc_bce,0.006123578654596,0.0508120576248406,direct_unseen
assist_17,self_only_fallback,1.0,42,direct_unseen_bridgeable,3860,0.7212382406675211,0.0146407438715131,0.7402357461803314,0.1224721160806692,0.7358789845390342,0.6177636300996622,1.0,True,,,,,support_dependence_only,/home/zsh/ConceptSkillCDM/results/crg_lcrf_core3_final_20260520/crg_support_controls/assist_17/crg_support_corruption_control.csv,auc_bce,0.006123578654596,0.0508120576248406,direct_unseen_bridgeable
assist_17,self_only_fallback,1.0,42,high_seq_support,19249,0.7603212681720197,0.0103314881379232,0.5839746148140424,0.0341814626974404,0.770652756309943,0.549793152116602,1.0,True,,,,,support_dependence_only,/home/zsh/ConceptSkillCDM/results/crg_lcrf_core3_final_20260520/crg_support_controls/assist_17/crg_support_corruption_control.csv,auc_bce,0.0008219813404456,0.0145133406935863,high_seq_support
assist_17,self_only_fallback,1.0,42,high_crg_mass,19317,0.78591305881862,0.0137751278005742,0.5727488048362989,0.0315550988874577,0.7996881866191942,0.5411937059488411,1.0,True,,,,,support_dependence_only,/home/zsh/ConceptSkillCDM/results/crg_lcrf_core3_final_20260520/crg_support_controls/assist_17/crg_support_corruption_control.csv,auc_bce,0.0035686810190314,0.0197989762069616,high_crg_mass
assist_17,self_only_fallback,1.0,42,short_history,38708,0.7609871265708168,0.0113576457482205,0.5897048827300669,0.0230281927049635,0.7723447723190373,0.5666766900251033,1.0,True,,,,,support_dependence_only,/home/zsh/ConceptSkillCDM/results/crg_lcrf_core3_final_20260520/crg_support_controls/assist_17/crg_support_corruption_control.csv,auc_bce,0.0019539627768387,0.0150612352945888,short_history
assist_17,self_only_fallback,1.0,42,long_history,38553,0.7846898855190169,0.0107751312099925,0.5619522204560634,0.0215439052432143,0.7954650167290094,0.540408315212849,1.0,True,,,,,support_dependence_only,/home/zsh/ConceptSkillCDM/results/crg_lcrf_core3_final_20260520/crg_support_controls/assist_17/crg_support_corruption_control.csv,auc_bce,0.0032301860080118,0.0161582998808591,long_history
assist_17,self_only_fallback,1.0,43,all,77261,0.7731935181362601,0.011068122201067,0.5758563901057201,0.0222875378530612,0.7842616403373271,0.5535688522526588,1.0,True,,,,,support_dependence_only,/home/zsh/ConceptSkillCDM/results/crg_lcrf_core3_final_20260520/crg_support_controls/assist_17/crg_support_corruption_control.csv,auc_bce,0.0025853837932653,0.016397177997669,all
assist_17,self_only_fallback,1.0,43,graph_hits_history,77261,0.7731935181362601,0.011068122201067,0.5758563901057201,0.0222875378530612,0.7842616403373271,0.5535688522526588,1.0,True,,,,,support_dependence_only,/home/zsh/ConceptSkillCDM/results/crg_lcrf_core3_final_20260520/crg_support_controls/assist_17/crg_support_corruption_control.csv,auc_bce,0.0025853837932653,0.016397177997669,direct_unseen_bridgeable
assist_17,self_only_fallback,1.0,43,high_support_mass,19317,0.78591305881862,0.0137751278005742,0.5727488048362989,0.0315550988874577,0.7996881866191942,0.5411937059488411,1.0,True,,,,,support_dependence_only,/home/zsh/ConceptSkillCDM/results/crg_lcrf_core3_final_20260520/crg_support_controls/assist_17/crg_support_corruption_control.csv,auc_bce,0.0029953188504453,0.0200096119723418,high_crg_mass
assist_17,self_only_fallback,1.0,43,query_seq_top5_q4_high,19249,0.7603212681720197,0.0103314881379232,0.5839746148140424,0.0341814626974404,0.770652756309943,0.549793152116602,1.0,True,,,,,support_dependence_only,/home/zsh/ConceptSkillCDM/results/crg_lcrf_core3_final_20260520/crg_support_controls/assist_17/crg_support_corruption_control.csv,auc_bce,0.0012700593981217,0.0178122366556821,high_seq_support
assist_17,self_only_fallback,1.0,43,multi_concept,33639,0.7608242675582391,0.0065121606486167,0.5886815723487195,0.0193383912862051,0.7673364282068558,0.5693431810625144,1.0,True,,,,,support_dependence_only,/home/zsh/ConceptSkillCDM/results/crg_lcrf_core3_final_20260520/crg_support_controls/assist_17/crg_support_corruption_control.csv,auc_bce,0.0016153340199782,0.0134035975129661,direct_seen
assist_17,self_only_fallback,1.0,43,direct_seen,73401,0.7778502887444609,0.0084656915645877,0.5672120349273437,0.0170190473425972,0.7863159803090487,0.5501929875847464,1.0,True,,,,,support_dependence_only,/home/zsh/ConceptSkillCDM/results/crg_lcrf_core3_final_20260520/crg_support_controls/assist_17/crg_support_corruption_control.csv,auc_bce,0.0022914643678297,0.0144192916995142,direct_seen
assist_17,self_only_fallback,1.0,43,direct_unseen,3860,0.7212382406675211,0.0146407438715131,0.7402357461803314,0.1224721160806692,0.7358789845390342,0.6177636300996622,1.0,True,,,,,support_dependence_only,/home/zsh/ConceptSkillCDM/results/crg_lcrf_core3_final_20260520/crg_support_controls/assist_17/crg_support_corruption_control.csv,auc_bce,0.0066940255774002,0.0540082744149893,direct_unseen
assist_17,self_only_fallback,1.0,43,direct_unseen_bridgeable,3860,0.7212382406675211,0.0146407438715131,0.7402357461803314,0.1224721160806692,0.7358789845390342,0.6177636300996622,1.0,True,,,,,support_dependence_only,/home/zsh/ConceptSkillCDM/results/crg_lcrf_core3_final_20260520/crg_support_controls/assist_17/crg_support_corruption_control.csv,auc_bce,0.0066940255774002,0.0540082744149893,direct_unseen_bridgeable
assist_17,self_only_fallback,1.0,43,high_seq_support,19249,0.7603212681720197,0.0103314881379232,0.5839746148140424,0.0341814626974404,0.770652756309943,0.549793152116602,1.0,True,,,,,support_dependence_only,/home/zsh/ConceptSkillCDM/results/crg_lcrf_core3_final_20260520/crg_support_controls/assist_17/crg_support_corruption_control.csv,auc_bce,0.0012700593981217,0.0178122366556821,high_seq_support
assist_17,self_only_fallback,1.0,43,high_crg_mass,19317,0.78591305881862,0.0137751278005742,0.5727488048362989,0.0315550988874577,0.7996881866191942,0.5411937059488411,1.0,True,,,,,support_dependence_only,/home/zsh/ConceptSkillCDM/results/crg_lcrf_core3_final_20260520/crg_support_controls/assist_17/crg_support_corruption_control.csv,auc_bce,0.0029953188504453,0.0200096119723418,high_crg_mass
assist_17,self_only_fallback,1.0,43,short_history,38708,0.7609871265708168,0.0113576457482205,0.5897048827300669,0.0230281927049635,0.7723447723190373,0.5666766900251033,1.0,True,,,,,support_dependence_only,/home/zsh/ConceptSkillCDM/results/crg_lcrf_core3_final_20260520/crg_support_controls/assist_17/crg_support_corruption_control.csv,auc_bce,0.0023414943999812,0.0159638870032303,short_history
assist_17,self_only_fallback,1.0,43,long_history,38553,0.7846898855190169,0.0107751312099925,0.5619522204560634,0.0215439052432143,0.7954650167290094,0.540408315212849,1.0,True,,,,,support_dependence_only,/home/zsh/ConceptSkillCDM/results/crg_lcrf_core3_final_20260520/crg_support_controls/assist_17/crg_support_corruption_control.csv,auc_bce,0.0028602133543489,0.0168322110122913,long_history
assist_17,self_only_fallback,1.0,44,all,77261,0.7731935181362601,0.011068122201067,0.5758563901057201,0.0222875378530612,0.7842616403373271,0.5535688522526588,1.0,True,,,,,support_dependence_only,/home/zsh/ConceptSkillCDM/results/crg_lcrf_core3_final_20260520/crg_support_controls/assist_17/crg_support_corruption_control.csv,auc_bce,0.0021581100778508,0.0195904650013907,all
assist_17,self_only_fallback,1.0,44,graph_hits_history,77261,0.7731935181362601,0.011068122201067,0.5758563901057201,0.0222875378530612,0.7842616403373271,0.5535688522526588,1.0,True,,,,,support_dependence_only,/home/zsh/ConceptSkillCDM/results/crg_lcrf_core3_final_20260520/crg_support_controls/assist_17/crg_support_corruption_control.csv,auc_bce,0.0021581100778508,0.0195904650013907,direct_unseen_bridgeable
assist_17,self_only_fallback,1.0,44,high_support_mass,19317,0.78591305881862,0.0137751278005742,0.5727488048362989,0.0315550988874577,0.7996881866191942,0.5411937059488411,1.0,True,,,,,support_dependence_only,/home/zsh/ConceptSkillCDM/results/crg_lcrf_core3_final_20260520/crg_support_controls/assist_17/crg_support_corruption_control.csv,auc_bce,0.0029040242138466,0.0214565146563938,high_crg_mass
assist_17,self_only_fallback,1.0,44,query_seq_top5_q4_high,19249,0.7603212681720197,0.0103314881379232,0.5839746148140424,0.0341814626974404,0.770652756309943,0.549793152116602,1.0,True,,,,,support_dependence_only,/home/zsh/ConceptSkillCDM/results/crg_lcrf_core3_final_20260520/crg_support_controls/assist_17/crg_support_corruption_control.csv,auc_bce,0.0006329748457374,0.0126511072515489,high_seq_support
assist_17,self_only_fallback,1.0,44,multi_concept,33639,0.7608242675582391,0.0065121606486167,0.5886815723487195,0.0193383912862051,0.7673364282068558,0.5693431810625144,1.0,True,,,,,support_dependence_only,/home/zsh/ConceptSkillCDM/results/crg_lcrf_core3_final_20260520/crg_support_controls/assist_17/crg_support_corruption_control.csv,auc_bce,0.0011056239327622,0.0140242327844153,direct_seen
assist_17,self_only_fallback,1.0,44,direct_seen,73401,0.7778502887444609,0.0084656915645877,0.5672120349273437,0.0170190473425972,0.7863159803090487,0.5501929875847464,1.0,True,,,,,support_dependence_only,/home/zsh/ConceptSkillCDM/results/crg_lcrf_core3_final_20260520/crg_support_controls/assist_17/crg_support_corruption_control.csv,auc_bce,0.0022942548965951,0.0181130408910371,direct_seen
assist_17,self_only_fallback,1.0,44,direct_unseen,3860,0.7212382406675211,0.0146407438715131,0.7402357461803314,0.1224721160806692,0.7358789845390342,0.6177636300996622,1.0,True,,,,,support_dependence_only,/home/zsh/ConceptSkillCDM/results/crg_lcrf_core3_final_20260520/crg_support_controls/assist_17/crg_support_corruption_control.csv,auc_bce,0.0043082104000218,0.0476848709920798,direct_unseen
assist_17,self_only_fallback,1.0,44,direct_unseen_bridgeable,3860,0.7212382406675211,0.0146407438715131,0.7402357461803314,0.1224721160806692,0.7358789845390342,0.6177636300996622,1.0,True,,,,,support_dependence_only,/home/zsh/ConceptSkillCDM/results/crg_lcrf_core3_final_20260520/crg_support_controls/assist_17/crg_support_corruption_control.csv,auc_bce,0.0043082104000218,0.0476848709920798,direct_unseen_bridgeable
assist_17,self_only_fallback,1.0,44,high_seq_support,19249,0.7603212681720197,0.0103314881379232,0.5839746148140424,0.0341814626974404,0.770652756309943,0.549793152116602,1.0,True,,,,,support_dependence_only,/home/zsh/ConceptSkillCDM/results/crg_lcrf_core3_final_20260520/crg_support_controls/assist_17/crg_support_corruption_control.csv,auc_bce,0.0006329748457374,0.0126511072515489,high_seq_support
assist_17,self_only_fallback,1.0,44,high_crg_mass,19317,0.78591305881862,0.0137751278005742,0.5727488048362989,0.0315550988874577,0.7996881866191942,0.5411937059488411,1.0,True,,,,,support_dependence_only,/home/zsh/ConceptSkillCDM/results/crg_lcrf_core3_final_20260520/crg_support_controls/assist_17/crg_support_corruption_control.csv,auc_bce,0.0029040242138466,0.0214565146563938,high_crg_mass
assist_17,self_only_fallback,1.0,44,short_history,38708,0.7609871265708168,0.0113576457482205,0.5897048827300669,0.0230281927049635,0.7723447723190373,0.5666766900251033,1.0,True,,,,,support_dependence_only,/home/zsh/ConceptSkillCDM/results/crg_lcrf_core3_final_20260520/crg_support_controls/assist_17/crg_support_corruption_control.csv,auc_bce,0.00138171015538,0.0200413023791741,short_history
assist_17,self_only_fallback,1.0,44,long_history,38553,0.7846898855190169,0.0107751312099925,0.5619522204560634,0.0215439052432143,0.7954650167290094,0.540408315212849,1.0,True,,,,,support_dependence_only,/home/zsh/ConceptSkillCDM/results/crg_lcrf_core3_final_20260520/crg_support_controls/assist_17/crg_support_corruption_control.csv,auc_bce,0.0029090187901479,0.0191378150592528,long_history
assist_17,self_only_fallback,1.0,45,all,77261,0.7731935181362601,0.011068122201067,0.5758563901057201,0.0222875378530612,0.7842616403373271,0.5535688522526588,1.0,True,,,,,support_dependence_only,/home/zsh/ConceptSkillCDM/results/crg_lcrf_core3_final_20260520/crg_support_controls/assist_17/crg_support_corruption_control.csv,auc_bce,0.0034627977838345,0.0185614354335442,all
assist_17,self_only_fallback,1.0,45,graph_hits_history,77261,0.7731935181362601,0.011068122201067,0.5758563901057201,0.0222875378530612,0.7842616403373271,0.5535688522526588,1.0,True,,,,,support_dependence_only,/home/zsh/ConceptSkillCDM/results/crg_lcrf_core3_final_20260520/crg_support_controls/assist_17/crg_support_corruption_control.csv,auc_bce,0.0034627977838345,0.0185614354335442,direct_unseen_bridgeable
assist_17,self_only_fallback,1.0,45,high_support_mass,19317,0.78591305881862,0.0137751278005742,0.5727488048362989,0.0315550988874577,0.7996881866191942,0.5411937059488411,1.0,True,,,,,support_dependence_only,/home/zsh/ConceptSkillCDM/results/crg_lcrf_core3_final_20260520/crg_support_controls/assist_17/crg_support_corruption_control.csv,auc_bce,0.0040106263620256,0.0224283274648358,high_crg_mass
assist_17,self_only_fallback,1.0,45,query_seq_top5_q4_high,19249,0.7603212681720197,0.0103314881379232,0.5839746148140424,0.0341814626974404,0.770652756309943,0.549793152116602,1.0,True,,,,,support_dependence_only,/home/zsh/ConceptSkillCDM/results/crg_lcrf_core3_final_20260520/crg_support_controls/assist_17/crg_support_corruption_control.csv,auc_bce,0.0020114127525283,0.0166401223788774,high_seq_support
assist_17,self_only_fallback,1.0,45,multi_concept,33639,0.7608242675582391,0.0065121606486167,0.5886815723487195,0.0193383912862051,0.7673364282068558,0.5693431810625144,1.0,True,,,,,support_dependence_only,/home/zsh/ConceptSkillCDM/results/crg_lcrf_core3_final_20260520/crg_support_controls/assist_17/crg_support_corruption_control.csv,auc_bce,0.0024633816403315,0.0151927662186591,direct_seen
assist_17,self_only_fallback,1.0,45,direct_seen,73401,0.7778502887444609,0.0084656915645877,0.5672120349273437,0.0170190473425972,0.7863159803090487,0.5501929875847464,1.0,True,,,,,support_dependence_only,/home/zsh/ConceptSkillCDM/results/crg_lcrf_core3_final_20260520/crg_support_controls/assist_17/crg_support_corruption_control.csv,auc_bce,0.0033403253388908,0.0168296311748953,direct_seen
assist_17,self_only_fallback,1.0,45,direct_unseen,3860,0.7212382406675211,0.0146407438715131,0.7402357461803314,0.1224721160806692,0.7358789845390342,0.6177636300996622,1.0,True,,,,,support_dependence_only,/home/zsh/ConceptSkillCDM/results/crg_lcrf_core3_final_20260520/crg_support_controls/assist_17/crg_support_corruption_control.csv,auc_bce,0.0070835492051374,0.0514930842390092,direct_unseen
assist_17,self_only_fallback,1.0,45,direct_unseen_bridgeable,3860,0.7212382406675211,0.0146407438715131,0.7402357461803314,0.1224721160806692,0.7358789845390342,0.6177636300996622,1.0,True,,,,,support_dependence_only,/home/zsh/ConceptSkillCDM/results/crg_lcrf_core3_final_20260520/crg_support_controls/assist_17/crg_support_corruption_control.csv,auc_bce,0.0070835492051374,0.0514930842390092,direct_unseen_bridgeable
assist_17,self_only_fallback,1.0,45,high_seq_support,19249,0.7603212681720197,0.0103314881379232,0.5839746148140424,0.0341814626974404,0.770652756309943,0.549793152116602,1.0,True,,,,,support_dependence_only,/home/zsh/ConceptSkillCDM/results/crg_lcrf_core3_final_20260520/crg_support_controls/assist_17/crg_support_corruption_control.csv,auc_bce,0.0020114127525283,0.0166401223788774,high_seq_support
assist_17,self_only_fallback,1.0,45,high_crg_mass,19317,0.78591305881862,0.0137751278005742,0.5727488048362989,0.0315550988874577,0.7996881866191942,0.5411937059488411,1.0,True,,,,,support_dependence_only,/home/zsh/ConceptSkillCDM/results/crg_lcrf_core3_final_20260520/crg_support_controls/assist_17/crg_support_corruption_control.csv,auc_bce,0.0040106263620256,0.0224283274648358,high_crg_mass
assist_17,self_only_fallback,1.0,45,short_history,38708,0.7609871265708168,0.0113576457482205,0.5897048827300669,0.0230281927049635,0.7723447723190373,0.5666766900251033,1.0,True,,,,,support_dependence_only,/home/zsh/ConceptSkillCDM/results/crg_lcrf_core3_final_20260520/crg_support_controls/assist_17/crg_support_corruption_control.csv,auc_bce,0.0032585742915265,0.0179245659162642,short_history
assist_17,self_only_fallback,1.0,45,long_history,38553,0.7846898855190169,0.0107751312099925,0.5619522204560634,0.0215439052432143,0.7954650167290094,0.540408315212849,1.0,True,,,,,support_dependence_only,/home/zsh/ConceptSkillCDM/results/crg_lcrf_core3_final_20260520/crg_support_controls/assist_17/crg_support_corruption_control.csv,auc_bce,0.0037371433956184,0.0192008654461213,long_history
assist_17,self_only_fallback,1.0,46,all,77261,0.7731935181362601,0.011068122201067,0.5758563901057201,0.0222875378530612,0.7842616403373271,0.5535688522526588,1.0,True,,,,,support_dependence_only,/home/zsh/ConceptSkillCDM/results/crg_lcrf_core3_final_20260520/crg_support_controls/assist_17/crg_support_corruption_control.csv,auc_bce,0.0049185948227895,0.0170170564952603,all
assist_17,self_only_fallback,1.0,46,graph_hits_history,77261,0.7731935181362601,0.011068122201067,0.5758563901057201,0.0222875378530612,0.7842616403373271,0.5535688522526588,1.0,True,,,,,support_dependence_only,/home/zsh/ConceptSkillCDM/results/crg_lcrf_core3_final_20260520/crg_support_controls/assist_17/crg_support_corruption_control.csv,auc_bce,0.0049185948227895,0.0170170564952603,direct_unseen_bridgeable
assist_17,self_only_fallback,1.0,46,high_support_mass,19317,0.78591305881862,0.0137751278005742,0.5727488048362989,0.0315550988874577,0.7996881866191942,0.5411937059488411,1.0,True,,,,,support_dependence_only,/home/zsh/ConceptSkillCDM/results/crg_lcrf_core3_final_20260520/crg_support_controls/assist_17/crg_support_corruption_control.csv,auc_bce,0.0047423647371426,0.0210841879385322,high_crg_mass
assist_17,self_only_fallback,1.0,46,query_seq_top5_q4_high,19249,0.7603212681720197,0.0103314881379232,0.5839746148140424,0.0341814626974404,0.770652756309943,0.549793152116602,1.0,True,,,,,support_dependence_only,/home/zsh/ConceptSkillCDM/results/crg_lcrf_core3_final_20260520/crg_support_controls/assist_17/crg_support_corruption_control.csv,auc_bce,0.0008102809656107,0.0178065766845865,high_seq_support
assist_17,self_only_fallback,1.0,46,multi_concept,33639,0.7608242675582391,0.0065121606486167,0.5886815723487195,0.0193383912862051,0.7673364282068558,0.5693431810625144,1.0,True,,,,,support_dependence_only,/home/zsh/ConceptSkillCDM/results/crg_lcrf_core3_final_20260520/crg_support_controls/assist_17/crg_support_corruption_control.csv,auc_bce,0.0025328624876482,0.0136694997166638,direct_seen
assist_17,self_only_fallback,1.0,46,direct_seen,73401,0.7778502887444609,0.0084656915645877,0.5672120349273437,0.0170190473425972,0.7863159803090487,0.5501929875847464,1.0,True,,,,,support_dependence_only,/home/zsh/ConceptSkillCDM/results/crg_lcrf_core3_final_20260520/crg_support_controls/assist_17/crg_support_corruption_control.csv,auc_bce,0.0046449224993987,0.0150981807671162,direct_seen
assist_17,self_only_fallback,1.0,46,direct_unseen,3860,0.7212382406675211,0.0146407438715131,0.7402357461803314,0.1224721160806692,0.7358789845390342,0.6177636300996622,1.0,True,,,,,support_dependence_only,/home/zsh/ConceptSkillCDM/results/crg_lcrf_core3_final_20260520/crg_support_controls/assist_17/crg_support_corruption_control.csv,auc_bce,0.0061080358847108,0.0535060195319195,direct_unseen
assist_17,self_only_fallback,1.0,46,direct_unseen_bridgeable,3860,0.7212382406675211,0.0146407438715131,0.7402357461803314,0.1224721160806692,0.7358789845390342,0.6177636300996622,1.0,True,,,,,support_dependence_only,/home/zsh/ConceptSkillCDM/results/crg_lcrf_core3_final_20260520/crg_support_controls/assist_17/crg_support_corruption_control.csv,auc_bce,0.0061080358847108,0.0535060195319195,direct_unseen_bridgeable
assist_17,self_only_fallback,1.0,46,high_seq_support,19249,0.7603212681720197,0.0103314881379232,0.5839746148140424,0.0341814626974404,0.770652756309943,0.549793152116602,1.0,True,,,,,support_dependence_only,/home/zsh/ConceptSkillCDM/results/crg_lcrf_core3_final_20260520/crg_support_controls/assist_17/crg_support_corruption_control.csv,auc_bce,0.0008102809656107,0.0178065766845865,high_seq_support
assist_17,self_only_fallback,1.0,46,high_crg_mass,19317,0.78591305881862,0.0137751278005742,0.5727488048362989,0.0315550988874577,0.7996881866191942,0.5411937059488411,1.0,True,,,,,support_dependence_only,/home/zsh/ConceptSkillCDM/results/crg_lcrf_core3_final_20260520/crg_support_controls/assist_17/crg_support_corruption_control.csv,auc_bce,0.0047423647371426,0.0210841879385322,high_crg_mass
assist_17,self_only_fallback,1.0,46,short_history,38708,0.7609871265708168,0.0113576457482205,0.5897048827300669,0.0230281927049635,0.7723447723190373,0.5666766900251033,1.0,True,,,,,support_dependence_only,/home/zsh/ConceptSkillCDM/results/crg_lcrf_core3_final_20260520/crg_support_controls/assist_17/crg_support_corruption_control.csv,auc_bce,0.0053328119185214,0.0162129115343163,short_history
assist_17,self_only_fallback,1.0,46,long_history,38553,0.7846898855190169,0.0107751312099925,0.5619522204560634,0.0215439052432143,0.7954650167290094,0.540408315212849,1.0,True,,,,,support_dependence_only,/home/zsh/ConceptSkillCDM/results/crg_lcrf_core3_final_20260520/crg_support_controls/assist_17/crg_support_corruption_control.csv,auc_bce,0.004523172487553,0.0178244344722848,long_history
