exer_id,cpt_seq
0,"1,24,44"
1,"1,24,44"
2,"1,24,44"
3,"1,24,44"
4,"1,24,44"
5,"1,24,44"
6,"1,24,31,48"
7,"1,31,49"
8,"1,24,31"
9,"1,31,49"
10,"1,24,31"
11,"1,24,31,48"
12,9
13,9
14,9
15,9
16,11
17,11
18,11
19,"6,8"
20,"6,8"
21,"6,8"
22,"6,8"
23,"6,9"
24,"6,9"
25,"6,9"
26,81
27,81
28,81
29,81
30,81
31,81
32,81
33,81
34,81
35,81
36,4
37,4
38,4
39,4
40,4
41,"6,14"
42,"6,40"
43,"6,11"
44,"6,11"
45,"6,11"
46,"6,11"
47,"6,10"
48,"6,10"
49,"6,9"
50,"6,9"
51,"6,9"
52,"6,10"
53,"6,9"
54,"6,11"
55,"6,11"
56,8
57,9
58,14
59,14
60,17
61,17
62,18
63,18
64,18
65,18
66,18
67,20
68,21
69,21
70,"22,51"
71,"22,43"
72,22
73,"22,43"
74,"22,43"
75,22
76,25
77,25
78,25
79,25
80,25
81,26
82,26
83,26
84,26
85,26
86,26
87,29
88,29
89,29
90,29
91,29
92,29
93,29
94,29
95,29
96,30
97,30
98,30
99,30
100,30
101,30
102,30
103,30
104,30
105,30
106,30
107,32
108,32
109,32
110,32
111,"32,33"
112,32
113,33
114,33
115,33
116,33
117,33
118,33
119,33
120,34
121,34
122,34
123,34
124,"34,35,46"
125,"34,35,46"
126,"34,35,46"
127,"34,35,46"
128,"34,35,46"
129,"34,35,46"
130,"34,35,46"
131,36
132,36
133,37
134,37
135,37
136,"37,55"
137,"37,55"
138,"37,55"
139,37
140,37
141,37
142,37
143,37
144,38
145,38
146,38
147,38
148,"39,46"
149,"39,46"
150,"39,46"
151,41
152,41
153,41
154,41
155,41
156,41
157,41
158,41
159,42
160,44
161,44
162,44
163,44
164,44
165,44
166,"45,55"
167,"45,55"
168,46
169,46
170,46
171,46
172,46
173,46
174,47
175,47
176,47
177,47
178,47
179,48
180,49
181,49
182,49
183,49
184,49
185,49
186,49
187,49
188,52
189,52
190,52
191,52
192,52
193,53
194,53
195,53
196,53
197,53
198,53
199,53
200,53
201,53
202,53
203,53
204,54
205,56
206,56
207,58
208,63
209,63
210,67
211,78
212,78
213,78
214,78
215,79
216,79
217,79
218,79
219,79
220,79
221,79
222,79
223,79
224,80
225,80
226,80
227,80
228,80
229,80
230,80
231,81
232,81
233,81
234,81
235,81
236,81
237,81
238,81
239,81
240,81
241,81
242,81
243,82
244,82
245,82
246,82
247,82
248,82
249,82
250,82
251,82
252,82
253,92
254,92
255,92
256,92
257,96
258,96
259,96
260,96
261,96
262,96
263,96
264,96
265,96
266,97
267,97
268,97
269,97
270,97
271,97
272,97
273,97
274,97
275,97
276,98
277,98
278,98
279,98
280,98
281,98
282,98
283,98
284,98
285,98
286,98
287,98
288,98
289,98
290,98
291,98
292,98
293,98
294,98
295,99
296,99
297,99
298,99
299,99
300,99
301,99
302,99
303,99
304,99
305,99
306,99
307,111
308,119
309,63
310,99
311,99
312,99
313,99
314,99
315,99
316,99
317,99
318,99
319,99
320,99
321,99
322,99
323,99
324,99
325,99
326,99
327,99
328,99
329,99
330,"0,9"
331,"0,9"
332,"1,44"
333,"1,44"
334,"1,44"
335,"1,24,31,48"
336,"1,24,31,48"
337,"1,24,31,48"
338,"1,24,31,48"
339,"1,31,49"
340,"1,24,31"
341,"1,31,49"
342,"1,24,31"
343,"1,44"
344,"1,44"
345,2
346,2
347,2
348,"3,121"
349,"3,121"
350,"3,121"
351,4
352,4
353,"5,10"
354,"5,8"
355,"5,11"
356,"6,8"
357,"6,8"
358,"6,9"
359,"6,9"
360,"6,10"
361,"6,10"
362,"6,37"
363,"6,14"
364,"6,14"
365,"6,11"
366,7
367,7
368,7
369,7
370,7
371,"7,44"
372,"7,44"
373,"7,44"
374,"7,44"
375,"7,44"
376,"7,44"
377,"7,44"
378,9
379,11
380,12
381,"12,13"
382,"12,13"
383,"12,13"
384,"12,13"
385,"12,13"
386,"12,13"
387,"12,13"
388,"12,13"
389,"12,13"
390,13
391,13
392,13
393,13
394,13
395,13
396,14
397,14
398,14
399,14
400,14
401,"15,16"
402,15
403,17
404,17
405,17
406,18
407,20
408,20
409,20
410,20
411,20
412,20
413,20
414,20
415,20
416,20
417,20
418,20
419,20
420,20
421,20
422,20
423,20
424,20
425,20
426,20
427,20
428,20
429,20
430,20
431,20
432,20
433,20
434,20
435,20
436,20
437,20
438,20
439,20
440,21
441,"22,51"
442,22
443,"22,80"
444,"22,80"
445,"22,80"
446,"22,80"
447,"23,29"
448,"23,29"
449,"23,29"
450,"23,29"
451,"23,29"
452,"23,29"
453,25
454,25
455,26
456,26
457,26
458,27
459,29
460,29
461,29
462,29
463,29
464,29
465,29
466,29
467,29
468,29
469,29
470,29
471,29
472,30
473,30
474,30
475,30
476,30
477,30
478,30
479,30
480,30
481,30
482,30
483,30
484,30
485,30
486,30
487,32
488,32
489,"32,33"
490,32
491,32
492,32
493,"32,33"
494,32
495,32
496,33
497,33
498,33
499,33
500,33
501,33
502,33
503,33
504,33
505,33
506,34
507,34
508,34
509,"34,35,46"
510,"34,35,46"
511,"34,35,46"
512,"34,35,46"
513,"34,35,46"
514,"34,35,46"
515,"34,35,46"
516,"34,35,46"
517,"34,35,46"
518,"34,35,46"
519,"34,35,46"
520,"34,35,46"
521,"34,35,46"
522,"34,35,46"
523,"34,35,46"
524,34
525,34
526,"34,35,46"
527,"34,35,46"
528,"34,35,46"
529,"34,35,46"
530,"34,35,46"
531,"34,35,46"
532,"34,35,46"
533,"34,35,46"
534,"34,35,46"
535,"34,35,46"
536,"34,35,46"
537,"34,35,46"
538,"34,35,46"
539,"34,35,46"
540,"34,35,46"
541,36
542,36
543,36
544,37
545,"37,55"
546,"37,55"
547,37
548,37
549,37
550,37
551,37
552,"37,55"
553,"37,55"
554,37
555,37
556,37
557,37
558,38
559,38
560,"39,46"
561,"39,46"
562,"39,46"
563,"39,46"
564,"39,46"
565,"39,46"
566,"39,46"
567,"39,46"
568,"39,46"
569,"39,46"
570,"39,46"
571,"39,46"
572,"39,46"
573,"39,46"
574,"39,46"
575,41
576,41
577,41
578,41
579,41
580,41
581,41
582,41
583,41
584,42
585,42
586,42
587,42
588,42
589,44
590,44
591,44
592,44
593,44
594,44
595,"45,58"
596,"45,58"
597,"45,58"
598,"45,58"
599,"45,58"
600,"45,58"
601,"45,58"
602,"45,58"
603,"45,58"
604,"45,58"
605,"45,58"
606,"45,58"
607,"45,58"
608,"45,58"
609,"45,58"
610,46
611,46
612,46
613,46
614,46
615,46
616,46
617,46
618,46
619,46
620,46
621,46
622,46
623,46
624,46
625,47
626,47
627,48
628,48
629,48
630,48
631,48
632,48
633,48
634,48
635,48
636,48
637,48
638,48
639,48
640,48
641,48
642,48
643,49
644,49
645,49
646,49
647,49
648,49
649,49
650,49
651,49
652,49
653,49
654,49
655,49
656,49
657,49
658,49
659,49
660,49
661,49
662,49
663,49
664,49
665,49
666,49
667,49
668,50
669,50
670,50
671,50
672,50
673,51
674,51
675,51
676,51
677,51
678,51
679,51
680,52
681,52
682,52
683,52
684,52
685,52
686,52
687,52
688,52
689,52
690,53
691,53
692,53
693,53
694,53
695,53
696,53
697,53
698,53
699,53
700,53
701,53
702,53
703,53
704,53
705,53
706,53
707,53
708,53
709,53
710,53
711,53
712,53
713,53
714,53
715,53
716,53
717,54
718,54
719,54
720,54
721,54
722,54
723,54
724,56
725,56
726,56
727,56
728,57
729,58
730,"58,104"
731,59
732,60
733,63
734,63
735,66
736,67
737,67
738,78
739,78
740,79
741,79
742,79
743,79
744,79
745,79
746,79
747,79
748,79
749,80
750,80
751,80
752,80
753,80
754,80
755,81
756,81
757,81
758,81
759,81
760,81
761,81
762,81
763,81
764,81
765,81
766,81
767,82
768,82
769,82
770,82
771,82
772,82
773,82
774,82
775,83
776,83
777,84
778,85
779,86
780,88
781,89
782,92
783,92
784,93
785,93
786,93
787,93
788,93
789,94
790,95
791,96
792,96
793,96
794,96
795,96
796,96
797,96
798,96
799,97
800,97
801,97
802,97
803,98
804,98
805,98
806,98
807,98
808,98
809,98
810,98
811,98
812,98
813,98
814,98
815,98
816,98
817,98
818,98
819,98
820,98
821,98
822,99
823,99
824,99
825,99
826,99
827,99
828,99
829,103
830,104
831,104
832,104
833,104
834,104
835,106
836,106
837,106
838,106
839,106
840,106
841,106
842,106
843,106
844,106
845,106
846,106
847,106
848,106
849,106
850,106
851,117
852,119
853,119
854,"37,55"
855,"37,55"
856,"37,55"
857,"37,55"
858,"37,55"
859,"45,55"
860,"45,55"
861,"45,55"
862,"45,55"
863,"45,55"
864,"45,55"
865,"45,55"
866,"45,55"
867,"45,55"
868,"45,55"
869,55
870,55
871,55
872,30
873,30
874,30
875,30
876,30
877,30
878,32
879,32
880,32
881,32
882,32
883,32
884,32
885,32
886,32
887,32
888,32
889,32
890,32
891,32
892,33
893,34
894,34
895,34
896,34
897,34
898,34
899,37
900,42
901,42
902,42
903,42
904,42
905,42
906,46
907,46
908,46
909,46
910,46
911,46
912,46
913,46
914,46
915,46
916,58
917,78
918,78
919,79
920,79
921,79
922,79
923,79
924,79
925,79
926,79
927,79
928,79
929,79
930,79
931,79
932,79
933,79
934,79
935,79
936,79
937,79
938,79
939,79
940,79
941,79
942,79
943,79
944,79
945,79
946,79
947,80
948,80
949,80
950,81
951,81
952,81
953,81
954,81
955,81
956,81
957,81
958,81
959,81
960,81
961,81
962,81
963,81
964,81
965,81
966,81
967,81
968,81
969,79
970,79
971,79
972,79
973,79
974,79
975,79
976,82
977,89
978,89
979,98
980,98
981,98
982,98
983,98
984,98
985,98
986,119
987,119
988,119
989,"0,9"
990,"0,9"
991,"0,11"
992,"0,11"
993,"0,11"
994,"0,9"
995,"1,44"
996,"1,44"
997,"1,44"
998,"1,31,49"
999,"1,31,49"
1000,"1,44"
1001,"1,31,49"
1002,"1,31,49"
1003,2
1004,2
1005,2
1006,2
1007,"3,121"
1008,"3,121"
1009,"3,121"
1010,"3,121"
1011,"3,121"
1012,"3,121"
1013,"3,121"
1014,"3,121"
1015,"3,121"
1016,"3,121"
1017,"3,121"
1018,"3,121"
1019,"3,121"
1020,"3,121"
1021,"3,121"
1022,"3,121"
1023,"3,121"
1024,"3,121"
1025,4
1026,4
1027,"5,8"
1028,"5,11"
1029,"5,8"
1030,"5,10"
1031,"5,10"
1032,"5,11"
1033,"5,8"
1034,"5,8"
1035,"5,8"
1036,"5,11"
1037,"5,11"
1038,"6,65"
1039,"6,65"
1040,"6,65"
1041,"6,65"
1042,"6,65"
1043,"6,65"
1044,"6,65"
1045,"6,65"
1046,"6,65"
1047,"6,65"
1048,"6,65"
1049,"6,14"
1050,"6,40"
1051,"6,14"
1052,"6,14"
1053,"6,8"
1054,"6,8"
1055,"6,9"
1056,"6,9"
1057,"6,11"
1058,"6,11"
1059,"6,10"
1060,"6,10"
1061,"6,10"
1062,"6,10"
1063,"6,10"
1064,"6,40"
1065,"6,8"
1066,"6,8"
1067,"6,9"
1068,"6,9"
1069,"6,9"
1070,"6,11"
1071,"6,11"
1072,"6,10"
1073,"6,10"
1074,"6,10"
1075,7
1076,7
1077,7
1078,7
1079,"7,44"
1080,"7,44"
1081,"7,44"
1082,"7,44"
1083,7
1084,"7,44"
1085,"7,44"
1086,"7,44"
1087,"7,44"
1088,"7,44"
1089,"7,44"
1090,"7,44"
1091,7
1092,7
1093,"7,44"
1094,"7,44"
1095,"7,44"
1096,"7,44"
1097,"7,44"
1098,"7,44"
1099,"37,55"
1100,"37,55"
1101,48
1102,49
1103,49
1104,49
1105,49
1106,49
1107,"58,104"
1108,63
1109,63
1110,63
1111,63
1112,80
1113,80
1114,80
1115,98
1116,98
1117,98
1118,98
1119,98
1120,98
1121,98
1122,98
1123,98
1124,98
1125,98
1126,98
1127,98
1128,98
1129,98
1130,98
1131,98
1132,98
1133,98
1134,98
1135,98
1136,98
1137,98
1138,98
1139,98
1140,98
1141,98
1142,98
1143,98
1144,98
1145,99
1146,99
1147,99
1148,99
1149,99
1150,99
1151,99
1152,99
1153,99
1154,99
1155,99
1156,99
1157,99
1158,103
1159,103
1160,103
1161,103
1162,103
1163,103
1164,103
1165,106
1166,106
1167,106
1168,106
1169,119
1170,119
1171,119
1172,119
1173,119
1174,119
1175,119
1176,119
1177,119
1178,119
1179,119
1180,119
1181,119
1182,17
1183,26
1184,27
1185,30
1186,36
1187,"37,55"
1188,"37,55"
1189,"37,55"
1190,37
1191,38
1192,"45,55"
1193,52
1194,52
1195,52
1196,52
1197,52
1198,52
1199,52
1200,52
1201,52
1202,52
1203,52
1204,67
1205,67
1206,67
1207,67
1208,79
1209,80
1210,82
1211,82
1212,82
1213,82
1214,82
1215,82
1216,96
1217,"0,11"
1218,"0,9"
1219,"1,44"
1220,4
1221,4
1222,4
1223,4
1224,4
1225,4
1226,4
1227,4
1228,4
1229,4
1230,4
1231,"5,10"
1232,"5,8"
1233,"5,8"
1234,"5,8"
1235,"5,8"
1236,"5,10"
1237,"6,8"
1238,"6,9"
1239,"6,9"
1240,"6,11"
1241,"6,11"
1242,"6,11"
1243,"6,8"
1244,"6,8"
1245,"6,9"
1246,"6,10"
1247,"6,10"
1248,"6,11"
1249,"6,10"
1250,"6,10"
1251,7
1252,7
1253,7
1254,7
1255,7
1256,"7,44"
1257,"7,44"
1258,7
1259,7
1260,7
1261,7
1262,7
1263,"7,44"
1264,9
1265,14
1266,14
1267,14
1268,14
1269,14
1270,14
1271,14
1272,14
1273,14
1274,14
1275,22
1276,30
1277,30
1278,30
1279,30
1280,30
1281,30
1282,30
1283,30
1284,32
1285,32
1286,"32,33"
1287,33
1288,33
1289,33
1290,33
1291,33
1292,33
1293,33
1294,33
1295,33
1296,33
1297,36
1298,36
1299,36
1300,36
1301,36
1302,36
1303,36
1304,"37,55"
1305,"37,55"
1306,37
1307,37
1308,38
1309,38
1310,"39,46"
1311,"39,46"
1312,"39,46"
1313,"39,46"
1314,"39,46"
1315,"39,46"
1316,"39,46"
1317,41
1318,42
1319,42
1320,42
1321,44
1322,44
1323,44
1324,44
1325,"45,55"
1326,"45,55"
1327,46
1328,54
1329,54
1330,54
1331,54
1332,55
1333,55
1334,66
1335,66
1336,66
1337,78
1338,79
1339,79
1340,79
1341,80
1342,80
1343,80
1344,80
1345,81
1346,81
1347,81
1348,81
1349,81
1350,81
1351,81
1352,81
1353,81
1354,82
1355,82
1356,82
1357,82
1358,82
1359,82
1360,82
1361,82
1362,82
1363,82
1364,82
1365,96
1366,96
1367,96
1368,96
1369,96
1370,96
1371,119
1372,119
1373,119
1374,119
1375,119
1376,119
1377,119
1378,119
1379,"5,8"
1380,"5,11"
1381,"5,10"
1382,"5,8"
1383,"6,8"
1384,"6,9"
1385,"6,9"
1386,"6,9"
1387,"6,9"
1388,"6,10"
1389,"6,10"
1390,"6,10"
1391,"6,10"
1392,"22,51"
1393,30
1394,30
1395,30
1396,30
1397,30
1398,30
1399,32
1400,"32,33"
1401,32
1402,33
1403,33
1404,33
1405,33
1406,34
1407,34
1408,"37,55"
1409,37
1410,37
1411,37
1412,38
1413,38
1414,38
1415,38
1416,41
1417,41
1418,41
1419,41
1420,41
1421,42
1422,42
1423,44
1424,47
1425,47
1426,47
1427,47
1428,48
1429,48
1430,53
1431,53
1432,56
1433,58
1434,78
1435,79
1436,79
1437,79
1438,79
1439,79
1440,79
1441,81
1442,81
1443,81
1444,81
1445,81
1446,81
1447,82
1448,82
1449,30
1450,30
1451,30
1452,30
1453,30
1454,30
1455,30
1456,30
1457,30
1458,30
1459,30
1460,30
1461,30
1462,32
1463,32
1464,32
1465,32
1466,32
1467,32
1468,"32,33"
1469,"32,33"
1470,"32,33"
1471,"32,33"
1472,32
1473,32
1474,33
1475,33
1476,33
1477,34
1478,34
1479,"34,35,46"
1480,"34,35,46"
1481,"34,35,46"
1482,"34,35,46"
1483,"34,35,46"
1484,37
1485,38
1486,41
1487,41
1488,41
1489,41
1490,42
1491,42
1492,44
1493,44
1494,44
1495,44
1496,44
1497,44
1498,44
1499,44
1500,44
1501,"45,55"
1502,"45,55"
1503,"45,55"
1504,"45,55"
1505,46
1506,46
1507,46
1508,47
1509,47
1510,47
1511,47
1512,47
1513,48
1514,48
1515,48
1516,49
1517,49
1518,49
1519,49
1520,49
1521,52
1522,52
1523,52
1524,52
1525,52
1526,52
1527,52
1528,53
1529,53
1530,53
1531,53
1532,54
1533,55
1534,55
1535,56
1536,56
1537,78
1538,79
1539,79
1540,80
1541,80
1542,81
1543,81
1544,81
1545,81
1546,81
1547,81
1548,82
1549,82
1550,82
1551,82
1552,96
1553,96
1554,96
1555,96
1556,96
1557,97
1558,97
1559,97
1560,97
1561,97
1562,97
1563,97
1564,98
1565,98
1566,98
1567,98
1568,119
1569,"6,10"
1570,"6,10"
1571,"6,8"
1572,17
1573,22
1574,22
1575,"22,51"
1576,"22,51"
1577,22
1578,22
1579,30
1580,30
1581,30
1582,30
1583,30
1584,30
1585,30
1586,30
1587,30
1588,30
1589,30
1590,30
1591,32
1592,32
1593,32
1594,"32,33"
1595,"32,33"
1596,"32,33"
1597,32
1598,32
1599,"37,55"
1600,"37,55"
1601,"37,55"
1602,"37,55"
1603,37
1604,37
1605,38
1606,41
1607,41
1608,41
1609,41
1610,42
1611,42
1612,42
1613,42
1614,42
1615,42
1616,42
1617,42
1618,44
1619,44
1620,44
1621,44
1622,"45,55"
1623,"45,55"
1624,47
1625,47
1626,47
1627,47
1628,47
1629,47
1630,47
1631,47
1632,47
1633,47
1634,47
1635,47
1636,48
1637,48
1638,53
1639,53
1640,53
1641,53
1642,53
1643,56
1644,78
1645,79
1646,79
1647,79
1648,79
1649,81
1650,81
1651,81
1652,81
1653,81
1654,81
1655,81
1656,81
1657,81
1658,81
1659,81
1660,81
1661,82
1662,82
1663,82
1664,82
1665,82
1666,82
1667,17
1668,30
1669,30
1670,30
1671,30
1672,32
1673,32
1674,33
1675,33
1676,33
1677,34
1678,34
1679,"34,35,46"
1680,"34,35,46"
1681,36
1682,36
1683,36
1684,36
1685,"37,55"
1686,"37,55"
1687,38
1688,41
1689,41
1690,42
1691,42
1692,42
1693,42
1694,42
1695,44
1696,44
1697,44
1698,44
1699,"45,55"
1700,"45,55"
1701,46
1702,46
1703,46
1704,46
1705,47
1706,48
1707,48
1708,49
1709,49
1710,52
1711,55
1712,58
1713,78
1714,79
1715,79
1716,79
1717,79
1718,79
1719,79
1720,79
1721,79
1722,79
1723,79
1724,79
1725,80
1726,81
1727,81
1728,81
1729,81
1730,82
1731,82
1732,83
1733,84
1734,84
1735,96
1736,96
1737,97
1738,"3,121"
1739,"3,121"
1740,"3,121"
1741,"3,121"
1742,"3,121"
1743,"3,121"
1744,"3,121"
1745,"3,121"
1746,"3,121"
1747,"3,121"
1748,17
1749,"22,51"
1750,22
1751,"22,51"
1752,30
1753,30
1754,30
1755,30
1756,30
1757,30
1758,30
1759,30
1760,"32,33"
1761,"32,33"
1762,"32,33"
1763,"32,33"
1764,32
1765,32
1766,33
1767,33
1768,33
1769,36
1770,38
1771,38
1772,41
1773,41
1774,41
1775,41
1776,41
1777,41
1778,41
1779,41
1780,42
1781,42
1782,42
1783,44
1784,44
1785,44
1786,44
1787,44
1788,44
1789,47
1790,47
1791,47
1792,47
1793,47
1794,47
1795,48
1796,51
1797,53
1798,53
1799,53
1800,53
1801,53
1802,53
1803,53
1804,53
1805,55
1806,56
1807,56
1808,"61,62,66"
1809,78
1810,78
1811,79
1812,79
1813,79
1814,79
1815,79
1816,79
1817,81
1818,81
1819,81
1820,81
1821,81
1822,81
1823,81
1824,81
1825,81
1826,81
1827,81
1828,81
1829,81
1830,81
1831,81
1832,82
1833,82
1834,82
1835,82
1836,82
1837,82
1838,82
1839,106
1840,106
1841,106
1842,106
1843,106
1844,106
1845,106
1846,106
1847,106
1848,106
1849,106
1850,106
1851,"6,10"
1852,17
1853,32
1854,32
1855,42
1856,42
1857,79
1858,80
1859,81
1860,81
1861,81
1862,81
1863,82
1864,82
1865,"6,37"
1866,30
1867,32
1868,32
1869,"32,33"
1870,33
1871,33
1872,34
1873,"34,35,46"
1874,"34,35,46"
1875,"34,35,46"
1876,"34,35,46"
1877,"34,35,46"
1878,"34,35,46"
1879,"34,35,46"
1880,"34,35,46"
1881,37
1882,"37,55"
1883,"37,55"
1884,42
1885,42
1886,42
1887,"45,55"
1888,"45,55"
1889,"45,55"
1890,"45,55"
1891,49
1892,49
1893,49
1894,55
1895,79
1896,79
1897,81
1898,81
1899,81
1900,82
1901,82
1902,82
1903,82
1904,82
1905,82
1906,82
1907,"0,9"
1908,"0,11"
1909,2
1910,2
1911,"6,8"
1912,"6,8"
1913,"6,8"
1914,"6,9"
1915,"6,10"
1916,7
1917,7
1918,7
1919,7
1920,7
1921,7
1922,8
1923,9
1924,9
1925,9
1926,17
1927,18
1928,18
1929,18
1930,18
1931,20
1932,"22,51"
1933,27
1934,30
1935,30
1936,30
1937,30
1938,30
1939,30
1940,30
1941,30
1942,30
1943,30
1944,30
1945,30
1946,30
1947,30
1948,30
1949,30
1950,30
1951,30
1952,30
1953,30
1954,30
1955,30
1956,30
1957,30
1958,30
1959,32
1960,32
1961,32
1962,32
1963,32
1964,32
1965,32
1966,"32,33"
1967,32
1968,32
1969,"32,33"
1970,33
1971,33
1972,33
1973,33
1974,33
1975,33
1976,33
1977,33
1978,34
1979,34
1980,34
1981,34
1982,"34,35,46"
1983,"34,35,46"
1984,"34,35,46"
1985,"34,35,46"
1986,"34,35,46"
1987,"34,35,46"
1988,36
1989,36
1990,36
1991,37
1992,"37,55"
1993,38
1994,38
1995,38
1996,"39,46"
1997,"39,46"
1998,"39,46"
1999,"39,46"
2000,"39,46"
2001,"39,46"
2002,41
2003,41
2004,42
2005,42
2006,42
2007,42
2008,42
2009,"45,55"
2010,46
2011,46
2012,46
2013,46
2014,46
2015,46
2016,46
2017,46
2018,46
2019,46
2020,46
2021,46
2022,48
2023,48
2024,52
2025,52
2026,52
2027,52
2028,52
2029,52
2030,52
2031,52
2032,53
2033,53
2034,53
2035,55
2036,56
2037,56
2038,56
2039,78
2040,78
2041,79
2042,79
2043,79
2044,81
2045,81
2046,81
2047,81
2048,81
2049,81
2050,81
2051,81
2052,82
2053,82
2054,82
2055,96
2056,96
2057,96
2058,96
2059,96
2060,96
2061,96
2062,96
2063,96
2064,96
2065,96
2066,96
2067,97
2068,98
2069,98
2070,"0,9"
2071,"0,9"
2072,"1,24,44"
2073,"1,24,44"
2074,"1,24,44"
2075,"5,11"
2076,"5,10"
2077,"5,8"
2078,"5,10"
2079,"5,11"
2080,"5,8"
2081,"5,10"
2082,"5,10"
2083,"5,8"
2084,"6,9"
2085,"6,9"
2086,"6,9"
2087,"6,9"
2088,"6,10"
2089,"6,11"
2090,"6,11"
2091,"6,8"
2092,"6,9"
2093,7
2094,7
2095,7
2096,7
2097,7
2098,7
2099,7
2100,7
2101,7
2102,8
2103,9
2104,11
2105,11
2106,11
2107,20
2108,20
2109,20
2110,20
2111,20
2112,20
2113,20
2114,22
2115,"22,43"
2116,30
2117,30
2118,30
2119,30
2120,30
2121,30
2122,32
2123,32
2124,32
2125,32
2126,32
2127,32
2128,32
2129,32
2130,32
2131,33
2132,34
2133,34
2134,34
2135,"37,55"
2136,"37,55"
2137,"39,46"
2138,"39,46"
2139,"39,46"
2140,"39,46"
2141,"39,46"
2142,"39,46"
2143,42
2144,42
2145,42
2146,44
2147,"45,55"
2148,46
2149,46
2150,46
2151,49
2152,49
2153,49
2154,49
2155,49
2156,52
2157,52
2158,52
2159,55
2160,55
2161,56
2162,67
2163,78
2164,79
2165,79
2166,79
2167,79
2168,79
2169,79
2170,79
2171,80
2172,81
2173,81
2174,81
2175,81
2176,81
2177,82
2178,92
2179,96
2180,96
2181,96
2182,96
2183,96
2184,97
2185,97
2186,97
2187,97
2188,97
2189,97
2190,97
2191,97
2192,97
2193,"1,31,49"
2194,4
2195,4
2196,4
2197,"6,9"
2198,"6,9"
2199,"6,11"
2200,"6,11"
2201,"6,10"
2202,"6,40"
2203,"6,8"
2204,"6,8"
2205,"6,8"
2206,"6,9"
2207,"6,11"
2208,7
2209,"22,43"
2210,"22,51"
2211,"22,51"
2212,30
2213,30
2214,30
2215,30
2216,30
2217,30
2218,30
2219,30
2220,32
2221,"32,33"
2222,32
2223,32
2224,33
2225,34
2226,34
2227,34
2228,"34,35,46"
2229,"34,35,46"
2230,"34,35,46"
2231,"37,55"
2232,"37,55"
2233,38
2234,38
2235,38
2236,38
2237,38
2238,38
2239,41
2240,41
2241,42
2242,42
2243,42
2244,42
2245,42
2246,42
2247,44
2248,"45,55"
2249,46
2250,46
2251,47
2252,47
2253,48
2254,48
2255,48
2256,48
2257,53
2258,53
2259,53
2260,54
2261,55
2262,56
2263,78
2264,78
2265,78
2266,78
2267,78
2268,78
2269,79
2270,79
2271,79
2272,79
2273,79
2274,79
2275,79
2276,79
2277,81
2278,81
2279,81
2280,81
2281,81
2282,81
2283,81
2284,81
2285,81
2286,81
2287,81
2288,81
2289,81
2290,82
2291,82
2292,82
2293,82
2294,82
2295,96
2296,96
2297,97
2298,97
2299,97
2300,97
2301,97
2302,"1,44"
2303,"1,44"
2304,"15,16"
2305,17
2306,18
2307,18
2308,20
2309,20
2310,20
2311,20
2312,20
2313,20
2314,20
2315,20
2316,20
2317,20
2318,20
2319,20
2320,20
2321,20
2322,20
2323,20
2324,20
2325,20
2326,20
2327,20
2328,20
2329,20
2330,20
2331,21
2332,"22,51"
2333,"22,51"
2334,22
2335,"22,51"
2336,22
2337,29
2338,29
2339,29
2340,29
2341,29
2342,29
2343,29
2344,30
2345,30
2346,30
2347,30
2348,30
2349,30
2350,32
2351,"32,33"
2352,32
2353,32
2354,32
2355,"32,33"
2356,32
2357,32
2358,33
2359,33
2360,34
2361,34
2362,"34,35,46"
2363,"34,35,46"
2364,"34,35,46"
2365,"34,35,46"
2366,"34,35,46"
2367,"34,35,46"
2368,"34,35,46"
2369,"34,35,46"
2370,"34,35,46"
2371,"34,35,46"
2372,"34,35,46"
2373,"34,35,46"
2374,"34,35,46"
2375,"34,35,46"
2376,"34,35,46"
2377,"34,35,46"
2378,34
2379,34
2380,"34,35,46"
2381,"34,35,46"
2382,"34,35,46"
2383,"34,35,46"
2384,36
2385,"37,55"
2386,38
2387,"39,46"
2388,"39,46"
2389,"39,46"
2390,"39,46"
2391,"39,46"
2392,"39,46"
2393,"39,46"
2394,"39,46"
2395,"39,46"
2396,41
2397,41
2398,41
2399,41
2400,41
2401,41
2402,41
2403,41
2404,41
2405,42
2406,42
2407,42
2408,42
2409,42
2410,42
2411,42
2412,42
2413,44
2414,44
2415,44
2416,44
2417,44
2418,44
2419,44
2420,44
2421,44
2422,"45,55"
2423,"45,55"
2424,46
2425,46
2426,46
2427,46
2428,46
2429,47
2430,47
2431,47
2432,47
2433,47
2434,48
2435,48
2436,48
2437,48
2438,48
2439,49
2440,49
2441,49
2442,49
2443,49
2444,49
2445,49
2446,49
2447,49
2448,49
2449,49
2450,49
2451,49
2452,49
2453,49
2454,49
2455,49
2456,49
2457,49
2458,50
2459,50
2460,50
2461,50
2462,50
2463,51
2464,51
2465,51
2466,51
2467,51
2468,51
2469,51
2470,51
2471,51
2472,51
2473,51
2474,51
2475,51
2476,51
2477,52
2478,52
2479,52
2480,53
2481,53
2482,53
2483,53
2484,53
2485,53
2486,53
2487,54
2488,54
2489,56
2490,56
2491,56
2492,56
2493,66
2494,78
2495,78
2496,79
2497,79
2498,79
2499,79
2500,79
2501,79
2502,79
2503,79
2504,81
2505,81
2506,81
2507,81
2508,81
2509,81
2510,81
2511,81
2512,81
2513,82
2514,82
2515,82
2516,82
2517,82
2518,82
2519,82
2520,82
2521,82
2522,82
2523,82
2524,83
2525,84
2526,84
2527,84
2528,85
2529,85
2530,96
2531,96
2532,96
2533,96
2534,96
2535,96
2536,97
2537,97
2538,97
2539,97
2540,97
2541,97
2542,97
2543,97
2544,97
2545,97
2546,97
2547,97
2548,97
2549,97
2550,97
2551,97
2552,97
2553,"1,44"
2554,"1,44"
2555,22
2556,30
2557,30
2558,30
2559,30
2560,30
2561,30
2562,30
2563,30
2564,30
2565,30
2566,30
2567,30
2568,32
2569,32
2570,32
2571,"32,33"
2572,32
2573,32
2574,32
2575,"32,33"
2576,32
2577,33
2578,33
2579,34
2580,"34,35,46"
2581,"34,35,46"
2582,"34,35,46"
2583,"34,35,46"
2584,"34,35,46"
2585,"34,35,46"
2586,34
2587,"34,35,46"
2588,"34,35,46"
2589,"34,35,46"
2590,"34,35,46"
2591,"34,35,46"
2592,36
2593,36
2594,36
2595,36
2596,"37,55"
2597,38
2598,38
2599,38
2600,38
2601,38
2602,"39,46"
2603,"39,46"
2604,41
2605,41
2606,41
2607,41
2608,41
2609,42
2610,42
2611,42
2612,42
2613,42
2614,42
2615,42
2616,44
2617,44
2618,44
2619,44
2620,44
2621,44
2622,44
2623,"45,55"
2624,"45,55"
2625,"45,55"
2626,46
2627,46
2628,46
2629,47
2630,47
2631,47
2632,47
2633,47
2634,47
2635,47
2636,47
2637,48
2638,48
2639,48
2640,48
2641,49
2642,49
2643,49
2644,49
2645,49
2646,49
2647,49
2648,49
2649,49
2650,49
2651,49
2652,49
2653,49
2654,49
2655,49
2656,49
2657,49
2658,50
2659,50
2660,50
2661,50
2662,50
2663,51
2664,51
2665,52
2666,52
2667,52
2668,52
2669,52
2670,52
2671,52
2672,52
2673,53
2674,53
2675,53
2676,54
2677,54
2678,56
2679,56
2680,56
2681,56
2682,78
2683,79
2684,79
2685,79
2686,79
2687,81
2688,81
2689,81
2690,81
2691,81
2692,81
2693,81
2694,82
2695,82
2696,82
2697,96
2698,96
2699,97
2700,97
2701,97
2702,97
2703,17
2704,"22,51"
2705,"22,43"
2706,22
2707,22
2708,30
2709,30
2710,30
2711,30
2712,30
2713,30
2714,30
2715,30
2716,30
2717,32
2718,32
2719,32
2720,33
2721,34
2722,34
2723,"34,35,46"
2724,"34,35,46"
2725,"34,35,46"
2726,"34,35,46"
2727,36
2728,38
2729,38
2730,38
2731,41
2732,41
2733,41
2734,44
2735,44
2736,"45,55"
2737,46
2738,47
2739,48
2740,48
2741,48
2742,48
2743,49
2744,49
2745,49
2746,49
2747,49
2748,49
2749,49
2750,49
2751,49
2752,51
2753,51
2754,52
2755,53
2756,54
2757,54
2758,54
2759,56
2760,79
2761,79
2762,79
2763,79
2764,81
2765,81
2766,81
2767,81
2768,81
2769,81
2770,81
2771,82
2772,82
2773,96
2774,97
2775,"0,9"
2776,"0,9"
2777,"1,44"
2778,"1,44"
2779,"1,24,44"
2780,"1,24,31"
2781,"1,24,31"
2782,"1,24,31"
2783,"1,44"
2784,"1,31,49"
2785,"1,24,31,48"
2786,2
2787,"3,121"
2788,"3,121"
2789,"3,121"
2790,"3,121"
2791,"3,121"
2792,"3,121"
2793,"3,121"
2794,"3,121"
2795,"3,121"
2796,"3,121"
2797,"3,121"
2798,"3,121"
2799,"3,121"
2800,"3,121"
2801,"3,121"
2802,4
2803,4
2804,"5,9"
2805,"5,10"
2806,"5,8"
2807,"6,11"
2808,"6,11"
2809,"6,10"
2810,"6,9"
2811,"6,9"
2812,"6,9"
2813,"6,37"
2814,"6,40"
2815,"6,14"
2816,"6,9"
2817,"6,9"
2818,"6,9"
2819,"6,9"
2820,7
2821,7
2822,"7,44"
2823,8
2824,9
2825,"12,13"
2826,12
2827,13
2828,13
2829,13
2830,13
2831,14
2832,14
2833,14
2834,14
2835,15
2836,"15,16"
2837,15
2838,"15,16"
2839,17
2840,17
2841,17
2842,18
2843,18
2844,18
2845,18
2846,18
2847,18
2848,20
2849,20
2850,20
2851,20
2852,20
2853,20
2854,20
2855,20
2856,20
2857,20
2858,20
2859,20
2860,20
2861,20
2862,20
2863,20
2864,20
2865,20
2866,21
2867,"22,80"
2868,22
2869,"22,80"
2870,"22,80"
2871,22
2872,"23,29"
2873,"23,29"
2874,"23,29"
2875,"23,29"
2876,25
2877,25
2878,26
2879,26
2880,26
2881,27
2882,29
2883,29
2884,29
2885,29
2886,29
2887,29
2888,29
2889,29
2890,29
2891,29
2892,29
2893,29
2894,29
2895,29
2896,29
2897,29
2898,29
2899,29
2900,29
2901,29
2902,29
2903,29
2904,29
2905,30
2906,30
2907,30
2908,30
2909,30
2910,30
2911,30
2912,"32,33"
2913,32
2914,32
2915,32
2916,32
2917,32
2918,32
2919,32
2920,32
2921,32
2922,"32,33"
2923,33
2924,33
2925,34
2926,34
2927,"34,35,46"
2928,"34,35,46"
2929,"34,35,46"
2930,"34,35,46"
2931,"34,35,46"
2932,"34,35,46"
2933,"34,35,46"
2934,"34,35,46"
2935,"34,35,46"
2936,36
2937,"37,55"
2938,38
2939,"39,46"
2940,"39,46"
2941,"39,46"
2942,"39,46"
2943,41
2944,41
2945,41
2946,41
2947,41
2948,41
2949,42
2950,42
2951,42
2952,44
2953,44
2954,44
2955,44
2956,"45,55"
2957,"45,55"
2958,"45,58"
2959,"45,58"
2960,"45,58"
2961,"45,58"
2962,46
2963,46
2964,46
2965,46
2966,46
2967,46
2968,47
2969,47
2970,48
2971,48
2972,48
2973,48
2974,49
2975,49
2976,49
2977,49
2978,49
2979,49
2980,49
2981,49
2982,49
2983,49
2984,49
2985,49
2986,49
2987,49
2988,49
2989,49
2990,49
2991,49
2992,49
2993,50
2994,50
2995,50
2996,50
2997,50
2998,51
2999,51
3000,51
3001,51
3002,51
3003,51
3004,51
3005,51
3006,52
3007,52
3008,52
3009,52
3010,52
3011,53
3012,53
3013,53
3014,53
3015,53
3016,54
3017,54
3018,54
3019,54
3020,54
3021,54
3022,54
3023,54
3024,56
3025,56
3026,56
3027,56
3028,56
3029,56
3030,56
3031,57
3032,57
3033,57
3034,57
3035,57
3036,57
3037,57
3038,58
3039,"58,104"
3040,"58,104"
3041,"58,104"
3042,"58,104"
3043,"58,104"
3044,"58,104"
3045,58
3046,"58,104"
3047,59
3048,59
3049,60
3050,60
3051,63
3052,66
3053,67
3054,67
3055,78
3056,79
3057,79
3058,79
3059,79
3060,79
3061,79
3062,81
3063,81
3064,81
3065,81
3066,81
3067,81
3068,81
3069,81
3070,81
3071,82
3072,82
3073,82
3074,82
3075,82
3076,83
3077,83
3078,84
3079,85
3080,85
3081,85
3082,86
3083,91
3084,92
3085,94
3086,95
3087,95
3088,95
3089,96
3090,96
3091,97
3092,97
3093,97
3094,97
3095,97
3096,97
3097,97
3098,97
3099,97
3100,98
3101,98
3102,98
3103,98
3104,98
3105,98
3106,98
3107,98
3108,98
3109,98
3110,98
3111,98
3112,98
3113,98
3114,98
3115,98
3116,98
3117,98
3118,98
3119,98
3120,98
3121,98
3122,98
3123,98
3124,98
3125,98
3126,98
3127,98
3128,98
3129,99
3130,99
3131,99
3132,99
3133,99
3134,99
3135,101
3136,103
3137,104
3138,106
3139,106
3140,106
3141,106
3142,106
3143,106
3144,106
3145,106
3146,119
3147,119
3148,119
3149,119
3150,"3,121"
3151,"3,121"
3152,"3,121"
3153,"12,13"
3154,15
3155,15
3156,15
3157,15
3158,15
3159,15
3160,"15,16"
3161,"15,16"
3162,"15,16"
3163,"15,16"
3164,16
3165,17
3166,20
3167,20
3168,20
3169,22
3170,"22,51"
3171,22
3172,"22,43"
3173,"22,51"
3174,"22,43"
3175,"22,51"
3176,"22,43"
3177,"22,43"
3178,"22,43"
3179,22
3180,22
3181,25
3182,29
3183,29
3184,29
3185,29
3186,29
3187,29
3188,29
3189,29
3190,30
3191,30
3192,30
3193,30
3194,30
3195,30
3196,30
3197,30
3198,30
3199,30
3200,32
3201,"32,33"
3202,"32,33"
3203,"32,33"
3204,32
3205,32
3206,32
3207,32
3208,32
3209,"32,33"
3210,"32,33"
3211,"32,33"
3212,32
3213,32
3214,33
3215,33
3216,33
3217,33
3218,33
3219,33
3220,34
3221,"34,35,46"
3222,"34,35,46"
3223,"34,35,46"
3224,"34,35,46"
3225,"34,35,46"
3226,34
3227,"34,35,46"
3228,"34,35,46"
3229,"34,35,46"
3230,36
3231,36
3232,"37,55"
3233,38
3234,38
3235,38
3236,38
3237,38
3238,38
3239,38
3240,"39,46"
3241,"39,46"
3242,41
3243,41
3244,41
3245,41
3246,41
3247,42
3248,42
3249,44
3250,44
3251,44
3252,44
3253,44
3254,44
3255,44
3256,46
3257,46
3258,47
3259,47
3260,47
3261,47
3262,47
3263,47
3264,48
3265,48
3266,48
3267,48
3268,48
3269,49
3270,49
3271,49
3272,49
3273,49
3274,49
3275,49
3276,49
3277,49
3278,50
3279,51
3280,51
3281,51
3282,51
3283,51
3284,51
3285,51
3286,51
3287,51
3288,51
3289,51
3290,51
3291,51
3292,51
3293,52
3294,52
3295,52
3296,53
3297,53
3298,53
3299,53
3300,53
3301,54
3302,55
3303,56
3304,56
3305,56
3306,56
3307,56
3308,56
3309,78
3310,79
3311,79
3312,79
3313,79
3314,79
3315,79
3316,79
3317,81
3318,81
3319,81
3320,81
3321,81
3322,81
3323,81
3324,81
3325,81
3326,81
3327,81
3328,81
3329,82
3330,82
3331,82
3332,82
3333,83
3334,85
3335,95
3336,95
3337,95
3338,95
3339,95
3340,95
3341,95
3342,95
3343,95
3344,95
3345,95
3346,95
3347,95
3348,95
3349,95
3350,95
3351,95
3352,95
3353,95
3354,96
3355,96
3356,96
3357,96
3358,96
3359,96
3360,97
3361,97
3362,97
3363,97
3364,106
3365,"6,10"
3366,"6,11"
3367,17
3368,27
3369,30
3370,30
3371,36
3372,44
3373,44
3374,44
3375,44
3376,"45,55"
3377,56
3378,56
3379,56
3380,56
3381,78
3382,79
3383,79
3384,79
3385,79
3386,81
3387,81
3388,81
3389,81
3390,81
3391,81
3392,81
3393,82
3394,82
3395,"0,9"
3396,"1,44"
3397,"1,44"
3398,"1,24,31"
3399,"1,24,31"
3400,"1,31,49"
3401,2
3402,2
3403,"3,121"
3404,"3,121"
3405,"3,121"
3406,"3,121"
3407,"3,121"
3408,"3,121"
3409,"3,121"
3410,4
3411,4
3412,4
3413,"6,11"
3414,"6,9"
3415,"6,9"
3416,7
3417,7
3418,7
3419,7
3420,9
3421,"12,13"
3422,"12,13"
3423,"12,13"
3424,"12,13"
3425,12
3426,"12,13"
3427,14
3428,14
3429,14
3430,14
3431,15
3432,"15,16"
3433,17
3434,18
3435,18
3436,18
3437,18
3438,18
3439,19
3440,20
3441,20
3442,20
3443,20
3444,20
3445,20
3446,20
3447,20
3448,20
3449,20
3450,20
3451,20
3452,20
3453,20
3454,20
3455,20
3456,20
3457,20
3458,20
3459,20
3460,20
3461,21
3462,21
3463,22
3464,26
3465,26
3466,26
3467,27
3468,29
3469,29
3470,29
3471,29
3472,29
3473,29
3474,29
3475,29
3476,29
3477,29
3478,29
3479,29
3480,29
3481,29
3482,29
3483,30
3484,30
3485,30
3486,30
3487,30
3488,30
3489,30
3490,30
3491,30
3492,30
3493,32
3494,32
3495,32
3496,"32,33"
3497,32
3498,32
3499,33
3500,33
3501,34
3502,"34,35,46"
3503,"34,35,46"
3504,"34,35,46"
3505,"34,35,46"
3506,"34,35,46"
3507,34
3508,34
3509,"34,35,46"
3510,"34,35,46"
3511,"34,35,46"
3512,36
3513,36
3514,"37,55"
3515,"37,55"
3516,38
3517,38
3518,38
3519,"39,46"
3520,"39,46"
3521,41
3522,41
3523,41
3524,41
3525,41
3526,41
3527,41
3528,41
3529,41
3530,42
3531,42
3532,44
3533,44
3534,44
3535,44
3536,44
3537,44
3538,44
3539,44
3540,"45,55"
3541,"45,55"
3542,"45,58"
3543,"45,58"
3544,"45,58"
3545,46
3546,46
3547,46
3548,46
3549,47
3550,48
3551,48
3552,49
3553,49
3554,49
3555,49
3556,49
3557,49
3558,49
3559,49
3560,49
3561,49
3562,49
3563,49
3564,49
3565,49
3566,49
3567,49
3568,49
3569,49
3570,49
3571,49
3572,49
3573,50
3574,50
3575,51
3576,51
3577,51
3578,51
3579,52
3580,52
3581,52
3582,52
3583,52
3584,52
3585,53
3586,53
3587,53
3588,54
3589,54
3590,54
3591,54
3592,54
3593,56
3594,56
3595,56
3596,56
3597,58
3598,59
3599,59
3600,59
3601,59
3602,59
3603,66
3604,66
3605,66
3606,66
3607,66
3608,67
3609,67
3610,67
3611,67
3612,78
3613,78
3614,79
3615,79
3616,79
3617,79
3618,79
3619,79
3620,81
3621,81
3622,81
3623,81
3624,81
3625,82
3626,82
3627,82
3628,82
3629,82
3630,82
3631,82
3632,83
3633,83
3634,83
3635,84
3636,84
3637,84
3638,84
3639,84
3640,84
3641,85
3642,85
3643,85
3644,86
3645,86
3646,86
3647,86
3648,86
3649,86
3650,86
3651,86
3652,86
3653,86
3654,86
3655,96
3656,96
3657,96
3658,96
3659,96
3660,96
3661,96
3662,96
3663,96
3664,96
3665,96
3666,96
3667,96
3668,97
3669,97
3670,97
3671,97
3672,97
3673,98
3674,98
3675,98
3676,98
3677,98
3678,98
3679,98
3680,98
3681,98
3682,98
3683,98
3684,98
3685,98
3686,98
3687,98
3688,98
3689,98
3690,98
3691,98
3692,98
3693,98
3694,98
3695,98
3696,98
3697,98
3698,98
3699,98
3700,98
3701,99
3702,99
3703,99
3704,99
3705,99
3706,99
3707,99
3708,99
3709,106
3710,106
3711,106
3712,106
3713,106
3714,106
3715,106
3716,106
3717,106
3718,106
3719,106
3720,106
3721,106
3722,106
3723,106
3724,106
3725,106
3726,106
3727,106
3728,106
3729,106
3730,106
3731,106
3732,106
3733,106
3734,119
3735,119
3736,119
3737,119
3738,"5,8"
3739,"6,8"
3740,"6,11"
3741,30
3742,30
3743,30
3744,30
3745,"32,33"
3746,32
3747,32
3748,33
3749,33
3750,33
3751,33
3752,34
3753,34
3754,"34,35,46"
3755,"34,35,46"
3756,36
3757,38
3758,42
3759,44
3760,44
3761,47
3762,48
3763,49
3764,53
3765,53
3766,54
3767,78
3768,79
3769,79
3770,79
3771,79
3772,79
3773,79
3774,79
3775,79
3776,81
3777,81
3778,81
3779,81
3780,81
3781,96
3782,96
3783,96
3784,96
3785,96
3786,96
3787,97
3788,97
3789,97
3790,"0,11"
3791,"0,11"
3792,"0,9"
3793,"0,11"
3794,"0,9"
3795,"1,24,44"
3796,"1,24,31,48"
3797,2
3798,"3,121"
3799,"3,121"
3800,"3,121"
3801,"3,121"
3802,"3,121"
3803,4
3804,4
3805,4
3806,"6,65"
3807,"6,8"
3808,"6,8"
3809,"6,8"
3810,7
3811,7
3812,7
3813,7
3814,7
3815,9
3816,9
3817,11
3818,15
3819,15
3820,15
3821,16
3822,16
3823,16
3824,16
3825,18
3826,20
3827,20
3828,20
3829,20
3830,20
3831,21
3832,21
3833,"22,43"
3834,"22,51"
3835,"22,43"
3836,22
3837,"22,43"
3838,22
3839,22
3840,"22,43"
3841,22
3842,22
3843,22
3844,22
3845,22
3846,22
3847,"22,43"
3848,"22,43"
3849,"22,43"
3850,22
3851,22
3852,"22,43"
3853,"22,51"
3854,22
3855,"22,51"
3856,25
3857,26
3858,26
3859,26
3860,26
3861,26
3862,27
3863,27
3864,27
3865,27
3866,30
3867,30
3868,30
3869,30
3870,30
3871,30
3872,30
3873,30
3874,30
3875,30
3876,30
3877,30
3878,30
3879,30
3880,30
3881,30
3882,30
3883,30
3884,"32,33"
3885,"32,33"
3886,32
3887,32
3888,32
3889,32
3890,32
3891,32
3892,32
3893,32
3894,32
3895,32
3896,32
3897,"32,33"
3898,33
3899,33
3900,33
3901,33
3902,33
3903,33
3904,33
3905,33
3906,33
3907,33
3908,34
3909,34
3910,34
3911,34
3912,"34,35,46"
3913,"34,35,46"
3914,"34,35,46"
3915,"34,35,46"
3916,"34,35,46"
3917,"34,35,46"
3918,"34,35,46"
3919,"34,35,46"
3920,"34,35,46"
3921,"34,35,46"
3922,"34,35,46"
3923,"34,35,46"
3924,"34,35,46"
3925,"34,35,46"
3926,"34,35,46"
3927,36
3928,36
3929,36
3930,36
3931,36
3932,"37,55"
3933,38
3934,38
3935,38
3936,38
3937,38
3938,38
3939,38
3940,42
3941,42
3942,42
3943,42
3944,42
3945,42
3946,42
3947,44
3948,44
3949,44
3950,44
3951,44
3952,44
3953,44
3954,44
3955,44
3956,44
3957,"45,55"
3958,46
3959,46
3960,46
3961,46
3962,46
3963,47
3964,47
3965,47
3966,47
3967,47
3968,49
3969,49
3970,49
3971,49
3972,49
3973,49
3974,49
3975,49
3976,49
3977,49
3978,49
3979,49
3980,49
3981,49
3982,49
3983,49
3984,49
3985,49
3986,49
3987,49
3988,49
3989,49
3990,49
3991,49
3992,50
3993,50
3994,50
3995,50
3996,50
3997,51
3998,51
3999,51
4000,53
4001,54
4002,54
4003,54
4004,54
4005,54
4006,54
4007,54
4008,55
4009,56
4010,56
4011,56
4012,56
4013,56
4014,56
4015,56
4016,56
4017,56
4018,56
4019,57
4020,60
4021,60
4022,60
4023,60
4024,63
4025,67
4026,67
4027,78
4028,79
4029,79
4030,79
4031,79
4032,79
4033,81
4034,81
4035,81
4036,81
4037,81
4038,81
4039,81
4040,81
4041,81
4042,82
4043,82
4044,82
4045,82
4046,82
4047,85
4048,86
4049,86
4050,86
4051,86
4052,92
4053,94
4054,96
4055,96
4056,96
4057,98
4058,98
4059,98
4060,98
4061,98
4062,98
4063,98
4064,98
4065,98
4066,99
4067,99
4068,99
4069,104
4070,"0,11"
4071,"0,9"
4072,"0,11"
4073,"0,9"
4074,"0,9"
4075,"3,121"
4076,"3,121"
4077,"3,121"
4078,"3,121"
4079,"3,121"
4080,"3,121"
4081,"3,121"
4082,"3,121"
4083,"3,121"
4084,"3,121"
4085,"3,121"
4086,"3,121"
4087,"3,121"
4088,"3,121"
4089,"6,11"
4090,17
4091,18
4092,20
4093,20
4094,20
4095,20
4096,20
4097,20
4098,20
4099,20
4100,20
4101,20
4102,20
4103,20
4104,20
4105,20
4106,21
4107,"22,43"
4108,22
4109,"22,43"
4110,"22,43"
4111,"22,51"
4112,"22,51"
4113,22
4114,30
4115,30
4116,30
4117,30
4118,30
4119,30
4120,30
4121,30
4122,"32,33"
4123,32
4124,32
4125,32
4126,32
4127,32
4128,33
4129,33
4130,34
4131,34
4132,"34,35,46"
4133,36
4134,"37,55"
4135,38
4136,"39,46"
4137,"39,46"
4138,41
4139,42
4140,42
4141,42
4142,42
4143,44
4144,44
4145,44
4146,44
4147,44
4148,46
4149,46
4150,47
4151,47
4152,47
4153,47
4154,48
4155,48
4156,48
4157,48
4158,49
4159,49
4160,49
4161,49
4162,49
4163,49
4164,49
4165,49
4166,50
4167,51
4168,51
4169,51
4170,51
4171,51
4172,51
4173,52
4174,53
4175,53
4176,53
4177,53
4178,53
4179,54
4180,54
4181,54
4182,54
4183,54
4184,56
4185,56
4186,56
4187,56
4188,56
4189,56
4190,66
4191,67
4192,79
4193,79
4194,81
4195,81
4196,81
4197,81
4198,81
4199,81
4200,81
4201,81
4202,81
4203,82
4204,82
4205,82
4206,82
4207,82
4208,82
4209,82
4210,96
4211,96
4212,97
4213,97
4214,97
4215,97
4216,97
4217,97
4218,97
4219,97
4220,97
4221,97
4222,"1,44"
4223,"1,44"
4224,17
4225,22
4226,30
4227,30
4228,30
4229,30
4230,30
4231,30
4232,30
4233,30
4234,32
4235,"32,33"
4236,32
4237,33
4238,34
4239,34
4240,"34,35,46"
4241,"34,35,46"
4242,"34,35,46"
4243,36
4244,36
4245,36
4246,36
4247,"37,55"
4248,38
4249,38
4250,38
4251,42
4252,42
4253,42
4254,42
4255,44
4256,44
4257,"45,55"
4258,"45,55"
4259,"45,55"
4260,"45,55"
4261,"45,55"
4262,"45,55"
4263,47
4264,47
4265,47
4266,47
4267,48
4268,49
4269,49
4270,49
4271,49
4272,49
4273,49
4274,49
4275,49
4276,49
4277,49
4278,49
4279,49
4280,49
4281,50
4282,50
4283,50
4284,51
4285,52
4286,53
4287,53
4288,53
4289,53
4290,54
4291,55
4292,55
4293,56
4294,56
4295,58
4296,78
4297,78
4298,79
4299,79
4300,79
4301,79
4302,79
4303,79
4304,79
4305,79
4306,79
4307,79
4308,80
4309,81
4310,81
4311,81
4312,81
4313,81
4314,81
4315,81
4316,81
4317,82
4318,82
4319,82
4320,96
4321,"3,121"
4322,"3,121"
4323,"6,10"
4324,"6,11"
4325,"6,11"
4326,"6,11"
4327,"6,40"
4328,14
4329,14
4330,17
4331,17
4332,18
4333,18
4334,18
4335,18
4336,18
4337,20
4338,20
4339,20
4340,20
4341,20
4342,20
4343,20
4344,20
4345,20
4346,20
4347,20
4348,20
4349,"22,43"
4350,"22,43"
4351,25
4352,25
4353,25
4354,25
4355,25
4356,25
4357,25
4358,26
4359,26
4360,26
4361,26
4362,26
4363,26
4364,26
4365,26
4366,26
4367,26
4368,27
4369,29
4370,29
4371,29
4372,29
4373,29
4374,29
4375,29
4376,29
4377,29
4378,29
4379,30
4380,30
4381,30
4382,30
4383,30
4384,32
4385,32
4386,32
4387,32
4388,34
4389,34
4390,34
4391,"34,35,46"
4392,"34,35,46"
4393,36
4394,36
4395,36
4396,36
4397,36
4398,36
4399,36
4400,36
4401,"37,55"
4402,38
4403,42
4404,42
4405,44
4406,44
4407,44
4408,44
4409,44
4410,"45,55"
4411,"45,55"
4412,"45,55"
4413,"45,55"
4414,46
4415,46
4416,46
4417,46
4418,47
4419,47
4420,47
4421,48
4422,48
4423,49
4424,49
4425,49
4426,49
4427,50
4428,50
4429,50
4430,50
4431,51
4432,54
4433,56
4434,56
4435,66
4436,67
4437,78
4438,78
4439,78
4440,79
4441,81
4442,81
4443,81
4444,81
4445,81
4446,82
4447,82
4448,86
4449,87
4450,88
4451,88
4452,88
4453,88
4454,89
4455,89
4456,89
4457,89
4458,91
4459,92
4460,92
4461,92
4462,92
4463,92
4464,92
4465,92
4466,92
4467,96
4468,96
4469,"0,11"
4470,"0,9"
4471,"0,11"
4472,"1,44"
4473,"1,44"
4474,"1,44"
4475,"1,24,31,48"
4476,"1,24,31,48"
4477,"1,24,44"
4478,"1,24,44"
4479,"1,24,31,48"
4480,"6,10"
4481,"6,9"
4482,"6,9"
4483,"6,37"
4484,"6,37"
4485,"6,37"
4486,"6,37"
4487,"6,37"
4488,"6,37"
4489,"6,37"
4490,"6,11"
4491,7
4492,7
4493,7
4494,7
4495,7
4496,"12,13"
4497,"12,13"
4498,"12,13"
4499,"12,13"
4500,14
4501,14
4502,14
4503,"15,16"
4504,16
4505,17
4506,18
4507,18
4508,18
4509,20
4510,20
4511,20
4512,21
4513,"22,43"
4514,27
4515,27
4516,27
4517,27
4518,27
4519,27
4520,27
4521,29
4522,29
4523,29
4524,29
4525,29
4526,29
4527,29
4528,29
4529,29
4530,29
4531,29
4532,29
4533,29
4534,29
4535,29
4536,30
4537,30
4538,30
4539,30
4540,30
4541,30
4542,30
4543,30
4544,32
4545,32
4546,33
4547,34
4548,34
4549,"34,35,46"
4550,"34,35,46"
4551,"34,35,46"
4552,34
4553,34
4554,"34,35,46"
4555,"34,35,46"
4556,36
4557,36
4558,"37,55"
4559,"37,55"
4560,38
4561,38
4562,38
4563,38
4564,38
4565,38
4566,"39,46"
4567,42
4568,44
4569,44
4570,44
4571,44
4572,44
4573,"45,55"
4574,"45,58"
4575,"45,58"
4576,"45,58"
4577,"45,58"
4578,"45,55"
4579,46
4580,46
4581,47
4582,47
4583,47
4584,47
4585,47
4586,47
4587,48
4588,48
4589,48
4590,48
4591,48
4592,49
4593,49
4594,49
4595,49
4596,49
4597,49
4598,49
4599,49
4600,50
4601,51
4602,51
4603,51
4604,51
4605,51
4606,51
4607,51
4608,51
4609,53
4610,54
4611,54
4612,55
4613,56
4614,56
4615,56
4616,56
4617,57
4618,58
4619,"58,104"
4620,59
4621,60
4622,67
4623,67
4624,78
4625,79
4626,79
4627,79
4628,79
4629,79
4630,79
4631,79
4632,79
4633,79
4634,79
4635,79
4636,79
4637,79
4638,79
4639,79
4640,79
4641,79
4642,79
4643,79
4644,79
4645,79
4646,79
4647,79
4648,79
4649,79
4650,79
4651,79
4652,79
4653,79
4654,81
4655,81
4656,81
4657,81
4658,81
4659,81
4660,81
4661,81
4662,81
4663,81
4664,81
4665,81
4666,81
4667,81
4668,81
4669,81
4670,81
4671,82
4672,82
4673,82
4674,82
4675,82
4676,95
4677,96
4678,97
4679,97
4680,97
4681,97
4682,97
4683,97
4684,97
4685,97
4686,97
4687,97
4688,97
4689,97
4690,98
4691,98
4692,98
4693,98
4694,98
4695,98
4696,98
4697,98
4698,98
4699,98
4700,98
4701,98
4702,98
4703,98
4704,98
4705,98
4706,98
4707,98
4708,98
4709,98
4710,103
4711,104
4712,104
4713,104
4714,104
4715,104
4716,119
4717,119
4718,119
4719,119
4720,119
4721,"6,40"
4722,"6,11"
4723,"6,10"
4724,30
4725,30
4726,30
4727,30
4728,30
4729,30
4730,30
4731,30
4732,30
4733,34
4734,34
4735,34
4736,79
4737,79
4738,81
4739,81
4740,82
4741,82
4742,92
4743,92
4744,92
4745,92
4746,92
4747,92
4748,96
4749,119
4750,119
4751,119
4752,119
4753,"0,9"
4754,"0,11"
4755,"0,9"
4756,"0,9"
4757,"0,9"
4758,"0,9"
4759,"1,44"
4760,"1,24,44"
4761,"1,24,31,48"
4762,2
4763,"3,121"
4764,"3,121"
4765,"3,121"
4766,15
4767,18
4768,18
4769,21
4770,"22,51"
4771,25
4772,29
4773,30
4774,30
4775,32
4776,32
4777,33
4778,34
4779,"34,35,46"
4780,36
4781,36
4782,38
4783,38
4784,38
4785,42
4786,"45,55"
4787,46
4788,46
4789,47
4790,47
4791,47
4792,48
4793,48
4794,48
4795,49
4796,49
4797,50
4798,50
4799,50
4800,50
4801,51
4802,52
4803,52
4804,52
4805,52
4806,52
4807,52
4808,53
4809,53
4810,54
4811,54
4812,54
4813,54
4814,56
4815,63
4816,67
4817,67
4818,67
4819,67
4820,78
4821,79
4822,79
4823,79
4824,79
4825,79
4826,79
4827,79
4828,81
4829,81
4830,81
4831,81
4832,82
4833,82
4834,82
4835,82
4836,82
4837,82
4838,82
4839,82
4840,92
4841,94
4842,94
4843,94
4844,94
4845,94
4846,94
4847,98
4848,98
4849,98
4850,98
4851,"1,44"
4852,"1,44"
4853,"3,121"
4854,"3,121"
4855,"3,121"
4856,"3,121"
4857,"3,121"
4858,"3,121"
4859,"3,121"
4860,"3,121"
4861,"3,121"
4862,7
4863,"7,44"
4864,"15,16"
4865,"15,16"
4866,"15,16"
4867,"15,16"
4868,"15,16"
4869,15
4870,15
4871,15
4872,15
4873,16
4874,17
4875,18
4876,18
4877,18
4878,18
4879,18
4880,18
4881,18
4882,20
4883,20
4884,"20,102"
4885,20
4886,20
4887,20
4888,20
4889,"22,51"
4890,30
4891,30
4892,32
4893,32
4894,33
4895,34
4896,34
4897,"34,35,46"
4898,36
4899,38
4900,38
4901,44
4902,44
4903,"45,55"
4904,46
4905,46
4906,46
4907,47
4908,47
4909,48
4910,49
4911,49
4912,49
4913,49
4914,49
4915,49
4916,49
4917,49
4918,49
4919,49
4920,49
4921,49
4922,51
4923,54
4924,56
4925,56
4926,78
4927,79
4928,79
4929,79
4930,79
4931,79
4932,79
4933,79
4934,79
4935,79
4936,81
4937,81
4938,81
4939,81
4940,81
4941,81
4942,81
4943,81
4944,82
4945,82
4946,96
4947,97
4948,"6,10"
4949,"6,10"
4950,"6,11"
4951,"32,33"
4952,34
4953,36
4954,36
4955,36
4956,79
4957,79
4958,79
4959,79
4960,79
4961,81
4962,81
4963,81
4964,81
4965,81
4966,"1,44"
4967,"1,44"
4968,18
4969,20
4970,20
4971,20
4972,20
4973,20
4974,20
4975,20
4976,20
4977,20
4978,20
4979,20
4980,20
4981,20
4982,20
4983,20
4984,20
4985,21
4986,22
4987,22
4988,22
4989,"22,51"
4990,27
4991,27
4992,27
4993,30
4994,30
4995,30
4996,30
4997,"32,33"
4998,32
4999,"32,33"
5000,32
5001,33
5002,34
5003,"34,35,46"
5004,"34,35,46"
5005,36
5006,38
5007,38
5008,42
5009,42
5010,42
5011,42
5012,42
5013,42
5014,44
5015,44
5016,44
5017,"45,55"
5018,46
5019,47
5020,47
5021,48
5022,49
5023,49
5024,49
5025,49
5026,49
5027,49
5028,49
5029,49
5030,49
5031,50
5032,50
5033,50
5034,50
5035,50
5036,51
5037,51
5038,52
5039,52
5040,54
5041,54
5042,56
5043,56
5044,56
5045,56
5046,66
5047,66
5048,67
5049,78
5050,79
5051,79
5052,79
5053,79
5054,79
5055,79
5056,81
5057,81
5058,81
5059,81
5060,81
5061,81
5062,81
5063,82
5064,82
5065,82
5066,82
5067,82
5068,96
5069,"6,14"
5070,"6,8"
5071,"12,13"
5072,"12,13"
5073,"12,13"
5074,"12,13"
5075,14
5076,14
5077,"15,16"
5078,"15,16"
5079,"15,16"
5080,"15,16"
5081,"15,16"
5082,17
5083,17
5084,18
5085,18
5086,20
5087,20
5088,20
5089,20
5090,20
5091,20
5092,20
5093,20
5094,20
5095,20
5096,20
5097,21
5098,21
5099,25
5100,26
5101,26
5102,26
5103,26
5104,26
5105,29
5106,29
5107,29
5108,30
5109,30
5110,30
5111,30
5112,32
5113,32
5114,32
5115,"32,33"
5116,32
5117,32
5118,33
5119,33
5120,34
5121,34
5122,34
5123,36
5124,38
5125,38
5126,42
5127,44
5128,44
5129,44
5130,44
5131,44
5132,44
5133,44
5134,"45,55"
5135,"45,55"
5136,46
5137,49
5138,49
5139,49
5140,49
5141,49
5142,49
5143,50
5144,51
5145,53
5146,53
5147,54
5148,54
5149,55
5150,56
5151,56
5152,56
5153,56
5154,67
5155,67
5156,78
5157,79
5158,79
5159,81
5160,81
5161,81
5162,81
5163,81
5164,81
5165,81
5166,82
5167,82
5168,82
5169,84
5170,85
5171,85
5172,92
5173,96
5174,97
5175,98
5176,98
5177,98
5178,98
5179,98
5180,98
5181,98
5182,98
5183,119
5184,"0,9"
5185,"0,9"
5186,"1,44"
5187,"1,44"
5188,"1,24,31,48"
5189,"1,24,31,48"
5190,"1,24,31,48"
5191,"1,44"
5192,"1,31,49"
5193,"1,44"
5194,"1,31,49"
5195,"1,44"
5196,2
5197,2
5198,2
5199,"3,121"
5200,"3,121"
5201,"3,121"
5202,"3,121"
5203,"3,121"
5204,"3,121"
5205,"3,121"
5206,"3,121"
5207,"3,121"
5208,"3,121"
5209,"3,121"
5210,"3,121"
5211,"3,121"
5212,"3,121"
5213,"3,121"
5214,"3,121"
5215,"6,10"
5216,"6,11"
5217,"6,14"
5218,"6,14"
5219,"6,9"
5220,8
5221,9
5222,9
5223,11
5224,12
5225,13
5226,13
5227,13
5228,13
5229,13
5230,13
5231,15
5232,"15,16"
5233,"15,16"
5234,"15,16"
5235,"15,16"
5236,"15,16"
5237,"15,16"
5238,"15,16"
5239,16
5240,16
5241,16
5242,17
5243,17
5244,18
5245,18
5246,18
5247,20
5248,20
5249,20
5250,20
5251,20
5252,20
5253,20
5254,20
5255,20
5256,20
5257,20
5258,20
5259,20
5260,20
5261,21
5262,"22,51"
5263,"23,29"
5264,"23,29"
5265,"23,29"
5266,25
5267,25
5268,25
5269,26
5270,26
5271,26
5272,26
5273,26
5274,26
5275,26
5276,26
5277,26
5278,26
5279,27
5280,27
5281,29
5282,29
5283,29
5284,29
5285,29
5286,29
5287,29
5288,29
5289,29
5290,29
5291,29
5292,29
5293,29
5294,29
5295,29
5296,30
5297,30
5298,30
5299,30
5300,30
5301,30
5302,30
5303,30
5304,32
5305,32
5306,32
5307,33
5308,33
5309,33
5310,33
5311,33
5312,34
5313,34
5314,"34,35,46"
5315,"34,35,46"
5316,"34,35,46"
5317,"34,35,46"
5318,34
5319,34
5320,"34,35,46"
5321,"34,35,46"
5322,36
5323,38
5324,"39,46"
5325,42
5326,42
5327,44
5328,44
5329,44
5330,44
5331,"45,58"
5332,"45,58"
5333,46
5334,47
5335,47
5336,47
5337,47
5338,48
5339,49
5340,49
5341,49
5342,49
5343,49
5344,49
5345,49
5346,49
5347,50
5348,50
5349,50
5350,50
5351,50
5352,51
5353,51
5354,51
5355,51
5356,51
5357,51
5358,53
5359,54
5360,54
5361,54
5362,54
5363,56
5364,56
5365,56
5366,56
5367,57
5368,57
5369,57
5370,57
5371,57
5372,57
5373,57
5374,"58,104"
5375,58
5376,"58,104"
5377,"58,104"
5378,"58,104"
5379,"58,104"
5380,"58,104"
5381,"58,104"
5382,58
5383,58
5384,58
5385,58
5386,59
5387,60
5388,60
5389,66
5390,67
5391,67
5392,78
5393,78
5394,78
5395,79
5396,79
5397,79
5398,79
5399,81
5400,81
5401,81
5402,81
5403,81
5404,81
5405,81
5406,81
5407,82
5408,83
5409,84
5410,"84,85"
5411,85
5412,86
5413,86
5414,86
5415,88
5416,89
5417,91
5418,92
5419,92
5420,92
5421,93
5422,94
5423,95
5424,95
5425,95
5426,96
5427,96
5428,96
5429,97
5430,97
5431,97
5432,97
5433,98
5434,98
5435,98
5436,98
5437,98
5438,98
5439,98
5440,98
5441,98
5442,98
5443,98
5444,98
5445,98
5446,98
5447,98
5448,98
5449,98
5450,98
5451,98
5452,98
5453,99
5454,99
5455,99
5456,103
5457,103
5458,103
5459,104
5460,104
5461,104
5462,104
5463,104
5464,106
5465,106
5466,106
5467,106
5468,106
5469,119
5470,119
5471,119
5472,119
5473,119
5474,"6,40"
5475,"6,10"
5476,"6,10"
5477,21
5478,22
5479,22
5480,29
5481,29
5482,29
5483,30
5484,30
5485,30
5486,34
5487,36
5488,42
5489,42
5490,42
5491,56
5492,81
5493,81
5494,81
5495,81
5496,81
5497,82
5498,119
5499,"5,8"
5500,"5,8"
5501,"6,9"
5502,81
5503,82
5504,30
5505,30
5506,32
5507,36
5508,"37,55"
5509,"37,55"
5510,38
5511,"45,55"
5512,47
5513,78
5514,79
5515,79
5516,79
5517,81
5518,82
5519,98
5520,"6,65"
5521,32
5522,33
5523,34
5524,79
5525,95
5526,95
5527,"0,9"
5528,"0,9"
5529,"1,44"
5530,"1,44"
5531,"1,44"
5532,"1,24,44"
5533,"1,44"
5534,"1,44"
5535,"1,44"
5536,2
5537,2
5538,2
5539,"6,40"
5540,"6,14"
5541,8
5542,8
5543,12
5544,13
5545,13
5546,13
5547,13
5548,13
5549,13
5550,13
5551,13
5552,"15,16"
5553,15
5554,17
5555,18
5556,20
5557,20
5558,20
5559,20
5560,20
5561,20
5562,26
5563,26
5564,26
5565,26
5566,26
5567,26
5568,26
5569,26
5570,27
5571,27
5572,27
5573,29
5574,29
5575,29
5576,29
5577,29
5578,29
5579,29
5580,30
5581,30
5582,30
5583,30
5584,30
5585,32
5586,"32,33"
5587,"32,33"
5588,32
5589,"32,33"
5590,32
5591,32
5592,33
5593,33
5594,33
5595,33
5596,34
5597,34
5598,34
5599,"34,35,46"
5600,"34,35,46"
5601,36
5602,44
5603,47
5604,47
5605,48
5606,48
5607,49
5608,49
5609,49
5610,49
5611,50
5612,50
5613,51
5614,54
5615,54
5616,54
5617,56
5618,56
5619,78
5620,78
5621,79
5622,79
5623,79
5624,79
5625,81
5626,81
5627,81
5628,81
5629,81
5630,82
5631,82
5632,82
5633,82
5634,84
5635,86
5636,86
5637,86
5638,86
5639,86
5640,86
5641,86
5642,86
5643,86
5644,86
5645,86
5646,86
5647,86
5648,86
5649,89
5650,89
5651,89
5652,89
5653,89
5654,89
5655,89
5656,89
5657,89
5658,89
5659,89
5660,89
5661,90
5662,96
5663,96
5664,97
5665,97
5666,97
5667,"6,11"
5668,"6,11"
5669,"6,9"
5670,"22,51"
5671,"22,51"
5672,22
5673,"22,43"
5674,30
5675,"37,55"
5676,44
5677,47
5678,47
5679,47
5680,48
5681,78
5682,82
5683,82
5684,"0,9"
5685,"0,11"
5686,"1,44"
5687,2
5688,2
5689,"5,11"
5690,"5,8"
5691,"5,10"
5692,"6,9"
5693,"6,9"
5694,"6,9"
5695,"6,8"
5696,"6,11"
5697,"6,11"
5698,"6,10"
5699,"6,10"
5700,13
5701,13
5702,13
5703,30
5704,30
5705,30
5706,36
5707,36
5708,38
5709,46
5710,56
5711,79
5712,79
5713,79
5714,79
5715,79
5716,79
5717,81
5718,81
5719,81
5720,86
5721,86
5722,86
5723,86
5724,"1,44"
5725,2
5726,2
5727,2
5728,2
5729,2
5730,2
5731,2
5732,2
5733,2
5734,2
5735,"5,9"
5736,"5,9"
5737,"5,9"
5738,"6,9"
5739,"6,9"
5740,8
5741,"15,16"
5742,"15,16"
5743,"15,16"
5744,15
5745,15
5746,15
5747,16
5748,18
5749,18
5750,20
5751,20
5752,20
5753,20
5754,20
5755,20
5756,20
5757,20
5758,"22,51"
5759,22
5760,27
5761,30
5762,30
5763,"32,33"
5764,32
5765,33
5766,34
5767,34
5768,"34,35,46"
5769,36
5770,36
5771,36
5772,36
5773,36
5774,"37,55"
5775,41
5776,44
5777,"45,55"
5778,46
5779,47
5780,47
5781,49
5782,49
5783,49
5784,49
5785,50
5786,51
5787,51
5788,52
5789,56
5790,56
5791,56
5792,56
5793,56
5794,67
5795,78
5796,79
5797,79
5798,81
5799,81
5800,81
5801,82
5802,83
5803,84
5804,85
5805,93
5806,94
5807,96
5808,96
5809,96
5810,96
5811,96
5812,96
5813,97
5814,97
5815,97
5816,97
5817,97
5818,98
5819,98
5820,98
5821,98
5822,98
5823,99
5824,99
5825,99
5826,99
5827,99
5828,99
5829,99
5830,99
5831,99
5832,99
5833,99
5834,99
5835,99
5836,99
5837,99
5838,99
5839,99
5840,99
5841,99
5842,"0,9"
5843,"1,24,31"
5844,"1,31,49"
5845,"1,24,31"
5846,"1,31,49"
5847,"1,24,44"
5848,"1,24,44"
5849,2
5850,2
5851,2
5852,2
5853,2
5854,2
5855,2
5856,2
5857,2
5858,2
5859,2
5860,2
5861,4
5862,4
5863,"5,10"
5864,"5,10"
5865,"5,11"
5866,"6,11"
5867,"6,11"
5868,"6,40"
5869,"6,40"
5870,"6,14"
5871,"6,40"
5872,"6,9"
5873,"6,9"
5874,"6,8"
5875,"7,44"
5876,"7,44"
5877,7
5878,7
5879,7
5880,7
5881,"7,44"
5882,"7,44"
5883,8
5884,8
5885,9
5886,9
5887,9
5888,9
5889,11
5890,"12,13"
5891,"12,13"
5892,14
5893,14
5894,30
5895,30
5896,32
5897,32
5898,32
5899,36
5900,36
5901,36
5902,44
5903,63
5904,79
5905,79
5906,81
5907,81
5908,81
5909,99
5910,99
5911,99
5912,99
5913,99
5914,99
5915,99
5916,99
5917,119
5918,119
5919,119
5920,119
5921,119
5922,"0,9"
5923,"0,11"
5924,"0,9"
5925,"1,44"
5926,"1,24,44"
5927,"1,24,31,48"
5928,"1,24,44"
5929,"1,24,44"
5930,"1,24,31,48"
5931,"1,31,49"
5932,"1,24,31"
5933,"1,31,49"
5934,"1,24,31"
5935,"1,44"
5936,2
5937,2
5938,2
5939,2
5940,"3,121"
5941,"3,121"
5942,"3,121"
5943,"6,8"
5944,"6,10"
5945,"6,10"
5946,"6,37"
5947,8
5948,11
5949,12
5950,13
5951,13
5952,13
5953,13
5954,13
5955,13
5956,13
5957,15
5958,"15,16"
5959,"15,16"
5960,"15,16"
5961,"15,16"
5962,18
5963,20
5964,20
5965,20
5966,20
5967,21
5968,25
5969,25
5970,25
5971,25
5972,25
5973,26
5974,26
5975,29
5976,29
5977,29
5978,29
5979,29
5980,29
5981,29
5982,29
5983,29
5984,29
5985,29
5986,29
5987,29
5988,29
5989,29
5990,30
5991,30
5992,30
5993,30
5994,30
5995,30
5996,30
5997,32
5998,32
5999,32
6000,32
6001,33
6002,"34,35,46"
6003,"34,35,46"
6004,"34,35,46"
6005,"34,35,46"
6006,42
6007,44
6008,47
6009,49
6010,49
6011,49
6012,49
6013,49
6014,49
6015,49
6016,50
6017,50
6018,50
6019,51
6020,51
6021,56
6022,58
6023,59
6024,59
6025,59
6026,78
6027,81
6028,81
6029,81
6030,81
6031,81
6032,81
6033,81
6034,82
6035,82
6036,82
6037,82
6038,82
6039,86
6040,86
6041,86
6042,86
6043,86
6044,86
6045,88
6046,89
6047,89
6048,89
6049,89
6050,89
6051,89
6052,91
6053,91
6054,91
6055,92
6056,97
6057,98
6058,98
6059,98
6060,119
6061,119
6062,30
6063,79
6064,81
6065,"1,24,44"
6066,"1,24,44"
6067,"1,31,49"
6068,"1,24,31"
6069,7
6070,7
6071,7
6072,7
6073,7
6074,7
6075,7
6076,"7,44"
6077,"7,44"
6078,"7,44"
6079,"7,44"
6080,"7,44"
6081,8
6082,8
6083,8
6084,8
6085,9
6086,11
6087,11
6088,"1,24,44"
6089,"1,24,44"
6090,"1,24,44"
6091,"1,24,31,48"
6092,"1,24,31,48"
6093,"1,24,31,48"
6094,"1,24,31,48"
6095,"1,24,44"
6096,"1,24,44"
6097,"1,24,44"
6098,30
6099,30
6100,32
6101,32
6102,32
6103,32
6104,32
6105,32
6106,33
6107,33
6108,33
6109,33
6110,33
6111,33
6112,33
6113,33
6114,33
6115,"37,55"
6116,"45,55"
6117,81
6118,81
6119,81
6120,"0,11"
6121,"0,9"
6122,"6,9"
6123,"6,10"
6124,9
6125,"45,55"
6126,55
6127,"0,9"
6128,"6,11"
6129,8
6130,9
6131,9
6132,9
6133,9
6134,11
6135,11
6136,51
6137,51
6138,51
6139,"5,11"
6140,"5,8"
6141,"6,10"
6142,"6,9"
6143,"6,9"
6144,20
6145,49
6146,51
6147,51
6148,51
6149,51
6150,51
6151,56
6152,56
6153,56
6154,98
6155,98
6156,98
6157,98
6158,98
6159,"5,9"
6160,9
6161,98
6162,"0,9"
6163,"5,11"
6164,"5,10"
6165,"6,9"
6166,11
6167,"5,10"
6168,8
6169,"45,55"
6170,"5,8"
6171,"5,8"
6172,"6,10"
6173,"37,55"
6174,56
6175,56
6176,98
6177,98
6178,98
6179,98
6180,98
6181,98
6182,98
6183,98
6184,98
6185,98
6186,98
6187,98
6188,"0,9"
6189,9
6190,9
6191,9
6192,11
6193,79
6194,"37,55"
6195,"5,8"
6196,"6,8"
6197,8
6198,55
6199,"0,9"
6200,"0,9"
6201,"5,10"
6202,"6,10"
6203,"6,11"
6204,51
6205,52
6206,79
6207,"5,11"
6208,"5,11"
6209,"5,11"
6210,79
6211,"0,9"
6212,"5,9"
6213,49
6214,56
6215,79
6216,9
6217,"37,55"
6218,"37,55"
6219,"37,55"
6220,"5,8"
6221,"5,10"
6222,"5,10"
6223,"5,8"
6224,"5,8"
6225,"5,11"
6226,"5,10"
6227,"6,9"
6228,"6,9"
6229,"6,9"
6230,9
6231,9
6232,9
6233,9
6234,11
6235,20
6236,49
6237,51
6238,51
6239,55
6240,56
6241,56
6242,98
6243,"0,11"
6244,"0,11"
6245,"5,8"
6246,"5,10"
6247,"5,11"
6248,"5,10"
6249,11
6250,79
6251,"0,9"
6252,8
6253,9
6254,9
6255,9
6256,98
6257,98
6258,"5,11"
6259,"5,11"
6260,"0,9"
6261,"5,11"
6262,"5,11"
6263,"5,8"
6264,"5,11"
6265,"5,10"
6266,"5,9"
6267,11
6268,49
6269,49
6270,49
6271,49
6272,49
6273,51
6274,51
6275,51
6276,51
6277,"71,72,73,77"
6278,"71,72,73,77"
6279,97
6280,97
6281,97
6282,98
6283,98
6284,98
6285,98
6286,98
6287,98
6288,98
6289,98
6290,98
6291,98
6292,98
6293,98
6294,98
6295,98
6296,98
6297,98
6298,98
6299,98
6300,98
6301,98
6302,"5,10"
6303,"5,8"
6304,11
6305,27
6306,49
6307,49
6308,79
6309,98
6310,"37,55"
6311,"45,55"
6312,"45,55"
6313,"45,55"
6314,55
6315,"0,9"
6316,"5,8"
6317,"5,10"
6318,"5,8"
6319,"5,10"
6320,44
6321,"0,11"
6322,"0,9"
6323,"1,24,44"
6324,"1,24,31,48"
6325,"1,24,44"
6326,"1,24,31,48"
6327,"1,24,31,48"
6328,"1,24,31"
6329,"1,44"
6330,"3,121"
6331,"3,121"
6332,"3,121"
6333,"3,121"
6334,"3,121"
6335,"3,121"
6336,"3,121"
6337,"3,121"
6338,"3,121"
6339,"3,121"
6340,"3,121"
6341,"3,121"
6342,"3,121"
6343,"3,121"
6344,13
6345,13
6346,13
6347,13
6348,13
6349,"15,16"
6350,"15,16"
6351,"15,16"
6352,"15,16"
6353,"15,16"
6354,15
6355,15
6356,15
6357,"15,16"
6358,16
6359,16
6360,17
6361,18
6362,18
6363,18
6364,18
6365,18
6366,19
6367,20
6368,20
6369,21
6370,29
6371,30
6372,30
6373,30
6374,"32,33"
6375,32
6376,32
6377,"32,33"
6378,33
6379,34
6380,"34,35,46"
6381,34
6382,"34,35,46"
6383,"34,35,46"
6384,36
6385,36
6386,36
6387,36
6388,"37,55"
6389,38
6390,41
6391,42
6392,44
6393,44
6394,44
6395,"45,58"
6396,47
6397,47
6398,48
6399,49
6400,49
6401,49
6402,50
6403,50
6404,50
6405,50
6406,50
6407,50
6408,51
6409,51
6410,51
6411,54
6412,54
6413,54
6414,54
6415,56
6416,56
6417,57
6418,57
6419,57
6420,57
6421,58
6422,58
6423,58
6424,58
6425,"58,104"
6426,59
6427,60
6428,61
6429,62
6430,66
6431,66
6432,67
6433,78
6434,78
6435,78
6436,79
6437,79
6438,79
6439,79
6440,79
6441,81
6442,81
6443,81
6444,81
6445,81
6446,82
6447,82
6448,82
6449,82
6450,83
6451,83
6452,83
6453,84
6454,84
6455,85
6456,85
6457,85
6458,96
6459,98
6460,98
6461,98
6462,98
6463,98
6464,98
6465,98
6466,98
6467,98
6468,98
6469,98
6470,98
6471,98
6472,98
6473,98
6474,98
6475,98
6476,98
6477,98
6478,98
6479,98
6480,98
6481,98
6482,98
6483,98
6484,98
6485,98
6486,98
6487,99
6488,99
6489,99
6490,99
6491,99
6492,104
6493,104
6494,106
6495,106
6496,106
6497,106
6498,106
6499,106
6500,106
6501,106
6502,106
6503,106
6504,106
6505,106
6506,106
6507,106
6508,106
6509,106
6510,106
6511,106
6512,106
6513,106
6514,119
6515,119
6516,"3,121"
6517,"12,13"
6518,"12,13"
6519,13
6520,22
6521,"22,43"
6522,30
6523,"37,55"
6524,42
6525,42
6526,44
6527,56
6528,66
6529,78
6530,81
6531,81
6532,82
6533,82
6534,92
6535,103
6536,119
6537,119
6538,22
6539,30
6540,32
6541,55
6542,82
6543,"3,121"
6544,"6,40"
6545,"6,14"
6546,14
6547,14
6548,22
6549,32
6550,"32,33"
6551,32
6552,33
6553,34
6554,34
6555,34
6556,"34,35,46"
6557,"37,55"
6558,42
6559,44
6560,49
6561,49
6562,49
6563,50
6564,51
6565,51
6566,52
6567,54
6568,54
6569,54
6570,56
6571,56
6572,79
6573,81
6574,81
6575,81
6576,81
6577,81
6578,81
6579,81
6580,82
6581,82
6582,82
6583,92
6584,92
6585,92
6586,92
6587,96
6588,97
6589,97
6590,97
6591,97
6592,119
6593,"5,10"
6594,"5,11"
6595,"5,11"
6596,13
6597,13
6598,30
6599,32
6600,33
6601,33
6602,79
6603,36
6604,81
6605,"6,14"
6606,"6,40"
6607,"12,13"
6608,20
6609,29
6610,32
6611,32
6612,32
6613,33
6614,34
6615,34
6616,34
6617,36
6618,36
6619,81
6620,96
6621,96
6622,96
6623,96
6624,"0,9"
6625,"0,9"
6626,"1,44"
6627,"1,44"
6628,"1,44"
6629,"1,31,49"
6630,2
6631,2
6632,4
6633,"5,8"
6634,"5,10"
6635,"6,9"
6636,"6,9"
6637,"6,11"
6638,"6,9"
6639,"7,44"
6640,7
6641,7
6642,7
6643,7
6644,7
6645,7
6646,7
6647,30
6648,32
6649,32
6650,32
6651,32
6652,32
6653,34
6654,36
6655,42
6656,44
6657,44
6658,44
6659,"45,58"
6660,"45,58"
6661,"45,58"
6662,"45,58"
6663,"45,58"
6664,46
6665,58
6666,"58,104"
6667,63
6668,66
6669,81
6670,82
6671,82
6672,96
6673,99
6674,99
6675,99
6676,99
6677,99
6678,99
6679,99
6680,99
6681,99
6682,99
6683,"5,11"
6684,17
6685,27
6686,36
6687,42
6688,58
6689,79
6690,81
6691,"1,44"
6692,"6,37"
6693,7
6694,7
6695,11
6696,19
6697,20
6698,20
6699,22
6700,26
6701,27
6702,29
6703,30
6704,30
6705,"32,33"
6706,33
6707,33
6708,33
6709,34
6710,36
6711,42
6712,42
6713,48
6714,49
6715,50
6716,50
6717,50
6718,51
6719,54
6720,54
6721,54
6722,56
6723,56
6724,78
6725,79
6726,79
6727,81
6728,81
6729,81
6730,82
6731,82
6732,82
6733,82
6734,"0,9"
6735,2
6736,2
6737,2
6738,2
6739,2
6740,2
6741,4
6742,4
6743,4
6744,4
6745,4
6746,"5,11"
6747,"5,10"
6748,"5,8"
6749,"5,10"
6750,"6,14"
6751,"6,40"
6752,"6,11"
6753,"6,10"
6754,"6,9"
6755,"6,9"
6756,"6,10"
6757,"6,8"
6758,"6,8"
6759,"6,37"
6760,7
6761,7
6762,7
6763,7
6764,7
6765,7
6766,8
6767,11
6768,14
6769,14
6770,20
6771,25
6772,25
6773,25
6774,25
6775,25
6776,26
6777,27
6778,29
6779,32
6780,32
6781,32
6782,32
6783,32
6784,32
6785,33
6786,33
6787,33
6788,33
6789,33
6790,34
6791,36
6792,"37,55"
6793,"45,58"
6794,"45,58"
6795,46
6796,46
6797,49
6798,49
6799,49
6800,52
6801,54
6802,54
6803,54
6804,56
6805,56
6806,56
6807,56
6808,56
6809,56
6810,58
6811,79
6812,79
6813,79
6814,79
6815,81
6816,81
6817,83
6818,91
6819,92
6820,93
6821,96
6822,96
6823,96
6824,96
6825,96
6826,96
6827,96
6828,96
6829,98
6830,119
6831,"0,9"
6832,22
6833,22
6834,29
6835,30
6836,30
6837,32
6838,32
6839,34
6840,34
6841,34
6842,"34,35,46"
6843,"34,35,46"
6844,"34,35,46"
6845,"34,35,46"
6846,36
6847,38
6848,38
6849,38
6850,44
6851,44
6852,46
6853,46
6854,48
6855,48
6856,49
6857,50
6858,51
6859,51
6860,51
6861,55
6862,56
6863,79
6864,81
6865,81
6866,81
6867,82
6868,82
6869,92
6870,96
6871,96
6872,96
6873,96
6874,96
6875,98
6876,119
6877,18
6878,30
6879,30
6880,"32,33"
6881,32
6882,"34,35,46"
6883,36
6884,46
6885,47
6886,47
6887,47
6888,47
6889,49
6890,50
6891,51
6892,54
6893,56
6894,66
6895,78
6896,79
6897,81
6898,81
6899,81
6900,81
6901,96
6902,"0,11"
6903,"0,9"
6904,"5,8"
6905,"5,11"
6906,8
6907,9
6908,"1,44"
6909,"1,31,49"
6910,"1,44"
6911,"1,44"
6912,"5,8"
6913,"5,8"
6914,16
6915,18
6916,18
6917,18
6918,21
6919,"22,51"
6920,30
6921,30
6922,44
6923,47
6924,47
6925,53
6926,56
6927,56
6928,56
6929,81
6930,81
6931,81
6932,81
6933,82
6934,"0,9"
6935,"1,24,31,48"
6936,"1,24,44"
6937,"1,44"
6938,"1,44"
6939,"1,44"
6940,"1,31,49"
6941,"1,44"
6942,"1,31,49"
6943,"1,44"
6944,2
6945,2
6946,2
6947,"3,121"
6948,"3,121"
6949,"3,121"
6950,"3,121"
6951,"3,121"
6952,"3,121"
6953,"3,121"
6954,"3,121"
6955,"3,121"
6956,"3,121"
6957,"3,121"
6958,"3,121"
6959,"3,121"
6960,"3,121"
6961,"3,121"
6962,"3,121"
6963,"3,121"
6964,"3,121"
6965,"5,11"
6966,"5,10"
6967,"6,9"
6968,"6,9"
6969,7
6970,7
6971,7
6972,7
6973,7
6974,12
6975,"12,13"
6976,"12,13"
6977,"12,13"
6978,"12,13"
6979,"12,13"
6980,"12,13"
6981,"12,13"
6982,"12,13"
6983,13
6984,13
6985,13
6986,13
6987,13
6988,13
6989,13
6990,13
6991,13
6992,13
6993,13
6994,13
6995,14
6996,14
6997,14
6998,"15,16"
6999,"15,16"
7000,"15,16"
7001,15
7002,15
7003,15
7004,"15,16"
7005,16
7006,18
7007,18
7008,19
7009,20
7010,20
7011,"22,51"
7012,22
7013,"22,43"
7014,"22,51"
7015,"22,80"
7016,"22,80"
7017,"22,80"
7018,22
7019,22
7020,"22,80"
7021,"23,29"
7022,"23,29"
7023,"23,29"
7024,25
7025,25
7026,26
7027,26
7028,26
7029,26
7030,29
7031,29
7032,29
7033,29
7034,29
7035,29
7036,29
7037,29
7038,29
7039,29
7040,29
7041,29
7042,30
7043,"32,33"
7044,32
7045,32
7046,"32,33"
7047,32
7048,33
7049,34
7050,34
7051,"34,35,46"
7052,34
7053,"34,35,46"
7054,"34,35,46"
7055,"34,35,46"
7056,38
7057,38
7058,44
7059,"45,58"
7060,"45,58"
7061,"45,58"
7062,"45,58"
7063,"45,58"
7064,46
7065,46
7066,47
7067,48
7068,49
7069,49
7070,49
7071,49
7072,49
7073,50
7074,51
7075,51
7076,51
7077,51
7078,51
7079,51
7080,54
7081,56
7082,56
7083,57
7084,57
7085,57
7086,57
7087,57
7088,57
7089,58
7090,"58,104"
7091,59
7092,60
7093,60
7094,60
7095,66
7096,67
7097,79
7098,79
7099,79
7100,79
7101,81
7102,81
7103,81
7104,82
7105,82
7106,82
7107,82
7108,82
7109,83
7110,83
7111,83
7112,83
7113,85
7114,86
7115,86
7116,86
7117,86
7118,88
7119,89
7120,89
7121,89
7122,89
7123,89
7124,89
7125,89
7126,89
7127,89
7128,89
7129,89
7130,89
7131,89
7132,89
7133,89
7134,89
7135,89
7136,89
7137,89
7138,89
7139,89
7140,89
7141,89
7142,89
7143,89
7144,89
7145,92
7146,93
7147,93
7148,93
7149,93
7150,93
7151,93
7152,93
7153,94
7154,94
7155,94
7156,94
7157,95
7158,95
7159,95
7160,95
7161,95
7162,95
7163,95
7164,95
7165,95
7166,95
7167,95
7168,95
7169,95
7170,95
7171,95
7172,95
7173,95
7174,95
7175,95
7176,95
7177,95
7178,95
7179,95
7180,97
7181,97
7182,98
7183,98
7184,98
7185,98
7186,98
7187,98
7188,98
7189,98
7190,98
7191,98
7192,98
7193,98
7194,98
7195,98
7196,98
7197,98
7198,98
7199,98
7200,98
7201,98
7202,98
7203,98
7204,98
7205,98
7206,98
7207,98
7208,98
7209,98
7210,99
7211,99
7212,99
7213,99
7214,103
7215,104
7216,104
7217,104
7218,104
7219,106
7220,119
7221,8
7222,8
7223,8
7224,9
7225,30
7226,30
7227,30
7228,34
7229,34
7230,34
7231,34
7232,34
7233,34
7234,36
7235,36
7236,36
7237,36
7238,38
7239,42
7240,42
7241,42
7242,42
7243,78
7244,81
7245,81
7246,81
7247,82
7248,22
7249,30
7250,30
7251,"32,33"
7252,32
7253,33
7254,33
7255,34
7256,34
7257,"34,35,46"
7258,"34,35,46"
7259,"34,35,46"
7260,"34,35,46"
7261,34
7262,34
7263,"34,35,46"
7264,36
7265,36
7266,38
7267,42
7268,42
7269,42
7270,42
7271,"45,55"
7272,48
7273,49
7274,49
7275,51
7276,51
7277,54
7278,56
7279,79
7280,81
7281,81
7282,81
7283,81
7284,81
7285,82
7286,82
7287,82
7288,82
7289,82
7290,82
7291,82
7292,96
7293,97
7294,97
7295,97
7296,97
7297,97
7298,97
7299,97
7300,97
7301,97
7302,"45,55"
7303,47
7304,79
7305,"0,11"
7306,"0,9"
7307,"1,24,31,48"
7308,"1,24,31"
7309,4
7310,"6,37"
7311,"6,14"
7312,"6,14"
7313,"6,14"
7314,11
7315,12
7316,13
7317,14
7318,"22,80"
7319,"23,29"
7320,"23,29"
7321,"23,29"
7322,29
7323,33
7324,51
7325,82
7326,32
7327,32
7328,34
7329,34
7330,46
7331,49
7332,78
7333,78
7334,81
7335,81
7336,"1,24,44"
7337,"1,44"
7338,"1,44"
7339,"1,24,31"
7340,4
7341,"6,37"
7342,"6,14"
7343,"7,44"
7344,9
7345,12
7346,13
7347,22
7348,22
7349,22
7350,"22,80"
7351,29
7352,33
7353,"34,35,46"
7354,34
7355,46
7356,46
7357,48
7358,49
7359,51
7360,53
7361,47
7362,"0,9"
7363,"5,10"
7364,"6,11"
7365,21
7366,26
7367,29
7368,29
7369,29
7370,29
7371,29
7372,29
7373,29
7374,29
7375,30
7376,32
7377,32
7378,32
7379,34
7380,36
7381,36
7382,49
7383,49
7384,49
7385,56
7386,57
7387,81
7388,81
7389,81
7390,81
7391,94
7392,94
7393,94
7394,97
7395,97
7396,15
7397,15
7398,15
7399,15
7400,15
7401,16
7402,17
7403,17
7404,30
7405,30
7406,32
7407,32
7408,33
7409,33
7410,33
7411,34
7412,34
7413,34
7414,"34,35,46"
7415,"34,35,46"
7416,"34,35,46"
7417,"34,35,46"
7418,36
7419,36
7420,"37,55"
7421,"45,55"
7422,46
7423,46
7424,55
7425,55
7426,56
7427,56
7428,79
7429,81
7430,81
7431,96
7432,96
7433,"0,9"
7434,"1,24,44"
7435,"1,24,44"
7436,"1,24,31,48"
7437,2
7438,"6,8"
7439,"6,8"
7440,"6,8"
7441,"6,40"
7442,"6,37"
7443,"6,37"
7444,"6,37"
7445,"6,37"
7446,"7,44"
7447,9
7448,9
7449,9
7450,9
7451,11
7452,"15,16"
7453,"15,16"
7454,"15,16"
7455,"15,16"
7456,"15,16"
7457,15
7458,18
7459,18
7460,18
7461,18
7462,18
7463,18
7464,18
7465,20
7466,20
7467,20
7468,20
7469,20
7470,"22,80"
7471,"22,80"
7472,22
7473,"22,80"
7474,"23,29"
7475,"23,29"
7476,"23,29"
7477,25
7478,25
7479,26
7480,26
7481,26
7482,29
7483,29
7484,29
7485,29
7486,29
7487,29
7488,29
7489,29
7490,29
7491,29
7492,30
7493,30
7494,32
7495,"32,33"
7496,"32,33"
7497,"32,33"
7498,"32,33"
7499,32
7500,33
7501,33
7502,33
7503,34
7504,34
7505,34
7506,34
7507,34
7508,34
7509,"34,35,46"
7510,"34,35,46"
7511,34
7512,36
7513,36
7514,42
7515,42
7516,44
7517,"45,58"
7518,"45,58"
7519,"45,58"
7520,"45,58"
7521,"45,58"
7522,"45,58"
7523,"45,58"
7524,"45,58"
7525,48
7526,48
7527,48
7528,49
7529,49
7530,50
7531,51
7532,51
7533,51
7534,54
7535,56
7536,57
7537,57
7538,57
7539,57
7540,57
7541,"58,104"
7542,"58,104"
7543,"58,104"
7544,"58,104"
7545,"58,104"
7546,"58,104"
7547,60
7548,60
7549,60
7550,"61,62,66"
7551,63
7552,67
7553,67
7554,67
7555,81
7556,81
7557,81
7558,82
7559,82
7560,82
7561,82
7562,82
7563,84
7564,86
7565,86
7566,86
7567,86
7568,86
7569,88
7570,89
7571,91
7572,92
7573,93
7574,94
7575,94
7576,95
7577,95
7578,95
7579,95
7580,95
7581,95
7582,96
7583,98
7584,98
7585,98
7586,98
7587,98
7588,98
7589,98
7590,98
7591,98
7592,98
7593,98
7594,98
7595,98
7596,98
7597,98
7598,98
7599,98
7600,98
7601,98
7602,98
7603,98
7604,98
7605,101
7606,103
7607,103
7608,103
7609,104
7610,104
7611,104
7612,106
7613,106
7614,106
7615,119
7616,"0,11"
7617,"0,9"
7618,"1,44"
7619,"1,44"
7620,2
7621,"3,121"
7622,"3,121"
7623,"3,121"
7624,"3,121"
7625,"3,121"
7626,4
7627,4
7628,"5,10"
7629,7
7630,7
7631,14
7632,14
7633,"15,16"
7634,"15,16"
7635,"15,16"
7636,15
7637,15
7638,18
7639,18
7640,20
7641,20
7642,20
7643,20
7644,21
7645,21
7646,"22,51"
7647,22
7648,29
7649,29
7650,29
7651,29
7652,29
7653,29
7654,29
7655,29
7656,32
7657,32
7658,32
7659,"32,33"
7660,32
7661,33
7662,33
7663,34
7664,"34,35,46"
7665,"34,35,46"
7666,34
7667,"34,35,46"
7668,36
7669,38
7670,42
7671,42
7672,42
7673,42
7674,47
7675,49
7676,49
7677,49
7678,50
7679,50
7680,54
7681,56
7682,66
7683,67
7684,78
7685,81
7686,81
7687,82
7688,82
7689,82
7690,83
7691,83
7692,83
7693,94
7694,95
7695,95
7696,95
7697,95
7698,95
7699,95
7700,98
7701,98
7702,98
7703,98
7704,98
7705,98
7706,98
7707,99
7708,99
7709,99
7710,99
7711,99
7712,99
7713,111
7714,"1,44"
7715,"1,24,44"
7716,"1,24,44"
7717,"6,11"
7718,"6,11"
7719,"6,9"
7720,8
7721,9
7722,22
7723,22
7724,"22,51"
7725,"22,51"
7726,22
7727,"22,43"
7728,"32,33"
7729,32
7730,32
7731,33
7732,33
7733,33
7734,33
7735,34
7736,34
7737,34
7738,34
7739,34
7740,34
7741,34
7742,34
7743,"34,35,46"
7744,36
7745,36
7746,36
7747,36
7748,"37,55"
7749,42
7750,44
7751,44
7752,44
7753,44
7754,44
7755,46
7756,46
7757,48
7758,48
7759,50
7760,51
7761,54
7762,55
7763,56
7764,78
7765,79
7766,81
7767,82
7768,82
7769,82
7770,82
7771,97
7772,97
7773,119
7774,25
7775,25
7776,25
7777,26
7778,26
7779,26
7780,26
7781,26
7782,26
7783,26
7784,26
7785,26
7786,26
7787,89
7788,89
7789,89
7790,89
7791,89
7792,89
7793,89
7794,89
7795,89
7796,89
7797,89
7798,89
7799,89
7800,89
7801,89
7802,89
7803,89
7804,89
7805,89
7806,89
7807,89
7808,89
7809,89
7810,89
7811,89
7812,89
7813,89
7814,89
7815,89
7816,89
7817,89
7818,89
7819,89
7820,30
7821,30
7822,32
7823,36
7824,51
7825,53
7826,54
7827,56
7828,56
7829,56
7830,56
7831,56
7832,78
7833,78
7834,79
7835,79
7836,81
7837,81
7838,81
7839,81
7840,81
7841,81
7842,96
7843,"1,31,49"
7844,"1,44"
7845,"1,44"
7846,"1,44"
7847,"7,44"
7848,"7,44"
7849,"7,44"
7850,27
7851,27
7852,27
7853,27
7854,48
7855,48
7856,48
7857,48
7858,"6,40"
7859,"6,40"
7860,"22,51"
7861,30
7862,30
7863,32
7864,34
7865,42
7866,47
7867,56
7868,78
7869,81
7870,119
7871,27
7872,30
7873,42
7874,44
7875,49
7876,56
7877,56
7878,78
7879,81
7880,81
7881,81
7882,81
7883,81
7884,81
7885,81
7886,81
7887,"3,121"
7888,"3,121"
7889,"3,121"
7890,"3,121"
7891,"3,121"
7892,"3,121"
7893,"3,121"
7894,"3,121"
7895,"3,121"
7896,"3,121"
7897,"6,14"
7898,22
7899,29
7900,30
7901,32
7902,"32,33"
7903,"32,33"
7904,32
7905,33
7906,38
7907,41
7908,41
7909,42
7910,44
7911,44
7912,46
7913,47
7914,49
7915,49
7916,50
7917,50
7918,50
7919,50
7920,56
7921,67
7922,78
7923,81
7924,81
7925,81
7926,81
7927,82
7928,97
7929,97
7930,119
7931,"0,9"
7932,"1,44"
7933,27
7934,27
7935,27
7936,27
7937,30
7938,32
7939,"32,33"
7940,"32,33"
7941,32
7942,33
7943,33
7944,"34,35,46"
7945,34
7946,34
7947,44
7948,"45,55"
7949,"45,58"
7950,"45,58"
7951,48
7952,56
7953,56
7954,59
7955,60
7956,60
7957,60
7958,60
7959,78
7960,79
7961,79
7962,81
7963,82
7964,82
7965,96
7966,96
7967,96
7968,96
7969,97
7970,97
7971,97
7972,97
7973,98
7974,98
7975,98
7976,98
7977,98
7978,98
7979,98
7980,98
7981,98
7982,98
7983,98
7984,98
7985,98
7986,98
7987,98
7988,98
7989,98
7990,98
7991,98
7992,98
7993,98
7994,98
7995,98
7996,98
7997,99
7998,99
7999,99
8000,99
8001,99
8002,99
8003,99
8004,99
8005,99
8006,99
8007,99
8008,99
8009,99
8010,99
8011,119
8012,119
8013,119
8014,119
8015,13
8016,13
8017,25
8018,25
8019,25
8020,26
8021,86
8022,86
8023,86
8024,86
8025,86
8026,86
8027,86
8028,86
8029,86
8030,86
8031,99
8032,99
8033,103
8034,"3,121"
8035,"3,121"
8036,"3,121"
8037,"32,33"
8038,"32,33"
8039,"32,33"
8040,"32,33"
8041,"32,33"
8042,59
8043,98
8044,98
8045,98
8046,98
8047,98
8048,98
8049,"0,11"
8050,"1,44"
8051,"1,44"
8052,"1,24,31,48"
8053,"1,24,31,48"
8054,"1,44"
8055,"1,24,31,48"
8056,"1,44"
8057,"1,44"
8058,2
8059,2
8060,"3,121"
8061,"3,121"
8062,"3,121"
8063,"3,121"
8064,"3,121"
8065,"3,121"
8066,"3,121"
8067,"3,121"
8068,4
8069,4
8070,4
8071,"5,11"
8072,"5,10"
8073,"5,10"
8074,"5,10"
8075,"5,8"
8076,"5,11"
8077,"5,9"
8078,"6,37"
8079,"6,14"
8080,"6,40"
8081,"6,14"
8082,"6,40"
8083,"6,37"
8084,"6,37"
8085,"6,37"
8086,"6,37"
8087,"6,37"
8088,"6,40"
8089,7
8090,7
8091,"7,44"
8092,"7,44"
8093,7
8094,9
8095,11
8096,12
8097,"12,13"
8098,"12,13"
8099,"12,13"
8100,"12,13"
8101,"12,13"
8102,"12,13"
8103,12
8104,"12,13"
8105,"12,13"
8106,"12,13"
8107,"12,13"
8108,"12,13"
8109,"12,13"
8110,13
8111,13
8112,13
8113,13
8114,13
8115,13
8116,13
8117,13
8118,13
8119,13
8120,13
8121,14
8122,14
8123,14
8124,"15,16"
8125,"15,16"
8126,15
8127,15
8128,"15,16"
8129,15
8130,15
8131,15
8132,16
8133,18
8134,18
8135,18
8136,18
8137,18
8138,18
8139,18
8140,18
8141,19
8142,20
8143,20
8144,21
8145,22
8146,"22,80"
8147,22
8148,22
8149,"22,80"
8150,22
8151,"23,29"
8152,25
8153,25
8154,25
8155,25
8156,25
8157,25
8158,25
8159,25
8160,25
8161,26
8162,26
8163,26
8164,26
8165,26
8166,26
8167,26
8168,26
8169,26
8170,26
8171,26
8172,26
8173,26
8174,26
8175,26
8176,26
8177,26
8178,26
8179,26
8180,29
8181,29
8182,29
8183,29
8184,29
8185,29
8186,29
8187,29
8188,30
8189,30
8190,"32,33"
8191,32
8192,32
8193,33
8194,33
8195,33
8196,33
8197,33
8198,34
8199,42
8200,42
8201,42
8202,42
8203,47
8204,47
8205,48
8206,49
8207,49
8208,49
8209,51
8210,54
8211,56
8212,57
8213,57
8214,57
8215,57
8216,57
8217,57
8218,57
8219,"58,104"
8220,58
8221,58
8222,58
8223,58
8224,"58,104"
8225,58
8226,"58,104"
8227,59
8228,59
8229,60
8230,63
8231,66
8232,67
8233,78
8234,78
8235,81
8236,82
8237,82
8238,82
8239,83
8240,85
8241,85
8242,86
8243,86
8244,86
8245,86
8246,86
8247,86
8248,86
8249,87
8250,89
8251,89
8252,91
8253,91
8254,92
8255,92
8256,93
8257,93
8258,93
8259,97
8260,97
8261,97
8262,97
8263,97
8264,97
8265,98
8266,98
8267,98
8268,98
8269,98
8270,98
8271,98
8272,98
8273,98
8274,98
8275,98
8276,98
8277,98
8278,98
8279,98
8280,98
8281,98
8282,98
8283,99
8284,99
8285,99
8286,99
8287,99
8288,99
8289,99
8290,99
8291,99
8292,99
8293,99
8294,99
8295,101
8296,103
8297,103
8298,104
8299,104
8300,104
8301,104
8302,111
8303,119
8304,119
8305,119
8306,119
8307,119
8308,14
8309,14
8310,14
8311,14
8312,14
8313,15
8314,18
8315,18
8316,18
8317,18
8318,19
8319,19
8320,53
8321,53
8322,88
8323,89
8324,90
8325,90
8326,90
8327,93
8328,94
8329,100
8330,100
8331,101
8332,105
8333,110
8334,"6,9"
8335,"6,8"
8336,"6,8"
8337,"6,14"
8338,"6,40"
8339,"6,40"
8340,"6,14"
8341,9
8342,25
8343,25
8344,25
8345,26
8346,26
8347,26
8348,26
8349,26
8350,26
8351,26
8352,26
8353,27
8354,30
8355,34
8356,34
8357,34
8358,36
8359,42
8360,"45,55"
8361,49
8362,51
8363,56
8364,56
8365,57
8366,57
8367,57
8368,57
8369,57
8370,57
8371,79
8372,79
8373,81
8374,81
8375,82
8376,82
8377,93
8378,93
8379,93
8380,93
8381,94
8382,94
8383,94
8384,94
8385,94
8386,119
8387,"6,14"
8388,"6,14"
8389,"12,13"
8390,"12,13"
8391,"12,13"
8392,58
8393,58
8394,58
8395,58
8396,98
8397,98
8398,98
8399,98
8400,98
8401,98
8402,56
8403,56
8404,79
8405,79
8406,79
8407,79
8408,79
8409,79
8410,81
8411,81
8412,81
8413,81
8414,81
8415,98
8416,98
8417,98
8418,98
8419,56
8420,56
8421,"58,104"
8422,"58,104"
8423,"58,104"
8424,93
8425,93
8426,94
8427,99
8428,99
8429,99
8430,101
8431,20
8432,20
8433,20
8434,107
8435,107
8436,107
8437,107
8438,109
8439,112
8440,112
8441,112
8442,112
8443,112
8444,115
8445,115
8446,115
8447,122
8448,122
8449,122
8450,"3,64"
8451,14
8452,56
8453,56
8454,79
8455,79
8456,79
8457,81
8458,81
8459,81
8460,81
8461,81
8462,"5,8"
8463,"6,65"
8464,"6,40"
8465,"6,8"
8466,"6,8"
8467,"6,9"
8468,"6,11"
8469,"6,10"
8470,"6,10"
8471,7
8472,"7,44"
8473,32
8474,34
8475,96
8476,96
8477,"1,24,44"
8478,"1,24,31,48"
8479,30
8480,32
8481,32
8482,33
8483,33
8484,33
8485,33
8486,51
8487,60
8488,32
8489,32
8490,32
8491,33
8492,33
8493,33
8494,"45,55"
8495,"45,55"
8496,46
8497,79
8498,79
8499,79
8500,"1,24,44"
8501,30
8502,32
8503,32
8504,32
8505,32
8506,32
8507,33
8508,33
8509,33
8510,33
8511,33
8512,33
8513,33
8514,51
8515,51
8516,51
8517,60
8518,"1,24,31,48"
8519,"1,24,44"
8520,30
8521,30
8522,32
8523,32
8524,32
8525,33
8526,33
8527,51
8528,60
8529,"1,24,44"
8530,"1,24,31,48"
8531,"1,24,31"
8532,8
8533,8
8534,9
8535,9
8536,30
8537,32
8538,32
8539,32
8540,"1,24,44"
8541,"1,24,44"
8542,"1,24,44"
8543,30
8544,32
8545,32
8546,32
8547,33
8548,33
8549,33
8550,33
8551,33
8552,51
8553,51
8554,60
8555,60
8556,60
8557,"1,24,31,48"
8558,"1,24,31,48"
8559,"1,24,31,48"
8560,30
8561,32
8562,32
8563,33
8564,33
8565,33
8566,47
8567,51
8568,60
8569,60
8570,60
8571,"1,24,31,48"
8572,"1,24,31,48"
8573,"1,24,31,48"
8574,"1,24,31,48"
8575,"1,24,31,48"
8576,"1,24,44"
8577,"1,24,44"
8578,"1,24,31,48"
8579,"1,24,31,48"
8580,"1,24,31,48"
8581,"1,24,31,48"
8582,"1,24,31,48"
8583,32
8584,32
8585,33
8586,33
8587,33
8588,33
8589,33
8590,33
8591,47
8592,51
8593,51
8594,51
8595,60
8596,"1,24,31,48"
8597,"1,24,44"
8598,"1,24,31,48"
8599,30
8600,32
8601,32
8602,33
8603,33
8604,33
8605,33
8606,51
8607,60
8608,60
8609,60
8610,7
8611,7
8612,7
8613,7
8614,"7,44"
8615,"7,44"
8616,30
8617,38
8618,"1,24,31"
8619,"1,31,49"
8620,"1,31,49"
8621,"1,44"
8622,7
8623,7
8624,7
8625,7
8626,"7,44"
8627,8
8628,8
8629,8
8630,9
8631,9
8632,9
8633,9
8634,9
8635,30
8636,32
8637,32
8638,"1,24,44"
8639,30
8640,32
8641,32
8642,32
8643,33
8644,33
8645,33
8646,33
8647,51
8648,60
8649,60
8650,60
8651,60
8652,60
8653,60
8654,"1,24,31,48"
8655,"1,24,31,48"
8656,"1,24,31,48"
8657,30
8658,30
8659,32
8660,32
8661,32
8662,33
8663,51
8664,51
8665,51
8666,51
8667,51
8668,60
8669,60
8670,60
8671,60
8672,60
8673,60
8674,"1,24,44"
8675,30
8676,32
8677,32
8678,33
8679,33
8680,33
8681,33
8682,33
8683,51
8684,60
8685,60
8686,60
8687,60
8688,60
8689,60
8690,60
8691,60
8692,"1,44"
8693,"1,31,49"
8694,7
8695,7
8696,7
8697,9
8698,11
8699,30
8700,30
8701,32
8702,30
8703,32
8704,32
8705,32
8706,32
8707,33
8708,33
8709,33
8710,33
8711,33
8712,51
8713,51
8714,51
8715,60
8716,"1,24,44"
8717,30
8718,"6,14"
8719,"12,13"
8720,"12,13"
8721,14
8722,49
8723,98
8724,98
8725,98
8726,98
8727,98
8728,98
8729,98
8730,49
8731,98
8732,98
8733,98
8734,98
8735,98
8736,98
8737,98
8738,98
8739,98
8740,98
8741,"6,14"
8742,14
8743,98
8744,98
8745,98
8746,98
8747,98
8748,98
8749,98
8750,"6,40"
8751,49
8752,98
8753,98
8754,98
8755,98
8756,98
8757,98
8758,98
8759,98
8760,98
8761,98
8762,98
8763,98
8764,98
8765,98
8766,49
8767,98
8768,98
8769,98
8770,98
8771,98
8772,"6,40"
8773,14
8774,49
8775,98
8776,98
8777,98
8778,98
8779,98
8780,98
8781,98
8782,98
8783,98
8784,98
8785,98
8786,98
8787,98
8788,98
8789,98
8790,98
8791,98
8792,98
8793,98
8794,98
8795,98
8796,98
8797,98
8798,98
8799,98
8800,98
8801,98
8802,49
8803,98
8804,98
8805,98
8806,98
8807,98
8808,98
8809,18
8810,49
8811,98
8812,98
8813,98
8814,98
8815,98
8816,98
8817,14
8818,49
8819,98
8820,98
8821,98
8822,98
8823,98
8824,98
8825,98
8826,98
8827,98
8828,18
8829,98
8830,98
8831,98
8832,98
8833,98
8834,98
8835,98
8836,98
8837,98
8838,98
8839,98
8840,"6,14"
8841,49
8842,49
8843,49
8844,98
8845,98
8846,98
8847,98
8848,98
8849,98
8850,34
8851,98
8852,98
8853,98
8854,98
8855,98
8856,34
8857,98
8858,98
8859,98
8860,98
8861,"6,40"
8862,34
8863,98
8864,98
8865,98
8866,98
8867,98
8868,98
8869,98
8870,98
8871,98
8872,98
8873,34
8874,49
8875,98
8876,98
8877,34
8878,34
8879,98
8880,98
8881,98
8882,98
8883,98
8884,98
8885,98
8886,98
8887,49
8888,98
8889,98
8890,98
8891,98
8892,98
8893,98
8894,34
8895,49
8896,98
8897,98
8898,98
8899,98
8900,98
8901,98
8902,98
8903,98
8904,98
8905,98
8906,98
8907,98
8908,98
8909,98
8910,34
8911,98
8912,98
8913,"6,40"
8914,49
8915,98
8916,98
8917,98
8918,98
8919,98
8920,49
8921,98
8922,98
8923,98
8924,98
8925,98
8926,34
8927,34
8928,98
8929,98
8930,98
8931,98
8932,98
8933,34
8934,34
8935,98
8936,98
8937,98
8938,49
8939,98
8940,98
8941,98
8942,98
8943,98
8944,34
8945,34
8946,49
8947,98
8948,98
8949,98
8950,98
8951,34
8952,98
8953,98
8954,98
8955,98
8956,98
8957,98
8958,98
8959,98
8960,98
8961,98
8962,98
8963,98
8964,34
8965,98
8966,98
8967,98
8968,98
8969,98
8970,98
8971,98
8972,98
8973,98
8974,98
8975,98
8976,98
8977,98
8978,34
8979,49
8980,98
8981,98
8982,98
8983,98
8984,98
8985,98
8986,"5,10"
8987,"6,9"
8988,18
8989,33
8990,88
8991,88
8992,94
8993,"5,9"
8994,"5,8"
8995,"5,9"
8996,"6,9"
8997,"5,8"
8998,"5,9"
8999,"5,11"
9000,18
9001,33
9002,33
9003,88
9004,88
9005,88
9006,88
9007,88
9008,88
9009,91
9010,91
9011,91
9012,92
9013,"5,9"
9014,18
9015,33
9016,33
9017,88
9018,91
9019,91
9020,91
9021,92
9022,92
9023,93
9024,94
9025,101
9026,"5,9"
9027,"5,8"
9028,"5,8"
9029,"5,8"
9030,"5,8"
9031,"6,14"
9032,18
9033,33
9034,33
9035,88
9036,88
9037,91
9038,91
9039,92
9040,94
9041,"5,10"
9042,18
9043,33
9044,88
9045,"5,8"
9046,"5,11"
9047,"5,8"
9048,"5,8"
9049,"5,11"
9050,"5,11"
9051,"5,11"
9052,"6,8"
9053,33
9054,33
9055,88
9056,88
9057,91
9058,91
9059,91
9060,91
9061,91
9062,91
9063,92
9064,92
9065,92
9066,92
9067,93
9068,33
9069,93
9070,93
9071,94
9072,94
9073,101
9074,"5,10"
9075,"5,9"
9076,33
9077,33
9078,94
9079,"5,9"
9080,"5,8"
9081,"5,10"
9082,"5,10"
9083,17
9084,18
9085,18
9086,18
9087,33
9088,87
9089,87
9090,88
9091,88
9092,88
9093,91
9094,91
9095,92
9096,92
9097,92
9098,92
9099,93
9100,93
9101,94
9102,94
9103,101
9104,"6,9"
9105,33
9106,33
9107,88
9108,92
9109,92
9110,94
9111,"5,11"
9112,"5,8"
9113,"5,10"
9114,"5,11"
9115,33
9116,33
9117,88
9118,91
9119,101
9120,17
9121,17
9122,19
9123,19
9124,"5,11"
9125,"5,11"
9126,"5,9"
9127,"6,9"
9128,17
9129,18
9130,33
9131,33
9132,87
9133,88
9134,88
9135,88
9136,92
9137,92
9138,87
9139,88
9140,91
9141,93
9142,94
9143,94
9144,94
9145,94
9146,33
9147,88
9148,91
9149,"5,8"
9150,"5,9"
9151,18
9152,18
9153,19
9154,33
9155,33
9156,33
9157,87
9158,91
9159,91
9160,93
9161,94
9162,94
9163,"5,8"
9164,"5,8"
9165,"5,11"
9166,"5,8"
9167,"5,10"
9168,"6,40"
9169,18
9170,33
9171,33
9172,92
9173,93
9174,94
9175,98
9176,98
9177,98
9178,98
9179,"0,9"
9180,"0,11"
9181,"0,11"
9182,0
9183,0
9184,0
9185,0
9186,"1,24,44"
9187,"1,31,49"
9188,"1,44"
9189,"1,44"
9190,"1,44"
9191,"1,44"
9192,"1,44"
9193,"1,44"
9194,2
9195,2
9196,2
9197,2
9198,2
9199,4
9200,4
9201,4
9202,4
9203,4
9204,4
9205,"5,10"
9206,"5,11"
9207,"5,10"
9208,"5,8"
9209,"5,11"
9210,"5,8"
9211,"5,9"
9212,"5,8"
9213,"5,10"
9214,"5,8"
9215,"5,10"
9216,"6,37"
9217,"6,37"
9218,7
9219,7
9220,7
9221,7
9222,7
9223,7
9224,7
9225,"7,44"
9226,8
9227,9
9228,9
9229,9
9230,12
9231,"12,13"
9232,"12,13"
9233,13
9234,13
9235,13
9236,13
9237,13
9238,13
9239,13
9240,13
9241,14
9242,14
9243,14
9244,14
9245,14
9246,14
9247,14
9248,14
9249,14
9250,14
9251,14
9252,14
9253,14
9254,"15,16"
9255,18
9256,19
9257,20
9258,20
9259,20
9260,20
9261,20
9262,21
9263,"22,80"
9264,"22,80"
9265,"22,80"
9266,25
9267,25
9268,25
9269,26
9270,27
9271,27
9272,29
9273,29
9274,29
9275,29
9276,29
9277,29
9278,29
9279,30
9280,30
9281,30
9282,30
9283,30
9284,32
9285,42
9286,42
9287,44
9288,"45,58"
9289,"45,58"
9290,"45,58"
9291,"45,58"
9292,"45,58"
9293,"45,58"
9294,"45,58"
9295,"45,58"
9296,48
9297,48
9298,48
9299,48
9300,48
9301,48
9302,48
9303,48
9304,48
9305,48
9306,48
9307,48
9308,49
9309,49
9310,49
9311,49
9312,49
9313,55
9314,55
9315,55
9316,55
9317,55
9318,55
9319,55
9320,57
9321,58
9322,59
9323,60
9324,61
9325,62
9326,66
9327,66
9328,78
9329,78
9330,78
9331,78
9332,78
9333,85
9334,85
9335,86
9336,86
9337,86
9338,89
9339,89
9340,89
9341,89
9342,89
9343,89
9344,89
9345,90
9346,92
9347,92
9348,93
9349,93
9350,94
9351,94
9352,95
9353,95
9354,95
9355,95
9356,95
9357,96
9358,97
9359,98
9360,98
9361,98
9362,98
9363,98
9364,98
9365,98
9366,98
9367,98
9368,98
9369,99
9370,99
9371,99
9372,99
9373,99
9374,99
9375,99
9376,99
9377,99
9378,99
9379,99
9380,99
9381,99
9382,99
9383,99
9384,99
9385,103
9386,103
9387,104
9388,119
9389,119
9390,"32,33"
9391,"32,33"
9392,"32,33"
9393,"32,33"
9394,"32,33"
9395,70
9396,19
9397,"32,33"
9398,"32,33"
9399,"32,33"
9400,"32,33"
9401,"32,33"
9402,70
9403,70
9404,18
9405,"32,33"
9406,"32,33"
9407,70
9408,70
9409,98
9410,98
9411,98
9412,"32,33"
9413,"32,33"
9414,"32,33"
9415,65
9416,"32,33"
9417,"32,33"
9418,"32,33"
9419,"32,33"
9420,"32,33"
9421,"32,33"
9422,"32,33"
9423,"32,33"
9424,70
9425,"32,33"
9426,"32,33"
9427,"32,33"
9428,"32,33"
9429,"32,33"
9430,"32,33"
9431,70
9432,"32,33"
9433,"32,33"
9434,"32,33"
9435,70
9436,70
9437,98
9438,98
9439,98
9440,98
9441,98
9442,98
9443,98
9444,98
9445,98
9446,98
9447,98
9448,98
9449,98
9450,"32,33"
9451,"32,33"
9452,98
9453,"32,33"
9454,70
9455,70
9456,70
9457,70
9458,98
9459,98
9460,98
9461,98
9462,"32,33"
9463,"32,33"
9464,"32,33"
9465,"32,33"
9466,"32,33"
9467,98
9468,98
9469,98
9470,"32,33"
9471,18
9472,"32,33"
9473,"32,33"
9474,"32,33"
9475,98
9476,98
9477,98
9478,98
9479,98
9480,98
9481,98
9482,98
9483,98
9484,98
9485,98
9486,98
9487,98
9488,98
9489,98
9490,"32,33"
9491,70
9492,70
9493,17
9494,18
9495,18
9496,18
9497,68
9498,99
9499,68
9500,68
9501,68
9502,68
9503,68
9504,68
9505,70
9506,70
9507,98
9508,98
9509,98
9510,"3,121"
9511,"3,121"
9512,"3,121"
9513,"3,121"
9514,"3,121"
9515,"3,121"
9516,"3,121"
9517,"3,121"
9518,30
9519,46
9520,48
9521,56
9522,59
9523,59
9524,59
9525,59
9526,59
9527,68
9528,75
9529,75
9530,75
9531,75
9532,76
9533,76
9534,81
9535,98
9536,98
9537,98
9538,98
9539,119
9540,119
9541,119
9542,119
9543,119
9544,119
9545,119
9546,119
9547,119
9548,"3,121"
9549,"3,121"
9550,"3,121"
9551,"3,121"
9552,"3,121"
9553,"3,121"
9554,30
9555,36
9556,38
9557,38
9558,38
9559,56
9560,56
9561,59
9562,59
9563,59
9564,63
9565,70
9566,70
9567,70
9568,70
9569,70
9570,75
9571,75
9572,76
9573,98
9574,98
9575,98
9576,99
9577,99
9578,99
9579,119
9580,119
9581,119
9582,119
9583,119
9584,119
9585,119
9586,"3,121"
9587,"3,121"
9588,"3,121"
9589,"3,121"
9590,"3,121"
9591,"3,121"
9592,"3,121"
9593,"3,121"
9594,"3,121"
9595,"3,121"
9596,"3,121"
9597,"3,121"
9598,"3,121"
9599,"3,121"
9600,"3,121"
9601,"3,121"
9602,30
9603,30
9604,30
9605,30
9606,30
9607,30
9608,36
9609,36
9610,44
9611,44
9612,44
9613,44
9614,44
9615,46
9616,46
9617,56
9618,56
9619,56
9620,56
9621,63
9622,74
9623,75
9624,76
9625,76
9626,76
9627,82
9628,98
9629,98
9630,98
9631,98
9632,98
9633,98
9634,98
9635,98
9636,98
9637,99
9638,99
9639,99
9640,99
9641,99
9642,99
9643,99
9644,99
9645,106
9646,106
9647,106
9648,30
9649,30
9650,30
9651,"32,33"
9652,55
9653,56
9654,56
9655,59
9656,59
9657,68
9658,68
9659,68
9660,68
9661,70
9662,70
9663,75
9664,75
9665,97
9666,97
9667,99
9668,99
9669,99
9670,119
9671,119
9672,119
9673,119
9674,30
9675,30
9676,30
9677,30
9678,"31,39,49"
9679,31
9680,39
9681,46
9682,49
9683,56
9684,70
9685,70
9686,70
9687,70
9688,70
9689,74
9690,74
9691,74
9692,75
9693,98
9694,98
9695,98
9696,99
9697,99
9698,99
9699,99
9700,"3,121"
9701,"3,121"
9702,"3,121"
9703,"3,121"
9704,"3,121"
9705,"3,121"
9706,"3,121"
9707,"3,121"
9708,30
9709,"32,33"
9710,"32,33"
9711,42
9712,"45,55"
9713,46
9714,46
9715,56
9716,56
9717,56
9718,56
9719,59
9720,59
9721,59
9722,68
9723,68
9724,70
9725,70
9726,70
9727,76
9728,82
9729,98
9730,98
9731,98
9732,98
9733,99
9734,99
9735,99
9736,99
9737,106
9738,106
9739,106
9740,106
9741,106
9742,106
9743,119
9744,119
9745,119
9746,119
9747,"3,121"
9748,"3,121"
9749,"3,121"
9750,"3,121"
9751,"3,121"
9752,"3,121"
9753,30
9754,30
9755,30
9756,56
9757,56
9758,68
9759,68
9760,70
9761,70
9762,70
9763,75
9764,97
9765,97
9766,97
9767,98
9768,98
9769,98
9770,98
9771,"32,33"
9772,46
9773,46
9774,56
9775,56
9776,68
9777,68
9778,70
9779,75
9780,99
9781,99
9782,"3,121"
9783,"3,121"
9784,"3,121"
9785,"3,121"
9786,"3,121"
9787,"3,121"
9788,"32,33"
9789,46
9790,46
9791,46
9792,46
9793,56
9794,56
9795,56
9796,68
9797,68
9798,98
9799,98
9800,98
9801,98
9802,98
9803,98
9804,"3,121"
9805,"3,121"
9806,30
9807,30
9808,30
9809,56
9810,97
9811,97
9812,97
9813,119
9814,119
9815,119
9816,119
9817,"3,121"
9818,"3,121"
9819,"3,121"
9820,"3,121"
9821,30
9822,30
9823,30
9824,"32,33"
9825,"32,33"
9826,38
9827,42
9828,46
9829,56
9830,59
9831,59
9832,59
9833,59
9834,70
9835,70
9836,70
9837,75
9838,76
9839,76
9840,98
9841,98
9842,98
9843,99
9844,99
9845,99
9846,99
9847,99
9848,99
9849,99
9850,119
9851,119
9852,119
9853,119
9854,119
9855,119
9856,119
9857,119
9858,119
9859,119
9860,119
9861,119
9862,119
9863,"3,121"
9864,56
9865,59
9866,59
9867,59
9868,68
9869,98
9870,98
9871,98
9872,99
9873,99
9874,99
9875,99
9876,119
9877,119
9878,119
9879,119
9880,119
9881,119
9882,36
9883,46
9884,59
9885,59
9886,59
9887,59
9888,68
9889,99
9890,99
9891,99
9892,99
9893,99
9894,99
9895,99
9896,106
9897,119
9898,119
9899,119
9900,119
9901,"3,121"
9902,"3,121"
9903,"3,121"
9904,38
9905,48
9906,68
9907,98
9908,98
9909,98
9910,98
9911,98
9912,99
9913,99
9914,"3,121"
9915,"3,121"
9916,"3,121"
9917,68
9918,68
9919,74
9920,96
9921,97
9922,97
9923,97
9924,98
9925,98
9926,98
9927,98
9928,98
9929,98
9930,98
9931,98
9932,98
9933,119
9934,119
9935,119
9936,119
9937,"3,121"
9938,"3,121"
9939,"3,121"
9940,"3,121"
9941,"3,121"
9942,"3,121"
9943,"3,121"
9944,"3,121"
9945,"3,121"
9946,"3,121"
9947,"3,121"
9948,"3,121"
9949,"3,121"
9950,"3,121"
9951,"3,121"
9952,"3,121"
9953,30
9954,30
9955,30
9956,"31,39,44,49"
9957,46
9958,48
9959,48
9960,48
9961,48
9962,48
9963,48
9964,48
9965,48
9966,48
9967,48
9968,48
9969,48
9970,48
9971,59
9972,59
9973,59
9974,59
9975,68
9976,98
9977,98
9978,98
9979,98
9980,98
9981,98
9982,98
9983,98
9984,98
9985,98
9986,98
9987,98
9988,98
9989,98
9990,99
9991,99
9992,99
9993,99
9994,119
9995,119
9996,119
9997,119
9998,119
9999,119
10000,119
10001,119
10002,30
10003,68
10004,98
10005,98
10006,98
10007,"32,33"
10008,"32,33"
10009,"32,33"
10010,98
10011,98
10012,98
10013,98
10014,98
10015,98
10016,52
10017,52
10018,52
10019,52
10020,52
10021,52
10022,52
10023,52
10024,52
10025,52
10026,52
10027,52
10028,99
10029,36
10030,46
10031,56
10032,59
10033,70
10034,81
10035,98
10036,98
10037,98
10038,99
10039,119
10040,119
10041,119
10042,"3,121"
10043,"3,121"
10044,"3,121"
10045,46
10046,56
10047,56
10048,59
10049,59
10050,59
10051,59
10052,59
10053,59
10054,98
10055,119
10056,119
10057,68
10058,98
10059,98
10060,98
10061,99
10062,99
10063,99
10064,"3,121"
10065,"3,121"
10066,"3,121"
10067,"3,121"
10068,59
10069,59
10070,98
10071,98
10072,98
10073,98
10074,98
10075,98
10076,98
10077,98
10078,98
10079,98
10080,99
10081,99
10082,99
10083,119
10084,119
10085,119
10086,119
10087,119
10088,119
10089,"3,121"
10090,"3,121"
10091,"30,39,44,48"
10092,46
10093,59
10094,98
10095,98
10096,98
10097,119
10098,119
10099,119
10100,119
10101,119
10102,"3,121"
10103,"3,121"
10104,"3,121"
10105,30
10106,39
10107,46
10108,59
10109,59
10110,59
10111,98
10112,98
10113,98
10114,119
10115,119
10116,119
10117,119
10118,68
10119,36
10120,46
10121,56
10122,99
10123,"3,121"
10124,"3,121"
10125,"3,121"
10126,"3,121"
10127,"3,121"
10128,"3,121"
10129,"3,121"
10130,59
10131,98
10132,98
10133,98
10134,98
10135,98
10136,98
10137,98
10138,98
10139,98
10140,98
10141,98
10142,98
10143,98
10144,99
10145,99
10146,99
10147,119
10148,119
10149,119
10150,"3,121"
10151,"3,121"
10152,30
10153,98
10154,36
10155,56
10156,59
10157,59
10158,59
10159,98
10160,98
10161,98
10162,119
10163,119
10164,119
10165,119
10166,119
10167,119
10168,"3,121"
10169,"3,121"
10170,"3,121"
10171,"3,121"
10172,"3,121"
10173,46
10174,56
10175,98
10176,98
10177,98
10178,98
10179,98
10180,119
10181,119
10182,119
10183,119
10184,119
10185,119
10186,119
10187,"3,121"
10188,59
10189,59
10190,59
10191,98
10192,98
10193,98
10194,119
10195,119
10196,"3,121"
10197,"3,121"
10198,"3,121"
10199,"3,121"
10200,59
10201,59
10202,98
10203,98
10204,98
10205,99
10206,99
10207,99
10208,99
10209,99
10210,106
10211,106
10212,106
10213,119
10214,119
10215,119
10216,"3,121"
10217,"3,121"
10218,"3,121"
10219,119
10220,119
10221,56
10222,56
10223,59
10224,98
10225,98
10226,98
10227,99
10228,"3,121"
10229,"3,121"
10230,46
10231,56
10232,59
10233,98
10234,99
10235,99
10236,119
10237,119
10238,119
10239,119
10240,119
10241,119
10242,119
10243,"3,121"
10244,"3,121"
10245,"3,121"
10246,"3,121"
10247,"3,121"
10248,"3,121"
10249,"3,121"
10250,"3,121"
10251,"3,121"
10252,"3,121"
10253,"3,121"
10254,59
10255,59
10256,59
10257,59
10258,59
10259,98
10260,98
10261,98
10262,98
10263,98
10264,98
10265,98
10266,98
10267,99
10268,99
10269,99
10270,99
10271,99
10272,99
10273,119
10274,119
10275,119
10276,119
10277,98
10278,98
10279,98
10280,98
10281,98
10282,98
10283,20
10284,20
10285,96
10286,98
10287,98
10288,98
10289,98
10290,98
10291,98
10292,98
10293,98
10294,98
10295,98
10296,98
10297,98
10298,98
10299,98
10300,98
10301,96
10302,97
10303,98
10304,98
10305,98
10306,68
10307,98
10308,98
10309,98
10310,"3,121"
10311,59
10312,76
10313,98
10314,98
10315,119
10316,119
10317,119
10318,58
10319,58
10320,58
10321,58
10322,58
10323,58
10324,58
10325,58
10326,58
10327,58
10328,58
10329,58
10330,58
10331,58
10332,58
10333,58
10334,58
10335,58
10336,58
10337,58
10338,58
10339,58
10340,58
10341,58
10342,58
10343,58
10344,58
10345,58
10346,58
10347,58
10348,58
10349,58
10350,58
10351,58
10352,58
10353,58
10354,58
10355,32
10356,58
10357,58
10358,58
10359,58
10360,58
10361,58
10362,58
10363,58
10364,58
10365,58
10366,58
10367,32
10368,32
10369,58
10370,58
10371,58
10372,58
10373,58
10374,58
10375,58
10376,58
10377,58
10378,58
10379,58
10380,58
10381,58
10382,58
10383,58
10384,58
10385,58
10386,58
10387,58
10388,58
10389,58
10390,18
10391,18
10392,30
10393,30
10394,44
10395,83
10396,98
10397,98
10398,98
10399,98
10400,98
10401,98
10402,98
10403,98
10404,98
10405,98
10406,98
10407,98
10408,98
10409,98
10410,98
10411,98
10412,"5,10"
10413,17
10414,18
10415,18
10416,32
10417,"32,33"
10418,"32,33"
10419,98
10420,98
10421,98
10422,98
10423,98
10424,98
10425,98
10426,98
10427,98
10428,32
10429,"32,33"
10430,"32,33"
10431,"32,33"
10432,84
10433,98
10434,98
10435,98
10436,98
10437,98
10438,98
10439,98
10440,98
10441,98
10442,98
10443,98
10444,98
10445,98
10446,98
10447,98
10448,98
10449,"5,8"
10450,17
10451,"32,33"
10452,"32,33"
10453,"32,33"
10454,"32,33"
10455,83
10456,83
10457,83
10458,85
10459,85
10460,98
10461,98
10462,98
10463,98
10464,98
10465,98
10466,98
10467,98
10468,98
10469,98
10470,"5,8"
10471,"5,10"
10472,"5,8"
10473,"5,8"
10474,"5,8"
10475,17
10476,17
10477,18
10478,18
10479,84
10480,84
10481,84
10482,85
10483,98
10484,98
10485,98
10486,98
10487,98
10488,98
10489,98
10490,98
10491,98
10492,98
10493,"5,11"
10494,"5,8"
10495,32
10496,98
10497,98
10498,98
10499,98
10500,98
10501,98
10502,98
10503,"5,8"
10504,"5,11"
10505,"5,11"
10506,"5,8"
10507,"5,8"
10508,"5,11"
10509,"5,10"
10510,"5,10"
10511,18
10512,18
10513,19
10514,19
10515,98
10516,98
10517,98
10518,98
10519,98
10520,98
10521,98
10522,98
10523,98
10524,98
10525,19
10526,98
10527,98
10528,98
10529,119
10530,119
10531,119
10532,119
10533,"5,8"
10534,"5,10"
10535,"5,11"
10536,"5,11"
10537,"5,8"
10538,17
10539,18
10540,18
10541,18
10542,19
10543,44
10544,"58,104"
10545,59
10546,59
10547,59
10548,59
10549,59
10550,98
10551,98
10552,98
10553,98
10554,98
10555,"5,11"
10556,17
10557,19
10558,30
10559,"32,33"
10560,"32,33"
10561,"32,33"
10562,"32,33"
10563,"32,33"
10564,"58,104"
10565,"58,104"
10566,"58,104"
10567,"58,104"
10568,"58,104"
10569,"58,104"
10570,59
10571,59
10572,59
10573,59
10574,84
10575,98
10576,98
10577,98
10578,98
10579,98
10580,119
10581,"5,8"
10582,"5,10"
10583,30
10584,30
10585,"58,104"
10586,"58,104"
10587,"58,104"
10588,"58,104"
10589,"58,104"
10590,"58,104"
10591,"58,104"
10592,"58,104"
10593,59
10594,59
10595,59
10596,59
10597,59
10598,59
10599,85
10600,96
10601,96
10602,96
10603,96
10604,96
10605,98
10606,98
10607,98
10608,98
10609,98
10610,119
10611,119
10612,119
10613,119
10614,"5,8"
10615,"5,8"
10616,"5,8"
10617,"5,8"
10618,"5,8"
10619,18
10620,"58,104"
10621,78
10622,78
10623,82
10624,98
10625,119
10626,119
10627,"5,8"
10628,"5,8"
10629,"5,10"
10630,"5,8"
10631,18
10632,18
10633,18
10634,30
10635,82
10636,96
10637,96
10638,98
10639,98
10640,98
10641,98
10642,98
10643,98
10644,98
10645,119
10646,18
10647,19
10648,"58,104"
10649,"58,104"
10650,"58,104"
10651,"58,104"
10652,"58,104"
10653,59
10654,59
10655,59
10656,59
10657,78
10658,98
10659,98
10660,98
10661,98
10662,119
10663,119
10664,119
10665,17
10666,18
10667,18
10668,30
10669,"58,104"
10670,59
10671,59
10672,96
10673,96
10674,98
10675,98
10676,98
10677,98
10678,98
10679,119
10680,119
10681,119
10682,119
10683,119
10684,"6,14"
10685,18
10686,"58,104"
10687,"58,104"
10688,"58,104"
10689,96
10690,96
10691,96
10692,96
10693,97
10694,97
10695,97
10696,98
10697,98
10698,98
10699,98
10700,119
10701,17
10702,18
10703,18
10704,18
10705,18
10706,"58,104"
10707,"58,104"
10708,"58,104"
10709,"58,104"
10710,"58,104"
10711,"58,104"
10712,98
10713,98
10714,98
10715,98
10716,"5,8"
10717,"58,104"
10718,"58,104"
10719,"58,104"
10720,78
10721,96
10722,96
10723,98
10724,98
10725,98
10726,98
10727,98
10728,119
10729,119
10730,"58,104"
10731,"58,104"
10732,"58,104"
10733,"58,104"
10734,97
10735,97
10736,98
10737,98
10738,98
10739,98
10740,17
10741,78
10742,78
10743,98
10744,98
10745,98
10746,119
10747,119
10748,"5,10"
10749,"5,8"
10750,"58,104"
10751,83
10752,84
10753,85
10754,119
10755,"6,14"
10756,"58,104"
10757,82
10758,98
10759,98
10760,98
10761,98
10762,119
10763,88
10764,90
10765,90
10766,90
10767,90
10768,93
10769,93
10770,94
10771,94
10772,94
10773,94
10774,101
10775,101
10776,7
10777,87
10778,89
10779,90
10780,93
10781,94
10782,101
10783,7
10784,88
10785,90
10786,101
10787,7
10788,89
10789,89
10790,90
10791,93
10792,93
10793,93
10794,94
10795,94
10796,94
10797,94
10798,7
10799,89
10800,89
10801,90
10802,93
10803,93
10804,7
10805,7
10806,7
10807,7
10808,7
10809,33
10810,33
10811,82
10812,88
10813,94
10814,97
10815,87
10816,90
10817,90
10818,93
10819,7
10820,7
10821,82
10822,93
10823,93
10824,94
10825,94
10826,7
10827,93
10828,94
10829,94
10830,94
10831,99
10832,99
10833,99
10834,99
10835,7
10836,7
10837,89
10838,89
10839,89
10840,94
10841,99
10842,99
10843,99
10844,99
10845,99
10846,99
10847,99
10848,101
10849,7
10850,93
10851,93
10852,94
10853,99
10854,99
10855,99
10856,7
10857,7
10858,90
10859,90
10860,99
10861,99
10862,99
10863,99
10864,99
10865,99
10866,99
10867,99
10868,99
10869,7
10870,7
10871,7
10872,88
10873,94
10874,99
10875,99
10876,99
10877,99
10878,99
10879,99
10880,7
10881,90
10882,90
10883,94
10884,99
10885,99
10886,99
10887,99
10888,99
10889,7
10890,89
10891,90
10892,93
10893,94
10894,99
10895,99
10896,99
10897,99
10898,99
10899,99
10900,99
10901,99
10902,99
10903,99
10904,7
10905,7
10906,88
10907,88
10908,101
10909,101
10910,90
10911,93
10912,94
10913,94
10914,99
10915,99
10916,99
10917,99
10918,99
10919,99
10920,99
10921,99
10922,99
10923,99
10924,101
10925,89
10926,89
10927,93
10928,99
10929,99
10930,99
10931,99
10932,99
10933,101
10934,7
10935,87
10936,93
10937,94
10938,99
10939,99
10940,99
10941,99
10942,99
10943,7
10944,89
10945,94
10946,99
10947,99
10948,89
10949,93
10950,99
10951,99
10952,99
10953,7
10954,93
10955,99
10956,99
10957,99
10958,99
10959,99
10960,99
10961,99
10962,7
10963,90
10964,99
10965,99
10966,44
10967,94
10968,99
10969,99
10970,99
10971,99
10972,99
10973,99
10974,90
10975,94
10976,94
10977,94
10978,99
10979,99
10980,90
10981,99
10982,99
10983,99
10984,99
10985,99
10986,7
10987,99
10988,99
10989,89
10990,89
10991,90
10992,99
10993,7
10994,93
10995,99
10996,7
10997,94
10998,99
10999,99
11000,99
11001,99
11002,90
11003,94
11004,99
11005,99
11006,7
11007,7
11008,101
11009,7
11010,7
11011,7
11012,99
11013,99
11014,7
11015,94
11016,99
11017,99
11018,90
11019,93
11020,99
11021,7
11022,89
11023,99
11024,99
11025,94
11026,94
11027,99
11028,101
11029,93
11030,99
11031,99
11032,89
11033,90
11034,99
11035,99
11036,93
11037,7
11038,99
11039,99
11040,94
11041,99
11042,99
11043,99
11044,99
11045,99
11046,99
11047,99
11048,"3,121"
11049,99
11050,119
11051,119
11052,7
11053,48
11054,82
11055,82
11056,82
11057,7
11058,89
11059,94
11060,"1,44"
11061,48
11062,82
11063,90
11064,38
11065,82
11066,82
11067,96
11068,96
11069,97
11070,97
11071,7
11072,38
11073,82
11074,33
11075,44
11076,44
11077,90
11078,"3,121"
11079,"3,121"
11080,98
11081,98
11082,98
11083,98
11084,98
11085,99
11086,119
11087,119
11088,"15,16"
11089,"15,16"
11090,18
11091,22
11092,26
11093,27
11094,29
11095,32
11096,38
11097,47
11098,55
11099,56
11100,78
11101,78
11102,79
11103,79
11104,89
11105,89
11106,92
11107,96
11108,"1,44"
11109,2
11110,4
11111,4
11112,"6,9"
11113,"6,9"
11114,"6,9"
11115,"6,65"
11116,"6,10"
11117,"6,14"
11118,"6,14"
11119,"7,44"
11120,"12,13"
11121,12
11122,14
11123,14
11124,"15,16"
11125,"15,16"
11126,"15,16"
11127,"15,16"
11128,17
11129,18
11130,20
11131,20
11132,20
11133,20
11134,"22,80"
11135,"23,29"
11136,"23,29"
11137,29
11138,29
11139,29
11140,29
11141,32
11142,32
11143,32
11144,33
11145,33
11146,34
11147,"34,35,46"
11148,44
11149,47
11150,47
11151,47
11152,47
11153,47
11154,47
11155,48
11156,49
11157,50
11158,50
11159,50
11160,50
11161,51
11162,51
11163,57
11164,57
11165,57
11166,58
11167,78
11168,81
11169,81
11170,81
11171,82
11172,86
11173,86
11174,86
11175,119
11176,"1,31,49"
11177,2
11178,"6,65"
11179,"6,65"
11180,"6,65"
11181,"6,65"
11182,"6,8"
11183,"6,8"
11184,"6,9"
11185,"6,11"
11186,"6,10"
11187,"6,9"
11188,"7,44"
11189,"7,44"
11190,"7,44"
11191,"7,44"
11192,58
11193,58
11194,58
11195,58
11196,59
11197,69
11198,69
11199,69
11200,69
11201,69
11202,69
11203,69
11204,69
11205,69
11206,69
11207,69
11208,69
11209,69
11210,69
11211,69
11212,69
11213,69
11214,69
11215,69
11216,69
11217,69
11218,59
11219,59
11220,59
11221,59
11222,59
11223,69
11224,59
11225,59
11226,69
11227,69
11228,69
11229,59
11230,69
11231,59
11232,59
11233,59
11234,59
11235,59
11236,59
11237,69
11238,69
11239,31
11240,39
11241,49
11242,69
11243,69
11244,69
11245,69
11246,69
11247,69
11248,69
11249,48
11250,48
11251,59
11252,59
11253,59
11254,59
11255,69
11256,59
11257,69
11258,69
11259,69
11260,69
11261,81
11262,81
11263,81
11264,33
11265,33
11266,97
11267,69
11268,69
11269,32
11270,38
11271,78
11272,81
11273,82
11274,82
11275,82
11276,32
11277,42
11278,42
11279,46
11280,32
11281,33
11282,78
11283,81
11284,81
11285,32
11286,32
11287,32
11288,78
11289,79
11290,79
11291,81
11292,82
11293,32
11294,32
11295,33
11296,"34,35,46"
11297,"34,35,46"
11298,78
11299,78
11300,81
11301,82
11302,82
11303,82
11304,32
11305,"34,35,46"
11306,38
11307,78
11308,32
11309,32
11310,42
11311,78
11312,79
11313,79
11314,79
11315,82
11316,32
11317,32
11318,78
11319,79
11320,32
11321,38
11322,42
11323,82
11324,82
11325,82
11326,82
11327,32
11328,32
11329,42
11330,46
11331,81
11332,81
11333,82
11334,32
11335,78
11336,78
11337,78
11338,82
11339,"1,24,31,48"
11340,32
11341,32
11342,33
11343,51
11344,51
11345,32
11346,78
11347,82
11348,32
11349,9
11350,11
11351,32
11352,"1,24,31"
11353,"1,24,31"
11354,8
11355,8
11356,8
11357,8
11358,8
11359,9
11360,11
11361,32
11362,32
11363,"1,31,49"
11364,"1,24,31,48"
11365,"1,44"
11366,"1,44"
11367,"1,44"
11368,"1,44"
11369,"1,44"
11370,9
11371,11
11372,11
11373,7
11374,32
11375,"1,44"
11376,7
11377,11
11378,11
11379,32
11380,32
11381,"1,44"
11382,"1,31,49"
11383,11
11384,32
11385,32
11386,"1,24,31,48"
11387,"1,24,31"
11388,8
11389,8
11390,8
11391,8
11392,8
11393,8
11394,9
11395,9
11396,9
11397,9
11398,9
11399,11
11400,11
11401,32
11402,32
11403,"1,44"
11404,8
11405,8
11406,9
11407,9
11408,9
11409,9
11410,9
11411,11
11412,"1,44"
11413,"7,44"
11414,8
11415,8
11416,8
11417,9
11418,9
11419,9
11420,9
11421,9
11422,9
11423,11
11424,11
11425,11
11426,"1,24,31,48"
11427,32
11428,"1,24,31,48"
11429,"1,44"
11430,9
11431,8
11432,9
11433,9
11434,32
11435,"1,44"
11436,"1,44"
11437,9
11438,9
11439,11
11440,11
11441,"1,44"
11442,"1,44"
11443,"1,44"
11444,7
11445,"1,24,31"
11446,"7,44"
11447,"7,44"
11448,11
11449,11
11450,9
11451,"1,44"
11452,8
11453,8
11454,9
11455,9
11456,8
11457,11
11458,9
11459,9
11460,11
11461,9
11462,9
11463,11
11464,32
11465,32
11466,7
11467,7
11468,18
11469,98
11470,98
11471,98
11472,32
11473,32
11474,33
11475,60
11476,60
11477,60
11478,60
11479,60
11480,60
11481,60
11482,60
11483,60
11484,60
11485,33
11486,51
11487,51
11488,60
11489,32
11490,32
11491,51
11492,51
11493,60
11494,60
11495,99
11496,99
11497,99
11498,32
11499,33
11500,60
11501,60
11502,60
11503,60
11504,60
11505,60
11506,60
11507,98
11508,32
11509,60
11510,60
11511,32
11512,32
11513,33
11514,32
11515,51
11516,51
11517,32
11518,51
11519,51
11520,60
11521,"37,55"
11522,32
11523,33
11524,51
11525,33
11526,33
11527,33
11528,60
11529,32
11530,51
11531,60
11532,32
11533,32
11534,33
11535,33
11536,60
11537,60
11538,60
11539,60
11540,60
11541,"0,9"
11542,"0,11"
11543,"1,44"
11544,2
11545,4
11546,4
11547,4
11548,"5,8"
11549,"5,9"
11550,"5,11"
11551,"5,9"
11552,"6,37"
11553,"6,14"
11554,9
11555,12
11556,13
11557,13
11558,13
11559,13
11560,14
11561,14
11562,14
11563,20
11564,20
11565,20
11566,20
11567,20
11568,20
11569,20
11570,"23,29"
11571,25
11572,25
11573,25
11574,25
11575,25
11576,26
11577,26
11578,26
11579,26
11580,26
11581,28
11582,29
11583,29
11584,29
11585,32
11586,"32,33"
11587,33
11588,38
11589,38
11590,38
11591,38
11592,38
11593,38
11594,38
11595,38
11596,42
11597,42
11598,42
11599,42
11600,42
11601,42
11602,44
11603,49
11604,55
11605,55
11606,55
11607,55
11608,55
11609,55
11610,55
11611,55
11612,55
11613,55
11614,55
11615,55
11616,55
11617,"58,104"
11618,60
11619,78
11620,78
11621,78
11622,78
11623,78
11624,80
11625,80
11626,80
11627,80
11628,80
11629,82
11630,82
11631,82
11632,82
11633,82
11634,86
11635,86
11636,86
11637,86
11638,98
11639,98
11640,98
11641,98
11642,98
11643,98
11644,98
11645,99
11646,104
11647,104
11648,104
11649,"0,11"
11650,"0,9"
11651,"0,9"
11652,2
11653,"3,121"
11654,4
11655,4
11656,4
11657,4
11658,4
11659,4
11660,4
11661,4
11662,"5,8"
11663,"5,10"
11664,"5,11"
11665,"6,37"
11666,12
11667,"12,13"
11668,"12,13"
11669,"12,13"
11670,13
11671,13
11672,13
11673,13
11674,14
11675,14
11676,14
11677,"15,16"
11678,"15,16"
11679,"15,16"
11680,16
11681,20
11682,"22,80"
11683,"23,29"
11684,25
11685,25
11686,25
11687,26
11688,26
11689,29
11690,29
11691,29
11692,38
11693,38
11694,38
11695,38
11696,38
11697,42
11698,42
11699,42
11700,42
11701,42
11702,42
11703,"45,58"
11704,"45,58"
11705,48
11706,48
11707,48
11708,55
11709,55
11710,"58,104"
11711,66
11712,67
11713,78
11714,78
11715,78
11716,78
11717,80
11718,80
11719,80
11720,80
11721,81
11722,82
11723,82
11724,82
11725,82
11726,82
11727,89
11728,89
11729,89
11730,89
11731,89
11732,89
11733,89
11734,89
11735,89
11736,91
11737,93
11738,94
11739,94
11740,98
11741,111
11742,111
11743,119
11744,119
11745,0
11746,"0,11"
11747,0
11748,0
11749,0
11750,"0,11"
11751,"1,44"
11752,"1,44"
11753,"1,44"
11754,"1,44"
11755,"1,44"
11756,"3,121"
11757,"3,121"
11758,"3,121"
11759,"3,121"
11760,"3,121"
11761,4
11762,4
11763,4
11764,4
11765,4
11766,4
11767,4
11768,"5,8"
11769,"5,9"
11770,"5,11"
11771,"5,9"
11772,"5,10"
11773,"6,37"
11774,"7,44"
11775,8
11776,12
11777,13
11778,13
11779,13
11780,13
11781,13
11782,13
11783,14
11784,14
11785,14
11786,14
11787,14
11788,14
11789,14
11790,14
11791,14
11792,14
11793,14
11794,14
11795,14
11796,14
11797,14
11798,14
11799,14
11800,14
11801,14
11802,14
11803,14
11804,14
11805,14
11806,14
11807,14
11808,14
11809,14
11810,14
11811,14
11812,14
11813,14
11814,14
11815,16
11816,18
11817,20
11818,"22,80"
11819,22
11820,"23,29"
11821,25
11822,25
11823,25
11824,26
11825,27
11826,27
11827,27
11828,29
11829,29
11830,29
11831,29
11832,29
11833,29
11834,29
11835,29
11836,30
11837,30
11838,30
11839,30
11840,30
11841,"32,33"
11842,33
11843,44
11844,44
11845,44
11846,44
11847,44
11848,"45,58"
11849,"45,58"
11850,48
11851,48
11852,48
11853,48
11854,48
11855,48
11856,48
11857,48
11858,48
11859,49
11860,49
11861,49
11862,49
11863,49
11864,55
11865,55
11866,55
11867,55
11868,55
11869,55
11870,57
11871,57
11872,"58,104"
11873,58
11874,66
11875,82
11876,86
11877,89
11878,89
11879,89
11880,89
11881,89
11882,89
11883,89
11884,89
11885,92
11886,93
11887,93
11888,95
11889,95
11890,95
11891,95
11892,95
11893,95
11894,95
11895,95
11896,104
11897,0
11898,0
11899,"0,11"
11900,0
11901,"1,44"
11902,"1,44"
11903,"1,44"
11904,2
11905,2
11906,"3,121"
11907,"3,121"
11908,4
11909,4
11910,4
11911,4
11912,4
11913,"5,8"
11914,"6,37"
11915,9
11916,11
11917,12
11918,13
11919,14
11920,14
11921,14
11922,14
11923,14
11924,18
11925,"22,80"
11926,25
11927,25
11928,25
11929,25
11930,26
11931,26
11932,26
11933,27
11934,29
11935,29
11936,29
11937,29
11938,29
11939,29
11940,29
11941,29
11942,29
11943,30
11944,30
11945,30
11946,30
11947,33
11948,44
11949,"45,58"
11950,"45,58"
11951,"45,58"
11952,"45,58"
11953,"45,58"
11954,"45,58"
11955,"45,58"
11956,"45,58"
11957,48
11958,48
11959,48
11960,48
11961,48
11962,48
11963,48
11964,48
11965,49
11966,49
11967,49
11968,49
11969,49
11970,55
11971,55
11972,55
11973,"58,104"
11974,78
11975,89
11976,89
11977,89
11978,89
11979,89
11980,89
11981,89
11982,89
11983,91
11984,92
11985,95
11986,95
11987,95
11988,95
11989,95
11990,95
11991,95
11992,103
11993,104
11994,104
11995,"0,11"
11996,"1,44"
11997,2
11998,4
11999,4
12000,4
12001,4
12002,4
12003,"5,9"
12004,"5,10"
12005,"6,37"
12006,"6,14"
12007,11
12008,14
12009,14
12010,15
12011,20
12012,"22,80"
12013,25
12014,25
12015,26
12016,29
12017,29
12018,29
12019,29
12020,38
12021,38
12022,38
12023,38
12024,38
12025,38
12026,42
12027,42
12028,42
12029,42
12030,"45,58"
12031,"45,58"
12032,"45,58"
12033,"45,58"
12034,"45,58"
12035,48
12036,55
12037,58
12038,"58,104"
12039,"58,104"
12040,"58,104"
12041,78
12042,78
12043,78
12044,78
12045,78
12046,78
12047,78
12048,80
12049,80
12050,80
12051,80
12052,82
12053,82
12054,82
12055,82
12056,82
12057,82
12058,92
12059,92
12060,95
12061,103
12062,104
12063,2
12064,2
12065,"3,121"
12066,"3,121"
12067,4
12068,4
12069,"5,10"
12070,"5,9"
12071,"5,9"
12072,"5,8"
12073,"6,37"
12074,"6,37"
12075,"6,37"
12076,"6,14"
12077,9
12078,13
12079,13
12080,13
12081,14
12082,14
12083,14
12084,14
12085,16
12086,18
12087,22
12088,"22,80"
12089,"22,80"
12090,25
12091,26
12092,27
12093,29
12094,29
12095,38
12096,38
12097,38
12098,38
12099,42
12100,42
12101,42
12102,42
12103,42
12104,42
12105,48
12106,48
12107,48
12108,48
12109,48
12110,48
12111,48
12112,48
12113,55
12114,55
12115,55
12116,57
12117,"58,104"
12118,60
12119,60
12120,66
12121,66
12122,78
12123,78
12124,78
12125,80
12126,80
12127,82
12128,82
12129,82
12130,82
12131,82
12132,82
12133,86
12134,89
12135,89
12136,89
12137,89
12138,89
12139,89
12140,89
12141,89
12142,89
12143,89
12144,89
12145,89
12146,89
12147,89
12148,89
12149,89
12150,91
12151,98
12152,104
12153,104
12154,119
12155,119
12156,119
12157,119
12158,119
12159,119
12160,119
12161,"0,11"
12162,"1,44"
12163,2
12164,2
12165,2
12166,2
12167,"3,121"
12168,4
12169,"5,9"
12170,"5,9"
12171,"5,9"
12172,"6,37"
12173,"6,37"
12174,"6,37"
12175,"6,14"
12176,"6,14"
12177,7
12178,12
12179,13
12180,13
12181,14
12182,14
12183,14
12184,15
12185,"15,16"
12186,20
12187,22
12188,25
12189,25
12190,25
12191,25
12192,25
12193,26
12194,26
12195,26
12196,26
12197,26
12198,26
12199,26
12200,29
12201,29
12202,"29,49"
12203,29
12204,38
12205,38
12206,38
12207,38
12208,38
12209,42
12210,42
12211,42
12212,42
12213,44
12214,55
12215,57
12216,78
12217,78
12218,78
12219,78
12220,78
12221,80
12222,81
12223,82
12224,82
12225,82
12226,82
12227,86
12228,86
12229,86
12230,86
12231,86
12232,86
12233,86
12234,89
12235,89
12236,89
12237,89
12238,89
12239,89
12240,91
12241,93
12242,98
12243,104
12244,104
12245,"0,11"
12246,2
12247,4
12248,4
12249,4
12250,"6,37"
12251,"6,37"
12252,"6,37"
12253,"6,37"
12254,12
12255,13
12256,13
12257,14
12258,14
12259,"15,16"
12260,21
12261,"22,80"
12262,25
12263,26
12264,27
12265,29
12266,29
12267,29
12268,29
12269,29
12270,29
12271,33
12272,38
12273,38
12274,38
12275,38
12276,42
12277,42
12278,42
12279,"45,58"
12280,57
12281,58
12282,58
12283,"58,104"
12284,67
12285,78
12286,78
12287,78
12288,78
12289,78
12290,80
12291,82
12292,82
12293,82
12294,82
12295,82
12296,82
12297,82
12298,82
12299,82
12300,82
12301,86
12302,86
12303,86
12304,86
12305,91
12306,95
12307,95
12308,95
12309,104
12310,104
12311,104
12312,"0,9"
12313,2
12314,"3,121"
12315,"3,121"
12316,4
12317,4
12318,"5,8"
12319,"5,8"
12320,"6,37"
12321,9
12322,9
12323,9
12324,9
12325,11
12326,12
12327,13
12328,13
12329,13
12330,14
12331,15
12332,"15,16"
12333,"22,80"
12334,"22,80"
12335,"22,80"
12336,"23,29"
12337,25
12338,25
12339,25
12340,25
12341,25
12342,25
12343,25
12344,25
12345,27
12346,29
12347,29
12348,29
12349,32
12350,33
12351,38
12352,38
12353,38
12354,38
12355,42
12356,42
12357,57
12358,58
12359,"58,104"
12360,78
12361,78
12362,78
12363,78
12364,78
12365,80
12366,82
12367,82
12368,92
12369,93
12370,95
12371,95
12372,95
12373,98
12374,99
12375,99
12376,99
12377,104
12378,"0,11"
12379,0
12380,"0,11"
12381,0
12382,"1,44"
12383,"3,121"
12384,"3,121"
12385,4
12386,4
12387,4
12388,4
12389,"5,11"
12390,"5,10"
12391,"5,11"
12392,"5,8"
12393,12
12394,13
12395,13
12396,14
12397,14
12398,14
12399,15
12400,17
12401,22
12402,"23,29"
12403,25
12404,26
12405,26
12406,27
12407,29
12408,29
12409,29
12410,29
12411,30
12412,30
12413,30
12414,30
12415,30
12416,30
12417,30
12418,30
12419,44
12420,48
12421,48
12422,48
12423,48
12424,48
12425,49
12426,49
12427,49
12428,49
12429,49
12430,55
12431,57
12432,58
12433,"58,104"
12434,60
12435,60
12436,94
12437,95
12438,95
12439,95
12440,97
12441,104
12442,104
12443,119
12444,0
12445,0
12446,0
12447,"1,44"
12448,4
12449,4
12450,"5,8"
12451,"5,8"
12452,"5,11"
12453,"5,11"
12454,12
12455,13
12456,13
12457,13
12458,14
12459,14
12460,14
12461,14
12462,14
12463,14
12464,14
12465,14
12466,14
12467,"15,16"
12468,18
12469,20
12470,"22,80"
12471,25
12472,25
12473,25
12474,26
12475,26
12476,29
12477,29
12478,30
12479,30
12480,30
12481,30
12482,44
12483,44
12484,44
12485,"45,58"
12486,"45,58"
12487,"45,58"
12488,"45,58"
12489,48
12490,48
12491,48
12492,48
12493,48
12494,48
12495,49
12496,49
12497,55
12498,57
12499,86
12500,86
12501,86
12502,91
12503,95
12504,95
12505,99
12506,99
12507,99
12508,99
12509,99
12510,2
12511,"3,121"
12512,4
12513,"5,8"
12514,"5,11"
12515,"5,11"
12516,"5,9"
12517,"6,9"
12518,"6,37"
12519,"6,37"
12520,"6,37"
12521,"6,37"
12522,12
12523,14
12524,"15,16"
12525,"15,16"
12526,18
12527,25
12528,25
12529,25
12530,26
12531,29
12532,29
12533,32
12534,38
12535,38
12536,42
12537,42
12538,42
12539,42
12540,42
12541,42
12542,42
12543,"45,58"
12544,"45,58"
12545,"45,58"
12546,57
12547,"58,104"
12548,58
12549,60
12550,67
12551,78
12552,78
12553,80
12554,80
12555,80
12556,82
12557,82
12558,82
12559,89
12560,89
12561,89
12562,89
12563,89
12564,89
12565,93
12566,95
12567,95
12568,95
12569,99
12570,104
12571,119
12572,119
12573,"0,11"
12574,"0,9"
12575,2
12576,4
12577,"5,10"
12578,"6,37"
12579,"6,37"
12580,"6,37"
12581,"6,37"
12582,"6,14"
12583,12
12584,13
12585,13
12586,13
12587,14
12588,14
12589,16
12590,25
12591,26
12592,26
12593,26
12594,27
12595,27
12596,29
12597,29
12598,29
12599,29
12600,32
12601,38
12602,38
12603,38
12604,38
12605,38
12606,42
12607,42
12608,42
12609,42
12610,"45,58"
12611,48
12612,48
12613,48
12614,60
12615,78
12616,78
12617,78
12618,78
12619,80
12620,82
12621,86
12622,93
12623,119
12624,"1,44"
12625,"3,121"
12626,"5,10"
12627,"5,11"
12628,"6,37"
12629,9
12630,12
12631,13
12632,13
12633,13
12634,13
12635,"15,16"
12636,20
12637,20
12638,"22,80"
12639,26
12640,26
12641,26
12642,29
12643,29
12644,29
12645,29
12646,29
12647,29
12648,32
12649,32
12650,38
12651,38
12652,38
12653,42
12654,42
12655,42
12656,42
12657,48
12658,57
12659,58
12660,58
12661,58
12662,60
12663,78
12664,78
12665,78
12666,78
12667,80
12668,82
12669,82
12670,82
12671,82
12672,89
12673,89
12674,89
12675,89
12676,89
12677,89
12678,89
12679,89
12680,89
12681,89
12682,89
12683,89
12684,89
12685,89
12686,89
12687,92
12688,95
12689,95
12690,95
12691,95
12692,95
12693,95
12694,95
12695,103
12696,104
12697,104
12698,4
12699,"5,10"
12700,"6,14"
12701,8
12702,8
12703,11
12704,12
12705,13
12706,14
12707,15
12708,16
12709,"17,29"
12710,18
12711,20
12712,22
12713,25
12714,25
12715,26
12716,26
12717,27
12718,29
12719,29
12720,32
12721,38
12722,38
12723,38
12724,38
12725,38
12726,42
12727,42
12728,"45,58"
12729,"45,58"
12730,48
12731,48
12732,48
12733,48
12734,58
12735,58
12736,58
12737,"58,104"
12738,"58,104"
12739,"58,104"
12740,"58,104"
12741,78
12742,78
12743,78
12744,78
12745,80
12746,93
12747,"0,11"
12748,0
12749,0
12750,"0,11"
12751,"0,11"
12752,0
12753,0
12754,"1,44"
12755,"1,44"
12756,"1,44"
12757,2
12758,2
12759,"3,121"
12760,4
12761,4
12762,4
12763,4
12764,"5,10"
12765,"5,10"
12766,"6,37"
12767,"6,37"
12768,"6,37"
12769,"6,37"
12770,"6,37"
12771,11
12772,12
12773,13
12774,13
12775,13
12776,13
12777,14
12778,14
12779,14
12780,"15,16"
12781,15
12782,15
12783,18
12784,20
12785,"22,80"
12786,25
12787,26
12788,26
12789,29
12790,29
12791,29
12792,29
12793,29
12794,29
12795,30
12796,30
12797,30
12798,44
12799,44
12800,44
12801,"45,58"
12802,"45,58"
12803,48
12804,48
12805,48
12806,48
12807,48
12808,48
12809,49
12810,49
12811,49
12812,49
12813,49
12814,49
12815,49
12816,49
12817,49
12818,49
12819,55
12820,55
12821,57
12822,"58,104"
12823,66
12824,79
12825,92
12826,94
12827,98
12828,98
12829,98
12830,99
12831,99
12832,99
12833,99
12834,104
12835,2
12836,2
12837,2
12838,"3,121"
12839,"3,121"
12840,"3,121"
12841,"3,121"
12842,"3,121"
12843,"3,121"
12844,"5,11"
12845,"5,9"
12846,"6,37"
12847,"6,37"
12848,11
12849,12
12850,14
12851,14
12852,15
12853,15
12854,18
12855,20
12856,20
12857,22
12858,"22,80"
12859,"22,80"
12860,25
12861,25
12862,25
12863,25
12864,25
12865,26
12866,26
12867,26
12868,26
12869,29
12870,29
12871,29
12872,29
12873,29
12874,29
12875,38
12876,38
12877,38
12878,42
12879,42
12880,42
12881,42
12882,42
12883,42
12884,"45,58"
12885,"45,58"
12886,"45,58"
12887,"45,58"
12888,"45,58"
12889,"45,58"
12890,"45,58"
12891,"45,58"
12892,"45,58"
12893,"45,58"
12894,48
12895,48
12896,57
12897,"58,104"
12898,78
12899,78
12900,82
12901,86
12902,86
12903,86
12904,92
12905,94
12906,98
12907,103
12908,104
12909,119
12910,119
12911,119
12912,119
12913,0
12914,"1,44"
12915,2
12916,4
12917,4
12918,4
12919,"5,8"
12920,"5,11"
12921,"5,9"
12922,9
12923,12
12924,14
12925,14
12926,"15,16"
12927,18
12928,"22,80"
12929,26
12930,27
12931,29
12932,29
12933,29
12934,29
12935,30
12936,30
12937,30
12938,30
12939,30
12940,32
12941,48
12942,48
12943,48
12944,49
12945,49
12946,49
12947,49
12948,49
12949,49
12950,49
12951,49
12952,57
12953,58
12954,58
12955,58
12956,66
12957,93
12958,96
12959,119
12960,11
12961,12
12962,14
12963,14
12964,"15,16"
12965,"22,80"
12966,22
12967,25
12968,25
12969,25
12970,25
12971,26
12972,27
12973,29
12974,29
12975,38
12976,38
12977,38
12978,38
12979,42
12980,"45,58"
12981,"45,58"
12982,"45,58"
12983,"58,104"
12984,78
12985,80
12986,82
12987,89
12988,89
12989,89
12990,89
12991,89
12992,89
12993,89
12994,98
12995,104
12996,"0,11"
12997,0
12998,"1,44"
12999,2
13000,"3,121"
13001,"3,121"
13002,4
13003,"5,9"
13004,"5,9"
13005,"5,10"
13006,"5,8"
13007,"6,37"
13008,"6,37"
13009,"6,37"
13010,"6,37"
13011,9
13012,9
13013,12
13014,13
13015,13
13016,14
13017,14
13018,15
13019,15
13020,"15,16"
13021,18
13022,25
13023,25
13024,26
13025,26
13026,29
13027,29
13028,30
13029,30
13030,30
13031,33
13032,44
13033,44
13034,"45,58"
13035,"45,58"
13036,"45,58"
13037,"45,58"
13038,"45,58"
13039,"45,58"
13040,48
13041,48
13042,48
13043,48
13044,48
13045,48
13046,49
13047,49
13048,57
13049,57
13050,60
13051,89
13052,92
13053,98
13054,98
13055,104
13056,"0,11"
13057,0
13058,"1,44"
13059,"1,44"
13060,2
13061,2
13062,"3,121"
13063,4
13064,4
13065,"5,11"
13066,"5,8"
13067,8
13068,8
13069,11
13070,13
13071,14
13072,16
13073,"22,80"
13074,"22,80"
13075,"22,80"
13076,25
13077,25
13078,25
13079,25
13080,26
13081,26
13082,26
13083,26
13084,26
13085,27
13086,29
13087,29
13088,30
13089,30
13090,30
13091,30
13092,"32,33"
13093,44
13094,"45,58"
13095,48
13096,48
13097,48
13098,48
13099,48
13100,48
13101,48
13102,48
13103,48
13104,48
13105,48
13106,49
13107,49
13108,57
13109,57
13110,58
13111,58
13112,58
13113,58
13114,60
13115,89
13116,89
13117,89
13118,89
13119,89
13120,89
13121,89
13122,91
13123,98
13124,99
13125,99
13126,119
13127,119
13128,119
13129,119
13130,119
13131,"0,11"
13132,0
13133,"1,44"
13134,"1,44"
13135,2
13136,4
13137,4
13138,4
13139,"5,9"
13140,"6,37"
13141,9
13142,14
13143,18
13144,21
13145,22
13146,"22,80"
13147,"22,80"
13148,25
13149,25
13150,25
13151,26
13152,26
13153,29
13154,29
13155,29
13156,30
13157,30
13158,30
13159,48
13160,48
13161,48
13162,60
13163,96
13164,96
13165,119
13166,8
13167,32
13168,33
13169,60
13170,60
13171,32
13172,32
13173,60
13174,60
13175,32
13176,33
13177,33
13178,32
13179,32
13180,33
13181,33
13182,51
13183,60
13184,51
13185,60
13186,60
13187,32
13188,32
13189,32
13190,33
13191,51
13192,51
13193,51
13194,32
13195,33
13196,32
13197,33
13198,33
13199,32
13200,33
13201,60
13202,32
13203,51
13204,51
13205,51
13206,32
13207,32
13208,33
13209,33
13210,51
13211,60
13212,32
13213,33
13214,60
13215,60
13216,32
13217,32
13218,33
13219,60
13220,4
13221,12
13222,"22,80"
13223,"22,80"
13224,25
13225,26
13226,27
13227,29
13228,29
13229,57
13230,"58,104"
13231,92
13232,92
13233,92
13234,94
13235,99
13236,99
13237,99
13238,103
13239,119
13240,22
13241,25
13242,26
13243,27
13244,27
13245,27
13246,27
13247,27
13248,27
13249,"32,33"
13250,34
13251,57
13252,57
13253,"58,104"
13254,"58,104"
13255,"58,104"
13256,"58,104"
13257,"58,104"
13258,"58,104"
13259,"58,104"
13260,"58,104"
13261,"58,104"
13262,"58,104"
13263,"58,104"
13264,60
13265,98
13266,98
13267,104
13268,104
13269,0
13270,"0,11"
13271,0
13272,0
13273,"0,11"
13274,0
13275,2
13276,2
13277,2
13278,2
13279,4
13280,"5,11"
13281,"6,37"
13282,"6,37"
13283,"6,37"
13284,"6,37"
13285,"6,37"
13286,"6,37"
13287,9
13288,11
13289,11
13290,11
13291,12
13292,13
13293,14
13294,14
13295,14
13296,14
13297,15
13298,16
13299,18
13300,20
13301,20
13302,20
13303,"22,80"
13304,"22,80"
13305,"22,80"
13306,25
13307,25
13308,25
13309,26
13310,26
13311,26
13312,26
13313,26
13314,26
13315,29
13316,29
13317,29
13318,29
13319,29
13320,30
13321,30
13322,30
13323,30
13324,30
13325,33
13326,33
13327,34
13328,44
13329,"45,58"
13330,"45,58"
13331,"45,58"
13332,48
13333,48
13334,49
13335,49
13336,49
13337,49
13338,49
13339,49
13340,49
13341,49
13342,49
13343,49
13344,49
13345,49
13346,57
13347,57
13348,57
13349,58
13350,66
13351,67
13352,79
13353,82
13354,83
13355,89
13356,89
13357,89
13358,89
13359,89
13360,89
13361,89
13362,89
13363,89
13364,89
13365,89
13366,89
13367,89
13368,89
13369,89
13370,89
13371,89
13372,89
13373,89
13374,94
13375,96
13376,98
13377,99
13378,103
13379,103
13380,2
13381,"5,11"
13382,"5,10"
13383,"5,11"
13384,"5,10"
13385,"6,37"
13386,9
13387,9
13388,9
13389,9
13390,12
13391,25
13392,26
13393,27
13394,29
13395,29
13396,58
13397,89
13398,89
13399,89
13400,89
13401,89
13402,89
13403,89
13404,98
13405,99
13406,99
13407,99
13408,"1,44"
13409,"1,44"
13410,"1,44"
13411,2
13412,2
13413,2
13414,2
13415,2
13416,4
13417,"5,9"
13418,"6,37"
13419,"6,37"
13420,"6,37"
13421,11
13422,12
13423,"15,16"
13424,"15,16"
13425,15
13426,15
13427,21
13428,25
13429,26
13430,27
13431,27
13432,27
13433,27
13434,29
13435,30
13436,30
13437,34
13438,34
13439,44
13440,44
13441,"45,58"
13442,48
13443,48
13444,48
13445,48
13446,48
13447,48
13448,48
13449,48
13450,48
13451,49
13452,49
13453,57
13454,57
13455,57
13456,57
13457,57
13458,57
13459,57
13460,98
13461,98
13462,99
13463,34
13464,34
13465,34
13466,34
13467,82
13468,96
13469,98
13470,99
13471,99
13472,99
13473,2
13474,"5,11"
13475,"5,11"
13476,"5,9"
13477,"6,37"
13478,"6,37"
13479,"6,37"
13480,"6,14"
13481,9
13482,9
13483,12
13484,14
13485,15
13486,15
13487,"15,16"
13488,20
13489,20
13490,25
13491,25
13492,25
13493,25
13494,26
13495,26
13496,29
13497,34
13498,38
13499,38
13500,42
13501,42
13502,42
13503,"45,58"
13504,"45,58"
13505,"45,58"
13506,57
13507,57
13508,57
13509,"58,104"
13510,"58,104"
13511,"58,104"
13512,"58,104"
13513,"58,104"
13514,"58,104"
13515,"58,104"
13516,"58,104"
13517,60
13518,78
13519,80
13520,80
13521,82
13522,89
13523,89
13524,89
13525,89
13526,89
13527,89
13528,89
13529,98
13530,34
13531,"1,44"
13532,"1,44"
13533,"6,37"
13534,9
13535,13
13536,13
13537,25
13538,25
13539,26
13540,29
13541,29
13542,29
13543,29
13544,29
13545,29
13546,29
13547,30
13548,30
13549,30
13550,30
13551,44
13552,44
13553,44
13554,44
13555,44
13556,44
13557,48
13558,48
13559,48
13560,48
13561,48
13562,48
13563,57
13564,57
13565,58
13566,58
13567,58
13568,58
13569,"58,104"
13570,"58,104"
13571,"58,104"
13572,"58,104"
13573,66
13574,79
13575,104
13576,119
13577,119
13578,119
13579,119
13580,119
13581,"1,44"
13582,2
13583,2
13584,4
13585,4
13586,4
13587,"5,11"
13588,"5,11"
13589,"6,37"
13590,"6,37"
13591,"6,37"
13592,"6,37"
13593,"6,37"
13594,"6,37"
13595,8
13596,8
13597,8
13598,9
13599,9
13600,9
13601,11
13602,11
13603,11
13604,12
13605,12
13606,12
13607,12
13608,25
13609,25
13610,25
13611,25
13612,25
13613,25
13614,26
13615,27
13616,29
13617,32
13618,34
13619,38
13620,38
13621,38
13622,38
13623,42
13624,42
13625,42
13626,"45,58"
13627,"45,58"
13628,"45,58"
13629,48
13630,57
13631,"58,104"
13632,66
13633,78
13634,78
13635,84
13636,86
13637,86
13638,86
13639,86
13640,86
13641,86
13642,86
13643,86
13644,86
13645,86
13646,86
13647,86
13648,92
13649,94
13650,95
13651,95
13652,95
13653,96
13654,98
13655,104
13656,119
13657,"1,44"
13658,"6,37"
13659,9
13660,9
13661,12
13662,14
13663,15
13664,16
13665,"22,80"
13666,22
13667,22
13668,"22,80"
13669,22
13670,25
13671,25
13672,26
13673,26
13674,26
13675,26
13676,27
13677,27
13678,27
13679,29
13680,29
13681,30
13682,30
13683,30
13684,30
13685,33
13686,33
13687,34
13688,34
13689,44
13690,48
13691,48
13692,48
13693,57
13694,57
13695,66
13696,84
13697,85
13698,86
13699,86
13700,86
13701,86
13702,95
13703,95
13704,95
13705,98
13706,119
13707,2
13708,2
13709,4
13710,"6,37"
13711,"6,37"
13712,"6,37"
13713,"6,37"
13714,"6,37"
13715,"6,37"
13716,9
13717,9
13718,9
13719,9
13720,9
13721,11
13722,12
13723,25
13724,25
13725,25
13726,25
13727,25
13728,26
13729,26
13730,26
13731,26
13732,26
13733,27
13734,27
13735,29
13736,33
13737,34
13738,34
13739,"45,58"
13740,57
13741,57
13742,58
13743,58
13744,58
13745,58
13746,89
13747,89
13748,89
13749,89
13750,89
13751,89
13752,89
13753,99
13754,99
13755,99
13756,99
13757,99
13758,99
13759,104
13760,119
13761,119
13762,119
13763,119
13764,119
13765,119
13766,119
13767,119
13768,"1,44"
13769,2
13770,2
13771,2
13772,2
13773,2
13774,2
13775,4
13776,"5,9"
13777,"6,37"
13778,"6,37"
13779,"6,37"
13780,"6,37"
13781,"6,37"
13782,"6,37"
13783,9
13784,12
13785,14
13786,14
13787,15
13788,15
13789,"15,16"
13790,18
13791,"22,80"
13792,27
13793,29
13794,30
13795,30
13796,30
13797,30
13798,30
13799,30
13800,32
13801,38
13802,44
13803,44
13804,"45,58"
13805,"45,58"
13806,"45,58"
13807,48
13808,48
13809,48
13810,49
13811,57
13812,57
13813,60
13814,81
13815,98
13816,4
13817,4
13818,"6,37"
13819,13
13820,15
13821,"15,16"
13822,21
13823,"22,80"
13824,22
13825,25
13826,25
13827,25
13828,25
13829,25
13830,26
13831,29
13832,30
13833,30
13834,30
13835,33
13836,44
13837,44
13838,"45,58"
13839,"45,58"
13840,48
13841,48
13842,48
13843,49
13844,49
13845,"58,104"
13846,99
13847,99
13848,99
13849,119
13850,119
13851,119
13852,119
13853,2
13854,4
13855,"6,37"
13856,"6,37"
13857,"6,37"
13858,"6,37"
13859,"6,37"
13860,"6,37"
13861,"6,37"
13862,"6,14"
13863,8
13864,14
13865,15
13866,"15,16"
13867,21
13868,22
13869,22
13870,25
13871,26
13872,27
13873,29
13874,29
13875,29
13876,29
13877,"32,33"
13878,34
13879,38
13880,38
13881,57
13882,57
13883,57
13884,58
13885,"58,104"
13886,78
13887,78
13888,78
13889,80
13890,82
13891,82
13892,96
13893,98
13894,2
13895,"6,37"
13896,"6,37"
13897,8
13898,13
13899,14
13900,14
13901,18
13902,25
13903,26
13904,27
13905,29
13906,29
13907,38
13908,38
13909,38
13910,42
13911,"45,58"
13912,58
13913,58
13914,58
13915,78
13916,78
13917,78
13918,78
13919,78
13920,80
13921,98
13922,119
13923,119
13924,2
13925,"6,37"
13926,"6,37"
13927,11
13928,12
13929,13
13930,14
13931,15
13932,15
13933,15
13934,25
13935,29
13936,29
13937,29
13938,29
13939,29
13940,32
13941,34
13942,38
13943,38
13944,38
13945,42
13946,58
13947,58
13948,"58,104"
13949,78
13950,78
13951,78
13952,78
13953,82
13954,82
13955,89
13956,89
13957,89
13958,89
13959,89
13960,89
13961,89
13962,98
13963,"0,9"
13964,"5,10"
13965,"6,37"
13966,9
13967,9
13968,12
13969,"15,16"
13970,"15,16"
13971,"15,16"
13972,"15,16"
13973,18
13974,"22,80"
13975,25
13976,26
13977,29
13978,29
13979,29
13980,29
13981,29
13982,30
13983,30
13984,30
13985,30
13986,30
13987,48
13988,48
13989,49
13990,57
13991,58
13992,89
13993,89
13994,89
13995,89
13996,89
13997,89
13998,89
13999,92
14000,98
14001,119
14002,"5,9"
14003,12
14004,25
14005,25
14006,29
14007,29
14008,29
14009,32
14010,"1,44"
14011,"6,37"
14012,"6,37"
14013,"6,37"
14014,"6,37"
14015,8
14016,9
14017,9
14018,12
14019,25
14020,26
14021,26
14022,26
14023,26
14024,26
14025,26
14026,27
14027,"32,33"
14028,38
14029,38
14030,38
14031,38
14032,38
14033,42
14034,42
14035,"45,58"
14036,"45,58"
14037,58
14038,58
14039,58
14040,58
14041,58
14042,60
14043,66
14044,78
14045,78
14046,82
14047,99
14048,99
14049,119
14050,2
14051,"6,37"
14052,"6,37"
14053,"6,37"
14054,"6,37"
14055,9
14056,12
14057,14
14058,"15,16"
14059,16
14060,16
14061,27
14062,27
14063,27
14064,"32,33"
14065,38
14066,38
14067,42
14068,42
14069,58
14070,58
14071,58
14072,58
14073,60
14074,60
14075,78
14076,78
14077,82
14078,82
14079,95
14080,95
14081,"5,8"
14082,"6,37"
14083,12
14084,14
14085,"15,16"
14086,"15,16"
14087,"15,16"
14088,"15,16"
14089,20
14090,"22,80"
14091,29
14092,29
14093,29
14094,33
14095,38
14096,38
14097,42
14098,42
14099,42
14100,42
14101,44
14102,"45,58"
14103,78
14104,78
14105,91
14106,98
14107,98
14108,98
14109,2
14110,2
14111,2
14112,4
14113,"5,11"
14114,"6,37"
14115,14
14116,14
14117,14
14118,14
14119,14
14120,14
14121,14
14122,14
14123,14
14124,14
14125,16
14126,18
14127,20
14128,25
14129,29
14130,30
14131,30
14132,30
14133,30
14134,"45,58"
14135,"45,58"
14136,48
14137,48
14138,57
14139,57
14140,57
14141,79
14142,79
14143,98
14144,2
14145,2
14146,2
14147,4
14148,8
14149,8
14150,9
14151,9
14152,11
14153,11
14154,"15,16"
14155,18
14156,19
14157,25
14158,25
14159,25
14160,25
14161,27
14162,27
14163,29
14164,29
14165,32
14166,34
14167,38
14168,38
14169,38
14170,38
14171,42
14172,78
14173,78
14174,80
14175,81
14176,82
14177,95
14178,95
14179,95
14180,"1,44"
14181,2
14182,2
14183,4
14184,4
14185,"5,9"
14186,11
14187,20
14188,26
14189,27
14190,29
14191,29
14192,30
14193,33
14194,44
14195,48
14196,57
14197,32
14198,32
14199,33
14200,51
14201,51
14202,60
14203,33
14204,33
14205,33
14206,33
14207,33
14208,32
14209,32
14210,32
14211,32
14212,32
14213,33
14214,33
14215,32
14216,32
14217,32
14218,51
14219,51
14220,33
14221,51
14222,51
14223,32
14224,33
14225,32
14226,32
14227,33
14228,"1,44"
14229,"5,8"
14230,"15,16"
14231,"15,16"
14232,"15,16"
14233,18
14234,25
14235,29
14236,30
14237,30
14238,58
14239,92
14240,92
14241,98
14242,"1,44"
14243,2
14244,2
14245,4
14246,"6,37"
14247,"6,37"
14248,"6,37"
14249,"6,37"
14250,"6,37"
14251,12
14252,13
14253,14
14254,"15,16"
14255,20
14256,20
14257,"22,80"
14258,25
14259,25
14260,26
14261,26
14262,29
14263,30
14264,30
14265,34
14266,"45,58"
14267,"45,58"
14268,"45,58"
14269,"45,58"
14270,48
14271,"58,104"
14272,99
14273,99
14274,99
14275,"1,44"
14276,4
14277,"5,8"
14278,"6,37"
14279,11
14280,12
14281,15
14282,"15,16"
14283,20
14284,"22,80"
14285,30
14286,30
14287,"45,58"
14288,"45,58"
14289,"45,58"
14290,57
14291,98
14292,98
14293,98
14294,2
14295,2
14296,4
14297,9
14298,11
14299,12
14300,12
14301,13
14302,"15,16"
14303,15
14304,25
14305,26
14306,26
14307,27
14308,29
14309,29
14310,29
14311,32
14312,"6,37"
14313,12
14314,14
14315,"15,16"
14316,19
14317,22
14318,25
14319,25
14320,25
14321,26
14322,26
14323,26
14324,26
14325,29
14326,29
14327,32
14328,38
14329,42
14330,48
14331,57
14332,57
14333,67
14334,78
14335,82
14336,95
14337,95
14338,98
14339,98
14340,119
14341,25
14342,25
14343,26
14344,29
14345,29
14346,29
14347,32
14348,32
14349,34
14350,34
14351,34
14352,38
14353,48
14354,81
14355,2
14356,4
14357,"6,14"
14358,12
14359,14
14360,15
14361,"15,16"
14362,18
14363,26
14364,29
14365,29
14366,32
14367,"32,33"
14368,38
14369,38
14370,38
14371,42
14372,42
14373,42
14374,42
14375,57
14376,58
14377,"58,104"
14378,"58,104"
14379,78
14380,78
14381,78
14382,81
14383,2
14384,"5,10"
14385,"5,9"
14386,"6,37"
14387,"6,37"
14388,"6,37"
14389,12
14390,15
14391,"15,16"
14392,25
14393,26
14394,27
14395,29
14396,29
14397,29
14398,29
14399,29
14400,29
14401,29
14402,29
14403,29
14404,38
14405,42
14406,42
14407,42
14408,"45,58"
14409,"45,58"
14410,48
14411,48
14412,57
14413,81
14414,82
14415,91
14416,97
14417,119
14418,4
14419,"6,37"
14420,11
14421,12
14422,14
14423,"15,16"
14424,15
14425,15
14426,15
14427,25
14428,27
14429,34
14430,34
14431,34
14432,38
14433,44
14434,44
14435,78
14436,82
14437,96
14438,119
14439,"6,37"
14440,"6,37"
14441,12
14442,25
14443,25
14444,26
14445,26
14446,26
14447,26
14448,26
14449,29
14450,29
14451,38
14452,38
14453,38
14454,42
14455,42
14456,42
14457,58
14458,58
14459,78
14460,78
14461,78
14462,78
14463,82
14464,98
14465,2
14466,4
14467,"6,37"
14468,"15,16"
14469,16
14470,18
14471,18
14472,18
14473,18
14474,26
14475,26
14476,29
14477,29
14478,29
14479,42
14480,44
14481,58
14482,58
14483,58
14484,58
14485,58
14486,78
14487,119
14488,"1,44"
14489,"1,44"
14490,2
14491,4
14492,4
14493,"6,37"
14494,8
14495,9
14496,9
14497,"15,16"
14498,18
14499,30
14500,30
14501,30
14502,"45,58"
14503,"45,58"
14504,48
14505,85
14506,"6,37"
14507,26
14508,27
14509,29
14510,29
14511,29
14512,29
14513,30
14514,30
14515,30
14516,34
14517,44
14518,44
14519,"58,104"
14520,81
14521,81
14522,81
14523,"6,37"
14524,"6,37"
14525,"6,37"
14526,9
14527,12
14528,"15,16"
14529,25
14530,26
14531,29
14532,29
14533,30
14534,30
14535,30
14536,92
14537,96
14538,8
14539,8
14540,12
14541,12
14542,27
14543,29
14544,29
14545,29
14546,30
14547,32
14548,"45,58"
14549,58
14550,"58,104"
14551,"58,104"
14552,"58,104"
14553,9
14554,12
14555,"15,16"
14556,26
14557,29
14558,"58,104"
14559,2
14560,81
14561,96
14562,2
14563,2
14564,2
14565,4
14566,"6,37"
14567,"6,37"
14568,12
14569,"15,16"
14570,"22,80"
14571,25
14572,26
14573,42
14574,44
14575,48
14576,58
14577,58
14578,"58,104"
14579,78
14580,86
14581,86
14582,86
14583,92
14584,98
14585,2
14586,"6,37"
14587,"6,37"
14588,9
14589,9
14590,12
14591,12
14592,12
14593,"15,16"
14594,"15,16"
14595,"15,16"
14596,"15,16"
14597,"15,16"
14598,"15,16"
14599,"15,16"
14600,"15,16"
14601,16
14602,18
14603,18
14604,18
14605,18
14606,18
14607,25
14608,25
14609,26
14610,26
14611,26
14612,29
14613,57
14614,95
14615,119
14616,"1,44"
14617,"5,8"
14618,9
14619,9
14620,18
14621,20
14622,26
14623,29
14624,34
14625,44
14626,48
14627,57
14628,57
14629,"58,104"
14630,"58,104"
14631,"58,104"
14632,"1,44"
14633,2
14634,12
14635,"15,16"
14636,16
14637,18
14638,25
14639,25
14640,25
14641,26
14642,29
14643,29
14644,29
14645,29
14646,29
14647,34
14648,42
14649,48
14650,"58,104"
14651,78
14652,84
14653,"3,121"
14654,"3,121"
14655,4
14656,"5,8"
14657,9
14658,27
14659,29
14660,33
14661,38
14662,38
14663,48
14664,48
14665,48
14666,78
14667,92
14668,"3,121"
14669,9
14670,9
14671,25
14672,30
14673,30
14674,30
14675,30
14676,98
14677,"6,37"
14678,9
14679,11
14680,16
14681,26
14682,29
14683,30
14684,30
14685,"32,33"
14686,44
14687,48
14688,4
14689,"6,37"
14690,12
14691,48
14692,"58,104"
14693,"6,37"
14694,9
14695,12
14696,"15,16"
14697,20
14698,29
14699,33
14700,42
14701,78
14702,78
14703,"3,121"
14704,"15,16"
14705,18
14706,25
14707,26
14708,30
14709,44
14710,48
14711,48
14712,48
14713,119
14714,"3,121"
14715,4
14716,4
14717,11
14718,12
14719,"15,16"
14720,22
14721,26
14722,26
14723,26
14724,29
14725,48
14726,48
14727,48
14728,48
14729,48
14730,48
14731,48
14732,"58,104"
14733,"58,104"
14734,"58,104"
14735,"58,104"
14736,"58,104"
14737,"58,104"
14738,"58,104"
14739,"3,121"
14740,8
14741,8
14742,11
14743,14
14744,14
14745,14
14746,14
14747,48
14748,48
14749,57
14750,"3,121"
14751,12
14752,"15,16"
14753,20
14754,26
14755,29
14756,48
14757,48
14758,48
14759,"58,104"
14760,"3,121"
14761,4
14762,15
14763,29
14764,32
14765,44
14766,44
14767,48
14768,48
14769,48
14770,48
14771,98
14772,"3,121"
14773,"6,37"
14774,9
14775,18
14776,25
14777,27
14778,29
14779,44
14780,"45,58"
14781,"45,58"
14782,"45,58"
14783,48
14784,48
14785,"58,104"
14786,"3,121"
14787,9
14788,16
14789,26
14790,29
14791,38
14792,38
14793,78
14794,98
14795,4
14796,12
14797,"15,16"
14798,18
14799,29
14800,29
14801,30
14802,33
14803,57
14804,4
14805,12
14806,16
14807,26
14808,38
14809,42
14810,42
14811,57
14812,57
14813,"3,121"
14814,"6,37"
14815,"15,16"
14816,"15,16"
14817,25
14818,29
14819,30
14820,48
14821,"58,104"
14822,79
14823,"3,121"
14824,"3,121"
14825,"6,37"
14826,9
14827,14
14828,14
14829,14
14830,14
14831,"15,16"
14832,25
14833,26
14834,26
14835,29
14836,29
14837,30
14838,48
14839,"58,104"
14840,"58,104"
14841,"58,104"
14842,"58,104"
14843,"58,104"
14844,"58,104"
14845,"58,104"
14846,"3,121"
14847,4
14848,"6,37"
14849,"15,16"
14850,16
14851,18
14852,27
14853,"45,58"
14854,"45,58"
14855,48
14856,"3,121"
14857,"15,16"
14858,22
14859,29
14860,48
14861,48
14862,78
14863,"3,121"
14864,"3,121"
14865,"5,8"
14866,9
14867,"15,16"
14868,18
14869,42
14870,48
14871,58
14872,"58,104"
14873,"58,104"
14874,78
14875,12
14876,"15,16"
14877,48
14878,"58,104"
14879,56
14880,97
14881,33
14882,97
14883,51
14884,51
14885,33
14886,"6,37"
14887,"6,37"
14888,16
14889,18
14890,26
14891,29
14892,48
14893,119
14894,32
14895,33
14896,51
14897,51
14898,51
14899,51
14900,51
14901,51
14902,51
14903,81
14904,33
14905,51
14906,12
14907,26
14908,"58,104"
14909,8
14910,9
14911,"15,16"
14912,"15,16"
14913,"15,16"
14914,26
14915,29
14916,32
14917,32
14918,54
14919,58
14920,13
14921,14
14922,14
14923,32
14924,48
14925,"12,13"
14926,"12,13"
14927,"12,13"
14928,"12,13"
14929,13
14930,34
14931,48
14932,114
14933,114
14934,114
14935,114
14936,114
14937,114
14938,114
14939,122
14940,122
14941,122
14942,122
14943,122
14944,122
14945,122
14946,122
14947,122
14948,122
14949,122
14950,122
14951,122
14952,"6,14"
14953,"12,13"
14954,14
14955,14
14956,"6,14"
14957,"6,14"
14958,13
14959,14
14960,13
14961,13
14962,14
14963,14
14964,14
14965,114
14966,114
14967,114
14968,114
14969,4
14970,"6,14"
14971,13
14972,14
14973,14
14974,"12,13"
14975,"12,13"
14976,"12,13"
14977,13
14978,13
14979,13
14980,14
14981,14
14982,33
14983,34
14984,"34,35,46"
14985,48
14986,48
14987,81
14988,"12,13"
14989,14
14990,14
14991,32
14992,118
14993,118
14994,118
14995,118
14996,118
14997,118
14998,118
14999,118
15000,118
15001,118
15002,118
15003,118
15004,118
15005,118
15006,118
15007,118
15008,118
15009,118
15010,118
15011,118
15012,118
15013,33
15014,"12,13"
15015,"12,13"
15016,"12,13"
15017,"12,13"
15018,"12,13"
15019,13
15020,14
15021,14
15022,34
15023,48
15024,48
15025,48
15026,114
15027,114
15028,114
15029,114
15030,114
15031,114
15032,114
15033,114
15034,118
15035,118
15036,118
15037,118
15038,118
15039,118
15040,118
15041,118
15042,118
15043,118
15044,118
15045,118
15046,118
15047,118
15048,118
15049,118
15050,118
15051,118
15052,118
15053,118
15054,118
15055,118
15056,118
15057,118
15058,118
15059,33
15060,"45,55"
15061,33
15062,33
15063,58
15064,58
15065,"6,14"
15066,"6,14"
15067,"6,14"
15068,"6,14"
15069,"6,14"
15070,"6,14"
15071,58
15072,58
15073,33
15074,79
15075,33
15076,"45,55"
15077,"6,14"
15078,"6,14"
15079,"6,14"
15080,"6,14"
15081,"6,14"
15082,"6,14"
15083,"6,14"
15084,"6,14"
15085,"6,14"
15086,"6,14"
15087,"6,14"
15088,"6,14"
15089,"6,14"
15090,"6,14"
15091,"6,14"
15092,"6,14"
15093,"6,14"
15094,"6,14"
15095,58
15096,58
15097,25
15098,29
15099,33
15100,"58,104"
15101,78
15102,58
15103,58
15104,58
15105,"12,13"
15106,118
15107,118
15108,"6,14"
15109,13
15110,48
15111,118
15112,118
15113,118
15114,118
15115,118
15116,118
15117,118
15118,118
15119,118
15120,"12,13"
15121,13
15122,13
15123,13
15124,14
15125,14
15126,14
15127,118
15128,118
15129,118
15130,118
15131,118
15132,"6,14"
15133,"12,13"
15134,14
15135,14
15136,14
15137,34
15138,"12,13"
15139,12
15140,12
15141,12
15142,12
15143,13
15144,13
15145,13
15146,13
15147,14
15148,14
15149,14
15150,48
15151,48
15152,48
15153,66
15154,101
15155,101
15156,101
15157,112
15158,112
15159,112
15160,112
15161,112
15162,112
15163,112
15164,112
15165,112
15166,114
15167,114
15168,114
15169,114
15170,114
15171,114
15172,114
15173,114
15174,114
15175,114
15176,114
15177,114
15178,114
15179,114
15180,114
15181,114
15182,114
15183,114
15184,114
15185,118
15186,118
15187,118
15188,118
15189,118
15190,118
15191,118
15192,118
15193,118
15194,118
15195,118
15196,118
15197,118
15198,118
15199,122
15200,122
15201,122
15202,122
15203,122
15204,122
15205,122
15206,122
15207,122
15208,122
15209,122
15210,122
15211,122
15212,122
15213,"6,14"
15214,13
15215,118
15216,118
15217,"12,13"
15218,"12,13"
15219,12
15220,12
15221,12
15222,12
15223,13
15224,13
15225,13
15226,13
15227,13
15228,34
15229,66
15230,112
15231,112
15232,112
15233,112
15234,112
15235,112
15236,112
15237,112
15238,112
15239,112
15240,112
15241,112
15242,112
15243,112
15244,112
15245,112
15246,11
15247,"12,13"
15248,"12,13"
15249,14
15250,14
15251,103
15252,103
15253,114
15254,114
15255,114
15256,114
15257,114
15258,114
15259,118
15260,118
15261,118
15262,118
15263,118
15264,118
15265,118
15266,118
15267,118
15268,118
15269,118
15270,118
15271,118
15272,118
15273,118
15274,118
15275,118
15276,118
15277,118
15278,118
15279,118
15280,118
15281,118
15282,118
15283,118
15284,118
15285,9
15286,11
15287,"12,13"
15288,12
15289,13
15290,13
15291,13
15292,13
15293,13
15294,13
15295,13
15296,13
15297,13
15298,13
15299,13
15300,13
15301,14
15302,14
15303,"34,35,46"
15304,"34,35,46"
15305,112
15306,112
15307,114
15308,114
15309,114
15310,114
15311,118
15312,118
15313,118
15314,118
15315,118
15316,"6,14"
15317,12
15318,12
15319,13
15320,13
15321,13
15322,14
15323,32
15324,48
15325,66
15326,101
15327,101
15328,101
15329,101
15330,101
15331,101
15332,101
15333,101
15334,101
15335,112
15336,112
15337,114
15338,114
15339,114
15340,114
15341,114
15342,114
15343,118
15344,118
15345,118
15346,118
15347,118
15348,118
15349,118
15350,118
15351,118
15352,118
15353,118
15354,118
15355,118
15356,118
15357,118
15358,118
15359,118
15360,118
15361,118
15362,118
15363,118
15364,118
15365,118
15366,118
15367,118
15368,118
15369,122
15370,122
15371,122
15372,122
15373,122
15374,122
15375,122
15376,122
15377,122
15378,122
15379,122
15380,122
15381,122
15382,"6,37"
15383,9
15384,34
15385,49
15386,"34,35,46"
15387,46
15388,9
15389,29
15390,49
15391,34
15392,"34,35,46"
15393,"45,58"
15394,"45,58"
15395,49
15396,66
15397,49
15398,49
15399,51
15400,"6,37"
15401,"6,37"
15402,8
15403,34
15404,"45,58"
15405,"45,58"
15406,49
15407,49
15408,54
15409,4
15410,"34,35,46"
15411,29
15412,49
15413,49
15414,49
15415,49
15416,"6,37"
15417,8
15418,49
15419,66
15420,4
15421,"6,37"
15422,8
15423,29
15424,29
15425,34
15426,54
15427,34
15428,49
15429,49
15430,49
15431,4
15432,"6,37"
15433,9
15434,34
15435,"34,35,46"
15436,49
15437,49
15438,51
15439,54
15440,66
15441,49
15442,29
15443,54
15444,"6,37"
15445,29
15446,51
15447,"1,44"
15448,"22,80"
15449,34
15450,49
15451,4
15452,8
15453,8
15454,9
15455,49
15456,"6,37"
15457,29
15458,29
15459,29
15460,49
15461,49
15462,49
15463,"34,35,46"
15464,8
15465,9
15466,29
15467,49
15468,"22,80"
15469,29
15470,34
15471,49
15472,49
15473,49
15474,49
15475,54
15476,8
15477,49
15478,9
15479,29
15480,9
15481,29
15482,49
15483,66
15484,4
15485,4
15486,9
15487,33
15488,49
15489,54
15490,66
15491,9
15492,29
15493,66
15494,"6,37"
15495,4
15496,49
15497,"45,58"
15498,"45,58"
15499,"6,37"
15500,"6,37"
15501,"45,58"
15502,"45,58"
15503,49
15504,49
15505,49
15506,49
15507,12
15508,29
15509,34
15510,49
15511,9
15512,46
15513,49
15514,33
15515,52
15516,54
15517,54
15518,52
15519,54
15520,79
15521,79
15522,48
15523,52
15524,52
15525,52
15526,56
15527,81
15528,81
15529,52
15530,52
15531,52
15532,54
15533,52
15534,52
15535,52
15536,52
15537,96
15538,96
15539,52
15540,52
15541,52
15542,52
15543,49
15544,12
15545,49
15546,4
15547,49
15548,12
15549,12
15550,"45,58"
15551,"45,58"
15552,51
15553,49
15554,29
15555,4
15556,49
15557,"6,37"
15558,9
15559,66
15560,66
15561,4
15562,12
15563,34
15564,29
15565,29
15566,34
15567,49
15568,8
15569,9
15570,49
15571,"6,37"
15572,"6,37"
15573,12
15574,34
15575,"6,37"
15576,12
15577,29
15578,"6,37"
15579,49
15580,4
15581,12
15582,"34,35,46"
15583,12
15584,9
15585,4
15586,29
15587,49
15588,"45,58"
15589,"45,58"
15590,"45,58"
15591,29
15592,49
15593,51
15594,12
15595,11
15596,29
15597,34
15598,"6,37"
15599,"6,37"
15600,29
15601,49
15602,"6,37"
15603,29
15604,34
15605,12
15606,12
15607,29
15608,49
15609,29
15610,33
15611,33
15612,49
15613,49
15614,"71,72,73,77"
15615,"71,72,73,77"
15616,69
15617,69
15618,"15,16"
15619,"15,16"
15620,18
15621,25
15622,25
15623,"15,16"
15624,"15,16"
15625,"15,16"
15626,"15,16"
15627,"15,16"
15628,"15,16"
15629,"15,16"
15630,"15,16"
15631,18
15632,25
15633,25
15634,"15,16"
15635,"15,16"
15636,18
15637,25
15638,"15,16"
15639,"15,16"
15640,"15,16"
15641,"15,16"
15642,"15,16"
15643,"15,16"
15644,"15,16"
15645,"15,16"
15646,"15,16"
15647,"15,16"
15648,25
15649,"15,16"
15650,18
15651,58
15652,58
15653,"15,16"
15654,25
15655,25
15656,"15,16"
15657,"15,16"
15658,98
15659,81
15660,81
15661,81
15662,81
15663,81
15664,81
15665,98
15666,58
15667,58
15668,58
15669,58
15670,58
15671,"6,65"
15672,32
15673,33
15674,48
15675,48
15676,48
15677,60
15678,"6,65"
15679,"6,65"
15680,9
15681,33
15682,52
15683,52
15684,52
15685,52
15686,52
15687,52
15688,"6,65"
15689,"6,65"
15690,"6,65"
15691,"6,65"
15692,26
15693,32
15694,32
15695,33
15696,33
15697,36
15698,47
15699,47
15700,47
15701,47
15702,47
15703,47
15704,47
15705,47
15706,47
15707,47
15708,47
15709,47
15710,47
15711,48
15712,48
15713,50
15714,26
15715,26
15716,26
15717,33
15718,47
15719,48
15720,50
15721,52
15722,52
15723,50
15724,33
15725,50
15726,50
15727,50
15728,52
15729,52
15730,52
15731,52
15732,52
15733,"6,65"
15734,26
15735,29
15736,32
15737,33
15738,33
15739,47
15740,47
15741,47
15742,47
15743,48
15744,50
15745,50
15746,52
15747,29
15748,33
15749,47
15750,48
15751,48
15752,50
15753,32
15754,33
15755,51
15756,60
15757,32
15758,32
15759,52
15760,52
15761,50
15762,48
15763,48
15764,52
15765,32
15766,32
15767,81
15768,81
15769,56
15770,56
15771,56
15772,56
15773,56
15774,56
15775,56
15776,56
15777,56
15778,56
15779,56
15780,56
15781,56
15782,56
15783,56
15784,56
15785,56
15786,56
15787,56
15788,56
15789,56
15790,56
15791,56
15792,56
15793,56
15794,56
15795,56
15796,56
15797,56
15798,56
15799,56
15800,56
15801,56
15802,56
15803,56
15804,56
15805,56
15806,56
15807,56
15808,56
15809,56
15810,56
15811,56
15812,56
15813,56
15814,56
15815,56
15816,56
15817,56
15818,56
15819,56
15820,56
15821,56
15822,56
15823,56
15824,56
15825,56
15826,56
15827,56
15828,56
15829,56
15830,56
15831,56
15832,56
15833,56
15834,56
15835,56
15836,56
15837,56
15838,56
15839,56
15840,56
15841,56
15842,56
15843,56
15844,56
15845,56
15846,81
15847,81
15848,56
15849,56
15850,56
15851,56
15852,56
15853,56
15854,56
15855,56
15856,81
15857,81
15858,56
15859,56
15860,56
15861,56
15862,56
15863,56
15864,56
15865,56
15866,56
15867,56
15868,56
15869,56
15870,56
15871,56
15872,56
15873,56
15874,56
15875,56
15876,56
15877,56
15878,56
15879,56
15880,56
15881,56
15882,8
15883,"6,65"
15884,"6,8"
15885,"6,8"
15886,"6,8"
15887,"6,9"
15888,"6,9"
15889,"6,9"
15890,"6,11"
15891,"22,51"
15892,81
15893,"12,13"
15894,13
15895,13
15896,48
15897,9
15898,56
15899,"22,51"
15900,82
15901,82
15902,82
15903,82
15904,82
15905,82
15906,34
15907,34
15908,4
15909,"12,13"
15910,118
15911,118
15912,118
15913,118
15914,118
15915,118
15916,118
15917,118
15918,118
15919,118
15920,118
15921,118
15922,14
15923,14
15924,118
15925,118
15926,118
15927,118
15928,118
15929,118
15930,118
15931,118
15932,118
15933,118
15934,118
15935,118
15936,118
15937,118
15938,118
15939,118
15940,118
15941,118
15942,"12,13"
15943,118
15944,118
15945,118
15946,118
15947,118
15948,118
15949,118
15950,"6,14"
15951,14
15952,118
15953,118
15954,118
15955,118
15956,118
15957,118
15958,118
15959,118
15960,118
15961,118
15962,118
15963,118
15964,12
15965,13
15966,13
15967,13
15968,13
15969,13
15970,13
15971,13
15972,13
15973,13
15974,13
15975,13
15976,13
15977,13
15978,13
15979,13
15980,13
15981,13
15982,13
15983,14
15984,18
15985,"71,72,73,77"
15986,"71,72,73,77"
15987,"71,72,73,77"
15988,103
15989,103
15990,103
15991,103
15992,103
15993,103
15994,103
15995,103
15996,103
15997,103
15998,103
15999,103
16000,103
16001,103
16002,103
16003,103
16004,103
16005,103
16006,103
16007,103
16008,103
16009,103
16010,103
16011,103
16012,103
16013,103
16014,103
16015,103
16016,103
16017,103
16018,103
16019,103
16020,103
16021,118
16022,118
16023,118
16024,118
16025,118
16026,118
16027,122
16028,122
16029,14
16030,118
16031,118
16032,118
16033,118
16034,118
16035,118
16036,118
16037,118
16038,118
16039,118
16040,118
16041,118
16042,118
16043,118
16044,118
16045,118
16046,118
16047,118
16048,118
16049,118
16050,118
16051,118
16052,118
16053,118
16054,14
16055,15
16056,"6,14"
16057,118
16058,118
16059,118
16060,118
16061,118
16062,118
16063,118
16064,118
16065,118
16066,118
16067,118
16068,118
16069,"12,13"
16070,14
16071,19
16072,118
16073,118
16074,118
16075,118
16076,118
16077,118
16078,118
16079,118
16080,118
16081,118
16082,118
16083,118
16084,118
16085,118
16086,118
16087,118
16088,15
16089,16
16090,"12,13"
16091,"12,13"
16092,13
16093,13
16094,13
16095,118
16096,118
16097,118
16098,118
16099,118
16100,118
16101,118
16102,118
16103,118
16104,18
16105,118
16106,118
16107,118
16108,118
16109,118
16110,118
16111,118
16112,118
16113,118
16114,118
16115,118
16116,118
16117,118
16118,118
16119,"71,72,73,77"
16120,"71,72,73,77"
16121,13
16122,13
16123,13
16124,13
16125,13
16126,13
16127,13
16128,13
16129,13
16130,13
16131,13
16132,13
16133,13
16134,13
16135,13
16136,13
16137,13
16138,42
16139,"71,72,73,77"
16140,112
16141,112
16142,112
16143,112
16144,112
16145,112
16146,112
16147,112
16148,112
16149,112
16150,112
16151,112
16152,112
16153,112
16154,112
16155,112
16156,112
16157,112
16158,112
16159,112
16160,112
16161,112
16162,112
16163,112
16164,112
16165,112
16166,112
16167,112
16168,112
16169,112
16170,112
16171,112
16172,112
16173,112
16174,112
16175,118
16176,120
16177,120
16178,120
16179,120
16180,120
16181,120
16182,120
16183,120
16184,120
16185,120
16186,120
16187,120
16188,33
16189,36
16190,47
16191,47
16192,47
16193,52
16194,52
16195,52
16196,52
16197,52
16198,52
16199,52
16200,52
16201,52
16202,56
16203,56
16204,56
16205,56
16206,56
16207,56
16208,56
16209,56
16210,56
16211,56
16212,56
16213,56
16214,56
16215,56
16216,56
16217,56
16218,56
16219,56
16220,56
16221,56
16222,56
16223,56
16224,56
16225,56
16226,56
16227,56
16228,56
16229,56
16230,56
16231,56
16232,56
16233,56
16234,56
16235,56
16236,56
16237,56
16238,56
16239,56
16240,56
16241,56
16242,56
16243,56
16244,56
16245,56
16246,56
16247,56
16248,56
16249,56
16250,56
16251,56
16252,56
16253,56
16254,56
16255,56
16256,56
16257,56
16258,56
16259,56
16260,56
16261,56
16262,56
16263,56
16264,56
16265,56
16266,56
16267,56
16268,56
16269,56
16270,56
16271,56
16272,56
16273,56
16274,56
16275,56
16276,56
16277,56
16278,56
16279,56
16280,56
16281,56
16282,56
16283,56
16284,56
16285,56
16286,56
16287,56
16288,56
16289,56
16290,56
16291,56
16292,56
16293,56
16294,56
16295,"12,13"
16296,50
16297,78
16298,118
16299,118
16300,118
16301,118
16302,118
16303,118
16304,118
16305,118
16306,"12,13"
16307,13
16308,13
16309,118
16310,118
16311,118
16312,118
16313,118
16314,118
16315,118
16316,118
16317,36
16318,19
16319,9
16320,98
16321,99
16322,98
16323,98
16324,48
16325,52
16326,48
16327,52
16328,"34,35,46"
16329,52
16330,29
16331,49
16332,"6,9"
16333,"6,11"
16334,"6,11"
16335,"6,10"
16336,34
16337,56
16338,"3,121"
16339,98
16340,52
16341,52
16342,49
16343,34
16344,34
16345,34
16346,34
16347,34
16348,34
16349,32
16350,34
16351,34
16352,49
16353,32
16354,32
16355,78
16356,81
16357,81
16358,32
16359,34
16360,34
16361,34
16362,34
16363,34
16364,34
16365,34
16366,34
16367,34
16368,32
16369,34
16370,34
16371,32
16372,34
16373,81
16374,32
16375,34
16376,34
16377,34
16378,34
16379,49
16380,96
16381,34
16382,33
16383,34
16384,"3,121"
16385,98
16386,98
16387,"3,121"
16388,81
16389,81
16390,"6,37"
16391,14
16392,14
16393,14
16394,14
16395,25
16396,81
16397,81
16398,81
16399,81
16400,81
16401,81
16402,81
16403,81
16404,81
16405,81
16406,81
16407,81
16408,81
16409,81
16410,81
16411,81
16412,81
16413,81
16414,81
16415,81
16416,81
16417,81
16418,81
16419,81
16420,81
16421,81
16422,81
16423,15
16424,81
16425,81
16426,81
16427,81
16428,9
16429,12
16430,12
16431,12
16432,26
16433,26
16434,58
16435,81
16436,26
16437,26
16438,26
16439,59
16440,81
16441,81
16442,12
16443,12
16444,58
16445,81
16446,81
16447,81
16448,81
16449,9
16450,9
16451,11
16452,12
16453,16
16454,26
16455,81
16456,81
16457,9
16458,81
16459,81
16460,81
16461,81
16462,81
16463,26
16464,12
16465,26
16466,26
16467,25
16468,58
16469,12
16470,25
16471,26
16472,12
16473,81
16474,12
16475,81
16476,81
16477,49
16478,49
16479,50
16480,49
16481,49
16482,49
16483,49
16484,29
16485,29
16486,29
16487,29
16488,57
16489,51
16490,81
16491,81
16492,26
16493,27
16494,25
16495,25
16496,25
16497,11
16498,27
16499,27
16500,58
16501,22
16502,49
16503,81
16504,81
16505,98
16506,51
16507,51
16508,26
16509,26
16510,13
16511,13
16512,"71,72,73,77"
16513,"71,72,73,77"
16514,78
16515,78
16516,103
16517,103
16518,103
16519,103
16520,103
16521,103
16522,103
16523,103
16524,103
16525,103
16526,103
16527,103
16528,103
16529,103
16530,103
16531,103
16532,103
16533,103
16534,103
16535,103
16536,103
16537,103
16538,13
16539,13
16540,78
16541,103
16542,12
16543,"71,72,73,77"
16544,"71,72,73,77"
16545,"71,72,73,77"
16546,103
16547,103
16548,103
16549,103
16550,112
16551,112
16552,112
16553,114
16554,103
16555,114
16556,114
16557,114
16558,114
16559,114
16560,114
16561,114
16562,13
16563,13
16564,13
16565,13
16566,13
16567,13
16568,13
16569,"71,72,73,77"
16570,103
16571,30
16572,"71,72,73,77"
16573,122
16574,122
16575,12
16576,30
16577,48
16578,112
16579,112
16580,112
16581,112
16582,112
16583,112
16584,112
16585,112
16586,112
16587,112
16588,112
16589,112
16590,112
16591,112
16592,112
16593,112
16594,112
16595,112
16596,112
16597,112
16598,112
16599,112
16600,112
16601,112
16602,112
16603,112
16604,112
16605,112
16606,112
16607,112
16608,112
16609,112
16610,112
16611,112
16612,112
16613,112
16614,112
16615,112
16616,112
16617,112
16618,112
16619,112
16620,112
16621,112
16622,112
16623,112
16624,112
16625,112
16626,112
16627,112
16628,112
16629,112
16630,112
16631,112
16632,112
16633,112
16634,112
16635,112
16636,112
16637,112
16638,112
16639,112
16640,112
16641,112
16642,112
16643,112
16644,112
16645,112
16646,112
16647,112
16648,112
16649,112
16650,112
16651,112
16652,112
16653,112
16654,112
16655,112
16656,112
16657,112
16658,112
16659,112
16660,112
16661,112
16662,112
16663,112
16664,112
16665,112
16666,112
16667,112
16668,112
16669,112
16670,112
16671,112
16672,112
16673,112
16674,112
16675,112
16676,112
16677,112
16678,112
16679,112
16680,112
16681,112
16682,112
16683,112
16684,112
16685,112
16686,112
16687,112
16688,112
16689,112
16690,114
16691,120
16692,120
16693,120
16694,120
16695,120
16696,120
16697,120
16698,120
16699,120
16700,120
16701,120
16702,120
16703,120
16704,120
16705,120
16706,120
16707,120
16708,120
16709,120
16710,120
16711,120
16712,120
16713,120
16714,120
16715,122
16716,122
16717,122
16718,122
16719,122
16720,122
16721,122
16722,122
16723,122
16724,122
16725,"71,72,73,77"
16726,"71,72,73,77"
16727,122
16728,122
16729,13
16730,13
16731,"71,72,73,77"
16732,"71,72,73,77"
16733,"1,44"
16734,103
16735,103
16736,114
16737,114
16738,114
16739,114
16740,"71,72,73,77"
16741,103
16742,103
16743,103
16744,103
16745,103
16746,103
16747,103
16748,103
16749,13
16750,13
16751,103
16752,103
16753,78
16754,114
16755,114
16756,114
16757,114
16758,114
16759,120
16760,120
16761,120
16762,120
16763,120
16764,120
16765,120
16766,120
16767,120
16768,120
16769,120
16770,120
16771,120
16772,120
16773,120
16774,120
16775,120
16776,120
16777,120
16778,120
16779,120
16780,120
16781,120
16782,120
16783,120
16784,120
16785,120
16786,122
16787,103
16788,103
16789,103
16790,103
16791,103
16792,103
16793,103
16794,103
16795,103
16796,112
16797,114
16798,120
16799,120
16800,120
16801,120
16802,120
16803,120
16804,120
16805,120
16806,120
16807,120
16808,120
16809,120
16810,120
16811,120
16812,120
16813,30
16814,"71,72,73,77"
16815,13
16816,13
16817,112
16818,112
16819,112
16820,112
16821,112
16822,120
16823,120
16824,120
16825,120
16826,120
16827,120
16828,120
16829,26
16830,27
16831,26
16832,119
16833,119
16834,119
16835,119
16836,119
16837,56
16838,"3,121"
16839,"3,121"
16840,"3,121"
16841,"3,121"
16842,22
16843,22
16844,"22,51"
16845,"3,121"
16846,"3,121"
16847,79
16848,79
16849,79
16850,79
16851,79
16852,79
16853,79
16854,79
16855,100
16856,100
16857,100
16858,100
16859,52
16860,81
16861,81
16862,81
16863,81
16864,27
16865,81
16866,81
16867,26
16868,27
16869,26
16870,27
16871,27
16872,81
16873,81
16874,14
16875,14
16876,14
16877,14
16878,14
16879,14
16880,14
16881,14
16882,"45,58"
16883,"45,58"
16884,58
16885,14
16886,14
16887,14
16888,14
16889,"58,104"
16890,"58,104"
16891,"58,104"
16892,"58,104"
16893,"58,104"
16894,"58,104"
16895,"58,104"
16896,"58,104"
16897,"58,104"
16898,81
16899,81
16900,81
16901,81
16902,"6,37"
16903,27
16904,"58,104"
16905,"58,104"
16906,"58,104"
16907,"58,104"
16908,15
16909,15
16910,15
16911,15
16912,15
16913,15
16914,15
16915,15
16916,18
16917,18
16918,18
16919,18
16920,18
16921,18
16922,18
16923,18
16924,18
16925,18
16926,18
16927,18
16928,18
16929,18
16930,18
16931,18
16932,18
16933,18
16934,18
16935,18
16936,18
16937,18
16938,19
16939,19
16940,19
16941,19
16942,19
16943,19
16944,19
16945,19
16946,19
16947,19
16948,19
16949,20
16950,20
16951,20
16952,20
16953,20
16954,53
16955,53
16956,53
16957,53
16958,53
16959,53
16960,53
16961,53
16962,53
16963,53
16964,53
16965,53
16966,100
16967,100
16968,100
16969,100
16970,100
16971,100
16972,100
16973,100
16974,100
16975,100
16976,100
16977,100
16978,100
16979,100
16980,100
16981,100
16982,100
16983,100
16984,100
16985,100
16986,100
16987,100
16988,100
16989,100
16990,100
16991,100
16992,100
16993,100
16994,100
16995,100
16996,100
16997,100
16998,100
16999,100
17000,105
17001,105
17002,105
17003,105
17004,105
17005,105
17006,105
17007,105
17008,105
17009,105
17010,105
17011,105
17012,105
17013,105
17014,105
17015,105
17016,110
17017,110
17018,110
17019,110
17020,110
17021,110
17022,110
17023,110
17024,119
17025,119
17026,12
17027,"3,121"
17028,"58,104"
17029,"58,104"
17030,"58,104"
17031,"58,104"
17032,"58,104"
17033,"58,104"
17034,60
17035,18
17036,12
17037,12
17038,12
17039,12
17040,12
17041,12
17042,12
17043,12
17044,12
17045,12
17046,12
17047,12
17048,12
17049,12
17050,12
17051,12
17052,12
17053,12
17054,12
17055,12
17056,12
17057,12
17058,12
17059,12
17060,12
17061,12
17062,12
17063,12
17064,12
17065,12
17066,12
17067,12
17068,12
17069,12
17070,12
17071,12
17072,12
17073,12
17074,12
17075,12
17076,12
17077,14
17078,14
17079,14
17080,14
17081,14
17082,14
17083,14
17084,14
17085,"12,13"
17086,"12,13"
17087,"12,13"
17088,"12,13"
17089,"12,13"
17090,13
17091,13
17092,13
17093,14
17094,14
17095,14
17096,14
17097,14
17098,14
17099,14
17100,14
17101,"12,13"
17102,13
17103,13
17104,14
17105,14
17106,14
17107,14
17108,14
17109,14
17110,14
17111,"12,13"
17112,"12,13"
17113,"12,13"
17114,13
17115,13
17116,13
17117,13
17118,13
17119,13
17120,14
17121,"6,11"
17122,"6,11"
17123,"6,11"
17124,"6,10"
17125,"6,37"
17126,"45,58"
17127,"45,58"
17128,"58,104"
17129,"58,104"
17130,"58,104"
17131,"58,104"
17132,"58,104"
17133,"58,104"
17134,"58,104"
17135,"58,104"
17136,"58,104"
17137,"58,104"
17138,"58,104"
17139,"58,104"
17140,"58,104"
17141,"58,104"
17142,"58,104"
17143,"58,104"
17144,"58,104"
17145,"58,104"
17146,"58,104"
17147,"58,104"
17148,"58,104"
17149,"58,104"
17150,"58,104"
17151,"58,104"
17152,"58,104"
17153,"58,104"
17154,27
17155,27
17156,22
17157,25
17158,25
17159,25
17160,25
17161,107
17162,107
17163,107
17164,107
17165,109
17166,109
17167,109
17168,109
17169,110
17170,110
17171,110
17172,19
17173,19
17174,19
17175,19
17176,19
17177,19
17178,79
17179,79
17180,79
17181,79
17182,79
17183,88
17184,88
17185,88
17186,88
17187,88
17188,88
17189,88
17190,100
17191,100
17192,100
17193,105
17194,108
17195,108
17196,108
17197,108
17198,108
17199,116
17200,116
17201,116
17202,116
17203,116
17204,116
17205,19
17206,19
17207,19
17208,19
17209,19
17210,19
17211,19
17212,19
17213,19
17214,19
17215,19
17216,19
17217,19
17218,19
17219,19
17220,19
17221,19
17222,19
17223,19
17224,19
17225,79
17226,79
17227,79
17228,79
17229,79
17230,79
17231,79
17232,79
17233,79
17234,79
17235,79
17236,79
17237,79
17238,79
17239,79
17240,79
17241,79
17242,79
17243,79
17244,79
17245,79
17246,79
17247,79
17248,79
17249,79
17250,79
17251,79
17252,79
17253,79
17254,79
17255,79
17256,79
17257,79
17258,79
17259,79
17260,79
17261,79
17262,79
17263,79
17264,79
17265,79
17266,79
17267,79
17268,79
17269,79
17270,79
17271,79
17272,79
17273,88
17274,88
17275,88
17276,88
17277,88
17278,88
17279,88
17280,88
17281,88
17282,88
17283,88
17284,88
17285,88
17286,88
17287,88
17288,88
17289,88
17290,88
17291,88
17292,88
17293,88
17294,88
17295,100
17296,100
17297,100
17298,100
17299,100
17300,100
17301,100
17302,100
17303,100
17304,100
17305,100
17306,100
17307,100
17308,100
17309,100
17310,100
17311,100
17312,100
17313,100
17314,100
17315,100
17316,105
17317,105
17318,105
17319,105
17320,105
17321,105
17322,108
17323,108
17324,108
17325,108
17326,108
17327,108
17328,108
17329,108
17330,108
17331,108
17332,108
17333,108
17334,108
17335,108
17336,108
17337,113
17338,113
17339,113
17340,113
17341,116
17342,116
17343,116
17344,116
17345,116
17346,116
17347,116
17348,116
17349,116
17350,116
17351,116
17352,116
17353,116
17354,116
17355,116
17356,116
17357,116
17358,116
17359,116
17360,116
17361,116
17362,116
17363,116
17364,116
17365,116
17366,116
17367,19
17368,19
17369,19
17370,79
17371,79
17372,79
17373,88
17374,88
17375,88
17376,100
17377,100
17378,105
17379,105
17380,108
17381,108
17382,108
17383,108
17384,108
17385,108
17386,108
17387,108
17388,116
17389,116
17390,79
17391,19
17392,19
17393,19
17394,19
17395,19
17396,19
17397,19
17398,19
17399,19
17400,19
17401,19
17402,19
17403,19
17404,19
17405,79
17406,79
17407,79
17408,88
17409,88
17410,88
17411,88
17412,100
17413,100
17414,100
17415,100
17416,100
17417,100
17418,100
17419,100
17420,100
17421,100
17422,100
17423,100
17424,100
17425,100
17426,105
17427,105
17428,108
17429,108
17430,108
17431,108
17432,108
17433,108
17434,108
17435,108
17436,108
17437,108
17438,108
17439,108
17440,108
17441,108
17442,108
17443,108
17444,108
17445,108
17446,108
17447,108
17448,113
17449,113
17450,113
17451,116
17452,116
17453,116
17454,116
17455,116
17456,116
17457,116
17458,116
17459,116
17460,116
17461,116
17462,116
17463,116
17464,116
17465,116
17466,116
17467,116
17468,116
17469,116
17470,116
17471,116
17472,19
17473,19
17474,19
17475,19
17476,19
17477,19
17478,19
17479,19
17480,19
17481,19
17482,79
17483,79
17484,79
17485,79
17486,79
17487,79
17488,79
17489,88
17490,88
17491,88
17492,88
17493,88
17494,88
17495,100
17496,100
17497,100
17498,100
17499,100
17500,100
17501,100
17502,108
17503,116
17504,116
17505,116
17506,116
17507,116
17508,116
17509,19
17510,19
17511,79
17512,79
17513,79
17514,100
17515,100
17516,100
17517,108
17518,108
17519,108
17520,108
17521,116
17522,116
17523,116
17524,25
17525,25
17526,25
17527,25
17528,25
17529,25
17530,25
17531,25
17532,25
17533,48
17534,79
17535,79
17536,79
17537,80
17538,80
17539,80
17540,82
17541,82
17542,82
17543,82
17544,78
17545,78
17546,78
17547,79
17548,79
17549,79
17550,79
17551,79
17552,79
17553,79
17554,79
17555,79
17556,80
17557,80
17558,80
17559,80
17560,80
17561,79
17562,79
17563,80
17564,80
17565,80
17566,80
17567,82
17568,82
17569,82
17570,82
17571,82
17572,82
17573,82
17574,82
17575,82
17576,82
17577,82
17578,82
17579,82
17580,82
17581,82
17582,82
17583,82
17584,82
17585,82
17586,82
17587,82
17588,82
17589,82
17590,82
17591,82
17592,82
17593,82
17594,82
17595,82
17596,82
17597,82
17598,82
17599,82
17600,82
17601,82
17602,82
17603,82
17604,82
17605,82
17606,82
17607,82
17608,82
17609,82
17610,82
17611,82
17612,82
17613,82
17614,82
17615,82
17616,82
17617,82
17618,82
17619,82
17620,82
17621,82
17622,82
17623,82
17624,82
17625,82
17626,82
17627,82
17628,82
17629,82
17630,82
17631,82
17632,82
17633,82
17634,82
17635,82
17636,82
17637,82
17638,82
17639,82
17640,82
17641,82
17642,82
17643,82
17644,82
17645,82
17646,82
17647,82
17648,82
17649,82
17650,82
17651,82
17652,82
17653,82
17654,82
17655,82
17656,82
17657,82
17658,82
17659,82
17660,82
17661,82
17662,82
17663,82
17664,82
17665,82
17666,82
17667,82
17668,82
17669,82
17670,82
17671,82
17672,82
17673,82
17674,82
17675,82
