2026-03-10 13:38:18,285 - INFO - Arguments:
2026-03-10 13:38:18,286 - INFO -   ablate_concept_graph: True
2026-03-10 13:38:18,286 - INFO -   ablate_module1: False
2026-03-10 13:38:18,286 - INFO -   ablate_module2: False
2026-03-10 13:38:18,286 - INFO -   ablate_module3: False
2026-03-10 13:38:18,286 - INFO -   ablate_skill_encoder: False
2026-03-10 13:38:18,286 - INFO -   ablate_soft_prototype: False
2026-03-10 13:38:18,286 - INFO -   allow_self_loop: True
2026-03-10 13:38:18,286 - INFO -   batch_size: 256
2026-03-10 13:38:18,286 - INFO -   data_dir: ./data/junyi
2026-03-10 13:38:18,286 - INFO -   dataset_name: junyi
2026-03-10 13:38:18,286 - INFO -   debug_module3_diag: True
2026-03-10 13:38:18,286 - INFO -   diag_batches: 1
2026-03-10 13:38:18,286 - INFO -   disable_q_aligned_residual: False
2026-03-10 13:38:18,286 - INFO -   disable_q_conditioning: False
2026-03-10 13:38:18,286 - INFO -   disable_self_loop: False
2026-03-10 13:38:18,286 - INFO -   disable_soft_prototype: False
2026-03-10 13:38:18,286 - INFO -   dropout: 0.4
2026-03-10 13:38:18,286 - INFO -   early_stop_patience: 3
2026-03-10 13:38:18,286 - INFO -   enable_module1: True
2026-03-10 13:38:18,286 - INFO -   enable_module2: True
2026-03-10 13:38:18,286 - INFO -   enable_module3: True
2026-03-10 13:38:18,286 - INFO -   enable_soft_prototype: False
2026-03-10 13:38:18,286 - INFO -   epochs: 100
2026-03-10 13:38:18,286 - INFO -   exercise_dim: 128
2026-03-10 13:38:18,286 - INFO -   exercise_l2_lambda: 5e-05
2026-03-10 13:38:18,286 - INFO -   fusion_gate_bias_init: -1.1
2026-03-10 13:38:18,286 - INFO -   fusion_gate_max: 1.0
2026-03-10 13:38:18,286 - INFO -   generate_diagnosis: False
2026-03-10 13:38:18,286 - INFO -   gnn_residual_weight: 0.5
2026-03-10 13:38:18,286 - INFO -   gpu_candidates: None
2026-03-10 13:38:18,286 - INFO -   gpu_ids: None
2026-03-10 13:38:18,286 - INFO -   gpu_memory_threshold: 2000
2026-03-10 13:38:18,286 - INFO -   gpus: None
2026-03-10 13:38:18,286 - INFO -   graph_dropout: -1.0
2026-03-10 13:38:18,286 - INFO -   graph_entropy_max: 0.7
2026-03-10 13:38:18,286 - INFO -   graph_entropy_min: 0.15
2026-03-10 13:38:18,286 - INFO -   graph_reg_cap_ratio: 6.0
2026-03-10 13:38:18,286 - INFO -   graph_reg_warmup_epochs: 1
2026-03-10 13:38:18,286 - INFO -   graph_tau_init: 1.0
2026-03-10 13:38:18,286 - INFO -   graph_topk: None
2026-03-10 13:38:18,287 - INFO -   graph_uniform_margin: 0.12
2026-03-10 13:38:18,287 - INFO -   knowledge_dim: 128
2026-03-10 13:38:18,287 - INFO -   lambda_alpha: 0.01
2026-03-10 13:38:18,287 - INFO -   lambda_graph_diag: 0.12
2026-03-10 13:38:18,287 - INFO -   lambda_graph_uniform: 0.06
2026-03-10 13:38:18,287 - INFO -   lambda_proto_div: 0.0
2026-03-10 13:38:18,287 - INFO -   lambda_proto_usage: 0.0
2026-03-10 13:38:18,287 - INFO -   lambda_sparse: 1.0
2026-03-10 13:38:18,287 - INFO -   lambda_sparse_personal: 0.005
2026-03-10 13:38:18,287 - INFO -   learning_rate: 0.003
2026-03-10 13:38:18,287 - INFO -   log_dir: logs/abce_diag/20260310_113819/junyi/seed42/best_no_A
2026-03-10 13:38:18,287 - INFO -   min_exer_interactions: 0
2026-03-10 13:38:18,287 - INFO -   min_poison_count: 0
2026-03-10 13:38:18,287 - INFO -   min_stu_interactions: 15
2026-03-10 13:38:18,287 - INFO -   model_variant: junyi_abce_best_no_A
2026-03-10 13:38:18,287 - INFO -   multi_gpu: False
2026-03-10 13:38:18,287 - INFO -   no_cuda: False
2026-03-10 13:38:18,287 - INFO -   num_gnn_layers: 0
2026-03-10 13:38:18,287 - INFO -   num_gpus: 1
2026-03-10 13:38:18,287 - INFO -   num_prototypes: 0
2026-03-10 13:38:18,287 - INFO -   num_relation_heads: 2
2026-03-10 13:38:18,287 - INFO -   num_workers: 4
2026-03-10 13:38:18,287 - INFO -   patience: 1
2026-03-10 13:38:18,287 - INFO -   personal_rank: 4
2026-03-10 13:38:18,287 - INFO -   proto_lambda: 0.0
2026-03-10 13:38:18,287 - INFO -   proto_tau: 1.0
2026-03-10 13:38:18,287 - INFO -   residual_clip_t: 2.0
2026-03-10 13:38:18,287 - INFO -   residual_scale_init: 0.1
2026-03-10 13:38:18,287 - INFO -   save_dir: checkpoints/abce_diag/20260310_113819/junyi/seed42/best_no_A
2026-03-10 13:38:18,287 - INFO -   save_interval: 10
2026-03-10 13:38:18,287 - INFO -   seed: 42
2026-03-10 13:38:18,287 - INFO -   skill_dim: 64
2026-03-10 13:38:18,287 - INFO -   use_concept_graph: False
2026-03-10 13:38:18,287 - INFO -   use_exercise_graph: False
2026-03-10 13:38:18,287 - INFO -   use_mf_branch: True
2026-03-10 13:38:18,287 - INFO -   use_personal_graph: True
2026-03-10 13:38:18,287 - INFO -   use_q_aligned_residual: True
2026-03-10 13:38:18,287 - INFO -   use_q_conditioning: True
2026-03-10 13:38:18,287 - INFO -   use_skill_encoder: True
2026-03-10 13:38:18,287 - INFO -   use_soft_prototype: False
2026-03-10 13:38:18,287 - INFO -   use_soft_prototype_main_path: False
2026-03-10 13:38:18,287 - INFO -   weight_decay: 0.001
2026-03-10 13:38:18,388 - INFO - Using device: cuda:0
2026-03-10 13:38:18,389 - INFO - [junyi|junyi_abce_best_no_A|lr=0.003|drop=0.40] Loading datasets...
2026-03-10 13:38:18,389 - INFO - [junyi|junyi_abce_best_no_A|lr=0.003|drop=0.40] Regularization: graph_entropy(lambda_sparse)=1.000000, graph_diag=0.120000, graph_uniform=0.060000, proto_div=0.000000, proto_usage=0.000000, personal_sparse=0.005000, alpha_penalty=0.010000, mf_l2(exercise_l2_lambda)=0.000050
2026-03-10 13:38:18,389 - INFO - [junyi|junyi_abce_best_no_A|lr=0.003|drop=0.40] Graph controls: entropy_band=[0.15, 0.70], uniform_margin=0.12, warmup_epochs=1, cap_ratio=6.00, graph_dropout=-1.000, graph_tau_init=1.000
2026-03-10 13:38:18,500 - INFO - [数据清洗] 学生交互次数 < 15 次的学生：共移除 0 个学生（仅统计用户数）
2026-03-10 13:38:18,513 - INFO - [数据清洗] 学生冷启动过滤：在 train/valid/test 中共删除 0 条记录。
2026-03-10 13:38:18,513 - INFO - [数据清洗] 跳过题目冷门过滤（min_exer_interactions <= 0）。
2026-03-10 13:38:18,513 - INFO - [数据清洗] 跳过毒题清洗（min_poison_count <= 0）。
2026-03-10 13:38:29,177 - INFO - [junyi|junyi_abce_best_no_A|lr=0.003|drop=0.40] Train samples: 262473, Val samples: 24299
2026-03-10 13:38:29,178 - INFO - [junyi|junyi_abce_best_no_A|lr=0.003|drop=0.40] Number of students: 10000
2026-03-10 13:38:29,178 - INFO - [junyi|junyi_abce_best_no_A|lr=0.003|drop=0.40] Number of exercises: 706
2026-03-10 13:38:29,178 - INFO - [junyi|junyi_abce_best_no_A|lr=0.003|drop=0.40] Number of concepts: 706
2026-03-10 13:38:29,178 - INFO - [junyi|junyi_abce_best_no_A|lr=0.003|drop=0.40] Creating model...
2026-03-10 13:38:29,178 - INFO - [junyi|junyi_abce_best_no_A|lr=0.003|drop=0.40] Ablation switches: ablate_module1=False, ablate_module2=False, ablate_module3=False | enable_module1=True, enable_module2=True, enable_module3=True | use_soft_prototype=False, use_mf_branch=True, use_concept_graph=False, use_q_aligned_residual=True, use_soft_prototype_main_path=False | effective(num_gnn_layers=0, num_prototypes=0)
2026-03-10 13:38:29,333 - INFO - [junyi|junyi_abce_best_no_A|lr=0.003|drop=0.40] Ablation runtime check: args(ablate_module1=False,ablate_module2=False,ablate_module3=False) | model(enable_module1=True,enable_module2=True,enable_module3=True) | physical(has_knowledge_encoder=True,has_mf_branch=True,has_soft_prototype=False)
2026-03-10 13:38:29,333 - INFO - [junyi|junyi_abce_best_no_A|lr=0.003|drop=0.40] Debug diagnostics enabled: diag_batches=1
2026-03-10 13:38:29,348 - INFO - [junyi|junyi_abce_best_no_A|lr=0.003|drop=0.40] [Module3 Init] fusion_gate_bias=-1.1000, fusion_gate_max=1.0000, implied_gate=0.2497, q_gate=0.5000, mf_scale=0.1000, bias_scale=0.1000, graph_tau_mean=0.0000, graph_tau_std=0.0000, graph_dropout=0.000
2026-03-10 13:38:29,348 - INFO - [junyi|junyi_abce_best_no_A|lr=0.003|drop=0.40] Total parameters: 2,947,424
2026-03-10 13:38:29,348 - INFO - [junyi|junyi_abce_best_no_A|lr=0.003|drop=0.40] Trainable parameters: 2,947,424
2026-03-10 13:38:29,945 - INFO - [junyi|junyi_abce_best_no_A|lr=0.003|drop=0.40] Starting training...
2026-03-10 13:38:58,114 - INFO - [junyi|junyi_abce_best_no_A|lr=0.003|drop=0.40] Epoch [001/100] | Train: Loss=0.6703, BCE=0.6375, Reg=0.0328, AUC=0.6362, ACC=0.6579, RMSE=0.4723 | Val: Loss=0.6780, BCE=0.6452, Reg=0.0328, AUC=0.5895, ACC=0.6647, RMSE=0.4757
2026-03-10 13:38:58,115 - INFO - [junyi|junyi_abce_best_no_A|lr=0.003|drop=0.40] [Reg Terms] Epoch [001] | Train: graph_entropy=0.000000, graph_diag=0.000000, graph_uniform=0.000000, graph_reg_scale=1.0000, mf_l2=0.000000, proto_div=0.000000, proto_usage=0.000000, personal_sparse=0.032798, alpha_var=-0.000000, reg_bce_ratio=0.0514 | Val: graph_entropy=0.000000, graph_diag=0.000000, graph_uniform=0.000000, graph_reg_scale=1.0000, mf_l2=0.000000, proto_div=0.000000, proto_usage=0.000000, personal_sparse=0.032798, alpha_var=-0.000000, reg_bce_ratio=0.0508
2026-03-10 13:38:59,266 - INFO - [junyi|junyi_abce_best_no_A|lr=0.003|drop=0.40] [Diag][M3] Epoch [001] | residual_abs_mean=0.2479, residual_std=0.1538, mf_abs_mean=0.2479, mf_std=0.1538, gate_mean=0.4911, gate_std=0.0007, irt_abs_mean=0.2306, irt_std=0.0416, delta_abs_mean=0.1218, delta_std=0.0757, delta_over_irt=0.5284, graph_row_entropy=0.0000, graph_entropy_ratio=0.0000, alpha_mean=0.5000, alpha_std=0.0000, personal_row_entropy=6.5596
2026-03-10 13:38:59,266 - INFO - [junyi|junyi_abce_best_no_A|lr=0.003|drop=0.40] [Diag][Graph] Epoch [001] | entropy_ratio=0.0000, diag_mass=1.0000, to_uniform_l2=0.037609, to_identity_l2=0.000000, tau_mean=0.0000, tau_std=0.0000, graph_reg_scale(train/val)=1.0000/1.0000
2026-03-10 13:38:59,267 - INFO - [junyi|junyi_abce_best_no_A|lr=0.003|drop=0.40] [Grad Norms] Epoch [001] | mf_u_proj=0.010090, mf_v_proj=0.010664, fusion_gate=0.000442, q_gate_raw=0.000005, skill_latent=4.997338, relation_emb=0.000000e+00, relation_tau=0.000000e+00, relation_wq=0.000000e+00, relation_wk=0.000000e+00, personal_u=0.000000e+00, personal_v=0.000000e+00
2026-03-10 13:38:59,418 - INFO - [junyi|junyi_abce_best_no_A|lr=0.003|drop=0.40] -> New best AUC=0.5895 at epoch 1
2026-03-10 13:39:26,966 - INFO - [junyi|junyi_abce_best_no_A|lr=0.003|drop=0.40] Epoch [002/100] | Train: Loss=0.6031, BCE=0.5703, Reg=0.0328, AUC=0.7354, ACC=0.6974, RMSE=0.4411 | Val: Loss=0.5538, BCE=0.5210, Reg=0.0328, AUC=0.7855, ACC=0.7470, RMSE=0.4168
2026-03-10 13:39:26,966 - INFO - [junyi|junyi_abce_best_no_A|lr=0.003|drop=0.40] [Reg Terms] Epoch [002] | Train: graph_entropy=0.000000, graph_diag=0.000000, graph_uniform=0.000000, graph_reg_scale=1.0000, mf_l2=0.000001, proto_div=0.000000, proto_usage=0.000000, personal_sparse=0.032798, alpha_var=-0.000000, reg_bce_ratio=0.0575 | Val: graph_entropy=0.000000, graph_diag=0.000000, graph_uniform=0.000000, graph_reg_scale=1.0000, mf_l2=0.000001, proto_div=0.000000, proto_usage=0.000000, personal_sparse=0.032798, alpha_var=-0.000000, reg_bce_ratio=0.0630
2026-03-10 13:39:27,972 - INFO - [junyi|junyi_abce_best_no_A|lr=0.003|drop=0.40] [Diag][M3] Epoch [002] | residual_abs_mean=0.2602, residual_std=0.1648, mf_abs_mean=0.2602, mf_std=0.1648, gate_mean=0.7168, gate_std=0.0380, irt_abs_mean=0.9601, irt_std=0.7995, delta_abs_mean=0.1886, delta_std=0.1232, delta_over_irt=0.1964, graph_row_entropy=0.0000, graph_entropy_ratio=0.0000, alpha_mean=0.5000, alpha_std=0.0000, personal_row_entropy=6.5596
2026-03-10 13:39:27,972 - INFO - [junyi|junyi_abce_best_no_A|lr=0.003|drop=0.40] [Diag][Graph] Epoch [002] | entropy_ratio=0.0000, diag_mass=1.0000, to_uniform_l2=0.037609, to_identity_l2=0.000000, tau_mean=0.0000, tau_std=0.0000, graph_reg_scale(train/val)=1.0000/1.0000
2026-03-10 13:39:27,972 - WARNING - [junyi|junyi_abce_best_no_A|lr=0.003|drop=0.40] [Diag Warning][M3] delta_over_irt has stayed high for 2 epoch(s): delta_over_irt=0.1964, delta_abs_mean=0.1886
2026-03-10 13:39:27,973 - INFO - [junyi|junyi_abce_best_no_A|lr=0.003|drop=0.40] [Grad Norms] Epoch [002] | mf_u_proj=0.025990, mf_v_proj=0.024484, fusion_gate=0.003013, q_gate_raw=0.000117, skill_latent=0.223308, relation_emb=0.000000e+00, relation_tau=0.000000e+00, relation_wq=0.000000e+00, relation_wk=0.000000e+00, personal_u=0.000000e+00, personal_v=0.000000e+00
2026-03-10 13:39:28,270 - INFO - [junyi|junyi_abce_best_no_A|lr=0.003|drop=0.40] -> New best AUC=0.7855 at epoch 2
2026-03-10 13:39:56,031 - INFO - [junyi|junyi_abce_best_no_A|lr=0.003|drop=0.40] Epoch [003/100] | Train: Loss=0.5562, BCE=0.5234, Reg=0.0328, AUC=0.7884, ACC=0.7418, RMSE=0.4179 | Val: Loss=0.5449, BCE=0.5121, Reg=0.0328, AUC=0.7936, ACC=0.7558, RMSE=0.4120
2026-03-10 13:39:56,031 - INFO - [junyi|junyi_abce_best_no_A|lr=0.003|drop=0.40] [Reg Terms] Epoch [003] | Train: graph_entropy=0.000000, graph_diag=0.000000, graph_uniform=0.000000, graph_reg_scale=1.0000, mf_l2=0.000001, proto_div=0.000000, proto_usage=0.000000, personal_sparse=0.032798, alpha_var=-0.000000, reg_bce_ratio=0.0627 | Val: graph_entropy=0.000000, graph_diag=0.000000, graph_uniform=0.000000, graph_reg_scale=1.0000, mf_l2=0.000001, proto_div=0.000000, proto_usage=0.000000, personal_sparse=0.032798, alpha_var=-0.000000, reg_bce_ratio=0.0640
2026-03-10 13:39:57,197 - INFO - [junyi|junyi_abce_best_no_A|lr=0.003|drop=0.40] [Diag][M3] Epoch [003] | residual_abs_mean=0.2100, residual_std=0.1561, mf_abs_mean=0.2100, mf_std=0.1561, gate_mean=0.7215, gate_std=0.0125, irt_abs_mean=1.0103, irt_std=0.7759, delta_abs_mean=0.1517, delta_std=0.1136, delta_over_irt=0.1502, graph_row_entropy=0.0000, graph_entropy_ratio=0.0000, alpha_mean=0.5000, alpha_std=0.0000, personal_row_entropy=6.5596
2026-03-10 13:39:57,197 - INFO - [junyi|junyi_abce_best_no_A|lr=0.003|drop=0.40] [Diag][Graph] Epoch [003] | entropy_ratio=0.0000, diag_mass=1.0000, to_uniform_l2=0.037609, to_identity_l2=0.000000, tau_mean=0.0000, tau_std=0.0000, graph_reg_scale(train/val)=1.0000/1.0000
2026-03-10 13:39:57,197 - WARNING - [junyi|junyi_abce_best_no_A|lr=0.003|drop=0.40] [Diag Warning][M3] delta_over_irt has stayed high for 3 epoch(s): delta_over_irt=0.1502, delta_abs_mean=0.1517
2026-03-10 13:39:57,197 - WARNING - [junyi|junyi_abce_best_no_A|lr=0.003|drop=0.40] [Diag Warning] alpha_std has been near zero for 3 epoch(s) (alpha_std=0.000000, personal_row_entropy=6.5596). This indicates personal-graph mixing may be collapsed/trivial.
2026-03-10 13:39:57,197 - INFO - [junyi|junyi_abce_best_no_A|lr=0.003|drop=0.40] [Grad Norms] Epoch [003] | mf_u_proj=0.033736, mf_v_proj=0.022688, fusion_gate=0.003385, q_gate_raw=0.000048, skill_latent=0.301673, relation_emb=0.000000e+00, relation_tau=0.000000e+00, relation_wq=0.000000e+00, relation_wk=0.000000e+00, personal_u=0.000000e+00, personal_v=0.000000e+00
2026-03-10 13:39:57,612 - INFO - [junyi|junyi_abce_best_no_A|lr=0.003|drop=0.40] -> New best AUC=0.7936 at epoch 3
2026-03-10 13:40:25,220 - INFO - [junyi|junyi_abce_best_no_A|lr=0.003|drop=0.40] Epoch [004/100] | Train: Loss=0.5515, BCE=0.5187, Reg=0.0328, AUC=0.7923, ACC=0.7462, RMSE=0.4156 | Val: Loss=0.5431, BCE=0.5103, Reg=0.0328, AUC=0.7956, ACC=0.7550, RMSE=0.4113
2026-03-10 13:40:25,221 - INFO - [junyi|junyi_abce_best_no_A|lr=0.003|drop=0.40] [Reg Terms] Epoch [004] | Train: graph_entropy=0.000000, graph_diag=0.000000, graph_uniform=0.000000, graph_reg_scale=1.0000, mf_l2=0.000001, proto_div=0.000000, proto_usage=0.000000, personal_sparse=0.032798, alpha_var=-0.000000, reg_bce_ratio=0.0632 | Val: graph_entropy=0.000000, graph_diag=0.000000, graph_uniform=0.000000, graph_reg_scale=1.0000, mf_l2=0.000001, proto_div=0.000000, proto_usage=0.000000, personal_sparse=0.032798, alpha_var=-0.000000, reg_bce_ratio=0.0643
2026-03-10 13:40:26,231 - INFO - [junyi|junyi_abce_best_no_A|lr=0.003|drop=0.40] [Diag][M3] Epoch [004] | residual_abs_mean=0.2073, residual_std=0.1359, mf_abs_mean=0.2073, mf_std=0.1359, gate_mean=0.7016, gate_std=0.0069, irt_abs_mean=1.0661, irt_std=0.7732, delta_abs_mean=0.1455, delta_std=0.0954, delta_over_irt=0.1365, graph_row_entropy=0.0000, graph_entropy_ratio=0.0000, alpha_mean=0.5000, alpha_std=0.0000, personal_row_entropy=6.5596
2026-03-10 13:40:26,231 - INFO - [junyi|junyi_abce_best_no_A|lr=0.003|drop=0.40] [Diag][Graph] Epoch [004] | entropy_ratio=0.0000, diag_mass=1.0000, to_uniform_l2=0.037609, to_identity_l2=0.000000, tau_mean=0.0000, tau_std=0.0000, graph_reg_scale(train/val)=1.0000/1.0000
2026-03-10 13:40:26,231 - WARNING - [junyi|junyi_abce_best_no_A|lr=0.003|drop=0.40] [Diag Warning] alpha_std has been near zero for 4 epoch(s) (alpha_std=0.000000, personal_row_entropy=6.5596). This indicates personal-graph mixing may be collapsed/trivial.
2026-03-10 13:40:26,231 - INFO - [junyi|junyi_abce_best_no_A|lr=0.003|drop=0.40] [Grad Norms] Epoch [004] | mf_u_proj=0.031462, mf_v_proj=0.032334, fusion_gate=0.000909, q_gate_raw=0.000022, skill_latent=2.012139, relation_emb=0.000000e+00, relation_tau=0.000000e+00, relation_wq=0.000000e+00, relation_wk=0.000000e+00, personal_u=0.000000e+00, personal_v=0.000000e+00
2026-03-10 13:40:26,723 - INFO - [junyi|junyi_abce_best_no_A|lr=0.003|drop=0.40] -> New best AUC=0.7956 at epoch 4
2026-03-10 13:40:54,834 - INFO - [junyi|junyi_abce_best_no_A|lr=0.003|drop=0.40] Epoch [005/100] | Train: Loss=0.5499, BCE=0.5171, Reg=0.0328, AUC=0.7937, ACC=0.7482, RMSE=0.4147 | Val: Loss=0.5431, BCE=0.5103, Reg=0.0328, AUC=0.7940, ACC=0.7539, RMSE=0.4112
2026-03-10 13:40:54,834 - INFO - [junyi|junyi_abce_best_no_A|lr=0.003|drop=0.40] [Reg Terms] Epoch [005] | Train: graph_entropy=0.000000, graph_diag=0.000000, graph_uniform=0.000000, graph_reg_scale=1.0000, mf_l2=0.000001, proto_div=0.000000, proto_usage=0.000000, personal_sparse=0.032798, alpha_var=-0.000000, reg_bce_ratio=0.0634 | Val: graph_entropy=0.000000, graph_diag=0.000000, graph_uniform=0.000000, graph_reg_scale=1.0000, mf_l2=0.000001, proto_div=0.000000, proto_usage=0.000000, personal_sparse=0.032798, alpha_var=-0.000000, reg_bce_ratio=0.0643
2026-03-10 13:40:55,960 - INFO - [junyi|junyi_abce_best_no_A|lr=0.003|drop=0.40] [Diag][M3] Epoch [005] | residual_abs_mean=0.1593, residual_std=0.1081, mf_abs_mean=0.1593, mf_std=0.1081, gate_mean=0.6444, gate_std=0.0164, irt_abs_mean=1.1439, irt_std=0.8223, delta_abs_mean=0.1024, delta_std=0.0693, delta_over_irt=0.0895, graph_row_entropy=0.0000, graph_entropy_ratio=0.0000, alpha_mean=0.5000, alpha_std=0.0000, personal_row_entropy=6.5596
2026-03-10 13:40:55,961 - INFO - [junyi|junyi_abce_best_no_A|lr=0.003|drop=0.40] [Diag][Graph] Epoch [005] | entropy_ratio=0.0000, diag_mass=1.0000, to_uniform_l2=0.037609, to_identity_l2=0.000000, tau_mean=0.0000, tau_std=0.0000, graph_reg_scale(train/val)=1.0000/1.0000
2026-03-10 13:40:55,961 - WARNING - [junyi|junyi_abce_best_no_A|lr=0.003|drop=0.40] [Diag Warning] alpha_std has been near zero for 5 epoch(s) (alpha_std=0.000000, personal_row_entropy=6.5596). This indicates personal-graph mixing may be collapsed/trivial.
2026-03-10 13:40:55,961 - INFO - [junyi|junyi_abce_best_no_A|lr=0.003|drop=0.40] [Grad Norms] Epoch [005] | mf_u_proj=0.024090, mf_v_proj=0.030406, fusion_gate=0.000697, q_gate_raw=0.000043, skill_latent=0.348014, relation_emb=0.000000e+00, relation_tau=0.000000e+00, relation_wq=0.000000e+00, relation_wk=0.000000e+00, personal_u=0.000000e+00, personal_v=0.000000e+00
2026-03-10 13:40:55,961 - INFO - [junyi|junyi_abce_best_no_A|lr=0.003|drop=0.40] -> No improvement 1 epoch(s) (best AUC=0.7956 @ 4)
2026-03-10 13:41:23,875 - INFO - [junyi|junyi_abce_best_no_A|lr=0.003|drop=0.40] Epoch [006/100] | Train: Loss=0.5495, BCE=0.5167, Reg=0.0328, AUC=0.7939, ACC=0.7479, RMSE=0.4146 | Val: Loss=0.5419, BCE=0.5091, Reg=0.0328, AUC=0.7957, ACC=0.7572, RMSE=0.4108
2026-03-10 13:41:23,875 - INFO - [junyi|junyi_abce_best_no_A|lr=0.003|drop=0.40] [Reg Terms] Epoch [006] | Train: graph_entropy=0.000000, graph_diag=0.000000, graph_uniform=0.000000, graph_reg_scale=1.0000, mf_l2=0.000001, proto_div=0.000000, proto_usage=0.000000, personal_sparse=0.032798, alpha_var=-0.000000, reg_bce_ratio=0.0635 | Val: graph_entropy=0.000000, graph_diag=0.000000, graph_uniform=0.000000, graph_reg_scale=1.0000, mf_l2=0.000001, proto_div=0.000000, proto_usage=0.000000, personal_sparse=0.032798, alpha_var=-0.000000, reg_bce_ratio=0.0644
2026-03-10 13:41:24,808 - INFO - [junyi|junyi_abce_best_no_A|lr=0.003|drop=0.40] [Diag][M3] Epoch [006] | residual_abs_mean=0.1338, residual_std=0.0994, mf_abs_mean=0.1338, mf_std=0.0994, gate_mean=0.5837, gate_std=0.0259, irt_abs_mean=1.1333, irt_std=0.8119, delta_abs_mean=0.0779, delta_std=0.0579, delta_over_irt=0.0687, graph_row_entropy=0.0000, graph_entropy_ratio=0.0000, alpha_mean=0.5000, alpha_std=0.0000, personal_row_entropy=6.5596
2026-03-10 13:41:24,808 - INFO - [junyi|junyi_abce_best_no_A|lr=0.003|drop=0.40] [Diag][Graph] Epoch [006] | entropy_ratio=0.0000, diag_mass=1.0000, to_uniform_l2=0.037609, to_identity_l2=0.000000, tau_mean=0.0000, tau_std=0.0000, graph_reg_scale(train/val)=1.0000/1.0000
2026-03-10 13:41:24,808 - WARNING - [junyi|junyi_abce_best_no_A|lr=0.003|drop=0.40] [Diag Warning] alpha_std has been near zero for 6 epoch(s) (alpha_std=0.000000, personal_row_entropy=6.5596). This indicates personal-graph mixing may be collapsed/trivial.
2026-03-10 13:41:24,808 - INFO - [junyi|junyi_abce_best_no_A|lr=0.003|drop=0.40] [Grad Norms] Epoch [006] | mf_u_proj=0.026638, mf_v_proj=0.026793, fusion_gate=0.000741, q_gate_raw=0.000068, skill_latent=0.749405, relation_emb=0.000000e+00, relation_tau=0.000000e+00, relation_wq=0.000000e+00, relation_wk=0.000000e+00, personal_u=0.000000e+00, personal_v=0.000000e+00
2026-03-10 13:41:25,138 - INFO - [junyi|junyi_abce_best_no_A|lr=0.003|drop=0.40] -> New best AUC=0.7957 at epoch 6
2026-03-10 13:41:52,937 - INFO - [junyi|junyi_abce_best_no_A|lr=0.003|drop=0.40] Epoch [007/100] | Train: Loss=0.5493, BCE=0.5165, Reg=0.0328, AUC=0.7942, ACC=0.7493, RMSE=0.4143 | Val: Loss=0.5428, BCE=0.5100, Reg=0.0328, AUC=0.7960, ACC=0.7548, RMSE=0.4111
2026-03-10 13:41:52,938 - INFO - [junyi|junyi_abce_best_no_A|lr=0.003|drop=0.40] [Reg Terms] Epoch [007] | Train: graph_entropy=0.000000, graph_diag=0.000000, graph_uniform=0.000000, graph_reg_scale=1.0000, mf_l2=0.000000, proto_div=0.000000, proto_usage=0.000000, personal_sparse=0.032798, alpha_var=-0.000000, reg_bce_ratio=0.0635 | Val: graph_entropy=0.000000, graph_diag=0.000000, graph_uniform=0.000000, graph_reg_scale=1.0000, mf_l2=0.000000, proto_div=0.000000, proto_usage=0.000000, personal_sparse=0.032798, alpha_var=-0.000000, reg_bce_ratio=0.0643
2026-03-10 13:41:54,113 - INFO - [junyi|junyi_abce_best_no_A|lr=0.003|drop=0.40] [Diag][M3] Epoch [007] | residual_abs_mean=0.1324, residual_std=0.0888, mf_abs_mean=0.1324, mf_std=0.0888, gate_mean=0.4618, gate_std=0.0773, irt_abs_mean=1.1629, irt_std=0.8686, delta_abs_mean=0.0622, delta_std=0.0462, delta_over_irt=0.0535, graph_row_entropy=0.0000, graph_entropy_ratio=0.0000, alpha_mean=0.5000, alpha_std=0.0000, personal_row_entropy=6.5596
2026-03-10 13:41:54,113 - INFO - [junyi|junyi_abce_best_no_A|lr=0.003|drop=0.40] [Diag][Graph] Epoch [007] | entropy_ratio=0.0000, diag_mass=1.0000, to_uniform_l2=0.037609, to_identity_l2=0.000000, tau_mean=0.0000, tau_std=0.0000, graph_reg_scale(train/val)=1.0000/1.0000
2026-03-10 13:41:54,113 - WARNING - [junyi|junyi_abce_best_no_A|lr=0.003|drop=0.40] [Diag Warning] alpha_std has been near zero for 7 epoch(s) (alpha_std=0.000000, personal_row_entropy=6.5596). This indicates personal-graph mixing may be collapsed/trivial.
2026-03-10 13:41:54,113 - INFO - [junyi|junyi_abce_best_no_A|lr=0.003|drop=0.40] [Grad Norms] Epoch [007] | mf_u_proj=0.021963, mf_v_proj=0.027011, fusion_gate=0.003388, q_gate_raw=0.000204, skill_latent=1.051175, relation_emb=0.000000e+00, relation_tau=0.000000e+00, relation_wq=0.000000e+00, relation_wk=0.000000e+00, personal_u=0.000000e+00, personal_v=0.000000e+00
2026-03-10 13:41:54,458 - INFO - [junyi|junyi_abce_best_no_A|lr=0.003|drop=0.40] -> New best AUC=0.7960 at epoch 7
2026-03-10 13:42:22,010 - INFO - [junyi|junyi_abce_best_no_A|lr=0.003|drop=0.40] Epoch [008/100] | Train: Loss=0.5490, BCE=0.5162, Reg=0.0328, AUC=0.7946, ACC=0.7492, RMSE=0.4143 | Val: Loss=0.5429, BCE=0.5101, Reg=0.0328, AUC=0.7949, ACC=0.7531, RMSE=0.4113
2026-03-10 13:42:22,010 - INFO - [junyi|junyi_abce_best_no_A|lr=0.003|drop=0.40] [Reg Terms] Epoch [008] | Train: graph_entropy=0.000000, graph_diag=0.000000, graph_uniform=0.000000, graph_reg_scale=1.0000, mf_l2=0.000000, proto_div=0.000000, proto_usage=0.000000, personal_sparse=0.032798, alpha_var=-0.000000, reg_bce_ratio=0.0635 | Val: graph_entropy=0.000000, graph_diag=0.000000, graph_uniform=0.000000, graph_reg_scale=1.0000, mf_l2=0.000000, proto_div=0.000000, proto_usage=0.000000, personal_sparse=0.032798, alpha_var=-0.000000, reg_bce_ratio=0.0643
2026-03-10 13:42:23,165 - INFO - [junyi|junyi_abce_best_no_A|lr=0.003|drop=0.40] [Diag][M3] Epoch [008] | residual_abs_mean=0.1292, residual_std=0.0876, mf_abs_mean=0.1292, mf_std=0.0876, gate_mean=0.3519, gate_std=0.0907, irt_abs_mean=1.1931, irt_std=0.9111, delta_abs_mean=0.0456, delta_std=0.0354, delta_over_irt=0.0382, graph_row_entropy=0.0000, graph_entropy_ratio=0.0000, alpha_mean=0.5000, alpha_std=0.0000, personal_row_entropy=6.5596
2026-03-10 13:42:23,165 - INFO - [junyi|junyi_abce_best_no_A|lr=0.003|drop=0.40] [Diag][Graph] Epoch [008] | entropy_ratio=0.0000, diag_mass=1.0000, to_uniform_l2=0.037609, to_identity_l2=0.000000, tau_mean=0.0000, tau_std=0.0000, graph_reg_scale(train/val)=1.0000/1.0000
2026-03-10 13:42:23,165 - WARNING - [junyi|junyi_abce_best_no_A|lr=0.003|drop=0.40] [Diag Warning] alpha_std has been near zero for 8 epoch(s) (alpha_std=0.000000, personal_row_entropy=6.5596). This indicates personal-graph mixing may be collapsed/trivial.
2026-03-10 13:42:23,165 - INFO - [junyi|junyi_abce_best_no_A|lr=0.003|drop=0.40] [Grad Norms] Epoch [008] | mf_u_proj=0.022285, mf_v_proj=0.025913, fusion_gate=0.001105, q_gate_raw=0.000071, skill_latent=0.636022, relation_emb=0.000000e+00, relation_tau=0.000000e+00, relation_wq=0.000000e+00, relation_wk=0.000000e+00, personal_u=0.000000e+00, personal_v=0.000000e+00
2026-03-10 13:42:23,165 - INFO - [junyi|junyi_abce_best_no_A|lr=0.003|drop=0.40] -> No improvement 1 epoch(s) (best AUC=0.7960 @ 7)
2026-03-10 13:42:51,290 - INFO - [junyi|junyi_abce_best_no_A|lr=0.003|drop=0.40] Epoch [009/100] | Train: Loss=0.5442, BCE=0.5114, Reg=0.0328, AUC=0.8000, ACC=0.7542, RMSE=0.4118 | Val: Loss=0.5354, BCE=0.5026, Reg=0.0328, AUC=0.8023, ACC=0.7620, RMSE=0.4073
2026-03-10 13:42:51,291 - INFO - [junyi|junyi_abce_best_no_A|lr=0.003|drop=0.40] [Reg Terms] Epoch [009] | Train: graph_entropy=0.000000, graph_diag=0.000000, graph_uniform=0.000000, graph_reg_scale=1.0000, mf_l2=0.000000, proto_div=0.000000, proto_usage=0.000000, personal_sparse=0.032798, alpha_var=-0.000000, reg_bce_ratio=0.0641 | Val: graph_entropy=0.000000, graph_diag=0.000000, graph_uniform=0.000000, graph_reg_scale=1.0000, mf_l2=0.000000, proto_div=0.000000, proto_usage=0.000000, personal_sparse=0.032798, alpha_var=-0.000000, reg_bce_ratio=0.0653
2026-03-10 13:42:52,316 - INFO - [junyi|junyi_abce_best_no_A|lr=0.003|drop=0.40] [Diag][M3] Epoch [009] | residual_abs_mean=0.2088, residual_std=0.1342, mf_abs_mean=0.2088, mf_std=0.1342, gate_mean=0.2823, gate_std=0.1433, irt_abs_mean=1.2520, irt_std=0.8954, delta_abs_mean=0.0600, delta_std=0.0540, delta_over_irt=0.0479, graph_row_entropy=0.0000, graph_entropy_ratio=0.0000, alpha_mean=0.5000, alpha_std=0.0000, personal_row_entropy=6.5596
2026-03-10 13:42:52,317 - INFO - [junyi|junyi_abce_best_no_A|lr=0.003|drop=0.40] [Diag][Graph] Epoch [009] | entropy_ratio=0.0000, diag_mass=1.0000, to_uniform_l2=0.037609, to_identity_l2=0.000000, tau_mean=0.0000, tau_std=0.0000, graph_reg_scale(train/val)=1.0000/1.0000
2026-03-10 13:42:52,317 - WARNING - [junyi|junyi_abce_best_no_A|lr=0.003|drop=0.40] [Diag Warning] alpha_std has been near zero for 9 epoch(s) (alpha_std=0.000000, personal_row_entropy=6.5596). This indicates personal-graph mixing may be collapsed/trivial.
2026-03-10 13:42:52,317 - INFO - [junyi|junyi_abce_best_no_A|lr=0.003|drop=0.40] [Grad Norms] Epoch [009] | mf_u_proj=0.020793, mf_v_proj=0.021442, fusion_gate=0.003427, q_gate_raw=0.000113, skill_latent=0.133475, relation_emb=0.000000e+00, relation_tau=0.000000e+00, relation_wq=0.000000e+00, relation_wk=0.000000e+00, personal_u=0.000000e+00, personal_v=0.000000e+00
2026-03-10 13:42:52,667 - INFO - [junyi|junyi_abce_best_no_A|lr=0.003|drop=0.40] -> New best AUC=0.8023 at epoch 9
2026-03-10 13:43:20,705 - INFO - [junyi|junyi_abce_best_no_A|lr=0.003|drop=0.40] Epoch [010/100] | Train: Loss=0.5420, BCE=0.5092, Reg=0.0328, AUC=0.8016, ACC=0.7551, RMSE=0.4108 | Val: Loss=0.5346, BCE=0.5018, Reg=0.0328, AUC=0.8025, ACC=0.7618, RMSE=0.4069
2026-03-10 13:43:20,705 - INFO - [junyi|junyi_abce_best_no_A|lr=0.003|drop=0.40] [Reg Terms] Epoch [010] | Train: graph_entropy=0.000000, graph_diag=0.000000, graph_uniform=0.000000, graph_reg_scale=1.0000, mf_l2=0.000000, proto_div=0.000000, proto_usage=0.000000, personal_sparse=0.032798, alpha_var=-0.000000, reg_bce_ratio=0.0644 | Val: graph_entropy=0.000000, graph_diag=0.000000, graph_uniform=0.000000, graph_reg_scale=1.0000, mf_l2=0.000000, proto_div=0.000000, proto_usage=0.000000, personal_sparse=0.032798, alpha_var=-0.000000, reg_bce_ratio=0.0654
2026-03-10 13:43:21,639 - INFO - [junyi|junyi_abce_best_no_A|lr=0.003|drop=0.40] [Diag][M3] Epoch [010] | residual_abs_mean=0.3540, residual_std=0.2034, mf_abs_mean=0.3540, mf_std=0.2034, gate_mean=0.2214, gate_std=0.1677, irt_abs_mean=1.2668, irt_std=0.8767, delta_abs_mean=0.0781, delta_std=0.0769, delta_over_irt=0.0616, graph_row_entropy=0.0000, graph_entropy_ratio=0.0000, alpha_mean=0.5000, alpha_std=0.0000, personal_row_entropy=6.5596
2026-03-10 13:43:21,639 - INFO - [junyi|junyi_abce_best_no_A|lr=0.003|drop=0.40] [Diag][Graph] Epoch [010] | entropy_ratio=0.0000, diag_mass=1.0000, to_uniform_l2=0.037609, to_identity_l2=0.000000, tau_mean=0.0000, tau_std=0.0000, graph_reg_scale(train/val)=1.0000/1.0000
2026-03-10 13:43:21,639 - WARNING - [junyi|junyi_abce_best_no_A|lr=0.003|drop=0.40] [Diag Warning] alpha_std has been near zero for 10 epoch(s) (alpha_std=0.000000, personal_row_entropy=6.5596). This indicates personal-graph mixing may be collapsed/trivial.
2026-03-10 13:43:21,639 - INFO - [junyi|junyi_abce_best_no_A|lr=0.003|drop=0.40] [Grad Norms] Epoch [010] | mf_u_proj=0.019929, mf_v_proj=0.021329, fusion_gate=0.004734, q_gate_raw=0.000032, skill_latent=0.127105, relation_emb=0.000000e+00, relation_tau=0.000000e+00, relation_wq=0.000000e+00, relation_wk=0.000000e+00, personal_u=0.000000e+00, personal_v=0.000000e+00
2026-03-10 13:43:21,949 - INFO - [junyi|junyi_abce_best_no_A|lr=0.003|drop=0.40] -> New best AUC=0.8025 at epoch 10
2026-03-10 13:43:22,020 - INFO - [junyi|junyi_abce_best_no_A|lr=0.003|drop=0.40] Checkpoint saved: checkpoints/abce_diag/20260310_113819/junyi/seed42/best_no_A/checkpoint_epoch_10.pth
2026-03-10 13:43:22,247 - INFO - [junyi|junyi_abce_best_no_A|lr=0.003|drop=0.40] [Module Activity] Epoch 10: Personal✗ MF✓
2026-03-10 13:43:51,371 - INFO - [junyi|junyi_abce_best_no_A|lr=0.003|drop=0.40] Epoch [011/100] | Train: Loss=0.5411, BCE=0.5083, Reg=0.0328, AUC=0.8025, ACC=0.7552, RMSE=0.4103 | Val: Loss=0.5342, BCE=0.5014, Reg=0.0328, AUC=0.8025, ACC=0.7615, RMSE=0.4068
2026-03-10 13:43:51,371 - INFO - [junyi|junyi_abce_best_no_A|lr=0.003|drop=0.40] [Reg Terms] Epoch [011] | Train: graph_entropy=0.000000, graph_diag=0.000000, graph_uniform=0.000000, graph_reg_scale=1.0000, mf_l2=0.000000, proto_div=0.000000, proto_usage=0.000000, personal_sparse=0.032798, alpha_var=-0.000000, reg_bce_ratio=0.0645 | Val: graph_entropy=0.000000, graph_diag=0.000000, graph_uniform=0.000000, graph_reg_scale=1.0000, mf_l2=0.000000, proto_div=0.000000, proto_usage=0.000000, personal_sparse=0.032798, alpha_var=-0.000000, reg_bce_ratio=0.0654
2026-03-10 13:43:52,352 - INFO - [junyi|junyi_abce_best_no_A|lr=0.003|drop=0.40] [Diag][M3] Epoch [011] | residual_abs_mean=0.5017, residual_std=0.1998, mf_abs_mean=0.5017, mf_std=0.1998, gate_mean=0.2073, gate_std=0.1693, irt_abs_mean=1.2021, irt_std=0.9053, delta_abs_mean=0.1007, delta_std=0.0939, delta_over_irt=0.0838, graph_row_entropy=0.0000, graph_entropy_ratio=0.0000, alpha_mean=0.5000, alpha_std=0.0000, personal_row_entropy=6.5596
2026-03-10 13:43:52,352 - INFO - [junyi|junyi_abce_best_no_A|lr=0.003|drop=0.40] [Diag][Graph] Epoch [011] | entropy_ratio=0.0000, diag_mass=1.0000, to_uniform_l2=0.037609, to_identity_l2=0.000000, tau_mean=0.0000, tau_std=0.0000, graph_reg_scale(train/val)=1.0000/1.0000
2026-03-10 13:43:52,352 - WARNING - [junyi|junyi_abce_best_no_A|lr=0.003|drop=0.40] [Diag Warning] alpha_std has been near zero for 11 epoch(s) (alpha_std=0.000000, personal_row_entropy=6.5596). This indicates personal-graph mixing may be collapsed/trivial.
2026-03-10 13:43:52,352 - INFO - [junyi|junyi_abce_best_no_A|lr=0.003|drop=0.40] [Grad Norms] Epoch [011] | mf_u_proj=0.013308, mf_v_proj=0.020245, fusion_gate=0.002686, q_gate_raw=0.000018, skill_latent=0.443738, relation_emb=0.000000e+00, relation_tau=0.000000e+00, relation_wq=0.000000e+00, relation_wk=0.000000e+00, personal_u=0.000000e+00, personal_v=0.000000e+00
2026-03-10 13:43:52,353 - INFO - [junyi|junyi_abce_best_no_A|lr=0.003|drop=0.40] -> No improvement 1 epoch(s) (best AUC=0.8025 @ 10)
2026-03-10 13:44:19,994 - INFO - [junyi|junyi_abce_best_no_A|lr=0.003|drop=0.40] Epoch [012/100] | Train: Loss=0.5409, BCE=0.5081, Reg=0.0328, AUC=0.8023, ACC=0.7560, RMSE=0.4103 | Val: Loss=0.5330, BCE=0.5002, Reg=0.0328, AUC=0.8038, ACC=0.7639, RMSE=0.4061
2026-03-10 13:44:19,995 - INFO - [junyi|junyi_abce_best_no_A|lr=0.003|drop=0.40] [Reg Terms] Epoch [012] | Train: graph_entropy=0.000000, graph_diag=0.000000, graph_uniform=0.000000, graph_reg_scale=1.0000, mf_l2=0.000000, proto_div=0.000000, proto_usage=0.000000, personal_sparse=0.032798, alpha_var=-0.000000, reg_bce_ratio=0.0646 | Val: graph_entropy=0.000000, graph_diag=0.000000, graph_uniform=0.000000, graph_reg_scale=1.0000, mf_l2=0.000000, proto_div=0.000000, proto_usage=0.000000, personal_sparse=0.032798, alpha_var=-0.000000, reg_bce_ratio=0.0656
2026-03-10 13:44:21,163 - INFO - [junyi|junyi_abce_best_no_A|lr=0.003|drop=0.40] [Diag][M3] Epoch [012] | residual_abs_mean=0.6249, residual_std=0.2404, mf_abs_mean=0.6249, mf_std=0.2404, gate_mean=0.1848, gate_std=0.1680, irt_abs_mean=1.2029, irt_std=0.8512, delta_abs_mean=0.1147, delta_std=0.1146, delta_over_irt=0.0953, graph_row_entropy=0.0000, graph_entropy_ratio=0.0000, alpha_mean=0.5000, alpha_std=0.0000, personal_row_entropy=6.5596
2026-03-10 13:44:21,163 - INFO - [junyi|junyi_abce_best_no_A|lr=0.003|drop=0.40] [Diag][Graph] Epoch [012] | entropy_ratio=0.0000, diag_mass=1.0000, to_uniform_l2=0.037609, to_identity_l2=0.000000, tau_mean=0.0000, tau_std=0.0000, graph_reg_scale(train/val)=1.0000/1.0000
2026-03-10 13:44:21,163 - WARNING - [junyi|junyi_abce_best_no_A|lr=0.003|drop=0.40] [Diag Warning] alpha_std has been near zero for 12 epoch(s) (alpha_std=0.000000, personal_row_entropy=6.5596). This indicates personal-graph mixing may be collapsed/trivial.
2026-03-10 13:44:21,163 - INFO - [junyi|junyi_abce_best_no_A|lr=0.003|drop=0.40] [Grad Norms] Epoch [012] | mf_u_proj=0.019762, mf_v_proj=0.021657, fusion_gate=0.007696, q_gate_raw=0.000016, skill_latent=0.507892, relation_emb=0.000000e+00, relation_tau=0.000000e+00, relation_wq=0.000000e+00, relation_wk=0.000000e+00, personal_u=0.000000e+00, personal_v=0.000000e+00
2026-03-10 13:44:21,483 - INFO - [junyi|junyi_abce_best_no_A|lr=0.003|drop=0.40] -> New best AUC=0.8038 at epoch 12
2026-03-10 13:44:49,072 - INFO - [junyi|junyi_abce_best_no_A|lr=0.003|drop=0.40] Epoch [013/100] | Train: Loss=0.5402, BCE=0.5074, Reg=0.0328, AUC=0.8032, ACC=0.7554, RMSE=0.4099 | Val: Loss=0.5327, BCE=0.4999, Reg=0.0328, AUC=0.8035, ACC=0.7620, RMSE=0.4061
2026-03-10 13:44:49,072 - INFO - [junyi|junyi_abce_best_no_A|lr=0.003|drop=0.40] [Reg Terms] Epoch [013] | Train: graph_entropy=0.000000, graph_diag=0.000000, graph_uniform=0.000000, graph_reg_scale=1.0000, mf_l2=0.000000, proto_div=0.000000, proto_usage=0.000000, personal_sparse=0.032798, alpha_var=-0.000000, reg_bce_ratio=0.0646 | Val: graph_entropy=0.000000, graph_diag=0.000000, graph_uniform=0.000000, graph_reg_scale=1.0000, mf_l2=0.000000, proto_div=0.000000, proto_usage=0.000000, personal_sparse=0.032798, alpha_var=-0.000000, reg_bce_ratio=0.0656
2026-03-10 13:44:50,011 - INFO - [junyi|junyi_abce_best_no_A|lr=0.003|drop=0.40] [Diag][M3] Epoch [013] | residual_abs_mean=0.7014, residual_std=0.2594, mf_abs_mean=0.7014, mf_std=0.2594, gate_mean=0.1767, gate_std=0.1744, irt_abs_mean=1.2694, irt_std=0.9131, delta_abs_mean=0.1185, delta_std=0.1320, delta_over_irt=0.0933, graph_row_entropy=0.0000, graph_entropy_ratio=0.0000, alpha_mean=0.5000, alpha_std=0.0000, personal_row_entropy=6.5596
2026-03-10 13:44:50,011 - INFO - [junyi|junyi_abce_best_no_A|lr=0.003|drop=0.40] [Diag][Graph] Epoch [013] | entropy_ratio=0.0000, diag_mass=1.0000, to_uniform_l2=0.037609, to_identity_l2=0.000000, tau_mean=0.0000, tau_std=0.0000, graph_reg_scale(train/val)=1.0000/1.0000
2026-03-10 13:44:50,011 - WARNING - [junyi|junyi_abce_best_no_A|lr=0.003|drop=0.40] [Diag Warning] alpha_std has been near zero for 13 epoch(s) (alpha_std=0.000000, personal_row_entropy=6.5596). This indicates personal-graph mixing may be collapsed/trivial.
2026-03-10 13:44:50,011 - INFO - [junyi|junyi_abce_best_no_A|lr=0.003|drop=0.40] [Grad Norms] Epoch [013] | mf_u_proj=0.010810, mf_v_proj=0.017188, fusion_gate=0.010591, q_gate_raw=0.000027, skill_latent=0.102024, relation_emb=0.000000e+00, relation_tau=0.000000e+00, relation_wq=0.000000e+00, relation_wk=0.000000e+00, personal_u=0.000000e+00, personal_v=0.000000e+00
2026-03-10 13:44:50,011 - INFO - [junyi|junyi_abce_best_no_A|lr=0.003|drop=0.40] -> No improvement 1 epoch(s) (best AUC=0.8038 @ 12)
2026-03-10 13:45:19,882 - INFO - [junyi|junyi_abce_best_no_A|lr=0.003|drop=0.40] Epoch [014/100] | Train: Loss=0.5402, BCE=0.5074, Reg=0.0328, AUC=0.8030, ACC=0.7553, RMSE=0.4099 | Val: Loss=0.5316, BCE=0.4988, Reg=0.0328, AUC=0.8044, ACC=0.7654, RMSE=0.4055
2026-03-10 13:45:19,883 - INFO - [junyi|junyi_abce_best_no_A|lr=0.003|drop=0.40] [Reg Terms] Epoch [014] | Train: graph_entropy=0.000000, graph_diag=0.000000, graph_uniform=0.000000, graph_reg_scale=1.0000, mf_l2=0.000000, proto_div=0.000000, proto_usage=0.000000, personal_sparse=0.032798, alpha_var=-0.000000, reg_bce_ratio=0.0646 | Val: graph_entropy=0.000000, graph_diag=0.000000, graph_uniform=0.000000, graph_reg_scale=1.0000, mf_l2=0.000000, proto_div=0.000000, proto_usage=0.000000, personal_sparse=0.032798, alpha_var=-0.000000, reg_bce_ratio=0.0658
2026-03-10 13:45:21,049 - INFO - [junyi|junyi_abce_best_no_A|lr=0.003|drop=0.40] [Diag][M3] Epoch [014] | residual_abs_mean=0.7569, residual_std=0.2327, mf_abs_mean=0.7569, mf_std=0.2327, gate_mean=0.1667, gate_std=0.1667, irt_abs_mean=1.2670, irt_std=0.8920, delta_abs_mean=0.1233, delta_std=0.1275, delta_over_irt=0.0973, graph_row_entropy=0.0000, graph_entropy_ratio=0.0000, alpha_mean=0.5000, alpha_std=0.0000, personal_row_entropy=6.5596
2026-03-10 13:45:21,049 - INFO - [junyi|junyi_abce_best_no_A|lr=0.003|drop=0.40] [Diag][Graph] Epoch [014] | entropy_ratio=0.0000, diag_mass=1.0000, to_uniform_l2=0.037609, to_identity_l2=0.000000, tau_mean=0.0000, tau_std=0.0000, graph_reg_scale(train/val)=1.0000/1.0000
2026-03-10 13:45:21,049 - WARNING - [junyi|junyi_abce_best_no_A|lr=0.003|drop=0.40] [Diag Warning] alpha_std has been near zero for 14 epoch(s) (alpha_std=0.000000, personal_row_entropy=6.5596). This indicates personal-graph mixing may be collapsed/trivial.
2026-03-10 13:45:21,050 - INFO - [junyi|junyi_abce_best_no_A|lr=0.003|drop=0.40] [Grad Norms] Epoch [014] | mf_u_proj=0.019250, mf_v_proj=0.022380, fusion_gate=0.003413, q_gate_raw=0.000043, skill_latent=0.218236, relation_emb=0.000000e+00, relation_tau=0.000000e+00, relation_wq=0.000000e+00, relation_wk=0.000000e+00, personal_u=0.000000e+00, personal_v=0.000000e+00
2026-03-10 13:45:21,409 - INFO - [junyi|junyi_abce_best_no_A|lr=0.003|drop=0.40] -> New best AUC=0.8044 at epoch 14
2026-03-10 13:45:48,947 - INFO - [junyi|junyi_abce_best_no_A|lr=0.003|drop=0.40] Epoch [015/100] | Train: Loss=0.5406, BCE=0.5079, Reg=0.0328, AUC=0.8028, ACC=0.7549, RMSE=0.4101 | Val: Loss=0.5335, BCE=0.5007, Reg=0.0328, AUC=0.8033, ACC=0.7624, RMSE=0.4063
2026-03-10 13:45:48,947 - INFO - [junyi|junyi_abce_best_no_A|lr=0.003|drop=0.40] [Reg Terms] Epoch [015] | Train: graph_entropy=0.000000, graph_diag=0.000000, graph_uniform=0.000000, graph_reg_scale=1.0000, mf_l2=0.000000, proto_div=0.000000, proto_usage=0.000000, personal_sparse=0.032798, alpha_var=-0.000000, reg_bce_ratio=0.0646 | Val: graph_entropy=0.000000, graph_diag=0.000000, graph_uniform=0.000000, graph_reg_scale=1.0000, mf_l2=0.000000, proto_div=0.000000, proto_usage=0.000000, personal_sparse=0.032798, alpha_var=-0.000000, reg_bce_ratio=0.0655
2026-03-10 13:45:50,133 - INFO - [junyi|junyi_abce_best_no_A|lr=0.003|drop=0.40] [Diag][M3] Epoch [015] | residual_abs_mean=0.7588, residual_std=0.2738, mf_abs_mean=0.7588, mf_std=0.2738, gate_mean=0.1653, gate_std=0.1547, irt_abs_mean=1.2272, irt_std=0.8895, delta_abs_mean=0.1228, delta_std=0.1290, delta_over_irt=0.1001, graph_row_entropy=0.0000, graph_entropy_ratio=0.0000, alpha_mean=0.5000, alpha_std=0.0000, personal_row_entropy=6.5596
2026-03-10 13:45:50,133 - INFO - [junyi|junyi_abce_best_no_A|lr=0.003|drop=0.40] [Diag][Graph] Epoch [015] | entropy_ratio=0.0000, diag_mass=1.0000, to_uniform_l2=0.037609, to_identity_l2=0.000000, tau_mean=0.0000, tau_std=0.0000, graph_reg_scale(train/val)=1.0000/1.0000
2026-03-10 13:45:50,133 - WARNING - [junyi|junyi_abce_best_no_A|lr=0.003|drop=0.40] [Diag Warning] alpha_std has been near zero for 15 epoch(s) (alpha_std=0.000000, personal_row_entropy=6.5596). This indicates personal-graph mixing may be collapsed/trivial.
2026-03-10 13:45:50,133 - INFO - [junyi|junyi_abce_best_no_A|lr=0.003|drop=0.40] [Grad Norms] Epoch [015] | mf_u_proj=0.010777, mf_v_proj=0.014162, fusion_gate=0.007225, q_gate_raw=0.000017, skill_latent=0.432323, relation_emb=0.000000e+00, relation_tau=0.000000e+00, relation_wq=0.000000e+00, relation_wk=0.000000e+00, personal_u=0.000000e+00, personal_v=0.000000e+00
2026-03-10 13:45:50,134 - INFO - [junyi|junyi_abce_best_no_A|lr=0.003|drop=0.40] -> No improvement 1 epoch(s) (best AUC=0.8044 @ 14)
2026-03-10 13:46:18,315 - INFO - [junyi|junyi_abce_best_no_A|lr=0.003|drop=0.40] Epoch [016/100] | Train: Loss=0.5405, BCE=0.5077, Reg=0.0328, AUC=0.8029, ACC=0.7557, RMSE=0.4101 | Val: Loss=0.5331, BCE=0.5003, Reg=0.0328, AUC=0.8035, ACC=0.7650, RMSE=0.4061
2026-03-10 13:46:18,315 - INFO - [junyi|junyi_abce_best_no_A|lr=0.003|drop=0.40] [Reg Terms] Epoch [016] | Train: graph_entropy=0.000000, graph_diag=0.000000, graph_uniform=0.000000, graph_reg_scale=1.0000, mf_l2=0.000000, proto_div=0.000000, proto_usage=0.000000, personal_sparse=0.032798, alpha_var=-0.000000, reg_bce_ratio=0.0646 | Val: graph_entropy=0.000000, graph_diag=0.000000, graph_uniform=0.000000, graph_reg_scale=1.0000, mf_l2=0.000000, proto_div=0.000000, proto_usage=0.000000, personal_sparse=0.032798, alpha_var=-0.000000, reg_bce_ratio=0.0656
2026-03-10 13:46:19,324 - INFO - [junyi|junyi_abce_best_no_A|lr=0.003|drop=0.40] [Diag][M3] Epoch [016] | residual_abs_mean=0.7733, residual_std=0.2540, mf_abs_mean=0.7733, mf_std=0.2540, gate_mean=0.1766, gate_std=0.1629, irt_abs_mean=1.1839, irt_std=0.8551, delta_abs_mean=0.1315, delta_std=0.1293, delta_over_irt=0.1111, graph_row_entropy=0.0000, graph_entropy_ratio=0.0000, alpha_mean=0.5000, alpha_std=0.0000, personal_row_entropy=6.5596
2026-03-10 13:46:19,324 - INFO - [junyi|junyi_abce_best_no_A|lr=0.003|drop=0.40] [Diag][Graph] Epoch [016] | entropy_ratio=0.0000, diag_mass=1.0000, to_uniform_l2=0.037609, to_identity_l2=0.000000, tau_mean=0.0000, tau_std=0.0000, graph_reg_scale(train/val)=1.0000/1.0000
2026-03-10 13:46:19,324 - WARNING - [junyi|junyi_abce_best_no_A|lr=0.003|drop=0.40] [Diag Warning] alpha_std has been near zero for 16 epoch(s) (alpha_std=0.000000, personal_row_entropy=6.5596). This indicates personal-graph mixing may be collapsed/trivial.
2026-03-10 13:46:19,324 - INFO - [junyi|junyi_abce_best_no_A|lr=0.003|drop=0.40] [Grad Norms] Epoch [016] | mf_u_proj=0.011072, mf_v_proj=0.013633, fusion_gate=0.010695, q_gate_raw=0.000017, skill_latent=0.172200, relation_emb=0.000000e+00, relation_tau=0.000000e+00, relation_wq=0.000000e+00, relation_wk=0.000000e+00, personal_u=0.000000e+00, personal_v=0.000000e+00
2026-03-10 13:46:19,324 - INFO - [junyi|junyi_abce_best_no_A|lr=0.003|drop=0.40] -> No improvement 2 epoch(s) (best AUC=0.8044 @ 14)
2026-03-10 13:46:46,925 - INFO - [junyi|junyi_abce_best_no_A|lr=0.003|drop=0.40] Epoch [017/100] | Train: Loss=0.5367, BCE=0.5039, Reg=0.0328, AUC=0.8069, ACC=0.7587, RMSE=0.4082 | Val: Loss=0.5285, BCE=0.4957, Reg=0.0328, AUC=0.8084, ACC=0.7669, RMSE=0.4038
2026-03-10 13:46:46,925 - INFO - [junyi|junyi_abce_best_no_A|lr=0.003|drop=0.40] [Reg Terms] Epoch [017] | Train: graph_entropy=0.000000, graph_diag=0.000000, graph_uniform=0.000000, graph_reg_scale=1.0000, mf_l2=0.000000, proto_div=0.000000, proto_usage=0.000000, personal_sparse=0.032798, alpha_var=-0.000000, reg_bce_ratio=0.0651 | Val: graph_entropy=0.000000, graph_diag=0.000000, graph_uniform=0.000000, graph_reg_scale=1.0000, mf_l2=0.000000, proto_div=0.000000, proto_usage=0.000000, personal_sparse=0.032798, alpha_var=-0.000000, reg_bce_ratio=0.0662
2026-03-10 13:46:48,052 - INFO - [junyi|junyi_abce_best_no_A|lr=0.003|drop=0.40] [Diag][M3] Epoch [017] | residual_abs_mean=0.8019, residual_std=0.2518, mf_abs_mean=0.8019, mf_std=0.2518, gate_mean=0.1750, gate_std=0.1720, irt_abs_mean=1.2198, irt_std=0.8870, delta_abs_mean=0.1400, delta_std=0.1508, delta_over_irt=0.1147, graph_row_entropy=0.0000, graph_entropy_ratio=0.0000, alpha_mean=0.5000, alpha_std=0.0000, personal_row_entropy=6.5596
2026-03-10 13:46:48,052 - INFO - [junyi|junyi_abce_best_no_A|lr=0.003|drop=0.40] [Diag][Graph] Epoch [017] | entropy_ratio=0.0000, diag_mass=1.0000, to_uniform_l2=0.037609, to_identity_l2=0.000000, tau_mean=0.0000, tau_std=0.0000, graph_reg_scale(train/val)=1.0000/1.0000
2026-03-10 13:46:48,052 - WARNING - [junyi|junyi_abce_best_no_A|lr=0.003|drop=0.40] [Diag Warning] alpha_std has been near zero for 17 epoch(s) (alpha_std=0.000000, personal_row_entropy=6.5596). This indicates personal-graph mixing may be collapsed/trivial.
2026-03-10 13:46:48,053 - INFO - [junyi|junyi_abce_best_no_A|lr=0.003|drop=0.40] [Grad Norms] Epoch [017] | mf_u_proj=0.022005, mf_v_proj=0.022835, fusion_gate=0.009055, q_gate_raw=0.000022, skill_latent=0.124194, relation_emb=0.000000e+00, relation_tau=0.000000e+00, relation_wq=0.000000e+00, relation_wk=0.000000e+00, personal_u=0.000000e+00, personal_v=0.000000e+00
2026-03-10 13:46:48,455 - INFO - [junyi|junyi_abce_best_no_A|lr=0.003|drop=0.40] -> New best AUC=0.8084 at epoch 17
2026-03-10 13:47:16,517 - INFO - [junyi|junyi_abce_best_no_A|lr=0.003|drop=0.40] Epoch [018/100] | Train: Loss=0.5356, BCE=0.5028, Reg=0.0328, AUC=0.8082, ACC=0.7592, RMSE=0.4076 | Val: Loss=0.5276, BCE=0.4948, Reg=0.0328, AUC=0.8087, ACC=0.7675, RMSE=0.4034
2026-03-10 13:47:16,517 - INFO - [junyi|junyi_abce_best_no_A|lr=0.003|drop=0.40] [Reg Terms] Epoch [018] | Train: graph_entropy=0.000000, graph_diag=0.000000, graph_uniform=0.000000, graph_reg_scale=1.0000, mf_l2=0.000000, proto_div=0.000000, proto_usage=0.000000, personal_sparse=0.032798, alpha_var=-0.000000, reg_bce_ratio=0.0652 | Val: graph_entropy=0.000000, graph_diag=0.000000, graph_uniform=0.000000, graph_reg_scale=1.0000, mf_l2=0.000000, proto_div=0.000000, proto_usage=0.000000, personal_sparse=0.032798, alpha_var=-0.000000, reg_bce_ratio=0.0663
2026-03-10 13:47:17,693 - INFO - [junyi|junyi_abce_best_no_A|lr=0.003|drop=0.40] [Diag][M3] Epoch [018] | residual_abs_mean=0.8416, residual_std=0.2664, mf_abs_mean=0.8416, mf_std=0.2664, gate_mean=0.1689, gate_std=0.1803, irt_abs_mean=1.2377, irt_std=0.8907, delta_abs_mean=0.1338, delta_std=0.1407, delta_over_irt=0.1081, graph_row_entropy=0.0000, graph_entropy_ratio=0.0000, alpha_mean=0.5000, alpha_std=0.0000, personal_row_entropy=6.5596
2026-03-10 13:47:17,693 - INFO - [junyi|junyi_abce_best_no_A|lr=0.003|drop=0.40] [Diag][Graph] Epoch [018] | entropy_ratio=0.0000, diag_mass=1.0000, to_uniform_l2=0.037609, to_identity_l2=0.000000, tau_mean=0.0000, tau_std=0.0000, graph_reg_scale(train/val)=1.0000/1.0000
2026-03-10 13:47:17,693 - WARNING - [junyi|junyi_abce_best_no_A|lr=0.003|drop=0.40] [Diag Warning] alpha_std has been near zero for 18 epoch(s) (alpha_std=0.000000, personal_row_entropy=6.5596). This indicates personal-graph mixing may be collapsed/trivial.
2026-03-10 13:47:17,693 - INFO - [junyi|junyi_abce_best_no_A|lr=0.003|drop=0.40] [Grad Norms] Epoch [018] | mf_u_proj=0.012372, mf_v_proj=0.014314, fusion_gate=0.013375, q_gate_raw=0.000019, skill_latent=0.302499, relation_emb=0.000000e+00, relation_tau=0.000000e+00, relation_wq=0.000000e+00, relation_wk=0.000000e+00, personal_u=0.000000e+00, personal_v=0.000000e+00
2026-03-10 13:47:18,090 - INFO - [junyi|junyi_abce_best_no_A|lr=0.003|drop=0.40] -> New best AUC=0.8087 at epoch 18
2026-03-10 13:47:46,281 - INFO - [junyi|junyi_abce_best_no_A|lr=0.003|drop=0.40] Epoch [019/100] | Train: Loss=0.5353, BCE=0.5025, Reg=0.0328, AUC=0.8084, ACC=0.7603, RMSE=0.4074 | Val: Loss=0.5273, BCE=0.4945, Reg=0.0328, AUC=0.8088, ACC=0.7689, RMSE=0.4032
2026-03-10 13:47:46,281 - INFO - [junyi|junyi_abce_best_no_A|lr=0.003|drop=0.40] [Reg Terms] Epoch [019] | Train: graph_entropy=0.000000, graph_diag=0.000000, graph_uniform=0.000000, graph_reg_scale=1.0000, mf_l2=0.000000, proto_div=0.000000, proto_usage=0.000000, personal_sparse=0.032798, alpha_var=-0.000000, reg_bce_ratio=0.0653 | Val: graph_entropy=0.000000, graph_diag=0.000000, graph_uniform=0.000000, graph_reg_scale=1.0000, mf_l2=0.000000, proto_div=0.000000, proto_usage=0.000000, personal_sparse=0.032798, alpha_var=-0.000000, reg_bce_ratio=0.0663
2026-03-10 13:47:47,433 - INFO - [junyi|junyi_abce_best_no_A|lr=0.003|drop=0.40] [Diag][M3] Epoch [019] | residual_abs_mean=0.8094, residual_std=0.2729, mf_abs_mean=0.8094, mf_std=0.2729, gate_mean=0.1720, gate_std=0.1801, irt_abs_mean=1.2406, irt_std=0.8906, delta_abs_mean=0.1329, delta_std=0.1391, delta_over_irt=0.1071, graph_row_entropy=0.0000, graph_entropy_ratio=0.0000, alpha_mean=0.5000, alpha_std=0.0000, personal_row_entropy=6.5596
2026-03-10 13:47:47,434 - INFO - [junyi|junyi_abce_best_no_A|lr=0.003|drop=0.40] [Diag][Graph] Epoch [019] | entropy_ratio=0.0000, diag_mass=1.0000, to_uniform_l2=0.037609, to_identity_l2=0.000000, tau_mean=0.0000, tau_std=0.0000, graph_reg_scale(train/val)=1.0000/1.0000
2026-03-10 13:47:47,434 - WARNING - [junyi|junyi_abce_best_no_A|lr=0.003|drop=0.40] [Diag Warning] alpha_std has been near zero for 19 epoch(s) (alpha_std=0.000000, personal_row_entropy=6.5596). This indicates personal-graph mixing may be collapsed/trivial.
2026-03-10 13:47:47,434 - INFO - [junyi|junyi_abce_best_no_A|lr=0.003|drop=0.40] [Grad Norms] Epoch [019] | mf_u_proj=0.040789, mf_v_proj=0.027791, fusion_gate=0.010312, q_gate_raw=0.000033, skill_latent=0.294581, relation_emb=0.000000e+00, relation_tau=0.000000e+00, relation_wq=0.000000e+00, relation_wk=0.000000e+00, personal_u=0.000000e+00, personal_v=0.000000e+00
2026-03-10 13:47:47,839 - INFO - [junyi|junyi_abce_best_no_A|lr=0.003|drop=0.40] -> New best AUC=0.8088 at epoch 19
2026-03-10 13:48:15,176 - INFO - [junyi|junyi_abce_best_no_A|lr=0.003|drop=0.40] Epoch [020/100] | Train: Loss=0.5346, BCE=0.5018, Reg=0.0328, AUC=0.8089, ACC=0.7594, RMSE=0.4071 | Val: Loss=0.5271, BCE=0.4943, Reg=0.0328, AUC=0.8094, ACC=0.7690, RMSE=0.4031
2026-03-10 13:48:15,177 - INFO - [junyi|junyi_abce_best_no_A|lr=0.003|drop=0.40] [Reg Terms] Epoch [020] | Train: graph_entropy=0.000000, graph_diag=0.000000, graph_uniform=0.000000, graph_reg_scale=1.0000, mf_l2=0.000000, proto_div=0.000000, proto_usage=0.000000, personal_sparse=0.032798, alpha_var=-0.000000, reg_bce_ratio=0.0654 | Val: graph_entropy=0.000000, graph_diag=0.000000, graph_uniform=0.000000, graph_reg_scale=1.0000, mf_l2=0.000000, proto_div=0.000000, proto_usage=0.000000, personal_sparse=0.032798, alpha_var=-0.000000, reg_bce_ratio=0.0664
2026-03-10 13:48:16,270 - INFO - [junyi|junyi_abce_best_no_A|lr=0.003|drop=0.40] [Diag][M3] Epoch [020] | residual_abs_mean=0.8538, residual_std=0.2221, mf_abs_mean=0.8538, mf_std=0.2221, gate_mean=0.1713, gate_std=0.1833, irt_abs_mean=1.2467, irt_std=0.8788, delta_abs_mean=0.1424, delta_std=0.1604, delta_over_irt=0.1142, graph_row_entropy=0.0000, graph_entropy_ratio=0.0000, alpha_mean=0.5000, alpha_std=0.0000, personal_row_entropy=6.5596
2026-03-10 13:48:16,270 - INFO - [junyi|junyi_abce_best_no_A|lr=0.003|drop=0.40] [Diag][Graph] Epoch [020] | entropy_ratio=0.0000, diag_mass=1.0000, to_uniform_l2=0.037609, to_identity_l2=0.000000, tau_mean=0.0000, tau_std=0.0000, graph_reg_scale(train/val)=1.0000/1.0000
2026-03-10 13:48:16,270 - WARNING - [junyi|junyi_abce_best_no_A|lr=0.003|drop=0.40] [Diag Warning] alpha_std has been near zero for 20 epoch(s) (alpha_std=0.000000, personal_row_entropy=6.5596). This indicates personal-graph mixing may be collapsed/trivial.
2026-03-10 13:48:16,270 - INFO - [junyi|junyi_abce_best_no_A|lr=0.003|drop=0.40] [Grad Norms] Epoch [020] | mf_u_proj=0.020785, mf_v_proj=0.022659, fusion_gate=0.003382, q_gate_raw=0.000015, skill_latent=3.271460, relation_emb=0.000000e+00, relation_tau=0.000000e+00, relation_wq=0.000000e+00, relation_wk=0.000000e+00, personal_u=0.000000e+00, personal_v=0.000000e+00
2026-03-10 13:48:16,681 - INFO - [junyi|junyi_abce_best_no_A|lr=0.003|drop=0.40] -> New best AUC=0.8094 at epoch 20
2026-03-10 13:48:16,750 - INFO - [junyi|junyi_abce_best_no_A|lr=0.003|drop=0.40] Checkpoint saved: checkpoints/abce_diag/20260310_113819/junyi/seed42/best_no_A/checkpoint_epoch_20.pth
2026-03-10 13:48:17,021 - INFO - [junyi|junyi_abce_best_no_A|lr=0.003|drop=0.40] [Module Activity] Epoch 20: Personal✗ MF✓
2026-03-10 13:48:45,673 - INFO - [junyi|junyi_abce_best_no_A|lr=0.003|drop=0.40] Epoch [021/100] | Train: Loss=0.5342, BCE=0.5014, Reg=0.0328, AUC=0.8094, ACC=0.7610, RMSE=0.4069 | Val: Loss=0.5272, BCE=0.4944, Reg=0.0328, AUC=0.8090, ACC=0.7680, RMSE=0.4032
2026-03-10 13:48:45,673 - INFO - [junyi|junyi_abce_best_no_A|lr=0.003|drop=0.40] [Reg Terms] Epoch [021] | Train: graph_entropy=0.000000, graph_diag=0.000000, graph_uniform=0.000000, graph_reg_scale=1.0000, mf_l2=0.000000, proto_div=0.000000, proto_usage=0.000000, personal_sparse=0.032798, alpha_var=-0.000000, reg_bce_ratio=0.0654 | Val: graph_entropy=0.000000, graph_diag=0.000000, graph_uniform=0.000000, graph_reg_scale=1.0000, mf_l2=0.000000, proto_div=0.000000, proto_usage=0.000000, personal_sparse=0.032798, alpha_var=-0.000000, reg_bce_ratio=0.0663
2026-03-10 13:48:46,832 - INFO - [junyi|junyi_abce_best_no_A|lr=0.003|drop=0.40] [Diag][M3] Epoch [021] | residual_abs_mean=0.8436, residual_std=0.2149, mf_abs_mean=0.8436, mf_std=0.2149, gate_mean=0.1668, gate_std=0.1748, irt_abs_mean=1.2247, irt_std=0.8935, delta_abs_mean=0.1386, delta_std=0.1473, delta_over_irt=0.1132, graph_row_entropy=0.0000, graph_entropy_ratio=0.0000, alpha_mean=0.5000, alpha_std=0.0000, personal_row_entropy=6.5596
2026-03-10 13:48:46,832 - INFO - [junyi|junyi_abce_best_no_A|lr=0.003|drop=0.40] [Diag][Graph] Epoch [021] | entropy_ratio=0.0000, diag_mass=1.0000, to_uniform_l2=0.037609, to_identity_l2=0.000000, tau_mean=0.0000, tau_std=0.0000, graph_reg_scale(train/val)=1.0000/1.0000
2026-03-10 13:48:46,833 - WARNING - [junyi|junyi_abce_best_no_A|lr=0.003|drop=0.40] [Diag Warning] alpha_std has been near zero for 21 epoch(s) (alpha_std=0.000000, personal_row_entropy=6.5596). This indicates personal-graph mixing may be collapsed/trivial.
2026-03-10 13:48:46,833 - INFO - [junyi|junyi_abce_best_no_A|lr=0.003|drop=0.40] [Grad Norms] Epoch [021] | mf_u_proj=0.009823, mf_v_proj=0.016021, fusion_gate=0.016700, q_gate_raw=0.000019, skill_latent=0.107064, relation_emb=0.000000e+00, relation_tau=0.000000e+00, relation_wq=0.000000e+00, relation_wk=0.000000e+00, personal_u=0.000000e+00, personal_v=0.000000e+00
2026-03-10 13:48:46,833 - INFO - [junyi|junyi_abce_best_no_A|lr=0.003|drop=0.40] -> No improvement 1 epoch(s) (best AUC=0.8094 @ 20)
2026-03-10 13:49:15,085 - INFO - [junyi|junyi_abce_best_no_A|lr=0.003|drop=0.40] Epoch [022/100] | Train: Loss=0.5340, BCE=0.5012, Reg=0.0328, AUC=0.8096, ACC=0.7601, RMSE=0.4068 | Val: Loss=0.5257, BCE=0.4929, Reg=0.0328, AUC=0.8103, ACC=0.7693, RMSE=0.4024
2026-03-10 13:49:15,085 - INFO - [junyi|junyi_abce_best_no_A|lr=0.003|drop=0.40] [Reg Terms] Epoch [022] | Train: graph_entropy=0.000000, graph_diag=0.000000, graph_uniform=0.000000, graph_reg_scale=1.0000, mf_l2=0.000000, proto_div=0.000000, proto_usage=0.000000, personal_sparse=0.032798, alpha_var=-0.000000, reg_bce_ratio=0.0654 | Val: graph_entropy=0.000000, graph_diag=0.000000, graph_uniform=0.000000, graph_reg_scale=1.0000, mf_l2=0.000000, proto_div=0.000000, proto_usage=0.000000, personal_sparse=0.032798, alpha_var=-0.000000, reg_bce_ratio=0.0665
2026-03-10 13:49:16,110 - INFO - [junyi|junyi_abce_best_no_A|lr=0.003|drop=0.40] [Diag][M3] Epoch [022] | residual_abs_mean=0.8635, residual_std=0.2880, mf_abs_mean=0.8635, mf_std=0.2880, gate_mean=0.1652, gate_std=0.1765, irt_abs_mean=1.2511, irt_std=0.9032, delta_abs_mean=0.1396, delta_std=0.1631, delta_over_irt=0.1116, graph_row_entropy=0.0000, graph_entropy_ratio=0.0000, alpha_mean=0.5000, alpha_std=0.0000, personal_row_entropy=6.5596
2026-03-10 13:49:16,111 - INFO - [junyi|junyi_abce_best_no_A|lr=0.003|drop=0.40] [Diag][Graph] Epoch [022] | entropy_ratio=0.0000, diag_mass=1.0000, to_uniform_l2=0.037609, to_identity_l2=0.000000, tau_mean=0.0000, tau_std=0.0000, graph_reg_scale(train/val)=1.0000/1.0000
2026-03-10 13:49:16,111 - WARNING - [junyi|junyi_abce_best_no_A|lr=0.003|drop=0.40] [Diag Warning] alpha_std has been near zero for 22 epoch(s) (alpha_std=0.000000, personal_row_entropy=6.5596). This indicates personal-graph mixing may be collapsed/trivial.
2026-03-10 13:49:16,111 - INFO - [junyi|junyi_abce_best_no_A|lr=0.003|drop=0.40] [Grad Norms] Epoch [022] | mf_u_proj=0.011768, mf_v_proj=0.014222, fusion_gate=0.000890, q_gate_raw=0.000005, skill_latent=0.104028, relation_emb=0.000000e+00, relation_tau=0.000000e+00, relation_wq=0.000000e+00, relation_wk=0.000000e+00, personal_u=0.000000e+00, personal_v=0.000000e+00
2026-03-10 13:49:16,562 - INFO - [junyi|junyi_abce_best_no_A|lr=0.003|drop=0.40] -> New best AUC=0.8103 at epoch 22
2026-03-10 13:49:44,280 - INFO - [junyi|junyi_abce_best_no_A|lr=0.003|drop=0.40] Epoch [023/100] | Train: Loss=0.5337, BCE=0.5009, Reg=0.0328, AUC=0.8096, ACC=0.7609, RMSE=0.4067 | Val: Loss=0.5265, BCE=0.4937, Reg=0.0328, AUC=0.8099, ACC=0.7688, RMSE=0.4028
2026-03-10 13:49:44,280 - INFO - [junyi|junyi_abce_best_no_A|lr=0.003|drop=0.40] [Reg Terms] Epoch [023] | Train: graph_entropy=0.000000, graph_diag=0.000000, graph_uniform=0.000000, graph_reg_scale=1.0000, mf_l2=0.000000, proto_div=0.000000, proto_usage=0.000000, personal_sparse=0.032798, alpha_var=-0.000000, reg_bce_ratio=0.0655 | Val: graph_entropy=0.000000, graph_diag=0.000000, graph_uniform=0.000000, graph_reg_scale=1.0000, mf_l2=0.000000, proto_div=0.000000, proto_usage=0.000000, personal_sparse=0.032798, alpha_var=-0.000000, reg_bce_ratio=0.0664
2026-03-10 13:49:45,480 - INFO - [junyi|junyi_abce_best_no_A|lr=0.003|drop=0.40] [Diag][M3] Epoch [023] | residual_abs_mean=0.8765, residual_std=0.2537, mf_abs_mean=0.8765, mf_std=0.2537, gate_mean=0.1666, gate_std=0.1775, irt_abs_mean=1.2260, irt_std=0.8923, delta_abs_mean=0.1419, delta_std=0.1570, delta_over_irt=0.1157, graph_row_entropy=0.0000, graph_entropy_ratio=0.0000, alpha_mean=0.5000, alpha_std=0.0000, personal_row_entropy=6.5596
2026-03-10 13:49:45,480 - INFO - [junyi|junyi_abce_best_no_A|lr=0.003|drop=0.40] [Diag][Graph] Epoch [023] | entropy_ratio=0.0000, diag_mass=1.0000, to_uniform_l2=0.037609, to_identity_l2=0.000000, tau_mean=0.0000, tau_std=0.0000, graph_reg_scale(train/val)=1.0000/1.0000
2026-03-10 13:49:45,480 - WARNING - [junyi|junyi_abce_best_no_A|lr=0.003|drop=0.40] [Diag Warning] alpha_std has been near zero for 23 epoch(s) (alpha_std=0.000000, personal_row_entropy=6.5596). This indicates personal-graph mixing may be collapsed/trivial.
2026-03-10 13:49:45,480 - INFO - [junyi|junyi_abce_best_no_A|lr=0.003|drop=0.40] [Grad Norms] Epoch [023] | mf_u_proj=0.008190, mf_v_proj=0.014249, fusion_gate=0.007238, q_gate_raw=0.000043, skill_latent=0.065608, relation_emb=0.000000e+00, relation_tau=0.000000e+00, relation_wq=0.000000e+00, relation_wk=0.000000e+00, personal_u=0.000000e+00, personal_v=0.000000e+00
2026-03-10 13:49:45,480 - INFO - [junyi|junyi_abce_best_no_A|lr=0.003|drop=0.40] -> No improvement 1 epoch(s) (best AUC=0.8103 @ 22)
2026-03-10 13:50:13,598 - INFO - [junyi|junyi_abce_best_no_A|lr=0.003|drop=0.40] Epoch [024/100] | Train: Loss=0.5341, BCE=0.5013, Reg=0.0328, AUC=0.8096, ACC=0.7610, RMSE=0.4068 | Val: Loss=0.5268, BCE=0.4940, Reg=0.0328, AUC=0.8090, ACC=0.7676, RMSE=0.4030
2026-03-10 13:50:13,598 - INFO - [junyi|junyi_abce_best_no_A|lr=0.003|drop=0.40] [Reg Terms] Epoch [024] | Train: graph_entropy=0.000000, graph_diag=0.000000, graph_uniform=0.000000, graph_reg_scale=1.0000, mf_l2=0.000000, proto_div=0.000000, proto_usage=0.000000, personal_sparse=0.032798, alpha_var=-0.000000, reg_bce_ratio=0.0654 | Val: graph_entropy=0.000000, graph_diag=0.000000, graph_uniform=0.000000, graph_reg_scale=1.0000, mf_l2=0.000000, proto_div=0.000000, proto_usage=0.000000, personal_sparse=0.032798, alpha_var=-0.000000, reg_bce_ratio=0.0664
2026-03-10 13:50:14,788 - INFO - [junyi|junyi_abce_best_no_A|lr=0.003|drop=0.40] [Diag][M3] Epoch [024] | residual_abs_mean=0.8172, residual_std=0.2598, mf_abs_mean=0.8172, mf_std=0.2598, gate_mean=0.1675, gate_std=0.1797, irt_abs_mean=1.2551, irt_std=0.8938, delta_abs_mean=0.1293, delta_std=0.1454, delta_over_irt=0.1030, graph_row_entropy=0.0000, graph_entropy_ratio=0.0000, alpha_mean=0.5000, alpha_std=0.0000, personal_row_entropy=6.5596
2026-03-10 13:50:14,789 - INFO - [junyi|junyi_abce_best_no_A|lr=0.003|drop=0.40] [Diag][Graph] Epoch [024] | entropy_ratio=0.0000, diag_mass=1.0000, to_uniform_l2=0.037609, to_identity_l2=0.000000, tau_mean=0.0000, tau_std=0.0000, graph_reg_scale(train/val)=1.0000/1.0000
2026-03-10 13:50:14,789 - WARNING - [junyi|junyi_abce_best_no_A|lr=0.003|drop=0.40] [Diag Warning] alpha_std has been near zero for 24 epoch(s) (alpha_std=0.000000, personal_row_entropy=6.5596). This indicates personal-graph mixing may be collapsed/trivial.
2026-03-10 13:50:14,789 - INFO - [junyi|junyi_abce_best_no_A|lr=0.003|drop=0.40] [Grad Norms] Epoch [024] | mf_u_proj=0.011208, mf_v_proj=0.015992, fusion_gate=0.008919, q_gate_raw=0.000012, skill_latent=0.180444, relation_emb=0.000000e+00, relation_tau=0.000000e+00, relation_wq=0.000000e+00, relation_wk=0.000000e+00, personal_u=0.000000e+00, personal_v=0.000000e+00
2026-03-10 13:50:14,789 - INFO - [junyi|junyi_abce_best_no_A|lr=0.003|drop=0.40] -> No improvement 2 epoch(s) (best AUC=0.8103 @ 22)
2026-03-10 13:50:43,456 - INFO - [junyi|junyi_abce_best_no_A|lr=0.003|drop=0.40] Epoch [025/100] | Train: Loss=0.5306, BCE=0.4978, Reg=0.0328, AUC=0.8132, ACC=0.7632, RMSE=0.4051 | Val: Loss=0.5247, BCE=0.4919, Reg=0.0328, AUC=0.8113, ACC=0.7695, RMSE=0.4019
2026-03-10 13:50:43,456 - INFO - [junyi|junyi_abce_best_no_A|lr=0.003|drop=0.40] [Reg Terms] Epoch [025] | Train: graph_entropy=0.000000, graph_diag=0.000000, graph_uniform=0.000000, graph_reg_scale=1.0000, mf_l2=0.000000, proto_div=0.000000, proto_usage=0.000000, personal_sparse=0.032798, alpha_var=-0.000000, reg_bce_ratio=0.0659 | Val: graph_entropy=0.000000, graph_diag=0.000000, graph_uniform=0.000000, graph_reg_scale=1.0000, mf_l2=0.000000, proto_div=0.000000, proto_usage=0.000000, personal_sparse=0.032798, alpha_var=-0.000000, reg_bce_ratio=0.0667
2026-03-10 13:50:44,618 - INFO - [junyi|junyi_abce_best_no_A|lr=0.003|drop=0.40] [Diag][M3] Epoch [025] | residual_abs_mean=0.8714, residual_std=0.2498, mf_abs_mean=0.8714, mf_std=0.2498, gate_mean=0.1735, gate_std=0.1869, irt_abs_mean=1.2422, irt_std=0.8990, delta_abs_mean=0.1476, delta_std=0.1652, delta_over_irt=0.1188, graph_row_entropy=0.0000, graph_entropy_ratio=0.0000, alpha_mean=0.5000, alpha_std=0.0000, personal_row_entropy=6.5596
2026-03-10 13:50:44,618 - INFO - [junyi|junyi_abce_best_no_A|lr=0.003|drop=0.40] [Diag][Graph] Epoch [025] | entropy_ratio=0.0000, diag_mass=1.0000, to_uniform_l2=0.037609, to_identity_l2=0.000000, tau_mean=0.0000, tau_std=0.0000, graph_reg_scale(train/val)=1.0000/1.0000
2026-03-10 13:50:44,618 - WARNING - [junyi|junyi_abce_best_no_A|lr=0.003|drop=0.40] [Diag Warning] alpha_std has been near zero for 25 epoch(s) (alpha_std=0.000000, personal_row_entropy=6.5596). This indicates personal-graph mixing may be collapsed/trivial.
2026-03-10 13:50:44,618 - INFO - [junyi|junyi_abce_best_no_A|lr=0.003|drop=0.40] [Grad Norms] Epoch [025] | mf_u_proj=0.014809, mf_v_proj=0.021748, fusion_gate=0.009441, q_gate_raw=0.000001, skill_latent=0.079962, relation_emb=0.000000e+00, relation_tau=0.000000e+00, relation_wq=0.000000e+00, relation_wk=0.000000e+00, personal_u=0.000000e+00, personal_v=0.000000e+00
2026-03-10 13:50:45,096 - INFO - [junyi|junyi_abce_best_no_A|lr=0.003|drop=0.40] -> New best AUC=0.8113 at epoch 25
2026-03-10 13:51:12,796 - INFO - [junyi|junyi_abce_best_no_A|lr=0.003|drop=0.40] Epoch [026/100] | Train: Loss=0.5300, BCE=0.4972, Reg=0.0328, AUC=0.8137, ACC=0.7636, RMSE=0.4047 | Val: Loss=0.5244, BCE=0.4916, Reg=0.0328, AUC=0.8112, ACC=0.7702, RMSE=0.4018
2026-03-10 13:51:12,797 - INFO - [junyi|junyi_abce_best_no_A|lr=0.003|drop=0.40] [Reg Terms] Epoch [026] | Train: graph_entropy=0.000000, graph_diag=0.000000, graph_uniform=0.000000, graph_reg_scale=1.0000, mf_l2=0.000000, proto_div=0.000000, proto_usage=0.000000, personal_sparse=0.032798, alpha_var=-0.000000, reg_bce_ratio=0.0660 | Val: graph_entropy=0.000000, graph_diag=0.000000, graph_uniform=0.000000, graph_reg_scale=1.0000, mf_l2=0.000000, proto_div=0.000000, proto_usage=0.000000, personal_sparse=0.032798, alpha_var=-0.000000, reg_bce_ratio=0.0667
2026-03-10 13:51:13,966 - INFO - [junyi|junyi_abce_best_no_A|lr=0.003|drop=0.40] [Diag][M3] Epoch [026] | residual_abs_mean=0.8692, residual_std=0.2325, mf_abs_mean=0.8692, mf_std=0.2325, gate_mean=0.1739, gate_std=0.1897, irt_abs_mean=1.2433, irt_std=0.9016, delta_abs_mean=0.1500, delta_std=0.1697, delta_over_irt=0.1206, graph_row_entropy=0.0000, graph_entropy_ratio=0.0000, alpha_mean=0.5000, alpha_std=0.0000, personal_row_entropy=6.5596
2026-03-10 13:51:13,966 - INFO - [junyi|junyi_abce_best_no_A|lr=0.003|drop=0.40] [Diag][Graph] Epoch [026] | entropy_ratio=0.0000, diag_mass=1.0000, to_uniform_l2=0.037609, to_identity_l2=0.000000, tau_mean=0.0000, tau_std=0.0000, graph_reg_scale(train/val)=1.0000/1.0000
2026-03-10 13:51:13,966 - WARNING - [junyi|junyi_abce_best_no_A|lr=0.003|drop=0.40] [Diag Warning] alpha_std has been near zero for 26 epoch(s) (alpha_std=0.000000, personal_row_entropy=6.5596). This indicates personal-graph mixing may be collapsed/trivial.
2026-03-10 13:51:13,966 - INFO - [junyi|junyi_abce_best_no_A|lr=0.003|drop=0.40] [Grad Norms] Epoch [026] | mf_u_proj=0.024005, mf_v_proj=0.036153, fusion_gate=0.020325, q_gate_raw=0.000011, skill_latent=0.155689, relation_emb=0.000000e+00, relation_tau=0.000000e+00, relation_wq=0.000000e+00, relation_wk=0.000000e+00, personal_u=0.000000e+00, personal_v=0.000000e+00
2026-03-10 13:51:13,966 - INFO - [junyi|junyi_abce_best_no_A|lr=0.003|drop=0.40] -> No improvement 1 epoch(s) (best AUC=0.8113 @ 25)
2026-03-10 13:51:41,495 - INFO - [junyi|junyi_abce_best_no_A|lr=0.003|drop=0.40] Epoch [027/100] | Train: Loss=0.5297, BCE=0.4969, Reg=0.0328, AUC=0.8139, ACC=0.7644, RMSE=0.4046 | Val: Loss=0.5243, BCE=0.4915, Reg=0.0328, AUC=0.8115, ACC=0.7700, RMSE=0.4017
2026-03-10 13:51:41,496 - INFO - [junyi|junyi_abce_best_no_A|lr=0.003|drop=0.40] [Reg Terms] Epoch [027] | Train: graph_entropy=0.000000, graph_diag=0.000000, graph_uniform=0.000000, graph_reg_scale=1.0000, mf_l2=0.000000, proto_div=0.000000, proto_usage=0.000000, personal_sparse=0.032798, alpha_var=-0.000000, reg_bce_ratio=0.0660 | Val: graph_entropy=0.000000, graph_diag=0.000000, graph_uniform=0.000000, graph_reg_scale=1.0000, mf_l2=0.000000, proto_div=0.000000, proto_usage=0.000000, personal_sparse=0.032798, alpha_var=-0.000000, reg_bce_ratio=0.0667
2026-03-10 13:51:42,640 - INFO - [junyi|junyi_abce_best_no_A|lr=0.003|drop=0.40] [Diag][M3] Epoch [027] | residual_abs_mean=0.8350, residual_std=0.2540, mf_abs_mean=0.8350, mf_std=0.2540, gate_mean=0.1756, gate_std=0.1937, irt_abs_mean=1.2531, irt_std=0.9006, delta_abs_mean=0.1435, delta_std=0.1706, delta_over_irt=0.1145, graph_row_entropy=0.0000, graph_entropy_ratio=0.0000, alpha_mean=0.5000, alpha_std=0.0000, personal_row_entropy=6.5596
2026-03-10 13:51:42,640 - INFO - [junyi|junyi_abce_best_no_A|lr=0.003|drop=0.40] [Diag][Graph] Epoch [027] | entropy_ratio=0.0000, diag_mass=1.0000, to_uniform_l2=0.037609, to_identity_l2=0.000000, tau_mean=0.0000, tau_std=0.0000, graph_reg_scale(train/val)=1.0000/1.0000
2026-03-10 13:51:42,640 - WARNING - [junyi|junyi_abce_best_no_A|lr=0.003|drop=0.40] [Diag Warning] alpha_std has been near zero for 27 epoch(s) (alpha_std=0.000000, personal_row_entropy=6.5596). This indicates personal-graph mixing may be collapsed/trivial.
2026-03-10 13:51:42,640 - INFO - [junyi|junyi_abce_best_no_A|lr=0.003|drop=0.40] [Grad Norms] Epoch [027] | mf_u_proj=0.030398, mf_v_proj=0.050248, fusion_gate=0.013081, q_gate_raw=0.000029, skill_latent=0.249767, relation_emb=0.000000e+00, relation_tau=0.000000e+00, relation_wq=0.000000e+00, relation_wk=0.000000e+00, personal_u=0.000000e+00, personal_v=0.000000e+00
2026-03-10 13:51:43,005 - INFO - [junyi|junyi_abce_best_no_A|lr=0.003|drop=0.40] -> New best AUC=0.8115 at epoch 27
2026-03-10 13:52:10,683 - INFO - [junyi|junyi_abce_best_no_A|lr=0.003|drop=0.40] Epoch [028/100] | Train: Loss=0.5290, BCE=0.4962, Reg=0.0328, AUC=0.8145, ACC=0.7649, RMSE=0.4043 | Val: Loss=0.5236, BCE=0.4908, Reg=0.0328, AUC=0.8129, ACC=0.7723, RMSE=0.4013
2026-03-10 13:52:10,683 - INFO - [junyi|junyi_abce_best_no_A|lr=0.003|drop=0.40] [Reg Terms] Epoch [028] | Train: graph_entropy=0.000000, graph_diag=0.000000, graph_uniform=0.000000, graph_reg_scale=1.0000, mf_l2=0.000000, proto_div=0.000000, proto_usage=0.000000, personal_sparse=0.032798, alpha_var=-0.000000, reg_bce_ratio=0.0661 | Val: graph_entropy=0.000000, graph_diag=0.000000, graph_uniform=0.000000, graph_reg_scale=1.0000, mf_l2=0.000000, proto_div=0.000000, proto_usage=0.000000, personal_sparse=0.032798, alpha_var=-0.000000, reg_bce_ratio=0.0668
2026-03-10 13:52:11,664 - INFO - [junyi|junyi_abce_best_no_A|lr=0.003|drop=0.40] [Diag][M3] Epoch [028] | residual_abs_mean=0.8310, residual_std=0.2832, mf_abs_mean=0.8310, mf_std=0.2832, gate_mean=0.1769, gate_std=0.1945, irt_abs_mean=1.2486, irt_std=0.9000, delta_abs_mean=0.1427, delta_std=0.1703, delta_over_irt=0.1143, graph_row_entropy=0.0000, graph_entropy_ratio=0.0000, alpha_mean=0.5000, alpha_std=0.0000, personal_row_entropy=6.5596
2026-03-10 13:52:11,664 - INFO - [junyi|junyi_abce_best_no_A|lr=0.003|drop=0.40] [Diag][Graph] Epoch [028] | entropy_ratio=0.0000, diag_mass=1.0000, to_uniform_l2=0.037609, to_identity_l2=0.000000, tau_mean=0.0000, tau_std=0.0000, graph_reg_scale(train/val)=1.0000/1.0000
2026-03-10 13:52:11,665 - WARNING - [junyi|junyi_abce_best_no_A|lr=0.003|drop=0.40] [Diag Warning] alpha_std has been near zero for 28 epoch(s) (alpha_std=0.000000, personal_row_entropy=6.5596). This indicates personal-graph mixing may be collapsed/trivial.
2026-03-10 13:52:11,665 - INFO - [junyi|junyi_abce_best_no_A|lr=0.003|drop=0.40] [Grad Norms] Epoch [028] | mf_u_proj=0.031793, mf_v_proj=0.037306, fusion_gate=0.007313, q_gate_raw=0.000046, skill_latent=0.225072, relation_emb=0.000000e+00, relation_tau=0.000000e+00, relation_wq=0.000000e+00, relation_wk=0.000000e+00, personal_u=0.000000e+00, personal_v=0.000000e+00
2026-03-10 13:52:11,978 - INFO - [junyi|junyi_abce_best_no_A|lr=0.003|drop=0.40] -> New best AUC=0.8129 at epoch 28
2026-03-10 13:52:39,912 - INFO - [junyi|junyi_abce_best_no_A|lr=0.003|drop=0.40] Epoch [029/100] | Train: Loss=0.5281, BCE=0.4953, Reg=0.0328, AUC=0.8152, ACC=0.7641, RMSE=0.4038 | Val: Loss=0.5230, BCE=0.4902, Reg=0.0328, AUC=0.8131, ACC=0.7713, RMSE=0.4010
2026-03-10 13:52:39,912 - INFO - [junyi|junyi_abce_best_no_A|lr=0.003|drop=0.40] [Reg Terms] Epoch [029] | Train: graph_entropy=0.000000, graph_diag=0.000000, graph_uniform=0.000000, graph_reg_scale=1.0000, mf_l2=0.000000, proto_div=0.000000, proto_usage=0.000000, personal_sparse=0.032798, alpha_var=-0.000000, reg_bce_ratio=0.0662 | Val: graph_entropy=0.000000, graph_diag=0.000000, graph_uniform=0.000000, graph_reg_scale=1.0000, mf_l2=0.000000, proto_div=0.000000, proto_usage=0.000000, personal_sparse=0.032798, alpha_var=-0.000000, reg_bce_ratio=0.0669
2026-03-10 13:52:41,161 - INFO - [junyi|junyi_abce_best_no_A|lr=0.003|drop=0.40] [Diag][M3] Epoch [029] | residual_abs_mean=0.8154, residual_std=0.2965, mf_abs_mean=0.8154, mf_std=0.2965, gate_mean=0.1878, gate_std=0.2020, irt_abs_mean=1.2445, irt_std=0.9059, delta_abs_mean=0.1518, delta_std=0.1800, delta_over_irt=0.1220, graph_row_entropy=0.0000, graph_entropy_ratio=0.0000, alpha_mean=0.5000, alpha_std=0.0000, personal_row_entropy=6.5596
2026-03-10 13:52:41,162 - INFO - [junyi|junyi_abce_best_no_A|lr=0.003|drop=0.40] [Diag][Graph] Epoch [029] | entropy_ratio=0.0000, diag_mass=1.0000, to_uniform_l2=0.037609, to_identity_l2=0.000000, tau_mean=0.0000, tau_std=0.0000, graph_reg_scale(train/val)=1.0000/1.0000
2026-03-10 13:52:41,162 - WARNING - [junyi|junyi_abce_best_no_A|lr=0.003|drop=0.40] [Diag Warning] alpha_std has been near zero for 29 epoch(s) (alpha_std=0.000000, personal_row_entropy=6.5596). This indicates personal-graph mixing may be collapsed/trivial.
2026-03-10 13:52:41,162 - INFO - [junyi|junyi_abce_best_no_A|lr=0.003|drop=0.40] [Grad Norms] Epoch [029] | mf_u_proj=0.033259, mf_v_proj=0.058825, fusion_gate=0.017546, q_gate_raw=0.000040, skill_latent=0.198964, relation_emb=0.000000e+00, relation_tau=0.000000e+00, relation_wq=0.000000e+00, relation_wk=0.000000e+00, personal_u=0.000000e+00, personal_v=0.000000e+00
2026-03-10 13:52:41,589 - INFO - [junyi|junyi_abce_best_no_A|lr=0.003|drop=0.40] -> New best AUC=0.8131 at epoch 29
2026-03-10 13:53:10,418 - INFO - [junyi|junyi_abce_best_no_A|lr=0.003|drop=0.40] Epoch [030/100] | Train: Loss=0.5275, BCE=0.4947, Reg=0.0328, AUC=0.8155, ACC=0.7647, RMSE=0.4036 | Val: Loss=0.5226, BCE=0.4898, Reg=0.0328, AUC=0.8131, ACC=0.7723, RMSE=0.4008
2026-03-10 13:53:10,418 - INFO - [junyi|junyi_abce_best_no_A|lr=0.003|drop=0.40] [Reg Terms] Epoch [030] | Train: graph_entropy=0.000000, graph_diag=0.000000, graph_uniform=0.000000, graph_reg_scale=1.0000, mf_l2=0.000000, proto_div=0.000000, proto_usage=0.000000, personal_sparse=0.032798, alpha_var=-0.000000, reg_bce_ratio=0.0663 | Val: graph_entropy=0.000000, graph_diag=0.000000, graph_uniform=0.000000, graph_reg_scale=1.0000, mf_l2=0.000000, proto_div=0.000000, proto_usage=0.000000, personal_sparse=0.032798, alpha_var=-0.000000, reg_bce_ratio=0.0670
2026-03-10 13:53:11,615 - INFO - [junyi|junyi_abce_best_no_A|lr=0.003|drop=0.40] [Diag][M3] Epoch [030] | residual_abs_mean=0.7466, residual_std=0.3743, mf_abs_mean=0.7466, mf_std=0.3743, gate_mean=0.1999, gate_std=0.2119, irt_abs_mean=1.2491, irt_std=0.8921, delta_abs_mean=0.1438, delta_std=0.1881, delta_over_irt=0.1151, graph_row_entropy=0.0000, graph_entropy_ratio=0.0000, alpha_mean=0.5000, alpha_std=0.0000, personal_row_entropy=6.5596
2026-03-10 13:53:11,615 - INFO - [junyi|junyi_abce_best_no_A|lr=0.003|drop=0.40] [Diag][Graph] Epoch [030] | entropy_ratio=0.0000, diag_mass=1.0000, to_uniform_l2=0.037609, to_identity_l2=0.000000, tau_mean=0.0000, tau_std=0.0000, graph_reg_scale(train/val)=1.0000/1.0000
2026-03-10 13:53:11,615 - WARNING - [junyi|junyi_abce_best_no_A|lr=0.003|drop=0.40] [Diag Warning] alpha_std has been near zero for 30 epoch(s) (alpha_std=0.000000, personal_row_entropy=6.5596). This indicates personal-graph mixing may be collapsed/trivial.
2026-03-10 13:53:11,615 - INFO - [junyi|junyi_abce_best_no_A|lr=0.003|drop=0.40] [Grad Norms] Epoch [030] | mf_u_proj=0.026338, mf_v_proj=0.028081, fusion_gate=0.020392, q_gate_raw=0.000051, skill_latent=0.250774, relation_emb=0.000000e+00, relation_tau=0.000000e+00, relation_wq=0.000000e+00, relation_wk=0.000000e+00, personal_u=0.000000e+00, personal_v=0.000000e+00
2026-03-10 13:53:11,616 - INFO - [junyi|junyi_abce_best_no_A|lr=0.003|drop=0.40] -> No improvement 1 epoch(s) (best AUC=0.8131 @ 29)
2026-03-10 13:53:11,674 - INFO - [junyi|junyi_abce_best_no_A|lr=0.003|drop=0.40] Checkpoint saved: checkpoints/abce_diag/20260310_113819/junyi/seed42/best_no_A/checkpoint_epoch_30.pth
2026-03-10 13:53:11,946 - INFO - [junyi|junyi_abce_best_no_A|lr=0.003|drop=0.40] [Module Activity] Epoch 30: Personal✗ MF✓
2026-03-10 13:53:39,992 - INFO - [junyi|junyi_abce_best_no_A|lr=0.003|drop=0.40] Epoch [031/100] | Train: Loss=0.5265, BCE=0.4937, Reg=0.0328, AUC=0.8163, ACC=0.7659, RMSE=0.4031 | Val: Loss=0.5228, BCE=0.4900, Reg=0.0328, AUC=0.8130, ACC=0.7725, RMSE=0.4009
2026-03-10 13:53:39,992 - INFO - [junyi|junyi_abce_best_no_A|lr=0.003|drop=0.40] [Reg Terms] Epoch [031] | Train: graph_entropy=0.000000, graph_diag=0.000000, graph_uniform=0.000000, graph_reg_scale=1.0000, mf_l2=0.000000, proto_div=0.000000, proto_usage=0.000000, personal_sparse=0.032798, alpha_var=-0.000000, reg_bce_ratio=0.0664 | Val: graph_entropy=0.000000, graph_diag=0.000000, graph_uniform=0.000000, graph_reg_scale=1.0000, mf_l2=0.000000, proto_div=0.000000, proto_usage=0.000000, personal_sparse=0.032798, alpha_var=-0.000000, reg_bce_ratio=0.0669
2026-03-10 13:53:41,150 - INFO - [junyi|junyi_abce_best_no_A|lr=0.003|drop=0.40] [Diag][M3] Epoch [031] | residual_abs_mean=0.6621, residual_std=0.4290, mf_abs_mean=0.6621, mf_std=0.4290, gate_mean=0.2128, gate_std=0.2193, irt_abs_mean=1.2453, irt_std=0.8679, delta_abs_mean=0.1353, delta_std=0.1774, delta_over_irt=0.1087, graph_row_entropy=0.0000, graph_entropy_ratio=0.0000, alpha_mean=0.5000, alpha_std=0.0000, personal_row_entropy=6.5596
2026-03-10 13:53:41,150 - INFO - [junyi|junyi_abce_best_no_A|lr=0.003|drop=0.40] [Diag][Graph] Epoch [031] | entropy_ratio=0.0000, diag_mass=1.0000, to_uniform_l2=0.037609, to_identity_l2=0.000000, tau_mean=0.0000, tau_std=0.0000, graph_reg_scale(train/val)=1.0000/1.0000
2026-03-10 13:53:41,150 - WARNING - [junyi|junyi_abce_best_no_A|lr=0.003|drop=0.40] [Diag Warning] alpha_std has been near zero for 31 epoch(s) (alpha_std=0.000000, personal_row_entropy=6.5596). This indicates personal-graph mixing may be collapsed/trivial.
2026-03-10 13:53:41,150 - INFO - [junyi|junyi_abce_best_no_A|lr=0.003|drop=0.40] [Grad Norms] Epoch [031] | mf_u_proj=0.043718, mf_v_proj=0.041980, fusion_gate=0.006124, q_gate_raw=0.000021, skill_latent=0.330477, relation_emb=0.000000e+00, relation_tau=0.000000e+00, relation_wq=0.000000e+00, relation_wk=0.000000e+00, personal_u=0.000000e+00, personal_v=0.000000e+00
2026-03-10 13:53:41,151 - INFO - [junyi|junyi_abce_best_no_A|lr=0.003|drop=0.40] -> No improvement 2 epoch(s) (best AUC=0.8131 @ 29)
2026-03-10 13:54:08,651 - INFO - [junyi|junyi_abce_best_no_A|lr=0.003|drop=0.40] Epoch [032/100] | Train: Loss=0.5246, BCE=0.4918, Reg=0.0328, AUC=0.8178, ACC=0.7680, RMSE=0.4020 | Val: Loss=0.5223, BCE=0.4895, Reg=0.0328, AUC=0.8137, ACC=0.7716, RMSE=0.4007
2026-03-10 13:54:08,651 - INFO - [junyi|junyi_abce_best_no_A|lr=0.003|drop=0.40] [Reg Terms] Epoch [032] | Train: graph_entropy=0.000000, graph_diag=0.000000, graph_uniform=0.000000, graph_reg_scale=1.0000, mf_l2=0.000000, proto_div=0.000000, proto_usage=0.000000, personal_sparse=0.032798, alpha_var=-0.000000, reg_bce_ratio=0.0667 | Val: graph_entropy=0.000000, graph_diag=0.000000, graph_uniform=0.000000, graph_reg_scale=1.0000, mf_l2=0.000000, proto_div=0.000000, proto_usage=0.000000, personal_sparse=0.032798, alpha_var=-0.000000, reg_bce_ratio=0.0670
2026-03-10 13:54:09,807 - INFO - [junyi|junyi_abce_best_no_A|lr=0.003|drop=0.40] [Diag][M3] Epoch [032] | residual_abs_mean=0.5852, residual_std=0.4352, mf_abs_mean=0.5852, mf_std=0.4352, gate_mean=0.2396, gate_std=0.2296, irt_abs_mean=1.2561, irt_std=0.8732, delta_abs_mean=0.1445, delta_std=0.2017, delta_over_irt=0.1151, graph_row_entropy=0.0000, graph_entropy_ratio=0.0000, alpha_mean=0.5000, alpha_std=0.0000, personal_row_entropy=6.5596
2026-03-10 13:54:09,807 - INFO - [junyi|junyi_abce_best_no_A|lr=0.003|drop=0.40] [Diag][Graph] Epoch [032] | entropy_ratio=0.0000, diag_mass=1.0000, to_uniform_l2=0.037609, to_identity_l2=0.000000, tau_mean=0.0000, tau_std=0.0000, graph_reg_scale(train/val)=1.0000/1.0000
2026-03-10 13:54:09,807 - WARNING - [junyi|junyi_abce_best_no_A|lr=0.003|drop=0.40] [Diag Warning] alpha_std has been near zero for 32 epoch(s) (alpha_std=0.000000, personal_row_entropy=6.5596). This indicates personal-graph mixing may be collapsed/trivial.
2026-03-10 13:54:09,807 - INFO - [junyi|junyi_abce_best_no_A|lr=0.003|drop=0.40] [Grad Norms] Epoch [032] | mf_u_proj=0.044461, mf_v_proj=0.045476, fusion_gate=0.009726, q_gate_raw=0.000109, skill_latent=0.278968, relation_emb=0.000000e+00, relation_tau=0.000000e+00, relation_wq=0.000000e+00, relation_wk=0.000000e+00, personal_u=0.000000e+00, personal_v=0.000000e+00
2026-03-10 13:54:10,198 - INFO - [junyi|junyi_abce_best_no_A|lr=0.003|drop=0.40] -> New best AUC=0.8137 at epoch 32
2026-03-10 13:54:38,389 - INFO - [junyi|junyi_abce_best_no_A|lr=0.003|drop=0.40] Epoch [033/100] | Train: Loss=0.5226, BCE=0.4898, Reg=0.0328, AUC=0.8195, ACC=0.7697, RMSE=0.4009 | Val: Loss=0.5222, BCE=0.4894, Reg=0.0328, AUC=0.8132, ACC=0.7719, RMSE=0.4006
2026-03-10 13:54:38,389 - INFO - [junyi|junyi_abce_best_no_A|lr=0.003|drop=0.40] [Reg Terms] Epoch [033] | Train: graph_entropy=0.000000, graph_diag=0.000000, graph_uniform=0.000000, graph_reg_scale=1.0000, mf_l2=0.000001, proto_div=0.000000, proto_usage=0.000000, personal_sparse=0.032798, alpha_var=-0.000000, reg_bce_ratio=0.0670 | Val: graph_entropy=0.000000, graph_diag=0.000000, graph_uniform=0.000000, graph_reg_scale=1.0000, mf_l2=0.000001, proto_div=0.000000, proto_usage=0.000000, personal_sparse=0.032798, alpha_var=-0.000000, reg_bce_ratio=0.0670
2026-03-10 13:54:39,553 - INFO - [junyi|junyi_abce_best_no_A|lr=0.003|drop=0.40] [Diag][M3] Epoch [033] | residual_abs_mean=0.5705, residual_std=0.4002, mf_abs_mean=0.5705, mf_std=0.4002, gate_mean=0.2682, gate_std=0.2369, irt_abs_mean=1.2605, irt_std=0.8969, delta_abs_mean=0.1568, delta_std=0.1962, delta_over_irt=0.1244, graph_row_entropy=0.0000, graph_entropy_ratio=0.0000, alpha_mean=0.5000, alpha_std=0.0000, personal_row_entropy=6.5596
2026-03-10 13:54:39,553 - INFO - [junyi|junyi_abce_best_no_A|lr=0.003|drop=0.40] [Diag][Graph] Epoch [033] | entropy_ratio=0.0000, diag_mass=1.0000, to_uniform_l2=0.037609, to_identity_l2=0.000000, tau_mean=0.0000, tau_std=0.0000, graph_reg_scale(train/val)=1.0000/1.0000
2026-03-10 13:54:39,553 - WARNING - [junyi|junyi_abce_best_no_A|lr=0.003|drop=0.40] [Diag Warning] alpha_std has been near zero for 33 epoch(s) (alpha_std=0.000000, personal_row_entropy=6.5596). This indicates personal-graph mixing may be collapsed/trivial.
2026-03-10 13:54:39,553 - INFO - [junyi|junyi_abce_best_no_A|lr=0.003|drop=0.40] [Grad Norms] Epoch [033] | mf_u_proj=0.083625, mf_v_proj=0.098055, fusion_gate=0.001263, q_gate_raw=0.000101, skill_latent=0.504711, relation_emb=0.000000e+00, relation_tau=0.000000e+00, relation_wq=0.000000e+00, relation_wk=0.000000e+00, personal_u=0.000000e+00, personal_v=0.000000e+00
2026-03-10 13:54:39,554 - INFO - [junyi|junyi_abce_best_no_A|lr=0.003|drop=0.40] -> No improvement 1 epoch(s) (best AUC=0.8137 @ 32)
2026-03-10 13:55:09,887 - INFO - [junyi|junyi_abce_best_no_A|lr=0.003|drop=0.40] Epoch [034/100] | Train: Loss=0.5206, BCE=0.4878, Reg=0.0328, AUC=0.8208, ACC=0.7711, RMSE=0.3998 | Val: Loss=0.5220, BCE=0.4892, Reg=0.0328, AUC=0.8135, ACC=0.7701, RMSE=0.4006
2026-03-10 13:55:09,888 - INFO - [junyi|junyi_abce_best_no_A|lr=0.003|drop=0.40] [Reg Terms] Epoch [034] | Train: graph_entropy=0.000000, graph_diag=0.000000, graph_uniform=0.000000, graph_reg_scale=1.0000, mf_l2=0.000001, proto_div=0.000000, proto_usage=0.000000, personal_sparse=0.032798, alpha_var=-0.000000, reg_bce_ratio=0.0672 | Val: graph_entropy=0.000000, graph_diag=0.000000, graph_uniform=0.000000, graph_reg_scale=1.0000, mf_l2=0.000001, proto_div=0.000000, proto_usage=0.000000, personal_sparse=0.032798, alpha_var=-0.000000, reg_bce_ratio=0.0670
2026-03-10 13:55:11,059 - INFO - [junyi|junyi_abce_best_no_A|lr=0.003|drop=0.40] [Diag][M3] Epoch [034] | residual_abs_mean=0.6051, residual_std=0.3649, mf_abs_mean=0.6051, mf_std=0.3649, gate_mean=0.3013, gate_std=0.2413, irt_abs_mean=1.2547, irt_std=0.8861, delta_abs_mean=0.1784, delta_std=0.1993, delta_over_irt=0.1422, graph_row_entropy=0.0000, graph_entropy_ratio=0.0000, alpha_mean=0.5000, alpha_std=0.0000, personal_row_entropy=6.5596
2026-03-10 13:55:11,060 - INFO - [junyi|junyi_abce_best_no_A|lr=0.003|drop=0.40] [Diag][Graph] Epoch [034] | entropy_ratio=0.0000, diag_mass=1.0000, to_uniform_l2=0.037609, to_identity_l2=0.000000, tau_mean=0.0000, tau_std=0.0000, graph_reg_scale(train/val)=1.0000/1.0000
2026-03-10 13:55:11,060 - WARNING - [junyi|junyi_abce_best_no_A|lr=0.003|drop=0.40] [Diag Warning] alpha_std has been near zero for 34 epoch(s) (alpha_std=0.000000, personal_row_entropy=6.5596). This indicates personal-graph mixing may be collapsed/trivial.
2026-03-10 13:55:11,060 - INFO - [junyi|junyi_abce_best_no_A|lr=0.003|drop=0.40] [Grad Norms] Epoch [034] | mf_u_proj=0.095733, mf_v_proj=0.106799, fusion_gate=0.028662, q_gate_raw=0.000524, skill_latent=0.765095, relation_emb=0.000000e+00, relation_tau=0.000000e+00, relation_wq=0.000000e+00, relation_wk=0.000000e+00, personal_u=0.000000e+00, personal_v=0.000000e+00
2026-03-10 13:55:11,060 - INFO - [junyi|junyi_abce_best_no_A|lr=0.003|drop=0.40] -> No improvement 2 epoch(s) (best AUC=0.8137 @ 32)
2026-03-10 13:55:38,577 - INFO - [junyi|junyi_abce_best_no_A|lr=0.003|drop=0.40] Epoch [035/100] | Train: Loss=0.5184, BCE=0.4856, Reg=0.0328, AUC=0.8223, ACC=0.7727, RMSE=0.3987 | Val: Loss=0.5210, BCE=0.4882, Reg=0.0328, AUC=0.8143, ACC=0.7694, RMSE=0.4001
2026-03-10 13:55:38,577 - INFO - [junyi|junyi_abce_best_no_A|lr=0.003|drop=0.40] [Reg Terms] Epoch [035] | Train: graph_entropy=0.000000, graph_diag=0.000000, graph_uniform=0.000000, graph_reg_scale=1.0000, mf_l2=0.000001, proto_div=0.000000, proto_usage=0.000000, personal_sparse=0.032798, alpha_var=-0.000000, reg_bce_ratio=0.0675 | Val: graph_entropy=0.000000, graph_diag=0.000000, graph_uniform=0.000000, graph_reg_scale=1.0000, mf_l2=0.000001, proto_div=0.000000, proto_usage=0.000000, personal_sparse=0.032798, alpha_var=-0.000000, reg_bce_ratio=0.0672
2026-03-10 13:55:39,739 - INFO - [junyi|junyi_abce_best_no_A|lr=0.003|drop=0.40] [Diag][M3] Epoch [035] | residual_abs_mean=0.6209, residual_std=0.3561, mf_abs_mean=0.6209, mf_std=0.3561, gate_mean=0.3289, gate_std=0.2415, irt_abs_mean=1.2631, irt_std=0.8749, delta_abs_mean=0.2035, delta_std=0.2086, delta_over_irt=0.1611, graph_row_entropy=0.0000, graph_entropy_ratio=0.0000, alpha_mean=0.5000, alpha_std=0.0000, personal_row_entropy=6.5596
2026-03-10 13:55:39,739 - INFO - [junyi|junyi_abce_best_no_A|lr=0.003|drop=0.40] [Diag][Graph] Epoch [035] | entropy_ratio=0.0000, diag_mass=1.0000, to_uniform_l2=0.037609, to_identity_l2=0.000000, tau_mean=0.0000, tau_std=0.0000, graph_reg_scale(train/val)=1.0000/1.0000
2026-03-10 13:55:39,739 - WARNING - [junyi|junyi_abce_best_no_A|lr=0.003|drop=0.40] [Diag Warning] alpha_std has been near zero for 35 epoch(s) (alpha_std=0.000000, personal_row_entropy=6.5596). This indicates personal-graph mixing may be collapsed/trivial.
2026-03-10 13:55:39,739 - INFO - [junyi|junyi_abce_best_no_A|lr=0.003|drop=0.40] [Grad Norms] Epoch [035] | mf_u_proj=0.109757, mf_v_proj=0.140524, fusion_gate=0.002943, q_gate_raw=0.000339, skill_latent=0.825996, relation_emb=0.000000e+00, relation_tau=0.000000e+00, relation_wq=0.000000e+00, relation_wk=0.000000e+00, personal_u=0.000000e+00, personal_v=0.000000e+00
2026-03-10 13:55:40,136 - INFO - [junyi|junyi_abce_best_no_A|lr=0.003|drop=0.40] -> New best AUC=0.8143 at epoch 35
2026-03-10 13:56:08,122 - INFO - [junyi|junyi_abce_best_no_A|lr=0.003|drop=0.40] Epoch [036/100] | Train: Loss=0.5169, BCE=0.4841, Reg=0.0328, AUC=0.8233, ACC=0.7731, RMSE=0.3980 | Val: Loss=0.5209, BCE=0.4881, Reg=0.0328, AUC=0.8144, ACC=0.7696, RMSE=0.4001
2026-03-10 13:56:08,123 - INFO - [junyi|junyi_abce_best_no_A|lr=0.003|drop=0.40] [Reg Terms] Epoch [036] | Train: graph_entropy=0.000000, graph_diag=0.000000, graph_uniform=0.000000, graph_reg_scale=1.0000, mf_l2=0.000001, proto_div=0.000000, proto_usage=0.000000, personal_sparse=0.032798, alpha_var=-0.000000, reg_bce_ratio=0.0678 | Val: graph_entropy=0.000000, graph_diag=0.000000, graph_uniform=0.000000, graph_reg_scale=1.0000, mf_l2=0.000002, proto_div=0.000000, proto_usage=0.000000, personal_sparse=0.032798, alpha_var=-0.000000, reg_bce_ratio=0.0672
2026-03-10 13:56:09,286 - INFO - [junyi|junyi_abce_best_no_A|lr=0.003|drop=0.40] [Diag][M3] Epoch [036] | residual_abs_mean=0.6181, residual_std=0.3543, mf_abs_mean=0.6181, mf_std=0.3543, gate_mean=0.3535, gate_std=0.2411, irt_abs_mean=1.2883, irt_std=0.8918, delta_abs_mean=0.2150, delta_std=0.2070, delta_over_irt=0.1669, graph_row_entropy=0.0000, graph_entropy_ratio=0.0000, alpha_mean=0.5000, alpha_std=0.0000, personal_row_entropy=6.5596
2026-03-10 13:56:09,286 - INFO - [junyi|junyi_abce_best_no_A|lr=0.003|drop=0.40] [Diag][Graph] Epoch [036] | entropy_ratio=0.0000, diag_mass=1.0000, to_uniform_l2=0.037609, to_identity_l2=0.000000, tau_mean=0.0000, tau_std=0.0000, graph_reg_scale(train/val)=1.0000/1.0000
2026-03-10 13:56:09,286 - WARNING - [junyi|junyi_abce_best_no_A|lr=0.003|drop=0.40] [Diag Warning][M3] delta_over_irt has stayed high for 2 epoch(s): delta_over_irt=0.1669, delta_abs_mean=0.2150
2026-03-10 13:56:09,286 - WARNING - [junyi|junyi_abce_best_no_A|lr=0.003|drop=0.40] [Diag Warning] alpha_std has been near zero for 36 epoch(s) (alpha_std=0.000000, personal_row_entropy=6.5596). This indicates personal-graph mixing may be collapsed/trivial.
2026-03-10 13:56:09,287 - INFO - [junyi|junyi_abce_best_no_A|lr=0.003|drop=0.40] [Grad Norms] Epoch [036] | mf_u_proj=0.089384, mf_v_proj=0.129211, fusion_gate=0.019719, q_gate_raw=0.001603, skill_latent=1.083576, relation_emb=0.000000e+00, relation_tau=0.000000e+00, relation_wq=0.000000e+00, relation_wk=0.000000e+00, personal_u=0.000000e+00, personal_v=0.000000e+00
2026-03-10 13:56:09,857 - INFO - [junyi|junyi_abce_best_no_A|lr=0.003|drop=0.40] -> New best AUC=0.8144 at epoch 36
2026-03-10 13:56:37,595 - INFO - [junyi|junyi_abce_best_no_A|lr=0.003|drop=0.40] Epoch [037/100] | Train: Loss=0.5151, BCE=0.4823, Reg=0.0328, AUC=0.8249, ACC=0.7737, RMSE=0.3971 | Val: Loss=0.5205, BCE=0.4877, Reg=0.0328, AUC=0.8149, ACC=0.7698, RMSE=0.3999
2026-03-10 13:56:37,595 - INFO - [junyi|junyi_abce_best_no_A|lr=0.003|drop=0.40] [Reg Terms] Epoch [037] | Train: graph_entropy=0.000000, graph_diag=0.000000, graph_uniform=0.000000, graph_reg_scale=1.0000, mf_l2=0.000002, proto_div=0.000000, proto_usage=0.000000, personal_sparse=0.032798, alpha_var=-0.000000, reg_bce_ratio=0.0680 | Val: graph_entropy=0.000000, graph_diag=0.000000, graph_uniform=0.000000, graph_reg_scale=1.0000, mf_l2=0.000002, proto_div=0.000000, proto_usage=0.000000, personal_sparse=0.032798, alpha_var=-0.000000, reg_bce_ratio=0.0673
2026-03-10 13:56:38,748 - INFO - [junyi|junyi_abce_best_no_A|lr=0.003|drop=0.40] [Diag][M3] Epoch [037] | residual_abs_mean=0.6002, residual_std=0.3404, mf_abs_mean=0.6002, mf_std=0.3404, gate_mean=0.3923, gate_std=0.2319, irt_abs_mean=1.2612, irt_std=0.8935, delta_abs_mean=0.2331, delta_std=0.2058, delta_over_irt=0.1848, graph_row_entropy=0.0000, graph_entropy_ratio=0.0000, alpha_mean=0.5000, alpha_std=0.0000, personal_row_entropy=6.5596
2026-03-10 13:56:38,748 - INFO - [junyi|junyi_abce_best_no_A|lr=0.003|drop=0.40] [Diag][Graph] Epoch [037] | entropy_ratio=0.0000, diag_mass=1.0000, to_uniform_l2=0.037609, to_identity_l2=0.000000, tau_mean=0.0000, tau_std=0.0000, graph_reg_scale(train/val)=1.0000/1.0000
2026-03-10 13:56:38,748 - WARNING - [junyi|junyi_abce_best_no_A|lr=0.003|drop=0.40] [Diag Warning][M3] delta_over_irt has stayed high for 3 epoch(s): delta_over_irt=0.1848, delta_abs_mean=0.2331
2026-03-10 13:56:38,748 - WARNING - [junyi|junyi_abce_best_no_A|lr=0.003|drop=0.40] [Diag Warning] alpha_std has been near zero for 37 epoch(s) (alpha_std=0.000000, personal_row_entropy=6.5596). This indicates personal-graph mixing may be collapsed/trivial.
2026-03-10 13:56:38,748 - INFO - [junyi|junyi_abce_best_no_A|lr=0.003|drop=0.40] [Grad Norms] Epoch [037] | mf_u_proj=0.176560, mf_v_proj=0.158836, fusion_gate=0.006349, q_gate_raw=0.000403, skill_latent=1.026449, relation_emb=0.000000e+00, relation_tau=0.000000e+00, relation_wq=0.000000e+00, relation_wk=0.000000e+00, personal_u=0.000000e+00, personal_v=0.000000e+00
2026-03-10 13:56:39,089 - INFO - [junyi|junyi_abce_best_no_A|lr=0.003|drop=0.40] -> New best AUC=0.8149 at epoch 37
2026-03-10 13:57:07,632 - INFO - [junyi|junyi_abce_best_no_A|lr=0.003|drop=0.40] Epoch [038/100] | Train: Loss=0.5143, BCE=0.4815, Reg=0.0328, AUC=0.8255, ACC=0.7739, RMSE=0.3967 | Val: Loss=0.5209, BCE=0.4881, Reg=0.0328, AUC=0.8144, ACC=0.7699, RMSE=0.4001
2026-03-10 13:57:07,633 - INFO - [junyi|junyi_abce_best_no_A|lr=0.003|drop=0.40] [Reg Terms] Epoch [038] | Train: graph_entropy=0.000000, graph_diag=0.000000, graph_uniform=0.000000, graph_reg_scale=1.0000, mf_l2=0.000002, proto_div=0.000000, proto_usage=0.000000, personal_sparse=0.032798, alpha_var=-0.000000, reg_bce_ratio=0.0681 | Val: graph_entropy=0.000000, graph_diag=0.000000, graph_uniform=0.000000, graph_reg_scale=1.0000, mf_l2=0.000002, proto_div=0.000000, proto_usage=0.000000, personal_sparse=0.032798, alpha_var=-0.000000, reg_bce_ratio=0.0672
2026-03-10 13:57:08,755 - INFO - [junyi|junyi_abce_best_no_A|lr=0.003|drop=0.40] [Diag][M3] Epoch [038] | residual_abs_mean=0.6169, residual_std=0.3590, mf_abs_mean=0.6169, mf_std=0.3590, gate_mean=0.4227, gate_std=0.2242, irt_abs_mean=1.2417, irt_std=0.8763, delta_abs_mean=0.2529, delta_std=0.2094, delta_over_irt=0.2037, graph_row_entropy=0.0000, graph_entropy_ratio=0.0000, alpha_mean=0.5000, alpha_std=0.0000, personal_row_entropy=6.5596
2026-03-10 13:57:08,755 - INFO - [junyi|junyi_abce_best_no_A|lr=0.003|drop=0.40] [Diag][Graph] Epoch [038] | entropy_ratio=0.0000, diag_mass=1.0000, to_uniform_l2=0.037609, to_identity_l2=0.000000, tau_mean=0.0000, tau_std=0.0000, graph_reg_scale(train/val)=1.0000/1.0000
2026-03-10 13:57:08,755 - WARNING - [junyi|junyi_abce_best_no_A|lr=0.003|drop=0.40] [Diag Warning][M3] delta_over_irt has stayed high for 4 epoch(s): delta_over_irt=0.2037, delta_abs_mean=0.2529
2026-03-10 13:57:08,756 - WARNING - [junyi|junyi_abce_best_no_A|lr=0.003|drop=0.40] [Diag Warning] alpha_std has been near zero for 38 epoch(s) (alpha_std=0.000000, personal_row_entropy=6.5596). This indicates personal-graph mixing may be collapsed/trivial.
2026-03-10 13:57:08,756 - INFO - [junyi|junyi_abce_best_no_A|lr=0.003|drop=0.40] [Grad Norms] Epoch [038] | mf_u_proj=0.178366, mf_v_proj=0.177600, fusion_gate=0.024574, q_gate_raw=0.000800, skill_latent=1.188528, relation_emb=0.000000e+00, relation_tau=0.000000e+00, relation_wq=0.000000e+00, relation_wk=0.000000e+00, personal_u=0.000000e+00, personal_v=0.000000e+00
2026-03-10 13:57:08,756 - INFO - [junyi|junyi_abce_best_no_A|lr=0.003|drop=0.40] -> No improvement 1 epoch(s) (best AUC=0.8149 @ 37)
2026-03-10 13:57:36,575 - INFO - [junyi|junyi_abce_best_no_A|lr=0.003|drop=0.40] Epoch [039/100] | Train: Loss=0.5137, BCE=0.4809, Reg=0.0328, AUC=0.8263, ACC=0.7744, RMSE=0.3964 | Val: Loss=0.5215, BCE=0.4887, Reg=0.0328, AUC=0.8139, ACC=0.7689, RMSE=0.4006
2026-03-10 13:57:36,576 - INFO - [junyi|junyi_abce_best_no_A|lr=0.003|drop=0.40] [Reg Terms] Epoch [039] | Train: graph_entropy=0.000000, graph_diag=0.000000, graph_uniform=0.000000, graph_reg_scale=1.0000, mf_l2=0.000002, proto_div=0.000000, proto_usage=0.000000, personal_sparse=0.032798, alpha_var=-0.000000, reg_bce_ratio=0.0682 | Val: graph_entropy=0.000000, graph_diag=0.000000, graph_uniform=0.000000, graph_reg_scale=1.0000, mf_l2=0.000002, proto_div=0.000000, proto_usage=0.000000, personal_sparse=0.032798, alpha_var=-0.000000, reg_bce_ratio=0.0671
2026-03-10 13:57:37,688 - INFO - [junyi|junyi_abce_best_no_A|lr=0.003|drop=0.40] [Diag][M3] Epoch [039] | residual_abs_mean=0.6059, residual_std=0.3535, mf_abs_mean=0.6059, mf_std=0.3535, gate_mean=0.4505, gate_std=0.2103, irt_abs_mean=1.2350, irt_std=0.8755, delta_abs_mean=0.2711, delta_std=0.2152, delta_over_irt=0.2195, graph_row_entropy=0.0000, graph_entropy_ratio=0.0000, alpha_mean=0.5000, alpha_std=0.0000, personal_row_entropy=6.5596
2026-03-10 13:57:37,689 - INFO - [junyi|junyi_abce_best_no_A|lr=0.003|drop=0.40] [Diag][Graph] Epoch [039] | entropy_ratio=0.0000, diag_mass=1.0000, to_uniform_l2=0.037609, to_identity_l2=0.000000, tau_mean=0.0000, tau_std=0.0000, graph_reg_scale(train/val)=1.0000/1.0000
2026-03-10 13:57:37,689 - WARNING - [junyi|junyi_abce_best_no_A|lr=0.003|drop=0.40] [Diag Warning][M3] delta_over_irt has stayed high for 5 epoch(s): delta_over_irt=0.2195, delta_abs_mean=0.2711
2026-03-10 13:57:37,689 - WARNING - [junyi|junyi_abce_best_no_A|lr=0.003|drop=0.40] [Diag Warning] alpha_std has been near zero for 39 epoch(s) (alpha_std=0.000000, personal_row_entropy=6.5596). This indicates personal-graph mixing may be collapsed/trivial.
2026-03-10 13:57:37,689 - INFO - [junyi|junyi_abce_best_no_A|lr=0.003|drop=0.40] [Grad Norms] Epoch [039] | mf_u_proj=0.159583, mf_v_proj=0.168649, fusion_gate=0.010338, q_gate_raw=0.000394, skill_latent=1.016839, relation_emb=0.000000e+00, relation_tau=0.000000e+00, relation_wq=0.000000e+00, relation_wk=0.000000e+00, personal_u=0.000000e+00, personal_v=0.000000e+00
2026-03-10 13:57:37,689 - INFO - [junyi|junyi_abce_best_no_A|lr=0.003|drop=0.40] -> No improvement 2 epoch(s) (best AUC=0.8149 @ 37)
2026-03-10 13:58:05,636 - INFO - [junyi|junyi_abce_best_no_A|lr=0.003|drop=0.40] Epoch [040/100] | Train: Loss=0.5066, BCE=0.4738, Reg=0.0328, AUC=0.8325, ACC=0.7804, RMSE=0.3928 | Val: Loss=0.5204, BCE=0.4876, Reg=0.0328, AUC=0.8147, ACC=0.7689, RMSE=0.4001
2026-03-10 13:58:05,637 - INFO - [junyi|junyi_abce_best_no_A|lr=0.003|drop=0.40] [Reg Terms] Epoch [040] | Train: graph_entropy=0.000000, graph_diag=0.000000, graph_uniform=0.000000, graph_reg_scale=1.0000, mf_l2=0.000002, proto_div=0.000000, proto_usage=0.000000, personal_sparse=0.032798, alpha_var=-0.000000, reg_bce_ratio=0.0692 | Val: graph_entropy=0.000000, graph_diag=0.000000, graph_uniform=0.000000, graph_reg_scale=1.0000, mf_l2=0.000002, proto_div=0.000000, proto_usage=0.000000, personal_sparse=0.032798, alpha_var=-0.000000, reg_bce_ratio=0.0673
2026-03-10 13:58:06,775 - INFO - [junyi|junyi_abce_best_no_A|lr=0.003|drop=0.40] [Diag][M3] Epoch [040] | residual_abs_mean=0.6339, residual_std=0.3608, mf_abs_mean=0.6339, mf_std=0.3608, gate_mean=0.4768, gate_std=0.2051, irt_abs_mean=1.2392, irt_std=0.8773, delta_abs_mean=0.2959, delta_std=0.2182, delta_over_irt=0.2388, graph_row_entropy=0.0000, graph_entropy_ratio=0.0000, alpha_mean=0.5000, alpha_std=0.0000, personal_row_entropy=6.5596
2026-03-10 13:58:06,775 - INFO - [junyi|junyi_abce_best_no_A|lr=0.003|drop=0.40] [Diag][Graph] Epoch [040] | entropy_ratio=0.0000, diag_mass=1.0000, to_uniform_l2=0.037609, to_identity_l2=0.000000, tau_mean=0.0000, tau_std=0.0000, graph_reg_scale(train/val)=1.0000/1.0000
2026-03-10 13:58:06,775 - WARNING - [junyi|junyi_abce_best_no_A|lr=0.003|drop=0.40] [Diag Warning][M3] delta_over_irt has stayed high for 6 epoch(s): delta_over_irt=0.2388, delta_abs_mean=0.2959
2026-03-10 13:58:06,775 - WARNING - [junyi|junyi_abce_best_no_A|lr=0.003|drop=0.40] [Diag Warning] alpha_std has been near zero for 40 epoch(s) (alpha_std=0.000000, personal_row_entropy=6.5596). This indicates personal-graph mixing may be collapsed/trivial.
2026-03-10 13:58:06,776 - INFO - [junyi|junyi_abce_best_no_A|lr=0.003|drop=0.40] [Grad Norms] Epoch [040] | mf_u_proj=0.100440, mf_v_proj=0.154689, fusion_gate=0.009401, q_gate_raw=0.000050, skill_latent=0.902294, relation_emb=0.000000e+00, relation_tau=0.000000e+00, relation_wq=0.000000e+00, relation_wk=0.000000e+00, personal_u=0.000000e+00, personal_v=0.000000e+00
2026-03-10 13:58:06,776 - INFO - [junyi|junyi_abce_best_no_A|lr=0.003|drop=0.40] -> No improvement 3 epoch(s) (best AUC=0.8149 @ 37)
2026-03-10 13:58:06,776 - INFO - [junyi|junyi_abce_best_no_A|lr=0.003|drop=0.40] Early stopping at epoch 40 (best AUC=0.8149 @ 37)
2026-03-10 13:58:06,783 - INFO - Epoch-wise metrics saved to checkpoints/abce_diag/20260310_113819/junyi/seed42/best_no_A/metrics_history.csv
2026-03-10 13:58:06,786 - INFO - [junyi|junyi_abce_best_no_A|lr=0.003|drop=0.40] Training completed! Best Val AUC=0.8149 @ epoch 37
2026-03-10 13:58:07,044 - INFO - 
============================================================
         MODULE ACTIVITY REPORT
============================================================
Dataset: junyi | Seed: 42 | Epoch: 40

1. Soft Prototype Module:
   - Status: DISABLED (num_prototypes=0 or use_soft_prototype=False)

2. Concept Graph Module:
   - Status: DISABLED (use_concept_graph=False or ablate_concept_graph=True)

3. Personal Graph Module:
   - Gate alpha mean: 0.500
   - Gate alpha std: 0.000
   - Status: ⚠ MARGINAL (low alpha values)

4. Skill/MF Module:
   - MF logit |mean|: 0.6620
   - MF logit std: 0.7545
   - Fusion gate mean: 0.477
   - Status: ✓ ACTIVE (contributing to predictions)

------------------------------------------------------------
SUMMARY:
   Active modules: Skill/MF
   ⚠ Inactive modules: Personal Graph
============================================================
2026-03-10 13:58:07,044 - INFO - [junyi|junyi_abce_best_no_A|lr=0.003|drop=0.40] Module activity saved to checkpoints/abce_diag/20260310_113819/junyi/seed42/best_no_A/module_activity.json
2026-03-10 13:58:07,208 - INFO - Using device: cuda:0
2026-03-10 13:58:07,208 - INFO - Loading model from checkpoints/abce_diag/20260310_113819/junyi/seed42/best_no_A/best_model.pth...
2026-03-10 13:58:07,575 - INFO - Inference switches: ablate_module1=False, ablate_module2=False, ablate_module3=False | enable_module1=True, enable_module2=True, enable_module3=True | use_soft_prototype=False, use_mf_branch=True, use_concept_graph=False, use_q_aligned_residual=True, use_soft_prototype_main_path=False | effective(num_gnn_layers=0, num_prototypes=0)
2026-03-10 13:58:07,605 - INFO - [Inference] Ablation runtime check: args(ablate_module1=False,ablate_module2=False,ablate_module3=False) | model(enable_module1=True,enable_module2=True,enable_module3=True) | physical(has_knowledge_encoder=True,has_mf_branch=True,has_soft_prototype=False)
2026-03-10 13:58:07,606 - INFO - [Inference] [Module3 Init] fusion_gate_bias=-1.1000, fusion_gate_max=1.0000, implied_gate=0.2497, q_gate=0.5000, mf_scale=0.1000, bias_scale=0.1000, graph_tau_mean=0.0000, graph_tau_std=0.0000, graph_dropout=0.000
2026-03-10 13:58:07,606 - INFO - Model loaded from epoch 37. Start testing...
2026-03-10 13:58:08,406 - INFO - [Test] 200/262 batches done, samples=51200
2026-03-10 13:58:08,730 - INFO - 
==================================================
2026-03-10 13:58:08,730 - INFO - Test Results:
2026-03-10 13:58:08,730 - INFO - AUC: 0.8216
2026-03-10 13:58:08,730 - INFO - ACC: 0.7629
2026-03-10 13:58:08,730 - INFO - RMSE: 0.4040
2026-03-10 13:58:08,730 - INFO - ==================================================
2026-03-10 13:58:08,787 - INFO - Summary appended to /home/zsh/ConceptSkillCDM/results/experiment_results.csv
2026-03-10 13:58:08,802 - INFO - Run completed.
2026-03-10 13:58:08,802 - INFO - Best validation AUC: 0.8149 at epoch 37
2026-03-10 13:58:08,802 - INFO - Test metrics - AUC: 0.8216, ACC: 0.7629, RMSE: 0.4040
