dataset,n,label,delta
assist_17,1,0,-0.08333333333333333
assist_17,9,1,0.007575757575757579
assist_17,6,0,-0.027777777777777776
assist_17,2,0,-0.1
assist_17,7,1,0.03333333333333334
assist_17,3,0,-0.06666666666666667
assist_17,3,1,0.13333333333333333
assist_17,6,1,0.041666666666666664
assist_17,3,0,-0.09999999999999999
assist_17,3,0,-0.06666666666666667
assist_17,8,0,-0.02727272727272727
assist_17,1,1,0.16666666666666669
assist_17,6,0,-0.05555555555555555
assist_17,5,0,-0.03571428571428571
assist_17,2,0,-0.15
assist_17,2,0,-0.05
assist_17,9,0,-0.05303030303030303
assist_17,3,0,-0.03333333333333333
assist_17,3,1,0.06666666666666667
assist_17,3,0,-0.03333333333333333
assist_17,3,1,0.06666666666666667
assist_17,7,1,0.05555555555555556
assist_17,4,1,0.023809523809523805
assist_17,2,0,-0.1
assist_17,4,0,-0.023809523809523808
assist_17,10,1,0.05128205128205129
assist_17,2,1,0.15
assist_17,4,1,0.07142857142857142
assist_17,5,0,-0.07142857142857142
assist_17,7,0,-0.03333333333333333
assist_17,4,0,-0.023809523809523808
assist_17,12,0,-0.03809523809523809
assist_17,8,1,0.02727272727272728
assist_17,8,1,0.06363636363636363
assist_17,2,1,0.05
assist_17,0,1,0.16666666666666666
assist_17,1,1,0.16666666666666669
assist_17,2,1,0.15
assist_17,11,1,0.03296703296703297
assist_17,1,0,-0.08333333333333333
assist_17,3,0,-0.03333333333333333
assist_17,7,0,-0.07777777777777778
assist_17,5,0,-0.03571428571428571
assist_17,8,1,0.06363636363636363
assist_17,1,1,0.08333333333333334
assist_17,5,1,0.10714285714285715
assist_17,1,0,-0.16666666666666666
assist_17,4,0,-0.047619047619047616
assist_17,2,0,-0.1
assist_17,3,1,0.033333333333333326
assist_17,2,0,-0.05
assist_17,10,0,-0.00641025641025641
assist_17,3,1,0.13333333333333333
assist_17,6,0,-0.013888888888888888
assist_17,6,1,0.041666666666666664
assist_17,10,1,0.025641025641025644
assist_17,3,0,-0.03333333333333333
assist_17,11,0,-0.01098901098901099
assist_17,11,1,0.02197802197802198
assist_17,8,0,-0.02727272727272727
assist_17,1,0,-0.08333333333333333
assist_17,7,1,0.05555555555555556
assist_17,11,0,-0.01098901098901099
assist_17,3,0,-0.06666666666666667
assist_17,2,0,-0.1
assist_17,10,1,0.057692307692307696
assist_17,2,1,0.05
assist_17,7,0,-0.03333333333333333
assist_17,0,1,0.16666666666666666
assist_17,0,1,0.16666666666666666
assist_17,4,0,-0.023809523809523808
assist_17,2,0,-0.1
assist_17,1,0,-0.08333333333333333
assist_17,8,1,0.018181818181818177
assist_17,2,0,-0.05
assist_17,1,1,0.08333333333333334
assist_17,7,1,0.05555555555555556
assist_17,0,1,0.16666666666666666
assist_17,9,0,-0.022727272727272724
assist_17,3,1,0.09999999999999999
assist_17,7,1,0.05555555555555556
assist_17,0,0,-0.16666666666666666
assist_17,7,0,-0.03333333333333333
assist_17,3,0,-0.03333333333333333
assist_17,9,0,-0.007575757575757576
assist_17,7,0,-0.06666666666666667
assist_17,9,1,0.015151515151515147
assist_17,11,0,-0.027472527472527476
assist_17,6,0,-0.041666666666666664
assist_17,7,1,0.03333333333333334
assist_17,8,0,-0.06363636363636363
assist_17,2,0,-0.05
assist_17,6,0,-0.08333333333333333
assist_17,7,1,0.02222222222222222
assist_17,0,0,-0.16666666666666666
assist_17,5,0,-0.03571428571428571
assist_17,6,1,0.05555555555555555
assist_17,3,1,0.09999999999999999
assist_17,10,1,0.044871794871794865
assist_17,2,0,-0.05
assist_17,12,0,-0.04285714285714286
assist_17,2,0,-0.1
assist_17,11,0,-0.016483516483516484
assist_17,5,0,-0.03571428571428571
assist_17,7,1,0.08888888888888888
assist_17,6,0,-0.013888888888888888
assist_17,5,1,0.053571428571428575
assist_17,3,1,0.06666666666666667
assist_17,5,0,-0.03571428571428571
assist_17,6,1,0.08333333333333333
assist_17,11,0,-0.027472527472527476
assist_17,6,0,-0.013888888888888888
assist_17,6,0,-0.027777777777777776
assist_17,0,0,-0.16666666666666666
assist_17,8,1,0.05454545454545454
assist_17,1,0,-0.16666666666666666
assist_17,2,1,0.15
assist_17,6,1,0.08333333333333333
assist_17,6,0,-0.013888888888888888
assist_17,7,1,0.03333333333333334
assist_17,2,1,0.1
assist_17,7,0,-0.03333333333333333
assist_17,5,0,-0.05357142857142857
assist_17,0,1,0.16666666666666666
assist_17,2,0,-0.05
assist_17,4,1,0.09523809523809525
assist_17,9,0,-0.04545454545454545
assist_17,2,0,-0.15
assist_17,7,1,0.011111111111111117
assist_17,0,1,0.16666666666666666
assist_17,2,0,-0.15
assist_17,9,1,0.06060606060606061
assist_17,3,1,0.13333333333333333
assist_17,1,0,-0.16666666666666666
assist_17,10,0,-0.019230769230769232
assist_17,3,1,0.06666666666666667
assist_17,8,0,-0.018181818181818184
assist_17,4,1,0.04761904761904762
assist_17,6,1,0.09722222222222222
assist_17,5,1,0.017857142857142863
assist_17,1,1,0.08333333333333334
assist_17,5,0,-0.03571428571428571
assist_17,11,0,-0.02197802197802198
assist_17,2,0,-0.1
assist_17,4,0,-0.07142857142857142
assist_17,3,0,-0.06666666666666667
assist_17,1,1,0.08333333333333334
assist_17,0,0,-0.16666666666666666
assist_17,0,0,-0.16666666666666666
assist_17,6,1,0.05555555555555555
assist_17,11,0,-0.016483516483516484
assist_17,3,1,0.13333333333333333
assist_17,5,1,0.08928571428571429
assist_17,1,0,-0.16666666666666666
assist_17,6,1,0.06944444444444445
assist_17,5,1,0.03571428571428571
assist_17,4,1,0.11904761904761905
assist_17,12,0,-0.009523809523809523
assist_17,2,0,-0.05
assist_17,6,1,0.06944444444444445
assist_17,0,1,0.16666666666666666
assist_17,10,0,-0.032051282051282055
assist_17,2,0,-0.05
assist_17,7,1,0.03333333333333334
assist_17,1,1,0.16666666666666669
assist_17,4,0,-0.07142857142857142
assist_17,0,0,-0.16666666666666666
assist_17,12,1,0.019047619047619046
assist_17,4,0,-0.07142857142857142
assist_17,0,1,0.16666666666666666
assist_17,4,0,-0.047619047619047616
assist_17,4,0,-0.023809523809523808
assist_17,11,0,-0.03296703296703297
assist_17,5,0,-0.05357142857142857
assist_17,6,0,-0.027777777777777776
assist_17,6,1,0.027777777777777776
assist_17,1,1,0.16666666666666669
assist_17,5,0,-0.017857142857142856
assist_17,3,0,-0.13333333333333333
assist_17,8,0,-0.018181818181818184
assist_17,1,0,-0.08333333333333333
assist_17,0,1,0.16666666666666666
assist_17,1,1,0.08333333333333334
assist_17,6,1,0.05555555555555555
assist_17,2,1,0.1
assist_17,6,1,0.027777777777777776
assist_17,3,0,-0.09999999999999999
assist_17,1,0,-0.16666666666666666
assist_17,1,1,0.16666666666666669
assist_17,2,0,-0.1
assist_17,6,0,-0.05555555555555555
assist_17,8,1,0.045454545454545456
assist_17,4,1,0.07142857142857142
assist_17,1,0,-0.08333333333333333
assist_17,5,0,-0.017857142857142856
assist_17,9,0,-0.06060606060606061
assist_17,2,0,-0.1
assist_17,3,0,-0.03333333333333333
assist_17,3,1,0.09999999999999999
assist_17,3,1,0.033333333333333326
assist_17,8,1,0.045454545454545456
assist_17,2,1,0.1
assist_17,6,0,-0.013888888888888888
assist_17,1,1,0.16666666666666669
assist_17,1,0,-0.16666666666666666
assist_17,5,0,-0.05357142857142857
assist_17,9,1,0.04545454545454545
assist_17,0,1,0.16666666666666666
assist_17,7,1,0.04444444444444444
assist_17,6,0,-0.041666666666666664
assist_17,6,0,-0.05555555555555555
assist_17,3,1,0.13333333333333333
assist_17,1,1,0.08333333333333334
assist_17,0,0,-0.16666666666666666
assist_17,4,0,-0.047619047619047616
assist_17,4,0,-0.07142857142857142
assist_17,4,0,-0.09523809523809523
assist_17,4,0,-0.11904761904761905
assist_17,8,0,-0.03636363636363637
assist_17,1,1,0.08333333333333334
assist_17,0,1,0.16666666666666666
assist_17,0,0,-0.16666666666666666
assist_17,2,0,-0.05
assist_17,0,0,-0.16666666666666666
assist_17,5,1,0.053571428571428575
assist_17,7,0,-0.05555555555555556
assist_17,3,1,0.09999999999999999
assist_17,2,0,-0.1
assist_17,2,0,-0.05
assist_17,2,0,-0.1
assist_17,11,0,-0.016483516483516484
assist_17,1,1,0.08333333333333334
assist_17,4,1,0.04761904761904762
assist_17,8,1,0.03636363636363637
assist_17,3,0,-0.03333333333333333
assist_17,8,0,-0.02727272727272727
assist_17,7,1,0.02222222222222222
assist_17,2,0,-0.1
assist_17,8,0,-0.045454545454545456
assist_17,7,1,0.07777777777777778
assist_17,10,0,-0.038461538461538464
assist_17,11,0,-0.03846153846153846
assist_17,0,1,0.16666666666666666
assist_17,2,1,0.15
assist_17,3,1,0.09999999999999999
assist_17,1,0,-0.08333333333333333
assist_17,2,0,-0.1
assist_17,11,1,0.06043956043956044
assist_17,11,0,-0.027472527472527476
assist_17,12,1,0.04761904761904762
assist_17,1,0,-0.08333333333333333
assist_17,7,0,-0.02222222222222222
assist_17,9,0,-0.03787878787878788
assist_17,8,1,0.009090909090909089
assist_17,0,0,-0.16666666666666666
assist_17,1,0,-0.16666666666666666
assist_17,0,1,0.16666666666666666
assist_17,2,0,-0.05
assist_17,9,0,-0.04545454545454545
assist_17,5,0,-0.07142857142857142
assist_17,4,1,0.04761904761904762
assist_17,5,1,0.053571428571428575
assist_17,11,0,-0.02197802197802198
assist_17,5,1,0.017857142857142863
assist_17,6,1,0.027777777777777776
assist_17,5,0,-0.08928571428571429
assist_17,6,1,0.06944444444444445
assist_17,6,0,-0.041666666666666664
assist_17,6,1,0.08333333333333333
assist_17,4,0,-0.047619047619047616
assist_17,1,1,0.16666666666666669
assist_17,8,1,0.03636363636363637
assist_17,0,1,0.16666666666666666
assist_17,1,0,-0.08333333333333333
assist_17,9,0,-0.04545454545454545
assist_17,6,1,0.05555555555555555
assist_17,9,0,-0.07575757575757576
assist_17,2,0,-0.15
assist_17,5,1,0.07142857142857142
assist_17,2,1,0.1
assist_17,1,1,0.08333333333333334
assist_17,4,1,0.023809523809523805
assist_17,3,0,-0.06666666666666667
assist_17,8,0,-0.07272727272727274
assist_17,4,0,-0.09523809523809523
assist_17,3,1,0.06666666666666667
assist_17,2,1,0.05
assist_17,6,0,-0.027777777777777776
assist_17,7,1,0.03333333333333334
assist_17,0,1,0.16666666666666666
assist_17,11,0,-0.027472527472527476
assist_17,2,1,0.1
assist_17,11,0,-0.04945054945054945
assist_17,2,0,-0.05
assist_17,12,0,-0.009523809523809523
assist_17,10,1,0.019230769230769232
assist_17,3,1,0.06666666666666667
assist_17,0,1,0.16666666666666666
assist_17,0,1,0.16666666666666666
assist_17,9,1,0.04545454545454545
assist_17,11,0,-0.027472527472527476
assist_17,1,1,0.08333333333333334
assist_17,2,1,0.15
assist_17,5,1,0.07142857142857142
assist_17,2,1,0.15
assist_17,1,1,0.16666666666666669
assist_17,5,0,-0.05357142857142857
assist_17,5,0,-0.017857142857142856
assist_17,4,0,-0.07142857142857142
assist_17,11,1,0.04945054945054945
assist_17,1,0,-0.08333333333333333
assist_17,1,0,-0.08333333333333333
assist_17,4,0,-0.023809523809523808
assist_17,4,1,0.07142857142857142
assist_17,4,0,-0.11904761904761905
assist_17,2,1,0.15
assist_17,1,1,0.16666666666666669
assist_17,1,0,-0.16666666666666666
assist_17,1,0,-0.08333333333333333
assist_17,4,1,0.04761904761904762
assist_17,5,1,0.07142857142857142
assist_17,1,0,-0.08333333333333333
assist_17,0,1,0.16666666666666666
assist_17,9,0,-0.04545454545454545
assist_17,11,0,-0.027472527472527476
assist_17,1,0,-0.08333333333333333
assist_17,3,0,-0.09999999999999999
assist_17,3,0,-0.03333333333333333
assist_17,1,0,-0.08333333333333333
assist_17,1,0,-0.16666666666666666
assist_17,9,0,-0.03787878787878788
assist_17,1,1,0.16666666666666669
assist_17,1,1,0.16666666666666669
assist_17,11,1,0.02197802197802198
assist_17,3,1,0.13333333333333333
assist_17,1,1,0.08333333333333334
assist_17,1,1,0.08333333333333334
assist_17,2,1,0.15
assist_17,0,1,0.16666666666666666
assist_17,6,1,0.05555555555555555
assist_17,6,0,-0.027777777777777776
assist_17,7,0,-0.05555555555555556
assist_17,1,0,-0.16666666666666666
assist_17,1,1,0.08333333333333334
assist_17,0,1,0.16666666666666666
assist_17,1,0,-0.08333333333333333
assist_17,4,1,0.023809523809523805
assist_17,0,1,0.16666666666666666
assist_17,12,1,0.023809523809523805
assist_17,1,1,0.08333333333333334
assist_17,2,0,-0.05
assist_17,3,0,-0.06666666666666667
assist_17,7,0,-0.07777777777777778
assist_17,11,1,0.04945054945054945
assist_17,2,1,0.1
assist_17,8,0,-0.02727272727272727
assist_17,6,0,-0.013888888888888888
assist_17,8,1,0.018181818181818177
assist_17,6,1,0.06944444444444445
assist_17,12,1,0.03333333333333333
assist_17,1,0,-0.08333333333333333
assist_17,4,0,-0.09523809523809523
assist_17,6,1,0.06944444444444445
assist_17,6,0,-0.05555555555555555
assist_17,5,1,0.10714285714285715
assist_17,10,1,0.057692307692307696
assist_17,1,0,-0.16666666666666666
assist_17,10,1,0.038461538461538464
assist_17,2,0,-0.15
assist_17,6,0,-0.013888888888888888
assist_17,6,1,0.06944444444444445
assist_17,7,0,-0.03333333333333333
assist_17,10,0,-0.01282051282051282
assist_17,10,0,-0.038461538461538464
assist_17,1,0,-0.08333333333333333
assist_17,12,0,-0.019047619047619046
assist_17,3,0,-0.03333333333333333
assist_17,6,1,0.041666666666666664
assist_17,4,0,-0.09523809523809523
assist_17,11,0,-0.03296703296703297
assist_17,4,0,-0.023809523809523808
assist_17,5,1,0.03571428571428571
assist_17,12,0,-0.03809523809523809
assist_17,2,0,-0.05
assist_17,10,1,0.05128205128205129
assist_17,10,0,-0.032051282051282055
assist_17,1,1,0.08333333333333334
assist_17,9,1,0.03787878787878788
assist_17,12,1,0.023809523809523805
assist_17,1,1,0.08333333333333334
assist_17,0,1,0.16666666666666666
assist_17,11,1,0.02747252747252747
assist_17,2,0,-0.1
assist_17,4,0,-0.07142857142857142
assist_17,11,1,0.02197802197802198
assist_17,8,1,0.02727272727272728
assist_17,4,1,0.09523809523809525
assist_17,7,0,-0.02222222222222222
assist_17,0,0,-0.16666666666666666
assist_17,0,1,0.16666666666666666
assist_17,5,0,-0.05357142857142857
assist_17,1,1,0.16666666666666669
assist_17,8,0,-0.02727272727272727
assist_17,0,1,0.16666666666666666
assist_17,2,0,-0.05
assist_17,8,1,0.05454545454545454
assist_17,3,1,0.06666666666666667
assist_17,3,1,0.13333333333333333
assist_17,2,1,0.1
assist_17,9,1,0.022727272727272724
assist_17,9,1,0.022727272727272724
assist_17,5,0,-0.03571428571428571
assist_17,1,1,0.08333333333333334
assist_17,9,0,-0.06060606060606061
assist_17,2,0,-0.15
assist_17,2,1,0.05
assist_17,6,1,0.05555555555555555
assist_17,0,0,-0.16666666666666666
assist_17,1,1,0.08333333333333334
assist_17,10,1,0.03205128205128205
assist_17,6,0,-0.09722222222222222
assist_17,3,0,-0.03333333333333333
assist_17,1,0,-0.08333333333333333
assist_17,5,0,-0.03571428571428571
assist_17,4,1,0.07142857142857142
assist_17,7,0,-0.01111111111111111
assist_17,8,1,0.07272727272727274
assist_17,1,0,-0.08333333333333333
assist_17,12,1,0.04285714285714285
assist_17,1,1,0.16666666666666669
assist_17,7,1,0.07777777777777778
assist_17,0,0,-0.16666666666666666
assist_17,4,1,0.023809523809523805
assist_17,4,1,0.07142857142857142
assist_17,0,1,0.16666666666666666
assist_17,6,0,-0.08333333333333333
assist_17,1,0,-0.16666666666666666
assist_17,1,1,0.08333333333333334
assist_17,6,1,0.08333333333333333
assist_17,8,0,-0.009090909090909092
assist_17,1,0,-0.08333333333333333
assist_17,2,0,-0.1
assist_17,5,0,-0.10714285714285714
assist_17,3,1,0.09999999999999999
assist_17,8,0,-0.018181818181818184
assist_17,4,1,0.04761904761904762
assist_17,1,0,-0.08333333333333333
assist_17,0,0,-0.16666666666666666
assist_17,5,1,0.03571428571428571
assist_17,0,1,0.16666666666666666
assist_17,2,0,-0.1
assist_17,7,0,-0.05555555555555556
assist_17,6,0,-0.05555555555555555
assist_17,4,1,0.04761904761904762
assist_17,3,1,0.033333333333333326
assist_17,9,1,0.05303030303030303
assist_17,2,0,-0.05
assist_17,2,0,-0.05
assist_17,6,1,0.05555555555555555
assist_17,0,0,-0.16666666666666666
assist_17,1,1,0.08333333333333334
assist_17,1,1,0.16666666666666669
assist_17,4,0,-0.023809523809523808
assist_17,5,0,-0.03571428571428571
assist_17,11,1,0.02747252747252747
assist_17,9,1,0.030303030303030304
assist_17,8,0,-0.018181818181818184
assist_17,3,0,-0.03333333333333333
assist_17,9,0,-0.030303030303030304
assist_17,3,0,-0.06666666666666667
assist_17,1,1,0.08333333333333334
assist_17,6,1,0.06944444444444445
assist_17,10,0,-0.04487179487179487
assist_17,7,1,0.03333333333333334
assist_17,6,0,-0.013888888888888888
assist_17,6,0,-0.027777777777777776
assist_17,3,0,-0.03333333333333333
assist_17,0,0,-0.16666666666666666
assist_17,0,0,-0.16666666666666666
assist_17,3,1,0.13333333333333333
assist_17,5,0,-0.017857142857142856
assist_17,1,1,0.08333333333333334
assist_17,10,1,0.038461538461538464
assist_17,3,0,-0.03333333333333333
assist_17,6,0,-0.06944444444444445
assist_17,11,0,-0.01098901098901099
assist_17,4,0,-0.047619047619047616
assist_17,1,0,-0.16666666666666666
assist_17,7,1,0.05555555555555556
assist_17,7,0,-0.03333333333333333
assist_17,3,1,0.06666666666666667
assist_17,0,1,0.16666666666666666
assist_17,6,1,0.06944444444444445
assist_17,7,0,-0.02222222222222222
assist_17,5,0,-0.03571428571428571
assist_17,5,1,0.03571428571428571
assist_17,5,1,0.053571428571428575
assist_17,9,1,0.04545454545454545
assist_17,0,1,0.16666666666666666
assist_17,1,1,0.16666666666666669
assist_17,6,0,-0.05555555555555555
assist_17,2,0,-0.1
assist_17,2,0,-0.05
assist_17,3,0,-0.09999999999999999
assist_17,6,1,0.08333333333333333
assist_17,2,1,0.15
assist_17,0,1,0.16666666666666666
assist_17,11,0,-0.04945054945054945
assist_17,10,1,0.019230769230769232
assist_17,8,0,-0.045454545454545456
assist_17,4,1,0.07142857142857142
assist_17,12,1,0.019047619047619046
assist_17,4,1,0.07142857142857142
assist_17,3,0,-0.06666666666666667
assist_17,0,1,0.16666666666666666
assist_17,9,0,-0.007575757575757576
assist_17,4,1,0.09523809523809525
assist_17,2,0,-0.05
assist_17,4,0,-0.023809523809523808
assist_17,3,1,0.033333333333333326
assist_17,2,0,-0.1
assist_17,8,1,0.05454545454545454
assist_17,10,0,-0.032051282051282055
assist_17,2,1,0.15
assist_17,0,1,0.16666666666666666
assist_17,1,0,-0.08333333333333333
assist_17,5,0,-0.10714285714285714
assist_17,3,1,0.13333333333333333
assist_17,5,1,0.07142857142857142
assist_17,2,1,0.05
assist_17,6,0,-0.027777777777777776
assist_17,3,0,-0.03333333333333333
assist_17,2,0,-0.1
assist_17,3,1,0.09999999999999999
assist_17,4,0,-0.047619047619047616
assist_17,9,0,-0.030303030303030304
assist_17,0,1,0.16666666666666666
assist_17,2,1,0.1
assist_17,2,0,-0.15
assist_17,6,1,0.05555555555555555
assist_17,11,1,0.06043956043956044
assist_17,4,1,0.09523809523809525
assist_17,6,1,0.08333333333333333
assist_17,4,1,0.07142857142857142
assist_17,3,0,-0.03333333333333333
assist_17,4,0,-0.047619047619047616
assist_17,2,1,0.05
assist_17,4,0,-0.07142857142857142
assist_17,1,0,-0.08333333333333333
assist_17,2,1,0.1
assist_17,5,0,-0.017857142857142856
assist_17,11,1,0.03846153846153846
assist_17,3,0,-0.06666666666666667
assist_17,3,0,-0.03333333333333333
assist_17,8,0,-0.05454545454545454
assist_17,5,1,0.10714285714285715
assist_17,1,0,-0.08333333333333333
assist_17,0,1,0.16666666666666666
assist_17,5,1,0.03571428571428571
assist_17,2,1,0.1
assist_17,9,1,0.030303030303030304
assist_17,2,0,-0.05
assist_17,5,1,0.053571428571428575
assist_17,0,1,0.16666666666666666
assist_17,4,0,-0.023809523809523808
assist_17,2,0,-0.1
assist_17,1,0,-0.16666666666666666
assist_17,5,1,0.03571428571428571
assist_17,2,1,0.1
assist_17,0,1,0.16666666666666666
assist_17,1,0,-0.16666666666666666
assist_17,5,0,-0.05357142857142857
assist_17,6,1,0.05555555555555555
assist_17,11,0,-0.01098901098901099
assist_17,1,0,-0.16666666666666666
assist_17,11,0,-0.027472527472527476
assist_17,2,1,0.05
assist_17,6,0,-0.027777777777777776
assist_17,5,0,-0.05357142857142857
assist_17,6,1,0.09722222222222222
assist_17,0,1,0.16666666666666666
assist_17,0,1,0.16666666666666666
assist_17,11,1,0.04945054945054945
assist_17,0,0,-0.16666666666666666
assist_17,12,0,-0.02857142857142857
assist_17,11,0,-0.03846153846153846
assist_17,5,0,-0.017857142857142856
assist_17,11,0,-0.01098901098901099
assist_17,2,1,0.05
assist_17,2,1,0.05
assist_17,7,1,0.03333333333333334
assist_17,6,0,-0.027777777777777776
assist_17,6,0,-0.041666666666666664
assist_17,2,0,-0.1
assist_17,4,1,0.04761904761904762
assist_17,4,1,0.11904761904761905
assist_17,8,1,0.02727272727272728
assist_17,3,0,-0.03333333333333333
assist_17,4,0,-0.023809523809523808
assist_17,5,0,-0.05357142857142857
assist_17,4,1,0.04761904761904762
assist_17,5,1,0.053571428571428575
assist_17,0,1,0.16666666666666666
assist_17,3,0,-0.03333333333333333
assist_17,2,0,-0.05
assist_17,6,0,-0.06944444444444445
assist_17,7,0,-0.04444444444444444
assist_17,4,0,-0.07142857142857142
assist_17,0,1,0.16666666666666666
assist_17,11,0,-0.03846153846153846
assist_17,9,1,0.07575757575757576
assist_17,9,1,0.06818181818181818
assist_17,2,0,-0.1
assist_17,2,0,-0.05
assist_17,6,1,0.027777777777777776
assist_17,1,1,0.16666666666666669
assist_17,0,1,0.16666666666666666
assist_17,1,0,-0.16666666666666666
assist_17,2,0,-0.1
assist_17,3,1,0.06666666666666667
assist_17,2,0,-0.05
assist_17,3,1,0.06666666666666667
assist_17,5,0,-0.03571428571428571
assist_17,2,0,-0.05
assist_17,8,1,0.06363636363636363
assist_17,11,1,0.04395604395604396
assist_17,2,1,0.05
assist_17,1,0,-0.08333333333333333
assist_17,4,0,-0.11904761904761905
assist_17,2,1,0.1
assist_17,4,0,-0.023809523809523808
assist_17,12,0,-0.03333333333333333
assist_17,5,0,-0.05357142857142857
assist_17,12,0,-0.0047619047619047615
assist_17,10,0,-0.019230769230769232
assist_17,3,0,-0.03333333333333333
assist_17,8,1,0.03636363636363637
assist_17,1,0,-0.08333333333333333
assist_17,10,1,0.038461538461538464
assist_17,10,1,0.019230769230769232
assist_17,0,1,0.16666666666666666
assist_17,9,1,0.06060606060606061
assist_17,10,0,-0.032051282051282055
assist_17,10,1,0.019230769230769232
assist_17,2,0,-0.1
assist_17,8,0,-0.02727272727272727
assist_17,1,0,-0.08333333333333333
assist_17,4,0,-0.07142857142857142
assist_17,6,0,-0.013888888888888888
assist_17,11,1,0.03846153846153846
assist_17,5,1,0.03571428571428571
assist_17,1,1,0.08333333333333334
assist_17,3,0,-0.06666666666666667
assist_17,3,0,-0.06666666666666667
assist_17,5,1,0.053571428571428575
assist_17,4,0,-0.047619047619047616
assist_17,1,1,0.08333333333333334
assist_17,5,1,0.08928571428571429
assist_17,4,0,-0.023809523809523808
assist_17,6,1,0.041666666666666664
assist_17,6,1,0.05555555555555555
assist_17,1,0,-0.08333333333333333
assist_17,4,1,0.09523809523809525
assist_17,2,1,0.05
assist_17,7,1,0.03333333333333334
assist_17,2,0,-0.05
assist_17,12,0,-0.02380952380952381
assist_17,3,0,-0.03333333333333333
assist_17,7,1,0.07777777777777778
assist_17,4,0,-0.047619047619047616
assist_17,9,1,0.07575757575757576
assist_17,7,0,-0.01111111111111111
assist_17,3,0,-0.06666666666666667
assist_17,4,0,-0.09523809523809523
assist_17,3,1,0.06666666666666667
assist_17,12,1,0.05238095238095238
assist_17,5,1,0.017857142857142863
assist_17,1,0,-0.08333333333333333
assist_17,10,1,0.06410256410256411
assist_17,6,0,-0.05555555555555555
assist_17,8,0,-0.018181818181818184
assist_17,5,0,-0.017857142857142856
assist_17,10,1,0.012820512820512818
assist_17,11,1,0.02747252747252747
assist_17,1,1,0.08333333333333334
assist_17,4,1,0.11904761904761905
assist_17,5,0,-0.017857142857142856
assist_17,2,0,-0.05
assist_17,3,0,-0.06666666666666667
assist_17,4,1,0.07142857142857142
assist_17,11,1,0.03846153846153846
assist_17,4,1,0.07142857142857142
assist_17,5,1,0.053571428571428575
assist_17,10,0,-0.07051282051282051
assist_17,4,0,-0.023809523809523808
assist_17,6,1,0.05555555555555555
assist_17,1,1,0.08333333333333334
assist_17,5,1,0.03571428571428571
assist_17,1,1,0.16666666666666669
assist_17,3,1,0.09999999999999999
assist_17,1,1,0.08333333333333334
assist_17,2,1,0.1
assist_17,6,1,0.08333333333333333
assist_17,10,1,0.025641025641025644
assist_17,2,0,-0.05
assist_17,0,1,0.16666666666666666
assist_17,3,0,-0.09999999999999999
assist_17,11,1,0.01648351648351648
assist_17,7,1,0.02222222222222222
assist_17,9,1,0.04545454545454545
assist_17,0,1,0.16666666666666666
assist_17,1,1,0.08333333333333334
assist_17,10,0,-0.05128205128205128
assist_17,8,1,0.045454545454545456
assist_17,6,0,-0.027777777777777776
assist_17,2,0,-0.1
assist_17,0,1,0.16666666666666666
assist_17,3,0,-0.06666666666666667
assist_17,7,1,0.04444444444444444
assist_17,6,0,-0.013888888888888888
assist_17,4,1,0.09523809523809525
assist_17,0,1,0.16666666666666666
assist_17,5,0,-0.05357142857142857
assist_17,7,1,0.05555555555555556
assist_17,0,1,0.16666666666666666
assist_17,0,0,-0.16666666666666666
assist_17,5,0,-0.05357142857142857
assist_17,10,0,-0.032051282051282055
assist_17,0,0,-0.16666666666666666
assist_17,3,1,0.09999999999999999
assist_17,4,1,0.04761904761904762
assist_17,1,1,0.08333333333333334
assist_17,11,0,-0.02197802197802198
assist_17,8,0,-0.018181818181818184
assist_17,4,0,-0.11904761904761905
assist_17,5,1,0.017857142857142863
assist_17,3,0,-0.06666666666666667
assist_17,5,0,-0.07142857142857142
assist_17,4,1,0.07142857142857142
assist_17,1,1,0.08333333333333334
assist_17,9,0,-0.022727272727272724
assist_17,5,0,-0.07142857142857142
assist_17,4,1,0.09523809523809525
assist_17,4,0,-0.09523809523809523
assist_17,0,0,-0.16666666666666666
assist_17,9,0,-0.015151515151515152
assist_17,7,1,0.03333333333333334
assist_17,4,0,-0.047619047619047616
assist_17,7,0,-0.03333333333333333
assist_17,3,0,-0.09999999999999999
assist_17,0,1,0.16666666666666666
assist_17,4,0,-0.023809523809523808
assist_17,2,1,0.05
assist_17,2,1,0.1
assist_17,1,1,0.08333333333333334
assist_17,8,1,0.03636363636363637
assist_17,2,0,-0.1
assist_17,4,1,0.11904761904761905
assist_17,6,1,0.027777777777777776
assist_17,1,0,-0.16666666666666666
assist_17,11,0,-0.027472527472527476
assist_17,1,1,0.16666666666666669
assist_17,9,1,0.030303030303030304
assist_17,3,1,0.13333333333333333
assist_17,2,0,-0.1
assist_17,4,1,0.11904761904761905
assist_17,2,1,0.15
assist_17,1,1,0.08333333333333334
assist_17,2,1,0.15
assist_17,7,1,0.04444444444444444
assist_17,2,0,-0.1
assist_17,6,0,-0.013888888888888888
assist_17,1,1,0.16666666666666669
assist_17,8,1,0.02727272727272728
assist_17,6,0,-0.013888888888888888
assist_17,9,0,-0.03787878787878788
assist_17,2,1,0.05
assist_17,5,0,-0.08928571428571429
assist_17,3,0,-0.03333333333333333
assist_17,2,0,-0.05
assist_17,3,1,0.13333333333333333
assist_17,2,0,-0.1
assist_17,7,0,-0.03333333333333333
assist_17,2,1,0.1
assist_17,1,0,-0.16666666666666666
assist_17,9,1,0.022727272727272724
assist_17,0,0,-0.16666666666666666
assist_17,11,1,0.03846153846153846
assist_17,9,1,0.05303030303030303
assist_17,1,1,0.16666666666666669
assist_17,2,0,-0.1
assist_17,7,1,0.04444444444444444
assist_17,2,0,-0.15
assist_17,4,0,-0.023809523809523808
assist_17,1,0,-0.08333333333333333
assist_17,10,0,-0.032051282051282055
assist_17,10,0,-0.04487179487179487
assist_17,0,1,0.16666666666666666
assist_17,6,1,0.05555555555555555
assist_17,2,0,-0.15
assist_17,2,0,-0.1
assist_17,2,1,0.1
assist_17,5,1,0.053571428571428575
assist_17,3,0,-0.03333333333333333
assist_17,1,0,-0.08333333333333333
assist_17,3,0,-0.09999999999999999
assist_17,4,0,-0.07142857142857142
assist_17,6,1,0.05555555555555555
assist_17,3,0,-0.06666666666666667
assist_17,7,1,0.03333333333333334
assist_17,10,1,0.012820512820512818
assist_17,5,1,0.03571428571428571
assist_17,2,1,0.15
assist_17,1,0,-0.16666666666666666
assist_17,12,0,-0.02857142857142857
assist_17,8,0,-0.045454545454545456
assist_17,3,0,-0.13333333333333333
assist_17,1,0,-0.16666666666666666
assist_17,4,0,-0.07142857142857142
assist_17,3,0,-0.03333333333333333
assist_17,3,1,0.06666666666666667
assist_17,4,0,-0.023809523809523808
assist_17,5,0,-0.017857142857142856
assist_17,9,1,0.06060606060606061
assist_17,8,0,-0.045454545454545456
assist_17,11,0,-0.06043956043956044
assist_17,4,0,-0.023809523809523808
assist_17,4,1,0.09523809523809525
assist_17,11,0,-0.01098901098901099
assist_17,5,0,-0.05357142857142857
assist_17,9,0,-0.03787878787878788
assist_17,3,1,0.13333333333333333
assist_17,3,0,-0.06666666666666667
assist_17,2,1,0.15
assist_17,3,0,-0.09999999999999999
assist_17,11,0,-0.03846153846153846
assist_17,3,1,0.09999999999999999
assist_17,1,0,-0.08333333333333333
assist_17,12,0,-0.02380952380952381
assist_17,5,0,-0.017857142857142856
assist_17,1,0,-0.08333333333333333
assist_17,12,0,-0.04285714285714286
assist_17,11,1,0.02747252747252747
assist_17,10,1,0.05128205128205129
assist_17,5,0,-0.017857142857142856
assist_17,0,1,0.16666666666666666
assist_17,1,0,-0.16666666666666666
assist_17,1,1,0.16666666666666669
assist_17,6,1,0.013888888888888888
assist_17,1,1,0.08333333333333334
assist_17,5,1,0.017857142857142863
assist_17,3,1,0.06666666666666667
assist_17,4,0,-0.07142857142857142
assist_17,1,0,-0.08333333333333333
assist_17,1,0,-0.08333333333333333
assist_17,1,0,-0.16666666666666666
assist_17,0,0,-0.16666666666666666
assist_17,2,0,-0.05
assist_17,0,1,0.16666666666666666
assist_17,5,0,-0.05357142857142857
assist_17,5,0,-0.10714285714285714
assist_17,1,1,0.16666666666666669
assist_17,8,1,0.045454545454545456
assist_17,3,0,-0.06666666666666667
assist_17,4,0,-0.047619047619047616
assist_17,0,1,0.16666666666666666
assist_17,5,0,-0.03571428571428571
assist_17,5,1,0.03571428571428571
assist_17,6,1,0.041666666666666664
assist_17,4,1,0.11904761904761905
assist_17,0,1,0.16666666666666666
assist_17,5,0,-0.05357142857142857
assist_17,0,0,-0.16666666666666666
assist_17,7,1,0.06666666666666668
assist_17,1,0,-0.08333333333333333
assist_17,1,1,0.16666666666666669
assist_17,2,0,-0.1
assist_17,4,0,-0.07142857142857142
assist_17,0,1,0.16666666666666666
assist_17,7,0,-0.01111111111111111
assist_17,1,1,0.16666666666666669
assist_17,8,1,0.045454545454545456
assist_17,1,1,0.16666666666666669
assist_17,11,0,-0.03846153846153846
assist_17,12,1,0.03333333333333333
assist_17,0,0,-0.16666666666666666
assist_17,10,0,-0.057692307692307696
assist_17,0,1,0.16666666666666666
assist_17,3,1,0.13333333333333333
assist_17,3,1,0.09999999999999999
assist_17,3,0,-0.03333333333333333
assist_17,8,0,-0.018181818181818184
assist_17,2,1,0.05
assist_17,4,0,-0.07142857142857142
assist_17,2,0,-0.05
assist_17,4,1,0.07142857142857142
assist_17,3,0,-0.09999999999999999
assist_17,3,0,-0.06666666666666667
assist_17,9,1,0.06060606060606061
assist_17,4,0,-0.11904761904761905
assist_17,9,0,-0.03787878787878788
assist_17,0,1,0.16666666666666666
assist_17,5,0,-0.08928571428571429
assist_17,1,0,-0.08333333333333333
assist_17,12,0,-0.014285714285714285
assist_17,6,0,-0.05555555555555555
assist_17,9,1,0.04545454545454545
assist_17,11,1,0.03296703296703297
assist_17,1,0,-0.16666666666666666
assist_17,2,1,0.05
assist_17,6,0,-0.027777777777777776
assist_17,10,0,-0.02564102564102564
assist_17,7,0,-0.07777777777777778
assist_17,1,0,-0.08333333333333333
assist_17,6,0,-0.041666666666666664
assist_17,1,0,-0.16666666666666666
assist_17,2,0,-0.15
assist_17,0,1,0.16666666666666666
assist_17,4,0,-0.07142857142857142
assist_17,2,0,-0.05
assist_17,2,1,0.05
assist_17,4,1,0.09523809523809525
assist_17,4,1,0.04761904761904762
assist_17,3,1,0.13333333333333333
assist_17,7,1,0.07777777777777778
assist_17,0,0,-0.16666666666666666
assist_17,0,1,0.16666666666666666
assist_17,2,0,-0.1
assist_17,7,1,0.03333333333333334
assist_17,3,0,-0.06666666666666667
assist_17,1,0,-0.08333333333333333
assist_17,4,0,-0.047619047619047616
assist_17,10,0,-0.05128205128205128
assist_17,8,0,-0.009090909090909092
assist_17,1,1,0.08333333333333334
assist_17,0,1,0.16666666666666666
assist_17,9,1,0.05303030303030303
assist_17,1,0,-0.08333333333333333
assist_17,1,0,-0.16666666666666666
assist_17,3,0,-0.03333333333333333
assist_17,4,1,0.023809523809523805
assist_17,0,0,-0.16666666666666666
assist_17,3,0,-0.06666666666666667
assist_17,12,0,-0.04285714285714286
assist_17,3,0,-0.03333333333333333
assist_17,6,1,0.05555555555555555
assist_17,5,0,-0.03571428571428571
assist_17,6,0,-0.013888888888888888
assist_17,2,0,-0.1
assist_17,6,1,0.05555555555555555
assist_17,4,0,-0.07142857142857142
assist_17,2,0,-0.1
assist_17,12,0,-0.04285714285714286
assist_17,8,1,0.018181818181818177
assist_17,7,1,0.04444444444444444
assist_17,0,0,-0.16666666666666666
assist_17,8,0,-0.018181818181818184
assist_17,4,0,-0.09523809523809523
assist_17,2,0,-0.05
assist_17,8,1,0.06363636363636363
assist_17,9,1,0.030303030303030304
assist_17,7,0,-0.03333333333333333
assist_17,2,1,0.1
assist_17,2,0,-0.05
assist_17,6,0,-0.05555555555555555
assist_17,1,1,0.16666666666666669
assist_17,6,0,-0.05555555555555555
assist_17,4,0,-0.023809523809523808
assist_17,2,1,0.1
assist_17,4,1,0.04761904761904762
assist_17,5,0,-0.03571428571428571
assist_17,1,0,-0.08333333333333333
assist_17,6,0,-0.05555555555555555
assist_17,4,0,-0.047619047619047616
assist_17,9,0,-0.007575757575757576
assist_17,0,0,-0.16666666666666666
assist_17,0,1,0.16666666666666666
assist_17,10,0,-0.038461538461538464
assist_17,1,0,-0.08333333333333333
assist_17,7,1,0.04444444444444444
assist_17,11,1,0.03846153846153846
assist_17,12,0,-0.02857142857142857
assist_17,9,0,-0.007575757575757576
assist_17,4,1,0.07142857142857142
assist_17,3,0,-0.09999999999999999
assist_17,0,0,-0.16666666666666666
assist_17,2,0,-0.05
assist_17,5,0,-0.017857142857142856
assist_17,8,1,0.05454545454545454
assist_17,11,1,0.06593406593406594
assist_17,0,1,0.16666666666666666
assist_17,0,0,-0.16666666666666666
assist_17,6,1,0.06944444444444445
assist_17,6,0,-0.013888888888888888
assist_17,1,1,0.16666666666666669
assist_17,11,1,0.02747252747252747
assist_17,1,0,-0.08333333333333333
assist_17,10,0,-0.02564102564102564
assist_17,1,1,0.08333333333333334
assist_17,11,1,0.06043956043956044
assist_17,2,0,-0.1
assist_17,6,1,0.041666666666666664
assist_17,6,0,-0.05555555555555555
assist_17,3,1,0.033333333333333326
assist_17,1,1,0.16666666666666669
assist_17,12,1,0.028571428571428574
assist_17,1,0,-0.08333333333333333
assist_17,10,0,-0.02564102564102564
assist_17,2,0,-0.1
assist_17,1,0,-0.16666666666666666
assist_17,3,0,-0.06666666666666667
assist_17,4,0,-0.07142857142857142
assist_17,9,1,0.03787878787878788
assist_17,3,0,-0.03333333333333333
assist_17,1,1,0.16666666666666669
assist_17,1,0,-0.08333333333333333
assist_17,8,0,-0.03636363636363637
assist_17,7,1,0.04444444444444444
assist_17,4,0,-0.047619047619047616
assist_17,5,0,-0.05357142857142857
assist_17,8,0,-0.045454545454545456
assist_17,5,1,0.03571428571428571
assist_17,9,0,-0.03787878787878788
assist_17,5,0,-0.10714285714285714
assist_17,8,1,0.018181818181818177
assist_17,7,1,0.07777777777777778
assist_17,5,0,-0.017857142857142856
assist_17,2,0,-0.05
assist_17,7,0,-0.04444444444444444
assist_17,2,0,-0.1
assist_17,1,0,-0.16666666666666666
assist_17,6,1,0.05555555555555555
assist_17,7,1,0.02222222222222222
assist_17,2,0,-0.05
assist_17,4,0,-0.07142857142857142
assist_17,10,0,-0.01282051282051282
assist_17,6,0,-0.013888888888888888
assist_17,1,1,0.16666666666666669
assist_17,3,0,-0.03333333333333333
assist_17,2,0,-0.05
assist_17,5,0,-0.05357142857142857
assist_17,7,0,-0.04444444444444444
assist_17,1,1,0.16666666666666669
assist_17,6,0,-0.05555555555555555
assist_17,1,0,-0.08333333333333333
assist_17,5,0,-0.05357142857142857
assist_17,8,0,-0.05454545454545454
assist_17,7,1,0.06666666666666668
assist_17,0,1,0.16666666666666666
assist_17,2,0,-0.05
assist_17,4,1,0.09523809523809525
assist_17,1,0,-0.08333333333333333
assist_17,5,1,0.03571428571428571
assist_17,5,0,-0.07142857142857142
assist_17,3,1,0.06666666666666667
assist_17,3,1,0.13333333333333333
assist_17,4,0,-0.07142857142857142
assist_17,4,0,-0.07142857142857142
assist_17,9,1,0.03787878787878788
assist_17,5,1,0.053571428571428575
assist_17,7,1,0.05555555555555556
assist_17,6,0,-0.05555555555555555
assist_17,0,1,0.16666666666666666
assist_17,6,0,-0.041666666666666664
assist_17,9,1,0.030303030303030304
assist_17,2,1,0.05
assist_17,1,0,-0.16666666666666666
assist_17,5,1,0.053571428571428575
assist_17,6,1,0.05555555555555555
assist_17,1,0,-0.08333333333333333
assist_17,0,0,-0.16666666666666666
assist_17,10,1,0.025641025641025644
assist_17,0,1,0.16666666666666666
assist_17,11,0,-0.03846153846153846
assist_17,6,0,-0.05555555555555555
assist_17,3,0,-0.06666666666666667
assist_17,8,0,-0.009090909090909092
assist_17,4,0,-0.047619047619047616
assist_17,1,0,-0.08333333333333333
assist_17,3,1,0.06666666666666667
assist_17,2,1,0.05
assist_17,6,1,0.06944444444444445
assist_17,2,0,-0.05
assist_17,7,0,-0.02222222222222222
assist_17,3,1,0.09999999999999999
assist_17,3,1,0.13333333333333333
assist_17,3,0,-0.06666666666666667
assist_17,4,0,-0.07142857142857142
assist_17,9,0,-0.06818181818181819
assist_17,4,0,-0.07142857142857142
assist_17,6,0,-0.05555555555555555
assist_17,12,1,0.028571428571428574
assist_17,12,1,0.009523809523809526
assist_17,6,1,0.08333333333333333
assist_17,7,0,-0.05555555555555556
assist_17,11,0,-0.02197802197802198
assist_17,3,1,0.033333333333333326
assist_17,5,0,-0.05357142857142857
assist_17,1,1,0.08333333333333334
assist_17,9,0,-0.030303030303030304
assist_17,4,1,0.07142857142857142
assist_17,9,0,-0.015151515151515152
assist_17,0,1,0.16666666666666666
assist_17,8,0,-0.02727272727272727
assist_17,5,0,-0.05357142857142857
assist_17,2,0,-0.05
assist_17,4,0,-0.023809523809523808
assist_17,4,0,-0.07142857142857142
assist_17,8,1,0.045454545454545456
assist_17,4,1,0.04761904761904762
assist_17,0,0,-0.16666666666666666
assist_17,3,1,0.09999999999999999
assist_17,12,1,0.04761904761904762
assist_17,1,1,0.08333333333333334
assist_17,10,0,-0.032051282051282055
assist_17,5,1,0.10714285714285715
assist_17,4,0,-0.047619047619047616
assist_17,2,0,-0.1
assist_17,12,0,-0.02380952380952381
assist_17,2,1,0.05
assist_17,2,0,-0.1
assist_17,6,0,-0.013888888888888888
assist_17,3,1,0.033333333333333326
assist_17,2,0,-0.1
assist_17,0,0,-0.16666666666666666
assist_17,0,1,0.16666666666666666
assist_17,4,1,0.07142857142857142
assist_17,1,0,-0.08333333333333333
assist_17,7,1,0.03333333333333334
assist_17,6,1,0.027777777777777776
assist_17,2,0,-0.15
assist_17,5,0,-0.017857142857142856
assist_17,2,0,-0.1
assist_17,0,1,0.16666666666666666
assist_17,6,0,-0.08333333333333333
assist_17,4,0,-0.047619047619047616
assist_17,9,0,-0.04545454545454545
assist_17,2,1,0.05
assist_17,5,0,-0.07142857142857142
assist_17,4,0,-0.023809523809523808
assist_17,9,1,0.06060606060606061
assist_17,4,1,0.023809523809523805
assist_17,8,0,-0.05454545454545454
assist_17,2,1,0.15
assist_17,5,1,0.08928571428571429
assist_17,7,1,0.04444444444444444
assist_17,1,1,0.08333333333333334
assist_17,5,1,0.053571428571428575
assist_17,6,1,0.06944444444444445
assist_17,4,0,-0.023809523809523808
assist_17,4,1,0.04761904761904762
assist_17,1,0,-0.08333333333333333
assist_17,9,0,-0.022727272727272724
assist_17,3,0,-0.03333333333333333
assist_17,0,1,0.16666666666666666
assist_17,4,1,0.11904761904761905
assist_17,3,0,-0.06666666666666667
assist_17,4,0,-0.047619047619047616
assist_17,1,1,0.08333333333333334
assist_17,5,0,-0.017857142857142856
assist_17,4,0,-0.023809523809523808
assist_17,0,0,-0.16666666666666666
assist_17,5,1,0.053571428571428575
assist_17,7,0,-0.02222222222222222
assist_17,9,0,-0.022727272727272724
assist_17,2,0,-0.1
assist_17,4,0,-0.047619047619047616
assist_17,6,0,-0.08333333333333333
assist_17,0,0,-0.16666666666666666
assist_17,7,1,0.04444444444444444
assist_17,12,1,0.03333333333333333
assist_17,1,0,-0.16666666666666666
assist_17,2,1,0.1
assist_17,10,0,-0.01282051282051282
assist_17,3,0,-0.03333333333333333
assist_17,2,0,-0.1
assist_17,0,0,-0.16666666666666666
assist_17,6,0,-0.05555555555555555
assist_17,11,0,-0.03846153846153846
assist_17,2,0,-0.05
assist_17,11,0,-0.04395604395604396
assist_17,11,0,-0.02197802197802198
assist_17,3,1,0.06666666666666667
assist_17,4,0,-0.047619047619047616
assist_17,5,0,-0.05357142857142857
assist_17,1,0,-0.08333333333333333
assist_17,11,0,-0.01098901098901099
assist_17,5,1,0.03571428571428571
assist_17,6,0,-0.027777777777777776
assist_17,5,0,-0.05357142857142857
assist_17,5,0,-0.03571428571428571
assist_17,4,0,-0.047619047619047616
assist_17,8,1,0.02727272727272728
assist_17,1,0,-0.08333333333333333
assist_17,12,1,0.028571428571428574
assist_17,6,1,0.06944444444444445
assist_17,7,1,0.06666666666666668
assist_17,3,1,0.06666666666666667
assist_17,0,1,0.16666666666666666
assist_17,7,0,-0.02222222222222222
assist_17,1,0,-0.16666666666666666
assist_17,1,1,0.16666666666666669
assist_17,0,1,0.16666666666666666
assist_17,5,0,-0.05357142857142857
assist_17,12,0,-0.02380952380952381
assist_17,6,0,-0.05555555555555555
assist_17,6,0,-0.027777777777777776
assist_17,1,1,0.08333333333333334
assist_17,4,0,-0.07142857142857142
assist_17,7,0,-0.02222222222222222
assist_17,6,0,-0.027777777777777776
assist_17,4,1,0.11904761904761905
assist_17,12,1,0.028571428571428574
assist_17,2,1,0.1
assist_17,12,0,-0.0047619047619047615
assist_17,0,1,0.16666666666666666
assist_17,1,1,0.16666666666666669
assist_17,1,1,0.16666666666666669
assist_17,3,0,-0.03333333333333333
assist_17,10,0,-0.019230769230769232
assist_17,3,0,-0.06666666666666667
assist_17,7,1,0.07777777777777778
assist_17,0,1,0.16666666666666666
assist_17,6,1,0.05555555555555555
assist_17,11,1,0.01648351648351648
assist_17,4,0,-0.023809523809523808
assist_17,4,0,-0.07142857142857142
assist_17,7,0,-0.05555555555555556
assist_17,7,0,-0.01111111111111111
assist_17,7,0,-0.05555555555555556
assist_17,1,0,-0.08333333333333333
assist_17,10,0,-0.032051282051282055
assist_17,2,1,0.05
assist_17,4,1,0.11904761904761905
assist_17,1,1,0.16666666666666669
assist_17,6,1,0.013888888888888888
assist_17,3,1,0.033333333333333326
assist_17,0,0,-0.16666666666666666
assist_17,4,0,-0.047619047619047616
assist_17,0,0,-0.16666666666666666
assist_17,8,1,0.045454545454545456
assist_17,6,0,-0.027777777777777776
assist_17,2,0,-0.1
assist_17,8,0,-0.045454545454545456
assist_17,8,0,-0.02727272727272727
assist_17,7,1,0.04444444444444444
assist_17,6,0,-0.041666666666666664
assist_17,8,1,0.018181818181818177
assist_17,3,0,-0.06666666666666667
assist_17,12,1,0.023809523809523805
assist_17,2,0,-0.05
assist_17,1,0,-0.08333333333333333
assist_17,1,1,0.08333333333333334
assist_17,0,1,0.16666666666666666
assist_17,1,0,-0.16666666666666666
assist_17,1,0,-0.08333333333333333
assist_17,2,0,-0.1
assist_17,6,1,0.041666666666666664
assist_17,5,0,-0.03571428571428571
assist_17,6,0,-0.013888888888888888
assist_17,0,1,0.16666666666666666
assist_17,6,1,0.041666666666666664
assist_17,3,0,-0.09999999999999999
assist_17,3,0,-0.13333333333333333
assist_17,3,0,-0.09999999999999999
assist_17,9,1,0.030303030303030304
assist_17,7,0,-0.01111111111111111
assist_17,5,1,0.017857142857142863
assist_17,9,1,0.03787878787878788
assist_17,4,1,0.07142857142857142
assist_17,3,1,0.033333333333333326
assist_17,3,0,-0.06666666666666667
assist_17,7,0,-0.01111111111111111
assist_17,4,0,-0.07142857142857142
assist_17,3,1,0.09999999999999999
assist_17,2,0,-0.05
assist_17,3,0,-0.06666666666666667
assist_17,9,1,0.022727272727272724
assist_17,9,0,-0.04545454545454545
assist_17,9,1,0.022727272727272724
assist_17,0,1,0.16666666666666666
assist_17,3,1,0.09999999999999999
assist_17,5,1,0.07142857142857142
assist_17,6,1,0.05555555555555555
assist_17,2,0,-0.1
assist_17,10,0,-0.02564102564102564
assist_17,1,0,-0.08333333333333333
assist_17,8,0,-0.03636363636363637
assist_17,7,1,0.05555555555555556
assist_17,2,0,-0.05
assist_17,1,1,0.16666666666666669
assist_17,5,1,0.053571428571428575
assist_17,5,1,0.10714285714285715
assist_17,4,1,0.023809523809523805
assist_17,2,1,0.05
assist_17,6,1,0.013888888888888888
assist_17,2,0,-0.15
assist_17,5,1,0.08928571428571429
assist_17,5,0,-0.07142857142857142
assist_17,3,0,-0.06666666666666667
assist_17,1,1,0.16666666666666669
assist_17,4,0,-0.047619047619047616
assist_17,3,1,0.13333333333333333
assist_17,5,0,-0.017857142857142856
assist_17,5,1,0.07142857142857142
assist_17,11,0,-0.03296703296703297
assist_17,2,0,-0.15
assist_17,8,0,-0.06363636363636363
assist_17,6,0,-0.08333333333333333
assist_17,6,1,0.05555555555555555
assist_17,5,1,0.053571428571428575
assist_17,8,1,0.08181818181818182
assist_17,10,0,-0.019230769230769232
assist_17,1,1,0.16666666666666669
assist_17,5,0,-0.03571428571428571
assist_17,6,1,0.041666666666666664
assist_17,5,0,-0.05357142857142857
assist_17,6,0,-0.027777777777777776
assist_17,2,0,-0.1
assist_17,1,0,-0.16666666666666666
assist_17,3,1,0.033333333333333326
assist_17,3,0,-0.03333333333333333
assist_17,6,0,-0.041666666666666664
assist_17,6,1,0.05555555555555555
assist_17,0,1,0.16666666666666666
assist_17,11,1,0.02197802197802198
assist_17,3,0,-0.03333333333333333
assist_17,3,0,-0.06666666666666667
assist_17,7,0,-0.01111111111111111
assist_17,1,0,-0.08333333333333333
assist_17,7,0,-0.08888888888888888
assist_17,6,0,-0.013888888888888888
assist_17,1,1,0.08333333333333334
assist_17,6,0,-0.041666666666666664
assist_17,3,1,0.033333333333333326
assist_17,3,1,0.033333333333333326
assist_17,6,1,0.027777777777777776
assist_17,7,0,-0.03333333333333333
assist_17,1,1,0.16666666666666669
assist_17,5,0,-0.08928571428571429
assist_17,7,0,-0.04444444444444444
assist_17,4,1,0.09523809523809525
assist_17,8,1,0.05454545454545454
assist_17,3,0,-0.13333333333333333
assist_17,3,0,-0.06666666666666667
assist_17,9,0,-0.06060606060606061
assist_17,0,0,-0.16666666666666666
assist_17,5,1,0.03571428571428571
assist_17,1,1,0.08333333333333334
assist_17,5,1,0.07142857142857142
assist_17,2,0,-0.05
assist_17,11,0,-0.06043956043956044
assist_17,1,1,0.16666666666666669
assist_17,2,0,-0.05
assist_17,5,0,-0.017857142857142856
assist_17,5,1,0.10714285714285715
assist_17,2,0,-0.05
assist_17,0,1,0.16666666666666666
assist_17,3,0,-0.03333333333333333
assist_17,1,0,-0.16666666666666666
assist_17,3,0,-0.03333333333333333
assist_17,9,1,0.04545454545454545
assist_17,3,0,-0.06666666666666667
assist_17,5,0,-0.03571428571428571
assist_17,4,1,0.07142857142857142
assist_17,6,1,0.013888888888888888
assist_17,6,1,0.06944444444444445
assist_17,4,0,-0.047619047619047616
assist_17,4,0,-0.047619047619047616
assist_17,2,0,-0.1
assist_17,0,0,-0.16666666666666666
assist_17,9,0,-0.007575757575757576
assist_17,11,0,-0.01098901098901099
assist_17,1,0,-0.16666666666666666
assist_17,0,1,0.16666666666666666
assist_17,5,0,-0.05357142857142857
assist_17,2,1,0.1
assist_17,8,0,-0.06363636363636363
assist_17,3,1,0.033333333333333326
assist_17,6,1,0.05555555555555555
assist_17,7,0,-0.07777777777777778
assist_17,0,0,-0.16666666666666666
assist_17,3,0,-0.06666666666666667
assist_17,9,0,-0.04545454545454545
assist_17,1,1,0.08333333333333334
assist_17,2,0,-0.1
assist_17,2,1,0.1
assist_17,0,0,-0.16666666666666666
assist_17,4,0,-0.047619047619047616
assist_17,5,0,-0.07142857142857142
assist_17,2,1,0.15
assist_17,5,1,0.053571428571428575
assist_17,4,0,-0.023809523809523808
assist_17,11,0,-0.02197802197802198
assist_17,11,1,0.04945054945054945
assist_17,2,1,0.05
assist_17,4,0,-0.023809523809523808
assist_17,5,1,0.07142857142857142
assist_17,0,0,-0.16666666666666666
assist_17,1,0,-0.08333333333333333
assist_17,2,0,-0.05
assist_17,4,0,-0.09523809523809523
assist_17,8,0,-0.018181818181818184
assist_17,12,0,-0.02857142857142857
assist_17,7,1,0.07777777777777778
assist_17,0,0,-0.16666666666666666
assist_17,8,0,-0.045454545454545456
assist_17,3,0,-0.03333333333333333
assist_17,5,0,-0.10714285714285714
assist_17,1,0,-0.08333333333333333
assist_17,1,1,0.16666666666666669
assist_17,7,1,0.04444444444444444
assist_17,5,0,-0.07142857142857142
assist_17,6,1,0.09722222222222222
assist_17,1,1,0.08333333333333334
assist_17,6,0,-0.06944444444444445
assist_17,2,0,-0.05
assist_17,0,0,-0.16666666666666666
assist_17,0,0,-0.16666666666666666
assist_17,11,1,0.02747252747252747
assist_17,6,1,0.041666666666666664
assist_17,3,1,0.033333333333333326
assist_17,10,0,-0.01282051282051282
assist_17,0,0,-0.16666666666666666
assist_17,7,0,-0.03333333333333333
assist_17,3,0,-0.06666666666666667
assist_17,2,0,-0.1
assist_17,6,1,0.013888888888888888
assist_17,9,0,-0.04545454545454545
assist_17,1,1,0.08333333333333334
assist_17,0,1,0.16666666666666666
assist_17,5,0,-0.08928571428571429
assist_17,12,0,-0.04761904761904762
assist_17,11,0,-0.03296703296703297
assist_17,4,0,-0.09523809523809523
assist_17,6,1,0.041666666666666664
assist_17,4,1,0.09523809523809525
assist_17,5,1,0.053571428571428575
assist_17,3,0,-0.06666666666666667
assist_17,6,1,0.027777777777777776
assist_17,4,1,0.07142857142857142
assist_17,12,1,0.05714285714285715
assist_17,1,1,0.16666666666666669
assist_17,4,0,-0.11904761904761905
assist_17,6,0,-0.05555555555555555
assist_17,10,1,0.03205128205128205
assist_17,2,0,-0.05
assist_17,5,0,-0.03571428571428571
assist_17,2,0,-0.05
assist_17,11,0,-0.01098901098901099
assist_17,12,1,0.023809523809523805
assist_17,3,0,-0.13333333333333333
assist_17,2,1,0.1
assist_17,8,0,-0.05454545454545454
assist_17,8,1,0.045454545454545456
assist_17,8,1,0.02727272727272728
assist_17,8,0,-0.06363636363636363
assist_17,4,1,0.023809523809523805
assist_17,8,0,-0.02727272727272727
assist_17,4,0,-0.047619047619047616
assist_17,1,0,-0.08333333333333333
assist_17,7,0,-0.04444444444444444
assist_17,7,0,-0.04444444444444444
assist_17,0,1,0.16666666666666666
assist_17,4,1,0.09523809523809525
assist_17,0,0,-0.16666666666666666
assist_17,3,1,0.06666666666666667
assist_17,4,1,0.04761904761904762
assist_17,4,0,-0.09523809523809523
assist_17,5,0,-0.05357142857142857
assist_17,2,1,0.1
assist_17,3,0,-0.03333333333333333
assist_17,10,0,-0.019230769230769232
assist_17,4,0,-0.11904761904761905
assist_17,1,0,-0.08333333333333333
assist_17,8,0,-0.018181818181818184
assist_17,9,0,-0.03787878787878788
assist_17,5,1,0.053571428571428575
assist_17,4,1,0.07142857142857142
assist_17,4,0,-0.023809523809523808
assist_17,4,0,-0.07142857142857142
assist_17,9,1,0.015151515151515147
assist_17,5,1,0.053571428571428575
assist_17,6,0,-0.027777777777777776
assist_17,6,0,-0.013888888888888888
assist_17,7,1,0.05555555555555556
assist_17,10,0,-0.02564102564102564
assist_17,9,1,0.03787878787878788
assist_17,3,0,-0.03333333333333333
assist_17,9,0,-0.015151515151515152
assist_17,7,0,-0.06666666666666667
assist_17,5,1,0.017857142857142863
assist_17,3,1,0.13333333333333333
assist_17,1,1,0.16666666666666669
assist_17,2,0,-0.1
assist_17,2,1,0.05
assist_17,0,0,-0.16666666666666666
assist_17,4,1,0.04761904761904762
assist_17,4,1,0.09523809523809525
assist_17,2,1,0.05
junyi,0,1,0.16666666666666666
junyi,0,0,-0.16666666666666666
junyi,0,0,-0.16666666666666666
junyi,0,1,0.16666666666666666
junyi,0,1,0.16666666666666666
junyi,0,1,0.16666666666666666
junyi,0,1,0.16666666666666666
junyi,0,1,0.16666666666666666
junyi,0,1,0.16666666666666666
junyi,0,0,-0.16666666666666666
junyi,0,1,0.16666666666666666
junyi,0,0,-0.16666666666666666
junyi,0,1,0.16666666666666666
junyi,0,0,-0.16666666666666666
junyi,0,1,0.16666666666666666
junyi,0,0,-0.16666666666666666
junyi,0,1,0.16666666666666666
junyi,0,1,0.16666666666666666
junyi,0,0,-0.16666666666666666
junyi,0,0,-0.16666666666666666
junyi,0,1,0.16666666666666666
junyi,0,0,-0.16666666666666666
junyi,0,0,-0.16666666666666666
junyi,0,1,0.16666666666666666
junyi,0,1,0.16666666666666666
junyi,0,0,-0.16666666666666666
junyi,0,1,0.16666666666666666
junyi,0,0,-0.16666666666666666
junyi,0,1,0.16666666666666666
junyi,0,1,0.16666666666666666
junyi,0,0,-0.16666666666666666
junyi,0,1,0.16666666666666666
junyi,0,1,0.16666666666666666
junyi,0,0,-0.16666666666666666
junyi,0,1,0.16666666666666666
junyi,0,1,0.16666666666666666
junyi,0,1,0.16666666666666666
junyi,0,1,0.16666666666666666
junyi,0,0,-0.16666666666666666
junyi,0,0,-0.16666666666666666
junyi,0,0,-0.16666666666666666
junyi,0,1,0.16666666666666666
junyi,0,1,0.16666666666666666
junyi,0,1,0.16666666666666666
junyi,0,1,0.16666666666666666
junyi,0,1,0.16666666666666666
junyi,0,1,0.16666666666666666
junyi,0,0,-0.16666666666666666
junyi,0,0,-0.16666666666666666
junyi,0,1,0.16666666666666666
junyi,0,1,0.16666666666666666
junyi,0,1,0.16666666666666666
junyi,0,1,0.16666666666666666
junyi,0,1,0.16666666666666666
junyi,0,0,-0.16666666666666666
junyi,0,1,0.16666666666666666
junyi,0,1,0.16666666666666666
junyi,0,1,0.16666666666666666
junyi,0,0,-0.16666666666666666
junyi,0,1,0.16666666666666666
junyi,0,1,0.16666666666666666
junyi,0,1,0.16666666666666666
junyi,0,0,-0.16666666666666666
junyi,0,0,-0.16666666666666666
junyi,0,1,0.16666666666666666
junyi,0,1,0.16666666666666666
junyi,0,1,0.16666666666666666
junyi,0,1,0.16666666666666666
junyi,0,1,0.16666666666666666
junyi,0,1,0.16666666666666666
junyi,0,1,0.16666666666666666
junyi,0,0,-0.16666666666666666
junyi,0,1,0.16666666666666666
junyi,0,1,0.16666666666666666
junyi,0,1,0.16666666666666666
junyi,0,1,0.16666666666666666
junyi,0,1,0.16666666666666666
junyi,0,1,0.16666666666666666
junyi,0,0,-0.16666666666666666
junyi,0,1,0.16666666666666666
junyi,0,0,-0.16666666666666666
junyi,0,1,0.16666666666666666
junyi,0,1,0.16666666666666666
junyi,0,1,0.16666666666666666
junyi,0,0,-0.16666666666666666
junyi,0,0,-0.16666666666666666
junyi,0,1,0.16666666666666666
junyi,0,1,0.16666666666666666
junyi,0,0,-0.16666666666666666
junyi,0,1,0.16666666666666666
junyi,0,1,0.16666666666666666
junyi,0,1,0.16666666666666666
junyi,0,0,-0.16666666666666666
junyi,0,0,-0.16666666666666666
junyi,0,1,0.16666666666666666
junyi,0,1,0.16666666666666666
junyi,0,0,-0.16666666666666666
junyi,0,0,-0.16666666666666666
junyi,0,1,0.16666666666666666
junyi,0,0,-0.16666666666666666
junyi,0,1,0.16666666666666666
junyi,0,1,0.16666666666666666
junyi,0,1,0.16666666666666666
junyi,0,1,0.16666666666666666
junyi,0,1,0.16666666666666666
junyi,0,0,-0.16666666666666666
junyi,0,1,0.16666666666666666
junyi,0,0,-0.16666666666666666
junyi,0,1,0.16666666666666666
junyi,0,1,0.16666666666666666
junyi,0,1,0.16666666666666666
junyi,0,1,0.16666666666666666
junyi,0,1,0.16666666666666666
junyi,0,0,-0.16666666666666666
junyi,0,1,0.16666666666666666
junyi,0,1,0.16666666666666666
junyi,0,0,-0.16666666666666666
junyi,0,1,0.16666666666666666
junyi,0,0,-0.16666666666666666
junyi,0,1,0.16666666666666666
junyi,0,1,0.16666666666666666
junyi,0,1,0.16666666666666666
junyi,0,1,0.16666666666666666
junyi,0,1,0.16666666666666666
junyi,0,1,0.16666666666666666
junyi,0,1,0.16666666666666666
junyi,0,0,-0.16666666666666666
junyi,0,1,0.16666666666666666
junyi,0,0,-0.16666666666666666
junyi,0,0,-0.16666666666666666
junyi,0,1,0.16666666666666666
junyi,0,1,0.16666666666666666
junyi,0,1,0.16666666666666666
junyi,0,1,0.16666666666666666
junyi,0,1,0.16666666666666666
junyi,0,1,0.16666666666666666
junyi,0,1,0.16666666666666666
junyi,0,0,-0.16666666666666666
junyi,0,0,-0.16666666666666666
junyi,0,1,0.16666666666666666
junyi,0,0,-0.16666666666666666
junyi,0,1,0.16666666666666666
junyi,0,1,0.16666666666666666
junyi,0,1,0.16666666666666666
junyi,0,1,0.16666666666666666
junyi,0,1,0.16666666666666666
junyi,0,1,0.16666666666666666
junyi,0,1,0.16666666666666666
junyi,0,1,0.16666666666666666
junyi,0,0,-0.16666666666666666
junyi,0,0,-0.16666666666666666
junyi,0,1,0.16666666666666666
junyi,0,1,0.16666666666666666
junyi,0,1,0.16666666666666666
junyi,0,0,-0.16666666666666666
junyi,0,1,0.16666666666666666
junyi,0,0,-0.16666666666666666
junyi,0,0,-0.16666666666666666
junyi,0,0,-0.16666666666666666
junyi,0,1,0.16666666666666666
junyi,0,1,0.16666666666666666
junyi,0,1,0.16666666666666666
junyi,0,0,-0.16666666666666666
junyi,0,0,-0.16666666666666666
junyi,0,1,0.16666666666666666
junyi,0,0,-0.16666666666666666
junyi,0,1,0.16666666666666666
junyi,0,1,0.16666666666666666
junyi,0,1,0.16666666666666666
junyi,0,1,0.16666666666666666
junyi,0,1,0.16666666666666666
junyi,0,0,-0.16666666666666666
junyi,0,1,0.16666666666666666
junyi,0,1,0.16666666666666666
junyi,0,1,0.16666666666666666
junyi,0,1,0.16666666666666666
junyi,0,1,0.16666666666666666
junyi,0,1,0.16666666666666666
junyi,0,0,-0.16666666666666666
junyi,0,0,-0.16666666666666666
junyi,0,1,0.16666666666666666
junyi,0,1,0.16666666666666666
junyi,0,1,0.16666666666666666
junyi,0,1,0.16666666666666666
junyi,0,0,-0.16666666666666666
junyi,0,1,0.16666666666666666
junyi,0,1,0.16666666666666666
junyi,0,1,0.16666666666666666
junyi,0,1,0.16666666666666666
junyi,0,0,-0.16666666666666666
junyi,0,0,-0.16666666666666666
junyi,0,1,0.16666666666666666
junyi,0,1,0.16666666666666666
junyi,0,1,0.16666666666666666
junyi,0,1,0.16666666666666666
junyi,0,0,-0.16666666666666666
junyi,0,1,0.16666666666666666
junyi,0,1,0.16666666666666666
junyi,0,1,0.16666666666666666
junyi,0,0,-0.16666666666666666
junyi,0,0,-0.16666666666666666
junyi,0,0,-0.16666666666666666
junyi,0,1,0.16666666666666666
junyi,0,1,0.16666666666666666
junyi,0,1,0.16666666666666666
junyi,0,1,0.16666666666666666
junyi,0,1,0.16666666666666666
junyi,0,1,0.16666666666666666
junyi,0,1,0.16666666666666666
junyi,0,0,-0.16666666666666666
junyi,0,1,0.16666666666666666
junyi,0,0,-0.16666666666666666
junyi,0,1,0.16666666666666666
junyi,0,0,-0.16666666666666666
junyi,0,1,0.16666666666666666
junyi,0,1,0.16666666666666666
junyi,0,1,0.16666666666666666
junyi,0,1,0.16666666666666666
junyi,0,1,0.16666666666666666
junyi,0,0,-0.16666666666666666
junyi,0,0,-0.16666666666666666
junyi,0,1,0.16666666666666666
junyi,0,0,-0.16666666666666666
junyi,0,1,0.16666666666666666
junyi,0,1,0.16666666666666666
junyi,0,0,-0.16666666666666666
junyi,0,0,-0.16666666666666666
junyi,0,0,-0.16666666666666666
junyi,0,1,0.16666666666666666
junyi,0,1,0.16666666666666666
junyi,0,0,-0.16666666666666666
junyi,0,1,0.16666666666666666
junyi,0,1,0.16666666666666666
junyi,0,0,-0.16666666666666666
junyi,0,0,-0.16666666666666666
junyi,0,0,-0.16666666666666666
junyi,0,1,0.16666666666666666
junyi,0,1,0.16666666666666666
junyi,0,1,0.16666666666666666
junyi,0,1,0.16666666666666666
junyi,0,1,0.16666666666666666
junyi,0,0,-0.16666666666666666
junyi,0,1,0.16666666666666666
junyi,0,1,0.16666666666666666
junyi,0,1,0.16666666666666666
junyi,0,0,-0.16666666666666666
junyi,0,1,0.16666666666666666
junyi,0,1,0.16666666666666666
junyi,0,1,0.16666666666666666
junyi,0,1,0.16666666666666666
junyi,0,0,-0.16666666666666666
junyi,0,1,0.16666666666666666
junyi,0,1,0.16666666666666666
junyi,0,1,0.16666666666666666
junyi,0,1,0.16666666666666666
junyi,0,0,-0.16666666666666666
junyi,0,1,0.16666666666666666
junyi,0,1,0.16666666666666666
junyi,0,0,-0.16666666666666666
junyi,0,1,0.16666666666666666
junyi,0,0,-0.16666666666666666
junyi,0,1,0.16666666666666666
junyi,0,1,0.16666666666666666
junyi,0,1,0.16666666666666666
junyi,0,1,0.16666666666666666
junyi,0,1,0.16666666666666666
junyi,0,1,0.16666666666666666
junyi,0,0,-0.16666666666666666
junyi,0,0,-0.16666666666666666
junyi,0,0,-0.16666666666666666
junyi,0,1,0.16666666666666666
junyi,0,1,0.16666666666666666
junyi,0,0,-0.16666666666666666
junyi,0,1,0.16666666666666666
junyi,0,1,0.16666666666666666
junyi,0,1,0.16666666666666666
junyi,0,1,0.16666666666666666
junyi,0,0,-0.16666666666666666
junyi,0,1,0.16666666666666666
junyi,0,0,-0.16666666666666666
junyi,0,1,0.16666666666666666
junyi,0,1,0.16666666666666666
junyi,0,1,0.16666666666666666
junyi,0,0,-0.16666666666666666
junyi,0,1,0.16666666666666666
junyi,0,1,0.16666666666666666
junyi,0,1,0.16666666666666666
junyi,0,0,-0.16666666666666666
junyi,0,0,-0.16666666666666666
junyi,0,0,-0.16666666666666666
junyi,0,0,-0.16666666666666666
junyi,0,0,-0.16666666666666666
junyi,0,1,0.16666666666666666
junyi,0,0,-0.16666666666666666
junyi,0,1,0.16666666666666666
junyi,0,0,-0.16666666666666666
junyi,0,1,0.16666666666666666
junyi,0,1,0.16666666666666666
junyi,0,0,-0.16666666666666666
junyi,0,1,0.16666666666666666
junyi,0,1,0.16666666666666666
junyi,0,1,0.16666666666666666
junyi,0,1,0.16666666666666666
junyi,0,1,0.16666666666666666
junyi,0,0,-0.16666666666666666
junyi,0,1,0.16666666666666666
junyi,0,0,-0.16666666666666666
junyi,0,1,0.16666666666666666
junyi,0,0,-0.16666666666666666
junyi,0,1,0.16666666666666666
junyi,0,0,-0.16666666666666666
junyi,0,1,0.16666666666666666
junyi,0,0,-0.16666666666666666
junyi,0,1,0.16666666666666666
junyi,0,0,-0.16666666666666666
junyi,0,1,0.16666666666666666
junyi,0,1,0.16666666666666666
junyi,0,1,0.16666666666666666
junyi,0,0,-0.16666666666666666
junyi,0,1,0.16666666666666666
junyi,0,0,-0.16666666666666666
junyi,0,1,0.16666666666666666
junyi,0,1,0.16666666666666666
junyi,0,0,-0.16666666666666666
junyi,0,1,0.16666666666666666
junyi,0,0,-0.16666666666666666
junyi,0,0,-0.16666666666666666
junyi,0,0,-0.16666666666666666
junyi,0,0,-0.16666666666666666
junyi,0,0,-0.16666666666666666
junyi,0,1,0.16666666666666666
junyi,0,1,0.16666666666666666
junyi,0,1,0.16666666666666666
junyi,0,1,0.16666666666666666
junyi,0,0,-0.16666666666666666
junyi,0,1,0.16666666666666666
junyi,0,0,-0.16666666666666666
junyi,0,1,0.16666666666666666
junyi,0,1,0.16666666666666666
junyi,0,1,0.16666666666666666
junyi,0,1,0.16666666666666666
junyi,0,1,0.16666666666666666
junyi,0,1,0.16666666666666666
junyi,0,0,-0.16666666666666666
junyi,0,1,0.16666666666666666
junyi,0,0,-0.16666666666666666
junyi,0,0,-0.16666666666666666
junyi,0,1,0.16666666666666666
junyi,0,1,0.16666666666666666
junyi,0,0,-0.16666666666666666
junyi,0,1,0.16666666666666666
junyi,0,1,0.16666666666666666
junyi,0,1,0.16666666666666666
junyi,0,1,0.16666666666666666
junyi,0,1,0.16666666666666666
junyi,0,1,0.16666666666666666
junyi,0,0,-0.16666666666666666
junyi,0,1,0.16666666666666666
junyi,0,1,0.16666666666666666
junyi,0,1,0.16666666666666666
junyi,0,1,0.16666666666666666
junyi,0,0,-0.16666666666666666
junyi,0,1,0.16666666666666666
junyi,0,1,0.16666666666666666
junyi,0,1,0.16666666666666666
junyi,0,0,-0.16666666666666666
junyi,0,0,-0.16666666666666666
junyi,0,1,0.16666666666666666
junyi,0,1,0.16666666666666666
junyi,0,1,0.16666666666666666
junyi,0,1,0.16666666666666666
junyi,0,1,0.16666666666666666
junyi,0,0,-0.16666666666666666
junyi,0,1,0.16666666666666666
junyi,0,1,0.16666666666666666
junyi,0,0,-0.16666666666666666
junyi,0,0,-0.16666666666666666
junyi,0,0,-0.16666666666666666
junyi,0,1,0.16666666666666666
junyi,0,0,-0.16666666666666666
junyi,0,0,-0.16666666666666666
junyi,0,1,0.16666666666666666
junyi,0,1,0.16666666666666666
junyi,0,1,0.16666666666666666
junyi,0,0,-0.16666666666666666
junyi,0,1,0.16666666666666666
junyi,0,0,-0.16666666666666666
junyi,0,1,0.16666666666666666
junyi,0,0,-0.16666666666666666
junyi,0,0,-0.16666666666666666
junyi,0,1,0.16666666666666666
junyi,0,1,0.16666666666666666
junyi,0,0,-0.16666666666666666
junyi,0,1,0.16666666666666666
junyi,0,1,0.16666666666666666
junyi,0,1,0.16666666666666666
junyi,0,1,0.16666666666666666
junyi,0,0,-0.16666666666666666
junyi,0,1,0.16666666666666666
junyi,0,1,0.16666666666666666
junyi,0,1,0.16666666666666666
junyi,0,0,-0.16666666666666666
junyi,0,1,0.16666666666666666
junyi,0,1,0.16666666666666666
junyi,0,1,0.16666666666666666
junyi,0,1,0.16666666666666666
junyi,0,1,0.16666666666666666
junyi,0,0,-0.16666666666666666
junyi,0,1,0.16666666666666666
junyi,0,1,0.16666666666666666
junyi,0,1,0.16666666666666666
junyi,0,1,0.16666666666666666
junyi,0,1,0.16666666666666666
junyi,0,1,0.16666666666666666
junyi,0,0,-0.16666666666666666
junyi,0,0,-0.16666666666666666
junyi,0,1,0.16666666666666666
junyi,0,1,0.16666666666666666
junyi,0,0,-0.16666666666666666
junyi,0,0,-0.16666666666666666
junyi,0,0,-0.16666666666666666
junyi,0,1,0.16666666666666666
junyi,0,1,0.16666666666666666
junyi,0,1,0.16666666666666666
junyi,0,1,0.16666666666666666
junyi,0,0,-0.16666666666666666
junyi,0,0,-0.16666666666666666
junyi,0,0,-0.16666666666666666
junyi,0,0,-0.16666666666666666
junyi,0,1,0.16666666666666666
junyi,0,1,0.16666666666666666
junyi,0,0,-0.16666666666666666
junyi,0,0,-0.16666666666666666
junyi,0,0,-0.16666666666666666
junyi,0,0,-0.16666666666666666
junyi,0,1,0.16666666666666666
junyi,0,1,0.16666666666666666
junyi,0,1,0.16666666666666666
junyi,0,0,-0.16666666666666666
junyi,0,1,0.16666666666666666
junyi,0,1,0.16666666666666666
junyi,0,1,0.16666666666666666
junyi,0,1,0.16666666666666666
junyi,0,0,-0.16666666666666666
junyi,0,1,0.16666666666666666
junyi,0,1,0.16666666666666666
junyi,0,0,-0.16666666666666666
junyi,0,1,0.16666666666666666
junyi,0,0,-0.16666666666666666
junyi,0,0,-0.16666666666666666
junyi,0,1,0.16666666666666666
junyi,0,1,0.16666666666666666
junyi,0,0,-0.16666666666666666
junyi,0,1,0.16666666666666666
junyi,0,1,0.16666666666666666
junyi,0,1,0.16666666666666666
junyi,0,0,-0.16666666666666666
junyi,0,0,-0.16666666666666666
junyi,0,0,-0.16666666666666666
junyi,0,1,0.16666666666666666
junyi,0,1,0.16666666666666666
junyi,0,0,-0.16666666666666666
junyi,0,0,-0.16666666666666666
junyi,0,1,0.16666666666666666
junyi,0,1,0.16666666666666666
junyi,0,0,-0.16666666666666666
junyi,0,1,0.16666666666666666
junyi,0,0,-0.16666666666666666
junyi,0,1,0.16666666666666666
junyi,0,0,-0.16666666666666666
junyi,0,1,0.16666666666666666
junyi,0,1,0.16666666666666666
junyi,0,1,0.16666666666666666
junyi,0,0,-0.16666666666666666
junyi,0,0,-0.16666666666666666
junyi,0,1,0.16666666666666666
junyi,0,0,-0.16666666666666666
junyi,0,1,0.16666666666666666
junyi,0,1,0.16666666666666666
junyi,0,1,0.16666666666666666
junyi,0,1,0.16666666666666666
junyi,0,1,0.16666666666666666
junyi,0,1,0.16666666666666666
junyi,0,1,0.16666666666666666
junyi,0,1,0.16666666666666666
junyi,0,0,-0.16666666666666666
junyi,0,0,-0.16666666666666666
junyi,0,1,0.16666666666666666
junyi,0,0,-0.16666666666666666
junyi,0,1,0.16666666666666666
junyi,0,1,0.16666666666666666
junyi,0,1,0.16666666666666666
junyi,0,1,0.16666666666666666
junyi,0,0,-0.16666666666666666
junyi,0,1,0.16666666666666666
junyi,0,0,-0.16666666666666666
junyi,0,1,0.16666666666666666
junyi,0,1,0.16666666666666666
junyi,0,0,-0.16666666666666666
junyi,0,1,0.16666666666666666
junyi,0,0,-0.16666666666666666
junyi,0,1,0.16666666666666666
junyi,0,0,-0.16666666666666666
junyi,0,1,0.16666666666666666
junyi,0,1,0.16666666666666666
junyi,0,0,-0.16666666666666666
junyi,0,1,0.16666666666666666
junyi,0,1,0.16666666666666666
junyi,0,0,-0.16666666666666666
junyi,0,1,0.16666666666666666
junyi,0,1,0.16666666666666666
junyi,0,1,0.16666666666666666
junyi,0,1,0.16666666666666666
junyi,0,0,-0.16666666666666666
junyi,0,0,-0.16666666666666666
junyi,0,0,-0.16666666666666666
junyi,0,0,-0.16666666666666666
junyi,0,1,0.16666666666666666
junyi,0,0,-0.16666666666666666
junyi,0,1,0.16666666666666666
junyi,0,0,-0.16666666666666666
junyi,0,1,0.16666666666666666
junyi,0,1,0.16666666666666666
junyi,0,1,0.16666666666666666
junyi,0,1,0.16666666666666666
junyi,0,1,0.16666666666666666
junyi,0,0,-0.16666666666666666
junyi,0,1,0.16666666666666666
junyi,0,1,0.16666666666666666
junyi,0,1,0.16666666666666666
junyi,0,1,0.16666666666666666
junyi,0,0,-0.16666666666666666
junyi,0,0,-0.16666666666666666
junyi,0,0,-0.16666666666666666
junyi,0,1,0.16666666666666666
junyi,0,1,0.16666666666666666
junyi,0,0,-0.16666666666666666
junyi,0,0,-0.16666666666666666
junyi,0,1,0.16666666666666666
junyi,0,0,-0.16666666666666666
junyi,0,1,0.16666666666666666
junyi,0,1,0.16666666666666666
junyi,0,0,-0.16666666666666666
junyi,0,0,-0.16666666666666666
junyi,0,1,0.16666666666666666
junyi,0,1,0.16666666666666666
junyi,0,0,-0.16666666666666666
junyi,0,1,0.16666666666666666
junyi,0,1,0.16666666666666666
junyi,0,1,0.16666666666666666
junyi,0,0,-0.16666666666666666
junyi,0,1,0.16666666666666666
junyi,0,0,-0.16666666666666666
junyi,0,1,0.16666666666666666
junyi,0,1,0.16666666666666666
junyi,0,1,0.16666666666666666
junyi,0,0,-0.16666666666666666
junyi,0,0,-0.16666666666666666
junyi,0,1,0.16666666666666666
junyi,0,0,-0.16666666666666666
junyi,0,1,0.16666666666666666
junyi,0,1,0.16666666666666666
junyi,0,1,0.16666666666666666
junyi,0,1,0.16666666666666666
junyi,0,1,0.16666666666666666
junyi,0,1,0.16666666666666666
junyi,0,1,0.16666666666666666
junyi,0,0,-0.16666666666666666
junyi,0,0,-0.16666666666666666
junyi,0,0,-0.16666666666666666
junyi,0,0,-0.16666666666666666
junyi,0,1,0.16666666666666666
junyi,0,0,-0.16666666666666666
junyi,0,1,0.16666666666666666
junyi,0,1,0.16666666666666666
junyi,0,0,-0.16666666666666666
junyi,0,0,-0.16666666666666666
junyi,0,0,-0.16666666666666666
junyi,0,0,-0.16666666666666666
junyi,0,0,-0.16666666666666666
junyi,0,1,0.16666666666666666
junyi,0,1,0.16666666666666666
junyi,0,0,-0.16666666666666666
junyi,0,1,0.16666666666666666
junyi,0,0,-0.16666666666666666
junyi,0,1,0.16666666666666666
junyi,0,1,0.16666666666666666
junyi,0,1,0.16666666666666666
junyi,0,0,-0.16666666666666666
junyi,0,1,0.16666666666666666
junyi,0,0,-0.16666666666666666
junyi,0,1,0.16666666666666666
junyi,0,0,-0.16666666666666666
junyi,0,0,-0.16666666666666666
junyi,0,1,0.16666666666666666
junyi,0,0,-0.16666666666666666
junyi,0,1,0.16666666666666666
junyi,0,0,-0.16666666666666666
junyi,0,0,-0.16666666666666666
junyi,0,1,0.16666666666666666
junyi,0,0,-0.16666666666666666
junyi,0,0,-0.16666666666666666
junyi,0,1,0.16666666666666666
junyi,0,0,-0.16666666666666666
junyi,0,1,0.16666666666666666
junyi,0,1,0.16666666666666666
junyi,0,1,0.16666666666666666
junyi,0,1,0.16666666666666666
junyi,0,1,0.16666666666666666
junyi,0,1,0.16666666666666666
junyi,0,1,0.16666666666666666
junyi,0,0,-0.16666666666666666
junyi,0,1,0.16666666666666666
junyi,0,0,-0.16666666666666666
junyi,0,1,0.16666666666666666
junyi,0,0,-0.16666666666666666
junyi,0,1,0.16666666666666666
junyi,0,1,0.16666666666666666
junyi,0,1,0.16666666666666666
junyi,0,0,-0.16666666666666666
junyi,0,0,-0.16666666666666666
junyi,0,0,-0.16666666666666666
junyi,0,1,0.16666666666666666
junyi,0,0,-0.16666666666666666
junyi,0,1,0.16666666666666666
junyi,0,0,-0.16666666666666666
junyi,0,1,0.16666666666666666
junyi,0,0,-0.16666666666666666
junyi,0,1,0.16666666666666666
junyi,0,1,0.16666666666666666
junyi,0,1,0.16666666666666666
junyi,0,1,0.16666666666666666
junyi,0,0,-0.16666666666666666
junyi,0,0,-0.16666666666666666
junyi,0,1,0.16666666666666666
junyi,0,1,0.16666666666666666
junyi,0,1,0.16666666666666666
junyi,0,0,-0.16666666666666666
junyi,0,1,0.16666666666666666
junyi,0,1,0.16666666666666666
junyi,0,1,0.16666666666666666
junyi,0,1,0.16666666666666666
junyi,0,1,0.16666666666666666
junyi,0,0,-0.16666666666666666
junyi,0,1,0.16666666666666666
junyi,0,0,-0.16666666666666666
junyi,0,0,-0.16666666666666666
junyi,0,1,0.16666666666666666
junyi,0,1,0.16666666666666666
junyi,0,1,0.16666666666666666
junyi,0,0,-0.16666666666666666
junyi,0,1,0.16666666666666666
junyi,0,0,-0.16666666666666666
junyi,0,0,-0.16666666666666666
junyi,0,1,0.16666666666666666
junyi,0,1,0.16666666666666666
junyi,0,0,-0.16666666666666666
junyi,0,0,-0.16666666666666666
junyi,0,0,-0.16666666666666666
junyi,0,1,0.16666666666666666
junyi,0,0,-0.16666666666666666
junyi,0,1,0.16666666666666666
junyi,0,0,-0.16666666666666666
junyi,0,1,0.16666666666666666
junyi,0,0,-0.16666666666666666
junyi,0,1,0.16666666666666666
junyi,0,1,0.16666666666666666
junyi,0,0,-0.16666666666666666
junyi,0,0,-0.16666666666666666
junyi,0,0,-0.16666666666666666
junyi,0,1,0.16666666666666666
junyi,0,0,-0.16666666666666666
junyi,0,0,-0.16666666666666666
junyi,0,1,0.16666666666666666
junyi,0,1,0.16666666666666666
junyi,0,0,-0.16666666666666666
junyi,0,0,-0.16666666666666666
junyi,0,0,-0.16666666666666666
junyi,0,1,0.16666666666666666
junyi,0,1,0.16666666666666666
junyi,0,1,0.16666666666666666
junyi,0,1,0.16666666666666666
junyi,0,1,0.16666666666666666
junyi,0,0,-0.16666666666666666
junyi,0,0,-0.16666666666666666
junyi,0,0,-0.16666666666666666
junyi,0,0,-0.16666666666666666
junyi,0,1,0.16666666666666666
junyi,0,1,0.16666666666666666
junyi,0,1,0.16666666666666666
junyi,0,1,0.16666666666666666
junyi,0,1,0.16666666666666666
junyi,0,0,-0.16666666666666666
junyi,0,1,0.16666666666666666
junyi,0,1,0.16666666666666666
junyi,0,1,0.16666666666666666
junyi,0,0,-0.16666666666666666
junyi,0,0,-0.16666666666666666
junyi,0,1,0.16666666666666666
junyi,0,1,0.16666666666666666
junyi,0,1,0.16666666666666666
junyi,0,1,0.16666666666666666
junyi,0,1,0.16666666666666666
junyi,0,1,0.16666666666666666
junyi,0,0,-0.16666666666666666
junyi,0,1,0.16666666666666666
junyi,0,0,-0.16666666666666666
junyi,0,1,0.16666666666666666
junyi,0,1,0.16666666666666666
junyi,0,1,0.16666666666666666
junyi,0,0,-0.16666666666666666
junyi,0,0,-0.16666666666666666
junyi,0,1,0.16666666666666666
junyi,0,1,0.16666666666666666
junyi,0,1,0.16666666666666666
junyi,0,1,0.16666666666666666
junyi,0,1,0.16666666666666666
junyi,0,1,0.16666666666666666
junyi,0,0,-0.16666666666666666
junyi,0,1,0.16666666666666666
junyi,0,1,0.16666666666666666
junyi,0,1,0.16666666666666666
junyi,0,0,-0.16666666666666666
junyi,0,0,-0.16666666666666666
junyi,0,1,0.16666666666666666
junyi,0,1,0.16666666666666666
junyi,0,0,-0.16666666666666666
junyi,0,1,0.16666666666666666
junyi,0,0,-0.16666666666666666
junyi,0,1,0.16666666666666666
junyi,0,0,-0.16666666666666666
junyi,0,1,0.16666666666666666
junyi,0,1,0.16666666666666666
junyi,0,1,0.16666666666666666
junyi,0,1,0.16666666666666666
junyi,0,1,0.16666666666666666
junyi,0,1,0.16666666666666666
junyi,0,0,-0.16666666666666666
junyi,0,0,-0.16666666666666666
junyi,0,1,0.16666666666666666
junyi,0,1,0.16666666666666666
junyi,0,1,0.16666666666666666
junyi,0,1,0.16666666666666666
junyi,0,1,0.16666666666666666
junyi,0,0,-0.16666666666666666
junyi,0,1,0.16666666666666666
junyi,0,0,-0.16666666666666666
junyi,0,1,0.16666666666666666
junyi,0,1,0.16666666666666666
junyi,0,0,-0.16666666666666666
junyi,0,1,0.16666666666666666
junyi,0,0,-0.16666666666666666
junyi,0,0,-0.16666666666666666
junyi,0,0,-0.16666666666666666
junyi,0,1,0.16666666666666666
junyi,0,0,-0.16666666666666666
junyi,0,0,-0.16666666666666666
junyi,0,1,0.16666666666666666
junyi,0,1,0.16666666666666666
junyi,0,1,0.16666666666666666
junyi,0,1,0.16666666666666666
junyi,0,1,0.16666666666666666
junyi,0,1,0.16666666666666666
junyi,0,1,0.16666666666666666
junyi,0,1,0.16666666666666666
junyi,0,1,0.16666666666666666
junyi,0,0,-0.16666666666666666
junyi,0,1,0.16666666666666666
junyi,0,1,0.16666666666666666
junyi,0,1,0.16666666666666666
junyi,0,0,-0.16666666666666666
junyi,0,1,0.16666666666666666
junyi,0,0,-0.16666666666666666
junyi,0,0,-0.16666666666666666
junyi,0,0,-0.16666666666666666
junyi,0,1,0.16666666666666666
junyi,0,0,-0.16666666666666666
junyi,0,1,0.16666666666666666
junyi,0,0,-0.16666666666666666
junyi,0,0,-0.16666666666666666
junyi,0,1,0.16666666666666666
junyi,0,1,0.16666666666666666
junyi,0,1,0.16666666666666666
junyi,0,1,0.16666666666666666
junyi,0,1,0.16666666666666666
junyi,0,0,-0.16666666666666666
junyi,0,1,0.16666666666666666
junyi,0,0,-0.16666666666666666
junyi,0,1,0.16666666666666666
junyi,0,1,0.16666666666666666
junyi,0,0,-0.16666666666666666
junyi,0,0,-0.16666666666666666
junyi,0,1,0.16666666666666666
junyi,0,1,0.16666666666666666
junyi,0,1,0.16666666666666666
junyi,0,1,0.16666666666666666
junyi,0,1,0.16666666666666666
junyi,0,1,0.16666666666666666
junyi,0,1,0.16666666666666666
junyi,0,1,0.16666666666666666
junyi,0,1,0.16666666666666666
junyi,0,1,0.16666666666666666
junyi,0,1,0.16666666666666666
junyi,0,1,0.16666666666666666
junyi,0,1,0.16666666666666666
junyi,0,1,0.16666666666666666
junyi,0,0,-0.16666666666666666
junyi,0,0,-0.16666666666666666
junyi,0,1,0.16666666666666666
junyi,0,1,0.16666666666666666
junyi,0,1,0.16666666666666666
junyi,0,1,0.16666666666666666
junyi,0,0,-0.16666666666666666
junyi,0,0,-0.16666666666666666
junyi,0,1,0.16666666666666666
junyi,0,0,-0.16666666666666666
junyi,0,0,-0.16666666666666666
junyi,0,0,-0.16666666666666666
junyi,0,1,0.16666666666666666
junyi,0,1,0.16666666666666666
junyi,0,1,0.16666666666666666
junyi,0,1,0.16666666666666666
junyi,0,1,0.16666666666666666
junyi,0,1,0.16666666666666666
junyi,0,1,0.16666666666666666
junyi,0,1,0.16666666666666666
junyi,0,1,0.16666666666666666
junyi,0,0,-0.16666666666666666
junyi,0,0,-0.16666666666666666
junyi,0,0,-0.16666666666666666
junyi,0,0,-0.16666666666666666
junyi,0,1,0.16666666666666666
junyi,0,0,-0.16666666666666666
junyi,0,1,0.16666666666666666
junyi,0,0,-0.16666666666666666
junyi,0,0,-0.16666666666666666
junyi,0,1,0.16666666666666666
junyi,0,1,0.16666666666666666
junyi,0,1,0.16666666666666666
junyi,0,1,0.16666666666666666
junyi,0,0,-0.16666666666666666
junyi,0,1,0.16666666666666666
junyi,0,1,0.16666666666666666
junyi,0,1,0.16666666666666666
junyi,0,0,-0.16666666666666666
junyi,0,1,0.16666666666666666
junyi,0,1,0.16666666666666666
junyi,0,1,0.16666666666666666
junyi,0,1,0.16666666666666666
junyi,0,1,0.16666666666666666
junyi,0,1,0.16666666666666666
junyi,0,1,0.16666666666666666
junyi,0,0,-0.16666666666666666
junyi,0,0,-0.16666666666666666
junyi,0,1,0.16666666666666666
junyi,0,0,-0.16666666666666666
junyi,0,1,0.16666666666666666
junyi,0,1,0.16666666666666666
junyi,0,1,0.16666666666666666
junyi,0,1,0.16666666666666666
junyi,0,1,0.16666666666666666
junyi,0,0,-0.16666666666666666
junyi,0,1,0.16666666666666666
junyi,0,1,0.16666666666666666
junyi,0,1,0.16666666666666666
junyi,0,1,0.16666666666666666
junyi,0,1,0.16666666666666666
junyi,0,0,-0.16666666666666666
junyi,0,1,0.16666666666666666
junyi,0,1,0.16666666666666666
junyi,0,0,-0.16666666666666666
junyi,0,1,0.16666666666666666
junyi,0,0,-0.16666666666666666
junyi,0,1,0.16666666666666666
junyi,0,1,0.16666666666666666
junyi,0,1,0.16666666666666666
junyi,0,1,0.16666666666666666
junyi,0,1,0.16666666666666666
junyi,0,0,-0.16666666666666666
junyi,0,0,-0.16666666666666666
junyi,0,1,0.16666666666666666
junyi,0,1,0.16666666666666666
junyi,0,1,0.16666666666666666
junyi,0,1,0.16666666666666666
junyi,0,0,-0.16666666666666666
junyi,0,1,0.16666666666666666
junyi,0,1,0.16666666666666666
junyi,0,0,-0.16666666666666666
junyi,0,1,0.16666666666666666
junyi,0,1,0.16666666666666666
junyi,0,0,-0.16666666666666666
junyi,0,0,-0.16666666666666666
junyi,0,1,0.16666666666666666
junyi,0,0,-0.16666666666666666
junyi,0,0,-0.16666666666666666
junyi,0,0,-0.16666666666666666
junyi,0,1,0.16666666666666666
junyi,0,1,0.16666666666666666
junyi,0,1,0.16666666666666666
junyi,0,0,-0.16666666666666666
junyi,0,1,0.16666666666666666
junyi,0,1,0.16666666666666666
junyi,0,0,-0.16666666666666666
junyi,0,0,-0.16666666666666666
junyi,0,1,0.16666666666666666
junyi,0,0,-0.16666666666666666
junyi,0,1,0.16666666666666666
junyi,0,1,0.16666666666666666
junyi,0,0,-0.16666666666666666
junyi,0,1,0.16666666666666666
junyi,0,1,0.16666666666666666
junyi,0,1,0.16666666666666666
junyi,0,1,0.16666666666666666
junyi,0,0,-0.16666666666666666
junyi,0,1,0.16666666666666666
junyi,0,0,-0.16666666666666666
junyi,0,1,0.16666666666666666
junyi,0,0,-0.16666666666666666
junyi,0,1,0.16666666666666666
junyi,0,0,-0.16666666666666666
junyi,0,0,-0.16666666666666666
junyi,0,0,-0.16666666666666666
junyi,0,1,0.16666666666666666
junyi,0,1,0.16666666666666666
junyi,0,0,-0.16666666666666666
junyi,0,1,0.16666666666666666
junyi,0,0,-0.16666666666666666
junyi,0,0,-0.16666666666666666
junyi,0,1,0.16666666666666666
junyi,0,1,0.16666666666666666
junyi,0,1,0.16666666666666666
junyi,0,1,0.16666666666666666
junyi,0,1,0.16666666666666666
junyi,0,0,-0.16666666666666666
junyi,0,1,0.16666666666666666
junyi,0,0,-0.16666666666666666
junyi,0,1,0.16666666666666666
junyi,0,0,-0.16666666666666666
junyi,0,1,0.16666666666666666
junyi,0,1,0.16666666666666666
junyi,0,1,0.16666666666666666
junyi,0,1,0.16666666666666666
junyi,0,0,-0.16666666666666666
junyi,0,1,0.16666666666666666
junyi,0,1,0.16666666666666666
junyi,0,0,-0.16666666666666666
junyi,0,1,0.16666666666666666
junyi,0,1,0.16666666666666666
junyi,0,0,-0.16666666666666666
junyi,0,1,0.16666666666666666
junyi,0,1,0.16666666666666666
junyi,0,0,-0.16666666666666666
junyi,0,1,0.16666666666666666
junyi,0,0,-0.16666666666666666
junyi,0,0,-0.16666666666666666
junyi,0,0,-0.16666666666666666
junyi,0,0,-0.16666666666666666
junyi,0,1,0.16666666666666666
junyi,0,0,-0.16666666666666666
junyi,0,1,0.16666666666666666
junyi,0,1,0.16666666666666666
junyi,0,1,0.16666666666666666
junyi,0,0,-0.16666666666666666
junyi,0,0,-0.16666666666666666
junyi,0,0,-0.16666666666666666
junyi,0,1,0.16666666666666666
junyi,0,1,0.16666666666666666
junyi,0,1,0.16666666666666666
junyi,0,1,0.16666666666666666
junyi,0,0,-0.16666666666666666
junyi,0,1,0.16666666666666666
junyi,0,1,0.16666666666666666
junyi,0,1,0.16666666666666666
junyi,0,0,-0.16666666666666666
junyi,0,1,0.16666666666666666
junyi,0,1,0.16666666666666666
junyi,0,1,0.16666666666666666
junyi,0,0,-0.16666666666666666
junyi,0,1,0.16666666666666666
junyi,0,1,0.16666666666666666
junyi,0,1,0.16666666666666666
junyi,0,1,0.16666666666666666
junyi,0,1,0.16666666666666666
junyi,0,1,0.16666666666666666
junyi,0,1,0.16666666666666666
junyi,0,1,0.16666666666666666
junyi,0,1,0.16666666666666666
junyi,0,1,0.16666666666666666
junyi,0,0,-0.16666666666666666
junyi,0,1,0.16666666666666666
junyi,0,1,0.16666666666666666
junyi,0,1,0.16666666666666666
junyi,0,0,-0.16666666666666666
junyi,0,0,-0.16666666666666666
junyi,0,0,-0.16666666666666666
junyi,0,0,-0.16666666666666666
junyi,0,0,-0.16666666666666666
junyi,0,1,0.16666666666666666
junyi,0,1,0.16666666666666666
junyi,0,1,0.16666666666666666
junyi,0,1,0.16666666666666666
junyi,0,0,-0.16666666666666666
junyi,0,0,-0.16666666666666666
junyi,0,0,-0.16666666666666666
junyi,0,1,0.16666666666666666
junyi,0,1,0.16666666666666666
junyi,0,0,-0.16666666666666666
junyi,0,1,0.16666666666666666
junyi,0,0,-0.16666666666666666
junyi,0,1,0.16666666666666666
junyi,0,1,0.16666666666666666
junyi,0,0,-0.16666666666666666
junyi,0,1,0.16666666666666666
junyi,0,1,0.16666666666666666
junyi,0,0,-0.16666666666666666
junyi,0,0,-0.16666666666666666
junyi,0,0,-0.16666666666666666
junyi,0,0,-0.16666666666666666
junyi,0,1,0.16666666666666666
junyi,0,1,0.16666666666666666
junyi,0,1,0.16666666666666666
junyi,0,1,0.16666666666666666
junyi,0,1,0.16666666666666666
junyi,0,1,0.16666666666666666
junyi,0,0,-0.16666666666666666
junyi,0,0,-0.16666666666666666
junyi,0,1,0.16666666666666666
junyi,0,0,-0.16666666666666666
junyi,0,0,-0.16666666666666666
junyi,0,1,0.16666666666666666
junyi,0,1,0.16666666666666666
junyi,0,1,0.16666666666666666
junyi,0,1,0.16666666666666666
junyi,0,1,0.16666666666666666
junyi,0,1,0.16666666666666666
junyi,0,0,-0.16666666666666666
junyi,0,1,0.16666666666666666
junyi,0,0,-0.16666666666666666
junyi,0,0,-0.16666666666666666
junyi,0,0,-0.16666666666666666
junyi,0,1,0.16666666666666666
junyi,0,0,-0.16666666666666666
junyi,0,0,-0.16666666666666666
junyi,0,0,-0.16666666666666666
junyi,0,1,0.16666666666666666
junyi,0,0,-0.16666666666666666
junyi,0,0,-0.16666666666666666
junyi,0,0,-0.16666666666666666
junyi,0,1,0.16666666666666666
junyi,0,1,0.16666666666666666
junyi,0,1,0.16666666666666666
junyi,0,1,0.16666666666666666
junyi,0,1,0.16666666666666666
junyi,0,1,0.16666666666666666
junyi,0,1,0.16666666666666666
junyi,0,1,0.16666666666666666
junyi,0,0,-0.16666666666666666
junyi,0,0,-0.16666666666666666
junyi,0,0,-0.16666666666666666
junyi,0,0,-0.16666666666666666
junyi,0,1,0.16666666666666666
junyi,0,1,0.16666666666666666
junyi,0,1,0.16666666666666666
junyi,0,1,0.16666666666666666
junyi,0,1,0.16666666666666666
junyi,0,1,0.16666666666666666
junyi,0,0,-0.16666666666666666
junyi,0,1,0.16666666666666666
junyi,0,0,-0.16666666666666666
junyi,0,1,0.16666666666666666
junyi,0,0,-0.16666666666666666
junyi,0,0,-0.16666666666666666
junyi,0,1,0.16666666666666666
junyi,0,1,0.16666666666666666
junyi,0,1,0.16666666666666666
junyi,0,0,-0.16666666666666666
junyi,0,1,0.16666666666666666
junyi,0,1,0.16666666666666666
junyi,0,1,0.16666666666666666
junyi,0,0,-0.16666666666666666
junyi,0,1,0.16666666666666666
junyi,0,0,-0.16666666666666666
junyi,0,0,-0.16666666666666666
junyi,0,0,-0.16666666666666666
junyi,0,1,0.16666666666666666
junyi,0,1,0.16666666666666666
junyi,0,0,-0.16666666666666666
junyi,0,1,0.16666666666666666
junyi,0,1,0.16666666666666666
junyi,0,0,-0.16666666666666666
junyi,0,1,0.16666666666666666
junyi,0,0,-0.16666666666666666
junyi,0,0,-0.16666666666666666
junyi,0,1,0.16666666666666666
junyi,0,0,-0.16666666666666666
junyi,0,0,-0.16666666666666666
junyi,0,0,-0.16666666666666666
junyi,0,1,0.16666666666666666
junyi,0,0,-0.16666666666666666
junyi,0,1,0.16666666666666666
junyi,0,1,0.16666666666666666
junyi,0,1,0.16666666666666666
junyi,0,1,0.16666666666666666
junyi,0,0,-0.16666666666666666
junyi,0,1,0.16666666666666666
junyi,0,0,-0.16666666666666666
junyi,0,0,-0.16666666666666666
junyi,0,1,0.16666666666666666
junyi,0,1,0.16666666666666666
junyi,0,1,0.16666666666666666
junyi,0,0,-0.16666666666666666
junyi,0,1,0.16666666666666666
junyi,0,1,0.16666666666666666
junyi,0,1,0.16666666666666666
junyi,0,0,-0.16666666666666666
junyi,0,0,-0.16666666666666666
junyi,0,1,0.16666666666666666
junyi,0,1,0.16666666666666666
junyi,0,1,0.16666666666666666
junyi,0,0,-0.16666666666666666
junyi,0,0,-0.16666666666666666
junyi,0,1,0.16666666666666666
junyi,0,1,0.16666666666666666
junyi,0,1,0.16666666666666666
junyi,0,1,0.16666666666666666
junyi,0,1,0.16666666666666666
junyi,0,1,0.16666666666666666
junyi,0,0,-0.16666666666666666
junyi,0,1,0.16666666666666666
junyi,0,1,0.16666666666666666
junyi,0,1,0.16666666666666666
junyi,0,0,-0.16666666666666666
junyi,0,1,0.16666666666666666
junyi,0,1,0.16666666666666666
junyi,0,1,0.16666666666666666
junyi,0,0,-0.16666666666666666
junyi,0,0,-0.16666666666666666
junyi,0,1,0.16666666666666666
junyi,0,1,0.16666666666666666
junyi,0,1,0.16666666666666666
junyi,0,1,0.16666666666666666
junyi,0,1,0.16666666666666666
junyi,0,1,0.16666666666666666
junyi,0,1,0.16666666666666666
junyi,0,1,0.16666666666666666
junyi,0,0,-0.16666666666666666
junyi,0,0,-0.16666666666666666
junyi,0,0,-0.16666666666666666
junyi,0,0,-0.16666666666666666
junyi,0,1,0.16666666666666666
junyi,0,1,0.16666666666666666
junyi,0,1,0.16666666666666666
junyi,0,1,0.16666666666666666
junyi,0,1,0.16666666666666666
junyi,0,0,-0.16666666666666666
junyi,0,1,0.16666666666666666
junyi,0,1,0.16666666666666666
junyi,0,1,0.16666666666666666
junyi,0,1,0.16666666666666666
junyi,0,1,0.16666666666666666
junyi,0,0,-0.16666666666666666
junyi,0,0,-0.16666666666666666
junyi,0,1,0.16666666666666666
junyi,0,1,0.16666666666666666
junyi,0,0,-0.16666666666666666
junyi,0,1,0.16666666666666666
junyi,0,1,0.16666666666666666
junyi,0,0,-0.16666666666666666
junyi,0,0,-0.16666666666666666
junyi,0,0,-0.16666666666666666
junyi,0,1,0.16666666666666666
junyi,0,0,-0.16666666666666666
junyi,0,0,-0.16666666666666666
junyi,0,1,0.16666666666666666
junyi,0,0,-0.16666666666666666
junyi,0,1,0.16666666666666666
junyi,0,1,0.16666666666666666
junyi,0,1,0.16666666666666666
junyi,0,1,0.16666666666666666
junyi,0,1,0.16666666666666666
junyi,0,1,0.16666666666666666
junyi,0,1,0.16666666666666666
junyi,0,1,0.16666666666666666
junyi,0,0,-0.16666666666666666
junyi,0,1,0.16666666666666666
junyi,0,1,0.16666666666666666
junyi,0,1,0.16666666666666666
junyi,0,1,0.16666666666666666
junyi,0,0,-0.16666666666666666
junyi,0,1,0.16666666666666666
junyi,0,1,0.16666666666666666
junyi,0,1,0.16666666666666666
junyi,0,0,-0.16666666666666666
junyi,0,1,0.16666666666666666
junyi,0,1,0.16666666666666666
junyi,0,1,0.16666666666666666
junyi,0,1,0.16666666666666666
junyi,0,1,0.16666666666666666
junyi,0,1,0.16666666666666666
junyi,0,1,0.16666666666666666
junyi,0,1,0.16666666666666666
junyi,0,0,-0.16666666666666666
junyi,0,1,0.16666666666666666
junyi,0,1,0.16666666666666666
junyi,0,1,0.16666666666666666
junyi,0,0,-0.16666666666666666
junyi,0,0,-0.16666666666666666
junyi,0,0,-0.16666666666666666
junyi,0,1,0.16666666666666666
junyi,0,0,-0.16666666666666666
junyi,0,1,0.16666666666666666
junyi,0,1,0.16666666666666666
junyi,0,0,-0.16666666666666666
junyi,0,1,0.16666666666666666
junyi,0,1,0.16666666666666666
junyi,0,1,0.16666666666666666
junyi,0,0,-0.16666666666666666
junyi,0,1,0.16666666666666666
junyi,0,0,-0.16666666666666666
junyi,0,1,0.16666666666666666
junyi,0,1,0.16666666666666666
junyi,0,0,-0.16666666666666666
junyi,0,0,-0.16666666666666666
junyi,0,1,0.16666666666666666
junyi,0,1,0.16666666666666666
junyi,0,1,0.16666666666666666
junyi,0,0,-0.16666666666666666
junyi,0,1,0.16666666666666666
junyi,0,0,-0.16666666666666666
junyi,0,1,0.16666666666666666
junyi,0,0,-0.16666666666666666
junyi,0,0,-0.16666666666666666
junyi,0,1,0.16666666666666666
junyi,0,1,0.16666666666666666
junyi,0,1,0.16666666666666666
junyi,0,1,0.16666666666666666
junyi,0,0,-0.16666666666666666
junyi,0,1,0.16666666666666666
junyi,0,0,-0.16666666666666666
junyi,0,1,0.16666666666666666
junyi,0,1,0.16666666666666666
junyi,0,0,-0.16666666666666666
junyi,0,1,0.16666666666666666
junyi,0,1,0.16666666666666666
junyi,0,1,0.16666666666666666
junyi,0,0,-0.16666666666666666
junyi,0,1,0.16666666666666666
junyi,0,1,0.16666666666666666
junyi,0,1,0.16666666666666666
junyi,0,0,-0.16666666666666666
junyi,0,1,0.16666666666666666
junyi,0,0,-0.16666666666666666
junyi,0,1,0.16666666666666666
junyi,0,1,0.16666666666666666
junyi,0,1,0.16666666666666666
junyi,0,1,0.16666666666666666
junyi,0,1,0.16666666666666666
junyi,0,1,0.16666666666666666
junyi,0,0,-0.16666666666666666
junyi,0,0,-0.16666666666666666
junyi,0,0,-0.16666666666666666
junyi,0,0,-0.16666666666666666
junyi,0,0,-0.16666666666666666
junyi,0,1,0.16666666666666666
junyi,0,1,0.16666666666666666
junyi,0,1,0.16666666666666666
junyi,0,1,0.16666666666666666
junyi,0,1,0.16666666666666666
junyi,0,1,0.16666666666666666
junyi,0,0,-0.16666666666666666
junyi,0,1,0.16666666666666666
junyi,0,1,0.16666666666666666
junyi,0,1,0.16666666666666666
junyi,0,1,0.16666666666666666
junyi,0,1,0.16666666666666666
junyi,0,1,0.16666666666666666
junyi,0,1,0.16666666666666666
junyi,0,1,0.16666666666666666
junyi,0,1,0.16666666666666666
junyi,0,1,0.16666666666666666
junyi,0,1,0.16666666666666666
junyi,0,0,-0.16666666666666666
junyi,0,0,-0.16666666666666666
junyi,0,1,0.16666666666666666
junyi,0,1,0.16666666666666666
junyi,0,0,-0.16666666666666666
junyi,0,1,0.16666666666666666
junyi,0,0,-0.16666666666666666
junyi,0,1,0.16666666666666666
junyi,0,1,0.16666666666666666
junyi,0,0,-0.16666666666666666
junyi,0,1,0.16666666666666666
junyi,0,0,-0.16666666666666666
junyi,0,1,0.16666666666666666
junyi,0,0,-0.16666666666666666
junyi,0,1,0.16666666666666666
junyi,0,0,-0.16666666666666666
junyi,0,1,0.16666666666666666
junyi,0,1,0.16666666666666666
junyi,0,0,-0.16666666666666666
junyi,0,0,-0.16666666666666666
junyi,0,1,0.16666666666666666
junyi,0,1,0.16666666666666666
junyi,0,1,0.16666666666666666
junyi,0,1,0.16666666666666666
junyi,0,0,-0.16666666666666666
junyi,0,0,-0.16666666666666666
junyi,0,0,-0.16666666666666666
junyi,0,1,0.16666666666666666
junyi,0,1,0.16666666666666666
junyi,0,1,0.16666666666666666
junyi,0,0,-0.16666666666666666
junyi,0,1,0.16666666666666666
junyi,0,1,0.16666666666666666
junyi,0,0,-0.16666666666666666
junyi,0,1,0.16666666666666666
junyi,0,1,0.16666666666666666
junyi,0,1,0.16666666666666666
junyi,0,0,-0.16666666666666666
junyi,0,0,-0.16666666666666666
junyi,0,1,0.16666666666666666
junyi,0,0,-0.16666666666666666
junyi,0,1,0.16666666666666666
junyi,0,0,-0.16666666666666666
junyi,0,1,0.16666666666666666
junyi,0,1,0.16666666666666666
junyi,0,1,0.16666666666666666
junyi,0,1,0.16666666666666666
junyi,0,0,-0.16666666666666666
junyi,0,0,-0.16666666666666666
junyi,0,0,-0.16666666666666666
junyi,0,0,-0.16666666666666666
junyi,0,0,-0.16666666666666666
junyi,0,1,0.16666666666666666
junyi,0,1,0.16666666666666666
junyi,0,1,0.16666666666666666
junyi,0,0,-0.16666666666666666
junyi,0,0,-0.16666666666666666
junyi,0,1,0.16666666666666666
junyi,0,1,0.16666666666666666
junyi,0,1,0.16666666666666666
junyi,0,1,0.16666666666666666
junyi,0,1,0.16666666666666666
junyi,0,0,-0.16666666666666666
junyi,0,1,0.16666666666666666
junyi,0,1,0.16666666666666666
junyi,0,0,-0.16666666666666666
junyi,0,0,-0.16666666666666666
junyi,0,1,0.16666666666666666
junyi,0,1,0.16666666666666666
junyi,0,1,0.16666666666666666
junyi,0,1,0.16666666666666666
junyi,0,1,0.16666666666666666
junyi,0,1,0.16666666666666666
junyi,0,1,0.16666666666666666
junyi,0,1,0.16666666666666666
junyi,0,1,0.16666666666666666
junyi,0,1,0.16666666666666666
junyi,0,0,-0.16666666666666666
junyi,0,0,-0.16666666666666666
junyi,0,0,-0.16666666666666666
junyi,0,1,0.16666666666666666
junyi,0,0,-0.16666666666666666
junyi,0,0,-0.16666666666666666
junyi,0,1,0.16666666666666666
junyi,0,1,0.16666666666666666
junyi,0,1,0.16666666666666666
junyi,0,0,-0.16666666666666666
junyi,0,1,0.16666666666666666
junyi,0,1,0.16666666666666666
junyi,0,0,-0.16666666666666666
junyi,0,0,-0.16666666666666666
junyi,0,0,-0.16666666666666666
junyi,0,1,0.16666666666666666
junyi,0,1,0.16666666666666666
junyi,0,1,0.16666666666666666
junyi,0,1,0.16666666666666666
junyi,0,1,0.16666666666666666
junyi,0,1,0.16666666666666666
junyi,0,0,-0.16666666666666666
junyi,0,1,0.16666666666666666
junyi,0,0,-0.16666666666666666
junyi,0,1,0.16666666666666666
junyi,0,0,-0.16666666666666666
junyi,0,0,-0.16666666666666666
junyi,0,1,0.16666666666666666
junyi,0,0,-0.16666666666666666
junyi,0,0,-0.16666666666666666
junyi,0,1,0.16666666666666666
junyi,0,1,0.16666666666666666
junyi,0,1,0.16666666666666666
junyi,0,1,0.16666666666666666
junyi,0,0,-0.16666666666666666
junyi,0,0,-0.16666666666666666
junyi,0,0,-0.16666666666666666
junyi,0,1,0.16666666666666666
junyi,0,1,0.16666666666666666
junyi,0,0,-0.16666666666666666
junyi,0,1,0.16666666666666666
junyi,0,1,0.16666666666666666
junyi,0,1,0.16666666666666666
junyi,0,1,0.16666666666666666
junyi,0,1,0.16666666666666666
junyi,0,1,0.16666666666666666
junyi,0,1,0.16666666666666666
junyi,0,1,0.16666666666666666
junyi,0,1,0.16666666666666666
junyi,0,0,-0.16666666666666666
junyi,0,1,0.16666666666666666
junyi,0,1,0.16666666666666666
junyi,0,0,-0.16666666666666666
junyi,0,1,0.16666666666666666
junyi,0,1,0.16666666666666666
junyi,0,0,-0.16666666666666666
junyi,0,1,0.16666666666666666
junyi,0,0,-0.16666666666666666
junyi,0,1,0.16666666666666666
junyi,0,1,0.16666666666666666
junyi,0,0,-0.16666666666666666
junyi,0,1,0.16666666666666666
junyi,0,1,0.16666666666666666
junyi,0,0,-0.16666666666666666
junyi,0,0,-0.16666666666666666
junyi,0,1,0.16666666666666666
junyi,0,1,0.16666666666666666
junyi,0,1,0.16666666666666666
junyi,0,1,0.16666666666666666
junyi,0,1,0.16666666666666666
junyi,0,0,-0.16666666666666666
junyi,0,0,-0.16666666666666666
junyi,0,0,-0.16666666666666666
junyi,0,0,-0.16666666666666666
junyi,0,0,-0.16666666666666666
junyi,0,1,0.16666666666666666
junyi,0,0,-0.16666666666666666
junyi,0,0,-0.16666666666666666
junyi,0,1,0.16666666666666666
junyi,0,1,0.16666666666666666
junyi,0,1,0.16666666666666666
junyi,0,1,0.16666666666666666
junyi,0,1,0.16666666666666666
junyi,0,1,0.16666666666666666
junyi,0,1,0.16666666666666666
junyi,0,1,0.16666666666666666
junyi,0,1,0.16666666666666666
junyi,0,0,-0.16666666666666666
junyi,0,0,-0.16666666666666666
junyi,0,1,0.16666666666666666
junyi,0,1,0.16666666666666666
junyi,0,0,-0.16666666666666666
junyi,0,1,0.16666666666666666
junyi,0,0,-0.16666666666666666
junyi,0,1,0.16666666666666666
junyi,0,1,0.16666666666666666
junyi,0,1,0.16666666666666666
junyi,0,0,-0.16666666666666666
junyi,0,1,0.16666666666666666
junyi,0,0,-0.16666666666666666
junyi,0,0,-0.16666666666666666
junyi,0,1,0.16666666666666666
junyi,0,0,-0.16666666666666666
junyi,0,1,0.16666666666666666
junyi,0,1,0.16666666666666666
junyi,0,1,0.16666666666666666
junyi,0,0,-0.16666666666666666
junyi,0,0,-0.16666666666666666
junyi,0,1,0.16666666666666666
junyi,0,1,0.16666666666666666
junyi,0,0,-0.16666666666666666
junyi,0,1,0.16666666666666666
junyi,0,0,-0.16666666666666666
junyi,0,0,-0.16666666666666666
junyi,0,0,-0.16666666666666666
junyi,0,1,0.16666666666666666
junyi,0,0,-0.16666666666666666
junyi,0,1,0.16666666666666666
junyi,0,1,0.16666666666666666
junyi,0,1,0.16666666666666666
junyi,0,0,-0.16666666666666666
junyi,0,0,-0.16666666666666666
junyi,0,1,0.16666666666666666
junyi,0,0,-0.16666666666666666
junyi,0,0,-0.16666666666666666
junyi,0,1,0.16666666666666666
junyi,0,0,-0.16666666666666666
junyi,0,0,-0.16666666666666666
junyi,0,0,-0.16666666666666666
junyi,0,0,-0.16666666666666666
junyi,0,0,-0.16666666666666666
junyi,0,1,0.16666666666666666
junyi,0,0,-0.16666666666666666
junyi,0,0,-0.16666666666666666
junyi,0,1,0.16666666666666666
junyi,0,1,0.16666666666666666
junyi,0,1,0.16666666666666666
junyi,0,1,0.16666666666666666
junyi,0,1,0.16666666666666666
junyi,0,1,0.16666666666666666
junyi,0,1,0.16666666666666666
junyi,0,0,-0.16666666666666666
nips34,2,0,-0.1
nips34,7,1,0.04444444444444444
nips34,7,0,-0.05555555555555556
nips34,8,0,-0.018181818181818184
nips34,12,1,0.019047619047619046
nips34,10,1,0.0064102564102564135
nips34,7,0,-0.03333333333333333
nips34,7,0,-0.02222222222222222
nips34,10,0,-0.02564102564102564
nips34,12,0,-0.019047619047619046
nips34,9,1,0.015151515151515147
nips34,2,1,0.05
nips34,12,1,0.03809523809523809
nips34,3,1,0.033333333333333326
nips34,0,0,-0.16666666666666666
nips34,9,1,0.007575757575757579
nips34,3,1,0.033333333333333326
nips34,12,1,0.019047619047619046
nips34,3,0,-0.03333333333333333
nips34,4,1,0.07142857142857142
nips34,3,0,-0.06666666666666667
nips34,3,0,-0.03333333333333333
nips34,7,1,0.02222222222222222
nips34,11,1,0.01648351648351648
nips34,5,1,0.03571428571428571
nips34,12,1,0.03809523809523809
nips34,2,1,0.05
nips34,10,0,-0.05128205128205128
nips34,9,1,0.06818181818181818
nips34,10,0,-0.04487179487179487
nips34,10,0,-0.02564102564102564
nips34,4,1,0.023809523809523805
nips34,7,1,0.03333333333333334
nips34,11,1,0.02747252747252747
nips34,1,1,0.16666666666666669
nips34,3,0,-0.06666666666666667
nips34,9,1,0.007575757575757579
nips34,10,1,0.03205128205128205
nips34,10,1,0.019230769230769232
nips34,10,1,0.03205128205128205
nips34,6,1,0.05555555555555555
nips34,2,0,-0.1
nips34,10,1,0.044871794871794865
nips34,4,0,-0.047619047619047616
nips34,6,1,0.09722222222222222
nips34,3,1,0.06666666666666667
nips34,1,0,-0.08333333333333333
nips34,6,0,-0.08333333333333333
nips34,7,1,0.05555555555555556
nips34,5,1,0.053571428571428575
nips34,10,1,0.0064102564102564135
nips34,4,1,0.07142857142857142
nips34,11,0,-0.016483516483516484
nips34,7,0,-0.02222222222222222
nips34,12,0,-0.04285714285714286
nips34,4,1,0.07142857142857142
nips34,9,0,-0.022727272727272724
nips34,3,0,-0.13333333333333333
nips34,11,1,0.01648351648351648
nips34,5,1,0.10714285714285715
nips34,5,1,0.053571428571428575
nips34,8,0,-0.03636363636363637
nips34,5,0,-0.03571428571428571
nips34,8,1,0.009090909090909089
nips34,7,1,0.05555555555555556
nips34,12,0,-0.04285714285714286
nips34,6,1,0.013888888888888888
nips34,9,0,-0.04545454545454545
nips34,6,0,-0.041666666666666664
nips34,12,0,-0.02380952380952381
nips34,8,0,-0.03636363636363637
nips34,10,1,0.05128205128205129
nips34,12,1,0.04285714285714285
nips34,2,1,0.1
nips34,8,1,0.02727272727272728
nips34,2,1,0.15
nips34,7,0,-0.03333333333333333
nips34,6,1,0.041666666666666664
nips34,5,0,-0.08928571428571429
nips34,5,1,0.03571428571428571
nips34,6,1,0.05555555555555555
nips34,0,1,0.16666666666666666
nips34,11,1,0.03846153846153846
nips34,12,0,-0.02380952380952381
nips34,10,0,-0.00641025641025641
nips34,2,0,-0.1
nips34,3,0,-0.09999999999999999
nips34,3,0,-0.06666666666666667
nips34,9,0,-0.04545454545454545
nips34,7,0,-0.04444444444444444
nips34,5,1,0.053571428571428575
nips34,1,0,-0.16666666666666666
nips34,7,0,-0.01111111111111111
nips34,5,1,0.03571428571428571
nips34,11,0,-0.05494505494505495
nips34,10,0,-0.032051282051282055
nips34,12,1,0.03333333333333333
nips34,11,0,-0.02197802197802198
nips34,5,0,-0.017857142857142856
nips34,12,0,-0.02857142857142857
nips34,4,1,0.04761904761904762
nips34,5,0,-0.05357142857142857
nips34,3,1,0.09999999999999999
nips34,4,0,-0.047619047619047616
nips34,12,0,-0.03333333333333333
nips34,12,1,0.04285714285714285
nips34,9,1,0.03787878787878788
nips34,3,1,0.06666666666666667
nips34,11,1,0.02747252747252747
nips34,5,1,0.017857142857142863
nips34,11,0,-0.03296703296703297
nips34,6,1,0.041666666666666664
nips34,0,0,-0.16666666666666666
nips34,11,1,0.01098901098901099
nips34,5,1,0.03571428571428571
nips34,10,1,0.019230769230769232
nips34,3,1,0.09999999999999999
nips34,4,0,-0.047619047619047616
nips34,2,1,0.15
nips34,10,0,-0.019230769230769232
nips34,5,0,-0.08928571428571429
nips34,9,1,0.03787878787878788
nips34,8,1,0.02727272727272728
nips34,3,0,-0.13333333333333333
nips34,4,1,0.07142857142857142
nips34,7,0,-0.06666666666666667
nips34,7,1,0.04444444444444444
nips34,12,1,0.019047619047619046
nips34,9,1,0.04545454545454545
nips34,9,0,-0.030303030303030304
nips34,11,1,0.03846153846153846
nips34,10,1,0.038461538461538464
nips34,4,0,-0.047619047619047616
nips34,6,0,-0.041666666666666664
nips34,7,1,0.011111111111111117
nips34,7,0,-0.02222222222222222
nips34,6,1,0.041666666666666664
nips34,12,1,0.04761904761904762
nips34,8,1,0.03636363636363637
nips34,12,1,0.04285714285714285
nips34,5,1,0.053571428571428575
nips34,7,1,0.06666666666666668
nips34,7,0,-0.04444444444444444
nips34,10,1,0.03205128205128205
nips34,10,1,0.019230769230769232
nips34,10,1,0.05128205128205129
nips34,6,0,-0.05555555555555555
nips34,3,1,0.033333333333333326
nips34,12,1,0.03333333333333333
nips34,1,1,0.08333333333333334
nips34,10,0,-0.02564102564102564
nips34,2,0,-0.05
nips34,2,0,-0.05
nips34,10,0,-0.05128205128205128
nips34,10,0,-0.057692307692307696
nips34,7,1,0.05555555555555556
nips34,8,1,0.018181818181818177
nips34,2,0,-0.15
nips34,7,1,0.03333333333333334
nips34,1,0,-0.08333333333333333
nips34,6,1,0.09722222222222222
nips34,4,1,0.04761904761904762
nips34,7,1,0.06666666666666668
nips34,5,1,0.017857142857142863
nips34,8,1,0.06363636363636363
nips34,3,0,-0.09999999999999999
nips34,3,0,-0.03333333333333333
nips34,5,1,0.053571428571428575
nips34,7,1,0.07777777777777778
nips34,5,1,0.053571428571428575
nips34,2,0,-0.1
nips34,7,1,0.03333333333333334
nips34,5,0,-0.03571428571428571
nips34,6,0,-0.041666666666666664
nips34,7,1,0.011111111111111117
nips34,0,1,0.16666666666666666
nips34,6,0,-0.027777777777777776
nips34,4,1,0.09523809523809525
nips34,10,1,0.038461538461538464
nips34,10,1,0.012820512820512818
nips34,6,1,0.06944444444444445
nips34,2,0,-0.15
nips34,10,1,0.025641025641025644
nips34,6,1,0.05555555555555555
nips34,6,0,-0.05555555555555555
nips34,12,0,-0.019047619047619046
nips34,11,1,0.01648351648351648
nips34,2,0,-0.15
nips34,3,1,0.06666666666666667
nips34,1,0,-0.16666666666666666
nips34,8,1,0.02727272727272728
nips34,11,0,-0.05494505494505495
nips34,6,1,0.013888888888888888
nips34,5,0,-0.03571428571428571
nips34,6,1,0.027777777777777776
nips34,9,0,-0.03787878787878788
nips34,4,0,-0.023809523809523808
nips34,8,0,-0.05454545454545454
nips34,3,1,0.033333333333333326
nips34,6,1,0.013888888888888888
nips34,1,1,0.16666666666666669
nips34,5,1,0.03571428571428571
nips34,2,1,0.1
nips34,11,0,-0.027472527472527476
nips34,4,0,-0.023809523809523808
nips34,3,1,0.033333333333333326
nips34,11,1,0.03846153846153846
nips34,8,1,0.009090909090909089
nips34,3,1,0.06666666666666667
nips34,6,1,0.06944444444444445
nips34,9,1,0.04545454545454545
nips34,12,1,0.023809523809523805
nips34,7,0,-0.03333333333333333
nips34,7,0,-0.05555555555555556
nips34,3,1,0.09999999999999999
nips34,8,0,-0.018181818181818184
nips34,10,0,-0.05128205128205128
nips34,2,0,-0.15
nips34,7,1,0.04444444444444444
nips34,7,0,-0.02222222222222222
nips34,9,1,0.022727272727272724
nips34,4,1,0.023809523809523805
nips34,6,0,-0.027777777777777776
nips34,8,0,-0.02727272727272727
nips34,10,0,-0.038461538461538464
nips34,11,1,0.005494505494505491
nips34,6,1,0.013888888888888888
nips34,1,0,-0.16666666666666666
nips34,7,1,0.03333333333333334
nips34,7,1,0.04444444444444444
nips34,5,1,0.053571428571428575
nips34,1,1,0.08333333333333334
nips34,7,0,-0.04444444444444444
nips34,6,0,-0.09722222222222222
nips34,6,1,0.05555555555555555
nips34,10,1,0.03205128205128205
nips34,2,0,-0.05
nips34,2,0,-0.1
nips34,9,1,0.030303030303030304
nips34,7,0,-0.04444444444444444
nips34,3,0,-0.09999999999999999
nips34,11,0,-0.016483516483516484
nips34,4,1,0.04761904761904762
nips34,4,1,0.023809523809523805
nips34,0,0,-0.16666666666666666
nips34,9,1,0.030303030303030304
nips34,0,1,0.16666666666666666
nips34,10,0,-0.032051282051282055
nips34,12,0,-0.019047619047619046
nips34,6,1,0.013888888888888888
nips34,6,1,0.06944444444444445
nips34,12,1,0.03809523809523809
nips34,8,1,0.02727272727272728
nips34,4,1,0.09523809523809525
nips34,11,0,-0.03846153846153846
nips34,5,1,0.053571428571428575
nips34,6,0,-0.041666666666666664
nips34,3,1,0.13333333333333333
nips34,11,1,0.01648351648351648
nips34,9,0,-0.03787878787878788
nips34,4,1,0.07142857142857142
nips34,4,0,-0.09523809523809523
nips34,1,1,0.08333333333333334
nips34,3,1,0.09999999999999999
nips34,0,0,-0.16666666666666666
nips34,4,0,-0.023809523809523808
nips34,2,1,0.1
nips34,6,1,0.041666666666666664
nips34,12,1,0.014285714285714287
nips34,7,0,-0.06666666666666667
nips34,9,1,0.04545454545454545
nips34,1,1,0.08333333333333334
nips34,4,1,0.023809523809523805
nips34,3,0,-0.06666666666666667
nips34,4,0,-0.07142857142857142
nips34,7,1,0.06666666666666668
nips34,8,1,0.02727272727272728
nips34,11,1,0.03296703296703297
nips34,9,1,0.022727272727272724
nips34,6,1,0.013888888888888888
nips34,5,0,-0.03571428571428571
nips34,7,0,-0.02222222222222222
nips34,8,1,0.06363636363636363
nips34,7,0,-0.03333333333333333
nips34,12,1,0.04285714285714285
nips34,3,1,0.033333333333333326
nips34,5,0,-0.03571428571428571
nips34,2,1,0.05
nips34,3,0,-0.09999999999999999
nips34,4,1,0.04761904761904762
nips34,6,1,0.06944444444444445
nips34,10,0,-0.05128205128205128
nips34,12,0,-0.02380952380952381
nips34,8,1,0.05454545454545454
nips34,10,1,0.038461538461538464
nips34,8,0,-0.03636363636363637
nips34,10,0,-0.02564102564102564
nips34,8,1,0.02727272727272728
nips34,11,0,-0.04395604395604396
nips34,9,0,-0.06818181818181819
nips34,8,1,0.018181818181818177
nips34,8,0,-0.05454545454545454
nips34,5,1,0.03571428571428571
nips34,7,1,0.03333333333333334
nips34,6,1,0.06944444444444445
nips34,4,0,-0.047619047619047616
nips34,12,1,0.04761904761904762
nips34,9,0,-0.022727272727272724
nips34,10,1,0.057692307692307696
nips34,6,1,0.05555555555555555
nips34,6,1,0.013888888888888888
nips34,1,0,-0.08333333333333333
nips34,2,0,-0.1
nips34,8,1,0.07272727272727274
nips34,4,1,0.04761904761904762
nips34,3,1,0.09999999999999999
nips34,10,0,-0.032051282051282055
nips34,6,0,-0.06944444444444445
nips34,7,0,-0.03333333333333333
nips34,12,0,-0.03809523809523809
nips34,5,0,-0.017857142857142856
nips34,7,1,0.011111111111111117
nips34,1,1,0.08333333333333334
nips34,8,0,-0.05454545454545454
nips34,9,1,0.04545454545454545
nips34,4,1,0.11904761904761905
nips34,0,0,-0.16666666666666666
nips34,2,0,-0.15
nips34,7,0,-0.07777777777777778
nips34,0,0,-0.16666666666666666
nips34,8,0,-0.03636363636363637
nips34,2,0,-0.05
nips34,8,1,0.045454545454545456
nips34,6,0,-0.09722222222222222
nips34,5,1,0.07142857142857142
nips34,0,0,-0.16666666666666666
nips34,9,1,0.030303030303030304
nips34,10,1,0.038461538461538464
nips34,12,0,-0.02380952380952381
nips34,12,1,0.00476190476190476
nips34,10,0,-0.032051282051282055
nips34,6,0,-0.06944444444444445
nips34,2,0,-0.1
nips34,6,0,-0.05555555555555555
nips34,5,1,0.03571428571428571
nips34,6,0,-0.05555555555555555
nips34,3,1,0.09999999999999999
nips34,11,1,0.02197802197802198
nips34,6,0,-0.027777777777777776
nips34,6,1,0.041666666666666664
nips34,4,1,0.07142857142857142
nips34,11,0,-0.03296703296703297
nips34,11,1,0.01098901098901099
nips34,3,0,-0.09999999999999999
nips34,11,1,0.02747252747252747
nips34,6,0,-0.041666666666666664
nips34,2,0,-0.1
nips34,5,0,-0.05357142857142857
nips34,4,0,-0.023809523809523808
nips34,12,1,0.023809523809523805
nips34,2,0,-0.05
nips34,6,1,0.013888888888888888
nips34,11,1,0.04945054945054945
nips34,7,1,0.011111111111111117
nips34,6,1,0.05555555555555555
nips34,2,1,0.1
nips34,7,1,0.06666666666666668
nips34,11,0,-0.03846153846153846
nips34,10,0,-0.019230769230769232
nips34,12,0,-0.03333333333333333
nips34,1,0,-0.16666666666666666
nips34,10,1,0.05128205128205129
nips34,3,1,0.06666666666666667
nips34,4,0,-0.07142857142857142
nips34,3,1,0.09999999999999999
nips34,5,0,-0.05357142857142857
nips34,2,1,0.05
nips34,1,1,0.16666666666666669
nips34,9,0,-0.04545454545454545
nips34,3,1,0.06666666666666667
nips34,12,0,-0.019047619047619046
nips34,11,0,-0.02197802197802198
nips34,7,0,-0.05555555555555556
nips34,5,0,-0.07142857142857142
nips34,6,1,0.013888888888888888
nips34,4,0,-0.047619047619047616
nips34,5,1,0.10714285714285715
nips34,6,0,-0.027777777777777776
nips34,7,0,-0.06666666666666667
nips34,7,0,-0.02222222222222222
nips34,6,1,0.013888888888888888
nips34,10,0,-0.02564102564102564
nips34,6,0,-0.041666666666666664
nips34,8,1,0.03636363636363637
nips34,5,1,0.07142857142857142
nips34,6,1,0.05555555555555555
nips34,5,1,0.053571428571428575
nips34,10,0,-0.05128205128205128
nips34,9,1,0.007575757575757579
nips34,8,0,-0.03636363636363637
nips34,10,1,0.025641025641025644
nips34,1,1,0.08333333333333334
nips34,4,0,-0.047619047619047616
nips34,8,1,0.05454545454545454
nips34,8,0,-0.07272727272727274
nips34,11,1,0.02747252747252747
nips34,6,0,-0.06944444444444445
nips34,0,0,-0.16666666666666666
nips34,10,1,0.038461538461538464
nips34,2,1,0.1
nips34,2,0,-0.1
nips34,9,0,-0.030303030303030304
nips34,8,1,0.045454545454545456
nips34,6,0,-0.041666666666666664
nips34,6,0,-0.08333333333333333
nips34,10,0,-0.02564102564102564
nips34,8,0,-0.05454545454545454
nips34,3,0,-0.06666666666666667
nips34,12,0,-0.009523809523809523
nips34,6,1,0.013888888888888888
nips34,3,0,-0.09999999999999999
nips34,12,0,-0.03333333333333333
nips34,8,0,-0.045454545454545456
nips34,6,0,-0.041666666666666664
nips34,3,1,0.09999999999999999
nips34,11,0,-0.027472527472527476
nips34,5,0,-0.07142857142857142
nips34,0,1,0.16666666666666666
nips34,8,1,0.03636363636363637
nips34,10,1,0.019230769230769232
nips34,0,1,0.16666666666666666
nips34,5,1,0.017857142857142863
nips34,5,0,-0.05357142857142857
nips34,3,1,0.06666666666666667
nips34,8,0,-0.03636363636363637
nips34,4,0,-0.07142857142857142
nips34,2,0,-0.15
nips34,5,0,-0.03571428571428571
nips34,6,1,0.013888888888888888
nips34,0,1,0.16666666666666666
nips34,7,1,0.07777777777777778
nips34,12,1,0.028571428571428574
nips34,7,1,0.03333333333333334
nips34,6,1,0.06944444444444445
nips34,2,1,0.1
nips34,8,0,-0.03636363636363637
nips34,5,0,-0.05357142857142857
nips34,12,1,0.023809523809523805
nips34,10,1,0.025641025641025644
nips34,12,0,-0.04761904761904762
nips34,6,1,0.013888888888888888
nips34,8,0,-0.045454545454545456
nips34,3,1,0.09999999999999999
nips34,4,0,-0.047619047619047616
nips34,8,1,0.009090909090909089
nips34,5,0,-0.05357142857142857
nips34,9,1,0.04545454545454545
nips34,6,1,0.041666666666666664
nips34,11,0,-0.016483516483516484
nips34,5,1,0.017857142857142863
nips34,4,1,0.023809523809523805
nips34,11,1,0.01648351648351648
nips34,6,1,0.027777777777777776
nips34,8,0,-0.06363636363636363
nips34,1,1,0.08333333333333334
nips34,0,1,0.16666666666666666
nips34,7,0,-0.06666666666666667
nips34,0,1,0.16666666666666666
nips34,6,0,-0.041666666666666664
nips34,10,0,-0.038461538461538464
nips34,7,1,0.04444444444444444
nips34,5,1,0.08928571428571429
nips34,1,1,0.16666666666666669
nips34,5,1,0.03571428571428571
nips34,9,1,0.05303030303030303
nips34,1,1,0.08333333333333334
nips34,8,0,-0.08181818181818182
nips34,7,1,0.05555555555555556
nips34,7,0,-0.04444444444444444
nips34,7,0,-0.05555555555555556
nips34,5,0,-0.08928571428571429
nips34,7,1,0.06666666666666668
nips34,4,0,-0.11904761904761905
nips34,5,1,0.017857142857142863
nips34,3,1,0.06666666666666667
nips34,5,0,-0.08928571428571429
nips34,9,1,0.03787878787878788
nips34,11,0,-0.027472527472527476
nips34,11,0,-0.02197802197802198
nips34,3,1,0.033333333333333326
nips34,7,1,0.011111111111111117
nips34,11,0,-0.016483516483516484
nips34,5,1,0.08928571428571429
nips34,12,1,0.028571428571428574
nips34,12,0,-0.03333333333333333
nips34,12,0,-0.04285714285714286
nips34,12,0,-0.03333333333333333
nips34,5,1,0.07142857142857142
nips34,7,0,-0.03333333333333333
nips34,12,1,0.023809523809523805
nips34,3,0,-0.13333333333333333
nips34,1,1,0.16666666666666669
nips34,4,0,-0.07142857142857142
nips34,12,1,0.04285714285714285
nips34,5,1,0.08928571428571429
nips34,6,0,-0.06944444444444445
nips34,4,1,0.11904761904761905
nips34,5,0,-0.08928571428571429
nips34,11,1,0.005494505494505491
nips34,11,0,-0.04945054945054945
nips34,5,0,-0.05357142857142857
nips34,7,1,0.011111111111111117
nips34,9,1,0.007575757575757579
nips34,6,1,0.08333333333333333
nips34,11,0,-0.027472527472527476
nips34,11,0,-0.027472527472527476
nips34,5,0,-0.05357142857142857
nips34,9,0,-0.05303030303030303
nips34,6,1,0.041666666666666664
nips34,0,0,-0.16666666666666666
nips34,5,0,-0.08928571428571429
nips34,12,0,-0.05238095238095238
nips34,7,1,0.02222222222222222
nips34,7,1,0.07777777777777778
nips34,1,1,0.16666666666666669
nips34,5,1,0.053571428571428575
nips34,11,0,-0.03846153846153846
nips34,6,0,-0.05555555555555555
nips34,7,0,-0.02222222222222222
nips34,6,0,-0.041666666666666664
nips34,11,1,0.03846153846153846
nips34,1,1,0.08333333333333334
nips34,6,1,0.08333333333333333
nips34,3,0,-0.09999999999999999
nips34,0,1,0.16666666666666666
nips34,4,1,0.023809523809523805
nips34,4,0,-0.047619047619047616
nips34,6,1,0.041666666666666664
nips34,5,0,-0.05357142857142857
nips34,7,0,-0.03333333333333333
nips34,1,0,-0.16666666666666666
nips34,4,1,0.07142857142857142
nips34,11,1,0.03296703296703297
nips34,7,1,0.07777777777777778
nips34,8,0,-0.018181818181818184
nips34,8,0,-0.05454545454545454
nips34,6,0,-0.013888888888888888
nips34,7,0,-0.04444444444444444
nips34,9,0,-0.07575757575757576
nips34,10,0,-0.038461538461538464
nips34,3,0,-0.09999999999999999
nips34,6,1,0.041666666666666664
nips34,8,1,0.045454545454545456
nips34,10,0,-0.038461538461538464
nips34,8,1,0.045454545454545456
nips34,3,0,-0.03333333333333333
nips34,9,0,-0.03787878787878788
nips34,8,1,0.02727272727272728
nips34,9,1,0.04545454545454545
nips34,10,0,-0.057692307692307696
nips34,12,0,-0.019047619047619046
nips34,5,1,0.017857142857142863
nips34,9,0,-0.05303030303030303
nips34,7,1,0.02222222222222222
nips34,6,0,-0.027777777777777776
nips34,5,0,-0.03571428571428571
nips34,5,0,-0.07142857142857142
nips34,10,0,-0.04487179487179487
nips34,6,1,0.013888888888888888
nips34,12,0,-0.02857142857142857
nips34,7,1,0.02222222222222222
nips34,6,0,-0.041666666666666664
nips34,2,0,-0.15
nips34,11,0,-0.016483516483516484
nips34,6,1,0.013888888888888888
nips34,4,1,0.07142857142857142
nips34,6,0,-0.05555555555555555
nips34,0,1,0.16666666666666666
nips34,2,1,0.05
nips34,12,1,0.04761904761904762
nips34,12,1,0.009523809523809526
nips34,1,0,-0.16666666666666666
nips34,5,0,-0.03571428571428571
nips34,8,0,-0.07272727272727274
nips34,3,1,0.033333333333333326
nips34,5,0,-0.017857142857142856
nips34,6,0,-0.041666666666666664
nips34,8,0,-0.05454545454545454
nips34,10,0,-0.04487179487179487
nips34,7,1,0.03333333333333334
nips34,0,1,0.16666666666666666
nips34,12,0,-0.04285714285714286
nips34,11,0,-0.03846153846153846
nips34,11,0,-0.04945054945054945
nips34,10,1,0.019230769230769232
nips34,2,0,-0.1
nips34,5,0,-0.05357142857142857
nips34,7,1,0.03333333333333334
nips34,3,1,0.033333333333333326
nips34,3,0,-0.06666666666666667
nips34,5,1,0.08928571428571429
nips34,6,0,-0.027777777777777776
nips34,12,0,-0.04761904761904762
nips34,5,0,-0.08928571428571429
nips34,5,1,0.08928571428571429
nips34,11,0,-0.04395604395604396
nips34,5,0,-0.017857142857142856
nips34,4,1,0.04761904761904762
nips34,7,1,0.03333333333333334
nips34,4,1,0.07142857142857142
nips34,9,1,0.06060606060606061
nips34,3,0,-0.09999999999999999
nips34,3,1,0.033333333333333326
nips34,11,1,0.01648351648351648
nips34,11,1,0.02747252747252747
nips34,11,0,-0.02197802197802198
nips34,6,0,-0.06944444444444445
nips34,8,1,0.05454545454545454
nips34,3,0,-0.06666666666666667
nips34,11,1,0.005494505494505491
nips34,11,0,-0.03296703296703297
nips34,7,1,0.04444444444444444
nips34,11,1,0.01098901098901099
nips34,7,1,0.011111111111111117
nips34,7,1,0.011111111111111117
nips34,5,1,0.053571428571428575
nips34,10,0,-0.06410256410256411
nips34,4,0,-0.09523809523809523
nips34,9,1,0.007575757575757579
nips34,4,1,0.023809523809523805
nips34,4,0,-0.07142857142857142
nips34,7,1,0.02222222222222222
nips34,12,0,-0.03333333333333333
nips34,9,0,-0.007575757575757576
nips34,12,1,0.03809523809523809
nips34,6,0,-0.013888888888888888
nips34,8,0,-0.045454545454545456
nips34,10,1,0.012820512820512818
nips34,6,0,-0.041666666666666664
nips34,5,0,-0.07142857142857142
nips34,3,0,-0.03333333333333333
nips34,1,0,-0.16666666666666666
nips34,9,1,0.022727272727272724
nips34,4,1,0.07142857142857142
nips34,12,0,-0.014285714285714285
nips34,4,0,-0.023809523809523808
nips34,7,0,-0.04444444444444444
nips34,11,1,0.005494505494505491
nips34,6,0,-0.027777777777777776
nips34,0,1,0.16666666666666666
nips34,6,0,-0.05555555555555555
nips34,7,0,-0.04444444444444444
nips34,6,1,0.08333333333333333
nips34,6,0,-0.027777777777777776
nips34,12,0,-0.02857142857142857
nips34,9,0,-0.03787878787878788
nips34,6,0,-0.06944444444444445
nips34,9,0,-0.022727272727272724
nips34,2,1,0.1
nips34,0,0,-0.16666666666666666
nips34,12,0,-0.03809523809523809
nips34,10,1,0.03205128205128205
nips34,4,1,0.023809523809523805
nips34,11,0,-0.03296703296703297
nips34,0,0,-0.16666666666666666
nips34,9,1,0.030303030303030304
nips34,7,1,0.06666666666666668
nips34,6,0,-0.05555555555555555
nips34,9,1,0.03787878787878788
nips34,4,0,-0.09523809523809523
nips34,12,0,-0.02857142857142857
nips34,7,1,0.011111111111111117
nips34,3,1,0.06666666666666667
nips34,9,0,-0.03787878787878788
nips34,5,1,0.08928571428571429
nips34,3,1,0.033333333333333326
nips34,11,1,0.04395604395604396
nips34,11,0,-0.016483516483516484
nips34,3,0,-0.09999999999999999
nips34,11,1,0.03846153846153846
nips34,3,1,0.06666666666666667
nips34,12,1,0.014285714285714287
nips34,12,1,0.03809523809523809
nips34,7,0,-0.03333333333333333
nips34,6,1,0.05555555555555555
nips34,11,1,0.01098901098901099
nips34,7,0,-0.06666666666666667
nips34,9,1,0.06060606060606061
nips34,10,0,-0.06410256410256411
nips34,9,0,-0.022727272727272724
nips34,0,1,0.16666666666666666
nips34,7,0,-0.04444444444444444
nips34,8,0,-0.045454545454545456
nips34,12,0,-0.03809523809523809
nips34,4,0,-0.11904761904761905
nips34,12,1,0.028571428571428574
nips34,10,0,-0.05128205128205128
nips34,12,1,0.019047619047619046
nips34,9,0,-0.015151515151515152
nips34,3,0,-0.09999999999999999
nips34,7,1,0.05555555555555556
nips34,7,1,0.05555555555555556
nips34,1,1,0.16666666666666669
nips34,5,1,0.053571428571428575
nips34,1,0,-0.16666666666666666
nips34,6,0,-0.041666666666666664
nips34,1,1,0.08333333333333334
nips34,8,0,-0.045454545454545456
nips34,8,1,0.07272727272727274
nips34,11,1,0.02747252747252747
nips34,6,1,0.013888888888888888
nips34,10,0,-0.02564102564102564
nips34,11,0,-0.027472527472527476
nips34,1,0,-0.08333333333333333
nips34,6,0,-0.041666666666666664
nips34,8,1,0.06363636363636363
nips34,11,0,-0.02197802197802198
nips34,5,1,0.017857142857142863
nips34,8,1,0.018181818181818177
nips34,11,1,0.03846153846153846
nips34,11,0,-0.03296703296703297
nips34,12,0,-0.019047619047619046
nips34,7,1,0.03333333333333334
nips34,12,1,0.05238095238095238
nips34,10,1,0.0064102564102564135
nips34,7,1,0.03333333333333334
nips34,6,0,-0.041666666666666664
nips34,5,1,0.07142857142857142
nips34,12,0,-0.02380952380952381
nips34,2,1,0.1
nips34,12,0,-0.02380952380952381
nips34,7,0,-0.04444444444444444
nips34,1,1,0.08333333333333334
nips34,4,0,-0.023809523809523808
nips34,11,0,-0.02197802197802198
nips34,6,1,0.013888888888888888
nips34,1,1,0.08333333333333334
nips34,1,0,-0.16666666666666666
nips34,10,1,0.0064102564102564135
nips34,4,1,0.07142857142857142
nips34,6,0,-0.041666666666666664
nips34,12,1,0.023809523809523805
nips34,8,0,-0.06363636363636363
nips34,11,1,0.01098901098901099
nips34,12,1,0.00476190476190476
nips34,7,1,0.011111111111111117
nips34,4,1,0.023809523809523805
nips34,3,0,-0.09999999999999999
nips34,11,1,0.03296703296703297
nips34,3,1,0.13333333333333333
nips34,5,1,0.017857142857142863
nips34,0,0,-0.16666666666666666
nips34,4,0,-0.023809523809523808
nips34,2,0,-0.1
nips34,2,0,-0.05
nips34,11,1,0.005494505494505491
nips34,4,1,0.07142857142857142
nips34,12,0,-0.03333333333333333
nips34,8,0,-0.03636363636363637
nips34,6,0,-0.05555555555555555
nips34,9,1,0.06060606060606061
nips34,5,0,-0.08928571428571429
nips34,1,0,-0.08333333333333333
nips34,7,1,0.011111111111111117
nips34,2,0,-0.05
nips34,7,1,0.07777777777777778
nips34,11,1,0.02747252747252747
nips34,11,1,0.03296703296703297
nips34,3,1,0.033333333333333326
nips34,11,1,0.01098901098901099
nips34,1,1,0.08333333333333334
nips34,2,1,0.05
nips34,4,1,0.11904761904761905
nips34,6,0,-0.013888888888888888
nips34,6,0,-0.027777777777777776
nips34,7,0,-0.04444444444444444
nips34,11,0,-0.016483516483516484
nips34,5,1,0.07142857142857142
nips34,5,0,-0.017857142857142856
nips34,0,1,0.16666666666666666
nips34,2,0,-0.15
nips34,3,1,0.06666666666666667
nips34,3,0,-0.06666666666666667
nips34,11,1,0.005494505494505491
nips34,8,0,-0.018181818181818184
nips34,1,0,-0.16666666666666666
nips34,6,1,0.013888888888888888
nips34,1,0,-0.08333333333333333
nips34,12,0,-0.04761904761904762
nips34,1,0,-0.16666666666666666
nips34,7,1,0.05555555555555556
nips34,4,1,0.04761904761904762
nips34,11,1,0.05494505494505494
nips34,11,0,-0.03846153846153846
nips34,9,1,0.03787878787878788
nips34,1,1,0.16666666666666669
nips34,11,1,0.02197802197802198
nips34,10,1,0.0064102564102564135
nips34,11,0,-0.02197802197802198
nips34,5,0,-0.05357142857142857
nips34,10,0,-0.04487179487179487
nips34,8,1,0.009090909090909089
nips34,7,0,-0.07777777777777778
nips34,4,1,0.023809523809523805
nips34,1,0,-0.16666666666666666
nips34,0,0,-0.16666666666666666
nips34,12,1,0.03809523809523809
nips34,10,0,-0.032051282051282055
nips34,4,0,-0.047619047619047616
nips34,8,0,-0.045454545454545456
nips34,7,1,0.05555555555555556
nips34,3,1,0.033333333333333326
nips34,3,1,0.09999999999999999
nips34,4,0,-0.07142857142857142
nips34,3,0,-0.06666666666666667
nips34,1,1,0.08333333333333334
nips34,10,0,-0.032051282051282055
nips34,6,1,0.027777777777777776
nips34,11,0,-0.02197802197802198
nips34,12,0,-0.0047619047619047615
nips34,9,1,0.04545454545454545
nips34,10,0,-0.019230769230769232
nips34,12,1,0.023809523809523805
nips34,10,1,0.025641025641025644
nips34,9,0,-0.03787878787878788
nips34,3,0,-0.09999999999999999
nips34,10,1,0.03205128205128205
nips34,3,0,-0.06666666666666667
nips34,4,0,-0.07142857142857142
nips34,12,0,-0.02857142857142857
nips34,1,1,0.08333333333333334
nips34,11,1,0.02197802197802198
nips34,9,1,0.022727272727272724
nips34,0,1,0.16666666666666666
nips34,4,1,0.07142857142857142
nips34,5,0,-0.07142857142857142
nips34,7,1,0.06666666666666668
nips34,6,1,0.027777777777777776
nips34,6,1,0.027777777777777776
nips34,7,0,-0.05555555555555556
nips34,9,0,-0.06818181818181819
nips34,8,1,0.06363636363636363
nips34,5,1,0.017857142857142863
nips34,9,0,-0.03787878787878788
nips34,9,0,-0.03787878787878788
nips34,1,1,0.16666666666666669
nips34,11,1,0.03296703296703297
nips34,6,1,0.05555555555555555
nips34,11,0,-0.02197802197802198
nips34,4,1,0.09523809523809525
nips34,3,1,0.06666666666666667
nips34,3,0,-0.03333333333333333
nips34,10,0,-0.05128205128205128
nips34,2,1,0.1
nips34,10,1,0.025641025641025644
nips34,9,0,-0.022727272727272724
nips34,5,1,0.03571428571428571
nips34,5,0,-0.05357142857142857
nips34,12,0,-0.02380952380952381
nips34,3,0,-0.03333333333333333
nips34,8,0,-0.05454545454545454
nips34,8,1,0.05454545454545454
nips34,4,1,0.04761904761904762
nips34,7,1,0.04444444444444444
nips34,7,0,-0.02222222222222222
nips34,5,1,0.017857142857142863
nips34,12,1,0.03333333333333333
nips34,7,1,0.02222222222222222
nips34,6,1,0.09722222222222222
nips34,12,0,-0.02857142857142857
nips34,7,1,0.03333333333333334
nips34,11,1,0.005494505494505491
nips34,3,0,-0.06666666666666667
nips34,6,0,-0.05555555555555555
nips34,5,1,0.03571428571428571
nips34,4,1,0.023809523809523805
nips34,10,0,-0.05128205128205128
nips34,6,0,-0.06944444444444445
nips34,3,1,0.033333333333333326
nips34,2,1,0.1
nips34,11,1,0.02197802197802198
nips34,6,0,-0.08333333333333333
nips34,5,1,0.10714285714285715
nips34,5,1,0.017857142857142863
nips34,5,0,-0.03571428571428571
nips34,6,0,-0.041666666666666664
nips34,3,0,-0.06666666666666667
nips34,7,1,0.02222222222222222
nips34,6,1,0.013888888888888888
nips34,2,0,-0.05
nips34,7,0,-0.02222222222222222
nips34,7,0,-0.03333333333333333
nips34,3,1,0.033333333333333326
nips34,7,1,0.02222222222222222
nips34,2,1,0.1
nips34,7,0,-0.04444444444444444
nips34,9,0,-0.05303030303030303
nips34,7,1,0.03333333333333334
nips34,10,1,0.038461538461538464
nips34,3,0,-0.06666666666666667
nips34,8,1,0.02727272727272728
nips34,8,0,-0.018181818181818184
nips34,5,0,-0.07142857142857142
nips34,2,1,0.15
nips34,12,1,0.04285714285714285
nips34,6,1,0.05555555555555555
nips34,8,0,-0.05454545454545454
nips34,10,0,-0.019230769230769232
nips34,11,0,-0.02197802197802198
nips34,10,0,-0.01282051282051282
nips34,12,1,0.014285714285714287
nips34,3,0,-0.06666666666666667
nips34,6,0,-0.05555555555555555
nips34,9,0,-0.030303030303030304
nips34,0,0,-0.16666666666666666
nips34,4,1,0.023809523809523805
nips34,4,1,0.09523809523809525
nips34,6,1,0.08333333333333333
nips34,6,0,-0.041666666666666664
nips34,0,0,-0.16666666666666666
nips34,6,0,-0.06944444444444445
nips34,11,0,-0.027472527472527476
nips34,2,1,0.1
nips34,3,0,-0.06666666666666667
nips34,8,1,0.045454545454545456
nips34,7,1,0.04444444444444444
nips34,12,0,-0.03809523809523809
nips34,11,1,0.02197802197802198
nips34,5,0,-0.08928571428571429
nips34,0,0,-0.16666666666666666
nips34,9,1,0.03787878787878788
nips34,11,1,0.02197802197802198
nips34,5,1,0.03571428571428571
nips34,3,0,-0.06666666666666667
nips34,8,1,0.045454545454545456
nips34,11,0,-0.027472527472527476
nips34,5,1,0.053571428571428575
nips34,3,0,-0.13333333333333333
nips34,7,0,-0.01111111111111111
nips34,7,0,-0.01111111111111111
nips34,9,0,-0.015151515151515152
nips34,5,0,-0.05357142857142857
nips34,4,0,-0.07142857142857142
nips34,5,0,-0.05357142857142857
nips34,4,1,0.04761904761904762
nips34,8,0,-0.05454545454545454
nips34,7,0,-0.02222222222222222
nips34,7,0,-0.05555555555555556
nips34,5,0,-0.03571428571428571
nips34,9,1,0.05303030303030303
nips34,11,1,0.01648351648351648
nips34,5,1,0.10714285714285715
nips34,11,1,0.03846153846153846
nips34,12,1,0.04285714285714285
nips34,7,0,-0.05555555555555556
nips34,5,1,0.017857142857142863
nips34,12,0,-0.04761904761904762
nips34,4,1,0.07142857142857142
nips34,11,1,0.03846153846153846
nips34,1,1,0.08333333333333334
nips34,3,1,0.09999999999999999
nips34,11,1,0.04945054945054945
nips34,3,1,0.033333333333333326
nips34,9,1,0.03787878787878788
nips34,12,1,0.04285714285714285
nips34,11,1,0.03846153846153846
nips34,12,1,0.03809523809523809
nips34,1,1,0.08333333333333334
nips34,12,1,0.014285714285714287
nips34,9,0,-0.015151515151515152
nips34,8,0,-0.045454545454545456
nips34,9,0,-0.03787878787878788
nips34,11,0,-0.03846153846153846
nips34,5,1,0.07142857142857142
nips34,0,1,0.16666666666666666
nips34,9,1,0.022727272727272724
nips34,3,0,-0.06666666666666667
nips34,8,1,0.045454545454545456
nips34,2,1,0.05
nips34,4,0,-0.047619047619047616
nips34,4,1,0.04761904761904762
nips34,12,0,-0.04761904761904762
nips34,1,1,0.08333333333333334
nips34,11,0,-0.04395604395604396
nips34,5,0,-0.05357142857142857
nips34,4,0,-0.11904761904761905
nips34,8,1,0.009090909090909089
nips34,12,0,-0.019047619047619046
nips34,12,0,-0.02857142857142857
nips34,2,0,-0.1
nips34,3,0,-0.09999999999999999
nips34,7,1,0.02222222222222222
nips34,3,0,-0.06666666666666667
nips34,12,1,0.00476190476190476
nips34,10,1,0.019230769230769232
nips34,6,0,-0.05555555555555555
nips34,8,0,-0.03636363636363637
nips34,7,0,-0.05555555555555556
nips34,8,1,0.045454545454545456
nips34,5,1,0.017857142857142863
nips34,6,1,0.013888888888888888
nips34,10,0,-0.04487179487179487
nips34,3,1,0.13333333333333333
nips34,12,1,0.019047619047619046
nips34,6,1,0.013888888888888888
nips34,5,1,0.03571428571428571
nips34,12,1,0.03809523809523809
nips34,6,1,0.027777777777777776
nips34,3,1,0.09999999999999999
nips34,2,1,0.1
nips34,11,1,0.02197802197802198
nips34,11,0,-0.03846153846153846
nips34,4,1,0.07142857142857142
nips34,10,1,0.0064102564102564135
nips34,10,0,-0.04487179487179487
nips34,10,0,-0.00641025641025641
nips34,3,0,-0.06666666666666667
nips34,5,1,0.07142857142857142
nips34,6,1,0.013888888888888888
nips34,3,1,0.033333333333333326
nips34,11,1,0.02197802197802198
nips34,12,1,0.00476190476190476
nips34,11,0,-0.016483516483516484
nips34,5,1,0.03571428571428571
nips34,2,0,-0.05
nips34,12,1,0.05238095238095238
nips34,3,0,-0.03333333333333333
nips34,8,1,0.05454545454545454
nips34,8,1,0.009090909090909089
nips34,2,1,0.15
nips34,12,1,0.023809523809523805
nips34,7,1,0.06666666666666668
nips34,8,1,0.02727272727272728
nips34,10,1,0.03205128205128205
nips34,7,1,0.06666666666666668
nips34,11,1,0.01098901098901099
nips34,0,0,-0.16666666666666666
nips34,8,0,-0.06363636363636363
nips34,11,0,-0.027472527472527476
nips34,6,1,0.027777777777777776
nips34,4,0,-0.023809523809523808
nips34,7,1,0.07777777777777778
nips34,12,1,0.009523809523809526
nips34,2,0,-0.05
nips34,7,1,0.011111111111111117
nips34,4,1,0.07142857142857142
nips34,11,0,-0.016483516483516484
nips34,10,1,0.019230769230769232
nips34,7,1,0.02222222222222222
nips34,10,1,0.05128205128205129
nips34,10,1,0.025641025641025644
nips34,5,0,-0.03571428571428571
nips34,9,0,-0.04545454545454545
nips34,10,1,0.05128205128205129
nips34,6,0,-0.041666666666666664
nips34,8,1,0.02727272727272728
nips34,2,0,-0.1
nips34,6,1,0.05555555555555555
nips34,1,0,-0.08333333333333333
nips34,12,0,-0.019047619047619046
nips34,6,1,0.09722222222222222
nips34,9,0,-0.06060606060606061
nips34,9,1,0.05303030303030303
nips34,10,0,-0.057692307692307696
nips34,8,0,-0.06363636363636363
nips34,6,0,-0.05555555555555555
nips34,8,1,0.02727272727272728
nips34,8,0,-0.02727272727272727
nips34,11,1,0.01098901098901099
nips34,6,0,-0.06944444444444445
nips34,11,0,-0.02197802197802198
nips34,3,0,-0.06666666666666667
nips34,5,1,0.08928571428571429
nips34,10,0,-0.04487179487179487
nips34,5,1,0.017857142857142863
nips34,5,1,0.017857142857142863
nips34,9,0,-0.030303030303030304
nips34,5,1,0.03571428571428571
nips34,8,0,-0.02727272727272727
nips34,4,0,-0.047619047619047616
nips34,2,0,-0.05
nips34,1,1,0.16666666666666669
nips34,6,0,-0.041666666666666664
nips34,2,1,0.05
nips34,9,0,-0.06818181818181819
nips34,2,1,0.1
nips34,11,1,0.04395604395604396
nips34,7,1,0.07777777777777778
nips34,2,0,-0.15
nips34,2,1,0.15
nips34,7,1,0.05555555555555556
nips34,7,0,-0.05555555555555556
nips34,9,0,-0.022727272727272724
nips34,12,0,-0.02380952380952381
nips34,5,1,0.017857142857142863
nips34,1,1,0.08333333333333334
nips34,7,1,0.06666666666666668
nips34,5,1,0.07142857142857142
nips34,2,0,-0.05
nips34,7,1,0.011111111111111117
nips34,10,0,-0.02564102564102564
nips34,6,1,0.027777777777777776
nips34,8,0,-0.03636363636363637
nips34,5,1,0.017857142857142863
nips34,12,1,0.00476190476190476
nips34,11,0,-0.016483516483516484
nips34,12,1,0.03333333333333333
nips34,5,1,0.07142857142857142
nips34,9,1,0.007575757575757579
nips34,4,1,0.04761904761904762
nips34,7,1,0.07777777777777778
nips34,6,1,0.041666666666666664
nips34,10,0,-0.04487179487179487
nips34,4,0,-0.09523809523809523
nips34,5,1,0.017857142857142863
nips34,4,0,-0.09523809523809523
nips34,3,0,-0.09999999999999999
nips34,11,1,0.03846153846153846
nips34,4,1,0.07142857142857142
nips34,6,1,0.06944444444444445
nips34,9,1,0.04545454545454545
nips34,6,1,0.041666666666666664
nips34,8,0,-0.02727272727272727
nips34,1,0,-0.16666666666666666
nips34,4,1,0.09523809523809525
nips34,10,0,-0.02564102564102564
nips34,12,0,-0.02380952380952381
nips34,6,0,-0.041666666666666664
nips34,4,0,-0.11904761904761905
nips34,1,1,0.08333333333333334
nips34,10,0,-0.00641025641025641
nips34,6,1,0.05555555555555555
nips34,5,1,0.053571428571428575
nips34,11,1,0.01648351648351648
nips34,4,0,-0.11904761904761905
nips34,6,1,0.05555555555555555
nips34,12,1,0.04285714285714285
nips34,5,1,0.017857142857142863
nips34,7,0,-0.05555555555555556
nips34,5,0,-0.07142857142857142
nips34,0,0,-0.16666666666666666
nips34,4,0,-0.047619047619047616
nips34,5,0,-0.017857142857142856
nips34,7,0,-0.07777777777777778
nips34,10,1,0.03205128205128205
nips34,9,1,0.022727272727272724
nips34,3,0,-0.06666666666666667
nips34,7,0,-0.01111111111111111
nips34,2,0,-0.1
nips34,9,1,0.03787878787878788
nips34,11,1,0.04395604395604396
nips34,8,0,-0.03636363636363637
nips34,6,1,0.05555555555555555
nips34,7,0,-0.07777777777777778
nips34,12,0,-0.03333333333333333
nips34,11,1,0.03846153846153846
nips34,7,0,-0.02222222222222222
nips34,6,1,0.027777777777777776
nips34,11,1,0.01648351648351648
nips34,8,1,0.05454545454545454
nips34,9,1,0.03787878787878788
nips34,1,0,-0.08333333333333333
nips34,3,1,0.06666666666666667
nips34,11,1,0.04395604395604396
nips34,3,1,0.033333333333333326
nips34,5,0,-0.03571428571428571
nips34,2,1,0.15
nips34,8,1,0.018181818181818177
nips34,1,0,-0.16666666666666666
nips34,0,1,0.16666666666666666
nips34,6,0,-0.041666666666666664
nips34,3,0,-0.09999999999999999
nips34,2,1,0.05
nips34,8,1,0.009090909090909089
nips34,10,1,0.06410256410256411
nips34,9,1,0.015151515151515147
nips34,6,0,-0.041666666666666664
nips34,12,0,-0.03333333333333333
nips34,2,1,0.15
nips34,10,1,0.03205128205128205
nips34,2,0,-0.15
nips34,10,0,-0.02564102564102564
nips34,1,1,0.16666666666666669
nips34,6,1,0.08333333333333333
nips34,6,0,-0.041666666666666664
nips34,3,1,0.09999999999999999
nips34,3,0,-0.06666666666666667
nips34,5,0,-0.08928571428571429
nips34,7,0,-0.04444444444444444
nips34,7,0,-0.05555555555555556
nips34,8,1,0.018181818181818177
nips34,6,1,0.041666666666666664
nips34,6,1,0.013888888888888888
nips34,0,0,-0.16666666666666666
nips34,8,0,-0.02727272727272727
nips34,10,0,-0.057692307692307696
nips34,10,0,-0.038461538461538464
nips34,12,0,-0.02857142857142857
nips34,2,0,-0.05
nips34,1,0,-0.08333333333333333
nips34,2,0,-0.1
nips34,10,1,0.03205128205128205
nips34,6,0,-0.027777777777777776
nips34,7,1,0.05555555555555556
nips34,7,1,0.02222222222222222
nips34,8,1,0.009090909090909089
nips34,2,1,0.1
nips34,5,0,-0.03571428571428571
nips34,6,0,-0.06944444444444445
nips34,2,0,-0.1
nips34,11,1,0.005494505494505491
nips34,3,1,0.09999999999999999
nips34,11,1,0.06043956043956044
nips34,6,0,-0.041666666666666664
nips34,9,1,0.03787878787878788
nips34,7,0,-0.05555555555555556
nips34,12,1,0.009523809523809526
nips34,8,0,-0.02727272727272727
nips34,7,0,-0.04444444444444444
nips34,6,0,-0.05555555555555555
nips34,12,1,0.00476190476190476
nips34,7,0,-0.04444444444444444
nips34,6,0,-0.05555555555555555
nips34,5,1,0.017857142857142863
nips34,1,0,-0.08333333333333333
nips34,7,1,0.02222222222222222
nips34,11,0,-0.04945054945054945
nips34,5,1,0.07142857142857142
nips34,10,1,0.03205128205128205
nips34,10,1,0.03205128205128205
nips34,4,0,-0.09523809523809523
nips34,10,1,0.025641025641025644
nips34,6,1,0.08333333333333333
nips34,3,1,0.033333333333333326
nips34,6,0,-0.027777777777777776
nips34,4,1,0.07142857142857142
nips34,3,1,0.033333333333333326
nips34,6,0,-0.027777777777777776
nips34,6,1,0.06944444444444445
nips34,5,0,-0.05357142857142857
nips34,7,1,0.07777777777777778
nips34,6,1,0.027777777777777776
nips34,3,1,0.033333333333333326
nips34,7,1,0.04444444444444444
nips34,1,1,0.08333333333333334
nips34,10,1,0.038461538461538464
nips34,10,0,-0.02564102564102564
nips34,0,1,0.16666666666666666
nips34,11,1,0.005494505494505491
nips34,2,1,0.05
nips34,5,0,-0.05357142857142857
nips34,4,0,-0.07142857142857142
nips34,3,1,0.06666666666666667
nips34,3,1,0.033333333333333326
nips34,5,0,-0.07142857142857142
nips34,4,1,0.04761904761904762
nips34,6,0,-0.013888888888888888
nips34,11,0,-0.027472527472527476
nips34,4,0,-0.023809523809523808
nips34,9,0,-0.030303030303030304
nips34,3,1,0.033333333333333326
nips34,5,1,0.053571428571428575
nips34,7,1,0.03333333333333334
nips34,7,1,0.02222222222222222
nips34,8,1,0.045454545454545456
nips34,12,0,-0.014285714285714285
nips34,2,0,-0.1
nips34,3,1,0.06666666666666667
nips34,6,1,0.05555555555555555
nips34,5,0,-0.07142857142857142
nips34,6,1,0.05555555555555555
nips34,7,1,0.011111111111111117
nips34,7,0,-0.07777777777777778
nips34,4,1,0.04761904761904762
nips34,6,0,-0.05555555555555555
nips34,2,0,-0.05
nips34,12,1,0.00476190476190476
nips34,8,0,-0.06363636363636363
nips34,7,1,0.03333333333333334
nips34,4,1,0.07142857142857142
nips34,12,1,0.00476190476190476
nips34,11,0,-0.04395604395604396
nips34,12,1,0.04285714285714285
nips34,3,1,0.033333333333333326
nips34,3,1,0.06666666666666667
nips34,5,0,-0.03571428571428571
nips34,5,0,-0.05357142857142857
nips34,5,1,0.017857142857142863
nips34,12,1,0.009523809523809526
nips34,3,0,-0.06666666666666667
nips34,7,1,0.04444444444444444
nips34,1,0,-0.08333333333333333
nips34,0,1,0.16666666666666666
nips34,12,0,-0.03333333333333333
nips34,5,1,0.07142857142857142
nips34,12,0,-0.02857142857142857
nips34,6,0,-0.041666666666666664
nips34,6,0,-0.027777777777777776
nips34,12,0,-0.02380952380952381
nips34,4,0,-0.047619047619047616
nips34,6,0,-0.041666666666666664
nips34,4,0,-0.07142857142857142
nips34,5,1,0.07142857142857142
nips34,4,1,0.04761904761904762
nips34,7,0,-0.03333333333333333
nips34,5,1,0.053571428571428575
nips34,6,1,0.05555555555555555
nips34,10,1,0.044871794871794865
nips34,5,1,0.017857142857142863
nips34,7,0,-0.04444444444444444
nips34,5,1,0.053571428571428575
nips34,1,1,0.16666666666666669
nips34,8,0,-0.045454545454545456
nips34,8,0,-0.018181818181818184
nips34,10,0,-0.05128205128205128
nips34,1,0,-0.08333333333333333
nips34,6,1,0.041666666666666664
nips34,12,0,-0.019047619047619046
nips34,12,0,-0.02380952380952381
nips34,5,0,-0.03571428571428571
nips34,2,1,0.1
nips34,5,0,-0.03571428571428571
nips34,6,1,0.09722222222222222
nips34,9,1,0.03787878787878788
nips34,1,0,-0.16666666666666666
nips34,5,1,0.017857142857142863
nips34,1,1,0.08333333333333334
nips34,12,0,-0.02380952380952381
nips34,2,1,0.1
nips34,6,0,-0.013888888888888888
nips34,6,1,0.027777777777777776
nips34,5,1,0.017857142857142863
nips34,6,0,-0.06944444444444445
nips34,6,1,0.013888888888888888
nips34,12,1,0.028571428571428574
nips34,10,1,0.0064102564102564135
nips34,3,0,-0.03333333333333333
nips34,9,1,0.022727272727272724
nips34,11,0,-0.04395604395604396
nips34,6,0,-0.041666666666666664
nips34,3,0,-0.03333333333333333
nips34,12,0,-0.02857142857142857
nips34,7,1,0.03333333333333334
nips34,6,0,-0.027777777777777776
nips34,10,0,-0.032051282051282055
nips34,5,1,0.053571428571428575
nips34,8,1,0.045454545454545456
nips34,2,1,0.1
nips34,4,0,-0.047619047619047616
nips34,9,1,0.030303030303030304
nips34,7,0,-0.06666666666666667
nips34,11,0,-0.03846153846153846
nips34,10,1,0.03205128205128205
nips34,3,1,0.09999999999999999
nips34,2,0,-0.1
nips34,0,0,-0.16666666666666666
nips34,1,0,-0.08333333333333333
nips34,10,0,-0.057692307692307696
nips34,6,0,-0.05555555555555555
nips34,4,1,0.04761904761904762
nips34,8,1,0.009090909090909089
nips34,11,1,0.02747252747252747
nips34,5,0,-0.07142857142857142
nips34,3,1,0.09999999999999999
nips34,7,1,0.011111111111111117
nips34,1,1,0.08333333333333334
nips34,10,0,-0.038461538461538464
nips34,6,0,-0.041666666666666664
nips34,5,0,-0.07142857142857142
nips34,10,1,0.025641025641025644
nips34,6,1,0.027777777777777776
nips34,7,1,0.06666666666666668
nips34,10,0,-0.057692307692307696
nips34,6,0,-0.08333333333333333
nips34,3,1,0.033333333333333326
nips34,0,1,0.16666666666666666
nips34,1,0,-0.08333333333333333
nips34,11,0,-0.02197802197802198
nips34,11,1,0.04945054945054945
nips34,12,0,-0.03809523809523809
nips34,10,1,0.03205128205128205
nips34,6,0,-0.05555555555555555
nips34,7,0,-0.07777777777777778
nips34,1,0,-0.08333333333333333
nips34,8,1,0.07272727272727274
nips34,0,1,0.16666666666666666
nips34,11,0,-0.03296703296703297
nips34,10,1,0.019230769230769232
nips34,5,0,-0.017857142857142856
nips34,11,0,-0.027472527472527476
nips34,8,1,0.05454545454545454
nips34,3,0,-0.09999999999999999
nips34,5,1,0.08928571428571429
nips34,6,0,-0.041666666666666664
nips34,0,0,-0.16666666666666666
nips34,10,1,0.0064102564102564135
nips34,10,1,0.038461538461538464
nips34,11,1,0.01098901098901099
nips34,12,1,0.014285714285714287
nips34,5,1,0.053571428571428575
nips34,12,0,-0.02380952380952381
nips34,0,0,-0.16666666666666666
nips34,3,0,-0.03333333333333333
nips34,6,1,0.06944444444444445
nips34,10,1,0.038461538461538464
nips34,6,0,-0.041666666666666664
nips34,0,0,-0.16666666666666666
nips34,8,0,-0.05454545454545454
nips34,8,1,0.07272727272727274
nips34,3,1,0.09999999999999999
nips34,12,0,-0.03333333333333333
nips34,3,1,0.09999999999999999
nips34,7,0,-0.03333333333333333
nips34,12,1,0.03809523809523809
nips34,12,1,0.009523809523809526
nips34,9,0,-0.04545454545454545
nips34,6,0,-0.013888888888888888
nips34,7,1,0.06666666666666668
nips34,6,1,0.027777777777777776
nips34,4,0,-0.07142857142857142
nips34,6,0,-0.041666666666666664
nips34,10,1,0.057692307692307696
nips34,4,0,-0.047619047619047616
nips34,5,0,-0.03571428571428571
nips34,8,1,0.009090909090909089
nips34,10,1,0.03205128205128205
nips34,4,1,0.07142857142857142
nips34,3,0,-0.03333333333333333
nips34,12,1,0.04285714285714285
nips34,11,0,-0.04945054945054945
nips34,1,0,-0.08333333333333333
nips34,8,1,0.05454545454545454
nips34,7,1,0.03333333333333334
nips34,12,0,-0.03809523809523809
nips34,7,1,0.04444444444444444
nips34,1,1,0.16666666666666669
nips34,12,1,0.009523809523809526
nips34,0,1,0.16666666666666666
nips34,2,1,0.05
nips34,3,0,-0.09999999999999999
nips34,7,1,0.05555555555555556
nips34,10,0,-0.05128205128205128
nips34,8,1,0.045454545454545456
nips34,5,1,0.053571428571428575
nips34,5,1,0.053571428571428575
nips34,6,0,-0.05555555555555555
nips34,6,1,0.027777777777777776
nips34,2,1,0.05
nips34,12,1,0.04761904761904762
nips34,9,0,-0.06818181818181819
nips34,3,1,0.06666666666666667
nips34,9,1,0.015151515151515147
nips34,10,0,-0.038461538461538464
nips34,3,1,0.06666666666666667
nips34,11,0,-0.04395604395604396
nips34,6,0,-0.013888888888888888
nips34,3,1,0.033333333333333326
nips34,6,1,0.027777777777777776
nips34,8,0,-0.018181818181818184
nips34,9,1,0.022727272727272724
nips34,3,1,0.13333333333333333
nips34,10,1,0.025641025641025644
nips34,6,1,0.05555555555555555
nips34,9,1,0.03787878787878788
nips34,8,1,0.009090909090909089
nips34,12,1,0.014285714285714287
nips34,4,1,0.07142857142857142
nips34,7,0,-0.04444444444444444
nips34,5,0,-0.05357142857142857
nips34,9,0,-0.015151515151515152
nips34,9,1,0.022727272727272724
nips34,8,1,0.02727272727272728
nips34,9,0,-0.07575757575757576
nips34,9,1,0.03787878787878788
nips34,2,0,-0.1
nips34,11,0,-0.027472527472527476
nips34,10,0,-0.06410256410256411
nips34,5,0,-0.07142857142857142
nips34,7,1,0.07777777777777778
nips34,8,1,0.03636363636363637
nips34,4,0,-0.07142857142857142
nips34,10,1,0.044871794871794865
nips34,10,1,0.044871794871794865
nips34,2,0,-0.1
nips34,7,0,-0.02222222222222222
nips34,2,1,0.05
nips34,11,1,0.005494505494505491
nips34,5,0,-0.08928571428571429
nips34,4,0,-0.11904761904761905
nips34,12,0,-0.03333333333333333
nips34,12,1,0.009523809523809526
nips34,4,0,-0.07142857142857142
nips34,11,1,0.04395604395604396
nips34,11,0,-0.027472527472527476
nips34,6,0,-0.041666666666666664
nips34,5,0,-0.10714285714285714
nips34,11,1,0.04945054945054945
nips34,3,0,-0.06666666666666667
nips34,5,0,-0.017857142857142856
nips34,7,1,0.03333333333333334
ednet_kt1,0,0,-0.16666666666666666
ednet_kt1,6,1,0.027777777777777776
ednet_kt1,2,0,-0.1
ednet_kt1,9,1,0.015151515151515147
ednet_kt1,9,1,0.03787878787878788
ednet_kt1,3,0,-0.06666666666666667
ednet_kt1,12,0,-0.03333333333333333
ednet_kt1,11,1,0.01648351648351648
ednet_kt1,11,1,0.02747252747252747
ednet_kt1,2,1,0.15
ednet_kt1,10,1,0.019230769230769232
ednet_kt1,12,1,0.03809523809523809
ednet_kt1,9,0,-0.03787878787878788
ednet_kt1,3,0,-0.06666666666666667
ednet_kt1,1,1,0.16666666666666669
ednet_kt1,8,1,0.05454545454545454
ednet_kt1,7,1,0.04444444444444444
ednet_kt1,7,1,0.07777777777777778
ednet_kt1,0,0,-0.16666666666666666
ednet_kt1,4,0,-0.11904761904761905
ednet_kt1,10,1,0.038461538461538464
ednet_kt1,6,1,0.013888888888888888
ednet_kt1,11,1,0.02197802197802198
ednet_kt1,0,1,0.16666666666666666
ednet_kt1,3,1,0.033333333333333326
ednet_kt1,9,1,0.04545454545454545
ednet_kt1,12,1,0.028571428571428574
ednet_kt1,3,1,0.13333333333333333
ednet_kt1,0,1,0.16666666666666666
ednet_kt1,5,1,0.07142857142857142
ednet_kt1,12,1,0.03333333333333333
ednet_kt1,12,1,0.023809523809523805
ednet_kt1,10,1,0.038461538461538464
ednet_kt1,8,1,0.02727272727272728
ednet_kt1,11,0,-0.04945054945054945
ednet_kt1,4,1,0.04761904761904762
ednet_kt1,8,0,-0.06363636363636363
ednet_kt1,9,1,0.04545454545454545
ednet_kt1,7,1,0.04444444444444444
ednet_kt1,9,0,-0.03787878787878788
ednet_kt1,6,1,0.05555555555555555
ednet_kt1,9,1,0.022727272727272724
ednet_kt1,12,1,0.019047619047619046
ednet_kt1,9,1,0.015151515151515147
ednet_kt1,1,1,0.08333333333333334
ednet_kt1,5,0,-0.08928571428571429
ednet_kt1,9,1,0.04545454545454545
ednet_kt1,4,1,0.07142857142857142
ednet_kt1,3,0,-0.06666666666666667
ednet_kt1,4,1,0.04761904761904762
ednet_kt1,1,0,-0.08333333333333333
ednet_kt1,7,1,0.05555555555555556
ednet_kt1,3,1,0.09999999999999999
ednet_kt1,11,1,0.02747252747252747
ednet_kt1,9,0,-0.05303030303030303
ednet_kt1,5,1,0.07142857142857142
ednet_kt1,12,1,0.023809523809523805
ednet_kt1,8,0,-0.05454545454545454
ednet_kt1,7,1,0.011111111111111117
ednet_kt1,9,1,0.007575757575757579
ednet_kt1,10,1,0.057692307692307696
ednet_kt1,11,0,-0.05494505494505495
ednet_kt1,4,0,-0.09523809523809523
ednet_kt1,12,0,-0.009523809523809523
ednet_kt1,10,1,0.019230769230769232
ednet_kt1,10,1,0.012820512820512818
ednet_kt1,0,0,-0.16666666666666666
ednet_kt1,11,1,0.02197802197802198
ednet_kt1,9,1,0.03787878787878788
ednet_kt1,9,1,0.022727272727272724
ednet_kt1,7,1,0.05555555555555556
ednet_kt1,3,1,0.033333333333333326
ednet_kt1,8,1,0.03636363636363637
ednet_kt1,5,1,0.08928571428571429
ednet_kt1,4,1,0.04761904761904762
ednet_kt1,3,1,0.06666666666666667
ednet_kt1,4,1,0.04761904761904762
ednet_kt1,6,1,0.027777777777777776
ednet_kt1,6,0,-0.05555555555555555
ednet_kt1,0,1,0.16666666666666666
ednet_kt1,6,1,0.08333333333333333
ednet_kt1,10,1,0.025641025641025644
ednet_kt1,7,0,-0.03333333333333333
ednet_kt1,9,1,0.022727272727272724
ednet_kt1,7,0,-0.06666666666666667
ednet_kt1,3,1,0.033333333333333326
ednet_kt1,10,1,0.025641025641025644
ednet_kt1,9,0,-0.06818181818181819
ednet_kt1,7,1,0.07777777777777778
ednet_kt1,12,1,0.014285714285714287
ednet_kt1,10,0,-0.038461538461538464
ednet_kt1,7,1,0.04444444444444444
ednet_kt1,7,1,0.011111111111111117
ednet_kt1,6,0,-0.013888888888888888
ednet_kt1,8,1,0.018181818181818177
ednet_kt1,8,1,0.02727272727272728
ednet_kt1,7,1,0.03333333333333334
ednet_kt1,5,0,-0.07142857142857142
ednet_kt1,9,0,-0.03787878787878788
ednet_kt1,3,0,-0.06666666666666667
ednet_kt1,7,1,0.07777777777777778
ednet_kt1,4,0,-0.09523809523809523
ednet_kt1,10,0,-0.02564102564102564
ednet_kt1,5,1,0.03571428571428571
ednet_kt1,7,1,0.04444444444444444
ednet_kt1,10,0,-0.04487179487179487
ednet_kt1,11,1,0.02747252747252747
ednet_kt1,6,1,0.05555555555555555
ednet_kt1,3,0,-0.06666666666666667
ednet_kt1,7,1,0.05555555555555556
ednet_kt1,8,1,0.03636363636363637
ednet_kt1,0,1,0.16666666666666666
ednet_kt1,2,1,0.1
ednet_kt1,11,0,-0.03846153846153846
ednet_kt1,8,1,0.018181818181818177
ednet_kt1,3,0,-0.06666666666666667
ednet_kt1,2,0,-0.1
ednet_kt1,3,0,-0.09999999999999999
ednet_kt1,7,1,0.05555555555555556
ednet_kt1,1,1,0.08333333333333334
ednet_kt1,4,1,0.09523809523809525
ednet_kt1,8,1,0.02727272727272728
ednet_kt1,8,1,0.03636363636363637
ednet_kt1,0,1,0.16666666666666666
ednet_kt1,3,0,-0.09999999999999999
ednet_kt1,6,1,0.027777777777777776
ednet_kt1,9,0,-0.04545454545454545
ednet_kt1,11,0,-0.04945054945054945
ednet_kt1,9,1,0.007575757575757579
ednet_kt1,10,1,0.019230769230769232
ednet_kt1,7,1,0.06666666666666668
ednet_kt1,5,1,0.03571428571428571
ednet_kt1,3,1,0.06666666666666667
ednet_kt1,10,1,0.025641025641025644
ednet_kt1,8,0,-0.05454545454545454
ednet_kt1,0,0,-0.16666666666666666
ednet_kt1,9,0,-0.03787878787878788
ednet_kt1,7,1,0.04444444444444444
ednet_kt1,8,1,0.03636363636363637
ednet_kt1,6,1,0.041666666666666664
ednet_kt1,5,0,-0.08928571428571429
ednet_kt1,5,1,0.053571428571428575
ednet_kt1,8,1,0.06363636363636363
ednet_kt1,12,1,0.023809523809523805
ednet_kt1,8,0,-0.07272727272727274
ednet_kt1,1,1,0.08333333333333334
ednet_kt1,3,1,0.033333333333333326
ednet_kt1,6,1,0.027777777777777776
ednet_kt1,5,1,0.053571428571428575
ednet_kt1,12,1,0.04285714285714285
ednet_kt1,11,1,0.02197802197802198
ednet_kt1,8,0,-0.05454545454545454
ednet_kt1,9,0,-0.030303030303030304
ednet_kt1,5,1,0.08928571428571429
ednet_kt1,2,1,0.05
ednet_kt1,12,1,0.03809523809523809
ednet_kt1,6,1,0.027777777777777776
ednet_kt1,11,0,-0.027472527472527476
ednet_kt1,9,1,0.007575757575757579
ednet_kt1,7,1,0.03333333333333334
ednet_kt1,5,1,0.053571428571428575
ednet_kt1,2,1,0.15
ednet_kt1,10,1,0.05128205128205129
ednet_kt1,4,0,-0.09523809523809523
ednet_kt1,8,0,-0.045454545454545456
ednet_kt1,5,0,-0.05357142857142857
ednet_kt1,7,0,-0.06666666666666667
ednet_kt1,4,1,0.07142857142857142
ednet_kt1,12,1,0.023809523809523805
ednet_kt1,9,1,0.007575757575757579
ednet_kt1,8,0,-0.045454545454545456
ednet_kt1,8,1,0.06363636363636363
ednet_kt1,7,1,0.04444444444444444
ednet_kt1,3,1,0.033333333333333326
ednet_kt1,11,1,0.02197802197802198
ednet_kt1,3,0,-0.09999999999999999
ednet_kt1,12,1,0.019047619047619046
ednet_kt1,3,0,-0.13333333333333333
ednet_kt1,10,1,0.0064102564102564135
ednet_kt1,6,1,0.06944444444444445
ednet_kt1,6,1,0.041666666666666664
ednet_kt1,7,1,0.02222222222222222
ednet_kt1,4,0,-0.11904761904761905
ednet_kt1,10,1,0.025641025641025644
ednet_kt1,9,1,0.015151515151515147
ednet_kt1,6,0,-0.06944444444444445
ednet_kt1,9,1,0.03787878787878788
ednet_kt1,10,1,0.012820512820512818
ednet_kt1,5,1,0.017857142857142863
ednet_kt1,10,0,-0.032051282051282055
ednet_kt1,4,0,-0.07142857142857142
ednet_kt1,2,0,-0.15
ednet_kt1,10,1,0.05128205128205129
ednet_kt1,9,1,0.03787878787878788
ednet_kt1,4,0,-0.07142857142857142
ednet_kt1,10,1,0.044871794871794865
ednet_kt1,0,1,0.16666666666666666
ednet_kt1,9,1,0.022727272727272724
ednet_kt1,11,1,0.02197802197802198
ednet_kt1,6,1,0.05555555555555555
ednet_kt1,8,1,0.03636363636363637
ednet_kt1,2,1,0.05
ednet_kt1,6,1,0.041666666666666664
ednet_kt1,1,1,0.16666666666666669
ednet_kt1,3,1,0.06666666666666667
ednet_kt1,4,1,0.07142857142857142
ednet_kt1,6,1,0.05555555555555555
ednet_kt1,6,0,-0.027777777777777776
ednet_kt1,7,1,0.06666666666666668
ednet_kt1,10,1,0.025641025641025644
ednet_kt1,10,1,0.025641025641025644
ednet_kt1,7,1,0.03333333333333334
ednet_kt1,12,0,-0.04285714285714286
ednet_kt1,10,1,0.025641025641025644
ednet_kt1,9,1,0.03787878787878788
ednet_kt1,9,0,-0.030303030303030304
ednet_kt1,12,1,0.023809523809523805
ednet_kt1,4,0,-0.07142857142857142
ednet_kt1,8,1,0.018181818181818177
ednet_kt1,5,0,-0.03571428571428571
ednet_kt1,2,1,0.1
ednet_kt1,12,1,0.028571428571428574
ednet_kt1,9,1,0.015151515151515147
ednet_kt1,7,0,-0.04444444444444444
ednet_kt1,3,0,-0.13333333333333333
ednet_kt1,11,1,0.02747252747252747
ednet_kt1,11,1,0.04395604395604396
ednet_kt1,9,1,0.03787878787878788
ednet_kt1,5,1,0.08928571428571429
ednet_kt1,2,1,0.05
ednet_kt1,10,0,-0.057692307692307696
ednet_kt1,10,0,-0.02564102564102564
ednet_kt1,11,1,0.03846153846153846
ednet_kt1,11,0,-0.04395604395604396
ednet_kt1,9,1,0.03787878787878788
ednet_kt1,3,1,0.033333333333333326
ednet_kt1,3,1,0.06666666666666667
ednet_kt1,9,1,0.022727272727272724
ednet_kt1,10,1,0.025641025641025644
ednet_kt1,9,0,-0.03787878787878788
ednet_kt1,6,1,0.013888888888888888
ednet_kt1,1,0,-0.16666666666666666
ednet_kt1,12,1,0.028571428571428574
ednet_kt1,9,1,0.05303030303030303
ednet_kt1,4,1,0.07142857142857142
ednet_kt1,8,1,0.018181818181818177
ednet_kt1,4,0,-0.09523809523809523
ednet_kt1,10,0,-0.019230769230769232
ednet_kt1,4,1,0.04761904761904762
ednet_kt1,5,1,0.053571428571428575
ednet_kt1,8,0,-0.03636363636363637
ednet_kt1,12,1,0.03809523809523809
ednet_kt1,0,0,-0.16666666666666666
ednet_kt1,9,0,-0.04545454545454545
ednet_kt1,2,1,0.15
ednet_kt1,8,1,0.018181818181818177
ednet_kt1,8,0,-0.06363636363636363
ednet_kt1,5,1,0.053571428571428575
ednet_kt1,8,0,-0.018181818181818184
ednet_kt1,0,1,0.16666666666666666
ednet_kt1,1,0,-0.16666666666666666
ednet_kt1,7,0,-0.02222222222222222
ednet_kt1,4,0,-0.07142857142857142
ednet_kt1,9,1,0.04545454545454545
ednet_kt1,11,1,0.03296703296703297
ednet_kt1,10,0,-0.038461538461538464
ednet_kt1,12,1,0.023809523809523805
ednet_kt1,3,1,0.033333333333333326
ednet_kt1,5,1,0.053571428571428575
ednet_kt1,2,1,0.1
ednet_kt1,11,1,0.02197802197802198
ednet_kt1,5,1,0.07142857142857142
ednet_kt1,6,1,0.06944444444444445
ednet_kt1,10,1,0.038461538461538464
ednet_kt1,3,0,-0.06666666666666667
ednet_kt1,2,0,-0.15
ednet_kt1,1,0,-0.16666666666666666
ednet_kt1,5,0,-0.05357142857142857
ednet_kt1,5,1,0.053571428571428575
ednet_kt1,0,1,0.16666666666666666
ednet_kt1,11,1,0.04395604395604396
ednet_kt1,7,0,-0.03333333333333333
ednet_kt1,8,1,0.018181818181818177
ednet_kt1,9,1,0.03787878787878788
ednet_kt1,0,0,-0.16666666666666666
ednet_kt1,0,1,0.16666666666666666
ednet_kt1,11,1,0.03296703296703297
ednet_kt1,12,1,0.028571428571428574
ednet_kt1,4,1,0.023809523809523805
ednet_kt1,5,1,0.017857142857142863
ednet_kt1,5,0,-0.07142857142857142
ednet_kt1,3,0,-0.06666666666666667
ednet_kt1,12,0,-0.02380952380952381
ednet_kt1,5,1,0.017857142857142863
ednet_kt1,7,1,0.03333333333333334
ednet_kt1,1,0,-0.08333333333333333
ednet_kt1,10,1,0.019230769230769232
ednet_kt1,7,1,0.03333333333333334
ednet_kt1,7,1,0.05555555555555556
ednet_kt1,12,1,0.019047619047619046
ednet_kt1,9,0,-0.07575757575757576
ednet_kt1,11,0,-0.03846153846153846
ednet_kt1,5,1,0.017857142857142863
ednet_kt1,3,0,-0.06666666666666667
ednet_kt1,4,1,0.09523809523809525
ednet_kt1,10,1,0.03205128205128205
ednet_kt1,11,1,0.04945054945054945
ednet_kt1,5,1,0.08928571428571429
ednet_kt1,11,1,0.03296703296703297
ednet_kt1,3,1,0.06666666666666667
ednet_kt1,6,1,0.041666666666666664
ednet_kt1,7,0,-0.06666666666666667
ednet_kt1,11,1,0.03846153846153846
ednet_kt1,7,1,0.03333333333333334
ednet_kt1,4,1,0.09523809523809525
ednet_kt1,3,1,0.06666666666666667
ednet_kt1,11,0,-0.04945054945054945
ednet_kt1,5,1,0.017857142857142863
ednet_kt1,6,0,-0.08333333333333333
ednet_kt1,3,1,0.06666666666666667
ednet_kt1,4,0,-0.023809523809523808
ednet_kt1,10,1,0.019230769230769232
ednet_kt1,10,1,0.044871794871794865
ednet_kt1,11,1,0.03296703296703297
ednet_kt1,10,1,0.025641025641025644
ednet_kt1,11,1,0.01648351648351648
ednet_kt1,11,1,0.03296703296703297
ednet_kt1,4,0,-0.09523809523809523
ednet_kt1,5,0,-0.07142857142857142
ednet_kt1,2,0,-0.1
ednet_kt1,11,1,0.04395604395604396
ednet_kt1,9,1,0.022727272727272724
ednet_kt1,12,0,-0.04285714285714286
ednet_kt1,4,1,0.04761904761904762
ednet_kt1,12,0,-0.04285714285714286
ednet_kt1,12,1,0.019047619047619046
ednet_kt1,2,1,0.1
ednet_kt1,6,1,0.013888888888888888
ednet_kt1,12,1,0.009523809523809526
ednet_kt1,9,1,0.022727272727272724
ednet_kt1,11,1,0.02747252747252747
ednet_kt1,0,0,-0.16666666666666666
ednet_kt1,12,1,0.028571428571428574
ednet_kt1,9,0,-0.04545454545454545
ednet_kt1,0,1,0.16666666666666666
ednet_kt1,4,1,0.09523809523809525
ednet_kt1,7,1,0.02222222222222222
ednet_kt1,6,1,0.05555555555555555
ednet_kt1,4,1,0.09523809523809525
ednet_kt1,9,1,0.022727272727272724
ednet_kt1,12,1,0.04285714285714285
ednet_kt1,12,1,0.03809523809523809
ednet_kt1,10,1,0.019230769230769232
ednet_kt1,12,1,0.023809523809523805
ednet_kt1,8,1,0.018181818181818177
ednet_kt1,6,1,0.013888888888888888
ednet_kt1,7,1,0.04444444444444444
ednet_kt1,11,1,0.03846153846153846
ednet_kt1,6,1,0.06944444444444445
ednet_kt1,8,0,-0.05454545454545454
ednet_kt1,11,1,0.03296703296703297
ednet_kt1,0,1,0.16666666666666666
ednet_kt1,3,1,0.06666666666666667
ednet_kt1,12,0,-0.03809523809523809
ednet_kt1,6,1,0.027777777777777776
ednet_kt1,5,1,0.017857142857142863
ednet_kt1,3,0,-0.09999999999999999
ednet_kt1,1,1,0.08333333333333334
ednet_kt1,10,1,0.025641025641025644
ednet_kt1,6,0,-0.08333333333333333
ednet_kt1,11,1,0.02197802197802198
ednet_kt1,6,1,0.027777777777777776
ednet_kt1,9,1,0.015151515151515147
ednet_kt1,10,1,0.044871794871794865
ednet_kt1,4,0,-0.07142857142857142
ednet_kt1,11,1,0.01098901098901099
ednet_kt1,12,1,0.014285714285714287
ednet_kt1,12,1,0.014285714285714287
ednet_kt1,7,1,0.05555555555555556
ednet_kt1,9,1,0.015151515151515147
ednet_kt1,5,1,0.017857142857142863
ednet_kt1,10,1,0.012820512820512818
ednet_kt1,5,1,0.017857142857142863
ednet_kt1,8,1,0.03636363636363637
ednet_kt1,4,1,0.04761904761904762
ednet_kt1,10,1,0.044871794871794865
ednet_kt1,7,1,0.03333333333333334
ednet_kt1,2,0,-0.15
ednet_kt1,10,0,-0.04487179487179487
ednet_kt1,5,1,0.03571428571428571
ednet_kt1,3,0,-0.09999999999999999
ednet_kt1,8,0,-0.045454545454545456
ednet_kt1,4,1,0.023809523809523805
ednet_kt1,3,0,-0.13333333333333333
ednet_kt1,3,0,-0.13333333333333333
ednet_kt1,9,1,0.05303030303030303
ednet_kt1,4,0,-0.07142857142857142
ednet_kt1,5,1,0.10714285714285715
ednet_kt1,2,1,0.1
ednet_kt1,8,1,0.02727272727272728
ednet_kt1,10,1,0.019230769230769232
ednet_kt1,8,1,0.018181818181818177
ednet_kt1,8,1,0.03636363636363637
ednet_kt1,6,0,-0.013888888888888888
ednet_kt1,2,1,0.05
ednet_kt1,2,1,0.1
ednet_kt1,6,0,-0.013888888888888888
ednet_kt1,5,0,-0.017857142857142856
ednet_kt1,12,1,0.009523809523809526
ednet_kt1,4,0,-0.047619047619047616
ednet_kt1,10,1,0.019230769230769232
ednet_kt1,6,1,0.027777777777777776
ednet_kt1,8,1,0.045454545454545456
ednet_kt1,5,1,0.03571428571428571
ednet_kt1,8,0,-0.05454545454545454
ednet_kt1,9,1,0.05303030303030303
ednet_kt1,5,1,0.03571428571428571
ednet_kt1,6,0,-0.041666666666666664
ednet_kt1,12,0,-0.05714285714285714
ednet_kt1,6,1,0.08333333333333333
ednet_kt1,8,1,0.009090909090909089
ednet_kt1,6,1,0.041666666666666664
ednet_kt1,9,0,-0.05303030303030303
ednet_kt1,12,1,0.019047619047619046
ednet_kt1,7,1,0.03333333333333334
ednet_kt1,9,1,0.022727272727272724
ednet_kt1,7,1,0.011111111111111117
ednet_kt1,2,0,-0.1
ednet_kt1,3,0,-0.09999999999999999
ednet_kt1,8,1,0.018181818181818177
ednet_kt1,11,1,0.02197802197802198
ednet_kt1,5,0,-0.03571428571428571
ednet_kt1,6,1,0.027777777777777776
ednet_kt1,0,0,-0.16666666666666666
ednet_kt1,8,1,0.009090909090909089
ednet_kt1,3,0,-0.03333333333333333
ednet_kt1,12,1,0.03333333333333333
ednet_kt1,3,1,0.06666666666666667
ednet_kt1,6,0,-0.08333333333333333
ednet_kt1,6,0,-0.041666666666666664
ednet_kt1,4,1,0.07142857142857142
ednet_kt1,8,0,-0.045454545454545456
ednet_kt1,12,1,0.023809523809523805
ednet_kt1,11,1,0.01648351648351648
ednet_kt1,11,1,0.04395604395604396
ednet_kt1,3,1,0.033333333333333326
ednet_kt1,10,1,0.025641025641025644
ednet_kt1,11,1,0.02747252747252747
ednet_kt1,9,0,-0.06060606060606061
ednet_kt1,5,1,0.08928571428571429
ednet_kt1,4,0,-0.047619047619047616
ednet_kt1,8,1,0.045454545454545456
ednet_kt1,7,1,0.03333333333333334
ednet_kt1,4,1,0.09523809523809525
ednet_kt1,9,1,0.030303030303030304
ednet_kt1,6,1,0.027777777777777776
ednet_kt1,7,0,-0.02222222222222222
ednet_kt1,9,1,0.015151515151515147
ednet_kt1,3,0,-0.13333333333333333
ednet_kt1,10,0,-0.04487179487179487
ednet_kt1,6,1,0.05555555555555555
ednet_kt1,9,1,0.030303030303030304
ednet_kt1,11,0,-0.02197802197802198
ednet_kt1,9,1,0.015151515151515147
ednet_kt1,11,1,0.01098901098901099
ednet_kt1,2,0,-0.15
ednet_kt1,0,1,0.16666666666666666
ednet_kt1,9,1,0.06060606060606061
ednet_kt1,8,1,0.045454545454545456
ednet_kt1,8,1,0.02727272727272728
ednet_kt1,9,1,0.05303030303030303
ednet_kt1,3,1,0.033333333333333326
ednet_kt1,7,1,0.04444444444444444
ednet_kt1,4,1,0.09523809523809525
ednet_kt1,8,1,0.018181818181818177
ednet_kt1,5,0,-0.07142857142857142
ednet_kt1,8,1,0.045454545454545456
ednet_kt1,12,0,-0.04285714285714286
ednet_kt1,9,1,0.03787878787878788
ednet_kt1,12,1,0.019047619047619046
ednet_kt1,2,1,0.15
ednet_kt1,9,1,0.030303030303030304
ednet_kt1,6,0,-0.08333333333333333
ednet_kt1,8,1,0.05454545454545454
ednet_kt1,10,1,0.038461538461538464
ednet_kt1,2,1,0.05
ednet_kt1,12,1,0.019047619047619046
ednet_kt1,8,1,0.018181818181818177
ednet_kt1,2,0,-0.05
ednet_kt1,12,0,-0.014285714285714285
ednet_kt1,8,1,0.045454545454545456
ednet_kt1,2,1,0.15
ednet_kt1,11,1,0.02747252747252747
ednet_kt1,8,1,0.06363636363636363
ednet_kt1,5,0,-0.05357142857142857
ednet_kt1,9,1,0.030303030303030304
ednet_kt1,4,0,-0.047619047619047616
ednet_kt1,11,1,0.03296703296703297
ednet_kt1,7,1,0.02222222222222222
ednet_kt1,8,0,-0.05454545454545454
ednet_kt1,8,0,-0.05454545454545454
ednet_kt1,10,1,0.025641025641025644
ednet_kt1,10,0,-0.032051282051282055
ednet_kt1,7,0,-0.05555555555555556
ednet_kt1,3,0,-0.03333333333333333
ednet_kt1,6,1,0.05555555555555555
ednet_kt1,11,0,-0.04395604395604396
ednet_kt1,8,0,-0.06363636363636363
ednet_kt1,5,0,-0.07142857142857142
ednet_kt1,11,1,0.01648351648351648
ednet_kt1,9,1,0.030303030303030304
ednet_kt1,12,0,-0.02857142857142857
ednet_kt1,3,0,-0.13333333333333333
ednet_kt1,7,1,0.04444444444444444
ednet_kt1,12,1,0.03333333333333333
ednet_kt1,10,0,-0.032051282051282055
ednet_kt1,8,1,0.03636363636363637
ednet_kt1,11,1,0.03296703296703297
ednet_kt1,12,1,0.03809523809523809
ednet_kt1,6,1,0.06944444444444445
ednet_kt1,9,1,0.030303030303030304
ednet_kt1,3,1,0.09999999999999999
ednet_kt1,12,0,-0.04761904761904762
ednet_kt1,11,1,0.01648351648351648
ednet_kt1,8,1,0.018181818181818177
ednet_kt1,3,0,-0.06666666666666667
ednet_kt1,7,1,0.03333333333333334
ednet_kt1,6,0,-0.08333333333333333
ednet_kt1,9,1,0.022727272727272724
ednet_kt1,10,0,-0.05128205128205128
ednet_kt1,6,1,0.09722222222222222
ednet_kt1,9,1,0.022727272727272724
ednet_kt1,7,1,0.02222222222222222
ednet_kt1,4,0,-0.047619047619047616
ednet_kt1,8,0,-0.08181818181818182
ednet_kt1,9,1,0.06060606060606061
ednet_kt1,8,1,0.02727272727272728
ednet_kt1,11,1,0.02747252747252747
ednet_kt1,6,1,0.06944444444444445
ednet_kt1,5,1,0.053571428571428575
ednet_kt1,4,0,-0.047619047619047616
ednet_kt1,0,0,-0.16666666666666666
ednet_kt1,3,1,0.09999999999999999
ednet_kt1,0,0,-0.16666666666666666
ednet_kt1,2,0,-0.1
ednet_kt1,9,1,0.007575757575757579
ednet_kt1,8,1,0.02727272727272728
ednet_kt1,10,0,-0.038461538461538464
ednet_kt1,8,0,-0.03636363636363637
ednet_kt1,11,1,0.03846153846153846
ednet_kt1,7,0,-0.06666666666666667
ednet_kt1,2,0,-0.1
ednet_kt1,9,0,-0.04545454545454545
ednet_kt1,1,0,-0.16666666666666666
ednet_kt1,12,1,0.014285714285714287
ednet_kt1,11,0,-0.03296703296703297
ednet_kt1,11,1,0.02197802197802198
ednet_kt1,9,1,0.030303030303030304
ednet_kt1,4,1,0.04761904761904762
ednet_kt1,8,1,0.02727272727272728
ednet_kt1,9,1,0.05303030303030303
ednet_kt1,8,0,-0.03636363636363637
ednet_kt1,12,1,0.028571428571428574
ednet_kt1,8,1,0.018181818181818177
ednet_kt1,12,0,-0.02857142857142857
ednet_kt1,5,1,0.08928571428571429
ednet_kt1,11,1,0.01098901098901099
ednet_kt1,11,0,-0.04945054945054945
ednet_kt1,9,0,-0.030303030303030304
ednet_kt1,12,0,-0.03333333333333333
ednet_kt1,8,1,0.03636363636363637
ednet_kt1,8,1,0.018181818181818177
ednet_kt1,12,0,-0.04285714285714286
ednet_kt1,8,1,0.06363636363636363
ednet_kt1,3,1,0.06666666666666667
ednet_kt1,12,0,-0.04285714285714286
ednet_kt1,7,0,-0.06666666666666667
ednet_kt1,3,1,0.033333333333333326
ednet_kt1,2,1,0.1
ednet_kt1,7,1,0.03333333333333334
ednet_kt1,4,1,0.07142857142857142
ednet_kt1,12,1,0.028571428571428574
ednet_kt1,9,1,0.03787878787878788
ednet_kt1,1,1,0.08333333333333334
ednet_kt1,12,1,0.023809523809523805
ednet_kt1,4,1,0.023809523809523805
ednet_kt1,10,1,0.025641025641025644
ednet_kt1,9,1,0.04545454545454545
ednet_kt1,3,1,0.13333333333333333
ednet_kt1,10,1,0.025641025641025644
ednet_kt1,12,1,0.05714285714285715
ednet_kt1,4,1,0.07142857142857142
ednet_kt1,9,0,-0.05303030303030303
ednet_kt1,4,1,0.07142857142857142
ednet_kt1,3,0,-0.13333333333333333
ednet_kt1,6,1,0.041666666666666664
ednet_kt1,3,1,0.033333333333333326
ednet_kt1,11,1,0.03846153846153846
ednet_kt1,5,1,0.053571428571428575
ednet_kt1,8,1,0.018181818181818177
ednet_kt1,8,0,-0.045454545454545456
ednet_kt1,10,1,0.03205128205128205
ednet_kt1,6,1,0.041666666666666664
ednet_kt1,10,1,0.03205128205128205
ednet_kt1,6,1,0.013888888888888888
ednet_kt1,7,1,0.06666666666666668
ednet_kt1,10,0,-0.06410256410256411
ednet_kt1,6,1,0.041666666666666664
ednet_kt1,0,0,-0.16666666666666666
ednet_kt1,11,1,0.02747252747252747
ednet_kt1,10,0,-0.02564102564102564
ednet_kt1,8,1,0.045454545454545456
ednet_kt1,12,1,0.04285714285714285
ednet_kt1,5,1,0.053571428571428575
ednet_kt1,7,0,-0.06666666666666667
ednet_kt1,8,0,-0.045454545454545456
ednet_kt1,9,0,-0.04545454545454545
ednet_kt1,12,0,-0.03809523809523809
ednet_kt1,9,0,-0.06060606060606061
ednet_kt1,11,1,0.03296703296703297
ednet_kt1,3,1,0.06666666666666667
ednet_kt1,1,1,0.08333333333333334
ednet_kt1,11,1,0.03846153846153846
ednet_kt1,8,1,0.02727272727272728
ednet_kt1,2,1,0.1
ednet_kt1,11,1,0.01098901098901099
ednet_kt1,3,1,0.033333333333333326
ednet_kt1,4,1,0.09523809523809525
ednet_kt1,10,1,0.0064102564102564135
ednet_kt1,7,1,0.05555555555555556
ednet_kt1,4,0,-0.09523809523809523
ednet_kt1,7,0,-0.07777777777777778
ednet_kt1,11,1,0.01098901098901099
ednet_kt1,7,1,0.03333333333333334
ednet_kt1,12,1,0.014285714285714287
ednet_kt1,8,0,-0.06363636363636363
ednet_kt1,9,1,0.04545454545454545
ednet_kt1,10,0,-0.038461538461538464
ednet_kt1,2,0,-0.05
ednet_kt1,8,0,-0.018181818181818184
ednet_kt1,9,1,0.03787878787878788
ednet_kt1,10,1,0.03205128205128205
ednet_kt1,12,0,-0.019047619047619046
ednet_kt1,8,1,0.03636363636363637
ednet_kt1,8,0,-0.05454545454545454
ednet_kt1,10,1,0.057692307692307696
ednet_kt1,0,0,-0.16666666666666666
ednet_kt1,12,1,0.019047619047619046
ednet_kt1,2,1,0.05
ednet_kt1,8,0,-0.045454545454545456
ednet_kt1,1,1,0.08333333333333334
ednet_kt1,0,1,0.16666666666666666
ednet_kt1,8,0,-0.02727272727272727
ednet_kt1,12,0,-0.03333333333333333
ednet_kt1,11,1,0.04945054945054945
ednet_kt1,12,0,-0.05714285714285714
ednet_kt1,10,1,0.03205128205128205
ednet_kt1,3,0,-0.03333333333333333
ednet_kt1,8,0,-0.045454545454545456
ednet_kt1,11,1,0.03296703296703297
ednet_kt1,5,1,0.053571428571428575
ednet_kt1,8,1,0.03636363636363637
ednet_kt1,12,1,0.023809523809523805
ednet_kt1,8,1,0.03636363636363637
ednet_kt1,5,1,0.07142857142857142
ednet_kt1,7,1,0.04444444444444444
ednet_kt1,2,1,0.1
ednet_kt1,5,1,0.08928571428571429
ednet_kt1,5,1,0.03571428571428571
ednet_kt1,2,1,0.05
ednet_kt1,6,0,-0.041666666666666664
ednet_kt1,11,1,0.02747252747252747
ednet_kt1,9,1,0.015151515151515147
ednet_kt1,8,0,-0.02727272727272727
ednet_kt1,10,1,0.03205128205128205
ednet_kt1,5,0,-0.08928571428571429
ednet_kt1,8,1,0.07272727272727274
ednet_kt1,10,0,-0.07051282051282051
ednet_kt1,1,1,0.08333333333333334
ednet_kt1,11,1,0.03296703296703297
ednet_kt1,8,1,0.03636363636363637
ednet_kt1,6,1,0.027777777777777776
ednet_kt1,3,0,-0.09999999999999999
ednet_kt1,10,1,0.019230769230769232
ednet_kt1,2,1,0.1
ednet_kt1,5,1,0.053571428571428575
ednet_kt1,8,1,0.05454545454545454
ednet_kt1,5,1,0.017857142857142863
ednet_kt1,12,0,-0.03333333333333333
ednet_kt1,11,1,0.02197802197802198
ednet_kt1,3,1,0.09999999999999999
ednet_kt1,7,1,0.04444444444444444
ednet_kt1,4,0,-0.047619047619047616
ednet_kt1,12,1,0.023809523809523805
ednet_kt1,12,1,0.019047619047619046
ednet_kt1,10,0,-0.057692307692307696
ednet_kt1,5,1,0.03571428571428571
ednet_kt1,5,0,-0.05357142857142857
ednet_kt1,0,1,0.16666666666666666
ednet_kt1,10,1,0.038461538461538464
ednet_kt1,11,1,0.03296703296703297
ednet_kt1,3,1,0.09999999999999999
ednet_kt1,7,0,-0.05555555555555556
ednet_kt1,0,1,0.16666666666666666
ednet_kt1,12,0,-0.04285714285714286
ednet_kt1,8,1,0.045454545454545456
ednet_kt1,8,0,-0.05454545454545454
ednet_kt1,4,1,0.04761904761904762
ednet_kt1,4,0,-0.07142857142857142
ednet_kt1,8,0,-0.03636363636363637
ednet_kt1,6,1,0.06944444444444445
ednet_kt1,6,0,-0.05555555555555555
ednet_kt1,9,1,0.05303030303030303
ednet_kt1,11,1,0.04395604395604396
ednet_kt1,11,0,-0.04395604395604396
ednet_kt1,7,1,0.011111111111111117
ednet_kt1,12,0,-0.04761904761904762
ednet_kt1,6,1,0.041666666666666664
ednet_kt1,9,0,-0.04545454545454545
ednet_kt1,3,1,0.06666666666666667
ednet_kt1,8,1,0.03636363636363637
ednet_kt1,8,0,-0.05454545454545454
ednet_kt1,4,1,0.023809523809523805
ednet_kt1,9,1,0.022727272727272724
ednet_kt1,0,0,-0.16666666666666666
ednet_kt1,2,0,-0.15
ednet_kt1,12,0,-0.02380952380952381
ednet_kt1,4,0,-0.07142857142857142
ednet_kt1,8,1,0.02727272727272728
ednet_kt1,12,0,-0.019047619047619046
ednet_kt1,12,1,0.028571428571428574
ednet_kt1,4,0,-0.09523809523809523
ednet_kt1,12,1,0.03809523809523809
ednet_kt1,10,0,-0.04487179487179487
ednet_kt1,2,1,0.1
ednet_kt1,6,1,0.027777777777777776
ednet_kt1,9,0,-0.04545454545454545
ednet_kt1,12,0,-0.04285714285714286
ednet_kt1,9,1,0.04545454545454545
ednet_kt1,4,0,-0.09523809523809523
ednet_kt1,3,1,0.06666666666666667
ednet_kt1,7,1,0.06666666666666668
ednet_kt1,5,1,0.053571428571428575
ednet_kt1,8,1,0.045454545454545456
ednet_kt1,10,1,0.05128205128205129
ednet_kt1,3,0,-0.09999999999999999
ednet_kt1,8,0,-0.05454545454545454
ednet_kt1,11,0,-0.04945054945054945
ednet_kt1,10,1,0.025641025641025644
ednet_kt1,5,1,0.053571428571428575
ednet_kt1,1,0,-0.08333333333333333
ednet_kt1,0,1,0.16666666666666666
ednet_kt1,10,0,-0.06410256410256411
ednet_kt1,10,0,-0.05128205128205128
ednet_kt1,12,1,0.028571428571428574
ednet_kt1,9,1,0.022727272727272724
ednet_kt1,10,1,0.025641025641025644
ednet_kt1,0,0,-0.16666666666666666
ednet_kt1,4,1,0.09523809523809525
ednet_kt1,2,1,0.1
ednet_kt1,2,1,0.1
ednet_kt1,5,1,0.053571428571428575
ednet_kt1,6,0,-0.06944444444444445
ednet_kt1,11,1,0.04395604395604396
ednet_kt1,8,1,0.02727272727272728
ednet_kt1,6,0,-0.05555555555555555
ednet_kt1,1,1,0.16666666666666669
ednet_kt1,12,1,0.028571428571428574
ednet_kt1,12,0,-0.02857142857142857
ednet_kt1,9,1,0.015151515151515147
ednet_kt1,5,1,0.017857142857142863
ednet_kt1,2,1,0.05
ednet_kt1,8,0,-0.045454545454545456
ednet_kt1,9,0,-0.030303030303030304
ednet_kt1,6,1,0.041666666666666664
ednet_kt1,6,1,0.05555555555555555
ednet_kt1,10,1,0.0064102564102564135
ednet_kt1,0,1,0.16666666666666666
ednet_kt1,9,1,0.04545454545454545
ednet_kt1,9,1,0.03787878787878788
ednet_kt1,3,0,-0.13333333333333333
ednet_kt1,10,1,0.025641025641025644
ednet_kt1,5,1,0.07142857142857142
ednet_kt1,8,1,0.018181818181818177
ednet_kt1,8,0,-0.009090909090909092
ednet_kt1,10,1,0.044871794871794865
ednet_kt1,1,0,-0.08333333333333333
ednet_kt1,4,0,-0.09523809523809523
ednet_kt1,10,1,0.038461538461538464
ednet_kt1,8,1,0.018181818181818177
ednet_kt1,5,1,0.03571428571428571
ednet_kt1,12,1,0.023809523809523805
ednet_kt1,7,0,-0.05555555555555556
ednet_kt1,3,0,-0.09999999999999999
ednet_kt1,9,1,0.030303030303030304
ednet_kt1,1,0,-0.16666666666666666
ednet_kt1,0,1,0.16666666666666666
ednet_kt1,6,1,0.06944444444444445
ednet_kt1,4,1,0.09523809523809525
ednet_kt1,12,0,-0.04285714285714286
ednet_kt1,10,1,0.012820512820512818
ednet_kt1,5,1,0.053571428571428575
ednet_kt1,12,1,0.03809523809523809
ednet_kt1,4,1,0.07142857142857142
ednet_kt1,4,1,0.07142857142857142
ednet_kt1,6,1,0.013888888888888888
ednet_kt1,11,1,0.02747252747252747
ednet_kt1,0,0,-0.16666666666666666
ednet_kt1,1,0,-0.08333333333333333
ednet_kt1,3,0,-0.06666666666666667
ednet_kt1,8,1,0.045454545454545456
ednet_kt1,3,1,0.033333333333333326
ednet_kt1,11,0,-0.027472527472527476
ednet_kt1,4,0,-0.11904761904761905
ednet_kt1,4,1,0.07142857142857142
ednet_kt1,9,0,-0.015151515151515152
ednet_kt1,12,1,0.019047619047619046
ednet_kt1,0,0,-0.16666666666666666
ednet_kt1,1,1,0.08333333333333334
ednet_kt1,12,1,0.028571428571428574
ednet_kt1,9,0,-0.03787878787878788
ednet_kt1,9,1,0.03787878787878788
ednet_kt1,6,1,0.06944444444444445
ednet_kt1,5,0,-0.07142857142857142
ednet_kt1,8,1,0.009090909090909089
ednet_kt1,8,0,-0.045454545454545456
ednet_kt1,2,1,0.1
ednet_kt1,12,0,-0.03333333333333333
ednet_kt1,2,1,0.05
ednet_kt1,9,1,0.022727272727272724
ednet_kt1,9,1,0.03787878787878788
ednet_kt1,5,1,0.07142857142857142
ednet_kt1,9,1,0.030303030303030304
ednet_kt1,11,1,0.01648351648351648
ednet_kt1,11,0,-0.03296703296703297
ednet_kt1,12,1,0.028571428571428574
ednet_kt1,2,1,0.15
ednet_kt1,4,0,-0.047619047619047616
ednet_kt1,7,1,0.04444444444444444
ednet_kt1,3,0,-0.09999999999999999
ednet_kt1,5,0,-0.05357142857142857
ednet_kt1,8,0,-0.06363636363636363
ednet_kt1,8,1,0.02727272727272728
ednet_kt1,2,1,0.05
ednet_kt1,9,1,0.04545454545454545
ednet_kt1,11,1,0.01648351648351648
ednet_kt1,12,1,0.03809523809523809
ednet_kt1,10,1,0.019230769230769232
ednet_kt1,3,1,0.06666666666666667
ednet_kt1,5,1,0.053571428571428575
ednet_kt1,4,1,0.04761904761904762
ednet_kt1,12,1,0.014285714285714287
ednet_kt1,7,1,0.04444444444444444
ednet_kt1,8,1,0.018181818181818177
ednet_kt1,8,1,0.045454545454545456
ednet_kt1,11,0,-0.04945054945054945
ednet_kt1,12,1,0.03333333333333333
ednet_kt1,9,0,-0.04545454545454545
ednet_kt1,4,1,0.07142857142857142
ednet_kt1,12,1,0.03333333333333333
ednet_kt1,9,0,-0.07575757575757576
ednet_kt1,10,1,0.03205128205128205
ednet_kt1,2,1,0.1
ednet_kt1,0,0,-0.16666666666666666
ednet_kt1,10,1,0.044871794871794865
ednet_kt1,2,1,0.05
ednet_kt1,12,0,-0.03333333333333333
ednet_kt1,11,1,0.01098901098901099
ednet_kt1,1,0,-0.08333333333333333
ednet_kt1,7,1,0.04444444444444444
ednet_kt1,8,1,0.03636363636363637
ednet_kt1,12,1,0.019047619047619046
ednet_kt1,9,1,0.03787878787878788
ednet_kt1,12,1,0.023809523809523805
ednet_kt1,11,0,-0.04945054945054945
ednet_kt1,5,0,-0.08928571428571429
ednet_kt1,4,1,0.04761904761904762
ednet_kt1,11,0,-0.04945054945054945
ednet_kt1,8,1,0.03636363636363637
ednet_kt1,2,1,0.1
ednet_kt1,0,1,0.16666666666666666
ednet_kt1,9,1,0.03787878787878788
ednet_kt1,12,1,0.03333333333333333
ednet_kt1,2,1,0.05
ednet_kt1,7,1,0.03333333333333334
ednet_kt1,9,1,0.06060606060606061
ednet_kt1,2,1,0.05
ednet_kt1,10,0,-0.038461538461538464
ednet_kt1,10,1,0.044871794871794865
ednet_kt1,4,0,-0.07142857142857142
ednet_kt1,12,0,-0.05238095238095238
ednet_kt1,6,1,0.027777777777777776
ednet_kt1,12,1,0.04761904761904762
ednet_kt1,2,1,0.1
ednet_kt1,10,0,-0.032051282051282055
ednet_kt1,0,1,0.16666666666666666
ednet_kt1,10,0,-0.019230769230769232
ednet_kt1,1,0,-0.16666666666666666
ednet_kt1,7,1,0.02222222222222222
ednet_kt1,6,1,0.06944444444444445
ednet_kt1,12,1,0.019047619047619046
ednet_kt1,7,0,-0.05555555555555556
ednet_kt1,7,0,-0.04444444444444444
ednet_kt1,5,0,-0.07142857142857142
ednet_kt1,12,1,0.009523809523809526
ednet_kt1,4,1,0.07142857142857142
ednet_kt1,5,1,0.03571428571428571
ednet_kt1,6,0,-0.05555555555555555
ednet_kt1,8,0,-0.05454545454545454
ednet_kt1,8,0,-0.045454545454545456
ednet_kt1,5,1,0.053571428571428575
ednet_kt1,5,1,0.053571428571428575
ednet_kt1,2,0,-0.05
ednet_kt1,11,0,-0.04395604395604396
ednet_kt1,2,0,-0.1
ednet_kt1,4,0,-0.047619047619047616
ednet_kt1,8,1,0.045454545454545456
ednet_kt1,6,0,-0.05555555555555555
ednet_kt1,7,1,0.03333333333333334
ednet_kt1,11,0,-0.04945054945054945
ednet_kt1,6,0,-0.06944444444444445
ednet_kt1,5,0,-0.07142857142857142
ednet_kt1,0,1,0.16666666666666666
ednet_kt1,8,1,0.018181818181818177
ednet_kt1,8,1,0.018181818181818177
ednet_kt1,3,0,-0.03333333333333333
ednet_kt1,5,0,-0.05357142857142857
ednet_kt1,5,1,0.053571428571428575
ednet_kt1,2,1,0.05
ednet_kt1,7,1,0.04444444444444444
ednet_kt1,9,1,0.022727272727272724
ednet_kt1,6,0,-0.06944444444444445
ednet_kt1,12,1,0.023809523809523805
ednet_kt1,12,1,0.009523809523809526
ednet_kt1,12,0,-0.02857142857142857
ednet_kt1,2,0,-0.15
ednet_kt1,3,1,0.06666666666666667
ednet_kt1,9,1,0.022727272727272724
ednet_kt1,10,0,-0.057692307692307696
ednet_kt1,5,1,0.03571428571428571
ednet_kt1,11,1,0.02747252747252747
ednet_kt1,10,0,-0.02564102564102564
ednet_kt1,5,1,0.03571428571428571
ednet_kt1,11,0,-0.03296703296703297
ednet_kt1,8,1,0.02727272727272728
ednet_kt1,1,0,-0.16666666666666666
ednet_kt1,4,0,-0.11904761904761905
ednet_kt1,2,1,0.1
ednet_kt1,12,1,0.023809523809523805
ednet_kt1,4,1,0.07142857142857142
ednet_kt1,7,1,0.05555555555555556
ednet_kt1,10,0,-0.057692307692307696
ednet_kt1,10,1,0.038461538461538464
ednet_kt1,5,1,0.10714285714285715
ednet_kt1,11,0,-0.04395604395604396
ednet_kt1,7,0,-0.06666666666666667
ednet_kt1,9,0,-0.04545454545454545
ednet_kt1,3,1,0.06666666666666667
ednet_kt1,10,1,0.025641025641025644
ednet_kt1,10,1,0.03205128205128205
ednet_kt1,2,1,0.1
ednet_kt1,4,1,0.04761904761904762
ednet_kt1,8,1,0.03636363636363637
ednet_kt1,12,0,-0.02857142857142857
ednet_kt1,10,1,0.03205128205128205
ednet_kt1,3,1,0.09999999999999999
ednet_kt1,3,1,0.06666666666666667
ednet_kt1,0,1,0.16666666666666666
ednet_kt1,6,1,0.013888888888888888
ednet_kt1,11,1,0.02197802197802198
ednet_kt1,12,1,0.023809523809523805
ednet_kt1,6,1,0.05555555555555555
ednet_kt1,9,1,0.06060606060606061
ednet_kt1,9,0,-0.05303030303030303
ednet_kt1,12,1,0.019047619047619046
ednet_kt1,8,0,-0.05454545454545454
ednet_kt1,11,1,0.02197802197802198
ednet_kt1,6,1,0.013888888888888888
ednet_kt1,5,0,-0.05357142857142857
ednet_kt1,12,1,0.028571428571428574
ednet_kt1,12,1,0.028571428571428574
ednet_kt1,4,0,-0.07142857142857142
ednet_kt1,8,0,-0.03636363636363637
ednet_kt1,9,1,0.022727272727272724
ednet_kt1,8,1,0.018181818181818177
ednet_kt1,11,1,0.03296703296703297
ednet_kt1,10,1,0.019230769230769232
ednet_kt1,3,0,-0.06666666666666667
ednet_kt1,8,1,0.03636363636363637
ednet_kt1,11,1,0.02197802197802198
ednet_kt1,7,0,-0.05555555555555556
ednet_kt1,9,0,-0.05303030303030303
ednet_kt1,5,0,-0.08928571428571429
ednet_kt1,0,0,-0.16666666666666666
ednet_kt1,5,0,-0.07142857142857142
ednet_kt1,7,0,-0.06666666666666667
ednet_kt1,8,1,0.05454545454545454
ednet_kt1,6,1,0.027777777777777776
ednet_kt1,3,0,-0.09999999999999999
ednet_kt1,3,1,0.033333333333333326
ednet_kt1,12,1,0.04285714285714285
ednet_kt1,12,1,0.023809523809523805
ednet_kt1,3,1,0.033333333333333326
ednet_kt1,8,1,0.018181818181818177
ednet_kt1,6,0,-0.05555555555555555
ednet_kt1,3,1,0.09999999999999999
ednet_kt1,11,1,0.03846153846153846
ednet_kt1,11,1,0.02747252747252747
ednet_kt1,7,0,-0.03333333333333333
ednet_kt1,2,1,0.05
ednet_kt1,10,1,0.025641025641025644
ednet_kt1,12,0,-0.05238095238095238
ednet_kt1,6,0,-0.041666666666666664
ednet_kt1,8,1,0.03636363636363637
ednet_kt1,3,0,-0.09999999999999999
ednet_kt1,12,1,0.019047619047619046
ednet_kt1,11,0,-0.03296703296703297
ednet_kt1,7,1,0.07777777777777778
ednet_kt1,0,0,-0.16666666666666666
ednet_kt1,11,0,-0.04945054945054945
ednet_kt1,2,1,0.1
ednet_kt1,9,1,0.03787878787878788
ednet_kt1,12,0,-0.02857142857142857
ednet_kt1,4,1,0.09523809523809525
ednet_kt1,3,1,0.033333333333333326
ednet_kt1,1,1,0.08333333333333334
ednet_kt1,8,1,0.02727272727272728
ednet_kt1,4,1,0.07142857142857142
ednet_kt1,4,1,0.04761904761904762
ednet_kt1,4,0,-0.09523809523809523
ednet_kt1,2,0,-0.1
ednet_kt1,3,1,0.06666666666666667
ednet_kt1,10,1,0.019230769230769232
ednet_kt1,3,1,0.09999999999999999
ednet_kt1,10,0,-0.038461538461538464
ednet_kt1,9,1,0.015151515151515147
ednet_kt1,4,1,0.023809523809523805
ednet_kt1,12,1,0.009523809523809526
ednet_kt1,9,1,0.030303030303030304
ednet_kt1,1,1,0.08333333333333334
ednet_kt1,7,0,-0.05555555555555556
ednet_kt1,11,1,0.02747252747252747
ednet_kt1,7,1,0.05555555555555556
ednet_kt1,6,1,0.06944444444444445
ednet_kt1,6,1,0.06944444444444445
ednet_kt1,12,1,0.023809523809523805
ednet_kt1,3,0,-0.09999999999999999
ednet_kt1,1,1,0.16666666666666669
ednet_kt1,3,1,0.033333333333333326
ednet_kt1,4,1,0.023809523809523805
ednet_kt1,8,0,-0.05454545454545454
ednet_kt1,9,1,0.022727272727272724
ednet_kt1,8,1,0.018181818181818177
ednet_kt1,3,0,-0.09999999999999999
ednet_kt1,12,0,-0.019047619047619046
ednet_kt1,9,1,0.030303030303030304
ednet_kt1,5,0,-0.05357142857142857
ednet_kt1,9,1,0.022727272727272724
ednet_kt1,4,1,0.09523809523809525
ednet_kt1,8,1,0.045454545454545456
ednet_kt1,3,0,-0.13333333333333333
ednet_kt1,5,1,0.017857142857142863
ednet_kt1,12,1,0.023809523809523805
ednet_kt1,8,1,0.03636363636363637
ednet_kt1,8,0,-0.045454545454545456
ednet_kt1,12,1,0.019047619047619046
ednet_kt1,7,0,-0.05555555555555556
ednet_kt1,10,0,-0.04487179487179487
ednet_kt1,3,1,0.06666666666666667
ednet_kt1,11,1,0.03296703296703297
ednet_kt1,7,1,0.04444444444444444
ednet_kt1,4,0,-0.09523809523809523
ednet_kt1,4,1,0.09523809523809525
ednet_kt1,7,1,0.04444444444444444
ednet_kt1,5,1,0.07142857142857142
ednet_kt1,6,1,0.041666666666666664
ednet_kt1,0,1,0.16666666666666666
ednet_kt1,2,1,0.05
ednet_kt1,7,0,-0.03333333333333333
ednet_kt1,10,1,0.057692307692307696
ednet_kt1,11,1,0.03296703296703297
ednet_kt1,10,1,0.019230769230769232
ednet_kt1,12,1,0.023809523809523805
ednet_kt1,11,1,0.02747252747252747
ednet_kt1,2,0,-0.15
ednet_kt1,6,1,0.041666666666666664
ednet_kt1,11,0,-0.027472527472527476
ednet_kt1,11,1,0.02747252747252747
ednet_kt1,12,1,0.028571428571428574
ednet_kt1,7,1,0.06666666666666668
ednet_kt1,7,1,0.02222222222222222
ednet_kt1,10,1,0.012820512820512818
ednet_kt1,8,1,0.02727272727272728
ednet_kt1,11,0,-0.03296703296703297
ednet_kt1,12,1,0.019047619047619046
ednet_kt1,11,1,0.02197802197802198
ednet_kt1,8,1,0.045454545454545456
ednet_kt1,10,0,-0.04487179487179487
ednet_kt1,8,1,0.03636363636363637
ednet_kt1,7,1,0.03333333333333334
ednet_kt1,5,1,0.053571428571428575
ednet_kt1,6,1,0.09722222222222222
ednet_kt1,8,1,0.018181818181818177
ednet_kt1,11,1,0.03296703296703297
ednet_kt1,6,1,0.013888888888888888
ednet_kt1,11,1,0.03296703296703297
ednet_kt1,3,0,-0.03333333333333333
ednet_kt1,7,1,0.02222222222222222
ednet_kt1,10,1,0.019230769230769232
ednet_kt1,5,1,0.017857142857142863
ednet_kt1,5,1,0.053571428571428575
ednet_kt1,7,1,0.06666666666666668
ednet_kt1,6,1,0.05555555555555555
ednet_kt1,5,0,-0.03571428571428571
ednet_kt1,1,1,0.08333333333333334
ednet_kt1,12,0,-0.04761904761904762
ednet_kt1,10,0,-0.038461538461538464
ednet_kt1,12,1,0.023809523809523805
ednet_kt1,3,1,0.06666666666666667
ednet_kt1,5,1,0.07142857142857142
ednet_kt1,0,1,0.16666666666666666
ednet_kt1,7,1,0.03333333333333334
ednet_kt1,6,0,-0.05555555555555555
ednet_kt1,4,1,0.023809523809523805
ednet_kt1,11,0,-0.03846153846153846
ednet_kt1,11,1,0.02747252747252747
ednet_kt1,7,1,0.03333333333333334
ednet_kt1,7,1,0.03333333333333334
ednet_kt1,12,1,0.023809523809523805
ednet_kt1,10,0,-0.05128205128205128
ednet_kt1,6,1,0.027777777777777776
ednet_kt1,10,1,0.012820512820512818
ednet_kt1,1,1,0.16666666666666669
ednet_kt1,4,0,-0.047619047619047616
ednet_kt1,4,0,-0.11904761904761905
ednet_kt1,2,1,0.05
ednet_kt1,8,1,0.02727272727272728
ednet_kt1,2,1,0.1
ednet_kt1,11,0,-0.04945054945054945
ednet_kt1,5,0,-0.017857142857142856
ednet_kt1,0,0,-0.16666666666666666
ednet_kt1,10,1,0.06410256410256411
ednet_kt1,11,1,0.03296703296703297
ednet_kt1,0,0,-0.16666666666666666
ednet_kt1,10,1,0.012820512820512818
ednet_kt1,12,1,0.028571428571428574
ednet_kt1,7,0,-0.07777777777777778
ednet_kt1,11,1,0.04395604395604396
ednet_kt1,7,1,0.04444444444444444
ednet_kt1,8,0,-0.06363636363636363
ednet_kt1,12,1,0.019047619047619046
ednet_kt1,12,0,-0.05238095238095238
ednet_kt1,6,0,-0.05555555555555555
ednet_kt1,5,1,0.03571428571428571
ednet_kt1,5,0,-0.03571428571428571
ednet_kt1,12,1,0.019047619047619046
ednet_kt1,4,1,0.07142857142857142
ednet_kt1,0,0,-0.16666666666666666
ednet_kt1,12,0,-0.04761904761904762
ednet_kt1,7,1,0.05555555555555556
ednet_kt1,10,1,0.044871794871794865
ednet_kt1,4,1,0.04761904761904762
ednet_kt1,11,0,-0.04395604395604396
ednet_kt1,9,1,0.022727272727272724
ednet_kt1,4,1,0.04761904761904762
ednet_kt1,9,1,0.030303030303030304
ednet_kt1,10,1,0.044871794871794865
ednet_kt1,10,1,0.038461538461538464
ednet_kt1,11,1,0.01098901098901099
ednet_kt1,3,1,0.06666666666666667
ednet_kt1,4,0,-0.047619047619047616
ednet_kt1,5,0,-0.05357142857142857
ednet_kt1,3,1,0.06666666666666667
ednet_kt1,11,1,0.02747252747252747
ednet_kt1,0,1,0.16666666666666666
ednet_kt1,12,1,0.019047619047619046
ednet_kt1,12,1,0.028571428571428574
ednet_kt1,10,1,0.012820512820512818
ednet_kt1,10,0,-0.05128205128205128
ednet_kt1,10,1,0.019230769230769232
ednet_kt1,6,1,0.027777777777777776
ednet_kt1,6,1,0.041666666666666664
ednet_kt1,8,1,0.05454545454545454
ednet_kt1,3,1,0.13333333333333333
ednet_kt1,10,1,0.012820512820512818
ednet_kt1,3,1,0.13333333333333333
ednet_kt1,10,1,0.044871794871794865
ednet_kt1,9,1,0.05303030303030303
ednet_kt1,3,1,0.06666666666666667
ednet_kt1,12,0,-0.04761904761904762
ednet_kt1,9,1,0.04545454545454545
ednet_kt1,3,1,0.09999999999999999
ednet_kt1,8,1,0.045454545454545456
ednet_kt1,2,1,0.05
ednet_kt1,4,0,-0.047619047619047616
ednet_kt1,3,1,0.033333333333333326
ednet_kt1,8,0,-0.03636363636363637
ednet_kt1,2,1,0.05
ednet_kt1,10,1,0.025641025641025644
ednet_kt1,8,1,0.06363636363636363
ednet_kt1,10,0,-0.05128205128205128
ednet_kt1,11,1,0.02747252747252747
ednet_kt1,3,1,0.06666666666666667
ednet_kt1,12,1,0.023809523809523805
ednet_kt1,5,1,0.017857142857142863
ednet_kt1,10,1,0.03205128205128205
ednet_kt1,1,1,0.08333333333333334
ednet_kt1,4,1,0.07142857142857142
ednet_kt1,5,1,0.053571428571428575
ednet_kt1,1,1,0.16666666666666669
ednet_kt1,5,1,0.053571428571428575
ednet_kt1,9,1,0.03787878787878788
ednet_kt1,12,1,0.03333333333333333
ednet_kt1,12,0,-0.03809523809523809
ednet_kt1,4,0,-0.047619047619047616
ednet_kt1,8,0,-0.045454545454545456
ednet_kt1,12,0,-0.04285714285714286
ednet_kt1,12,1,0.014285714285714287
ednet_kt1,12,0,-0.03333333333333333
ednet_kt1,4,1,0.04761904761904762
ednet_kt1,9,0,-0.04545454545454545
ednet_kt1,7,1,0.06666666666666668
ednet_kt1,10,1,0.012820512820512818
ednet_kt1,6,1,0.05555555555555555
ednet_kt1,12,1,0.023809523809523805
ednet_kt1,12,0,-0.05238095238095238
ednet_kt1,0,0,-0.16666666666666666
ednet_kt1,7,1,0.04444444444444444
ednet_kt1,12,1,0.03333333333333333
ednet_kt1,5,1,0.07142857142857142
ednet_kt1,12,0,-0.04285714285714286
ednet_kt1,8,0,-0.05454545454545454
ednet_kt1,1,1,0.08333333333333334
ednet_kt1,12,1,0.03333333333333333
ednet_kt1,4,1,0.09523809523809525
ednet_kt1,6,0,-0.041666666666666664
ednet_kt1,10,1,0.012820512820512818
ednet_kt1,3,1,0.06666666666666667
ednet_kt1,6,0,-0.08333333333333333
ednet_kt1,7,1,0.04444444444444444
ednet_kt1,9,1,0.030303030303030304
ednet_kt1,4,0,-0.07142857142857142
ednet_kt1,7,1,0.06666666666666668
ednet_kt1,0,0,-0.16666666666666666
ednet_kt1,1,1,0.08333333333333334
ednet_kt1,12,1,0.023809523809523805
ednet_kt1,3,1,0.09999999999999999
ednet_kt1,1,1,0.16666666666666669
ednet_kt1,5,1,0.053571428571428575
ednet_kt1,7,0,-0.04444444444444444
ednet_kt1,6,1,0.013888888888888888
ednet_kt1,11,1,0.02747252747252747
ednet_kt1,4,1,0.04761904761904762
ednet_kt1,10,1,0.044871794871794865
ednet_kt1,10,0,-0.04487179487179487
ednet_kt1,6,1,0.041666666666666664
ednet_kt1,5,1,0.053571428571428575
ednet_kt1,7,1,0.02222222222222222
ednet_kt1,12,1,0.028571428571428574
ednet_kt1,8,1,0.05454545454545454
ednet_kt1,1,1,0.16666666666666669
ednet_kt1,12,1,0.009523809523809526
ednet_kt1,1,1,0.08333333333333334
ednet_kt1,6,1,0.041666666666666664
ednet_kt1,4,1,0.07142857142857142
ednet_kt1,3,1,0.09999999999999999
ednet_kt1,2,0,-0.05
ednet_kt1,8,1,0.018181818181818177
ednet_kt1,4,0,-0.07142857142857142
ednet_kt1,9,1,0.022727272727272724
ednet_kt1,8,1,0.045454545454545456
ednet_kt1,10,1,0.025641025641025644
ednet_kt1,9,1,0.007575757575757579
ednet_kt1,9,0,-0.06060606060606061
ednet_kt1,10,1,0.044871794871794865
ednet_kt1,7,1,0.03333333333333334
ednet_kt1,8,1,0.06363636363636363
ednet_kt1,8,1,0.02727272727272728
ednet_kt1,0,1,0.16666666666666666
ednet_kt1,10,1,0.03205128205128205
ednet_kt1,10,0,-0.05128205128205128
ednet_kt1,6,1,0.06944444444444445
ednet_kt1,12,1,0.019047619047619046
ednet_kt1,3,0,-0.09999999999999999
ednet_kt1,12,1,0.028571428571428574
ednet_kt1,12,1,0.023809523809523805
ednet_kt1,5,0,-0.07142857142857142
ednet_kt1,12,1,0.009523809523809526
ednet_kt1,4,1,0.023809523809523805
ednet_kt1,12,0,-0.03809523809523809
ednet_kt1,8,1,0.03636363636363637
ednet_kt1,6,1,0.041666666666666664
ednet_kt1,9,0,-0.04545454545454545
ednet_kt1,8,1,0.06363636363636363
ednet_kt1,2,0,-0.05
ednet_kt1,6,1,0.013888888888888888
ednet_kt1,6,1,0.041666666666666664
ednet_kt1,7,1,0.03333333333333334
ednet_kt1,0,1,0.16666666666666666
ednet_kt1,8,0,-0.045454545454545456
ednet_kt1,6,1,0.027777777777777776
ednet_kt1,7,1,0.06666666666666668
ednet_kt1,5,0,-0.05357142857142857
ednet_kt1,3,0,-0.06666666666666667
ednet_kt1,4,1,0.023809523809523805
ednet_kt1,3,1,0.033333333333333326
ednet_kt1,9,1,0.022727272727272724
ednet_kt1,4,0,-0.09523809523809523
ednet_kt1,9,1,0.05303030303030303
ednet_kt1,2,0,-0.1
ednet_kt1,12,0,-0.04285714285714286
ednet_kt1,7,1,0.03333333333333334
ednet_kt1,4,0,-0.047619047619047616
ednet_kt1,3,1,0.06666666666666667
ednet_kt1,12,0,-0.05714285714285714
ednet_kt1,3,1,0.06666666666666667
ednet_kt1,11,1,0.01098901098901099
ednet_kt1,4,0,-0.07142857142857142
ednet_kt1,7,1,0.03333333333333334
ednet_kt1,6,1,0.027777777777777776
ednet_kt1,1,1,0.08333333333333334
ednet_kt1,10,1,0.044871794871794865
ednet_kt1,5,1,0.017857142857142863
ednet_kt1,3,1,0.033333333333333326
ednet_kt1,11,1,0.02747252747252747
ednet_kt1,8,1,0.02727272727272728
ednet_kt1,1,1,0.08333333333333334
ednet_kt1,11,1,0.005494505494505491
ednet_kt1,12,0,-0.04285714285714286
ednet_kt1,12,1,0.03333333333333333
ednet_kt1,2,1,0.05
ednet_kt1,12,1,0.03809523809523809
ednet_kt1,12,0,-0.05714285714285714
ednet_kt1,4,0,-0.07142857142857142
ednet_kt1,4,1,0.09523809523809525
ednet_kt1,6,1,0.013888888888888888
ednet_kt1,3,1,0.033333333333333326
ednet_kt1,11,0,-0.04395604395604396
ednet_kt1,9,1,0.05303030303030303
ednet_kt1,3,0,-0.09999999999999999
ednet_kt1,9,0,-0.04545454545454545
ednet_kt1,10,1,0.019230769230769232
ednet_kt1,6,1,0.013888888888888888
ednet_kt1,2,1,0.05
ednet_kt1,11,1,0.03846153846153846
ednet_kt1,11,0,-0.05494505494505495
ednet_kt1,11,0,-0.04945054945054945
ednet_kt1,3,1,0.033333333333333326
ednet_kt1,9,0,-0.030303030303030304
ednet_kt1,12,1,0.03333333333333333
ednet_kt1,11,1,0.01648351648351648
ednet_kt1,3,0,-0.06666666666666667
ednet_kt1,6,1,0.027777777777777776
ednet_kt1,3,1,0.033333333333333326
ednet_kt1,2,0,-0.1
ednet_kt1,4,0,-0.09523809523809523
ednet_kt1,8,0,-0.06363636363636363
ednet_kt1,5,1,0.08928571428571429
ednet_kt1,6,1,0.05555555555555555
ednet_kt1,5,0,-0.07142857142857142
ednet_kt1,10,0,-0.057692307692307696
ednet_kt1,10,1,0.025641025641025644
ednet_kt1,10,1,0.025641025641025644
ednet_kt1,4,1,0.07142857142857142
ednet_kt1,9,1,0.007575757575757579
ednet_kt1,7,1,0.04444444444444444
ednet_kt1,11,0,-0.04945054945054945
ednet_kt1,5,1,0.053571428571428575
ednet_kt1,3,0,-0.09999999999999999
ednet_kt1,7,1,0.05555555555555556
ednet_kt1,7,0,-0.05555555555555556
ednet_kt1,0,0,-0.16666666666666666
ednet_kt1,7,1,0.02222222222222222
ednet_kt1,7,0,-0.03333333333333333
ednet_kt1,5,1,0.03571428571428571
ednet_kt1,7,0,-0.05555555555555556
ednet_kt1,4,1,0.07142857142857142
ednet_kt1,11,1,0.03846153846153846
ednet_kt1,11,1,0.01098901098901099
ednet_kt1,6,0,-0.06944444444444445
ednet_kt1,5,1,0.017857142857142863
ednet_kt1,5,0,-0.07142857142857142
ednet_kt1,7,1,0.011111111111111117
ednet_kt1,6,0,-0.05555555555555555
ednet_kt1,7,1,0.03333333333333334
ednet_kt1,11,0,-0.04395604395604396
ednet_kt1,8,1,0.045454545454545456
ednet_kt1,12,0,-0.03809523809523809
ednet_kt1,3,1,0.06666666666666667
ednet_kt1,4,0,-0.047619047619047616
ednet_kt1,0,0,-0.16666666666666666
ednet_kt1,12,1,0.023809523809523805
ednet_kt1,9,0,-0.030303030303030304
ednet_kt1,5,0,-0.08928571428571429
ednet_kt1,6,1,0.027777777777777776
ednet_kt1,12,1,0.04761904761904762
ednet_kt1,5,1,0.08928571428571429
ednet_kt1,3,1,0.09999999999999999
ednet_kt1,11,1,0.03296703296703297
ednet_kt1,7,0,-0.05555555555555556
ednet_kt1,12,0,-0.04285714285714286
ednet_kt1,4,1,0.09523809523809525
ednet_kt1,3,1,0.09999999999999999
ednet_kt1,9,1,0.015151515151515147
ednet_kt1,10,1,0.025641025641025644
ednet_kt1,4,0,-0.09523809523809523
ednet_kt1,7,1,0.04444444444444444
ednet_kt1,2,1,0.1
ednet_kt1,7,0,-0.06666666666666667
ednet_kt1,12,0,-0.03809523809523809
ednet_kt1,12,1,0.023809523809523805
ednet_kt1,10,0,-0.057692307692307696
ednet_kt1,11,0,-0.03846153846153846
ednet_kt1,11,1,0.04395604395604396
ednet_kt1,9,1,0.03787878787878788
ednet_kt1,10,0,-0.057692307692307696
ednet_kt1,0,1,0.16666666666666666
ednet_kt1,3,1,0.13333333333333333
ednet_kt1,6,0,-0.06944444444444445
ednet_kt1,8,1,0.018181818181818177
ednet_kt1,11,1,0.04945054945054945
ednet_kt1,0,1,0.16666666666666666
ednet_kt1,9,1,0.06060606060606061
ednet_kt1,10,1,0.05128205128205129
ednet_kt1,10,1,0.0064102564102564135
ednet_kt1,0,0,-0.16666666666666666
ednet_kt1,1,1,0.08333333333333334
ednet_kt1,0,1,0.16666666666666666
ednet_kt1,8,0,-0.05454545454545454
ednet_kt1,8,0,-0.02727272727272727
ednet_kt1,10,0,-0.06410256410256411
ednet_kt1,12,1,0.03809523809523809
ednet_kt1,0,1,0.16666666666666666
ednet_kt1,2,1,0.05
ednet_kt1,8,1,0.02727272727272728
ednet_kt1,12,0,-0.05238095238095238
ednet_kt1,1,0,-0.16666666666666666
ednet_kt1,4,1,0.04761904761904762
ednet_kt1,7,1,0.03333333333333334
ednet_kt1,5,0,-0.07142857142857142
ednet_kt1,10,0,-0.04487179487179487
ednet_kt1,1,0,-0.08333333333333333
ednet_kt1,7,1,0.04444444444444444
ednet_kt1,6,1,0.041666666666666664
ednet_kt1,8,1,0.045454545454545456
ednet_kt1,3,0,-0.06666666666666667
ednet_kt1,0,1,0.16666666666666666
ednet_kt1,12,1,0.03333333333333333
ednet_kt1,3,1,0.033333333333333326
ednet_kt1,0,0,-0.16666666666666666
ednet_kt1,11,1,0.01098901098901099
ednet_kt1,0,1,0.16666666666666666
ednet_kt1,8,1,0.009090909090909089
ednet_kt1,9,1,0.03787878787878788
ednet_kt1,6,0,-0.027777777777777776
ednet_kt1,3,0,-0.06666666666666667
ednet_kt1,6,0,-0.06944444444444445
ednet_kt1,4,1,0.04761904761904762
ednet_kt1,12,1,0.028571428571428574
ednet_kt1,0,0,-0.16666666666666666
ednet_kt1,7,1,0.03333333333333334
ednet_kt1,0,0,-0.16666666666666666
ednet_kt1,11,1,0.02747252747252747
ednet_kt1,12,1,0.03809523809523809
ednet_kt1,11,1,0.03296703296703297
ednet_kt1,11,1,0.02197802197802198
ednet_kt1,10,0,-0.02564102564102564
ednet_kt1,9,0,-0.04545454545454545
ednet_kt1,5,1,0.03571428571428571
ednet_kt1,10,1,0.038461538461538464
ednet_kt1,10,1,0.03205128205128205
ednet_kt1,5,0,-0.05357142857142857
ednet_kt1,8,1,0.06363636363636363
ednet_kt1,0,0,-0.16666666666666666
ednet_kt1,12,1,0.028571428571428574
ednet_kt1,12,1,0.023809523809523805
ednet_kt1,8,1,0.02727272727272728
ednet_kt1,5,1,0.08928571428571429
ednet_kt1,4,1,0.09523809523809525
ednet_kt1,6,1,0.041666666666666664
ednet_kt1,10,1,0.038461538461538464
ednet_kt1,11,1,0.01648351648351648
ednet_kt1,8,1,0.03636363636363637
ednet_kt1,4,1,0.07142857142857142
ednet_kt1,7,1,0.07777777777777778
ednet_kt1,12,1,0.028571428571428574
ednet_kt1,2,0,-0.1
ednet_kt1,4,0,-0.047619047619047616
ednet_kt1,2,0,-0.1
ednet_kt1,0,0,-0.16666666666666666
ednet_kt1,4,1,0.09523809523809525
ednet_kt1,6,1,0.041666666666666664
ednet_kt1,3,1,0.06666666666666667
ednet_kt1,2,1,0.1
ednet_kt1,9,1,0.04545454545454545
ednet_kt1,7,1,0.04444444444444444
ednet_kt1,5,0,-0.07142857142857142
ednet_kt1,8,0,-0.05454545454545454
ednet_kt1,12,0,-0.02857142857142857
ednet_kt1,11,1,0.02197802197802198
moocradar,5,0,-0.10714285714285714
moocradar,1,0,-0.16666666666666666
moocradar,1,1,0.08333333333333334
moocradar,3,0,-0.13333333333333333
moocradar,1,1,0.08333333333333334
moocradar,1,1,0.08333333333333334
moocradar,0,1,0.16666666666666666
moocradar,0,1,0.16666666666666666
moocradar,0,1,0.16666666666666666
moocradar,0,1,0.16666666666666666
moocradar,1,1,0.08333333333333334
moocradar,8,1,0.018181818181818177
moocradar,0,1,0.16666666666666666
moocradar,6,0,-0.08333333333333333
moocradar,1,1,0.16666666666666669
moocradar,0,1,0.16666666666666666
moocradar,3,1,0.09999999999999999
moocradar,8,1,0.009090909090909089
moocradar,0,1,0.16666666666666666
moocradar,0,1,0.16666666666666666
moocradar,5,1,0.017857142857142863
moocradar,1,1,0.08333333333333334
moocradar,8,1,0.009090909090909089
moocradar,0,1,0.16666666666666666
moocradar,0,1,0.16666666666666666
moocradar,0,1,0.16666666666666666
moocradar,0,1,0.16666666666666666
moocradar,0,1,0.16666666666666666
moocradar,0,1,0.16666666666666666
moocradar,4,1,0.023809523809523805
moocradar,1,1,0.08333333333333334
moocradar,1,1,0.08333333333333334
moocradar,0,1,0.16666666666666666
moocradar,8,1,0.009090909090909089
moocradar,0,0,-0.16666666666666666
moocradar,1,1,0.08333333333333334
moocradar,7,1,0.04444444444444444
moocradar,0,0,-0.16666666666666666
moocradar,0,1,0.16666666666666666
moocradar,0,1,0.16666666666666666
moocradar,0,1,0.16666666666666666
moocradar,1,1,0.08333333333333334
moocradar,0,1,0.16666666666666666
moocradar,1,1,0.08333333333333334
moocradar,3,1,0.033333333333333326
moocradar,1,1,0.08333333333333334
moocradar,0,1,0.16666666666666666
moocradar,8,1,0.02727272727272728
moocradar,5,1,0.053571428571428575
moocradar,1,1,0.08333333333333334
moocradar,1,1,0.08333333333333334
moocradar,0,1,0.16666666666666666
moocradar,7,1,0.011111111111111117
moocradar,11,0,-0.04945054945054945
moocradar,1,0,-0.16666666666666666
moocradar,0,0,-0.16666666666666666
moocradar,0,1,0.16666666666666666
moocradar,8,1,0.009090909090909089
moocradar,2,1,0.05
moocradar,2,1,0.05
moocradar,1,1,0.16666666666666669
moocradar,7,1,0.011111111111111117
moocradar,8,1,0.018181818181818177
moocradar,8,0,-0.06363636363636363
moocradar,0,1,0.16666666666666666
moocradar,1,1,0.08333333333333334
moocradar,0,1,0.16666666666666666
moocradar,6,0,-0.08333333333333333
moocradar,0,1,0.16666666666666666
moocradar,7,1,0.011111111111111117
moocradar,11,1,0.02197802197802198
moocradar,3,0,-0.06666666666666667
moocradar,0,1,0.16666666666666666
moocradar,3,1,0.033333333333333326
moocradar,1,1,0.08333333333333334
moocradar,6,1,0.013888888888888888
moocradar,2,1,0.05
moocradar,0,1,0.16666666666666666
moocradar,12,1,0.019047619047619046
moocradar,3,1,0.033333333333333326
moocradar,0,0,-0.16666666666666666
moocradar,1,1,0.08333333333333334
moocradar,0,1,0.16666666666666666
moocradar,5,1,0.053571428571428575
moocradar,0,1,0.16666666666666666
moocradar,6,0,-0.09722222222222222
moocradar,3,0,-0.09999999999999999
moocradar,0,1,0.16666666666666666
moocradar,0,1,0.16666666666666666
moocradar,0,1,0.16666666666666666
moocradar,2,1,0.1
moocradar,7,1,0.02222222222222222
moocradar,11,0,-0.06043956043956044
moocradar,9,1,0.007575757575757579
moocradar,4,1,0.023809523809523805
moocradar,3,1,0.06666666666666667
moocradar,3,1,0.033333333333333326
moocradar,0,1,0.16666666666666666
moocradar,9,0,-0.07575757575757576
moocradar,0,1,0.16666666666666666
moocradar,0,1,0.16666666666666666
moocradar,11,1,0.01648351648351648
moocradar,0,1,0.16666666666666666
moocradar,2,1,0.05
moocradar,8,1,0.02727272727272728
moocradar,0,0,-0.16666666666666666
moocradar,0,1,0.16666666666666666
moocradar,1,1,0.08333333333333334
moocradar,3,1,0.033333333333333326
moocradar,2,1,0.05
moocradar,0,1,0.16666666666666666
moocradar,1,1,0.08333333333333334
moocradar,0,1,0.16666666666666666
moocradar,3,1,0.033333333333333326
moocradar,2,1,0.05
moocradar,2,1,0.05
moocradar,0,1,0.16666666666666666
moocradar,1,1,0.08333333333333334
moocradar,2,1,0.05
moocradar,2,1,0.05
moocradar,5,0,-0.05357142857142857
moocradar,1,1,0.08333333333333334
moocradar,1,1,0.08333333333333334
moocradar,0,1,0.16666666666666666
moocradar,3,1,0.06666666666666667
moocradar,7,1,0.03333333333333334
moocradar,3,1,0.033333333333333326
moocradar,1,1,0.08333333333333334
moocradar,0,0,-0.16666666666666666
moocradar,2,1,0.05
moocradar,2,1,0.05
moocradar,5,1,0.07142857142857142
moocradar,0,1,0.16666666666666666
moocradar,10,1,0.0064102564102564135
moocradar,0,1,0.16666666666666666
moocradar,0,1,0.16666666666666666
moocradar,0,1,0.16666666666666666
moocradar,0,1,0.16666666666666666
moocradar,0,1,0.16666666666666666
moocradar,4,1,0.023809523809523805
moocradar,8,1,0.009090909090909089
moocradar,2,1,0.05
moocradar,1,1,0.08333333333333334
moocradar,1,1,0.08333333333333334
moocradar,2,1,0.1
moocradar,4,1,0.07142857142857142
moocradar,0,1,0.16666666666666666
moocradar,2,1,0.05
moocradar,12,1,0.019047619047619046
moocradar,0,1,0.16666666666666666
moocradar,2,1,0.05
moocradar,9,1,0.007575757575757579
moocradar,1,1,0.08333333333333334
moocradar,6,1,0.013888888888888888
moocradar,8,0,-0.03636363636363637
moocradar,0,1,0.16666666666666666
moocradar,2,1,0.05
moocradar,1,1,0.08333333333333334
moocradar,2,1,0.05
moocradar,0,1,0.16666666666666666
moocradar,4,1,0.023809523809523805
moocradar,10,0,-0.032051282051282055
moocradar,0,1,0.16666666666666666
moocradar,2,1,0.05
moocradar,7,1,0.011111111111111117
moocradar,1,1,0.08333333333333334
moocradar,2,1,0.05
moocradar,1,1,0.08333333333333334
moocradar,9,1,0.007575757575757579
moocradar,5,1,0.017857142857142863
moocradar,0,1,0.16666666666666666
moocradar,0,1,0.16666666666666666
moocradar,8,1,0.009090909090909089
moocradar,3,1,0.033333333333333326
moocradar,1,1,0.16666666666666669
moocradar,1,1,0.08333333333333334
moocradar,0,1,0.16666666666666666
moocradar,0,1,0.16666666666666666
moocradar,8,1,0.009090909090909089
moocradar,9,1,0.007575757575757579
moocradar,0,1,0.16666666666666666
moocradar,0,1,0.16666666666666666
moocradar,2,0,-0.1
moocradar,0,1,0.16666666666666666
moocradar,1,1,0.08333333333333334
moocradar,0,0,-0.16666666666666666
moocradar,6,1,0.013888888888888888
moocradar,0,1,0.16666666666666666
moocradar,1,1,0.16666666666666669
moocradar,10,1,0.0064102564102564135
moocradar,2,0,-0.1
moocradar,0,1,0.16666666666666666
moocradar,4,1,0.023809523809523805
moocradar,0,1,0.16666666666666666
moocradar,0,1,0.16666666666666666
moocradar,0,1,0.16666666666666666
moocradar,0,1,0.16666666666666666
moocradar,3,1,0.033333333333333326
moocradar,5,1,0.017857142857142863
moocradar,1,1,0.08333333333333334
moocradar,4,1,0.023809523809523805
moocradar,0,1,0.16666666666666666
moocradar,0,1,0.16666666666666666
moocradar,2,1,0.1
moocradar,1,0,-0.16666666666666666
moocradar,3,1,0.06666666666666667
moocradar,1,1,0.08333333333333334
moocradar,5,0,-0.03571428571428571
moocradar,1,1,0.08333333333333334
moocradar,0,1,0.16666666666666666
moocradar,2,1,0.1
moocradar,0,1,0.16666666666666666
moocradar,2,1,0.05
moocradar,0,0,-0.16666666666666666
moocradar,0,1,0.16666666666666666
moocradar,0,1,0.16666666666666666
moocradar,1,1,0.08333333333333334
moocradar,0,1,0.16666666666666666
moocradar,0,1,0.16666666666666666
moocradar,1,1,0.08333333333333334
moocradar,9,1,0.015151515151515147
moocradar,0,1,0.16666666666666666
moocradar,0,1,0.16666666666666666
moocradar,3,1,0.033333333333333326
moocradar,0,1,0.16666666666666666
moocradar,0,0,-0.16666666666666666
moocradar,9,1,0.03787878787878788
moocradar,4,1,0.023809523809523805
moocradar,0,1,0.16666666666666666
moocradar,1,0,-0.16666666666666666
moocradar,0,1,0.16666666666666666
moocradar,9,1,0.015151515151515147
moocradar,7,1,0.011111111111111117
moocradar,0,0,-0.16666666666666666
moocradar,0,1,0.16666666666666666
moocradar,0,1,0.16666666666666666
moocradar,3,1,0.06666666666666667
moocradar,0,1,0.16666666666666666
moocradar,4,1,0.023809523809523805
moocradar,4,1,0.04761904761904762
moocradar,0,1,0.16666666666666666
moocradar,0,1,0.16666666666666666
moocradar,0,1,0.16666666666666666
moocradar,1,1,0.08333333333333334
moocradar,5,1,0.053571428571428575
moocradar,2,1,0.05
moocradar,0,1,0.16666666666666666
moocradar,0,1,0.16666666666666666
moocradar,1,1,0.08333333333333334
moocradar,0,1,0.16666666666666666
moocradar,5,1,0.053571428571428575
moocradar,1,1,0.08333333333333334
moocradar,0,1,0.16666666666666666
moocradar,6,1,0.027777777777777776
moocradar,2,1,0.05
moocradar,3,1,0.033333333333333326
moocradar,0,1,0.16666666666666666
moocradar,0,1,0.16666666666666666
moocradar,0,1,0.16666666666666666
moocradar,0,1,0.16666666666666666
moocradar,0,1,0.16666666666666666
moocradar,11,1,0.01648351648351648
moocradar,0,1,0.16666666666666666
moocradar,0,1,0.16666666666666666
moocradar,9,0,-0.03787878787878788
moocradar,0,1,0.16666666666666666
moocradar,0,1,0.16666666666666666
moocradar,0,1,0.16666666666666666
moocradar,2,1,0.05
moocradar,0,1,0.16666666666666666
moocradar,1,1,0.08333333333333334
moocradar,4,1,0.023809523809523805
moocradar,1,1,0.08333333333333334
moocradar,1,1,0.08333333333333334
moocradar,3,1,0.033333333333333326
moocradar,0,1,0.16666666666666666
moocradar,2,1,0.05
moocradar,5,1,0.017857142857142863
moocradar,2,1,0.05
moocradar,0,1,0.16666666666666666
moocradar,6,1,0.041666666666666664
moocradar,2,1,0.05
moocradar,0,1,0.16666666666666666
moocradar,2,1,0.05
moocradar,0,1,0.16666666666666666
moocradar,0,1,0.16666666666666666
moocradar,6,1,0.027777777777777776
moocradar,0,1,0.16666666666666666
moocradar,0,1,0.16666666666666666
moocradar,4,1,0.023809523809523805
moocradar,1,1,0.08333333333333334
moocradar,2,1,0.05
moocradar,0,1,0.16666666666666666
moocradar,9,1,0.03787878787878788
moocradar,0,1,0.16666666666666666
moocradar,1,1,0.08333333333333334
moocradar,1,0,-0.16666666666666666
moocradar,1,1,0.08333333333333334
moocradar,0,1,0.16666666666666666
moocradar,2,1,0.05
moocradar,0,0,-0.16666666666666666
moocradar,3,1,0.033333333333333326
moocradar,0,1,0.16666666666666666
moocradar,7,1,0.011111111111111117
moocradar,1,1,0.08333333333333334
moocradar,0,1,0.16666666666666666
moocradar,7,1,0.011111111111111117
moocradar,0,1,0.16666666666666666
moocradar,2,1,0.05
moocradar,0,1,0.16666666666666666
moocradar,5,1,0.017857142857142863
moocradar,0,1,0.16666666666666666
moocradar,9,1,0.007575757575757579
moocradar,0,1,0.16666666666666666
moocradar,2,1,0.05
moocradar,1,1,0.08333333333333334
moocradar,2,1,0.05
moocradar,0,1,0.16666666666666666
moocradar,4,0,-0.09523809523809523
moocradar,4,1,0.04761904761904762
moocradar,3,1,0.033333333333333326
moocradar,0,1,0.16666666666666666
moocradar,1,1,0.08333333333333334
moocradar,1,1,0.08333333333333334
moocradar,1,1,0.08333333333333334
moocradar,8,1,0.018181818181818177
moocradar,1,1,0.08333333333333334
moocradar,0,0,-0.16666666666666666
moocradar,0,1,0.16666666666666666
moocradar,9,1,0.022727272727272724
moocradar,1,1,0.08333333333333334
moocradar,0,1,0.16666666666666666
moocradar,0,1,0.16666666666666666
moocradar,2,1,0.05
moocradar,0,1,0.16666666666666666
moocradar,2,1,0.05
moocradar,0,1,0.16666666666666666
moocradar,0,1,0.16666666666666666
moocradar,9,1,0.007575757575757579
moocradar,3,1,0.033333333333333326
moocradar,1,1,0.08333333333333334
moocradar,0,1,0.16666666666666666
moocradar,0,1,0.16666666666666666
moocradar,1,1,0.08333333333333334
moocradar,7,1,0.011111111111111117
moocradar,11,0,-0.04395604395604396
moocradar,1,0,-0.08333333333333333
moocradar,0,1,0.16666666666666666
moocradar,8,1,0.009090909090909089
moocradar,0,1,0.16666666666666666
moocradar,1,1,0.08333333333333334
moocradar,0,1,0.16666666666666666
moocradar,2,1,0.05
moocradar,0,1,0.16666666666666666
moocradar,0,1,0.16666666666666666
moocradar,7,1,0.04444444444444444
moocradar,0,1,0.16666666666666666
moocradar,0,1,0.16666666666666666
moocradar,6,1,0.013888888888888888
moocradar,0,1,0.16666666666666666
moocradar,9,1,0.007575757575757579
moocradar,2,1,0.05
moocradar,1,0,-0.16666666666666666
moocradar,2,1,0.05
moocradar,0,0,-0.16666666666666666
moocradar,1,0,-0.08333333333333333
moocradar,5,1,0.03571428571428571
moocradar,0,1,0.16666666666666666
moocradar,2,1,0.05
moocradar,0,1,0.16666666666666666
moocradar,11,1,0.01648351648351648
moocradar,0,1,0.16666666666666666
moocradar,0,1,0.16666666666666666
moocradar,8,1,0.009090909090909089
moocradar,0,0,-0.16666666666666666
moocradar,2,0,-0.15
moocradar,0,1,0.16666666666666666
moocradar,0,1,0.16666666666666666
moocradar,4,1,0.023809523809523805
moocradar,0,1,0.16666666666666666
moocradar,2,1,0.1
moocradar,3,1,0.033333333333333326
moocradar,2,1,0.05
moocradar,0,1,0.16666666666666666
moocradar,1,0,-0.16666666666666666
moocradar,0,1,0.16666666666666666
moocradar,7,1,0.011111111111111117
moocradar,7,1,0.011111111111111117
moocradar,5,0,-0.07142857142857142
moocradar,0,1,0.16666666666666666
moocradar,3,1,0.06666666666666667
moocradar,0,1,0.16666666666666666
moocradar,0,1,0.16666666666666666
moocradar,0,0,-0.16666666666666666
moocradar,1,1,0.08333333333333334
moocradar,0,1,0.16666666666666666
moocradar,1,1,0.08333333333333334
moocradar,2,1,0.05
moocradar,2,0,-0.1
moocradar,1,1,0.08333333333333334
moocradar,1,1,0.08333333333333334
moocradar,0,1,0.16666666666666666
moocradar,0,1,0.16666666666666666
moocradar,3,1,0.033333333333333326
moocradar,0,1,0.16666666666666666
moocradar,0,1,0.16666666666666666
moocradar,0,1,0.16666666666666666
moocradar,7,1,0.02222222222222222
moocradar,0,1,0.16666666666666666
moocradar,0,1,0.16666666666666666
moocradar,3,1,0.033333333333333326
moocradar,1,1,0.08333333333333334
moocradar,0,1,0.16666666666666666
moocradar,7,1,0.011111111111111117
moocradar,0,1,0.16666666666666666
moocradar,0,1,0.16666666666666666
moocradar,0,1,0.16666666666666666
moocradar,3,1,0.033333333333333326
moocradar,2,1,0.15
moocradar,1,1,0.08333333333333334
moocradar,5,1,0.07142857142857142
moocradar,0,1,0.16666666666666666
moocradar,0,1,0.16666666666666666
moocradar,2,1,0.05
moocradar,1,1,0.08333333333333334
moocradar,0,1,0.16666666666666666
moocradar,0,1,0.16666666666666666
moocradar,3,1,0.033333333333333326
moocradar,2,1,0.05
moocradar,8,1,0.009090909090909089
moocradar,0,1,0.16666666666666666
moocradar,1,1,0.08333333333333334
moocradar,3,1,0.033333333333333326
moocradar,2,0,-0.15
moocradar,2,1,0.1
moocradar,1,1,0.08333333333333334
moocradar,3,1,0.033333333333333326
moocradar,0,1,0.16666666666666666
moocradar,0,1,0.16666666666666666
moocradar,9,1,0.030303030303030304
moocradar,1,1,0.08333333333333334
moocradar,6,1,0.05555555555555555
moocradar,2,1,0.05
moocradar,2,1,0.05
moocradar,4,1,0.023809523809523805
moocradar,2,1,0.05
moocradar,1,1,0.08333333333333334
moocradar,1,0,-0.08333333333333333
moocradar,2,1,0.05
moocradar,0,1,0.16666666666666666
moocradar,0,1,0.16666666666666666
moocradar,9,0,-0.022727272727272724
moocradar,1,1,0.08333333333333334
moocradar,9,1,0.03787878787878788
moocradar,0,1,0.16666666666666666
moocradar,1,0,-0.16666666666666666
moocradar,1,0,-0.16666666666666666
moocradar,0,1,0.16666666666666666
moocradar,3,1,0.033333333333333326
moocradar,2,1,0.05
moocradar,7,1,0.011111111111111117
moocradar,8,1,0.018181818181818177
moocradar,0,1,0.16666666666666666
moocradar,1,1,0.08333333333333334
moocradar,3,1,0.06666666666666667
moocradar,0,1,0.16666666666666666
moocradar,0,0,-0.16666666666666666
moocradar,3,0,-0.13333333333333333
moocradar,11,0,-0.05494505494505495
moocradar,1,1,0.08333333333333334
moocradar,0,1,0.16666666666666666
moocradar,1,1,0.08333333333333334
moocradar,4,0,-0.09523809523809523
moocradar,12,1,0.03333333333333333
moocradar,2,1,0.05
moocradar,0,1,0.16666666666666666
moocradar,0,1,0.16666666666666666
moocradar,0,1,0.16666666666666666
moocradar,0,1,0.16666666666666666
moocradar,5,1,0.017857142857142863
moocradar,1,1,0.08333333333333334
moocradar,0,0,-0.16666666666666666
moocradar,0,1,0.16666666666666666
moocradar,9,1,0.015151515151515147
moocradar,1,1,0.08333333333333334
moocradar,0,1,0.16666666666666666
moocradar,5,1,0.053571428571428575
moocradar,0,0,-0.16666666666666666
moocradar,0,1,0.16666666666666666
moocradar,0,1,0.16666666666666666
moocradar,1,0,-0.16666666666666666
moocradar,1,1,0.08333333333333334
moocradar,0,1,0.16666666666666666
moocradar,1,1,0.16666666666666669
moocradar,7,1,0.011111111111111117
moocradar,4,1,0.023809523809523805
moocradar,8,1,0.009090909090909089
moocradar,0,1,0.16666666666666666
moocradar,0,1,0.16666666666666666
moocradar,1,1,0.08333333333333334
moocradar,0,1,0.16666666666666666
moocradar,0,1,0.16666666666666666
moocradar,5,1,0.017857142857142863
moocradar,0,0,-0.16666666666666666
moocradar,3,1,0.033333333333333326
moocradar,9,1,0.007575757575757579
moocradar,3,1,0.033333333333333326
moocradar,4,0,-0.047619047619047616
moocradar,8,1,0.009090909090909089
moocradar,1,1,0.08333333333333334
moocradar,0,1,0.16666666666666666
moocradar,11,1,0.005494505494505491
moocradar,0,1,0.16666666666666666
moocradar,0,1,0.16666666666666666
moocradar,1,1,0.16666666666666669
moocradar,0,1,0.16666666666666666
moocradar,1,1,0.08333333333333334
moocradar,9,1,0.007575757575757579
moocradar,0,0,-0.16666666666666666
moocradar,7,0,-0.05555555555555556
moocradar,2,1,0.1
moocradar,4,0,-0.11904761904761905
moocradar,2,1,0.05
moocradar,4,1,0.07142857142857142
moocradar,2,1,0.05
moocradar,3,1,0.06666666666666667
moocradar,0,1,0.16666666666666666
moocradar,0,1,0.16666666666666666
moocradar,0,1,0.16666666666666666
moocradar,9,1,0.007575757575757579
moocradar,9,0,-0.03787878787878788
moocradar,2,0,-0.15
moocradar,1,1,0.08333333333333334
moocradar,0,1,0.16666666666666666
moocradar,0,0,-0.16666666666666666
moocradar,4,1,0.023809523809523805
moocradar,8,1,0.009090909090909089
moocradar,6,1,0.027777777777777776
moocradar,0,1,0.16666666666666666
moocradar,0,0,-0.16666666666666666
moocradar,3,1,0.033333333333333326
moocradar,0,1,0.16666666666666666
moocradar,5,1,0.07142857142857142
moocradar,6,0,-0.05555555555555555
moocradar,0,1,0.16666666666666666
moocradar,6,1,0.05555555555555555
moocradar,1,1,0.16666666666666669
moocradar,0,1,0.16666666666666666
moocradar,0,1,0.16666666666666666
moocradar,1,1,0.08333333333333334
moocradar,3,1,0.033333333333333326
moocradar,8,1,0.009090909090909089
moocradar,0,1,0.16666666666666666
moocradar,1,1,0.08333333333333334
moocradar,8,1,0.018181818181818177
moocradar,1,1,0.08333333333333334
moocradar,9,1,0.007575757575757579
moocradar,1,1,0.08333333333333334
moocradar,2,0,-0.1
moocradar,0,0,-0.16666666666666666
moocradar,2,1,0.05
moocradar,2,1,0.05
moocradar,2,1,0.05
moocradar,1,1,0.08333333333333334
moocradar,0,1,0.16666666666666666
moocradar,1,1,0.08333333333333334
moocradar,0,1,0.16666666666666666
moocradar,8,1,0.009090909090909089
moocradar,0,1,0.16666666666666666
moocradar,1,1,0.08333333333333334
moocradar,0,1,0.16666666666666666
moocradar,2,1,0.1
moocradar,8,1,0.02727272727272728
moocradar,0,1,0.16666666666666666
moocradar,0,1,0.16666666666666666
moocradar,0,1,0.16666666666666666
moocradar,9,1,0.05303030303030303
moocradar,8,1,0.009090909090909089
moocradar,1,1,0.08333333333333334
moocradar,1,1,0.08333333333333334
moocradar,1,1,0.08333333333333334
moocradar,1,1,0.08333333333333334
moocradar,0,1,0.16666666666666666
moocradar,0,0,-0.16666666666666666
moocradar,0,1,0.16666666666666666
moocradar,7,1,0.02222222222222222
moocradar,0,1,0.16666666666666666
moocradar,0,1,0.16666666666666666
moocradar,1,0,-0.16666666666666666
moocradar,1,1,0.16666666666666669
moocradar,0,1,0.16666666666666666
moocradar,1,1,0.08333333333333334
moocradar,0,1,0.16666666666666666
moocradar,7,1,0.011111111111111117
moocradar,0,1,0.16666666666666666
moocradar,0,1,0.16666666666666666
moocradar,11,1,0.005494505494505491
moocradar,7,1,0.06666666666666668
moocradar,0,1,0.16666666666666666
moocradar,0,1,0.16666666666666666
moocradar,1,1,0.08333333333333334
moocradar,0,1,0.16666666666666666
moocradar,0,0,-0.16666666666666666
moocradar,1,1,0.08333333333333334
moocradar,0,1,0.16666666666666666
moocradar,0,0,-0.16666666666666666
moocradar,0,1,0.16666666666666666
moocradar,0,1,0.16666666666666666
moocradar,0,1,0.16666666666666666
moocradar,1,1,0.08333333333333334
moocradar,5,1,0.017857142857142863
moocradar,8,1,0.009090909090909089
moocradar,0,1,0.16666666666666666
moocradar,0,1,0.16666666666666666
moocradar,6,1,0.013888888888888888
moocradar,0,1,0.16666666666666666
moocradar,3,1,0.09999999999999999
moocradar,2,1,0.05
moocradar,1,1,0.08333333333333334
moocradar,0,1,0.16666666666666666
moocradar,3,0,-0.09999999999999999
moocradar,0,1,0.16666666666666666
moocradar,0,1,0.16666666666666666
moocradar,2,1,0.1
moocradar,0,1,0.16666666666666666
moocradar,1,1,0.08333333333333334
moocradar,3,1,0.033333333333333326
moocradar,1,1,0.08333333333333334
moocradar,0,1,0.16666666666666666
moocradar,0,1,0.16666666666666666
moocradar,1,1,0.08333333333333334
moocradar,1,1,0.16666666666666669
moocradar,1,1,0.08333333333333334
moocradar,10,1,0.03205128205128205
moocradar,1,0,-0.16666666666666666
moocradar,0,1,0.16666666666666666
moocradar,0,1,0.16666666666666666
moocradar,9,1,0.030303030303030304
moocradar,1,1,0.08333333333333334
moocradar,0,1,0.16666666666666666
moocradar,3,1,0.033333333333333326
moocradar,3,1,0.033333333333333326
moocradar,1,1,0.08333333333333334
moocradar,0,1,0.16666666666666666
moocradar,4,1,0.023809523809523805
moocradar,1,1,0.08333333333333334
moocradar,1,1,0.08333333333333334
moocradar,8,1,0.009090909090909089
moocradar,0,0,-0.16666666666666666
moocradar,0,1,0.16666666666666666
moocradar,1,1,0.08333333333333334
moocradar,6,1,0.041666666666666664
moocradar,1,1,0.08333333333333334
moocradar,2,1,0.05
moocradar,6,0,-0.05555555555555555
moocradar,1,1,0.08333333333333334
moocradar,0,1,0.16666666666666666
moocradar,7,1,0.02222222222222222
moocradar,0,1,0.16666666666666666
moocradar,0,0,-0.16666666666666666
moocradar,0,1,0.16666666666666666
moocradar,5,1,0.017857142857142863
moocradar,0,1,0.16666666666666666
moocradar,1,1,0.16666666666666669
moocradar,1,0,-0.16666666666666666
moocradar,2,1,0.05
moocradar,0,0,-0.16666666666666666
moocradar,0,1,0.16666666666666666
moocradar,1,1,0.08333333333333334
moocradar,1,1,0.16666666666666669
moocradar,10,0,-0.02564102564102564
moocradar,1,1,0.08333333333333334
moocradar,0,1,0.16666666666666666
moocradar,0,1,0.16666666666666666
moocradar,1,1,0.08333333333333334
moocradar,0,1,0.16666666666666666
moocradar,7,1,0.011111111111111117
moocradar,0,1,0.16666666666666666
moocradar,0,0,-0.16666666666666666
moocradar,0,1,0.16666666666666666
moocradar,5,1,0.03571428571428571
moocradar,1,1,0.08333333333333334
moocradar,1,1,0.08333333333333334
moocradar,0,0,-0.16666666666666666
moocradar,1,1,0.08333333333333334
moocradar,10,0,-0.057692307692307696
moocradar,0,1,0.16666666666666666
moocradar,3,1,0.06666666666666667
moocradar,0,1,0.16666666666666666
moocradar,11,1,0.03296703296703297
moocradar,1,0,-0.08333333333333333
moocradar,2,1,0.05
moocradar,4,1,0.023809523809523805
moocradar,0,1,0.16666666666666666
moocradar,1,1,0.08333333333333334
moocradar,1,1,0.08333333333333334
moocradar,1,1,0.08333333333333334
moocradar,0,1,0.16666666666666666
moocradar,1,0,-0.16666666666666666
moocradar,3,1,0.033333333333333326
moocradar,1,1,0.08333333333333334
moocradar,1,1,0.08333333333333334
moocradar,0,1,0.16666666666666666
moocradar,2,1,0.05
moocradar,1,1,0.08333333333333334
moocradar,0,1,0.16666666666666666
moocradar,1,1,0.08333333333333334
moocradar,1,0,-0.16666666666666666
moocradar,7,1,0.011111111111111117
moocradar,3,1,0.033333333333333326
moocradar,0,1,0.16666666666666666
moocradar,1,1,0.08333333333333334
moocradar,0,1,0.16666666666666666
moocradar,0,1,0.16666666666666666
moocradar,6,1,0.027777777777777776
moocradar,4,1,0.04761904761904762
moocradar,6,1,0.013888888888888888
moocradar,0,1,0.16666666666666666
moocradar,0,1,0.16666666666666666
moocradar,1,1,0.08333333333333334
moocradar,11,0,-0.027472527472527476
moocradar,0,1,0.16666666666666666
moocradar,5,1,0.017857142857142863
moocradar,2,1,0.1
moocradar,9,1,0.007575757575757579
moocradar,0,1,0.16666666666666666
moocradar,0,1,0.16666666666666666
moocradar,0,1,0.16666666666666666
moocradar,4,1,0.023809523809523805
moocradar,1,1,0.08333333333333334
moocradar,0,1,0.16666666666666666
moocradar,0,1,0.16666666666666666
moocradar,0,1,0.16666666666666666
moocradar,2,1,0.05
moocradar,0,1,0.16666666666666666
moocradar,0,1,0.16666666666666666
moocradar,6,1,0.041666666666666664
moocradar,0,1,0.16666666666666666
moocradar,0,1,0.16666666666666666
moocradar,0,1,0.16666666666666666
moocradar,0,1,0.16666666666666666
moocradar,5,1,0.08928571428571429
moocradar,4,1,0.09523809523809525
moocradar,7,1,0.011111111111111117
moocradar,1,1,0.08333333333333334
moocradar,0,1,0.16666666666666666
moocradar,0,1,0.16666666666666666
moocradar,1,1,0.08333333333333334
moocradar,4,1,0.023809523809523805
moocradar,0,1,0.16666666666666666
moocradar,7,1,0.011111111111111117
moocradar,2,1,0.05
moocradar,4,1,0.07142857142857142
moocradar,0,1,0.16666666666666666
moocradar,1,1,0.08333333333333334
moocradar,0,1,0.16666666666666666
moocradar,0,1,0.16666666666666666
moocradar,0,1,0.16666666666666666
moocradar,0,1,0.16666666666666666
moocradar,0,1,0.16666666666666666
moocradar,1,1,0.08333333333333334
moocradar,0,1,0.16666666666666666
moocradar,0,1,0.16666666666666666
moocradar,0,1,0.16666666666666666
moocradar,7,1,0.011111111111111117
moocradar,1,1,0.08333333333333334
moocradar,8,1,0.018181818181818177
moocradar,0,1,0.16666666666666666
moocradar,7,1,0.02222222222222222
moocradar,4,1,0.023809523809523805
moocradar,10,0,-0.032051282051282055
moocradar,0,1,0.16666666666666666
moocradar,2,1,0.05
moocradar,1,0,-0.16666666666666666
moocradar,4,1,0.023809523809523805
moocradar,0,1,0.16666666666666666
moocradar,0,1,0.16666666666666666
moocradar,9,1,0.007575757575757579
moocradar,11,0,-0.06043956043956044
moocradar,0,1,0.16666666666666666
moocradar,0,1,0.16666666666666666
moocradar,1,0,-0.08333333333333333
moocradar,6,1,0.05555555555555555
moocradar,4,0,-0.047619047619047616
moocradar,3,1,0.033333333333333326
moocradar,0,0,-0.16666666666666666
moocradar,0,1,0.16666666666666666
moocradar,5,1,0.017857142857142863
moocradar,0,1,0.16666666666666666
moocradar,3,1,0.033333333333333326
moocradar,1,1,0.08333333333333334
moocradar,4,1,0.023809523809523805
moocradar,0,1,0.16666666666666666
moocradar,0,1,0.16666666666666666
moocradar,5,1,0.017857142857142863
moocradar,3,1,0.09999999999999999
moocradar,8,1,0.009090909090909089
moocradar,6,1,0.013888888888888888
moocradar,0,1,0.16666666666666666
moocradar,2,1,0.05
moocradar,1,1,0.08333333333333334
moocradar,3,1,0.033333333333333326
moocradar,1,1,0.08333333333333334
moocradar,6,0,-0.09722222222222222
moocradar,0,0,-0.16666666666666666
moocradar,0,0,-0.16666666666666666
moocradar,0,0,-0.16666666666666666
moocradar,0,1,0.16666666666666666
moocradar,10,1,0.0064102564102564135
moocradar,1,1,0.16666666666666669
moocradar,6,1,0.013888888888888888
moocradar,6,1,0.013888888888888888
moocradar,0,1,0.16666666666666666
moocradar,0,1,0.16666666666666666
moocradar,1,1,0.08333333333333334
moocradar,0,0,-0.16666666666666666
moocradar,0,1,0.16666666666666666
moocradar,0,1,0.16666666666666666
moocradar,2,1,0.05
moocradar,1,1,0.08333333333333334
moocradar,1,1,0.08333333333333334
moocradar,0,1,0.16666666666666666
moocradar,0,1,0.16666666666666666
moocradar,0,1,0.16666666666666666
moocradar,0,1,0.16666666666666666
moocradar,0,1,0.16666666666666666
moocradar,5,1,0.017857142857142863
moocradar,0,1,0.16666666666666666
moocradar,3,0,-0.09999999999999999
moocradar,0,1,0.16666666666666666
moocradar,0,1,0.16666666666666666
moocradar,0,1,0.16666666666666666
moocradar,7,1,0.02222222222222222
moocradar,2,1,0.1
moocradar,0,1,0.16666666666666666
moocradar,1,1,0.08333333333333334
moocradar,1,1,0.08333333333333334
moocradar,3,1,0.033333333333333326
moocradar,0,1,0.16666666666666666
moocradar,8,1,0.009090909090909089
moocradar,0,1,0.16666666666666666
moocradar,1,1,0.08333333333333334
moocradar,0,1,0.16666666666666666
moocradar,0,1,0.16666666666666666
moocradar,0,1,0.16666666666666666
moocradar,8,1,0.009090909090909089
moocradar,6,0,-0.09722222222222222
moocradar,0,1,0.16666666666666666
moocradar,0,1,0.16666666666666666
moocradar,3,1,0.033333333333333326
moocradar,1,1,0.08333333333333334
moocradar,0,1,0.16666666666666666
moocradar,9,1,0.007575757575757579
moocradar,1,1,0.08333333333333334
moocradar,0,0,-0.16666666666666666
moocradar,3,1,0.033333333333333326
moocradar,0,1,0.16666666666666666
moocradar,0,1,0.16666666666666666
moocradar,1,0,-0.08333333333333333
moocradar,0,1,0.16666666666666666
moocradar,11,1,0.02747252747252747
moocradar,0,0,-0.16666666666666666
moocradar,6,1,0.013888888888888888
moocradar,5,0,-0.08928571428571429
moocradar,5,1,0.017857142857142863
moocradar,4,1,0.023809523809523805
moocradar,10,1,0.012820512820512818
moocradar,2,1,0.05
moocradar,1,1,0.08333333333333334
moocradar,6,1,0.05555555555555555
moocradar,0,1,0.16666666666666666
moocradar,0,1,0.16666666666666666
moocradar,0,1,0.16666666666666666
moocradar,0,1,0.16666666666666666
moocradar,1,1,0.08333333333333334
moocradar,2,1,0.05
moocradar,0,1,0.16666666666666666
moocradar,4,1,0.023809523809523805
moocradar,0,0,-0.16666666666666666
moocradar,0,1,0.16666666666666666
moocradar,0,1,0.16666666666666666
moocradar,6,1,0.013888888888888888
moocradar,8,0,-0.06363636363636363
moocradar,0,1,0.16666666666666666
moocradar,0,0,-0.16666666666666666
moocradar,1,0,-0.08333333333333333
moocradar,1,1,0.08333333333333334
moocradar,1,0,-0.16666666666666666
moocradar,2,1,0.05
moocradar,0,1,0.16666666666666666
moocradar,0,0,-0.16666666666666666
moocradar,1,0,-0.08333333333333333
moocradar,1,1,0.08333333333333334
moocradar,0,0,-0.16666666666666666
moocradar,7,1,0.011111111111111117
moocradar,5,1,0.03571428571428571
moocradar,5,1,0.017857142857142863
moocradar,0,1,0.16666666666666666
moocradar,7,1,0.011111111111111117
moocradar,0,1,0.16666666666666666
moocradar,6,1,0.06944444444444445
moocradar,3,0,-0.09999999999999999
moocradar,0,1,0.16666666666666666
moocradar,0,1,0.16666666666666666
moocradar,0,1,0.16666666666666666
moocradar,1,1,0.08333333333333334
moocradar,0,1,0.16666666666666666
moocradar,1,1,0.08333333333333334
moocradar,3,1,0.033333333333333326
moocradar,7,1,0.03333333333333334
moocradar,0,1,0.16666666666666666
moocradar,0,1,0.16666666666666666
moocradar,9,0,-0.022727272727272724
moocradar,0,1,0.16666666666666666
moocradar,1,0,-0.16666666666666666
moocradar,3,0,-0.13333333333333333
moocradar,0,1,0.16666666666666666
moocradar,2,0,-0.15
moocradar,0,1,0.16666666666666666
moocradar,2,1,0.05
moocradar,0,1,0.16666666666666666
moocradar,1,1,0.08333333333333334
moocradar,0,1,0.16666666666666666
moocradar,8,0,-0.05454545454545454
moocradar,0,1,0.16666666666666666
moocradar,2,1,0.1
moocradar,5,1,0.017857142857142863
moocradar,7,1,0.011111111111111117
moocradar,3,1,0.033333333333333326
moocradar,7,1,0.011111111111111117
moocradar,0,1,0.16666666666666666
moocradar,0,1,0.16666666666666666
moocradar,1,1,0.08333333333333334
moocradar,0,1,0.16666666666666666
moocradar,0,1,0.16666666666666666
moocradar,4,0,-0.11904761904761905
moocradar,2,1,0.1
moocradar,1,1,0.08333333333333334
moocradar,1,1,0.08333333333333334
moocradar,0,1,0.16666666666666666
moocradar,0,1,0.16666666666666666
moocradar,0,0,-0.16666666666666666
moocradar,0,1,0.16666666666666666
moocradar,1,1,0.08333333333333334
moocradar,0,1,0.16666666666666666
moocradar,0,1,0.16666666666666666
moocradar,0,1,0.16666666666666666
moocradar,0,1,0.16666666666666666
moocradar,0,1,0.16666666666666666
moocradar,0,1,0.16666666666666666
moocradar,1,1,0.08333333333333334
moocradar,0,1,0.16666666666666666
moocradar,1,1,0.08333333333333334
moocradar,1,1,0.08333333333333334
moocradar,1,0,-0.16666666666666666
moocradar,2,1,0.1
moocradar,2,1,0.05
moocradar,0,1,0.16666666666666666
moocradar,0,1,0.16666666666666666
moocradar,1,1,0.08333333333333334
moocradar,9,1,0.030303030303030304
moocradar,1,1,0.08333333333333334
moocradar,1,1,0.08333333333333334
moocradar,0,1,0.16666666666666666
moocradar,7,1,0.02222222222222222
moocradar,1,1,0.08333333333333334
moocradar,0,1,0.16666666666666666
moocradar,0,1,0.16666666666666666
moocradar,6,1,0.041666666666666664
moocradar,0,1,0.16666666666666666
moocradar,3,0,-0.06666666666666667
moocradar,2,0,-0.15
moocradar,8,1,0.018181818181818177
moocradar,5,0,-0.10714285714285714
moocradar,0,1,0.16666666666666666
moocradar,6,1,0.013888888888888888
moocradar,0,1,0.16666666666666666
moocradar,0,1,0.16666666666666666
moocradar,6,1,0.027777777777777776
moocradar,1,1,0.08333333333333334
moocradar,3,1,0.033333333333333326
moocradar,0,1,0.16666666666666666
moocradar,9,1,0.03787878787878788
moocradar,9,1,0.007575757575757579
moocradar,1,1,0.08333333333333334
moocradar,0,1,0.16666666666666666
moocradar,0,1,0.16666666666666666
moocradar,6,1,0.013888888888888888
moocradar,4,1,0.04761904761904762
moocradar,0,1,0.16666666666666666
moocradar,9,1,0.030303030303030304
moocradar,1,1,0.08333333333333334
moocradar,4,1,0.04761904761904762
moocradar,2,1,0.05
moocradar,8,1,0.009090909090909089
moocradar,3,1,0.033333333333333326
moocradar,4,1,0.07142857142857142
moocradar,5,1,0.053571428571428575
moocradar,5,1,0.053571428571428575
moocradar,6,0,-0.09722222222222222
moocradar,0,1,0.16666666666666666
moocradar,3,1,0.033333333333333326
moocradar,0,1,0.16666666666666666
moocradar,0,1,0.16666666666666666
moocradar,1,1,0.08333333333333334
moocradar,0,1,0.16666666666666666
moocradar,0,1,0.16666666666666666
moocradar,1,1,0.08333333333333334
moocradar,7,0,-0.02222222222222222
moocradar,0,1,0.16666666666666666
moocradar,0,1,0.16666666666666666
moocradar,1,1,0.08333333333333334
moocradar,4,1,0.023809523809523805
moocradar,9,1,0.030303030303030304
moocradar,0,1,0.16666666666666666
moocradar,0,1,0.16666666666666666
moocradar,3,1,0.033333333333333326
moocradar,0,1,0.16666666666666666
moocradar,5,0,-0.03571428571428571
moocradar,11,1,0.005494505494505491
moocradar,5,1,0.017857142857142863
moocradar,0,1,0.16666666666666666
moocradar,2,1,0.05
moocradar,1,1,0.08333333333333334
moocradar,10,1,0.03205128205128205
moocradar,0,1,0.16666666666666666
moocradar,3,1,0.033333333333333326
moocradar,0,0,-0.16666666666666666
moocradar,0,0,-0.16666666666666666
moocradar,1,0,-0.16666666666666666
moocradar,1,1,0.08333333333333334
moocradar,8,1,0.018181818181818177
moocradar,0,1,0.16666666666666666
moocradar,0,1,0.16666666666666666
moocradar,5,1,0.017857142857142863
moocradar,0,1,0.16666666666666666
moocradar,3,1,0.033333333333333326
moocradar,1,1,0.08333333333333334
moocradar,1,1,0.08333333333333334
moocradar,1,1,0.08333333333333334
moocradar,7,1,0.011111111111111117
moocradar,8,1,0.009090909090909089
moocradar,0,1,0.16666666666666666
moocradar,1,1,0.16666666666666669
moocradar,1,0,-0.16666666666666666
moocradar,0,1,0.16666666666666666
moocradar,1,1,0.08333333333333334
moocradar,2,1,0.05
moocradar,0,1,0.16666666666666666
moocradar,0,1,0.16666666666666666
moocradar,3,0,-0.09999999999999999
moocradar,0,1,0.16666666666666666
moocradar,1,1,0.16666666666666669
moocradar,0,1,0.16666666666666666
moocradar,5,1,0.03571428571428571
moocradar,0,1,0.16666666666666666
moocradar,0,1,0.16666666666666666
moocradar,3,1,0.033333333333333326
moocradar,0,1,0.16666666666666666
moocradar,0,1,0.16666666666666666
moocradar,0,1,0.16666666666666666
moocradar,7,1,0.03333333333333334
moocradar,2,1,0.1
moocradar,0,1,0.16666666666666666
moocradar,6,1,0.013888888888888888
moocradar,1,1,0.08333333333333334
moocradar,1,1,0.08333333333333334
moocradar,0,1,0.16666666666666666
moocradar,4,1,0.07142857142857142
moocradar,0,1,0.16666666666666666
moocradar,0,1,0.16666666666666666
moocradar,5,1,0.017857142857142863
moocradar,0,1,0.16666666666666666
moocradar,1,1,0.08333333333333334
moocradar,8,1,0.009090909090909089
moocradar,2,1,0.15
moocradar,0,1,0.16666666666666666
moocradar,0,1,0.16666666666666666
moocradar,1,1,0.08333333333333334
moocradar,1,1,0.08333333333333334
moocradar,3,1,0.033333333333333326
moocradar,2,1,0.15
moocradar,0,1,0.16666666666666666
moocradar,0,1,0.16666666666666666
moocradar,9,1,0.030303030303030304
moocradar,3,1,0.033333333333333326
moocradar,1,0,-0.16666666666666666
moocradar,2,1,0.1
moocradar,6,1,0.041666666666666664
moocradar,0,1,0.16666666666666666
moocradar,1,1,0.08333333333333334
moocradar,0,0,-0.16666666666666666
moocradar,1,0,-0.16666666666666666
moocradar,0,1,0.16666666666666666
moocradar,4,1,0.023809523809523805
moocradar,1,1,0.08333333333333334
moocradar,2,0,-0.1
moocradar,3,1,0.033333333333333326
moocradar,1,1,0.08333333333333334
moocradar,8,1,0.009090909090909089
moocradar,0,1,0.16666666666666666
moocradar,2,1,0.05
moocradar,8,1,0.018181818181818177
moocradar,2,1,0.05
moocradar,2,1,0.05
moocradar,1,1,0.08333333333333334
moocradar,0,0,-0.16666666666666666
moocradar,1,1,0.08333333333333334
moocradar,3,1,0.033333333333333326
moocradar,0,1,0.16666666666666666
moocradar,3,1,0.033333333333333326
moocradar,8,1,0.009090909090909089
moocradar,2,1,0.05
moocradar,3,0,-0.06666666666666667
moocradar,0,1,0.16666666666666666
moocradar,2,1,0.05
moocradar,4,0,-0.09523809523809523
moocradar,0,1,0.16666666666666666
moocradar,5,1,0.03571428571428571
moocradar,0,0,-0.16666666666666666
moocradar,2,1,0.05
moocradar,7,1,0.02222222222222222
moocradar,5,1,0.017857142857142863
moocradar,1,1,0.08333333333333334
moocradar,0,1,0.16666666666666666
moocradar,2,1,0.05
moocradar,8,1,0.018181818181818177
moocradar,2,1,0.05
moocradar,9,1,0.007575757575757579
moocradar,8,0,-0.06363636363636363
moocradar,2,0,-0.1
moocradar,5,1,0.017857142857142863
moocradar,0,1,0.16666666666666666
moocradar,1,1,0.08333333333333334
moocradar,6,1,0.013888888888888888
moocradar,0,1,0.16666666666666666
moocradar,1,1,0.08333333333333334
moocradar,0,1,0.16666666666666666
moocradar,4,0,-0.11904761904761905
moocradar,0,1,0.16666666666666666
moocradar,1,1,0.08333333333333334
moocradar,3,1,0.033333333333333326
moocradar,0,1,0.16666666666666666
moocradar,0,1,0.16666666666666666
moocradar,12,0,-0.04761904761904762
moocradar,1,1,0.08333333333333334
moocradar,1,1,0.08333333333333334
moocradar,0,1,0.16666666666666666
moocradar,8,1,0.009090909090909089
moocradar,5,1,0.017857142857142863
moocradar,0,1,0.16666666666666666
moocradar,0,1,0.16666666666666666
moocradar,0,1,0.16666666666666666
moocradar,12,0,-0.03809523809523809
moocradar,0,1,0.16666666666666666
moocradar,6,0,-0.05555555555555555
moocradar,1,1,0.08333333333333334
moocradar,1,1,0.08333333333333334
moocradar,1,1,0.08333333333333334
moocradar,0,1,0.16666666666666666
moocradar,1,1,0.08333333333333334
moocradar,2,1,0.05
moocradar,2,1,0.05
moocradar,0,1,0.16666666666666666
moocradar,0,1,0.16666666666666666
moocradar,2,1,0.05
moocradar,2,1,0.1
moocradar,0,1,0.16666666666666666
moocradar,0,1,0.16666666666666666
moocradar,0,1,0.16666666666666666
moocradar,2,1,0.05
moocradar,0,1,0.16666666666666666
moocradar,2,1,0.05
moocradar,8,1,0.009090909090909089
moocradar,4,1,0.04761904761904762
moocradar,1,1,0.08333333333333334
moocradar,7,0,-0.04444444444444444
moocradar,1,1,0.08333333333333334
moocradar,0,1,0.16666666666666666
moocradar,0,1,0.16666666666666666
moocradar,4,1,0.04761904761904762
moocradar,2,1,0.1
moocradar,1,1,0.08333333333333334
moocradar,1,1,0.08333333333333334
moocradar,3,1,0.09999999999999999
moocradar,0,1,0.16666666666666666
moocradar,0,1,0.16666666666666666
moocradar,0,1,0.16666666666666666
moocradar,1,1,0.08333333333333334
moocradar,0,0,-0.16666666666666666
moocradar,8,1,0.009090909090909089
moocradar,0,1,0.16666666666666666
moocradar,3,1,0.033333333333333326
moocradar,0,1,0.16666666666666666
moocradar,1,1,0.08333333333333334
moocradar,0,1,0.16666666666666666
moocradar,0,1,0.16666666666666666
moocradar,2,1,0.05
moocradar,0,1,0.16666666666666666
moocradar,0,1,0.16666666666666666
moocradar,0,1,0.16666666666666666
moocradar,0,1,0.16666666666666666
moocradar,3,1,0.033333333333333326
moocradar,7,1,0.05555555555555556
moocradar,0,1,0.16666666666666666
moocradar,0,0,-0.16666666666666666
moocradar,7,1,0.011111111111111117
moocradar,2,1,0.05
moocradar,4,1,0.04761904761904762
moocradar,1,1,0.08333333333333334
moocradar,2,1,0.05
moocradar,1,1,0.08333333333333334
moocradar,2,1,0.05
moocradar,2,1,0.05
moocradar,0,1,0.16666666666666666
moocradar,1,1,0.08333333333333334
moocradar,0,1,0.16666666666666666
moocradar,0,1,0.16666666666666666
moocradar,1,1,0.08333333333333334
moocradar,1,1,0.08333333333333334
moocradar,3,1,0.033333333333333326
moocradar,1,1,0.08333333333333334
moocradar,0,1,0.16666666666666666
moocradar,0,1,0.16666666666666666
moocradar,0,1,0.16666666666666666
moocradar,0,1,0.16666666666666666
moocradar,10,1,0.0064102564102564135
moocradar,0,1,0.16666666666666666
moocradar,1,1,0.08333333333333334
moocradar,0,0,-0.16666666666666666
moocradar,9,1,0.03787878787878788
moocradar,4,1,0.023809523809523805
moocradar,0,1,0.16666666666666666
moocradar,2,1,0.05
moocradar,5,1,0.017857142857142863
moocradar,0,1,0.16666666666666666
moocradar,8,1,0.03636363636363637
moocradar,0,1,0.16666666666666666
moocradar,1,1,0.08333333333333334
moocradar,0,1,0.16666666666666666
moocradar,0,1,0.16666666666666666
moocradar,2,1,0.1
moocradar,0,1,0.16666666666666666
moocradar,0,1,0.16666666666666666
moocradar,0,0,-0.16666666666666666
moocradar,0,1,0.16666666666666666
moocradar,1,1,0.08333333333333334
moocradar,0,1,0.16666666666666666
moocradar,0,1,0.16666666666666666
moocradar,7,1,0.011111111111111117
moocradar,0,1,0.16666666666666666
moocradar,0,0,-0.16666666666666666
moocradar,1,1,0.08333333333333334
moocradar,7,1,0.04444444444444444
moocradar,0,1,0.16666666666666666
moocradar,0,1,0.16666666666666666
moocradar,3,1,0.06666666666666667
moocradar,3,1,0.09999999999999999
moocradar,0,1,0.16666666666666666
moocradar,0,1,0.16666666666666666
moocradar,5,1,0.017857142857142863
moocradar,9,1,0.022727272727272724
moocradar,0,1,0.16666666666666666
moocradar,0,1,0.16666666666666666
moocradar,6,1,0.013888888888888888
moocradar,8,1,0.05454545454545454
moocradar,5,1,0.053571428571428575
moocradar,0,1,0.16666666666666666
moocradar,5,1,0.053571428571428575
moocradar,5,1,0.053571428571428575
moocradar,0,1,0.16666666666666666
moocradar,0,1,0.16666666666666666
moocradar,0,1,0.16666666666666666
moocradar,0,1,0.16666666666666666
moocradar,0,1,0.16666666666666666
moocradar,0,1,0.16666666666666666
moocradar,9,1,0.007575757575757579
moocradar,3,1,0.033333333333333326
moocradar,0,1,0.16666666666666666
moocradar,0,1,0.16666666666666666
moocradar,7,0,-0.04444444444444444
moocradar,0,1,0.16666666666666666
moocradar,2,1,0.05
moocradar,4,1,0.023809523809523805
moocradar,0,1,0.16666666666666666
moocradar,2,1,0.05
moocradar,3,1,0.033333333333333326
moocradar,1,1,0.08333333333333334
moocradar,1,1,0.16666666666666669
moocradar,0,1,0.16666666666666666
moocradar,0,1,0.16666666666666666
moocradar,0,1,0.16666666666666666
moocradar,1,1,0.08333333333333334
moocradar,1,1,0.08333333333333334
moocradar,2,0,-0.15
moocradar,11,1,0.02747252747252747
moocradar,0,1,0.16666666666666666
moocradar,5,0,-0.08928571428571429
moocradar,1,1,0.08333333333333334
moocradar,0,1,0.16666666666666666
moocradar,0,1,0.16666666666666666
moocradar,3,1,0.033333333333333326
moocradar,0,1,0.16666666666666666
moocradar,0,1,0.16666666666666666
moocradar,3,0,-0.09999999999999999
moocradar,0,1,0.16666666666666666
moocradar,4,1,0.023809523809523805
moocradar,0,1,0.16666666666666666
moocradar,2,1,0.05
moocradar,0,1,0.16666666666666666
moocradar,9,1,0.007575757575757579
moocradar,1,1,0.08333333333333334
moocradar,0,1,0.16666666666666666
moocradar,2,1,0.05
moocradar,0,1,0.16666666666666666
moocradar,0,1,0.16666666666666666
moocradar,0,0,-0.16666666666666666
moocradar,1,0,-0.08333333333333333
moocradar,11,0,-0.04395604395604396
moocradar,2,1,0.05
moocradar,0,0,-0.16666666666666666
moocradar,0,1,0.16666666666666666
moocradar,2,1,0.05
moocradar,0,1,0.16666666666666666
moocradar,7,0,-0.08888888888888888
moocradar,0,1,0.16666666666666666
moocradar,2,1,0.05
moocradar,2,1,0.05
moocradar,0,1,0.16666666666666666
moocradar,1,1,0.08333333333333334
moocradar,2,1,0.05
moocradar,0,0,-0.16666666666666666
moocradar,3,1,0.033333333333333326
moocradar,0,1,0.16666666666666666
moocradar,3,1,0.033333333333333326
moocradar,1,1,0.16666666666666669
moocradar,0,1,0.16666666666666666
moocradar,0,1,0.16666666666666666
moocradar,1,1,0.08333333333333334
moocradar,0,1,0.16666666666666666
moocradar,0,1,0.16666666666666666
moocradar,1,1,0.08333333333333334
moocradar,8,1,0.018181818181818177
moocradar,2,1,0.05
moocradar,3,1,0.033333333333333326
moocradar,0,1,0.16666666666666666
moocradar,1,1,0.08333333333333334
moocradar,1,1,0.08333333333333334
moocradar,4,0,-0.047619047619047616
moocradar,0,1,0.16666666666666666
moocradar,0,1,0.16666666666666666
moocradar,0,1,0.16666666666666666
moocradar,0,0,-0.16666666666666666
moocradar,0,1,0.16666666666666666
moocradar,0,1,0.16666666666666666
moocradar,0,1,0.16666666666666666
moocradar,1,1,0.08333333333333334
moocradar,0,0,-0.16666666666666666
moocradar,5,0,-0.08928571428571429
moocradar,0,1,0.16666666666666666
moocradar,2,1,0.1
moocradar,0,1,0.16666666666666666
moocradar,0,1,0.16666666666666666
moocradar,0,0,-0.16666666666666666
moocradar,6,1,0.027777777777777776
moocradar,2,1,0.05
moocradar,3,1,0.06666666666666667
moocradar,12,0,-0.04285714285714286
moocradar,4,1,0.023809523809523805
moocradar,1,1,0.08333333333333334
moocradar,0,1,0.16666666666666666
moocradar,1,1,0.08333333333333334
moocradar,2,1,0.05
moocradar,0,0,-0.16666666666666666
moocradar,0,1,0.16666666666666666
moocradar,1,1,0.08333333333333334
moocradar,0,1,0.16666666666666666
moocradar,4,1,0.04761904761904762
moocradar,0,1,0.16666666666666666
moocradar,7,1,0.02222222222222222
moocradar,2,1,0.1
moocradar,0,1,0.16666666666666666
moocradar,3,1,0.09999999999999999
moocradar,0,0,-0.16666666666666666
moocradar,2,1,0.05
moocradar,0,1,0.16666666666666666
moocradar,0,1,0.16666666666666666
moocradar,3,0,-0.06666666666666667
moocradar,0,1,0.16666666666666666
moocradar,1,1,0.08333333333333334
moocradar,1,1,0.08333333333333334
moocradar,8,1,0.009090909090909089
moocradar,4,0,-0.11904761904761905
moocradar,2,1,0.05
moocradar,0,1,0.16666666666666666
moocradar,0,1,0.16666666666666666
moocradar,10,1,0.012820512820512818
moocradar,1,1,0.08333333333333334
moocradar,0,1,0.16666666666666666
moocradar,2,1,0.05
moocradar,0,1,0.16666666666666666
moocradar,2,1,0.05
moocradar,3,1,0.033333333333333326
moocradar,0,1,0.16666666666666666
moocradar,0,1,0.16666666666666666
moocradar,4,1,0.023809523809523805
moocradar,3,1,0.033333333333333326
moocradar,0,1,0.16666666666666666
moocradar,2,1,0.05
moocradar,0,1,0.16666666666666666
moocradar,10,0,-0.07051282051282051
moocradar,2,1,0.1
moocradar,0,1,0.16666666666666666
moocradar,3,1,0.033333333333333326
moocradar,0,0,-0.16666666666666666
moocradar,7,1,0.011111111111111117
moocradar,1,1,0.08333333333333334
moocradar,0,1,0.16666666666666666
moocradar,0,1,0.16666666666666666
moocradar,0,1,0.16666666666666666
moocradar,3,1,0.09999999999999999
moocradar,1,1,0.08333333333333334
moocradar,0,1,0.16666666666666666
moocradar,0,1,0.16666666666666666
moocradar,0,1,0.16666666666666666
moocradar,0,1,0.16666666666666666
moocradar,0,1,0.16666666666666666
moocradar,1,1,0.08333333333333334
moocradar,0,1,0.16666666666666666
moocradar,7,1,0.02222222222222222
moocradar,0,1,0.16666666666666666
moocradar,2,1,0.1
moocradar,5,0,-0.03571428571428571
moocradar,4,1,0.023809523809523805
moocradar,3,1,0.033333333333333326
moocradar,1,1,0.08333333333333334
moocradar,0,1,0.16666666666666666
moocradar,0,1,0.16666666666666666
moocradar,1,1,0.08333333333333334
moocradar,0,1,0.16666666666666666
moocradar,3,1,0.06666666666666667
moocradar,4,1,0.023809523809523805
moocradar,1,1,0.08333333333333334
moocradar,3,1,0.033333333333333326
moocradar,7,1,0.02222222222222222
moocradar,2,1,0.05
moocradar,0,1,0.16666666666666666
moocradar,0,1,0.16666666666666666
moocradar,0,1,0.16666666666666666
moocradar,0,1,0.16666666666666666
moocradar,0,1,0.16666666666666666
moocradar,5,0,-0.08928571428571429
moocradar,6,1,0.041666666666666664
moocradar,6,1,0.013888888888888888
moocradar,0,1,0.16666666666666666
moocradar,3,1,0.033333333333333326
moocradar,0,1,0.16666666666666666
moocradar,0,1,0.16666666666666666
moocradar,1,1,0.08333333333333334
moocradar,0,1,0.16666666666666666
moocradar,1,1,0.08333333333333334
moocradar,0,1,0.16666666666666666
moocradar,1,1,0.08333333333333334
moocradar,0,1,0.16666666666666666
moocradar,1,1,0.08333333333333334
moocradar,3,1,0.033333333333333326
moocradar,3,1,0.033333333333333326
moocradar,9,1,0.007575757575757579
moocradar,0,1,0.16666666666666666
moocradar,3,1,0.033333333333333326
moocradar,0,1,0.16666666666666666
moocradar,0,1,0.16666666666666666
moocradar,0,1,0.16666666666666666
moocradar,3,1,0.033333333333333326
moocradar,4,1,0.04761904761904762
moocradar,2,0,-0.15
moocradar,2,1,0.05
moocradar,2,0,-0.05
moocradar,3,1,0.06666666666666667
moocradar,1,1,0.08333333333333334
moocradar,8,1,0.009090909090909089
moocradar,3,1,0.033333333333333326
moocradar,0,0,-0.16666666666666666
moocradar,0,1,0.16666666666666666
moocradar,5,1,0.03571428571428571
moocradar,0,1,0.16666666666666666
moocradar,1,1,0.08333333333333334
moocradar,0,1,0.16666666666666666
moocradar,10,1,0.019230769230769232
moocradar,3,0,-0.13333333333333333
moocradar,0,1,0.16666666666666666
moocradar,8,1,0.009090909090909089
moocradar,0,1,0.16666666666666666
moocradar,1,1,0.08333333333333334
moocradar,8,1,0.03636363636363637
moocradar,0,1,0.16666666666666666
moocradar,2,1,0.05
moocradar,4,0,-0.047619047619047616
moocradar,4,0,-0.047619047619047616
moocradar,6,1,0.013888888888888888
xes3g5m,0,1,0.16666666666666666
xes3g5m,0,1,0.16666666666666666
xes3g5m,4,1,0.04761904761904762
xes3g5m,2,1,0.1
xes3g5m,2,1,0.05
xes3g5m,0,1,0.16666666666666666
xes3g5m,0,1,0.16666666666666666
xes3g5m,0,1,0.16666666666666666
xes3g5m,1,1,0.08333333333333334
xes3g5m,1,1,0.08333333333333334
xes3g5m,2,1,0.05
xes3g5m,0,1,0.16666666666666666
xes3g5m,0,1,0.16666666666666666
xes3g5m,1,1,0.08333333333333334
xes3g5m,0,1,0.16666666666666666
xes3g5m,0,0,-0.16666666666666666
xes3g5m,0,1,0.16666666666666666
xes3g5m,4,0,-0.07142857142857142
xes3g5m,1,1,0.08333333333333334
xes3g5m,1,1,0.08333333333333334
xes3g5m,1,0,-0.16666666666666666
xes3g5m,2,0,-0.15
xes3g5m,1,1,0.08333333333333334
xes3g5m,0,1,0.16666666666666666
xes3g5m,1,1,0.08333333333333334
xes3g5m,1,1,0.08333333333333334
xes3g5m,6,1,0.013888888888888888
xes3g5m,0,1,0.16666666666666666
xes3g5m,0,1,0.16666666666666666
xes3g5m,0,1,0.16666666666666666
xes3g5m,1,1,0.08333333333333334
xes3g5m,0,1,0.16666666666666666
xes3g5m,0,1,0.16666666666666666
xes3g5m,3,1,0.033333333333333326
xes3g5m,0,1,0.16666666666666666
xes3g5m,1,1,0.08333333333333334
xes3g5m,2,0,-0.15
xes3g5m,1,1,0.08333333333333334
xes3g5m,3,1,0.033333333333333326
xes3g5m,1,1,0.16666666666666669
xes3g5m,5,0,-0.08928571428571429
xes3g5m,0,1,0.16666666666666666
xes3g5m,1,1,0.08333333333333334
xes3g5m,0,1,0.16666666666666666
xes3g5m,0,1,0.16666666666666666
xes3g5m,1,1,0.08333333333333334
xes3g5m,2,1,0.05
xes3g5m,0,1,0.16666666666666666
xes3g5m,3,0,-0.06666666666666667
xes3g5m,4,0,-0.09523809523809523
xes3g5m,2,1,0.05
xes3g5m,1,1,0.08333333333333334
xes3g5m,1,1,0.08333333333333334
xes3g5m,0,1,0.16666666666666666
xes3g5m,5,1,0.017857142857142863
xes3g5m,0,0,-0.16666666666666666
xes3g5m,2,0,-0.15
xes3g5m,1,1,0.08333333333333334
xes3g5m,0,1,0.16666666666666666
xes3g5m,2,1,0.05
xes3g5m,0,0,-0.16666666666666666
xes3g5m,1,1,0.08333333333333334
xes3g5m,1,1,0.08333333333333334
xes3g5m,0,0,-0.16666666666666666
xes3g5m,3,0,-0.13333333333333333
xes3g5m,1,1,0.08333333333333334
xes3g5m,2,1,0.1
xes3g5m,1,1,0.08333333333333334
xes3g5m,0,1,0.16666666666666666
xes3g5m,1,1,0.16666666666666669
xes3g5m,1,1,0.16666666666666669
xes3g5m,1,1,0.08333333333333334
xes3g5m,0,1,0.16666666666666666
xes3g5m,2,1,0.1
xes3g5m,0,1,0.16666666666666666
xes3g5m,0,1,0.16666666666666666
xes3g5m,2,1,0.1
xes3g5m,6,0,-0.041666666666666664
xes3g5m,3,0,-0.09999999999999999
xes3g5m,0,1,0.16666666666666666
xes3g5m,1,1,0.16666666666666669
xes3g5m,0,1,0.16666666666666666
xes3g5m,1,1,0.08333333333333334
xes3g5m,1,1,0.08333333333333334
xes3g5m,7,1,0.011111111111111117
xes3g5m,1,1,0.08333333333333334
xes3g5m,0,1,0.16666666666666666
xes3g5m,0,1,0.16666666666666666
xes3g5m,4,0,-0.11904761904761905
xes3g5m,0,1,0.16666666666666666
xes3g5m,4,1,0.023809523809523805
xes3g5m,0,1,0.16666666666666666
xes3g5m,2,1,0.1
xes3g5m,1,1,0.08333333333333334
xes3g5m,9,1,0.030303030303030304
xes3g5m,0,1,0.16666666666666666
xes3g5m,5,1,0.03571428571428571
xes3g5m,1,1,0.08333333333333334
xes3g5m,0,1,0.16666666666666666
xes3g5m,1,1,0.16666666666666669
xes3g5m,2,1,0.05
xes3g5m,2,1,0.05
xes3g5m,2,0,-0.1
xes3g5m,6,1,0.013888888888888888
xes3g5m,2,1,0.05
xes3g5m,3,0,-0.09999999999999999
xes3g5m,2,1,0.05
xes3g5m,1,1,0.08333333333333334
xes3g5m,0,1,0.16666666666666666
xes3g5m,1,1,0.08333333333333334
xes3g5m,1,1,0.16666666666666669
xes3g5m,3,1,0.033333333333333326
xes3g5m,0,1,0.16666666666666666
xes3g5m,0,1,0.16666666666666666
xes3g5m,1,1,0.08333333333333334
xes3g5m,7,1,0.011111111111111117
xes3g5m,2,1,0.05
xes3g5m,2,1,0.05
xes3g5m,4,1,0.023809523809523805
xes3g5m,0,0,-0.16666666666666666
xes3g5m,0,1,0.16666666666666666
xes3g5m,0,1,0.16666666666666666
xes3g5m,2,1,0.15
xes3g5m,0,1,0.16666666666666666
xes3g5m,0,1,0.16666666666666666
xes3g5m,0,1,0.16666666666666666
xes3g5m,1,1,0.08333333333333334
xes3g5m,0,1,0.16666666666666666
xes3g5m,0,1,0.16666666666666666
xes3g5m,1,1,0.08333333333333334
xes3g5m,1,1,0.16666666666666669
xes3g5m,3,0,-0.09999999999999999
xes3g5m,2,1,0.1
xes3g5m,0,1,0.16666666666666666
xes3g5m,0,1,0.16666666666666666
xes3g5m,1,0,-0.08333333333333333
xes3g5m,0,1,0.16666666666666666
xes3g5m,2,1,0.15
xes3g5m,0,0,-0.16666666666666666
xes3g5m,0,1,0.16666666666666666
xes3g5m,1,1,0.16666666666666669
xes3g5m,4,1,0.04761904761904762
xes3g5m,3,1,0.033333333333333326
xes3g5m,5,1,0.053571428571428575
xes3g5m,3,1,0.06666666666666667
xes3g5m,0,1,0.16666666666666666
xes3g5m,2,1,0.05
xes3g5m,1,1,0.16666666666666669
xes3g5m,2,1,0.1
xes3g5m,2,1,0.05
xes3g5m,2,1,0.05
xes3g5m,1,1,0.08333333333333334
xes3g5m,3,1,0.09999999999999999
xes3g5m,1,0,-0.08333333333333333
xes3g5m,0,1,0.16666666666666666
xes3g5m,1,1,0.08333333333333334
xes3g5m,0,1,0.16666666666666666
xes3g5m,2,0,-0.15
xes3g5m,1,0,-0.16666666666666666
xes3g5m,1,1,0.16666666666666669
xes3g5m,2,1,0.05
xes3g5m,0,1,0.16666666666666666
xes3g5m,0,1,0.16666666666666666
xes3g5m,3,0,-0.13333333333333333
xes3g5m,0,1,0.16666666666666666
xes3g5m,4,1,0.11904761904761905
xes3g5m,2,1,0.05
xes3g5m,0,1,0.16666666666666666
xes3g5m,0,1,0.16666666666666666
xes3g5m,4,1,0.023809523809523805
xes3g5m,0,0,-0.16666666666666666
xes3g5m,0,1,0.16666666666666666
xes3g5m,2,1,0.05
xes3g5m,2,1,0.05
xes3g5m,5,1,0.017857142857142863
xes3g5m,0,1,0.16666666666666666
xes3g5m,6,1,0.013888888888888888
xes3g5m,0,1,0.16666666666666666
xes3g5m,0,1,0.16666666666666666
xes3g5m,0,1,0.16666666666666666
xes3g5m,0,1,0.16666666666666666
xes3g5m,0,1,0.16666666666666666
xes3g5m,3,0,-0.13333333333333333
xes3g5m,1,1,0.08333333333333334
xes3g5m,0,1,0.16666666666666666
xes3g5m,0,1,0.16666666666666666
xes3g5m,0,1,0.16666666666666666
xes3g5m,1,1,0.08333333333333334
xes3g5m,0,1,0.16666666666666666
xes3g5m,1,1,0.08333333333333334
xes3g5m,0,1,0.16666666666666666
xes3g5m,1,1,0.08333333333333334
xes3g5m,0,1,0.16666666666666666
xes3g5m,0,1,0.16666666666666666
xes3g5m,4,1,0.023809523809523805
xes3g5m,0,1,0.16666666666666666
xes3g5m,0,1,0.16666666666666666
xes3g5m,1,1,0.08333333333333334
xes3g5m,0,1,0.16666666666666666
xes3g5m,0,1,0.16666666666666666
xes3g5m,0,1,0.16666666666666666
xes3g5m,0,1,0.16666666666666666
xes3g5m,1,1,0.08333333333333334
xes3g5m,0,1,0.16666666666666666
xes3g5m,0,1,0.16666666666666666
xes3g5m,2,1,0.05
xes3g5m,0,1,0.16666666666666666
xes3g5m,0,0,-0.16666666666666666
xes3g5m,1,1,0.08333333333333334
xes3g5m,0,1,0.16666666666666666
xes3g5m,1,1,0.08333333333333334
xes3g5m,0,1,0.16666666666666666
xes3g5m,1,0,-0.16666666666666666
xes3g5m,1,1,0.08333333333333334
xes3g5m,2,1,0.1
xes3g5m,0,1,0.16666666666666666
xes3g5m,1,1,0.08333333333333334
xes3g5m,1,1,0.08333333333333334
xes3g5m,3,0,-0.13333333333333333
xes3g5m,1,1,0.08333333333333334
xes3g5m,2,1,0.05
xes3g5m,0,1,0.16666666666666666
xes3g5m,2,0,-0.1
xes3g5m,1,0,-0.16666666666666666
xes3g5m,0,1,0.16666666666666666
xes3g5m,1,1,0.08333333333333334
xes3g5m,3,1,0.033333333333333326
xes3g5m,0,1,0.16666666666666666
xes3g5m,0,1,0.16666666666666666
xes3g5m,1,1,0.08333333333333334
xes3g5m,0,1,0.16666666666666666
xes3g5m,3,0,-0.09999999999999999
xes3g5m,0,1,0.16666666666666666
xes3g5m,1,1,0.08333333333333334
xes3g5m,0,1,0.16666666666666666
xes3g5m,0,1,0.16666666666666666
xes3g5m,0,0,-0.16666666666666666
xes3g5m,2,1,0.05
xes3g5m,1,1,0.08333333333333334
xes3g5m,2,1,0.05
xes3g5m,1,1,0.08333333333333334
xes3g5m,0,1,0.16666666666666666
xes3g5m,0,1,0.16666666666666666
xes3g5m,1,0,-0.16666666666666666
xes3g5m,0,0,-0.16666666666666666
xes3g5m,0,1,0.16666666666666666
xes3g5m,0,0,-0.16666666666666666
xes3g5m,1,0,-0.08333333333333333
xes3g5m,0,0,-0.16666666666666666
xes3g5m,2,1,0.05
xes3g5m,3,1,0.033333333333333326
xes3g5m,0,1,0.16666666666666666
xes3g5m,0,1,0.16666666666666666
xes3g5m,0,1,0.16666666666666666
xes3g5m,0,1,0.16666666666666666
xes3g5m,1,1,0.16666666666666669
xes3g5m,2,0,-0.1
xes3g5m,0,1,0.16666666666666666
xes3g5m,0,0,-0.16666666666666666
xes3g5m,0,0,-0.16666666666666666
xes3g5m,1,1,0.08333333333333334
xes3g5m,0,1,0.16666666666666666
xes3g5m,2,1,0.05
xes3g5m,1,1,0.08333333333333334
xes3g5m,0,1,0.16666666666666666
xes3g5m,0,1,0.16666666666666666
xes3g5m,0,1,0.16666666666666666
xes3g5m,3,1,0.033333333333333326
xes3g5m,1,1,0.08333333333333334
xes3g5m,0,0,-0.16666666666666666
xes3g5m,4,1,0.023809523809523805
xes3g5m,0,0,-0.16666666666666666
xes3g5m,4,1,0.04761904761904762
xes3g5m,1,1,0.16666666666666669
xes3g5m,4,1,0.023809523809523805
xes3g5m,1,1,0.08333333333333334
xes3g5m,1,1,0.08333333333333334
xes3g5m,1,1,0.08333333333333334
xes3g5m,3,1,0.033333333333333326
xes3g5m,0,1,0.16666666666666666
xes3g5m,1,1,0.08333333333333334
xes3g5m,4,1,0.023809523809523805
xes3g5m,1,0,-0.16666666666666666
xes3g5m,0,1,0.16666666666666666
xes3g5m,0,0,-0.16666666666666666
xes3g5m,0,1,0.16666666666666666
xes3g5m,1,1,0.08333333333333334
xes3g5m,1,1,0.08333333333333334
xes3g5m,0,1,0.16666666666666666
xes3g5m,0,1,0.16666666666666666
xes3g5m,1,1,0.16666666666666669
xes3g5m,1,1,0.08333333333333334
xes3g5m,0,1,0.16666666666666666
xes3g5m,5,0,-0.08928571428571429
xes3g5m,1,1,0.08333333333333334
xes3g5m,3,1,0.033333333333333326
xes3g5m,0,0,-0.16666666666666666
xes3g5m,0,1,0.16666666666666666
xes3g5m,4,1,0.04761904761904762
xes3g5m,1,1,0.08333333333333334
xes3g5m,5,1,0.03571428571428571
xes3g5m,0,1,0.16666666666666666
xes3g5m,0,1,0.16666666666666666
xes3g5m,0,1,0.16666666666666666
xes3g5m,0,1,0.16666666666666666
xes3g5m,1,0,-0.08333333333333333
xes3g5m,1,1,0.08333333333333334
xes3g5m,2,0,-0.15
xes3g5m,0,1,0.16666666666666666
xes3g5m,3,0,-0.06666666666666667
xes3g5m,2,1,0.05
xes3g5m,1,1,0.08333333333333334
xes3g5m,1,1,0.08333333333333334
xes3g5m,2,1,0.05
xes3g5m,2,0,-0.1
xes3g5m,0,1,0.16666666666666666
xes3g5m,2,0,-0.05
xes3g5m,2,1,0.1
xes3g5m,0,1,0.16666666666666666
xes3g5m,1,1,0.16666666666666669
xes3g5m,0,1,0.16666666666666666
xes3g5m,1,1,0.08333333333333334
xes3g5m,2,0,-0.15
xes3g5m,1,0,-0.16666666666666666
xes3g5m,0,0,-0.16666666666666666
xes3g5m,1,1,0.08333333333333334
xes3g5m,2,0,-0.1
xes3g5m,3,1,0.033333333333333326
xes3g5m,0,1,0.16666666666666666
xes3g5m,4,1,0.023809523809523805
xes3g5m,0,1,0.16666666666666666
xes3g5m,0,1,0.16666666666666666
xes3g5m,1,1,0.16666666666666669
xes3g5m,1,1,0.16666666666666669
xes3g5m,0,1,0.16666666666666666
xes3g5m,2,1,0.05
xes3g5m,0,1,0.16666666666666666
xes3g5m,0,0,-0.16666666666666666
xes3g5m,3,1,0.06666666666666667
xes3g5m,0,1,0.16666666666666666
xes3g5m,0,1,0.16666666666666666
xes3g5m,1,1,0.08333333333333334
xes3g5m,4,1,0.023809523809523805
xes3g5m,1,1,0.08333333333333334
xes3g5m,2,0,-0.15
xes3g5m,2,1,0.05
xes3g5m,2,0,-0.1
xes3g5m,0,1,0.16666666666666666
xes3g5m,0,1,0.16666666666666666
xes3g5m,0,1,0.16666666666666666
xes3g5m,4,1,0.04761904761904762
xes3g5m,1,0,-0.08333333333333333
xes3g5m,1,0,-0.16666666666666666
xes3g5m,3,1,0.06666666666666667
xes3g5m,2,1,0.05
xes3g5m,0,1,0.16666666666666666
xes3g5m,0,0,-0.16666666666666666
xes3g5m,0,1,0.16666666666666666
xes3g5m,1,0,-0.08333333333333333
xes3g5m,1,1,0.08333333333333334
xes3g5m,1,1,0.08333333333333334
xes3g5m,0,1,0.16666666666666666
xes3g5m,0,1,0.16666666666666666
xes3g5m,1,1,0.08333333333333334
xes3g5m,1,1,0.08333333333333334
xes3g5m,0,0,-0.16666666666666666
xes3g5m,0,0,-0.16666666666666666
xes3g5m,2,1,0.1
xes3g5m,2,1,0.05
xes3g5m,0,1,0.16666666666666666
xes3g5m,0,1,0.16666666666666666
xes3g5m,0,1,0.16666666666666666
xes3g5m,0,0,-0.16666666666666666
xes3g5m,0,1,0.16666666666666666
xes3g5m,0,1,0.16666666666666666
xes3g5m,0,0,-0.16666666666666666
xes3g5m,2,1,0.05
xes3g5m,2,1,0.05
xes3g5m,1,1,0.08333333333333334
xes3g5m,0,0,-0.16666666666666666
xes3g5m,0,0,-0.16666666666666666
xes3g5m,1,1,0.08333333333333334
xes3g5m,1,0,-0.08333333333333333
xes3g5m,0,1,0.16666666666666666
xes3g5m,1,0,-0.16666666666666666
xes3g5m,2,1,0.05
xes3g5m,0,1,0.16666666666666666
xes3g5m,1,1,0.08333333333333334
xes3g5m,0,0,-0.16666666666666666
xes3g5m,1,1,0.08333333333333334
xes3g5m,1,0,-0.08333333333333333
xes3g5m,0,0,-0.16666666666666666
xes3g5m,0,0,-0.16666666666666666
xes3g5m,2,1,0.05
xes3g5m,4,1,0.023809523809523805
xes3g5m,7,0,-0.04444444444444444
xes3g5m,5,1,0.03571428571428571
xes3g5m,0,1,0.16666666666666666
xes3g5m,0,1,0.16666666666666666
xes3g5m,1,1,0.08333333333333334
xes3g5m,1,1,0.08333333333333334
xes3g5m,2,1,0.05
xes3g5m,0,1,0.16666666666666666
xes3g5m,1,1,0.16666666666666669
xes3g5m,0,0,-0.16666666666666666
xes3g5m,3,1,0.06666666666666667
xes3g5m,0,1,0.16666666666666666
xes3g5m,4,1,0.04761904761904762
xes3g5m,0,0,-0.16666666666666666
xes3g5m,0,1,0.16666666666666666
xes3g5m,1,0,-0.16666666666666666
xes3g5m,2,1,0.1
xes3g5m,0,1,0.16666666666666666
xes3g5m,4,1,0.023809523809523805
xes3g5m,0,1,0.16666666666666666
xes3g5m,1,1,0.16666666666666669
xes3g5m,1,1,0.08333333333333334
xes3g5m,0,1,0.16666666666666666
xes3g5m,0,1,0.16666666666666666
xes3g5m,0,0,-0.16666666666666666
xes3g5m,1,1,0.08333333333333334
xes3g5m,0,1,0.16666666666666666
xes3g5m,2,1,0.05
xes3g5m,0,1,0.16666666666666666
xes3g5m,0,1,0.16666666666666666
xes3g5m,0,1,0.16666666666666666
xes3g5m,2,0,-0.05
xes3g5m,2,1,0.05
xes3g5m,4,1,0.07142857142857142
xes3g5m,1,1,0.08333333333333334
xes3g5m,0,1,0.16666666666666666
xes3g5m,0,1,0.16666666666666666
xes3g5m,0,1,0.16666666666666666
xes3g5m,3,1,0.033333333333333326
xes3g5m,0,1,0.16666666666666666
xes3g5m,0,1,0.16666666666666666
xes3g5m,1,1,0.16666666666666669
xes3g5m,1,1,0.08333333333333334
xes3g5m,1,1,0.08333333333333334
xes3g5m,0,0,-0.16666666666666666
xes3g5m,0,1,0.16666666666666666
xes3g5m,1,1,0.08333333333333334
xes3g5m,0,0,-0.16666666666666666
xes3g5m,2,1,0.1
xes3g5m,0,1,0.16666666666666666
xes3g5m,0,1,0.16666666666666666
xes3g5m,0,1,0.16666666666666666
xes3g5m,0,0,-0.16666666666666666
xes3g5m,0,1,0.16666666666666666
xes3g5m,1,1,0.16666666666666669
xes3g5m,0,0,-0.16666666666666666
xes3g5m,0,1,0.16666666666666666
xes3g5m,4,0,-0.11904761904761905
xes3g5m,4,1,0.023809523809523805
xes3g5m,2,1,0.1
xes3g5m,0,1,0.16666666666666666
xes3g5m,0,1,0.16666666666666666
xes3g5m,0,1,0.16666666666666666
xes3g5m,0,1,0.16666666666666666
xes3g5m,1,1,0.08333333333333334
xes3g5m,2,1,0.05
xes3g5m,3,1,0.033333333333333326
xes3g5m,1,1,0.08333333333333334
xes3g5m,2,1,0.05
xes3g5m,2,1,0.15
xes3g5m,0,1,0.16666666666666666
xes3g5m,0,0,-0.16666666666666666
xes3g5m,3,1,0.033333333333333326
xes3g5m,1,1,0.08333333333333334
xes3g5m,1,0,-0.08333333333333333
xes3g5m,2,1,0.05
xes3g5m,0,1,0.16666666666666666
xes3g5m,3,1,0.033333333333333326
xes3g5m,1,0,-0.16666666666666666
xes3g5m,0,1,0.16666666666666666
xes3g5m,4,1,0.04761904761904762
xes3g5m,0,0,-0.16666666666666666
xes3g5m,2,1,0.05
xes3g5m,0,1,0.16666666666666666
xes3g5m,0,1,0.16666666666666666
xes3g5m,1,1,0.08333333333333334
xes3g5m,2,0,-0.15
xes3g5m,3,1,0.09999999999999999
xes3g5m,4,1,0.023809523809523805
xes3g5m,0,1,0.16666666666666666
xes3g5m,1,1,0.08333333333333334
xes3g5m,0,1,0.16666666666666666
xes3g5m,0,1,0.16666666666666666
xes3g5m,3,1,0.033333333333333326
xes3g5m,1,1,0.08333333333333334
xes3g5m,0,1,0.16666666666666666
xes3g5m,0,1,0.16666666666666666
xes3g5m,0,1,0.16666666666666666
xes3g5m,0,0,-0.16666666666666666
xes3g5m,0,1,0.16666666666666666
xes3g5m,0,1,0.16666666666666666
xes3g5m,1,1,0.08333333333333334
xes3g5m,1,1,0.08333333333333334
xes3g5m,0,1,0.16666666666666666
xes3g5m,0,1,0.16666666666666666
xes3g5m,1,1,0.08333333333333334
xes3g5m,4,1,0.023809523809523805
xes3g5m,0,1,0.16666666666666666
xes3g5m,0,1,0.16666666666666666
xes3g5m,0,0,-0.16666666666666666
xes3g5m,1,1,0.08333333333333334
xes3g5m,0,1,0.16666666666666666
xes3g5m,1,1,0.08333333333333334
xes3g5m,0,1,0.16666666666666666
xes3g5m,0,1,0.16666666666666666
xes3g5m,0,0,-0.16666666666666666
xes3g5m,3,1,0.09999999999999999
xes3g5m,0,1,0.16666666666666666
xes3g5m,1,1,0.08333333333333334
xes3g5m,1,1,0.08333333333333334
xes3g5m,1,1,0.08333333333333334
xes3g5m,1,1,0.08333333333333334
xes3g5m,1,1,0.08333333333333334
xes3g5m,0,1,0.16666666666666666
xes3g5m,1,1,0.08333333333333334
xes3g5m,0,1,0.16666666666666666
xes3g5m,2,1,0.05
xes3g5m,1,0,-0.08333333333333333
xes3g5m,2,1,0.05
xes3g5m,1,1,0.08333333333333334
xes3g5m,1,1,0.08333333333333334
xes3g5m,0,1,0.16666666666666666
xes3g5m,0,1,0.16666666666666666
xes3g5m,2,0,-0.15
xes3g5m,3,1,0.06666666666666667
xes3g5m,1,1,0.16666666666666669
xes3g5m,1,1,0.08333333333333334
xes3g5m,0,1,0.16666666666666666
xes3g5m,1,1,0.08333333333333334
xes3g5m,0,0,-0.16666666666666666
xes3g5m,0,1,0.16666666666666666
xes3g5m,3,1,0.06666666666666667
xes3g5m,2,1,0.05
xes3g5m,1,1,0.08333333333333334
xes3g5m,2,1,0.05
xes3g5m,0,1,0.16666666666666666
xes3g5m,2,1,0.05
xes3g5m,0,1,0.16666666666666666
xes3g5m,1,0,-0.16666666666666666
xes3g5m,2,1,0.05
xes3g5m,0,1,0.16666666666666666
xes3g5m,3,1,0.06666666666666667
xes3g5m,2,0,-0.1
xes3g5m,0,1,0.16666666666666666
xes3g5m,0,1,0.16666666666666666
xes3g5m,4,1,0.023809523809523805
xes3g5m,0,1,0.16666666666666666
xes3g5m,0,1,0.16666666666666666
xes3g5m,1,1,0.08333333333333334
xes3g5m,2,1,0.1
xes3g5m,0,1,0.16666666666666666
xes3g5m,3,1,0.033333333333333326
xes3g5m,1,0,-0.16666666666666666
xes3g5m,0,0,-0.16666666666666666
xes3g5m,0,1,0.16666666666666666
xes3g5m,0,1,0.16666666666666666
xes3g5m,2,1,0.05
xes3g5m,3,1,0.033333333333333326
xes3g5m,2,1,0.1
xes3g5m,0,1,0.16666666666666666
xes3g5m,3,1,0.033333333333333326
xes3g5m,2,1,0.05
xes3g5m,2,1,0.1
xes3g5m,1,0,-0.16666666666666666
xes3g5m,0,0,-0.16666666666666666
xes3g5m,0,1,0.16666666666666666
xes3g5m,0,1,0.16666666666666666
xes3g5m,0,1,0.16666666666666666
xes3g5m,2,0,-0.05
xes3g5m,4,1,0.023809523809523805
xes3g5m,0,1,0.16666666666666666
xes3g5m,1,1,0.08333333333333334
xes3g5m,2,1,0.05
xes3g5m,1,0,-0.16666666666666666
xes3g5m,1,1,0.08333333333333334
xes3g5m,1,1,0.08333333333333334
xes3g5m,1,1,0.08333333333333334
xes3g5m,0,1,0.16666666666666666
xes3g5m,1,1,0.08333333333333334
xes3g5m,0,1,0.16666666666666666
xes3g5m,0,1,0.16666666666666666
xes3g5m,6,1,0.05555555555555555
xes3g5m,0,1,0.16666666666666666
xes3g5m,0,1,0.16666666666666666
xes3g5m,2,1,0.05
xes3g5m,1,1,0.08333333333333334
xes3g5m,0,0,-0.16666666666666666
xes3g5m,0,1,0.16666666666666666
xes3g5m,8,1,0.03636363636363637
xes3g5m,1,1,0.08333333333333334
xes3g5m,3,1,0.06666666666666667
xes3g5m,1,1,0.08333333333333334
xes3g5m,0,1,0.16666666666666666
xes3g5m,0,0,-0.16666666666666666
xes3g5m,1,1,0.08333333333333334
xes3g5m,0,1,0.16666666666666666
xes3g5m,0,0,-0.16666666666666666
xes3g5m,1,1,0.08333333333333334
xes3g5m,3,0,-0.09999999999999999
xes3g5m,1,1,0.08333333333333334
xes3g5m,2,1,0.05
xes3g5m,7,1,0.011111111111111117
xes3g5m,1,1,0.08333333333333334
xes3g5m,0,1,0.16666666666666666
xes3g5m,0,1,0.16666666666666666
xes3g5m,1,1,0.08333333333333334
xes3g5m,2,1,0.05
xes3g5m,4,1,0.023809523809523805
xes3g5m,1,1,0.08333333333333334
xes3g5m,2,1,0.1
xes3g5m,0,1,0.16666666666666666
xes3g5m,5,1,0.017857142857142863
xes3g5m,1,1,0.08333333333333334
xes3g5m,0,1,0.16666666666666666
xes3g5m,4,1,0.023809523809523805
xes3g5m,3,1,0.06666666666666667
xes3g5m,0,1,0.16666666666666666
xes3g5m,4,1,0.07142857142857142
xes3g5m,1,1,0.08333333333333334
xes3g5m,0,1,0.16666666666666666
xes3g5m,3,1,0.033333333333333326
xes3g5m,1,0,-0.16666666666666666
xes3g5m,0,1,0.16666666666666666
xes3g5m,1,1,0.08333333333333334
xes3g5m,0,1,0.16666666666666666
xes3g5m,0,1,0.16666666666666666
xes3g5m,0,1,0.16666666666666666
xes3g5m,0,1,0.16666666666666666
xes3g5m,0,0,-0.16666666666666666
xes3g5m,0,1,0.16666666666666666
xes3g5m,5,1,0.017857142857142863
xes3g5m,0,1,0.16666666666666666
xes3g5m,4,0,-0.07142857142857142
xes3g5m,2,1,0.05
xes3g5m,0,0,-0.16666666666666666
xes3g5m,0,1,0.16666666666666666
xes3g5m,0,0,-0.16666666666666666
xes3g5m,2,1,0.05
xes3g5m,0,1,0.16666666666666666
xes3g5m,0,1,0.16666666666666666
xes3g5m,0,0,-0.16666666666666666
xes3g5m,0,0,-0.16666666666666666
xes3g5m,5,1,0.053571428571428575
xes3g5m,0,0,-0.16666666666666666
xes3g5m,0,1,0.16666666666666666
xes3g5m,0,1,0.16666666666666666
xes3g5m,0,1,0.16666666666666666
xes3g5m,0,0,-0.16666666666666666
xes3g5m,3,1,0.06666666666666667
xes3g5m,3,1,0.033333333333333326
xes3g5m,4,1,0.04761904761904762
xes3g5m,0,1,0.16666666666666666
xes3g5m,1,1,0.08333333333333334
xes3g5m,2,1,0.1
xes3g5m,0,0,-0.16666666666666666
xes3g5m,0,1,0.16666666666666666
xes3g5m,2,1,0.05
xes3g5m,1,1,0.16666666666666669
xes3g5m,0,1,0.16666666666666666
xes3g5m,0,1,0.16666666666666666
xes3g5m,5,1,0.03571428571428571
xes3g5m,0,1,0.16666666666666666
xes3g5m,0,1,0.16666666666666666
xes3g5m,0,0,-0.16666666666666666
xes3g5m,1,1,0.08333333333333334
xes3g5m,0,1,0.16666666666666666
xes3g5m,2,1,0.05
xes3g5m,2,1,0.05
xes3g5m,2,1,0.1
xes3g5m,1,1,0.08333333333333334
xes3g5m,2,0,-0.1
xes3g5m,1,0,-0.08333333333333333
xes3g5m,0,1,0.16666666666666666
xes3g5m,2,1,0.05
xes3g5m,3,1,0.033333333333333326
xes3g5m,3,0,-0.03333333333333333
xes3g5m,2,1,0.05
xes3g5m,0,1,0.16666666666666666
xes3g5m,1,1,0.08333333333333334
xes3g5m,3,0,-0.09999999999999999
xes3g5m,6,1,0.013888888888888888
xes3g5m,2,1,0.15
xes3g5m,1,1,0.08333333333333334
xes3g5m,0,1,0.16666666666666666
xes3g5m,0,1,0.16666666666666666
xes3g5m,2,1,0.05
xes3g5m,6,1,0.013888888888888888
xes3g5m,1,0,-0.08333333333333333
xes3g5m,0,1,0.16666666666666666
xes3g5m,0,1,0.16666666666666666
xes3g5m,1,0,-0.08333333333333333
xes3g5m,0,1,0.16666666666666666
xes3g5m,0,1,0.16666666666666666
xes3g5m,1,1,0.08333333333333334
xes3g5m,2,0,-0.1
xes3g5m,2,1,0.05
xes3g5m,2,1,0.05
xes3g5m,1,1,0.16666666666666669
xes3g5m,0,1,0.16666666666666666
xes3g5m,2,1,0.1
xes3g5m,0,1,0.16666666666666666
xes3g5m,3,1,0.06666666666666667
xes3g5m,1,1,0.08333333333333334
xes3g5m,3,0,-0.06666666666666667
xes3g5m,0,1,0.16666666666666666
xes3g5m,2,1,0.05
xes3g5m,0,1,0.16666666666666666
xes3g5m,0,1,0.16666666666666666
xes3g5m,1,1,0.08333333333333334
xes3g5m,0,1,0.16666666666666666
xes3g5m,0,1,0.16666666666666666
xes3g5m,0,1,0.16666666666666666
xes3g5m,1,1,0.08333333333333334
xes3g5m,6,1,0.013888888888888888
xes3g5m,1,1,0.16666666666666669
xes3g5m,0,1,0.16666666666666666
xes3g5m,0,1,0.16666666666666666
xes3g5m,2,0,-0.15
xes3g5m,4,1,0.023809523809523805
xes3g5m,0,1,0.16666666666666666
xes3g5m,0,1,0.16666666666666666
xes3g5m,0,1,0.16666666666666666
xes3g5m,0,1,0.16666666666666666
xes3g5m,1,1,0.08333333333333334
xes3g5m,3,1,0.033333333333333326
xes3g5m,0,1,0.16666666666666666
xes3g5m,0,1,0.16666666666666666
xes3g5m,1,1,0.16666666666666669
xes3g5m,1,1,0.16666666666666669
xes3g5m,1,1,0.08333333333333334
xes3g5m,2,1,0.05
xes3g5m,0,0,-0.16666666666666666
xes3g5m,0,1,0.16666666666666666
xes3g5m,1,1,0.08333333333333334
xes3g5m,0,1,0.16666666666666666
xes3g5m,2,1,0.05
xes3g5m,4,1,0.04761904761904762
xes3g5m,1,1,0.08333333333333334
xes3g5m,1,1,0.16666666666666669
xes3g5m,2,0,-0.1
xes3g5m,0,1,0.16666666666666666
xes3g5m,0,1,0.16666666666666666
xes3g5m,0,1,0.16666666666666666
xes3g5m,5,1,0.017857142857142863
xes3g5m,1,1,0.08333333333333334
xes3g5m,0,1,0.16666666666666666
xes3g5m,3,1,0.09999999999999999
xes3g5m,0,0,-0.16666666666666666
xes3g5m,1,0,-0.16666666666666666
xes3g5m,2,1,0.1
xes3g5m,0,0,-0.16666666666666666
xes3g5m,1,1,0.16666666666666669
xes3g5m,4,1,0.04761904761904762
xes3g5m,3,1,0.033333333333333326
xes3g5m,0,1,0.16666666666666666
xes3g5m,1,1,0.08333333333333334
xes3g5m,0,1,0.16666666666666666
xes3g5m,0,1,0.16666666666666666
xes3g5m,2,1,0.05
xes3g5m,0,1,0.16666666666666666
xes3g5m,1,1,0.08333333333333334
xes3g5m,0,0,-0.16666666666666666
xes3g5m,1,1,0.08333333333333334
xes3g5m,2,1,0.1
xes3g5m,1,0,-0.16666666666666666
xes3g5m,1,0,-0.16666666666666666
xes3g5m,0,1,0.16666666666666666
xes3g5m,2,0,-0.1
xes3g5m,6,1,0.013888888888888888
xes3g5m,1,1,0.08333333333333334
xes3g5m,0,1,0.16666666666666666
xes3g5m,3,1,0.033333333333333326
xes3g5m,0,1,0.16666666666666666
xes3g5m,3,1,0.033333333333333326
xes3g5m,0,1,0.16666666666666666
xes3g5m,0,1,0.16666666666666666
xes3g5m,3,1,0.033333333333333326
xes3g5m,0,1,0.16666666666666666
xes3g5m,1,1,0.08333333333333334
xes3g5m,1,1,0.16666666666666669
xes3g5m,2,1,0.05
xes3g5m,0,1,0.16666666666666666
xes3g5m,0,1,0.16666666666666666
xes3g5m,3,1,0.033333333333333326
xes3g5m,4,1,0.023809523809523805
xes3g5m,0,0,-0.16666666666666666
xes3g5m,4,1,0.04761904761904762
xes3g5m,0,1,0.16666666666666666
xes3g5m,0,1,0.16666666666666666
xes3g5m,0,1,0.16666666666666666
xes3g5m,0,0,-0.16666666666666666
xes3g5m,0,0,-0.16666666666666666
xes3g5m,2,1,0.05
xes3g5m,1,1,0.16666666666666669
xes3g5m,0,0,-0.16666666666666666
xes3g5m,0,1,0.16666666666666666
xes3g5m,0,1,0.16666666666666666
xes3g5m,1,1,0.08333333333333334
xes3g5m,0,1,0.16666666666666666
xes3g5m,0,1,0.16666666666666666
xes3g5m,1,1,0.08333333333333334
xes3g5m,1,1,0.16666666666666669
xes3g5m,0,1,0.16666666666666666
xes3g5m,0,1,0.16666666666666666
xes3g5m,0,1,0.16666666666666666
xes3g5m,1,1,0.08333333333333334
xes3g5m,2,1,0.05
xes3g5m,0,0,-0.16666666666666666
xes3g5m,0,1,0.16666666666666666
xes3g5m,1,1,0.16666666666666669
xes3g5m,1,1,0.08333333333333334
xes3g5m,1,0,-0.16666666666666666
xes3g5m,0,1,0.16666666666666666
xes3g5m,0,1,0.16666666666666666
xes3g5m,0,1,0.16666666666666666
xes3g5m,0,0,-0.16666666666666666
xes3g5m,0,1,0.16666666666666666
xes3g5m,2,1,0.1
xes3g5m,2,1,0.05
xes3g5m,1,1,0.08333333333333334
xes3g5m,1,0,-0.16666666666666666
xes3g5m,0,0,-0.16666666666666666
xes3g5m,1,1,0.08333333333333334
xes3g5m,1,1,0.08333333333333334
xes3g5m,2,1,0.1
xes3g5m,0,1,0.16666666666666666
xes3g5m,1,1,0.08333333333333334
xes3g5m,0,1,0.16666666666666666
xes3g5m,3,1,0.06666666666666667
xes3g5m,0,1,0.16666666666666666
xes3g5m,0,1,0.16666666666666666
xes3g5m,5,1,0.017857142857142863
xes3g5m,2,1,0.05
xes3g5m,0,1,0.16666666666666666
xes3g5m,0,1,0.16666666666666666
xes3g5m,2,1,0.05
xes3g5m,2,1,0.05
xes3g5m,4,1,0.07142857142857142
xes3g5m,3,0,-0.13333333333333333
xes3g5m,0,1,0.16666666666666666
xes3g5m,3,1,0.033333333333333326
xes3g5m,1,1,0.08333333333333334
xes3g5m,3,1,0.09999999999999999
xes3g5m,1,1,0.08333333333333334
xes3g5m,0,1,0.16666666666666666
xes3g5m,0,1,0.16666666666666666
xes3g5m,1,1,0.08333333333333334
xes3g5m,0,1,0.16666666666666666
xes3g5m,0,1,0.16666666666666666
xes3g5m,1,1,0.08333333333333334
xes3g5m,1,1,0.08333333333333334
xes3g5m,4,1,0.023809523809523805
xes3g5m,5,1,0.03571428571428571
xes3g5m,0,1,0.16666666666666666
xes3g5m,2,1,0.05
xes3g5m,4,0,-0.09523809523809523
xes3g5m,1,1,0.16666666666666669
xes3g5m,1,1,0.16666666666666669
xes3g5m,2,1,0.1
xes3g5m,0,1,0.16666666666666666
xes3g5m,0,1,0.16666666666666666
xes3g5m,0,1,0.16666666666666666
xes3g5m,0,1,0.16666666666666666
xes3g5m,2,1,0.1
xes3g5m,0,1,0.16666666666666666
xes3g5m,2,1,0.05
xes3g5m,2,1,0.05
xes3g5m,0,1,0.16666666666666666
xes3g5m,0,1,0.16666666666666666
xes3g5m,2,1,0.05
xes3g5m,0,1,0.16666666666666666
xes3g5m,0,1,0.16666666666666666
xes3g5m,0,1,0.16666666666666666
xes3g5m,0,1,0.16666666666666666
xes3g5m,4,0,-0.11904761904761905
xes3g5m,1,1,0.08333333333333334
xes3g5m,4,1,0.023809523809523805
xes3g5m,0,1,0.16666666666666666
xes3g5m,3,0,-0.13333333333333333
xes3g5m,2,1,0.05
xes3g5m,0,1,0.16666666666666666
xes3g5m,0,1,0.16666666666666666
xes3g5m,1,1,0.16666666666666669
xes3g5m,1,1,0.08333333333333334
xes3g5m,0,0,-0.16666666666666666
xes3g5m,1,1,0.08333333333333334
xes3g5m,1,0,-0.08333333333333333
xes3g5m,2,1,0.05
xes3g5m,1,1,0.16666666666666669
xes3g5m,0,1,0.16666666666666666
xes3g5m,0,1,0.16666666666666666
xes3g5m,1,0,-0.16666666666666666
xes3g5m,0,0,-0.16666666666666666
xes3g5m,2,1,0.05
xes3g5m,0,0,-0.16666666666666666
xes3g5m,0,1,0.16666666666666666
xes3g5m,3,0,-0.13333333333333333
xes3g5m,0,1,0.16666666666666666
xes3g5m,0,1,0.16666666666666666
xes3g5m,0,1,0.16666666666666666
xes3g5m,2,1,0.1
xes3g5m,1,1,0.08333333333333334
xes3g5m,0,1,0.16666666666666666
xes3g5m,0,1,0.16666666666666666
xes3g5m,2,1,0.05
xes3g5m,4,1,0.023809523809523805
xes3g5m,0,1,0.16666666666666666
xes3g5m,5,1,0.017857142857142863
xes3g5m,2,1,0.05
xes3g5m,0,1,0.16666666666666666
xes3g5m,0,1,0.16666666666666666
xes3g5m,0,1,0.16666666666666666
xes3g5m,1,1,0.16666666666666669
xes3g5m,4,1,0.023809523809523805
xes3g5m,0,1,0.16666666666666666
xes3g5m,4,1,0.023809523809523805
xes3g5m,1,1,0.08333333333333334
xes3g5m,1,1,0.16666666666666669
xes3g5m,2,1,0.05
xes3g5m,0,1,0.16666666666666666
xes3g5m,2,0,-0.15
xes3g5m,2,1,0.15
xes3g5m,0,0,-0.16666666666666666
xes3g5m,0,1,0.16666666666666666
xes3g5m,3,1,0.06666666666666667
xes3g5m,0,1,0.16666666666666666
xes3g5m,1,1,0.08333333333333334
xes3g5m,0,1,0.16666666666666666
xes3g5m,0,1,0.16666666666666666
xes3g5m,1,1,0.08333333333333334
xes3g5m,0,0,-0.16666666666666666
xes3g5m,1,1,0.16666666666666669
xes3g5m,3,1,0.033333333333333326
xes3g5m,0,1,0.16666666666666666
xes3g5m,0,1,0.16666666666666666
xes3g5m,2,0,-0.05
xes3g5m,0,1,0.16666666666666666
xes3g5m,0,1,0.16666666666666666
xes3g5m,2,1,0.1
xes3g5m,1,1,0.08333333333333334
xes3g5m,0,1,0.16666666666666666
xes3g5m,4,0,-0.047619047619047616
xes3g5m,0,1,0.16666666666666666
xes3g5m,1,1,0.08333333333333334
xes3g5m,0,1,0.16666666666666666
xes3g5m,0,1,0.16666666666666666
xes3g5m,0,0,-0.16666666666666666
xes3g5m,1,1,0.08333333333333334
xes3g5m,0,1,0.16666666666666666
xes3g5m,0,1,0.16666666666666666
xes3g5m,0,1,0.16666666666666666
xes3g5m,0,1,0.16666666666666666
xes3g5m,1,1,0.08333333333333334
xes3g5m,6,1,0.013888888888888888
xes3g5m,0,0,-0.16666666666666666
xes3g5m,0,0,-0.16666666666666666
xes3g5m,1,0,-0.16666666666666666
xes3g5m,1,1,0.08333333333333334
xes3g5m,1,0,-0.08333333333333333
xes3g5m,0,1,0.16666666666666666
xes3g5m,5,1,0.017857142857142863
xes3g5m,0,1,0.16666666666666666
xes3g5m,0,1,0.16666666666666666
xes3g5m,1,1,0.08333333333333334
xes3g5m,0,1,0.16666666666666666
xes3g5m,0,1,0.16666666666666666
xes3g5m,2,1,0.05
xes3g5m,2,0,-0.1
xes3g5m,1,1,0.08333333333333334
xes3g5m,1,0,-0.16666666666666666
xes3g5m,0,1,0.16666666666666666
xes3g5m,2,0,-0.15
xes3g5m,1,0,-0.16666666666666666
xes3g5m,0,1,0.16666666666666666
xes3g5m,1,1,0.08333333333333334
xes3g5m,2,1,0.05
xes3g5m,1,1,0.08333333333333334
xes3g5m,1,1,0.08333333333333334
xes3g5m,4,1,0.023809523809523805
xes3g5m,0,1,0.16666666666666666
xes3g5m,0,1,0.16666666666666666
xes3g5m,0,0,-0.16666666666666666
xes3g5m,0,1,0.16666666666666666
xes3g5m,3,1,0.09999999999999999
xes3g5m,2,0,-0.05
xes3g5m,2,1,0.05
xes3g5m,0,1,0.16666666666666666
xes3g5m,1,1,0.08333333333333334
xes3g5m,4,0,-0.09523809523809523
xes3g5m,1,1,0.16666666666666669
xes3g5m,1,1,0.08333333333333334
xes3g5m,0,1,0.16666666666666666
xes3g5m,0,1,0.16666666666666666
xes3g5m,2,1,0.05
xes3g5m,0,1,0.16666666666666666
xes3g5m,1,1,0.08333333333333334
xes3g5m,0,1,0.16666666666666666
xes3g5m,1,1,0.08333333333333334
xes3g5m,0,1,0.16666666666666666
xes3g5m,0,1,0.16666666666666666
xes3g5m,0,1,0.16666666666666666
xes3g5m,0,0,-0.16666666666666666
xes3g5m,0,1,0.16666666666666666
xes3g5m,2,1,0.1
xes3g5m,0,1,0.16666666666666666
xes3g5m,6,1,0.013888888888888888
xes3g5m,1,0,-0.16666666666666666
xes3g5m,0,0,-0.16666666666666666
xes3g5m,2,1,0.05
xes3g5m,1,1,0.08333333333333334
xes3g5m,0,0,-0.16666666666666666
xes3g5m,4,1,0.04761904761904762
xes3g5m,2,1,0.1
xes3g5m,2,1,0.05
xes3g5m,3,1,0.033333333333333326
xes3g5m,0,1,0.16666666666666666
xes3g5m,0,1,0.16666666666666666
xes3g5m,0,1,0.16666666666666666
xes3g5m,1,0,-0.16666666666666666
xes3g5m,1,1,0.08333333333333334
xes3g5m,0,1,0.16666666666666666
xes3g5m,5,1,0.017857142857142863
xes3g5m,1,1,0.16666666666666669
xes3g5m,0,1,0.16666666666666666
xes3g5m,6,1,0.027777777777777776
xes3g5m,0,1,0.16666666666666666
xes3g5m,1,1,0.08333333333333334
xes3g5m,1,1,0.08333333333333334
xes3g5m,6,1,0.027777777777777776
xes3g5m,0,1,0.16666666666666666
xes3g5m,0,1,0.16666666666666666
xes3g5m,0,0,-0.16666666666666666
xes3g5m,0,1,0.16666666666666666
xes3g5m,4,0,-0.09523809523809523
xes3g5m,5,1,0.03571428571428571
xes3g5m,0,1,0.16666666666666666
xes3g5m,0,1,0.16666666666666666
xes3g5m,0,1,0.16666666666666666
xes3g5m,1,1,0.08333333333333334
xes3g5m,3,1,0.06666666666666667
xes3g5m,0,1,0.16666666666666666
xes3g5m,2,1,0.05
xes3g5m,2,1,0.05
xes3g5m,0,1,0.16666666666666666
xes3g5m,3,1,0.06666666666666667
xes3g5m,2,1,0.05
xes3g5m,1,1,0.08333333333333334
xes3g5m,3,1,0.033333333333333326
xes3g5m,1,1,0.08333333333333334
xes3g5m,2,1,0.05
xes3g5m,0,1,0.16666666666666666
xes3g5m,6,1,0.013888888888888888
xes3g5m,0,1,0.16666666666666666
xes3g5m,0,0,-0.16666666666666666
xes3g5m,1,1,0.08333333333333334
xes3g5m,5,1,0.07142857142857142
xes3g5m,0,0,-0.16666666666666666
xes3g5m,0,1,0.16666666666666666
xes3g5m,2,0,-0.15
xes3g5m,0,1,0.16666666666666666
xes3g5m,0,0,-0.16666666666666666
xes3g5m,3,1,0.033333333333333326
xes3g5m,0,1,0.16666666666666666
xes3g5m,0,1,0.16666666666666666
xes3g5m,0,1,0.16666666666666666
xes3g5m,0,1,0.16666666666666666
xes3g5m,8,1,0.009090909090909089
xes3g5m,1,1,0.08333333333333334
xes3g5m,4,1,0.07142857142857142
xes3g5m,2,1,0.05
xes3g5m,1,1,0.08333333333333334
xes3g5m,3,1,0.033333333333333326
xes3g5m,0,1,0.16666666666666666
xes3g5m,0,1,0.16666666666666666
xes3g5m,1,1,0.08333333333333334
xes3g5m,2,1,0.05
xes3g5m,1,1,0.16666666666666669
xes3g5m,1,1,0.08333333333333334
xes3g5m,0,1,0.16666666666666666
xes3g5m,1,0,-0.16666666666666666
xes3g5m,2,1,0.05
xes3g5m,2,1,0.1
xes3g5m,3,1,0.06666666666666667
xes3g5m,0,0,-0.16666666666666666
xes3g5m,1,1,0.08333333333333334
xes3g5m,0,1,0.16666666666666666
xes3g5m,0,1,0.16666666666666666
xes3g5m,0,1,0.16666666666666666
xes3g5m,0,1,0.16666666666666666
xes3g5m,1,0,-0.16666666666666666
xes3g5m,7,0,-0.08888888888888888
xes3g5m,3,1,0.033333333333333326
xes3g5m,1,1,0.08333333333333334
xes3g5m,0,1,0.16666666666666666
xes3g5m,0,0,-0.16666666666666666
xes3g5m,1,1,0.08333333333333334
xes3g5m,0,0,-0.16666666666666666
xes3g5m,1,0,-0.16666666666666666
xes3g5m,2,1,0.1
xes3g5m,0,1,0.16666666666666666
xes3g5m,1,1,0.08333333333333334
xes3g5m,2,0,-0.15
xes3g5m,2,1,0.1
xes3g5m,0,1,0.16666666666666666
xes3g5m,1,1,0.08333333333333334
xes3g5m,1,0,-0.16666666666666666
xes3g5m,0,1,0.16666666666666666
xes3g5m,0,1,0.16666666666666666
xes3g5m,0,1,0.16666666666666666
xes3g5m,1,0,-0.08333333333333333
xes3g5m,0,1,0.16666666666666666
xes3g5m,0,1,0.16666666666666666
xes3g5m,1,1,0.08333333333333334
xes3g5m,5,1,0.07142857142857142
xes3g5m,0,1,0.16666666666666666
xes3g5m,0,1,0.16666666666666666
xes3g5m,1,1,0.08333333333333334
xes3g5m,0,1,0.16666666666666666
xes3g5m,2,0,-0.15
xes3g5m,1,1,0.08333333333333334
xes3g5m,0,1,0.16666666666666666
xes3g5m,0,1,0.16666666666666666
xes3g5m,0,1,0.16666666666666666
xes3g5m,1,1,0.08333333333333334
xes3g5m,1,1,0.08333333333333334
xes3g5m,0,0,-0.16666666666666666
xes3g5m,3,1,0.033333333333333326
xes3g5m,1,0,-0.16666666666666666
xes3g5m,0,1,0.16666666666666666
xes3g5m,1,0,-0.08333333333333333
xes3g5m,1,1,0.08333333333333334
xes3g5m,0,1,0.16666666666666666
xes3g5m,0,0,-0.16666666666666666
xes3g5m,4,0,-0.11904761904761905
xes3g5m,5,1,0.053571428571428575
xes3g5m,0,1,0.16666666666666666
xes3g5m,0,1,0.16666666666666666
xes3g5m,0,0,-0.16666666666666666
xes3g5m,1,1,0.08333333333333334
xes3g5m,0,1,0.16666666666666666
xes3g5m,2,1,0.1
xes3g5m,2,1,0.05
xes3g5m,1,1,0.08333333333333334
xes3g5m,2,0,-0.05
xes3g5m,5,1,0.053571428571428575
xes3g5m,4,1,0.11904761904761905
xes3g5m,1,1,0.08333333333333334
xes3g5m,0,1,0.16666666666666666
xes3g5m,0,1,0.16666666666666666
xes3g5m,1,1,0.16666666666666669
xes3g5m,1,1,0.08333333333333334
xes3g5m,0,1,0.16666666666666666
xes3g5m,1,1,0.08333333333333334
xes3g5m,0,0,-0.16666666666666666
xes3g5m,0,1,0.16666666666666666
xes3g5m,0,1,0.16666666666666666
xes3g5m,0,1,0.16666666666666666
xes3g5m,0,1,0.16666666666666666
xes3g5m,0,1,0.16666666666666666
xes3g5m,1,1,0.08333333333333334
xes3g5m,0,1,0.16666666666666666
xes3g5m,0,0,-0.16666666666666666
xes3g5m,0,1,0.16666666666666666
xes3g5m,0,1,0.16666666666666666
xes3g5m,0,1,0.16666666666666666
xes3g5m,0,1,0.16666666666666666
xes3g5m,0,1,0.16666666666666666
xes3g5m,2,1,0.05
xes3g5m,1,1,0.08333333333333334
xes3g5m,2,1,0.15
xes3g5m,3,1,0.06666666666666667
xes3g5m,3,1,0.06666666666666667
xes3g5m,0,0,-0.16666666666666666
xes3g5m,2,1,0.05
xes3g5m,1,1,0.16666666666666669
xes3g5m,2,1,0.05
xes3g5m,1,0,-0.08333333333333333
xes3g5m,0,1,0.16666666666666666
xes3g5m,1,1,0.08333333333333334
xes3g5m,1,1,0.16666666666666669
xes3g5m,7,1,0.011111111111111117
xes3g5m,3,1,0.033333333333333326
xes3g5m,1,0,-0.16666666666666666
xes3g5m,7,1,0.011111111111111117
xes3g5m,0,1,0.16666666666666666
xes3g5m,2,1,0.05
xes3g5m,1,1,0.16666666666666669
xes3g5m,0,1,0.16666666666666666
xes3g5m,1,1,0.08333333333333334
xes3g5m,2,1,0.05
xes3g5m,3,0,-0.13333333333333333
xes3g5m,1,1,0.16666666666666669
xes3g5m,0,0,-0.16666666666666666
xes3g5m,8,1,0.018181818181818177
xes3g5m,3,1,0.033333333333333326
xes3g5m,1,1,0.08333333333333334
xes3g5m,1,1,0.08333333333333334
xes3g5m,1,0,-0.16666666666666666
xes3g5m,0,1,0.16666666666666666
xes3g5m,0,1,0.16666666666666666
xes3g5m,1,0,-0.16666666666666666
xes3g5m,1,1,0.08333333333333334
xes3g5m,0,0,-0.16666666666666666
xes3g5m,0,1,0.16666666666666666
xes3g5m,0,0,-0.16666666666666666
xes3g5m,3,1,0.033333333333333326
xes3g5m,0,1,0.16666666666666666
xes3g5m,0,1,0.16666666666666666
xes3g5m,0,1,0.16666666666666666
xes3g5m,4,1,0.07142857142857142
xes3g5m,1,1,0.08333333333333334
xes3g5m,5,1,0.017857142857142863
xes3g5m,2,1,0.05
xes3g5m,0,1,0.16666666666666666
xes3g5m,0,1,0.16666666666666666
xes3g5m,3,1,0.033333333333333326
xes3g5m,0,1,0.16666666666666666
xes3g5m,5,0,-0.05357142857142857
xes3g5m,0,0,-0.16666666666666666
xes3g5m,0,1,0.16666666666666666
xes3g5m,0,1,0.16666666666666666
xes3g5m,0,1,0.16666666666666666
xes3g5m,2,1,0.05
xes3g5m,3,1,0.06666666666666667
xes3g5m,0,1,0.16666666666666666
xes3g5m,0,1,0.16666666666666666
xes3g5m,3,1,0.06666666666666667
xes3g5m,4,0,-0.11904761904761905
xes3g5m,1,1,0.08333333333333334
xes3g5m,0,1,0.16666666666666666
xes3g5m,0,1,0.16666666666666666
xes3g5m,0,1,0.16666666666666666
xes3g5m,2,1,0.05
xes3g5m,1,1,0.08333333333333334
xes3g5m,0,1,0.16666666666666666
xes3g5m,4,1,0.04761904761904762
xes3g5m,1,1,0.08333333333333334
xes3g5m,0,0,-0.16666666666666666
xes3g5m,1,1,0.08333333333333334
xes3g5m,0,1,0.16666666666666666
xes3g5m,0,0,-0.16666666666666666
xes3g5m,1,1,0.08333333333333334
xes3g5m,2,1,0.05
xes3g5m,2,1,0.05
xes3g5m,1,1,0.08333333333333334
xes3g5m,0,1,0.16666666666666666
xes3g5m,1,0,-0.16666666666666666
xes3g5m,2,1,0.05
xes3g5m,2,1,0.1
xes3g5m,0,1,0.16666666666666666
xes3g5m,1,1,0.08333333333333334
xes3g5m,0,1,0.16666666666666666
xes3g5m,1,1,0.16666666666666669
xes3g5m,2,0,-0.15
xes3g5m,0,1,0.16666666666666666
xes3g5m,0,1,0.16666666666666666
xes3g5m,1,1,0.08333333333333334
xes3g5m,0,1,0.16666666666666666
xes3g5m,0,1,0.16666666666666666
xes3g5m,2,1,0.05
xes3g5m,0,1,0.16666666666666666
xes3g5m,5,1,0.017857142857142863
xes3g5m,4,1,0.04761904761904762
xes3g5m,1,1,0.08333333333333334
xes3g5m,0,1,0.16666666666666666
xes3g5m,0,1,0.16666666666666666
xes3g5m,0,1,0.16666666666666666
xes3g5m,3,1,0.033333333333333326
xes3g5m,0,0,-0.16666666666666666
xes3g5m,1,1,0.08333333333333334
xes3g5m,0,1,0.16666666666666666
xes3g5m,0,1,0.16666666666666666
xes3g5m,1,1,0.08333333333333334
xes3g5m,2,0,-0.05
xes3g5m,8,1,0.018181818181818177
xes3g5m,1,1,0.08333333333333334
xes3g5m,3,1,0.033333333333333326
xes3g5m,4,1,0.023809523809523805
xes3g5m,3,1,0.033333333333333326
xes3g5m,0,1,0.16666666666666666
xes3g5m,4,1,0.023809523809523805
xes3g5m,1,1,0.08333333333333334
xes3g5m,3,1,0.06666666666666667
xes3g5m,5,0,-0.08928571428571429
xes3g5m,0,1,0.16666666666666666
xes3g5m,0,1,0.16666666666666666
xes3g5m,0,1,0.16666666666666666
xes3g5m,0,1,0.16666666666666666
xes3g5m,0,1,0.16666666666666666
xes3g5m,0,1,0.16666666666666666
xes3g5m,0,1,0.16666666666666666
xes3g5m,0,1,0.16666666666666666
xes3g5m,2,1,0.05
xes3g5m,1,1,0.08333333333333334
xes3g5m,0,1,0.16666666666666666
xes3g5m,0,1,0.16666666666666666
xes3g5m,3,1,0.033333333333333326
xes3g5m,1,1,0.08333333333333334
xes3g5m,2,1,0.15
xes3g5m,0,1,0.16666666666666666
xes3g5m,3,1,0.09999999999999999
xes3g5m,1,1,0.16666666666666669
xes3g5m,2,1,0.1
xes3g5m,0,0,-0.16666666666666666
xes3g5m,4,1,0.023809523809523805
xes3g5m,0,0,-0.16666666666666666
xes3g5m,0,1,0.16666666666666666
xes3g5m,1,1,0.08333333333333334
xes3g5m,3,1,0.033333333333333326
xes3g5m,0,1,0.16666666666666666
xes3g5m,1,1,0.08333333333333334
xes3g5m,1,1,0.08333333333333334
xes3g5m,0,1,0.16666666666666666
xes3g5m,0,1,0.16666666666666666
xes3g5m,2,0,-0.15
xes3g5m,1,1,0.08333333333333334
xes3g5m,0,0,-0.16666666666666666
xes3g5m,2,1,0.05
xes3g5m,0,0,-0.16666666666666666
xes3g5m,2,1,0.05
xes3g5m,0,1,0.16666666666666666
xes3g5m,1,1,0.08333333333333334
xes3g5m,1,1,0.08333333333333334
xes3g5m,0,1,0.16666666666666666
xes3g5m,1,1,0.08333333333333334
xes3g5m,2,1,0.05
xes3g5m,3,1,0.033333333333333326
xes3g5m,1,1,0.08333333333333334
xes3g5m,2,1,0.15
xes3g5m,7,1,0.03333333333333334
xes3g5m,1,0,-0.16666666666666666
xes3g5m,1,1,0.08333333333333334
xes3g5m,4,1,0.04761904761904762
xes3g5m,1,1,0.08333333333333334
xes3g5m,0,1,0.16666666666666666
xes3g5m,5,1,0.03571428571428571
xes3g5m,2,1,0.1
xes3g5m,3,1,0.06666666666666667
xes3g5m,0,1,0.16666666666666666
xes3g5m,2,1,0.05
xes3g5m,1,1,0.08333333333333334
xes3g5m,0,1,0.16666666666666666
xes3g5m,1,1,0.08333333333333334
xes3g5m,2,1,0.05
xes3g5m,1,1,0.08333333333333334
xes3g5m,1,1,0.16666666666666669
xes3g5m,0,0,-0.16666666666666666
xes3g5m,0,1,0.16666666666666666
xes3g5m,1,1,0.08333333333333334
xes3g5m,2,1,0.05
xes3g5m,0,1,0.16666666666666666
xes3g5m,1,0,-0.16666666666666666
xes3g5m,2,1,0.05
xes3g5m,3,0,-0.09999999999999999
xes3g5m,2,1,0.05
xes3g5m,2,1,0.05
xes3g5m,0,1,0.16666666666666666
xes3g5m,1,1,0.16666666666666669
xes3g5m,0,0,-0.16666666666666666
xes3g5m,2,1,0.1
xes3g5m,3,0,-0.13333333333333333
xes3g5m,1,1,0.16666666666666669
xes3g5m,1,0,-0.16666666666666666
xes3g5m,2,1,0.05
xes3g5m,0,1,0.16666666666666666
xes3g5m,2,1,0.05
xes3g5m,0,1,0.16666666666666666
xes3g5m,1,0,-0.16666666666666666
xes3g5m,2,1,0.1
xes3g5m,0,1,0.16666666666666666
xes3g5m,1,1,0.08333333333333334
xes3g5m,1,1,0.16666666666666669
xes3g5m,0,1,0.16666666666666666
xes3g5m,0,1,0.16666666666666666
xes3g5m,0,1,0.16666666666666666
xes3g5m,0,0,-0.16666666666666666
xes3g5m,0,1,0.16666666666666666
xes3g5m,1,1,0.08333333333333334
xes3g5m,2,1,0.05
xes3g5m,3,1,0.033333333333333326
xes3g5m,2,1,0.05
xes3g5m,0,0,-0.16666666666666666
xes3g5m,0,1,0.16666666666666666
xes3g5m,2,1,0.05
xes3g5m,0,1,0.16666666666666666
xes3g5m,1,1,0.08333333333333334
xes3g5m,1,0,-0.16666666666666666
xes3g5m,3,1,0.06666666666666667
xes3g5m,0,1,0.16666666666666666
xes3g5m,0,1,0.16666666666666666
xes3g5m,2,1,0.05
xes3g5m,7,1,0.02222222222222222
xes3g5m,1,1,0.08333333333333334
xes3g5m,0,0,-0.16666666666666666
xes3g5m,1,1,0.08333333333333334
xes3g5m,0,1,0.16666666666666666
xes3g5m,0,1,0.16666666666666666
xes3g5m,3,1,0.033333333333333326
xes3g5m,0,1,0.16666666666666666
xes3g5m,6,1,0.027777777777777776
xes3g5m,1,1,0.08333333333333334
xes3g5m,1,0,-0.16666666666666666
xes3g5m,1,0,-0.16666666666666666
xes3g5m,2,1,0.1
xes3g5m,1,1,0.08333333333333334
xes3g5m,0,1,0.16666666666666666
xes3g5m,0,0,-0.16666666666666666
xes3g5m,3,1,0.033333333333333326
xes3g5m,3,0,-0.06666666666666667
xes3g5m,2,1,0.1
xes3g5m,0,0,-0.16666666666666666
xes3g5m,4,0,-0.023809523809523808
xes3g5m,4,1,0.04761904761904762
xes3g5m,1,1,0.08333333333333334
xes3g5m,0,1,0.16666666666666666
xes3g5m,0,1,0.16666666666666666
xes3g5m,2,1,0.05
xes3g5m,0,1,0.16666666666666666
xes3g5m,0,1,0.16666666666666666
xes3g5m,0,0,-0.16666666666666666
xes3g5m,4,1,0.023809523809523805
xes3g5m,0,0,-0.16666666666666666
xes3g5m,0,1,0.16666666666666666
xes3g5m,3,1,0.033333333333333326
xes3g5m,1,1,0.08333333333333334
xes3g5m,2,1,0.15
xes3g5m,0,1,0.16666666666666666
xes3g5m,2,1,0.05
xes3g5m,2,1,0.05
xes3g5m,0,1,0.16666666666666666
xes3g5m,0,1,0.16666666666666666
xes3g5m,0,1,0.16666666666666666
xes3g5m,0,1,0.16666666666666666
xes3g5m,3,0,-0.06666666666666667
xes3g5m,1,1,0.08333333333333334
xes3g5m,0,1,0.16666666666666666
xes3g5m,0,1,0.16666666666666666
xes3g5m,1,0,-0.16666666666666666
xes3g5m,5,0,-0.10714285714285714
xes3g5m,0,1,0.16666666666666666
xes3g5m,2,1,0.05
xes3g5m,1,1,0.08333333333333334
xes3g5m,0,1,0.16666666666666666
xes3g5m,4,0,-0.023809523809523808
xes3g5m,1,1,0.08333333333333334
xes3g5m,6,1,0.013888888888888888
xes3g5m,1,1,0.08333333333333334
xes3g5m,3,1,0.033333333333333326
xes3g5m,1,1,0.08333333333333334
xes3g5m,0,1,0.16666666666666666
xes3g5m,2,0,-0.15
xes3g5m,3,1,0.033333333333333326
xes3g5m,2,1,0.05
xes3g5m,2,1,0.05
xes3g5m,0,1,0.16666666666666666
xes3g5m,1,1,0.08333333333333334
xes3g5m,1,0,-0.16666666666666666
xes3g5m,0,1,0.16666666666666666
xes3g5m,0,1,0.16666666666666666
xes3g5m,0,1,0.16666666666666666
xes3g5m,1,1,0.08333333333333334
xes3g5m,0,1,0.16666666666666666
xes3g5m,0,1,0.16666666666666666
xes3g5m,1,1,0.08333333333333334
xes3g5m,1,1,0.16666666666666669
xes3g5m,2,1,0.05
xes3g5m,1,1,0.08333333333333334
xes3g5m,1,1,0.08333333333333334
xes3g5m,0,1,0.16666666666666666
xes3g5m,2,1,0.1
xes3g5m,0,0,-0.16666666666666666
xes3g5m,0,1,0.16666666666666666
xes3g5m,0,1,0.16666666666666666
xes3g5m,2,1,0.05
xes3g5m,0,1,0.16666666666666666
xes3g5m,0,1,0.16666666666666666
xes3g5m,3,1,0.033333333333333326
xes3g5m,4,1,0.023809523809523805
xes3g5m,0,1,0.16666666666666666
xes3g5m,3,1,0.033333333333333326
xes3g5m,1,1,0.08333333333333334
xes3g5m,0,1,0.16666666666666666
xes3g5m,5,0,-0.05357142857142857
xes3g5m,0,1,0.16666666666666666
xes3g5m,0,1,0.16666666666666666
xes3g5m,0,1,0.16666666666666666
xes3g5m,0,0,-0.16666666666666666
xes3g5m,0,1,0.16666666666666666
xes3g5m,2,1,0.05
xes3g5m,2,1,0.05
xes3g5m,0,1,0.16666666666666666
xes3g5m,1,0,-0.16666666666666666
xes3g5m,0,1,0.16666666666666666
xes3g5m,0,1,0.16666666666666666
xes3g5m,0,1,0.16666666666666666
