dataset,seed,grid_tag,variant,model_variant,test_auc,test_acc,test_rmse,best_val_auc,best_epoch,model_epoch,reg_bce_ratio,delta_over_irt,mf_abs_mean,residual_abs_mean,gate_mean,graph_entropy_ratio,alpha_std,status,exit_code,save_dir,log_dir,log_file,overrides_json
assist_09,42,sparse_0p1,no3,assist_09_m3grid_sparse_0p1_no3,0.7534395014032239,0.7275304953471997,0.4292930403890467,0.7505341642569292,12,12,0.8632,0.0,0.0,0.0,0.0,1.0,0.405,ok,0,checkpoints/assist_09_m3grid/seed42/sparse_0p1_no3,logs/assist_09_m3grid/seed42/sparse_0p1_no3,logs/assist_09_m3grid/seed42/sparse_0p1_no3/train_20260211_031206.log,"{""ablate_module3"": true, ""ablate_skill_encoder"": false, ""ablate_soft_prototype"": true, ""batch_size"": 128, ""disable_q_aligned_residual"": false, ""disable_soft_prototype"": true, ""dropout"": 0.2, ""early_stop_patience"": 3, ""enable_soft_prototype"": false, ""epochs"": 30, ""exercise_dim"": 64, ""exercise_l2_lambda"": 5e-05, ""fusion_gate_bias_init"": -2.5, ""fusion_gate_max"": 0.4, ""knowledge_dim"": 64, ""lambda_alpha"": 0.01, ""lambda_proto_div"": 0.0, ""lambda_proto_usage"": 0.0, ""lambda_sparse"": 0.1, ""lambda_sparse_personal"": 0.005, ""learning_rate"": 0.0003, ""min_exer_interactions"": 0, ""min_poison_count"": 0, ""min_stu_interactions"": 15, ""model_variant"": ""gpd_base"", ""no_cuda"": false, ""num_gnn_layers"": 1, ""num_prototypes"": 0, ""num_relation_heads"": 2, ""num_workers"": 4, ""patience"": 5, ""proto_lambda"": 0.0, ""proto_tau"": 1.0, ""residual_clip_t"": 2.0, ""save_interval"": 10, ""seed"": 42, ""skill_dim"": 128, ""use_personal_graph"": true, ""use_soft_prototype_main_path"": false, ""weight_decay"": 1e-05}"
assist_09,42,sparse_0p3,no3,assist_09_m3grid_sparse_0p3_no3,0.7546903758755352,0.7273021370530363,0.4287337874900905,0.7508145603318906,13,13,2.5878,0.0,0.0,0.0,0.0,1.0,0.4541,ok,0,checkpoints/assist_09_m3grid/seed42/sparse_0p3_no3,logs/assist_09_m3grid/seed42/sparse_0p3_no3,logs/assist_09_m3grid/seed42/sparse_0p3_no3/train_20260211_031207.log,"{""ablate_module3"": true, ""ablate_skill_encoder"": false, ""ablate_soft_prototype"": true, ""batch_size"": 128, ""disable_q_aligned_residual"": false, ""disable_soft_prototype"": true, ""dropout"": 0.2, ""early_stop_patience"": 3, ""enable_soft_prototype"": false, ""epochs"": 30, ""exercise_dim"": 64, ""exercise_l2_lambda"": 5e-05, ""fusion_gate_bias_init"": -2.5, ""fusion_gate_max"": 0.4, ""knowledge_dim"": 64, ""lambda_alpha"": 0.01, ""lambda_proto_div"": 0.0, ""lambda_proto_usage"": 0.0, ""lambda_sparse"": 0.3, ""lambda_sparse_personal"": 0.005, ""learning_rate"": 0.0003, ""min_exer_interactions"": 0, ""min_poison_count"": 0, ""min_stu_interactions"": 15, ""model_variant"": ""gpd_base"", ""no_cuda"": false, ""num_gnn_layers"": 1, ""num_prototypes"": 0, ""num_relation_heads"": 2, ""num_workers"": 4, ""patience"": 5, ""proto_lambda"": 0.0, ""proto_tau"": 1.0, ""residual_clip_t"": 2.0, ""save_interval"": 10, ""seed"": 42, ""skill_dim"": 128, ""use_personal_graph"": true, ""use_soft_prototype_main_path"": false, ""weight_decay"": 1e-05}"
assist_09,42,sparse_0p01,no3,assist_09_m3grid_sparse_0p01_no3,0.7562149334399866,0.7299282574359169,0.42927509175554024,0.75237826020943,19,19,0.0836,0.0,0.0,0.0,0.0,1.0,0.4494,ok,0,checkpoints/assist_09_m3grid/seed42/sparse_0p01_no3,logs/assist_09_m3grid/seed42/sparse_0p01_no3,logs/assist_09_m3grid/seed42/sparse_0p01_no3/train_20260211_031206.log,"{""ablate_module3"": true, ""ablate_skill_encoder"": false, ""ablate_soft_prototype"": true, ""batch_size"": 128, ""disable_q_aligned_residual"": false, ""disable_soft_prototype"": true, ""dropout"": 0.2, ""early_stop_patience"": 3, ""enable_soft_prototype"": false, ""epochs"": 30, ""exercise_dim"": 64, ""exercise_l2_lambda"": 5e-05, ""fusion_gate_bias_init"": -2.5, ""fusion_gate_max"": 0.4, ""knowledge_dim"": 64, ""lambda_alpha"": 0.01, ""lambda_proto_div"": 0.0, ""lambda_proto_usage"": 0.0, ""lambda_sparse"": 0.01, ""lambda_sparse_personal"": 0.005, ""learning_rate"": 0.0003, ""min_exer_interactions"": 0, ""min_poison_count"": 0, ""min_stu_interactions"": 15, ""model_variant"": ""gpd_base"", ""no_cuda"": false, ""num_gnn_layers"": 1, ""num_prototypes"": 0, ""num_relation_heads"": 2, ""num_workers"": 4, ""patience"": 5, ""proto_lambda"": 0.0, ""proto_tau"": 1.0, ""residual_clip_t"": 2.0, ""save_interval"": 10, ""seed"": 42, ""skill_dim"": 128, ""use_personal_graph"": true, ""use_soft_prototype_main_path"": false, ""weight_decay"": 1e-05}"
assist_09,42,baseline,full,assist_09_m3grid_baseline_full,0.7704208447511685,0.7368360958343642,0.4229285210984779,0.7668833607647795,17,17,8.7035,0.2373,1.0244,1.0244,0.3901,1.0,0.3857,ok,0,checkpoints/assist_09_m3grid/seed42/baseline_full,logs/assist_09_m3grid/seed42/baseline_full,logs/assist_09_m3grid/seed42/baseline_full/train_20260211_031207.log,"{""ablate_module3"": false, ""ablate_skill_encoder"": false, ""ablate_soft_prototype"": true, ""batch_size"": 128, ""disable_q_aligned_residual"": false, ""disable_soft_prototype"": true, ""dropout"": 0.2, ""early_stop_patience"": 3, ""enable_soft_prototype"": false, ""epochs"": 30, ""exercise_dim"": 64, ""exercise_l2_lambda"": 5e-05, ""fusion_gate_bias_init"": -2.5, ""fusion_gate_max"": 0.4, ""knowledge_dim"": 64, ""lambda_alpha"": 0.01, ""lambda_proto_div"": 0.0, ""lambda_proto_usage"": 0.0, ""lambda_sparse"": 1.0, ""lambda_sparse_personal"": 0.005, ""learning_rate"": 0.0003, ""min_exer_interactions"": 0, ""min_poison_count"": 0, ""min_stu_interactions"": 15, ""model_variant"": ""gpd_base"", ""no_cuda"": false, ""num_gnn_layers"": 1, ""num_prototypes"": 0, ""num_relation_heads"": 2, ""num_workers"": 4, ""patience"": 5, ""proto_lambda"": 0.0, ""proto_tau"": 1.0, ""residual_clip_t"": 2.0, ""save_interval"": 10, ""seed"": 42, ""skill_dim"": 128, ""use_personal_graph"": true, ""use_soft_prototype_main_path"": false, ""weight_decay"": 1e-05}"
assist_09,42,sparse_0p01,full,assist_09_m3grid_sparse_0p01_full,0.7700571482435923,0.7371215437020685,0.423450335476758,0.7669479996292733,17,17,0.0855,0.2415,1.0434,1.0434,0.3897,1.0,0.3944,ok,0,checkpoints/assist_09_m3grid/seed42/sparse_0p01_full,logs/assist_09_m3grid/seed42/sparse_0p01_full,logs/assist_09_m3grid/seed42/sparse_0p01_full/train_20260211_031207.log,"{""ablate_module3"": false, ""ablate_skill_encoder"": false, ""ablate_soft_prototype"": true, ""batch_size"": 128, ""disable_q_aligned_residual"": false, ""disable_soft_prototype"": true, ""dropout"": 0.2, ""early_stop_patience"": 3, ""enable_soft_prototype"": false, ""epochs"": 30, ""exercise_dim"": 64, ""exercise_l2_lambda"": 5e-05, ""fusion_gate_bias_init"": -2.5, ""fusion_gate_max"": 0.4, ""knowledge_dim"": 64, ""lambda_alpha"": 0.01, ""lambda_proto_div"": 0.0, ""lambda_proto_usage"": 0.0, ""lambda_sparse"": 0.01, ""lambda_sparse_personal"": 0.005, ""learning_rate"": 0.0003, ""min_exer_interactions"": 0, ""min_poison_count"": 0, ""min_stu_interactions"": 15, ""model_variant"": ""gpd_base"", ""no_cuda"": false, ""num_gnn_layers"": 1, ""num_prototypes"": 0, ""num_relation_heads"": 2, ""num_workers"": 4, ""patience"": 5, ""proto_lambda"": 0.0, ""proto_tau"": 1.0, ""residual_clip_t"": 2.0, ""save_interval"": 10, ""seed"": 42, ""skill_dim"": 128, ""use_personal_graph"": true, ""use_soft_prototype_main_path"": false, ""weight_decay"": 1e-05}"
assist_09,42,gbias_m3,full,assist_09_m3grid_gbias_m3_full,0.7691437340552791,0.7365125882509658,0.42385803450751924,0.7661566309900418,17,17,8.7016,0.2331,1.0116,1.0116,0.388,1.0,0.3852,ok,0,checkpoints/assist_09_m3grid/seed42/gbias_m3_full,logs/assist_09_m3grid/seed42/gbias_m3_full,logs/assist_09_m3grid/seed42/gbias_m3_full/train_20260211_031207.log,"{""ablate_module3"": false, ""ablate_skill_encoder"": false, ""ablate_soft_prototype"": true, ""batch_size"": 128, ""disable_q_aligned_residual"": false, ""disable_soft_prototype"": true, ""dropout"": 0.2, ""early_stop_patience"": 3, ""enable_soft_prototype"": false, ""epochs"": 30, ""exercise_dim"": 64, ""exercise_l2_lambda"": 5e-05, ""fusion_gate_bias_init"": -3.0, ""fusion_gate_max"": 0.4, ""knowledge_dim"": 64, ""lambda_alpha"": 0.01, ""lambda_proto_div"": 0.0, ""lambda_proto_usage"": 0.0, ""lambda_sparse"": 1.0, ""lambda_sparse_personal"": 0.005, ""learning_rate"": 0.0003, ""min_exer_interactions"": 0, ""min_poison_count"": 0, ""min_stu_interactions"": 15, ""model_variant"": ""gpd_base"", ""no_cuda"": false, ""num_gnn_layers"": 1, ""num_prototypes"": 0, ""num_relation_heads"": 2, ""num_workers"": 4, ""patience"": 5, ""proto_lambda"": 0.0, ""proto_tau"": 1.0, ""residual_clip_t"": 2.0, ""save_interval"": 10, ""seed"": 42, ""skill_dim"": 128, ""use_personal_graph"": true, ""use_soft_prototype_main_path"": false, ""weight_decay"": 1e-05}"
assist_09,42,sparse_0p3,full,assist_09_m3grid_sparse_0p3_full,0.7703214414615605,0.7376353498639365,0.4230216905926661,0.7675971968094699,17,17,2.6134,0.2443,1.0415,1.0415,0.3911,1.0,0.3956,ok,0,checkpoints/assist_09_m3grid/seed42/sparse_0p3_full,logs/assist_09_m3grid/seed42/sparse_0p3_full,logs/assist_09_m3grid/seed42/sparse_0p3_full/train_20260211_031206.log,"{""ablate_module3"": false, ""ablate_skill_encoder"": false, ""ablate_soft_prototype"": true, ""batch_size"": 128, ""disable_q_aligned_residual"": false, ""disable_soft_prototype"": true, ""dropout"": 0.2, ""early_stop_patience"": 3, ""enable_soft_prototype"": false, ""epochs"": 30, ""exercise_dim"": 64, ""exercise_l2_lambda"": 5e-05, ""fusion_gate_bias_init"": -2.5, ""fusion_gate_max"": 0.4, ""knowledge_dim"": 64, ""lambda_alpha"": 0.01, ""lambda_proto_div"": 0.0, ""lambda_proto_usage"": 0.0, ""lambda_sparse"": 0.3, ""lambda_sparse_personal"": 0.005, ""learning_rate"": 0.0003, ""min_exer_interactions"": 0, ""min_poison_count"": 0, ""min_stu_interactions"": 15, ""model_variant"": ""gpd_base"", ""no_cuda"": false, ""num_gnn_layers"": 1, ""num_prototypes"": 0, ""num_relation_heads"": 2, ""num_workers"": 4, ""patience"": 5, ""proto_lambda"": 0.0, ""proto_tau"": 1.0, ""residual_clip_t"": 2.0, ""save_interval"": 10, ""seed"": 42, ""skill_dim"": 128, ""use_personal_graph"": true, ""use_soft_prototype_main_path"": false, ""weight_decay"": 1e-05}"
assist_09,42,sparse_0p03,full,assist_09_m3grid_sparse_0p03_full,0.7704347015824681,0.7381301261679575,0.42261347565697616,0.7667732002246488,17,17,0.2592,0.2479,1.0645,1.0645,0.3911,1.0,0.4462,ok,0,checkpoints/assist_09_m3grid/seed42/sparse_0p03_full,logs/assist_09_m3grid/seed42/sparse_0p03_full,logs/assist_09_m3grid/seed42/sparse_0p03_full/train_20260211_031207.log,"{""ablate_module3"": false, ""ablate_skill_encoder"": false, ""ablate_soft_prototype"": true, ""batch_size"": 128, ""disable_q_aligned_residual"": false, ""disable_soft_prototype"": true, ""dropout"": 0.2, ""early_stop_patience"": 3, ""enable_soft_prototype"": false, ""epochs"": 30, ""exercise_dim"": 64, ""exercise_l2_lambda"": 5e-05, ""fusion_gate_bias_init"": -2.5, ""fusion_gate_max"": 0.4, ""knowledge_dim"": 64, ""lambda_alpha"": 0.01, ""lambda_proto_div"": 0.0, ""lambda_proto_usage"": 0.0, ""lambda_sparse"": 0.03, ""lambda_sparse_personal"": 0.005, ""learning_rate"": 0.0003, ""min_exer_interactions"": 0, ""min_poison_count"": 0, ""min_stu_interactions"": 15, ""model_variant"": ""gpd_base"", ""no_cuda"": false, ""num_gnn_layers"": 1, ""num_prototypes"": 0, ""num_relation_heads"": 2, ""num_workers"": 4, ""patience"": 5, ""proto_lambda"": 0.0, ""proto_tau"": 1.0, ""residual_clip_t"": 2.0, ""save_interval"": 10, ""seed"": 42, ""skill_dim"": 128, ""use_personal_graph"": true, ""use_soft_prototype_main_path"": false, ""weight_decay"": 1e-05}"
assist_09,42,gbias_m2,full,assist_09_m3grid_gbias_m2_full,0.7700340803775227,0.7370073645549867,0.42315243946113046,0.7668106952341796,17,17,8.7011,0.2409,1.0459,1.0459,0.3938,1.0,0.3985,ok,0,checkpoints/assist_09_m3grid/seed42/gbias_m2_full,logs/assist_09_m3grid/seed42/gbias_m2_full,logs/assist_09_m3grid/seed42/gbias_m2_full/train_20260211_031207.log,"{""ablate_module3"": false, ""ablate_skill_encoder"": false, ""ablate_soft_prototype"": true, ""batch_size"": 128, ""disable_q_aligned_residual"": false, ""disable_soft_prototype"": true, ""dropout"": 0.2, ""early_stop_patience"": 3, ""enable_soft_prototype"": false, ""epochs"": 30, ""exercise_dim"": 64, ""exercise_l2_lambda"": 5e-05, ""fusion_gate_bias_init"": -2.0, ""fusion_gate_max"": 0.4, ""knowledge_dim"": 64, ""lambda_alpha"": 0.01, ""lambda_proto_div"": 0.0, ""lambda_proto_usage"": 0.0, ""lambda_sparse"": 1.0, ""lambda_sparse_personal"": 0.005, ""learning_rate"": 0.0003, ""min_exer_interactions"": 0, ""min_poison_count"": 0, ""min_stu_interactions"": 15, ""model_variant"": ""gpd_base"", ""no_cuda"": false, ""num_gnn_layers"": 1, ""num_prototypes"": 0, ""num_relation_heads"": 2, ""num_workers"": 4, ""patience"": 5, ""proto_lambda"": 0.0, ""proto_tau"": 1.0, ""residual_clip_t"": 2.0, ""save_interval"": 10, ""seed"": 42, ""skill_dim"": 128, ""use_personal_graph"": true, ""use_soft_prototype_main_path"": false, ""weight_decay"": 1e-05}"
assist_09,42,gbias_m1p5,full,assist_09_m3grid_gbias_m1p5_full,0.7705729911637836,0.7372928124226912,0.4227676781412544,0.7663383772640731,17,17,8.7064,0.2455,1.0466,1.0466,0.3962,1.0,0.41,ok,0,checkpoints/assist_09_m3grid/seed42/gbias_m1p5_full,logs/assist_09_m3grid/seed42/gbias_m1p5_full,logs/assist_09_m3grid/seed42/gbias_m1p5_full/train_20260211_031207.log,"{""ablate_module3"": false, ""ablate_skill_encoder"": false, ""ablate_soft_prototype"": true, ""batch_size"": 128, ""disable_q_aligned_residual"": false, ""disable_soft_prototype"": true, ""dropout"": 0.2, ""early_stop_patience"": 3, ""enable_soft_prototype"": false, ""epochs"": 30, ""exercise_dim"": 64, ""exercise_l2_lambda"": 5e-05, ""fusion_gate_bias_init"": -1.5, ""fusion_gate_max"": 0.4, ""knowledge_dim"": 64, ""lambda_alpha"": 0.01, ""lambda_proto_div"": 0.0, ""lambda_proto_usage"": 0.0, ""lambda_sparse"": 1.0, ""lambda_sparse_personal"": 0.005, ""learning_rate"": 0.0003, ""min_exer_interactions"": 0, ""min_poison_count"": 0, ""min_stu_interactions"": 15, ""model_variant"": ""gpd_base"", ""no_cuda"": false, ""num_gnn_layers"": 1, ""num_prototypes"": 0, ""num_relation_heads"": 2, ""num_workers"": 4, ""patience"": 5, ""proto_lambda"": 0.0, ""proto_tau"": 1.0, ""residual_clip_t"": 2.0, ""save_interval"": 10, ""seed"": 42, ""skill_dim"": 128, ""use_personal_graph"": true, ""use_soft_prototype_main_path"": false, ""weight_decay"": 1e-05}"
assist_09,42,gmax_0p5,full,assist_09_m3grid_gmax_0p5_full,0.7715131643989707,0.7375402005747017,0.4228452008659097,0.7674625573313536,17,17,8.6845,0.293,1.0008,1.0008,0.488,1.0,0.3883,ok,0,checkpoints/assist_09_m3grid/seed42/gmax_0p5_full,logs/assist_09_m3grid/seed42/gmax_0p5_full,logs/assist_09_m3grid/seed42/gmax_0p5_full/train_20260211_031207.log,"{""ablate_module3"": false, ""ablate_skill_encoder"": false, ""ablate_soft_prototype"": true, ""batch_size"": 128, ""disable_q_aligned_residual"": false, ""disable_soft_prototype"": true, ""dropout"": 0.2, ""early_stop_patience"": 3, ""enable_soft_prototype"": false, ""epochs"": 30, ""exercise_dim"": 64, ""exercise_l2_lambda"": 5e-05, ""fusion_gate_bias_init"": -2.5, ""fusion_gate_max"": 0.5, ""knowledge_dim"": 64, ""lambda_alpha"": 0.01, ""lambda_proto_div"": 0.0, ""lambda_proto_usage"": 0.0, ""lambda_sparse"": 1.0, ""lambda_sparse_personal"": 0.005, ""learning_rate"": 0.0003, ""min_exer_interactions"": 0, ""min_poison_count"": 0, ""min_stu_interactions"": 15, ""model_variant"": ""gpd_base"", ""no_cuda"": false, ""num_gnn_layers"": 1, ""num_prototypes"": 0, ""num_relation_heads"": 2, ""num_workers"": 4, ""patience"": 5, ""proto_lambda"": 0.0, ""proto_tau"": 1.0, ""residual_clip_t"": 2.0, ""save_interval"": 10, ""seed"": 42, ""skill_dim"": 128, ""use_personal_graph"": true, ""use_soft_prototype_main_path"": false, ""weight_decay"": 1e-05}"
assist_09,42,sparse_0p1,full,assist_09_m3grid_sparse_0p1_full,0.770437320532445,0.7375972901482426,0.4227717897577184,0.766490479661226,18,18,0.871,0.2592,1.0579,1.0579,0.393,1.0,0.3949,ok,0,checkpoints/assist_09_m3grid/seed42/sparse_0p1_full,logs/assist_09_m3grid/seed42/sparse_0p1_full,logs/assist_09_m3grid/seed42/sparse_0p1_full/train_20260211_031207.log,"{""ablate_module3"": false, ""ablate_skill_encoder"": false, ""ablate_soft_prototype"": true, ""batch_size"": 128, ""disable_q_aligned_residual"": false, ""disable_soft_prototype"": true, ""dropout"": 0.2, ""early_stop_patience"": 3, ""enable_soft_prototype"": false, ""epochs"": 30, ""exercise_dim"": 64, ""exercise_l2_lambda"": 5e-05, ""fusion_gate_bias_init"": -2.5, ""fusion_gate_max"": 0.4, ""knowledge_dim"": 64, ""lambda_alpha"": 0.01, ""lambda_proto_div"": 0.0, ""lambda_proto_usage"": 0.0, ""lambda_sparse"": 0.1, ""lambda_sparse_personal"": 0.005, ""learning_rate"": 0.0003, ""min_exer_interactions"": 0, ""min_poison_count"": 0, ""min_stu_interactions"": 15, ""model_variant"": ""gpd_base"", ""no_cuda"": false, ""num_gnn_layers"": 1, ""num_prototypes"": 0, ""num_relation_heads"": 2, ""num_workers"": 4, ""patience"": 5, ""proto_lambda"": 0.0, ""proto_tau"": 1.0, ""residual_clip_t"": 2.0, ""save_interval"": 10, ""seed"": 42, ""skill_dim"": 128, ""use_personal_graph"": true, ""use_soft_prototype_main_path"": false, ""weight_decay"": 1e-05}"
assist_09,42,sparse_0p03,no3,assist_09_m3grid_sparse_0p03_no3,0.7594069452787553,0.7315648252107557,0.4276030019016859,0.7548745267724474,22,22,0.2561,0.0,0.0,0.0,0.0,1.0,0.4482,ok,0,checkpoints/assist_09_m3grid/seed42/sparse_0p03_no3,logs/assist_09_m3grid/seed42/sparse_0p03_no3,logs/assist_09_m3grid/seed42/sparse_0p03_no3/train_20260211_031207.log,"{""ablate_module3"": true, ""ablate_skill_encoder"": false, ""ablate_soft_prototype"": true, ""batch_size"": 128, ""disable_q_aligned_residual"": false, ""disable_soft_prototype"": true, ""dropout"": 0.2, ""early_stop_patience"": 3, ""enable_soft_prototype"": false, ""epochs"": 30, ""exercise_dim"": 64, ""exercise_l2_lambda"": 5e-05, ""fusion_gate_bias_init"": -2.5, ""fusion_gate_max"": 0.4, ""knowledge_dim"": 64, ""lambda_alpha"": 0.01, ""lambda_proto_div"": 0.0, ""lambda_proto_usage"": 0.0, ""lambda_sparse"": 0.03, ""lambda_sparse_personal"": 0.005, ""learning_rate"": 0.0003, ""min_exer_interactions"": 0, ""min_poison_count"": 0, ""min_stu_interactions"": 15, ""model_variant"": ""gpd_base"", ""no_cuda"": false, ""num_gnn_layers"": 1, ""num_prototypes"": 0, ""num_relation_heads"": 2, ""num_workers"": 4, ""patience"": 5, ""proto_lambda"": 0.0, ""proto_tau"": 1.0, ""residual_clip_t"": 2.0, ""save_interval"": 10, ""seed"": 42, ""skill_dim"": 128, ""use_personal_graph"": true, ""use_soft_prototype_main_path"": false, ""weight_decay"": 1e-05}"
assist_09,42,gbias_m2,no3,assist_09_m3grid_gbias_m2_no3,0.7593851711788079,0.7317551237892252,0.42790081978975164,0.7559855950226628,22,22,0.0001,0.0,0.0,0.0,0.0,0.0001,0.3397,ok,0,checkpoints/assist_09_m3grid/seed42/gbias_m2_no3,logs/assist_09_m3grid/seed42/gbias_m2_no3,logs/assist_09_m3grid/seed42/gbias_m2_no3/train_20260211_031206.log,"{""ablate_module3"": true, ""ablate_skill_encoder"": false, ""ablate_soft_prototype"": true, ""batch_size"": 128, ""disable_q_aligned_residual"": false, ""disable_soft_prototype"": true, ""dropout"": 0.2, ""early_stop_patience"": 3, ""enable_soft_prototype"": false, ""epochs"": 30, ""exercise_dim"": 64, ""exercise_l2_lambda"": 5e-05, ""fusion_gate_bias_init"": -2.0, ""fusion_gate_max"": 0.4, ""knowledge_dim"": 64, ""lambda_alpha"": 0.01, ""lambda_proto_div"": 0.0, ""lambda_proto_usage"": 0.0, ""lambda_sparse"": 1.0, ""lambda_sparse_personal"": 0.005, ""learning_rate"": 0.0003, ""min_exer_interactions"": 0, ""min_poison_count"": 0, ""min_stu_interactions"": 15, ""model_variant"": ""gpd_base"", ""no_cuda"": false, ""num_gnn_layers"": 1, ""num_prototypes"": 0, ""num_relation_heads"": 2, ""num_workers"": 4, ""patience"": 5, ""proto_lambda"": 0.0, ""proto_tau"": 1.0, ""residual_clip_t"": 2.0, ""save_interval"": 10, ""seed"": 42, ""skill_dim"": 128, ""use_personal_graph"": true, ""use_soft_prototype_main_path"": false, ""weight_decay"": 1e-05}"
assist_09,42,gmax_0p3,no3,assist_09_m3grid_gmax_0p3_no3,0.7593851711788079,0.7317551237892252,0.42790081978975164,0.7559855950226628,22,22,0.0001,0.0,0.0,0.0,0.0,0.0001,0.3397,ok,0,checkpoints/assist_09_m3grid/seed42/gmax_0p3_no3,logs/assist_09_m3grid/seed42/gmax_0p3_no3,logs/assist_09_m3grid/seed42/gmax_0p3_no3/train_20260211_031207.log,"{""ablate_module3"": true, ""ablate_skill_encoder"": false, ""ablate_soft_prototype"": true, ""batch_size"": 128, ""disable_q_aligned_residual"": false, ""disable_soft_prototype"": true, ""dropout"": 0.2, ""early_stop_patience"": 3, ""enable_soft_prototype"": false, ""epochs"": 30, ""exercise_dim"": 64, ""exercise_l2_lambda"": 5e-05, ""fusion_gate_bias_init"": -2.5, ""fusion_gate_max"": 0.3, ""knowledge_dim"": 64, ""lambda_alpha"": 0.01, ""lambda_proto_div"": 0.0, ""lambda_proto_usage"": 0.0, ""lambda_sparse"": 1.0, ""lambda_sparse_personal"": 0.005, ""learning_rate"": 0.0003, ""min_exer_interactions"": 0, ""min_poison_count"": 0, ""min_stu_interactions"": 15, ""model_variant"": ""gpd_base"", ""no_cuda"": false, ""num_gnn_layers"": 1, ""num_prototypes"": 0, ""num_relation_heads"": 2, ""num_workers"": 4, ""patience"": 5, ""proto_lambda"": 0.0, ""proto_tau"": 1.0, ""residual_clip_t"": 2.0, ""save_interval"": 10, ""seed"": 42, ""skill_dim"": 128, ""use_personal_graph"": true, ""use_soft_prototype_main_path"": false, ""weight_decay"": 1e-05}"
assist_09,42,baseline,no3,assist_09_m3grid_baseline_no3,0.7593851711788079,0.7317551237892252,0.42790081978975164,0.7559855950226628,22,22,0.0001,0.0,0.0,0.0,0.0,0.0001,0.3397,ok,0,checkpoints/assist_09_m3grid/seed42/baseline_no3,logs/assist_09_m3grid/seed42/baseline_no3,logs/assist_09_m3grid/seed42/baseline_no3/train_20260211_031207.log,"{""ablate_module3"": true, ""ablate_skill_encoder"": false, ""ablate_soft_prototype"": true, ""batch_size"": 128, ""disable_q_aligned_residual"": false, ""disable_soft_prototype"": true, ""dropout"": 0.2, ""early_stop_patience"": 3, ""enable_soft_prototype"": false, ""epochs"": 30, ""exercise_dim"": 64, ""exercise_l2_lambda"": 5e-05, ""fusion_gate_bias_init"": -2.5, ""fusion_gate_max"": 0.4, ""knowledge_dim"": 64, ""lambda_alpha"": 0.01, ""lambda_proto_div"": 0.0, ""lambda_proto_usage"": 0.0, ""lambda_sparse"": 1.0, ""lambda_sparse_personal"": 0.005, ""learning_rate"": 0.0003, ""min_exer_interactions"": 0, ""min_poison_count"": 0, ""min_stu_interactions"": 15, ""model_variant"": ""gpd_base"", ""no_cuda"": false, ""num_gnn_layers"": 1, ""num_prototypes"": 0, ""num_relation_heads"": 2, ""num_workers"": 4, ""patience"": 5, ""proto_lambda"": 0.0, ""proto_tau"": 1.0, ""residual_clip_t"": 2.0, ""save_interval"": 10, ""seed"": 42, ""skill_dim"": 128, ""use_personal_graph"": true, ""use_soft_prototype_main_path"": false, ""weight_decay"": 1e-05}"
assist_09,42,gbias_m3,no3,assist_09_m3grid_gbias_m3_no3,0.7593851711788079,0.7317551237892252,0.42790081978975164,0.7559855950226628,22,22,0.0001,0.0,0.0,0.0,0.0,0.0001,0.3397,ok,0,checkpoints/assist_09_m3grid/seed42/gbias_m3_no3,logs/assist_09_m3grid/seed42/gbias_m3_no3,logs/assist_09_m3grid/seed42/gbias_m3_no3/train_20260211_031207.log,"{""ablate_module3"": true, ""ablate_skill_encoder"": false, ""ablate_soft_prototype"": true, ""batch_size"": 128, ""disable_q_aligned_residual"": false, ""disable_soft_prototype"": true, ""dropout"": 0.2, ""early_stop_patience"": 3, ""enable_soft_prototype"": false, ""epochs"": 30, ""exercise_dim"": 64, ""exercise_l2_lambda"": 5e-05, ""fusion_gate_bias_init"": -3.0, ""fusion_gate_max"": 0.4, ""knowledge_dim"": 64, ""lambda_alpha"": 0.01, ""lambda_proto_div"": 0.0, ""lambda_proto_usage"": 0.0, ""lambda_sparse"": 1.0, ""lambda_sparse_personal"": 0.005, ""learning_rate"": 0.0003, ""min_exer_interactions"": 0, ""min_poison_count"": 0, ""min_stu_interactions"": 15, ""model_variant"": ""gpd_base"", ""no_cuda"": false, ""num_gnn_layers"": 1, ""num_prototypes"": 0, ""num_relation_heads"": 2, ""num_workers"": 4, ""patience"": 5, ""proto_lambda"": 0.0, ""proto_tau"": 1.0, ""residual_clip_t"": 2.0, ""save_interval"": 10, ""seed"": 42, ""skill_dim"": 128, ""use_personal_graph"": true, ""use_soft_prototype_main_path"": false, ""weight_decay"": 1e-05}"
assist_09,42,gbias_m1p5,no3,assist_09_m3grid_gbias_m1p5_no3,0.7593851711788079,0.7317551237892252,0.42790081978975164,0.7559855950226628,22,22,0.0001,0.0,0.0,0.0,0.0,0.0001,0.3397,ok,0,checkpoints/assist_09_m3grid/seed42/gbias_m1p5_no3,logs/assist_09_m3grid/seed42/gbias_m1p5_no3,logs/assist_09_m3grid/seed42/gbias_m1p5_no3/train_20260211_031206.log,"{""ablate_module3"": true, ""ablate_skill_encoder"": false, ""ablate_soft_prototype"": true, ""batch_size"": 128, ""disable_q_aligned_residual"": false, ""disable_soft_prototype"": true, ""dropout"": 0.2, ""early_stop_patience"": 3, ""enable_soft_prototype"": false, ""epochs"": 30, ""exercise_dim"": 64, ""exercise_l2_lambda"": 5e-05, ""fusion_gate_bias_init"": -1.5, ""fusion_gate_max"": 0.4, ""knowledge_dim"": 64, ""lambda_alpha"": 0.01, ""lambda_proto_div"": 0.0, ""lambda_proto_usage"": 0.0, ""lambda_sparse"": 1.0, ""lambda_sparse_personal"": 0.005, ""learning_rate"": 0.0003, ""min_exer_interactions"": 0, ""min_poison_count"": 0, ""min_stu_interactions"": 15, ""model_variant"": ""gpd_base"", ""no_cuda"": false, ""num_gnn_layers"": 1, ""num_prototypes"": 0, ""num_relation_heads"": 2, ""num_workers"": 4, ""patience"": 5, ""proto_lambda"": 0.0, ""proto_tau"": 1.0, ""residual_clip_t"": 2.0, ""save_interval"": 10, ""seed"": 42, ""skill_dim"": 128, ""use_personal_graph"": true, ""use_soft_prototype_main_path"": false, ""weight_decay"": 1e-05}"
assist_09,42,gmax_0p5,no3,assist_09_m3grid_gmax_0p5_no3,0.7593851711788079,0.7317551237892252,0.42790081978975164,0.7559855950226628,22,22,0.0001,0.0,0.0,0.0,0.0,0.0001,0.3397,ok,0,checkpoints/assist_09_m3grid/seed42/gmax_0p5_no3,logs/assist_09_m3grid/seed42/gmax_0p5_no3,logs/assist_09_m3grid/seed42/gmax_0p5_no3/train_20260211_031206.log,"{""ablate_module3"": true, ""ablate_skill_encoder"": false, ""ablate_soft_prototype"": true, ""batch_size"": 128, ""disable_q_aligned_residual"": false, ""disable_soft_prototype"": true, ""dropout"": 0.2, ""early_stop_patience"": 3, ""enable_soft_prototype"": false, ""epochs"": 30, ""exercise_dim"": 64, ""exercise_l2_lambda"": 5e-05, ""fusion_gate_bias_init"": -2.5, ""fusion_gate_max"": 0.5, ""knowledge_dim"": 64, ""lambda_alpha"": 0.01, ""lambda_proto_div"": 0.0, ""lambda_proto_usage"": 0.0, ""lambda_sparse"": 1.0, ""lambda_sparse_personal"": 0.005, ""learning_rate"": 0.0003, ""min_exer_interactions"": 0, ""min_poison_count"": 0, ""min_stu_interactions"": 15, ""model_variant"": ""gpd_base"", ""no_cuda"": false, ""num_gnn_layers"": 1, ""num_prototypes"": 0, ""num_relation_heads"": 2, ""num_workers"": 4, ""patience"": 5, ""proto_lambda"": 0.0, ""proto_tau"": 1.0, ""residual_clip_t"": 2.0, ""save_interval"": 10, ""seed"": 42, ""skill_dim"": 128, ""use_personal_graph"": true, ""use_soft_prototype_main_path"": false, ""weight_decay"": 1e-05}"
assist_09,42,gmax_0p3,full,assist_09_m3grid_gmax_0p3_full,0.7703165241835968,0.7363032598146492,0.42260577029489643,0.767048899449927,21,21,-0.0006,0.2152,1.204,1.204,0.2976,0.0001,0.3805,ok,0,checkpoints/assist_09_m3grid/seed42/gmax_0p3_full,logs/assist_09_m3grid/seed42/gmax_0p3_full,logs/assist_09_m3grid/seed42/gmax_0p3_full/train_20260211_031206.log,"{""ablate_module3"": false, ""ablate_skill_encoder"": false, ""ablate_soft_prototype"": true, ""batch_size"": 128, ""disable_q_aligned_residual"": false, ""disable_soft_prototype"": true, ""dropout"": 0.2, ""early_stop_patience"": 3, ""enable_soft_prototype"": false, ""epochs"": 30, ""exercise_dim"": 64, ""exercise_l2_lambda"": 5e-05, ""fusion_gate_bias_init"": -2.5, ""fusion_gate_max"": 0.3, ""knowledge_dim"": 64, ""lambda_alpha"": 0.01, ""lambda_proto_div"": 0.0, ""lambda_proto_usage"": 0.0, ""lambda_sparse"": 1.0, ""lambda_sparse_personal"": 0.005, ""learning_rate"": 0.0003, ""min_exer_interactions"": 0, ""min_poison_count"": 0, ""min_stu_interactions"": 15, ""model_variant"": ""gpd_base"", ""no_cuda"": false, ""num_gnn_layers"": 1, ""num_prototypes"": 0, ""num_relation_heads"": 2, ""num_workers"": 4, ""patience"": 5, ""proto_lambda"": 0.0, ""proto_tau"": 1.0, ""residual_clip_t"": 2.0, ""save_interval"": 10, ""seed"": 42, ""skill_dim"": 128, ""use_personal_graph"": true, ""use_soft_prototype_main_path"": false, ""weight_decay"": 1e-05}"
assist_09,42,gmax_0p6,full,assist_09_m3grid_gmax_0p6_full,0.7703955502539895,0.7375592304325487,0.42291997357284067,0.7666534491749162,14,14,8.718,0.3103,0.8702,0.8702,0.5781,1.0,0.3859,ok,0,checkpoints/assist_09_m3grid/seed42/gmax_0p6_full,logs/assist_09_m3grid/seed42/gmax_0p6_full,logs/assist_09_m3grid/seed42/gmax_0p6_full/train_20260211_031951.log,"{""ablate_module3"": false, ""ablate_skill_encoder"": false, ""ablate_soft_prototype"": true, ""batch_size"": 128, ""disable_q_aligned_residual"": false, ""disable_soft_prototype"": true, ""dropout"": 0.2, ""early_stop_patience"": 3, ""enable_soft_prototype"": false, ""epochs"": 30, ""exercise_dim"": 64, ""exercise_l2_lambda"": 5e-05, ""fusion_gate_bias_init"": -2.5, ""fusion_gate_max"": 0.6, ""knowledge_dim"": 64, ""lambda_alpha"": 0.01, ""lambda_proto_div"": 0.0, ""lambda_proto_usage"": 0.0, ""lambda_sparse"": 1.0, ""lambda_sparse_personal"": 0.005, ""learning_rate"": 0.0003, ""min_exer_interactions"": 0, ""min_poison_count"": 0, ""min_stu_interactions"": 15, ""model_variant"": ""gpd_base"", ""no_cuda"": false, ""num_gnn_layers"": 1, ""num_prototypes"": 0, ""num_relation_heads"": 2, ""num_workers"": 4, ""patience"": 5, ""proto_lambda"": 0.0, ""proto_tau"": 1.0, ""residual_clip_t"": 2.0, ""save_interval"": 10, ""seed"": 42, ""skill_dim"": 128, ""use_personal_graph"": true, ""use_soft_prototype_main_path"": false, ""weight_decay"": 1e-05}"
assist_09,42,drop_0p1,no3,assist_09_m3grid_drop_0p1_no3,0.7529790173336852,0.7274353460579649,0.42846221901802817,0.7484780026156825,12,12,8.612,0.0,0.0,0.0,0.0,1.0,0.4231,ok,0,checkpoints/assist_09_m3grid/seed42/drop_0p1_no3,logs/assist_09_m3grid/seed42/drop_0p1_no3,logs/assist_09_m3grid/seed42/drop_0p1_no3/train_20260211_032406.log,"{""ablate_module3"": true, ""ablate_skill_encoder"": false, ""ablate_soft_prototype"": true, ""batch_size"": 128, ""disable_q_aligned_residual"": false, ""disable_soft_prototype"": true, ""dropout"": 0.1, ""early_stop_patience"": 3, ""enable_soft_prototype"": false, ""epochs"": 30, ""exercise_dim"": 64, ""exercise_l2_lambda"": 5e-05, ""fusion_gate_bias_init"": -2.5, ""fusion_gate_max"": 0.4, ""knowledge_dim"": 64, ""lambda_alpha"": 0.01, ""lambda_proto_div"": 0.0, ""lambda_proto_usage"": 0.0, ""lambda_sparse"": 1.0, ""lambda_sparse_personal"": 0.005, ""learning_rate"": 0.0003, ""min_exer_interactions"": 0, ""min_poison_count"": 0, ""min_stu_interactions"": 15, ""model_variant"": ""gpd_base"", ""no_cuda"": false, ""num_gnn_layers"": 1, ""num_prototypes"": 0, ""num_relation_heads"": 2, ""num_workers"": 4, ""patience"": 5, ""proto_lambda"": 0.0, ""proto_tau"": 1.0, ""residual_clip_t"": 2.0, ""save_interval"": 10, ""seed"": 42, ""skill_dim"": 128, ""use_personal_graph"": true, ""use_soft_prototype_main_path"": false, ""weight_decay"": 1e-05}"
assist_09,42,drop_0p05,no3,assist_09_m3grid_drop_0p05_no3,0.7504693704544039,0.7257036289938914,0.4289688078092014,0.7458661020602989,10,10,8.596,0.0,0.0,0.0,0.0,1.0,0.4073,ok,0,checkpoints/assist_09_m3grid/seed42/drop_0p05_no3,logs/assist_09_m3grid/seed42/drop_0p05_no3,logs/assist_09_m3grid/seed42/drop_0p05_no3/train_20260211_032521.log,"{""ablate_module3"": true, ""ablate_skill_encoder"": false, ""ablate_soft_prototype"": true, ""batch_size"": 128, ""disable_q_aligned_residual"": false, ""disable_soft_prototype"": true, ""dropout"": 0.05, ""early_stop_patience"": 3, ""enable_soft_prototype"": false, ""epochs"": 30, ""exercise_dim"": 64, ""exercise_l2_lambda"": 5e-05, ""fusion_gate_bias_init"": -2.5, ""fusion_gate_max"": 0.4, ""knowledge_dim"": 64, ""lambda_alpha"": 0.01, ""lambda_proto_div"": 0.0, ""lambda_proto_usage"": 0.0, ""lambda_sparse"": 1.0, ""lambda_sparse_personal"": 0.005, ""learning_rate"": 0.0003, ""min_exer_interactions"": 0, ""min_poison_count"": 0, ""min_stu_interactions"": 15, ""model_variant"": ""gpd_base"", ""no_cuda"": false, ""num_gnn_layers"": 1, ""num_prototypes"": 0, ""num_relation_heads"": 2, ""num_workers"": 4, ""patience"": 5, ""proto_lambda"": 0.0, ""proto_tau"": 1.0, ""residual_clip_t"": 2.0, ""save_interval"": 10, ""seed"": 42, ""skill_dim"": 128, ""use_personal_graph"": true, ""use_soft_prototype_main_path"": false, ""weight_decay"": 1e-05}"
assist_09,42,s0p1_bm2,no3,assist_09_m3grid_s0p1_bm2_no3,0.7534395014032239,0.7275304953471997,0.4292930403890467,0.7505341642569292,12,12,0.8632,0.0,0.0,0.0,0.0,1.0,0.405,ok,0,checkpoints/assist_09_m3grid/seed42/s0p1_bm2_no3,logs/assist_09_m3grid/seed42/s0p1_bm2_no3,logs/assist_09_m3grid/seed42/s0p1_bm2_no3/train_20260211_032536.log,"{""ablate_module3"": true, ""ablate_skill_encoder"": false, ""ablate_soft_prototype"": true, ""batch_size"": 128, ""disable_q_aligned_residual"": false, ""disable_soft_prototype"": true, ""dropout"": 0.2, ""early_stop_patience"": 3, ""enable_soft_prototype"": false, ""epochs"": 30, ""exercise_dim"": 64, ""exercise_l2_lambda"": 5e-05, ""fusion_gate_bias_init"": -2.0, ""fusion_gate_max"": 0.4, ""knowledge_dim"": 64, ""lambda_alpha"": 0.01, ""lambda_proto_div"": 0.0, ""lambda_proto_usage"": 0.0, ""lambda_sparse"": 0.1, ""lambda_sparse_personal"": 0.005, ""learning_rate"": 0.0003, ""min_exer_interactions"": 0, ""min_poison_count"": 0, ""min_stu_interactions"": 15, ""model_variant"": ""gpd_base"", ""no_cuda"": false, ""num_gnn_layers"": 1, ""num_prototypes"": 0, ""num_relation_heads"": 2, ""num_workers"": 4, ""patience"": 5, ""proto_lambda"": 0.0, ""proto_tau"": 1.0, ""residual_clip_t"": 2.0, ""save_interval"": 10, ""seed"": 42, ""skill_dim"": 128, ""use_personal_graph"": true, ""use_soft_prototype_main_path"": false, ""weight_decay"": 1e-05}"
assist_09,42,s0p1_bm1p5,no3,assist_09_m3grid_s0p1_bm1p5_no3,0.7534395014032239,0.7275304953471997,0.4292930403890467,0.7505341642569292,12,12,0.8632,0.0,0.0,0.0,0.0,1.0,0.405,ok,0,checkpoints/assist_09_m3grid/seed42/s0p1_bm1p5_no3,logs/assist_09_m3grid/seed42/s0p1_bm1p5_no3,logs/assist_09_m3grid/seed42/s0p1_bm1p5_no3/train_20260211_032536.log,"{""ablate_module3"": true, ""ablate_skill_encoder"": false, ""ablate_soft_prototype"": true, ""batch_size"": 128, ""disable_q_aligned_residual"": false, ""disable_soft_prototype"": true, ""dropout"": 0.2, ""early_stop_patience"": 3, ""enable_soft_prototype"": false, ""epochs"": 30, ""exercise_dim"": 64, ""exercise_l2_lambda"": 5e-05, ""fusion_gate_bias_init"": -1.5, ""fusion_gate_max"": 0.4, ""knowledge_dim"": 64, ""lambda_alpha"": 0.01, ""lambda_proto_div"": 0.0, ""lambda_proto_usage"": 0.0, ""lambda_sparse"": 0.1, ""lambda_sparse_personal"": 0.005, ""learning_rate"": 0.0003, ""min_exer_interactions"": 0, ""min_poison_count"": 0, ""min_stu_interactions"": 15, ""model_variant"": ""gpd_base"", ""no_cuda"": false, ""num_gnn_layers"": 1, ""num_prototypes"": 0, ""num_relation_heads"": 2, ""num_workers"": 4, ""patience"": 5, ""proto_lambda"": 0.0, ""proto_tau"": 1.0, ""residual_clip_t"": 2.0, ""save_interval"": 10, ""seed"": 42, ""skill_dim"": 128, ""use_personal_graph"": true, ""use_soft_prototype_main_path"": false, ""weight_decay"": 1e-05}"
assist_09,42,gmax_0p6,no3,assist_09_m3grid_gmax_0p6_no3,0.7593851711788079,0.7317551237892252,0.42790081978975164,0.7559855950226628,22,22,0.0001,0.0,0.0,0.0,0.0,0.0001,0.3397,ok,0,checkpoints/assist_09_m3grid/seed42/gmax_0p6_no3,logs/assist_09_m3grid/seed42/gmax_0p6_no3,logs/assist_09_m3grid/seed42/gmax_0p6_no3/train_20260211_032021.log,"{""ablate_module3"": true, ""ablate_skill_encoder"": false, ""ablate_soft_prototype"": true, ""batch_size"": 128, ""disable_q_aligned_residual"": false, ""disable_soft_prototype"": true, ""dropout"": 0.2, ""early_stop_patience"": 3, ""enable_soft_prototype"": false, ""epochs"": 30, ""exercise_dim"": 64, ""exercise_l2_lambda"": 5e-05, ""fusion_gate_bias_init"": -2.5, ""fusion_gate_max"": 0.6, ""knowledge_dim"": 64, ""lambda_alpha"": 0.01, ""lambda_proto_div"": 0.0, ""lambda_proto_usage"": 0.0, ""lambda_sparse"": 1.0, ""lambda_sparse_personal"": 0.005, ""learning_rate"": 0.0003, ""min_exer_interactions"": 0, ""min_poison_count"": 0, ""min_stu_interactions"": 15, ""model_variant"": ""gpd_base"", ""no_cuda"": false, ""num_gnn_layers"": 1, ""num_prototypes"": 0, ""num_relation_heads"": 2, ""num_workers"": 4, ""patience"": 5, ""proto_lambda"": 0.0, ""proto_tau"": 1.0, ""residual_clip_t"": 2.0, ""save_interval"": 10, ""seed"": 42, ""skill_dim"": 128, ""use_personal_graph"": true, ""use_soft_prototype_main_path"": false, ""weight_decay"": 1e-05}"
assist_09,42,clip_1p5,full,assist_09_m3grid_clip_1p5_full,0.7692308215936572,0.7357513939370873,0.42332579893326816,0.7665909326694524,17,17,8.7186,0.2122,0.9162,0.9162,0.3926,1.0,0.4407,ok,0,checkpoints/assist_09_m3grid/seed42/clip_1p5_full,logs/assist_09_m3grid/seed42/clip_1p5_full,logs/assist_09_m3grid/seed42/clip_1p5_full/train_20260211_032306.log,"{""ablate_module3"": false, ""ablate_skill_encoder"": false, ""ablate_soft_prototype"": true, ""batch_size"": 128, ""disable_q_aligned_residual"": false, ""disable_soft_prototype"": true, ""dropout"": 0.2, ""early_stop_patience"": 3, ""enable_soft_prototype"": false, ""epochs"": 30, ""exercise_dim"": 64, ""exercise_l2_lambda"": 5e-05, ""fusion_gate_bias_init"": -2.5, ""fusion_gate_max"": 0.4, ""knowledge_dim"": 64, ""lambda_alpha"": 0.01, ""lambda_proto_div"": 0.0, ""lambda_proto_usage"": 0.0, ""lambda_sparse"": 1.0, ""lambda_sparse_personal"": 0.005, ""learning_rate"": 0.0003, ""min_exer_interactions"": 0, ""min_poison_count"": 0, ""min_stu_interactions"": 15, ""model_variant"": ""gpd_base"", ""no_cuda"": false, ""num_gnn_layers"": 1, ""num_prototypes"": 0, ""num_relation_heads"": 2, ""num_workers"": 4, ""patience"": 5, ""proto_lambda"": 0.0, ""proto_tau"": 1.0, ""residual_clip_t"": 1.5, ""save_interval"": 10, ""seed"": 42, ""skill_dim"": 128, ""use_personal_graph"": true, ""use_soft_prototype_main_path"": false, ""weight_decay"": 1e-05}"
assist_09,42,clip_2p5,full,assist_09_m3grid_clip_2p5_full,0.7700142557881702,0.7368551256922111,0.4232608378585375,0.7667471361663851,16,16,8.7172,0.263,1.1215,1.1215,0.3889,1.0,0.4096,ok,0,checkpoints/assist_09_m3grid/seed42/clip_2p5_full,logs/assist_09_m3grid/seed42/clip_2p5_full,logs/assist_09_m3grid/seed42/clip_2p5_full/train_20260211_032336.log,"{""ablate_module3"": false, ""ablate_skill_encoder"": false, ""ablate_soft_prototype"": true, ""batch_size"": 128, ""disable_q_aligned_residual"": false, ""disable_soft_prototype"": true, ""dropout"": 0.2, ""early_stop_patience"": 3, ""enable_soft_prototype"": false, ""epochs"": 30, ""exercise_dim"": 64, ""exercise_l2_lambda"": 5e-05, ""fusion_gate_bias_init"": -2.5, ""fusion_gate_max"": 0.4, ""knowledge_dim"": 64, ""lambda_alpha"": 0.01, ""lambda_proto_div"": 0.0, ""lambda_proto_usage"": 0.0, ""lambda_sparse"": 1.0, ""lambda_sparse_personal"": 0.005, ""learning_rate"": 0.0003, ""min_exer_interactions"": 0, ""min_poison_count"": 0, ""min_stu_interactions"": 15, ""model_variant"": ""gpd_base"", ""no_cuda"": false, ""num_gnn_layers"": 1, ""num_prototypes"": 0, ""num_relation_heads"": 2, ""num_workers"": 4, ""patience"": 5, ""proto_lambda"": 0.0, ""proto_tau"": 1.0, ""residual_clip_t"": 2.5, ""save_interval"": 10, ""seed"": 42, ""skill_dim"": 128, ""use_personal_graph"": true, ""use_soft_prototype_main_path"": false, ""weight_decay"": 1e-05}"
assist_09,42,drop_0p15,full,assist_09_m3grid_drop_0p15_full,0.7694619932710821,0.7361319910940265,0.4226131330043486,0.7655887909059969,15,15,8.7684,0.2591,1.0399,1.0399,0.3902,1.0,0.4403,ok,0,checkpoints/assist_09_m3grid/seed42/drop_0p15_full,logs/assist_09_m3grid/seed42/drop_0p15_full,logs/assist_09_m3grid/seed42/drop_0p15_full/train_20260211_032351.log,"{""ablate_module3"": false, ""ablate_skill_encoder"": false, ""ablate_soft_prototype"": true, ""batch_size"": 128, ""disable_q_aligned_residual"": false, ""disable_soft_prototype"": true, ""dropout"": 0.15, ""early_stop_patience"": 3, ""enable_soft_prototype"": false, ""epochs"": 30, ""exercise_dim"": 64, ""exercise_l2_lambda"": 5e-05, ""fusion_gate_bias_init"": -2.5, ""fusion_gate_max"": 0.4, ""knowledge_dim"": 64, ""lambda_alpha"": 0.01, ""lambda_proto_div"": 0.0, ""lambda_proto_usage"": 0.0, ""lambda_sparse"": 1.0, ""lambda_sparse_personal"": 0.005, ""learning_rate"": 0.0003, ""min_exer_interactions"": 0, ""min_poison_count"": 0, ""min_stu_interactions"": 15, ""model_variant"": ""gpd_base"", ""no_cuda"": false, ""num_gnn_layers"": 1, ""num_prototypes"": 0, ""num_relation_heads"": 2, ""num_workers"": 4, ""patience"": 5, ""proto_lambda"": 0.0, ""proto_tau"": 1.0, ""residual_clip_t"": 2.0, ""save_interval"": 10, ""seed"": 42, ""skill_dim"": 128, ""use_personal_graph"": true, ""use_soft_prototype_main_path"": false, ""weight_decay"": 1e-05}"
assist_09,42,drop_0p15,no3,assist_09_m3grid_drop_0p15_no3,0.7565844752570161,0.7291099735484976,0.42823864994464694,0.752590070576789,17,17,8.6164,0.0,0.0,0.0,0.0,1.0,0.4514,ok,0,checkpoints/assist_09_m3grid/seed42/drop_0p15_no3,logs/assist_09_m3grid/seed42/drop_0p15_no3,logs/assist_09_m3grid/seed42/drop_0p15_no3/train_20260211_032351.log,"{""ablate_module3"": true, ""ablate_skill_encoder"": false, ""ablate_soft_prototype"": true, ""batch_size"": 128, ""disable_q_aligned_residual"": false, ""disable_soft_prototype"": true, ""dropout"": 0.15, ""early_stop_patience"": 3, ""enable_soft_prototype"": false, ""epochs"": 30, ""exercise_dim"": 64, ""exercise_l2_lambda"": 5e-05, ""fusion_gate_bias_init"": -2.5, ""fusion_gate_max"": 0.4, ""knowledge_dim"": 64, ""lambda_alpha"": 0.01, ""lambda_proto_div"": 0.0, ""lambda_proto_usage"": 0.0, ""lambda_sparse"": 1.0, ""lambda_sparse_personal"": 0.005, ""learning_rate"": 0.0003, ""min_exer_interactions"": 0, ""min_poison_count"": 0, ""min_stu_interactions"": 15, ""model_variant"": ""gpd_base"", ""no_cuda"": false, ""num_gnn_layers"": 1, ""num_prototypes"": 0, ""num_relation_heads"": 2, ""num_workers"": 4, ""patience"": 5, ""proto_lambda"": 0.0, ""proto_tau"": 1.0, ""residual_clip_t"": 2.0, ""save_interval"": 10, ""seed"": 42, ""skill_dim"": 128, ""use_personal_graph"": true, ""use_soft_prototype_main_path"": false, ""weight_decay"": 1e-05}"
assist_09,42,drop_0p1,full,assist_09_m3grid_drop_0p1_full,0.7693307178999942,0.7366648271137415,0.4225411198569596,0.7655610353435438,16,16,8.7423,0.2512,1.0517,1.0517,0.3912,1.0,0.4387,ok,0,checkpoints/assist_09_m3grid/seed42/drop_0p1_full,logs/assist_09_m3grid/seed42/drop_0p1_full,logs/assist_09_m3grid/seed42/drop_0p1_full/train_20260211_032351.log,"{""ablate_module3"": false, ""ablate_skill_encoder"": false, ""ablate_soft_prototype"": true, ""batch_size"": 128, ""disable_q_aligned_residual"": false, ""disable_soft_prototype"": true, ""dropout"": 0.1, ""early_stop_patience"": 3, ""enable_soft_prototype"": false, ""epochs"": 30, ""exercise_dim"": 64, ""exercise_l2_lambda"": 5e-05, ""fusion_gate_bias_init"": -2.5, ""fusion_gate_max"": 0.4, ""knowledge_dim"": 64, ""lambda_alpha"": 0.01, ""lambda_proto_div"": 0.0, ""lambda_proto_usage"": 0.0, ""lambda_sparse"": 1.0, ""lambda_sparse_personal"": 0.005, ""learning_rate"": 0.0003, ""min_exer_interactions"": 0, ""min_poison_count"": 0, ""min_stu_interactions"": 15, ""model_variant"": ""gpd_base"", ""no_cuda"": false, ""num_gnn_layers"": 1, ""num_prototypes"": 0, ""num_relation_heads"": 2, ""num_workers"": 4, ""patience"": 5, ""proto_lambda"": 0.0, ""proto_tau"": 1.0, ""residual_clip_t"": 2.0, ""save_interval"": 10, ""seed"": 42, ""skill_dim"": 128, ""use_personal_graph"": true, ""use_soft_prototype_main_path"": false, ""weight_decay"": 1e-05}"
assist_09,42,drop_0p05,full,assist_09_m3grid_drop_0p05_full,0.7684765494997802,0.7356562446478525,0.4227829466224056,0.7645397338376668,15,15,8.7795,0.2621,1.0376,1.0376,0.3878,1.0,0.3892,ok,0,checkpoints/assist_09_m3grid/seed42/drop_0p05_full,logs/assist_09_m3grid/seed42/drop_0p05_full,logs/assist_09_m3grid/seed42/drop_0p05_full/train_20260211_032451.log,"{""ablate_module3"": false, ""ablate_skill_encoder"": false, ""ablate_soft_prototype"": true, ""batch_size"": 128, ""disable_q_aligned_residual"": false, ""disable_soft_prototype"": true, ""dropout"": 0.05, ""early_stop_patience"": 3, ""enable_soft_prototype"": false, ""epochs"": 30, ""exercise_dim"": 64, ""exercise_l2_lambda"": 5e-05, ""fusion_gate_bias_init"": -2.5, ""fusion_gate_max"": 0.4, ""knowledge_dim"": 64, ""lambda_alpha"": 0.01, ""lambda_proto_div"": 0.0, ""lambda_proto_usage"": 0.0, ""lambda_sparse"": 1.0, ""lambda_sparse_personal"": 0.005, ""learning_rate"": 0.0003, ""min_exer_interactions"": 0, ""min_poison_count"": 0, ""min_stu_interactions"": 15, ""model_variant"": ""gpd_base"", ""no_cuda"": false, ""num_gnn_layers"": 1, ""num_prototypes"": 0, ""num_relation_heads"": 2, ""num_workers"": 4, ""patience"": 5, ""proto_lambda"": 0.0, ""proto_tau"": 1.0, ""residual_clip_t"": 2.0, ""save_interval"": 10, ""seed"": 42, ""skill_dim"": 128, ""use_personal_graph"": true, ""use_soft_prototype_main_path"": false, ""weight_decay"": 1e-05}"
assist_09,42,clip_3,full,assist_09_m3grid_clip_3_full,0.7719684814598498,0.7376543797217835,0.42288196370338127,0.7699965103949421,17,17,-0.0007,0.2816,1.2088,1.2088,0.3917,0.0001,0.4775,ok,0,checkpoints/assist_09_m3grid/seed42/clip_3_full,logs/assist_09_m3grid/seed42/clip_3_full,logs/assist_09_m3grid/seed42/clip_3_full/train_20260211_032351.log,"{""ablate_module3"": false, ""ablate_skill_encoder"": false, ""ablate_soft_prototype"": true, ""batch_size"": 128, ""disable_q_aligned_residual"": false, ""disable_soft_prototype"": true, ""dropout"": 0.2, ""early_stop_patience"": 3, ""enable_soft_prototype"": false, ""epochs"": 30, ""exercise_dim"": 64, ""exercise_l2_lambda"": 5e-05, ""fusion_gate_bias_init"": -2.5, ""fusion_gate_max"": 0.4, ""knowledge_dim"": 64, ""lambda_alpha"": 0.01, ""lambda_proto_div"": 0.0, ""lambda_proto_usage"": 0.0, ""lambda_sparse"": 1.0, ""lambda_sparse_personal"": 0.005, ""learning_rate"": 0.0003, ""min_exer_interactions"": 0, ""min_poison_count"": 0, ""min_stu_interactions"": 15, ""model_variant"": ""gpd_base"", ""no_cuda"": false, ""num_gnn_layers"": 1, ""num_prototypes"": 0, ""num_relation_heads"": 2, ""num_workers"": 4, ""patience"": 5, ""proto_lambda"": 0.0, ""proto_tau"": 1.0, ""residual_clip_t"": 3.0, ""save_interval"": 10, ""seed"": 42, ""skill_dim"": 128, ""use_personal_graph"": true, ""use_soft_prototype_main_path"": false, ""weight_decay"": 1e-05}"
assist_09,42,s0p1_bm2,full,assist_09_m3grid_s0p1_bm2_full,0.769902788089194,0.736931245123599,0.42322401802808635,0.7664173354030251,17,17,0.8693,0.2458,1.0433,1.0433,0.3937,1.0,0.4401,ok,0,checkpoints/assist_09_m3grid/seed42/s0p1_bm2_full,logs/assist_09_m3grid/seed42/s0p1_bm2_full,logs/assist_09_m3grid/seed42/s0p1_bm2_full/train_20260211_032521.log,"{""ablate_module3"": false, ""ablate_skill_encoder"": false, ""ablate_soft_prototype"": true, ""batch_size"": 128, ""disable_q_aligned_residual"": false, ""disable_soft_prototype"": true, ""dropout"": 0.2, ""early_stop_patience"": 3, ""enable_soft_prototype"": false, ""epochs"": 30, ""exercise_dim"": 64, ""exercise_l2_lambda"": 5e-05, ""fusion_gate_bias_init"": -2.0, ""fusion_gate_max"": 0.4, ""knowledge_dim"": 64, ""lambda_alpha"": 0.01, ""lambda_proto_div"": 0.0, ""lambda_proto_usage"": 0.0, ""lambda_sparse"": 0.1, ""lambda_sparse_personal"": 0.005, ""learning_rate"": 0.0003, ""min_exer_interactions"": 0, ""min_poison_count"": 0, ""min_stu_interactions"": 15, ""model_variant"": ""gpd_base"", ""no_cuda"": false, ""num_gnn_layers"": 1, ""num_prototypes"": 0, ""num_relation_heads"": 2, ""num_workers"": 4, ""patience"": 5, ""proto_lambda"": 0.0, ""proto_tau"": 1.0, ""residual_clip_t"": 2.0, ""save_interval"": 10, ""seed"": 42, ""skill_dim"": 128, ""use_personal_graph"": true, ""use_soft_prototype_main_path"": false, ""weight_decay"": 1e-05}"
assist_09,42,s0p1_bm1p5,full,assist_09_m3grid_s0p1_bm1p5_full,0.7704403704692684,0.7371215437020685,0.42313679518551106,0.7664097874645199,17,17,0.8704,0.2437,1.0478,1.0478,0.3971,1.0,0.4144,ok,0,checkpoints/assist_09_m3grid/seed42/s0p1_bm1p5_full,logs/assist_09_m3grid/seed42/s0p1_bm1p5_full,logs/assist_09_m3grid/seed42/s0p1_bm1p5_full/train_20260211_032536.log,"{""ablate_module3"": false, ""ablate_skill_encoder"": false, ""ablate_soft_prototype"": true, ""batch_size"": 128, ""disable_q_aligned_residual"": false, ""disable_soft_prototype"": true, ""dropout"": 0.2, ""early_stop_patience"": 3, ""enable_soft_prototype"": false, ""epochs"": 30, ""exercise_dim"": 64, ""exercise_l2_lambda"": 5e-05, ""fusion_gate_bias_init"": -1.5, ""fusion_gate_max"": 0.4, ""knowledge_dim"": 64, ""lambda_alpha"": 0.01, ""lambda_proto_div"": 0.0, ""lambda_proto_usage"": 0.0, ""lambda_sparse"": 0.1, ""lambda_sparse_personal"": 0.005, ""learning_rate"": 0.0003, ""min_exer_interactions"": 0, ""min_poison_count"": 0, ""min_stu_interactions"": 15, ""model_variant"": ""gpd_base"", ""no_cuda"": false, ""num_gnn_layers"": 1, ""num_prototypes"": 0, ""num_relation_heads"": 2, ""num_workers"": 4, ""patience"": 5, ""proto_lambda"": 0.0, ""proto_tau"": 1.0, ""residual_clip_t"": 2.0, ""save_interval"": 10, ""seed"": 42, ""skill_dim"": 128, ""use_personal_graph"": true, ""use_soft_prototype_main_path"": false, ""weight_decay"": 1e-05}"
assist_09,42,s0p03_bm2,full,assist_09_m3grid_s0p03_bm2_full,0.7701370830114855,0.7364554986774249,0.423217265446104,0.7666399065030101,17,17,0.2597,0.2453,1.0448,1.0448,0.3944,1.0,0.3891,ok,0,checkpoints/assist_09_m3grid/seed42/s0p03_bm2_full,logs/assist_09_m3grid/seed42/s0p03_bm2_full,logs/assist_09_m3grid/seed42/s0p03_bm2_full/train_20260211_032536.log,"{""ablate_module3"": false, ""ablate_skill_encoder"": false, ""ablate_soft_prototype"": true, ""batch_size"": 128, ""disable_q_aligned_residual"": false, ""disable_soft_prototype"": true, ""dropout"": 0.2, ""early_stop_patience"": 3, ""enable_soft_prototype"": false, ""epochs"": 30, ""exercise_dim"": 64, ""exercise_l2_lambda"": 5e-05, ""fusion_gate_bias_init"": -2.0, ""fusion_gate_max"": 0.4, ""knowledge_dim"": 64, ""lambda_alpha"": 0.01, ""lambda_proto_div"": 0.0, ""lambda_proto_usage"": 0.0, ""lambda_sparse"": 0.03, ""lambda_sparse_personal"": 0.005, ""learning_rate"": 0.0003, ""min_exer_interactions"": 0, ""min_poison_count"": 0, ""min_stu_interactions"": 15, ""model_variant"": ""gpd_base"", ""no_cuda"": false, ""num_gnn_layers"": 1, ""num_prototypes"": 0, ""num_relation_heads"": 2, ""num_workers"": 4, ""patience"": 5, ""proto_lambda"": 0.0, ""proto_tau"": 1.0, ""residual_clip_t"": 2.0, ""save_interval"": 10, ""seed"": 42, ""skill_dim"": 128, ""use_personal_graph"": true, ""use_soft_prototype_main_path"": false, ""weight_decay"": 1e-05}"
assist_09,42,clip_1p5,no3,assist_09_m3grid_clip_1p5_no3,0.7593851711788079,0.7317551237892252,0.42790081978975164,0.7559855950226628,22,22,0.0001,0.0,0.0,0.0,0.0,0.0001,0.3397,ok,0,checkpoints/assist_09_m3grid/seed42/clip_1p5_no3,logs/assist_09_m3grid/seed42/clip_1p5_no3,logs/assist_09_m3grid/seed42/clip_1p5_no3/train_20260211_032336.log,"{""ablate_module3"": true, ""ablate_skill_encoder"": false, ""ablate_soft_prototype"": true, ""batch_size"": 128, ""disable_q_aligned_residual"": false, ""disable_soft_prototype"": true, ""dropout"": 0.2, ""early_stop_patience"": 3, ""enable_soft_prototype"": false, ""epochs"": 30, ""exercise_dim"": 64, ""exercise_l2_lambda"": 5e-05, ""fusion_gate_bias_init"": -2.5, ""fusion_gate_max"": 0.4, ""knowledge_dim"": 64, ""lambda_alpha"": 0.01, ""lambda_proto_div"": 0.0, ""lambda_proto_usage"": 0.0, ""lambda_sparse"": 1.0, ""lambda_sparse_personal"": 0.005, ""learning_rate"": 0.0003, ""min_exer_interactions"": 0, ""min_poison_count"": 0, ""min_stu_interactions"": 15, ""model_variant"": ""gpd_base"", ""no_cuda"": false, ""num_gnn_layers"": 1, ""num_prototypes"": 0, ""num_relation_heads"": 2, ""num_workers"": 4, ""patience"": 5, ""proto_lambda"": 0.0, ""proto_tau"": 1.0, ""residual_clip_t"": 1.5, ""save_interval"": 10, ""seed"": 42, ""skill_dim"": 128, ""use_personal_graph"": true, ""use_soft_prototype_main_path"": false, ""weight_decay"": 1e-05}"
assist_09,42,clip_2p5,no3,assist_09_m3grid_clip_2p5_no3,0.7593851711788079,0.7317551237892252,0.42790081978975164,0.7559855950226628,22,22,0.0001,0.0,0.0,0.0,0.0,0.0001,0.3397,ok,0,checkpoints/assist_09_m3grid/seed42/clip_2p5_no3,logs/assist_09_m3grid/seed42/clip_2p5_no3,logs/assist_09_m3grid/seed42/clip_2p5_no3/train_20260211_032336.log,"{""ablate_module3"": true, ""ablate_skill_encoder"": false, ""ablate_soft_prototype"": true, ""batch_size"": 128, ""disable_q_aligned_residual"": false, ""disable_soft_prototype"": true, ""dropout"": 0.2, ""early_stop_patience"": 3, ""enable_soft_prototype"": false, ""epochs"": 30, ""exercise_dim"": 64, ""exercise_l2_lambda"": 5e-05, ""fusion_gate_bias_init"": -2.5, ""fusion_gate_max"": 0.4, ""knowledge_dim"": 64, ""lambda_alpha"": 0.01, ""lambda_proto_div"": 0.0, ""lambda_proto_usage"": 0.0, ""lambda_sparse"": 1.0, ""lambda_sparse_personal"": 0.005, ""learning_rate"": 0.0003, ""min_exer_interactions"": 0, ""min_poison_count"": 0, ""min_stu_interactions"": 15, ""model_variant"": ""gpd_base"", ""no_cuda"": false, ""num_gnn_layers"": 1, ""num_prototypes"": 0, ""num_relation_heads"": 2, ""num_workers"": 4, ""patience"": 5, ""proto_lambda"": 0.0, ""proto_tau"": 1.0, ""residual_clip_t"": 2.5, ""save_interval"": 10, ""seed"": 42, ""skill_dim"": 128, ""use_personal_graph"": true, ""use_soft_prototype_main_path"": false, ""weight_decay"": 1e-05}"
assist_09,42,clip_3,no3,assist_09_m3grid_clip_3_no3,0.7593851711788079,0.7317551237892252,0.42790081978975164,0.7559855950226628,22,22,0.0001,0.0,0.0,0.0,0.0,0.0001,0.3397,ok,0,checkpoints/assist_09_m3grid/seed42/clip_3_no3,logs/assist_09_m3grid/seed42/clip_3_no3,logs/assist_09_m3grid/seed42/clip_3_no3/train_20260211_032351.log,"{""ablate_module3"": true, ""ablate_skill_encoder"": false, ""ablate_soft_prototype"": true, ""batch_size"": 128, ""disable_q_aligned_residual"": false, ""disable_soft_prototype"": true, ""dropout"": 0.2, ""early_stop_patience"": 3, ""enable_soft_prototype"": false, ""epochs"": 30, ""exercise_dim"": 64, ""exercise_l2_lambda"": 5e-05, ""fusion_gate_bias_init"": -2.5, ""fusion_gate_max"": 0.4, ""knowledge_dim"": 64, ""lambda_alpha"": 0.01, ""lambda_proto_div"": 0.0, ""lambda_proto_usage"": 0.0, ""lambda_sparse"": 1.0, ""lambda_sparse_personal"": 0.005, ""learning_rate"": 0.0003, ""min_exer_interactions"": 0, ""min_poison_count"": 0, ""min_stu_interactions"": 15, ""model_variant"": ""gpd_base"", ""no_cuda"": false, ""num_gnn_layers"": 1, ""num_prototypes"": 0, ""num_relation_heads"": 2, ""num_workers"": 4, ""patience"": 5, ""proto_lambda"": 0.0, ""proto_tau"": 1.0, ""residual_clip_t"": 3.0, ""save_interval"": 10, ""seed"": 42, ""skill_dim"": 128, ""use_personal_graph"": true, ""use_soft_prototype_main_path"": false, ""weight_decay"": 1e-05}"
assist_09,42,s0p03_bm2,no3,assist_09_m3grid_s0p03_bm2_no3,0.7594069452787553,0.7315648252107557,0.4276030019016859,0.7548745267724474,22,22,0.2561,0.0,0.0,0.0,0.0,1.0,0.4482,ok,0,checkpoints/assist_09_m3grid/seed42/s0p03_bm2_no3,logs/assist_09_m3grid/seed42/s0p03_bm2_no3,logs/assist_09_m3grid/seed42/s0p03_bm2_no3/train_20260211_032606.log,"{""ablate_module3"": true, ""ablate_skill_encoder"": false, ""ablate_soft_prototype"": true, ""batch_size"": 128, ""disable_q_aligned_residual"": false, ""disable_soft_prototype"": true, ""dropout"": 0.2, ""early_stop_patience"": 3, ""enable_soft_prototype"": false, ""epochs"": 30, ""exercise_dim"": 64, ""exercise_l2_lambda"": 5e-05, ""fusion_gate_bias_init"": -2.0, ""fusion_gate_max"": 0.4, ""knowledge_dim"": 64, ""lambda_alpha"": 0.01, ""lambda_proto_div"": 0.0, ""lambda_proto_usage"": 0.0, ""lambda_sparse"": 0.03, ""lambda_sparse_personal"": 0.005, ""learning_rate"": 0.0003, ""min_exer_interactions"": 0, ""min_poison_count"": 0, ""min_stu_interactions"": 15, ""model_variant"": ""gpd_base"", ""no_cuda"": false, ""num_gnn_layers"": 1, ""num_prototypes"": 0, ""num_relation_heads"": 2, ""num_workers"": 4, ""patience"": 5, ""proto_lambda"": 0.0, ""proto_tau"": 1.0, ""residual_clip_t"": 2.0, ""save_interval"": 10, ""seed"": 42, ""skill_dim"": 128, ""use_personal_graph"": true, ""use_soft_prototype_main_path"": false, ""weight_decay"": 1e-05}"
assist_09,42,s0p03_bm1p5,full,assist_09_m3grid_s0p03_bm1p5_full,0.770420855223746,0.7366648271137415,0.42290362740493653,0.7661549022514836,17,17,0.2594,0.2564,1.0629,1.0629,0.397,1.0,0.3198,ok,0,checkpoints/assist_09_m3grid/seed42/s0p03_bm1p5_full,logs/assist_09_m3grid/seed42/s0p03_bm1p5_full,logs/assist_09_m3grid/seed42/s0p03_bm1p5_full/train_20260211_032921.log,"{""ablate_module3"": false, ""ablate_skill_encoder"": false, ""ablate_soft_prototype"": true, ""batch_size"": 128, ""disable_q_aligned_residual"": false, ""disable_soft_prototype"": true, ""dropout"": 0.2, ""early_stop_patience"": 3, ""enable_soft_prototype"": false, ""epochs"": 30, ""exercise_dim"": 64, ""exercise_l2_lambda"": 5e-05, ""fusion_gate_bias_init"": -1.5, ""fusion_gate_max"": 0.4, ""knowledge_dim"": 64, ""lambda_alpha"": 0.01, ""lambda_proto_div"": 0.0, ""lambda_proto_usage"": 0.0, ""lambda_sparse"": 0.03, ""lambda_sparse_personal"": 0.005, ""learning_rate"": 0.0003, ""min_exer_interactions"": 0, ""min_poison_count"": 0, ""min_stu_interactions"": 15, ""model_variant"": ""gpd_base"", ""no_cuda"": false, ""num_gnn_layers"": 1, ""num_prototypes"": 0, ""num_relation_heads"": 2, ""num_workers"": 4, ""patience"": 5, ""proto_lambda"": 0.0, ""proto_tau"": 1.0, ""residual_clip_t"": 2.0, ""save_interval"": 10, ""seed"": 42, ""skill_dim"": 128, ""use_personal_graph"": true, ""use_soft_prototype_main_path"": false, ""weight_decay"": 1e-05}"
assist_09,42,s0p1_g0p6,no3,assist_09_m3grid_s0p1_g0p6_no3,0.7534395014032239,0.7275304953471997,0.4292930403890467,0.7505341642569292,12,12,0.8632,0.0,0.0,0.0,0.0,1.0,0.405,ok,0,checkpoints/assist_09_m3grid/seed42/s0p1_g0p6_no3,logs/assist_09_m3grid/seed42/s0p1_g0p6_no3,logs/assist_09_m3grid/seed42/s0p1_g0p6_no3/train_20260211_033437.log,"{""ablate_module3"": true, ""ablate_skill_encoder"": false, ""ablate_soft_prototype"": true, ""batch_size"": 128, ""disable_q_aligned_residual"": false, ""disable_soft_prototype"": true, ""dropout"": 0.2, ""early_stop_patience"": 3, ""enable_soft_prototype"": false, ""epochs"": 30, ""exercise_dim"": 64, ""exercise_l2_lambda"": 5e-05, ""fusion_gate_bias_init"": -2.5, ""fusion_gate_max"": 0.6, ""knowledge_dim"": 64, ""lambda_alpha"": 0.01, ""lambda_proto_div"": 0.0, ""lambda_proto_usage"": 0.0, ""lambda_sparse"": 0.1, ""lambda_sparse_personal"": 0.005, ""learning_rate"": 0.0003, ""min_exer_interactions"": 0, ""min_poison_count"": 0, ""min_stu_interactions"": 15, ""model_variant"": ""gpd_base"", ""no_cuda"": false, ""num_gnn_layers"": 1, ""num_prototypes"": 0, ""num_relation_heads"": 2, ""num_workers"": 4, ""patience"": 5, ""proto_lambda"": 0.0, ""proto_tau"": 1.0, ""residual_clip_t"": 2.0, ""save_interval"": 10, ""seed"": 42, ""skill_dim"": 128, ""use_personal_graph"": true, ""use_soft_prototype_main_path"": false, ""weight_decay"": 1e-05}"
assist_09,42,s0p1_g0p5,no3,assist_09_m3grid_s0p1_g0p5_no3,0.7534395014032239,0.7275304953471997,0.4292930403890467,0.7505341642569292,12,12,0.8632,0.0,0.0,0.0,0.0,1.0,0.405,ok,0,checkpoints/assist_09_m3grid/seed42/s0p1_g0p5_no3,logs/assist_09_m3grid/seed42/s0p1_g0p5_no3,logs/assist_09_m3grid/seed42/s0p1_g0p5_no3/train_20260211_033437.log,"{""ablate_module3"": true, ""ablate_skill_encoder"": false, ""ablate_soft_prototype"": true, ""batch_size"": 128, ""disable_q_aligned_residual"": false, ""disable_soft_prototype"": true, ""dropout"": 0.2, ""early_stop_patience"": 3, ""enable_soft_prototype"": false, ""epochs"": 30, ""exercise_dim"": 64, ""exercise_l2_lambda"": 5e-05, ""fusion_gate_bias_init"": -2.5, ""fusion_gate_max"": 0.5, ""knowledge_dim"": 64, ""lambda_alpha"": 0.01, ""lambda_proto_div"": 0.0, ""lambda_proto_usage"": 0.0, ""lambda_sparse"": 0.1, ""lambda_sparse_personal"": 0.005, ""learning_rate"": 0.0003, ""min_exer_interactions"": 0, ""min_poison_count"": 0, ""min_stu_interactions"": 15, ""model_variant"": ""gpd_base"", ""no_cuda"": false, ""num_gnn_layers"": 1, ""num_prototypes"": 0, ""num_relation_heads"": 2, ""num_workers"": 4, ""patience"": 5, ""proto_lambda"": 0.0, ""proto_tau"": 1.0, ""residual_clip_t"": 2.0, ""save_interval"": 10, ""seed"": 42, ""skill_dim"": 128, ""use_personal_graph"": true, ""use_soft_prototype_main_path"": false, ""weight_decay"": 1e-05}"
assist_09,42,s0p03_g0p5,full,assist_09_m3grid_s0p03_g0p5_full,0.7697602579195428,0.735903632799863,0.4223622378488596,0.7659224161709672,12,12,0.2625,0.2674,0.8729,0.8729,0.4779,1.0,0.3929,ok,0,checkpoints/assist_09_m3grid/seed42/s0p03_g0p5_full,logs/assist_09_m3grid/seed42/s0p03_g0p5_full,logs/assist_09_m3grid/seed42/s0p03_g0p5_full/train_20260211_033452.log,"{""ablate_module3"": false, ""ablate_skill_encoder"": false, ""ablate_soft_prototype"": true, ""batch_size"": 128, ""disable_q_aligned_residual"": false, ""disable_soft_prototype"": true, ""dropout"": 0.2, ""early_stop_patience"": 3, ""enable_soft_prototype"": false, ""epochs"": 30, ""exercise_dim"": 64, ""exercise_l2_lambda"": 5e-05, ""fusion_gate_bias_init"": -2.5, ""fusion_gate_max"": 0.5, ""knowledge_dim"": 64, ""lambda_alpha"": 0.01, ""lambda_proto_div"": 0.0, ""lambda_proto_usage"": 0.0, ""lambda_sparse"": 0.03, ""lambda_sparse_personal"": 0.005, ""learning_rate"": 0.0003, ""min_exer_interactions"": 0, ""min_poison_count"": 0, ""min_stu_interactions"": 15, ""model_variant"": ""gpd_base"", ""no_cuda"": false, ""num_gnn_layers"": 1, ""num_prototypes"": 0, ""num_relation_heads"": 2, ""num_workers"": 4, ""patience"": 5, ""proto_lambda"": 0.0, ""proto_tau"": 1.0, ""residual_clip_t"": 2.0, ""save_interval"": 10, ""seed"": 42, ""skill_dim"": 128, ""use_personal_graph"": true, ""use_soft_prototype_main_path"": false, ""weight_decay"": 1e-05}"
assist_09,42,s0p01_bm2,full,assist_09_m3grid_s0p01_bm2_full,0.7704294370982786,0.7380730365944166,0.42302542647223534,0.7672141562177098,17,17,0.0856,0.2546,1.0815,1.0815,0.395,1.0,0.4406,ok,0,checkpoints/assist_09_m3grid/seed42/s0p01_bm2_full,logs/assist_09_m3grid/seed42/s0p01_bm2_full,logs/assist_09_m3grid/seed42/s0p01_bm2_full/train_20260211_033221.log,"{""ablate_module3"": false, ""ablate_skill_encoder"": false, ""ablate_soft_prototype"": true, ""batch_size"": 128, ""disable_q_aligned_residual"": false, ""disable_soft_prototype"": true, ""dropout"": 0.2, ""early_stop_patience"": 3, ""enable_soft_prototype"": false, ""epochs"": 30, ""exercise_dim"": 64, ""exercise_l2_lambda"": 5e-05, ""fusion_gate_bias_init"": -2.0, ""fusion_gate_max"": 0.4, ""knowledge_dim"": 64, ""lambda_alpha"": 0.01, ""lambda_proto_div"": 0.0, ""lambda_proto_usage"": 0.0, ""lambda_sparse"": 0.01, ""lambda_sparse_personal"": 0.005, ""learning_rate"": 0.0003, ""min_exer_interactions"": 0, ""min_poison_count"": 0, ""min_stu_interactions"": 15, ""model_variant"": ""gpd_base"", ""no_cuda"": false, ""num_gnn_layers"": 1, ""num_prototypes"": 0, ""num_relation_heads"": 2, ""num_workers"": 4, ""patience"": 5, ""proto_lambda"": 0.0, ""proto_tau"": 1.0, ""residual_clip_t"": 2.0, ""save_interval"": 10, ""seed"": 42, ""skill_dim"": 128, ""use_personal_graph"": true, ""use_soft_prototype_main_path"": false, ""weight_decay"": 1e-05}"
assist_09,42,s0p03_bm1p5,no3,assist_09_m3grid_s0p03_bm1p5_no3,0.7594069452787553,0.7315648252107557,0.4276030019016859,0.7548745267724474,22,22,0.2561,0.0,0.0,0.0,0.0,1.0,0.4482,ok,0,checkpoints/assist_09_m3grid/seed42/s0p03_bm1p5_no3,logs/assist_09_m3grid/seed42/s0p03_bm1p5_no3,logs/assist_09_m3grid/seed42/s0p03_bm1p5_no3/train_20260211_033152.log,"{""ablate_module3"": true, ""ablate_skill_encoder"": false, ""ablate_soft_prototype"": true, ""batch_size"": 128, ""disable_q_aligned_residual"": false, ""disable_soft_prototype"": true, ""dropout"": 0.2, ""early_stop_patience"": 3, ""enable_soft_prototype"": false, ""epochs"": 30, ""exercise_dim"": 64, ""exercise_l2_lambda"": 5e-05, ""fusion_gate_bias_init"": -1.5, ""fusion_gate_max"": 0.4, ""knowledge_dim"": 64, ""lambda_alpha"": 0.01, ""lambda_proto_div"": 0.0, ""lambda_proto_usage"": 0.0, ""lambda_sparse"": 0.03, ""lambda_sparse_personal"": 0.005, ""learning_rate"": 0.0003, ""min_exer_interactions"": 0, ""min_poison_count"": 0, ""min_stu_interactions"": 15, ""model_variant"": ""gpd_base"", ""no_cuda"": false, ""num_gnn_layers"": 1, ""num_prototypes"": 0, ""num_relation_heads"": 2, ""num_workers"": 4, ""patience"": 5, ""proto_lambda"": 0.0, ""proto_tau"": 1.0, ""residual_clip_t"": 2.0, ""save_interval"": 10, ""seed"": 42, ""skill_dim"": 128, ""use_personal_graph"": true, ""use_soft_prototype_main_path"": false, ""weight_decay"": 1e-05}"
assist_09,42,s0p01_bm2,no3,assist_09_m3grid_s0p01_bm2_no3,0.7562149334399866,0.7299282574359169,0.42927509175554024,0.75237826020943,19,19,0.0836,0.0,0.0,0.0,0.0,1.0,0.4494,ok,0,checkpoints/assist_09_m3grid/seed42/s0p01_bm2_no3,logs/assist_09_m3grid/seed42/s0p01_bm2_no3,logs/assist_09_m3grid/seed42/s0p01_bm2_no3/train_20260211_033337.log,"{""ablate_module3"": true, ""ablate_skill_encoder"": false, ""ablate_soft_prototype"": true, ""batch_size"": 128, ""disable_q_aligned_residual"": false, ""disable_soft_prototype"": true, ""dropout"": 0.2, ""early_stop_patience"": 3, ""enable_soft_prototype"": false, ""epochs"": 30, ""exercise_dim"": 64, ""exercise_l2_lambda"": 5e-05, ""fusion_gate_bias_init"": -2.0, ""fusion_gate_max"": 0.4, ""knowledge_dim"": 64, ""lambda_alpha"": 0.01, ""lambda_proto_div"": 0.0, ""lambda_proto_usage"": 0.0, ""lambda_sparse"": 0.01, ""lambda_sparse_personal"": 0.005, ""learning_rate"": 0.0003, ""min_exer_interactions"": 0, ""min_poison_count"": 0, ""min_stu_interactions"": 15, ""model_variant"": ""gpd_base"", ""no_cuda"": false, ""num_gnn_layers"": 1, ""num_prototypes"": 0, ""num_relation_heads"": 2, ""num_workers"": 4, ""patience"": 5, ""proto_lambda"": 0.0, ""proto_tau"": 1.0, ""residual_clip_t"": 2.0, ""save_interval"": 10, ""seed"": 42, ""skill_dim"": 128, ""use_personal_graph"": true, ""use_soft_prototype_main_path"": false, ""weight_decay"": 1e-05}"
assist_09,42,s0p03_g0p6,full,assist_09_m3grid_s0p03_g0p6_full,0.7703495844998401,0.7357513939370873,0.422098751835667,0.7666736514796683,12,12,0.2618,0.3185,0.8505,0.8505,0.5733,1.0,0.4133,ok,0,checkpoints/assist_09_m3grid/seed42/s0p03_g0p6_full,logs/assist_09_m3grid/seed42/s0p03_g0p6_full,logs/assist_09_m3grid/seed42/s0p03_g0p6_full/train_20260211_033607.log,"{""ablate_module3"": false, ""ablate_skill_encoder"": false, ""ablate_soft_prototype"": true, ""batch_size"": 128, ""disable_q_aligned_residual"": false, ""disable_soft_prototype"": true, ""dropout"": 0.2, ""early_stop_patience"": 3, ""enable_soft_prototype"": false, ""epochs"": 30, ""exercise_dim"": 64, ""exercise_l2_lambda"": 5e-05, ""fusion_gate_bias_init"": -2.5, ""fusion_gate_max"": 0.6, ""knowledge_dim"": 64, ""lambda_alpha"": 0.01, ""lambda_proto_div"": 0.0, ""lambda_proto_usage"": 0.0, ""lambda_sparse"": 0.03, ""lambda_sparse_personal"": 0.005, ""learning_rate"": 0.0003, ""min_exer_interactions"": 0, ""min_poison_count"": 0, ""min_stu_interactions"": 15, ""model_variant"": ""gpd_base"", ""no_cuda"": false, ""num_gnn_layers"": 1, ""num_prototypes"": 0, ""num_relation_heads"": 2, ""num_workers"": 4, ""patience"": 5, ""proto_lambda"": 0.0, ""proto_tau"": 1.0, ""residual_clip_t"": 2.0, ""save_interval"": 10, ""seed"": 42, ""skill_dim"": 128, ""use_personal_graph"": true, ""use_soft_prototype_main_path"": false, ""weight_decay"": 1e-05}"
assist_09,42,s0p01_bm1p5,full,assist_09_m3grid_s0p01_bm1p5_full,0.7695491186718559,0.7368741555500581,0.42358772449692406,0.7659914114566281,17,17,0.0854,0.25,1.0634,1.0634,0.397,1.0,0.4422,ok,0,checkpoints/assist_09_m3grid/seed42/s0p01_bm1p5_full,logs/assist_09_m3grid/seed42/s0p01_bm1p5_full,logs/assist_09_m3grid/seed42/s0p01_bm1p5_full/train_20260211_033337.log,"{""ablate_module3"": false, ""ablate_skill_encoder"": false, ""ablate_soft_prototype"": true, ""batch_size"": 128, ""disable_q_aligned_residual"": false, ""disable_soft_prototype"": true, ""dropout"": 0.2, ""early_stop_patience"": 3, ""enable_soft_prototype"": false, ""epochs"": 30, ""exercise_dim"": 64, ""exercise_l2_lambda"": 5e-05, ""fusion_gate_bias_init"": -1.5, ""fusion_gate_max"": 0.4, ""knowledge_dim"": 64, ""lambda_alpha"": 0.01, ""lambda_proto_div"": 0.0, ""lambda_proto_usage"": 0.0, ""lambda_sparse"": 0.01, ""lambda_sparse_personal"": 0.005, ""learning_rate"": 0.0003, ""min_exer_interactions"": 0, ""min_poison_count"": 0, ""min_stu_interactions"": 15, ""model_variant"": ""gpd_base"", ""no_cuda"": false, ""num_gnn_layers"": 1, ""num_prototypes"": 0, ""num_relation_heads"": 2, ""num_workers"": 4, ""patience"": 5, ""proto_lambda"": 0.0, ""proto_tau"": 1.0, ""residual_clip_t"": 2.0, ""save_interval"": 10, ""seed"": 42, ""skill_dim"": 128, ""use_personal_graph"": true, ""use_soft_prototype_main_path"": false, ""weight_decay"": 1e-05}"
assist_09,42,s0p01_bm1p5,no3,assist_09_m3grid_s0p01_bm1p5_no3,0.7562149334399866,0.7299282574359169,0.42927509175554024,0.75237826020943,19,19,0.0836,0.0,0.0,0.0,0.0,1.0,0.4494,ok,0,checkpoints/assist_09_m3grid/seed42/s0p01_bm1p5_no3,logs/assist_09_m3grid/seed42/s0p01_bm1p5_no3,logs/assist_09_m3grid/seed42/s0p01_bm1p5_no3/train_20260211_033351.log,"{""ablate_module3"": true, ""ablate_skill_encoder"": false, ""ablate_soft_prototype"": true, ""batch_size"": 128, ""disable_q_aligned_residual"": false, ""disable_soft_prototype"": true, ""dropout"": 0.2, ""early_stop_patience"": 3, ""enable_soft_prototype"": false, ""epochs"": 30, ""exercise_dim"": 64, ""exercise_l2_lambda"": 5e-05, ""fusion_gate_bias_init"": -1.5, ""fusion_gate_max"": 0.4, ""knowledge_dim"": 64, ""lambda_alpha"": 0.01, ""lambda_proto_div"": 0.0, ""lambda_proto_usage"": 0.0, ""lambda_sparse"": 0.01, ""lambda_sparse_personal"": 0.005, ""learning_rate"": 0.0003, ""min_exer_interactions"": 0, ""min_poison_count"": 0, ""min_stu_interactions"": 15, ""model_variant"": ""gpd_base"", ""no_cuda"": false, ""num_gnn_layers"": 1, ""num_prototypes"": 0, ""num_relation_heads"": 2, ""num_workers"": 4, ""patience"": 5, ""proto_lambda"": 0.0, ""proto_tau"": 1.0, ""residual_clip_t"": 2.0, ""save_interval"": 10, ""seed"": 42, ""skill_dim"": 128, ""use_personal_graph"": true, ""use_soft_prototype_main_path"": false, ""weight_decay"": 1e-05}"
assist_09,42,s0p1_g0p5,full,assist_09_m3grid_s0p1_g0p5_full,0.7714057036692918,0.7384346038935089,0.42288705557602346,0.767818411514586,17,17,0.8685,0.2987,1.0235,1.0235,0.4853,1.0,0.3942,ok,0,checkpoints/assist_09_m3grid/seed42/s0p1_g0p5_full,logs/assist_09_m3grid/seed42/s0p1_g0p5_full,logs/assist_09_m3grid/seed42/s0p1_g0p5_full/train_20260211_033422.log,"{""ablate_module3"": false, ""ablate_skill_encoder"": false, ""ablate_soft_prototype"": true, ""batch_size"": 128, ""disable_q_aligned_residual"": false, ""disable_soft_prototype"": true, ""dropout"": 0.2, ""early_stop_patience"": 3, ""enable_soft_prototype"": false, ""epochs"": 30, ""exercise_dim"": 64, ""exercise_l2_lambda"": 5e-05, ""fusion_gate_bias_init"": -2.5, ""fusion_gate_max"": 0.5, ""knowledge_dim"": 64, ""lambda_alpha"": 0.01, ""lambda_proto_div"": 0.0, ""lambda_proto_usage"": 0.0, ""lambda_sparse"": 0.1, ""lambda_sparse_personal"": 0.005, ""learning_rate"": 0.0003, ""min_exer_interactions"": 0, ""min_poison_count"": 0, ""min_stu_interactions"": 15, ""model_variant"": ""gpd_base"", ""no_cuda"": false, ""num_gnn_layers"": 1, ""num_prototypes"": 0, ""num_relation_heads"": 2, ""num_workers"": 4, ""patience"": 5, ""proto_lambda"": 0.0, ""proto_tau"": 1.0, ""residual_clip_t"": 2.0, ""save_interval"": 10, ""seed"": 42, ""skill_dim"": 128, ""use_personal_graph"": true, ""use_soft_prototype_main_path"": false, ""weight_decay"": 1e-05}"
assist_09,42,s0p1_g0p6,full,assist_09_m3grid_s0p1_g0p6_full,0.7707359364150459,0.7384726636092028,0.4236525216338112,0.7678065390700872,17,17,0.8662,0.3393,0.9653,0.9653,0.5792,1.0,0.3856,ok,0,checkpoints/assist_09_m3grid/seed42/s0p1_g0p6_full,logs/assist_09_m3grid/seed42/s0p1_g0p6_full,logs/assist_09_m3grid/seed42/s0p1_g0p6_full/train_20260211_033437.log,"{""ablate_module3"": false, ""ablate_skill_encoder"": false, ""ablate_soft_prototype"": true, ""batch_size"": 128, ""disable_q_aligned_residual"": false, ""disable_soft_prototype"": true, ""dropout"": 0.2, ""early_stop_patience"": 3, ""enable_soft_prototype"": false, ""epochs"": 30, ""exercise_dim"": 64, ""exercise_l2_lambda"": 5e-05, ""fusion_gate_bias_init"": -2.5, ""fusion_gate_max"": 0.6, ""knowledge_dim"": 64, ""lambda_alpha"": 0.01, ""lambda_proto_div"": 0.0, ""lambda_proto_usage"": 0.0, ""lambda_sparse"": 0.1, ""lambda_sparse_personal"": 0.005, ""learning_rate"": 0.0003, ""min_exer_interactions"": 0, ""min_poison_count"": 0, ""min_stu_interactions"": 15, ""model_variant"": ""gpd_base"", ""no_cuda"": false, ""num_gnn_layers"": 1, ""num_prototypes"": 0, ""num_relation_heads"": 2, ""num_workers"": 4, ""patience"": 5, ""proto_lambda"": 0.0, ""proto_tau"": 1.0, ""residual_clip_t"": 2.0, ""save_interval"": 10, ""seed"": 42, ""skill_dim"": 128, ""use_personal_graph"": true, ""use_soft_prototype_main_path"": false, ""weight_decay"": 1e-05}"
assist_09,42,s0p03_g0p5,no3,assist_09_m3grid_s0p03_g0p5_no3,0.7594069452787553,0.7315648252107557,0.4276030019016859,0.7548745267724474,22,22,0.2561,0.0,0.0,0.0,0.0,1.0,0.4482,ok,0,checkpoints/assist_09_m3grid/seed42/s0p03_g0p5_no3,logs/assist_09_m3grid/seed42/s0p03_g0p5_no3,logs/assist_09_m3grid/seed42/s0p03_g0p5_no3/train_20260211_033451.log,"{""ablate_module3"": true, ""ablate_skill_encoder"": false, ""ablate_soft_prototype"": true, ""batch_size"": 128, ""disable_q_aligned_residual"": false, ""disable_soft_prototype"": true, ""dropout"": 0.2, ""early_stop_patience"": 3, ""enable_soft_prototype"": false, ""epochs"": 30, ""exercise_dim"": 64, ""exercise_l2_lambda"": 5e-05, ""fusion_gate_bias_init"": -2.5, ""fusion_gate_max"": 0.5, ""knowledge_dim"": 64, ""lambda_alpha"": 0.01, ""lambda_proto_div"": 0.0, ""lambda_proto_usage"": 0.0, ""lambda_sparse"": 0.03, ""lambda_sparse_personal"": 0.005, ""learning_rate"": 0.0003, ""min_exer_interactions"": 0, ""min_poison_count"": 0, ""min_stu_interactions"": 15, ""model_variant"": ""gpd_base"", ""no_cuda"": false, ""num_gnn_layers"": 1, ""num_prototypes"": 0, ""num_relation_heads"": 2, ""num_workers"": 4, ""patience"": 5, ""proto_lambda"": 0.0, ""proto_tau"": 1.0, ""residual_clip_t"": 2.0, ""save_interval"": 10, ""seed"": 42, ""skill_dim"": 128, ""use_personal_graph"": true, ""use_soft_prototype_main_path"": false, ""weight_decay"": 1e-05}"
assist_09,42,s0p01_g0p5,no3,assist_09_m3grid_s0p01_g0p5_no3,0.7562149334399866,0.7299282574359169,0.42927509175554024,0.75237826020943,19,19,0.0836,0.0,0.0,0.0,0.0,1.0,0.4494,ok,0,checkpoints/assist_09_m3grid/seed42/s0p01_g0p5_no3,logs/assist_09_m3grid/seed42/s0p01_g0p5_no3,logs/assist_09_m3grid/seed42/s0p01_g0p5_no3/train_20260211_033707.log,"{""ablate_module3"": true, ""ablate_skill_encoder"": false, ""ablate_soft_prototype"": true, ""batch_size"": 128, ""disable_q_aligned_residual"": false, ""disable_soft_prototype"": true, ""dropout"": 0.2, ""early_stop_patience"": 3, ""enable_soft_prototype"": false, ""epochs"": 30, ""exercise_dim"": 64, ""exercise_l2_lambda"": 5e-05, ""fusion_gate_bias_init"": -2.5, ""fusion_gate_max"": 0.5, ""knowledge_dim"": 64, ""lambda_alpha"": 0.01, ""lambda_proto_div"": 0.0, ""lambda_proto_usage"": 0.0, ""lambda_sparse"": 0.01, ""lambda_sparse_personal"": 0.005, ""learning_rate"": 0.0003, ""min_exer_interactions"": 0, ""min_poison_count"": 0, ""min_stu_interactions"": 15, ""model_variant"": ""gpd_base"", ""no_cuda"": false, ""num_gnn_layers"": 1, ""num_prototypes"": 0, ""num_relation_heads"": 2, ""num_workers"": 4, ""patience"": 5, ""proto_lambda"": 0.0, ""proto_tau"": 1.0, ""residual_clip_t"": 2.0, ""save_interval"": 10, ""seed"": 42, ""skill_dim"": 128, ""use_personal_graph"": true, ""use_soft_prototype_main_path"": false, ""weight_decay"": 1e-05}"
assist_09,42,s0p01_g0p5,full,assist_09_m3grid_s0p01_g0p5_full,0.7715369057323367,0.7376924394374774,0.4227675947265859,0.7671146659838806,17,17,0.0852,0.2892,0.9971,0.9971,0.4832,1.0,0.4406,ok,0,checkpoints/assist_09_m3grid/seed42/s0p01_g0p5_full,logs/assist_09_m3grid/seed42/s0p01_g0p5_full,logs/assist_09_m3grid/seed42/s0p01_g0p5_full/train_20260211_033652.log,"{""ablate_module3"": false, ""ablate_skill_encoder"": false, ""ablate_soft_prototype"": true, ""batch_size"": 128, ""disable_q_aligned_residual"": false, ""disable_soft_prototype"": true, ""dropout"": 0.2, ""early_stop_patience"": 3, ""enable_soft_prototype"": false, ""epochs"": 30, ""exercise_dim"": 64, ""exercise_l2_lambda"": 5e-05, ""fusion_gate_bias_init"": -2.5, ""fusion_gate_max"": 0.5, ""knowledge_dim"": 64, ""lambda_alpha"": 0.01, ""lambda_proto_div"": 0.0, ""lambda_proto_usage"": 0.0, ""lambda_sparse"": 0.01, ""lambda_sparse_personal"": 0.005, ""learning_rate"": 0.0003, ""min_exer_interactions"": 0, ""min_poison_count"": 0, ""min_stu_interactions"": 15, ""model_variant"": ""gpd_base"", ""no_cuda"": false, ""num_gnn_layers"": 1, ""num_prototypes"": 0, ""num_relation_heads"": 2, ""num_workers"": 4, ""patience"": 5, ""proto_lambda"": 0.0, ""proto_tau"": 1.0, ""residual_clip_t"": 2.0, ""save_interval"": 10, ""seed"": 42, ""skill_dim"": 128, ""use_personal_graph"": true, ""use_soft_prototype_main_path"": false, ""weight_decay"": 1e-05}"
assist_09,42,s0p03_g0p6,no3,assist_09_m3grid_s0p03_g0p6_no3,0.7594069452787553,0.7315648252107557,0.4276030019016859,0.7548745267724474,22,22,0.2561,0.0,0.0,0.0,0.0,1.0,0.4482,ok,0,checkpoints/assist_09_m3grid/seed42/s0p03_g0p6_no3,logs/assist_09_m3grid/seed42/s0p03_g0p6_no3,logs/assist_09_m3grid/seed42/s0p03_g0p6_no3/train_20260211_033637.log,"{""ablate_module3"": true, ""ablate_skill_encoder"": false, ""ablate_soft_prototype"": true, ""batch_size"": 128, ""disable_q_aligned_residual"": false, ""disable_soft_prototype"": true, ""dropout"": 0.2, ""early_stop_patience"": 3, ""enable_soft_prototype"": false, ""epochs"": 30, ""exercise_dim"": 64, ""exercise_l2_lambda"": 5e-05, ""fusion_gate_bias_init"": -2.5, ""fusion_gate_max"": 0.6, ""knowledge_dim"": 64, ""lambda_alpha"": 0.01, ""lambda_proto_div"": 0.0, ""lambda_proto_usage"": 0.0, ""lambda_sparse"": 0.03, ""lambda_sparse_personal"": 0.005, ""learning_rate"": 0.0003, ""min_exer_interactions"": 0, ""min_poison_count"": 0, ""min_stu_interactions"": 15, ""model_variant"": ""gpd_base"", ""no_cuda"": false, ""num_gnn_layers"": 1, ""num_prototypes"": 0, ""num_relation_heads"": 2, ""num_workers"": 4, ""patience"": 5, ""proto_lambda"": 0.0, ""proto_tau"": 1.0, ""residual_clip_t"": 2.0, ""save_interval"": 10, ""seed"": 42, ""skill_dim"": 128, ""use_personal_graph"": true, ""use_soft_prototype_main_path"": false, ""weight_decay"": 1e-05}"
assist_09,42,s0p01_g0p6,no3,assist_09_m3grid_s0p01_g0p6_no3,0.7562149334399866,0.7299282574359169,0.42927509175554024,0.75237826020943,19,19,0.0836,0.0,0.0,0.0,0.0,1.0,0.4494,ok,0,checkpoints/assist_09_m3grid/seed42/s0p01_g0p6_no3,logs/assist_09_m3grid/seed42/s0p01_g0p6_no3,logs/assist_09_m3grid/seed42/s0p01_g0p6_no3/train_20260211_033722.log,"{""ablate_module3"": true, ""ablate_skill_encoder"": false, ""ablate_soft_prototype"": true, ""batch_size"": 128, ""disable_q_aligned_residual"": false, ""disable_soft_prototype"": true, ""dropout"": 0.2, ""early_stop_patience"": 3, ""enable_soft_prototype"": false, ""epochs"": 30, ""exercise_dim"": 64, ""exercise_l2_lambda"": 5e-05, ""fusion_gate_bias_init"": -2.5, ""fusion_gate_max"": 0.6, ""knowledge_dim"": 64, ""lambda_alpha"": 0.01, ""lambda_proto_div"": 0.0, ""lambda_proto_usage"": 0.0, ""lambda_sparse"": 0.01, ""lambda_sparse_personal"": 0.005, ""learning_rate"": 0.0003, ""min_exer_interactions"": 0, ""min_poison_count"": 0, ""min_stu_interactions"": 15, ""model_variant"": ""gpd_base"", ""no_cuda"": false, ""num_gnn_layers"": 1, ""num_prototypes"": 0, ""num_relation_heads"": 2, ""num_workers"": 4, ""patience"": 5, ""proto_lambda"": 0.0, ""proto_tau"": 1.0, ""residual_clip_t"": 2.0, ""save_interval"": 10, ""seed"": 42, ""skill_dim"": 128, ""use_personal_graph"": true, ""use_soft_prototype_main_path"": false, ""weight_decay"": 1e-05}"
assist_09,42,s0p01_g0p6,full,assist_09_m3grid_s0p01_g0p6_full,0.771045198075545,0.7378066185845592,0.4234750862270314,0.7676284683601907,17,17,0.0852,0.3477,0.9718,0.9718,0.5809,1.0,0.3858,ok,0,checkpoints/assist_09_m3grid/seed42/s0p01_g0p6_full,logs/assist_09_m3grid/seed42/s0p01_g0p6_full,logs/assist_09_m3grid/seed42/s0p01_g0p6_full/train_20260211_033722.log,"{""ablate_module3"": false, ""ablate_skill_encoder"": false, ""ablate_soft_prototype"": true, ""batch_size"": 128, ""disable_q_aligned_residual"": false, ""disable_soft_prototype"": true, ""dropout"": 0.2, ""early_stop_patience"": 3, ""enable_soft_prototype"": false, ""epochs"": 30, ""exercise_dim"": 64, ""exercise_l2_lambda"": 5e-05, ""fusion_gate_bias_init"": -2.5, ""fusion_gate_max"": 0.6, ""knowledge_dim"": 64, ""lambda_alpha"": 0.01, ""lambda_proto_div"": 0.0, ""lambda_proto_usage"": 0.0, ""lambda_sparse"": 0.01, ""lambda_sparse_personal"": 0.005, ""learning_rate"": 0.0003, ""min_exer_interactions"": 0, ""min_poison_count"": 0, ""min_stu_interactions"": 15, ""model_variant"": ""gpd_base"", ""no_cuda"": false, ""num_gnn_layers"": 1, ""num_prototypes"": 0, ""num_relation_heads"": 2, ""num_workers"": 4, ""patience"": 5, ""proto_lambda"": 0.0, ""proto_tau"": 1.0, ""residual_clip_t"": 2.0, ""save_interval"": 10, ""seed"": 42, ""skill_dim"": 128, ""use_personal_graph"": true, ""use_soft_prototype_main_path"": false, ""weight_decay"": 1e-05}"
assist_09,42,s0p1_d0p15,no3,assist_09_m3grid_s0p1_d0p15_no3,0.7554911228519483,0.7277969133570572,0.4287588026542344,0.7507642354226596,17,17,0.8567,0.0,0.0,0.0,0.0,1.0,0.4065,ok,0,checkpoints/assist_09_m3grid/seed42/s0p1_d0p15_no3,logs/assist_09_m3grid/seed42/s0p1_d0p15_no3,logs/assist_09_m3grid/seed42/s0p1_d0p15_no3/train_20260211_033852.log,"{""ablate_module3"": true, ""ablate_skill_encoder"": false, ""ablate_soft_prototype"": true, ""batch_size"": 128, ""disable_q_aligned_residual"": false, ""disable_soft_prototype"": true, ""dropout"": 0.15, ""early_stop_patience"": 3, ""enable_soft_prototype"": false, ""epochs"": 30, ""exercise_dim"": 64, ""exercise_l2_lambda"": 5e-05, ""fusion_gate_bias_init"": -2.5, ""fusion_gate_max"": 0.4, ""knowledge_dim"": 64, ""lambda_alpha"": 0.01, ""lambda_proto_div"": 0.0, ""lambda_proto_usage"": 0.0, ""lambda_sparse"": 0.1, ""lambda_sparse_personal"": 0.005, ""learning_rate"": 0.0003, ""min_exer_interactions"": 0, ""min_poison_count"": 0, ""min_stu_interactions"": 15, ""model_variant"": ""gpd_base"", ""no_cuda"": false, ""num_gnn_layers"": 1, ""num_prototypes"": 0, ""num_relation_heads"": 2, ""num_workers"": 4, ""patience"": 5, ""proto_lambda"": 0.0, ""proto_tau"": 1.0, ""residual_clip_t"": 2.0, ""save_interval"": 10, ""seed"": 42, ""skill_dim"": 128, ""use_personal_graph"": true, ""use_soft_prototype_main_path"": false, ""weight_decay"": 1e-05}"
assist_09,42,s0p1_d0p15,full,assist_09_m3grid_s0p1_d0p15_full,0.7700414844898693,0.7374640811433139,0.423000997660438,0.7659895018654206,17,17,0.8704,0.2548,1.0762,1.0762,0.3914,1.0,0.4387,ok,0,checkpoints/assist_09_m3grid/seed42/s0p1_d0p15_full,logs/assist_09_m3grid/seed42/s0p1_d0p15_full,logs/assist_09_m3grid/seed42/s0p1_d0p15_full/train_20260211_033737.log,"{""ablate_module3"": false, ""ablate_skill_encoder"": false, ""ablate_soft_prototype"": true, ""batch_size"": 128, ""disable_q_aligned_residual"": false, ""disable_soft_prototype"": true, ""dropout"": 0.15, ""early_stop_patience"": 3, ""enable_soft_prototype"": false, ""epochs"": 30, ""exercise_dim"": 64, ""exercise_l2_lambda"": 5e-05, ""fusion_gate_bias_init"": -2.5, ""fusion_gate_max"": 0.4, ""knowledge_dim"": 64, ""lambda_alpha"": 0.01, ""lambda_proto_div"": 0.0, ""lambda_proto_usage"": 0.0, ""lambda_sparse"": 0.1, ""lambda_sparse_personal"": 0.005, ""learning_rate"": 0.0003, ""min_exer_interactions"": 0, ""min_poison_count"": 0, ""min_stu_interactions"": 15, ""model_variant"": ""gpd_base"", ""no_cuda"": false, ""num_gnn_layers"": 1, ""num_prototypes"": 0, ""num_relation_heads"": 2, ""num_workers"": 4, ""patience"": 5, ""proto_lambda"": 0.0, ""proto_tau"": 1.0, ""residual_clip_t"": 2.0, ""save_interval"": 10, ""seed"": 42, ""skill_dim"": 128, ""use_personal_graph"": true, ""use_soft_prototype_main_path"": false, ""weight_decay"": 1e-05}"
assist_09,42,s0p1_d0p1,no3,assist_09_m3grid_s0p1_d0p1_no3,0.7522946641956239,0.7267693010333213,0.42897667925244776,0.7492236953226059,12,12,0.8627,0.0,0.0,0.0,0.0,1.0,0.4071,ok,0,checkpoints/assist_09_m3grid/seed42/s0p1_d0p1_no3,logs/assist_09_m3grid/seed42/s0p1_d0p1_no3,logs/assist_09_m3grid/seed42/s0p1_d0p1_no3/train_20260211_034222.log,"{""ablate_module3"": true, ""ablate_skill_encoder"": false, ""ablate_soft_prototype"": true, ""batch_size"": 128, ""disable_q_aligned_residual"": false, ""disable_soft_prototype"": true, ""dropout"": 0.1, ""early_stop_patience"": 3, ""enable_soft_prototype"": false, ""epochs"": 30, ""exercise_dim"": 64, ""exercise_l2_lambda"": 5e-05, ""fusion_gate_bias_init"": -2.5, ""fusion_gate_max"": 0.4, ""knowledge_dim"": 64, ""lambda_alpha"": 0.01, ""lambda_proto_div"": 0.0, ""lambda_proto_usage"": 0.0, ""lambda_sparse"": 0.1, ""lambda_sparse_personal"": 0.005, ""learning_rate"": 0.0003, ""min_exer_interactions"": 0, ""min_poison_count"": 0, ""min_stu_interactions"": 15, ""model_variant"": ""gpd_base"", ""no_cuda"": false, ""num_gnn_layers"": 1, ""num_prototypes"": 0, ""num_relation_heads"": 2, ""num_workers"": 4, ""patience"": 5, ""proto_lambda"": 0.0, ""proto_tau"": 1.0, ""residual_clip_t"": 2.0, ""save_interval"": 10, ""seed"": 42, ""skill_dim"": 128, ""use_personal_graph"": true, ""use_soft_prototype_main_path"": false, ""weight_decay"": 1e-05}"
assist_09,42,s0p1_d0p1,full,assist_09_m3grid_s0p1_d0p1_full,0.7698340702574682,0.7373499019962321,0.4223821097451942,0.7658496070220873,17,17,0.8706,0.2609,1.0821,1.0821,0.3917,1.0,0.4377,ok,0,checkpoints/assist_09_m3grid/seed42/s0p1_d0p1_full,logs/assist_09_m3grid/seed42/s0p1_d0p1_full,logs/assist_09_m3grid/seed42/s0p1_d0p1_full/train_20260211_034052.log,"{""ablate_module3"": false, ""ablate_skill_encoder"": false, ""ablate_soft_prototype"": true, ""batch_size"": 128, ""disable_q_aligned_residual"": false, ""disable_soft_prototype"": true, ""dropout"": 0.1, ""early_stop_patience"": 3, ""enable_soft_prototype"": false, ""epochs"": 30, ""exercise_dim"": 64, ""exercise_l2_lambda"": 5e-05, ""fusion_gate_bias_init"": -2.5, ""fusion_gate_max"": 0.4, ""knowledge_dim"": 64, ""lambda_alpha"": 0.01, ""lambda_proto_div"": 0.0, ""lambda_proto_usage"": 0.0, ""lambda_sparse"": 0.1, ""lambda_sparse_personal"": 0.005, ""learning_rate"": 0.0003, ""min_exer_interactions"": 0, ""min_poison_count"": 0, ""min_stu_interactions"": 15, ""model_variant"": ""gpd_base"", ""no_cuda"": false, ""num_gnn_layers"": 1, ""num_prototypes"": 0, ""num_relation_heads"": 2, ""num_workers"": 4, ""patience"": 5, ""proto_lambda"": 0.0, ""proto_tau"": 1.0, ""residual_clip_t"": 2.0, ""save_interval"": 10, ""seed"": 42, ""skill_dim"": 128, ""use_personal_graph"": true, ""use_soft_prototype_main_path"": false, ""weight_decay"": 1e-05}"
assist_09,42,s0p03_d0p15,no3,assist_09_m3grid_s0p03_d0p15_no3,0.7561395405484299,0.7295666901368246,0.4281673112004807,0.7514134911140072,17,17,0.2555,0.0,0.0,0.0,0.0,1.0,0.4051,ok,0,checkpoints/assist_09_m3grid/seed42/s0p03_d0p15_no3,logs/assist_09_m3grid/seed42/s0p03_d0p15_no3,logs/assist_09_m3grid/seed42/s0p03_d0p15_no3/train_20260211_034337.log,"{""ablate_module3"": true, ""ablate_skill_encoder"": false, ""ablate_soft_prototype"": true, ""batch_size"": 128, ""disable_q_aligned_residual"": false, ""disable_soft_prototype"": true, ""dropout"": 0.15, ""early_stop_patience"": 3, ""enable_soft_prototype"": false, ""epochs"": 30, ""exercise_dim"": 64, ""exercise_l2_lambda"": 5e-05, ""fusion_gate_bias_init"": -2.5, ""fusion_gate_max"": 0.4, ""knowledge_dim"": 64, ""lambda_alpha"": 0.01, ""lambda_proto_div"": 0.0, ""lambda_proto_usage"": 0.0, ""lambda_sparse"": 0.03, ""lambda_sparse_personal"": 0.005, ""learning_rate"": 0.0003, ""min_exer_interactions"": 0, ""min_poison_count"": 0, ""min_stu_interactions"": 15, ""model_variant"": ""gpd_base"", ""no_cuda"": false, ""num_gnn_layers"": 1, ""num_prototypes"": 0, ""num_relation_heads"": 2, ""num_workers"": 4, ""patience"": 5, ""proto_lambda"": 0.0, ""proto_tau"": 1.0, ""residual_clip_t"": 2.0, ""save_interval"": 10, ""seed"": 42, ""skill_dim"": 128, ""use_personal_graph"": true, ""use_soft_prototype_main_path"": false, ""weight_decay"": 1e-05}"
assist_09,42,s0p03_d0p15,full,assist_09_m3grid_s0p03_d0p15_full,0.7699687790228354,0.7375972901482426,0.422929687976181,0.76578715434697,17,17,0.2598,0.2673,1.1019,1.1019,0.3937,1.0,0.3861,ok,0,checkpoints/assist_09_m3grid/seed42/s0p03_d0p15_full,logs/assist_09_m3grid/seed42/s0p03_d0p15_full,logs/assist_09_m3grid/seed42/s0p03_d0p15_full/train_20260211_034237.log,"{""ablate_module3"": false, ""ablate_skill_encoder"": false, ""ablate_soft_prototype"": true, ""batch_size"": 128, ""disable_q_aligned_residual"": false, ""disable_soft_prototype"": true, ""dropout"": 0.15, ""early_stop_patience"": 3, ""enable_soft_prototype"": false, ""epochs"": 30, ""exercise_dim"": 64, ""exercise_l2_lambda"": 5e-05, ""fusion_gate_bias_init"": -2.5, ""fusion_gate_max"": 0.4, ""knowledge_dim"": 64, ""lambda_alpha"": 0.01, ""lambda_proto_div"": 0.0, ""lambda_proto_usage"": 0.0, ""lambda_sparse"": 0.03, ""lambda_sparse_personal"": 0.005, ""learning_rate"": 0.0003, ""min_exer_interactions"": 0, ""min_poison_count"": 0, ""min_stu_interactions"": 15, ""model_variant"": ""gpd_base"", ""no_cuda"": false, ""num_gnn_layers"": 1, ""num_prototypes"": 0, ""num_relation_heads"": 2, ""num_workers"": 4, ""patience"": 5, ""proto_lambda"": 0.0, ""proto_tau"": 1.0, ""residual_clip_t"": 2.0, ""save_interval"": 10, ""seed"": 42, ""skill_dim"": 128, ""use_personal_graph"": true, ""use_soft_prototype_main_path"": false, ""weight_decay"": 1e-05}"
assist_09,42,sparse_0p003,no3,assist_09_m3grid_sparse_0p003_no3,0.756874999059482,0.7285200479552417,0.42882005997603384,0.7520457679331147,17,17,0.024,0.0,0.0,0.0,0.0,1.0,0.4533,ok,0,checkpoints/assist_09_m3grid/seed42/sparse_0p003_no3,logs/assist_09_m3grid/seed42/sparse_0p003_no3,logs/assist_09_m3grid/seed42/sparse_0p003_no3/train_20260211_045304.log,"{""ablate_module3"": true, ""ablate_skill_encoder"": false, ""ablate_soft_prototype"": true, ""batch_size"": 128, ""disable_q_aligned_residual"": false, ""disable_soft_prototype"": true, ""dropout"": 0.2, ""early_stop_patience"": 3, ""enable_soft_prototype"": false, ""epochs"": 30, ""exercise_dim"": 64, ""exercise_l2_lambda"": 5e-05, ""fusion_gate_bias_init"": -2.5, ""fusion_gate_max"": 0.4, ""knowledge_dim"": 64, ""lambda_alpha"": 0.01, ""lambda_proto_div"": 0.0, ""lambda_proto_usage"": 0.0, ""lambda_sparse"": 0.003, ""lambda_sparse_personal"": 0.005, ""learning_rate"": 0.0003, ""min_exer_interactions"": 0, ""min_poison_count"": 0, ""min_stu_interactions"": 15, ""model_variant"": ""gpd_base"", ""no_cuda"": false, ""num_gnn_layers"": 1, ""num_prototypes"": 0, ""num_relation_heads"": 2, ""num_workers"": 4, ""patience"": 5, ""proto_lambda"": 0.0, ""proto_tau"": 1.0, ""residual_clip_t"": 2.0, ""save_interval"": 10, ""seed"": 42, ""skill_dim"": 128, ""use_personal_graph"": true, ""use_soft_prototype_main_path"": false, ""weight_decay"": 1e-05}"
assist_09,42,sparse_0p003,full,assist_09_m3grid_sparse_0p003_full,0.7700191368149039,0.7360178119469447,0.42320498651129296,0.7675042598245755,17,17,0.0245,0.2496,1.0574,1.0574,0.3917,1.0,0.3941,ok,0,checkpoints/assist_09_m3grid/seed42/sparse_0p003_full,logs/assist_09_m3grid/seed42/sparse_0p003_full,logs/assist_09_m3grid/seed42/sparse_0p003_full/train_20260211_045304.log,"{""ablate_module3"": false, ""ablate_skill_encoder"": false, ""ablate_soft_prototype"": true, ""batch_size"": 128, ""disable_q_aligned_residual"": false, ""disable_soft_prototype"": true, ""dropout"": 0.2, ""early_stop_patience"": 3, ""enable_soft_prototype"": false, ""epochs"": 30, ""exercise_dim"": 64, ""exercise_l2_lambda"": 5e-05, ""fusion_gate_bias_init"": -2.5, ""fusion_gate_max"": 0.4, ""knowledge_dim"": 64, ""lambda_alpha"": 0.01, ""lambda_proto_div"": 0.0, ""lambda_proto_usage"": 0.0, ""lambda_sparse"": 0.003, ""lambda_sparse_personal"": 0.005, ""learning_rate"": 0.0003, ""min_exer_interactions"": 0, ""min_poison_count"": 0, ""min_stu_interactions"": 15, ""model_variant"": ""gpd_base"", ""no_cuda"": false, ""num_gnn_layers"": 1, ""num_prototypes"": 0, ""num_relation_heads"": 2, ""num_workers"": 4, ""patience"": 5, ""proto_lambda"": 0.0, ""proto_tau"": 1.0, ""residual_clip_t"": 2.0, ""save_interval"": 10, ""seed"": 42, ""skill_dim"": 128, ""use_personal_graph"": true, ""use_soft_prototype_main_path"": false, ""weight_decay"": 1e-05}"
assist_09,42,gbias_m1,full,assist_09_m3grid_gbias_m1_full,0.7704297303304507,0.736931245123599,0.4229177907270438,0.767211092361065,17,17,8.7214,0.2485,1.052,1.052,0.3984,1.0,0.3957,ok,0,checkpoints/assist_09_m3grid/seed42/gbias_m1_full,logs/assist_09_m3grid/seed42/gbias_m1_full,logs/assist_09_m3grid/seed42/gbias_m1_full/train_20260211_045304.log,"{""ablate_module3"": false, ""ablate_skill_encoder"": false, ""ablate_soft_prototype"": true, ""batch_size"": 128, ""disable_q_aligned_residual"": false, ""disable_soft_prototype"": true, ""dropout"": 0.2, ""early_stop_patience"": 3, ""enable_soft_prototype"": false, ""epochs"": 30, ""exercise_dim"": 64, ""exercise_l2_lambda"": 5e-05, ""fusion_gate_bias_init"": -1.0, ""fusion_gate_max"": 0.4, ""knowledge_dim"": 64, ""lambda_alpha"": 0.01, ""lambda_proto_div"": 0.0, ""lambda_proto_usage"": 0.0, ""lambda_sparse"": 1.0, ""lambda_sparse_personal"": 0.005, ""learning_rate"": 0.0003, ""min_exer_interactions"": 0, ""min_poison_count"": 0, ""min_stu_interactions"": 15, ""model_variant"": ""gpd_base"", ""no_cuda"": false, ""num_gnn_layers"": 1, ""num_prototypes"": 0, ""num_relation_heads"": 2, ""num_workers"": 4, ""patience"": 5, ""proto_lambda"": 0.0, ""proto_tau"": 1.0, ""residual_clip_t"": 2.0, ""save_interval"": 10, ""seed"": 42, ""skill_dim"": 128, ""use_personal_graph"": true, ""use_soft_prototype_main_path"": false, ""weight_decay"": 1e-05}"
assist_09,42,gbias_m3p5,full,assist_09_m3grid_gbias_m3p5_full,0.7681901059746549,0.7357513939370873,0.4235792360928221,0.764897103991635,18,18,8.7058,0.2489,1.0461,1.0461,0.3817,1.0,0.3867,ok,0,checkpoints/assist_09_m3grid/seed42/gbias_m3p5_full,logs/assist_09_m3grid/seed42/gbias_m3p5_full,logs/assist_09_m3grid/seed42/gbias_m3p5_full/train_20260211_045304.log,"{""ablate_module3"": false, ""ablate_skill_encoder"": false, ""ablate_soft_prototype"": true, ""batch_size"": 128, ""disable_q_aligned_residual"": false, ""disable_soft_prototype"": true, ""dropout"": 0.2, ""early_stop_patience"": 3, ""enable_soft_prototype"": false, ""epochs"": 30, ""exercise_dim"": 64, ""exercise_l2_lambda"": 5e-05, ""fusion_gate_bias_init"": -3.5, ""fusion_gate_max"": 0.4, ""knowledge_dim"": 64, ""lambda_alpha"": 0.01, ""lambda_proto_div"": 0.0, ""lambda_proto_usage"": 0.0, ""lambda_sparse"": 1.0, ""lambda_sparse_personal"": 0.005, ""learning_rate"": 0.0003, ""min_exer_interactions"": 0, ""min_poison_count"": 0, ""min_stu_interactions"": 15, ""model_variant"": ""gpd_base"", ""no_cuda"": false, ""num_gnn_layers"": 1, ""num_prototypes"": 0, ""num_relation_heads"": 2, ""num_workers"": 4, ""patience"": 5, ""proto_lambda"": 0.0, ""proto_tau"": 1.0, ""residual_clip_t"": 2.0, ""save_interval"": 10, ""seed"": 42, ""skill_dim"": 128, ""use_personal_graph"": true, ""use_soft_prototype_main_path"": false, ""weight_decay"": 1e-05}"
assist_09,42,gmax_0p7,full,assist_09_m3grid_gmax_0p7_full,0.7709443922661245,0.7387961711926012,0.42380131686070244,0.7678403638346787,17,17,8.6361,0.3789,0.9226,0.9226,0.6734,1.0,0.3957,ok,0,checkpoints/assist_09_m3grid/seed42/gmax_0p7_full,logs/assist_09_m3grid/seed42/gmax_0p7_full,logs/assist_09_m3grid/seed42/gmax_0p7_full/train_20260211_045304.log,"{""ablate_module3"": false, ""ablate_skill_encoder"": false, ""ablate_soft_prototype"": true, ""batch_size"": 128, ""disable_q_aligned_residual"": false, ""disable_soft_prototype"": true, ""dropout"": 0.2, ""early_stop_patience"": 3, ""enable_soft_prototype"": false, ""epochs"": 30, ""exercise_dim"": 64, ""exercise_l2_lambda"": 5e-05, ""fusion_gate_bias_init"": -2.5, ""fusion_gate_max"": 0.7, ""knowledge_dim"": 64, ""lambda_alpha"": 0.01, ""lambda_proto_div"": 0.0, ""lambda_proto_usage"": 0.0, ""lambda_sparse"": 1.0, ""lambda_sparse_personal"": 0.005, ""learning_rate"": 0.0003, ""min_exer_interactions"": 0, ""min_poison_count"": 0, ""min_stu_interactions"": 15, ""model_variant"": ""gpd_base"", ""no_cuda"": false, ""num_gnn_layers"": 1, ""num_prototypes"": 0, ""num_relation_heads"": 2, ""num_workers"": 4, ""patience"": 5, ""proto_lambda"": 0.0, ""proto_tau"": 1.0, ""residual_clip_t"": 2.0, ""save_interval"": 10, ""seed"": 42, ""skill_dim"": 128, ""use_personal_graph"": true, ""use_soft_prototype_main_path"": false, ""weight_decay"": 1e-05}"
assist_09,42,sparse_0p5,full,assist_09_m3grid_sparse_0p5_full,0.7705822843680085,0.7372357228491503,0.42285080488135895,0.7670211385682786,18,18,4.368,0.2565,1.0783,1.0783,0.3915,1.0,0.3987,ok,0,checkpoints/assist_09_m3grid/seed42/sparse_0p5_full,logs/assist_09_m3grid/seed42/sparse_0p5_full,logs/assist_09_m3grid/seed42/sparse_0p5_full/train_20260211_045304.log,"{""ablate_module3"": false, ""ablate_skill_encoder"": false, ""ablate_soft_prototype"": true, ""batch_size"": 128, ""disable_q_aligned_residual"": false, ""disable_soft_prototype"": true, ""dropout"": 0.2, ""early_stop_patience"": 3, ""enable_soft_prototype"": false, ""epochs"": 30, ""exercise_dim"": 64, ""exercise_l2_lambda"": 5e-05, ""fusion_gate_bias_init"": -2.5, ""fusion_gate_max"": 0.4, ""knowledge_dim"": 64, ""lambda_alpha"": 0.01, ""lambda_proto_div"": 0.0, ""lambda_proto_usage"": 0.0, ""lambda_sparse"": 0.5, ""lambda_sparse_personal"": 0.005, ""learning_rate"": 0.0003, ""min_exer_interactions"": 0, ""min_poison_count"": 0, ""min_stu_interactions"": 15, ""model_variant"": ""gpd_base"", ""no_cuda"": false, ""num_gnn_layers"": 1, ""num_prototypes"": 0, ""num_relation_heads"": 2, ""num_workers"": 4, ""patience"": 5, ""proto_lambda"": 0.0, ""proto_tau"": 1.0, ""residual_clip_t"": 2.0, ""save_interval"": 10, ""seed"": 42, ""skill_dim"": 128, ""use_personal_graph"": true, ""use_soft_prototype_main_path"": false, ""weight_decay"": 1e-05}"
assist_09,42,gbias_m3p5,no3,assist_09_m3grid_gbias_m3p5_no3,0.7593851711788079,0.7317551237892252,0.42790081978975164,0.7559855950226628,22,22,0.0001,0.0,0.0,0.0,0.0,0.0001,0.3397,ok,0,checkpoints/assist_09_m3grid/seed42/gbias_m3p5_no3,logs/assist_09_m3grid/seed42/gbias_m3p5_no3,logs/assist_09_m3grid/seed42/gbias_m3p5_no3/train_20260211_045304.log,"{""ablate_module3"": true, ""ablate_skill_encoder"": false, ""ablate_soft_prototype"": true, ""batch_size"": 128, ""disable_q_aligned_residual"": false, ""disable_soft_prototype"": true, ""dropout"": 0.2, ""early_stop_patience"": 3, ""enable_soft_prototype"": false, ""epochs"": 30, ""exercise_dim"": 64, ""exercise_l2_lambda"": 5e-05, ""fusion_gate_bias_init"": -3.5, ""fusion_gate_max"": 0.4, ""knowledge_dim"": 64, ""lambda_alpha"": 0.01, ""lambda_proto_div"": 0.0, ""lambda_proto_usage"": 0.0, ""lambda_sparse"": 1.0, ""lambda_sparse_personal"": 0.005, ""learning_rate"": 0.0003, ""min_exer_interactions"": 0, ""min_poison_count"": 0, ""min_stu_interactions"": 15, ""model_variant"": ""gpd_base"", ""no_cuda"": false, ""num_gnn_layers"": 1, ""num_prototypes"": 0, ""num_relation_heads"": 2, ""num_workers"": 4, ""patience"": 5, ""proto_lambda"": 0.0, ""proto_tau"": 1.0, ""residual_clip_t"": 2.0, ""save_interval"": 10, ""seed"": 42, ""skill_dim"": 128, ""use_personal_graph"": true, ""use_soft_prototype_main_path"": false, ""weight_decay"": 1e-05}"
assist_09,42,gbias_m1,no3,assist_09_m3grid_gbias_m1_no3,0.7593851711788079,0.7317551237892252,0.42790081978975164,0.7559855950226628,22,22,0.0001,0.0,0.0,0.0,0.0,0.0001,0.3397,ok,0,checkpoints/assist_09_m3grid/seed42/gbias_m1_no3,logs/assist_09_m3grid/seed42/gbias_m1_no3,logs/assist_09_m3grid/seed42/gbias_m1_no3/train_20260211_045304.log,"{""ablate_module3"": true, ""ablate_skill_encoder"": false, ""ablate_soft_prototype"": true, ""batch_size"": 128, ""disable_q_aligned_residual"": false, ""disable_soft_prototype"": true, ""dropout"": 0.2, ""early_stop_patience"": 3, ""enable_soft_prototype"": false, ""epochs"": 30, ""exercise_dim"": 64, ""exercise_l2_lambda"": 5e-05, ""fusion_gate_bias_init"": -1.0, ""fusion_gate_max"": 0.4, ""knowledge_dim"": 64, ""lambda_alpha"": 0.01, ""lambda_proto_div"": 0.0, ""lambda_proto_usage"": 0.0, ""lambda_sparse"": 1.0, ""lambda_sparse_personal"": 0.005, ""learning_rate"": 0.0003, ""min_exer_interactions"": 0, ""min_poison_count"": 0, ""min_stu_interactions"": 15, ""model_variant"": ""gpd_base"", ""no_cuda"": false, ""num_gnn_layers"": 1, ""num_prototypes"": 0, ""num_relation_heads"": 2, ""num_workers"": 4, ""patience"": 5, ""proto_lambda"": 0.0, ""proto_tau"": 1.0, ""residual_clip_t"": 2.0, ""save_interval"": 10, ""seed"": 42, ""skill_dim"": 128, ""use_personal_graph"": true, ""use_soft_prototype_main_path"": false, ""weight_decay"": 1e-05}"
assist_09,42,sparse_0p5,no3,assist_09_m3grid_sparse_0p5_no3,0.7596067225853544,0.7324592285295629,0.42818078592597986,0.7562226715689508,24,24,-0.0007,0.0,0.0,0.0,0.0,0.0001,0.3287,ok,0,checkpoints/assist_09_m3grid/seed42/sparse_0p5_no3,logs/assist_09_m3grid/seed42/sparse_0p5_no3,logs/assist_09_m3grid/seed42/sparse_0p5_no3/train_20260211_045304.log,"{""ablate_module3"": true, ""ablate_skill_encoder"": false, ""ablate_soft_prototype"": true, ""batch_size"": 128, ""disable_q_aligned_residual"": false, ""disable_soft_prototype"": true, ""dropout"": 0.2, ""early_stop_patience"": 3, ""enable_soft_prototype"": false, ""epochs"": 30, ""exercise_dim"": 64, ""exercise_l2_lambda"": 5e-05, ""fusion_gate_bias_init"": -2.5, ""fusion_gate_max"": 0.4, ""knowledge_dim"": 64, ""lambda_alpha"": 0.01, ""lambda_proto_div"": 0.0, ""lambda_proto_usage"": 0.0, ""lambda_sparse"": 0.5, ""lambda_sparse_personal"": 0.005, ""learning_rate"": 0.0003, ""min_exer_interactions"": 0, ""min_poison_count"": 0, ""min_stu_interactions"": 15, ""model_variant"": ""gpd_base"", ""no_cuda"": false, ""num_gnn_layers"": 1, ""num_prototypes"": 0, ""num_relation_heads"": 2, ""num_workers"": 4, ""patience"": 5, ""proto_lambda"": 0.0, ""proto_tau"": 1.0, ""residual_clip_t"": 2.0, ""save_interval"": 10, ""seed"": 42, ""skill_dim"": 128, ""use_personal_graph"": true, ""use_soft_prototype_main_path"": false, ""weight_decay"": 1e-05}"
assist_09,42,s0p3_bm2p5,no3,assist_09_m3grid_s0p3_bm2p5_no3,0.7546903758755352,0.7273021370530363,0.4287337874900905,0.7508145603318906,13,13,2.5878,0.0,0.0,0.0,0.0,1.0,0.4541,ok,0,checkpoints/assist_09_m3grid/seed42/s0p3_bm2p5_no3,logs/assist_09_m3grid/seed42/s0p3_bm2p5_no3,logs/assist_09_m3grid/seed42/s0p3_bm2p5_no3/train_20260211_050505.log,"{""ablate_module3"": true, ""ablate_skill_encoder"": false, ""ablate_soft_prototype"": true, ""batch_size"": 128, ""disable_q_aligned_residual"": false, ""disable_soft_prototype"": true, ""dropout"": 0.2, ""early_stop_patience"": 3, ""enable_soft_prototype"": false, ""epochs"": 30, ""exercise_dim"": 64, ""exercise_l2_lambda"": 5e-05, ""fusion_gate_bias_init"": -2.5, ""fusion_gate_max"": 0.4, ""knowledge_dim"": 64, ""lambda_alpha"": 0.01, ""lambda_proto_div"": 0.0, ""lambda_proto_usage"": 0.0, ""lambda_sparse"": 0.3, ""lambda_sparse_personal"": 0.005, ""learning_rate"": 0.0003, ""min_exer_interactions"": 0, ""min_poison_count"": 0, ""min_stu_interactions"": 15, ""model_variant"": ""gpd_base"", ""no_cuda"": false, ""num_gnn_layers"": 1, ""num_prototypes"": 0, ""num_relation_heads"": 2, ""num_workers"": 4, ""patience"": 5, ""proto_lambda"": 0.0, ""proto_tau"": 1.0, ""residual_clip_t"": 2.0, ""save_interval"": 10, ""seed"": 42, ""skill_dim"": 128, ""use_personal_graph"": true, ""use_soft_prototype_main_path"": false, ""weight_decay"": 1e-05}"
assist_09,42,s0p3_bm2,no3,assist_09_m3grid_s0p3_bm2_no3,0.7546903758755352,0.7273021370530363,0.4287337874900905,0.7508145603318906,13,13,2.5878,0.0,0.0,0.0,0.0,1.0,0.4541,ok,0,checkpoints/assist_09_m3grid/seed42/s0p3_bm2_no3,logs/assist_09_m3grid/seed42/s0p3_bm2_no3,logs/assist_09_m3grid/seed42/s0p3_bm2_no3/train_20260211_050605.log,"{""ablate_module3"": true, ""ablate_skill_encoder"": false, ""ablate_soft_prototype"": true, ""batch_size"": 128, ""disable_q_aligned_residual"": false, ""disable_soft_prototype"": true, ""dropout"": 0.2, ""early_stop_patience"": 3, ""enable_soft_prototype"": false, ""epochs"": 30, ""exercise_dim"": 64, ""exercise_l2_lambda"": 5e-05, ""fusion_gate_bias_init"": -2.0, ""fusion_gate_max"": 0.4, ""knowledge_dim"": 64, ""lambda_alpha"": 0.01, ""lambda_proto_div"": 0.0, ""lambda_proto_usage"": 0.0, ""lambda_sparse"": 0.3, ""lambda_sparse_personal"": 0.005, ""learning_rate"": 0.0003, ""min_exer_interactions"": 0, ""min_poison_count"": 0, ""min_stu_interactions"": 15, ""model_variant"": ""gpd_base"", ""no_cuda"": false, ""num_gnn_layers"": 1, ""num_prototypes"": 0, ""num_relation_heads"": 2, ""num_workers"": 4, ""patience"": 5, ""proto_lambda"": 0.0, ""proto_tau"": 1.0, ""residual_clip_t"": 2.0, ""save_interval"": 10, ""seed"": 42, ""skill_dim"": 128, ""use_personal_graph"": true, ""use_soft_prototype_main_path"": false, ""weight_decay"": 1e-05}"
assist_09,42,s0p3_bm1p5,no3,assist_09_m3grid_s0p3_bm1p5_no3,0.7546903758755352,0.7273021370530363,0.4287337874900905,0.7508145603318906,13,13,2.5878,0.0,0.0,0.0,0.0,1.0,0.4541,ok,0,checkpoints/assist_09_m3grid/seed42/s0p3_bm1p5_no3,logs/assist_09_m3grid/seed42/s0p3_bm1p5_no3,logs/assist_09_m3grid/seed42/s0p3_bm1p5_no3/train_20260211_050635.log,"{""ablate_module3"": true, ""ablate_skill_encoder"": false, ""ablate_soft_prototype"": true, ""batch_size"": 128, ""disable_q_aligned_residual"": false, ""disable_soft_prototype"": true, ""dropout"": 0.2, ""early_stop_patience"": 3, ""enable_soft_prototype"": false, ""epochs"": 30, ""exercise_dim"": 64, ""exercise_l2_lambda"": 5e-05, ""fusion_gate_bias_init"": -1.5, ""fusion_gate_max"": 0.4, ""knowledge_dim"": 64, ""lambda_alpha"": 0.01, ""lambda_proto_div"": 0.0, ""lambda_proto_usage"": 0.0, ""lambda_sparse"": 0.3, ""lambda_sparse_personal"": 0.005, ""learning_rate"": 0.0003, ""min_exer_interactions"": 0, ""min_poison_count"": 0, ""min_stu_interactions"": 15, ""model_variant"": ""gpd_base"", ""no_cuda"": false, ""num_gnn_layers"": 1, ""num_prototypes"": 0, ""num_relation_heads"": 2, ""num_workers"": 4, ""patience"": 5, ""proto_lambda"": 0.0, ""proto_tau"": 1.0, ""residual_clip_t"": 2.0, ""save_interval"": 10, ""seed"": 42, ""skill_dim"": 128, ""use_personal_graph"": true, ""use_soft_prototype_main_path"": false, ""weight_decay"": 1e-05}"
assist_09,42,gmax_0p7,no3,assist_09_m3grid_gmax_0p7_no3,0.7593851711788079,0.7317551237892252,0.42790081978975164,0.7559855950226628,22,22,0.0001,0.0,0.0,0.0,0.0,0.0001,0.3397,ok,0,checkpoints/assist_09_m3grid/seed42/gmax_0p7_no3,logs/assist_09_m3grid/seed42/gmax_0p7_no3,logs/assist_09_m3grid/seed42/gmax_0p7_no3/train_20260211_050305.log,"{""ablate_module3"": true, ""ablate_skill_encoder"": false, ""ablate_soft_prototype"": true, ""batch_size"": 128, ""disable_q_aligned_residual"": false, ""disable_soft_prototype"": true, ""dropout"": 0.2, ""early_stop_patience"": 3, ""enable_soft_prototype"": false, ""epochs"": 30, ""exercise_dim"": 64, ""exercise_l2_lambda"": 5e-05, ""fusion_gate_bias_init"": -2.5, ""fusion_gate_max"": 0.7, ""knowledge_dim"": 64, ""lambda_alpha"": 0.01, ""lambda_proto_div"": 0.0, ""lambda_proto_usage"": 0.0, ""lambda_sparse"": 1.0, ""lambda_sparse_personal"": 0.005, ""learning_rate"": 0.0003, ""min_exer_interactions"": 0, ""min_poison_count"": 0, ""min_stu_interactions"": 15, ""model_variant"": ""gpd_base"", ""no_cuda"": false, ""num_gnn_layers"": 1, ""num_prototypes"": 0, ""num_relation_heads"": 2, ""num_workers"": 4, ""patience"": 5, ""proto_lambda"": 0.0, ""proto_tau"": 1.0, ""residual_clip_t"": 2.0, ""save_interval"": 10, ""seed"": 42, ""skill_dim"": 128, ""use_personal_graph"": true, ""use_soft_prototype_main_path"": false, ""weight_decay"": 1e-05}"
assist_09,42,s0p3_bm2p5,full,assist_09_m3grid_s0p3_bm2p5_full,0.7703214414615605,0.7376353498639365,0.4230216905926661,0.7675971968094699,17,17,2.6134,0.2443,1.0415,1.0415,0.3911,1.0,0.3956,ok,0,checkpoints/assist_09_m3grid/seed42/s0p3_bm2p5_full,logs/assist_09_m3grid/seed42/s0p3_bm2p5_full,logs/assist_09_m3grid/seed42/s0p3_bm2p5_full/train_20260211_050505.log,"{""ablate_module3"": false, ""ablate_skill_encoder"": false, ""ablate_soft_prototype"": true, ""batch_size"": 128, ""disable_q_aligned_residual"": false, ""disable_soft_prototype"": true, ""dropout"": 0.2, ""early_stop_patience"": 3, ""enable_soft_prototype"": false, ""epochs"": 30, ""exercise_dim"": 64, ""exercise_l2_lambda"": 5e-05, ""fusion_gate_bias_init"": -2.5, ""fusion_gate_max"": 0.4, ""knowledge_dim"": 64, ""lambda_alpha"": 0.01, ""lambda_proto_div"": 0.0, ""lambda_proto_usage"": 0.0, ""lambda_sparse"": 0.3, ""lambda_sparse_personal"": 0.005, ""learning_rate"": 0.0003, ""min_exer_interactions"": 0, ""min_poison_count"": 0, ""min_stu_interactions"": 15, ""model_variant"": ""gpd_base"", ""no_cuda"": false, ""num_gnn_layers"": 1, ""num_prototypes"": 0, ""num_relation_heads"": 2, ""num_workers"": 4, ""patience"": 5, ""proto_lambda"": 0.0, ""proto_tau"": 1.0, ""residual_clip_t"": 2.0, ""save_interval"": 10, ""seed"": 42, ""skill_dim"": 128, ""use_personal_graph"": true, ""use_soft_prototype_main_path"": false, ""weight_decay"": 1e-05}"
assist_09,42,clip_4,no3,assist_09_m3grid_clip_4_no3,0.7593851711788079,0.7317551237892252,0.42790081978975164,0.7559855950226628,22,22,0.0001,0.0,0.0,0.0,0.0,0.0001,0.3397,ok,0,checkpoints/assist_09_m3grid/seed42/clip_4_no3,logs/assist_09_m3grid/seed42/clip_4_no3,logs/assist_09_m3grid/seed42/clip_4_no3/train_20260211_050435.log,"{""ablate_module3"": true, ""ablate_skill_encoder"": false, ""ablate_soft_prototype"": true, ""batch_size"": 128, ""disable_q_aligned_residual"": false, ""disable_soft_prototype"": true, ""dropout"": 0.2, ""early_stop_patience"": 3, ""enable_soft_prototype"": false, ""epochs"": 30, ""exercise_dim"": 64, ""exercise_l2_lambda"": 5e-05, ""fusion_gate_bias_init"": -2.5, ""fusion_gate_max"": 0.4, ""knowledge_dim"": 64, ""lambda_alpha"": 0.01, ""lambda_proto_div"": 0.0, ""lambda_proto_usage"": 0.0, ""lambda_sparse"": 1.0, ""lambda_sparse_personal"": 0.005, ""learning_rate"": 0.0003, ""min_exer_interactions"": 0, ""min_poison_count"": 0, ""min_stu_interactions"": 15, ""model_variant"": ""gpd_base"", ""no_cuda"": false, ""num_gnn_layers"": 1, ""num_prototypes"": 0, ""num_relation_heads"": 2, ""num_workers"": 4, ""patience"": 5, ""proto_lambda"": 0.0, ""proto_tau"": 1.0, ""residual_clip_t"": 4.0, ""save_interval"": 10, ""seed"": 42, ""skill_dim"": 128, ""use_personal_graph"": true, ""use_soft_prototype_main_path"": false, ""weight_decay"": 1e-05}"
assist_09,42,s0p3_bm2,full,assist_09_m3grid_s0p3_bm2_full,0.7705557154386966,0.7373118422805381,0.4231501919163402,0.7668909831720226,17,17,2.6094,0.257,1.0758,1.0758,0.3955,1.0,0.3864,ok,0,checkpoints/assist_09_m3grid/seed42/s0p3_bm2_full,logs/assist_09_m3grid/seed42/s0p3_bm2_full,logs/assist_09_m3grid/seed42/s0p3_bm2_full/train_20260211_050535.log,"{""ablate_module3"": false, ""ablate_skill_encoder"": false, ""ablate_soft_prototype"": true, ""batch_size"": 128, ""disable_q_aligned_residual"": false, ""disable_soft_prototype"": true, ""dropout"": 0.2, ""early_stop_patience"": 3, ""enable_soft_prototype"": false, ""epochs"": 30, ""exercise_dim"": 64, ""exercise_l2_lambda"": 5e-05, ""fusion_gate_bias_init"": -2.0, ""fusion_gate_max"": 0.4, ""knowledge_dim"": 64, ""lambda_alpha"": 0.01, ""lambda_proto_div"": 0.0, ""lambda_proto_usage"": 0.0, ""lambda_sparse"": 0.3, ""lambda_sparse_personal"": 0.005, ""learning_rate"": 0.0003, ""min_exer_interactions"": 0, ""min_poison_count"": 0, ""min_stu_interactions"": 15, ""model_variant"": ""gpd_base"", ""no_cuda"": false, ""num_gnn_layers"": 1, ""num_prototypes"": 0, ""num_relation_heads"": 2, ""num_workers"": 4, ""patience"": 5, ""proto_lambda"": 0.0, ""proto_tau"": 1.0, ""residual_clip_t"": 2.0, ""save_interval"": 10, ""seed"": 42, ""skill_dim"": 128, ""use_personal_graph"": true, ""use_soft_prototype_main_path"": false, ""weight_decay"": 1e-05}"
assist_09,42,s0p3_bm1p5,full,assist_09_m3grid_s0p3_bm1p5_full,0.7705876841901236,0.7383013948885802,0.4230551448736113,0.7683725280740759,17,17,2.6178,0.2543,1.0674,1.0674,0.3969,1.0,0.3955,ok,0,checkpoints/assist_09_m3grid/seed42/s0p3_bm1p5_full,logs/assist_09_m3grid/seed42/s0p3_bm1p5_full,logs/assist_09_m3grid/seed42/s0p3_bm1p5_full/train_20260211_050605.log,"{""ablate_module3"": false, ""ablate_skill_encoder"": false, ""ablate_soft_prototype"": true, ""batch_size"": 128, ""disable_q_aligned_residual"": false, ""disable_soft_prototype"": true, ""dropout"": 0.2, ""early_stop_patience"": 3, ""enable_soft_prototype"": false, ""epochs"": 30, ""exercise_dim"": 64, ""exercise_l2_lambda"": 5e-05, ""fusion_gate_bias_init"": -1.5, ""fusion_gate_max"": 0.4, ""knowledge_dim"": 64, ""lambda_alpha"": 0.01, ""lambda_proto_div"": 0.0, ""lambda_proto_usage"": 0.0, ""lambda_sparse"": 0.3, ""lambda_sparse_personal"": 0.005, ""learning_rate"": 0.0003, ""min_exer_interactions"": 0, ""min_poison_count"": 0, ""min_stu_interactions"": 15, ""model_variant"": ""gpd_base"", ""no_cuda"": false, ""num_gnn_layers"": 1, ""num_prototypes"": 0, ""num_relation_heads"": 2, ""num_workers"": 4, ""patience"": 5, ""proto_lambda"": 0.0, ""proto_tau"": 1.0, ""residual_clip_t"": 2.0, ""save_interval"": 10, ""seed"": 42, ""skill_dim"": 128, ""use_personal_graph"": true, ""use_soft_prototype_main_path"": false, ""weight_decay"": 1e-05}"
assist_09,42,clip_4,full,assist_09_m3grid_clip_4_full,0.7729624297697266,0.7367409465451293,0.4246881478777291,0.7687024777749116,25,25,-0.0007,0.3643,1.5695,1.5695,0.3934,0.0001,0.4364,ok,0,checkpoints/assist_09_m3grid/seed42/clip_4_full,logs/assist_09_m3grid/seed42/clip_4_full,logs/assist_09_m3grid/seed42/clip_4_full/train_20260211_050435.log,"{""ablate_module3"": false, ""ablate_skill_encoder"": false, ""ablate_soft_prototype"": true, ""batch_size"": 128, ""disable_q_aligned_residual"": false, ""disable_soft_prototype"": true, ""dropout"": 0.2, ""early_stop_patience"": 3, ""enable_soft_prototype"": false, ""epochs"": 30, ""exercise_dim"": 64, ""exercise_l2_lambda"": 5e-05, ""fusion_gate_bias_init"": -2.5, ""fusion_gate_max"": 0.4, ""knowledge_dim"": 64, ""lambda_alpha"": 0.01, ""lambda_proto_div"": 0.0, ""lambda_proto_usage"": 0.0, ""lambda_sparse"": 1.0, ""lambda_sparse_personal"": 0.005, ""learning_rate"": 0.0003, ""min_exer_interactions"": 0, ""min_poison_count"": 0, ""min_stu_interactions"": 15, ""model_variant"": ""gpd_base"", ""no_cuda"": false, ""num_gnn_layers"": 1, ""num_prototypes"": 0, ""num_relation_heads"": 2, ""num_workers"": 4, ""patience"": 5, ""proto_lambda"": 0.0, ""proto_tau"": 1.0, ""residual_clip_t"": 4.0, ""save_interval"": 10, ""seed"": 42, ""skill_dim"": 128, ""use_personal_graph"": true, ""use_soft_prototype_main_path"": false, ""weight_decay"": 1e-05}"
assist_09,42,s0p1_bm2p5,no3,assist_09_m3grid_s0p1_bm2p5_no3,0.7534395014032239,0.7275304953471997,0.4292930403890467,0.7505341642569292,12,12,0.8632,0.0,0.0,0.0,0.0,1.0,0.405,ok,0,checkpoints/assist_09_m3grid/seed42/s0p1_bm2p5_no3,logs/assist_09_m3grid/seed42/s0p1_bm2p5_no3,logs/assist_09_m3grid/seed42/s0p1_bm2p5_no3/train_20260211_051406.log,"{""ablate_module3"": true, ""ablate_skill_encoder"": false, ""ablate_soft_prototype"": true, ""batch_size"": 128, ""disable_q_aligned_residual"": false, ""disable_soft_prototype"": true, ""dropout"": 0.2, ""early_stop_patience"": 3, ""enable_soft_prototype"": false, ""epochs"": 30, ""exercise_dim"": 64, ""exercise_l2_lambda"": 5e-05, ""fusion_gate_bias_init"": -2.5, ""fusion_gate_max"": 0.4, ""knowledge_dim"": 64, ""lambda_alpha"": 0.01, ""lambda_proto_div"": 0.0, ""lambda_proto_usage"": 0.0, ""lambda_sparse"": 0.1, ""lambda_sparse_personal"": 0.005, ""learning_rate"": 0.0003, ""min_exer_interactions"": 0, ""min_poison_count"": 0, ""min_stu_interactions"": 15, ""model_variant"": ""gpd_base"", ""no_cuda"": false, ""num_gnn_layers"": 1, ""num_prototypes"": 0, ""num_relation_heads"": 2, ""num_workers"": 4, ""patience"": 5, ""proto_lambda"": 0.0, ""proto_tau"": 1.0, ""residual_clip_t"": 2.0, ""save_interval"": 10, ""seed"": 42, ""skill_dim"": 128, ""use_personal_graph"": true, ""use_soft_prototype_main_path"": false, ""weight_decay"": 1e-05}"
assist_09,42,s0p1_bm2p5,full,assist_09_m3grid_s0p1_bm2p5_full,0.770437320532445,0.7375972901482426,0.4227717897577184,0.766490479661226,18,18,0.871,0.2592,1.0579,1.0579,0.393,1.0,0.3949,ok,0,checkpoints/assist_09_m3grid/seed42/s0p1_bm2p5_full,logs/assist_09_m3grid/seed42/s0p1_bm2p5_full,logs/assist_09_m3grid/seed42/s0p1_bm2p5_full/train_20260211_051305.log,"{""ablate_module3"": false, ""ablate_skill_encoder"": false, ""ablate_soft_prototype"": true, ""batch_size"": 128, ""disable_q_aligned_residual"": false, ""disable_soft_prototype"": true, ""dropout"": 0.2, ""early_stop_patience"": 3, ""enable_soft_prototype"": false, ""epochs"": 30, ""exercise_dim"": 64, ""exercise_l2_lambda"": 5e-05, ""fusion_gate_bias_init"": -2.5, ""fusion_gate_max"": 0.4, ""knowledge_dim"": 64, ""lambda_alpha"": 0.01, ""lambda_proto_div"": 0.0, ""lambda_proto_usage"": 0.0, ""lambda_sparse"": 0.1, ""lambda_sparse_personal"": 0.005, ""learning_rate"": 0.0003, ""min_exer_interactions"": 0, ""min_poison_count"": 0, ""min_stu_interactions"": 15, ""model_variant"": ""gpd_base"", ""no_cuda"": false, ""num_gnn_layers"": 1, ""num_prototypes"": 0, ""num_relation_heads"": 2, ""num_workers"": 4, ""patience"": 5, ""proto_lambda"": 0.0, ""proto_tau"": 1.0, ""residual_clip_t"": 2.0, ""save_interval"": 10, ""seed"": 42, ""skill_dim"": 128, ""use_personal_graph"": true, ""use_soft_prototype_main_path"": false, ""weight_decay"": 1e-05}"
assist_09,42,s0p3_g0p5,no3,assist_09_m3grid_s0p3_g0p5_no3,0.7546903758755352,0.7273021370530363,0.4287337874900905,0.7508145603318906,13,13,2.5878,0.0,0.0,0.0,0.0,1.0,0.4541,ok,0,checkpoints/assist_09_m3grid/seed42/s0p3_g0p5_no3,logs/assist_09_m3grid/seed42/s0p3_g0p5_no3,logs/assist_09_m3grid/seed42/s0p3_g0p5_no3/train_20260211_051736.log,"{""ablate_module3"": true, ""ablate_skill_encoder"": false, ""ablate_soft_prototype"": true, ""batch_size"": 128, ""disable_q_aligned_residual"": false, ""disable_soft_prototype"": true, ""dropout"": 0.2, ""early_stop_patience"": 3, ""enable_soft_prototype"": false, ""epochs"": 30, ""exercise_dim"": 64, ""exercise_l2_lambda"": 5e-05, ""fusion_gate_bias_init"": -2.5, ""fusion_gate_max"": 0.5, ""knowledge_dim"": 64, ""lambda_alpha"": 0.01, ""lambda_proto_div"": 0.0, ""lambda_proto_usage"": 0.0, ""lambda_sparse"": 0.3, ""lambda_sparse_personal"": 0.005, ""learning_rate"": 0.0003, ""min_exer_interactions"": 0, ""min_poison_count"": 0, ""min_stu_interactions"": 15, ""model_variant"": ""gpd_base"", ""no_cuda"": false, ""num_gnn_layers"": 1, ""num_prototypes"": 0, ""num_relation_heads"": 2, ""num_workers"": 4, ""patience"": 5, ""proto_lambda"": 0.0, ""proto_tau"": 1.0, ""residual_clip_t"": 2.0, ""save_interval"": 10, ""seed"": 42, ""skill_dim"": 128, ""use_personal_graph"": true, ""use_soft_prototype_main_path"": false, ""weight_decay"": 1e-05}"
assist_09,42,s0p03_bm2p5,full,assist_09_m3grid_s0p03_bm2p5_full,0.7704347015824681,0.7381301261679575,0.42261347565697616,0.7667732002246488,17,17,0.2592,0.2479,1.0645,1.0645,0.3911,1.0,0.4462,ok,0,checkpoints/assist_09_m3grid/seed42/s0p03_bm2p5_full,logs/assist_09_m3grid/seed42/s0p03_bm2p5_full,logs/assist_09_m3grid/seed42/s0p03_bm2p5_full/train_20260211_051435.log,"{""ablate_module3"": false, ""ablate_skill_encoder"": false, ""ablate_soft_prototype"": true, ""batch_size"": 128, ""disable_q_aligned_residual"": false, ""disable_soft_prototype"": true, ""dropout"": 0.2, ""early_stop_patience"": 3, ""enable_soft_prototype"": false, ""epochs"": 30, ""exercise_dim"": 64, ""exercise_l2_lambda"": 5e-05, ""fusion_gate_bias_init"": -2.5, ""fusion_gate_max"": 0.4, ""knowledge_dim"": 64, ""lambda_alpha"": 0.01, ""lambda_proto_div"": 0.0, ""lambda_proto_usage"": 0.0, ""lambda_sparse"": 0.03, ""lambda_sparse_personal"": 0.005, ""learning_rate"": 0.0003, ""min_exer_interactions"": 0, ""min_poison_count"": 0, ""min_stu_interactions"": 15, ""model_variant"": ""gpd_base"", ""no_cuda"": false, ""num_gnn_layers"": 1, ""num_prototypes"": 0, ""num_relation_heads"": 2, ""num_workers"": 4, ""patience"": 5, ""proto_lambda"": 0.0, ""proto_tau"": 1.0, ""residual_clip_t"": 2.0, ""save_interval"": 10, ""seed"": 42, ""skill_dim"": 128, ""use_personal_graph"": true, ""use_soft_prototype_main_path"": false, ""weight_decay"": 1e-05}"
assist_09,42,s0p03_bm2p5,no3,assist_09_m3grid_s0p03_bm2p5_no3,0.7594069452787553,0.7315648252107557,0.4276030019016859,0.7548745267724474,22,22,0.2561,0.0,0.0,0.0,0.0,1.0,0.4482,ok,0,checkpoints/assist_09_m3grid/seed42/s0p03_bm2p5_no3,logs/assist_09_m3grid/seed42/s0p03_bm2p5_no3,logs/assist_09_m3grid/seed42/s0p03_bm2p5_no3/train_20260211_051606.log,"{""ablate_module3"": true, ""ablate_skill_encoder"": false, ""ablate_soft_prototype"": true, ""batch_size"": 128, ""disable_q_aligned_residual"": false, ""disable_soft_prototype"": true, ""dropout"": 0.2, ""early_stop_patience"": 3, ""enable_soft_prototype"": false, ""epochs"": 30, ""exercise_dim"": 64, ""exercise_l2_lambda"": 5e-05, ""fusion_gate_bias_init"": -2.5, ""fusion_gate_max"": 0.4, ""knowledge_dim"": 64, ""lambda_alpha"": 0.01, ""lambda_proto_div"": 0.0, ""lambda_proto_usage"": 0.0, ""lambda_sparse"": 0.03, ""lambda_sparse_personal"": 0.005, ""learning_rate"": 0.0003, ""min_exer_interactions"": 0, ""min_poison_count"": 0, ""min_stu_interactions"": 15, ""model_variant"": ""gpd_base"", ""no_cuda"": false, ""num_gnn_layers"": 1, ""num_prototypes"": 0, ""num_relation_heads"": 2, ""num_workers"": 4, ""patience"": 5, ""proto_lambda"": 0.0, ""proto_tau"": 1.0, ""residual_clip_t"": 2.0, ""save_interval"": 10, ""seed"": 42, ""skill_dim"": 128, ""use_personal_graph"": true, ""use_soft_prototype_main_path"": false, ""weight_decay"": 1e-05}"
assist_09,42,s0p01_bm2p5,full,assist_09_m3grid_s0p01_bm2p5_full,0.7700571482435923,0.7371215437020685,0.423450335476758,0.7669479996292733,17,17,0.0855,0.2415,1.0434,1.0434,0.3897,1.0,0.3944,ok,0,checkpoints/assist_09_m3grid/seed42/s0p01_bm2p5_full,logs/assist_09_m3grid/seed42/s0p01_bm2p5_full,logs/assist_09_m3grid/seed42/s0p01_bm2p5_full/train_20260211_051635.log,"{""ablate_module3"": false, ""ablate_skill_encoder"": false, ""ablate_soft_prototype"": true, ""batch_size"": 128, ""disable_q_aligned_residual"": false, ""disable_soft_prototype"": true, ""dropout"": 0.2, ""early_stop_patience"": 3, ""enable_soft_prototype"": false, ""epochs"": 30, ""exercise_dim"": 64, ""exercise_l2_lambda"": 5e-05, ""fusion_gate_bias_init"": -2.5, ""fusion_gate_max"": 0.4, ""knowledge_dim"": 64, ""lambda_alpha"": 0.01, ""lambda_proto_div"": 0.0, ""lambda_proto_usage"": 0.0, ""lambda_sparse"": 0.01, ""lambda_sparse_personal"": 0.005, ""learning_rate"": 0.0003, ""min_exer_interactions"": 0, ""min_poison_count"": 0, ""min_stu_interactions"": 15, ""model_variant"": ""gpd_base"", ""no_cuda"": false, ""num_gnn_layers"": 1, ""num_prototypes"": 0, ""num_relation_heads"": 2, ""num_workers"": 4, ""patience"": 5, ""proto_lambda"": 0.0, ""proto_tau"": 1.0, ""residual_clip_t"": 2.0, ""save_interval"": 10, ""seed"": 42, ""skill_dim"": 128, ""use_personal_graph"": true, ""use_soft_prototype_main_path"": false, ""weight_decay"": 1e-05}"
assist_09,42,s0p01_bm2p5,no3,assist_09_m3grid_s0p01_bm2p5_no3,0.7562149334399866,0.7299282574359169,0.42927509175554024,0.75237826020943,19,19,0.0836,0.0,0.0,0.0,0.0,1.0,0.4494,ok,0,checkpoints/assist_09_m3grid/seed42/s0p01_bm2p5_no3,logs/assist_09_m3grid/seed42/s0p01_bm2p5_no3,logs/assist_09_m3grid/seed42/s0p01_bm2p5_no3/train_20260211_051706.log,"{""ablate_module3"": true, ""ablate_skill_encoder"": false, ""ablate_soft_prototype"": true, ""batch_size"": 128, ""disable_q_aligned_residual"": false, ""disable_soft_prototype"": true, ""dropout"": 0.2, ""early_stop_patience"": 3, ""enable_soft_prototype"": false, ""epochs"": 30, ""exercise_dim"": 64, ""exercise_l2_lambda"": 5e-05, ""fusion_gate_bias_init"": -2.5, ""fusion_gate_max"": 0.4, ""knowledge_dim"": 64, ""lambda_alpha"": 0.01, ""lambda_proto_div"": 0.0, ""lambda_proto_usage"": 0.0, ""lambda_sparse"": 0.01, ""lambda_sparse_personal"": 0.005, ""learning_rate"": 0.0003, ""min_exer_interactions"": 0, ""min_poison_count"": 0, ""min_stu_interactions"": 15, ""model_variant"": ""gpd_base"", ""no_cuda"": false, ""num_gnn_layers"": 1, ""num_prototypes"": 0, ""num_relation_heads"": 2, ""num_workers"": 4, ""patience"": 5, ""proto_lambda"": 0.0, ""proto_tau"": 1.0, ""residual_clip_t"": 2.0, ""save_interval"": 10, ""seed"": 42, ""skill_dim"": 128, ""use_personal_graph"": true, ""use_soft_prototype_main_path"": false, ""weight_decay"": 1e-05}"
assist_09,42,s0p3_g0p5,full,assist_09_m3grid_s0p3_g0p5_full,0.7704054629514572,0.7369502749814459,0.42340181542411087,0.7672459543687915,17,17,2.6084,0.3039,1.0119,1.0119,0.488,1.0,0.4177,ok,0,checkpoints/assist_09_m3grid/seed42/s0p3_g0p5_full,logs/assist_09_m3grid/seed42/s0p3_g0p5_full,logs/assist_09_m3grid/seed42/s0p3_g0p5_full/train_20260211_051736.log,"{""ablate_module3"": false, ""ablate_skill_encoder"": false, ""ablate_soft_prototype"": true, ""batch_size"": 128, ""disable_q_aligned_residual"": false, ""disable_soft_prototype"": true, ""dropout"": 0.2, ""early_stop_patience"": 3, ""enable_soft_prototype"": false, ""epochs"": 30, ""exercise_dim"": 64, ""exercise_l2_lambda"": 5e-05, ""fusion_gate_bias_init"": -2.5, ""fusion_gate_max"": 0.5, ""knowledge_dim"": 64, ""lambda_alpha"": 0.01, ""lambda_proto_div"": 0.0, ""lambda_proto_usage"": 0.0, ""lambda_sparse"": 0.3, ""lambda_sparse_personal"": 0.005, ""learning_rate"": 0.0003, ""min_exer_interactions"": 0, ""min_poison_count"": 0, ""min_stu_interactions"": 15, ""model_variant"": ""gpd_base"", ""no_cuda"": false, ""num_gnn_layers"": 1, ""num_prototypes"": 0, ""num_relation_heads"": 2, ""num_workers"": 4, ""patience"": 5, ""proto_lambda"": 0.0, ""proto_tau"": 1.0, ""residual_clip_t"": 2.0, ""save_interval"": 10, ""seed"": 42, ""skill_dim"": 128, ""use_personal_graph"": true, ""use_soft_prototype_main_path"": false, ""weight_decay"": 1e-05}"
assist_09,42,s0p3_g0p6,no3,assist_09_m3grid_s0p3_g0p6_no3,0.7546903758755352,0.7273021370530363,0.4287337874900905,0.7508145603318906,13,13,2.5878,0.0,0.0,0.0,0.0,1.0,0.4541,ok,0,checkpoints/assist_09_m3grid/seed42/s0p3_g0p6_no3,logs/assist_09_m3grid/seed42/s0p3_g0p6_no3,logs/assist_09_m3grid/seed42/s0p3_g0p6_no3/train_20260211_052136.log,"{""ablate_module3"": true, ""ablate_skill_encoder"": false, ""ablate_soft_prototype"": true, ""batch_size"": 128, ""disable_q_aligned_residual"": false, ""disable_soft_prototype"": true, ""dropout"": 0.2, ""early_stop_patience"": 3, ""enable_soft_prototype"": false, ""epochs"": 30, ""exercise_dim"": 64, ""exercise_l2_lambda"": 5e-05, ""fusion_gate_bias_init"": -2.5, ""fusion_gate_max"": 0.6, ""knowledge_dim"": 64, ""lambda_alpha"": 0.01, ""lambda_proto_div"": 0.0, ""lambda_proto_usage"": 0.0, ""lambda_sparse"": 0.3, ""lambda_sparse_personal"": 0.005, ""learning_rate"": 0.0003, ""min_exer_interactions"": 0, ""min_poison_count"": 0, ""min_stu_interactions"": 15, ""model_variant"": ""gpd_base"", ""no_cuda"": false, ""num_gnn_layers"": 1, ""num_prototypes"": 0, ""num_relation_heads"": 2, ""num_workers"": 4, ""patience"": 5, ""proto_lambda"": 0.0, ""proto_tau"": 1.0, ""residual_clip_t"": 2.0, ""save_interval"": 10, ""seed"": 42, ""skill_dim"": 128, ""use_personal_graph"": true, ""use_soft_prototype_main_path"": false, ""weight_decay"": 1e-05}"
assist_09,42,s0p3_g0p6,full,assist_09_m3grid_s0p3_g0p6_full,0.7714470888791257,0.7384346038935089,0.42284151184676794,0.7674774244829551,15,15,2.626,0.3287,0.8997,0.8997,0.5758,1.0,0.3951,ok,0,checkpoints/assist_09_m3grid/seed42/s0p3_g0p6_full,logs/assist_09_m3grid/seed42/s0p3_g0p6_full,logs/assist_09_m3grid/seed42/s0p3_g0p6_full/train_20260211_052136.log,"{""ablate_module3"": false, ""ablate_skill_encoder"": false, ""ablate_soft_prototype"": true, ""batch_size"": 128, ""disable_q_aligned_residual"": false, ""disable_soft_prototype"": true, ""dropout"": 0.2, ""early_stop_patience"": 3, ""enable_soft_prototype"": false, ""epochs"": 30, ""exercise_dim"": 64, ""exercise_l2_lambda"": 5e-05, ""fusion_gate_bias_init"": -2.5, ""fusion_gate_max"": 0.6, ""knowledge_dim"": 64, ""lambda_alpha"": 0.01, ""lambda_proto_div"": 0.0, ""lambda_proto_usage"": 0.0, ""lambda_sparse"": 0.3, ""lambda_sparse_personal"": 0.005, ""learning_rate"": 0.0003, ""min_exer_interactions"": 0, ""min_poison_count"": 0, ""min_stu_interactions"": 15, ""model_variant"": ""gpd_base"", ""no_cuda"": false, ""num_gnn_layers"": 1, ""num_prototypes"": 0, ""num_relation_heads"": 2, ""num_workers"": 4, ""patience"": 5, ""proto_lambda"": 0.0, ""proto_tau"": 1.0, ""residual_clip_t"": 2.0, ""save_interval"": 10, ""seed"": 42, ""skill_dim"": 128, ""use_personal_graph"": true, ""use_soft_prototype_main_path"": false, ""weight_decay"": 1e-05}"
assist_09,42,s0p3_g0p7,no3,assist_09_m3grid_s0p3_g0p7_no3,0.7546903758755352,0.7273021370530363,0.4287337874900905,0.7508145603318906,13,13,2.5878,0.0,0.0,0.0,0.0,1.0,0.4541,ok,0,checkpoints/assist_09_m3grid/seed42/s0p3_g0p7_no3,logs/assist_09_m3grid/seed42/s0p3_g0p7_no3,logs/assist_09_m3grid/seed42/s0p3_g0p7_no3/train_20260211_052536.log,"{""ablate_module3"": true, ""ablate_skill_encoder"": false, ""ablate_soft_prototype"": true, ""batch_size"": 128, ""disable_q_aligned_residual"": false, ""disable_soft_prototype"": true, ""dropout"": 0.2, ""early_stop_patience"": 3, ""enable_soft_prototype"": false, ""epochs"": 30, ""exercise_dim"": 64, ""exercise_l2_lambda"": 5e-05, ""fusion_gate_bias_init"": -2.5, ""fusion_gate_max"": 0.7, ""knowledge_dim"": 64, ""lambda_alpha"": 0.01, ""lambda_proto_div"": 0.0, ""lambda_proto_usage"": 0.0, ""lambda_sparse"": 0.3, ""lambda_sparse_personal"": 0.005, ""learning_rate"": 0.0003, ""min_exer_interactions"": 0, ""min_poison_count"": 0, ""min_stu_interactions"": 15, ""model_variant"": ""gpd_base"", ""no_cuda"": false, ""num_gnn_layers"": 1, ""num_prototypes"": 0, ""num_relation_heads"": 2, ""num_workers"": 4, ""patience"": 5, ""proto_lambda"": 0.0, ""proto_tau"": 1.0, ""residual_clip_t"": 2.0, ""save_interval"": 10, ""seed"": 42, ""skill_dim"": 128, ""use_personal_graph"": true, ""use_soft_prototype_main_path"": false, ""weight_decay"": 1e-05}"
assist_09,42,s0p3_g0p7,full,assist_09_m3grid_s0p3_g0p7_full,0.771868332200485,0.7385678128984376,0.4224488585078956,0.7669752764641256,14,14,2.6119,0.3515,0.8504,0.8504,0.6653,1.0,0.4471,ok,0,checkpoints/assist_09_m3grid/seed42/s0p3_g0p7_full,logs/assist_09_m3grid/seed42/s0p3_g0p7_full,logs/assist_09_m3grid/seed42/s0p3_g0p7_full/train_20260211_052506.log,"{""ablate_module3"": false, ""ablate_skill_encoder"": false, ""ablate_soft_prototype"": true, ""batch_size"": 128, ""disable_q_aligned_residual"": false, ""disable_soft_prototype"": true, ""dropout"": 0.2, ""early_stop_patience"": 3, ""enable_soft_prototype"": false, ""epochs"": 30, ""exercise_dim"": 64, ""exercise_l2_lambda"": 5e-05, ""fusion_gate_bias_init"": -2.5, ""fusion_gate_max"": 0.7, ""knowledge_dim"": 64, ""lambda_alpha"": 0.01, ""lambda_proto_div"": 0.0, ""lambda_proto_usage"": 0.0, ""lambda_sparse"": 0.3, ""lambda_sparse_personal"": 0.005, ""learning_rate"": 0.0003, ""min_exer_interactions"": 0, ""min_poison_count"": 0, ""min_stu_interactions"": 15, ""model_variant"": ""gpd_base"", ""no_cuda"": false, ""num_gnn_layers"": 1, ""num_prototypes"": 0, ""num_relation_heads"": 2, ""num_workers"": 4, ""patience"": 5, ""proto_lambda"": 0.0, ""proto_tau"": 1.0, ""residual_clip_t"": 2.0, ""save_interval"": 10, ""seed"": 42, ""skill_dim"": 128, ""use_personal_graph"": true, ""use_soft_prototype_main_path"": false, ""weight_decay"": 1e-05}"
assist_09,42,s0p1_g0p7,full,assist_09_m3grid_s0p1_g0p7_full,0.7708964963353695,0.7358846029420161,0.4221750476307593,0.766894504479486,12,12,0.8735,0.3365,0.7973,0.7973,0.6678,1.0,0.374,ok,0,checkpoints/assist_09_m3grid/seed42/s0p1_g0p7_full,logs/assist_09_m3grid/seed42/s0p1_g0p7_full,logs/assist_09_m3grid/seed42/s0p1_g0p7_full/train_20260211_052636.log,"{""ablate_module3"": false, ""ablate_skill_encoder"": false, ""ablate_soft_prototype"": true, ""batch_size"": 128, ""disable_q_aligned_residual"": false, ""disable_soft_prototype"": true, ""dropout"": 0.2, ""early_stop_patience"": 3, ""enable_soft_prototype"": false, ""epochs"": 30, ""exercise_dim"": 64, ""exercise_l2_lambda"": 5e-05, ""fusion_gate_bias_init"": -2.5, ""fusion_gate_max"": 0.7, ""knowledge_dim"": 64, ""lambda_alpha"": 0.01, ""lambda_proto_div"": 0.0, ""lambda_proto_usage"": 0.0, ""lambda_sparse"": 0.1, ""lambda_sparse_personal"": 0.005, ""learning_rate"": 0.0003, ""min_exer_interactions"": 0, ""min_poison_count"": 0, ""min_stu_interactions"": 15, ""model_variant"": ""gpd_base"", ""no_cuda"": false, ""num_gnn_layers"": 1, ""num_prototypes"": 0, ""num_relation_heads"": 2, ""num_workers"": 4, ""patience"": 5, ""proto_lambda"": 0.0, ""proto_tau"": 1.0, ""residual_clip_t"": 2.0, ""save_interval"": 10, ""seed"": 42, ""skill_dim"": 128, ""use_personal_graph"": true, ""use_soft_prototype_main_path"": false, ""weight_decay"": 1e-05}"
assist_09,42,s0p1_g0p7,no3,assist_09_m3grid_s0p1_g0p7_no3,0.7534395014032239,0.7275304953471997,0.4292930403890467,0.7505341642569292,12,12,0.8632,0.0,0.0,0.0,0.0,1.0,0.405,ok,0,checkpoints/assist_09_m3grid/seed42/s0p1_g0p7_no3,logs/assist_09_m3grid/seed42/s0p1_g0p7_no3,logs/assist_09_m3grid/seed42/s0p1_g0p7_no3/train_20260211_052806.log,"{""ablate_module3"": true, ""ablate_skill_encoder"": false, ""ablate_soft_prototype"": true, ""batch_size"": 128, ""disable_q_aligned_residual"": false, ""disable_soft_prototype"": true, ""dropout"": 0.2, ""early_stop_patience"": 3, ""enable_soft_prototype"": false, ""epochs"": 30, ""exercise_dim"": 64, ""exercise_l2_lambda"": 5e-05, ""fusion_gate_bias_init"": -2.5, ""fusion_gate_max"": 0.7, ""knowledge_dim"": 64, ""lambda_alpha"": 0.01, ""lambda_proto_div"": 0.0, ""lambda_proto_usage"": 0.0, ""lambda_sparse"": 0.1, ""lambda_sparse_personal"": 0.005, ""learning_rate"": 0.0003, ""min_exer_interactions"": 0, ""min_poison_count"": 0, ""min_stu_interactions"": 15, ""model_variant"": ""gpd_base"", ""no_cuda"": false, ""num_gnn_layers"": 1, ""num_prototypes"": 0, ""num_relation_heads"": 2, ""num_workers"": 4, ""patience"": 5, ""proto_lambda"": 0.0, ""proto_tau"": 1.0, ""residual_clip_t"": 2.0, ""save_interval"": 10, ""seed"": 42, ""skill_dim"": 128, ""use_personal_graph"": true, ""use_soft_prototype_main_path"": false, ""weight_decay"": 1e-05}"
assist_09,42,s0p03_g0p7,full,assist_09_m3grid_s0p03_g0p7_full,0.7715566900425446,0.738891320481836,0.4231226136135859,0.768000843964845,17,17,0.2575,0.3847,0.9353,0.9353,0.6708,1.0,0.3856,ok,0,checkpoints/assist_09_m3grid/seed42/s0p03_g0p7_full,logs/assist_09_m3grid/seed42/s0p03_g0p7_full,logs/assist_09_m3grid/seed42/s0p03_g0p7_full/train_20260211_052806.log,"{""ablate_module3"": false, ""ablate_skill_encoder"": false, ""ablate_soft_prototype"": true, ""batch_size"": 128, ""disable_q_aligned_residual"": false, ""disable_soft_prototype"": true, ""dropout"": 0.2, ""early_stop_patience"": 3, ""enable_soft_prototype"": false, ""epochs"": 30, ""exercise_dim"": 64, ""exercise_l2_lambda"": 5e-05, ""fusion_gate_bias_init"": -2.5, ""fusion_gate_max"": 0.7, ""knowledge_dim"": 64, ""lambda_alpha"": 0.01, ""lambda_proto_div"": 0.0, ""lambda_proto_usage"": 0.0, ""lambda_sparse"": 0.03, ""lambda_sparse_personal"": 0.005, ""learning_rate"": 0.0003, ""min_exer_interactions"": 0, ""min_poison_count"": 0, ""min_stu_interactions"": 15, ""model_variant"": ""gpd_base"", ""no_cuda"": false, ""num_gnn_layers"": 1, ""num_prototypes"": 0, ""num_relation_heads"": 2, ""num_workers"": 4, ""patience"": 5, ""proto_lambda"": 0.0, ""proto_tau"": 1.0, ""residual_clip_t"": 2.0, ""save_interval"": 10, ""seed"": 42, ""skill_dim"": 128, ""use_personal_graph"": true, ""use_soft_prototype_main_path"": false, ""weight_decay"": 1e-05}"
assist_09,42,s0p01_g0p7,full,assist_09_m3grid_s0p01_g0p7_full,0.7712652092076049,0.7375972901482426,0.4226020522697298,0.7673879290175906,14,14,0.0855,0.3537,0.8437,0.8437,0.6714,1.0,0.3945,ok,0,checkpoints/assist_09_m3grid/seed42/s0p01_g0p7_full,logs/assist_09_m3grid/seed42/s0p01_g0p7_full,logs/assist_09_m3grid/seed42/s0p01_g0p7_full/train_20260211_052936.log,"{""ablate_module3"": false, ""ablate_skill_encoder"": false, ""ablate_soft_prototype"": true, ""batch_size"": 128, ""disable_q_aligned_residual"": false, ""disable_soft_prototype"": true, ""dropout"": 0.2, ""early_stop_patience"": 3, ""enable_soft_prototype"": false, ""epochs"": 30, ""exercise_dim"": 64, ""exercise_l2_lambda"": 5e-05, ""fusion_gate_bias_init"": -2.5, ""fusion_gate_max"": 0.7, ""knowledge_dim"": 64, ""lambda_alpha"": 0.01, ""lambda_proto_div"": 0.0, ""lambda_proto_usage"": 0.0, ""lambda_sparse"": 0.01, ""lambda_sparse_personal"": 0.005, ""learning_rate"": 0.0003, ""min_exer_interactions"": 0, ""min_poison_count"": 0, ""min_stu_interactions"": 15, ""model_variant"": ""gpd_base"", ""no_cuda"": false, ""num_gnn_layers"": 1, ""num_prototypes"": 0, ""num_relation_heads"": 2, ""num_workers"": 4, ""patience"": 5, ""proto_lambda"": 0.0, ""proto_tau"": 1.0, ""residual_clip_t"": 2.0, ""save_interval"": 10, ""seed"": 42, ""skill_dim"": 128, ""use_personal_graph"": true, ""use_soft_prototype_main_path"": false, ""weight_decay"": 1e-05}"
assist_09,42,s0p03_g0p7,no3,assist_09_m3grid_s0p03_g0p7_no3,0.7594069452787553,0.7315648252107557,0.4276030019016859,0.7548745267724474,22,22,0.2561,0.0,0.0,0.0,0.0,1.0,0.4482,ok,0,checkpoints/assist_09_m3grid/seed42/s0p03_g0p7_no3,logs/assist_09_m3grid/seed42/s0p03_g0p7_no3,logs/assist_09_m3grid/seed42/s0p03_g0p7_no3/train_20260211_052806.log,"{""ablate_module3"": true, ""ablate_skill_encoder"": false, ""ablate_soft_prototype"": true, ""batch_size"": 128, ""disable_q_aligned_residual"": false, ""disable_soft_prototype"": true, ""dropout"": 0.2, ""early_stop_patience"": 3, ""enable_soft_prototype"": false, ""epochs"": 30, ""exercise_dim"": 64, ""exercise_l2_lambda"": 5e-05, ""fusion_gate_bias_init"": -2.5, ""fusion_gate_max"": 0.7, ""knowledge_dim"": 64, ""lambda_alpha"": 0.01, ""lambda_proto_div"": 0.0, ""lambda_proto_usage"": 0.0, ""lambda_sparse"": 0.03, ""lambda_sparse_personal"": 0.005, ""learning_rate"": 0.0003, ""min_exer_interactions"": 0, ""min_poison_count"": 0, ""min_stu_interactions"": 15, ""model_variant"": ""gpd_base"", ""no_cuda"": false, ""num_gnn_layers"": 1, ""num_prototypes"": 0, ""num_relation_heads"": 2, ""num_workers"": 4, ""patience"": 5, ""proto_lambda"": 0.0, ""proto_tau"": 1.0, ""residual_clip_t"": 2.0, ""save_interval"": 10, ""seed"": 42, ""skill_dim"": 128, ""use_personal_graph"": true, ""use_soft_prototype_main_path"": false, ""weight_decay"": 1e-05}"
assist_09,42,s0p01_g0p7,no3,assist_09_m3grid_s0p01_g0p7_no3,0.7562149334399866,0.7299282574359169,0.42927509175554024,0.75237826020943,19,19,0.0836,0.0,0.0,0.0,0.0,1.0,0.4494,ok,0,checkpoints/assist_09_m3grid/seed42/s0p01_g0p7_no3,logs/assist_09_m3grid/seed42/s0p01_g0p7_no3,logs/assist_09_m3grid/seed42/s0p01_g0p7_no3/train_20260211_052937.log,"{""ablate_module3"": true, ""ablate_skill_encoder"": false, ""ablate_soft_prototype"": true, ""batch_size"": 128, ""disable_q_aligned_residual"": false, ""disable_soft_prototype"": true, ""dropout"": 0.2, ""early_stop_patience"": 3, ""enable_soft_prototype"": false, ""epochs"": 30, ""exercise_dim"": 64, ""exercise_l2_lambda"": 5e-05, ""fusion_gate_bias_init"": -2.5, ""fusion_gate_max"": 0.7, ""knowledge_dim"": 64, ""lambda_alpha"": 0.01, ""lambda_proto_div"": 0.0, ""lambda_proto_usage"": 0.0, ""lambda_sparse"": 0.01, ""lambda_sparse_personal"": 0.005, ""learning_rate"": 0.0003, ""min_exer_interactions"": 0, ""min_poison_count"": 0, ""min_stu_interactions"": 15, ""model_variant"": ""gpd_base"", ""no_cuda"": false, ""num_gnn_layers"": 1, ""num_prototypes"": 0, ""num_relation_heads"": 2, ""num_workers"": 4, ""patience"": 5, ""proto_lambda"": 0.0, ""proto_tau"": 1.0, ""residual_clip_t"": 2.0, ""save_interval"": 10, ""seed"": 42, ""skill_dim"": 128, ""use_personal_graph"": true, ""use_soft_prototype_main_path"": false, ""weight_decay"": 1e-05}"
assist_09,42,s0p3_d0p15,no3,assist_09_m3grid_s0p3_d0p15_no3,0.7546484799261488,0.7281204209404556,0.4284345678568554,0.7511649091477143,15,15,2.5827,0.0,0.0,0.0,0.0,1.0,0.4488,ok,0,checkpoints/assist_09_m3grid/seed42/s0p3_d0p15_no3,logs/assist_09_m3grid/seed42/s0p3_d0p15_no3,logs/assist_09_m3grid/seed42/s0p3_d0p15_no3/train_20260211_053307.log,"{""ablate_module3"": true, ""ablate_skill_encoder"": false, ""ablate_soft_prototype"": true, ""batch_size"": 128, ""disable_q_aligned_residual"": false, ""disable_soft_prototype"": true, ""dropout"": 0.15, ""early_stop_patience"": 3, ""enable_soft_prototype"": false, ""epochs"": 30, ""exercise_dim"": 64, ""exercise_l2_lambda"": 5e-05, ""fusion_gate_bias_init"": -2.5, ""fusion_gate_max"": 0.4, ""knowledge_dim"": 64, ""lambda_alpha"": 0.01, ""lambda_proto_div"": 0.0, ""lambda_proto_usage"": 0.0, ""lambda_sparse"": 0.3, ""lambda_sparse_personal"": 0.005, ""learning_rate"": 0.0003, ""min_exer_interactions"": 0, ""min_poison_count"": 0, ""min_stu_interactions"": 15, ""model_variant"": ""gpd_base"", ""no_cuda"": false, ""num_gnn_layers"": 1, ""num_prototypes"": 0, ""num_relation_heads"": 2, ""num_workers"": 4, ""patience"": 5, ""proto_lambda"": 0.0, ""proto_tau"": 1.0, ""residual_clip_t"": 2.0, ""save_interval"": 10, ""seed"": 42, ""skill_dim"": 128, ""use_personal_graph"": true, ""use_soft_prototype_main_path"": false, ""weight_decay"": 1e-05}"
assist_09,42,s0p3_d0p1,no3,assist_09_m3grid_s0p3_d0p1_no3,0.7505120582917718,0.72690251003825,0.42935299128723753,0.7473769450915186,11,11,2.5732,0.0,0.0,0.0,0.0,1.0,0.4062,ok,0,checkpoints/assist_09_m3grid/seed42/s0p3_d0p1_no3,logs/assist_09_m3grid/seed42/s0p3_d0p1_no3,logs/assist_09_m3grid/seed42/s0p3_d0p1_no3/train_20260211_053537.log,"{""ablate_module3"": true, ""ablate_skill_encoder"": false, ""ablate_soft_prototype"": true, ""batch_size"": 128, ""disable_q_aligned_residual"": false, ""disable_soft_prototype"": true, ""dropout"": 0.1, ""early_stop_patience"": 3, ""enable_soft_prototype"": false, ""epochs"": 30, ""exercise_dim"": 64, ""exercise_l2_lambda"": 5e-05, ""fusion_gate_bias_init"": -2.5, ""fusion_gate_max"": 0.4, ""knowledge_dim"": 64, ""lambda_alpha"": 0.01, ""lambda_proto_div"": 0.0, ""lambda_proto_usage"": 0.0, ""lambda_sparse"": 0.3, ""lambda_sparse_personal"": 0.005, ""learning_rate"": 0.0003, ""min_exer_interactions"": 0, ""min_poison_count"": 0, ""min_stu_interactions"": 15, ""model_variant"": ""gpd_base"", ""no_cuda"": false, ""num_gnn_layers"": 1, ""num_prototypes"": 0, ""num_relation_heads"": 2, ""num_workers"": 4, ""patience"": 5, ""proto_lambda"": 0.0, ""proto_tau"": 1.0, ""residual_clip_t"": 2.0, ""save_interval"": 10, ""seed"": 42, ""skill_dim"": 128, ""use_personal_graph"": true, ""use_soft_prototype_main_path"": false, ""weight_decay"": 1e-05}"
assist_09,42,s0p3_d0p15,full,assist_09_m3grid_s0p3_d0p15_full,0.7702246434270201,0.7371405735599155,0.4229995131226229,0.7656503339986725,17,17,2.612,0.2566,1.0764,1.0764,0.3916,1.0,0.4428,ok,0,checkpoints/assist_09_m3grid/seed42/s0p3_d0p15_full,logs/assist_09_m3grid/seed42/s0p3_d0p15_full,logs/assist_09_m3grid/seed42/s0p3_d0p15_full/train_20260211_053236.log,"{""ablate_module3"": false, ""ablate_skill_encoder"": false, ""ablate_soft_prototype"": true, ""batch_size"": 128, ""disable_q_aligned_residual"": false, ""disable_soft_prototype"": true, ""dropout"": 0.15, ""early_stop_patience"": 3, ""enable_soft_prototype"": false, ""epochs"": 30, ""exercise_dim"": 64, ""exercise_l2_lambda"": 5e-05, ""fusion_gate_bias_init"": -2.5, ""fusion_gate_max"": 0.4, ""knowledge_dim"": 64, ""lambda_alpha"": 0.01, ""lambda_proto_div"": 0.0, ""lambda_proto_usage"": 0.0, ""lambda_sparse"": 0.3, ""lambda_sparse_personal"": 0.005, ""learning_rate"": 0.0003, ""min_exer_interactions"": 0, ""min_poison_count"": 0, ""min_stu_interactions"": 15, ""model_variant"": ""gpd_base"", ""no_cuda"": false, ""num_gnn_layers"": 1, ""num_prototypes"": 0, ""num_relation_heads"": 2, ""num_workers"": 4, ""patience"": 5, ""proto_lambda"": 0.0, ""proto_tau"": 1.0, ""residual_clip_t"": 2.0, ""save_interval"": 10, ""seed"": 42, ""skill_dim"": 128, ""use_personal_graph"": true, ""use_soft_prototype_main_path"": false, ""weight_decay"": 1e-05}"
assist_09,42,s0p3_d0p1,full,assist_09_m3grid_s0p3_d0p1_full,0.7695431702477926,0.736379379246037,0.42274851500071375,0.7652273941209867,17,17,2.613,0.2635,1.1065,1.1065,0.3922,1.0,0.4527,ok,0,checkpoints/assist_09_m3grid/seed42/s0p3_d0p1_full,logs/assist_09_m3grid/seed42/s0p3_d0p1_full,logs/assist_09_m3grid/seed42/s0p3_d0p1_full/train_20260211_053507.log,"{""ablate_module3"": false, ""ablate_skill_encoder"": false, ""ablate_soft_prototype"": true, ""batch_size"": 128, ""disable_q_aligned_residual"": false, ""disable_soft_prototype"": true, ""dropout"": 0.1, ""early_stop_patience"": 3, ""enable_soft_prototype"": false, ""epochs"": 30, ""exercise_dim"": 64, ""exercise_l2_lambda"": 5e-05, ""fusion_gate_bias_init"": -2.5, ""fusion_gate_max"": 0.4, ""knowledge_dim"": 64, ""lambda_alpha"": 0.01, ""lambda_proto_div"": 0.0, ""lambda_proto_usage"": 0.0, ""lambda_sparse"": 0.3, ""lambda_sparse_personal"": 0.005, ""learning_rate"": 0.0003, ""min_exer_interactions"": 0, ""min_poison_count"": 0, ""min_stu_interactions"": 15, ""model_variant"": ""gpd_base"", ""no_cuda"": false, ""num_gnn_layers"": 1, ""num_prototypes"": 0, ""num_relation_heads"": 2, ""num_workers"": 4, ""patience"": 5, ""proto_lambda"": 0.0, ""proto_tau"": 1.0, ""residual_clip_t"": 2.0, ""save_interval"": 10, ""seed"": 42, ""skill_dim"": 128, ""use_personal_graph"": true, ""use_soft_prototype_main_path"": false, ""weight_decay"": 1e-05}"
assist_09,42,s0p3_d0p05,full,assist_09_m3grid_s0p3_d0p05_full,0.7685903243881549,0.7363603493881901,0.42307228171107797,0.765286245700707,17,17,2.6122,0.2725,1.1189,1.1189,0.3898,1.0,0.4407,ok,0,checkpoints/assist_09_m3grid/seed42/s0p3_d0p05_full,logs/assist_09_m3grid/seed42/s0p3_d0p05_full,logs/assist_09_m3grid/seed42/s0p3_d0p05_full/train_20260211_053537.log,"{""ablate_module3"": false, ""ablate_skill_encoder"": false, ""ablate_soft_prototype"": true, ""batch_size"": 128, ""disable_q_aligned_residual"": false, ""disable_soft_prototype"": true, ""dropout"": 0.05, ""early_stop_patience"": 3, ""enable_soft_prototype"": false, ""epochs"": 30, ""exercise_dim"": 64, ""exercise_l2_lambda"": 5e-05, ""fusion_gate_bias_init"": -2.5, ""fusion_gate_max"": 0.4, ""knowledge_dim"": 64, ""lambda_alpha"": 0.01, ""lambda_proto_div"": 0.0, ""lambda_proto_usage"": 0.0, ""lambda_sparse"": 0.3, ""lambda_sparse_personal"": 0.005, ""learning_rate"": 0.0003, ""min_exer_interactions"": 0, ""min_poison_count"": 0, ""min_stu_interactions"": 15, ""model_variant"": ""gpd_base"", ""no_cuda"": false, ""num_gnn_layers"": 1, ""num_prototypes"": 0, ""num_relation_heads"": 2, ""num_workers"": 4, ""patience"": 5, ""proto_lambda"": 0.0, ""proto_tau"": 1.0, ""residual_clip_t"": 2.0, ""save_interval"": 10, ""seed"": 42, ""skill_dim"": 128, ""use_personal_graph"": true, ""use_soft_prototype_main_path"": false, ""weight_decay"": 1e-05}"
assist_09,42,s0p3_d0p05,no3,assist_09_m3grid_s0p3_d0p05_no3,0.7536091168808197,0.7281013910826086,0.42873713806070096,0.7484059860269414,17,17,2.5587,0.0,0.0,0.0,0.0,1.0,0.4093,ok,0,checkpoints/assist_09_m3grid/seed42/s0p3_d0p05_no3,logs/assist_09_m3grid/seed42/s0p3_d0p05_no3,logs/assist_09_m3grid/seed42/s0p3_d0p05_no3/train_20260211_053937.log,"{""ablate_module3"": true, ""ablate_skill_encoder"": false, ""ablate_soft_prototype"": true, ""batch_size"": 128, ""disable_q_aligned_residual"": false, ""disable_soft_prototype"": true, ""dropout"": 0.05, ""early_stop_patience"": 3, ""enable_soft_prototype"": false, ""epochs"": 30, ""exercise_dim"": 64, ""exercise_l2_lambda"": 5e-05, ""fusion_gate_bias_init"": -2.5, ""fusion_gate_max"": 0.4, ""knowledge_dim"": 64, ""lambda_alpha"": 0.01, ""lambda_proto_div"": 0.0, ""lambda_proto_usage"": 0.0, ""lambda_sparse"": 0.3, ""lambda_sparse_personal"": 0.005, ""learning_rate"": 0.0003, ""min_exer_interactions"": 0, ""min_poison_count"": 0, ""min_stu_interactions"": 15, ""model_variant"": ""gpd_base"", ""no_cuda"": false, ""num_gnn_layers"": 1, ""num_prototypes"": 0, ""num_relation_heads"": 2, ""num_workers"": 4, ""patience"": 5, ""proto_lambda"": 0.0, ""proto_tau"": 1.0, ""residual_clip_t"": 2.0, ""save_interval"": 10, ""seed"": 42, ""skill_dim"": 128, ""use_personal_graph"": true, ""use_soft_prototype_main_path"": false, ""weight_decay"": 1e-05}"
assist_09,42,s0p1_d0p05,no3,assist_09_m3grid_s0p1_d0p05_no3,0.7524188415758636,0.725418181126187,0.428854949677195,0.7475367284070661,16,16,0.8512,0.0,0.0,0.0,0.0,1.0,0.4056,ok,0,checkpoints/assist_09_m3grid/seed42/s0p1_d0p05_no3,logs/assist_09_m3grid/seed42/s0p1_d0p05_no3,logs/assist_09_m3grid/seed42/s0p1_d0p05_no3/train_20260211_054007.log,"{""ablate_module3"": true, ""ablate_skill_encoder"": false, ""ablate_soft_prototype"": true, ""batch_size"": 128, ""disable_q_aligned_residual"": false, ""disable_soft_prototype"": true, ""dropout"": 0.05, ""early_stop_patience"": 3, ""enable_soft_prototype"": false, ""epochs"": 30, ""exercise_dim"": 64, ""exercise_l2_lambda"": 5e-05, ""fusion_gate_bias_init"": -2.5, ""fusion_gate_max"": 0.4, ""knowledge_dim"": 64, ""lambda_alpha"": 0.01, ""lambda_proto_div"": 0.0, ""lambda_proto_usage"": 0.0, ""lambda_sparse"": 0.1, ""lambda_sparse_personal"": 0.005, ""learning_rate"": 0.0003, ""min_exer_interactions"": 0, ""min_poison_count"": 0, ""min_stu_interactions"": 15, ""model_variant"": ""gpd_base"", ""no_cuda"": false, ""num_gnn_layers"": 1, ""num_prototypes"": 0, ""num_relation_heads"": 2, ""num_workers"": 4, ""patience"": 5, ""proto_lambda"": 0.0, ""proto_tau"": 1.0, ""residual_clip_t"": 2.0, ""save_interval"": 10, ""seed"": 42, ""skill_dim"": 128, ""use_personal_graph"": true, ""use_soft_prototype_main_path"": false, ""weight_decay"": 1e-05}"
assist_09,42,s0p03_d0p1,no3,assist_09_m3grid_s0p03_d0p1_no3,0.7526989822204537,0.7268454204647091,0.42873564702641215,0.7496756992848533,12,12,0.2583,0.0,0.0,0.0,0.0,1.0,0.4461,ok,0,checkpoints/assist_09_m3grid/seed42/s0p03_d0p1_no3,logs/assist_09_m3grid/seed42/s0p03_d0p1_no3,logs/assist_09_m3grid/seed42/s0p03_d0p1_no3/train_20260211_054207.log,"{""ablate_module3"": true, ""ablate_skill_encoder"": false, ""ablate_soft_prototype"": true, ""batch_size"": 128, ""disable_q_aligned_residual"": false, ""disable_soft_prototype"": true, ""dropout"": 0.1, ""early_stop_patience"": 3, ""enable_soft_prototype"": false, ""epochs"": 30, ""exercise_dim"": 64, ""exercise_l2_lambda"": 5e-05, ""fusion_gate_bias_init"": -2.5, ""fusion_gate_max"": 0.4, ""knowledge_dim"": 64, ""lambda_alpha"": 0.01, ""lambda_proto_div"": 0.0, ""lambda_proto_usage"": 0.0, ""lambda_sparse"": 0.03, ""lambda_sparse_personal"": 0.005, ""learning_rate"": 0.0003, ""min_exer_interactions"": 0, ""min_poison_count"": 0, ""min_stu_interactions"": 15, ""model_variant"": ""gpd_base"", ""no_cuda"": false, ""num_gnn_layers"": 1, ""num_prototypes"": 0, ""num_relation_heads"": 2, ""num_workers"": 4, ""patience"": 5, ""proto_lambda"": 0.0, ""proto_tau"": 1.0, ""residual_clip_t"": 2.0, ""save_interval"": 10, ""seed"": 42, ""skill_dim"": 128, ""use_personal_graph"": true, ""use_soft_prototype_main_path"": false, ""weight_decay"": 1e-05}"
assist_09,42,s0p1_d0p05,full,assist_09_m3grid_s0p1_d0p05_full,0.769026622442572,0.7369693048392929,0.4227810701738381,0.7654220554018473,17,17,0.8712,0.2739,1.138,1.138,0.3897,1.0,0.383,ok,0,checkpoints/assist_09_m3grid/seed42/s0p1_d0p05_full,logs/assist_09_m3grid/seed42/s0p1_d0p05_full,logs/assist_09_m3grid/seed42/s0p1_d0p05_full/train_20260211_053937.log,"{""ablate_module3"": false, ""ablate_skill_encoder"": false, ""ablate_soft_prototype"": true, ""batch_size"": 128, ""disable_q_aligned_residual"": false, ""disable_soft_prototype"": true, ""dropout"": 0.05, ""early_stop_patience"": 3, ""enable_soft_prototype"": false, ""epochs"": 30, ""exercise_dim"": 64, ""exercise_l2_lambda"": 5e-05, ""fusion_gate_bias_init"": -2.5, ""fusion_gate_max"": 0.4, ""knowledge_dim"": 64, ""lambda_alpha"": 0.01, ""lambda_proto_div"": 0.0, ""lambda_proto_usage"": 0.0, ""lambda_sparse"": 0.1, ""lambda_sparse_personal"": 0.005, ""learning_rate"": 0.0003, ""min_exer_interactions"": 0, ""min_poison_count"": 0, ""min_stu_interactions"": 15, ""model_variant"": ""gpd_base"", ""no_cuda"": false, ""num_gnn_layers"": 1, ""num_prototypes"": 0, ""num_relation_heads"": 2, ""num_workers"": 4, ""patience"": 5, ""proto_lambda"": 0.0, ""proto_tau"": 1.0, ""residual_clip_t"": 2.0, ""save_interval"": 10, ""seed"": 42, ""skill_dim"": 128, ""use_personal_graph"": true, ""use_soft_prototype_main_path"": false, ""weight_decay"": 1e-05}"
assist_09,42,s0p03_d0p1,full,assist_09_m3grid_s0p03_d0p1_full,0.7685949742125989,0.7352756474909132,0.42281729895635956,0.7655250829007267,15,15,0.263,0.2646,1.0521,1.0521,0.392,1.0,0.4382,ok,0,checkpoints/assist_09_m3grid/seed42/s0p03_d0p1_full,logs/assist_09_m3grid/seed42/s0p03_d0p1_full,logs/assist_09_m3grid/seed42/s0p03_d0p1_full/train_20260211_054037.log,"{""ablate_module3"": false, ""ablate_skill_encoder"": false, ""ablate_soft_prototype"": true, ""batch_size"": 128, ""disable_q_aligned_residual"": false, ""disable_soft_prototype"": true, ""dropout"": 0.1, ""early_stop_patience"": 3, ""enable_soft_prototype"": false, ""epochs"": 30, ""exercise_dim"": 64, ""exercise_l2_lambda"": 5e-05, ""fusion_gate_bias_init"": -2.5, ""fusion_gate_max"": 0.4, ""knowledge_dim"": 64, ""lambda_alpha"": 0.01, ""lambda_proto_div"": 0.0, ""lambda_proto_usage"": 0.0, ""lambda_sparse"": 0.03, ""lambda_sparse_personal"": 0.005, ""learning_rate"": 0.0003, ""min_exer_interactions"": 0, ""min_poison_count"": 0, ""min_stu_interactions"": 15, ""model_variant"": ""gpd_base"", ""no_cuda"": false, ""num_gnn_layers"": 1, ""num_prototypes"": 0, ""num_relation_heads"": 2, ""num_workers"": 4, ""patience"": 5, ""proto_lambda"": 0.0, ""proto_tau"": 1.0, ""residual_clip_t"": 2.0, ""save_interval"": 10, ""seed"": 42, ""skill_dim"": 128, ""use_personal_graph"": true, ""use_soft_prototype_main_path"": false, ""weight_decay"": 1e-05}"
assist_09,42,s0p03_d0p05,full,assist_09_m3grid_s0p03_d0p05_full,0.7683542459053438,0.7368741555500581,0.4231851392425028,0.7648003478243256,17,17,0.2593,0.2916,1.1544,1.1544,0.3919,1.0,0.4411,ok,0,checkpoints/assist_09_m3grid/seed42/s0p03_d0p05_full,logs/assist_09_m3grid/seed42/s0p03_d0p05_full,logs/assist_09_m3grid/seed42/s0p03_d0p05_full/train_20260211_054237.log,"{""ablate_module3"": false, ""ablate_skill_encoder"": false, ""ablate_soft_prototype"": true, ""batch_size"": 128, ""disable_q_aligned_residual"": false, ""disable_soft_prototype"": true, ""dropout"": 0.05, ""early_stop_patience"": 3, ""enable_soft_prototype"": false, ""epochs"": 30, ""exercise_dim"": 64, ""exercise_l2_lambda"": 5e-05, ""fusion_gate_bias_init"": -2.5, ""fusion_gate_max"": 0.4, ""knowledge_dim"": 64, ""lambda_alpha"": 0.01, ""lambda_proto_div"": 0.0, ""lambda_proto_usage"": 0.0, ""lambda_sparse"": 0.03, ""lambda_sparse_personal"": 0.005, ""learning_rate"": 0.0003, ""min_exer_interactions"": 0, ""min_poison_count"": 0, ""min_stu_interactions"": 15, ""model_variant"": ""gpd_base"", ""no_cuda"": false, ""num_gnn_layers"": 1, ""num_prototypes"": 0, ""num_relation_heads"": 2, ""num_workers"": 4, ""patience"": 5, ""proto_lambda"": 0.0, ""proto_tau"": 1.0, ""residual_clip_t"": 2.0, ""save_interval"": 10, ""seed"": 42, ""skill_dim"": 128, ""use_personal_graph"": true, ""use_soft_prototype_main_path"": false, ""weight_decay"": 1e-05}"
assist_09,42,s0p03_d0p05,no3,assist_09_m3grid_s0p03_d0p05_no3,0.753908075941732,0.7291290034063446,0.42846698027766117,0.749027172323298,17,17,0.2545,0.0,0.0,0.0,0.0,1.0,0.409,ok,0,checkpoints/assist_09_m3grid/seed42/s0p03_d0p05_no3,logs/assist_09_m3grid/seed42/s0p03_d0p05_no3,logs/assist_09_m3grid/seed42/s0p03_d0p05_no3/train_20260211_054407.log,"{""ablate_module3"": true, ""ablate_skill_encoder"": false, ""ablate_soft_prototype"": true, ""batch_size"": 128, ""disable_q_aligned_residual"": false, ""disable_soft_prototype"": true, ""dropout"": 0.05, ""early_stop_patience"": 3, ""enable_soft_prototype"": false, ""epochs"": 30, ""exercise_dim"": 64, ""exercise_l2_lambda"": 5e-05, ""fusion_gate_bias_init"": -2.5, ""fusion_gate_max"": 0.4, ""knowledge_dim"": 64, ""lambda_alpha"": 0.01, ""lambda_proto_div"": 0.0, ""lambda_proto_usage"": 0.0, ""lambda_sparse"": 0.03, ""lambda_sparse_personal"": 0.005, ""learning_rate"": 0.0003, ""min_exer_interactions"": 0, ""min_poison_count"": 0, ""min_stu_interactions"": 15, ""model_variant"": ""gpd_base"", ""no_cuda"": false, ""num_gnn_layers"": 1, ""num_prototypes"": 0, ""num_relation_heads"": 2, ""num_workers"": 4, ""patience"": 5, ""proto_lambda"": 0.0, ""proto_tau"": 1.0, ""residual_clip_t"": 2.0, ""save_interval"": 10, ""seed"": 42, ""skill_dim"": 128, ""use_personal_graph"": true, ""use_soft_prototype_main_path"": false, ""weight_decay"": 1e-05}"
assist_09,42,s0p01_d0p15,no3,assist_09_m3grid_s0p01_d0p15_no3,0.7554064810632258,0.7295096005632838,0.42846496706319476,0.7509835937285236,17,17,0.0839,0.0,0.0,0.0,0.0,1.0,0.4517,ok,0,checkpoints/assist_09_m3grid/seed42/s0p01_d0p15_no3,logs/assist_09_m3grid/seed42/s0p01_d0p15_no3,logs/assist_09_m3grid/seed42/s0p01_d0p15_no3/train_20260211_054708.log,"{""ablate_module3"": true, ""ablate_skill_encoder"": false, ""ablate_soft_prototype"": true, ""batch_size"": 128, ""disable_q_aligned_residual"": false, ""disable_soft_prototype"": true, ""dropout"": 0.15, ""early_stop_patience"": 3, ""enable_soft_prototype"": false, ""epochs"": 30, ""exercise_dim"": 64, ""exercise_l2_lambda"": 5e-05, ""fusion_gate_bias_init"": -2.5, ""fusion_gate_max"": 0.4, ""knowledge_dim"": 64, ""lambda_alpha"": 0.01, ""lambda_proto_div"": 0.0, ""lambda_proto_usage"": 0.0, ""lambda_sparse"": 0.01, ""lambda_sparse_personal"": 0.005, ""learning_rate"": 0.0003, ""min_exer_interactions"": 0, ""min_poison_count"": 0, ""min_stu_interactions"": 15, ""model_variant"": ""gpd_base"", ""no_cuda"": false, ""num_gnn_layers"": 1, ""num_prototypes"": 0, ""num_relation_heads"": 2, ""num_workers"": 4, ""patience"": 5, ""proto_lambda"": 0.0, ""proto_tau"": 1.0, ""residual_clip_t"": 2.0, ""save_interval"": 10, ""seed"": 42, ""skill_dim"": 128, ""use_personal_graph"": true, ""use_soft_prototype_main_path"": false, ""weight_decay"": 1e-05}"
assist_09,42,s0p01_d0p1,no3,assist_09_m3grid_s0p01_d0p1_no3,0.7521363260729123,0.727930122361986,0.4292525374135166,0.7482626124297089,12,12,0.0845,0.0,0.0,0.0,0.0,1.0,0.4522,ok,0,checkpoints/assist_09_m3grid/seed42/s0p01_d0p1_no3,logs/assist_09_m3grid/seed42/s0p01_d0p1_no3,logs/assist_09_m3grid/seed42/s0p01_d0p1_no3/train_20260211_054908.log,"{""ablate_module3"": true, ""ablate_skill_encoder"": false, ""ablate_soft_prototype"": true, ""batch_size"": 128, ""disable_q_aligned_residual"": false, ""disable_soft_prototype"": true, ""dropout"": 0.1, ""early_stop_patience"": 3, ""enable_soft_prototype"": false, ""epochs"": 30, ""exercise_dim"": 64, ""exercise_l2_lambda"": 5e-05, ""fusion_gate_bias_init"": -2.5, ""fusion_gate_max"": 0.4, ""knowledge_dim"": 64, ""lambda_alpha"": 0.01, ""lambda_proto_div"": 0.0, ""lambda_proto_usage"": 0.0, ""lambda_sparse"": 0.01, ""lambda_sparse_personal"": 0.005, ""learning_rate"": 0.0003, ""min_exer_interactions"": 0, ""min_poison_count"": 0, ""min_stu_interactions"": 15, ""model_variant"": ""gpd_base"", ""no_cuda"": false, ""num_gnn_layers"": 1, ""num_prototypes"": 0, ""num_relation_heads"": 2, ""num_workers"": 4, ""patience"": 5, ""proto_lambda"": 0.0, ""proto_tau"": 1.0, ""residual_clip_t"": 2.0, ""save_interval"": 10, ""seed"": 42, ""skill_dim"": 128, ""use_personal_graph"": true, ""use_soft_prototype_main_path"": false, ""weight_decay"": 1e-05}"
assist_09,42,s0p01_d0p15,full,assist_09_m3grid_s0p01_d0p15_full,0.7698808222605187,0.7372928124226912,0.42287103217768474,0.7665862358197693,17,17,0.0854,0.2468,1.0573,1.0573,0.3911,1.0,0.4385,ok,0,checkpoints/assist_09_m3grid/seed42/s0p01_d0p15_full,logs/assist_09_m3grid/seed42/s0p01_d0p15_full,logs/assist_09_m3grid/seed42/s0p01_d0p15_full/train_20260211_054707.log,"{""ablate_module3"": false, ""ablate_skill_encoder"": false, ""ablate_soft_prototype"": true, ""batch_size"": 128, ""disable_q_aligned_residual"": false, ""disable_soft_prototype"": true, ""dropout"": 0.15, ""early_stop_patience"": 3, ""enable_soft_prototype"": false, ""epochs"": 30, ""exercise_dim"": 64, ""exercise_l2_lambda"": 5e-05, ""fusion_gate_bias_init"": -2.5, ""fusion_gate_max"": 0.4, ""knowledge_dim"": 64, ""lambda_alpha"": 0.01, ""lambda_proto_div"": 0.0, ""lambda_proto_usage"": 0.0, ""lambda_sparse"": 0.01, ""lambda_sparse_personal"": 0.005, ""learning_rate"": 0.0003, ""min_exer_interactions"": 0, ""min_poison_count"": 0, ""min_stu_interactions"": 15, ""model_variant"": ""gpd_base"", ""no_cuda"": false, ""num_gnn_layers"": 1, ""num_prototypes"": 0, ""num_relation_heads"": 2, ""num_workers"": 4, ""patience"": 5, ""proto_lambda"": 0.0, ""proto_tau"": 1.0, ""residual_clip_t"": 2.0, ""save_interval"": 10, ""seed"": 42, ""skill_dim"": 128, ""use_personal_graph"": true, ""use_soft_prototype_main_path"": false, ""weight_decay"": 1e-05}"
assist_09,42,s0p01_d0p05,no3,assist_09_m3grid_s0p01_d0p05_no3,0.751746717991663,0.7277588536413633,0.4290320521128698,0.7469955321736012,14,14,0.0839,0.0,0.0,0.0,0.0,1.0,0.4041,ok,0,checkpoints/assist_09_m3grid/seed42/s0p01_d0p05_no3,logs/assist_09_m3grid/seed42/s0p01_d0p05_no3,logs/assist_09_m3grid/seed42/s0p01_d0p05_no3/train_20260211_055108.log,"{""ablate_module3"": true, ""ablate_skill_encoder"": false, ""ablate_soft_prototype"": true, ""batch_size"": 128, ""disable_q_aligned_residual"": false, ""disable_soft_prototype"": true, ""dropout"": 0.05, ""early_stop_patience"": 3, ""enable_soft_prototype"": false, ""epochs"": 30, ""exercise_dim"": 64, ""exercise_l2_lambda"": 5e-05, ""fusion_gate_bias_init"": -2.5, ""fusion_gate_max"": 0.4, ""knowledge_dim"": 64, ""lambda_alpha"": 0.01, ""lambda_proto_div"": 0.0, ""lambda_proto_usage"": 0.0, ""lambda_sparse"": 0.01, ""lambda_sparse_personal"": 0.005, ""learning_rate"": 0.0003, ""min_exer_interactions"": 0, ""min_poison_count"": 0, ""min_stu_interactions"": 15, ""model_variant"": ""gpd_base"", ""no_cuda"": false, ""num_gnn_layers"": 1, ""num_prototypes"": 0, ""num_relation_heads"": 2, ""num_workers"": 4, ""patience"": 5, ""proto_lambda"": 0.0, ""proto_tau"": 1.0, ""residual_clip_t"": 2.0, ""save_interval"": 10, ""seed"": 42, ""skill_dim"": 128, ""use_personal_graph"": true, ""use_soft_prototype_main_path"": false, ""weight_decay"": 1e-05}"
assist_09,42,s0p01_d0p1,full,assist_09_m3grid_s0p01_d0p1_full,0.7685619799541525,0.7357133342213934,0.4231479109921595,0.7651914150821917,16,16,0.0859,0.2632,1.0728,1.0728,0.3941,1.0,0.4383,ok,0,checkpoints/assist_09_m3grid/seed42/s0p01_d0p1_full,logs/assist_09_m3grid/seed42/s0p01_d0p1_full,logs/assist_09_m3grid/seed42/s0p01_d0p1_full/train_20260211_054907.log,"{""ablate_module3"": false, ""ablate_skill_encoder"": false, ""ablate_soft_prototype"": true, ""batch_size"": 128, ""disable_q_aligned_residual"": false, ""disable_soft_prototype"": true, ""dropout"": 0.1, ""early_stop_patience"": 3, ""enable_soft_prototype"": false, ""epochs"": 30, ""exercise_dim"": 64, ""exercise_l2_lambda"": 5e-05, ""fusion_gate_bias_init"": -2.5, ""fusion_gate_max"": 0.4, ""knowledge_dim"": 64, ""lambda_alpha"": 0.01, ""lambda_proto_div"": 0.0, ""lambda_proto_usage"": 0.0, ""lambda_sparse"": 0.01, ""lambda_sparse_personal"": 0.005, ""learning_rate"": 0.0003, ""min_exer_interactions"": 0, ""min_poison_count"": 0, ""min_stu_interactions"": 15, ""model_variant"": ""gpd_base"", ""no_cuda"": false, ""num_gnn_layers"": 1, ""num_prototypes"": 0, ""num_relation_heads"": 2, ""num_workers"": 4, ""patience"": 5, ""proto_lambda"": 0.0, ""proto_tau"": 1.0, ""residual_clip_t"": 2.0, ""save_interval"": 10, ""seed"": 42, ""skill_dim"": 128, ""use_personal_graph"": true, ""use_soft_prototype_main_path"": false, ""weight_decay"": 1e-05}"
assist_09,42,s0p01_d0p05,full,assist_09_m3grid_s0p01_d0p05_full,0.7684499338466608,0.7352566176330663,0.4226779818617408,0.7649079817465633,15,15,0.0858,0.2753,1.0894,1.0894,0.3886,1.0,0.3893,ok,0,checkpoints/assist_09_m3grid/seed42/s0p01_d0p05_full,logs/assist_09_m3grid/seed42/s0p01_d0p05_full,logs/assist_09_m3grid/seed42/s0p01_d0p05_full/train_20260211_054938.log,"{""ablate_module3"": false, ""ablate_skill_encoder"": false, ""ablate_soft_prototype"": true, ""batch_size"": 128, ""disable_q_aligned_residual"": false, ""disable_soft_prototype"": true, ""dropout"": 0.05, ""early_stop_patience"": 3, ""enable_soft_prototype"": false, ""epochs"": 30, ""exercise_dim"": 64, ""exercise_l2_lambda"": 5e-05, ""fusion_gate_bias_init"": -2.5, ""fusion_gate_max"": 0.4, ""knowledge_dim"": 64, ""lambda_alpha"": 0.01, ""lambda_proto_div"": 0.0, ""lambda_proto_usage"": 0.0, ""lambda_sparse"": 0.01, ""lambda_sparse_personal"": 0.005, ""learning_rate"": 0.0003, ""min_exer_interactions"": 0, ""min_poison_count"": 0, ""min_stu_interactions"": 15, ""model_variant"": ""gpd_base"", ""no_cuda"": false, ""num_gnn_layers"": 1, ""num_prototypes"": 0, ""num_relation_heads"": 2, ""num_workers"": 4, ""patience"": 5, ""proto_lambda"": 0.0, ""proto_tau"": 1.0, ""residual_clip_t"": 2.0, ""save_interval"": 10, ""seed"": 42, ""skill_dim"": 128, ""use_personal_graph"": true, ""use_soft_prototype_main_path"": false, ""weight_decay"": 1e-05}"
assist_09,42,s0p3_c1p5,full,assist_09_m3grid_s0p3_c1p5_full,0.7687412366477818,0.736417438961731,0.42354231561735556,0.7657738616772556,17,17,2.6078,0.2094,0.8924,0.8924,0.3912,1.0,0.4469,ok,0,checkpoints/assist_09_m3grid/seed42/s0p3_c1p5_full,logs/assist_09_m3grid/seed42/s0p3_c1p5_full,logs/assist_09_m3grid/seed42/s0p3_c1p5_full/train_20260211_055108.log,"{""ablate_module3"": false, ""ablate_skill_encoder"": false, ""ablate_soft_prototype"": true, ""batch_size"": 128, ""disable_q_aligned_residual"": false, ""disable_soft_prototype"": true, ""dropout"": 0.2, ""early_stop_patience"": 3, ""enable_soft_prototype"": false, ""epochs"": 30, ""exercise_dim"": 64, ""exercise_l2_lambda"": 5e-05, ""fusion_gate_bias_init"": -2.5, ""fusion_gate_max"": 0.4, ""knowledge_dim"": 64, ""lambda_alpha"": 0.01, ""lambda_proto_div"": 0.0, ""lambda_proto_usage"": 0.0, ""lambda_sparse"": 0.3, ""lambda_sparse_personal"": 0.005, ""learning_rate"": 0.0003, ""min_exer_interactions"": 0, ""min_poison_count"": 0, ""min_stu_interactions"": 15, ""model_variant"": ""gpd_base"", ""no_cuda"": false, ""num_gnn_layers"": 1, ""num_prototypes"": 0, ""num_relation_heads"": 2, ""num_workers"": 4, ""patience"": 5, ""proto_lambda"": 0.0, ""proto_tau"": 1.0, ""residual_clip_t"": 1.5, ""save_interval"": 10, ""seed"": 42, ""skill_dim"": 128, ""use_personal_graph"": true, ""use_soft_prototype_main_path"": false, ""weight_decay"": 1e-05}"
assist_09,42,s0p3_c1p5,no3,assist_09_m3grid_s0p3_c1p5_no3,0.7546903758755352,0.7273021370530363,0.4287337874900905,0.7508145603318906,13,13,2.5878,0.0,0.0,0.0,0.0,1.0,0.4541,ok,0,checkpoints/assist_09_m3grid/seed42/s0p3_c1p5_no3,logs/assist_09_m3grid/seed42/s0p3_c1p5_no3,logs/assist_09_m3grid/seed42/s0p3_c1p5_no3/train_20260211_055408.log,"{""ablate_module3"": true, ""ablate_skill_encoder"": false, ""ablate_soft_prototype"": true, ""batch_size"": 128, ""disable_q_aligned_residual"": false, ""disable_soft_prototype"": true, ""dropout"": 0.2, ""early_stop_patience"": 3, ""enable_soft_prototype"": false, ""epochs"": 30, ""exercise_dim"": 64, ""exercise_l2_lambda"": 5e-05, ""fusion_gate_bias_init"": -2.5, ""fusion_gate_max"": 0.4, ""knowledge_dim"": 64, ""lambda_alpha"": 0.01, ""lambda_proto_div"": 0.0, ""lambda_proto_usage"": 0.0, ""lambda_sparse"": 0.3, ""lambda_sparse_personal"": 0.005, ""learning_rate"": 0.0003, ""min_exer_interactions"": 0, ""min_poison_count"": 0, ""min_stu_interactions"": 15, ""model_variant"": ""gpd_base"", ""no_cuda"": false, ""num_gnn_layers"": 1, ""num_prototypes"": 0, ""num_relation_heads"": 2, ""num_workers"": 4, ""patience"": 5, ""proto_lambda"": 0.0, ""proto_tau"": 1.0, ""residual_clip_t"": 1.5, ""save_interval"": 10, ""seed"": 42, ""skill_dim"": 128, ""use_personal_graph"": true, ""use_soft_prototype_main_path"": false, ""weight_decay"": 1e-05}"
assist_09,42,s0p3_c2p5,no3,assist_09_m3grid_s0p3_c2p5_no3,0.7546903758755352,0.7273021370530363,0.4287337874900905,0.7508145603318906,13,13,2.5878,0.0,0.0,0.0,0.0,1.0,0.4541,ok,0,checkpoints/assist_09_m3grid/seed42/s0p3_c2p5_no3,logs/assist_09_m3grid/seed42/s0p3_c2p5_no3,logs/assist_09_m3grid/seed42/s0p3_c2p5_no3/train_20260211_055638.log,"{""ablate_module3"": true, ""ablate_skill_encoder"": false, ""ablate_soft_prototype"": true, ""batch_size"": 128, ""disable_q_aligned_residual"": false, ""disable_soft_prototype"": true, ""dropout"": 0.2, ""early_stop_patience"": 3, ""enable_soft_prototype"": false, ""epochs"": 30, ""exercise_dim"": 64, ""exercise_l2_lambda"": 5e-05, ""fusion_gate_bias_init"": -2.5, ""fusion_gate_max"": 0.4, ""knowledge_dim"": 64, ""lambda_alpha"": 0.01, ""lambda_proto_div"": 0.0, ""lambda_proto_usage"": 0.0, ""lambda_sparse"": 0.3, ""lambda_sparse_personal"": 0.005, ""learning_rate"": 0.0003, ""min_exer_interactions"": 0, ""min_poison_count"": 0, ""min_stu_interactions"": 15, ""model_variant"": ""gpd_base"", ""no_cuda"": false, ""num_gnn_layers"": 1, ""num_prototypes"": 0, ""num_relation_heads"": 2, ""num_workers"": 4, ""patience"": 5, ""proto_lambda"": 0.0, ""proto_tau"": 1.0, ""residual_clip_t"": 2.5, ""save_interval"": 10, ""seed"": 42, ""skill_dim"": 128, ""use_personal_graph"": true, ""use_soft_prototype_main_path"": false, ""weight_decay"": 1e-05}"
assist_09,42,s0p3_c2p5,full,assist_09_m3grid_s0p3_c2p5_full,0.7714160505759375,0.7371596034177624,0.4225691998243975,0.7671929273082139,17,17,2.6107,0.2676,1.1293,1.1293,0.3907,1.0,0.3945,ok,0,checkpoints/assist_09_m3grid/seed42/s0p3_c2p5_full,logs/assist_09_m3grid/seed42/s0p3_c2p5_full,logs/assist_09_m3grid/seed42/s0p3_c2p5_full/train_20260211_055408.log,"{""ablate_module3"": false, ""ablate_skill_encoder"": false, ""ablate_soft_prototype"": true, ""batch_size"": 128, ""disable_q_aligned_residual"": false, ""disable_soft_prototype"": true, ""dropout"": 0.2, ""early_stop_patience"": 3, ""enable_soft_prototype"": false, ""epochs"": 30, ""exercise_dim"": 64, ""exercise_l2_lambda"": 5e-05, ""fusion_gate_bias_init"": -2.5, ""fusion_gate_max"": 0.4, ""knowledge_dim"": 64, ""lambda_alpha"": 0.01, ""lambda_proto_div"": 0.0, ""lambda_proto_usage"": 0.0, ""lambda_sparse"": 0.3, ""lambda_sparse_personal"": 0.005, ""learning_rate"": 0.0003, ""min_exer_interactions"": 0, ""min_poison_count"": 0, ""min_stu_interactions"": 15, ""model_variant"": ""gpd_base"", ""no_cuda"": false, ""num_gnn_layers"": 1, ""num_prototypes"": 0, ""num_relation_heads"": 2, ""num_workers"": 4, ""patience"": 5, ""proto_lambda"": 0.0, ""proto_tau"": 1.0, ""residual_clip_t"": 2.5, ""save_interval"": 10, ""seed"": 42, ""skill_dim"": 128, ""use_personal_graph"": true, ""use_soft_prototype_main_path"": false, ""weight_decay"": 1e-05}"
assist_09,42,s0p3_c3,no3,assist_09_m3grid_s0p3_c3_no3,0.7546903758755352,0.7273021370530363,0.4287337874900905,0.7508145603318906,13,13,2.5878,0.0,0.0,0.0,0.0,1.0,0.4541,ok,0,checkpoints/assist_09_m3grid/seed42/s0p3_c3_no3,logs/assist_09_m3grid/seed42/s0p3_c3_no3,logs/assist_09_m3grid/seed42/s0p3_c3_no3/train_20260211_055838.log,"{""ablate_module3"": true, ""ablate_skill_encoder"": false, ""ablate_soft_prototype"": true, ""batch_size"": 128, ""disable_q_aligned_residual"": false, ""disable_soft_prototype"": true, ""dropout"": 0.2, ""early_stop_patience"": 3, ""enable_soft_prototype"": false, ""epochs"": 30, ""exercise_dim"": 64, ""exercise_l2_lambda"": 5e-05, ""fusion_gate_bias_init"": -2.5, ""fusion_gate_max"": 0.4, ""knowledge_dim"": 64, ""lambda_alpha"": 0.01, ""lambda_proto_div"": 0.0, ""lambda_proto_usage"": 0.0, ""lambda_sparse"": 0.3, ""lambda_sparse_personal"": 0.005, ""learning_rate"": 0.0003, ""min_exer_interactions"": 0, ""min_poison_count"": 0, ""min_stu_interactions"": 15, ""model_variant"": ""gpd_base"", ""no_cuda"": false, ""num_gnn_layers"": 1, ""num_prototypes"": 0, ""num_relation_heads"": 2, ""num_workers"": 4, ""patience"": 5, ""proto_lambda"": 0.0, ""proto_tau"": 1.0, ""residual_clip_t"": 3.0, ""save_interval"": 10, ""seed"": 42, ""skill_dim"": 128, ""use_personal_graph"": true, ""use_soft_prototype_main_path"": false, ""weight_decay"": 1e-05}"
assist_09,42,s0p1_c1p5,no3,assist_09_m3grid_s0p1_c1p5_no3,0.7534395014032239,0.7275304953471997,0.4292930403890467,0.7505341642569292,12,12,0.8632,0.0,0.0,0.0,0.0,1.0,0.405,ok,0,checkpoints/assist_09_m3grid/seed42/s0p1_c1p5_no3,logs/assist_09_m3grid/seed42/s0p1_c1p5_no3,logs/assist_09_m3grid/seed42/s0p1_c1p5_no3/train_20260211_060008.log,"{""ablate_module3"": true, ""ablate_skill_encoder"": false, ""ablate_soft_prototype"": true, ""batch_size"": 128, ""disable_q_aligned_residual"": false, ""disable_soft_prototype"": true, ""dropout"": 0.2, ""early_stop_patience"": 3, ""enable_soft_prototype"": false, ""epochs"": 30, ""exercise_dim"": 64, ""exercise_l2_lambda"": 5e-05, ""fusion_gate_bias_init"": -2.5, ""fusion_gate_max"": 0.4, ""knowledge_dim"": 64, ""lambda_alpha"": 0.01, ""lambda_proto_div"": 0.0, ""lambda_proto_usage"": 0.0, ""lambda_sparse"": 0.1, ""lambda_sparse_personal"": 0.005, ""learning_rate"": 0.0003, ""min_exer_interactions"": 0, ""min_poison_count"": 0, ""min_stu_interactions"": 15, ""model_variant"": ""gpd_base"", ""no_cuda"": false, ""num_gnn_layers"": 1, ""num_prototypes"": 0, ""num_relation_heads"": 2, ""num_workers"": 4, ""patience"": 5, ""proto_lambda"": 0.0, ""proto_tau"": 1.0, ""residual_clip_t"": 1.5, ""save_interval"": 10, ""seed"": 42, ""skill_dim"": 128, ""use_personal_graph"": true, ""use_soft_prototype_main_path"": false, ""weight_decay"": 1e-05}"
assist_09,42,s0p3_c3,full,assist_09_m3grid_s0p3_c3_full,0.7712043296974037,0.738358484462121,0.42284171374676743,0.7667559075198701,17,17,2.5998,0.2872,1.2355,1.2355,0.3894,1.0,0.4378,ok,0,checkpoints/assist_09_m3grid/seed42/s0p3_c3_full,logs/assist_09_m3grid/seed42/s0p3_c3_full,logs/assist_09_m3grid/seed42/s0p3_c3_full/train_20260211_055638.log,"{""ablate_module3"": false, ""ablate_skill_encoder"": false, ""ablate_soft_prototype"": true, ""batch_size"": 128, ""disable_q_aligned_residual"": false, ""disable_soft_prototype"": true, ""dropout"": 0.2, ""early_stop_patience"": 3, ""enable_soft_prototype"": false, ""epochs"": 30, ""exercise_dim"": 64, ""exercise_l2_lambda"": 5e-05, ""fusion_gate_bias_init"": -2.5, ""fusion_gate_max"": 0.4, ""knowledge_dim"": 64, ""lambda_alpha"": 0.01, ""lambda_proto_div"": 0.0, ""lambda_proto_usage"": 0.0, ""lambda_sparse"": 0.3, ""lambda_sparse_personal"": 0.005, ""learning_rate"": 0.0003, ""min_exer_interactions"": 0, ""min_poison_count"": 0, ""min_stu_interactions"": 15, ""model_variant"": ""gpd_base"", ""no_cuda"": false, ""num_gnn_layers"": 1, ""num_prototypes"": 0, ""num_relation_heads"": 2, ""num_workers"": 4, ""patience"": 5, ""proto_lambda"": 0.0, ""proto_tau"": 1.0, ""residual_clip_t"": 3.0, ""save_interval"": 10, ""seed"": 42, ""skill_dim"": 128, ""use_personal_graph"": true, ""use_soft_prototype_main_path"": false, ""weight_decay"": 1e-05}"
assist_09,42,s0p1_c2p5,no3,assist_09_m3grid_s0p1_c2p5_no3,0.7534395014032239,0.7275304953471997,0.4292930403890467,0.7505341642569292,12,12,0.8632,0.0,0.0,0.0,0.0,1.0,0.405,ok,0,checkpoints/assist_09_m3grid/seed42/s0p1_c2p5_no3,logs/assist_09_m3grid/seed42/s0p1_c2p5_no3,logs/assist_09_m3grid/seed42/s0p1_c2p5_no3/train_20260211_060208.log,"{""ablate_module3"": true, ""ablate_skill_encoder"": false, ""ablate_soft_prototype"": true, ""batch_size"": 128, ""disable_q_aligned_residual"": false, ""disable_soft_prototype"": true, ""dropout"": 0.2, ""early_stop_patience"": 3, ""enable_soft_prototype"": false, ""epochs"": 30, ""exercise_dim"": 64, ""exercise_l2_lambda"": 5e-05, ""fusion_gate_bias_init"": -2.5, ""fusion_gate_max"": 0.4, ""knowledge_dim"": 64, ""lambda_alpha"": 0.01, ""lambda_proto_div"": 0.0, ""lambda_proto_usage"": 0.0, ""lambda_sparse"": 0.1, ""lambda_sparse_personal"": 0.005, ""learning_rate"": 0.0003, ""min_exer_interactions"": 0, ""min_poison_count"": 0, ""min_stu_interactions"": 15, ""model_variant"": ""gpd_base"", ""no_cuda"": false, ""num_gnn_layers"": 1, ""num_prototypes"": 0, ""num_relation_heads"": 2, ""num_workers"": 4, ""patience"": 5, ""proto_lambda"": 0.0, ""proto_tau"": 1.0, ""residual_clip_t"": 2.5, ""save_interval"": 10, ""seed"": 42, ""skill_dim"": 128, ""use_personal_graph"": true, ""use_soft_prototype_main_path"": false, ""weight_decay"": 1e-05}"
assist_09,42,s0p1_c1p5,full,assist_09_m3grid_s0p1_c1p5_full,0.7693833264906585,0.7370834839863746,0.42297158241613586,0.7657686116312339,17,17,0.8708,0.2165,0.9264,0.9264,0.3934,1.0,0.47,ok,0,checkpoints/assist_09_m3grid/seed42/s0p1_c1p5_full,logs/assist_09_m3grid/seed42/s0p1_c1p5_full,logs/assist_09_m3grid/seed42/s0p1_c1p5_full/train_20260211_055908.log,"{""ablate_module3"": false, ""ablate_skill_encoder"": false, ""ablate_soft_prototype"": true, ""batch_size"": 128, ""disable_q_aligned_residual"": false, ""disable_soft_prototype"": true, ""dropout"": 0.2, ""early_stop_patience"": 3, ""enable_soft_prototype"": false, ""epochs"": 30, ""exercise_dim"": 64, ""exercise_l2_lambda"": 5e-05, ""fusion_gate_bias_init"": -2.5, ""fusion_gate_max"": 0.4, ""knowledge_dim"": 64, ""lambda_alpha"": 0.01, ""lambda_proto_div"": 0.0, ""lambda_proto_usage"": 0.0, ""lambda_sparse"": 0.1, ""lambda_sparse_personal"": 0.005, ""learning_rate"": 0.0003, ""min_exer_interactions"": 0, ""min_poison_count"": 0, ""min_stu_interactions"": 15, ""model_variant"": ""gpd_base"", ""no_cuda"": false, ""num_gnn_layers"": 1, ""num_prototypes"": 0, ""num_relation_heads"": 2, ""num_workers"": 4, ""patience"": 5, ""proto_lambda"": 0.0, ""proto_tau"": 1.0, ""residual_clip_t"": 1.5, ""save_interval"": 10, ""seed"": 42, ""skill_dim"": 128, ""use_personal_graph"": true, ""use_soft_prototype_main_path"": false, ""weight_decay"": 1e-05}"
assist_09,42,s0p1_c2p5,full,assist_09_m3grid_s0p1_c2p5_full,0.7709245249808789,0.7371405735599155,0.4228556929921767,0.7679640564083243,17,17,0.8695,0.2651,1.1627,1.1627,0.3893,1.0,0.3943,ok,0,checkpoints/assist_09_m3grid/seed42/s0p1_c2p5_full,logs/assist_09_m3grid/seed42/s0p1_c2p5_full,logs/assist_09_m3grid/seed42/s0p1_c2p5_full/train_20260211_060008.log,"{""ablate_module3"": false, ""ablate_skill_encoder"": false, ""ablate_soft_prototype"": true, ""batch_size"": 128, ""disable_q_aligned_residual"": false, ""disable_soft_prototype"": true, ""dropout"": 0.2, ""early_stop_patience"": 3, ""enable_soft_prototype"": false, ""epochs"": 30, ""exercise_dim"": 64, ""exercise_l2_lambda"": 5e-05, ""fusion_gate_bias_init"": -2.5, ""fusion_gate_max"": 0.4, ""knowledge_dim"": 64, ""lambda_alpha"": 0.01, ""lambda_proto_div"": 0.0, ""lambda_proto_usage"": 0.0, ""lambda_sparse"": 0.1, ""lambda_sparse_personal"": 0.005, ""learning_rate"": 0.0003, ""min_exer_interactions"": 0, ""min_poison_count"": 0, ""min_stu_interactions"": 15, ""model_variant"": ""gpd_base"", ""no_cuda"": false, ""num_gnn_layers"": 1, ""num_prototypes"": 0, ""num_relation_heads"": 2, ""num_workers"": 4, ""patience"": 5, ""proto_lambda"": 0.0, ""proto_tau"": 1.0, ""residual_clip_t"": 2.5, ""save_interval"": 10, ""seed"": 42, ""skill_dim"": 128, ""use_personal_graph"": true, ""use_soft_prototype_main_path"": false, ""weight_decay"": 1e-05}"
