raw_row_id,stu_id,exer_id,cpt_seq,label,eval_row_id,mapped_student_id,mapped_exercise_id,q_count,label_eval,full_prob,full_logit,full_pred,full_abs_error,no_A_prob,no_A_pred,no_A_abs_error,a_gain,a_rescue,no_E_prob,no_E_pred,no_E_abs_error,e_gain,e_rescue,E_shuffle_prob,E_shuffle_pred,E_shuffle_abs_error,E_shuffle_gain,E_mean_prob,E_mean_pred,E_mean_abs_error,E_mean_gain,e_counterfactual_gain_min,e_counterfactual_rescue,selection_score,detail_pos,full_logit_detail,query_row_posterior_kl,query_row_posterior_delta_abs,query_row_personal_message_delta,query_row_global_readout_delta,roadmap_macro_logit,roadmap_item_logit,roadmap_sequence_logit,tutor_local_navigation_logit,tutor_route_mastery_logit,tutor_route_recent_logit,tutor_student_readiness_logit,tutor_gap_penalty_logit,e_query_concept,e_top_shift_support,e_top_shift_abs,e_top_shift_delta,e_top_observed_support,e_top_observed_abs_delta,e_top_observed_delta,e_top_observed_support_count,e_top_observed_mastery_logit,e_top_observed_recent_logit,e_observed_shift_abs,e_observed_state_abs,e_observed_support_count_sum
46694,2437,5230,13,1,45257,2124,5206,1,1.0,0.8976414,2.171289,1,0.10235857963562012,0.477451,0,0.5225490033626556,0.4201904237270355,True,0.2290456,0,0.7709544003009796,0.6685958206653595,True,0.9856871,1,0.014312922954559326,-0.08804565668106079,0.97779614,1,0.02220386266708374,-0.08015471696853638,-0.08804565668106079,False,0.6955250632762909,201.0,2.1712889671325684,0.06316588819026947,0.0805618166923523,0.0009500005398876965,0.0047437031753361225,-0.26662909984588623,-0.05816776677966118,0.02381991222500801,-0.18668369948863983,0.0,0.0,0.001390922931022942,0.0,C13,C12,0.07695773243904114,0.07695773243904114,C12,0.07695773243904114,0.07695773243904114,1.0,0.22201943397521973,0.508575975894928,0.10829719609500899,0.09419326421364785,263.0
2137,47,5702,13,1,2114,46,5675,1,1.0,0.8063029,1.4261643,1,0.19369709491729736,0.3694083,0,0.6305916905403137,0.43689459562301636,True,0.14807406,0,0.8519259393215179,0.6582288444042206,True,0.9054988,1,0.09450119733810425,-0.09919589757919312,0.8829844,1,0.11701560020446777,-0.07668149471282959,-0.09919589757919312,False,0.6824179315567016,66.0,1.4261642694473267,0.0670357346534729,0.0828440710902214,0.0009679567301645875,0.004377835430204868,-0.26662909984588623,-0.05816776677966118,0.02381991222500801,0.20932483673095703,0.0,0.0,0.00041102810064330697,0.0,C13,C12,0.07032641768455505,0.07032641768455505,C6,0.006400263286195695,0.006400263286195695,8.0,0.02275073528289795,-0.3650583028793335,0.016259050787994056,0.007495694309125136,35.0
26841,948,6986,13,1,26453,886,6952,1,1.0,0.97114646,3.5162475,1,0.028853535652160645,0.46091464,0,0.5390853583812714,0.5102318227291107,True,0.319214,0,0.6807860136032104,0.6519324779510498,True,0.97596765,1,0.0240323543548584,-0.004821181297302246,0.98567736,1,0.014322638511657715,-0.01453089714050293,-0.01453089714050293,False,0.681066871881485,853.0,3.516247510910034,0.06215355545282364,0.08169519156217575,0.0009541400941088796,0.004631677642464638,-0.26662909984588623,-0.05816776677966118,0.02381991222500801,0.6071628928184509,0.0,0.0,0.0013635074719786644,0.0,C13,C12,0.07691982388496399,0.07691982388496399,C12,0.07691982388496399,0.07691982388496399,3.0,0.1793116331100464,0.31068214774131775,0.10350253386968689,0.06447177820540088,61.0
46749,2437,6986,13,1,45312,2124,6952,1,1.0,0.9515255,2.9770281,1,0.04847449064254761,0.46572453,0,0.534275472164154,0.48580098152160645,True,0.3183443,0,0.6816557049751282,0.6331812143325806,True,0.9934875,1,0.0065125226974487305,-0.04196196794509888,0.9899026,1,0.010097384452819824,-0.03837710618972778,-0.04196196794509888,False,0.6617269796133042,256.0,2.9770281314849854,0.06316588819026947,0.0805618166923523,0.0009500005398876965,0.0047437031753361225,-0.26662909984588623,-0.05816776677966118,0.02381991222500801,-0.08153782784938812,0.0,0.0,0.001390922931022942,0.0,C13,C12,0.07695773243904114,0.07695773243904114,C12,0.07695773243904114,0.07695773243904114,1.0,0.22201943397521973,0.508575975894928,0.10829719609500899,0.09419326421364785,263.0
33335,1397,14695,12,1,32648,1264,14542,1,1.0,0.8001305,1.38711,1,0.19986951351165771,0.32028767,0,0.679712325334549,0.47984281182289124,True,0.19337547,0,0.8066245317459106,0.6067550182342529,True,0.96457666,1,0.035423338413238525,-0.1644461750984192,0.964254,1,0.035745978355407715,-0.16412353515625,-0.1644461750984192,False,0.6307589328289032,904.0,1.3871099948883057,0.06292121112346649,0.0827665701508522,0.000962170772254467,0.0047469837591052055,-0.33821532130241394,-0.06392805278301239,-0.00914041232317686,-0.8165453672409058,0.0,0.0,-0.001620807801373303,0.0,C12,C12,0.04902172466972843,-0.04902172466972843,C13,0.036213964223861694,0.036213964223861694,1.0,0.22829069197177887,0.5210936069488525,0.049154829772305675,0.043956609409147473,48.0
42048,2226,1558,97,1,40858,1960,1552,1,1.0,0.8290795,1.5791177,1,0.1709204912185669,0.49889156,0,0.5011084377765656,0.33018794655799866,True,0.23686638,0,0.7631336152553558,0.5922131240367889,True,0.16236407,0,0.8376359343528748,0.6667154431343079,0.9000757,1,0.09992432594299316,-0.07099616527557373,-0.07099616527557373,False,0.617085509300232,922.0,1.5791176557540894,0.06622741371393204,0.07875661551952362,0.0009261696832254529,0.004637286998331547,0.31996697187423706,0.0,0.014768657274544239,0.477779358625412,0.0,0.0,-0.0017437308561056852,0.0,C97,C96,0.2298840880393982,0.2298840880393982,C96,0.2298840880393982,0.2298840880393982,2.0,0.35698285698890686,0.7218453884124756,0.37823981896508485,0.4443857239915227,17.0
32668,1334,1541,80,1,32008,1209,1535,1,1.0,0.832534,1.6036938,1,0.16746598482131958,0.4379425,0,0.5620574951171875,0.3945915102958679,True,0.24521491,0,0.7547850906848907,0.5873191058635712,True,0.94154644,1,0.05845355987548828,-0.1090124249458313,0.90656,1,0.0934399962425232,-0.07402598857879639,-0.1090124249458313,False,0.6122951263189316,264.0,1.6036938428878784,0.06292121112346649,0.0827665701508522,0.000962170772254467,0.0047469837591052055,0.11546844244003296,-0.03757413104176521,0.017532188445329666,-0.6432857513427734,0.0,0.0,0.0022349930368363857,0.0,C80,C22,0.23910683393478394,0.23910683393478394,C55,0.1462532551959157,0.1462532551959157,2.0,0.2797861099243164,0.5857598781585693,0.292584240945871,0.2772263366982974,26.0
29624,1157,4569,44,1,29059,1061,4549,1,1.0,0.85623044,1.7843276,1,0.14376956224441528,0.60470814,1,0.39529186487197876,0.2515223026275635,False,0.28680065,0,0.7131993472576141,0.5694297850131989,True,0.95332,1,0.04667997360229492,-0.09708958864212036,0.87343794,1,0.12656205892562866,-0.01720750331878662,-0.09708958864212036,False,0.5951166981458664,387.0,1.7843276262283325,0.09749237447977066,0.09995483607053757,0.0009719174122437835,0.004907374270260334,0.11600907146930695,-0.03237522765994072,0.022206882014870644,0.31871145963668823,0.0,0.0,0.006693154573440552,0.0,C44,C1,0.6488526836037636,0.6488526836037636,C30,0.14464247436262667,-0.14464247436262667,22.0,0.2842945456504822,0.4073637127876282,0.2877457608556142,0.1682036569972977,57.0
33286,1396,7180,97,1,32600,1263,7144,1,1.0,0.8982165,2.177563,1,0.10178351402282715,0.43432269,0,0.5656773149967194,0.4638938009738922,True,0.33576512,0,0.6642348766326904,0.5624513626098633,True,0.95892733,1,0.04107266664505005,-0.0607108473777771,0.95545626,1,0.04454374313354492,-0.05723977088928223,-0.0607108473777771,False,0.5893978571891785,856.0,2.177562952041626,0.06292121112346649,0.0827665701508522,0.000962170772254467,0.0047469837591052055,0.31996697187423706,0.0,0.014768657274544239,0.052284225821495056,0.0,0.0,-0.005167817231267691,0.0,C97,C96,0.2308916300535202,0.2308916300535202,C96,0.2308916300535202,0.2308916300535202,3.0,0.09494918584823608,0.05443763732910156,0.8034323226311244,0.521959405492889,76.0
38942,1860,12624,"1,44",1,37985,1658,12512,2,1.0,0.7279972,0.98448455,1,0.27200281620025635,0.4052037,0,0.5947962999343872,0.32279348373413086,True,0.1683159,0,0.8316840976476669,0.5596812814474106,True,0.80745804,1,0.1925419569015503,-0.07946085929870605,0.9517155,1,0.04828447103500366,-0.22371834516525269,-0.22371834516525269,False,0.5815211969614029,97.0,0.9844845533370972,0.07069870829582214,0.0885387659072876,0.0009934463305398822,0.004672253970056772,-0.00790657103061676,-0.036322541534900665,0.00835494976490736,-0.4735116958618164,0.0,0.0,0.005024763755500317,0.0,C44,C1,0.6484282985329628,0.6484282985329628,C1,0.6484282985329628,0.6484282985329628,8.0,-0.5851497650146484,-0.457424134016037,1.056336760520935,1.2731936666198354,15.0
33196,1393,7180,97,1,32510,1260,7144,1,1.0,0.8589554,1.806641,1,0.14104461669921875,0.40517646,0,0.5948235392570496,0.4537789225578308,True,0.31021005,0,0.6897899508476257,0.548745334148407,True,0.9595894,1,0.04041057825088501,-0.10063403844833374,0.95871526,1,0.04128473997116089,-0.09975987672805786,-0.10063403844833374,False,0.5745139956474304,766.0,1.8066409826278687,0.06292121112346649,0.0827665701508522,0.000962170772254467,0.0047469837591052055,0.31996697187423706,0.0,0.014768657274544239,-0.29429471492767334,0.0,0.0,-0.006092045456171036,0.0,C97,C96,0.23000262677669525,0.23000262677669525,C46,0.13834264874458313,0.13834264874458313,11.0,-1.3153632879257202,-1.685811161994934,0.5713149245711975,0.8321799146527002,96.0
41336,2109,1541,80,1,40230,1868,1535,1,1.0,0.8152699,1.4846234,1,0.18473011255264282,0.46646008,0,0.5335399210453033,0.3488098084926605,True,0.2680362,0,0.7319638133049011,0.5472337007522583,True,0.88377774,1,0.11622226238250732,-0.0685078501701355,0.890587,1,0.1094130277633667,-0.07531708478927612,-0.07531708478927612,False,0.571691797375679,294.0,1.4846234321594238,0.06622741371393204,0.07875661551952362,0.0009261696832254529,0.004637286998331547,0.11546844244003296,-0.03757413104176521,0.017532188445329666,-0.5992016792297363,0.0,0.0,0.0013096064794808626,0.0,C80,C22,0.23914609104394913,0.23914609104394913,C55,0.14636983629316092,0.14636983629316092,9.0,-0.5763841867446899,-0.4669201374053955,0.32578875061881263,0.3581647978877428,17.0
30831,1236,202,53,1,30203,1121,202,1,1.0,0.7432622,1.0629935,1,0.2567378282546997,0.4170221,0,0.5829778909683228,0.32624006271362305,True,0.19496813,0,0.8050318658351898,0.5482940375804901,True,0.760461,1,0.2395390272140503,-0.017198801040649414,0.9420931,1,0.057906925678253174,-0.19883090257644653,-0.19883090257644653,False,0.5705919027328491,507.0,1.0629935264587402,0.0661398321390152,0.0820954442024231,0.0009315940551459789,0.0047149513848125935,0.45158201456069946,0.0,0.026771901175379753,-0.6694319248199463,0.0,0.0,-0.023494038730859756,0.0,C53,C46,0.36326031386852264,0.36326031386852264,C79,0.09026032569818199,-0.09026032569818199,65.0,-1.5262078046798706,-1.4127919673919678,0.20262224215548486,0.3943873101511388,89.0
40881,2059,14485,58,1,39811,1829,14339,1,1.0,0.6591466,0.6594936,1,0.34085339307785034,0.11219239,0,0.8878076076507568,0.5469542145729065,True,0.11633515,0,0.8836648464202881,0.5428114533424377,True,0.96898144,1,0.031018555164337158,-0.3098348379135132,0.9200114,1,0.07998859882354736,-0.260864794254303,-0.3098348379135132,False,0.5625858515501022,899.0,0.659493625164032,0.07228483259677887,0.08860623836517334,0.0009932828834280372,0.0046765427105128765,0.3357880711555481,0.03961686044931412,0.020272817462682724,-0.7292732000350952,0.0,0.0,0.04045379161834717,0.0,C58,C45,0.3293217122554779,0.3293217122554779,C45,0.3293217122554779,0.3293217122554779,1.0,0.18071043491363525,0.4240790605545044,0.34919126612658147,0.24882743733738447,35.0
3667,105,207,58,0,3608,94,207,1,0.0,0.21169461,-1.3147409,0,0.2116946130990982,0.550288,1,0.5502880215644836,0.33859340846538544,True,0.7502387,1,0.7502387166023254,0.5385441035032272,True,0.49802953,0,0.49802953004837036,0.28633491694927216,0.28019267,0,0.28019267320632935,0.06849806010723114,0.06849806010723114,False,0.5621932651102542,536.0,-1.3147408962249756,0.06768327951431274,0.08296233415603638,0.0009573355782777071,0.004377668257802725,0.3357880711555481,0.03961686044931412,0.020272817462682724,-1.5343862771987915,0.0,0.0,-0.00459481542930007,0.0,C58,C45,0.33090469241142273,0.33090469241142273,C45,0.33090469241142273,0.33090469241142273,17.0,-0.12331950664520264,-0.25780943036079407,0.6091621721025149,0.2736028332864458,125.0
29639,1157,5014,44,1,29074,1061,4992,1,1.0,0.82892036,1.577995,1,0.1710796356201172,0.6398935,1,0.36010652780532837,0.18902689218521118,False,0.29274824,0,0.7072517573833466,0.5361721217632294,True,0.94375,1,0.05624997615814209,-0.1148296594619751,0.84889096,1,0.15110903978347778,-0.019970595836639404,-0.1148296594619751,False,0.5610397326946258,402.0,1.5779949426651,0.09749237447977066,0.09995483607053757,0.0009719174122437835,0.004907374270260334,0.11600907146930695,-0.03237522765994072,0.022206882014870644,0.2143137902021408,0.0,0.0,0.006693154573440552,0.0,C44,C1,0.6488526836037636,0.6488526836037636,C30,0.14464247436262667,-0.14464247436262667,22.0,0.2842945456504822,0.4073637127876282,0.2877457608556142,0.1682036569972977,57.0
33194,1393,10734,97,1,32508,1260,10647,1,1.0,0.85563827,1.7795253,1,0.1443617343902588,0.415324,0,0.5846759974956512,0.44031426310539246,True,0.32051456,0,0.6794854402542114,0.5351237058639526,True,0.9587218,1,0.041278183460235596,-0.1030835509300232,0.9578215,1,0.04217851161956787,-0.10218322277069092,-0.1030835509300232,False,0.5607928538322449,764.0,1.7795252799987793,0.06292121112346649,0.0827665701508522,0.000962170772254467,0.0047469837591052055,0.31996697187423706,0.0,0.014768657274544239,-0.4063860774040222,0.0,0.0,-0.006092045456171036,0.0,C97,C96,0.23000262677669525,0.23000262677669525,C46,0.13834264874458313,0.13834264874458313,11.0,-1.3153632879257202,-1.685811161994934,0.5713149245711975,0.8321799146527002,96.0
33197,1393,5224,12,1,32511,1260,5200,1,1.0,0.71132857,0.90184534,1,0.28867143392562866,0.28597668,0,0.7140233218669891,0.4253518879413605,True,0.17291549,0,0.8270845115184784,0.5384130775928497,True,0.9610326,1,0.03896737098693848,-0.24970406293869019,0.96164286,1,0.03835713863372803,-0.25031429529190063,-0.25031429529190063,False,0.5597529345750809,767.0,0.9018453359603882,0.06292121112346649,0.0827665701508522,0.000962170772254467,0.0047469837591052055,-0.33821532130241394,-0.06392805278301239,-0.00914041232317686,-1.0132259130477905,0.0,0.0,-0.0017339829355478287,0.0,C12,C12,0.04901068448089063,-0.04901068448089063,C13,0.03507968783378601,0.03507968783378601,2.0,-0.39725276827812195,-0.7898528575897217,0.04778881097809062,0.059572323261408724,71.0
49489,2463,6986,13,1,48042,2150,6952,1,1.0,0.9659277,3.344604,1,0.034072279930114746,0.69231224,1,0.30768775939941406,0.2736154794692993,False,0.44095677,0,0.5590432286262512,0.5249709486961365,True,0.9857394,1,0.014260590076446533,-0.019811689853668213,0.966075,1,0.033924996852874756,-0.00014728307723999023,-0.019811689853668213,False,0.553948780298233,938.0,3.344604015350342,0.06483687460422516,0.08157513290643692,0.0009513451950624585,0.004712330177426338,-0.26662909984588623,-0.05816776677966118,0.02381991222500801,1.1688706874847412,0.0,0.0,-0.0003878372081089765,0.0,C13,C12,0.07421368360519409,0.07421368360519409,C12,0.07421368360519409,0.07421368360519409,12.0,0.39887651801109314,0.793833315372467,0.1085348767501273,0.1294107123116346,116.0
49011,2458,8113,13,1,47568,2145,8071,1,1.0,0.8109675,1.4563091,1,0.18903249502182007,0.47622868,0,0.5237713158130646,0.3347388207912445,True,0.28301227,0,0.7169877290725708,0.5279552340507507,True,0.97860295,1,0.021397054195404053,-0.16763544082641602,0.95973337,1,0.04026663303375244,-0.14876586198806763,-0.16763544082641602,False,0.5522842592000962,464.0,1.4563090801239014,0.06483687460422516,0.08157513290643692,0.0009513451950624585,0.004712330177426338,-0.26662909984588623,-0.05816776677966118,0.02381991222500801,-0.6823137998580933,0.0,0.0,0.0006093692500144243,0.0,C13,C12,0.0769658088684082,0.0769658088684082,C12,0.0769658088684082,0.0769658088684082,11.0,-0.1118893027305603,0.21455217897891998,0.10746348125030636,0.039641511068726175,183.0
22770,708,5229,13,1,22497,664,5205,1,1.0,0.89049435,2.0958004,1,0.10950565338134766,0.6544775,1,0.34552252292633057,0.2360168695449829,False,0.37857068,0,0.6214293241500854,0.5119236707687378,True,0.96844786,1,0.031552135944366455,-0.0779535174369812,0.9696304,1,0.030369579792022705,-0.07913607358932495,-0.07913607358932495,False,0.5386385011672974,993.0,2.0958003997802734,0.0637149065732956,0.07561507821083069,0.0008600300061516464,0.004573405720293522,-0.26662909984588623,-0.05816776677966118,0.02381991222500801,-0.1855444759130478,0.0,0.0,0.00016764254542067647,0.0,C13,C12,0.07697752118110657,0.07697752118110657,C12,0.07697752118110657,0.07697752118110657,26.0,-0.24499207735061646,0.1522987186908722,0.09544961464416701,0.043417349394178996,35.0
18684,607,9386,103,1,18451,566,9324,1,1.0,0.8908959,2.0999253,1,0.10910409688949585,0.7008732,1,0.2991268038749695,0.19002270698547363,False,0.37919754,0,0.6208024621009827,0.5116983652114868,True,0.94727093,1,0.05272907018661499,-0.05637502670288086,0.95655245,1,0.04344755411148071,-0.06565654277801514,-0.06565654277801514,False,0.5384252423048019,19.0,2.0999252796173096,0.06407420337200165,0.08067664504051208,0.0009389349143020809,0.004593672696501017,0.17830750346183777,0.0,0.007702613715082407,0.34711968898773193,0.0,0.0,0.005454157944768667,0.0,C103,C48,0.15454693511128426,0.15454693511128426,C48,0.15454693511128426,0.15454693511128426,16.0,0.05604693293571472,0.46524742245674133,0.7287725864443928,0.9497482676820286,228.0
22746,705,6986,13,1,22473,661,6952,1,1.0,0.94364333,2.8180475,1,0.05635666847229004,0.5936652,1,0.4063348174095154,0.34997814893722534,False,0.4342008,0,0.565799206495285,0.509442538022995,True,0.9831791,1,0.016820907592773438,-0.0395357608795166,0.9852964,1,0.014703571796417236,-0.0416530966758728,-0.0416530966758728,False,0.5377518379688263,969.0,2.818047523498535,0.0637149065732956,0.07561507821083069,0.0008600300061516464,0.004573405720293522,-0.26662909984588623,-0.05816776677966118,0.02381991222500801,0.08901380002498627,0.0,0.0,0.00017406864208169281,0.0,C13,C12,0.07696661353111267,0.07696661353111267,C12,0.07696661353111267,0.07696661353111267,23.0,-0.33372822403907776,-0.22134658694267273,0.09545895306291641,0.057876448007518545,35.0
4702,130,7715,"1,24,44",1,4630,118,7675,3,1.0,0.83825934,1.6453333,1,0.16174066066741943,0.3516855,0,0.648314505815506,0.48657384514808655,True,0.32704693,0,0.6729530692100525,0.5112124085426331,True,0.91941607,1,0.08058393001556396,-0.08115673065185547,0.9417036,1,0.058296382427215576,-0.10344427824020386,-0.10344427824020386,False,0.5363601887226105,534.0,1.6453332901000977,0.0814325362443924,0.09073988348245621,0.0009601791389286518,0.004653887823224068,-0.04411055147647858,-0.03812947869300842,0.0047225868329405785,-1.0836994647979736,0.0,0.0,0.008048580028116703,0.0,C44,C1,0.6475179269909859,0.6475179269909859,C1,0.6475179269909859,0.6475179269909859,1.0,0.20849475264549255,0.4813103675842285,0.9037439888925292,0.6586139936504144,104.0
42466,2274,7395,97,1,41249,2001,7357,1,1.0,0.89252913,2.1168394,1,0.10747087001800537,0.50365716,1,0.49634283781051636,0.388871967792511,False,0.38490507,0,0.615094929933548,0.5076240599155426,True,0.8879883,1,0.11201167106628418,0.004540801048278809,0.88677955,1,0.1132204532623291,0.0057495832443237305,0.004540801048278809,False,0.5343999338150024,289.0,2.1168394088745117,0.06800450384616852,0.0808601826429367,0.0009331831824965775,0.004615383688360453,0.31996697187423706,0.0,0.014768657274544239,0.6164061427116394,0.0,0.0,-0.00038003353984095156,0.0,C97,C96,0.22634842991828918,0.22634842991828918,C96,0.22634842991828918,0.22634842991828918,7.0,-0.29083719849586487,-0.4762972593307495,0.22634842991828918,0.1736396800652722,7.0
4663,130,2256,48,1,4592,118,2249,1,1.0,0.64550537,0.5993402,1,0.3544946312904358,0.12329669,0,0.8767033070325851,0.5222086757421494,True,0.1330343,0,0.8669656962156296,0.5124710649251938,True,0.84520507,1,0.15479493141174316,-0.19969969987869263,0.86271006,1,0.13728994131088257,-0.21720468997955322,-0.21720468997955322,False,0.5318362259864807,496.0,0.5993402004241943,0.0814325362443924,0.09073988348245621,0.0009601791389286518,0.004653887823224068,0.0038088858127593994,-0.05225143954157829,-0.006445647217333317,-1.4724295139312744,0.0,0.0,0.020393934100866318,0.0,C48,C1,0.5601490177214146,0.5601490177214146,C1,0.5601490177214146,0.5601490177214146,1.0,0.20849475264549255,0.4813103675842285,1.246944211074151,0.9607806928545454,156.0
34415,1466,380,12,1,33706,1327,380,1,1.0,0.68272,0.7663002,1,0.31727999448776245,0.31318542,0,0.6868145763874054,0.36953458189964294,True,0.17362896,0,0.826371043920517,0.5090910494327545,True,0.96698874,1,0.03301125764846802,-0.28426873683929443,0.93626815,1,0.063731849193573,-0.25354814529418945,-0.28426873683929443,False,0.5295726495981217,938.0,0.7663002014160156,0.07231107354164124,0.08687695860862732,0.0009557968587614596,0.004856537561863661,-0.33821532130241394,-0.06392805278301239,-0.00914041232317686,-0.8270753026008606,0.0,0.0,-0.0023941758554428816,0.0,C12,C12,0.04892529465723783,-0.04892529465723783,C98,0.004994720584363677,-0.004994720584363677,10.0,-0.195343017578125,-0.14384686946868896,0.009239783757948317,0.004411017046018024,11.0
17463,599,5551,13,1,17234,558,5525,1,1.0,0.841617,1.6703088,1,0.15838301181793213,0.5436565,1,0.45634347200393677,0.29796046018600464,False,0.33902568,0,0.6609743237495422,0.5025913119316101,True,0.93066317,1,0.06933683156967163,-0.0890461802482605,0.9721337,1,0.02786630392074585,-0.13051670789718628,-0.13051670789718628,False,0.5278398215770721,850.0,1.6703088283538818,0.06886047124862671,0.08392138034105301,0.0009554334683343768,0.00465427478775382,-0.26662909984588623,-0.05816776677966118,0.02381991222500801,-0.4821351170539856,0.0,0.0,0.00028494265279732645,0.0,C13,C12,0.07682949304580688,0.07682949304580688,C12,0.07682949304580688,0.07682949304580688,11.0,-0.1118893027305603,-0.028041815385222435,0.11105249916181492,0.03902155015962529,198.0
34518,1475,1541,80,1,33800,1333,1535,1,1.0,0.78614014,1.3018141,1,0.21385985612869263,0.4384114,0,0.5615885853767395,0.3477287292480469,True,0.28195205,0,0.7180479466915131,0.5041880905628204,True,0.9642549,1,0.035745084285736084,-0.17811477184295654,0.9660167,1,0.03398329019546509,-0.17987656593322754,-0.17987656593322754,False,0.5277722948789596,8.0,1.301814079284668,0.08393999189138412,0.09417983889579773,0.0009792149066925049,0.004697990603744984,0.11546844244003296,-0.03757413104176521,0.017532188445329666,-1.7736623287200928,0.0,0.0,0.0012038192944601178,0.0,C80,C22,0.24464682675898075,0.24464682675898075,C78,0.08172808957169764,-0.08172808957169764,4.0,0.5011229515075684,0.8679783344268799,0.3771597509330604,0.6328782190144908,208.0
6997,279,2315,20,1,6858,247,2307,1,1.0,0.78886247,1.3180821,1,0.2111375331878662,0.49764708,0,0.5023529231548309,0.2912153899669647,True,0.28570318,0,0.714296817779541,0.5031592845916748,True,0.9444245,1,0.05557548999786377,-0.15556204319000244,0.9181274,1,0.08187258243560791,-0.1292649507522583,-0.15556204319000244,False,0.5268251585960388,714.0,1.3180820941925049,0.05752991512417793,0.08026370406150818,0.000941227248404175,0.004619909450411797,0.08553604781627655,-0.06860237568616867,0.020049847662448883,-1.1311101913452148,0.0,0.0,-0.0016052782302722335,0.0,C20,C98,0.21284245688002557,-0.21284245688002557,C98,0.21284245688002557,-0.21284245688002557,70.0,-1.250637412071228,-0.999372661113739,0.38676906877662987,0.5843590540656891,90.0
23347,755,15296,13,1,23053,709,15098,1,1.0,0.831646,1.5973381,1,0.16835397481918335,0.42019945,0,0.579800546169281,0.41144657135009766,True,0.33118734,0,0.6688126623630524,0.500458687543869,True,0.94137114,1,0.058628857135772705,-0.10972511768341064,0.96582955,1,0.034170448780059814,-0.13418352603912354,-0.13418352603912354,False,0.5254080682992935,525.0,1.597338080406189,0.06568413972854614,0.07806195318698883,0.0008987047476693988,0.0044948323629796505,-0.26662909984588623,-0.05816776677966118,0.02381991222500801,-0.6571637392044067,0.0,0.0,0.0007590718450956047,0.0,C13,C12,0.0768885612487793,0.0768885612487793,C12,0.0768885612487793,0.0768885612487793,2.0,-0.002259761095046997,-0.0661793127655983,0.10426961162193038,0.01872550658470656,37.0
17762,601,14441,12,1,17533,560,14296,1,1.0,0.8914731,2.1058774,1,0.10852688550949097,0.49560568,0,0.5043943226337433,0.3958674371242523,True,0.40303642,0,0.5969635844230652,0.4884366989135742,True,0.9573377,1,0.04266232252120972,-0.06586456298828125,0.94067824,1,0.05932176113128662,-0.049205124378204346,-0.06586456298828125,False,0.5151808923482895,125.0,2.10587739944458,0.0684746578335762,0.0841505229473114,0.0009557458688504994,0.00469803623855114,-0.33821532130241394,-0.06392805278301239,-0.00914041232317686,-0.007086500525474548,0.0,0.0,-0.0008706871885806322,0.0,C12,C12,0.04897488682763651,-0.04897488682763651,C13,0.03223824501037598,0.03223824501037598,19.0,0.10950285196304321,-0.1505504548549652,0.08765153271087911,0.0626616601520594,273.0
49597,2464,5648,86,1,48150,2151,5622,1,1.0,0.80616033,1.4252516,1,0.1938396692276001,0.34090602,0,0.659093976020813,0.4652543067932129,True,0.31517664,0,0.6848233640193939,0.4909836947917938,True,0.9479696,1,0.05203038454055786,-0.14180928468704224,0.9110488,1,0.08895117044448853,-0.10488849878311157,-0.14180928468704224,False,0.5151685047149658,22.0,1.4252516031265259,0.06248331442475319,0.07959713786840439,0.0009304691920988262,0.00467988895252347,0.25837472081184387,0.0,0.01106035616248846,-0.14276543259620667,0.0,0.0,0.0004713152884505689,0.0,C86,C29,0.3079725056886673,0.3079725056886673,C29,0.3079725056886673,0.3079725056886673,18.0,0.09586155414581299,0.043573081493377686,1.1503322855569422,1.2602285945060816,269.0
36347,1643,16510,13,1,35542,1482,16148,1,1.0,0.933251,2.6377351,1,0.0667489767074585,0.5430379,1,0.45696210861206055,0.39021313190460205,False,0.4494494,0,0.5505506098270416,0.48380163311958313,True,0.9772868,1,0.022713184356689453,-0.04403579235076904,0.9745377,1,0.025462329387664795,-0.0412866473197937,-0.04403579235076904,False,0.5117991638183593,726.0,2.63773512840271,0.07231409847736359,0.08477415144443512,0.0009372938657179475,0.004661704413592815,-0.26662909984588623,-0.05816776677966118,0.02381991222500801,0.17623373866081238,0.0,0.0,3.778933751164004e-05,0.0,C13,C12,0.07599851489067078,0.07599851489067078,C12,0.07599851489067078,0.07599851489067078,2.0,0.40359094738960266,0.8003883361816406,0.10340605003329983,0.10328365987710156,43.0
4686,130,1428,48,1,4615,118,1422,1,1.0,0.663031,0.67683077,1,0.3369690179824829,0.16540414,0,0.8345958590507507,0.4976268410682678,True,0.17147155,0,0.8285284489393234,0.4915594309568405,True,0.85728735,1,0.14271265268325806,-0.19425636529922485,0.8737496,1,0.12625038623809814,-0.21071863174438477,-0.21071863174438477,False,0.511450360417366,519.0,0.6768307685852051,0.0814325362443924,0.09073988348245621,0.0009601791389286518,0.004653887823224068,0.0038088858127593994,-0.05225143954157829,-0.006445647217333317,-1.2824362516403198,0.0,0.0,0.020393934100866318,0.0,C48,C1,0.5601490177214146,0.5601490177214146,C1,0.5601490177214146,0.5601490177214146,1.0,0.20849475264549255,0.4813103675842285,1.246944211074151,0.9607806928545454,156.0
33537,1401,14358,12,1,32849,1268,14213,1,1.0,0.906754,2.2746296,1,0.0932459831237793,0.4786555,0,0.5213445127010345,0.42809852957725525,True,0.42426506,0,0.575734943151474,0.4824889600276947,True,0.9465972,1,0.05340278148651123,-0.039843201637268066,0.92212945,1,0.07787054777145386,-0.01537543535232544,-0.039843201637268066,False,0.5096915805339813,81.0,2.274629592895508,0.07231107354164124,0.08687695860862732,0.0009557968587614596,0.004856537561863661,-0.33821532130241394,-0.06392805278301239,-0.00914041232317686,0.5851335525512695,0.0,0.0,-0.00029332409030757844,0.0,C12,C12,0.04870387725532055,-0.04870387725532055,C13,0.010195553302764893,0.010195553302764893,1.0,0.22829069197177887,0.5210936069488525,0.016853223052748945,0.012550219675507545,11.0
32199,1306,202,53,1,31552,1185,202,1,1.0,0.677993,0.7445635,1,0.3220070004463196,0.4317184,0,0.5682815909385681,0.24627459049224854,True,0.19097772,0,0.8090222775936127,0.4870152771472931,True,0.97897047,1,0.021029531955718994,-0.3009774684906006,0.8688918,1,0.13110822439193726,-0.19089877605438232,-0.3009774684906006,False,0.5073550671339035,832.0,0.7445635199546814,0.06456978619098663,0.08165393769741058,0.0009246870176866651,0.00457594683393836,0.45158201456069946,0.0,0.026771901175379753,-0.22223389148712158,0.0,0.0,-0.009902620688080788,0.0,C53,C46,0.35977648198604584,0.35977648198604584,C79,0.08983948500826955,-0.08983948500826955,23.0,-1.321872591972351,-1.1708848476409912,0.14928416861221194,0.3194361324974497,35.0
36334,1642,16510,13,1,35529,1481,16148,1,1.0,0.85675734,1.7886146,1,0.14324265718460083,0.45745128,0,0.5425487160682678,0.399306058883667,True,0.38033858,0,0.619661420583725,0.47641876339912415,True,0.98812383,1,0.011876165866851807,-0.13136649131774902,0.95118564,1,0.048814356327056885,-0.09442830085754395,-0.13136649131774902,False,0.5021214836835861,713.0,1.7886146306991577,0.07231409847736359,0.08477415144443512,0.0009372938657179475,0.004661704413592815,-0.26662909984588623,-0.05816776677966118,0.02381991222500801,0.04233798384666443,0.0,0.0,0.00016530149150639772,0.0,C13,C12,0.07294106483459473,0.07294106483459473,C12,0.07294106483459473,0.07294106483459473,2.0,0.40359094738960266,0.8003883361816406,0.08260173951020988,0.10127770308634826,27.0
36777,1658,16094,13,1,35952,1497,15788,1,1.0,0.8362387,1.6305044,1,0.16376131772994995,0.43372995,0,0.5662700533866882,0.4025087356567383,True,0.3594824,0,0.6405175924301147,0.4767562747001648,True,0.96913034,1,0.030869662761688232,-0.13289165496826172,0.93410516,1,0.06589484214782715,-0.0978664755821228,-0.13289165496826172,False,0.5018434351682663,112.0,1.6305043697357178,0.06864206492900848,0.08536732196807861,0.0009828265756368637,0.0046773310750722885,-0.26662909984588623,-0.05816776677966118,0.02381991222500801,-0.09307889640331268,0.0,0.0,0.0003428035997785628,0.0,C13,C12,0.07630002498626709,0.07630002498626709,C12,0.07630002498626709,0.07630002498626709,12.0,-0.20740537345409393,-0.2777004539966583,0.10053090195833647,0.07228522587316148,70.0
29628,1157,8074,"5,10",0,29063,1061,8032,2,0.0,0.26815596,-1.0039986,0,0.268155962228775,0.70549464,1,0.7054946422576904,0.4373386800289154,True,0.7477269,1,0.7477269172668457,0.4795709550380707,True,0.9675552,1,0.9675552248954773,0.6993992626667023,0.9163627,1,0.9163627028465271,0.6482067406177521,0.6482067406177521,True,0.5015262761712074,391.0,-1.0039986371994019,0.09749237447977066,0.09995483607053757,0.0009719174122437835,0.004907374270260334,0.09753802418708801,0.026873597875237465,0.01757376454770565,-2.0194859504699707,0.0,0.0,0.0013158852234482765,0.0,C5,C8,0.34029556810855865,0.34029556810855865,C8,0.34029556810855865,0.34029556810855865,15.0,-1.6059378385543823,-1.6691627502441406,0.6968242642178666,2.382466343449716,67.0
42050,2226,3393,82,1,40860,1960,3380,1,1.0,0.76723814,1.1927812,1,0.23276185989379883,0.597858,1,0.4021419882774353,0.16938012838363647,False,0.290775,0,0.7092249989509583,0.4764631390571594,True,0.033566706,0,0.9664332941174507,0.7336714342236519,0.8562067,1,0.1437932848930359,-0.08896857500076294,-0.08896857500076294,False,0.49948028326034544,924.0,1.1927812099456787,0.06622741371393204,0.07875661551952362,0.0009261696832254529,0.004637286998331547,0.27297502756118774,0.0,0.01529297698289156,0.0554487407207489,0.0,0.0,-0.017343508079648018,0.0,C82,C55,0.17203935980796814,0.17203935980796814,C79,0.0903821048559621,-0.0903821048559621,1.0,0.19013428688049316,0.44367992877960205,0.1633994017029181,0.27105648238981556,15.0
34562,1475,2171,80,1,33844,1333,2165,1,1.0,0.7653347,1.182153,1,0.23466527462005615,0.43045247,0,0.5695475339889526,0.3348822593688965,True,0.28992394,0,0.7100760638713837,0.4754107892513275,True,0.9604762,1,0.03952378034591675,-0.1951414942741394,0.9624176,1,0.0375823974609375,-0.19708287715911865,-0.19708287715911865,False,0.49837083101272583,52.0,1.1821529865264893,0.08393999189138412,0.09417983889579773,0.0009792149066925049,0.004697990603744984,0.11546844244003296,-0.03757413104176521,0.017532188445329666,-1.6752153635025024,0.0,0.0,0.0012038192944601178,0.0,C80,C22,0.24464682675898075,0.24464682675898075,C78,0.08172808957169764,-0.08172808957169764,4.0,0.5011229515075684,0.8679783344268799,0.3771597509330604,0.6328782190144908,208.0
22934,732,6596,13,1,22661,688,6562,1,1.0,0.87281305,1.9260638,1,0.12718695402145386,0.6019969,1,0.39800310134887695,0.2708161473274231,False,0.40427065,0,0.5957293510437012,0.4685423970222473,True,0.95001364,1,0.04998636245727539,-0.07720059156417847,0.88381237,1,0.11618763208389282,-0.010999321937561035,-0.07720059156417847,False,0.4947267884016037,133.0,1.9260637760162354,0.06568413972854614,0.07806195318698883,0.0008987047476693988,0.0044948323629796505,-0.26662909984588623,-0.05816776677966118,0.02381991222500801,0.26506292819976807,0.0,0.0,-6.544964708155021e-05,0.0,C13,C12,0.07624310255050659,0.07624310255050659,C12,0.07624310255050659,0.07624310255050659,12.0,-0.006779233459383249,-0.0068980311043560505,0.09520675882595242,0.03318008972567195,21.0
33630,1402,13291,12,1,32942,1269,13171,1,1.0,0.6794579,0.751282,1,0.3205420970916748,0.30104765,0,0.6989523470401764,0.3784102499485016,True,0.2068121,0,0.7931879013776779,0.4726458042860031,True,0.9705775,1,0.029422521591186523,-0.2911195755004883,0.94722867,1,0.05277132987976074,-0.26777076721191406,-0.2911195755004883,False,0.4930295413732529,174.0,0.7512819766998291,0.07231107354164124,0.08687695860862732,0.0009557968587614596,0.004856537561863661,-0.33821532130241394,-0.06392805278301239,-0.00914041232317686,-1.3742344379425049,0.0,0.0,-0.0018516498384997249,0.0,C12,C12,0.04901075636735186,-0.04901075636735186,C13,0.03551498055458069,0.03551498055458069,1.0,0.22829069197177887,0.5210936069488525,0.045893063324911054,0.040360942012091686,97.0
22932,732,12394,13,1,22659,688,12283,1,1.0,0.89921755,2.1885607,1,0.10078245401382446,0.64704764,1,0.35295236110687256,0.2521699070930481,False,0.43447244,0,0.5655275583267212,0.46474510431289673,True,0.96097046,1,0.03902953863143921,-0.061752915382385254,0.9081628,1,0.09183722734451294,-0.008945226669311523,-0.061752915382385254,False,0.491721630692482,131.0,2.188560724258423,0.06568413972854614,0.07806195318698883,0.0008987047476693988,0.0044948323629796505,-0.26662909984588623,-0.05816776677966118,0.02381991222500801,0.33397024869918823,0.0,0.0,-6.544964708155021e-05,0.0,C13,C12,0.07624310255050659,0.07624310255050659,C12,0.07624310255050659,0.07624310255050659,12.0,-0.006779233459383249,-0.0068980311043560505,0.09520675882595242,0.03318008972567195,21.0
10227,489,7716,"1,24,44",1,10037,450,7676,3,1.0,0.6906435,0.8031292,1,0.3093565106391907,0.34806576,0,0.6519342362880707,0.34257772564888,True,0.22304735,0,0.7769526541233063,0.4675961434841156,True,0.60257107,1,0.3974289298057556,0.08807241916656494,0.9233566,1,0.07664340734481812,-0.23271310329437256,-0.23271310329437256,False,0.4883154481649399,821.0,0.8031291961669922,0.09665975719690323,0.09927704930305481,0.0009874386014416814,0.004629351664334536,-0.04411055147647858,-0.03812947869300842,0.0047225868329405785,-1.4079617261886597,0.0,0.0,0.0030856546945869923,0.0,C44,C1,0.6478559747338295,0.6478559747338295,C1,0.6478559747338295,0.6478559747338295,20.0,-0.2552739977836609,-0.20373359322547913,0.903737604530761,0.4860461184835127,111.0
49698,2464,12504,95,1,48251,2151,12392,1,1.0,0.93248916,2.6255689,1,0.06751084327697754,0.61883676,1,0.38116323947906494,0.3136523962020874,False,0.47251976,0,0.5274802446365356,0.4599694013595581,True,0.9691486,1,0.030851423740386963,-0.036659419536590576,0.95218176,1,0.04781824350357056,-0.019692599773406982,-0.036659419536590576,False,0.4879440760612488,123.0,2.6255688667297363,0.06248331442475319,0.07959713786840439,0.0009304691920988262,0.00467988895252347,0.1514672040939331,0.0,0.009302850812673569,0.7724177837371826,0.0,0.0,-0.008866967633366585,0.0,C95,C98,0.22492187470197678,0.22492187470197678,C98,0.22492187470197678,0.22492187470197678,33.0,0.9071627855300903,1.2964692115783691,0.9116232179803774,0.9188243946358589,212.0
40781,2046,7180,97,1,39715,1817,7144,1,1.0,0.6146537,0.46691656,1,0.38534629344940186,0.35447907,0,0.6455209255218506,0.26017463207244873,True,0.14826818,0,0.8517318218946457,0.46638552844524384,True,0.7687532,1,0.23124682903289795,-0.1540994644165039,0.82401687,1,0.17598313093185425,-0.2093631625175476,-0.2093631625175476,False,0.48482513964176177,803.0,0.466916561126709,0.07228483259677887,0.08860623836517334,0.0009932828834280372,0.0046765427105128765,0.31996697187423706,0.0,0.014768657274544239,-0.09276390075683594,0.0,0.0,-0.0024114542175084352,0.0,C97,C96,0.20875434577465057,0.20875434577465057,C96,0.20875434577465057,0.20875434577465057,3.0,-0.6411747932434082,-1.1167963743209839,0.3458572244271636,0.5610187105236254,15.0
52320,2490,275,97,0,50862,2177,275,1,0.0,0.26131862,-1.0391262,0,0.2613186240196228,0.63753927,1,0.637539267539978,0.3762206435203552,True,0.72397596,1,0.7239759564399719,0.4626573324203491,True,0.069034554,0,0.06903455406427383,-0.19228406995534897,0.21724205,0,0.2172420471906662,-0.044076576828956604,-0.19228406995534897,False,0.4848177736997604,686.0,-1.0391261577606201,0.06473788619041443,0.08118535578250885,0.0009451454388909042,0.0042952061630785465,0.31996697187423706,0.0,0.014768657274544239,-1.1922175884246826,0.0,0.0,0.002481187926605344,0.0,C97,C96,0.21865257620811462,0.21865257620811462,C96,0.21865257620811462,0.21865257620811462,2.0,0.35698285698890686,0.7218453884124756,0.7471497366204858,0.7987421811499386,108.0
36760,1657,15970,13,1,35937,1496,15681,1,1.0,0.83427745,1.6162508,1,0.1657225489616394,0.5000433,1,0.49995672702789307,0.33423417806625366,False,0.3749557,0,0.6250442862510681,0.4593217372894287,True,0.9667694,1,0.033230602741241455,-0.13249194622039795,0.9159096,1,0.08409041166305542,-0.08163213729858398,-0.13249194622039795,False,0.4843500608205795,97.0,1.61625075340271,0.06864206492900848,0.08536732196807861,0.0009828265756368637,0.0046773310750722885,-0.26662909984588623,-0.05816776677966118,0.02381991222500801,-0.11507008969783783,0.0,0.0,5.4783671657787636e-05,0.0,C13,C12,0.07660943269729614,0.07660943269729614,C12,0.07660943269729614,0.07660943269729614,6.0,0.9129146933555603,1.3224687576293945,0.10074904497560055,0.17984910762093123,47.0
37331,1698,2095,7,1,36493,1534,2089,1,1.0,0.76645005,1.1883736,1,0.23354995250701904,0.44767702,0,0.5523229837417603,0.3187730312347412,True,0.305711,0,0.6942889988422394,0.46073904633522034,True,0.9725748,1,0.02742522954940796,-0.20612472295761108,0.9771738,1,0.022826194763183594,-0.21072375774383545,-0.21072375774383545,False,0.4837325477600098,653.0,1.1883735656738281,0.06864206492900848,0.08536732196807861,0.0009828265756368637,0.0046773310750722885,-0.10302042216062546,-0.02115754596889019,0.02067607268691063,-1.512642741203308,0.0,0.0,-0.07144466042518616,0.0,C7,C44,0.6923052854835987,-0.6923052854835987,C44,0.6923052854835987,-0.6923052854835987,3.0,0.486995667219162,0.8898231983184814,0.8005391873884946,1.2637287698719972,51.0
41801,2184,15966,13,1,40635,1926,15677,1,1.0,0.74420583,1.0679445,1,0.2557941675186157,0.37013513,0,0.6298648715019226,0.3740707039833069,True,0.28599545,0,0.7140045464038849,0.45821037888526917,True,0.8875508,1,0.11244922876358032,-0.1433449387550354,0.9562509,1,0.043749094009399414,-0.2120450735092163,-0.2120450735092163,False,0.48053655385971067,699.0,1.0679445266723633,0.06622741371393204,0.07875661551952362,0.0009261696832254529,0.004637286998331547,-0.26662909984588623,-0.05816776677966118,0.02381991222500801,-0.8749169111251831,0.0,0.0,0.0002557228144723922,0.0,C13,C12,0.07694810628890991,0.07694810628890991,C14,0.01603259943294688,-0.01603259943294688,4.0,0.49941396713256836,0.8654608726501465,0.01603259943294688,0.02188249158234382,4.0
40949,2062,7963,82,1,39879,1832,7921,1,1.0,0.5998875,0.40499628,1,0.400112509727478,0.140645,0,0.8593550026416779,0.45924249291419983,True,0.13759753,0,0.862402468919754,0.462289959192276,True,0.7159345,1,0.28406548500061035,-0.11604702472686768,0.8316503,1,0.16834968328475952,-0.2317628264427185,-0.2317628264427185,False,0.48028658390045165,967.0,0.40499627590179443,0.07228483259677887,0.08860623836517334,0.0009932828834280372,0.0046765427105128765,0.27297502756118774,0.0,0.01529297698289156,-0.7694675326347351,0.0,0.0,-0.02798580378293991,0.0,C82,C55,0.17418396472930908,0.17418396472930908,C55,0.17418396472930908,0.17418396472930908,5.0,-0.6992722749710083,-0.8819917440414429,0.5949168795486912,0.48263406560396416,31.0
4671,130,8500,"1,24,44",1,4600,118,8443,3,1.0,0.759288,1.1487801,1,0.2407119870185852,0.30515513,0,0.6948448717594147,0.45413288474082947,True,0.30191958,0,0.6980804204940796,0.4573684334754944,True,0.87271523,1,0.12728476524353027,-0.11342722177505493,0.90636635,1,0.09363365173339844,-0.14707833528518677,-0.14707833528518677,False,0.4801470738649368,504.0,1.148780107498169,0.0814325362443924,0.09073988348245621,0.0009601791389286518,0.004653887823224068,-0.04411055147647858,-0.03812947869300842,0.0047225868329405785,-1.2806041240692139,0.0,0.0,0.008048580028116703,0.0,C44,C1,0.6475179269909859,0.6475179269909859,C1,0.6475179269909859,0.6475179269909859,1.0,0.20849475264549255,0.4813103675842285,0.9037439888925292,0.6586139936504144,104.0
51441,2481,9596,"3,121",0,49989,2168,9534,2,0.0,0.28089958,-0.94000375,0,0.2808995842933655,0.6498441,1,0.6498441100120544,0.36894452571868896,True,0.7371521,1,0.737152099609375,0.4562525153160095,True,0.58503544,1,0.5850354433059692,0.30413585901260376,0.5133576,1,0.5133575797080994,0.2324579954147339,0.2324579954147339,True,0.47782552778720855,837.0,-0.9400037527084351,0.06337235867977142,0.07970108091831207,0.0009304739651270211,0.004354481119662523,-0.023984774947166443,-0.017791226506233215,0.016234828159213066,-1.1808195114135742,0.0,0.0,-0.0020085745491087437,0.0,C3,C121,0.15273579955101013,0.15273579955101013,C121,0.15273579955101013,0.15273579955101013,14.0,-0.8306784629821777,-0.6878125667572021,0.23654923136200523,0.3418114079397322,123.0
41889,2196,16562,13,1,40720,1937,16197,1,1.0,0.7742037,1.2322017,1,0.22579628229141235,0.40159753,0,0.5984024703502655,0.37260618805885315,True,0.32126158,0,0.6787384152412415,0.4529421329498291,True,0.9910171,1,0.00898289680480957,-0.21681338548660278,0.9769006,1,0.023099422454833984,-0.20269685983657837,-0.21681338548660278,False,0.47616824448108674,784.0,1.2322016954421997,0.06622741371393204,0.07875661551952362,0.0009261696832254529,0.004637286998331547,-0.26662909984588623,-0.05816776677966118,0.02381991222500801,-1.2162058353424072,0.0,0.0,0.00035725795896723866,0.0,C13,C12,0.07697641849517822,0.07697641849517822,C14,0.016033329549827613,-0.016033329549827613,5.0,0.062451958656311035,0.1076737642288208,0.016033329549827613,0.002727681779919968,5.0
9770,455,5934,"1,24,31",1,9581,416,5904,3,1.0,0.7865785,1.3044236,1,0.2134215235710144,0.39582017,0,0.6041798293590546,0.39075830578804016,True,0.33413002,0,0.6658699810504913,0.45244845747947693,True,0.9634623,1,0.03653770685195923,-0.17688381671905518,0.85909235,1,0.1409076452255249,-0.0725138783454895,-0.17688381671905518,False,0.4760458117723465,365.0,1.3044235706329346,0.09665975719690323,0.09927704930305481,0.0009874386014416814,0.004629351664334536,-0.13460439443588257,-0.042379219084978104,-0.004229493904858828,-0.036788418889045715,0.0,0.0,-0.00041685299947857857,0.0,C1,C44,0.5947983339428902,0.5947983339428902,C44,0.5947983339428902,0.5947983339428902,11.0,-0.7616509199142456,-0.8180367946624756,1.166003254817042,1.7150363799461015,70.0
20563,624,8720,"12,13",0,20323,583,8661,2,0.0,0.11619212,-2.0289948,0,0.11619211733341217,0.38525936,0,0.38525936007499695,0.2690672427415848,False,0.5643415,1,0.5643414855003357,0.4481493681669235,True,0.14285052,0,0.14285051822662354,0.026658400893211365,0.18610066,0,0.18610066175460815,0.06990854442119598,0.026658400893211365,False,0.47466360464692114,867.0,-2.0289947986602783,0.0631941556930542,0.07961639761924744,0.0009310681489296257,0.004329904913902283,-0.30242225527763367,-0.061047907918691635,0.0073397536762058735,-2.220301389694214,0.0,0.0,0.0013661470729857683,0.0,C12,C13,0.0839371383190155,-0.0839371383190155,C13,0.0839371383190155,-0.0839371383190155,33.0,-0.40629464387893677,-0.9811687469482422,0.2474411663133651,0.31690159924006206,184.0
10213,489,6323,"1,24,44",1,10023,450,6292,3,1.0,0.81787246,1.5019991,1,0.18212753534317017,0.44289985,0,0.5571001470088959,0.3749726116657257,True,0.36883768,0,0.6311623156070709,0.44903478026390076,True,0.75238436,1,0.24761563539505005,0.06548810005187988,0.96065515,1,0.039344847202301025,-0.14278268814086914,-0.14278268814086914,False,0.4735709542036057,807.0,1.5019991397857666,0.09665975719690323,0.09927704930305481,0.0009874386014416814,0.004629351664334536,-0.04411055147647858,-0.03812947869300842,0.0047225868329405785,-1.3408507108688354,0.0,0.0,0.0030856546945869923,0.0,C44,C1,0.6478559747338295,0.6478559747338295,C1,0.6478559747338295,0.6478559747338295,20.0,-0.2552739977836609,-0.20373359322547913,0.903737604530761,0.4860461184835127,111.0
36342,1643,15296,13,1,35537,1482,15098,1,1.0,0.879219,1.9850546,1,0.12078100442886353,0.5147276,1,0.4852724075317383,0.36449140310287476,False,0.43203884,0,0.5679611563682556,0.4471801519393921,True,0.9576508,1,0.04234921932220459,-0.07843178510665894,0.9525444,1,0.04745560884475708,-0.07332539558410645,-0.07843178510665894,False,0.4735567218065262,721.0,1.985054612159729,0.07231409847736359,0.08477415144443512,0.0009372938657179475,0.004661704413592815,-0.26662909984588623,-0.05816776677966118,0.02381991222500801,-0.08788672089576721,0.0,0.0,3.778933751164004e-05,0.0,C13,C12,0.07599851489067078,0.07599851489067078,C12,0.07599851489067078,0.07599851489067078,2.0,0.40359094738960266,0.8003883361816406,0.10340605003329983,0.10328365987710156,43.0
17111,596,904,42,0,16884,555,903,1,0.0,0.2745359,-0.9717296,0,0.2745358943939209,0.6350818,1,0.6350818276405334,0.36054593324661255,True,0.7255719,1,0.725571870803833,0.4510359764099121,True,0.52944005,1,0.5294400453567505,0.2549041509628296,0.55765504,1,0.5576550364494324,0.2831191420555115,0.2549041509628296,True,0.4727998995780945,500.0,-0.971729576587677,0.06886047124862671,0.08392138034105301,0.0009554334683343768,0.00465427478775382,0.20446795225143433,0.0,0.013171108439564705,-1.5037957429885864,0.0,0.0,0.0015873241936787963,0.0,C42,C81,0.2398269735276699,0.2398269735276699,C81,0.2398269735276699,0.2398269735276699,2.0,0.2767091989517212,0.5801631212234497,1.1220079441554844,0.8024369477940988,134.0
34914,1508,7091,59,1,34179,1361,7056,1,1.0,0.83643466,1.631936,1,0.16356533765792847,0.518055,1,0.4819449782371521,0.31837964057922363,False,0.3907125,0,0.6092875003814697,0.44572216272354126,True,0.8287986,1,0.1712014079093933,0.007636070251464844,0.89876336,1,0.10123664140701294,-0.06232869625091553,-0.06232869625091553,False,0.4708152025938034,387.0,1.631935954093933,0.08393999189138412,0.09417983889579773,0.0009792149066925049,0.004697990603744984,0.21462328732013702,0.0,0.01383825484663248,0.12673461437225342,0.0,0.0,-0.002873210236430168,0.0,C59,C98,0.17911280319094658,0.17911280319094658,C98,0.17911280319094658,0.17911280319094658,2.0,-0.576137125492096,-1.0722371339797974,0.63328080996871,0.7927152393331061,57.0
29200,1112,7516,44,1,28671,1028,7476,1,1.0,0.65633905,0.647022,1,0.34366095066070557,0.3375609,0,0.6624391078948975,0.3187781572341919,True,0.20545827,0,0.7945417314767838,0.4508807808160782,True,0.9859016,1,0.014098405838012695,-0.32956254482269287,0.8631851,1,0.1368148922920227,-0.20684605836868286,-0.32956254482269287,False,0.470570952296257,1023.0,0.647022008895874,0.06756800413131714,0.08334168791770935,0.0009539414313621819,0.004551129415631294,0.11600907146930695,-0.03237522765994072,0.022206882014870644,-0.36316442489624023,0.0,0.0,0.008302431553602219,0.0,C44,C1,0.6492915228009224,0.6492915228009224,C1,0.6492915228009224,0.6492915228009224,1.0,-0.2400168627500534,-0.5442923307418823,0.8718108345055953,0.732876259326161,26.0
7543,315,10562,"32,33",0,7398,282,10481,2,0.0,0.32960626,-0.7099664,0,0.3296062648296356,0.8291335,1,0.8291335105895996,0.499527245759964,True,0.7792935,1,0.7792934775352478,0.4496872127056122,True,0.5800265,1,0.5800265073776245,0.2504202425479889,0.7903869,1,0.7903869152069092,0.46078065037727356,0.2504202425479889,True,0.4697990247607231,230.0,-0.7099664211273193,0.07549379765987396,0.08748462796211243,0.000964690581895411,0.004368380177766085,0.48457473516464233,0.05433931201696396,0.006642318330705166,-1.2515313625335693,0.0,0.0,0.0005825373809784651,0.0,C32,C33,0.09093517065048218,0.09093517065048218,C33,0.09093517065048218,0.09093517065048218,15.0,-1.6950552463531494,-1.678335428237915,0.13334905164447264,0.386904330664209,133.0
33643,1402,2669,52,1,32955,1269,2659,1,1.0,0.8510991,1.7432475,1,0.14890092611312866,0.39678264,0,0.603217363357544,0.4543164372444153,True,0.4075005,0,0.5924994945526123,0.44359856843948364,True,0.9748492,1,0.025150775909423828,-0.12375015020370483,0.9590172,1,0.04098278284072876,-0.1079181432723999,-0.12375015020370483,False,0.4691315406560898,187.0,1.7432475090026855,0.07231107354164124,0.08687695860862732,0.0009557968587614596,0.004856537561863661,0.1531190127134323,0.0,0.02130289375782013,-0.43719959259033203,0.0,0.0,0.04391636326909065,0.0,C52,C53,0.2746940739452839,0.2746940739452839,C53,0.2746940739452839,0.2746940739452839,13.0,-0.5856660008430481,-0.45282047986984253,0.7377074542455375,1.1126463869233914,164.0
39299,1900,14416,97,1,38320,1691,14271,1,1.0,0.5786975,0.31742877,1,0.4213024973869324,0.39503404,0,0.6049659550189972,0.18366345763206482,True,0.12794393,0,0.8720560669898987,0.4507535696029663,True,0.82469195,1,0.17530804872512817,-0.2459944486618042,0.70137024,1,0.2986297607421875,-0.12267273664474487,-0.2459944486618042,False,0.46811449468135835,432.0,0.3174287676811218,0.07069870829582214,0.0885387659072876,0.0009934463305398822,0.004672253970056772,0.31996697187423706,0.0,0.014768657274544239,-0.48222148418426514,0.0,0.0,-0.002237822161987424,0.0,C97,C96,0.21611276268959045,0.21611276268959045,C79,0.06387084093876183,-0.06387084093876183,4.0,0.21739012002944946,0.4799063205718994,0.2330278370063752,0.28907775560488685,29.0
32630,1333,228,80,1,31970,1208,228,1,1.0,0.63686854,0.56179833,1,0.36313146352767944,0.27681533,0,0.7231846749782562,0.3600532114505768,True,0.18803188,0,0.8119681179523468,0.44883665442466736,True,0.9182421,1,0.08175790309906006,-0.2813735604286194,0.86476266,1,0.13523733615875244,-0.227894127368927,-0.2813735604286194,False,0.46794271051883696,226.0,0.5617983341217041,0.06292121112346649,0.0827665701508522,0.000962170772254467,0.0047469837591052055,0.11546844244003296,-0.03757413104176521,0.017532188445329666,-1.510697603225708,0.0,0.0,0.003247479209676385,0.0,C80,C22,0.24234377592802048,0.24234377592802048,C55,0.15024335402995348,0.15024335402995348,12.0,-0.992978036403656,-0.6770711541175842,0.4134088888822589,0.4222265659917964,48.0
23348,755,15219,12,1,23054,709,15028,1,1.0,0.7853471,1.2971032,1,0.2146528959274292,0.39612603,0,0.6038739681243896,0.38922107219696045,True,0.3419673,0,0.6580326855182648,0.44337978959083557,True,0.8189352,1,0.18106478452682495,-0.03358811140060425,0.89433545,1,0.10566455125808716,-0.10898834466934204,-0.10898834466934204,False,0.4669402027130127,526.0,1.2971031665802002,0.06568413972854614,0.07806195318698883,0.0008987047476693988,0.0044948323629796505,-0.33821532130241394,-0.06392805278301239,-0.00914041232317686,-0.3216657340526581,0.0,0.0,-0.0016004563076421618,0.0,C12,C12,0.04897789953975007,-0.04897789953975007,C13,0.03285440802574158,0.03285440802574158,14.0,-0.15046623349189758,-0.28199493885040283,0.06530399873736314,0.029443900555239284,38.0
8723,402,7395,97,1,8547,364,7357,1,1.0,0.7609236,1.1577499,1,0.2390763759613037,0.4704357,0,0.5295642912387848,0.2904879152774811,True,0.3168421,0,0.68315789103508,0.44408151507377625,True,0.93738145,1,0.06261855363845825,-0.17645782232284546,0.919273,1,0.0807269811630249,-0.1583493947982788,-0.17645782232284546,False,0.46690922379493716,355.0,1.157749891281128,0.061906248331069946,0.0818159431219101,0.0009449436911381781,0.00444877240806818,0.31996697187423706,0.0,0.014768657274544239,-0.4170542359352112,0.0,0.0,-0.003263623220846057,0.0,C97,C96,0.22856184840202332,0.22856184840202332,C96,0.22856184840202332,0.22856184840202332,4.0,-0.4468379318714142,-0.8157376050949097,0.43685231398558244,0.4317390740896031,24.0
50468,2472,12584,13,0,49019,2159,12472,1,0.0,0.26195094,-1.0358531,0,0.26195093989372253,0.6319999,1,0.6319999098777771,0.37004896998405457,True,0.7054489,1,0.7054489254951477,0.44349798560142517,True,0.15692714,0,0.15692713856697083,-0.10502380132675171,0.22153966,0,0.2215396612882614,-0.04041127860546112,-0.10502380132675171,False,0.4656394574046135,891.0,-1.0358531475067139,0.06248331442475319,0.07959713786840439,0.0009304691920988262,0.00467988895252347,-0.26662909984588623,-0.05816776677966118,0.02381991222500801,-1.1954330205917358,0.0,0.0,-0.000764291500672698,0.0,C13,C12,0.06877699494361877,0.06877699494361877,C12,0.06877699494361877,0.06877699494361877,10.0,-0.22935937345027924,-0.01022462546825409,0.1094993021524715,0.07284125144200876,119.0
50629,2474,236,81,1,49180,2161,236,1,1.0,0.62274224,0.501204,1,0.377257764339447,0.68962497,1,0.31037503480911255,-0.06688272953033447,False,0.17587866,0,0.8241213411092758,0.4468635767698288,True,0.0797499,0,0.9202501028776169,0.5429923385381699,0.30108592,0,0.6989140808582306,0.32165631651878357,0.32165631651878357,True,0.46554584383964537,28.0,0.5012040138244629,0.06337235867977142,0.07970108091831207,0.0009304739651270211,0.004354481119662523,0.10735255479812622,0.0,0.007805482484400272,-0.16477470099925995,0.0,0.0,0.00019070814596489072,0.0,C81,C37,0.17142358794808388,0.17142358794808388,C37,0.17142358794808388,0.17142358794808388,1.0,0.1533907651901245,0.3660869598388672,1.0028946052771062,1.152254956417496,81.0
40504,2008,5666,97,1,39483,1787,5640,1,1.0,0.5843345,0.34059286,1,0.41566550731658936,0.31723234,0,0.6827676594257355,0.2671021521091461,True,0.13662542,0,0.8633745759725571,0.4477090686559677,True,0.95434386,1,0.04565614461898804,-0.3700093626976013,0.8300341,1,0.169965922832489,-0.24569958448410034,-0.3700093626976013,False,0.46523910343647,571.0,0.3405928611755371,0.07228483259677887,0.08860623836517334,0.0009932828834280372,0.0046765427105128765,0.31996697187423706,0.0,0.014768657274544239,-0.9762841463088989,0.0,0.0,-0.005019668024033308,0.0,C97,C96,0.22983047366142273,0.22983047366142273,C96,0.22983047366142273,0.22983047366142273,7.0,-0.29083719849586487,-0.5867246985435486,0.4319019907852635,0.4356810093716693,36.0
30360,1221,1342,80,1,29734,1106,1337,1,1.0,0.8166469,1.4937928,1,0.18335312604904175,0.61126584,1,0.3887341618537903,0.20538103580474854,False,0.3773183,0,0.6226817071437836,0.4393285810947418,True,0.8465583,1,0.15344172716140747,-0.029911398887634277,0.83239806,1,0.16760194301605225,-0.015751183032989502,-0.029911398887634277,False,0.4638279873132706,38.0,1.4937927722930908,0.0661398321390152,0.0820954442024231,0.0009315940551459789,0.0047149513848125935,0.11546844244003296,-0.03757413104176521,0.017532188445329666,-0.14265130460262299,0.0,0.0,0.00062243064166978,0.0,C80,C22,0.23141102492809296,0.23141102492809296,C78,0.08221005910309032,-0.08221005910309032,5.0,0.5951026678085327,0.9587721824645996,0.4077119497960666,0.41669944490985206,84.0
24592,810,634,48,1,24268,762,633,1,1.0,0.8730736,1.928412,1,0.12692642211914062,0.441936,0,0.5580640137195587,0.4311375916004181,True,0.4355142,0,0.5644857883453369,0.4375593662261963,True,0.92442626,1,0.07557374238967896,-0.05135267972946167,0.892036,1,0.10796397924423218,-0.018962442874908447,-0.05135267972946167,False,0.4637515735626221,716.0,1.9284119606018066,0.07239529490470886,0.0885491669178009,0.0009831456700339913,0.0042761280201375484,0.0038088858127593994,-0.05225143954157829,-0.006445647217333317,0.5738949775695801,0.0,0.0,-0.0014370611170306802,0.0,C48,C1,0.5572758056223392,0.5572758056223392,C1,0.5572758056223392,0.5572758056223392,4.0,-0.7348083853721619,-1.1954870223999023,1.0666840826161206,1.446621069412445,19.0
32881,1364,2938,38,1,32211,1236,2927,1,1.0,0.71337724,0.9118435,1,0.2866227626800537,0.37078682,0,0.6292131841182709,0.34259042143821716,True,0.2713552,0,0.7286447882652283,0.44202202558517456,True,0.9833001,1,0.016699910163879395,-0.2699228525161743,0.9444919,1,0.0555080771446228,-0.2311146855354309,-0.2699228525161743,False,0.4634233427047729,467.0,0.911843478679657,0.06292121112346649,0.0827665701508522,0.000962170772254467,0.0047469837591052055,0.15489284694194794,0.0,0.010898430831730366,-0.3833606243133545,0.0,0.0,-0.004216778092086315,0.0,C38,C42,0.3904075101017952,0.3904075101017952,C42,0.3904075101017952,0.3904075101017952,1.0,0.17439138889312744,0.41082221269607544,0.7589581862557679,0.8169543284459481,46.0
36972,1668,604,"45,58",1,36143,1506,603,2,1.0,0.7802461,1.267101,1,0.2197539210319519,0.38101205,0,0.6189879477024078,0.39923402667045593,True,0.34081978,0,0.659180223941803,0.4394263029098511,True,0.8730852,1,0.12691479921340942,-0.09283912181854248,0.8757926,1,0.12420737743377686,-0.09554654359817505,-0.09554654359817505,False,0.4628336852788925,303.0,1.2671010494232178,0.06864206492900848,0.08536732196807861,0.0009828265756368637,0.0046773310750722885,0.307030588388443,0.021055102348327637,0.019583767279982567,-0.11022473126649857,0.0,0.0,0.00867584627121687,0.0,C45,C58,0.5054179430007935,0.5054179430007935,C58,0.5054179430007935,0.5054179430007935,9.0,0.43335551023483276,0.38816583156585693,0.9542026562485262,0.8110364719355309,58.0
44942,2418,8720,"12,13",0,43512,2105,8661,2,0.0,0.1649368,-1.621945,0,0.16493679583072662,0.47426555,0,0.47426554560661316,0.30932874977588654,False,0.60217685,1,0.6021768450737,0.4372400492429733,True,0.17371003,0,0.17371003329753876,0.008773237466812134,0.17087841,0,0.17087841033935547,0.005941614508628845,0.005941614508628845,False,0.4622919453680515,504.0,-1.6219450235366821,0.060915473848581314,0.07779769599437714,0.000925813801586628,0.004350275732576847,-0.30242225527763367,-0.061047907918691635,0.0073397536762058735,-1.7362866401672363,0.0,0.0,0.0023316768929362297,0.0,C12,C13,0.08480030298233032,-0.08480030298233032,C13,0.08480030298233032,-0.08480030298233032,22.0,-0.09669557213783264,-0.12742717564105988,0.2511744878866011,0.15418807515504232,188.0
48471,2453,904,42,0,47028,2140,903,1,0.0,0.21096207,-1.3191361,0,0.21096207201480865,0.5500718,1,0.5500717759132385,0.33910970389842987,True,0.6493147,1,0.6493147015571594,0.43835262954235077,True,0.3659962,0,0.36599621176719666,0.155034139752388,0.60015297,1,0.6001529693603516,0.3891908973455429,0.155034139752388,False,0.46202376738190654,948.0,-1.319136142730713,0.06532730162143707,0.0823780968785286,0.0009529517847113311,0.004645715467631817,0.20446795225143433,0.0,0.013171108439564705,-1.9569810628890991,0.0,0.0,-0.0013526675757020712,0.0,C42,C81,0.23938317224383354,0.23938317224383354,C81,0.23938317224383354,0.23938317224383354,4.0,0.49321067333221436,0.8563085794448853,0.9613938473630697,0.8236970569650588,105.0
45859,2428,9233,13,1,44426,2115,9172,1,1.0,0.67531425,0.7323204,1,0.3246857523918152,0.44134912,0,0.5586508810520172,0.23396512866020203,True,0.23689957,0,0.7631004303693771,0.43841467797756195,True,0.9475476,1,0.05245238542556763,-0.27223336696624756,0.9545555,1,0.045444488525390625,-0.27924126386642456,-0.27924126386642456,False,0.4586741054058075,394.0,0.7323204278945923,0.06545133888721466,0.08283867686986923,0.0009573831921443343,0.004608755465596914,-0.26662909984588623,-0.05816776677966118,0.02381991222500801,-1.1994179487228394,0.0,0.0,0.0003881677985191345,0.0,C13,C12,0.0769968330860138,0.0769968330860138,C12,0.0769968330860138,0.0769968330860138,3.0,-0.18533776700496674,-0.41528815031051636,0.10835820503052673,0.07218455305918806,169.0
18226,603,13386,9,0,17996,562,13264,1,0.0,0.24896784,-1.1041247,0,0.24896784126758575,0.60083693,1,0.6008369326591492,0.3518690913915634,True,0.68488663,1,0.684886634349823,0.43591879308223724,True,0.13355501,0,0.13355500996112823,-0.11541283130645752,0.4848708,0,0.4848707914352417,0.23590295016765594,-0.11541283130645752,False,0.45844975784420966,588.0,-1.104124665260315,0.0684746578335762,0.0841505229473114,0.0009557458688504994,0.00469803623855114,0.38562601804733276,0.0337739959359169,0.024656817317008972,-1.6951076984405518,0.0,0.0,0.0020884829573333263,0.0,C9,C5,0.45127966115251184,-0.45127966115251184,C5,0.45127966115251184,-0.45127966115251184,11.0,0.39144790172576904,0.3708380460739136,0.9855370734130702,0.6551274488232067,128.0
41306,2106,8113,13,1,40203,1866,8071,1,1.0,0.500596,0.0023839474,1,0.49940401315689087,0.18245184,0,0.8175481557846069,0.31814414262771606,True,0.057509303,0,0.9424906969070435,0.4430866837501526,True,0.87753296,1,0.122467041015625,-0.37693697214126587,0.93320316,1,0.06679683923721313,-0.43260717391967773,-0.43260717391967773,False,0.45810456335544586,267.0,0.0023839473724365234,0.06622741371393204,0.07875661551952362,0.0009261696832254529,0.004637286998331547,-0.26662909984588623,-0.05816776677966118,0.02381991222500801,-1.4405370950698853,0.0,0.0,0.0018458148697391152,0.0,C13,C12,0.07681706547737122,0.07681706547737122,C14,0.01602918536082143,-0.01602918536082143,9.0,-1.2955187559127808,-1.7724618911743164,0.029180897548940266,0.06674148348574338,37.0
42163,2243,248,82,1,40969,1976,248,1,1.0,0.8512998,1.7448319,1,0.14870017766952515,0.32026288,0,0.6797371208667755,0.5310369431972504,True,0.41968998,0,0.5803100168704987,0.4316098392009735,True,0.94690216,1,0.05309784412384033,-0.09560233354568481,0.9677439,1,0.032256126403808594,-0.11644405126571655,-0.11644405126571655,False,0.4571488338708878,9.0,1.744831919670105,0.06800450384616852,0.0808601826429367,0.0009331831824965775,0.004615383688360453,0.27297502756118774,0.0,0.01529297698289156,-0.29967963695526123,0.0,0.0,-0.05751602724194527,0.0,C82,C55,0.17647013813257217,0.17647013813257217,C42,0.1049844822846353,-0.1049844822846353,8.0,-0.834302544593811,-0.7003433704376221,0.29903978668153286,0.5217567027402318,32.0
10288,493,6480,98,1,10098,454,6449,1,1.0,0.83848614,1.6470071,1,0.16151386499404907,0.67955726,1,0.32044273614883423,0.15892887115478516,False,0.40735793,0,0.592642068862915,0.43112820386886597,True,0.6103576,1,0.3896424174308777,0.2281285524368286,0.43871835,0,0.5612816512584686,0.39976778626441956,0.2281285524368286,False,0.4562827879190445,882.0,1.6470071077346802,0.09665975719690323,0.09927704930305481,0.0009874386014416814,0.004629351664334536,0.287905216217041,0.0,0.02632562816143036,0.6290754079818726,0.0,0.0,-0.0069386912509799,0.0,C98,C59,0.25488388538360596,0.25488388538360596,C99,0.13062768802046776,0.13062768802046776,19.0,0.3363039493560791,0.7735240459442139,0.30621983436867595,0.2683714871000332,23.0
36172,1637,15222,12,1,35389,1476,15031,1,1.0,0.91822976,2.4185345,1,0.08177024126052856,0.4948376,0,0.505162388086319,0.4233921468257904,True,0.48981398,0,0.5101860165596008,0.42841577529907227,True,0.969636,1,0.03036397695541382,-0.051406264305114746,0.93165874,1,0.06834125518798828,-0.013428986072540283,-0.051406264305114746,False,0.4559626680612564,573.0,2.418534517288208,0.07231409847736359,0.08477415144443512,0.0009372938657179475,0.004661704413592815,-0.33821532130241394,-0.06392805278301239,-0.00914041232317686,0.5873773097991943,0.0,0.0,-0.000968481763266027,0.0,C12,C12,0.04890277318190783,-0.04890277318190783,C13,0.027293294668197632,0.027293294668197632,43.0,0.08164390176534653,0.5091361403465271,0.0649052980588749,0.0709234779517521,91.0
31742,1289,4177,53,1,31095,1168,4160,1,1.0,0.7923495,1.339146,1,0.20765048265457153,0.5187137,1,0.48128628730773926,0.2736358046531677,False,0.36183503,0,0.6381649672985077,0.43051448464393616,True,0.92400736,1,0.0759926438331604,-0.13165783882141113,0.9256387,1,0.07436132431030273,-0.1332891583442688,-0.1332891583442688,False,0.45428497016429903,375.0,1.3391460180282593,0.06456978619098663,0.08165393769741058,0.0009246870176866651,0.00457594683393836,0.45158201456069946,0.0,0.026771901175379753,-0.19074472784996033,0.0,0.0,-0.012139900587499142,0.0,C53,C46,0.3703346848487854,0.3703346848487854,C79,0.09007284906692803,-0.09007284906692803,43.0,-0.6071283221244812,-1.1106328964233398,0.37442354392260313,0.5855643873217682,108.0
6326,259,1013,"3,121",1,6188,227,1012,2,1.0,0.88149685,2.006682,1,0.1185031533241272,0.56449753,1,0.43550246953964233,0.31699931621551514,False,0.4558811,0,0.5441189110279083,0.42561575770378113,True,0.9216148,1,0.07838517427444458,-0.04011797904968262,0.8925481,1,0.1074519157409668,-0.0110512375831604,-0.04011797904968262,False,0.4520606631040573,44.0,2.0066819190979004,0.05752991512417793,0.08026370406150818,0.000941227248404175,0.004619909450411797,-0.023984774947166443,-0.017791226506233215,0.016234828159213066,0.30809998512268066,0.0,0.0,0.001220625825226307,0.0,C3,C121,0.15216565132141113,0.15216565132141113,C121,0.15216565132141113,0.15216565132141113,9.0,0.6967638731002808,0.8929228782653809,0.25426112831701175,0.28565703009773236,120.0
42908,2379,796,96,1,41588,2072,795,1,1.0,0.58794606,0.3554809,1,0.4120539426803589,0.16079016,0,0.8392098397016525,0.42715589702129364,True,0.15392345,0,0.8460765480995178,0.43402260541915894,True,0.9934675,1,0.006532490253448486,-0.4055214524269104,0.9888049,1,0.011195123195648193,-0.4008588194847107,-0.4055214524269104,False,0.4516609871387482,628.0,0.3554809093475342,0.06800450384616852,0.0808601826429367,0.0009331831824965775,0.004615383688360453,0.3425596356391907,0.0,0.02231423929333687,-1.762740135192871,0.0,0.0,-0.008719850331544876,0.0,C96,C56,0.18275463581085205,0.18275463581085205,C97,0.09584549069404602,0.09584549069404602,30.0,-1.4823286533355713,-1.2729532718658447,0.09584549069404602,0.2640813481213655,30.0
49376,2462,8029,86,1,47931,2149,7987,1,1.0,0.76195866,1.1634479,1,0.23804134130477905,0.6157867,1,0.38421332836151123,0.14617198705673218,False,0.33406582,0,0.6659341752529144,0.4278928339481354,True,0.6103551,1,0.38964492082595825,0.1516035795211792,0.5327389,1,0.46726107597351074,0.2292197346687317,0.1516035795211792,False,0.450751593708992,827.0,1.1634478569030762,0.06483687460422516,0.08157513290643692,0.0009513451950624585,0.004712330177426338,0.25837472081184387,0.0,0.01106035616248846,0.5641491413116455,0.0,0.0,-0.0007787731592543423,0.0,C86,C29,0.28948473930358887,0.28948473930358887,C29,0.28948473930358887,0.28948473930358887,13.0,0.23185455799102783,0.006657004356384277,1.0203714470844716,0.6207687554469855,157.0
25579,852,8147,22,0,25244,803,8105,1,0.0,0.32473058,-0.7321159,0,0.3247305750846863,0.60984355,1,0.6098435521125793,0.28511297702789307,True,0.75497586,1,0.7549758553504944,0.4302452802658081,True,0.5721548,1,0.5721548199653625,0.24742424488067627,0.2509723,0,0.25097230076789856,-0.07375827431678772,-0.07375827431678772,False,0.45050336301326754,668.0,-0.7321159243583679,0.07210181653499603,0.08562391996383667,0.0009683289681561291,0.004125426523387432,-0.18408605456352234,-0.04681313782930374,0.013265552930533886,-0.3868863582611084,0.0,0.0,0.011664710938930511,0.0,C22,C80,0.37077000737190247,0.37077000737190247,C80,0.37077000737190247,0.37077000737190247,2.0,-0.4764356017112732,-0.9184751510620117,0.6164537488803035,0.6918099571517219,31.0
33938,1420,4543,30,1,33246,1286,4523,1,1.0,0.9056822,2.2620182,1,0.09431779384613037,0.5506468,1,0.4493532180786133,0.3550354242324829,False,0.4827259,0,0.5172741115093231,0.42295631766319275,True,0.9870451,1,0.012954890727996826,-0.08136290311813354,0.97198445,1,0.028015553951263428,-0.06630223989486694,-0.08136290311813354,False,0.45012678384780885,478.0,2.2620182037353516,0.07231107354164124,0.08687695860862732,0.0009557968587614596,0.004856537561863661,-0.1103825718164444,-0.0004303536843508482,0.008000646717846394,-0.6162254214286804,0.0,0.0,-0.07880332320928574,0.0,C30,C48,0.4587164744734764,-0.4587164744734764,C44,0.2847409565001726,-0.2847409565001726,5.0,-0.9374704360961914,-1.404318928718567,0.2847409565001726,0.666803343659286,5.0
47755,2447,5701,13,1,46314,2134,5674,1,1.0,0.7624612,1.1662207,1,0.23753881454467773,0.57406706,1,0.42593294382095337,0.18839412927627563,False,0.33638608,0,0.6636139154434204,0.4260751008987427,True,0.6364888,1,0.36351120471954346,0.12597239017486572,0.8829345,1,0.11706548929214478,-0.12047332525253296,-0.12047332525253296,False,0.44894893646240236,234.0,1.1662206649780273,0.06532730162143707,0.0823780968785286,0.0009529517847113311,0.004645715467631817,-0.26662909984588623,-0.05816776677966118,0.02381991222500801,-0.18327751755714417,0.0,0.0,-2.319398163308506e-06,0.0,C13,C12,0.07617506384849548,0.07617506384849548,C12,0.07617506384849548,0.07617506384849548,13.0,0.280778706073761,0.41431286931037903,0.1083871949249442,0.08992707907923815,128.0
34815,1500,10302,97,1,34083,1354,10224,1,1.0,0.6662787,0.6914019,1,0.3337212800979614,0.3619936,0,0.6380063891410828,0.30428510904312134,True,0.23742928,0,0.7625707238912582,0.4288494437932968,True,0.68813056,1,0.31186944246292114,-0.021851837635040283,0.7015056,1,0.2984943985939026,-0.03522688150405884,-0.03522688150405884,False,0.44883780539035795,291.0,0.6914018988609314,0.08393999189138412,0.09417983889579773,0.0009792149066925049,0.004697990603744984,0.31996697187423706,0.0,0.014768657274544239,0.04800917208194733,0.0,0.0,-0.0007930956198833883,0.0,C97,C96,0.21673405170440674,0.21673405170440674,C79,0.06203225557692349,-0.06203225557692349,1.0,0.19013428688049316,0.44367992877960205,0.27342909609433264,0.18792167803881843,16.0
12631,529,5205,"3,121",0,12433,490,5182,2,0.0,0.318982,-0.75845397,0,0.31898200511932373,0.6807801,1,0.6807801127433777,0.36179810762405396,True,0.74692655,1,0.7469265460968018,0.427944540977478,True,0.6596817,1,0.6596816778182983,0.3406996726989746,0.46255577,0,0.46255576610565186,0.14357376098632812,0.14357376098632812,False,0.4483750808238983,145.0,-0.7584539651870728,0.08067210018634796,0.0888662040233612,0.0009476303239353001,0.0047837249003350735,-0.023984774947166443,-0.017791226506233215,0.016234828159213066,-0.9794484972953796,0.0,0.0,-0.001936269924044609,0.0,C3,C121,0.15315991640090942,0.15315991640090942,C121,0.15315991640090942,0.15315991640090942,20.0,-0.599748969078064,-0.3921462297439575,0.22467056873938418,0.2482430781869942,119.0
17270,597,9179,"0,9",1,17042,556,9119,2,1.0,0.8629639,1.8401282,1,0.13703608512878418,0.4836937,0,0.5163063108921051,0.3792702257633209,True,0.44235355,0,0.5576464533805847,0.42061036825180054,True,0.9174268,1,0.08257317543029785,-0.05446290969848633,0.9055567,1,0.09444332122802734,-0.042592763900756836,-0.05446290969848633,False,0.446499285697937,658.0,1.8401281833648682,0.06886047124862671,0.08392138034105301,0.0009554334683343768,0.00465427478775382,0.29426637291908264,0.02768823690712452,0.017208987846970558,0.5512895584106445,0.0,0.0,-0.0020906433928757906,0.0,C9,C5,0.4511424293741584,-0.4511424293741584,C5,0.4511424293741584,-0.4511424293741584,2.0,0.31181228160858154,0.6431941986083984,0.9781823017146962,0.9070737836301324,63.0
18721,607,6691,"1,44",1,18488,566,6657,2,1.0,0.8101557,1.4510219,1,0.1898443102836609,0.46599972,0,0.5340002775192261,0.3441559672355652,True,0.3892148,0,0.610785186290741,0.4209408760070801,True,0.8585676,1,0.14143240451812744,-0.04841190576553345,0.8610178,1,0.13898217678070068,-0.050862133502960205,-0.050862133502960205,False,0.44524554669857025,56.0,1.4510219097137451,0.06407420337200165,0.08067664504051208,0.0009389349143020809,0.004593672696501017,-0.00790657103061676,-0.036322541534900665,0.00835494976490736,-0.04356276988983154,0.0,0.0,0.002145809354260564,0.0,C44,C1,0.6480348780751228,0.6480348780751228,C1,0.6480348780751228,0.6480348780751228,12.0,0.5315760374069214,0.9641094207763672,1.3219163456669776,1.7430217108574027,142.0
20609,624,3799,"3,121",0,20369,583,3785,2,0.0,0.268228,-1.0036316,0,0.2682279944419861,0.6164016,1,0.6164016127586365,0.3481736183166504,True,0.69130254,1,0.6913025379180908,0.42307454347610474,True,0.35270277,0,0.3527027666568756,0.08447477221488953,0.44929576,0,0.4492957592010498,0.18106776475906372,0.08447477221488953,False,0.44502770364284516,913.0,-1.003631591796875,0.0631941556930542,0.07961639761924744,0.0009310681489296257,0.004329904913902283,-0.023984774947166443,-0.017791226506233215,0.016234828159213066,-1.3198018074035645,0.0,0.0,-0.0018717891070991755,0.0,C3,C121,0.15288934111595154,0.15288934111595154,C121,0.15288934111595154,0.15288934111595154,14.0,-0.644580066204071,-0.7672765851020813,0.23712059922036133,0.33119291740793794,124.0
36504,1648,15300,13,1,35695,1487,15102,1,1.0,0.83731526,1.638387,1,0.16268473863601685,0.549244,1,0.4507560133934021,0.28807127475738525,False,0.4180799,0,0.5819200873374939,0.41923534870147705,True,0.9682676,1,0.031732380390167236,-0.1309523582458496,0.931079,1,0.0689210295677185,-0.09376370906829834,-0.1309523582458496,False,0.44435480654239656,879.0,1.6383869647979736,0.07231409847736359,0.08477415144443512,0.0009372938657179475,0.004661704413592815,-0.26662909984588623,-0.05816776677966118,0.02381991222500801,-0.07558678090572357,0.0,0.0,9.435019455850124e-05,0.0,C13,C12,0.07531425356864929,0.07531425356864929,C12,0.07531425356864929,0.07531425356864929,2.0,-0.002259761095046997,0.05757306143641472,0.09985211665843963,0.01485144878371563,47.0
41811,2185,16729,13,1,40645,1927,16333,1,1.0,0.5969372,0.3927195,1,0.4030628204345703,0.26055428,0,0.7394457161426544,0.3363828957080841,True,0.17099063,0,0.8290093690156937,0.42594654858112335,True,0.9985827,1,0.0014172792434692383,-0.4016455411911011,0.988005,1,0.011995017528533936,-0.3910678029060364,-0.4016455411911011,False,0.44385466396808626,709.0,0.3927195072174072,0.06622741371393204,0.07875661551952362,0.0009261696832254529,0.004637286998331547,-0.26662909984588623,-0.05816776677966118,0.02381991222500801,-2.55004620552063,0.0,0.0,0.0008371815783903003,0.0,C13,C12,0.07697370648384094,0.07697370648384094,C14,0.016033838837756775,-0.016033838837756775,26.0,-2.0,-2.0,0.016033838837756775,0.0641353553510271,26.0
3561,103,4055,96,1,3503,92,4040,1,1.0,0.88160247,2.0076935,1,0.1183975338935852,0.64515406,1,0.35484594106674194,0.23644840717315674,False,0.4656776,0,0.5343224108219147,0.41592487692832947,True,0.8353594,1,0.1646406054496765,0.04624307155609131,0.88135,1,0.11865001916885376,0.0002524852752685547,0.0002524852752685547,False,0.4423729509115219,431.0,2.0076935291290283,0.06768327951431274,0.08296233415603638,0.0009573355782777071,0.004377668257802725,0.3425596356391907,0.0,0.02231423929333687,0.8724657297134399,0.0,0.0,-0.004327279515564442,0.0,C96,C56,0.1578565202653408,0.1578565202653408,C56,0.1578565202653408,0.1578565202653408,1.0,0.1522233486175537,0.3635687828063965,0.6777708224253729,0.4936849959488733,56.0
4567,120,796,96,1,4505,109,795,1,1.0,0.90038735,2.2015357,1,0.09961265325546265,0.7897764,1,0.21022361516952515,0.1106109619140625,False,0.48545808,0,0.5145419239997864,0.41492927074432373,True,0.9852359,1,0.014764070510864258,-0.08484858274459839,0.9749127,1,0.025087296962738037,-0.07452535629272461,-0.08484858274459839,False,0.44194089114665985,409.0,2.201535701751709,0.0814325362443924,0.09073988348245621,0.0009601791389286518,0.004653887823224068,0.3425596356391907,0.0,0.02231423929333687,0.350088506937027,0.0,0.0,-0.0061309682205319405,0.0,C96,C56,0.1824720799922943,0.1824720799922943,C56,0.1824720799922943,0.1824720799922943,6.0,-0.540649950504303,-0.6449057459831238,0.7207006117096171,0.5628325510725665,139.0
39095,1877,1114,80,1,38126,1671,1111,1,1.0,0.8606317,1.8205469,1,0.13936829566955566,0.76325154,1,0.23674845695495605,0.09738016128540039,False,0.44610983,0,0.5538901686668396,0.41452187299728394,True,0.925766,1,0.0742340087890625,-0.06513428688049316,0.81990767,1,0.18009233474731445,0.04072403907775879,-0.06513428688049316,False,0.4403408241271973,238.0,1.8205468654632568,0.07069870829582214,0.0885387659072876,0.0009934463305398822,0.004672253970056772,0.11546844244003296,-0.03757413104176521,0.017532188445329666,0.3618851602077484,0.0,0.0,0.00021901275613345206,0.0,C80,C22,0.24086230248212814,0.24086230248212814,C55,0.13179830741137266,0.13179830741137266,4.0,-0.0458979606628418,-0.003210902214050293,0.3536047515226528,0.29752413138520484,21.0
2737,81,2828,13,1,2689,72,2817,1,1.0,0.8989416,2.1855192,1,0.10105842351913452,0.652687,1,0.3473129868507385,0.246254563331604,False,0.48633024,0,0.5136697590351105,0.41261133551597595,True,0.96082264,1,0.03917735815048218,-0.061881065368652344,0.8675943,1,0.13240569829940796,0.03134727478027344,-0.061881065368652344,False,0.43957958281040194,641.0,2.185519218444824,0.0670357346534729,0.0828440710902214,0.0009679567301645875,0.004377835430204868,-0.26662909984588623,-0.05816776677966118,0.02381991222500801,0.8869612216949463,0.0,0.0,-0.00042696710443124175,0.0,C13,C12,0.06803536415100098,0.06803536415100098,C12,0.06803536415100098,0.06803536415100098,4.0,-0.003766310401260853,-0.08938661217689514,0.07522182940920175,0.014012946421449029,30.0
824,24,2959,"45,58",0,813,23,2948,2,0.0,0.39070266,-0.4443597,0,0.39070266485214233,0.6953753,1,0.6953753232955933,0.3046726584434509,True,0.8110822,1,0.8110821843147278,0.42037951946258545,True,0.62626064,1,0.6262606382369995,0.23555797338485718,0.3200726,0,0.32007259130477905,-0.07063007354736328,-0.07063007354736328,False,0.43865843951702116,813.0,-0.444359689950943,0.06540188193321228,0.08102523535490036,0.0009550484246574342,0.004232279025018215,0.307030588388443,0.021055102348327637,0.019583767279982567,-0.7183570265769958,0.0,0.0,-0.017202770337462425,0.0,C45,C58,0.5081067681312561,0.5081067681312561,C58,0.5081067681312561,0.5081067681312561,10.0,0.2599053382873535,0.1550745964050293,0.9667572356120218,0.8326739443639292,114.0
36803,1658,9237,13,1,35978,1497,9176,1,1.0,0.7690097,1.202728,1,0.23099029064178467,0.4356465,0,0.5643534958362579,0.33336320519447327,True,0.3540051,0,0.6459949016571045,0.4150046110153198,True,0.9540623,1,0.04593771696090698,-0.18505257368087769,0.90243006,1,0.09756994247436523,-0.13342034816741943,-0.18505257368087769,False,0.43807490229606627,138.0,1.202728033065796,0.06864206492900848,0.08536732196807861,0.0009828265756368637,0.0046773310750722885,-0.26662909984588623,-0.05816776677966118,0.02381991222500801,-0.3432798981666565,0.0,0.0,0.0003428035997785628,0.0,C13,C12,0.07630002498626709,0.07630002498626709,C12,0.07630002498626709,0.07630002498626709,12.0,-0.20740537345409393,-0.2777004539966583,0.10053090195833647,0.07228522587316148,70.0
18625,607,7716,"1,24,44",1,18392,566,7676,3,1.0,0.83321744,1.6086038,1,0.16678255796432495,0.6016169,1,0.39838308095932007,0.23160052299499512,False,0.420757,0,0.579243004322052,0.41246044635772705,True,0.87860346,1,0.12139654159545898,-0.04538601636886597,0.8872819,1,0.11271810531616211,-0.05406445264816284,-0.05406445264816284,False,0.4374569696187973,984.0,1.608603835105896,0.0684746578335762,0.0841505229473114,0.0009557458688504994,0.00469803623855114,-0.04411055147647858,-0.03812947869300842,0.0047225868329405785,-0.41813451051712036,0.0,0.0,0.0018365001305937767,0.0,C44,C1,0.6480348780751228,0.6480348780751228,C1,0.6480348780751228,0.6480348780751228,12.0,0.5315760374069214,0.9641094207763672,1.3219163456669776,1.7430217108574027,142.0
34178,1441,633,48,1,33483,1306,632,1,1.0,0.7569699,1.1361383,1,0.24303007125854492,0.5480016,1,0.45199841260910034,0.20896834135055542,False,0.34235832,0,0.6576416790485382,0.4146116077899933,True,0.6885064,1,0.31149357557296753,0.06846350431442261,0.8825686,1,0.1174314022064209,-0.12559866905212402,-0.12559866905212402,False,0.43732070565223696,715.0,1.1361383199691772,0.07231107354164124,0.08687695860862732,0.0009557968587614596,0.004856537561863661,0.0038088858127593994,-0.05225143954157829,-0.006445647217333317,-0.34195107221603394,0.0,0.0,0.008458031341433525,0.0,C48,C1,0.5596582926809788,0.5596582926809788,C1,0.5596582926809788,0.5596582926809788,3.0,-0.22493639588356018,-0.4801636338233948,0.7338863487821072,0.5463572133101697,44.0
12080,524,8720,"12,13",0,11887,485,8661,2,0.0,0.16111246,-1.6499741,0,0.1611124575138092,0.43592718,0,0.4359271824359894,0.2748147249221802,False,0.57270736,1,0.5727073550224304,0.4115948975086212,True,0.04861103,0,0.048611029982566833,-0.11250142753124237,0.17916544,0,0.17916543781757355,0.018052980303764343,-0.11250142753124237,False,0.43676152378320693,623.0,-1.6499741077423096,0.06143348291516304,0.07836341857910156,0.0009309552842751145,0.004357624799013138,-0.30242225527763367,-0.061047907918691635,0.0073397536762058735,-1.8142259120941162,0.0,0.0,0.002264757640659809,0.0,C12,C13,0.09189707040786743,-0.09189707040786743,C13,0.09189707040786743,-0.09189707040786743,22.0,-0.09669557213783264,0.12293846905231476,0.26598106672463473,0.1660029564430164,188.0
15602,568,7431,96,0,15393,529,7392,1,0.0,0.20420188,-1.3602365,0,0.20420187711715698,0.49661252,0,0.4966125190258026,0.29241064190864563,False,0.61703473,1,0.6170347332954407,0.4128328561782837,True,0.67827046,1,0.6782704591751099,0.4740685820579529,0.6626794,1,0.6626793742179871,0.4584774971008301,0.4584774971008301,True,0.43670679986476896,33.0,-1.3602365255355835,0.07863733172416687,0.08665552735328674,0.0009461645968258381,0.004738716408610344,0.3425596356391907,0.0,0.02231423929333687,-2.3265511989593506,0.0,0.0,-0.0027266463730484247,0.0,C96,C56,0.1827799379825592,0.1827799379825592,C56,0.1827799379825592,0.1827799379825592,1.0,0.1522233486175537,0.3635687828063965,0.6638407781720161,0.5485263798427404,150.0
17836,601,7316,13,1,17607,560,7280,1,1.0,0.6838716,0.7716218,1,0.31612837314605713,0.43811706,0,0.5618829429149628,0.24575456976890564,True,0.2683174,0,0.7316825985908508,0.4155542254447937,True,0.9127676,1,0.08723241090774536,-0.22889596223831177,0.8743826,1,0.1256173849105835,-0.19051098823547363,-0.22889596223831177,False,0.436070374250412,199.0,0.771621823310852,0.0684746578335762,0.0841505229473114,0.0009557458688504994,0.00469803623855114,-0.26662909984588623,-0.05816776677966118,0.02381991222500801,-0.9229570031166077,0.0,0.0,0.0004937407211400568,0.0,C13,C12,0.07692486047744751,0.07692486047744751,C12,0.07692486047744751,0.07692486047744751,7.0,0.4004473090171814,0.43672141432762146,0.11100074112255243,0.09253587602235715,220.0
14660,561,7573,93,1,14453,522,7533,1,1.0,0.784835,1.2940679,1,0.21516501903533936,0.48209432,0,0.5179056823253632,0.3027406632900238,True,0.37273592,0,0.6272640824317932,0.41209906339645386,True,0.7653201,1,0.23467987775802612,0.019514858722686768,0.79126674,1,0.20873326063156128,-0.006431758403778076,-0.006431758403778076,False,0.43564411282539367,117.0,1.2940678596496582,0.06683383882045746,0.08315007388591766,0.0009595368173904717,0.004602927248924971,0.6261224150657654,0.0,0.05899755284190178,0.2685464322566986,0.0,0.0,0.0039546736516058445,0.0,C93,C7,0.1715376302599907,0.1715376302599907,C7,0.1715376302599907,0.1715376302599907,11.0,0.024463415145874023,0.16310656070709229,0.7258187071420252,0.35031693838142186,151.0
50383,2471,4076,"3,121",0,48934,2158,4060,2,0.0,0.30716565,-0.8134037,0,0.30716565251350403,0.6640217,1,0.6640216708183289,0.35685601830482483,True,0.7215509,1,0.7215508818626404,0.41438522934913635,True,0.27631494,0,0.27631494402885437,-0.030850708484649658,0.280567,0,0.2805669903755188,-0.02659866213798523,-0.030850708484649658,False,0.43517025977373125,806.0,-0.8134037256240845,0.06248331442475319,0.07959713786840439,0.0009304691920988262,0.00467988895252347,-0.023984774947166443,-0.017791226506233215,0.016234828159213066,-0.8694584965705872,0.0,0.0,-0.0029795931186527014,0.0,C3,C121,0.15351751446723938,0.15351751446723938,C121,0.15351751446723938,0.15351751446723938,14.0,-0.27987655997276306,-0.5242217183113098,0.21416117795888567,0.22412905007559908,104.0
26658,942,14756,48,1,26276,880,14601,1,1.0,0.8608287,1.8221904,1,0.139171302318573,0.5887168,1,0.4112831950187683,0.2721118927001953,False,0.4517225,0,0.5482774972915649,0.40910619497299194,True,0.6673962,1,0.3326038122177124,0.1934325098991394,0.92343384,1,0.07656615972518921,-0.06260514259338379,-0.06260514259338379,False,0.4349310559034347,676.0,1.8221904039382935,0.06215355545282364,0.08169519156217575,0.0009541400941088796,0.004631677642464638,0.0038088858127593994,-0.05225143954157829,-0.006445647217333317,0.11912928521633148,0.0,0.0,0.005218858364969492,0.0,C48,C1,0.5606648065149784,0.5606648065149784,C1,0.5606648065149784,0.5606648065149784,14.0,-0.4661909341812134,-0.9135420322418213,1.2769314994802698,1.1639239081566741,76.0
15517,568,10342,58,0,15308,529,10262,1,0.0,0.16271378,-1.6381732,0,0.16271378099918365,0.43811825,0,0.43811824917793274,0.2754044681787491,False,0.57230693,1,0.5723069310188293,0.4095931500196457,True,0.3583863,0,0.3583863079547882,0.19567252695560455,0.507117,1,0.507116973400116,0.3444031924009323,0.19567252695560455,False,0.43471173658967016,972.0,-1.638173222541809,0.06683383882045746,0.08315007388591766,0.0009595368173904717,0.004602927248924971,0.3357880711555481,0.03961686044931412,0.020272817462682724,-2.455840587615967,0.0,0.0,0.003077230416238308,0.0,C58,C45,0.32954123616218567,0.32954123616218567,C45,0.32954123616218567,0.32954123616218567,18.0,-0.37521892786026,-0.32640355825424194,0.6142447019046813,0.5197457055900218,208.0
40968,2064,1114,80,1,39898,1834,1111,1,1.0,0.63189,0.54033375,1,0.3681100010871887,0.40356302,0,0.5964369773864746,0.2283269762992859,True,0.21751331,0,0.782486692070961,0.4143766909837723,True,0.5280863,1,0.4719136953353882,0.10380369424819946,0.9002029,1,0.09979712963104248,-0.26831287145614624,-0.26831287145614624,False,0.43333339095115664,986.0,0.5403337478637695,0.07228483259677887,0.08860623836517334,0.0009932828834280372,0.0046765427105128765,0.11546844244003296,-0.03757413104176521,0.017532188445329666,-1.170220971107483,0.0,0.0,0.0011134861269965768,0.0,C80,C22,0.23313894122838974,0.23313894122838974,C55,0.13757669273763895,0.13757669273763895,2.0,0.2797861099243164,0.5857598781585693,0.290199338880484,0.2909460510402515,24.0
40299,1998,10319,58,1,39280,1777,10239,1,1.0,0.8390613,1.6512607,1,0.16093868017196655,0.4675554,0,0.5324445962905884,0.3715059161186218,True,0.43177724,0,0.5682227611541748,0.40728408098220825,True,0.34712183,0,0.6528781652450562,0.4919394850730896,0.91524214,1,0.08475786447525024,-0.07618081569671631,-0.07618081569671631,False,0.43245592057704924,368.0,1.6512607336044312,0.07228483259677887,0.08860623836517334,0.0009932828834280372,0.0046765427105128765,0.3357880711555481,0.03961686044931412,0.020272817462682724,0.17197951674461365,0.0,0.0,0.004660945851355791,0.0,C58,C45,0.32787033915519714,0.32787033915519714,C45,0.32787033915519714,0.32787033915519714,9.0,0.3524059057235718,0.515561044216156,0.3614956857636571,0.314873342654823,51.0
48678,2456,3654,86,1,47235,2143,3641,1,1.0,0.5707815,0.2850405,1,0.42921847105026245,0.19677263,0,0.8032273650169373,0.3740088939666748,True,0.15599327,0,0.8440067321062088,0.41478826105594635,True,0.64935255,1,0.3506474494934082,-0.07857102155685425,0.6480122,1,0.3519877791404724,-0.07723069190979004,-0.07857102155685425,False,0.4319117069244385,131.0,0.2850404977798462,0.06483687460422516,0.08157513290643692,0.0009513451950624585,0.004712330177426338,0.25837472081184387,0.0,0.01106035616248846,-0.5843092203140259,0.0,0.0,0.0004792743711732328,0.0,C86,C29,0.3019256591796875,0.3019256591796875,C29,0.3019256591796875,0.3019256591796875,31.0,-0.6050806045532227,-0.6344156861305237,1.1368477093055844,1.354638300217178,222.0
5125,178,6480,98,1,5025,157,6449,1,1.0,0.81628937,1.491407,1,0.18371063470840454,0.6840559,1,0.3159440755844116,0.13223344087600708,False,0.40926245,0,0.5907375514507294,0.40702691674232483,True,0.63200355,1,0.3679964542388916,0.18428581953048706,0.5406555,1,0.4593445062637329,0.27563387155532837,0.18428581953048706,False,0.4315155977010727,929.0,1.491407036781311,0.0814325362443924,0.09073988348245621,0.0009601791389286518,0.004653887823224068,0.287905216217041,0.0,0.02632562816143036,0.188027024269104,0.0,0.0,-0.003196189645677805,0.0,C98,C59,0.25181159377098083,0.25181159377098083,C14,0.08812776277773082,-0.08812776277773082,4.0,0.49941396713256836,0.8654608726501465,0.08812776277773082,0.12028336610166446,4.0
50476,2472,8114,13,0,49027,2159,8072,1,0.0,0.32323393,-0.7389494,0,0.3232339322566986,0.6572949,1,0.6572949290275574,0.33406099677085876,True,0.73292756,1,0.7329275608062744,0.4096936285495758,True,0.196714,0,0.19671399891376495,-0.12651993334293365,0.27555177,0,0.27555176615715027,-0.04768216609954834,-0.12651993334293365,False,0.4299966105818748,899.0,-0.7389494180679321,0.06248331442475319,0.07959713786840439,0.0009304691920988262,0.00467988895252347,-0.26662909984588623,-0.05816776677966118,0.02381991222500801,-0.940392017364502,0.0,0.0,-0.000764291500672698,0.0,C13,C12,0.06877699494361877,0.06877699494361877,C12,0.06877699494361877,0.06877699494361877,10.0,-0.22935937345027924,-0.01022462546825409,0.1094993021524715,0.07284125144200876,119.0
29615,1157,3950,44,1,29050,1061,3935,1,1.0,0.6942452,0.8200418,1,0.30575478076934814,0.57089525,1,0.429104745388031,0.12334996461868286,False,0.2861935,0,0.7138065099716187,0.4080517292022705,True,0.8899558,1,0.11004418134689331,-0.19571059942245483,0.7248539,1,0.27514612674713135,-0.030608654022216797,-0.19571059942245483,False,0.42887908577919004,378.0,0.8200417757034302,0.09749237447977066,0.09995483607053757,0.0009719174122437835,0.004907374270260334,0.11600907146930695,-0.03237522765994072,0.022206882014870644,-0.22931624948978424,0.0,0.0,0.006693154573440552,0.0,C44,C1,0.6488526836037636,0.6488526836037636,C30,0.14464247436262667,-0.14464247436262667,22.0,0.2842945456504822,0.4073637127876282,0.2877457608556142,0.1682036569972977,57.0
49569,2464,13641,86,1,48122,2151,13514,1,1.0,0.7986759,1.3780394,1,0.20132410526275635,0.3843155,0,0.6156845092773438,0.4143604040145874,True,0.3970779,0,0.602922111749649,0.4015980064868927,True,0.94662935,1,0.053370654582977295,-0.14795345067977905,0.90756434,1,0.09243565797805786,-0.10888844728469849,-0.14795345067977905,False,0.42555828332901,1018.0,1.3780393600463867,0.06483687460422516,0.08157513290643692,0.0009513451950624585,0.004712330177426338,0.25837472081184387,0.0,0.01106035616248846,-0.531867504119873,0.0,0.0,0.0004713152884505689,0.0,C86,C29,0.3079725056886673,0.3079725056886673,C29,0.3079725056886673,0.3079725056886673,18.0,0.09586155414581299,0.043573081493377686,1.1503322855569422,1.2602285945060816,269.0
5185,187,9039,92,1,5081,165,8979,1,1.0,0.7501024,1.0991585,1,0.24989759922027588,0.534989,1,0.46501100063323975,0.21511340141296387,False,0.34858626,0,0.6514137387275696,0.4015161395072937,True,0.6242152,1,0.37578481435775757,0.1258872151374817,0.67595005,1,0.3240499496459961,0.07415235042572021,0.07415235042572021,False,0.42401921153068545,985.0,1.099158525466919,0.0814325362443924,0.09073988348245621,0.0009601791389286518,0.004653887823224068,0.3657154440879822,0.0,0.015505888499319553,0.2876024544239044,0.0,0.0,0.0005335592431947589,0.0,C92,C29,0.16519971191883087,0.16519971191883087,C30,0.1271599940955639,0.1271599940955639,1.0,0.17784637212753296,0.41808193922042847,0.29785201931372285,0.1713384936300283,17.0
7340,307,10458,85,0,7196,274,10378,1,0.0,0.2843505,-0.9229828,0,0.28435051441192627,0.38096493,0,0.3809649348258972,0.09661442041397095,False,0.6863729,1,0.6863728761672974,0.4020223617553711,True,0.3469921,0,0.3469921052455902,0.06264159083366394,0.4931098,0,0.493109792470932,0.20875927805900574,0.06264159083366394,False,0.4234918463230133,28.0,-0.9229828119277954,0.07549379765987396,0.08748462796211243,0.000964690581895411,0.004368380177766085,-1.1790027618408203,-0.21505233645439148,-0.004988489206880331,-1.2922300100326538,0.0,0.0,-0.02249796688556671,0.0,C85,C84,0.31475989520549774,0.31475989520549774,C84,0.31475989520549774,0.31475989520549774,4.0,-0.4673534631729126,-0.8178633451461792,0.38218523882096633,0.49074128104388987,31.0
32232,1307,634,48,1,31585,1186,633,1,1.0,0.8457112,1.7013514,1,0.15428882837295532,0.48482642,0,0.5151735842227936,0.36088475584983826,True,0.44803166,0,0.5519683361053467,0.39767950773239136,True,0.8667187,1,0.13328129053115845,-0.021007537841796875,0.8891712,1,0.11082881689071655,-0.04346001148223877,-0.04346001148223877,False,0.4230508428812027,865.0,1.7013514041900635,0.06456978619098663,0.08165393769741058,0.0009246870176866651,0.00457594683393836,0.0038088858127593994,-0.05225143954157829,-0.006445647217333317,0.42007532715797424,0.0,0.0,-4.5404990487440955e-06,0.0,C48,C1,0.5363996140658855,0.5363996140658855,C1,0.5363996140658855,0.5363996140658855,2.0,-0.03152203559875488,-0.12199327349662781,1.1394537774613127,0.7732429808989124,53.0
36752,1657,15971,13,1,35930,1496,15682,1,1.0,0.79870445,1.3782166,1,0.20129555463790894,0.5076266,1,0.49237340688705444,0.2910778522491455,False,0.3997129,0,0.6002871096134186,0.39899155497550964,True,0.9585088,1,0.04149121046066284,-0.1598043441772461,0.8956466,1,0.10435342788696289,-0.09694212675094604,-0.1598043441772461,False,0.4229526883363724,90.0,1.3782166242599487,0.06864206492900848,0.08536732196807861,0.0009828265756368637,0.0046773310750722885,-0.26662909984588623,-0.05816776677966118,0.02381991222500801,-0.24218837916851044,0.0,0.0,5.4783671657787636e-05,0.0,C13,C12,0.07660943269729614,0.07660943269729614,C12,0.07660943269729614,0.07660943269729614,6.0,0.9129146933555603,1.3224687576293945,0.10074904497560055,0.17984910762093123,47.0
39459,1917,7394,97,1,38472,1706,7356,1,1.0,0.80891246,1.4429587,1,0.191087543964386,0.5649037,1,0.4350963234901428,0.24400877952575684,False,0.41047844,0,0.5895215570926666,0.39843401312828064,True,0.35041508,0,0.6495849192142487,0.45849737524986267,0.7781093,1,0.22189068794250488,0.030803143978118896,0.030803143978118896,False,0.42270138680934904,584.0,1.4429587125778198,0.07069870829582214,0.0885387659072876,0.0009934463305398822,0.004672253970056772,0.31996697187423706,0.0,0.014768657274544239,0.37020012736320496,0.0,0.0,-0.00033917598193511367,0.0,C97,C96,0.21508780121803284,0.21508780121803284,C81,0.06454403698444366,0.06454403698444366,1.0,0.14789485931396484,0.35420215129852295,0.3408262759912759,0.2983649879935447,18.0
5377,202,2531,96,0,5272,180,2522,1,0.0,0.36869368,-0.537825,0,0.36869367957115173,0.64053833,1,0.6405383348464966,0.27184465527534485,True,0.77238095,1,0.7723809480667114,0.4036872684955597,True,0.68554085,1,0.6855408549308777,0.31684717535972595,0.3270127,0,0.32701268792152405,-0.041680991649627686,-0.041680991649627686,False,0.42262645810842514,152.0,-0.5378249883651733,0.05651130527257919,0.07816824316978455,0.0009242792730219662,0.004485247191041708,0.3425596356391907,0.0,0.02231423929333687,-0.9515308141708374,0.0,0.0,0.007825377397239208,0.0,C96,C56,0.16597042977809906,0.16597042977809906,C56,0.16597042977809906,0.16597042977809906,1.0,0.1522233486175537,0.3635687828063965,0.8268552559893578,0.690437793647052,101.0
47802,2447,12368,92,1,46361,2134,12257,1,1.0,0.81417483,1.4773692,1,0.1858251690864563,0.5319842,1,0.46801578998565674,0.28219062089920044,False,0.41615573,0,0.5838442742824554,0.39801910519599915,True,0.3998486,0,0.600151389837265,0.4143262207508087,0.7864612,1,0.21353882551193237,0.027713656425476074,0.027713656425476074,False,0.4224443501234055,281.0,1.4773691892623901,0.06532730162143707,0.0823780968785286,0.0009529517847113311,0.004645715467631817,0.3657154440879822,0.0,0.015505888499319553,0.555137038230896,0.0,0.0,2.6129160687560216e-05,0.0,C92,C29,0.16411034762859344,0.16411034762859344,C29,0.16411034762859344,0.16411034762859344,12.0,-0.07422155141830444,0.3073328733444214,1.03336898307316,0.6109948507825125,137.0
35604,1568,341,"1,31,49",1,34850,1415,341,3,1.0,0.71027666,0.896728,1,0.28972333669662476,0.34794566,0,0.6520543396472931,0.36233100295066833,True,0.31048706,0,0.6895129382610321,0.39978960156440735,True,0.93719894,1,0.0628010630607605,-0.22692227363586426,0.79662895,1,0.2033710479736328,-0.08635228872299194,-0.22692227363586426,False,0.4210979014635086,34.0,0.896727979183197,0.07231409847736359,0.08477415144443512,0.0009372938657179475,0.004661704413592815,-0.07889287173748016,-0.042266394942998886,-0.0040266625583171844,-0.5009871125221252,0.0,0.0,-0.0067315180785954,0.0,C49,C39,0.44180642906576395,0.44180642906576395,C44,0.28361675469204783,-0.28361675469204783,8.0,0.3297853171825409,0.5068289041519165,0.29108521474699955,0.24539435749575791,51.0
29792,1167,4341,20,1,29223,1070,4324,1,1.0,0.713895,0.9143772,1,0.2861049771308899,0.3789041,0,0.6210958957672119,0.334990918636322,True,0.31490737,0,0.6850926280021667,0.39898765087127686,True,0.69540226,1,0.30459773540496826,0.01849275827407837,0.9290889,1,0.07091110944747925,-0.21519386768341064,-0.21519386768341064,False,0.42040450155735015,551.0,0.9143772125244141,0.09749237447977066,0.09995483607053757,0.0009719174122437835,0.004907374270260334,0.08553604781627655,-0.06860237568616867,0.020049847662448883,-1.0239794254302979,0.0,0.0,-0.005024894140660763,0.0,C20,C98,0.21290618379134685,-0.21290618379134685,C98,0.21290618379134685,-0.21290618379134685,27.0,-1.7468881607055664,-1.442835807800293,0.3885870847152546,0.9509585108803097,50.0
14763,561,13386,9,0,14556,522,13264,1,0.0,0.18706577,-1.46919,0,0.18706576526165009,0.5036571,1,0.5036571025848389,0.3165913373231888,True,0.58306885,1,0.58306884765625,0.3960030823945999,True,0.29518688,0,0.2951868772506714,0.1081211119890213,0.60490656,1,0.6049065589904785,0.41784079372882843,0.1081211119890213,False,0.4203911094367504,220.0,-1.469190001487732,0.06683383882045746,0.08315007388591766,0.0009595368173904717,0.004602927248924971,0.38562601804733276,0.0337739959359169,0.024656817317008972,-2.46492338180542,0.0,0.0,-0.000955123221501708,0.0,C9,C5,0.45114754186943173,-0.45114754186943173,C5,0.45114754186943173,-0.45114754186943173,12.0,-0.04560011625289917,-0.05342298746109009,0.9825000281671237,1.0718376911954584,206.0
47674,2446,3444,20,1,46235,2133,3431,1,1.0,0.7671015,1.1920166,1,0.23289847373962402,0.5314199,1,0.46858012676239014,0.2356816530227661,False,0.36979887,0,0.630201131105423,0.39730265736579895,True,0.90009207,1,0.09990793466567993,-0.1329905390739441,0.88882524,1,0.11117476224899292,-0.1217237114906311,-0.1329905390739441,False,0.4203157031536102,155.0,1.1920166015625,0.06532730162143707,0.0823780968785286,0.0009529517847113311,0.004645715467631817,0.08553604781627655,-0.06860237568616867,0.020049847662448883,-0.8837594985961914,0.0,0.0,-0.0009707757853902876,0.0,C20,C98,0.21291188767645508,-0.21291188767645508,C98,0.21291188767645508,-0.21291188767645508,48.0,-0.3567526340484619,-0.2528279423713684,0.7500656113843434,0.849643917269939,200.0
7053,286,5068,96,1,6910,253,5045,1,1.0,0.88740075,2.0644612,1,0.11259925365447998,0.7934136,1,0.20658642053604126,0.09398716688156128,False,0.49430028,0,0.5056997239589691,0.39310047030448914,True,0.7885413,1,0.21145868301391602,0.09885942935943604,0.9012084,1,0.09879159927368164,-0.01380765438079834,-0.01380765438079834,False,0.41972249269485473,766.0,2.0644612312316895,0.05752991512417793,0.08026370406150818,0.000941227248404175,0.004619909450411797,0.3425596356391907,0.0,0.02231423929333687,0.49713218212127686,0.0,0.0,-0.00447802385315299,0.0,C96,C56,0.17558366060256958,0.17558366060256958,C97,0.09288142621517181,0.09288142621517181,11.0,-0.3584060072898865,-0.21906542778015137,0.2810478175524622,0.20323449426029372,20.0
32629,1333,5365,56,0,31969,1208,5340,1,0.0,0.2414729,-1.1446214,0,0.24147289991378784,0.24627855,0,0.2462785542011261,0.004805654287338257,False,0.63828063,1,0.6382806301116943,0.3968077301979065,True,0.83619785,1,0.8361978530883789,0.5947249531745911,0.92969733,1,0.9296973347663879,0.6882244348526001,0.5947249531745911,True,0.4195635432004929,225.0,-1.1446213722229004,0.06292121112346649,0.0827665701508522,0.000962170772254467,0.0047469837591052055,0.03130440413951874,0.0,0.002498350339010358,-2.420332193374634,0.0,0.0,0.007802293635904789,0.0,C56,C96,0.3173426017165184,0.3173426017165184,C37,0.15271002799272537,0.15271002799272537,4.0,-0.4149129390716553,-0.43596380949020386,0.5945012276060879,0.45035915350356137,48.0
20564,624,5206,"3,121",0,20324,583,5183,2,0.0,0.31231654,-0.78931147,0,0.31231653690338135,0.6350401,1,0.6350401043891907,0.3227235674858093,True,0.71026,1,0.7102599740028381,0.3979434370994568,True,0.40452635,0,0.40452635288238525,0.0922098159790039,0.5053785,1,0.5053784847259521,0.1930619478225708,0.0922098159790039,False,0.41857394099235534,868.0,-0.7893114686012268,0.0631941556930542,0.07961639761924744,0.0009310681489296257,0.004329904913902283,-0.023984774947166443,-0.017791226506233215,0.016234828159213066,-1.1650651693344116,0.0,0.0,-0.0018717891070991755,0.0,C3,C121,0.15288934111595154,0.15288934111595154,C121,0.15288934111595154,0.15288934111595154,14.0,-0.644580066204071,-0.7672765851020813,0.23712059922036133,0.33119291740793794,124.0
52044,2487,6517,"12,13",0,50589,2174,6486,2,0.0,0.23836541,-1.1616621,0,0.23836541175842285,0.54248434,1,0.5424843430519104,0.30411893129348755,True,0.63349426,1,0.6334942579269409,0.39512884616851807,True,0.14632626,0,0.14632625877857208,-0.09203915297985077,0.1259715,0,0.1259714961051941,-0.11239391565322876,-0.11239391565322876,False,0.4179778838157654,413.0,-1.1616621017456055,0.06473788619041443,0.08118535578250885,0.0009451454388909042,0.0042952061630785465,-0.30242225527763367,-0.061047907918691635,0.0073397536762058735,-1.1729531288146973,0.0,0.0,0.0019330482464283705,0.0,C12,C12,0.04792414256371558,-0.04792414256371558,C14,0.04654564801603556,0.04654564801603556,6.0,0.6788618564605713,1.0271637439727783,0.15539699674991425,0.22282266713457294,136.0
17917,601,1150,99,1,17688,560,1147,1,1.0,0.78491473,1.2945402,1,0.21508526802062988,0.6091739,1,0.39082610607147217,0.17574083805084229,False,0.39074507,0,0.6092549264431,0.3941696584224701,True,0.89848286,1,0.10151714086532593,-0.11356812715530396,0.85710067,1,0.14289933443069458,-0.0721859335899353,-0.11356812715530396,False,0.41771710038185117,280.0,1.2945401668548584,0.0684746578335762,0.0841505229473114,0.0009557458688504994,0.00469803623855114,0.0886584222316742,0.0,0.02574528381228447,-0.5419701337814331,0.0,0.0,0.0007319356664083898,0.0,C99,C93,0.2607185132801533,0.2607185132801533,C93,0.2607185132801533,0.2607185132801533,1.0,0.20268000662326813,0.4694710969924927,1.0773741918965243,0.6330256188100645,132.0
10076,479,3400,"1,31,49",1,9887,440,3387,3,1.0,0.85425115,1.7683406,1,0.14574885368347168,0.5860775,1,0.4139224886894226,0.2681736350059509,False,0.46239564,0,0.5376043617725372,0.39185550808906555,True,0.9615482,1,0.03845179080963135,-0.10729706287384033,0.8887559,1,0.1112440824508667,-0.03450477123260498,-0.10729706287384033,False,0.4174830424785614,671.0,1.7683405876159668,0.09665975719690323,0.09927704930305481,0.0009874386014416814,0.004629351664334536,-0.07889287173748016,-0.042266394942998886,-0.0040266625583171844,0.5899438858032227,0.0,0.0,-0.0006436370313167572,0.0,C49,C39,0.4463999653235078,0.4463999653235078,C44,0.2840517829172313,-0.2840517829172313,16.0,-0.265400767326355,-0.15551961958408356,0.3993455418967642,0.17616719315885582,66.0
36405,1645,11771,"5,9",1,35600,1484,11661,2,1.0,0.81407034,1.4766781,1,0.18592965602874756,0.4458017,0,0.554198294878006,0.3682686388492584,True,0.42224082,0,0.577759176492691,0.3918295204639435,True,0.9812835,1,0.018716514110565186,-0.16721314191818237,0.9504324,1,0.049567580223083496,-0.13636207580566406,-0.16721314191818237,False,0.41625163078308103,784.0,1.4766781330108643,0.07231409847736359,0.08477415144443512,0.0009372938657179475,0.004661704413592815,0.26628202199935913,0.0307441595941782,0.02062547765672207,-0.3286662995815277,0.0,0.0,0.0005018463707529008,0.0,C9,C5,0.4509025914594531,-0.4509025914594531,C5,0.4509025914594531,-0.4509025914594531,6.0,-0.6354086399078369,-0.6589788198471069,0.7749549685631791,1.033789611924303,25.0
14277,559,11984,92,1,14072,520,11873,1,1.0,0.8367991,1.6346023,1,0.16320091485977173,0.43089834,0,0.5691016614437103,0.4059007465839386,True,0.44585317,0,0.5541468262672424,0.3909459114074707,True,0.9845893,1,0.01541072130203247,-0.14779019355773926,0.9459693,1,0.05403071641921997,-0.10917019844055176,-0.14779019355773926,False,0.4160498839616775,760.0,1.6346023082733154,0.06772396713495255,0.08371634036302567,0.0009552450501359999,0.004724722355604172,0.3657154440879822,0.0,0.015505888499319553,0.07208782434463501,0.0,0.0,-0.0026690056547522545,0.0,C92,C29,0.16847964376211166,0.16847964376211166,C29,0.16847964376211166,0.16847964376211166,32.0,-0.7610908150672913,-0.24724078178405762,1.0614102522376925,0.8741139110969491,206.0
22191,667,14870,48,1,21924,624,14709,1,1.0,0.7684772,1.1997323,1,0.231522798538208,0.40819284,0,0.5918071568012238,0.36028435826301575,True,0.37551403,0,0.624485969543457,0.392963171005249,True,0.939164,1,0.06083601713180542,-0.1706867814064026,0.9175673,1,0.08243268728256226,-0.14909011125564575,-0.1706867814064026,False,0.4160174870491028,420.0,1.1997323036193848,0.0637149065732956,0.07561507821083069,0.0008600300061516464,0.004573405720293522,0.0038088858127593994,-0.05225143954157829,-0.006445647217333317,-0.29842743277549744,0.0,0.0,0.006240149959921837,0.0,C48,C1,0.5600392259657383,0.5600392259657383,C30,0.355777814052999,-0.355777814052999,4.0,0.16027408838272095,0.39567917585372925,0.7134005397092551,0.37368272775916955,75.0
8384,349,4571,44,1,8223,313,4551,1,1.0,0.5941635,0.38120416,1,0.4058365225791931,0.41921845,0,0.5807815492153168,0.17494502663612366,True,0.19606014,0,0.8039398640394211,0.39810334146022797,True,0.6469099,1,0.3530901074409485,-0.05274641513824463,0.71869403,1,0.2813059687614441,-0.12453055381774902,-0.12453055381774902,False,0.41592824578285215,31.0,0.38120415806770325,0.061906248331069946,0.0818159431219101,0.0009449436911381781,0.00444877240806818,0.11600907146930695,-0.03237522765994072,0.022206882014870644,-0.42220884561538696,0.0,0.0,0.005156426690518856,0.0,C44,C1,0.648906297981739,0.648906297981739,C7,0.2682998045347631,-0.2682998045347631,3.0,0.419840931892395,0.7852693796157837,0.2922276522149332,0.3651102635567181,18.0
40724,2035,4406,44,1,39664,1808,4386,1,1.0,0.75207114,1.1096889,1,0.24792885780334473,0.4491607,0,0.5508393049240112,0.3029104471206665,True,0.35901505,0,0.6409849524497986,0.39305609464645386,True,0.3235018,0,0.6764982044696808,0.42856934666633606,0.7768606,1,0.22313940525054932,-0.02478945255279541,-0.02478945255279541,False,0.4156182289123535,752.0,1.1096888780593872,0.07228483259677887,0.08860623836517334,0.0009932828834280372,0.0046765427105128765,0.11600907146930695,-0.03237522765994072,0.022206882014870644,0.27645158767700195,0.0,0.0,-0.0014172806404531002,0.0,C44,C1,0.6485699489712715,0.6485699489712715,C30,0.14452119206544012,-0.14452119206544012,6.0,0.38002926111221313,0.727299153804779,0.14581718927365728,0.16085384398576183,7.0
7685,317,3782,96,0,7540,284,3768,1,0.0,0.38550368,-0.4662521,0,0.3855036795139313,0.68143314,1,0.6814331412315369,0.2959294617176056,True,0.78260773,1,0.7826077342033386,0.39710405468940735,True,0.2945834,0,0.29458341002464294,-0.09092026948928833,0.48316655,0,0.48316654562950134,0.09766286611557007,-0.09092026948928833,False,0.4155389443039894,372.0,-0.46625208854675293,0.07549379765987396,0.08748462796211243,0.000964690581895411,0.004368380177766085,0.3425596356391907,0.0,0.02231423929333687,-0.7248420715332031,0.0,0.0,0.009677845984697342,0.0,C96,C56,0.18609793111681938,0.18609793111681938,C14,0.11738456040620804,0.11738456040620804,8.0,-0.06116604804992676,0.04633748531341553,0.32403511472512037,0.3109991159451051,118.0
41069,2079,13607,12,1,39986,1845,13480,1,1.0,0.85998374,1.8151543,1,0.14001625776290894,0.43447992,0,0.5655200779438019,0.42550382018089294,True,0.47035813,0,0.52964186668396,0.389625608921051,True,0.9451679,1,0.0548321008682251,-0.08518415689468384,0.91637677,1,0.08362323045730591,-0.05639302730560303,-0.08518415689468384,False,0.41542512118816377,50.0,1.8151543140411377,0.06622741371393204,0.07875661551952362,0.0009261696832254529,0.004637286998331547,-0.33821532130241394,-0.06392805278301239,-0.00914041232317686,0.22120453417301178,0.0,0.0,-0.0008571409853175282,0.0,C12,C12,0.04863660997943953,-0.04863660997943953,C14,0.033064397983253,0.033064397983253,7.0,-0.47287583351135254,-0.818642258644104,0.04759355932765175,0.04853846313840014,25.0
9771,455,8540,"1,24,44",1,9582,416,8482,3,1.0,0.7491268,1.0939605,1,0.2508732080459595,0.4720004,0,0.527999609708786,0.27712640166282654,True,0.35635644,0,0.6436435580253601,0.39277034997940063,True,0.9611813,1,0.03881871700286865,-0.21205449104309082,0.86220837,1,0.13779163360595703,-0.11308157444000244,-0.21205449104309082,False,0.41524415373802187,366.0,1.0939605236053467,0.09665975719690323,0.09927704930305481,0.0009874386014416814,0.004629351664334536,-0.04411055147647858,-0.03812947869300842,0.0047225868329405785,-0.48115259408950806,0.0,0.0,0.0006581597262993455,0.0,C44,C1,0.6486179903149605,0.6486179903149605,C1,0.6486179903149605,0.6486179903149605,10.0,-0.08741752058267593,0.06247493624687195,1.3135552424937487,0.7624383155591861,62.0
40659,2023,4045,82,1,39602,1797,4030,1,1.0,0.57584375,0.3057346,1,0.4241562485694885,0.44924462,0,0.5507553815841675,0.12659913301467896,True,0.17819068,0,0.821809321641922,0.39765307307243347,True,0.77389467,1,0.22610533237457275,-0.19805091619491577,0.67529744,1,0.32470256090164185,-0.09945368766784668,-0.19805091619491577,False,0.41492838561534884,690.0,0.3057346045970917,0.07228483259677887,0.08860623836517334,0.0009932828834280372,0.0046765427105128765,0.27297502756118774,0.0,0.01529297698289156,-0.09855376183986664,0.0,0.0,-0.010087828151881695,0.0,C82,C55,0.1737486943602562,0.1737486943602562,C79,0.09038837056141347,-0.09038837056141347,6.0,0.12593120336532593,0.30598002672195435,0.12178781058173627,0.07589212514884738,12.0
754,24,2958,"45,58",0,745,23,2947,2,0.0,0.43451214,-0.26346496,0,0.4345121383666992,0.7093524,1,0.7093523740768433,0.27484023571014404,True,0.8314303,1,0.8314303159713745,0.3969181776046753,True,0.6678579,1,0.6678578853607178,0.23334574699401855,0.36008438,0,0.3600843846797943,-0.07442775368690491,-0.07442775368690491,False,0.41388281345367434,745.0,-0.26346495747566223,0.06540188193321228,0.08102523535490036,0.0009550484246574342,0.004232279025018215,0.307030588388443,0.021055102348327637,0.019583767279982567,-0.5780499577522278,0.0,0.0,-0.017202770337462425,0.0,C45,C58,0.5081067681312561,0.5081067681312561,C58,0.5081067681312561,0.5081067681312561,10.0,0.2599053382873535,0.1550745964050293,0.9667572356120218,0.8326739443639292,114.0
3082,91,3587,53,0,3029,81,3574,1,0.0,0.3020892,-0.8373689,0,0.30208921432495117,0.54214543,1,0.5421454310417175,0.24005621671676636,True,0.69441605,1,0.6944160461425781,0.39232683181762695,True,0.5426581,1,0.5426580905914307,0.2405688762664795,0.31960276,0,0.31960275769233704,0.017513543367385864,0.017513543367385864,False,0.4132641553878784,981.0,-0.837368905544281,0.0670357346534729,0.0828440710902214,0.0009679567301645875,0.004377835430204868,0.45158201456069946,0.0,0.026771901175379753,-0.9282497763633728,0.0,0.0,0.005544945597648621,0.0,C53,C46,0.32982175052165985,0.32982175052165985,C46,0.32982175052165985,0.32982175052165985,27.0,-0.8256022334098816,-0.716362714767456,0.9368191175744869,1.0963887017131912,129.0
7919,321,2543,97,0,7770,288,2534,1,0.0,0.23677114,-1.1704639,0,0.2367711365222931,0.64010376,1,0.6401037573814392,0.4033326208591461,True,0.6269601,1,0.6269600987434387,0.39018896222114563,True,0.61246574,1,0.6124657392501831,0.37569460272789,0.29610637,0,0.29610636830329895,0.05933523178100586,0.05933523178100586,False,0.41308582812547684,602.0,-1.1704639196395874,0.07549379765987396,0.08748462796211243,0.000964690581895411,0.004368380177766085,0.31996697187423706,0.0,0.014768657274544239,-1.144821286201477,0.0,0.0,0.002211983548477292,0.0,C97,C96,0.21752344071865082,0.21752344071865082,C96,0.21752344071865082,0.21752344071865082,8.0,-0.418592244386673,-0.6573581695556641,0.5609769533039071,0.8548445897374993,84.0
33552,1401,2354,32,0,32864,1268,2345,1,0.0,0.2982744,-0.85552853,0,0.2982743978500366,0.6672515,1,0.6672515273094177,0.3689771294593811,True,0.6902263,1,0.6902263164520264,0.39195191860198975,True,0.8260388,1,0.8260387778282166,0.5277643799781799,0.7507244,1,0.7507243752479553,0.4524499773979187,0.4524499773979187,True,0.4130036866664886,96.0,-0.8555285334587097,0.07231107354164124,0.08687695860862732,0.0009557968587614596,0.004856537561863661,0.6066304445266724,0.0648362785577774,0.009580688551068306,-1.6313858032226562,0.0,0.0,-9.638204937800765e-05,0.0,C32,C33,0.09241706132888794,0.09241706132888794,C98,0.013568576217949158,-0.013568576217949158,8.0,0.1678648591041565,0.47444283962249756,0.04933053945933352,0.04606183535171965,54.0
49626,2464,7698,95,1,48179,2151,7658,1,1.0,0.74419165,1.0678701,1,0.25580835342407227,0.48961768,0,0.5103823244571686,0.2545739710330963,True,0.3548103,0,0.6451897025108337,0.3893813490867615,True,0.87477684,1,0.12522315979003906,-0.1305851936340332,0.81017137,1,0.18982863426208496,-0.0659797191619873,-0.1305851936340332,False,0.4117070984840393,51.0,1.0678701400756836,0.06248331442475319,0.07959713786840439,0.0009304691920988262,0.00467988895252347,0.1514672040939331,0.0,0.009302850812673569,-0.23431693017482758,0.0,0.0,-0.008866967633366585,0.0,C95,C98,0.22492187470197678,0.22492187470197678,C98,0.22492187470197678,0.22492187470197678,33.0,0.9071627855300903,1.2964692115783691,0.9116232179803774,0.9188243946358589,212.0
48777,2456,7346,13,1,47334,2143,7309,1,1.0,0.6498648,0.61844504,1,0.3501352071762085,0.4417701,0,0.5582298934459686,0.20809468626976013,True,0.25976637,0,0.7402336299419403,0.3900984227657318,True,0.90134746,1,0.09865254163742065,-0.25148266553878784,0.9135501,1,0.08644992113113403,-0.26368528604507446,-0.26368528604507446,False,0.40959436655044557,230.0,0.6184450387954712,0.06483687460422516,0.08157513290643692,0.0009513451950624585,0.004712330177426338,-0.26662909984588623,-0.05816776677966118,0.02381991222500801,-0.7986645698547363,0.0,0.0,0.0002630344533827156,0.0,C13,C12,0.07691183686256409,0.07691183686256409,C12,0.07691183686256409,0.07691183686256409,16.0,-0.007532370276749134,-0.07847361266613007,0.10839694234346098,0.02520175526578911,130.0
48010,2449,6984,13,0,46569,2136,6950,1,0.0,0.25427517,-1.0759397,0,0.2542751729488373,0.4522112,0,0.4522112011909485,0.1979360282421112,False,0.64120966,1,0.6412096619606018,0.3869344890117645,True,0.1639815,0,0.16398149728775024,-0.09029367566108704,0.29971775,0,0.2997177541255951,0.04544258117675781,-0.09029367566108704,False,0.4093062338232994,489.0,-1.075939655303955,0.06532730162143707,0.0823780968785286,0.0009529517847113311,0.004645715467631817,-0.26662909984588623,-0.05816776677966118,0.02381991222500801,-1.3629975318908691,0.0,0.0,-0.00043138492037542164,0.0,C13,C12,0.07062187790870667,0.07062187790870667,C12,0.07062187790870667,0.07062187790870667,15.0,-0.2696661055088043,-0.38425132632255554,0.10696287162500084,0.07407052305574566,105.0
52541,2492,4461,92,1,51082,2179,4441,1,1.0,0.7298718,0.9939724,1,0.27012819051742554,0.4268771,0,0.5731228888034821,0.3029946982860565,True,0.34274918,0,0.6572508215904236,0.38712263107299805,True,0.88385177,1,0.11614823341369629,-0.15397995710372925,0.8170616,1,0.18293839693069458,-0.08718979358673096,-0.15397995710372925,False,0.40901878535747527,906.0,0.9939724206924438,0.06473788619041443,0.08118535578250885,0.0009451454388909042,0.0042952061630785465,0.3657154440879822,0.0,0.015505888499319553,0.02853761613368988,0.0,0.0,-0.0014908453449606895,0.0,C92,C29,0.16445013880729675,0.16445013880729675,C29,0.16445013880729675,0.16445013880729675,13.0,-0.42087262868881226,-0.2770368456840515,0.9159246309427544,0.7083153601957256,120.0
11389,518,8656,"1,24,31,48",0,11197,479,8598,4,0.0,0.43261567,-0.27118737,0,0.4326156675815582,0.67060566,1,0.6706056594848633,0.23798999190330505,True,0.82448494,1,0.8244849443435669,0.39186927676200867,True,0.110104986,0,0.1101049855351448,-0.3225106820464134,0.18121527,0,0.18121527135372162,-0.2514003962278366,-0.3225106820464134,False,0.4088908067345619,957.0,-0.27118736505508423,0.07059586048126221,0.08414651453495026,0.0009550782851874828,0.0043486785143613815,-0.10000105202198029,-0.0448472760617733,-0.004783532582223415,-0.6317206025123596,0.0,0.0,-0.00042416638461872935,0.0,C48,C1,0.5366822518408298,0.5366822518408298,C1,0.5366822518408298,0.5366822518408298,11.0,0.9594135284423828,0.8832931518554688,1.3012033830746077,1.9194555755446194,165.0
40941,2061,1719,79,1,39871,1831,1713,1,1.0,0.8061126,1.4249458,1,0.19388741254806519,0.41723433,0,0.5827656686306,0.3888782560825348,True,0.42140666,0,0.5785933434963226,0.38470593094825745,True,0.9807944,1,0.019205570220947266,-0.17468184232711792,0.9626397,1,0.037360310554504395,-0.1565271019935608,-0.17468184232711792,False,0.4088893085718155,959.0,1.4249458312988281,0.07228483259677887,0.08860623836517334,0.0009932828834280372,0.0046765427105128765,0.5461236238479614,0.0,0.05055989325046539,-0.9627799391746521,0.0,0.0,-0.014821240678429604,0.0,C79,C55,0.20017355307936668,0.20017355307936668,C55,0.20017355307936668,0.20017355307936668,15.0,-2.0,-2.0,0.7879394213669002,1.8250141850679173,88.0
40710,2032,746,79,1,39650,1805,745,1,1.0,0.6744444,0.7283557,1,0.32555562257766724,0.58050656,1,0.4194934368133545,0.09393781423568726,False,0.28672364,0,0.7132763564586639,0.3877207338809967,True,0.7892399,1,0.21076011657714844,-0.1147955060005188,0.78476864,1,0.21523135900497437,-0.11032426357269287,-0.1147955060005188,False,0.40795406520366667,738.0,0.7283557057380676,0.07228483259677887,0.08860623836517334,0.0009932828834280372,0.0046765427105128765,0.5461236238479614,0.0,0.05055989325046539,-0.6677192449569702,0.0,0.0,-0.004736138042062521,0.0,C79,C55,0.19329861924052238,0.19329861924052238,C82,0.07637441426049918,-0.07637441426049918,3.0,0.4492952823638916,0.8316097259521484,0.1798927845666185,0.27728818415614975,16.0
44828,2417,5954,13,0,43399,2104,5924,1,0.0,0.28826448,-0.903828,0,0.2882644832134247,0.53428113,1,0.5342811346054077,0.24601665139198303,True,0.67470855,1,0.6747085452079773,0.3864440619945526,True,0.552856,1,0.5528560280799866,0.2645915448665619,0.2684641,0,0.2684640884399414,-0.019800394773483276,-0.019800394773483276,False,0.40779612749814986,391.0,-0.9038280248641968,0.060915473848581314,0.07779769599437714,0.000925813801586628,0.004350275732576847,-0.26662909984588623,-0.05816776677966118,0.02381991222500801,-1.289226770401001,0.0,0.0,-0.00030472970684058964,0.0,C13,C12,0.0727396011352539,0.0727396011352539,C12,0.0727396011352539,0.0727396011352539,21.0,0.19949191808700562,-0.16377407312393188,0.11013872577314032,0.0778333711558937,163.0
24627,811,2639,48,1,24303,763,2630,1,1.0,0.7872841,1.3086318,1,0.21271592378616333,0.4427964,0,0.5572035908699036,0.34448766708374023,True,0.40337828,0,0.5966217219829559,0.3839057981967926,True,0.94095236,1,0.0590476393699646,-0.15366828441619873,0.907136,1,0.09286397695541382,-0.11985194683074951,-0.15366828441619873,False,0.4075243204832077,751.0,1.3086317777633667,0.07239529490470886,0.0885491669178009,0.0009831456700339913,0.0042761280201375484,0.0038088858127593994,-0.05225143954157829,-0.006445647217333317,-0.30213144421577454,0.0,0.0,0.0026071832980960608,0.0,C48,C1,0.5613966323435307,0.5613966323435307,C1,0.5613966323435307,0.5613966323435307,12.0,0.3141167163848877,0.22120878100395203,1.069830265827477,0.9156993601829101,37.0
48971,2458,2315,20,1,47528,2145,2307,1,1.0,0.6319332,0.54051924,1,0.36806678771972656,0.4700164,0,0.5299836099147797,0.1619168221950531,True,0.24340707,0,0.7565929293632507,0.38852614164352417,True,0.96094567,1,0.03905433416366577,-0.3290124535560608,0.9314537,1,0.06854629516601562,-0.29952049255371094,-0.3290124535560608,False,0.4074841380119324,424.0,0.5405192375183105,0.06483687460422516,0.08157513290643692,0.0009513451950624585,0.004712330177426338,0.08553604781627655,-0.06860237568616867,0.020049847662448883,-1.960106611251831,0.0,0.0,-0.0018731992458924651,0.0,C20,C98,0.21276789507828653,-0.21276789507828653,C98,0.21276789507828653,-0.21276789507828653,63.0,0.07964557409286499,0.9310352802276611,0.7350886227213778,0.8269706167086497,174.0
39183,1890,2234,38,1,38205,1681,2227,1,1.0,0.59913844,0.40187645,1,0.40086156129837036,0.35638884,0,0.6436111629009247,0.24274960160255432,True,0.21023726,0,0.7897627353668213,0.3889011740684509,True,0.57468784,1,0.4253121614456177,0.024450600147247314,0.8264159,1,0.17358410358428955,-0.2272774577140808,-0.2272774577140808,False,0.4068753272294998,317.0,0.40187644958496094,0.07069870829582214,0.0885387659072876,0.0009934463305398822,0.004672253970056772,0.15489284694194794,0.0,0.010898430831730366,-0.5900217890739441,0.0,0.0,-0.00531663466244936,0.0,C38,C42,0.39234792441129684,0.39234792441129684,C42,0.39234792441129684,0.39234792441129684,1.0,0.17439138889312744,0.41082221269607544,0.868101081578061,0.8056415869427643,33.0
49887,2467,3823,16,0,48440,2154,3809,1,0.0,0.216834,-1.2842126,0,0.21683399379253387,0.45433888,0,0.4543388783931732,0.23750488460063934,False,0.5986513,1,0.5986512899398804,0.3818172961473465,True,0.79558045,1,0.7955804467201233,0.5787464529275894,0.8731892,1,0.8731892108917236,0.6563552170991898,0.5787464529275894,True,0.4053122763335705,312.0,-1.284212589263916,0.06248331442475319,0.07959713786840439,0.0009304691920988262,0.00467988895252347,-0.17244946956634521,-0.017935464158654213,-0.002070600865408778,-3.057936668395996,0.0,0.0,0.0012388699688017368,0.0,C16,C15,0.11773410439491272,0.11773410439491272,C15,0.11773410439491272,0.11773410439491272,14.0,-1.694960594177246,-1.802699089050293,0.17990507862486993,0.48148521068808436,232.0
18704,607,11992,103,1,18471,566,11881,1,1.0,0.7427467,1.0602939,1,0.2572532892227173,0.5810215,1,0.4189785122871399,0.1617252230644226,False,0.36045444,0,0.6395455598831177,0.3822922706604004,True,0.8664486,1,0.13355141878128052,-0.12370187044143677,0.8893633,1,0.11063671112060547,-0.14661657810211182,-0.14661657810211182,False,0.4045746719837189,39.0,1.0602939128875732,0.06407420337200165,0.08067664504051208,0.0009389349143020809,0.004593672696501017,0.17830750346183777,0.0,0.007702613715082407,-0.3673657774925232,0.0,0.0,0.005454157944768667,0.0,C103,C48,0.15454693511128426,0.15454693511128426,C48,0.15454693511128426,0.15454693511128426,16.0,0.05604693293571472,0.46524742245674133,0.7287725864443928,0.9497482676820286,228.0
36409,1645,11780,13,1,35604,1484,11670,1,1.0,0.64706266,0.6061528,1,0.35293734073638916,0.40169615,0,0.5983038544654846,0.24536651372909546,True,0.26225725,0,0.7377427518367767,0.3848054111003876,True,0.9800789,1,0.01992112398147583,-0.33301621675491333,0.9422857,1,0.05771428346633911,-0.29522305727005005,-0.33301621675491333,False,0.4042172908782959,788.0,0.6061527729034424,0.07231409847736359,0.08477415144443512,0.0009372938657179475,0.004661704413592815,-0.26662909984588623,-0.05816776677966118,0.02381991222500801,-1.2811049222946167,0.0,0.0,0.0006947829970158637,0.0,C13,C12,0.07697761058807373,0.07697761058807373,C12,0.07697761058807373,0.07697761058807373,2.0,-0.4073570668697357,-0.8066278100013733,0.10093349640374072,0.11308630547383311,33.0
47496,2444,14003,12,1,46058,2131,13872,1,1.0,0.85786796,1.7976938,1,0.14213204383850098,0.5232862,1,0.47671377658843994,0.33458173274993896,False,0.47945374,0,0.5205462574958801,0.37841421365737915,True,0.91713357,1,0.08286643028259277,-0.0592656135559082,0.8742245,1,0.1257755160331726,-0.01635652780532837,-0.0592656135559082,False,0.4041502523422241,1002.0,1.7976938486099243,0.06316588819026947,0.0805618166923523,0.0009500005398876965,0.0047437031753361225,-0.33821532130241394,-0.06392805278301239,-0.00914041232317686,0.2885077893733978,0.0,0.0,-0.0007804842316545546,0.0,C12,C12,0.04884486529044807,-0.04884486529044807,C29,0.0070091173984110355,-0.0070091173984110355,6.0,-0.053221702575683594,-0.06408601999282837,0.02375288050097879,0.008285581449789404,37.0
10739,511,8719,"12,13",0,10548,472,8660,2,0.0,0.29024926,-0.89417374,0,0.2902492582798004,0.5826092,1,0.5826091766357422,0.2923599183559418,True,0.6725368,1,0.6725367903709412,0.38228753209114075,True,0.479506,0,0.4795059859752655,0.1892567276954651,0.39231962,0,0.39231961965560913,0.10207036137580872,0.10207036137580872,False,0.40358005434274674,308.0,-0.8941737413406372,0.07059586048126221,0.08414651453495026,0.0009550782851874828,0.0043486785143613815,-0.30242225527763367,-0.061047907918691635,0.0073397536762058735,-1.4771575927734375,0.0,0.0,0.0018431884236633778,0.0,C12,C13,0.08814054727554321,-0.08814054727554321,C13,0.08814054727554321,-0.08814054727554321,23.0,-0.2884489893913269,-0.4676821529865265,0.25855870901432354,0.3038636713787949,156.0
33351,1397,5633,82,1,32664,1264,5607,1,1.0,0.75551885,1.1282663,1,0.2444811463356018,0.5363658,1,0.463634192943573,0.2191530466079712,False,0.37522492,0,0.6247750818729401,0.38029393553733826,True,0.96664745,1,0.033352553844451904,-0.2111285924911499,0.95781785,1,0.04218214750289917,-0.20229899883270264,-0.2111285924911499,False,0.4029595011472702,920.0,1.1282663345336914,0.06292121112346649,0.0827665701508522,0.000962170772254467,0.0047469837591052055,0.27297502756118774,0.0,0.01529297698289156,-1.3810713291168213,0.0,0.0,-0.029971931129693985,0.0,C82,C55,0.17773588001728058,0.17773588001728058,C55,0.17773588001728058,0.17773588001728058,10.0,-0.7353194355964661,-0.8269829750061035,0.7679431467549875,1.335196337069057,112.0
3862,106,6022,58,0,3803,95,5991,1,0.0,0.3858526,-0.46477944,0,0.3858526051044464,0.55672866,1,0.5567286610603333,0.17087605595588684,True,0.7699583,1,0.7699583172798157,0.38410571217536926,True,0.23495828,0,0.23495827615261078,-0.15089432895183563,0.18691139,0,0.18691138923168182,-0.1989412158727646,-0.1989412158727646,False,0.40253013402223586,731.0,-0.46477943658828735,0.06768327951431274,0.08296233415603638,0.0009573355782777071,0.004377668257802725,0.3357880711555481,0.03961686044931412,0.020272817462682724,-0.6846521496772766,0.0,0.0,-0.023620281368494034,0.0,C58,C45,0.3298686444759369,0.3298686444759369,C45,0.3298686444759369,0.3298686444759369,2.0,0.3337090015411377,0.6816499829292297,0.3914472568940255,0.42001979857316046,77.0
4211,115,7949,"45,58",0,4151,104,7907,2,0.0,0.30278426,-0.8340744,0,0.302784264087677,0.54827243,1,0.548272430896759,0.24548816680908203,True,0.68412435,1,0.6841243505477905,0.3813400864601135,True,0.012780324,0,0.012780323624610901,-0.2900039404630661,0.3544579,0,0.35445791482925415,0.05167365074157715,-0.2900039404630661,False,0.4022565585374832,55.0,-0.8340743780136108,0.0814325362443924,0.09073988348245621,0.0009601791389286518,0.004653887823224068,0.307030588388443,0.021055102348327637,0.019583767279982567,-1.190268635749817,0.0,0.0,-0.010864241048693657,0.0,C45,C58,0.508764386177063,0.508764386177063,C58,0.508764386177063,0.508764386177063,3.0,-0.28395408391952515,-0.48349428176879883,0.9664727994604618,0.6545464943923793,156.0
21947,652,1222,4,1,21697,611,1218,1,1.0,0.8606535,1.8207285,1,0.13934648036956787,0.7931266,1,0.20687341690063477,0.0675269365310669,False,0.48439863,0,0.5156013667583466,0.3762548863887787,True,0.5046412,1,0.49535882472991943,0.35601234436035156,0.7058839,1,0.2941160798072815,0.15476959943771362,0.15476959943771362,False,0.40207449197769163,193.0,1.8207285404205322,0.0637149065732956,0.07561507821083069,0.0008600300061516464,0.004573405720293522,-0.13943493366241455,0.0,0.012501710094511509,0.7774619460105896,0.0,0.0,-0.016379889100790024,0.0,C4,C80,0.19620129466056824,0.19620129466056824,C80,0.19620129466056824,0.19620129466056824,3.0,0.4917542040348053,0.897087812423706,1.1499255049275234,1.527494626156305,155.0
14495,560,6346,13,1,14289,521,6315,1,1.0,0.69469583,0.8221655,1,0.3053041696548462,0.37721097,0,0.6227890253067017,0.31748485565185547,True,0.31386003,0,0.6861399710178375,0.38083580136299133,True,0.7635966,1,0.23640340566635132,-0.06890076398849487,0.9051131,1,0.0948868989944458,-0.2104172706604004,-0.2104172706604004,False,0.40167667627334597,977.0,0.8221654891967773,0.06772396713495255,0.08371634036302567,0.0009552450501359999,0.004724722355604172,-0.26662909984588623,-0.05816776677966118,0.02381991222500801,-1.1959316730499268,0.0,0.0,0.0012207395629957318,0.0,C13,C12,0.07700717449188232,0.07700717449188232,C12,0.07700717449188232,0.07700717449188232,1.0,0.22201943397521973,0.508575975894928,0.1083239802665048,0.09775631316421737,262.0
34417,1466,13291,12,1,33708,1327,13171,1,1.0,0.5553729,0.22240388,1,0.4446271061897278,0.30516705,0,0.6948329508304596,0.2502058446407318,True,0.17072992,0,0.8292700797319412,0.38464297354221344,True,0.9437837,1,0.056216299533843994,-0.3884108066558838,0.8925948,1,0.10740518569946289,-0.3372219204902649,-0.3884108066558838,False,0.4013041603565216,940.0,0.222403883934021,0.07231107354164124,0.08687695860862732,0.0009557968587614596,0.004856537561863661,-0.33821532130241394,-0.06392805278301239,-0.00914041232317686,-1.1696345806121826,0.0,0.0,-0.0023941758554428816,0.0,C12,C12,0.04892529465723783,-0.04892529465723783,C98,0.004994720584363677,-0.004994720584363677,10.0,-0.195343017578125,-0.14384686946868896,0.009239783757948317,0.004411017046018024,11.0
22062,660,3089,96,1,21806,617,3076,1,1.0,0.8455923,1.7004411,1,0.15440768003463745,0.6900979,1,0.3099020719528198,0.15549439191818237,False,0.47013155,0,0.5298684537410736,0.37546077370643616,True,0.95126104,1,0.048738956451416016,-0.10566872358322144,0.9007865,1,0.09921348094940186,-0.055194199085235596,-0.10566872358322144,False,0.400828543305397,302.0,1.7004411220550537,0.0637149065732956,0.07561507821083069,0.0008600300061516464,0.004573405720293522,0.3425596356391907,0.0,0.02231423929333687,0.24341224133968353,0.0,0.0,-0.009081389755010605,0.0,C96,C56,0.1671546995639801,0.1671546995639801,C56,0.1671546995639801,0.1671546995639801,2.0,0.28430676460266113,0.5939561128616333,0.7420764470007271,0.7894735350374378,38.0
4028,110,7856,48,1,3969,99,7816,1,1.0,0.8636979,1.8463495,1,0.13630211353302002,0.5149958,1,0.485004186630249,0.348702073097229,False,0.48901743,0,0.5109825730323792,0.37468045949935913,True,0.98152244,1,0.018477559089660645,-0.11782455444335938,0.88301134,1,0.1169886589050293,-0.019313454627990723,-0.11782455444335938,False,0.4005913960933685,897.0,1.8463494777679443,0.06768327951431274,0.08296233415603638,0.0009573355782777071,0.004377668257802725,0.0038088858127593994,-0.05225143954157829,-0.006445647217333317,0.6478896141052246,0.0,0.0,-0.0012358766980469227,0.0,C48,C1,0.5558017008006573,0.5558017008006573,C1,0.5558017008006573,0.5558017008006573,10.0,-0.772853434085846,-0.8744223117828369,0.7364108811016195,0.9992044915083702,31.0
42465,2274,3091,97,1,41248,2001,3078,1,1.0,0.757972,1.1415931,1,0.24202799797058105,0.43116933,0,0.568830668926239,0.32680267095565796,True,0.38023642,0,0.61976358294487,0.37773558497428894,True,0.74909776,1,0.2509022355079651,0.008874237537384033,0.746757,1,0.25324302911758423,0.011215031147003174,0.008874237537384033,False,0.4004747450351715,288.0,1.141593098640442,0.06800450384616852,0.0808601826429367,0.0009331831824965775,0.004615383688360453,0.31996697187423706,0.0,0.014768657274544239,-0.11336557567119598,0.0,0.0,-0.00038003353984095156,0.0,C97,C96,0.22634842991828918,0.22634842991828918,C96,0.22634842991828918,0.22634842991828918,7.0,-0.29083719849586487,-0.4762972593307495,0.22634842991828918,0.1736396800652722,7.0
36734,1657,15224,13,1,35913,1496,15033,1,1.0,0.77867794,1.2579787,1,0.22132205963134766,0.5107423,1,0.48925769329071045,0.2679356336593628,False,0.4022705,0,0.597729504108429,0.3764074444770813,True,0.9537732,1,0.04622679948806763,-0.17509526014328003,0.88341224,1,0.11658775806427002,-0.10473430156707764,-0.17509526014328003,False,0.3997677826881409,73.0,1.2579786777496338,0.06864206492900848,0.08536732196807861,0.0009828265756368637,0.0046773310750722885,-0.26662909984588623,-0.05816776677966118,0.02381991222500801,-0.5137811303138733,0.0,0.0,5.4783671657787636e-05,0.0,C13,C12,0.07660943269729614,0.07660943269729614,C12,0.07660943269729614,0.07660943269729614,6.0,0.9129146933555603,1.3224687576293945,0.10074904497560055,0.17984910762093123,47.0
23561,767,258,96,0,23258,721,258,1,0.0,0.30284488,-0.83378714,0,0.3028448820114136,0.5687881,1,0.5687881112098694,0.2659432291984558,True,0.6810232,1,0.6810231804847717,0.37817829847335815,True,0.47030708,0,0.4703070819377899,0.16746219992637634,0.30638996,0,0.3063899576663971,0.0035450756549835205,0.0035450756549835205,False,0.39909295201301576,730.0,-0.8337871432304382,0.06568413972854614,0.07806195318698883,0.0008987047476693988,0.0044948323629796505,0.3425596356391907,0.0,0.02231423929333687,-1.0310273170471191,0.0,0.0,0.0016864779172465205,0.0,C96,C56,0.16119584068655968,0.16119584068655968,C46,0.03943178616464138,0.03943178616464138,10.0,0.9574635028839111,1.1914045810699463,0.03943178616464138,0.08473370678249115,10.0
8517,374,788,93,1,8347,337,787,1,1.0,0.7611769,1.1591427,1,0.23882311582565308,0.58106405,1,0.41893595457077026,0.1801128387451172,False,0.3852354,0,0.6147646009922028,0.3759414851665497,True,0.7951441,1,0.20485591888427734,-0.03396719694137573,0.5131667,1,0.48683327436447144,0.24801015853881836,-0.03396719694137573,False,0.3987767916917801,155.0,1.1591427326202393,0.061906248331069946,0.0818159431219101,0.0009449436911381781,0.00444877240806818,0.6261224150657654,0.0,0.05899755284190178,0.9232780337333679,0.0,0.0,-0.0049045574851334095,0.0,C93,C7,0.16090013086795807,0.16090013086795807,C7,0.16090013086795807,0.16090013086795807,1.0,0.16033697128295898,0.3810018301010132,0.6327760946005583,0.42356672318020033,21.0
47712,2446,5638,86,1,46273,2133,5612,1,1.0,0.7877363,1.3113343,1,0.21226370334625244,0.40745023,0,0.5925497710704803,0.3802860677242279,True,0.4131715,0,0.5868285000324249,0.3745647966861725,True,0.8107371,1,0.18926292657852173,-0.023000776767730713,0.81006587,1,0.1899341344833374,-0.02232956886291504,-0.023000776767730713,False,0.3981968855857849,193.0,1.311334252357483,0.06532730162143707,0.0823780968785286,0.0009529517847113311,0.004645715467631817,0.25837472081184387,0.0,0.01106035616248846,-0.06855317950248718,0.0,0.0,0.00037903300835750997,0.0,C86,C29,0.30282454192638397,0.30282454192638397,C29,0.30282454192638397,0.30282454192638397,25.0,-0.6887309551239014,-0.6945160031318665,1.133927998598665,0.9949401140092802,234.0
46997,2438,7573,93,1,45559,2125,7533,1,1.0,0.70644855,0.87819743,1,0.2935514450073242,0.50818425,1,0.4918157458305359,0.19826430082321167,False,0.33031803,0,0.669681966304779,0.37613052129745483,True,0.83248115,1,0.16751885414123535,-0.12603259086608887,0.8060855,1,0.1939144730567932,-0.099636971950531,-0.12603259086608887,False,0.3973239779472351,503.0,0.878197431564331,0.06316588819026947,0.0805618166923523,0.0009500005398876965,0.0047437031753361225,0.6261224150657654,0.0,0.05899755284190178,-0.12558534741401672,0.0,0.0,0.005286532919853926,0.0,C93,C7,0.17031216621398926,0.17031216621398926,C7,0.17031216621398926,0.17031216621398926,14.0,-0.22811830043792725,-0.29471832513809204,0.724306947318837,0.31905358165639286,132.0
30108,1214,13006,"5,8",1,29483,1099,12888,2,1.0,0.8311937,1.5941111,1,0.1688063144683838,0.40630448,0,0.5936955213546753,0.4248892068862915,True,0.45888397,0,0.5411160290241241,0.37230971455574036,True,0.7563583,1,0.2436416745185852,0.07483536005020142,0.7426053,1,0.2573946714401245,0.08858835697174072,0.07483536005020142,False,0.39724552512168887,811.0,1.5941110849380493,0.09749237447977066,0.09995483607053757,0.0009719174122437835,0.004907374270260334,0.2933366894721985,0.024656537920236588,0.02091323584318161,1.022731065750122,0.0,0.0,-0.0032467625569552183,0.0,C5,C8,0.3846123367547989,0.3846123367547989,C8,0.3846123367547989,0.3846123367547989,1.0,0.21204881370067596,0.4885118007659912,0.9499428306298796,0.6064051513388109,32.0
28927,1094,15675,48,1,28429,1011,15427,1,1.0,0.8322734,1.601826,1,0.1677265763282776,0.556758,1,0.44324201345443726,0.27551543712615967,False,0.46000335,0,0.5399966537952423,0.3722700774669647,True,0.75360394,1,0.24639606475830078,0.0786694884300232,0.8795292,1,0.12047082185745239,-0.047255754470825195,-0.047255754470825195,False,0.3972382801771164,781.0,1.6018259525299072,0.06756800413131714,0.08334168791770935,0.0009539414313621819,0.004551129415631294,0.0038088858127593994,-0.05225143954157829,-0.006445647217333317,0.1463407278060913,0.0,0.0,0.0038054424803704023,0.0,C48,C1,0.5604650788009167,0.5604650788009167,C1,0.5604650788009167,0.5604650788009167,2.0,-0.03152203559875488,-0.12199327349662781,1.111600706120953,0.24292668785363228,32.0
7336,307,2528,85,0,7192,274,2519,1,0.0,0.4560791,-0.17613745,0,0.4560790956020355,0.42543983,0,0.42543983459472656,-0.03063926100730896,False,0.8366902,1,0.8366901874542236,0.3806110918521881,True,0.5352177,1,0.5352177023887634,0.0791386067867279,0.6871105,1,0.6871104836463928,0.2310313880443573,0.0791386067867279,True,0.39692871898412707,24.0,-0.17613744735717773,0.07549379765987396,0.08748462796211243,0.000964690581895411,0.004368380177766085,-1.1790027618408203,-0.21505233645439148,-0.004988489206880331,-0.6360403895378113,0.0,0.0,-0.02249796688556671,0.0,C85,C84,0.31475989520549774,0.31475989520549774,C84,0.31475989520549774,0.31475989520549774,4.0,-0.4673534631729126,-0.8178633451461792,0.38218523882096633,0.49074128104388987,31.0
9150,421,9614,44,1,8963,382,9552,1,1.0,0.8635373,1.844986,1,0.13646268844604492,0.7153587,1,0.2846413254737854,0.14817863702774048,False,0.49384528,0,0.5061547160148621,0.36969202756881714,True,0.52043545,1,0.4795645475387573,0.3431018590927124,0.85637504,1,0.14362496137619019,0.007162272930145264,0.007162272930145264,False,0.39559814691543577,771.0,1.8449859619140625,0.061906248331069946,0.0818159431219101,0.0009449436911381781,0.00444877240806818,0.11600907146930695,-0.03237522765994072,0.022206882014870644,0.37483853101730347,0.0,0.0,0.007134352345019579,0.0,C44,C1,0.648979015648365,0.648979015648365,C30,0.1446356405504048,-0.1446356405504048,9.0,0.6392553448677063,0.823905885219574,0.36641971045173705,0.460678842351011,30.0
41958,2210,14880,97,1,40780,1948,14716,1,1.0,0.8292544,1.5803523,1,0.1707456111907959,0.69185287,1,0.308147132396698,0.1374015212059021,False,0.45882654,0,0.5411734580993652,0.37042784690856934,True,0.93115443,1,0.06884557008743286,-0.10190004110336304,0.8146441,1,0.18535590171813965,0.01461029052734375,-0.10190004110336304,False,0.3953054785728455,844.0,1.5803523063659668,0.06622741371393204,0.07875661551952362,0.0009261696832254529,0.004637286998331547,0.31996697187423706,0.0,0.014768657274544239,0.8128931522369385,0.0,0.0,-0.00048662509652785957,0.0,C97,C96,0.21212522685527802,0.21212522685527802,C79,0.06352969538420439,-0.06352969538420439,3.0,-0.2924208641052246,-0.5892136693000793,0.26459436761797406,0.21586967534209056,16.0
48926,2458,7637,15,1,47483,2145,7597,1,1.0,0.80271244,1.4033343,1,0.19728755950927734,0.43562683,0,0.5643731653690338,0.36708560585975647,True,0.43169302,0,0.5683069825172424,0.3710194230079651,True,0.9529424,1,0.0470576286315918,-0.15022993087768555,0.9201642,1,0.07983577251434326,-0.11745178699493408,-0.15022993087768555,False,0.3951007962226868,379.0,1.4033342599868774,0.06483687460422516,0.08157513290643692,0.0009513451950624585,0.004712330177426338,0.060270942747592926,0.0031810435466468334,0.001650883466936648,-0.22318004071712494,0.0,0.0,-0.00156169303227216,0.0,C15,C16,0.09155997633934021,0.09155997633934021,C16,0.09155997633934021,0.09155997633934021,3.0,0.009495019912719727,-0.09630465507507324,0.14586924372633803,0.054964031468020466,195.0
32624,1333,4017,56,0,31964,1208,4002,1,0.0,0.18638165,-1.4736949,0,0.18638165295124054,0.2379922,0,0.23799219727516174,0.051610544323921204,False,0.5569815,1,0.5569815039634705,0.3705998510122299,True,0.7776045,1,0.7776045203208923,0.5912228673696518,0.9008446,1,0.9008445739746094,0.7144629210233688,0.5912228673696518,True,0.3950084014236927,220.0,-1.473694920539856,0.06292121112346649,0.0827665701508522,0.000962170772254467,0.0047469837591052055,0.03130440413951874,0.0,0.002498350339010358,-2.5783796310424805,0.0,0.0,0.007802293635904789,0.0,C56,C96,0.3173426017165184,0.3173426017165184,C37,0.15271002799272537,0.15271002799272537,4.0,-0.4149129390716553,-0.43596380949020386,0.5945012276060879,0.45035915350356137,48.0
18143,603,6233,9,0,17913,562,6202,1,0.0,0.31373554,-0.78271264,0,0.3137355446815491,0.670674,1,0.6706740260124207,0.3569384813308716,True,0.6867259,1,0.686725914478302,0.37299036979675293,True,0.17029054,0,0.17029054462909698,-0.1434450000524521,0.5713394,1,0.5713394284248352,0.25760388374328613,-0.1434450000524521,False,0.39357830345630646,505.0,-0.7827126383781433,0.0684746578335762,0.0841505229473114,0.0009557458688504994,0.00469803623855114,0.38562601804733276,0.0337739959359169,0.024656817317008972,-1.3974016904830933,0.0,0.0,0.0020884829573333263,0.0,C9,C5,0.45127966115251184,-0.45127966115251184,C5,0.45127966115251184,-0.45127966115251184,11.0,0.39144790172576904,0.3708380460739136,0.9855370734130702,0.6551274488232067,128.0
33829,1409,4677,96,1,33138,1275,4657,1,1.0,0.6791497,0.7498671,1,0.32085031270980835,0.44157216,0,0.5584278404712677,0.23757752776145935,True,0.30596963,0,0.694030374288559,0.3731800615787506,True,0.7476219,1,0.25237810611724854,-0.06847220659255981,0.86070293,1,0.13929706811904907,-0.18155324459075928,-0.18155324459075928,False,0.3935545521974564,370.0,0.7498670816421509,0.07231107354164124,0.08687695860862732,0.0009557968587614596,0.004856537561863661,0.3425596356391907,0.0,0.02231423929333687,-0.8389668464660645,0.0,0.0,-0.01584640145301819,0.0,C96,C56,0.18056239187717438,0.18056239187717438,C79,0.0778038571588695,-0.0778038571588695,4.0,0.6084859371185303,1.0222755670547485,0.3468037579441443,0.5775483294031882,68.0
51518,2481,386,"12,13",0,50065,2168,386,2,0.0,0.276797,-0.96040547,0,0.27679699659347534,0.5302888,1,0.530288815498352,0.2534918189048767,True,0.64860374,1,0.6486037373542786,0.3718067407608032,True,0.46665505,0,0.46665504574775696,0.18985804915428162,0.36044624,0,0.3604462444782257,0.08364924788475037,0.08364924788475037,False,0.393502830862999,913.0,-0.9604054689407349,0.06337235867977142,0.07970108091831207,0.0009304739651270211,0.004354481119662523,-0.30242225527763367,-0.061047907918691635,0.0073397536762058735,-1.4256969690322876,0.0,0.0,0.0012695799814537168,0.0,C12,C13,0.06905007362365723,-0.06905007362365723,C13,0.06905007362365723,-0.06905007362365723,33.0,-0.20477569103240967,-0.3075409233570099,0.21813024226867128,0.30270961775920635,183.0
2998,90,441,"22,51",1,2945,80,440,2,1.0,0.8140041,1.4762409,1,0.18599587678909302,0.39141095,0,0.6085890531539917,0.4225931763648987,True,0.44617435,0,0.5538256466388702,0.3678297698497772,True,0.833432,1,0.16656798124313354,-0.019427895545959473,0.78746384,1,0.21253615617752075,0.026540279388427734,-0.019427895545959473,False,0.39224989354610446,897.0,1.476240873336792,0.0670357346534729,0.0828440710902214,0.0009679567301645875,0.004377835430204868,-0.05438002943992615,-0.042409107089042664,0.005826939828693867,0.7513726353645325,0.0,0.0,0.009582065977156162,0.0,C51,C22,0.40087584173306823,-0.40087584173306823,C22,0.40087584173306823,-0.40087584173306823,1.0,-0.24822978675365448,-0.5603840351104736,1.26973557472229,1.299857157803658,75.0
3264,95,7117,86,1,3210,85,7081,1,1.0,0.5972448,0.3939981,1,0.4027552008628845,0.4217809,0,0.578219085931778,0.17546388506889343,True,0.22314297,0,0.7768570333719254,0.37410183250904083,True,0.29588255,0,0.7041174471378326,0.3013622462749481,0.6291484,1,0.3708515763282776,-0.031903624534606934,-0.031903624534606934,False,0.3920191764831543,138.0,0.39399808645248413,0.06768327951431274,0.08296233415603638,0.0009573355782777071,0.004377668257802725,0.25837472081184387,0.0,0.01106035616248846,-0.20461305975914001,0.0,0.0,-0.0003266276908107102,0.0,C86,C29,0.29032760113477707,0.29032760113477707,C29,0.29032760113477707,0.29032760113477707,27.0,-0.09506630897521973,0.06940078735351562,1.098117589019239,0.7195592916594653,239.0
23643,771,258,96,0,23339,725,258,1,0.0,0.30617476,-0.8180641,0,0.30617475509643555,0.6024538,1,0.6024538278579712,0.29627907276153564,True,0.6768464,1,0.6768463850021362,0.3706716299057007,True,0.70232004,1,0.7023200392723083,0.3961452841758728,0.38700995,0,0.38700994849205017,0.08083519339561462,0.08083519339561462,False,0.3914863872528076,811.0,-0.8180640935897827,0.06568413972854614,0.07806195318698883,0.0008987047476693988,0.0044948323629796505,0.3425596356391907,0.0,0.02231423929333687,-1.3054271936416626,0.0,0.0,0.0017341942293569446,0.0,C96,C56,0.16269203647971153,0.16269203647971153,C14,0.13612134754657745,0.13612134754657745,2.0,0.28056490421295166,0.5871744155883789,0.3052205835701898,0.2034476248642394,24.0
20630,624,8108,"12,13",0,20389,583,8066,2,0.0,0.24215823,-1.1408833,0,0.24215823411941528,0.51250345,1,0.512503445148468,0.27034521102905273,True,0.6107674,1,0.6107674241065979,0.3686091899871826,True,0.29343763,0,0.2934376299381256,0.05127939581871033,0.36973116,0,0.3697311580181122,0.1275729238986969,0.05127939581871033,False,0.39134444296360016,933.0,-1.1408833265304565,0.0631941556930542,0.07961639761924744,0.0009310681489296257,0.004329904913902283,-0.30242225527763367,-0.061047907918691635,0.0073397536762058735,-1.6492855548858643,0.0,0.0,0.0013661470729857683,0.0,C12,C13,0.0839371383190155,-0.0839371383190155,C13,0.0839371383190155,-0.0839371383190155,33.0,-0.40629464387893677,-0.9811687469482422,0.2474411663133651,0.31690159924006206,184.0
15488,568,5139,49,1,15279,529,5116,1,1.0,0.78688914,1.3062747,1,0.21311086416244507,0.52724195,1,0.47275805473327637,0.2596471905708313,False,0.42035046,0,0.5796495378017426,0.3665386736392975,True,0.66837376,1,0.3316262364387512,0.11851537227630615,0.81714565,1,0.18285435438156128,-0.03025650978088379,-0.03025650978088379,False,0.3901453477144241,943.0,1.306274652481079,0.06683383882045746,0.08315007388591766,0.0009595368173904717,0.004602927248924971,0.05061596259474754,-0.041404884308576584,-0.0019336468540132046,-0.3378322124481201,0.0,0.0,-0.008671040646731853,0.0,C49,C39,0.4427712643519044,0.4427712643519044,C29,0.3210865301080048,-0.3210865301080048,24.0,-1.1248743534088135,-1.168761968612671,0.8224973663163837,0.9265961780588954,220.0
30433,1222,10657,78,1,29807,1107,10574,1,1.0,0.8144457,1.4791603,1,0.18555432558059692,0.5747401,1,0.42525988817214966,0.23970556259155273,False,0.448941,0,0.5510590076446533,0.3655046820640564,True,0.86569804,1,0.13430196046829224,-0.05125236511230469,0.9073952,1,0.09260481595993042,-0.0929495096206665,-0.0929495096206665,False,0.38993805229663847,111.0,1.4791603088378906,0.0661398321390152,0.0820954442024231,0.0009315940551459789,0.0047149513848125935,-0.014266923069953918,0.0,0.004923571366816759,-0.1547681838274002,0.0,0.0,-0.0015011033974587917,0.0,C78,C55,0.1700661312788725,0.1700661312788725,C80,0.15207381965592504,-0.15207381965592504,2.0,0.3530869781970978,0.7151641845703125,0.850205814698711,0.8343910849757277,91.0
40284,1997,4728,30,1,39265,1776,4708,1,1.0,0.7206391,0.94763386,1,0.27936089038848877,0.34371752,0,0.6562824845314026,0.3769215941429138,True,0.35288164,0,0.6471183598041534,0.3677574694156647,True,0.98933744,1,0.010662555694580078,-0.2686983346939087,0.9689617,1,0.031038284301757812,-0.24832260608673096,-0.2686983346939087,False,0.38937664270401,353.0,0.9476338624954224,0.07228483259677887,0.08860623836517334,0.0009932828834280372,0.0046765427105128765,-0.1103825718164444,-0.0004303536843508482,0.008000646717846394,-1.4218124151229858,0.0,0.0,-0.06798429787158966,0.0,C30,C48,0.45858558639883995,-0.45858558639883995,C32,0.28379290795419365,0.28379290795419365,5.0,-0.9358008503913879,-1.438779592514038,0.2863464488182217,0.6816953947882337,12.0
2139,47,2531,96,0,2116,46,2522,1,0.0,0.17108084,-1.5779865,0,0.1710808426141739,0.4509059,0,0.4509058892726898,0.27982504665851593,False,0.5349816,1,0.5349816083908081,0.3639007657766342,True,0.38846907,0,0.38846907019615173,0.21738822758197784,0.34258243,0,0.34258243441581726,0.17150159180164337,0.17150159180164337,False,0.388768340498209,68.0,-1.577986478805542,0.0670357346534729,0.0828440710902214,0.0009679567301645875,0.004377835430204868,0.3425596356391907,0.0,0.02231423929333687,-1.869423270225525,0.0,0.0,-0.002295346464961767,0.0,C96,C56,0.15548118576407433,0.15548118576407433,C56,0.15548118576407433,0.15548118576407433,1.0,0.1522233486175537,0.3635687828063965,0.5455628818599507,0.4145397922916683,48.0
41250,2105,15095,58,1,40147,1865,14911,1,1.0,0.78522706,1.2963914,1,0.21477293968200684,0.3240743,0,0.6759257018566132,0.4611527621746063,True,0.42031896,0,0.5796810388565063,0.3649080991744995,True,0.83616287,1,0.16383713483810425,-0.05093580484390259,0.8636837,1,0.13631629943847656,-0.07845664024353027,-0.07845664024353027,False,0.3884649109840393,211.0,1.2963913679122925,0.06622741371393204,0.07875661551952362,0.0009261696832254529,0.004637286998331547,0.3357880711555481,0.03961686044931412,0.020272817462682724,-0.23915189504623413,0.0,0.0,0.02040758728981018,0.0,C58,C45,0.3295289874076843,0.3295289874076843,C45,0.3295289874076843,0.3295289874076843,1.0,0.18071043491363525,0.4240790605545044,0.3831011931069952,0.2627833837144602,113.0
7549,315,10569,"58,104",1,7404,282,10488,2,1.0,0.81257516,1.4668305,1,0.18742483854293823,0.75489205,1,0.24510794878005981,0.05768311023712158,False,0.4485908,0,0.5514092147350311,0.3639843761920929,True,0.47944865,0,0.5205513536930084,0.3331265151500702,0.65070945,1,0.34929054975509644,0.1618657112121582,0.1618657112121582,False,0.38836163103580473,236.0,1.4668304920196533,0.07549379765987396,0.08748462796211243,0.000964690581895411,0.004368380177766085,0.019782114773988724,0.007951234467327595,0.015787269920110703,0.6765690445899963,0.0,0.0,-0.00029217638075351715,0.0,C104,C58,0.646217443048954,-0.646217443048954,C58,0.646217443048954,-0.646217443048954,2.0,0.35326629877090454,0.7154721021652222,0.9676700462587178,1.2105611008047703,100.0
4535,120,8384,94,1,4474,109,8337,1,1.0,0.735452,1.0224627,1,0.26454800367355347,0.6515528,1,0.34844720363616943,0.08389919996261597,False,0.36918682,0,0.6308131814002991,0.3662651777267456,True,0.9100207,1,0.08997929096221924,-0.17456871271133423,0.8469346,1,0.15306538343429565,-0.11148262023925781,-0.17456871271133423,False,0.388328737616539,378.0,1.0224627256393433,0.0814325362443924,0.09073988348245621,0.0009601791389286518,0.004653887823224068,0.1269960105419159,0.0,0.04438489302992821,-0.23699675500392914,0.0,0.0,0.01039933692663908,0.0,C94,C7,0.24632182717323303,0.24632182717323303,C7,0.24632182717323303,0.24632182717323303,4.0,0.05208611488342285,0.14345669746398926,0.6580497566610575,0.716856564782538,39.0
1973,40,268,97,0,1951,39,268,1,0.0,0.29462665,-0.87301826,0,0.2946266531944275,0.54809386,1,0.548093855381012,0.2534672021865845,True,0.661696,1,0.6616960167884827,0.3670693635940552,True,0.7935285,1,0.7935284972190857,0.4989018440246582,0.6329758,1,0.6329758167266846,0.3383491635322571,0.3383491635322571,True,0.38823056399822237,927.0,-0.8730182647705078,0.06858334690332413,0.08427993953227997,0.0009629453998059034,0.0043539926409721375,0.31996697187423706,0.0,0.014768657274544239,-1.2616466283798218,0.0,0.0,0.0005849041044712067,0.0,C97,C96,0.21209022402763367,0.21209022402763367,C96,0.21209022402763367,0.21209022402763367,4.0,0.6195127964019775,1.0377283096313477,0.8736000009812415,1.0834051374362015,162.0
21020,628,5072,"12,13",0,20778,587,5049,2,0.0,0.2343106,-1.1841291,0,0.2343105971813202,0.52864087,1,0.528640866279602,0.29433026909828186,True,0.5992337,1,0.5992336869239807,0.3649230897426605,True,0.42123285,0,0.42123284935951233,0.18692225217819214,0.41520405,0,0.4152040481567383,0.1808934509754181,0.1808934509754181,False,0.3878937718272209,298.0,-1.1841291189193726,0.0704142302274704,0.08326548337936401,0.0009370497427880764,0.004425144288688898,-0.30242225527763367,-0.061047907918691635,0.0073397536762058735,-1.7467409372329712,0.0,0.0,0.002192798303440213,0.0,C12,C13,0.07798430323600769,-0.07798430323600769,C13,0.07798430323600769,-0.07798430323600769,14.0,-0.7329857349395752,-0.6596724390983582,0.23826621317130048,0.22735998223977757,162.0
40987,2066,4177,53,1,39917,1836,4160,1,1.0,0.71953195,0.9421412,1,0.28046804666519165,0.49407622,0,0.5059237778186798,0.22545573115348816,True,0.35395688,0,0.6460431218147278,0.36557507514953613,True,0.94300324,1,0.05699676275253296,-0.2234712839126587,0.88427037,1,0.11572962999343872,-0.16473841667175293,-0.2234712839126587,False,0.3871610337495804,1005.0,0.9421411752700806,0.07228483259677887,0.08860623836517334,0.0009932828834280372,0.0046765427105128765,0.45158201456069946,0.0,0.026771901175379753,-0.12073740363121033,0.0,0.0,-0.0037948773242533207,0.0,C53,C46,0.37814024090766907,0.37814024090766907,C79,0.09034314844757318,-0.09034314844757318,1.0,0.19013428688049316,0.44367992877960205,0.2633501482196152,0.1872096040864613,17.0
13005,537,6891,51,1,12807,498,6857,1,1.0,0.8121835,1.4642608,1,0.18781650066375732,0.37596413,0,0.6240358650684357,0.43621936440467834,True,0.4500757,0,0.5499243140220642,0.3621078133583069,True,0.8864285,1,0.11357152462005615,-0.07424497604370117,0.8682947,1,0.13170528411865234,-0.05611121654510498,-0.07424497604370117,False,0.38647331833839416,519.0,1.4642608165740967,0.08067210018634796,0.0888662040233612,0.0009476303239353001,0.0047837249003350735,0.07532593607902527,-0.03800508379936218,-0.0016116728074848652,-0.19502878189086914,0.0,0.0,-0.022692328318953514,0.0,C51,C22,0.40096033248119056,-0.40096033248119056,C32,0.23569837026298046,0.23569837026298046,10.0,-0.13363569974899292,-0.36792951822280884,0.6781499665230513,0.4163512983099903,124.0
45830,2428,6586,92,1,44397,2115,6552,1,1.0,0.689155,0.79617184,1,0.3108450174331665,0.52288336,1,0.4771166443824768,0.1662716269493103,False,0.32336402,0,0.6766359806060791,0.3657909631729126,True,0.8077861,1,0.19221389293670654,-0.11863112449645996,0.84532875,1,0.15467125177383423,-0.15617376565933228,-0.15617376565933228,False,0.3864656126499176,365.0,0.7961718440055847,0.06545133888721466,0.08283867686986923,0.0009573831921443343,0.004608755465596914,0.3657154440879822,0.0,0.015505888499319553,-0.4901692867279053,0.0,0.0,-0.0037706419825553894,0.0,C92,C29,0.16813231259584427,0.16813231259584427,C29,0.16813231259584427,0.16813231259584427,23.0,-0.1399911642074585,-0.7917081117630005,1.0633951220661402,1.0431271550173136,200.0
30669,1229,2282,81,1,30042,1114,2275,1,1.0,0.7454041,1.0742491,1,0.25459587574005127,0.5847765,1,0.41522347927093506,0.1606276035308838,False,0.38145533,0,0.6185446679592133,0.363948792219162,True,0.91025156,1,0.08974844217300415,-0.16484743356704712,0.83770484,1,0.1622951626777649,-0.09230071306228638,-0.16484743356704712,False,0.38631091594696043,346.0,1.0742491483688354,0.0661398321390152,0.0820954442024231,0.0009315940551459789,0.0047149513848125935,0.10735255479812622,0.0,0.007805482484400272,-0.37630367279052734,0.0,0.0,-0.00036492562503553927,0.0,C81,C37,0.19839564338326454,0.19839564338326454,C37,0.19839564338326454,0.19839564338326454,2.0,0.28635215759277344,0.5976539850234985,0.6335916382959113,0.6397514982532726,57.0
34364,1465,14549,58,1,33655,1326,14398,1,1.0,0.587702,0.3544736,1,0.4122980237007141,0.18857607,0,0.8114239275455475,0.3991259038448334,True,0.21932988,0,0.7806701213121414,0.3683720976114273,True,0.8477783,1,0.1522216796875,-0.2600763440132141,0.867382,1,0.1326180100440979,-0.2796800136566162,-0.2796800136566162,False,0.3860031569004059,887.0,0.3544735908508301,0.07231107354164124,0.08687695860862732,0.0009557968587614596,0.004856537561863661,0.3357880711555481,0.03961686044931412,0.020272817462682724,-1.257961630821228,0.0,0.0,0.040204327553510666,0.0,C58,C45,0.32969018816947937,0.32969018816947937,C45,0.32969018816947937,0.32969018816947937,5.0,-0.6759844422340393,-1.1121628284454346,0.38521743996534497,0.6667147135862472,89.0
17245,597,13644,86,1,17017,556,13517,1,1.0,0.5579667,0.23291421,1,0.4420332908630371,0.28874418,0,0.711255818605423,0.26922252774238586,True,0.18880275,0,0.8111972510814667,0.36916396021842957,True,0.77555597,1,0.22444403171539307,-0.21758925914764404,0.7666637,1,0.23333632946014404,-0.20869696140289307,-0.21758925914764404,False,0.38590296149253844,633.0,0.23291420936584473,0.06886047124862671,0.08392138034105301,0.0009554334683343768,0.00465427478775382,0.25837472081184387,0.0,0.01106035616248846,-0.621256411075592,0.0,0.0,0.0005917869857512414,0.0,C86,C29,0.2984134703874588,0.2984134703874588,C29,0.2984134703874588,0.2984134703874588,8.0,-0.42416879534721375,-0.6562217473983765,0.979561947286129,1.3127675000985222,120.0
29794,1167,4095,20,1,29225,1070,4079,1,1.0,0.8068146,1.4294438,1,0.19318538904190063,0.41971117,0,0.580288827419281,0.38710343837738037,True,0.44532776,0,0.5546722412109375,0.36148685216903687,True,0.7921591,1,0.2078409194946289,0.014655530452728271,0.95673525,1,0.04326474666595459,-0.14992064237594604,-0.14992064237594604,False,0.38569129049777984,553.0,1.4294438362121582,0.09749237447977066,0.09995483607053757,0.0009719174122437835,0.004907374270260334,0.08553604781627655,-0.06860237568616867,0.020049847662448883,-0.6522988677024841,0.0,0.0,-0.005024894140660763,0.0,C20,C98,0.21290618379134685,-0.21290618379134685,C98,0.21290618379134685,-0.21290618379134685,27.0,-1.7468881607055664,-1.442835807800293,0.3885870847152546,0.9509585108803097,50.0
48267,2451,7950,"45,58",0,46825,2138,7908,2,0.0,0.28674403,-0.91125035,0,0.28674402832984924,0.5074204,1,0.5074204206466675,0.22067639231681824,True,0.65099424,1,0.6509942412376404,0.36425021290779114,True,0.75383955,1,0.7538395524024963,0.4670955240726471,0.4682484,0,0.4682483971118927,0.18150436878204346,0.18150436878204346,False,0.3856478920578957,745.0,-0.9112503528594971,0.06532730162143707,0.0823780968785286,0.0009529517847113311,0.004645715467631817,0.307030588388443,0.021055102348327637,0.019583767279982567,-1.7677550315856934,0.0,0.0,-0.0002906242443714291,0.0,C45,C58,0.5060338079929352,0.5060338079929352,C58,0.5060338079929352,0.5060338079929352,29.0,0.21601158380508423,0.3728780150413513,0.5328874231345253,0.3181693380787154,109.0
2961,90,3355,96,0,2908,80,3342,1,0.0,0.2608288,-1.0416653,0,0.26082879304885864,0.50249934,1,0.5024993419647217,0.24167054891586304,True,0.6235071,1,0.6235070824623108,0.36267828941345215,True,0.49653792,0,0.4965379238128662,0.23570913076400757,0.4046808,0,0.4046807885169983,0.14385199546813965,0.14385199546813965,False,0.3848534256219864,860.0,-1.0416653156280518,0.0670357346534729,0.0828440710902214,0.0009679567301645875,0.004377835430204868,0.3425596356391907,0.0,0.02231423929333687,-1.3949956893920898,0.0,0.0,0.0012021665461361408,0.0,C96,C97,0.16603399068117142,0.16603399068117142,C56,0.14702125266194344,0.14702125266194344,5.0,0.5999902486801147,0.9654861688613892,0.7126209869747981,0.6166597750976687,97.0
51029,2477,12584,13,0,49580,2164,12472,1,0.0,0.35218254,-0.6094592,0,0.352182537317276,0.5947897,1,0.5947896838188171,0.24260714650154114,True,0.7173546,1,0.7173545956611633,0.36517205834388733,True,0.61561036,1,0.6156103610992432,0.26342782378196716,0.21674073,0,0.21674072742462158,-0.13544180989265442,-0.13544180989265442,False,0.38460658222436905,428.0,-0.6094592213630676,0.06337235867977142,0.07970108091831207,0.0009304739651270211,0.004354481119662523,-0.26662909984588623,-0.05816776677966118,0.02381991222500801,-0.8234219551086426,0.0,0.0,-0.0007409327663481236,0.0,C13,C12,0.06767404079437256,0.06767404079437256,C12,0.06767404079437256,0.06767404079437256,5.0,0.1498483419418335,0.28344452381134033,0.10890118804309168,0.0860626871877411,121.0
10233,489,7275,51,1,10043,450,7239,1,1.0,0.78986055,1.3240849,1,0.2101394534111023,0.3426201,0,0.6573798954486847,0.4472404420375824,True,0.42924163,0,0.5707583725452423,0.36061891913414,True,0.5762977,1,0.42370229959487915,0.21356284618377686,0.9200629,1,0.07993710041046143,-0.13020235300064087,-0.13020235300064087,False,0.38431473553180695,827.0,1.3240848779678345,0.09665975719690323,0.09927704930305481,0.0009874386014416814,0.004629351664334536,0.07532593607902527,-0.03800508379936218,-0.0016116728074848652,-0.7366864681243896,0.0,0.0,-0.07179756462574005,0.0,C51,C22,0.40100591350346804,-0.40100591350346804,C33,0.23286717385053635,0.23286717385053635,6.0,0.12277257442474365,0.24223172664642334,0.679386405274272,0.37361532053541996,129.0
28735,1087,6590,97,1,28252,1005,6556,1,1.0,0.65839994,0.6561719,1,0.34160006046295166,0.42513365,0,0.5748663544654846,0.23326629400253296,True,0.2955499,0,0.7044501006603241,0.36285004019737244,True,0.8073249,1,0.19267511367797852,-0.14892494678497314,0.93871903,1,0.06128096580505371,-0.28031909465789795,-0.28031909465789795,False,0.3826020383834839,604.0,0.6561719179153442,0.06756800413131714,0.08334168791770935,0.0009539414313621819,0.004551129415631294,0.31996697187423706,0.0,0.014768657274544239,-1.150513768196106,0.0,0.0,-0.001598492031916976,0.0,C97,C96,0.23096750676631927,0.23096750676631927,C46,0.13843240588903427,0.13843240588903427,30.0,-1.1288731098175049,-1.0710558891296387,0.37942266097525135,0.431480561263455,64.0
15083,564,12802,"45,58",0,14876,525,12688,2,0.0,0.42945072,-0.28409252,0,0.42945072054862976,0.72767776,1,0.7276777625083923,0.2982270419597626,True,0.79472995,1,0.7947299480438232,0.3652792274951935,True,0.21034598,0,0.21034598350524902,-0.21910473704338074,0.3739536,0,0.37395361065864563,-0.05549710988998413,-0.21910473704338074,False,0.3823957058787346,540.0,-0.284092515707016,0.06683383882045746,0.08315007388591766,0.0009595368173904717,0.004602927248924971,0.307030588388443,0.021055102348327637,0.019583767279982567,-0.700258731842041,0.0,0.0,-0.010558173060417175,0.0,C45,C58,0.5086965560913086,0.5086965560913086,C58,0.5086965560913086,0.5086965560913086,20.0,0.18045330047607422,-0.5509276390075684,0.9668368717393605,1.137655568512318,109.0
6972,279,5753,20,1,6833,247,5724,1,1.0,0.8470054,1.7113044,1,0.1529945731163025,0.5519056,1,0.4480944275856018,0.2950998544692993,False,0.49043408,0,0.50956591963768,0.35657134652137756,True,0.9623593,1,0.03764069080352783,-0.11535388231277466,0.9443977,1,0.055602312088012695,-0.0973922610282898,-0.11535388231277466,False,0.3819815093278885,689.0,1.7113044261932373,0.05752991512417793,0.08026370406150818,0.000941227248404175,0.004619909450411797,0.08553604781627655,-0.06860237568616867,0.020049847662448883,-0.47904467582702637,0.0,0.0,-0.0016052782302722335,0.0,C20,C98,0.21284245688002557,-0.21284245688002557,C98,0.21284245688002557,-0.21284245688002557,70.0,-1.250637412071228,-0.999372661113739,0.38676906877662987,0.5843590540656891,90.0
45113,2420,11177,2,0,43681,2107,11074,1,0.0,0.48332322,-0.06673205,0,0.48332321643829346,0.7990035,1,0.7990034818649292,0.31568026542663574,True,0.8489141,1,0.8489140868186951,0.3655908703804016,True,0.58595264,1,0.585952639579773,0.10262942314147949,0.7742548,1,0.7742547988891602,0.2909315824508667,0.10262942314147949,True,0.38109117388725283,673.0,-0.06673204898834229,0.060915473848581314,0.07779769599437714,0.000925813801586628,0.004350275732576847,0.11310780048370361,0.0,0.01003615278750658,-0.36274024844169617,0.0,0.0,0.0005644187913276255,0.0,C2,C14,0.1436607651412487,0.1436607651412487,C14,0.1436607651412487,0.1436607651412487,8.0,-0.06116604804992676,0.03542065620422363,0.7699453225359321,0.5244341879515957,221.0
43686,2406,5814,97,0,42258,2093,5785,1,0.0,0.43068755,-0.2790466,0,0.4306875467300415,0.71090746,1,0.7109074592590332,0.2802199125289917,True,0.7946807,1,0.7946807146072388,0.36399316787719727,True,0.36770317,0,0.3677031695842743,-0.06298437714576721,0.4345166,0,0.4345166087150574,0.003829061985015869,-0.06298437714576721,False,0.381072541475296,274.0,-0.27904659509658813,0.06399254500865936,0.08060160279273987,0.0009526618523523211,0.0041736457496881485,0.31996697187423706,0.0,0.014768657274544239,-0.4838023781776428,0.0,0.0,0.003071777056902647,0.0,C97,C96,0.21697625517845154,0.21697625517845154,C96,0.21697625517845154,0.21697625517845154,1.0,0.19433721899986267,0.45235803723335266,0.6825692132988479,0.6607339842522033,108.0
29701,1160,1620,44,1,29136,1064,1614,1,1.0,0.56803364,0.2738328,1,0.4319663643836975,0.3381374,0,0.6618626117706299,0.22989624738693237,True,0.20418856,0,0.7958114445209503,0.3638450801372528,True,0.91324484,1,0.08675515651702881,-0.3452112078666687,0.86137897,1,0.1386210322380066,-0.2933453321456909,-0.3452112078666687,False,0.3808860892057419,464.0,0.2738327980041504,0.09749237447977066,0.09995483607053757,0.0009719174122437835,0.004907374270260334,0.11600907146930695,-0.03237522765994072,0.022206882014870644,-0.9005656242370605,0.0,0.0,0.010499556548893452,0.0,C44,C1,0.6475613191723824,0.6475613191723824,C30,0.1446794189978391,-0.1446794189978391,13.0,-0.8459159135818481,-1.1832962036132812,0.14756831781414803,0.2981364576726537,34.0
33540,1401,488,32,0,32852,1268,487,1,0.0,0.30917096,-0.80399805,0,0.3091709613800049,0.6666023,1,0.6666023135185242,0.3574313521385193,True,0.668997,1,0.6689969897270203,0.3598260283470154,True,0.83330995,1,0.8333099484443665,0.5241389870643616,0.760227,1,0.7602270245552063,0.4510560631752014,0.4510560631752014,True,0.3805508995056152,84.0,-0.8039980530738831,0.07231107354164124,0.08687695860862732,0.0009557968587614596,0.004856537561863661,0.6066304445266724,0.0648362785577774,0.009580688551068306,-1.63228178024292,0.0,0.0,-9.638204937800765e-05,0.0,C32,C33,0.09241706132888794,0.09241706132888794,C98,0.013568576217949158,-0.013568576217949158,8.0,0.1678648591041565,0.47444283962249756,0.04933053945933352,0.04606183535171965,54.0
10714,511,6980,"12,13",0,10523,472,6946,2,0.0,0.19130678,-1.4415413,0,0.19130678474903107,0.4913558,0,0.4913558065891266,0.3000490218400955,False,0.54741067,1,0.5474106669425964,0.35610388219356537,True,0.3372854,0,0.3372853994369507,0.14597861468791962,0.26637083,0,0.26637083292007446,0.0750640481710434,0.0750640481710434,False,0.3803646786510944,283.0,-1.441541314125061,0.07059586048126221,0.08414651453495026,0.0009550782851874828,0.0043486785143613815,-0.30242225527763367,-0.061047907918691635,0.0073397536762058735,-1.9042071104049683,0.0,0.0,0.0018431884236633778,0.0,C12,C13,0.08814054727554321,-0.08814054727554321,C13,0.08814054727554321,-0.08814054727554321,23.0,-0.2884489893913269,-0.4676821529865265,0.25855870901432354,0.3038636713787949,156.0
38312,1761,10518,98,1,37454,1592,10438,1,1.0,0.7723842,1.2218232,1,0.22761577367782593,0.691848,1,0.3081520199775696,0.08053624629974365,False,0.41522977,0,0.5847702324390411,0.3571544587612152,True,0.4961755,0,0.5038245022296906,0.2762087285518646,0.5979312,1,0.4020687937736511,0.1744530200958252,0.1744530200958252,False,0.38032598555088043,590.0,1.2218232154846191,0.059997402131557465,0.08186382055282593,0.0009646088583394885,0.004674145951867104,0.287905216217041,0.0,0.02632562816143036,-0.0001846998929977417,0.0,0.0,-0.0012715811608359218,0.0,C98,C59,0.25634266063570976,0.25634266063570976,C59,0.25634266063570976,0.25634266063570976,10.0,0.7558296918869019,0.90975022315979,0.6200109301134944,0.7390296860913054,45.0
16667,592,7949,"45,58",0,16445,551,7907,2,0.0,0.35216781,-0.6095239,0,0.3521678149700165,0.6041848,1,0.6041848063468933,0.25201699137687683,True,0.712756,1,0.7127559781074524,0.3605881631374359,True,0.7338699,1,0.7338699102401733,0.38170209527015686,0.49665064,0,0.4966506361961365,0.14448282122612,0.14448282122612,False,0.38002312868833543,61.0,-0.6095238924026489,0.06886047124862671,0.08392138034105301,0.0009554334683343768,0.00465427478775382,0.307030588388443,0.021055102348327637,0.019583767279982567,-1.4867966175079346,0.0,0.0,-0.0010638728272169828,0.0,C45,C58,0.50612011551857,0.50612011551857,C58,0.50612011551857,0.50612011551857,25.0,0.2911580204963684,0.2237284779548645,0.9627556891500717,0.7706578351168762,162.0
46798,2437,6346,13,1,45360,2124,6315,1,1.0,0.65547085,0.6431751,1,0.3445291519165039,0.37416545,0,0.6258345544338226,0.2813054025173187,True,0.29520157,0,0.7047984302043915,0.3602692782878876,True,0.9362323,1,0.06376767158508301,-0.2807614803314209,0.90144247,1,0.09855753183364868,-0.24597162008285522,-0.2807614803314209,False,0.37993340373039247,304.0,0.6431751251220703,0.06316588819026947,0.0805618166923523,0.0009500005398876965,0.0047437031753361225,-0.26662909984588623,-0.05816776677966118,0.02381991222500801,-1.3112539052963257,0.0,0.0,0.001390922931022942,0.0,C13,C12,0.07695773243904114,0.07695773243904114,C12,0.07695773243904114,0.07695773243904114,1.0,0.22201943397521973,0.508575975894928,0.10829719609500899,0.09419326421364785,263.0
43370,2403,2531,96,0,41944,2090,2522,1,0.0,0.42119977,-0.31785014,0,0.421199768781662,0.63638633,1,0.6363863348960876,0.21518656611442566,True,0.78365636,1,0.7836563587188721,0.3624565899372101,True,0.33642066,0,0.3364206552505493,-0.08477911353111267,0.33033106,0,0.33033105731010437,-0.09086871147155762,-0.09086871147155762,False,0.37982059687376024,984.0,-0.31785014271736145,0.06800450384616852,0.0808601826429367,0.0009331831824965775,0.004615383688360453,0.3425596356391907,0.0,0.02231423929333687,-0.7903185486793518,0.0,0.0,0.007473557721823454,0.0,C96,C97,0.15948037803173065,0.15948037803173065,C56,0.1433272436261177,0.1433272436261177,1.0,0.1522233486175537,0.3635687828063965,0.6817941548069939,0.5899301656577817,101.0
51490,2481,14786,"3,121",0,50038,2168,14630,2,0.0,0.35138953,-0.6129371,0,0.3513895273208618,0.6438656,1,0.6438655853271484,0.2924760580062866,True,0.7117008,1,0.7117007970809937,0.36031126976013184,True,0.6644084,1,0.6644083857536316,0.3130188584327698,0.5967616,1,0.5967615842819214,0.24537205696105957,0.24537205696105957,True,0.379769583940506,886.0,-0.6129370927810669,0.06337235867977142,0.07970108091831207,0.0009304739651270211,0.004354481119662523,-0.023984774947166443,-0.017791226506233215,0.016234828159213066,-1.006317377090454,0.0,0.0,-0.0020085745491087437,0.0,C3,C121,0.15273579955101013,0.15273579955101013,C121,0.15273579955101013,0.15273579955101013,14.0,-0.8306784629821777,-0.6878125667572021,0.23654923136200523,0.3418114079397322,123.0
6928,277,4341,20,1,6789,245,4324,1,1.0,0.6773784,0.74175,1,0.32262158393859863,0.39845577,0,0.6015442311763763,0.2789226472377777,True,0.31858382,0,0.6814161837100983,0.35879459977149963,True,0.8406901,1,0.15930992364883423,-0.1633116602897644,0.96158135,1,0.03841865062713623,-0.2842029333114624,-0.2842029333114624,False,0.37911595225334166,645.0,0.7417500019073486,0.05752991512417793,0.08026370406150818,0.000941227248404175,0.004619909450411797,0.08553604781627655,-0.06860237568616867,0.020049847662448883,-1.7086610794067383,0.0,0.0,-0.0035467145498842,0.0,C20,C98,0.21270216605626047,-0.21270216605626047,C98,0.21270216605626047,-0.21270216605626047,95.0,-2.0,-1.637300968170166,0.30231179879046977,0.9168231416898548,104.0
38293,1760,1365,96,0,37435,1591,1360,1,0.0,0.15871094,-1.6678507,0,0.15871094167232513,0.40807056,0,0.40807056427001953,0.2493596225976944,False,0.51139,1,0.511389970779419,0.3526790291070938,True,0.73829633,1,0.7382963299751282,0.579585388302803,0.6166151,1,0.6166151165962219,0.4579041749238968,0.4579041749238968,True,0.37791770085692405,571.0,-1.6678507328033447,0.059997402131557465,0.08186382055282593,0.0009646088583394885,0.004674145951867104,0.3425596356391907,0.0,0.02231423929333687,-2.9136743545532227,0.0,0.0,-0.0011673802509903908,0.0,C96,C56,0.18156981095671654,0.18156981095671654,C56,0.18156981095671654,0.18156981095671654,6.0,-0.20887285470962524,-0.10499954223632812,0.6303160861134529,0.6282100051378525,149.0
8703,399,10802,93,1,8527,361,10715,1,1.0,0.6717912,0.7162973,1,0.3282088041305542,0.3735178,0,0.6264821887016296,0.29827338457107544,True,0.31416,0,0.6858400106430054,0.35763120651245117,True,0.94671386,1,0.05328613519668579,-0.2749226689338684,0.7713494,1,0.22865062952041626,-0.09955817461013794,-0.2749226689338684,False,0.37778494238853455,335.0,0.7162973284721375,0.061906248331069946,0.0818159431219101,0.0009449436911381781,0.00444877240806818,0.6261224150657654,0.0,0.05899755284190178,-0.2665272057056427,0.0,0.0,0.005100588779896498,0.0,C93,C7,0.17362305521965027,0.17362305521965027,C7,0.17362305521965027,0.17362305521965027,4.0,-0.687016487121582,-0.9946578145027161,0.6550578479655087,0.5961786146289377,36.0
20422,622,6517,"12,13",0,20182,581,6486,2,0.0,0.15579858,-1.6898271,0,0.15579858422279358,0.31393278,0,0.31393277645111084,0.15813419222831726,False,0.50821215,1,0.508212149143219,0.3524135649204254,True,0.2243777,0,0.22437770664691925,0.06857912242412567,0.18948746,0,0.18948745727539062,0.033688873052597046,0.033688873052597046,False,0.3777396073937416,726.0,-1.6898270845413208,0.0631941556930542,0.07961639761924744,0.0009310681489296257,0.004329904913902283,-0.30242225527763367,-0.061047907918691635,0.0073397536762058735,-2.07589054107666,0.0,0.0,8.369107672479004e-05,0.0,C13,C12,0.07573619484901428,0.07573619484901428,C12,0.07573619484901428,0.07573619484901428,18.0,0.14634963870048523,-0.3060530722141266,0.11106148598628351,0.05605048731040754,156.0
1966,40,2774,97,0,1945,39,2763,1,0.0,0.3269829,-0.7218629,0,0.32698288559913635,0.57130903,1,0.5713090300559998,0.2443261444568634,True,0.6839803,1,0.6839802861213684,0.35699740052223206,True,0.81784207,1,0.8178420662879944,0.49085918068885803,0.66921,1,0.6692100167274475,0.34222713112831116,0.34222713112831116,True,0.377187913954258,921.0,-0.7218629121780396,0.06858334690332413,0.08427993953227997,0.0009629453998059034,0.0043539926409721375,0.31996697187423706,0.0,0.014768657274544239,-1.1229678392410278,0.0,0.0,0.0005849041044712067,0.0,C97,C96,0.21209022402763367,0.21209022402763367,C96,0.21209022402763367,0.21209022402763367,4.0,0.6195127964019775,1.0377283096313477,0.8736000009812415,1.0834051374362015,162.0
40708,2032,1647,79,1,39648,1805,1641,1,1.0,0.704798,0.8702513,1,0.29520201683044434,0.53803056,1,0.46196943521499634,0.166767418384552,False,0.34877035,0,0.6512296497821808,0.35602763295173645,True,0.8119648,1,0.18803519010543823,-0.1071668267250061,0.8078653,1,0.19213467836380005,-0.10306733846664429,-0.1071668267250061,False,0.37717157244682314,736.0,0.8702512979507446,0.07228483259677887,0.08860623836517334,0.0009932828834280372,0.0046765427105128765,0.5461236238479614,0.0,0.05055989325046539,-0.5358281135559082,0.0,0.0,-0.004736138042062521,0.0,C79,C55,0.19329861924052238,0.19329861924052238,C82,0.07637441426049918,-0.07637441426049918,3.0,0.4492952823638916,0.8316097259521484,0.1798927845666185,0.27728818415614975,16.0
28923,1094,10533,"5,8",1,28425,1011,10452,2,1.0,0.8488821,1.7258601,1,0.15111792087554932,0.5209274,1,0.47907257080078125,0.32795464992523193,False,0.4975406,0,0.5024594068527222,0.35134148597717285,True,0.81647587,1,0.18352413177490234,0.03240621089935303,0.85030055,1,0.14969944953918457,-0.001418471336364746,-0.001418471336364746,False,0.37680794835090636,777.0,1.7258601188659668,0.06756800413131714,0.08334168791770935,0.0009539414313621819,0.004551129415631294,0.2933366894721985,0.024656537920236588,0.02091323584318161,0.5842612981796265,0.0,0.0,0.0023271425161510706,0.0,C5,C8,0.3793596625328064,0.3793596625328064,C8,0.3793596625328064,0.3793596625328064,2.0,0.3869051933288574,0.7725566625595093,0.952563872938299,0.852395534895081,18.0
12290,526,345,2,0,12093,487,345,1,0.0,0.44327244,-0.22789133,0,0.4432724416255951,0.7749197,1,0.7749196887016296,0.33164724707603455,True,0.80269027,1,0.8026902675628662,0.3594178259372711,True,0.37987128,0,0.37987127900123596,-0.06340116262435913,0.75910306,1,0.7591030597686768,0.31583061814308167,-0.06340116262435913,False,0.3761196526885033,829.0,-0.22789132595062256,0.06143348291516304,0.07836341857910156,0.0009309552842751145,0.004357624799013138,0.11310780048370361,0.0,0.01003615278750658,-0.5219643712043762,0.0,0.0,0.0005290108383633196,0.0,C2,C14,0.14544644579291344,0.14544644579291344,C14,0.14544644579291344,0.14544644579291344,8.0,0.3208354711532593,0.6996176242828369,0.7303180464077741,0.5210514931834592,220.0
13954,557,11136,"23,29",1,13750,518,11037,2,1.0,0.7666452,1.1894641,1,0.23335480690002441,0.58052546,1,0.4194745421409607,0.18611973524093628,False,0.4139832,0,0.5860168039798737,0.35266199707984924,True,0.44601303,0,0.5539869666099548,0.3206321597099304,0.7680414,1,0.23195862770080566,-0.00139617919921875,-0.00139617919921875,False,0.3756613528728485,438.0,1.1894640922546387,0.06772396713495255,0.08371634036302567,0.0009552450501359999,0.004724722355604172,0.1951751857995987,-0.008374827913939953,0.008278628811240196,0.39797496795654297,0.0,0.0,-0.0008995811804197729,0.0,C29,C49,0.47215354070067406,-0.47215354070067406,C49,0.47215354070067406,-0.47215354070067406,7.0,0.470461368560791,0.5708640813827515,1.0437476352090016,0.8628848048343393,167.0
12125,524,8100,"12,13",0,11930,485,8058,2,0.0,0.22683537,-1.2262676,0,0.22683537006378174,0.4866532,0,0.486653208732605,0.25981783866882324,False,0.5784234,1,0.5784233808517456,0.35158801078796387,True,0.06835264,0,0.06835263967514038,-0.15848273038864136,0.2508964,0,0.2508963942527771,0.02406102418899536,-0.15848273038864136,False,0.3747829496860504,666.0,-1.2262675762176514,0.06143348291516304,0.07836341857910156,0.0009309552842751145,0.004357624799013138,-0.30242225527763367,-0.061047907918691635,0.0073397536762058735,-1.6022381782531738,0.0,0.0,0.002264757640659809,0.0,C12,C13,0.09189707040786743,-0.09189707040786743,C13,0.09189707040786743,-0.09189707040786743,22.0,-0.09669557213783264,0.12293846905231476,0.26598106672463473,0.1660029564430164,188.0
48204,2451,7949,"45,58",0,46763,2138,7907,2,0.0,0.3266843,-0.72322,0,0.32668429613113403,0.52961713,1,0.5296171307563782,0.20293283462524414,True,0.6808944,1,0.6808943748474121,0.3542100787162781,True,0.7896211,1,0.789621114730835,0.4629368185997009,0.51771337,1,0.5177133679389954,0.19102907180786133,0.19102907180786133,True,0.37440954983234404,683.0,-0.7232199907302856,0.06532730162143707,0.0823780968785286,0.0009529517847113311,0.004645715467631817,0.307030588388443,0.021055102348327637,0.019583767279982567,-1.6536483764648438,0.0,0.0,-0.0002906242443714291,0.0,C45,C58,0.5060338079929352,0.5060338079929352,C58,0.5060338079929352,0.5060338079929352,29.0,0.21601158380508423,0.3728780150413513,0.5328874231345253,0.3181693380787154,109.0
1927,40,4214,97,0,1906,39,4197,1,0.0,0.31487635,-0.7774193,0,0.31487634778022766,0.57347536,1,0.5734753608703613,0.25859901309013367,True,0.66849446,1,0.668494462966919,0.3536181151866913,True,0.8093411,1,0.8093410730361938,0.4944647252559662,0.65648836,1,0.6564883589744568,0.3416120111942291,0.3416120111942291,True,0.3741718247532845,882.0,-0.7774193286895752,0.06858334690332413,0.08427993953227997,0.0009629453998059034,0.0043539926409721375,0.31996697187423706,0.0,0.014768657274544239,-1.1485419273376465,0.0,0.0,0.0005849041044712067,0.0,C97,C96,0.21209022402763367,0.21209022402763367,C96,0.21209022402763367,0.21209022402763367,4.0,0.6195127964019775,1.0377283096313477,0.8736000009812415,1.0834051374362015,162.0
21177,630,6517,"12,13",0,20934,589,6486,2,0.0,0.28194898,-0.93481433,0,0.281948983669281,0.57984734,1,0.5798473358154297,0.2978983521461487,True,0.63443756,1,0.6344375610351562,0.35248857736587524,True,0.07265155,0,0.07265155017375946,-0.20929743349552155,0.13040362,0,0.13040362298488617,-0.15154536068439484,-0.20929743349552155,False,0.3740301078557968,454.0,-0.9348143339157104,0.0704142302274704,0.08326548337936401,0.0009370497427880764,0.004425144288688898,-0.30242225527763367,-0.061047907918691635,0.0073397536762058735,-1.0180153846740723,0.0,0.0,0.0017057617660611868,0.0,C12,C12,0.04803067509783432,-0.04803067509783432,C14,0.04321473930031061,0.04321473930031061,6.0,0.6788618564605713,1.0271637439727783,0.1400268776487792,0.2230379385927407,137.0
