dataset,corruption_type,corruption_ratio,seed,subgroup,n_eval,auc,auc_drop_from_clean,bce,bce_increase_from_clean,clean_auc,clean_bce,mean_support_size,train_only_candidate_check_passed,evidence_minus_degree_random_auc_drop,evidence_minus_degree_random_bce_increase,bootstrap_ci_low,bootstrap_ci_high,claim_status
assist_09,evidence_support_corruption,0.0,42,all,51090,0.7749625115704916,0.0,0.5306856842390956,1.0105249970138175e-12,0.7749625115704916,0.530685684238085,12.95121955871582,True,0.0,-6.38378239159465e-14,-0.001181392166829187,0.00128768838467338,strong_evidence_gap
assist_09,evidence_support_corruption,0.0,42,graph_hits_history,50529,0.7747343984728776,0.0,0.5304816721570949,1.0217382495625316e-12,0.7747343984728776,0.5304816721560731,12.95121955871582,True,0.0,-6.472600233564663e-14,-0.000996145282239813,0.001205054319276999,strong_evidence_gap
assist_09,evidence_support_corruption,0.0,42,high_support_mass,12637,0.7517428414785654,0.0,0.5042190769861724,-1.6387113888072236e-11,0.7517428414785654,0.5042190770025595,12.95121955871582,True,0.0,7.159717263505172e-12,0.005555286537763782,0.010119961001836753,strong_evidence_gap
assist_09,evidence_support_corruption,0.0,42,query_seq_top5_q4_high,12141,0.7977910437182193,0.0,0.4961423703474239,0.0,0.7977910437182193,0.4961423703474239,12.95121955871582,True,0.0,0.0,-0.008778564950994971,0.0015225356443721583,support_dependence_only
assist_09,evidence_support_corruption,0.0,42,multi_concept,8419,0.7517166715298291,0.0,0.5485938352920474,6.132538921121977e-12,0.7517166715298291,0.5485938352859149,12.95121955871582,True,0.0,-3.878009025015672e-13,-0.011218260100813416,-0.004729382085202227,support_dependence_only
assist_09,evidence_support_corruption,0.0,42,direct_seen,49506,0.7725773773390823,0.0,0.5350407899965773,1.042721464727947e-12,0.7725773773390823,0.5350407899955346,12.95121955871582,True,0.0,-6.605826996519681e-14,-0.002708551067175069,-0.0002113623142453336,support_dependence_only
assist_09,evidence_support_corruption,0.0,42,direct_unseen,1584,0.8180371860752316,0.0,0.39457213270507263,0.0,0.8180371860752316,0.39457213270507263,12.95121955871582,True,0.0,0.0,-0.00205473566362141,0.002715177644161759,strong_evidence_gap
assist_09,evidence_support_corruption,0.0,42,direct_unseen_bridgeable,1584,0.8180371860752316,0.0,0.39457213270507263,0.0,0.8180371860752316,0.39457213270507263,12.95121955871582,True,0.0,0.0,-0.00205473566362141,0.002715177644161759,strong_evidence_gap
assist_09,evidence_support_corruption,0.0,42,high_seq_support,12141,0.7977910437182193,0.0,0.4961423703474239,0.0,0.7977910437182193,0.4961423703474239,12.95121955871582,True,0.0,0.0,-0.008778564950994971,0.0015225356443721583,support_dependence_only
assist_09,evidence_support_corruption,0.0,42,high_crg_mass,12637,0.7517428414785654,0.0,0.5042190769861724,-1.6387113888072236e-11,0.7517428414785654,0.5042190770025595,12.95121955871582,True,0.0,7.159717263505172e-12,0.005555286537763782,0.010119961001836753,strong_evidence_gap
assist_09,evidence_support_corruption,0.0,42,short_history,25670,0.7829021260955762,0.0,0.5480025828682722,1.0078493595244709e-11,0.7829021260955762,0.5480025828581937,12.95121955871582,True,0.0,-3.6518565948995274e-12,-0.012244199951429757,-0.007984426398851729,support_dependence_only
assist_09,evidence_support_corruption,0.0,42,long_history,25420,0.7576159861184599,0.0,0.5131984777949193,-8.146372465489549e-12,0.7576159861184599,0.5131984778030657,12.95121955871582,True,0.0,3.559375016948252e-12,0.008677748972003085,0.01052287234727144,strong_evidence_gap
assist_09,evidence_support_corruption,0.25,42,all,51090,0.7702015840193313,0.00476092755116031,0.5354155121574196,0.004729827919334517,0.7749625115704916,0.530685684238085,9.959349632263184,True,0.003935443584024756,0.0038399112596269047,-0.001181392166829187,0.00128768838467338,strong_evidence_gap
assist_09,evidence_support_corruption,0.25,42,graph_hits_history,50529,0.769820386945874,0.004914011527003659,0.5353445165575655,0.004862844401492428,0.7747343984728776,0.5304816721560731,9.959349632263184,True,0.004062762986149826,0.00393688022489036,-0.000996145282239813,0.001205054319276999,strong_evidence_gap
assist_09,evidence_support_corruption,0.25,42,high_support_mass,12637,0.7457222653035751,0.0060205761749903,0.5114761064421915,0.007257029439632023,0.7517428414785654,0.5042190770025595,9.959349632263184,True,0.0059871336053811675,0.006930233774279038,0.005555286537763782,0.010119961001836753,strong_evidence_gap
assist_09,evidence_support_corruption,0.25,42,query_seq_top5_q4_high,12141,0.7887487141990285,0.009042329519190817,0.5083756427008437,0.012233272353419755,0.7977910437182193,0.4961423703474239,9.959349632263184,True,0.008595754863710892,0.012116585843422345,-0.008778564950994971,0.0015225356443721583,support_dependence_only
assist_09,evidence_support_corruption,0.25,42,multi_concept,8419,0.7420374564132071,0.009679215116622064,0.5620485207300655,0.013454685444150627,0.7517166715298291,0.5485938352859149,9.959349632263184,True,0.008302468089144921,0.010539142478783958,-0.011218260100813416,-0.004729382085202227,support_dependence_only
assist_09,evidence_support_corruption,0.25,42,direct_seen,49506,0.7678807530982996,0.004696624240782654,0.5397732979983927,0.004732508002858071,0.7725773773390823,0.5350407899955346,9.959349632263184,True,0.0038987225606562648,0.003880675943077505,-0.002708551067175069,-0.0002113623142453336,support_dependence_only
assist_09,evidence_support_corruption,0.25,42,direct_unseen,1584,0.8075707765471897,0.010466409528041898,0.39921819786246104,0.004646065157388413,0.8180371860752316,0.39457213270507263,9.959349632263184,True,0.0066166956786472,0.002565860490116645,-0.00205473566362141,0.002715177644161759,strong_evidence_gap
assist_09,evidence_support_corruption,0.25,42,direct_unseen_bridgeable,1584,0.8075707765471897,0.010466409528041898,0.39921819786246104,0.004646065157388413,0.8180371860752316,0.39457213270507263,9.959349632263184,True,0.0066166956786472,0.002565860490116645,-0.00205473566362141,0.002715177644161759,strong_evidence_gap
assist_09,evidence_support_corruption,0.25,42,high_seq_support,12141,0.7887487141990285,0.009042329519190817,0.5083756427008437,0.012233272353419755,0.7977910437182193,0.4961423703474239,9.959349632263184,True,0.008595754863710892,0.012116585843422345,-0.008778564950994971,0.0015225356443721583,support_dependence_only
assist_09,evidence_support_corruption,0.25,42,high_crg_mass,12637,0.7457222653035751,0.0060205761749903,0.5114761064421915,0.007257029439632023,0.7517428414785654,0.5042190770025595,9.959349632263184,True,0.0059871336053811675,0.006930233774279038,0.005555286537763782,0.010119961001836753,strong_evidence_gap
assist_09,evidence_support_corruption,0.25,42,short_history,25670,0.7779250168244263,0.004977109271149915,0.552095884858579,0.004093302000385268,0.7829021260955762,0.5480025828581937,9.959349632263184,True,0.0035690912739723135,0.0031585094602328834,-0.012244199951429757,-0.007984426398851729,support_dependence_only
assist_09,evidence_support_corruption,0.25,42,long_history,25420,0.7527911841105037,0.004824802007956208,0.5185710917310327,0.005372613927966952,0.7576159861184599,0.5131984778030657,9.959349632263184,True,0.004323489997747232,0.004528014492925614,0.008677748972003085,0.01052287234727144,strong_evidence_gap
assist_09,evidence_support_corruption,0.25,43,all,51090,0.7702015840193313,0.00476092755116031,0.5354155121543038,0.004729827916218787,0.7749625115704916,0.530685684238085,9.959349632263184,True,0.001965680217998589,0.003364806097070794,-0.001181392166829187,0.00128768838467338,strong_evidence_gap
assist_09,evidence_support_corruption,0.25,43,graph_hits_history,50529,0.769820386945874,0.004914011527003659,0.5353445165544152,0.004862844398342059,0.7747343984728776,0.5304816721560731,9.959349632263184,True,0.0021156268938961054,0.003489282465439225,-0.000996145282239813,0.001205054319276999,strong_evidence_gap
assist_09,evidence_support_corruption,0.25,43,high_support_mass,12637,0.7457222653035751,0.0060205761749903,0.5114761064578113,0.007257029455251751,0.7517428414785654,0.5042190770025595,9.959349632263184,True,0.005340193948630834,0.00717411240566368,0.005555286537763782,0.010119961001836753,strong_evidence_gap
assist_09,evidence_support_corruption,0.25,43,query_seq_top5_q4_high,12141,0.7887487141990285,0.009042329519190817,0.5083756427008437,0.012233272353419755,0.7977910437182193,0.4961423703474239,9.959349632263184,True,0.006356169048302718,0.009629012983024599,-0.008778564950994971,0.0015225356443721583,support_dependence_only
assist_09,evidence_support_corruption,0.25,43,multi_concept,8419,0.7420374564132071,0.009679215116622064,0.5620485207111579,0.013454685425242974,0.7517166715298291,0.5485938352859149,9.959349632263184,True,0.009523444853165364,0.014345681811399391,-0.011218260100813416,-0.004729382085202227,support_dependence_only
assist_09,evidence_support_corruption,0.25,43,direct_seen,49506,0.7678807530982996,0.004696624240782654,0.5397732979951773,0.004732507999642643,0.7725773773390823,0.5350407899955346,9.959349632263184,True,0.0019756027490833716,0.003442865945894935,-0.002708551067175069,-0.0002113623142453336,support_dependence_only
assist_09,evidence_support_corruption,0.25,43,direct_unseen,1584,0.8075707765471897,0.010466409528041898,0.39921819786246104,0.004646065157388413,0.8180371860752316,0.39457213270507263,9.959349632263184,True,0.0015393945048280955,0.0009251401400693915,-0.00205473566362141,0.002715177644161759,strong_evidence_gap
assist_09,evidence_support_corruption,0.25,43,direct_unseen_bridgeable,1584,0.8075707765471897,0.010466409528041898,0.39921819786246104,0.004646065157388413,0.8180371860752316,0.39457213270507263,9.959349632263184,True,0.0015393945048280955,0.0009251401400693915,-0.00205473566362141,0.002715177644161759,strong_evidence_gap
assist_09,evidence_support_corruption,0.25,43,high_seq_support,12141,0.7887487141990285,0.009042329519190817,0.5083756427008437,0.012233272353419755,0.7977910437182193,0.4961423703474239,9.959349632263184,True,0.006356169048302718,0.009629012983024599,-0.008778564950994971,0.0015225356443721583,support_dependence_only
assist_09,evidence_support_corruption,0.25,43,high_crg_mass,12637,0.7457222653035751,0.0060205761749903,0.5114761064578113,0.007257029455251751,0.7517428414785654,0.5042190770025595,9.959349632263184,True,0.005340193948630834,0.00717411240566368,0.005555286537763782,0.010119961001836753,strong_evidence_gap
assist_09,evidence_support_corruption,0.25,43,short_history,25670,0.7779250168244263,0.004977109271149915,0.5520958848446884,0.004093301986494713,0.7829021260955762,0.5480025828581937,9.959349632263184,True,0.0012155358019559914,0.002134517956686177,-0.012244199951429757,-0.007984426398851729,support_dependence_only
assist_09,evidence_support_corruption,0.25,43,long_history,25420,0.7527911841105037,0.004824802007956208,0.5185710917387976,0.005372613935731851,0.7576159861184599,0.5131984778030657,9.959349632263184,True,0.0031248913582082594,0.004607193845444946,0.008677748972003085,0.01052287234727144,strong_evidence_gap
assist_09,evidence_support_corruption,0.25,44,all,51090,0.7702015840193313,0.00476092755116031,0.535415512159723,0.004729827921638008,0.7749625115704916,0.530685684238085,9.959349632263184,True,0.003305073139920567,0.003258222749327966,-0.001181392166829187,0.00128768838467338,strong_evidence_gap
assist_09,evidence_support_corruption,0.25,44,graph_hits_history,50529,0.769820386945874,0.004914011527003659,0.5353445165598947,0.004862844403821565,0.7747343984728776,0.5304816721560731,9.959349632263184,True,0.003471474852981049,0.0033743161960568813,-0.000996145282239813,0.001205054319276999,strong_evidence_gap
assist_09,evidence_support_corruption,0.25,44,high_support_mass,12637,0.7457222653035751,0.0060205761749903,0.5114761064578113,0.007257029455251751,0.7517428414785654,0.5042190770025595,9.959349632263184,True,0.0059807538405709515,0.007251979149653587,0.005555286537763782,0.010119961001836753,strong_evidence_gap
assist_09,evidence_support_corruption,0.25,44,query_seq_top5_q4_high,12141,0.7887487141990285,0.009042329519190817,0.5083756427008437,0.012233272353419755,0.7977910437182193,0.4961423703474239,9.959349632263184,True,0.006168074825647407,0.010136130730071524,-0.008778564950994971,0.0015225356443721583,support_dependence_only
assist_09,evidence_support_corruption,0.25,44,multi_concept,8419,0.7420374564132071,0.009679215116622064,0.562048520744044,0.013454685458129112,0.7517166715298291,0.5485938352859149,9.959349632263184,True,0.00957732471901418,0.013470156715638781,-0.011218260100813416,-0.004729382085202227,support_dependence_only
assist_09,evidence_support_corruption,0.25,44,direct_seen,49506,0.7678807530982996,0.004696624240782654,0.5397732980007699,0.004732508005235281,0.7725773773390823,0.5350407899955346,9.959349632263184,True,0.003275766114075429,0.0032833673299746957,-0.002708551067175069,-0.0002113623142453336,support_dependence_only
assist_09,evidence_support_corruption,0.25,44,direct_unseen,1584,0.8075707765471897,0.010466409528041898,0.39921819786246104,0.004646065157388413,0.8180371860752316,0.39457213270507263,9.959349632263184,True,0.00592679160232068,0.002472359359492582,-0.00205473566362141,0.002715177644161759,strong_evidence_gap
assist_09,evidence_support_corruption,0.25,44,direct_unseen_bridgeable,1584,0.8075707765471897,0.010466409528041898,0.39921819786246104,0.004646065157388413,0.8180371860752316,0.39457213270507263,9.959349632263184,True,0.00592679160232068,0.002472359359492582,-0.00205473566362141,0.002715177644161759,strong_evidence_gap
assist_09,evidence_support_corruption,0.25,44,high_seq_support,12141,0.7887487141990285,0.009042329519190817,0.5083756427008437,0.012233272353419755,0.7977910437182193,0.4961423703474239,9.959349632263184,True,0.006168074825647407,0.010136130730071524,-0.008778564950994971,0.0015225356443721583,support_dependence_only
assist_09,evidence_support_corruption,0.25,44,high_crg_mass,12637,0.7457222653035751,0.0060205761749903,0.5114761064578113,0.007257029455251751,0.7517428414785654,0.5042190770025595,9.959349632263184,True,0.0059807538405709515,0.007251979149653587,0.005555286537763782,0.010119961001836753,strong_evidence_gap
assist_09,evidence_support_corruption,0.25,44,short_history,25670,0.7779250168244263,0.004977109271149915,0.5520958848554741,0.0040933019972804185,0.7829021260955762,0.5480025828581937,9.959349632263184,True,0.002861873282790528,0.0020230133704204345,-0.012244199951429757,-0.007984426398851729,support_dependence_only
assist_09,evidence_support_corruption,0.25,44,long_history,25420,0.7527911841105037,0.004824802007956208,0.5185710917387976,0.005372613935731851,0.7576159861184599,0.5131984778030657,9.959349632263184,True,0.004151525426701386,0.004505580135502396,0.008677748972003085,0.01052287234727144,strong_evidence_gap
assist_09,evidence_support_corruption,0.25,45,all,51090,0.7702015840193313,0.00476092755116031,0.53541551215088,0.0047298279127949705,0.7749625115704916,0.530685684238085,9.959349632263184,True,0.0037644832090497626,0.0033017126490350046,-0.001181392166829187,0.00128768838467338,strong_evidence_gap
assist_09,evidence_support_corruption,0.25,45,graph_hits_history,50529,0.769820386945874,0.004914011527003659,0.5353445165509533,0.004862844394880161,0.7747343984728776,0.5304816721560731,9.959349632263184,True,0.003944870458456595,0.0034754926419493515,-0.000996145282239813,0.001205054319276999,strong_evidence_gap
assist_09,evidence_support_corruption,0.25,45,high_support_mass,12637,0.7457222653035751,0.0060205761749903,0.5114761064421915,0.007257029439632023,0.7517428414785654,0.5042190770025595,9.959349632263184,True,0.00601441694526017,0.006979302030369561,0.005555286537763782,0.010119961001836753,strong_evidence_gap
assist_09,evidence_support_corruption,0.25,45,query_seq_top5_q4_high,12141,0.7887487141990285,0.009042329519190817,0.5083756427008437,0.012233272353419755,0.7977910437182193,0.4961423703474239,9.959349632263184,True,0.008878270000166055,0.011316613066098435,-0.008778564950994971,0.0015225356443721583,support_dependence_only
assist_09,evidence_support_corruption,0.25,45,multi_concept,8419,0.7420374564132071,0.009679215116622064,0.5620485206903802,0.013454685404465372,0.7517166715298291,0.5485938352859149,9.959349632263184,True,0.00886055170249822,0.013459846872691195,-0.011218260100813416,-0.004729382085202227,support_dependence_only
assist_09,evidence_support_corruption,0.25,45,direct_seen,49506,0.7678807530982996,0.004696624240782654,0.5397732979916438,0.0047325079961091365,0.7725773773390823,0.5350407899955346,9.959349632263184,True,0.0038259256295296584,0.003347097824270784,-0.002708551067175069,-0.0002113623142453336,support_dependence_only
assist_09,evidence_support_corruption,0.25,45,direct_unseen,1584,0.8075707765471897,0.010466409528041898,0.39921819786246104,0.004646065157388413,0.8180371860752316,0.39457213270507263,9.959349632263184,True,0.0037122240690591335,0.001883254009364621,-0.00205473566362141,0.002715177644161759,strong_evidence_gap
assist_09,evidence_support_corruption,0.25,45,direct_unseen_bridgeable,1584,0.8075707765471897,0.010466409528041898,0.39921819786246104,0.004646065157388413,0.8180371860752316,0.39457213270507263,9.959349632263184,True,0.0037122240690591335,0.001883254009364621,-0.00205473566362141,0.002715177644161759,strong_evidence_gap
assist_09,evidence_support_corruption,0.25,45,high_seq_support,12141,0.7887487141990285,0.009042329519190817,0.5083756427008437,0.012233272353419755,0.7977910437182193,0.4961423703474239,9.959349632263184,True,0.008878270000166055,0.011316613066098435,-0.008778564950994971,0.0015225356443721583,support_dependence_only
assist_09,evidence_support_corruption,0.25,45,high_crg_mass,12637,0.7457222653035751,0.0060205761749903,0.5114761064421915,0.007257029439632023,0.7517428414785654,0.5042190770025595,9.959349632263184,True,0.00601441694526017,0.006979302030369561,0.005555286537763782,0.010119961001836753,strong_evidence_gap
assist_09,evidence_support_corruption,0.25,45,short_history,25670,0.7779250168244263,0.004977109271149915,0.5520958848455633,0.004093301987369569,0.7829021260955762,0.5480025828581937,9.959349632263184,True,0.0036057381605827388,0.002589569797255109,-0.012244199951429757,-0.007984426398851729,support_dependence_only
assist_09,evidence_support_corruption,0.25,45,long_history,25420,0.7527911841105037,0.004824802007956208,0.5185710917310327,0.005372613927966952,0.7576159861184599,0.5131984778030657,9.959349632263184,True,0.004041159879920708,0.004020859266076093,0.008677748972003085,0.01052287234727144,strong_evidence_gap
assist_09,evidence_support_corruption,0.25,46,all,51090,0.7702015840193313,0.00476092755116031,0.5354155121549355,0.004729827916850504,0.7749625115704916,0.530685684238085,9.959349632263184,True,0.0024549613790455505,0.002762888516519846,-0.001181392166829187,0.00128768838467338,strong_evidence_gap
assist_09,evidence_support_corruption,0.25,46,graph_hits_history,50529,0.769820386945874,0.004914011527003659,0.5353445165550539,0.00486284439898077,0.7747343984728776,0.5304816721560731,9.959349632263184,True,0.0025379095215545266,0.002818154439546583,-0.000996145282239813,0.001205054319276999,strong_evidence_gap
assist_09,evidence_support_corruption,0.25,46,high_support_mass,12637,0.7457222653035751,0.0060205761749903,0.5114761064421915,0.007257029439632023,0.7517428414785654,0.5042190770025595,9.959349632263184,True,0.004359947023693023,0.005001166004776292,0.005555286537763782,0.010119961001836753,strong_evidence_gap
assist_09,evidence_support_corruption,0.25,46,query_seq_top5_q4_high,12141,0.7887487141990285,0.009042329519190817,0.5083756427008437,0.012233272353419755,0.7977910437182193,0.4961423703474239,9.959349632263184,True,0.006835177033168938,0.009263568902086516,-0.008778564950994971,0.0015225356443721583,support_dependence_only
assist_09,evidence_support_corruption,0.25,46,multi_concept,8419,0.7420374564132071,0.009679215116622064,0.5620485207149912,0.013454685429076352,0.7517166715298291,0.5485938352859149,9.959349632263184,True,0.0067495789296248,0.007850002810485313,-0.011218260100813416,-0.004729382085202227,support_dependence_only
assist_09,evidence_support_corruption,0.25,46,direct_seen,49506,0.7678807530982996,0.004696624240782654,0.5397732979958292,0.004732508000294566,0.7725773773390823,0.5350407899955346,9.959349632263184,True,0.0024989953248175656,0.0028822194824108527,-0.002708551067175069,-0.0002113623142453336,support_dependence_only
assist_09,evidence_support_corruption,0.25,46,direct_unseen,1584,0.8075707765471897,0.010466409528041898,0.39921819786246104,0.004646065157388413,0.8180371860752316,0.39457213270507263,9.959349632263184,True,0.00039773829311340325,-0.0009666561788104211,-0.00205473566362141,0.002715177644161759,strong_evidence_gap
assist_09,evidence_support_corruption,0.25,46,direct_unseen_bridgeable,1584,0.8075707765471897,0.010466409528041898,0.39921819786246104,0.004646065157388413,0.8180371860752316,0.39457213270507263,9.959349632263184,True,0.00039773829311340325,-0.0009666561788104211,-0.00205473566362141,0.002715177644161759,strong_evidence_gap
assist_09,evidence_support_corruption,0.25,46,high_seq_support,12141,0.7887487141990285,0.009042329519190817,0.5083756427008437,0.012233272353419755,0.7977910437182193,0.4961423703474239,9.959349632263184,True,0.006835177033168938,0.009263568902086516,-0.008778564950994971,0.0015225356443721583,support_dependence_only
assist_09,evidence_support_corruption,0.25,46,high_crg_mass,12637,0.7457222653035751,0.0060205761749903,0.5114761064421915,0.007257029439632023,0.7517428414785654,0.5042190770025595,9.959349632263184,True,0.004359947023693023,0.005001166004776292,0.005555286537763782,0.010119961001836753,strong_evidence_gap
assist_09,evidence_support_corruption,0.25,46,short_history,25670,0.7779250168244263,0.004977109271149915,0.552095884853635,0.004093301995441334,0.7829021260955762,0.5480025828581937,9.959349632263184,True,0.002041451465526256,0.0019690409369057527,-0.012244199951429757,-0.007984426398851729,support_dependence_only
assist_09,evidence_support_corruption,0.25,46,long_history,25420,0.7527911841105037,0.004824802007956208,0.5185710917310327,0.005372613927966952,0.7576159861184599,0.5131984778030657,9.959349632263184,True,0.0030359007482443356,0.0035645434090727512,0.008677748972003085,0.01052287234727144,strong_evidence_gap
assist_09,evidence_support_corruption,0.5,42,all,51090,0.7696546265783222,0.005307884992169387,0.5359610635026236,0.005275379264538582,0.7749625115704916,0.530685684238085,7.0731706619262695,True,0.001324054012500131,0.003104954808585858,-0.001181392166829187,0.00128768838467338,strong_evidence_gap
assist_09,evidence_support_corruption,0.5,42,graph_hits_history,50529,0.7692210094855327,0.0055133889873448805,0.5359141183821163,0.005432446226043219,0.7747343984728776,0.5304816721560731,7.0731706619262695,True,0.0014090459681901368,0.003150587866903254,-0.000996145282239813,0.001205054319276999,strong_evidence_gap
assist_09,evidence_support_corruption,0.5,42,high_support_mass,12637,0.7458760412642558,0.005866800214309631,0.5114286670159428,0.007209590013383282,0.7517428414785654,0.5042190770025595,7.0731706619262695,True,0.0009597056574999208,0.0034836857785585096,0.005555286537763782,0.010119961001836753,strong_evidence_gap
assist_09,evidence_support_corruption,0.5,42,query_seq_top5_q4_high,12141,0.7893282352826649,0.008462808435554359,0.508782001257744,0.012639630910320054,0.7977910437182193,0.4961423703474239,7.0731706619262695,True,0.00588870917385087,0.007782934342669412,-0.008778564950994971,0.0015225356443721583,support_dependence_only
assist_09,evidence_support_corruption,0.5,42,multi_concept,8419,0.7427311868588529,0.008985484670976263,0.5627445234605772,0.014150688174662363,0.7517166715298291,0.5485938352859149,7.0731706619262695,True,0.004018972172151747,0.006704045362153077,-0.011218260100813416,-0.004729382085202227,support_dependence_only
assist_09,evidence_support_corruption,0.5,42,direct_seen,49506,0.7674689555549339,0.005108421784148387,0.5402150852418228,0.0051742952462882075,0.7725773773390823,0.5350407899955346,7.0731706619262695,True,0.0011080217213701449,0.003029479144770697,-0.002708551067175069,-0.0002113623142453336,support_dependence_only
assist_09,evidence_support_corruption,0.5,42,direct_unseen,1584,0.8017642885026627,0.01627289757256889,0.40300677043393823,0.008434637728865602,0.8180371860752316,0.39457213270507263,7.0731706619262695,True,0.010297002477271167,0.005463855195467604,-0.00205473566362141,0.002715177644161759,strong_evidence_gap
assist_09,evidence_support_corruption,0.5,42,direct_unseen_bridgeable,1584,0.8017642885026627,0.01627289757256889,0.40300677043393823,0.008434637728865602,0.8180371860752316,0.39457213270507263,7.0731706619262695,True,0.010297002477271167,0.005463855195467604,-0.00205473566362141,0.002715177644161759,strong_evidence_gap
assist_09,evidence_support_corruption,0.5,42,high_seq_support,12141,0.7893282352826649,0.008462808435554359,0.508782001257744,0.012639630910320054,0.7977910437182193,0.4961423703474239,7.0731706619262695,True,0.00588870917385087,0.007782934342669412,-0.008778564950994971,0.0015225356443721583,support_dependence_only
assist_09,evidence_support_corruption,0.5,42,high_crg_mass,12637,0.7458760412642558,0.005866800214309631,0.5114286670159428,0.007209590013383282,0.7517428414785654,0.5042190770025595,7.0731706619262695,True,0.0009597056574999208,0.0034836857785585096,0.005555286537763782,0.010119961001836753,strong_evidence_gap
assist_09,evidence_support_corruption,0.5,42,short_history,25670,0.7769277403190653,0.005974385776510882,0.5529776590710658,0.004975076212872076,0.7829021260955762,0.5480025828581937,7.0731706619262695,True,0.00278741636925528,0.0038446880387940086,-0.012244199951429757,-0.007984426398851729,support_dependence_only
assist_09,evidence_support_corruption,0.5,42,long_history,25420,0.752692980035711,0.004923006082748982,0.518777113532446,0.005578635729380332,0.7576159861184599,0.5131984778030657,7.0731706619262695,True,-0.0005272710604593556,0.0023579464679308604,0.008677748972003085,0.01052287234727144,strong_evidence_gap
assist_09,evidence_support_corruption,0.5,43,all,51090,0.7696546265783222,0.005307884992169387,0.5359610635089965,0.005275379270911484,0.7749625115704916,0.530685684238085,7.0731706619262695,True,-0.00013532182579678587,0.002316885943304592,-0.001181392166829187,0.00128768838467338,strong_evidence_gap
assist_09,evidence_support_corruption,0.5,43,graph_hits_history,50529,0.7692210094855327,0.0055133889873448805,0.53591411838856,0.005432446232486843,0.7747343984728776,0.5304816721560731,7.0731706619262695,True,4.283489676415453e-05,0.0024391187579843043,-0.000996145282239813,0.001205054319276999,strong_evidence_gap
assist_09,evidence_support_corruption,0.5,43,high_support_mass,12637,0.7458760412642558,0.005866800214309631,0.5114286670159428,0.007209590013383282,0.7517428414785654,0.5042190770025595,7.0731706619262695,True,0.0013202332555432017,0.0032632887564275626,0.005555286537763782,0.010119961001836753,strong_evidence_gap
assist_09,evidence_support_corruption,0.5,43,query_seq_top5_q4_high,12141,0.7893282352826649,0.008462808435554359,0.508782001257744,0.012639630910320054,0.7977910437182193,0.4961423703474239,7.0731706619262695,True,0.0021661296530215424,0.0016959741010071916,-0.008778564950994971,0.0015225356443721583,support_dependence_only
assist_09,evidence_support_corruption,0.5,43,multi_concept,8419,0.7427311868588529,0.008985484670976263,0.5627445234992509,0.014150688213335982,0.7517166715298291,0.5485938352859149,7.0731706619262695,True,0.0024462390735670025,0.009487732536452409,-0.011218260100813416,-0.004729382085202227,support_dependence_only
assist_09,evidence_support_corruption,0.5,43,direct_seen,49506,0.7674689555549339,0.005108421784148387,0.5402150852483997,0.005174295252865058,0.7725773773390823,0.5350407899955346,7.0731706619262695,True,-0.00022137463710414362,0.0023451508560042855,-0.002708551067175069,-0.0002113623142453336,support_dependence_only
assist_09,evidence_support_corruption,0.5,43,direct_unseen,1584,0.8017642885026627,0.01627289757256889,0.40300677043393823,0.008434637728865602,0.8180371860752316,0.39457213270507263,7.0731706619262695,True,0.004907894123048373,0.0014335003573753835,-0.00205473566362141,0.002715177644161759,strong_evidence_gap
assist_09,evidence_support_corruption,0.5,43,direct_unseen_bridgeable,1584,0.8017642885026627,0.01627289757256889,0.40300677043393823,0.008434637728865602,0.8180371860752316,0.39457213270507263,7.0731706619262695,True,0.004907894123048373,0.0014335003573753835,-0.00205473566362141,0.002715177644161759,strong_evidence_gap
assist_09,evidence_support_corruption,0.5,43,high_seq_support,12141,0.7893282352826649,0.008462808435554359,0.508782001257744,0.012639630910320054,0.7977910437182193,0.4961423703474239,7.0731706619262695,True,0.0021661296530215424,0.0016959741010071916,-0.008778564950994971,0.0015225356443721583,support_dependence_only
assist_09,evidence_support_corruption,0.5,43,high_crg_mass,12637,0.7458760412642558,0.005866800214309631,0.5114286670159428,0.007209590013383282,0.7517428414785654,0.5042190770025595,7.0731706619262695,True,0.0013202332555432017,0.0032632887564275626,0.005555286537763782,0.010119961001836753,strong_evidence_gap
assist_09,evidence_support_corruption,0.5,43,short_history,25670,0.7769277403190653,0.005974385776510882,0.5529776590837497,0.004975076225556041,0.7829021260955762,0.5480025828581937,7.0731706619262695,True,-5.0696984268516765e-05,0.0019671264093459317,-0.012244199951429757,-0.007984426398851729,support_dependence_only
assist_09,evidence_support_corruption,0.5,43,long_history,25420,0.752692980035711,0.004923006082748982,0.518777113532446,0.005578635729380332,0.7576159861184599,0.5131984778030657,7.0731706619262695,True,0.00015791064433479107,0.0026700852838522637,0.008677748972003085,0.01052287234727144,strong_evidence_gap
assist_09,evidence_support_corruption,0.5,44,all,51090,0.7696546265783222,0.005307884992169387,0.5359610635097514,0.005275379271666325,0.7749625115704916,0.530685684238085,7.0731706619262695,True,-0.000273646041644815,-0.0005457177538136238,-0.001181392166829187,0.00128768838467338,strong_evidence_gap
assist_09,evidence_support_corruption,0.5,44,graph_hits_history,50529,0.7692210094855327,0.0055133889873448805,0.5359141183893231,0.00543244623325001,0.7747343984728776,0.5304816721560731,7.0731706619262695,True,-6.634261959792553e-05,-0.00041760023388415224,-0.000996145282239813,0.001205054319276999,strong_evidence_gap
assist_09,evidence_support_corruption,0.5,44,high_support_mass,12637,0.7458760412642558,0.005866800214309631,0.5114286670159428,0.007209590013383282,0.7517428414785654,0.5042190770025595,7.0731706619262695,True,-0.004899942919220468,-0.002733930500369075,0.005555286537763782,0.010119961001836753,strong_evidence_gap
assist_09,evidence_support_corruption,0.5,44,query_seq_top5_q4_high,12141,0.7893282352826649,0.008462808435554359,0.508782001257744,0.012639630910320054,0.7977910437182193,0.4961423703474239,7.0731706619262695,True,-0.0058854642502632615,-0.003829003832374389,-0.008778564950994971,0.0015225356443721583,support_dependence_only
assist_09,evidence_support_corruption,0.5,44,multi_concept,8419,0.7427311868588529,0.008985484670976263,0.5627445235038311,0.014150688217916207,0.7517166715298291,0.5485938352859149,7.0731706619262695,True,-0.00509613472363879,4.9003724976182106e-05,-0.011218260100813416,-0.004729382085202227,support_dependence_only
assist_09,evidence_support_corruption,0.5,44,direct_seen,49506,0.7674689555549339,0.005108421784148387,0.5402150852491786,0.00517429525364399,0.7725773773390823,0.5350407899955346,7.0731706619262695,True,-0.00030321617508621834,-0.0005552647392602639,-0.002708551067175069,-0.0002113623142453336,support_dependence_only
assist_09,evidence_support_corruption,0.5,44,direct_unseen,1584,0.8017642885026627,0.01627289757256889,0.40300677043393823,0.008434637728865602,0.8180371860752316,0.39457213270507263,7.0731706619262695,True,0.0037907896578223133,-0.0002473382957822179,-0.00205473566362141,0.002715177644161759,strong_evidence_gap
assist_09,evidence_support_corruption,0.5,44,direct_unseen_bridgeable,1584,0.8017642885026627,0.01627289757256889,0.40300677043393823,0.008434637728865602,0.8180371860752316,0.39457213270507263,7.0731706619262695,True,0.0037907896578223133,-0.0002473382957822179,-0.00205473566362141,0.002715177644161759,strong_evidence_gap
assist_09,evidence_support_corruption,0.5,44,high_seq_support,12141,0.7893282352826649,0.008462808435554359,0.508782001257744,0.012639630910320054,0.7977910437182193,0.4961423703474239,7.0731706619262695,True,-0.0058854642502632615,-0.003829003832374389,-0.008778564950994971,0.0015225356443721583,support_dependence_only
assist_09,evidence_support_corruption,0.5,44,high_crg_mass,12637,0.7458760412642558,0.005866800214309631,0.5114286670159428,0.007209590013383282,0.7517428414785654,0.5042190770025595,7.0731706619262695,True,-0.004899942919220468,-0.002733930500369075,0.005555286537763782,0.010119961001836753,strong_evidence_gap
assist_09,evidence_support_corruption,0.5,44,short_history,25670,0.7769277403190653,0.005974385776510882,0.5529776590852519,0.004975076227058173,0.7829021260955762,0.5480025828581937,7.0731706619262695,True,0.0013295872864594882,0.00012696883550133986,-0.012244199951429757,-0.007984426398851729,support_dependence_only
assist_09,evidence_support_corruption,0.5,44,long_history,25420,0.752692980035711,0.004923006082748982,0.518777113532446,0.005578635729380332,0.7576159861184599,0.5131984778030657,7.0731706619262695,True,-0.0021308097728564013,-0.0012250200648961096,0.008677748972003085,0.01052287234727144,strong_evidence_gap
assist_09,evidence_support_corruption,0.5,45,all,51090,0.7696546265783222,0.005307884992169387,0.5359610635075434,0.0052753792694583135,0.7749625115704916,0.530685684238085,7.0731706619262695,True,0.001816614155687013,0.002656828168615122,-0.001181392166829187,0.00128768838467338,strong_evidence_gap
assist_09,evidence_support_corruption,0.5,45,graph_hits_history,50529,0.7692210094855327,0.0055133889873448805,0.5359141183870907,0.005432446231017574,0.7747343984728776,0.5304816721560731,7.0731706619262695,True,0.0020489836662667127,0.0028443547397584146,-0.000996145282239813,0.001205054319276999,strong_evidence_gap
assist_09,evidence_support_corruption,0.5,45,high_support_mass,12637,0.7458760412642558,0.005866800214309631,0.5114286670041802,0.0072095900016206915,0.7517428414785654,0.5042190770025595,7.0731706619262695,True,0.0013565900387076946,0.002843779056192819,0.005555286537763782,0.010119961001836753,strong_evidence_gap
assist_09,evidence_support_corruption,0.5,45,query_seq_top5_q4_high,12141,0.7893282352826649,0.008462808435554359,0.508782001257744,0.012639630910320054,0.7977910437182193,0.4961423703474239,7.0731706619262695,True,0.004283712704136855,0.007132848437796713,-0.008778564950994971,0.0015225356443721583,support_dependence_only
assist_09,evidence_support_corruption,0.5,45,multi_concept,8419,0.7427311868588529,0.008985484670976263,0.5627445234904324,0.014150688204517481,0.7517166715298291,0.5485938352859149,7.0731706619262695,True,0.006072245353816452,0.009472496985366008,-0.011218260100813416,-0.004729382085202227,support_dependence_only
assist_09,evidence_support_corruption,0.5,45,direct_seen,49506,0.7674689555549339,0.005108421784148387,0.5402150852469,0.005174295251365368,0.7725773773390823,0.5350407899955346,7.0731706619262695,True,0.001838748060863038,0.0026927770645633897,-0.002708551067175069,-0.0002113623142453336,support_dependence_only
assist_09,evidence_support_corruption,0.5,45,direct_unseen,1584,0.8017642885026627,0.01627289757256889,0.40300677043393823,0.008434637728865602,0.8180371860752316,0.39457213270507263,7.0731706619262695,True,0.00465255595956815,0.0015332890001711896,-0.00205473566362141,0.002715177644161759,strong_evidence_gap
assist_09,evidence_support_corruption,0.5,45,direct_unseen_bridgeable,1584,0.8017642885026627,0.01627289757256889,0.40300677043393823,0.008434637728865602,0.8180371860752316,0.39457213270507263,7.0731706619262695,True,0.00465255595956815,0.0015332890001711896,-0.00205473566362141,0.002715177644161759,strong_evidence_gap
assist_09,evidence_support_corruption,0.5,45,high_seq_support,12141,0.7893282352826649,0.008462808435554359,0.508782001257744,0.012639630910320054,0.7977910437182193,0.4961423703474239,7.0731706619262695,True,0.004283712704136855,0.007132848437796713,-0.008778564950994971,0.0015225356443721583,support_dependence_only
assist_09,evidence_support_corruption,0.5,45,high_crg_mass,12637,0.7458760412642558,0.005866800214309631,0.5114286670041802,0.0072095900016206915,0.7517428414785654,0.5042190770025595,7.0731706619262695,True,0.0013565900387076946,0.002843779056192819,0.005555286537763782,0.010119961001836753,strong_evidence_gap
assist_09,evidence_support_corruption,0.5,45,short_history,25670,0.7769277403190653,0.005974385776510882,0.5529776590866481,0.004975076228454389,0.7829021260955762,0.5480025828581937,7.0731706619262695,True,0.0017765263421899435,0.002919434279929467,-0.012244199951429757,-0.007984426398851729,support_dependence_only
assist_09,evidence_support_corruption,0.5,45,long_history,25420,0.752692980035711,0.004923006082748982,0.5187771135265985,0.005578635723532788,0.7576159861184599,0.5131984778030657,7.0731706619262695,True,0.001805054981803722,0.0023916393850809126,0.008677748972003085,0.01052287234727144,strong_evidence_gap
assist_09,evidence_support_corruption,0.5,46,all,51090,0.7696546265783222,0.005307884992169387,0.5359610635004296,0.0052753792623445595,0.7749625115704916,0.530685684238085,7.0731706619262695,True,0.002353126830624497,0.001238684857687189,-0.001181392166829187,0.00128768838467338,strong_evidence_gap
assist_09,evidence_support_corruption,0.5,46,graph_hits_history,50529,0.7692210094855327,0.0055133889873448805,0.5359141183798981,0.005432446223824994,0.7747343984728776,0.5304816721560731,7.0731706619262695,True,0.0024957474974188765,0.0013194933889124627,-0.000996145282239813,0.001205054319276999,strong_evidence_gap
assist_09,evidence_support_corruption,0.5,46,high_support_mass,12637,0.7458760412642558,0.005866800214309631,0.5114286670041802,0.0072095900016206915,0.7517428414785654,0.5042190770025595,7.0731706619262695,True,0.0028586072100731386,0.0032942660919825784,0.005555286537763782,0.010119961001836753,strong_evidence_gap
assist_09,evidence_support_corruption,0.5,46,query_seq_top5_q4_high,12141,0.7893282352826649,0.008462808435554359,0.508782001257744,0.012639630910320054,0.7977910437182193,0.4961423703474239,7.0731706619262695,True,0.006110350180064672,0.007134421954198555,-0.008778564950994971,0.0015225356443721583,support_dependence_only
assist_09,evidence_support_corruption,0.5,46,multi_concept,8419,0.7427311868588529,0.008985484670976263,0.5627445234472633,0.014150688161348457,0.7517166715298291,0.5485938352859149,7.0731706619262695,True,0.006569617072222034,0.005794294939162281,-0.011218260100813416,-0.004729382085202227,support_dependence_only
assist_09,evidence_support_corruption,0.5,46,direct_seen,49506,0.7674689555549339,0.005108421784148387,0.5402150852395587,0.00517429524402413,0.7725773773390823,0.5350407899955346,7.0731706619262695,True,0.002328087587867844,0.0012124755267540754,-0.002708551067175069,-0.0002113623142453336,support_dependence_only
assist_09,evidence_support_corruption,0.5,46,direct_unseen,1584,0.8017642885026627,0.01627289757256889,0.40300677043393823,0.008434637728865602,0.8180371860752316,0.39457213270507263,7.0731706619262695,True,0.0036459343535402144,0.002057825727117768,-0.00205473566362141,0.002715177644161759,strong_evidence_gap
assist_09,evidence_support_corruption,0.5,46,direct_unseen_bridgeable,1584,0.8017642885026627,0.01627289757256889,0.40300677043393823,0.008434637728865602,0.8180371860752316,0.39457213270507263,7.0731706619262695,True,0.0036459343535402144,0.002057825727117768,-0.00205473566362141,0.002715177644161759,strong_evidence_gap
assist_09,evidence_support_corruption,0.5,46,high_seq_support,12141,0.7893282352826649,0.008462808435554359,0.508782001257744,0.012639630910320054,0.7977910437182193,0.4961423703474239,7.0731706619262695,True,0.006110350180064672,0.007134421954198555,-0.008778564950994971,0.0015225356443721583,support_dependence_only
assist_09,evidence_support_corruption,0.5,46,high_crg_mass,12637,0.7458760412642558,0.005866800214309631,0.5114286670041802,0.0072095900016206915,0.7517428414785654,0.5042190770025595,7.0731706619262695,True,0.0028586072100731386,0.0032942660919825784,0.005555286537763782,0.010119961001836753,strong_evidence_gap
assist_09,evidence_support_corruption,0.5,46,short_history,25670,0.7769277403190653,0.005974385776510882,0.5529776590724899,0.004975076214296159,0.7829021260955762,0.5480025828581937,7.0731706619262695,True,0.0026897954366964516,0.000766434468847832,-0.012244199951429757,-0.007984426398851729,support_dependence_only
assist_09,evidence_support_corruption,0.5,46,long_history,25420,0.752692980035711,0.004923006082748982,0.5187771135265985,0.005578635723532788,0.7576159861184599,0.5131984778030657,7.0731706619262695,True,0.0020584516534103425,0.0017155797232065728,0.008677748972003085,0.01052287234727144,strong_evidence_gap
assist_09,evidence_support_corruption,0.75,42,all,51090,0.7640723323552259,0.010890179215265694,0.538195823288769,0.007510139050683984,0.7749625115704916,0.530685684238085,3.9349594116210938,True,0.003878953064591406,0.001522962352590418,-0.001181392166829187,0.00128768838467338,strong_evidence_gap
assist_09,evidence_support_corruption,0.75,42,graph_hits_history,50529,0.7637810422621545,0.01095335621072313,0.5379873567058067,0.007505684549733549,0.7747343984728776,0.5304816721560731,3.9349594116210938,True,0.0038626978548759183,0.0014748481549442527,-0.000996145282239813,0.001205054319276999,strong_evidence_gap
assist_09,evidence_support_corruption,0.75,42,high_support_mass,12637,0.7398123347286484,0.011930506749917025,0.5132379229257168,0.00901884592315727,0.7517428414785654,0.5042190770025595,3.9349594116210938,True,0.0034793819548494254,0.00118393326057753,0.005555286537763782,0.010119961001836753,strong_evidence_gap
assist_09,evidence_support_corruption,0.75,42,query_seq_top5_q4_high,12141,0.788343528225777,0.009447515492442271,0.5043035316208644,0.008161161273440465,0.7977910437182193,0.4961423703474239,3.9349594116210938,True,0.0026547451567446867,-0.0023548951811124264,-0.008778564950994971,0.0015225356443721583,support_dependence_only
assist_09,evidence_support_corruption,0.75,42,multi_concept,8419,0.7399758605779126,0.01174081095191648,0.5626444749582057,0.01405063967229081,0.7517166715298291,0.5485938352859149,3.9349594116210938,True,-0.009006508687794512,-0.004535760129893429,-0.011218260100813416,-0.004729382085202227,support_dependence_only
assist_09,evidence_support_corruption,0.75,42,direct_seen,49506,0.7617001862019693,0.01087719113711294,0.5425285965648261,0.007487806569291489,0.7725773773390823,0.5350407899955346,3.9349594116210938,True,0.003922987300717717,0.0015013855683475574,-0.002708551067175069,-0.0002113623142453336,support_dependence_only
assist_09,evidence_support_corruption,0.75,42,direct_unseen,1584,0.800138962885125,0.017898223190106588,0.40278024639199955,0.008208113686926921,0.8180371860752316,0.39457213270507263,3.9349594116210938,True,0.005641991343053987,0.0021973185904238246,-0.00205473566362141,0.002715177644161759,strong_evidence_gap
assist_09,evidence_support_corruption,0.75,42,direct_unseen_bridgeable,1584,0.800138962885125,0.017898223190106588,0.40278024639199955,0.008208113686926921,0.8180371860752316,0.39457213270507263,3.9349594116210938,True,0.005641991343053987,0.0021973185904238246,-0.00205473566362141,0.002715177644161759,strong_evidence_gap
assist_09,evidence_support_corruption,0.75,42,high_seq_support,12141,0.788343528225777,0.009447515492442271,0.5043035316208644,0.008161161273440465,0.7977910437182193,0.4961423703474239,3.9349594116210938,True,0.0026547451567446867,-0.0023548951811124264,-0.008778564950994971,0.0015225356443721583,support_dependence_only
assist_09,evidence_support_corruption,0.75,42,high_crg_mass,12637,0.7398123347286484,0.011930506749917025,0.5132379229257168,0.00901884592315727,0.7517428414785654,0.5042190770025595,3.9349594116210938,True,0.0034793819548494254,0.00118393326057753,0.005555286537763782,0.010119961001836753,strong_evidence_gap
assist_09,evidence_support_corruption,0.75,42,short_history,25670,0.7730515481352968,0.009850577960279439,0.5546216876009891,0.0066191047427953675,0.7829021260955762,0.5480025828581937,3.9349594116210938,True,0.003831288594270288,0.0011110142196520956,-0.012244199951429757,-0.007984426398851729,support_dependence_only
assist_09,evidence_support_corruption,0.75,42,long_history,25420,0.7450129124598474,0.012603073658612574,0.5216084142842574,0.008409936481191704,0.7576159861184599,0.5131984778030657,3.9349594116210938,True,0.003852664603770317,0.0019389619030439897,0.008677748972003085,0.01052287234727144,strong_evidence_gap
assist_09,evidence_support_corruption,0.75,43,all,51090,0.7640723323552259,0.010890179215265694,0.538195823289763,0.0075101390516779665,0.7749625115704916,0.530685684238085,3.9349594116210938,True,0.0012389396265867214,0.0016772830553913876,-0.001181392166829187,0.00128768838467338,strong_evidence_gap
assist_09,evidence_support_corruption,0.75,43,graph_hits_history,50529,0.7637810422621545,0.01095335621072313,0.5379873567068117,0.007505684550738634,0.7747343984728776,0.5304816721560731,3.9349594116210938,True,0.001088109318585495,0.00152885872047126,-0.000996145282239813,0.001205054319276999,strong_evidence_gap
assist_09,evidence_support_corruption,0.75,43,high_support_mass,12637,0.7398123347286484,0.011930506749917025,0.5132379229257168,0.00901884592315727,0.7517428414785654,0.5042190770025595,3.9349594116210938,True,-0.0026387967454819528,-0.0016818600545636109,0.005555286537763782,0.010119961001836753,strong_evidence_gap
assist_09,evidence_support_corruption,0.75,43,query_seq_top5_q4_high,12141,0.788343528225777,0.009447515492442271,0.5043035316208644,0.008161161273440465,0.7977910437182193,0.4961423703474239,3.9349594116210938,True,-0.0038730708054416363,-0.008169566947565432,-0.008778564950994971,0.0015225356443721583,support_dependence_only
assist_09,evidence_support_corruption,0.75,43,multi_concept,8419,0.7399758605779126,0.01174081095191648,0.5626444749642375,0.014050639678322652,0.7517166715298291,0.5485938352859149,3.9349594116210938,True,-0.005997869400670819,-0.006235013063618511,-0.011218260100813416,-0.004729382085202227,support_dependence_only
assist_09,evidence_support_corruption,0.75,43,direct_seen,49506,0.7617001862019693,0.01087719113711294,0.542528596565852,0.007487806570317335,0.7725773773390823,0.5350407899955346,3.9349594116210938,True,0.001412064733829932,0.0017956204455258362,-0.002708551067175069,-0.0002113623142453336,support_dependence_only
assist_09,evidence_support_corruption,0.75,43,direct_unseen,1584,0.800138962885125,0.017898223190106588,0.40278024639199955,0.008208113686926921,0.8180371860752316,0.39457213270507263,3.9349594116210938,True,0.001630235966835314,-0.0020212086340011814,-0.00205473566362141,0.002715177644161759,strong_evidence_gap
assist_09,evidence_support_corruption,0.75,43,direct_unseen_bridgeable,1584,0.800138962885125,0.017898223190106588,0.40278024639199955,0.008208113686926921,0.8180371860752316,0.39457213270507263,3.9349594116210938,True,0.001630235966835314,-0.0020212086340011814,-0.00205473566362141,0.002715177644161759,strong_evidence_gap
assist_09,evidence_support_corruption,0.75,43,high_seq_support,12141,0.788343528225777,0.009447515492442271,0.5043035316208644,0.008161161273440465,0.7977910437182193,0.4961423703474239,3.9349594116210938,True,-0.0038730708054416363,-0.008169566947565432,-0.008778564950994971,0.0015225356443721583,support_dependence_only
assist_09,evidence_support_corruption,0.75,43,high_crg_mass,12637,0.7398123347286484,0.011930506749917025,0.5132379229257168,0.00901884592315727,0.7517428414785654,0.5042190770025595,3.9349594116210938,True,-0.0026387967454819528,-0.0016818600545636109,0.005555286537763782,0.010119961001836753,strong_evidence_gap
assist_09,evidence_support_corruption,0.75,43,short_history,25670,0.7730515481352968,0.009850577960279439,0.5546216876029673,0.006619104744773563,0.7829021260955762,0.5480025828581937,3.9349594116210938,True,0.0007189991685555563,0.0015729406503747212,-0.012244199951429757,-0.007984426398851729,support_dependence_only
assist_09,evidence_support_corruption,0.75,43,long_history,25420,0.7450129124598474,0.012603073658612574,0.5216084142842574,0.008409936481191704,0.7576159861184599,0.5131984778030657,3.9349594116210938,True,0.0015798038619209143,0.0017826516445643703,0.008677748972003085,0.01052287234727144,strong_evidence_gap
assist_09,evidence_support_corruption,0.75,44,all,51090,0.7640723323552259,0.010890179215265694,0.538195823288769,0.007510139050683984,0.7749625115704916,0.530685684238085,3.9349594116210938,True,0.0021305120293748647,0.0009441397386596995,-0.001181392166829187,0.00128768838467338,strong_evidence_gap
assist_09,evidence_support_corruption,0.75,44,graph_hits_history,50529,0.7637810422621545,0.01095335621072313,0.5379873567058067,0.007505684549733549,0.7747343984728776,0.5304816721560731,3.9349594116210938,True,0.0022688268835190373,0.0009315991465330686,-0.000996145282239813,0.001205054319276999,strong_evidence_gap
assist_09,evidence_support_corruption,0.75,44,high_support_mass,12637,0.7398123347286484,0.011930506749917025,0.5132379229257168,0.00901884592315727,0.7517428414785654,0.5042190770025595,3.9349594116210938,True,0.004755523946927576,0.0025984040021649335,0.005555286537763782,0.010119961001836753,strong_evidence_gap
assist_09,evidence_support_corruption,0.75,44,query_seq_top5_q4_high,12141,0.788343528225777,0.009447515492442271,0.5043035316208644,0.008161161273440465,0.7977910437182193,0.4961423703474239,3.9349594116210938,True,-0.0003720686648737148,-0.001401766526501147,-0.008778564950994971,0.0015225356443721583,support_dependence_only
assist_09,evidence_support_corruption,0.75,44,multi_concept,8419,0.7399758605779126,0.01174081095191648,0.5626444749582057,0.01405063967229081,0.7517166715298291,0.5485938352859149,3.9349594116210938,True,0.0052505385812756655,0.002452785950496472,-0.011218260100813416,-0.004729382085202227,support_dependence_only
assist_09,evidence_support_corruption,0.75,44,direct_seen,49506,0.7617001862019693,0.01087719113711294,0.5425285965648261,0.007487806569291489,0.7725773773390823,0.5350407899955346,3.9349594116210938,True,0.002210458901790724,0.0010260417019229973,-0.002708551067175069,-0.0002113623142453336,support_dependence_only
assist_09,evidence_support_corruption,0.75,44,direct_unseen,1584,0.800138962885125,0.017898223190106588,0.40278024639199955,0.008208113686926921,0.8180371860752316,0.39457213270507263,3.9349594116210938,True,0.0008519456031503836,-0.0016156068480277508,-0.00205473566362141,0.002715177644161759,strong_evidence_gap
assist_09,evidence_support_corruption,0.75,44,direct_unseen_bridgeable,1584,0.800138962885125,0.017898223190106588,0.40278024639199955,0.008208113686926921,0.8180371860752316,0.39457213270507263,3.9349594116210938,True,0.0008519456031503836,-0.0016156068480277508,-0.00205473566362141,0.002715177644161759,strong_evidence_gap
assist_09,evidence_support_corruption,0.75,44,high_seq_support,12141,0.788343528225777,0.009447515492442271,0.5043035316208644,0.008161161273440465,0.7977910437182193,0.4961423703474239,3.9349594116210938,True,-0.0003720686648737148,-0.001401766526501147,-0.008778564950994971,0.0015225356443721583,support_dependence_only
assist_09,evidence_support_corruption,0.75,44,high_crg_mass,12637,0.7398123347286484,0.011930506749917025,0.5132379229257168,0.00901884592315727,0.7517428414785654,0.5042190770025595,3.9349594116210938,True,0.004755523946927576,0.0025984040021649335,0.005555286537763782,0.010119961001836753,strong_evidence_gap
assist_09,evidence_support_corruption,0.75,44,short_history,25670,0.7730515481352968,0.009850577960279439,0.5546216876009891,0.0066191047427953675,0.7829021260955762,0.5480025828581937,3.9349594116210938,True,0.0009909031337766994,-1.7038370092481436e-05,-0.012244199951429757,-0.007984426398851729,support_dependence_only
assist_09,evidence_support_corruption,0.75,44,long_history,25420,0.7450129124598474,0.012603073658612574,0.5216084142842574,0.008409936481191704,0.7576159861184599,0.5131984778030657,3.9349594116210938,True,0.003497704938728474,0.001914770818584044,0.008677748972003085,0.01052287234727144,strong_evidence_gap
assist_09,evidence_support_corruption,0.75,45,all,51090,0.7640723323552259,0.010890179215265694,0.538195823288769,0.007510139050683984,0.7749625115704916,0.530685684238085,3.9349594116210938,True,0.002223896860216734,0.0016878661283534768,-0.001181392166829187,0.00128768838467338,strong_evidence_gap
assist_09,evidence_support_corruption,0.75,45,graph_hits_history,50529,0.7637810422621545,0.01095335621072313,0.5379873567058067,0.007505684549733549,0.7747343984728776,0.5304816721560731,3.9349594116210938,True,0.002368204927599038,0.0017819115798630714,-0.000996145282239813,0.001205054319276999,strong_evidence_gap
assist_09,evidence_support_corruption,0.75,45,high_support_mass,12637,0.7398123347286484,0.011930506749917025,0.5132379229257168,0.00901884592315727,0.7517428414785654,0.5042190770025595,3.9349594116210938,True,0.003295093390620285,0.002271909388884996,0.005555286537763782,0.010119961001836753,strong_evidence_gap
assist_09,evidence_support_corruption,0.75,45,query_seq_top5_q4_high,12141,0.788343528225777,0.009447515492442271,0.5043035316208644,0.008161161273440465,0.7977910437182193,0.4961423703474239,3.9349594116210938,True,-0.001193941002326393,-0.002366352347462075,-0.008778564950994971,0.0015225356443721583,support_dependence_only
assist_09,evidence_support_corruption,0.75,45,multi_concept,8419,0.7399758605779126,0.01174081095191648,0.5626444749582057,0.01405063967229081,0.7517166715298291,0.5485938352859149,3.9349594116210938,True,-0.005780331383223758,0.0009665661340715337,-0.011218260100813416,-0.004729382085202227,support_dependence_only
assist_09,evidence_support_corruption,0.75,45,direct_seen,49506,0.7617001862019693,0.01087719113711294,0.5425285965648261,0.007487806569291489,0.7725773773390823,0.5350407899955346,3.9349594116210938,True,0.002162539383664619,0.0017979001970531705,-0.002708551067175069,-0.0002113623142453336,support_dependence_only
assist_09,evidence_support_corruption,0.75,45,direct_unseen,1584,0.800138962885125,0.017898223190106588,0.40278024639199955,0.008208113686926921,0.8180371860752316,0.39457213270507263,3.9349594116210938,True,0.00558552232613041,-0.0017511153142246716,-0.00205473566362141,0.002715177644161759,strong_evidence_gap
assist_09,evidence_support_corruption,0.75,45,direct_unseen_bridgeable,1584,0.800138962885125,0.017898223190106588,0.40278024639199955,0.008208113686926921,0.8180371860752316,0.39457213270507263,3.9349594116210938,True,0.00558552232613041,-0.0017511153142246716,-0.00205473566362141,0.002715177644161759,strong_evidence_gap
assist_09,evidence_support_corruption,0.75,45,high_seq_support,12141,0.788343528225777,0.009447515492442271,0.5043035316208644,0.008161161273440465,0.7977910437182193,0.4961423703474239,3.9349594116210938,True,-0.001193941002326393,-0.002366352347462075,-0.008778564950994971,0.0015225356443721583,support_dependence_only
assist_09,evidence_support_corruption,0.75,45,high_crg_mass,12637,0.7398123347286484,0.011930506749917025,0.5132379229257168,0.00901884592315727,0.7517428414785654,0.5042190770025595,3.9349594116210938,True,0.003295093390620285,0.002271909388884996,0.005555286537763782,0.010119961001836753,strong_evidence_gap
assist_09,evidence_support_corruption,0.75,45,short_history,25670,0.7730515481352968,0.009850577960279439,0.5546216876009891,0.0066191047427953675,0.7829021260955762,0.5480025828581937,3.9349594116210938,True,2.8743905845840523e-05,0.0003181202763720137,-0.012244199951429757,-0.007984426398851729,support_dependence_only
assist_09,evidence_support_corruption,0.75,45,long_history,25420,0.7450129124598474,0.012603073658612574,0.5216084142842574,0.008409936481191704,0.7576159861184599,0.5131984778030657,3.9349594116210938,True,0.004775820605123937,0.0030710831236473446,0.008677748972003085,0.01052287234727144,strong_evidence_gap
assist_09,evidence_support_corruption,0.75,46,all,51090,0.7640723323552259,0.010890179215265694,0.538195823288769,0.007510139050683984,0.7749625115704916,0.530685684238085,3.9349594116210938,True,0.0015139677749965719,0.0005691402506680099,-0.001181392166829187,0.00128768838467338,strong_evidence_gap
assist_09,evidence_support_corruption,0.75,46,graph_hits_history,50529,0.7637810422621545,0.01095335621072313,0.5379873567058067,0.007505684549733549,0.7747343984728776,0.5304816721560731,3.9349594116210938,True,0.0014305691536997678,0.0004772027437853765,-0.000996145282239813,0.001205054319276999,strong_evidence_gap
assist_09,evidence_support_corruption,0.75,46,high_support_mass,12637,0.7398123347286484,0.011930506749917025,0.5132379229257168,0.00901884592315727,0.7517428414785654,0.5042190770025595,3.9349594116210938,True,0.0017764573257372795,0.00021030379746678207,0.005555286537763782,0.010119961001836753,strong_evidence_gap
assist_09,evidence_support_corruption,0.75,46,query_seq_top5_q4_high,12141,0.788343528225777,0.009447515492442271,0.5043035316208644,0.008161161273440465,0.7977910437182193,0.4961423703474239,3.9349594116210938,True,0.0002982148402825846,-0.0034195588621143136,-0.008778564950994971,0.0015225356443721583,support_dependence_only
assist_09,evidence_support_corruption,0.75,46,multi_concept,8419,0.7399758605779126,0.01174081095191648,0.5626444749582057,0.01405063967229081,0.7517166715298291,0.5485938352859149,3.9349594116210938,True,-0.0017684707322705995,0.0005469896205440028,-0.011218260100813416,-0.004729382085202227,support_dependence_only
assist_09,evidence_support_corruption,0.75,46,direct_seen,49506,0.7617001862019693,0.01087719113711294,0.5425285965648261,0.007487806569291489,0.7725773773390823,0.5350407899955346,3.9349594116210938,True,0.0013487850171499671,0.0005085333681135173,-0.002708551067175069,-0.0002113623142453336,support_dependence_only
assist_09,evidence_support_corruption,0.75,46,direct_unseen,1584,0.800138962885125,0.017898223190106588,0.40278024639199955,0.008208113686926921,0.8180371860752316,0.39457213270507263,3.9349594116210938,True,0.008343911044112029,0.0024633349020183326,-0.00205473566362141,0.002715177644161759,strong_evidence_gap
assist_09,evidence_support_corruption,0.75,46,direct_unseen_bridgeable,1584,0.800138962885125,0.017898223190106588,0.40278024639199955,0.008208113686926921,0.8180371860752316,0.39457213270507263,3.9349594116210938,True,0.008343911044112029,0.0024633349020183326,-0.00205473566362141,0.002715177644161759,strong_evidence_gap
assist_09,evidence_support_corruption,0.75,46,high_seq_support,12141,0.788343528225777,0.009447515492442271,0.5043035316208644,0.008161161273440465,0.7977910437182193,0.4961423703474239,3.9349594116210938,True,0.0002982148402825846,-0.0034195588621143136,-0.008778564950994971,0.0015225356443721583,support_dependence_only
assist_09,evidence_support_corruption,0.75,46,high_crg_mass,12637,0.7398123347286484,0.011930506749917025,0.5132379229257168,0.00901884592315727,0.7517428414785654,0.5042190770025595,3.9349594116210938,True,0.0017764573257372795,0.00021030379746678207,0.005555286537763782,0.010119961001836753,strong_evidence_gap
assist_09,evidence_support_corruption,0.75,46,short_history,25670,0.7730515481352968,0.009850577960279439,0.5546216876009891,0.0066191047427953675,0.7829021260955762,0.5480025828581937,3.9349594116210938,True,0.0001912744413065104,-0.00021723416295627018,-0.012244199951429757,-0.007984426398851729,support_dependence_only
assist_09,evidence_support_corruption,0.75,46,long_history,25420,0.7450129124598474,0.012603073658612574,0.5216084142842574,0.008409936481191704,0.7576159861184599,0.5131984778030657,3.9349594116210938,True,0.002984864787992869,0.0013632484803196565,0.008677748972003085,0.01052287234727144,strong_evidence_gap
assist_09,evidence_support_corruption,1.0,42,all,51090,0.7602030625747823,0.014759448995709246,0.5393287345856302,0.0086430503475452,0.7749625115704916,0.530685684238085,1.0,True,-0.0012816577380891925,0.0004806255320100039,-0.001181392166829187,0.00128768838467338,strong_evidence_gap
assist_09,evidence_support_corruption,1.0,42,graph_hits_history,50529,0.7601386166900641,0.01459578178281351,0.5389440318628844,0.008462359706811307,0.7747343984728776,0.5304816721560731,1.0,True,-0.0010568373447064072,0.0006033033756066564,-0.000996145282239813,0.001205054319276999,strong_evidence_gap
assist_09,evidence_support_corruption,1.0,42,high_support_mass,12637,0.7324486526598326,0.019294188818732794,0.5227077605957638,0.018488683593204325,0.7517428414785654,0.5042190770025595,1.0,True,0.005929920504665009,0.009446715545709972,0.005555286537763782,0.010119961001836753,strong_evidence_gap
assist_09,evidence_support_corruption,1.0,42,query_seq_top5_q4_high,12141,0.7852926478875515,0.012498395830667808,0.502753137814934,0.006610767467510104,0.7977910437182193,0.4961423703474239,1.0,True,-0.009595891214127628,-0.007896444732307994,-0.008778564950994971,0.0015225356443721583,support_dependence_only
assist_09,evidence_support_corruption,1.0,42,multi_concept,8419,0.7457581173511552,0.005958554178673969,0.5509533925365695,0.0023595572506546203,0.7517166715298291,0.5485938352859149,1.0,True,-0.010823393662634628,-0.009177427014191109,-0.011218260100813416,-0.004729382085202227,support_dependence_only
assist_09,evidence_support_corruption,1.0,42,direct_seen,49506,0.7594273485199593,0.013150028819122972,0.5422836557057062,0.007242865710171631,0.7725773773390823,0.5350407899955346,1.0,True,-0.0028305227730350824,-0.000619322768372621,-0.002708551067175069,-0.0002113623142453336,support_dependence_only
assist_09,evidence_support_corruption,1.0,42,direct_unseen,1584,0.7925131904258009,0.025523995649430642,0.4469762567002221,0.05240412399514949,0.8180371860752316,0.39457213270507263,1.0,True,0.0022931331220246154,0.03485817638979788,-0.00205473566362141,0.002715177644161759,strong_evidence_gap
assist_09,evidence_support_corruption,1.0,42,direct_unseen_bridgeable,1584,0.7925131904258009,0.025523995649430642,0.4469762567002221,0.05240412399514949,0.8180371860752316,0.39457213270507263,1.0,True,0.0022931331220246154,0.03485817638979788,-0.00205473566362141,0.002715177644161759,strong_evidence_gap
assist_09,evidence_support_corruption,1.0,42,high_seq_support,12141,0.7852926478875515,0.012498395830667808,0.502753137814934,0.006610767467510104,0.7977910437182193,0.4961423703474239,1.0,True,-0.009595891214127628,-0.007896444732307994,-0.008778564950994971,0.0015225356443721583,support_dependence_only
assist_09,evidence_support_corruption,1.0,42,high_crg_mass,12637,0.7324486526598326,0.019294188818732794,0.5227077605957638,0.018488683593204325,0.7517428414785654,0.5042190770025595,1.0,True,0.005929920504665009,0.009446715545709972,0.005555286537763782,0.010119961001836753,strong_evidence_gap
assist_09,evidence_support_corruption,1.0,42,short_history,25670,0.7768207696503919,0.0060813564451842606,0.5476280616615934,-0.00037452119660030814,0.7829021260955762,0.5480025828581937,1.0,True,-0.012372307588294218,-0.009259530712605546,-0.012244199951429757,-0.007984426398851729,support_dependence_only
assist_09,evidence_support_corruption,1.0,42,long_history,25420,0.7347379350940958,0.022878051024364132,0.5309477854888568,0.017749307685791083,0.7576159861184599,0.5131984778030657,1.0,True,0.008806198770883067,0.010316574029227699,0.008677748972003085,0.01052287234727144,strong_evidence_gap
assist_09,evidence_support_corruption,1.0,43,all,51090,0.7602030625747823,0.014759448995709246,0.5393287345871519,0.008643050349066872,0.7749625115704916,0.530685684238085,1.0,True,-0.000279002025489139,0.0004905413262279446,-0.001181392166829187,0.00128768838467338,strong_evidence_gap
assist_09,evidence_support_corruption,1.0,43,graph_hits_history,50529,0.7601386166900641,0.01459578178281351,0.5389440318644232,0.008462359708350076,0.7747343984728776,0.5304816721560731,1.0,True,-0.00044991672004046634,0.0003509381366183506,-0.000996145282239813,0.001205054319276999,strong_evidence_gap
assist_09,evidence_support_corruption,1.0,43,high_support_mass,12637,0.7324486526598326,0.019294188818732794,0.5227077605866957,0.018488683584136134,0.7517428414785654,0.5042190770025595,1.0,True,0.005513660541441423,0.00951644154116027,0.005555286537763782,0.010119961001836753,strong_evidence_gap
assist_09,evidence_support_corruption,1.0,43,query_seq_top5_q4_high,12141,0.7852926478875515,0.012498395830667808,0.502753137814934,0.006610767467510104,0.7977910437182193,0.4961423703474239,1.0,True,-0.0014226285828010665,-0.002339606583706244,-0.008778564950994971,0.0015225356443721583,support_dependence_only
assist_09,evidence_support_corruption,1.0,43,multi_concept,8419,0.7457581173511552,0.005958554178673969,0.5509533925458042,0.0023595572598893444,0.7517166715298291,0.5485938352859149,1.0,True,-0.011262134149499947,-0.01064012538909842,-0.011218260100813416,-0.004729382085202227,support_dependence_only
assist_09,evidence_support_corruption,1.0,43,direct_seen,49506,0.7594273485199593,0.013150028819122972,0.5422836557072767,0.007242865711742041,0.7725773773390823,0.5350407899955346,1.0,True,-0.0016108057144349486,-0.00044544078415909016,-0.002708551067175069,-0.0002113623142453336,support_dependence_only
assist_09,evidence_support_corruption,1.0,43,direct_unseen,1584,0.7925131904258009,0.025523995649430642,0.4469762567002221,0.05240412399514949,0.8180371860752316,0.39457213270507263,1.0,True,-0.002133546769849448,0.029743527662602354,-0.00205473566362141,0.002715177644161759,strong_evidence_gap
assist_09,evidence_support_corruption,1.0,43,direct_unseen_bridgeable,1584,0.7925131904258009,0.025523995649430642,0.4469762567002221,0.05240412399514949,0.8180371860752316,0.39457213270507263,1.0,True,-0.002133546769849448,0.029743527662602354,-0.00205473566362141,0.002715177644161759,strong_evidence_gap
assist_09,evidence_support_corruption,1.0,43,high_seq_support,12141,0.7852926478875515,0.012498395830667808,0.502753137814934,0.006610767467510104,0.7977910437182193,0.4961423703474239,1.0,True,-0.0014226285828010665,-0.002339606583706244,-0.008778564950994971,0.0015225356443721583,support_dependence_only
assist_09,evidence_support_corruption,1.0,43,high_crg_mass,12637,0.7324486526598326,0.019294188818732794,0.5227077605866957,0.018488683584136134,0.7517428414785654,0.5042190770025595,1.0,True,0.005513660541441423,0.00951644154116027,0.005555286537763782,0.010119961001836753,strong_evidence_gap
assist_09,evidence_support_corruption,1.0,43,short_history,25670,0.7768207696503919,0.0060813564451842606,0.5476280616690863,-0.00037452118910741294,0.7829021260955762,0.5480025828581937,1.0,True,-0.010818556076466646,-0.009855686501640037,-0.012244199951429757,-0.007984426398851729,support_dependence_only
assist_09,evidence_support_corruption,1.0,43,long_history,25420,0.7347379350940958,0.022878051024364132,0.5309477854843487,0.017749307681283022,0.7576159861184599,0.5131984778030657,1.0,True,0.009470589862530243,0.010938521984818483,0.008677748972003085,0.01052287234727144,strong_evidence_gap
assist_09,evidence_support_corruption,1.0,44,all,51090,0.7602030625747823,0.014759448995709246,0.539328734589395,0.008643050351309967,0.7749625115704916,0.530685684238085,1.0,True,0.0011155966285396612,0.0022574572507155777,-0.001181392166829187,0.00128768838467338,strong_evidence_gap
assist_09,evidence_support_corruption,1.0,44,graph_hits_history,50529,0.7601386166900641,0.01459578178281351,0.538944031866691,0.008462359710617928,0.7747343984728776,0.5304816721560731,1.0,True,0.0009074971971622103,0.002051091091795909,-0.000996145282239813,0.001205054319276999,strong_evidence_gap
assist_09,evidence_support_corruption,1.0,44,high_support_mass,12637,0.7324486526598326,0.019294188818732794,0.5227077605957638,0.018488683593204325,0.7517428414785654,0.5042190770025595,1.0,True,0.010159877851290244,0.012198554002117001,0.005555286537763782,0.010119961001836753,strong_evidence_gap
assist_09,evidence_support_corruption,1.0,44,query_seq_top5_q4_high,12141,0.7852926478875515,0.012498395830667808,0.502753137814934,0.006610767467510104,0.7977910437182193,0.4961423703474239,1.0,True,-0.00140936257166413,-0.0010719644600022393,-0.008778564950994971,0.0015225356443721583,support_dependence_only
assist_09,evidence_support_corruption,1.0,44,multi_concept,8419,0.7457581173511552,0.005958554178673969,0.5509533925594156,0.0023595572735006787,0.7517166715298291,0.5485938352859149,1.0,True,-0.005967001051014442,-0.006262928236681398,-0.011218260100813416,-0.004729382085202227,support_dependence_only
assist_09,evidence_support_corruption,1.0,44,direct_seen,49506,0.7594273485199593,0.013150028819122972,0.5422836557095915,0.007242865714056856,0.7725773773390823,0.5350407899955346,1.0,True,-0.0003724825558097944,0.0012843189088527218,-0.002708551067175069,-0.0002113623142453336,support_dependence_only
assist_09,evidence_support_corruption,1.0,44,direct_unseen,1584,0.7925131904258009,0.025523995649430642,0.4469762567002221,0.05240412399514949,0.8180371860752316,0.39457213270507263,1.0,True,-0.0013454357075690648,0.0326717165640113,-0.00205473566362141,0.002715177644161759,strong_evidence_gap
assist_09,evidence_support_corruption,1.0,44,direct_unseen_bridgeable,1584,0.7925131904258009,0.025523995649430642,0.4469762567002221,0.05240412399514949,0.8180371860752316,0.39457213270507263,1.0,True,-0.0013454357075690648,0.0326717165640113,-0.00205473566362141,0.002715177644161759,strong_evidence_gap
assist_09,evidence_support_corruption,1.0,44,high_seq_support,12141,0.7852926478875515,0.012498395830667808,0.502753137814934,0.006610767467510104,0.7977910437182193,0.4961423703474239,1.0,True,-0.00140936257166413,-0.0010719644600022393,-0.008778564950994971,0.0015225356443721583,support_dependence_only
assist_09,evidence_support_corruption,1.0,44,high_crg_mass,12637,0.7324486526598326,0.019294188818732794,0.5227077605957638,0.018488683593204325,0.7517428414785654,0.5042190770025595,1.0,True,0.010159877851290244,0.012198554002117001,0.005555286537763782,0.010119961001836753,strong_evidence_gap
assist_09,evidence_support_corruption,1.0,44,short_history,25670,0.7768207696503919,0.0060813564451842606,0.5476280616690863,-0.00037452118910741294,0.7829021260955762,0.5480025828581937,1.0,True,-0.007877261023676585,-0.005638013144452669,-0.012244199951429757,-0.007984426398851729,support_dependence_only
assist_09,evidence_support_corruption,1.0,44,long_history,25420,0.7347379350940958,0.022878051024364132,0.5309477854888568,0.017749307685791083,0.7576159861184599,0.5131984778030657,1.0,True,0.008663476772127532,0.010230577826795706,0.008677748972003085,0.01052287234727144,strong_evidence_gap
assist_09,evidence_support_corruption,1.0,45,all,51090,0.7602030625747823,0.014759448995709246,0.539328734589395,0.008643050351309967,0.7749625115704916,0.530685684238085,1.0,True,0.0013068096909104598,0.0026393956616275194,-0.001181392166829187,0.00128768838467338,strong_evidence_gap
assist_09,evidence_support_corruption,1.0,45,graph_hits_history,50529,0.7601386166900641,0.01459578178281351,0.538944031866691,0.008462359710617928,0.7747343984728776,0.5304816721560731,1.0,True,0.0012381162217341979,0.0025487648996644907,-0.000996145282239813,0.001205054319276999,strong_evidence_gap
assist_09,evidence_support_corruption,1.0,45,high_support_mass,12637,0.7324486526598326,0.019294188818732794,0.5227077605957638,0.018488683593204325,0.7517428414785654,0.5042190770025595,1.0,True,0.008922439765726153,0.010869942403149757,0.005555286537763782,0.010119961001836753,strong_evidence_gap
assist_09,evidence_support_corruption,1.0,45,query_seq_top5_q4_high,12141,0.7852926478875515,0.012498395830667808,0.502753137814934,0.006610767467510104,0.7977910437182193,0.4961423703474239,1.0,True,0.0015968682542572,1.2547850018473916e-05,-0.008778564950994971,0.0015225356443721583,support_dependence_only
assist_09,evidence_support_corruption,1.0,45,multi_concept,8419,0.7457581173511552,0.005958554178673969,0.5509533925594156,0.0023595572735006787,0.7517166715298291,0.5485938352859149,1.0,True,-0.006403598765116758,-0.006999011710097536,-0.011218260100813416,-0.004729382085202227,support_dependence_only
assist_09,evidence_support_corruption,1.0,45,direct_seen,49506,0.7594273485199593,0.013150028819122972,0.5422836557095915,0.007242865714056856,0.7725773773390823,0.5350407899955346,1.0,True,-0.00019346006518261571,0.0017465709124769857,-0.002708551067175069,-0.0002113623142453336,support_dependence_only
assist_09,evidence_support_corruption,1.0,45,direct_unseen,1584,0.7925131904258009,0.025523995649430642,0.4469762567002221,0.05240412399514949,0.8180371860752316,0.39457213270507263,1.0,True,0.002762071479954775,0.030543550984512724,-0.00205473566362141,0.002715177644161759,strong_evidence_gap
assist_09,evidence_support_corruption,1.0,45,direct_unseen_bridgeable,1584,0.7925131904258009,0.025523995649430642,0.4469762567002221,0.05240412399514949,0.8180371860752316,0.39457213270507263,1.0,True,0.002762071479954775,0.030543550984512724,-0.00205473566362141,0.002715177644161759,strong_evidence_gap
assist_09,evidence_support_corruption,1.0,45,high_seq_support,12141,0.7852926478875515,0.012498395830667808,0.502753137814934,0.006610767467510104,0.7977910437182193,0.4961423703474239,1.0,True,0.0015968682542572,1.2547850018473916e-05,-0.008778564950994971,0.0015225356443721583,support_dependence_only
assist_09,evidence_support_corruption,1.0,45,high_crg_mass,12637,0.7324486526598326,0.019294188818732794,0.5227077605957638,0.018488683593204325,0.7517428414785654,0.5042190770025595,1.0,True,0.008922439765726153,0.010869942403149757,0.005555286537763782,0.010119961001836753,strong_evidence_gap
assist_09,evidence_support_corruption,1.0,45,short_history,25670,0.7768207696503919,0.0060813564451842606,0.5476280616690863,-0.00037452118910741294,0.7829021260955762,0.5480025828581937,1.0,True,-0.00894891477542803,-0.005406451247850663,-0.012244199951429757,-0.007984426398851729,support_dependence_only
assist_09,evidence_support_corruption,1.0,45,long_history,25420,0.7347379350940958,0.022878051024364132,0.5309477854888568,0.017749307685791083,0.7576159861184599,0.5131984778030657,1.0,True,0.010471592855994083,0.01076437167131683,0.008677748972003085,0.01052287234727144,strong_evidence_gap
assist_09,evidence_support_corruption,1.0,46,all,51090,0.7602030625747823,0.014759448995709246,0.5393287345833871,0.008643050345302106,0.7749625115704916,0.530685684238085,1.0,True,0.00014844970586624928,0.0020820598374916566,-0.001181392166829187,0.00128768838467338,strong_evidence_gap
assist_09,evidence_support_corruption,1.0,46,graph_hits_history,50529,0.7601386166900641,0.01459578178281351,0.5389440318606167,0.008462359704543565,0.7747343984728776,0.5304816721560731,1.0,True,0.0003690330607803993,0.002216084167447563,-0.000996145282239813,0.001205054319276999,strong_evidence_gap
assist_09,evidence_support_corruption,1.0,46,high_support_mass,12637,0.7324486526598326,0.019294188818732794,0.5227077605866957,0.018488683584136134,0.7517428414785654,0.5042190770025595,1.0,True,0.009760709356755326,0.011411354038310617,0.005555286537763782,0.010119961001836753,strong_evidence_gap
assist_09,evidence_support_corruption,1.0,46,query_seq_top5_q4_high,12141,0.7852926478875515,0.012498395830667808,0.502753137814934,0.006610767467510104,0.7977910437182193,0.4961423703474239,1.0,True,0.0008535421554067835,0.00025496560156867965,-0.008778564950994971,0.0015225356443721583,support_dependence_only
assist_09,evidence_support_corruption,1.0,46,multi_concept,8419,0.7457581173511552,0.005958554178673969,0.550953392522958,0.002359557237043175,0.7517166715298291,0.5485938352859149,1.0,True,-0.004591868866778648,-0.0045419377488105095,-0.011218260100813416,-0.004729382085202227,support_dependence_only
assist_09,evidence_support_corruption,1.0,46,direct_seen,49506,0.7594273485199593,0.013150028819122972,0.5422836557033914,0.007242865707856816,0.7725773773390823,0.5350407899955346,1.0,True,-0.001370844857548681,0.0010933739421611355,-0.002708551067175069,-0.0002113623142453336,support_dependence_only
assist_09,evidence_support_corruption,1.0,46,direct_unseen,1584,0.7925131904258009,0.025523995649430642,0.4469762567002221,0.05240412399514949,0.8180371860752316,0.39457213270507263,1.0,True,0.0018904844796135967,0.03298223908890596,-0.00205473566362141,0.002715177644161759,strong_evidence_gap
assist_09,evidence_support_corruption,1.0,46,direct_unseen_bridgeable,1584,0.7925131904258009,0.025523995649430642,0.4469762567002221,0.05240412399514949,0.8180371860752316,0.39457213270507263,1.0,True,0.0018904844796135967,0.03298223908890596,-0.00205473566362141,0.002715177644161759,strong_evidence_gap
assist_09,evidence_support_corruption,1.0,46,high_seq_support,12141,0.7852926478875515,0.012498395830667808,0.502753137814934,0.006610767467510104,0.7977910437182193,0.4961423703474239,1.0,True,0.0008535421554067835,0.00025496560156867965,-0.008778564950994971,0.0015225356443721583,support_dependence_only
assist_09,evidence_support_corruption,1.0,46,high_crg_mass,12637,0.7324486526598326,0.019294188818732794,0.5227077605866957,0.018488683584136134,0.7517428414785654,0.5042190770025595,1.0,True,0.009760709356755326,0.011411354038310617,0.005555286537763782,0.010119961001836753,strong_evidence_gap
assist_09,evidence_support_corruption,1.0,46,short_history,25670,0.7768207696503919,0.0060813564451842606,0.5476280616615934,-0.00037452119660030814,0.7829021260955762,0.5480025828581937,1.0,True,-0.011091231219649611,-0.007271643559119911,-0.012244199951429757,-0.007984426398851729,support_dependence_only
assist_09,evidence_support_corruption,1.0,46,long_history,25420,0.7347379350940958,0.022878051024364132,0.5309477854843487,0.017749307681283022,0.7576159861184599,0.5131984778030657,1.0,True,0.010528570068524479,0.011527754809600776,0.008677748972003085,0.01052287234727144,strong_evidence_gap
assist_09,degree_matched_random_support,0.0,42,all,51090,0.7749625115704916,0.0,0.5306856842391594,1.074362820929764e-12,0.7749625115704916,0.530685684238085,12.95121955871582,True,0.0,0.0,-0.001181392166829187,0.00128768838467338,strong_evidence_gap
assist_09,degree_matched_random_support,0.0,42,graph_hits_history,50529,0.7747343984728776,0.0,0.5304816721571596,1.0864642518981782e-12,0.7747343984728776,0.5304816721560731,12.95121955871582,True,0.0,0.0,-0.000996145282239813,0.001205054319276999,strong_evidence_gap
assist_09,degree_matched_random_support,0.0,42,high_support_mass,12637,0.7517428414785654,0.0,0.5042190769790127,-2.3546831151577408e-11,0.7517428414785654,0.5042190770025595,12.95121955871582,True,0.0,0.0,0.005555286537763782,0.010119961001836753,strong_evidence_gap
assist_09,degree_matched_random_support,0.0,42,query_seq_top5_q4_high,12141,0.7977910437182193,0.0,0.4961423703474239,0.0,0.7977910437182193,0.4961423703474239,12.95121955871582,True,0.0,0.0,-0.008778564950994971,0.0015225356443721583,support_dependence_only
assist_09,degree_matched_random_support,0.0,42,multi_concept,8419,0.7517166715298291,0.0,0.5485938352924352,6.520339823623544e-12,0.7517166715298291,0.5485938352859149,12.95121955871582,True,0.0,0.0,-0.011218260100813416,-0.004729382085202227,support_dependence_only
assist_09,degree_matched_random_support,0.0,42,direct_seen,49506,0.7725773773390823,0.0,0.5350407899966434,1.1087797346931438e-12,0.7725773773390823,0.5350407899955346,12.95121955871582,True,0.0,0.0,-0.002708551067175069,-0.0002113623142453336,support_dependence_only
assist_09,degree_matched_random_support,0.0,42,direct_unseen,1584,0.8180371860752316,0.0,0.39457213270507263,0.0,0.8180371860752316,0.39457213270507263,12.95121955871582,True,0.0,0.0,-0.00205473566362141,0.002715177644161759,strong_evidence_gap
assist_09,degree_matched_random_support,0.0,42,direct_unseen_bridgeable,1584,0.8180371860752316,0.0,0.39457213270507263,0.0,0.8180371860752316,0.39457213270507263,12.95121955871582,True,0.0,0.0,-0.00205473566362141,0.002715177644161759,strong_evidence_gap
assist_09,degree_matched_random_support,0.0,42,high_seq_support,12141,0.7977910437182193,0.0,0.4961423703474239,0.0,0.7977910437182193,0.4961423703474239,12.95121955871582,True,0.0,0.0,-0.008778564950994971,0.0015225356443721583,support_dependence_only
assist_09,degree_matched_random_support,0.0,42,high_crg_mass,12637,0.7517428414785654,0.0,0.5042190769790127,-2.3546831151577408e-11,0.7517428414785654,0.5042190770025595,12.95121955871582,True,0.0,0.0,0.005555286537763782,0.010119961001836753,strong_evidence_gap
assist_09,degree_matched_random_support,0.0,42,short_history,25670,0.7829021260955762,0.0,0.548002582871924,1.3730350190144236e-11,0.7829021260955762,0.5480025828581937,12.95121955871582,True,0.0,0.0,-0.012244199951429757,-0.007984426398851729,support_dependence_only
assist_09,degree_matched_random_support,0.0,42,long_history,25420,0.7576159861184599,0.0,0.51319847779136,-1.17057474824378e-11,0.7576159861184599,0.5131984778030657,12.95121955871582,True,0.0,0.0,0.008677748972003085,0.01052287234727144,strong_evidence_gap
assist_09,degree_matched_random_support,0.25,42,all,51090,0.774137027603356,0.000825483967135554,0.5315756008977927,0.0008899166597076125,0.7749625115704916,0.530685684238085,13.341463088989258,True,0.0,0.0,-0.001181392166829187,0.00128768838467338,strong_evidence_gap
assist_09,degree_matched_random_support,0.25,42,graph_hits_history,50529,0.7738831499320238,0.0008512485408538328,0.5314076363326752,0.0009259641766020676,0.7747343984728776,0.5304816721560731,13.341463088989258,True,0.0,0.0,-0.000996145282239813,0.001205054319276999,strong_evidence_gap
assist_09,degree_matched_random_support,0.25,42,high_support_mass,12637,0.7517093989089563,3.344256960913228e-05,0.5045458726679125,0.00032679566535298576,0.7517428414785654,0.5042190770025595,13.341463088989258,True,0.0,0.0,0.005555286537763782,0.010119961001836753,strong_evidence_gap
assist_09,degree_matched_random_support,0.25,42,query_seq_top5_q4_high,12141,0.7973444690627394,0.0004465746554799255,0.49625905685742133,0.00011668650999741015,0.7977910437182193,0.4961423703474239,13.341463088989258,True,0.0,0.0,-0.008778564950994971,0.0015225356443721583,support_dependence_only
assist_09,degree_matched_random_support,0.25,42,multi_concept,8419,0.750339924502352,0.0013767470274771432,0.5515093782512815,0.0029155429653666687,0.7517166715298291,0.5485938352859149,13.341463088989258,True,0.0,0.0,-0.011218260100813416,-0.004729382085202227,support_dependence_only
assist_09,degree_matched_random_support,0.25,42,direct_seen,49506,0.7717794756589559,0.0007979016801263894,0.5358926220553152,0.0008518320597805662,0.7725773773390823,0.5350407899955346,13.341463088989258,True,0.0,0.0,-0.002708551067175069,-0.0002113623142453336,support_dependence_only
assist_09,degree_matched_random_support,0.25,42,direct_unseen,1584,0.8141874722258369,0.003849713849394698,0.3966523373723444,0.0020802046672717678,0.8180371860752316,0.39457213270507263,13.341463088989258,True,0.0,0.0,-0.00205473566362141,0.002715177644161759,strong_evidence_gap
assist_09,degree_matched_random_support,0.25,42,direct_unseen_bridgeable,1584,0.8141874722258369,0.003849713849394698,0.3966523373723444,0.0020802046672717678,0.8180371860752316,0.39457213270507263,13.341463088989258,True,0.0,0.0,-0.00205473566362141,0.002715177644161759,strong_evidence_gap
assist_09,degree_matched_random_support,0.25,42,high_seq_support,12141,0.7973444690627394,0.0004465746554799255,0.49625905685742133,0.00011668650999741015,0.7977910437182193,0.4961423703474239,13.341463088989258,True,0.0,0.0,-0.008778564950994971,0.0015225356443721583,support_dependence_only
assist_09,degree_matched_random_support,0.25,42,high_crg_mass,12637,0.7517093989089563,3.344256960913228e-05,0.5045458726679125,0.00032679566535298576,0.7517428414785654,0.5042190770025595,13.341463088989258,True,0.0,0.0,0.005555286537763782,0.010119961001836753,strong_evidence_gap
assist_09,degree_matched_random_support,0.25,42,short_history,25670,0.7814941080983986,0.001408017997177602,0.5489373753983461,0.0009347925401523849,0.7829021260955762,0.5480025828581937,13.341463088989258,True,0.0,0.0,-0.012244199951429757,-0.007984426398851729,support_dependence_only
assist_09,degree_matched_random_support,0.25,42,long_history,25420,0.757114674108251,0.0005013120102089763,0.514043077238107,0.0008445994350413377,0.7576159861184599,0.5131984778030657,13.341463088989258,True,0.0,0.0,0.008677748972003085,0.01052287234727144,strong_evidence_gap
assist_09,degree_matched_random_support,0.25,43,all,51090,0.7721672642373298,0.002795247333161721,0.532050706057233,0.0013650218191479935,0.7749625115704916,0.530685684238085,13.357723236083984,True,0.0,0.0,-0.001181392166829187,0.00128768838467338,strong_evidence_gap
assist_09,degree_matched_random_support,0.25,43,graph_hits_history,50529,0.7719360138397701,0.0027983846331075535,0.531855234088976,0.0013735619329028337,0.7747343984728776,0.5304816721560731,13.357723236083984,True,0.0,0.0,-0.000996145282239813,0.001205054319276999,strong_evidence_gap
assist_09,degree_matched_random_support,0.25,43,high_support_mass,12637,0.7510624592522059,0.0006803822263594661,0.5043019940521476,8.291704958807156e-05,0.7517428414785654,0.5042190770025595,13.357723236083984,True,0.0,0.0,0.005555286537763782,0.010119961001836753,strong_evidence_gap
assist_09,degree_matched_random_support,0.25,43,query_seq_top5_q4_high,12141,0.7951048832473312,0.0026861604708880993,0.4987466297178191,0.0026042593703951566,0.7977910437182193,0.4961423703474239,13.357723236083984,True,0.0,0.0,-0.008778564950994971,0.0015225356443721583,support_dependence_only
assist_09,degree_matched_random_support,0.25,43,multi_concept,8419,0.7515609012663724,0.00015577026345670042,0.5477028388997585,-0.0008909963861564174,0.7517166715298291,0.5485938352859149,13.357723236083984,True,0.0,0.0,-0.011218260100813416,-0.004729382085202227,support_dependence_only
assist_09,degree_matched_random_support,0.25,43,direct_seen,49506,0.769856355847383,0.0027210214916992825,0.5363304320492823,0.0012896420537477082,0.7725773773390823,0.5350407899955346,13.357723236083984,True,0.0,0.0,-0.002708551067175069,-0.0002113623142453336,support_dependence_only
assist_09,degree_matched_random_support,0.25,43,direct_unseen,1584,0.8091101710520178,0.008927015023213802,0.39829305772239165,0.003720925017319021,0.8180371860752316,0.39457213270507263,13.357723236083984,True,0.0,0.0,-0.00205473566362141,0.002715177644161759,strong_evidence_gap
assist_09,degree_matched_random_support,0.25,43,direct_unseen_bridgeable,1584,0.8091101710520178,0.008927015023213802,0.39829305772239165,0.003720925017319021,0.8180371860752316,0.39457213270507263,13.357723236083984,True,0.0,0.0,-0.00205473566362141,0.002715177644161759,strong_evidence_gap
assist_09,degree_matched_random_support,0.25,43,high_seq_support,12141,0.7951048832473312,0.0026861604708880993,0.4987466297178191,0.0026042593703951566,0.7977910437182193,0.4961423703474239,13.357723236083984,True,0.0,0.0,-0.008778564950994971,0.0015225356443721583,support_dependence_only
assist_09,degree_matched_random_support,0.25,43,high_crg_mass,12637,0.7510624592522059,0.0006803822263594661,0.5043019940521476,8.291704958807156e-05,0.7517428414785654,0.5042190770025595,13.357723236083984,True,0.0,0.0,0.005555286537763782,0.010119961001836753,strong_evidence_gap
assist_09,degree_matched_random_support,0.25,43,short_history,25670,0.7791405526263823,0.003761573469193924,0.5499613668880022,0.0019587840298085357,0.7829021260955762,0.5480025828581937,13.357723236083984,True,0.0,0.0,-0.012244199951429757,-0.007984426398851729,support_dependence_only
assist_09,degree_matched_random_support,0.25,43,long_history,25420,0.755916075468712,0.0016999106497479488,0.5139638978933526,0.0007654200902869057,0.7576159861184599,0.5131984778030657,13.357723236083984,True,0.0,0.0,0.008677748972003085,0.01052287234727144,strong_evidence_gap
assist_09,degree_matched_random_support,0.25,44,all,51090,0.7735066571592518,0.0014558544112397431,0.5321572894103951,0.001471605172310042,0.7749625115704916,0.530685684238085,13.284552574157715,True,0.0,0.0,-0.001181392166829187,0.00128768838467338,strong_evidence_gap
assist_09,degree_matched_random_support,0.25,44,graph_hits_history,50529,0.773291861798855,0.0014425366740226098,0.5319702003638378,0.0014885282077646833,0.7747343984728776,0.5304816721560731,13.284552574157715,True,0.0,0.0,-0.000996145282239813,0.001205054319276999,strong_evidence_gap
assist_09,degree_matched_random_support,0.25,44,high_support_mass,12637,0.7517030191441461,3.982233441934824e-05,0.5042241273081577,5.0503055981643286e-06,0.7517428414785654,0.5042190770025595,13.284552574157715,True,0.0,0.0,0.005555286537763782,0.010119961001836753,strong_evidence_gap
assist_09,degree_matched_random_support,0.25,44,query_seq_top5_q4_high,12141,0.7949167890246759,0.00287425469354341,0.49823951197077215,0.002097141623348231,0.7977910437182193,0.4961423703474239,13.284552574157715,True,0.0,0.0,-0.008778564950994971,0.0015225356443721583,support_dependence_only
assist_09,degree_matched_random_support,0.25,44,multi_concept,8419,0.7516147811322212,0.00010189039760788443,0.5485783640284052,-1.5471257509669378e-05,0.7517166715298291,0.5485938352859149,13.284552574157715,True,0.0,0.0,-0.011218260100813416,-0.004729382085202227,support_dependence_only
assist_09,degree_matched_random_support,0.25,44,direct_seen,49506,0.771156519212375,0.0014208581267072251,0.5364899306707952,0.001449140675260585,0.7725773773390823,0.5350407899955346,13.284552574157715,True,0.0,0.0,-0.002708551067175069,-0.0002113623142453336,support_dependence_only
assist_09,degree_matched_random_support,0.25,44,direct_unseen,1584,0.8134975681495104,0.004539617925721218,0.39674583850296846,0.0021737057978958307,0.8180371860752316,0.39457213270507263,13.284552574157715,True,0.0,0.0,-0.00205473566362141,0.002715177644161759,strong_evidence_gap
assist_09,degree_matched_random_support,0.25,44,direct_unseen_bridgeable,1584,0.8134975681495104,0.004539617925721218,0.39674583850296846,0.0021737057978958307,0.8180371860752316,0.39457213270507263,13.284552574157715,True,0.0,0.0,-0.00205473566362141,0.002715177644161759,strong_evidence_gap
assist_09,degree_matched_random_support,0.25,44,high_seq_support,12141,0.7949167890246759,0.00287425469354341,0.49823951197077215,0.002097141623348231,0.7977910437182193,0.4961423703474239,13.284552574157715,True,0.0,0.0,-0.008778564950994971,0.0015225356443721583,support_dependence_only
assist_09,degree_matched_random_support,0.25,44,high_crg_mass,12637,0.7517030191441461,3.982233441934824e-05,0.5042241273081577,5.0503055981643286e-06,0.7517428414785654,0.5042190770025595,13.284552574157715,True,0.0,0.0,0.005555286537763782,0.010119961001836753,strong_evidence_gap
assist_09,degree_matched_random_support,0.25,44,short_history,25670,0.7807868901072168,0.0021152359883593874,0.5500728714850537,0.002070288626859984,0.7829021260955762,0.5480025828581937,13.284552574157715,True,0.0,0.0,-0.012244199951429757,-0.007984426398851729,support_dependence_only
assist_09,degree_matched_random_support,0.25,44,long_history,25420,0.7569427095372051,0.0006732765812548225,0.5140655116032952,0.0008670338002294553,0.7576159861184599,0.5131984778030657,13.284552574157715,True,0.0,0.0,0.008677748972003085,0.01052287234727144,strong_evidence_gap
assist_09,degree_matched_random_support,0.25,45,all,51090,0.773966067228381,0.0009964443421105473,0.532113799501845,0.001428115263759966,0.7749625115704916,0.530685684238085,13.325202941894531,True,0.0,0.0,-0.001181392166829187,0.00128768838467338,strong_evidence_gap
assist_09,degree_matched_random_support,0.25,45,graph_hits_history,50529,0.7737652574043306,0.0009691410685470636,0.5318690239090039,0.00138735175293081,0.7747343984728776,0.5304816721560731,13.325202941894531,True,0.0,0.0,-0.000996145282239813,0.001205054319276999,strong_evidence_gap
assist_09,degree_matched_random_support,0.25,45,high_support_mass,12637,0.7517366822488353,6.15922973012939e-06,0.504496804411822,0.00027772740926246264,0.7517428414785654,0.5042190770025595,13.325202941894531,True,0.0,0.0,0.005555286537763782,0.010119961001836753,strong_evidence_gap
assist_09,degree_matched_random_support,0.25,45,query_seq_top5_q4_high,12141,0.7976269841991945,0.0001640595190247618,0.49705902963474524,0.0009166592873213197,0.7977910437182193,0.4961423703474239,13.325202941894531,True,0.0,0.0,-0.008778564950994971,0.0015225356443721583,support_dependence_only
assist_09,degree_matched_random_support,0.25,45,multi_concept,8419,0.7508980081157053,0.0008186634141238436,0.548588673817689,-5.161468225822752e-06,0.7517166715298291,0.5485938352859149,13.325202941894531,True,0.0,0.0,-0.011218260100813416,-0.004729382085202227,support_dependence_only
assist_09,degree_matched_random_support,0.25,45,direct_seen,49506,0.7717066787278293,0.0008706986112529957,0.536426200167373,0.0013854101718383527,0.7725773773390823,0.5350407899955346,13.325202941894531,True,0.0,0.0,-0.002708551067175069,-0.0002113623142453336,support_dependence_only
assist_09,degree_matched_random_support,0.25,45,direct_unseen,1584,0.8112830006162488,0.006754185458982764,0.3973349438530964,0.0027628111480237916,0.8180371860752316,0.39457213270507263,13.325202941894531,True,0.0,0.0,-0.00205473566362141,0.002715177644161759,strong_evidence_gap
assist_09,degree_matched_random_support,0.25,45,direct_unseen_bridgeable,1584,0.8112830006162488,0.006754185458982764,0.3973349438530964,0.0027628111480237916,0.8180371860752316,0.39457213270507263,13.325202941894531,True,0.0,0.0,-0.00205473566362141,0.002715177644161759,strong_evidence_gap
assist_09,degree_matched_random_support,0.25,45,high_seq_support,12141,0.7976269841991945,0.0001640595190247618,0.49705902963474524,0.0009166592873213197,0.7977910437182193,0.4961423703474239,13.325202941894531,True,0.0,0.0,-0.008778564950994971,0.0015225356443721583,support_dependence_only
assist_09,degree_matched_random_support,0.25,45,high_crg_mass,12637,0.7517366822488353,6.15922973012939e-06,0.504496804411822,0.00027772740926246264,0.7517428414785654,0.5042190770025595,13.325202941894531,True,0.0,0.0,0.005555286537763782,0.010119961001836753,strong_evidence_gap
assist_09,degree_matched_random_support,0.25,45,short_history,25670,0.781530754985009,0.0013713711105671766,0.5495063150483082,0.0015037321901144596,0.7829021260955762,0.5480025828581937,13.325202941894531,True,0.0,0.0,-0.012244199951429757,-0.007984426398851729,support_dependence_only
assist_09,degree_matched_random_support,0.25,45,long_history,25420,0.7568323439904244,0.0007836421280354999,0.5145502324649566,0.0013517546618908582,0.7576159861184599,0.5131984778030657,13.325202941894531,True,0.0,0.0,0.008677748972003085,0.01052287234727144,strong_evidence_gap
assist_09,degree_matched_random_support,0.25,46,all,51090,0.7726565453983768,0.0023059661721147595,0.5326526236384157,0.0019669394003306584,0.7749625115704916,0.530685684238085,13.357723236083984,True,0.0,0.0,-0.001181392166829187,0.00128768838467338,strong_evidence_gap
assist_09,degree_matched_random_support,0.25,46,graph_hits_history,50529,0.7723582964674285,0.002376102005449132,0.5325263621155073,0.002044689959434187,0.7747343984728776,0.5304816721560731,13.357723236083984,True,0.0,0.0,-0.000996145282239813,0.001205054319276999,strong_evidence_gap
assist_09,degree_matched_random_support,0.25,46,high_support_mass,12637,0.7500822123272681,0.001660629151297277,0.5064749404374153,0.0022558634348557316,0.7517428414785654,0.5042190770025595,13.357723236083984,True,0.0,0.0,0.005555286537763782,0.010119961001836753,strong_evidence_gap
assist_09,degree_matched_random_support,0.25,46,query_seq_top5_q4_high,12141,0.7955838912321974,0.0022071524860218794,0.49911207379875716,0.0029697034513332388,0.7977910437182193,0.4961423703474239,13.357723236083984,True,0.0,0.0,-0.008778564950994971,0.0015225356443721583,support_dependence_only
assist_09,degree_matched_random_support,0.25,46,multi_concept,8419,0.7487870353428319,0.0029296361869972642,0.5541985179045059,0.005604682618591039,0.7517166715298291,0.5485938352859149,13.357723236083984,True,0.0,0.0,-0.011218260100813416,-0.004729382085202227,support_dependence_only
assist_09,degree_matched_random_support,0.25,46,direct_seen,49506,0.7703797484231172,0.0021976289159650886,0.5368910785134183,0.0018502885178837136,0.7725773773390823,0.5350407899955346,13.357723236083984,True,0.0,0.0,-0.002708551067175069,-0.0002113623142453336,support_dependence_only
assist_09,degree_matched_random_support,0.25,46,direct_unseen,1584,0.8079685148403031,0.010068671234928495,0.40018485404127146,0.005612721336198834,0.8180371860752316,0.39457213270507263,13.357723236083984,True,0.0,0.0,-0.00205473566362141,0.002715177644161759,strong_evidence_gap
assist_09,degree_matched_random_support,0.25,46,direct_unseen_bridgeable,1584,0.8079685148403031,0.010068671234928495,0.40018485404127146,0.005612721336198834,0.8180371860752316,0.39457213270507263,13.357723236083984,True,0.0,0.0,-0.00205473566362141,0.002715177644161759,strong_evidence_gap
assist_09,degree_matched_random_support,0.25,46,high_seq_support,12141,0.7955838912321974,0.0022071524860218794,0.49911207379875716,0.0029697034513332388,0.7977910437182193,0.4961423703474239,13.357723236083984,True,0.0,0.0,-0.008778564950994971,0.0015225356443721583,support_dependence_only
assist_09,degree_matched_random_support,0.25,46,high_crg_mass,12637,0.7500822123272681,0.001660629151297277,0.5064749404374153,0.0022558634348557316,0.7517428414785654,0.5042190770025595,13.357723236083984,True,0.0,0.0,0.005555286537763782,0.010119961001836753,strong_evidence_gap
assist_09,degree_matched_random_support,0.25,46,short_history,25670,0.7799664682899525,0.0029356578056236593,0.5501268439167293,0.0021242610585355814,0.7829021260955762,0.5480025828581937,13.357723236083984,True,0.0,0.0,-0.012244199951429757,-0.007984426398851729,support_dependence_only
assist_09,degree_matched_random_support,0.25,46,long_history,25420,0.755827084858748,0.0017889012597118725,0.5150065483219599,0.0018080705188942003,0.7576159861184599,0.5131984778030657,13.357723236083984,True,0.0,0.0,0.008677748972003085,0.01052287234727144,strong_evidence_gap
assist_09,degree_matched_random_support,0.5,42,all,51090,0.7709786805908223,0.003983830979669256,0.5328561086940378,0.002170424455952724,0.7749625115704916,0.530685684238085,13.44715404510498,True,0.0,0.0,-0.001181392166829187,0.00128768838467338,strong_evidence_gap
assist_09,degree_matched_random_support,0.5,42,graph_hits_history,50529,0.7706300554537229,0.004104343019154744,0.5327635305152131,0.0022818583591399655,0.7747343984728776,0.5304816721560731,13.44715404510498,True,0.0,0.0,-0.000996145282239813,0.001205054319276999,strong_evidence_gap
assist_09,degree_matched_random_support,0.5,42,high_support_mass,12637,0.7468357469217557,0.00490709455680971,0.5079449812373843,0.003725904234824773,0.7517428414785654,0.5042190770025595,13.44715404510498,True,0.0,0.0,0.005555286537763782,0.010119961001836753,strong_evidence_gap
assist_09,degree_matched_random_support,0.5,42,query_seq_top5_q4_high,12141,0.7952169444565158,0.0025740992617034886,0.5009990669150746,0.004856696567650642,0.7977910437182193,0.4961423703474239,13.44715404510498,True,0.0,0.0,-0.008778564950994971,0.0015225356443721583,support_dependence_only
assist_09,degree_matched_random_support,0.5,42,multi_concept,8419,0.7467501590310046,0.004966512498824516,0.5560404780984242,0.007446642812509285,0.7517166715298291,0.5485938352859149,13.44715404510498,True,0.0,0.0,-0.011218260100813416,-0.004729382085202227,support_dependence_only
assist_09,degree_matched_random_support,0.5,42,direct_seen,49506,0.768576977276304,0.004000400062778242,0.5371856060970521,0.0021448161015175105,0.7725773773390823,0.5350407899955346,13.44715404510498,True,0.0,0.0,-0.002708551067175069,-0.0002113623142453336,support_dependence_only
assist_09,degree_matched_random_support,0.5,42,direct_unseen,1584,0.8120612909799338,0.005975895095297723,0.39754291523847063,0.0029707825333979976,0.8180371860752316,0.39457213270507263,13.44715404510498,True,0.0,0.0,-0.00205473566362141,0.002715177644161759,strong_evidence_gap
assist_09,degree_matched_random_support,0.5,42,direct_unseen_bridgeable,1584,0.8120612909799338,0.005975895095297723,0.39754291523847063,0.0029707825333979976,0.8180371860752316,0.39457213270507263,13.44715404510498,True,0.0,0.0,-0.00205473566362141,0.002715177644161759,strong_evidence_gap
assist_09,degree_matched_random_support,0.5,42,high_seq_support,12141,0.7952169444565158,0.0025740992617034886,0.5009990669150746,0.004856696567650642,0.7977910437182193,0.4961423703474239,13.44715404510498,True,0.0,0.0,-0.008778564950994971,0.0015225356443721583,support_dependence_only
assist_09,degree_matched_random_support,0.5,42,high_crg_mass,12637,0.7468357469217557,0.00490709455680971,0.5079449812373843,0.003725904234824773,0.7517428414785654,0.5042190770025595,13.44715404510498,True,0.0,0.0,0.005555286537763782,0.010119961001836753,strong_evidence_gap
assist_09,degree_matched_random_support,0.5,42,short_history,25670,0.7797151566883206,0.003186969407255602,0.5491329710322718,0.0011303881740780675,0.7829021260955762,0.5480025828581937,13.44715404510498,True,0.0,0.0,-0.012244199951429757,-0.007984426398851729,support_dependence_only
assist_09,degree_matched_random_support,0.5,42,long_history,25420,0.7521657089752516,0.0054502771432083374,0.5164191670645152,0.003220689261449472,0.7576159861184599,0.5131984778030657,13.44715404510498,True,0.0,0.0,0.008677748972003085,0.01052287234727144,strong_evidence_gap
assist_09,degree_matched_random_support,0.5,43,all,51090,0.7695193047525254,0.005443206817966173,0.5336441775656919,0.0029584933276068925,0.7749625115704916,0.530685684238085,13.439023971557617,True,0.0,0.0,-0.001181392166829187,0.00128768838467338,strong_evidence_gap
assist_09,degree_matched_random_support,0.5,43,graph_hits_history,50529,0.7692638443822969,0.005470554090580726,0.5334749996305757,0.0029933274745025384,0.7747343984728776,0.5304816721560731,13.439023971557617,True,0.0,0.0,-0.000996145282239813,0.001205054319276999,strong_evidence_gap
assist_09,degree_matched_random_support,0.5,43,high_support_mass,12637,0.747196274519799,0.004546566958766429,0.5081653782595152,0.00394630125695572,0.7517428414785654,0.5042190770025595,13.439023971557617,True,0.0,0.0,0.005555286537763782,0.010119961001836753,strong_evidence_gap
assist_09,degree_matched_random_support,0.5,43,query_seq_top5_q4_high,12141,0.7914943649356865,0.006296678782532816,0.5070860271567368,0.010943656809312863,0.7977910437182193,0.4961423703474239,13.439023971557617,True,0.0,0.0,-0.008778564950994971,0.0015225356443721583,support_dependence_only
assist_09,degree_matched_random_support,0.5,43,multi_concept,8419,0.7451774259324199,0.00653924559740926,0.5532567909627985,0.004662955676883573,0.7517166715298291,0.5485938352859149,13.439023971557617,True,0.0,0.0,-0.011218260100813416,-0.004729382085202227,support_dependence_only
assist_09,degree_matched_random_support,0.5,43,direct_seen,49506,0.7672475809178297,0.005329796421252531,0.5378699343923954,0.002829144396860772,0.7725773773390823,0.5350407899955346,13.439023971557617,True,0.0,0.0,-0.002708551067175069,-0.0002113623142453336,support_dependence_only
assist_09,degree_matched_random_support,0.5,43,direct_unseen,1584,0.806672182625711,0.011365003449520517,0.40157327007656285,0.007001137371490218,0.8180371860752316,0.39457213270507263,13.439023971557617,True,0.0,0.0,-0.00205473566362141,0.002715177644161759,strong_evidence_gap
assist_09,degree_matched_random_support,0.5,43,direct_unseen_bridgeable,1584,0.806672182625711,0.011365003449520517,0.40157327007656285,0.007001137371490218,0.8180371860752316,0.39457213270507263,13.439023971557617,True,0.0,0.0,-0.00205473566362141,0.002715177644161759,strong_evidence_gap
assist_09,degree_matched_random_support,0.5,43,high_seq_support,12141,0.7914943649356865,0.006296678782532816,0.5070860271567368,0.010943656809312863,0.7977910437182193,0.4961423703474239,13.439023971557617,True,0.0,0.0,-0.008778564950994971,0.0015225356443721583,support_dependence_only
assist_09,degree_matched_random_support,0.5,43,high_crg_mass,12637,0.747196274519799,0.004546566958766429,0.5081653782595152,0.00394630125695572,0.7517428414785654,0.5042190770025595,13.439023971557617,True,0.0,0.0,0.005555286537763782,0.010119961001836753,strong_evidence_gap
assist_09,degree_matched_random_support,0.5,43,short_history,25670,0.7768770433347968,0.006025082760779399,0.5510105326744038,0.0030079498162101093,0.7829021260955762,0.5480025828581937,13.439023971557617,True,0.0,0.0,-0.012244199951429757,-0.007984426398851729,support_dependence_only
assist_09,degree_matched_random_support,0.5,43,long_history,25420,0.7528508906800457,0.004765095438414191,0.5161070282485938,0.0029085504455280686,0.7576159861184599,0.5131984778030657,13.439023971557617,True,0.0,0.0,0.008677748972003085,0.01052287234727144,strong_evidence_gap
assist_09,degree_matched_random_support,0.5,44,all,51090,0.7693809805366774,0.005581531033814202,0.536506781263565,0.005821097025479949,0.7749625115704916,0.530685684238085,13.439023971557617,True,0.0,0.0,-0.001181392166829187,0.00128768838467338,strong_evidence_gap
assist_09,degree_matched_random_support,0.5,44,graph_hits_history,50529,0.7691546668659348,0.005579731606942806,0.5363317186232073,0.005850046467134162,0.7747343984728776,0.5304816721560731,13.439023971557617,True,0.0,0.0,-0.000996145282239813,0.001205054319276999,strong_evidence_gap
assist_09,degree_matched_random_support,0.5,44,high_support_mass,12637,0.7409760983450353,0.010766743133530099,0.5141625975163119,0.009943520513752357,0.7517428414785654,0.5042190770025595,13.439023971557617,True,0.0,0.0,0.005555286537763782,0.010119961001836753,strong_evidence_gap
assist_09,degree_matched_random_support,0.5,44,query_seq_top5_q4_high,12141,0.7834427710324017,0.01434827268581762,0.5126110050901184,0.016468634742694443,0.7977910437182193,0.4961423703474239,13.439023971557617,True,0.0,0.0,-0.008778564950994971,0.0015225356443721583,support_dependence_only
assist_09,degree_matched_random_support,0.5,44,multi_concept,8419,0.7376350521352141,0.014081619394615053,0.5626955197788549,0.014101684492940025,0.7517166715298291,0.5485938352859149,13.439023971557617,True,0.0,0.0,-0.011218260100813416,-0.004729382085202227,support_dependence_only
assist_09,degree_matched_random_support,0.5,44,direct_seen,49506,0.7671657393798477,0.005411637959234605,0.5407703499884389,0.005729559992904254,0.7725773773390823,0.5350407899955346,13.439023971557617,True,0.0,0.0,-0.002708551067175069,-0.0002113623142453336,support_dependence_only
assist_09,degree_matched_random_support,0.5,44,direct_unseen,1584,0.805555078160485,0.012482107914746576,0.40325410872972045,0.00868197602464782,0.8180371860752316,0.39457213270507263,13.439023971557617,True,0.0,0.0,-0.00205473566362141,0.002715177644161759,strong_evidence_gap
assist_09,degree_matched_random_support,0.5,44,direct_unseen_bridgeable,1584,0.805555078160485,0.012482107914746576,0.40325410872972045,0.00868197602464782,0.8180371860752316,0.39457213270507263,13.439023971557617,True,0.0,0.0,-0.00205473566362141,0.002715177644161759,strong_evidence_gap
assist_09,degree_matched_random_support,0.5,44,high_seq_support,12141,0.7834427710324017,0.01434827268581762,0.5126110050901184,0.016468634742694443,0.7977910437182193,0.4961423703474239,13.439023971557617,True,0.0,0.0,-0.008778564950994971,0.0015225356443721583,support_dependence_only
assist_09,degree_matched_random_support,0.5,44,high_crg_mass,12637,0.7409760983450353,0.010766743133530099,0.5141625975163119,0.009943520513752357,0.7517428414785654,0.5042190770025595,13.439023971557617,True,0.0,0.0,0.005555286537763782,0.010119961001836753,strong_evidence_gap
assist_09,degree_matched_random_support,0.5,44,short_history,25670,0.7782573276055248,0.004644798490051394,0.5528506902497505,0.004848107391556833,0.7829021260955762,0.5480025828581937,13.439023971557617,True,0.0,0.0,-0.012244199951429757,-0.007984426398851729,support_dependence_only
assist_09,degree_matched_random_support,0.5,44,long_history,25420,0.7505621702628545,0.007053815855605383,0.5200021335973422,0.006803655794276442,0.7576159861184599,0.5131984778030657,13.439023971557617,True,0.0,0.0,0.008677748972003085,0.01052287234727144,strong_evidence_gap
assist_09,degree_matched_random_support,0.5,45,all,51090,0.7714712407340092,0.003491270836482374,0.5333042353389282,0.0026185511008431916,0.7749625115704916,0.530685684238085,13.414633750915527,True,0.0,0.0,-0.001181392166829187,0.00128768838467338,strong_evidence_gap
assist_09,degree_matched_random_support,0.5,45,graph_hits_history,50529,0.7712699931517994,0.003464405321078168,0.5330697636473323,0.002588091491259159,0.7747343984728776,0.5304816721560731,13.414633750915527,True,0.0,0.0,-0.000996145282239813,0.001205054319276999,strong_evidence_gap
assist_09,degree_matched_random_support,0.5,45,high_support_mass,12637,0.7472326313029635,0.004510210175601936,0.5085848879479874,0.004365810945427873,0.7517428414785654,0.5042190770025595,13.414633750915527,True,0.0,0.0,0.005555286537763782,0.010119961001836753,strong_evidence_gap
assist_09,degree_matched_random_support,0.5,45,query_seq_top5_q4_high,12141,0.7936119479868018,0.004179095731417504,0.5016491528199473,0.005506782472523342,0.7977910437182193,0.4961423703474239,13.414633750915527,True,0.0,0.0,-0.008778564950994971,0.0015225356443721583,support_dependence_only
assist_09,degree_matched_random_support,0.5,45,multi_concept,8419,0.7488034322126693,0.0029132393171598103,0.5532720265050663,0.004678191219151473,0.7517166715298291,0.5485938352859149,13.414633750915527,True,0.0,0.0,-0.011218260100813416,-0.004729382085202227,support_dependence_only
assist_09,degree_matched_random_support,0.5,45,direct_seen,49506,0.7693077036157969,0.003269673723285349,0.5375223081823366,0.0024815181868019787,0.7725773773390823,0.5350407899955346,13.414633750915527,True,0.0,0.0,-0.002708551067175069,-0.0002113623142453336,support_dependence_only
assist_09,degree_matched_random_support,0.5,45,direct_unseen,1584,0.8064168444622308,0.01162034161300074,0.40147348143376704,0.006901348728694412,0.8180371860752316,0.39457213270507263,13.414633750915527,True,0.0,0.0,-0.00205473566362141,0.002715177644161759,strong_evidence_gap
assist_09,degree_matched_random_support,0.5,45,direct_unseen_bridgeable,1584,0.8064168444622308,0.01162034161300074,0.40147348143376704,0.006901348728694412,0.8180371860752316,0.39457213270507263,13.414633750915527,True,0.0,0.0,-0.00205473566362141,0.002715177644161759,strong_evidence_gap
assist_09,degree_matched_random_support,0.5,45,high_seq_support,12141,0.7936119479868018,0.004179095731417504,0.5016491528199473,0.005506782472523342,0.7977910437182193,0.4961423703474239,13.414633750915527,True,0.0,0.0,-0.008778564950994971,0.0015225356443721583,support_dependence_only
assist_09,degree_matched_random_support,0.5,45,high_crg_mass,12637,0.7472326313029635,0.004510210175601936,0.5085848879479874,0.004365810945427873,0.7517428414785654,0.5042190770025595,13.414633750915527,True,0.0,0.0,0.005555286537763782,0.010119961001836753,strong_evidence_gap
assist_09,degree_matched_random_support,0.5,45,short_history,25670,0.7787042666612553,0.0041978594343209386,0.5500582248067186,0.002055641948524922,0.7829021260955762,0.5480025828581937,13.414633750915527,True,0.0,0.0,-0.012244199951429757,-0.007984426398851729,support_dependence_only
assist_09,degree_matched_random_support,0.5,45,long_history,25420,0.7544980350175147,0.00311795110094526,0.5163854741415176,0.003186996338451875,0.7576159861184599,0.5131984778030657,13.414633750915527,True,0.0,0.0,0.008677748972003085,0.01052287234727144,strong_evidence_gap
assist_09,degree_matched_random_support,0.5,46,all,51090,0.7720077534089467,0.0029547581615448903,0.5347223786427424,0.0040366944046573705,0.7749625115704916,0.530685684238085,13.463414192199707,True,0.0,0.0,-0.001181392166829187,0.00128768838467338,strong_evidence_gap
assist_09,degree_matched_random_support,0.5,46,graph_hits_history,50529,0.7717167569829516,0.003017641489926004,0.5345946249909856,0.004112952834912531,0.7747343984728776,0.5304816721560731,13.463414192199707,True,0.0,0.0,-0.000996145282239813,0.001205054319276999,strong_evidence_gap
assist_09,degree_matched_random_support,0.5,46,high_support_mass,12637,0.7487346484743289,0.0030081930042364924,0.5081344009121976,0.003915323909638113,0.7517428414785654,0.5042190770025595,13.463414192199707,True,0.0,0.0,0.005555286537763782,0.010119961001836753,strong_evidence_gap
assist_09,degree_matched_random_support,0.5,46,query_seq_top5_q4_high,12141,0.7954385854627296,0.0023524582554896867,0.5016475793035454,0.005505208956121499,0.7977910437182193,0.4961423703474239,13.463414192199707,True,0.0,0.0,-0.008778564950994971,0.0015225356443721583,support_dependence_only
assist_09,degree_matched_random_support,0.5,46,multi_concept,8419,0.7493008039310749,0.002415867598754229,0.556950228508101,0.008356393222186176,0.7517166715298291,0.5485938352859149,13.463414192199707,True,0.0,0.0,-0.011218260100813416,-0.004729382085202227,support_dependence_only
assist_09,degree_matched_random_support,0.5,46,direct_seen,49506,0.7697970431428017,0.002780334196280543,0.5390026097128047,0.003961819717270054,0.7725773773390823,0.5350407899955346,13.463414192199707,True,0.0,0.0,-0.002708551067175069,-0.0002113623142453336,support_dependence_only
assist_09,degree_matched_random_support,0.5,46,direct_unseen,1584,0.8054102228562029,0.012626963219028675,0.40094894470682046,0.006376812001747834,0.8180371860752316,0.39457213270507263,13.463414192199707,True,0.0,0.0,-0.00205473566362141,0.002715177644161759,strong_evidence_gap
assist_09,degree_matched_random_support,0.5,46,direct_unseen_bridgeable,1584,0.8054102228562029,0.012626963219028675,0.40094894470682046,0.006376812001747834,0.8180371860752316,0.39457213270507263,13.463414192199707,True,0.0,0.0,-0.00205473566362141,0.002715177644161759,strong_evidence_gap
assist_09,degree_matched_random_support,0.5,46,high_seq_support,12141,0.7954385854627296,0.0023524582554896867,0.5016475793035454,0.005505208956121499,0.7977910437182193,0.4961423703474239,13.463414192199707,True,0.0,0.0,-0.008778564950994971,0.0015225356443721583,support_dependence_only
assist_09,degree_matched_random_support,0.5,46,high_crg_mass,12637,0.7487346484743289,0.0030081930042364924,0.5081344009121976,0.003915323909638113,0.7517428414785654,0.5042190770025595,13.463414192199707,True,0.0,0.0,0.005555286537763782,0.010119961001836753,strong_evidence_gap
assist_09,degree_matched_random_support,0.5,46,short_history,25670,0.7796175357557618,0.0032845903398144305,0.552211224603642,0.004208641745448327,0.7829021260955762,0.5480025828581937,13.463414192199707,True,0.0,0.0,-0.012244199951429757,-0.007984426398851729,support_dependence_only
assist_09,degree_matched_random_support,0.5,46,long_history,25420,0.7547514316891213,0.0028645544293386394,0.5170615338033919,0.003863056000326215,0.7576159861184599,0.5131984778030657,13.463414192199707,True,0.0,0.0,0.008677748972003085,0.01052287234727144,strong_evidence_gap
assist_09,degree_matched_random_support,0.75,42,all,51090,0.7679512854198173,0.007011226150674288,0.5366728609361786,0.005987176698093566,0.7749625115704916,0.530685684238085,13.479674339294434,True,0.0,0.0,-0.001181392166829187,0.00128768838467338,strong_evidence_gap
assist_09,degree_matched_random_support,0.75,42,graph_hits_history,50529,0.7676437401170304,0.0070906583558472125,0.5365125085508624,0.006030836394789296,0.7747343984728776,0.5304816721560731,13.479674339294434,True,0.0,0.0,-0.000996145282239813,0.001205054319276999,strong_evidence_gap
assist_09,degree_matched_random_support,0.75,42,high_support_mass,12637,0.7432917166834978,0.0084511247950676,0.5120539896651393,0.00783491266257974,0.7517428414785654,0.5042190770025595,13.479674339294434,True,0.0,0.0,0.005555286537763782,0.010119961001836753,strong_evidence_gap
assist_09,degree_matched_random_support,0.75,42,query_seq_top5_q4_high,12141,0.7909982733825217,0.006792770335697584,0.5066584268019768,0.010516056454552891,0.7977910437182193,0.4961423703474239,13.479674339294434,True,0.0,0.0,-0.008778564950994971,0.0015225356443721583,support_dependence_only
assist_09,degree_matched_random_support,0.75,42,multi_concept,8419,0.7309693518901181,0.020747319639710993,0.5671802350880991,0.01858639980218424,0.7517166715298291,0.5485938352859149,13.479674339294434,True,0.0,0.0,-0.011218260100813416,-0.004729382085202227,support_dependence_only
assist_09,degree_matched_random_support,0.75,42,direct_seen,49506,0.765623173502687,0.006954203836395223,0.5410272109964785,0.005986421000943931,0.7725773773390823,0.5350407899955346,13.479674339294434,True,0.0,0.0,-0.002708551067175069,-0.0002113623142453336,support_dependence_only
assist_09,degree_matched_random_support,0.75,42,direct_unseen,1584,0.805780954228179,0.012256231847052601,0.40058292780157573,0.0060107950965030965,0.8180371860752316,0.39457213270507263,13.479674339294434,True,0.0,0.0,-0.00205473566362141,0.002715177644161759,strong_evidence_gap
assist_09,degree_matched_random_support,0.75,42,direct_unseen_bridgeable,1584,0.805780954228179,0.012256231847052601,0.40058292780157573,0.0060107950965030965,0.8180371860752316,0.39457213270507263,13.479674339294434,True,0.0,0.0,-0.00205473566362141,0.002715177644161759,strong_evidence_gap
assist_09,degree_matched_random_support,0.75,42,high_seq_support,12141,0.7909982733825217,0.006792770335697584,0.5066584268019768,0.010516056454552891,0.7977910437182193,0.4961423703474239,13.479674339294434,True,0.0,0.0,-0.008778564950994971,0.0015225356443721583,support_dependence_only
assist_09,degree_matched_random_support,0.75,42,high_crg_mass,12637,0.7432917166834978,0.0084511247950676,0.5120539896651393,0.00783491266257974,0.7517428414785654,0.5042190770025595,13.479674339294434,True,0.0,0.0,0.005555286537763782,0.010119961001836753,strong_evidence_gap
assist_09,degree_matched_random_support,0.75,42,short_history,25670,0.776882836729567,0.006019289366009151,0.553510673381337,0.005508090523143272,0.7829021260955762,0.5480025828581937,13.479674339294434,True,0.0,0.0,-0.012244199951429757,-0.007984426398851729,support_dependence_only
assist_09,degree_matched_random_support,0.75,42,long_history,25420,0.7488655770636177,0.008750409054842256,0.5196694523812134,0.006470974578147715,0.7576159861184599,0.5131984778030657,13.479674339294434,True,0.0,0.0,0.008677748972003085,0.01052287234727144,strong_evidence_gap
assist_09,degree_matched_random_support,0.75,43,all,51090,0.7653112719818126,0.009651239588678973,0.5365185402343716,0.005832855996286579,0.7749625115704916,0.530685684238085,13.512195587158203,True,0.0,0.0,-0.001181392166829187,0.00128768838467338,strong_evidence_gap
assist_09,degree_matched_random_support,0.75,43,graph_hits_history,50529,0.76486915158074,0.009865246892137636,0.5364584979863405,0.005976825830267374,0.7747343984728776,0.5304816721560731,13.512195587158203,True,0.0,0.0,-0.000996145282239813,0.001205054319276999,strong_evidence_gap
assist_09,degree_matched_random_support,0.75,43,high_support_mass,12637,0.7371735379831664,0.014569303495398978,0.5149197829802804,0.010700705977720881,0.7517428414785654,0.5042190770025595,13.512195587158203,True,0.0,0.0,0.005555286537763782,0.010119961001836753,strong_evidence_gap
assist_09,degree_matched_random_support,0.75,43,query_seq_top5_q4_high,12141,0.7844704574203354,0.013320586297883907,0.5124730985684298,0.016330728221005897,0.7977910437182193,0.4961423703474239,13.512195587158203,True,0.0,0.0,-0.008778564950994971,0.0015225356443721583,support_dependence_only
assist_09,degree_matched_random_support,0.75,43,multi_concept,8419,0.7339779911772418,0.0177386803525873,0.568879488027856,0.020285652741941163,0.7517166715298291,0.5485938352859149,13.512195587158203,True,0.0,0.0,-0.011218260100813416,-0.004729382085202227,support_dependence_only
assist_09,degree_matched_random_support,0.75,43,direct_seen,49506,0.7631122509357993,0.009465126403283008,0.5407329761203261,0.0056921861247914984,0.7725773773390823,0.5350407899955346,13.512195587158203,True,0.0,0.0,-0.002708551067175069,-0.0002113623142453336,support_dependence_only
assist_09,degree_matched_random_support,0.75,43,direct_unseen,1584,0.8017691988519603,0.016267987223271274,0.40480145502600073,0.010229322320928103,0.8180371860752316,0.39457213270507263,13.512195587158203,True,0.0,0.0,-0.00205473566362141,0.002715177644161759,strong_evidence_gap
assist_09,degree_matched_random_support,0.75,43,direct_unseen_bridgeable,1584,0.8017691988519603,0.016267987223271274,0.40480145502600073,0.010229322320928103,0.8180371860752316,0.39457213270507263,13.512195587158203,True,0.0,0.0,-0.00205473566362141,0.002715177644161759,strong_evidence_gap
assist_09,degree_matched_random_support,0.75,43,high_seq_support,12141,0.7844704574203354,0.013320586297883907,0.5124730985684298,0.016330728221005897,0.7977910437182193,0.4961423703474239,13.512195587158203,True,0.0,0.0,-0.008778564950994971,0.0015225356443721583,support_dependence_only
assist_09,degree_matched_random_support,0.75,43,high_crg_mass,12637,0.7371735379831664,0.014569303495398978,0.5149197829802804,0.010700705977720881,0.7517428414785654,0.5042190770025595,13.512195587158203,True,0.0,0.0,0.005555286537763782,0.010119961001836753,strong_evidence_gap
assist_09,degree_matched_random_support,0.75,43,short_history,25670,0.7737705473038523,0.009131578791723882,0.5530487469525925,0.005046164094398842,0.7829021260955762,0.5480025828581937,13.512195587158203,True,0.0,0.0,-0.012244199951429757,-0.007984426398851729,support_dependence_only
assist_09,degree_matched_random_support,0.75,43,long_history,25420,0.7465927163217683,0.01102326979669166,0.519825762639693,0.006627284836627334,0.7576159861184599,0.5131984778030657,13.512195587158203,True,0.0,0.0,0.008677748972003085,0.01052287234727144,strong_evidence_gap
assist_09,degree_matched_random_support,0.75,44,all,51090,0.7662028443846007,0.00875966718589083,0.5372516835501093,0.006565999312024284,0.7749625115704916,0.530685684238085,13.50406551361084,True,0.0,0.0,-0.001181392166829187,0.00128768838467338,strong_evidence_gap
assist_09,degree_matched_random_support,0.75,44,graph_hits_history,50529,0.7660498691456735,0.008684529327204094,0.5370557575592736,0.00657408540320048,0.7747343984728776,0.5304816721560731,13.50406551361084,True,0.0,0.0,-0.000996145282239813,0.001205054319276999,strong_evidence_gap
assist_09,degree_matched_random_support,0.75,44,high_support_mass,12637,0.744567858675576,0.007174982802989449,0.5106395189235519,0.006420441920992337,0.7517428414785654,0.5042190770025595,13.50406551361084,True,0.0,0.0,0.005555286537763782,0.010119961001836753,strong_evidence_gap
assist_09,degree_matched_random_support,0.75,44,query_seq_top5_q4_high,12141,0.7879714595609033,0.009819584157315986,0.5057052981473655,0.009562927799941612,0.7977910437182193,0.4961423703474239,13.50406551361084,True,0.0,0.0,-0.008778564950994971,0.0015225356443721583,support_dependence_only
assist_09,degree_matched_random_support,0.75,44,multi_concept,8419,0.7452263991591883,0.006490272370640815,0.5601916890077092,0.011597853721794338,0.7517166715298291,0.5485938352859149,13.50406551361084,True,0.0,0.0,-0.011218260100813416,-0.004729382085202227,support_dependence_only
assist_09,degree_matched_random_support,0.75,44,direct_seen,49506,0.76391064510376,0.008666732235322216,0.5415025548629031,0.006461764867368491,0.7725773773390823,0.5350407899955346,13.50406551361084,True,0.0,0.0,-0.002708551067175069,-0.0002113623142453336,support_dependence_only
assist_09,degree_matched_random_support,0.75,44,direct_unseen,1584,0.8009909084882754,0.017046277586956204,0.4043958532400273,0.009823720534954672,0.8180371860752316,0.39457213270507263,13.50406551361084,True,0.0,0.0,-0.00205473566362141,0.002715177644161759,strong_evidence_gap
assist_09,degree_matched_random_support,0.75,44,direct_unseen_bridgeable,1584,0.8009909084882754,0.017046277586956204,0.4043958532400273,0.009823720534954672,0.8180371860752316,0.39457213270507263,13.50406551361084,True,0.0,0.0,-0.00205473566362141,0.002715177644161759,strong_evidence_gap
assist_09,degree_matched_random_support,0.75,44,high_seq_support,12141,0.7879714595609033,0.009819584157315986,0.5057052981473655,0.009562927799941612,0.7977910437182193,0.4961423703474239,13.50406551361084,True,0.0,0.0,-0.008778564950994971,0.0015225356443721583,support_dependence_only
assist_09,degree_matched_random_support,0.75,44,high_crg_mass,12637,0.744567858675576,0.007174982802989449,0.5106395189235519,0.006420441920992337,0.7517428414785654,0.5042190770025595,13.50406551361084,True,0.0,0.0,0.005555286537763782,0.010119961001836753,strong_evidence_gap
assist_09,degree_matched_random_support,0.75,44,short_history,25670,0.7740424512690735,0.00885967482650274,0.5546387259710815,0.006636143112887849,0.7829021260955762,0.5480025828581937,13.50406551361084,True,0.0,0.0,-0.012244199951429757,-0.007984426398851729,support_dependence_only
assist_09,degree_matched_random_support,0.75,44,long_history,25420,0.7485106173985758,0.0091053687198841,0.5196936434656734,0.00649516566260766,0.7576159861184599,0.5131984778030657,13.50406551361084,True,0.0,0.0,0.008677748972003085,0.01052287234727144,strong_evidence_gap
assist_09,degree_matched_random_support,0.75,45,all,51090,0.7662962292154426,0.00866628235504896,0.5365079571604155,0.005822272922330507,0.7749625115704916,0.530685684238085,13.479674339294434,True,0.0,0.0,-0.001181392166829187,0.00128768838467338,strong_evidence_gap
assist_09,degree_matched_random_support,0.75,45,graph_hits_history,50529,0.7661492471897535,0.008585151283124093,0.5362054451259436,0.005723772969870478,0.7747343984728776,0.5304816721560731,13.479674339294434,True,0.0,0.0,-0.000996145282239813,0.001205054319276999,strong_evidence_gap
assist_09,degree_matched_random_support,0.75,45,high_support_mass,12637,0.7431074281192687,0.00863541335929674,0.5109660135368318,0.006746936534272274,0.7517428414785654,0.5042190770025595,13.479674339294434,True,0.0,0.0,0.005555286537763782,0.010119961001836753,strong_evidence_gap
assist_09,degree_matched_random_support,0.75,45,query_seq_top5_q4_high,12141,0.7871495872234506,0.010641456494768664,0.5066698839683265,0.01052751362090254,0.7977910437182193,0.4961423703474239,13.479674339294434,True,0.0,0.0,-0.008778564950994971,0.0015225356443721583,support_dependence_only
assist_09,degree_matched_random_support,0.75,45,multi_concept,8419,0.7341955291946889,0.01752114233514024,0.5616779088241342,0.013084073538219276,0.7517166715298291,0.5485938352859149,13.479674339294434,True,0.0,0.0,-0.011218260100813416,-0.004729382085202227,support_dependence_only
assist_09,degree_matched_random_support,0.75,45,direct_seen,49506,0.763862725585634,0.008714651753448321,0.5407306963677729,0.005689906372238318,0.7725773773390823,0.5350407899955346,13.479674339294434,True,0.0,0.0,-0.002708551067175069,-0.0002113623142453336,support_dependence_only
assist_09,degree_matched_random_support,0.75,45,direct_unseen,1584,0.8057244852112554,0.012312700863976178,0.4045313617062242,0.009959229001151593,0.8180371860752316,0.39457213270507263,13.479674339294434,True,0.0,0.0,-0.00205473566362141,0.002715177644161759,strong_evidence_gap
assist_09,degree_matched_random_support,0.75,45,direct_unseen_bridgeable,1584,0.8057244852112554,0.012312700863976178,0.4045313617062242,0.009959229001151593,0.8180371860752316,0.39457213270507263,13.479674339294434,True,0.0,0.0,-0.00205473566362141,0.002715177644161759,strong_evidence_gap
assist_09,degree_matched_random_support,0.75,45,high_seq_support,12141,0.7871495872234506,0.010641456494768664,0.5066698839683265,0.01052751362090254,0.7977910437182193,0.4961423703474239,13.479674339294434,True,0.0,0.0,-0.008778564950994971,0.0015225356443721583,support_dependence_only
assist_09,degree_matched_random_support,0.75,45,high_crg_mass,12637,0.7431074281192687,0.00863541335929674,0.5109660135368318,0.006746936534272274,0.7517428414785654,0.5042190770025595,13.479674339294434,True,0.0,0.0,0.005555286537763782,0.010119961001836753,strong_evidence_gap
assist_09,degree_matched_random_support,0.75,45,short_history,25670,0.7730802920411426,0.009821834054433598,0.554303567324617,0.006300984466423354,0.7829021260955762,0.5480025828581937,13.479674339294434,True,0.0,0.0,-0.012244199951429757,-0.007984426398851729,support_dependence_only
assist_09,degree_matched_random_support,0.75,45,long_history,25420,0.7497887330649713,0.007827253053488636,0.5185373311606101,0.00533885335754436,0.7576159861184599,0.5131984778030657,13.479674339294434,True,0.0,0.0,0.008677748972003085,0.01052287234727144,strong_evidence_gap
assist_09,degree_matched_random_support,0.75,46,all,51090,0.7655863001302224,0.009376211440269122,0.537626683038101,0.006940998800015974,0.7749625115704916,0.530685684238085,13.50406551361084,True,0.0,0.0,-0.001181392166829187,0.00128768838467338,strong_evidence_gap
assist_09,degree_matched_random_support,0.75,46,graph_hits_history,50529,0.7652116114158543,0.009522787057023363,0.5375101539620213,0.007028481805948172,0.7747343984728776,0.5304816721560731,13.50406551361084,True,0.0,0.0,-0.000996145282239813,0.001205054319276999,strong_evidence_gap
assist_09,degree_matched_random_support,0.75,46,high_support_mass,12637,0.7415887920543857,0.010154049424179745,0.51302761912825,0.008808542125690488,0.7517428414785654,0.5042190770025595,13.50406551361084,True,0.0,0.0,0.005555286537763782,0.010119961001836753,strong_evidence_gap
assist_09,degree_matched_random_support,0.75,46,query_seq_top5_q4_high,12141,0.7886417430660596,0.009149300652159686,0.5077230904829787,0.011580720135554778,0.7977910437182193,0.4961423703474239,13.50406551361084,True,0.0,0.0,-0.008778564950994971,0.0015225356443721583,support_dependence_only
assist_09,degree_matched_random_support,0.75,46,multi_concept,8419,0.738207389845642,0.01350928168418708,0.5620974853376617,0.013503650051746807,0.7517166715298291,0.5485938352859149,13.50406551361084,True,0.0,0.0,-0.011218260100813416,-0.004729382085202227,support_dependence_only
assist_09,degree_matched_random_support,0.75,46,direct_seen,49506,0.7630489712191193,0.009528406119962973,0.5420200631967126,0.006979273201177971,0.7725773773390823,0.5350407899955346,13.50406551361084,True,0.0,0.0,-0.002708551067175069,-0.0002113623142453336,support_dependence_only
assist_09,degree_matched_random_support,0.75,46,direct_unseen,1584,0.808482873929237,0.009554312145994559,0.4003169114899812,0.0057447787849085885,0.8180371860752316,0.39457213270507263,13.50406551361084,True,0.0,0.0,-0.00205473566362141,0.002715177644161759,strong_evidence_gap
assist_09,degree_matched_random_support,0.75,46,direct_unseen_bridgeable,1584,0.808482873929237,0.009554312145994559,0.4003169114899812,0.0057447787849085885,0.8180371860752316,0.39457213270507263,13.50406551361084,True,0.0,0.0,-0.00205473566362141,0.002715177644161759,strong_evidence_gap
assist_09,degree_matched_random_support,0.75,46,high_seq_support,12141,0.7886417430660596,0.009149300652159686,0.5077230904829787,0.011580720135554778,0.7977910437182193,0.4961423703474239,13.50406551361084,True,0.0,0.0,-0.008778564950994971,0.0015225356443721583,support_dependence_only
assist_09,degree_matched_random_support,0.75,46,high_crg_mass,12637,0.7415887920543857,0.010154049424179745,0.51302761912825,0.008808542125690488,0.7517428414785654,0.5042190770025595,13.50406551361084,True,0.0,0.0,0.005555286537763782,0.010119961001836753,strong_evidence_gap
assist_09,degree_matched_random_support,0.75,46,short_history,25670,0.7732428225766033,0.009659303518972928,0.5548389217639453,0.006836338905751638,0.7829021260955762,0.5480025828581937,13.50406551361084,True,0.0,0.0,-0.012244199951429757,-0.007984426398851729,support_dependence_only
assist_09,degree_matched_random_support,0.75,46,long_history,25420,0.7479977772478402,0.009618208870619704,0.5202451658039378,0.007046688000872048,0.7576159861184599,0.5131984778030657,13.50406551361084,True,0.0,0.0,0.008677748972003085,0.01052287234727144,strong_evidence_gap
assist_09,degree_matched_random_support,1.0,42,all,51090,0.7589214048366931,0.016041106733798438,0.5388481090536202,0.008162424815535196,0.7749625115704916,0.530685684238085,13.463414192199707,True,0.0,0.0,-0.001181392166829187,0.00128768838467338,strong_evidence_gap
assist_09,degree_matched_random_support,1.0,42,graph_hits_history,50529,0.7590817793453577,0.015652619127519918,0.5383407284872778,0.00785905633120465,0.7747343984728776,0.5304816721560731,13.463414192199707,True,0.0,0.0,-0.000996145282239813,0.001205054319276999,strong_evidence_gap
assist_09,degree_matched_random_support,1.0,42,high_support_mass,12637,0.7383785731644976,0.013364268314067784,0.5132610450500539,0.009041968047494353,0.7517428414785654,0.5042190770025595,13.463414192199707,True,0.0,0.0,0.005555286537763782,0.010119961001836753,strong_evidence_gap
assist_09,degree_matched_random_support,1.0,42,query_seq_top5_q4_high,12141,0.7756967566734239,0.022094287044795435,0.510649582547242,0.014507212199818098,0.7977910437182193,0.4961423703474239,13.463414192199707,True,0.0,0.0,-0.008778564950994971,0.0015225356443721583,support_dependence_only
assist_09,degree_matched_random_support,1.0,42,multi_concept,8419,0.7349347236885205,0.016781947841308598,0.5601308195507606,0.011536984264845729,0.7517166715298291,0.5485938352859149,13.463414192199707,True,0.0,0.0,-0.011218260100813416,-0.004729382085202227,support_dependence_only
assist_09,degree_matched_random_support,1.0,42,direct_seen,49506,0.7565968257469242,0.015980551592158054,0.5429029784740789,0.007862188478544252,0.7725773773390823,0.5350407899955346,13.463414192199707,True,0.0,0.0,-0.002708551067175069,-0.0002113623142453336,support_dependence_only
assist_09,degree_matched_random_support,1.0,42,direct_unseen,1584,0.7948063235478255,0.023230862527406027,0.41211808031042424,0.01754594760535161,0.8180371860752316,0.39457213270507263,13.463414192199707,True,0.0,0.0,-0.00205473566362141,0.002715177644161759,strong_evidence_gap
assist_09,degree_matched_random_support,1.0,42,direct_unseen_bridgeable,1584,0.7948063235478255,0.023230862527406027,0.41211808031042424,0.01754594760535161,0.8180371860752316,0.39457213270507263,13.463414192199707,True,0.0,0.0,-0.00205473566362141,0.002715177644161759,strong_evidence_gap
assist_09,degree_matched_random_support,1.0,42,high_seq_support,12141,0.7756967566734239,0.022094287044795435,0.510649582547242,0.014507212199818098,0.7977910437182193,0.4961423703474239,13.463414192199707,True,0.0,0.0,-0.008778564950994971,0.0015225356443721583,support_dependence_only
assist_09,degree_matched_random_support,1.0,42,high_crg_mass,12637,0.7383785731644976,0.013364268314067784,0.5132610450500539,0.009041968047494353,0.7517428414785654,0.5042190770025595,13.463414192199707,True,0.0,0.0,0.005555286537763782,0.010119961001836753,strong_evidence_gap
assist_09,degree_matched_random_support,1.0,42,short_history,25670,0.7644484620620977,0.01845366403347848,0.5568875923741989,0.008885009516005238,0.7829021260955762,0.5480025828581937,13.463414192199707,True,0.0,0.0,-0.012244199951429757,-0.007984426398851729,support_dependence_only
assist_09,degree_matched_random_support,1.0,42,long_history,25420,0.7435441338649789,0.014071852253481065,0.5206312114596291,0.007432733656563384,0.7576159861184599,0.5131984778030657,13.463414192199707,True,0.0,0.0,0.008677748972003085,0.01052287234727144,strong_evidence_gap
assist_09,degree_matched_random_support,1.0,43,all,51090,0.7599240605492932,0.015038451021198385,0.538838193260924,0.008152509022838927,0.7749625115704916,0.530685684238085,13.455284118652344,True,0.0,0.0,-0.001181392166829187,0.00128768838467338,strong_evidence_gap
assist_09,degree_matched_random_support,1.0,43,graph_hits_history,50529,0.7596886999700236,0.015045698502853977,0.5385930937278048,0.008111421571731725,0.7747343984728776,0.5304816721560731,13.455284118652344,True,0.0,0.0,-0.000996145282239813,0.001205054319276999,strong_evidence_gap
assist_09,degree_matched_random_support,1.0,43,high_support_mass,12637,0.737962313201274,0.01378052827729137,0.5131913190455354,0.008972242042975864,0.7517428414785654,0.5042190770025595,13.455284118652344,True,0.0,0.0,0.005555286537763782,0.010119961001836753,strong_evidence_gap
assist_09,degree_matched_random_support,1.0,43,query_seq_top5_q4_high,12141,0.7838700193047504,0.013921024413468874,0.5050927443986403,0.008950374051216348,0.7977910437182193,0.4961423703474239,13.455284118652344,True,0.0,0.0,-0.008778564950994971,0.0015225356443721583,support_dependence_only
assist_09,degree_matched_random_support,1.0,43,multi_concept,8419,0.7344959832016552,0.017220688328173916,0.5615935179349026,0.012999682648987765,0.7517166715298291,0.5485938352859149,13.455284118652344,True,0.0,0.0,-0.011218260100813416,-0.004729382085202227,support_dependence_only
assist_09,degree_matched_random_support,1.0,43,direct_seen,49506,0.7578165428055244,0.01476083453355792,0.5427290964914357,0.007688306495901132,0.7725773773390823,0.5350407899955346,13.455284118652344,True,0.0,0.0,-0.002708551067175069,-0.0002113623142453336,support_dependence_only
assist_09,degree_matched_random_support,1.0,43,direct_unseen,1584,0.7903796436559515,0.02765754241928009,0.41723272903761977,0.022660596332547134,0.8180371860752316,0.39457213270507263,13.455284118652344,True,0.0,0.0,-0.00205473566362141,0.002715177644161759,strong_evidence_gap
assist_09,degree_matched_random_support,1.0,43,direct_unseen_bridgeable,1584,0.7903796436559515,0.02765754241928009,0.41723272903761977,0.022660596332547134,0.8180371860752316,0.39457213270507263,13.455284118652344,True,0.0,0.0,-0.00205473566362141,0.002715177644161759,strong_evidence_gap
assist_09,degree_matched_random_support,1.0,43,high_seq_support,12141,0.7838700193047504,0.013921024413468874,0.5050927443986403,0.008950374051216348,0.7977910437182193,0.4961423703474239,13.455284118652344,True,0.0,0.0,-0.008778564950994971,0.0015225356443721583,support_dependence_only
assist_09,degree_matched_random_support,1.0,43,high_crg_mass,12637,0.737962313201274,0.01378052827729137,0.5131913190455354,0.008972242042975864,0.7517428414785654,0.5042190770025595,13.455284118652344,True,0.0,0.0,0.005555286537763782,0.010119961001836753,strong_evidence_gap
assist_09,degree_matched_random_support,1.0,43,short_history,25670,0.7660022135739253,0.016899912521650906,0.5574837481707263,0.009481165312532625,0.7829021260955762,0.5480025828581937,13.455284118652344,True,0.0,0.0,-0.012244199951429757,-0.007984426398851729,support_dependence_only
assist_09,degree_matched_random_support,1.0,43,long_history,25420,0.744208524956626,0.013407461161833889,0.5200092634995302,0.006810785696464539,0.7576159861184599,0.5131984778030657,13.455284118652344,True,0.0,0.0,0.008677748972003085,0.01052287234727144,strong_evidence_gap
assist_09,degree_matched_random_support,1.0,44,all,51090,0.761318659203322,0.013643852367169584,0.5370712773386794,0.006385593100594389,0.7749625115704916,0.530685684238085,13.520325660705566,True,0.0,0.0,-0.001181392166829187,0.00128768838467338,strong_evidence_gap
assist_09,degree_matched_random_support,1.0,44,graph_hits_history,50529,0.7610461138872263,0.0136882845856513,0.5368929407748951,0.006411268618822019,0.7747343984728776,0.5304816721560731,13.520325660705566,True,0.0,0.0,-0.000996145282239813,0.001205054319276999,strong_evidence_gap
assist_09,degree_matched_random_support,1.0,44,high_support_mass,12637,0.7426085305111229,0.00913431096744255,0.5105092065936468,0.006290129591087323,0.7517428414785654,0.5042190770025595,13.520325660705566,True,0.0,0.0,0.005555286537763782,0.010119961001836753,strong_evidence_gap
assist_09,degree_matched_random_support,1.0,44,query_seq_top5_q4_high,12141,0.7838832853158874,0.013907758402331938,0.5038251022749363,0.007682731927512343,0.7977910437182193,0.4961423703474239,13.520325660705566,True,0.0,0.0,-0.008778564950994971,0.0015225356443721583,support_dependence_only
assist_09,degree_matched_random_support,1.0,44,multi_concept,8419,0.7397911163001407,0.011925555229688412,0.557216320796097,0.008622485510182076,0.7517166715298291,0.5485938352859149,13.520325660705566,True,0.0,0.0,-0.011218260100813416,-0.004729382085202227,support_dependence_only
assist_09,degree_matched_random_support,1.0,44,direct_seen,49506,0.7590548659641495,0.013522511374932766,0.5409993368007388,0.005958546805204135,0.7725773773390823,0.5350407899955346,13.520325660705566,True,0.0,0.0,-0.002708551067175069,-0.0002113623142453336,support_dependence_only
assist_09,degree_matched_random_support,1.0,44,direct_unseen,1584,0.7911677547182319,0.026869431356999707,0.4143045401362108,0.019732407431138188,0.8180371860752316,0.39457213270507263,13.520325660705566,True,0.0,0.0,-0.00205473566362141,0.002715177644161759,strong_evidence_gap
assist_09,degree_matched_random_support,1.0,44,direct_unseen_bridgeable,1584,0.7911677547182319,0.026869431356999707,0.4143045401362108,0.019732407431138188,0.8180371860752316,0.39457213270507263,13.520325660705566,True,0.0,0.0,-0.00205473566362141,0.002715177644161759,strong_evidence_gap
assist_09,degree_matched_random_support,1.0,44,high_seq_support,12141,0.7838832853158874,0.013907758402331938,0.5038251022749363,0.007682731927512343,0.7977910437182193,0.4961423703474239,13.520325660705566,True,0.0,0.0,-0.008778564950994971,0.0015225356443721583,support_dependence_only
assist_09,degree_matched_random_support,1.0,44,high_crg_mass,12637,0.7426085305111229,0.00913431096744255,0.5105092065936468,0.006290129591087323,0.7517428414785654,0.5042190770025595,13.520325660705566,True,0.0,0.0,0.005555286537763782,0.010119961001836753,strong_evidence_gap
assist_09,degree_matched_random_support,1.0,44,short_history,25670,0.7689435086267153,0.013958617468860846,0.553266074813539,0.005263491955345256,0.7829021260955762,0.5480025828581937,13.520325660705566,True,0.0,0.0,-0.012244199951429757,-0.007984426398851729,support_dependence_only
assist_09,degree_matched_random_support,1.0,44,long_history,25420,0.7434014118662233,0.0142145742522366,0.5207172076620611,0.007518729858995377,0.7576159861184599,0.5131984778030657,13.520325660705566,True,0.0,0.0,0.008677748972003085,0.01052287234727144,strong_evidence_gap
assist_09,degree_matched_random_support,1.0,45,all,51090,0.7615098722656928,0.013452639304798786,0.5366893389277675,0.006003654689682447,0.7749625115704916,0.530685684238085,13.49593448638916,True,0.0,0.0,-0.001181392166829187,0.00128768838467338,strong_evidence_gap
assist_09,degree_matched_random_support,1.0,45,graph_hits_history,50529,0.7613767329117983,0.013357665561079313,0.5363952669670266,0.0059135948109534375,0.7747343984728776,0.5304816721560731,13.49593448638916,True,0.0,0.0,-0.000996145282239813,0.001205054319276999,strong_evidence_gap
assist_09,degree_matched_random_support,1.0,45,high_support_mass,12637,0.7413710924255588,0.01037174905300664,0.5118378181926141,0.007618741190054568,0.7517428414785654,0.5042190770025595,13.49593448638916,True,0.0,0.0,0.005555286537763782,0.010119961001836753,strong_evidence_gap
assist_09,degree_matched_random_support,1.0,45,query_seq_top5_q4_high,12141,0.7868895161418087,0.010901527576410608,0.5027405899649156,0.00659821961749163,0.7977910437182193,0.4961423703474239,13.49593448638916,True,0.0,0.0,-0.008778564950994971,0.0015225356443721583,support_dependence_only
assist_09,degree_matched_random_support,1.0,45,multi_concept,8419,0.7393545185860384,0.012362152943790727,0.5579524042695131,0.009358568983598214,0.7517166715298291,0.5485938352859149,13.49593448638916,True,0.0,0.0,-0.011218260100813416,-0.004729382085202227,support_dependence_only
assist_09,degree_matched_random_support,1.0,45,direct_seen,49506,0.7592338884547767,0.013343488884305588,0.5405370847971145,0.005496294801579871,0.7725773773390823,0.5350407899955346,13.49593448638916,True,0.0,0.0,-0.002708551067175069,-0.0002113623142453336,support_dependence_only
assist_09,degree_matched_random_support,1.0,45,direct_unseen,1584,0.7952752619057557,0.022761924169475867,0.4164327057157094,0.021860573010636764,0.8180371860752316,0.39457213270507263,13.49593448638916,True,0.0,0.0,-0.00205473566362141,0.002715177644161759,strong_evidence_gap
assist_09,degree_matched_random_support,1.0,45,direct_unseen_bridgeable,1584,0.7952752619057557,0.022761924169475867,0.4164327057157094,0.021860573010636764,0.8180371860752316,0.39457213270507263,13.49593448638916,True,0.0,0.0,-0.00205473566362141,0.002715177644161759,strong_evidence_gap
assist_09,degree_matched_random_support,1.0,45,high_seq_support,12141,0.7868895161418087,0.010901527576410608,0.5027405899649156,0.00659821961749163,0.7977910437182193,0.4961423703474239,13.49593448638916,True,0.0,0.0,-0.008778564950994971,0.0015225356443721583,support_dependence_only
assist_09,degree_matched_random_support,1.0,45,high_crg_mass,12637,0.7413710924255588,0.01037174905300664,0.5118378181926141,0.007618741190054568,0.7517428414785654,0.5042190770025595,13.49593448638916,True,0.0,0.0,0.005555286537763782,0.010119961001836753,strong_evidence_gap
assist_09,degree_matched_random_support,1.0,45,short_history,25670,0.7678718548749639,0.01503027122061229,0.553034512916937,0.00503193005874325,0.7829021260955762,0.5480025828581937,13.49593448638916,True,0.0,0.0,-0.012244199951429757,-0.007984426398851729,support_dependence_only
assist_09,degree_matched_random_support,1.0,45,long_history,25420,0.7452095279500899,0.01240645816837005,0.52018341381754,0.006984936014474252,0.7576159861184599,0.5131984778030657,13.49593448638916,True,0.0,0.0,0.008677748972003085,0.01052287234727144,strong_evidence_gap
assist_09,degree_matched_random_support,1.0,46,all,51090,0.7603515122806486,0.014610999289842996,0.5372466747458955,0.006560990507810449,0.7749625115704916,0.530685684238085,13.463414192199707,True,0.0,0.0,-0.001181392166829187,0.00128768838467338,strong_evidence_gap
assist_09,degree_matched_random_support,1.0,46,graph_hits_history,50529,0.7605076497508445,0.014226748722033111,0.5367279476931691,0.006246275537096002,0.7747343984728776,0.5304816721560731,13.463414192199707,True,0.0,0.0,-0.000996145282239813,0.001205054319276999,strong_evidence_gap
assist_09,degree_matched_random_support,1.0,46,high_support_mass,12637,0.7422093620165879,0.009533479461977468,0.511296406548385,0.007077329545825517,0.7517428414785654,0.5042190770025595,13.463414192199707,True,0.0,0.0,0.005555286537763782,0.010119961001836753,strong_evidence_gap
assist_09,degree_matched_random_support,1.0,46,query_seq_top5_q4_high,12141,0.7861461900429583,0.011644853675261024,0.5024981722133653,0.006355801865941424,0.7977910437182193,0.4961423703474239,13.463414192199707,True,0.0,0.0,-0.008778564950994971,0.0015225356443721583,support_dependence_only
assist_09,degree_matched_random_support,1.0,46,multi_concept,8419,0.7411662484843765,0.010550423045452617,0.5554953302717686,0.0069014949858536845,0.7517166715298291,0.5485938352859149,13.463414192199707,True,0.0,0.0,-0.011218260100813416,-0.004729382085202227,support_dependence_only
assist_09,degree_matched_random_support,1.0,46,direct_seen,49506,0.7580565036624106,0.014520873676671653,0.5411902817612303,0.0061494917656956805,0.7725773773390823,0.5350407899955346,13.463414192199707,True,0.0,0.0,-0.002708551067175069,-0.0002113623142453336,support_dependence_only
assist_09,degree_matched_random_support,1.0,46,direct_unseen,1584,0.7944036749054145,0.023633511169817045,0.41399401761131616,0.019421884906243525,0.8180371860752316,0.39457213270507263,13.463414192199707,True,0.0,0.0,-0.00205473566362141,0.002715177644161759,strong_evidence_gap
assist_09,degree_matched_random_support,1.0,46,direct_unseen_bridgeable,1584,0.7944036749054145,0.023633511169817045,0.41399401761131616,0.019421884906243525,0.8180371860752316,0.39457213270507263,13.463414192199707,True,0.0,0.0,-0.00205473566362141,0.002715177644161759,strong_evidence_gap
assist_09,degree_matched_random_support,1.0,46,high_seq_support,12141,0.7861461900429583,0.011644853675261024,0.5024981722133653,0.006355801865941424,0.7977910437182193,0.4961423703474239,13.463414192199707,True,0.0,0.0,-0.008778564950994971,0.0015225356443721583,support_dependence_only
assist_09,degree_matched_random_support,1.0,46,high_crg_mass,12637,0.7422093620165879,0.009533479461977468,0.511296406548385,0.007077329545825517,0.7517428414785654,0.5042190770025595,13.463414192199707,True,0.0,0.0,0.005555286537763782,0.010119961001836753,strong_evidence_gap
assist_09,degree_matched_random_support,1.0,46,short_history,25670,0.7657295384307423,0.01717258766483387,0.5548997052207133,0.006897122362519603,0.7829021260955762,0.5480025828581937,13.463414192199707,True,0.0,0.0,-0.012244199951429757,-0.007984426398851729,support_dependence_only
assist_09,degree_matched_random_support,1.0,46,long_history,25420,0.7452665051626203,0.012349480955839653,0.519420030674748,0.0062215528716822455,0.7576159861184599,0.5131984778030657,13.463414192199707,True,0.0,0.0,0.008677748972003085,0.01052287234727144,strong_evidence_gap
assist_09,sequence_shuffled_support,0.0,42,all,51090,0.7749625115704916,0.0,0.5306856842385942,5.091482790930968e-13,0.7749625115704916,0.530685684238085,12.95121955871582,True,0.0,-5.652145418366672e-13,-0.001181392166829187,0.00128768838467338,strong_evidence_gap
assist_09,sequence_shuffled_support,0.0,42,graph_hits_history,50529,0.7747343984728776,0.0,0.5304816721565879,5.148104165186851e-13,0.7747343984728776,0.5304816721560731,12.95121955871582,True,0.0,-5.716538353794931e-13,-0.000996145282239813,0.001205054319276999,strong_evidence_gap
assist_09,sequence_shuffled_support,0.0,42,high_support_mass,12637,0.7517428414785654,0.0,0.5042190769861724,-1.6387113888072236e-11,0.7517428414785654,0.5042190770025595,12.95121955871582,True,0.0,7.159717263505172e-12,0.005555286537763782,0.010119961001836753,strong_evidence_gap
assist_09,sequence_shuffled_support,0.0,42,query_seq_top5_q4_high,12141,0.7977910437182193,0.0,0.4961423703474239,0.0,0.7977910437182193,0.4961423703474239,12.95121955871582,True,0.0,0.0,-0.008778564950994971,0.0015225356443721583,support_dependence_only
assist_09,sequence_shuffled_support,0.0,42,multi_concept,8419,0.7517166715298291,0.0,0.5485938352890039,3.088973521414573e-12,0.7517166715298291,0.5485938352859149,12.95121955871582,True,0.0,-3.4313663022089713e-12,-0.011218260100813416,-0.004729382085202227,support_dependence_only
assist_09,sequence_shuffled_support,0.0,42,direct_seen,49506,0.7725773773390823,0.0,0.5350407899960599,5.252465129501616e-13,0.7725773773390823,0.5350407899955346,12.95121955871582,True,0.0,-5.835332217429823e-13,-0.002708551067175069,-0.0002113623142453336,support_dependence_only
assist_09,sequence_shuffled_support,0.0,42,direct_unseen,1584,0.8180371860752316,0.0,0.39457213270507263,0.0,0.8180371860752316,0.39457213270507263,12.95121955871582,True,0.0,0.0,-0.00205473566362141,0.002715177644161759,strong_evidence_gap
assist_09,sequence_shuffled_support,0.0,42,direct_unseen_bridgeable,1584,0.8180371860752316,0.0,0.39457213270507263,0.0,0.8180371860752316,0.39457213270507263,12.95121955871582,True,0.0,0.0,-0.00205473566362141,0.002715177644161759,strong_evidence_gap
assist_09,sequence_shuffled_support,0.0,42,high_seq_support,12141,0.7977910437182193,0.0,0.4961423703474239,0.0,0.7977910437182193,0.4961423703474239,12.95121955871582,True,0.0,0.0,-0.008778564950994971,0.0015225356443721583,support_dependence_only
assist_09,sequence_shuffled_support,0.0,42,high_crg_mass,12637,0.7517428414785654,0.0,0.5042190769861724,-1.6387113888072236e-11,0.7517428414785654,0.5042190770025595,12.95121955871582,True,0.0,7.159717263505172e-12,0.005555286537763782,0.010119961001836753,strong_evidence_gap
assist_09,sequence_shuffled_support,0.0,42,short_history,25670,0.7829021260955762,0.0,0.548002582867274,9.08029207380423e-12,0.7829021260955762,0.5480025828581937,12.95121955871582,True,0.0,-4.650058116340006e-12,-0.012244199951429757,-0.007984426398851729,support_dependence_only
assist_09,sequence_shuffled_support,0.0,42,long_history,25420,0.7576159861184599,0.0,0.5131984777949193,-8.146372465489549e-12,0.7576159861184599,0.5131984778030657,12.95121955871582,True,0.0,3.559375016948252e-12,0.008677748972003085,0.01052287234727144,strong_evidence_gap
assist_09,sequence_shuffled_support,0.25,42,all,51090,0.7743243325219527,0.0006381790485389116,0.5312789572812302,0.0005932730431451594,0.7749625115704916,0.530685684238085,13.089430809020996,True,-0.00018730491859664244,-0.0002966436165624531,-0.001181392166829187,0.00128768838467338,strong_evidence_gap
assist_09,sequence_shuffled_support,0.25,42,graph_hits_history,50529,0.7741193806562939,0.000615017816583685,0.5310265399819828,0.0005448678259096784,0.7747343984728776,0.5304816721560731,13.089430809020996,True,-0.0002362307242701478,-0.00038109635069238923,-0.000996145282239813,0.001205054319276999,strong_evidence_gap
assist_09,sequence_shuffled_support,0.25,42,high_support_mass,12637,0.7516289823673383,0.00011385911122707704,0.5041492307370815,-6.984626547801298e-05,0.7517428414785654,0.5042190770025595,13.089430809020996,True,8.041654161794476e-05,-0.00039664193083099875,0.005555286537763782,0.010119961001836753,strong_evidence_gap
assist_09,sequence_shuffled_support,0.25,42,query_seq_top5_q4_high,12141,0.7978808517504485,-8.980803222924383e-05,0.49603591892016735,-0.00010645142725657086,0.7977910437182193,0.4961423703474239,13.089430809020996,True,-0.0005363826877091693,-0.000223137937253981,-0.008778564950994971,0.0015225356443721583,support_dependence_only
assist_09,sequence_shuffled_support,0.25,42,multi_concept,8419,0.7516519225267775,6.47490030516451e-05,0.5484331177161018,-0.0001607175698130625,0.7517166715298291,0.5485938352859149,13.089430809020996,True,-0.001311998024425498,-0.003076260535179731,-0.011218260100813416,-0.004729382085202227,support_dependence_only
assist_09,sequence_shuffled_support,0.25,42,direct_seen,49506,0.7718791985717455,0.000698178767336799,0.5356954468417119,0.0006546568461772706,0.7725773773390823,0.5350407899955346,13.089430809020996,True,-9.972291278959045e-05,-0.0001971752136032956,-0.002708551067175069,-0.0002113623142453336,support_dependence_only
assist_09,sequence_shuffled_support,0.25,42,direct_unseen,1584,0.8199522223013336,-0.001915036226102007,0.3932469293890525,-0.0013252033160201515,0.8180371860752316,0.39457213270507263,13.089430809020996,True,-0.005764750075496705,-0.0034054079832919193,-0.00205473566362141,0.002715177644161759,strong_evidence_gap
assist_09,sequence_shuffled_support,0.25,42,direct_unseen_bridgeable,1584,0.8199522223013336,-0.001915036226102007,0.3932469293890525,-0.0013252033160201515,0.8180371860752316,0.39457213270507263,13.089430809020996,True,-0.005764750075496705,-0.0034054079832919193,-0.00205473566362141,0.002715177644161759,strong_evidence_gap
assist_09,sequence_shuffled_support,0.25,42,high_seq_support,12141,0.7978808517504485,-8.980803222924383e-05,0.49603591892016735,-0.00010645142725657086,0.7977910437182193,0.4961423703474239,13.089430809020996,True,-0.0005363826877091693,-0.000223137937253981,-0.008778564950994971,0.0015225356443721583,support_dependence_only
assist_09,sequence_shuffled_support,0.25,42,high_crg_mass,12637,0.7516289823673383,0.00011385911122707704,0.5041492307370815,-6.984626547801298e-05,0.7517428414785654,0.5042190770025595,13.089430809020996,True,8.041654161794476e-05,-0.00039664193083099875,0.005555286537763782,0.010119961001836753,strong_evidence_gap
assist_09,sequence_shuffled_support,0.25,42,short_history,25670,0.7824534279892884,0.0004486981062877815,0.5487897292465637,0.0007871463883699636,0.7829021260955762,0.5480025828581937,13.089430809020996,True,-0.0009593198908898204,-0.00014764615178242124,-0.012244199951429757,-0.007984426398851729,support_dependence_only
assist_09,sequence_shuffled_support,0.25,42,long_history,25420,0.7569078649973467,0.000708121121113181,0.5135959708001084,0.00039749299704272545,0.7576159861184599,0.5131984778030657,13.089430809020996,True,0.00020680911090420473,-0.00044710643799861227,0.008677748972003085,0.01052287234727144,strong_evidence_gap
assist_09,sequence_shuffled_support,0.25,43,all,51090,0.7746706241098504,0.00029188746064112703,0.5302477717958682,-0.0004379124422168035,0.7749625115704916,0.530685684238085,13.138211250305176,True,-0.002503359872520594,-0.001802934261364797,-0.001181392166829187,0.00128768838467338,strong_evidence_gap
assist_09,sequence_shuffled_support,0.25,43,graph_hits_history,50529,0.7744573864241513,0.0002770120487263217,0.5300328140548959,-0.0004488581011772297,0.7747343984728776,0.5304816721560731,13.138211250305176,True,-0.002521372584381232,-0.0018224200340800634,-0.000996145282239813,0.001205054319276999,strong_evidence_gap
assist_09,sequence_shuffled_support,0.25,43,high_support_mass,12637,0.7511652601044291,0.0005775813741363267,0.5044830855288073,0.00026400852624774984,0.7517428414785654,0.5042190770025595,13.138211250305176,True,-0.0001028008522231394,0.00018109147665967829,0.005555286537763782,0.010119961001836753,strong_evidence_gap
assist_09,sequence_shuffled_support,0.25,43,query_seq_top5_q4_high,12141,0.7978635295848273,-7.248586660801859e-05,0.4953703259035239,-0.0007720444438999996,0.7977910437182193,0.4961423703474239,13.138211250305176,True,-0.002758646337496118,-0.0033763038142951562,-0.008778564950994971,0.0015225356443721583,support_dependence_only
assist_09,sequence_shuffled_support,0.25,43,multi_concept,8419,0.7515753106368359,0.0001413608929932142,0.5485005197795619,-9.331550635294228e-05,0.7517166715298291,0.5485938352859149,13.138211250305176,True,-1.4409370463486226e-05,0.0007976808798034751,-0.011218260100813416,-0.004729382085202227,support_dependence_only
assist_09,sequence_shuffled_support,0.25,43,direct_seen,49506,0.7723025790675211,0.00027479827156118297,0.5345722271573953,-0.0004685628381393414,0.7725773773390823,0.5350407899955346,13.138211250305176,True,-0.0024462232201380996,-0.0017582048918870496,-0.002708551067175069,-0.0002113623142453336,support_dependence_only
assist_09,sequence_shuffled_support,0.25,43,direct_unseen,1584,0.8163332948689305,0.0017038912063011002,0.39509216123541696,0.0005200285303443297,0.8180371860752316,0.39457213270507263,13.138211250305176,True,-0.007223123816912702,-0.0032008964869746914,-0.00205473566362141,0.002715177644161759,strong_evidence_gap
assist_09,sequence_shuffled_support,0.25,43,direct_unseen_bridgeable,1584,0.8163332948689305,0.0017038912063011002,0.39509216123541696,0.0005200285303443297,0.8180371860752316,0.39457213270507263,13.138211250305176,True,-0.007223123816912702,-0.0032008964869746914,-0.00205473566362141,0.002715177644161759,strong_evidence_gap
assist_09,sequence_shuffled_support,0.25,43,high_seq_support,12141,0.7978635295848273,-7.248586660801859e-05,0.4953703259035239,-0.0007720444438999996,0.7977910437182193,0.4961423703474239,13.138211250305176,True,-0.002758646337496118,-0.0033763038142951562,-0.008778564950994971,0.0015225356443721583,support_dependence_only
assist_09,sequence_shuffled_support,0.25,43,high_crg_mass,12637,0.7511652601044291,0.0005775813741363267,0.5044830855288073,0.00026400852624774984,0.7517428414785654,0.5042190770025595,13.138211250305176,True,-0.0001028008522231394,0.00018109147665967829,0.005555286537763782,0.010119961001836753,strong_evidence_gap
assist_09,sequence_shuffled_support,0.25,43,short_history,25670,0.7827678773965216,0.00013424869905453996,0.5472335054488785,-0.0007690774093151997,0.7829021260955762,0.5480025828581937,13.138211250305176,True,-0.003627324770139384,-0.0027278614391237355,-0.012244199951429757,-0.007984426398851729,support_dependence_only
assist_09,sequence_shuffled_support,0.25,43,long_history,25420,0.7571013741475651,0.0005146119708948627,0.513094987261141,-0.00010349054192471119,0.7576159861184599,0.5131984778030657,13.138211250305176,True,-0.0011852986788530862,-0.0008689106322116169,0.008677748972003085,0.01052287234727144,strong_evidence_gap
assist_09,sequence_shuffled_support,0.25,44,all,51090,0.7743014769664123,0.0006610346040792914,0.5307314486461271,4.576440804204829e-05,0.7749625115704916,0.530685684238085,13.07317066192627,True,-0.0007948198071604518,-0.0014258407642679938,-0.001181392166829187,0.00128768838467338,strong_evidence_gap
assist_09,sequence_shuffled_support,0.25,44,graph_hits_history,50529,0.7740254738531589,0.0007089246197187205,0.530549967286001,6.829512992789777e-05,0.7747343984728776,0.5304816721560731,13.07317066192627,True,-0.0007336120543038893,-0.0014202330778367855,-0.000996145282239813,0.001205054319276999,strong_evidence_gap
assist_09,sequence_shuffled_support,0.25,44,high_support_mass,12637,0.7512565616274884,0.00048627985107696503,0.5042650507359207,4.5973733361126534e-05,0.7517428414785654,0.5042190770025595,13.07317066192627,True,0.0004464575166576168,4.0923427762962206e-05,0.005555286537763782,0.010119961001836753,strong_evidence_gap
assist_09,sequence_shuffled_support,0.25,44,query_seq_top5_q4_high,12141,0.7980864112971187,-0.0002953675788993637,0.49581771028908345,-0.00032466005834047573,0.7977910437182193,0.4961423703474239,13.07317066192627,True,-0.0031696222724427736,-0.0024218016816887067,-0.008778564950994971,0.0015225356443721583,support_dependence_only
assist_09,sequence_shuffled_support,0.25,44,multi_concept,8419,0.751828654697697,-0.00011198316786786844,0.5484234737426785,-0.00017036154323635255,0.7517166715298291,0.5485938352859149,13.07317066192627,True,-0.00021387356547575287,-0.00015489028572668317,-0.011218260100813416,-0.004729382085202227,support_dependence_only
assist_09,sequence_shuffled_support,0.25,44,direct_seen,49506,0.7718449503351772,0.0007324270039050784,0.5351059358160916,6.51458205569444e-05,0.7725773773390823,0.5350407899955346,13.07317066192627,True,-0.0006884311228021467,-0.0013839948547036407,-0.002708551067175069,-0.0002113623142453336,support_dependence_only
assist_09,sequence_shuffled_support,0.25,44,direct_unseen,1584,0.8198294635688911,-0.001792277493659511,0.3940121545575768,-0.0005599781474958099,0.8180371860752316,0.39457213270507263,13.07317066192627,True,-0.006331895419380729,-0.0027336839453916406,-0.00205473566362141,0.002715177644161759,strong_evidence_gap
assist_09,sequence_shuffled_support,0.25,44,direct_unseen_bridgeable,1584,0.8198294635688911,-0.001792277493659511,0.3940121545575768,-0.0005599781474958099,0.8180371860752316,0.39457213270507263,13.07317066192627,True,-0.006331895419380729,-0.0027336839453916406,-0.00205473566362141,0.002715177644161759,strong_evidence_gap
assist_09,sequence_shuffled_support,0.25,44,high_seq_support,12141,0.7980864112971187,-0.0002953675788993637,0.49581771028908345,-0.00032466005834047573,0.7977910437182193,0.4961423703474239,13.07317066192627,True,-0.0031696222724427736,-0.0024218016816887067,-0.008778564950994971,0.0015225356443721583,support_dependence_only
assist_09,sequence_shuffled_support,0.25,44,high_crg_mass,12637,0.7512565616274884,0.00048627985107696503,0.5042650507359207,4.5973733361126534e-05,0.7517428414785654,0.5042190770025595,13.07317066192627,True,0.0004464575166576168,4.0923427762962206e-05,0.005555286537763782,0.010119961001836753,strong_evidence_gap
assist_09,sequence_shuffled_support,0.25,44,short_history,25670,0.7824254042744316,0.0004767218211445545,0.5477514992989209,-0.00025108355927283554,0.7829021260955762,0.5480025828581937,13.07317066192627,True,-0.001638514167214833,-0.0023213721861328196,-0.012244199951429757,-0.007984426398851729,support_dependence_only
assist_09,sequence_shuffled_support,0.25,44,long_history,25420,0.7567227550286499,0.0008932310898099871,0.5135440096116182,0.00034553180855245724,0.7576159861184599,0.5131984778030657,13.07317066192627,True,0.00021995450855516463,-0.0005215019916769981,0.008677748972003085,0.01052287234727144,strong_evidence_gap
assist_09,sequence_shuffled_support,0.25,45,all,51090,0.77412309385004,0.0008394177204515962,0.5312547956873479,0.0005691114492628602,0.7749625115704916,0.530685684238085,13.105690956115723,True,-0.0001570266216589511,-0.0008590038144971057,-0.001181392166829187,0.00128768838467338,strong_evidence_gap
assist_09,sequence_shuffled_support,0.25,45,graph_hits_history,50529,0.7739337228640168,0.000800675608860768,0.5310003724882046,0.0005187003321315276,0.7747343984728776,0.5304816721560731,13.105690956115723,True,-0.00016846545968629556,-0.0008686514207992824,-0.000996145282239813,0.001205054319276999,strong_evidence_gap
assist_09,sequence_shuffled_support,0.25,45,high_support_mass,12637,0.7504882646667956,0.0012545768117697698,0.5046032823067819,0.00038420530422234034,0.7517428414785654,0.5042190770025595,13.105690956115723,True,0.0012484175820396404,0.0001064778949598777,0.005555286537763782,0.010119961001836753,strong_evidence_gap
assist_09,sequence_shuffled_support,0.25,45,query_seq_top5_q4_high,12141,0.7966635282105067,0.0011275155077126175,0.4965425544425477,0.00040018409512376785,0.7977910437182193,0.4961423703474239,13.105690956115723,True,0.0009634559886878558,-0.0005164751921975519,-0.008778564950994971,0.0015225356443721583,support_dependence_only
assist_09,sequence_shuffled_support,0.25,45,multi_concept,8419,0.7517463287470543,-2.965721722514303e-05,0.5483921558995097,-0.00020167938640514027,0.7517166715298291,0.5485938352859149,13.105690956115723,True,-0.0008483206313489866,-0.00019651791817931752,-0.011218260100813416,-0.004729382085202227,support_dependence_only
assist_09,sequence_shuffled_support,0.25,45,direct_seen,49506,0.7718199129765864,0.0007574643624959077,0.535563603399807,0.0005228134042724042,0.7725773773390823,0.5350407899955346,13.105690956115723,True,-0.0001132342487570881,-0.0008625967675659485,-0.002708551067175069,-0.0002113623142453336,support_dependence_only
assist_09,sequence_shuffled_support,0.25,45,direct_unseen,1584,0.8157023149841764,0.002334871091055124,0.3965882334316636,0.0020161007265909747,0.8180371860752316,0.39457213270507263,13.105690956115723,True,-0.00441931436792764,-0.0007467104214328169,-0.00205473566362141,0.002715177644161759,strong_evidence_gap
assist_09,sequence_shuffled_support,0.25,45,direct_unseen_bridgeable,1584,0.8157023149841764,0.002334871091055124,0.3965882334316636,0.0020161007265909747,0.8180371860752316,0.39457213270507263,13.105690956115723,True,-0.00441931436792764,-0.0007467104214328169,-0.00205473566362141,0.002715177644161759,strong_evidence_gap
assist_09,sequence_shuffled_support,0.25,45,high_seq_support,12141,0.7966635282105067,0.0011275155077126175,0.4965425544425477,0.00040018409512376785,0.7977910437182193,0.4961423703474239,13.105690956115723,True,0.0009634559886878558,-0.0005164751921975519,-0.008778564950994971,0.0015225356443721583,support_dependence_only
assist_09,sequence_shuffled_support,0.25,45,high_crg_mass,12637,0.7504882646667956,0.0012545768117697698,0.5046032823067819,0.00038420530422234034,0.7517428414785654,0.5042190770025595,13.105690956115723,True,0.0012484175820396404,0.0001064778949598777,0.005555286537763782,0.010119961001836753,strong_evidence_gap
assist_09,sequence_shuffled_support,0.25,45,short_history,25670,0.7822158191365632,0.00068630695901295,0.5485039440493513,0.0005013611911576232,0.7829021260955762,0.5480025828581937,13.105690956115723,True,-0.0006850641515542266,-0.0010023709989568363,-0.012244199951429757,-0.007984426398851729,support_dependence_only
assist_09,sequence_shuffled_support,0.25,45,long_history,25420,0.7564317505317024,0.0011842355867575094,0.5138360058190307,0.0006375280159649499,0.7576159861184599,0.5131984778030657,13.105690956115723,True,0.00040059345872200947,-0.0007142266459259083,0.008677748972003085,0.01052287234727144,strong_evidence_gap
assist_09,sequence_shuffled_support,0.25,46,all,51090,0.7740865819869516,0.0008759295835399916,0.5303545649691672,-0.0003311192689178233,0.7749625115704916,0.530685684238085,13.146341323852539,True,-0.001430036588574768,-0.0022980586692484817,-0.001181392166829187,0.00128768838467338,strong_evidence_gap
assist_09,sequence_shuffled_support,0.25,46,graph_hits_history,50529,0.7738506641658315,0.0008837343070461356,0.5301468476863977,-0.0003348244696753655,0.7747343984728776,0.5304816721560731,13.146341323852539,True,-0.0014923676984029965,-0.0023795144291095527,-0.000996145282239813,0.001205054319276999,strong_evidence_gap
assist_09,sequence_shuffled_support,0.25,46,high_support_mass,12637,0.7514811766063192,0.0002616648722462145,0.5040138684669166,-0.00020520853564287567,0.7517428414785654,0.5042190770025595,13.146341323852539,True,-0.0013989642790510626,-0.0024610719704986073,0.005555286537763782,0.010119961001836753,strong_evidence_gap
assist_09,sequence_shuffled_support,0.25,46,query_seq_top5_q4_high,12141,0.7972285584834169,0.0005624852348024012,0.4970331088035193,0.0008907384560953857,0.7977910437182193,0.4961423703474239,13.146341323852539,True,-0.0016446672512194782,-0.002078964995237853,-0.008778564950994971,0.0015225356443721583,support_dependence_only
assist_09,sequence_shuffled_support,0.25,46,multi_concept,8419,0.7517495584335374,-3.288690370828462e-05,0.5484452003978934,-0.00014863488802152602,0.7517166715298291,0.5485938352859149,13.146341323852539,True,-0.002962523090705549,-0.005753317506612565,-0.011218260100813416,-0.004729382085202227,support_dependence_only
assist_09,sequence_shuffled_support,0.25,46,direct_seen,49506,0.7717883693566949,0.0007890079823873464,0.534640439688883,-0.0004003503066516423,0.7725773773390823,0.5350407899955346,13.146341323852539,True,-0.0014086209335777422,-0.002250638824535356,-0.002708551067175069,-0.0002113623142453336,support_dependence_only
assist_09,sequence_shuffled_support,0.25,46,direct_unseen,1584,0.8148528245556748,0.003184361519556811,0.39640474560410816,0.001832612899035524,0.8180371860752316,0.39457213270507263,13.146341323852539,True,-0.006884309715371684,-0.00378010843716331,-0.00205473566362141,0.002715177644161759,strong_evidence_gap
assist_09,sequence_shuffled_support,0.25,46,direct_unseen_bridgeable,1584,0.8148528245556748,0.003184361519556811,0.39640474560410816,0.001832612899035524,0.8180371860752316,0.39457213270507263,13.146341323852539,True,-0.006884309715371684,-0.00378010843716331,-0.00205473566362141,0.002715177644161759,strong_evidence_gap
assist_09,sequence_shuffled_support,0.25,46,high_seq_support,12141,0.7972285584834169,0.0005624852348024012,0.4970331088035193,0.0008907384560953857,0.7977910437182193,0.4961423703474239,13.146341323852539,True,-0.0016446672512194782,-0.002078964995237853,-0.008778564950994971,0.0015225356443721583,support_dependence_only
assist_09,sequence_shuffled_support,0.25,46,high_crg_mass,12637,0.7514811766063192,0.0002616648722462145,0.5040138684669166,-0.00020520853564287567,0.7517428414785654,0.5042190770025595,13.146341323852539,True,-0.0013989642790510626,-0.0024610719704986073,0.005555286537763782,0.010119961001836753,strong_evidence_gap
assist_09,sequence_shuffled_support,0.25,46,short_history,25670,0.7818651466719299,0.0010369794236463337,0.5479325943910786,-6.998846711514517e-05,0.7829021260955762,0.5480025828581937,13.146341323852539,True,-0.0018986783819773256,-0.0021942495256507266,-0.012244199951429757,-0.007984426398851729,support_dependence_only
assist_09,sequence_shuffled_support,0.25,46,long_history,25420,0.7571431212463848,0.0004728648720750961,0.5126036595694636,-0.0005948182336020791,0.7576159861184599,0.5131984778030657,13.146341323852539,True,-0.0013160363876367764,-0.0024028887524962794,0.008677748972003085,0.01052287234727144,strong_evidence_gap
assist_09,sequence_shuffled_support,0.5,42,all,51090,0.7739128403248605,0.0010496712456310453,0.5297424372630541,-0.000943246975030898,0.7749625115704916,0.530685684238085,13.268292427062988,True,-0.002934159734038211,-0.003113671430983622,-0.001181392166829187,0.00128768838467338,strong_evidence_gap
assist_09,sequence_shuffled_support,0.5,42,graph_hits_history,50529,0.7736793717672447,0.0010550267056329554,0.5295484468785464,-0.0009332252775267058,0.7747343984728776,0.5304816721560731,13.268292427062988,True,-0.0030493163135217882,-0.0032150836366666713,-0.000996145282239813,0.001205054319276999,strong_evidence_gap
assist_09,sequence_shuffled_support,0.5,42,high_support_mass,12637,0.7512932334607669,0.00044960801779847515,0.5038631593382672,-0.00035591766429232674,0.7517428414785654,0.5042190770025595,13.268292427062988,True,-0.004457486539011235,-0.0040818218991171,0.005555286537763782,0.010119961001836753,strong_evidence_gap
assist_09,sequence_shuffled_support,0.5,42,query_seq_top5_q4_high,12141,0.7967642003741587,0.0010268433440605573,0.4963050153721796,0.00016264502475565878,0.7977910437182193,0.4961423703474239,13.268292427062988,True,-0.0015472559176429312,-0.004694051542894984,-0.008778564950994971,0.0015225356443721583,support_dependence_only
assist_09,sequence_shuffled_support,0.5,42,multi_concept,8419,0.7514756872307016,0.0002409842991275557,0.5482959019708078,-0.00029793331510707954,0.7517166715298291,0.5485938352859149,13.268292427062988,True,-0.00472552819969696,-0.007744576127616365,-0.011218260100813416,-0.004729382085202227,support_dependence_only
assist_09,sequence_shuffled_support,0.5,42,direct_seen,49506,0.7715554171890652,0.0010219601500170983,0.5340715361736179,-0.0009692538219167046,0.7725773773390823,0.5350407899955346,13.268292427062988,True,-0.002978439912761144,-0.003114069923434215,-0.002708551067175069,-0.0002113623142453336,support_dependence_only
assist_09,sequence_shuffled_support,0.5,42,direct_unseen,1584,0.8176026201623853,0.0004345659128462964,0.39444169820600344,-0.00013043449906918747,0.8180371860752316,0.39457213270507263,13.268292427062988,True,-0.005541329182451427,-0.003101217032467185,-0.00205473566362141,0.002715177644161759,strong_evidence_gap
assist_09,sequence_shuffled_support,0.5,42,direct_unseen_bridgeable,1584,0.8176026201623853,0.0004345659128462964,0.39444169820600344,-0.00013043449906918747,0.8180371860752316,0.39457213270507263,13.268292427062988,True,-0.005541329182451427,-0.003101217032467185,-0.00205473566362141,0.002715177644161759,strong_evidence_gap
assist_09,sequence_shuffled_support,0.5,42,high_seq_support,12141,0.7967642003741587,0.0010268433440605573,0.4963050153721796,0.00016264502475565878,0.7977910437182193,0.4961423703474239,13.268292427062988,True,-0.0015472559176429312,-0.004694051542894984,-0.008778564950994971,0.0015225356443721583,support_dependence_only
assist_09,sequence_shuffled_support,0.5,42,high_crg_mass,12637,0.7512932334607669,0.00044960801779847515,0.5038631593382672,-0.00035591766429232674,0.7517428414785654,0.5042190770025595,13.268292427062988,True,-0.004457486539011235,-0.0040818218991171,0.005555286537763782,0.010119961001836753,strong_evidence_gap
assist_09,sequence_shuffled_support,0.5,42,short_history,25670,0.7821053845404338,0.0007967415551424217,0.5464460571408623,-0.0015565257173314473,0.7829021260955762,0.5480025828581937,13.268292427062988,True,-0.0023902278521131803,-0.0026869138914095148,-0.012244199951429757,-0.007984426398851729,support_dependence_only
assist_09,sequence_shuffled_support,0.5,42,long_history,25420,0.7561966149172283,0.0014193712012315896,0.5128745410292487,-0.0003239367738170351,0.7576159861184599,0.5131984778030657,13.268292427062988,True,-0.004030905941976748,-0.003544626035266507,0.008677748972003085,0.01052287234727144,strong_evidence_gap
assist_09,sequence_shuffled_support,0.5,43,all,51090,0.7737861167568385,0.0011763948136530589,0.53013524872241,-0.0005504355156750185,0.7749625115704916,0.530685684238085,13.203251838684082,True,-0.004266812004313114,-0.003508928843281911,-0.001181392166829187,0.00128768838467338,strong_evidence_gap
assist_09,sequence_shuffled_support,0.5,43,graph_hits_history,50529,0.7735628948936532,0.0011715035792244644,0.529933557401752,-0.0005481147543211495,0.7747343984728776,0.5304816721560731,13.203251838684082,True,-0.004299050511356262,-0.003541442228823688,-0.000996145282239813,0.001205054319276999,strong_evidence_gap
assist_09,sequence_shuffled_support,0.5,43,high_support_mass,12637,0.7508234779881732,0.0009193634903922332,0.5040866213201567,-0.00013245568240283223,0.7517428414785654,0.5042190770025595,13.203251838684082,True,-0.003627203468374196,-0.004078756939358552,0.005555286537763782,0.010119961001836753,strong_evidence_gap
assist_09,sequence_shuffled_support,0.5,43,query_seq_top5_q4_high,12141,0.7968430329295482,0.0009480107886711275,0.4960895305954549,-5.2839751969013804e-05,0.7977910437182193,0.4961423703474239,13.203251838684082,True,-0.005348667993861689,-0.010996496561281877,-0.008778564950994971,0.0015225356443721583,support_dependence_only
assist_09,sequence_shuffled_support,0.5,43,multi_concept,8419,0.7516591582666868,5.751326314229477e-05,0.5481141159448748,-0.00047971934104007463,0.7517166715298291,0.5485938352859149,13.203251838684082,True,-0.006481732334266965,-0.005142675017923648,-0.011218260100813416,-0.004729382085202227,support_dependence_only
assist_09,sequence_shuffled_support,0.5,43,direct_seen,49506,0.7715927134283234,0.0009846639107589095,0.5343394430080969,-0.0007013469874377343,0.7725773773390823,0.5350407899955346,13.203251838684082,True,-0.004345132510493621,-0.0035304913842985064,-0.002708551067175069,-0.0002113623142453336,support_dependence_only
assist_09,sequence_shuffled_support,0.5,43,direct_unseen,1584,0.8112682695683557,0.006768916506875833,0.3987382523163445,0.00416611961127189,0.8180371860752316,0.39457213270507263,13.203251838684082,True,-0.004596086942644684,-0.002835017760218328,-0.00205473566362141,0.002715177644161759,strong_evidence_gap
assist_09,sequence_shuffled_support,0.5,43,direct_unseen_bridgeable,1584,0.8112682695683557,0.006768916506875833,0.3987382523163445,0.00416611961127189,0.8180371860752316,0.39457213270507263,13.203251838684082,True,-0.004596086942644684,-0.002835017760218328,-0.00205473566362141,0.002715177644161759,strong_evidence_gap
assist_09,sequence_shuffled_support,0.5,43,high_seq_support,12141,0.7968430329295482,0.0009480107886711275,0.4960895305954549,-5.2839751969013804e-05,0.7977910437182193,0.4961423703474239,13.203251838684082,True,-0.005348667993861689,-0.010996496561281877,-0.008778564950994971,0.0015225356443721583,support_dependence_only
assist_09,sequence_shuffled_support,0.5,43,high_crg_mass,12637,0.7508234779881732,0.0009193634903922332,0.5040866213201567,-0.00013245568240283223,0.7517428414785654,0.5042190770025595,13.203251838684082,True,-0.003627203468374196,-0.004078756939358552,0.005555286537763782,0.010119961001836753,strong_evidence_gap
assist_09,sequence_shuffled_support,0.5,43,short_history,25670,0.7824013097431566,0.0005008163524196085,0.5469017779155014,-0.0011008049426922684,0.7829021260955762,0.5480025828581937,13.203251838684082,True,-0.00552426640835979,-0.004108754758902378,-0.012244199951429757,-0.007984426398851729,support_dependence_only
assist_09,sequence_shuffled_support,0.5,43,long_history,25420,0.7557269355516101,0.001889050566849848,0.513203824474312,5.3466712462979515e-06,0.7576159861184599,0.5131984778030657,13.203251838684082,True,-0.0028760448715643427,-0.0029032037742817707,0.008677748972003085,0.01052287234727144,strong_evidence_gap
assist_09,sequence_shuffled_support,0.5,44,all,51090,0.7737183260846885,0.0012441854858030732,0.5298228120930192,-0.0008628721450658627,0.7749625115704916,0.530685684238085,13.227642059326172,True,-0.004337345548011129,-0.0066839691705458115,-0.001181392166829187,0.00128768838467338,strong_evidence_gap
assist_09,sequence_shuffled_support,0.5,44,graph_hits_history,50529,0.773383210812141,0.001351187660736608,0.5296920215141004,-0.0007896506419726723,0.7747343984728776,0.5304816721560731,13.227642059326172,True,-0.004228543946206198,-0.006639697109106835,-0.000996145282239813,0.001205054319276999,strong_evidence_gap
assist_09,sequence_shuffled_support,0.5,44,high_support_mass,12637,0.7506868407536982,0.0010560007248672232,0.5043126078596865,9.353085712693332e-05,0.7517428414785654,0.5042190770025595,13.227642059326172,True,-0.009710742408662876,-0.009849989656625424,0.005555286537763782,0.010119961001836753,strong_evidence_gap
assist_09,sequence_shuffled_support,0.5,44,query_seq_top5_q4_high,12141,0.7970067265993449,0.0007843171188743892,0.49473587266574587,-0.0014064976816780539,0.7977910437182193,0.4961423703474239,13.227642059326172,True,-0.013563955566943231,-0.017875132424372497,-0.008778564950994971,0.0015225356443721583,support_dependence_only
assist_09,sequence_shuffled_support,0.5,44,multi_concept,8419,0.7517090320791094,7.639450719687524e-06,0.5483451319001016,-0.000248703385813287,0.7517166715298291,0.5485938352859149,13.227642059326172,True,-0.014073979943895365,-0.014350387878753312,-0.011218260100813416,-0.004729382085202227,support_dependence_only
assist_09,sequence_shuffled_support,0.5,44,direct_seen,49506,0.7713944414407206,0.0011829358983617144,0.5340843699634792,-0.0009564200320554272,0.7725773773390823,0.5350407899955346,13.227642059326172,True,-0.004228702060872891,-0.006685980024959681,-0.002708551067175069,-0.0002113623142453336,support_dependence_only
assist_09,sequence_shuffled_support,0.5,44,direct_unseen,1584,0.8156335700940087,0.002403615981222851,0.3966329863764869,0.0020608536714142867,0.8180371860752316,0.39457213270507263,13.227642059326172,True,-0.010078491933523726,-0.006621122353233533,-0.00205473566362141,0.002715177644161759,strong_evidence_gap
assist_09,sequence_shuffled_support,0.5,44,direct_unseen_bridgeable,1584,0.8156335700940087,0.002403615981222851,0.3966329863764869,0.0020608536714142867,0.8180371860752316,0.39457213270507263,13.227642059326172,True,-0.010078491933523726,-0.006621122353233533,-0.00205473566362141,0.002715177644161759,strong_evidence_gap
assist_09,sequence_shuffled_support,0.5,44,high_seq_support,12141,0.7970067265993449,0.0007843171188743892,0.49473587266574587,-0.0014064976816780539,0.7977910437182193,0.4961423703474239,13.227642059326172,True,-0.013563955566943231,-0.017875132424372497,-0.008778564950994971,0.0015225356443721583,support_dependence_only
assist_09,sequence_shuffled_support,0.5,44,high_crg_mass,12637,0.7506868407536982,0.0010560007248672232,0.5043126078596865,9.353085712693332e-05,0.7517428414785654,0.5042190770025595,13.227642059326172,True,-0.009710742408662876,-0.009849989656625424,0.005555286537763782,0.010119961001836753,strong_evidence_gap
assist_09,sequence_shuffled_support,0.5,44,short_history,25670,0.7828010922225339,0.00010103387304227773,0.5463504948929612,-0.0016520879652325293,0.7829021260955762,0.5480025828581937,13.227642059326172,True,-0.004543764617009116,-0.006500195356789362,-0.012244199951429757,-0.007984426398851729,support_dependence_only
assist_09,sequence_shuffled_support,0.5,44,long_history,25420,0.7552885118475696,0.0023274742708903062,0.5131325832387901,-6.5894564275637e-05,0.7576159861184599,0.5131984778030657,13.227642059326172,True,-0.004726341584715077,-0.006869550358552079,0.008677748972003085,0.01052287234727144,strong_evidence_gap
assist_09,sequence_shuffled_support,0.5,45,all,51090,0.773783863897201,0.001178647673290567,0.5307703188019194,8.463456383434043e-05,0.7749625115704916,0.530685684238085,13.154471397399902,True,-0.002312623163191807,-0.0025339165370088512,-0.001181392166829187,0.00128768838467338,strong_evidence_gap
assist_09,sequence_shuffled_support,0.5,45,graph_hits_history,50529,0.7735777068300878,0.0011566916427898644,0.5305481451380226,6.64729819495058e-05,0.7747343984728776,0.5304816721560731,13.154471397399902,True,-0.0023077136782883034,-0.0025216185093096533,-0.000996145282239813,0.001205054319276999,strong_evidence_gap
assist_09,sequence_shuffled_support,0.5,45,high_support_mass,12637,0.7500572446057276,0.001685596872837758,0.5047083888830118,0.0004893118804523144,0.7517428414785654,0.5042190770025595,13.154471397399902,True,-0.0028246133027641784,-0.003876499064975558,0.005555286537763782,0.010119961001836753,strong_evidence_gap
assist_09,sequence_shuffled_support,0.5,45,query_seq_top5_q4_high,12141,0.7967313852890561,0.0010596584291632238,0.49458552368405223,-0.0015568466633716915,0.7977910437182193,0.4961423703474239,13.154471397399902,True,-0.00311943730225428,-0.007063629135895033,-0.008778564950994971,0.0015225356443721583,support_dependence_only
assist_09,sequence_shuffled_support,0.5,45,multi_concept,8419,0.7517982832228843,-8.161169305520577e-05,0.5482118487625146,-0.0003819865234002684,0.7517166715298291,0.5485938352859149,13.154471397399902,True,-0.002994851010215016,-0.005060177742551741,-0.011218260100813416,-0.004729382085202227,support_dependence_only
assist_09,sequence_shuffled_support,0.5,45,direct_seen,49506,0.7714275537925033,0.0011498235465789985,0.5350912793653377,5.0489369803119466e-05,0.7725773773390823,0.5350407899955346,13.154471397399902,True,-0.0021198501767063505,-0.002431028816998859,-0.002708551067175069,-0.0002113623142453336,support_dependence_only
assist_09,sequence_shuffled_support,0.5,45,direct_unseen,1584,0.8149154315092204,0.003121754566011159,0.39572393392023136,0.001151801215158732,0.8180371860752316,0.39457213270507263,13.154471397399902,True,-0.00849858704698958,-0.00574954751353568,-0.00205473566362141,0.002715177644161759,strong_evidence_gap
assist_09,sequence_shuffled_support,0.5,45,direct_unseen_bridgeable,1584,0.8149154315092204,0.003121754566011159,0.39572393392023136,0.001151801215158732,0.8180371860752316,0.39457213270507263,13.154471397399902,True,-0.00849858704698958,-0.00574954751353568,-0.00205473566362141,0.002715177644161759,strong_evidence_gap
assist_09,sequence_shuffled_support,0.5,45,high_seq_support,12141,0.7967313852890561,0.0010596584291632238,0.49458552368405223,-0.0015568466633716915,0.7977910437182193,0.4961423703474239,13.154471397399902,True,-0.00311943730225428,-0.007063629135895033,-0.008778564950994971,0.0015225356443721583,support_dependence_only
assist_09,sequence_shuffled_support,0.5,45,high_crg_mass,12637,0.7500572446057276,0.001685596872837758,0.5047083888830118,0.0004893118804523144,0.7517428414785654,0.5042190770025595,13.154471397399902,True,-0.0028246133027641784,-0.003876499064975558,0.005555286537763782,0.010119961001836753,strong_evidence_gap
assist_09,sequence_shuffled_support,0.5,45,short_history,25670,0.7821663267195241,0.0007357993760520598,0.5478491373452689,-0.00015344551292484354,0.7829021260955762,0.5480025828581937,13.154471397399902,True,-0.0034620600582688787,-0.0022090874614497658,-0.012244199951429757,-0.007984426398851729,support_dependence_only
assist_09,sequence_shuffled_support,0.5,45,long_history,25420,0.7558772009804484,0.0017387851380115116,0.5135235339078289,0.00032505610476318836,0.7576159861184599,0.5131984778030657,13.154471397399902,True,-0.0013791659629337483,-0.0028619402336886868,0.008677748972003085,0.01052287234727144,strong_evidence_gap
assist_09,sequence_shuffled_support,0.5,46,all,51090,0.7739843607218138,0.0009781508486778057,0.5302084842548999,-0.00047719998318518364,0.7749625115704916,0.530685684238085,13.243902206420898,True,-0.0019766073128670847,-0.004513894387842554,-0.001181392166829187,0.00128768838467338,strong_evidence_gap
assist_09,sequence_shuffled_support,0.5,46,graph_hits_history,50529,0.7737234414289754,0.0010109570439021942,0.5299900222719948,-0.000491649884078349,0.7747343984728776,0.5304816721560731,13.243902206420898,True,-0.00200668444602381,-0.00460460271899088,-0.000996145282239813,0.001205054319276999,strong_evidence_gap
assist_09,sequence_shuffled_support,0.5,46,high_support_mass,12637,0.7508739805214597,0.0008688609571056993,0.5039585016171928,-0.00026057538536672364,0.7517428414785654,0.5042190770025595,13.243902206420898,True,-0.002139332047130793,-0.004175899295004837,0.005555286537763782,0.010119961001836753,strong_evidence_gap
assist_09,sequence_shuffled_support,0.5,46,query_seq_top5_q4_high,12141,0.7986648984590239,-0.0008738547408045916,0.4938761181102567,-0.002266252237167199,0.7977910437182193,0.4961423703474239,13.243902206420898,True,-0.0032263129962942783,-0.007771461193288698,-0.008778564950994971,0.0015225356443721583,support_dependence_only
assist_09,sequence_shuffled_support,0.5,46,multi_concept,8419,0.7514999409340031,0.00021673059582605347,0.5483088988632595,-0.00028493642265536856,0.7517166715298291,0.5485938352859149,13.243902206420898,True,-0.0021991370029281754,-0.008641329644841544,-0.011218260100813416,-0.004729382085202227,support_dependence_only
assist_09,sequence_shuffled_support,0.5,46,direct_seen,49506,0.7716867144457579,0.000890662893324401,0.5344905121451438,-0.0005502778503908567,0.7725773773390823,0.5350407899955346,13.243902206420898,True,-0.0018896713029561418,-0.004512097567660911,-0.002708551067175069,-0.0002113623142453336,support_dependence_only
assist_09,sequence_shuffled_support,0.5,46,direct_unseen,1584,0.8146883278542019,0.0033488582210297047,0.3963788928821577,0.0018067601770850872,0.8180371860752316,0.39457213270507263,13.243902206420898,True,-0.00927810499799897,-0.004570051824662746,-0.00205473566362141,0.002715177644161759,strong_evidence_gap
assist_09,sequence_shuffled_support,0.5,46,direct_unseen_bridgeable,1584,0.8146883278542019,0.0033488582210297047,0.3963788928821577,0.0018067601770850872,0.8180371860752316,0.39457213270507263,13.243902206420898,True,-0.00927810499799897,-0.004570051824662746,-0.00205473566362141,0.002715177644161759,strong_evidence_gap
assist_09,sequence_shuffled_support,0.5,46,high_seq_support,12141,0.7986648984590239,-0.0008738547408045916,0.4938761181102567,-0.002266252237167199,0.7977910437182193,0.4961423703474239,13.243902206420898,True,-0.0032263129962942783,-0.007771461193288698,-0.008778564950994971,0.0015225356443721583,support_dependence_only
assist_09,sequence_shuffled_support,0.5,46,high_crg_mass,12637,0.7508739805214597,0.0008688609571056993,0.5039585016171928,-0.00026057538536672364,0.7517428414785654,0.5042190770025595,13.243902206420898,True,-0.002139332047130793,-0.004175899295004837,0.005555286537763782,0.010119961001836753,strong_evidence_gap
assist_09,sequence_shuffled_support,0.5,46,short_history,25670,0.7825375788010036,0.0003645472945725814,0.5469611166580715,-0.001041466200122243,0.7829021260955762,0.5480025828581937,13.243902206420898,True,-0.002920043045241849,-0.00525010794557057,-0.012244199951429757,-0.007984426398851729,support_dependence_only
assist_09,sequence_shuffled_support,0.5,46,long_history,25420,0.7559405869041937,0.0016753992142661822,0.513291093468534,9.261566546825417e-05,0.7576159861184599,0.5131984778030657,13.243902206420898,True,-0.0011891552150724571,-0.0037704403348579607,0.008677748972003085,0.01052287234727144,strong_evidence_gap
assist_09,sequence_shuffled_support,0.75,42,all,51090,0.7725509930766626,0.0024115184938289236,0.5304836726968817,-0.00020201154120336184,0.7749625115704916,0.530685684238085,13.341463088989258,True,-0.004599707656845364,-0.006189188239296928,-0.001181392166829187,0.00128768838467338,strong_evidence_gap
assist_09,sequence_shuffled_support,0.75,42,graph_hits_history,50529,0.7722341575844767,0.002500240888400951,0.5303057335534522,-0.00017593860262088423,0.7747343984728776,0.5304816721560731,13.341463088989258,True,-0.004590417467446262,-0.0062067749974101805,-0.000996145282239813,0.001205054319276999,strong_evidence_gap
assist_09,sequence_shuffled_support,0.75,42,high_support_mass,12637,0.7501959139134384,0.0015469275651269765,0.5042797938875538,6.071688499431627e-05,0.7517428414785654,0.5042190770025595,13.341463088989258,True,-0.006904197229940623,-0.007774195777585424,0.005555286537763782,0.010119961001836753,strong_evidence_gap
assist_09,sequence_shuffled_support,0.75,42,query_seq_top5_q4_high,12141,0.7959432665195083,0.001847777198710987,0.4951831816367222,-0.0009591887107017194,0.7977910437182193,0.4961423703474239,13.341463088989258,True,-0.004944993136986597,-0.01147524516525461,-0.008778564950994971,0.0015225356443721583,support_dependence_only
assist_09,sequence_shuffled_support,0.75,42,multi_concept,8419,0.7516194703885573,9.720114127187429e-05,0.5481118474852479,-0.0004819878006669942,0.7517166715298291,0.5485938352859149,13.341463088989258,True,-0.02065011849843912,-0.019068387602851233,-0.011218260100813416,-0.004729382085202227,support_dependence_only
assist_09,sequence_shuffled_support,0.75,42,direct_seen,49506,0.7703527158110608,0.0022246615280214765,0.5347041518317917,-0.00033663816374296385,0.7725773773390823,0.5350407899955346,13.341463088989258,True,-0.0047295423083737465,-0.006323059164686895,-0.002708551067175069,-0.0002113623142453336,support_dependence_only
assist_09,sequence_shuffled_support,0.75,42,direct_unseen,1584,0.8093851506126888,0.008652035462542784,0.39857771306755396,0.004005580362481331,0.8180371860752316,0.39457213270507263,13.341463088989258,True,-0.003604196384509817,-0.002005214734021765,-0.00205473566362141,0.002715177644161759,strong_evidence_gap
assist_09,sequence_shuffled_support,0.75,42,direct_unseen_bridgeable,1584,0.8093851506126888,0.008652035462542784,0.39857771306755396,0.004005580362481331,0.8180371860752316,0.39457213270507263,13.341463088989258,True,-0.003604196384509817,-0.002005214734021765,-0.00205473566362141,0.002715177644161759,strong_evidence_gap
assist_09,sequence_shuffled_support,0.75,42,high_seq_support,12141,0.7959432665195083,0.001847777198710987,0.4951831816367222,-0.0009591887107017194,0.7977910437182193,0.4961423703474239,13.341463088989258,True,-0.004944993136986597,-0.01147524516525461,-0.008778564950994971,0.0015225356443721583,support_dependence_only
assist_09,sequence_shuffled_support,0.75,42,high_crg_mass,12637,0.7501959139134384,0.0015469275651269765,0.5042797938875538,6.071688499431627e-05,0.7517428414785654,0.5042190770025595,13.341463088989258,True,-0.006904197229940623,-0.007774195777585424,0.005555286537763782,0.010119961001836753,strong_evidence_gap
assist_09,sequence_shuffled_support,0.75,42,short_history,25670,0.7812650268168533,0.0016370992787229088,0.5468319789554592,-0.0011706039027344906,0.7829021260955762,0.5480025828581937,13.341463088989258,True,-0.004382190087286242,-0.0066786944258777625,-0.012244199951429757,-0.007984426398851729,support_dependence_only
assist_09,sequence_shuffled_support,0.75,42,long_history,25420,0.7542053340970105,0.003410652021449412,0.5139745845120789,0.0007761067090131801,0.7576159861184599,0.5131984778030657,13.341463088989258,True,-0.005339757033392845,-0.0056948678691345345,0.008677748972003085,0.01052287234727144,strong_evidence_gap
assist_09,sequence_shuffled_support,0.75,43,all,51090,0.7724776125125439,0.002484899057947687,0.531430749481837,0.0007450652437519523,0.7749625115704916,0.530685684238085,13.308942794799805,True,-0.0071663405307312855,-0.005087790752534627,-0.001181392166829187,0.00128768838467338,strong_evidence_gap
assist_09,sequence_shuffled_support,0.75,43,graph_hits_history,50529,0.7724280934578066,0.0023063050150710085,0.5310903718578679,0.0006086997017947793,0.7747343984728776,0.5304816721560731,13.308942794799805,True,-0.007558941877066627,-0.0053681261284725945,-0.000996145282239813,0.001205054319276999,strong_evidence_gap
assist_09,sequence_shuffled_support,0.75,43,high_support_mass,12637,0.7491999617403142,0.0025428797382511803,0.5053509494395584,0.0011318724369988598,0.7517428414785654,0.5042190770025595,13.308942794799805,True,-0.012026423757147797,-0.009568833540722022,0.005555286537763782,0.010119961001836753,strong_evidence_gap
assist_09,sequence_shuffled_support,0.75,43,query_seq_top5_q4_high,12141,0.7947164149931504,0.0030746287250689175,0.4965487384426221,0.00040636809519817296,0.7977910437182193,0.4961423703474239,13.308942794799805,True,-0.01024595757281499,-0.015924360125807724,-0.008778564950994971,0.0015225356443721583,support_dependence_only
assist_09,sequence_shuffled_support,0.75,43,multi_concept,8419,0.7516481959654508,6.847556437827862e-05,0.5482351417678327,-0.00035869351808215377,0.7517166715298291,0.5485938352859149,13.308942794799805,True,-0.01767020478820902,-0.020644346260023316,-0.011218260100813416,-0.004729382085202227,support_dependence_only
assist_09,sequence_shuffled_support,0.75,43,direct_seen,49506,0.7701432548613157,0.0024341224777665316,0.5357522127292846,0.0007114227337500223,0.7725773773390823,0.5350407899955346,13.308942794799805,True,-0.007031003925516477,-0.004980763391041476,-0.002708551067175069,-0.0002113623142453336,support_dependence_only
assist_09,sequence_shuffled_support,0.75,43,direct_unseen,1584,0.8153143973896584,0.0027227886855731853,0.396368653820129,0.0017965211150563487,0.8180371860752316,0.39457213270507263,13.308942794799805,True,-0.013545198537698089,-0.008432801205871754,-0.00205473566362141,0.002715177644161759,strong_evidence_gap
assist_09,sequence_shuffled_support,0.75,43,direct_unseen_bridgeable,1584,0.8153143973896584,0.0027227886855731853,0.396368653820129,0.0017965211150563487,0.8180371860752316,0.39457213270507263,13.308942794799805,True,-0.013545198537698089,-0.008432801205871754,-0.00205473566362141,0.002715177644161759,strong_evidence_gap
assist_09,sequence_shuffled_support,0.75,43,high_seq_support,12141,0.7947164149931504,0.0030746287250689175,0.4965487384426221,0.00040636809519817296,0.7977910437182193,0.4961423703474239,13.308942794799805,True,-0.01024595757281499,-0.015924360125807724,-0.008778564950994971,0.0015225356443721583,support_dependence_only
assist_09,sequence_shuffled_support,0.75,43,high_crg_mass,12637,0.7491999617403142,0.0025428797382511803,0.5053509494395584,0.0011318724369988598,0.7517428414785654,0.5042190770025595,13.308942794799805,True,-0.012026423757147797,-0.009568833540722022,0.005555286537763782,0.010119961001836753,strong_evidence_gap
assist_09,sequence_shuffled_support,0.75,43,short_history,25670,0.7815262490112989,0.0013758770842773327,0.5481288939304447,0.00012631107225102856,0.7829021260955762,0.5480025828581937,13.308942794799805,True,-0.0077557017074465495,-0.004919853022147813,-0.012244199951429757,-0.007984426398851729,support_dependence_only
assist_09,sequence_shuffled_support,0.75,43,long_history,25420,0.7538402901363804,0.0037756959820794966,0.5145683825268503,0.0013699047237846207,0.7576159861184599,0.5131984778030657,13.308942794799805,True,-0.007247573814612163,-0.005257380112842713,0.008677748972003085,0.01052287234727144,strong_evidence_gap
assist_09,sequence_shuffled_support,0.75,44,all,51090,0.7735508709168641,0.0014116406536274217,0.5287140966189773,-0.001971587619107762,0.7749625115704916,0.530685684238085,13.365853309631348,True,-0.0073480265322634075,-0.008537586931132046,-0.001181392166829187,0.00128768838467338,strong_evidence_gap
assist_09,sequence_shuffled_support,0.75,44,graph_hits_history,50529,0.773332553115674,0.0014018453572036682,0.5285150076409587,-0.0019666645151144024,0.7747343984728776,0.5304816721560731,13.365853309631348,True,-0.007282683970000425,-0.008540749918314883,-0.000996145282239813,0.001205054319276999,strong_evidence_gap
assist_09,sequence_shuffled_support,0.75,44,high_support_mass,12637,0.750678287143101,0.0010645543354643738,0.503949021823281,-0.0002700551792784722,0.7517428414785654,0.5042190770025595,13.365853309631348,True,-0.006110428467525075,-0.006690497100270809,0.005555286537763782,0.010119961001836753,strong_evidence_gap
assist_09,sequence_shuffled_support,0.75,44,query_seq_top5_q4_high,12141,0.7984337771858585,-0.0006427334676392116,0.4939912642247853,-0.002151106122638635,0.7977910437182193,0.4961423703474239,13.365853309631348,True,-0.010462317624955197,-0.011714033922580247,-0.008778564950994971,0.0015225356443721583,support_dependence_only
assist_09,sequence_shuffled_support,0.75,44,multi_concept,8419,0.7518836525319438,-0.00016698100211465228,0.5480848293938465,-0.0005090058920683704,0.7517166715298291,0.5485938352859149,13.365853309631348,True,-0.006657253372755467,-0.012106859613862708,-0.011218260100813416,-0.004729382085202227,support_dependence_only
assist_09,sequence_shuffled_support,0.75,44,direct_seen,49506,0.771228825462962,0.001348551876120263,0.5329501759669034,-0.002090614028631199,0.7725773773390823,0.5350407899955346,13.365853309631348,True,-0.007318180359201953,-0.00855237889599969,-0.002708551067175069,-0.0002113623142453336,support_dependence_only
assist_09,sequence_shuffled_support,0.75,44,direct_unseen,1584,0.8170281092945546,0.0010090767806769652,0.3963205712411811,0.0017484385361084542,0.8180371860752316,0.39457213270507263,13.365853309631348,True,-0.01603720080627924,-0.008075281998846218,-0.00205473566362141,0.002715177644161759,strong_evidence_gap
assist_09,sequence_shuffled_support,0.75,44,direct_unseen_bridgeable,1584,0.8170281092945546,0.0010090767806769652,0.3963205712411811,0.0017484385361084542,0.8180371860752316,0.39457213270507263,13.365853309631348,True,-0.01603720080627924,-0.008075281998846218,-0.00205473566362141,0.002715177644161759,strong_evidence_gap
assist_09,sequence_shuffled_support,0.75,44,high_seq_support,12141,0.7984337771858585,-0.0006427334676392116,0.4939912642247853,-0.002151106122638635,0.7977910437182193,0.4961423703474239,13.365853309631348,True,-0.010462317624955197,-0.011714033922580247,-0.008778564950994971,0.0015225356443721583,support_dependence_only
assist_09,sequence_shuffled_support,0.75,44,high_crg_mass,12637,0.750678287143101,0.0010645543354643738,0.503949021823281,-0.0002700551792784722,0.7517428414785654,0.5042190770025595,13.365853309631348,True,-0.006110428467525075,-0.006690497100270809,0.005555286537763782,0.010119961001836753,strong_evidence_gap
assist_09,sequence_shuffled_support,0.75,44,short_history,25670,0.7828598547085425,4.227138703372102e-05,0.5441602962279837,-0.0038422866302100234,0.7829021260955762,0.5480025828581937,13.365853309631348,True,-0.008817403439469018,-0.010478429743097872,-0.012244199951429757,-0.007984426398851729,support_dependence_only
assist_09,sequence_shuffled_support,0.75,44,long_history,25420,0.7544720005706619,0.003143985547798045,0.5131159871003624,-8.249070270327508e-05,0.7576159861184599,0.5131984778030657,13.365853309631348,True,-0.005961383172086054,-0.0065776563653109354,0.008677748972003085,0.01052287234727144,strong_evidence_gap
assist_09,sequence_shuffled_support,0.75,45,all,51090,0.7728443480119975,0.002118163558494035,0.5313461873932244,0.0006605031551393248,0.7749625115704916,0.530685684238085,13.292682647705078,True,-0.006548118796554925,-0.005161769767191182,-0.001181392166829187,0.00128768838467338,strong_evidence_gap
assist_09,sequence_shuffled_support,0.75,45,graph_hits_history,50529,0.7726638916211013,0.0020705068517763436,0.531072156346817,0.0005904841907439229,0.7747343984728776,0.5304816721560731,13.292682647705078,True,-0.006514644431347749,-0.005133288779126555,-0.000996145282239813,0.001205054319276999,strong_evidence_gap
assist_09,sequence_shuffled_support,0.75,45,high_support_mass,12637,0.7492397210647106,0.002503120413854809,0.5048726496002586,0.0006535725976990481,0.7517428414785654,0.5042190770025595,13.292682647705078,True,-0.006132292945441931,-0.006093363936573226,0.005555286537763782,0.010119961001836753,strong_evidence_gap
assist_09,sequence_shuffled_support,0.75,45,query_seq_top5_q4_high,12141,0.7974620816362966,0.00032896208192267906,0.4942754983392444,-0.001866872008179532,0.7977910437182193,0.4961423703474239,13.292682647705078,True,-0.010312494412845985,-0.012394385629082072,-0.008778564950994971,0.0015225356443721583,support_dependence_only
assist_09,sequence_shuffled_support,0.75,45,multi_concept,8419,0.7515008725743346,0.00021579895549450612,0.5483689480233516,-0.00022488726256331137,0.7517166715298291,0.5485938352859149,13.292682647705078,True,-0.017305343379645732,-0.013308960800782588,-0.011218260100813416,-0.004729382085202227,support_dependence_only
assist_09,sequence_shuffled_support,0.75,45,direct_seen,49506,0.7705449071552898,0.0020324701837924897,0.5356343122421572,0.0005935222466225687,0.7725773773390823,0.5350407899955346,13.292682647705078,True,-0.006682181569655832,-0.005096384125615749,-0.002708551067175069,-0.0002113623142453336,support_dependence_only
assist_09,sequence_shuffled_support,0.75,45,direct_unseen,1584,0.8137676373608836,0.004269548714347926,0.397326042966917,0.00275391026184435,0.8180371860752316,0.39457213270507263,13.292682647705078,True,-0.008043152149628252,-0.007205318739307243,-0.00205473566362141,0.002715177644161759,strong_evidence_gap
assist_09,sequence_shuffled_support,0.75,45,direct_unseen_bridgeable,1584,0.8137676373608836,0.004269548714347926,0.397326042966917,0.00275391026184435,0.8180371860752316,0.39457213270507263,13.292682647705078,True,-0.008043152149628252,-0.007205318739307243,-0.00205473566362141,0.002715177644161759,strong_evidence_gap
assist_09,sequence_shuffled_support,0.75,45,high_seq_support,12141,0.7974620816362966,0.00032896208192267906,0.4942754983392444,-0.001866872008179532,0.7977910437182193,0.4961423703474239,13.292682647705078,True,-0.010312494412845985,-0.012394385629082072,-0.008778564950994971,0.0015225356443721583,support_dependence_only
assist_09,sequence_shuffled_support,0.75,45,high_crg_mass,12637,0.7492397210647106,0.002503120413854809,0.5048726496002586,0.0006535725976990481,0.7517428414785654,0.5042190770025595,13.292682647705078,True,-0.006132292945441931,-0.006093363936573226,0.005555286537763782,0.010119961001836753,strong_evidence_gap
assist_09,sequence_shuffled_support,0.75,45,short_history,25670,0.7820217818386748,0.0008803442569014219,0.5480328800015296,3.029714333591116e-05,0.7829021260955762,0.5480025828581937,13.292682647705078,True,-0.008941489797532176,-0.006270687323087443,-0.012244199951429757,-0.007984426398851729,support_dependence_only
assist_09,sequence_shuffled_support,0.75,45,long_history,25420,0.7540239675696292,0.0035920185488307332,0.5144953849048217,0.0012969071017560063,0.7576159861184599,0.5131984778030657,13.292682647705078,True,-0.004235234504657903,-0.004041946255788353,0.008677748972003085,0.01052287234727144,strong_evidence_gap
assist_09,sequence_shuffled_support,0.75,46,all,51090,0.7724191073099944,0.0025434042604971507,0.5296860483997626,-0.0009996358383224102,0.7749625115704916,0.530685684238085,13.439023971557617,True,-0.006832807179771971,-0.007940634638338384,-0.001181392166829187,0.00128768838467338,strong_evidence_gap
assist_09,sequence_shuffled_support,0.75,46,graph_hits_history,50529,0.7721349962578146,0.0025994022150630514,0.5294876683798452,-0.0009940037762279363,0.7747343984728776,0.5304816721560731,13.439023971557617,True,-0.006923384841960312,-0.008022485582176109,-0.000996145282239813,0.001205054319276999,strong_evidence_gap
assist_09,sequence_shuffled_support,0.75,46,high_support_mass,12637,0.7512708491501618,0.00047199232840355876,0.5033351608855249,-0.0008839161170346443,0.7517428414785654,0.5042190770025595,13.439023971557617,True,-0.009682057095776186,-0.009692458242725133,0.005555286537763782,0.010119961001836753,strong_evidence_gap
assist_09,sequence_shuffled_support,0.75,46,query_seq_top5_q4_high,12141,0.7974166367995841,0.00037440691863521725,0.4933794871314965,-0.0027628832159274364,0.7977910437182193,0.4961423703474239,13.439023971557617,True,-0.00877489373352447,-0.014343603351482215,-0.008778564950994971,0.0015225356443721583,support_dependence_only
assist_09,sequence_shuffled_support,0.75,46,multi_concept,8419,0.7516850268132298,3.164471659933277e-05,0.5479627958857997,-0.0006310394001152186,0.7517166715298291,0.5485938352859149,13.439023971557617,True,-0.013477636967587747,-0.014134689451862026,-0.011218260100813416,-0.004729382085202227,support_dependence_only
assist_09,sequence_shuffled_support,0.75,46,direct_seen,49506,0.7702020651379411,0.0023753122011411776,0.5338187947807467,-0.001221995214787941,0.7725773773390823,0.5350407899955346,13.439023971557617,True,-0.007153093918821796,-0.008201268415965912,-0.002708551067175069,-0.0002113623142453336,support_dependence_only
assist_09,sequence_shuffled_support,0.75,46,direct_unseen,1584,0.8112265315993253,0.00681065447590623,0.4005220696516624,0.0059499369465897956,0.8180371860752316,0.39457213270507263,13.439023971557617,True,-0.0027436576700883286,0.00020515816168120704,-0.00205473566362141,0.002715177644161759,strong_evidence_gap
assist_09,sequence_shuffled_support,0.75,46,direct_unseen_bridgeable,1584,0.8112265315993253,0.00681065447590623,0.4005220696516624,0.0059499369465897956,0.8180371860752316,0.39457213270507263,13.439023971557617,True,-0.0027436576700883286,0.00020515816168120704,-0.00205473566362141,0.002715177644161759,strong_evidence_gap
assist_09,sequence_shuffled_support,0.75,46,high_seq_support,12141,0.7974166367995841,0.00037440691863521725,0.4933794871314965,-0.0027628832159274364,0.7977910437182193,0.4961423703474239,13.439023971557617,True,-0.00877489373352447,-0.014343603351482215,-0.008778564950994971,0.0015225356443721583,support_dependence_only
assist_09,sequence_shuffled_support,0.75,46,high_crg_mass,12637,0.7512708491501618,0.00047199232840355876,0.5033351608855249,-0.0008839161170346443,0.7517428414785654,0.5042190770025595,13.439023971557617,True,-0.009682057095776186,-0.009692458242725133,0.005555286537763782,0.010119961001836753,strong_evidence_gap
assist_09,sequence_shuffled_support,0.75,46,short_history,25670,0.782113832444469,0.0007882936511072192,0.5458384857549515,-0.0021640971032421685,0.7829021260955762,0.5480025828581937,13.439023971557617,True,-0.008871009867865709,-0.009000436008993806,-0.012244199951429757,-0.007984426398851729,support_dependence_only
assist_09,sequence_shuffled_support,0.75,46,long_history,25420,0.753852534544631,0.0037634515738289576,0.5133747554450933,0.0001762776420275447,0.7576159861184599,0.5131984778030657,13.439023971557617,True,-0.005854757296790747,-0.006870410358844503,0.008677748972003085,0.01052287234727144,strong_evidence_gap
assist_09,sequence_shuffled_support,1.0,42,all,51090,0.7714339042167299,0.0035286073537617035,0.5296798101227553,-0.001005874115329708,0.7749625115704916,0.530685684238085,13.50406551361084,True,-0.012512499380036735,-0.009168298930864904,-0.001181392166829187,0.00128768838467338,strong_evidence_gap
assist_09,sequence_shuffled_support,1.0,42,graph_hits_history,50529,0.7711678100153326,0.0035665884575449835,0.529482650107812,-0.0009990220482610779,0.7747343984728776,0.5304816721560731,13.50406551361084,True,-0.012086030669974934,-0.008858078379465728,-0.000996145282239813,0.001205054319276999,strong_evidence_gap
assist_09,sequence_shuffled_support,1.0,42,high_support_mass,12637,0.7485752016115947,0.003167639866970662,0.5046686611294136,0.00044958412685403015,0.7517428414785654,0.5042190770025595,13.50406551361084,True,-0.010196628447097122,-0.008592383920640323,0.005555286537763782,0.010119961001836753,strong_evidence_gap
assist_09,sequence_shuffled_support,1.0,42,query_seq_top5_q4_high,12141,0.7962435492032535,0.0015474945149658303,0.49508482777674895,-0.0010575425706749741,0.7977910437182193,0.4961423703474239,13.50406551361084,True,-0.020546792529829605,-0.015564754770493072,-0.008778564950994971,0.0015225356443721583,support_dependence_only
assist_09,sequence_shuffled_support,1.0,42,multi_concept,8419,0.7514572096974567,0.0002594618323724651,0.5481138504185145,-0.0004799848674004181,0.7517166715298291,0.5485938352859149,13.50406551361084,True,-0.016522486008936133,-0.012016969132246147,-0.011218260100813416,-0.004729382085202227,support_dependence_only
assist_09,sequence_shuffled_support,1.0,42,direct_seen,49506,0.7689871789783564,0.003590198360725827,0.5340478961503198,-0.0009928938452148373,0.7725773773390823,0.5350407899955346,13.50406551361084,True,-0.012390353231432227,-0.00885508232375909,-0.002708551067175069,-0.0002113623142453336,support_dependence_only
assist_09,sequence_shuffled_support,1.0,42,direct_unseen,1584,0.8173595578721492,0.0006776282030823699,0.39316057598095955,-0.0014115567241130833,0.8180371860752316,0.39457213270507263,13.50406551361084,True,-0.022553234324323657,-0.01895750432946469,-0.00205473566362141,0.002715177644161759,strong_evidence_gap
assist_09,sequence_shuffled_support,1.0,42,direct_unseen_bridgeable,1584,0.8173595578721492,0.0006776282030823699,0.39316057598095955,-0.0014115567241130833,0.8180371860752316,0.39457213270507263,13.50406551361084,True,-0.022553234324323657,-0.01895750432946469,-0.00205473566362141,0.002715177644161759,strong_evidence_gap
assist_09,sequence_shuffled_support,1.0,42,high_seq_support,12141,0.7962435492032535,0.0015474945149658303,0.49508482777674895,-0.0010575425706749741,0.7977910437182193,0.4961423703474239,13.50406551361084,True,-0.020546792529829605,-0.015564754770493072,-0.008778564950994971,0.0015225356443721583,support_dependence_only
assist_09,sequence_shuffled_support,1.0,42,high_crg_mass,12637,0.7485752016115947,0.003167639866970662,0.5046686611294136,0.00044958412685403015,0.7517428414785654,0.5042190770025595,13.50406551361084,True,-0.010196628447097122,-0.008592383920640323,0.005555286537763782,0.010119961001836753,strong_evidence_gap
assist_09,sequence_shuffled_support,1.0,42,short_history,25670,0.7801691160128514,0.0027330100827247517,0.5452654594579566,-0.002737123400237129,0.7829021260955762,0.5480025828581937,13.50406551361084,True,-0.015720653950753727,-0.011622132916242367,-0.012244199951429757,-0.007984426398851729,support_dependence_only
assist_09,sequence_shuffled_support,1.0,42,long_history,25420,0.7527729004343908,0.004843085684069104,0.5139408794211575,0.0007424016180918036,0.7576159861184599,0.5131984778030657,13.50406551361084,True,-0.009228766569411961,-0.00669033203847158,0.008677748972003085,0.01052287234727144,strong_evidence_gap
assist_09,sequence_shuffled_support,1.0,43,all,51090,0.7720805526174712,0.002881958953020347,0.5288044169855504,-0.0018812672525346796,0.7749625115704916,0.530685684238085,13.373983383178711,True,-0.012156492068178038,-0.010033776275373607,-0.001181392166829187,0.00128768838467338,strong_evidence_gap
assist_09,sequence_shuffled_support,1.0,43,graph_hits_history,50529,0.7719272184332677,0.002807180039609891,0.5285544813505102,-0.0019271908055629172,0.7747343984728776,0.5304816721560731,13.373983383178711,True,-0.012238518463244086,-0.010038612377294642,-0.000996145282239813,0.001205054319276999,strong_evidence_gap
assist_09,sequence_shuffled_support,1.0,43,high_support_mass,12637,0.7479743852915451,0.0037684561870202637,0.5051087066884911,0.0008896296859315367,0.7517428414785654,0.5042190770025595,13.373983383178711,True,-0.010012072090271107,-0.008082612357044328,0.005555286537763782,0.010119961001836753,strong_evidence_gap
assist_09,sequence_shuffled_support,1.0,43,query_seq_top5_q4_high,12141,0.7965340334902837,0.0012570102279355622,0.49215550067447145,-0.0039868696729524755,0.7977910437182193,0.4961423703474239,13.373983383178711,True,-0.012664014185533312,-0.012937243724168823,-0.008778564950994971,0.0015225356443721583,support_dependence_only
assist_09,sequence_shuffled_support,1.0,43,multi_concept,8419,0.7516055889476153,0.00011108258221381728,0.54797124998411,-0.0006225853018049232,0.7517166715298291,0.5485938352859149,13.373983383178711,True,-0.0171096057459601,-0.013622267950792688,-0.011218260100813416,-0.004729382085202227,support_dependence_only
assist_09,sequence_shuffled_support,1.0,43,direct_seen,49506,0.7699129811045883,0.002664396234493993,0.5328668296680866,-0.002173960327447988,0.7725773773390823,0.5350407899955346,13.373983383178711,True,-0.012096438299063927,-0.00986226682334912,-0.002708551067175069,-0.0002113623142453336,support_dependence_only
assist_09,sequence_shuffled_support,1.0,43,direct_unseen,1584,0.807418555718961,0.010618630356270531,0.40183863272946757,0.00726650002439494,0.8180371860752316,0.39457213270507263,13.373983383178711,True,-0.01703891206300956,-0.015394096308152194,-0.00205473566362141,0.002715177644161759,strong_evidence_gap
assist_09,sequence_shuffled_support,1.0,43,direct_unseen_bridgeable,1584,0.807418555718961,0.010618630356270531,0.40183863272946757,0.00726650002439494,0.8180371860752316,0.39457213270507263,13.373983383178711,True,-0.01703891206300956,-0.015394096308152194,-0.00205473566362141,0.002715177644161759,strong_evidence_gap
assist_09,sequence_shuffled_support,1.0,43,high_seq_support,12141,0.7965340334902837,0.0012570102279355622,0.49215550067447145,-0.0039868696729524755,0.7977910437182193,0.4961423703474239,13.373983383178711,True,-0.012664014185533312,-0.012937243724168823,-0.008778564950994971,0.0015225356443721583,support_dependence_only
assist_09,sequence_shuffled_support,1.0,43,high_crg_mass,12637,0.7479743852915451,0.0037684561870202637,0.5051087066884911,0.0008896296859315367,0.7517428414785654,0.5042190770025595,13.373983383178711,True,-0.010012072090271107,-0.008082612357044328,0.005555286537763782,0.010119961001836753,strong_evidence_gap
assist_09,sequence_shuffled_support,1.0,43,short_history,25670,0.7819201106284741,0.000982015467102082,0.5434819354555147,-0.00452064740267899,0.7829021260955762,0.5480025828581937,13.373983383178711,True,-0.015917897054548824,-0.014001812715211615,-0.012244199951429757,-0.007984426398851729,support_dependence_only
assist_09,sequence_shuffled_support,1.0,43,long_history,25420,0.7523346840710072,0.005281302047452696,0.5139825484126163,0.0007840706095505467,0.7576159861184599,0.5131984778030657,13.373983383178711,True,-0.008126159114381193,-0.006026715086913992,0.008677748972003085,0.01052287234727144,strong_evidence_gap
assist_09,sequence_shuffled_support,1.0,44,all,51090,0.7691019725354333,0.005860539035058232,0.5299252342313164,-0.0007604500067686093,0.7749625115704916,0.530685684238085,13.487804412841797,True,-0.007783313332111352,-0.007146043107362998,-0.001181392166829187,0.00128768838467338,strong_evidence_gap
assist_09,sequence_shuffled_support,1.0,44,graph_hits_history,50529,0.7688192896706321,0.00591510880224555,0.5297620761566844,-0.0007195959993887557,0.7747343984728776,0.5304816721560731,13.487804412841797,True,-0.00777317578340575,-0.007130864618210775,-0.000996145282239813,0.001205054319276999,strong_evidence_gap
assist_09,sequence_shuffled_support,1.0,44,high_support_mass,12637,0.7466531596281425,0.005089681850422911,0.5062536234829138,0.0020345464803542823,0.7517428414785654,0.5042190770025595,13.487804412841797,True,-0.004044629117019638,-0.004255583110733041,0.005555286537763782,0.010119961001836753,strong_evidence_gap
assist_09,sequence_shuffled_support,1.0,44,query_seq_top5_q4_high,12141,0.7930332222275738,0.00475782149064552,0.49456001713404146,-0.0015823532133824592,0.7977910437182193,0.4961423703474239,13.487804412841797,True,-0.009149936911686418,-0.009265085140894802,-0.008778564950994971,0.0015225356443721583,support_dependence_only
assist_09,sequence_shuffled_support,1.0,44,multi_concept,8419,0.7517867619374492,-7.009040762007146e-05,0.547773091403688,-0.0008207438822268598,0.7517166715298291,0.5485938352859149,13.487804412841797,True,-0.011995645637308483,-0.009443229392408936,-0.011218260100813416,-0.004729382085202227,support_dependence_only
assist_09,sequence_shuffled_support,1.0,44,direct_seen,49506,0.7669920999167993,0.005585277422282986,0.533814635556889,-0.0012261544386455991,0.7725773773390823,0.5350407899955346,13.487804412841797,True,-0.00793723395264978,-0.007184701243849734,-0.002708551067175069,-0.0002113623142453336,support_dependence_only
assist_09,sequence_shuffled_support,1.0,44,direct_unseen,1584,0.8052776434251651,0.012759542650066513,0.4083667102263986,0.013794577521325957,0.8180371860752316,0.39457213270507263,13.487804412841797,True,-0.014109888706933194,-0.005937829909812231,-0.00205473566362141,0.002715177644161759,strong_evidence_gap
assist_09,sequence_shuffled_support,1.0,44,direct_unseen_bridgeable,1584,0.8052776434251651,0.012759542650066513,0.4083667102263986,0.013794577521325957,0.8180371860752316,0.39457213270507263,13.487804412841797,True,-0.014109888706933194,-0.005937829909812231,-0.00205473566362141,0.002715177644161759,strong_evidence_gap
assist_09,sequence_shuffled_support,1.0,44,high_seq_support,12141,0.7930332222275738,0.00475782149064552,0.49456001713404146,-0.0015823532133824592,0.7977910437182193,0.4961423703474239,13.487804412841797,True,-0.009149936911686418,-0.009265085140894802,-0.008778564950994971,0.0015225356443721583,support_dependence_only
assist_09,sequence_shuffled_support,1.0,44,high_crg_mass,12637,0.7466531596281425,0.005089681850422911,0.5062536234829138,0.0020345464803542823,0.7517428414785654,0.5042190770025595,13.487804412841797,True,-0.004044629117019638,-0.004255583110733041,0.005555286537763782,0.010119961001836753,strong_evidence_gap
assist_09,sequence_shuffled_support,1.0,44,short_history,25670,0.7793510236629011,0.0035511024326750906,0.5434163458190214,-0.0045862370391722695,0.7829021260955762,0.5480025828581937,13.487804412841797,True,-0.010407515036185755,-0.009849728994517526,-0.012244199951429757,-0.007984426398851729,support_dependence_only
assist_09,sequence_shuffled_support,1.0,44,long_history,25420,0.7484653869767193,0.009150599141740656,0.5163014405862973,0.003102962783231633,0.7576159861184599,0.5131984778030657,13.487804412841797,True,-0.005063975110495944,-0.0044157670757637435,0.008677748972003085,0.01052287234727144,strong_evidence_gap
assist_09,sequence_shuffled_support,1.0,45,all,51090,0.7719230436670154,0.0030394679034762007,0.5292875970721708,-0.0013980871659142746,0.7749625115704916,0.530685684238085,13.430893898010254,True,-0.010413171401322585,-0.007401741855596722,-0.001181392166829187,0.00128768838467338,strong_evidence_gap
assist_09,sequence_shuffled_support,1.0,45,graph_hits_history,50529,0.7716139114601828,0.0031204870126948503,0.5291361592543339,-0.001345512901739232,0.7747343984728776,0.5304816721560731,13.430893898010254,True,-0.010237178548384462,-0.0072591077126926695,-0.000996145282239813,0.001205054319276999,strong_evidence_gap
assist_09,sequence_shuffled_support,1.0,45,high_support_mass,12637,0.7478935276797674,0.0038493137987980486,0.5055995036690033,0.0013804266664437792,0.7517428414785654,0.5042190770025595,13.430893898010254,True,-0.006522435254208592,-0.006238314523610788,0.005555286537763782,0.010119961001836753,strong_evidence_gap
assist_09,sequence_shuffled_support,1.0,45,query_seq_top5_q4_high,12141,0.7970368853009224,0.0007541584172968685,0.4929863628337628,-0.00315600751366113,0.7977910437182193,0.4961423703474239,13.430893898010254,True,-0.01014736915911374,-0.00975422713115276,-0.008778564950994971,0.0015225356443721583,support_dependence_only
assist_09,sequence_shuffled_support,1.0,45,multi_concept,8419,0.7517427264044385,-2.6054874609382495e-05,0.5479770662480309,-0.0006167690378839907,0.7517166715298291,0.5485938352859149,13.430893898010254,True,-0.01238820781840011,-0.009975338021482205,-0.011218260100813416,-0.004729382085202227,support_dependence_only
assist_09,sequence_shuffled_support,1.0,45,direct_seen,49506,0.7695142539172573,0.0030631234218250203,0.5334988565026342,-0.001541933492900438,0.7725773773390823,0.5350407899955346,13.430893898010254,True,-0.010280365462480567,-0.007038228294480309,-0.002708551067175069,-0.0002113623142453336,support_dependence_only
assist_09,sequence_shuffled_support,1.0,45,direct_unseen,1584,0.8182115034752997,-0.00017431740006812468,0.39766978812992065,0.0030976554248480226,0.8180371860752316,0.39457213270507263,13.430893898010254,True,-0.02293624156954399,-0.01876291758578874,-0.00205473566362141,0.002715177644161759,strong_evidence_gap
assist_09,sequence_shuffled_support,1.0,45,direct_unseen_bridgeable,1584,0.8182115034752997,-0.00017431740006812468,0.39766978812992065,0.0030976554248480226,0.8180371860752316,0.39457213270507263,13.430893898010254,True,-0.02293624156954399,-0.01876291758578874,-0.00205473566362141,0.002715177644161759,strong_evidence_gap
assist_09,sequence_shuffled_support,1.0,45,high_seq_support,12141,0.7970368853009224,0.0007541584172968685,0.4929863628337628,-0.00315600751366113,0.7977910437182193,0.4961423703474239,13.430893898010254,True,-0.01014736915911374,-0.00975422713115276,-0.008778564950994971,0.0015225356443721583,support_dependence_only
assist_09,sequence_shuffled_support,1.0,45,high_crg_mass,12637,0.7478935276797674,0.0038493137987980486,0.5055995036690033,0.0013804266664437792,0.7517428414785654,0.5042190770025595,13.430893898010254,True,-0.006522435254208592,-0.006238314523610788,0.005555286537763782,0.010119961001836753,strong_evidence_gap
assist_09,sequence_shuffled_support,1.0,45,short_history,25670,0.7812655175664651,0.0016366085291110721,0.544360564053657,-0.0036420188045367397,0.7829021260955762,0.5480025828581937,13.430893898010254,True,-0.013393662691501218,-0.00867394886327999,-0.012244199951429757,-0.007984426398851729,support_dependence_only
assist_09,sequence_shuffled_support,1.0,45,long_history,25420,0.7528248223047217,0.004791163813738231,0.5140663908402764,0.0008679130372106769,0.7576159861184599,0.5131984778030657,13.430893898010254,True,-0.007615294354631819,-0.006117022977263575,0.008677748972003085,0.01052287234727144,strong_evidence_gap
assist_09,sequence_shuffled_support,1.0,46,all,51090,0.7666156751508142,0.008346836419677373,0.5331066934879511,0.0024210092498661018,0.7749625115704916,0.530685684238085,13.55284595489502,True,-0.006264162870165624,-0.004139981257944347,-0.001181392166829187,0.00128768838467338,strong_evidence_gap
assist_09,sequence_shuffled_support,1.0,46,graph_hits_history,50529,0.7663164953616846,0.008417903111193059,0.5328887773096577,0.0024071051535845545,0.7747343984728776,0.5304816721560731,13.55284595489502,True,-0.005808845610840052,-0.0038391703835114477,-0.000996145282239813,0.001205054319276999,strong_evidence_gap
assist_09,sequence_shuffled_support,1.0,46,high_support_mass,12637,0.7459273156703217,0.005815525808243738,0.5060368805498319,0.0018178035472723453,0.7517428414785654,0.5042190770025595,13.55284595489502,True,-0.00371795365373373,-0.005259525998553172,0.005555286537763782,0.010119961001836753,strong_evidence_gap
assist_09,sequence_shuffled_support,1.0,46,query_seq_top5_q4_high,12141,0.7922029512643654,0.005588092453853943,0.49706988740218544,0.0009275170547615175,0.7977910437182193,0.4961423703474239,13.55284595489502,True,-0.006056761221407081,-0.0054282848111799065,-0.008778564950994971,0.0015225356443721583,support_dependence_only
assist_09,sequence_shuffled_support,1.0,46,multi_concept,8419,0.7517114232892941,5.248240535049575e-06,0.5477790079536792,-0.0008148273322357014,0.7517166715298291,0.5485938352859149,13.55284595489502,True,-0.010545174804917568,-0.007716322318089386,-0.011218260100813416,-0.004729382085202227,support_dependence_only
assist_09,sequence_shuffled_support,1.0,46,direct_seen,49506,0.7645104248017525,0.008066952537329808,0.537147726774148,0.0021069367786133997,0.7725773773390823,0.5350407899955346,13.55284595489502,True,-0.006453921139341845,-0.004042554987082281,-0.002708551067175069,-0.0002113623142453336,support_dependence_only
assist_09,sequence_shuffled_support,1.0,46,direct_unseen,1584,0.805812871498614,0.012224314576617545,0.40680909635003504,0.012236963644962406,0.8180371860752316,0.39457213270507263,13.55284595489502,True,-0.0114091965931995,-0.007184921261281119,-0.00205473566362141,0.002715177644161759,strong_evidence_gap
assist_09,sequence_shuffled_support,1.0,46,direct_unseen_bridgeable,1584,0.805812871498614,0.012224314576617545,0.40680909635003504,0.012236963644962406,0.8180371860752316,0.39457213270507263,13.55284595489502,True,-0.0114091965931995,-0.007184921261281119,-0.00205473566362141,0.002715177644161759,strong_evidence_gap
assist_09,sequence_shuffled_support,1.0,46,high_seq_support,12141,0.7922029512643654,0.005588092453853943,0.49706988740218544,0.0009275170547615175,0.7977910437182193,0.4961423703474239,13.55284595489502,True,-0.006056761221407081,-0.0054282848111799065,-0.008778564950994971,0.0015225356443721583,support_dependence_only
assist_09,sequence_shuffled_support,1.0,46,high_crg_mass,12637,0.7459273156703217,0.005815525808243738,0.5060368805498319,0.0018178035472723453,0.7517428414785654,0.5042190770025595,13.55284595489502,True,-0.00371795365373373,-0.005259525998553172,0.005555286537763782,0.010119961001836753,strong_evidence_gap
assist_09,sequence_shuffled_support,1.0,46,short_history,25670,0.7764250278885994,0.006477098206976839,0.5500284816435889,0.0020258987853951638,0.7829021260955762,0.5480025828581937,13.55284595489502,True,-0.010695489457857033,-0.004871223577124439,-0.012244199951429757,-0.007984426398851729,support_dependence_only
assist_09,sequence_shuffled_support,1.0,46,long_history,25420,0.7487394649363992,0.008876521182060726,0.5160184833402243,0.002820005537158554,0.7576159861184599,0.5131984778030657,13.55284595489502,True,-0.0034729597737789275,-0.0034015473345236913,0.008677748972003085,0.01052287234727144,strong_evidence_gap
assist_09,self_only_fallback,0.0,42,all,51090,0.7749625115704916,0.0,0.5306856842325525,-5.5325743986145426e-12,0.7749625115704916,0.530685684238085,12.95121955871582,True,0.0,-6.6069372195443066e-12,-0.001181392166829187,0.00128768838467338,strong_evidence_gap
assist_09,self_only_fallback,0.0,42,graph_hits_history,50529,0.7747343984728776,0.0,0.5304816721504791,-5.593969731876314e-12,0.7747343984728776,0.5304816721560731,12.95121955871582,True,0.0,-6.680433983774492e-12,-0.000996145282239813,0.001205054319276999,strong_evidence_gap
assist_09,self_only_fallback,0.0,42,high_support_mass,12637,0.7517428414785654,0.0,0.5042190769790127,-2.3546831151577408e-11,0.7517428414785654,0.5042190770025595,12.95121955871582,True,0.0,0.0,0.005555286537763782,0.010119961001836753,strong_evidence_gap
assist_09,self_only_fallback,0.0,42,query_seq_top5_q4_high,12141,0.7977910437182193,0.0,0.4961423703474239,0.0,0.7977910437182193,0.4961423703474239,12.95121955871582,True,0.0,0.0,-0.008778564950994971,0.0015225356443721583,support_dependence_only
assist_09,self_only_fallback,0.0,42,multi_concept,8419,0.7517166715298291,0.0,0.5485938352523405,-3.357436550999182e-11,0.7517166715298291,0.5485938352859149,12.95121955871582,True,0.0,-4.0094705333615366e-11,-0.011218260100813416,-0.004729382085202227,support_dependence_only
assist_09,self_only_fallback,0.0,42,direct_seen,49506,0.7725773773390823,0.0,0.535040789989825,-5.709654971042255e-12,0.7725773773390823,0.5350407899955346,12.95121955871582,True,0.0,-6.818434705735399e-12,-0.002708551067175069,-0.0002113623142453336,support_dependence_only
assist_09,self_only_fallback,0.0,42,direct_unseen,1584,0.8180371860752316,0.0,0.39457213270507263,0.0,0.8180371860752316,0.39457213270507263,12.95121955871582,True,0.0,0.0,-0.00205473566362141,0.002715177644161759,strong_evidence_gap
assist_09,self_only_fallback,0.0,42,direct_unseen_bridgeable,1584,0.8180371860752316,0.0,0.39457213270507263,0.0,0.8180371860752316,0.39457213270507263,12.95121955871582,True,0.0,0.0,-0.00205473566362141,0.002715177644161759,strong_evidence_gap
assist_09,self_only_fallback,0.0,42,high_seq_support,12141,0.7977910437182193,0.0,0.4961423703474239,0.0,0.7977910437182193,0.4961423703474239,12.95121955871582,True,0.0,0.0,-0.008778564950994971,0.0015225356443721583,support_dependence_only
assist_09,self_only_fallback,0.0,42,high_crg_mass,12637,0.7517428414785654,0.0,0.5042190769790127,-2.3546831151577408e-11,0.7517428414785654,0.5042190770025595,12.95121955871582,True,0.0,0.0,0.005555286537763782,0.010119961001836753,strong_evidence_gap
assist_09,self_only_fallback,0.0,42,short_history,25670,0.7829021260955762,0.0,0.5480025828587741,5.804245972740318e-13,0.7829021260955762,0.5480025828581937,12.95121955871582,True,0.0,-1.3149925592870204e-11,-0.012244199951429757,-0.007984426398851729,support_dependence_only
assist_09,self_only_fallback,0.0,42,long_history,25420,0.7576159861184599,0.0,0.51319847779136,-1.17057474824378e-11,0.7576159861184599,0.5131984778030657,12.95121955871582,True,0.0,0.0,0.008677748972003085,0.01052287234727144,strong_evidence_gap
assist_09,self_only_fallback,0.25,42,all,51090,0.7602030625747823,0.014759448995709246,0.5393287345856302,0.0086430503475452,0.7749625115704916,0.530685684238085,1.0,True,0.013933965028573692,0.007753133687837588,-0.001181392166829187,0.00128768838467338,strong_evidence_gap
assist_09,self_only_fallback,0.25,42,graph_hits_history,50529,0.7601386166900641,0.01459578178281351,0.5389440318628844,0.008462359706811307,0.7747343984728776,0.5304816721560731,1.0,True,0.013744533241959678,0.007536395530209239,-0.000996145282239813,0.001205054319276999,strong_evidence_gap
assist_09,self_only_fallback,0.25,42,high_support_mass,12637,0.7324486526598326,0.019294188818732794,0.5227077605957638,0.018488683593204325,0.7517428414785654,0.5042190770025595,1.0,True,0.01926074624912366,0.01816188792785134,0.005555286537763782,0.010119961001836753,strong_evidence_gap
assist_09,self_only_fallback,0.25,42,query_seq_top5_q4_high,12141,0.7852926478875515,0.012498395830667808,0.502753137814934,0.006610767467510104,0.7977910437182193,0.4961423703474239,1.0,True,0.012051821175187882,0.006494080957512693,-0.008778564950994971,0.0015225356443721583,support_dependence_only
assist_09,self_only_fallback,0.25,42,multi_concept,8419,0.7457581173511552,0.005958554178673969,0.5509533925365695,0.0023595572506546203,0.7517166715298291,0.5485938352859149,1.0,True,0.004581807151196826,-0.0005559857147120484,-0.011218260100813416,-0.004729382085202227,support_dependence_only
assist_09,self_only_fallback,0.25,42,direct_seen,49506,0.7594273485199593,0.013150028819122972,0.5422836557057062,0.007242865710171631,0.7725773773390823,0.5350407899955346,1.0,True,0.012352127138996583,0.006391033650391065,-0.002708551067175069,-0.0002113623142453336,support_dependence_only
assist_09,self_only_fallback,0.25,42,direct_unseen,1584,0.7925131904258009,0.025523995649430642,0.4469762567002221,0.05240412399514949,0.8180371860752316,0.39457213270507263,1.0,True,0.021674281800035944,0.05032391932787772,-0.00205473566362141,0.002715177644161759,strong_evidence_gap
assist_09,self_only_fallback,0.25,42,direct_unseen_bridgeable,1584,0.7925131904258009,0.025523995649430642,0.4469762567002221,0.05240412399514949,0.8180371860752316,0.39457213270507263,1.0,True,0.021674281800035944,0.05032391932787772,-0.00205473566362141,0.002715177644161759,strong_evidence_gap
assist_09,self_only_fallback,0.25,42,high_seq_support,12141,0.7852926478875515,0.012498395830667808,0.502753137814934,0.006610767467510104,0.7977910437182193,0.4961423703474239,1.0,True,0.012051821175187882,0.006494080957512693,-0.008778564950994971,0.0015225356443721583,support_dependence_only
assist_09,self_only_fallback,0.25,42,high_crg_mass,12637,0.7324486526598326,0.019294188818732794,0.5227077605957638,0.018488683593204325,0.7517428414785654,0.5042190770025595,1.0,True,0.01926074624912366,0.01816188792785134,0.005555286537763782,0.010119961001836753,strong_evidence_gap
assist_09,self_only_fallback,0.25,42,short_history,25670,0.7768207696503919,0.0060813564451842606,0.5476280616615934,-0.00037452119660030814,0.7829021260955762,0.5480025828581937,1.0,True,0.004673338448006659,-0.001309313736752693,-0.012244199951429757,-0.007984426398851729,support_dependence_only
assist_09,self_only_fallback,0.25,42,long_history,25420,0.7347379350940958,0.022878051024364132,0.5309477854888568,0.017749307685791083,0.7576159861184599,0.5131984778030657,1.0,True,0.022376739014155156,0.016904708250749745,0.008677748972003085,0.01052287234727144,strong_evidence_gap
assist_09,self_only_fallback,0.25,43,all,51090,0.7602030625747823,0.014759448995709246,0.5393287345833871,0.008643050345302106,0.7749625115704916,0.530685684238085,1.0,True,0.011964201662547524,0.007278028526154112,-0.001181392166829187,0.00128768838467338,strong_evidence_gap
assist_09,self_only_fallback,0.25,43,graph_hits_history,50529,0.7601386166900641,0.01459578178281351,0.5389440318606167,0.008462359704543565,0.7747343984728776,0.5304816721560731,1.0,True,0.011797397149705957,0.007088797771640731,-0.000996145282239813,0.001205054319276999,strong_evidence_gap
assist_09,self_only_fallback,0.25,43,high_support_mass,12637,0.7324486526598326,0.019294188818732794,0.5227077605866957,0.018488683584136134,0.7517428414785654,0.5042190770025595,1.0,True,0.018613806592373328,0.018405766534548063,0.005555286537763782,0.010119961001836753,strong_evidence_gap
assist_09,self_only_fallback,0.25,43,query_seq_top5_q4_high,12141,0.7852926478875515,0.012498395830667808,0.502753137814934,0.006610767467510104,0.7977910437182193,0.4961423703474239,1.0,True,0.009812235359779709,0.004006508097114947,-0.008778564950994971,0.0015225356443721583,support_dependence_only
assist_09,self_only_fallback,0.25,43,multi_concept,8419,0.7457581173511552,0.005958554178673969,0.550953392522958,0.002359557237043175,0.7517166715298291,0.5485938352859149,1.0,True,0.005802783915217269,0.0032505536231995924,-0.011218260100813416,-0.004729382085202227,support_dependence_only
assist_09,self_only_fallback,0.25,43,direct_seen,49506,0.7594273485199593,0.013150028819122972,0.5422836557033914,0.007242865707856816,0.7725773773390823,0.5350407899955346,1.0,True,0.01042900732742369,0.005953223654109108,-0.002708551067175069,-0.0002113623142453336,support_dependence_only
assist_09,self_only_fallback,0.25,43,direct_unseen,1584,0.7925131904258009,0.025523995649430642,0.4469762567002221,0.05240412399514949,0.8180371860752316,0.39457213270507263,1.0,True,0.01659698062621684,0.048683198977830466,-0.00205473566362141,0.002715177644161759,strong_evidence_gap
assist_09,self_only_fallback,0.25,43,direct_unseen_bridgeable,1584,0.7925131904258009,0.025523995649430642,0.4469762567002221,0.05240412399514949,0.8180371860752316,0.39457213270507263,1.0,True,0.01659698062621684,0.048683198977830466,-0.00205473566362141,0.002715177644161759,strong_evidence_gap
assist_09,self_only_fallback,0.25,43,high_seq_support,12141,0.7852926478875515,0.012498395830667808,0.502753137814934,0.006610767467510104,0.7977910437182193,0.4961423703474239,1.0,True,0.009812235359779709,0.004006508097114947,-0.008778564950994971,0.0015225356443721583,support_dependence_only
assist_09,self_only_fallback,0.25,43,high_crg_mass,12637,0.7324486526598326,0.019294188818732794,0.5227077605866957,0.018488683584136134,0.7517428414785654,0.5042190770025595,1.0,True,0.018613806592373328,0.018405766534548063,0.005555286537763782,0.010119961001836753,strong_evidence_gap
assist_09,self_only_fallback,0.25,43,short_history,25670,0.7768207696503919,0.0060813564451842606,0.5476280616615934,-0.00037452119660030814,0.7829021260955762,0.5480025828581937,1.0,True,0.0023197829759903366,-0.002333305226408844,-0.012244199951429757,-0.007984426398851729,support_dependence_only
assist_09,self_only_fallback,0.25,43,long_history,25420,0.7347379350940958,0.022878051024364132,0.5309477854843487,0.017749307681283022,0.7576159861184599,0.5131984778030657,1.0,True,0.021178140374616183,0.016983887590996116,0.008677748972003085,0.01052287234727144,strong_evidence_gap
assist_09,self_only_fallback,0.25,44,all,51090,0.7602030625747823,0.014759448995709246,0.539328734589395,0.008643050351309967,0.7749625115704916,0.530685684238085,1.0,True,0.013303594584469502,0.0071714451789999245,-0.001181392166829187,0.00128768838467338,strong_evidence_gap
assist_09,self_only_fallback,0.25,44,graph_hits_history,50529,0.7601386166900641,0.01459578178281351,0.538944031866691,0.008462359710617928,0.7747343984728776,0.5304816721560731,1.0,True,0.0131532451087909,0.006973831502853245,-0.000996145282239813,0.001205054319276999,strong_evidence_gap
assist_09,self_only_fallback,0.25,44,high_support_mass,12637,0.7324486526598326,0.019294188818732794,0.5227077605957638,0.018488683593204325,0.7517428414785654,0.5042190770025595,1.0,True,0.019254366484313445,0.01848363328760616,0.005555286537763782,0.010119961001836753,strong_evidence_gap
assist_09,self_only_fallback,0.25,44,query_seq_top5_q4_high,12141,0.7852926478875515,0.012498395830667808,0.502753137814934,0.006610767467510104,0.7977910437182193,0.4961423703474239,1.0,True,0.009624141137124398,0.004513625844161873,-0.008778564950994971,0.0015225356443721583,support_dependence_only
assist_09,self_only_fallback,0.25,44,multi_concept,8419,0.7457581173511552,0.005958554178673969,0.5509533925594156,0.0023595572735006787,0.7517166715298291,0.5485938352859149,1.0,True,0.005856663781066085,0.002375028531010348,-0.011218260100813416,-0.004729382085202227,support_dependence_only
assist_09,self_only_fallback,0.25,44,direct_seen,49506,0.7594273485199593,0.013150028819122972,0.5422836557095915,0.007242865714056856,0.7725773773390823,0.5350407899955346,1.0,True,0.011729170692415747,0.005793725038796271,-0.002708551067175069,-0.0002113623142453336,support_dependence_only
assist_09,self_only_fallback,0.25,44,direct_unseen,1584,0.7925131904258009,0.025523995649430642,0.4469762567002221,0.05240412399514949,0.8180371860752316,0.39457213270507263,1.0,True,0.020984377723709424,0.05023041819725366,-0.00205473566362141,0.002715177644161759,strong_evidence_gap
assist_09,self_only_fallback,0.25,44,direct_unseen_bridgeable,1584,0.7925131904258009,0.025523995649430642,0.4469762567002221,0.05240412399514949,0.8180371860752316,0.39457213270507263,1.0,True,0.020984377723709424,0.05023041819725366,-0.00205473566362141,0.002715177644161759,strong_evidence_gap
assist_09,self_only_fallback,0.25,44,high_seq_support,12141,0.7852926478875515,0.012498395830667808,0.502753137814934,0.006610767467510104,0.7977910437182193,0.4961423703474239,1.0,True,0.009624141137124398,0.004513625844161873,-0.008778564950994971,0.0015225356443721583,support_dependence_only
assist_09,self_only_fallback,0.25,44,high_crg_mass,12637,0.7324486526598326,0.019294188818732794,0.5227077605957638,0.018488683593204325,0.7517428414785654,0.5042190770025595,1.0,True,0.019254366484313445,0.01848363328760616,0.005555286537763782,0.010119961001836753,strong_evidence_gap
assist_09,self_only_fallback,0.25,44,short_history,25670,0.7768207696503919,0.0060813564451842606,0.5476280616690863,-0.00037452118910741294,0.7829021260955762,0.5480025828581937,1.0,True,0.003966120456824873,-0.002444809815967397,-0.012244199951429757,-0.007984426398851729,support_dependence_only
assist_09,self_only_fallback,0.25,44,long_history,25420,0.7347379350940958,0.022878051024364132,0.5309477854888568,0.017749307685791083,0.7576159861184599,0.5131984778030657,1.0,True,0.02220477444310931,0.016882273885561627,0.008677748972003085,0.01052287234727144,strong_evidence_gap
assist_09,self_only_fallback,0.25,45,all,51090,0.7602030625747823,0.014759448995709246,0.5393287345871519,0.008643050349066872,0.7749625115704916,0.530685684238085,1.0,True,0.013763004653598698,0.007214935085306906,-0.001181392166829187,0.00128768838467338,strong_evidence_gap
assist_09,self_only_fallback,0.25,45,graph_hits_history,50529,0.7601386166900641,0.01459578178281351,0.5389440318644232,0.008462359708350076,0.7747343984728776,0.5304816721560731,1.0,True,0.013626640714266447,0.007075007955419266,-0.000996145282239813,0.001205054319276999,strong_evidence_gap
assist_09,self_only_fallback,0.25,45,high_support_mass,12637,0.7324486526598326,0.019294188818732794,0.5227077605866957,0.018488683584136134,0.7517428414785654,0.5042190770025595,1.0,True,0.019288029589002664,0.01821095617487367,0.005555286537763782,0.010119961001836753,strong_evidence_gap
assist_09,self_only_fallback,0.25,45,query_seq_top5_q4_high,12141,0.7852926478875515,0.012498395830667808,0.502753137814934,0.006610767467510104,0.7977910437182193,0.4961423703474239,1.0,True,0.012334336311643046,0.005694108180188784,-0.008778564950994971,0.0015225356443721583,support_dependence_only
assist_09,self_only_fallback,0.25,45,multi_concept,8419,0.7457581173511552,0.005958554178673969,0.5509533925458042,0.0023595572598893444,0.7517166715298291,0.5485938352859149,1.0,True,0.005139890764550126,0.002364718728115167,-0.011218260100813416,-0.004729382085202227,support_dependence_only
assist_09,self_only_fallback,0.25,45,direct_seen,49506,0.7594273485199593,0.013150028819122972,0.5422836557072767,0.007242865711742041,0.7725773773390823,0.5350407899955346,1.0,True,0.012279330207869976,0.005857455539903689,-0.002708551067175069,-0.0002113623142453336,support_dependence_only
assist_09,self_only_fallback,0.25,45,direct_unseen,1584,0.7925131904258009,0.025523995649430642,0.4469762567002221,0.05240412399514949,0.8180371860752316,0.39457213270507263,1.0,True,0.018769810190447878,0.049641312847125696,-0.00205473566362141,0.002715177644161759,strong_evidence_gap
assist_09,self_only_fallback,0.25,45,direct_unseen_bridgeable,1584,0.7925131904258009,0.025523995649430642,0.4469762567002221,0.05240412399514949,0.8180371860752316,0.39457213270507263,1.0,True,0.018769810190447878,0.049641312847125696,-0.00205473566362141,0.002715177644161759,strong_evidence_gap
assist_09,self_only_fallback,0.25,45,high_seq_support,12141,0.7852926478875515,0.012498395830667808,0.502753137814934,0.006610767467510104,0.7977910437182193,0.4961423703474239,1.0,True,0.012334336311643046,0.005694108180188784,-0.008778564950994971,0.0015225356443721583,support_dependence_only
assist_09,self_only_fallback,0.25,45,high_crg_mass,12637,0.7324486526598326,0.019294188818732794,0.5227077605866957,0.018488683584136134,0.7517428414785654,0.5042190770025595,1.0,True,0.019288029589002664,0.01821095617487367,0.005555286537763782,0.010119961001836753,strong_evidence_gap
assist_09,self_only_fallback,0.25,45,short_history,25670,0.7768207696503919,0.0060813564451842606,0.5476280616690863,-0.00037452118910741294,0.7829021260955762,0.5480025828581937,1.0,True,0.004709985334617084,-0.0018782533792218725,-0.012244199951429757,-0.007984426398851729,support_dependence_only
assist_09,self_only_fallback,0.25,45,long_history,25420,0.7347379350940958,0.022878051024364132,0.5309477854843487,0.017749307681283022,0.7576159861184599,0.5131984778030657,1.0,True,0.022094408896328632,0.016397553019392164,0.008677748972003085,0.01052287234727144,strong_evidence_gap
assist_09,self_only_fallback,0.25,46,all,51090,0.7602030625747823,0.014759448995709246,0.539328734589395,0.008643050351309967,0.7749625115704916,0.530685684238085,1.0,True,0.012453482823594486,0.006676110950979308,-0.001181392166829187,0.00128768838467338,strong_evidence_gap
assist_09,self_only_fallback,0.25,46,graph_hits_history,50529,0.7601386166900641,0.01459578178281351,0.538944031866691,0.008462359710617928,0.7747343984728776,0.5304816721560731,1.0,True,0.012219679777364378,0.006417669751183741,-0.000996145282239813,0.001205054319276999,strong_evidence_gap
assist_09,self_only_fallback,0.25,46,high_support_mass,12637,0.7324486526598326,0.019294188818732794,0.5227077605957638,0.018488683593204325,0.7517428414785654,0.5042190770025595,1.0,True,0.017633559667435517,0.016232820158348593,0.005555286537763782,0.010119961001836753,strong_evidence_gap
assist_09,self_only_fallback,0.25,46,query_seq_top5_q4_high,12141,0.7852926478875515,0.012498395830667808,0.502753137814934,0.006610767467510104,0.7977910437182193,0.4961423703474239,1.0,True,0.010291243344645928,0.003641064016176865,-0.008778564950994971,0.0015225356443721583,support_dependence_only
assist_09,self_only_fallback,0.25,46,multi_concept,8419,0.7457581173511552,0.005958554178673969,0.5509533925594156,0.0023595572735006787,0.7517166715298291,0.5485938352859149,1.0,True,0.003028917991676705,-0.0032451253450903605,-0.011218260100813416,-0.004729382085202227,support_dependence_only
assist_09,self_only_fallback,0.25,46,direct_seen,49506,0.7594273485199593,0.013150028819122972,0.5422836557095915,0.007242865714056856,0.7725773773390823,0.5350407899955346,1.0,True,0.010952399903157883,0.005392577196173143,-0.002708551067175069,-0.0002113623142453336,support_dependence_only
assist_09,self_only_fallback,0.25,46,direct_unseen,1584,0.7925131904258009,0.025523995649430642,0.4469762567002221,0.05240412399514949,0.8180371860752316,0.39457213270507263,1.0,True,0.015455324414502147,0.046791402658950654,-0.00205473566362141,0.002715177644161759,strong_evidence_gap
assist_09,self_only_fallback,0.25,46,direct_unseen_bridgeable,1584,0.7925131904258009,0.025523995649430642,0.4469762567002221,0.05240412399514949,0.8180371860752316,0.39457213270507263,1.0,True,0.015455324414502147,0.046791402658950654,-0.00205473566362141,0.002715177644161759,strong_evidence_gap
assist_09,self_only_fallback,0.25,46,high_seq_support,12141,0.7852926478875515,0.012498395830667808,0.502753137814934,0.006610767467510104,0.7977910437182193,0.4961423703474239,1.0,True,0.010291243344645928,0.003641064016176865,-0.008778564950994971,0.0015225356443721583,support_dependence_only
assist_09,self_only_fallback,0.25,46,high_crg_mass,12637,0.7324486526598326,0.019294188818732794,0.5227077605957638,0.018488683593204325,0.7517428414785654,0.5042190770025595,1.0,True,0.017633559667435517,0.016232820158348593,0.005555286537763782,0.010119961001836753,strong_evidence_gap
assist_09,self_only_fallback,0.25,46,short_history,25670,0.7768207696503919,0.0060813564451842606,0.5476280616690863,-0.00037452118910741294,0.7829021260955762,0.5480025828581937,1.0,True,0.0031456986395606013,-0.0024987822476429944,-0.012244199951429757,-0.007984426398851729,support_dependence_only
assist_09,self_only_fallback,0.25,46,long_history,25420,0.7347379350940958,0.022878051024364132,0.5309477854888568,0.017749307685791083,0.7576159861184599,0.5131984778030657,1.0,True,0.02108914976465226,0.015941237166896882,0.008677748972003085,0.01052287234727144,strong_evidence_gap
assist_09,self_only_fallback,0.5,42,all,51090,0.7602030625747823,0.014759448995709246,0.5393287345856302,0.0086430503475452,0.7749625115704916,0.530685684238085,1.0,True,0.01077561801603999,0.006472625891592476,-0.001181392166829187,0.00128768838467338,strong_evidence_gap
assist_09,self_only_fallback,0.5,42,graph_hits_history,50529,0.7601386166900641,0.01459578178281351,0.5389440318628844,0.008462359706811307,0.7747343984728776,0.5304816721560731,1.0,True,0.010491438763658767,0.006180501347671341,-0.000996145282239813,0.001205054319276999,strong_evidence_gap
assist_09,self_only_fallback,0.5,42,high_support_mass,12637,0.7324486526598326,0.019294188818732794,0.5227077605957638,0.018488683593204325,0.7517428414785654,0.5042190770025595,1.0,True,0.014387094261923083,0.014762779358379552,0.005555286537763782,0.010119961001836753,strong_evidence_gap
assist_09,self_only_fallback,0.5,42,query_seq_top5_q4_high,12141,0.7852926478875515,0.012498395830667808,0.502753137814934,0.006610767467510104,0.7977910437182193,0.4961423703474239,1.0,True,0.00992429656896432,0.0017540708998594612,-0.008778564950994971,0.0015225356443721583,support_dependence_only
assist_09,self_only_fallback,0.5,42,multi_concept,8419,0.7457581173511552,0.005958554178673969,0.5509533925365695,0.0023595572506546203,0.7517166715298291,0.5485938352859149,1.0,True,0.0009920416798494536,-0.005087085561854665,-0.011218260100813416,-0.004729382085202227,support_dependence_only
assist_09,self_only_fallback,0.5,42,direct_seen,49506,0.7594273485199593,0.013150028819122972,0.5422836557057062,0.007242865710171631,0.7725773773390823,0.5350407899955346,1.0,True,0.00914962875634473,0.0050980496086541205,-0.002708551067175069,-0.0002113623142453336,support_dependence_only
assist_09,self_only_fallback,0.5,42,direct_unseen,1584,0.7925131904258009,0.025523995649430642,0.4469762567002221,0.05240412399514949,0.8180371860752316,0.39457213270507263,1.0,True,0.01954810055413292,0.04943334146175149,-0.00205473566362141,0.002715177644161759,strong_evidence_gap
assist_09,self_only_fallback,0.5,42,direct_unseen_bridgeable,1584,0.7925131904258009,0.025523995649430642,0.4469762567002221,0.05240412399514949,0.8180371860752316,0.39457213270507263,1.0,True,0.01954810055413292,0.04943334146175149,-0.00205473566362141,0.002715177644161759,strong_evidence_gap
assist_09,self_only_fallback,0.5,42,high_seq_support,12141,0.7852926478875515,0.012498395830667808,0.502753137814934,0.006610767467510104,0.7977910437182193,0.4961423703474239,1.0,True,0.00992429656896432,0.0017540708998594612,-0.008778564950994971,0.0015225356443721583,support_dependence_only
assist_09,self_only_fallback,0.5,42,high_crg_mass,12637,0.7324486526598326,0.019294188818732794,0.5227077605957638,0.018488683593204325,0.7517428414785654,0.5042190770025595,1.0,True,0.014387094261923083,0.014762779358379552,0.005555286537763782,0.010119961001836753,strong_evidence_gap
assist_09,self_only_fallback,0.5,42,short_history,25670,0.7768207696503919,0.0060813564451842606,0.5476280616615934,-0.00037452119660030814,0.7829021260955762,0.5480025828581937,1.0,True,0.0028943870379286585,-0.0015049093706783756,-0.012244199951429757,-0.007984426398851729,support_dependence_only
assist_09,self_only_fallback,0.5,42,long_history,25420,0.7347379350940958,0.022878051024364132,0.5309477854888568,0.017749307685791083,0.7576159861184599,0.5131984778030657,1.0,True,0.017427773881155795,0.01452861842434161,0.008677748972003085,0.01052287234727144,strong_evidence_gap
assist_09,self_only_fallback,0.5,43,all,51090,0.7602030625747823,0.014759448995709246,0.5393287345856302,0.0086430503475452,0.7749625115704916,0.530685684238085,1.0,True,0.009316242177743073,0.005684557019938308,-0.001181392166829187,0.00128768838467338,strong_evidence_gap
assist_09,self_only_fallback,0.5,43,graph_hits_history,50529,0.7601386166900641,0.01459578178281351,0.5389440318628844,0.008462359706811307,0.7747343984728776,0.5304816721560731,1.0,True,0.009125227692232785,0.005469032232308768,-0.000996145282239813,0.001205054319276999,strong_evidence_gap
assist_09,self_only_fallback,0.5,43,high_support_mass,12637,0.7324486526598326,0.019294188818732794,0.5227077605957638,0.018488683593204325,0.7517428414785654,0.5042190770025595,1.0,True,0.014747621859966364,0.014542382336248605,0.005555286537763782,0.010119961001836753,strong_evidence_gap
assist_09,self_only_fallback,0.5,43,query_seq_top5_q4_high,12141,0.7852926478875515,0.012498395830667808,0.502753137814934,0.006610767467510104,0.7977910437182193,0.4961423703474239,1.0,True,0.0062017170481349915,-0.004332889341802759,-0.008778564950994971,0.0015225356443721583,support_dependence_only
assist_09,self_only_fallback,0.5,43,multi_concept,8419,0.7457581173511552,0.005958554178673969,0.5509533925365695,0.0023595572506546203,0.7517166715298291,0.5485938352859149,1.0,True,-0.0005806914187352907,-0.002303398426228953,-0.011218260100813416,-0.004729382085202227,support_dependence_only
assist_09,self_only_fallback,0.5,43,direct_seen,49506,0.7594273485199593,0.013150028819122972,0.5422836557057062,0.007242865710171631,0.7725773773390823,0.5350407899955346,1.0,True,0.007820232397870441,0.004413721313310859,-0.002708551067175069,-0.0002113623142453336,support_dependence_only
assist_09,self_only_fallback,0.5,43,direct_unseen,1584,0.7925131904258009,0.025523995649430642,0.4469762567002221,0.05240412399514949,0.8180371860752316,0.39457213270507263,1.0,True,0.014158992199910125,0.04540298662365927,-0.00205473566362141,0.002715177644161759,strong_evidence_gap
assist_09,self_only_fallback,0.5,43,direct_unseen_bridgeable,1584,0.7925131904258009,0.025523995649430642,0.4469762567002221,0.05240412399514949,0.8180371860752316,0.39457213270507263,1.0,True,0.014158992199910125,0.04540298662365927,-0.00205473566362141,0.002715177644161759,strong_evidence_gap
assist_09,self_only_fallback,0.5,43,high_seq_support,12141,0.7852926478875515,0.012498395830667808,0.502753137814934,0.006610767467510104,0.7977910437182193,0.4961423703474239,1.0,True,0.0062017170481349915,-0.004332889341802759,-0.008778564950994971,0.0015225356443721583,support_dependence_only
assist_09,self_only_fallback,0.5,43,high_crg_mass,12637,0.7324486526598326,0.019294188818732794,0.5227077605957638,0.018488683593204325,0.7517428414785654,0.5042190770025595,1.0,True,0.014747621859966364,0.014542382336248605,0.005555286537763782,0.010119961001836753,strong_evidence_gap
assist_09,self_only_fallback,0.5,43,short_history,25670,0.7768207696503919,0.0060813564451842606,0.5476280616615934,-0.00037452119660030814,0.7829021260955762,0.5480025828581937,1.0,True,5.627368440486169e-05,-0.0033824710128104174,-0.012244199951429757,-0.007984426398851729,support_dependence_only
assist_09,self_only_fallback,0.5,43,long_history,25420,0.7347379350940958,0.022878051024364132,0.5309477854888568,0.017749307685791083,0.7576159861184599,0.5131984778030657,1.0,True,0.01811295558594994,0.014840757240263014,0.008677748972003085,0.01052287234727144,strong_evidence_gap
assist_09,self_only_fallback,0.5,44,all,51090,0.7602030625747823,0.014759448995709246,0.5393287345833871,0.008643050345302106,0.7749625115704916,0.530685684238085,1.0,True,0.009177917961895043,0.002821953319822157,-0.001181392166829187,0.00128768838467338,strong_evidence_gap
assist_09,self_only_fallback,0.5,44,graph_hits_history,50529,0.7601386166900641,0.01459578178281351,0.5389440318606167,0.008462359704543565,0.7747343984728776,0.5304816721560731,1.0,True,0.009016050175870705,0.0026123132374094027,-0.000996145282239813,0.001205054319276999,strong_evidence_gap
assist_09,self_only_fallback,0.5,44,high_support_mass,12637,0.7324486526598326,0.019294188818732794,0.5227077605866957,0.018488683584136134,0.7517428414785654,0.5042190770025595,1.0,True,0.008527445685202695,0.008545163070383777,0.005555286537763782,0.010119961001836753,strong_evidence_gap
assist_09,self_only_fallback,0.5,44,query_seq_top5_q4_high,12141,0.7852926478875515,0.012498395830667808,0.502753137814934,0.006610767467510104,0.7977910437182193,0.4961423703474239,1.0,True,-0.0018498768551498124,-0.00985786727518434,-0.008778564950994971,0.0015225356443721583,support_dependence_only
assist_09,self_only_fallback,0.5,44,multi_concept,8419,0.7457581173511552,0.005958554178673969,0.550953392522958,0.002359557237043175,0.7517166715298291,0.5485938352859149,1.0,True,-0.008123065215941083,-0.01174212725589685,-0.011218260100813416,-0.004729382085202227,support_dependence_only
assist_09,self_only_fallback,0.5,44,direct_seen,49506,0.7594273485199593,0.013150028819122972,0.5422836557033914,0.007242865707856816,0.7725773773390823,0.5350407899955346,1.0,True,0.007738390859888367,0.001513305714952562,-0.002708551067175069,-0.0002113623142453336,support_dependence_only
assist_09,self_only_fallback,0.5,44,direct_unseen,1584,0.7925131904258009,0.025523995649430642,0.4469762567002221,0.05240412399514949,0.8180371860752316,0.39457213270507263,1.0,True,0.013041887734684066,0.04372214797050167,-0.00205473566362141,0.002715177644161759,strong_evidence_gap
assist_09,self_only_fallback,0.5,44,direct_unseen_bridgeable,1584,0.7925131904258009,0.025523995649430642,0.4469762567002221,0.05240412399514949,0.8180371860752316,0.39457213270507263,1.0,True,0.013041887734684066,0.04372214797050167,-0.00205473566362141,0.002715177644161759,strong_evidence_gap
assist_09,self_only_fallback,0.5,44,high_seq_support,12141,0.7852926478875515,0.012498395830667808,0.502753137814934,0.006610767467510104,0.7977910437182193,0.4961423703474239,1.0,True,-0.0018498768551498124,-0.00985786727518434,-0.008778564950994971,0.0015225356443721583,support_dependence_only
assist_09,self_only_fallback,0.5,44,high_crg_mass,12637,0.7324486526598326,0.019294188818732794,0.5227077605866957,0.018488683584136134,0.7517428414785654,0.5042190770025595,1.0,True,0.008527445685202695,0.008545163070383777,0.005555286537763782,0.010119961001836753,strong_evidence_gap
assist_09,self_only_fallback,0.5,44,short_history,25670,0.7768207696503919,0.0060813564451842606,0.5476280616615934,-0.00037452119660030814,0.7829021260955762,0.5480025828581937,1.0,True,0.0014365579551328667,-0.005222628588157141,-0.012244199951429757,-0.007984426398851729,support_dependence_only
assist_09,self_only_fallback,0.5,44,long_history,25420,0.7347379350940958,0.022878051024364132,0.5309477854843487,0.017749307681283022,0.7576159861184599,0.5131984778030657,1.0,True,0.01582423516875875,0.01094565188700658,0.008677748972003085,0.01052287234727144,strong_evidence_gap
assist_09,self_only_fallback,0.5,45,all,51090,0.7602030625747823,0.014759448995709246,0.5393287345856302,0.0086430503475452,0.7749625115704916,0.530685684238085,1.0,True,0.011268178159226871,0.006024499246702009,-0.001181392166829187,0.00128768838467338,strong_evidence_gap
assist_09,self_only_fallback,0.5,45,graph_hits_history,50529,0.7601386166900641,0.01459578178281351,0.5389440318628844,0.008462359706811307,0.7747343984728776,0.5304816721560731,1.0,True,0.011131376461735343,0.0058742682155521475,-0.000996145282239813,0.001205054319276999,strong_evidence_gap
assist_09,self_only_fallback,0.5,45,high_support_mass,12637,0.7324486526598326,0.019294188818732794,0.5227077605957638,0.018488683593204325,0.7517428414785654,0.5042190770025595,1.0,True,0.014783978643130857,0.014122872647776452,0.005555286537763782,0.010119961001836753,strong_evidence_gap
assist_09,self_only_fallback,0.5,45,query_seq_top5_q4_high,12141,0.7852926478875515,0.012498395830667808,0.502753137814934,0.006610767467510104,0.7977910437182193,0.4961423703474239,1.0,True,0.008319300099250304,0.001103984994986762,-0.008778564950994971,0.0015225356443721583,support_dependence_only
assist_09,self_only_fallback,0.5,45,multi_concept,8419,0.7457581173511552,0.005958554178673969,0.5509533925365695,0.0023595572506546203,0.7517166715298291,0.5485938352859149,1.0,True,0.003045314861514159,-0.0023186339684968527,-0.011218260100813416,-0.004729382085202227,support_dependence_only
assist_09,self_only_fallback,0.5,45,direct_seen,49506,0.7594273485199593,0.013150028819122972,0.5422836557057062,0.007242865710171631,0.7725773773390823,0.5350407899955346,1.0,True,0.009880355095837623,0.004761347523369652,-0.002708551067175069,-0.0002113623142453336,support_dependence_only
assist_09,self_only_fallback,0.5,45,direct_unseen,1584,0.7925131904258009,0.025523995649430642,0.4469762567002221,0.05240412399514949,0.8180371860752316,0.39457213270507263,1.0,True,0.013903654036429902,0.045502775266455076,-0.00205473566362141,0.002715177644161759,strong_evidence_gap
assist_09,self_only_fallback,0.5,45,direct_unseen_bridgeable,1584,0.7925131904258009,0.025523995649430642,0.4469762567002221,0.05240412399514949,0.8180371860752316,0.39457213270507263,1.0,True,0.013903654036429902,0.045502775266455076,-0.00205473566362141,0.002715177644161759,strong_evidence_gap
assist_09,self_only_fallback,0.5,45,high_seq_support,12141,0.7852926478875515,0.012498395830667808,0.502753137814934,0.006610767467510104,0.7977910437182193,0.4961423703474239,1.0,True,0.008319300099250304,0.001103984994986762,-0.008778564950994971,0.0015225356443721583,support_dependence_only
assist_09,self_only_fallback,0.5,45,high_crg_mass,12637,0.7324486526598326,0.019294188818732794,0.5227077605957638,0.018488683593204325,0.7517428414785654,0.5042190770025595,1.0,True,0.014783978643130857,0.014122872647776452,0.005555286537763782,0.010119961001836753,strong_evidence_gap
assist_09,self_only_fallback,0.5,45,short_history,25670,0.7768207696503919,0.0060813564451842606,0.5476280616615934,-0.00037452119660030814,0.7829021260955762,0.5480025828581937,1.0,True,0.001883497010863322,-0.0024301631451252304,-0.012244199951429757,-0.007984426398851729,support_dependence_only
assist_09,self_only_fallback,0.5,45,long_history,25420,0.7347379350940958,0.022878051024364132,0.5309477854888568,0.017749307685791083,0.7576159861184599,0.5131984778030657,1.0,True,0.019760099923418872,0.014562311347339207,0.008677748972003085,0.01052287234727144,strong_evidence_gap
assist_09,self_only_fallback,0.5,46,all,51090,0.7602030625747823,0.014759448995709246,0.5393287345833871,0.008643050345302106,0.7749625115704916,0.530685684238085,1.0,True,0.011804690834164355,0.004606355940644735,-0.001181392166829187,0.00128768838467338,strong_evidence_gap
assist_09,self_only_fallback,0.5,46,graph_hits_history,50529,0.7601386166900641,0.01459578178281351,0.5389440318606167,0.008462359704543565,0.7747343984728776,0.5304816721560731,1.0,True,0.011578140292887507,0.004349406869631034,-0.000996145282239813,0.001205054319276999,strong_evidence_gap
assist_09,self_only_fallback,0.5,46,high_support_mass,12637,0.7324486526598326,0.019294188818732794,0.5227077605866957,0.018488683584136134,0.7517428414785654,0.5042190770025595,1.0,True,0.0162859958144963,0.014573359674498021,0.005555286537763782,0.010119961001836753,strong_evidence_gap
assist_09,self_only_fallback,0.5,46,query_seq_top5_q4_high,12141,0.7852926478875515,0.012498395830667808,0.502753137814934,0.006610767467510104,0.7977910437182193,0.4961423703474239,1.0,True,0.010145937575178121,0.0011055585113886046,-0.008778564950994971,0.0015225356443721583,support_dependence_only
assist_09,self_only_fallback,0.5,46,multi_concept,8419,0.7457581173511552,0.005958554178673969,0.550953392522958,0.002359557237043175,0.7517166715298291,0.5485938352859149,1.0,True,0.0035426865799197405,-0.005996835985143001,-0.011218260100813416,-0.004729382085202227,support_dependence_only
assist_09,self_only_fallback,0.5,46,direct_seen,49506,0.7594273485199593,0.013150028819122972,0.5422836557033914,0.007242865707856816,0.7725773773390823,0.5350407899955346,1.0,True,0.01036969462284243,0.0032810459905867617,-0.002708551067175069,-0.0002113623142453336,support_dependence_only
assist_09,self_only_fallback,0.5,46,direct_unseen,1584,0.7925131904258009,0.025523995649430642,0.4469762567002221,0.05240412399514949,0.8180371860752316,0.39457213270507263,1.0,True,0.012897032430401967,0.046027311993401654,-0.00205473566362141,0.002715177644161759,strong_evidence_gap
assist_09,self_only_fallback,0.5,46,direct_unseen_bridgeable,1584,0.7925131904258009,0.025523995649430642,0.4469762567002221,0.05240412399514949,0.8180371860752316,0.39457213270507263,1.0,True,0.012897032430401967,0.046027311993401654,-0.00205473566362141,0.002715177644161759,strong_evidence_gap
assist_09,self_only_fallback,0.5,46,high_seq_support,12141,0.7852926478875515,0.012498395830667808,0.502753137814934,0.006610767467510104,0.7977910437182193,0.4961423703474239,1.0,True,0.010145937575178121,0.0011055585113886046,-0.008778564950994971,0.0015225356443721583,support_dependence_only
assist_09,self_only_fallback,0.5,46,high_crg_mass,12637,0.7324486526598326,0.019294188818732794,0.5227077605866957,0.018488683584136134,0.7517428414785654,0.5042190770025595,1.0,True,0.0162859958144963,0.014573359674498021,0.005555286537763782,0.010119961001836753,strong_evidence_gap
assist_09,self_only_fallback,0.5,46,short_history,25670,0.7768207696503919,0.0060813564451842606,0.5476280616615934,-0.00037452119660030814,0.7829021260955762,0.5480025828581937,1.0,True,0.00279676610536983,-0.004583162942048635,-0.012244199951429757,-0.007984426398851729,support_dependence_only
assist_09,self_only_fallback,0.5,46,long_history,25420,0.7347379350940958,0.022878051024364132,0.5309477854843487,0.017749307681283022,0.7576159861184599,0.5131984778030657,1.0,True,0.020013496595025493,0.013886251680956807,0.008677748972003085,0.01052287234727144,strong_evidence_gap
assist_09,self_only_fallback,0.75,42,all,51090,0.7602030625747823,0.014759448995709246,0.539328734589395,0.008643050351309967,0.7749625115704916,0.530685684238085,1.0,True,0.007748222845034958,0.0026558736532164007,-0.001181392166829187,0.00128768838467338,strong_evidence_gap
assist_09,self_only_fallback,0.75,42,graph_hits_history,50529,0.7601386166900641,0.01459578178281351,0.538944031866691,0.008462359710617928,0.7747343984728776,0.5304816721560731,1.0,True,0.007505123426966298,0.002431523315828632,-0.000996145282239813,0.001205054319276999,strong_evidence_gap
assist_09,self_only_fallback,0.75,42,high_support_mass,12637,0.7324486526598326,0.019294188818732794,0.5227077605957638,0.018488683593204325,0.7517428414785654,0.5042190770025595,1.0,True,0.010843064023665194,0.010653770930624584,0.005555286537763782,0.010119961001836753,strong_evidence_gap
assist_09,self_only_fallback,0.75,42,query_seq_top5_q4_high,12141,0.7852926478875515,0.012498395830667808,0.502753137814934,0.006610767467510104,0.7977910437182193,0.4961423703474239,1.0,True,0.005705625494970223,-0.0039052889870427876,-0.008778564950994971,0.0015225356443721583,support_dependence_only
assist_09,self_only_fallback,0.75,42,multi_concept,8419,0.7457581173511552,0.005958554178673969,0.5509533925594156,0.0023595572735006787,0.7517166715298291,0.5485938352859149,1.0,True,-0.014788765461037023,-0.01622684252868356,-0.011218260100813416,-0.004729382085202227,support_dependence_only
assist_09,self_only_fallback,0.75,42,direct_seen,49506,0.7594273485199593,0.013150028819122972,0.5422836557095915,0.007242865714056856,0.7725773773390823,0.5350407899955346,1.0,True,0.006195824982727749,0.0012564447131129253,-0.002708551067175069,-0.0002113623142453336,support_dependence_only
assist_09,self_only_fallback,0.75,42,direct_unseen,1584,0.7925131904258009,0.025523995649430642,0.4469762567002221,0.05240412399514949,0.8180371860752316,0.39457213270507263,1.0,True,0.013267763802378041,0.04639332889864639,-0.00205473566362141,0.002715177644161759,strong_evidence_gap
assist_09,self_only_fallback,0.75,42,direct_unseen_bridgeable,1584,0.7925131904258009,0.025523995649430642,0.4469762567002221,0.05240412399514949,0.8180371860752316,0.39457213270507263,1.0,True,0.013267763802378041,0.04639332889864639,-0.00205473566362141,0.002715177644161759,strong_evidence_gap
assist_09,self_only_fallback,0.75,42,high_seq_support,12141,0.7852926478875515,0.012498395830667808,0.502753137814934,0.006610767467510104,0.7977910437182193,0.4961423703474239,1.0,True,0.005705625494970223,-0.0039052889870427876,-0.008778564950994971,0.0015225356443721583,support_dependence_only
assist_09,self_only_fallback,0.75,42,high_crg_mass,12637,0.7324486526598326,0.019294188818732794,0.5227077605957638,0.018488683593204325,0.7517428414785654,0.5042190770025595,1.0,True,0.010843064023665194,0.010653770930624584,0.005555286537763782,0.010119961001836753,strong_evidence_gap
assist_09,self_only_fallback,0.75,42,short_history,25670,0.7768207696503919,0.0060813564451842606,0.5476280616690863,-0.00037452118910741294,0.7829021260955762,0.5480025828581937,1.0,True,6.20670791751099e-05,-0.005882611712250685,-0.012244199951429757,-0.007984426398851729,support_dependence_only
assist_09,self_only_fallback,0.75,42,long_history,25420,0.7347379350940958,0.022878051024364132,0.5309477854888568,0.017749307685791083,0.7576159861184599,0.5131984778030657,1.0,True,0.014127641969521876,0.011278333107643368,0.008677748972003085,0.01052287234727144,strong_evidence_gap
assist_09,self_only_fallback,0.75,43,all,51090,0.7602030625747823,0.014759448995709246,0.5393287345856302,0.0086430503475452,0.7749625115704916,0.530685684238085,1.0,True,0.005108209407030273,0.0028101943512586214,-0.001181392166829187,0.00128768838467338,strong_evidence_gap
assist_09,self_only_fallback,0.75,43,graph_hits_history,50529,0.7601386166900641,0.01459578178281351,0.5389440318628844,0.008462359706811307,0.7747343984728776,0.5304816721560731,1.0,True,0.004730534890675875,0.0024855338765439328,-0.000996145282239813,0.001205054319276999,strong_evidence_gap
assist_09,self_only_fallback,0.75,43,high_support_mass,12637,0.7324486526598326,0.019294188818732794,0.5227077605957638,0.018488683593204325,0.7517428414785654,0.5042190770025595,1.0,True,0.004724885323333816,0.0077879776154834435,0.005555286537763782,0.010119961001836753,strong_evidence_gap
assist_09,self_only_fallback,0.75,43,query_seq_top5_q4_high,12141,0.7852926478875515,0.012498395830667808,0.502753137814934,0.006610767467510104,0.7977910437182193,0.4961423703474239,1.0,True,-0.0008221904672160996,-0.009719960753495793,-0.008778564950994971,0.0015225356443721583,support_dependence_only
assist_09,self_only_fallback,0.75,43,multi_concept,8419,0.7457581173511552,0.005958554178673969,0.5509533925365695,0.0023595572506546203,0.7517166715298291,0.5485938352859149,1.0,True,-0.01178012617391333,-0.017926095491286542,-0.011218260100813416,-0.004729382085202227,support_dependence_only
assist_09,self_only_fallback,0.75,43,direct_seen,49506,0.7594273485199593,0.013150028819122972,0.5422836557057062,0.007242865710171631,0.7725773773390823,0.5350407899955346,1.0,True,0.0036849024158399635,0.0015506795853801325,-0.002708551067175069,-0.0002113623142453336,support_dependence_only
assist_09,self_only_fallback,0.75,43,direct_unseen,1584,0.7925131904258009,0.025523995649430642,0.4469762567002221,0.05240412399514949,0.8180371860752316,0.39457213270507263,1.0,True,0.009256008426159368,0.042174801674221385,-0.00205473566362141,0.002715177644161759,strong_evidence_gap
assist_09,self_only_fallback,0.75,43,direct_unseen_bridgeable,1584,0.7925131904258009,0.025523995649430642,0.4469762567002221,0.05240412399514949,0.8180371860752316,0.39457213270507263,1.0,True,0.009256008426159368,0.042174801674221385,-0.00205473566362141,0.002715177644161759,strong_evidence_gap
assist_09,self_only_fallback,0.75,43,high_seq_support,12141,0.7852926478875515,0.012498395830667808,0.502753137814934,0.006610767467510104,0.7977910437182193,0.4961423703474239,1.0,True,-0.0008221904672160996,-0.009719960753495793,-0.008778564950994971,0.0015225356443721583,support_dependence_only
assist_09,self_only_fallback,0.75,43,high_crg_mass,12637,0.7324486526598326,0.019294188818732794,0.5227077605957638,0.018488683593204325,0.7517428414785654,0.5042190770025595,1.0,True,0.004724885323333816,0.0077879776154834435,0.005555286537763782,0.010119961001836753,strong_evidence_gap
assist_09,self_only_fallback,0.75,43,short_history,25670,0.7768207696503919,0.0060813564451842606,0.5476280616615934,-0.00037452119660030814,0.7829021260955762,0.5480025828581937,1.0,True,-0.0030502223465396217,-0.00542068529099915,-0.012244199951429757,-0.007984426398851729,support_dependence_only
assist_09,self_only_fallback,0.75,43,long_history,25420,0.7347379350940958,0.022878051024364132,0.5309477854888568,0.017749307685791083,0.7576159861184599,0.5131984778030657,1.0,True,0.011854781227672473,0.011122022849163749,0.008677748972003085,0.01052287234727144,strong_evidence_gap
assist_09,self_only_fallback,0.75,44,all,51090,0.7602030625747823,0.014759448995709246,0.5393287345856302,0.0086430503475452,0.7749625115704916,0.530685684238085,1.0,True,0.005999781809818416,0.002077051035520916,-0.001181392166829187,0.00128768838467338,strong_evidence_gap
assist_09,self_only_fallback,0.75,44,graph_hits_history,50529,0.7601386166900641,0.01459578178281351,0.5389440318628844,0.008462359706811307,0.7747343984728776,0.5304816721560731,1.0,True,0.005911252455609417,0.0018882743036108263,-0.000996145282239813,0.001205054319276999,strong_evidence_gap
assist_09,self_only_fallback,0.75,44,high_support_mass,12637,0.7324486526598326,0.019294188818732794,0.5227077605957638,0.018488683593204325,0.7517428414785654,0.5042190770025595,1.0,True,0.012119206015743345,0.012068241672211988,0.005555286537763782,0.010119961001836753,strong_evidence_gap
assist_09,self_only_fallback,0.75,44,query_seq_top5_q4_high,12141,0.7852926478875515,0.012498395830667808,0.502753137814934,0.006610767467510104,0.7977910437182193,0.4961423703474239,1.0,True,0.002678811673351822,-0.002952160332431508,-0.008778564950994971,0.0015225356443721583,support_dependence_only
assist_09,self_only_fallback,0.75,44,multi_concept,8419,0.7457581173511552,0.005958554178673969,0.5509533925365695,0.0023595572506546203,0.7517166715298291,0.5485938352859149,1.0,True,-0.0005317181919668457,-0.009238296471139718,-0.011218260100813416,-0.004729382085202227,support_dependence_only
assist_09,self_only_fallback,0.75,44,direct_seen,49506,0.7594273485199593,0.013150028819122972,0.5422836557057062,0.007242865710171631,0.7725773773390823,0.5350407899955346,1.0,True,0.0044832965838007555,0.0007811008428031396,-0.002708551067175069,-0.0002113623142453336,support_dependence_only
assist_09,self_only_fallback,0.75,44,direct_unseen,1584,0.7925131904258009,0.025523995649430642,0.4469762567002221,0.05240412399514949,0.8180371860752316,0.39457213270507263,1.0,True,0.008477718062474437,0.042580403460194816,-0.00205473566362141,0.002715177644161759,strong_evidence_gap
assist_09,self_only_fallback,0.75,44,direct_unseen_bridgeable,1584,0.7925131904258009,0.025523995649430642,0.4469762567002221,0.05240412399514949,0.8180371860752316,0.39457213270507263,1.0,True,0.008477718062474437,0.042580403460194816,-0.00205473566362141,0.002715177644161759,strong_evidence_gap
assist_09,self_only_fallback,0.75,44,high_seq_support,12141,0.7852926478875515,0.012498395830667808,0.502753137814934,0.006610767467510104,0.7977910437182193,0.4961423703474239,1.0,True,0.002678811673351822,-0.002952160332431508,-0.008778564950994971,0.0015225356443721583,support_dependence_only
assist_09,self_only_fallback,0.75,44,high_crg_mass,12637,0.7324486526598326,0.019294188818732794,0.5227077605957638,0.018488683593204325,0.7517428414785654,0.5042190770025595,1.0,True,0.012119206015743345,0.012068241672211988,0.005555286537763782,0.010119961001836753,strong_evidence_gap
assist_09,self_only_fallback,0.75,44,short_history,25670,0.7768207696503919,0.0060813564451842606,0.5476280616615934,-0.00037452119660030814,0.7829021260955762,0.5480025828581937,1.0,True,-0.0027783183813184786,-0.007010664309488157,-0.012244199951429757,-0.007984426398851729,support_dependence_only
assist_09,self_only_fallback,0.75,44,long_history,25420,0.7347379350940958,0.022878051024364132,0.5309477854888568,0.017749307685791083,0.7576159861184599,0.5131984778030657,1.0,True,0.013772682304480033,0.011254142023183422,0.008677748972003085,0.01052287234727144,strong_evidence_gap
assist_09,self_only_fallback,0.75,45,all,51090,0.7602030625747823,0.014759448995709246,0.5393287345856302,0.0086430503475452,0.7749625115704916,0.530685684238085,1.0,True,0.006093166640660286,0.0028207774252146933,-0.001181392166829187,0.00128768838467338,strong_evidence_gap
assist_09,self_only_fallback,0.75,45,graph_hits_history,50529,0.7601386166900641,0.01459578178281351,0.5389440318628844,0.008462359706811307,0.7747343984728776,0.5304816721560731,1.0,True,0.006010630499689418,0.002738586736940829,-0.000996145282239813,0.001205054319276999,strong_evidence_gap
assist_09,self_only_fallback,0.75,45,high_support_mass,12637,0.7324486526598326,0.019294188818732794,0.5227077605957638,0.018488683593204325,0.7517428414785654,0.5042190770025595,1.0,True,0.010658775459436054,0.01174174705893205,0.005555286537763782,0.010119961001836753,strong_evidence_gap
assist_09,self_only_fallback,0.75,45,query_seq_top5_q4_high,12141,0.7852926478875515,0.012498395830667808,0.502753137814934,0.006610767467510104,0.7977910437182193,0.4961423703474239,1.0,True,0.0018569393358991437,-0.003916746153392436,-0.008778564950994971,0.0015225356443721583,support_dependence_only
assist_09,self_only_fallback,0.75,45,multi_concept,8419,0.7457581173511552,0.005958554178673969,0.5509533925365695,0.0023595572506546203,0.7517166715298291,0.5485938352859149,1.0,True,-0.01156258815646627,-0.010724516287564656,-0.011218260100813416,-0.004729382085202227,support_dependence_only
assist_09,self_only_fallback,0.75,45,direct_seen,49506,0.7594273485199593,0.013150028819122972,0.5422836557057062,0.007242865710171631,0.7725773773390823,0.5350407899955346,1.0,True,0.0044353770656746505,0.0015529593379333129,-0.002708551067175069,-0.0002113623142453336,support_dependence_only
assist_09,self_only_fallback,0.75,45,direct_unseen,1584,0.7925131904258009,0.025523995649430642,0.4469762567002221,0.05240412399514949,0.8180371860752316,0.39457213270507263,1.0,True,0.013211294785454464,0.042444894993997895,-0.00205473566362141,0.002715177644161759,strong_evidence_gap
assist_09,self_only_fallback,0.75,45,direct_unseen_bridgeable,1584,0.7925131904258009,0.025523995649430642,0.4469762567002221,0.05240412399514949,0.8180371860752316,0.39457213270507263,1.0,True,0.013211294785454464,0.042444894993997895,-0.00205473566362141,0.002715177644161759,strong_evidence_gap
assist_09,self_only_fallback,0.75,45,high_seq_support,12141,0.7852926478875515,0.012498395830667808,0.502753137814934,0.006610767467510104,0.7977910437182193,0.4961423703474239,1.0,True,0.0018569393358991437,-0.003916746153392436,-0.008778564950994971,0.0015225356443721583,support_dependence_only
assist_09,self_only_fallback,0.75,45,high_crg_mass,12637,0.7324486526598326,0.019294188818732794,0.5227077605957638,0.018488683593204325,0.7517428414785654,0.5042190770025595,1.0,True,0.010658775459436054,0.01174174705893205,0.005555286537763782,0.010119961001836753,strong_evidence_gap
assist_09,self_only_fallback,0.75,45,short_history,25670,0.7768207696503919,0.0060813564451842606,0.5476280616615934,-0.00037452119660030814,0.7829021260955762,0.5480025828581937,1.0,True,-0.0037404776092493375,-0.006675505663023662,-0.012244199951429757,-0.007984426398851729,support_dependence_only
assist_09,self_only_fallback,0.75,45,long_history,25420,0.7347379350940958,0.022878051024364132,0.5309477854888568,0.017749307685791083,0.7576159861184599,0.5131984778030657,1.0,True,0.015050797970875496,0.012410454328246723,0.008677748972003085,0.01052287234727144,strong_evidence_gap
assist_09,self_only_fallback,0.75,46,all,51090,0.7602030625747823,0.014759448995709246,0.5393287345856302,0.0086430503475452,0.7749625115704916,0.530685684238085,1.0,True,0.0053832375554401235,0.0017020515475292264,-0.001181392166829187,0.00128768838467338,strong_evidence_gap
assist_09,self_only_fallback,0.75,46,graph_hits_history,50529,0.7601386166900641,0.01459578178281351,0.5389440318628844,0.008462359706811307,0.7747343984728776,0.5304816721560731,1.0,True,0.0050729947257901475,0.0014338779008631342,-0.000996145282239813,0.001205054319276999,strong_evidence_gap
assist_09,self_only_fallback,0.75,46,high_support_mass,12637,0.7324486526598326,0.019294188818732794,0.5227077605957638,0.018488683593204325,0.7517428414785654,0.5042190770025595,1.0,True,0.009140139394553048,0.009680141467513836,0.005555286537763782,0.010119961001836753,strong_evidence_gap
assist_09,self_only_fallback,0.75,46,query_seq_top5_q4_high,12141,0.7852926478875515,0.012498395830667808,0.502753137814934,0.006610767467510104,0.7977910437182193,0.4961423703474239,1.0,True,0.0033490951785081213,-0.004969952668044675,-0.008778564950994971,0.0015225356443721583,support_dependence_only
assist_09,self_only_fallback,0.75,46,multi_concept,8419,0.7457581173511552,0.005958554178673969,0.5509533925365695,0.0023595572506546203,0.7517166715298291,0.5485938352859149,1.0,True,-0.007550727505513111,-0.011144092801092187,-0.011218260100813416,-0.004729382085202227,support_dependence_only
assist_09,self_only_fallback,0.75,46,direct_seen,49506,0.7594273485199593,0.013150028819122972,0.5422836557057062,0.007242865710171631,0.7725773773390823,0.5350407899955346,1.0,True,0.0036216226991599987,0.0002635925089936597,-0.002708551067175069,-0.0002113623142453336,support_dependence_only
assist_09,self_only_fallback,0.75,46,direct_unseen,1584,0.7925131904258009,0.025523995649430642,0.4469762567002221,0.05240412399514949,0.8180371860752316,0.39457213270507263,1.0,True,0.015969683503436083,0.0466593452102409,-0.00205473566362141,0.002715177644161759,strong_evidence_gap
assist_09,self_only_fallback,0.75,46,direct_unseen_bridgeable,1584,0.7925131904258009,0.025523995649430642,0.4469762567002221,0.05240412399514949,0.8180371860752316,0.39457213270507263,1.0,True,0.015969683503436083,0.0466593452102409,-0.00205473566362141,0.002715177644161759,strong_evidence_gap
assist_09,self_only_fallback,0.75,46,high_seq_support,12141,0.7852926478875515,0.012498395830667808,0.502753137814934,0.006610767467510104,0.7977910437182193,0.4961423703474239,1.0,True,0.0033490951785081213,-0.004969952668044675,-0.008778564950994971,0.0015225356443721583,support_dependence_only
assist_09,self_only_fallback,0.75,46,high_crg_mass,12637,0.7324486526598326,0.019294188818732794,0.5227077605957638,0.018488683593204325,0.7517428414785654,0.5042190770025595,1.0,True,0.009140139394553048,0.009680141467513836,0.005555286537763782,0.010119961001836753,strong_evidence_gap
assist_09,self_only_fallback,0.75,46,short_history,25670,0.7768207696503919,0.0060813564451842606,0.5476280616615934,-0.00037452119660030814,0.7829021260955762,0.5480025828581937,1.0,True,-0.0035779470737886676,-0.007210860102351946,-0.012244199951429757,-0.007984426398851729,support_dependence_only
assist_09,self_only_fallback,0.75,46,long_history,25420,0.7347379350940958,0.022878051024364132,0.5309477854888568,0.017749307685791083,0.7576159861184599,0.5131984778030657,1.0,True,0.013259842153744428,0.010702619684919035,0.008677748972003085,0.01052287234727144,strong_evidence_gap
assist_09,self_only_fallback,1.0,42,all,51090,0.7602030625747823,0.014759448995709246,0.5393287345871519,0.008643050349066872,0.7749625115704916,0.530685684238085,1.0,True,-0.0012816577380891925,0.0004806255335316756,-0.001181392166829187,0.00128768838467338,strong_evidence_gap
assist_09,self_only_fallback,1.0,42,graph_hits_history,50529,0.7601386166900641,0.01459578178281351,0.5389440318644232,0.008462359708350076,0.7747343984728776,0.5304816721560731,1.0,True,-0.0010568373447064072,0.0006033033771454255,-0.000996145282239813,0.001205054319276999,strong_evidence_gap
assist_09,self_only_fallback,1.0,42,high_support_mass,12637,0.7324486526598326,0.019294188818732794,0.5227077605866957,0.018488683584136134,0.7517428414785654,0.5042190770025595,1.0,True,0.005929920504665009,0.009446715536641781,0.005555286537763782,0.010119961001836753,strong_evidence_gap
assist_09,self_only_fallback,1.0,42,query_seq_top5_q4_high,12141,0.7852926478875515,0.012498395830667808,0.502753137814934,0.006610767467510104,0.7977910437182193,0.4961423703474239,1.0,True,-0.009595891214127628,-0.007896444732307994,-0.008778564950994971,0.0015225356443721583,support_dependence_only
assist_09,self_only_fallback,1.0,42,multi_concept,8419,0.7457581173511552,0.005958554178673969,0.5509533925458042,0.0023595572598893444,0.7517166715298291,0.5485938352859149,1.0,True,-0.010823393662634628,-0.009177427004956384,-0.011218260100813416,-0.004729382085202227,support_dependence_only
assist_09,self_only_fallback,1.0,42,direct_seen,49506,0.7594273485199593,0.013150028819122972,0.5422836557072767,0.007242865711742041,0.7725773773390823,0.5350407899955346,1.0,True,-0.0028305227730350824,-0.0006193227668022105,-0.002708551067175069,-0.0002113623142453336,support_dependence_only
assist_09,self_only_fallback,1.0,42,direct_unseen,1584,0.7925131904258009,0.025523995649430642,0.4469762567002221,0.05240412399514949,0.8180371860752316,0.39457213270507263,1.0,True,0.0022931331220246154,0.03485817638979788,-0.00205473566362141,0.002715177644161759,strong_evidence_gap
assist_09,self_only_fallback,1.0,42,direct_unseen_bridgeable,1584,0.7925131904258009,0.025523995649430642,0.4469762567002221,0.05240412399514949,0.8180371860752316,0.39457213270507263,1.0,True,0.0022931331220246154,0.03485817638979788,-0.00205473566362141,0.002715177644161759,strong_evidence_gap
assist_09,self_only_fallback,1.0,42,high_seq_support,12141,0.7852926478875515,0.012498395830667808,0.502753137814934,0.006610767467510104,0.7977910437182193,0.4961423703474239,1.0,True,-0.009595891214127628,-0.007896444732307994,-0.008778564950994971,0.0015225356443721583,support_dependence_only
assist_09,self_only_fallback,1.0,42,high_crg_mass,12637,0.7324486526598326,0.019294188818732794,0.5227077605866957,0.018488683584136134,0.7517428414785654,0.5042190770025595,1.0,True,0.005929920504665009,0.009446715536641781,0.005555286537763782,0.010119961001836753,strong_evidence_gap
assist_09,self_only_fallback,1.0,42,short_history,25670,0.7768207696503919,0.0060813564451842606,0.5476280616690863,-0.00037452118910741294,0.7829021260955762,0.5480025828581937,1.0,True,-0.012372307588294218,-0.00925953070511265,-0.012244199951429757,-0.007984426398851729,support_dependence_only
assist_09,self_only_fallback,1.0,42,long_history,25420,0.7347379350940958,0.022878051024364132,0.5309477854843487,0.017749307681283022,0.7576159861184599,0.5131984778030657,1.0,True,0.008806198770883067,0.010316574024719638,0.008677748972003085,0.01052287234727144,strong_evidence_gap
assist_09,self_only_fallback,1.0,43,all,51090,0.7602030625747823,0.014759448995709246,0.5393287345871519,0.008643050349066872,0.7749625115704916,0.530685684238085,1.0,True,-0.000279002025489139,0.0004905413262279446,-0.001181392166829187,0.00128768838467338,strong_evidence_gap
assist_09,self_only_fallback,1.0,43,graph_hits_history,50529,0.7601386166900641,0.01459578178281351,0.5389440318644232,0.008462359708350076,0.7747343984728776,0.5304816721560731,1.0,True,-0.00044991672004046634,0.0003509381366183506,-0.000996145282239813,0.001205054319276999,strong_evidence_gap
assist_09,self_only_fallback,1.0,43,high_support_mass,12637,0.7324486526598326,0.019294188818732794,0.5227077605866957,0.018488683584136134,0.7517428414785654,0.5042190770025595,1.0,True,0.005513660541441423,0.00951644154116027,0.005555286537763782,0.010119961001836753,strong_evidence_gap
assist_09,self_only_fallback,1.0,43,query_seq_top5_q4_high,12141,0.7852926478875515,0.012498395830667808,0.502753137814934,0.006610767467510104,0.7977910437182193,0.4961423703474239,1.0,True,-0.0014226285828010665,-0.002339606583706244,-0.008778564950994971,0.0015225356443721583,support_dependence_only
assist_09,self_only_fallback,1.0,43,multi_concept,8419,0.7457581173511552,0.005958554178673969,0.5509533925458042,0.0023595572598893444,0.7517166715298291,0.5485938352859149,1.0,True,-0.011262134149499947,-0.01064012538909842,-0.011218260100813416,-0.004729382085202227,support_dependence_only
assist_09,self_only_fallback,1.0,43,direct_seen,49506,0.7594273485199593,0.013150028819122972,0.5422836557072767,0.007242865711742041,0.7725773773390823,0.5350407899955346,1.0,True,-0.0016108057144349486,-0.00044544078415909016,-0.002708551067175069,-0.0002113623142453336,support_dependence_only
assist_09,self_only_fallback,1.0,43,direct_unseen,1584,0.7925131904258009,0.025523995649430642,0.4469762567002221,0.05240412399514949,0.8180371860752316,0.39457213270507263,1.0,True,-0.002133546769849448,0.029743527662602354,-0.00205473566362141,0.002715177644161759,strong_evidence_gap
assist_09,self_only_fallback,1.0,43,direct_unseen_bridgeable,1584,0.7925131904258009,0.025523995649430642,0.4469762567002221,0.05240412399514949,0.8180371860752316,0.39457213270507263,1.0,True,-0.002133546769849448,0.029743527662602354,-0.00205473566362141,0.002715177644161759,strong_evidence_gap
assist_09,self_only_fallback,1.0,43,high_seq_support,12141,0.7852926478875515,0.012498395830667808,0.502753137814934,0.006610767467510104,0.7977910437182193,0.4961423703474239,1.0,True,-0.0014226285828010665,-0.002339606583706244,-0.008778564950994971,0.0015225356443721583,support_dependence_only
assist_09,self_only_fallback,1.0,43,high_crg_mass,12637,0.7324486526598326,0.019294188818732794,0.5227077605866957,0.018488683584136134,0.7517428414785654,0.5042190770025595,1.0,True,0.005513660541441423,0.00951644154116027,0.005555286537763782,0.010119961001836753,strong_evidence_gap
assist_09,self_only_fallback,1.0,43,short_history,25670,0.7768207696503919,0.0060813564451842606,0.5476280616690863,-0.00037452118910741294,0.7829021260955762,0.5480025828581937,1.0,True,-0.010818556076466646,-0.009855686501640037,-0.012244199951429757,-0.007984426398851729,support_dependence_only
assist_09,self_only_fallback,1.0,43,long_history,25420,0.7347379350940958,0.022878051024364132,0.5309477854843487,0.017749307681283022,0.7576159861184599,0.5131984778030657,1.0,True,0.009470589862530243,0.010938521984818483,0.008677748972003085,0.01052287234727144,strong_evidence_gap
assist_09,self_only_fallback,1.0,44,all,51090,0.7602030625747823,0.014759448995709246,0.5393287345856302,0.0086430503475452,0.7749625115704916,0.530685684238085,1.0,True,0.0011155966285396612,0.0022574572469508114,-0.001181392166829187,0.00128768838467338,strong_evidence_gap
assist_09,self_only_fallback,1.0,44,graph_hits_history,50529,0.7601386166900641,0.01459578178281351,0.5389440318628844,0.008462359706811307,0.7747343984728776,0.5304816721560731,1.0,True,0.0009074971971622103,0.0020510910879892874,-0.000996145282239813,0.001205054319276999,strong_evidence_gap
assist_09,self_only_fallback,1.0,44,high_support_mass,12637,0.7324486526598326,0.019294188818732794,0.5227077605957638,0.018488683593204325,0.7517428414785654,0.5042190770025595,1.0,True,0.010159877851290244,0.012198554002117001,0.005555286537763782,0.010119961001836753,strong_evidence_gap
assist_09,self_only_fallback,1.0,44,query_seq_top5_q4_high,12141,0.7852926478875515,0.012498395830667808,0.502753137814934,0.006610767467510104,0.7977910437182193,0.4961423703474239,1.0,True,-0.00140936257166413,-0.0010719644600022393,-0.008778564950994971,0.0015225356443721583,support_dependence_only
assist_09,self_only_fallback,1.0,44,multi_concept,8419,0.7457581173511552,0.005958554178673969,0.5509533925365695,0.0023595572506546203,0.7517166715298291,0.5485938352859149,1.0,True,-0.005967001051014442,-0.006262928259527456,-0.011218260100813416,-0.004729382085202227,support_dependence_only
assist_09,self_only_fallback,1.0,44,direct_seen,49506,0.7594273485199593,0.013150028819122972,0.5422836557057062,0.007242865710171631,0.7725773773390823,0.5350407899955346,1.0,True,-0.0003724825558097944,0.0012843189049674963,-0.002708551067175069,-0.0002113623142453336,support_dependence_only
assist_09,self_only_fallback,1.0,44,direct_unseen,1584,0.7925131904258009,0.025523995649430642,0.4469762567002221,0.05240412399514949,0.8180371860752316,0.39457213270507263,1.0,True,-0.0013454357075690648,0.0326717165640113,-0.00205473566362141,0.002715177644161759,strong_evidence_gap
assist_09,self_only_fallback,1.0,44,direct_unseen_bridgeable,1584,0.7925131904258009,0.025523995649430642,0.4469762567002221,0.05240412399514949,0.8180371860752316,0.39457213270507263,1.0,True,-0.0013454357075690648,0.0326717165640113,-0.00205473566362141,0.002715177644161759,strong_evidence_gap
assist_09,self_only_fallback,1.0,44,high_seq_support,12141,0.7852926478875515,0.012498395830667808,0.502753137814934,0.006610767467510104,0.7977910437182193,0.4961423703474239,1.0,True,-0.00140936257166413,-0.0010719644600022393,-0.008778564950994971,0.0015225356443721583,support_dependence_only
assist_09,self_only_fallback,1.0,44,high_crg_mass,12637,0.7324486526598326,0.019294188818732794,0.5227077605957638,0.018488683593204325,0.7517428414785654,0.5042190770025595,1.0,True,0.010159877851290244,0.012198554002117001,0.005555286537763782,0.010119961001836753,strong_evidence_gap
assist_09,self_only_fallback,1.0,44,short_history,25670,0.7768207696503919,0.0060813564451842606,0.5476280616615934,-0.00037452119660030814,0.7829021260955762,0.5480025828581937,1.0,True,-0.007877261023676585,-0.0056380131519455645,-0.012244199951429757,-0.007984426398851729,support_dependence_only
assist_09,self_only_fallback,1.0,44,long_history,25420,0.7347379350940958,0.022878051024364132,0.5309477854888568,0.017749307685791083,0.7576159861184599,0.5131984778030657,1.0,True,0.008663476772127532,0.010230577826795706,0.008677748972003085,0.01052287234727144,strong_evidence_gap
assist_09,self_only_fallback,1.0,45,all,51090,0.7602030625747823,0.014759448995709246,0.5393287345856302,0.0086430503475452,0.7749625115704916,0.530685684238085,1.0,True,0.0013068096909104598,0.002639395657862753,-0.001181392166829187,0.00128768838467338,strong_evidence_gap
assist_09,self_only_fallback,1.0,45,graph_hits_history,50529,0.7601386166900641,0.01459578178281351,0.5389440318628844,0.008462359706811307,0.7747343984728776,0.5304816721560731,1.0,True,0.0012381162217341979,0.002548764895857869,-0.000996145282239813,0.001205054319276999,strong_evidence_gap
assist_09,self_only_fallback,1.0,45,high_support_mass,12637,0.7324486526598326,0.019294188818732794,0.5227077605957638,0.018488683593204325,0.7517428414785654,0.5042190770025595,1.0,True,0.008922439765726153,0.010869942403149757,0.005555286537763782,0.010119961001836753,strong_evidence_gap
assist_09,self_only_fallback,1.0,45,query_seq_top5_q4_high,12141,0.7852926478875515,0.012498395830667808,0.502753137814934,0.006610767467510104,0.7977910437182193,0.4961423703474239,1.0,True,0.0015968682542572,1.2547850018473916e-05,-0.008778564950994971,0.0015225356443721583,support_dependence_only
assist_09,self_only_fallback,1.0,45,multi_concept,8419,0.7457581173511552,0.005958554178673969,0.5509533925365695,0.0023595572506546203,0.7517166715298291,0.5485938352859149,1.0,True,-0.006403598765116758,-0.006999011732943594,-0.011218260100813416,-0.004729382085202227,support_dependence_only
assist_09,self_only_fallback,1.0,45,direct_seen,49506,0.7594273485199593,0.013150028819122972,0.5422836557057062,0.007242865710171631,0.7725773773390823,0.5350407899955346,1.0,True,-0.00019346006518261571,0.0017465709085917602,-0.002708551067175069,-0.0002113623142453336,support_dependence_only
assist_09,self_only_fallback,1.0,45,direct_unseen,1584,0.7925131904258009,0.025523995649430642,0.4469762567002221,0.05240412399514949,0.8180371860752316,0.39457213270507263,1.0,True,0.002762071479954775,0.030543550984512724,-0.00205473566362141,0.002715177644161759,strong_evidence_gap
assist_09,self_only_fallback,1.0,45,direct_unseen_bridgeable,1584,0.7925131904258009,0.025523995649430642,0.4469762567002221,0.05240412399514949,0.8180371860752316,0.39457213270507263,1.0,True,0.002762071479954775,0.030543550984512724,-0.00205473566362141,0.002715177644161759,strong_evidence_gap
assist_09,self_only_fallback,1.0,45,high_seq_support,12141,0.7852926478875515,0.012498395830667808,0.502753137814934,0.006610767467510104,0.7977910437182193,0.4961423703474239,1.0,True,0.0015968682542572,1.2547850018473916e-05,-0.008778564950994971,0.0015225356443721583,support_dependence_only
assist_09,self_only_fallback,1.0,45,high_crg_mass,12637,0.7324486526598326,0.019294188818732794,0.5227077605957638,0.018488683593204325,0.7517428414785654,0.5042190770025595,1.0,True,0.008922439765726153,0.010869942403149757,0.005555286537763782,0.010119961001836753,strong_evidence_gap
assist_09,self_only_fallback,1.0,45,short_history,25670,0.7768207696503919,0.0060813564451842606,0.5476280616615934,-0.00037452119660030814,0.7829021260955762,0.5480025828581937,1.0,True,-0.00894891477542803,-0.005406451255343558,-0.012244199951429757,-0.007984426398851729,support_dependence_only
assist_09,self_only_fallback,1.0,45,long_history,25420,0.7347379350940958,0.022878051024364132,0.5309477854888568,0.017749307685791083,0.7576159861184599,0.5131984778030657,1.0,True,0.010471592855994083,0.01076437167131683,0.008677748972003085,0.01052287234727144,strong_evidence_gap
assist_09,self_only_fallback,1.0,46,all,51090,0.7602030625747823,0.014759448995709246,0.539328734589395,0.008643050351309967,0.7749625115704916,0.530685684238085,1.0,True,0.00014844970586624928,0.0020820598434995174,-0.001181392166829187,0.00128768838467338,strong_evidence_gap
assist_09,self_only_fallback,1.0,46,graph_hits_history,50529,0.7601386166900641,0.01459578178281351,0.538944031866691,0.008462359710617928,0.7747343984728776,0.5304816721560731,1.0,True,0.0003690330607803993,0.002216084173521926,-0.000996145282239813,0.001205054319276999,strong_evidence_gap
assist_09,self_only_fallback,1.0,46,high_support_mass,12637,0.7324486526598326,0.019294188818732794,0.5227077605957638,0.018488683593204325,0.7517428414785654,0.5042190770025595,1.0,True,0.009760709356755326,0.011411354047378808,0.005555286537763782,0.010119961001836753,strong_evidence_gap
assist_09,self_only_fallback,1.0,46,query_seq_top5_q4_high,12141,0.7852926478875515,0.012498395830667808,0.502753137814934,0.006610767467510104,0.7977910437182193,0.4961423703474239,1.0,True,0.0008535421554067835,0.00025496560156867965,-0.008778564950994971,0.0015225356443721583,support_dependence_only
assist_09,self_only_fallback,1.0,46,multi_concept,8419,0.7457581173511552,0.005958554178673969,0.5509533925594156,0.0023595572735006787,0.7517166715298291,0.5485938352859149,1.0,True,-0.004591868866778648,-0.004541937712353006,-0.011218260100813416,-0.004729382085202227,support_dependence_only
assist_09,self_only_fallback,1.0,46,direct_seen,49506,0.7594273485199593,0.013150028819122972,0.5422836557095915,0.007242865714056856,0.7725773773390823,0.5350407899955346,1.0,True,-0.001370844857548681,0.001093373948361176,-0.002708551067175069,-0.0002113623142453336,support_dependence_only
assist_09,self_only_fallback,1.0,46,direct_unseen,1584,0.7925131904258009,0.025523995649430642,0.4469762567002221,0.05240412399514949,0.8180371860752316,0.39457213270507263,1.0,True,0.0018904844796135967,0.03298223908890596,-0.00205473566362141,0.002715177644161759,strong_evidence_gap
assist_09,self_only_fallback,1.0,46,direct_unseen_bridgeable,1584,0.7925131904258009,0.025523995649430642,0.4469762567002221,0.05240412399514949,0.8180371860752316,0.39457213270507263,1.0,True,0.0018904844796135967,0.03298223908890596,-0.00205473566362141,0.002715177644161759,strong_evidence_gap
assist_09,self_only_fallback,1.0,46,high_seq_support,12141,0.7852926478875515,0.012498395830667808,0.502753137814934,0.006610767467510104,0.7977910437182193,0.4961423703474239,1.0,True,0.0008535421554067835,0.00025496560156867965,-0.008778564950994971,0.0015225356443721583,support_dependence_only
assist_09,self_only_fallback,1.0,46,high_crg_mass,12637,0.7324486526598326,0.019294188818732794,0.5227077605957638,0.018488683593204325,0.7517428414785654,0.5042190770025595,1.0,True,0.009760709356755326,0.011411354047378808,0.005555286537763782,0.010119961001836753,strong_evidence_gap
assist_09,self_only_fallback,1.0,46,short_history,25670,0.7768207696503919,0.0060813564451842606,0.5476280616690863,-0.00037452118910741294,0.7829021260955762,0.5480025828581937,1.0,True,-0.011091231219649611,-0.007271643551627016,-0.012244199951429757,-0.007984426398851729,support_dependence_only
assist_09,self_only_fallback,1.0,46,long_history,25420,0.7347379350940958,0.022878051024364132,0.5309477854888568,0.017749307685791083,0.7576159861184599,0.5131984778030657,1.0,True,0.010528570068524479,0.011527754814108837,0.008677748972003085,0.01052287234727144,strong_evidence_gap
