2026-04-17 08:48:48,607 - INFO - Arguments:
2026-04-17 08:48:48,607 - INFO -   ablate_concept_graph: False
2026-04-17 08:48:48,607 - INFO -   ablate_module1: False
2026-04-17 08:48:48,607 - INFO -   allow_self_loop: True
2026-04-17 08:48:48,607 - INFO -   alpha_min_target: 0.05
2026-04-17 08:48:48,607 - INFO -   batch_size: 128
2026-04-17 08:48:48,607 - INFO -   data_dir: ./data/assist_09
2026-04-17 08:48:48,607 - INFO -   dataset_name: assist_09
2026-04-17 08:48:48,607 - INFO -   debug_graph_diag: True
2026-04-17 08:48:48,607 - INFO -   diag_batches: 1
2026-04-17 08:48:48,607 - INFO -   disable_self_loop: False
2026-04-17 08:48:48,607 - INFO -   dropout: 0.2
2026-04-17 08:48:48,607 - INFO -   early_stop_patience: 3
2026-04-17 08:48:48,607 - INFO -   enable_module1: True
2026-04-17 08:48:48,607 - INFO -   epochs: 100
2026-04-17 08:48:48,607 - INFO -   generate_diagnosis: True
2026-04-17 08:48:48,607 - INFO -   gnn_residual_weight: 0.5
2026-04-17 08:48:48,607 - INFO -   gpu_candidates: None
2026-04-17 08:48:48,608 - INFO -   gpu_ids: None
2026-04-17 08:48:48,608 - INFO -   gpu_memory_threshold: 2000
2026-04-17 08:48:48,608 - INFO -   gpus: None
2026-04-17 08:48:48,608 - INFO -   graph_dropout: 0.0
2026-04-17 08:48:48,608 - INFO -   graph_entropy_max: 0.75
2026-04-17 08:48:48,608 - INFO -   graph_entropy_min: 0.25
2026-04-17 08:48:48,608 - INFO -   graph_identity_residual: 0.05
2026-04-17 08:48:48,608 - INFO -   graph_propagation_alpha: 0.24
2026-04-17 08:48:48,608 - INFO -   graph_query_readout_2hop_scale: 0.24
2026-04-17 08:48:48,608 - INFO -   graph_query_readout_scale: 0.7
2026-04-17 08:48:48,608 - INFO -   graph_query_writeback_2hop_scale: 0.24
2026-04-17 08:48:48,608 - INFO -   graph_query_writeback_scale: 0.7
2026-04-17 08:48:48,608 - INFO -   graph_readout_1hop_scale: 0.7
2026-04-17 08:48:48,608 - INFO -   graph_readout_2hop_scale: 0.24
2026-04-17 08:48:48,608 - INFO -   graph_reg_cap_ratio: 6.0
2026-04-17 08:48:48,608 - INFO -   graph_reg_warmup_epochs: 4
2026-04-17 08:48:48,608 - INFO -   graph_tau_init: 0.55
2026-04-17 08:48:48,608 - INFO -   graph_topk: 12
2026-04-17 08:48:48,608 - INFO -   graph_uniform_margin: 0.1
2026-04-17 08:48:48,608 - INFO -   knowledge_dim: 64
2026-04-17 08:48:48,608 - INFO -   lambda_alpha: 0.0
2026-04-17 08:48:48,608 - INFO -   lambda_alpha_min: 0.08
2026-04-17 08:48:48,608 - INFO -   lambda_graph_diag: 0.1
2026-04-17 08:48:48,608 - INFO -   lambda_graph_uniform: 0.04
2026-04-17 08:48:48,608 - INFO -   lambda_personal_kl: 0.04
2026-04-17 08:48:48,608 - INFO -   lambda_personal_query_residual: 0.08
2026-04-17 08:48:48,608 - INFO -   lambda_sparse: 0.8
2026-04-17 08:48:48,608 - INFO -   lambda_sparse_personal: 0.0005
2026-04-17 08:48:48,608 - INFO -   learning_rate: 0.0003
2026-04-17 08:48:48,608 - INFO -   log_dir: logs/abce_diag/remote_trust_diag_20260417_709083f/assist_09/seed42/best_full
2026-04-17 08:48:48,608 - INFO -   max_test_batches: None
2026-04-17 08:48:48,608 - INFO -   max_train_batches: None
2026-04-17 08:48:48,608 - INFO -   max_val_batches: None
2026-04-17 08:48:48,608 - INFO -   min_exer_interactions: 0
2026-04-17 08:48:48,608 - INFO -   min_poison_count: 0
2026-04-17 08:48:48,608 - INFO -   min_stu_interactions: 15
2026-04-17 08:48:48,608 - INFO -   model_variant: assist_09_abce_best_full
2026-04-17 08:48:48,608 - INFO -   multi_gpu: False
2026-04-17 08:48:48,608 - INFO -   no_cuda: False
2026-04-17 08:48:48,608 - INFO -   num_gnn_layers: 2
2026-04-17 08:48:48,608 - INFO -   num_gpus: 1
2026-04-17 08:48:48,608 - INFO -   num_relation_heads: 2
2026-04-17 08:48:48,608 - INFO -   num_workers: 4
2026-04-17 08:48:48,608 - INFO -   patience: 5
2026-04-17 08:48:48,609 - INFO -   personal_alpha_base_init: 0.05
2026-04-17 08:48:48,609 - INFO -   personal_alpha_bias_scale: 0.0
2026-04-17 08:48:48,609 - INFO -   personal_alpha_budget: 0.1
2026-04-17 08:48:48,609 - INFO -   personal_alpha_temperature: 2.2
2026-04-17 08:48:48,609 - INFO -   personal_delta_scale: 4.0
2026-04-17 08:48:48,609 - INFO -   personal_disable_student_global_context: True
2026-04-17 08:48:48,609 - INFO -   personal_id_lr_mult: 0.5
2026-04-17 08:48:48,609 - INFO -   personal_include_neighbor_rows: False
2026-04-17 08:48:48,609 - INFO -   personal_local_hops: 1
2026-04-17 08:48:48,609 - INFO -   personal_max_alpha: 0.28
2026-04-17 08:48:48,609 - INFO -   personal_neighbor_row_budget: 0.35
2026-04-17 08:48:48,609 - INFO -   personal_query_correction_max_ratio: 0.15
2026-04-17 08:48:48,609 - INFO -   personal_query_correction_min_graph_anchor: 0.02
2026-04-17 08:48:48,609 - INFO -   personal_query_correction_scale: 0.08
2026-04-17 08:48:48,609 - INFO -   personal_query_residual_margin: 0.08
2026-04-17 08:48:48,609 - INFO -   personal_query_row_budget: 1.0
2026-04-17 08:48:48,609 - INFO -   personal_rank: 8
2026-04-17 08:48:48,609 - INFO -   personal_reg_warmup_epochs: 8
2026-04-17 08:48:48,609 - INFO -   personal_state_lr_mult: 1.0
2026-04-17 08:48:48,609 - INFO -   personal_student_dim: 32
2026-04-17 08:48:48,609 - INFO -   personal_support_only: True
2026-04-17 08:48:48,609 - INFO -   personal_warmup_epochs: 8
2026-04-17 08:48:48,609 - INFO -   prediction_l2_lambda: 1e-05
2026-04-17 08:48:48,609 - INFO -   save_dir: checkpoints/abce_diag/remote_trust_diag_20260417_709083f/assist_09/seed42/best_full
2026-04-17 08:48:48,609 - INFO -   save_interval: 10
2026-04-17 08:48:48,609 - INFO -   seed: 42
2026-04-17 08:48:48,609 - INFO -   share_concept_embeddings: True
2026-04-17 08:48:48,609 - INFO -   use_concept_graph: True
2026-04-17 08:48:48,609 - INFO -   use_exercise_graph: True
2026-04-17 08:48:48,609 - INFO -   use_personal_graph: True
2026-04-17 08:48:48,609 - INFO -   weight_decay: 1e-05
2026-04-17 08:48:48,689 - INFO - Using device: cuda:0 (physical gpu 2)
2026-04-17 08:48:48,689 - INFO - [assist_09|assist_09_abce_best_full|lr=0.0003|drop=0.20] Loading datasets...
2026-04-17 08:48:48,689 - INFO - [assist_09|assist_09_abce_best_full|lr=0.0003|drop=0.20] Regularization: graph_entropy(lambda_sparse)=0.800000, graph_diag=0.100000, graph_uniform=0.040000, personal_sparse=0.000500, personal_kl=0.040000, personal_query_residual=0.080000, alpha_penalty=0.000000, alpha_min=0.080000, prediction_l2=0.000010
2026-04-17 08:48:48,689 - INFO - [assist_09|assist_09_abce_best_full|lr=0.0003|drop=0.20] Graph controls: entropy_band=[0.25, 0.75], uniform_margin=0.10, warmup_epochs=4, cap_ratio=6.00, graph_dropout=0.000, graph_tau_init=0.550
2026-04-17 08:48:48,690 - INFO - [assist_09|assist_09_abce_best_full|lr=0.0003|drop=0.20] Personal controls: personal_max_alpha=0.280, personal_delta_scale=4.000, personal_warmup_epochs=8, personal_student_dim=32, alpha_min_target=0.0500, personal_local_hops=1, include_neighbor_rows=False, personal_support_only=True, personal_alpha_temperature=2.200, personal_alpha_budget=0.100, personal_query_row_budget=1.000, personal_neighbor_row_budget=0.350, personal_query_correction_scale=0.080, personal_state_lr_mult=1.000, personal_id_lr_mult=0.500, graph_propagation_alpha=0.240, graph_query_readout_scale=0.700, graph_query_readout_2hop_scale=0.240
2026-04-17 08:48:48,764 - INFO - [assist_09] [数据清洗] 学生交互次数 < 15 次的学生：共移除 313 个学生（仅统计用户数）
2026-04-17 08:48:48,775 - INFO - [assist_09] [数据清洗] 学生冷启动过滤：在 train/valid/test 中共删除 5118 条记录。
2026-04-17 08:48:48,776 - INFO - [assist_09] [数据清洗] 跳过题目冷门过滤（min_exer_interactions <= 0）。
2026-04-17 08:48:48,776 - INFO - [assist_09] [数据清洗] 跳过毒题清洗（min_poison_count <= 0）。
2026-04-17 08:48:48,776 - INFO - [assist_09] 正在构建ID映射...
2026-04-17 08:48:48,970 - INFO - [assist_09] 正在构建Q矩阵...
2026-04-17 08:48:55,405 - INFO - [assist_09] [数据清洗] Valid train-seen 过滤：before=20072, after=19875, dropped=197, coverage=99.02%
2026-04-17 08:48:55,414 - INFO - [assist_09] [数据清洗] Test train-seen 过滤：before=51610, after=51090, dropped=520, coverage=98.99%
2026-04-17 08:48:55,414 - INFO - [assist_09] [统计] 开始统计清洗后每道题的概念数量分布...
2026-04-17 08:48:55,421 - INFO - [assist_09] [Train] 概念数统计：题目数=17057, 平均概念数=1.1995, min=1, max=4, 1概念=14129 (82.83%), ≥2概念=2928 (17.17%)
2026-04-17 08:48:55,421 - INFO - [assist_09] [Train] 概念数直方图（概念数: 题目数量）: {1: 14129, 2: 2533, 3: 315, 4: 80}
2026-04-17 08:48:55,424 - INFO - [assist_09] [Valid] 概念数统计：题目数=9034, 平均概念数=1.1996, min=1, max=4, 1概念=7500 (83.02%), ≥2概念=1534 (16.98%)
2026-04-17 08:48:55,424 - INFO - [assist_09] [Valid] 概念数直方图（概念数: 题目数量）: {1: 7500, 2: 1314, 3: 171, 4: 49}
2026-04-17 08:48:55,427 - INFO - [assist_09] [Test] 概念数统计：题目数=12825, 平均概念数=1.1994, min=1, max=4, 1概念=10661 (83.13%), ≥2概念=2164 (16.87%)
2026-04-17 08:48:55,427 - INFO - [assist_09] [Test] 概念数直方图（概念数: 题目数量）: {1: 10661, 2: 1836, 3: 263, 4: 65}
2026-04-17 08:48:55,427 - INFO - [assist_09] [统计] 概念数量统计完成。
2026-04-17 08:48:55,427 - INFO - [assist_09] 正在加载数据集...
2026-04-17 08:48:55,503 - INFO - [assist_09|assist_09_abce_best_full|lr=0.0003|drop=0.20] Train samples: 190623, Val samples: 19875
2026-04-17 08:48:55,503 - INFO - [assist_09|assist_09_abce_best_full|lr=0.0003|drop=0.20] Number of students: 2180
2026-04-17 08:48:55,503 - INFO - [assist_09|assist_09_abce_best_full|lr=0.0003|drop=0.20] Number of exercises: 17057
2026-04-17 08:48:55,503 - INFO - [assist_09|assist_09_abce_best_full|lr=0.0003|drop=0.20] Number of concepts: 123
2026-04-17 08:48:55,503 - INFO - [assist_09|assist_09_abce_best_full|lr=0.0003|drop=0.20] Creating model...
2026-04-17 08:48:55,503 - INFO - [assist_09|assist_09_abce_best_full|lr=0.0003|drop=0.20] Ablation switches: ablate_module1=False | enable_module1=True | use_concept_graph=True | effective(num_gnn_layers=2)
2026-04-17 08:48:55,630 - INFO - [assist_09|assist_09_abce_best_full|lr=0.0003|drop=0.20] Ablation runtime check: args(ablate_module1=False) | expect(use_concept_graph=True,use_personal_graph=True) | model(enable_module1=True,use_concept_graph=True,use_personal_graph=True) | physical(has_knowledge_encoder=True,has_relation_learning=True,has_adaptive_gate=True,has_personal_generator=True)
2026-04-17 08:48:55,630 - INFO - [assist_09|assist_09_abce_best_full|lr=0.0003|drop=0.20] Debug diagnostics enabled: diag_batches=1
2026-04-17 08:48:55,651 - INFO - [assist_09|assist_09_abce_best_full|lr=0.0003|drop=0.20] [Graph Init] graph_tau_mean=1.0055, graph_tau_std=0.0000, graph_dropout=0.000, use_personal_graph=True
2026-04-17 08:48:55,652 - INFO - [assist_09|assist_09_abce_best_full|lr=0.0003|drop=0.20] Total parameters: 934,557
2026-04-17 08:48:55,652 - INFO - [assist_09|assist_09_abce_best_full|lr=0.0003|drop=0.20] Trainable parameters: 934,557
2026-04-17 08:48:56,595 - INFO - [assist_09|assist_09_abce_best_full|lr=0.0003|drop=0.20] Optimizer param groups: backbone@lr=0.0003, personal_state@lr=0.0003, personal_id@lr=0.00015
2026-04-17 08:48:56,595 - INFO - [assist_09|assist_09_abce_best_full|lr=0.0003|drop=0.20] Monitor config: scheduler=val_auc(max), best_checkpoint=val_auc(max), early_stop=val_auc(max)
2026-04-17 08:48:56,595 - INFO - [assist_09|assist_09_abce_best_full|lr=0.0003|drop=0.20] Starting training...
2026-04-17 08:50:06,090 - INFO - [assist_09|assist_09_abce_best_full|lr=0.0003|drop=0.20] Epoch [001/100] | Train: Loss=0.5940, BCE=0.5881, Reg=0.0059, AUC=0.6908, ACC=0.6954, RMSE=0.4482 | Val: Loss=0.5745, BCE=0.5691, Reg=0.0054, AUC=0.7253, ACC=0.7080, RMSE=0.4392
2026-04-17 08:50:06,090 - INFO - [assist_09|assist_09_abce_best_full|lr=0.0003|drop=0.20] [Reg Terms] Epoch [001] | Train: graph_entropy=0.000000, graph_diag=0.004494, graph_uniform=0.000736, graph_reg_scale=1.0000, prediction_l2=0.000000, personal_sparse=0.000037, alpha_var=0.000000, alpha_collapse=0.000331, reg_bce_ratio=0.0100 | Val: graph_entropy=0.000000, graph_diag=0.004037, graph_uniform=0.000742, graph_reg_scale=1.0000, prediction_l2=0.000000, personal_sparse=0.000045, alpha_var=0.000000, alpha_collapse=0.000284, reg_bce_ratio=0.0095
2026-04-17 08:50:06,277 - INFO - [assist_09|assist_09_abce_best_full|lr=0.0003|drop=0.20] [Diag][AE] Epoch [001] | irt_abs_mean=1.2720, irt_std=0.5875, personal_warmup_scale=0.12, graph_row_entropy=2.4528, graph_entropy_ratio=0.5097, alpha_mean=0.0509, alpha_std=0.0217, alpha_base_mean=0.0509, alpha_delta_absmean=0.0986, alpha_saturation_ratio=0.0000, alpha_bias_std=NA, alpha_state_path=5.5308, alpha_id_path=0.0000, alpha_bias_path=0.0000, head_bias_path=1.5195, personal_row_entropy=1.7014, personal_matrix_delta=0.0854, personal_matrix_student_std=0.0518, personal_delta_pre_softmax_norm=2.3462, personal_delta_student_std=1.1991, alpha_head_std=0.0217, query_row_global_readout_delta=0.2588, query_row_personal_message_delta=0.0005, query_row_posterior_delta_abs=0.0854, query_row_posterior_kl=0.0593, personal_to_graph_query_ratio=0.0021, query_row_global_support_mass=0.7902, query_row_personal_support_mass=0.7902, neighbor_row_personal_delta=0.0000, personal_row_budget_mean=1.0000, personal_query_row_std=0.0785, readout_query_support_mass=0.7902, personal_student_mix=0.0075, personal_student_adapter=0.0170, local_row_ratio=0.1876, support_density=0.4010, readout_query_delta=0.2586, personal_bad_rows_active=0.00, personal_fallback_rows_active=0.00, personal_bad_row_rate_active=0.0000, personal_padded_rows=460.00, personal_logits_support_absmax=5.6533, personal_query_trust_scale_mean=1.0000, personal_bad_rows_legacy=460.00, personal_fallback_rows_legacy=460.00, personal_logits_absmax_legacy=30.0000
2026-04-17 08:50:06,277 - INFO - [assist_09|assist_09_abce_best_full|lr=0.0003|drop=0.20] [Diag][A] Epoch [001] | entropy_ratio=0.5097, diag_mass=0.1615, to_uniform_l2=0.025799, to_identity_l2=0.078968, relation_identity_delta=0.078968, knowledge_state_graph_delta=0.579224, knowledge_state_personal_delta=0.000000, share_concept_embeddings=True, tau_mean=0.8414, tau_std=0.0016, graph_reg_scale(train/val)=1.0000/1.0000
2026-04-17 08:50:06,278 - WARNING - [assist_09|assist_09_abce_best_full|lr=0.0003|drop=0.20] [Diag Warning][AE] query-readout-overamplified: readout_query_delta=0.258565, query_row_graph_delta=0.258772, personal_matrix_delta=0.085383
2026-04-17 08:50:06,278 - INFO - [assist_09|assist_09_abce_best_full|lr=0.0003|drop=0.20] [Grad Norms] Epoch [001] | relation_emb=1.026700e-01, relation_tau=4.710304e-06, relation_wq=8.142755e-05, relation_wk=7.880169e-05, personal_u=1.019885e-03, personal_v=8.343693e-04, personal_alpha_bias=0.000000e+00, personal_gate_emb=2.412799e-13, personal_gate_state_proj=9.964794e-09, personal_gate_context_proj=2.200104e-08, personal_gate_state_direct=6.847709e-06, personal_gate_id_direct=5.116992e-13, personal_gate_context_direct=1.460878e-05, personal_gate_out=1.329317e-08, personal_generator_emb=2.848089e-16, personal_generator_context_proj=8.626263e-16, personal_generator_context_hidden=4.950437e-17, personal_generator_context_to_u=2.518359e-12, personal_generator_context_to_v=2.229154e-12, personal_generator_state_row=1.064292e-08, personal_generator_state_col=9.300065e-09, personal_generator_id_row=4.225925e-11, personal_generator_id_col=3.553055e-11, personal_generator_state_adapter=3.904469e-14, personal_generator_id_adapter=1.018974e-19, personal_generator_context_adapter=1.073264e-19, personal_generator_direct_scale=6.015712e-09
2026-04-17 08:50:06,442 - INFO - [assist_09|assist_09_abce_best_full|lr=0.0003|drop=0.20] -> New best AUC=0.7253 at epoch 1
2026-04-17 08:51:20,842 - INFO - [assist_09|assist_09_abce_best_full|lr=0.0003|drop=0.20] Epoch [002/100] | Train: Loss=0.5669, BCE=0.5580, Reg=0.0088, AUC=0.7367, ACC=0.7172, RMSE=0.4339 | Val: Loss=0.5703, BCE=0.5653, Reg=0.0051, AUC=0.7305, ACC=0.7103, RMSE=0.4377
2026-04-17 08:51:20,842 - INFO - [assist_09|assist_09_abce_best_full|lr=0.0003|drop=0.20] [Reg Terms] Epoch [002] | Train: graph_entropy=0.000000, graph_diag=0.006453, graph_uniform=0.001497, graph_reg_scale=1.0000, prediction_l2=0.000000, personal_sparse=0.000076, alpha_var=0.000000, alpha_collapse=0.000189, reg_bce_ratio=0.0158 | Val: graph_entropy=0.000000, graph_diag=0.002773, graph_uniform=0.001522, graph_reg_scale=1.0000, prediction_l2=0.000000, personal_sparse=0.000096, alpha_var=0.000000, alpha_collapse=0.000079, reg_bce_ratio=0.0090
2026-04-17 08:51:21,029 - INFO - [assist_09|assist_09_abce_best_full|lr=0.0003|drop=0.20] [Diag][AE] Epoch [002] | irt_abs_mean=1.2845, irt_std=0.6264, personal_warmup_scale=0.25, graph_row_entropy=2.5532, graph_entropy_ratio=0.5306, alpha_mean=0.0542, alpha_std=0.0461, alpha_base_mean=0.0542, alpha_delta_absmean=0.0992, alpha_saturation_ratio=0.0000, alpha_bias_std=NA, alpha_state_path=6.1690, alpha_id_path=0.0000, alpha_bias_path=0.0000, head_bias_path=1.5058, personal_row_entropy=1.7951, personal_matrix_delta=0.0839, personal_matrix_student_std=0.0490, personal_delta_pre_softmax_norm=2.3125, personal_delta_student_std=1.1650, alpha_head_std=0.0461, query_row_global_readout_delta=0.3043, query_row_personal_message_delta=0.0007, query_row_posterior_delta_abs=0.0839, query_row_posterior_kl=0.0600, personal_to_graph_query_ratio=0.0024, query_row_global_support_mass=0.9513, query_row_personal_support_mass=0.9513, neighbor_row_personal_delta=0.0000, personal_row_budget_mean=1.0000, personal_query_row_std=0.1093, readout_query_support_mass=0.9513, personal_student_mix=0.0109, personal_student_adapter=0.0226, local_row_ratio=0.1912, support_density=0.3989, readout_query_delta=0.3040, personal_bad_rows_active=0.00, personal_fallback_rows_active=0.00, personal_bad_row_rate_active=0.0000, personal_padded_rows=460.00, personal_logits_support_absmax=5.8904, personal_query_trust_scale_mean=1.0000, personal_bad_rows_legacy=460.00, personal_fallback_rows_legacy=460.00, personal_logits_absmax_legacy=30.0000
2026-04-17 08:51:21,029 - INFO - [assist_09|assist_09_abce_best_full|lr=0.0003|drop=0.20] [Diag][A] Epoch [002] | entropy_ratio=0.5306, diag_mass=0.0555, to_uniform_l2=0.023877, to_identity_l2=0.088683, relation_identity_delta=0.088683, knowledge_state_graph_delta=0.620162, knowledge_state_personal_delta=0.000000, share_concept_embeddings=True, tau_mean=0.6636, tau_std=0.0301, graph_reg_scale(train/val)=1.0000/1.0000
2026-04-17 08:51:21,029 - WARNING - [assist_09|assist_09_abce_best_full|lr=0.0003|drop=0.20] [Diag Warning][AE] query-readout-overamplified: readout_query_delta=0.304027, query_row_graph_delta=0.304255, personal_matrix_delta=0.083910
2026-04-17 08:51:21,030 - INFO - [assist_09|assist_09_abce_best_full|lr=0.0003|drop=0.20] [Grad Norms] Epoch [002] | relation_emb=1.077231e-01, relation_tau=2.104257e-05, relation_wq=1.276320e-04, relation_wk=1.742264e-04, personal_u=1.782864e-03, personal_v=1.040225e-03, personal_alpha_bias=0.000000e+00, personal_gate_emb=3.621169e-17, personal_gate_state_proj=5.255673e-12, personal_gate_context_proj=4.741883e-12, personal_gate_state_direct=1.499213e-05, personal_gate_id_direct=3.527646e-15, personal_gate_context_direct=1.298474e-05, personal_gate_out=6.735211e-10, personal_generator_emb=1.303932e-17, personal_generator_context_proj=0.000000e+00, personal_generator_context_hidden=0.000000e+00, personal_generator_context_to_u=7.003643e-18, personal_generator_context_to_v=5.179427e-18, personal_generator_state_row=8.660468e-09, personal_generator_state_col=7.618202e-09, personal_generator_id_row=2.361244e-13, personal_generator_id_col=2.322305e-13, personal_generator_state_adapter=2.935692e-13, personal_generator_id_adapter=2.186058e-23, personal_generator_context_adapter=2.667824e-31, personal_generator_direct_scale=7.959667e-08
2026-04-17 08:51:21,342 - INFO - [assist_09|assist_09_abce_best_full|lr=0.0003|drop=0.20] -> New best AUC=0.7305 at epoch 2
2026-04-17 08:52:34,447 - INFO - [assist_09|assist_09_abce_best_full|lr=0.0003|drop=0.20] Epoch [003/100] | Train: Loss=0.5572, BCE=0.5501, Reg=0.0071, AUC=0.7465, ACC=0.7208, RMSE=0.4305 | Val: Loss=0.5685, BCE=0.5614, Reg=0.0071, AUC=0.7358, ACC=0.7132, RMSE=0.4360
2026-04-17 08:52:34,447 - INFO - [assist_09|assist_09_abce_best_full|lr=0.0003|drop=0.20] [Reg Terms] Epoch [003] | Train: graph_entropy=0.000000, graph_diag=0.003769, graph_uniform=0.002286, graph_reg_scale=1.0000, prediction_l2=0.000000, personal_sparse=0.000119, alpha_var=0.000000, alpha_collapse=0.000000, reg_bce_ratio=0.0128 | Val: graph_entropy=0.000000, graph_diag=0.003750, graph_uniform=0.002286, graph_reg_scale=1.0000, prediction_l2=0.000000, personal_sparse=0.000143, alpha_var=0.000000, alpha_collapse=0.000000, reg_bce_ratio=0.0126
2026-04-17 08:52:34,640 - INFO - [assist_09|assist_09_abce_best_full|lr=0.0003|drop=0.20] [Diag][AE] Epoch [003] | irt_abs_mean=1.3577, irt_std=0.6666, personal_warmup_scale=0.38, graph_row_entropy=2.5592, graph_entropy_ratio=0.5318, alpha_mean=0.0565, alpha_std=0.0505, alpha_base_mean=0.0551, alpha_delta_absmean=0.0772, alpha_saturation_ratio=0.0000, alpha_bias_std=NA, alpha_state_path=2.2746, alpha_id_path=0.0000, alpha_bias_path=0.0000, head_bias_path=1.4857, personal_row_entropy=1.7762, personal_matrix_delta=0.0858, personal_matrix_student_std=0.0495, personal_delta_pre_softmax_norm=2.3198, personal_delta_student_std=1.1684, alpha_head_std=0.0505, query_row_global_readout_delta=0.3208, query_row_personal_message_delta=0.0008, query_row_posterior_delta_abs=0.0858, query_row_posterior_kl=0.0620, personal_to_graph_query_ratio=0.0026, query_row_global_support_mass=0.8193, query_row_personal_support_mass=0.8193, neighbor_row_personal_delta=0.0000, personal_row_budget_mean=1.0000, personal_query_row_std=0.0918, readout_query_support_mass=0.8193, personal_student_mix=0.0154, personal_student_adapter=0.0284, local_row_ratio=0.1999, support_density=0.4010, readout_query_delta=0.3206, personal_bad_rows_active=0.00, personal_fallback_rows_active=0.00, personal_bad_row_rate_active=0.0000, personal_padded_rows=460.00, personal_logits_support_absmax=6.0800, personal_query_trust_scale_mean=1.0000, personal_bad_rows_legacy=460.00, personal_fallback_rows_legacy=460.00, personal_logits_absmax_legacy=30.0000
2026-04-17 08:52:34,640 - INFO - [assist_09|assist_09_abce_best_full|lr=0.0003|drop=0.20] [Diag][A] Epoch [003] | entropy_ratio=0.5318, diag_mass=0.0500, to_uniform_l2=0.023784, to_identity_l2=0.089156, relation_identity_delta=0.089156, knowledge_state_graph_delta=0.634876, knowledge_state_personal_delta=0.000000, share_concept_embeddings=True, tau_mean=0.6682, tau_std=0.0248, graph_reg_scale(train/val)=1.0000/1.0000
2026-04-17 08:52:34,640 - WARNING - [assist_09|assist_09_abce_best_full|lr=0.0003|drop=0.20] [Diag Warning][AE] query-readout-overamplified: readout_query_delta=0.320594, query_row_graph_delta=0.320840, personal_matrix_delta=0.085765
2026-04-17 08:52:34,641 - INFO - [assist_09|assist_09_abce_best_full|lr=0.0003|drop=0.20] [Grad Norms] Epoch [003] | relation_emb=1.109774e-01, relation_tau=7.217399e-07, relation_wq=9.533058e-06, relation_wk=8.758254e-06, personal_u=7.370380e-04, personal_v=6.181021e-04, personal_alpha_bias=0.000000e+00, personal_gate_emb=1.051660e-20, personal_gate_state_proj=3.242750e-19, personal_gate_context_proj=2.274140e-19, personal_gate_state_direct=4.225425e-05, personal_gate_id_direct=7.645440e-17, personal_gate_context_direct=2.898769e-05, personal_gate_out=5.264841e-13, personal_generator_emb=7.552010e-22, personal_generator_context_proj=0.000000e+00, personal_generator_context_hidden=0.000000e+00, personal_generator_context_to_u=0.000000e+00, personal_generator_context_to_v=0.000000e+00, personal_generator_state_row=1.660981e-10, personal_generator_state_col=3.223366e-10, personal_generator_id_row=1.160349e-18, personal_generator_id_col=3.264040e-18, personal_generator_state_adapter=4.071196e-17, personal_generator_id_adapter=3.878138e-33, personal_generator_context_adapter=0.000000e+00, personal_generator_direct_scale=1.794737e-07
2026-04-17 08:52:34,894 - INFO - [assist_09|assist_09_abce_best_full|lr=0.0003|drop=0.20] -> New best AUC=0.7358 at epoch 3
2026-04-17 08:53:47,766 - INFO - [assist_09|assist_09_abce_best_full|lr=0.0003|drop=0.20] Epoch [004/100] | Train: Loss=0.5537, BCE=0.5443, Reg=0.0094, AUC=0.7536, ACC=0.7230, RMSE=0.4280 | Val: Loss=0.5687, BCE=0.5593, Reg=0.0095, AUC=0.7357, ACC=0.7121, RMSE=0.4348
2026-04-17 08:53:47,766 - INFO - [assist_09|assist_09_abce_best_full|lr=0.0003|drop=0.20] [Reg Terms] Epoch [004] | Train: graph_entropy=0.000000, graph_diag=0.005000, graph_uniform=0.003049, graph_reg_scale=1.0000, prediction_l2=0.000000, personal_sparse=0.000158, alpha_var=0.000000, alpha_collapse=0.000000, reg_bce_ratio=0.0173 | Val: graph_entropy=0.000000, graph_diag=0.005000, graph_uniform=0.003049, graph_reg_scale=1.0000, prediction_l2=0.000000, personal_sparse=0.000189, alpha_var=0.000000, alpha_collapse=0.000000, reg_bce_ratio=0.0169
2026-04-17 08:53:47,976 - INFO - [assist_09|assist_09_abce_best_full|lr=0.0003|drop=0.20] [Diag][AE] Epoch [004] | irt_abs_mean=1.1898, irt_std=0.6536, personal_warmup_scale=0.50, graph_row_entropy=2.5592, graph_entropy_ratio=0.5318, alpha_mean=0.0625, alpha_std=0.0521, alpha_base_mean=0.0567, alpha_delta_absmean=0.0610, alpha_saturation_ratio=0.0000, alpha_bias_std=NA, alpha_state_path=1.6137, alpha_id_path=0.0000, alpha_bias_path=0.0000, head_bias_path=1.4435, personal_row_entropy=1.7978, personal_matrix_delta=0.0835, personal_matrix_student_std=0.0505, personal_delta_pre_softmax_norm=2.3231, personal_delta_student_std=1.1886, alpha_head_std=0.0521, query_row_global_readout_delta=0.3347, query_row_personal_message_delta=0.0010, query_row_posterior_delta_abs=0.0835, query_row_posterior_kl=0.0595, personal_to_graph_query_ratio=0.0030, query_row_global_support_mass=0.8942, query_row_personal_support_mass=0.8942, neighbor_row_personal_delta=0.0000, personal_row_budget_mean=1.0000, personal_query_row_std=0.1020, readout_query_support_mass=0.8942, personal_student_mix=0.0210, personal_student_adapter=0.0339, local_row_ratio=0.2135, support_density=0.4010, readout_query_delta=0.3344, personal_bad_rows_active=0.00, personal_fallback_rows_active=0.00, personal_bad_row_rate_active=0.0000, personal_padded_rows=460.00, personal_logits_support_absmax=5.9776, personal_query_trust_scale_mean=1.0000, personal_bad_rows_legacy=460.00, personal_fallback_rows_legacy=460.00, personal_logits_absmax_legacy=30.0000
2026-04-17 08:53:47,976 - INFO - [assist_09|assist_09_abce_best_full|lr=0.0003|drop=0.20] [Diag][A] Epoch [004] | entropy_ratio=0.5318, diag_mass=0.0500, to_uniform_l2=0.023784, to_identity_l2=0.089156, relation_identity_delta=0.089156, knowledge_state_graph_delta=0.639606, knowledge_state_personal_delta=0.000000, share_concept_embeddings=True, tau_mean=0.6785, tau_std=0.0148, graph_reg_scale(train/val)=1.0000/1.0000
2026-04-17 08:53:47,977 - WARNING - [assist_09|assist_09_abce_best_full|lr=0.0003|drop=0.20] [Diag Warning][AE] query-readout-overamplified: readout_query_delta=0.334442, query_row_graph_delta=0.334720, personal_matrix_delta=0.083458
2026-04-17 08:53:47,977 - INFO - [assist_09|assist_09_abce_best_full|lr=0.0003|drop=0.20] [Grad Norms] Epoch [004] | relation_emb=1.309962e-01, relation_tau=5.817912e-08, relation_wq=4.006660e-06, relation_wk=3.268061e-06, personal_u=1.054149e-03, personal_v=1.061057e-03, personal_alpha_bias=0.000000e+00, personal_gate_emb=0.000000e+00, personal_gate_state_proj=0.000000e+00, personal_gate_context_proj=0.000000e+00, personal_gate_state_direct=1.002417e-04, personal_gate_id_direct=0.000000e+00, personal_gate_context_direct=1.022550e-05, personal_gate_out=3.963354e-20, personal_generator_emb=0.000000e+00, personal_generator_context_proj=0.000000e+00, personal_generator_context_hidden=0.000000e+00, personal_generator_context_to_u=0.000000e+00, personal_generator_context_to_v=0.000000e+00, personal_generator_state_row=1.541561e-14, personal_generator_state_col=2.078849e-14, personal_generator_id_row=0.000000e+00, personal_generator_id_col=0.000000e+00, personal_generator_state_adapter=3.061903e-24, personal_generator_id_adapter=1.121039e-44, personal_generator_context_adapter=0.000000e+00, personal_generator_direct_scale=7.743298e-07
2026-04-17 08:53:47,977 - INFO - [assist_09|assist_09_abce_best_full|lr=0.0003|drop=0.20] -> No improvement 1 epoch(s) (best AUC=0.7358 @ 3)
2026-04-17 08:55:00,590 - INFO - [assist_09|assist_09_abce_best_full|lr=0.0003|drop=0.20] Epoch [005/100] | Train: Loss=0.5487, BCE=0.5390, Reg=0.0097, AUC=0.7597, ACC=0.7258, RMSE=0.4257 | Val: Loss=0.5680, BCE=0.5582, Reg=0.0097, AUC=0.7396, ACC=0.7138, RMSE=0.4347
2026-04-17 08:55:00,590 - INFO - [assist_09|assist_09_abce_best_full|lr=0.0003|drop=0.20] [Reg Terms] Epoch [005] | Train: graph_entropy=0.000000, graph_diag=0.005000, graph_uniform=0.003049, graph_reg_scale=1.0000, prediction_l2=0.000000, personal_sparse=0.000198, alpha_var=0.000000, alpha_collapse=0.000000, reg_bce_ratio=0.0181 | Val: graph_entropy=0.000000, graph_diag=0.005000, graph_uniform=0.003049, graph_reg_scale=1.0000, prediction_l2=0.000000, personal_sparse=0.000241, alpha_var=0.000000, alpha_collapse=0.000002, reg_bce_ratio=0.0175
2026-04-17 08:55:00,784 - INFO - [assist_09|assist_09_abce_best_full|lr=0.0003|drop=0.20] [Diag][AE] Epoch [005] | irt_abs_mean=1.4203, irt_std=0.7425, personal_warmup_scale=0.62, graph_row_entropy=2.5592, graph_entropy_ratio=0.5318, alpha_mean=0.0839, alpha_std=0.0515, alpha_base_mean=0.0603, alpha_delta_absmean=0.0473, alpha_saturation_ratio=0.0000, alpha_bias_std=NA, alpha_state_path=1.4936, alpha_id_path=0.0000, alpha_bias_path=0.0000, head_bias_path=1.3586, personal_row_entropy=1.8131, personal_matrix_delta=0.0828, personal_matrix_student_std=0.0490, personal_delta_pre_softmax_norm=2.3277, personal_delta_student_std=1.1935, alpha_head_std=0.0514, query_row_global_readout_delta=0.3330, query_row_personal_message_delta=0.0012, query_row_posterior_delta_abs=0.0828, query_row_posterior_kl=0.0587, personal_to_graph_query_ratio=0.0037, query_row_global_support_mass=0.8932, query_row_personal_support_mass=0.8932, neighbor_row_personal_delta=0.0000, personal_row_budget_mean=1.0000, personal_query_row_std=0.0958, readout_query_support_mass=0.8932, personal_student_mix=0.0276, personal_student_adapter=0.0380, local_row_ratio=0.2055, support_density=0.4010, readout_query_delta=0.3328, personal_bad_rows_active=0.00, personal_fallback_rows_active=0.00, personal_bad_row_rate_active=0.0000, personal_padded_rows=460.00, personal_logits_support_absmax=5.9828, personal_query_trust_scale_mean=1.0000, personal_bad_rows_legacy=460.00, personal_fallback_rows_legacy=460.00, personal_logits_absmax_legacy=30.0000
2026-04-17 08:55:00,785 - INFO - [assist_09|assist_09_abce_best_full|lr=0.0003|drop=0.20] [Diag][A] Epoch [005] | entropy_ratio=0.5318, diag_mass=0.0500, to_uniform_l2=0.023784, to_identity_l2=0.089156, relation_identity_delta=0.089156, knowledge_state_graph_delta=0.654198, knowledge_state_personal_delta=0.000000, share_concept_embeddings=True, tau_mean=0.6885, tau_std=0.0048, graph_reg_scale(train/val)=1.0000/1.0000
2026-04-17 08:55:00,785 - WARNING - [assist_09|assist_09_abce_best_full|lr=0.0003|drop=0.20] [Diag Warning][AE] query-readout-overamplified: readout_query_delta=0.332816, query_row_graph_delta=0.333005, personal_matrix_delta=0.082774
2026-04-17 08:55:00,785 - INFO - [assist_09|assist_09_abce_best_full|lr=0.0003|drop=0.20] [Grad Norms] Epoch [005] | relation_emb=1.743077e-01, relation_tau=3.181838e-08, relation_wq=3.799801e-06, relation_wk=2.722343e-06, personal_u=8.618840e-03, personal_v=2.318182e-03, personal_alpha_bias=0.000000e+00, personal_gate_emb=0.000000e+00, personal_gate_state_proj=0.000000e+00, personal_gate_context_proj=0.000000e+00, personal_gate_state_direct=1.184798e-04, personal_gate_id_direct=0.000000e+00, personal_gate_context_direct=3.264582e-05, personal_gate_out=0.000000e+00, personal_generator_emb=0.000000e+00, personal_generator_context_proj=0.000000e+00, personal_generator_context_hidden=0.000000e+00, personal_generator_context_to_u=0.000000e+00, personal_generator_context_to_v=0.000000e+00, personal_generator_state_row=0.000000e+00, personal_generator_state_col=0.000000e+00, personal_generator_id_row=0.000000e+00, personal_generator_id_col=0.000000e+00, personal_generator_state_adapter=6.025583e-44, personal_generator_id_adapter=0.000000e+00, personal_generator_context_adapter=0.000000e+00, personal_generator_direct_scale=4.305951e-07
2026-04-17 08:55:01,029 - INFO - [assist_09|assist_09_abce_best_full|lr=0.0003|drop=0.20] -> New best AUC=0.7396 at epoch 5
2026-04-17 08:56:13,423 - INFO - [assist_09|assist_09_abce_best_full|lr=0.0003|drop=0.20] Epoch [006/100] | Train: Loss=0.5435, BCE=0.5334, Reg=0.0101, AUC=0.7664, ACC=0.7286, RMSE=0.4232 | Val: Loss=0.5676, BCE=0.5575, Reg=0.0102, AUC=0.7433, ACC=0.7122, RMSE=0.4343
2026-04-17 08:56:13,424 - INFO - [assist_09|assist_09_abce_best_full|lr=0.0003|drop=0.20] [Reg Terms] Epoch [006] | Train: graph_entropy=0.000000, graph_diag=0.005000, graph_uniform=0.003049, graph_reg_scale=1.0000, prediction_l2=0.000000, personal_sparse=0.000239, alpha_var=0.000000, alpha_collapse=0.000000, reg_bce_ratio=0.0189 | Val: graph_entropy=0.000000, graph_diag=0.005000, graph_uniform=0.003049, graph_reg_scale=1.0000, prediction_l2=0.000000, personal_sparse=0.000285, alpha_var=0.000000, alpha_collapse=0.000001, reg_bce_ratio=0.0182
2026-04-17 08:56:13,619 - INFO - [assist_09|assist_09_abce_best_full|lr=0.0003|drop=0.20] [Diag][AE] Epoch [006] | irt_abs_mean=1.3970, irt_std=0.7720, personal_warmup_scale=0.75, graph_row_entropy=2.5592, graph_entropy_ratio=0.5318, alpha_mean=0.1069, alpha_std=0.0515, alpha_base_mean=0.0645, alpha_delta_absmean=0.0566, alpha_saturation_ratio=0.0000, alpha_bias_std=NA, alpha_state_path=2.1050, alpha_id_path=0.0000, alpha_bias_path=0.0000, head_bias_path=1.2729, personal_row_entropy=1.7917, personal_matrix_delta=0.0844, personal_matrix_student_std=0.0504, personal_delta_pre_softmax_norm=2.3189, personal_delta_student_std=1.1843, alpha_head_std=0.0515, query_row_global_readout_delta=0.3477, query_row_personal_message_delta=0.0017, query_row_posterior_delta_abs=0.0844, query_row_posterior_kl=0.0605, personal_to_graph_query_ratio=0.0048, query_row_global_support_mass=1.2521, query_row_personal_support_mass=1.2521, neighbor_row_personal_delta=0.0000, personal_row_budget_mean=1.0000, personal_query_row_std=0.0840, readout_query_support_mass=1.2521, personal_student_mix=0.0350, personal_student_adapter=0.0398, local_row_ratio=0.2056, support_density=0.4010, readout_query_delta=0.3472, personal_bad_rows_active=0.00, personal_fallback_rows_active=0.00, personal_bad_row_rate_active=0.0000, personal_padded_rows=460.00, personal_logits_support_absmax=5.8764, personal_query_trust_scale_mean=1.0000, personal_bad_rows_legacy=460.00, personal_fallback_rows_legacy=460.00, personal_logits_absmax_legacy=30.0000
2026-04-17 08:56:13,619 - INFO - [assist_09|assist_09_abce_best_full|lr=0.0003|drop=0.20] [Diag][A] Epoch [006] | entropy_ratio=0.5318, diag_mass=0.0500, to_uniform_l2=0.023784, to_identity_l2=0.089156, relation_identity_delta=0.089156, knowledge_state_graph_delta=0.681913, knowledge_state_personal_delta=0.000000, share_concept_embeddings=True, tau_mean=0.6928, tau_std=0.0005, graph_reg_scale(train/val)=1.0000/1.0000
2026-04-17 08:56:13,620 - WARNING - [assist_09|assist_09_abce_best_full|lr=0.0003|drop=0.20] [Diag Warning][AE] query-readout-overamplified: readout_query_delta=0.347209, query_row_graph_delta=0.347708, personal_matrix_delta=0.084361
2026-04-17 08:56:13,620 - INFO - [assist_09|assist_09_abce_best_full|lr=0.0003|drop=0.20] [Grad Norms] Epoch [006] | relation_emb=2.042370e-01, relation_tau=1.274641e-08, relation_wq=2.111132e-06, relation_wk=1.512130e-06, personal_u=1.187041e-02, personal_v=4.461811e-03, personal_alpha_bias=0.000000e+00, personal_gate_emb=0.000000e+00, personal_gate_state_proj=0.000000e+00, personal_gate_context_proj=0.000000e+00, personal_gate_state_direct=2.260016e-04, personal_gate_id_direct=0.000000e+00, personal_gate_context_direct=6.979260e-05, personal_gate_out=0.000000e+00, personal_generator_emb=0.000000e+00, personal_generator_context_proj=0.000000e+00, personal_generator_context_hidden=0.000000e+00, personal_generator_context_to_u=0.000000e+00, personal_generator_context_to_v=0.000000e+00, personal_generator_state_row=0.000000e+00, personal_generator_state_col=0.000000e+00, personal_generator_id_row=0.000000e+00, personal_generator_id_col=0.000000e+00, personal_generator_state_adapter=0.000000e+00, personal_generator_id_adapter=0.000000e+00, personal_generator_context_adapter=0.000000e+00, personal_generator_direct_scale=1.504904e-07
2026-04-17 08:56:13,865 - INFO - [assist_09|assist_09_abce_best_full|lr=0.0003|drop=0.20] -> New best AUC=0.7433 at epoch 6
2026-04-17 08:57:24,094 - INFO - [assist_09|assist_09_abce_best_full|lr=0.0003|drop=0.20] Epoch [007/100] | Train: Loss=0.5378, BCE=0.5274, Reg=0.0104, AUC=0.7739, ACC=0.7319, RMSE=0.4205 | Val: Loss=0.5649, BCE=0.5544, Reg=0.0105, AUC=0.7467, ACC=0.7151, RMSE=0.4328
2026-04-17 08:57:24,094 - INFO - [assist_09|assist_09_abce_best_full|lr=0.0003|drop=0.20] [Reg Terms] Epoch [007] | Train: graph_entropy=0.000000, graph_diag=0.005000, graph_uniform=0.003049, graph_reg_scale=1.0000, prediction_l2=0.000000, personal_sparse=0.000279, alpha_var=0.000000, alpha_collapse=0.000000, reg_bce_ratio=0.0198 | Val: graph_entropy=0.000000, graph_diag=0.005000, graph_uniform=0.003049, graph_reg_scale=1.0000, prediction_l2=0.000000, personal_sparse=0.000334, alpha_var=0.000000, alpha_collapse=0.000016, reg_bce_ratio=0.0190
2026-04-17 08:57:24,303 - INFO - [assist_09|assist_09_abce_best_full|lr=0.0003|drop=0.20] [Diag][AE] Epoch [007] | irt_abs_mean=1.5030, irt_std=0.8116, personal_warmup_scale=0.88, graph_row_entropy=2.5592, graph_entropy_ratio=0.5318, alpha_mean=0.1267, alpha_std=0.0514, alpha_base_mean=0.0679, alpha_delta_absmean=0.0672, alpha_saturation_ratio=0.0000, alpha_bias_std=NA, alpha_state_path=2.6609, alpha_id_path=0.0000, alpha_bias_path=0.0000, head_bias_path=1.2079, personal_row_entropy=1.7915, personal_matrix_delta=0.0846, personal_matrix_student_std=0.0498, personal_delta_pre_softmax_norm=2.3242, personal_delta_student_std=1.1709, alpha_head_std=0.0513, query_row_global_readout_delta=0.3688, query_row_personal_message_delta=0.0022, query_row_posterior_delta_abs=0.0846, query_row_posterior_kl=0.0611, personal_to_graph_query_ratio=0.0059, query_row_global_support_mass=1.0873, query_row_personal_support_mass=1.0873, neighbor_row_personal_delta=0.0000, personal_row_budget_mean=1.0000, personal_query_row_std=0.0863, readout_query_support_mass=1.0873, personal_student_mix=0.0424, personal_student_adapter=0.0400, local_row_ratio=0.2073, support_density=0.4010, readout_query_delta=0.3680, personal_bad_rows_active=0.00, personal_fallback_rows_active=0.00, personal_bad_row_rate_active=0.0000, personal_padded_rows=460.00, personal_logits_support_absmax=5.8677, personal_query_trust_scale_mean=1.0000, personal_bad_rows_legacy=460.00, personal_fallback_rows_legacy=460.00, personal_logits_absmax_legacy=30.0000
2026-04-17 08:57:24,304 - INFO - [assist_09|assist_09_abce_best_full|lr=0.0003|drop=0.20] [Diag][A] Epoch [007] | entropy_ratio=0.5318, diag_mass=0.0500, to_uniform_l2=0.023784, to_identity_l2=0.089156, relation_identity_delta=0.089156, knowledge_state_graph_delta=0.737363, knowledge_state_personal_delta=0.000000, share_concept_embeddings=True, tau_mean=0.6932, tau_std=0.0000, graph_reg_scale(train/val)=1.0000/1.0000
2026-04-17 08:57:24,304 - INFO - [assist_09|assist_09_abce_best_full|lr=0.0003|drop=0.20] [Grad Norms] Epoch [007] | relation_emb=2.306747e-01, relation_tau=1.984469e-08, relation_wq=1.954201e-06, relation_wk=1.145174e-06, personal_u=1.123767e-02, personal_v=4.498696e-03, personal_alpha_bias=0.000000e+00, personal_gate_emb=0.000000e+00, personal_gate_state_proj=0.000000e+00, personal_gate_context_proj=0.000000e+00, personal_gate_state_direct=1.328193e-04, personal_gate_id_direct=0.000000e+00, personal_gate_context_direct=7.057686e-05, personal_gate_out=4.324253e-07, personal_generator_emb=0.000000e+00, personal_generator_context_proj=0.000000e+00, personal_generator_context_hidden=0.000000e+00, personal_generator_context_to_u=0.000000e+00, personal_generator_context_to_v=0.000000e+00, personal_generator_state_row=0.000000e+00, personal_generator_state_col=0.000000e+00, personal_generator_id_row=0.000000e+00, personal_generator_id_col=0.000000e+00, personal_generator_state_adapter=0.000000e+00, personal_generator_id_adapter=0.000000e+00, personal_generator_context_adapter=0.000000e+00, personal_generator_direct_scale=1.577340e-06
2026-04-17 08:57:24,548 - INFO - [assist_09|assist_09_abce_best_full|lr=0.0003|drop=0.20] -> New best AUC=0.7467 at epoch 7
2026-04-17 08:58:38,276 - INFO - [assist_09|assist_09_abce_best_full|lr=0.0003|drop=0.20] Epoch [008/100] | Train: Loss=0.5326, BCE=0.5218, Reg=0.0108, AUC=0.7803, ACC=0.7358, RMSE=0.4180 | Val: Loss=0.5626, BCE=0.5518, Reg=0.0108, AUC=0.7502, ACC=0.7154, RMSE=0.4317
2026-04-17 08:58:38,276 - INFO - [assist_09|assist_09_abce_best_full|lr=0.0003|drop=0.20] [Reg Terms] Epoch [008] | Train: graph_entropy=0.000000, graph_diag=0.005000, graph_uniform=0.003049, graph_reg_scale=1.0000, prediction_l2=0.000000, personal_sparse=0.000317, alpha_var=0.000000, alpha_collapse=0.000000, reg_bce_ratio=0.0207 | Val: graph_entropy=0.000000, graph_diag=0.005000, graph_uniform=0.003049, graph_reg_scale=1.0000, prediction_l2=0.000000, personal_sparse=0.000385, alpha_var=0.000000, alpha_collapse=0.000020, reg_bce_ratio=0.0196
2026-04-17 08:58:38,464 - INFO - [assist_09|assist_09_abce_best_full|lr=0.0003|drop=0.20] [Diag][AE] Epoch [008] | irt_abs_mean=1.4921, irt_std=0.7853, personal_warmup_scale=1.00, graph_row_entropy=2.5592, graph_entropy_ratio=0.5318, alpha_mean=0.1439, alpha_std=0.0524, alpha_base_mean=0.0710, alpha_delta_absmean=0.0729, alpha_saturation_ratio=0.0000, alpha_bias_std=NA, alpha_state_path=2.9986, alpha_id_path=0.0000, alpha_bias_path=0.0000, head_bias_path=1.1512, personal_row_entropy=1.8216, personal_matrix_delta=0.0827, personal_matrix_student_std=0.0492, personal_delta_pre_softmax_norm=2.3155, personal_delta_student_std=1.1690, alpha_head_std=0.0522, query_row_global_readout_delta=0.3901, query_row_personal_message_delta=0.0029, query_row_posterior_delta_abs=0.0827, query_row_posterior_kl=0.0590, personal_to_graph_query_ratio=0.0075, query_row_global_support_mass=0.9496, query_row_personal_support_mass=0.9496, neighbor_row_personal_delta=0.0000, personal_row_budget_mean=1.0000, personal_query_row_std=0.1013, readout_query_support_mass=0.9496, personal_student_mix=0.0486, personal_student_adapter=0.0400, local_row_ratio=0.2102, support_density=0.4010, readout_query_delta=0.3890, personal_bad_rows_active=0.00, personal_fallback_rows_active=0.00, personal_bad_row_rate_active=0.0000, personal_padded_rows=460.00, personal_logits_support_absmax=5.8410, personal_query_trust_scale_mean=1.0000, personal_bad_rows_legacy=460.00, personal_fallback_rows_legacy=460.00, personal_logits_absmax_legacy=30.0000
2026-04-17 08:58:38,464 - INFO - [assist_09|assist_09_abce_best_full|lr=0.0003|drop=0.20] [Diag][A] Epoch [008] | entropy_ratio=0.5318, diag_mass=0.0500, to_uniform_l2=0.023784, to_identity_l2=0.089156, relation_identity_delta=0.089156, knowledge_state_graph_delta=0.769134, knowledge_state_personal_delta=0.000000, share_concept_embeddings=True, tau_mean=0.6932, tau_std=0.0000, graph_reg_scale(train/val)=1.0000/1.0000
2026-04-17 08:58:38,465 - INFO - [assist_09|assist_09_abce_best_full|lr=0.0003|drop=0.20] [Grad Norms] Epoch [008] | relation_emb=2.514741e-01, relation_tau=5.873041e-09, relation_wq=9.898701e-07, relation_wk=1.429691e-06, personal_u=5.147208e-03, personal_v=2.597409e-03, personal_alpha_bias=0.000000e+00, personal_gate_emb=0.000000e+00, personal_gate_state_proj=0.000000e+00, personal_gate_context_proj=0.000000e+00, personal_gate_state_direct=2.434599e-05, personal_gate_id_direct=0.000000e+00, personal_gate_context_direct=9.079777e-05, personal_gate_out=1.767148e-07, personal_generator_emb=0.000000e+00, personal_generator_context_proj=0.000000e+00, personal_generator_context_hidden=0.000000e+00, personal_generator_context_to_u=0.000000e+00, personal_generator_context_to_v=0.000000e+00, personal_generator_state_row=0.000000e+00, personal_generator_state_col=0.000000e+00, personal_generator_id_row=0.000000e+00, personal_generator_id_col=0.000000e+00, personal_generator_state_adapter=0.000000e+00, personal_generator_id_adapter=0.000000e+00, personal_generator_context_adapter=0.000000e+00, personal_generator_direct_scale=6.922941e-07
2026-04-17 08:58:38,717 - INFO - [assist_09|assist_09_abce_best_full|lr=0.0003|drop=0.20] -> New best AUC=0.7502 at epoch 8
2026-04-17 08:59:54,531 - INFO - [assist_09|assist_09_abce_best_full|lr=0.0003|drop=0.20] Epoch [009/100] | Train: Loss=0.5272, BCE=0.5164, Reg=0.0108, AUC=0.7867, ACC=0.7374, RMSE=0.4155 | Val: Loss=0.5596, BCE=0.5487, Reg=0.0108, AUC=0.7518, ACC=0.7198, RMSE=0.4301
2026-04-17 08:59:54,531 - INFO - [assist_09|assist_09_abce_best_full|lr=0.0003|drop=0.20] [Reg Terms] Epoch [009] | Train: graph_entropy=0.000000, graph_diag=0.005000, graph_uniform=0.003049, graph_reg_scale=1.0000, prediction_l2=0.000000, personal_sparse=0.000318, alpha_var=0.000000, alpha_collapse=0.000000, reg_bce_ratio=0.0209 | Val: graph_entropy=0.000000, graph_diag=0.005000, graph_uniform=0.003049, graph_reg_scale=1.0000, prediction_l2=0.000000, personal_sparse=0.000384, alpha_var=0.000000, alpha_collapse=0.000015, reg_bce_ratio=0.0197
2026-04-17 08:59:54,747 - INFO - [assist_09|assist_09_abce_best_full|lr=0.0003|drop=0.20] [Diag][AE] Epoch [009] | irt_abs_mean=1.4900, irt_std=0.8273, personal_warmup_scale=1.00, graph_row_entropy=2.5592, graph_entropy_ratio=0.5318, alpha_mean=0.1484, alpha_std=0.0531, alpha_base_mean=0.0741, alpha_delta_absmean=0.0744, alpha_saturation_ratio=0.0000, alpha_bias_std=NA, alpha_state_path=3.1092, alpha_id_path=0.0000, alpha_bias_path=0.0000, head_bias_path=1.0983, personal_row_entropy=1.8074, personal_matrix_delta=0.0836, personal_matrix_student_std=0.0502, personal_delta_pre_softmax_norm=2.3362, personal_delta_student_std=1.1828, alpha_head_std=0.0529, query_row_global_readout_delta=0.4084, query_row_personal_message_delta=0.0035, query_row_posterior_delta_abs=0.0836, query_row_posterior_kl=0.0602, personal_to_graph_query_ratio=0.0086, query_row_global_support_mass=1.1235, query_row_personal_support_mass=1.1235, neighbor_row_personal_delta=0.0000, personal_row_budget_mean=1.0000, personal_query_row_std=0.0784, readout_query_support_mass=1.1235, personal_student_mix=0.0523, personal_student_adapter=0.0400, local_row_ratio=0.2062, support_density=0.4010, readout_query_delta=0.4071, personal_bad_rows_active=0.00, personal_fallback_rows_active=0.00, personal_bad_row_rate_active=0.0000, personal_padded_rows=460.00, personal_logits_support_absmax=5.9277, personal_query_trust_scale_mean=1.0000, personal_bad_rows_legacy=460.00, personal_fallback_rows_legacy=460.00, personal_logits_absmax_legacy=30.0000
2026-04-17 08:59:54,747 - INFO - [assist_09|assist_09_abce_best_full|lr=0.0003|drop=0.20] [Diag][A] Epoch [009] | entropy_ratio=0.5318, diag_mass=0.0500, to_uniform_l2=0.023784, to_identity_l2=0.089156, relation_identity_delta=0.089156, knowledge_state_graph_delta=0.814492, knowledge_state_personal_delta=0.000000, share_concept_embeddings=True, tau_mean=0.6933, tau_std=0.0001, graph_reg_scale(train/val)=1.0000/1.0000
2026-04-17 08:59:54,747 - INFO - [assist_09|assist_09_abce_best_full|lr=0.0003|drop=0.20] [Grad Norms] Epoch [009] | relation_emb=2.746895e-01, relation_tau=6.064873e-08, relation_wq=1.052068e-05, relation_wk=4.528279e-06, personal_u=2.155276e-02, personal_v=6.326178e-03, personal_alpha_bias=0.000000e+00, personal_gate_emb=0.000000e+00, personal_gate_state_proj=0.000000e+00, personal_gate_context_proj=0.000000e+00, personal_gate_state_direct=2.310823e-04, personal_gate_id_direct=0.000000e+00, personal_gate_context_direct=1.116899e-04, personal_gate_out=6.594963e-07, personal_generator_emb=0.000000e+00, personal_generator_context_proj=0.000000e+00, personal_generator_context_hidden=0.000000e+00, personal_generator_context_to_u=0.000000e+00, personal_generator_context_to_v=0.000000e+00, personal_generator_state_row=0.000000e+00, personal_generator_state_col=0.000000e+00, personal_generator_id_row=0.000000e+00, personal_generator_id_col=0.000000e+00, personal_generator_state_adapter=0.000000e+00, personal_generator_id_adapter=0.000000e+00, personal_generator_context_adapter=0.000000e+00, personal_generator_direct_scale=4.847005e-06
2026-04-17 08:59:55,062 - INFO - [assist_09|assist_09_abce_best_full|lr=0.0003|drop=0.20] -> New best AUC=0.7518 at epoch 9
2026-04-17 09:01:05,113 - INFO - [assist_09|assist_09_abce_best_full|lr=0.0003|drop=0.20] Epoch [010/100] | Train: Loss=0.5220, BCE=0.5112, Reg=0.0108, AUC=0.7922, ACC=0.7409, RMSE=0.4131 | Val: Loss=0.5575, BCE=0.5466, Reg=0.0109, AUC=0.7535, ACC=0.7200, RMSE=0.4292
2026-04-17 09:01:05,113 - INFO - [assist_09|assist_09_abce_best_full|lr=0.0003|drop=0.20] [Reg Terms] Epoch [010] | Train: graph_entropy=0.000000, graph_diag=0.005000, graph_uniform=0.003049, graph_reg_scale=1.0000, prediction_l2=0.000000, personal_sparse=0.000320, alpha_var=0.000000, alpha_collapse=0.000000, reg_bce_ratio=0.0211 | Val: graph_entropy=0.000000, graph_diag=0.005000, graph_uniform=0.003049, graph_reg_scale=1.0000, prediction_l2=0.000000, personal_sparse=0.000379, alpha_var=0.000000, alpha_collapse=0.000015, reg_bce_ratio=0.0200
2026-04-17 09:01:05,296 - INFO - [assist_09|assist_09_abce_best_full|lr=0.0003|drop=0.20] [Diag][AE] Epoch [010] | irt_abs_mean=1.3861, irt_std=0.7704, personal_warmup_scale=1.00, graph_row_entropy=2.5592, graph_entropy_ratio=0.5318, alpha_mean=0.1537, alpha_std=0.0530, alpha_base_mean=0.0770, alpha_delta_absmean=0.0767, alpha_saturation_ratio=0.0000, alpha_bias_std=NA, alpha_state_path=3.2752, alpha_id_path=0.0000, alpha_bias_path=0.0000, head_bias_path=1.0472, personal_row_entropy=1.7852, personal_matrix_delta=0.0852, personal_matrix_student_std=0.0507, personal_delta_pre_softmax_norm=2.3204, personal_delta_student_std=1.1749, alpha_head_std=0.0527, query_row_global_readout_delta=0.4279, query_row_personal_message_delta=0.0030, query_row_posterior_delta_abs=0.0852, query_row_posterior_kl=0.0616, personal_to_graph_query_ratio=0.0069, query_row_global_support_mass=1.1393, query_row_personal_support_mass=1.1393, neighbor_row_personal_delta=0.0000, personal_row_budget_mean=1.0000, personal_query_row_std=0.0949, readout_query_support_mass=1.1393, personal_student_mix=0.0539, personal_student_adapter=0.0400, local_row_ratio=0.1880, support_density=0.4010, readout_query_delta=0.4268, personal_bad_rows_active=0.00, personal_fallback_rows_active=0.00, personal_bad_row_rate_active=0.0000, personal_padded_rows=460.00, personal_logits_support_absmax=5.8103, personal_query_trust_scale_mean=1.0000, personal_bad_rows_legacy=460.00, personal_fallback_rows_legacy=460.00, personal_logits_absmax_legacy=30.0000
2026-04-17 09:01:05,296 - INFO - [assist_09|assist_09_abce_best_full|lr=0.0003|drop=0.20] [Diag][A] Epoch [010] | entropy_ratio=0.5318, diag_mass=0.0500, to_uniform_l2=0.023784, to_identity_l2=0.089156, relation_identity_delta=0.089156, knowledge_state_graph_delta=0.847765, knowledge_state_personal_delta=0.000000, share_concept_embeddings=True, tau_mean=0.6931, tau_std=0.0000, graph_reg_scale(train/val)=1.0000/1.0000
2026-04-17 09:01:05,296 - INFO - [assist_09|assist_09_abce_best_full|lr=0.0003|drop=0.20] [Grad Norms] Epoch [010] | relation_emb=2.868926e-01, relation_tau=1.128642e-08, relation_wq=5.719504e-06, relation_wk=2.088356e-06, personal_u=8.947308e-03, personal_v=4.727439e-03, personal_alpha_bias=0.000000e+00, personal_gate_emb=0.000000e+00, personal_gate_state_proj=0.000000e+00, personal_gate_context_proj=0.000000e+00, personal_gate_state_direct=4.365893e-04, personal_gate_id_direct=0.000000e+00, personal_gate_context_direct=1.613862e-04, personal_gate_out=7.226417e-07, personal_generator_emb=0.000000e+00, personal_generator_context_proj=0.000000e+00, personal_generator_context_hidden=0.000000e+00, personal_generator_context_to_u=0.000000e+00, personal_generator_context_to_v=0.000000e+00, personal_generator_state_row=0.000000e+00, personal_generator_state_col=0.000000e+00, personal_generator_id_row=0.000000e+00, personal_generator_id_col=0.000000e+00, personal_generator_state_adapter=0.000000e+00, personal_generator_id_adapter=0.000000e+00, personal_generator_context_adapter=0.000000e+00, personal_generator_direct_scale=1.129211e-05
2026-04-17 09:01:05,565 - INFO - [assist_09|assist_09_abce_best_full|lr=0.0003|drop=0.20] -> New best AUC=0.7535 at epoch 10
2026-04-17 09:01:05,606 - INFO - [assist_09|assist_09_abce_best_full|lr=0.0003|drop=0.20] Checkpoint saved: checkpoints/abce_diag/remote_trust_diag_20260417_709083f/assist_09/seed42/best_full/checkpoint_epoch_10.pth
2026-04-17 09:01:05,853 - INFO - [assist_09|assist_09_abce_best_full|lr=0.0003|drop=0.20] [Module Activity] Epoch 10: Graph[LIVE] Personal[LIVE]
2026-04-17 09:02:20,117 - INFO - [assist_09|assist_09_abce_best_full|lr=0.0003|drop=0.20] Epoch [011/100] | Train: Loss=0.5172, BCE=0.5064, Reg=0.0108, AUC=0.7973, ACC=0.7434, RMSE=0.4110 | Val: Loss=0.5570, BCE=0.5461, Reg=0.0109, AUC=0.7548, ACC=0.7220, RMSE=0.4289
2026-04-17 09:02:20,117 - INFO - [assist_09|assist_09_abce_best_full|lr=0.0003|drop=0.20] [Reg Terms] Epoch [011] | Train: graph_entropy=0.000000, graph_diag=0.005000, graph_uniform=0.003049, graph_reg_scale=1.0000, prediction_l2=0.000000, personal_sparse=0.000317, alpha_var=0.000000, alpha_collapse=0.000000, reg_bce_ratio=0.0213 | Val: graph_entropy=0.000000, graph_diag=0.005000, graph_uniform=0.003049, graph_reg_scale=1.0000, prediction_l2=0.000000, personal_sparse=0.000381, alpha_var=0.000000, alpha_collapse=0.000007, reg_bce_ratio=0.0199
2026-04-17 09:02:20,330 - INFO - [assist_09|assist_09_abce_best_full|lr=0.0003|drop=0.20] [Diag][AE] Epoch [011] | irt_abs_mean=1.4114, irt_std=0.8283, personal_warmup_scale=1.00, graph_row_entropy=2.5592, graph_entropy_ratio=0.5318, alpha_mean=0.1577, alpha_std=0.0542, alpha_base_mean=0.0800, alpha_delta_absmean=0.0777, alpha_saturation_ratio=0.0000, alpha_bias_std=NA, alpha_state_path=3.4126, alpha_id_path=0.0000, alpha_bias_path=0.0000, head_bias_path=0.9966, personal_row_entropy=1.7916, personal_matrix_delta=0.0847, personal_matrix_student_std=0.0505, personal_delta_pre_softmax_norm=2.3306, personal_delta_student_std=1.1836, alpha_head_std=0.0540, query_row_global_readout_delta=0.4491, query_row_personal_message_delta=0.0034, query_row_posterior_delta_abs=0.0847, query_row_posterior_kl=0.0609, personal_to_graph_query_ratio=0.0076, query_row_global_support_mass=1.0982, query_row_personal_support_mass=1.0982, neighbor_row_personal_delta=0.0000, personal_row_budget_mean=1.0000, personal_query_row_std=0.0917, readout_query_support_mass=1.0982, personal_student_mix=0.0547, personal_student_adapter=0.0400, local_row_ratio=0.2107, support_density=0.4010, readout_query_delta=0.4480, personal_bad_rows_active=0.00, personal_fallback_rows_active=0.00, personal_bad_row_rate_active=0.0000, personal_padded_rows=460.00, personal_logits_support_absmax=5.7083, personal_query_trust_scale_mean=1.0000, personal_bad_rows_legacy=460.00, personal_fallback_rows_legacy=460.00, personal_logits_absmax_legacy=30.0000
2026-04-17 09:02:20,330 - INFO - [assist_09|assist_09_abce_best_full|lr=0.0003|drop=0.20] [Diag][A] Epoch [011] | entropy_ratio=0.5318, diag_mass=0.0500, to_uniform_l2=0.023784, to_identity_l2=0.089156, relation_identity_delta=0.089156, knowledge_state_graph_delta=0.901422, knowledge_state_personal_delta=0.000000, share_concept_embeddings=True, tau_mean=0.6932, tau_std=0.0001, graph_reg_scale(train/val)=1.0000/1.0000
2026-04-17 09:02:20,331 - INFO - [assist_09|assist_09_abce_best_full|lr=0.0003|drop=0.20] [Grad Norms] Epoch [011] | relation_emb=3.602231e-01, relation_tau=3.443698e-08, relation_wq=2.260836e-06, relation_wk=1.416543e-06, personal_u=7.396533e-03, personal_v=4.161037e-03, personal_alpha_bias=0.000000e+00, personal_gate_emb=0.000000e+00, personal_gate_state_proj=0.000000e+00, personal_gate_context_proj=0.000000e+00, personal_gate_state_direct=3.631984e-04, personal_gate_id_direct=0.000000e+00, personal_gate_context_direct=1.136381e-04, personal_gate_out=2.597426e-07, personal_generator_emb=0.000000e+00, personal_generator_context_proj=0.000000e+00, personal_generator_context_hidden=0.000000e+00, personal_generator_context_to_u=0.000000e+00, personal_generator_context_to_v=0.000000e+00, personal_generator_state_row=0.000000e+00, personal_generator_state_col=0.000000e+00, personal_generator_id_row=0.000000e+00, personal_generator_id_col=0.000000e+00, personal_generator_state_adapter=0.000000e+00, personal_generator_id_adapter=0.000000e+00, personal_generator_context_adapter=0.000000e+00, personal_generator_direct_scale=1.312546e-05
2026-04-17 09:02:20,648 - INFO - [assist_09|assist_09_abce_best_full|lr=0.0003|drop=0.20] -> New best AUC=0.7548 at epoch 11
2026-04-17 09:03:29,519 - INFO - [assist_09|assist_09_abce_best_full|lr=0.0003|drop=0.20] Epoch [012/100] | Train: Loss=0.5127, BCE=0.5019, Reg=0.0108, AUC=0.8022, ACC=0.7458, RMSE=0.4090 | Val: Loss=0.5563, BCE=0.5455, Reg=0.0108, AUC=0.7537, ACC=0.7234, RMSE=0.4286
2026-04-17 09:03:29,519 - INFO - [assist_09|assist_09_abce_best_full|lr=0.0003|drop=0.20] [Reg Terms] Epoch [012] | Train: graph_entropy=0.000000, graph_diag=0.005000, graph_uniform=0.003049, graph_reg_scale=1.0000, prediction_l2=0.000000, personal_sparse=0.000320, alpha_var=0.000000, alpha_collapse=0.000000, reg_bce_ratio=0.0215 | Val: graph_entropy=0.000000, graph_diag=0.005000, graph_uniform=0.003049, graph_reg_scale=1.0000, prediction_l2=0.000000, personal_sparse=0.000383, alpha_var=0.000000, alpha_collapse=0.000005, reg_bce_ratio=0.0199
2026-04-17 09:03:29,709 - INFO - [assist_09|assist_09_abce_best_full|lr=0.0003|drop=0.20] [Diag][AE] Epoch [012] | irt_abs_mean=1.3728, irt_std=0.8298, personal_warmup_scale=1.00, graph_row_entropy=2.5592, graph_entropy_ratio=0.5318, alpha_mean=0.1630, alpha_std=0.0539, alpha_base_mean=0.0831, alpha_delta_absmean=0.0799, alpha_saturation_ratio=0.0000, alpha_bias_std=NA, alpha_state_path=3.4639, alpha_id_path=0.0000, alpha_bias_path=0.0000, head_bias_path=0.9456, personal_row_entropy=1.8106, personal_matrix_delta=0.0831, personal_matrix_student_std=0.0494, personal_delta_pre_softmax_norm=2.3277, personal_delta_student_std=1.1971, alpha_head_std=0.0536, query_row_global_readout_delta=0.4768, query_row_personal_message_delta=0.0035, query_row_posterior_delta_abs=0.0831, query_row_posterior_kl=0.0593, personal_to_graph_query_ratio=0.0074, query_row_global_support_mass=1.1249, query_row_personal_support_mass=1.1249, neighbor_row_personal_delta=0.0000, personal_row_budget_mean=1.0000, personal_query_row_std=0.0896, readout_query_support_mass=1.1249, personal_student_mix=0.0550, personal_student_adapter=0.0400, local_row_ratio=0.1932, support_density=0.4010, readout_query_delta=0.4757, personal_bad_rows_active=0.00, personal_fallback_rows_active=0.00, personal_bad_row_rate_active=0.0000, personal_padded_rows=460.00, personal_logits_support_absmax=5.9563, personal_query_trust_scale_mean=1.0000, personal_bad_rows_legacy=460.00, personal_fallback_rows_legacy=460.00, personal_logits_absmax_legacy=30.0000
2026-04-17 09:03:29,709 - INFO - [assist_09|assist_09_abce_best_full|lr=0.0003|drop=0.20] [Diag][A] Epoch [012] | entropy_ratio=0.5318, diag_mass=0.0500, to_uniform_l2=0.023784, to_identity_l2=0.089156, relation_identity_delta=0.089156, knowledge_state_graph_delta=0.944246, knowledge_state_personal_delta=0.000000, share_concept_embeddings=True, tau_mean=0.6932, tau_std=0.0000, graph_reg_scale(train/val)=1.0000/1.0000
2026-04-17 09:03:29,709 - INFO - [assist_09|assist_09_abce_best_full|lr=0.0003|drop=0.20] [Grad Norms] Epoch [012] | relation_emb=2.929524e-01, relation_tau=5.363703e-09, relation_wq=2.712982e-06, relation_wk=9.924311e-07, personal_u=4.001760e-03, personal_v=3.523079e-03, personal_alpha_bias=0.000000e+00, personal_gate_emb=0.000000e+00, personal_gate_state_proj=0.000000e+00, personal_gate_context_proj=0.000000e+00, personal_gate_state_direct=6.523368e-04, personal_gate_id_direct=0.000000e+00, personal_gate_context_direct=1.967284e-04, personal_gate_out=8.712001e-08, personal_generator_emb=0.000000e+00, personal_generator_context_proj=0.000000e+00, personal_generator_context_hidden=0.000000e+00, personal_generator_context_to_u=0.000000e+00, personal_generator_context_to_v=0.000000e+00, personal_generator_state_row=0.000000e+00, personal_generator_state_col=0.000000e+00, personal_generator_id_row=0.000000e+00, personal_generator_id_col=0.000000e+00, personal_generator_state_adapter=0.000000e+00, personal_generator_id_adapter=0.000000e+00, personal_generator_context_adapter=0.000000e+00, personal_generator_direct_scale=2.161532e-05
2026-04-17 09:03:29,709 - INFO - [assist_09|assist_09_abce_best_full|lr=0.0003|drop=0.20] -> No improvement 1 epoch(s) (best AUC=0.7548 @ 11)
2026-04-17 09:04:39,385 - INFO - [assist_09|assist_09_abce_best_full|lr=0.0003|drop=0.20] Epoch [013/100] | Train: Loss=0.5085, BCE=0.4977, Reg=0.0108, AUC=0.8063, ACC=0.7480, RMSE=0.4071 | Val: Loss=0.5556, BCE=0.5447, Reg=0.0109, AUC=0.7567, ACC=0.7231, RMSE=0.4280
2026-04-17 09:04:39,385 - INFO - [assist_09|assist_09_abce_best_full|lr=0.0003|drop=0.20] [Reg Terms] Epoch [013] | Train: graph_entropy=0.000000, graph_diag=0.005000, graph_uniform=0.003049, graph_reg_scale=1.0000, prediction_l2=0.000000, personal_sparse=0.000319, alpha_var=0.000000, alpha_collapse=0.000000, reg_bce_ratio=0.0217 | Val: graph_entropy=0.000000, graph_diag=0.005000, graph_uniform=0.003049, graph_reg_scale=1.0000, prediction_l2=0.000001, personal_sparse=0.000381, alpha_var=0.000000, alpha_collapse=0.000011, reg_bce_ratio=0.0200
2026-04-17 09:04:39,579 - INFO - [assist_09|assist_09_abce_best_full|lr=0.0003|drop=0.20] [Diag][AE] Epoch [013] | irt_abs_mean=1.5695, irt_std=0.9187, personal_warmup_scale=1.00, graph_row_entropy=2.5592, graph_entropy_ratio=0.5318, alpha_mean=0.1692, alpha_std=0.0524, alpha_base_mean=0.0860, alpha_delta_absmean=0.0833, alpha_saturation_ratio=0.0000, alpha_bias_std=NA, alpha_state_path=3.6955, alpha_id_path=0.0000, alpha_bias_path=0.0000, head_bias_path=0.8967, personal_row_entropy=1.8142, personal_matrix_delta=0.0832, personal_matrix_student_std=0.0496, personal_delta_pre_softmax_norm=2.3168, personal_delta_student_std=1.1760, alpha_head_std=0.0522, query_row_global_readout_delta=0.4940, query_row_personal_message_delta=0.0038, query_row_posterior_delta_abs=0.0832, query_row_posterior_kl=0.0595, personal_to_graph_query_ratio=0.0078, query_row_global_support_mass=1.0396, query_row_personal_support_mass=1.0396, neighbor_row_personal_delta=0.0000, personal_row_budget_mean=1.0000, personal_query_row_std=0.0958, readout_query_support_mass=1.0396, personal_student_mix=0.0551, personal_student_adapter=0.0400, local_row_ratio=0.2031, support_density=0.4010, readout_query_delta=0.4925, personal_bad_rows_active=0.00, personal_fallback_rows_active=0.00, personal_bad_row_rate_active=0.0000, personal_padded_rows=460.00, personal_logits_support_absmax=5.8058, personal_query_trust_scale_mean=1.0000, personal_bad_rows_legacy=460.00, personal_fallback_rows_legacy=460.00, personal_logits_absmax_legacy=30.0000
2026-04-17 09:04:39,579 - INFO - [assist_09|assist_09_abce_best_full|lr=0.0003|drop=0.20] [Diag][A] Epoch [013] | entropy_ratio=0.5318, diag_mass=0.0500, to_uniform_l2=0.023784, to_identity_l2=0.089156, relation_identity_delta=0.089156, knowledge_state_graph_delta=0.990061, knowledge_state_personal_delta=0.000000, share_concept_embeddings=True, tau_mean=0.6932, tau_std=0.0000, graph_reg_scale(train/val)=1.0000/1.0000
2026-04-17 09:04:39,579 - INFO - [assist_09|assist_09_abce_best_full|lr=0.0003|drop=0.20] [Grad Norms] Epoch [013] | relation_emb=3.900300e-01, relation_tau=1.932277e-08, relation_wq=2.197356e-06, relation_wk=1.391244e-06, personal_u=5.526173e-03, personal_v=3.018408e-03, personal_alpha_bias=0.000000e+00, personal_gate_emb=0.000000e+00, personal_gate_state_proj=0.000000e+00, personal_gate_context_proj=0.000000e+00, personal_gate_state_direct=4.753178e-04, personal_gate_id_direct=0.000000e+00, personal_gate_context_direct=1.432520e-04, personal_gate_out=3.785397e-08, personal_generator_emb=0.000000e+00, personal_generator_context_proj=0.000000e+00, personal_generator_context_hidden=0.000000e+00, personal_generator_context_to_u=0.000000e+00, personal_generator_context_to_v=0.000000e+00, personal_generator_state_row=0.000000e+00, personal_generator_state_col=0.000000e+00, personal_generator_id_row=0.000000e+00, personal_generator_id_col=0.000000e+00, personal_generator_state_adapter=0.000000e+00, personal_generator_id_adapter=0.000000e+00, personal_generator_context_adapter=0.000000e+00, personal_generator_direct_scale=5.809304e-07
2026-04-17 09:04:39,841 - INFO - [assist_09|assist_09_abce_best_full|lr=0.0003|drop=0.20] -> New best AUC=0.7567 at epoch 13
2026-04-17 09:05:42,807 - INFO - [assist_09|assist_09_abce_best_full|lr=0.0003|drop=0.20] Epoch [014/100] | Train: Loss=0.5050, BCE=0.4942, Reg=0.0108, AUC=0.8095, ACC=0.7501, RMSE=0.4055 | Val: Loss=0.5555, BCE=0.5447, Reg=0.0109, AUC=0.7571, ACC=0.7240, RMSE=0.4281
2026-04-17 09:05:42,808 - INFO - [assist_09|assist_09_abce_best_full|lr=0.0003|drop=0.20] [Reg Terms] Epoch [014] | Train: graph_entropy=0.000000, graph_diag=0.005003, graph_uniform=0.003049, graph_reg_scale=1.0000, prediction_l2=0.000001, personal_sparse=0.000318, alpha_var=0.000000, alpha_collapse=0.000000, reg_bce_ratio=0.0218 | Val: graph_entropy=0.000000, graph_diag=0.005000, graph_uniform=0.003049, graph_reg_scale=1.0000, prediction_l2=0.000001, personal_sparse=0.000381, alpha_var=0.000000, alpha_collapse=0.000006, reg_bce_ratio=0.0200
2026-04-17 09:05:42,986 - INFO - [assist_09|assist_09_abce_best_full|lr=0.0003|drop=0.20] [Diag][AE] Epoch [014] | irt_abs_mean=1.5276, irt_std=0.8921, personal_warmup_scale=1.00, graph_row_entropy=2.5592, graph_entropy_ratio=0.5318, alpha_mean=0.1733, alpha_std=0.0521, alpha_base_mean=0.0886, alpha_delta_absmean=0.0847, alpha_saturation_ratio=0.0000, alpha_bias_std=NA, alpha_state_path=3.7025, alpha_id_path=0.0000, alpha_bias_path=0.0000, head_bias_path=0.8522, personal_row_entropy=1.8054, personal_matrix_delta=0.0840, personal_matrix_student_std=0.0498, personal_delta_pre_softmax_norm=2.3394, personal_delta_student_std=1.1762, alpha_head_std=0.0520, query_row_global_readout_delta=0.4935, query_row_personal_message_delta=0.0041, query_row_posterior_delta_abs=0.0840, query_row_posterior_kl=0.0599, personal_to_graph_query_ratio=0.0083, query_row_global_support_mass=1.2250, query_row_personal_support_mass=1.2250, neighbor_row_personal_delta=0.0000, personal_row_budget_mean=1.0000, personal_query_row_std=0.0872, readout_query_support_mass=1.2250, personal_student_mix=0.0547, personal_student_adapter=0.0400, local_row_ratio=0.2071, support_density=0.4010, readout_query_delta=0.4921, personal_bad_rows_active=0.00, personal_fallback_rows_active=0.00, personal_bad_row_rate_active=0.0000, personal_padded_rows=460.00, personal_logits_support_absmax=5.8296, personal_query_trust_scale_mean=1.0000, personal_bad_rows_legacy=460.00, personal_fallback_rows_legacy=460.00, personal_logits_absmax_legacy=30.0000
2026-04-17 09:05:42,987 - INFO - [assist_09|assist_09_abce_best_full|lr=0.0003|drop=0.20] [Diag][A] Epoch [014] | entropy_ratio=0.5318, diag_mass=0.0500, to_uniform_l2=0.023784, to_identity_l2=0.089156, relation_identity_delta=0.089156, knowledge_state_graph_delta=1.010532, knowledge_state_personal_delta=0.000000, share_concept_embeddings=True, tau_mean=0.6932, tau_std=0.0000, graph_reg_scale(train/val)=1.0000/1.0000
2026-04-17 09:05:42,987 - INFO - [assist_09|assist_09_abce_best_full|lr=0.0003|drop=0.20] [Grad Norms] Epoch [014] | relation_emb=4.527062e-01, relation_tau=2.949209e-08, relation_wq=2.458639e-06, relation_wk=1.772660e-06, personal_u=1.200172e-02, personal_v=4.720764e-03, personal_alpha_bias=0.000000e+00, personal_gate_emb=0.000000e+00, personal_gate_state_proj=0.000000e+00, personal_gate_context_proj=0.000000e+00, personal_gate_state_direct=4.301357e-04, personal_gate_id_direct=0.000000e+00, personal_gate_context_direct=8.866786e-05, personal_gate_out=2.504392e-12, personal_generator_emb=0.000000e+00, personal_generator_context_proj=0.000000e+00, personal_generator_context_hidden=0.000000e+00, personal_generator_context_to_u=0.000000e+00, personal_generator_context_to_v=0.000000e+00, personal_generator_state_row=0.000000e+00, personal_generator_state_col=0.000000e+00, personal_generator_id_row=0.000000e+00, personal_generator_id_col=0.000000e+00, personal_generator_state_adapter=0.000000e+00, personal_generator_id_adapter=0.000000e+00, personal_generator_context_adapter=0.000000e+00, personal_generator_direct_scale=1.653608e-05
2026-04-17 09:05:43,307 - INFO - [assist_09|assist_09_abce_best_full|lr=0.0003|drop=0.20] -> New best AUC=0.7571 at epoch 14
2026-04-17 09:06:48,717 - INFO - [assist_09|assist_09_abce_best_full|lr=0.0003|drop=0.20] Epoch [015/100] | Train: Loss=0.5015, BCE=0.4907, Reg=0.0108, AUC=0.8130, ACC=0.7516, RMSE=0.4040 | Val: Loss=0.5563, BCE=0.5455, Reg=0.0108, AUC=0.7570, ACC=0.7237, RMSE=0.4285
2026-04-17 09:06:48,718 - INFO - [assist_09|assist_09_abce_best_full|lr=0.0003|drop=0.20] [Reg Terms] Epoch [015] | Train: graph_entropy=0.000000, graph_diag=0.005000, graph_uniform=0.003049, graph_reg_scale=1.0000, prediction_l2=0.000001, personal_sparse=0.000320, alpha_var=0.000000, alpha_collapse=0.000000, reg_bce_ratio=0.0220 | Val: graph_entropy=0.000000, graph_diag=0.005000, graph_uniform=0.003049, graph_reg_scale=1.0000, prediction_l2=0.000001, personal_sparse=0.000384, alpha_var=0.000000, alpha_collapse=0.000005, reg_bce_ratio=0.0199
2026-04-17 09:06:48,908 - INFO - [assist_09|assist_09_abce_best_full|lr=0.0003|drop=0.20] [Diag][AE] Epoch [015] | irt_abs_mean=1.5894, irt_std=0.8935, personal_warmup_scale=1.00, graph_row_entropy=2.5592, graph_entropy_ratio=0.5318, alpha_mean=0.1787, alpha_std=0.0516, alpha_base_mean=0.0915, alpha_delta_absmean=0.0872, alpha_saturation_ratio=0.0000, alpha_bias_std=NA, alpha_state_path=3.9579, alpha_id_path=0.0000, alpha_bias_path=0.0000, head_bias_path=0.8041, personal_row_entropy=1.7998, personal_matrix_delta=0.0841, personal_matrix_student_std=0.0499, personal_delta_pre_softmax_norm=2.3325, personal_delta_student_std=1.1767, alpha_head_std=0.0515, query_row_global_readout_delta=0.5260, query_row_personal_message_delta=0.0047, query_row_posterior_delta_abs=0.0841, query_row_posterior_kl=0.0603, personal_to_graph_query_ratio=0.0089, query_row_global_support_mass=0.9742, query_row_personal_support_mass=0.9742, neighbor_row_personal_delta=0.0000, personal_row_budget_mean=1.0000, personal_query_row_std=0.0935, readout_query_support_mass=0.9742, personal_student_mix=0.0550, personal_student_adapter=0.0400, local_row_ratio=0.2090, support_density=0.4010, readout_query_delta=0.5242, personal_bad_rows_active=0.00, personal_fallback_rows_active=0.00, personal_bad_row_rate_active=0.0000, personal_padded_rows=460.00, personal_logits_support_absmax=5.7782, personal_query_trust_scale_mean=1.0000, personal_bad_rows_legacy=460.00, personal_fallback_rows_legacy=460.00, personal_logits_absmax_legacy=30.0000
2026-04-17 09:06:48,909 - INFO - [assist_09|assist_09_abce_best_full|lr=0.0003|drop=0.20] [Diag][A] Epoch [015] | entropy_ratio=0.5318, diag_mass=0.0500, to_uniform_l2=0.023784, to_identity_l2=0.089156, relation_identity_delta=0.089156, knowledge_state_graph_delta=1.042992, knowledge_state_personal_delta=0.000000, share_concept_embeddings=True, tau_mean=0.6934, tau_std=0.0002, graph_reg_scale(train/val)=1.0000/1.0000
2026-04-17 09:06:48,909 - INFO - [assist_09|assist_09_abce_best_full|lr=0.0003|drop=0.20] [Grad Norms] Epoch [015] | relation_emb=3.988513e-01, relation_tau=3.261707e-08, relation_wq=5.030245e-06, relation_wk=4.596781e-06, personal_u=6.018660e-03, personal_v=3.826364e-03, personal_alpha_bias=0.000000e+00, personal_gate_emb=0.000000e+00, personal_gate_state_proj=0.000000e+00, personal_gate_context_proj=0.000000e+00, personal_gate_state_direct=3.980913e-03, personal_gate_id_direct=0.000000e+00, personal_gate_context_direct=9.881097e-04, personal_gate_out=5.414704e-11, personal_generator_emb=0.000000e+00, personal_generator_context_proj=0.000000e+00, personal_generator_context_hidden=0.000000e+00, personal_generator_context_to_u=0.000000e+00, personal_generator_context_to_v=0.000000e+00, personal_generator_state_row=0.000000e+00, personal_generator_state_col=0.000000e+00, personal_generator_id_row=0.000000e+00, personal_generator_id_col=0.000000e+00, personal_generator_state_adapter=0.000000e+00, personal_generator_id_adapter=0.000000e+00, personal_generator_context_adapter=0.000000e+00, personal_generator_direct_scale=1.307311e-05
2026-04-17 09:06:48,909 - INFO - [assist_09|assist_09_abce_best_full|lr=0.0003|drop=0.20] -> No improvement 1 epoch(s) (best AUC=0.7571 @ 14)
2026-04-17 09:07:54,808 - INFO - [assist_09|assist_09_abce_best_full|lr=0.0003|drop=0.20] Epoch [016/100] | Train: Loss=0.4978, BCE=0.4870, Reg=0.0108, AUC=0.8166, ACC=0.7543, RMSE=0.4023 | Val: Loss=0.5595, BCE=0.5486, Reg=0.0109, AUC=0.7565, ACC=0.7235, RMSE=0.4295
2026-04-17 09:07:54,808 - INFO - [assist_09|assist_09_abce_best_full|lr=0.0003|drop=0.20] [Reg Terms] Epoch [016] | Train: graph_entropy=0.000000, graph_diag=0.005000, graph_uniform=0.003049, graph_reg_scale=1.0000, prediction_l2=0.000001, personal_sparse=0.000319, alpha_var=0.000000, alpha_collapse=0.000000, reg_bce_ratio=0.0221 | Val: graph_entropy=0.000000, graph_diag=0.005000, graph_uniform=0.003049, graph_reg_scale=1.0000, prediction_l2=0.000001, personal_sparse=0.000381, alpha_var=0.000000, alpha_collapse=0.000002, reg_bce_ratio=0.0198
2026-04-17 09:07:54,998 - INFO - [assist_09|assist_09_abce_best_full|lr=0.0003|drop=0.20] [Diag][AE] Epoch [016] | irt_abs_mean=1.6344, irt_std=0.9275, personal_warmup_scale=1.00, graph_row_entropy=2.5592, graph_entropy_ratio=0.5318, alpha_mean=0.1826, alpha_std=0.0519, alpha_base_mean=0.0944, alpha_delta_absmean=0.0882, alpha_saturation_ratio=0.0000, alpha_bias_std=NA, alpha_state_path=3.9770, alpha_id_path=0.0000, alpha_bias_path=0.0000, head_bias_path=0.7568, personal_row_entropy=1.7992, personal_matrix_delta=0.0844, personal_matrix_student_std=0.0506, personal_delta_pre_softmax_norm=2.3001, personal_delta_student_std=1.1619, alpha_head_std=0.0519, query_row_global_readout_delta=0.5263, query_row_personal_message_delta=0.0045, query_row_posterior_delta_abs=0.0844, query_row_posterior_kl=0.0610, personal_to_graph_query_ratio=0.0085, query_row_global_support_mass=0.8319, query_row_personal_support_mass=0.8319, neighbor_row_personal_delta=0.0000, personal_row_budget_mean=1.0000, personal_query_row_std=0.1003, readout_query_support_mass=0.8319, personal_student_mix=0.0551, personal_student_adapter=0.0400, local_row_ratio=0.1978, support_density=0.4010, readout_query_delta=0.5246, personal_bad_rows_active=0.00, personal_fallback_rows_active=0.00, personal_bad_row_rate_active=0.0000, personal_padded_rows=460.00, personal_logits_support_absmax=5.8538, personal_query_trust_scale_mean=1.0000, personal_bad_rows_legacy=460.00, personal_fallback_rows_legacy=460.00, personal_logits_absmax_legacy=30.0000
2026-04-17 09:07:54,998 - INFO - [assist_09|assist_09_abce_best_full|lr=0.0003|drop=0.20] [Diag][A] Epoch [016] | entropy_ratio=0.5318, diag_mass=0.0500, to_uniform_l2=0.023784, to_identity_l2=0.089156, relation_identity_delta=0.089156, knowledge_state_graph_delta=1.061577, knowledge_state_personal_delta=0.000000, share_concept_embeddings=True, tau_mean=0.6933, tau_std=0.0001, graph_reg_scale(train/val)=1.0000/1.0000
2026-04-17 09:07:54,998 - INFO - [assist_09|assist_09_abce_best_full|lr=0.0003|drop=0.20] [Grad Norms] Epoch [016] | relation_emb=4.066072e-01, relation_tau=1.302451e-08, relation_wq=2.511978e-06, relation_wk=1.925662e-06, personal_u=3.016144e-02, personal_v=9.118354e-03, personal_alpha_bias=0.000000e+00, personal_gate_emb=0.000000e+00, personal_gate_state_proj=0.000000e+00, personal_gate_context_proj=0.000000e+00, personal_gate_state_direct=2.495799e-04, personal_gate_id_direct=0.000000e+00, personal_gate_context_direct=5.017642e-05, personal_gate_out=1.710011e-15, personal_generator_emb=0.000000e+00, personal_generator_context_proj=0.000000e+00, personal_generator_context_hidden=0.000000e+00, personal_generator_context_to_u=0.000000e+00, personal_generator_context_to_v=0.000000e+00, personal_generator_state_row=0.000000e+00, personal_generator_state_col=0.000000e+00, personal_generator_id_row=0.000000e+00, personal_generator_id_col=0.000000e+00, personal_generator_state_adapter=0.000000e+00, personal_generator_id_adapter=0.000000e+00, personal_generator_context_adapter=0.000000e+00, personal_generator_direct_scale=4.748598e-06
2026-04-17 09:07:54,999 - INFO - [assist_09|assist_09_abce_best_full|lr=0.0003|drop=0.20] -> No improvement 2 epoch(s) (best AUC=0.7571 @ 14)
2026-04-17 09:08:58,962 - INFO - [assist_09|assist_09_abce_best_full|lr=0.0003|drop=0.20] Epoch [017/100] | Train: Loss=0.4952, BCE=0.4844, Reg=0.0108, AUC=0.8188, ACC=0.7555, RMSE=0.4012 | Val: Loss=0.5661, BCE=0.5552, Reg=0.0109, AUC=0.7587, ACC=0.7216, RMSE=0.4317
2026-04-17 09:08:58,962 - INFO - [assist_09|assist_09_abce_best_full|lr=0.0003|drop=0.20] [Reg Terms] Epoch [017] | Train: graph_entropy=0.000000, graph_diag=0.005000, graph_uniform=0.003049, graph_reg_scale=1.0000, prediction_l2=0.000001, personal_sparse=0.000319, alpha_var=0.000000, alpha_collapse=0.000000, reg_bce_ratio=0.0223 | Val: graph_entropy=0.000000, graph_diag=0.005000, graph_uniform=0.003049, graph_reg_scale=1.0000, prediction_l2=0.000001, personal_sparse=0.000380, alpha_var=0.000000, alpha_collapse=0.000001, reg_bce_ratio=0.0196
2026-04-17 09:08:59,158 - INFO - [assist_09|assist_09_abce_best_full|lr=0.0003|drop=0.20] [Diag][AE] Epoch [017] | irt_abs_mean=1.8144, irt_std=0.9728, personal_warmup_scale=1.00, graph_row_entropy=2.5592, graph_entropy_ratio=0.5318, alpha_mean=0.1867, alpha_std=0.0518, alpha_base_mean=0.0972, alpha_delta_absmean=0.0896, alpha_saturation_ratio=0.0000, alpha_bias_std=NA, alpha_state_path=4.0729, alpha_id_path=0.0000, alpha_bias_path=0.0000, head_bias_path=0.7106, personal_row_entropy=1.7885, personal_matrix_delta=0.0848, personal_matrix_student_std=0.0515, personal_delta_pre_softmax_norm=2.3074, personal_delta_student_std=1.1694, alpha_head_std=0.0518, query_row_global_readout_delta=0.5304, query_row_personal_message_delta=0.0042, query_row_posterior_delta_abs=0.0848, query_row_posterior_kl=0.0614, personal_to_graph_query_ratio=0.0079, query_row_global_support_mass=0.9619, query_row_personal_support_mass=0.9619, neighbor_row_personal_delta=0.0000, personal_row_budget_mean=1.0000, personal_query_row_std=0.1112, readout_query_support_mass=0.9619, personal_student_mix=0.0550, personal_student_adapter=0.0400, local_row_ratio=0.2111, support_density=0.4010, readout_query_delta=0.5289, personal_bad_rows_active=0.00, personal_fallback_rows_active=0.00, personal_bad_row_rate_active=0.0000, personal_padded_rows=460.00, personal_logits_support_absmax=5.9443, personal_query_trust_scale_mean=1.0000, personal_bad_rows_legacy=460.00, personal_fallback_rows_legacy=460.00, personal_logits_absmax_legacy=30.0000
2026-04-17 09:08:59,158 - INFO - [assist_09|assist_09_abce_best_full|lr=0.0003|drop=0.20] [Diag][A] Epoch [017] | entropy_ratio=0.5318, diag_mass=0.0500, to_uniform_l2=0.023784, to_identity_l2=0.089156, relation_identity_delta=0.089156, knowledge_state_graph_delta=1.084780, knowledge_state_personal_delta=0.000000, share_concept_embeddings=True, tau_mean=0.6934, tau_std=0.0003, graph_reg_scale(train/val)=1.0000/1.0000
2026-04-17 09:08:59,158 - INFO - [assist_09|assist_09_abce_best_full|lr=0.0003|drop=0.20] [Grad Norms] Epoch [017] | relation_emb=5.189590e-01, relation_tau=9.747932e-08, relation_wq=4.100819e-06, relation_wk=2.505547e-06, personal_u=2.827636e-02, personal_v=1.152122e-02, personal_alpha_bias=0.000000e+00, personal_gate_emb=0.000000e+00, personal_gate_state_proj=0.000000e+00, personal_gate_context_proj=0.000000e+00, personal_gate_state_direct=9.266855e-05, personal_gate_id_direct=0.000000e+00, personal_gate_context_direct=2.618248e-05, personal_gate_out=6.953042e-22, personal_generator_emb=0.000000e+00, personal_generator_context_proj=0.000000e+00, personal_generator_context_hidden=0.000000e+00, personal_generator_context_to_u=0.000000e+00, personal_generator_context_to_v=0.000000e+00, personal_generator_state_row=0.000000e+00, personal_generator_state_col=0.000000e+00, personal_generator_id_row=0.000000e+00, personal_generator_id_col=0.000000e+00, personal_generator_state_adapter=0.000000e+00, personal_generator_id_adapter=0.000000e+00, personal_generator_context_adapter=0.000000e+00, personal_generator_direct_scale=3.377261e-06
2026-04-17 09:08:59,432 - INFO - [assist_09|assist_09_abce_best_full|lr=0.0003|drop=0.20] -> New best AUC=0.7587 at epoch 17
2026-04-17 09:10:03,964 - INFO - [assist_09|assist_09_abce_best_full|lr=0.0003|drop=0.20] Epoch [018/100] | Train: Loss=0.4926, BCE=0.4818, Reg=0.0108, AUC=0.8210, ACC=0.7568, RMSE=0.4001 | Val: Loss=0.5555, BCE=0.5446, Reg=0.0108, AUC=0.7576, ACC=0.7276, RMSE=0.4275
2026-04-17 09:10:03,964 - INFO - [assist_09|assist_09_abce_best_full|lr=0.0003|drop=0.20] [Reg Terms] Epoch [018] | Train: graph_entropy=0.000000, graph_diag=0.005000, graph_uniform=0.003049, graph_reg_scale=1.0000, prediction_l2=0.000001, personal_sparse=0.000320, alpha_var=0.000000, alpha_collapse=0.000000, reg_bce_ratio=0.0224 | Val: graph_entropy=0.000000, graph_diag=0.005000, graph_uniform=0.003049, graph_reg_scale=1.0000, prediction_l2=0.000001, personal_sparse=0.000385, alpha_var=0.000000, alpha_collapse=0.000005, reg_bce_ratio=0.0199
2026-04-17 09:10:04,200 - INFO - [assist_09|assist_09_abce_best_full|lr=0.0003|drop=0.20] [Diag][AE] Epoch [018] | irt_abs_mean=1.5391, irt_std=0.9282, personal_warmup_scale=1.00, graph_row_entropy=2.5592, graph_entropy_ratio=0.5318, alpha_mean=0.1892, alpha_std=0.0508, alpha_base_mean=0.0997, alpha_delta_absmean=0.0895, alpha_saturation_ratio=0.0000, alpha_bias_std=NA, alpha_state_path=3.7486, alpha_id_path=0.0000, alpha_bias_path=0.0000, head_bias_path=0.7096, personal_row_entropy=1.8282, personal_matrix_delta=0.0821, personal_matrix_student_std=0.0491, personal_delta_pre_softmax_norm=2.3327, personal_delta_student_std=1.1713, alpha_head_std=0.0507, query_row_global_readout_delta=0.5415, query_row_personal_message_delta=0.0045, query_row_posterior_delta_abs=0.0821, query_row_posterior_kl=0.0585, personal_to_graph_query_ratio=0.0084, query_row_global_support_mass=0.8871, query_row_personal_support_mass=0.8871, neighbor_row_personal_delta=0.0000, personal_row_budget_mean=1.0000, personal_query_row_std=0.1085, readout_query_support_mass=0.8871, personal_student_mix=0.0549, personal_student_adapter=0.0400, local_row_ratio=0.2120, support_density=0.4010, readout_query_delta=0.5396, personal_bad_rows_active=0.00, personal_fallback_rows_active=0.00, personal_bad_row_rate_active=0.0000, personal_padded_rows=460.00, personal_logits_support_absmax=5.8611, personal_query_trust_scale_mean=1.0000, personal_bad_rows_legacy=460.00, personal_fallback_rows_legacy=460.00, personal_logits_absmax_legacy=30.0000
2026-04-17 09:10:04,201 - INFO - [assist_09|assist_09_abce_best_full|lr=0.0003|drop=0.20] [Diag][A] Epoch [018] | entropy_ratio=0.5318, diag_mass=0.0500, to_uniform_l2=0.023784, to_identity_l2=0.089156, relation_identity_delta=0.089156, knowledge_state_graph_delta=1.099147, knowledge_state_personal_delta=0.000000, share_concept_embeddings=True, tau_mean=0.6932, tau_std=0.0000, graph_reg_scale(train/val)=1.0000/1.0000
2026-04-17 09:10:04,201 - INFO - [assist_09|assist_09_abce_best_full|lr=0.0003|drop=0.20] [Grad Norms] Epoch [018] | relation_emb=4.755679e-01, relation_tau=9.816235e-09, relation_wq=7.489515e-07, relation_wk=8.132231e-07, personal_u=1.501660e-02, personal_v=7.891385e-03, personal_alpha_bias=0.000000e+00, personal_gate_emb=0.000000e+00, personal_gate_state_proj=0.000000e+00, personal_gate_context_proj=0.000000e+00, personal_gate_state_direct=1.371864e-04, personal_gate_id_direct=0.000000e+00, personal_gate_context_direct=5.705820e-05, personal_gate_out=0.000000e+00, personal_generator_emb=0.000000e+00, personal_generator_context_proj=0.000000e+00, personal_generator_context_hidden=0.000000e+00, personal_generator_context_to_u=0.000000e+00, personal_generator_context_to_v=0.000000e+00, personal_generator_state_row=0.000000e+00, personal_generator_state_col=0.000000e+00, personal_generator_id_row=0.000000e+00, personal_generator_id_col=0.000000e+00, personal_generator_state_adapter=0.000000e+00, personal_generator_id_adapter=0.000000e+00, personal_generator_context_adapter=0.000000e+00, personal_generator_direct_scale=6.830365e-07
2026-04-17 09:10:04,201 - INFO - [assist_09|assist_09_abce_best_full|lr=0.0003|drop=0.20] -> No improvement 1 epoch(s) (best AUC=0.7587 @ 17)
2026-04-17 09:11:10,117 - INFO - [assist_09|assist_09_abce_best_full|lr=0.0003|drop=0.20] Epoch [019/100] | Train: Loss=0.4898, BCE=0.4791, Reg=0.0108, AUC=0.8236, ACC=0.7589, RMSE=0.3988 | Val: Loss=0.5582, BCE=0.5471, Reg=0.0111, AUC=0.7568, ACC=0.7251, RMSE=0.4287
2026-04-17 09:11:10,117 - INFO - [assist_09|assist_09_abce_best_full|lr=0.0003|drop=0.20] [Reg Terms] Epoch [019] | Train: graph_entropy=0.000000, graph_diag=0.005003, graph_uniform=0.003049, graph_reg_scale=1.0000, prediction_l2=0.000001, personal_sparse=0.000318, alpha_var=0.000000, alpha_collapse=0.000000, reg_bce_ratio=0.0225 | Val: graph_entropy=0.000000, graph_diag=0.005000, graph_uniform=0.003049, graph_reg_scale=1.0000, prediction_l2=0.000001, personal_sparse=0.000368, alpha_var=0.000000, alpha_collapse=0.000002, reg_bce_ratio=0.0203
2026-04-17 09:11:10,316 - INFO - [assist_09|assist_09_abce_best_full|lr=0.0003|drop=0.20] [Diag][AE] Epoch [019] | irt_abs_mean=1.5617, irt_std=0.9148, personal_warmup_scale=1.00, graph_row_entropy=2.5592, graph_entropy_ratio=0.5318, alpha_mean=0.1955, alpha_std=0.0505, alpha_base_mean=0.1026, alpha_delta_absmean=0.0929, alpha_saturation_ratio=0.0000, alpha_bias_std=NA, alpha_state_path=4.3280, alpha_id_path=0.0000, alpha_bias_path=0.0000, head_bias_path=0.7214, personal_row_entropy=1.7375, personal_matrix_delta=0.0889, personal_matrix_student_std=0.0516, personal_delta_pre_softmax_norm=2.3182, personal_delta_student_std=1.1578, alpha_head_std=0.0505, query_row_global_readout_delta=0.5829, query_row_personal_message_delta=0.0074, query_row_posterior_delta_abs=0.0889, query_row_posterior_kl=0.0662, personal_to_graph_query_ratio=0.0127, query_row_global_support_mass=1.1363, query_row_personal_support_mass=1.1363, neighbor_row_personal_delta=0.0000, personal_row_budget_mean=1.0000, personal_query_row_std=0.1153, readout_query_support_mass=1.1363, personal_student_mix=0.0550, personal_student_adapter=0.0400, local_row_ratio=0.2086, support_density=0.4010, readout_query_delta=0.5791, personal_bad_rows_active=0.00, personal_fallback_rows_active=0.00, personal_bad_row_rate_active=0.0000, personal_padded_rows=460.00, personal_logits_support_absmax=5.9727, personal_query_trust_scale_mean=1.0000, personal_bad_rows_legacy=460.00, personal_fallback_rows_legacy=460.00, personal_logits_absmax_legacy=30.0000
2026-04-17 09:11:10,316 - INFO - [assist_09|assist_09_abce_best_full|lr=0.0003|drop=0.20] [Diag][A] Epoch [019] | entropy_ratio=0.5318, diag_mass=0.0500, to_uniform_l2=0.023784, to_identity_l2=0.089156, relation_identity_delta=0.089156, knowledge_state_graph_delta=1.103935, knowledge_state_personal_delta=0.000000, share_concept_embeddings=True, tau_mean=0.6934, tau_std=0.0002, graph_reg_scale(train/val)=1.0000/1.0000
2026-04-17 09:11:10,316 - INFO - [assist_09|assist_09_abce_best_full|lr=0.0003|drop=0.20] [Grad Norms] Epoch [019] | relation_emb=5.133572e-01, relation_tau=4.166410e-08, relation_wq=9.596766e-06, relation_wk=4.957444e-06, personal_u=4.437881e-02, personal_v=9.386795e-03, personal_alpha_bias=0.000000e+00, personal_gate_emb=0.000000e+00, personal_gate_state_proj=0.000000e+00, personal_gate_context_proj=0.000000e+00, personal_gate_state_direct=4.974923e-04, personal_gate_id_direct=0.000000e+00, personal_gate_context_direct=8.998315e-05, personal_gate_out=0.000000e+00, personal_generator_emb=0.000000e+00, personal_generator_context_proj=0.000000e+00, personal_generator_context_hidden=0.000000e+00, personal_generator_context_to_u=0.000000e+00, personal_generator_context_to_v=0.000000e+00, personal_generator_state_row=0.000000e+00, personal_generator_state_col=0.000000e+00, personal_generator_id_row=0.000000e+00, personal_generator_id_col=0.000000e+00, personal_generator_state_adapter=0.000000e+00, personal_generator_id_adapter=0.000000e+00, personal_generator_context_adapter=0.000000e+00, personal_generator_direct_scale=1.063811e-05
2026-04-17 09:11:10,317 - INFO - [assist_09|assist_09_abce_best_full|lr=0.0003|drop=0.20] -> No improvement 2 epoch(s) (best AUC=0.7587 @ 17)
2026-04-17 09:12:15,758 - INFO - [assist_09|assist_09_abce_best_full|lr=0.0003|drop=0.20] Epoch [020/100] | Train: Loss=0.4878, BCE=0.4770, Reg=0.0108, AUC=0.8252, ACC=0.7587, RMSE=0.3980 | Val: Loss=0.5570, BCE=0.5461, Reg=0.0109, AUC=0.7588, ACC=0.7240, RMSE=0.4281
2026-04-17 09:12:15,759 - INFO - [assist_09|assist_09_abce_best_full|lr=0.0003|drop=0.20] [Reg Terms] Epoch [020] | Train: graph_entropy=0.000000, graph_diag=0.005000, graph_uniform=0.003049, graph_reg_scale=1.0000, prediction_l2=0.000001, personal_sparse=0.000318, alpha_var=0.000000, alpha_collapse=0.000000, reg_bce_ratio=0.0226 | Val: graph_entropy=0.000000, graph_diag=0.005000, graph_uniform=0.003049, graph_reg_scale=1.0000, prediction_l2=0.000001, personal_sparse=0.000379, alpha_var=0.000000, alpha_collapse=0.000001, reg_bce_ratio=0.0200
2026-04-17 09:12:15,986 - INFO - [assist_09|assist_09_abce_best_full|lr=0.0003|drop=0.20] [Diag][AE] Epoch [020] | irt_abs_mean=1.6022, irt_std=0.9584, personal_warmup_scale=1.00, graph_row_entropy=2.5592, graph_entropy_ratio=0.5318, alpha_mean=0.1992, alpha_std=0.0504, alpha_base_mean=0.1054, alpha_delta_absmean=0.0938, alpha_saturation_ratio=0.0000, alpha_bias_std=NA, alpha_state_path=4.3734, alpha_id_path=0.0000, alpha_bias_path=0.0000, head_bias_path=0.7266, personal_row_entropy=1.7953, personal_matrix_delta=0.0842, personal_matrix_student_std=0.0494, personal_delta_pre_softmax_norm=2.3282, personal_delta_student_std=1.1598, alpha_head_std=0.0504, query_row_global_readout_delta=0.5623, query_row_personal_message_delta=0.0060, query_row_posterior_delta_abs=0.0842, query_row_posterior_kl=0.0609, personal_to_graph_query_ratio=0.0107, query_row_global_support_mass=1.2058, query_row_personal_support_mass=1.2058, neighbor_row_personal_delta=0.0000, personal_row_budget_mean=1.0000, personal_query_row_std=0.1129, readout_query_support_mass=1.2058, personal_student_mix=0.0550, personal_student_adapter=0.0400, local_row_ratio=0.2123, support_density=0.4010, readout_query_delta=0.5597, personal_bad_rows_active=0.00, personal_fallback_rows_active=0.00, personal_bad_row_rate_active=0.0000, personal_padded_rows=460.00, personal_logits_support_absmax=5.8778, personal_query_trust_scale_mean=1.0000, personal_bad_rows_legacy=460.00, personal_fallback_rows_legacy=460.00, personal_logits_absmax_legacy=30.0000
2026-04-17 09:12:15,986 - INFO - [assist_09|assist_09_abce_best_full|lr=0.0003|drop=0.20] [Diag][A] Epoch [020] | entropy_ratio=0.5318, diag_mass=0.0500, to_uniform_l2=0.023784, to_identity_l2=0.089156, relation_identity_delta=0.089156, knowledge_state_graph_delta=1.107495, knowledge_state_personal_delta=0.000000, share_concept_embeddings=True, tau_mean=0.6932, tau_std=0.0000, graph_reg_scale(train/val)=1.0000/1.0000
2026-04-17 09:12:15,986 - INFO - [assist_09|assist_09_abce_best_full|lr=0.0003|drop=0.20] [Grad Norms] Epoch [020] | relation_emb=4.270644e-01, relation_tau=2.084333e-09, relation_wq=2.232558e-06, relation_wk=2.705801e-06, personal_u=2.495653e-02, personal_v=8.674996e-03, personal_alpha_bias=0.000000e+00, personal_gate_emb=0.000000e+00, personal_gate_state_proj=0.000000e+00, personal_gate_context_proj=0.000000e+00, personal_gate_state_direct=3.038554e-04, personal_gate_id_direct=0.000000e+00, personal_gate_context_direct=7.101097e-05, personal_gate_out=0.000000e+00, personal_generator_emb=0.000000e+00, personal_generator_context_proj=0.000000e+00, personal_generator_context_hidden=0.000000e+00, personal_generator_context_to_u=0.000000e+00, personal_generator_context_to_v=0.000000e+00, personal_generator_state_row=0.000000e+00, personal_generator_state_col=0.000000e+00, personal_generator_id_row=0.000000e+00, personal_generator_id_col=0.000000e+00, personal_generator_state_adapter=0.000000e+00, personal_generator_id_adapter=0.000000e+00, personal_generator_context_adapter=0.000000e+00, personal_generator_direct_scale=2.760279e-06
2026-04-17 09:12:16,420 - INFO - [assist_09|assist_09_abce_best_full|lr=0.0003|drop=0.20] -> New best AUC=0.7588 at epoch 20
2026-04-17 09:12:16,460 - INFO - [assist_09|assist_09_abce_best_full|lr=0.0003|drop=0.20] Checkpoint saved: checkpoints/abce_diag/remote_trust_diag_20260417_709083f/assist_09/seed42/best_full/checkpoint_epoch_20.pth
2026-04-17 09:12:16,691 - INFO - [assist_09|assist_09_abce_best_full|lr=0.0003|drop=0.20] [Module Activity] Epoch 20: Graph[LIVE] Personal[LIVE]
2026-04-17 09:13:22,608 - INFO - [assist_09|assist_09_abce_best_full|lr=0.0003|drop=0.20] Epoch [021/100] | Train: Loss=0.4858, BCE=0.4750, Reg=0.0108, AUC=0.8268, ACC=0.7597, RMSE=0.3971 | Val: Loss=0.5545, BCE=0.5436, Reg=0.0109, AUC=0.7577, ACC=0.7255, RMSE=0.4272
2026-04-17 09:13:22,608 - INFO - [assist_09|assist_09_abce_best_full|lr=0.0003|drop=0.20] [Reg Terms] Epoch [021] | Train: graph_entropy=0.000000, graph_diag=0.005000, graph_uniform=0.003049, graph_reg_scale=1.0000, prediction_l2=0.000001, personal_sparse=0.000319, alpha_var=0.000000, alpha_collapse=0.000000, reg_bce_ratio=0.0227 | Val: graph_entropy=0.000000, graph_diag=0.005000, graph_uniform=0.003049, graph_reg_scale=1.0000, prediction_l2=0.000001, personal_sparse=0.000382, alpha_var=0.000000, alpha_collapse=0.000001, reg_bce_ratio=0.0200
2026-04-17 09:13:22,814 - INFO - [assist_09|assist_09_abce_best_full|lr=0.0003|drop=0.20] [Diag][AE] Epoch [021] | irt_abs_mean=1.4814, irt_std=0.9037, personal_warmup_scale=1.00, graph_row_entropy=2.5592, graph_entropy_ratio=0.5318, alpha_mean=0.2007, alpha_std=0.0504, alpha_base_mean=0.1079, alpha_delta_absmean=0.0928, alpha_saturation_ratio=0.0000, alpha_bias_std=NA, alpha_state_path=4.1214, alpha_id_path=0.0000, alpha_bias_path=0.0000, head_bias_path=0.7264, personal_row_entropy=1.8048, personal_matrix_delta=0.0835, personal_matrix_student_std=0.0501, personal_delta_pre_softmax_norm=2.3379, personal_delta_student_std=1.1843, alpha_head_std=0.0502, query_row_global_readout_delta=0.5373, query_row_personal_message_delta=0.0048, query_row_posterior_delta_abs=0.0835, query_row_posterior_kl=0.0599, personal_to_graph_query_ratio=0.0089, query_row_global_support_mass=0.9477, query_row_personal_support_mass=0.9477, neighbor_row_personal_delta=0.0000, personal_row_budget_mean=1.0000, personal_query_row_std=0.0915, readout_query_support_mass=0.9477, personal_student_mix=0.0546, personal_student_adapter=0.0400, local_row_ratio=0.2068, support_density=0.4010, readout_query_delta=0.5355, personal_bad_rows_active=0.00, personal_fallback_rows_active=0.00, personal_bad_row_rate_active=0.0000, personal_padded_rows=460.00, personal_logits_support_absmax=6.0192, personal_query_trust_scale_mean=1.0000, personal_bad_rows_legacy=460.00, personal_fallback_rows_legacy=460.00, personal_logits_absmax_legacy=30.0000
2026-04-17 09:13:22,814 - INFO - [assist_09|assist_09_abce_best_full|lr=0.0003|drop=0.20] [Diag][A] Epoch [021] | entropy_ratio=0.5318, diag_mass=0.0500, to_uniform_l2=0.023784, to_identity_l2=0.089156, relation_identity_delta=0.089156, knowledge_state_graph_delta=1.102809, knowledge_state_personal_delta=0.000000, share_concept_embeddings=True, tau_mean=0.6931, tau_std=0.0000, graph_reg_scale(train/val)=1.0000/1.0000
2026-04-17 09:13:22,814 - INFO - [assist_09|assist_09_abce_best_full|lr=0.0003|drop=0.20] [Grad Norms] Epoch [021] | relation_emb=4.005247e-01, relation_tau=1.107882e-08, relation_wq=2.404114e-06, relation_wk=3.418002e-06, personal_u=4.799931e-03, personal_v=4.928934e-03, personal_alpha_bias=0.000000e+00, personal_gate_emb=0.000000e+00, personal_gate_state_proj=0.000000e+00, personal_gate_context_proj=0.000000e+00, personal_gate_state_direct=1.050228e-04, personal_gate_id_direct=0.000000e+00, personal_gate_context_direct=3.680713e-05, personal_gate_out=0.000000e+00, personal_generator_emb=0.000000e+00, personal_generator_context_proj=0.000000e+00, personal_generator_context_hidden=0.000000e+00, personal_generator_context_to_u=0.000000e+00, personal_generator_context_to_v=0.000000e+00, personal_generator_state_row=0.000000e+00, personal_generator_state_col=0.000000e+00, personal_generator_id_row=0.000000e+00, personal_generator_id_col=0.000000e+00, personal_generator_state_adapter=0.000000e+00, personal_generator_id_adapter=0.000000e+00, personal_generator_context_adapter=0.000000e+00, personal_generator_direct_scale=9.585026e-06
2026-04-17 09:13:22,815 - INFO - [assist_09|assist_09_abce_best_full|lr=0.0003|drop=0.20] -> No improvement 1 epoch(s) (best AUC=0.7588 @ 20)
2026-04-17 09:14:30,081 - INFO - [assist_09|assist_09_abce_best_full|lr=0.0003|drop=0.20] Epoch [022/100] | Train: Loss=0.4832, BCE=0.4724, Reg=0.0108, AUC=0.8290, ACC=0.7610, RMSE=0.3959 | Val: Loss=0.5630, BCE=0.5521, Reg=0.0109, AUC=0.7573, ACC=0.7227, RMSE=0.4304
2026-04-17 09:14:30,082 - INFO - [assist_09|assist_09_abce_best_full|lr=0.0003|drop=0.20] [Reg Terms] Epoch [022] | Train: graph_entropy=0.000000, graph_diag=0.005000, graph_uniform=0.003049, graph_reg_scale=1.0000, prediction_l2=0.000001, personal_sparse=0.000318, alpha_var=0.000000, alpha_collapse=0.000000, reg_bce_ratio=0.0228 | Val: graph_entropy=0.000000, graph_diag=0.005000, graph_uniform=0.003049, graph_reg_scale=1.0000, prediction_l2=0.000001, personal_sparse=0.000380, alpha_var=0.000000, alpha_collapse=0.000001, reg_bce_ratio=0.0197
2026-04-17 09:14:30,317 - INFO - [assist_09|assist_09_abce_best_full|lr=0.0003|drop=0.20] [Diag][AE] Epoch [022] | irt_abs_mean=1.7432, irt_std=0.9887, personal_warmup_scale=1.00, graph_row_entropy=2.5592, graph_entropy_ratio=0.5318, alpha_mean=0.2020, alpha_std=0.0519, alpha_base_mean=0.1107, alpha_delta_absmean=0.0922, alpha_saturation_ratio=0.0000, alpha_bias_std=NA, alpha_state_path=4.0876, alpha_id_path=0.0000, alpha_bias_path=0.0000, head_bias_path=0.7259, personal_row_entropy=1.7946, personal_matrix_delta=0.0843, personal_matrix_student_std=0.0511, personal_delta_pre_softmax_norm=2.2801, personal_delta_student_std=1.1499, alpha_head_std=0.0490, query_row_global_readout_delta=0.5402, query_row_personal_message_delta=0.0045, query_row_posterior_delta_abs=0.0843, query_row_posterior_kl=0.0611, personal_to_graph_query_ratio=0.0083, query_row_global_support_mass=0.8977, query_row_personal_support_mass=0.8977, neighbor_row_personal_delta=0.0000, personal_row_budget_mean=1.0000, personal_query_row_std=0.1005, readout_query_support_mass=0.8977, personal_student_mix=0.0546, personal_student_adapter=0.0400, local_row_ratio=0.2023, support_density=0.4010, readout_query_delta=0.5386, personal_bad_rows_active=0.00, personal_fallback_rows_active=0.00, personal_bad_row_rate_active=0.0000, personal_padded_rows=460.00, personal_logits_support_absmax=5.9907, personal_query_trust_scale_mean=1.0000, personal_bad_rows_legacy=460.00, personal_fallback_rows_legacy=460.00, personal_logits_absmax_legacy=30.0000
2026-04-17 09:14:30,317 - INFO - [assist_09|assist_09_abce_best_full|lr=0.0003|drop=0.20] [Diag][A] Epoch [022] | entropy_ratio=0.5318, diag_mass=0.0500, to_uniform_l2=0.023784, to_identity_l2=0.089156, relation_identity_delta=0.089156, knowledge_state_graph_delta=1.117195, knowledge_state_personal_delta=0.000000, share_concept_embeddings=True, tau_mean=0.6932, tau_std=0.0000, graph_reg_scale(train/val)=1.0000/1.0000
2026-04-17 09:14:30,317 - INFO - [assist_09|assist_09_abce_best_full|lr=0.0003|drop=0.20] [Grad Norms] Epoch [022] | relation_emb=3.529156e-01, relation_tau=1.912794e-08, relation_wq=2.125355e-06, relation_wk=3.238751e-06, personal_u=4.419446e-02, personal_v=1.155996e-02, personal_alpha_bias=0.000000e+00, personal_gate_emb=0.000000e+00, personal_gate_state_proj=0.000000e+00, personal_gate_context_proj=0.000000e+00, personal_gate_state_direct=1.589939e-04, personal_gate_id_direct=0.000000e+00, personal_gate_context_direct=3.149155e-05, personal_gate_out=0.000000e+00, personal_generator_emb=0.000000e+00, personal_generator_context_proj=0.000000e+00, personal_generator_context_hidden=0.000000e+00, personal_generator_context_to_u=0.000000e+00, personal_generator_context_to_v=0.000000e+00, personal_generator_state_row=0.000000e+00, personal_generator_state_col=0.000000e+00, personal_generator_id_row=0.000000e+00, personal_generator_id_col=0.000000e+00, personal_generator_state_adapter=0.000000e+00, personal_generator_id_adapter=0.000000e+00, personal_generator_context_adapter=0.000000e+00, personal_generator_direct_scale=3.286331e-06
2026-04-17 09:14:30,317 - INFO - [assist_09|assist_09_abce_best_full|lr=0.0003|drop=0.20] -> No improvement 2 epoch(s) (best AUC=0.7588 @ 20)
2026-04-17 09:15:36,057 - INFO - [assist_09|assist_09_abce_best_full|lr=0.0003|drop=0.20] Epoch [023/100] | Train: Loss=0.4818, BCE=0.4711, Reg=0.0108, AUC=0.8303, ACC=0.7621, RMSE=0.3953 | Val: Loss=0.5585, BCE=0.5476, Reg=0.0108, AUC=0.7594, ACC=0.7251, RMSE=0.4283
2026-04-17 09:15:36,058 - INFO - [assist_09|assist_09_abce_best_full|lr=0.0003|drop=0.20] [Reg Terms] Epoch [023] | Train: graph_entropy=0.000000, graph_diag=0.005003, graph_uniform=0.003049, graph_reg_scale=1.0000, prediction_l2=0.000001, personal_sparse=0.000319, alpha_var=0.000000, alpha_collapse=0.000000, reg_bce_ratio=0.0229 | Val: graph_entropy=0.000000, graph_diag=0.005000, graph_uniform=0.003049, graph_reg_scale=1.0000, prediction_l2=0.000001, personal_sparse=0.000385, alpha_var=0.000000, alpha_collapse=0.000001, reg_bce_ratio=0.0198
2026-04-17 09:15:36,256 - INFO - [assist_09|assist_09_abce_best_full|lr=0.0003|drop=0.20] [Diag][AE] Epoch [023] | irt_abs_mean=1.7218, irt_std=0.9951, personal_warmup_scale=1.00, graph_row_entropy=2.5592, graph_entropy_ratio=0.5318, alpha_mean=0.2054, alpha_std=0.0535, alpha_base_mean=0.1136, alpha_delta_absmean=0.0937, alpha_saturation_ratio=0.0000, alpha_bias_std=NA, alpha_state_path=4.3552, alpha_id_path=0.0000, alpha_bias_path=0.0000, head_bias_path=0.7295, personal_row_entropy=1.8114, personal_matrix_delta=0.0833, personal_matrix_student_std=0.0494, personal_delta_pre_softmax_norm=2.3585, personal_delta_student_std=1.1795, alpha_head_std=0.0490, query_row_global_readout_delta=0.5776, query_row_personal_message_delta=0.0063, query_row_posterior_delta_abs=0.0833, query_row_posterior_kl=0.0593, personal_to_graph_query_ratio=0.0108, query_row_global_support_mass=1.1386, query_row_personal_support_mass=1.1386, neighbor_row_personal_delta=0.0000, personal_row_budget_mean=1.0000, personal_query_row_std=0.0920, readout_query_support_mass=1.1386, personal_student_mix=0.0548, personal_student_adapter=0.0400, local_row_ratio=0.2111, support_density=0.4010, readout_query_delta=0.5751, personal_bad_rows_active=0.00, personal_fallback_rows_active=0.00, personal_bad_row_rate_active=0.0000, personal_padded_rows=460.00, personal_logits_support_absmax=5.7631, personal_query_trust_scale_mean=1.0000, personal_bad_rows_legacy=460.00, personal_fallback_rows_legacy=460.00, personal_logits_absmax_legacy=30.0000
2026-04-17 09:15:36,256 - INFO - [assist_09|assist_09_abce_best_full|lr=0.0003|drop=0.20] [Diag][A] Epoch [023] | entropy_ratio=0.5318, diag_mass=0.0500, to_uniform_l2=0.023784, to_identity_l2=0.089156, relation_identity_delta=0.089156, knowledge_state_graph_delta=1.132164, knowledge_state_personal_delta=0.000000, share_concept_embeddings=True, tau_mean=0.6934, tau_std=0.0000, graph_reg_scale(train/val)=1.0000/1.0000
2026-04-17 09:15:36,257 - INFO - [assist_09|assist_09_abce_best_full|lr=0.0003|drop=0.20] [Grad Norms] Epoch [023] | relation_emb=3.933477e-01, relation_tau=5.692571e-08, relation_wq=6.612043e-06, relation_wk=4.167129e-06, personal_u=2.833639e-02, personal_v=1.105450e-02, personal_alpha_bias=0.000000e+00, personal_gate_emb=0.000000e+00, personal_gate_state_proj=0.000000e+00, personal_gate_context_proj=0.000000e+00, personal_gate_state_direct=3.679554e-04, personal_gate_id_direct=0.000000e+00, personal_gate_context_direct=2.148466e-05, personal_gate_out=0.000000e+00, personal_generator_emb=0.000000e+00, personal_generator_context_proj=0.000000e+00, personal_generator_context_hidden=0.000000e+00, personal_generator_context_to_u=0.000000e+00, personal_generator_context_to_v=0.000000e+00, personal_generator_state_row=0.000000e+00, personal_generator_state_col=0.000000e+00, personal_generator_id_row=0.000000e+00, personal_generator_id_col=0.000000e+00, personal_generator_state_adapter=0.000000e+00, personal_generator_id_adapter=0.000000e+00, personal_generator_context_adapter=0.000000e+00, personal_generator_direct_scale=4.318690e-06
2026-04-17 09:15:36,520 - INFO - [assist_09|assist_09_abce_best_full|lr=0.0003|drop=0.20] -> New best AUC=0.7594 at epoch 23
2026-04-17 09:16:42,764 - INFO - [assist_09|assist_09_abce_best_full|lr=0.0003|drop=0.20] Epoch [024/100] | Train: Loss=0.4801, BCE=0.4693, Reg=0.0108, AUC=0.8316, ACC=0.7627, RMSE=0.3946 | Val: Loss=0.5577, BCE=0.5469, Reg=0.0109, AUC=0.7589, ACC=0.7268, RMSE=0.4279
2026-04-17 09:16:42,764 - INFO - [assist_09|assist_09_abce_best_full|lr=0.0003|drop=0.20] [Reg Terms] Epoch [024] | Train: graph_entropy=0.000000, graph_diag=0.005000, graph_uniform=0.003049, graph_reg_scale=1.0000, prediction_l2=0.000001, personal_sparse=0.000320, alpha_var=0.000000, alpha_collapse=0.000000, reg_bce_ratio=0.0230 | Val: graph_entropy=0.000000, graph_diag=0.005000, graph_uniform=0.003049, graph_reg_scale=1.0000, prediction_l2=0.000001, personal_sparse=0.000382, alpha_var=0.000000, alpha_collapse=0.000001, reg_bce_ratio=0.0199
2026-04-17 09:16:42,984 - INFO - [assist_09|assist_09_abce_best_full|lr=0.0003|drop=0.20] [Diag][AE] Epoch [024] | irt_abs_mean=1.6159, irt_std=1.0200, personal_warmup_scale=1.00, graph_row_entropy=2.5592, graph_entropy_ratio=0.5318, alpha_mean=0.2036, alpha_std=0.0534, alpha_base_mean=0.1161, alpha_delta_absmean=0.0892, alpha_saturation_ratio=0.0000, alpha_bias_std=NA, alpha_state_path=3.7274, alpha_id_path=0.0000, alpha_bias_path=0.0000, head_bias_path=0.7228, personal_row_entropy=1.7963, personal_matrix_delta=0.0847, personal_matrix_student_std=0.0509, personal_delta_pre_softmax_norm=2.3323, personal_delta_student_std=1.1868, alpha_head_std=0.0485, query_row_global_readout_delta=0.5544, query_row_personal_message_delta=0.0050, query_row_posterior_delta_abs=0.0847, query_row_posterior_kl=0.0609, personal_to_graph_query_ratio=0.0091, query_row_global_support_mass=0.8611, query_row_personal_support_mass=0.8611, neighbor_row_personal_delta=0.0000, personal_row_budget_mean=1.0000, personal_query_row_std=0.0896, readout_query_support_mass=0.8611, personal_student_mix=0.0540, personal_student_adapter=0.0400, local_row_ratio=0.2117, support_density=0.4010, readout_query_delta=0.5525, personal_bad_rows_active=0.00, personal_fallback_rows_active=0.00, personal_bad_row_rate_active=0.0000, personal_padded_rows=460.00, personal_logits_support_absmax=5.9108, personal_query_trust_scale_mean=1.0000, personal_bad_rows_legacy=460.00, personal_fallback_rows_legacy=460.00, personal_logits_absmax_legacy=30.0000
2026-04-17 09:16:42,984 - INFO - [assist_09|assist_09_abce_best_full|lr=0.0003|drop=0.20] [Diag][A] Epoch [024] | entropy_ratio=0.5318, diag_mass=0.0500, to_uniform_l2=0.023784, to_identity_l2=0.089156, relation_identity_delta=0.089156, knowledge_state_graph_delta=1.126514, knowledge_state_personal_delta=0.000000, share_concept_embeddings=True, tau_mean=0.6929, tau_std=0.0003, graph_reg_scale(train/val)=1.0000/1.0000
2026-04-17 09:16:42,984 - INFO - [assist_09|assist_09_abce_best_full|lr=0.0003|drop=0.20] [Grad Norms] Epoch [024] | relation_emb=6.249817e-01, relation_tau=8.367489e-08, relation_wq=4.446181e-06, relation_wk=2.846896e-06, personal_u=1.773105e-02, personal_v=9.003713e-03, personal_alpha_bias=0.000000e+00, personal_gate_emb=0.000000e+00, personal_gate_state_proj=0.000000e+00, personal_gate_context_proj=0.000000e+00, personal_gate_state_direct=3.977098e-04, personal_gate_id_direct=0.000000e+00, personal_gate_context_direct=8.023344e-05, personal_gate_out=0.000000e+00, personal_generator_emb=0.000000e+00, personal_generator_context_proj=0.000000e+00, personal_generator_context_hidden=0.000000e+00, personal_generator_context_to_u=0.000000e+00, personal_generator_context_to_v=0.000000e+00, personal_generator_state_row=0.000000e+00, personal_generator_state_col=0.000000e+00, personal_generator_id_row=0.000000e+00, personal_generator_id_col=0.000000e+00, personal_generator_state_adapter=0.000000e+00, personal_generator_id_adapter=0.000000e+00, personal_generator_context_adapter=0.000000e+00, personal_generator_direct_scale=1.131705e-05
2026-04-17 09:16:42,984 - INFO - [assist_09|assist_09_abce_best_full|lr=0.0003|drop=0.20] -> No improvement 1 epoch(s) (best AUC=0.7594 @ 23)
2026-04-17 09:17:48,482 - INFO - [assist_09|assist_09_abce_best_full|lr=0.0003|drop=0.20] Epoch [025/100] | Train: Loss=0.4788, BCE=0.4680, Reg=0.0108, AUC=0.8327, ACC=0.7623, RMSE=0.3941 | Val: Loss=0.5584, BCE=0.5475, Reg=0.0109, AUC=0.7581, ACC=0.7269, RMSE=0.4283
2026-04-17 09:17:48,483 - INFO - [assist_09|assist_09_abce_best_full|lr=0.0003|drop=0.20] [Reg Terms] Epoch [025] | Train: graph_entropy=0.000000, graph_diag=0.005000, graph_uniform=0.003049, graph_reg_scale=1.0000, prediction_l2=0.000001, personal_sparse=0.000319, alpha_var=0.000000, alpha_collapse=0.000000, reg_bce_ratio=0.0231 | Val: graph_entropy=0.000000, graph_diag=0.005000, graph_uniform=0.003049, graph_reg_scale=1.0000, prediction_l2=0.000001, personal_sparse=0.000382, alpha_var=0.000000, alpha_collapse=0.000002, reg_bce_ratio=0.0198
2026-04-17 09:17:48,686 - INFO - [assist_09|assist_09_abce_best_full|lr=0.0003|drop=0.20] [Diag][AE] Epoch [025] | irt_abs_mean=1.6586, irt_std=1.0332, personal_warmup_scale=1.00, graph_row_entropy=2.5592, graph_entropy_ratio=0.5318, alpha_mean=0.2073, alpha_std=0.0544, alpha_base_mean=0.1187, alpha_delta_absmean=0.0916, alpha_saturation_ratio=0.0000, alpha_bias_std=NA, alpha_state_path=4.0140, alpha_id_path=0.0000, alpha_bias_path=0.0000, head_bias_path=0.7142, personal_row_entropy=1.7949, personal_matrix_delta=0.0846, personal_matrix_student_std=0.0503, personal_delta_pre_softmax_norm=2.3328, personal_delta_student_std=1.1808, alpha_head_std=0.0477, query_row_global_readout_delta=0.5539, query_row_personal_message_delta=0.0050, query_row_posterior_delta_abs=0.0846, query_row_posterior_kl=0.0610, personal_to_graph_query_ratio=0.0090, query_row_global_support_mass=1.0352, query_row_personal_support_mass=1.0352, neighbor_row_personal_delta=0.0000, personal_row_budget_mean=1.0000, personal_query_row_std=0.0882, readout_query_support_mass=1.0352, personal_student_mix=0.0540, personal_student_adapter=0.0400, local_row_ratio=0.2057, support_density=0.4010, readout_query_delta=0.5519, personal_bad_rows_active=0.00, personal_fallback_rows_active=0.00, personal_bad_row_rate_active=0.0000, personal_padded_rows=460.00, personal_logits_support_absmax=5.8701, personal_query_trust_scale_mean=1.0000, personal_bad_rows_legacy=460.00, personal_fallback_rows_legacy=460.00, personal_logits_absmax_legacy=30.0000
2026-04-17 09:17:48,687 - INFO - [assist_09|assist_09_abce_best_full|lr=0.0003|drop=0.20] [Diag][A] Epoch [025] | entropy_ratio=0.5318, diag_mass=0.0500, to_uniform_l2=0.023784, to_identity_l2=0.089156, relation_identity_delta=0.089156, knowledge_state_graph_delta=1.129607, knowledge_state_personal_delta=0.000000, share_concept_embeddings=True, tau_mean=0.6933, tau_std=0.0002, graph_reg_scale(train/val)=1.0000/1.0000
2026-04-17 09:17:48,687 - INFO - [assist_09|assist_09_abce_best_full|lr=0.0003|drop=0.20] [Grad Norms] Epoch [025] | relation_emb=5.427077e-01, relation_tau=4.659547e-08, relation_wq=3.587110e-06, relation_wk=3.004413e-06, personal_u=3.048463e-02, personal_v=8.712233e-03, personal_alpha_bias=0.000000e+00, personal_gate_emb=0.000000e+00, personal_gate_state_proj=0.000000e+00, personal_gate_context_proj=0.000000e+00, personal_gate_state_direct=3.694545e-04, personal_gate_id_direct=0.000000e+00, personal_gate_context_direct=6.082225e-05, personal_gate_out=0.000000e+00, personal_generator_emb=0.000000e+00, personal_generator_context_proj=0.000000e+00, personal_generator_context_hidden=0.000000e+00, personal_generator_context_to_u=0.000000e+00, personal_generator_context_to_v=0.000000e+00, personal_generator_state_row=0.000000e+00, personal_generator_state_col=0.000000e+00, personal_generator_id_row=0.000000e+00, personal_generator_id_col=0.000000e+00, personal_generator_state_adapter=0.000000e+00, personal_generator_id_adapter=0.000000e+00, personal_generator_context_adapter=0.000000e+00, personal_generator_direct_scale=5.485788e-07
2026-04-17 09:17:48,687 - INFO - [assist_09|assist_09_abce_best_full|lr=0.0003|drop=0.20] -> No improvement 2 epoch(s) (best AUC=0.7594 @ 23)
2026-04-17 09:18:55,354 - INFO - [assist_09|assist_09_abce_best_full|lr=0.0003|drop=0.20] Epoch [026/100] | Train: Loss=0.4762, BCE=0.4654, Reg=0.0108, AUC=0.8349, ACC=0.7651, RMSE=0.3928 | Val: Loss=0.5557, BCE=0.5449, Reg=0.0108, AUC=0.7579, ACC=0.7263, RMSE=0.4273
2026-04-17 09:18:55,355 - INFO - [assist_09|assist_09_abce_best_full|lr=0.0003|drop=0.20] [Reg Terms] Epoch [026] | Train: graph_entropy=0.000000, graph_diag=0.005000, graph_uniform=0.003049, graph_reg_scale=1.0000, prediction_l2=0.000001, personal_sparse=0.000321, alpha_var=0.000000, alpha_collapse=0.000000, reg_bce_ratio=0.0232 | Val: graph_entropy=0.000000, graph_diag=0.005000, graph_uniform=0.003049, graph_reg_scale=1.0000, prediction_l2=0.000001, personal_sparse=0.000385, alpha_var=0.000000, alpha_collapse=0.000004, reg_bce_ratio=0.0198
2026-04-17 09:18:55,542 - INFO - [assist_09|assist_09_abce_best_full|lr=0.0003|drop=0.20] [Diag][AE] Epoch [026] | irt_abs_mean=1.5253, irt_std=0.9932, personal_warmup_scale=1.00, graph_row_entropy=2.5592, graph_entropy_ratio=0.5318, alpha_mean=0.2089, alpha_std=0.0587, alpha_base_mean=0.1218, alpha_delta_absmean=0.0927, alpha_saturation_ratio=0.3711, alpha_bias_std=NA, alpha_state_path=4.4651, alpha_id_path=0.0000, alpha_bias_path=0.0000, head_bias_path=0.7059, personal_row_entropy=1.8079, personal_matrix_delta=0.0838, personal_matrix_student_std=0.0503, personal_delta_pre_softmax_norm=2.3307, personal_delta_student_std=1.1855, alpha_head_std=0.0466, query_row_global_readout_delta=0.5599, query_row_personal_message_delta=0.0055, query_row_posterior_delta_abs=0.0838, query_row_posterior_kl=0.0597, personal_to_graph_query_ratio=0.0099, query_row_global_support_mass=1.1206, query_row_personal_support_mass=1.1206, neighbor_row_personal_delta=0.0000, personal_row_budget_mean=1.0000, personal_query_row_std=0.0997, readout_query_support_mass=1.1206, personal_student_mix=0.0542, personal_student_adapter=0.0400, local_row_ratio=0.2155, support_density=0.4010, readout_query_delta=0.5579, personal_bad_rows_active=0.00, personal_fallback_rows_active=0.00, personal_bad_row_rate_active=0.0000, personal_padded_rows=460.00, personal_logits_support_absmax=5.8272, personal_query_trust_scale_mean=1.0000, personal_bad_rows_legacy=460.00, personal_fallback_rows_legacy=460.00, personal_logits_absmax_legacy=30.0000
2026-04-17 09:18:55,542 - INFO - [assist_09|assist_09_abce_best_full|lr=0.0003|drop=0.20] [Diag][A] Epoch [026] | entropy_ratio=0.5318, diag_mass=0.0500, to_uniform_l2=0.023784, to_identity_l2=0.089156, relation_identity_delta=0.089156, knowledge_state_graph_delta=1.138836, knowledge_state_personal_delta=0.000000, share_concept_embeddings=True, tau_mean=0.6932, tau_std=0.0000, graph_reg_scale(train/val)=1.0000/1.0000
2026-04-17 09:18:55,542 - INFO - [assist_09|assist_09_abce_best_full|lr=0.0003|drop=0.20] [Grad Norms] Epoch [026] | relation_emb=5.522945e-01, relation_tau=1.743663e-08, relation_wq=2.177804e-06, relation_wk=1.480044e-06, personal_u=1.749807e-02, personal_v=9.745676e-03, personal_alpha_bias=0.000000e+00, personal_gate_emb=0.000000e+00, personal_gate_state_proj=0.000000e+00, personal_gate_context_proj=0.000000e+00, personal_gate_state_direct=1.255201e-04, personal_gate_id_direct=0.000000e+00, personal_gate_context_direct=1.338328e-05, personal_gate_out=0.000000e+00, personal_generator_emb=0.000000e+00, personal_generator_context_proj=0.000000e+00, personal_generator_context_hidden=0.000000e+00, personal_generator_context_to_u=0.000000e+00, personal_generator_context_to_v=0.000000e+00, personal_generator_state_row=0.000000e+00, personal_generator_state_col=0.000000e+00, personal_generator_id_row=0.000000e+00, personal_generator_id_col=0.000000e+00, personal_generator_state_adapter=0.000000e+00, personal_generator_id_adapter=0.000000e+00, personal_generator_context_adapter=0.000000e+00, personal_generator_direct_scale=2.454307e-05
2026-04-17 09:18:55,542 - INFO - [assist_09|assist_09_abce_best_full|lr=0.0003|drop=0.20] -> No improvement 3 epoch(s) (best AUC=0.7594 @ 23)
2026-04-17 09:18:55,542 - INFO - [assist_09|assist_09_abce_best_full|lr=0.0003|drop=0.20] Early stopping at epoch 26 (best AUC=0.7594 @ 23)
2026-04-17 09:18:55,550 - INFO - Epoch-wise metrics saved to checkpoints/abce_diag/remote_trust_diag_20260417_709083f/assist_09/seed42/best_full/metrics_history.csv
2026-04-17 09:18:55,553 - INFO - [assist_09|assist_09_abce_best_full|lr=0.0003|drop=0.20] Training completed! Best Val AUC=0.7594 @ epoch 23
2026-04-17 09:18:55,827 - INFO - 
============================================================
         MODULE ACTIVITY REPORT
============================================================
Dataset: assist_09 | Seed: 42 | Epoch: 26

1. Concept Graph Module (A):
   - Mean row entropy: 2.559 / 4.812
   - Entropy ratio: 53.2%
   - Query readout delta: 0.5672
   - Status: LIVE (global graph is entering queried concept readout)

2. Personal Graph Module (E):
   - Alpha mean: 0.205
   - Alpha std: 0.062
   - Alpha bias std: 0.000
   - Personal/global delta: 0.0835
   - Inter-student matrix std: 0.0503
   - Query personal message delta: 0.0055
   - Query posterior KL: 0.0596
   - Query personal std: 0.0917
   - Personal/global query ratio: 0.0096
   - Status: LIVE (state-driven personalization is visible at query stage)

------------------------------------------------------------
SUMMARY:
   Active modules: Concept Graph (A), Personal Graph (E)
   All enabled graph modules are functioning properly.
============================================================
2026-04-17 09:18:55,828 - INFO - [assist_09|assist_09_abce_best_full|lr=0.0003|drop=0.20] Module activity saved to checkpoints/abce_diag/remote_trust_diag_20260417_709083f/assist_09/seed42/best_full/module_activity.json
2026-04-17 09:18:55,876 - INFO - Using device: cuda:0 (physical gpu 2)
2026-04-17 09:18:55,876 - INFO - Loading model from checkpoints/abce_diag/remote_trust_diag_20260417_709083f/assist_09/seed42/best_full/best_model.pth...
2026-04-17 09:18:55,996 - INFO - [Inference Filter] before=52549, after=51090, dropped=1459, coverage=97.22% (train-only seen student/item support)
2026-04-17 09:18:56,023 - INFO - Inference switches: ablate_module1=False | enable_module1=True | use_concept_graph=True | effective(num_gnn_layers=2)
2026-04-17 09:18:56,045 - INFO - [Inference] Ablation runtime check: args(ablate_module1=False) | expect(use_concept_graph=True,use_personal_graph=True) | model(enable_module1=True,use_concept_graph=True,use_personal_graph=True) | physical(has_knowledge_encoder=True,has_relation_learning=True,has_adaptive_gate=True,has_personal_generator=True)
2026-04-17 09:18:56,045 - INFO - [Inference] [Graph Init] graph_tau_mean=1.0055, graph_tau_std=0.0000, graph_dropout=0.000, use_personal_graph=True
2026-04-17 09:18:56,047 - INFO - Model loaded from epoch 23. Start testing...
2026-04-17 09:19:00,022 - INFO - [Test] 200/400 batches done, samples=25600
2026-04-17 09:19:03,586 - INFO - [Test] 400/400 batches done, samples=51090
2026-04-17 09:19:03,651 - INFO - 
==================================================
2026-04-17 09:19:03,651 - INFO - Test Results:
2026-04-17 09:19:03,651 - INFO - AUC: 0.7601
2026-04-17 09:19:03,651 - INFO - ACC: 0.7314
2026-04-17 09:19:03,651 - INFO - RMSE: 0.4261
2026-04-17 09:19:03,651 - INFO - ==================================================
2026-04-17 09:19:03,666 - INFO - Summary appended to /home/zsh/ConceptSkillCDM/results/experiment_results.csv
2026-04-17 09:19:03,666 - INFO - 
Generating student diagnosis reports...
2026-04-17 09:19:03,697 - INFO - Student diagnosis reports saved to checkpoints/abce_diag/remote_trust_diag_20260417_709083f/assist_09/seed42/best_full/student_diagnosis.json
2026-04-17 09:19:03,701 - INFO - Run completed.
2026-04-17 09:19:03,701 - INFO - Best validation AUC: 0.7594 at epoch 23
2026-04-17 09:19:03,701 - INFO - Test metrics - AUC: 0.7601, ACC: 0.7314, RMSE: 0.4261
2026-04-17 09:19:03,837 - INFO - [数据清洗] 学生交互次数 < 15 次的学生：共移除 313 个学生（仅统计用户数）
2026-04-17 09:19:03,847 - INFO - [数据清洗] 学生冷启动过滤：在 train/valid/test 中共删除 5118 条记录。
2026-04-17 09:19:03,847 - INFO - [数据清洗] 跳过题目冷门过滤（min_exer_interactions <= 0）。
2026-04-17 09:19:03,847 - INFO - [数据清洗] 跳过毒题清洗（min_poison_count <= 0）。
2026-04-17 09:19:03,847 - INFO - 正在构建ID映射...
2026-04-17 09:19:04,022 - INFO - 正在构建Q矩阵...
2026-04-17 09:19:10,567 - INFO - [数据清洗] Valid train-seen 过滤：before=20072, after=19875, dropped=197, coverage=99.02%
2026-04-17 09:19:10,573 - INFO - [数据清洗] Test train-seen 过滤：before=51610, after=51090, dropped=520, coverage=98.99%
2026-04-17 09:19:10,577 - INFO - [统计] 开始统计清洗后每道题的概念数量分布...
2026-04-17 09:19:10,586 - INFO - [Train] 概念数统计：题目数=17057, 平均概念数=1.1995, min=1, max=4, 1概念=14129 (82.83%), ≥2概念=2928 (17.17%)
2026-04-17 09:19:10,586 - INFO - [Train] 概念数直方图（概念数: 题目数量）: {1: 14129, 2: 2533, 3: 315, 4: 80}
2026-04-17 09:19:10,590 - INFO - [Valid] 概念数统计：题目数=9034, 平均概念数=1.1996, min=1, max=4, 1概念=7500 (83.02%), ≥2概念=1534 (16.98%)
2026-04-17 09:19:10,590 - INFO - [Valid] 概念数直方图（概念数: 题目数量）: {1: 7500, 2: 1314, 3: 171, 4: 49}
2026-04-17 09:19:10,596 - INFO - [Test] 概念数统计：题目数=12825, 平均概念数=1.1994, min=1, max=4, 1概念=10661 (83.13%), ≥2概念=2164 (16.87%)
2026-04-17 09:19:10,596 - INFO - [Test] 概念数直方图（概念数: 题目数量）: {1: 10661, 2: 1836, 3: 263, 4: 65}
2026-04-17 09:19:10,596 - INFO - [统计] 概念数量统计完成。
2026-04-17 09:19:10,596 - INFO - 正在加载数据集...
2026-04-17 09:19:10,676 - INFO - [Component Analysis] Global graph: torch.Size([2, 123, 123])
2026-04-17 09:19:10,900 - INFO - [Component Analysis] Gate alpha samples: 200
2026-04-17 09:19:10,901 - WARNING - Failed to save component analysis data: all the input array dimensions except for the concatenation axis must match exactly, but along dimension 1, the array at index 0 has size 4 and the array at index 1 has size 3
