dataset,event_id,variant,mask_type,label,pred_prob,bce,query_concepts_mapped,masked_concepts,counterfactual_scope
assist_09,124,full,original,1.0,0.9425206184387207,0.05919748357169947,52,,student_concept_state_buffers
assist_09,124,full,target_concept_mask,1.0,0.9492784738540649,0.052053084160959766,52,52,student_concept_state_buffers
assist_09,124,full,random_history_mask,1.0,0.9425206184387207,0.05919748357169947,52,21,student_concept_state_buffers
assist_09,129,full,original,1.0,0.9299315810203552,0.07264426433646895,30,,student_concept_state_buffers
assist_09,129,full,target_concept_mask,1.0,0.9566150307655334,0.04435423516281932,30,30,student_concept_state_buffers
assist_09,129,full,random_history_mask,1.0,0.9299315810203552,0.07264426433646895,30,78,student_concept_state_buffers
assist_09,388,full,original,1.0,0.9201747179031372,0.08319171620553789,34,,student_concept_state_buffers
assist_09,388,full,target_concept_mask,1.0,0.9505126476287842,0.05075381085203467,34,34,student_concept_state_buffers
assist_09,388,full,random_history_mask,1.0,0.9201747179031372,0.08319171620553789,34,36,student_concept_state_buffers
assist_09,416,full,original,1.0,0.9254269003868103,0.07750013400282421,82,,student_concept_state_buffers
assist_09,416,full,target_concept_mask,1.0,0.9332300424575806,0.06910354640664383,82,82,student_concept_state_buffers
assist_09,416,full,random_history_mask,1.0,0.9237725734710693,0.0792893702431221,82,37,student_concept_state_buffers
assist_09,487,full,original,1.0,0.7164984941482544,0.33337913339336345,96,,student_concept_state_buffers
assist_09,487,full,target_concept_mask,1.0,0.8171942830085754,0.2018784118920991,96,96,student_concept_state_buffers
assist_09,487,full,random_history_mask,1.0,0.7164984941482544,0.33337913339336345,96,80,student_concept_state_buffers
assist_09,538,full,original,1.0,0.6910693049430847,0.3695151636547097,97,,student_concept_state_buffers
assist_09,538,full,target_concept_mask,1.0,0.8114962577819824,0.20887550352058565,97,97,student_concept_state_buffers
assist_09,538,full,random_history_mask,1.0,0.6910693049430847,0.3695151636547097,97,6,student_concept_state_buffers
assist_09,591,full,original,1.0,0.41609036922454834,0.8768528085998436,"34,35,46",,student_concept_state_buffers
assist_09,591,full,target_concept_mask,1.0,0.7755166888237,0.2542257765149567,"34,35,46","34,35,46",student_concept_state_buffers
assist_09,591,full,random_history_mask,1.0,0.41609036922454834,0.8768528085998436,"34,35,46","22,29,84",student_concept_state_buffers
assist_09,630,full,original,1.0,0.9744131565093994,0.025919879952839106,37,,student_concept_state_buffers
assist_09,630,full,target_concept_mask,1.0,0.9776661396026611,0.022587037776935773,37,37,student_concept_state_buffers
assist_09,630,full,random_history_mask,1.0,0.9743426442146301,0.02599224642869397,37,79,student_concept_state_buffers
assist_09,697,full,original,1.0,0.9065068960189819,0.09815664151447674,97,,student_concept_state_buffers
assist_09,697,full,target_concept_mask,1.0,0.9121798276901245,0.09191812886033958,97,97,student_concept_state_buffers
assist_09,697,full,random_history_mask,1.0,0.9057946801185608,0.09894262100758533,97,30,student_concept_state_buffers
assist_09,698,full,original,1.0,0.8225921392440796,0.19529477921970503,36,,student_concept_state_buffers
assist_09,698,full,target_concept_mask,1.0,0.9091725945472717,0.095220329838955,36,36,student_concept_state_buffers
assist_09,698,full,random_history_mask,1.0,0.8225921392440796,0.19529477921970503,36,48,student_concept_state_buffers
assist_09,861,full,original,1.0,0.7312584519386292,0.312988322296194,53,,student_concept_state_buffers
assist_09,861,full,target_concept_mask,1.0,0.8637065887451172,0.14652216421380135,53,53,student_concept_state_buffers
assist_09,861,full,random_history_mask,1.0,0.7312584519386292,0.312988322296194,53,96,student_concept_state_buffers
assist_09,1006,full,original,0.0,0.8966913819313049,2.2700344787595186,"1,24,31",,student_concept_state_buffers
assist_09,1006,full,target_concept_mask,0.0,0.8566420078277588,1.9424103353485638,"1,24,31","1,24,31",student_concept_state_buffers
assist_09,1006,full,random_history_mask,0.0,0.8966913819313049,2.2700344787595186,"1,24,31","16,21,45",student_concept_state_buffers
assist_09,1028,full,original,0.0,0.9139513969421387,2.4528429905311873,54,,student_concept_state_buffers
assist_09,1028,full,target_concept_mask,0.0,0.9194481372833252,2.5188540446522945,54,54,student_concept_state_buffers
assist_09,1028,full,random_history_mask,0.0,0.9139513969421387,2.4528429905311873,54,56,student_concept_state_buffers
assist_09,1052,full,original,1.0,0.7917406558990479,0.23352139546561881,59,,student_concept_state_buffers
assist_09,1052,full,target_concept_mask,1.0,0.8839396238327026,0.12336651750874938,59,59,student_concept_state_buffers
assist_09,1052,full,random_history_mask,1.0,0.7917406558990479,0.23352139546561881,59,29,student_concept_state_buffers
assist_09,1138,full,original,1.0,0.3108946979045868,1.1683010160847649,"22,43",,student_concept_state_buffers
assist_09,1138,full,target_concept_mask,1.0,0.5924988389015198,0.5234063656346531,"22,43","22,43",student_concept_state_buffers
assist_09,1138,full,random_history_mask,1.0,0.3090241849422455,1.1743357367256984,"22,43","82,86",student_concept_state_buffers
assist_09,1355,full,original,1.0,0.9458521008491516,0.05566906374997154,32,,student_concept_state_buffers
assist_09,1355,full,target_concept_mask,1.0,0.9535171389579773,0.04759787931770462,32,32,student_concept_state_buffers
assist_09,1355,full,random_history_mask,1.0,0.9458521008491516,0.05566906374997154,32,6,student_concept_state_buffers
assist_09,1378,full,original,0.0,0.5787137150764465,0.8644426647080442,30,,student_concept_state_buffers
assist_09,1378,full,target_concept_mask,0.0,0.7863233089447021,1.543291195814664,30,30,student_concept_state_buffers
assist_09,1378,full,random_history_mask,0.0,0.5766916275024414,0.8596543525401648,30,33,student_concept_state_buffers
assist_09,1451,full,original,1.0,0.4699675142765045,0.7550917052274593,48,,student_concept_state_buffers
assist_09,1451,full,target_concept_mask,1.0,0.7229819893836975,0.32437096808289795,48,48,student_concept_state_buffers
assist_09,1451,full,random_history_mask,1.0,0.46923190355300903,0.7566581688771411,48,51,student_concept_state_buffers
assist_09,1533,full,original,1.0,0.9812383055686951,0.018939927848313227,55,,student_concept_state_buffers
assist_09,1533,full,target_concept_mask,1.0,0.9823556542396545,0.01780186283647448,55,55,student_concept_state_buffers
assist_09,1533,full,random_history_mask,1.0,0.9812225699424744,0.018955964474997,55,79,student_concept_state_buffers
assist_09,1653,full,original,1.0,0.6255849003791809,0.46906822626485595,49,,student_concept_state_buffers
assist_09,1653,full,target_concept_mask,1.0,0.8052908182144165,0.2165518019413827,49,49,student_concept_state_buffers
assist_09,1653,full,random_history_mask,1.0,0.625529944896698,0.4691560766851843,49,82,student_concept_state_buffers
assist_09,1680,full,original,1.0,0.5898448824882507,0.5278956876864006,30,,student_concept_state_buffers
assist_09,1680,full,target_concept_mask,1.0,0.797085702419281,0.22679307470664414,30,30,student_concept_state_buffers
assist_09,1680,full,random_history_mask,1.0,0.5780123472213745,0.548160048563227,30,32,student_concept_state_buffers
assist_09,1873,full,original,0.0,0.7503259181976318,1.3875988844310712,"15,16",,student_concept_state_buffers
assist_09,1873,full,target_concept_mask,0.0,0.7790095210075378,1.5096356598744896,"15,16","15,16",student_concept_state_buffers
assist_09,1873,full,random_history_mask,0.0,0.7503259181976318,1.3875988844310712,"15,16","1,29",student_concept_state_buffers
assist_09,2190,full,original,1.0,0.6822651028633118,0.38233698279251754,"34,35,46",,student_concept_state_buffers
assist_09,2190,full,target_concept_mask,1.0,0.6827138662338257,0.38167944388995173,"34,35,46","34,35,46",student_concept_state_buffers
assist_09,2190,full,random_history_mask,1.0,0.6818299293518066,0.38297502268855255,"34,35,46","43,82,83",student_concept_state_buffers
assist_09,2214,full,original,1.0,0.913500964641571,0.09047084718042844,"5,11",,student_concept_state_buffers
assist_09,2214,full,target_concept_mask,1.0,0.9158619046211243,0.08788968482055357,"5,11","5,11",student_concept_state_buffers
assist_09,2214,full,random_history_mask,1.0,0.913500964641571,0.09047084718042844,"5,11","4,79",student_concept_state_buffers
assist_09,2274,full,original,1.0,0.5499542951583862,0.5979201039206179,44,,student_concept_state_buffers
assist_09,2274,full,target_concept_mask,1.0,0.7042092084884644,0.3506797958223076,44,44,student_concept_state_buffers
assist_09,2274,full,random_history_mask,1.0,0.5499542951583862,0.5979201039206179,44,80,student_concept_state_buffers
assist_09,2342,full,original,1.0,0.8956060409545898,0.11025464913223987,37,,student_concept_state_buffers
assist_09,2342,full,target_concept_mask,1.0,0.9448935389518738,0.05668301502847695,37,37,student_concept_state_buffers
assist_09,2342,full,random_history_mask,1.0,0.8956060409545898,0.11025464913223987,37,17,student_concept_state_buffers
assist_09,2479,full,original,1.0,0.6015777587890625,0.5081994771278858,52,,student_concept_state_buffers
assist_09,2479,full,target_concept_mask,1.0,0.7242904901504517,0.322562737577874,52,52,student_concept_state_buffers
assist_09,2479,full,random_history_mask,1.0,0.5953330397605896,0.5186342993372337,52,98,student_concept_state_buffers
assist_09,2516,full,original,0.0,0.9263157248497009,2.607965865505839,20,,student_concept_state_buffers
assist_09,2516,full,target_concept_mask,0.0,0.9590973854064941,3.1965612914850063,20,20,student_concept_state_buffers
assist_09,2516,full,random_history_mask,0.0,0.9263157248497009,2.607965865505839,20,45,student_concept_state_buffers
assist_09,2611,full,original,1.0,0.8585318922996521,0.15253145047071584,82,,student_concept_state_buffers
assist_09,2611,full,target_concept_mask,1.0,0.9160228967666626,0.08771391815025767,82,82,student_concept_state_buffers
assist_09,2611,full,random_history_mask,1.0,0.8585318922996521,0.15253145047071584,82,18,student_concept_state_buffers
assist_09,2630,full,original,1.0,0.8112919926643372,0.20912724938905355,37,,student_concept_state_buffers
assist_09,2630,full,target_concept_mask,1.0,0.8977543115615845,0.10785884325691827,37,37,student_concept_state_buffers
assist_09,2630,full,random_history_mask,1.0,0.8112919926643372,0.20912724938905355,37,67,student_concept_state_buffers
assist_09,2634,full,original,0.0,0.6255365014076233,0.9822609478181367,30,,student_concept_state_buffers
assist_09,2634,full,target_concept_mask,0.0,0.8070787787437439,1.64547335342479,30,30,student_concept_state_buffers
assist_09,2634,full,random_history_mask,0.0,0.6255365014076233,0.9822609478181367,30,61,student_concept_state_buffers
assist_09,2654,full,original,0.0,0.700785219669342,1.206593634601068,"34,35,46",,student_concept_state_buffers
assist_09,2654,full,target_concept_mask,0.0,0.6815903186798096,1.14441641931779,"34,35,46","34,35,46",student_concept_state_buffers
assist_09,2654,full,random_history_mask,0.0,0.7007469534873962,1.2064657541026298,"34,35,46","42,61,78",student_concept_state_buffers
assist_09,2669,full,original,1.0,0.6201207637786865,0.4778410396220132,"22,43",,student_concept_state_buffers
assist_09,2669,full,target_concept_mask,1.0,0.6368013620376587,0.45129750557601833,"22,43","22,43",student_concept_state_buffers
assist_09,2669,full,random_history_mask,1.0,0.615243136882782,0.4857377447788261,"22,43","17,81",student_concept_state_buffers
assist_09,2730,full,original,0.0,0.8545089364051819,1.9276406128491042,81,,student_concept_state_buffers
assist_09,2730,full,target_concept_mask,0.0,0.9242956638336182,2.5809198392494768,81,81,student_concept_state_buffers
assist_09,2730,full,random_history_mask,0.0,0.8545089364051819,1.9276406128491042,81,53,student_concept_state_buffers
assist_09,2746,full,original,1.0,0.8673868775367737,0.1422701761979901,36,,student_concept_state_buffers
assist_09,2746,full,target_concept_mask,1.0,0.8749675750732422,0.13356845037030418,36,36,student_concept_state_buffers
assist_09,2746,full,random_history_mask,1.0,0.8636537790298462,0.14658330920273666,36,44,student_concept_state_buffers
assist_09,2947,full,original,0.0,0.6472952365875244,1.0421239362671804,49,,student_concept_state_buffers
assist_09,2947,full,target_concept_mask,0.0,0.8554843068122864,1.934367173951389,49,49,student_concept_state_buffers
assist_09,2947,full,random_history_mask,0.0,0.6472952365875244,1.0421239362671804,49,56,student_concept_state_buffers
assist_09,2992,full,original,1.0,0.540672779083252,0.6149410277060215,47,,student_concept_state_buffers
assist_09,2992,full,target_concept_mask,1.0,0.6120394468307495,0.4909585429411844,47,47,student_concept_state_buffers
assist_09,2992,full,random_history_mask,1.0,0.540672779083252,0.6149410277060215,47,45,student_concept_state_buffers
assist_09,3111,full,original,1.0,0.8548018932342529,0.15688554071244123,81,,student_concept_state_buffers
assist_09,3111,full,target_concept_mask,1.0,0.9496406316757202,0.05167164840101443,81,81,student_concept_state_buffers
assist_09,3111,full,random_history_mask,1.0,0.8548018932342529,0.15688554071244123,81,53,student_concept_state_buffers
assist_09,3172,full,original,1.0,0.7678701877593994,0.2641345864759778,9,,student_concept_state_buffers
assist_09,3172,full,target_concept_mask,1.0,0.7893440127372742,0.23655304208761246,9,9,student_concept_state_buffers
assist_09,3172,full,random_history_mask,1.0,0.7678701877593994,0.2641345864759778,9,17,student_concept_state_buffers
assist_09,3312,full,original,1.0,0.47188833355903625,0.7510129028291057,8,,student_concept_state_buffers
assist_09,3312,full,target_concept_mask,1.0,0.5679932236671448,0.5656457904956281,8,8,student_concept_state_buffers
assist_09,3312,full,random_history_mask,1.0,0.47188833355903625,0.7510129028291057,8,37,student_concept_state_buffers
assist_09,3370,full,original,1.0,0.6462787985801697,0.4365242915525056,41,,student_concept_state_buffers
assist_09,3370,full,target_concept_mask,1.0,0.82368403673172,0.1939682731769344,41,41,student_concept_state_buffers
assist_09,3370,full,random_history_mask,1.0,0.6462787985801697,0.4365242915525056,41,35,student_concept_state_buffers
assist_09,3816,full,original,1.0,0.9086858630180359,0.09575582977168243,37,,student_concept_state_buffers
assist_09,3816,full,target_concept_mask,1.0,0.9508282542228699,0.05042182767460763,37,37,student_concept_state_buffers
assist_09,3816,full,random_history_mask,1.0,0.9086858630180359,0.09575582977168243,37,24,student_concept_state_buffers
assist_09,4032,full,original,1.0,0.913906991481781,0.09002647257263394,52,,student_concept_state_buffers
assist_09,4032,full,target_concept_mask,1.0,0.9418260455131531,0.059934686518812695,52,52,student_concept_state_buffers
assist_09,4032,full,random_history_mask,1.0,0.913906991481781,0.09002647257263394,52,37,student_concept_state_buffers
assist_09,4109,full,original,1.0,0.7997214198112488,0.22349183719463528,44,,student_concept_state_buffers
assist_09,4109,full,target_concept_mask,1.0,0.8067415952682495,0.2147518661170396,44,44,student_concept_state_buffers
assist_09,4109,full,random_history_mask,1.0,0.7997214198112488,0.22349183719463528,44,38,student_concept_state_buffers
assist_09,4223,full,original,1.0,0.9169464111328125,0.08670624776503676,81,,student_concept_state_buffers
assist_09,4223,full,target_concept_mask,1.0,0.9514360427856445,0.04978281175614397,81,81,student_concept_state_buffers
assist_09,4223,full,random_history_mask,1.0,0.9169464111328125,0.08670624776503676,81,89,student_concept_state_buffers
assist_09,4234,full,original,0.0,0.8254295587539673,1.745426944032027,99,,student_concept_state_buffers
assist_09,4234,full,target_concept_mask,0.0,0.9144374132156372,2.4585071616536296,99,99,student_concept_state_buffers
assist_09,4234,full,random_history_mask,0.0,0.8254295587539673,1.745426944032027,99,33,student_concept_state_buffers
assist_09,4263,full,original,0.0,0.7342599630355835,1.3252367527190507,98,,student_concept_state_buffers
assist_09,4263,full,target_concept_mask,0.0,0.8632903695106506,1.9898960879213465,98,98,student_concept_state_buffers
assist_09,4263,full,random_history_mask,0.0,0.7342599630355835,1.3252367527190507,98,87,student_concept_state_buffers
assist_09,4540,full,original,1.0,0.9099141955375671,0.0944049745349392,56,,student_concept_state_buffers
assist_09,4540,full,target_concept_mask,1.0,0.9224888682365417,0.08067997009251932,56,56,student_concept_state_buffers
assist_09,4540,full,random_history_mask,1.0,0.9059039354324341,0.09882201009242766,56,79,student_concept_state_buffers
assist_09,4579,full,original,1.0,0.884641170501709,0.1225731732543624,79,,student_concept_state_buffers
assist_09,4579,full,target_concept_mask,1.0,0.8927047252655029,0.11349940758185818,79,79,student_concept_state_buffers
assist_09,4579,full,random_history_mask,1.0,0.884641170501709,0.1225731732543624,79,45,student_concept_state_buffers
assist_09,4606,full,original,1.0,0.3125976324081421,1.1628384348937495,30,,student_concept_state_buffers
assist_09,4606,full,target_concept_mask,1.0,0.6391534805297852,0.4476106648227594,30,30,student_concept_state_buffers
assist_09,4606,full,random_history_mask,1.0,0.3123442530632019,1.1636493242411103,30,33,student_concept_state_buffers
assist_09,4717,full,original,1.0,0.19329997897148132,1.6435120015548141,51,,student_concept_state_buffers
assist_09,4717,full,target_concept_mask,1.0,0.3012426793575287,1.1998390953604152,51,51,student_concept_state_buffers
assist_09,4717,full,random_history_mask,1.0,0.19329997897148132,1.6435120015548141,51,60,student_concept_state_buffers
assist_09,4871,full,original,0.0,0.5889738202095032,0.8890983687274234,7,,student_concept_state_buffers
assist_09,4871,full,target_concept_mask,0.0,0.7472801208496094,1.3754736006840902,7,7,student_concept_state_buffers
assist_09,4871,full,random_history_mask,0.0,0.5889738202095032,0.8890983687274234,7,6,student_concept_state_buffers
assist_09,4884,full,original,0.0,0.33024173974990845,0.40083843730000385,51,,student_concept_state_buffers
assist_09,4884,full,target_concept_mask,0.0,0.688169538974762,1.1652956330146396,51,51,student_concept_state_buffers
assist_09,4884,full,random_history_mask,0.0,0.3281404376029968,0.39770594482756605,51,1,student_concept_state_buffers
assist_09,4904,full,original,1.0,0.4582644999027252,0.7803087508584431,30,,student_concept_state_buffers
assist_09,4904,full,target_concept_mask,1.0,0.7802315354347229,0.24816456304593829,30,30,student_concept_state_buffers
assist_09,4904,full,random_history_mask,1.0,0.4334752559661865,0.8359205640534226,30,48,student_concept_state_buffers
assist_09,4980,full,original,1.0,0.8407080769538879,0.17351079347192092,98,,student_concept_state_buffers
assist_09,4980,full,target_concept_mask,1.0,0.9377135038375854,0.06431080963904466,98,98,student_concept_state_buffers
assist_09,4980,full,random_history_mask,1.0,0.8407080769538879,0.17351079347192092,98,40,student_concept_state_buffers
assist_09,5235,full,original,1.0,0.7148510813713074,0.3356810357833303,60,,student_concept_state_buffers
assist_09,5235,full,target_concept_mask,1.0,0.8028827905654907,0.2195465401157561,60,60,student_concept_state_buffers
assist_09,5235,full,random_history_mask,1.0,0.7148510813713074,0.3356810357833303,60,104,student_concept_state_buffers
assist_09,5497,full,original,0.0,0.6222313642501831,0.9734733454926948,48,,student_concept_state_buffers
assist_09,5497,full,target_concept_mask,0.0,0.7819005846977234,1.522804286648039,48,48,student_concept_state_buffers
assist_09,5497,full,random_history_mask,0.0,0.6207345724105835,0.9695189823734455,48,98,student_concept_state_buffers
assist_09,5544,full,original,1.0,0.9240840077400208,0.07895229400564042,99,,student_concept_state_buffers
assist_09,5544,full,target_concept_mask,1.0,0.9798858761787415,0.020319166977517657,99,99,student_concept_state_buffers
assist_09,5544,full,random_history_mask,1.0,0.9240840077400208,0.07895229400564042,99,47,student_concept_state_buffers
assist_09,5561,full,original,1.0,0.5263834595680237,0.6417253212579725,98,,student_concept_state_buffers
assist_09,5561,full,target_concept_mask,1.0,0.7421373128890991,0.29822099513381906,98,98,student_concept_state_buffers
assist_09,5561,full,random_history_mask,1.0,0.5263834595680237,0.6417253212579725,98,45,student_concept_state_buffers
assist_09,5630,full,original,1.0,0.933761715888977,0.06853399547703531,46,,student_concept_state_buffers
assist_09,5630,full,target_concept_mask,1.0,0.967944324016571,0.0325807098715048,46,46,student_concept_state_buffers
assist_09,5630,full,random_history_mask,1.0,0.933761715888977,0.06853399547703531,46,68,student_concept_state_buffers
assist_09,5725,full,original,1.0,0.6460608839988708,0.4368615319642977,98,,student_concept_state_buffers
assist_09,5725,full,target_concept_mask,1.0,0.8419458866119385,0.17203953448684955,98,98,student_concept_state_buffers
assist_09,5725,full,random_history_mask,1.0,0.6460608839988708,0.4368615319642977,98,76,student_concept_state_buffers
assist_09,5728,full,original,0.0,0.6674428582191467,1.1009435786715938,42,,student_concept_state_buffers
assist_09,5728,full,target_concept_mask,0.0,0.8510653972625732,1.9042479771874055,42,42,student_concept_state_buffers
assist_09,5728,full,random_history_mask,0.0,0.6674428582191467,1.1009435786715938,42,63,student_concept_state_buffers
assist_09,5810,full,original,1.0,0.9416302442550659,0.060142603484931,98,,student_concept_state_buffers
assist_09,5810,full,target_concept_mask,1.0,0.9777687788009644,0.022482059393424778,98,98,student_concept_state_buffers
assist_09,5810,full,random_history_mask,1.0,0.9413543343544006,0.06043565941940251,98,30,student_concept_state_buffers
assist_09,5847,full,original,1.0,0.805230438709259,0.2166267832617797,56,,student_concept_state_buffers
assist_09,5847,full,target_concept_mask,1.0,0.8316897749900818,0.18429577429142263,56,56,student_concept_state_buffers
assist_09,5847,full,random_history_mask,1.0,0.805230438709259,0.2166267832617797,56,48,student_concept_state_buffers
assist_09,5906,full,original,1.0,0.8483344316482544,0.16448034399268444,46,,student_concept_state_buffers
assist_09,5906,full,target_concept_mask,1.0,0.937546968460083,0.06448842270176355,46,46,student_concept_state_buffers
assist_09,5906,full,random_history_mask,1.0,0.8483344316482544,0.16448034399268444,46,74,student_concept_state_buffers
assist_09,5982,full,original,0.0,0.29283425211906433,0.3464902022579184,70,,student_concept_state_buffers
assist_09,5982,full,target_concept_mask,0.0,0.5213661789894104,0.7368194394551294,70,70,student_concept_state_buffers
assist_09,5982,full,random_history_mask,0.0,0.29283425211906433,0.3464902022579184,70,47,student_concept_state_buffers
assist_09,6056,full,original,1.0,0.5298639535903931,0.6351349967257112,98,,student_concept_state_buffers
assist_09,6056,full,target_concept_mask,1.0,0.7916375398635864,0.2336516436095975,98,98,student_concept_state_buffers
assist_09,6056,full,random_history_mask,1.0,0.5249127745628357,0.6445231738837418,98,32,student_concept_state_buffers
assist_09,6173,full,original,1.0,0.8067848086357117,0.21469830223687264,"32,33",,student_concept_state_buffers
assist_09,6173,full,target_concept_mask,1.0,0.8677440285682678,0.1418585057755667,"32,33","32,33",student_concept_state_buffers
assist_09,6173,full,random_history_mask,1.0,0.8067848086357117,0.21469830223687264,"32,33","38,66",student_concept_state_buffers
assist_09,6250,full,original,0.0,0.7146180272102356,1.253926740651389,30,,student_concept_state_buffers
assist_09,6250,full,target_concept_mask,0.0,0.8397324681282043,1.8309107859093223,30,30,student_concept_state_buffers
assist_09,6250,full,random_history_mask,0.0,0.7146180272102356,1.253926740651389,30,3,student_concept_state_buffers
assist_09,6424,full,original,1.0,0.8983630537986755,0.10718100084846607,30,,student_concept_state_buffers
assist_09,6424,full,target_concept_mask,1.0,0.90889972448349,0.09552050498927699,30,30,student_concept_state_buffers
assist_09,6424,full,random_history_mask,1.0,0.8983630537986755,0.10718100084846607,30,121,student_concept_state_buffers
assist_09,6614,full,original,1.0,0.7474484443664551,0.2910899468431042,59,,student_concept_state_buffers
assist_09,6614,full,target_concept_mask,1.0,0.768971860408783,0.26270090259232903,59,59,student_concept_state_buffers
assist_09,6614,full,random_history_mask,1.0,0.7474484443664551,0.2910899468431042,59,80,student_concept_state_buffers
assist_09,6616,full,original,1.0,0.6572639346122742,0.4196696142088757,33,,student_concept_state_buffers
assist_09,6616,full,target_concept_mask,1.0,0.8993875980377197,0.10604119389145768,33,33,student_concept_state_buffers
assist_09,6616,full,random_history_mask,1.0,0.6572639346122742,0.4196696142088757,33,63,student_concept_state_buffers
assist_09,6664,full,original,1.0,0.5600166320800781,0.579788795550986,98,,student_concept_state_buffers
assist_09,6664,full,target_concept_mask,1.0,0.7819675207138062,0.24594207291342904,98,98,student_concept_state_buffers
assist_09,6664,full,random_history_mask,1.0,0.5600166320800781,0.579788795550986,98,47,student_concept_state_buffers
assist_09,6716,full,original,1.0,0.9633423686027527,0.03734640741534543,46,,student_concept_state_buffers
assist_09,6716,full,target_concept_mask,1.0,0.9693390727043152,0.031140808067685453,46,46,student_concept_state_buffers
assist_09,6716,full,random_history_mask,1.0,0.9633423686027527,0.03734640741534543,46,30,student_concept_state_buffers
assist_09,6755,full,original,0.0,0.35225579142570496,0.43425940041463046,98,,student_concept_state_buffers
assist_09,6755,full,target_concept_mask,0.0,0.695765495300293,1.189956477911182,98,98,student_concept_state_buffers
assist_09,6755,full,random_history_mask,0.0,0.35225579142570496,0.43425940041463046,98,37,student_concept_state_buffers
assist_09,6863,full,original,1.0,0.34139934182167053,1.0747023965039406,98,,student_concept_state_buffers
assist_09,6863,full,target_concept_mask,1.0,0.8079309463500977,0.21327868655116186,98,98,student_concept_state_buffers
assist_09,6863,full,random_history_mask,1.0,0.34139934182167053,1.0747023965039406,98,56,student_concept_state_buffers
assist_09,6887,full,original,1.0,0.7312262058258057,0.3130324200071102,42,,student_concept_state_buffers
assist_09,6887,full,target_concept_mask,1.0,0.8144229650497437,0.20527543484850516,42,42,student_concept_state_buffers
assist_09,6887,full,random_history_mask,1.0,0.7312262058258057,0.3130324200071102,42,45,student_concept_state_buffers
assist_09,7149,full,original,1.0,0.8045200109481812,0.21750943908877757,44,,student_concept_state_buffers
assist_09,7149,full,target_concept_mask,1.0,0.8176352977752686,0.20133888803887956,44,44,student_concept_state_buffers
assist_09,7149,full,random_history_mask,1.0,0.8045200109481812,0.21750943908877757,44,45,student_concept_state_buffers
assist_09,7325,full,original,1.0,0.897016704082489,0.10868079493119172,119,,student_concept_state_buffers
assist_09,7325,full,target_concept_mask,1.0,0.9212021827697754,0.08207574155320421,119,119,student_concept_state_buffers
assist_09,7325,full,random_history_mask,1.0,0.897016704082489,0.10868079493119172,119,18,student_concept_state_buffers
assist_09,7636,full,original,0.0,0.7862063646316528,1.5427440499252865,"58,104",,student_concept_state_buffers
assist_09,7636,full,target_concept_mask,0.0,0.8765326142311096,2.0917782406331122,"58,104","58,104",student_concept_state_buffers
assist_09,7636,full,random_history_mask,0.0,0.7861924767494202,1.5426790927475165,"58,104","8,79",student_concept_state_buffers
assist_09,7671,full,original,0.0,0.6781620383262634,1.1337070847134547,49,,student_concept_state_buffers
assist_09,7671,full,target_concept_mask,0.0,0.8669291138648987,2.016873314283547,49,49,student_concept_state_buffers
assist_09,7671,full,random_history_mask,0.0,0.6781620383262634,1.1337070847134547,49,6,student_concept_state_buffers
assist_09,7677,full,original,1.0,0.9088165760040283,0.09561199174053445,33,,student_concept_state_buffers
assist_09,7677,full,target_concept_mask,1.0,0.9451895356178284,0.056369804807871425,33,33,student_concept_state_buffers
assist_09,7677,full,random_history_mask,1.0,0.9088165760040283,0.09561199174053445,33,47,student_concept_state_buffers
assist_09,8359,full,original,0.0,0.9359561204910278,2.7481868132229605,90,,student_concept_state_buffers
assist_09,8359,full,target_concept_mask,0.0,0.9404804706573486,2.8214507960381057,90,90,student_concept_state_buffers
assist_09,8359,full,random_history_mask,0.0,0.9344785213470459,2.725377271728696,90,88,student_concept_state_buffers
assist_09,8395,full,original,1.0,0.8870923519134521,0.11980618494079122,94,,student_concept_state_buffers
assist_09,8395,full,target_concept_mask,1.0,0.9013654589653015,0.10384448877940529,94,94,student_concept_state_buffers
assist_09,8395,full,random_history_mask,1.0,0.8860034346580505,0.12103445179534823,94,88,student_concept_state_buffers
assist_09,8397,full,original,0.0,0.8992000222206116,2.2946171437874683,99,,student_concept_state_buffers
assist_09,8397,full,target_concept_mask,0.0,0.953549325466156,3.0693642921088053,99,99,student_concept_state_buffers
assist_09,8397,full,random_history_mask,0.0,0.8983924984931946,2.2866379128349315,99,7,student_concept_state_buffers
assist_09,8472,full,original,1.0,0.8446832895278931,0.16879352717445675,94,,student_concept_state_buffers
assist_09,8472,full,target_concept_mask,1.0,0.9128763675689697,0.09115482095291856,94,94,student_concept_state_buffers
assist_09,8472,full,random_history_mask,1.0,0.8442975878715515,0.16925025426735338,94,101,student_concept_state_buffers
assist_09,8740,full,original,1.0,0.6336140632629395,0.4563152429218372,86,,student_concept_state_buffers
assist_09,8740,full,target_concept_mask,1.0,0.6925950050354004,0.3673098589436614,86,86,student_concept_state_buffers
assist_09,8740,full,random_history_mask,1.0,0.6336140632629395,0.4563152429218372,86,41,student_concept_state_buffers
assist_09,8916,full,original,1.0,0.35955333709716797,1.0228927481607046,75,,student_concept_state_buffers
assist_09,8916,full,target_concept_mask,1.0,0.693726122379303,0.36567803270580806,75,75,student_concept_state_buffers
assist_09,8916,full,random_history_mask,1.0,0.36794936656951904,0.9998099411233928,75,32,student_concept_state_buffers
assist_09,8950,full,original,1.0,0.9522371888160706,0.04894112730691898,55,,student_concept_state_buffers
assist_09,8950,full,target_concept_mask,1.0,0.9709874391555786,0.029441746762558334,55,55,student_concept_state_buffers
assist_09,8950,full,random_history_mask,1.0,0.9522525668144226,0.04892497810127802,55,32,student_concept_state_buffers
assist_09,9075,full,original,1.0,0.5961081385612488,0.5173331878361231,97,,student_concept_state_buffers
assist_09,9075,full,target_concept_mask,1.0,0.6085683107376099,0.49664611198826847,97,97,student_concept_state_buffers
assist_09,9075,full,random_history_mask,1.0,0.5898418426513672,0.5279008413205286,97,98,student_concept_state_buffers
assist_09,9096,full,original,1.0,0.7071861624717712,0.3464613344907275,"45,55",,student_concept_state_buffers
assist_09,9096,full,target_concept_mask,1.0,0.7020198106765747,0.35379365501751114,"45,55","45,55",student_concept_state_buffers
assist_09,9096,full,random_history_mask,1.0,0.7069411873817444,0.34680780271016026,"45,55","30,70",student_concept_state_buffers
assist_09,9141,full,original,0.0,0.20856425166130066,0.23390658003924208,33,,student_concept_state_buffers
assist_09,9141,full,target_concept_mask,0.0,0.6275765299797058,0.9877237118801335,33,33,student_concept_state_buffers
assist_09,9141,full,random_history_mask,0.0,0.20856425166130066,0.23390658003924208,33,68,student_concept_state_buffers
assist_09,9319,full,original,1.0,0.8136336803436279,0.20624503841873099,80,,student_concept_state_buffers
assist_09,9319,full,target_concept_mask,1.0,0.8207338452339172,0.1975564057257124,80,80,student_concept_state_buffers
assist_09,9319,full,random_history_mask,1.0,0.8082191944122314,0.21292197703770754,80,38,student_concept_state_buffers
assist_09,9502,full,original,1.0,0.8736864924430847,0.13503367197490737,82,,student_concept_state_buffers
assist_09,9502,full,target_concept_mask,1.0,0.9175432324409485,0.08605558033686903,82,82,student_concept_state_buffers
assist_09,9502,full,random_history_mask,1.0,0.869596540927887,0.13972592095686776,82,80,student_concept_state_buffers
assist_09,9560,full,original,1.0,0.27243441343307495,1.300357378497303,7,,student_concept_state_buffers
assist_09,9560,full,target_concept_mask,1.0,0.6338592171669006,0.45592840414455715,7,7,student_concept_state_buffers
assist_09,9560,full,random_history_mask,1.0,0.2500392198562622,1.386137493999132,7,44,student_concept_state_buffers
assist_09,9648,full,original,0.0,0.641815721988678,1.0267076819678096,"7,44",,student_concept_state_buffers
assist_09,9648,full,target_concept_mask,0.0,0.7688887119293213,1.464855917932849,"7,44","7,44",student_concept_state_buffers
assist_09,9648,full,random_history_mask,0.0,0.6422111988067627,1.0278124074659936,"7,44","9,31",student_concept_state_buffers
assist_09,9801,full,original,0.0,0.13489747047424316,0.14490724783088102,30,,student_concept_state_buffers
assist_09,9801,full,target_concept_mask,0.0,0.33904165029525757,0.4140644521524278,30,30,student_concept_state_buffers
assist_09,9801,full,random_history_mask,0.0,0.13489747047424316,0.14490724783088102,30,11,student_concept_state_buffers
assist_09,9822,full,original,0.0,0.5228925347328186,0.7400135194075148,"7,44",,student_concept_state_buffers
assist_09,9822,full,target_concept_mask,0.0,0.7558271288871765,1.4098788163808873,"7,44","7,44",student_concept_state_buffers
assist_09,9822,full,random_history_mask,0.0,0.5240533351898193,0.7424494797467515,"7,44","8,48",student_concept_state_buffers
assist_09,9930,full,original,0.0,0.26798492670059204,0.31195417329375463,30,,student_concept_state_buffers
assist_09,9930,full,target_concept_mask,0.0,0.7841715812683105,1.533271544690909,30,30,student_concept_state_buffers
assist_09,9930,full,random_history_mask,0.0,0.2558445632457733,0.295505345601282,30,48,student_concept_state_buffers
assist_09,9987,full,original,1.0,0.509172797203064,0.6749678363436308,30,,student_concept_state_buffers
assist_09,9987,full,target_concept_mask,1.0,0.6181543469429016,0.4810171003725765,30,30,student_concept_state_buffers
assist_09,9987,full,random_history_mask,1.0,0.509172797203064,0.6749678363436308,30,17,student_concept_state_buffers
assist_09,9994,full,original,1.0,0.7568684220314026,0.2785658556702314,99,,student_concept_state_buffers
assist_09,9994,full,target_concept_mask,1.0,0.9221175909042358,0.08108252461625513,99,99,student_concept_state_buffers
assist_09,9994,full,random_history_mask,1.0,0.7568684220314026,0.2785658556702314,99,89,student_concept_state_buffers
assist_09,10018,full,original,0.0,0.45800265669822693,0.6124941792117493,30,,student_concept_state_buffers
assist_09,10018,full,target_concept_mask,0.0,0.7526169419288635,1.3968173012750869,30,30,student_concept_state_buffers
assist_09,10018,full,random_history_mask,0.0,0.45800265669822693,0.6124941792117493,30,31,student_concept_state_buffers
assist_09,10062,full,original,1.0,0.9804642796516418,0.019729064757294943,30,,student_concept_state_buffers
assist_09,10062,full,target_concept_mask,1.0,0.9894284605979919,0.010627815089824617,30,30,student_concept_state_buffers
assist_09,10062,full,random_history_mask,1.0,0.9804642796516418,0.019729064757294943,30,31,student_concept_state_buffers
assist_09,10101,full,original,0.0,0.2217271327972412,0.250678087242413,51,,student_concept_state_buffers
assist_09,10101,full,target_concept_mask,0.0,0.5095648765563965,0.712462274894684,51,51,student_concept_state_buffers
assist_09,10101,full,random_history_mask,0.0,0.2217271327972412,0.250678087242413,51,24,student_concept_state_buffers
assist_09,10126,full,original,0.0,0.31468144059181213,0.3778714985913252,"1,24,44",,student_concept_state_buffers
assist_09,10126,full,target_concept_mask,0.0,0.6922480463981628,1.178461165922005,"1,24,44","1,24,44",student_concept_state_buffers
assist_09,10126,full,random_history_mask,0.0,0.3115974962711334,0.37338157762512236,"1,24,44","31,47,60",student_concept_state_buffers
assist_09,10258,full,original,1.0,0.34752291440963745,1.0569246754041275,47,,student_concept_state_buffers
assist_09,10258,full,target_concept_mask,1.0,0.5474262833595276,0.6025274686222678,47,47,student_concept_state_buffers
assist_09,10258,full,random_history_mask,1.0,0.3397691249847412,1.0794889361893656,47,32,student_concept_state_buffers
assist_09,10280,full,original,0.0,0.9140167236328125,2.4536024624852484,30,,student_concept_state_buffers
assist_09,10280,full,target_concept_mask,0.0,0.9615541696548462,3.2585050324699805,30,30,student_concept_state_buffers
assist_09,10280,full,random_history_mask,0.0,0.9071676135063171,2.376959707684837,30,32,student_concept_state_buffers
assist_09,10459,full,original,1.0,0.899700939655304,0.10569286015002398,98,,student_concept_state_buffers
assist_09,10459,full,target_concept_mask,1.0,0.9528534412384033,0.04829417389262451,98,98,student_concept_state_buffers
assist_09,10459,full,random_history_mask,1.0,0.899700939655304,0.10569286015002398,98,1,student_concept_state_buffers
assist_09,10482,full,original,1.0,0.8590483665466309,0.15193005294080691,"0,11",,student_concept_state_buffers
assist_09,10482,full,target_concept_mask,1.0,0.902146577835083,0.10297826897861136,"0,11","0,11",student_concept_state_buffers
assist_09,10482,full,random_history_mask,1.0,0.8588945269584656,0.1521091503824717,"0,11","12,99",student_concept_state_buffers
assist_09,10651,full,original,1.0,0.956980288028717,0.0439724854124598,"5,10",,student_concept_state_buffers
assist_09,10651,full,target_concept_mask,1.0,0.9492258429527283,0.052108528755827666,"5,10","5,10",student_concept_state_buffers
assist_09,10651,full,random_history_mask,1.0,0.956980288028717,0.0439724854124598,"5,10","47,94",student_concept_state_buffers
assist_09,10654,full,original,1.0,0.9509077668190002,0.050338206609121215,"32,33",,student_concept_state_buffers
assist_09,10654,full,target_concept_mask,1.0,0.9274236559867859,0.07534479949287638,"32,33","32,33",student_concept_state_buffers
assist_09,10654,full,random_history_mask,1.0,0.9509077668190002,0.050338206609121215,"32,33","8,57",student_concept_state_buffers
assist_09,10749,full,original,1.0,0.9237354397773743,0.07932956892527535,33,,student_concept_state_buffers
assist_09,10749,full,target_concept_mask,1.0,0.9527034163475037,0.048451634312251864,33,33,student_concept_state_buffers
assist_09,10749,full,random_history_mask,1.0,0.9236257076263428,0.07944836773331,33,82,student_concept_state_buffers
assist_09,10761,full,original,1.0,0.9330891966819763,0.06925448068725122,82,,student_concept_state_buffers
assist_09,10761,full,target_concept_mask,1.0,0.959770917892456,0.04106065019161278,82,82,student_concept_state_buffers
assist_09,10761,full,random_history_mask,1.0,0.9330891966819763,0.06925448068725122,82,51,student_concept_state_buffers
assist_09,10799,full,original,1.0,0.9653797149658203,0.03523376802765022,"6,10",,student_concept_state_buffers
assist_09,10799,full,target_concept_mask,1.0,0.9790067076683044,0.021216784924225667,"6,10","6,10",student_concept_state_buffers
assist_09,10799,full,random_history_mask,1.0,0.9653664827346802,0.035247474884777384,"6,10","1,33",student_concept_state_buffers
assist_09,10804,full,original,1.0,0.9110066294670105,0.09320510461692202,49,,student_concept_state_buffers
assist_09,10804,full,target_concept_mask,1.0,0.9355082511901855,0.06666531322117536,49,49,student_concept_state_buffers
assist_09,10804,full,random_history_mask,1.0,0.9110066294670105,0.09320510461692202,49,16,student_concept_state_buffers
assist_09,10986,full,original,0.0,0.8807570934295654,2.1265926346689943,"6,8",,student_concept_state_buffers
assist_09,10986,full,target_concept_mask,0.0,0.8970476388931274,2.2734889112703827,"6,8","6,8",student_concept_state_buffers
assist_09,10986,full,random_history_mask,0.0,0.8807570934295654,2.1265926346689943,"6,8","25,82",student_concept_state_buffers
assist_09,11023,full,original,1.0,0.9522688984870911,0.048907827680065755,14,,student_concept_state_buffers
assist_09,11023,full,target_concept_mask,1.0,0.9678695797920227,0.032657932402491305,14,14,student_concept_state_buffers
assist_09,11023,full,random_history_mask,1.0,0.9522688984870911,0.048907827680065755,14,66,student_concept_state_buffers
assist_09,11233,full,original,1.0,0.4113468527793884,0.8883184963521285,106,,student_concept_state_buffers
assist_09,11233,full,target_concept_mask,1.0,0.650999903678894,0.4292457847322669,106,106,student_concept_state_buffers
assist_09,11233,full,random_history_mask,1.0,0.4113468527793884,0.8883184963521285,106,38,student_concept_state_buffers
assist_09,11574,full,original,0.0,0.840201735496521,1.8338431061377298,25,,student_concept_state_buffers
assist_09,11574,full,target_concept_mask,0.0,0.8958684206008911,2.2620999929849286,25,25,student_concept_state_buffers
assist_09,11574,full,random_history_mask,0.0,0.840201735496521,1.8338431061377298,25,59,student_concept_state_buffers
assist_09,12285,full,original,1.0,0.8906466364860535,0.11580752222183056,49,,student_concept_state_buffers
assist_09,12285,full,target_concept_mask,1.0,0.9180224537849426,0.08553342920005251,49,49,student_concept_state_buffers
assist_09,12285,full,random_history_mask,1.0,0.8906466364860535,0.11580752222183056,49,25,student_concept_state_buffers
assist_09,12311,full,original,1.0,0.9545798301696777,0.04648400372461947,"32,33",,student_concept_state_buffers
assist_09,12311,full,target_concept_mask,1.0,0.9336196184158325,0.06868618450324906,"32,33","32,33",student_concept_state_buffers
assist_09,12311,full,random_history_mask,1.0,0.9545668959617615,0.04649755345103853,"32,33","12,44",student_concept_state_buffers
assist_09,12388,full,original,1.0,0.8502508401870728,0.16222386693057742,20,,student_concept_state_buffers
assist_09,12388,full,target_concept_mask,1.0,0.9170845150947571,0.08655564620185628,20,20,student_concept_state_buffers
assist_09,12388,full,random_history_mask,1.0,0.8351300954818726,0.18016776329500167,20,29,student_concept_state_buffers
assist_09,12562,full,original,1.0,0.8718104362487793,0.13718326832866606,29,,student_concept_state_buffers
assist_09,12562,full,target_concept_mask,1.0,0.9436351656913757,0.05801566455997587,29,29,student_concept_state_buffers
assist_09,12562,full,random_history_mask,1.0,0.8718104362487793,0.13718326832866606,29,66,student_concept_state_buffers
assist_09,12597,full,original,1.0,0.5696859359741211,0.5626700595231333,20,,student_concept_state_buffers
assist_09,12597,full,target_concept_mask,1.0,0.8763106465339661,0.132034631577308,20,20,student_concept_state_buffers
assist_09,12597,full,random_history_mask,1.0,0.5696859359741211,0.5626700595231333,20,92,student_concept_state_buffers
assist_09,13036,full,original,0.0,0.42372122406959534,0.551163749379403,30,,student_concept_state_buffers
assist_09,13036,full,target_concept_mask,0.0,0.7695186138153076,1.4675851738856458,30,30,student_concept_state_buffers
assist_09,13036,full,random_history_mask,0.0,0.42372122406959534,0.551163749379403,30,51,student_concept_state_buffers
assist_09,13046,full,original,0.0,0.3342322111129761,0.40681433457443716,30,,student_concept_state_buffers
assist_09,13046,full,target_concept_mask,0.0,0.6737391948699951,1.1200582017212328,30,30,student_concept_state_buffers
assist_09,13046,full,random_history_mask,0.0,0.3342322111129761,0.40681433457443716,30,60,student_concept_state_buffers
assist_09,13148,full,original,1.0,0.8748462796211243,0.13370708849113835,99,,student_concept_state_buffers
assist_09,13148,full,target_concept_mask,1.0,0.9778090119361877,0.02244091233661156,99,99,student_concept_state_buffers
assist_09,13148,full,random_history_mask,1.0,0.8748462796211243,0.13370708849113835,99,119,student_concept_state_buffers
assist_09,13286,full,original,0.0,0.7829270362854004,1.5275217436409847,2,,student_concept_state_buffers
assist_09,13286,full,target_concept_mask,0.0,0.9109950065612793,2.4190628047708413,2,2,student_concept_state_buffers
assist_09,13286,full,random_history_mask,0.0,0.7829270362854004,1.5275217436409847,2,18,student_concept_state_buffers
assist_09,13304,full,original,1.0,0.5461395382881165,0.6048807712580594,0,,student_concept_state_buffers
assist_09,13304,full,target_concept_mask,1.0,0.9114182591438293,0.09275336618161933,0,0,student_concept_state_buffers
assist_09,13304,full,random_history_mask,1.0,0.5461395382881165,0.6048807712580594,0,55,student_concept_state_buffers
assist_09,13311,full,original,1.0,0.8918286561965942,0.11448125431937356,55,,student_concept_state_buffers
assist_09,13311,full,target_concept_mask,1.0,0.9655497074127197,0.03505769484199314,55,55,student_concept_state_buffers
assist_09,13311,full,random_history_mask,1.0,0.8914486169815063,0.11490747992832108,55,79,student_concept_state_buffers
assist_09,13383,full,original,0.0,0.6306325197219849,0.9959632489903809,"45,58",,student_concept_state_buffers
assist_09,13383,full,target_concept_mask,0.0,0.6293914318084717,0.9926088456152746,"45,58","45,58",student_concept_state_buffers
assist_09,13383,full,random_history_mask,0.0,0.6304695010185242,0.9955220007783637,"45,58","11,96",student_concept_state_buffers
assist_09,13529,full,original,1.0,0.8119286298751831,0.20834283692576971,49,,student_concept_state_buffers
assist_09,13529,full,target_concept_mask,1.0,0.9252416491508484,0.07770033326230472,49,49,student_concept_state_buffers
assist_09,13529,full,random_history_mask,1.0,0.8119286298751831,0.20834283692576971,49,83,student_concept_state_buffers
assist_09,13530,full,original,1.0,0.9242896437644958,0.07872978918346217,2,,student_concept_state_buffers
assist_09,13530,full,target_concept_mask,1.0,0.9318772554397583,0.07055417314170818,2,2,student_concept_state_buffers
assist_09,13530,full,random_history_mask,1.0,0.9242896437644958,0.07872978918346217,2,10,student_concept_state_buffers
assist_09,13539,full,original,1.0,0.9539937376976013,0.047098171813674906,98,,student_concept_state_buffers
assist_09,13539,full,target_concept_mask,1.0,0.9810590147972107,0.019122663430859763,98,98,student_concept_state_buffers
assist_09,13539,full,random_history_mask,1.0,0.9539937376976013,0.047098171813674906,98,49,student_concept_state_buffers
assist_09,13545,full,original,1.0,0.8634864687919617,0.14677705170699348,20,,student_concept_state_buffers
assist_09,13545,full,target_concept_mask,1.0,0.967536449432373,0.033002180955931035,20,20,student_concept_state_buffers
assist_09,13545,full,random_history_mask,1.0,0.8634864687919617,0.14677705170699348,20,104,student_concept_state_buffers
assist_09,13653,full,original,0.0,0.9273768067359924,2.6224709417235412,29,,student_concept_state_buffers
assist_09,13653,full,target_concept_mask,0.0,0.9661096334457397,3.384624477421072,29,29,student_concept_state_buffers
assist_09,13653,full,random_history_mask,0.0,0.9273768067359924,2.6224709417235412,29,45,student_concept_state_buffers
assist_09,13671,full,original,1.0,0.6889474391937256,0.3725902965188323,9,,student_concept_state_buffers
assist_09,13671,full,target_concept_mask,1.0,0.8228731155395508,0.19495326328992738,9,9,student_concept_state_buffers
assist_09,13671,full,random_history_mask,1.0,0.6889474391937256,0.3725902965188323,9,57,student_concept_state_buffers
assist_09,13680,full,original,1.0,0.8221908807754517,0.19578269582840585,89,,student_concept_state_buffers
assist_09,13680,full,target_concept_mask,1.0,0.9280115365982056,0.07471111459410834,89,89,student_concept_state_buffers
assist_09,13680,full,random_history_mask,1.0,0.8221908807754517,0.19578269582840585,89,49,student_concept_state_buffers
assist_09,13693,full,original,0.0,0.9393652677536011,2.8028874107089927,14,,student_concept_state_buffers
assist_09,13693,full,target_concept_mask,0.0,0.9481114745140076,2.9586576021559283,14,14,student_concept_state_buffers
assist_09,13693,full,random_history_mask,0.0,0.9381510615348816,2.783060343344793,14,29,student_concept_state_buffers
assist_09,13854,full,original,0.0,0.7430271506309509,1.3587848441460966,58,,student_concept_state_buffers
assist_09,13854,full,target_concept_mask,0.0,0.8848549127578735,2.161562317610583,58,58,student_concept_state_buffers
assist_09,13854,full,random_history_mask,0.0,0.7430271506309509,1.3587848441460966,58,60,student_concept_state_buffers
assist_09,13857,full,original,1.0,0.9558674693107605,0.04513600596889653,98,,student_concept_state_buffers
assist_09,13857,full,target_concept_mask,1.0,0.9812136888504028,0.01896501556344056,98,98,student_concept_state_buffers
assist_09,13857,full,random_history_mask,1.0,0.9558674693107605,0.04513600596889653,98,42,student_concept_state_buffers
assist_09,13899,full,original,0.0,0.22671496868133545,0.2571075644422939,106,,student_concept_state_buffers
assist_09,13899,full,target_concept_mask,0.0,0.5542798638343811,0.8080640213074611,106,106,student_concept_state_buffers
assist_09,13899,full,random_history_mask,0.0,0.22671496868133545,0.2571075644422939,106,82,student_concept_state_buffers
assist_09,14022,full,original,0.0,0.8022759556770325,1.6208829359530226,99,,student_concept_state_buffers
assist_09,14022,full,target_concept_mask,0.0,0.8739388585090637,2.070988239798267,99,99,student_concept_state_buffers
assist_09,14022,full,random_history_mask,0.0,0.8022759556770325,1.6208829359530226,99,5,student_concept_state_buffers
assist_09,14100,full,original,1.0,0.9321252703666687,0.07028806306413016,33,,student_concept_state_buffers
assist_09,14100,full,target_concept_mask,1.0,0.9695180058479309,0.030956232168715812,33,33,student_concept_state_buffers
assist_09,14100,full,random_history_mask,1.0,0.9321252703666687,0.07028806306413016,33,47,student_concept_state_buffers
assist_09,14328,full,original,1.0,0.8193328976631165,0.19926480926185738,"45,58",,student_concept_state_buffers
assist_09,14328,full,target_concept_mask,1.0,0.8225393891334534,0.19535890796532127,"45,58","45,58",student_concept_state_buffers
assist_09,14328,full,random_history_mask,1.0,0.8193328976631165,0.19926480926185738,"45,58","2,85",student_concept_state_buffers
assist_09,14348,full,original,0.0,0.4682460427284241,0.631574382951906,80,,student_concept_state_buffers
assist_09,14348,full,target_concept_mask,0.0,0.6951666474342346,1.1879900367276979,80,80,student_concept_state_buffers
assist_09,14348,full,random_history_mask,0.0,0.4682460427284241,0.631574382951906,80,84,student_concept_state_buffers
assist_09,14789,full,original,1.0,0.34527796506881714,1.0634054904978034,20,,student_concept_state_buffers
assist_09,14789,full,target_concept_mask,1.0,0.7180164456367493,0.33126280540966463,20,20,student_concept_state_buffers
assist_09,14789,full,random_history_mask,1.0,0.3395393192768097,1.0801655234411194,20,96,student_concept_state_buffers
assist_09,14819,full,original,1.0,0.9452504515647888,0.05630535849125249,78,,student_concept_state_buffers
assist_09,14819,full,target_concept_mask,1.0,0.9526669383049011,0.04848992402586888,78,78,student_concept_state_buffers
assist_09,14819,full,random_history_mask,1.0,0.9452504515647888,0.05630535849125249,78,24,student_concept_state_buffers
assist_09,14883,full,original,1.0,0.9512779712677002,0.049948965489327715,55,,student_concept_state_buffers
assist_09,14883,full,target_concept_mask,1.0,0.9584562182426453,0.042431394907812836,55,55,student_concept_state_buffers
assist_09,14883,full,random_history_mask,1.0,0.9512779712677002,0.049948965489327715,55,91,student_concept_state_buffers
assist_09,14929,full,original,1.0,0.8877527117729187,0.11906205250529073,"45,58",,student_concept_state_buffers
assist_09,14929,full,target_concept_mask,1.0,0.9087135195732117,0.09572539446346912,"45,58","45,58",student_concept_state_buffers
assist_09,14929,full,random_history_mask,1.0,0.8794712424278259,0.12843441297659544,"45,58","34,55",student_concept_state_buffers
assist_09,15130,full,original,0.0,0.6999947428703308,1.2039552807139113,89,,student_concept_state_buffers
assist_09,15130,full,target_concept_mask,0.0,0.8390517830848694,1.826672599800516,89,89,student_concept_state_buffers
assist_09,15130,full,random_history_mask,0.0,0.6999947428703308,1.2039552807139113,89,104,student_concept_state_buffers
assist_09,15179,full,original,1.0,0.8128970265388489,0.20715083608000945,44,,student_concept_state_buffers
assist_09,15179,full,target_concept_mask,1.0,0.8286280632019043,0.1879838816986114,44,44,student_concept_state_buffers
assist_09,15179,full,random_history_mask,1.0,0.8128970265388489,0.20715083608000945,44,26,student_concept_state_buffers
assist_09,15210,full,original,1.0,0.40426746010780334,0.9056785900963462,49,,student_concept_state_buffers
assist_09,15210,full,target_concept_mask,1.0,0.7800822854042053,0.24835587075465618,49,49,student_concept_state_buffers
assist_09,15210,full,random_history_mask,1.0,0.40426746010780334,0.9056785900963462,49,27,student_concept_state_buffers
assist_09,15359,full,original,0.0,0.6147282719612122,0.9538064065312126,103,,student_concept_state_buffers
assist_09,15359,full,target_concept_mask,0.0,0.8139261603355408,1.681611696604273,103,103,student_concept_state_buffers
assist_09,15359,full,random_history_mask,0.0,0.5977194905281067,0.9106056489457532,103,48,student_concept_state_buffers
assist_09,15445,full,original,1.0,0.8215978145599365,0.1965042803519294,89,,student_concept_state_buffers
assist_09,15445,full,target_concept_mask,1.0,0.8853909373283386,0.121725994417147,89,89,student_concept_state_buffers
assist_09,15445,full,random_history_mask,1.0,0.8215978145599365,0.1965042803519294,89,82,student_concept_state_buffers
assist_09,15676,full,original,1.0,0.6473774909973145,0.4348257064025581,82,,student_concept_state_buffers
assist_09,15676,full,target_concept_mask,1.0,0.8509986996650696,0.16134467841807418,82,82,student_concept_state_buffers
assist_09,15676,full,random_history_mask,1.0,0.6473774909973145,0.4348257064025581,82,58,student_concept_state_buffers
assist_09,15709,full,original,1.0,0.8459701538085938,0.16727119918429828,29,,student_concept_state_buffers
assist_09,15709,full,target_concept_mask,1.0,0.9432640075683594,0.05840906992372099,29,29,student_concept_state_buffers
assist_09,15709,full,random_history_mask,1.0,0.8459701538085938,0.16727119918429828,29,13,student_concept_state_buffers
assist_09,15754,full,original,1.0,0.772511899471283,0.25810786648255357,79,,student_concept_state_buffers
assist_09,15754,full,target_concept_mask,1.0,0.8636009097099304,0.1466445269493457,79,79,student_concept_state_buffers
assist_09,15754,full,random_history_mask,1.0,0.772511899471283,0.25810786648255357,79,31,student_concept_state_buffers
assist_09,15977,full,original,0.0,0.5378682613372803,0.7719052799269338,49,,student_concept_state_buffers
assist_09,15977,full,target_concept_mask,0.0,0.8080920577049255,1.6507394891486682,49,49,student_concept_state_buffers
assist_09,15977,full,random_history_mask,0.0,0.5378682613372803,0.7719052799269338,49,106,student_concept_state_buffers
assist_09,16076,full,original,0.0,0.39750587940216064,0.506677372008775,51,,student_concept_state_buffers
assist_09,16076,full,target_concept_mask,0.0,0.4533478021621704,0.6039425145520936,51,51,student_concept_state_buffers
assist_09,16076,full,random_history_mask,0.0,0.39765074849128723,0.5069178498886034,51,47,student_concept_state_buffers
assist_09,16156,full,original,0.0,0.8975887894630432,2.278759094469029,30,,student_concept_state_buffers
assist_09,16156,full,target_concept_mask,0.0,0.9791874885559082,3.872200961375353,30,30,student_concept_state_buffers
assist_09,16156,full,random_history_mask,0.0,0.8860504031181335,2.171999060972292,30,44,student_concept_state_buffers
assist_09,16174,full,original,0.0,0.4370613694190979,0.5745846610806459,30,,student_concept_state_buffers
assist_09,16174,full,target_concept_mask,0.0,0.7315192818641663,1.3149761808862765,30,30,student_concept_state_buffers
assist_09,16174,full,random_history_mask,0.0,0.4371594488620758,0.5747589038536848,30,33,student_concept_state_buffers
assist_09,16215,full,original,0.0,0.5925102829933167,0.8977395809590383,30,,student_concept_state_buffers
assist_09,16215,full,target_concept_mask,0.0,0.9126244783401489,2.437540108090036,30,30,student_concept_state_buffers
assist_09,16215,full,random_history_mask,0.0,0.5925102829933167,0.8977395809590383,30,51,student_concept_state_buffers
assist_09,16293,full,original,0.0,0.3634878695011139,0.4517518030376291,30,,student_concept_state_buffers
assist_09,16293,full,target_concept_mask,0.0,0.7761767506599426,1.4968986040492696,30,30,student_concept_state_buffers
assist_09,16293,full,random_history_mask,0.0,0.3634878695011139,0.4517518030376291,30,24,student_concept_state_buffers
assist_09,16329,full,original,1.0,0.9809772372245789,0.019206023330652567,55,,student_concept_state_buffers
assist_09,16329,full,target_concept_mask,1.0,0.9836443066596985,0.016490924250283822,55,55,student_concept_state_buffers
assist_09,16329,full,random_history_mask,1.0,0.9809772372245789,0.019206023330652567,55,9,student_concept_state_buffers
assist_09,16347,full,original,1.0,0.9141403436660767,0.08977117044661513,33,,student_concept_state_buffers
assist_09,16347,full,target_concept_mask,1.0,0.9269466996192932,0.07585921278315412,33,33,student_concept_state_buffers
assist_09,16347,full,random_history_mask,1.0,0.9141403436660767,0.08977117044661513,33,5,student_concept_state_buffers
assist_09,16465,full,original,0.0,0.5188117623329163,0.7314967389312317,92,,student_concept_state_buffers
assist_09,16465,full,target_concept_mask,0.0,0.736558735370636,1.3339248404800446,92,92,student_concept_state_buffers
assist_09,16465,full,random_history_mask,0.0,0.5188117623329163,0.7314967389312317,92,57,student_concept_state_buffers
assist_09,16678,full,original,1.0,0.9610437750816345,0.03973531945549448,55,,student_concept_state_buffers
assist_09,16678,full,target_concept_mask,1.0,0.9768601655960083,0.023411763492002937,55,55,student_concept_state_buffers
assist_09,16678,full,random_history_mask,1.0,0.9610437750816345,0.03973531945549448,55,41,student_concept_state_buffers
assist_09,16685,full,original,1.0,0.8823708891868591,0.1251428020824426,37,,student_concept_state_buffers
assist_09,16685,full,target_concept_mask,1.0,0.9462400078773499,0.05525903399312841,37,37,student_concept_state_buffers
assist_09,16685,full,random_history_mask,1.0,0.881147027015686,0.12653078045953528,37,6,student_concept_state_buffers
assist_09,16784,full,original,1.0,0.8986923098564148,0.10681456131846306,11,,student_concept_state_buffers
assist_09,16784,full,target_concept_mask,1.0,0.9384174346923828,0.06356040264625608,11,11,student_concept_state_buffers
assist_09,16784,full,random_history_mask,1.0,0.8986923098564148,0.10681456131846306,11,31,student_concept_state_buffers
assist_09,16892,full,original,1.0,0.7197771668434143,0.32881360536936105,98,,student_concept_state_buffers
assist_09,16892,full,target_concept_mask,1.0,0.9157593250274658,0.08800169443488347,98,98,student_concept_state_buffers
assist_09,16892,full,random_history_mask,1.0,0.7197771668434143,0.32881360536936105,98,6,student_concept_state_buffers
assist_09,16962,full,original,1.0,0.7273567914962769,0.3183381494909676,67,,student_concept_state_buffers
assist_09,16962,full,target_concept_mask,1.0,0.8455974459648132,0.1677118648128687,67,67,student_concept_state_buffers
assist_09,16962,full,random_history_mask,1.0,0.7273567914962769,0.3183381494909676,67,21,student_concept_state_buffers
assist_09,17012,full,original,0.0,0.31259194016456604,0.37482718953267774,98,,student_concept_state_buffers
assist_09,17012,full,target_concept_mask,0.0,0.756332516670227,1.4119507563475089,98,98,student_concept_state_buffers
assist_09,17012,full,random_history_mask,0.0,0.31259194016456604,0.37482718953267774,98,29,student_concept_state_buffers
assist_09,17026,full,original,1.0,0.4796004891395569,0.7348018359386456,98,,student_concept_state_buffers
assist_09,17026,full,target_concept_mask,1.0,0.873375654220581,0.13538951303800545,98,98,student_concept_state_buffers
assist_09,17026,full,random_history_mask,1.0,0.4892808794975281,0.714818558708866,98,59,student_concept_state_buffers
assist_09,17071,full,original,1.0,0.8862121105194092,0.12079895463712625,4,,student_concept_state_buffers
assist_09,17071,full,target_concept_mask,1.0,0.9460505843162537,0.05545923956674416,4,4,student_concept_state_buffers
assist_09,17071,full,random_history_mask,1.0,0.8862121105194092,0.12079895463712625,4,25,student_concept_state_buffers
assist_09,17212,full,original,1.0,0.9041205048561096,0.1007926256418806,98,,student_concept_state_buffers
assist_09,17212,full,target_concept_mask,1.0,0.9684159755706787,0.03209355718247703,98,98,student_concept_state_buffers
assist_09,17212,full,random_history_mask,1.0,0.9041205048561096,0.1007926256418806,98,9,student_concept_state_buffers
assist_09,17290,full,original,1.0,0.8304239511489868,0.18581892408064882,25,,student_concept_state_buffers
assist_09,17290,full,target_concept_mask,1.0,0.9147081971168518,0.08915017482411186,25,25,student_concept_state_buffers
assist_09,17290,full,random_history_mask,1.0,0.8304239511489868,0.18581892408064882,25,58,student_concept_state_buffers
assist_09,17307,full,original,0.0,0.3261597454547882,0.3947622072219068,"12,13",,student_concept_state_buffers
assist_09,17307,full,target_concept_mask,0.0,0.5734047889709473,0.8519196989126031,"12,13","12,13",student_concept_state_buffers
assist_09,17307,full,random_history_mask,0.0,0.32557156682014465,0.3938897124776308,"12,13","6,20",student_concept_state_buffers
assist_09,17323,full,original,1.0,0.9093412756919861,0.0950348144596569,82,,student_concept_state_buffers
assist_09,17323,full,target_concept_mask,1.0,0.9356434941291809,0.06652075739926602,82,82,student_concept_state_buffers
assist_09,17323,full,random_history_mask,1.0,0.9093412756919861,0.0950348144596569,82,67,student_concept_state_buffers
assist_09,17379,full,original,1.0,0.6468289494514465,0.4356733943162808,26,,student_concept_state_buffers
assist_09,17379,full,target_concept_mask,1.0,0.8251573443412781,0.19218119041861165,26,26,student_concept_state_buffers
assist_09,17379,full,random_history_mask,1.0,0.6468289494514465,0.4356733943162808,26,44,student_concept_state_buffers
assist_09,17437,full,original,0.0,0.550489068031311,0.7995951050799018,49,,student_concept_state_buffers
assist_09,17437,full,target_concept_mask,0.0,0.862101674079895,1.9812386340672654,49,49,student_concept_state_buffers
assist_09,17437,full,random_history_mask,0.0,0.550489068031311,0.7995951050799018,49,13,student_concept_state_buffers
assist_09,17459,full,original,1.0,0.9723588824272156,0.02803032206272077,99,,student_concept_state_buffers
assist_09,17459,full,target_concept_mask,1.0,0.9889591932296753,0.011102208848003847,99,99,student_concept_state_buffers
assist_09,17459,full,random_history_mask,1.0,0.9723588824272156,0.02803032206272077,99,49,student_concept_state_buffers
assist_09,17639,full,original,0.0,0.5137384533882141,0.7210086380861006,"45,58",,student_concept_state_buffers
assist_09,17639,full,target_concept_mask,0.0,0.7989417314529419,1.6041605196650504,"45,58","45,58",student_concept_state_buffers
assist_09,17639,full,random_history_mask,0.0,0.5125470757484436,0.7185615588448296,"45,58","89,98",student_concept_state_buffers
assist_09,17648,full,original,1.0,0.2502734065055847,1.3852013326708488,20,,student_concept_state_buffers
assist_09,17648,full,target_concept_mask,1.0,0.5610592365264893,0.5779287880774645,20,20,student_concept_state_buffers
assist_09,17648,full,random_history_mask,1.0,0.2502734065055847,1.3852013326708488,20,89,student_concept_state_buffers
assist_09,17786,full,original,1.0,0.5404338240623474,0.6153830840658672,"1,44",,student_concept_state_buffers
assist_09,17786,full,target_concept_mask,1.0,0.6725005507469177,0.39675234855195374,"1,44","1,44",student_concept_state_buffers
assist_09,17786,full,random_history_mask,1.0,0.5404338240623474,0.6153830840658672,"1,44","38,60",student_concept_state_buffers
assist_09,17797,full,original,1.0,0.5153087973594666,0.6629889514873301,99,,student_concept_state_buffers
assist_09,17797,full,target_concept_mask,1.0,0.8048273324966431,0.21712751836364724,99,99,student_concept_state_buffers
assist_09,17797,full,random_history_mask,1.0,0.5153087973594666,0.6629889514873301,99,31,student_concept_state_buffers
assist_09,17809,full,original,0.0,0.5951683521270752,0.9042839825606349,63,,student_concept_state_buffers
assist_09,17809,full,target_concept_mask,0.0,0.7739595174789429,1.4870411695516654,63,63,student_concept_state_buffers
assist_09,17809,full,random_history_mask,0.0,0.5865734219551086,0.8832753424491311,63,29,student_concept_state_buffers
assist_09,18069,full,original,1.0,0.9377135038375854,0.06431080963904466,99,,student_concept_state_buffers
assist_09,18069,full,target_concept_mask,1.0,0.9808287024497986,0.019357449903546674,99,99,student_concept_state_buffers
assist_09,18069,full,random_history_mask,1.0,0.9377135038375854,0.06431080963904466,99,51,student_concept_state_buffers
assist_09,18113,full,original,1.0,0.8930532336235046,0.11310908776198392,98,,student_concept_state_buffers
assist_09,18113,full,target_concept_mask,1.0,0.9573718309402466,0.04356342491297324,98,98,student_concept_state_buffers
assist_09,18113,full,random_history_mask,1.0,0.8930532336235046,0.11310908776198392,98,15,student_concept_state_buffers
assist_09,18114,full,original,1.0,0.972534716129303,0.027849506307353,14,,student_concept_state_buffers
assist_09,18114,full,target_concept_mask,1.0,0.9895115494728088,0.010543841978519696,14,14,student_concept_state_buffers
assist_09,18114,full,random_history_mask,1.0,0.972534716129303,0.027849506307353,14,15,student_concept_state_buffers
assist_09,18166,full,original,1.0,0.9016980528831482,0.10347556786293911,89,,student_concept_state_buffers
assist_09,18166,full,target_concept_mask,1.0,0.9543220400810242,0.046754096278079915,89,89,student_concept_state_buffers
assist_09,18166,full,random_history_mask,1.0,0.9016980528831482,0.10347556786293911,89,16,student_concept_state_buffers
assist_09,18222,full,original,1.0,0.9341343641281128,0.06813499229043807,26,,student_concept_state_buffers
assist_09,18222,full,target_concept_mask,1.0,0.9377285242080688,0.06429479168673358,26,26,student_concept_state_buffers
assist_09,18222,full,random_history_mask,1.0,0.9272062182426453,0.07557928050513467,26,20,student_concept_state_buffers
assist_09,18239,full,original,1.0,0.8970733284950256,0.10861767166365528,4,,student_concept_state_buffers
assist_09,18239,full,target_concept_mask,1.0,0.9512107968330383,0.05001958292036447,4,4,student_concept_state_buffers
assist_09,18239,full,random_history_mask,1.0,0.8970733284950256,0.10861767166365528,4,81,student_concept_state_buffers
assist_09,18371,full,original,1.0,0.7218064069747925,0.3259983104277059,99,,student_concept_state_buffers
assist_09,18371,full,target_concept_mask,1.0,0.8345741629600525,0.1808336686965749,99,99,student_concept_state_buffers
assist_09,18371,full,random_history_mask,1.0,0.7218064069747925,0.3259983104277059,99,40,student_concept_state_buffers
assist_09,18457,full,original,1.0,0.866510808467865,0.14328069619640738,"6,14",,student_concept_state_buffers
assist_09,18457,full,target_concept_mask,1.0,0.8734390139579773,0.1353169698671949,"6,14","6,14",student_concept_state_buffers
assist_09,18457,full,random_history_mask,1.0,0.866510808467865,0.14328069619640738,"6,14","61,82",student_concept_state_buffers
assist_09,18465,full,original,1.0,0.9722055196762085,0.028188056875884236,98,,student_concept_state_buffers
assist_09,18465,full,target_concept_mask,1.0,0.9842723608016968,0.015852630796392923,98,98,student_concept_state_buffers
assist_09,18465,full,random_history_mask,1.0,0.9722055196762085,0.028188056875884236,98,78,student_concept_state_buffers
assist_09,18726,full,original,0.0,0.24631814658641815,0.2827849450928778,86,,student_concept_state_buffers
assist_09,18726,full,target_concept_mask,0.0,0.7524622082710266,1.396192014775474,86,86,student_concept_state_buffers
assist_09,18726,full,random_history_mask,0.0,0.24631814658641815,0.2827849450928778,86,83,student_concept_state_buffers
assist_09,18803,full,original,0.0,0.6213906407356262,0.9712503197930429,"45,58",,student_concept_state_buffers
assist_09,18803,full,target_concept_mask,0.0,0.8259726762771606,1.7485429592061004,"45,58","45,58",student_concept_state_buffers
assist_09,18803,full,random_history_mask,0.0,0.6213906407356262,0.9712503197930429,"45,58","2,90",student_concept_state_buffers
assist_09,18811,full,original,1.0,0.8627546429634094,0.14762493543240304,106,,student_concept_state_buffers
assist_09,18811,full,target_concept_mask,1.0,0.9302840828895569,0.07226527400727238,106,106,student_concept_state_buffers
assist_09,18811,full,random_history_mask,1.0,0.8627546429634094,0.14762493543240304,106,10,student_concept_state_buffers
assist_09,18821,full,original,0.0,0.1409183144569397,0.15189126775525813,"15,16",,student_concept_state_buffers
assist_09,18821,full,target_concept_mask,0.0,0.5461227893829346,0.7899285787179054,"15,16","15,16",student_concept_state_buffers
assist_09,18821,full,random_history_mask,0.0,0.1409183144569397,0.15189126775525813,"15,16","29,37",student_concept_state_buffers
assist_09,18928,full,original,1.0,0.5357156991958618,0.6241516705775326,95,,student_concept_state_buffers
assist_09,18928,full,target_concept_mask,1.0,0.7528975605964661,0.2838261021413159,95,95,student_concept_state_buffers
assist_09,18928,full,random_history_mask,1.0,0.5357156991958618,0.6241516705775326,95,40,student_concept_state_buffers
assist_09,18998,full,original,1.0,0.810055136680603,0.21065296365625516,"1,44",,student_concept_state_buffers
assist_09,18998,full,target_concept_mask,1.0,0.8130505084991455,0.20696204528886142,"1,44","1,44",student_concept_state_buffers
assist_09,18998,full,random_history_mask,1.0,0.810055136680603,0.21065296365625516,"1,44","37,47",student_concept_state_buffers
assist_09,19177,full,original,1.0,0.7979517579078674,0.2257071371092694,"7,44",,student_concept_state_buffers
assist_09,19177,full,target_concept_mask,1.0,0.8842675685882568,0.12299558274418096,"7,44","7,44",student_concept_state_buffers
assist_09,19177,full,random_history_mask,1.0,0.7979517579078674,0.2257071371092694,"7,44","2,106",student_concept_state_buffers
assist_09,19200,full,original,1.0,0.800772488117218,0.22217840706926936,"5,8",,student_concept_state_buffers
assist_09,19200,full,target_concept_mask,1.0,0.7790169715881348,0.24972244697112853,"5,8","5,8",student_concept_state_buffers
assist_09,19200,full,random_history_mask,1.0,0.790766179561615,0.23475295597299348,"5,8","6,93",student_concept_state_buffers
assist_09,19220,full,original,1.0,0.8331632018089294,0.1825257354662858,7,,student_concept_state_buffers
assist_09,19220,full,target_concept_mask,1.0,0.9222584962844849,0.08092972998667615,7,7,student_concept_state_buffers
assist_09,19220,full,random_history_mask,1.0,0.8310114145278931,0.18511174832705057,7,1,student_concept_state_buffers
assist_09,19344,full,original,1.0,0.896592378616333,0.10915394761330659,"0,9",,student_concept_state_buffers
assist_09,19344,full,target_concept_mask,1.0,0.8758054971694946,0.13261124789384965,"0,9","0,9",student_concept_state_buffers
assist_09,19344,full,random_history_mask,1.0,0.896592378616333,0.10915394761330659,"0,9","103,104",student_concept_state_buffers
assist_09,19368,full,original,1.0,0.6487528085708618,0.43270351530776907,"45,58",,student_concept_state_buffers
assist_09,19368,full,target_concept_mask,1.0,0.7345735430717468,0.3084651616661227,"45,58","45,58",student_concept_state_buffers
assist_09,19368,full,random_history_mask,1.0,0.6487528085708618,0.43270351530776907,"45,58","8,33",student_concept_state_buffers
assist_09,19407,full,original,1.0,0.9799221754074097,0.020282123320468706,30,,student_concept_state_buffers
assist_09,19407,full,target_concept_mask,1.0,0.9817505478858948,0.018418027453489,30,30,student_concept_state_buffers
assist_09,19407,full,random_history_mask,1.0,0.9799221754074097,0.020282123320468706,30,17,student_concept_state_buffers
assist_09,19425,full,original,1.0,0.8177305459976196,0.20122240251630188,"5,8",,student_concept_state_buffers
assist_09,19425,full,target_concept_mask,1.0,0.7621915936470032,0.2715573196677436,"5,8","5,8",student_concept_state_buffers
assist_09,19425,full,random_history_mask,1.0,0.8177305459976196,0.20122240251630188,"5,8","89,104",student_concept_state_buffers
assist_09,19457,full,original,1.0,0.8258333802223206,0.19136224466832058,"22,80",,student_concept_state_buffers
assist_09,19457,full,target_concept_mask,1.0,0.803088903427124,0.2192898570577222,"22,80","22,80",student_concept_state_buffers
assist_09,19457,full,random_history_mask,1.0,0.8258333802223206,0.19136224466832058,"22,80","33,86",student_concept_state_buffers
assist_09,19514,full,original,1.0,0.5957654118537903,0.5179082936714451,59,,student_concept_state_buffers
assist_09,19514,full,target_concept_mask,1.0,0.6959708333015442,0.362447525701748,59,59,student_concept_state_buffers
assist_09,19514,full,random_history_mask,1.0,0.5957654118537903,0.5179082936714451,59,47,student_concept_state_buffers
assist_09,19638,full,original,0.0,0.7375701665878296,1.337771533968785,"45,58",,student_concept_state_buffers
assist_09,19638,full,target_concept_mask,0.0,0.8411388397216797,1.8397246640248968,"45,58","45,58",student_concept_state_buffers
assist_09,19638,full,random_history_mask,0.0,0.7375701665878296,1.337771533968785,"45,58","29,95",student_concept_state_buffers
assist_09,19642,full,original,1.0,0.9394399523735046,0.06247137662199934,94,,student_concept_state_buffers
assist_09,19642,full,target_concept_mask,1.0,0.9471784234046936,0.054267794456555954,94,94,student_concept_state_buffers
assist_09,19642,full,random_history_mask,1.0,0.9381879568099976,0.06380496965492842,94,30,student_concept_state_buffers
assist_09,19645,full,original,1.0,0.9327279329299927,0.06964172523631731,29,,student_concept_state_buffers
assist_09,19645,full,target_concept_mask,1.0,0.96635901927948,0.034219858247622886,29,29,student_concept_state_buffers
assist_09,19645,full,random_history_mask,1.0,0.9324902892112732,0.06989654123284189,29,12,student_concept_state_buffers
assist_09,19650,full,original,1.0,0.5983385443687439,0.5135985575144103,"6,9",,student_concept_state_buffers
assist_09,19650,full,target_concept_mask,1.0,0.739231288433075,0.30214443212474623,"6,9","6,9",student_concept_state_buffers
assist_09,19650,full,random_history_mask,1.0,0.5983385443687439,0.5135985575144103,"6,9","31,80",student_concept_state_buffers
assist_09,19653,full,original,1.0,0.8955650925636292,0.11030037160978717,13,,student_concept_state_buffers
assist_09,19653,full,target_concept_mask,1.0,0.9447339177131653,0.05685195969376021,13,13,student_concept_state_buffers
assist_09,19653,full,random_history_mask,1.0,0.8955650925636292,0.11030037160978717,13,38,student_concept_state_buffers
assist_09,19666,full,original,0.0,0.4918648302555084,0.6770077846230426,"3,121",,student_concept_state_buffers
assist_09,19666,full,target_concept_mask,0.0,0.72220379114151,1.2808674957726898,"3,121","3,121",student_concept_state_buffers
assist_09,19666,full,random_history_mask,0.0,0.4918648302555084,0.6770077846230426,"3,121","20,27",student_concept_state_buffers
assist_09,19726,full,original,1.0,0.8956725001335144,0.1101804460672998,42,,student_concept_state_buffers
assist_09,19726,full,target_concept_mask,1.0,0.9473848938941956,0.054049833422016635,42,42,student_concept_state_buffers
assist_09,19726,full,random_history_mask,1.0,0.8956725001335144,0.1101804460672998,42,0,student_concept_state_buffers
assist_09,19841,full,original,0.0,0.731798529624939,1.3160168257668092,56,,student_concept_state_buffers
assist_09,19841,full,target_concept_mask,0.0,0.8660436868667603,2.0102415535814875,56,56,student_concept_state_buffers
assist_09,19841,full,random_history_mask,0.0,0.731798529624939,1.3160168257668092,56,102,student_concept_state_buffers
assist_09,20051,full,original,1.0,0.6886447668075562,0.3730297188525551,92,,student_concept_state_buffers
assist_09,20051,full,target_concept_mask,1.0,0.8005368709564209,0.2224726876980091,92,92,student_concept_state_buffers
assist_09,20051,full,random_history_mask,1.0,0.6886447668075562,0.3730297188525551,92,86,student_concept_state_buffers
assist_09,20401,full,original,1.0,0.89592444896698,0.10989918991171979,"0,11",,student_concept_state_buffers
assist_09,20401,full,target_concept_mask,1.0,0.8877318501472473,0.11908555214715727,"0,11","0,11",student_concept_state_buffers
assist_09,20401,full,random_history_mask,1.0,0.89592444896698,0.10989918991171979,"0,11","26,96",student_concept_state_buffers
assist_09,20470,full,original,0.0,0.8819459676742554,2.1366128582555404,"7,44",,student_concept_state_buffers
assist_09,20470,full,target_concept_mask,0.0,0.8943161964416504,2.247303628136881,"7,44","7,44",student_concept_state_buffers
assist_09,20470,full,random_history_mask,0.0,0.8817744851112366,2.1351613353019143,"7,44","4,63",student_concept_state_buffers
assist_09,20573,full,original,1.0,0.7685402631759644,0.2632623254748345,48,,student_concept_state_buffers
assist_09,20573,full,target_concept_mask,1.0,0.7962661385536194,0.2278218041019531,48,48,student_concept_state_buffers
assist_09,20573,full,random_history_mask,1.0,0.7685402631759644,0.2632623254748345,48,25,student_concept_state_buffers
assist_09,20674,full,original,1.0,0.9082293510437012,0.09625834302096134,49,,student_concept_state_buffers
assist_09,20674,full,target_concept_mask,1.0,0.9153487086296082,0.08845018398022209,49,49,student_concept_state_buffers
assist_09,20674,full,random_history_mask,1.0,0.9082293510437012,0.09625834302096134,49,6,student_concept_state_buffers
assist_09,20722,full,original,1.0,0.9474811553955078,0.05394823098797529,"32,33",,student_concept_state_buffers
assist_09,20722,full,target_concept_mask,1.0,0.9126998782157898,0.09134817289221694,"32,33","32,33",student_concept_state_buffers
assist_09,20722,full,random_history_mask,1.0,0.9474811553955078,0.05394823098797529,"32,33","17,29",student_concept_state_buffers
assist_09,20992,full,original,1.0,0.9634742736816406,0.03720949238544657,11,,student_concept_state_buffers
assist_09,20992,full,target_concept_mask,1.0,0.9683831334114075,0.03212747103458702,11,11,student_concept_state_buffers
assist_09,20992,full,random_history_mask,1.0,0.9634653925895691,0.037218710206042664,11,10,student_concept_state_buffers
assist_09,21078,full,original,0.0,0.6845142245292664,1.1536416836884673,99,,student_concept_state_buffers
assist_09,21078,full,target_concept_mask,0.0,0.8675379753112793,2.0214592807581067,99,99,student_concept_state_buffers
assist_09,21078,full,random_history_mask,0.0,0.6810104846954346,1.1425970441212443,99,81,student_concept_state_buffers
assist_09,21428,full,original,1.0,0.27105948328971863,1.3054169866540395,30,,student_concept_state_buffers
assist_09,21428,full,target_concept_mask,1.0,0.5776048898696899,0.5488652255984797,30,30,student_concept_state_buffers
assist_09,21428,full,random_history_mask,1.0,0.24898643791675568,1.390356850198535,30,48,student_concept_state_buffers
assist_09,21475,full,original,0.0,0.12800244987010956,0.13696866456117462,48,,student_concept_state_buffers
assist_09,21475,full,target_concept_mask,0.0,0.5085961222648621,0.7104889277272968,48,48,student_concept_state_buffers
assist_09,21475,full,random_history_mask,0.0,0.12791897356510162,0.13687293916646667,48,33,student_concept_state_buffers
assist_09,21842,full,original,1.0,0.866563618183136,0.14321975280646954,14,,student_concept_state_buffers
assist_09,21842,full,target_concept_mask,1.0,0.9476616382598877,0.053757762105598995,14,14,student_concept_state_buffers
assist_09,21842,full,random_history_mask,1.0,0.866563618183136,0.14321975280646954,14,79,student_concept_state_buffers
assist_09,21863,full,original,1.0,0.9660104513168335,0.03458062565958114,14,,student_concept_state_buffers
assist_09,21863,full,target_concept_mask,1.0,0.9709087610244751,0.029522779035178543,14,14,student_concept_state_buffers
assist_09,21863,full,random_history_mask,1.0,0.9660104513168335,0.03458062565958114,14,8,student_concept_state_buffers
assist_09,21913,full,original,1.0,0.7755224704742432,0.25421832131885985,33,,student_concept_state_buffers
assist_09,21913,full,target_concept_mask,1.0,0.9297349452972412,0.07285573851322492,33,33,student_concept_state_buffers
assist_09,21913,full,random_history_mask,1.0,0.774792492389679,0.255160037235944,33,98,student_concept_state_buffers
assist_09,22013,full,original,1.0,0.9228135943412781,0.08032802116850972,82,,student_concept_state_buffers
assist_09,22013,full,target_concept_mask,1.0,0.9448843002319336,0.056692792601002885,82,82,student_concept_state_buffers
assist_09,22013,full,random_history_mask,1.0,0.9171870350837708,0.08644386341908299,82,55,student_concept_state_buffers
assist_09,22057,full,original,0.0,0.42940184473991394,0.5610700731906378,30,,student_concept_state_buffers
assist_09,22057,full,target_concept_mask,0.0,0.7724076509475708,1.480199193057597,30,30,student_concept_state_buffers
assist_09,22057,full,random_history_mask,0.0,0.42940184473991394,0.5610700731906378,30,41,student_concept_state_buffers
assist_09,22093,full,original,1.0,0.9269049167633057,0.07590428959040814,82,,student_concept_state_buffers
assist_09,22093,full,target_concept_mask,1.0,0.9547979235649109,0.04625555925284845,82,82,student_concept_state_buffers
assist_09,22093,full,random_history_mask,1.0,0.9217617511749268,0.08146849318329308,82,55,student_concept_state_buffers
assist_09,22173,full,original,1.0,0.6813163161277771,0.38372859296765965,82,,student_concept_state_buffers
assist_09,22173,full,target_concept_mask,1.0,0.8025245070457458,0.2199928860694916,82,82,student_concept_state_buffers
assist_09,22173,full,random_history_mask,1.0,0.7111080884933472,0.3409308375358574,82,55,student_concept_state_buffers
assist_09,22254,full,original,1.0,0.8285233974456787,0.18811020178322682,41,,student_concept_state_buffers
assist_09,22254,full,target_concept_mask,1.0,0.8461219072341919,0.16709183137151926,41,41,student_concept_state_buffers
assist_09,22254,full,random_history_mask,1.0,0.8228868246078491,0.19493660342603808,41,33,student_concept_state_buffers
assist_09,22329,full,original,1.0,0.7185556292533875,0.3305121523079082,41,,student_concept_state_buffers
assist_09,22329,full,target_concept_mask,1.0,0.8024225234985352,0.22011997256569002,41,41,student_concept_state_buffers
assist_09,22329,full,random_history_mask,1.0,0.6876811385154724,0.3744300099403199,41,30,student_concept_state_buffers
assist_09,22330,full,original,1.0,0.6122351884841919,0.4906387753833767,33,,student_concept_state_buffers
assist_09,22330,full,target_concept_mask,1.0,0.8671731352806091,0.1425166274659393,33,33,student_concept_state_buffers
assist_09,22330,full,random_history_mask,1.0,0.6058714985847473,0.5010873639383139,33,32,student_concept_state_buffers
assist_09,22371,full,original,1.0,0.876598060131073,0.13170670394640546,"37,55",,student_concept_state_buffers
assist_09,22371,full,target_concept_mask,1.0,0.8802307844161987,0.12757115087431334,"37,55","37,55",student_concept_state_buffers
assist_09,22371,full,random_history_mask,1.0,0.8753475546836853,0.13313426613690246,"37,55","33,45",student_concept_state_buffers
assist_09,22524,full,original,0.0,0.49883708357810974,0.6908240482788125,"12,13",,student_concept_state_buffers
assist_09,22524,full,target_concept_mask,0.0,0.7621495127677917,1.4361130076207302,"12,13","12,13",student_concept_state_buffers
assist_09,22524,full,random_history_mask,0.0,0.49839967489242554,0.6899516415225387,"12,13","6,84",student_concept_state_buffers
assist_09,22552,full,original,1.0,0.7295433878898621,0.31533643658524635,33,,student_concept_state_buffers
assist_09,22552,full,target_concept_mask,1.0,0.8939393758773804,0.11211731832567062,33,33,student_concept_state_buffers
assist_09,22552,full,random_history_mask,1.0,0.6047025322914124,0.5030186240295613,33,32,student_concept_state_buffers
assist_09,22594,full,original,1.0,0.8888569474220276,0.11781897045224946,13,,student_concept_state_buffers
assist_09,22594,full,target_concept_mask,1.0,0.9489687085151672,0.05237945402946203,13,13,student_concept_state_buffers
assist_09,22594,full,random_history_mask,1.0,0.8883104920387268,0.11843394390763608,13,14,student_concept_state_buffers
assist_09,22679,full,original,1.0,0.3478395640850067,1.0560139282555552,89,,student_concept_state_buffers
assist_09,22679,full,target_concept_mask,1.0,0.7325183749198914,0.31126685319067465,89,89,student_concept_state_buffers
assist_09,22679,full,random_history_mask,1.0,0.3478395640850067,1.0560139282555552,89,86,student_concept_state_buffers
assist_09,22685,full,original,1.0,0.8188276290893555,0.1998816823723153,"0,9",,student_concept_state_buffers
assist_09,22685,full,target_concept_mask,1.0,0.902198851108551,0.10292032744186998,"0,9","0,9",student_concept_state_buffers
assist_09,22685,full,random_history_mask,1.0,0.8188276290893555,0.1998816823723153,"0,9","80,86",student_concept_state_buffers
assist_09,22783,full,original,1.0,0.5006324648857117,0.6918830501381755,"12,13",,student_concept_state_buffers
assist_09,22783,full,target_concept_mask,1.0,0.6104038953781128,0.49363441735120284,"12,13","12,13",student_concept_state_buffers
assist_09,22783,full,random_history_mask,1.0,0.5006324648857117,0.6918830501381755,"12,13","84,85",student_concept_state_buffers
assist_09,22877,full,original,0.0,0.6039106845855713,0.9261155491830451,14,,student_concept_state_buffers
assist_09,22877,full,target_concept_mask,0.0,0.905613362789154,2.3603557708203846,14,14,student_concept_state_buffers
assist_09,22877,full,random_history_mask,0.0,0.6039106845855713,0.9261155491830451,14,34,student_concept_state_buffers
assist_09,22907,full,original,0.0,0.19772189855575562,0.22029997131740217,"12,13",,student_concept_state_buffers
assist_09,22907,full,target_concept_mask,0.0,0.29643678665161133,0.3515975509585745,"12,13","12,13",student_concept_state_buffers
assist_09,22907,full,random_history_mask,0.0,0.19772189855575562,0.22029997131740217,"12,13","56,114",student_concept_state_buffers
assist_09,23146,full,original,1.0,0.88664710521698,0.12030822790322768,79,,student_concept_state_buffers
assist_09,23146,full,target_concept_mask,1.0,0.8967969417572021,0.1089258174026129,79,79,student_concept_state_buffers
assist_09,23146,full,random_history_mask,1.0,0.883332371711731,0.12405373729880051,79,98,student_concept_state_buffers
assist_09,23173,full,original,1.0,0.86090087890625,0.14977590440313768,"32,33",,student_concept_state_buffers
assist_09,23173,full,target_concept_mask,1.0,0.8282780647277832,0.1884063540082095,"32,33","32,33",student_concept_state_buffers
assist_09,23173,full,random_history_mask,1.0,0.8603970408439636,0.15036132087392362,"32,33","41,79",student_concept_state_buffers
assist_09,23263,full,original,0.0,0.4793718159198761,0.6527191501995419,53,,student_concept_state_buffers
assist_09,23263,full,target_concept_mask,0.0,0.7166153788566589,1.2609502187472403,53,53,student_concept_state_buffers
assist_09,23263,full,random_history_mask,0.0,0.4730561375617981,0.6406612590024029,53,52,student_concept_state_buffers
assist_09,23269,full,original,1.0,0.5664078593254089,0.5684408607712681,53,,student_concept_state_buffers
assist_09,23269,full,target_concept_mask,1.0,0.5951431393623352,0.5189533320120496,53,53,student_concept_state_buffers
assist_09,23269,full,random_history_mask,1.0,0.5651649236679077,0.5706376901331174,53,82,student_concept_state_buffers
assist_09,23672,full,original,1.0,0.7339986562728882,0.3092480810601852,53,,student_concept_state_buffers
assist_09,23672,full,target_concept_mask,1.0,0.8804352283477783,0.127338916105179,53,53,student_concept_state_buffers
assist_09,23672,full,random_history_mask,1.0,0.7339986562728882,0.3092480810601852,53,4,student_concept_state_buffers
assist_09,23722,full,original,1.0,0.8380019068717957,0.17673490299930686,66,,student_concept_state_buffers
assist_09,23722,full,target_concept_mask,1.0,0.9167549014091492,0.08691512553924105,66,66,student_concept_state_buffers
assist_09,23722,full,random_history_mask,1.0,0.8380019068717957,0.17673490299930686,66,6,student_concept_state_buffers
assist_09,24097,full,original,1.0,0.7118385434150696,0.3399041581516765,"34,35,46",,student_concept_state_buffers
assist_09,24097,full,target_concept_mask,1.0,0.9106131196022034,0.09363714853951269,"34,35,46","34,35,46",student_concept_state_buffers
assist_09,24097,full,random_history_mask,1.0,0.7118385434150696,0.3399041581516765,"34,35,46","14,22,29",student_concept_state_buffers
assist_09,24192,full,original,1.0,0.8458965420722961,0.16735821754871585,79,,student_concept_state_buffers
assist_09,24192,full,target_concept_mask,1.0,0.8791079521179199,0.12884757641694625,79,79,student_concept_state_buffers
assist_09,24192,full,random_history_mask,1.0,0.8409448862075806,0.17322915479801432,79,81,student_concept_state_buffers
assist_09,24247,full,original,1.0,0.6507682204246521,0.4296017363835607,79,,student_concept_state_buffers
assist_09,24247,full,target_concept_mask,1.0,0.7922102212905884,0.23292849146580613,79,79,student_concept_state_buffers
assist_09,24247,full,random_history_mask,1.0,0.6507682204246521,0.4296017363835607,79,45,student_concept_state_buffers
assist_09,24576,full,original,1.0,0.8916187882423401,0.11471660519094229,79,,student_concept_state_buffers
assist_09,24576,full,target_concept_mask,1.0,0.9306700229644775,0.07185049743729714,79,79,student_concept_state_buffers
assist_09,24576,full,random_history_mask,1.0,0.8916187882423401,0.11471660519094229,79,41,student_concept_state_buffers
assist_09,24583,full,original,0.0,0.7258829474449158,1.2942000647114786,41,,student_concept_state_buffers
assist_09,24583,full,target_concept_mask,0.0,0.8602108955383301,1.9676203888314459,41,41,student_concept_state_buffers
assist_09,24583,full,random_history_mask,0.0,0.7258829474449158,1.2942000647114786,41,56,student_concept_state_buffers
assist_09,24675,full,original,1.0,0.3986130356788635,0.919764168078227,98,,student_concept_state_buffers
assist_09,24675,full,target_concept_mask,1.0,0.7527012228965759,0.2840869122630504,98,98,student_concept_state_buffers
assist_09,24675,full,random_history_mask,1.0,0.3986130356788635,0.919764168078227,98,82,student_concept_state_buffers
assist_09,24743,full,original,1.0,0.9397227168083191,0.062170429352679954,13,,student_concept_state_buffers
assist_09,24743,full,target_concept_mask,1.0,0.9407322406768799,0.06109672752161301,13,13,student_concept_state_buffers
assist_09,24743,full,random_history_mask,1.0,0.9397227168083191,0.062170429352679954,13,45,student_concept_state_buffers
assist_09,24783,full,original,1.0,0.8892003893852234,0.1174326589870819,"39,46",,student_concept_state_buffers
assist_09,24783,full,target_concept_mask,1.0,0.9061915874481201,0.09850453012024066,"39,46","39,46",student_concept_state_buffers
assist_09,24783,full,random_history_mask,1.0,0.8846869468688965,0.12252142890378288,"39,46","9,34",student_concept_state_buffers
assist_09,24872,full,original,0.0,0.883470892906189,2.1496141908839634,79,,student_concept_state_buffers
assist_09,24872,full,target_concept_mask,0.0,0.8921772241592407,2.2272663641521993,79,79,student_concept_state_buffers
assist_09,24872,full,random_history_mask,0.0,0.8815850615501404,2.133560395150883,79,37,student_concept_state_buffers
assist_09,24954,full,original,1.0,0.9109453558921814,0.09327236607643861,"45,55",,student_concept_state_buffers
assist_09,24954,full,target_concept_mask,1.0,0.9252485036849976,0.07769292491793856,"45,55","45,55",student_concept_state_buffers
assist_09,24954,full,random_history_mask,1.0,0.9108812808990479,0.09334270755884533,"45,55","1,79",student_concept_state_buffers
assist_09,25039,full,original,1.0,0.9268225431442261,0.07599316308547728,33,,student_concept_state_buffers
assist_09,25039,full,target_concept_mask,1.0,0.9350946545600891,0.06710751999372429,33,33,student_concept_state_buffers
assist_09,25039,full,random_history_mask,1.0,0.9267724752426147,0.07604718556733212,33,51,student_concept_state_buffers
assist_09,25116,full,original,1.0,0.9188446402549744,0.08463822395890325,33,,student_concept_state_buffers
assist_09,25116,full,target_concept_mask,1.0,0.9306352138519287,0.07188790034345607,33,33,student_concept_state_buffers
assist_09,25116,full,random_history_mask,1.0,0.9188446402549744,0.08463822395890325,33,23,student_concept_state_buffers
assist_09,25145,full,original,1.0,0.902289092540741,0.10282030856107582,7,,student_concept_state_buffers
assist_09,25145,full,target_concept_mask,1.0,0.9123548865318298,0.0917262346301252,7,7,student_concept_state_buffers
assist_09,25145,full,random_history_mask,1.0,0.902289092540741,0.10282030856107582,7,11,student_concept_state_buffers
assist_09,25414,full,original,1.0,0.963815450668335,0.03685544391422017,49,,student_concept_state_buffers
assist_09,25414,full,target_concept_mask,1.0,0.9768610596656799,0.02341084824405449,49,49,student_concept_state_buffers
assist_09,25414,full,random_history_mask,1.0,0.963815450668335,0.03685544391422017,49,96,student_concept_state_buffers
assist_09,25426,full,original,1.0,0.8027676939964294,0.21968990452832915,"34,35,46",,student_concept_state_buffers
assist_09,25426,full,target_concept_mask,1.0,0.8582968711853027,0.15280523562718112,"34,35,46","34,35,46",student_concept_state_buffers
assist_09,25426,full,random_history_mask,1.0,0.8027676939964294,0.21968990452832915,"34,35,46","10,31,80",student_concept_state_buffers
assist_09,25631,full,original,0.0,0.9653763771057129,3.3632190872717103,30,,student_concept_state_buffers
assist_09,25631,full,target_concept_mask,0.0,0.9823645353317261,4.037843366433775,30,30,student_concept_state_buffers
assist_09,25631,full,random_history_mask,0.0,0.9653763771057129,3.3632190872717103,30,97,student_concept_state_buffers
assist_09,25894,full,original,1.0,0.841641902923584,0.17240064864263913,98,,student_concept_state_buffers
assist_09,25894,full,target_concept_mask,1.0,0.9423161745071411,0.059414418993531753,98,98,student_concept_state_buffers
assist_09,25894,full,random_history_mask,1.0,0.841641902923584,0.17240064864263913,98,66,student_concept_state_buffers
assist_09,25985,full,original,0.0,0.745546817779541,1.3686384197552721,99,,student_concept_state_buffers
assist_09,25985,full,target_concept_mask,0.0,0.8455445766448975,1.8678497462482555,99,99,student_concept_state_buffers
assist_09,25985,full,random_history_mask,0.0,0.7451384663581848,1.367034886630709,99,97,student_concept_state_buffers
assist_09,26069,full,original,0.0,0.7019456624984741,1.2104794684896136,98,,student_concept_state_buffers
assist_09,26069,full,target_concept_mask,0.0,0.8677812814712524,2.023297769085951,98,98,student_concept_state_buffers
assist_09,26069,full,random_history_mask,0.0,0.7019456624984741,1.2104794684896136,98,45,student_concept_state_buffers
assist_09,26193,full,original,0.0,0.9004310369491577,2.306904778909324,36,,student_concept_state_buffers
assist_09,26193,full,target_concept_mask,0.0,0.9138347506523132,2.451488322413211,36,36,student_concept_state_buffers
assist_09,26193,full,random_history_mask,0.0,0.9004310369491577,2.306904778909324,36,48,student_concept_state_buffers
assist_09,26215,full,original,0.0,0.7103404402732849,1.2390489775763518,2,,student_concept_state_buffers
assist_09,26215,full,target_concept_mask,0.0,0.8066312670707703,1.6431563795127047,2,2,student_concept_state_buffers
assist_09,26215,full,random_history_mask,0.0,0.7066242098808289,1.2263009316090503,2,29,student_concept_state_buffers
assist_09,26250,full,original,0.0,0.5611158609390259,0.8235198208744686,92,,student_concept_state_buffers
assist_09,26250,full,target_concept_mask,0.0,0.7346521615982056,1.3267137159566222,92,92,student_concept_state_buffers
assist_09,26250,full,random_history_mask,0.0,0.5579115748405457,0.816245359991314,92,48,student_concept_state_buffers
assist_09,26407,full,original,1.0,0.49063223600387573,0.7120604420112915,97,,student_concept_state_buffers
assist_09,26407,full,target_concept_mask,1.0,0.7146832346916199,0.335915862857536,97,97,student_concept_state_buffers
assist_09,26407,full,random_history_mask,1.0,0.49063223600387573,0.7120604420112915,97,10,student_concept_state_buffers
assist_09,26433,full,original,1.0,0.39096707105636597,0.9391319397903887,103,,student_concept_state_buffers
assist_09,26433,full,target_concept_mask,1.0,0.6931134462356567,0.36656159010836536,103,103,student_concept_state_buffers
assist_09,26433,full,random_history_mask,1.0,0.39096707105636597,0.9391319397903887,103,46,student_concept_state_buffers
assist_09,26577,full,original,1.0,0.7656452655792236,0.2670363162713862,82,,student_concept_state_buffers
assist_09,26577,full,target_concept_mask,1.0,0.8924374580383301,0.11379884281079347,82,82,student_concept_state_buffers
assist_09,26577,full,random_history_mask,1.0,0.7656452655792236,0.2670363162713862,82,97,student_concept_state_buffers
assist_09,26679,full,original,1.0,0.5838714241981506,0.5380744844378337,30,,student_concept_state_buffers
assist_09,26679,full,target_concept_mask,1.0,0.7877629399299622,0.23855807203731438,30,30,student_concept_state_buffers
assist_09,26679,full,random_history_mask,1.0,0.5754505395889282,0.5526019978863871,30,32,student_concept_state_buffers
assist_09,26693,full,original,1.0,0.41020554304122925,0.8910969204141201,"1,24,31,48",,student_concept_state_buffers
assist_09,26693,full,target_concept_mask,1.0,0.44314971566200256,0.8138476074271753,"1,24,31,48","1,24,31,48",student_concept_state_buffers
assist_09,26693,full,random_history_mask,1.0,0.398114413022995,0.9210158451022334,"1,24,31,48","32,44,47,51",student_concept_state_buffers
assist_09,26868,full,original,1.0,0.1855551153421402,1.6844033233179976,"1,24,31,48",,student_concept_state_buffers
assist_09,26868,full,target_concept_mask,1.0,0.4298648238182068,0.8442844829304745,"1,24,31,48","1,24,31,48",student_concept_state_buffers
assist_09,26868,full,random_history_mask,1.0,0.18615296483039856,1.6811865516863054,"1,24,31,48","32,33,44,51",student_concept_state_buffers
assist_09,27010,full,original,1.0,0.6023740172386169,0.5068767355006769,82,,student_concept_state_buffers
assist_09,27010,full,target_concept_mask,1.0,0.82930588722229,0.1871662085241429,82,82,student_concept_state_buffers
assist_09,27010,full,random_history_mask,1.0,0.5939345955848694,0.5209860741248525,82,32,student_concept_state_buffers
assist_09,27039,full,original,1.0,0.7870635390281677,0.23944629808268744,79,,student_concept_state_buffers
assist_09,27039,full,target_concept_mask,1.0,0.9291583895683289,0.073476060009447,79,79,student_concept_state_buffers
assist_09,27039,full,random_history_mask,1.0,0.7870635390281677,0.23944629808268744,79,45,student_concept_state_buffers
assist_09,27113,full,original,1.0,0.8861558437347412,0.12086244798178059,"45,55",,student_concept_state_buffers
assist_09,27113,full,target_concept_mask,1.0,0.8856216073036194,0.1214654993943598,"45,55","45,55",student_concept_state_buffers
assist_09,27113,full,random_history_mask,1.0,0.879740297794342,0.12812853120801637,"45,55","39,58",student_concept_state_buffers
assist_09,27132,full,original,1.0,0.8950371742248535,0.11089002612309076,82,,student_concept_state_buffers
assist_09,27132,full,target_concept_mask,1.0,0.9422535300254822,0.05948090046304848,82,82,student_concept_state_buffers
assist_09,27132,full,random_history_mask,1.0,0.8950371742248535,0.11089002612309076,82,46,student_concept_state_buffers
assist_09,27185,full,original,0.0,0.8201294541358948,1.7155178764767218,56,,student_concept_state_buffers
assist_09,27185,full,target_concept_mask,0.0,0.9152643084526062,2.468218378274374,56,56,student_concept_state_buffers
assist_09,27185,full,random_history_mask,0.0,0.8134281039237976,1.6789386124359005,56,79,student_concept_state_buffers
assist_09,27522,full,original,1.0,0.9321722984313965,0.07023761182123327,30,,student_concept_state_buffers
assist_09,27522,full,target_concept_mask,1.0,0.9515733122825623,0.04963854604689749,30,30,student_concept_state_buffers
assist_09,27522,full,random_history_mask,1.0,0.9321722984313965,0.07023761182123327,30,45,student_concept_state_buffers
assist_09,27531,full,original,0.0,0.9056533575057983,2.3607795934478033,"6,40",,student_concept_state_buffers
assist_09,27531,full,target_concept_mask,0.0,0.9529416561126709,3.0563670878166254,"6,40","6,40",student_concept_state_buffers
assist_09,27531,full,random_history_mask,0.0,0.9056533575057983,2.3607795934478033,"6,40","4,80",student_concept_state_buffers
assist_09,27546,full,original,0.0,0.6137647032737732,0.9513085182229535,103,,student_concept_state_buffers
assist_09,27546,full,target_concept_mask,0.0,0.6341474652290344,1.0055249372328425,103,103,student_concept_state_buffers
assist_09,27546,full,random_history_mask,0.0,0.6072277426719666,0.9345253329797213,103,80,student_concept_state_buffers
assist_09,27601,full,original,1.0,0.829213559627533,0.18727754589197157,60,,student_concept_state_buffers
assist_09,27601,full,target_concept_mask,1.0,0.8853326439857483,0.1217918356847808,60,60,student_concept_state_buffers
assist_09,27601,full,random_history_mask,1.0,0.829213559627533,0.18727754589197157,60,39,student_concept_state_buffers
assist_09,27686,full,original,1.0,0.8957169651985168,0.11013080296525853,82,,student_concept_state_buffers
assist_09,27686,full,target_concept_mask,1.0,0.9554895758628845,0.04553142497630179,82,82,student_concept_state_buffers
assist_09,27686,full,random_history_mask,1.0,0.8957169651985168,0.11013080296525853,82,45,student_concept_state_buffers
assist_09,27747,full,original,1.0,0.5906744003295898,0.5264903434621481,79,,student_concept_state_buffers
assist_09,27747,full,target_concept_mask,1.0,0.7767396569252014,0.2526500466325883,79,79,student_concept_state_buffers
assist_09,27747,full,random_history_mask,1.0,0.5856930017471313,0.5349595144858172,79,30,student_concept_state_buffers
assist_09,28168,full,original,1.0,0.2968169152736664,1.2146397771509545,42,,student_concept_state_buffers
assist_09,28168,full,target_concept_mask,1.0,0.529334306716919,0.6361350869589895,42,42,student_concept_state_buffers
assist_09,28168,full,random_history_mask,1.0,0.29586556553840637,1.2178500983030833,42,32,student_concept_state_buffers
assist_09,28181,full,original,0.0,0.11649022996425629,0.1238529289521834,47,,student_concept_state_buffers
assist_09,28181,full,target_concept_mask,0.0,0.21701881289482117,0.24464660996557475,47,47,student_concept_state_buffers
assist_09,28181,full,random_history_mask,0.0,0.11649022996425629,0.1238529289521834,47,14,student_concept_state_buffers
assist_09,28419,full,original,1.0,0.35757505893707275,1.0284099838168206,49,,student_concept_state_buffers
assist_09,28419,full,target_concept_mask,1.0,0.6135425567626953,0.48850565006060476,49,49,student_concept_state_buffers
assist_09,28419,full,random_history_mask,1.0,0.35757505893707275,1.0284099838168206,49,20,student_concept_state_buffers
assist_09,28549,full,original,1.0,0.936384916305542,0.06572865166946583,56,,student_concept_state_buffers
assist_09,28549,full,target_concept_mask,1.0,0.9571150541305542,0.04383167100359361,56,56,student_concept_state_buffers
assist_09,28549,full,random_history_mask,1.0,0.936384916305542,0.06572865166946583,56,,student_concept_state_buffers
assist_09,28557,full,original,1.0,0.7565010190010071,0.2790513987605727,56,,student_concept_state_buffers
assist_09,28557,full,target_concept_mask,1.0,0.930682361125946,0.07183724023616302,56,56,student_concept_state_buffers
assist_09,28557,full,random_history_mask,1.0,0.7565010190010071,0.2790513987605727,56,,student_concept_state_buffers
assist_09,28686,full,original,1.0,0.23729698359966278,1.4384428269584917,30,,student_concept_state_buffers
assist_09,28686,full,target_concept_mask,1.0,0.618643045425415,0.4802268359186532,30,30,student_concept_state_buffers
assist_09,28686,full,random_history_mask,1.0,0.2374342978000641,1.4378643346214128,30,1,student_concept_state_buffers
assist_09,28862,full,original,0.0,0.23694612085819244,0.2704266353260379,30,,student_concept_state_buffers
assist_09,28862,full,target_concept_mask,0.0,0.4977112114429474,0.688580048688153,30,30,student_concept_state_buffers
assist_09,28862,full,random_history_mask,0.0,0.22318026423454285,0.25254695583257974,30,44,student_concept_state_buffers
assist_09,28866,full,original,0.0,0.43005064129829407,0.5622077664834092,30,,student_concept_state_buffers
assist_09,28866,full,target_concept_mask,0.0,0.7617356777191162,1.4343746237493464,30,30,student_concept_state_buffers
assist_09,28866,full,random_history_mask,0.0,0.43005064129829407,0.5622077664834092,30,,student_concept_state_buffers
assist_09,28890,full,original,1.0,0.4938053786754608,0.7056138097134887,48,,student_concept_state_buffers
assist_09,28890,full,target_concept_mask,1.0,0.7301700115203857,0.3144778794612681,48,48,student_concept_state_buffers
assist_09,28890,full,random_history_mask,1.0,0.45993977785110474,0.7766597157844581,48,1,student_concept_state_buffers
assist_09,28964,full,original,0.0,0.7329813241958618,1.3204366761960749,30,,student_concept_state_buffers
assist_09,28964,full,target_concept_mask,0.0,0.9203090667724609,2.5295994609177592,30,30,student_concept_state_buffers
assist_09,28964,full,random_history_mask,0.0,0.7329813241958618,1.3204366761960749,30,,student_concept_state_buffers
assist_09,29019,full,original,1.0,0.7928261160850525,0.2321513549283803,32,,student_concept_state_buffers
assist_09,29019,full,target_concept_mask,1.0,0.8712545037269592,0.1378211476502226,32,32,student_concept_state_buffers
assist_09,29019,full,random_history_mask,1.0,0.7928261160850525,0.2321513549283803,32,1,student_concept_state_buffers
assist_09,29108,full,original,1.0,0.7672975659370422,0.26488059204772707,32,,student_concept_state_buffers
assist_09,29108,full,target_concept_mask,1.0,0.885744571685791,0.1213266637500671,32,32,student_concept_state_buffers
assist_09,29108,full,random_history_mask,1.0,0.7672975659370422,0.26488059204772707,32,17,student_concept_state_buffers
assist_09,29356,full,original,0.0,0.5595563650131226,0.8199727986900716,82,,student_concept_state_buffers
assist_09,29356,full,target_concept_mask,0.0,0.6715711951255798,1.1134351924781138,82,82,student_concept_state_buffers
assist_09,29356,full,random_history_mask,0.0,0.5593630075454712,0.819533888867898,82,37,student_concept_state_buffers
assist_09,29369,full,original,1.0,0.816023588180542,0.2033120173518342,98,,student_concept_state_buffers
assist_09,29369,full,target_concept_mask,1.0,0.9610654711723328,0.039712744161461165,98,98,student_concept_state_buffers
assist_09,29369,full,random_history_mask,1.0,0.8292347192764282,0.18725202848613434,98,59,student_concept_state_buffers
assist_09,29419,full,original,1.0,0.866316020488739,0.14350551725375874,4,,student_concept_state_buffers
assist_09,29419,full,target_concept_mask,1.0,0.9364715814590454,0.06563610303728956,4,4,student_concept_state_buffers
assist_09,29419,full,random_history_mask,1.0,0.8654657602310181,0.14448746582892807,4,11,student_concept_state_buffers
assist_09,29460,full,original,0.0,0.42947232723236084,0.5611936046905046,"5,8",,student_concept_state_buffers
assist_09,29460,full,target_concept_mask,0.0,0.5834002494812012,0.8756293490061436,"5,8","5,8",student_concept_state_buffers
assist_09,29460,full,random_history_mask,0.0,0.4200651943683624,0.544839585842868,"5,8","6,44",student_concept_state_buffers
assist_09,29895,full,original,0.0,0.2380528748035431,0.271878115209016,82,,student_concept_state_buffers
assist_09,29895,full,target_concept_mask,0.0,0.7151032090187073,1.2556283012086362,82,82,student_concept_state_buffers
assist_09,29895,full,random_history_mask,0.0,0.23440781235694885,0.26710564312344565,82,37,student_concept_state_buffers
assist_09,29908,full,original,1.0,0.9075368642807007,0.09702109187125871,79,,student_concept_state_buffers
assist_09,29908,full,target_concept_mask,1.0,0.9344727993011475,0.06777275973202901,79,79,student_concept_state_buffers
assist_09,29908,full,random_history_mask,1.0,0.9075368642807007,0.09702109187125871,79,78,student_concept_state_buffers
assist_09,29959,full,original,1.0,0.778735339641571,0.25008403455806644,38,,student_concept_state_buffers
assist_09,29959,full,target_concept_mask,1.0,0.8486501574516296,0.16410824184273426,38,38,student_concept_state_buffers
assist_09,29959,full,random_history_mask,1.0,0.778735339641571,0.25008403455806644,38,34,student_concept_state_buffers
assist_09,30075,full,original,1.0,0.8760140538215637,0.1323731449991349,79,,student_concept_state_buffers
assist_09,30075,full,target_concept_mask,1.0,0.9235745668411255,0.07950373886543599,79,79,student_concept_state_buffers
assist_09,30075,full,random_history_mask,1.0,0.8751290440559387,0.13338392457739678,79,38,student_concept_state_buffers
assist_09,30464,full,original,1.0,0.7487643957138062,0.289330903408345,30,,student_concept_state_buffers
assist_09,30464,full,target_concept_mask,1.0,0.8749130964279175,0.13363071592501263,30,30,student_concept_state_buffers
assist_09,30464,full,random_history_mask,1.0,0.7407961487770081,0.3000297943988212,30,32,student_concept_state_buffers
assist_09,30606,full,original,1.0,0.8487784266471863,0.16395710830226912,79,,student_concept_state_buffers
assist_09,30606,full,target_concept_mask,1.0,0.8967928290367126,0.10893040342396122,79,79,student_concept_state_buffers
assist_09,30606,full,random_history_mask,1.0,0.8417150378227234,0.1723137569116994,79,34,student_concept_state_buffers
assist_09,30691,full,original,0.0,0.49512770771980286,0.6834497682618458,79,,student_concept_state_buffers
assist_09,30691,full,target_concept_mask,0.0,0.8232028484344482,1.73275223996295,79,79,student_concept_state_buffers
assist_09,30691,full,random_history_mask,0.0,0.49363192915916443,0.6804914614021581,79,82,student_concept_state_buffers
assist_09,30920,full,original,0.0,0.5764340162277222,0.8590459711887688,79,,student_concept_state_buffers
assist_09,30920,full,target_concept_mask,0.0,0.9176775813102722,2.4971118063315125,79,79,student_concept_state_buffers
assist_09,30920,full,random_history_mask,0.0,0.5764340162277222,0.8590459711887688,79,58,student_concept_state_buffers
assist_09,30951,full,original,0.0,0.7518953680992126,1.3939047189673714,33,,student_concept_state_buffers
assist_09,30951,full,target_concept_mask,0.0,0.898082435131073,2.283590980017038,33,33,student_concept_state_buffers
assist_09,30951,full,random_history_mask,0.0,0.7518953680992126,1.3939047189673714,33,37,student_concept_state_buffers
assist_09,31279,full,original,1.0,0.9556329250335693,0.04538140929610713,34,,student_concept_state_buffers
assist_09,31279,full,target_concept_mask,1.0,0.9623904228210449,0.038335065720886886,34,34,student_concept_state_buffers
assist_09,31279,full,random_history_mask,1.0,0.9566110968589783,0.044358347490681016,34,53,student_concept_state_buffers
assist_09,31471,full,original,1.0,0.932461142539978,0.06992779853080827,42,,student_concept_state_buffers
assist_09,31471,full,target_concept_mask,1.0,0.9558836221694946,0.04511910747326443,42,42,student_concept_state_buffers
assist_09,31471,full,random_history_mask,1.0,0.932461142539978,0.06992779853080827,42,34,student_concept_state_buffers
assist_09,31481,full,original,1.0,0.8061913251876831,0.21543418848139398,79,,student_concept_state_buffers
assist_09,31481,full,target_concept_mask,1.0,0.8406185507774353,0.17361728815898603,79,79,student_concept_state_buffers
assist_09,31481,full,random_history_mask,1.0,0.800045371055603,0.22308683910287383,79,42,student_concept_state_buffers
assist_09,31514,full,original,1.0,0.7970058917999268,0.22689320774756896,82,,student_concept_state_buffers
assist_09,31514,full,target_concept_mask,1.0,0.9134243726730347,0.09055469512650141,82,82,student_concept_state_buffers
assist_09,31514,full,random_history_mask,1.0,0.7970058917999268,0.22689320774756896,82,53,student_concept_state_buffers
assist_09,31655,full,original,1.0,0.20653147995471954,1.5773024328983485,79,,student_concept_state_buffers
assist_09,31655,full,target_concept_mask,1.0,0.6377242207527161,0.4498493449603334,79,79,student_concept_state_buffers
assist_09,31655,full,random_history_mask,1.0,0.20653147995471954,1.5773024328983485,79,80,student_concept_state_buffers
assist_09,31717,full,original,1.0,0.682203471660614,0.3824273200914343,32,,student_concept_state_buffers
assist_09,31717,full,target_concept_mask,1.0,0.8784116506576538,0.12963994481567978,32,32,student_concept_state_buffers
assist_09,31717,full,random_history_mask,1.0,0.6813992857933044,0.38360682190183654,32,81,student_concept_state_buffers
assist_09,31749,full,original,1.0,0.4156745374202728,0.8778526868962173,33,,student_concept_state_buffers
assist_09,31749,full,target_concept_mask,1.0,0.8292458653450012,0.1872385871848897,33,33,student_concept_state_buffers
assist_09,31749,full,random_history_mask,1.0,0.4150739014148712,0.879298698906549,33,79,student_concept_state_buffers
assist_09,31877,full,original,0.0,0.7836509943008423,1.5308624081195497,82,,student_concept_state_buffers
assist_09,31877,full,target_concept_mask,0.0,0.8026941418647766,1.623000174882829,82,82,student_concept_state_buffers
assist_09,31877,full,random_history_mask,0.0,0.7755682468414307,1.4941836128549606,82,55,student_concept_state_buffers
assist_09,31950,full,original,0.0,0.49281540513038635,0.6788802492115268,82,,student_concept_state_buffers
assist_09,31950,full,target_concept_mask,0.0,0.8120051622390747,1.6713407752476679,82,82,student_concept_state_buffers
assist_09,31950,full,random_history_mask,0.0,0.48664727807044983,0.6667921029632099,82,37,student_concept_state_buffers
assist_09,32031,full,original,1.0,0.5316792726516724,0.6317148423957618,"37,55",,student_concept_state_buffers
assist_09,32031,full,target_concept_mask,1.0,0.7530112266540527,0.2836751420582552,"37,55","37,55",student_concept_state_buffers
assist_09,32031,full,random_history_mask,1.0,0.526034414768219,0.642388641068695,"37,55","30,45",student_concept_state_buffers
assist_09,32140,full,original,1.0,0.4802135229110718,0.7335244345938472,81,,student_concept_state_buffers
assist_09,32140,full,target_concept_mask,1.0,0.8418567776679993,0.1721453769895522,81,81,student_concept_state_buffers
assist_09,32140,full,random_history_mask,1.0,0.47650060057640076,0.7412862954974873,81,55,student_concept_state_buffers
assist_09,32322,full,original,0.0,0.901141881942749,2.314069607727459,99,,student_concept_state_buffers
assist_09,32322,full,target_concept_mask,0.0,0.9716274738311768,3.562333990458866,99,99,student_concept_state_buffers
assist_09,32322,full,random_history_mask,0.0,0.9000492095947266,2.3030773100602584,99,63,student_concept_state_buffers
assist_09,32568,full,original,0.0,0.3632388114929199,0.4513605940055183,79,,student_concept_state_buffers
assist_09,32568,full,target_concept_mask,0.0,0.7675350904464722,1.4590159919967924,79,79,student_concept_state_buffers
assist_09,32568,full,random_history_mask,0.0,0.3632388114929199,0.4513605940055183,79,36,student_concept_state_buffers
assist_09,32613,full,original,0.0,0.4054935574531555,0.5200237259935443,8,,student_concept_state_buffers
assist_09,32613,full,target_concept_mask,0.0,0.6747834086418152,1.1232638836732955,8,8,student_concept_state_buffers
assist_09,32613,full,random_history_mask,0.0,0.4054935574531555,0.5200237259935443,8,19,student_concept_state_buffers
assist_09,32691,full,original,1.0,0.631486177444458,0.4596792258801445,81,,student_concept_state_buffers
assist_09,32691,full,target_concept_mask,1.0,0.8105872869491577,0.20999624841800035,81,81,student_concept_state_buffers
assist_09,32691,full,random_history_mask,1.0,0.631486177444458,0.4596792258801445,81,88,student_concept_state_buffers
assist_09,32736,full,original,0.0,0.7648444771766663,1.447508184482302,98,,student_concept_state_buffers
assist_09,32736,full,target_concept_mask,0.0,0.9342828392982483,2.7223951897020395,98,98,student_concept_state_buffers
assist_09,32736,full,random_history_mask,0.0,0.7648444771766663,1.447508184482302,98,101,student_concept_state_buffers
assist_09,32828,full,original,1.0,0.5813990235328674,0.5423179703688038,26,,student_concept_state_buffers
assist_09,32828,full,target_concept_mask,1.0,0.8142836689949036,0.20544648597860807,26,26,student_concept_state_buffers
assist_09,32828,full,random_history_mask,1.0,0.5645762085914612,0.5716799025708605,26,98,student_concept_state_buffers
assist_09,32954,full,original,1.0,0.6164904832839966,0.4837123931813998,81,,student_concept_state_buffers
assist_09,32954,full,target_concept_mask,1.0,0.8657514452934265,0.1441574262890136,81,81,student_concept_state_buffers
assist_09,32954,full,random_history_mask,1.0,0.6164904832839966,0.4837123931813998,81,9,student_concept_state_buffers
assist_09,33119,full,original,0.0,0.14817489683628082,0.16037405120208448,79,,student_concept_state_buffers
assist_09,33119,full,target_concept_mask,0.0,0.42070767283439636,0.545948045977453,79,79,student_concept_state_buffers
assist_09,33119,full,random_history_mask,0.0,0.14577539265155792,0.15756111351083854,79,81,student_concept_state_buffers
assist_09,33158,full,original,1.0,0.8711308240890503,0.13796311353588772,52,,student_concept_state_buffers
assist_09,33158,full,target_concept_mask,1.0,0.9218226075172424,0.0814024735926507,52,52,student_concept_state_buffers
assist_09,33158,full,random_history_mask,1.0,0.8711308240890503,0.13796311353588772,52,18,student_concept_state_buffers
assist_09,33275,full,original,0.0,0.19004061818122864,0.21077117847575183,49,,student_concept_state_buffers
assist_09,33275,full,target_concept_mask,0.0,0.5113922953605652,0.7161953514751385,49,49,student_concept_state_buffers
assist_09,33275,full,random_history_mask,0.0,0.19004061818122864,0.21077117847575183,49,85,student_concept_state_buffers
assist_09,33290,full,original,0.0,0.6242070198059082,0.9787168718097777,29,,student_concept_state_buffers
assist_09,33290,full,target_concept_mask,0.0,0.9192776679992676,2.5167400133549287,29,29,student_concept_state_buffers
assist_09,33290,full,random_history_mask,0.0,0.6242070198059082,0.9787168718097777,29,33,student_concept_state_buffers
assist_09,33484,full,original,0.0,0.6636760830879211,1.089680544976739,50,,student_concept_state_buffers
assist_09,33484,full,target_concept_mask,0.0,0.7536627054214478,1.4010535659982457,50,50,student_concept_state_buffers
assist_09,33484,full,random_history_mask,0.0,0.6622205376625061,1.0853620747471548,50,51,student_concept_state_buffers
assist_09,33491,full,original,0.0,0.34991273283958435,0.43064866793427126,51,,student_concept_state_buffers
assist_09,33491,full,target_concept_mask,0.0,0.5011026859283447,0.6953549878304688,51,51,student_concept_state_buffers
assist_09,33491,full,random_history_mask,0.0,0.3503767251968384,0.4313626613381633,51,44,student_concept_state_buffers
assist_09,33697,full,original,1.0,0.3478522300720215,1.0559775156167328,52,,student_concept_state_buffers
assist_09,33697,full,target_concept_mask,1.0,0.7471635937690735,0.29147111679699506,52,52,student_concept_state_buffers
assist_09,33697,full,random_history_mask,1.0,0.3478522300720215,1.0559775156167328,52,58,student_concept_state_buffers
assist_09,33754,full,original,1.0,0.9646725058555603,0.03596660741332219,"6,14",,student_concept_state_buffers
assist_09,33754,full,target_concept_mask,1.0,0.9622806906700134,0.038449092632166657,"6,14","6,14",student_concept_state_buffers
assist_09,33754,full,random_history_mask,1.0,0.9644947052001953,0.036150936334993125,"6,14","49,55",student_concept_state_buffers
assist_09,33786,full,original,1.0,0.9411215782165527,0.06068294666220831,34,,student_concept_state_buffers
assist_09,33786,full,target_concept_mask,1.0,0.9510141015052795,0.05022638846542031,34,34,student_concept_state_buffers
assist_09,33786,full,random_history_mask,1.0,0.9411215782165527,0.06068294666220831,34,48,student_concept_state_buffers
assist_09,33788,full,original,1.0,0.8502904176712036,0.16217732000446775,81,,student_concept_state_buffers
assist_09,33788,full,target_concept_mask,1.0,0.9132954478263855,0.0906958496105295,81,81,student_concept_state_buffers
assist_09,33788,full,random_history_mask,1.0,0.84685218334198,0.1662291174562302,81,30,student_concept_state_buffers
assist_09,34020,full,original,0.0,0.32450154423713684,0.3923044076498361,53,,student_concept_state_buffers
assist_09,34020,full,target_concept_mask,0.0,0.7146672010421753,1.2540990643216203,53,53,student_concept_state_buffers
assist_09,34020,full,random_history_mask,0.0,0.32061728835105896,0.38657067007788887,53,41,student_concept_state_buffers
assist_09,34271,full,original,1.0,0.8131237030029297,0.20687202479374361,81,,student_concept_state_buffers
assist_09,34271,full,target_concept_mask,1.0,0.8253981471061707,0.19188940650968067,81,81,student_concept_state_buffers
assist_09,34271,full,random_history_mask,1.0,0.8138322234153748,0.2060010479642788,81,80,student_concept_state_buffers
assist_09,34375,full,original,1.0,0.6004632711410522,0.5100538031277637,41,,student_concept_state_buffers
assist_09,34375,full,target_concept_mask,1.0,0.8428882956504822,0.17092083788542825,41,41,student_concept_state_buffers
assist_09,34375,full,random_history_mask,1.0,0.555989682674408,0.5870055412447186,41,34,student_concept_state_buffers
assist_09,34449,full,original,1.0,0.8895476460456848,0.11704220833532451,52,,student_concept_state_buffers
assist_09,34449,full,target_concept_mask,1.0,0.9036667943000793,0.10129457691210833,52,52,student_concept_state_buffers
assist_09,34449,full,random_history_mask,1.0,0.8895476460456848,0.11704220833532451,52,13,student_concept_state_buffers
assist_09,34515,full,original,0.0,0.21526293456554413,0.24240656579864264,30,,student_concept_state_buffers
assist_09,34515,full,target_concept_mask,0.0,0.5880407094955444,0.8868307439697914,30,30,student_concept_state_buffers
assist_09,34515,full,random_history_mask,0.0,0.21526293456554413,0.24240656579864264,30,36,student_concept_state_buffers
assist_09,34543,full,original,1.0,0.6222270131111145,0.4744502799818953,36,,student_concept_state_buffers
assist_09,34543,full,target_concept_mask,1.0,0.8388833403587341,0.17568362823906591,36,36,student_concept_state_buffers
assist_09,34543,full,random_history_mask,1.0,0.6124246120452881,0.490329426513552,36,98,student_concept_state_buffers
assist_09,34681,full,original,1.0,0.6031625270843506,0.505568587752039,32,,student_concept_state_buffers
assist_09,34681,full,target_concept_mask,1.0,0.8441687822341919,0.1694028254288405,32,32,student_concept_state_buffers
assist_09,34681,full,random_history_mask,1.0,0.6031625270843506,0.505568587752039,32,56,student_concept_state_buffers
assist_09,34814,full,original,0.0,0.49113699793815613,0.6755764498148003,30,,student_concept_state_buffers
assist_09,34814,full,target_concept_mask,0.0,0.7320762276649475,1.3170527705152408,30,30,student_concept_state_buffers
assist_09,34814,full,random_history_mask,0.0,0.49113699793815613,0.6755764498148003,30,42,student_concept_state_buffers
assist_09,34943,full,original,0.0,0.8168253302574158,1.6973151018989237,56,,student_concept_state_buffers
assist_09,34943,full,target_concept_mask,0.0,0.837485134601593,1.8169858020215155,56,56,student_concept_state_buffers
assist_09,34943,full,random_history_mask,0.0,0.8160637617111206,1.6931661124676054,56,32,student_concept_state_buffers
assist_09,35067,full,original,1.0,0.2653507888317108,1.3267025969155506,49,,student_concept_state_buffers
assist_09,35067,full,target_concept_mask,1.0,0.6351180672645569,0.453944364672698,49,49,student_concept_state_buffers
assist_09,35067,full,random_history_mask,1.0,0.2652791738510132,1.3269725212928714,49,51,student_concept_state_buffers
assist_09,35150,full,original,1.0,0.6151405572891235,0.48590448885123544,98,,student_concept_state_buffers
assist_09,35150,full,target_concept_mask,1.0,0.8465552926063538,0.16657976045608097,98,98,student_concept_state_buffers
assist_09,35150,full,random_history_mask,1.0,0.6055948734283447,0.5015440421715703,98,59,student_concept_state_buffers
assist_09,35261,full,original,1.0,0.7582027912139893,0.27680439453766104,44,,student_concept_state_buffers
assist_09,35261,full,target_concept_mask,1.0,0.9062734246253967,0.09841422528479603,44,44,student_concept_state_buffers
assist_09,35261,full,random_history_mask,1.0,0.7582027912139893,0.27680439453766104,44,55,student_concept_state_buffers
assist_09,35343,full,original,1.0,0.8531855344772339,0.15877824696229137,82,,student_concept_state_buffers
assist_09,35343,full,target_concept_mask,1.0,0.8671224117279053,0.14257512217038087,82,82,student_concept_state_buffers
assist_09,35343,full,random_history_mask,1.0,0.8531855344772339,0.15877824696229137,82,13,student_concept_state_buffers
assist_09,35344,full,original,1.0,0.8891947269439697,0.1174390270221734,82,,student_concept_state_buffers
assist_09,35344,full,target_concept_mask,1.0,0.8999356627464294,0.10543200405036117,82,82,student_concept_state_buffers
assist_09,35344,full,random_history_mask,1.0,0.884219765663147,0.12304964354992796,82,80,student_concept_state_buffers
assist_09,35412,full,original,1.0,0.7690135836601257,0.26264664557512,"12,13",,student_concept_state_buffers
assist_09,35412,full,target_concept_mask,1.0,0.7371814250946045,0.3049212500657571,"12,13","12,13",student_concept_state_buffers
assist_09,35412,full,random_history_mask,1.0,0.7689429521560669,0.26273849668074445,"12,13","9,78",student_concept_state_buffers
assist_09,35480,full,original,0.0,0.8360779285430908,1.808364138132137,122,,student_concept_state_buffers
assist_09,35480,full,target_concept_mask,0.0,0.9477239847183228,2.9512176119205624,122,122,student_concept_state_buffers
assist_09,35480,full,random_history_mask,0.0,0.8519055843353271,1.9099052649373691,122,114,student_concept_state_buffers
assist_09,35590,full,original,0.0,0.19816923141479492,0.2208577051208777,"12,13",,student_concept_state_buffers
assist_09,35590,full,target_concept_mask,0.0,0.2956938147544861,0.35054209515160967,"12,13","12,13",student_concept_state_buffers
assist_09,35590,full,random_history_mask,0.0,0.19816923141479492,0.2208577051208777,"12,13","38,72",student_concept_state_buffers
assist_09,35596,full,original,1.0,0.8270797729492188,0.18985412797054818,55,,student_concept_state_buffers
assist_09,35596,full,target_concept_mask,1.0,0.8513045907020569,0.16098529352818927,55,55,student_concept_state_buffers
assist_09,35596,full,random_history_mask,1.0,0.8270048499107361,0.18994471951284106,55,38,student_concept_state_buffers
assist_09,36089,full,original,0.0,0.1768203228712082,0.19458078241428245,92,,student_concept_state_buffers
assist_09,36089,full,target_concept_mask,0.0,0.42964842915534973,0.5615023173353765,92,92,student_concept_state_buffers
assist_09,36089,full,random_history_mask,0.0,0.1768203228712082,0.19458078241428245,92,22,student_concept_state_buffers
assist_09,36366,full,original,0.0,0.23424215614795685,0.2668892899628604,"5,8",,student_concept_state_buffers
assist_09,36366,full,target_concept_mask,0.0,0.30411869287490845,0.36257616893040107,"5,8","5,8",student_concept_state_buffers
assist_09,36366,full,random_history_mask,0.0,0.23422352969646454,0.2668649660527513,"5,8","49,56",student_concept_state_buffers
assist_09,36462,full,original,0.0,0.9540067315101624,3.079260230378814,"5,10",,student_concept_state_buffers
assist_09,36462,full,target_concept_mask,0.0,0.9693493843078613,3.4851025289668076,"5,10","5,10",student_concept_state_buffers
assist_09,36462,full,random_history_mask,0.0,0.9539862275123596,3.0788145253996224,"5,10","7,44",student_concept_state_buffers
assist_09,36489,full,original,0.0,0.44914335012435913,0.5962806672427138,106,,student_concept_state_buffers
assist_09,36489,full,target_concept_mask,0.0,0.8336835503578186,1.7938629822079513,106,106,student_concept_state_buffers
assist_09,36489,full,random_history_mask,0.0,0.4480040967464447,0.5942146543746922,106,7,student_concept_state_buffers
assist_09,36570,full,original,0.0,0.5286428928375244,0.7521392829414116,119,,student_concept_state_buffers
assist_09,36570,full,target_concept_mask,0.0,0.7595889568328857,1.4254051407408888,119,119,student_concept_state_buffers
assist_09,36570,full,random_history_mask,0.0,0.5247578024864197,0.7439307153947023,119,1,student_concept_state_buffers
assist_09,36590,full,original,1.0,0.8638388514518738,0.14636904209737248,98,,student_concept_state_buffers
assist_09,36590,full,target_concept_mask,1.0,0.9419006705284119,0.059855455264446196,98,98,student_concept_state_buffers
assist_09,36590,full,random_history_mask,1.0,0.8638388514518738,0.14636904209737248,98,8,student_concept_state_buffers
assist_09,36618,full,original,0.0,0.5361925363540649,0.7682857619099904,106,,student_concept_state_buffers
assist_09,36618,full,target_concept_mask,0.0,0.7314793467521667,1.3148274471429335,106,106,student_concept_state_buffers
assist_09,36618,full,random_history_mask,0.0,0.5382257699966431,0.7726791869896246,106,8,student_concept_state_buffers
assist_09,36701,full,original,1.0,0.6936177611351013,0.3658342466707949,98,,student_concept_state_buffers
assist_09,36701,full,target_concept_mask,1.0,0.8187578916549683,0.19996685341657033,98,98,student_concept_state_buffers
assist_09,36701,full,random_history_mask,1.0,0.6936177611351013,0.3658342466707949,98,56,student_concept_state_buffers
assist_09,36883,full,original,0.0,0.5827155113220215,0.8739870627489047,7,,student_concept_state_buffers
assist_09,36883,full,target_concept_mask,0.0,0.8051338195800781,1.6354422102554385,7,7,student_concept_state_buffers
assist_09,36883,full,random_history_mask,0.0,0.5827155113220215,0.8739870627489047,7,61,student_concept_state_buffers
assist_09,36895,full,original,1.0,0.7288334965705872,0.31630997282667617,106,,student_concept_state_buffers
assist_09,36895,full,target_concept_mask,1.0,0.8483097553253174,0.1645094323815502,106,106,student_concept_state_buffers
assist_09,36895,full,random_history_mask,1.0,0.7066545486450195,0.34721334827506,106,98,student_concept_state_buffers
assist_09,36950,full,original,0.0,0.5540408492088318,0.8075279213110387,"5,9",,student_concept_state_buffers
assist_09,36950,full,target_concept_mask,0.0,0.7600237727165222,1.4272154135317259,"5,9","5,9",student_concept_state_buffers
assist_09,36950,full,random_history_mask,0.0,0.5504545569419861,0.7995183332771528,"5,9","8,98",student_concept_state_buffers
assist_09,36970,full,original,0.0,0.15665501356124878,0.17037916811258458,"22,43",,student_concept_state_buffers
assist_09,36970,full,target_concept_mask,0.0,0.3441963195800781,0.42189380248010633,"22,43","22,43",student_concept_state_buffers
assist_09,36970,full,random_history_mask,0.0,0.15665501356124878,0.17037916811258458,"22,43","36,55",student_concept_state_buffers
assist_09,37041,full,original,1.0,0.8938686847686768,0.11219639964351065,30,,student_concept_state_buffers
assist_09,37041,full,target_concept_mask,1.0,0.9457699656486511,0.055755904775995485,30,30,student_concept_state_buffers
assist_09,37041,full,random_history_mask,1.0,0.8843179941177368,0.122938559176244,30,32,student_concept_state_buffers
assist_09,37234,full,original,1.0,0.8464865684509277,0.1666609446926253,62,,student_concept_state_buffers
assist_09,37234,full,target_concept_mask,1.0,0.8912793397903442,0.11509738797461368,62,62,student_concept_state_buffers
assist_09,37234,full,random_history_mask,1.0,0.8464865684509277,0.1666609446926253,62,42,student_concept_state_buffers
assist_09,37271,full,original,1.0,0.906337320804596,0.09834372346372189,59,,student_concept_state_buffers
assist_09,37271,full,target_concept_mask,1.0,0.9401068091392517,0.061761783429232164,59,59,student_concept_state_buffers
assist_09,37271,full,random_history_mask,1.0,0.906337320804596,0.09834372346372189,59,92,student_concept_state_buffers
assist_09,37315,full,original,1.0,0.6003856062889099,0.510183153046326,97,,student_concept_state_buffers
assist_09,37315,full,target_concept_mask,1.0,0.7942365407943726,0.2303739517811011,97,97,student_concept_state_buffers
assist_09,37315,full,random_history_mask,1.0,0.6003856062889099,0.510183153046326,97,59,student_concept_state_buffers
assist_09,37388,full,original,1.0,0.3140009343624115,1.1583593174018412,97,,student_concept_state_buffers
assist_09,37388,full,target_concept_mask,1.0,0.7197721600532532,0.32882056142160265,97,97,student_concept_state_buffers
assist_09,37388,full,random_history_mask,1.0,0.3120812177658081,1.1644918116963474,97,38,student_concept_state_buffers
assist_09,37470,full,original,0.0,0.5110650658607483,0.7155258573803369,96,,student_concept_state_buffers
assist_09,37470,full,target_concept_mask,0.0,0.5266559720039368,0.7479328229523089,96,96,student_concept_state_buffers
assist_09,37470,full,random_history_mask,0.0,0.5110650658607483,0.7155258573803369,96,61,student_concept_state_buffers
assist_09,37538,full,original,1.0,0.8978509306907654,0.10775122591764948,56,,student_concept_state_buffers
assist_09,37538,full,target_concept_mask,1.0,0.940265417098999,0.06159308495782284,56,56,student_concept_state_buffers
assist_09,37538,full,random_history_mask,1.0,0.8947429656982422,0.11121879111796211,56,37,student_concept_state_buffers
assist_09,37550,full,original,0.0,0.4388744831085205,0.5778106607105307,97,,student_concept_state_buffers
assist_09,37550,full,target_concept_mask,0.0,0.730927586555481,1.3127747406457229,97,97,student_concept_state_buffers
assist_09,37550,full,random_history_mask,0.0,0.4388744831085205,0.5778106607105307,97,86,student_concept_state_buffers
assist_09,37599,full,original,0.0,0.7675246596336365,1.4589711225201694,98,,student_concept_state_buffers
assist_09,37599,full,target_concept_mask,0.0,0.900178849697113,2.3043751912354136,98,98,student_concept_state_buffers
assist_09,37599,full,random_history_mask,0.0,0.765150785446167,1.4488116109736016,98,30,student_concept_state_buffers
assist_09,37629,full,original,1.0,0.6777200102806091,0.3890210405228267,48,,student_concept_state_buffers
assist_09,37629,full,target_concept_mask,1.0,0.6929671168327332,0.3667727313758589,48,48,student_concept_state_buffers
assist_09,37629,full,random_history_mask,1.0,0.6875728964805603,0.3745874238178744,48,1,student_concept_state_buffers
assist_09,37698,full,original,1.0,0.7337346076965332,0.3096078856455082,82,,student_concept_state_buffers
assist_09,37698,full,target_concept_mask,1.0,0.8680554032325745,0.1414997377497891,82,82,student_concept_state_buffers
assist_09,37698,full,random_history_mask,1.0,0.7337346076965332,0.3096078856455082,82,,student_concept_state_buffers
assist_09,37755,full,original,1.0,0.6304702162742615,0.4612893629573792,82,,student_concept_state_buffers
assist_09,37755,full,target_concept_mask,1.0,0.897533655166626,0.10810466052986725,82,82,student_concept_state_buffers
assist_09,37755,full,random_history_mask,1.0,0.6304702162742615,0.4612893629573792,82,,student_concept_state_buffers
assist_09,37803,full,original,1.0,0.9163934588432312,0.08730946631213087,"5,10",,student_concept_state_buffers
assist_09,37803,full,target_concept_mask,1.0,0.9069313406944275,0.09768853107696283,"5,10","5,10",student_concept_state_buffers
assist_09,37803,full,random_history_mask,1.0,0.9163934588432312,0.08730946631213087,"5,10","1,44",student_concept_state_buffers
assist_09,37838,full,original,1.0,0.7409206032752991,0.29986180750333485,82,,student_concept_state_buffers
assist_09,37838,full,target_concept_mask,1.0,0.908017098903656,0.09649206916646055,82,82,student_concept_state_buffers
assist_09,37838,full,random_history_mask,1.0,0.7409206032752991,0.29986180750333485,82,,student_concept_state_buffers
assist_09,37979,full,original,1.0,0.7153767943382263,0.3349458900075784,56,,student_concept_state_buffers
assist_09,37979,full,target_concept_mask,1.0,0.8157411217689514,0.20365822708745315,56,56,student_concept_state_buffers
assist_09,37979,full,random_history_mask,1.0,0.7153767943382263,0.3349458900075784,56,31,student_concept_state_buffers
assist_09,38091,full,original,0.0,0.4286319315433502,0.5597216737419898,49,,student_concept_state_buffers
assist_09,38091,full,target_concept_mask,0.0,0.6021754145622253,0.9217441109582614,49,49,student_concept_state_buffers
assist_09,38091,full,random_history_mask,0.0,0.4286319315433502,0.5597216737419898,49,53,student_concept_state_buffers
assist_09,38102,full,original,1.0,0.5758380889892578,0.5519287533057531,53,,student_concept_state_buffers
assist_09,38102,full,target_concept_mask,1.0,0.8288208842277527,0.18775120964314052,53,53,student_concept_state_buffers
assist_09,38102,full,random_history_mask,1.0,0.5741350650787354,0.5548906053272353,53,82,student_concept_state_buffers
assist_09,38217,full,original,0.0,0.3421345055103302,0.4187547842217452,82,,student_concept_state_buffers
assist_09,38217,full,target_concept_mask,0.0,0.6494637727737427,1.0482912191431935,82,82,student_concept_state_buffers
assist_09,38217,full,random_history_mask,0.0,0.3421345055103302,0.4187547842217452,82,58,student_concept_state_buffers
assist_09,38235,full,original,0.0,0.13028986752033234,0.13959530390850142,79,,student_concept_state_buffers
assist_09,38235,full,target_concept_mask,0.0,0.43071725964546204,0.5633780607962239,79,79,student_concept_state_buffers
assist_09,38235,full,random_history_mask,0.0,0.12801529467105865,0.1369833949873692,79,37,student_concept_state_buffers
assist_09,38273,full,original,0.0,0.45322445034980774,0.6037168904755703,42,,student_concept_state_buffers
assist_09,38273,full,target_concept_mask,0.0,0.6674245595932007,1.1008885561800164,42,42,student_concept_state_buffers
assist_09,38273,full,random_history_mask,0.0,0.45322445034980774,0.6037168904755703,42,45,student_concept_state_buffers
assist_09,38295,full,original,1.0,0.6595470905303955,0.4162019059919187,81,,student_concept_state_buffers
assist_09,38295,full,target_concept_mask,1.0,0.878530740737915,0.12950437966450937,81,81,student_concept_state_buffers
assist_09,38295,full,random_history_mask,1.0,0.6510857343673706,0.4291139490279277,81,30,student_concept_state_buffers
assist_09,38513,full,original,0.0,0.7613629698753357,1.4328115838553284,42,,student_concept_state_buffers
assist_09,38513,full,target_concept_mask,0.0,0.8352487087249756,1.8033182678455655,42,42,student_concept_state_buffers
assist_09,38513,full,random_history_mask,0.0,0.7613629698753357,1.4328115838553284,42,93,student_concept_state_buffers
assist_09,38710,full,original,1.0,0.5067563056945801,0.6797250503242294,38,,student_concept_state_buffers
assist_09,38710,full,target_concept_mask,1.0,0.7044426798820496,0.3503483137895208,38,38,student_concept_state_buffers
assist_09,38710,full,random_history_mask,1.0,0.5045178532600403,0.6841520517867848,38,78,student_concept_state_buffers
assist_09,38838,full,original,0.0,0.43107813596725464,0.5640121758445975,82,,student_concept_state_buffers
assist_09,38838,full,target_concept_mask,0.0,0.7148408889770508,1.2547079702051334,82,82,student_concept_state_buffers
assist_09,38838,full,random_history_mask,0.0,0.4142843186855316,0.5349207926158707,82,80,student_concept_state_buffers
assist_09,38862,full,original,1.0,0.5780336260795593,0.5481232353937187,80,,student_concept_state_buffers
assist_09,38862,full,target_concept_mask,1.0,0.7928722500801086,0.2320931673234063,80,80,student_concept_state_buffers
assist_09,38862,full,random_history_mask,1.0,0.567396342754364,0.5666972022496537,80,42,student_concept_state_buffers
assist_09,39055,full,original,1.0,0.6876496076583862,0.3744758619758094,48,,student_concept_state_buffers
assist_09,39055,full,target_concept_mask,1.0,0.8046411275863647,0.21735890520436796,48,48,student_concept_state_buffers
assist_09,39055,full,random_history_mask,1.0,0.6876496076583862,0.3744758619758094,48,78,student_concept_state_buffers
assist_09,39069,full,original,1.0,0.7332695722579956,0.3102418790048572,80,,student_concept_state_buffers
assist_09,39069,full,target_concept_mask,1.0,0.9183898568153381,0.08513329788621118,80,80,student_concept_state_buffers
assist_09,39069,full,random_history_mask,1.0,0.7292401194572449,0.31575221923628227,80,82,student_concept_state_buffers
assist_09,39332,full,original,0.0,0.029806826263666153,0.030260079130287883,"45,58",,student_concept_state_buffers
assist_09,39332,full,target_concept_mask,0.0,0.13144318759441376,0.1409222810413429,"45,58","45,58",student_concept_state_buffers
assist_09,39332,full,random_history_mask,0.0,0.029805239289999008,0.030258443402051305,"45,58","18,96",student_concept_state_buffers
assist_09,39407,full,original,0.0,0.01920839212834835,0.019395270248244553,81,,student_concept_state_buffers
assist_09,39407,full,target_concept_mask,0.0,0.08090458065271378,0.08436533247633507,81,81,student_concept_state_buffers
assist_09,39407,full,random_history_mask,0.0,0.01920839212834835,0.019395270248244553,81,14,student_concept_state_buffers
assist_09,39516,full,original,0.0,0.12189558148384094,0.12998976472341608,96,,student_concept_state_buffers
assist_09,39516,full,target_concept_mask,0.0,0.41421574354171753,0.5348037202342489,96,96,student_concept_state_buffers
assist_09,39516,full,random_history_mask,0.0,0.12189558148384094,0.12998976472341608,96,37,student_concept_state_buffers
assist_09,39595,full,original,1.0,0.7990491390228271,0.22433283445259822,49,,student_concept_state_buffers
assist_09,39595,full,target_concept_mask,1.0,0.863203763961792,0.14710450457298313,49,49,student_concept_state_buffers
assist_09,39595,full,random_history_mask,1.0,0.7990491390228271,0.22433283445259822,49,2,student_concept_state_buffers
assist_09,39868,full,original,1.0,0.7472977638244629,0.2912915603901758,32,,student_concept_state_buffers
assist_09,39868,full,target_concept_mask,1.0,0.7732065320014954,0.2572090836734342,32,32,student_concept_state_buffers
assist_09,39868,full,random_history_mask,1.0,0.7472977638244629,0.2912915603901758,32,99,student_concept_state_buffers
assist_09,39882,full,original,0.0,0.12296267598867416,0.13120572877971798,82,,student_concept_state_buffers
assist_09,39882,full,target_concept_mask,0.0,0.5605499148368835,0.8222311401767207,82,82,student_concept_state_buffers
assist_09,39882,full,random_history_mask,0.0,0.11989713460206985,0.12771648584363265,82,80,student_concept_state_buffers
assist_09,39962,full,original,1.0,0.7770092487335205,0.2523030255533873,20,,student_concept_state_buffers
assist_09,39962,full,target_concept_mask,1.0,0.8945049047470093,0.11148489282088427,20,20,student_concept_state_buffers
assist_09,39962,full,random_history_mask,1.0,0.7734003663063049,0.25695842617793674,20,99,student_concept_state_buffers
assist_09,40039,full,original,1.0,0.47723230719566345,0.7397518894664886,29,,student_concept_state_buffers
assist_09,40039,full,target_concept_mask,1.0,0.7006891369819641,0.3556909468199231,29,29,student_concept_state_buffers
assist_09,40039,full,random_history_mask,1.0,0.47666433453559875,0.7409427369909225,29,12,student_concept_state_buffers
assist_09,40135,full,original,1.0,0.41511619091033936,0.8791968198407889,8,,student_concept_state_buffers
assist_09,40135,full,target_concept_mask,1.0,0.5057565569877625,0.6816998381389139,8,8,student_concept_state_buffers
assist_09,40135,full,random_history_mask,1.0,0.41511619091033936,0.8791968198407889,8,45,student_concept_state_buffers
assist_09,40431,full,original,1.0,0.39792701601982117,0.9214866673479071,79,,student_concept_state_buffers
assist_09,40431,full,target_concept_mask,1.0,0.7160342931747437,0.33402721767299204,79,79,student_concept_state_buffers
assist_09,40431,full,random_history_mask,1.0,0.39655834436416626,0.9249321002730713,79,30,student_concept_state_buffers
assist_09,40560,full,original,0.0,0.9062984585762024,2.3676406392455616,81,,student_concept_state_buffers
assist_09,40560,full,target_concept_mask,0.0,0.918010950088501,2.5011695782994776,81,81,student_concept_state_buffers
assist_09,40560,full,random_history_mask,0.0,0.9041139483451843,2.3445947544405397,81,55,student_concept_state_buffers
assist_09,40562,full,original,1.0,0.8634423017501831,0.14682820267806027,81,,student_concept_state_buffers
assist_09,40562,full,target_concept_mask,1.0,0.8801068067550659,0.12771200756221182,81,81,student_concept_state_buffers
assist_09,40562,full,random_history_mask,1.0,0.8634423017501831,0.14682820267806027,81,45,student_concept_state_buffers
assist_09,40615,full,original,0.0,0.03993001952767372,0.040749100851723265,82,,student_concept_state_buffers
assist_09,40615,full,target_concept_mask,0.0,0.14241459965705872,0.1536345126643534,82,82,student_concept_state_buffers
assist_09,40615,full,random_history_mask,0.0,0.03993001952767372,0.040749100851723265,82,11,student_concept_state_buffers
assist_09,40748,full,original,1.0,0.7900425791740417,0.23566843728483766,14,,student_concept_state_buffers
assist_09,40748,full,target_concept_mask,1.0,0.8181464672088623,0.2007139031403133,14,14,student_concept_state_buffers
assist_09,40748,full,random_history_mask,1.0,0.7859146595001221,0.2409070681472887,14,13,student_concept_state_buffers
assist_09,40815,full,original,0.0,0.311934232711792,0.37387085362874195,44,,student_concept_state_buffers
assist_09,40815,full,target_concept_mask,0.0,0.6006835103034973,0.9180009692554894,44,44,student_concept_state_buffers
assist_09,40815,full,random_history_mask,0.0,0.311934232711792,0.37387085362874195,44,82,student_concept_state_buffers
assist_09,40843,full,original,1.0,0.4666630029678345,0.7621479028609262,79,,student_concept_state_buffers
assist_09,40843,full,target_concept_mask,1.0,0.4785102307796478,0.7370776873779943,79,79,student_concept_state_buffers
assist_09,40843,full,random_history_mask,1.0,0.46306562423706055,0.7698864979265546,79,34,student_concept_state_buffers
assist_09,40941,full,original,1.0,0.3100178837776184,1.1711252935617058,14,,student_concept_state_buffers
assist_09,40941,full,target_concept_mask,1.0,0.516509473323822,0.660661649208608,14,14,student_concept_state_buffers
assist_09,40941,full,random_history_mask,1.0,0.3057273030281067,1.1850617409295758,14,13,student_concept_state_buffers
assist_09,41139,full,original,1.0,0.594212532043457,0.5205182255609933,99,,student_concept_state_buffers
assist_09,41139,full,target_concept_mask,1.0,0.8618066310882568,0.14872435936695125,99,99,student_concept_state_buffers
assist_09,41139,full,random_history_mask,1.0,0.594212532043457,0.5205182255609933,99,104,student_concept_state_buffers
assist_09,41351,full,original,1.0,0.9814261794090271,0.018748480107404014,30,,student_concept_state_buffers
assist_09,41351,full,target_concept_mask,1.0,0.9820615649223328,0.018101279189222937,30,30,student_concept_state_buffers
assist_09,41351,full,random_history_mask,1.0,0.9813341498374939,0.018842255766336323,30,33,student_concept_state_buffers
assist_09,41469,full,original,1.0,0.8730666637420654,0.1357433643831792,44,,student_concept_state_buffers
assist_09,41469,full,target_concept_mask,1.0,0.9058525562286377,0.09887872765248239,44,44,student_concept_state_buffers
assist_09,41469,full,random_history_mask,1.0,0.8728600740432739,0.1359800177263976,44,33,student_concept_state_buffers
assist_09,41539,full,original,0.0,0.40618062019348145,0.5211800802592866,30,,student_concept_state_buffers
assist_09,41539,full,target_concept_mask,0.0,0.6521526575088501,1.055991566454377,30,30,student_concept_state_buffers
assist_09,41539,full,random_history_mask,0.0,0.40475043654441833,0.5187745269953891,30,33,student_concept_state_buffers
assist_09,41553,full,original,1.0,0.9326485991477966,0.06972678450545641,33,,student_concept_state_buffers
assist_09,41553,full,target_concept_mask,1.0,0.9422765970230103,0.059456420092904055,33,33,student_concept_state_buffers
assist_09,41553,full,random_history_mask,1.0,0.9324582815170288,0.06993086678449506,33,30,student_concept_state_buffers
assist_09,41631,full,original,0.0,0.6752825379371643,1.124799822253054,30,,student_concept_state_buffers
assist_09,41631,full,target_concept_mask,0.0,0.9133936166763306,2.446381755695246,30,30,student_concept_state_buffers
assist_09,41631,full,random_history_mask,0.0,0.6752825379371643,1.124799822253054,30,108,student_concept_state_buffers
assist_09,41691,full,original,1.0,0.945450484752655,0.05609376163342032,79,,student_concept_state_buffers
assist_09,41691,full,target_concept_mask,1.0,0.9606295228004456,0.04016645651512086,79,79,student_concept_state_buffers
assist_09,41691,full,random_history_mask,1.0,0.945450484752655,0.05609376163342032,79,88,student_concept_state_buffers
assist_09,41765,full,original,0.0,0.8613682389259338,1.975934062100103,108,,student_concept_state_buffers
assist_09,41765,full,target_concept_mask,0.0,0.9186547994613647,2.509053444738711,108,108,student_concept_state_buffers
assist_09,41765,full,random_history_mask,0.0,0.8567745089530945,1.9433350301934216,108,19,student_concept_state_buffers
assist_09,42034,full,original,1.0,0.8211020827293396,0.1971078377594191,29,,student_concept_state_buffers
assist_09,42034,full,target_concept_mask,1.0,0.8730248212814331,0.13579129138013118,29,29,student_concept_state_buffers
assist_09,42034,full,random_history_mask,1.0,0.8197200298309326,0.19879242405876693,29,14,student_concept_state_buffers
assist_09,42135,full,original,1.0,0.5919252038002014,0.5243749970124169,20,,student_concept_state_buffers
assist_09,42135,full,target_concept_mask,1.0,0.8788293600082397,0.12916452982602486,20,20,student_concept_state_buffers
assist_09,42135,full,random_history_mask,1.0,0.5919252038002014,0.5243749970124169,20,2,student_concept_state_buffers
assist_09,42231,full,original,1.0,0.7478262186050415,0.29058465606813255,20,,student_concept_state_buffers
assist_09,42231,full,target_concept_mask,1.0,0.8433109521865845,0.17041952519003228,20,20,student_concept_state_buffers
assist_09,42231,full,random_history_mask,1.0,0.7478262186050415,0.29058465606813255,20,8,student_concept_state_buffers
assist_09,42269,full,original,1.0,0.800250768661499,0.22283013960591674,20,,student_concept_state_buffers
assist_09,42269,full,target_concept_mask,1.0,0.8531495928764343,0.15882037420942907,20,20,student_concept_state_buffers
assist_09,42269,full,random_history_mask,1.0,0.800250768661499,0.22283013960591674,20,119,student_concept_state_buffers
assist_09,42610,full,original,0.0,0.8726418018341064,2.0607517045529327,2,,student_concept_state_buffers
assist_09,42610,full,target_concept_mask,0.0,0.8868120312690735,2.1787054021572265,2,2,student_concept_state_buffers
assist_09,42610,full,random_history_mask,0.0,0.8726418018341064,2.0607517045529327,2,58,student_concept_state_buffers
assist_09,42732,full,original,1.0,0.87066251039505,0.13850085093103492,96,,student_concept_state_buffers
assist_09,42732,full,target_concept_mask,1.0,0.8755108118057251,0.13294777803982094,96,96,student_concept_state_buffers
assist_09,42732,full,random_history_mask,1.0,0.87066251039505,0.13850085093103492,96,57,student_concept_state_buffers
assist_09,43047,full,original,1.0,0.9649542570114136,0.03567458082737563,14,,student_concept_state_buffers
assist_09,43047,full,target_concept_mask,1.0,0.9829064011573792,0.01724138090926302,14,14,student_concept_state_buffers
assist_09,43047,full,random_history_mask,1.0,0.9649542570114136,0.03567458082737563,14,8,student_concept_state_buffers
assist_09,43397,full,original,1.0,0.9428009390830994,0.05890011186306334,38,,student_concept_state_buffers
assist_09,43397,full,target_concept_mask,1.0,0.9491724967956543,0.052164729981851794,38,38,student_concept_state_buffers
assist_09,43397,full,random_history_mask,1.0,0.9406046867370605,0.061232326773566374,38,98,student_concept_state_buffers
assist_09,43439,full,original,0.0,0.7423156499862671,1.3560198926450986,8,,student_concept_state_buffers
assist_09,43439,full,target_concept_mask,0.0,0.8002692461013794,1.6107850499233825,8,8,student_concept_state_buffers
assist_09,43439,full,random_history_mask,0.0,0.7423156499862671,1.3560198926450986,8,23,student_concept_state_buffers
assist_09,43722,full,original,1.0,0.38896387815475464,0.94426879788928,2,,student_concept_state_buffers
assist_09,43722,full,target_concept_mask,1.0,0.831619381904602,0.18438041650628686,2,2,student_concept_state_buffers
assist_09,43722,full,random_history_mask,1.0,0.38896387815475464,0.94426879788928,2,12,student_concept_state_buffers
assist_09,43997,full,original,1.0,0.959013819694519,0.04184979367644079,"5,10",,student_concept_state_buffers
assist_09,43997,full,target_concept_mask,1.0,0.9696992039680481,0.030769354577358507,"5,10","5,10",student_concept_state_buffers
assist_09,43997,full,random_history_mask,1.0,0.959013819694519,0.04184979367644079,"5,10","16,89",student_concept_state_buffers
assist_09,44339,full,original,0.0,0.488664835691452,0.6707300049435084,"22,80",,student_concept_state_buffers
assist_09,44339,full,target_concept_mask,0.0,0.6000556349754333,0.9164298289862932,"22,80","22,80",student_concept_state_buffers
assist_09,44339,full,random_history_mask,0.0,0.488664835691452,0.6707300049435084,"22,80","48,58",student_concept_state_buffers
assist_09,44425,full,original,0.0,0.6905167102813721,1.1728511795311294,57,,student_concept_state_buffers
assist_09,44425,full,target_concept_mask,0.0,0.8280497193336487,1.7605499098495887,57,57,student_concept_state_buffers
assist_09,44425,full,random_history_mask,0.0,0.6905167102813721,1.1728511795311294,57,93,student_concept_state_buffers
assist_09,44510,full,original,1.0,0.38653630018234253,0.9505294951000992,20,,student_concept_state_buffers
assist_09,44510,full,target_concept_mask,1.0,0.7575194835662842,0.2777060210498059,20,20,student_concept_state_buffers
assist_09,44510,full,random_history_mask,1.0,0.38653630018234253,0.9505294951000992,20,2,student_concept_state_buffers
assist_09,44517,full,original,1.0,0.8229143619537354,0.19490313966855188,106,,student_concept_state_buffers
assist_09,44517,full,target_concept_mask,1.0,0.9431849718093872,0.05849286308206496,106,106,student_concept_state_buffers
assist_09,44517,full,random_history_mask,1.0,0.8229143619537354,0.19490313966855188,106,14,student_concept_state_buffers
assist_09,44573,full,original,1.0,0.5782656073570251,0.5477219875612026,93,,student_concept_state_buffers
assist_09,44573,full,target_concept_mask,1.0,0.7210468053817749,0.3270512264924711,93,93,student_concept_state_buffers
assist_09,44573,full,random_history_mask,1.0,0.5782656073570251,0.5477219875612026,93,38,student_concept_state_buffers
assist_09,44796,full,original,0.0,0.5083878040313721,0.7100650928741726,51,,student_concept_state_buffers
assist_09,44796,full,target_concept_mask,0.0,0.6373138427734375,1.0142173993257733,51,51,student_concept_state_buffers
assist_09,44796,full,random_history_mask,0.0,0.5083878040313721,0.7100650928741726,51,31,student_concept_state_buffers
assist_09,44854,full,original,1.0,0.7102639079093933,0.34211867672974783,"45,58",,student_concept_state_buffers
assist_09,44854,full,target_concept_mask,1.0,0.7770535945892334,0.2522459546879259,"45,58","45,58",student_concept_state_buffers
assist_09,44854,full,random_history_mask,1.0,0.7099754214286804,0.34252492725206646,"45,58","17,79",student_concept_state_buffers
assist_09,45040,full,original,0.0,0.21146313846111298,0.23757612473212583,"12,13",,student_concept_state_buffers
assist_09,45040,full,target_concept_mask,0.0,0.4582046866416931,0.6128669995008789,"12,13","12,13",student_concept_state_buffers
assist_09,45040,full,random_history_mask,0.0,0.21146313846111298,0.23757612473212583,"12,13","26,83",student_concept_state_buffers
assist_09,45177,full,original,0.0,0.47184062004089355,0.6383571848420707,20,,student_concept_state_buffers
assist_09,45177,full,target_concept_mask,0.0,0.8565329313278198,1.9416497567235576,20,20,student_concept_state_buffers
assist_09,45177,full,random_history_mask,0.0,0.47184062004089355,0.6383571848420707,20,93,student_concept_state_buffers
assist_09,45428,full,original,0.0,0.2976871132850647,0.3533762666833083,48,,student_concept_state_buffers
assist_09,45428,full,target_concept_mask,0.0,0.7781765460968018,1.5058734661793194,48,48,student_concept_state_buffers
assist_09,45428,full,random_history_mask,0.0,0.2976871132850647,0.3533762666833083,48,16,student_concept_state_buffers
assist_09,45670,full,original,1.0,0.9583088159561157,0.04258519809619553,98,,student_concept_state_buffers
assist_09,45670,full,target_concept_mask,1.0,0.9860345125198364,0.014063922436461753,98,98,student_concept_state_buffers
assist_09,45670,full,random_history_mask,1.0,0.9583088159561157,0.04258519809619553,98,63,student_concept_state_buffers
assist_09,45717,full,original,1.0,0.3315514922142029,1.1039721504559201,91,,student_concept_state_buffers
assist_09,45717,full,target_concept_mask,1.0,0.42183366417884827,0.8631442033615077,91,91,student_concept_state_buffers
assist_09,45717,full,random_history_mask,1.0,0.3315514922142029,1.1039721504559201,91,0,student_concept_state_buffers
assist_09,46219,full,original,1.0,0.9175355434417725,0.08606396035769115,89,,student_concept_state_buffers
assist_09,46219,full,target_concept_mask,1.0,0.9640284180641174,0.03663450548647415,89,89,student_concept_state_buffers
assist_09,46219,full,random_history_mask,1.0,0.9175355434417725,0.08606396035769115,89,81,student_concept_state_buffers
assist_09,46390,full,original,1.0,0.6461056470870972,0.43679224818830237,119,,student_concept_state_buffers
assist_09,46390,full,target_concept_mask,1.0,0.7427589297294617,0.2973837421880122,119,119,student_concept_state_buffers
assist_09,46390,full,random_history_mask,1.0,0.6461056470870972,0.43679224818830237,119,94,student_concept_state_buffers
assist_09,46402,full,original,0.0,0.7433862090110779,1.3601830831593833,"45,58",,student_concept_state_buffers
assist_09,46402,full,target_concept_mask,0.0,0.7469526529312134,1.374178665199228,"45,58","45,58",student_concept_state_buffers
assist_09,46402,full,random_history_mask,0.0,0.7431608438491821,1.3593052415669902,"45,58","79,85",student_concept_state_buffers
assist_09,46592,full,original,1.0,0.8129320740699768,0.20710772265422533,9,,student_concept_state_buffers
assist_09,46592,full,target_concept_mask,1.0,0.9175848960876465,0.08601017353822923,9,9,student_concept_state_buffers
assist_09,46592,full,random_history_mask,1.0,0.8128729462623596,0.20718045930702664,9,8,student_concept_state_buffers
assist_09,46684,full,original,0.0,0.7584553956985474,1.4207011260434572,38,,student_concept_state_buffers
assist_09,46684,full,target_concept_mask,0.0,0.7796035408973694,1.5123272676099717,38,38,student_concept_state_buffers
assist_09,46684,full,random_history_mask,0.0,0.7584553956985474,1.4207011260434572,38,0,student_concept_state_buffers
assist_09,46715,full,original,1.0,0.8527901768684387,0.15924174431837176,"6,40",,student_concept_state_buffers
assist_09,46715,full,target_concept_mask,1.0,0.9080976843833923,0.09640332424732789,"6,40","6,40",student_concept_state_buffers
assist_09,46715,full,random_history_mask,1.0,0.8527901768684387,0.15924174431837176,"6,40","22,59",student_concept_state_buffers
assist_09,46946,full,original,1.0,0.3702203035354614,0.9936570355723175,99,,student_concept_state_buffers
assist_09,46946,full,target_concept_mask,1.0,0.6864761710166931,0.37618376520437835,99,99,student_concept_state_buffers
assist_09,46946,full,random_history_mask,1.0,0.36765056848526,1.0006223340735643,99,94,student_concept_state_buffers
assist_09,47007,full,original,1.0,0.8176611065864563,0.20130732334990814,20,,student_concept_state_buffers
assist_09,47007,full,target_concept_mask,1.0,0.8958457112312317,0.10998707812143332,20,20,student_concept_state_buffers
assist_09,47007,full,random_history_mask,1.0,0.8176611065864563,0.20130732334990814,20,22,student_concept_state_buffers
assist_09,47113,full,original,0.0,0.7042267918586731,1.2181623070423964,2,,student_concept_state_buffers
assist_09,47113,full,target_concept_mask,0.0,0.8751653432846069,2.080765163557765,2,2,student_concept_state_buffers
assist_09,47113,full,random_history_mask,0.0,0.7042267918586731,1.2181623070423964,2,11,student_concept_state_buffers
assist_09,47145,full,original,1.0,0.9183244109153748,0.08520456199205595,25,,student_concept_state_buffers
assist_09,47145,full,target_concept_mask,1.0,0.9230571985244751,0.08006407616699303,25,25,student_concept_state_buffers
assist_09,47145,full,random_history_mask,1.0,0.9183244109153748,0.08520456199205595,25,14,student_concept_state_buffers
assist_09,47284,full,original,1.0,0.9486299753189087,0.052736466502902396,98,,student_concept_state_buffers
assist_09,47284,full,target_concept_mask,1.0,0.9818721413612366,0.01829418138452365,98,98,student_concept_state_buffers
assist_09,47284,full,random_history_mask,1.0,0.9478244185447693,0.053586006386587094,98,32,student_concept_state_buffers
assist_09,47289,full,original,1.0,0.9650576114654541,0.035567478424714354,14,,student_concept_state_buffers
assist_09,47289,full,target_concept_mask,1.0,0.979619026184082,0.020591531691673035,14,14,student_concept_state_buffers
assist_09,47289,full,random_history_mask,1.0,0.9650576114654541,0.035567478424714354,14,10,student_concept_state_buffers
assist_09,47545,full,original,1.0,0.404249370098114,0.905723338724987,103,,student_concept_state_buffers
assist_09,47545,full,target_concept_mask,1.0,0.5910476446151733,0.5258586478792624,103,103,student_concept_state_buffers
assist_09,47545,full,random_history_mask,1.0,0.404249370098114,0.905723338724987,103,38,student_concept_state_buffers
assist_09,47558,full,original,1.0,0.48693880438804626,0.7196168221359854,106,,student_concept_state_buffers
assist_09,47558,full,target_concept_mask,1.0,0.7603769302368164,0.27394100781177044,106,106,student_concept_state_buffers
assist_09,47558,full,random_history_mask,1.0,0.48693880438804626,0.7196168221359854,106,42,student_concept_state_buffers
assist_09,47625,full,original,0.0,0.5957367420196533,0.9056889845745341,96,,student_concept_state_buffers
assist_09,47625,full,target_concept_mask,0.0,0.8339042663574219,1.795190948167912,96,96,student_concept_state_buffers
assist_09,47625,full,random_history_mask,0.0,0.5957367420196533,0.9056889845745341,96,104,student_concept_state_buffers
assist_09,47689,full,original,0.0,0.7505447268486023,1.388475645786882,49,,student_concept_state_buffers
assist_09,47689,full,target_concept_mask,0.0,0.9138169884681702,2.451282202733032,49,49,student_concept_state_buffers
assist_09,47689,full,random_history_mask,0.0,0.7505447268486023,1.388475645786882,49,15,student_concept_state_buffers
assist_09,47717,full,original,1.0,0.8297116756439209,0.18667701728372932,59,,student_concept_state_buffers
assist_09,47717,full,target_concept_mask,1.0,0.9107751250267029,0.09345925629121858,59,59,student_concept_state_buffers
assist_09,47717,full,random_history_mask,1.0,0.8285956382751465,0.18802301332185944,59,79,student_concept_state_buffers
assist_09,47824,full,original,1.0,0.753777027130127,0.28265867469452743,"12,13",,student_concept_state_buffers
assist_09,47824,full,target_concept_mask,1.0,0.7464597821235657,0.2924135387073091,"12,13","12,13",student_concept_state_buffers
assist_09,47824,full,random_history_mask,1.0,0.753777027130127,0.28265867469452743,"12,13","16,89",student_concept_state_buffers
assist_09,47874,full,original,1.0,0.5468926429748535,0.603502760950915,63,,student_concept_state_buffers
assist_09,47874,full,target_concept_mask,1.0,0.7090473175048828,0.34383301630613583,63,63,student_concept_state_buffers
assist_09,47874,full,random_history_mask,1.0,0.5416820049285889,0.6130761564960807,63,30,student_concept_state_buffers
assist_09,47890,full,original,1.0,0.8980643153190613,0.10751359262200912,104,,student_concept_state_buffers
assist_09,47890,full,target_concept_mask,1.0,0.9134107232093811,0.09056963841687785,104,104,student_concept_state_buffers
assist_09,47890,full,random_history_mask,1.0,0.8980643153190613,0.10751359262200912,104,61,student_concept_state_buffers
assist_09,47915,full,original,1.0,0.621192216873169,0.4761147169664421,98,,student_concept_state_buffers
assist_09,47915,full,target_concept_mask,1.0,0.788355827331543,0.23780573351833828,98,98,student_concept_state_buffers
assist_09,47915,full,random_history_mask,1.0,0.621192216873169,0.4761147169664421,98,25,student_concept_state_buffers
assist_09,48164,full,original,0.0,0.6884762048721313,1.1662795548185982,49,,student_concept_state_buffers
assist_09,48164,full,target_concept_mask,0.0,0.9155314564704895,2.4713760798501214,49,49,student_concept_state_buffers
assist_09,48164,full,random_history_mask,0.0,0.6884762048721313,1.1662795548185982,49,104,student_concept_state_buffers
assist_09,48510,full,original,0.0,0.31670284271240234,0.38082543747392866,86,,student_concept_state_buffers
assist_09,48510,full,target_concept_mask,0.0,0.8080437779426575,1.650487943070622,86,86,student_concept_state_buffers
assist_09,48510,full,random_history_mask,0.0,0.31670284271240234,0.38082543747392866,86,25,student_concept_state_buffers
assist_09,48540,full,original,0.0,0.49263715744018555,0.6785288655591537,99,,student_concept_state_buffers
assist_09,48540,full,target_concept_mask,0.0,0.7817806601524353,1.5222545759290174,99,99,student_concept_state_buffers
assist_09,48540,full,random_history_mask,0.0,0.49263715744018555,0.6785288655591537,99,49,student_concept_state_buffers
assist_09,48564,full,original,1.0,0.50063157081604,0.6918848360201003,95,,student_concept_state_buffers
assist_09,48564,full,target_concept_mask,1.0,0.8790313005447388,0.1289347726650405,95,95,student_concept_state_buffers
assist_09,48564,full,random_history_mask,1.0,0.50063157081604,0.6918848360201003,95,34,student_concept_state_buffers
assist_09,48597,full,original,1.0,0.9587972164154053,0.042075679622403564,98,,student_concept_state_buffers
assist_09,48597,full,target_concept_mask,1.0,0.9895710945129395,0.010483667593857656,98,98,student_concept_state_buffers
assist_09,48597,full,random_history_mask,1.0,0.9587972164154053,0.042075679622403564,98,61,student_concept_state_buffers
assist_09,48606,full,original,1.0,0.40299153327941895,0.9088397264883621,95,,student_concept_state_buffers
assist_09,48606,full,target_concept_mask,1.0,0.8224127888679504,0.1955128337358646,95,95,student_concept_state_buffers
assist_09,48606,full,random_history_mask,1.0,0.40299153327941895,0.9088397264883621,95,34,student_concept_state_buffers
assist_09,48710,full,original,1.0,0.5919008851051331,0.5244160819239586,"0,9",,student_concept_state_buffers
assist_09,48710,full,target_concept_mask,1.0,0.7322816252708435,0.31159010503540235,"0,9","0,9",student_concept_state_buffers
assist_09,48710,full,random_history_mask,1.0,0.5919008851051331,0.5244160819239586,"0,9","31,66",student_concept_state_buffers
assist_09,49029,full,original,1.0,0.8604427576065063,0.1503081877901878,"6,9",,student_concept_state_buffers
assist_09,49029,full,target_concept_mask,1.0,0.8489345908164978,0.16377313825769083,"6,9","6,9",student_concept_state_buffers
assist_09,49029,full,random_history_mask,1.0,0.8604427576065063,0.1503081877901878,"6,9","3,45",student_concept_state_buffers
assist_09,49110,full,original,1.0,0.8268669843673706,0.19011143804668074,99,,student_concept_state_buffers
assist_09,49110,full,target_concept_mask,1.0,0.8918646574020386,0.11444088728410493,99,99,student_concept_state_buffers
assist_09,49110,full,random_history_mask,1.0,0.8205351233482361,0.1977985621186696,99,7,student_concept_state_buffers
assist_09,49137,full,original,1.0,0.7942477464675903,0.23035984314520483,98,,student_concept_state_buffers
assist_09,49137,full,target_concept_mask,1.0,0.8903629779815674,0.11612605897152616,98,98,student_concept_state_buffers
assist_09,49137,full,random_history_mask,1.0,0.7942477464675903,0.23035984314520483,98,89,student_concept_state_buffers
assist_09,49185,full,original,1.0,0.8775001168251038,0.13067819050810367,98,,student_concept_state_buffers
assist_09,49185,full,target_concept_mask,1.0,0.9134030938148499,0.09057799109568966,98,98,student_concept_state_buffers
assist_09,49185,full,random_history_mask,1.0,0.8775001168251038,0.13067819050810367,98,13,student_concept_state_buffers
assist_09,49371,full,original,1.0,0.8301660418510437,0.1861295477759668,51,,student_concept_state_buffers
assist_09,49371,full,target_concept_mask,1.0,0.8684244751930237,0.14107465713631118,51,51,student_concept_state_buffers
assist_09,49371,full,random_history_mask,1.0,0.8301660418510437,0.1861295477759668,51,5,student_concept_state_buffers
assist_09,49571,full,original,1.0,0.9296659231185913,0.07292997982380409,"6,14",,student_concept_state_buffers
assist_09,49571,full,target_concept_mask,1.0,0.9426296353340149,0.05908182499732584,"6,14","6,14",student_concept_state_buffers
assist_09,49571,full,random_history_mask,1.0,0.9296659231185913,0.07292997982380409,"6,14","78,80",student_concept_state_buffers
assist_09,49834,full,original,0.0,0.8304116725921631,1.7743813822390762,7,,student_concept_state_buffers
assist_09,49834,full,target_concept_mask,0.0,0.9092281460762024,2.399406020241054,7,7,student_concept_state_buffers
assist_09,49834,full,random_history_mask,0.0,0.8307639956474304,1.7764610627650996,7,99,student_concept_state_buffers
assist_09,49911,full,original,1.0,0.7101088166236877,0.34233705784006224,20,,student_concept_state_buffers
assist_09,49911,full,target_concept_mask,1.0,0.8531872034072876,0.15877629084799505,20,20,student_concept_state_buffers
assist_09,49911,full,random_history_mask,1.0,0.7101088166236877,0.34233705784006224,20,22,student_concept_state_buffers
assist_09,50103,full,original,1.0,0.7610325217247009,0.2730791865214966,38,,student_concept_state_buffers
assist_09,50103,full,target_concept_mask,1.0,0.8314337134361267,0.1846037027859215,38,38,student_concept_state_buffers
assist_09,50103,full,random_history_mask,1.0,0.7610325217247009,0.2730791865214966,38,2,student_concept_state_buffers
assist_09,50313,full,original,1.0,0.9442832469940186,0.05732910806077037,"5,10",,student_concept_state_buffers
assist_09,50313,full,target_concept_mask,1.0,0.9494534134864807,0.05186881419206404,"5,10","5,10",student_concept_state_buffers
assist_09,50313,full,random_history_mask,1.0,0.934074342250824,0.06819924836322537,"5,10","8,44",student_concept_state_buffers
assist_09,50314,full,original,1.0,0.9694299101829529,0.031047101721539058,98,,student_concept_state_buffers
assist_09,50314,full,target_concept_mask,1.0,0.9852641820907593,0.014845468602341056,98,98,student_concept_state_buffers
assist_09,50314,full,random_history_mask,1.0,0.9685128927230835,0.03199348417094611,98,33,student_concept_state_buffers
assist_09,50461,full,original,1.0,0.8715231418609619,0.13751286031728555,20,,student_concept_state_buffers
assist_09,50461,full,target_concept_mask,1.0,0.9422629475593567,0.05947090582093565,20,20,student_concept_state_buffers
assist_09,50461,full,random_history_mask,1.0,0.8715231418609619,0.13751286031728555,20,45,student_concept_state_buffers
assist_09,50508,full,original,1.0,0.6630743741989136,0.41086811680888286,"6,8",,student_concept_state_buffers
assist_09,50508,full,target_concept_mask,1.0,0.8035822510719299,0.21867573305489826,"6,8","6,8",student_concept_state_buffers
assist_09,50508,full,random_history_mask,1.0,0.6630743741989136,0.41086811680888286,"6,8","59,63",student_concept_state_buffers
assist_09,50529,full,original,1.0,0.865935206413269,0.14394519260302752,"6,14",,student_concept_state_buffers
assist_09,50529,full,target_concept_mask,1.0,0.9242345690727234,0.07878937692530108,"6,14","6,14",student_concept_state_buffers
assist_09,50529,full,random_history_mask,1.0,0.865720808506012,0.1441928144245734,"6,14","18,22",student_concept_state_buffers
assist_09,50630,full,original,1.0,0.849915623664856,0.16261820070163788,"32,33",,student_concept_state_buffers
assist_09,50630,full,target_concept_mask,1.0,0.7854634523391724,0.24148135026303263,"32,33","32,33",student_concept_state_buffers
assist_09,50630,full,random_history_mask,1.0,0.849915623664856,0.16261820070163788,"32,33","2,95",student_concept_state_buffers
assist_09,50754,full,original,1.0,0.889760434627533,0.11680302706573564,"45,58",,student_concept_state_buffers
assist_09,50754,full,target_concept_mask,1.0,0.8746450543403625,0.13393712710606928,"45,58","45,58",student_concept_state_buffers
assist_09,50754,full,random_history_mask,1.0,0.889760434627533,0.11680302706573564,"45,58","6,29",student_concept_state_buffers
assist_09,50803,full,original,0.0,0.43451812863349915,0.5700770416471583,91,,student_concept_state_buffers
assist_09,50803,full,target_concept_mask,0.0,0.42166563868522644,0.5476030977813449,91,91,student_concept_state_buffers
assist_09,50803,full,random_history_mask,0.0,0.43451812863349915,0.5700770416471583,91,10,student_concept_state_buffers
assist_09,50836,full,original,1.0,0.903061032295227,0.10196513948233502,33,,student_concept_state_buffers
assist_09,50836,full,target_concept_mask,1.0,0.9391491413116455,0.06278098244815865,33,33,student_concept_state_buffers
assist_09,50836,full,random_history_mask,1.0,0.9030244946479797,0.10200560007703802,33,79,student_concept_state_buffers
assist_09,50881,full,original,1.0,0.8092120885848999,0.21169423486674052,89,,student_concept_state_buffers
assist_09,50881,full,target_concept_mask,1.0,0.819907009601593,0.1985643480793227,89,89,student_concept_state_buffers
assist_09,50881,full,random_history_mask,1.0,0.8092120885848999,0.21169423486674052,89,24,student_concept_state_buffers
assist_09,51013,full,original,1.0,0.9077972769737244,0.0967341885525892,96,,student_concept_state_buffers
assist_09,51013,full,target_concept_mask,1.0,0.9115743637084961,0.09258210430914499,96,96,student_concept_state_buffers
assist_09,51013,full,random_history_mask,1.0,0.9059022665023804,0.0988238523756166,96,81,student_concept_state_buffers
assist_09,51041,full,original,1.0,0.9290518760681152,0.07359070096510202,"32,33",,student_concept_state_buffers
assist_09,51041,full,target_concept_mask,1.0,0.9197994470596313,0.08359962502931954,"32,33","32,33",student_concept_state_buffers
assist_09,51041,full,random_history_mask,1.0,0.9289843440055847,0.07366339283389409,"32,33","82,93",student_concept_state_buffers
assist_09,124,no_CRG,original,1.0,0.9463315010070801,0.05516234741682522,52,,student_concept_state_buffers
assist_09,124,no_CRG,target_concept_mask,1.0,0.9463315010070801,0.05516234741682522,52,52,student_concept_state_buffers
assist_09,124,no_CRG,random_history_mask,1.0,0.9463315010070801,0.05516234741682522,52,21,student_concept_state_buffers
assist_09,129,no_CRG,original,1.0,0.9217779636383057,0.08145090477632896,30,,student_concept_state_buffers
assist_09,129,no_CRG,target_concept_mask,1.0,0.9217779636383057,0.08145090477632896,30,30,student_concept_state_buffers
assist_09,129,no_CRG,random_history_mask,1.0,0.9217779636383057,0.08145090477632896,30,78,student_concept_state_buffers
assist_09,388,no_CRG,original,1.0,0.9237172603607178,0.07934924944716987,34,,student_concept_state_buffers
assist_09,388,no_CRG,target_concept_mask,1.0,0.9237172603607178,0.07934924944716987,34,34,student_concept_state_buffers
assist_09,388,no_CRG,random_history_mask,1.0,0.9237172603607178,0.07934924944716987,34,36,student_concept_state_buffers
assist_09,416,no_CRG,original,1.0,0.8742937445640564,0.13433886761437203,82,,student_concept_state_buffers
assist_09,416,no_CRG,target_concept_mask,1.0,0.8742937445640564,0.13433886761437203,82,82,student_concept_state_buffers
assist_09,416,no_CRG,random_history_mask,1.0,0.8742937445640564,0.13433886761437203,82,37,student_concept_state_buffers
assist_09,487,no_CRG,original,1.0,0.6649522185325623,0.4080400927384828,96,,student_concept_state_buffers
assist_09,487,no_CRG,target_concept_mask,1.0,0.6649522185325623,0.4080400927384828,96,96,student_concept_state_buffers
assist_09,487,no_CRG,random_history_mask,1.0,0.6649522185325623,0.4080400927384828,96,80,student_concept_state_buffers
assist_09,538,no_CRG,original,1.0,0.6380360722541809,0.4493604576522935,97,,student_concept_state_buffers
assist_09,538,no_CRG,target_concept_mask,1.0,0.6380360722541809,0.4493604576522935,97,97,student_concept_state_buffers
assist_09,538,no_CRG,random_history_mask,1.0,0.6380360722541809,0.4493604576522935,97,6,student_concept_state_buffers
assist_09,591,no_CRG,original,1.0,0.7466949820518494,0.2920985011293272,"34,35,46",,student_concept_state_buffers
assist_09,591,no_CRG,target_concept_mask,1.0,0.7466949820518494,0.2920985011293272,"34,35,46","34,35,46",student_concept_state_buffers
assist_09,591,no_CRG,random_history_mask,1.0,0.7466949820518494,0.2920985011293272,"34,35,46","22,29,84",student_concept_state_buffers
assist_09,630,no_CRG,original,1.0,0.972516655921936,0.027868076724183087,37,,student_concept_state_buffers
assist_09,630,no_CRG,target_concept_mask,1.0,0.972516655921936,0.027868076724183087,37,37,student_concept_state_buffers
assist_09,630,no_CRG,random_history_mask,1.0,0.972516655921936,0.027868076724183087,37,79,student_concept_state_buffers
assist_09,697,no_CRG,original,1.0,0.8191421031951904,0.19949770200503436,97,,student_concept_state_buffers
assist_09,697,no_CRG,target_concept_mask,1.0,0.8191421031951904,0.19949770200503436,97,97,student_concept_state_buffers
assist_09,697,no_CRG,random_history_mask,1.0,0.8191421031951904,0.19949770200503436,97,30,student_concept_state_buffers
assist_09,698,no_CRG,original,1.0,0.9496400952339172,0.05167221329044376,36,,student_concept_state_buffers
assist_09,698,no_CRG,target_concept_mask,1.0,0.9496400952339172,0.05167221329044376,36,36,student_concept_state_buffers
assist_09,698,no_CRG,random_history_mask,1.0,0.9496400952339172,0.05167221329044376,36,48,student_concept_state_buffers
assist_09,861,no_CRG,original,1.0,0.7234410643577576,0.3237361953056148,53,,student_concept_state_buffers
assist_09,861,no_CRG,target_concept_mask,1.0,0.7234410643577576,0.3237361953056148,53,53,student_concept_state_buffers
assist_09,861,no_CRG,random_history_mask,1.0,0.7234410643577576,0.3237361953056148,53,96,student_concept_state_buffers
assist_09,1006,no_CRG,original,0.0,0.7661333680152893,1.4530042748902718,"1,24,31",,student_concept_state_buffers
assist_09,1006,no_CRG,target_concept_mask,0.0,0.7661333680152893,1.4530042748902718,"1,24,31","1,24,31",student_concept_state_buffers
assist_09,1006,no_CRG,random_history_mask,0.0,0.7661333680152893,1.4530042748902718,"1,24,31","16,21,45",student_concept_state_buffers
assist_09,1028,no_CRG,original,0.0,0.8584451079368591,1.9550677073492986,54,,student_concept_state_buffers
assist_09,1028,no_CRG,target_concept_mask,0.0,0.8584451079368591,1.9550677073492986,54,54,student_concept_state_buffers
assist_09,1028,no_CRG,random_history_mask,0.0,0.8584451079368591,1.9550677073492986,54,56,student_concept_state_buffers
assist_09,1052,no_CRG,original,1.0,0.8274450302124023,0.18941260268374754,59,,student_concept_state_buffers
assist_09,1052,no_CRG,target_concept_mask,1.0,0.8274450302124023,0.18941260268374754,59,59,student_concept_state_buffers
assist_09,1052,no_CRG,random_history_mask,1.0,0.8274450302124023,0.18941260268374754,59,29,student_concept_state_buffers
assist_09,1138,no_CRG,original,1.0,0.2885417342185974,1.2429155441595763,"22,43",,student_concept_state_buffers
assist_09,1138,no_CRG,target_concept_mask,1.0,0.2885417342185974,1.2429155441595763,"22,43","22,43",student_concept_state_buffers
assist_09,1138,no_CRG,random_history_mask,1.0,0.2885417342185974,1.2429155441595763,"22,43","82,86",student_concept_state_buffers
assist_09,1355,no_CRG,original,1.0,0.8833319544792175,0.12405420963812071,32,,student_concept_state_buffers
assist_09,1355,no_CRG,target_concept_mask,1.0,0.8833319544792175,0.12405420963812071,32,32,student_concept_state_buffers
assist_09,1355,no_CRG,random_history_mask,1.0,0.8833319544792175,0.12405420963812071,32,6,student_concept_state_buffers
assist_09,1378,no_CRG,original,0.0,0.6165702939033508,0.9585989706817974,30,,student_concept_state_buffers
assist_09,1378,no_CRG,target_concept_mask,0.0,0.6165702939033508,0.9585989706817974,30,30,student_concept_state_buffers
assist_09,1378,no_CRG,random_history_mask,0.0,0.6165702939033508,0.9585989706817974,30,33,student_concept_state_buffers
assist_09,1451,no_CRG,original,1.0,0.6361939907073975,0.45225174531466233,48,,student_concept_state_buffers
assist_09,1451,no_CRG,target_concept_mask,1.0,0.6361939907073975,0.45225174531466233,48,48,student_concept_state_buffers
assist_09,1451,no_CRG,random_history_mask,1.0,0.6361939907073975,0.45225174531466233,48,51,student_concept_state_buffers
assist_09,1533,no_CRG,original,1.0,0.9770261645317078,0.02324184681513259,55,,student_concept_state_buffers
assist_09,1533,no_CRG,target_concept_mask,1.0,0.9770261645317078,0.02324184681513259,55,55,student_concept_state_buffers
assist_09,1533,no_CRG,random_history_mask,1.0,0.9770261645317078,0.02324184681513259,55,79,student_concept_state_buffers
assist_09,1653,no_CRG,original,1.0,0.6059052348136902,0.5010316833363981,49,,student_concept_state_buffers
assist_09,1653,no_CRG,target_concept_mask,1.0,0.6059052348136902,0.5010316833363981,49,49,student_concept_state_buffers
assist_09,1653,no_CRG,random_history_mask,1.0,0.6059052348136902,0.5010316833363981,49,82,student_concept_state_buffers
assist_09,1680,no_CRG,original,1.0,0.6989790201187134,0.3581345513350785,30,,student_concept_state_buffers
assist_09,1680,no_CRG,target_concept_mask,1.0,0.6989790201187134,0.3581345513350785,30,30,student_concept_state_buffers
assist_09,1680,no_CRG,random_history_mask,1.0,0.6989790201187134,0.3581345513350785,30,32,student_concept_state_buffers
assist_09,1873,no_CRG,original,0.0,0.7103332877159119,1.2390242849023994,"15,16",,student_concept_state_buffers
assist_09,1873,no_CRG,target_concept_mask,0.0,0.7103332877159119,1.2390242849023994,"15,16","15,16",student_concept_state_buffers
assist_09,1873,no_CRG,random_history_mask,0.0,0.7103332877159119,1.2390242849023994,"15,16","1,29",student_concept_state_buffers
assist_09,2190,no_CRG,original,1.0,0.5582420229911804,0.5829626776766716,"34,35,46",,student_concept_state_buffers
assist_09,2190,no_CRG,target_concept_mask,1.0,0.5582420229911804,0.5829626776766716,"34,35,46","34,35,46",student_concept_state_buffers
assist_09,2190,no_CRG,random_history_mask,1.0,0.5582420229911804,0.5829626776766716,"34,35,46","43,82,83",student_concept_state_buffers
assist_09,2214,no_CRG,original,1.0,0.7948232889175415,0.22963546712638416,"5,11",,student_concept_state_buffers
assist_09,2214,no_CRG,target_concept_mask,1.0,0.7948232889175415,0.22963546712638416,"5,11","5,11",student_concept_state_buffers
assist_09,2214,no_CRG,random_history_mask,1.0,0.7948232889175415,0.22963546712638416,"5,11","4,79",student_concept_state_buffers
assist_09,2274,no_CRG,original,1.0,0.7142103910446167,0.3365776947192593,44,,student_concept_state_buffers
assist_09,2274,no_CRG,target_concept_mask,1.0,0.7142103910446167,0.3365776947192593,44,44,student_concept_state_buffers
assist_09,2274,no_CRG,random_history_mask,1.0,0.7142103910446167,0.3365776947192593,44,80,student_concept_state_buffers
assist_09,2342,no_CRG,original,1.0,0.9043464064598083,0.10054279900312912,37,,student_concept_state_buffers
assist_09,2342,no_CRG,target_concept_mask,1.0,0.9043464064598083,0.10054279900312912,37,37,student_concept_state_buffers
assist_09,2342,no_CRG,random_history_mask,1.0,0.9043464064598083,0.10054279900312912,37,17,student_concept_state_buffers
assist_09,2479,no_CRG,original,1.0,0.5256108045578003,0.6431942554062012,52,,student_concept_state_buffers
assist_09,2479,no_CRG,target_concept_mask,1.0,0.5256108045578003,0.6431942554062012,52,52,student_concept_state_buffers
assist_09,2479,no_CRG,random_history_mask,1.0,0.5256108045578003,0.6431942554062012,52,98,student_concept_state_buffers
assist_09,2516,no_CRG,original,0.0,0.8707746863365173,2.046197780636718,20,,student_concept_state_buffers
assist_09,2516,no_CRG,target_concept_mask,0.0,0.8707746863365173,2.046197780636718,20,20,student_concept_state_buffers
assist_09,2516,no_CRG,random_history_mask,0.0,0.8707746863365173,2.046197780636718,20,45,student_concept_state_buffers
assist_09,2611,no_CRG,original,1.0,0.8541962504386902,0.15759431014341913,82,,student_concept_state_buffers
assist_09,2611,no_CRG,target_concept_mask,1.0,0.8541962504386902,0.15759431014341913,82,82,student_concept_state_buffers
assist_09,2611,no_CRG,random_history_mask,1.0,0.8541962504386902,0.15759431014341913,82,18,student_concept_state_buffers
assist_09,2630,no_CRG,original,1.0,0.8201155066490173,0.1983100868768311,37,,student_concept_state_buffers
assist_09,2630,no_CRG,target_concept_mask,1.0,0.8201155066490173,0.1983100868768311,37,37,student_concept_state_buffers
assist_09,2630,no_CRG,random_history_mask,1.0,0.8201155066490173,0.1983100868768311,37,67,student_concept_state_buffers
assist_09,2634,no_CRG,original,0.0,0.6950802803039551,1.1877067511329675,30,,student_concept_state_buffers
assist_09,2634,no_CRG,target_concept_mask,0.0,0.6950802803039551,1.1877067511329675,30,30,student_concept_state_buffers
assist_09,2634,no_CRG,random_history_mask,0.0,0.6950802803039551,1.1877067511329675,30,61,student_concept_state_buffers
assist_09,2654,no_CRG,original,0.0,0.6625975370407104,1.086478809076849,"34,35,46",,student_concept_state_buffers
assist_09,2654,no_CRG,target_concept_mask,0.0,0.6625975370407104,1.086478809076849,"34,35,46","34,35,46",student_concept_state_buffers
assist_09,2654,no_CRG,random_history_mask,0.0,0.6625975370407104,1.086478809076849,"34,35,46","42,61,78",student_concept_state_buffers
assist_09,2669,no_CRG,original,1.0,0.44785046577453613,0.8032958840379475,"22,43",,student_concept_state_buffers
assist_09,2669,no_CRG,target_concept_mask,1.0,0.44785046577453613,0.8032958840379475,"22,43","22,43",student_concept_state_buffers
assist_09,2669,no_CRG,random_history_mask,1.0,0.44785046577453613,0.8032958840379475,"22,43","17,81",student_concept_state_buffers
assist_09,2730,no_CRG,original,0.0,0.876872718334198,2.094536648365733,81,,student_concept_state_buffers
assist_09,2730,no_CRG,target_concept_mask,0.0,0.876872718334198,2.094536648365733,81,81,student_concept_state_buffers
assist_09,2730,no_CRG,random_history_mask,0.0,0.876872718334198,2.094536648365733,81,53,student_concept_state_buffers
assist_09,2746,no_CRG,original,1.0,0.8712360262870789,0.13784235573091264,36,,student_concept_state_buffers
assist_09,2746,no_CRG,target_concept_mask,1.0,0.8712360262870789,0.13784235573091264,36,36,student_concept_state_buffers
assist_09,2746,no_CRG,random_history_mask,1.0,0.8712360262870789,0.13784235573091264,36,44,student_concept_state_buffers
assist_09,2947,no_CRG,original,0.0,0.6386213302612305,1.0178289237645846,49,,student_concept_state_buffers
assist_09,2947,no_CRG,target_concept_mask,0.0,0.6386213302612305,1.0178289237645846,49,49,student_concept_state_buffers
assist_09,2947,no_CRG,random_history_mask,0.0,0.6386213302612305,1.0178289237645846,49,56,student_concept_state_buffers
assist_09,2992,no_CRG,original,1.0,0.5210697650909424,0.6518713400687455,47,,student_concept_state_buffers
assist_09,2992,no_CRG,target_concept_mask,1.0,0.5210697650909424,0.6518713400687455,47,47,student_concept_state_buffers
assist_09,2992,no_CRG,random_history_mask,1.0,0.5210697650909424,0.6518713400687455,47,45,student_concept_state_buffers
assist_09,3111,no_CRG,original,1.0,0.8603562116622925,0.15040877588424462,81,,student_concept_state_buffers
assist_09,3111,no_CRG,target_concept_mask,1.0,0.8603562116622925,0.15040877588424462,81,81,student_concept_state_buffers
assist_09,3111,no_CRG,random_history_mask,1.0,0.8603562116622925,0.15040877588424462,81,53,student_concept_state_buffers
assist_09,3172,no_CRG,original,1.0,0.6216926574707031,0.4753094281824063,9,,student_concept_state_buffers
assist_09,3172,no_CRG,target_concept_mask,1.0,0.6216926574707031,0.4753094281824063,9,9,student_concept_state_buffers
assist_09,3172,no_CRG,random_history_mask,1.0,0.6216926574707031,0.4753094281824063,9,17,student_concept_state_buffers
assist_09,3312,no_CRG,original,1.0,0.3002874255180359,1.2030151779363674,8,,student_concept_state_buffers
assist_09,3312,no_CRG,target_concept_mask,1.0,0.3002874255180359,1.2030151779363674,8,8,student_concept_state_buffers
assist_09,3312,no_CRG,random_history_mask,1.0,0.3002874255180359,1.2030151779363674,8,37,student_concept_state_buffers
assist_09,3370,no_CRG,original,1.0,0.6998752951622009,0.35685310957757166,41,,student_concept_state_buffers
assist_09,3370,no_CRG,target_concept_mask,1.0,0.6998752951622009,0.35685310957757166,41,41,student_concept_state_buffers
assist_09,3370,no_CRG,random_history_mask,1.0,0.6998752951622009,0.35685310957757166,41,35,student_concept_state_buffers
assist_09,3816,no_CRG,original,1.0,0.8615854382514954,0.14898105410509146,37,,student_concept_state_buffers
assist_09,3816,no_CRG,target_concept_mask,1.0,0.8615854382514954,0.14898105410509146,37,37,student_concept_state_buffers
assist_09,3816,no_CRG,random_history_mask,1.0,0.8615854382514954,0.14898105410509146,37,24,student_concept_state_buffers
assist_09,4032,no_CRG,original,1.0,0.9512454271316528,0.04998317703813486,52,,student_concept_state_buffers
assist_09,4032,no_CRG,target_concept_mask,1.0,0.9512454271316528,0.04998317703813486,52,52,student_concept_state_buffers
assist_09,4032,no_CRG,random_history_mask,1.0,0.9512454271316528,0.04998317703813486,52,37,student_concept_state_buffers
assist_09,4109,no_CRG,original,1.0,0.9364221096038818,0.06568893236274582,44,,student_concept_state_buffers
assist_09,4109,no_CRG,target_concept_mask,1.0,0.9364221096038818,0.06568893236274582,44,44,student_concept_state_buffers
assist_09,4109,no_CRG,random_history_mask,1.0,0.9364221096038818,0.06568893236274582,44,38,student_concept_state_buffers
assist_09,4223,no_CRG,original,1.0,0.8774914741516113,0.13068803975585724,81,,student_concept_state_buffers
assist_09,4223,no_CRG,target_concept_mask,1.0,0.8774914741516113,0.13068803975585724,81,81,student_concept_state_buffers
assist_09,4223,no_CRG,random_history_mask,1.0,0.8774914741516113,0.13068803975585724,81,89,student_concept_state_buffers
assist_09,4234,no_CRG,original,0.0,0.77683025598526,1.499822613152973,99,,student_concept_state_buffers
assist_09,4234,no_CRG,target_concept_mask,0.0,0.77683025598526,1.499822613152973,99,99,student_concept_state_buffers
assist_09,4234,no_CRG,random_history_mask,0.0,0.77683025598526,1.499822613152973,99,33,student_concept_state_buffers
assist_09,4263,no_CRG,original,0.0,0.7932789921760559,1.5763851830904572,98,,student_concept_state_buffers
assist_09,4263,no_CRG,target_concept_mask,0.0,0.7932789921760559,1.5763851830904572,98,98,student_concept_state_buffers
assist_09,4263,no_CRG,random_history_mask,0.0,0.7932789921760559,1.5763851830904572,98,87,student_concept_state_buffers
assist_09,4540,no_CRG,original,1.0,0.8638100624084473,0.1464023695207838,56,,student_concept_state_buffers
assist_09,4540,no_CRG,target_concept_mask,1.0,0.8638100624084473,0.1464023695207838,56,56,student_concept_state_buffers
assist_09,4540,no_CRG,random_history_mask,1.0,0.8638100624084473,0.1464023695207838,56,79,student_concept_state_buffers
assist_09,4579,no_CRG,original,1.0,0.8824580311775208,0.12504404804489605,79,,student_concept_state_buffers
assist_09,4579,no_CRG,target_concept_mask,1.0,0.8824580311775208,0.12504404804489605,79,79,student_concept_state_buffers
assist_09,4579,no_CRG,random_history_mask,1.0,0.8824580311775208,0.12504404804489605,79,45,student_concept_state_buffers
assist_09,4606,no_CRG,original,1.0,0.41303732991218567,0.8842173029092053,30,,student_concept_state_buffers
assist_09,4606,no_CRG,target_concept_mask,1.0,0.41303732991218567,0.8842173029092053,30,30,student_concept_state_buffers
assist_09,4606,no_CRG,random_history_mask,1.0,0.41303732991218567,0.8842173029092053,30,33,student_concept_state_buffers
assist_09,4717,no_CRG,original,1.0,0.13046735525131226,2.0366322348433923,51,,student_concept_state_buffers
assist_09,4717,no_CRG,target_concept_mask,1.0,0.13046735525131226,2.0366322348433923,51,51,student_concept_state_buffers
assist_09,4717,no_CRG,random_history_mask,1.0,0.13046735525131226,2.0366322348433923,51,60,student_concept_state_buffers
assist_09,4871,no_CRG,original,0.0,0.7003832459449768,1.2052511074906567,7,,student_concept_state_buffers
assist_09,4871,no_CRG,target_concept_mask,0.0,0.7003832459449768,1.2052511074906567,7,7,student_concept_state_buffers
assist_09,4871,no_CRG,random_history_mask,0.0,0.7003832459449768,1.2052511074906567,7,6,student_concept_state_buffers
assist_09,4884,no_CRG,original,0.0,0.26499709486961365,0.3078808272187629,51,,student_concept_state_buffers
assist_09,4884,no_CRG,target_concept_mask,0.0,0.26499709486961365,0.3078808272187629,51,51,student_concept_state_buffers
assist_09,4884,no_CRG,random_history_mask,0.0,0.26499709486961365,0.3078808272187629,51,1,student_concept_state_buffers
assist_09,4904,no_CRG,original,1.0,0.5389171838760376,0.6181933676035085,30,,student_concept_state_buffers
assist_09,4904,no_CRG,target_concept_mask,1.0,0.5389171838760376,0.6181933676035085,30,30,student_concept_state_buffers
assist_09,4904,no_CRG,random_history_mask,1.0,0.5389171838760376,0.6181933676035085,30,48,student_concept_state_buffers
assist_09,4980,no_CRG,original,1.0,0.871662974357605,0.13735242707881262,98,,student_concept_state_buffers
assist_09,4980,no_CRG,target_concept_mask,1.0,0.871662974357605,0.13735242707881262,98,98,student_concept_state_buffers
assist_09,4980,no_CRG,random_history_mask,1.0,0.871662974357605,0.13735242707881262,98,40,student_concept_state_buffers
assist_09,5235,no_CRG,original,1.0,0.7691344022750854,0.2624895493577041,60,,student_concept_state_buffers
assist_09,5235,no_CRG,target_concept_mask,1.0,0.7691344022750854,0.2624895493577041,60,60,student_concept_state_buffers
assist_09,5235,no_CRG,random_history_mask,1.0,0.7691344022750854,0.2624895493577041,60,104,student_concept_state_buffers
assist_09,5497,no_CRG,original,0.0,0.6691321730613708,1.1060362977370994,48,,student_concept_state_buffers
assist_09,5497,no_CRG,target_concept_mask,0.0,0.6691321730613708,1.1060362977370994,48,48,student_concept_state_buffers
assist_09,5497,no_CRG,random_history_mask,0.0,0.6691321730613708,1.1060362977370994,48,98,student_concept_state_buffers
assist_09,5544,no_CRG,original,1.0,0.934053361415863,0.06822171024837448,99,,student_concept_state_buffers
assist_09,5544,no_CRG,target_concept_mask,1.0,0.934053361415863,0.06822171024837448,99,99,student_concept_state_buffers
assist_09,5544,no_CRG,random_history_mask,1.0,0.934053361415863,0.06822171024837448,99,47,student_concept_state_buffers
assist_09,5561,no_CRG,original,1.0,0.6672619581222534,0.4045725693560259,98,,student_concept_state_buffers
assist_09,5561,no_CRG,target_concept_mask,1.0,0.6672619581222534,0.4045725693560259,98,98,student_concept_state_buffers
assist_09,5561,no_CRG,random_history_mask,1.0,0.6672619581222534,0.4045725693560259,98,45,student_concept_state_buffers
assist_09,5630,no_CRG,original,1.0,0.9529574513435364,0.048185023393337134,46,,student_concept_state_buffers
assist_09,5630,no_CRG,target_concept_mask,1.0,0.9529574513435364,0.048185023393337134,46,46,student_concept_state_buffers
assist_09,5630,no_CRG,random_history_mask,1.0,0.9529574513435364,0.048185023393337134,46,68,student_concept_state_buffers
assist_09,5725,no_CRG,original,1.0,0.6296377182006836,0.4626106754766024,98,,student_concept_state_buffers
assist_09,5725,no_CRG,target_concept_mask,1.0,0.6296377182006836,0.4626106754766024,98,98,student_concept_state_buffers
assist_09,5725,no_CRG,random_history_mask,1.0,0.6296377182006836,0.4626106754766024,98,76,student_concept_state_buffers
assist_09,5728,no_CRG,original,0.0,0.658001184463501,1.0729480052690994,42,,student_concept_state_buffers
assist_09,5728,no_CRG,target_concept_mask,0.0,0.658001184463501,1.0729480052690994,42,42,student_concept_state_buffers
assist_09,5728,no_CRG,random_history_mask,0.0,0.658001184463501,1.0729480052690994,42,63,student_concept_state_buffers
assist_09,5810,no_CRG,original,1.0,0.9182725548744202,0.08526103169328522,98,,student_concept_state_buffers
assist_09,5810,no_CRG,target_concept_mask,1.0,0.9182725548744202,0.08526103169328522,98,98,student_concept_state_buffers
assist_09,5810,no_CRG,random_history_mask,1.0,0.9182725548744202,0.08526103169328522,98,30,student_concept_state_buffers
assist_09,5847,no_CRG,original,1.0,0.8508404493331909,0.1615306540814357,56,,student_concept_state_buffers
assist_09,5847,no_CRG,target_concept_mask,1.0,0.8508404493331909,0.1615306540814357,56,56,student_concept_state_buffers
assist_09,5847,no_CRG,random_history_mask,1.0,0.8508404493331909,0.1615306540814357,56,48,student_concept_state_buffers
assist_09,5906,no_CRG,original,1.0,0.8311220407485962,0.18497863480296467,46,,student_concept_state_buffers
assist_09,5906,no_CRG,target_concept_mask,1.0,0.8311220407485962,0.18497863480296467,46,46,student_concept_state_buffers
assist_09,5906,no_CRG,random_history_mask,1.0,0.8311220407485962,0.18497863480296467,46,74,student_concept_state_buffers
assist_09,5982,no_CRG,original,0.0,0.4775308072566986,0.6491892581382936,70,,student_concept_state_buffers
assist_09,5982,no_CRG,target_concept_mask,0.0,0.4775308072566986,0.6491892581382936,70,70,student_concept_state_buffers
assist_09,5982,no_CRG,random_history_mask,0.0,0.4775308072566986,0.6491892581382936,70,47,student_concept_state_buffers
assist_09,6056,no_CRG,original,1.0,0.6304842829704285,0.46126705176982086,98,,student_concept_state_buffers
assist_09,6056,no_CRG,target_concept_mask,1.0,0.6304842829704285,0.46126705176982086,98,98,student_concept_state_buffers
assist_09,6056,no_CRG,random_history_mask,1.0,0.6304842829704285,0.46126705176982086,98,32,student_concept_state_buffers
assist_09,6173,no_CRG,original,1.0,0.7951443195343018,0.22923164679769784,"32,33",,student_concept_state_buffers
assist_09,6173,no_CRG,target_concept_mask,1.0,0.7951443195343018,0.22923164679769784,"32,33","32,33",student_concept_state_buffers
assist_09,6173,no_CRG,random_history_mask,1.0,0.7951443195343018,0.22923164679769784,"32,33","38,66",student_concept_state_buffers
assist_09,6250,no_CRG,original,0.0,0.7216349244117737,1.2788218052723617,30,,student_concept_state_buffers
assist_09,6250,no_CRG,target_concept_mask,0.0,0.7216349244117737,1.2788218052723617,30,30,student_concept_state_buffers
assist_09,6250,no_CRG,random_history_mask,0.0,0.7216349244117737,1.2788218052723617,30,3,student_concept_state_buffers
assist_09,6424,no_CRG,original,1.0,0.825837254524231,0.19135755329483617,30,,student_concept_state_buffers
assist_09,6424,no_CRG,target_concept_mask,1.0,0.825837254524231,0.19135755329483617,30,30,student_concept_state_buffers
assist_09,6424,no_CRG,random_history_mask,1.0,0.825837254524231,0.19135755329483617,30,121,student_concept_state_buffers
assist_09,6614,no_CRG,original,1.0,0.6259209513664246,0.46853119162797985,59,,student_concept_state_buffers
assist_09,6614,no_CRG,target_concept_mask,1.0,0.6259209513664246,0.46853119162797985,59,59,student_concept_state_buffers
assist_09,6614,no_CRG,random_history_mask,1.0,0.6259209513664246,0.46853119162797985,59,80,student_concept_state_buffers
assist_09,6616,no_CRG,original,1.0,0.7601542472839355,0.27423390934218955,33,,student_concept_state_buffers
assist_09,6616,no_CRG,target_concept_mask,1.0,0.7601542472839355,0.27423390934218955,33,33,student_concept_state_buffers
assist_09,6616,no_CRG,random_history_mask,1.0,0.7601542472839355,0.27423390934218955,33,63,student_concept_state_buffers
assist_09,6664,no_CRG,original,1.0,0.548934280872345,0.5997765516101071,98,,student_concept_state_buffers
assist_09,6664,no_CRG,target_concept_mask,1.0,0.548934280872345,0.5997765516101071,98,98,student_concept_state_buffers
assist_09,6664,no_CRG,random_history_mask,1.0,0.548934280872345,0.5997765516101071,98,47,student_concept_state_buffers
assist_09,6716,no_CRG,original,1.0,0.889313817024231,0.11730510573082722,46,,student_concept_state_buffers
assist_09,6716,no_CRG,target_concept_mask,1.0,0.889313817024231,0.11730510573082722,46,46,student_concept_state_buffers
assist_09,6716,no_CRG,random_history_mask,1.0,0.889313817024231,0.11730510573082722,46,30,student_concept_state_buffers
assist_09,6755,no_CRG,original,0.0,0.48719537258148193,0.6678603495893279,98,,student_concept_state_buffers
assist_09,6755,no_CRG,target_concept_mask,0.0,0.48719537258148193,0.6678603495893279,98,98,student_concept_state_buffers
assist_09,6755,no_CRG,random_history_mask,0.0,0.48719537258148193,0.6678603495893279,98,37,student_concept_state_buffers
assist_09,6863,no_CRG,original,1.0,0.41433000564575195,0.8810925075979696,98,,student_concept_state_buffers
assist_09,6863,no_CRG,target_concept_mask,1.0,0.41433000564575195,0.8810925075979696,98,98,student_concept_state_buffers
assist_09,6863,no_CRG,random_history_mask,1.0,0.41433000564575195,0.8810925075979696,98,56,student_concept_state_buffers
assist_09,6887,no_CRG,original,1.0,0.6053146123886108,0.5020069356380445,42,,student_concept_state_buffers
assist_09,6887,no_CRG,target_concept_mask,1.0,0.6053146123886108,0.5020069356380445,42,42,student_concept_state_buffers
assist_09,6887,no_CRG,random_history_mask,1.0,0.6053146123886108,0.5020069356380445,42,45,student_concept_state_buffers
assist_09,7149,no_CRG,original,1.0,0.6999820470809937,0.35670059129477494,44,,student_concept_state_buffers
assist_09,7149,no_CRG,target_concept_mask,1.0,0.6999820470809937,0.35670059129477494,44,44,student_concept_state_buffers
assist_09,7149,no_CRG,random_history_mask,1.0,0.6999820470809937,0.35670059129477494,44,45,student_concept_state_buffers
assist_09,7325,no_CRG,original,1.0,0.8541052937507629,0.15770079800362458,119,,student_concept_state_buffers
assist_09,7325,no_CRG,target_concept_mask,1.0,0.8541052937507629,0.15770079800362458,119,119,student_concept_state_buffers
assist_09,7325,no_CRG,random_history_mask,1.0,0.8541052937507629,0.15770079800362458,119,18,student_concept_state_buffers
assist_09,7636,no_CRG,original,0.0,0.829655110836029,1.76993013729781,"58,104",,student_concept_state_buffers
assist_09,7636,no_CRG,target_concept_mask,0.0,0.829655110836029,1.76993013729781,"58,104","58,104",student_concept_state_buffers
assist_09,7636,no_CRG,random_history_mask,0.0,0.829655110836029,1.76993013729781,"58,104","8,79",student_concept_state_buffers
assist_09,7671,no_CRG,original,0.0,0.7350550293922424,1.3282331326437737,49,,student_concept_state_buffers
assist_09,7671,no_CRG,target_concept_mask,0.0,0.7350550293922424,1.3282331326437737,49,49,student_concept_state_buffers
assist_09,7671,no_CRG,random_history_mask,0.0,0.7350550293922424,1.3282331326437737,49,6,student_concept_state_buffers
assist_09,7677,no_CRG,original,1.0,0.8381528854370117,0.17655475428474046,33,,student_concept_state_buffers
assist_09,7677,no_CRG,target_concept_mask,1.0,0.8381528854370117,0.17655475428474046,33,33,student_concept_state_buffers
assist_09,7677,no_CRG,random_history_mask,1.0,0.8381528854370117,0.17655475428474046,33,47,student_concept_state_buffers
assist_09,8359,no_CRG,original,0.0,0.9326997399330139,2.698591178044923,90,,student_concept_state_buffers
assist_09,8359,no_CRG,target_concept_mask,0.0,0.9326997399330139,2.698591178044923,90,90,student_concept_state_buffers
assist_09,8359,no_CRG,random_history_mask,0.0,0.9326997399330139,2.698591178044923,90,88,student_concept_state_buffers
assist_09,8395,no_CRG,original,1.0,0.8896564245223999,0.11691993065099357,94,,student_concept_state_buffers
assist_09,8395,no_CRG,target_concept_mask,1.0,0.8896564245223999,0.11691993065099357,94,94,student_concept_state_buffers
assist_09,8395,no_CRG,random_history_mask,1.0,0.8896564245223999,0.11691993065099357,94,88,student_concept_state_buffers
assist_09,8397,no_CRG,original,0.0,0.8698035478591919,2.0387107988814863,99,,student_concept_state_buffers
assist_09,8397,no_CRG,target_concept_mask,0.0,0.8698035478591919,2.0387107988814863,99,99,student_concept_state_buffers
assist_09,8397,no_CRG,random_history_mask,0.0,0.8698035478591919,2.0387107988814863,99,7,student_concept_state_buffers
assist_09,8472,no_CRG,original,1.0,0.8745490312576294,0.1340469183334925,94,,student_concept_state_buffers
assist_09,8472,no_CRG,target_concept_mask,1.0,0.8745490312576294,0.1340469183334925,94,94,student_concept_state_buffers
assist_09,8472,no_CRG,random_history_mask,1.0,0.8745490312576294,0.1340469183334925,94,101,student_concept_state_buffers
assist_09,8740,no_CRG,original,1.0,0.5557078123092651,0.5875126402936144,86,,student_concept_state_buffers
assist_09,8740,no_CRG,target_concept_mask,1.0,0.5557078123092651,0.5875126402936144,86,86,student_concept_state_buffers
assist_09,8740,no_CRG,random_history_mask,1.0,0.5557078123092651,0.5875126402936144,86,41,student_concept_state_buffers
assist_09,8916,no_CRG,original,1.0,0.2346055656671524,1.449849618972765,75,,student_concept_state_buffers
assist_09,8916,no_CRG,target_concept_mask,1.0,0.2346055656671524,1.449849618972765,75,75,student_concept_state_buffers
assist_09,8916,no_CRG,random_history_mask,1.0,0.2346055656671524,1.449849618972765,75,32,student_concept_state_buffers
assist_09,8950,no_CRG,original,1.0,0.638941764831543,0.4479419636065505,55,,student_concept_state_buffers
assist_09,8950,no_CRG,target_concept_mask,1.0,0.638941764831543,0.4479419636065505,55,55,student_concept_state_buffers
assist_09,8950,no_CRG,random_history_mask,1.0,0.638941764831543,0.4479419636065505,55,32,student_concept_state_buffers
assist_09,9075,no_CRG,original,1.0,0.5249216556549072,0.6445062548500045,97,,student_concept_state_buffers
assist_09,9075,no_CRG,target_concept_mask,1.0,0.5249216556549072,0.6445062548500045,97,97,student_concept_state_buffers
assist_09,9075,no_CRG,random_history_mask,1.0,0.5249216556549072,0.6445062548500045,97,98,student_concept_state_buffers
assist_09,9096,no_CRG,original,1.0,0.5819215774536133,0.5414195869731199,"45,55",,student_concept_state_buffers
assist_09,9096,no_CRG,target_concept_mask,1.0,0.5819215774536133,0.5414195869731199,"45,55","45,55",student_concept_state_buffers
assist_09,9096,no_CRG,random_history_mask,1.0,0.5819215774536133,0.5414195869731199,"45,55","30,70",student_concept_state_buffers
assist_09,9141,no_CRG,original,0.0,0.5834468603134155,0.8757412392313615,33,,student_concept_state_buffers
assist_09,9141,no_CRG,target_concept_mask,0.0,0.5834468603134155,0.8757412392313615,33,33,student_concept_state_buffers
assist_09,9141,no_CRG,random_history_mask,0.0,0.5834468603134155,0.8757412392313615,33,68,student_concept_state_buffers
assist_09,9319,no_CRG,original,1.0,0.8350555896759033,0.18025698188510306,80,,student_concept_state_buffers
assist_09,9319,no_CRG,target_concept_mask,1.0,0.8350555896759033,0.18025698188510306,80,80,student_concept_state_buffers
assist_09,9319,no_CRG,random_history_mask,1.0,0.8350555896759033,0.18025698188510306,80,38,student_concept_state_buffers
assist_09,9502,no_CRG,original,1.0,0.8938459157943726,0.11222187236079814,82,,student_concept_state_buffers
assist_09,9502,no_CRG,target_concept_mask,1.0,0.8938459157943726,0.11222187236079814,82,82,student_concept_state_buffers
assist_09,9502,no_CRG,random_history_mask,1.0,0.8938459157943726,0.11222187236079814,82,80,student_concept_state_buffers
assist_09,9560,no_CRG,original,1.0,0.5273804664611816,0.6398330431755092,7,,student_concept_state_buffers
assist_09,9560,no_CRG,target_concept_mask,1.0,0.5273804664611816,0.6398330431755092,7,7,student_concept_state_buffers
assist_09,9560,no_CRG,random_history_mask,1.0,0.5273804664611816,0.6398330431755092,7,44,student_concept_state_buffers
assist_09,9648,no_CRG,original,0.0,0.686307966709137,1.159343560056782,"7,44",,student_concept_state_buffers
assist_09,9648,no_CRG,target_concept_mask,0.0,0.686307966709137,1.159343560056782,"7,44","7,44",student_concept_state_buffers
assist_09,9648,no_CRG,random_history_mask,0.0,0.686307966709137,1.159343560056782,"7,44","9,31",student_concept_state_buffers
assist_09,9801,no_CRG,original,0.0,0.21755844354629517,0.245336047595211,30,,student_concept_state_buffers
assist_09,9801,no_CRG,target_concept_mask,0.0,0.21755844354629517,0.245336047595211,30,30,student_concept_state_buffers
assist_09,9801,no_CRG,random_history_mask,0.0,0.21755844354629517,0.245336047595211,30,11,student_concept_state_buffers
assist_09,9822,no_CRG,original,0.0,0.5363558530807495,0.7686379457361053,"7,44",,student_concept_state_buffers
assist_09,9822,no_CRG,target_concept_mask,0.0,0.5363558530807495,0.7686379457361053,"7,44","7,44",student_concept_state_buffers
assist_09,9822,no_CRG,random_history_mask,0.0,0.5363558530807495,0.7686379457361053,"7,44","8,48",student_concept_state_buffers
assist_09,9930,no_CRG,original,0.0,0.17854313552379608,0.1966758511290639,30,,student_concept_state_buffers
assist_09,9930,no_CRG,target_concept_mask,0.0,0.17854313552379608,0.1966758511290639,30,30,student_concept_state_buffers
assist_09,9930,no_CRG,random_history_mask,0.0,0.17854313552379608,0.1966758511290639,30,48,student_concept_state_buffers
assist_09,9987,no_CRG,original,1.0,0.7048505544662476,0.349769478121194,30,,student_concept_state_buffers
assist_09,9987,no_CRG,target_concept_mask,1.0,0.7048505544662476,0.349769478121194,30,30,student_concept_state_buffers
assist_09,9987,no_CRG,random_history_mask,1.0,0.7048505544662476,0.349769478121194,30,17,student_concept_state_buffers
assist_09,9994,no_CRG,original,1.0,0.7692033052444458,0.2623999682870853,99,,student_concept_state_buffers
assist_09,9994,no_CRG,target_concept_mask,1.0,0.7692033052444458,0.2623999682870853,99,99,student_concept_state_buffers
assist_09,9994,no_CRG,random_history_mask,1.0,0.7692033052444458,0.2623999682870853,99,89,student_concept_state_buffers
assist_09,10018,no_CRG,original,0.0,0.49643784761428833,0.6860481337550777,30,,student_concept_state_buffers
assist_09,10018,no_CRG,target_concept_mask,0.0,0.49643784761428833,0.6860481337550777,30,30,student_concept_state_buffers
assist_09,10018,no_CRG,random_history_mask,0.0,0.49643784761428833,0.6860481337550777,30,31,student_concept_state_buffers
assist_09,10062,no_CRG,original,1.0,0.9938884377479553,0.006130314290497617,30,,student_concept_state_buffers
assist_09,10062,no_CRG,target_concept_mask,1.0,0.9938884377479553,0.006130314290497617,30,30,student_concept_state_buffers
assist_09,10062,no_CRG,random_history_mask,1.0,0.9938884377479553,0.006130314290497617,30,31,student_concept_state_buffers
assist_09,10101,no_CRG,original,0.0,0.19264337420463562,0.21398979284435515,51,,student_concept_state_buffers
assist_09,10101,no_CRG,target_concept_mask,0.0,0.19264337420463562,0.21398979284435515,51,51,student_concept_state_buffers
assist_09,10101,no_CRG,random_history_mask,0.0,0.19264337420463562,0.21398979284435515,51,24,student_concept_state_buffers
assist_09,10126,no_CRG,original,0.0,0.30441853404045105,0.3630071415384844,"1,24,44",,student_concept_state_buffers
assist_09,10126,no_CRG,target_concept_mask,0.0,0.30441853404045105,0.3630071415384844,"1,24,44","1,24,44",student_concept_state_buffers
assist_09,10126,no_CRG,random_history_mask,0.0,0.30441853404045105,0.3630071415384844,"1,24,44","31,47,60",student_concept_state_buffers
assist_09,10258,no_CRG,original,1.0,0.32003799080848694,1.1393155689586563,47,,student_concept_state_buffers
assist_09,10258,no_CRG,target_concept_mask,1.0,0.32003799080848694,1.1393155689586563,47,47,student_concept_state_buffers
assist_09,10258,no_CRG,random_history_mask,1.0,0.32003799080848694,1.1393155689586563,47,32,student_concept_state_buffers
assist_09,10280,no_CRG,original,0.0,0.8471143245697021,1.8780648563070874,30,,student_concept_state_buffers
assist_09,10280,no_CRG,target_concept_mask,0.0,0.8471143245697021,1.8780648563070874,30,30,student_concept_state_buffers
assist_09,10280,no_CRG,random_history_mask,0.0,0.8471143245697021,1.8780648563070874,30,32,student_concept_state_buffers
assist_09,10459,no_CRG,original,1.0,0.87874436378479,0.1292612497784972,98,,student_concept_state_buffers
assist_09,10459,no_CRG,target_concept_mask,1.0,0.87874436378479,0.1292612497784972,98,98,student_concept_state_buffers
assist_09,10459,no_CRG,random_history_mask,1.0,0.87874436378479,0.1292612497784972,98,1,student_concept_state_buffers
assist_09,10482,no_CRG,original,1.0,0.8870255947113037,0.11988144172099227,"0,11",,student_concept_state_buffers
assist_09,10482,no_CRG,target_concept_mask,1.0,0.8870255947113037,0.11988144172099227,"0,11","0,11",student_concept_state_buffers
assist_09,10482,no_CRG,random_history_mask,1.0,0.8870255947113037,0.11988144172099227,"0,11","12,99",student_concept_state_buffers
assist_09,10651,no_CRG,original,1.0,0.9518046975135803,0.049395414907452764,"5,10",,student_concept_state_buffers
assist_09,10651,no_CRG,target_concept_mask,1.0,0.9518046975135803,0.049395414907452764,"5,10","5,10",student_concept_state_buffers
assist_09,10651,no_CRG,random_history_mask,1.0,0.9518046975135803,0.049395414907452764,"5,10","47,94",student_concept_state_buffers
assist_09,10654,no_CRG,original,1.0,0.9419866800308228,0.059764144600414064,"32,33",,student_concept_state_buffers
assist_09,10654,no_CRG,target_concept_mask,1.0,0.9419866800308228,0.059764144600414064,"32,33","32,33",student_concept_state_buffers
assist_09,10654,no_CRG,random_history_mask,1.0,0.9419866800308228,0.059764144600414064,"32,33","8,57",student_concept_state_buffers
assist_09,10749,no_CRG,original,1.0,0.9822880029678345,0.017870731581805088,33,,student_concept_state_buffers
assist_09,10749,no_CRG,target_concept_mask,1.0,0.9822880029678345,0.017870731581805088,33,33,student_concept_state_buffers
assist_09,10749,no_CRG,random_history_mask,1.0,0.9822880029678345,0.017870731581805088,33,82,student_concept_state_buffers
assist_09,10761,no_CRG,original,1.0,0.9642593264579773,0.03639500969999774,82,,student_concept_state_buffers
assist_09,10761,no_CRG,target_concept_mask,1.0,0.9642593264579773,0.03639500969999774,82,82,student_concept_state_buffers
assist_09,10761,no_CRG,random_history_mask,1.0,0.9642593264579773,0.03639500969999774,82,51,student_concept_state_buffers
assist_09,10799,no_CRG,original,1.0,0.9944621920585632,0.00555319844590594,"6,10",,student_concept_state_buffers
assist_09,10799,no_CRG,target_concept_mask,1.0,0.9944621920585632,0.00555319844590594,"6,10","6,10",student_concept_state_buffers
assist_09,10799,no_CRG,random_history_mask,1.0,0.9944621920585632,0.00555319844590594,"6,10","1,33",student_concept_state_buffers
assist_09,10804,no_CRG,original,1.0,0.917633593082428,0.08595710411343835,49,,student_concept_state_buffers
assist_09,10804,no_CRG,target_concept_mask,1.0,0.917633593082428,0.08595710411343835,49,49,student_concept_state_buffers
assist_09,10804,no_CRG,random_history_mask,1.0,0.917633593082428,0.08595710411343835,49,16,student_concept_state_buffers
assist_09,10986,no_CRG,original,0.0,0.8959993720054626,2.2633583414499827,"6,8",,student_concept_state_buffers
assist_09,10986,no_CRG,target_concept_mask,0.0,0.8959993720054626,2.2633583414499827,"6,8","6,8",student_concept_state_buffers
assist_09,10986,no_CRG,random_history_mask,0.0,0.8959993720054626,2.2633583414499827,"6,8","25,82",student_concept_state_buffers
assist_09,11023,no_CRG,original,1.0,0.9445410370826721,0.05705614451151124,14,,student_concept_state_buffers
assist_09,11023,no_CRG,target_concept_mask,1.0,0.9445410370826721,0.05705614451151124,14,14,student_concept_state_buffers
assist_09,11023,no_CRG,random_history_mask,1.0,0.9445410370826721,0.05705614451151124,14,66,student_concept_state_buffers
assist_09,11233,no_CRG,original,1.0,0.5786985158920288,0.5469736349606198,106,,student_concept_state_buffers
assist_09,11233,no_CRG,target_concept_mask,1.0,0.5786985158920288,0.5469736349606198,106,106,student_concept_state_buffers
assist_09,11233,no_CRG,random_history_mask,1.0,0.5786985158920288,0.5469736349606198,106,38,student_concept_state_buffers
assist_09,11574,no_CRG,original,0.0,0.7970039248466492,1.5945686343472047,25,,student_concept_state_buffers
assist_09,11574,no_CRG,target_concept_mask,0.0,0.7970039248466492,1.5945686343472047,25,25,student_concept_state_buffers
assist_09,11574,no_CRG,random_history_mask,0.0,0.7970039248466492,1.5945686343472047,25,59,student_concept_state_buffers
assist_09,12285,no_CRG,original,1.0,0.9486398696899414,0.05272603638822068,49,,student_concept_state_buffers
assist_09,12285,no_CRG,target_concept_mask,1.0,0.9486398696899414,0.05272603638822068,49,49,student_concept_state_buffers
assist_09,12285,no_CRG,random_history_mask,1.0,0.9486398696899414,0.05272603638822068,49,25,student_concept_state_buffers
assist_09,12311,no_CRG,original,1.0,0.9719051718711853,0.028497039084272435,"32,33",,student_concept_state_buffers
assist_09,12311,no_CRG,target_concept_mask,1.0,0.9719051718711853,0.028497039084272435,"32,33","32,33",student_concept_state_buffers
assist_09,12311,no_CRG,random_history_mask,1.0,0.9719051718711853,0.028497039084272435,"32,33","12,44",student_concept_state_buffers
assist_09,12388,no_CRG,original,1.0,0.7766335010528564,0.2527867245093303,20,,student_concept_state_buffers
assist_09,12388,no_CRG,target_concept_mask,1.0,0.7766335010528564,0.2527867245093303,20,20,student_concept_state_buffers
assist_09,12388,no_CRG,random_history_mask,1.0,0.7766335010528564,0.2527867245093303,20,29,student_concept_state_buffers
assist_09,12562,no_CRG,original,1.0,0.8692969083786011,0.1400705453527684,29,,student_concept_state_buffers
assist_09,12562,no_CRG,target_concept_mask,1.0,0.8692969083786011,0.1400705453527684,29,29,student_concept_state_buffers
assist_09,12562,no_CRG,random_history_mask,1.0,0.8692969083786011,0.1400705453527684,29,66,student_concept_state_buffers
assist_09,12597,no_CRG,original,1.0,0.7200612425804138,0.3284190114498959,20,,student_concept_state_buffers
assist_09,12597,no_CRG,target_concept_mask,1.0,0.7200612425804138,0.3284190114498959,20,20,student_concept_state_buffers
assist_09,12597,no_CRG,random_history_mask,1.0,0.7200612425804138,0.3284190114498959,20,92,student_concept_state_buffers
assist_09,13036,no_CRG,original,0.0,0.5002329349517822,0.6936131590146084,30,,student_concept_state_buffers
assist_09,13036,no_CRG,target_concept_mask,0.0,0.5002329349517822,0.6936131590146084,30,30,student_concept_state_buffers
assist_09,13036,no_CRG,random_history_mask,0.0,0.5002329349517822,0.6936131590146084,30,51,student_concept_state_buffers
assist_09,13046,no_CRG,original,0.0,0.39626622200012207,0.5046219431135879,30,,student_concept_state_buffers
assist_09,13046,no_CRG,target_concept_mask,0.0,0.39626622200012207,0.5046219431135879,30,30,student_concept_state_buffers
assist_09,13046,no_CRG,random_history_mask,0.0,0.39626622200012207,0.5046219431135879,30,60,student_concept_state_buffers
assist_09,13148,no_CRG,original,1.0,0.8339883089065552,0.1815358948193004,99,,student_concept_state_buffers
assist_09,13148,no_CRG,target_concept_mask,1.0,0.8339883089065552,0.1815358948193004,99,99,student_concept_state_buffers
assist_09,13148,no_CRG,random_history_mask,1.0,0.8339883089065552,0.1815358948193004,99,119,student_concept_state_buffers
assist_09,13286,no_CRG,original,0.0,0.6782470941543579,1.1339714011693967,2,,student_concept_state_buffers
assist_09,13286,no_CRG,target_concept_mask,0.0,0.6782470941543579,1.1339714011693967,2,2,student_concept_state_buffers
assist_09,13286,no_CRG,random_history_mask,0.0,0.6782470941543579,1.1339714011693967,2,18,student_concept_state_buffers
assist_09,13304,no_CRG,original,1.0,0.6332444548606873,0.45689874677400627,0,,student_concept_state_buffers
assist_09,13304,no_CRG,target_concept_mask,1.0,0.6332444548606873,0.45689874677400627,0,0,student_concept_state_buffers
assist_09,13304,no_CRG,random_history_mask,1.0,0.6332444548606873,0.45689874677400627,0,55,student_concept_state_buffers
assist_09,13311,no_CRG,original,1.0,0.9025400280952454,0.10254223729853668,55,,student_concept_state_buffers
assist_09,13311,no_CRG,target_concept_mask,1.0,0.9025400280952454,0.10254223729853668,55,55,student_concept_state_buffers
assist_09,13311,no_CRG,random_history_mask,1.0,0.9025400280952454,0.10254223729853668,55,79,student_concept_state_buffers
assist_09,13383,no_CRG,original,0.0,0.5572007298469543,0.8146387264032013,"45,58",,student_concept_state_buffers
assist_09,13383,no_CRG,target_concept_mask,0.0,0.5572007298469543,0.8146387264032013,"45,58","45,58",student_concept_state_buffers
assist_09,13383,no_CRG,random_history_mask,0.0,0.5572007298469543,0.8146387264032013,"45,58","11,96",student_concept_state_buffers
assist_09,13529,no_CRG,original,1.0,0.7984851598739624,0.22503889650420356,49,,student_concept_state_buffers
assist_09,13529,no_CRG,target_concept_mask,1.0,0.7984851598739624,0.22503889650420356,49,49,student_concept_state_buffers
assist_09,13529,no_CRG,random_history_mask,1.0,0.7984851598739624,0.22503889650420356,49,83,student_concept_state_buffers
assist_09,13530,no_CRG,original,1.0,0.8075266480445862,0.2137792237554256,2,,student_concept_state_buffers
assist_09,13530,no_CRG,target_concept_mask,1.0,0.8075266480445862,0.2137792237554256,2,2,student_concept_state_buffers
assist_09,13530,no_CRG,random_history_mask,1.0,0.8075266480445862,0.2137792237554256,2,10,student_concept_state_buffers
assist_09,13539,no_CRG,original,1.0,0.9114096164703369,0.09276284889099427,98,,student_concept_state_buffers
assist_09,13539,no_CRG,target_concept_mask,1.0,0.9114096164703369,0.09276284889099427,98,98,student_concept_state_buffers
assist_09,13539,no_CRG,random_history_mask,1.0,0.9114096164703369,0.09276284889099427,98,49,student_concept_state_buffers
assist_09,13545,no_CRG,original,1.0,0.821906328201294,0.19612884637892722,20,,student_concept_state_buffers
assist_09,13545,no_CRG,target_concept_mask,1.0,0.821906328201294,0.19612884637892722,20,20,student_concept_state_buffers
assist_09,13545,no_CRG,random_history_mask,1.0,0.821906328201294,0.19612884637892722,20,104,student_concept_state_buffers
assist_09,13653,no_CRG,original,0.0,0.9572566151618958,3.1525408362020744,29,,student_concept_state_buffers
assist_09,13653,no_CRG,target_concept_mask,0.0,0.9572566151618958,3.1525408362020744,29,29,student_concept_state_buffers
assist_09,13653,no_CRG,random_history_mask,0.0,0.9572566151618958,3.1525408362020744,29,45,student_concept_state_buffers
assist_09,13671,no_CRG,original,1.0,0.7738556861877441,0.25636987473055534,9,,student_concept_state_buffers
assist_09,13671,no_CRG,target_concept_mask,1.0,0.7738556861877441,0.25636987473055534,9,9,student_concept_state_buffers
assist_09,13671,no_CRG,random_history_mask,1.0,0.7738556861877441,0.25636987473055534,9,57,student_concept_state_buffers
assist_09,13680,no_CRG,original,1.0,0.8933438658714294,0.11278370406026252,89,,student_concept_state_buffers
assist_09,13680,no_CRG,target_concept_mask,1.0,0.8933438658714294,0.11278370406026252,89,89,student_concept_state_buffers
assist_09,13680,no_CRG,random_history_mask,1.0,0.8933438658714294,0.11278370406026252,89,49,student_concept_state_buffers
assist_09,13693,no_CRG,original,0.0,0.8887484669685364,2.1959615779726316,14,,student_concept_state_buffers
assist_09,13693,no_CRG,target_concept_mask,0.0,0.8887484669685364,2.1959615779726316,14,14,student_concept_state_buffers
assist_09,13693,no_CRG,random_history_mask,0.0,0.8887484669685364,2.1959615779726316,14,29,student_concept_state_buffers
assist_09,13854,no_CRG,original,0.0,0.6501773595809937,1.050328994595606,58,,student_concept_state_buffers
assist_09,13854,no_CRG,target_concept_mask,0.0,0.6501773595809937,1.050328994595606,58,58,student_concept_state_buffers
assist_09,13854,no_CRG,random_history_mask,0.0,0.6501773595809937,1.050328994595606,58,60,student_concept_state_buffers
assist_09,13857,no_CRG,original,1.0,0.9040950536727905,0.10082077624947905,98,,student_concept_state_buffers
assist_09,13857,no_CRG,target_concept_mask,1.0,0.9040950536727905,0.10082077624947905,98,98,student_concept_state_buffers
assist_09,13857,no_CRG,random_history_mask,1.0,0.9040950536727905,0.10082077624947905,98,42,student_concept_state_buffers
assist_09,13899,no_CRG,original,0.0,0.323439359664917,0.39073319705141846,106,,student_concept_state_buffers
assist_09,13899,no_CRG,target_concept_mask,0.0,0.323439359664917,0.39073319705141846,106,106,student_concept_state_buffers
assist_09,13899,no_CRG,random_history_mask,0.0,0.323439359664917,0.39073319705141846,106,82,student_concept_state_buffers
assist_09,14022,no_CRG,original,0.0,0.7177222371101379,1.2648637180266462,99,,student_concept_state_buffers
assist_09,14022,no_CRG,target_concept_mask,0.0,0.7177222371101379,1.2648637180266462,99,99,student_concept_state_buffers
assist_09,14022,no_CRG,random_history_mask,0.0,0.7177222371101379,1.2648637180266462,99,5,student_concept_state_buffers
assist_09,14100,no_CRG,original,1.0,0.822248101234436,0.1957131031470921,33,,student_concept_state_buffers
assist_09,14100,no_CRG,target_concept_mask,1.0,0.822248101234436,0.1957131031470921,33,33,student_concept_state_buffers
assist_09,14100,no_CRG,random_history_mask,1.0,0.822248101234436,0.1957131031470921,33,47,student_concept_state_buffers
assist_09,14328,no_CRG,original,1.0,0.6798215508460999,0.38592494047783343,"45,58",,student_concept_state_buffers
assist_09,14328,no_CRG,target_concept_mask,1.0,0.6798215508460999,0.38592494047783343,"45,58","45,58",student_concept_state_buffers
assist_09,14328,no_CRG,random_history_mask,1.0,0.6798215508460999,0.38592494047783343,"45,58","2,85",student_concept_state_buffers
assist_09,14348,no_CRG,original,0.0,0.6486850380897522,1.0460721304941814,80,,student_concept_state_buffers
assist_09,14348,no_CRG,target_concept_mask,0.0,0.6486850380897522,1.0460721304941814,80,80,student_concept_state_buffers
assist_09,14348,no_CRG,random_history_mask,0.0,0.6486850380897522,1.0460721304941814,80,84,student_concept_state_buffers
assist_09,14789,no_CRG,original,1.0,0.5598548054695129,0.5800778048180598,20,,student_concept_state_buffers
assist_09,14789,no_CRG,target_concept_mask,1.0,0.5598548054695129,0.5800778048180598,20,20,student_concept_state_buffers
assist_09,14789,no_CRG,random_history_mask,1.0,0.5598548054695129,0.5800778048180598,20,96,student_concept_state_buffers
assist_09,14819,no_CRG,original,1.0,0.890160083770752,0.11635396302517423,78,,student_concept_state_buffers
assist_09,14819,no_CRG,target_concept_mask,1.0,0.890160083770752,0.11635396302517423,78,78,student_concept_state_buffers
assist_09,14819,no_CRG,random_history_mask,1.0,0.890160083770752,0.11635396302517423,78,24,student_concept_state_buffers
assist_09,14883,no_CRG,original,1.0,0.9331452250480652,0.06919443639115068,55,,student_concept_state_buffers
assist_09,14883,no_CRG,target_concept_mask,1.0,0.9331452250480652,0.06919443639115068,55,55,student_concept_state_buffers
assist_09,14883,no_CRG,random_history_mask,1.0,0.9331452250480652,0.06919443639115068,55,91,student_concept_state_buffers
assist_09,14929,no_CRG,original,1.0,0.8708523511886597,0.13828283293009871,"45,58",,student_concept_state_buffers
assist_09,14929,no_CRG,target_concept_mask,1.0,0.8708523511886597,0.13828283293009871,"45,58","45,58",student_concept_state_buffers
assist_09,14929,no_CRG,random_history_mask,1.0,0.8708523511886597,0.13828283293009871,"45,58","34,55",student_concept_state_buffers
assist_09,15130,no_CRG,original,0.0,0.7802971601486206,1.5154793736333316,89,,student_concept_state_buffers
assist_09,15130,no_CRG,target_concept_mask,0.0,0.7802971601486206,1.5154793736333316,89,89,student_concept_state_buffers
assist_09,15130,no_CRG,random_history_mask,0.0,0.7802971601486206,1.5154793736333316,89,104,student_concept_state_buffers
assist_09,15179,no_CRG,original,1.0,0.6741729378700256,0.3942686166050789,44,,student_concept_state_buffers
assist_09,15179,no_CRG,target_concept_mask,1.0,0.6741729378700256,0.3942686166050789,44,44,student_concept_state_buffers
assist_09,15179,no_CRG,random_history_mask,1.0,0.6741729378700256,0.3942686166050789,44,26,student_concept_state_buffers
assist_09,15210,no_CRG,original,1.0,0.45277461409568787,0.7923608179411319,49,,student_concept_state_buffers
assist_09,15210,no_CRG,target_concept_mask,1.0,0.45277461409568787,0.7923608179411319,49,49,student_concept_state_buffers
assist_09,15210,no_CRG,random_history_mask,1.0,0.45277461409568787,0.7923608179411319,49,27,student_concept_state_buffers
assist_09,15359,no_CRG,original,0.0,0.525598406791687,0.7457010729393513,103,,student_concept_state_buffers
assist_09,15359,no_CRG,target_concept_mask,0.0,0.525598406791687,0.7457010729393513,103,103,student_concept_state_buffers
assist_09,15359,no_CRG,random_history_mask,0.0,0.525598406791687,0.7457010729393513,103,48,student_concept_state_buffers
assist_09,15445,no_CRG,original,1.0,0.7659346461296082,0.2666584312500226,89,,student_concept_state_buffers
assist_09,15445,no_CRG,target_concept_mask,1.0,0.7659346461296082,0.2666584312500226,89,89,student_concept_state_buffers
assist_09,15445,no_CRG,random_history_mask,1.0,0.7659346461296082,0.2666584312500226,89,82,student_concept_state_buffers
assist_09,15676,no_CRG,original,1.0,0.7193248867988586,0.329442164071368,82,,student_concept_state_buffers
assist_09,15676,no_CRG,target_concept_mask,1.0,0.7193248867988586,0.329442164071368,82,82,student_concept_state_buffers
assist_09,15676,no_CRG,random_history_mask,1.0,0.7193248867988586,0.329442164071368,82,58,student_concept_state_buffers
assist_09,15709,no_CRG,original,1.0,0.7846453189849854,0.24252348625153658,29,,student_concept_state_buffers
assist_09,15709,no_CRG,target_concept_mask,1.0,0.7846453189849854,0.24252348625153658,29,29,student_concept_state_buffers
assist_09,15709,no_CRG,random_history_mask,1.0,0.7846453189849854,0.24252348625153658,29,13,student_concept_state_buffers
assist_09,15754,no_CRG,original,1.0,0.7913570404052734,0.23400603454023616,79,,student_concept_state_buffers
assist_09,15754,no_CRG,target_concept_mask,1.0,0.7913570404052734,0.23400603454023616,79,79,student_concept_state_buffers
assist_09,15754,no_CRG,random_history_mask,1.0,0.7913570404052734,0.23400603454023616,79,31,student_concept_state_buffers
assist_09,15977,no_CRG,original,0.0,0.7158918380737305,1.2584002614735277,49,,student_concept_state_buffers
assist_09,15977,no_CRG,target_concept_mask,0.0,0.7158918380737305,1.2584002614735277,49,49,student_concept_state_buffers
assist_09,15977,no_CRG,random_history_mask,0.0,0.7158918380737305,1.2584002614735277,49,106,student_concept_state_buffers
assist_09,16076,no_CRG,original,0.0,0.3471328318119049,0.42638158818030575,51,,student_concept_state_buffers
assist_09,16076,no_CRG,target_concept_mask,0.0,0.3471328318119049,0.42638158818030575,51,51,student_concept_state_buffers
assist_09,16076,no_CRG,random_history_mask,0.0,0.3471328318119049,0.42638158818030575,51,47,student_concept_state_buffers
assist_09,16156,no_CRG,original,0.0,0.6736006736755371,1.1196337198512303,30,,student_concept_state_buffers
assist_09,16156,no_CRG,target_concept_mask,0.0,0.6736006736755371,1.1196337198512303,30,30,student_concept_state_buffers
assist_09,16156,no_CRG,random_history_mask,0.0,0.6736006736755371,1.1196337198512303,30,44,student_concept_state_buffers
assist_09,16174,no_CRG,original,0.0,0.5332280397415161,0.7619144483719971,30,,student_concept_state_buffers
assist_09,16174,no_CRG,target_concept_mask,0.0,0.5332280397415161,0.7619144483719971,30,30,student_concept_state_buffers
assist_09,16174,no_CRG,random_history_mask,0.0,0.5332280397415161,0.7619144483719971,30,33,student_concept_state_buffers
assist_09,16215,no_CRG,original,0.0,0.42493706941604614,0.5532757996795655,30,,student_concept_state_buffers
assist_09,16215,no_CRG,target_concept_mask,0.0,0.42493706941604614,0.5532757996795655,30,30,student_concept_state_buffers
assist_09,16215,no_CRG,random_history_mask,0.0,0.42493706941604614,0.5532757996795655,30,51,student_concept_state_buffers
assist_09,16293,no_CRG,original,0.0,0.43666496872901917,0.5738807456471714,30,,student_concept_state_buffers
assist_09,16293,no_CRG,target_concept_mask,0.0,0.43666496872901917,0.5738807456471714,30,30,student_concept_state_buffers
assist_09,16293,no_CRG,random_history_mask,0.0,0.43666496872901917,0.5738807456471714,30,24,student_concept_state_buffers
assist_09,16329,no_CRG,original,1.0,0.966274619102478,0.03430720038570786,55,,student_concept_state_buffers
assist_09,16329,no_CRG,target_concept_mask,1.0,0.966274619102478,0.03430720038570786,55,55,student_concept_state_buffers
assist_09,16329,no_CRG,random_history_mask,1.0,0.966274619102478,0.03430720038570786,55,9,student_concept_state_buffers
assist_09,16347,no_CRG,original,1.0,0.8311490416526794,0.184946148039077,33,,student_concept_state_buffers
assist_09,16347,no_CRG,target_concept_mask,1.0,0.8311490416526794,0.184946148039077,33,33,student_concept_state_buffers
assist_09,16347,no_CRG,random_history_mask,1.0,0.8311490416526794,0.184946148039077,33,5,student_concept_state_buffers
assist_09,16465,no_CRG,original,0.0,0.537212610244751,0.7704875317537009,92,,student_concept_state_buffers
assist_09,16465,no_CRG,target_concept_mask,0.0,0.537212610244751,0.7704875317537009,92,92,student_concept_state_buffers
assist_09,16465,no_CRG,random_history_mask,0.0,0.537212610244751,0.7704875317537009,92,57,student_concept_state_buffers
assist_09,16678,no_CRG,original,1.0,0.9745921492576599,0.025736203953359696,55,,student_concept_state_buffers
assist_09,16678,no_CRG,target_concept_mask,1.0,0.9745921492576599,0.025736203953359696,55,55,student_concept_state_buffers
assist_09,16678,no_CRG,random_history_mask,1.0,0.9745921492576599,0.025736203953359696,55,41,student_concept_state_buffers
assist_09,16685,no_CRG,original,1.0,0.8807522654533386,0.1269788895775087,37,,student_concept_state_buffers
assist_09,16685,no_CRG,target_concept_mask,1.0,0.8807522654533386,0.1269788895775087,37,37,student_concept_state_buffers
assist_09,16685,no_CRG,random_history_mask,1.0,0.8807522654533386,0.1269788895775087,37,6,student_concept_state_buffers
assist_09,16784,no_CRG,original,1.0,0.9157987236976624,0.0879586724075663,11,,student_concept_state_buffers
assist_09,16784,no_CRG,target_concept_mask,1.0,0.9157987236976624,0.0879586724075663,11,11,student_concept_state_buffers
assist_09,16784,no_CRG,random_history_mask,1.0,0.9157987236976624,0.0879586724075663,11,31,student_concept_state_buffers
assist_09,16892,no_CRG,original,1.0,0.717495322227478,0.33198885091319785,98,,student_concept_state_buffers
assist_09,16892,no_CRG,target_concept_mask,1.0,0.717495322227478,0.33198885091319785,98,98,student_concept_state_buffers
assist_09,16892,no_CRG,random_history_mask,1.0,0.717495322227478,0.33198885091319785,98,6,student_concept_state_buffers
assist_09,16962,no_CRG,original,1.0,0.750931441783905,0.2864409206209304,67,,student_concept_state_buffers
assist_09,16962,no_CRG,target_concept_mask,1.0,0.750931441783905,0.2864409206209304,67,67,student_concept_state_buffers
assist_09,16962,no_CRG,random_history_mask,1.0,0.750931441783905,0.2864409206209304,67,21,student_concept_state_buffers
assist_09,17012,no_CRG,original,0.0,0.4801289737224579,0.6541745245596379,98,,student_concept_state_buffers
assist_09,17012,no_CRG,target_concept_mask,0.0,0.4801289737224579,0.6541745245596379,98,98,student_concept_state_buffers
assist_09,17012,no_CRG,random_history_mask,0.0,0.4801289737224579,0.6541745245596379,98,29,student_concept_state_buffers
assist_09,17026,no_CRG,original,1.0,0.5654463171958923,0.5701399177359848,98,,student_concept_state_buffers
assist_09,17026,no_CRG,target_concept_mask,1.0,0.5654463171958923,0.5701399177359848,98,98,student_concept_state_buffers
assist_09,17026,no_CRG,random_history_mask,1.0,0.5654463171958923,0.5701399177359848,98,59,student_concept_state_buffers
assist_09,17071,no_CRG,original,1.0,0.8727375268936157,0.13612042482800424,4,,student_concept_state_buffers
assist_09,17071,no_CRG,target_concept_mask,1.0,0.8727375268936157,0.13612042482800424,4,4,student_concept_state_buffers
assist_09,17071,no_CRG,random_history_mask,1.0,0.8727375268936157,0.13612042482800424,4,25,student_concept_state_buffers
assist_09,17212,no_CRG,original,1.0,0.8856552839279175,0.12142747414323293,98,,student_concept_state_buffers
assist_09,17212,no_CRG,target_concept_mask,1.0,0.8856552839279175,0.12142747414323293,98,98,student_concept_state_buffers
assist_09,17212,no_CRG,random_history_mask,1.0,0.8856552839279175,0.12142747414323293,98,9,student_concept_state_buffers
assist_09,17290,no_CRG,original,1.0,0.7191453576087952,0.32969177533957955,25,,student_concept_state_buffers
assist_09,17290,no_CRG,target_concept_mask,1.0,0.7191453576087952,0.32969177533957955,25,25,student_concept_state_buffers
assist_09,17290,no_CRG,random_history_mask,1.0,0.7191453576087952,0.32969177533957955,25,58,student_concept_state_buffers
assist_09,17307,no_CRG,original,0.0,0.384938508272171,0.48603302962462563,"12,13",,student_concept_state_buffers
assist_09,17307,no_CRG,target_concept_mask,0.0,0.384938508272171,0.48603302962462563,"12,13","12,13",student_concept_state_buffers
assist_09,17307,no_CRG,random_history_mask,0.0,0.384938508272171,0.48603302962462563,"12,13","6,20",student_concept_state_buffers
assist_09,17323,no_CRG,original,1.0,0.7498067021369934,0.2879398361539986,82,,student_concept_state_buffers
assist_09,17323,no_CRG,target_concept_mask,1.0,0.7498067021369934,0.2879398361539986,82,82,student_concept_state_buffers
assist_09,17323,no_CRG,random_history_mask,1.0,0.7498067021369934,0.2879398361539986,82,67,student_concept_state_buffers
assist_09,17379,no_CRG,original,1.0,0.682578444480896,0.38187782155942374,26,,student_concept_state_buffers
assist_09,17379,no_CRG,target_concept_mask,1.0,0.682578444480896,0.38187782155942374,26,26,student_concept_state_buffers
assist_09,17379,no_CRG,random_history_mask,1.0,0.682578444480896,0.38187782155942374,26,44,student_concept_state_buffers
assist_09,17437,no_CRG,original,0.0,0.7050907015800476,1.2210874329019632,49,,student_concept_state_buffers
assist_09,17437,no_CRG,target_concept_mask,0.0,0.7050907015800476,1.2210874329019632,49,49,student_concept_state_buffers
assist_09,17437,no_CRG,random_history_mask,0.0,0.7050907015800476,1.2210874329019632,49,13,student_concept_state_buffers
assist_09,17459,no_CRG,original,1.0,0.9532790780067444,0.04784757663758788,99,,student_concept_state_buffers
assist_09,17459,no_CRG,target_concept_mask,1.0,0.9532790780067444,0.04784757663758788,99,99,student_concept_state_buffers
assist_09,17459,no_CRG,random_history_mask,1.0,0.9532790780067444,0.04784757663758788,99,49,student_concept_state_buffers
assist_09,17639,no_CRG,original,0.0,0.5006065964698792,0.6943611100140077,"45,58",,student_concept_state_buffers
assist_09,17639,no_CRG,target_concept_mask,0.0,0.5006065964698792,0.6943611100140077,"45,58","45,58",student_concept_state_buffers
assist_09,17639,no_CRG,random_history_mask,0.0,0.5006065964698792,0.6943611100140077,"45,58","89,98",student_concept_state_buffers
assist_09,17648,no_CRG,original,1.0,0.39630481600761414,0.9255716264305842,20,,student_concept_state_buffers
assist_09,17648,no_CRG,target_concept_mask,1.0,0.39630481600761414,0.9255716264305842,20,20,student_concept_state_buffers
assist_09,17648,no_CRG,random_history_mask,1.0,0.39630481600761414,0.9255716264305842,20,89,student_concept_state_buffers
assist_09,17786,no_CRG,original,1.0,0.6949307918548584,0.3639430184407207,"1,44",,student_concept_state_buffers
assist_09,17786,no_CRG,target_concept_mask,1.0,0.6949307918548584,0.3639430184407207,"1,44","1,44",student_concept_state_buffers
assist_09,17786,no_CRG,random_history_mask,1.0,0.6949307918548584,0.3639430184407207,"1,44","38,60",student_concept_state_buffers
assist_09,17797,no_CRG,original,1.0,0.6443440318107605,0.4395224846313473,99,,student_concept_state_buffers
assist_09,17797,no_CRG,target_concept_mask,1.0,0.6443440318107605,0.4395224846313473,99,99,student_concept_state_buffers
assist_09,17797,no_CRG,random_history_mask,1.0,0.6443440318107605,0.4395224846313473,99,31,student_concept_state_buffers
assist_09,17809,no_CRG,original,0.0,0.6785368323326111,1.1348723058879848,63,,student_concept_state_buffers
assist_09,17809,no_CRG,target_concept_mask,0.0,0.6785368323326111,1.1348723058879848,63,63,student_concept_state_buffers
assist_09,17809,no_CRG,random_history_mask,0.0,0.6785368323326111,1.1348723058879848,63,29,student_concept_state_buffers
assist_09,18069,no_CRG,original,1.0,0.9233738780021667,0.07972105823924841,99,,student_concept_state_buffers
assist_09,18069,no_CRG,target_concept_mask,1.0,0.9233738780021667,0.07972105823924841,99,99,student_concept_state_buffers
assist_09,18069,no_CRG,random_history_mask,1.0,0.9233738780021667,0.07972105823924841,99,51,student_concept_state_buffers
assist_09,18113,no_CRG,original,1.0,0.8881474137306213,0.11861754331411112,98,,student_concept_state_buffers
assist_09,18113,no_CRG,target_concept_mask,1.0,0.8881474137306213,0.11861754331411112,98,98,student_concept_state_buffers
assist_09,18113,no_CRG,random_history_mask,1.0,0.8881474137306213,0.11861754331411112,98,15,student_concept_state_buffers
assist_09,18114,no_CRG,original,1.0,0.9818845391273499,0.018281554803810645,14,,student_concept_state_buffers
assist_09,18114,no_CRG,target_concept_mask,1.0,0.9818845391273499,0.018281554803810645,14,14,student_concept_state_buffers
assist_09,18114,no_CRG,random_history_mask,1.0,0.9818845391273499,0.018281554803810645,14,15,student_concept_state_buffers
assist_09,18166,no_CRG,original,1.0,0.8950051665306091,0.11092578806404495,89,,student_concept_state_buffers
assist_09,18166,no_CRG,target_concept_mask,1.0,0.8950051665306091,0.11092578806404495,89,89,student_concept_state_buffers
assist_09,18166,no_CRG,random_history_mask,1.0,0.8950051665306091,0.11092578806404495,89,16,student_concept_state_buffers
assist_09,18222,no_CRG,original,1.0,0.8949737548828125,0.1109608852905252,26,,student_concept_state_buffers
assist_09,18222,no_CRG,target_concept_mask,1.0,0.8949737548828125,0.1109608852905252,26,26,student_concept_state_buffers
assist_09,18222,no_CRG,random_history_mask,1.0,0.8949737548828125,0.1109608852905252,26,20,student_concept_state_buffers
assist_09,18239,no_CRG,original,1.0,0.9287784695625305,0.07388502978603176,4,,student_concept_state_buffers
assist_09,18239,no_CRG,target_concept_mask,1.0,0.9287784695625305,0.07388502978603176,4,4,student_concept_state_buffers
assist_09,18239,no_CRG,random_history_mask,1.0,0.9287784695625305,0.07388502978603176,4,81,student_concept_state_buffers
assist_09,18371,no_CRG,original,1.0,0.6848922967910767,0.37849368404392714,99,,student_concept_state_buffers
assist_09,18371,no_CRG,target_concept_mask,1.0,0.6848922967910767,0.37849368404392714,99,99,student_concept_state_buffers
assist_09,18371,no_CRG,random_history_mask,1.0,0.6848922967910767,0.37849368404392714,99,40,student_concept_state_buffers
assist_09,18457,no_CRG,original,1.0,0.8202441334724426,0.198153259287877,"6,14",,student_concept_state_buffers
assist_09,18457,no_CRG,target_concept_mask,1.0,0.8202441334724426,0.198153259287877,"6,14","6,14",student_concept_state_buffers
assist_09,18457,no_CRG,random_history_mask,1.0,0.8202441334724426,0.198153259287877,"6,14","61,82",student_concept_state_buffers
assist_09,18465,no_CRG,original,1.0,0.9110467433929443,0.0931610730572127,98,,student_concept_state_buffers
assist_09,18465,no_CRG,target_concept_mask,1.0,0.9110467433929443,0.0931610730572127,98,98,student_concept_state_buffers
assist_09,18465,no_CRG,random_history_mask,1.0,0.9110467433929443,0.0931610730572127,98,78,student_concept_state_buffers
assist_09,18726,no_CRG,original,0.0,0.251769483089447,0.29004417079674444,86,,student_concept_state_buffers
assist_09,18726,no_CRG,target_concept_mask,0.0,0.251769483089447,0.29004417079674444,86,86,student_concept_state_buffers
assist_09,18726,no_CRG,random_history_mask,0.0,0.251769483089447,0.29004417079674444,86,83,student_concept_state_buffers
assist_09,18803,no_CRG,original,0.0,0.6187654137611389,0.964340381415225,"45,58",,student_concept_state_buffers
assist_09,18803,no_CRG,target_concept_mask,0.0,0.6187654137611389,0.964340381415225,"45,58","45,58",student_concept_state_buffers
assist_09,18803,no_CRG,random_history_mask,0.0,0.6187654137611389,0.964340381415225,"45,58","2,90",student_concept_state_buffers
assist_09,18811,no_CRG,original,1.0,0.5418052673339844,0.6128486274625926,106,,student_concept_state_buffers
assist_09,18811,no_CRG,target_concept_mask,1.0,0.5418052673339844,0.6128486274625926,106,106,student_concept_state_buffers
assist_09,18811,no_CRG,random_history_mask,1.0,0.5418052673339844,0.6128486274625926,106,10,student_concept_state_buffers
assist_09,18821,no_CRG,original,0.0,0.3573320209980011,0.44212705046628226,"15,16",,student_concept_state_buffers
assist_09,18821,no_CRG,target_concept_mask,0.0,0.3573320209980011,0.44212705046628226,"15,16","15,16",student_concept_state_buffers
assist_09,18821,no_CRG,random_history_mask,0.0,0.3573320209980011,0.44212705046628226,"15,16","29,37",student_concept_state_buffers
assist_09,18928,no_CRG,original,1.0,0.588362991809845,0.5304111885452067,95,,student_concept_state_buffers
assist_09,18928,no_CRG,target_concept_mask,1.0,0.588362991809845,0.5304111885452067,95,95,student_concept_state_buffers
assist_09,18928,no_CRG,random_history_mask,1.0,0.588362991809845,0.5304111885452067,95,40,student_concept_state_buffers
assist_09,18998,no_CRG,original,1.0,0.7263481616973877,0.3197258175435895,"1,44",,student_concept_state_buffers
assist_09,18998,no_CRG,target_concept_mask,1.0,0.7263481616973877,0.3197258175435895,"1,44","1,44",student_concept_state_buffers
assist_09,18998,no_CRG,random_history_mask,1.0,0.7263481616973877,0.3197258175435895,"1,44","37,47",student_concept_state_buffers
assist_09,19177,no_CRG,original,1.0,0.8663454651832581,0.1434715294324037,"7,44",,student_concept_state_buffers
assist_09,19177,no_CRG,target_concept_mask,1.0,0.8663454651832581,0.1434715294324037,"7,44","7,44",student_concept_state_buffers
assist_09,19177,no_CRG,random_history_mask,1.0,0.8663454651832581,0.1434715294324037,"7,44","2,106",student_concept_state_buffers
assist_09,19200,no_CRG,original,1.0,0.8213862180709839,0.19676185618458514,"5,8",,student_concept_state_buffers
assist_09,19200,no_CRG,target_concept_mask,1.0,0.8213862180709839,0.19676185618458514,"5,8","5,8",student_concept_state_buffers
assist_09,19200,no_CRG,random_history_mask,1.0,0.8213862180709839,0.19676185618458514,"5,8","6,93",student_concept_state_buffers
assist_09,19220,no_CRG,original,1.0,0.8590458035469055,0.15193303647892717,7,,student_concept_state_buffers
assist_09,19220,no_CRG,target_concept_mask,1.0,0.8590458035469055,0.15193303647892717,7,7,student_concept_state_buffers
assist_09,19220,no_CRG,random_history_mask,1.0,0.8590458035469055,0.15193303647892717,7,1,student_concept_state_buffers
assist_09,19344,no_CRG,original,1.0,0.820970356464386,0.1972682768022921,"0,9",,student_concept_state_buffers
assist_09,19344,no_CRG,target_concept_mask,1.0,0.820970356464386,0.1972682768022921,"0,9","0,9",student_concept_state_buffers
assist_09,19344,no_CRG,random_history_mask,1.0,0.820970356464386,0.1972682768022921,"0,9","103,104",student_concept_state_buffers
assist_09,19368,no_CRG,original,1.0,0.8472838997840881,0.1657194577473637,"45,58",,student_concept_state_buffers
assist_09,19368,no_CRG,target_concept_mask,1.0,0.8472838997840881,0.1657194577473637,"45,58","45,58",student_concept_state_buffers
assist_09,19368,no_CRG,random_history_mask,1.0,0.8472838997840881,0.1657194577473637,"45,58","8,33",student_concept_state_buffers
assist_09,19407,no_CRG,original,1.0,0.975842297077179,0.024454286488184825,30,,student_concept_state_buffers
assist_09,19407,no_CRG,target_concept_mask,1.0,0.975842297077179,0.024454286488184825,30,30,student_concept_state_buffers
assist_09,19407,no_CRG,random_history_mask,1.0,0.975842297077179,0.024454286488184825,30,17,student_concept_state_buffers
assist_09,19425,no_CRG,original,1.0,0.8633428812026978,0.1469433537096729,"5,8",,student_concept_state_buffers
assist_09,19425,no_CRG,target_concept_mask,1.0,0.8633428812026978,0.1469433537096729,"5,8","5,8",student_concept_state_buffers
assist_09,19425,no_CRG,random_history_mask,1.0,0.8633428812026978,0.1469433537096729,"5,8","89,104",student_concept_state_buffers
assist_09,19457,no_CRG,original,1.0,0.8913169503211975,0.11505519049998918,"22,80",,student_concept_state_buffers
assist_09,19457,no_CRG,target_concept_mask,1.0,0.8913169503211975,0.11505519049998918,"22,80","22,80",student_concept_state_buffers
assist_09,19457,no_CRG,random_history_mask,1.0,0.8913169503211975,0.11505519049998918,"22,80","33,86",student_concept_state_buffers
assist_09,19514,no_CRG,original,1.0,0.7704542279243469,0.2607750316655325,59,,student_concept_state_buffers
assist_09,19514,no_CRG,target_concept_mask,1.0,0.7704542279243469,0.2607750316655325,59,59,student_concept_state_buffers
assist_09,19514,no_CRG,random_history_mask,1.0,0.7704542279243469,0.2607750316655325,59,47,student_concept_state_buffers
assist_09,19638,no_CRG,original,0.0,0.7907074093818665,1.5640220509301757,"45,58",,student_concept_state_buffers
assist_09,19638,no_CRG,target_concept_mask,0.0,0.7907074093818665,1.5640220509301757,"45,58","45,58",student_concept_state_buffers
assist_09,19638,no_CRG,random_history_mask,0.0,0.7907074093818665,1.5640220509301757,"45,58","29,95",student_concept_state_buffers
assist_09,19642,no_CRG,original,1.0,0.9287301301956177,0.07393707731564217,94,,student_concept_state_buffers
assist_09,19642,no_CRG,target_concept_mask,1.0,0.9287301301956177,0.07393707731564217,94,94,student_concept_state_buffers
assist_09,19642,no_CRG,random_history_mask,1.0,0.9287301301956177,0.07393707731564217,94,30,student_concept_state_buffers
assist_09,19645,no_CRG,original,1.0,0.8773345351219177,0.13086690538616208,29,,student_concept_state_buffers
assist_09,19645,no_CRG,target_concept_mask,1.0,0.8773345351219177,0.13086690538616208,29,29,student_concept_state_buffers
assist_09,19645,no_CRG,random_history_mask,1.0,0.8773345351219177,0.13086690538616208,29,12,student_concept_state_buffers
assist_09,19650,no_CRG,original,1.0,0.6543023586273193,0.42418571230273294,"6,9",,student_concept_state_buffers
assist_09,19650,no_CRG,target_concept_mask,1.0,0.6543023586273193,0.42418571230273294,"6,9","6,9",student_concept_state_buffers
assist_09,19650,no_CRG,random_history_mask,1.0,0.6543023586273193,0.42418571230273294,"6,9","31,80",student_concept_state_buffers
assist_09,19653,no_CRG,original,1.0,0.8176530599594116,0.2013171644277993,13,,student_concept_state_buffers
assist_09,19653,no_CRG,target_concept_mask,1.0,0.8176530599594116,0.2013171644277993,13,13,student_concept_state_buffers
assist_09,19653,no_CRG,random_history_mask,1.0,0.8176530599594116,0.2013171644277993,13,38,student_concept_state_buffers
assist_09,19666,no_CRG,original,0.0,0.6005482077598572,0.9176621912944863,"3,121",,student_concept_state_buffers
assist_09,19666,no_CRG,target_concept_mask,0.0,0.6005482077598572,0.9176621912944863,"3,121","3,121",student_concept_state_buffers
assist_09,19666,no_CRG,random_history_mask,0.0,0.6005482077598572,0.9176621912944863,"3,121","20,27",student_concept_state_buffers
assist_09,19726,no_CRG,original,1.0,0.8245897889137268,0.1928692418641956,42,,student_concept_state_buffers
assist_09,19726,no_CRG,target_concept_mask,1.0,0.8245897889137268,0.1928692418641956,42,42,student_concept_state_buffers
assist_09,19726,no_CRG,random_history_mask,1.0,0.8245897889137268,0.1928692418641956,42,0,student_concept_state_buffers
assist_09,19841,no_CRG,original,0.0,0.8325679898262024,1.7871779195307038,56,,student_concept_state_buffers
assist_09,19841,no_CRG,target_concept_mask,0.0,0.8325679898262024,1.7871779195307038,56,56,student_concept_state_buffers
assist_09,19841,no_CRG,random_history_mask,0.0,0.8325679898262024,1.7871779195307038,56,102,student_concept_state_buffers
assist_09,20051,no_CRG,original,1.0,0.7983579635620117,0.22519820622017117,92,,student_concept_state_buffers
assist_09,20051,no_CRG,target_concept_mask,1.0,0.7983579635620117,0.22519820622017117,92,92,student_concept_state_buffers
assist_09,20051,no_CRG,random_history_mask,1.0,0.7983579635620117,0.22519820622017117,92,86,student_concept_state_buffers
assist_09,20401,no_CRG,original,1.0,0.8653370141983032,0.14463623613927698,"0,11",,student_concept_state_buffers
assist_09,20401,no_CRG,target_concept_mask,1.0,0.8653370141983032,0.14463623613927698,"0,11","0,11",student_concept_state_buffers
assist_09,20401,no_CRG,random_history_mask,1.0,0.8653370141983032,0.14463623613927698,"0,11","26,96",student_concept_state_buffers
assist_09,20470,no_CRG,original,0.0,0.8853981494903564,2.1662913272782593,"7,44",,student_concept_state_buffers
assist_09,20470,no_CRG,target_concept_mask,0.0,0.8853981494903564,2.1662913272782593,"7,44","7,44",student_concept_state_buffers
assist_09,20470,no_CRG,random_history_mask,0.0,0.8853981494903564,2.1662913272782593,"7,44","4,63",student_concept_state_buffers
assist_09,20573,no_CRG,original,1.0,0.8760953545570374,0.13228034173565925,48,,student_concept_state_buffers
assist_09,20573,no_CRG,target_concept_mask,1.0,0.8760953545570374,0.13228034173565925,48,48,student_concept_state_buffers
assist_09,20573,no_CRG,random_history_mask,1.0,0.8760953545570374,0.13228034173565925,48,25,student_concept_state_buffers
assist_09,20674,no_CRG,original,1.0,0.8982269763946533,0.10733248493999005,49,,student_concept_state_buffers
assist_09,20674,no_CRG,target_concept_mask,1.0,0.8982269763946533,0.10733248493999005,49,49,student_concept_state_buffers
assist_09,20674,no_CRG,random_history_mask,1.0,0.8982269763946533,0.10733248493999005,49,6,student_concept_state_buffers
assist_09,20722,no_CRG,original,1.0,0.8957201242446899,0.11012727613622086,"32,33",,student_concept_state_buffers
assist_09,20722,no_CRG,target_concept_mask,1.0,0.8957201242446899,0.11012727613622086,"32,33","32,33",student_concept_state_buffers
assist_09,20722,no_CRG,random_history_mask,1.0,0.8957201242446899,0.11012727613622086,"32,33","17,29",student_concept_state_buffers
assist_09,20992,no_CRG,original,1.0,0.9692078232765198,0.03127621818158889,11,,student_concept_state_buffers
assist_09,20992,no_CRG,target_concept_mask,1.0,0.9692078232765198,0.03127621818158889,11,11,student_concept_state_buffers
assist_09,20992,no_CRG,random_history_mask,1.0,0.9692078232765198,0.03127621818158889,11,10,student_concept_state_buffers
assist_09,21078,no_CRG,original,0.0,0.8034029603004456,1.6265991288618131,99,,student_concept_state_buffers
assist_09,21078,no_CRG,target_concept_mask,0.0,0.8034029603004456,1.6265991288618131,99,99,student_concept_state_buffers
assist_09,21078,no_CRG,random_history_mask,0.0,0.8034029603004456,1.6265991288618131,99,81,student_concept_state_buffers
assist_09,21428,no_CRG,original,1.0,0.46899935603141785,0.7571538836041397,30,,student_concept_state_buffers
assist_09,21428,no_CRG,target_concept_mask,1.0,0.46899935603141785,0.7571538836041397,30,30,student_concept_state_buffers
assist_09,21428,no_CRG,random_history_mask,1.0,0.46899935603141785,0.7571538836041397,30,48,student_concept_state_buffers
assist_09,21475,no_CRG,original,0.0,0.06904638558626175,0.07154582634722247,48,,student_concept_state_buffers
assist_09,21475,no_CRG,target_concept_mask,0.0,0.06904638558626175,0.07154582634722247,48,48,student_concept_state_buffers
assist_09,21475,no_CRG,random_history_mask,0.0,0.06904638558626175,0.07154582634722247,48,33,student_concept_state_buffers
assist_09,21842,no_CRG,original,1.0,0.9364137649536133,0.06569784360839417,14,,student_concept_state_buffers
assist_09,21842,no_CRG,target_concept_mask,1.0,0.9364137649536133,0.06569784360839417,14,14,student_concept_state_buffers
assist_09,21842,no_CRG,random_history_mask,1.0,0.9364137649536133,0.06569784360839417,14,79,student_concept_state_buffers
assist_09,21863,no_CRG,original,1.0,0.9174339771270752,0.08617466117714619,14,,student_concept_state_buffers
assist_09,21863,no_CRG,target_concept_mask,1.0,0.9174339771270752,0.08617466117714619,14,14,student_concept_state_buffers
assist_09,21863,no_CRG,random_history_mask,1.0,0.9174339771270752,0.08617466117714619,14,8,student_concept_state_buffers
assist_09,21913,no_CRG,original,1.0,0.8411145806312561,0.1730273849704943,33,,student_concept_state_buffers
assist_09,21913,no_CRG,target_concept_mask,1.0,0.8411145806312561,0.1730273849704943,33,33,student_concept_state_buffers
assist_09,21913,no_CRG,random_history_mask,1.0,0.8411145806312561,0.1730273849704943,33,98,student_concept_state_buffers
assist_09,22013,no_CRG,original,1.0,0.9243794679641724,0.0786326120313398,82,,student_concept_state_buffers
assist_09,22013,no_CRG,target_concept_mask,1.0,0.9243794679641724,0.0786326120313398,82,82,student_concept_state_buffers
assist_09,22013,no_CRG,random_history_mask,1.0,0.9243794679641724,0.0786326120313398,82,55,student_concept_state_buffers
assist_09,22057,no_CRG,original,0.0,0.594905436038971,0.9036347478686401,30,,student_concept_state_buffers
assist_09,22057,no_CRG,target_concept_mask,0.0,0.594905436038971,0.9036347478686401,30,30,student_concept_state_buffers
assist_09,22057,no_CRG,random_history_mask,0.0,0.594905436038971,0.9036347478686401,30,41,student_concept_state_buffers
assist_09,22093,no_CRG,original,1.0,0.9061410427093506,0.09856030877581587,82,,student_concept_state_buffers
assist_09,22093,no_CRG,target_concept_mask,1.0,0.9061410427093506,0.09856030877581587,82,82,student_concept_state_buffers
assist_09,22093,no_CRG,random_history_mask,1.0,0.9061410427093506,0.09856030877581587,82,55,student_concept_state_buffers
assist_09,22173,no_CRG,original,1.0,0.6377958655357361,0.44973700681079654,82,,student_concept_state_buffers
assist_09,22173,no_CRG,target_concept_mask,1.0,0.6377958655357361,0.44973700681079654,82,82,student_concept_state_buffers
assist_09,22173,no_CRG,random_history_mask,1.0,0.6377958655357361,0.44973700681079654,82,55,student_concept_state_buffers
assist_09,22254,no_CRG,original,1.0,0.770918071269989,0.26017317400935674,41,,student_concept_state_buffers
assist_09,22254,no_CRG,target_concept_mask,1.0,0.770918071269989,0.26017317400935674,41,41,student_concept_state_buffers
assist_09,22254,no_CRG,random_history_mask,1.0,0.770918071269989,0.26017317400935674,41,33,student_concept_state_buffers
assist_09,22329,no_CRG,original,1.0,0.6446123719215393,0.43910611660853677,41,,student_concept_state_buffers
assist_09,22329,no_CRG,target_concept_mask,1.0,0.6446123719215393,0.43910611660853677,41,41,student_concept_state_buffers
assist_09,22329,no_CRG,random_history_mask,1.0,0.6446123719215393,0.43910611660853677,41,30,student_concept_state_buffers
assist_09,22330,no_CRG,original,1.0,0.8149648904800415,0.2046102458348015,33,,student_concept_state_buffers
assist_09,22330,no_CRG,target_concept_mask,1.0,0.8149648904800415,0.2046102458348015,33,33,student_concept_state_buffers
assist_09,22330,no_CRG,random_history_mask,1.0,0.8149648904800415,0.2046102458348015,33,32,student_concept_state_buffers
assist_09,22371,no_CRG,original,1.0,0.8789191246032715,0.12906239394492966,"37,55",,student_concept_state_buffers
assist_09,22371,no_CRG,target_concept_mask,1.0,0.8789191246032715,0.12906239394492966,"37,55","37,55",student_concept_state_buffers
assist_09,22371,no_CRG,random_history_mask,1.0,0.8789191246032715,0.12906239394492966,"37,55","33,45",student_concept_state_buffers
assist_09,22524,no_CRG,original,0.0,0.4865051507949829,0.6665152804232929,"12,13",,student_concept_state_buffers
assist_09,22524,no_CRG,target_concept_mask,0.0,0.4865051507949829,0.6665152804232929,"12,13","12,13",student_concept_state_buffers
assist_09,22524,no_CRG,random_history_mask,0.0,0.4865051507949829,0.6665152804232929,"12,13","6,84",student_concept_state_buffers
assist_09,22552,no_CRG,original,1.0,0.7417812943458557,0.2987008308179846,33,,student_concept_state_buffers
assist_09,22552,no_CRG,target_concept_mask,1.0,0.7417812943458557,0.2987008308179846,33,33,student_concept_state_buffers
assist_09,22552,no_CRG,random_history_mask,1.0,0.7417812943458557,0.2987008308179846,33,32,student_concept_state_buffers
assist_09,22594,no_CRG,original,1.0,0.8090978264808655,0.2118354465137317,13,,student_concept_state_buffers
assist_09,22594,no_CRG,target_concept_mask,1.0,0.8090978264808655,0.2118354465137317,13,13,student_concept_state_buffers
assist_09,22594,no_CRG,random_history_mask,1.0,0.8090978264808655,0.2118354465137317,13,14,student_concept_state_buffers
assist_09,22679,no_CRG,original,1.0,0.5166324377059937,0.6604236095328588,89,,student_concept_state_buffers
assist_09,22679,no_CRG,target_concept_mask,1.0,0.5166324377059937,0.6604236095328588,89,89,student_concept_state_buffers
assist_09,22679,no_CRG,random_history_mask,1.0,0.5166324377059937,0.6604236095328588,89,86,student_concept_state_buffers
assist_09,22685,no_CRG,original,1.0,0.7187442779541016,0.3302496480096036,"0,9",,student_concept_state_buffers
assist_09,22685,no_CRG,target_concept_mask,1.0,0.7187442779541016,0.3302496480096036,"0,9","0,9",student_concept_state_buffers
assist_09,22685,no_CRG,random_history_mask,1.0,0.7187442779541016,0.3302496480096036,"0,9","80,86",student_concept_state_buffers
assist_09,22783,no_CRG,original,1.0,0.6169324517250061,0.4829957396355951,"12,13",,student_concept_state_buffers
assist_09,22783,no_CRG,target_concept_mask,1.0,0.6169324517250061,0.4829957396355951,"12,13","12,13",student_concept_state_buffers
assist_09,22783,no_CRG,random_history_mask,1.0,0.6169324517250061,0.4829957396355951,"12,13","84,85",student_concept_state_buffers
assist_09,22877,no_CRG,original,0.0,0.7089776396751404,1.234355175158327,14,,student_concept_state_buffers
assist_09,22877,no_CRG,target_concept_mask,0.0,0.7089776396751404,1.234355175158327,14,14,student_concept_state_buffers
assist_09,22877,no_CRG,random_history_mask,0.0,0.7089776396751404,1.234355175158327,14,34,student_concept_state_buffers
assist_09,22907,no_CRG,original,0.0,0.25956833362579346,0.30052192991832694,"12,13",,student_concept_state_buffers
assist_09,22907,no_CRG,target_concept_mask,0.0,0.25956833362579346,0.30052192991832694,"12,13","12,13",student_concept_state_buffers
assist_09,22907,no_CRG,random_history_mask,0.0,0.25956833362579346,0.30052192991832694,"12,13","56,114",student_concept_state_buffers
assist_09,23146,no_CRG,original,1.0,0.7990111708641052,0.22438035225714434,79,,student_concept_state_buffers
assist_09,23146,no_CRG,target_concept_mask,1.0,0.7990111708641052,0.22438035225714434,79,79,student_concept_state_buffers
assist_09,23146,no_CRG,random_history_mask,1.0,0.7990111708641052,0.22438035225714434,79,98,student_concept_state_buffers
assist_09,23173,no_CRG,original,1.0,0.7600529193878174,0.27436721735242614,"32,33",,student_concept_state_buffers
assist_09,23173,no_CRG,target_concept_mask,1.0,0.7600529193878174,0.27436721735242614,"32,33","32,33",student_concept_state_buffers
assist_09,23173,no_CRG,random_history_mask,1.0,0.7600529193878174,0.27436721735242614,"32,33","41,79",student_concept_state_buffers
assist_09,23263,no_CRG,original,0.0,0.6231238842010498,0.9758387508445056,53,,student_concept_state_buffers
assist_09,23263,no_CRG,target_concept_mask,0.0,0.6231238842010498,0.9758387508445056,53,53,student_concept_state_buffers
assist_09,23263,no_CRG,random_history_mask,0.0,0.6231238842010498,0.9758387508445056,53,52,student_concept_state_buffers
assist_09,23269,no_CRG,original,1.0,0.5550915002822876,0.5886223134510136,53,,student_concept_state_buffers
assist_09,23269,no_CRG,target_concept_mask,1.0,0.5550915002822876,0.5886223134510136,53,53,student_concept_state_buffers
assist_09,23269,no_CRG,random_history_mask,1.0,0.5550915002822876,0.5886223134510136,53,82,student_concept_state_buffers
assist_09,23672,no_CRG,original,1.0,0.8253609538078308,0.19193446856425367,53,,student_concept_state_buffers
assist_09,23672,no_CRG,target_concept_mask,1.0,0.8253609538078308,0.19193446856425367,53,53,student_concept_state_buffers
assist_09,23672,no_CRG,random_history_mask,1.0,0.8253609538078308,0.19193446856425367,53,4,student_concept_state_buffers
assist_09,23722,no_CRG,original,1.0,0.896819531917572,0.10890062789225477,66,,student_concept_state_buffers
assist_09,23722,no_CRG,target_concept_mask,1.0,0.896819531917572,0.10890062789225477,66,66,student_concept_state_buffers
assist_09,23722,no_CRG,random_history_mask,1.0,0.896819531917572,0.10890062789225477,66,6,student_concept_state_buffers
assist_09,24097,no_CRG,original,1.0,0.6220322847366333,0.47476328286868563,"34,35,46",,student_concept_state_buffers
assist_09,24097,no_CRG,target_concept_mask,1.0,0.6220322847366333,0.47476328286868563,"34,35,46","34,35,46",student_concept_state_buffers
assist_09,24097,no_CRG,random_history_mask,1.0,0.6220322847366333,0.47476328286868563,"34,35,46","14,22,29",student_concept_state_buffers
assist_09,24192,no_CRG,original,1.0,0.8397384881973267,0.17466475919063335,79,,student_concept_state_buffers
assist_09,24192,no_CRG,target_concept_mask,1.0,0.8397384881973267,0.17466475919063335,79,79,student_concept_state_buffers
assist_09,24192,no_CRG,random_history_mask,1.0,0.8397384881973267,0.17466475919063335,79,81,student_concept_state_buffers
assist_09,24247,no_CRG,original,1.0,0.7289620041847229,0.316133668791711,79,,student_concept_state_buffers
assist_09,24247,no_CRG,target_concept_mask,1.0,0.7289620041847229,0.316133668791711,79,79,student_concept_state_buffers
assist_09,24247,no_CRG,random_history_mask,1.0,0.7289620041847229,0.316133668791711,79,45,student_concept_state_buffers
assist_09,24576,no_CRG,original,1.0,0.8856779336929321,0.12140190045129223,79,,student_concept_state_buffers
assist_09,24576,no_CRG,target_concept_mask,1.0,0.8856779336929321,0.12140190045129223,79,79,student_concept_state_buffers
assist_09,24576,no_CRG,random_history_mask,1.0,0.8856779336929321,0.12140190045129223,79,41,student_concept_state_buffers
assist_09,24583,no_CRG,original,0.0,0.7608521580696106,1.4306733328129617,41,,student_concept_state_buffers
assist_09,24583,no_CRG,target_concept_mask,0.0,0.7608521580696106,1.4306733328129617,41,41,student_concept_state_buffers
assist_09,24583,no_CRG,random_history_mask,0.0,0.7608521580696106,1.4306733328129617,41,56,student_concept_state_buffers
assist_09,24675,no_CRG,original,1.0,0.4616461396217346,0.7729566129305228,98,,student_concept_state_buffers
assist_09,24675,no_CRG,target_concept_mask,1.0,0.4616461396217346,0.7729566129305228,98,98,student_concept_state_buffers
assist_09,24675,no_CRG,random_history_mask,1.0,0.4616461396217346,0.7729566129305228,98,82,student_concept_state_buffers
assist_09,24743,no_CRG,original,1.0,0.8786254525184631,0.1293965784559392,13,,student_concept_state_buffers
assist_09,24743,no_CRG,target_concept_mask,1.0,0.8786254525184631,0.1293965784559392,13,13,student_concept_state_buffers
assist_09,24743,no_CRG,random_history_mask,1.0,0.8786254525184631,0.1293965784559392,13,45,student_concept_state_buffers
assist_09,24783,no_CRG,original,1.0,0.8682692646980286,0.14125339964207742,"39,46",,student_concept_state_buffers
assist_09,24783,no_CRG,target_concept_mask,1.0,0.8682692646980286,0.14125339964207742,"39,46","39,46",student_concept_state_buffers
assist_09,24783,no_CRG,random_history_mask,1.0,0.8682692646980286,0.14125339964207742,"39,46","9,34",student_concept_state_buffers
assist_09,24872,no_CRG,original,0.0,0.8515791296958923,1.9077033226646742,79,,student_concept_state_buffers
assist_09,24872,no_CRG,target_concept_mask,0.0,0.8515791296958923,1.9077033226646742,79,79,student_concept_state_buffers
assist_09,24872,no_CRG,random_history_mask,0.0,0.8515791296958923,1.9077033226646742,79,37,student_concept_state_buffers
assist_09,24954,no_CRG,original,1.0,0.9075267314910889,0.09703225708842853,"45,55",,student_concept_state_buffers
assist_09,24954,no_CRG,target_concept_mask,1.0,0.9075267314910889,0.09703225708842853,"45,55","45,55",student_concept_state_buffers
assist_09,24954,no_CRG,random_history_mask,1.0,0.9075267314910889,0.09703225708842853,"45,55","1,79",student_concept_state_buffers
assist_09,25039,no_CRG,original,1.0,0.9519802331924438,0.049211007859650505,33,,student_concept_state_buffers
assist_09,25039,no_CRG,target_concept_mask,1.0,0.9519802331924438,0.049211007859650505,33,33,student_concept_state_buffers
assist_09,25039,no_CRG,random_history_mask,1.0,0.9519802331924438,0.049211007859650505,33,51,student_concept_state_buffers
assist_09,25116,no_CRG,original,1.0,0.9379066228866577,0.06410488409260473,33,,student_concept_state_buffers
assist_09,25116,no_CRG,target_concept_mask,1.0,0.9379066228866577,0.06410488409260473,33,33,student_concept_state_buffers
assist_09,25116,no_CRG,random_history_mask,1.0,0.9379066228866577,0.06410488409260473,33,23,student_concept_state_buffers
assist_09,25145,no_CRG,original,1.0,0.8478761911392212,0.16502065486448905,7,,student_concept_state_buffers
assist_09,25145,no_CRG,target_concept_mask,1.0,0.8478761911392212,0.16502065486448905,7,7,student_concept_state_buffers
assist_09,25145,no_CRG,random_history_mask,1.0,0.8478761911392212,0.16502065486448905,7,11,student_concept_state_buffers
assist_09,25414,no_CRG,original,1.0,0.9599103927612305,0.04091533975050384,49,,student_concept_state_buffers
assist_09,25414,no_CRG,target_concept_mask,1.0,0.9599103927612305,0.04091533975050384,49,49,student_concept_state_buffers
assist_09,25414,no_CRG,random_history_mask,1.0,0.9599103927612305,0.04091533975050384,49,96,student_concept_state_buffers
assist_09,25426,no_CRG,original,1.0,0.8188681602478027,0.19983218458558416,"34,35,46",,student_concept_state_buffers
assist_09,25426,no_CRG,target_concept_mask,1.0,0.8188681602478027,0.19983218458558416,"34,35,46","34,35,46",student_concept_state_buffers
assist_09,25426,no_CRG,random_history_mask,1.0,0.8188681602478027,0.19983218458558416,"34,35,46","10,31,80",student_concept_state_buffers
assist_09,25631,no_CRG,original,0.0,0.8071244359016418,1.6457100436194434,30,,student_concept_state_buffers
assist_09,25631,no_CRG,target_concept_mask,0.0,0.8071244359016418,1.6457100436194434,30,30,student_concept_state_buffers
assist_09,25631,no_CRG,random_history_mask,0.0,0.8071244359016418,1.6457100436194434,30,97,student_concept_state_buffers
assist_09,25894,no_CRG,original,1.0,0.8037940263748169,0.21841222872540955,98,,student_concept_state_buffers
assist_09,25894,no_CRG,target_concept_mask,1.0,0.8037940263748169,0.21841222872540955,98,98,student_concept_state_buffers
assist_09,25894,no_CRG,random_history_mask,1.0,0.8037940263748169,0.21841222872540955,98,66,student_concept_state_buffers
assist_09,25985,no_CRG,original,0.0,0.7319980263710022,1.3167609342110913,99,,student_concept_state_buffers
assist_09,25985,no_CRG,target_concept_mask,0.0,0.7319980263710022,1.3167609342110913,99,99,student_concept_state_buffers
assist_09,25985,no_CRG,random_history_mask,0.0,0.7319980263710022,1.3167609342110913,99,97,student_concept_state_buffers
assist_09,26069,no_CRG,original,0.0,0.6572228074073792,1.0706746271655483,98,,student_concept_state_buffers
assist_09,26069,no_CRG,target_concept_mask,0.0,0.6572228074073792,1.0706746271655483,98,98,student_concept_state_buffers
assist_09,26069,no_CRG,random_history_mask,0.0,0.6572228074073792,1.0706746271655483,98,45,student_concept_state_buffers
assist_09,26193,no_CRG,original,0.0,0.874096691608429,2.0722410603456325,36,,student_concept_state_buffers
assist_09,26193,no_CRG,target_concept_mask,0.0,0.874096691608429,2.0722410603456325,36,36,student_concept_state_buffers
assist_09,26193,no_CRG,random_history_mask,0.0,0.874096691608429,2.0722410603456325,36,48,student_concept_state_buffers
assist_09,26215,no_CRG,original,0.0,0.7092138528823853,1.235167171604587,2,,student_concept_state_buffers
assist_09,26215,no_CRG,target_concept_mask,0.0,0.7092138528823853,1.235167171604587,2,2,student_concept_state_buffers
assist_09,26215,no_CRG,random_history_mask,0.0,0.7092138528823853,1.235167171604587,2,29,student_concept_state_buffers
assist_09,26250,no_CRG,original,0.0,0.6311879754066467,0.9974681831854664,92,,student_concept_state_buffers
assist_09,26250,no_CRG,target_concept_mask,0.0,0.6311879754066467,0.9974681831854664,92,92,student_concept_state_buffers
assist_09,26250,no_CRG,random_history_mask,0.0,0.6311879754066467,0.9974681831854664,92,48,student_concept_state_buffers
assist_09,26407,no_CRG,original,1.0,0.5206500887870789,0.6526770774750282,97,,student_concept_state_buffers
assist_09,26407,no_CRG,target_concept_mask,1.0,0.5206500887870789,0.6526770774750282,97,97,student_concept_state_buffers
assist_09,26407,no_CRG,random_history_mask,1.0,0.5206500887870789,0.6526770774750282,97,10,student_concept_state_buffers
assist_09,26433,no_CRG,original,1.0,0.3874373137950897,0.9482012141264322,103,,student_concept_state_buffers
assist_09,26433,no_CRG,target_concept_mask,1.0,0.3874373137950897,0.9482012141264322,103,103,student_concept_state_buffers
assist_09,26433,no_CRG,random_history_mask,1.0,0.3874373137950897,0.9482012141264322,103,46,student_concept_state_buffers
assist_09,26577,no_CRG,original,1.0,0.8498559594154358,0.16268840336891222,82,,student_concept_state_buffers
assist_09,26577,no_CRG,target_concept_mask,1.0,0.8498559594154358,0.16268840336891222,82,82,student_concept_state_buffers
assist_09,26577,no_CRG,random_history_mask,1.0,0.8498559594154358,0.16268840336891222,82,97,student_concept_state_buffers
assist_09,26679,no_CRG,original,1.0,0.6959764361381531,0.3624394753441922,30,,student_concept_state_buffers
assist_09,26679,no_CRG,target_concept_mask,1.0,0.6959764361381531,0.3624394753441922,30,30,student_concept_state_buffers
assist_09,26679,no_CRG,random_history_mask,1.0,0.6959764361381531,0.3624394753441922,30,32,student_concept_state_buffers
assist_09,26693,no_CRG,original,1.0,0.5259231328964233,0.6426002121011151,"1,24,31,48",,student_concept_state_buffers
assist_09,26693,no_CRG,target_concept_mask,1.0,0.5259231328964233,0.6426002121011151,"1,24,31,48","1,24,31,48",student_concept_state_buffers
assist_09,26693,no_CRG,random_history_mask,1.0,0.5259231328964233,0.6426002121011151,"1,24,31,48","32,44,47,51",student_concept_state_buffers
assist_09,26868,no_CRG,original,1.0,0.2063746601343155,1.5780620235787408,"1,24,31,48",,student_concept_state_buffers
assist_09,26868,no_CRG,target_concept_mask,1.0,0.2063746601343155,1.5780620235787408,"1,24,31,48","1,24,31,48",student_concept_state_buffers
assist_09,26868,no_CRG,random_history_mask,1.0,0.2063746601343155,1.5780620235787408,"1,24,31,48","32,33,44,51",student_concept_state_buffers
assist_09,27010,no_CRG,original,1.0,0.6598967909812927,0.41567183349094244,82,,student_concept_state_buffers
assist_09,27010,no_CRG,target_concept_mask,1.0,0.6598967909812927,0.41567183349094244,82,82,student_concept_state_buffers
assist_09,27010,no_CRG,random_history_mask,1.0,0.6598967909812927,0.41567183349094244,82,32,student_concept_state_buffers
assist_09,27039,no_CRG,original,1.0,0.8238256573677063,0.1937963523234883,79,,student_concept_state_buffers
assist_09,27039,no_CRG,target_concept_mask,1.0,0.8238256573677063,0.1937963523234883,79,79,student_concept_state_buffers
assist_09,27039,no_CRG,random_history_mask,1.0,0.8238256573677063,0.1937963523234883,79,45,student_concept_state_buffers
assist_09,27113,no_CRG,original,1.0,0.8175941705703735,0.2013891894867189,"45,55",,student_concept_state_buffers
assist_09,27113,no_CRG,target_concept_mask,1.0,0.8175941705703735,0.2013891894867189,"45,55","45,55",student_concept_state_buffers
assist_09,27113,no_CRG,random_history_mask,1.0,0.8175941705703735,0.2013891894867189,"45,55","39,58",student_concept_state_buffers
assist_09,27132,no_CRG,original,1.0,0.8529230952262878,0.15908589355459724,82,,student_concept_state_buffers
assist_09,27132,no_CRG,target_concept_mask,1.0,0.8529230952262878,0.15908589355459724,82,82,student_concept_state_buffers
assist_09,27132,no_CRG,random_history_mask,1.0,0.8529230952262878,0.15908589355459724,82,46,student_concept_state_buffers
assist_09,27185,no_CRG,original,0.0,0.8376799821853638,1.8181854737144838,56,,student_concept_state_buffers
assist_09,27185,no_CRG,target_concept_mask,0.0,0.8376799821853638,1.8181854737144838,56,56,student_concept_state_buffers
assist_09,27185,no_CRG,random_history_mask,0.0,0.8376799821853638,1.8181854737144838,56,79,student_concept_state_buffers
assist_09,27522,no_CRG,original,1.0,0.8429405689239502,0.17085882296258142,30,,student_concept_state_buffers
assist_09,27522,no_CRG,target_concept_mask,1.0,0.8429405689239502,0.17085882296258142,30,30,student_concept_state_buffers
assist_09,27522,no_CRG,random_history_mask,1.0,0.8429405689239502,0.17085882296258142,30,45,student_concept_state_buffers
assist_09,27531,no_CRG,original,0.0,0.9658709764480591,3.3776071261434297,"6,40",,student_concept_state_buffers
assist_09,27531,no_CRG,target_concept_mask,0.0,0.9658709764480591,3.3776071261434297,"6,40","6,40",student_concept_state_buffers
assist_09,27531,no_CRG,random_history_mask,0.0,0.9658709764480591,3.3776071261434297,"6,40","4,80",student_concept_state_buffers
assist_09,27546,no_CRG,original,0.0,0.6348559260368347,1.0074632800955943,103,,student_concept_state_buffers
assist_09,27546,no_CRG,target_concept_mask,0.0,0.6348559260368347,1.0074632800955943,103,103,student_concept_state_buffers
assist_09,27546,no_CRG,random_history_mask,0.0,0.6348559260368347,1.0074632800955943,103,80,student_concept_state_buffers
assist_09,27601,no_CRG,original,1.0,0.8816127777099609,0.126002346915879,60,,student_concept_state_buffers
assist_09,27601,no_CRG,target_concept_mask,1.0,0.8816127777099609,0.126002346915879,60,60,student_concept_state_buffers
assist_09,27601,no_CRG,random_history_mask,1.0,0.8816127777099609,0.126002346915879,60,39,student_concept_state_buffers
assist_09,27686,no_CRG,original,1.0,0.9084360003471375,0.09603083903496923,82,,student_concept_state_buffers
assist_09,27686,no_CRG,target_concept_mask,1.0,0.9084360003471375,0.09603083903496923,82,82,student_concept_state_buffers
assist_09,27686,no_CRG,random_history_mask,1.0,0.9084360003471375,0.09603083903496923,82,45,student_concept_state_buffers
assist_09,27747,no_CRG,original,1.0,0.6364881992340088,0.4517894012445127,79,,student_concept_state_buffers
assist_09,27747,no_CRG,target_concept_mask,1.0,0.6364881992340088,0.4517894012445127,79,79,student_concept_state_buffers
assist_09,27747,no_CRG,random_history_mask,1.0,0.6364881992340088,0.4517894012445127,79,30,student_concept_state_buffers
assist_09,28168,no_CRG,original,1.0,0.5137897729873657,0.6659410991611966,42,,student_concept_state_buffers
assist_09,28168,no_CRG,target_concept_mask,1.0,0.5137897729873657,0.6659410991611966,42,42,student_concept_state_buffers
assist_09,28168,no_CRG,random_history_mask,1.0,0.5137897729873657,0.6659410991611966,42,32,student_concept_state_buffers
assist_09,28181,no_CRG,original,0.0,0.19032804667949677,0.21112610924925507,47,,student_concept_state_buffers
assist_09,28181,no_CRG,target_concept_mask,0.0,0.19032804667949677,0.21112610924925507,47,47,student_concept_state_buffers
assist_09,28181,no_CRG,random_history_mask,0.0,0.19032804667949677,0.21112610924925507,47,14,student_concept_state_buffers
assist_09,28419,no_CRG,original,1.0,0.5128412842750549,0.6677888690595768,49,,student_concept_state_buffers
assist_09,28419,no_CRG,target_concept_mask,1.0,0.5128412842750549,0.6677888690595768,49,49,student_concept_state_buffers
assist_09,28419,no_CRG,random_history_mask,1.0,0.5128412842750549,0.6677888690595768,49,20,student_concept_state_buffers
assist_09,28549,no_CRG,original,1.0,0.9405868649482727,0.06125127411443914,56,,student_concept_state_buffers
assist_09,28549,no_CRG,target_concept_mask,1.0,0.9405868649482727,0.06125127411443914,56,56,student_concept_state_buffers
assist_09,28549,no_CRG,random_history_mask,1.0,0.9405868649482727,0.06125127411443914,56,,student_concept_state_buffers
assist_09,28557,no_CRG,original,1.0,0.7616894841194153,0.27221630750227277,56,,student_concept_state_buffers
assist_09,28557,no_CRG,target_concept_mask,1.0,0.7616894841194153,0.27221630750227277,56,56,student_concept_state_buffers
assist_09,28557,no_CRG,random_history_mask,1.0,0.7616894841194153,0.27221630750227277,56,,student_concept_state_buffers
assist_09,28686,no_CRG,original,1.0,0.33335280418395996,1.0985538778221764,30,,student_concept_state_buffers
assist_09,28686,no_CRG,target_concept_mask,1.0,0.33335280418395996,1.0985538778221764,30,30,student_concept_state_buffers
assist_09,28686,no_CRG,random_history_mask,1.0,0.33335280418395996,1.0985538778221764,30,1,student_concept_state_buffers
assist_09,28862,no_CRG,original,0.0,0.36477333307266235,0.4537733879919241,30,,student_concept_state_buffers
assist_09,28862,no_CRG,target_concept_mask,0.0,0.36477333307266235,0.4537733879919241,30,30,student_concept_state_buffers
assist_09,28862,no_CRG,random_history_mask,0.0,0.36477333307266235,0.4537733879919241,30,44,student_concept_state_buffers
assist_09,28866,no_CRG,original,0.0,0.4904465675354004,0.674220559463614,30,,student_concept_state_buffers
assist_09,28866,no_CRG,target_concept_mask,0.0,0.4904465675354004,0.674220559463614,30,30,student_concept_state_buffers
assist_09,28866,no_CRG,random_history_mask,0.0,0.4904465675354004,0.674220559463614,30,,student_concept_state_buffers
assist_09,28890,no_CRG,original,1.0,0.3521609604358673,1.0436669339363867,48,,student_concept_state_buffers
assist_09,28890,no_CRG,target_concept_mask,1.0,0.3521609604358673,1.0436669339363867,48,48,student_concept_state_buffers
assist_09,28890,no_CRG,random_history_mask,1.0,0.3521609604358673,1.0436669339363867,48,1,student_concept_state_buffers
assist_09,28964,no_CRG,original,0.0,0.6938737630844116,1.1837577231607175,30,,student_concept_state_buffers
assist_09,28964,no_CRG,target_concept_mask,0.0,0.6938737630844116,1.1837577231607175,30,30,student_concept_state_buffers
assist_09,28964,no_CRG,random_history_mask,0.0,0.6938737630844116,1.1837577231607175,30,,student_concept_state_buffers
assist_09,29019,no_CRG,original,1.0,0.7674126029014587,0.2647306784458396,32,,student_concept_state_buffers
assist_09,29019,no_CRG,target_concept_mask,1.0,0.7674126029014587,0.2647306784458396,32,32,student_concept_state_buffers
assist_09,29019,no_CRG,random_history_mask,1.0,0.7674126029014587,0.2647306784458396,32,1,student_concept_state_buffers
assist_09,29108,no_CRG,original,1.0,0.7689248323440552,0.2627620615309808,32,,student_concept_state_buffers
assist_09,29108,no_CRG,target_concept_mask,1.0,0.7689248323440552,0.2627620615309808,32,32,student_concept_state_buffers
assist_09,29108,no_CRG,random_history_mask,1.0,0.7689248323440552,0.2627620615309808,32,17,student_concept_state_buffers
assist_09,29356,no_CRG,original,0.0,0.6255028247833252,0.9821710188659274,82,,student_concept_state_buffers
assist_09,29356,no_CRG,target_concept_mask,0.0,0.6255028247833252,0.9821710188659274,82,82,student_concept_state_buffers
assist_09,29356,no_CRG,random_history_mask,0.0,0.6255028247833252,0.9821710188659274,82,37,student_concept_state_buffers
assist_09,29369,no_CRG,original,1.0,0.7158572673797607,0.33427447912876357,98,,student_concept_state_buffers
assist_09,29369,no_CRG,target_concept_mask,1.0,0.7158572673797607,0.33427447912876357,98,98,student_concept_state_buffers
assist_09,29369,no_CRG,random_history_mask,1.0,0.7158572673797607,0.33427447912876357,98,59,student_concept_state_buffers
assist_09,29419,no_CRG,original,1.0,0.8435553312301636,0.17012978195704315,4,,student_concept_state_buffers
assist_09,29419,no_CRG,target_concept_mask,1.0,0.8435553312301636,0.17012978195704315,4,4,student_concept_state_buffers
assist_09,29419,no_CRG,random_history_mask,1.0,0.8435553312301636,0.17012978195704315,4,11,student_concept_state_buffers
assist_09,29460,no_CRG,original,0.0,0.19847969710826874,0.22124497613454047,"5,8",,student_concept_state_buffers
assist_09,29460,no_CRG,target_concept_mask,0.0,0.19847969710826874,0.22124497613454047,"5,8","5,8",student_concept_state_buffers
assist_09,29460,no_CRG,random_history_mask,0.0,0.19847969710826874,0.22124497613454047,"5,8","6,44",student_concept_state_buffers
assist_09,29895,no_CRG,original,0.0,0.19854849576950073,0.22133081502574065,82,,student_concept_state_buffers
assist_09,29895,no_CRG,target_concept_mask,0.0,0.19854849576950073,0.22133081502574065,82,82,student_concept_state_buffers
assist_09,29895,no_CRG,random_history_mask,0.0,0.19854849576950073,0.22133081502574065,82,37,student_concept_state_buffers
assist_09,29908,no_CRG,original,1.0,0.5219618678092957,0.6501607439415553,79,,student_concept_state_buffers
assist_09,29908,no_CRG,target_concept_mask,1.0,0.5219618678092957,0.6501607439415553,79,79,student_concept_state_buffers
assist_09,29908,no_CRG,random_history_mask,1.0,0.5219618678092957,0.6501607439415553,79,78,student_concept_state_buffers
assist_09,29959,no_CRG,original,1.0,0.7627581357955933,0.2708142890435635,38,,student_concept_state_buffers
assist_09,29959,no_CRG,target_concept_mask,1.0,0.7627581357955933,0.2708142890435635,38,38,student_concept_state_buffers
assist_09,29959,no_CRG,random_history_mask,1.0,0.7627581357955933,0.2708142890435635,38,34,student_concept_state_buffers
assist_09,30075,no_CRG,original,1.0,0.8142458200454712,0.2054929683416158,79,,student_concept_state_buffers
assist_09,30075,no_CRG,target_concept_mask,1.0,0.8142458200454712,0.2054929683416158,79,79,student_concept_state_buffers
assist_09,30075,no_CRG,random_history_mask,1.0,0.8142458200454712,0.2054929683416158,79,38,student_concept_state_buffers
assist_09,30464,no_CRG,original,1.0,0.7459643483161926,0.29307747038124443,30,,student_concept_state_buffers
assist_09,30464,no_CRG,target_concept_mask,1.0,0.7459643483161926,0.29307747038124443,30,30,student_concept_state_buffers
assist_09,30464,no_CRG,random_history_mask,1.0,0.7459643483161926,0.29307747038124443,30,32,student_concept_state_buffers
assist_09,30606,no_CRG,original,1.0,0.8464282155036926,0.16672988253617335,79,,student_concept_state_buffers
assist_09,30606,no_CRG,target_concept_mask,1.0,0.8464282155036926,0.16672988253617335,79,79,student_concept_state_buffers
assist_09,30606,no_CRG,random_history_mask,1.0,0.8464282155036926,0.16672988253617335,79,34,student_concept_state_buffers
assist_09,30691,no_CRG,original,0.0,0.5020285248756409,0.6972124824647298,79,,student_concept_state_buffers
assist_09,30691,no_CRG,target_concept_mask,0.0,0.5020285248756409,0.6972124824647298,79,79,student_concept_state_buffers
assist_09,30691,no_CRG,random_history_mask,0.0,0.5020285248756409,0.6972124824647298,79,82,student_concept_state_buffers
assist_09,30920,no_CRG,original,0.0,0.3633476197719574,0.45153148629373285,79,,student_concept_state_buffers
assist_09,30920,no_CRG,target_concept_mask,0.0,0.3633476197719574,0.45153148629373285,79,79,student_concept_state_buffers
assist_09,30920,no_CRG,random_history_mask,0.0,0.3633476197719574,0.45153148629373285,79,58,student_concept_state_buffers
assist_09,30951,no_CRG,original,0.0,0.6877124905586243,1.1638310108775847,33,,student_concept_state_buffers
assist_09,30951,no_CRG,target_concept_mask,0.0,0.6877124905586243,1.1638310108775847,33,33,student_concept_state_buffers
assist_09,30951,no_CRG,random_history_mask,0.0,0.6877124905586243,1.1638310108775847,33,37,student_concept_state_buffers
assist_09,31279,no_CRG,original,1.0,0.9450787901878357,0.05648697910382455,34,,student_concept_state_buffers
assist_09,31279,no_CRG,target_concept_mask,1.0,0.9450787901878357,0.05648697910382455,34,34,student_concept_state_buffers
assist_09,31279,no_CRG,random_history_mask,1.0,0.9450787901878357,0.05648697910382455,34,53,student_concept_state_buffers
assist_09,31471,no_CRG,original,1.0,0.9771119952201843,0.023154001758626804,42,,student_concept_state_buffers
assist_09,31471,no_CRG,target_concept_mask,1.0,0.9771119952201843,0.023154001758626804,42,42,student_concept_state_buffers
assist_09,31471,no_CRG,random_history_mask,1.0,0.9771119952201843,0.023154001758626804,42,34,student_concept_state_buffers
assist_09,31481,no_CRG,original,1.0,0.8759874105453491,0.13240355967259101,79,,student_concept_state_buffers
assist_09,31481,no_CRG,target_concept_mask,1.0,0.8759874105453491,0.13240355967259101,79,79,student_concept_state_buffers
assist_09,31481,no_CRG,random_history_mask,1.0,0.8759874105453491,0.13240355967259101,79,42,student_concept_state_buffers
assist_09,31514,no_CRG,original,1.0,0.8873808979988098,0.11948096607607724,82,,student_concept_state_buffers
assist_09,31514,no_CRG,target_concept_mask,1.0,0.8873808979988098,0.11948096607607724,82,82,student_concept_state_buffers
assist_09,31514,no_CRG,random_history_mask,1.0,0.8873808979988098,0.11948096607607724,82,53,student_concept_state_buffers
assist_09,31655,no_CRG,original,1.0,0.21092332899570465,1.5562605812294366,79,,student_concept_state_buffers
assist_09,31655,no_CRG,target_concept_mask,1.0,0.21092332899570465,1.5562605812294366,79,79,student_concept_state_buffers
assist_09,31655,no_CRG,random_history_mask,1.0,0.21092332899570465,1.5562605812294366,79,80,student_concept_state_buffers
assist_09,31717,no_CRG,original,1.0,0.746627926826477,0.29218830786170735,32,,student_concept_state_buffers
assist_09,31717,no_CRG,target_concept_mask,1.0,0.746627926826477,0.29218830786170735,32,32,student_concept_state_buffers
assist_09,31717,no_CRG,random_history_mask,1.0,0.746627926826477,0.29218830786170735,32,81,student_concept_state_buffers
assist_09,31749,no_CRG,original,1.0,0.44121894240379333,0.8182140586989591,33,,student_concept_state_buffers
assist_09,31749,no_CRG,target_concept_mask,1.0,0.44121894240379333,0.8182140586989591,33,33,student_concept_state_buffers
assist_09,31749,no_CRG,random_history_mask,1.0,0.44121894240379333,0.8182140586989591,33,79,student_concept_state_buffers
assist_09,31877,no_CRG,original,0.0,0.633756697177887,1.0044574046279777,82,,student_concept_state_buffers
assist_09,31877,no_CRG,target_concept_mask,0.0,0.633756697177887,1.0044574046279777,82,82,student_concept_state_buffers
assist_09,31877,no_CRG,random_history_mask,0.0,0.633756697177887,1.0044574046279777,82,55,student_concept_state_buffers
assist_09,31950,no_CRG,original,0.0,0.5438567399978638,0.7849483521364146,82,,student_concept_state_buffers
assist_09,31950,no_CRG,target_concept_mask,0.0,0.5438567399978638,0.7849483521364146,82,82,student_concept_state_buffers
assist_09,31950,no_CRG,random_history_mask,0.0,0.5438567399978638,0.7849483521364146,82,37,student_concept_state_buffers
assist_09,32031,no_CRG,original,1.0,0.6257765889167786,0.4687618582956693,"37,55",,student_concept_state_buffers
assist_09,32031,no_CRG,target_concept_mask,1.0,0.6257765889167786,0.4687618582956693,"37,55","37,55",student_concept_state_buffers
assist_09,32031,no_CRG,random_history_mask,1.0,0.6257765889167786,0.4687618582956693,"37,55","30,45",student_concept_state_buffers
assist_09,32140,no_CRG,original,1.0,0.3177720308303833,1.1464210374674833,81,,student_concept_state_buffers
assist_09,32140,no_CRG,target_concept_mask,1.0,0.3177720308303833,1.1464210374674833,81,81,student_concept_state_buffers
assist_09,32140,no_CRG,random_history_mask,1.0,0.3177720308303833,1.1464210374674833,81,55,student_concept_state_buffers
assist_09,32322,no_CRG,original,0.0,0.8899341225624084,2.206676206653965,99,,student_concept_state_buffers
assist_09,32322,no_CRG,target_concept_mask,0.0,0.8899341225624084,2.206676206653965,99,99,student_concept_state_buffers
assist_09,32322,no_CRG,random_history_mask,0.0,0.8899341225624084,2.206676206653965,99,63,student_concept_state_buffers
assist_09,32568,no_CRG,original,0.0,0.3969087600708008,0.5056867837024829,79,,student_concept_state_buffers
assist_09,32568,no_CRG,target_concept_mask,0.0,0.3969087600708008,0.5056867837024829,79,79,student_concept_state_buffers
assist_09,32568,no_CRG,random_history_mask,0.0,0.3969087600708008,0.5056867837024829,79,36,student_concept_state_buffers
assist_09,32613,no_CRG,original,0.0,0.1861940622329712,0.20603334709436202,8,,student_concept_state_buffers
assist_09,32613,no_CRG,target_concept_mask,0.0,0.1861940622329712,0.20603334709436202,8,8,student_concept_state_buffers
assist_09,32613,no_CRG,random_history_mask,0.0,0.1861940622329712,0.20603334709436202,8,19,student_concept_state_buffers
assist_09,32691,no_CRG,original,1.0,0.6780853867530823,0.38848205980757405,81,,student_concept_state_buffers
assist_09,32691,no_CRG,target_concept_mask,1.0,0.6780853867530823,0.38848205980757405,81,81,student_concept_state_buffers
assist_09,32691,no_CRG,random_history_mask,1.0,0.6780853867530823,0.38848205980757405,81,88,student_concept_state_buffers
assist_09,32736,no_CRG,original,0.0,0.6933812499046326,1.1821501595044344,98,,student_concept_state_buffers
assist_09,32736,no_CRG,target_concept_mask,0.0,0.6933812499046326,1.1821501595044344,98,98,student_concept_state_buffers
assist_09,32736,no_CRG,random_history_mask,0.0,0.6933812499046326,1.1821501595044344,98,101,student_concept_state_buffers
assist_09,32828,no_CRG,original,1.0,0.5022410750389099,0.6886750454023528,26,,student_concept_state_buffers
assist_09,32828,no_CRG,target_concept_mask,1.0,0.5022410750389099,0.6886750454023528,26,26,student_concept_state_buffers
assist_09,32828,no_CRG,random_history_mask,1.0,0.5022410750389099,0.6886750454023528,26,98,student_concept_state_buffers
assist_09,32954,no_CRG,original,1.0,0.6383258700370789,0.4489063579517688,81,,student_concept_state_buffers
assist_09,32954,no_CRG,target_concept_mask,1.0,0.6383258700370789,0.4489063579517688,81,81,student_concept_state_buffers
assist_09,32954,no_CRG,random_history_mask,1.0,0.6383258700370789,0.4489063579517688,81,9,student_concept_state_buffers
assist_09,33119,no_CRG,original,0.0,0.0821990817785263,0.08577477656268266,79,,student_concept_state_buffers
assist_09,33119,no_CRG,target_concept_mask,0.0,0.0821990817785263,0.08577477656268266,79,79,student_concept_state_buffers
assist_09,33119,no_CRG,random_history_mask,0.0,0.0821990817785263,0.08577477656268266,79,81,student_concept_state_buffers
assist_09,33158,no_CRG,original,1.0,0.5978246331214905,0.5144578236890333,52,,student_concept_state_buffers
assist_09,33158,no_CRG,target_concept_mask,1.0,0.5978246331214905,0.5144578236890333,52,52,student_concept_state_buffers
assist_09,33158,no_CRG,random_history_mask,1.0,0.5978246331214905,0.5144578236890333,52,18,student_concept_state_buffers
assist_09,33275,no_CRG,original,0.0,0.32233333587646484,0.3890997577746766,49,,student_concept_state_buffers
assist_09,33275,no_CRG,target_concept_mask,0.0,0.32233333587646484,0.3890997577746766,49,49,student_concept_state_buffers
assist_09,33275,no_CRG,random_history_mask,0.0,0.32233333587646484,0.3890997577746766,49,85,student_concept_state_buffers
assist_09,33290,no_CRG,original,0.0,0.1284194141626358,0.13744695032522908,29,,student_concept_state_buffers
assist_09,33290,no_CRG,target_concept_mask,0.0,0.1284194141626358,0.13744695032522908,29,29,student_concept_state_buffers
assist_09,33290,no_CRG,random_history_mask,0.0,0.1284194141626358,0.13744695032522908,29,33,student_concept_state_buffers
assist_09,33484,no_CRG,original,0.0,0.5264263153076172,0.7474477613725219,50,,student_concept_state_buffers
assist_09,33484,no_CRG,target_concept_mask,0.0,0.5264263153076172,0.7474477613725219,50,50,student_concept_state_buffers
assist_09,33484,no_CRG,random_history_mask,0.0,0.5264263153076172,0.7474477613725219,50,51,student_concept_state_buffers
assist_09,33491,no_CRG,original,0.0,0.2505246698856354,0.2883818771054626,51,,student_concept_state_buffers
assist_09,33491,no_CRG,target_concept_mask,0.0,0.2505246698856354,0.2883818771054626,51,51,student_concept_state_buffers
assist_09,33491,no_CRG,random_history_mask,0.0,0.2505246698856354,0.2883818771054626,51,44,student_concept_state_buffers
assist_09,33697,no_CRG,original,1.0,0.3526756763458252,1.0422064082639282,52,,student_concept_state_buffers
assist_09,33697,no_CRG,target_concept_mask,1.0,0.3526756763458252,1.0422064082639282,52,52,student_concept_state_buffers
assist_09,33697,no_CRG,random_history_mask,1.0,0.3526756763458252,1.0422064082639282,52,58,student_concept_state_buffers
assist_09,33754,no_CRG,original,1.0,0.9681086540222168,0.03241095211393884,"6,14",,student_concept_state_buffers
assist_09,33754,no_CRG,target_concept_mask,1.0,0.9681086540222168,0.03241095211393884,"6,14","6,14",student_concept_state_buffers
assist_09,33754,no_CRG,random_history_mask,1.0,0.9681086540222168,0.03241095211393884,"6,14","49,55",student_concept_state_buffers
assist_09,33786,no_CRG,original,1.0,0.8655650615692139,0.14437273495637035,34,,student_concept_state_buffers
assist_09,33786,no_CRG,target_concept_mask,1.0,0.8655650615692139,0.14437273495637035,34,34,student_concept_state_buffers
assist_09,33786,no_CRG,random_history_mask,1.0,0.8655650615692139,0.14437273495637035,34,48,student_concept_state_buffers
assist_09,33788,no_CRG,original,1.0,0.7353621125221252,0.30739223099323737,81,,student_concept_state_buffers
assist_09,33788,no_CRG,target_concept_mask,1.0,0.7353621125221252,0.30739223099323737,81,81,student_concept_state_buffers
assist_09,33788,no_CRG,random_history_mask,1.0,0.7353621125221252,0.30739223099323737,81,30,student_concept_state_buffers
assist_09,34020,no_CRG,original,0.0,0.5102102756500244,0.7137791139614437,53,,student_concept_state_buffers
assist_09,34020,no_CRG,target_concept_mask,0.0,0.5102102756500244,0.7137791139614437,53,53,student_concept_state_buffers
assist_09,34020,no_CRG,random_history_mask,0.0,0.5102102756500244,0.7137791139614437,53,41,student_concept_state_buffers
assist_09,34271,no_CRG,original,1.0,0.6967555284500122,0.3613206780264961,81,,student_concept_state_buffers
assist_09,34271,no_CRG,target_concept_mask,1.0,0.6967555284500122,0.3613206780264961,81,81,student_concept_state_buffers
assist_09,34271,no_CRG,random_history_mask,1.0,0.6967555284500122,0.3613206780264961,81,80,student_concept_state_buffers
assist_09,34375,no_CRG,original,1.0,0.5816668272018433,0.5418574570220497,41,,student_concept_state_buffers
assist_09,34375,no_CRG,target_concept_mask,1.0,0.5816668272018433,0.5418574570220497,41,41,student_concept_state_buffers
assist_09,34375,no_CRG,random_history_mask,1.0,0.5816668272018433,0.5418574570220497,41,34,student_concept_state_buffers
assist_09,34449,no_CRG,original,1.0,0.8370910882949829,0.17782238729922767,52,,student_concept_state_buffers
assist_09,34449,no_CRG,target_concept_mask,1.0,0.8370910882949829,0.17782238729922767,52,52,student_concept_state_buffers
assist_09,34449,no_CRG,random_history_mask,1.0,0.8370910882949829,0.17782238729922767,52,13,student_concept_state_buffers
assist_09,34515,no_CRG,original,0.0,0.3844813406467438,0.4852900180523069,30,,student_concept_state_buffers
assist_09,34515,no_CRG,target_concept_mask,0.0,0.3844813406467438,0.4852900180523069,30,30,student_concept_state_buffers
assist_09,34515,no_CRG,random_history_mask,0.0,0.3844813406467438,0.4852900180523069,30,36,student_concept_state_buffers
assist_09,34543,no_CRG,original,1.0,0.5171336531639099,0.6594539211253609,36,,student_concept_state_buffers
assist_09,34543,no_CRG,target_concept_mask,1.0,0.5171336531639099,0.6594539211253609,36,36,student_concept_state_buffers
assist_09,34543,no_CRG,random_history_mask,1.0,0.5171336531639099,0.6594539211253609,36,98,student_concept_state_buffers
assist_09,34681,no_CRG,original,1.0,0.7122163772583008,0.3393735130949275,32,,student_concept_state_buffers
assist_09,34681,no_CRG,target_concept_mask,1.0,0.7122163772583008,0.3393735130949275,32,32,student_concept_state_buffers
assist_09,34681,no_CRG,random_history_mask,1.0,0.7122163772583008,0.3393735130949275,32,56,student_concept_state_buffers
assist_09,34814,no_CRG,original,0.0,0.5330014824867249,0.7614291958080532,30,,student_concept_state_buffers
assist_09,34814,no_CRG,target_concept_mask,0.0,0.5330014824867249,0.7614291958080532,30,30,student_concept_state_buffers
assist_09,34814,no_CRG,random_history_mask,0.0,0.5330014824867249,0.7614291958080532,30,42,student_concept_state_buffers
assist_09,34943,no_CRG,original,0.0,0.6728113293647766,1.1172183000509837,56,,student_concept_state_buffers
assist_09,34943,no_CRG,target_concept_mask,0.0,0.6728113293647766,1.1172183000509837,56,56,student_concept_state_buffers
assist_09,34943,no_CRG,random_history_mask,0.0,0.6728113293647766,1.1172183000509837,56,32,student_concept_state_buffers
assist_09,35067,no_CRG,original,1.0,0.3263654410839081,1.11973754052991,49,,student_concept_state_buffers
assist_09,35067,no_CRG,target_concept_mask,1.0,0.3263654410839081,1.11973754052991,49,49,student_concept_state_buffers
assist_09,35067,no_CRG,random_history_mask,1.0,0.3263654410839081,1.11973754052991,49,51,student_concept_state_buffers
assist_09,35150,no_CRG,original,1.0,0.6162060499191284,0.48417387475817836,98,,student_concept_state_buffers
assist_09,35150,no_CRG,target_concept_mask,1.0,0.6162060499191284,0.48417387475817836,98,98,student_concept_state_buffers
assist_09,35150,no_CRG,random_history_mask,1.0,0.6162060499191284,0.48417387475817836,98,59,student_concept_state_buffers
assist_09,35261,no_CRG,original,1.0,0.7170431017875671,0.33261932612016365,44,,student_concept_state_buffers
assist_09,35261,no_CRG,target_concept_mask,1.0,0.7170431017875671,0.33261932612016365,44,44,student_concept_state_buffers
assist_09,35261,no_CRG,random_history_mask,1.0,0.7170431017875671,0.33261932612016365,44,55,student_concept_state_buffers
assist_09,35343,no_CRG,original,1.0,0.7803522944450378,0.2480098017210497,82,,student_concept_state_buffers
assist_09,35343,no_CRG,target_concept_mask,1.0,0.7803522944450378,0.2480098017210497,82,82,student_concept_state_buffers
assist_09,35343,no_CRG,random_history_mask,1.0,0.7803522944450378,0.2480098017210497,82,13,student_concept_state_buffers
assist_09,35344,no_CRG,original,1.0,0.8184123635292053,0.20038895750720975,82,,student_concept_state_buffers
assist_09,35344,no_CRG,target_concept_mask,1.0,0.8184123635292053,0.20038895750720975,82,82,student_concept_state_buffers
assist_09,35344,no_CRG,random_history_mask,1.0,0.8184123635292053,0.20038895750720975,82,80,student_concept_state_buffers
assist_09,35412,no_CRG,original,1.0,0.64557284116745,0.4376172304957588,"12,13",,student_concept_state_buffers
assist_09,35412,no_CRG,target_concept_mask,1.0,0.64557284116745,0.4376172304957588,"12,13","12,13",student_concept_state_buffers
assist_09,35412,no_CRG,random_history_mask,1.0,0.64557284116745,0.4376172304957588,"12,13","9,78",student_concept_state_buffers
assist_09,35480,no_CRG,original,0.0,0.7704090476036072,1.4714560212522159,122,,student_concept_state_buffers
assist_09,35480,no_CRG,target_concept_mask,0.0,0.7704090476036072,1.4714560212522159,122,122,student_concept_state_buffers
assist_09,35480,no_CRG,random_history_mask,0.0,0.7704090476036072,1.4714560212522159,122,114,student_concept_state_buffers
assist_09,35590,no_CRG,original,0.0,0.2610001862049103,0.3024576100027225,"12,13",,student_concept_state_buffers
assist_09,35590,no_CRG,target_concept_mask,0.0,0.2610001862049103,0.3024576100027225,"12,13","12,13",student_concept_state_buffers
assist_09,35590,no_CRG,random_history_mask,0.0,0.2610001862049103,0.3024576100027225,"12,13","38,72",student_concept_state_buffers
assist_09,35596,no_CRG,original,1.0,0.7571919560432434,0.2781384829954684,55,,student_concept_state_buffers
assist_09,35596,no_CRG,target_concept_mask,1.0,0.7571919560432434,0.2781384829954684,55,55,student_concept_state_buffers
assist_09,35596,no_CRG,random_history_mask,1.0,0.7571919560432434,0.2781384829954684,55,38,student_concept_state_buffers
assist_09,36089,no_CRG,original,0.0,0.13104744255542755,0.14046674963219288,92,,student_concept_state_buffers
assist_09,36089,no_CRG,target_concept_mask,0.0,0.13104744255542755,0.14046674963219288,92,92,student_concept_state_buffers
assist_09,36089,no_CRG,random_history_mask,0.0,0.13104744255542755,0.14046674963219288,92,22,student_concept_state_buffers
assist_09,36366,no_CRG,original,0.0,0.3040388524532318,0.3624614426961262,"5,8",,student_concept_state_buffers
assist_09,36366,no_CRG,target_concept_mask,0.0,0.3040388524532318,0.3624614426961262,"5,8","5,8",student_concept_state_buffers
assist_09,36366,no_CRG,random_history_mask,0.0,0.3040388524532318,0.3624614426961262,"5,8","49,56",student_concept_state_buffers
assist_09,36462,no_CRG,original,0.0,0.8875684142112732,2.185410368643902,"5,10",,student_concept_state_buffers
assist_09,36462,no_CRG,target_concept_mask,0.0,0.8875684142112732,2.185410368643902,"5,10","5,10",student_concept_state_buffers
assist_09,36462,no_CRG,random_history_mask,0.0,0.8875684142112732,2.185410368643902,"5,10","7,44",student_concept_state_buffers
assist_09,36489,no_CRG,original,0.0,0.220940962433815,0.249668449633626,106,,student_concept_state_buffers
assist_09,36489,no_CRG,target_concept_mask,0.0,0.220940962433815,0.249668449633626,106,106,student_concept_state_buffers
assist_09,36489,no_CRG,random_history_mask,0.0,0.220940962433815,0.249668449633626,106,7,student_concept_state_buffers
assist_09,36570,no_CRG,original,0.0,0.246305912733078,0.2827687131058728,119,,student_concept_state_buffers
assist_09,36570,no_CRG,target_concept_mask,0.0,0.246305912733078,0.2827687131058728,119,119,student_concept_state_buffers
assist_09,36570,no_CRG,random_history_mask,0.0,0.246305912733078,0.2827687131058728,119,1,student_concept_state_buffers
assist_09,36590,no_CRG,original,1.0,0.8222364783287048,0.19572723876852124,98,,student_concept_state_buffers
assist_09,36590,no_CRG,target_concept_mask,1.0,0.8222364783287048,0.19572723876852124,98,98,student_concept_state_buffers
assist_09,36590,no_CRG,random_history_mask,1.0,0.8222364783287048,0.19572723876852124,98,8,student_concept_state_buffers
assist_09,36618,no_CRG,original,0.0,0.6164665818214417,0.9583285220011276,106,,student_concept_state_buffers
assist_09,36618,no_CRG,target_concept_mask,0.0,0.6164665818214417,0.9583285220011276,106,106,student_concept_state_buffers
assist_09,36618,no_CRG,random_history_mask,0.0,0.6164665818214417,0.9583285220011276,106,8,student_concept_state_buffers
assist_09,36701,no_CRG,original,1.0,0.6763482093811035,0.3910472329242267,98,,student_concept_state_buffers
assist_09,36701,no_CRG,target_concept_mask,1.0,0.6763482093811035,0.3910472329242267,98,98,student_concept_state_buffers
assist_09,36701,no_CRG,random_history_mask,1.0,0.6763482093811035,0.3910472329242267,98,56,student_concept_state_buffers
assist_09,36883,no_CRG,original,0.0,0.766945481300354,1.456482866951462,7,,student_concept_state_buffers
assist_09,36883,no_CRG,target_concept_mask,0.0,0.766945481300354,1.456482866951462,7,7,student_concept_state_buffers
assist_09,36883,no_CRG,random_history_mask,0.0,0.766945481300354,1.456482866951462,7,61,student_concept_state_buffers
assist_09,36895,no_CRG,original,1.0,0.727180540561676,0.31858049588054305,106,,student_concept_state_buffers
assist_09,36895,no_CRG,target_concept_mask,1.0,0.727180540561676,0.31858049588054305,106,106,student_concept_state_buffers
assist_09,36895,no_CRG,random_history_mask,1.0,0.727180540561676,0.31858049588054305,106,98,student_concept_state_buffers
assist_09,36950,no_CRG,original,0.0,0.5199788808822632,0.7339251778861394,"5,9",,student_concept_state_buffers
assist_09,36950,no_CRG,target_concept_mask,0.0,0.5199788808822632,0.7339251778861394,"5,9","5,9",student_concept_state_buffers
assist_09,36950,no_CRG,random_history_mask,0.0,0.5199788808822632,0.7339251778861394,"5,9","8,98",student_concept_state_buffers
assist_09,36970,no_CRG,original,0.0,0.1756625920534134,0.19317535722161291,"22,43",,student_concept_state_buffers
assist_09,36970,no_CRG,target_concept_mask,0.0,0.1756625920534134,0.19317535722161291,"22,43","22,43",student_concept_state_buffers
assist_09,36970,no_CRG,random_history_mask,0.0,0.1756625920534134,0.19317535722161291,"22,43","36,55",student_concept_state_buffers
assist_09,37041,no_CRG,original,1.0,0.8189464211463928,0.19973661711471327,30,,student_concept_state_buffers
assist_09,37041,no_CRG,target_concept_mask,1.0,0.8189464211463928,0.19973661711471327,30,30,student_concept_state_buffers
assist_09,37041,no_CRG,random_history_mask,1.0,0.8189464211463928,0.19973661711471327,30,32,student_concept_state_buffers
assist_09,37234,no_CRG,original,1.0,0.8032156825065613,0.21913200520221396,62,,student_concept_state_buffers
assist_09,37234,no_CRG,target_concept_mask,1.0,0.8032156825065613,0.21913200520221396,62,62,student_concept_state_buffers
assist_09,37234,no_CRG,random_history_mask,1.0,0.8032156825065613,0.21913200520221396,62,42,student_concept_state_buffers
assist_09,37271,no_CRG,original,1.0,0.8783984780311584,0.12965494088871066,59,,student_concept_state_buffers
assist_09,37271,no_CRG,target_concept_mask,1.0,0.8783984780311584,0.12965494088871066,59,59,student_concept_state_buffers
assist_09,37271,no_CRG,random_history_mask,1.0,0.8783984780311584,0.12965494088871066,59,92,student_concept_state_buffers
assist_09,37315,no_CRG,original,1.0,0.634363055229187,0.45513384612462665,97,,student_concept_state_buffers
assist_09,37315,no_CRG,target_concept_mask,1.0,0.634363055229187,0.45513384612462665,97,97,student_concept_state_buffers
assist_09,37315,no_CRG,random_history_mask,1.0,0.634363055229187,0.45513384612462665,97,59,student_concept_state_buffers
assist_09,37388,no_CRG,original,1.0,0.5028588175773621,0.6874458290413266,97,,student_concept_state_buffers
assist_09,37388,no_CRG,target_concept_mask,1.0,0.5028588175773621,0.6874458290413266,97,97,student_concept_state_buffers
assist_09,37388,no_CRG,random_history_mask,1.0,0.5028588175773621,0.6874458290413266,97,38,student_concept_state_buffers
assist_09,37470,no_CRG,original,0.0,0.6277788877487183,0.9882672135151724,96,,student_concept_state_buffers
assist_09,37470,no_CRG,target_concept_mask,0.0,0.6277788877487183,0.9882672135151724,96,96,student_concept_state_buffers
assist_09,37470,no_CRG,random_history_mask,0.0,0.6277788877487183,0.9882672135151724,96,61,student_concept_state_buffers
assist_09,37538,no_CRG,original,1.0,0.8768788576126099,0.13138642886197668,56,,student_concept_state_buffers
assist_09,37538,no_CRG,target_concept_mask,1.0,0.8768788576126099,0.13138642886197668,56,56,student_concept_state_buffers
assist_09,37538,no_CRG,random_history_mask,1.0,0.8768788576126099,0.13138642886197668,56,37,student_concept_state_buffers
assist_09,37550,no_CRG,original,0.0,0.5342558026313782,0.7641187282605574,97,,student_concept_state_buffers
assist_09,37550,no_CRG,target_concept_mask,0.0,0.5342558026313782,0.7641187282605574,97,97,student_concept_state_buffers
assist_09,37550,no_CRG,random_history_mask,0.0,0.5342558026313782,0.7641187282605574,97,86,student_concept_state_buffers
assist_09,37599,no_CRG,original,0.0,0.7208657264709473,1.2760623458034317,98,,student_concept_state_buffers
assist_09,37599,no_CRG,target_concept_mask,0.0,0.7208657264709473,1.2760623458034317,98,98,student_concept_state_buffers
assist_09,37599,no_CRG,random_history_mask,0.0,0.7208657264709473,1.2760623458034317,98,30,student_concept_state_buffers
assist_09,37629,no_CRG,original,1.0,0.6554155349731445,0.4224858399572239,48,,student_concept_state_buffers
assist_09,37629,no_CRG,target_concept_mask,1.0,0.6554155349731445,0.4224858399572239,48,48,student_concept_state_buffers
assist_09,37629,no_CRG,random_history_mask,1.0,0.6554155349731445,0.4224858399572239,48,1,student_concept_state_buffers
assist_09,37698,no_CRG,original,1.0,0.7885349988937378,0.23757848688846883,82,,student_concept_state_buffers
assist_09,37698,no_CRG,target_concept_mask,1.0,0.7885349988937378,0.23757848688846883,82,82,student_concept_state_buffers
assist_09,37698,no_CRG,random_history_mask,1.0,0.7885349988937378,0.23757848688846883,82,,student_concept_state_buffers
assist_09,37755,no_CRG,original,1.0,0.6073383092880249,0.4986692967442168,82,,student_concept_state_buffers
assist_09,37755,no_CRG,target_concept_mask,1.0,0.6073383092880249,0.4986692967442168,82,82,student_concept_state_buffers
assist_09,37755,no_CRG,random_history_mask,1.0,0.6073383092880249,0.4986692967442168,82,,student_concept_state_buffers
assist_09,37803,no_CRG,original,1.0,0.8387113213539124,0.17588870638976656,"5,10",,student_concept_state_buffers
assist_09,37803,no_CRG,target_concept_mask,1.0,0.8387113213539124,0.17588870638976656,"5,10","5,10",student_concept_state_buffers
assist_09,37803,no_CRG,random_history_mask,1.0,0.8387113213539124,0.17588870638976656,"5,10","1,44",student_concept_state_buffers
assist_09,37838,no_CRG,original,1.0,0.7680529356002808,0.2638966216469257,82,,student_concept_state_buffers
assist_09,37838,no_CRG,target_concept_mask,1.0,0.7680529356002808,0.2638966216469257,82,82,student_concept_state_buffers
assist_09,37838,no_CRG,random_history_mask,1.0,0.7680529356002808,0.2638966216469257,82,,student_concept_state_buffers
assist_09,37979,no_CRG,original,1.0,0.6851245760917664,0.37815459434727755,56,,student_concept_state_buffers
assist_09,37979,no_CRG,target_concept_mask,1.0,0.6851245760917664,0.37815459434727755,56,56,student_concept_state_buffers
assist_09,37979,no_CRG,random_history_mask,1.0,0.6851245760917664,0.37815459434727755,56,31,student_concept_state_buffers
assist_09,38091,no_CRG,original,0.0,0.5446495413780212,0.786687917783182,49,,student_concept_state_buffers
assist_09,38091,no_CRG,target_concept_mask,0.0,0.5446495413780212,0.786687917783182,49,49,student_concept_state_buffers
assist_09,38091,no_CRG,random_history_mask,0.0,0.5446495413780212,0.786687917783182,49,53,student_concept_state_buffers
assist_09,38102,no_CRG,original,1.0,0.6281148791313171,0.46503220069027323,53,,student_concept_state_buffers
assist_09,38102,no_CRG,target_concept_mask,1.0,0.6281148791313171,0.46503220069027323,53,53,student_concept_state_buffers
assist_09,38102,no_CRG,random_history_mask,1.0,0.6281148791313171,0.46503220069027323,53,82,student_concept_state_buffers
assist_09,38217,no_CRG,original,0.0,0.3775160014629364,0.4740373561350013,82,,student_concept_state_buffers
assist_09,38217,no_CRG,target_concept_mask,0.0,0.3775160014629364,0.4740373561350013,82,82,student_concept_state_buffers
assist_09,38217,no_CRG,random_history_mask,0.0,0.3775160014629364,0.4740373561350013,82,58,student_concept_state_buffers
assist_09,38235,no_CRG,original,0.0,0.16913430392742157,0.1852871144293437,79,,student_concept_state_buffers
assist_09,38235,no_CRG,target_concept_mask,0.0,0.16913430392742157,0.1852871144293437,79,79,student_concept_state_buffers
assist_09,38235,no_CRG,random_history_mask,0.0,0.16913430392742157,0.1852871144293437,79,37,student_concept_state_buffers
assist_09,38273,no_CRG,original,0.0,0.47810888290405273,0.6502963007957864,42,,student_concept_state_buffers
assist_09,38273,no_CRG,target_concept_mask,0.0,0.47810888290405273,0.6502963007957864,42,42,student_concept_state_buffers
assist_09,38273,no_CRG,random_history_mask,0.0,0.47810888290405273,0.6502963007957864,42,45,student_concept_state_buffers
assist_09,38295,no_CRG,original,1.0,0.6146000027656555,0.48678362478582515,81,,student_concept_state_buffers
assist_09,38295,no_CRG,target_concept_mask,1.0,0.6146000027656555,0.48678362478582515,81,81,student_concept_state_buffers
assist_09,38295,no_CRG,random_history_mask,1.0,0.6146000027656555,0.48678362478582515,81,30,student_concept_state_buffers
assist_09,38513,no_CRG,original,0.0,0.7523555755615234,1.3957613340778647,42,,student_concept_state_buffers
assist_09,38513,no_CRG,target_concept_mask,0.0,0.7523555755615234,1.3957613340778647,42,42,student_concept_state_buffers
assist_09,38513,no_CRG,random_history_mask,0.0,0.7523555755615234,1.3957613340778647,42,93,student_concept_state_buffers
assist_09,38710,no_CRG,original,1.0,0.6584219932556152,0.4179092260829905,38,,student_concept_state_buffers
assist_09,38710,no_CRG,target_concept_mask,1.0,0.6584219932556152,0.4179092260829905,38,38,student_concept_state_buffers
assist_09,38710,no_CRG,random_history_mask,1.0,0.6584219932556152,0.4179092260829905,38,78,student_concept_state_buffers
assist_09,38838,no_CRG,original,0.0,0.5660682916641235,0.8348681113279827,82,,student_concept_state_buffers
assist_09,38838,no_CRG,target_concept_mask,0.0,0.5660682916641235,0.8348681113279827,82,82,student_concept_state_buffers
assist_09,38838,no_CRG,random_history_mask,0.0,0.5660682916641235,0.8348681113279827,82,80,student_concept_state_buffers
assist_09,38862,no_CRG,original,1.0,0.6221689581871033,0.47454358617283837,80,,student_concept_state_buffers
assist_09,38862,no_CRG,target_concept_mask,1.0,0.6221689581871033,0.47454358617283837,80,80,student_concept_state_buffers
assist_09,38862,no_CRG,random_history_mask,1.0,0.6221689581871033,0.47454358617283837,80,42,student_concept_state_buffers
assist_09,39055,no_CRG,original,1.0,0.5970681309700012,0.5157240498731732,48,,student_concept_state_buffers
assist_09,39055,no_CRG,target_concept_mask,1.0,0.5970681309700012,0.5157240498731732,48,48,student_concept_state_buffers
assist_09,39055,no_CRG,random_history_mask,1.0,0.5970681309700012,0.5157240498731732,48,78,student_concept_state_buffers
assist_09,39069,no_CRG,original,1.0,0.6846697330474854,0.37881869852403327,80,,student_concept_state_buffers
assist_09,39069,no_CRG,target_concept_mask,1.0,0.6846697330474854,0.37881869852403327,80,80,student_concept_state_buffers
assist_09,39069,no_CRG,random_history_mask,1.0,0.6846697330474854,0.37881869852403327,80,82,student_concept_state_buffers
assist_09,39332,no_CRG,original,0.0,0.02979414165019989,0.03024700489838332,"45,58",,student_concept_state_buffers
assist_09,39332,no_CRG,target_concept_mask,0.0,0.02979414165019989,0.03024700489838332,"45,58","45,58",student_concept_state_buffers
assist_09,39332,no_CRG,random_history_mask,0.0,0.02979414165019989,0.03024700489838332,"45,58","18,96",student_concept_state_buffers
assist_09,39407,no_CRG,original,0.0,0.02495989389717579,0.02527667436585367,81,,student_concept_state_buffers
assist_09,39407,no_CRG,target_concept_mask,0.0,0.02495989389717579,0.02527667436585367,81,81,student_concept_state_buffers
assist_09,39407,no_CRG,random_history_mask,0.0,0.02495989389717579,0.02527667436585367,81,14,student_concept_state_buffers
assist_09,39516,no_CRG,original,0.0,0.20979677140712738,0.2354651152211502,96,,student_concept_state_buffers
assist_09,39516,no_CRG,target_concept_mask,0.0,0.20979677140712738,0.2354651152211502,96,96,student_concept_state_buffers
assist_09,39516,no_CRG,random_history_mask,0.0,0.20979677140712738,0.2354651152211502,96,37,student_concept_state_buffers
assist_09,39595,no_CRG,original,1.0,0.752458393573761,0.2844095748195853,49,,student_concept_state_buffers
assist_09,39595,no_CRG,target_concept_mask,1.0,0.752458393573761,0.2844095748195853,49,49,student_concept_state_buffers
assist_09,39595,no_CRG,random_history_mask,1.0,0.752458393573761,0.2844095748195853,49,2,student_concept_state_buffers
assist_09,39868,no_CRG,original,1.0,0.574164867401123,0.5548386984664032,32,,student_concept_state_buffers
assist_09,39868,no_CRG,target_concept_mask,1.0,0.574164867401123,0.5548386984664032,32,32,student_concept_state_buffers
assist_09,39868,no_CRG,random_history_mask,1.0,0.574164867401123,0.5548386984664032,32,99,student_concept_state_buffers
assist_09,39882,no_CRG,original,0.0,0.17427688837051392,0.19149577760351516,82,,student_concept_state_buffers
assist_09,39882,no_CRG,target_concept_mask,0.0,0.17427688837051392,0.19149577760351516,82,82,student_concept_state_buffers
assist_09,39882,no_CRG,random_history_mask,0.0,0.17427688837051392,0.19149577760351516,82,80,student_concept_state_buffers
assist_09,39962,no_CRG,original,1.0,0.5960832238197327,0.5173749843837343,20,,student_concept_state_buffers
assist_09,39962,no_CRG,target_concept_mask,1.0,0.5960832238197327,0.5173749843837343,20,20,student_concept_state_buffers
assist_09,39962,no_CRG,random_history_mask,1.0,0.5960832238197327,0.5173749843837343,20,99,student_concept_state_buffers
assist_09,40039,no_CRG,original,1.0,0.5403221845626831,0.6155896792625081,29,,student_concept_state_buffers
assist_09,40039,no_CRG,target_concept_mask,1.0,0.5403221845626831,0.6155896792625081,29,29,student_concept_state_buffers
assist_09,40039,no_CRG,random_history_mask,1.0,0.5403221845626831,0.6155896792625081,29,12,student_concept_state_buffers
assist_09,40135,no_CRG,original,1.0,0.20036274194717407,1.6076258454836756,8,,student_concept_state_buffers
assist_09,40135,no_CRG,target_concept_mask,1.0,0.20036274194717407,1.6076258454836756,8,8,student_concept_state_buffers
assist_09,40135,no_CRG,random_history_mask,1.0,0.20036274194717407,1.6076258454836756,8,45,student_concept_state_buffers
assist_09,40431,no_CRG,original,1.0,0.335222065448761,1.092962084829657,79,,student_concept_state_buffers
assist_09,40431,no_CRG,target_concept_mask,1.0,0.335222065448761,1.092962084829657,79,79,student_concept_state_buffers
assist_09,40431,no_CRG,random_history_mask,1.0,0.335222065448761,1.092962084829657,79,30,student_concept_state_buffers
assist_09,40560,no_CRG,original,0.0,0.7479081153869629,1.3779616364486655,81,,student_concept_state_buffers
assist_09,40560,no_CRG,target_concept_mask,0.0,0.7479081153869629,1.3779616364486655,81,81,student_concept_state_buffers
assist_09,40560,no_CRG,random_history_mask,0.0,0.7479081153869629,1.3779616364486655,81,55,student_concept_state_buffers
assist_09,40562,no_CRG,original,1.0,0.7366713881492615,0.30561336390659627,81,,student_concept_state_buffers
assist_09,40562,no_CRG,target_concept_mask,1.0,0.7366713881492615,0.30561336390659627,81,81,student_concept_state_buffers
assist_09,40562,no_CRG,random_history_mask,1.0,0.7366713881492615,0.30561336390659627,81,45,student_concept_state_buffers
assist_09,40615,no_CRG,original,0.0,0.056247975677251816,0.057891833443456636,82,,student_concept_state_buffers
assist_09,40615,no_CRG,target_concept_mask,0.0,0.056247975677251816,0.057891833443456636,82,82,student_concept_state_buffers
assist_09,40615,no_CRG,random_history_mask,0.0,0.056247975677251816,0.057891833443456636,82,11,student_concept_state_buffers
assist_09,40748,no_CRG,original,1.0,0.7989518046379089,0.22445465463727923,14,,student_concept_state_buffers
assist_09,40748,no_CRG,target_concept_mask,1.0,0.7989518046379089,0.22445465463727923,14,14,student_concept_state_buffers
assist_09,40748,no_CRG,random_history_mask,1.0,0.7989518046379089,0.22445465463727923,14,13,student_concept_state_buffers
assist_09,40815,no_CRG,original,0.0,0.2709789574146271,0.3160526823895535,44,,student_concept_state_buffers
assist_09,40815,no_CRG,target_concept_mask,0.0,0.2709789574146271,0.3160526823895535,44,44,student_concept_state_buffers
assist_09,40815,no_CRG,random_history_mask,0.0,0.2709789574146271,0.3160526823895535,44,82,student_concept_state_buffers
assist_09,40843,no_CRG,original,1.0,0.3069904148578644,1.1809387538437093,79,,student_concept_state_buffers
assist_09,40843,no_CRG,target_concept_mask,1.0,0.3069904148578644,1.1809387538437093,79,79,student_concept_state_buffers
assist_09,40843,no_CRG,random_history_mask,1.0,0.3069904148578644,1.1809387538437093,79,34,student_concept_state_buffers
assist_09,40941,no_CRG,original,1.0,0.6057541966438293,0.5012809912965754,14,,student_concept_state_buffers
assist_09,40941,no_CRG,target_concept_mask,1.0,0.6057541966438293,0.5012809912965754,14,14,student_concept_state_buffers
assist_09,40941,no_CRG,random_history_mask,1.0,0.6057541966438293,0.5012809912965754,14,13,student_concept_state_buffers
assist_09,41139,no_CRG,original,1.0,0.5228960514068604,0.6483725891516939,99,,student_concept_state_buffers
assist_09,41139,no_CRG,target_concept_mask,1.0,0.5228960514068604,0.6483725891516939,99,99,student_concept_state_buffers
assist_09,41139,no_CRG,random_history_mask,1.0,0.5228960514068604,0.6483725891516939,99,104,student_concept_state_buffers
assist_09,41351,no_CRG,original,1.0,0.9532068371772766,0.04792336091580047,30,,student_concept_state_buffers
assist_09,41351,no_CRG,target_concept_mask,1.0,0.9532068371772766,0.04792336091580047,30,30,student_concept_state_buffers
assist_09,41351,no_CRG,random_history_mask,1.0,0.9532068371772766,0.04792336091580047,30,33,student_concept_state_buffers
assist_09,41469,no_CRG,original,1.0,0.9370512962341309,0.06501725306167505,44,,student_concept_state_buffers
assist_09,41469,no_CRG,target_concept_mask,1.0,0.9370512962341309,0.06501725306167505,44,44,student_concept_state_buffers
assist_09,41469,no_CRG,random_history_mask,1.0,0.9370512962341309,0.06501725306167505,44,33,student_concept_state_buffers
assist_09,41539,no_CRG,original,0.0,0.5531509518623352,0.805534441317764,30,,student_concept_state_buffers
assist_09,41539,no_CRG,target_concept_mask,0.0,0.5531509518623352,0.805534441317764,30,30,student_concept_state_buffers
assist_09,41539,no_CRG,random_history_mask,0.0,0.5531509518623352,0.805534441317764,30,33,student_concept_state_buffers
assist_09,41553,no_CRG,original,1.0,0.9135310053825378,0.09043796243460858,33,,student_concept_state_buffers
assist_09,41553,no_CRG,target_concept_mask,1.0,0.9135310053825378,0.09043796243460858,33,33,student_concept_state_buffers
assist_09,41553,no_CRG,random_history_mask,1.0,0.9135310053825378,0.09043796243460858,33,30,student_concept_state_buffers
assist_09,41631,no_CRG,original,0.0,0.5793794989585876,0.8660242745300049,30,,student_concept_state_buffers
assist_09,41631,no_CRG,target_concept_mask,0.0,0.5793794989585876,0.8660242745300049,30,30,student_concept_state_buffers
assist_09,41631,no_CRG,random_history_mask,0.0,0.5793794989585876,0.8660242745300049,30,108,student_concept_state_buffers
assist_09,41691,no_CRG,original,1.0,0.9816482067108154,0.018522276450217177,79,,student_concept_state_buffers
assist_09,41691,no_CRG,target_concept_mask,1.0,0.9816482067108154,0.018522276450217177,79,79,student_concept_state_buffers
assist_09,41691,no_CRG,random_history_mask,1.0,0.9816482067108154,0.018522276450217177,79,88,student_concept_state_buffers
assist_09,41765,no_CRG,original,0.0,0.76284259557724,1.4390312046169271,108,,student_concept_state_buffers
assist_09,41765,no_CRG,target_concept_mask,0.0,0.76284259557724,1.4390312046169271,108,108,student_concept_state_buffers
assist_09,41765,no_CRG,random_history_mask,0.0,0.76284259557724,1.4390312046169271,108,19,student_concept_state_buffers
assist_09,42034,no_CRG,original,1.0,0.8231331706047058,0.19463728021075216,29,,student_concept_state_buffers
assist_09,42034,no_CRG,target_concept_mask,1.0,0.8231331706047058,0.19463728021075216,29,29,student_concept_state_buffers
assist_09,42034,no_CRG,random_history_mask,1.0,0.8231331706047058,0.19463728021075216,29,14,student_concept_state_buffers
assist_09,42135,no_CRG,original,1.0,0.7726647853851318,0.25790997854411113,20,,student_concept_state_buffers
assist_09,42135,no_CRG,target_concept_mask,1.0,0.7726647853851318,0.25790997854411113,20,20,student_concept_state_buffers
assist_09,42135,no_CRG,random_history_mask,1.0,0.7726647853851318,0.25790997854411113,20,2,student_concept_state_buffers
assist_09,42231,no_CRG,original,1.0,0.7180523872375488,0.331212749869172,20,,student_concept_state_buffers
assist_09,42231,no_CRG,target_concept_mask,1.0,0.7180523872375488,0.331212749869172,20,20,student_concept_state_buffers
assist_09,42231,no_CRG,random_history_mask,1.0,0.7180523872375488,0.331212749869172,20,8,student_concept_state_buffers
assist_09,42269,no_CRG,original,1.0,0.7575483322143555,0.27766793873061957,20,,student_concept_state_buffers
assist_09,42269,no_CRG,target_concept_mask,1.0,0.7575483322143555,0.27766793873061957,20,20,student_concept_state_buffers
assist_09,42269,no_CRG,random_history_mask,1.0,0.7575483322143555,0.27766793873061957,20,119,student_concept_state_buffers
assist_09,42610,no_CRG,original,0.0,0.8690861463546753,2.0332157778593736,2,,student_concept_state_buffers
assist_09,42610,no_CRG,target_concept_mask,0.0,0.8690861463546753,2.0332157778593736,2,2,student_concept_state_buffers
assist_09,42610,no_CRG,random_history_mask,0.0,0.8690861463546753,2.0332157778593736,2,58,student_concept_state_buffers
assist_09,42732,no_CRG,original,1.0,0.86141037940979,0.14918425696897922,96,,student_concept_state_buffers
assist_09,42732,no_CRG,target_concept_mask,1.0,0.86141037940979,0.14918425696897922,96,96,student_concept_state_buffers
assist_09,42732,no_CRG,random_history_mask,1.0,0.86141037940979,0.14918425696897922,96,57,student_concept_state_buffers
assist_09,43047,no_CRG,original,1.0,0.9790068864822388,0.02121660227591836,14,,student_concept_state_buffers
assist_09,43047,no_CRG,target_concept_mask,1.0,0.9790068864822388,0.02121660227591836,14,14,student_concept_state_buffers
assist_09,43047,no_CRG,random_history_mask,1.0,0.9790068864822388,0.02121660227591836,14,8,student_concept_state_buffers
assist_09,43397,no_CRG,original,1.0,0.8923691511154175,0.11387538547104094,38,,student_concept_state_buffers
assist_09,43397,no_CRG,target_concept_mask,1.0,0.8923691511154175,0.11387538547104094,38,38,student_concept_state_buffers
assist_09,43397,no_CRG,random_history_mask,1.0,0.8923691511154175,0.11387538547104094,38,98,student_concept_state_buffers
assist_09,43439,no_CRG,original,0.0,0.7374550104141235,1.337332822737281,8,,student_concept_state_buffers
assist_09,43439,no_CRG,target_concept_mask,0.0,0.7374550104141235,1.337332822737281,8,8,student_concept_state_buffers
assist_09,43439,no_CRG,random_history_mask,0.0,0.7374550104141235,1.337332822737281,8,23,student_concept_state_buffers
assist_09,43722,no_CRG,original,1.0,0.7141821384429932,0.336617253315435,2,,student_concept_state_buffers
assist_09,43722,no_CRG,target_concept_mask,1.0,0.7141821384429932,0.336617253315435,2,2,student_concept_state_buffers
assist_09,43722,no_CRG,random_history_mask,1.0,0.7141821384429932,0.336617253315435,2,12,student_concept_state_buffers
assist_09,43997,no_CRG,original,1.0,0.9759057760238647,0.024389238188577883,"5,10",,student_concept_state_buffers
assist_09,43997,no_CRG,target_concept_mask,1.0,0.9759057760238647,0.024389238188577883,"5,10","5,10",student_concept_state_buffers
assist_09,43997,no_CRG,random_history_mask,1.0,0.9759057760238647,0.024389238188577883,"5,10","16,89",student_concept_state_buffers
assist_09,44339,no_CRG,original,0.0,0.49956265091896057,0.6922728647233738,"22,80",,student_concept_state_buffers
assist_09,44339,no_CRG,target_concept_mask,0.0,0.49956265091896057,0.6922728647233738,"22,80","22,80",student_concept_state_buffers
assist_09,44339,no_CRG,random_history_mask,0.0,0.49956265091896057,0.6922728647233738,"22,80","48,58",student_concept_state_buffers
assist_09,44425,no_CRG,original,0.0,0.6304716467857361,0.995527807534363,57,,student_concept_state_buffers
assist_09,44425,no_CRG,target_concept_mask,0.0,0.6304716467857361,0.995527807534363,57,57,student_concept_state_buffers
assist_09,44425,no_CRG,random_history_mask,0.0,0.6304716467857361,0.995527807534363,57,93,student_concept_state_buffers
assist_09,44510,no_CRG,original,1.0,0.4196038544178009,0.8684442165684368,20,,student_concept_state_buffers
assist_09,44510,no_CRG,target_concept_mask,1.0,0.4196038544178009,0.8684442165684368,20,20,student_concept_state_buffers
assist_09,44510,no_CRG,random_history_mask,1.0,0.4196038544178009,0.8684442165684368,20,2,student_concept_state_buffers
assist_09,44517,no_CRG,original,1.0,0.5785618424415588,0.5472098366936545,106,,student_concept_state_buffers
assist_09,44517,no_CRG,target_concept_mask,1.0,0.5785618424415588,0.5472098366936545,106,106,student_concept_state_buffers
assist_09,44517,no_CRG,random_history_mask,1.0,0.5785618424415588,0.5472098366936545,106,14,student_concept_state_buffers
assist_09,44573,no_CRG,original,1.0,0.5624958872795105,0.5753714564333835,93,,student_concept_state_buffers
assist_09,44573,no_CRG,target_concept_mask,1.0,0.5624958872795105,0.5753714564333835,93,93,student_concept_state_buffers
assist_09,44573,no_CRG,random_history_mask,1.0,0.5624958872795105,0.5753714564333835,93,38,student_concept_state_buffers
assist_09,44796,no_CRG,original,0.0,0.6291267275810242,0.9918948585040742,51,,student_concept_state_buffers
assist_09,44796,no_CRG,target_concept_mask,0.0,0.6291267275810242,0.9918948585040742,51,51,student_concept_state_buffers
assist_09,44796,no_CRG,random_history_mask,0.0,0.6291267275810242,0.9918948585040742,51,31,student_concept_state_buffers
assist_09,44854,no_CRG,original,1.0,0.7093896269798279,0.34335035899391425,"45,58",,student_concept_state_buffers
assist_09,44854,no_CRG,target_concept_mask,1.0,0.7093896269798279,0.34335035899391425,"45,58","45,58",student_concept_state_buffers
assist_09,44854,no_CRG,random_history_mask,1.0,0.7093896269798279,0.34335035899391425,"45,58","17,79",student_concept_state_buffers
assist_09,45040,no_CRG,original,0.0,0.3342862129211426,0.40689544994121485,"12,13",,student_concept_state_buffers
assist_09,45040,no_CRG,target_concept_mask,0.0,0.3342862129211426,0.40689544994121485,"12,13","12,13",student_concept_state_buffers
assist_09,45040,no_CRG,random_history_mask,0.0,0.3342862129211426,0.40689544994121485,"12,13","26,83",student_concept_state_buffers
assist_09,45177,no_CRG,original,0.0,0.52286297082901,0.739951556453596,20,,student_concept_state_buffers
assist_09,45177,no_CRG,target_concept_mask,0.0,0.52286297082901,0.739951556453596,20,20,student_concept_state_buffers
assist_09,45177,no_CRG,random_history_mask,0.0,0.52286297082901,0.739951556453596,20,93,student_concept_state_buffers
assist_09,45428,no_CRG,original,0.0,0.2242305427789688,0.2538998941492659,48,,student_concept_state_buffers
assist_09,45428,no_CRG,target_concept_mask,0.0,0.2242305427789688,0.2538998941492659,48,48,student_concept_state_buffers
assist_09,45428,no_CRG,random_history_mask,0.0,0.2242305427789688,0.2538998941492659,48,16,student_concept_state_buffers
assist_09,45670,no_CRG,original,1.0,0.9556567668914795,0.0453564608458412,98,,student_concept_state_buffers
assist_09,45670,no_CRG,target_concept_mask,1.0,0.9556567668914795,0.0453564608458412,98,98,student_concept_state_buffers
assist_09,45670,no_CRG,random_history_mask,1.0,0.9556567668914795,0.0453564608458412,98,63,student_concept_state_buffers
assist_09,45717,no_CRG,original,1.0,0.37792959809303284,0.9730473491400723,91,,student_concept_state_buffers
assist_09,45717,no_CRG,target_concept_mask,1.0,0.37792959809303284,0.9730473491400723,91,91,student_concept_state_buffers
assist_09,45717,no_CRG,random_history_mask,1.0,0.37792959809303284,0.9730473491400723,91,0,student_concept_state_buffers
assist_09,46219,no_CRG,original,1.0,0.7691318392753601,0.26249288168036206,89,,student_concept_state_buffers
assist_09,46219,no_CRG,target_concept_mask,1.0,0.7691318392753601,0.26249288168036206,89,89,student_concept_state_buffers
assist_09,46219,no_CRG,random_history_mask,1.0,0.7691318392753601,0.26249288168036206,89,81,student_concept_state_buffers
assist_09,46390,no_CRG,original,1.0,0.5692249536514282,0.5634795738619038,119,,student_concept_state_buffers
assist_09,46390,no_CRG,target_concept_mask,1.0,0.5692249536514282,0.5634795738619038,119,119,student_concept_state_buffers
assist_09,46390,no_CRG,random_history_mask,1.0,0.5692249536514282,0.5634795738619038,119,94,student_concept_state_buffers
assist_09,46402,no_CRG,original,0.0,0.697341799736023,1.1951511621363076,"45,58",,student_concept_state_buffers
assist_09,46402,no_CRG,target_concept_mask,0.0,0.697341799736023,1.1951511621363076,"45,58","45,58",student_concept_state_buffers
assist_09,46402,no_CRG,random_history_mask,0.0,0.697341799736023,1.1951511621363076,"45,58","79,85",student_concept_state_buffers
assist_09,46592,no_CRG,original,1.0,0.6598549485206604,0.41573524308441967,9,,student_concept_state_buffers
assist_09,46592,no_CRG,target_concept_mask,1.0,0.6598549485206604,0.41573524308441967,9,9,student_concept_state_buffers
assist_09,46592,no_CRG,random_history_mask,1.0,0.6598549485206604,0.41573524308441967,9,8,student_concept_state_buffers
assist_09,46684,no_CRG,original,0.0,0.8258554935455322,1.7478698275745526,38,,student_concept_state_buffers
assist_09,46684,no_CRG,target_concept_mask,0.0,0.8258554935455322,1.7478698275745526,38,38,student_concept_state_buffers
assist_09,46684,no_CRG,random_history_mask,0.0,0.8258554935455322,1.7478698275745526,38,0,student_concept_state_buffers
assist_09,46715,no_CRG,original,1.0,0.8009073138237,0.22201005168807894,"6,40",,student_concept_state_buffers
assist_09,46715,no_CRG,target_concept_mask,1.0,0.8009073138237,0.22201005168807894,"6,40","6,40",student_concept_state_buffers
assist_09,46715,no_CRG,random_history_mask,1.0,0.8009073138237,0.22201005168807894,"6,40","22,59",student_concept_state_buffers
assist_09,46946,no_CRG,original,1.0,0.5603901743888855,0.579121997883405,99,,student_concept_state_buffers
assist_09,46946,no_CRG,target_concept_mask,1.0,0.5603901743888855,0.579121997883405,99,99,student_concept_state_buffers
assist_09,46946,no_CRG,random_history_mask,1.0,0.5603901743888855,0.579121997883405,99,94,student_concept_state_buffers
assist_09,47007,no_CRG,original,1.0,0.5669878721237183,0.5674173650356699,20,,student_concept_state_buffers
assist_09,47007,no_CRG,target_concept_mask,1.0,0.5669878721237183,0.5674173650356699,20,20,student_concept_state_buffers
assist_09,47007,no_CRG,random_history_mask,1.0,0.5669878721237183,0.5674173650356699,20,22,student_concept_state_buffers
assist_09,47113,no_CRG,original,0.0,0.719372570514679,1.270727363114377,2,,student_concept_state_buffers
assist_09,47113,no_CRG,target_concept_mask,0.0,0.719372570514679,1.270727363114377,2,2,student_concept_state_buffers
assist_09,47113,no_CRG,random_history_mask,0.0,0.719372570514679,1.270727363114377,2,11,student_concept_state_buffers
assist_09,47145,no_CRG,original,1.0,0.8311331868171692,0.1849652240241765,25,,student_concept_state_buffers
assist_09,47145,no_CRG,target_concept_mask,1.0,0.8311331868171692,0.1849652240241765,25,25,student_concept_state_buffers
assist_09,47145,no_CRG,random_history_mask,1.0,0.8311331868171692,0.1849652240241765,25,14,student_concept_state_buffers
assist_09,47284,no_CRG,original,1.0,0.8412600755691528,0.17285442119251151,98,,student_concept_state_buffers
assist_09,47284,no_CRG,target_concept_mask,1.0,0.8412600755691528,0.17285442119251151,98,98,student_concept_state_buffers
assist_09,47284,no_CRG,random_history_mask,1.0,0.8412600755691528,0.17285442119251151,98,32,student_concept_state_buffers
assist_09,47289,no_CRG,original,1.0,0.9061329364776611,0.09856925469876417,14,,student_concept_state_buffers
assist_09,47289,no_CRG,target_concept_mask,1.0,0.9061329364776611,0.09856925469876417,14,14,student_concept_state_buffers
assist_09,47289,no_CRG,random_history_mask,1.0,0.9061329364776611,0.09856925469876417,14,10,student_concept_state_buffers
assist_09,47545,no_CRG,original,1.0,0.3969694674015045,0.9238959095610951,103,,student_concept_state_buffers
assist_09,47545,no_CRG,target_concept_mask,1.0,0.3969694674015045,0.9238959095610951,103,103,student_concept_state_buffers
assist_09,47545,no_CRG,random_history_mask,1.0,0.3969694674015045,0.9238959095610951,103,38,student_concept_state_buffers
assist_09,47558,no_CRG,original,1.0,0.40543487668037415,0.9027950183726373,106,,student_concept_state_buffers
assist_09,47558,no_CRG,target_concept_mask,1.0,0.40543487668037415,0.9027950183726373,106,106,student_concept_state_buffers
assist_09,47558,no_CRG,random_history_mask,1.0,0.40543487668037415,0.9027950183726373,106,42,student_concept_state_buffers
assist_09,47625,no_CRG,original,0.0,0.6066106557846069,0.9329554597809223,96,,student_concept_state_buffers
assist_09,47625,no_CRG,target_concept_mask,0.0,0.6066106557846069,0.9329554597809223,96,96,student_concept_state_buffers
assist_09,47625,no_CRG,random_history_mask,0.0,0.6066106557846069,0.9329554597809223,96,104,student_concept_state_buffers
assist_09,47689,no_CRG,original,0.0,0.7503237724304199,1.387590290195034,49,,student_concept_state_buffers
assist_09,47689,no_CRG,target_concept_mask,0.0,0.7503237724304199,1.387590290195034,49,49,student_concept_state_buffers
assist_09,47689,no_CRG,random_history_mask,0.0,0.7503237724304199,1.387590290195034,49,15,student_concept_state_buffers
assist_09,47717,no_CRG,original,1.0,0.7956459522247314,0.22860097572060875,59,,student_concept_state_buffers
assist_09,47717,no_CRG,target_concept_mask,1.0,0.7956459522247314,0.22860097572060875,59,59,student_concept_state_buffers
assist_09,47717,no_CRG,random_history_mask,1.0,0.7956459522247314,0.22860097572060875,59,79,student_concept_state_buffers
assist_09,47824,no_CRG,original,1.0,0.5197889804840088,0.6543323565300322,"12,13",,student_concept_state_buffers
assist_09,47824,no_CRG,target_concept_mask,1.0,0.5197889804840088,0.6543323565300322,"12,13","12,13",student_concept_state_buffers
assist_09,47824,no_CRG,random_history_mask,1.0,0.5197889804840088,0.6543323565300322,"12,13","16,89",student_concept_state_buffers
assist_09,47874,no_CRG,original,1.0,0.5998693704605103,0.5110433633686872,63,,student_concept_state_buffers
assist_09,47874,no_CRG,target_concept_mask,1.0,0.5998693704605103,0.5110433633686872,63,63,student_concept_state_buffers
assist_09,47874,no_CRG,random_history_mask,1.0,0.5998693704605103,0.5110433633686872,63,30,student_concept_state_buffers
assist_09,47890,no_CRG,original,1.0,0.8992292881011963,0.10621722908622569,104,,student_concept_state_buffers
assist_09,47890,no_CRG,target_concept_mask,1.0,0.8992292881011963,0.10621722908622569,104,104,student_concept_state_buffers
assist_09,47890,no_CRG,random_history_mask,1.0,0.8992292881011963,0.10621722908622569,104,61,student_concept_state_buffers
assist_09,47915,no_CRG,original,1.0,0.6245640516281128,0.47070139001919364,98,,student_concept_state_buffers
assist_09,47915,no_CRG,target_concept_mask,1.0,0.6245640516281128,0.47070139001919364,98,98,student_concept_state_buffers
assist_09,47915,no_CRG,random_history_mask,1.0,0.6245640516281128,0.47070139001919364,98,25,student_concept_state_buffers
assist_09,48164,no_CRG,original,0.0,0.6181772351264954,0.962798744340955,49,,student_concept_state_buffers
assist_09,48164,no_CRG,target_concept_mask,0.0,0.6181772351264954,0.962798744340955,49,49,student_concept_state_buffers
assist_09,48164,no_CRG,random_history_mask,0.0,0.6181772351264954,0.962798744340955,49,104,student_concept_state_buffers
assist_09,48510,no_CRG,original,0.0,0.15975899994373322,0.1740665234652087,86,,student_concept_state_buffers
assist_09,48510,no_CRG,target_concept_mask,0.0,0.15975899994373322,0.1740665234652087,86,86,student_concept_state_buffers
assist_09,48510,no_CRG,random_history_mask,0.0,0.15975899994373322,0.1740665234652087,86,25,student_concept_state_buffers
assist_09,48540,no_CRG,original,0.0,0.622246265411377,0.97351279147545,99,,student_concept_state_buffers
assist_09,48540,no_CRG,target_concept_mask,0.0,0.622246265411377,0.97351279147545,99,99,student_concept_state_buffers
assist_09,48540,no_CRG,random_history_mask,0.0,0.622246265411377,0.97351279147545,99,49,student_concept_state_buffers
assist_09,48564,no_CRG,original,1.0,0.4292503595352173,0.845714941615579,95,,student_concept_state_buffers
assist_09,48564,no_CRG,target_concept_mask,1.0,0.4292503595352173,0.845714941615579,95,95,student_concept_state_buffers
assist_09,48564,no_CRG,random_history_mask,1.0,0.4292503595352173,0.845714941615579,95,34,student_concept_state_buffers
assist_09,48597,no_CRG,original,1.0,0.8467854261398315,0.1663079503798843,98,,student_concept_state_buffers
assist_09,48597,no_CRG,target_concept_mask,1.0,0.8467854261398315,0.1663079503798843,98,98,student_concept_state_buffers
assist_09,48597,no_CRG,random_history_mask,1.0,0.8467854261398315,0.1663079503798843,98,61,student_concept_state_buffers
assist_09,48606,no_CRG,original,1.0,0.39409950375556946,0.9311518539660127,95,,student_concept_state_buffers
assist_09,48606,no_CRG,target_concept_mask,1.0,0.39409950375556946,0.9311518539660127,95,95,student_concept_state_buffers
assist_09,48606,no_CRG,random_history_mask,1.0,0.39409950375556946,0.9311518539660127,95,34,student_concept_state_buffers
assist_09,48710,no_CRG,original,1.0,0.5813822150230408,0.542346881240893,"0,9",,student_concept_state_buffers
assist_09,48710,no_CRG,target_concept_mask,1.0,0.5813822150230408,0.542346881240893,"0,9","0,9",student_concept_state_buffers
assist_09,48710,no_CRG,random_history_mask,1.0,0.5813822150230408,0.542346881240893,"0,9","31,66",student_concept_state_buffers
assist_09,49029,no_CRG,original,1.0,0.8268793821334839,0.1900964444946287,"6,9",,student_concept_state_buffers
assist_09,49029,no_CRG,target_concept_mask,1.0,0.8268793821334839,0.1900964444946287,"6,9","6,9",student_concept_state_buffers
assist_09,49029,no_CRG,random_history_mask,1.0,0.8268793821334839,0.1900964444946287,"6,9","3,45",student_concept_state_buffers
assist_09,49110,no_CRG,original,1.0,0.8021292686462402,0.22048550125350896,99,,student_concept_state_buffers
assist_09,49110,no_CRG,target_concept_mask,1.0,0.8021292686462402,0.22048550125350896,99,99,student_concept_state_buffers
assist_09,49110,no_CRG,random_history_mask,1.0,0.8021292686462402,0.22048550125350896,99,7,student_concept_state_buffers
assist_09,49137,no_CRG,original,1.0,0.8818309903144836,0.12575486229562266,98,,student_concept_state_buffers
assist_09,49137,no_CRG,target_concept_mask,1.0,0.8818309903144836,0.12575486229562266,98,98,student_concept_state_buffers
assist_09,49137,no_CRG,random_history_mask,1.0,0.8818309903144836,0.12575486229562266,98,89,student_concept_state_buffers
assist_09,49185,no_CRG,original,1.0,0.8545345664024353,0.1571983250475439,98,,student_concept_state_buffers
assist_09,49185,no_CRG,target_concept_mask,1.0,0.8545345664024353,0.1571983250475439,98,98,student_concept_state_buffers
assist_09,49185,no_CRG,random_history_mask,1.0,0.8545345664024353,0.1571983250475439,98,13,student_concept_state_buffers
assist_09,49371,no_CRG,original,1.0,0.703208863735199,0.35210132783395653,51,,student_concept_state_buffers
assist_09,49371,no_CRG,target_concept_mask,1.0,0.703208863735199,0.35210132783395653,51,51,student_concept_state_buffers
assist_09,49371,no_CRG,random_history_mask,1.0,0.703208863735199,0.35210132783395653,51,5,student_concept_state_buffers
assist_09,49571,no_CRG,original,1.0,0.966995894908905,0.033561028719957954,"6,14",,student_concept_state_buffers
assist_09,49571,no_CRG,target_concept_mask,1.0,0.966995894908905,0.033561028719957954,"6,14","6,14",student_concept_state_buffers
assist_09,49571,no_CRG,random_history_mask,1.0,0.966995894908905,0.033561028719957954,"6,14","78,80",student_concept_state_buffers
assist_09,49834,no_CRG,original,0.0,0.823737382888794,1.7357802534053872,7,,student_concept_state_buffers
assist_09,49834,no_CRG,target_concept_mask,0.0,0.823737382888794,1.7357802534053872,7,7,student_concept_state_buffers
assist_09,49834,no_CRG,random_history_mask,0.0,0.823737382888794,1.7357802534053872,7,99,student_concept_state_buffers
assist_09,49911,no_CRG,original,1.0,0.7494516372680664,0.28841349018177087,20,,student_concept_state_buffers
assist_09,49911,no_CRG,target_concept_mask,1.0,0.7494516372680664,0.28841349018177087,20,20,student_concept_state_buffers
assist_09,49911,no_CRG,random_history_mask,1.0,0.7494516372680664,0.28841349018177087,20,22,student_concept_state_buffers
assist_09,50103,no_CRG,original,1.0,0.8334692716598511,0.18215844410573118,38,,student_concept_state_buffers
assist_09,50103,no_CRG,target_concept_mask,1.0,0.8334692716598511,0.18215844410573118,38,38,student_concept_state_buffers
assist_09,50103,no_CRG,random_history_mask,1.0,0.8334692716598511,0.18215844410573118,38,2,student_concept_state_buffers
assist_09,50313,no_CRG,original,1.0,0.9295930862426758,0.07300833025866664,"5,10",,student_concept_state_buffers
assist_09,50313,no_CRG,target_concept_mask,1.0,0.9295930862426758,0.07300833025866664,"5,10","5,10",student_concept_state_buffers
assist_09,50313,no_CRG,random_history_mask,1.0,0.9295930862426758,0.07300833025866664,"5,10","8,44",student_concept_state_buffers
assist_09,50314,no_CRG,original,1.0,0.9838892221450806,0.016241967388241588,98,,student_concept_state_buffers
assist_09,50314,no_CRG,target_concept_mask,1.0,0.9838892221450806,0.016241967388241588,98,98,student_concept_state_buffers
assist_09,50314,no_CRG,random_history_mask,1.0,0.9838892221450806,0.016241967388241588,98,33,student_concept_state_buffers
assist_09,50461,no_CRG,original,1.0,0.8232190012931824,0.1945330124969308,20,,student_concept_state_buffers
assist_09,50461,no_CRG,target_concept_mask,1.0,0.8232190012931824,0.1945330124969308,20,20,student_concept_state_buffers
assist_09,50461,no_CRG,random_history_mask,1.0,0.8232190012931824,0.1945330124969308,20,45,student_concept_state_buffers
assist_09,50508,no_CRG,original,1.0,0.8107913136482239,0.20974457777171468,"6,8",,student_concept_state_buffers
assist_09,50508,no_CRG,target_concept_mask,1.0,0.8107913136482239,0.20974457777171468,"6,8","6,8",student_concept_state_buffers
assist_09,50508,no_CRG,random_history_mask,1.0,0.8107913136482239,0.20974457777171468,"6,8","59,63",student_concept_state_buffers
assist_09,50529,no_CRG,original,1.0,0.9083961844444275,0.09607466906291526,"6,14",,student_concept_state_buffers
assist_09,50529,no_CRG,target_concept_mask,1.0,0.9083961844444275,0.09607466906291526,"6,14","6,14",student_concept_state_buffers
assist_09,50529,no_CRG,random_history_mask,1.0,0.9083961844444275,0.09607466906291526,"6,14","18,22",student_concept_state_buffers
assist_09,50630,no_CRG,original,1.0,0.8536513447761536,0.15823242994117356,"32,33",,student_concept_state_buffers
assist_09,50630,no_CRG,target_concept_mask,1.0,0.8536513447761536,0.15823242994117356,"32,33","32,33",student_concept_state_buffers
assist_09,50630,no_CRG,random_history_mask,1.0,0.8536513447761536,0.15823242994117356,"32,33","2,95",student_concept_state_buffers
assist_09,50754,no_CRG,original,1.0,0.9188472032546997,0.08463543459056122,"45,58",,student_concept_state_buffers
assist_09,50754,no_CRG,target_concept_mask,1.0,0.9188472032546997,0.08463543459056122,"45,58","45,58",student_concept_state_buffers
assist_09,50754,no_CRG,random_history_mask,1.0,0.9188472032546997,0.08463543459056122,"45,58","6,29",student_concept_state_buffers
assist_09,50803,no_CRG,original,0.0,0.6178425550460815,0.9619225957247525,91,,student_concept_state_buffers
assist_09,50803,no_CRG,target_concept_mask,0.0,0.6178425550460815,0.9619225957247525,91,91,student_concept_state_buffers
assist_09,50803,no_CRG,random_history_mask,0.0,0.6178425550460815,0.9619225957247525,91,10,student_concept_state_buffers
assist_09,50836,no_CRG,original,1.0,0.931056022644043,0.07143582881727435,33,,student_concept_state_buffers
assist_09,50836,no_CRG,target_concept_mask,1.0,0.931056022644043,0.07143582881727435,33,33,student_concept_state_buffers
assist_09,50836,no_CRG,random_history_mask,1.0,0.931056022644043,0.07143582881727435,33,79,student_concept_state_buffers
assist_09,50881,no_CRG,original,1.0,0.7761274576187134,0.25343852277774076,89,,student_concept_state_buffers
assist_09,50881,no_CRG,target_concept_mask,1.0,0.7761274576187134,0.25343852277774076,89,89,student_concept_state_buffers
assist_09,50881,no_CRG,random_history_mask,1.0,0.7761274576187134,0.25343852277774076,89,24,student_concept_state_buffers
assist_09,51013,no_CRG,original,1.0,0.7593804597854614,0.2752523626381337,96,,student_concept_state_buffers
assist_09,51013,no_CRG,target_concept_mask,1.0,0.7593804597854614,0.2752523626381337,96,96,student_concept_state_buffers
assist_09,51013,no_CRG,random_history_mask,1.0,0.7593804597854614,0.2752523626381337,96,81,student_concept_state_buffers
assist_09,51041,no_CRG,original,1.0,0.8496847748756409,0.1628898513682686,"32,33",,student_concept_state_buffers
assist_09,51041,no_CRG,target_concept_mask,1.0,0.8496847748756409,0.1628898513682686,"32,33","32,33",student_concept_state_buffers
assist_09,51041,no_CRG,random_history_mask,1.0,0.8496847748756409,0.1628898513682686,"32,33","82,93",student_concept_state_buffers
assist_09,124,no_LCRF,original,1.0,0.9520604014396667,0.04912679931303431,52,,student_concept_state_buffers
assist_09,124,no_LCRF,target_concept_mask,1.0,0.9520604014396667,0.04912679931303431,52,52,student_concept_state_buffers
assist_09,124,no_LCRF,random_history_mask,1.0,0.9520604014396667,0.04912679931303431,52,21,student_concept_state_buffers
assist_09,129,no_LCRF,original,1.0,0.9189455509185791,0.08452840656604654,30,,student_concept_state_buffers
assist_09,129,no_LCRF,target_concept_mask,1.0,0.9189455509185791,0.08452840656604654,30,30,student_concept_state_buffers
assist_09,129,no_LCRF,random_history_mask,1.0,0.9189455509185791,0.08452840656604654,30,78,student_concept_state_buffers
assist_09,388,no_LCRF,original,1.0,0.9502860307693481,0.05099225468418286,34,,student_concept_state_buffers
assist_09,388,no_LCRF,target_concept_mask,1.0,0.9502860307693481,0.05099225468418286,34,34,student_concept_state_buffers
assist_09,388,no_LCRF,random_history_mask,1.0,0.9502860307693481,0.05099225468418286,34,36,student_concept_state_buffers
assist_09,416,no_LCRF,original,1.0,0.8702844381332397,0.13893518038383446,82,,student_concept_state_buffers
assist_09,416,no_LCRF,target_concept_mask,1.0,0.8702844381332397,0.13893518038383446,82,82,student_concept_state_buffers
assist_09,416,no_LCRF,random_history_mask,1.0,0.8702844381332397,0.13893518038383446,82,37,student_concept_state_buffers
assist_09,487,no_LCRF,original,1.0,0.6943369507789612,0.36479791644754955,96,,student_concept_state_buffers
assist_09,487,no_LCRF,target_concept_mask,1.0,0.6943369507789612,0.36479791644754955,96,96,student_concept_state_buffers
assist_09,487,no_LCRF,random_history_mask,1.0,0.6943369507789612,0.36479791644754955,96,80,student_concept_state_buffers
assist_09,538,no_LCRF,original,1.0,0.6967606544494629,0.36131332109801023,97,,student_concept_state_buffers
assist_09,538,no_LCRF,target_concept_mask,1.0,0.6967606544494629,0.36131332109801023,97,97,student_concept_state_buffers
assist_09,538,no_LCRF,random_history_mask,1.0,0.6967606544494629,0.36131332109801023,97,6,student_concept_state_buffers
assist_09,591,no_LCRF,original,1.0,0.738510012626648,0.3031206190435087,"34,35,46",,student_concept_state_buffers
assist_09,591,no_LCRF,target_concept_mask,1.0,0.738510012626648,0.3031206190435087,"34,35,46","34,35,46",student_concept_state_buffers
assist_09,591,no_LCRF,random_history_mask,1.0,0.738510012626648,0.3031206190435087,"34,35,46","22,29,84",student_concept_state_buffers
assist_09,630,no_LCRF,original,1.0,0.983924388885498,0.01620622544578922,37,,student_concept_state_buffers
assist_09,630,no_LCRF,target_concept_mask,1.0,0.983924388885498,0.01620622544578922,37,37,student_concept_state_buffers
assist_09,630,no_LCRF,random_history_mask,1.0,0.983924388885498,0.01620622544578922,37,79,student_concept_state_buffers
assist_09,697,no_LCRF,original,1.0,0.8496192097663879,0.16296701838473893,97,,student_concept_state_buffers
assist_09,697,no_LCRF,target_concept_mask,1.0,0.8496192097663879,0.16296701838473893,97,97,student_concept_state_buffers
assist_09,697,no_LCRF,random_history_mask,1.0,0.8496192097663879,0.16296701838473893,97,30,student_concept_state_buffers
assist_09,698,no_LCRF,original,1.0,0.9431713819503784,0.058507271662905945,36,,student_concept_state_buffers
assist_09,698,no_LCRF,target_concept_mask,1.0,0.9431713819503784,0.058507271662905945,36,36,student_concept_state_buffers
assist_09,698,no_LCRF,random_history_mask,1.0,0.9431713819503784,0.058507271662905945,36,48,student_concept_state_buffers
assist_09,861,no_LCRF,original,1.0,0.7579659223556519,0.2771168516648192,53,,student_concept_state_buffers
assist_09,861,no_LCRF,target_concept_mask,1.0,0.7579659223556519,0.2771168516648192,53,53,student_concept_state_buffers
assist_09,861,no_LCRF,random_history_mask,1.0,0.7579659223556519,0.2771168516648192,53,96,student_concept_state_buffers
assist_09,1006,no_LCRF,original,0.0,0.8131157159805298,1.677265655699468,"1,24,31",,student_concept_state_buffers
assist_09,1006,no_LCRF,target_concept_mask,0.0,0.8131157159805298,1.677265655699468,"1,24,31","1,24,31",student_concept_state_buffers
assist_09,1006,no_LCRF,random_history_mask,0.0,0.8131157159805298,1.677265655699468,"1,24,31","16,21,45",student_concept_state_buffers
assist_09,1028,no_LCRF,original,0.0,0.9033462405204773,2.3366201762102934,54,,student_concept_state_buffers
assist_09,1028,no_LCRF,target_concept_mask,0.0,0.9033462405204773,2.3366201762102934,54,54,student_concept_state_buffers
assist_09,1028,no_LCRF,random_history_mask,0.0,0.9033462405204773,2.3366201762102934,54,56,student_concept_state_buffers
assist_09,1052,no_LCRF,original,1.0,0.8695323467254639,0.1397997443553611,59,,student_concept_state_buffers
assist_09,1052,no_LCRF,target_concept_mask,1.0,0.8695323467254639,0.1397997443553611,59,59,student_concept_state_buffers
assist_09,1052,no_LCRF,random_history_mask,1.0,0.8695323467254639,0.1397997443553611,59,29,student_concept_state_buffers
assist_09,1138,no_LCRF,original,1.0,0.35997140407562256,1.0217306838102296,"22,43",,student_concept_state_buffers
assist_09,1138,no_LCRF,target_concept_mask,1.0,0.35997140407562256,1.0217306838102296,"22,43","22,43",student_concept_state_buffers
assist_09,1138,no_LCRF,random_history_mask,1.0,0.35997140407562256,1.0217306838102296,"22,43","82,86",student_concept_state_buffers
assist_09,1355,no_LCRF,original,1.0,0.7978090643882751,0.22588597784527306,32,,student_concept_state_buffers
assist_09,1355,no_LCRF,target_concept_mask,1.0,0.7978090643882751,0.22588597784527306,32,32,student_concept_state_buffers
assist_09,1355,no_LCRF,random_history_mask,1.0,0.7978090643882751,0.22588597784527306,32,6,student_concept_state_buffers
assist_09,1378,no_LCRF,original,0.0,0.4732198715209961,0.640972031010874,30,,student_concept_state_buffers
assist_09,1378,no_LCRF,target_concept_mask,0.0,0.4732198715209961,0.640972031010874,30,30,student_concept_state_buffers
assist_09,1378,no_LCRF,random_history_mask,0.0,0.4732198715209961,0.640972031010874,30,33,student_concept_state_buffers
assist_09,1451,no_LCRF,original,1.0,0.5831762552261353,0.5392658137493789,48,,student_concept_state_buffers
assist_09,1451,no_LCRF,target_concept_mask,1.0,0.5831762552261353,0.5392658137493789,48,48,student_concept_state_buffers
assist_09,1451,no_LCRF,random_history_mask,1.0,0.5831762552261353,0.5392658137493789,48,51,student_concept_state_buffers
assist_09,1533,no_LCRF,original,1.0,0.9953022003173828,0.004708869024853751,55,,student_concept_state_buffers
assist_09,1533,no_LCRF,target_concept_mask,1.0,0.9953022003173828,0.004708869024853751,55,55,student_concept_state_buffers
assist_09,1533,no_LCRF,random_history_mask,1.0,0.9953022003173828,0.004708869024853751,55,79,student_concept_state_buffers
assist_09,1653,no_LCRF,original,1.0,0.573952317237854,0.5552089571273501,49,,student_concept_state_buffers
assist_09,1653,no_LCRF,target_concept_mask,1.0,0.573952317237854,0.5552089571273501,49,49,student_concept_state_buffers
assist_09,1653,no_LCRF,random_history_mask,1.0,0.573952317237854,0.5552089571273501,49,82,student_concept_state_buffers
assist_09,1680,no_LCRF,original,1.0,0.5638517737388611,0.5729638745450903,30,,student_concept_state_buffers
assist_09,1680,no_LCRF,target_concept_mask,1.0,0.5638517737388611,0.5729638745450903,30,30,student_concept_state_buffers
assist_09,1680,no_LCRF,random_history_mask,1.0,0.5638517737388611,0.5729638745450903,30,32,student_concept_state_buffers
assist_09,1873,no_LCRF,original,0.0,0.6997725367546082,1.2032148808045737,"15,16",,student_concept_state_buffers
assist_09,1873,no_LCRF,target_concept_mask,0.0,0.6997725367546082,1.2032148808045737,"15,16","15,16",student_concept_state_buffers
assist_09,1873,no_LCRF,random_history_mask,0.0,0.6997725367546082,1.2032148808045737,"15,16","1,29",student_concept_state_buffers
assist_09,2190,no_LCRF,original,1.0,0.6172058582305908,0.4825526669137584,"34,35,46",,student_concept_state_buffers
assist_09,2190,no_LCRF,target_concept_mask,1.0,0.6172058582305908,0.4825526669137584,"34,35,46","34,35,46",student_concept_state_buffers
assist_09,2190,no_LCRF,random_history_mask,1.0,0.6172058582305908,0.4825526669137584,"34,35,46","43,82,83",student_concept_state_buffers
assist_09,2214,no_LCRF,original,1.0,0.8326648473739624,0.1831240618662751,"5,11",,student_concept_state_buffers
assist_09,2214,no_LCRF,target_concept_mask,1.0,0.8326648473739624,0.1831240618662751,"5,11","5,11",student_concept_state_buffers
assist_09,2214,no_LCRF,random_history_mask,1.0,0.8326648473739624,0.1831240618662751,"5,11","4,79",student_concept_state_buffers
assist_09,2274,no_LCRF,original,1.0,0.7374396324157715,0.30457104846990873,44,,student_concept_state_buffers
assist_09,2274,no_LCRF,target_concept_mask,1.0,0.7374396324157715,0.30457104846990873,44,44,student_concept_state_buffers
assist_09,2274,no_LCRF,random_history_mask,1.0,0.7374396324157715,0.30457104846990873,44,80,student_concept_state_buffers
assist_09,2342,no_LCRF,original,1.0,0.930901050567627,0.07160229030986565,37,,student_concept_state_buffers
assist_09,2342,no_LCRF,target_concept_mask,1.0,0.930901050567627,0.07160229030986565,37,37,student_concept_state_buffers
assist_09,2342,no_LCRF,random_history_mask,1.0,0.930901050567627,0.07160229030986565,37,17,student_concept_state_buffers
assist_09,2479,no_LCRF,original,1.0,0.5844465494155884,0.5370899489314337,52,,student_concept_state_buffers
assist_09,2479,no_LCRF,target_concept_mask,1.0,0.5844465494155884,0.5370899489314337,52,52,student_concept_state_buffers
assist_09,2479,no_LCRF,random_history_mask,1.0,0.5844465494155884,0.5370899489314337,52,98,student_concept_state_buffers
assist_09,2516,no_LCRF,original,0.0,0.9308292269706726,2.6711768606430595,20,,student_concept_state_buffers
assist_09,2516,no_LCRF,target_concept_mask,0.0,0.9308292269706726,2.6711768606430595,20,20,student_concept_state_buffers
assist_09,2516,no_LCRF,random_history_mask,0.0,0.9308292269706726,2.6711768606430595,20,45,student_concept_state_buffers
assist_09,2611,no_LCRF,original,1.0,0.9041871428489685,0.1007189235890539,82,,student_concept_state_buffers
assist_09,2611,no_LCRF,target_concept_mask,1.0,0.9041871428489685,0.1007189235890539,82,82,student_concept_state_buffers
assist_09,2611,no_LCRF,random_history_mask,1.0,0.9041871428489685,0.1007189235890539,82,18,student_concept_state_buffers
assist_09,2630,no_LCRF,original,1.0,0.8651311993598938,0.1448741079912617,37,,student_concept_state_buffers
assist_09,2630,no_LCRF,target_concept_mask,1.0,0.8651311993598938,0.1448741079912617,37,37,student_concept_state_buffers
assist_09,2630,no_LCRF,random_history_mask,1.0,0.8651311993598938,0.1448741079912617,37,67,student_concept_state_buffers
assist_09,2634,no_LCRF,original,0.0,0.6061804890632629,0.9318625687105413,30,,student_concept_state_buffers
assist_09,2634,no_LCRF,target_concept_mask,0.0,0.6061804890632629,0.9318625687105413,30,30,student_concept_state_buffers
assist_09,2634,no_LCRF,random_history_mask,0.0,0.6061804890632629,0.9318625687105413,30,61,student_concept_state_buffers
assist_09,2654,no_LCRF,original,0.0,0.6469513177871704,1.041149321606185,"34,35,46",,student_concept_state_buffers
assist_09,2654,no_LCRF,target_concept_mask,0.0,0.6469513177871704,1.041149321606185,"34,35,46","34,35,46",student_concept_state_buffers
assist_09,2654,no_LCRF,random_history_mask,0.0,0.6469513177871704,1.041149321606185,"34,35,46","42,61,78",student_concept_state_buffers
assist_09,2669,no_LCRF,original,1.0,0.5736423134803772,0.5557492241462422,"22,43",,student_concept_state_buffers
assist_09,2669,no_LCRF,target_concept_mask,1.0,0.5736423134803772,0.5557492241462422,"22,43","22,43",student_concept_state_buffers
assist_09,2669,no_LCRF,random_history_mask,1.0,0.5736423134803772,0.5557492241462422,"22,43","17,81",student_concept_state_buffers
assist_09,2730,no_LCRF,original,0.0,0.7693017721176147,1.4666447953127066,81,,student_concept_state_buffers
assist_09,2730,no_LCRF,target_concept_mask,0.0,0.7693017721176147,1.4666447953127066,81,81,student_concept_state_buffers
assist_09,2730,no_LCRF,random_history_mask,0.0,0.7693017721176147,1.4666447953127066,81,53,student_concept_state_buffers
assist_09,2746,no_LCRF,original,1.0,0.8233258128166199,0.19440327230076726,36,,student_concept_state_buffers
assist_09,2746,no_LCRF,target_concept_mask,1.0,0.8233258128166199,0.19440327230076726,36,36,student_concept_state_buffers
assist_09,2746,no_LCRF,random_history_mask,1.0,0.8233258128166199,0.19440327230076726,36,44,student_concept_state_buffers
assist_09,2947,no_LCRF,original,0.0,0.6781798005104065,1.1337622760719095,49,,student_concept_state_buffers
assist_09,2947,no_LCRF,target_concept_mask,0.0,0.6781798005104065,1.1337622760719095,49,49,student_concept_state_buffers
assist_09,2947,no_LCRF,random_history_mask,0.0,0.6781798005104065,1.1337622760719095,49,56,student_concept_state_buffers
assist_09,2992,no_LCRF,original,1.0,0.48476845026016235,0.7240839241908871,47,,student_concept_state_buffers
assist_09,2992,no_LCRF,target_concept_mask,1.0,0.48476845026016235,0.7240839241908871,47,47,student_concept_state_buffers
assist_09,2992,no_LCRF,random_history_mask,1.0,0.48476845026016235,0.7240839241908871,47,45,student_concept_state_buffers
assist_09,3111,no_LCRF,original,1.0,0.8335191011428833,0.1820986602657716,81,,student_concept_state_buffers
assist_09,3111,no_LCRF,target_concept_mask,1.0,0.8335191011428833,0.1820986602657716,81,81,student_concept_state_buffers
assist_09,3111,no_LCRF,random_history_mask,1.0,0.8335191011428833,0.1820986602657716,81,53,student_concept_state_buffers
assist_09,3172,no_LCRF,original,1.0,0.6367544531822205,0.4513711715353722,9,,student_concept_state_buffers
assist_09,3172,no_LCRF,target_concept_mask,1.0,0.6367544531822205,0.4513711715353722,9,9,student_concept_state_buffers
assist_09,3172,no_LCRF,random_history_mask,1.0,0.6367544531822205,0.4513711715353722,9,17,student_concept_state_buffers
assist_09,3312,no_LCRF,original,1.0,0.4543541371822357,0.7888783471658612,8,,student_concept_state_buffers
assist_09,3312,no_LCRF,target_concept_mask,1.0,0.4543541371822357,0.7888783471658612,8,8,student_concept_state_buffers
assist_09,3312,no_LCRF,random_history_mask,1.0,0.4543541371822357,0.7888783471658612,8,37,student_concept_state_buffers
assist_09,3370,no_LCRF,original,1.0,0.7406294941902161,0.30025478657211885,41,,student_concept_state_buffers
assist_09,3370,no_LCRF,target_concept_mask,1.0,0.7406294941902161,0.30025478657211885,41,41,student_concept_state_buffers
assist_09,3370,no_LCRF,random_history_mask,1.0,0.7406294941902161,0.30025478657211885,41,35,student_concept_state_buffers
assist_09,3816,no_LCRF,original,1.0,0.8758424520492554,0.13256905347940384,37,,student_concept_state_buffers
assist_09,3816,no_LCRF,target_concept_mask,1.0,0.8758424520492554,0.13256905347940384,37,37,student_concept_state_buffers
assist_09,3816,no_LCRF,random_history_mask,1.0,0.8758424520492554,0.13256905347940384,37,24,student_concept_state_buffers
assist_09,4032,no_LCRF,original,1.0,0.9785052537918091,0.02172912293016073,52,,student_concept_state_buffers
assist_09,4032,no_LCRF,target_concept_mask,1.0,0.9785052537918091,0.02172912293016073,52,52,student_concept_state_buffers
assist_09,4032,no_LCRF,random_history_mask,1.0,0.9785052537918091,0.02172912293016073,52,37,student_concept_state_buffers
assist_09,4109,no_LCRF,original,1.0,0.9527701735496521,0.0483815654301328,44,,student_concept_state_buffers
assist_09,4109,no_LCRF,target_concept_mask,1.0,0.9527701735496521,0.0483815654301328,44,44,student_concept_state_buffers
assist_09,4109,no_LCRF,random_history_mask,1.0,0.9527701735496521,0.0483815654301328,44,38,student_concept_state_buffers
assist_09,4223,no_LCRF,original,1.0,0.8517019152641296,0.1605186780832219,81,,student_concept_state_buffers
assist_09,4223,no_LCRF,target_concept_mask,1.0,0.8517019152641296,0.1605186780832219,81,81,student_concept_state_buffers
assist_09,4223,no_LCRF,random_history_mask,1.0,0.8517019152641296,0.1605186780832219,81,89,student_concept_state_buffers
assist_09,4234,no_LCRF,original,0.0,0.7495213747024536,1.384381690251379,99,,student_concept_state_buffers
assist_09,4234,no_LCRF,target_concept_mask,0.0,0.7495213747024536,1.384381690251379,99,99,student_concept_state_buffers
assist_09,4234,no_LCRF,random_history_mask,0.0,0.7495213747024536,1.384381690251379,99,33,student_concept_state_buffers
assist_09,4263,no_LCRF,original,0.0,0.6999984979629517,1.2039677975483087,98,,student_concept_state_buffers
assist_09,4263,no_LCRF,target_concept_mask,0.0,0.6999984979629517,1.2039677975483087,98,98,student_concept_state_buffers
assist_09,4263,no_LCRF,random_history_mask,0.0,0.6999984979629517,1.2039677975483087,98,87,student_concept_state_buffers
assist_09,4540,no_LCRF,original,1.0,0.9084492921829224,0.09601620758207587,56,,student_concept_state_buffers
assist_09,4540,no_LCRF,target_concept_mask,1.0,0.9084492921829224,0.09601620758207587,56,56,student_concept_state_buffers
assist_09,4540,no_LCRF,random_history_mask,1.0,0.9084492921829224,0.09601620758207587,56,79,student_concept_state_buffers
assist_09,4579,no_LCRF,original,1.0,0.9265590310096741,0.07627752129859691,79,,student_concept_state_buffers
assist_09,4579,no_LCRF,target_concept_mask,1.0,0.9265590310096741,0.07627752129859691,79,79,student_concept_state_buffers
assist_09,4579,no_LCRF,random_history_mask,1.0,0.9265590310096741,0.07627752129859691,79,45,student_concept_state_buffers
assist_09,4606,no_LCRF,original,1.0,0.3439539670944214,1.0672474471489612,30,,student_concept_state_buffers
assist_09,4606,no_LCRF,target_concept_mask,1.0,0.3439539670944214,1.0672474471489612,30,30,student_concept_state_buffers
assist_09,4606,no_LCRF,random_history_mask,1.0,0.3439539670944214,1.0672474471489612,30,33,student_concept_state_buffers
assist_09,4717,no_LCRF,original,1.0,0.0749940350651741,2.590346701073046,51,,student_concept_state_buffers
assist_09,4717,no_LCRF,target_concept_mask,1.0,0.0749940350651741,2.590346701073046,51,51,student_concept_state_buffers
assist_09,4717,no_LCRF,random_history_mask,1.0,0.0749940350651741,2.590346701073046,51,60,student_concept_state_buffers
assist_09,4871,no_LCRF,original,0.0,0.650860071182251,1.0522824949643437,7,,student_concept_state_buffers
assist_09,4871,no_LCRF,target_concept_mask,0.0,0.650860071182251,1.0522824949643437,7,7,student_concept_state_buffers
assist_09,4871,no_LCRF,random_history_mask,0.0,0.650860071182251,1.0522824949643437,7,6,student_concept_state_buffers
assist_09,4884,no_LCRF,original,0.0,0.3096272647380829,0.3705236312124205,51,,student_concept_state_buffers
assist_09,4884,no_LCRF,target_concept_mask,0.0,0.3096272647380829,0.3705236312124205,51,51,student_concept_state_buffers
assist_09,4884,no_LCRF,random_history_mask,0.0,0.3096272647380829,0.3705236312124205,51,1,student_concept_state_buffers
assist_09,4904,no_LCRF,original,1.0,0.501724362373352,0.6897043890269963,30,,student_concept_state_buffers
assist_09,4904,no_LCRF,target_concept_mask,1.0,0.501724362373352,0.6897043890269963,30,30,student_concept_state_buffers
assist_09,4904,no_LCRF,random_history_mask,1.0,0.501724362373352,0.6897043890269963,30,48,student_concept_state_buffers
assist_09,4980,no_LCRF,original,1.0,0.9074211120605469,0.09714864548056495,98,,student_concept_state_buffers
assist_09,4980,no_LCRF,target_concept_mask,1.0,0.9074211120605469,0.09714864548056495,98,98,student_concept_state_buffers
assist_09,4980,no_LCRF,random_history_mask,1.0,0.9074211120605469,0.09714864548056495,98,40,student_concept_state_buffers
assist_09,5235,no_LCRF,original,1.0,0.6413453221321106,0.4441872430461302,60,,student_concept_state_buffers
assist_09,5235,no_LCRF,target_concept_mask,1.0,0.6413453221321106,0.4441872430461302,60,60,student_concept_state_buffers
assist_09,5235,no_LCRF,random_history_mask,1.0,0.6413453221321106,0.4441872430461302,60,104,student_concept_state_buffers
assist_09,5497,no_LCRF,original,0.0,0.7372034192085266,1.3363750031432566,48,,student_concept_state_buffers
assist_09,5497,no_LCRF,target_concept_mask,0.0,0.7372034192085266,1.3363750031432566,48,48,student_concept_state_buffers
assist_09,5497,no_LCRF,random_history_mask,0.0,0.7372034192085266,1.3363750031432566,48,98,student_concept_state_buffers
assist_09,5544,no_LCRF,original,1.0,0.9819754958152771,0.018188924283942726,99,,student_concept_state_buffers
assist_09,5544,no_LCRF,target_concept_mask,1.0,0.9819754958152771,0.018188924283942726,99,99,student_concept_state_buffers
assist_09,5544,no_LCRF,random_history_mask,1.0,0.9819754958152771,0.018188924283942726,99,47,student_concept_state_buffers
assist_09,5561,no_LCRF,original,1.0,0.50345778465271,0.6862554141266706,98,,student_concept_state_buffers
assist_09,5561,no_LCRF,target_concept_mask,1.0,0.50345778465271,0.6862554141266706,98,98,student_concept_state_buffers
assist_09,5561,no_LCRF,random_history_mask,1.0,0.50345778465271,0.6862554141266706,98,45,student_concept_state_buffers
assist_09,5630,no_LCRF,original,1.0,0.9644353985786438,0.03621242806188776,46,,student_concept_state_buffers
assist_09,5630,no_LCRF,target_concept_mask,1.0,0.9644353985786438,0.03621242806188776,46,46,student_concept_state_buffers
assist_09,5630,no_LCRF,random_history_mask,1.0,0.9644353985786438,0.03621242806188776,46,68,student_concept_state_buffers
assist_09,5725,no_LCRF,original,1.0,0.5448300838470459,0.6072813056878372,98,,student_concept_state_buffers
assist_09,5725,no_LCRF,target_concept_mask,1.0,0.5448300838470459,0.6072813056878372,98,98,student_concept_state_buffers
assist_09,5725,no_LCRF,random_history_mask,1.0,0.5448300838470459,0.6072813056878372,98,76,student_concept_state_buffers
assist_09,5728,no_LCRF,original,0.0,0.663902997970581,1.0903554641676254,42,,student_concept_state_buffers
assist_09,5728,no_LCRF,target_concept_mask,0.0,0.663902997970581,1.0903554641676254,42,42,student_concept_state_buffers
assist_09,5728,no_LCRF,random_history_mask,0.0,0.663902997970581,1.0903554641676254,42,63,student_concept_state_buffers
assist_09,5810,no_LCRF,original,1.0,0.9711187481880188,0.029306523432859895,98,,student_concept_state_buffers
assist_09,5810,no_LCRF,target_concept_mask,1.0,0.9711187481880188,0.029306523432859895,98,98,student_concept_state_buffers
assist_09,5810,no_LCRF,random_history_mask,1.0,0.9711187481880188,0.029306523432859895,98,30,student_concept_state_buffers
assist_09,5847,no_LCRF,original,1.0,0.6766337752342224,0.390625104824065,56,,student_concept_state_buffers
assist_09,5847,no_LCRF,target_concept_mask,1.0,0.6766337752342224,0.390625104824065,56,56,student_concept_state_buffers
assist_09,5847,no_LCRF,random_history_mask,1.0,0.6766337752342224,0.390625104824065,56,48,student_concept_state_buffers
assist_09,5906,no_LCRF,original,1.0,0.8405930995941162,0.17364756535021938,46,,student_concept_state_buffers
assist_09,5906,no_LCRF,target_concept_mask,1.0,0.8405930995941162,0.17364756535021938,46,46,student_concept_state_buffers
assist_09,5906,no_LCRF,random_history_mask,1.0,0.8405930995941162,0.17364756535021938,46,74,student_concept_state_buffers
assist_09,5982,no_LCRF,original,0.0,0.247919499874115,0.28491191272178906,70,,student_concept_state_buffers
assist_09,5982,no_LCRF,target_concept_mask,0.0,0.247919499874115,0.28491191272178906,70,70,student_concept_state_buffers
assist_09,5982,no_LCRF,random_history_mask,0.0,0.247919499874115,0.28491191272178906,70,47,student_concept_state_buffers
assist_09,6056,no_LCRF,original,1.0,0.531133234500885,0.6327423767824124,98,,student_concept_state_buffers
assist_09,6056,no_LCRF,target_concept_mask,1.0,0.531133234500885,0.6327423767824124,98,98,student_concept_state_buffers
assist_09,6056,no_LCRF,random_history_mask,1.0,0.531133234500885,0.6327423767824124,98,32,student_concept_state_buffers
assist_09,6173,no_LCRF,original,1.0,0.7133849263191223,0.33773413563420107,"32,33",,student_concept_state_buffers
assist_09,6173,no_LCRF,target_concept_mask,1.0,0.7133849263191223,0.33773413563420107,"32,33","32,33",student_concept_state_buffers
assist_09,6173,no_LCRF,random_history_mask,1.0,0.7133849263191223,0.33773413563420107,"32,33","38,66",student_concept_state_buffers
assist_09,6250,no_LCRF,original,0.0,0.6728048324584961,1.1171984434900428,30,,student_concept_state_buffers
assist_09,6250,no_LCRF,target_concept_mask,0.0,0.6728048324584961,1.1171984434900428,30,30,student_concept_state_buffers
assist_09,6250,no_LCRF,random_history_mask,0.0,0.6728048324584961,1.1171984434900428,30,3,student_concept_state_buffers
assist_09,6424,no_LCRF,original,1.0,0.7972167730331421,0.22662865093364687,30,,student_concept_state_buffers
assist_09,6424,no_LCRF,target_concept_mask,1.0,0.7972167730331421,0.22662865093364687,30,30,student_concept_state_buffers
assist_09,6424,no_LCRF,random_history_mask,1.0,0.7972167730331421,0.22662865093364687,30,121,student_concept_state_buffers
assist_09,6614,no_LCRF,original,1.0,0.6808650493621826,0.3843911578705949,59,,student_concept_state_buffers
assist_09,6614,no_LCRF,target_concept_mask,1.0,0.6808650493621826,0.3843911578705949,59,59,student_concept_state_buffers
assist_09,6614,no_LCRF,random_history_mask,1.0,0.6808650493621826,0.3843911578705949,59,80,student_concept_state_buffers
assist_09,6616,no_LCRF,original,1.0,0.8018752932548523,0.22080217790087384,33,,student_concept_state_buffers
assist_09,6616,no_LCRF,target_concept_mask,1.0,0.8018752932548523,0.22080217790087384,33,33,student_concept_state_buffers
assist_09,6616,no_LCRF,random_history_mask,1.0,0.8018752932548523,0.22080217790087384,33,63,student_concept_state_buffers
assist_09,6664,no_LCRF,original,1.0,0.3431929647922516,1.0694624104355102,98,,student_concept_state_buffers
assist_09,6664,no_LCRF,target_concept_mask,1.0,0.3431929647922516,1.0694624104355102,98,98,student_concept_state_buffers
assist_09,6664,no_LCRF,random_history_mask,1.0,0.3431929647922516,1.0694624104355102,98,47,student_concept_state_buffers
assist_09,6716,no_LCRF,original,1.0,0.9481396675109863,0.05325345898082047,46,,student_concept_state_buffers
assist_09,6716,no_LCRF,target_concept_mask,1.0,0.9481396675109863,0.05325345898082047,46,46,student_concept_state_buffers
assist_09,6716,no_LCRF,random_history_mask,1.0,0.9481396675109863,0.05325345898082047,46,30,student_concept_state_buffers
assist_09,6755,no_LCRF,original,0.0,0.31890633702278137,0.3840554448785462,98,,student_concept_state_buffers
assist_09,6755,no_LCRF,target_concept_mask,0.0,0.31890633702278137,0.3840554448785462,98,98,student_concept_state_buffers
assist_09,6755,no_LCRF,random_history_mask,0.0,0.31890633702278137,0.3840554448785462,98,37,student_concept_state_buffers
assist_09,6863,no_LCRF,original,1.0,0.3900206685066223,0.9415555450918659,98,,student_concept_state_buffers
assist_09,6863,no_LCRF,target_concept_mask,1.0,0.3900206685066223,0.9415555450918659,98,98,student_concept_state_buffers
assist_09,6863,no_LCRF,random_history_mask,1.0,0.3900206685066223,0.9415555450918659,98,56,student_concept_state_buffers
assist_09,6887,no_LCRF,original,1.0,0.522916853427887,0.6483328076172853,42,,student_concept_state_buffers
assist_09,6887,no_LCRF,target_concept_mask,1.0,0.522916853427887,0.6483328076172853,42,42,student_concept_state_buffers
assist_09,6887,no_LCRF,random_history_mask,1.0,0.522916853427887,0.6483328076172853,42,45,student_concept_state_buffers
assist_09,7149,no_LCRF,original,1.0,0.6913488507270813,0.369110733509373,44,,student_concept_state_buffers
assist_09,7149,no_LCRF,target_concept_mask,1.0,0.6913488507270813,0.369110733509373,44,44,student_concept_state_buffers
assist_09,7149,no_LCRF,random_history_mask,1.0,0.6913488507270813,0.369110733509373,44,45,student_concept_state_buffers
assist_09,7325,no_LCRF,original,1.0,0.8749289512634277,0.13361259447738644,119,,student_concept_state_buffers
assist_09,7325,no_LCRF,target_concept_mask,1.0,0.8749289512634277,0.13361259447738644,119,119,student_concept_state_buffers
assist_09,7325,no_LCRF,random_history_mask,1.0,0.8749289512634277,0.13361259447738644,119,18,student_concept_state_buffers
assist_09,7636,no_LCRF,original,0.0,0.7175406217575073,1.2642205325668499,"58,104",,student_concept_state_buffers
assist_09,7636,no_LCRF,target_concept_mask,0.0,0.7175406217575073,1.2642205325668499,"58,104","58,104",student_concept_state_buffers
assist_09,7636,no_LCRF,random_history_mask,0.0,0.7175406217575073,1.2642205325668499,"58,104","8,79",student_concept_state_buffers
assist_09,7671,no_LCRF,original,0.0,0.6967454552650452,1.193182744510328,49,,student_concept_state_buffers
assist_09,7671,no_LCRF,target_concept_mask,0.0,0.6967454552650452,1.193182744510328,49,49,student_concept_state_buffers
assist_09,7671,no_LCRF,random_history_mask,0.0,0.6967454552650452,1.193182744510328,49,6,student_concept_state_buffers
assist_09,7677,no_LCRF,original,1.0,0.7858994007110596,0.24092648366143793,33,,student_concept_state_buffers
assist_09,7677,no_LCRF,target_concept_mask,1.0,0.7858994007110596,0.24092648366143793,33,33,student_concept_state_buffers
assist_09,7677,no_LCRF,random_history_mask,1.0,0.7858994007110596,0.24092648366143793,33,47,student_concept_state_buffers
assist_09,8359,no_LCRF,original,0.0,0.9757453799247742,3.7191481611789885,90,,student_concept_state_buffers
assist_09,8359,no_LCRF,target_concept_mask,0.0,0.9757453799247742,3.7191481611789885,90,90,student_concept_state_buffers
assist_09,8359,no_LCRF,random_history_mask,0.0,0.9757453799247742,3.7191481611789885,90,88,student_concept_state_buffers
assist_09,8395,no_LCRF,original,1.0,0.7685316205024719,0.2632735711082812,94,,student_concept_state_buffers
assist_09,8395,no_LCRF,target_concept_mask,1.0,0.7685316205024719,0.2632735711082812,94,94,student_concept_state_buffers
assist_09,8395,no_LCRF,random_history_mask,1.0,0.7685316205024719,0.2632735711082812,94,88,student_concept_state_buffers
assist_09,8397,no_LCRF,original,0.0,0.9238763451576233,2.5753962234874868,99,,student_concept_state_buffers
assist_09,8397,no_LCRF,target_concept_mask,0.0,0.9238763451576233,2.5753962234874868,99,99,student_concept_state_buffers
assist_09,8397,no_LCRF,random_history_mask,0.0,0.9238763451576233,2.5753962234874868,99,7,student_concept_state_buffers
assist_09,8472,no_LCRF,original,1.0,0.8805270791053772,0.12723459728212025,94,,student_concept_state_buffers
assist_09,8472,no_LCRF,target_concept_mask,1.0,0.8805270791053772,0.12723459728212025,94,94,student_concept_state_buffers
assist_09,8472,no_LCRF,random_history_mask,1.0,0.8805270791053772,0.12723459728212025,94,101,student_concept_state_buffers
assist_09,8740,no_LCRF,original,1.0,0.5710890889167786,0.5602100588750617,86,,student_concept_state_buffers
assist_09,8740,no_LCRF,target_concept_mask,1.0,0.5710890889167786,0.5602100588750617,86,86,student_concept_state_buffers
assist_09,8740,no_LCRF,random_history_mask,1.0,0.5710890889167786,0.5602100588750617,86,41,student_concept_state_buffers
assist_09,8916,no_LCRF,original,1.0,0.5281627774238586,0.6383507522121605,75,,student_concept_state_buffers
assist_09,8916,no_LCRF,target_concept_mask,1.0,0.5281627774238586,0.6383507522121605,75,75,student_concept_state_buffers
assist_09,8916,no_LCRF,random_history_mask,1.0,0.5281627774238586,0.6383507522121605,75,32,student_concept_state_buffers
assist_09,8950,no_LCRF,original,1.0,0.9005128741264343,0.10479081782597435,55,,student_concept_state_buffers
assist_09,8950,no_LCRF,target_concept_mask,1.0,0.9005128741264343,0.10479081782597435,55,55,student_concept_state_buffers
assist_09,8950,no_LCRF,random_history_mask,1.0,0.9005128741264343,0.10479081782597435,55,32,student_concept_state_buffers
assist_09,9075,no_LCRF,original,1.0,0.5059657692909241,0.6812862616056902,97,,student_concept_state_buffers
assist_09,9075,no_LCRF,target_concept_mask,1.0,0.5059657692909241,0.6812862616056902,97,97,student_concept_state_buffers
assist_09,9075,no_LCRF,random_history_mask,1.0,0.5059657692909241,0.6812862616056902,97,98,student_concept_state_buffers
assist_09,9096,no_LCRF,original,1.0,0.40069547295570374,0.9145535592433808,"45,55",,student_concept_state_buffers
assist_09,9096,no_LCRF,target_concept_mask,1.0,0.40069547295570374,0.9145535592433808,"45,55","45,55",student_concept_state_buffers
assist_09,9096,no_LCRF,random_history_mask,1.0,0.40069547295570374,0.9145535592433808,"45,55","30,70",student_concept_state_buffers
assist_09,9141,no_LCRF,original,0.0,0.461527943611145,0.619019675303408,33,,student_concept_state_buffers
assist_09,9141,no_LCRF,target_concept_mask,0.0,0.461527943611145,0.619019675303408,33,33,student_concept_state_buffers
assist_09,9141,no_LCRF,random_history_mask,0.0,0.461527943611145,0.619019675303408,33,68,student_concept_state_buffers
assist_09,9319,no_LCRF,original,1.0,0.8333448171615601,0.18230777629503406,80,,student_concept_state_buffers
assist_09,9319,no_LCRF,target_concept_mask,1.0,0.8333448171615601,0.18230777629503406,80,80,student_concept_state_buffers
assist_09,9319,no_LCRF,random_history_mask,1.0,0.8333448171615601,0.18230777629503406,80,38,student_concept_state_buffers
assist_09,9502,no_LCRF,original,1.0,0.8867862820625305,0.12015127039150544,82,,student_concept_state_buffers
assist_09,9502,no_LCRF,target_concept_mask,1.0,0.8867862820625305,0.12015127039150544,82,82,student_concept_state_buffers
assist_09,9502,no_LCRF,random_history_mask,1.0,0.8867862820625305,0.12015127039150544,82,80,student_concept_state_buffers
assist_09,9560,no_LCRF,original,1.0,0.4194914698600769,0.8687120873457951,7,,student_concept_state_buffers
assist_09,9560,no_LCRF,target_concept_mask,1.0,0.4194914698600769,0.8687120873457951,7,7,student_concept_state_buffers
assist_09,9560,no_LCRF,random_history_mask,1.0,0.4194914698600769,0.8687120873457951,7,44,student_concept_state_buffers
assist_09,9648,no_LCRF,original,0.0,0.7152449488639832,1.2561259379675174,"7,44",,student_concept_state_buffers
assist_09,9648,no_LCRF,target_concept_mask,0.0,0.7152449488639832,1.2561259379675174,"7,44","7,44",student_concept_state_buffers
assist_09,9648,no_LCRF,random_history_mask,0.0,0.7152449488639832,1.2561259379675174,"7,44","9,31",student_concept_state_buffers
assist_09,9801,no_LCRF,original,0.0,0.20022498071193695,0.22342481675554696,30,,student_concept_state_buffers
assist_09,9801,no_LCRF,target_concept_mask,0.0,0.20022498071193695,0.22342481675554696,30,30,student_concept_state_buffers
assist_09,9801,no_LCRF,random_history_mask,0.0,0.20022498071193695,0.22342481675554696,30,11,student_concept_state_buffers
assist_09,9822,no_LCRF,original,0.0,0.44196030497550964,0.5833251810942952,"7,44",,student_concept_state_buffers
assist_09,9822,no_LCRF,target_concept_mask,0.0,0.44196030497550964,0.5833251810942952,"7,44","7,44",student_concept_state_buffers
assist_09,9822,no_LCRF,random_history_mask,0.0,0.44196030497550964,0.5833251810942952,"7,44","8,48",student_concept_state_buffers
assist_09,9930,no_LCRF,original,0.0,0.27183765172958374,0.3172312497816066,30,,student_concept_state_buffers
assist_09,9930,no_LCRF,target_concept_mask,0.0,0.27183765172958374,0.3172312497816066,30,30,student_concept_state_buffers
assist_09,9930,no_LCRF,random_history_mask,0.0,0.27183765172958374,0.3172312497816066,30,48,student_concept_state_buffers
assist_09,9987,no_LCRF,original,1.0,0.44018128514289856,0.8205686252349338,30,,student_concept_state_buffers
assist_09,9987,no_LCRF,target_concept_mask,1.0,0.44018128514289856,0.8205686252349338,30,30,student_concept_state_buffers
assist_09,9987,no_LCRF,random_history_mask,1.0,0.44018128514289856,0.8205686252349338,30,17,student_concept_state_buffers
assist_09,9994,no_LCRF,original,1.0,0.8671135902404785,0.14258529551174481,99,,student_concept_state_buffers
assist_09,9994,no_LCRF,target_concept_mask,1.0,0.8671135902404785,0.14258529551174481,99,99,student_concept_state_buffers
assist_09,9994,no_LCRF,random_history_mask,1.0,0.8671135902404785,0.14258529551174481,99,89,student_concept_state_buffers
assist_09,10018,no_LCRF,original,0.0,0.38204604387283325,0.48134132894865295,30,,student_concept_state_buffers
assist_09,10018,no_LCRF,target_concept_mask,0.0,0.38204604387283325,0.48134132894865295,30,30,student_concept_state_buffers
assist_09,10018,no_LCRF,random_history_mask,0.0,0.38204604387283325,0.48134132894865295,30,31,student_concept_state_buffers
assist_09,10062,no_LCRF,original,1.0,0.9975044131278992,0.0024987060395351276,30,,student_concept_state_buffers
assist_09,10062,no_LCRF,target_concept_mask,1.0,0.9975044131278992,0.0024987060395351276,30,30,student_concept_state_buffers
assist_09,10062,no_LCRF,random_history_mask,1.0,0.9975044131278992,0.0024987060395351276,30,31,student_concept_state_buffers
assist_09,10101,no_LCRF,original,0.0,0.17652525007724762,0.19422239173768216,51,,student_concept_state_buffers
assist_09,10101,no_LCRF,target_concept_mask,0.0,0.17652525007724762,0.19422239173768216,51,51,student_concept_state_buffers
assist_09,10101,no_LCRF,random_history_mask,0.0,0.17652525007724762,0.19422239173768216,51,24,student_concept_state_buffers
assist_09,10126,no_LCRF,original,0.0,0.33395129442214966,0.4063924796174518,"1,24,44",,student_concept_state_buffers
assist_09,10126,no_LCRF,target_concept_mask,0.0,0.33395129442214966,0.4063924796174518,"1,24,44","1,24,44",student_concept_state_buffers
assist_09,10126,no_LCRF,random_history_mask,0.0,0.33395129442214966,0.4063924796174518,"1,24,44","31,47,60",student_concept_state_buffers
assist_09,10258,no_LCRF,original,1.0,0.2689400613307953,1.3132667445400523,47,,student_concept_state_buffers
assist_09,10258,no_LCRF,target_concept_mask,1.0,0.2689400613307953,1.3132667445400523,47,47,student_concept_state_buffers
assist_09,10258,no_LCRF,random_history_mask,1.0,0.2689400613307953,1.3132667445400523,47,32,student_concept_state_buffers
assist_09,10280,no_LCRF,original,0.0,0.8879857659339905,2.1891293258871913,30,,student_concept_state_buffers
assist_09,10280,no_LCRF,target_concept_mask,0.0,0.8879857659339905,2.1891293258871913,30,30,student_concept_state_buffers
assist_09,10280,no_LCRF,random_history_mask,0.0,0.8879857659339905,2.1891293258871913,30,32,student_concept_state_buffers
assist_09,10459,no_LCRF,original,1.0,0.9167903661727905,0.08687644117810439,98,,student_concept_state_buffers
assist_09,10459,no_LCRF,target_concept_mask,1.0,0.9167903661727905,0.08687644117810439,98,98,student_concept_state_buffers
assist_09,10459,no_LCRF,random_history_mask,1.0,0.9167903661727905,0.08687644117810439,98,1,student_concept_state_buffers
assist_09,10482,no_LCRF,original,1.0,0.9300734996795654,0.07249166404418135,"0,11",,student_concept_state_buffers
assist_09,10482,no_LCRF,target_concept_mask,1.0,0.9300734996795654,0.07249166404418135,"0,11","0,11",student_concept_state_buffers
assist_09,10482,no_LCRF,random_history_mask,1.0,0.9300734996795654,0.07249166404418135,"0,11","12,99",student_concept_state_buffers
assist_09,10651,no_LCRF,original,1.0,0.9399561882019043,0.061922013100134336,"5,10",,student_concept_state_buffers
assist_09,10651,no_LCRF,target_concept_mask,1.0,0.9399561882019043,0.061922013100134336,"5,10","5,10",student_concept_state_buffers
assist_09,10651,no_LCRF,random_history_mask,1.0,0.9399561882019043,0.061922013100134336,"5,10","47,94",student_concept_state_buffers
assist_09,10654,no_LCRF,original,1.0,0.9519604444503784,0.049231795001076196,"32,33",,student_concept_state_buffers
assist_09,10654,no_LCRF,target_concept_mask,1.0,0.9519604444503784,0.049231795001076196,"32,33","32,33",student_concept_state_buffers
assist_09,10654,no_LCRF,random_history_mask,1.0,0.9519604444503784,0.049231795001076196,"32,33","8,57",student_concept_state_buffers
assist_09,10749,no_LCRF,original,1.0,0.9885019063949585,0.011564707799770774,33,,student_concept_state_buffers
assist_09,10749,no_LCRF,target_concept_mask,1.0,0.9885019063949585,0.011564707799770774,33,33,student_concept_state_buffers
assist_09,10749,no_LCRF,random_history_mask,1.0,0.9885019063949585,0.011564707799770774,33,82,student_concept_state_buffers
assist_09,10761,no_LCRF,original,1.0,0.9857661724090576,0.014336100161610535,82,,student_concept_state_buffers
assist_09,10761,no_LCRF,target_concept_mask,1.0,0.9857661724090576,0.014336100161610535,82,82,student_concept_state_buffers
assist_09,10761,no_LCRF,random_history_mask,1.0,0.9857661724090576,0.014336100161610535,82,51,student_concept_state_buffers
assist_09,10799,no_LCRF,original,1.0,0.9987993240356445,0.001201397353235165,"6,10",,student_concept_state_buffers
assist_09,10799,no_LCRF,target_concept_mask,1.0,0.9987993240356445,0.001201397353235165,"6,10","6,10",student_concept_state_buffers
assist_09,10799,no_LCRF,random_history_mask,1.0,0.9987993240356445,0.001201397353235165,"6,10","1,33",student_concept_state_buffers
assist_09,10804,no_LCRF,original,1.0,0.9055169820785522,0.09924924746837613,49,,student_concept_state_buffers
assist_09,10804,no_LCRF,target_concept_mask,1.0,0.9055169820785522,0.09924924746837613,49,49,student_concept_state_buffers
assist_09,10804,no_LCRF,random_history_mask,1.0,0.9055169820785522,0.09924924746837613,49,16,student_concept_state_buffers
assist_09,10986,no_LCRF,original,0.0,0.8528504371643066,1.9163057751824109,"6,8",,student_concept_state_buffers
assist_09,10986,no_LCRF,target_concept_mask,0.0,0.8528504371643066,1.9163057751824109,"6,8","6,8",student_concept_state_buffers
assist_09,10986,no_LCRF,random_history_mask,0.0,0.8528504371643066,1.9163057751824109,"6,8","25,82",student_concept_state_buffers
assist_09,11023,no_LCRF,original,1.0,0.9688433408737183,0.03165235108647889,14,,student_concept_state_buffers
assist_09,11023,no_LCRF,target_concept_mask,1.0,0.9688433408737183,0.03165235108647889,14,14,student_concept_state_buffers
assist_09,11023,no_LCRF,random_history_mask,1.0,0.9688433408737183,0.03165235108647889,14,66,student_concept_state_buffers
assist_09,11233,no_LCRF,original,1.0,0.48400577902793884,0.7256584321964188,106,,student_concept_state_buffers
assist_09,11233,no_LCRF,target_concept_mask,1.0,0.48400577902793884,0.7256584321964188,106,106,student_concept_state_buffers
assist_09,11233,no_LCRF,random_history_mask,1.0,0.48400577902793884,0.7256584321964188,106,38,student_concept_state_buffers
assist_09,11574,no_LCRF,original,0.0,0.8071397542953491,1.6457894678954688,25,,student_concept_state_buffers
assist_09,11574,no_LCRF,target_concept_mask,0.0,0.8071397542953491,1.6457894678954688,25,25,student_concept_state_buffers
assist_09,11574,no_LCRF,random_history_mask,0.0,0.8071397542953491,1.6457894678954688,25,59,student_concept_state_buffers
assist_09,12285,no_LCRF,original,1.0,0.9002691507339478,0.10506150399521644,49,,student_concept_state_buffers
assist_09,12285,no_LCRF,target_concept_mask,1.0,0.9002691507339478,0.10506150399521644,49,49,student_concept_state_buffers
assist_09,12285,no_LCRF,random_history_mask,1.0,0.9002691507339478,0.10506150399521644,49,25,student_concept_state_buffers
assist_09,12311,no_LCRF,original,1.0,0.9737966060638428,0.02655282048930937,"32,33",,student_concept_state_buffers
assist_09,12311,no_LCRF,target_concept_mask,1.0,0.9737966060638428,0.02655282048930937,"32,33","32,33",student_concept_state_buffers
assist_09,12311,no_LCRF,random_history_mask,1.0,0.9737966060638428,0.02655282048930937,"32,33","12,44",student_concept_state_buffers
assist_09,12388,no_LCRF,original,1.0,0.8065853714942932,0.21494553271737926,20,,student_concept_state_buffers
assist_09,12388,no_LCRF,target_concept_mask,1.0,0.8065853714942932,0.21494553271737926,20,20,student_concept_state_buffers
assist_09,12388,no_LCRF,random_history_mask,1.0,0.8065853714942932,0.21494553271737926,20,29,student_concept_state_buffers
assist_09,12562,no_LCRF,original,1.0,0.9011560082435608,0.10407688625870713,29,,student_concept_state_buffers
assist_09,12562,no_LCRF,target_concept_mask,1.0,0.9011560082435608,0.10407688625870713,29,29,student_concept_state_buffers
assist_09,12562,no_LCRF,random_history_mask,1.0,0.9011560082435608,0.10407688625870713,29,66,student_concept_state_buffers
assist_09,12597,no_LCRF,original,1.0,0.7473208904266357,0.29126061389809377,20,,student_concept_state_buffers
assist_09,12597,no_LCRF,target_concept_mask,1.0,0.7473208904266357,0.29126061389809377,20,20,student_concept_state_buffers
assist_09,12597,no_LCRF,random_history_mask,1.0,0.7473208904266357,0.29126061389809377,20,92,student_concept_state_buffers
assist_09,13036,no_LCRF,original,0.0,0.4932563900947571,0.6797501036846538,30,,student_concept_state_buffers
assist_09,13036,no_LCRF,target_concept_mask,0.0,0.4932563900947571,0.6797501036846538,30,30,student_concept_state_buffers
assist_09,13036,no_LCRF,random_history_mask,0.0,0.4932563900947571,0.6797501036846538,30,51,student_concept_state_buffers
assist_09,13046,no_LCRF,original,0.0,0.3391335904598236,0.4142035631262105,30,,student_concept_state_buffers
assist_09,13046,no_LCRF,target_concept_mask,0.0,0.3391335904598236,0.4142035631262105,30,30,student_concept_state_buffers
assist_09,13046,no_LCRF,random_history_mask,0.0,0.3391335904598236,0.4142035631262105,30,60,student_concept_state_buffers
assist_09,13148,no_LCRF,original,1.0,0.9740333557128906,0.026309729814189296,99,,student_concept_state_buffers
assist_09,13148,no_LCRF,target_concept_mask,1.0,0.9740333557128906,0.026309729814189296,99,99,student_concept_state_buffers
assist_09,13148,no_LCRF,random_history_mask,1.0,0.9740333557128906,0.026309729814189296,99,119,student_concept_state_buffers
assist_09,13286,no_LCRF,original,0.0,0.7233768701553345,1.285099241249536,2,,student_concept_state_buffers
assist_09,13286,no_LCRF,target_concept_mask,0.0,0.7233768701553345,1.285099241249536,2,2,student_concept_state_buffers
assist_09,13286,no_LCRF,random_history_mask,0.0,0.7233768701553345,1.285099241249536,2,18,student_concept_state_buffers
assist_09,13304,no_LCRF,original,1.0,0.776944637298584,0.2523861830209988,0,,student_concept_state_buffers
assist_09,13304,no_LCRF,target_concept_mask,1.0,0.776944637298584,0.2523861830209988,0,0,student_concept_state_buffers
assist_09,13304,no_LCRF,random_history_mask,1.0,0.776944637298584,0.2523861830209988,0,55,student_concept_state_buffers
assist_09,13311,no_LCRF,original,1.0,0.9473409056663513,0.05409626571091283,55,,student_concept_state_buffers
assist_09,13311,no_LCRF,target_concept_mask,1.0,0.9473409056663513,0.05409626571091283,55,55,student_concept_state_buffers
assist_09,13311,no_LCRF,random_history_mask,1.0,0.9473409056663513,0.05409626571091283,55,79,student_concept_state_buffers
assist_09,13383,no_LCRF,original,0.0,0.5972376465797424,0.9094085847194537,"45,58",,student_concept_state_buffers
assist_09,13383,no_LCRF,target_concept_mask,0.0,0.5972376465797424,0.9094085847194537,"45,58","45,58",student_concept_state_buffers
assist_09,13383,no_LCRF,random_history_mask,0.0,0.5972376465797424,0.9094085847194537,"45,58","11,96",student_concept_state_buffers
assist_09,13529,no_LCRF,original,1.0,0.7318836450576782,0.31213373249472226,49,,student_concept_state_buffers
assist_09,13529,no_LCRF,target_concept_mask,1.0,0.7318836450576782,0.31213373249472226,49,49,student_concept_state_buffers
assist_09,13529,no_LCRF,random_history_mask,1.0,0.7318836450576782,0.31213373249472226,49,83,student_concept_state_buffers
assist_09,13530,no_LCRF,original,1.0,0.9078428745269775,0.09668396103010897,2,,student_concept_state_buffers
assist_09,13530,no_LCRF,target_concept_mask,1.0,0.9078428745269775,0.09668396103010897,2,2,student_concept_state_buffers
assist_09,13530,no_LCRF,random_history_mask,1.0,0.9078428745269775,0.09668396103010897,2,10,student_concept_state_buffers
assist_09,13539,no_LCRF,original,1.0,0.9734911322593689,0.026866563344017304,98,,student_concept_state_buffers
assist_09,13539,no_LCRF,target_concept_mask,1.0,0.9734911322593689,0.026866563344017304,98,98,student_concept_state_buffers
assist_09,13539,no_LCRF,random_history_mask,1.0,0.9734911322593689,0.026866563344017304,98,49,student_concept_state_buffers
assist_09,13545,no_LCRF,original,1.0,0.9170464277267456,0.08659717798906702,20,,student_concept_state_buffers
assist_09,13545,no_LCRF,target_concept_mask,1.0,0.9170464277267456,0.08659717798906702,20,20,student_concept_state_buffers
assist_09,13545,no_LCRF,random_history_mask,1.0,0.9170464277267456,0.08659717798906702,20,104,student_concept_state_buffers
assist_09,13653,no_LCRF,original,0.0,0.9833381772041321,4.094635236711762,29,,student_concept_state_buffers
assist_09,13653,no_LCRF,target_concept_mask,0.0,0.9833381772041321,4.094635236711762,29,29,student_concept_state_buffers
assist_09,13653,no_LCRF,random_history_mask,0.0,0.9833381772041321,4.094635236711762,29,45,student_concept_state_buffers
assist_09,13671,no_LCRF,original,1.0,0.7953388094902039,0.2289870796553971,9,,student_concept_state_buffers
assist_09,13671,no_LCRF,target_concept_mask,1.0,0.7953388094902039,0.2289870796553971,9,9,student_concept_state_buffers
assist_09,13671,no_LCRF,random_history_mask,1.0,0.7953388094902039,0.2289870796553971,9,57,student_concept_state_buffers
assist_09,13680,no_LCRF,original,1.0,0.908740222454071,0.09569600952756258,89,,student_concept_state_buffers
assist_09,13680,no_LCRF,target_concept_mask,1.0,0.908740222454071,0.09569600952756258,89,89,student_concept_state_buffers
assist_09,13680,no_LCRF,random_history_mask,1.0,0.908740222454071,0.09569600952756258,89,49,student_concept_state_buffers
assist_09,13693,no_LCRF,original,0.0,0.8824941515922546,2.1412671729536528,14,,student_concept_state_buffers
assist_09,13693,no_LCRF,target_concept_mask,0.0,0.8824941515922546,2.1412671729536528,14,14,student_concept_state_buffers
assist_09,13693,no_LCRF,random_history_mask,0.0,0.8824941515922546,2.1412671729536528,14,29,student_concept_state_buffers
assist_09,13854,no_LCRF,original,0.0,0.7155722379684448,1.2572759696724882,58,,student_concept_state_buffers
assist_09,13854,no_LCRF,target_concept_mask,0.0,0.7155722379684448,1.2572759696724882,58,58,student_concept_state_buffers
assist_09,13854,no_LCRF,random_history_mask,0.0,0.7155722379684448,1.2572759696724882,58,60,student_concept_state_buffers
assist_09,13857,no_LCRF,original,1.0,0.9725363254547119,0.027847851534468587,98,,student_concept_state_buffers
assist_09,13857,no_LCRF,target_concept_mask,1.0,0.9725363254547119,0.027847851534468587,98,98,student_concept_state_buffers
assist_09,13857,no_LCRF,random_history_mask,1.0,0.9725363254547119,0.027847851534468587,98,42,student_concept_state_buffers
assist_09,13899,no_LCRF,original,0.0,0.2338421642780304,0.26636707861095665,106,,student_concept_state_buffers
assist_09,13899,no_LCRF,target_concept_mask,0.0,0.2338421642780304,0.26636707861095665,106,106,student_concept_state_buffers
assist_09,13899,no_LCRF,random_history_mask,0.0,0.2338421642780304,0.26636707861095665,106,82,student_concept_state_buffers
assist_09,14022,no_LCRF,original,0.0,0.6721896529197693,1.1153200479471783,99,,student_concept_state_buffers
assist_09,14022,no_LCRF,target_concept_mask,0.0,0.6721896529197693,1.1153200479471783,99,99,student_concept_state_buffers
assist_09,14022,no_LCRF,random_history_mask,0.0,0.6721896529197693,1.1153200479471783,99,5,student_concept_state_buffers
assist_09,14100,no_LCRF,original,1.0,0.9084654450416565,0.0959984270463098,33,,student_concept_state_buffers
assist_09,14100,no_LCRF,target_concept_mask,1.0,0.9084654450416565,0.0959984270463098,33,33,student_concept_state_buffers
assist_09,14100,no_LCRF,random_history_mask,1.0,0.9084654450416565,0.0959984270463098,33,47,student_concept_state_buffers
assist_09,14328,no_LCRF,original,1.0,0.6131554245948792,0.4891368277205534,"45,58",,student_concept_state_buffers
assist_09,14328,no_LCRF,target_concept_mask,1.0,0.6131554245948792,0.4891368277205534,"45,58","45,58",student_concept_state_buffers
assist_09,14328,no_LCRF,random_history_mask,1.0,0.6131554245948792,0.4891368277205534,"45,58","2,85",student_concept_state_buffers
assist_09,14348,no_LCRF,original,0.0,0.7148629426956177,1.2547853114877956,80,,student_concept_state_buffers
assist_09,14348,no_LCRF,target_concept_mask,0.0,0.7148629426956177,1.2547853114877956,80,80,student_concept_state_buffers
assist_09,14348,no_LCRF,random_history_mask,0.0,0.7148629426956177,1.2547853114877956,80,84,student_concept_state_buffers
assist_09,14789,no_LCRF,original,1.0,0.3621065318584442,1.015816823548483,20,,student_concept_state_buffers
assist_09,14789,no_LCRF,target_concept_mask,1.0,0.3621065318584442,1.015816823548483,20,20,student_concept_state_buffers
assist_09,14789,no_LCRF,random_history_mask,1.0,0.3621065318584442,1.015816823548483,20,96,student_concept_state_buffers
assist_09,14819,no_LCRF,original,1.0,0.9249672889709473,0.07799690536965881,78,,student_concept_state_buffers
assist_09,14819,no_LCRF,target_concept_mask,1.0,0.9249672889709473,0.07799690536965881,78,78,student_concept_state_buffers
assist_09,14819,no_LCRF,random_history_mask,1.0,0.9249672889709473,0.07799690536965881,78,24,student_concept_state_buffers
assist_09,14883,no_LCRF,original,1.0,0.9413566589355469,0.060433190021651574,55,,student_concept_state_buffers
assist_09,14883,no_LCRF,target_concept_mask,1.0,0.9413566589355469,0.060433190021651574,55,55,student_concept_state_buffers
assist_09,14883,no_LCRF,random_history_mask,1.0,0.9413566589355469,0.060433190021651574,55,91,student_concept_state_buffers
assist_09,14929,no_LCRF,original,1.0,0.8530497550964355,0.1589374036529479,"45,58",,student_concept_state_buffers
assist_09,14929,no_LCRF,target_concept_mask,1.0,0.8530497550964355,0.1589374036529479,"45,58","45,58",student_concept_state_buffers
assist_09,14929,no_LCRF,random_history_mask,1.0,0.8530497550964355,0.1589374036529479,"45,58","34,55",student_concept_state_buffers
assist_09,15130,no_LCRF,original,0.0,0.6967468857765198,1.1931874617186053,89,,student_concept_state_buffers
assist_09,15130,no_LCRF,target_concept_mask,0.0,0.6967468857765198,1.1931874617186053,89,89,student_concept_state_buffers
assist_09,15130,no_LCRF,random_history_mask,0.0,0.6967468857765198,1.1931874617186053,89,104,student_concept_state_buffers
assist_09,15179,no_LCRF,original,1.0,0.6200013160705566,0.4780336782508065,44,,student_concept_state_buffers
assist_09,15179,no_LCRF,target_concept_mask,1.0,0.6200013160705566,0.4780336782508065,44,44,student_concept_state_buffers
assist_09,15179,no_LCRF,random_history_mask,1.0,0.6200013160705566,0.4780336782508065,44,26,student_concept_state_buffers
assist_09,15210,no_LCRF,original,1.0,0.5260915756225586,0.6422799832560036,49,,student_concept_state_buffers
assist_09,15210,no_LCRF,target_concept_mask,1.0,0.5260915756225586,0.6422799832560036,49,49,student_concept_state_buffers
assist_09,15210,no_LCRF,random_history_mask,1.0,0.5260915756225586,0.6422799832560036,49,27,student_concept_state_buffers
assist_09,15359,no_LCRF,original,0.0,0.47994932532310486,0.6538290208530122,103,,student_concept_state_buffers
assist_09,15359,no_LCRF,target_concept_mask,0.0,0.47994932532310486,0.6538290208530122,103,103,student_concept_state_buffers
assist_09,15359,no_LCRF,random_history_mask,0.0,0.47994932532310486,0.6538290208530122,103,48,student_concept_state_buffers
assist_09,15445,no_LCRF,original,1.0,0.6183332800865173,0.480727678722164,89,,student_concept_state_buffers
assist_09,15445,no_LCRF,target_concept_mask,1.0,0.6183332800865173,0.480727678722164,89,89,student_concept_state_buffers
assist_09,15445,no_LCRF,random_history_mask,1.0,0.6183332800865173,0.480727678722164,89,82,student_concept_state_buffers
assist_09,15676,no_LCRF,original,1.0,0.7018705010414124,0.3540063634242564,82,,student_concept_state_buffers
assist_09,15676,no_LCRF,target_concept_mask,1.0,0.7018705010414124,0.3540063634242564,82,82,student_concept_state_buffers
assist_09,15676,no_LCRF,random_history_mask,1.0,0.7018705010414124,0.3540063634242564,82,58,student_concept_state_buffers
assist_09,15709,no_LCRF,original,1.0,0.8543234467506409,0.15744541363096462,29,,student_concept_state_buffers
assist_09,15709,no_LCRF,target_concept_mask,1.0,0.8543234467506409,0.15744541363096462,29,29,student_concept_state_buffers
assist_09,15709,no_LCRF,random_history_mask,1.0,0.8543234467506409,0.15744541363096462,29,13,student_concept_state_buffers
assist_09,15754,no_LCRF,original,1.0,0.7295050621032715,0.3153889719024931,79,,student_concept_state_buffers
assist_09,15754,no_LCRF,target_concept_mask,1.0,0.7295050621032715,0.3153889719024931,79,79,student_concept_state_buffers
assist_09,15754,no_LCRF,random_history_mask,1.0,0.7295050621032715,0.3153889719024931,79,31,student_concept_state_buffers
assist_09,15977,no_LCRF,original,0.0,0.6118606925010681,0.9463909638525805,49,,student_concept_state_buffers
assist_09,15977,no_LCRF,target_concept_mask,0.0,0.6118606925010681,0.9463909638525805,49,49,student_concept_state_buffers
assist_09,15977,no_LCRF,random_history_mask,0.0,0.6118606925010681,0.9463909638525805,49,106,student_concept_state_buffers
assist_09,16076,no_LCRF,original,0.0,0.29792627692222595,0.35371686184108836,51,,student_concept_state_buffers
assist_09,16076,no_LCRF,target_concept_mask,0.0,0.29792627692222595,0.35371686184108836,51,51,student_concept_state_buffers
assist_09,16076,no_LCRF,random_history_mask,0.0,0.29792627692222595,0.35371686184108836,51,47,student_concept_state_buffers
assist_09,16156,no_LCRF,original,0.0,0.8237677812576294,1.7359527289472612,30,,student_concept_state_buffers
assist_09,16156,no_LCRF,target_concept_mask,0.0,0.8237677812576294,1.7359527289472612,30,30,student_concept_state_buffers
assist_09,16156,no_LCRF,random_history_mask,0.0,0.8237677812576294,1.7359527289472612,30,44,student_concept_state_buffers
assist_09,16174,no_LCRF,original,0.0,0.40697112679481506,0.5225121911104003,30,,student_concept_state_buffers
assist_09,16174,no_LCRF,target_concept_mask,0.0,0.40697112679481506,0.5225121911104003,30,30,student_concept_state_buffers
assist_09,16174,no_LCRF,random_history_mask,0.0,0.40697112679481506,0.5225121911104003,30,33,student_concept_state_buffers
assist_09,16215,no_LCRF,original,0.0,0.5117276310920715,0.7168818958192362,30,,student_concept_state_buffers
assist_09,16215,no_LCRF,target_concept_mask,0.0,0.5117276310920715,0.7168818958192362,30,30,student_concept_state_buffers
assist_09,16215,no_LCRF,random_history_mask,0.0,0.5117276310920715,0.7168818958192362,30,51,student_concept_state_buffers
assist_09,16293,no_LCRF,original,0.0,0.42714986205101013,0.557131135830818,30,,student_concept_state_buffers
assist_09,16293,no_LCRF,target_concept_mask,0.0,0.42714986205101013,0.557131135830818,30,30,student_concept_state_buffers
assist_09,16293,no_LCRF,random_history_mask,0.0,0.42714986205101013,0.557131135830818,30,24,student_concept_state_buffers
assist_09,16329,no_LCRF,original,1.0,0.9903805255889893,0.00966604042264309,55,,student_concept_state_buffers
assist_09,16329,no_LCRF,target_concept_mask,1.0,0.9903805255889893,0.00966604042264309,55,55,student_concept_state_buffers
assist_09,16329,no_LCRF,random_history_mask,1.0,0.9903805255889893,0.00966604042264309,55,9,student_concept_state_buffers
assist_09,16347,no_LCRF,original,1.0,0.8355302810668945,0.17968868855510434,33,,student_concept_state_buffers
assist_09,16347,no_LCRF,target_concept_mask,1.0,0.8355302810668945,0.17968868855510434,33,33,student_concept_state_buffers
assist_09,16347,no_LCRF,random_history_mask,1.0,0.8355302810668945,0.17968868855510434,33,5,student_concept_state_buffers
assist_09,16465,no_LCRF,original,0.0,0.4738423228263855,0.642154344675663,92,,student_concept_state_buffers
assist_09,16465,no_LCRF,target_concept_mask,0.0,0.4738423228263855,0.642154344675663,92,92,student_concept_state_buffers
assist_09,16465,no_LCRF,random_history_mask,0.0,0.4738423228263855,0.642154344675663,92,57,student_concept_state_buffers
assist_09,16678,no_LCRF,original,1.0,0.9910536408424377,0.008986618122628862,55,,student_concept_state_buffers
assist_09,16678,no_LCRF,target_concept_mask,1.0,0.9910536408424377,0.008986618122628862,55,55,student_concept_state_buffers
assist_09,16678,no_LCRF,random_history_mask,1.0,0.9910536408424377,0.008986618122628862,55,41,student_concept_state_buffers
assist_09,16685,no_LCRF,original,1.0,0.9188387393951416,0.08464464602257116,37,,student_concept_state_buffers
assist_09,16685,no_LCRF,target_concept_mask,1.0,0.9188387393951416,0.08464464602257116,37,37,student_concept_state_buffers
assist_09,16685,no_LCRF,random_history_mask,1.0,0.9188387393951416,0.08464464602257116,37,6,student_concept_state_buffers
assist_09,16784,no_LCRF,original,1.0,0.9623437523841858,0.038383561183241634,11,,student_concept_state_buffers
assist_09,16784,no_LCRF,target_concept_mask,1.0,0.9623437523841858,0.038383561183241634,11,11,student_concept_state_buffers
assist_09,16784,no_LCRF,random_history_mask,1.0,0.9623437523841858,0.038383561183241634,11,31,student_concept_state_buffers
assist_09,16892,no_LCRF,original,1.0,0.7700925469398499,0.26124458052577293,98,,student_concept_state_buffers
assist_09,16892,no_LCRF,target_concept_mask,1.0,0.7700925469398499,0.26124458052577293,98,98,student_concept_state_buffers
assist_09,16892,no_LCRF,random_history_mask,1.0,0.7700925469398499,0.26124458052577293,98,6,student_concept_state_buffers
assist_09,16962,no_LCRF,original,1.0,0.5830155611038208,0.5395414015576302,67,,student_concept_state_buffers
assist_09,16962,no_LCRF,target_concept_mask,1.0,0.5830155611038208,0.5395414015576302,67,67,student_concept_state_buffers
assist_09,16962,no_LCRF,random_history_mask,1.0,0.5830155611038208,0.5395414015576302,67,21,student_concept_state_buffers
assist_09,17012,no_LCRF,original,0.0,0.416485458612442,0.53868590659337,98,,student_concept_state_buffers
assist_09,17012,no_LCRF,target_concept_mask,0.0,0.416485458612442,0.53868590659337,98,98,student_concept_state_buffers
assist_09,17012,no_LCRF,random_history_mask,0.0,0.416485458612442,0.53868590659337,98,29,student_concept_state_buffers
assist_09,17026,no_LCRF,original,1.0,0.7292486429214478,0.315740531159661,98,,student_concept_state_buffers
assist_09,17026,no_LCRF,target_concept_mask,1.0,0.7292486429214478,0.315740531159661,98,98,student_concept_state_buffers
assist_09,17026,no_LCRF,random_history_mask,1.0,0.7292486429214478,0.315740531159661,98,59,student_concept_state_buffers
assist_09,17071,no_LCRF,original,1.0,0.9248822331428528,0.07808886509626103,4,,student_concept_state_buffers
assist_09,17071,no_LCRF,target_concept_mask,1.0,0.9248822331428528,0.07808886509626103,4,4,student_concept_state_buffers
assist_09,17071,no_LCRF,random_history_mask,1.0,0.9248822331428528,0.07808886509626103,4,25,student_concept_state_buffers
assist_09,17212,no_LCRF,original,1.0,0.9583576321601868,0.04253425944264986,98,,student_concept_state_buffers
assist_09,17212,no_LCRF,target_concept_mask,1.0,0.9583576321601868,0.04253425944264986,98,98,student_concept_state_buffers
assist_09,17212,no_LCRF,random_history_mask,1.0,0.9583576321601868,0.04253425944264986,98,9,student_concept_state_buffers
assist_09,17290,no_LCRF,original,1.0,0.8445668816566467,0.16893134911867355,25,,student_concept_state_buffers
assist_09,17290,no_LCRF,target_concept_mask,1.0,0.8445668816566467,0.16893134911867355,25,25,student_concept_state_buffers
assist_09,17290,no_LCRF,random_history_mask,1.0,0.8445668816566467,0.16893134911867355,25,58,student_concept_state_buffers
assist_09,17307,no_LCRF,original,0.0,0.3733919858932495,0.4674341107169959,"12,13",,student_concept_state_buffers
assist_09,17307,no_LCRF,target_concept_mask,0.0,0.3733919858932495,0.4674341107169959,"12,13","12,13",student_concept_state_buffers
assist_09,17307,no_LCRF,random_history_mask,0.0,0.3733919858932495,0.4674341107169959,"12,13","6,20",student_concept_state_buffers
assist_09,17323,no_LCRF,original,1.0,0.7110736966133118,0.3409792024922958,82,,student_concept_state_buffers
assist_09,17323,no_LCRF,target_concept_mask,1.0,0.7110736966133118,0.3409792024922958,82,82,student_concept_state_buffers
assist_09,17323,no_LCRF,random_history_mask,1.0,0.7110736966133118,0.3409792024922958,82,67,student_concept_state_buffers
assist_09,17379,no_LCRF,original,1.0,0.6381350159645081,0.44920539425767686,26,,student_concept_state_buffers
assist_09,17379,no_LCRF,target_concept_mask,1.0,0.6381350159645081,0.44920539425767686,26,26,student_concept_state_buffers
assist_09,17379,no_LCRF,random_history_mask,1.0,0.6381350159645081,0.44920539425767686,26,44,student_concept_state_buffers
assist_09,17437,no_LCRF,original,0.0,0.6610879898071289,1.0820147622456053,49,,student_concept_state_buffers
assist_09,17437,no_LCRF,target_concept_mask,0.0,0.6610879898071289,1.0820147622456053,49,49,student_concept_state_buffers
assist_09,17437,no_LCRF,random_history_mask,0.0,0.6610879898071289,1.0820147622456053,49,13,student_concept_state_buffers
assist_09,17459,no_LCRF,original,1.0,0.9942746758460999,0.005741776649533901,99,,student_concept_state_buffers
assist_09,17459,no_LCRF,target_concept_mask,1.0,0.9942746758460999,0.005741776649533901,99,99,student_concept_state_buffers
assist_09,17459,no_LCRF,random_history_mask,1.0,0.9942746758460999,0.005741776649533901,99,49,student_concept_state_buffers
assist_09,17639,no_LCRF,original,0.0,0.5201825499534607,0.7343495598203466,"45,58",,student_concept_state_buffers
assist_09,17639,no_LCRF,target_concept_mask,0.0,0.5201825499534607,0.7343495598203466,"45,58","45,58",student_concept_state_buffers
assist_09,17639,no_LCRF,random_history_mask,0.0,0.5201825499534607,0.7343495598203466,"45,58","89,98",student_concept_state_buffers
assist_09,17648,no_LCRF,original,1.0,0.19144277274608612,1.6531663518571205,20,,student_concept_state_buffers
assist_09,17648,no_LCRF,target_concept_mask,1.0,0.19144277274608612,1.6531663518571205,20,20,student_concept_state_buffers
assist_09,17648,no_LCRF,random_history_mask,1.0,0.19144277274608612,1.6531663518571205,20,89,student_concept_state_buffers
assist_09,17786,no_LCRF,original,1.0,0.6838430762290955,0.38002680839824193,"1,44",,student_concept_state_buffers
assist_09,17786,no_LCRF,target_concept_mask,1.0,0.6838430762290955,0.38002680839824193,"1,44","1,44",student_concept_state_buffers
assist_09,17786,no_LCRF,random_history_mask,1.0,0.6838430762290955,0.38002680839824193,"1,44","38,60",student_concept_state_buffers
assist_09,17797,no_LCRF,original,1.0,0.468694806098938,0.7578034556191697,99,,student_concept_state_buffers
assist_09,17797,no_LCRF,target_concept_mask,1.0,0.468694806098938,0.7578034556191697,99,99,student_concept_state_buffers
assist_09,17797,no_LCRF,random_history_mask,1.0,0.468694806098938,0.7578034556191697,99,31,student_concept_state_buffers
assist_09,17809,no_LCRF,original,0.0,0.7624379992485046,1.4373266337808064,63,,student_concept_state_buffers
assist_09,17809,no_LCRF,target_concept_mask,0.0,0.7624379992485046,1.4373266337808064,63,63,student_concept_state_buffers
assist_09,17809,no_LCRF,random_history_mask,0.0,0.7624379992485046,1.4373266337808064,63,29,student_concept_state_buffers
assist_09,18069,no_LCRF,original,1.0,0.9888660311698914,0.011196415412571369,99,,student_concept_state_buffers
assist_09,18069,no_LCRF,target_concept_mask,1.0,0.9888660311698914,0.011196415412571369,99,99,student_concept_state_buffers
assist_09,18069,no_LCRF,random_history_mask,1.0,0.9888660311698914,0.011196415412571369,99,51,student_concept_state_buffers
assist_09,18113,no_LCRF,original,1.0,0.9400032758712769,0.0618719187547165,98,,student_concept_state_buffers
assist_09,18113,no_LCRF,target_concept_mask,1.0,0.9400032758712769,0.0618719187547165,98,98,student_concept_state_buffers
assist_09,18113,no_LCRF,random_history_mask,1.0,0.9400032758712769,0.0618719187547165,98,15,student_concept_state_buffers
assist_09,18114,no_LCRF,original,1.0,0.995964765548706,0.004043397978397079,14,,student_concept_state_buffers
assist_09,18114,no_LCRF,target_concept_mask,1.0,0.995964765548706,0.004043397978397079,14,14,student_concept_state_buffers
assist_09,18114,no_LCRF,random_history_mask,1.0,0.995964765548706,0.004043397978397079,14,15,student_concept_state_buffers
assist_09,18166,no_LCRF,original,1.0,0.9449388980865479,0.056635011688293144,89,,student_concept_state_buffers
assist_09,18166,no_LCRF,target_concept_mask,1.0,0.9449388980865479,0.056635011688293144,89,89,student_concept_state_buffers
assist_09,18166,no_LCRF,random_history_mask,1.0,0.9449388980865479,0.056635011688293144,89,16,student_concept_state_buffers
assist_09,18222,no_LCRF,original,1.0,0.9412265419960022,0.06057142236079864,26,,student_concept_state_buffers
assist_09,18222,no_LCRF,target_concept_mask,1.0,0.9412265419960022,0.06057142236079864,26,26,student_concept_state_buffers
assist_09,18222,no_LCRF,random_history_mask,1.0,0.9412265419960022,0.06057142236079864,26,20,student_concept_state_buffers
assist_09,18239,no_LCRF,original,1.0,0.957975447177887,0.042933130590351275,4,,student_concept_state_buffers
assist_09,18239,no_LCRF,target_concept_mask,1.0,0.957975447177887,0.042933130590351275,4,4,student_concept_state_buffers
assist_09,18239,no_LCRF,random_history_mask,1.0,0.957975447177887,0.042933130590351275,4,81,student_concept_state_buffers
assist_09,18371,no_LCRF,original,1.0,0.5478928685188293,0.6016755065494349,99,,student_concept_state_buffers
assist_09,18371,no_LCRF,target_concept_mask,1.0,0.5478928685188293,0.6016755065494349,99,99,student_concept_state_buffers
assist_09,18371,no_LCRF,random_history_mask,1.0,0.5478928685188293,0.6016755065494349,99,40,student_concept_state_buffers
assist_09,18457,no_LCRF,original,1.0,0.831183671951294,0.18490448333701573,"6,14",,student_concept_state_buffers
assist_09,18457,no_LCRF,target_concept_mask,1.0,0.831183671951294,0.18490448333701573,"6,14","6,14",student_concept_state_buffers
assist_09,18457,no_LCRF,random_history_mask,1.0,0.831183671951294,0.18490448333701573,"6,14","61,82",student_concept_state_buffers
assist_09,18465,no_LCRF,original,1.0,0.9752262830734253,0.025085749708381348,98,,student_concept_state_buffers
assist_09,18465,no_LCRF,target_concept_mask,1.0,0.9752262830734253,0.025085749708381348,98,98,student_concept_state_buffers
assist_09,18465,no_LCRF,random_history_mask,1.0,0.9752262830734253,0.025085749708381348,98,78,student_concept_state_buffers
assist_09,18726,no_LCRF,original,0.0,0.2866996228694916,0.33785266098594957,86,,student_concept_state_buffers
assist_09,18726,no_LCRF,target_concept_mask,0.0,0.2866996228694916,0.33785266098594957,86,86,student_concept_state_buffers
assist_09,18726,no_LCRF,random_history_mask,0.0,0.2866996228694916,0.33785266098594957,86,83,student_concept_state_buffers
assist_09,18803,no_LCRF,original,0.0,0.475803941488266,0.645889507175403,"45,58",,student_concept_state_buffers
assist_09,18803,no_LCRF,target_concept_mask,0.0,0.475803941488266,0.645889507175403,"45,58","45,58",student_concept_state_buffers
assist_09,18803,no_LCRF,random_history_mask,0.0,0.475803941488266,0.645889507175403,"45,58","2,90",student_concept_state_buffers
assist_09,18811,no_LCRF,original,1.0,0.6743906736373901,0.3939457015161672,106,,student_concept_state_buffers
assist_09,18811,no_LCRF,target_concept_mask,1.0,0.6743906736373901,0.3939457015161672,106,106,student_concept_state_buffers
assist_09,18811,no_LCRF,random_history_mask,1.0,0.6743906736373901,0.3939457015161672,106,10,student_concept_state_buffers
assist_09,18821,no_LCRF,original,0.0,0.4121805429458618,0.5313354240580268,"15,16",,student_concept_state_buffers
assist_09,18821,no_LCRF,target_concept_mask,0.0,0.4121805429458618,0.5313354240580268,"15,16","15,16",student_concept_state_buffers
assist_09,18821,no_LCRF,random_history_mask,0.0,0.4121805429458618,0.5313354240580268,"15,16","29,37",student_concept_state_buffers
assist_09,18928,no_LCRF,original,1.0,0.4686456024646759,0.7579084412441524,95,,student_concept_state_buffers
assist_09,18928,no_LCRF,target_concept_mask,1.0,0.4686456024646759,0.7579084412441524,95,95,student_concept_state_buffers
assist_09,18928,no_LCRF,random_history_mask,1.0,0.4686456024646759,0.7579084412441524,95,40,student_concept_state_buffers
assist_09,18998,no_LCRF,original,1.0,0.7184607982635498,0.330644135475476,"1,44",,student_concept_state_buffers
assist_09,18998,no_LCRF,target_concept_mask,1.0,0.7184607982635498,0.330644135475476,"1,44","1,44",student_concept_state_buffers
assist_09,18998,no_LCRF,random_history_mask,1.0,0.7184607982635498,0.330644135475476,"1,44","37,47",student_concept_state_buffers
assist_09,19177,no_LCRF,original,1.0,0.8875400424003601,0.1193016404527726,"7,44",,student_concept_state_buffers
assist_09,19177,no_LCRF,target_concept_mask,1.0,0.8875400424003601,0.1193016404527726,"7,44","7,44",student_concept_state_buffers
assist_09,19177,no_LCRF,random_history_mask,1.0,0.8875400424003601,0.1193016404527726,"7,44","2,106",student_concept_state_buffers
assist_09,19200,no_LCRF,original,1.0,0.786117672920227,0.24064878666408157,"5,8",,student_concept_state_buffers
assist_09,19200,no_LCRF,target_concept_mask,1.0,0.786117672920227,0.24064878666408157,"5,8","5,8",student_concept_state_buffers
assist_09,19200,no_LCRF,random_history_mask,1.0,0.786117672920227,0.24064878666408157,"5,8","6,93",student_concept_state_buffers
assist_09,19220,no_LCRF,original,1.0,0.8847311735153198,0.1224714388579898,7,,student_concept_state_buffers
assist_09,19220,no_LCRF,target_concept_mask,1.0,0.8847311735153198,0.1224714388579898,7,7,student_concept_state_buffers
assist_09,19220,no_LCRF,random_history_mask,1.0,0.8847311735153198,0.1224714388579898,7,1,student_concept_state_buffers
assist_09,19344,no_LCRF,original,1.0,0.8038222193717957,0.21837715443817682,"0,9",,student_concept_state_buffers
assist_09,19344,no_LCRF,target_concept_mask,1.0,0.8038222193717957,0.21837715443817682,"0,9","0,9",student_concept_state_buffers
assist_09,19344,no_LCRF,random_history_mask,1.0,0.8038222193717957,0.21837715443817682,"0,9","103,104",student_concept_state_buffers
assist_09,19368,no_LCRF,original,1.0,0.8897721171379089,0.11678989720153107,"45,58",,student_concept_state_buffers
assist_09,19368,no_LCRF,target_concept_mask,1.0,0.8897721171379089,0.11678989720153107,"45,58","45,58",student_concept_state_buffers
assist_09,19368,no_LCRF,random_history_mask,1.0,0.8897721171379089,0.11678989720153107,"45,58","8,33",student_concept_state_buffers
assist_09,19407,no_LCRF,original,1.0,0.9900790452957153,0.009970495307796846,30,,student_concept_state_buffers
assist_09,19407,no_LCRF,target_concept_mask,1.0,0.9900790452957153,0.009970495307796846,30,30,student_concept_state_buffers
assist_09,19407,no_LCRF,random_history_mask,1.0,0.9900790452957153,0.009970495307796846,30,17,student_concept_state_buffers
assist_09,19425,no_LCRF,original,1.0,0.8107918500900269,0.20974391614446672,"5,8",,student_concept_state_buffers
assist_09,19425,no_LCRF,target_concept_mask,1.0,0.8107918500900269,0.20974391614446672,"5,8","5,8",student_concept_state_buffers
assist_09,19425,no_LCRF,random_history_mask,1.0,0.8107918500900269,0.20974391614446672,"5,8","89,104",student_concept_state_buffers
assist_09,19457,no_LCRF,original,1.0,0.884932816028595,0.12224355094781114,"22,80",,student_concept_state_buffers
assist_09,19457,no_LCRF,target_concept_mask,1.0,0.884932816028595,0.12224355094781114,"22,80","22,80",student_concept_state_buffers
assist_09,19457,no_LCRF,random_history_mask,1.0,0.884932816028595,0.12224355094781114,"22,80","33,86",student_concept_state_buffers
assist_09,19514,no_LCRF,original,1.0,0.8098168969154358,0.21094711006034625,59,,student_concept_state_buffers
assist_09,19514,no_LCRF,target_concept_mask,1.0,0.8098168969154358,0.21094711006034625,59,59,student_concept_state_buffers
assist_09,19514,no_LCRF,random_history_mask,1.0,0.8098168969154358,0.21094711006034625,59,47,student_concept_state_buffers
assist_09,19638,no_LCRF,original,0.0,0.8315348029136658,1.7810260960048723,"45,58",,student_concept_state_buffers
assist_09,19638,no_LCRF,target_concept_mask,0.0,0.8315348029136658,1.7810260960048723,"45,58","45,58",student_concept_state_buffers
assist_09,19638,no_LCRF,random_history_mask,0.0,0.8315348029136658,1.7810260960048723,"45,58","29,95",student_concept_state_buffers
assist_09,19642,no_LCRF,original,1.0,0.9690690040588379,0.031419458007770046,94,,student_concept_state_buffers
assist_09,19642,no_LCRF,target_concept_mask,1.0,0.9690690040588379,0.031419458007770046,94,94,student_concept_state_buffers
assist_09,19642,no_LCRF,random_history_mask,1.0,0.9690690040588379,0.031419458007770046,94,30,student_concept_state_buffers
assist_09,19645,no_LCRF,original,1.0,0.9424019455909729,0.059323401580395695,29,,student_concept_state_buffers
assist_09,19645,no_LCRF,target_concept_mask,1.0,0.9424019455909729,0.059323401580395695,29,29,student_concept_state_buffers
assist_09,19645,no_LCRF,random_history_mask,1.0,0.9424019455909729,0.059323401580395695,29,12,student_concept_state_buffers
assist_09,19650,no_LCRF,original,1.0,0.6272514462471008,0.46640778804340366,"6,9",,student_concept_state_buffers
assist_09,19650,no_LCRF,target_concept_mask,1.0,0.6272514462471008,0.46640778804340366,"6,9","6,9",student_concept_state_buffers
assist_09,19650,no_LCRF,random_history_mask,1.0,0.6272514462471008,0.46640778804340366,"6,9","31,80",student_concept_state_buffers
assist_09,19653,no_LCRF,original,1.0,0.7070964574813843,0.3465881903104084,13,,student_concept_state_buffers
assist_09,19653,no_LCRF,target_concept_mask,1.0,0.7070964574813843,0.3465881903104084,13,13,student_concept_state_buffers
assist_09,19653,no_LCRF,random_history_mask,1.0,0.7070964574813843,0.3465881903104084,13,38,student_concept_state_buffers
assist_09,19666,no_LCRF,original,0.0,0.6562009453773499,1.0676979358258536,"3,121",,student_concept_state_buffers
assist_09,19666,no_LCRF,target_concept_mask,0.0,0.6562009453773499,1.0676979358258536,"3,121","3,121",student_concept_state_buffers
assist_09,19666,no_LCRF,random_history_mask,0.0,0.6562009453773499,1.0676979358258536,"3,121","20,27",student_concept_state_buffers
assist_09,19726,no_LCRF,original,1.0,0.8492783904075623,0.16336824252368984,42,,student_concept_state_buffers
assist_09,19726,no_LCRF,target_concept_mask,1.0,0.8492783904075623,0.16336824252368984,42,42,student_concept_state_buffers
assist_09,19726,no_LCRF,random_history_mask,1.0,0.8492783904075623,0.16336824252368984,42,0,student_concept_state_buffers
assist_09,19841,no_LCRF,original,0.0,0.780057430267334,1.5143888133780883,56,,student_concept_state_buffers
assist_09,19841,no_LCRF,target_concept_mask,0.0,0.780057430267334,1.5143888133780883,56,56,student_concept_state_buffers
assist_09,19841,no_LCRF,random_history_mask,0.0,0.780057430267334,1.5143888133780883,56,102,student_concept_state_buffers
assist_09,20051,no_LCRF,original,1.0,0.7748619318008423,0.25507041801487657,92,,student_concept_state_buffers
assist_09,20051,no_LCRF,target_concept_mask,1.0,0.7748619318008423,0.25507041801487657,92,92,student_concept_state_buffers
assist_09,20051,no_LCRF,random_history_mask,1.0,0.7748619318008423,0.25507041801487657,92,86,student_concept_state_buffers
assist_09,20401,no_LCRF,original,1.0,0.8971414566040039,0.10854172968661126,"0,11",,student_concept_state_buffers
assist_09,20401,no_LCRF,target_concept_mask,1.0,0.8971414566040039,0.10854172968661126,"0,11","0,11",student_concept_state_buffers
assist_09,20401,no_LCRF,random_history_mask,1.0,0.8971414566040039,0.10854172968661126,"0,11","26,96",student_concept_state_buffers
assist_09,20470,no_LCRF,original,0.0,0.9038770198822021,2.342126864455933,"7,44",,student_concept_state_buffers
assist_09,20470,no_LCRF,target_concept_mask,0.0,0.9038770198822021,2.342126864455933,"7,44","7,44",student_concept_state_buffers
assist_09,20470,no_LCRF,random_history_mask,0.0,0.9038770198822021,2.342126864455933,"7,44","4,63",student_concept_state_buffers
assist_09,20573,no_LCRF,original,1.0,0.8573923707008362,0.15385962303741996,48,,student_concept_state_buffers
assist_09,20573,no_LCRF,target_concept_mask,1.0,0.8573923707008362,0.15385962303741996,48,48,student_concept_state_buffers
assist_09,20573,no_LCRF,random_history_mask,1.0,0.8573923707008362,0.15385962303741996,48,25,student_concept_state_buffers
assist_09,20674,no_LCRF,original,1.0,0.8720715641975403,0.13688378940675988,49,,student_concept_state_buffers
assist_09,20674,no_LCRF,target_concept_mask,1.0,0.8720715641975403,0.13688378940675988,49,49,student_concept_state_buffers
assist_09,20674,no_LCRF,random_history_mask,1.0,0.8720715641975403,0.13688378940675988,49,6,student_concept_state_buffers
assist_09,20722,no_LCRF,original,1.0,0.8922938704490662,0.11395974948316685,"32,33",,student_concept_state_buffers
assist_09,20722,no_LCRF,target_concept_mask,1.0,0.8922938704490662,0.11395974948316685,"32,33","32,33",student_concept_state_buffers
assist_09,20722,no_LCRF,random_history_mask,1.0,0.8922938704490662,0.11395974948316685,"32,33","17,29",student_concept_state_buffers
assist_09,20992,no_LCRF,original,1.0,0.9894880056381226,0.010567635652072159,11,,student_concept_state_buffers
assist_09,20992,no_LCRF,target_concept_mask,1.0,0.9894880056381226,0.010567635652072159,11,11,student_concept_state_buffers
assist_09,20992,no_LCRF,random_history_mask,1.0,0.9894880056381226,0.010567635652072159,11,10,student_concept_state_buffers
assist_09,21078,no_LCRF,original,0.0,0.7321485280990601,1.3173226614268843,99,,student_concept_state_buffers
assist_09,21078,no_LCRF,target_concept_mask,0.0,0.7321485280990601,1.3173226614268843,99,99,student_concept_state_buffers
assist_09,21078,no_LCRF,random_history_mask,0.0,0.7321485280990601,1.3173226614268843,99,81,student_concept_state_buffers
assist_09,21428,no_LCRF,original,1.0,0.3331601321697235,1.0991320271996134,30,,student_concept_state_buffers
assist_09,21428,no_LCRF,target_concept_mask,1.0,0.3331601321697235,1.0991320271996134,30,30,student_concept_state_buffers
assist_09,21428,no_LCRF,random_history_mask,1.0,0.3331601321697235,1.0991320271996134,30,48,student_concept_state_buffers
assist_09,21475,no_LCRF,original,0.0,0.07921472191810608,0.08252840988440735,48,,student_concept_state_buffers
assist_09,21475,no_LCRF,target_concept_mask,0.0,0.07921472191810608,0.08252840988440735,48,48,student_concept_state_buffers
assist_09,21475,no_LCRF,random_history_mask,0.0,0.07921472191810608,0.08252840988440735,48,33,student_concept_state_buffers
assist_09,21842,no_LCRF,original,1.0,0.9597799181938171,0.04105127268392509,14,,student_concept_state_buffers
assist_09,21842,no_LCRF,target_concept_mask,1.0,0.9597799181938171,0.04105127268392509,14,14,student_concept_state_buffers
assist_09,21842,no_LCRF,random_history_mask,1.0,0.9597799181938171,0.04105127268392509,14,79,student_concept_state_buffers
assist_09,21863,no_LCRF,original,1.0,0.9670083522796631,0.03354814625522052,14,,student_concept_state_buffers
assist_09,21863,no_LCRF,target_concept_mask,1.0,0.9670083522796631,0.03354814625522052,14,14,student_concept_state_buffers
assist_09,21863,no_LCRF,random_history_mask,1.0,0.9670083522796631,0.03354814625522052,14,8,student_concept_state_buffers
assist_09,21913,no_LCRF,original,1.0,0.8967698216438293,0.10895605894580858,33,,student_concept_state_buffers
assist_09,21913,no_LCRF,target_concept_mask,1.0,0.8967698216438293,0.10895605894580858,33,33,student_concept_state_buffers
assist_09,21913,no_LCRF,random_history_mask,1.0,0.8967698216438293,0.10895605894580858,33,98,student_concept_state_buffers
assist_09,22013,no_LCRF,original,1.0,0.9455615878105164,0.05597625518319595,82,,student_concept_state_buffers
assist_09,22013,no_LCRF,target_concept_mask,1.0,0.9455615878105164,0.05597625518319595,82,82,student_concept_state_buffers
assist_09,22013,no_LCRF,random_history_mask,1.0,0.9455615878105164,0.05597625518319595,82,55,student_concept_state_buffers
assist_09,22057,no_LCRF,original,0.0,0.5590409636497498,0.818803295944328,30,,student_concept_state_buffers
assist_09,22057,no_LCRF,target_concept_mask,0.0,0.5590409636497498,0.818803295944328,30,30,student_concept_state_buffers
assist_09,22057,no_LCRF,random_history_mask,0.0,0.5590409636497498,0.818803295944328,30,41,student_concept_state_buffers
assist_09,22093,no_LCRF,original,1.0,0.9224073886871338,0.08076829977409915,82,,student_concept_state_buffers
assist_09,22093,no_LCRF,target_concept_mask,1.0,0.9224073886871338,0.08076829977409915,82,82,student_concept_state_buffers
assist_09,22093,no_LCRF,random_history_mask,1.0,0.9224073886871338,0.08076829977409915,82,55,student_concept_state_buffers
assist_09,22173,no_LCRF,original,1.0,0.632933497428894,0.4573899217111192,82,,student_concept_state_buffers
assist_09,22173,no_LCRF,target_concept_mask,1.0,0.632933497428894,0.4573899217111192,82,82,student_concept_state_buffers
assist_09,22173,no_LCRF,random_history_mask,1.0,0.632933497428894,0.4573899217111192,82,55,student_concept_state_buffers
assist_09,22254,no_LCRF,original,1.0,0.7634110450744629,0.269958670509412,41,,student_concept_state_buffers
assist_09,22254,no_LCRF,target_concept_mask,1.0,0.7634110450744629,0.269958670509412,41,41,student_concept_state_buffers
assist_09,22254,no_LCRF,random_history_mask,1.0,0.7634110450744629,0.269958670509412,41,33,student_concept_state_buffers
assist_09,22329,no_LCRF,original,1.0,0.6648017168045044,0.40826645300665126,41,,student_concept_state_buffers
assist_09,22329,no_LCRF,target_concept_mask,1.0,0.6648017168045044,0.40826645300665126,41,41,student_concept_state_buffers
assist_09,22329,no_LCRF,random_history_mask,1.0,0.6648017168045044,0.40826645300665126,41,30,student_concept_state_buffers
assist_09,22330,no_LCRF,original,1.0,0.7887915968894958,0.23725312878101332,33,,student_concept_state_buffers
assist_09,22330,no_LCRF,target_concept_mask,1.0,0.7887915968894958,0.23725312878101332,33,33,student_concept_state_buffers
assist_09,22330,no_LCRF,random_history_mask,1.0,0.7887915968894958,0.23725312878101332,33,32,student_concept_state_buffers
assist_09,22371,no_LCRF,original,1.0,0.8884735107421875,0.11825044529028814,"37,55",,student_concept_state_buffers
assist_09,22371,no_LCRF,target_concept_mask,1.0,0.8884735107421875,0.11825044529028814,"37,55","37,55",student_concept_state_buffers
assist_09,22371,no_LCRF,random_history_mask,1.0,0.8884735107421875,0.11825044529028814,"37,55","33,45",student_concept_state_buffers
assist_09,22524,no_LCRF,original,0.0,0.45415976643562317,0.6054289585760848,"12,13",,student_concept_state_buffers
assist_09,22524,no_LCRF,target_concept_mask,0.0,0.45415976643562317,0.6054289585760848,"12,13","12,13",student_concept_state_buffers
assist_09,22524,no_LCRF,random_history_mask,0.0,0.45415976643562317,0.6054289585760848,"12,13","6,84",student_concept_state_buffers
assist_09,22552,no_LCRF,original,1.0,0.6686336994171143,0.40251890330922935,33,,student_concept_state_buffers
assist_09,22552,no_LCRF,target_concept_mask,1.0,0.6686336994171143,0.40251890330922935,33,33,student_concept_state_buffers
assist_09,22552,no_LCRF,random_history_mask,1.0,0.6686336994171143,0.40251890330922935,33,32,student_concept_state_buffers
assist_09,22594,no_LCRF,original,1.0,0.7370389699935913,0.3051145116729513,13,,student_concept_state_buffers
assist_09,22594,no_LCRF,target_concept_mask,1.0,0.7370389699935913,0.3051145116729513,13,13,student_concept_state_buffers
assist_09,22594,no_LCRF,random_history_mask,1.0,0.7370389699935913,0.3051145116729513,13,14,student_concept_state_buffers
assist_09,22679,no_LCRF,original,1.0,0.4472270905971527,0.8046887807176447,89,,student_concept_state_buffers
assist_09,22679,no_LCRF,target_concept_mask,1.0,0.4472270905971527,0.8046887807176447,89,89,student_concept_state_buffers
assist_09,22679,no_LCRF,random_history_mask,1.0,0.4472270905971527,0.8046887807176447,89,86,student_concept_state_buffers
assist_09,22685,no_LCRF,original,1.0,0.720510721206665,0.32779498342195124,"0,9",,student_concept_state_buffers
assist_09,22685,no_LCRF,target_concept_mask,1.0,0.720510721206665,0.32779498342195124,"0,9","0,9",student_concept_state_buffers
assist_09,22685,no_LCRF,random_history_mask,1.0,0.720510721206665,0.32779498342195124,"0,9","80,86",student_concept_state_buffers
assist_09,22783,no_LCRF,original,1.0,0.6302023530006409,0.46171431592959417,"12,13",,student_concept_state_buffers
assist_09,22783,no_LCRF,target_concept_mask,1.0,0.6302023530006409,0.46171431592959417,"12,13","12,13",student_concept_state_buffers
assist_09,22783,no_LCRF,random_history_mask,1.0,0.6302023530006409,0.46171431592959417,"12,13","84,85",student_concept_state_buffers
assist_09,22877,no_LCRF,original,0.0,0.719424843788147,1.2709136533238359,14,,student_concept_state_buffers
assist_09,22877,no_LCRF,target_concept_mask,0.0,0.719424843788147,1.2709136533238359,14,14,student_concept_state_buffers
assist_09,22877,no_LCRF,random_history_mask,0.0,0.719424843788147,1.2709136533238359,14,34,student_concept_state_buffers
assist_09,22907,no_LCRF,original,0.0,0.40544140338897705,0.5199360031819329,"12,13",,student_concept_state_buffers
assist_09,22907,no_LCRF,target_concept_mask,0.0,0.40544140338897705,0.5199360031819329,"12,13","12,13",student_concept_state_buffers
assist_09,22907,no_LCRF,random_history_mask,0.0,0.40544140338897705,0.5199360031819329,"12,13","56,114",student_concept_state_buffers
assist_09,23146,no_LCRF,original,1.0,0.7200300693511963,0.3284623048563127,79,,student_concept_state_buffers
assist_09,23146,no_LCRF,target_concept_mask,1.0,0.7200300693511963,0.3284623048563127,79,79,student_concept_state_buffers
assist_09,23146,no_LCRF,random_history_mask,1.0,0.7200300693511963,0.3284623048563127,79,98,student_concept_state_buffers
assist_09,23173,no_LCRF,original,1.0,0.6845720410346985,0.3789613935758521,"32,33",,student_concept_state_buffers
assist_09,23173,no_LCRF,target_concept_mask,1.0,0.6845720410346985,0.3789613935758521,"32,33","32,33",student_concept_state_buffers
assist_09,23173,no_LCRF,random_history_mask,1.0,0.6845720410346985,0.3789613935758521,"32,33","41,79",student_concept_state_buffers
assist_09,23263,no_LCRF,original,0.0,0.6155211925506592,0.9558666087223092,53,,student_concept_state_buffers
assist_09,23263,no_LCRF,target_concept_mask,0.0,0.6155211925506592,0.9558666087223092,53,53,student_concept_state_buffers
assist_09,23263,no_LCRF,random_history_mask,0.0,0.6155211925506592,0.9558666087223092,53,52,student_concept_state_buffers
assist_09,23269,no_LCRF,original,1.0,0.6272438168525696,0.46641995133290465,53,,student_concept_state_buffers
assist_09,23269,no_LCRF,target_concept_mask,1.0,0.6272438168525696,0.46641995133290465,53,53,student_concept_state_buffers
assist_09,23269,no_LCRF,random_history_mask,1.0,0.6272438168525696,0.46641995133290465,53,82,student_concept_state_buffers
assist_09,23672,no_LCRF,original,1.0,0.8657656908035278,0.1441409719209861,53,,student_concept_state_buffers
assist_09,23672,no_LCRF,target_concept_mask,1.0,0.8657656908035278,0.1441409719209861,53,53,student_concept_state_buffers
assist_09,23672,no_LCRF,random_history_mask,1.0,0.8657656908035278,0.1441409719209861,53,4,student_concept_state_buffers
assist_09,23722,no_LCRF,original,1.0,0.9662037491798401,0.03438054653419045,66,,student_concept_state_buffers
assist_09,23722,no_LCRF,target_concept_mask,1.0,0.9662037491798401,0.03438054653419045,66,66,student_concept_state_buffers
assist_09,23722,no_LCRF,random_history_mask,1.0,0.9662037491798401,0.03438054653419045,66,6,student_concept_state_buffers
assist_09,24097,no_LCRF,original,1.0,0.6478614807128906,0.4340783698126726,"34,35,46",,student_concept_state_buffers
assist_09,24097,no_LCRF,target_concept_mask,1.0,0.6478614807128906,0.4340783698126726,"34,35,46","34,35,46",student_concept_state_buffers
assist_09,24097,no_LCRF,random_history_mask,1.0,0.6478614807128906,0.4340783698126726,"34,35,46","14,22,29",student_concept_state_buffers
assist_09,24192,no_LCRF,original,1.0,0.7262964248657227,0.319797048775462,79,,student_concept_state_buffers
assist_09,24192,no_LCRF,target_concept_mask,1.0,0.7262964248657227,0.319797048775462,79,79,student_concept_state_buffers
assist_09,24192,no_LCRF,random_history_mask,1.0,0.7262964248657227,0.319797048775462,79,81,student_concept_state_buffers
assist_09,24247,no_LCRF,original,1.0,0.7274566888809204,0.3182008158930212,79,,student_concept_state_buffers
assist_09,24247,no_LCRF,target_concept_mask,1.0,0.7274566888809204,0.3182008158930212,79,79,student_concept_state_buffers
assist_09,24247,no_LCRF,random_history_mask,1.0,0.7274566888809204,0.3182008158930212,79,45,student_concept_state_buffers
assist_09,24576,no_LCRF,original,1.0,0.8597157597541809,0.15115345627942714,79,,student_concept_state_buffers
assist_09,24576,no_LCRF,target_concept_mask,1.0,0.8597157597541809,0.15115345627942714,79,79,student_concept_state_buffers
assist_09,24576,no_LCRF,random_history_mask,1.0,0.8597157597541809,0.15115345627942714,79,41,student_concept_state_buffers
assist_09,24583,no_LCRF,original,0.0,0.7840506434440613,1.5327113591772787,41,,student_concept_state_buffers
assist_09,24583,no_LCRF,target_concept_mask,0.0,0.7840506434440613,1.5327113591772787,41,41,student_concept_state_buffers
assist_09,24583,no_LCRF,random_history_mask,0.0,0.7840506434440613,1.5327113591772787,41,56,student_concept_state_buffers
assist_09,24675,no_LCRF,original,1.0,0.4500739574432373,0.7983433598478719,98,,student_concept_state_buffers
assist_09,24675,no_LCRF,target_concept_mask,1.0,0.4500739574432373,0.7983433598478719,98,98,student_concept_state_buffers
assist_09,24675,no_LCRF,random_history_mask,1.0,0.4500739574432373,0.7983433598478719,98,82,student_concept_state_buffers
assist_09,24743,no_LCRF,original,1.0,0.9103431105613708,0.09393370596174916,13,,student_concept_state_buffers
assist_09,24743,no_LCRF,target_concept_mask,1.0,0.9103431105613708,0.09393370596174916,13,13,student_concept_state_buffers
assist_09,24743,no_LCRF,random_history_mask,1.0,0.9103431105613708,0.09393370596174916,13,45,student_concept_state_buffers
assist_09,24783,no_LCRF,original,1.0,0.8882638812065125,0.11848641661345352,"39,46",,student_concept_state_buffers
assist_09,24783,no_LCRF,target_concept_mask,1.0,0.8882638812065125,0.11848641661345352,"39,46","39,46",student_concept_state_buffers
assist_09,24783,no_LCRF,random_history_mask,1.0,0.8882638812065125,0.11848641661345352,"39,46","9,34",student_concept_state_buffers
assist_09,24872,no_LCRF,original,0.0,0.9670234322547913,3.4119580380605807,79,,student_concept_state_buffers
assist_09,24872,no_LCRF,target_concept_mask,0.0,0.9670234322547913,3.4119580380605807,79,79,student_concept_state_buffers
assist_09,24872,no_LCRF,random_history_mask,0.0,0.9670234322547913,3.4119580380605807,79,37,student_concept_state_buffers
assist_09,24954,no_LCRF,original,1.0,0.9431652426719666,0.05851378087057519,"45,55",,student_concept_state_buffers
assist_09,24954,no_LCRF,target_concept_mask,1.0,0.9431652426719666,0.05851378087057519,"45,55","45,55",student_concept_state_buffers
assist_09,24954,no_LCRF,random_history_mask,1.0,0.9431652426719666,0.05851378087057519,"45,55","1,79",student_concept_state_buffers
assist_09,25039,no_LCRF,original,1.0,0.9369694590568542,0.06510459166462017,33,,student_concept_state_buffers
assist_09,25039,no_LCRF,target_concept_mask,1.0,0.9369694590568542,0.06510459166462017,33,33,student_concept_state_buffers
assist_09,25039,no_LCRF,random_history_mask,1.0,0.9369694590568542,0.06510459166462017,33,51,student_concept_state_buffers
assist_09,25116,no_LCRF,original,1.0,0.9470674991607666,0.05438491150322069,33,,student_concept_state_buffers
assist_09,25116,no_LCRF,target_concept_mask,1.0,0.9470674991607666,0.05438491150322069,33,33,student_concept_state_buffers
assist_09,25116,no_LCRF,random_history_mask,1.0,0.9470674991607666,0.05438491150322069,33,23,student_concept_state_buffers
assist_09,25145,no_LCRF,original,1.0,0.8799690008163452,0.1278685984754094,7,,student_concept_state_buffers
assist_09,25145,no_LCRF,target_concept_mask,1.0,0.8799690008163452,0.1278685984754094,7,7,student_concept_state_buffers
assist_09,25145,no_LCRF,random_history_mask,1.0,0.8799690008163452,0.1278685984754094,7,11,student_concept_state_buffers
assist_09,25414,no_LCRF,original,1.0,0.9721356630325317,0.028259913239703567,49,,student_concept_state_buffers
assist_09,25414,no_LCRF,target_concept_mask,1.0,0.9721356630325317,0.028259913239703567,49,49,student_concept_state_buffers
assist_09,25414,no_LCRF,random_history_mask,1.0,0.9721356630325317,0.028259913239703567,49,96,student_concept_state_buffers
assist_09,25426,no_LCRF,original,1.0,0.7900972366333008,0.23559925674937612,"34,35,46",,student_concept_state_buffers
assist_09,25426,no_LCRF,target_concept_mask,1.0,0.7900972366333008,0.23559925674937612,"34,35,46","34,35,46",student_concept_state_buffers
assist_09,25426,no_LCRF,random_history_mask,1.0,0.7900972366333008,0.23559925674937612,"34,35,46","10,31,80",student_concept_state_buffers
assist_09,25631,no_LCRF,original,0.0,0.9229122400283813,2.562810766247723,30,,student_concept_state_buffers
assist_09,25631,no_LCRF,target_concept_mask,0.0,0.9229122400283813,2.562810766247723,30,30,student_concept_state_buffers
assist_09,25631,no_LCRF,random_history_mask,0.0,0.9229122400283813,2.562810766247723,30,97,student_concept_state_buffers
assist_09,25894,no_LCRF,original,1.0,0.8491358757019043,0.1635360634244397,98,,student_concept_state_buffers
assist_09,25894,no_LCRF,target_concept_mask,1.0,0.8491358757019043,0.1635360634244397,98,98,student_concept_state_buffers
assist_09,25894,no_LCRF,random_history_mask,1.0,0.8491358757019043,0.1635360634244397,98,66,student_concept_state_buffers
assist_09,25985,no_LCRF,original,0.0,0.5916279554367065,0.8955766461527938,99,,student_concept_state_buffers
assist_09,25985,no_LCRF,target_concept_mask,0.0,0.5916279554367065,0.8955766461527938,99,99,student_concept_state_buffers
assist_09,25985,no_LCRF,random_history_mask,0.0,0.5916279554367065,0.8955766461527938,99,97,student_concept_state_buffers
assist_09,26069,no_LCRF,original,0.0,0.5543032884597778,0.8081165772479562,98,,student_concept_state_buffers
assist_09,26069,no_LCRF,target_concept_mask,0.0,0.5543032884597778,0.8081165772479562,98,98,student_concept_state_buffers
assist_09,26069,no_LCRF,random_history_mask,0.0,0.5543032884597778,0.8081165772479562,98,45,student_concept_state_buffers
assist_09,26193,no_LCRF,original,0.0,0.8531895875930786,1.918613236114617,36,,student_concept_state_buffers
assist_09,26193,no_LCRF,target_concept_mask,0.0,0.8531895875930786,1.918613236114617,36,36,student_concept_state_buffers
assist_09,26193,no_LCRF,random_history_mask,0.0,0.8531895875930786,1.918613236114617,36,48,student_concept_state_buffers
assist_09,26215,no_LCRF,original,0.0,0.7729648351669312,1.4826503623393352,2,,student_concept_state_buffers
assist_09,26215,no_LCRF,target_concept_mask,0.0,0.7729648351669312,1.4826503623393352,2,2,student_concept_state_buffers
assist_09,26215,no_LCRF,random_history_mask,0.0,0.7729648351669312,1.4826503623393352,2,29,student_concept_state_buffers
assist_09,26250,no_LCRF,original,0.0,0.49304208159446716,0.6793272800082609,92,,student_concept_state_buffers
assist_09,26250,no_LCRF,target_concept_mask,0.0,0.49304208159446716,0.6793272800082609,92,92,student_concept_state_buffers
assist_09,26250,no_LCRF,random_history_mask,0.0,0.49304208159446716,0.6793272800082609,92,48,student_concept_state_buffers
assist_09,26407,no_LCRF,original,1.0,0.4438011050224304,0.8123787785759041,97,,student_concept_state_buffers
assist_09,26407,no_LCRF,target_concept_mask,1.0,0.4438011050224304,0.8123787785759041,97,97,student_concept_state_buffers
assist_09,26407,no_LCRF,random_history_mask,1.0,0.4438011050224304,0.8123787785759041,97,10,student_concept_state_buffers
assist_09,26433,no_LCRF,original,1.0,0.368416965007782,0.9985399251515543,103,,student_concept_state_buffers
assist_09,26433,no_LCRF,target_concept_mask,1.0,0.368416965007782,0.9985399251515543,103,103,student_concept_state_buffers
assist_09,26433,no_LCRF,random_history_mask,1.0,0.368416965007782,0.9985399251515543,103,46,student_concept_state_buffers
assist_09,26577,no_LCRF,original,1.0,0.9088215231895447,0.09560654820860301,82,,student_concept_state_buffers
assist_09,26577,no_LCRF,target_concept_mask,1.0,0.9088215231895447,0.09560654820860301,82,82,student_concept_state_buffers
assist_09,26577,no_LCRF,random_history_mask,1.0,0.9088215231895447,0.09560654820860301,82,97,student_concept_state_buffers
assist_09,26679,no_LCRF,original,1.0,0.5424768328666687,0.6116098988726184,30,,student_concept_state_buffers
assist_09,26679,no_LCRF,target_concept_mask,1.0,0.5424768328666687,0.6116098988726184,30,30,student_concept_state_buffers
assist_09,26679,no_LCRF,random_history_mask,1.0,0.5424768328666687,0.6116098988726184,30,32,student_concept_state_buffers
assist_09,26693,no_LCRF,original,1.0,0.649647057056427,0.43132605270840413,"1,24,31,48",,student_concept_state_buffers
assist_09,26693,no_LCRF,target_concept_mask,1.0,0.649647057056427,0.43132605270840413,"1,24,31,48","1,24,31,48",student_concept_state_buffers
assist_09,26693,no_LCRF,random_history_mask,1.0,0.649647057056427,0.43132605270840413,"1,24,31,48","32,44,47,51",student_concept_state_buffers
assist_09,26868,no_LCRF,original,1.0,0.20945580303668976,1.563242525901332,"1,24,31,48",,student_concept_state_buffers
assist_09,26868,no_LCRF,target_concept_mask,1.0,0.20945580303668976,1.563242525901332,"1,24,31,48","1,24,31,48",student_concept_state_buffers
assist_09,26868,no_LCRF,random_history_mask,1.0,0.20945580303668976,1.563242525901332,"1,24,31,48","32,33,44,51",student_concept_state_buffers
assist_09,27010,no_LCRF,original,1.0,0.6702602505683899,0.40008920833379474,82,,student_concept_state_buffers
assist_09,27010,no_LCRF,target_concept_mask,1.0,0.6702602505683899,0.40008920833379474,82,82,student_concept_state_buffers
assist_09,27010,no_LCRF,random_history_mask,1.0,0.6702602505683899,0.40008920833379474,82,32,student_concept_state_buffers
assist_09,27039,no_LCRF,original,1.0,0.7096059322357178,0.3430454880502943,79,,student_concept_state_buffers
assist_09,27039,no_LCRF,target_concept_mask,1.0,0.7096059322357178,0.3430454880502943,79,79,student_concept_state_buffers
assist_09,27039,no_LCRF,random_history_mask,1.0,0.7096059322357178,0.3430454880502943,79,45,student_concept_state_buffers
assist_09,27113,no_LCRF,original,1.0,0.7188873887062073,0.3300505556330272,"45,55",,student_concept_state_buffers
assist_09,27113,no_LCRF,target_concept_mask,1.0,0.7188873887062073,0.3300505556330272,"45,55","45,55",student_concept_state_buffers
assist_09,27113,no_LCRF,random_history_mask,1.0,0.7188873887062073,0.3300505556330272,"45,55","39,58",student_concept_state_buffers
assist_09,27132,no_LCRF,original,1.0,0.8423231840133667,0.17159150938881781,82,,student_concept_state_buffers
assist_09,27132,no_LCRF,target_concept_mask,1.0,0.8423231840133667,0.17159150938881781,82,82,student_concept_state_buffers
assist_09,27132,no_LCRF,random_history_mask,1.0,0.8423231840133667,0.17159150938881781,82,46,student_concept_state_buffers
assist_09,27185,no_LCRF,original,0.0,0.8296205401420593,1.7697272125923253,56,,student_concept_state_buffers
assist_09,27185,no_LCRF,target_concept_mask,0.0,0.8296205401420593,1.7697272125923253,56,56,student_concept_state_buffers
assist_09,27185,no_LCRF,random_history_mask,0.0,0.8296205401420593,1.7697272125923253,56,79,student_concept_state_buffers
assist_09,27522,no_LCRF,original,1.0,0.8492859601974487,0.16335932936136682,30,,student_concept_state_buffers
assist_09,27522,no_LCRF,target_concept_mask,1.0,0.8492859601974487,0.16335932936136682,30,30,student_concept_state_buffers
assist_09,27522,no_LCRF,random_history_mask,1.0,0.8492859601974487,0.16335932936136682,30,45,student_concept_state_buffers
assist_09,27531,no_LCRF,original,0.0,0.9911318421363831,4.725288185896108,"6,40",,student_concept_state_buffers
assist_09,27531,no_LCRF,target_concept_mask,0.0,0.9911318421363831,4.725288185896108,"6,40","6,40",student_concept_state_buffers
assist_09,27531,no_LCRF,random_history_mask,0.0,0.9911318421363831,4.725288185896108,"6,40","4,80",student_concept_state_buffers
assist_09,27546,no_LCRF,original,0.0,0.5919257402420044,0.8963061119288687,103,,student_concept_state_buffers
assist_09,27546,no_LCRF,target_concept_mask,0.0,0.5919257402420044,0.8963061119288687,103,103,student_concept_state_buffers
assist_09,27546,no_LCRF,random_history_mask,0.0,0.5919257402420044,0.8963061119288687,103,80,student_concept_state_buffers
assist_09,27601,no_LCRF,original,1.0,0.9394124150276184,0.0625006895646935,60,,student_concept_state_buffers
assist_09,27601,no_LCRF,target_concept_mask,1.0,0.9394124150276184,0.0625006895646935,60,60,student_concept_state_buffers
assist_09,27601,no_LCRF,random_history_mask,1.0,0.9394124150276184,0.0625006895646935,60,39,student_concept_state_buffers
assist_09,27686,no_LCRF,original,1.0,0.9250348210334778,0.07792389781772649,82,,student_concept_state_buffers
assist_09,27686,no_LCRF,target_concept_mask,1.0,0.9250348210334778,0.07792389781772649,82,82,student_concept_state_buffers
assist_09,27686,no_LCRF,random_history_mask,1.0,0.9250348210334778,0.07792389781772649,82,45,student_concept_state_buffers
assist_09,27747,no_LCRF,original,1.0,0.684528112411499,0.3790255651020973,79,,student_concept_state_buffers
assist_09,27747,no_LCRF,target_concept_mask,1.0,0.684528112411499,0.3790255651020973,79,79,student_concept_state_buffers
assist_09,27747,no_LCRF,random_history_mask,1.0,0.684528112411499,0.3790255651020973,79,30,student_concept_state_buffers
assist_09,28168,no_LCRF,original,1.0,0.5117470026016235,0.6699249116115337,42,,student_concept_state_buffers
assist_09,28168,no_LCRF,target_concept_mask,1.0,0.5117470026016235,0.6699249116115337,42,42,student_concept_state_buffers
assist_09,28168,no_LCRF,random_history_mask,1.0,0.5117470026016235,0.6699249116115337,42,32,student_concept_state_buffers
assist_09,28181,no_LCRF,original,0.0,0.05276229605078697,0.05420520995499602,47,,student_concept_state_buffers
assist_09,28181,no_LCRF,target_concept_mask,0.0,0.05276229605078697,0.05420520995499602,47,47,student_concept_state_buffers
assist_09,28181,no_LCRF,random_history_mask,0.0,0.05276229605078697,0.05420520995499602,47,14,student_concept_state_buffers
assist_09,28419,no_LCRF,original,1.0,0.45592084527015686,0.7854360694692258,49,,student_concept_state_buffers
assist_09,28419,no_LCRF,target_concept_mask,1.0,0.45592084527015686,0.7854360694692258,49,49,student_concept_state_buffers
assist_09,28419,no_LCRF,random_history_mask,1.0,0.45592084527015686,0.7854360694692258,49,20,student_concept_state_buffers
assist_09,28549,no_LCRF,original,1.0,0.959224283695221,0.04163035897625992,56,,student_concept_state_buffers
assist_09,28549,no_LCRF,target_concept_mask,1.0,0.959224283695221,0.04163035897625992,56,56,student_concept_state_buffers
assist_09,28549,no_LCRF,random_history_mask,1.0,0.959224283695221,0.04163035897625992,56,,student_concept_state_buffers
assist_09,28557,no_LCRF,original,1.0,0.8003830909729004,0.2226648022167239,56,,student_concept_state_buffers
assist_09,28557,no_LCRF,target_concept_mask,1.0,0.8003830909729004,0.2226648022167239,56,56,student_concept_state_buffers
assist_09,28557,no_LCRF,random_history_mask,1.0,0.8003830909729004,0.2226648022167239,56,,student_concept_state_buffers
assist_09,28686,no_LCRF,original,1.0,0.3688701093196869,0.9973107041744307,30,,student_concept_state_buffers
assist_09,28686,no_LCRF,target_concept_mask,1.0,0.3688701093196869,0.9973107041744307,30,30,student_concept_state_buffers
assist_09,28686,no_LCRF,random_history_mask,1.0,0.3688701093196869,0.9973107041744307,30,1,student_concept_state_buffers
assist_09,28862,no_LCRF,original,0.0,0.36244577169418335,0.45011594155816936,30,,student_concept_state_buffers
assist_09,28862,no_LCRF,target_concept_mask,0.0,0.36244577169418335,0.45011594155816936,30,30,student_concept_state_buffers
assist_09,28862,no_LCRF,random_history_mask,0.0,0.36244577169418335,0.45011594155816936,30,44,student_concept_state_buffers
assist_09,28866,no_LCRF,original,0.0,0.4176112711429596,0.5406171352109689,30,,student_concept_state_buffers
assist_09,28866,no_LCRF,target_concept_mask,0.0,0.4176112711429596,0.5406171352109689,30,30,student_concept_state_buffers
assist_09,28866,no_LCRF,random_history_mask,0.0,0.4176112711429596,0.5406171352109689,30,,student_concept_state_buffers
assist_09,28890,no_LCRF,original,1.0,0.41955986618995667,0.8685490548182426,48,,student_concept_state_buffers
assist_09,28890,no_LCRF,target_concept_mask,1.0,0.41955986618995667,0.8685490548182426,48,48,student_concept_state_buffers
assist_09,28890,no_LCRF,random_history_mask,1.0,0.41955986618995667,0.8685490548182426,48,1,student_concept_state_buffers
assist_09,28964,no_LCRF,original,0.0,0.7552974820137024,1.4077120184912448,30,,student_concept_state_buffers
assist_09,28964,no_LCRF,target_concept_mask,0.0,0.7552974820137024,1.4077120184912448,30,30,student_concept_state_buffers
assist_09,28964,no_LCRF,random_history_mask,0.0,0.7552974820137024,1.4077120184912448,30,,student_concept_state_buffers
assist_09,29019,no_LCRF,original,1.0,0.6241356730461121,0.4713875094926608,32,,student_concept_state_buffers
assist_09,29019,no_LCRF,target_concept_mask,1.0,0.6241356730461121,0.4713875094926608,32,32,student_concept_state_buffers
assist_09,29019,no_LCRF,random_history_mask,1.0,0.6241356730461121,0.4713875094926608,32,1,student_concept_state_buffers
assist_09,29108,no_LCRF,original,1.0,0.7266342043876648,0.31933208572598576,32,,student_concept_state_buffers
assist_09,29108,no_LCRF,target_concept_mask,1.0,0.7266342043876648,0.31933208572598576,32,32,student_concept_state_buffers
assist_09,29108,no_LCRF,random_history_mask,1.0,0.7266342043876648,0.31933208572598576,32,17,student_concept_state_buffers
assist_09,29356,no_LCRF,original,0.0,0.6327585577964783,1.0017357665726385,82,,student_concept_state_buffers
assist_09,29356,no_LCRF,target_concept_mask,0.0,0.6327585577964783,1.0017357665726385,82,82,student_concept_state_buffers
assist_09,29356,no_LCRF,random_history_mask,0.0,0.6327585577964783,1.0017357665726385,82,37,student_concept_state_buffers
assist_09,29369,no_LCRF,original,1.0,0.8523178100585938,0.1597958052054835,98,,student_concept_state_buffers
assist_09,29369,no_LCRF,target_concept_mask,1.0,0.8523178100585938,0.1597958052054835,98,98,student_concept_state_buffers
assist_09,29369,no_LCRF,random_history_mask,1.0,0.8523178100585938,0.1597958052054835,98,59,student_concept_state_buffers
assist_09,29419,no_LCRF,original,1.0,0.9274609684944153,0.07530456787184513,4,,student_concept_state_buffers
assist_09,29419,no_LCRF,target_concept_mask,1.0,0.9274609684944153,0.07530456787184513,4,4,student_concept_state_buffers
assist_09,29419,no_LCRF,random_history_mask,1.0,0.9274609684944153,0.07530456787184513,4,11,student_concept_state_buffers
assist_09,29460,no_LCRF,original,0.0,0.18901625275611877,0.2095072654573243,"5,8",,student_concept_state_buffers
assist_09,29460,no_LCRF,target_concept_mask,0.0,0.18901625275611877,0.2095072654573243,"5,8","5,8",student_concept_state_buffers
assist_09,29460,no_LCRF,random_history_mask,0.0,0.18901625275611877,0.2095072654573243,"5,8","6,44",student_concept_state_buffers
assist_09,29895,no_LCRF,original,0.0,0.22056841850280762,0.24919036663005026,82,,student_concept_state_buffers
assist_09,29895,no_LCRF,target_concept_mask,0.0,0.22056841850280762,0.24919036663005026,82,82,student_concept_state_buffers
assist_09,29895,no_LCRF,random_history_mask,0.0,0.22056841850280762,0.24919036663005026,82,37,student_concept_state_buffers
assist_09,29908,no_LCRF,original,1.0,0.5966203808784485,0.5164742457711947,79,,student_concept_state_buffers
assist_09,29908,no_LCRF,target_concept_mask,1.0,0.5966203808784485,0.5164742457711947,79,79,student_concept_state_buffers
assist_09,29908,no_LCRF,random_history_mask,1.0,0.5966203808784485,0.5164742457711947,79,78,student_concept_state_buffers
assist_09,29959,no_LCRF,original,1.0,0.710635781288147,0.34159524303478483,38,,student_concept_state_buffers
assist_09,29959,no_LCRF,target_concept_mask,1.0,0.710635781288147,0.34159524303478483,38,38,student_concept_state_buffers
assist_09,29959,no_LCRF,random_history_mask,1.0,0.710635781288147,0.34159524303478483,38,34,student_concept_state_buffers
assist_09,30075,no_LCRF,original,1.0,0.6881682872772217,0.3737218673587638,79,,student_concept_state_buffers
assist_09,30075,no_LCRF,target_concept_mask,1.0,0.6881682872772217,0.3737218673587638,79,79,student_concept_state_buffers
assist_09,30075,no_LCRF,random_history_mask,1.0,0.6881682872772217,0.3737218673587638,79,38,student_concept_state_buffers
assist_09,30464,no_LCRF,original,1.0,0.7219274044036865,0.3258306930619232,30,,student_concept_state_buffers
assist_09,30464,no_LCRF,target_concept_mask,1.0,0.7219274044036865,0.3258306930619232,30,30,student_concept_state_buffers
assist_09,30464,no_LCRF,random_history_mask,1.0,0.7219274044036865,0.3258306930619232,30,32,student_concept_state_buffers
assist_09,30606,no_LCRF,original,1.0,0.8263653516769409,0.19071828887446524,79,,student_concept_state_buffers
assist_09,30606,no_LCRF,target_concept_mask,1.0,0.8263653516769409,0.19071828887446524,79,79,student_concept_state_buffers
assist_09,30606,no_LCRF,random_history_mask,1.0,0.8263653516769409,0.19071828887446524,79,34,student_concept_state_buffers
assist_09,30691,no_LCRF,original,0.0,0.5390577912330627,0.7744826044361114,79,,student_concept_state_buffers
assist_09,30691,no_LCRF,target_concept_mask,0.0,0.5390577912330627,0.7744826044361114,79,79,student_concept_state_buffers
assist_09,30691,no_LCRF,random_history_mask,0.0,0.5390577912330627,0.7744826044361114,79,82,student_concept_state_buffers
assist_09,30920,no_LCRF,original,0.0,0.4796504080295563,0.6532544010430101,79,,student_concept_state_buffers
assist_09,30920,no_LCRF,target_concept_mask,0.0,0.4796504080295563,0.6532544010430101,79,79,student_concept_state_buffers
assist_09,30920,no_LCRF,random_history_mask,0.0,0.4796504080295563,0.6532544010430101,79,58,student_concept_state_buffers
assist_09,30951,no_LCRF,original,0.0,0.6606336832046509,1.080675174491319,33,,student_concept_state_buffers
assist_09,30951,no_LCRF,target_concept_mask,0.0,0.6606336832046509,1.080675174491319,33,33,student_concept_state_buffers
assist_09,30951,no_LCRF,random_history_mask,0.0,0.6606336832046509,1.080675174491319,33,37,student_concept_state_buffers
assist_09,31279,no_LCRF,original,1.0,0.9741880893707275,0.026150883746097045,34,,student_concept_state_buffers
assist_09,31279,no_LCRF,target_concept_mask,1.0,0.9741880893707275,0.026150883746097045,34,34,student_concept_state_buffers
assist_09,31279,no_LCRF,random_history_mask,1.0,0.9741880893707275,0.026150883746097045,34,53,student_concept_state_buffers
assist_09,31471,no_LCRF,original,1.0,0.9872828722000122,0.012798682636339596,42,,student_concept_state_buffers
assist_09,31471,no_LCRF,target_concept_mask,1.0,0.9872828722000122,0.012798682636339596,42,42,student_concept_state_buffers
assist_09,31471,no_LCRF,random_history_mask,1.0,0.9872828722000122,0.012798682636339596,42,34,student_concept_state_buffers
assist_09,31481,no_LCRF,original,1.0,0.8608679175376892,0.1498141922018629,79,,student_concept_state_buffers
assist_09,31481,no_LCRF,target_concept_mask,1.0,0.8608679175376892,0.1498141922018629,79,79,student_concept_state_buffers
assist_09,31481,no_LCRF,random_history_mask,1.0,0.8608679175376892,0.1498141922018629,79,42,student_concept_state_buffers
assist_09,31514,no_LCRF,original,1.0,0.884618878364563,0.12259837264453849,82,,student_concept_state_buffers
assist_09,31514,no_LCRF,target_concept_mask,1.0,0.884618878364563,0.12259837264453849,82,82,student_concept_state_buffers
assist_09,31514,no_LCRF,random_history_mask,1.0,0.884618878364563,0.12259837264453849,82,53,student_concept_state_buffers
assist_09,31655,no_LCRF,original,1.0,0.20032361149787903,1.607821162589352,79,,student_concept_state_buffers
assist_09,31655,no_LCRF,target_concept_mask,1.0,0.20032361149787903,1.607821162589352,79,79,student_concept_state_buffers
assist_09,31655,no_LCRF,random_history_mask,1.0,0.20032361149787903,1.607821162589352,79,80,student_concept_state_buffers
assist_09,31717,no_LCRF,original,1.0,0.6693520545959473,0.401445117215915,32,,student_concept_state_buffers
assist_09,31717,no_LCRF,target_concept_mask,1.0,0.6693520545959473,0.401445117215915,32,32,student_concept_state_buffers
assist_09,31717,no_LCRF,random_history_mask,1.0,0.6693520545959473,0.401445117215915,32,81,student_concept_state_buffers
assist_09,31749,no_LCRF,original,1.0,0.41616034507751465,0.876684648087804,33,,student_concept_state_buffers
assist_09,31749,no_LCRF,target_concept_mask,1.0,0.41616034507751465,0.876684648087804,33,33,student_concept_state_buffers
assist_09,31749,no_LCRF,random_history_mask,1.0,0.41616034507751465,0.876684648087804,33,79,student_concept_state_buffers
assist_09,31877,no_LCRF,original,0.0,0.5043193101882935,0.7018233301073563,82,,student_concept_state_buffers
assist_09,31877,no_LCRF,target_concept_mask,0.0,0.5043193101882935,0.7018233301073563,82,82,student_concept_state_buffers
assist_09,31877,no_LCRF,random_history_mask,0.0,0.5043193101882935,0.7018233301073563,82,55,student_concept_state_buffers
assist_09,31950,no_LCRF,original,0.0,0.5721325278282166,0.848941775808534,82,,student_concept_state_buffers
assist_09,31950,no_LCRF,target_concept_mask,0.0,0.5721325278282166,0.848941775808534,82,82,student_concept_state_buffers
assist_09,31950,no_LCRF,random_history_mask,0.0,0.5721325278282166,0.848941775808534,82,37,student_concept_state_buffers
assist_09,32031,no_LCRF,original,1.0,0.6052604913711548,0.5020963493676414,"37,55",,student_concept_state_buffers
assist_09,32031,no_LCRF,target_concept_mask,1.0,0.6052604913711548,0.5020963493676414,"37,55","37,55",student_concept_state_buffers
assist_09,32031,no_LCRF,random_history_mask,1.0,0.6052604913711548,0.5020963493676414,"37,55","30,45",student_concept_state_buffers
assist_09,32140,no_LCRF,original,1.0,0.5336061716079712,0.6280972184656536,81,,student_concept_state_buffers
assist_09,32140,no_LCRF,target_concept_mask,1.0,0.5336061716079712,0.6280972184656536,81,81,student_concept_state_buffers
assist_09,32140,no_LCRF,random_history_mask,1.0,0.5336061716079712,0.6280972184656536,81,55,student_concept_state_buffers
assist_09,32322,no_LCRF,original,0.0,0.9692699909210205,3.4825156073962633,99,,student_concept_state_buffers
assist_09,32322,no_LCRF,target_concept_mask,0.0,0.9692699909210205,3.4825156073962633,99,99,student_concept_state_buffers
assist_09,32322,no_LCRF,random_history_mask,0.0,0.9692699909210205,3.4825156073962633,99,63,student_concept_state_buffers
assist_09,32568,no_LCRF,original,0.0,0.4478662312030792,0.5939649272863405,79,,student_concept_state_buffers
assist_09,32568,no_LCRF,target_concept_mask,0.0,0.4478662312030792,0.5939649272863405,79,79,student_concept_state_buffers
assist_09,32568,no_LCRF,random_history_mask,0.0,0.4478662312030792,0.5939649272863405,79,36,student_concept_state_buffers
assist_09,32613,no_LCRF,original,0.0,0.3748261034488678,0.4697254334639592,8,,student_concept_state_buffers
assist_09,32613,no_LCRF,target_concept_mask,0.0,0.3748261034488678,0.4697254334639592,8,8,student_concept_state_buffers
assist_09,32613,no_LCRF,random_history_mask,0.0,0.3748261034488678,0.4697254334639592,8,19,student_concept_state_buffers
assist_09,32691,no_LCRF,original,1.0,0.5912196040153503,0.5255677501967142,81,,student_concept_state_buffers
assist_09,32691,no_LCRF,target_concept_mask,1.0,0.5912196040153503,0.5255677501967142,81,81,student_concept_state_buffers
assist_09,32691,no_LCRF,random_history_mask,1.0,0.5912196040153503,0.5255677501967142,81,88,student_concept_state_buffers
assist_09,32736,no_LCRF,original,0.0,0.7851580381393433,1.53785258225758,98,,student_concept_state_buffers
assist_09,32736,no_LCRF,target_concept_mask,0.0,0.7851580381393433,1.53785258225758,98,98,student_concept_state_buffers
assist_09,32736,no_LCRF,random_history_mask,0.0,0.7851580381393433,1.53785258225758,98,101,student_concept_state_buffers
assist_09,32828,no_LCRF,original,1.0,0.47610899806022644,0.7421084634428737,26,,student_concept_state_buffers
assist_09,32828,no_LCRF,target_concept_mask,1.0,0.47610899806022644,0.7421084634428737,26,26,student_concept_state_buffers
assist_09,32828,no_LCRF,random_history_mask,1.0,0.47610899806022644,0.7421084634428737,26,98,student_concept_state_buffers
assist_09,32954,no_LCRF,original,1.0,0.6155716180801392,0.485203982563462,81,,student_concept_state_buffers
assist_09,32954,no_LCRF,target_concept_mask,1.0,0.6155716180801392,0.485203982563462,81,81,student_concept_state_buffers
assist_09,32954,no_LCRF,random_history_mask,1.0,0.6155716180801392,0.485203982563462,81,9,student_concept_state_buffers
assist_09,33119,no_LCRF,original,0.0,0.14788737893104553,0.1600365765351702,79,,student_concept_state_buffers
assist_09,33119,no_LCRF,target_concept_mask,0.0,0.14788737893104553,0.1600365765351702,79,79,student_concept_state_buffers
assist_09,33119,no_LCRF,random_history_mask,0.0,0.14788737893104553,0.1600365765351702,79,81,student_concept_state_buffers
assist_09,33158,no_LCRF,original,1.0,0.7351891994476318,0.3076273986801897,52,,student_concept_state_buffers
assist_09,33158,no_LCRF,target_concept_mask,1.0,0.7351891994476318,0.3076273986801897,52,52,student_concept_state_buffers
assist_09,33158,no_LCRF,random_history_mask,1.0,0.7351891994476318,0.3076273986801897,52,18,student_concept_state_buffers
assist_09,33275,no_LCRF,original,0.0,0.2881222069263458,0.33984902124330707,49,,student_concept_state_buffers
assist_09,33275,no_LCRF,target_concept_mask,0.0,0.2881222069263458,0.33984902124330707,49,49,student_concept_state_buffers
assist_09,33275,no_LCRF,random_history_mask,0.0,0.2881222069263458,0.33984902124330707,49,85,student_concept_state_buffers
assist_09,33290,no_LCRF,original,0.0,0.44721272587776184,0.5927820275566144,29,,student_concept_state_buffers
assist_09,33290,no_LCRF,target_concept_mask,0.0,0.44721272587776184,0.5927820275566144,29,29,student_concept_state_buffers
assist_09,33290,no_LCRF,random_history_mask,0.0,0.44721272587776184,0.5927820275566144,29,33,student_concept_state_buffers
assist_09,33484,no_LCRF,original,0.0,0.5207529664039612,0.7355390867551662,50,,student_concept_state_buffers
assist_09,33484,no_LCRF,target_concept_mask,0.0,0.5207529664039612,0.7355390867551662,50,50,student_concept_state_buffers
assist_09,33484,no_LCRF,random_history_mask,0.0,0.5207529664039612,0.7355390867551662,50,51,student_concept_state_buffers
assist_09,33491,no_LCRF,original,0.0,0.17579515278339386,0.19333617897774444,51,,student_concept_state_buffers
assist_09,33491,no_LCRF,target_concept_mask,0.0,0.17579515278339386,0.19333617897774444,51,51,student_concept_state_buffers
assist_09,33491,no_LCRF,random_history_mask,0.0,0.17579515278339386,0.19333617897774444,51,44,student_concept_state_buffers
assist_09,33697,no_LCRF,original,1.0,0.55082106590271,0.5963452668482675,52,,student_concept_state_buffers
assist_09,33697,no_LCRF,target_concept_mask,1.0,0.55082106590271,0.5963452668482675,52,52,student_concept_state_buffers
assist_09,33697,no_LCRF,random_history_mask,1.0,0.55082106590271,0.5963452668482675,52,58,student_concept_state_buffers
assist_09,33754,no_LCRF,original,1.0,0.975411057472229,0.024896299424091523,"6,14",,student_concept_state_buffers
assist_09,33754,no_LCRF,target_concept_mask,1.0,0.975411057472229,0.024896299424091523,"6,14","6,14",student_concept_state_buffers
assist_09,33754,no_LCRF,random_history_mask,1.0,0.975411057472229,0.024896299424091523,"6,14","49,55",student_concept_state_buffers
assist_09,33786,no_LCRF,original,1.0,0.9105631709098816,0.09369200176003233,34,,student_concept_state_buffers
assist_09,33786,no_LCRF,target_concept_mask,1.0,0.9105631709098816,0.09369200176003233,34,34,student_concept_state_buffers
assist_09,33786,no_LCRF,random_history_mask,1.0,0.9105631709098816,0.09369200176003233,34,48,student_concept_state_buffers
assist_09,33788,no_LCRF,original,1.0,0.7890634536743164,0.23690853846213264,81,,student_concept_state_buffers
assist_09,33788,no_LCRF,target_concept_mask,1.0,0.7890634536743164,0.23690853846213264,81,81,student_concept_state_buffers
assist_09,33788,no_LCRF,random_history_mask,1.0,0.7890634536743164,0.23690853846213264,81,30,student_concept_state_buffers
assist_09,34020,no_LCRF,original,0.0,0.471545934677124,0.6377993926376919,53,,student_concept_state_buffers
assist_09,34020,no_LCRF,target_concept_mask,0.0,0.471545934677124,0.6377993926376919,53,53,student_concept_state_buffers
assist_09,34020,no_LCRF,random_history_mask,0.0,0.471545934677124,0.6377993926376919,53,41,student_concept_state_buffers
assist_09,34271,no_LCRF,original,1.0,0.5129910111427307,0.6674969561038084,81,,student_concept_state_buffers
assist_09,34271,no_LCRF,target_concept_mask,1.0,0.5129910111427307,0.6674969561038084,81,81,student_concept_state_buffers
assist_09,34271,no_LCRF,random_history_mask,1.0,0.5129910111427307,0.6674969561038084,81,80,student_concept_state_buffers
assist_09,34375,no_LCRF,original,1.0,0.5478073358535767,0.6018316307613043,41,,student_concept_state_buffers
assist_09,34375,no_LCRF,target_concept_mask,1.0,0.5478073358535767,0.6018316307613043,41,41,student_concept_state_buffers
assist_09,34375,no_LCRF,random_history_mask,1.0,0.5478073358535767,0.6018316307613043,41,34,student_concept_state_buffers
assist_09,34449,no_LCRF,original,1.0,0.814174234867096,0.20558088813627245,52,,student_concept_state_buffers
assist_09,34449,no_LCRF,target_concept_mask,1.0,0.814174234867096,0.20558088813627245,52,52,student_concept_state_buffers
assist_09,34449,no_LCRF,random_history_mask,1.0,0.814174234867096,0.20558088813627245,52,13,student_concept_state_buffers
assist_09,34515,no_LCRF,original,0.0,0.26478275656700134,0.3075892541447029,30,,student_concept_state_buffers
assist_09,34515,no_LCRF,target_concept_mask,0.0,0.26478275656700134,0.3075892541447029,30,30,student_concept_state_buffers
assist_09,34515,no_LCRF,random_history_mask,0.0,0.26478275656700134,0.3075892541447029,30,36,student_concept_state_buffers
assist_09,34543,no_LCRF,original,1.0,0.7174305319786072,0.3320791555776862,36,,student_concept_state_buffers
assist_09,34543,no_LCRF,target_concept_mask,1.0,0.7174305319786072,0.3320791555776862,36,36,student_concept_state_buffers
assist_09,34543,no_LCRF,random_history_mask,1.0,0.7174305319786072,0.3320791555776862,36,98,student_concept_state_buffers
assist_09,34681,no_LCRF,original,1.0,0.5245309472084045,0.6452508496292029,32,,student_concept_state_buffers
assist_09,34681,no_LCRF,target_concept_mask,1.0,0.5245309472084045,0.6452508496292029,32,32,student_concept_state_buffers
assist_09,34681,no_LCRF,random_history_mask,1.0,0.5245309472084045,0.6452508496292029,32,56,student_concept_state_buffers
assist_09,34814,no_LCRF,original,0.0,0.5405627489089966,0.777752905616981,30,,student_concept_state_buffers
assist_09,34814,no_LCRF,target_concept_mask,0.0,0.5405627489089966,0.777752905616981,30,30,student_concept_state_buffers
assist_09,34814,no_LCRF,random_history_mask,0.0,0.5405627489089966,0.777752905616981,30,42,student_concept_state_buffers
assist_09,34943,no_LCRF,original,0.0,0.751266598701477,1.3913736336180258,56,,student_concept_state_buffers
assist_09,34943,no_LCRF,target_concept_mask,0.0,0.751266598701477,1.3913736336180258,56,56,student_concept_state_buffers
assist_09,34943,no_LCRF,random_history_mask,0.0,0.751266598701477,1.3913736336180258,56,32,student_concept_state_buffers
assist_09,35067,no_LCRF,original,1.0,0.29737865924835205,1.2127490052700254,49,,student_concept_state_buffers
assist_09,35067,no_LCRF,target_concept_mask,1.0,0.29737865924835205,1.2127490052700254,49,49,student_concept_state_buffers
assist_09,35067,no_LCRF,random_history_mask,1.0,0.29737865924835205,1.2127490052700254,49,51,student_concept_state_buffers
assist_09,35150,no_LCRF,original,1.0,0.4891178607940674,0.7151517944301643,98,,student_concept_state_buffers
assist_09,35150,no_LCRF,target_concept_mask,1.0,0.4891178607940674,0.7151517944301643,98,98,student_concept_state_buffers
assist_09,35150,no_LCRF,random_history_mask,1.0,0.4891178607940674,0.7151517944301643,98,59,student_concept_state_buffers
assist_09,35261,no_LCRF,original,1.0,0.6600263714790344,0.41547548797350115,44,,student_concept_state_buffers
assist_09,35261,no_LCRF,target_concept_mask,1.0,0.6600263714790344,0.41547548797350115,44,44,student_concept_state_buffers
assist_09,35261,no_LCRF,random_history_mask,1.0,0.6600263714790344,0.41547548797350115,44,55,student_concept_state_buffers
assist_09,35343,no_LCRF,original,1.0,0.7927457690238953,0.2322527026654089,82,,student_concept_state_buffers
assist_09,35343,no_LCRF,target_concept_mask,1.0,0.7927457690238953,0.2322527026654089,82,82,student_concept_state_buffers
assist_09,35343,no_LCRF,random_history_mask,1.0,0.7927457690238953,0.2322527026654089,82,13,student_concept_state_buffers
assist_09,35344,no_LCRF,original,1.0,0.8391825556755066,0.1753270089660675,82,,student_concept_state_buffers
assist_09,35344,no_LCRF,target_concept_mask,1.0,0.8391825556755066,0.1753270089660675,82,82,student_concept_state_buffers
assist_09,35344,no_LCRF,random_history_mask,1.0,0.8391825556755066,0.1753270089660675,82,80,student_concept_state_buffers
assist_09,35412,no_LCRF,original,1.0,0.691904604434967,0.3683071877300868,"12,13",,student_concept_state_buffers
assist_09,35412,no_LCRF,target_concept_mask,1.0,0.691904604434967,0.3683071877300868,"12,13","12,13",student_concept_state_buffers
assist_09,35412,no_LCRF,random_history_mask,1.0,0.691904604434967,0.3683071877300868,"12,13","9,78",student_concept_state_buffers
assist_09,35480,no_LCRF,original,0.0,0.8489908576011658,1.890414898312385,122,,student_concept_state_buffers
assist_09,35480,no_LCRF,target_concept_mask,0.0,0.8489908576011658,1.890414898312385,122,122,student_concept_state_buffers
assist_09,35480,no_LCRF,random_history_mask,0.0,0.8489908576011658,1.890414898312385,122,114,student_concept_state_buffers
assist_09,35590,no_LCRF,original,0.0,0.3518393933773041,0.43361676361314905,"12,13",,student_concept_state_buffers
assist_09,35590,no_LCRF,target_concept_mask,0.0,0.3518393933773041,0.43361676361314905,"12,13","12,13",student_concept_state_buffers
assist_09,35590,no_LCRF,random_history_mask,0.0,0.3518393933773041,0.43361676361314905,"12,13","38,72",student_concept_state_buffers
assist_09,35596,no_LCRF,original,1.0,0.6850548982620239,0.37825630048301623,55,,student_concept_state_buffers
assist_09,35596,no_LCRF,target_concept_mask,1.0,0.6850548982620239,0.37825630048301623,55,55,student_concept_state_buffers
assist_09,35596,no_LCRF,random_history_mask,1.0,0.6850548982620239,0.37825630048301623,55,38,student_concept_state_buffers
assist_09,36089,no_LCRF,original,0.0,0.11100711673498154,0.11766604882646373,92,,student_concept_state_buffers
assist_09,36089,no_LCRF,target_concept_mask,0.0,0.11100711673498154,0.11766604882646373,92,92,student_concept_state_buffers
assist_09,36089,no_LCRF,random_history_mask,0.0,0.11100711673498154,0.11766604882646373,92,22,student_concept_state_buffers
assist_09,36366,no_LCRF,original,0.0,0.32828521728515625,0.3979214590389627,"5,8",,student_concept_state_buffers
assist_09,36366,no_LCRF,target_concept_mask,0.0,0.32828521728515625,0.3979214590389627,"5,8","5,8",student_concept_state_buffers
assist_09,36366,no_LCRF,random_history_mask,0.0,0.32828521728515625,0.3979214590389627,"5,8","49,56",student_concept_state_buffers
assist_09,36462,no_LCRF,original,0.0,0.9401676058769226,2.8162080569524557,"5,10",,student_concept_state_buffers
assist_09,36462,no_LCRF,target_concept_mask,0.0,0.9401676058769226,2.8162080569524557,"5,10","5,10",student_concept_state_buffers
assist_09,36462,no_LCRF,random_history_mask,0.0,0.9401676058769226,2.8162080569524557,"5,10","7,44",student_concept_state_buffers
assist_09,36489,no_LCRF,original,0.0,0.4357216954231262,0.5722077013580876,106,,student_concept_state_buffers
assist_09,36489,no_LCRF,target_concept_mask,0.0,0.4357216954231262,0.5722077013580876,106,106,student_concept_state_buffers
assist_09,36489,no_LCRF,random_history_mask,0.0,0.4357216954231262,0.5722077013580876,106,7,student_concept_state_buffers
assist_09,36570,no_LCRF,original,0.0,0.4880927503108978,0.6696118233037792,119,,student_concept_state_buffers
assist_09,36570,no_LCRF,target_concept_mask,0.0,0.4880927503108978,0.6696118233037792,119,119,student_concept_state_buffers
assist_09,36570,no_LCRF,random_history_mask,0.0,0.4880927503108978,0.6696118233037792,119,1,student_concept_state_buffers
assist_09,36590,no_LCRF,original,1.0,0.8910015225410461,0.11540914271251149,98,,student_concept_state_buffers
assist_09,36590,no_LCRF,target_concept_mask,1.0,0.8910015225410461,0.11540914271251149,98,98,student_concept_state_buffers
assist_09,36590,no_LCRF,random_history_mask,1.0,0.8910015225410461,0.11540914271251149,98,8,student_concept_state_buffers
assist_09,36618,no_LCRF,original,0.0,0.5203112363815308,0.7346177945165037,106,,student_concept_state_buffers
assist_09,36618,no_LCRF,target_concept_mask,0.0,0.5203112363815308,0.7346177945165037,106,106,student_concept_state_buffers
assist_09,36618,no_LCRF,random_history_mask,0.0,0.5203112363815308,0.7346177945165037,106,8,student_concept_state_buffers
assist_09,36701,no_LCRF,original,1.0,0.5216872692108154,0.6506869717609948,98,,student_concept_state_buffers
assist_09,36701,no_LCRF,target_concept_mask,1.0,0.5216872692108154,0.6506869717609948,98,98,student_concept_state_buffers
assist_09,36701,no_LCRF,random_history_mask,1.0,0.5216872692108154,0.6506869717609948,98,56,student_concept_state_buffers
assist_09,36883,no_LCRF,original,0.0,0.8297808170318604,1.770668360803027,7,,student_concept_state_buffers
assist_09,36883,no_LCRF,target_concept_mask,0.0,0.8297808170318604,1.770668360803027,7,7,student_concept_state_buffers
assist_09,36883,no_LCRF,random_history_mask,0.0,0.8297808170318604,1.770668360803027,7,61,student_concept_state_buffers
assist_09,36895,no_LCRF,original,1.0,0.7080376744270325,0.34525797423659044,106,,student_concept_state_buffers
assist_09,36895,no_LCRF,target_concept_mask,1.0,0.7080376744270325,0.34525797423659044,106,106,student_concept_state_buffers
assist_09,36895,no_LCRF,random_history_mask,1.0,0.7080376744270325,0.34525797423659044,106,98,student_concept_state_buffers
assist_09,36950,no_LCRF,original,0.0,0.44854894280433655,0.59520218911211,"5,9",,student_concept_state_buffers
assist_09,36950,no_LCRF,target_concept_mask,0.0,0.44854894280433655,0.59520218911211,"5,9","5,9",student_concept_state_buffers
assist_09,36950,no_LCRF,random_history_mask,0.0,0.44854894280433655,0.59520218911211,"5,9","8,98",student_concept_state_buffers
assist_09,36970,no_LCRF,original,0.0,0.21034948527812958,0.2361648178308266,"22,43",,student_concept_state_buffers
assist_09,36970,no_LCRF,target_concept_mask,0.0,0.21034948527812958,0.2361648178308266,"22,43","22,43",student_concept_state_buffers
assist_09,36970,no_LCRF,random_history_mask,0.0,0.21034948527812958,0.2361648178308266,"22,43","36,55",student_concept_state_buffers
assist_09,37041,no_LCRF,original,1.0,0.8444656133651733,0.16905126189938466,30,,student_concept_state_buffers
assist_09,37041,no_LCRF,target_concept_mask,1.0,0.8444656133651733,0.16905126189938466,30,30,student_concept_state_buffers
assist_09,37041,no_LCRF,random_history_mask,1.0,0.8444656133651733,0.16905126189938466,30,32,student_concept_state_buffers
assist_09,37234,no_LCRF,original,1.0,0.8649014234542847,0.14513973986886924,62,,student_concept_state_buffers
assist_09,37234,no_LCRF,target_concept_mask,1.0,0.8649014234542847,0.14513973986886924,62,62,student_concept_state_buffers
assist_09,37234,no_LCRF,random_history_mask,1.0,0.8649014234542847,0.14513973986886924,62,42,student_concept_state_buffers
assist_09,37271,no_LCRF,original,1.0,0.8297035098075867,0.1866868591080128,59,,student_concept_state_buffers
assist_09,37271,no_LCRF,target_concept_mask,1.0,0.8297035098075867,0.1866868591080128,59,59,student_concept_state_buffers
assist_09,37271,no_LCRF,random_history_mask,1.0,0.8297035098075867,0.1866868591080128,59,92,student_concept_state_buffers
assist_09,37315,no_LCRF,original,1.0,0.5950385332107544,0.5191291138347087,97,,student_concept_state_buffers
assist_09,37315,no_LCRF,target_concept_mask,1.0,0.5950385332107544,0.5191291138347087,97,97,student_concept_state_buffers
assist_09,37315,no_LCRF,random_history_mask,1.0,0.5950385332107544,0.5191291138347087,97,59,student_concept_state_buffers
assist_09,37388,no_LCRF,original,1.0,0.40055304765701294,0.9149090676693605,97,,student_concept_state_buffers
assist_09,37388,no_LCRF,target_concept_mask,1.0,0.40055304765701294,0.9149090676693605,97,97,student_concept_state_buffers
assist_09,37388,no_LCRF,random_history_mask,1.0,0.40055304765701294,0.9149090676693605,97,38,student_concept_state_buffers
assist_09,37470,no_LCRF,original,0.0,0.7760582566261292,1.4963693351760539,96,,student_concept_state_buffers
assist_09,37470,no_LCRF,target_concept_mask,0.0,0.7760582566261292,1.4963693351760539,96,96,student_concept_state_buffers
assist_09,37470,no_LCRF,random_history_mask,0.0,0.7760582566261292,1.4963693351760539,96,61,student_concept_state_buffers
assist_09,37538,no_LCRF,original,1.0,0.9366114735603333,0.065486732083158,56,,student_concept_state_buffers
assist_09,37538,no_LCRF,target_concept_mask,1.0,0.9366114735603333,0.065486732083158,56,56,student_concept_state_buffers
assist_09,37538,no_LCRF,random_history_mask,1.0,0.9366114735603333,0.065486732083158,56,37,student_concept_state_buffers
assist_09,37550,no_LCRF,original,0.0,0.5545487403869629,0.8086674440878915,97,,student_concept_state_buffers
assist_09,37550,no_LCRF,target_concept_mask,0.0,0.5545487403869629,0.8086674440878915,97,97,student_concept_state_buffers
assist_09,37550,no_LCRF,random_history_mask,0.0,0.5545487403869629,0.8086674440878915,97,86,student_concept_state_buffers
assist_09,37599,no_LCRF,original,0.0,0.6287071108818054,0.9907640692935752,98,,student_concept_state_buffers
assist_09,37599,no_LCRF,target_concept_mask,0.0,0.6287071108818054,0.9907640692935752,98,98,student_concept_state_buffers
assist_09,37599,no_LCRF,random_history_mask,0.0,0.6287071108818054,0.9907640692935752,98,30,student_concept_state_buffers
assist_09,37629,no_LCRF,original,1.0,0.5993337035179138,0.5119367349582815,48,,student_concept_state_buffers
assist_09,37629,no_LCRF,target_concept_mask,1.0,0.5993337035179138,0.5119367349582815,48,48,student_concept_state_buffers
assist_09,37629,no_LCRF,random_history_mask,1.0,0.5993337035179138,0.5119367349582815,48,1,student_concept_state_buffers
assist_09,37698,no_LCRF,original,1.0,0.780500590801239,0.24781978207467667,82,,student_concept_state_buffers
assist_09,37698,no_LCRF,target_concept_mask,1.0,0.780500590801239,0.24781978207467667,82,82,student_concept_state_buffers
assist_09,37698,no_LCRF,random_history_mask,1.0,0.780500590801239,0.24781978207467667,82,,student_concept_state_buffers
assist_09,37755,no_LCRF,original,1.0,0.6120783090591431,0.49089504867648703,82,,student_concept_state_buffers
assist_09,37755,no_LCRF,target_concept_mask,1.0,0.6120783090591431,0.49089504867648703,82,82,student_concept_state_buffers
assist_09,37755,no_LCRF,random_history_mask,1.0,0.6120783090591431,0.49089504867648703,82,,student_concept_state_buffers
assist_09,37803,no_LCRF,original,1.0,0.7786895036697388,0.25014289578921006,"5,10",,student_concept_state_buffers
assist_09,37803,no_LCRF,target_concept_mask,1.0,0.7786895036697388,0.25014289578921006,"5,10","5,10",student_concept_state_buffers
assist_09,37803,no_LCRF,random_history_mask,1.0,0.7786895036697388,0.25014289578921006,"5,10","1,44",student_concept_state_buffers
assist_09,37838,no_LCRF,original,1.0,0.77482670545578,0.2551158804958181,82,,student_concept_state_buffers
assist_09,37838,no_LCRF,target_concept_mask,1.0,0.77482670545578,0.2551158804958181,82,82,student_concept_state_buffers
assist_09,37838,no_LCRF,random_history_mask,1.0,0.77482670545578,0.2551158804958181,82,,student_concept_state_buffers
assist_09,37979,no_LCRF,original,1.0,0.6114974617958069,0.49184447464716,56,,student_concept_state_buffers
assist_09,37979,no_LCRF,target_concept_mask,1.0,0.6114974617958069,0.49184447464716,56,56,student_concept_state_buffers
assist_09,37979,no_LCRF,random_history_mask,1.0,0.6114974617958069,0.49184447464716,56,31,student_concept_state_buffers
assist_09,38091,no_LCRF,original,0.0,0.3495446741580963,0.43008266003373113,49,,student_concept_state_buffers
assist_09,38091,no_LCRF,target_concept_mask,0.0,0.3495446741580963,0.43008266003373113,49,49,student_concept_state_buffers
assist_09,38091,no_LCRF,random_history_mask,0.0,0.3495446741580963,0.43008266003373113,49,53,student_concept_state_buffers
assist_09,38102,no_LCRF,original,1.0,0.6359296441078186,0.45266734423311517,53,,student_concept_state_buffers
assist_09,38102,no_LCRF,target_concept_mask,1.0,0.6359296441078186,0.45266734423311517,53,53,student_concept_state_buffers
assist_09,38102,no_LCRF,random_history_mask,1.0,0.6359296441078186,0.45266734423311517,53,82,student_concept_state_buffers
assist_09,38217,no_LCRF,original,0.0,0.46005550026893616,0.6162889229816736,82,,student_concept_state_buffers
assist_09,38217,no_LCRF,target_concept_mask,0.0,0.46005550026893616,0.6162889229816736,82,82,student_concept_state_buffers
assist_09,38217,no_LCRF,random_history_mask,0.0,0.46005550026893616,0.6162889229816736,82,58,student_concept_state_buffers
assist_09,38235,no_LCRF,original,0.0,0.14179843664169312,0.1529162847550752,79,,student_concept_state_buffers
assist_09,38235,no_LCRF,target_concept_mask,0.0,0.14179843664169312,0.1529162847550752,79,79,student_concept_state_buffers
assist_09,38235,no_LCRF,random_history_mask,0.0,0.14179843664169312,0.1529162847550752,79,37,student_concept_state_buffers
assist_09,38273,no_LCRF,original,0.0,0.384306937456131,0.48500671472002455,42,,student_concept_state_buffers
assist_09,38273,no_LCRF,target_concept_mask,0.0,0.384306937456131,0.48500671472002455,42,42,student_concept_state_buffers
assist_09,38273,no_LCRF,random_history_mask,0.0,0.384306937456131,0.48500671472002455,42,45,student_concept_state_buffers
assist_09,38295,no_LCRF,original,1.0,0.6269045472145081,0.4669609872359253,81,,student_concept_state_buffers
assist_09,38295,no_LCRF,target_concept_mask,1.0,0.6269045472145081,0.4669609872359253,81,81,student_concept_state_buffers
assist_09,38295,no_LCRF,random_history_mask,1.0,0.6269045472145081,0.4669609872359253,81,30,student_concept_state_buffers
assist_09,38513,no_LCRF,original,0.0,0.7667056918144226,1.4554544972280286,42,,student_concept_state_buffers
assist_09,38513,no_LCRF,target_concept_mask,0.0,0.7667056918144226,1.4554544972280286,42,42,student_concept_state_buffers
assist_09,38513,no_LCRF,random_history_mask,0.0,0.7667056918144226,1.4554544972280286,42,93,student_concept_state_buffers
assist_09,38710,no_LCRF,original,1.0,0.5958863496780396,0.5177053185598084,38,,student_concept_state_buffers
assist_09,38710,no_LCRF,target_concept_mask,1.0,0.5958863496780396,0.5177053185598084,38,38,student_concept_state_buffers
assist_09,38710,no_LCRF,random_history_mask,1.0,0.5958863496780396,0.5177053185598084,38,78,student_concept_state_buffers
assist_09,38838,no_LCRF,original,0.0,0.6059149503707886,0.9311885309759785,82,,student_concept_state_buffers
assist_09,38838,no_LCRF,target_concept_mask,0.0,0.6059149503707886,0.9311885309759785,82,82,student_concept_state_buffers
assist_09,38838,no_LCRF,random_history_mask,0.0,0.6059149503707886,0.9311885309759785,82,80,student_concept_state_buffers
assist_09,38862,no_LCRF,original,1.0,0.4822423756122589,0.7293084373528825,80,,student_concept_state_buffers
assist_09,38862,no_LCRF,target_concept_mask,1.0,0.4822423756122589,0.7293084373528825,80,80,student_concept_state_buffers
assist_09,38862,no_LCRF,random_history_mask,1.0,0.4822423756122589,0.7293084373528825,80,42,student_concept_state_buffers
assist_09,39055,no_LCRF,original,1.0,0.7522367238998413,0.28470421214903374,48,,student_concept_state_buffers
assist_09,39055,no_LCRF,target_concept_mask,1.0,0.7522367238998413,0.28470421214903374,48,48,student_concept_state_buffers
assist_09,39055,no_LCRF,random_history_mask,1.0,0.7522367238998413,0.28470421214903374,48,78,student_concept_state_buffers
assist_09,39069,no_LCRF,original,1.0,0.5487425327301025,0.600125922466477,80,,student_concept_state_buffers
assist_09,39069,no_LCRF,target_concept_mask,1.0,0.5487425327301025,0.600125922466477,80,80,student_concept_state_buffers
assist_09,39069,no_LCRF,random_history_mask,1.0,0.5487425327301025,0.600125922466477,80,82,student_concept_state_buffers
assist_09,39332,no_LCRF,original,0.0,0.03550573065876961,0.03615138823904304,"45,58",,student_concept_state_buffers
assist_09,39332,no_LCRF,target_concept_mask,0.0,0.03550573065876961,0.03615138823904304,"45,58","45,58",student_concept_state_buffers
assist_09,39332,no_LCRF,random_history_mask,0.0,0.03550573065876961,0.03615138823904304,"45,58","18,96",student_concept_state_buffers
assist_09,39407,no_LCRF,original,0.0,0.03154061734676361,0.03204873542109663,81,,student_concept_state_buffers
assist_09,39407,no_LCRF,target_concept_mask,0.0,0.03154061734676361,0.03204873542109663,81,81,student_concept_state_buffers
assist_09,39407,no_LCRF,random_history_mask,0.0,0.03154061734676361,0.03204873542109663,81,14,student_concept_state_buffers
assist_09,39516,no_LCRF,original,0.0,0.11368724703788757,0.12068539635099454,96,,student_concept_state_buffers
assist_09,39516,no_LCRF,target_concept_mask,0.0,0.11368724703788757,0.12068539635099454,96,96,student_concept_state_buffers
assist_09,39516,no_LCRF,random_history_mask,0.0,0.11368724703788757,0.12068539635099454,96,37,student_concept_state_buffers
assist_09,39595,no_LCRF,original,1.0,0.7392454147338867,0.3021253228607559,49,,student_concept_state_buffers
assist_09,39595,no_LCRF,target_concept_mask,1.0,0.7392454147338867,0.3021253228607559,49,49,student_concept_state_buffers
assist_09,39595,no_LCRF,random_history_mask,1.0,0.7392454147338867,0.3021253228607559,49,2,student_concept_state_buffers
assist_09,39868,no_LCRF,original,1.0,0.4208991229534149,0.8653620869487788,32,,student_concept_state_buffers
assist_09,39868,no_LCRF,target_concept_mask,1.0,0.4208991229534149,0.8653620869487788,32,32,student_concept_state_buffers
assist_09,39868,no_LCRF,random_history_mask,1.0,0.4208991229534149,0.8653620869487788,32,99,student_concept_state_buffers
assist_09,39882,no_LCRF,original,0.0,0.14545133709907532,0.15718182907093142,82,,student_concept_state_buffers
assist_09,39882,no_LCRF,target_concept_mask,0.0,0.14545133709907532,0.15718182907093142,82,82,student_concept_state_buffers
assist_09,39882,no_LCRF,random_history_mask,0.0,0.14545133709907532,0.15718182907093142,82,80,student_concept_state_buffers
assist_09,39962,no_LCRF,original,1.0,0.6855725049972534,0.377501016065669,20,,student_concept_state_buffers
assist_09,39962,no_LCRF,target_concept_mask,1.0,0.6855725049972534,0.377501016065669,20,20,student_concept_state_buffers
assist_09,39962,no_LCRF,random_history_mask,1.0,0.6855725049972534,0.377501016065669,20,99,student_concept_state_buffers
assist_09,40039,no_LCRF,original,1.0,0.6282632350921631,0.4647960361791982,29,,student_concept_state_buffers
assist_09,40039,no_LCRF,target_concept_mask,1.0,0.6282632350921631,0.4647960361791982,29,29,student_concept_state_buffers
assist_09,40039,no_LCRF,random_history_mask,1.0,0.6282632350921631,0.4647960361791982,29,12,student_concept_state_buffers
assist_09,40135,no_LCRF,original,1.0,0.406479150056839,0.900222642682809,8,,student_concept_state_buffers
assist_09,40135,no_LCRF,target_concept_mask,1.0,0.406479150056839,0.900222642682809,8,8,student_concept_state_buffers
assist_09,40135,no_LCRF,random_history_mask,1.0,0.406479150056839,0.900222642682809,8,45,student_concept_state_buffers
assist_09,40431,no_LCRF,original,1.0,0.31839028000831604,1.1444773530899588,79,,student_concept_state_buffers
assist_09,40431,no_LCRF,target_concept_mask,1.0,0.31839028000831604,1.1444773530899588,79,79,student_concept_state_buffers
assist_09,40431,no_LCRF,random_history_mask,1.0,0.31839028000831604,1.1444773530899588,79,30,student_concept_state_buffers
assist_09,40560,no_LCRF,original,0.0,0.8782921433448792,2.1061317235118393,81,,student_concept_state_buffers
assist_09,40560,no_LCRF,target_concept_mask,0.0,0.8782921433448792,2.1061317235118393,81,81,student_concept_state_buffers
assist_09,40560,no_LCRF,random_history_mask,0.0,0.8782921433448792,2.1061317235118393,81,55,student_concept_state_buffers
assist_09,40562,no_LCRF,original,1.0,0.8451699018478394,0.16821760456072915,81,,student_concept_state_buffers
assist_09,40562,no_LCRF,target_concept_mask,1.0,0.8451699018478394,0.16821760456072915,81,81,student_concept_state_buffers
assist_09,40562,no_LCRF,random_history_mask,1.0,0.8451699018478394,0.16821760456072915,81,45,student_concept_state_buffers
assist_09,40615,no_LCRF,original,0.0,0.05352748557925224,0.05501334792952575,82,,student_concept_state_buffers
assist_09,40615,no_LCRF,target_concept_mask,0.0,0.05352748557925224,0.05501334792952575,82,82,student_concept_state_buffers
assist_09,40615,no_LCRF,random_history_mask,0.0,0.05352748557925224,0.05501334792952575,82,11,student_concept_state_buffers
assist_09,40748,no_LCRF,original,1.0,0.8278539776802063,0.18891849560801785,14,,student_concept_state_buffers
assist_09,40748,no_LCRF,target_concept_mask,1.0,0.8278539776802063,0.18891849560801785,14,14,student_concept_state_buffers
assist_09,40748,no_LCRF,random_history_mask,1.0,0.8278539776802063,0.18891849560801785,14,13,student_concept_state_buffers
assist_09,40815,no_LCRF,original,0.0,0.3902355432510376,0.49468253286177716,44,,student_concept_state_buffers
assist_09,40815,no_LCRF,target_concept_mask,0.0,0.3902355432510376,0.49468253286177716,44,44,student_concept_state_buffers
assist_09,40815,no_LCRF,random_history_mask,0.0,0.3902355432510376,0.49468253286177716,44,82,student_concept_state_buffers
assist_09,40843,no_LCRF,original,1.0,0.3272189497947693,1.1171257609098666,79,,student_concept_state_buffers
assist_09,40843,no_LCRF,target_concept_mask,1.0,0.3272189497947693,1.1171257609098666,79,79,student_concept_state_buffers
assist_09,40843,no_LCRF,random_history_mask,1.0,0.3272189497947693,1.1171257609098666,79,34,student_concept_state_buffers
assist_09,40941,no_LCRF,original,1.0,0.24735376238822937,1.3969357306368397,14,,student_concept_state_buffers
assist_09,40941,no_LCRF,target_concept_mask,1.0,0.24735376238822937,1.3969357306368397,14,14,student_concept_state_buffers
assist_09,40941,no_LCRF,random_history_mask,1.0,0.24735376238822937,1.3969357306368397,14,13,student_concept_state_buffers
assist_09,41139,no_LCRF,original,1.0,0.5958112478256226,0.5178313603554346,99,,student_concept_state_buffers
assist_09,41139,no_LCRF,target_concept_mask,1.0,0.5958112478256226,0.5178313603554346,99,99,student_concept_state_buffers
assist_09,41139,no_LCRF,random_history_mask,1.0,0.5958112478256226,0.5178313603554346,99,104,student_concept_state_buffers
assist_09,41351,no_LCRF,original,1.0,0.9389208555221558,0.06302408924502877,30,,student_concept_state_buffers
assist_09,41351,no_LCRF,target_concept_mask,1.0,0.9389208555221558,0.06302408924502877,30,30,student_concept_state_buffers
assist_09,41351,no_LCRF,random_history_mask,1.0,0.9389208555221558,0.06302408924502877,30,33,student_concept_state_buffers
assist_09,41469,no_LCRF,original,1.0,0.9425710439682007,0.05914398428516862,44,,student_concept_state_buffers
assist_09,41469,no_LCRF,target_concept_mask,1.0,0.9425710439682007,0.05914398428516862,44,44,student_concept_state_buffers
assist_09,41469,no_LCRF,random_history_mask,1.0,0.9425710439682007,0.05914398428516862,44,33,student_concept_state_buffers
assist_09,41539,no_LCRF,original,0.0,0.45598506927490234,0.6087785863169928,30,,student_concept_state_buffers
assist_09,41539,no_LCRF,target_concept_mask,0.0,0.45598506927490234,0.6087785863169928,30,30,student_concept_state_buffers
assist_09,41539,no_LCRF,random_history_mask,0.0,0.45598506927490234,0.6087785863169928,30,33,student_concept_state_buffers
assist_09,41553,no_LCRF,original,1.0,0.9009364247322083,0.10432058464889091,33,,student_concept_state_buffers
assist_09,41553,no_LCRF,target_concept_mask,1.0,0.9009364247322083,0.10432058464889091,33,33,student_concept_state_buffers
assist_09,41553,no_LCRF,random_history_mask,1.0,0.9009364247322083,0.10432058464889091,33,30,student_concept_state_buffers
assist_09,41631,no_LCRF,original,0.0,0.7158433198928833,1.2582295024281802,30,,student_concept_state_buffers
assist_09,41631,no_LCRF,target_concept_mask,0.0,0.7158433198928833,1.2582295024281802,30,30,student_concept_state_buffers
assist_09,41631,no_LCRF,random_history_mask,0.0,0.7158433198928833,1.2582295024281802,30,108,student_concept_state_buffers
assist_09,41691,no_LCRF,original,1.0,0.9228817820549011,0.08025413279610971,79,,student_concept_state_buffers
assist_09,41691,no_LCRF,target_concept_mask,1.0,0.9228817820549011,0.08025413279610971,79,79,student_concept_state_buffers
assist_09,41691,no_LCRF,random_history_mask,1.0,0.9228817820549011,0.08025413279610971,79,88,student_concept_state_buffers
assist_09,41765,no_LCRF,original,0.0,0.8053814768791199,1.6367139281440621,108,,student_concept_state_buffers
assist_09,41765,no_LCRF,target_concept_mask,0.0,0.8053814768791199,1.6367139281440621,108,108,student_concept_state_buffers
assist_09,41765,no_LCRF,random_history_mask,0.0,0.8053814768791199,1.6367139281440621,108,19,student_concept_state_buffers
assist_09,42034,no_LCRF,original,1.0,0.7489302754402161,0.2891093899980577,29,,student_concept_state_buffers
assist_09,42034,no_LCRF,target_concept_mask,1.0,0.7489302754402161,0.2891093899980577,29,29,student_concept_state_buffers
assist_09,42034,no_LCRF,random_history_mask,1.0,0.7489302754402161,0.2891093899980577,29,14,student_concept_state_buffers
assist_09,42135,no_LCRF,original,1.0,0.7824781537055969,0.24528927554465635,20,,student_concept_state_buffers
assist_09,42135,no_LCRF,target_concept_mask,1.0,0.7824781537055969,0.24528927554465635,20,20,student_concept_state_buffers
assist_09,42135,no_LCRF,random_history_mask,1.0,0.7824781537055969,0.24528927554465635,20,2,student_concept_state_buffers
assist_09,42231,no_LCRF,original,1.0,0.67742520570755,0.3894561298021623,20,,student_concept_state_buffers
assist_09,42231,no_LCRF,target_concept_mask,1.0,0.67742520570755,0.3894561298021623,20,20,student_concept_state_buffers
assist_09,42231,no_LCRF,random_history_mask,1.0,0.67742520570755,0.3894561298021623,20,8,student_concept_state_buffers
assist_09,42269,no_LCRF,original,1.0,0.7665245532989502,0.2658885481775081,20,,student_concept_state_buffers
assist_09,42269,no_LCRF,target_concept_mask,1.0,0.7665245532989502,0.2658885481775081,20,20,student_concept_state_buffers
assist_09,42269,no_LCRF,random_history_mask,1.0,0.7665245532989502,0.2658885481775081,20,119,student_concept_state_buffers
assist_09,42610,no_LCRF,original,0.0,0.8652456998825073,2.0043021578840743,2,,student_concept_state_buffers
assist_09,42610,no_LCRF,target_concept_mask,0.0,0.8652456998825073,2.0043021578840743,2,2,student_concept_state_buffers
assist_09,42610,no_LCRF,random_history_mask,0.0,0.8652456998825073,2.0043021578840743,2,58,student_concept_state_buffers
assist_09,42732,no_LCRF,original,1.0,0.8907820582389832,0.11565548497937282,96,,student_concept_state_buffers
assist_09,42732,no_LCRF,target_concept_mask,1.0,0.8907820582389832,0.11565548497937282,96,96,student_concept_state_buffers
assist_09,42732,no_LCRF,random_history_mask,1.0,0.8907820582389832,0.11565548497937282,96,57,student_concept_state_buffers
assist_09,43047,no_LCRF,original,1.0,0.9947662353515625,0.005247508771278923,14,,student_concept_state_buffers
assist_09,43047,no_LCRF,target_concept_mask,1.0,0.9947662353515625,0.005247508771278923,14,14,student_concept_state_buffers
assist_09,43047,no_LCRF,random_history_mask,1.0,0.9947662353515625,0.005247508771278923,14,8,student_concept_state_buffers
assist_09,43397,no_LCRF,original,1.0,0.8966076374053955,0.1091369291112694,38,,student_concept_state_buffers
assist_09,43397,no_LCRF,target_concept_mask,1.0,0.8966076374053955,0.1091369291112694,38,38,student_concept_state_buffers
assist_09,43397,no_LCRF,random_history_mask,1.0,0.8966076374053955,0.1091369291112694,38,98,student_concept_state_buffers
assist_09,43439,no_LCRF,original,0.0,0.7233667373657227,1.2850626116154251,8,,student_concept_state_buffers
assist_09,43439,no_LCRF,target_concept_mask,0.0,0.7233667373657227,1.2850626116154251,8,8,student_concept_state_buffers
assist_09,43439,no_LCRF,random_history_mask,0.0,0.7233667373657227,1.2850626116154251,8,23,student_concept_state_buffers
assist_09,43722,no_LCRF,original,1.0,0.682458758354187,0.3820531810686988,2,,student_concept_state_buffers
assist_09,43722,no_LCRF,target_concept_mask,1.0,0.682458758354187,0.3820531810686988,2,2,student_concept_state_buffers
assist_09,43722,no_LCRF,random_history_mask,1.0,0.682458758354187,0.3820531810686988,2,12,student_concept_state_buffers
assist_09,43997,no_LCRF,original,1.0,0.986883819103241,0.01320295761875544,"5,10",,student_concept_state_buffers
assist_09,43997,no_LCRF,target_concept_mask,1.0,0.986883819103241,0.01320295761875544,"5,10","5,10",student_concept_state_buffers
assist_09,43997,no_LCRF,random_history_mask,1.0,0.986883819103241,0.01320295761875544,"5,10","16,89",student_concept_state_buffers
assist_09,44339,no_LCRF,original,0.0,0.5664530396461487,0.8357551602460493,"22,80",,student_concept_state_buffers
assist_09,44339,no_LCRF,target_concept_mask,0.0,0.5664530396461487,0.8357551602460493,"22,80","22,80",student_concept_state_buffers
assist_09,44339,no_LCRF,random_history_mask,0.0,0.5664530396461487,0.8357551602460493,"22,80","48,58",student_concept_state_buffers
assist_09,44425,no_LCRF,original,0.0,0.6224702000617981,0.9741057731750266,57,,student_concept_state_buffers
assist_09,44425,no_LCRF,target_concept_mask,0.0,0.6224702000617981,0.9741057731750266,57,57,student_concept_state_buffers
assist_09,44425,no_LCRF,random_history_mask,0.0,0.6224702000617981,0.9741057731750266,57,93,student_concept_state_buffers
assist_09,44510,no_LCRF,original,1.0,0.31324470043182373,1.1607706033639988,20,,student_concept_state_buffers
assist_09,44510,no_LCRF,target_concept_mask,1.0,0.31324470043182373,1.1607706033639988,20,20,student_concept_state_buffers
assist_09,44510,no_LCRF,random_history_mask,1.0,0.31324470043182373,1.1607706033639988,20,2,student_concept_state_buffers
assist_09,44517,no_LCRF,original,1.0,0.7801457047462463,0.2482745757868998,106,,student_concept_state_buffers
assist_09,44517,no_LCRF,target_concept_mask,1.0,0.7801457047462463,0.2482745757868998,106,106,student_concept_state_buffers
assist_09,44517,no_LCRF,random_history_mask,1.0,0.7801457047462463,0.2482745757868998,106,14,student_concept_state_buffers
assist_09,44573,no_LCRF,original,1.0,0.6338209509849548,0.45598877612625854,93,,student_concept_state_buffers
assist_09,44573,no_LCRF,target_concept_mask,1.0,0.6338209509849548,0.45598877612625854,93,93,student_concept_state_buffers
assist_09,44573,no_LCRF,random_history_mask,1.0,0.6338209509849548,0.45598877612625854,93,38,student_concept_state_buffers
assist_09,44796,no_LCRF,original,0.0,0.5515095591545105,0.8018679113213731,51,,student_concept_state_buffers
assist_09,44796,no_LCRF,target_concept_mask,0.0,0.5515095591545105,0.8018679113213731,51,51,student_concept_state_buffers
assist_09,44796,no_LCRF,random_history_mask,0.0,0.5515095591545105,0.8018679113213731,51,31,student_concept_state_buffers
assist_09,44854,no_LCRF,original,1.0,0.7190811038017273,0.3297811267857317,"45,58",,student_concept_state_buffers
assist_09,44854,no_LCRF,target_concept_mask,1.0,0.7190811038017273,0.3297811267857317,"45,58","45,58",student_concept_state_buffers
assist_09,44854,no_LCRF,random_history_mask,1.0,0.7190811038017273,0.3297811267857317,"45,58","17,79",student_concept_state_buffers
assist_09,45040,no_LCRF,original,0.0,0.4123629033565521,0.5316457041982493,"12,13",,student_concept_state_buffers
assist_09,45040,no_LCRF,target_concept_mask,0.0,0.4123629033565521,0.5316457041982493,"12,13","12,13",student_concept_state_buffers
assist_09,45040,no_LCRF,random_history_mask,0.0,0.4123629033565521,0.5316457041982493,"12,13","26,83",student_concept_state_buffers
assist_09,45177,no_LCRF,original,0.0,0.6511759757995605,1.0531877125977616,20,,student_concept_state_buffers
assist_09,45177,no_LCRF,target_concept_mask,0.0,0.6511759757995605,1.0531877125977616,20,20,student_concept_state_buffers
assist_09,45177,no_LCRF,random_history_mask,0.0,0.6511759757995605,1.0531877125977616,20,93,student_concept_state_buffers
assist_09,45428,no_LCRF,original,0.0,0.2556265890598297,0.2952124736319691,48,,student_concept_state_buffers
assist_09,45428,no_LCRF,target_concept_mask,0.0,0.2556265890598297,0.2952124736319691,48,48,student_concept_state_buffers
assist_09,45428,no_LCRF,random_history_mask,0.0,0.2556265890598297,0.2952124736319691,48,16,student_concept_state_buffers
assist_09,45670,no_LCRF,original,1.0,0.9884471297264099,0.011620123157032659,98,,student_concept_state_buffers
assist_09,45670,no_LCRF,target_concept_mask,1.0,0.9884471297264099,0.011620123157032659,98,98,student_concept_state_buffers
assist_09,45670,no_LCRF,random_history_mask,1.0,0.9884471297264099,0.011620123157032659,98,63,student_concept_state_buffers
assist_09,45717,no_LCRF,original,1.0,0.28266236186027527,1.2635021612422042,91,,student_concept_state_buffers
assist_09,45717,no_LCRF,target_concept_mask,1.0,0.28266236186027527,1.2635021612422042,91,91,student_concept_state_buffers
assist_09,45717,no_LCRF,random_history_mask,1.0,0.28266236186027527,1.2635021612422042,91,0,student_concept_state_buffers
assist_09,46219,no_LCRF,original,1.0,0.9091833829879761,0.09520846369081046,89,,student_concept_state_buffers
assist_09,46219,no_LCRF,target_concept_mask,1.0,0.9091833829879761,0.09520846369081046,89,89,student_concept_state_buffers
assist_09,46219,no_LCRF,random_history_mask,1.0,0.9091833829879761,0.09520846369081046,89,81,student_concept_state_buffers
assist_09,46390,no_LCRF,original,1.0,0.4589454233646393,0.7788239793361675,119,,student_concept_state_buffers
assist_09,46390,no_LCRF,target_concept_mask,1.0,0.4589454233646393,0.7788239793361675,119,119,student_concept_state_buffers
assist_09,46390,no_LCRF,random_history_mask,1.0,0.4589454233646393,0.7788239793361675,119,94,student_concept_state_buffers
assist_09,46402,no_LCRF,original,0.0,0.6848347187042236,1.1546580752384668,"45,58",,student_concept_state_buffers
assist_09,46402,no_LCRF,target_concept_mask,0.0,0.6848347187042236,1.1546580752384668,"45,58","45,58",student_concept_state_buffers
assist_09,46402,no_LCRF,random_history_mask,0.0,0.6848347187042236,1.1546580752384668,"45,58","79,85",student_concept_state_buffers
assist_09,46592,no_LCRF,original,1.0,0.6937729120254517,0.36561058812385705,9,,student_concept_state_buffers
assist_09,46592,no_LCRF,target_concept_mask,1.0,0.6937729120254517,0.36561058812385705,9,9,student_concept_state_buffers
assist_09,46592,no_LCRF,random_history_mask,1.0,0.6937729120254517,0.36561058812385705,9,8,student_concept_state_buffers
assist_09,46684,no_LCRF,original,0.0,0.8346977233886719,1.799979501646684,38,,student_concept_state_buffers
assist_09,46684,no_LCRF,target_concept_mask,0.0,0.8346977233886719,1.799979501646684,38,38,student_concept_state_buffers
assist_09,46684,no_LCRF,random_history_mask,0.0,0.8346977233886719,1.799979501646684,38,0,student_concept_state_buffers
assist_09,46715,no_LCRF,original,1.0,0.8113903403282166,0.20900603322492803,"6,40",,student_concept_state_buffers
assist_09,46715,no_LCRF,target_concept_mask,1.0,0.8113903403282166,0.20900603322492803,"6,40","6,40",student_concept_state_buffers
assist_09,46715,no_LCRF,random_history_mask,1.0,0.8113903403282166,0.20900603322492803,"6,40","22,59",student_concept_state_buffers
assist_09,46946,no_LCRF,original,1.0,0.3269363343715668,1.1179898231520486,99,,student_concept_state_buffers
assist_09,46946,no_LCRF,target_concept_mask,1.0,0.3269363343715668,1.1179898231520486,99,99,student_concept_state_buffers
assist_09,46946,no_LCRF,random_history_mask,1.0,0.3269363343715668,1.1179898231520486,99,94,student_concept_state_buffers
assist_09,47007,no_LCRF,original,1.0,0.557897686958313,0.5835796901182542,20,,student_concept_state_buffers
assist_09,47007,no_LCRF,target_concept_mask,1.0,0.557897686958313,0.5835796901182542,20,20,student_concept_state_buffers
assist_09,47007,no_LCRF,random_history_mask,1.0,0.557897686958313,0.5835796901182542,20,22,student_concept_state_buffers
assist_09,47113,no_LCRF,original,0.0,0.7609919905662537,1.4312582153370608,2,,student_concept_state_buffers
assist_09,47113,no_LCRF,target_concept_mask,0.0,0.7609919905662537,1.4312582153370608,2,2,student_concept_state_buffers
assist_09,47113,no_LCRF,random_history_mask,0.0,0.7609919905662537,1.4312582153370608,2,11,student_concept_state_buffers
assist_09,47145,no_LCRF,original,1.0,0.9281327724456787,0.07458048267389088,25,,student_concept_state_buffers
assist_09,47145,no_LCRF,target_concept_mask,1.0,0.9281327724456787,0.07458048267389088,25,25,student_concept_state_buffers
assist_09,47145,no_LCRF,random_history_mask,1.0,0.9281327724456787,0.07458048267389088,25,14,student_concept_state_buffers
assist_09,47284,no_LCRF,original,1.0,0.9403241276741028,0.061530646479117046,98,,student_concept_state_buffers
assist_09,47284,no_LCRF,target_concept_mask,1.0,0.9403241276741028,0.061530646479117046,98,98,student_concept_state_buffers
assist_09,47284,no_LCRF,random_history_mask,1.0,0.9403241276741028,0.061530646479117046,98,32,student_concept_state_buffers
assist_09,47289,no_LCRF,original,1.0,0.9543224573135376,0.04675365907511834,14,,student_concept_state_buffers
assist_09,47289,no_LCRF,target_concept_mask,1.0,0.9543224573135376,0.04675365907511834,14,14,student_concept_state_buffers
assist_09,47289,no_LCRF,random_history_mask,1.0,0.9543224573135376,0.04675365907511834,14,10,student_concept_state_buffers
assist_09,47545,no_LCRF,original,1.0,0.3732856214046478,0.985411411337177,103,,student_concept_state_buffers
assist_09,47545,no_LCRF,target_concept_mask,1.0,0.3732856214046478,0.985411411337177,103,103,student_concept_state_buffers
assist_09,47545,no_LCRF,random_history_mask,1.0,0.3732856214046478,0.985411411337177,103,38,student_concept_state_buffers
assist_09,47558,no_LCRF,original,1.0,0.3976864218711853,0.9220914689877774,106,,student_concept_state_buffers
assist_09,47558,no_LCRF,target_concept_mask,1.0,0.3976864218711853,0.9220914689877774,106,106,student_concept_state_buffers
assist_09,47558,no_LCRF,random_history_mask,1.0,0.3976864218711853,0.9220914689877774,106,42,student_concept_state_buffers
assist_09,47625,no_LCRF,original,0.0,0.5931093096733093,0.8992107037479293,96,,student_concept_state_buffers
assist_09,47625,no_LCRF,target_concept_mask,0.0,0.5931093096733093,0.8992107037479293,96,96,student_concept_state_buffers
assist_09,47625,no_LCRF,random_history_mask,0.0,0.5931093096733093,0.8992107037479293,96,104,student_concept_state_buffers
assist_09,47689,no_LCRF,original,0.0,0.7587713003158569,1.4220098341256544,49,,student_concept_state_buffers
assist_09,47689,no_LCRF,target_concept_mask,0.0,0.7587713003158569,1.4220098341256544,49,49,student_concept_state_buffers
assist_09,47689,no_LCRF,random_history_mask,0.0,0.7587713003158569,1.4220098341256544,49,15,student_concept_state_buffers
assist_09,47717,no_LCRF,original,1.0,0.8265354037284851,0.19051252691133702,59,,student_concept_state_buffers
assist_09,47717,no_LCRF,target_concept_mask,1.0,0.8265354037284851,0.19051252691133702,59,59,student_concept_state_buffers
assist_09,47717,no_LCRF,random_history_mask,1.0,0.8265354037284851,0.19051252691133702,59,79,student_concept_state_buffers
assist_09,47824,no_LCRF,original,1.0,0.5051378607749939,0.6829238953285618,"12,13",,student_concept_state_buffers
assist_09,47824,no_LCRF,target_concept_mask,1.0,0.5051378607749939,0.6829238953285618,"12,13","12,13",student_concept_state_buffers
assist_09,47824,no_LCRF,random_history_mask,1.0,0.5051378607749939,0.6829238953285618,"12,13","16,89",student_concept_state_buffers
assist_09,47874,no_LCRF,original,1.0,0.5453534126281738,0.6063212309425895,63,,student_concept_state_buffers
assist_09,47874,no_LCRF,target_concept_mask,1.0,0.5453534126281738,0.6063212309425895,63,63,student_concept_state_buffers
assist_09,47874,no_LCRF,random_history_mask,1.0,0.5453534126281738,0.6063212309425895,63,30,student_concept_state_buffers
assist_09,47890,no_LCRF,original,1.0,0.9447840452194214,0.05679890118121761,104,,student_concept_state_buffers
assist_09,47890,no_LCRF,target_concept_mask,1.0,0.9447840452194214,0.05679890118121761,104,104,student_concept_state_buffers
assist_09,47890,no_LCRF,random_history_mask,1.0,0.9447840452194214,0.05679890118121761,104,61,student_concept_state_buffers
assist_09,47915,no_LCRF,original,1.0,0.5048467516899109,0.6835003577608638,98,,student_concept_state_buffers
assist_09,47915,no_LCRF,target_concept_mask,1.0,0.5048467516899109,0.6835003577608638,98,98,student_concept_state_buffers
assist_09,47915,no_LCRF,random_history_mask,1.0,0.5048467516899109,0.6835003577608638,98,25,student_concept_state_buffers
assist_09,48164,no_LCRF,original,0.0,0.685275673866272,1.1560581784593507,49,,student_concept_state_buffers
assist_09,48164,no_LCRF,target_concept_mask,0.0,0.685275673866272,1.1560581784593507,49,49,student_concept_state_buffers
assist_09,48164,no_LCRF,random_history_mask,0.0,0.685275673866272,1.1560581784593507,49,104,student_concept_state_buffers
assist_09,48510,no_LCRF,original,0.0,0.19818702340126038,0.2208798945710216,86,,student_concept_state_buffers
assist_09,48510,no_LCRF,target_concept_mask,0.0,0.19818702340126038,0.2208798945710216,86,86,student_concept_state_buffers
assist_09,48510,no_LCRF,random_history_mask,0.0,0.19818702340126038,0.2208798945710216,86,25,student_concept_state_buffers
assist_09,48540,no_LCRF,original,0.0,0.5297485589981079,0.7544877464741834,99,,student_concept_state_buffers
assist_09,48540,no_LCRF,target_concept_mask,0.0,0.5297485589981079,0.7544877464741834,99,99,student_concept_state_buffers
assist_09,48540,no_LCRF,random_history_mask,0.0,0.5297485589981079,0.7544877464741834,99,49,student_concept_state_buffers
assist_09,48564,no_LCRF,original,1.0,0.42104679346084595,0.8650113031132227,95,,student_concept_state_buffers
assist_09,48564,no_LCRF,target_concept_mask,1.0,0.42104679346084595,0.8650113031132227,95,95,student_concept_state_buffers
assist_09,48564,no_LCRF,random_history_mask,1.0,0.42104679346084595,0.8650113031132227,95,34,student_concept_state_buffers
assist_09,48597,no_LCRF,original,1.0,0.9653420448303223,0.035272789844555424,98,,student_concept_state_buffers
assist_09,48597,no_LCRF,target_concept_mask,1.0,0.9653420448303223,0.035272789844555424,98,98,student_concept_state_buffers
assist_09,48597,no_LCRF,random_history_mask,1.0,0.9653420448303223,0.035272789844555424,98,61,student_concept_state_buffers
assist_09,48606,no_LCRF,original,1.0,0.3535071313381195,1.0398516203323882,95,,student_concept_state_buffers
assist_09,48606,no_LCRF,target_concept_mask,1.0,0.3535071313381195,1.0398516203323882,95,95,student_concept_state_buffers
assist_09,48606,no_LCRF,random_history_mask,1.0,0.3535071313381195,1.0398516203323882,95,34,student_concept_state_buffers
assist_09,48710,no_LCRF,original,1.0,0.5624120235443115,0.5755205597236127,"0,9",,student_concept_state_buffers
assist_09,48710,no_LCRF,target_concept_mask,1.0,0.5624120235443115,0.5755205597236127,"0,9","0,9",student_concept_state_buffers
assist_09,48710,no_LCRF,random_history_mask,1.0,0.5624120235443115,0.5755205597236127,"0,9","31,66",student_concept_state_buffers
assist_09,49029,no_LCRF,original,1.0,0.8220295906066895,0.19597888626890556,"6,9",,student_concept_state_buffers
assist_09,49029,no_LCRF,target_concept_mask,1.0,0.8220295906066895,0.19597888626890556,"6,9","6,9",student_concept_state_buffers
assist_09,49029,no_LCRF,random_history_mask,1.0,0.8220295906066895,0.19597888626890556,"6,9","3,45",student_concept_state_buffers
assist_09,49110,no_LCRF,original,1.0,0.7539190053939819,0.2824703366459926,99,,student_concept_state_buffers
assist_09,49110,no_LCRF,target_concept_mask,1.0,0.7539190053939819,0.2824703366459926,99,99,student_concept_state_buffers
assist_09,49110,no_LCRF,random_history_mask,1.0,0.7539190053939819,0.2824703366459926,99,7,student_concept_state_buffers
assist_09,49137,no_LCRF,original,1.0,0.8628193140029907,0.14754997945691384,98,,student_concept_state_buffers
assist_09,49137,no_LCRF,target_concept_mask,1.0,0.8628193140029907,0.14754997945691384,98,98,student_concept_state_buffers
assist_09,49137,no_LCRF,random_history_mask,1.0,0.8628193140029907,0.14754997945691384,98,89,student_concept_state_buffers
assist_09,49185,no_LCRF,original,1.0,0.8286682367324829,0.187935400892146,98,,student_concept_state_buffers
assist_09,49185,no_LCRF,target_concept_mask,1.0,0.8286682367324829,0.187935400892146,98,98,student_concept_state_buffers
assist_09,49185,no_LCRF,random_history_mask,1.0,0.8286682367324829,0.187935400892146,98,13,student_concept_state_buffers
assist_09,49371,no_LCRF,original,1.0,0.6995256543159485,0.3573528103297518,51,,student_concept_state_buffers
assist_09,49371,no_LCRF,target_concept_mask,1.0,0.6995256543159485,0.3573528103297518,51,51,student_concept_state_buffers
assist_09,49371,no_LCRF,random_history_mask,1.0,0.6995256543159485,0.3573528103297518,51,5,student_concept_state_buffers
assist_09,49571,no_LCRF,original,1.0,0.9924975037574768,0.0075307815297712775,"6,14",,student_concept_state_buffers
assist_09,49571,no_LCRF,target_concept_mask,1.0,0.9924975037574768,0.0075307815297712775,"6,14","6,14",student_concept_state_buffers
assist_09,49571,no_LCRF,random_history_mask,1.0,0.9924975037574768,0.0075307815297712775,"6,14","78,80",student_concept_state_buffers
assist_09,49834,no_LCRF,original,0.0,0.8616239428520203,1.9777802482500544,7,,student_concept_state_buffers
assist_09,49834,no_LCRF,target_concept_mask,0.0,0.8616239428520203,1.9777802482500544,7,7,student_concept_state_buffers
assist_09,49834,no_LCRF,random_history_mask,0.0,0.8616239428520203,1.9777802482500544,7,99,student_concept_state_buffers
assist_09,49911,no_LCRF,original,1.0,0.7486153841018677,0.2895299332262162,20,,student_concept_state_buffers
assist_09,49911,no_LCRF,target_concept_mask,1.0,0.7486153841018677,0.2895299332262162,20,20,student_concept_state_buffers
assist_09,49911,no_LCRF,random_history_mask,1.0,0.7486153841018677,0.2895299332262162,20,22,student_concept_state_buffers
assist_09,50103,no_LCRF,original,1.0,0.7568347454071045,0.27861035134815304,38,,student_concept_state_buffers
assist_09,50103,no_LCRF,target_concept_mask,1.0,0.7568347454071045,0.27861035134815304,38,38,student_concept_state_buffers
assist_09,50103,no_LCRF,random_history_mask,1.0,0.7568347454071045,0.27861035134815304,38,2,student_concept_state_buffers
assist_09,50313,no_LCRF,original,1.0,0.8774738907814026,0.13070807818004576,"5,10",,student_concept_state_buffers
assist_09,50313,no_LCRF,target_concept_mask,1.0,0.8774738907814026,0.13070807818004576,"5,10","5,10",student_concept_state_buffers
assist_09,50313,no_LCRF,random_history_mask,1.0,0.8774738907814026,0.13070807818004576,"5,10","8,44",student_concept_state_buffers
assist_09,50314,no_LCRF,original,1.0,0.9976418018341064,0.002360983094325267,98,,student_concept_state_buffers
assist_09,50314,no_LCRF,target_concept_mask,1.0,0.9976418018341064,0.002360983094325267,98,98,student_concept_state_buffers
assist_09,50314,no_LCRF,random_history_mask,1.0,0.9976418018341064,0.002360983094325267,98,33,student_concept_state_buffers
assist_09,50461,no_LCRF,original,1.0,0.912120521068573,0.09198314734439869,20,,student_concept_state_buffers
assist_09,50461,no_LCRF,target_concept_mask,1.0,0.912120521068573,0.09198314734439869,20,20,student_concept_state_buffers
assist_09,50461,no_LCRF,random_history_mask,1.0,0.912120521068573,0.09198314734439869,20,45,student_concept_state_buffers
assist_09,50508,no_LCRF,original,1.0,0.7927218675613403,0.23228285334399132,"6,8",,student_concept_state_buffers
assist_09,50508,no_LCRF,target_concept_mask,1.0,0.7927218675613403,0.23228285334399132,"6,8","6,8",student_concept_state_buffers
assist_09,50508,no_LCRF,random_history_mask,1.0,0.7927218675613403,0.23228285334399132,"6,8","59,63",student_concept_state_buffers
assist_09,50529,no_LCRF,original,1.0,0.9567520618438721,0.04421099962887269,"6,14",,student_concept_state_buffers
assist_09,50529,no_LCRF,target_concept_mask,1.0,0.9567520618438721,0.04421099962887269,"6,14","6,14",student_concept_state_buffers
assist_09,50529,no_LCRF,random_history_mask,1.0,0.9567520618438721,0.04421099962887269,"6,14","18,22",student_concept_state_buffers
assist_09,50630,no_LCRF,original,1.0,0.7663720846176147,0.26608747702641666,"32,33",,student_concept_state_buffers
assist_09,50630,no_LCRF,target_concept_mask,1.0,0.7663720846176147,0.26608747702641666,"32,33","32,33",student_concept_state_buffers
assist_09,50630,no_LCRF,random_history_mask,1.0,0.7663720846176147,0.26608747702641666,"32,33","2,95",student_concept_state_buffers
assist_09,50754,no_LCRF,original,1.0,0.9273248314857483,0.07545136326882618,"45,58",,student_concept_state_buffers
assist_09,50754,no_LCRF,target_concept_mask,1.0,0.9273248314857483,0.07545136326882618,"45,58","45,58",student_concept_state_buffers
assist_09,50754,no_LCRF,random_history_mask,1.0,0.9273248314857483,0.07545136326882618,"45,58","6,29",student_concept_state_buffers
assist_09,50803,no_LCRF,original,0.0,0.250306099653244,0.2880902886316613,91,,student_concept_state_buffers
assist_09,50803,no_LCRF,target_concept_mask,0.0,0.250306099653244,0.2880902886316613,91,91,student_concept_state_buffers
assist_09,50803,no_LCRF,random_history_mask,0.0,0.250306099653244,0.2880902886316613,91,10,student_concept_state_buffers
assist_09,50836,no_LCRF,original,1.0,0.9111089110374451,0.0930928377839267,33,,student_concept_state_buffers
assist_09,50836,no_LCRF,target_concept_mask,1.0,0.9111089110374451,0.0930928377839267,33,33,student_concept_state_buffers
assist_09,50836,no_LCRF,random_history_mask,1.0,0.9111089110374451,0.0930928377839267,33,79,student_concept_state_buffers
assist_09,50881,no_LCRF,original,1.0,0.6128376722335815,0.48965518686830795,89,,student_concept_state_buffers
assist_09,50881,no_LCRF,target_concept_mask,1.0,0.6128376722335815,0.48965518686830795,89,89,student_concept_state_buffers
assist_09,50881,no_LCRF,random_history_mask,1.0,0.6128376722335815,0.48965518686830795,89,24,student_concept_state_buffers
assist_09,51013,no_LCRF,original,1.0,0.6439293622970581,0.4401662447678522,96,,student_concept_state_buffers
assist_09,51013,no_LCRF,target_concept_mask,1.0,0.6439293622970581,0.4401662447678522,96,96,student_concept_state_buffers
assist_09,51013,no_LCRF,random_history_mask,1.0,0.6439293622970581,0.4401662447678522,96,81,student_concept_state_buffers
assist_09,51041,no_LCRF,original,1.0,0.8294480443000793,0.18699480627401305,"32,33",,student_concept_state_buffers
assist_09,51041,no_LCRF,target_concept_mask,1.0,0.8294480443000793,0.18699480627401305,"32,33","32,33",student_concept_state_buffers
assist_09,51041,no_LCRF,random_history_mask,1.0,0.8294480443000793,0.18699480627401305,"32,33","82,93",student_concept_state_buffers
assist_09,124,self_only,original,1.0,0.9198616147041321,0.08353203905294974,52,,student_concept_state_buffers
assist_09,124,self_only,target_concept_mask,1.0,0.8749966025352478,0.13353527544892044,52,52,student_concept_state_buffers
assist_09,124,self_only,random_history_mask,1.0,0.9198616147041321,0.08353203905294974,52,21,student_concept_state_buffers
assist_09,129,self_only,original,1.0,0.9368696212768555,0.06521115127386418,30,,student_concept_state_buffers
assist_09,129,self_only,target_concept_mask,1.0,0.9287039041519165,0.073965316319793,30,30,student_concept_state_buffers
assist_09,129,self_only,random_history_mask,1.0,0.9368696212768555,0.06521115127386418,30,78,student_concept_state_buffers
assist_09,388,self_only,original,1.0,0.8887138366699219,0.11797998879671784,34,,student_concept_state_buffers
assist_09,388,self_only,target_concept_mask,1.0,0.9404827952384949,0.061361923615716706,34,34,student_concept_state_buffers
assist_09,388,self_only,random_history_mask,1.0,0.8887138366699219,0.11797998879671784,34,36,student_concept_state_buffers
assist_09,416,self_only,original,1.0,0.9072834253311157,0.09730039109739497,82,,student_concept_state_buffers
assist_09,416,self_only,target_concept_mask,1.0,0.8519783020019531,0.1601942196109721,82,82,student_concept_state_buffers
assist_09,416,self_only,random_history_mask,1.0,0.9072834253311157,0.09730039109739497,82,37,student_concept_state_buffers
assist_09,487,self_only,original,1.0,0.6285496354103088,0.46434027967029373,96,,student_concept_state_buffers
assist_09,487,self_only,target_concept_mask,1.0,0.6565322279930115,0.4207834958226963,96,96,student_concept_state_buffers
assist_09,487,self_only,random_history_mask,1.0,0.6285496354103088,0.46434027967029373,96,80,student_concept_state_buffers
assist_09,538,self_only,original,1.0,0.5425307154655457,0.6115105768006124,97,,student_concept_state_buffers
assist_09,538,self_only,target_concept_mask,1.0,0.6392121911048889,0.4475188122700075,97,97,student_concept_state_buffers
assist_09,538,self_only,random_history_mask,1.0,0.5425307154655457,0.6115105768006124,97,6,student_concept_state_buffers
assist_09,591,self_only,original,1.0,0.3565446138381958,1.031295902951485,"34,35,46",,student_concept_state_buffers
assist_09,591,self_only,target_concept_mask,1.0,0.7398467659950256,0.30131218720618635,"34,35,46","34,35,46",student_concept_state_buffers
assist_09,591,self_only,random_history_mask,1.0,0.3565446138381958,1.031295902951485,"34,35,46","22,29,84",student_concept_state_buffers
assist_09,630,self_only,original,1.0,0.972041130065918,0.028357160534315713,37,,student_concept_state_buffers
assist_09,630,self_only,target_concept_mask,1.0,0.9641438722610474,0.036514750423457,37,37,student_concept_state_buffers
assist_09,630,self_only,random_history_mask,1.0,0.972041130065918,0.028357160534315713,37,79,student_concept_state_buffers
assist_09,697,self_only,original,1.0,0.8822261095046997,0.12530689584729843,97,,student_concept_state_buffers
assist_09,697,self_only,target_concept_mask,1.0,0.7978068590164185,0.2258887421343784,97,97,student_concept_state_buffers
assist_09,697,self_only,random_history_mask,1.0,0.8822261095046997,0.12530689584729843,97,30,student_concept_state_buffers
assist_09,698,self_only,original,1.0,0.6771930456161499,0.38979889809639773,36,,student_concept_state_buffers
assist_09,698,self_only,target_concept_mask,1.0,0.818600594997406,0.20015898807654664,36,36,student_concept_state_buffers
assist_09,698,self_only,random_history_mask,1.0,0.6771930456161499,0.38979889809639773,36,48,student_concept_state_buffers
assist_09,861,self_only,original,1.0,0.5998073220252991,0.5111468052970919,53,,student_concept_state_buffers
assist_09,861,self_only,target_concept_mask,1.0,0.6769120097160339,0.39021398539415864,53,53,student_concept_state_buffers
assist_09,861,self_only,random_history_mask,1.0,0.5998073220252991,0.5111468052970919,53,96,student_concept_state_buffers
assist_09,1006,self_only,original,0.0,0.8252518773078918,1.7444096407464762,"1,24,31",,student_concept_state_buffers
assist_09,1006,self_only,target_concept_mask,0.0,0.7514100074768066,1.3919503560529085,"1,24,31","1,24,31",student_concept_state_buffers
assist_09,1006,self_only,random_history_mask,0.0,0.8252518773078918,1.7444096407464762,"1,24,31","16,21,45",student_concept_state_buffers
assist_09,1028,self_only,original,0.0,0.8497132658958435,1.89521024889866,54,,student_concept_state_buffers
assist_09,1028,self_only,target_concept_mask,0.0,0.8404669165611267,1.835503958586269,54,54,student_concept_state_buffers
assist_09,1028,self_only,random_history_mask,0.0,0.8497132658958435,1.89521024889866,54,56,student_concept_state_buffers
assist_09,1052,self_only,original,1.0,0.5388850569725037,0.6182529831847828,59,,student_concept_state_buffers
assist_09,1052,self_only,target_concept_mask,1.0,0.7016164660453796,0.35436836892165585,59,59,student_concept_state_buffers
assist_09,1052,self_only,random_history_mask,1.0,0.5388850569725037,0.6182529831847828,59,29,student_concept_state_buffers
assist_09,1138,self_only,original,1.0,0.18081723153591156,1.710268528397848,"22,43",,student_concept_state_buffers
assist_09,1138,self_only,target_concept_mask,1.0,0.4166373610496521,0.8755390733082501,"22,43","22,43",student_concept_state_buffers
assist_09,1138,self_only,random_history_mask,1.0,0.18081723153591156,1.710268528397848,"22,43","82,86",student_concept_state_buffers
assist_09,1355,self_only,original,1.0,0.9128650426864624,0.09116722674318421,32,,student_concept_state_buffers
assist_09,1355,self_only,target_concept_mask,1.0,0.8850473761558533,0.122114103027519,32,32,student_concept_state_buffers
assist_09,1355,self_only,random_history_mask,1.0,0.9128650426864624,0.09116722674318421,32,6,student_concept_state_buffers
assist_09,1378,self_only,original,0.0,0.6127905249595642,0.9487894532168344,30,,student_concept_state_buffers
assist_09,1378,self_only,target_concept_mask,0.0,0.7267358303070068,1.297316297119952,30,30,student_concept_state_buffers
assist_09,1378,self_only,random_history_mask,0.0,0.6127905249595642,0.9487894532168344,30,33,student_concept_state_buffers
assist_09,1451,self_only,original,1.0,0.37366947531700134,0.9843836281469205,48,,student_concept_state_buffers
assist_09,1451,self_only,target_concept_mask,1.0,0.5313181281089783,0.6323943258193913,48,48,student_concept_state_buffers
assist_09,1451,self_only,random_history_mask,1.0,0.37366947531700134,0.9843836281469205,48,51,student_concept_state_buffers
assist_09,1533,self_only,original,1.0,0.9758660793304443,0.0244299157844936,55,,student_concept_state_buffers
assist_09,1533,self_only,target_concept_mask,1.0,0.9743282794952393,0.026006989522785795,55,55,student_concept_state_buffers
assist_09,1533,self_only,random_history_mask,1.0,0.9758660793304443,0.0244299157844936,55,79,student_concept_state_buffers
assist_09,1653,self_only,original,1.0,0.6597023010253906,0.415966604771839,49,,student_concept_state_buffers
assist_09,1653,self_only,target_concept_mask,1.0,0.747586727142334,0.2909049575145472,49,49,student_concept_state_buffers
assist_09,1653,self_only,random_history_mask,1.0,0.6597023010253906,0.415966604771839,49,82,student_concept_state_buffers
assist_09,1680,self_only,original,1.0,0.6711490154266357,0.3987640870440763,30,,student_concept_state_buffers
assist_09,1680,self_only,target_concept_mask,1.0,0.7273441553115845,0.31835552238774123,30,30,student_concept_state_buffers
assist_09,1680,self_only,random_history_mask,1.0,0.6711490154266357,0.3987640870440763,30,32,student_concept_state_buffers
assist_09,1873,self_only,original,0.0,0.7373028993606567,1.3367536191260316,"15,16",,student_concept_state_buffers
assist_09,1873,self_only,target_concept_mask,0.0,0.7605869174003601,1.4295648399009229,"15,16","15,16",student_concept_state_buffers
assist_09,1873,self_only,random_history_mask,0.0,0.7373028993606567,1.3367536191260316,"15,16","1,29",student_concept_state_buffers
assist_09,2190,self_only,original,1.0,0.6715372204780579,0.3981858356970999,"34,35,46",,student_concept_state_buffers
assist_09,2190,self_only,target_concept_mask,1.0,0.6544058918952942,0.4240274902266522,"34,35,46","34,35,46",student_concept_state_buffers
assist_09,2190,self_only,random_history_mask,1.0,0.6715372204780579,0.3981858356970999,"34,35,46","43,82,83",student_concept_state_buffers
assist_09,2214,self_only,original,1.0,0.9263792037963867,0.07647162082169381,"5,11",,student_concept_state_buffers
assist_09,2214,self_only,target_concept_mask,1.0,0.9057102799415588,0.09903580339341796,"5,11","5,11",student_concept_state_buffers
assist_09,2214,self_only,random_history_mask,1.0,0.9263792037963867,0.07647162082169381,"5,11","4,79",student_concept_state_buffers
assist_09,2274,self_only,original,1.0,0.5155222415924072,0.6625748307867969,44,,student_concept_state_buffers
assist_09,2274,self_only,target_concept_mask,1.0,0.5300130248069763,0.6348536976304301,44,44,student_concept_state_buffers
assist_09,2274,self_only,random_history_mask,1.0,0.5155222415924072,0.6625748307867969,44,80,student_concept_state_buffers
assist_09,2342,self_only,original,1.0,0.8888258934020996,0.11785390809041302,37,,student_concept_state_buffers
assist_09,2342,self_only,target_concept_mask,1.0,0.9207943677902222,0.08251853824149612,37,37,student_concept_state_buffers
assist_09,2342,self_only,random_history_mask,1.0,0.8888258934020996,0.11785390809041302,37,17,student_concept_state_buffers
assist_09,2479,self_only,original,1.0,0.595326840877533,0.5186447118541203,52,,student_concept_state_buffers
assist_09,2479,self_only,target_concept_mask,1.0,0.6459198594093323,0.4370798395370974,52,52,student_concept_state_buffers
assist_09,2479,self_only,random_history_mask,1.0,0.595326840877533,0.5186447118541203,52,98,student_concept_state_buffers
assist_09,2516,self_only,original,0.0,0.9011154174804688,2.313801942095695,20,,student_concept_state_buffers
assist_09,2516,self_only,target_concept_mask,0.0,0.9387223720550537,2.792340462769191,20,20,student_concept_state_buffers
assist_09,2516,self_only,random_history_mask,0.0,0.9011154174804688,2.313801942095695,20,45,student_concept_state_buffers
assist_09,2611,self_only,original,1.0,0.8206130862236023,0.19770355196057404,82,,student_concept_state_buffers
assist_09,2611,self_only,target_concept_mask,1.0,0.8184714317321777,0.20031678597839503,82,82,student_concept_state_buffers
assist_09,2611,self_only,random_history_mask,1.0,0.8206130862236023,0.19770355196057404,82,18,student_concept_state_buffers
assist_09,2630,self_only,original,1.0,0.8372650742530823,0.17761456298727146,37,,student_concept_state_buffers
assist_09,2630,self_only,target_concept_mask,1.0,0.850464940071106,0.16197209072240734,37,37,student_concept_state_buffers
assist_09,2630,self_only,random_history_mask,1.0,0.8372650742530823,0.17761456298727146,37,67,student_concept_state_buffers
assist_09,2634,self_only,original,0.0,0.740237295627594,1.3479867401992172,30,,student_concept_state_buffers
assist_09,2634,self_only,target_concept_mask,0.0,0.7703338861465454,1.4711287036636305,30,30,student_concept_state_buffers
assist_09,2634,self_only,random_history_mask,0.0,0.740237295627594,1.3479867401992172,30,61,student_concept_state_buffers
assist_09,2654,self_only,original,0.0,0.7199392318725586,1.2727486703337032,"34,35,46",,student_concept_state_buffers
assist_09,2654,self_only,target_concept_mask,0.0,0.6574398279190063,1.0713079518026325,"34,35,46","34,35,46",student_concept_state_buffers
assist_09,2654,self_only,random_history_mask,0.0,0.7199392318725586,1.2727486703337032,"34,35,46","42,61,78",student_concept_state_buffers
assist_09,2669,self_only,original,1.0,0.43570712208747864,0.8307849996818544,"22,43",,student_concept_state_buffers
assist_09,2669,self_only,target_concept_mask,1.0,0.4156382381916046,0.8779400167911887,"22,43","22,43",student_concept_state_buffers
assist_09,2669,self_only,random_history_mask,1.0,0.43570712208747864,0.8307849996818544,"22,43","17,81",student_concept_state_buffers
assist_09,2730,self_only,original,0.0,0.8837856650352478,2.152319077588324,81,,student_concept_state_buffers
assist_09,2730,self_only,target_concept_mask,0.0,0.8950135707855225,2.253924182753947,81,81,student_concept_state_buffers
assist_09,2730,self_only,random_history_mask,0.0,0.8837856650352478,2.152319077588324,81,53,student_concept_state_buffers
assist_09,2746,self_only,original,1.0,0.7878864407539368,0.2384013102275596,36,,student_concept_state_buffers
assist_09,2746,self_only,target_concept_mask,1.0,0.7729098200798035,0.2575928994515093,36,36,student_concept_state_buffers
assist_09,2746,self_only,random_history_mask,1.0,0.7878864407539368,0.2384013102275596,36,44,student_concept_state_buffers
assist_09,2947,self_only,original,0.0,0.6141805648803711,0.9523858036268587,49,,student_concept_state_buffers
assist_09,2947,self_only,target_concept_mask,0.0,0.8079645037651062,1.6500750478184534,49,49,student_concept_state_buffers
assist_09,2947,self_only,random_history_mask,0.0,0.6141805648803711,0.9523858036268587,49,56,student_concept_state_buffers
assist_09,2992,self_only,original,1.0,0.19522711634635925,1.6335916989422308,47,,student_concept_state_buffers
assist_09,2992,self_only,target_concept_mask,1.0,0.2095564603805542,1.5627620753055438,47,47,student_concept_state_buffers
assist_09,2992,self_only,random_history_mask,1.0,0.19522711634635925,1.6335916989422308,47,45,student_concept_state_buffers
assist_09,3111,self_only,original,1.0,0.8743473291397095,0.1342775805080863,81,,student_concept_state_buffers
assist_09,3111,self_only,target_concept_mask,1.0,0.9391310811042786,0.06280021302637798,81,81,student_concept_state_buffers
assist_09,3111,self_only,random_history_mask,1.0,0.8743473291397095,0.1342775805080863,81,53,student_concept_state_buffers
assist_09,3172,self_only,original,1.0,0.6516394019126892,0.42826393460318707,9,,student_concept_state_buffers
assist_09,3172,self_only,target_concept_mask,1.0,0.5770161747932434,0.5498849802963302,9,9,student_concept_state_buffers
assist_09,3172,self_only,random_history_mask,1.0,0.6516394019126892,0.42826393460318707,9,17,student_concept_state_buffers
assist_09,3312,self_only,original,1.0,0.305438369512558,1.186007257178462,8,,student_concept_state_buffers
assist_09,3312,self_only,target_concept_mask,1.0,0.3592590391635895,1.0237115931326108,8,8,student_concept_state_buffers
assist_09,3312,self_only,random_history_mask,1.0,0.305438369512558,1.186007257178462,8,37,student_concept_state_buffers
assist_09,3370,self_only,original,1.0,0.4905089735984802,0.7123117053459422,41,,student_concept_state_buffers
assist_09,3370,self_only,target_concept_mask,1.0,0.6248369812965393,0.4702644931933138,41,41,student_concept_state_buffers
assist_09,3370,self_only,random_history_mask,1.0,0.4905089735984802,0.7123117053459422,41,35,student_concept_state_buffers
assist_09,3816,self_only,original,1.0,0.8962920308113098,0.1094889918651875,37,,student_concept_state_buffers
assist_09,3816,self_only,target_concept_mask,1.0,0.8959589004516602,0.10986073709089794,37,37,student_concept_state_buffers
assist_09,3816,self_only,random_history_mask,1.0,0.8962920308113098,0.1094889918651875,37,24,student_concept_state_buffers
assist_09,4032,self_only,original,1.0,0.9149935841560364,0.08883822558252524,52,,student_concept_state_buffers
assist_09,4032,self_only,target_concept_mask,1.0,0.9130346179008484,0.0909814824566455,52,52,student_concept_state_buffers
assist_09,4032,self_only,random_history_mask,1.0,0.9149935841560364,0.08883822558252524,52,37,student_concept_state_buffers
assist_09,4109,self_only,original,1.0,0.8178379535675049,0.20109106277716138,44,,student_concept_state_buffers
assist_09,4109,self_only,target_concept_mask,1.0,0.6568118333816528,0.42035770428628344,44,44,student_concept_state_buffers
assist_09,4109,self_only,random_history_mask,1.0,0.8178379535675049,0.20109106277716138,44,38,student_concept_state_buffers
assist_09,4223,self_only,original,1.0,0.9314129948616028,0.07105249656468297,81,,student_concept_state_buffers
assist_09,4223,self_only,target_concept_mask,1.0,0.9451627731323242,0.05639811962028185,81,81,student_concept_state_buffers
assist_09,4223,self_only,random_history_mask,1.0,0.9314129948616028,0.07105249656468297,81,89,student_concept_state_buffers
assist_09,4234,self_only,original,0.0,0.8867698907852173,2.1783331661173735,99,,student_concept_state_buffers
assist_09,4234,self_only,target_concept_mask,0.0,0.9240822792053223,2.5781051462760276,99,99,student_concept_state_buffers
assist_09,4234,self_only,random_history_mask,0.0,0.8867698907852173,2.1783331661173735,99,33,student_concept_state_buffers
assist_09,4263,self_only,original,0.0,0.7140330076217651,1.25187888608759,98,,student_concept_state_buffers
assist_09,4263,self_only,target_concept_mask,0.0,0.7108847498893738,1.2409298810549025,98,98,student_concept_state_buffers
assist_09,4263,self_only,random_history_mask,0.0,0.7140330076217651,1.25187888608759,98,87,student_concept_state_buffers
assist_09,4540,self_only,original,1.0,0.9301040172576904,0.07245885257554477,56,,student_concept_state_buffers
assist_09,4540,self_only,target_concept_mask,1.0,0.9101530909538269,0.09414246180323442,56,56,student_concept_state_buffers
assist_09,4540,self_only,random_history_mask,1.0,0.9301040172576904,0.07245885257554477,56,79,student_concept_state_buffers
assist_09,4579,self_only,original,1.0,0.8795261383056641,0.12837199573998412,79,,student_concept_state_buffers
assist_09,4579,self_only,target_concept_mask,1.0,0.799002468585968,0.2243912436261821,79,79,student_concept_state_buffers
assist_09,4579,self_only,random_history_mask,1.0,0.8795261383056641,0.12837199573998412,79,45,student_concept_state_buffers
assist_09,4606,self_only,original,1.0,0.3497149348258972,1.0506369282871522,30,,student_concept_state_buffers
assist_09,4606,self_only,target_concept_mask,1.0,0.634301483631134,0.4552309113396072,30,30,student_concept_state_buffers
assist_09,4606,self_only,random_history_mask,1.0,0.3497149348258972,1.0506369282871522,30,33,student_concept_state_buffers
assist_09,4717,self_only,original,1.0,0.13787296414375305,1.9814225674739485,51,,student_concept_state_buffers
assist_09,4717,self_only,target_concept_mask,1.0,0.1867784857749939,1.677831932330997,51,51,student_concept_state_buffers
assist_09,4717,self_only,random_history_mask,1.0,0.13787296414375305,1.9814225674739485,51,60,student_concept_state_buffers
assist_09,4871,self_only,original,0.0,0.6623672246932983,1.085796437718161,7,,student_concept_state_buffers
assist_09,4871,self_only,target_concept_mask,0.0,0.7118639349937439,1.2443224624761904,7,7,student_concept_state_buffers
assist_09,4871,self_only,random_history_mask,0.0,0.6623672246932983,1.085796437718161,7,6,student_concept_state_buffers
assist_09,4884,self_only,original,0.0,0.17863011360168457,0.19678173944373062,51,,student_concept_state_buffers
assist_09,4884,self_only,target_concept_mask,0.0,0.4937366843223572,0.6806983583341731,51,51,student_concept_state_buffers
assist_09,4884,self_only,random_history_mask,0.0,0.17863011360168457,0.19678173944373062,51,1,student_concept_state_buffers
assist_09,4904,self_only,original,1.0,0.431441992521286,0.8406222096593471,30,,student_concept_state_buffers
assist_09,4904,self_only,target_concept_mask,1.0,0.7424172163009644,0.2978439077184653,30,30,student_concept_state_buffers
assist_09,4904,self_only,random_history_mask,1.0,0.431441992521286,0.8406222096593471,30,48,student_concept_state_buffers
assist_09,4980,self_only,original,1.0,0.8672211170196533,0.14246129778643557,98,,student_concept_state_buffers
assist_09,4980,self_only,target_concept_mask,1.0,0.9168992042541504,0.08675773179212873,98,98,student_concept_state_buffers
assist_09,4980,self_only,random_history_mask,1.0,0.8672211170196533,0.14246129778643557,98,40,student_concept_state_buffers
assist_09,5235,self_only,original,1.0,0.5505322217941284,0.5968697926628823,60,,student_concept_state_buffers
assist_09,5235,self_only,target_concept_mask,1.0,0.6219977140426636,0.4748188614222777,60,60,student_concept_state_buffers
assist_09,5235,self_only,random_history_mask,1.0,0.5505322217941284,0.5968697926628823,60,104,student_concept_state_buffers
assist_09,5497,self_only,original,0.0,0.5434642434120178,0.7840882543300495,48,,student_concept_state_buffers
assist_09,5497,self_only,target_concept_mask,0.0,0.666122555732727,1.096981286673462,48,48,student_concept_state_buffers
assist_09,5497,self_only,random_history_mask,0.0,0.5434642434120178,0.7840882543300495,48,98,student_concept_state_buffers
assist_09,5544,self_only,original,1.0,0.9466145038604736,0.05486333956897923,99,,student_concept_state_buffers
assist_09,5544,self_only,target_concept_mask,1.0,0.9785892367362976,0.02164329882207956,99,99,student_concept_state_buffers
assist_09,5544,self_only,random_history_mask,1.0,0.9466145038604736,0.05486333956897923,99,47,student_concept_state_buffers
assist_09,5561,self_only,original,1.0,0.5630124807357788,0.5744534828185698,98,,student_concept_state_buffers
assist_09,5561,self_only,target_concept_mask,1.0,0.6034557223320007,0.5050826092686828,98,98,student_concept_state_buffers
assist_09,5561,self_only,random_history_mask,1.0,0.5630124807357788,0.5744534828185698,98,45,student_concept_state_buffers
assist_09,5630,self_only,original,1.0,0.947216272354126,0.054227835572040334,46,,student_concept_state_buffers
assist_09,5630,self_only,target_concept_mask,1.0,0.9657601118087769,0.03483980706987551,46,46,student_concept_state_buffers
assist_09,5630,self_only,random_history_mask,1.0,0.947216272354126,0.054227835572040334,46,68,student_concept_state_buffers
assist_09,5725,self_only,original,1.0,0.5622221231460571,0.5758582702592888,98,,student_concept_state_buffers
assist_09,5725,self_only,target_concept_mask,1.0,0.7019810080528259,0.35384892937809703,98,98,student_concept_state_buffers
assist_09,5725,self_only,random_history_mask,1.0,0.5622221231460571,0.5758582702592888,98,76,student_concept_state_buffers
assist_09,5728,self_only,original,0.0,0.5584537386894226,0.8174724822969732,42,,student_concept_state_buffers
assist_09,5728,self_only,target_concept_mask,0.0,0.7396337389945984,1.34566594307361,42,42,student_concept_state_buffers
assist_09,5728,self_only,random_history_mask,0.0,0.5584537386894226,0.8174724822969732,42,63,student_concept_state_buffers
assist_09,5810,self_only,original,1.0,0.9408858418464661,0.060933462540951916,98,,student_concept_state_buffers
assist_09,5810,self_only,target_concept_mask,1.0,0.960991382598877,0.03978983717080388,98,98,student_concept_state_buffers
assist_09,5810,self_only,random_history_mask,1.0,0.9408858418464661,0.060933462540951916,98,30,student_concept_state_buffers
assist_09,5847,self_only,original,1.0,0.8668649792671204,0.14287204758519437,56,,student_concept_state_buffers
assist_09,5847,self_only,target_concept_mask,1.0,0.793546199798584,0.23124351790200579,56,56,student_concept_state_buffers
assist_09,5847,self_only,random_history_mask,1.0,0.8668649792671204,0.14287204758519437,56,48,student_concept_state_buffers
assist_09,5906,self_only,original,1.0,0.8888955116271973,0.11777558510354197,46,,student_concept_state_buffers
assist_09,5906,self_only,target_concept_mask,1.0,0.9304291605949402,0.07210933627083148,46,46,student_concept_state_buffers
assist_09,5906,self_only,random_history_mask,1.0,0.8888955116271973,0.11777558510354197,46,74,student_concept_state_buffers
assist_09,5982,self_only,original,0.0,0.09437476098537445,0.09912970198493322,70,,student_concept_state_buffers
assist_09,5982,self_only,target_concept_mask,0.0,0.14116472005844116,0.15217813331179184,70,70,student_concept_state_buffers
assist_09,5982,self_only,random_history_mask,0.0,0.09437476098537445,0.09912970198493322,70,47,student_concept_state_buffers
assist_09,6056,self_only,original,1.0,0.5227230191230774,0.6487035553519848,98,,student_concept_state_buffers
assist_09,6056,self_only,target_concept_mask,1.0,0.7195884585380554,0.32907581575303624,98,98,student_concept_state_buffers
assist_09,6056,self_only,random_history_mask,1.0,0.5227230191230774,0.6487035553519848,98,32,student_concept_state_buffers
assist_09,6173,self_only,original,1.0,0.805232584476471,0.2166241184788185,"32,33",,student_concept_state_buffers
assist_09,6173,self_only,target_concept_mask,1.0,0.8651362061500549,0.14486832068908495,"32,33","32,33",student_concept_state_buffers
assist_09,6173,self_only,random_history_mask,1.0,0.805232584476471,0.2166241184788185,"32,33","38,66",student_concept_state_buffers
assist_09,6250,self_only,original,0.0,0.6979760527610779,1.1972489692578692,30,,student_concept_state_buffers
assist_09,6250,self_only,target_concept_mask,0.0,0.8085429668426514,1.6530918654716524,30,30,student_concept_state_buffers
assist_09,6250,self_only,random_history_mask,0.0,0.6979760527610779,1.1972489692578692,30,3,student_concept_state_buffers
assist_09,6424,self_only,original,1.0,0.9277331829071045,0.07501110595635002,30,,student_concept_state_buffers
assist_09,6424,self_only,target_concept_mask,1.0,0.8886521458625793,0.11804940703468748,30,30,student_concept_state_buffers
assist_09,6424,self_only,random_history_mask,1.0,0.9277331829071045,0.07501110595635002,30,121,student_concept_state_buffers
assist_09,6614,self_only,original,1.0,0.6824456453323364,0.38207239563319956,59,,student_concept_state_buffers
assist_09,6614,self_only,target_concept_mask,1.0,0.6076006889343262,0.4982373743995324,59,59,student_concept_state_buffers
assist_09,6614,self_only,random_history_mask,1.0,0.6824456453323364,0.38207239563319956,59,80,student_concept_state_buffers
assist_09,6616,self_only,original,1.0,0.6359564661979675,0.4526251673590451,33,,student_concept_state_buffers
assist_09,6616,self_only,target_concept_mask,1.0,0.8793621063232422,0.12855851353996184,33,33,student_concept_state_buffers
assist_09,6616,self_only,random_history_mask,1.0,0.6359564661979675,0.4526251673590451,33,63,student_concept_state_buffers
assist_09,6664,self_only,original,1.0,0.5402582883834839,0.6157079419571864,98,,student_concept_state_buffers
assist_09,6664,self_only,target_concept_mask,1.0,0.6671097874641418,0.40480064771466107,98,98,student_concept_state_buffers
assist_09,6664,self_only,random_history_mask,1.0,0.5402582883834839,0.6157079419571864,98,47,student_concept_state_buffers
assist_09,6716,self_only,original,1.0,0.9751264452934265,0.025188128912546723,46,,student_concept_state_buffers
assist_09,6716,self_only,target_concept_mask,1.0,0.9650989174842834,0.035524677731386,46,46,student_concept_state_buffers
assist_09,6716,self_only,random_history_mask,1.0,0.9751264452934265,0.025188128912546723,46,30,student_concept_state_buffers
assist_09,6755,self_only,original,0.0,0.33212101459503174,0.4036482814302697,98,,student_concept_state_buffers
assist_09,6755,self_only,target_concept_mask,0.0,0.5771576762199402,0.8607559264481621,98,98,student_concept_state_buffers
assist_09,6755,self_only,random_history_mask,0.0,0.33212101459503174,0.4036482814302697,98,37,student_concept_state_buffers
assist_09,6863,self_only,original,1.0,0.27428334951400757,1.2935935846163031,98,,student_concept_state_buffers
assist_09,6863,self_only,target_concept_mask,1.0,0.7574664354324341,0.27777605224046786,98,98,student_concept_state_buffers
assist_09,6863,self_only,random_history_mask,1.0,0.27428334951400757,1.2935935846163031,98,56,student_concept_state_buffers
assist_09,6887,self_only,original,1.0,0.6067493557929993,0.4996394961098189,42,,student_concept_state_buffers
assist_09,6887,self_only,target_concept_mask,1.0,0.6688728928565979,0.4021612326354318,42,42,student_concept_state_buffers
assist_09,6887,self_only,random_history_mask,1.0,0.6067493557929993,0.4996394961098189,42,45,student_concept_state_buffers
assist_09,7149,self_only,original,1.0,0.8180961012840271,0.2007754660476975,44,,student_concept_state_buffers
assist_09,7149,self_only,target_concept_mask,1.0,0.7073455452919006,0.3462359838394426,44,44,student_concept_state_buffers
assist_09,7149,self_only,random_history_mask,1.0,0.8180961012840271,0.2007754660476975,44,45,student_concept_state_buffers
assist_09,7325,self_only,original,1.0,0.8910113573074341,0.11539810489510932,119,,student_concept_state_buffers
assist_09,7325,self_only,target_concept_mask,1.0,0.8503822684288025,0.16206930303160882,119,119,student_concept_state_buffers
assist_09,7325,self_only,random_history_mask,1.0,0.8910113573074341,0.11539810489510932,119,18,student_concept_state_buffers
assist_09,7636,self_only,original,0.0,0.7441604137420654,1.3632046470884878,"58,104",,student_concept_state_buffers
assist_09,7636,self_only,target_concept_mask,0.0,0.8508195877075195,1.9025988847340396,"58,104","58,104",student_concept_state_buffers
assist_09,7636,self_only,random_history_mask,0.0,0.7441604137420654,1.3632046470884878,"58,104","8,79",student_concept_state_buffers
assist_09,7671,self_only,original,0.0,0.6811559796333313,1.1430532601471612,49,,student_concept_state_buffers
assist_09,7671,self_only,target_concept_mask,0.0,0.8139773607254028,1.6818868961456994,49,49,student_concept_state_buffers
assist_09,7671,self_only,random_history_mask,0.0,0.6811559796333313,1.1430532601471612,49,6,student_concept_state_buffers
assist_09,7677,self_only,original,1.0,0.8082070350646973,0.21293702176701554,33,,student_concept_state_buffers
assist_09,7677,self_only,target_concept_mask,1.0,0.86455237865448,0.14554338731422833,33,33,student_concept_state_buffers
assist_09,7677,self_only,random_history_mask,1.0,0.8082070350646973,0.21293702176701554,33,47,student_concept_state_buffers
assist_09,8359,self_only,original,0.0,0.9413686990737915,2.8364865795056593,90,,student_concept_state_buffers
assist_09,8359,self_only,target_concept_mask,0.0,0.9381687045097351,2.783345643176608,90,90,student_concept_state_buffers
assist_09,8359,self_only,random_history_mask,0.0,0.9413686990737915,2.8364865795056593,90,88,student_concept_state_buffers
assist_09,8395,self_only,original,1.0,0.902457594871521,0.10263357617093495,94,,student_concept_state_buffers
assist_09,8395,self_only,target_concept_mask,1.0,0.8918994665145874,0.11440185845502766,94,94,student_concept_state_buffers
assist_09,8395,self_only,random_history_mask,1.0,0.902457594871521,0.10263357617093495,94,88,student_concept_state_buffers
assist_09,8397,self_only,original,0.0,0.9162991642951965,2.480506317010824,99,,student_concept_state_buffers
assist_09,8397,self_only,target_concept_mask,0.0,0.9549895524978638,3.1008606494441997,99,99,student_concept_state_buffers
assist_09,8397,self_only,random_history_mask,0.0,0.9162991642951965,2.480506317010824,99,7,student_concept_state_buffers
assist_09,8472,self_only,original,1.0,0.834758460521698,0.1806128648138713,94,,student_concept_state_buffers
assist_09,8472,self_only,target_concept_mask,1.0,0.9124378561973572,0.09163529864200808,94,94,student_concept_state_buffers
assist_09,8472,self_only,random_history_mask,1.0,0.834758460521698,0.1806128648138713,94,101,student_concept_state_buffers
assist_09,8740,self_only,original,1.0,0.4192214906215668,0.8693558814936284,86,,student_concept_state_buffers
assist_09,8740,self_only,target_concept_mask,1.0,0.3416367769241333,1.0740071620777951,86,86,student_concept_state_buffers
assist_09,8740,self_only,random_history_mask,1.0,0.4192214906215668,0.8693558814936284,86,41,student_concept_state_buffers
assist_09,8916,self_only,original,1.0,0.11939825117588043,2.1252907248990707,75,,student_concept_state_buffers
assist_09,8916,self_only,target_concept_mask,1.0,0.3231622874736786,1.1296006439401838,75,75,student_concept_state_buffers
assist_09,8916,self_only,random_history_mask,1.0,0.11939825117588043,2.1252907248990707,75,32,student_concept_state_buffers
assist_09,8950,self_only,original,1.0,0.9410987496376038,0.060707203736273724,55,,student_concept_state_buffers
assist_09,8950,self_only,target_concept_mask,1.0,0.9688501954078674,0.03164527614503861,55,55,student_concept_state_buffers
assist_09,8950,self_only,random_history_mask,1.0,0.9410987496376038,0.060707203736273724,55,32,student_concept_state_buffers
assist_09,9075,self_only,original,1.0,0.4290701448917389,0.8461348655139296,97,,student_concept_state_buffers
assist_09,9075,self_only,target_concept_mask,1.0,0.3985864818096161,0.9198307859541156,97,97,student_concept_state_buffers
assist_09,9075,self_only,random_history_mask,1.0,0.4290701448917389,0.8461348655139296,97,98,student_concept_state_buffers
assist_09,9096,self_only,original,1.0,0.7139410972595215,0.3369548168810078,"45,55",,student_concept_state_buffers
assist_09,9096,self_only,target_concept_mask,1.0,0.6511344313621521,0.4290391583034623,"45,55","45,55",student_concept_state_buffers
assist_09,9096,self_only,random_history_mask,1.0,0.7139410972595215,0.3369548168810078,"45,55","30,70",student_concept_state_buffers
assist_09,9141,self_only,original,0.0,0.16077472269535065,0.17527610163792887,33,,student_concept_state_buffers
assist_09,9141,self_only,target_concept_mask,0.0,0.5981637835502625,0.9117106951487359,33,33,student_concept_state_buffers
assist_09,9141,self_only,random_history_mask,0.0,0.16077472269535065,0.17527610163792887,33,68,student_concept_state_buffers
assist_09,9319,self_only,original,1.0,0.7512907981872559,0.2859624875360729,80,,student_concept_state_buffers
assist_09,9319,self_only,target_concept_mask,1.0,0.7257179617881775,0.3205938220216021,80,80,student_concept_state_buffers
assist_09,9319,self_only,random_history_mask,1.0,0.7512907981872559,0.2859624875360729,80,38,student_concept_state_buffers
assist_09,9502,self_only,original,1.0,0.8653965592384338,0.14456742711971673,82,,student_concept_state_buffers
assist_09,9502,self_only,target_concept_mask,1.0,0.8418498635292053,0.1721535899865492,82,82,student_concept_state_buffers
assist_09,9502,self_only,random_history_mask,1.0,0.8653965592384338,0.14456742711971673,82,80,student_concept_state_buffers
assist_09,9560,self_only,original,1.0,0.27350589632987976,1.2964320985595095,7,,student_concept_state_buffers
assist_09,9560,self_only,target_concept_mask,1.0,0.607162594795227,0.49895865757290475,7,7,student_concept_state_buffers
assist_09,9560,self_only,random_history_mask,1.0,0.27350589632987976,1.2964320985595095,7,44,student_concept_state_buffers
assist_09,9648,self_only,original,0.0,0.6555562615394592,1.0658245154779074,"7,44",,student_concept_state_buffers
assist_09,9648,self_only,target_concept_mask,0.0,0.7483219504356384,1.3796045893670044,"7,44","7,44",student_concept_state_buffers
assist_09,9648,self_only,random_history_mask,0.0,0.6555562615394592,1.0658245154779074,"7,44","9,31",student_concept_state_buffers
assist_09,9801,self_only,original,0.0,0.13597089052200317,0.14614881922016884,30,,student_concept_state_buffers
assist_09,9801,self_only,target_concept_mask,0.0,0.3063109517097473,0.3657314761016176,30,30,student_concept_state_buffers
assist_09,9801,self_only,random_history_mask,0.0,0.13597089052200317,0.14614881922016884,30,11,student_concept_state_buffers
assist_09,9822,self_only,original,0.0,0.5064952969551086,0.7062228901744944,"7,44",,student_concept_state_buffers
assist_09,9822,self_only,target_concept_mask,0.0,0.741939902305603,1.3545627843860955,"7,44","7,44",student_concept_state_buffers
assist_09,9822,self_only,random_history_mask,0.0,0.5064952969551086,0.7062228901744944,"7,44","8,48",student_concept_state_buffers
assist_09,9930,self_only,original,0.0,0.19867831468582153,0.2214928078984085,30,,student_concept_state_buffers
assist_09,9930,self_only,target_concept_mask,0.0,0.7607199549674988,1.4301206764604404,30,30,student_concept_state_buffers
assist_09,9930,self_only,random_history_mask,0.0,0.19867831468582153,0.2214928078984085,30,48,student_concept_state_buffers
assist_09,9987,self_only,original,1.0,0.6956337094306946,0.3629320367350085,30,,student_concept_state_buffers
assist_09,9987,self_only,target_concept_mask,1.0,0.5866407155990601,0.5333427153707652,30,30,student_concept_state_buffers
assist_09,9987,self_only,random_history_mask,1.0,0.6956337094306946,0.3629320367350085,30,17,student_concept_state_buffers
assist_09,9994,self_only,original,1.0,0.7539805173873901,0.2823887503167803,99,,student_concept_state_buffers
assist_09,9994,self_only,target_concept_mask,1.0,0.9255449175834656,0.07737261483082017,99,99,student_concept_state_buffers
assist_09,9994,self_only,random_history_mask,1.0,0.7539805173873901,0.2823887503167803,99,89,student_concept_state_buffers
assist_09,10018,self_only,original,0.0,0.4660019874572754,0.627363161858972,30,,student_concept_state_buffers
assist_09,10018,self_only,target_concept_mask,0.0,0.679124116897583,1.1367008876250304,30,30,student_concept_state_buffers
assist_09,10018,self_only,random_history_mask,0.0,0.4660019874572754,0.627363161858972,30,31,student_concept_state_buffers
assist_09,10062,self_only,original,1.0,0.9884538054466248,0.01161336943448026,30,,student_concept_state_buffers
assist_09,10062,self_only,target_concept_mask,1.0,0.9861791133880615,0.0139172842968762,30,30,student_concept_state_buffers
assist_09,10062,self_only,random_history_mask,1.0,0.9884538054466248,0.01161336943448026,30,31,student_concept_state_buffers
assist_09,10101,self_only,original,0.0,0.14054566621780396,0.1514575867142024,51,,student_concept_state_buffers
assist_09,10101,self_only,target_concept_mask,0.0,0.2961805760860443,0.35123345584809934,51,51,student_concept_state_buffers
assist_09,10101,self_only,random_history_mask,0.0,0.14054566621780396,0.1514575867142024,51,24,student_concept_state_buffers
assist_09,10126,self_only,original,0.0,0.2755635976791382,0.32236130255011025,"1,24,44",,student_concept_state_buffers
assist_09,10126,self_only,target_concept_mask,0.0,0.5902523398399353,0.8922137717831303,"1,24,44","1,24,44",student_concept_state_buffers
assist_09,10126,self_only,random_history_mask,0.0,0.2755635976791382,0.32236130255011025,"1,24,44","31,47,60",student_concept_state_buffers
assist_09,10258,self_only,original,1.0,0.15611036121845245,1.8571920781449143,47,,student_concept_state_buffers
assist_09,10258,self_only,target_concept_mask,1.0,0.22488521039485931,1.4921651829846314,47,47,student_concept_state_buffers
assist_09,10258,self_only,random_history_mask,1.0,0.15611036121845245,1.8571920781449143,47,32,student_concept_state_buffers
assist_09,10280,self_only,original,0.0,0.9443386197090149,2.8884687245755396,30,,student_concept_state_buffers
assist_09,10280,self_only,target_concept_mask,0.0,0.9454826712608337,2.9092366693342235,30,30,student_concept_state_buffers
assist_09,10280,self_only,random_history_mask,0.0,0.9443386197090149,2.8884687245755396,30,32,student_concept_state_buffers
assist_09,10459,self_only,original,1.0,0.9044424891471863,0.10043655920068267,98,,student_concept_state_buffers
assist_09,10459,self_only,target_concept_mask,1.0,0.9139710068702698,0.08995642917961466,98,98,student_concept_state_buffers
assist_09,10459,self_only,random_history_mask,1.0,0.9044424891471863,0.10043655920068267,98,1,student_concept_state_buffers
assist_09,10482,self_only,original,1.0,0.860923707485199,0.14974938767300064,"0,11",,student_concept_state_buffers
assist_09,10482,self_only,target_concept_mask,1.0,0.8700031638145447,0.1392584307716778,"0,11","0,11",student_concept_state_buffers
assist_09,10482,self_only,random_history_mask,1.0,0.860923707485199,0.14974938767300064,"0,11","12,99",student_concept_state_buffers
assist_09,10651,self_only,original,1.0,0.9615543484687805,0.03920419088224303,"5,10",,student_concept_state_buffers
assist_09,10651,self_only,target_concept_mask,1.0,0.9467742443084717,0.05469460459732427,"5,10","5,10",student_concept_state_buffers
assist_09,10651,self_only,random_history_mask,1.0,0.9615543484687805,0.03920419088224303,"5,10","47,94",student_concept_state_buffers
assist_09,10654,self_only,original,1.0,0.9512056112289429,0.050025034517684065,"32,33",,student_concept_state_buffers
assist_09,10654,self_only,target_concept_mask,1.0,0.9261304140090942,0.07674021838944403,"32,33","32,33",student_concept_state_buffers
assist_09,10654,self_only,random_history_mask,1.0,0.9512056112289429,0.050025034517684065,"32,33","8,57",student_concept_state_buffers
assist_09,10749,self_only,original,1.0,0.930992066860199,0.07150452283675714,33,,student_concept_state_buffers
assist_09,10749,self_only,target_concept_mask,1.0,0.9404628872871399,0.06138309163937701,33,33,student_concept_state_buffers
assist_09,10749,self_only,random_history_mask,1.0,0.930992066860199,0.07150452283675714,33,82,student_concept_state_buffers
assist_09,10761,self_only,original,1.0,0.9058690071105957,0.098860567155537,82,,student_concept_state_buffers
assist_09,10761,self_only,target_concept_mask,1.0,0.915774405002594,0.08798522738884303,82,82,student_concept_state_buffers
assist_09,10761,self_only,random_history_mask,1.0,0.9058690071105957,0.098860567155537,82,51,student_concept_state_buffers
assist_09,10799,self_only,original,1.0,0.9700092673301697,0.030449653581718687,"6,10",,student_concept_state_buffers
assist_09,10799,self_only,target_concept_mask,1.0,0.9782994985580444,0.02193942008349282,"6,10","6,10",student_concept_state_buffers
assist_09,10799,self_only,random_history_mask,1.0,0.9700092673301697,0.030449653581718687,"6,10","1,33",student_concept_state_buffers
assist_09,10804,self_only,original,1.0,0.9099103212356567,0.09440923242010857,49,,student_concept_state_buffers
assist_09,10804,self_only,target_concept_mask,1.0,0.8904209136962891,0.11606099131787893,49,49,student_concept_state_buffers
assist_09,10804,self_only,random_history_mask,1.0,0.9099103212356567,0.09440923242010857,49,16,student_concept_state_buffers
assist_09,10986,self_only,original,0.0,0.8514760732650757,1.907009210924163,"6,8",,student_concept_state_buffers
assist_09,10986,self_only,target_concept_mask,0.0,0.7943350076675415,1.581506684787113,"6,8","6,8",student_concept_state_buffers
assist_09,10986,self_only,random_history_mask,0.0,0.8514760732650757,1.907009210924163,"6,8","25,82",student_concept_state_buffers
assist_09,11023,self_only,original,1.0,0.9473403692245483,0.05409683197164501,14,,student_concept_state_buffers
assist_09,11023,self_only,target_concept_mask,1.0,0.941964328289032,0.05978787318113948,14,14,student_concept_state_buffers
assist_09,11023,self_only,random_history_mask,1.0,0.9473403692245483,0.05409683197164501,14,66,student_concept_state_buffers
assist_09,11233,self_only,original,1.0,0.30339306592941284,1.1927260668792605,106,,student_concept_state_buffers
assist_09,11233,self_only,target_concept_mask,1.0,0.35183966159820557,1.0445797139820672,106,106,student_concept_state_buffers
assist_09,11233,self_only,random_history_mask,1.0,0.30339306592941284,1.1927260668792605,106,38,student_concept_state_buffers
assist_09,11574,self_only,original,0.0,0.7216718196868896,1.2789543568158872,25,,student_concept_state_buffers
assist_09,11574,self_only,target_concept_mask,0.0,0.8026340007781982,1.6226954098689432,25,25,student_concept_state_buffers
assist_09,11574,self_only,random_history_mask,0.0,0.7216718196868896,1.2789543568158872,25,59,student_concept_state_buffers
assist_09,12285,self_only,original,1.0,0.8949602842330933,0.11097593685044317,49,,student_concept_state_buffers
assist_09,12285,self_only,target_concept_mask,1.0,0.8566871881484985,0.15468243501074075,49,49,student_concept_state_buffers
assist_09,12285,self_only,random_history_mask,1.0,0.8949602842330933,0.11097593685044317,49,25,student_concept_state_buffers
assist_09,12311,self_only,original,1.0,0.9548197388648987,0.04623271143318492,"32,33",,student_concept_state_buffers
assist_09,12311,self_only,target_concept_mask,1.0,0.9324532747268677,0.06993623625109993,"32,33","32,33",student_concept_state_buffers
assist_09,12311,self_only,random_history_mask,1.0,0.9548197388648987,0.04623271143318492,"32,33","12,44",student_concept_state_buffers
assist_09,12388,self_only,original,1.0,0.8367031216621399,0.17828596476589953,20,,student_concept_state_buffers
assist_09,12388,self_only,target_concept_mask,1.0,0.8204609155654907,0.19788900448542276,20,20,student_concept_state_buffers
assist_09,12388,self_only,random_history_mask,1.0,0.8367031216621399,0.17828596476589953,20,29,student_concept_state_buffers
assist_09,12562,self_only,original,1.0,0.8720922470092773,0.13686007281362209,29,,student_concept_state_buffers
assist_09,12562,self_only,target_concept_mask,1.0,0.9098777770996094,0.09444499937130536,29,29,student_concept_state_buffers
assist_09,12562,self_only,random_history_mask,1.0,0.8720922470092773,0.13686007281362209,29,66,student_concept_state_buffers
assist_09,12597,self_only,original,1.0,0.44661733508110046,0.8060531246529431,20,,student_concept_state_buffers
assist_09,12597,self_only,target_concept_mask,1.0,0.7624320983886719,0.2712418257594173,20,20,student_concept_state_buffers
assist_09,12597,self_only,random_history_mask,1.0,0.44661733508110046,0.8060531246529431,20,92,student_concept_state_buffers
assist_09,13036,self_only,original,0.0,0.4356174170970917,0.5720229189712999,30,,student_concept_state_buffers
assist_09,13036,self_only,target_concept_mask,0.0,0.7232926487922668,1.284794825112699,30,30,student_concept_state_buffers
assist_09,13036,self_only,random_history_mask,0.0,0.4356174170970917,0.5720229189712999,30,51,student_concept_state_buffers
assist_09,13046,self_only,original,0.0,0.3457677662372589,0.4242928930605871,30,,student_concept_state_buffers
assist_09,13046,self_only,target_concept_mask,0.0,0.6217114925384521,0.9720981272348376,30,30,student_concept_state_buffers
assist_09,13046,self_only,random_history_mask,0.0,0.3457677662372589,0.4242928930605871,30,60,student_concept_state_buffers
assist_09,13148,self_only,original,1.0,0.8845635652542114,0.12266090221639706,99,,student_concept_state_buffers
assist_09,13148,self_only,target_concept_mask,1.0,0.9761605262756348,0.024128232450282883,99,99,student_concept_state_buffers
assist_09,13148,self_only,random_history_mask,1.0,0.8845635652542114,0.12266090221639706,99,119,student_concept_state_buffers
assist_09,13286,self_only,original,0.0,0.6861447691917419,1.1588234477707113,2,,student_concept_state_buffers
assist_09,13286,self_only,target_concept_mask,0.0,0.8088073134422302,1.6544735293172639,2,2,student_concept_state_buffers
assist_09,13286,self_only,random_history_mask,0.0,0.6861447691917419,1.1588234477707113,2,18,student_concept_state_buffers
assist_09,13304,self_only,original,1.0,0.4941774010658264,0.704860714790021,0,,student_concept_state_buffers
assist_09,13304,self_only,target_concept_mask,1.0,0.8945173025131226,0.11147103299727429,0,0,student_concept_state_buffers
assist_09,13304,self_only,random_history_mask,1.0,0.4941774010658264,0.704860714790021,0,55,student_concept_state_buffers
assist_09,13311,self_only,original,1.0,0.8919826745986938,0.11430856968639314,55,,student_concept_state_buffers
assist_09,13311,self_only,target_concept_mask,1.0,0.9576210379600525,0.043303155514314025,55,55,student_concept_state_buffers
assist_09,13311,self_only,random_history_mask,1.0,0.8919826745986938,0.11430856968639314,55,79,student_concept_state_buffers
assist_09,13383,self_only,original,0.0,0.562005341053009,0.8255485628649928,"45,58",,student_concept_state_buffers
assist_09,13383,self_only,target_concept_mask,0.0,0.5104061365127563,0.7141790815896035,"45,58","45,58",student_concept_state_buffers
assist_09,13383,self_only,random_history_mask,0.0,0.562005341053009,0.8255485628649928,"45,58","11,96",student_concept_state_buffers
assist_09,13529,self_only,original,1.0,0.7637290358543396,0.2695422178362831,49,,student_concept_state_buffers
assist_09,13529,self_only,target_concept_mask,1.0,0.8664373159408569,0.14336551411567103,49,49,student_concept_state_buffers
assist_09,13529,self_only,random_history_mask,1.0,0.7637290358543396,0.2695422178362831,49,83,student_concept_state_buffers
assist_09,13530,self_only,original,1.0,0.9133543372154236,0.09063137158136296,2,,student_concept_state_buffers
assist_09,13530,self_only,target_concept_mask,1.0,0.844203770160675,0.1693613796869768,2,2,student_concept_state_buffers
assist_09,13530,self_only,random_history_mask,1.0,0.9133543372154236,0.09063137158136296,2,10,student_concept_state_buffers
assist_09,13539,self_only,original,1.0,0.9564575552940369,0.04451886610573259,98,,student_concept_state_buffers
assist_09,13539,self_only,target_concept_mask,1.0,0.9672900438308716,0.03325688658839115,98,98,student_concept_state_buffers
assist_09,13539,self_only,random_history_mask,1.0,0.9564575552940369,0.04451886610573259,98,49,student_concept_state_buffers
assist_09,13545,self_only,original,1.0,0.7944091558456421,0.23015664083214135,20,,student_concept_state_buffers
assist_09,13545,self_only,target_concept_mask,1.0,0.9414125680923462,0.06037379967681998,20,20,student_concept_state_buffers
assist_09,13545,self_only,random_history_mask,1.0,0.7944091558456421,0.23015664083214135,20,104,student_concept_state_buffers
assist_09,13653,self_only,original,0.0,0.9362785220146179,2.7532335992095702,29,,student_concept_state_buffers
assist_09,13653,self_only,target_concept_mask,0.0,0.9482393860816956,2.9611257679961445,29,29,student_concept_state_buffers
assist_09,13653,self_only,random_history_mask,0.0,0.9362785220146179,2.7532335992095702,29,45,student_concept_state_buffers
assist_09,13671,self_only,original,1.0,0.5344885587692261,0.6264449542293443,9,,student_concept_state_buffers
assist_09,13671,self_only,target_concept_mask,1.0,0.594299852848053,0.5203712842150501,9,9,student_concept_state_buffers
assist_09,13671,self_only,random_history_mask,1.0,0.5344885587692261,0.6264449542293443,9,57,student_concept_state_buffers
assist_09,13680,self_only,original,1.0,0.8068017363548279,0.21467732075413856,89,,student_concept_state_buffers
assist_09,13680,self_only,target_concept_mask,1.0,0.8600369095802307,0.1507799725389923,89,89,student_concept_state_buffers
assist_09,13680,self_only,random_history_mask,1.0,0.8068017363548279,0.21467732075413856,89,49,student_concept_state_buffers
assist_09,13693,self_only,original,0.0,0.9559232592582703,3.1218230564870777,14,,student_concept_state_buffers
assist_09,13693,self_only,target_concept_mask,0.0,0.9312421679496765,2.677164628191952,14,14,student_concept_state_buffers
assist_09,13693,self_only,random_history_mask,0.0,0.9559232592582703,3.1218230564870777,14,29,student_concept_state_buffers
assist_09,13854,self_only,original,0.0,0.634377658367157,1.006154331770228,58,,student_concept_state_buffers
assist_09,13854,self_only,target_concept_mask,0.0,0.6858535408973694,1.1578959715555108,58,58,student_concept_state_buffers
assist_09,13854,self_only,random_history_mask,0.0,0.634377658367157,1.006154331770228,58,60,student_concept_state_buffers
assist_09,13857,self_only,original,1.0,0.9598754644393921,0.04095172747751123,98,,student_concept_state_buffers
assist_09,13857,self_only,target_concept_mask,1.0,0.9671239852905273,0.033428575315056934,98,98,student_concept_state_buffers
assist_09,13857,self_only,random_history_mask,1.0,0.9598754644393921,0.04095172747751123,98,42,student_concept_state_buffers
assist_09,13899,self_only,original,0.0,0.12497545033693314,0.13350333626031538,106,,student_concept_state_buffers
assist_09,13899,self_only,target_concept_mask,0.0,0.27261465787887573,0.3182988976893028,106,106,student_concept_state_buffers
assist_09,13899,self_only,random_history_mask,0.0,0.12497545033693314,0.13350333626031538,106,82,student_concept_state_buffers
assist_09,14022,self_only,original,0.0,0.8569884896278381,1.944830159848526,99,,student_concept_state_buffers
assist_09,14022,self_only,target_concept_mask,0.0,0.8458539247512817,1.8698545855727533,99,99,student_concept_state_buffers
assist_09,14022,self_only,random_history_mask,0.0,0.8569884896278381,1.944830159848526,99,5,student_concept_state_buffers
assist_09,14100,self_only,original,1.0,0.9137171506881714,0.09023421856363074,33,,student_concept_state_buffers
assist_09,14100,self_only,target_concept_mask,1.0,0.9443899393081665,0.05721612682607584,33,33,student_concept_state_buffers
assist_09,14100,self_only,random_history_mask,1.0,0.9137171506881714,0.09023421856363074,33,47,student_concept_state_buffers
assist_09,14328,self_only,original,1.0,0.790097177028656,0.23559933218901097,"45,58",,student_concept_state_buffers
assist_09,14328,self_only,target_concept_mask,1.0,0.7536028027534485,0.2828898365742346,"45,58","45,58",student_concept_state_buffers
assist_09,14328,self_only,random_history_mask,1.0,0.790097177028656,0.23559933218901097,"45,58","2,85",student_concept_state_buffers
assist_09,14348,self_only,original,0.0,0.3993597626686096,0.5097591304532267,80,,student_concept_state_buffers
assist_09,14348,self_only,target_concept_mask,0.0,0.5650374293327332,0.8324952960385531,80,80,student_concept_state_buffers
assist_09,14348,self_only,random_history_mask,0.0,0.3993597626686096,0.5097591304532267,80,84,student_concept_state_buffers
assist_09,14789,self_only,original,1.0,0.24760282039642334,1.3959293472978673,20,,student_concept_state_buffers
assist_09,14789,self_only,target_concept_mask,1.0,0.5268841981887817,0.6407744923688563,20,20,student_concept_state_buffers
assist_09,14789,self_only,random_history_mask,1.0,0.24760282039642334,1.3959293472978673,20,96,student_concept_state_buffers
assist_09,14819,self_only,original,1.0,0.9298794269561768,0.0727003496741387,78,,student_concept_state_buffers
assist_09,14819,self_only,target_concept_mask,1.0,0.9150710105895996,0.08875360951615062,78,78,student_concept_state_buffers
assist_09,14819,self_only,random_history_mask,1.0,0.9298794269561768,0.0727003496741387,78,24,student_concept_state_buffers
assist_09,14883,self_only,original,1.0,0.9648900032043457,0.03574117045682525,55,,student_concept_state_buffers
assist_09,14883,self_only,target_concept_mask,1.0,0.9491429328918457,0.05219587749648359,55,55,student_concept_state_buffers
assist_09,14883,self_only,random_history_mask,1.0,0.9648900032043457,0.03574117045682525,55,91,student_concept_state_buffers
assist_09,14929,self_only,original,1.0,0.8518601655960083,0.1603328905100987,"45,58",,student_concept_state_buffers
assist_09,14929,self_only,target_concept_mask,1.0,0.8532183170318604,0.15873982398920503,"45,58","45,58",student_concept_state_buffers
assist_09,14929,self_only,random_history_mask,1.0,0.8518601655960083,0.1603328905100987,"45,58","34,55",student_concept_state_buffers
assist_09,15130,self_only,original,0.0,0.7352807521820068,1.3290854567977448,89,,student_concept_state_buffers
assist_09,15130,self_only,target_concept_mask,0.0,0.7211945652961731,1.277241107086953,89,89,student_concept_state_buffers
assist_09,15130,self_only,random_history_mask,0.0,0.7352807521820068,1.3290854567977448,89,104,student_concept_state_buffers
assist_09,15179,self_only,original,1.0,0.7765849232673645,0.25284927564154347,44,,student_concept_state_buffers
assist_09,15179,self_only,target_concept_mask,1.0,0.6898319721221924,0.37130722970980556,44,44,student_concept_state_buffers
assist_09,15179,self_only,random_history_mask,1.0,0.7765849232673645,0.25284927564154347,44,26,student_concept_state_buffers
assist_09,15210,self_only,original,1.0,0.27432623505592346,1.2934372419521958,49,,student_concept_state_buffers
assist_09,15210,self_only,target_concept_mask,1.0,0.6795094609260559,0.3863841221235471,49,49,student_concept_state_buffers
assist_09,15210,self_only,random_history_mask,1.0,0.27432623505592346,1.2934372419521958,49,27,student_concept_state_buffers
assist_09,15359,self_only,original,0.0,0.4061519503593445,0.5211318010298801,103,,student_concept_state_buffers
assist_09,15359,self_only,target_concept_mask,0.0,0.573509693145752,0.8521656394968337,103,103,student_concept_state_buffers
assist_09,15359,self_only,random_history_mask,0.0,0.4061519503593445,0.5211318010298801,103,48,student_concept_state_buffers
assist_09,15445,self_only,original,1.0,0.7731413245201111,0.25729342107675246,89,,student_concept_state_buffers
assist_09,15445,self_only,target_concept_mask,1.0,0.8030045032501221,0.21939495701856973,89,89,student_concept_state_buffers
assist_09,15445,self_only,random_history_mask,1.0,0.7731413245201111,0.25729342107675246,89,82,student_concept_state_buffers
assist_09,15676,self_only,original,1.0,0.5270203351974487,0.6405161444727964,82,,student_concept_state_buffers
assist_09,15676,self_only,target_concept_mask,1.0,0.71767258644104,0.3317418216793461,82,82,student_concept_state_buffers
assist_09,15676,self_only,random_history_mask,1.0,0.5270203351974487,0.6405161444727964,82,58,student_concept_state_buffers
assist_09,15709,self_only,original,1.0,0.8360680937767029,0.17904521732845194,29,,student_concept_state_buffers
assist_09,15709,self_only,target_concept_mask,1.0,0.9135066270828247,0.0904646485841234,29,29,student_concept_state_buffers
assist_09,15709,self_only,random_history_mask,1.0,0.8360680937767029,0.17904521732845194,29,13,student_concept_state_buffers
assist_09,15754,self_only,original,1.0,0.6418073177337646,0.4434671484801933,79,,student_concept_state_buffers
assist_09,15754,self_only,target_concept_mask,1.0,0.6990533471107483,0.3580282204748678,79,79,student_concept_state_buffers
assist_09,15754,self_only,random_history_mask,1.0,0.6418073177337646,0.4434671484801933,79,31,student_concept_state_buffers
assist_09,15977,self_only,original,0.0,0.509568452835083,0.7124695669738088,49,,student_concept_state_buffers
assist_09,15977,self_only,target_concept_mask,0.0,0.6813309788703918,1.143602266144106,49,49,student_concept_state_buffers
assist_09,15977,self_only,random_history_mask,0.0,0.509568452835083,0.7124695669738088,49,106,student_concept_state_buffers
assist_09,16076,self_only,original,0.0,0.30760422348976135,0.36759755548170414,51,,student_concept_state_buffers
assist_09,16076,self_only,target_concept_mask,0.0,0.25034791231155396,0.2881460631608953,51,51,student_concept_state_buffers
assist_09,16076,self_only,random_history_mask,0.0,0.30760422348976135,0.36759755548170414,51,47,student_concept_state_buffers
assist_09,16156,self_only,original,0.0,0.9050247073173523,2.3541384982322517,30,,student_concept_state_buffers
assist_09,16156,self_only,target_concept_mask,0.0,0.9743942618370056,3.6649388056218357,30,30,student_concept_state_buffers
assist_09,16156,self_only,random_history_mask,0.0,0.9050247073173523,2.3541384982322517,30,44,student_concept_state_buffers
assist_09,16174,self_only,original,0.0,0.49934157729148865,0.6918312014234271,30,,student_concept_state_buffers
assist_09,16174,self_only,target_concept_mask,0.0,0.6925778388977051,1.179533358406225,30,30,student_concept_state_buffers
assist_09,16174,self_only,random_history_mask,0.0,0.49934157729148865,0.6918312014234271,30,33,student_concept_state_buffers
assist_09,16215,self_only,original,0.0,0.5241875052452087,0.7427314209393941,30,,student_concept_state_buffers
assist_09,16215,self_only,target_concept_mask,0.0,0.8792582154273987,2.1141010254298815,30,30,student_concept_state_buffers
assist_09,16215,self_only,random_history_mask,0.0,0.5241875052452087,0.7427314209393941,30,51,student_concept_state_buffers
assist_09,16293,self_only,original,0.0,0.32567116618156433,0.39403740304292045,30,,student_concept_state_buffers
assist_09,16293,self_only,target_concept_mask,0.0,0.7188856601715088,1.2689937891068515,30,30,student_concept_state_buffers
assist_09,16293,self_only,random_history_mask,0.0,0.32567116618156433,0.39403740304292045,30,24,student_concept_state_buffers
assist_09,16329,self_only,original,1.0,0.9838356971740723,0.01629637028825672,55,,student_concept_state_buffers
assist_09,16329,self_only,target_concept_mask,1.0,0.9804664254188538,0.019726876238132723,55,55,student_concept_state_buffers
assist_09,16329,self_only,random_history_mask,1.0,0.9838356971740723,0.01629637028825672,55,9,student_concept_state_buffers
assist_09,16347,self_only,original,1.0,0.908523678779602,0.09593432788665933,33,,student_concept_state_buffers
assist_09,16347,self_only,target_concept_mask,1.0,0.8893788456916809,0.11723198610893636,33,33,student_concept_state_buffers
assist_09,16347,self_only,random_history_mask,1.0,0.908523678779602,0.09593432788665933,33,5,student_concept_state_buffers
assist_09,16465,self_only,original,0.0,0.30214905738830566,0.3597497482915695,92,,student_concept_state_buffers
assist_09,16465,self_only,target_concept_mask,0.0,0.4205804467201233,0.54572844675364,92,92,student_concept_state_buffers
assist_09,16465,self_only,random_history_mask,0.0,0.30214905738830566,0.3597497482915695,92,57,student_concept_state_buffers
assist_09,16678,self_only,original,1.0,0.9674971103668213,0.03304284078362029,55,,student_concept_state_buffers
assist_09,16678,self_only,target_concept_mask,1.0,0.9733379483222961,0.027023930972143256,55,55,student_concept_state_buffers
assist_09,16678,self_only,random_history_mask,1.0,0.9674971103668213,0.03304284078362029,55,41,student_concept_state_buffers
assist_09,16685,self_only,original,1.0,0.795686662197113,0.22854981109038433,37,,student_concept_state_buffers
assist_09,16685,self_only,target_concept_mask,1.0,0.9025878310203552,0.1024892738202106,37,37,student_concept_state_buffers
assist_09,16685,self_only,random_history_mask,1.0,0.795686662197113,0.22854981109038433,37,6,student_concept_state_buffers
assist_09,16784,self_only,original,1.0,0.9158098101615906,0.08794656669422919,11,,student_concept_state_buffers
assist_09,16784,self_only,target_concept_mask,1.0,0.9267265200614929,0.07609677305699104,11,11,student_concept_state_buffers
assist_09,16784,self_only,random_history_mask,1.0,0.9158098101615906,0.08794656669422919,11,31,student_concept_state_buffers
assist_09,16892,self_only,original,1.0,0.7018544673919678,0.3540292078557595,98,,student_concept_state_buffers
assist_09,16892,self_only,target_concept_mask,1.0,0.864938497543335,0.14509687568403232,98,98,student_concept_state_buffers
assist_09,16892,self_only,random_history_mask,1.0,0.7018544673919678,0.3540292078557595,98,6,student_concept_state_buffers
assist_09,16962,self_only,original,1.0,0.6952382326126099,0.3635007114156718,67,,student_concept_state_buffers
assist_09,16962,self_only,target_concept_mask,1.0,0.7782602906227112,0.25069424697532283,67,67,student_concept_state_buffers
assist_09,16962,self_only,random_history_mask,1.0,0.6952382326126099,0.3635007114156718,67,21,student_concept_state_buffers
assist_09,17012,self_only,original,0.0,0.269240140914917,0.31367038334716146,98,,student_concept_state_buffers
assist_09,17012,self_only,target_concept_mask,0.0,0.6970402598381042,1.1941553530536877,98,98,student_concept_state_buffers
assist_09,17012,self_only,random_history_mask,0.0,0.269240140914917,0.31367038334716146,98,29,student_concept_state_buffers
assist_09,17026,self_only,original,1.0,0.42258501052856445,0.8613646440729622,98,,student_concept_state_buffers
assist_09,17026,self_only,target_concept_mask,1.0,0.8359257578849792,0.17921547619863382,98,98,student_concept_state_buffers
assist_09,17026,self_only,random_history_mask,1.0,0.42258501052856445,0.8613646440729622,98,59,student_concept_state_buffers
assist_09,17071,self_only,original,1.0,0.9129483699798584,0.09107594984393944,4,,student_concept_state_buffers
assist_09,17071,self_only,target_concept_mask,1.0,0.9450129866600037,0.05655660908546318,4,4,student_concept_state_buffers
assist_09,17071,self_only,random_history_mask,1.0,0.9129483699798584,0.09107594984393944,4,25,student_concept_state_buffers
assist_09,17212,self_only,original,1.0,0.9014150500297546,0.10378947258168383,98,,student_concept_state_buffers
assist_09,17212,self_only,target_concept_mask,1.0,0.9462225437164307,0.05527749053897126,98,98,student_concept_state_buffers
assist_09,17212,self_only,random_history_mask,1.0,0.9014150500297546,0.10378947258168383,98,9,student_concept_state_buffers
assist_09,17290,self_only,original,1.0,0.7443382740020752,0.29525967812220993,25,,student_concept_state_buffers
assist_09,17290,self_only,target_concept_mask,1.0,0.8431089520454407,0.170659086098443,25,25,student_concept_state_buffers
assist_09,17290,self_only,random_history_mask,1.0,0.7443382740020752,0.29525967812220993,25,58,student_concept_state_buffers
assist_09,17307,self_only,original,0.0,0.3155343532562256,0.37911682288519555,"12,13",,student_concept_state_buffers
assist_09,17307,self_only,target_concept_mask,0.0,0.558108925819397,0.8166918657808202,"12,13","12,13",student_concept_state_buffers
assist_09,17307,self_only,random_history_mask,0.0,0.3155343532562256,0.37911682288519555,"12,13","6,20",student_concept_state_buffers
assist_09,17323,self_only,original,1.0,0.8933432102203369,0.11278443798966885,82,,student_concept_state_buffers
assist_09,17323,self_only,target_concept_mask,1.0,0.8558396100997925,0.15567229177535188,82,82,student_concept_state_buffers
assist_09,17323,self_only,random_history_mask,1.0,0.8933432102203369,0.11278443798966885,82,67,student_concept_state_buffers
assist_09,17379,self_only,original,1.0,0.537045419216156,0.6216726085040062,26,,student_concept_state_buffers
assist_09,17379,self_only,target_concept_mask,1.0,0.6963373422622681,0.36192104891216637,26,26,student_concept_state_buffers
assist_09,17379,self_only,random_history_mask,1.0,0.537045419216156,0.6216726085040062,26,44,student_concept_state_buffers
assist_09,17437,self_only,original,0.0,0.4486558437347412,0.5953960617902548,49,,student_concept_state_buffers
assist_09,17437,self_only,target_concept_mask,0.0,0.7445855736732483,1.364867851752806,49,49,student_concept_state_buffers
assist_09,17437,self_only,random_history_mask,0.0,0.4486558437347412,0.5953960617902548,49,13,student_concept_state_buffers
assist_09,17459,self_only,original,1.0,0.9803943634033203,0.019800376627325752,99,,student_concept_state_buffers
assist_09,17459,self_only,target_concept_mask,1.0,0.9864128828048706,0.013680266790615776,99,99,student_concept_state_buffers
assist_09,17459,self_only,random_history_mask,1.0,0.9803943634033203,0.019800376627325752,99,49,student_concept_state_buffers
assist_09,17639,self_only,original,0.0,0.4499345123767853,0.5977179394378555,"45,58",,student_concept_state_buffers
assist_09,17639,self_only,target_concept_mask,0.0,0.7078977227210999,1.2306512733884312,"45,58","45,58",student_concept_state_buffers
assist_09,17639,self_only,random_history_mask,0.0,0.4499345123767853,0.5977179394378555,"45,58","89,98",student_concept_state_buffers
assist_09,17648,self_only,original,1.0,0.2159203141927719,1.5328458551383413,20,,student_concept_state_buffers
assist_09,17648,self_only,target_concept_mask,1.0,0.4226868748664856,0.8611236225976846,20,20,student_concept_state_buffers
assist_09,17648,self_only,random_history_mask,1.0,0.2159203141927719,1.5328458551383413,20,89,student_concept_state_buffers
assist_09,17786,self_only,original,1.0,0.46072959899902344,0.774943961222537,"1,44",,student_concept_state_buffers
assist_09,17786,self_only,target_concept_mask,1.0,0.5014197826385498,0.690311639232615,"1,44","1,44",student_concept_state_buffers
assist_09,17786,self_only,random_history_mask,1.0,0.46072959899902344,0.774943961222537,"1,44","38,60",student_concept_state_buffers
assist_09,17797,self_only,original,1.0,0.5879399180412292,0.5311305165062536,99,,student_concept_state_buffers
assist_09,17797,self_only,target_concept_mask,1.0,0.7702940106391907,0.26098300501474514,99,99,student_concept_state_buffers
assist_09,17797,self_only,random_history_mask,1.0,0.5879399180412292,0.5311305165062536,99,31,student_concept_state_buffers
assist_09,17809,self_only,original,0.0,0.38487952947616577,0.48593714332835364,63,,student_concept_state_buffers
assist_09,17809,self_only,target_concept_mask,0.0,0.5139786005020142,0.7215026241621587,63,63,student_concept_state_buffers
assist_09,17809,self_only,random_history_mask,0.0,0.38487952947616577,0.48593714332835364,63,29,student_concept_state_buffers
assist_09,18069,self_only,original,1.0,0.9519271850585938,0.0492667333989864,99,,student_concept_state_buffers
assist_09,18069,self_only,target_concept_mask,1.0,0.97784423828125,0.02240488719252004,99,99,student_concept_state_buffers
assist_09,18069,self_only,random_history_mask,1.0,0.9519271850585938,0.0492667333989864,99,51,student_concept_state_buffers
assist_09,18113,self_only,original,1.0,0.9092180132865906,0.0951703749622276,98,,student_concept_state_buffers
assist_09,18113,self_only,target_concept_mask,1.0,0.9322561025619507,0.07014771388729707,98,98,student_concept_state_buffers
assist_09,18113,self_only,random_history_mask,1.0,0.9092180132865906,0.0951703749622276,98,15,student_concept_state_buffers
assist_09,18114,self_only,original,1.0,0.9732431173324585,0.02712136435581872,14,,student_concept_state_buffers
assist_09,18114,self_only,target_concept_mask,1.0,0.9860662817955017,0.014031703722530289,14,14,student_concept_state_buffers
assist_09,18114,self_only,random_history_mask,1.0,0.9732431173324585,0.02712136435581872,14,15,student_concept_state_buffers
assist_09,18166,self_only,original,1.0,0.9114840030670166,0.09268123513589226,89,,student_concept_state_buffers
assist_09,18166,self_only,target_concept_mask,1.0,0.9178094863891602,0.08576544106571118,89,89,student_concept_state_buffers
assist_09,18166,self_only,random_history_mask,1.0,0.9114840030670166,0.09268123513589226,89,16,student_concept_state_buffers
assist_09,18222,self_only,original,1.0,0.8538112044334412,0.15804518172559345,26,,student_concept_state_buffers
assist_09,18222,self_only,target_concept_mask,1.0,0.8417520523071289,0.17226978280061817,26,26,student_concept_state_buffers
assist_09,18222,self_only,random_history_mask,1.0,0.8538112044334412,0.15804518172559345,26,20,student_concept_state_buffers
assist_09,18239,self_only,original,1.0,0.9141848683357239,0.08972246503100992,4,,student_concept_state_buffers
assist_09,18239,self_only,target_concept_mask,1.0,0.951438307762146,0.04978043117173932,4,4,student_concept_state_buffers
assist_09,18239,self_only,random_history_mask,1.0,0.9141848683357239,0.08972246503100992,4,81,student_concept_state_buffers
assist_09,18371,self_only,original,1.0,0.8242961168289185,0.1932254485451924,99,,student_concept_state_buffers
assist_09,18371,self_only,target_concept_mask,1.0,0.8016917109489441,0.2210311453293991,99,99,student_concept_state_buffers
assist_09,18371,self_only,random_history_mask,1.0,0.8242961168289185,0.1932254485451924,99,40,student_concept_state_buffers
assist_09,18457,self_only,original,1.0,0.9051864147186279,0.09961437337931389,"6,14",,student_concept_state_buffers
assist_09,18457,self_only,target_concept_mask,1.0,0.8639345765113831,0.1462582346754525,"6,14","6,14",student_concept_state_buffers
assist_09,18457,self_only,random_history_mask,1.0,0.9051864147186279,0.09961437337931389,"6,14","61,82",student_concept_state_buffers
assist_09,18465,self_only,original,1.0,0.9811607003211975,0.01901902006891168,98,,student_concept_state_buffers
assist_09,18465,self_only,target_concept_mask,1.0,0.9729491472244263,0.027423462062835222,98,98,student_concept_state_buffers
assist_09,18465,self_only,random_history_mask,1.0,0.9811607003211975,0.01901902006891168,98,78,student_concept_state_buffers
assist_09,18726,self_only,original,0.0,0.10474521666765213,0.11064692710491392,86,,student_concept_state_buffers
assist_09,18726,self_only,target_concept_mask,0.0,0.4782821536064148,0.650628361385559,86,86,student_concept_state_buffers
assist_09,18726,self_only,random_history_mask,0.0,0.10474521666765213,0.11064692710491392,86,83,student_concept_state_buffers
assist_09,18803,self_only,original,0.0,0.5761589407920837,0.858396754386575,"45,58",,student_concept_state_buffers
assist_09,18803,self_only,target_concept_mask,0.0,0.7597557306289673,1.4260990841902745,"45,58","45,58",student_concept_state_buffers
assist_09,18803,self_only,random_history_mask,0.0,0.5761589407920837,0.858396754386575,"45,58","2,90",student_concept_state_buffers
assist_09,18811,self_only,original,1.0,0.7778668403625488,0.2511999257990027,106,,student_concept_state_buffers
assist_09,18811,self_only,target_concept_mask,1.0,0.7730370163917542,0.2574283448766211,106,106,student_concept_state_buffers
assist_09,18811,self_only,random_history_mask,1.0,0.7778668403625488,0.2511999257990027,106,10,student_concept_state_buffers
assist_09,18821,self_only,original,0.0,0.13656684756278992,0.1468387990565668,"15,16",,student_concept_state_buffers
assist_09,18821,self_only,target_concept_mask,0.0,0.5291344523429871,0.7531826871676733,"15,16","15,16",student_concept_state_buffers
assist_09,18821,self_only,random_history_mask,0.0,0.13656684756278992,0.1468387990565668,"15,16","29,37",student_concept_state_buffers
assist_09,18928,self_only,original,1.0,0.2688148319721222,1.3137324933877017,95,,student_concept_state_buffers
assist_09,18928,self_only,target_concept_mask,1.0,0.4982798993587494,0.6965933129415687,95,95,student_concept_state_buffers
assist_09,18928,self_only,random_history_mask,1.0,0.2688148319721222,1.3137324933877017,95,40,student_concept_state_buffers
assist_09,18998,self_only,original,1.0,0.7493100762367249,0.2886023941689584,"1,44",,student_concept_state_buffers
assist_09,18998,self_only,target_concept_mask,1.0,0.6766088604927063,0.3906619271068709,"1,44","1,44",student_concept_state_buffers
assist_09,18998,self_only,random_history_mask,1.0,0.7493100762367249,0.2886023941689584,"1,44","37,47",student_concept_state_buffers
assist_09,19177,self_only,original,1.0,0.7668097019195557,0.26551661541343907,"7,44",,student_concept_state_buffers
assist_09,19177,self_only,target_concept_mask,1.0,0.8453418016433716,0.16801423442638497,"7,44","7,44",student_concept_state_buffers
assist_09,19177,self_only,random_history_mask,1.0,0.7668097019195557,0.26551661541343907,"7,44","2,106",student_concept_state_buffers
assist_09,19200,self_only,original,1.0,0.7381240725517273,0.30364334852345576,"5,8",,student_concept_state_buffers
assist_09,19200,self_only,target_concept_mask,1.0,0.6647894978523254,0.40828483302006385,"5,8","5,8",student_concept_state_buffers
assist_09,19200,self_only,random_history_mask,1.0,0.7381240725517273,0.30364334852345576,"5,8","6,93",student_concept_state_buffers
assist_09,19220,self_only,original,1.0,0.8333572149276733,0.18229289929137676,7,,student_concept_state_buffers
assist_09,19220,self_only,target_concept_mask,1.0,0.892078161239624,0.11420152553284948,7,7,student_concept_state_buffers
assist_09,19220,self_only,random_history_mask,1.0,0.8333572149276733,0.18229289929137676,7,1,student_concept_state_buffers
assist_09,19344,self_only,original,1.0,0.8746199607849121,0.133965817504877,"0,9",,student_concept_state_buffers
assist_09,19344,self_only,target_concept_mask,1.0,0.8034082651138306,0.21889226944018092,"0,9","0,9",student_concept_state_buffers
assist_09,19344,self_only,random_history_mask,1.0,0.8746199607849121,0.133965817504877,"0,9","103,104",student_concept_state_buffers
assist_09,19368,self_only,original,1.0,0.5739675164222717,0.5551824758627654,"45,58",,student_concept_state_buffers
assist_09,19368,self_only,target_concept_mask,1.0,0.6288062930107117,0.4639320299485306,"45,58","45,58",student_concept_state_buffers
assist_09,19368,self_only,random_history_mask,1.0,0.5739675164222717,0.5551824758627654,"45,58","8,33",student_concept_state_buffers
assist_09,19407,self_only,original,1.0,0.9833582043647766,0.016781826061883904,30,,student_concept_state_buffers
assist_09,19407,self_only,target_concept_mask,1.0,0.9728437662124634,0.02753177884345273,30,30,student_concept_state_buffers
assist_09,19407,self_only,random_history_mask,1.0,0.9833582043647766,0.016781826061883904,30,17,student_concept_state_buffers
assist_09,19425,self_only,original,1.0,0.744164764881134,0.2954928104937195,"5,8",,student_concept_state_buffers
assist_09,19425,self_only,target_concept_mask,1.0,0.6447085738182068,0.43895688782703923,"5,8","5,8",student_concept_state_buffers
assist_09,19425,self_only,random_history_mask,1.0,0.744164764881134,0.2954928104937195,"5,8","89,104",student_concept_state_buffers
assist_09,19457,self_only,original,1.0,0.7653636336326599,0.26740422001105135,"22,80",,student_concept_state_buffers
assist_09,19457,self_only,target_concept_mask,1.0,0.7248234748840332,0.32182713669281543,"22,80","22,80",student_concept_state_buffers
assist_09,19457,self_only,random_history_mask,1.0,0.7653636336326599,0.26740422001105135,"22,80","33,86",student_concept_state_buffers
assist_09,19514,self_only,original,1.0,0.35432884097099304,1.0375298677395832,59,,student_concept_state_buffers
assist_09,19514,self_only,target_concept_mask,1.0,0.40373778343200684,0.9069896626565892,59,59,student_concept_state_buffers
assist_09,19514,self_only,random_history_mask,1.0,0.35432884097099304,1.0375298677395832,59,47,student_concept_state_buffers
assist_09,19638,self_only,original,0.0,0.6616188883781433,1.0835824695281615,"45,58",,student_concept_state_buffers
assist_09,19638,self_only,target_concept_mask,0.0,0.7554954886436462,1.4085215188822044,"45,58","45,58",student_concept_state_buffers
assist_09,19638,self_only,random_history_mask,0.0,0.6616188883781433,1.0835824695281615,"45,58","29,95",student_concept_state_buffers
assist_09,19642,self_only,original,1.0,0.9428406357765198,0.05885800768594344,94,,student_concept_state_buffers
assist_09,19642,self_only,target_concept_mask,1.0,0.9365406036376953,0.06556240124375042,94,94,student_concept_state_buffers
assist_09,19642,self_only,random_history_mask,1.0,0.9428406357765198,0.05885800768594344,94,30,student_concept_state_buffers
assist_09,19645,self_only,original,1.0,0.933022141456604,0.06932634695163828,29,,student_concept_state_buffers
assist_09,19645,self_only,target_concept_mask,1.0,0.942478597164154,0.05924206849696181,29,29,student_concept_state_buffers
assist_09,19645,self_only,random_history_mask,1.0,0.933022141456604,0.06932634695163828,29,12,student_concept_state_buffers
assist_09,19650,self_only,original,1.0,0.5542404055595398,0.5901567413084573,"6,9",,student_concept_state_buffers
assist_09,19650,self_only,target_concept_mask,1.0,0.6273213028907776,0.466296424802337,"6,9","6,9",student_concept_state_buffers
assist_09,19650,self_only,random_history_mask,1.0,0.5542404055595398,0.5901567413084573,"6,9","31,80",student_concept_state_buffers
assist_09,19653,self_only,original,1.0,0.8723177909851074,0.13660148226188892,13,,student_concept_state_buffers
assist_09,19653,self_only,target_concept_mask,1.0,0.866783618927002,0.14296590782914795,13,13,student_concept_state_buffers
assist_09,19653,self_only,random_history_mask,1.0,0.8723177909851074,0.13660148226188892,13,38,student_concept_state_buffers
assist_09,19666,self_only,original,0.0,0.47420045733451843,0.6428352364747117,"3,121",,student_concept_state_buffers
assist_09,19666,self_only,target_concept_mask,0.0,0.6961382627487183,1.1911824927075303,"3,121","3,121",student_concept_state_buffers
assist_09,19666,self_only,random_history_mask,0.0,0.47420045733451843,0.6428352364747117,"3,121","20,27",student_concept_state_buffers
assist_09,19726,self_only,original,1.0,0.8178127408027649,0.2011218918103147,42,,student_concept_state_buffers
assist_09,19726,self_only,target_concept_mask,1.0,0.8504314422607422,0.162011479142203,42,42,student_concept_state_buffers
assist_09,19726,self_only,random_history_mask,1.0,0.8178127408027649,0.2011218918103147,42,0,student_concept_state_buffers
assist_09,19841,self_only,original,0.0,0.6747236251831055,1.123080073972079,56,,student_concept_state_buffers
assist_09,19841,self_only,target_concept_mask,0.0,0.7919496893882751,1.5699753505875873,56,56,student_concept_state_buffers
assist_09,19841,self_only,random_history_mask,0.0,0.6747236251831055,1.123080073972079,56,102,student_concept_state_buffers
assist_09,20051,self_only,original,1.0,0.4080089330673218,0.8964662100448149,92,,student_concept_state_buffers
assist_09,20051,self_only,target_concept_mask,1.0,0.48852601647377014,0.7163625510386985,92,92,student_concept_state_buffers
assist_09,20051,self_only,random_history_mask,1.0,0.4080089330673218,0.8964662100448149,92,86,student_concept_state_buffers
assist_09,20401,self_only,original,1.0,0.8969722986221313,0.10873029964978229,"0,11",,student_concept_state_buffers
assist_09,20401,self_only,target_concept_mask,1.0,0.8487311005592346,0.16401286773949808,"0,11","0,11",student_concept_state_buffers
assist_09,20401,self_only,random_history_mask,1.0,0.8969722986221313,0.10873029964978229,"0,11","26,96",student_concept_state_buffers
assist_09,20470,self_only,original,0.0,0.890975832939148,2.2161857051737814,"7,44",,student_concept_state_buffers
assist_09,20470,self_only,target_concept_mask,0.0,0.86109858751297,1.973990860180455,"7,44","7,44",student_concept_state_buffers
assist_09,20470,self_only,random_history_mask,0.0,0.890975832939148,2.2161857051737814,"7,44","4,63",student_concept_state_buffers
assist_09,20573,self_only,original,1.0,0.7489213347434998,0.2891213280253705,48,,student_concept_state_buffers
assist_09,20573,self_only,target_concept_mask,1.0,0.5695505142211914,0.5629078007814021,48,48,student_concept_state_buffers
assist_09,20573,self_only,random_history_mask,1.0,0.7489213347434998,0.2891213280253705,48,25,student_concept_state_buffers
assist_09,20674,self_only,original,1.0,0.9192838668823242,0.0841603176166599,49,,student_concept_state_buffers
assist_09,20674,self_only,target_concept_mask,1.0,0.8504612445831299,0.1619764359879567,49,49,student_concept_state_buffers
assist_09,20674,self_only,random_history_mask,1.0,0.9192838668823242,0.0841603176166599,49,6,student_concept_state_buffers
assist_09,20722,self_only,original,1.0,0.947725236415863,0.053690653741761574,"32,33",,student_concept_state_buffers
assist_09,20722,self_only,target_concept_mask,1.0,0.9105026125907898,0.09375851041629592,"32,33","32,33",student_concept_state_buffers
assist_09,20722,self_only,random_history_mask,1.0,0.947725236415863,0.053690653741761574,"32,33","17,29",student_concept_state_buffers
assist_09,20992,self_only,original,1.0,0.9613407850265503,0.03942631786086836,11,,student_concept_state_buffers
assist_09,20992,self_only,target_concept_mask,1.0,0.9511485695838928,0.05008500404979588,11,11,student_concept_state_buffers
assist_09,20992,self_only,random_history_mask,1.0,0.9613407850265503,0.03942631786086836,11,10,student_concept_state_buffers
assist_09,21078,self_only,original,0.0,0.774763286113739,1.4906033680900828,99,,student_concept_state_buffers
assist_09,21078,self_only,target_concept_mask,0.0,0.8446836471557617,1.8622912559534814,99,99,student_concept_state_buffers
assist_09,21078,self_only,random_history_mask,0.0,0.774763286113739,1.4906033680900828,99,81,student_concept_state_buffers
assist_09,21428,self_only,original,1.0,0.3197009861469269,1.1403691383201389,30,,student_concept_state_buffers
assist_09,21428,self_only,target_concept_mask,1.0,0.5346779823303223,0.6260906154882847,30,30,student_concept_state_buffers
assist_09,21428,self_only,random_history_mask,1.0,0.3197009861469269,1.1403691383201389,30,48,student_concept_state_buffers
assist_09,21475,self_only,original,0.0,0.06959226727485657,0.07213236662870393,48,,student_concept_state_buffers
assist_09,21475,self_only,target_concept_mask,0.0,0.3296090364456177,0.3998942090900994,48,48,student_concept_state_buffers
assist_09,21475,self_only,random_history_mask,0.0,0.06959226727485657,0.07213236662870393,48,33,student_concept_state_buffers
assist_09,21842,self_only,original,1.0,0.8676369190216064,0.14198194789004437,14,,student_concept_state_buffers
assist_09,21842,self_only,target_concept_mask,1.0,0.9386595487594604,0.0633024333987987,14,14,student_concept_state_buffers
assist_09,21842,self_only,random_history_mask,1.0,0.8676369190216064,0.14198194789004437,14,79,student_concept_state_buffers
assist_09,21863,self_only,original,1.0,0.9775533080101013,0.02270245356090092,14,,student_concept_state_buffers
assist_09,21863,self_only,target_concept_mask,1.0,0.9622957110404968,0.03843348361766315,14,14,student_concept_state_buffers
assist_09,21863,self_only,random_history_mask,1.0,0.9775533080101013,0.02270245356090092,14,8,student_concept_state_buffers
assist_09,21913,self_only,original,1.0,0.7101955413818359,0.34221493646830536,33,,student_concept_state_buffers
assist_09,21913,self_only,target_concept_mask,1.0,0.9015636444091797,0.10362464048442188,33,33,student_concept_state_buffers
assist_09,21913,self_only,random_history_mask,1.0,0.7101955413818359,0.34221493646830536,33,98,student_concept_state_buffers
assist_09,22013,self_only,original,1.0,0.916725218296051,0.08694750452473615,82,,student_concept_state_buffers
assist_09,22013,self_only,target_concept_mask,1.0,0.8948845267295837,0.11106058944500417,82,82,student_concept_state_buffers
assist_09,22013,self_only,random_history_mask,1.0,0.916725218296051,0.08694750452473615,82,55,student_concept_state_buffers
assist_09,22057,self_only,original,0.0,0.4806014597415924,0.6550837901956216,30,,student_concept_state_buffers
assist_09,22057,self_only,target_concept_mask,0.0,0.7704793810844421,1.4717624107478418,30,30,student_concept_state_buffers
assist_09,22057,self_only,random_history_mask,0.0,0.4806014597415924,0.6550837901956216,30,41,student_concept_state_buffers
assist_09,22093,self_only,original,1.0,0.9160029292106628,0.08773571648488529,82,,student_concept_state_buffers
assist_09,22093,self_only,target_concept_mask,1.0,0.914999783039093,0.08883145082238919,82,82,student_concept_state_buffers
assist_09,22093,self_only,random_history_mask,1.0,0.9160029292106628,0.08773571648488529,82,55,student_concept_state_buffers
assist_09,22173,self_only,original,1.0,0.7244075536727905,0.3224011255385774,82,,student_concept_state_buffers
assist_09,22173,self_only,target_concept_mask,1.0,0.7507047057151794,0.2867429059864616,82,82,student_concept_state_buffers
assist_09,22173,self_only,random_history_mask,1.0,0.7244075536727905,0.3224011255385774,82,55,student_concept_state_buffers
assist_09,22254,self_only,original,1.0,0.7874261736869812,0.2389856603760106,41,,student_concept_state_buffers
assist_09,22254,self_only,target_concept_mask,1.0,0.7178429365158081,0.3315044852342246,41,41,student_concept_state_buffers
assist_09,22254,self_only,random_history_mask,1.0,0.7874261736869812,0.2389856603760106,41,33,student_concept_state_buffers
assist_09,22329,self_only,original,1.0,0.5823575854301453,0.5406706119664143,41,,student_concept_state_buffers
assist_09,22329,self_only,target_concept_mask,1.0,0.6210699081420898,0.4763116298868498,41,41,student_concept_state_buffers
assist_09,22329,self_only,random_history_mask,1.0,0.5823575854301453,0.5406706119664143,41,30,student_concept_state_buffers
assist_09,22330,self_only,original,1.0,0.594547688961029,0.519954349144992,33,,student_concept_state_buffers
assist_09,22330,self_only,target_concept_mask,1.0,0.8428962230682373,0.17091143286637966,33,33,student_concept_state_buffers
assist_09,22330,self_only,random_history_mask,1.0,0.594547688961029,0.519954349144992,33,32,student_concept_state_buffers
assist_09,22371,self_only,original,1.0,0.883345901966095,0.12403842013034277,"37,55",,student_concept_state_buffers
assist_09,22371,self_only,target_concept_mask,1.0,0.8795569539070129,0.128336959758468,"37,55","37,55",student_concept_state_buffers
assist_09,22371,self_only,random_history_mask,1.0,0.883345901966095,0.12403842013034277,"37,55","33,45",student_concept_state_buffers
assist_09,22524,self_only,original,0.0,0.48948007822036743,0.6723256180847069,"12,13",,student_concept_state_buffers
assist_09,22524,self_only,target_concept_mask,0.0,0.7514215111732483,1.3919966329062299,"12,13","12,13",student_concept_state_buffers
assist_09,22524,self_only,random_history_mask,0.0,0.48948007822036743,0.6723256180847069,"12,13","6,84",student_concept_state_buffers
assist_09,22552,self_only,original,1.0,0.577930748462677,0.548301229836142,33,,student_concept_state_buffers
assist_09,22552,self_only,target_concept_mask,1.0,0.8089231252670288,0.21205139083055508,33,33,student_concept_state_buffers
assist_09,22552,self_only,random_history_mask,1.0,0.577930748462677,0.548301229836142,33,32,student_concept_state_buffers
assist_09,22594,self_only,original,1.0,0.8618974089622498,0.1486190305263062,13,,student_concept_state_buffers
assist_09,22594,self_only,target_concept_mask,1.0,0.8863489031791687,0.12064460998103382,13,13,student_concept_state_buffers
assist_09,22594,self_only,random_history_mask,1.0,0.8618974089622498,0.1486190305263062,13,14,student_concept_state_buffers
assist_09,22679,self_only,original,1.0,0.2954769432544708,1.219164471391792,89,,student_concept_state_buffers
assist_09,22679,self_only,target_concept_mask,1.0,0.61014723777771,0.49405497753457206,89,89,student_concept_state_buffers
assist_09,22679,self_only,random_history_mask,1.0,0.2954769432544708,1.219164471391792,89,86,student_concept_state_buffers
assist_09,22685,self_only,original,1.0,0.7838955521583557,0.2434794917946845,"0,9",,student_concept_state_buffers
assist_09,22685,self_only,target_concept_mask,1.0,0.8602195978164673,0.15056757603168325,"0,9","0,9",student_concept_state_buffers
assist_09,22685,self_only,random_history_mask,1.0,0.7838955521583557,0.2434794917946845,"0,9","80,86",student_concept_state_buffers
assist_09,22783,self_only,original,1.0,0.4952017664909363,0.7027899903908591,"12,13",,student_concept_state_buffers
assist_09,22783,self_only,target_concept_mask,1.0,0.5983089804649353,0.5136479687289928,"12,13","12,13",student_concept_state_buffers
assist_09,22783,self_only,random_history_mask,1.0,0.4952017664909363,0.7027899903908591,"12,13","84,85",student_concept_state_buffers
assist_09,22877,self_only,original,0.0,0.5829731225967407,0.8746046050559599,14,,student_concept_state_buffers
assist_09,22877,self_only,target_concept_mask,0.0,0.8922096490859985,2.227567133659977,14,14,student_concept_state_buffers
assist_09,22877,self_only,random_history_mask,0.0,0.5829731225967407,0.8746046050559599,14,34,student_concept_state_buffers
assist_09,22907,self_only,original,0.0,0.19307482242584229,0.2145243317713,"12,13",,student_concept_state_buffers
assist_09,22907,self_only,target_concept_mask,0.0,0.28765547275543213,0.33919359802606985,"12,13","12,13",student_concept_state_buffers
assist_09,22907,self_only,random_history_mask,0.0,0.19307482242584229,0.2145243317713,"12,13","56,114",student_concept_state_buffers
assist_09,23146,self_only,original,1.0,0.8416630625724792,0.1723755080420586,79,,student_concept_state_buffers
assist_09,23146,self_only,target_concept_mask,1.0,0.7725861072540283,0.25801181072106866,79,79,student_concept_state_buffers
assist_09,23146,self_only,random_history_mask,1.0,0.8416630625724792,0.1723755080420586,79,98,student_concept_state_buffers
assist_09,23173,self_only,original,1.0,0.8599677681922913,0.1508603692831061,"32,33",,student_concept_state_buffers
assist_09,23173,self_only,target_concept_mask,1.0,0.8243973255157471,0.19310267412957782,"32,33","32,33",student_concept_state_buffers
assist_09,23173,self_only,random_history_mask,1.0,0.8599677681922913,0.1508603692831061,"32,33","41,79",student_concept_state_buffers
assist_09,23263,self_only,original,0.0,0.27318939566612244,0.3190893521236909,53,,student_concept_state_buffers
assist_09,23263,self_only,target_concept_mask,0.0,0.4542444050312042,0.6055840317149487,53,53,student_concept_state_buffers
assist_09,23263,self_only,random_history_mask,0.0,0.27318939566612244,0.3190893521236909,53,52,student_concept_state_buffers
assist_09,23269,self_only,original,1.0,0.4436904489994049,0.8126281466360226,53,,student_concept_state_buffers
assist_09,23269,self_only,target_concept_mask,1.0,0.36560308933258057,1.0062069894034327,53,53,student_concept_state_buffers
assist_09,23269,self_only,random_history_mask,1.0,0.4436904489994049,0.8126281466360226,53,82,student_concept_state_buffers
assist_09,23672,self_only,original,1.0,0.5761392116546631,0.551405960587363,53,,student_concept_state_buffers
assist_09,23672,self_only,target_concept_mask,1.0,0.7002248764038086,0.35635374352366833,53,53,student_concept_state_buffers
assist_09,23672,self_only,random_history_mask,1.0,0.5761392116546631,0.551405960587363,53,4,student_concept_state_buffers
assist_09,23722,self_only,original,1.0,0.8009397387504578,0.2219695672651621,66,,student_concept_state_buffers
assist_09,23722,self_only,target_concept_mask,1.0,0.9080905318260193,0.09641120069681616,66,66,student_concept_state_buffers
assist_09,23722,self_only,random_history_mask,1.0,0.8009397387504578,0.2219695672651621,66,6,student_concept_state_buffers
assist_09,24097,self_only,original,1.0,0.6500603556632996,0.43069006553658584,"34,35,46",,student_concept_state_buffers
assist_09,24097,self_only,target_concept_mask,1.0,0.8859747052192688,0.1210668781985162,"34,35,46","34,35,46",student_concept_state_buffers
assist_09,24097,self_only,random_history_mask,1.0,0.6500603556632996,0.43069006553658584,"34,35,46","14,22,29",student_concept_state_buffers
assist_09,24192,self_only,original,1.0,0.8818845152854919,0.12569416659855046,79,,student_concept_state_buffers
assist_09,24192,self_only,target_concept_mask,1.0,0.7451563477516174,0.2941612198668359,79,79,student_concept_state_buffers
assist_09,24192,self_only,random_history_mask,1.0,0.8818845152854919,0.12569416659855046,79,81,student_concept_state_buffers
assist_09,24247,self_only,original,1.0,0.6340292692184448,0.4556601596508341,79,,student_concept_state_buffers
assist_09,24247,self_only,target_concept_mask,1.0,0.5809686779975891,0.5430584340867382,79,79,student_concept_state_buffers
assist_09,24247,self_only,random_history_mask,1.0,0.6340292692184448,0.4556601596508341,79,45,student_concept_state_buffers
assist_09,24576,self_only,original,1.0,0.9089471697807312,0.09546830554673681,79,,student_concept_state_buffers
assist_09,24576,self_only,target_concept_mask,1.0,0.8562957644462585,0.15513944330549312,79,79,student_concept_state_buffers
assist_09,24576,self_only,random_history_mask,1.0,0.9089471697807312,0.09546830554673681,79,41,student_concept_state_buffers
assist_09,24583,self_only,original,0.0,0.6208800673484802,0.9699026789670493,41,,student_concept_state_buffers
assist_09,24583,self_only,target_concept_mask,0.0,0.7441533207893372,1.3631769232537578,41,41,student_concept_state_buffers
assist_09,24583,self_only,random_history_mask,0.0,0.6208800673484802,0.9699026789670493,41,56,student_concept_state_buffers
assist_09,24675,self_only,original,1.0,0.3439747095108032,1.067187143175327,98,,student_concept_state_buffers
assist_09,24675,self_only,target_concept_mask,1.0,0.6863308548927307,0.37639547176147276,98,98,student_concept_state_buffers
assist_09,24675,self_only,random_history_mask,1.0,0.3439747095108032,1.067187143175327,98,82,student_concept_state_buffers
assist_09,24743,self_only,original,1.0,0.9153512120246887,0.08844744907533426,13,,student_concept_state_buffers
assist_09,24743,self_only,target_concept_mask,1.0,0.9014574885368347,0.10374239381579209,13,13,student_concept_state_buffers
assist_09,24743,self_only,random_history_mask,1.0,0.9153512120246887,0.08844744907533426,13,45,student_concept_state_buffers
assist_09,24783,self_only,original,1.0,0.8934996724128723,0.11260931101632835,"39,46",,student_concept_state_buffers
assist_09,24783,self_only,target_concept_mask,1.0,0.8947606086730957,0.11119907282836854,"39,46","39,46",student_concept_state_buffers
assist_09,24783,self_only,random_history_mask,1.0,0.8934996724128723,0.11260931101632835,"39,46","9,34",student_concept_state_buffers
assist_09,24872,self_only,original,0.0,0.8242936134338379,1.7389409351829874,79,,student_concept_state_buffers
assist_09,24872,self_only,target_concept_mask,0.0,0.7883919477462769,1.5530195255929065,79,79,student_concept_state_buffers
assist_09,24872,self_only,random_history_mask,0.0,0.8242936134338379,1.7389409351829874,79,37,student_concept_state_buffers
assist_09,24954,self_only,original,1.0,0.8963172435760498,0.10946086218282794,"45,55",,student_concept_state_buffers
assist_09,24954,self_only,target_concept_mask,1.0,0.9065942764282227,0.09806025372251427,"45,55","45,55",student_concept_state_buffers
assist_09,24954,self_only,random_history_mask,1.0,0.8963172435760498,0.10946086218282794,"45,55","1,79",student_concept_state_buffers
assist_09,25039,self_only,original,1.0,0.9359421730041504,0.06620158539154007,33,,student_concept_state_buffers
assist_09,25039,self_only,target_concept_mask,1.0,0.9284413456916809,0.07424807122225095,33,33,student_concept_state_buffers
assist_09,25039,self_only,random_history_mask,1.0,0.9359421730041504,0.06620158539154007,33,51,student_concept_state_buffers
assist_09,25116,self_only,original,1.0,0.9428324103355408,0.05886673182928951,33,,student_concept_state_buffers
assist_09,25116,self_only,target_concept_mask,1.0,0.924017608165741,0.07902415106559524,33,33,student_concept_state_buffers
assist_09,25116,self_only,random_history_mask,1.0,0.9428324103355408,0.05886673182928951,33,23,student_concept_state_buffers
assist_09,25145,self_only,original,1.0,0.9039058685302734,0.10103005174362761,7,,student_concept_state_buffers
assist_09,25145,self_only,target_concept_mask,1.0,0.8895596265792847,0.11702874030696626,7,7,student_concept_state_buffers
assist_09,25145,self_only,random_history_mask,1.0,0.9039058685302734,0.10103005174362761,7,11,student_concept_state_buffers
assist_09,25414,self_only,original,1.0,0.9597309231758118,0.04110232216690801,49,,student_concept_state_buffers
assist_09,25414,self_only,target_concept_mask,1.0,0.9601246118545532,0.04069219892890774,49,49,student_concept_state_buffers
assist_09,25414,self_only,random_history_mask,1.0,0.9597309231758118,0.04110232216690801,49,96,student_concept_state_buffers
assist_09,25426,self_only,original,1.0,0.7697659730911255,0.2616687413812962,"34,35,46",,student_concept_state_buffers
assist_09,25426,self_only,target_concept_mask,1.0,0.829694390296936,0.18669785045692336,"34,35,46","34,35,46",student_concept_state_buffers
assist_09,25426,self_only,random_history_mask,1.0,0.7697659730911255,0.2616687413812962,"34,35,46","10,31,80",student_concept_state_buffers
assist_09,25631,self_only,original,0.0,0.9851367473602295,4.2088633780609985,30,,student_concept_state_buffers
assist_09,25631,self_only,target_concept_mask,0.0,0.98592609167099,4.263432668958353,30,30,student_concept_state_buffers
assist_09,25631,self_only,random_history_mask,0.0,0.9851367473602295,4.2088633780609985,30,97,student_concept_state_buffers
assist_09,25894,self_only,original,1.0,0.8688161969184875,0.14062368711426282,98,,student_concept_state_buffers
assist_09,25894,self_only,target_concept_mask,1.0,0.9238812327384949,0.07917175159921205,98,98,student_concept_state_buffers
assist_09,25894,self_only,random_history_mask,1.0,0.8688161969184875,0.14062368711426282,98,66,student_concept_state_buffers
assist_09,25985,self_only,original,0.0,0.8827311396598816,2.1432860288123905,99,,student_concept_state_buffers
assist_09,25985,self_only,target_concept_mask,0.0,0.8475822806358337,1.8811303736945415,99,99,student_concept_state_buffers
assist_09,25985,self_only,random_history_mask,0.0,0.8827311396598816,2.1432860288123905,99,97,student_concept_state_buffers
assist_09,26069,self_only,original,0.0,0.7499351501464844,1.3860349953440392,98,,student_concept_state_buffers
assist_09,26069,self_only,target_concept_mask,0.0,0.8012235164642334,1.615574283830331,98,98,student_concept_state_buffers
assist_09,26069,self_only,random_history_mask,0.0,0.7499351501464844,1.3860349953440392,98,45,student_concept_state_buffers
assist_09,26193,self_only,original,0.0,0.8989514112472534,2.292153801061336,36,,student_concept_state_buffers
assist_09,26193,self_only,target_concept_mask,0.0,0.8735130429267883,2.067616082270985,36,36,student_concept_state_buffers
assist_09,26193,self_only,random_history_mask,0.0,0.8989514112472534,2.292153801061336,36,48,student_concept_state_buffers
assist_09,26215,self_only,original,0.0,0.6545037031173706,1.0627733539718538,2,,student_concept_state_buffers
assist_09,26215,self_only,target_concept_mask,0.0,0.7307234406471252,1.3120163258313315,2,2,student_concept_state_buffers
assist_09,26215,self_only,random_history_mask,0.0,0.6545037031173706,1.0627733539718538,2,29,student_concept_state_buffers
assist_09,26250,self_only,original,0.0,0.44575196504592896,0.5901429759063972,92,,student_concept_state_buffers
assist_09,26250,self_only,target_concept_mask,0.0,0.5565407872200012,0.8131494481358822,92,92,student_concept_state_buffers
assist_09,26250,self_only,random_history_mask,0.0,0.44575196504592896,0.5901429759063972,92,48,student_concept_state_buffers
assist_09,26407,self_only,original,1.0,0.3367115557193756,1.0885286328831778,97,,student_concept_state_buffers
assist_09,26407,self_only,target_concept_mask,1.0,0.5697339177131653,0.5625858381732644,97,97,student_concept_state_buffers
assist_09,26407,self_only,random_history_mask,1.0,0.3367115557193756,1.0885286328831778,97,10,student_concept_state_buffers
assist_09,26433,self_only,original,1.0,0.25670334696769714,1.359834152749461,103,,student_concept_state_buffers
assist_09,26433,self_only,target_concept_mask,1.0,0.4729916453361511,0.7486775537833004,103,103,student_concept_state_buffers
assist_09,26433,self_only,random_history_mask,1.0,0.25670334696769714,1.359834152749461,103,46,student_concept_state_buffers
assist_09,26577,self_only,original,1.0,0.697592556476593,0.36012007663266415,82,,student_concept_state_buffers
assist_09,26577,self_only,target_concept_mask,1.0,0.8002159595489502,0.22287363830781506,82,82,student_concept_state_buffers
assist_09,26577,self_only,random_history_mask,1.0,0.697592556476593,0.36012007663266415,82,97,student_concept_state_buffers
assist_09,26679,self_only,original,1.0,0.682962954044342,0.38131466093459965,30,,student_concept_state_buffers
assist_09,26679,self_only,target_concept_mask,1.0,0.734321653842926,0.3088081258637304,30,30,student_concept_state_buffers
assist_09,26679,self_only,random_history_mask,1.0,0.682962954044342,0.38131466093459965,30,32,student_concept_state_buffers
assist_09,26693,self_only,original,1.0,0.352744996547699,1.0420098724810667,"1,24,31,48",,student_concept_state_buffers
assist_09,26693,self_only,target_concept_mask,1.0,0.3520362079143524,1.0440212452810693,"1,24,31,48","1,24,31,48",student_concept_state_buffers
assist_09,26693,self_only,random_history_mask,1.0,0.352744996547699,1.0420098724810667,"1,24,31,48","32,44,47,51",student_concept_state_buffers
assist_09,26868,self_only,original,1.0,0.16261453926563263,1.8163726684881079,"1,24,31,48",,student_concept_state_buffers
assist_09,26868,self_only,target_concept_mask,1.0,0.36028429865837097,1.020861840700084,"1,24,31,48","1,24,31,48",student_concept_state_buffers
assist_09,26868,self_only,random_history_mask,1.0,0.16261453926563263,1.8163726684881079,"1,24,31,48","32,33,44,51",student_concept_state_buffers
assist_09,27010,self_only,original,1.0,0.45805737376213074,0.7807608324906183,82,,student_concept_state_buffers
assist_09,27010,self_only,target_concept_mask,1.0,0.6483661532402039,0.4332996909146238,82,82,student_concept_state_buffers
assist_09,27010,self_only,random_history_mask,1.0,0.45805737376213074,0.7807608324906183,82,32,student_concept_state_buffers
assist_09,27039,self_only,original,1.0,0.6857210397720337,0.3772843815224266,79,,student_concept_state_buffers
assist_09,27039,self_only,target_concept_mask,1.0,0.8194846510887146,0.19907961057863915,79,79,student_concept_state_buffers
assist_09,27039,self_only,random_history_mask,1.0,0.6857210397720337,0.3772843815224266,79,45,student_concept_state_buffers
assist_09,27113,self_only,original,1.0,0.9030086398124695,0.10202315771228639,"45,55",,student_concept_state_buffers
assist_09,27113,self_only,target_concept_mask,1.0,0.8457678556442261,0.16751035934290626,"45,55","45,55",student_concept_state_buffers
assist_09,27113,self_only,random_history_mask,1.0,0.9030086398124695,0.10202315771228639,"45,55","39,58",student_concept_state_buffers
assist_09,27132,self_only,original,1.0,0.9021787047386169,0.1029426579900079,82,,student_concept_state_buffers
assist_09,27132,self_only,target_concept_mask,1.0,0.9022414684295654,0.10287309138694382,82,82,student_concept_state_buffers
assist_09,27132,self_only,random_history_mask,1.0,0.9021787047386169,0.1029426579900079,82,46,student_concept_state_buffers
assist_09,27185,self_only,original,0.0,0.8751590847969055,2.0807150305979834,56,,student_concept_state_buffers
assist_09,27185,self_only,target_concept_mask,0.0,0.9048999547958374,2.3528258340979655,56,56,student_concept_state_buffers
assist_09,27185,self_only,random_history_mask,0.0,0.8751590847969055,2.0807150305979834,56,79,student_concept_state_buffers
assist_09,27522,self_only,original,1.0,0.962774932384491,0.037935609572853454,30,,student_concept_state_buffers
assist_09,27522,self_only,target_concept_mask,1.0,0.9503708481788635,0.05090300405666442,30,30,student_concept_state_buffers
assist_09,27522,self_only,random_history_mask,1.0,0.962774932384491,0.037935609572853454,30,45,student_concept_state_buffers
assist_09,27531,self_only,original,0.0,0.8914723992347717,2.2207507534190043,"6,40",,student_concept_state_buffers
assist_09,27531,self_only,target_concept_mask,0.0,0.9461614489555359,2.9217655062577292,"6,40","6,40",student_concept_state_buffers
assist_09,27531,self_only,random_history_mask,0.0,0.8914723992347717,2.2207507534190043,"6,40","4,80",student_concept_state_buffers
assist_09,27546,self_only,original,0.0,0.41348767280578613,0.5335615928755332,103,,student_concept_state_buffers
assist_09,27546,self_only,target_concept_mask,0.0,0.3264274597167969,0.3951595824977822,103,103,student_concept_state_buffers
assist_09,27546,self_only,random_history_mask,0.0,0.41348767280578613,0.5335615928755332,103,80,student_concept_state_buffers
assist_09,27601,self_only,original,1.0,0.6731319427490234,0.39581391691999773,60,,student_concept_state_buffers
assist_09,27601,self_only,target_concept_mask,1.0,0.7565348148345947,0.2790067258812694,60,60,student_concept_state_buffers
assist_09,27601,self_only,random_history_mask,1.0,0.6731319427490234,0.39581391691999773,60,39,student_concept_state_buffers
assist_09,27686,self_only,original,1.0,0.8757527470588684,0.13267148010230287,82,,student_concept_state_buffers
assist_09,27686,self_only,target_concept_mask,1.0,0.9169092178344727,0.08674681071640267,82,82,student_concept_state_buffers
assist_09,27686,self_only,random_history_mask,1.0,0.8757527470588684,0.13267148010230287,82,45,student_concept_state_buffers
assist_09,27747,self_only,original,1.0,0.6139023900032043,0.48791933740883947,79,,student_concept_state_buffers
assist_09,27747,self_only,target_concept_mask,1.0,0.6252008080482483,0.4696823879720418,79,79,student_concept_state_buffers
assist_09,27747,self_only,random_history_mask,1.0,0.6139023900032043,0.48791933740883947,79,30,student_concept_state_buffers
assist_09,28168,self_only,original,1.0,0.1799921840429306,1.7148418510184071,42,,student_concept_state_buffers
assist_09,28168,self_only,target_concept_mask,1.0,0.3718990385532379,0.9891328632837152,42,42,student_concept_state_buffers
assist_09,28168,self_only,random_history_mask,1.0,0.1799921840429306,1.7148418510184071,42,32,student_concept_state_buffers
assist_09,28181,self_only,original,0.0,0.06367532163858414,0.0657929840617582,47,,student_concept_state_buffers
assist_09,28181,self_only,target_concept_mask,0.0,0.08848204463720322,0.0926439863599081,47,47,student_concept_state_buffers
assist_09,28181,self_only,random_history_mask,0.0,0.06367532163858414,0.0657929840617582,47,14,student_concept_state_buffers
assist_09,28419,self_only,original,1.0,0.3821132779121399,0.9620381752975565,49,,student_concept_state_buffers
assist_09,28419,self_only,target_concept_mask,1.0,0.5311703681945801,0.6326724651420566,49,49,student_concept_state_buffers
assist_09,28419,self_only,random_history_mask,1.0,0.3821132779121399,0.9620381752975565,49,20,student_concept_state_buffers
assist_09,28549,self_only,original,1.0,0.972046971321106,0.028351151284854395,56,,student_concept_state_buffers
assist_09,28549,self_only,target_concept_mask,1.0,0.9565380215644836,0.04443474017102826,56,56,student_concept_state_buffers
assist_09,28549,self_only,random_history_mask,1.0,0.972046971321106,0.028351151284854395,56,,student_concept_state_buffers
assist_09,28557,self_only,original,1.0,0.825295090675354,0.19201427093462864,56,,student_concept_state_buffers
assist_09,28557,self_only,target_concept_mask,1.0,0.92973792552948,0.07285253305399449,56,56,student_concept_state_buffers
assist_09,28557,self_only,random_history_mask,1.0,0.825295090675354,0.19201427093462864,56,,student_concept_state_buffers
assist_09,28686,self_only,original,1.0,0.20163361728191376,1.6013030042961127,30,,student_concept_state_buffers
assist_09,28686,self_only,target_concept_mask,1.0,0.5413621068000793,0.6136668953853802,30,30,student_concept_state_buffers
assist_09,28686,self_only,random_history_mask,1.0,0.20163361728191376,1.6013030042961127,30,1,student_concept_state_buffers
assist_09,28862,self_only,original,0.0,0.22874733805656433,0.25973925230212863,30,,student_concept_state_buffers
assist_09,28862,self_only,target_concept_mask,0.0,0.4415314197540283,0.5825569194484559,30,30,student_concept_state_buffers
assist_09,28862,self_only,random_history_mask,0.0,0.22874733805656433,0.25973925230212863,30,44,student_concept_state_buffers
assist_09,28866,self_only,original,0.0,0.5204892158508301,0.734988894506607,30,,student_concept_state_buffers
assist_09,28866,self_only,target_concept_mask,0.0,0.7662304043769836,1.4534192827846921,30,30,student_concept_state_buffers
assist_09,28866,self_only,random_history_mask,0.0,0.5204892158508301,0.734988894506607,30,,student_concept_state_buffers
assist_09,28890,self_only,original,1.0,0.33777472376823425,1.0853761034345857,48,,student_concept_state_buffers
assist_09,28890,self_only,target_concept_mask,1.0,0.5165733098983765,0.6605380645827243,48,48,student_concept_state_buffers
assist_09,28890,self_only,random_history_mask,1.0,0.33777472376823425,1.0853761034345857,48,1,student_concept_state_buffers
assist_09,28964,self_only,original,0.0,0.8101161122322083,1.661342510641386,30,,student_concept_state_buffers
assist_09,28964,self_only,target_concept_mask,0.0,0.9212754368782043,2.5418000614319056,30,30,student_concept_state_buffers
assist_09,28964,self_only,random_history_mask,0.0,0.8101161122322083,1.661342510641386,30,,student_concept_state_buffers
assist_09,29019,self_only,original,1.0,0.7544928193092346,0.281709517970967,32,,student_concept_state_buffers
assist_09,29019,self_only,target_concept_mask,1.0,0.7967808842658997,0.22717556362967437,32,32,student_concept_state_buffers
assist_09,29019,self_only,random_history_mask,1.0,0.7544928193092346,0.281709517970967,32,1,student_concept_state_buffers
assist_09,29108,self_only,original,1.0,0.8061325550079346,0.21550708969001148,32,,student_concept_state_buffers
assist_09,29108,self_only,target_concept_mask,1.0,0.838105320930481,0.17661150509599716,32,32,student_concept_state_buffers
assist_09,29108,self_only,random_history_mask,1.0,0.8061325550079346,0.21550708969001148,32,17,student_concept_state_buffers
assist_09,29356,self_only,original,0.0,0.5072861909866333,0.7078267826007681,82,,student_concept_state_buffers
assist_09,29356,self_only,target_concept_mask,0.0,0.5487996935844421,0.7958438996860232,82,82,student_concept_state_buffers
assist_09,29356,self_only,random_history_mask,0.0,0.5072861909866333,0.7078267826007681,82,37,student_concept_state_buffers
assist_09,29369,self_only,original,1.0,0.8224986791610718,0.19540840222709494,98,,student_concept_state_buffers
assist_09,29369,self_only,target_concept_mask,1.0,0.953062891960144,0.048074383843150104,98,98,student_concept_state_buffers
assist_09,29369,self_only,random_history_mask,1.0,0.8224986791610718,0.19540840222709494,98,59,student_concept_state_buffers
assist_09,29419,self_only,original,1.0,0.9073777198791504,0.09719646585673125,4,,student_concept_state_buffers
assist_09,29419,self_only,target_concept_mask,1.0,0.9539016485214233,0.04719470664143817,4,4,student_concept_state_buffers
assist_09,29419,self_only,random_history_mask,1.0,0.9073777198791504,0.09719646585673125,4,11,student_concept_state_buffers
assist_09,29460,self_only,original,0.0,0.34599605202674866,0.42464189088681126,"5,8",,student_concept_state_buffers
assist_09,29460,self_only,target_concept_mask,0.0,0.45739778876304626,0.6113788035039919,"5,8","5,8",student_concept_state_buffers
assist_09,29460,self_only,random_history_mask,0.0,0.34599605202674866,0.42464189088681126,"5,8","6,44",student_concept_state_buffers
assist_09,29895,self_only,original,0.0,0.13650433719158173,0.14676640421239762,82,,student_concept_state_buffers
assist_09,29895,self_only,target_concept_mask,0.0,0.5637338161468506,0.8295027084959521,82,82,student_concept_state_buffers
assist_09,29895,self_only,random_history_mask,0.0,0.13650433719158173,0.14676640421239762,82,37,student_concept_state_buffers
assist_09,29908,self_only,original,1.0,0.8707006573677063,0.13845703816024874,79,,student_concept_state_buffers
assist_09,29908,self_only,target_concept_mask,1.0,0.8527564406394958,0.1592813049244566,79,79,student_concept_state_buffers
assist_09,29908,self_only,random_history_mask,1.0,0.8707006573677063,0.13845703816024874,79,78,student_concept_state_buffers
assist_09,29959,self_only,original,1.0,0.6949124336242676,0.36396943614058114,38,,student_concept_state_buffers
assist_09,29959,self_only,target_concept_mask,1.0,0.730539083480835,0.31397254685319964,38,38,student_concept_state_buffers
assist_09,29959,self_only,random_history_mask,1.0,0.6949124336242676,0.36396943614058114,38,34,student_concept_state_buffers
assist_09,30075,self_only,original,1.0,0.842981219291687,0.1708105996487494,79,,student_concept_state_buffers
assist_09,30075,self_only,target_concept_mask,1.0,0.8387115001678467,0.1758884931889778,79,79,student_concept_state_buffers
assist_09,30075,self_only,random_history_mask,1.0,0.842981219291687,0.1708105996487494,79,38,student_concept_state_buffers
assist_09,30464,self_only,original,1.0,0.8383087515830994,0.1763688077135874,30,,student_concept_state_buffers
assist_09,30464,self_only,target_concept_mask,1.0,0.8724128603935242,0.13649250336771324,30,30,student_concept_state_buffers
assist_09,30464,self_only,random_history_mask,1.0,0.8383087515830994,0.1763688077135874,30,32,student_concept_state_buffers
assist_09,30606,self_only,original,1.0,0.8542076945304871,0.1575809127360545,79,,student_concept_state_buffers
assist_09,30606,self_only,target_concept_mask,1.0,0.8094110488891602,0.21144839591799947,79,79,student_concept_state_buffers
assist_09,30606,self_only,random_history_mask,1.0,0.8542076945304871,0.1575809127360545,79,34,student_concept_state_buffers
assist_09,30691,self_only,original,0.0,0.39215418696403503,0.4978340261574425,79,,student_concept_state_buffers
assist_09,30691,self_only,target_concept_mask,0.0,0.6729363203048706,1.1176003879152503,79,79,student_concept_state_buffers
assist_09,30691,self_only,random_history_mask,0.0,0.39215418696403503,0.4978340261574425,79,82,student_concept_state_buffers
assist_09,30920,self_only,original,0.0,0.4040728807449341,0.5176369025230627,79,,student_concept_state_buffers
assist_09,30920,self_only,target_concept_mask,0.0,0.8352298140525818,1.8032035883862856,79,79,student_concept_state_buffers
assist_09,30920,self_only,random_history_mask,0.0,0.4040728807449341,0.5176369025230627,79,58,student_concept_state_buffers
assist_09,30951,self_only,original,0.0,0.7144210338592529,1.2532366991954242,33,,student_concept_state_buffers
assist_09,30951,self_only,target_concept_mask,0.0,0.8478715419769287,1.88302999647465,33,33,student_concept_state_buffers
assist_09,30951,self_only,random_history_mask,0.0,0.7144210338592529,1.2532366991954242,33,37,student_concept_state_buffers
assist_09,31279,self_only,original,1.0,0.9726072549819946,0.02777492167157566,34,,student_concept_state_buffers
assist_09,31279,self_only,target_concept_mask,1.0,0.9604974389076233,0.040303963192881445,34,34,student_concept_state_buffers
assist_09,31279,self_only,random_history_mask,1.0,0.9726072549819946,0.02777492167157566,34,53,student_concept_state_buffers
assist_09,31471,self_only,original,1.0,0.9255232810974121,0.0773959921283934,42,,student_concept_state_buffers
assist_09,31471,self_only,target_concept_mask,1.0,0.9109669327735901,0.09324868010478791,42,42,student_concept_state_buffers
assist_09,31471,self_only,random_history_mask,1.0,0.9255232810974121,0.0773959921283934,42,34,student_concept_state_buffers
assist_09,31481,self_only,original,1.0,0.8067353963851929,0.21475954999860564,79,,student_concept_state_buffers
assist_09,31481,self_only,target_concept_mask,1.0,0.6787934899330139,0.38743833622048046,79,79,student_concept_state_buffers
assist_09,31481,self_only,random_history_mask,1.0,0.8067353963851929,0.21475954999860564,79,42,student_concept_state_buffers
assist_09,31514,self_only,original,1.0,0.7831720113754272,0.24440292464618474,82,,student_concept_state_buffers
assist_09,31514,self_only,target_concept_mask,1.0,0.8452588319778442,0.16811238849535184,82,82,student_concept_state_buffers
assist_09,31514,self_only,random_history_mask,1.0,0.7831720113754272,0.24440292464618474,82,53,student_concept_state_buffers
assist_09,31655,self_only,original,1.0,0.12182142585515976,2.1051990290358304,79,,student_concept_state_buffers
assist_09,31655,self_only,target_concept_mask,1.0,0.43630465865135193,0.829414521276409,79,79,student_concept_state_buffers
assist_09,31655,self_only,random_history_mask,1.0,0.12182142585515976,2.1051990290358304,79,80,student_concept_state_buffers
assist_09,31717,self_only,original,1.0,0.7126344442367554,0.33878669097412045,32,,student_concept_state_buffers
assist_09,31717,self_only,target_concept_mask,1.0,0.8513136506080627,0.16097465120592802,32,32,student_concept_state_buffers
assist_09,31717,self_only,random_history_mask,1.0,0.7126344442367554,0.33878669097412045,32,81,student_concept_state_buffers
assist_09,31749,self_only,original,1.0,0.21792475879192352,1.5236054189249697,33,,student_concept_state_buffers
assist_09,31749,self_only,target_concept_mask,1.0,0.6845078468322754,0.3790551707221517,33,33,student_concept_state_buffers
assist_09,31749,self_only,random_history_mask,1.0,0.21792475879192352,1.5236054189249697,33,79,student_concept_state_buffers
assist_09,31877,self_only,original,0.0,0.7197261452674866,1.2719881011785925,82,,student_concept_state_buffers
assist_09,31877,self_only,target_concept_mask,0.0,0.6777969598770142,1.1325733727686131,82,82,student_concept_state_buffers
assist_09,31877,self_only,random_history_mask,0.0,0.7197261452674866,1.2719881011785925,82,55,student_concept_state_buffers
assist_09,31950,self_only,original,0.0,0.36821243166923523,0.45920206739722164,82,,student_concept_state_buffers
assist_09,31950,self_only,target_concept_mask,0.0,0.7127028703689575,1.2472383038889792,82,82,student_concept_state_buffers
assist_09,31950,self_only,random_history_mask,0.0,0.36821243166923523,0.45920206739722164,82,37,student_concept_state_buffers
assist_09,32031,self_only,original,1.0,0.5263210535049438,0.6418438845630178,"37,55",,student_concept_state_buffers
assist_09,32031,self_only,target_concept_mask,1.0,0.74798184633255,0.29037657091106184,"37,55","37,55",student_concept_state_buffers
assist_09,32031,self_only,random_history_mask,1.0,0.5263210535049438,0.6418438845630178,"37,55","30,45",student_concept_state_buffers
assist_09,32140,self_only,original,1.0,0.4330151379108429,0.836982591057628,81,,student_concept_state_buffers
assist_09,32140,self_only,target_concept_mask,1.0,0.85321444272995,0.15874436480909757,81,81,student_concept_state_buffers
assist_09,32140,self_only,random_history_mask,1.0,0.4330151379108429,0.836982591057628,81,55,student_concept_state_buffers
assist_09,32322,self_only,original,0.0,0.9403207302093506,2.8187705585728553,99,,student_concept_state_buffers
assist_09,32322,self_only,target_concept_mask,0.0,0.9743477702140808,3.6631247799187387,99,99,student_concept_state_buffers
assist_09,32322,self_only,random_history_mask,0.0,0.9403207302093506,2.8187705585728553,99,63,student_concept_state_buffers
assist_09,32568,self_only,original,0.0,0.23934943974018097,0.27358121151924564,79,,student_concept_state_buffers
assist_09,32568,self_only,target_concept_mask,0.0,0.5867212414741516,0.8836329535932214,79,79,student_concept_state_buffers
assist_09,32568,self_only,random_history_mask,0.0,0.23934943974018097,0.27358121151924564,79,36,student_concept_state_buffers
assist_09,32613,self_only,original,0.0,0.18163415789604187,0.2004458026253811,8,,student_concept_state_buffers
assist_09,32613,self_only,target_concept_mask,0.0,0.4072771966457367,0.5230284372414743,8,8,student_concept_state_buffers
assist_09,32613,self_only,random_history_mask,0.0,0.18163415789604187,0.2004458026253811,8,19,student_concept_state_buffers
assist_09,32691,self_only,original,1.0,0.6357021927833557,0.45302507564607597,81,,student_concept_state_buffers
assist_09,32691,self_only,target_concept_mask,1.0,0.8158441781997681,0.20353190034136678,81,81,student_concept_state_buffers
assist_09,32691,self_only,random_history_mask,1.0,0.6357021927833557,0.45302507564607597,81,88,student_concept_state_buffers
assist_09,32736,self_only,original,0.0,0.735744833946228,1.3308401045505232,98,,student_concept_state_buffers
assist_09,32736,self_only,target_concept_mask,0.0,0.9032150506973267,2.335263779198648,98,98,student_concept_state_buffers
assist_09,32736,self_only,random_history_mask,0.0,0.735744833946228,1.3308401045505232,98,101,student_concept_state_buffers
assist_09,32828,self_only,original,1.0,0.45108598470687866,0.7960973041994593,26,,student_concept_state_buffers
assist_09,32828,self_only,target_concept_mask,1.0,0.6930004358291626,0.366724650890321,26,26,student_concept_state_buffers
assist_09,32828,self_only,random_history_mask,1.0,0.45108598470687866,0.7960973041994593,26,98,student_concept_state_buffers
assist_09,32954,self_only,original,1.0,0.5987184047698975,0.5129639003008546,81,,student_concept_state_buffers
assist_09,32954,self_only,target_concept_mask,1.0,0.8513606190681458,0.1609194809823199,81,81,student_concept_state_buffers
assist_09,32954,self_only,random_history_mask,1.0,0.5987184047698975,0.5129639003008546,81,9,student_concept_state_buffers
assist_09,33119,self_only,original,0.0,0.0916491150856018,0.0961245378980467,79,,student_concept_state_buffers
assist_09,33119,self_only,target_concept_mask,0.0,0.27276578545570374,0.31850668752229283,79,79,student_concept_state_buffers
assist_09,33119,self_only,random_history_mask,0.0,0.0916491150856018,0.0961245378980467,79,81,student_concept_state_buffers
assist_09,33158,self_only,original,1.0,0.8495346903800964,0.16306650247073481,52,,student_concept_state_buffers
assist_09,33158,self_only,target_concept_mask,1.0,0.8946425914764404,0.11133097959685596,52,52,student_concept_state_buffers
assist_09,33158,self_only,random_history_mask,1.0,0.8495346903800964,0.16306650247073481,52,18,student_concept_state_buffers
assist_09,33275,self_only,original,0.0,0.19063346087932587,0.21150338774495198,49,,student_concept_state_buffers
assist_09,33275,self_only,target_concept_mask,0.0,0.44771817326545715,0.5936968073157278,49,49,student_concept_state_buffers
assist_09,33275,self_only,random_history_mask,0.0,0.19063346087932587,0.21150338774495198,49,85,student_concept_state_buffers
assist_09,33290,self_only,original,0.0,0.44823554158210754,0.5946340295345403,29,,student_concept_state_buffers
assist_09,33290,self_only,target_concept_mask,0.0,0.884382426738739,2.157467316466422,29,29,student_concept_state_buffers
assist_09,33290,self_only,random_history_mask,0.0,0.44823554158210754,0.5946340295345403,29,33,student_concept_state_buffers
assist_09,33484,self_only,original,0.0,0.5002557635307312,0.6936588384960075,50,,student_concept_state_buffers
assist_09,33484,self_only,target_concept_mask,0.0,0.6243658661842346,0.9791396576734522,50,50,student_concept_state_buffers
assist_09,33484,self_only,random_history_mask,0.0,0.5002557635307312,0.6936588384960075,50,51,student_concept_state_buffers
assist_09,33491,self_only,original,0.0,0.20787738263607025,0.233039079247124,51,,student_concept_state_buffers
assist_09,33491,self_only,target_concept_mask,0.0,0.32647961378097534,0.39523701451925375,51,51,student_concept_state_buffers
assist_09,33491,self_only,random_history_mask,0.0,0.20787738263607025,0.233039079247124,51,44,student_concept_state_buffers
assist_09,33697,self_only,original,1.0,0.27107512950897217,1.3053592658633408,52,,student_concept_state_buffers
assist_09,33697,self_only,target_concept_mask,1.0,0.6920056939125061,0.3681610952010558,52,52,student_concept_state_buffers
assist_09,33697,self_only,random_history_mask,1.0,0.27107512950897217,1.3053592658633408,52,58,student_concept_state_buffers
assist_09,33754,self_only,original,1.0,0.9689192175865173,0.03157403735035413,"6,14",,student_concept_state_buffers
assist_09,33754,self_only,target_concept_mask,1.0,0.9589776396751404,0.04188752066339499,"6,14","6,14",student_concept_state_buffers
assist_09,33754,self_only,random_history_mask,1.0,0.9689192175865173,0.03157403735035413,"6,14","49,55",student_concept_state_buffers
assist_09,33786,self_only,original,1.0,0.9660030007362366,0.03458833842223198,34,,student_concept_state_buffers
assist_09,33786,self_only,target_concept_mask,1.0,0.9446061253547668,0.056987236939444165,34,34,student_concept_state_buffers
assist_09,33786,self_only,random_history_mask,1.0,0.9660030007362366,0.03458833842223198,34,48,student_concept_state_buffers
assist_09,33788,self_only,original,1.0,0.8861626386642456,0.12085478013926591,81,,student_concept_state_buffers
assist_09,33788,self_only,target_concept_mask,1.0,0.9096584320068359,0.09468609937551323,81,81,student_concept_state_buffers
assist_09,33788,self_only,random_history_mask,1.0,0.8861626386642456,0.12085478013926591,81,30,student_concept_state_buffers
assist_09,34020,self_only,original,0.0,0.14262592792510986,0.15388096544941293,53,,student_concept_state_buffers
assist_09,34020,self_only,target_concept_mask,0.0,0.45121487975120544,0.6000483161873135,53,53,student_concept_state_buffers
assist_09,34020,self_only,random_history_mask,0.0,0.14262592792510986,0.15388096544941293,53,41,student_concept_state_buffers
assist_09,34271,self_only,original,1.0,0.8116143941879272,0.20872993561859443,81,,student_concept_state_buffers
assist_09,34271,self_only,target_concept_mask,1.0,0.799831748008728,0.22335388842259843,81,81,student_concept_state_buffers
assist_09,34271,self_only,random_history_mask,1.0,0.8116143941879272,0.20872993561859443,81,80,student_concept_state_buffers
assist_09,34375,self_only,original,1.0,0.5077400803565979,0.6777856151839784,41,,student_concept_state_buffers
assist_09,34375,self_only,target_concept_mask,1.0,0.6782484650611877,0.3882415905327371,41,41,student_concept_state_buffers
assist_09,34375,self_only,random_history_mask,1.0,0.5077400803565979,0.6777856151839784,41,34,student_concept_state_buffers
assist_09,34449,self_only,original,1.0,0.860298216342926,0.15047618665359436,52,,student_concept_state_buffers
assist_09,34449,self_only,target_concept_mask,1.0,0.8293988704681396,0.18705409303702453,52,52,student_concept_state_buffers
assist_09,34449,self_only,random_history_mask,1.0,0.860298216342926,0.15047618665359436,52,13,student_concept_state_buffers
assist_09,34515,self_only,original,0.0,0.2308116853237152,0.26241945691139573,30,,student_concept_state_buffers
assist_09,34515,self_only,target_concept_mask,0.0,0.6066755056381226,0.9331203224043632,30,30,student_concept_state_buffers
assist_09,34515,self_only,random_history_mask,0.0,0.2308116853237152,0.26241945691139573,30,36,student_concept_state_buffers
assist_09,34543,self_only,original,1.0,0.4778466820716858,0.7384653467455855,36,,student_concept_state_buffers
assist_09,34543,self_only,target_concept_mask,1.0,0.783747673034668,0.24366815605419184,36,36,student_concept_state_buffers
assist_09,34543,self_only,random_history_mask,1.0,0.4778466820716858,0.7384653467455855,36,98,student_concept_state_buffers
assist_09,34681,self_only,original,1.0,0.46592724323272705,0.7637257874479845,32,,student_concept_state_buffers
assist_09,34681,self_only,target_concept_mask,1.0,0.7449090480804443,0.29449315116882496,32,32,student_concept_state_buffers
assist_09,34681,self_only,random_history_mask,1.0,0.46592724323272705,0.7637257874479845,32,56,student_concept_state_buffers
assist_09,34814,self_only,original,0.0,0.5570642948150635,0.8143306544928246,30,,student_concept_state_buffers
assist_09,34814,self_only,target_concept_mask,0.0,0.724263072013855,1.2883080272808234,30,30,student_concept_state_buffers
assist_09,34814,self_only,random_history_mask,0.0,0.5570642948150635,0.8143306544928246,30,42,student_concept_state_buffers
assist_09,34943,self_only,original,0.0,0.8402405381202698,1.8340859581843922,56,,student_concept_state_buffers
assist_09,34943,self_only,target_concept_mask,0.0,0.8189464807510376,1.708962604964581,56,56,student_concept_state_buffers
assist_09,34943,self_only,random_history_mask,0.0,0.8402405381202698,1.8340859581843922,56,32,student_concept_state_buffers
assist_09,35067,self_only,original,1.0,0.25255587697029114,1.376122759816988,49,,student_concept_state_buffers
assist_09,35067,self_only,target_concept_mask,1.0,0.5833507180213928,0.5389666988543796,49,49,student_concept_state_buffers
assist_09,35067,self_only,random_history_mask,1.0,0.25255587697029114,1.376122759816988,49,51,student_concept_state_buffers
assist_09,35150,self_only,original,1.0,0.6673688888549805,0.40441232919194153,98,,student_concept_state_buffers
assist_09,35150,self_only,target_concept_mask,1.0,0.8004179000854492,0.22262131259777845,98,98,student_concept_state_buffers
assist_09,35150,self_only,random_history_mask,1.0,0.6673688888549805,0.40441232919194153,98,59,student_concept_state_buffers
assist_09,35261,self_only,original,1.0,0.7130851149559021,0.33815448987783725,44,,student_concept_state_buffers
assist_09,35261,self_only,target_concept_mask,1.0,0.8640022277832031,0.14617993172862423,44,44,student_concept_state_buffers
assist_09,35261,self_only,random_history_mask,1.0,0.7130851149559021,0.33815448987783725,44,55,student_concept_state_buffers
assist_09,35343,self_only,original,1.0,0.8268691897392273,0.19010877090800263,82,,student_concept_state_buffers
assist_09,35343,self_only,target_concept_mask,1.0,0.7965300679206848,0.22749040028719236,82,82,student_concept_state_buffers
assist_09,35343,self_only,random_history_mask,1.0,0.8268691897392273,0.19010877090800263,82,13,student_concept_state_buffers
assist_09,35344,self_only,original,1.0,0.8686590194702148,0.14080461337694433,82,,student_concept_state_buffers
assist_09,35344,self_only,target_concept_mask,1.0,0.8445664644241333,0.1689318431383013,82,82,student_concept_state_buffers
assist_09,35344,self_only,random_history_mask,1.0,0.8686590194702148,0.14080461337694433,82,80,student_concept_state_buffers
assist_09,35412,self_only,original,1.0,0.7656424045562744,0.26704005302575967,"12,13",,student_concept_state_buffers
assist_09,35412,self_only,target_concept_mask,1.0,0.7261329293251038,0.32002218267383403,"12,13","12,13",student_concept_state_buffers
assist_09,35412,self_only,random_history_mask,1.0,0.7656424045562744,0.26704005302575967,"12,13","9,78",student_concept_state_buffers
assist_09,35480,self_only,original,0.0,0.8263148665428162,1.7505111968637326,122,,student_concept_state_buffers
assist_09,35480,self_only,target_concept_mask,0.0,0.909919798374176,2.4070548762959265,122,122,student_concept_state_buffers
assist_09,35480,self_only,random_history_mask,0.0,0.8263148665428162,1.7505111968637326,122,114,student_concept_state_buffers
assist_09,35590,self_only,original,0.0,0.19344459474086761,0.2149826853770803,"12,13",,student_concept_state_buffers
assist_09,35590,self_only,target_concept_mask,0.0,0.28689876198768616,0.33813187985022214,"12,13","12,13",student_concept_state_buffers
assist_09,35590,self_only,random_history_mask,0.0,0.19344459474086761,0.2149826853770803,"12,13","38,72",student_concept_state_buffers
assist_09,35596,self_only,original,1.0,0.872086763381958,0.13686636073164732,55,,student_concept_state_buffers
assist_09,35596,self_only,target_concept_mask,1.0,0.8447997570037842,0.16865565366774746,55,55,student_concept_state_buffers
assist_09,35596,self_only,random_history_mask,1.0,0.872086763381958,0.13686636073164732,55,38,student_concept_state_buffers
assist_09,36089,self_only,original,0.0,0.0768851712346077,0.0800016440208181,92,,student_concept_state_buffers
assist_09,36089,self_only,target_concept_mask,0.0,0.23377053439617157,0.2662735906502446,92,92,student_concept_state_buffers
assist_09,36089,self_only,random_history_mask,0.0,0.0768851712346077,0.0800016440208181,92,22,student_concept_state_buffers
assist_09,36366,self_only,original,0.0,0.17261815071105957,0.18948896224047854,"5,8",,student_concept_state_buffers
assist_09,36366,self_only,target_concept_mask,0.0,0.21251891553401947,0.23891592829656616,"5,8","5,8",student_concept_state_buffers
assist_09,36366,self_only,random_history_mask,0.0,0.17261815071105957,0.18948896224047854,"5,8","49,56",student_concept_state_buffers
assist_09,36462,self_only,original,0.0,0.9616228342056274,3.2602926370289467,"5,10",,student_concept_state_buffers
assist_09,36462,self_only,target_concept_mask,0.0,0.9689701199531555,3.472804666244935,"5,10","5,10",student_concept_state_buffers
assist_09,36462,self_only,random_history_mask,0.0,0.9616228342056274,3.2602926370289467,"5,10","7,44",student_concept_state_buffers
assist_09,36489,self_only,original,0.0,0.28509196639060974,0.3356013688834781,106,,student_concept_state_buffers
assist_09,36489,self_only,target_concept_mask,0.0,0.6519190073013306,1.055320088647011,106,106,student_concept_state_buffers
assist_09,36489,self_only,random_history_mask,0.0,0.28509196639060974,0.3356013688834781,106,7,student_concept_state_buffers
assist_09,36570,self_only,original,0.0,0.360201895236969,0.44660261370456883,119,,student_concept_state_buffers
assist_09,36570,self_only,target_concept_mask,0.0,0.6472857594490051,1.042097066737251,119,119,student_concept_state_buffers
assist_09,36570,self_only,random_history_mask,0.0,0.360201895236969,0.44660261370456883,119,1,student_concept_state_buffers
assist_09,36590,self_only,original,1.0,0.8937339186668396,0.11234717823583702,98,,student_concept_state_buffers
assist_09,36590,self_only,target_concept_mask,1.0,0.9233114123344421,0.079788709904722,98,98,student_concept_state_buffers
assist_09,36590,self_only,random_history_mask,1.0,0.8937339186668396,0.11234717823583702,98,8,student_concept_state_buffers
assist_09,36618,self_only,original,0.0,0.4989624619483948,0.6910742544533945,106,,student_concept_state_buffers
assist_09,36618,self_only,target_concept_mask,0.0,0.5195364952087402,0.7330040060239498,106,106,student_concept_state_buffers
assist_09,36618,self_only,random_history_mask,0.0,0.4989624619483948,0.6910742544533945,106,8,student_concept_state_buffers
assist_09,36701,self_only,original,1.0,0.7152023315429688,0.335189795140774,98,,student_concept_state_buffers
assist_09,36701,self_only,target_concept_mask,1.0,0.7665647268295288,0.26583613957859803,98,98,student_concept_state_buffers
assist_09,36701,self_only,random_history_mask,1.0,0.7152023315429688,0.335189795140774,98,56,student_concept_state_buffers
assist_09,36883,self_only,original,0.0,0.5965362191200256,0.9076685576802627,7,,student_concept_state_buffers
assist_09,36883,self_only,target_concept_mask,0.0,0.8159756064414978,1.6926869564727542,7,7,student_concept_state_buffers
assist_09,36883,self_only,random_history_mask,0.0,0.5965362191200256,0.9076685576802627,7,61,student_concept_state_buffers
assist_09,36895,self_only,original,1.0,0.5980903506278992,0.5140134484376283,106,,student_concept_state_buffers
assist_09,36895,self_only,target_concept_mask,1.0,0.6644952297210693,0.4087275796039357,106,106,student_concept_state_buffers
assist_09,36895,self_only,random_history_mask,1.0,0.5980903506278992,0.5140134484376283,106,98,student_concept_state_buffers
assist_09,36950,self_only,original,0.0,0.4290046691894531,0.5603742465740142,"5,9",,student_concept_state_buffers
assist_09,36950,self_only,target_concept_mask,0.0,0.6873553395271301,1.1626880034039033,"5,9","5,9",student_concept_state_buffers
assist_09,36950,self_only,random_history_mask,0.0,0.4290046691894531,0.5603742465740142,"5,9","8,98",student_concept_state_buffers
assist_09,36970,self_only,original,0.0,0.09084625542163849,0.09524106315673772,"22,43",,student_concept_state_buffers
assist_09,36970,self_only,target_concept_mask,0.0,0.23427033424377441,0.26692608829865344,"22,43","22,43",student_concept_state_buffers
assist_09,36970,self_only,random_history_mask,0.0,0.09084625542163849,0.09524106315673772,"22,43","36,55",student_concept_state_buffers
assist_09,37041,self_only,original,1.0,0.9522982835769653,0.048876970181151225,30,,student_concept_state_buffers
assist_09,37041,self_only,target_concept_mask,1.0,0.944079577922821,0.057544817742511446,30,30,student_concept_state_buffers
assist_09,37041,self_only,random_history_mask,1.0,0.9522982835769653,0.048876970181151225,30,32,student_concept_state_buffers
assist_09,37234,self_only,original,1.0,0.7221681475639343,0.3254972758415045,62,,student_concept_state_buffers
assist_09,37234,self_only,target_concept_mask,1.0,0.8033969402313232,0.218906365588824,62,62,student_concept_state_buffers
assist_09,37234,self_only,random_history_mask,1.0,0.7221681475639343,0.3254972758415045,62,42,student_concept_state_buffers
assist_09,37271,self_only,original,1.0,0.8515332937240601,0.16071667955680657,59,,student_concept_state_buffers
assist_09,37271,self_only,target_concept_mask,1.0,0.8234724998474121,0.19422512415712131,59,59,student_concept_state_buffers
assist_09,37271,self_only,random_history_mask,1.0,0.8515332937240601,0.16071667955680657,59,92,student_concept_state_buffers
assist_09,37315,self_only,original,1.0,0.5460242033004761,0.6050919758305557,97,,student_concept_state_buffers
assist_09,37315,self_only,target_concept_mask,1.0,0.5831170082092285,0.5393674125818769,97,97,student_concept_state_buffers
assist_09,37315,self_only,random_history_mask,1.0,0.5460242033004761,0.6050919758305557,97,59,student_concept_state_buffers
assist_09,37388,self_only,original,1.0,0.2173050194978714,1.5264532925945868,97,,student_concept_state_buffers
assist_09,37388,self_only,target_concept_mask,1.0,0.5424129366874695,0.611727691815397,97,97,student_concept_state_buffers
assist_09,37388,self_only,random_history_mask,1.0,0.2173050194978714,1.5264532925945868,97,38,student_concept_state_buffers
assist_09,37470,self_only,original,0.0,0.4756114184856415,0.6455223017111249,96,,student_concept_state_buffers
assist_09,37470,self_only,target_concept_mask,0.0,0.3085237741470337,0.368926509013589,96,96,student_concept_state_buffers
assist_09,37470,self_only,random_history_mask,0.0,0.4756114184856415,0.6455223017111249,96,61,student_concept_state_buffers
assist_09,37538,self_only,original,1.0,0.8969188928604126,0.10878984145698675,56,,student_concept_state_buffers
assist_09,37538,self_only,target_concept_mask,1.0,0.9258355498313904,0.07705865208202009,56,56,student_concept_state_buffers
assist_09,37538,self_only,random_history_mask,1.0,0.8969188928604126,0.10878984145698675,56,37,student_concept_state_buffers
assist_09,37550,self_only,original,0.0,0.3591872751712799,0.4450180257024278,97,,student_concept_state_buffers
assist_09,37550,self_only,target_concept_mask,0.0,0.5208823680877686,0.7358091336157214,97,97,student_concept_state_buffers
assist_09,37550,self_only,random_history_mask,0.0,0.3591872751712799,0.4450180257024278,97,86,student_concept_state_buffers
assist_09,37599,self_only,original,0.0,0.7950658798217773,1.5850667164768009,98,,student_concept_state_buffers
assist_09,37599,self_only,target_concept_mask,0.0,0.8333529829978943,1.7918773741659348,98,98,student_concept_state_buffers
assist_09,37599,self_only,random_history_mask,0.0,0.7950658798217773,1.5850667164768009,98,30,student_concept_state_buffers
assist_09,37629,self_only,original,1.0,0.6669859886169434,0.4049862398584538,48,,student_concept_state_buffers
assist_09,37629,self_only,target_concept_mask,1.0,0.5476047992706299,0.602201421415909,48,48,student_concept_state_buffers
assist_09,37629,self_only,random_history_mask,1.0,0.6669859886169434,0.4049862398584538,48,1,student_concept_state_buffers
assist_09,37698,self_only,original,1.0,0.7666380405426025,0.26574050485279427,82,,student_concept_state_buffers
assist_09,37698,self_only,target_concept_mask,1.0,0.8133289217948914,0.2066196734003838,82,82,student_concept_state_buffers
assist_09,37698,self_only,random_history_mask,1.0,0.7666380405426025,0.26574050485279427,82,,student_concept_state_buffers
assist_09,37755,self_only,original,1.0,0.614826500415802,0.4864151641220557,82,,student_concept_state_buffers
assist_09,37755,self_only,target_concept_mask,1.0,0.8557428121566772,0.15578540107346076,82,82,student_concept_state_buffers
assist_09,37755,self_only,random_history_mask,1.0,0.614826500415802,0.4864151641220557,82,,student_concept_state_buffers
assist_09,37803,self_only,original,1.0,0.9235531091690063,0.07952697242140376,"5,10",,student_concept_state_buffers
assist_09,37803,self_only,target_concept_mask,1.0,0.9058350920677185,0.09889800709166845,"5,10","5,10",student_concept_state_buffers
assist_09,37803,self_only,random_history_mask,1.0,0.9235531091690063,0.07952697242140376,"5,10","1,44",student_concept_state_buffers
assist_09,37838,self_only,original,1.0,0.7770794034004211,0.2522127415572305,82,,student_concept_state_buffers
assist_09,37838,self_only,target_concept_mask,1.0,0.8693975210189819,0.1399548118014416,82,82,student_concept_state_buffers
assist_09,37838,self_only,random_history_mask,1.0,0.7770794034004211,0.2522127415572305,82,,student_concept_state_buffers
assist_09,37979,self_only,original,1.0,0.7106606960296631,0.34156018385900233,56,,student_concept_state_buffers
assist_09,37979,self_only,target_concept_mask,1.0,0.8103381395339966,0.21030366221144525,56,56,student_concept_state_buffers
assist_09,37979,self_only,random_history_mask,1.0,0.7106606960296631,0.34156018385900233,56,31,student_concept_state_buffers
assist_09,38091,self_only,original,0.0,0.49909505248069763,0.6913389214078082,49,,student_concept_state_buffers
assist_09,38091,self_only,target_concept_mask,0.0,0.5305345058441162,0.756160477910347,49,49,student_concept_state_buffers
assist_09,38091,self_only,random_history_mask,0.0,0.49909505248069763,0.6913389214078082,49,53,student_concept_state_buffers
assist_09,38102,self_only,original,1.0,0.3924725651741028,0.9352886418482262,53,,student_concept_state_buffers
assist_09,38102,self_only,target_concept_mask,1.0,0.63894122838974,0.4479428031854569,53,53,student_concept_state_buffers
assist_09,38102,self_only,random_history_mask,1.0,0.3924725651741028,0.9352886418482262,53,82,student_concept_state_buffers
assist_09,38217,self_only,original,0.0,0.23987732827663422,0.2742754485646556,82,,student_concept_state_buffers
assist_09,38217,self_only,target_concept_mask,0.0,0.5150371193885803,0.7236829257954078,82,82,student_concept_state_buffers
assist_09,38217,self_only,random_history_mask,0.0,0.23987732827663422,0.2742754485646556,82,58,student_concept_state_buffers
assist_09,38235,self_only,original,0.0,0.07264842838048935,0.07542252790571977,79,,student_concept_state_buffers
assist_09,38235,self_only,target_concept_mask,0.0,0.261665940284729,0.30335890135848653,79,79,student_concept_state_buffers
assist_09,38235,self_only,random_history_mask,0.0,0.07264842838048935,0.07542252790571977,79,37,student_concept_state_buffers
assist_09,38273,self_only,original,0.0,0.34760892391204834,0.4271110869187273,42,,student_concept_state_buffers
assist_09,38273,self_only,target_concept_mask,0.0,0.5020012259483337,0.6971576637041563,42,42,student_concept_state_buffers
assist_09,38273,self_only,random_history_mask,0.0,0.34760892391204834,0.4271110869187273,42,45,student_concept_state_buffers
assist_09,38295,self_only,original,1.0,0.6597713828086853,0.41586189365224,81,,student_concept_state_buffers
assist_09,38295,self_only,target_concept_mask,1.0,0.8675919771194458,0.1420337472835084,81,81,student_concept_state_buffers
assist_09,38295,self_only,random_history_mask,1.0,0.6597713828086853,0.41586189365224,81,30,student_concept_state_buffers
assist_09,38513,self_only,original,0.0,0.6744269728660583,1.1221684887829375,42,,student_concept_state_buffers
assist_09,38513,self_only,target_concept_mask,0.0,0.7080883979797363,1.2313042553539981,42,42,student_concept_state_buffers
assist_09,38513,self_only,random_history_mask,0.0,0.6744269728660583,1.1221684887829375,42,93,student_concept_state_buffers
assist_09,38710,self_only,original,1.0,0.4959077537059784,0.7013653499852097,38,,student_concept_state_buffers
assist_09,38710,self_only,target_concept_mask,1.0,0.6002421379089355,0.5104221419941503,38,38,student_concept_state_buffers
assist_09,38710,self_only,random_history_mask,1.0,0.4959077537059784,0.7013653499852097,38,78,student_concept_state_buffers
assist_09,38838,self_only,original,0.0,0.3897130787372589,0.4938260696748463,82,,student_concept_state_buffers
assist_09,38838,self_only,target_concept_mask,0.0,0.6085479259490967,0.9378921872621165,82,82,student_concept_state_buffers
assist_09,38838,self_only,random_history_mask,0.0,0.3897130787372589,0.4938260696748463,82,80,student_concept_state_buffers
assist_09,38862,self_only,original,1.0,0.5518045425415039,0.5945613850082909,80,,student_concept_state_buffers
assist_09,38862,self_only,target_concept_mask,1.0,0.6887688040733337,0.37284961714783105,80,80,student_concept_state_buffers
assist_09,38862,self_only,random_history_mask,1.0,0.5518045425415039,0.5945613850082909,80,42,student_concept_state_buffers
assist_09,39055,self_only,original,1.0,0.5876472592353821,0.5316284103546214,48,,student_concept_state_buffers
assist_09,39055,self_only,target_concept_mask,1.0,0.6031956076622009,0.5055137440420231,48,48,student_concept_state_buffers
assist_09,39055,self_only,random_history_mask,1.0,0.5876472592353821,0.5316284103546214,48,78,student_concept_state_buffers
assist_09,39069,self_only,original,1.0,0.7116697430610657,0.3401413191944309,80,,student_concept_state_buffers
assist_09,39069,self_only,target_concept_mask,1.0,0.8746811151504517,0.13389589887691095,80,80,student_concept_state_buffers
assist_09,39069,self_only,random_history_mask,1.0,0.7116697430610657,0.3401413191944309,80,82,student_concept_state_buffers
assist_09,39332,self_only,original,0.0,0.0283476784825325,0.02875723242149495,"45,58",,student_concept_state_buffers
assist_09,39332,self_only,target_concept_mask,0.0,0.10701792687177658,0.11318877319154946,"45,58","45,58",student_concept_state_buffers
assist_09,39332,self_only,random_history_mask,0.0,0.0283476784825325,0.02875723242149495,"45,58","18,96",student_concept_state_buffers
assist_09,39407,self_only,original,0.0,0.01718233712017536,0.017331666498413858,81,,student_concept_state_buffers
assist_09,39407,self_only,target_concept_mask,0.0,0.09221044927835464,0.09674269957719149,81,81,student_concept_state_buffers
assist_09,39407,self_only,random_history_mask,0.0,0.01718233712017536,0.017331666498413858,81,14,student_concept_state_buffers
assist_09,39516,self_only,original,0.0,0.07495354115962982,0.07791131695761061,96,,student_concept_state_buffers
assist_09,39516,self_only,target_concept_mask,0.0,0.3076428771018982,0.367653382932455,96,96,student_concept_state_buffers
assist_09,39516,self_only,random_history_mask,0.0,0.07495354115962982,0.07791131695761061,96,37,student_concept_state_buffers
assist_09,39595,self_only,original,1.0,0.7872319221496582,0.2392323825550309,49,,student_concept_state_buffers
assist_09,39595,self_only,target_concept_mask,1.0,0.8264548778533936,0.19060995746014606,49,49,student_concept_state_buffers
assist_09,39595,self_only,random_history_mask,1.0,0.7872319221496582,0.2392323825550309,49,2,student_concept_state_buffers
assist_09,39868,self_only,original,1.0,0.7232022285461426,0.32406638840153074,32,,student_concept_state_buffers
assist_09,39868,self_only,target_concept_mask,1.0,0.6908217668533325,0.3698734235746874,32,32,student_concept_state_buffers
assist_09,39868,self_only,random_history_mask,1.0,0.7232022285461426,0.32406638840153074,32,99,student_concept_state_buffers
assist_09,39882,self_only,original,0.0,0.061913810670375824,0.0639134479182809,82,,student_concept_state_buffers
assist_09,39882,self_only,target_concept_mask,0.0,0.4216127395629883,0.5475116339039862,82,82,student_concept_state_buffers
assist_09,39882,self_only,random_history_mask,0.0,0.061913810670375824,0.0639134479182809,82,80,student_concept_state_buffers
assist_09,39962,self_only,original,1.0,0.6947466731071472,0.3642079989897052,20,,student_concept_state_buffers
assist_09,39962,self_only,target_concept_mask,1.0,0.8230188488960266,0.19477617589901025,20,20,student_concept_state_buffers
assist_09,39962,self_only,random_history_mask,1.0,0.6947466731071472,0.3642079989897052,20,99,student_concept_state_buffers
assist_09,40039,self_only,original,1.0,0.5069875121116638,0.6792689066377644,29,,student_concept_state_buffers
assist_09,40039,self_only,target_concept_mask,1.0,0.6710338592529297,0.398935682399912,29,29,student_concept_state_buffers
assist_09,40039,self_only,random_history_mask,1.0,0.5069875121116638,0.6792689066377644,29,12,student_concept_state_buffers
assist_09,40135,self_only,original,1.0,0.2743937373161316,1.2931912065828002,8,,student_concept_state_buffers
assist_09,40135,self_only,target_concept_mask,1.0,0.29201579093933105,1.2309473996166949,8,8,student_concept_state_buffers
assist_09,40135,self_only,random_history_mask,1.0,0.2743937373161316,1.2931912065828002,8,45,student_concept_state_buffers
assist_09,40431,self_only,original,1.0,0.2712690234184265,1.3046442441684685,79,,student_concept_state_buffers
assist_09,40431,self_only,target_concept_mask,1.0,0.5481144785881042,0.6012711113181803,79,79,student_concept_state_buffers
assist_09,40431,self_only,random_history_mask,1.0,0.2712690234184265,1.3046442441684685,79,30,student_concept_state_buffers
assist_09,40560,self_only,original,0.0,0.9280846118927002,2.6322650161905194,81,,student_concept_state_buffers
assist_09,40560,self_only,target_concept_mask,0.0,0.9184303879737854,2.506298488010313,81,81,student_concept_state_buffers
assist_09,40560,self_only,random_history_mask,0.0,0.9280846118927002,2.6322650161905194,81,55,student_concept_state_buffers
assist_09,40562,self_only,original,1.0,0.8942095041275024,0.11181518660140817,81,,student_concept_state_buffers
assist_09,40562,self_only,target_concept_mask,1.0,0.8802798986434937,0.12751535544202172,81,81,student_concept_state_buffers
assist_09,40562,self_only,random_history_mask,1.0,0.8942095041275024,0.11181518660140817,81,45,student_concept_state_buffers
assist_09,40615,self_only,original,0.0,0.025573216378688812,0.025905895108182156,82,,student_concept_state_buffers
assist_09,40615,self_only,target_concept_mask,0.0,0.10647657513618469,0.11258272775505926,82,82,student_concept_state_buffers
assist_09,40615,self_only,random_history_mask,0.0,0.025573216378688812,0.025905895108182156,82,11,student_concept_state_buffers
assist_09,40748,self_only,original,1.0,0.8446359038352966,0.16884962751688468,14,,student_concept_state_buffers
assist_09,40748,self_only,target_concept_mask,1.0,0.8125209212303162,0.20761361590320665,14,14,student_concept_state_buffers
assist_09,40748,self_only,random_history_mask,1.0,0.8446359038352966,0.16884962751688468,14,13,student_concept_state_buffers
assist_09,40815,self_only,original,0.0,0.18788191676139832,0.2081095266856785,44,,student_concept_state_buffers
assist_09,40815,self_only,target_concept_mask,0.0,0.47008612751960754,0.6350407903952742,44,44,student_concept_state_buffers
assist_09,40815,self_only,random_history_mask,0.0,0.18788191676139832,0.2081095266856785,44,82,student_concept_state_buffers
assist_09,40843,self_only,original,1.0,0.3347182273864746,1.094466213369663,79,,student_concept_state_buffers
assist_09,40843,self_only,target_concept_mask,1.0,0.3093411326408386,1.1733106219033225,79,79,student_concept_state_buffers
assist_09,40843,self_only,random_history_mask,1.0,0.3347182273864746,1.094466213369663,79,34,student_concept_state_buffers
assist_09,40941,self_only,original,1.0,0.34041154384613037,1.0775999702664847,14,,student_concept_state_buffers
assist_09,40941,self_only,target_concept_mask,1.0,0.5103923082351685,0.6725756171372738,14,14,student_concept_state_buffers
assist_09,40941,self_only,random_history_mask,1.0,0.34041154384613037,1.0775999702664847,14,13,student_concept_state_buffers
assist_09,41139,self_only,original,1.0,0.6452383995056152,0.4381354188393062,99,,student_concept_state_buffers
assist_09,41139,self_only,target_concept_mask,1.0,0.8601502180099487,0.15064823288338794,99,99,student_concept_state_buffers
assist_09,41139,self_only,random_history_mask,1.0,0.6452383995056152,0.4381354188393062,99,104,student_concept_state_buffers
assist_09,41351,self_only,original,1.0,0.9921202659606934,0.007910943198262545,30,,student_concept_state_buffers
assist_09,41351,self_only,target_concept_mask,1.0,0.9816083312034607,0.018562898250364175,30,30,student_concept_state_buffers
assist_09,41351,self_only,random_history_mask,1.0,0.9921202659606934,0.007910943198262545,30,33,student_concept_state_buffers
assist_09,41469,self_only,original,1.0,0.8740019798278809,0.13467263807987567,44,,student_concept_state_buffers
assist_09,41469,self_only,target_concept_mask,1.0,0.8456901907920837,0.1676021911827329,44,44,student_concept_state_buffers
assist_09,41469,self_only,random_history_mask,1.0,0.8740019798278809,0.13467263807987567,44,33,student_concept_state_buffers
assist_09,41539,self_only,original,0.0,0.5133386254310608,0.7201867271804014,30,,student_concept_state_buffers
assist_09,41539,self_only,target_concept_mask,0.0,0.657454788684845,1.0713516261517286,30,30,student_concept_state_buffers
assist_09,41539,self_only,random_history_mask,0.0,0.5133386254310608,0.7201867271804014,30,33,student_concept_state_buffers
assist_09,41553,self_only,original,1.0,0.9455652832984924,0.05597234694411105,33,,student_concept_state_buffers
assist_09,41553,self_only,target_concept_mask,1.0,0.9347410202026367,0.06748577180102666,33,33,student_concept_state_buffers
assist_09,41553,self_only,random_history_mask,1.0,0.9455652832984924,0.05597234694411105,33,30,student_concept_state_buffers
assist_09,41631,self_only,original,0.0,0.7383471131324768,1.3407365129072895,30,,student_concept_state_buffers
assist_09,41631,self_only,target_concept_mask,0.0,0.9142118692398071,2.4558746181858333,30,30,student_concept_state_buffers
assist_09,41631,self_only,random_history_mask,0.0,0.7383471131324768,1.3407365129072895,30,108,student_concept_state_buffers
assist_09,41691,self_only,original,1.0,0.9533876180648804,0.04773372343138581,79,,student_concept_state_buffers
assist_09,41691,self_only,target_concept_mask,1.0,0.9290642142295837,0.07357742067380794,79,79,student_concept_state_buffers
assist_09,41691,self_only,random_history_mask,1.0,0.9533876180648804,0.04773372343138581,79,88,student_concept_state_buffers
assist_09,41765,self_only,original,0.0,0.8423929810523987,1.8476505660805258,108,,student_concept_state_buffers
assist_09,41765,self_only,target_concept_mask,0.0,0.8390693664550781,1.8267818543862155,108,108,student_concept_state_buffers
assist_09,41765,self_only,random_history_mask,0.0,0.8423929810523987,1.8476505660805258,108,19,student_concept_state_buffers
assist_09,42034,self_only,original,1.0,0.8503134250640869,0.16215026209444008,29,,student_concept_state_buffers
assist_09,42034,self_only,target_concept_mask,1.0,0.8139542937278748,0.20585106476753495,29,29,student_concept_state_buffers
assist_09,42034,self_only,random_history_mask,1.0,0.8503134250640869,0.16215026209444008,29,14,student_concept_state_buffers
assist_09,42135,self_only,original,1.0,0.43726107478141785,0.8272248371447916,20,,student_concept_state_buffers
assist_09,42135,self_only,target_concept_mask,1.0,0.7402907609939575,0.3007122496947685,20,20,student_concept_state_buffers
assist_09,42135,self_only,random_history_mask,1.0,0.43726107478141785,0.8272248371447916,20,2,student_concept_state_buffers
assist_09,42231,self_only,original,1.0,0.722224235534668,0.32541961277512704,20,,student_concept_state_buffers
assist_09,42231,self_only,target_concept_mask,1.0,0.6858371496200562,0.3771150706624166,20,20,student_concept_state_buffers
assist_09,42231,self_only,random_history_mask,1.0,0.722224235534668,0.32541961277512704,20,8,student_concept_state_buffers
assist_09,42269,self_only,original,1.0,0.7507343292236328,0.2867034458315464,20,,student_concept_state_buffers
assist_09,42269,self_only,target_concept_mask,1.0,0.7134084105491638,0.33770121673917014,20,20,student_concept_state_buffers
assist_09,42269,self_only,random_history_mask,1.0,0.7507343292236328,0.2867034458315464,20,119,student_concept_state_buffers
assist_09,42610,self_only,original,0.0,0.8310719728469849,1.778282529603736,2,,student_concept_state_buffers
assist_09,42610,self_only,target_concept_mask,0.0,0.7551782727241516,1.4072249770706777,2,2,student_concept_state_buffers
assist_09,42610,self_only,random_history_mask,0.0,0.8310719728469849,1.778282529603736,2,58,student_concept_state_buffers
assist_09,42732,self_only,original,1.0,0.7385302186012268,0.3030932589565552,96,,student_concept_state_buffers
assist_09,42732,self_only,target_concept_mask,1.0,0.7116703391075134,0.34014048166240995,96,96,student_concept_state_buffers
assist_09,42732,self_only,random_history_mask,1.0,0.7385302186012268,0.3030932589565552,96,57,student_concept_state_buffers
assist_09,43047,self_only,original,1.0,0.9633126258850098,0.0373772823959002,14,,student_concept_state_buffers
assist_09,43047,self_only,target_concept_mask,1.0,0.9730326533317566,0.027337637922694023,14,14,student_concept_state_buffers
assist_09,43047,self_only,random_history_mask,1.0,0.9633126258850098,0.0373772823959002,14,8,student_concept_state_buffers
assist_09,43397,self_only,original,1.0,0.9116790890693665,0.09246722685113061,38,,student_concept_state_buffers
assist_09,43397,self_only,target_concept_mask,1.0,0.8866767883300781,0.12027475052979474,38,38,student_concept_state_buffers
assist_09,43397,self_only,random_history_mask,1.0,0.9116790890693665,0.09246722685113061,38,98,student_concept_state_buffers
assist_09,43439,self_only,original,0.0,0.49651288986206055,0.6861971676716967,8,,student_concept_state_buffers
assist_09,43439,self_only,target_concept_mask,0.0,0.4847108721733093,0.6630271225961546,8,8,student_concept_state_buffers
assist_09,43439,self_only,random_history_mask,0.0,0.49651288986206055,0.6861971676716967,8,23,student_concept_state_buffers
assist_09,43722,self_only,original,1.0,0.16657336056232452,1.7923194626211438,2,,student_concept_state_buffers
assist_09,43722,self_only,target_concept_mask,1.0,0.6589046716690063,0.41717641098428554,2,2,student_concept_state_buffers
assist_09,43722,self_only,random_history_mask,1.0,0.16657336056232452,1.7923194626211438,2,12,student_concept_state_buffers
assist_09,43997,self_only,original,1.0,0.970611035823822,0.029829471970754126,"5,10",,student_concept_state_buffers
assist_09,43997,self_only,target_concept_mask,1.0,0.9717558026313782,0.02865073794643064,"5,10","5,10",student_concept_state_buffers
assist_09,43997,self_only,random_history_mask,1.0,0.970611035823822,0.029829471970754126,"5,10","16,89",student_concept_state_buffers
assist_09,44339,self_only,original,0.0,0.3893813490867615,0.493282653924733,"22,80",,student_concept_state_buffers
assist_09,44339,self_only,target_concept_mask,0.0,0.4953824281692505,0.68395442009424,"22,80","22,80",student_concept_state_buffers
assist_09,44339,self_only,random_history_mask,0.0,0.3893813490867615,0.493282653924733,"22,80","48,58",student_concept_state_buffers
assist_09,44425,self_only,original,0.0,0.5462485551834106,0.790205709239354,57,,student_concept_state_buffers
assist_09,44425,self_only,target_concept_mask,0.0,0.6797935962677002,1.138789479455544,57,57,student_concept_state_buffers
assist_09,44425,self_only,random_history_mask,0.0,0.5462485551834106,0.790205709239354,57,93,student_concept_state_buffers
assist_09,44510,self_only,original,1.0,0.3140258491039276,1.158279974475122,20,,student_concept_state_buffers
assist_09,44510,self_only,target_concept_mask,1.0,0.6250219345092773,0.46996853464671445,20,20,student_concept_state_buffers
assist_09,44510,self_only,random_history_mask,1.0,0.3140258491039276,1.158279974475122,20,2,student_concept_state_buffers
assist_09,44517,self_only,original,1.0,0.6639699339866638,0.40951841067144623,106,,student_concept_state_buffers
assist_09,44517,self_only,target_concept_mask,1.0,0.8219437003135681,0.19608337737429501,106,106,student_concept_state_buffers
assist_09,44517,self_only,random_history_mask,1.0,0.6639699339866638,0.40951841067144623,106,14,student_concept_state_buffers
assist_09,44573,self_only,original,1.0,0.26615166664123535,1.3236889573456472,93,,student_concept_state_buffers
assist_09,44573,self_only,target_concept_mask,1.0,0.3595008850097656,1.0230386400444675,93,93,student_concept_state_buffers
assist_09,44573,self_only,random_history_mask,1.0,0.26615166664123535,1.3236889573456472,93,38,student_concept_state_buffers
assist_09,44796,self_only,original,0.0,0.33104079961776733,0.40203220668936474,51,,student_concept_state_buffers
assist_09,44796,self_only,target_concept_mask,0.0,0.3882972002029419,0.4915087356686339,51,51,student_concept_state_buffers
assist_09,44796,self_only,random_history_mask,0.0,0.33104079961776733,0.40203220668936474,51,31,student_concept_state_buffers
assist_09,44854,self_only,original,1.0,0.6625359654426575,0.4116804351346556,"45,58",,student_concept_state_buffers
assist_09,44854,self_only,target_concept_mask,1.0,0.6913774609565735,0.3690693511631278,"45,58","45,58",student_concept_state_buffers
assist_09,44854,self_only,random_history_mask,1.0,0.6625359654426575,0.4116804351346556,"45,58","17,79",student_concept_state_buffers
assist_09,45040,self_only,original,0.0,0.20538398623466492,0.2298962825636664,"12,13",,student_concept_state_buffers
assist_09,45040,self_only,target_concept_mask,0.0,0.4442695677280426,0.5874719363448243,"12,13","12,13",student_concept_state_buffers
assist_09,45040,self_only,random_history_mask,0.0,0.20538398623466492,0.2298962825636664,"12,13","26,83",student_concept_state_buffers
assist_09,45177,self_only,original,0.0,0.3578641712665558,0.44295542643431907,20,,student_concept_state_buffers
assist_09,45177,self_only,target_concept_mask,0.0,0.7565140724182129,1.4126961304014518,20,20,student_concept_state_buffers
assist_09,45177,self_only,random_history_mask,0.0,0.3578641712665558,0.44295542643431907,20,93,student_concept_state_buffers
assist_09,45428,self_only,original,0.0,0.16069313883781433,0.17517889306416265,48,,student_concept_state_buffers
assist_09,45428,self_only,target_concept_mask,0.0,0.5785115361213684,0.8639628711232366,48,48,student_concept_state_buffers
assist_09,45428,self_only,random_history_mask,0.0,0.16069313883781433,0.17517889306416265,48,16,student_concept_state_buffers
assist_09,45670,self_only,original,1.0,0.9598411917686462,0.04098743344551298,98,,student_concept_state_buffers
assist_09,45670,self_only,target_concept_mask,1.0,0.9780915379524231,0.022152016238886723,98,98,student_concept_state_buffers
assist_09,45670,self_only,random_history_mask,1.0,0.9598411917686462,0.04098743344551298,98,63,student_concept_state_buffers
assist_09,45717,self_only,original,1.0,0.08485165238380432,2.466850813315866,91,,student_concept_state_buffers
assist_09,45717,self_only,target_concept_mask,1.0,0.08607903122901917,2.4524894369417147,91,91,student_concept_state_buffers
assist_09,45717,self_only,random_history_mask,1.0,0.08485165238380432,2.466850813315866,91,0,student_concept_state_buffers
assist_09,46219,self_only,original,1.0,0.9019153118133545,0.10323465266957264,89,,student_concept_state_buffers
assist_09,46219,self_only,target_concept_mask,1.0,0.9352919459342957,0.06689655678976837,89,89,student_concept_state_buffers
assist_09,46219,self_only,random_history_mask,1.0,0.9019153118133545,0.10323465266957264,89,81,student_concept_state_buffers
assist_09,46390,self_only,original,1.0,0.48436957597732544,0.7249070769195194,119,,student_concept_state_buffers
assist_09,46390,self_only,target_concept_mask,1.0,0.5427691340446472,0.6110712169627861,119,119,student_concept_state_buffers
assist_09,46390,self_only,random_history_mask,1.0,0.48436957597732544,0.7249070769195194,119,94,student_concept_state_buffers
assist_09,46402,self_only,original,0.0,0.6970823407173157,1.1942942619462051,"45,58",,student_concept_state_buffers
assist_09,46402,self_only,target_concept_mask,0.0,0.6591971516609192,1.0764511262594354,"45,58","45,58",student_concept_state_buffers
assist_09,46402,self_only,random_history_mask,0.0,0.6970823407173157,1.1942942619462051,"45,58","79,85",student_concept_state_buffers
assist_09,46592,self_only,original,1.0,0.7257968187332153,0.3204851673304151,9,,student_concept_state_buffers
assist_09,46592,self_only,target_concept_mask,1.0,0.833509087562561,0.18211067395623015,9,9,student_concept_state_buffers
assist_09,46592,self_only,random_history_mask,1.0,0.7257968187332153,0.3204851673304151,9,8,student_concept_state_buffers
assist_09,46684,self_only,original,0.0,0.6735900044441223,1.119601032721748,38,,student_concept_state_buffers
assist_09,46684,self_only,target_concept_mask,0.0,0.6289690732955933,0.9914698594597496,38,38,student_concept_state_buffers
assist_09,46684,self_only,random_history_mask,0.0,0.6735900044441223,1.119601032721748,38,0,student_concept_state_buffers
assist_09,46715,self_only,original,1.0,0.8433870077133179,0.17032934244410727,"6,40",,student_concept_state_buffers
assist_09,46715,self_only,target_concept_mask,1.0,0.8928471803665161,0.11333984335875595,"6,40","6,40",student_concept_state_buffers
assist_09,46715,self_only,random_history_mask,1.0,0.8433870077133179,0.17032934244410727,"6,40","22,59",student_concept_state_buffers
assist_09,46946,self_only,original,1.0,0.41943758726119995,0.8688405430203093,99,,student_concept_state_buffers
assist_09,46946,self_only,target_concept_mask,1.0,0.6642107367515564,0.4091558052325383,99,99,student_concept_state_buffers
assist_09,46946,self_only,random_history_mask,1.0,0.41943758726119995,0.8688405430203093,99,94,student_concept_state_buffers
assist_09,47007,self_only,original,1.0,0.805462121963501,0.21633910172466123,20,,student_concept_state_buffers
assist_09,47007,self_only,target_concept_mask,1.0,0.7957819700241089,0.22843003766201742,20,20,student_concept_state_buffers
assist_09,47007,self_only,random_history_mask,1.0,0.805462121963501,0.21633910172466123,20,22,student_concept_state_buffers
assist_09,47113,self_only,original,0.0,0.5674777626991272,0.8381215382073847,2,,student_concept_state_buffers
assist_09,47113,self_only,target_concept_mask,0.0,0.7471613883972168,1.3750038926018517,2,2,student_concept_state_buffers
assist_09,47113,self_only,random_history_mask,0.0,0.5674777626991272,0.8381215382073847,2,11,student_concept_state_buffers
assist_09,47145,self_only,original,1.0,0.8641860485076904,0.14596719943816447,25,,student_concept_state_buffers
assist_09,47145,self_only,target_concept_mask,1.0,0.8527607321739197,0.15927627239298492,25,25,student_concept_state_buffers
assist_09,47145,self_only,random_history_mask,1.0,0.8641860485076904,0.14596719943816447,25,14,student_concept_state_buffers
assist_09,47284,self_only,original,1.0,0.9471597075462341,0.05428755424299987,98,,student_concept_state_buffers
assist_09,47284,self_only,target_concept_mask,1.0,0.9656079411506653,0.034997385174362926,98,98,student_concept_state_buffers
assist_09,47284,self_only,random_history_mask,1.0,0.9471597075462341,0.05428755424299987,98,32,student_concept_state_buffers
assist_09,47289,self_only,original,1.0,0.9644360542297363,0.03621174823318111,14,,student_concept_state_buffers
assist_09,47289,self_only,target_concept_mask,1.0,0.9709817171096802,0.02944763979734727,14,14,student_concept_state_buffers
assist_09,47289,self_only,random_history_mask,1.0,0.9644360542297363,0.03621174823318111,14,10,student_concept_state_buffers
assist_09,47545,self_only,original,1.0,0.2446516454219818,1.4079199356535093,103,,student_concept_state_buffers
assist_09,47545,self_only,target_concept_mask,1.0,0.3432629406452179,1.0692585346944627,103,103,student_concept_state_buffers
assist_09,47545,self_only,random_history_mask,1.0,0.2446516454219818,1.4079199356535093,103,38,student_concept_state_buffers
assist_09,47558,self_only,original,1.0,0.32894888520240784,1.1118529044134413,106,,student_concept_state_buffers
assist_09,47558,self_only,target_concept_mask,1.0,0.4707912802696228,0.7533404248600929,106,106,student_concept_state_buffers
assist_09,47558,self_only,random_history_mask,1.0,0.32894888520240784,1.1118529044134413,106,42,student_concept_state_buffers
assist_09,47625,self_only,original,0.0,0.42914485931396484,0.560619795581902,96,,student_concept_state_buffers
assist_09,47625,self_only,target_concept_mask,0.0,0.6540623903274536,1.061496839049287,96,96,student_concept_state_buffers
assist_09,47625,self_only,random_history_mask,0.0,0.42914485931396484,0.560619795581902,96,104,student_concept_state_buffers
assist_09,47689,self_only,original,0.0,0.6486192345619202,1.045884841670688,49,,student_concept_state_buffers
assist_09,47689,self_only,target_concept_mask,0.0,0.8394957780838013,1.8294350319842072,49,49,student_concept_state_buffers
assist_09,47689,self_only,random_history_mask,0.0,0.6486192345619202,1.045884841670688,49,15,student_concept_state_buffers
assist_09,47717,self_only,original,1.0,0.6265794634819031,0.4674796755273103,59,,student_concept_state_buffers
assist_09,47717,self_only,target_concept_mask,1.0,0.7999405860900879,0.22321782145955885,59,59,student_concept_state_buffers
assist_09,47717,self_only,random_history_mask,1.0,0.6265794634819031,0.4674796755273103,59,79,student_concept_state_buffers
assist_09,47824,self_only,original,1.0,0.7483888268470764,0.2898326140802364,"12,13",,student_concept_state_buffers
assist_09,47824,self_only,target_concept_mask,1.0,0.7359623908996582,0.3065762608799922,"12,13","12,13",student_concept_state_buffers
assist_09,47824,self_only,random_history_mask,1.0,0.7483888268470764,0.2898326140802364,"12,13","16,89",student_concept_state_buffers
assist_09,47874,self_only,original,1.0,0.30349892377853394,1.1923772145233558,63,,student_concept_state_buffers
assist_09,47874,self_only,target_concept_mask,1.0,0.4105522036552429,0.8902521872732562,63,63,student_concept_state_buffers
assist_09,47874,self_only,random_history_mask,1.0,0.30349892377853394,1.1923772145233558,63,30,student_concept_state_buffers
assist_09,47890,self_only,original,1.0,0.9169461131095886,0.08670657278214647,104,,student_concept_state_buffers
assist_09,47890,self_only,target_concept_mask,1.0,0.9013276696205139,0.10388641421218572,104,104,student_concept_state_buffers
assist_09,47890,self_only,random_history_mask,1.0,0.9169461131095886,0.08670657278214647,104,61,student_concept_state_buffers
assist_09,47915,self_only,original,1.0,0.6756154894828796,0.3921311673088256,98,,student_concept_state_buffers
assist_09,47915,self_only,target_concept_mask,1.0,0.6637303829193115,0.40987926178656825,98,98,student_concept_state_buffers
assist_09,47915,self_only,random_history_mask,1.0,0.6756154894828796,0.3921311673088256,98,25,student_concept_state_buffers
assist_09,48164,self_only,original,0.0,0.5902632474899292,0.8922403925457121,49,,student_concept_state_buffers
assist_09,48164,self_only,target_concept_mask,0.0,0.8483567833900452,1.8862247764120845,49,49,student_concept_state_buffers
assist_09,48164,self_only,random_history_mask,0.0,0.5902632474899292,0.8922403925457121,49,104,student_concept_state_buffers
assist_09,48510,self_only,original,0.0,0.12192904204130173,0.13002787089198337,86,,student_concept_state_buffers
assist_09,48510,self_only,target_concept_mask,0.0,0.5025984644889832,0.698357660542775,86,86,student_concept_state_buffers
assist_09,48510,self_only,random_history_mask,0.0,0.12192904204130173,0.13002787089198337,86,25,student_concept_state_buffers
assist_09,48540,self_only,original,0.0,0.5901362895965576,0.8919305881955883,99,,student_concept_state_buffers
assist_09,48540,self_only,target_concept_mask,0.0,0.7706931233406067,1.4726940997755806,99,99,student_concept_state_buffers
assist_09,48540,self_only,random_history_mask,0.0,0.5901362895965576,0.8919305881955883,99,49,student_concept_state_buffers
assist_09,48564,self_only,original,1.0,0.3139098882675171,1.1586493143002898,95,,student_concept_state_buffers
assist_09,48564,self_only,target_concept_mask,1.0,0.7350568175315857,0.3078074799929429,95,95,student_concept_state_buffers
assist_09,48564,self_only,random_history_mask,1.0,0.3139098882675171,1.1586493143002898,95,34,student_concept_state_buffers
assist_09,48597,self_only,original,1.0,0.9502338171005249,0.051047201407201724,98,,student_concept_state_buffers
assist_09,48597,self_only,target_concept_mask,1.0,0.9807257056236267,0.019462465421691482,98,98,student_concept_state_buffers
assist_09,48597,self_only,random_history_mask,1.0,0.9502338171005249,0.051047201407201724,98,61,student_concept_state_buffers
assist_09,48606,self_only,original,1.0,0.24338498711585999,1.4131107802165308,95,,student_concept_state_buffers
assist_09,48606,self_only,target_concept_mask,1.0,0.6418659090995789,0.4433758614382419,95,95,student_concept_state_buffers
assist_09,48606,self_only,random_history_mask,1.0,0.24338498711585999,1.4131107802165308,95,34,student_concept_state_buffers
assist_09,48710,self_only,original,1.0,0.5181102156639099,0.6575672878033607,"0,9",,student_concept_state_buffers
assist_09,48710,self_only,target_concept_mask,1.0,0.6504639983177185,0.4300693271918648,"0,9","0,9",student_concept_state_buffers
assist_09,48710,self_only,random_history_mask,1.0,0.5181102156639099,0.6575672878033607,"0,9","31,66",student_concept_state_buffers
assist_09,49029,self_only,original,1.0,0.84383624792099,0.1697968222612706,"6,9",,student_concept_state_buffers
assist_09,49029,self_only,target_concept_mask,1.0,0.7485633492469788,0.2895994437712845,"6,9","6,9",student_concept_state_buffers
assist_09,49029,self_only,random_history_mask,1.0,0.84383624792099,0.1697968222612706,"6,9","3,45",student_concept_state_buffers
assist_09,49110,self_only,original,1.0,0.8639711737632751,0.14621587443457507,99,,student_concept_state_buffers
assist_09,49110,self_only,target_concept_mask,1.0,0.8769349455833435,0.13132246771553052,99,99,student_concept_state_buffers
assist_09,49110,self_only,random_history_mask,1.0,0.8639711737632751,0.14621587443457507,99,7,student_concept_state_buffers
assist_09,49137,self_only,original,1.0,0.8297293186187744,0.18665575352693992,98,,student_concept_state_buffers
assist_09,49137,self_only,target_concept_mask,1.0,0.8129053115844727,0.2071406441330186,98,98,student_concept_state_buffers
assist_09,49137,self_only,random_history_mask,1.0,0.8297293186187744,0.18665575352693992,98,89,student_concept_state_buffers
assist_09,49185,self_only,original,1.0,0.9164880514144897,0.08720624897831726,98,,student_concept_state_buffers
assist_09,49185,self_only,target_concept_mask,1.0,0.8488049507141113,0.1639258590955663,98,98,student_concept_state_buffers
assist_09,49185,self_only,random_history_mask,1.0,0.9164880514144897,0.08720624897831726,98,13,student_concept_state_buffers
assist_09,49371,self_only,original,1.0,0.6486287713050842,0.4328947270038182,51,,student_concept_state_buffers
assist_09,49371,self_only,target_concept_mask,1.0,0.6447415351867676,0.4389057631370062,51,51,student_concept_state_buffers
assist_09,49371,self_only,random_history_mask,1.0,0.6486287713050842,0.4328947270038182,51,5,student_concept_state_buffers
assist_09,49571,self_only,original,1.0,0.9425138831138611,0.05920462967417568,"6,14",,student_concept_state_buffers
assist_09,49571,self_only,target_concept_mask,1.0,0.933695912361145,0.06860446939501215,"6,14","6,14",student_concept_state_buffers
assist_09,49571,self_only,random_history_mask,1.0,0.9425138831138611,0.05920462967417568,"6,14","78,80",student_concept_state_buffers
assist_09,49834,self_only,original,0.0,0.8406893610954285,1.8368992789567435,7,,student_concept_state_buffers
assist_09,49834,self_only,target_concept_mask,0.0,0.8690542578697205,2.0329722237897356,7,7,student_concept_state_buffers
assist_09,49834,self_only,random_history_mask,0.0,0.8406893610954285,1.8368992789567435,7,99,student_concept_state_buffers
assist_09,49911,self_only,original,1.0,0.6780012845993042,0.38860609635429716,20,,student_concept_state_buffers
assist_09,49911,self_only,target_concept_mask,1.0,0.7245692610740662,0.32217792334472417,20,20,student_concept_state_buffers
assist_09,49911,self_only,random_history_mask,1.0,0.6780012845993042,0.38860609635429716,20,22,student_concept_state_buffers
assist_09,50103,self_only,original,1.0,0.6622051000595093,0.41217995220805814,38,,student_concept_state_buffers
assist_09,50103,self_only,target_concept_mask,1.0,0.6574382185935974,0.4194044834613232,38,38,student_concept_state_buffers
assist_09,50103,self_only,random_history_mask,1.0,0.6622051000595093,0.41217995220805814,38,2,student_concept_state_buffers
assist_09,50313,self_only,original,1.0,0.9523459672927856,0.04882689918672956,"5,10",,student_concept_state_buffers
assist_09,50313,self_only,target_concept_mask,1.0,0.9462278485298157,0.05527188424841088,"5,10","5,10",student_concept_state_buffers
assist_09,50313,self_only,random_history_mask,1.0,0.9523459672927856,0.04882689918672956,"5,10","8,44",student_concept_state_buffers
assist_09,50314,self_only,original,1.0,0.9678884744644165,0.0326384106731586,98,,student_concept_state_buffers
assist_09,50314,self_only,target_concept_mask,1.0,0.9749550819396973,0.025363878850974658,98,98,student_concept_state_buffers
assist_09,50314,self_only,random_history_mask,1.0,0.9678884744644165,0.0326384106731586,98,33,student_concept_state_buffers
assist_09,50461,self_only,original,1.0,0.8165127038955688,0.2027128077268651,20,,student_concept_state_buffers
assist_09,50461,self_only,target_concept_mask,1.0,0.8686735033988953,0.14078793962164407,20,20,student_concept_state_buffers
assist_09,50461,self_only,random_history_mask,1.0,0.8165127038955688,0.2027128077268651,20,45,student_concept_state_buffers
assist_09,50508,self_only,original,1.0,0.5551232099533081,0.588565189958167,"6,8",,student_concept_state_buffers
assist_09,50508,self_only,target_concept_mask,1.0,0.6634199023246765,0.4103471524297778,"6,8","6,8",student_concept_state_buffers
assist_09,50508,self_only,random_history_mask,1.0,0.5551232099533081,0.588565189958167,"6,8","59,63",student_concept_state_buffers
assist_09,50529,self_only,original,1.0,0.8743607401847839,0.13426224227603947,"6,14",,student_concept_state_buffers
assist_09,50529,self_only,target_concept_mask,1.0,0.9154465198516846,0.08834333290190612,"6,14","6,14",student_concept_state_buffers
assist_09,50529,self_only,random_history_mask,1.0,0.8743607401847839,0.13426224227603947,"6,14","18,22",student_concept_state_buffers
assist_09,50630,self_only,original,1.0,0.8505718111991882,0.1618464366139431,"32,33",,student_concept_state_buffers
assist_09,50630,self_only,target_concept_mask,1.0,0.7817095518112183,0.24627202455045305,"32,33","32,33",student_concept_state_buffers
assist_09,50630,self_only,random_history_mask,1.0,0.8505718111991882,0.1618464366139431,"32,33","2,95",student_concept_state_buffers
assist_09,50754,self_only,original,1.0,0.8470577001571655,0.1659864636784868,"45,58",,student_concept_state_buffers
assist_09,50754,self_only,target_concept_mask,1.0,0.8173025846481323,0.20174589204228052,"45,58","45,58",student_concept_state_buffers
assist_09,50754,self_only,random_history_mask,1.0,0.8470577001571655,0.1659864636784868,"45,58","6,29",student_concept_state_buffers
assist_09,50803,self_only,original,0.0,0.09754697978496552,0.10263864529341479,91,,student_concept_state_buffers
assist_09,50803,self_only,target_concept_mask,0.0,0.07463569939136505,0.0775677805079141,91,91,student_concept_state_buffers
assist_09,50803,self_only,random_history_mask,0.0,0.09754697978496552,0.10263864529341479,91,10,student_concept_state_buffers
assist_09,50836,self_only,original,1.0,0.8925825953483582,0.1136362258025727,33,,student_concept_state_buffers
assist_09,50836,self_only,target_concept_mask,1.0,0.9019737839698792,0.10316982367683487,33,33,student_concept_state_buffers
assist_09,50836,self_only,random_history_mask,1.0,0.8925825953483582,0.1136362258025727,33,79,student_concept_state_buffers
assist_09,50881,self_only,original,1.0,0.7055550813674927,0.34877043650941436,89,,student_concept_state_buffers
assist_09,50881,self_only,target_concept_mask,1.0,0.6863667368888855,0.37634319222608525,89,89,student_concept_state_buffers
assist_09,50881,self_only,random_history_mask,1.0,0.7055550813674927,0.34877043650941436,89,24,student_concept_state_buffers
assist_09,51013,self_only,original,1.0,0.8457298278808594,0.16755532276643734,96,,student_concept_state_buffers
assist_09,51013,self_only,target_concept_mask,1.0,0.8271890878677368,0.18972196696423727,96,96,student_concept_state_buffers
assist_09,51013,self_only,random_history_mask,1.0,0.8457298278808594,0.16755532276643734,96,81,student_concept_state_buffers
assist_09,51041,self_only,original,1.0,0.9282618761062622,0.07444139192517284,"32,33",,student_concept_state_buffers
assist_09,51041,self_only,target_concept_mask,1.0,0.9179250001907349,0.08563959083783605,"32,33","32,33",student_concept_state_buffers
assist_09,51041,self_only,random_history_mask,1.0,0.9282618761062622,0.07444139192517284,"32,33","82,93",student_concept_state_buffers
